# PCChua Data Acquisition and Control Software
# Date: Fri Aug 29 07:16:54 1997
# 
# Experiment: Chua's Circuit Perturbation.
#
# Ts = 10.00 ms
#
# Columns (10): 
# (time)  (x  y  z)  (xref  yref  zref)  (ux  uy  uz)

0.000019 2.251e+00 -1.562e-01 -4.495e-04 6.072e-07 6.072e-07 6.072e-04 -1.221e-06 -1.221e-06 1.961e-02
0.010234 2.305e+00 -1.123e-01 -3.882e-04 2.998e-04 2.998e-04 2.998e-01 2.991e-04 2.991e-04 3.333e-01
0.020241 2.378e+00 -5.371e-02 -3.123e-04 4.778e-04 4.778e-04 4.778e-01 4.774e-04 4.774e-04 4.902e-01
0.030234 2.446e+00 2.930e-02 -2.306e-04 4.732e-04 4.732e-04 4.732e-01 4.725e-04 4.725e-04 4.902e-01
0.040234 2.534e+00 8.789e-02 -1.693e-04 2.879e-04 2.879e-04 2.879e-01 2.869e-04 2.869e-04 2.941e-01
0.050234 2.598e+00 1.562e-01 -1.664e-04 -7.351e-06 -7.351e-06 -7.351e-03 -8.547e-06 -8.547e-06 1.961e-02
0.060234 2.700e+00 2.051e-01 -2.101e-04 -2.998e-04 -2.998e-04 -2.998e-01 -3.016e-04 -3.016e-04 -2.941e-01
0.070234 2.754e+00 2.344e-01 -3.240e-04 -4.777e-04 -4.777e-04 -4.777e-01 -4.799e-04 -4.799e-04 -4.510e-01
0.080234 2.842e+00 2.686e-01 -4.611e-04 -4.732e-04 -4.732e-04 -4.732e-01 -4.750e-04 -4.750e-04 -4.510e-01
0.090234 2.910e+00 2.832e-01 -5.604e-04 -2.879e-04 -2.879e-04 -2.879e-01 -2.894e-04 -2.894e-04 -2.549e-01
0.100234 2.983e+00 3.125e-01 -6.363e-04 7.342e-06 7.342e-06 7.342e-03 6.105e-06 6.105e-06 1.961e-02
0.110234 3.081e+00 3.662e-01 -6.654e-04 2.998e-04 2.998e-04 2.998e-01 2.991e-04 2.991e-04 3.333e-01
0.120234 3.184e+00 4.102e-01 -6.596e-04 4.777e-04 4.777e-04 4.777e-01 4.774e-04 4.774e-04 4.902e-01
0.130234 3.311e+00 4.688e-01 -6.392e-04 4.732e-04 4.732e-04 4.732e-01 4.725e-04 4.725e-04 4.902e-01
0.140234 3.438e+00 5.225e-01 -6.479e-04 2.879e-04 2.879e-04 2.879e-01 2.869e-04 2.869e-04 2.941e-01
0.150234 3.540e+00 5.469e-01 -7.005e-04 -7.339e-06 -7.339e-06 -7.339e-03 -8.547e-06 -8.547e-06 1.961e-02
0.160234 3.638e+00 5.908e-01 -8.318e-04 -2.998e-04 -2.998e-04 -2.998e-01 -3.016e-04 -3.016e-04 -2.941e-01
0.170234 3.716e+00 5.908e-01 -9.836e-04 -4.777e-04 -4.777e-04 -4.777e-01 -4.799e-04 -4.799e-04 -4.510e-01
0.180235 3.784e+00 5.957e-01 -1.173e-03 -4.732e-04 -4.732e-04 -4.732e-01 -4.750e-04 -4.750e-04 -4.510e-01
0.190234 3.853e+00 5.957e-01 -1.340e-03 -2.879e-04 -2.879e-04 -2.879e-01 -2.894e-04 -2.894e-04 -2.549e-01
0.200234 3.921e+00 5.762e-01 -1.453e-03 7.340e-06 7.340e-06 7.340e-03 6.105e-06 6.105e-06 1.961e-02
0.210234 4.004e+00 5.957e-01 -1.521e-03 2.998e-04 2.998e-04 2.998e-01 2.991e-04 2.991e-04 3.333e-01
0.220233 4.102e+00 5.957e-01 -1.535e-03 4.777e-04 4.777e-04 4.777e-01 4.774e-04 4.774e-04 4.902e-01
0.230234 4.185e+00 6.152e-01 -1.547e-03 4.732e-04 4.732e-04 4.732e-01 4.725e-04 4.725e-04 4.902e-01
0.240234 4.268e+00 6.348e-01 -1.573e-03 2.879e-04 2.879e-04 2.879e-01 2.869e-04 2.869e-04 2.941e-01
0.250235 4.316e+00 6.299e-01 -1.649e-03 -7.371e-06 -7.371e-06 -7.371e-03 -8.547e-06 -8.547e-06 1.961e-02
0.260234 4.385e+00 6.055e-01 -1.757e-03 -2.998e-04 -2.998e-04 -2.998e-01 -3.016e-04 -3.016e-04 -2.941e-01
0.270233 4.390e+00 5.908e-01 -1.938e-03 -4.777e-04 -4.777e-04 -4.777e-01 -4.799e-04 -4.799e-04 -4.510e-01
0.280234 4.404e+00 5.420e-01 -2.104e-03 -4.732e-04 -4.732e-04 -4.732e-01 -4.750e-04 -4.750e-04 -4.510e-01
0.290234 4.404e+00 4.980e-01 -2.253e-03 -2.879e-04 -2.879e-04 -2.879e-01 -2.894e-04 -2.894e-04 -2.549e-01
0.300234 4.404e+00 4.492e-01 -2.349e-03 7.342e-06 7.342e-06 7.342e-03 6.105e-06 6.105e-06 1.961e-02
0.310235 4.429e+00 4.053e-01 -2.370e-03 2.998e-04 2.998e-04 2.998e-01 2.991e-04 2.991e-04 3.333e-01
0.320235 4.419e+00 3.809e-01 -2.367e-03 4.778e-04 4.778e-04 4.778e-01 4.774e-04 4.774e-04 4.902e-01
0.330234 4.419e+00 3.564e-01 -2.329e-03 4.732e-04 4.732e-04 4.732e-01 4.725e-04 4.725e-04 4.902e-01
0.340234 4.414e+00 3.369e-01 -2.312e-03 2.879e-04 2.879e-04 2.879e-01 2.869e-04 2.869e-04 2.941e-01
0.350234 4.390e+00 2.979e-01 -2.329e-03 -7.341e-06 -7.341e-06 -7.341e-03 -8.547e-06 -8.547e-06 1.961e-02
0.360234 4.336e+00 2.637e-01 -2.396e-03 -2.998e-04 -2.998e-04 -2.998e-01 -3.016e-04 -3.016e-04 -2.941e-01
0.370233 4.277e+00 1.953e-01 -2.498e-03 -4.777e-04 -4.777e-04 -4.777e-01 -4.799e-04 -4.799e-04 -4.510e-01
0.380234 4.209e+00 1.318e-01 -2.603e-03 -4.732e-04 -4.732e-04 -4.732e-01 -4.750e-04 -4.750e-04 -4.510e-01
0.390235 4.136e+00 4.883e-02 -2.668e-03 -2.879e-04 -2.879e-04 -2.879e-01 -2.894e-04 -2.894e-04 -2.549e-01
0.400234 4.033e+00 -9.766e-03 -2.703e-03 7.363e-06 7.363e-06 7.363e-03 6.105e-06 6.105e-06 1.961e-02
0.410234 3.994e+00 -8.301e-02 -2.635e-03 2.998e-04 2.998e-04 2.998e-01 2.991e-04 2.991e-04 3.333e-01
0.420234 3.892e+00 -1.221e-01 -2.548e-03 4.778e-04 4.778e-04 4.778e-01 4.774e-04 4.774e-04 4.902e-01
0.430233 3.833e+00 -1.514e-01 -2.431e-03 4.732e-04 4.732e-04 4.732e-01 4.725e-04 4.725e-04 4.902e-01
0.440235 3.740e+00 -1.709e-01 -2.341e-03 2.879e-04 2.879e-04 2.879e-01 2.869e-04 2.869e-04 2.941e-01
0.450233 3.643e+00 -2.148e-01 -2.271e-03 -7.333e-06 -7.333e-06 -7.333e-03 -8.547e-06 -8.547e-06 1.961e-02
0.460234 3.564e+00 -2.637e-01 -2.244e-03 -2.998e-04 -2.998e-04 -2.998e-01 -3.016e-04 -3.016e-04 -2.941e-01
0.470234 3.423e+00 -3.076e-01 -2.277e-03 -4.777e-04 -4.777e-04 -4.777e-01 -4.799e-04 -4.799e-04 -4.510e-01
0.480235 3.306e+00 -3.760e-01 -2.291e-03 -4.732e-04 -4.732e-04 -4.732e-01 -4.750e-04 -4.750e-04 -4.510e-01
0.490234 3.179e+00 -4.395e-01 -2.291e-03 -2.879e-04 -2.879e-04 -2.879e-01 -2.894e-04 -2.894e-04 -2.549e-01
0.500234 3.057e+00 -4.932e-01 -2.241e-03 7.355e-06 7.355e-06 7.355e-03 6.105e-06 6.105e-06 1.961e-02
0.510233 2.949e+00 -5.225e-01 -2.116e-03 2.998e-04 2.998e-04 2.998e-01 2.991e-04 2.991e-04 3.333e-01
0.520234 2.842e+00 -5.518e-01 -1.941e-03 4.777e-04 4.777e-04 4.777e-01 4.774e-04 4.774e-04 4.902e-01
0.530235 2.754e+00 -5.518e-01 -1.763e-03 4.732e-04 4.732e-04 4.732e-01 4.725e-04 4.725e-04 4.902e-01
0.540234 2.676e+00 -5.713e-01 -1.582e-03 2.879e-04 2.879e-04 2.879e-01 2.869e-04 2.869e-04 2.941e-01
0.550234 2.568e+00 -5.713e-01 -1.468e-03 -7.352e-06 -7.352e-06 -7.352e-03 -8.547e-06 -8.547e-06 1.961e-02
0.560234 2.476e+00 -5.664e-01 -1.407e-03 -2.998e-04 -2.998e-04 -2.998e-01 -3.016e-04 -3.016e-04 -2.941e-01
0.570234 2.373e+00 -5.908e-01 -1.380e-03 -4.777e-04 -4.777e-04 -4.777e-01 -4.799e-04 -4.799e-04 -4.510e-01
0.580234 2.280e+00 -6.152e-01 -1.363e-03 -4.732e-04 -4.732e-04 -4.732e-01 -4.750e-04 -4.750e-04 -4.510e-01
0.590234 2.183e+00 -6.494e-01 -1.313e-03 -2.879e-04 -2.879e-04 -2.879e-01 -2.894e-04 -2.894e-04 -2.549e-01
0.600235 2.095e+00 -6.592e-01 -1.232e-03 7.371e-06 7.371e-06 7.371e-03 6.105e-06 6.105e-06 1.961e-02
0.610234 2.036e+00 -6.494e-01 -1.086e-03 2.998e-04 2.998e-04 2.998e-01 2.991e-04 2.991e-04 3.333e-01
0.620233 1.982e+00 -6.299e-01 -9.077e-04 4.777e-04 4.777e-04 4.777e-01 4.774e-04 4.774e-04 4.902e-01
0.630234 1.943e+00 -5.859e-01 -7.151e-04 4.732e-04 4.732e-04 4.732e-01 4.725e-04 4.725e-04 4.902e-01
0.640235 1.919e+00 -5.371e-01 -5.633e-04 2.879e-04 2.879e-04 2.879e-01 2.869e-04 2.869e-04 2.941e-01
0.650233 1.890e+00 -4.980e-01 -4.495e-04 -7.334e-06 -7.334e-06 -7.334e-03 -8.547e-06 -8.547e-06 1.961e-02
0.660234 1.885e+00 -4.639e-01 -3.969e-04 -2.998e-04 -2.998e-04 -2.998e-01 -3.016e-04 -3.016e-04 -2.941e-01
0.670233 1.865e+00 -4.492e-01 -3.853e-04 -4.777e-04 -4.777e-04 -4.777e-01 -4.799e-04 -4.799e-04 -4.510e-01
0.680235 1.846e+00 -4.199e-01 -4.086e-04 -4.732e-04 -4.732e-04 -4.732e-01 -4.750e-04 -4.750e-04 -4.510e-01
0.690234 1.836e+00 -4.053e-01 -3.998e-04 -2.879e-04 -2.879e-04 -2.879e-01 -2.894e-04 -2.894e-04 -2.549e-01
0.700233 1.826e+00 -3.760e-01 -3.619e-04 7.333e-06 7.333e-06 7.333e-03 6.105e-06 6.105e-06 1.961e-02
0.710235 1.855e+00 -3.271e-01 -2.714e-04 2.998e-04 2.998e-04 2.998e-01 2.991e-04 2.991e-04 3.333e-01
0.720233 1.890e+00 -2.637e-01 -1.576e-04 4.777e-04 4.777e-04 4.777e-01 4.774e-04 4.774e-04 4.902e-01
0.730235 1.968e+00 -1.855e-01 -3.502e-05 4.732e-04 4.732e-04 4.732e-01 4.725e-04 4.725e-04 4.902e-01
0.740234 2.041e+00 -1.074e-01 5.545e-05 2.879e-04 2.879e-04 2.879e-01 2.869e-04 2.869e-04 2.941e-01
0.750234 2.114e+00 -3.418e-02 7.880e-05 -7.339e-06 -7.339e-06 -7.339e-03 -8.547e-06 -8.547e-06 1.961e-02
0.760234 2.197e+00 1.953e-02 7.588e-05 -2.998e-04 -2.998e-04 -2.998e-01 -3.016e-04 -3.016e-04 -2.941e-01
0.770234 2.256e+00 6.348e-02 -8.756e-06 -4.777e-04 -4.777e-04 -4.777e-01 -4.799e-04 -4.799e-04 -4.510e-01
0.780235 2.334e+00 1.025e-01 -1.080e-04 -4.732e-04 -4.732e-04 -4.732e-01 -4.750e-04 -4.750e-04 -4.510e-01
0.790234 2.412e+00 1.367e-01 -1.955e-04 -2.879e-04 -2.879e-04 -2.879e-01 -2.894e-04 -2.894e-04 -2.549e-01
0.800234 2.500e+00 1.758e-01 -2.422e-04 7.358e-06 7.358e-06 7.358e-03 6.105e-06 6.105e-06 1.961e-02
0.810234 2.603e+00 2.441e-01 -2.539e-04 2.998e-04 2.998e-04 2.998e-01 2.991e-04 2.991e-04 3.333e-01
0.820235 2.729e+00 3.076e-01 -2.306e-04 4.778e-04 4.778e-04 4.778e-01 4.774e-04 4.774e-04 4.902e-01
0.830235 2.856e+00 3.809e-01 -1.985e-04 4.732e-04 4.732e-04 4.732e-01 4.725e-04 4.725e-04 4.902e-01
0.840235 2.998e+00 4.590e-01 -2.043e-04 2.879e-04 2.879e-04 2.879e-01 2.869e-04 2.869e-04 2.941e-01
0.850234 3.125e+00 5.127e-01 -2.539e-04 -7.343e-06 -7.343e-06 -7.343e-03 -8.547e-06 -8.547e-06 1.961e-02
0.860234 3.252e+00 5.615e-01 -3.619e-04 -2.998e-04 -2.998e-04 -2.998e-01 -3.016e-04 -3.016e-04 -2.941e-01
0.870234 3.354e+00 5.859e-01 -5.283e-04 -4.777e-04 -4.777e-04 -4.777e-01 -4.799e-04 -4.799e-04 -4.510e-01
0.880234 3.462e+00 6.055e-01 -7.121e-04 -4.732e-04 -4.732e-04 -4.732e-01 -4.750e-04 -4.750e-04 -4.510e-01
0.890234 3.569e+00 6.201e-01 -8.873e-04 -2.879e-04 -2.879e-04 -2.879e-01 -2.894e-04 -2.894e-04 -2.549e-01
0.900233 3.667e+00 6.348e-01 -1.010e-03 7.334e-06 7.334e-06 7.334e-03 6.105e-06 6.105e-06 1.961e-02
0.910234 3.789e+00 6.689e-01 -1.094e-03 2.998e-04 2.998e-04 2.998e-01 2.991e-04 2.991e-04 3.333e-01
0.920234 3.906e+00 6.934e-01 -1.129e-03 4.777e-04 4.777e-04 4.777e-01 4.774e-04 4.774e-04 4.902e-01
0.930234 4.038e+00 7.275e-01 -1.150e-03 4.732e-04 4.732e-04 4.732e-01 4.725e-04 4.725e-04 4.902e-01
0.940234 4.160e+00 7.617e-01 -1.202e-03 2.879e-04 2.879e-04 2.879e-01 2.869e-04 2.869e-04 2.941e-01
0.950234 4.248e+00 7.812e-01 -1.290e-03 -7.341e-06 -7.341e-06 -7.341e-03 -8.547e-06 -8.547e-06 1.961e-02
0.960234 4.341e+00 8.008e-01 -1.459e-03 -2.998e-04 -2.998e-04 -2.998e-01 -3.016e-04 -3.016e-04 -2.941e-01
0.970234 4.409e+00 7.666e-01 -1.643e-03 -4.777e-04 -4.777e-04 -4.777e-01 -4.799e-04 -4.799e-04 -4.510e-01
0.980234 4.468e+00 7.275e-01 -1.839e-03 -4.732e-04 -4.732e-04 -4.732e-01 -4.750e-04 -4.750e-04 -4.510e-01
0.990236 4.521e+00 7.031e-01 -2.026e-03 -2.879e-04 -2.879e-04 -2.879e-01 -2.894e-04 -2.894e-04 -2.549e-01
1.000233 4.561e+00 6.592e-01 -2.151e-03 7.330e-06 7.330e-06 7.330e-03 6.105e-06 6.105e-06 1.961e-02
1.010234 4.609e+00 6.445e-01 -2.227e-03 2.998e-04 2.998e-04 2.998e-01 2.991e-04 2.991e-04 3.333e-01
1.020234 4.658e+00 6.104e-01 -2.241e-03 4.777e-04 4.777e-04 4.777e-01 4.774e-04 4.774e-04 4.902e-01
1.030235 4.683e+00 6.104e-01 -2.256e-03 4.732e-04 4.732e-04 4.732e-01 4.725e-04 4.725e-04 4.902e-01
1.040234 4.717e+00 5.908e-01 -2.279e-03 2.879e-04 2.879e-04 2.879e-01 2.869e-04 2.869e-04 2.941e-01
1.050233 4.722e+00 5.664e-01 -2.341e-03 -7.336e-06 -7.336e-06 -7.336e-03 -8.547e-06 -8.547e-06 1.961e-02
1.060234 4.736e+00 5.225e-01 -2.446e-03 -2.998e-04 -2.998e-04 -2.998e-01 -3.016e-04 -3.016e-04 -2.941e-01
1.070234 4.697e+00 4.492e-01 -2.583e-03 -4.777e-04 -4.777e-04 -4.777e-01 -4.799e-04 -4.799e-04 -4.510e-01
1.080235 4.648e+00 3.809e-01 -2.732e-03 -4.732e-04 -4.732e-04 -4.732e-01 -4.750e-04 -4.750e-04 -4.510e-01
1.090235 4.590e+00 2.930e-01 -2.837e-03 -2.879e-04 -2.879e-04 -2.879e-01 -2.894e-04 -2.894e-04 -2.549e-01
1.100233 4.507e+00 2.197e-01 -2.895e-03 7.331e-06 7.331e-06 7.331e-03 6.105e-06 6.105e-06 1.961e-02
1.110233 4.463e+00 1.562e-01 -2.878e-03 2.998e-04 2.998e-04 2.998e-01 2.991e-04 2.991e-04 3.333e-01
1.120235 4.395e+00 1.123e-01 -2.831e-03 4.778e-04 4.778e-04 4.778e-01 4.774e-04 4.774e-04 4.902e-01
1.130233 4.331e+00 6.836e-02 -2.749e-03 4.732e-04 4.732e-04 4.732e-01 4.725e-04 4.725e-04 4.902e-01
1.140233 4.268e+00 2.930e-02 -2.679e-03 2.879e-04 2.879e-04 2.879e-01 2.869e-04 2.869e-04 2.941e-01
1.150235 4.170e+00 -1.953e-02 -2.650e-03 -7.374e-06 -7.374e-06 -7.374e-03 -8.547e-06 -8.547e-06 1.961e-02
1.160234 4.072e+00 -7.812e-02 -2.665e-03 -2.998e-04 -2.998e-04 -2.998e-01 -3.016e-04 -3.016e-04 -2.941e-01
1.170234 3.955e+00 -1.660e-01 -2.694e-03 -4.777e-04 -4.777e-04 -4.777e-01 -4.799e-04 -4.799e-04 -4.510e-01
1.180233 3.809e+00 -2.441e-01 -2.738e-03 -4.732e-04 -4.732e-04 -4.732e-01 -4.750e-04 -4.750e-04 -4.510e-01
1.190233 3.672e+00 -3.223e-01 -2.749e-03 -2.879e-04 -2.879e-04 -2.879e-01 -2.894e-04 -2.894e-04 -2.549e-01
1.200234 3.530e+00 -4.004e-01 -2.703e-03 7.339e-06 7.339e-06 7.339e-03 6.105e-06 6.105e-06 1.961e-02
1.210234 3.398e+00 -4.541e-01 -2.598e-03 2.998e-04 2.998e-04 2.998e-01 2.991e-04 2.991e-04 3.333e-01
1.220234 3.276e+00 -4.980e-01 -2.443e-03 4.778e-04 4.778e-04 4.778e-01 4.774e-04 4.774e-04 4.902e-01
1.230235 3.169e+00 -5.225e-01 -2.268e-03 4.732e-04 4.732e-04 4.732e-01 4.725e-04 4.725e-04 4.902e-01
1.240233 3.071e+00 -5.615e-01 -2.093e-03 2.879e-04 2.879e-04 2.879e-01 2.869e-04 2.869e-04 2.941e-01
1.250233 2.930e+00 -5.908e-01 -1.967e-03 -7.330e-06 -7.330e-06 -7.330e-03 -8.547e-06 -8.547e-06 1.961e-02
1.260233 2.798e+00 -6.152e-01 -1.888e-03 -2.998e-04 -2.998e-04 -2.998e-01 -3.016e-04 -3.016e-04 -2.941e-01
1.270234 2.651e+00 -6.641e-01 -1.850e-03 -4.777e-04 -4.777e-04 -4.777e-01 -4.799e-04 -4.799e-04 -4.510e-01
1.280233 2.510e+00 -7.031e-01 -1.824e-03 -4.732e-04 -4.732e-04 -4.732e-01 -4.750e-04 -4.750e-04 -4.510e-01
1.290234 2.368e+00 -7.471e-01 -1.772e-03 -2.879e-04 -2.879e-04 -2.879e-01 -2.894e-04 -2.894e-04 -2.549e-01
1.300234 2.246e+00 -7.812e-01 -1.658e-03 7.358e-06 7.358e-06 7.358e-03 6.105e-06 6.105e-06 1.961e-02
1.310236 2.153e+00 -7.861e-01 -1.506e-03 2.999e-04 2.999e-04 2.999e-01 2.991e-04 2.991e-04 3.333e-01
1.320235 2.046e+00 -7.959e-01 -1.290e-03 4.778e-04 4.778e-04 4.778e-01 4.774e-04 4.774e-04 4.902e-01
1.330234 1.973e+00 -7.666e-01 -1.077e-03 4.732e-04 4.732e-04 4.732e-01 4.725e-04 4.725e-04 4.902e-01
1.340233 1.895e+00 -7.471e-01 -8.727e-04 2.879e-04 2.879e-04 2.879e-01 2.869e-04 2.869e-04 2.941e-01
1.350234 1.826e+00 -7.275e-01 -7.267e-04 -7.364e-06 -7.364e-06 -7.364e-03 -8.547e-06 -8.547e-06 1.961e-02
1.360234 1.758e+00 -6.836e-01 -6.508e-04 -2.998e-04 -2.998e-04 -2.998e-01 -3.016e-04 -3.016e-04 -2.941e-01
1.370234 1.641e+00 -6.836e-01 -6.012e-04 -4.778e-04 -4.778e-04 -4.778e-01 -4.799e-04 -4.799e-04 -4.510e-01
1.380234 1.548e+00 -6.738e-01 -5.808e-04 -4.732e-04 -4.732e-04 -4.732e-01 -4.750e-04 -4.750e-04 -4.510e-01
1.390234 1.465e+00 -6.641e-01 -5.341e-04 -2.879e-04 -2.879e-04 -2.879e-01 -2.894e-04 -2.894e-04 -2.549e-01
1.400234 1.377e+00 -6.543e-01 -4.436e-04 7.352e-06 7.352e-06 7.352e-03 6.105e-06 6.105e-06 1.961e-02
1.410234 1.299e+00 -6.152e-01 -3.065e-04 2.998e-04 2.998e-04 2.998e-01 2.991e-04 2.991e-04 3.333e-01
1.420234 1.235e+00 -5.664e-01 -1.430e-04 4.777e-04 4.777e-04 4.777e-01 4.774e-04 4.774e-04 4.902e-01
1.430234 1.196e+00 -4.980e-01 3.210e-05 4.732e-04 4.732e-04 4.732e-01 4.725e-04 4.725e-04 4.902e-01
1.440234 1.157e+00 -4.248e-01 1.839e-04 2.879e-04 2.879e-04 2.879e-01 2.869e-04 2.869e-04 2.941e-01
1.450234 1.123e+00 -3.564e-01 2.568e-04 -7.350e-06 -7.350e-06 -7.350e-03 -8.547e-06 -8.547e-06 1.961e-02
1.460233 1.113e+00 -3.027e-01 2.860e-04 -2.998e-04 -2.998e-04 -2.998e-01 -3.016e-04 -3.016e-04 -2.941e-01
1.470234 1.084e+00 -2.734e-01 2.568e-04 -4.777e-04 -4.777e-04 -4.777e-01 -4.799e-04 -4.799e-04 -4.510e-01
1.480235 1.055e+00 -2.295e-01 2.043e-04 -4.732e-04 -4.732e-04 -4.732e-01 -4.750e-04 -4.750e-04 -4.510e-01
1.490234 1.040e+00 -2.002e-01 1.751e-04 -2.879e-04 -2.879e-04 -2.879e-01 -2.894e-04 -2.894e-04 -2.549e-01
1.500234 1.055e+00 -1.660e-01 1.839e-04 7.353e-06 7.353e-06 7.353e-03 6.105e-06 6.105e-06 1.961e-02
1.510234 1.094e+00 -1.074e-01 2.364e-04 2.998e-04 2.998e-04 2.998e-01 2.991e-04 2.991e-04 3.333e-01
1.520234 1.143e+00 -4.395e-02 3.181e-04 4.777e-04 4.777e-04 4.777e-01 4.774e-04 4.774e-04 4.902e-01
1.530235 1.230e+00 3.906e-02 3.998e-04 4.732e-04 4.732e-04 4.732e-01 4.725e-04 4.725e-04 4.902e-01
1.540235 1.333e+00 1.172e-01 4.582e-04 2.879e-04 2.879e-04 2.879e-01 2.869e-04 2.869e-04 2.941e-01
1.550233 1.450e+00 1.953e-01 4.495e-04 -7.329e-06 -7.329e-06 -7.329e-03 -8.547e-06 -8.547e-06 1.961e-02
1.560235 1.597e+00 2.490e-01 3.853e-04 -2.998e-04 -2.998e-04 -2.998e-01 -3.016e-04 -3.016e-04 -2.941e-01
1.570233 1.738e+00 2.979e-01 2.656e-04 -4.777e-04 -4.777e-04 -4.777e-01 -4.799e-04 -4.799e-04 -4.510e-01
1.580233 1.904e+00 3.223e-01 1.430e-04 -4.732e-04 -4.732e-04 -4.732e-01 -4.750e-04 -4.750e-04 -4.510e-01
1.590234 2.056e+00 3.564e-01 1.751e-05 -2.879e-04 -2.879e-04 -2.879e-01 -2.894e-04 -2.894e-04 -2.549e-01
1.600233 2.222e+00 4.004e-01 -7.588e-05 7.335e-06 7.335e-06 7.335e-03 6.105e-06 6.105e-06 1.961e-02
1.610234 2.402e+00 4.639e-01 -1.197e-04 2.998e-04 2.998e-04 2.998e-01 2.991e-04 2.991e-04 3.333e-01
1.620234 2.598e+00 5.176e-01 -1.226e-04 4.778e-04 4.778e-04 4.778e-01 4.774e-04 4.774e-04 4.902e-01
1.630234 2.793e+00 5.957e-01 -1.197e-04 4.732e-04 4.732e-04 4.732e-01 4.725e-04 4.725e-04 4.902e-01
1.640233 2.969e+00 6.592e-01 -1.518e-04 2.879e-04 2.879e-04 2.879e-01 2.869e-04 2.869e-04 2.941e-01
1.650233 3.149e+00 7.227e-01 -2.481e-04 -7.326e-06 -7.326e-06 -7.326e-03 -8.547e-06 -8.547e-06 1.961e-02
1.660233 3.345e+00 7.617e-01 -3.853e-04 -2.998e-04 -2.998e-04 -2.998e-01 -3.016e-04 -3.016e-04 -2.941e-01
1.670234 3.472e+00 7.812e-01 -5.837e-04 -4.778e-04 -4.778e-04 -4.778e-01 -4.799e-04 -4.799e-04 -4.510e-01
1.680233 3.618e+00 7.959e-01 -7.939e-04 -4.732e-04 -4.732e-04 -4.732e-01 -4.750e-04 -4.750e-04 -4.510e-01
1.690234 3.760e+00 8.008e-01 -9.894e-04 -2.879e-04 -2.879e-04 -2.879e-01 -2.894e-04 -2.894e-04 -2.549e-01
1.700234 3.882e+00 8.008e-01 -1.135e-03 7.351e-06 7.351e-06 7.351e-03 6.105e-06 6.105e-06 1.961e-02
1.710234 4.019e+00 8.301e-01 -1.258e-03 2.998e-04 2.998e-04 2.998e-01 2.991e-04 2.991e-04 3.333e-01
1.720234 4.150e+00 8.447e-01 -1.310e-03 4.778e-04 4.778e-04 4.778e-01 4.774e-04 4.774e-04 4.902e-01
1.730235 4.292e+00 8.691e-01 -1.357e-03 4.732e-04 4.732e-04 4.732e-01 4.725e-04 4.725e-04 4.902e-01
1.740234 4.419e+00 8.984e-01 -1.442e-03 2.879e-04 2.879e-04 2.879e-01 2.869e-04 2.869e-04 2.941e-01
1.750233 4.531e+00 9.082e-01 -1.559e-03 -7.319e-06 -7.319e-06 -7.319e-03 -8.547e-06 -8.547e-06 1.961e-02
1.760233 4.634e+00 8.984e-01 -1.725e-03 -2.998e-04 -2.998e-04 -2.998e-01 -3.016e-04 -3.016e-04 -2.941e-01
1.770235 4.692e+00 8.594e-01 -1.932e-03 -4.778e-04 -4.778e-04 -4.778e-01 -4.799e-04 -4.799e-04 -4.510e-01
1.780235 4.761e+00 8.154e-01 -2.139e-03 -4.732e-04 -4.732e-04 -4.732e-01 -4.750e-04 -4.750e-04 -4.510e-01
1.790234 4.800e+00 7.666e-01 -2.335e-03 -2.879e-04 -2.879e-04 -2.879e-01 -2.894e-04 -2.894e-04 -2.549e-01
1.800233 4.824e+00 7.178e-01 -2.472e-03 7.333e-06 7.333e-06 7.333e-03 6.105e-06 6.105e-06 1.961e-02
1.810235 4.854e+00 6.738e-01 -2.542e-03 2.998e-04 2.998e-04 2.998e-01 2.991e-04 2.991e-04 3.333e-01
1.820234 4.873e+00 6.396e-01 -2.583e-03 4.777e-04 4.777e-04 4.777e-01 4.774e-04 4.774e-04 4.902e-01
1.830233 4.912e+00 6.104e-01 -2.580e-03 4.732e-04 4.732e-04 4.732e-01 4.725e-04 4.725e-04 4.902e-01
1.840234 4.922e+00 5.811e-01 -2.603e-03 2.879e-04 2.879e-04 2.879e-01 2.869e-04 2.869e-04 2.941e-01
1.850234 4.917e+00 5.371e-01 -2.665e-03 -7.357e-06 -7.357e-06 -7.357e-03 -8.547e-06 -8.547e-06 1.961e-02
1.860235 4.893e+00 4.785e-01 -2.761e-03 -2.998e-04 -2.998e-04 -2.998e-01 -3.016e-04 -3.016e-04 -2.941e-01
1.870234 4.839e+00 3.857e-01 -2.886e-03 -4.777e-04 -4.777e-04 -4.777e-01 -4.799e-04 -4.799e-04 -4.510e-01
1.880234 4.761e+00 3.027e-01 -3.015e-03 -4.732e-04 -4.732e-04 -4.732e-01 -4.750e-04 -4.750e-04 -4.510e-01
1.890234 4.668e+00 2.197e-01 -3.126e-03 -2.879e-04 -2.879e-04 -2.879e-01 -2.894e-04 -2.894e-04 -2.549e-01
1.900234 4.570e+00 1.221e-01 -3.158e-03 7.348e-06 7.348e-06 7.348e-03 6.105e-06 6.105e-06 1.961e-02
1.910233 4.492e+00 4.395e-02 -3.126e-03 2.998e-04 2.998e-04 2.998e-01 2.991e-04 2.991e-04 3.333e-01
1.920234 4.370e+00 -1.465e-02 -3.059e-03 4.777e-04 4.777e-04 4.777e-01 4.774e-04 4.774e-04 4.902e-01
1.930234 4.302e+00 -6.348e-02 -2.954e-03 4.732e-04 4.732e-04 4.732e-01 4.725e-04 4.725e-04 4.902e-01
1.940235 4.194e+00 -1.123e-01 -2.866e-03 2.879e-04 2.879e-04 2.879e-01 2.869e-04 2.869e-04 2.941e-01
1.950233 4.082e+00 -1.855e-01 -2.796e-03 -7.336e-06 -7.336e-06 -7.336e-03 -8.547e-06 -8.547e-06 1.961e-02
1.960233 3.965e+00 -2.490e-01 -2.787e-03 -2.998e-04 -2.998e-04 -2.998e-01 -3.016e-04 -3.016e-04 -2.941e-01
1.970234 3.799e+00 -3.369e-01 -2.793e-03 -4.777e-04 -4.777e-04 -4.777e-01 -4.799e-04 -4.799e-04 -4.510e-01
1.980234 3.638e+00 -4.199e-01 -2.814e-03 -4.732e-04 -4.732e-04 -4.732e-01 -4.750e-04 -4.750e-04 -4.510e-01
1.990233 3.467e+00 -5.029e-01 -2.796e-03 -2.879e-04 -2.879e-04 -2.879e-01 -2.894e-04 -2.894e-04 -2.549e-01
2.000233 3.311e+00 -5.811e-01 -2.732e-03 7.334e-06 7.334e-06 7.334e-03 6.105e-06 6.105e-06 1.961e-02
2.010234 3.169e+00 -6.494e-01 -2.574e-03 2.998e-04 2.998e-04 2.998e-01 2.991e-04 2.991e-04 3.333e-01
2.020235 2.998e+00 -6.787e-01 -2.402e-03 4.778e-04 4.778e-04 4.778e-01 4.774e-04 4.774e-04 4.902e-01
2.030235 2.876e+00 -7.031e-01 -2.195e-03 4.732e-04 4.732e-04 4.732e-01 4.725e-04 4.725e-04 4.902e-01
2.040235 2.734e+00 -7.275e-01 -2.002e-03 2.879e-04 2.879e-04 2.879e-01 2.869e-04 2.869e-04 2.941e-01
2.050235 2.603e+00 -7.520e-01 -1.859e-03 -7.385e-06 -7.385e-06 -7.385e-03 -8.547e-06 -8.547e-06 1.961e-02
2.060233 2.446e+00 -7.715e-01 -1.754e-03 -2.998e-04 -2.998e-04 -2.998e-01 -3.016e-04 -3.016e-04 -2.941e-01
2.070234 2.295e+00 -8.252e-01 -1.678e-03 -4.777e-04 -4.777e-04 -4.777e-01 -4.799e-04 -4.799e-04 -4.510e-01
2.080234 2.148e+00 -8.594e-01 -1.620e-03 -4.732e-04 -4.732e-04 -4.732e-01 -4.750e-04 -4.750e-04 -4.510e-01
2.090234 1.997e+00 -9.033e-01 -1.535e-03 -2.879e-04 -2.879e-04 -2.879e-01 -2.894e-04 -2.894e-04 -2.549e-01
2.100234 1.865e+00 -9.277e-01 -1.404e-03 7.361e-06 7.361e-06 7.361e-03 6.105e-06 6.105e-06 1.961e-02
2.110234 1.748e+00 -9.180e-01 -1.226e-03 2.998e-04 2.998e-04 2.998e-01 2.991e-04 2.991e-04 3.333e-01
2.120234 1.621e+00 -9.131e-01 -1.001e-03 4.777e-04 4.777e-04 4.777e-01 4.774e-04 4.774e-04 4.902e-01
2.130234 1.523e+00 -8.789e-01 -7.559e-04 4.732e-04 4.732e-04 4.732e-01 4.725e-04 4.725e-04 4.902e-01
2.140234 1.406e+00 -8.447e-01 -5.487e-04 2.879e-04 2.879e-04 2.879e-01 2.869e-04 2.869e-04 2.941e-01
2.150233 1.270e+00 -8.008e-01 -3.998e-04 -7.330e-06 -7.330e-06 -7.330e-03 -8.547e-06 -8.547e-06 1.961e-02
2.160233 1.143e+00 -7.666e-01 -2.919e-04 -2.998e-04 -2.998e-04 -2.998e-01 -3.016e-04 -3.016e-04 -2.941e-01
2.170234 9.912e-01 -7.568e-01 -2.335e-04 -4.777e-04 -4.777e-04 -4.777e-01 -4.799e-04 -4.799e-04 -4.510e-01
2.180234 8.447e-01 -7.471e-01 -1.897e-04 -4.732e-04 -4.732e-04 -4.732e-01 -4.750e-04 -4.750e-04 -4.510e-01
2.190234 6.689e-01 -7.275e-01 -1.459e-04 -2.879e-04 -2.879e-04 -2.879e-01 -2.894e-04 -2.894e-04 -2.549e-01
2.200234 5.176e-01 -7.031e-01 -5.253e-05 7.343e-06 7.343e-06 7.343e-03 6.105e-06 6.105e-06 1.961e-02
2.210233 3.857e-01 -6.494e-01 7.588e-05 2.998e-04 2.998e-04 2.998e-01 2.991e-04 2.991e-04 3.333e-01
2.220235 2.539e-01 -6.152e-01 2.598e-04 4.778e-04 4.778e-04 4.778e-01 4.774e-04 4.774e-04 4.902e-01
2.230234 1.416e-01 -5.469e-01 4.465e-04 4.732e-04 4.732e-04 4.732e-01 4.725e-04 4.725e-04 4.902e-01
2.240234 1.465e-02 -4.785e-01 5.925e-04 2.879e-04 2.879e-04 2.879e-01 2.869e-04 2.869e-04 2.941e-01
2.250233 -9.766e-02 -4.150e-01 6.888e-04 -7.327e-06 -7.327e-06 -7.327e-03 -8.547e-06 -8.547e-06 1.961e-02
2.260233 -2.051e-01 -3.662e-01 7.267e-04 -2.998e-04 -2.998e-04 -2.998e-01 -3.016e-04 -3.016e-04 -2.941e-01
2.270234 -3.418e-01 -3.271e-01 6.946e-04 -4.778e-04 -4.778e-04 -4.778e-01 -4.799e-04 -4.799e-04 -4.510e-01
2.280235 -4.736e-01 -3.076e-01 6.654e-04 -4.732e-04 -4.732e-04 -4.732e-01 -4.750e-04 -4.750e-04 -4.510e-01
2.290235 -6.104e-01 -2.881e-01 6.450e-04 -2.879e-04 -2.879e-04 -2.879e-01 -2.894e-04 -2.894e-04 -2.549e-01
2.300234 -7.275e-01 -2.734e-01 6.771e-04 7.356e-06 7.356e-06 7.356e-03 6.105e-06 6.105e-06 1.961e-02
2.310234 -8.398e-01 -2.100e-01 7.238e-04 2.998e-04 2.998e-04 2.998e-01 2.991e-04 2.991e-04 3.333e-01
2.320234 -9.424e-01 -1.807e-01 8.406e-04 4.778e-04 4.778e-04 4.778e-01 4.774e-04 4.774e-04 4.902e-01
2.330235 -1.011e+00 -1.221e-01 9.602e-04 4.732e-04 4.732e-04 4.732e-01 4.725e-04 4.725e-04 4.902e-01
2.340233 -1.104e+00 -5.859e-02 1.036e-03 2.879e-04 2.879e-04 2.879e-01 2.869e-04 2.869e-04 2.941e-01
2.350234 -1.187e+00 -1.465e-02 1.062e-03 -7.347e-06 -7.347e-06 -7.347e-03 -8.547e-06 -8.547e-06 1.961e-02
2.360235 -1.255e+00 9.766e-03 1.039e-03 -2.998e-04 -2.998e-04 -2.998e-01 -3.016e-04 -3.016e-04 -2.941e-01
2.370234 -1.372e+00 9.766e-03 9.631e-04 -4.778e-04 -4.778e-04 -4.778e-01 -4.799e-04 -4.799e-04 -4.510e-01
2.380234 -1.479e+00 2.930e-02 8.668e-04 -4.732e-04 -4.732e-04 -4.732e-01 -4.750e-04 -4.750e-04 -4.510e-01
2.390234 -1.587e+00 1.953e-02 8.026e-04 -2.879e-04 -2.879e-04 -2.879e-01 -2.894e-04 -2.894e-04 -2.549e-01
2.400233 -1.704e+00 9.766e-03 7.822e-04 7.323e-06 7.323e-06 7.323e-03 6.105e-06 6.105e-06 1.961e-02
2.410234 -1.777e+00 1.465e-02 8.172e-04 2.998e-04 2.998e-04 2.998e-01 2.991e-04 2.991e-04 3.333e-01
2.420233 -1.855e+00 3.418e-02 8.873e-04 4.777e-04 4.777e-04 4.777e-01 4.774e-04 4.774e-04 4.902e-01
2.430234 -1.919e+00 7.812e-02 9.485e-04 4.732e-04 4.732e-04 4.732e-01 4.725e-04 4.725e-04 4.902e-01
2.440233 -1.968e+00 1.123e-01 9.952e-04 2.879e-04 2.879e-04 2.879e-01 2.869e-04 2.869e-04 2.941e-01
2.450234 -2.021e+00 1.172e-01 1.004e-03 -7.366e-06 -7.366e-06 -7.366e-03 -8.547e-06 -8.547e-06 1.961e-02
2.460234 -2.056e+00 1.074e-01 9.777e-04 -2.998e-04 -2.998e-04 -2.998e-01 -3.016e-04 -3.016e-04 -2.941e-01
2.470234 -2.114e+00 8.789e-02 8.902e-04 -4.777e-04 -4.777e-04 -4.777e-01 -4.799e-04 -4.799e-04 -4.510e-01
2.480234 -2.188e+00 5.859e-02 7.909e-04 -4.732e-04 -4.732e-04 -4.732e-01 -4.750e-04 -4.750e-04 -4.510e-01
2.490234 -2.261e+00 3.418e-02 7.209e-04 -2.879e-04 -2.879e-04 -2.879e-01 -2.894e-04 -2.894e-04 -2.549e-01
2.500233 -2.319e+00 4.883e-03 6.946e-04 7.335e-06 7.335e-06 7.335e-03 6.105e-06 6.105e-06 1.961e-02
2.510234 -2.358e+00 1.465e-02 7.151e-04 2.998e-04 2.998e-04 2.998e-01 2.991e-04 2.991e-04 3.333e-01
2.520235 -2.393e+00 0.000e+00 7.909e-04 4.778e-04 4.778e-04 4.778e-01 4.774e-04 4.774e-04 4.902e-01
2.530234 -2.422e+00 1.465e-02 8.785e-04 4.732e-04 4.732e-04 4.732e-01 4.725e-04 4.725e-04 4.902e-01
2.540234 -2.441e+00 1.953e-02 9.485e-04 2.879e-04 2.879e-04 2.879e-01 2.869e-04 2.869e-04 2.941e-01
2.550234 -2.485e+00 1.953e-02 9.719e-04 -7.356e-06 -7.356e-06 -7.356e-03 -8.547e-06 -8.547e-06 1.961e-02
2.560234 -2.515e+00 9.766e-03 9.485e-04 -2.998e-04 -2.998e-04 -2.998e-01 -3.016e-04 -3.016e-04 -2.941e-01
2.570235 -2.568e+00 -2.441e-02 8.843e-04 -4.778e-04 -4.778e-04 -4.778e-01 -4.799e-04 -4.799e-04 -4.510e-01
2.580234 -2.632e+00 -5.859e-02 8.085e-04 -4.732e-04 -4.732e-04 -4.732e-01 -4.750e-04 -4.750e-04 -4.510e-01
2.590234 -2.700e+00 -9.277e-02 7.559e-04 -2.879e-04 -2.879e-04 -2.879e-01 -2.894e-04 -2.894e-04 -2.549e-01
2.600234 -2.754e+00 -1.318e-01 7.559e-04 7.354e-06 7.354e-06 7.354e-03 6.105e-06 6.105e-06 1.961e-02
2.610234 -2.788e+00 -1.367e-01 8.085e-04 2.998e-04 2.998e-04 2.998e-01 2.991e-04 2.991e-04 3.333e-01
2.620234 -2.832e+00 -1.367e-01 8.989e-04 4.777e-04 4.777e-04 4.777e-01 4.774e-04 4.774e-04 4.902e-01
2.630235 -2.847e+00 -1.270e-01 1.007e-03 4.732e-04 4.732e-04 4.732e-01 4.725e-04 4.725e-04 4.902e-01
2.640234 -2.876e+00 -1.221e-01 1.103e-03 2.879e-04 2.879e-04 2.879e-01 2.869e-04 2.869e-04 2.941e-01
2.650234 -2.905e+00 -1.221e-01 1.150e-03 -7.345e-06 -7.345e-06 -7.345e-03 -8.547e-06 -8.547e-06 1.961e-02
2.660234 -2.939e+00 -1.221e-01 1.147e-03 -2.998e-04 -2.998e-04 -2.998e-01 -3.016e-04 -3.016e-04 -2.941e-01
2.670234 -2.998e+00 -1.514e-01 1.103e-03 -4.777e-04 -4.777e-04 -4.777e-01 -4.799e-04 -4.799e-04 -4.510e-01
2.680233 -3.057e+00 -1.660e-01 1.036e-03 -4.732e-04 -4.732e-04 -4.732e-01 -4.750e-04 -4.750e-04 -4.510e-01
2.690234 -3.110e+00 -2.002e-01 1.007e-03 -2.879e-04 -2.879e-04 -2.879e-01 -2.894e-04 -2.894e-04 -2.549e-01
2.700234 -3.154e+00 -2.197e-01 1.013e-03 7.351e-06 7.351e-06 7.351e-03 6.105e-06 6.105e-06 1.961e-02
2.710233 -3.179e+00 -2.197e-01 1.077e-03 2.998e-04 2.998e-04 2.998e-01 2.991e-04 2.991e-04 3.333e-01
2.720234 -3.218e+00 -2.197e-01 1.194e-03 4.777e-04 4.777e-04 4.777e-01 4.774e-04 4.774e-04 4.902e-01
2.730233 -3.228e+00 -2.002e-01 1.325e-03 4.732e-04 4.732e-04 4.732e-01 4.725e-04 4.725e-04 4.902e-01
2.740234 -3.232e+00 -1.709e-01 1.421e-03 2.879e-04 2.879e-04 2.879e-01 2.869e-04 2.869e-04 2.941e-01
2.750233 -3.267e+00 -1.611e-01 1.480e-03 -7.335e-06 -7.335e-06 -7.335e-03 -8.547e-06 -8.547e-06 1.961e-02
2.760234 -3.271e+00 -1.562e-01 1.486e-03 -2.998e-04 -2.998e-04 -2.998e-01 -3.016e-04 -3.016e-04 -2.941e-01
2.770234 -3.311e+00 -1.709e-01 1.439e-03 -4.777e-04 -4.777e-04 -4.777e-01 -4.799e-04 -4.799e-04 -4.510e-01
2.780235 -3.345e+00 -1.758e-01 1.380e-03 -4.732e-04 -4.732e-04 -4.732e-01 -4.750e-04 -4.750e-04 -4.510e-01
2.790235 -3.364e+00 -1.758e-01 1.331e-03 -2.879e-04 -2.879e-04 -2.879e-01 -2.894e-04 -2.894e-04 -2.549e-01
2.800234 -3.398e+00 -2.002e-01 1.348e-03 7.356e-06 7.356e-06 7.356e-03 6.105e-06 6.105e-06 1.961e-02
2.810234 -3.394e+00 -1.807e-01 1.410e-03 2.998e-04 2.998e-04 2.998e-01 2.991e-04 2.991e-04 3.333e-01
2.820234 -3.398e+00 -1.758e-01 1.524e-03 4.777e-04 4.777e-04 4.777e-01 4.774e-04 4.774e-04 4.902e-01
2.830234 -3.379e+00 -1.318e-01 1.637e-03 4.732e-04 4.732e-04 4.732e-01 4.725e-04 4.725e-04 4.902e-01
2.840234 -3.364e+00 -8.789e-02 1.710e-03 2.879e-04 2.879e-04 2.879e-01 2.869e-04 2.869e-04 2.941e-01
2.850235 -3.354e+00 -6.836e-02 1.757e-03 -7.370e-06 -7.370e-06 -7.370e-03 -8.547e-06 -8.547e-06 1.961e-02
2.860234 -3.330e+00 -4.395e-02 1.737e-03 -2.998e-04 -2.998e-04 -2.998e-01 -3.016e-04 -3.016e-04 -2.941e-01
2.870234 -3.340e+00 -4.883e-02 1.672e-03 -4.778e-04 -4.778e-04 -4.778e-01 -4.799e-04 -4.799e-04 -4.510e-01
2.880234 -3.340e+00 -4.395e-02 1.596e-03 -4.732e-04 -4.732e-04 -4.732e-01 -4.750e-04 -4.750e-04 -4.510e-01
2.890233 -3.335e+00 -5.371e-02 1.538e-03 -2.879e-04 -2.879e-04 -2.879e-01 -2.894e-04 -2.894e-04 -2.549e-01
2.900233 -3.340e+00 -5.371e-02 1.526e-03 7.331e-06 7.331e-06 7.331e-03 6.105e-06 6.105e-06 1.961e-02
2.910233 -3.306e+00 -2.930e-02 1.564e-03 2.998e-04 2.998e-04 2.998e-01 2.991e-04 2.991e-04 3.333e-01
2.920233 -3.281e+00 0.000e+00 1.637e-03 4.777e-04 4.777e-04 4.777e-01 4.774e-04 4.774e-04 4.902e-01
2.930235 -3.232e+00 4.395e-02 1.713e-03 4.732e-04 4.732e-04 4.732e-01 4.725e-04 4.725e-04 4.902e-01
2.940234 -3.184e+00 8.301e-02 1.783e-03 2.879e-04 2.879e-04 2.879e-01 2.869e-04 2.869e-04 2.941e-01
2.950235 -3.145e+00 1.123e-01 1.789e-03 -7.397e-06 -7.397e-06 -7.397e-03 -8.547e-06 -8.547e-06 1.961e-02
2.960233 -3.101e+00 1.367e-01 1.739e-03 -2.998e-04 -2.998e-04 -2.998e-01 -3.016e-04 -3.016e-04 -2.941e-01
2.970234 -3.086e+00 1.465e-01 1.643e-03 -4.778e-04 -4.778e-04 -4.778e-01 -4.799e-04 -4.799e-04 -4.510e-01
2.980234 -3.062e+00 1.367e-01 1.544e-03 -4.732e-04 -4.732e-04 -4.732e-01 -4.750e-04 -4.750e-04 -4.510e-01
2.990233 -3.042e+00 1.367e-01 1.453e-03 -2.879e-04 -2.879e-04 -2.879e-01 -2.894e-04 -2.894e-04 -2.549e-01
3.000234 -3.013e+00 1.270e-01 1.413e-03 7.350e-06 7.350e-06 7.350e-03 6.105e-06 6.105e-06 1.961e-02
3.010234 -2.974e+00 1.465e-01 1.424e-03 2.998e-04 2.998e-04 2.998e-01 2.991e-04 2.991e-04 3.333e-01
3.020234 -2.935e+00 1.660e-01 1.483e-03 4.778e-04 4.778e-04 4.778e-01 4.774e-04 4.774e-04 4.902e-01
3.030233 -2.876e+00 2.051e-01 1.526e-03 4.732e-04 4.732e-04 4.732e-01 4.725e-04 4.725e-04 4.902e-01
3.040235 -2.822e+00 2.295e-01 1.564e-03 2.879e-04 2.879e-04 2.879e-01 2.869e-04 2.869e-04 2.941e-01
3.050233 -2.778e+00 2.490e-01 1.553e-03 -7.334e-06 -7.334e-06 -7.334e-03 -8.547e-06 -8.547e-06 1.961e-02
3.060233 -2.729e+00 2.783e-01 1.477e-03 -2.998e-04 -2.998e-04 -2.998e-01 -3.016e-04 -3.016e-04 -2.941e-01
3.070234 -2.705e+00 2.686e-01 1.363e-03 -4.777e-04 -4.777e-04 -4.777e-01 -4.799e-04 -4.799e-04 -4.510e-01
3.080234 -2.690e+00 2.539e-01 1.243e-03 -4.732e-04 -4.732e-04 -4.732e-01 -4.750e-04 -4.750e-04 -4.510e-01
3.090234 -2.676e+00 2.246e-01 1.144e-03 -2.879e-04 -2.879e-04 -2.879e-01 -2.894e-04 -2.894e-04 -2.549e-01
3.100235 -2.656e+00 2.002e-01 1.094e-03 7.392e-06 7.392e-06 7.392e-03 6.105e-06 6.105e-06 1.961e-02
3.110234 -2.627e+00 2.246e-01 1.077e-03 2.998e-04 2.998e-04 2.998e-01 2.991e-04 2.991e-04 3.333e-01
3.120234 -2.603e+00 2.197e-01 1.121e-03 4.778e-04 4.778e-04 4.778e-01 4.774e-04 4.774e-04 4.902e-01
3.130234 -2.559e+00 2.490e-01 1.165e-03 4.732e-04 4.732e-04 4.732e-01 4.725e-04 4.725e-04 4.902e-01
3.140233 -2.524e+00 2.637e-01 1.197e-03 2.879e-04 2.879e-04 2.879e-01 2.869e-04 2.869e-04 2.941e-01
3.150234 -2.500e+00 2.686e-01 1.182e-03 -7.368e-06 -7.368e-06 -7.368e-03 -8.547e-06 -8.547e-06 1.961e-02
3.160233 -2.471e+00 2.686e-01 1.115e-03 -2.998e-04 -2.998e-04 -2.998e-01 -3.016e-04 -3.016e-04 -2.941e-01
3.170234 -2.476e+00 2.344e-01 1.013e-03 -4.778e-04 -4.778e-04 -4.778e-01 -4.799e-04 -4.799e-04 -4.510e-01
3.180233 -2.485e+00 2.148e-01 8.902e-04 -4.732e-04 -4.732e-04 -4.732e-01 -4.750e-04 -4.750e-04 -4.510e-01
3.190234 -2.515e+00 1.709e-01 7.997e-04 -2.879e-04 -2.879e-04 -2.879e-01 -2.894e-04 -2.894e-04 -2.549e-01
3.200234 -2.520e+00 1.416e-01 7.530e-04 7.359e-06 7.359e-06 7.359e-03 6.105e-06 6.105e-06 1.961e-02
3.210234 -2.515e+00 1.270e-01 7.676e-04 2.998e-04 2.998e-04 2.998e-01 2.991e-04 2.991e-04 3.333e-01
3.220234 -2.520e+00 1.270e-01 8.114e-04 4.777e-04 4.777e-04 4.777e-01 4.774e-04 4.774e-04 4.902e-01
3.230234 -2.510e+00 1.318e-01 8.873e-04 4.732e-04 4.732e-04 4.732e-01 4.725e-04 4.725e-04 4.902e-01
3.240234 -2.500e+00 1.318e-01 9.398e-04 2.879e-04 2.879e-04 2.879e-01 2.869e-04 2.869e-04 2.941e-01
3.250235 -2.515e+00 1.221e-01 9.573e-04 -7.388e-06 -7.388e-06 -7.388e-03 -8.547e-06 -8.547e-06 1.961e-02
3.260234 -2.534e+00 1.270e-01 8.902e-04 -2.998e-04 -2.998e-04 -2.998e-01 -3.016e-04 -3.016e-04 -2.941e-01
3.270234 -2.568e+00 7.812e-02 8.260e-04 -4.777e-04 -4.777e-04 -4.777e-01 -4.799e-04 -4.799e-04 -4.510e-01
3.280234 -2.598e+00 2.930e-02 7.442e-04 -4.732e-04 -4.732e-04 -4.732e-01 -4.750e-04 -4.750e-04 -4.510e-01
3.290234 -2.661e+00 -4.883e-03 6.742e-04 -2.879e-04 -2.879e-04 -2.879e-01 -2.894e-04 -2.894e-04 -2.549e-01
3.300233 -2.700e+00 -4.883e-02 6.654e-04 7.326e-06 7.326e-06 7.326e-03 6.105e-06 6.105e-06 1.961e-02
3.310233 -2.729e+00 -4.883e-02 6.888e-04 2.998e-04 2.998e-04 2.998e-01 2.991e-04 2.991e-04 3.333e-01
3.320234 -2.759e+00 -8.301e-02 8.026e-04 4.777e-04 4.777e-04 4.777e-01 4.774e-04 4.774e-04 4.902e-01
3.330235 -2.773e+00 -6.836e-02 8.902e-04 4.732e-04 4.732e-04 4.732e-01 4.725e-04 4.725e-04 4.902e-01
3.340235 -2.803e+00 -6.348e-02 9.690e-04 2.879e-04 2.879e-04 2.879e-01 2.869e-04 2.869e-04 2.941e-01
3.350234 -2.827e+00 -7.812e-02 1.019e-03 -7.362e-06 -7.362e-06 -7.362e-03 -8.547e-06 -8.547e-06 1.961e-02
3.360234 -2.852e+00 -9.277e-02 1.013e-03 -2.998e-04 -2.998e-04 -2.998e-01 -3.016e-04 -3.016e-04 -2.941e-01
3.370234 -2.930e+00 -1.123e-01 9.515e-04 -4.777e-04 -4.777e-04 -4.777e-01 -4.799e-04 -4.799e-04 -4.510e-01
3.380234 -2.974e+00 -1.416e-01 8.931e-04 -4.732e-04 -4.732e-04 -4.732e-01 -4.750e-04 -4.750e-04 -4.510e-01
3.390234 -3.042e+00 -1.904e-01 8.639e-04 -2.879e-04 -2.879e-04 -2.879e-01 -2.894e-04 -2.894e-04 -2.549e-01
3.400233 -3.091e+00 -2.148e-01 8.756e-04 7.324e-06 7.324e-06 7.324e-03 6.105e-06 6.105e-06 1.961e-02
3.410234 -3.135e+00 -2.148e-01 9.310e-04 2.998e-04 2.998e-04 2.998e-01 2.991e-04 2.991e-04 3.333e-01
3.420234 -3.174e+00 -2.295e-01 1.059e-03 4.777e-04 4.777e-04 4.777e-01 4.774e-04 4.774e-04 4.902e-01
3.430234 -3.184e+00 -2.148e-01 1.182e-03 4.732e-04 4.732e-04 4.732e-01 4.725e-04 4.725e-04 4.902e-01
3.440235 -3.218e+00 -2.051e-01 1.293e-03 2.879e-04 2.879e-04 2.879e-01 2.869e-04 2.869e-04 2.941e-01
3.450234 -3.232e+00 -1.855e-01 1.348e-03 -7.360e-06 -7.360e-06 -7.360e-03 -8.547e-06 -8.547e-06 1.961e-02
3.460234 -3.257e+00 -2.002e-01 1.375e-03 -2.998e-04 -2.998e-04 -2.998e-01 -3.016e-04 -3.016e-04 -2.941e-01
3.470234 -3.311e+00 -2.100e-01 1.328e-03 -4.777e-04 -4.777e-04 -4.777e-01 -4.799e-04 -4.799e-04 -4.510e-01
3.480234 -3.354e+00 -2.246e-01 1.275e-03 -4.732e-04 -4.732e-04 -4.732e-01 -4.750e-04 -4.750e-04 -4.510e-01
3.490234 -3.398e+00 -2.441e-01 1.246e-03 -2.879e-04 -2.879e-04 -2.879e-01 -2.894e-04 -2.894e-04 -2.549e-01
3.500235 -3.442e+00 -2.441e-01 1.261e-03 7.388e-06 7.388e-06 7.388e-03 6.105e-06 6.105e-06 1.961e-02
3.510234 -3.452e+00 -2.441e-01 1.340e-03 2.998e-04 2.998e-04 2.998e-01 2.991e-04 2.991e-04 3.333e-01
3.520234 -3.472e+00 -2.246e-01 1.448e-03 4.777e-04 4.777e-04 4.777e-01 4.774e-04 4.774e-04 4.902e-01
3.530234 -3.467e+00 -1.953e-01 1.579e-03 4.732e-04 4.732e-04 4.732e-01 4.725e-04 4.725e-04 4.902e-01
3.540234 -3.452e+00 -1.758e-01 1.690e-03 2.879e-04 2.879e-04 2.879e-01 2.869e-04 2.869e-04 2.941e-01
3.550234 -3.452e+00 -1.465e-01 1.737e-03 -7.342e-06 -7.342e-06 -7.342e-03 -8.547e-06 -8.547e-06 1.961e-02
3.560234 -3.452e+00 -1.221e-01 1.731e-03 -2.998e-04 -2.998e-04 -2.998e-01 -3.016e-04 -3.016e-04 -2.941e-01
3.570235 -3.467e+00 -1.270e-01 1.690e-03 -4.778e-04 -4.778e-04 -4.778e-01 -4.799e-04 -4.799e-04 -4.510e-01
3.580234 -3.477e+00 -1.074e-01 1.608e-03 -4.732e-04 -4.732e-04 -4.732e-01 -4.750e-04 -4.750e-04 -4.510e-01
3.590234 -3.486e+00 -1.270e-01 1.570e-03 -2.879e-04 -2.879e-04 -2.879e-01 -2.894e-04 -2.894e-04 -2.549e-01
3.600234 -3.477e+00 -1.270e-01 1.570e-03 7.363e-06 7.363e-06 7.363e-03 6.105e-06 6.105e-06 1.961e-02
3.610235 -3.442e+00 -1.123e-01 1.626e-03 2.998e-04 2.998e-04 2.998e-01 2.991e-04 2.991e-04 3.333e-01
3.620235 -3.433e+00 -8.789e-02 1.719e-03 4.778e-04 4.778e-04 4.778e-01 4.774e-04 4.774e-04 4.902e-01
3.630234 -3.398e+00 -3.418e-02 1.810e-03 4.732e-04 4.732e-04 4.732e-01 4.725e-04 4.725e-04 4.902e-01
3.640234 -3.359e+00 9.766e-03 1.880e-03 2.879e-04 2.879e-04 2.879e-01 2.869e-04 2.869e-04 2.941e-01
3.650234 -3.315e+00 3.906e-02 1.909e-03 -7.346e-06 -7.346e-06 -7.346e-03 -8.547e-06 -8.547e-06 1.961e-02
3.660234 -3.281e+00 9.277e-02 1.847e-03 -2.998e-04 -2.998e-04 -2.998e-01 -3.016e-04 -3.016e-04 -2.941e-01
3.670233 -3.271e+00 9.277e-02 1.775e-03 -4.777e-04 -4.777e-04 -4.777e-01 -4.799e-04 -4.799e-04 -4.510e-01
3.680234 -3.237e+00 8.789e-02 1.684e-03 -4.732e-04 -4.732e-04 -4.732e-01 -4.750e-04 -4.750e-04 -4.510e-01
3.690234 -3.218e+00 8.301e-02 1.605e-03 -2.879e-04 -2.879e-04 -2.879e-01 -2.894e-04 -2.894e-04 -2.549e-01
3.700234 -3.188e+00 8.789e-02 1.564e-03 7.360e-06 7.360e-06 7.360e-03 6.105e-06 6.105e-06 1.961e-02
3.710233 -3.145e+00 1.074e-01 1.591e-03 2.998e-04 2.998e-04 2.998e-01 2.991e-04 2.991e-04 3.333e-01
3.720234 -3.105e+00 1.465e-01 1.631e-03 4.777e-04 4.777e-04 4.777e-01 4.774e-04 4.774e-04 4.902e-01
3.730234 -3.027e+00 1.953e-01 1.690e-03 4.732e-04 4.732e-04 4.732e-01 4.725e-04 4.725e-04 4.902e-01
3.740235 -2.974e+00 2.197e-01 1.734e-03 2.879e-04 2.879e-04 2.879e-01 2.869e-04 2.869e-04 2.941e-01
3.750233 -2.910e+00 2.539e-01 1.719e-03 -7.328e-06 -7.328e-06 -7.328e-03 -8.547e-06 -8.547e-06 1.961e-02
3.760235 -2.856e+00 2.686e-01 1.655e-03 -2.998e-04 -2.998e-04 -2.998e-01 -3.016e-04 -3.016e-04 -2.941e-01
3.770234 -2.822e+00 2.734e-01 1.535e-03 -4.778e-04 -4.778e-04 -4.778e-01 -4.799e-04 -4.799e-04 -4.510e-01
3.780234 -2.788e+00 2.686e-01 1.410e-03 -4.732e-04 -4.732e-04 -4.732e-01 -4.750e-04 -4.750e-04 -4.510e-01
3.790234 -2.764e+00 2.539e-01 1.305e-03 -2.879e-04 -2.879e-04 -2.879e-01 -2.894e-04 -2.894e-04 -2.549e-01
3.800234 -2.739e+00 2.490e-01 1.243e-03 7.357e-06 7.357e-06 7.357e-03 6.105e-06 6.105e-06 1.961e-02
3.810234 -2.695e+00 2.588e-01 1.232e-03 2.998e-04 2.998e-04 2.998e-01 2.991e-04 2.991e-04 3.333e-01
3.820234 -2.651e+00 2.588e-01 1.273e-03 4.778e-04 4.778e-04 4.778e-01 4.774e-04 4.774e-04 4.902e-01
3.830234 -2.593e+00 3.027e-01 1.305e-03 4.732e-04 4.732e-04 4.732e-01 4.725e-04 4.725e-04 4.902e-01
3.840234 -2.539e+00 3.223e-01 1.322e-03 2.879e-04 2.879e-04 2.879e-01 2.869e-04 2.869e-04 2.941e-01
3.850235 -2.505e+00 3.320e-01 1.299e-03 -7.378e-06 -7.378e-06 -7.378e-03 -8.547e-06 -8.547e-06 1.961e-02
3.860234 -2.451e+00 3.271e-01 1.232e-03 -2.998e-04 -2.998e-04 -2.998e-01 -3.016e-04 -3.016e-04 -2.941e-01
3.870234 -2.461e+00 3.125e-01 1.097e-03 -4.777e-04 -4.777e-04 -4.777e-01 -4.799e-04 -4.799e-04 -4.510e-01
3.880234 -2.437e+00 2.881e-01 9.777e-04 -4.732e-04 -4.732e-04 -4.732e-01 -4.750e-04 -4.750e-04 -4.510e-01
3.890234 -2.446e+00 2.539e-01 8.697e-04 -2.879e-04 -2.879e-04 -2.879e-01 -2.894e-04 -2.894e-04 -2.549e-01
3.900234 -2.446e+00 2.295e-01 8.114e-04 7.354e-06 7.354e-06 7.354e-03 6.105e-06 6.105e-06 1.961e-02
3.910234 -2.437e+00 2.246e-01 8.055e-04 2.998e-04 2.998e-04 2.998e-01 2.991e-04 2.991e-04 3.333e-01
3.920234 -2.412e+00 2.002e-01 8.581e-04 4.777e-04 4.777e-04 4.777e-01 4.774e-04 4.774e-04 4.902e-01
3.930233 -2.378e+00 2.197e-01 8.989e-04 4.732e-04 4.732e-04 4.732e-01 4.725e-04 4.725e-04 4.902e-01
3.940233 -2.378e+00 2.246e-01 9.369e-04 2.879e-04 2.879e-04 2.879e-01 2.869e-04 2.869e-04 2.941e-01
3.950234 -2.378e+00 2.148e-01 9.310e-04 -7.367e-06 -7.367e-06 -7.367e-03 -8.547e-06 -8.547e-06 1.961e-02
3.960233 -2.378e+00 1.953e-01 8.843e-04 -2.998e-04 -2.998e-04 -2.998e-01 -3.016e-04 -3.016e-04 -2.941e-01
3.970234 -2.402e+00 1.611e-01 7.880e-04 -4.777e-04 -4.777e-04 -4.777e-01 -4.799e-04 -4.799e-04 -4.510e-01
3.980234 -2.441e+00 1.270e-01 6.742e-04 -4.732e-04 -4.732e-04 -4.732e-01 -4.750e-04 -4.750e-04 -4.510e-01
3.990234 -2.485e+00 7.812e-02 5.954e-04 -2.879e-04 -2.879e-04 -2.879e-01 -2.894e-04 -2.894e-04 -2.549e-01
4.000234 -2.524e+00 5.859e-02 5.516e-04 7.344e-06 7.344e-06 7.344e-03 6.105e-06 6.105e-06 1.961e-02
4.010234 -2.544e+00 1.953e-02 5.925e-04 2.998e-04 2.998e-04 2.998e-01 2.991e-04 2.991e-04 3.333e-01
4.020235 -2.568e+00 0.000e+00 6.684e-04 4.778e-04 4.778e-04 4.778e-01 4.774e-04 4.774e-04 4.902e-01
4.030234 -2.583e+00 0.000e+00 7.588e-04 4.732e-04 4.732e-04 4.732e-01 4.725e-04 4.725e-04 4.902e-01
4.040234 -2.603e+00 -4.883e-03 8.347e-04 2.879e-04 2.879e-04 2.879e-01 2.869e-04 2.869e-04 2.941e-01
4.050235 -2.646e+00 -1.465e-02 8.697e-04 -7.380e-06 -7.380e-06 -7.380e-03 -8.547e-06 -8.547e-06 1.961e-02
4.060234 -2.686e+00 -2.930e-02 8.493e-04 -2.998e-04 -2.998e-04 -2.998e-01 -3.016e-04 -3.016e-04 -2.941e-01
4.070234 -2.749e+00 -6.836e-02 7.851e-04 -4.777e-04 -4.777e-04 -4.777e-01 -4.799e-04 -4.799e-04 -4.510e-01
4.080234 -2.803e+00 -1.123e-01 7.267e-04 -4.732e-04 -4.732e-04 -4.732e-01 -4.750e-04 -4.750e-04 -4.510e-01
4.090234 -2.871e+00 -1.562e-01 6.800e-04 -2.879e-04 -2.879e-04 -2.879e-01 -2.894e-04 -2.894e-04 -2.549e-01
4.100234 -2.925e+00 -2.051e-01 6.975e-04 7.341e-06 7.341e-06 7.341e-03 6.105e-06 6.105e-06 1.961e-02
4.110233 -2.974e+00 -2.100e-01 7.559e-04 2.998e-04 2.998e-04 2.998e-01 2.991e-04 2.991e-04 3.333e-01
4.120234 -3.013e+00 -2.441e-01 8.931e-04 4.778e-04 4.778e-04 4.778e-01 4.774e-04 4.774e-04 4.902e-01
4.130233 -3.052e+00 -2.246e-01 1.010e-03 4.732e-04 4.732e-04 4.732e-01 4.725e-04 4.725e-04 4.902e-01
4.140234 -3.091e+00 -2.148e-01 1.112e-03 2.879e-04 2.879e-04 2.879e-01 2.869e-04 2.869e-04 2.941e-01
4.150234 -3.135e+00 -2.148e-01 1.182e-03 -7.347e-06 -7.347e-06 -7.347e-03 -8.547e-06 -8.547e-06 1.961e-02
4.160233 -3.174e+00 -2.100e-01 1.176e-03 -2.998e-04 -2.998e-04 -2.998e-01 -3.016e-04 -3.016e-04 -2.941e-01
4.170233 -3.237e+00 -2.441e-01 1.156e-03 -4.777e-04 -4.777e-04 -4.777e-01 -4.799e-04 -4.799e-04 -4.510e-01
4.180234 -3.296e+00 -2.686e-01 1.115e-03 -4.732e-04 -4.732e-04 -4.732e-01 -4.750e-04 -4.750e-04 -4.510e-01
4.190234 -3.345e+00 -2.979e-01 1.097e-03 -2.879e-04 -2.879e-04 -2.879e-01 -2.894e-04 -2.894e-04 -2.549e-01
4.200233 -3.413e+00 -3.271e-01 1.135e-03 7.338e-06 7.338e-06 7.338e-03 6.105e-06 6.105e-06 1.961e-02
4.210233 -3.442e+00 -3.125e-01 1.214e-03 2.998e-04 2.998e-04 2.998e-01 2.991e-04 2.991e-04 3.333e-01
4.220234 -3.472e+00 -3.125e-01 1.340e-03 4.777e-04 4.777e-04 4.777e-01 4.774e-04 4.774e-04 4.902e-01
4.230235 -3.486e+00 -2.783e-01 1.483e-03 4.732e-04 4.732e-04 4.732e-01 4.725e-04 4.725e-04 4.902e-01
4.240234 -3.491e+00 -2.539e-01 1.588e-03 2.879e-04 2.879e-04 2.879e-01 2.869e-04 2.869e-04 2.941e-01
4.250235 -3.516e+00 -2.197e-01 1.640e-03 -7.374e-06 -7.374e-06 -7.374e-03 -8.547e-06 -8.547e-06 1.961e-02
4.260235 -3.521e+00 -2.051e-01 1.655e-03 -2.998e-04 -2.998e-04 -2.998e-01 -3.016e-04 -3.016e-04 -2.941e-01
4.270234 -3.569e+00 -2.051e-01 1.611e-03 -4.778e-04 -4.778e-04 -4.778e-01 -4.799e-04 -4.799e-04 -4.510e-01
4.280233 -3.574e+00 -2.246e-01 1.588e-03 -4.732e-04 -4.732e-04 -4.732e-01 -4.750e-04 -4.750e-04 -4.510e-01
4.290234 -3.608e+00 -2.295e-01 1.556e-03 -2.879e-04 -2.879e-04 -2.879e-01 -2.894e-04 -2.894e-04 -2.549e-01
4.300233 -3.618e+00 -2.295e-01 1.573e-03 7.335e-06 7.335e-06 7.335e-03 6.105e-06 6.105e-06 1.961e-02
4.310235 -3.618e+00 -2.100e-01 1.643e-03 2.998e-04 2.998e-04 2.998e-01 2.991e-04 2.991e-04 3.333e-01
4.320234 -3.599e+00 -1.904e-01 1.745e-03 4.778e-04 4.778e-04 4.778e-01 4.774e-04 4.774e-04 4.902e-01
4.330235 -3.569e+00 -1.270e-01 1.847e-03 4.732e-04 4.732e-04 4.732e-01 4.725e-04 4.725e-04 4.902e-01
4.340234 -3.530e+00 -8.789e-02 1.941e-03 2.879e-04 2.879e-04 2.879e-01 2.869e-04 2.869e-04 2.941e-01
4.350234 -3.501e+00 -5.371e-02 1.982e-03 -7.341e-06 -7.341e-06 -7.341e-03 -8.547e-06 -8.547e-06 1.961e-02
4.360234 -3.481e+00 -1.953e-02 1.955e-03 -2.998e-04 -2.998e-04 -2.998e-01 -3.016e-04 -3.016e-04 -2.941e-01
4.370234 -3.477e+00 0.000e+00 1.874e-03 -4.777e-04 -4.777e-04 -4.777e-01 -4.799e-04 -4.799e-04 -4.510e-01
4.380234 -3.442e+00 4.883e-03 1.807e-03 -4.732e-04 -4.732e-04 -4.732e-01 -4.750e-04 -4.750e-04 -4.510e-01
4.390234 -3.433e+00 0.000e+00 1.742e-03 -2.879e-04 -2.879e-04 -2.879e-01 -2.894e-04 -2.894e-04 -2.549e-01
4.400234 -3.403e+00 1.465e-02 1.710e-03 7.362e-06 7.362e-06 7.362e-03 6.105e-06 6.105e-06 1.961e-02
4.410233 -3.354e+00 5.371e-02 1.728e-03 2.998e-04 2.998e-04 2.998e-01 2.991e-04 2.991e-04 3.333e-01
4.420234 -3.301e+00 7.812e-02 1.798e-03 4.777e-04 4.777e-04 4.777e-01 4.774e-04 4.774e-04 4.902e-01
4.430234 -3.228e+00 1.270e-01 1.871e-03 4.732e-04 4.732e-04 4.732e-01 4.725e-04 4.725e-04 4.902e-01
4.440234 -3.174e+00 1.709e-01 1.920e-03 2.879e-04 2.879e-04 2.879e-01 2.869e-04 2.869e-04 2.941e-01
4.450234 -3.101e+00 2.100e-01 1.918e-03 -7.353e-06 -7.353e-06 -7.353e-03 -8.547e-06 -8.547e-06 1.961e-02
4.460233 -3.052e+00 2.490e-01 1.845e-03 -2.998e-04 -2.998e-04 -2.998e-01 -3.016e-04 -3.016e-04 -2.941e-01
4.470234 -3.008e+00 2.441e-01 1.742e-03 -4.777e-04 -4.777e-04 -4.777e-01 -4.799e-04 -4.799e-04 -4.510e-01
4.480234 -2.969e+00 2.637e-01 1.605e-03 -4.732e-04 -4.732e-04 -4.732e-01 -4.750e-04 -4.750e-04 -4.510e-01
4.490234 -2.935e+00 2.588e-01 1.497e-03 -2.879e-04 -2.879e-04 -2.879e-01 -2.894e-04 -2.894e-04 -2.549e-01
4.500233 -2.886e+00 2.637e-01 1.436e-03 7.329e-06 7.329e-06 7.329e-03 6.105e-06 6.105e-06 1.961e-02
4.510234 -2.827e+00 2.783e-01 1.421e-03 2.998e-04 2.998e-04 2.998e-01 2.991e-04 2.991e-04 3.333e-01
4.520235 -2.759e+00 2.832e-01 1.471e-03 4.778e-04 4.778e-04 4.778e-01 4.774e-04 4.774e-04 4.902e-01
4.530234 -2.695e+00 3.223e-01 1.506e-03 4.732e-04 4.732e-04 4.732e-01 4.725e-04 4.725e-04 4.902e-01
4.540234 -2.622e+00 3.564e-01 1.521e-03 2.879e-04 2.879e-04 2.879e-01 2.869e-04 2.869e-04 2.941e-01
4.550234 -2.568e+00 3.857e-01 1.483e-03 -7.350e-06 -7.350e-06 -7.350e-03 -8.547e-06 -8.547e-06 1.961e-02
4.560235 -2.515e+00 3.955e-01 1.389e-03 -2.998e-04 -2.998e-04 -2.998e-01 -3.016e-04 -3.016e-04 -2.941e-01
4.570233 -2.480e+00 3.711e-01 1.267e-03 -4.777e-04 -4.777e-04 -4.777e-01 -4.799e-04 -4.799e-04 -4.510e-01
4.580234 -2.461e+00 3.711e-01 1.112e-03 -4.732e-04 -4.732e-04 -4.732e-01 -4.750e-04 -4.750e-04 -4.510e-01
4.590235 -2.437e+00 3.320e-01 9.982e-04 -2.879e-04 -2.879e-04 -2.879e-01 -2.894e-04 -2.894e-04 -2.549e-01
4.600234 -2.417e+00 3.076e-01 9.310e-04 7.341e-06 7.341e-06 7.341e-03 6.105e-06 6.105e-06 1.961e-02
4.610233 -2.383e+00 3.027e-01 9.164e-04 2.998e-04 2.998e-04 2.998e-01 2.991e-04 2.991e-04 3.333e-01
4.620234 -2.358e+00 3.027e-01 9.456e-04 4.778e-04 4.778e-04 4.778e-01 4.774e-04 4.774e-04 4.902e-01
4.630233 -2.314e+00 3.271e-01 9.690e-04 4.732e-04 4.732e-04 4.732e-01 4.725e-04 4.725e-04 4.902e-01
4.640234 -2.285e+00 3.369e-01 9.894e-04 2.879e-04 2.879e-04 2.879e-01 2.869e-04 2.869e-04 2.941e-01
4.650235 -2.256e+00 3.320e-01 9.631e-04 -7.377e-06 -7.377e-06 -7.377e-03 -8.547e-06 -8.547e-06 1.961e-02
4.660233 -2.241e+00 3.125e-01 8.960e-04 -2.998e-04 -2.998e-04 -2.998e-01 -3.016e-04 -3.016e-04 -2.941e-01
4.670235 -2.266e+00 2.881e-01 7.734e-04 -4.778e-04 -4.778e-04 -4.778e-01 -4.799e-04 -4.799e-04 -4.510e-01
4.680233 -2.275e+00 2.344e-01 6.596e-04 -4.732e-04 -4.732e-04 -4.732e-01 -4.750e-04 -4.750e-04 -4.510e-01
4.690233 -2.314e+00 1.904e-01 5.604e-04 -2.879e-04 -2.879e-04 -2.879e-01 -2.894e-04 -2.894e-04 -2.549e-01
4.700234 -2.334e+00 1.465e-01 5.137e-04 7.353e-06 7.353e-06 7.353e-03 6.105e-06 6.105e-06 1.961e-02
4.710234 -2.344e+00 1.318e-01 5.224e-04 2.998e-04 2.998e-04 2.998e-01 2.991e-04 2.991e-04 3.333e-01
4.720234 -2.368e+00 1.074e-01 5.808e-04 4.778e-04 4.778e-04 4.778e-01 4.774e-04 4.774e-04 4.902e-01
4.730235 -2.373e+00 1.025e-01 6.567e-04 4.732e-04 4.732e-04 4.732e-01 4.725e-04 4.725e-04 4.902e-01
4.740234 -2.393e+00 1.074e-01 7.034e-04 2.879e-04 2.879e-04 2.879e-01 2.869e-04 2.869e-04 2.941e-01
4.750234 -2.412e+00 7.812e-02 7.355e-04 -7.359e-06 -7.359e-06 -7.359e-03 -8.547e-06 -8.547e-06 1.961e-02
4.760234 -2.446e+00 4.395e-02 7.034e-04 -2.998e-04 -2.998e-04 -2.998e-01 -3.016e-04 -3.016e-04 -2.941e-01
4.770234 -2.505e+00 9.766e-03 6.187e-04 -4.777e-04 -4.777e-04 -4.777e-01 -4.799e-04 -4.799e-04 -4.510e-01
4.780234 -2.573e+00 -3.906e-02 5.575e-04 -4.732e-04 -4.732e-04 -4.732e-01 -4.750e-04 -4.750e-04 -4.510e-01
4.790234 -2.646e+00 -9.277e-02 4.962e-04 -2.879e-04 -2.879e-04 -2.879e-01 -2.894e-04 -2.894e-04 -2.549e-01
4.800234 -2.710e+00 -1.270e-01 4.932e-04 7.350e-06 7.350e-06 7.350e-03 6.105e-06 6.105e-06 1.961e-02
4.810235 -2.764e+00 -1.660e-01 5.633e-04 2.998e-04 2.998e-04 2.998e-01 2.991e-04 2.991e-04 3.333e-01
4.820234 -2.798e+00 -1.855e-01 6.596e-04 4.778e-04 4.778e-04 4.778e-01 4.774e-04 4.774e-04 4.902e-01
4.830234 -2.852e+00 -1.855e-01 7.880e-04 4.732e-04 4.732e-04 4.732e-01 4.725e-04 4.725e-04 4.902e-01
4.840234 -2.886e+00 -1.855e-01 8.814e-04 2.879e-04 2.879e-04 2.879e-01 2.869e-04 2.869e-04 2.941e-01
4.850234 -2.944e+00 -1.953e-01 9.515e-04 -7.341e-06 -7.341e-06 -7.341e-03 -8.547e-06 -8.547e-06 1.961e-02
4.860233 -3.003e+00 -2.197e-01 9.690e-04 -2.998e-04 -2.998e-04 -2.998e-01 -3.016e-04 -3.016e-04 -2.941e-01
4.870233 -3.086e+00 -2.490e-01 9.281e-04 -4.777e-04 -4.777e-04 -4.777e-01 -4.799e-04 -4.799e-04 -4.510e-01
4.880234 -3.159e+00 -2.783e-01 8.989e-04 -4.732e-04 -4.732e-04 -4.732e-01 -4.750e-04 -4.750e-04 -4.510e-01
4.890235 -3.237e+00 -3.223e-01 8.814e-04 -2.879e-04 -2.879e-04 -2.879e-01 -2.894e-04 -2.894e-04 -2.549e-01
4.900233 -3.296e+00 -3.467e-01 9.135e-04 7.332e-06 7.332e-06 7.332e-03 6.105e-06 6.105e-06 1.961e-02
4.910234 -3.354e+00 -3.613e-01 1.013e-03 2.998e-04 2.998e-04 2.998e-01 2.991e-04 2.991e-04 3.333e-01
4.920234 -3.413e+00 -3.613e-01 1.129e-03 4.778e-04 4.778e-04 4.778e-01 4.774e-04 4.774e-04 4.902e-01
4.930233 -3.438e+00 -3.369e-01 1.290e-03 4.732e-04 4.732e-04 4.732e-01 4.725e-04 4.725e-04 4.902e-01
4.940234 -3.477e+00 -3.223e-01 1.416e-03 2.879e-04 2.879e-04 2.879e-01 2.869e-04 2.869e-04 2.941e-01
4.950234 -3.501e+00 -3.125e-01 1.494e-03 -7.353e-06 -7.353e-06 -7.353e-03 -8.547e-06 -8.547e-06 1.961e-02
4.960233 -3.540e+00 -3.027e-01 1.518e-03 -2.998e-04 -2.998e-04 -2.998e-01 -3.016e-04 -3.016e-04 -2.941e-01
4.970235 -3.584e+00 -3.223e-01 1.521e-03 -4.778e-04 -4.778e-04 -4.778e-01 -4.799e-04 -4.799e-04 -4.510e-01
4.980235 -3.628e+00 -3.223e-01 1.471e-03 -4.732e-04 -4.732e-04 -4.732e-01 -4.750e-04 -4.750e-04 -4.510e-01
4.990233 -3.682e+00 -3.369e-01 1.459e-03 -2.879e-04 -2.879e-04 -2.879e-01 -2.894e-04 -2.894e-04 -2.549e-01
5.000234 -3.711e+00 -3.418e-01 1.494e-03 7.344e-06 7.344e-06 7.344e-03 6.105e-06 6.105e-06 1.961e-02
5.010233 -3.726e+00 -3.223e-01 1.582e-03 2.998e-04 2.998e-04 2.998e-01 2.991e-04 2.991e-04 3.333e-01
5.020233 -3.750e+00 -2.930e-01 1.693e-03 4.777e-04 4.777e-04 4.777e-01 4.774e-04 4.774e-04 4.902e-01
5.030234 -3.726e+00 -2.539e-01 1.833e-03 4.732e-04 4.732e-04 4.732e-01 4.725e-04 4.725e-04 4.902e-01
5.040233 -3.716e+00 -2.100e-01 1.941e-03 2.879e-04 2.879e-04 2.879e-01 2.869e-04 2.869e-04 2.941e-01
5.050234 -3.696e+00 -1.709e-01 2.002e-03 -7.365e-06 -7.365e-06 -7.365e-03 -8.547e-06 -8.547e-06 1.961e-02
5.060233 -3.682e+00 -1.270e-01 1.990e-03 -2.998e-04 -2.998e-04 -2.998e-01 -3.016e-04 -3.016e-04 -2.941e-01
5.070233 -3.691e+00 -1.172e-01 1.938e-03 -4.777e-04 -4.777e-04 -4.777e-01 -4.799e-04 -4.799e-04 -4.510e-01
5.080234 -3.662e+00 -1.221e-01 1.882e-03 -4.732e-04 -4.732e-04 -4.732e-01 -4.750e-04 -4.750e-04 -4.510e-01
5.090234 -3.662e+00 -1.123e-01 1.836e-03 -2.879e-04 -2.879e-04 -2.879e-01 -2.894e-04 -2.894e-04 -2.549e-01
5.100234 -3.638e+00 -9.766e-02 1.833e-03 7.342e-06 7.342e-06 7.342e-03 6.105e-06 6.105e-06 1.961e-02
5.110233 -3.594e+00 -6.836e-02 1.880e-03 2.998e-04 2.998e-04 2.998e-01 2.991e-04 2.991e-04 3.333e-01
5.120234 -3.540e+00 -2.930e-02 1.958e-03 4.777e-04 4.777e-04 4.777e-01 4.774e-04 4.774e-04 4.902e-01
5.130234 -3.486e+00 3.418e-02 2.046e-03 4.732e-04 4.732e-04 4.732e-01 4.725e-04 4.725e-04 4.902e-01
5.140235 -3.428e+00 8.789e-02 2.101e-03 2.879e-04 2.879e-04 2.879e-01 2.869e-04 2.869e-04 2.941e-01
5.150234 -3.364e+00 1.367e-01 2.107e-03 -7.363e-06 -7.363e-06 -7.363e-03 -8.547e-06 -8.547e-06 1.961e-02
5.160234 -3.306e+00 1.709e-01 2.055e-03 -2.998e-04 -2.998e-04 -2.998e-01 -3.016e-04 -3.016e-04 -2.941e-01
5.170234 -3.252e+00 1.807e-01 1.955e-03 -4.778e-04 -4.778e-04 -4.778e-01 -4.799e-04 -4.799e-04 -4.510e-01
5.180233 -3.213e+00 2.100e-01 1.830e-03 -4.732e-04 -4.732e-04 -4.732e-01 -4.750e-04 -4.750e-04 -4.510e-01
5.190233 -3.164e+00 2.002e-01 1.737e-03 -2.879e-04 -2.879e-04 -2.879e-01 -2.894e-04 -2.894e-04 -2.549e-01
5.200233 -3.105e+00 2.051e-01 1.690e-03 7.339e-06 7.339e-06 7.339e-03 6.105e-06 6.105e-06 1.961e-02
5.210234 -3.042e+00 2.441e-01 1.681e-03 2.998e-04 2.998e-04 2.998e-01 2.991e-04 2.991e-04 3.333e-01
5.220235 -2.964e+00 2.686e-01 1.716e-03 4.778e-04 4.778e-04 4.778e-01 4.774e-04 4.774e-04 4.902e-01
5.230234 -2.881e+00 3.271e-01 1.751e-03 4.732e-04 4.732e-04 4.732e-01 4.725e-04 4.725e-04 4.902e-01
5.240233 -2.798e+00 3.662e-01 1.754e-03 2.879e-04 2.879e-04 2.879e-01 2.869e-04 2.869e-04 2.941e-01
5.250235 -2.720e+00 4.102e-01 1.713e-03 -7.375e-06 -7.375e-06 -7.375e-03 -8.547e-06 -8.547e-06 1.961e-02
5.260233 -2.651e+00 4.248e-01 1.626e-03 -2.998e-04 -2.998e-04 -2.998e-01 -3.016e-04 -3.016e-04 -2.941e-01
5.270233 -2.588e+00 4.053e-01 1.506e-03 -4.777e-04 -4.777e-04 -4.777e-01 -4.799e-04 -4.799e-04 -4.510e-01
5.280235 -2.549e+00 4.102e-01 1.348e-03 -4.732e-04 -4.732e-04 -4.732e-01 -4.750e-04 -4.750e-04 -4.510e-01
5.290234 -2.515e+00 4.004e-01 1.211e-03 -2.879e-04 -2.879e-04 -2.879e-01 -2.894e-04 -2.894e-04 -2.549e-01
5.300234 -2.466e+00 3.906e-01 1.127e-03 7.366e-06 7.366e-06 7.366e-03 6.105e-06 6.105e-06 1.961e-02
5.310234 -2.417e+00 3.955e-01 1.092e-03 2.998e-04 2.998e-04 2.998e-01 2.991e-04 2.991e-04 3.333e-01
5.320233 -2.354e+00 3.955e-01 1.100e-03 4.777e-04 4.777e-04 4.777e-01 4.774e-04 4.774e-04 4.902e-01
5.330234 -2.285e+00 4.199e-01 1.127e-03 4.732e-04 4.732e-04 4.732e-01 4.725e-04 4.725e-04 4.902e-01
5.340234 -2.241e+00 4.346e-01 1.129e-03 2.879e-04 2.879e-04 2.879e-01 2.869e-04 2.869e-04 2.941e-01
5.350234 -2.188e+00 4.395e-01 1.092e-03 -7.357e-06 -7.357e-06 -7.357e-03 -8.547e-06 -8.547e-06 1.961e-02
5.360234 -2.153e+00 4.297e-01 9.982e-04 -2.998e-04 -2.998e-04 -2.998e-01 -3.016e-04 -3.016e-04 -2.941e-01
5.370234 -2.148e+00 3.906e-01 8.697e-04 -4.777e-04 -4.777e-04 -4.777e-01 -4.799e-04 -4.799e-04 -4.510e-01
5.380234 -2.148e+00 3.760e-01 7.092e-04 -4.732e-04 -4.732e-04 -4.732e-01 -4.750e-04 -4.750e-04 -4.510e-01
5.390234 -2.158e+00 3.223e-01 5.983e-04 -2.879e-04 -2.879e-04 -2.879e-01 -2.894e-04 -2.894e-04 -2.549e-01
5.400234 -2.168e+00 2.832e-01 5.283e-04 7.348e-06 7.348e-06 7.348e-03 6.105e-06 6.105e-06 1.961e-02
5.410234 -2.163e+00 2.637e-01 5.166e-04 2.998e-04 2.998e-04 2.998e-01 2.991e-04 2.991e-04 3.333e-01
5.420235 -2.168e+00 2.490e-01 5.487e-04 4.778e-04 4.778e-04 4.778e-01 4.774e-04 4.774e-04 4.902e-01
5.430233 -2.134e+00 2.344e-01 6.100e-04 4.732e-04 4.732e-04 4.732e-01 4.725e-04 4.725e-04 4.902e-01
5.440233 -2.153e+00 2.197e-01 6.479e-04 2.879e-04 2.879e-04 2.879e-01 2.869e-04 2.869e-04 2.941e-01
5.450233 -2.173e+00 2.100e-01 6.479e-04 -7.324e-06 -7.324e-06 -7.324e-03 -8.547e-06 -8.547e-06 1.961e-02
5.460235 -2.192e+00 1.807e-01 5.866e-04 -2.998e-04 -2.998e-04 -2.998e-01 -3.016e-04 -3.016e-04 -2.941e-01
5.470234 -2.256e+00 1.465e-01 4.816e-04 -4.778e-04 -4.778e-04 -4.778e-01 -4.799e-04 -4.799e-04 -4.510e-01
5.480234 -2.295e+00 7.812e-02 3.998e-04 -4.732e-04 -4.732e-04 -4.732e-01 -4.750e-04 -4.750e-04 -4.510e-01
5.490234 -2.363e+00 2.441e-02 3.240e-04 -2.879e-04 -2.879e-04 -2.879e-01 -2.894e-04 -2.894e-04 -2.549e-01
5.500233 -2.432e+00 -2.441e-02 3.065e-04 7.330e-06 7.330e-06 7.330e-03 6.105e-06 6.105e-06 1.961e-02
5.510233 -2.476e+00 -5.859e-02 3.473e-04 2.998e-04 2.998e-04 2.998e-01 2.991e-04 2.991e-04 3.333e-01
5.520233 -2.544e+00 -8.789e-02 4.378e-04 4.777e-04 4.777e-04 4.777e-01 4.774e-04 4.774e-04 4.902e-01
5.530235 -2.568e+00 -1.123e-01 5.633e-04 4.732e-04 4.732e-04 4.732e-01 4.725e-04 4.725e-04 4.902e-01
5.540234 -2.627e+00 -1.123e-01 6.421e-04 2.879e-04 2.879e-04 2.879e-01 2.869e-04 2.869e-04 2.941e-01
5.550234 -2.681e+00 -1.318e-01 6.975e-04 -7.366e-06 -7.366e-06 -7.366e-03 -8.547e-06 -8.547e-06 1.961e-02
5.560234 -2.744e+00 -1.660e-01 7.005e-04 -2.998e-04 -2.998e-04 -2.998e-01 -3.016e-04 -3.016e-04 -2.941e-01
5.570233 -2.842e+00 -2.148e-01 6.596e-04 -4.777e-04 -4.777e-04 -4.777e-01 -4.799e-04 -4.799e-04 -4.510e-01
5.580235 -2.930e+00 -2.539e-01 6.217e-04 -4.732e-04 -4.732e-04 -4.732e-01 -4.750e-04 -4.750e-04 -4.510e-01
5.590234 -3.027e+00 -3.076e-01 6.071e-04 -2.879e-04 -2.879e-04 -2.879e-01 -2.894e-04 -2.894e-04 -2.549e-01
5.600234 -3.101e+00 -3.516e-01 6.479e-04 7.342e-06 7.342e-06 7.342e-03 6.105e-06 6.105e-06 1.961e-02
5.610234 -3.164e+00 -3.760e-01 7.442e-04 2.998e-04 2.998e-04 2.998e-01 2.991e-04 2.991e-04 3.333e-01
5.620233 -3.252e+00 -3.809e-01 8.697e-04 4.777e-04 4.777e-04 4.777e-01 4.774e-04 4.774e-04 4.902e-01
5.630234 -3.296e+00 -3.662e-01 1.024e-03 4.732e-04 4.732e-04 4.732e-01 4.725e-04 4.725e-04 4.902e-01
5.640234 -3.350e+00 -3.711e-01 1.167e-03 2.879e-04 2.879e-04 2.879e-01 2.869e-04 2.869e-04 2.941e-01
5.650233 -3.408e+00 -3.662e-01 1.252e-03 -7.333e-06 -7.333e-06 -7.333e-03 -8.547e-06 -8.547e-06 1.961e-02
5.660233 -3.462e+00 -3.613e-01 1.281e-03 -2.998e-04 -2.998e-04 -2.998e-01 -3.016e-04 -3.016e-04 -2.941e-01
5.670234 -3.530e+00 -3.857e-01 1.273e-03 -4.777e-04 -4.777e-04 -4.777e-01 -4.799e-04 -4.799e-04 -4.510e-01
5.680234 -3.613e+00 -4.053e-01 1.264e-03 -4.732e-04 -4.732e-04 -4.732e-01 -4.750e-04 -4.750e-04 -4.510e-01
5.690233 -3.687e+00 -4.395e-01 1.273e-03 -2.879e-04 -2.879e-04 -2.879e-01 -2.894e-04 -2.894e-04 -2.549e-01
5.700234 -3.740e+00 -4.492e-01 1.328e-03 7.369e-06 7.369e-06 7.369e-03 6.105e-06 6.105e-06 1.961e-02
5.710234 -3.770e+00 -4.395e-01 1.433e-03 2.998e-04 2.998e-04 2.998e-01 2.991e-04 2.991e-04 3.333e-01
5.720234 -3.799e+00 -4.346e-01 1.591e-03 4.777e-04 4.777e-04 4.777e-01 4.774e-04 4.774e-04 4.902e-01
5.730234 -3.823e+00 -3.809e-01 1.728e-03 4.732e-04 4.732e-04 4.732e-01 4.725e-04 4.725e-04 4.902e-01
5.740234 -3.828e+00 -3.418e-01 1.853e-03 2.879e-04 2.879e-04 2.879e-01 2.869e-04 2.869e-04 2.941e-01
5.750234 -3.833e+00 -3.027e-01 1.932e-03 -7.360e-06 -7.360e-06 -7.360e-03 -8.547e-06 -8.547e-06 1.961e-02
5.760234 -3.838e+00 -2.881e-01 1.964e-03 -2.998e-04 -2.998e-04 -2.998e-01 -3.016e-04 -3.016e-04 -2.941e-01
5.770233 -3.867e+00 -2.881e-01 1.947e-03 -4.777e-04 -4.777e-04 -4.777e-01 -4.799e-04 -4.799e-04 -4.510e-01
5.780233 -3.862e+00 -2.734e-01 1.909e-03 -4.732e-04 -4.732e-04 -4.732e-01 -4.750e-04 -4.750e-04 -4.510e-01
5.790234 -3.877e+00 -2.588e-01 1.874e-03 -2.879e-04 -2.879e-04 -2.879e-01 -2.894e-04 -2.894e-04 -2.549e-01
5.800234 -3.877e+00 -2.441e-01 1.891e-03 7.366e-06 7.366e-06 7.366e-03 6.105e-06 6.105e-06 1.961e-02
5.810234 -3.867e+00 -2.051e-01 1.958e-03 2.998e-04 2.998e-04 2.998e-01 2.991e-04 2.991e-04 3.333e-01
5.820235 -3.838e+00 -1.611e-01 2.058e-03 4.778e-04 4.778e-04 4.778e-01 4.774e-04 4.774e-04 4.902e-01
5.830234 -3.770e+00 -1.025e-01 2.171e-03 4.732e-04 4.732e-04 4.732e-01 4.725e-04 4.725e-04 4.902e-01
5.840235 -3.716e+00 -4.395e-02 2.241e-03 2.879e-04 2.879e-04 2.879e-01 2.869e-04 2.869e-04 2.941e-01
5.850234 -3.652e+00 4.883e-03 2.279e-03 -7.357e-06 -7.357e-06 -7.357e-03 -8.547e-06 -8.547e-06 1.961e-02
5.860234 -3.589e+00 4.883e-02 2.244e-03 -2.998e-04 -2.998e-04 -2.998e-01 -3.016e-04 -3.016e-04 -2.941e-01
5.870235 -3.574e+00 7.324e-02 2.160e-03 -4.778e-04 -4.778e-04 -4.778e-01 -4.799e-04 -4.799e-04 -4.510e-01
5.880234 -3.511e+00 9.277e-02 2.069e-03 -4.732e-04 -4.732e-04 -4.732e-01 -4.750e-04 -4.750e-04 -4.510e-01
5.890234 -3.462e+00 1.074e-01 1.985e-03 -2.879e-04 -2.879e-04 -2.879e-01 -2.894e-04 -2.894e-04 -2.549e-01
5.900234 -3.408e+00 1.318e-01 1.944e-03 7.363e-06 7.363e-06 7.363e-03 6.105e-06 6.105e-06 1.961e-02
5.910234 -3.340e+00 1.758e-01 1.944e-03 2.998e-04 2.998e-04 2.998e-01 2.991e-04 2.991e-04 3.333e-01
5.920233 -3.257e+00 2.100e-01 1.990e-03 4.777e-04 4.777e-04 4.777e-01 4.774e-04 4.774e-04 4.902e-01
5.930233 -3.149e+00 2.734e-01 2.040e-03 4.732e-04 4.732e-04 4.732e-01 4.725e-04 4.725e-04 4.902e-01
5.940234 -3.057e+00 3.320e-01 2.046e-03 2.879e-04 2.879e-04 2.879e-01 2.869e-04 2.869e-04 2.941e-01
5.950233 -2.949e+00 3.711e-01 2.023e-03 -7.339e-06 -7.339e-06 -7.339e-03 -8.547e-06 -8.547e-06 1.961e-02
5.960235 -2.891e+00 4.199e-01 1.920e-03 -2.998e-04 -2.998e-04 -2.998e-01 -3.016e-04 -3.016e-04 -2.941e-01
5.970234 -2.808e+00 4.004e-01 1.807e-03 -4.778e-04 -4.778e-04 -4.778e-01 -4.799e-04 -4.799e-04 -4.510e-01
5.980234 -2.739e+00 4.150e-01 1.649e-03 -4.732e-04 -4.732e-04 -4.732e-01 -4.750e-04 -4.750e-04 -4.510e-01
5.990233 -2.695e+00 4.248e-01 1.503e-03 -2.879e-04 -2.879e-04 -2.879e-01 -2.894e-04 -2.894e-04 -2.549e-01
6.000234 -2.622e+00 4.248e-01 1.410e-03 7.360e-06 7.360e-06 7.360e-03 6.105e-06 6.105e-06 1.961e-02
6.010233 -2.529e+00 4.492e-01 1.363e-03 2.998e-04 2.998e-04 2.998e-01 2.991e-04 2.991e-04 3.333e-01
6.020233 -2.461e+00 4.590e-01 1.369e-03 4.777e-04 4.777e-04 4.777e-01 4.774e-04 4.774e-04 4.902e-01
6.030235 -2.368e+00 4.932e-01 1.380e-03 4.732e-04 4.732e-04 4.732e-01 4.725e-04 4.725e-04 4.902e-01
6.040235 -2.285e+00 5.225e-01 1.363e-03 2.879e-04 2.879e-04 2.879e-01 2.869e-04 2.869e-04 2.941e-01
6.050234 -2.217e+00 5.322e-01 1.316e-03 -7.351e-06 -7.351e-06 -7.351e-03 -8.547e-06 -8.547e-06 1.961e-02
6.060234 -2.158e+00 5.371e-01 1.200e-03 -2.998e-04 -2.998e-04 -2.998e-01 -3.016e-04 -3.016e-04 -2.941e-01
6.070233 -2.129e+00 5.127e-01 1.051e-03 -4.777e-04 -4.777e-04 -4.777e-01 -4.799e-04 -4.799e-04 -4.510e-01
6.080234 -2.095e+00 4.932e-01 8.843e-04 -4.732e-04 -4.732e-04 -4.732e-01 -4.750e-04 -4.750e-04 -4.510e-01
6.090234 -2.080e+00 4.541e-01 7.355e-04 -2.879e-04 -2.879e-04 -2.879e-01 -2.894e-04 -2.894e-04 -2.549e-01
6.100233 -2.051e+00 4.297e-01 6.392e-04 7.327e-06 7.327e-06 7.327e-03 6.105e-06 6.105e-06 1.961e-02
6.110234 -2.021e+00 4.150e-01 6.041e-04 2.998e-04 2.998e-04 2.998e-01 2.991e-04 2.991e-04 3.333e-01
6.120234 -1.997e+00 3.955e-01 6.158e-04 4.778e-04 4.778e-04 4.778e-01 4.774e-04 4.774e-04 4.902e-01
6.130235 -1.953e+00 4.004e-01 6.392e-04 4.732e-04 4.732e-04 4.732e-01 4.725e-04 4.725e-04 4.902e-01
6.140234 -1.953e+00 3.906e-01 6.538e-04 2.879e-04 2.879e-04 2.879e-01 2.869e-04 2.869e-04 2.941e-01
6.150235 -1.934e+00 3.711e-01 6.187e-04 -7.378e-06 -7.378e-06 -7.378e-03 -8.547e-06 -8.547e-06 1.961e-02
6.160233 -1.938e+00 3.467e-01 5.429e-04 -2.998e-04 -2.998e-04 -2.998e-01 -3.016e-04 -3.016e-04 -2.941e-01
6.170234 -1.978e+00 2.930e-01 4.261e-04 -4.778e-04 -4.778e-04 -4.778e-01 -4.799e-04 -4.799e-04 -4.510e-01
6.180233 -2.012e+00 2.393e-01 3.006e-04 -4.732e-04 -4.732e-04 -4.732e-01 -4.750e-04 -4.750e-04 -4.510e-01
6.190234 -2.061e+00 1.758e-01 2.072e-04 -2.879e-04 -2.879e-04 -2.879e-01 -2.894e-04 -2.894e-04 -2.549e-01
6.200234 -2.109e+00 1.172e-01 1.664e-04 7.354e-06 7.354e-06 7.354e-03 6.105e-06 6.105e-06 1.961e-02
6.210234 -2.148e+00 7.812e-02 1.868e-04 2.998e-04 2.998e-04 2.998e-01 2.991e-04 2.991e-04 3.333e-01
6.220233 -2.197e+00 3.906e-02 2.598e-04 4.777e-04 4.777e-04 4.777e-01 4.774e-04 4.774e-04 4.902e-01
6.230235 -2.227e+00 2.930e-02 3.444e-04 4.732e-04 4.732e-04 4.732e-01 4.725e-04 4.725e-04 4.902e-01
6.240233 -2.285e+00 4.883e-03 4.115e-04 2.879e-04 2.879e-04 2.879e-01 2.869e-04 2.869e-04 2.941e-01
6.250234 -2.349e+00 -2.441e-02 4.436e-04 -7.346e-06 -7.346e-06 -7.346e-03 -8.547e-06 -8.547e-06 1.961e-02
6.260233 -2.417e+00 -6.348e-02 4.320e-04 -2.998e-04 -2.998e-04 -2.998e-01 -3.016e-04 -3.016e-04 -2.941e-01
6.270233 -2.505e+00 -1.172e-01 3.794e-04 -4.777e-04 -4.777e-04 -4.777e-01 -4.799e-04 -4.799e-04 -4.510e-01
6.280235 -2.593e+00 -1.709e-01 3.210e-04 -4.732e-04 -4.732e-04 -4.732e-01 -4.750e-04 -4.750e-04 -4.510e-01
6.290234 -2.700e+00 -2.490e-01 3.065e-04 -2.879e-04 -2.879e-04 -2.879e-01 -2.894e-04 -2.894e-04 -2.549e-01
6.300233 -2.788e+00 -2.979e-01 3.327e-04 7.337e-06 7.337e-06 7.337e-03 6.105e-06 6.105e-06 1.961e-02
6.310234 -2.876e+00 -3.320e-01 4.144e-04 2.998e-04 2.998e-04 2.998e-01 2.991e-04 2.991e-04 3.333e-01
6.320233 -2.974e+00 -3.613e-01 5.516e-04 4.777e-04 4.777e-04 4.777e-01 4.774e-04 4.774e-04 4.902e-01
6.330235 -3.042e+00 -3.613e-01 6.946e-04 4.732e-04 4.732e-04 4.732e-01 4.725e-04 4.725e-04 4.902e-01
6.340233 -3.105e+00 -3.809e-01 8.376e-04 2.879e-04 2.879e-04 2.879e-01 2.869e-04 2.869e-04 2.941e-01
6.350234 -3.184e+00 -3.857e-01 9.281e-04 -7.358e-06 -7.358e-06 -7.358e-03 -8.547e-06 -8.547e-06 1.961e-02
6.360235 -3.271e+00 -4.053e-01 9.690e-04 -2.998e-04 -2.998e-04 -2.998e-01 -3.016e-04 -3.016e-04 -2.941e-01
6.370234 -3.369e+00 -4.443e-01 9.690e-04 -4.778e-04 -4.778e-04 -4.778e-01 -4.799e-04 -4.799e-04 -4.510e-01
6.380233 -3.462e+00 -4.736e-01 9.661e-04 -4.732e-04 -4.732e-04 -4.732e-01 -4.750e-04 -4.750e-04 -4.510e-01
6.390234 -3.564e+00 -5.176e-01 9.894e-04 -2.879e-04 -2.879e-04 -2.879e-01 -2.894e-04 -2.894e-04 -2.549e-01
6.400234 -3.652e+00 -5.371e-01 1.048e-03 7.364e-06 7.364e-06 7.364e-03 6.105e-06 6.105e-06 1.961e-02
6.410234 -3.730e+00 -5.469e-01 1.176e-03 2.998e-04 2.998e-04 2.998e-01 2.991e-04 2.991e-04 3.333e-01
6.420233 -3.784e+00 -5.420e-01 1.340e-03 4.777e-04 4.777e-04 4.777e-01 4.774e-04 4.774e-04 4.902e-01
6.430233 -3.823e+00 -4.980e-01 1.500e-03 4.732e-04 4.732e-04 4.732e-01 4.725e-04 4.725e-04 4.902e-01
6.440235 -3.872e+00 -4.785e-01 1.661e-03 2.879e-04 2.879e-04 2.879e-01 2.869e-04 2.869e-04 2.941e-01
6.450234 -3.901e+00 -4.541e-01 1.766e-03 -7.370e-06 -7.370e-06 -7.370e-03 -8.547e-06 -8.547e-06 1.961e-02
6.460234 -3.940e+00 -4.395e-01 1.810e-03 -2.998e-04 -2.998e-04 -2.998e-01 -3.016e-04 -3.016e-04 -2.941e-01
6.470233 -3.999e+00 -4.443e-01 1.818e-03 -4.777e-04 -4.777e-04 -4.777e-01 -4.799e-04 -4.799e-04 -4.510e-01
6.480235 -4.028e+00 -4.395e-01 1.812e-03 -4.732e-04 -4.732e-04 -4.732e-01 -4.750e-04 -4.750e-04 -4.510e-01
6.490233 -4.082e+00 -4.346e-01 1.810e-03 -2.879e-04 -2.879e-04 -2.879e-01 -2.894e-04 -2.894e-04 -2.549e-01
6.500233 -4.097e+00 -4.150e-01 1.853e-03 7.331e-06 7.331e-06 7.331e-03 6.105e-06 6.105e-06 1.961e-02
6.510234 -4.097e+00 -3.857e-01 1.950e-03 2.998e-04 2.998e-04 2.998e-01 2.991e-04 2.991e-04 3.333e-01
6.520234 -4.082e+00 -3.467e-01 2.084e-03 4.777e-04 4.777e-04 4.777e-01 4.774e-04 4.774e-04 4.902e-01
6.530235 -4.043e+00 -2.881e-01 2.227e-03 4.732e-04 4.732e-04 4.732e-01 4.725e-04 4.725e-04 4.902e-01
6.540234 -4.019e+00 -2.246e-01 2.326e-03 2.879e-04 2.879e-04 2.879e-01 2.869e-04 2.869e-04 2.941e-01
6.550233 -3.975e+00 -1.758e-01 2.390e-03 -7.337e-06 -7.337e-06 -7.337e-03 -8.547e-06 -8.547e-06 1.961e-02
6.560234 -3.936e+00 -1.270e-01 2.387e-03 -2.998e-04 -2.998e-04 -2.998e-01 -3.016e-04 -3.016e-04 -2.941e-01
6.570234 -3.901e+00 -9.277e-02 2.326e-03 -4.777e-04 -4.777e-04 -4.777e-01 -4.799e-04 -4.799e-04 -4.510e-01
6.580235 -3.867e+00 -6.348e-02 2.259e-03 -4.732e-04 -4.732e-04 -4.732e-01 -4.750e-04 -4.750e-04 -4.510e-01
6.590233 -3.843e+00 -4.395e-02 2.198e-03 -2.879e-04 -2.879e-04 -2.879e-01 -2.894e-04 -2.894e-04 -2.549e-01
6.600233 -3.774e+00 0.000e+00 2.177e-03 7.328e-06 7.328e-06 7.328e-03 6.105e-06 6.105e-06 1.961e-02
6.610234 -3.711e+00 4.395e-02 2.198e-03 2.998e-04 2.998e-04 2.998e-01 2.991e-04 2.991e-04 3.333e-01
6.620234 -3.633e+00 9.277e-02 2.265e-03 4.777e-04 4.777e-04 4.777e-01 4.774e-04 4.774e-04 4.902e-01
6.630233 -3.525e+00 1.660e-01 2.332e-03 4.732e-04 4.732e-04 4.732e-01 4.725e-04 4.725e-04 4.902e-01
6.640234 -3.428e+00 2.295e-01 2.367e-03 2.879e-04 2.879e-04 2.879e-01 2.869e-04 2.869e-04 2.941e-01
6.650234 -3.325e+00 2.930e-01 2.341e-03 -7.349e-06 -7.349e-06 -7.349e-03 -8.547e-06 -8.547e-06 1.961e-02
6.660233 -3.237e+00 3.418e-01 2.268e-03 -2.998e-04 -2.998e-04 -2.998e-01 -3.016e-04 -3.016e-04 -2.941e-01
6.670234 -3.140e+00 3.613e-01 2.148e-03 -4.777e-04 -4.777e-04 -4.777e-01 -4.799e-04 -4.799e-04 -4.510e-01
6.680233 -3.062e+00 4.004e-01 1.988e-03 -4.732e-04 -4.732e-04 -4.732e-01 -4.750e-04 -4.750e-04 -4.510e-01
6.690234 -2.993e+00 4.102e-01 1.850e-03 -2.879e-04 -2.879e-04 -2.879e-01 -2.894e-04 -2.894e-04 -2.549e-01
6.700233 -2.896e+00 4.199e-01 1.772e-03 7.325e-06 7.325e-06 7.325e-03 6.105e-06 6.105e-06 1.961e-02
6.710233 -2.812e+00 4.492e-01 1.731e-03 2.998e-04 2.998e-04 2.998e-01 2.991e-04 2.991e-04 3.333e-01
6.720235 -2.690e+00 4.785e-01 1.728e-03 4.778e-04 4.778e-04 4.778e-01 4.774e-04 4.774e-04 4.902e-01
6.730233 -2.573e+00 5.420e-01 1.731e-03 4.732e-04 4.732e-04 4.732e-01 4.725e-04 4.725e-04 4.902e-01
6.740234 -2.476e+00 5.762e-01 1.713e-03 2.879e-04 2.879e-04 2.879e-01 2.869e-04 2.869e-04 2.941e-01
6.750234 -2.363e+00 6.152e-01 1.637e-03 -7.346e-06 -7.346e-06 -7.346e-03 -8.547e-06 -8.547e-06 1.961e-02
6.760233 -2.280e+00 6.348e-01 1.506e-03 -2.998e-04 -2.998e-04 -2.998e-01 -3.016e-04 -3.016e-04 -2.941e-01
6.770235 -2.222e+00 6.250e-01 1.340e-03 -4.778e-04 -4.778e-04 -4.778e-01 -4.799e-04 -4.799e-04 -4.510e-01
6.780235 -2.144e+00 6.055e-01 1.167e-03 -4.732e-04 -4.732e-04 -4.732e-01 -4.750e-04 -4.750e-04 -4.510e-01
6.790234 -2.090e+00 5.811e-01 9.952e-04 -2.879e-04 -2.879e-04 -2.879e-01 -2.894e-04 -2.894e-04 -2.549e-01
6.800234 -2.021e+00 5.664e-01 8.785e-04 7.367e-06 7.367e-06 7.367e-03 6.105e-06 6.105e-06 1.961e-02
6.810233 -1.973e+00 5.566e-01 8.230e-04 2.998e-04 2.998e-04 2.998e-01 2.991e-04 2.991e-04 3.333e-01
6.820234 -1.924e+00 5.566e-01 8.026e-04 4.777e-04 4.777e-04 4.777e-01 4.774e-04 4.774e-04 4.902e-01
6.830234 -1.865e+00 5.762e-01 7.997e-04 4.732e-04 4.732e-04 4.732e-01 4.725e-04 4.725e-04 4.902e-01
6.840233 -1.807e+00 5.811e-01 7.734e-04 2.879e-04 2.879e-04 2.879e-01 2.869e-04 2.869e-04 2.941e-01
6.850235 -1.763e+00 5.615e-01 7.209e-04 -7.373e-06 -7.373e-06 -7.373e-03 -8.547e-06 -8.547e-06 1.961e-02
6.860234 -1.729e+00 5.322e-01 6.071e-04 -2.998e-04 -2.998e-04 -2.998e-01 -3.016e-04 -3.016e-04 -2.941e-01
6.870234 -1.733e+00 4.883e-01 4.611e-04 -4.778e-04 -4.778e-04 -4.778e-01 -4.799e-04 -4.799e-04 -4.510e-01
6.880234 -1.743e+00 4.443e-01 3.065e-04 -4.732e-04 -4.732e-04 -4.732e-01 -4.750e-04 -4.750e-04 -4.510e-01
6.890234 -1.777e+00 3.711e-01 1.780e-04 -2.879e-04 -2.879e-04 -2.879e-01 -2.894e-04 -2.894e-04 -2.549e-01
6.900234 -1.792e+00 3.174e-01 1.080e-04 7.364e-06 7.364e-06 7.364e-03 6.105e-06 6.105e-06 1.961e-02
6.910234 -1.821e+00 2.734e-01 9.048e-05 2.998e-04 2.998e-04 2.998e-01 2.991e-04 2.991e-04 3.333e-01
6.920234 -1.860e+00 2.441e-01 1.167e-04 4.777e-04 4.777e-04 4.777e-01 4.774e-04 4.774e-04 4.902e-01
6.930234 -1.870e+00 2.295e-01 1.751e-04 4.732e-04 4.732e-04 4.732e-01 4.725e-04 4.725e-04 4.902e-01
6.940234 -1.899e+00 1.855e-01 2.277e-04 2.879e-04 2.879e-04 2.879e-01 2.869e-04 2.869e-04 2.941e-01
6.950234 -1.943e+00 1.562e-01 2.277e-04 -7.355e-06 -7.355e-06 -7.355e-03 -8.547e-06 -8.547e-06 1.961e-02
6.960234 -1.997e+00 1.025e-01 1.897e-04 -2.998e-04 -2.998e-04 -2.998e-01 -3.016e-04 -3.016e-04 -2.941e-01
6.970233 -2.095e+00 3.906e-02 1.109e-04 -4.777e-04 -4.777e-04 -4.777e-01 -4.799e-04 -4.799e-04 -4.510e-01
6.980234 -2.183e+00 -3.906e-02 4.378e-05 -4.732e-04 -4.732e-04 -4.732e-01 -4.750e-04 -4.750e-04 -4.510e-01
6.990233 -2.285e+00 -1.123e-01 -1.459e-05 -2.879e-04 -2.879e-04 -2.879e-01 -2.894e-04 -2.894e-04 -2.549e-01
7.000234 -2.388e+00 -1.807e-01 -2.919e-06 7.346e-06 7.346e-06 7.346e-03 6.105e-06 6.105e-06 1.961e-02
7.010234 -2.480e+00 -2.197e-01 6.129e-05 2.998e-04 2.998e-04 2.998e-01 2.991e-04 2.991e-04 3.333e-01
7.020234 -2.573e+00 -2.686e-01 1.868e-04 4.778e-04 4.778e-04 4.778e-01 4.774e-04 4.774e-04 4.902e-01
7.030235 -2.661e+00 -2.832e-01 3.152e-04 4.732e-04 4.732e-04 4.732e-01 4.725e-04 4.725e-04 4.902e-01
7.040235 -2.749e+00 -3.076e-01 4.407e-04 2.879e-04 2.879e-04 2.879e-01 2.869e-04 2.869e-04 2.941e-01
7.050234 -2.837e+00 -3.418e-01 5.283e-04 -7.367e-06 -7.367e-06 -7.367e-03 -8.547e-06 -8.547e-06 1.961e-02
7.060234 -2.939e+00 -3.760e-01 5.633e-04 -2.998e-04 -2.998e-04 -2.998e-01 -3.016e-04 -3.016e-04 -2.941e-01
7.070234 -3.071e+00 -4.346e-01 5.691e-04 -4.777e-04 -4.777e-04 -4.777e-01 -4.799e-04 -4.799e-04 -4.510e-01
7.080234 -3.193e+00 -4.883e-01 5.691e-04 -4.732e-04 -4.732e-04 -4.732e-01 -4.750e-04 -4.750e-04 -4.510e-01
7.090234 -3.325e+00 -5.469e-01 5.983e-04 -2.879e-04 -2.879e-04 -2.879e-01 -2.894e-04 -2.894e-04 -2.549e-01
7.100234 -3.433e+00 -5.762e-01 6.654e-04 7.358e-06 7.358e-06 7.358e-03 6.105e-06 6.105e-06 1.961e-02
7.110233 -3.530e+00 -6.104e-01 7.968e-04 2.998e-04 2.998e-04 2.998e-01 2.991e-04 2.991e-04 3.333e-01
7.120234 -3.638e+00 -6.055e-01 9.573e-04 4.777e-04 4.777e-04 4.777e-01 4.774e-04 4.774e-04 4.902e-01
7.130234 -3.701e+00 -6.055e-01 1.159e-03 4.732e-04 4.732e-04 4.732e-01 4.725e-04 4.725e-04 4.902e-01
7.140234 -3.774e+00 -6.006e-01 1.334e-03 2.879e-04 2.879e-04 2.879e-01 2.869e-04 2.869e-04 2.941e-01
7.150233 -3.848e+00 -5.908e-01 1.459e-03 -7.334e-06 -7.334e-06 -7.334e-03 -8.547e-06 -8.547e-06 1.961e-02
7.160233 -3.921e+00 -5.859e-01 1.532e-03 -2.998e-04 -2.998e-04 -2.998e-01 -3.016e-04 -3.016e-04 -2.941e-01
7.170234 -4.014e+00 -5.859e-01 1.550e-03 -4.777e-04 -4.777e-04 -4.777e-01 -4.799e-04 -4.799e-04 -4.510e-01
7.180235 -4.092e+00 -6.006e-01 1.570e-03 -4.732e-04 -4.732e-04 -4.732e-01 -4.750e-04 -4.750e-04 -4.510e-01
7.190235 -4.160e+00 -6.152e-01 1.605e-03 -2.879e-04 -2.879e-04 -2.879e-01 -2.894e-04 -2.894e-04 -2.549e-01
7.200233 -4.224e+00 -6.055e-01 1.681e-03 7.340e-06 7.340e-06 7.340e-03 6.105e-06 6.105e-06 1.961e-02
7.210234 -4.258e+00 -5.908e-01 1.812e-03 2.998e-04 2.998e-04 2.998e-01 2.991e-04 2.991e-04 3.333e-01
7.220234 -4.277e+00 -5.566e-01 1.976e-03 4.777e-04 4.777e-04 4.777e-01 4.774e-04 4.774e-04 4.902e-01
7.230233 -4.272e+00 -5.078e-01 2.154e-03 4.732e-04 4.732e-04 4.732e-01 4.725e-04 4.725e-04 4.902e-01
7.240234 -4.272e+00 -4.443e-01 2.294e-03 2.879e-04 2.879e-04 2.879e-01 2.869e-04 2.869e-04 2.941e-01
7.250234 -4.272e+00 -3.857e-01 2.387e-03 -7.346e-06 -7.346e-06 -7.346e-03 -8.547e-06 -8.547e-06 1.961e-02
7.260234 -4.263e+00 -3.418e-01 2.417e-03 -2.998e-04 -2.998e-04 -2.998e-01 -3.016e-04 -3.016e-04 -2.941e-01
7.270235 -4.258e+00 -3.174e-01 2.405e-03 -4.778e-04 -4.778e-04 -4.778e-01 -4.799e-04 -4.799e-04 -4.510e-01
7.280234 -4.243e+00 -2.734e-01 2.355e-03 -4.732e-04 -4.732e-04 -4.732e-01 -4.750e-04 -4.750e-04 -4.510e-01
7.290236 -4.229e+00 -2.539e-01 2.332e-03 -2.879e-04 -2.879e-04 -2.879e-01 -2.894e-04 -2.894e-04 -2.549e-01
7.300234 -4.194e+00 -2.100e-01 2.347e-03 7.367e-06 7.367e-06 7.367e-03 6.105e-06 6.105e-06 1.961e-02
7.310235 -4.136e+00 -1.660e-01 2.411e-03 2.998e-04 2.998e-04 2.998e-01 2.991e-04 2.991e-04 3.333e-01
7.320233 -4.062e+00 -1.123e-01 2.513e-03 4.777e-04 4.777e-04 4.777e-01 4.774e-04 4.774e-04 4.902e-01
7.330234 -3.970e+00 -1.465e-02 2.598e-03 4.732e-04 4.732e-04 4.732e-01 4.725e-04 4.725e-04 4.902e-01
7.340234 -3.877e+00 5.859e-02 2.665e-03 2.879e-04 2.879e-04 2.879e-01 2.869e-04 2.869e-04 2.941e-01
7.350234 -3.784e+00 1.318e-01 2.673e-03 -7.358e-06 -7.358e-06 -7.358e-03 -8.547e-06 -8.547e-06 1.961e-02
7.360234 -3.696e+00 2.002e-01 2.603e-03 -2.998e-04 -2.998e-04 -2.998e-01 -3.016e-04 -3.016e-04 -2.941e-01
7.370234 -3.608e+00 2.295e-01 2.507e-03 -4.777e-04 -4.777e-04 -4.777e-01 -4.799e-04 -4.799e-04 -4.510e-01
7.380234 -3.506e+00 2.734e-01 2.379e-03 -4.732e-04 -4.732e-04 -4.732e-01 -4.750e-04 -4.750e-04 -4.510e-01
7.390234 -3.418e+00 3.027e-01 2.259e-03 -2.879e-04 -2.879e-04 -2.879e-01 -2.894e-04 -2.894e-04 -2.549e-01
7.400233 -3.311e+00 3.369e-01 2.195e-03 7.335e-06 7.335e-06 7.335e-03 6.105e-06 6.105e-06 1.961e-02
7.410233 -3.203e+00 3.857e-01 2.163e-03 2.998e-04 2.998e-04 2.998e-01 2.991e-04 2.991e-04 3.333e-01
7.420234 -3.086e+00 4.395e-01 2.163e-03 4.777e-04 4.777e-04 4.777e-01 4.774e-04 4.774e-04 4.902e-01
7.430234 -2.944e+00 5.225e-01 2.166e-03 4.732e-04 4.732e-04 4.732e-01 4.725e-04 4.725e-04 4.902e-01
7.440234 -2.808e+00 5.762e-01 2.148e-03 2.879e-04 2.879e-04 2.879e-01 2.869e-04 2.869e-04 2.941e-01
7.450234 -2.676e+00 6.348e-01 2.072e-03 -7.371e-06 -7.371e-06 -7.371e-03 -8.547e-06 -8.547e-06 1.961e-02
7.460233 -2.554e+00 6.592e-01 1.944e-03 -2.998e-04 -2.998e-04 -2.998e-01 -3.016e-04 -3.016e-04 -2.941e-01
7.470233 -2.451e+00 6.689e-01 1.766e-03 -4.777e-04 -4.777e-04 -4.777e-01 -4.799e-04 -4.799e-04 -4.510e-01
7.480233 -2.344e+00 6.738e-01 1.579e-03 -4.732e-04 -4.732e-04 -4.732e-01 -4.750e-04 -4.750e-04 -4.510e-01
7.490233 -2.261e+00 6.738e-01 1.398e-03 -2.879e-04 -2.879e-04 -2.879e-01 -2.894e-04 -2.894e-04 -2.549e-01
7.500233 -2.173e+00 6.885e-01 1.258e-03 7.332e-06 7.332e-06 7.332e-03 6.105e-06 6.105e-06 1.961e-02
7.510234 -2.070e+00 6.885e-01 1.182e-03 2.998e-04 2.998e-04 2.998e-01 2.991e-04 2.991e-04 3.333e-01
7.520234 -1.982e+00 7.080e-01 1.138e-03 4.777e-04 4.777e-04 4.777e-01 4.774e-04 4.774e-04 4.902e-01
7.530234 -1.870e+00 7.422e-01 1.103e-03 4.732e-04 4.732e-04 4.732e-01 4.725e-04 4.725e-04 4.902e-01
7.540234 -1.777e+00 7.568e-01 1.054e-03 2.879e-04 2.879e-04 2.879e-01 2.869e-04 2.869e-04 2.941e-01
7.550233 -1.694e+00 7.568e-01 9.661e-04 -7.338e-06 -7.338e-06 -7.338e-03 -8.547e-06 -8.547e-06 1.961e-02
7.560234 -1.621e+00 7.324e-01 8.318e-04 -2.998e-04 -2.998e-04 -2.998e-01 -3.016e-04 -3.016e-04 -2.941e-01
7.570233 -1.587e+00 6.934e-01 6.479e-04 -4.777e-04 -4.777e-04 -4.777e-01 -4.799e-04 -4.799e-04 -4.510e-01
7.580234 -1.553e+00 6.641e-01 4.524e-04 -4.732e-04 -4.732e-04 -4.732e-01 -4.750e-04 -4.750e-04 -4.510e-01
7.590234 -1.519e+00 6.055e-01 2.889e-04 -2.879e-04 -2.879e-04 -2.879e-01 -2.894e-04 -2.894e-04 -2.549e-01
7.600234 -1.494e+00 5.566e-01 1.810e-04 7.344e-06 7.344e-06 7.344e-03 6.105e-06 6.105e-06 1.961e-02
7.610234 -1.460e+00 5.225e-01 1.255e-04 2.998e-04 2.998e-04 2.998e-01 2.991e-04 2.991e-04 3.333e-01
7.620234 -1.426e+00 4.932e-01 1.197e-04 4.777e-04 4.777e-04 4.777e-01 4.774e-04 4.774e-04 4.902e-01
7.630234 -1.377e+00 4.639e-01 1.459e-04 4.732e-04 4.732e-04 4.732e-01 4.725e-04 4.725e-04 4.902e-01
7.640234 -1.367e+00 4.395e-01 1.401e-04 2.879e-04 2.879e-04 2.879e-01 2.869e-04 2.869e-04 2.941e-01
7.650234 -1.343e+00 4.150e-01 9.340e-05 -7.365e-06 -7.365e-06 -7.365e-03 -8.547e-06 -8.547e-06 1.961e-02
7.660233 -1.357e+00 3.564e-01 2.043e-05 -2.998e-04 -2.998e-04 -2.998e-01 -3.016e-04 -3.016e-04 -2.941e-01
7.670233 -1.387e+00 2.881e-01 -9.048e-05 -4.777e-04 -4.777e-04 -4.777e-01 -4.799e-04 -4.799e-04 -4.510e-01
7.680235 -1.440e+00 2.100e-01 -2.043e-04 -4.732e-04 -4.732e-04 -4.732e-01 -4.750e-04 -4.750e-04 -4.510e-01
7.690235 -1.553e+00 1.416e-01 -3.065e-04 -2.879e-04 -2.879e-04 -2.879e-01 -2.894e-04 -2.894e-04 -2.549e-01
7.700234 -1.636e+00 7.324e-02 -3.415e-04 7.371e-06 7.371e-06 7.371e-03 6.105e-06 6.105e-06 1.961e-02
7.710235 -1.729e+00 4.883e-03 -3.065e-04 2.998e-04 2.998e-04 2.998e-01 2.991e-04 2.991e-04 3.333e-01
7.720234 -1.826e+00 -4.395e-02 -2.247e-04 4.777e-04 4.777e-04 4.777e-01 4.774e-04 4.774e-04 4.902e-01
7.730234 -1.904e+00 -8.301e-02 -1.167e-04 4.732e-04 4.732e-04 4.732e-01 4.725e-04 4.725e-04 4.902e-01
7.740234 -2.026e+00 -1.270e-01 -2.043e-05 2.879e-04 2.879e-04 2.879e-01 2.869e-04 2.869e-04 2.941e-01
7.750234 -2.134e+00 -1.709e-01 3.794e-05 -7.347e-06 -7.347e-06 -7.347e-03 -8.547e-06 -8.547e-06 1.961e-02
7.760234 -2.256e+00 -2.295e-01 5.253e-05 -2.998e-04 -2.998e-04 -2.998e-01 -3.016e-04 -3.016e-04 -2.941e-01
7.770234 -2.402e+00 -2.930e-01 2.335e-05 -4.778e-04 -4.778e-04 -4.778e-01 -4.799e-04 -4.799e-04 -4.510e-01
7.780234 -2.544e+00 -3.760e-01 1.751e-05 -4.732e-04 -4.732e-04 -4.732e-01 -4.750e-04 -4.750e-04 -4.510e-01
7.790234 -2.710e+00 -4.395e-01 -2.919e-06 -2.879e-04 -2.879e-04 -2.879e-01 -2.894e-04 -2.894e-04 -2.549e-01
7.800233 -2.852e+00 -5.078e-01 7.005e-05 7.338e-06 7.338e-06 7.338e-03 6.105e-06 6.105e-06 1.961e-02
7.810234 -2.983e+00 -5.615e-01 1.955e-04 2.998e-04 2.998e-04 2.998e-01 2.991e-04 2.991e-04 3.333e-01
7.820234 -3.120e+00 -6.152e-01 3.853e-04 4.777e-04 4.777e-04 4.777e-01 4.774e-04 4.774e-04 4.902e-01
7.830235 -3.237e+00 -6.006e-01 5.516e-04 4.732e-04 4.732e-04 4.732e-01 4.725e-04 4.725e-04 4.902e-01
7.840234 -3.340e+00 -6.348e-01 7.442e-04 2.879e-04 2.879e-04 2.879e-01 2.869e-04 2.869e-04 2.941e-01
7.850234 -3.467e+00 -6.445e-01 8.756e-04 -7.359e-06 -7.359e-06 -7.359e-03 -8.547e-06 -8.547e-06 1.961e-02
7.860234 -3.589e+00 -6.689e-01 9.661e-04 -2.998e-04 -2.998e-04 -2.998e-01 -3.016e-04 -3.016e-04 -2.941e-01
7.870234 -3.726e+00 -7.031e-01 9.982e-04 -4.777e-04 -4.777e-04 -4.777e-01 -4.799e-04 -4.799e-04 -4.510e-01
7.880234 -3.848e+00 -7.373e-01 1.051e-03 -4.732e-04 -4.732e-04 -4.732e-01 -4.750e-04 -4.750e-04 -4.510e-01
7.890234 -3.984e+00 -7.812e-01 1.103e-03 -2.879e-04 -2.879e-04 -2.879e-01 -2.894e-04 -2.894e-04 -2.549e-01
7.900234 -4.087e+00 -7.959e-01 1.211e-03 7.350e-06 7.350e-06 7.350e-03 6.105e-06 6.105e-06 1.961e-02
7.910234 -4.189e+00 -7.959e-01 1.375e-03 2.998e-04 2.998e-04 2.998e-01 2.991e-04 2.991e-04 3.333e-01
7.920234 -4.268e+00 -7.861e-01 1.579e-03 4.778e-04 4.778e-04 4.778e-01 4.774e-04 4.774e-04 4.902e-01
7.930234 -4.331e+00 -7.422e-01 1.792e-03 4.732e-04 4.732e-04 4.732e-01 4.725e-04 4.725e-04 4.902e-01
7.940234 -4.375e+00 -7.031e-01 1.976e-03 2.879e-04 2.879e-04 2.879e-01 2.869e-04 2.869e-04 2.941e-01
7.950235 -4.424e+00 -6.592e-01 2.107e-03 -7.386e-06 -7.386e-06 -7.386e-03 -8.547e-06 -8.547e-06 1.961e-02
7.960235 -4.468e+00 -6.250e-01 2.183e-03 -2.998e-04 -2.998e-04 -2.998e-01 -3.016e-04 -3.016e-04 -2.941e-01
7.970234 -4.531e+00 -6.152e-01 2.221e-03 -4.778e-04 -4.778e-04 -4.778e-01 -4.799e-04 -4.799e-04 -4.510e-01
7.980234 -4.551e+00 -5.908e-01 2.227e-03 -4.732e-04 -4.732e-04 -4.732e-01 -4.750e-04 -4.750e-04 -4.510e-01
7.990233 -4.580e+00 -5.762e-01 2.262e-03 -2.879e-04 -2.879e-04 -2.879e-01 -2.894e-04 -2.894e-04 -2.549e-01
8.000235 -4.595e+00 -5.420e-01 2.332e-03 7.377e-06 7.377e-06 7.377e-03 6.105e-06 6.105e-06 1.961e-02
8.010235 -4.580e+00 -4.932e-01 2.443e-03 2.998e-04 2.998e-04 2.998e-01 2.991e-04 2.991e-04 3.333e-01
8.020233 -4.565e+00 -4.248e-01 2.589e-03 4.777e-04 4.777e-04 4.777e-01 4.774e-04 4.774e-04 4.902e-01
8.030233 -4.492e+00 -3.369e-01 2.723e-03 4.732e-04 4.732e-04 4.732e-01 4.725e-04 4.725e-04 4.902e-01
8.040235 -4.443e+00 -2.588e-01 2.840e-03 2.879e-04 2.879e-04 2.879e-01 2.869e-04 2.869e-04 2.941e-01
8.050234 -4.375e+00 -1.758e-01 2.898e-03 -7.353e-06 -7.353e-06 -7.353e-03 -8.547e-06 -8.547e-06 1.961e-02
8.060234 -4.297e+00 -1.123e-01 2.895e-03 -2.998e-04 -2.998e-04 -2.998e-01 -3.016e-04 -3.016e-04 -2.941e-01
8.070233 -4.248e+00 -5.371e-02 2.831e-03 -4.777e-04 -4.777e-04 -4.777e-01 -4.799e-04 -4.799e-04 -4.510e-01
8.080235 -4.155e+00 0.000e+00 2.746e-03 -4.732e-04 -4.732e-04 -4.732e-01 -4.750e-04 -4.750e-04 -4.510e-01
8.090235 -4.082e+00 2.441e-02 2.694e-03 -2.879e-04 -2.879e-04 -2.879e-01 -2.894e-04 -2.894e-04 -2.549e-01
8.100234 -3.979e+00 8.789e-02 2.653e-03 7.359e-06 7.359e-06 7.359e-03 6.105e-06 6.105e-06 1.961e-02
8.110234 -3.877e+00 1.611e-01 2.653e-03 2.998e-04 2.998e-04 2.998e-01 2.991e-04 2.991e-04 3.333e-01
8.120234 -3.745e+00 2.393e-01 2.685e-03 4.778e-04 4.778e-04 4.778e-01 4.774e-04 4.774e-04 4.902e-01
8.130233 -3.594e+00 3.320e-01 2.726e-03 4.732e-04 4.732e-04 4.732e-01 4.725e-04 4.725e-04 4.902e-01
8.140234 -3.467e+00 4.150e-01 2.732e-03 2.879e-04 2.879e-04 2.879e-01 2.869e-04 2.869e-04 2.941e-01
8.150233 -3.311e+00 4.932e-01 2.682e-03 -7.335e-06 -7.335e-06 -7.335e-03 -8.547e-06 -8.547e-06 1.961e-02
8.160234 -3.159e+00 5.615e-01 2.565e-03 -2.998e-04 -2.998e-04 -2.998e-01 -3.016e-04 -3.016e-04 -2.941e-01
8.170235 -3.037e+00 6.006e-01 2.399e-03 -4.778e-04 -4.778e-04 -4.778e-01 -4.799e-04 -4.799e-04 -4.510e-01
8.180234 -2.881e+00 6.201e-01 2.233e-03 -4.732e-04 -4.732e-04 -4.732e-01 -4.750e-04 -4.750e-04 -4.510e-01
8.190235 -2.783e+00 6.543e-01 2.043e-03 -2.879e-04 -2.879e-04 -2.879e-01 -2.894e-04 -2.894e-04 -2.549e-01
8.200233 -2.646e+00 6.836e-01 1.912e-03 7.341e-06 7.341e-06 7.341e-03 6.105e-06 6.105e-06 1.961e-02
8.210234 -2.505e+00 7.227e-01 1.827e-03 2.998e-04 2.998e-04 2.998e-01 2.991e-04 2.991e-04 3.333e-01
8.220234 -2.358e+00 7.617e-01 1.777e-03 4.777e-04 4.777e-04 4.777e-01 4.774e-04 4.774e-04 4.902e-01
8.230234 -2.197e+00 8.252e-01 1.725e-03 4.732e-04 4.732e-04 4.732e-01 4.725e-04 4.725e-04 4.902e-01
8.240234 -2.070e+00 8.740e-01 1.658e-03 2.879e-04 2.879e-04 2.879e-01 2.869e-04 2.869e-04 2.941e-01
8.250235 -1.919e+00 9.082e-01 1.538e-03 -7.377e-06 -7.377e-06 -7.377e-03 -8.547e-06 -8.547e-06 1.961e-02
8.260234 -1.802e+00 9.082e-01 1.378e-03 -2.998e-04 -2.998e-04 -2.998e-01 -3.016e-04 -3.016e-04 -2.941e-01
8.270233 -1.704e+00 8.936e-01 1.165e-03 -4.777e-04 -4.777e-04 -4.777e-01 -4.799e-04 -4.799e-04 -4.510e-01
8.280235 -1.611e+00 8.740e-01 9.485e-04 -4.732e-04 -4.732e-04 -4.732e-01 -4.750e-04 -4.750e-04 -4.510e-01
8.290234 -1.533e+00 8.398e-01 7.296e-04 -2.879e-04 -2.879e-04 -2.879e-01 -2.894e-04 -2.894e-04 -2.549e-01
8.300233 -1.436e+00 8.252e-01 5.720e-04 7.323e-06 7.323e-06 7.323e-03 6.105e-06 6.105e-06 1.961e-02
8.310233 -1.333e+00 8.057e-01 4.699e-04 2.998e-04 2.998e-04 2.998e-01 2.991e-04 2.991e-04 3.333e-01
8.320234 -1.221e+00 7.812e-01 4.290e-04 4.778e-04 4.778e-04 4.778e-01 4.774e-04 4.774e-04 4.902e-01
8.330234 -1.099e+00 8.057e-01 3.648e-04 4.732e-04 4.732e-04 4.732e-01 4.725e-04 4.725e-04 4.902e-01
8.340234 -9.473e-01 7.666e-01 3.386e-04 2.879e-04 2.879e-04 2.879e-01 2.869e-04 2.869e-04 2.941e-01
8.350236 -8.252e-01 7.568e-01 2.393e-04 -7.419e-06 -7.419e-06 -7.419e-03 -8.547e-06 -8.547e-06 1.961e-02
8.360235 -7.129e-01 7.129e-01 9.923e-05 -2.998e-04 -2.998e-04 -2.998e-01 -3.016e-04 -3.016e-04 -2.941e-01
8.370234 -6.201e-01 6.543e-01 -7.588e-05 -4.777e-04 -4.777e-04 -4.777e-01 -4.799e-04 -4.799e-04 -4.510e-01
8.380234 -5.371e-01 6.104e-01 -2.568e-04 -4.732e-04 -4.732e-04 -4.732e-01 -4.750e-04 -4.750e-04 -4.510e-01
8.390233 -4.688e-01 5.420e-01 -4.174e-04 -2.879e-04 -2.879e-04 -2.879e-01 -2.894e-04 -2.894e-04 -2.549e-01
8.400233 -3.809e-01 4.688e-01 -5.020e-04 7.335e-06 7.335e-06 7.335e-03 6.105e-06 6.105e-06 1.961e-02
8.410233 -3.076e-01 4.248e-01 -5.487e-04 2.998e-04 2.998e-04 2.998e-01 2.991e-04 2.991e-04 3.333e-01
8.420233 -2.148e-01 3.760e-01 -5.253e-04 4.777e-04 4.777e-04 4.777e-01 4.774e-04 4.774e-04 4.902e-01
8.430234 -1.465e-01 3.613e-01 -4.962e-04 4.732e-04 4.732e-04 4.732e-01 4.725e-04 4.725e-04 4.902e-01
8.440234 -7.324e-02 3.271e-01 -4.757e-04 2.879e-04 2.879e-04 2.879e-01 2.869e-04 2.869e-04 2.941e-01
8.450233 4.883e-03 2.979e-01 -4.845e-04 -7.341e-06 -7.341e-06 -7.341e-03 -8.547e-06 -8.547e-06 1.961e-02
8.460234 5.371e-02 2.539e-01 -5.633e-04 -2.998e-04 -2.998e-04 -2.998e-01 -3.016e-04 -3.016e-04 -2.941e-01
8.470234 6.836e-02 1.904e-01 -6.567e-04 -4.777e-04 -4.777e-04 -4.777e-01 -4.799e-04 -4.799e-04 -4.510e-01
8.480234 8.789e-02 1.416e-01 -7.676e-04 -4.732e-04 -4.732e-04 -4.732e-01 -4.750e-04 -4.750e-04 -4.510e-01
8.490235 7.324e-02 6.348e-02 -8.376e-04 -2.879e-04 -2.879e-04 -2.879e-01 -2.894e-04 -2.894e-04 -2.549e-01
8.500234 7.812e-02 0.000e+00 -8.522e-04 7.348e-06 7.348e-06 7.348e-03 6.105e-06 6.105e-06 1.961e-02
8.510234 6.348e-02 -4.395e-02 -8.085e-04 2.998e-04 2.998e-04 2.998e-01 2.991e-04 2.991e-04 3.333e-01
8.520234 5.859e-02 -8.301e-02 -7.180e-04 4.778e-04 4.778e-04 4.778e-01 4.774e-04 4.774e-04 4.902e-01
8.530235 4.883e-02 -9.766e-02 -6.012e-04 4.732e-04 4.732e-04 4.732e-01 4.725e-04 4.725e-04 4.902e-01
8.540235 0.000e+00 -1.123e-01 -5.166e-04 2.879e-04 2.879e-04 2.879e-01 2.869e-04 2.869e-04 2.941e-01
8.550234 -4.395e-02 -1.270e-01 -4.699e-04 -7.354e-06 -7.354e-06 -7.354e-03 -8.547e-06 -8.547e-06 1.961e-02
8.560233 -1.074e-01 -1.611e-01 -4.641e-04 -2.998e-04 -2.998e-04 -2.998e-01 -3.016e-04 -3.016e-04 -2.941e-01
8.570234 -1.904e-01 -2.148e-01 -4.903e-04 -4.778e-04 -4.778e-04 -4.778e-01 -4.799e-04 -4.799e-04 -4.510e-01
8.580235 -2.979e-01 -2.539e-01 -5.429e-04 -4.732e-04 -4.732e-04 -4.732e-01 -4.750e-04 -4.750e-04 -4.510e-01
8.590235 -4.248e-01 -3.174e-01 -5.516e-04 -2.879e-04 -2.879e-04 -2.879e-01 -2.894e-04 -2.894e-04 -2.549e-01
8.600234 -5.615e-01 -3.613e-01 -5.137e-04 7.360e-06 7.360e-06 7.360e-03 6.105e-06 6.105e-06 1.961e-02
8.610233 -7.031e-01 -3.906e-01 -4.174e-04 2.998e-04 2.998e-04 2.998e-01 2.991e-04 2.991e-04 3.333e-01
8.620234 -8.545e-01 -4.004e-01 -2.802e-04 4.778e-04 4.778e-04 4.778e-01 4.774e-04 4.774e-04 4.902e-01
8.630234 -1.001e+00 -4.150e-01 -1.051e-04 4.732e-04 4.732e-04 4.732e-01 4.725e-04 4.725e-04 4.902e-01
8.640233 -1.187e+00 -4.199e-01 3.210e-05 2.879e-04 2.879e-04 2.879e-01 2.869e-04 2.869e-04 2.941e-01
8.650233 -1.382e+00 -4.150e-01 1.226e-04 -7.336e-06 -7.336e-06 -7.336e-03 -8.547e-06 -8.547e-06 1.961e-02
8.660234 -1.597e+00 -4.443e-01 1.751e-04 -2.998e-04 -2.998e-04 -2.998e-01 -3.016e-04 -3.016e-04 -2.941e-01
8.670234 -1.836e+00 -5.029e-01 1.985e-04 -4.777e-04 -4.777e-04 -4.777e-01 -4.799e-04 -4.799e-04 -4.510e-01
8.680234 -2.070e+00 -5.322e-01 1.897e-04 -4.732e-04 -4.732e-04 -4.732e-01 -4.750e-04 -4.750e-04 -4.510e-01
8.690233 -2.300e+00 -5.859e-01 2.160e-04 -2.879e-04 -2.879e-04 -2.879e-01 -2.894e-04 -2.894e-04 -2.549e-01
8.700233 -2.495e+00 -6.201e-01 3.006e-04 7.342e-06 7.342e-06 7.342e-03 6.105e-06 6.105e-06 1.961e-02
8.710234 -2.686e+00 -6.494e-01 4.436e-04 2.998e-04 2.998e-04 2.998e-01 2.991e-04 2.991e-04 3.333e-01
8.720234 -2.847e+00 -6.445e-01 6.071e-04 4.777e-04 4.777e-04 4.777e-01 4.774e-04 4.774e-04 4.902e-01
8.730234 -2.979e+00 -6.592e-01 8.318e-04 4.732e-04 4.732e-04 4.732e-01 4.725e-04 4.725e-04 4.902e-01
8.740234 -3.140e+00 -6.494e-01 1.001e-03 2.879e-04 2.879e-04 2.879e-01 2.869e-04 2.869e-04 2.941e-01
8.750234 -3.257e+00 -6.299e-01 1.121e-03 -7.348e-06 -7.348e-06 -7.348e-03 -8.547e-06 -8.547e-06 1.961e-02
8.760233 -3.398e+00 -6.299e-01 1.194e-03 -2.998e-04 -2.998e-04 -2.998e-01 -3.016e-04 -3.016e-04 -2.941e-01
8.770234 -3.535e+00 -6.543e-01 1.235e-03 -4.778e-04 -4.778e-04 -4.778e-01 -4.799e-04 -4.799e-04 -4.510e-01
8.780234 -3.652e+00 -6.592e-01 1.252e-03 -4.732e-04 -4.732e-04 -4.732e-01 -4.750e-04 -4.750e-04 -4.510e-01
8.790234 -3.789e+00 -6.934e-01 1.310e-03 -2.879e-04 -2.879e-04 -2.879e-01 -2.894e-04 -2.894e-04 -2.549e-01
8.800234 -3.887e+00 -6.885e-01 1.401e-03 7.354e-06 7.354e-06 7.354e-03 6.105e-06 6.105e-06 1.961e-02
8.810234 -3.970e+00 -6.836e-01 1.544e-03 2.998e-04 2.998e-04 2.998e-01 2.991e-04 2.991e-04 3.333e-01
8.820234 -4.033e+00 -6.592e-01 1.731e-03 4.778e-04 4.778e-04 4.778e-01 4.774e-04 4.774e-04 4.902e-01
8.830234 -4.077e+00 -5.957e-01 1.903e-03 4.732e-04 4.732e-04 4.732e-01 4.725e-04 4.725e-04 4.902e-01
8.840233 -4.121e+00 -5.420e-01 2.058e-03 2.879e-04 2.879e-04 2.879e-01 2.869e-04 2.869e-04 2.941e-01
8.850234 -4.136e+00 -5.127e-01 2.180e-03 -7.360e-06 -7.360e-06 -7.360e-03 -8.547e-06 -8.547e-06 1.961e-02
8.860233 -4.165e+00 -4.639e-01 2.224e-03 -2.998e-04 -2.998e-04 -2.998e-01 -3.016e-04 -3.016e-04 -2.941e-01
8.870234 -4.199e+00 -4.443e-01 2.230e-03 -4.777e-04 -4.777e-04 -4.777e-01 -4.799e-04 -4.799e-04 -4.510e-01
8.880234 -4.229e+00 -4.053e-01 2.204e-03 -4.732e-04 -4.732e-04 -4.732e-01 -4.750e-04 -4.750e-04 -4.510e-01
8.890234 -4.224e+00 -4.053e-01 2.224e-03 -2.879e-04 -2.879e-04 -2.879e-01 -2.894e-04 -2.894e-04 -2.549e-01
8.900235 -4.229e+00 -3.564e-01 2.256e-03 7.396e-06 7.396e-06 7.396e-03 6.105e-06 6.105e-06 1.961e-02
8.910233 -4.209e+00 -3.125e-01 2.332e-03 2.998e-04 2.998e-04 2.998e-01 2.991e-04 2.991e-04 3.333e-01
8.920234 -4.165e+00 -2.539e-01 2.449e-03 4.777e-04 4.777e-04 4.777e-01 4.774e-04 4.774e-04 4.902e-01
8.930236 -4.106e+00 -1.611e-01 2.563e-03 4.732e-04 4.732e-04 4.732e-01 4.725e-04 4.725e-04 4.902e-01
8.940233 -4.033e+00 -8.789e-02 2.644e-03 2.879e-04 2.879e-04 2.879e-01 2.869e-04 2.869e-04 2.941e-01
8.950233 -3.955e+00 -4.883e-03 2.676e-03 -7.342e-06 -7.342e-06 -7.342e-03 -8.547e-06 -8.547e-06 1.961e-02
8.960234 -3.882e+00 3.418e-02 2.656e-03 -2.998e-04 -2.998e-04 -2.998e-01 -3.016e-04 -3.016e-04 -2.941e-01
8.970234 -3.818e+00 7.812e-02 2.580e-03 -4.777e-04 -4.777e-04 -4.778e-01 -4.799e-04 -4.799e-04 -4.510e-01
8.980234 -3.745e+00 1.318e-01 2.469e-03 -4.732e-04 -4.732e-04 -4.732e-01 -4.750e-04 -4.750e-04 -4.510e-01
8.990234 -3.667e+00 1.562e-01 2.379e-03 -2.879e-04 -2.879e-04 -2.879e-01 -2.894e-04 -2.894e-04 -2.549e-01
9.000235 -3.574e+00 2.051e-01 2.323e-03 7.378e-06 7.378e-06 7.378e-03 6.105e-06 6.105e-06 1.961e-02
9.010234 -3.472e+00 2.588e-01 2.306e-03 2.998e-04 2.998e-04 2.998e-01 2.991e-04 2.991e-04 3.333e-01
9.020233 -3.364e+00 3.320e-01 2.323e-03 4.777e-04 4.777e-04 4.777e-01 4.774e-04 4.774e-04 4.902e-01
9.030234 -3.223e+00 4.004e-01 2.358e-03 4.732e-04 4.732e-04 4.732e-01 4.725e-04 4.725e-04 4.902e-01
9.040234 -3.091e+00 4.639e-01 2.358e-03 2.879e-04 2.879e-04 2.879e-01 2.869e-04 2.869e-04 2.941e-01
9.050234 -2.949e+00 5.225e-01 2.306e-03 -7.354e-06 -7.354e-06 -7.354e-03 -8.547e-06 -8.547e-06 1.961e-02
9.060234 -2.837e+00 5.811e-01 2.180e-03 -2.998e-04 -2.998e-04 -2.998e-01 -3.016e-04 -3.016e-04 -2.941e-01
9.070234 -2.725e+00 5.957e-01 2.020e-03 -4.778e-04 -4.778e-04 -4.778e-01 -4.799e-04 -4.799e-04 -4.510e-01
9.080235 -2.627e+00 6.104e-01 1.842e-03 -4.732e-04 -4.732e-04 -4.732e-01 -4.750e-04 -4.750e-04 -4.510e-01
9.090234 -2.534e+00 6.250e-01 1.664e-03 -2.879e-04 -2.879e-04 -2.879e-01 -2.894e-04 -2.894e-04 -2.549e-01
9.100234 -2.422e+00 6.396e-01 1.538e-03 7.360e-06 7.360e-06 7.360e-03 6.105e-06 6.105e-06 1.961e-02
9.110234 -2.314e+00 6.689e-01 1.456e-03 2.998e-04 2.998e-04 2.998e-01 2.991e-04 2.991e-04 3.333e-01
9.120234 -2.202e+00 6.787e-01 1.436e-03 4.778e-04 4.778e-04 4.778e-01 4.774e-04 4.774e-04 4.902e-01
9.130234 -2.080e+00 7.324e-01 1.395e-03 4.732e-04 4.732e-04 4.732e-01 4.725e-04 4.725e-04 4.902e-01
9.140234 -1.963e+00 7.471e-01 1.348e-03 2.879e-04 2.879e-04 2.879e-01 2.869e-04 2.869e-04 2.941e-01
9.150234 -1.860e+00 7.715e-01 1.255e-03 -7.366e-06 -7.366e-06 -7.366e-03 -8.547e-06 -8.547e-06 1.961e-02
9.160234 -1.777e+00 7.666e-01 1.103e-03 -2.998e-04 -2.998e-04 -2.998e-01 -3.016e-04 -3.016e-04 -2.941e-01
9.170234 -1.724e+00 7.422e-01 9.194e-04 -4.777e-04 -4.777e-04 -4.777e-01 -4.799e-04 -4.799e-04 -4.510e-01
9.180235 -1.660e+00 7.227e-01 7.063e-04 -4.732e-04 -4.732e-04 -4.732e-01 -4.750e-04 -4.750e-04 -4.510e-01
9.190233 -1.626e+00 6.738e-01 5.341e-04 -2.879e-04 -2.879e-04 -2.879e-01 -2.894e-04 -2.894e-04 -2.549e-01
9.200233 -1.577e+00 6.396e-01 4.086e-04 7.342e-06 7.342e-06 7.342e-03 6.105e-06 6.105e-06 1.961e-02
9.210233 -1.533e+00 6.006e-01 3.502e-04 2.998e-04 2.998e-04 2.998e-01 2.991e-04 2.991e-04 3.333e-01
9.220233 -1.479e+00 5.811e-01 3.240e-04 4.777e-04 4.777e-04 4.777e-01 4.774e-04 4.774e-04 4.902e-01
9.230234 -1.426e+00 5.908e-01 3.094e-04 4.732e-04 4.732e-04 4.732e-01 4.725e-04 4.725e-04 4.902e-01
9.240234 -1.372e+00 5.615e-01 2.948e-04 2.879e-04 2.879e-04 2.879e-01 2.869e-04 2.869e-04 2.941e-01
9.250234 -1.328e+00 5.273e-01 2.481e-04 -7.348e-06 -7.348e-06 -7.348e-03 -8.547e-06 -8.547e-06 1.961e-02
9.260234 -1.309e+00 4.883e-01 1.459e-04 -2.998e-04 -2.998e-04 -2.998e-01 -3.016e-04 -3.016e-04 -2.941e-01
9.270233 -1.313e+00 4.395e-01 -2.919e-06 -4.777e-04 -4.777e-04 -4.777e-01 -4.799e-04 -4.799e-04 -4.510e-01
9.280233 -1.333e+00 3.711e-01 -1.547e-04 -4.732e-04 -4.732e-04 -4.732e-01 -4.750e-04 -4.750e-04 -4.510e-01
9.290234 -1.372e+00 2.783e-01 -2.510e-04 -2.879e-04 -2.879e-04 -2.879e-01 -2.894e-04 -2.894e-04 -2.549e-01
9.300233 -1.416e+00 2.051e-01 -3.006e-04 7.324e-06 7.324e-06 7.324e-03 6.105e-06 6.105e-06 1.961e-02
9.310235 -1.475e+00 1.514e-01 -2.919e-04 2.998e-04 2.998e-04 2.998e-01 2.991e-04 2.991e-04 3.333e-01
9.320233 -1.533e+00 9.766e-02 -2.335e-04 4.777e-04 4.777e-04 4.777e-01 4.774e-04 4.774e-04 4.902e-01
9.330234 -1.597e+00 6.836e-02 -1.518e-04 4.732e-04 4.732e-04 4.732e-01 4.725e-04 4.725e-04 4.902e-01
9.340235 -1.689e+00 2.441e-02 -7.880e-05 2.879e-04 2.879e-04 2.879e-01 2.869e-04 2.869e-04 2.941e-01
9.350234 -1.797e+00 -9.766e-03 -6.713e-05 -7.360e-06 -7.360e-06 -7.360e-03 -8.547e-06 -8.547e-06 1.961e-02
9.360234 -1.909e+00 -6.348e-02 -7.880e-05 -2.998e-04 -2.998e-04 -2.998e-01 -3.016e-04 -3.016e-04 -2.941e-01
9.370234 -2.046e+00 -1.465e-01 -1.197e-04 -4.777e-04 -4.777e-04 -4.777e-01 -4.799e-04 -4.799e-04 -4.510e-01
9.380234 -2.183e+00 -2.197e-01 -1.722e-04 -4.732e-04 -4.732e-04 -4.732e-01 -4.750e-04 -4.750e-04 -4.510e-01
9.390235 -2.334e+00 -3.076e-01 -1.810e-04 -2.879e-04 -2.879e-04 -2.879e-01 -2.894e-04 -2.894e-04 -2.549e-01
9.400234 -2.471e+00 -3.809e-01 -1.372e-04 7.366e-06 7.366e-06 7.366e-03 6.105e-06 6.105e-06 1.961e-02
9.410234 -2.612e+00 -4.443e-01 -3.210e-05 2.998e-04 2.998e-04 2.998e-01 2.991e-04 2.991e-04 3.333e-01
9.420233 -2.744e+00 -4.834e-01 1.197e-04 4.777e-04 4.777e-04 4.777e-01 4.774e-04 4.774e-04 4.902e-01
9.430235 -2.856e+00 -5.078e-01 2.977e-04 4.732e-04 4.732e-04 4.732e-01 4.725e-04 4.725e-04 4.902e-01
9.440233 -2.983e+00 -5.420e-01 4.611e-04 2.879e-04 2.879e-04 2.879e-01 2.869e-04 2.869e-04 2.941e-01
9.450233 -3.110e+00 -5.615e-01 5.779e-04 -7.342e-06 -7.342e-06 -7.342e-03 -8.547e-06 -8.547e-06 1.961e-02
9.460235 -3.247e+00 -5.908e-01 6.392e-04 -2.998e-04 -2.998e-04 -2.998e-01 -3.016e-04 -3.016e-04 -2.941e-01
9.470234 -3.413e+00 -6.396e-01 6.771e-04 -4.778e-04 -4.778e-04 -4.778e-01 -4.799e-04 -4.799e-04 -4.510e-01
9.480234 -3.530e+00 -6.836e-01 7.121e-04 -4.732e-04 -4.732e-04 -4.732e-01 -4.750e-04 -4.750e-04 -4.510e-01
9.490234 -3.682e+00 -7.422e-01 7.705e-04 -2.879e-04 -2.879e-04 -2.879e-01 -2.894e-04 -2.894e-04 -2.549e-01
9.500234 -3.813e+00 -7.666e-01 8.697e-04 7.348e-06 7.348e-06 7.348e-03 6.105e-06 6.105e-06 1.961e-02
9.510234 -3.936e+00 -7.861e-01 1.033e-03 2.998e-04 2.998e-04 2.998e-01 2.991e-04 2.991e-04 3.333e-01
9.520233 -4.033e+00 -7.861e-01 1.235e-03 4.777e-04 4.777e-04 4.777e-01 4.774e-04 4.774e-04 4.902e-01
9.530235 -4.102e+00 -7.764e-01 1.462e-03 4.732e-04 4.732e-04 4.732e-01 4.725e-04 4.725e-04 4.902e-01
9.540234 -4.180e+00 -7.471e-01 1.646e-03 2.879e-04 2.879e-04 2.879e-01 2.869e-04 2.869e-04 2.941e-01
9.550234 -4.263e+00 -7.178e-01 1.798e-03 -7.354e-06 -7.354e-06 -7.354e-03 -8.547e-06 -8.547e-06 1.961e-02
9.560234 -4.326e+00 -7.080e-01 1.888e-03 -2.998e-04 -2.998e-04 -2.998e-01 -3.016e-04 -3.016e-04 -2.941e-01
9.570234 -4.409e+00 -6.934e-01 1.926e-03 -4.778e-04 -4.778e-04 -4.778e-01 -4.799e-04 -4.799e-04 -4.510e-01
9.580235 -4.487e+00 -6.885e-01 1.961e-03 -4.732e-04 -4.732e-04 -4.732e-01 -4.750e-04 -4.750e-04 -4.510e-01
9.590235 -4.551e+00 -6.787e-01 2.002e-03 -2.879e-04 -2.879e-04 -2.879e-01 -2.894e-04 -2.894e-04 -2.549e-01
9.600234 -4.580e+00 -6.592e-01 2.087e-03 7.360e-06 7.360e-06 7.360e-03 6.105e-06 6.105e-06 1.961e-02
9.610234 -4.609e+00 -6.152e-01 2.218e-03 2.998e-04 2.998e-04 2.998e-01 2.991e-04 2.991e-04 3.333e-01
9.620234 -4.600e+00 -5.713e-01 2.393e-03 4.777e-04 4.777e-04 4.777e-01 4.774e-04 4.774e-04 4.902e-01
9.630235 -4.575e+00 -5.029e-01 2.571e-03 4.732e-04 4.732e-04 4.732e-01 4.725e-04 4.725e-04 4.902e-01
9.640234 -4.546e+00 -4.297e-01 2.711e-03 2.879e-04 2.879e-04 2.879e-01 2.869e-04 2.869e-04 2.941e-01
9.650233 -4.507e+00 -3.516e-01 2.796e-03 -7.337e-06 -7.337e-06 -7.337e-03 -8.547e-06 -8.547e-06 1.961e-02
9.660233 -4.468e+00 -2.881e-01 2.814e-03 -2.998e-04 -2.998e-04 -2.998e-01 -3.016e-04 -3.016e-04 -2.941e-01
9.670234 -4.434e+00 -2.344e-01 2.776e-03 -4.777e-04 -4.777e-04 -4.777e-01 -4.799e-04 -4.799e-04 -4.510e-01
9.680233 -4.390e+00 -1.807e-01 2.717e-03 -4.732e-04 -4.732e-04 -4.732e-01 -4.750e-04 -4.750e-04 -4.510e-01
9.690233 -4.341e+00 -1.416e-01 2.679e-03 -2.879e-04 -2.879e-04 -2.879e-01 -2.894e-04 -2.894e-04 -2.549e-01
9.700233 -4.263e+00 -8.789e-02 2.676e-03 7.343e-06 7.343e-06 7.343e-03 6.105e-06 6.105e-06 1.961e-02
9.710233 -4.170e+00 -1.953e-02 2.714e-03 2.998e-04 2.998e-04 2.998e-01 2.991e-04 2.991e-04 3.333e-01
9.720235 -4.062e+00 5.859e-02 2.781e-03 4.778e-04 4.778e-04 4.778e-01 4.774e-04 4.774e-04 4.902e-01
9.730235 -3.911e+00 1.465e-01 2.851e-03 4.732e-04 4.732e-04 4.732e-01 4.725e-04 4.725e-04 4.902e-01
9.740234 -3.799e+00 2.393e-01 2.892e-03 2.879e-04 2.879e-04 2.879e-01 2.869e-04 2.869e-04 2.941e-01
9.750234 -3.657e+00 3.174e-01 2.863e-03 -7.349e-06 -7.349e-06 -7.349e-03 -8.547e-06 -8.547e-06 1.961e-02
9.760234 -3.535e+00 3.906e-01 2.770e-03 -2.998e-04 -2.998e-04 -2.998e-01 -3.016e-04 -3.016e-04 -2.941e-01
9.770233 -3.408e+00 4.492e-01 2.624e-03 -4.777e-04 -4.777e-04 -4.777e-01 -4.799e-04 -4.799e-04 -4.510e-01
9.780234 -3.276e+00 4.883e-01 2.466e-03 -4.732e-04 -4.732e-04 -4.732e-01 -4.750e-04 -4.750e-04 -4.510e-01
9.790234 -3.169e+00 5.273e-01 2.306e-03 -2.879e-04 -2.879e-04 -2.879e-01 -2.894e-04 -2.894e-04 -2.549e-01
9.800235 -3.022e+00 5.762e-01 2.195e-03 7.385e-06 7.385e-06 7.385e-03 6.105e-06 6.105e-06 1.961e-02
9.810233 -2.881e+00 6.055e-01 2.139e-03 2.998e-04 2.998e-04 2.998e-01 2.991e-04 2.991e-04 3.333e-01
9.820233 -2.725e+00 6.689e-01 2.104e-03 4.777e-04 4.777e-04 4.777e-01 4.774e-04 4.774e-04 4.902e-01
9.830235 -2.554e+00 7.324e-01 2.081e-03 4.732e-04 4.732e-04 4.732e-01 4.725e-04 4.725e-04 4.902e-01
9.840234 -2.407e+00 7.861e-01 2.026e-03 2.879e-04 2.879e-04 2.879e-01 2.869e-04 2.869e-04 2.941e-01
9.850234 -2.251e+00 8.447e-01 1.909e-03 -7.361e-06 -7.361e-06 -7.361e-03 -8.547e-06 -8.547e-06 1.961e-02
9.860233 -2.124e+00 8.740e-01 1.739e-03 -2.998e-04 -2.998e-04 -2.998e-01 -3.016e-04 -3.016e-04 -2.941e-01
9.870234 -1.997e+00 8.838e-01 1.526e-03 -4.777e-04 -4.777e-04 -4.777e-01 -4.799e-04 -4.799e-04 -4.510e-01
9.880234 -1.890e+00 8.838e-01 1.299e-03 -4.732e-04 -4.732e-04 -4.732e-01 -4.750e-04 -4.750e-04 -4.510e-01
9.890235 -1.792e+00 8.545e-01 1.106e-03 -2.879e-04 -2.879e-04 -2.879e-01 -2.894e-04 -2.894e-04 -2.549e-01
9.900234 -1.694e+00 8.545e-01 9.340e-04 7.367e-06 7.367e-06 7.367e-03 6.105e-06 6.105e-06 1.961e-02
9.910234 -1.592e+00 8.398e-01 8.318e-04 2.998e-04 2.998e-04 2.998e-01 2.991e-04 2.991e-04 3.333e-01
9.920233 -1.489e+00 8.447e-01 7.705e-04 4.777e-04 4.777e-04 4.777e-01 4.774e-04 4.774e-04 4.902e-01
9.930234 -1.348e+00 8.643e-01 7.092e-04 4.732e-04 4.732e-04 4.732e-01 4.725e-04 4.725e-04 4.902e-01
9.940233 -1.226e+00 8.545e-01 6.479e-04 2.879e-04 2.879e-04 2.879e-01 2.869e-04 2.869e-04 2.941e-01
9.950233 -1.089e+00 8.447e-01 5.458e-04 -7.343e-06 -7.343e-06 -7.343e-03 -8.547e-06 -8.547e-06 1.961e-02
9.960239 -9.717e-01 8.154e-01 3.882e-04 -3.000e-04 -3.000e-04 -3.000e-01 -3.016e-04 -3.016e-04 -2.941e-01
9.970234 -8.545e-01 7.764e-01 1.868e-04 -4.778e-04 -4.778e-04 -4.778e-01 -4.799e-04 -4.799e-04 -4.510e-01
9.980234 -7.422e-01 7.178e-01 -2.919e-06 -4.732e-04 -4.732e-04 -4.732e-01 -4.750e-04 -4.750e-04 -4.510e-01
9.990233 -6.592e-01 6.396e-01 -1.693e-04 -2.879e-04 -2.879e-04 -2.879e-01 -2.894e-04 -2.894e-04 -2.549e-01
10.000234 -5.713e-01 6.006e-01 -2.977e-04 7.349e-06 7.349e-06 7.349e-03 6.105e-06 6.105e-06 1.961e-02
10.010233 -4.785e-01 5.566e-01 -3.590e-04 2.998e-04 2.998e-04 2.998e-01 2.991e-04 2.991e-04 3.333e-01
10.020233 -3.662e-01 5.176e-01 -3.648e-04 4.777e-04 4.777e-04 4.777e-01 4.774e-04 4.774e-04 4.902e-01
10.030233 -2.490e-01 5.029e-01 -3.561e-04 4.732e-04 4.732e-04 4.732e-01 4.725e-04 4.725e-04 4.902e-01
10.040234 -1.611e-01 4.785e-01 -3.648e-04 2.879e-04 2.879e-04 2.879e-01 2.869e-04 2.869e-04 2.941e-01
10.050234 -5.371e-02 4.492e-01 -4.028e-04 -7.355e-06 -7.355e-06 -7.355e-03 -8.547e-06 -8.547e-06 1.961e-02
10.060237 1.953e-02 3.955e-01 -4.845e-04 -2.999e-04 -2.999e-04 -2.999e-01 -3.016e-04 -3.016e-04 -2.941e-01
10.070234 9.277e-02 3.271e-01 -6.012e-04 -4.778e-04 -4.778e-04 -4.778e-01 -4.799e-04 -4.799e-04 -4.510e-01
10.080235 1.367e-01 2.686e-01 -7.296e-04 -4.732e-04 -4.732e-04 -4.732e-01 -4.750e-04 -4.750e-04 -4.510e-01
10.090235 1.709e-01 1.855e-01 -8.143e-04 -2.879e-04 -2.879e-04 -2.879e-01 -2.894e-04 -2.894e-04 -2.549e-01
10.100234 2.002e-01 1.416e-01 -8.727e-04 7.361e-06 7.361e-06 7.361e-03 6.105e-06 6.105e-06 1.961e-02
10.110234 2.295e-01 8.789e-02 -8.493e-04 2.998e-04 2.998e-04 2.998e-01 2.991e-04 2.991e-04 3.333e-01
10.120234 2.490e-01 5.859e-02 -7.851e-04 4.778e-04 4.778e-04 4.778e-01 4.774e-04 4.774e-04 4.902e-01
10.130234 2.881e-01 3.906e-02 -6.946e-04 4.732e-04 4.732e-04 4.732e-01 4.725e-04 4.725e-04 4.902e-01
10.140234 3.027e-01 1.465e-02 -6.246e-04 2.879e-04 2.879e-04 2.879e-01 2.869e-04 2.869e-04 2.941e-01
10.150233 3.174e-01 0.000e+00 -5.983e-04 -7.337e-06 -7.337e-06 -7.337e-03 -8.547e-06 -8.547e-06 1.961e-02
10.160233 3.027e-01 -4.395e-02 -6.071e-04 -2.998e-04 -2.998e-04 -2.998e-01 -3.016e-04 -3.016e-04 -2.941e-01
10.170234 2.686e-01 -9.277e-02 -6.567e-04 -4.777e-04 -4.777e-04 -4.777e-01 -4.799e-04 -4.799e-04 -4.510e-01
10.180234 2.197e-01 -1.367e-01 -7.180e-04 -4.732e-04 -4.732e-04 -4.732e-01 -4.750e-04 -4.750e-04 -4.510e-01
10.190234 1.514e-01 -2.002e-01 -7.530e-04 -2.879e-04 -2.879e-04 -2.879e-01 -2.894e-04 -2.894e-04 -2.549e-01
10.200233 9.277e-02 -2.295e-01 -7.413e-04 7.343e-06 7.343e-06 7.343e-03 6.105e-06 6.105e-06 1.961e-02
10.210234 1.953e-02 -2.686e-01 -6.567e-04 2.998e-04 2.998e-04 2.998e-01 2.991e-04 2.991e-04 3.333e-01
10.220235 -4.883e-02 -2.832e-01 -5.370e-04 4.778e-04 4.778e-04 4.778e-01 4.774e-04 4.774e-04 4.902e-01
10.230233 -1.221e-01 -2.783e-01 -3.969e-04 4.732e-04 4.732e-04 4.732e-01 4.725e-04 4.725e-04 4.902e-01
10.240234 -2.148e-01 -2.930e-01 -2.743e-04 2.879e-04 2.879e-04 2.879e-01 2.869e-04 2.869e-04 2.941e-01
10.250234 -3.027e-01 -2.979e-01 -1.868e-04 -7.349e-06 -7.349e-06 -7.349e-03 -8.547e-06 -8.547e-06 1.961e-02
10.260234 -4.248e-01 -3.125e-01 -1.780e-04 -2.998e-04 -2.998e-04 -2.998e-01 -3.016e-04 -3.016e-04 -2.941e-01
10.270234 -5.713e-01 -3.467e-01 -1.751e-04 -4.778e-04 -4.778e-04 -4.778e-01 -4.799e-04 -4.799e-04 -4.510e-01
10.280233 -7.275e-01 -3.711e-01 -2.014e-04 -4.732e-04 -4.732e-04 -4.732e-01 -4.750e-04 -4.750e-04 -4.510e-01
10.290234 -9.131e-01 -4.199e-01 -1.955e-04 -2.879e-04 -2.879e-04 -2.879e-01 -2.894e-04 -2.894e-04 -2.549e-01
10.300235 -1.094e+00 -4.541e-01 -1.401e-04 7.385e-06 7.385e-06 7.385e-03 6.105e-06 6.105e-06 1.961e-02
10.310234 -1.299e+00 -4.736e-01 -3.502e-05 2.998e-04 2.998e-04 2.998e-01 2.991e-04 2.991e-04 3.333e-01
10.320233 -1.504e+00 -4.834e-01 1.226e-04 4.777e-04 4.777e-04 4.777e-01 4.774e-04 4.774e-04 4.902e-01
10.330234 -1.704e+00 -4.736e-01 2.889e-04 4.732e-04 4.732e-04 4.732e-01 4.725e-04 4.725e-04 4.902e-01
10.340234 -1.914e+00 -4.736e-01 4.349e-04 2.879e-04 2.879e-04 2.879e-01 2.869e-04 2.869e-04 2.941e-01
10.350233 -2.119e+00 -4.688e-01 5.458e-04 -7.331e-06 -7.331e-06 -7.331e-03 -8.547e-06 -8.547e-06 1.961e-02
10.360234 -2.305e+00 -4.834e-01 5.954e-04 -2.998e-04 -2.998e-04 -2.998e-01 -3.016e-04 -3.016e-04 -2.941e-01
10.370234 -2.490e+00 -5.176e-01 6.187e-04 -4.778e-04 -4.778e-04 -4.778e-01 -4.799e-04 -4.799e-04 -4.510e-01
10.380235 -2.666e+00 -5.469e-01 6.187e-04 -4.732e-04 -4.732e-04 -4.732e-01 -4.750e-04 -4.750e-04 -4.510e-01
10.390234 -2.852e+00 -5.957e-01 6.596e-04 -2.879e-04 -2.879e-04 -2.879e-01 -2.894e-04 -2.894e-04 -2.549e-01
10.400233 -3.003e+00 -6.152e-01 7.296e-04 7.337e-06 7.337e-06 7.337e-03 6.105e-06 6.105e-06 1.961e-02
10.410233 -3.145e+00 -6.250e-01 8.668e-04 2.998e-04 2.998e-04 2.998e-01 2.991e-04 2.991e-04 3.333e-01
10.420235 -3.271e+00 -6.152e-01 1.042e-03 4.778e-04 4.778e-04 4.778e-01 4.774e-04 4.774e-04 4.902e-01
10.430235 -3.364e+00 -5.908e-01 1.229e-03 4.732e-04 4.732e-04 4.732e-01 4.725e-04 4.725e-04 4.902e-01
10.440233 -3.457e+00 -5.664e-01 1.383e-03 2.879e-04 2.879e-04 2.879e-01 2.869e-04 2.869e-04 2.941e-01
10.450233 -3.540e+00 -5.469e-01 1.506e-03 -7.343e-06 -7.343e-06 -7.343e-03 -8.547e-06 -8.547e-06 1.961e-02
10.460235 -3.643e+00 -5.322e-01 1.561e-03 -2.998e-04 -2.998e-04 -2.998e-01 -3.016e-04 -3.016e-04 -2.941e-01
10.470234 -3.735e+00 -5.371e-01 1.588e-03 -4.778e-04 -4.778e-04 -4.778e-01 -4.799e-04 -4.799e-04 -4.510e-01
10.480234 -3.823e+00 -5.420e-01 1.594e-03 -4.732e-04 -4.732e-04 -4.732e-01 -4.750e-04 -4.750e-04 -4.510e-01
10.490234 -3.901e+00 -5.518e-01 1.620e-03 -2.879e-04 -2.879e-04 -2.879e-01 -2.894e-04 -2.894e-04 -2.549e-01
10.500235 -3.950e+00 -5.322e-01 1.678e-03 7.379e-06 7.379e-06 7.379e-03 6.105e-06 6.105e-06 1.961e-02
10.510233 -3.994e+00 -5.127e-01 1.804e-03 2.998e-04 2.998e-04 2.998e-01 2.991e-04 2.991e-04 3.333e-01
10.520233 -4.019e+00 -4.590e-01 1.941e-03 4.777e-04 4.777e-04 4.777e-01 4.774e-04 4.774e-04 4.902e-01
10.530234 -4.019e+00 -4.053e-01 2.101e-03 4.732e-04 4.732e-04 4.732e-01 4.725e-04 4.725e-04 4.902e-01
10.540234 -4.014e+00 -3.662e-01 2.244e-03 2.879e-04 2.879e-04 2.879e-01 2.869e-04 2.869e-04 2.941e-01
10.550234 -4.004e+00 -2.930e-01 2.309e-03 -7.355e-06 -7.355e-06 -7.355e-03 -8.547e-06 -8.547e-06 1.961e-02
10.560235 -3.989e+00 -2.588e-01 2.329e-03 -2.998e-04 -2.998e-04 -2.998e-01 -3.016e-04 -3.016e-04 -2.941e-01
10.570234 -3.989e+00 -2.344e-01 2.303e-03 -4.778e-04 -4.778e-04 -4.778e-01 -4.799e-04 -4.799e-04 -4.510e-01
10.580234 -3.984e+00 -1.953e-01 2.253e-03 -4.732e-04 -4.732e-04 -4.732e-01 -4.750e-04 -4.750e-04 -4.510e-01
10.590235 -3.965e+00 -1.807e-01 2.218e-03 -2.879e-04 -2.879e-04 -2.879e-01 -2.894e-04 -2.894e-04 -2.549e-01
10.600234 -3.926e+00 -1.367e-01 2.206e-03 7.361e-06 7.361e-06 7.361e-03 6.105e-06 6.105e-06 1.961e-02
10.610234 -3.882e+00 -8.789e-02 2.256e-03 2.998e-04 2.998e-04 2.998e-01 2.991e-04 2.991e-04 3.333e-01
10.620234 -3.813e+00 -3.418e-02 2.341e-03 4.777e-04 4.777e-04 4.777e-01 4.774e-04 4.774e-04 4.902e-01
10.630234 -3.726e+00 4.395e-02 2.422e-03 4.732e-04 4.732e-04 4.732e-01 4.725e-04 4.725e-04 4.902e-01
10.640233 -3.633e+00 1.025e-01 2.487e-03 2.879e-04 2.879e-04 2.879e-01 2.869e-04 2.869e-04 2.941e-01
10.650234 -3.535e+00 1.758e-01 2.484e-03 -7.367e-06 -7.367e-06 -7.367e-03 -8.547e-06 -8.547e-06 1.961e-02
10.660233 -3.452e+00 2.295e-01 2.417e-03 -2.998e-04 -2.998e-04 -2.998e-01 -3.016e-04 -3.016e-04 -2.941e-01
10.670233 -3.389e+00 2.686e-01 2.303e-03 -4.777e-04 -4.777e-04 -4.777e-01 -4.799e-04 -4.799e-04 -4.510e-01
10.680233 -3.296e+00 2.930e-01 2.174e-03 -4.732e-04 -4.732e-04 -4.732e-01 -4.750e-04 -4.750e-04 -4.510e-01
10.690234 -3.237e+00 3.174e-01 2.052e-03 -2.879e-04 -2.879e-04 -2.879e-01 -2.894e-04 -2.894e-04 -2.549e-01
10.700234 -3.125e+00 3.467e-01 1.979e-03 7.373e-06 7.373e-06 7.373e-03 6.105e-06 6.105e-06 1.961e-02
10.710233 -3.037e+00 3.857e-01 1.944e-03 2.998e-04 2.998e-04 2.998e-01 2.991e-04 2.991e-04 3.333e-01
10.720234 -2.925e+00 4.443e-01 1.944e-03 4.778e-04 4.778e-04 4.778e-01 4.774e-04 4.774e-04 4.902e-01
10.730234 -2.798e+00 4.932e-01 1.961e-03 4.732e-04 4.732e-04 4.732e-01 4.725e-04 4.725e-04 4.902e-01
10.740233 -2.690e+00 5.322e-01 1.958e-03 2.879e-04 2.879e-04 2.879e-01 2.869e-04 2.869e-04 2.941e-01
10.750235 -2.554e+00 5.859e-01 1.888e-03 -7.379e-06 -7.379e-06 -7.379e-03 -8.547e-06 -8.547e-06 1.961e-02
10.760234 -2.476e+00 6.152e-01 1.757e-03 -2.998e-04 -2.998e-04 -2.998e-01 -3.016e-04 -3.016e-04 -2.941e-01
10.770233 -2.383e+00 6.152e-01 1.596e-03 -4.777e-04 -4.777e-04 -4.777e-01 -4.799e-04 -4.799e-04 -4.510e-01
10.780234 -2.305e+00 6.348e-01 1.392e-03 -4.732e-04 -4.732e-04 -4.732e-01 -4.750e-04 -4.750e-04 -4.510e-01
10.790235 -2.246e+00 6.201e-01 1.217e-03 -2.879e-04 -2.879e-04 -2.879e-01 -2.894e-04 -2.894e-04 -2.549e-01
10.800235 -2.168e+00 6.152e-01 1.109e-03 7.385e-06 7.385e-06 7.385e-03 6.105e-06 6.105e-06 1.961e-02
10.810234 -2.080e+00 6.006e-01 1.048e-03 2.998e-04 2.998e-04 2.998e-01 2.991e-04 2.991e-04 3.333e-01
10.820233 -2.002e+00 6.152e-01 1.024e-03 4.777e-04 4.777e-04 4.777e-01 4.774e-04 4.774e-04 4.902e-01
10.830234 -1.914e+00 6.348e-01 1.013e-03 4.732e-04 4.732e-04 4.732e-01 4.725e-04 4.725e-04 4.902e-01
10.840234 -1.826e+00 6.201e-01 1.004e-03 2.879e-04 2.879e-04 2.879e-01 2.869e-04 2.869e-04 2.941e-01
10.850234 -1.777e+00 6.396e-01 9.135e-04 -7.362e-06 -7.362e-06 -7.362e-03 -8.547e-06 -8.547e-06 1.961e-02
10.860234 -1.738e+00 6.299e-01 7.734e-04 -2.998e-04 -2.998e-04 -2.998e-01 -3.016e-04 -3.016e-04 -2.941e-01
10.870234 -1.709e+00 5.908e-01 6.100e-04 -4.777e-04 -4.777e-04 -4.777e-01 -4.799e-04 -4.799e-04 -4.510e-01
10.880234 -1.694e+00 5.469e-01 4.349e-04 -4.732e-04 -4.732e-04 -4.732e-01 -4.750e-04 -4.750e-04 -4.510e-01
10.890234 -1.699e+00 4.736e-01 3.035e-04 -2.879e-04 -2.879e-04 -2.879e-01 -2.894e-04 -2.894e-04 -2.549e-01
10.900234 -1.699e+00 4.346e-01 2.072e-04 7.368e-06 7.368e-06 7.368e-03 6.105e-06 6.105e-06 1.961e-02
10.910234 -1.709e+00 3.955e-01 1.751e-04 2.998e-04 2.998e-04 2.998e-01 2.991e-04 2.991e-04 3.333e-01
10.920235 -1.699e+00 3.613e-01 1.897e-04 4.778e-04 4.778e-04 4.778e-01 4.774e-04 4.774e-04 4.902e-01
10.930235 -1.709e+00 3.516e-01 2.218e-04 4.732e-04 4.732e-04 4.732e-01 4.725e-04 4.725e-04 4.902e-01
10.940234 -1.724e+00 3.223e-01 2.393e-04 2.879e-04 2.879e-04 2.879e-01 2.869e-04 2.869e-04 2.941e-01
10.950234 -1.738e+00 2.930e-01 2.218e-04 -7.374e-06 -7.374e-06 -7.374e-03 -8.547e-06 -8.547e-06 1.961e-02
10.960234 -1.792e+00 2.441e-01 1.518e-04 -2.998e-04 -2.998e-04 -2.998e-01 -3.016e-04 -3.016e-04 -2.941e-01
10.970233 -1.851e+00 1.758e-01 5.837e-05 -4.777e-04 -4.777e-04 -4.777e-01 -4.799e-04 -4.799e-04 -4.510e-01
10.980235 -1.929e+00 1.025e-01 -3.502e-05 -4.732e-04 -4.732e-04 -4.732e-01 -4.750e-04 -4.750e-04 -4.510e-01
10.990235 -2.036e+00 2.930e-02 -1.226e-04 -2.879e-04 -2.879e-04 -2.879e-01 -2.894e-04 -2.894e-04 -2.549e-01
11.000234 -2.109e+00 -4.395e-02 -1.284e-04 7.350e-06 7.350e-06 7.350e-03 6.105e-06 6.105e-06 1.961e-02
11.010234 -2.202e+00 -1.074e-01 -7.296e-05 2.998e-04 2.998e-04 2.998e-01 2.991e-04 2.991e-04 3.333e-01
11.020234 -2.290e+00 -1.465e-01 2.335e-05 4.778e-04 4.778e-04 4.778e-01 4.774e-04 4.774e-04 4.902e-01
11.030235 -2.368e+00 -1.758e-01 1.459e-04 4.732e-04 4.732e-04 4.732e-01 4.725e-04 4.725e-04 4.902e-01
11.040234 -2.461e+00 -2.100e-01 2.539e-04 2.879e-04 2.879e-04 2.879e-01 2.869e-04 2.869e-04 2.941e-01
11.050234 -2.539e+00 -2.344e-01 3.094e-04 -7.356e-06 -7.356e-06 -7.356e-03 -8.547e-06 -8.547e-06 1.961e-02
11.060235 -2.656e+00 -2.881e-01 3.415e-04 -2.998e-04 -2.998e-04 -2.998e-01 -3.016e-04 -3.016e-04 -2.941e-01
11.070234 -2.778e+00 -3.613e-01 3.386e-04 -4.778e-04 -4.778e-04 -4.778e-01 -4.799e-04 -4.799e-04 -4.510e-01
11.080235 -2.905e+00 -4.248e-01 3.240e-04 -4.732e-04 -4.732e-04 -4.732e-01 -4.750e-04 -4.750e-04 -4.510e-01
11.090233 -3.027e+00 -5.029e-01 3.502e-04 -2.879e-04 -2.879e-04 -2.879e-01 -2.894e-04 -2.894e-04 -2.549e-01
11.100233 -3.154e+00 -5.371e-01 4.028e-04 7.332e-06 7.332e-06 7.332e-03 6.105e-06 6.105e-06 1.961e-02
11.110235 -3.286e+00 -5.762e-01 5.312e-04 2.998e-04 2.998e-04 2.998e-01 2.991e-04 2.991e-04 3.333e-01
11.120233 -3.394e+00 -5.664e-01 6.742e-04 4.777e-04 4.777e-04 4.777e-01 4.774e-04 4.774e-04 4.902e-01
11.130235 -3.481e+00 -5.859e-01 8.814e-04 4.732e-04 4.732e-04 4.732e-01 4.725e-04 4.725e-04 4.902e-01
11.140235 -3.574e+00 -5.908e-01 1.051e-03 2.879e-04 2.879e-04 2.879e-01 2.869e-04 2.869e-04 2.941e-01
11.150233 -3.657e+00 -5.957e-01 1.179e-03 -7.338e-06 -7.338e-06 -7.338e-03 -8.547e-06 -8.547e-06 1.961e-02
11.160233 -3.760e+00 -6.152e-01 1.261e-03 -2.998e-04 -2.998e-04 -2.998e-01 -3.016e-04 -3.016e-04 -2.941e-01
11.170234 -3.857e+00 -6.348e-01 1.299e-03 -4.777e-04 -4.777e-04 -4.777e-01 -4.799e-04 -4.799e-04 -4.510e-01
11.180234 -3.965e+00 -6.592e-01 1.319e-03 -4.732e-04 -4.732e-04 -4.732e-01 -4.750e-04 -4.750e-04 -4.510e-01
11.190234 -4.077e+00 -6.787e-01 1.363e-03 -2.879e-04 -2.879e-04 -2.879e-01 -2.894e-04 -2.894e-04 -2.549e-01
11.200235 -4.141e+00 -6.787e-01 1.453e-03 7.404e-06 7.404e-06 7.404e-03 6.105e-06 6.105e-06 1.961e-02
11.210235 -4.214e+00 -6.738e-01 1.594e-03 2.998e-04 2.998e-04 2.998e-01 2.991e-04 2.991e-04 3.333e-01
11.220234 -4.258e+00 -6.445e-01 1.769e-03 4.778e-04 4.778e-04 4.778e-01 4.774e-04 4.774e-04 4.902e-01
11.230234 -4.277e+00 -5.957e-01 1.953e-03 4.732e-04 4.732e-04 4.732e-01 4.725e-04 4.725e-04 4.902e-01
11.240234 -4.321e+00 -5.518e-01 2.116e-03 2.879e-04 2.879e-04 2.879e-01 2.869e-04 2.869e-04 2.941e-01
11.250234 -4.312e+00 -5.078e-01 2.241e-03 -7.350e-06 -7.350e-06 -7.350e-03 -8.547e-06 -8.547e-06 1.961e-02
11.260234 -4.341e+00 -4.736e-01 2.294e-03 -2.998e-04 -2.998e-04 -2.998e-01 -3.016e-04 -3.016e-04 -2.941e-01
11.270233 -4.355e+00 -4.395e-01 2.294e-03 -4.777e-04 -4.777e-04 -4.777e-01 -4.799e-04 -4.799e-04 -4.510e-01
11.280234 -4.370e+00 -4.199e-01 2.282e-03 -4.732e-04 -4.732e-04 -4.732e-01 -4.750e-04 -4.750e-04 -4.510e-01
11.290235 -4.380e+00 -4.053e-01 2.277e-03 -2.879e-04 -2.879e-04 -2.879e-01 -2.894e-04 -2.894e-04 -2.549e-01
11.300234 -4.351e+00 -3.662e-01 2.317e-03 7.356e-06 7.356e-06 7.356e-03 6.105e-06 6.105e-06 1.961e-02
11.310234 -4.331e+00 -3.223e-01 2.396e-03 2.998e-04 2.998e-04 2.998e-01 2.991e-04 2.991e-04 3.333e-01
11.320234 -4.272e+00 -2.539e-01 2.513e-03 4.778e-04 4.778e-04 4.778e-01 4.774e-04 4.774e-04 4.902e-01
11.330235 -4.194e+00 -1.807e-01 2.644e-03 4.732e-04 4.732e-04 4.732e-01 4.725e-04 4.725e-04 4.902e-01
11.340234 -4.131e+00 -9.277e-02 2.717e-03 2.879e-04 2.879e-04 2.879e-01 2.869e-04 2.869e-04 2.941e-01
11.350234 -4.048e+00 -1.953e-02 2.755e-03 -7.362e-06 -7.362e-06 -7.362e-03 -8.547e-06 -8.547e-06 1.961e-02
11.360233 -3.975e+00 4.395e-02 2.723e-03 -2.998e-04 -2.998e-04 -2.998e-01 -3.016e-04 -3.016e-04 -2.941e-01
11.370234 -3.892e+00 9.277e-02 2.641e-03 -4.777e-04 -4.777e-04 -4.777e-01 -4.799e-04 -4.799e-04 -4.510e-01
11.380235 -3.809e+00 1.465e-01 2.525e-03 -4.732e-04 -4.732e-04 -4.732e-01 -4.750e-04 -4.750e-04 -4.510e-01
11.390235 -3.740e+00 1.855e-01 2.431e-03 -2.879e-04 -2.879e-04 -2.879e-01 -2.894e-04 -2.894e-04 -2.549e-01
11.400234 -3.613e+00 2.197e-01 2.376e-03 7.368e-06 7.368e-06 7.368e-03 6.105e-06 6.105e-06 1.961e-02
11.410233 -3.521e+00 2.637e-01 2.373e-03 2.998e-04 2.998e-04 2.998e-01 2.991e-04 2.991e-04 3.333e-01
11.420234 -3.389e+00 3.369e-01 2.393e-03 4.777e-04 4.777e-04 4.777e-01 4.774e-04 4.774e-04 4.902e-01
11.430234 -3.247e+00 4.199e-01 2.417e-03 4.732e-04 4.732e-04 4.732e-01 4.725e-04 4.725e-04 4.902e-01
11.440235 -3.110e+00 4.834e-01 2.414e-03 2.879e-04 2.879e-04 2.879e-01 2.869e-04 2.869e-04 2.941e-01
11.450233 -2.979e+00 5.615e-01 2.341e-03 -7.344e-06 -7.344e-06 -7.344e-03 -8.547e-06 -8.547e-06 1.961e-02
11.460234 -2.861e+00 6.006e-01 2.224e-03 -2.998e-04 -2.998e-04 -2.998e-01 -3.016e-04 -3.016e-04 -2.941e-01
11.470235 -2.734e+00 6.299e-01 2.055e-03 -4.778e-04 -4.778e-04 -4.778e-01 -4.799e-04 -4.799e-04 -4.510e-01
11.480235 -2.627e+00 6.445e-01 1.865e-03 -4.732e-04 -4.732e-04 -4.732e-01 -4.750e-04 -4.750e-04 -4.510e-01
11.490234 -2.539e+00 6.592e-01 1.684e-03 -2.879e-04 -2.879e-04 -2.879e-01 -2.894e-04 -2.894e-04 -2.549e-01
11.500234 -2.402e+00 6.641e-01 1.570e-03 7.350e-06 7.350e-06 7.350e-03 6.105e-06 6.105e-06 1.961e-02
11.510233 -2.295e+00 6.738e-01 1.491e-03 2.998e-04 2.998e-04 2.998e-01 2.991e-04 2.991e-04 3.333e-01
11.520234 -2.178e+00 7.178e-01 1.448e-03 4.778e-04 4.778e-04 4.778e-01 4.774e-04 4.774e-04 4.902e-01
11.530235 -2.046e+00 7.617e-01 1.404e-03 4.732e-04 4.732e-04 4.732e-01 4.725e-04 4.725e-04 4.902e-01
11.540234 -1.938e+00 7.812e-01 1.360e-03 2.879e-04 2.879e-04 2.879e-01 2.869e-04 2.869e-04 2.941e-01
11.550235 -1.826e+00 8.154e-01 1.246e-03 -7.386e-06 -7.386e-06 -7.386e-03 -8.547e-06 -8.547e-06 1.961e-02
11.560233 -1.738e+00 8.008e-01 1.092e-03 -2.998e-04 -2.998e-04 -2.998e-01 -3.016e-04 -3.016e-04 -2.941e-01
11.570234 -1.665e+00 7.861e-01 8.960e-04 -4.778e-04 -4.778e-04 -4.778e-01 -4.799e-04 -4.799e-04 -4.510e-01
11.580234 -1.611e+00 7.422e-01 7.034e-04 -4.732e-04 -4.732e-04 -4.732e-01 -4.750e-04 -4.750e-04 -4.510e-01
11.590234 -1.567e+00 7.031e-01 5.195e-04 -2.879e-04 -2.879e-04 -2.879e-01 -2.894e-04 -2.894e-04 -2.549e-01
11.600234 -1.489e+00 6.689e-01 3.823e-04 7.362e-06 7.362e-06 7.362e-03 6.105e-06 6.105e-06 1.961e-02
11.610235 -1.450e+00 6.348e-01 3.152e-04 2.998e-04 2.998e-04 2.998e-01 2.991e-04 2.991e-04 3.333e-01
11.620234 -1.377e+00 6.201e-01 2.889e-04 4.778e-04 4.778e-04 4.778e-01 4.774e-04 4.774e-04 4.902e-01
11.630234 -1.309e+00 6.104e-01 2.743e-04 4.732e-04 4.732e-04 4.732e-01 4.725e-04 4.725e-04 4.902e-01
11.640233 -1.250e+00 6.006e-01 2.364e-04 2.879e-04 2.879e-04 2.879e-01 2.869e-04 2.869e-04 2.941e-01
11.650233 -1.177e+00 5.615e-01 1.955e-04 -7.338e-06 -7.338e-06 -7.338e-03 -8.547e-06 -8.547e-06 1.961e-02
11.660233 -1.143e+00 5.176e-01 8.172e-05 -2.998e-04 -2.998e-04 -2.998e-01 -3.016e-04 -3.016e-04 -2.941e-01
11.670234 -1.099e+00 4.541e-01 -5.545e-05 -4.777e-04 -4.777e-04 -4.777e-01 -4.799e-04 -4.799e-04 -4.510e-01
11.680233 -1.133e+00 3.906e-01 -2.072e-04 -4.732e-04 -4.732e-04 -4.732e-01 -4.750e-04 -4.750e-04 -4.510e-01
11.690234 -1.138e+00 3.076e-01 -3.210e-04 -2.879e-04 -2.879e-04 -2.879e-01 -2.894e-04 -2.894e-04 -2.549e-01
11.700233 -1.177e+00 2.588e-01 -3.882e-04 7.344e-06 7.344e-06 7.344e-03 6.105e-06 6.105e-06 1.961e-02
11.710235 -1.206e+00 1.855e-01 -3.765e-04 2.998e-04 2.998e-04 2.998e-01 2.991e-04 2.991e-04 3.333e-01
11.720235 -1.240e+00 1.465e-01 -3.327e-04 4.778e-04 4.778e-04 4.778e-01 4.774e-04 4.774e-04 4.902e-01
11.730233 -1.279e+00 1.172e-01 -2.568e-04 4.732e-04 4.732e-04 4.732e-01 4.725e-04 4.725e-04 4.902e-01
11.740234 -1.348e+00 6.348e-02 -1.839e-04 2.879e-04 2.879e-04 2.879e-01 2.869e-04 2.869e-04 2.941e-01
11.750234 -1.421e+00 2.441e-02 -1.547e-04 -7.350e-06 -7.350e-06 -7.350e-03 -8.547e-06 -8.547e-06 1.961e-02
11.760234 -1.543e+00 -2.930e-02 -1.839e-04 -2.998e-04 -2.998e-04 -2.998e-01 -3.016e-04 -3.016e-04 -2.941e-01
11.770234 -1.680e+00 -1.025e-01 -2.364e-04 -4.778e-04 -4.778e-04 -4.778e-01 -4.799e-04 -4.799e-04 -4.510e-01
11.780233 -1.841e+00 -1.855e-01 -2.773e-04 -4.732e-04 -4.732e-04 -4.732e-01 -4.750e-04 -4.750e-04 -4.510e-01
11.790235 -2.021e+00 -2.734e-01 -3.035e-04 -2.879e-04 -2.879e-04 -2.879e-01 -2.894e-04 -2.894e-04 -2.549e-01
11.800234 -2.163e+00 -3.369e-01 -2.802e-04 7.356e-06 7.356e-06 7.356e-03 6.105e-06 6.105e-06 1.961e-02
11.810234 -2.329e+00 -3.955e-01 -1.839e-04 2.998e-04 2.998e-04 2.998e-01 2.991e-04 2.991e-04 3.333e-01
11.820234 -2.461e+00 -4.395e-01 -3.794e-05 4.778e-04 4.778e-04 4.778e-01 4.774e-04 4.774e-04 4.902e-01
11.830235 -2.593e+00 -4.736e-01 1.343e-04 4.732e-04 4.732e-04 4.732e-01 4.725e-04 4.725e-04 4.902e-01
11.840234 -2.744e+00 -5.078e-01 2.831e-04 2.879e-04 2.879e-04 2.879e-01 2.869e-04 2.869e-04 2.941e-01
11.850234 -2.871e+00 -5.371e-01 4.115e-04 -7.362e-06 -7.362e-06 -7.362e-03 -8.547e-06 -8.547e-06 1.961e-02
11.860233 -3.027e+00 -5.811e-01 4.757e-04 -2.998e-04 -2.998e-04 -2.998e-01 -3.016e-04 -3.016e-04 -2.941e-01
11.870234 -3.184e+00 -6.299e-01 5.137e-04 -4.777e-04 -4.777e-04 -4.777e-01 -4.799e-04 -4.799e-04 -4.510e-01
11.880235 -3.359e+00 -6.836e-01 5.429e-04 -4.732e-04 -4.732e-04 -4.732e-01 -4.750e-04 -4.750e-04 -4.510e-01
11.890233 -3.501e+00 -7.471e-01 5.896e-04 -2.879e-04 -2.879e-04 -2.879e-01 -2.894e-04 -2.894e-04 -2.549e-01
11.900233 -3.643e+00 -7.764e-01 6.975e-04 7.338e-06 7.338e-06 7.338e-03 6.105e-06 6.105e-06 1.961e-02
11.910233 -3.789e+00 -8.057e-01 8.610e-04 2.998e-04 2.998e-04 2.998e-01 2.991e-04 2.991e-04 3.333e-01
11.920234 -3.896e+00 -8.057e-01 1.071e-03 4.777e-04 4.777e-04 4.777e-01 4.774e-04 4.774e-04 4.902e-01
11.930235 -3.989e+00 -7.861e-01 1.284e-03 4.732e-04 4.732e-04 4.732e-01 4.725e-04 4.725e-04 4.902e-01
11.940235 -4.082e+00 -7.910e-01 1.503e-03 2.879e-04 2.879e-04 2.879e-01 2.869e-04 2.869e-04 2.941e-01
11.950234 -4.165e+00 -7.666e-01 1.658e-03 -7.374e-06 -7.374e-06 -7.374e-03 -8.547e-06 -8.547e-06 1.961e-02
11.960235 -4.277e+00 -7.568e-01 1.745e-03 -2.998e-04 -2.998e-04 -2.998e-01 -3.016e-04 -3.016e-04 -2.941e-01
11.970233 -4.365e+00 -7.373e-01 1.786e-03 -4.777e-04 -4.777e-04 -4.777e-01 -4.799e-04 -4.799e-04 -4.510e-01
11.980234 -4.443e+00 -7.422e-01 1.833e-03 -4.732e-04 -4.732e-04 -4.732e-01 -4.750e-04 -4.750e-04 -4.510e-01
11.990233 -4.517e+00 -7.520e-01 1.891e-03 -2.879e-04 -2.879e-04 -2.879e-01 -2.894e-04 -2.894e-04 -2.549e-01
12.000234 -4.575e+00 -7.227e-01 1.982e-03 7.351e-06 7.351e-06 7.351e-03 6.105e-06 6.105e-06 1.961e-02
12.010235 -4.619e+00 -7.031e-01 2.136e-03 2.998e-04 2.998e-04 2.998e-01 2.991e-04 2.991e-04 3.333e-01
12.020235 -4.634e+00 -6.396e-01 2.306e-03 4.778e-04 4.778e-04 4.778e-01 4.774e-04 4.774e-04 4.902e-01
12.030234 -4.624e+00 -5.811e-01 2.501e-03 4.732e-04 4.732e-04 4.732e-01 4.725e-04 4.725e-04 4.902e-01
12.040234 -4.609e+00 -5.078e-01 2.653e-03 2.879e-04 2.879e-04 2.879e-01 2.869e-04 2.869e-04 2.941e-01
12.050234 -4.575e+00 -4.395e-01 2.755e-03 -7.357e-06 -7.357e-06 -7.357e-03 -8.547e-06 -8.547e-06 1.961e-02
12.060233 -4.565e+00 -3.711e-01 2.784e-03 -2.998e-04 -2.998e-04 -2.998e-01 -3.016e-04 -3.016e-04 -2.941e-01
12.070233 -4.536e+00 -3.174e-01 2.764e-03 -4.777e-04 -4.777e-04 -4.777e-01 -4.799e-04 -4.799e-04 -4.510e-01
12.080234 -4.502e+00 -2.734e-01 2.726e-03 -4.732e-04 -4.732e-04 -4.732e-01 -4.750e-04 -4.750e-04 -4.510e-01
12.090235 -4.448e+00 -2.344e-01 2.697e-03 -2.879e-04 -2.879e-04 -2.879e-01 -2.894e-04 -2.894e-04 -2.549e-01
12.100235 -4.385e+00 -1.807e-01 2.720e-03 7.393e-06 7.393e-06 7.393e-03 6.105e-06 6.105e-06 1.961e-02
12.110234 -4.316e+00 -1.221e-01 2.776e-03 2.998e-04 2.998e-04 2.998e-01 2.991e-04 2.991e-04 3.333e-01
12.120234 -4.214e+00 -2.930e-02 2.846e-03 4.778e-04 4.778e-04 4.778e-01 4.774e-04 4.774e-04 4.902e-01
12.130234 -4.102e+00 6.836e-02 2.924e-03 4.732e-04 4.732e-04 4.732e-01 4.725e-04 4.725e-04 4.902e-01
12.140234 -3.979e+00 1.562e-01 2.965e-03 2.879e-04 2.879e-04 2.879e-01 2.869e-04 2.869e-04 2.941e-01
12.150233 -3.838e+00 2.637e-01 2.945e-03 -7.339e-06 -7.339e-06 -7.339e-03 -8.547e-06 -8.547e-06 1.961e-02
12.160234 -3.706e+00 3.125e-01 2.886e-03 -2.998e-04 -2.998e-04 -2.998e-01 -3.016e-04 -3.016e-04 -2.941e-01
12.170235 -3.579e+00 3.760e-01 2.752e-03 -4.778e-04 -4.778e-04 -4.778e-01 -4.799e-04 -4.799e-04 -4.510e-01
12.180235 -3.457e+00 4.199e-01 2.606e-03 -4.732e-04 -4.732e-04 -4.732e-01 -4.750e-04 -4.750e-04 -4.510e-01
12.190234 -3.345e+00 4.639e-01 2.452e-03 -2.879e-04 -2.879e-04 -2.879e-01 -2.894e-04 -2.894e-04 -2.549e-01
12.200234 -3.203e+00 5.225e-01 2.349e-03 7.375e-06 7.375e-06 7.375e-03 6.105e-06 6.105e-06 1.961e-02
12.210235 -3.066e+00 5.615e-01 2.300e-03 2.998e-04 2.998e-04 2.998e-01 2.991e-04 2.991e-04 3.333e-01
12.220234 -2.900e+00 6.299e-01 2.268e-03 4.778e-04 4.778e-04 4.778e-01 4.774e-04 4.774e-04 4.902e-01
12.230234 -2.729e+00 7.129e-01 2.241e-03 4.732e-04 4.732e-04 4.732e-01 4.725e-04 4.725e-04 4.902e-01
12.240234 -2.568e+00 7.666e-01 2.195e-03 2.879e-04 2.879e-04 2.879e-01 2.869e-04 2.869e-04 2.941e-01
12.250234 -2.402e+00 8.301e-01 2.090e-03 -7.351e-06 -7.351e-06 -7.351e-03 -8.547e-06 -8.547e-06 1.961e-02
12.260234 -2.266e+00 8.643e-01 1.923e-03 -2.998e-04 -2.998e-04 -2.998e-01 -3.016e-04 -3.016e-04 -2.941e-01
12.270233 -2.134e+00 8.838e-01 1.707e-03 -4.777e-04 -4.777e-04 -4.777e-01 -4.799e-04 -4.799e-04 -4.510e-01
12.280234 -2.017e+00 8.936e-01 1.471e-03 -4.732e-04 -4.732e-04 -4.732e-01 -4.750e-04 -4.750e-04 -4.510e-01
12.290235 -1.904e+00 8.789e-01 1.270e-03 -2.879e-04 -2.879e-04 -2.879e-01 -2.894e-04 -2.894e-04 -2.549e-01
12.300233 -1.787e+00 8.789e-01 1.100e-03 7.327e-06 7.327e-06 7.327e-03 6.105e-06 6.105e-06 1.961e-02
12.310233 -1.675e+00 8.740e-01 9.982e-04 2.998e-04 2.998e-04 2.998e-01 2.991e-04 2.991e-04 3.333e-01
12.320233 -1.562e+00 8.838e-01 9.252e-04 4.777e-04 4.777e-04 4.777e-01 4.774e-04 4.774e-04 4.902e-01
12.330234 -1.416e+00 9.033e-01 8.756e-04 4.732e-04 4.732e-04 4.732e-01 4.725e-04 4.725e-04 4.902e-01
12.340234 -1.279e+00 9.033e-01 7.968e-04 2.879e-04 2.879e-04 2.879e-01 2.869e-04 2.869e-04 2.941e-01
12.350234 -1.133e+00 9.082e-01 6.771e-04 -7.363e-06 -7.363e-06 -7.363e-03 -8.547e-06 -8.547e-06 1.961e-02
12.360233 -1.011e+00 8.838e-01 5.137e-04 -2.998e-04 -2.998e-04 -2.998e-01 -3.016e-04 -3.016e-04 -2.941e-01
12.370234 -8.838e-01 8.447e-01 3.035e-04 -4.778e-04 -4.778e-04 -4.778e-01 -4.799e-04 -4.799e-04 -4.510e-01
12.380235 -7.666e-01 7.959e-01 9.048e-05 -4.732e-04 -4.732e-04 -4.732e-01 -4.750e-04 -4.750e-04 -4.510e-01
12.390234 -6.494e-01 7.373e-01 -9.631e-05 -2.879e-04 -2.879e-04 -2.879e-01 -2.894e-04 -2.894e-04 -2.549e-01
12.400235 -5.273e-01 6.885e-01 -2.277e-04 7.399e-06 7.399e-06 7.399e-03 6.105e-06 6.105e-06 1.961e-02
12.410233 -4.150e-01 6.396e-01 -3.006e-04 2.998e-04 2.998e-04 2.998e-01 2.991e-04 2.991e-04 3.333e-01
12.420234 -2.783e-01 6.006e-01 -3.123e-04 4.777e-04 4.777e-04 4.777e-01 4.774e-04 4.774e-04 4.902e-01
12.430233 -1.367e-01 5.859e-01 -3.181e-04 4.732e-04 4.732e-04 4.732e-01 4.725e-04 4.725e-04 4.902e-01
12.440233 -9.766e-03 5.615e-01 -3.356e-04 2.879e-04 2.879e-04 2.879e-01 2.869e-04 2.869e-04 2.941e-01
12.450233 1.221e-01 5.322e-01 -3.940e-04 -7.345e-06 -7.345e-06 -7.345e-03 -8.547e-06 -8.547e-06 1.961e-02
12.460234 2.246e-01 4.883e-01 -4.991e-04 -2.998e-04 -2.998e-04 -2.998e-01 -3.016e-04 -3.016e-04 -2.941e-01
12.470234 3.320e-01 4.346e-01 -6.363e-04 -4.778e-04 -4.778e-04 -4.778e-01 -4.799e-04 -4.799e-04 -4.510e-01
12.480233 4.199e-01 3.711e-01 -7.822e-04 -4.732e-04 -4.732e-04 -4.732e-01 -4.750e-04 -4.750e-04 -4.510e-01
12.490233 4.932e-01 3.027e-01 -8.989e-04 -2.879e-04 -2.879e-04 -2.879e-01 -2.894e-04 -2.894e-04 -2.549e-01
12.500235 5.713e-01 2.588e-01 -9.602e-04 7.381e-06 7.381e-06 7.381e-03 6.105e-06 6.105e-06 1.961e-02
12.510235 6.396e-01 2.002e-01 -9.515e-04 2.998e-04 2.998e-04 2.998e-01 2.991e-04 2.991e-04 3.333e-01
12.520234 7.422e-01 1.611e-01 -8.931e-04 4.778e-04 4.778e-04 4.778e-01 4.774e-04 4.774e-04 4.902e-01
12.530234 8.252e-01 1.611e-01 -8.347e-04 4.732e-04 4.732e-04 4.732e-01 4.725e-04 4.725e-04 4.902e-01
12.540234 9.082e-01 1.367e-01 -7.705e-04 2.879e-04 2.879e-04 2.879e-01 2.869e-04 2.869e-04 2.941e-01
12.550233 9.863e-01 1.367e-01 -7.705e-04 -7.327e-06 -7.327e-06 -7.327e-03 -8.547e-06 -8.547e-06 1.961e-02
12.560234 1.064e+00 9.277e-02 -8.055e-04 -2.998e-04 -2.998e-04 -2.998e-01 -3.016e-04 -3.016e-04 -2.941e-01
12.570233 1.113e+00 4.395e-02 -8.727e-04 -4.777e-04 -4.777e-04 -4.777e-01 -4.799e-04 -4.799e-04 -4.510e-01
12.580235 1.157e+00 4.883e-03 -9.602e-04 -4.732e-04 -4.732e-04 -4.732e-01 -4.750e-04 -4.750e-04 -4.510e-01
12.590235 1.191e+00 -5.371e-02 -1.007e-03 -2.879e-04 -2.879e-04 -2.879e-01 -2.894e-04 -2.894e-04 -2.549e-01
12.600234 1.230e+00 -8.789e-02 -1.007e-03 7.363e-06 7.363e-06 7.363e-03 6.105e-06 6.105e-06 1.961e-02
12.610234 1.255e+00 -1.172e-01 -9.544e-04 2.998e-04 2.998e-04 2.998e-01 2.991e-04 2.991e-04 3.333e-01
12.620234 1.309e+00 -1.172e-01 -8.610e-04 4.778e-04 4.778e-04 4.778e-01 4.774e-04 4.774e-04 4.902e-01
12.630233 1.362e+00 -9.766e-02 -7.559e-04 4.732e-04 4.732e-04 4.732e-01 4.725e-04 4.725e-04 4.902e-01
12.640233 1.426e+00 -8.301e-02 -6.742e-04 2.879e-04 2.879e-04 2.879e-01 2.869e-04 2.869e-04 2.941e-01
12.650233 1.504e+00 -7.324e-02 -6.246e-04 -7.339e-06 -7.339e-06 -7.339e-03 -8.547e-06 -8.547e-06 1.961e-02
12.660233 1.548e+00 -7.812e-02 -6.333e-04 -2.998e-04 -2.998e-04 -2.998e-01 -3.016e-04 -3.016e-04 -2.941e-01
12.670235 1.592e+00 -8.789e-02 -6.859e-04 -4.778e-04 -4.778e-04 -4.778e-01 -4.799e-04 -4.799e-04 -4.510e-01
12.680234 1.641e+00 -1.123e-01 -7.501e-04 -4.732e-04 -4.732e-04 -4.732e-01 -4.750e-04 -4.750e-04 -4.510e-01
12.690235 1.675e+00 -1.270e-01 -7.968e-04 -2.879e-04 -2.879e-04 -2.879e-01 -2.894e-04 -2.894e-04 -2.549e-01
12.700234 1.738e+00 -1.318e-01 -7.851e-04 7.375e-06 7.375e-06 7.375e-03 6.105e-06 6.105e-06 1.961e-02
12.710236 1.792e+00 -1.318e-01 -7.238e-04 2.999e-04 2.999e-04 2.999e-01 2.991e-04 2.991e-04 3.333e-01
12.720234 1.875e+00 -9.766e-02 -6.333e-04 4.778e-04 4.778e-04 4.778e-01 4.774e-04 4.774e-04 4.902e-01
12.730234 1.978e+00 -6.836e-02 -5.283e-04 4.732e-04 4.732e-04 4.732e-01 4.725e-04 4.725e-04 4.902e-01
12.740233 2.070e+00 -9.766e-03 -4.670e-04 2.879e-04 2.879e-04 2.879e-01 2.869e-04 2.869e-04 2.941e-01
12.750234 2.173e+00 1.465e-02 -4.174e-04 -7.351e-06 -7.351e-06 -7.351e-03 -8.547e-06 -8.547e-06 1.961e-02
12.760234 2.222e+00 4.395e-02 -4.524e-04 -2.998e-04 -2.998e-04 -2.998e-01 -3.016e-04 -3.016e-04 -2.941e-01
12.770234 2.300e+00 6.348e-02 -5.341e-04 -4.778e-04 -4.778e-04 -4.778e-01 -4.799e-04 -4.799e-04 -4.510e-01
12.780235 2.349e+00 6.348e-02 -6.217e-04 -4.732e-04 -4.732e-04 -4.732e-01 -4.750e-04 -4.750e-04 -4.510e-01
12.790235 2.393e+00 6.836e-02 -7.005e-04 -2.879e-04 -2.879e-04 -2.879e-01 -2.894e-04 -2.894e-04 -2.549e-01
12.800234 2.471e+00 9.766e-02 -7.472e-04 7.357e-06 7.357e-06 7.357e-03 6.105e-06 6.105e-06 1.961e-02
12.810234 2.539e+00 1.074e-01 -7.180e-04 2.998e-04 2.998e-04 2.998e-01 2.991e-04 2.991e-04 3.333e-01
12.820233 2.632e+00 1.611e-01 -6.684e-04 4.777e-04 4.777e-04 4.777e-01 4.774e-04 4.774e-04 4.902e-01
12.830234 2.729e+00 2.051e-01 -6.071e-04 4.732e-04 4.732e-04 4.732e-01 4.725e-04 4.725e-04 4.902e-01
12.840233 2.817e+00 2.295e-01 -5.545e-04 2.879e-04 2.879e-04 2.879e-01 2.869e-04 2.869e-04 2.941e-01
12.850235 2.925e+00 2.930e-01 -5.779e-04 -7.393e-06 -7.393e-06 -7.393e-03 -8.547e-06 -8.547e-06 1.961e-02
12.860234 2.998e+00 3.125e-01 -6.567e-04 -2.998e-04 -2.998e-04 -2.998e-01 -3.016e-04 -3.016e-04 -2.941e-01
12.870233 3.062e+00 3.271e-01 -7.763e-04 -4.777e-04 -4.777e-04 -4.777e-01 -4.799e-04 -4.799e-04 -4.510e-01
12.880235 3.130e+00 3.369e-01 -9.135e-04 -4.732e-04 -4.732e-04 -4.732e-01 -4.750e-04 -4.750e-04 -4.510e-01
12.890234 3.169e+00 3.369e-01 -1.039e-03 -2.879e-04 -2.879e-04 -2.879e-01 -2.894e-04 -2.894e-04 -2.549e-01
12.900233 3.247e+00 3.369e-01 -1.100e-03 7.339e-06 7.339e-06 7.339e-03 6.105e-06 6.105e-06 1.961e-02
12.910234 3.315e+00 3.516e-01 -1.135e-03 2.998e-04 2.998e-04 2.998e-01 2.991e-04 2.991e-04 3.333e-01
12.920235 3.403e+00 3.809e-01 -1.115e-03 4.778e-04 4.778e-04 4.778e-01 4.774e-04 4.774e-04 4.902e-01
12.930233 3.491e+00 4.150e-01 -1.086e-03 4.732e-04 4.732e-04 4.732e-01 4.725e-04 4.725e-04 4.902e-01
12.940234 3.569e+00 4.395e-01 -1.089e-03 2.879e-04 2.879e-04 2.879e-01 2.869e-04 2.869e-04 2.941e-01
12.950234 3.633e+00 4.736e-01 -1.135e-03 -7.375e-06 -7.375e-06 -7.375e-03 -8.547e-06 -8.547e-06 1.961e-02
12.960235 3.696e+00 4.639e-01 -1.229e-03 -2.998e-04 -2.998e-04 -2.998e-01 -3.016e-04 -3.016e-04 -2.941e-01
12.970233 3.745e+00 4.736e-01 -1.378e-03 -4.777e-04 -4.777e-04 -4.777e-01 -4.799e-04 -4.799e-04 -4.510e-01
12.980233 3.779e+00 4.443e-01 -1.529e-03 -4.732e-04 -4.732e-04 -4.732e-01 -4.750e-04 -4.750e-04 -4.510e-01
12.990234 3.804e+00 4.102e-01 -1.655e-03 -2.879e-04 -2.879e-04 -2.879e-01 -2.894e-04 -2.894e-04 -2.549e-01
13.000235 3.838e+00 4.053e-01 -1.748e-03 7.381e-06 7.381e-06 7.381e-03 6.105e-06 6.105e-06 1.961e-02
13.010235 3.867e+00 3.809e-01 -1.775e-03 2.998e-04 2.998e-04 2.998e-01 2.991e-04 2.991e-04 3.333e-01
13.020234 3.921e+00 3.760e-01 -1.748e-03 4.778e-04 4.778e-04 4.778e-01 4.774e-04 4.774e-04 4.902e-01
13.030234 3.960e+00 3.760e-01 -1.713e-03 4.732e-04 4.732e-04 4.732e-01 4.725e-04 4.725e-04 4.902e-01
13.040235 3.989e+00 3.857e-01 -1.707e-03 2.879e-04 2.879e-04 2.879e-01 2.869e-04 2.869e-04 2.941e-01
13.050234 4.023e+00 3.809e-01 -1.731e-03 -7.357e-06 -7.357e-06 -7.357e-03 -8.547e-06 -8.547e-06 1.961e-02
13.060234 4.023e+00 3.613e-01 -1.827e-03 -2.998e-04 -2.998e-04 -2.998e-01 -3.016e-04 -3.016e-04 -2.941e-01
13.070234 4.023e+00 3.271e-01 -1.944e-03 -4.778e-04 -4.778e-04 -4.778e-01 -4.799e-04 -4.799e-04 -4.510e-01
13.080235 4.009e+00 2.881e-01 -2.072e-03 -4.732e-04 -4.732e-04 -4.732e-01 -4.750e-04 -4.750e-04 -4.510e-01
13.090234 3.975e+00 2.295e-01 -2.174e-03 -2.879e-04 -2.879e-04 -2.879e-01 -2.894e-04 -2.894e-04 -2.549e-01
13.100234 3.960e+00 1.904e-01 -2.224e-03 7.364e-06 7.364e-06 7.364e-03 6.105e-06 6.105e-06 1.961e-02
13.110234 3.916e+00 1.416e-01 -2.201e-03 2.998e-04 2.998e-04 2.998e-01 2.991e-04 2.991e-04 3.333e-01
13.120234 3.901e+00 1.270e-01 -2.151e-03 4.777e-04 4.777e-04 4.777e-01 4.774e-04 4.774e-04 4.902e-01
13.130233 3.887e+00 1.172e-01 -2.078e-03 4.732e-04 4.732e-04 4.732e-01 4.725e-04 4.725e-04 4.902e-01
13.140233 3.857e+00 1.123e-01 -2.031e-03 2.879e-04 2.879e-04 2.879e-01 2.869e-04 2.869e-04 2.941e-01
13.150234 3.838e+00 1.025e-01 -2.023e-03 -7.370e-06 -7.370e-06 -7.370e-03 -8.547e-06 -8.547e-06 1.961e-02
13.160233 3.779e+00 4.883e-02 -2.037e-03 -2.998e-04 -2.998e-04 -2.998e-01 -3.016e-04 -3.016e-04 -2.941e-01
13.170234 3.711e+00 4.883e-03 -2.098e-03 -4.777e-04 -4.777e-04 -4.777e-01 -4.799e-04 -4.799e-04 -4.510e-01
13.180234 3.647e+00 -6.348e-02 -2.169e-03 -4.732e-04 -4.732e-04 -4.732e-01 -4.750e-04 -4.750e-04 -4.510e-01
13.190235 3.550e+00 -1.123e-01 -2.221e-03 -2.879e-04 -2.879e-04 -2.879e-01 -2.894e-04 -2.894e-04 -2.549e-01
13.200233 3.491e+00 -1.611e-01 -2.215e-03 7.346e-06 7.346e-06 7.346e-03 6.105e-06 6.105e-06 1.961e-02
13.210234 3.408e+00 -2.002e-01 -2.145e-03 2.998e-04 2.998e-04 2.998e-01 2.991e-04 2.991e-04 3.333e-01
13.220234 3.359e+00 -2.148e-01 -2.040e-03 4.778e-04 4.778e-04 4.778e-01 4.774e-04 4.774e-04 4.902e-01
13.230234 3.311e+00 -2.197e-01 -1.915e-03 4.732e-04 4.732e-04 4.732e-01 4.725e-04 4.725e-04 4.902e-01
13.240233 3.257e+00 -2.295e-01 -1.801e-03 2.879e-04 2.879e-04 2.879e-01 2.869e-04 2.869e-04 2.941e-01
13.250235 3.223e+00 -2.539e-01 -1.719e-03 -7.382e-06 -7.382e-06 -7.382e-03 -8.547e-06 -8.547e-06 1.961e-02
13.260234 3.120e+00 -2.686e-01 -1.704e-03 -2.998e-04 -2.998e-04 -2.998e-01 -3.016e-04 -3.016e-04 -2.941e-01
13.270234 3.042e+00 -2.881e-01 -1.734e-03 -4.778e-04 -4.778e-04 -4.778e-01 -4.799e-04 -4.799e-04 -4.510e-01
13.280234 2.954e+00 -3.320e-01 -1.757e-03 -4.732e-04 -4.732e-04 -4.732e-01 -4.750e-04 -4.750e-04 -4.510e-01
13.290234 2.852e+00 -3.857e-01 -1.760e-03 -2.879e-04 -2.879e-04 -2.879e-01 -2.894e-04 -2.894e-04 -2.549e-01
13.300233 2.788e+00 -4.004e-01 -1.716e-03 7.328e-06 7.328e-06 7.328e-03 6.105e-06 6.105e-06 1.961e-02
13.310233 2.710e+00 -4.248e-01 -1.608e-03 2.998e-04 2.998e-04 2.998e-01 2.991e-04 2.991e-04 3.333e-01
13.320235 2.671e+00 -4.150e-01 -1.468e-03 4.778e-04 4.778e-04 4.778e-01 4.774e-04 4.774e-04 4.902e-01
13.330235 2.627e+00 -3.955e-01 -1.310e-03 4.732e-04 4.732e-04 4.732e-01 4.725e-04 4.725e-04 4.902e-01
13.340235 2.578e+00 -3.906e-01 -1.165e-03 2.879e-04 2.879e-04 2.879e-01 2.869e-04 2.869e-04 2.941e-01
13.350234 2.549e+00 -3.711e-01 -1.071e-03 -7.364e-06 -7.364e-06 -7.364e-03 -8.547e-06 -8.547e-06 1.961e-02
13.360234 2.495e+00 -3.613e-01 -1.042e-03 -2.998e-04 -2.998e-04 -2.998e-01 -3.016e-04 -3.016e-04 -2.941e-01
13.370234 2.446e+00 -3.613e-01 -1.054e-03 -4.778e-04 -4.778e-04 -4.778e-01 -4.799e-04 -4.799e-04 -4.510e-01
13.380235 2.393e+00 -3.760e-01 -1.071e-03 -4.732e-04 -4.732e-04 -4.732e-01 -4.750e-04 -4.750e-04 -4.510e-01
13.390233 2.344e+00 -3.955e-01 -1.068e-03 -2.879e-04 -2.879e-04 -2.879e-01 -2.894e-04 -2.894e-04 -2.549e-01
13.400234 2.314e+00 -3.809e-01 -1.036e-03 7.370e-06 7.370e-06 7.370e-03 6.105e-06 6.105e-06 1.961e-02
13.410234 2.290e+00 -3.760e-01 -9.369e-04 2.998e-04 2.998e-04 2.998e-01 2.991e-04 2.991e-04 3.333e-01
13.420234 2.290e+00 -3.418e-01 -7.997e-04 4.777e-04 4.777e-04 4.777e-01 4.774e-04 4.774e-04 4.902e-01
13.430234 2.300e+00 -2.930e-01 -6.596e-04 4.732e-04 4.732e-04 4.732e-01 4.725e-04 4.725e-04 4.902e-01
13.440234 2.310e+00 -2.539e-01 -5.399e-04 2.879e-04 2.879e-04 2.879e-01 2.869e-04 2.869e-04 2.941e-01
13.450234 2.329e+00 -2.002e-01 -4.874e-04 -7.376e-06 -7.376e-06 -7.376e-03 -8.547e-06 -8.547e-06 1.961e-02
13.460234 2.339e+00 -1.660e-01 -4.845e-04 -2.998e-04 -2.998e-04 -2.998e-01 -3.016e-04 -3.016e-04 -2.941e-01
13.470234 2.354e+00 -1.367e-01 -5.312e-04 -4.778e-04 -4.778e-04 -4.778e-01 -4.799e-04 -4.799e-04 -4.510e-01
13.480234 2.363e+00 -1.221e-01 -5.925e-04 -4.732e-04 -4.732e-04 -4.732e-01 -4.750e-04 -4.750e-04 -4.510e-01
13.490234 2.383e+00 -1.172e-01 -6.363e-04 -2.879e-04 -2.879e-04 -2.879e-01 -2.894e-04 -2.894e-04 -2.549e-01
13.500234 2.427e+00 -9.277e-02 -6.421e-04 7.352e-06 7.352e-06 7.352e-03 6.105e-06 6.105e-06 1.961e-02
13.510233 2.446e+00 -6.348e-02 -5.983e-04 2.998e-04 2.998e-04 2.998e-01 2.991e-04 2.991e-04 3.333e-01
13.520233 2.515e+00 -9.766e-03 -5.166e-04 4.777e-04 4.777e-04 4.777e-01 4.774e-04 4.774e-04 4.902e-01
13.530233 2.583e+00 5.859e-02 -4.349e-04 4.732e-04 4.732e-04 4.732e-01 4.725e-04 4.725e-04 4.902e-01
13.540234 2.656e+00 1.172e-01 -3.794e-04 2.879e-04 2.879e-04 2.879e-01 2.869e-04 2.869e-04 2.941e-01
13.550234 2.734e+00 1.660e-01 -3.707e-04 -7.358e-06 -7.358e-06 -7.358e-03 -8.547e-06 -8.547e-06 1.961e-02
13.560233 2.803e+00 2.051e-01 -4.349e-04 -2.998e-04 -2.998e-04 -2.998e-01 -3.016e-04 -3.016e-04 -2.941e-01
13.570234 2.871e+00 2.344e-01 -5.429e-04 -4.778e-04 -4.778e-04 -4.778e-01 -4.799e-04 -4.799e-04 -4.510e-01
13.580234 2.925e+00 2.441e-01 -6.567e-04 -4.732e-04 -4.732e-04 -4.732e-01 -4.750e-04 -4.750e-04 -4.510e-01
13.590234 2.983e+00 2.637e-01 -7.763e-04 -2.879e-04 -2.879e-04 -2.879e-01 -2.894e-04 -2.894e-04 -2.549e-01
13.600234 3.047e+00 2.979e-01 -8.464e-04 7.364e-06 7.364e-06 7.364e-03 6.105e-06 6.105e-06 1.961e-02
13.610233 3.135e+00 3.027e-01 -8.464e-04 2.998e-04 2.998e-04 2.998e-01 2.991e-04 2.991e-04 3.333e-01
13.620234 3.218e+00 3.418e-01 -8.260e-04 4.777e-04 4.777e-04 4.777e-01 4.774e-04 4.774e-04 4.902e-01
13.630235 3.320e+00 4.004e-01 -8.026e-04 4.732e-04 4.732e-04 4.732e-01 4.725e-04 4.725e-04 4.902e-01
13.640234 3.418e+00 4.346e-01 -7.939e-04 2.879e-04 2.879e-04 2.879e-01 2.869e-04 2.869e-04 2.941e-01
13.650235 3.516e+00 4.834e-01 -8.435e-04 -7.400e-06 -7.400e-06 -7.400e-03 -8.547e-06 -8.547e-06 1.961e-02
13.660233 3.594e+00 4.980e-01 -9.573e-04 -2.998e-04 -2.998e-04 -2.998e-01 -3.016e-04 -3.016e-04 -2.941e-01
13.670234 3.662e+00 5.029e-01 -1.100e-03 -4.777e-04 -4.777e-04 -4.777e-01 -4.799e-04 -4.799e-04 -4.510e-01
13.680235 3.711e+00 4.932e-01 -1.264e-03 -4.732e-04 -4.732e-04 -4.732e-01 -4.750e-04 -4.750e-04 -4.510e-01
13.690234 3.765e+00 4.688e-01 -1.401e-03 -2.879e-04 -2.879e-04 -2.879e-01 -2.894e-04 -2.894e-04 -2.549e-01
13.700233 3.818e+00 4.883e-01 -1.515e-03 7.346e-06 7.346e-06 7.346e-03 6.105e-06 6.105e-06 1.961e-02
13.710234 3.862e+00 4.785e-01 -1.556e-03 2.998e-04 2.998e-04 2.998e-01 2.991e-04 2.991e-04 3.333e-01
13.720234 3.936e+00 4.834e-01 -1.550e-03 4.778e-04 4.778e-04 4.778e-01 4.774e-04 4.774e-04 4.902e-01
13.730235 4.004e+00 4.980e-01 -1.535e-03 4.732e-04 4.732e-04 4.732e-01 4.725e-04 4.725e-04 4.902e-01
13.740235 4.062e+00 5.176e-01 -1.556e-03 2.879e-04 2.879e-04 2.879e-01 2.869e-04 2.869e-04 2.941e-01
13.750235 4.126e+00 5.176e-01 -1.591e-03 -7.382e-06 -7.382e-06 -7.382e-03 -8.547e-06 -8.547e-06 1.961e-02
13.760235 4.160e+00 4.980e-01 -1.702e-03 -2.998e-04 -2.998e-04 -2.998e-01 -3.016e-04 -3.016e-04 -2.941e-01
13.770233 4.175e+00 4.688e-01 -1.847e-03 -4.777e-04 -4.777e-04 -4.777e-01 -4.799e-04 -4.799e-04 -4.510e-01
13.780233 4.175e+00 4.346e-01 -2.008e-03 -4.732e-04 -4.732e-04 -4.732e-01 -4.750e-04 -4.750e-04 -4.510e-01
13.790235 4.170e+00 3.809e-01 -2.125e-03 -2.879e-04 -2.879e-04 -2.879e-01 -2.894e-04 -2.894e-04 -2.549e-01
13.800234 4.160e+00 3.467e-01 -2.204e-03 7.358e-06 7.358e-06 7.358e-03 6.105e-06 6.105e-06 1.961e-02
13.810235 4.146e+00 3.076e-01 -2.224e-03 2.998e-04 2.998e-04 2.998e-01 2.991e-04 2.991e-04 3.333e-01
13.820234 4.160e+00 3.125e-01 -2.204e-03 4.778e-04 4.778e-04 4.778e-01 4.774e-04 4.774e-04 4.902e-01
13.830235 4.165e+00 2.832e-01 -2.151e-03 4.732e-04 4.732e-04 4.732e-01 4.725e-04 4.725e-04 4.902e-01
13.840233 4.165e+00 2.441e-01 -2.104e-03 2.879e-04 2.879e-04 2.879e-01 2.869e-04 2.869e-04 2.941e-01
13.850233 4.131e+00 2.441e-01 -2.122e-03 -7.334e-06 -7.334e-06 -7.334e-03 -8.547e-06 -8.547e-06 1.961e-02
13.860233 4.087e+00 1.953e-01 -2.177e-03 -2.998e-04 -2.998e-04 -2.998e-01 -3.016e-04 -3.016e-04 -2.941e-01
13.870234 4.048e+00 1.416e-01 -2.262e-03 -4.777e-04 -4.777e-04 -4.777e-01 -4.799e-04 -4.799e-04 -4.510e-01
13.880234 3.975e+00 8.789e-02 -2.364e-03 -4.732e-04 -4.732e-04 -4.732e-01 -4.750e-04 -4.750e-04 -4.510e-01
13.890234 3.901e+00 2.441e-02 -2.440e-03 -2.879e-04 -2.879e-04 -2.879e-01 -2.894e-04 -2.894e-04 -2.549e-01
13.900234 3.848e+00 -3.906e-02 -2.446e-03 7.370e-06 7.370e-06 7.370e-03 6.105e-06 6.105e-06 1.961e-02
13.910234 3.779e+00 -8.301e-02 -2.402e-03 2.998e-04 2.998e-04 2.998e-01 2.991e-04 2.991e-04 3.333e-01
13.920234 3.716e+00 -1.123e-01 -2.309e-03 4.777e-04 4.777e-04 4.777e-01 4.774e-04 4.774e-04 4.902e-01
13.930235 3.662e+00 -1.270e-01 -2.198e-03 4.732e-04 4.732e-04 4.732e-01 4.725e-04 4.725e-04 4.902e-01
13.940233 3.589e+00 -1.611e-01 -2.090e-03 2.879e-04 2.879e-04 2.879e-01 2.869e-04 2.869e-04 2.941e-01
13.950233 3.521e+00 -1.807e-01 -2.020e-03 -7.346e-06 -7.346e-06 -7.346e-03 -8.547e-06 -8.547e-06 1.961e-02
13.960234 3.433e+00 -2.148e-01 -2.020e-03 -2.998e-04 -2.998e-04 -2.998e-01 -3.016e-04 -3.016e-04 -2.941e-01
13.970234 3.335e+00 -2.588e-01 -2.046e-03 -4.778e-04 -4.778e-04 -4.778e-01 -4.799e-04 -4.799e-04 -4.510e-01
13.980234 3.232e+00 -3.125e-01 -2.078e-03 -4.732e-04 -4.732e-04 -4.732e-01 -4.750e-04 -4.750e-04 -4.510e-01
13.990235 3.120e+00 -3.711e-01 -2.087e-03 -2.879e-04 -2.879e-04 -2.879e-01 -2.894e-04 -2.894e-04 -2.549e-01
14.000234 3.022e+00 -3.906e-01 -2.058e-03 7.352e-06 7.352e-06 7.352e-03 6.105e-06 6.105e-06 1.961e-02
14.010234 2.930e+00 -4.395e-01 -1.944e-03 2.998e-04 2.998e-04 2.998e-01 2.991e-04 2.991e-04 3.333e-01
14.020233 2.876e+00 -4.541e-01 -1.783e-03 4.777e-04 4.777e-04 4.777e-01 4.774e-04 4.774e-04 4.902e-01
14.030233 2.798e+00 -4.492e-01 -1.623e-03 4.732e-04 4.732e-04 4.732e-01 4.725e-04 4.725e-04 4.902e-01
14.040235 2.725e+00 -4.492e-01 -1.474e-03 2.879e-04 2.879e-04 2.879e-01 2.869e-04 2.869e-04 2.941e-01
14.050234 2.666e+00 -4.395e-01 -1.363e-03 -7.358e-06 -7.358e-06 -7.358e-03 -8.547e-06 -8.547e-06 1.961e-02
14.060235 2.578e+00 -4.541e-01 -1.313e-03 -2.998e-04 -2.998e-04 -2.998e-01 -3.016e-04 -3.016e-04 -2.941e-01
14.070233 2.510e+00 -4.688e-01 -1.310e-03 -4.777e-04 -4.777e-04 -4.777e-01 -4.799e-04 -4.799e-04 -4.510e-01
14.080234 2.422e+00 -5.078e-01 -1.305e-03 -4.732e-04 -4.732e-04 -4.732e-01 -4.750e-04 -4.750e-04 -4.510e-01
14.090235 2.339e+00 -5.029e-01 -1.305e-03 -2.879e-04 -2.879e-04 -2.879e-01 -2.894e-04 -2.894e-04 -2.549e-01
14.100234 2.305e+00 -5.273e-01 -1.226e-03 7.364e-06 7.364e-06 7.364e-03 6.105e-06 6.105e-06 1.961e-02
14.110234 2.227e+00 -5.176e-01 -1.118e-03 2.998e-04 2.998e-04 2.998e-01 2.991e-04 2.991e-04 3.333e-01
14.120234 2.207e+00 -4.883e-01 -9.631e-04 4.778e-04 4.778e-04 4.778e-01 4.774e-04 4.774e-04 4.902e-01
14.130234 2.183e+00 -4.541e-01 -7.909e-04 4.732e-04 4.732e-04 4.732e-01 4.725e-04 4.725e-04 4.902e-01
14.140235 2.168e+00 -4.102e-01 -6.508e-04 2.879e-04 2.879e-04 2.879e-01 2.869e-04 2.869e-04 2.941e-01
14.150233 2.163e+00 -3.662e-01 -5.545e-04 -7.340e-06 -7.340e-06 -7.340e-03 -8.547e-06 -8.547e-06 1.961e-02
14.160233 2.148e+00 -3.369e-01 -5.399e-04 -2.998e-04 -2.998e-04 -2.998e-01 -3.016e-04 -3.016e-04 -2.941e-01
14.170235 2.119e+00 -3.125e-01 -5.516e-04 -4.778e-04 -4.778e-04 -4.778e-01 -4.799e-04 -4.799e-04 -4.510e-01
14.180233 2.119e+00 -3.125e-01 -5.779e-04 -4.732e-04 -4.732e-04 -4.732e-01 -4.750e-04 -4.750e-04 -4.510e-01
14.190234 2.114e+00 -3.027e-01 -5.896e-04 -2.879e-04 -2.879e-04 -2.879e-01 -2.894e-04 -2.894e-04 -2.549e-01
14.200234 2.104e+00 -2.588e-01 -5.808e-04 7.376e-06 7.376e-06 7.376e-03 6.105e-06 6.105e-06 1.961e-02
14.210234 2.139e+00 -2.441e-01 -4.903e-04 2.998e-04 2.998e-04 2.998e-01 2.991e-04 2.991e-04 3.333e-01
14.220234 2.192e+00 -1.807e-01 -3.882e-04 4.778e-04 4.778e-04 4.778e-01 4.774e-04 4.774e-04 4.902e-01
14.230235 2.241e+00 -1.221e-01 -2.714e-04 4.732e-04 4.732e-04 4.732e-01 4.725e-04 4.725e-04 4.902e-01
14.240234 2.319e+00 -5.371e-02 -1.955e-04 2.879e-04 2.879e-04 2.879e-01 2.869e-04 2.869e-04 2.941e-01
14.250235 2.393e+00 9.766e-03 -1.664e-04 -7.382e-06 -7.382e-06 -7.382e-03 -8.547e-06 -8.547e-06 1.961e-02
14.260234 2.432e+00 6.348e-02 -2.101e-04 -2.998e-04 -2.998e-04 -2.998e-01 -3.016e-04 -3.016e-04 -2.941e-01
14.270234 2.505e+00 8.789e-02 -2.802e-04 -4.778e-04 -4.778e-04 -4.778e-01 -4.799e-04 -4.799e-04 -4.510e-01
14.280234 2.559e+00 1.123e-01 -3.823e-04 -4.732e-04 -4.732e-04 -4.732e-01 -4.750e-04 -4.750e-04 -4.510e-01
14.290234 2.617e+00 1.318e-01 -4.670e-04 -2.879e-04 -2.879e-04 -2.879e-01 -2.894e-04 -2.894e-04 -2.549e-01
14.300234 2.695e+00 1.709e-01 -5.108e-04 7.359e-06 7.359e-06 7.359e-03 6.105e-06 6.105e-06 1.961e-02
14.310234 2.769e+00 2.051e-01 -5.195e-04 2.998e-04 2.998e-04 2.998e-01 2.991e-04 2.991e-04 3.333e-01
14.320234 2.881e+00 2.734e-01 -4.845e-04 4.778e-04 4.778e-04 4.778e-01 4.774e-04 4.774e-04 4.902e-01
14.330234 2.983e+00 3.223e-01 -4.495e-04 4.732e-04 4.732e-04 4.732e-01 4.725e-04 4.725e-04 4.902e-01
14.340235 3.096e+00 4.004e-01 -4.553e-04 2.879e-04 2.879e-04 2.879e-01 2.869e-04 2.869e-04 2.941e-01
14.350233 3.223e+00 4.590e-01 -4.932e-04 -7.335e-06 -7.335e-06 -7.335e-03 -8.547e-06 -8.547e-06 1.961e-02
14.360233 3.311e+00 4.785e-01 -5.896e-04 -2.998e-04 -2.998e-04 -2.998e-01 -3.016e-04 -3.016e-04 -2.941e-01
14.370234 3.398e+00 5.078e-01 -7.384e-04 -4.777e-04 -4.777e-04 -4.777e-01 -4.799e-04 -4.799e-04 -4.510e-01
14.380235 3.472e+00 5.078e-01 -9.018e-04 -4.732e-04 -4.732e-04 -4.732e-01 -4.750e-04 -4.750e-04 -4.510e-01
14.390234 3.545e+00 5.029e-01 -1.045e-03 -2.879e-04 -2.879e-04 -2.879e-01 -2.894e-04 -2.894e-04 -2.549e-01
14.400234 3.633e+00 5.273e-01 -1.165e-03 7.371e-06 7.371e-06 7.371e-03 6.105e-06 6.105e-06 1.961e-02
14.410233 3.716e+00 5.322e-01 -1.214e-03 2.998e-04 2.998e-04 2.998e-01 2.991e-04 2.991e-04 3.333e-01
14.420235 3.818e+00 5.615e-01 -1.235e-03 4.778e-04 4.778e-04 4.778e-01 4.774e-04 4.774e-04 4.902e-01
14.430234 3.916e+00 6.006e-01 -1.237e-03 4.732e-04 4.732e-04 4.732e-01 4.725e-04 4.725e-04 4.902e-01
14.440234 3.999e+00 6.250e-01 -1.270e-03 2.879e-04 2.879e-04 2.879e-01 2.869e-04 2.869e-04 2.941e-01
14.450234 4.111e+00 6.299e-01 -1.328e-03 -7.377e-06 -7.377e-06 -7.377e-03 -8.547e-06 -8.547e-06 1.961e-02
14.460235 4.155e+00 6.445e-01 -1.477e-03 -2.998e-04 -2.998e-04 -2.998e-01 -3.016e-04 -3.016e-04 -2.941e-01
14.470235 4.219e+00 6.152e-01 -1.631e-03 -4.778e-04 -4.778e-04 -4.778e-01 -4.799e-04 -4.799e-04 -4.510e-01
14.480234 4.248e+00 5.908e-01 -1.810e-03 -4.732e-04 -4.732e-04 -4.732e-01 -4.750e-04 -4.750e-04 -4.510e-01
14.490235 4.272e+00 5.420e-01 -1.961e-03 -2.879e-04 -2.879e-04 -2.879e-01 -2.894e-04 -2.894e-04 -2.549e-01
14.500234 4.312e+00 5.225e-01 -2.075e-03 7.353e-06 7.353e-06 7.353e-03 6.105e-06 6.105e-06 1.961e-02
14.510233 4.331e+00 4.883e-01 -2.122e-03 2.998e-04 2.998e-04 2.998e-01 2.991e-04 2.991e-04 3.333e-01
14.520233 4.365e+00 4.785e-01 -2.119e-03 4.777e-04 4.777e-04 4.777e-01 4.774e-04 4.774e-04 4.902e-01
14.530234 4.395e+00 4.688e-01 -2.104e-03 4.732e-04 4.732e-04 4.732e-01 4.725e-04 4.725e-04 4.902e-01
14.540234 4.424e+00 4.443e-01 -2.096e-03 2.879e-04 2.879e-04 2.879e-01 2.869e-04 2.869e-04 2.941e-01
14.550234 4.424e+00 4.395e-01 -2.145e-03 -7.359e-06 -7.359e-06 -7.359e-03 -8.547e-06 -8.547e-06 1.961e-02
14.560235 4.390e+00 4.004e-01 -2.233e-03 -2.998e-04 -2.998e-04 -2.998e-01 -3.016e-04 -3.016e-04 -2.941e-01
14.570235 4.370e+00 3.467e-01 -2.358e-03 -4.778e-04 -4.778e-04 -4.778e-01 -4.799e-04 -4.799e-04 -4.510e-01
14.580235 4.331e+00 2.881e-01 -2.492e-03 -4.732e-04 -4.732e-04 -4.732e-01 -4.750e-04 -4.750e-04 -4.510e-01
14.590234 4.277e+00 2.051e-01 -2.583e-03 -2.879e-04 -2.879e-04 -2.879e-01 -2.894e-04 -2.894e-04 -2.549e-01
14.600233 4.219e+00 1.367e-01 -2.615e-03 7.335e-06 7.335e-06 7.335e-03 6.105e-06 6.105e-06 1.961e-02
14.610233 4.175e+00 7.324e-02 -2.595e-03 2.998e-04 2.998e-04 2.998e-01 2.991e-04 2.991e-04 3.333e-01
14.620234 4.121e+00 5.371e-02 -2.533e-03 4.777e-04 4.777e-04 4.777e-01 4.774e-04 4.774e-04 4.902e-01
14.630235 4.072e+00 2.930e-02 -2.457e-03 4.732e-04 4.732e-04 4.732e-01 4.725e-04 4.725e-04 4.902e-01
14.640235 3.994e+00 -4.883e-03 -2.382e-03 2.879e-04 2.879e-04 2.879e-01 2.869e-04 2.869e-04 2.941e-01
14.650234 3.936e+00 -3.418e-02 -2.347e-03 -7.371e-06 -7.371e-06 -7.371e-03 -8.547e-06 -8.547e-06 1.961e-02
14.660233 3.843e+00 -9.766e-02 -2.349e-03 -2.998e-04 -2.998e-04 -2.998e-01 -3.016e-04 -3.016e-04 -2.941e-01
14.670234 3.750e+00 -1.514e-01 -2.396e-03 -4.777e-04 -4.777e-04 -4.777e-01 -4.799e-04 -4.799e-04 -4.510e-01
14.680234 3.628e+00 -2.295e-01 -2.440e-03 -4.732e-04 -4.732e-04 -4.732e-01 -4.750e-04 -4.750e-04 -4.510e-01
14.690233 3.511e+00 -2.979e-01 -2.460e-03 -2.879e-04 -2.879e-04 -2.879e-01 -2.894e-04 -2.894e-04 -2.549e-01
14.700233 3.394e+00 -3.467e-01 -2.422e-03 7.347e-06 7.347e-06 7.347e-03 6.105e-06 6.105e-06 1.961e-02
14.710234 3.291e+00 -4.004e-01 -2.317e-03 2.998e-04 2.998e-04 2.998e-01 2.991e-04 2.991e-04 3.333e-01
14.720235 3.198e+00 -4.199e-01 -2.180e-03 4.778e-04 4.778e-04 4.778e-01 4.774e-04 4.774e-04 4.902e-01
14.730234 3.105e+00 -4.395e-01 -2.017e-03 4.732e-04 4.732e-04 4.732e-01 4.725e-04 4.725e-04 4.902e-01
14.740234 3.018e+00 -4.346e-01 -1.882e-03 2.879e-04 2.879e-04 2.879e-01 2.869e-04 2.869e-04 2.941e-01
14.750233 2.935e+00 -4.639e-01 -1.763e-03 -7.323e-06 -7.323e-06 -7.323e-03 -8.547e-06 -8.547e-06 1.961e-02
14.760234 2.827e+00 -4.980e-01 -1.710e-03 -2.998e-04 -2.998e-04 -2.998e-01 -3.016e-04 -3.016e-04 -2.941e-01
14.770234 2.720e+00 -5.273e-01 -1.690e-03 -4.778e-04 -4.778e-04 -4.778e-01 -4.799e-04 -4.799e-04 -4.510e-01
14.780234 2.588e+00 -5.713e-01 -1.681e-03 -4.732e-04 -4.732e-04 -4.732e-01 -4.750e-04 -4.750e-04 -4.510e-01
14.790236 2.471e+00 -6.152e-01 -1.646e-03 -2.879e-04 -2.879e-04 -2.879e-01 -2.894e-04 -2.894e-04 -2.549e-01
14.800234 2.383e+00 -6.299e-01 -1.559e-03 7.359e-06 7.359e-06 7.359e-03 6.105e-06 6.105e-06 1.961e-02
14.810234 2.290e+00 -6.445e-01 -1.424e-03 2.998e-04 2.998e-04 2.998e-01 2.991e-04 2.991e-04 3.333e-01
14.820233 2.227e+00 -6.201e-01 -1.255e-03 4.777e-04 4.777e-04 4.777e-01 4.774e-04 4.774e-04 4.902e-01
14.830234 2.173e+00 -6.104e-01 -1.054e-03 4.732e-04 4.732e-04 4.732e-01 4.725e-04 4.725e-04 4.902e-01
14.840234 2.119e+00 -5.811e-01 -8.873e-04 2.879e-04 2.879e-04 2.879e-01 2.869e-04 2.869e-04 2.941e-01
14.850234 2.075e+00 -5.371e-01 -7.763e-04 -7.365e-06 -7.365e-06 -7.365e-03 -8.547e-06 -8.547e-06 1.961e-02
14.860233 2.017e+00 -5.322e-01 -7.063e-04 -2.998e-04 -2.998e-04 -2.998e-01 -3.016e-04 -3.016e-04 -2.941e-01
14.870234 1.978e+00 -5.176e-01 -6.888e-04 -4.777e-04 -4.777e-04 -4.777e-01 -4.799e-04 -4.799e-04 -4.510e-01
14.880234 1.924e+00 -5.078e-01 -6.859e-04 -4.732e-04 -4.732e-04 -4.732e-01 -4.750e-04 -4.750e-04 -4.510e-01
14.890234 1.885e+00 -5.127e-01 -6.654e-04 -2.879e-04 -2.879e-04 -2.879e-01 -2.894e-04 -2.894e-04 -2.549e-01
14.900234 1.875e+00 -4.883e-01 -6.071e-04 7.371e-06 7.371e-06 7.371e-03 6.105e-06 6.105e-06 1.961e-02
14.910233 1.870e+00 -4.541e-01 -5.078e-04 2.998e-04 2.998e-04 2.998e-01 2.991e-04 2.991e-04 3.333e-01
14.920234 1.885e+00 -4.004e-01 -3.619e-04 4.777e-04 4.777e-04 4.777e-01 4.774e-04 4.774e-04 4.902e-01
14.930234 1.909e+00 -3.418e-01 -2.131e-04 4.732e-04 4.732e-04 4.732e-01 4.725e-04 4.725e-04 4.902e-01
14.940233 1.948e+00 -2.734e-01 -9.048e-05 2.879e-04 2.879e-04 2.879e-01 2.869e-04 2.869e-04 2.941e-01
14.950234 2.002e+00 -2.051e-01 -2.919e-05 -7.377e-06 -7.377e-06 -7.377e-03 -8.547e-06 -8.547e-06 1.961e-02
14.960238 2.046e+00 -1.611e-01 -2.919e-05 -2.999e-04 -2.999e-04 -2.999e-01 -3.016e-04 -3.016e-04 -2.941e-01
14.970234 2.080e+00 -1.074e-01 -8.172e-05 -4.778e-04 -4.778e-04 -4.778e-01 -4.799e-04 -4.799e-04 -4.510e-01
14.980235 2.119e+00 -6.836e-02 -1.547e-04 -4.732e-04 -4.732e-04 -4.732e-01 -4.750e-04 -4.750e-04 -4.510e-01
14.990234 2.163e+00 -3.906e-02 -2.160e-04 -2.879e-04 -2.879e-04 -2.879e-01 -2.894e-04 -2.894e-04 -2.549e-01
15.000234 2.256e+00 -9.766e-03 -2.247e-04 7.353e-06 7.353e-06 7.353e-03 6.105e-06 6.105e-06 1.961e-02
15.010234 2.329e+00 4.395e-02 -2.072e-04 2.998e-04 2.998e-04 2.998e-01 2.991e-04 2.991e-04 3.333e-01
15.020233 2.427e+00 1.172e-01 -1.459e-04 4.777e-04 4.777e-04 4.777e-01 4.774e-04 4.774e-04 4.902e-01
15.030234 2.539e+00 2.002e-01 -9.048e-05 4.732e-04 4.732e-04 4.732e-01 4.725e-04 4.725e-04 4.902e-01
15.040235 2.656e+00 2.734e-01 -5.837e-05 2.879e-04 2.879e-04 2.879e-01 2.869e-04 2.869e-04 2.941e-01
15.050235 2.778e+00 3.516e-01 -9.048e-05 -7.389e-06 -7.389e-06 -7.389e-03 -8.547e-06 -8.547e-06 1.961e-02
15.060234 2.886e+00 4.004e-01 -1.839e-04 -2.998e-04 -2.998e-04 -2.998e-01 -3.016e-04 -3.016e-04 -2.941e-01
15.070234 2.993e+00 4.443e-01 -3.210e-04 -4.778e-04 -4.778e-04 -4.778e-01 -4.799e-04 -4.799e-04 -4.510e-01
15.080234 3.091e+00 4.688e-01 -4.786e-04 -4.732e-04 -4.732e-04 -4.732e-01 -4.750e-04 -4.750e-04 -4.510e-01
15.090234 3.184e+00 4.834e-01 -6.246e-04 -2.879e-04 -2.879e-04 -2.879e-01 -2.894e-04 -2.894e-04 -2.549e-01
15.100234 3.311e+00 5.029e-01 -7.121e-04 7.365e-06 7.365e-06 7.365e-03 6.105e-06 6.105e-06 1.961e-02
15.110234 3.408e+00 5.273e-01 -7.676e-04 2.998e-04 2.998e-04 2.998e-01 2.991e-04 2.991e-04 3.333e-01
15.120234 3.530e+00 5.957e-01 -7.968e-04 4.778e-04 4.778e-04 4.778e-01 4.774e-04 4.774e-04 4.902e-01
15.130234 3.657e+00 6.445e-01 -8.085e-04 4.732e-04 4.732e-04 4.732e-01 4.725e-04 4.725e-04 4.902e-01
15.140234 3.789e+00 6.885e-01 -8.493e-04 2.879e-04 2.879e-04 2.879e-01 2.869e-04 2.869e-04 2.941e-01
15.150234 3.921e+00 7.373e-01 -9.427e-04 -7.371e-06 -7.371e-06 -7.371e-03 -8.547e-06 -8.547e-06 1.961e-02
15.160233 4.019e+00 7.422e-01 -1.083e-03 -2.998e-04 -2.998e-04 -2.998e-01 -3.016e-04 -3.016e-04 -2.941e-01
15.170233 4.116e+00 7.373e-01 -1.267e-03 -4.777e-04 -4.777e-04 -4.777e-01 -4.799e-04 -4.799e-04 -4.510e-01
15.180235 4.194e+00 7.275e-01 -1.471e-03 -4.732e-04 -4.732e-04 -4.732e-01 -4.750e-04 -4.750e-04 -4.510e-01
15.190234 4.253e+00 6.982e-01 -1.649e-03 -2.879e-04 -2.879e-04 -2.879e-01 -2.894e-04 -2.894e-04 -2.549e-01
15.200233 4.316e+00 6.934e-01 -1.783e-03 7.347e-06 7.347e-06 7.347e-03 6.105e-06 6.105e-06 1.961e-02
15.210235 4.395e+00 6.592e-01 -1.847e-03 2.998e-04 2.998e-04 2.998e-01 2.991e-04 2.991e-04 3.333e-01
15.220234 4.453e+00 6.738e-01 -1.897e-03 4.778e-04 4.778e-04 4.778e-01 4.774e-04 4.774e-04 4.902e-01
15.230234 4.521e+00 6.787e-01 -1.920e-03 4.732e-04 4.732e-04 4.732e-01 4.725e-04 4.725e-04 4.902e-01
15.240235 4.585e+00 6.738e-01 -1.955e-03 2.879e-04 2.879e-04 2.879e-01 2.869e-04 2.869e-04 2.941e-01
15.250233 4.639e+00 6.641e-01 -2.034e-03 -7.323e-06 -7.323e-06 -7.323e-03 -8.547e-06 -8.547e-06 1.961e-02
15.260233 4.648e+00 6.152e-01 -2.145e-03 -2.998e-04 -2.998e-04 -2.998e-01 -3.016e-04 -3.016e-04 -2.941e-01
15.270233 4.673e+00 5.713e-01 -2.312e-03 -4.777e-04 -4.777e-04 -4.777e-01 -4.799e-04 -4.799e-04 -4.510e-01
15.280233 4.658e+00 5.127e-01 -2.478e-03 -4.732e-04 -4.732e-04 -4.732e-01 -4.750e-04 -4.750e-04 -4.510e-01
15.290234 4.629e+00 4.443e-01 -2.615e-03 -2.879e-04 -2.879e-04 -2.879e-01 -2.894e-04 -2.894e-04 -2.549e-01
15.300234 4.604e+00 3.906e-01 -2.700e-03 7.359e-06 7.359e-06 7.359e-03 6.105e-06 6.105e-06 1.961e-02
15.310234 4.561e+00 3.320e-01 -2.726e-03 2.998e-04 2.998e-04 2.998e-01 2.991e-04 2.991e-04 3.333e-01
15.320234 4.541e+00 2.930e-01 -2.694e-03 4.778e-04 4.778e-04 4.778e-01 4.774e-04 4.774e-04 4.902e-01
15.330235 4.507e+00 2.539e-01 -2.647e-03 4.732e-04 4.732e-04 4.732e-01 4.725e-04 4.725e-04 4.902e-01
15.340234 4.458e+00 2.197e-01 -2.609e-03 2.879e-04 2.879e-04 2.879e-01 2.869e-04 2.869e-04 2.941e-01
15.350234 4.414e+00 1.709e-01 -2.598e-03 -7.365e-06 -7.365e-06 -7.365e-03 -8.547e-06 -8.547e-06 1.961e-02
15.360234 4.336e+00 1.074e-01 -2.644e-03 -2.998e-04 -2.998e-04 -2.998e-01 -3.016e-04 -3.016e-04 -2.941e-01
15.370234 4.243e+00 3.906e-02 -2.717e-03 -4.777e-04 -4.777e-04 -4.777e-01 -4.799e-04 -4.799e-04 -4.510e-01
15.380234 4.131e+00 -3.906e-02 -2.796e-03 -4.732e-04 -4.732e-04 -4.732e-01 -4.750e-04 -4.750e-04 -4.510e-01
15.390235 4.014e+00 -1.270e-01 -2.840e-03 -2.879e-04 -2.879e-04 -2.879e-01 -2.894e-04 -2.894e-04 -2.549e-01
15.400234 3.911e+00 -2.100e-01 -2.822e-03 7.372e-06 7.372e-06 7.372e-03 6.105e-06 6.105e-06 1.961e-02
15.410233 3.774e+00 -2.588e-01 -2.761e-03 2.998e-04 2.998e-04 2.998e-01 2.991e-04 2.991e-04 3.333e-01
15.420235 3.682e+00 -3.125e-01 -2.624e-03 4.778e-04 4.778e-04 4.778e-01 4.774e-04 4.774e-04 4.902e-01
15.430234 3.569e+00 -3.467e-01 -2.478e-03 4.732e-04 4.732e-04 4.732e-01 4.725e-04 4.725e-04 4.902e-01
15.440233 3.462e+00 -3.760e-01 -2.344e-03 2.879e-04 2.879e-04 2.879e-01 2.869e-04 2.869e-04 2.941e-01
15.450233 3.350e+00 -4.053e-01 -2.250e-03 -7.348e-06 -7.348e-06 -7.348e-03 -8.547e-06 -8.547e-06 1.961e-02
15.460235 3.203e+00 -4.639e-01 -2.189e-03 -2.998e-04 -2.998e-04 -2.998e-01 -3.016e-04 -3.016e-04 -2.941e-01
15.470235 3.086e+00 -5.176e-01 -2.174e-03 -4.778e-04 -4.778e-04 -4.778e-01 -4.799e-04 -4.799e-04 -4.510e-01
15.480234 2.930e+00 -5.859e-01 -2.166e-03 -4.732e-04 -4.732e-04 -4.732e-01 -4.750e-04 -4.750e-04 -4.510e-01
15.490234 2.788e+00 -6.494e-01 -2.113e-03 -2.879e-04 -2.879e-04 -2.879e-01 -2.894e-04 -2.894e-04 -2.549e-01
15.500235 2.651e+00 -6.738e-01 -2.037e-03 7.384e-06 7.384e-06 7.384e-03 6.105e-06 6.105e-06 1.961e-02
15.510234 2.510e+00 -7.031e-01 -1.894e-03 2.998e-04 2.998e-04 2.998e-01 2.991e-04 2.991e-04 3.333e-01
15.520233 2.422e+00 -7.227e-01 -1.690e-03 4.777e-04 4.777e-04 4.777e-01 4.774e-04 4.774e-04 4.902e-01
15.530233 2.329e+00 -7.129e-01 -1.480e-03 4.732e-04 4.732e-04 4.732e-01 4.725e-04 4.725e-04 4.902e-01
15.540235 2.241e+00 -7.080e-01 -1.293e-03 2.879e-04 2.879e-04 2.879e-01 2.869e-04 2.869e-04 2.941e-01
15.550234 2.163e+00 -7.031e-01 -1.141e-03 -7.360e-06 -7.360e-06 -7.360e-03 -8.547e-06 -8.547e-06 1.961e-02
15.560235 2.051e+00 -7.080e-01 -1.045e-03 -2.998e-04 -2.998e-04 -2.998e-01 -3.016e-04 -3.016e-04 -2.941e-01
15.570233 1.963e+00 -7.031e-01 -1.007e-03 -4.777e-04 -4.777e-04 -4.777e-01 -4.799e-04 -4.799e-04 -4.510e-01
15.580235 1.855e+00 -7.227e-01 -9.661e-04 -4.732e-04 -4.732e-04 -4.732e-01 -4.750e-04 -4.750e-04 -4.510e-01
15.590234 1.748e+00 -7.227e-01 -9.194e-04 -2.879e-04 -2.879e-04 -2.879e-01 -2.894e-04 -2.894e-04 -2.549e-01
15.600234 1.689e+00 -7.275e-01 -8.143e-04 7.366e-06 7.366e-06 7.366e-03 6.105e-06 6.105e-06 1.961e-02
15.610234 1.616e+00 -7.031e-01 -6.625e-04 2.998e-04 2.998e-04 2.998e-01 2.991e-04 2.991e-04 3.333e-01
15.620234 1.548e+00 -6.494e-01 -4.932e-04 4.778e-04 4.778e-04 4.778e-01 4.774e-04 4.774e-04 4.902e-01
15.630234 1.499e+00 -5.957e-01 -3.006e-04 4.732e-04 4.732e-04 4.732e-01 4.725e-04 4.725e-04 4.902e-01
15.640233 1.455e+00 -5.420e-01 -1.343e-04 2.879e-04 2.879e-04 2.879e-01 2.869e-04 2.869e-04 2.941e-01
15.650234 1.421e+00 -4.736e-01 -3.794e-05 -7.372e-06 -7.372e-06 -7.372e-03 -8.547e-06 -8.547e-06 1.961e-02
15.660233 1.377e+00 -4.541e-01 3.210e-05 -2.998e-04 -2.998e-04 -2.998e-01 -3.016e-04 -3.016e-04 -2.941e-01
15.670234 1.318e+00 -3.955e-01 1.167e-05 -4.777e-04 -4.777e-04 -4.777e-01 -4.799e-04 -4.799e-04 -4.510e-01
15.680234 1.270e+00 -3.711e-01 -8.756e-06 -4.732e-04 -4.732e-04 -4.732e-01 -4.750e-04 -4.750e-04 -4.510e-01
15.690234 1.235e+00 -3.418e-01 -2.043e-05 -2.879e-04 -2.879e-04 -2.879e-01 -2.894e-04 -2.894e-04 -2.549e-01
15.700234 1.221e+00 -2.930e-01 2.919e-06 7.378e-06 7.378e-06 7.378e-03 6.105e-06 6.105e-06 1.961e-02
15.710234 1.226e+00 -2.637e-01 8.756e-05 2.998e-04 2.998e-04 2.998e-01 2.991e-04 2.991e-04 3.333e-01
15.720234 1.260e+00 -1.904e-01 1.985e-04 4.778e-04 4.778e-04 4.778e-01 4.774e-04 4.774e-04 4.902e-01
15.730234 1.309e+00 -1.172e-01 3.065e-04 4.732e-04 4.732e-04 4.732e-01 4.725e-04 4.725e-04 4.902e-01
15.740233 1.387e+00 -3.906e-02 3.998e-04 2.879e-04 2.879e-04 2.879e-01 2.869e-04 2.869e-04 2.941e-01
15.750234 1.479e+00 3.418e-02 4.203e-04 -7.354e-06 -7.354e-06 -7.354e-03 -8.547e-06 -8.547e-06 1.961e-02
15.760234 1.558e+00 1.025e-01 3.619e-04 -2.998e-04 -2.998e-04 -2.998e-01 -3.016e-04 -3.016e-04 -2.941e-01
15.770233 1.685e+00 1.611e-01 2.656e-04 -4.777e-04 -4.777e-04 -4.777e-01 -4.799e-04 -4.799e-04 -4.510e-01
15.780234 1.802e+00 1.855e-01 1.605e-04 -4.732e-04 -4.732e-04 -4.732e-01 -4.750e-04 -4.750e-04 -4.510e-01
15.790235 1.938e+00 2.246e-01 5.545e-05 -2.879e-04 -2.879e-04 -2.879e-01 -2.894e-04 -2.894e-04 -2.549e-01
15.800235 2.095e+00 2.734e-01 -5.837e-06 7.390e-06 7.390e-06 7.390e-03 6.105e-06 6.105e-06 1.961e-02
15.810235 2.241e+00 3.174e-01 -2.043e-05 2.998e-04 2.998e-04 2.998e-01 2.991e-04 2.991e-04 3.333e-01
15.820233 2.417e+00 3.906e-01 -5.837e-06 4.777e-04 4.777e-04 4.777e-01 4.774e-04 4.774e-04 4.902e-01
15.830234 2.588e+00 4.639e-01 1.167e-05 4.732e-04 4.732e-04 4.732e-01 4.725e-04 4.725e-04 4.902e-01
15.840234 2.759e+00 5.518e-01 -1.167e-05 2.879e-04 2.879e-04 2.879e-01 2.869e-04 2.869e-04 2.941e-01
15.850234 2.959e+00 6.201e-01 -7.588e-05 -7.366e-06 -7.366e-06 -7.366e-03 -8.547e-06 -8.547e-06 1.961e-02
15.860234 3.096e+00 6.689e-01 -2.218e-04 -2.998e-04 -2.998e-04 -2.998e-01 -3.016e-04 -3.016e-04 -2.941e-01
15.870234 3.257e+00 7.080e-01 -3.940e-04 -4.778e-04 -4.778e-04 -4.778e-01 -4.799e-04 -4.799e-04 -4.510e-01
15.880234 3.403e+00 7.275e-01 -6.012e-04 -4.732e-04 -4.732e-04 -4.732e-01 -4.750e-04 -4.750e-04 -4.510e-01
15.890234 3.525e+00 7.275e-01 -7.793e-04 -2.879e-04 -2.879e-04 -2.879e-01 -2.894e-04 -2.894e-04 -2.549e-01
15.900233 3.662e+00 7.520e-01 -9.223e-04 7.342e-06 7.342e-06 7.342e-03 6.105e-06 6.105e-06 1.961e-02
15.910233 3.799e+00 7.861e-01 -1.030e-03 2.998e-04 2.998e-04 2.998e-01 2.991e-04 2.991e-04 3.333e-01
15.920235 3.940e+00 8.252e-01 -1.083e-03 4.778e-04 4.778e-04 4.778e-01 4.774e-04 4.774e-04 4.902e-01
15.930233 4.087e+00 8.496e-01 -1.121e-03 4.732e-04 4.732e-04 4.732e-01 4.725e-04 4.725e-04 4.902e-01
15.940233 4.233e+00 8.838e-01 -1.191e-03 2.879e-04 2.879e-04 2.879e-01 2.869e-04 2.869e-04 2.941e-01
15.950234 4.370e+00 8.984e-01 -1.302e-03 -7.378e-06 -7.378e-06 -7.378e-03 -8.547e-06 -8.547e-06 1.961e-02
15.960235 4.468e+00 9.033e-01 -1.483e-03 -2.998e-04 -2.998e-04 -2.998e-01 -3.016e-04 -3.016e-04 -2.941e-01
15.970235 4.565e+00 8.838e-01 -1.684e-03 -4.778e-04 -4.778e-04 -4.778e-01 -4.799e-04 -4.799e-04 -4.510e-01
15.980233 4.634e+00 8.398e-01 -1.906e-03 -4.732e-04 -4.732e-04 -4.732e-01 -4.750e-04 -4.750e-04 -4.510e-01
15.990234 4.697e+00 8.057e-01 -2.110e-03 -2.879e-04 -2.879e-04 -2.879e-01 -2.894e-04 -2.894e-04 -2.549e-01
16.000235 4.736e+00 7.666e-01 -2.247e-03 7.384e-06 7.384e-06 7.384e-03 6.105e-06 6.105e-06 1.961e-02
16.010233 4.775e+00 7.324e-01 -2.332e-03 2.998e-04 2.998e-04 2.998e-01 2.991e-04 2.991e-04 3.333e-01
16.020233 4.844e+00 7.178e-01 -2.379e-03 4.777e-04 4.777e-04 4.777e-01 4.774e-04 4.774e-04 4.902e-01
16.030233 4.893e+00 6.982e-01 -2.405e-03 4.732e-04 4.732e-04 4.732e-01 4.725e-04 4.725e-04 4.902e-01
16.040234 4.922e+00 6.689e-01 -2.431e-03 2.879e-04 2.879e-04 2.879e-01 2.869e-04 2.869e-04 2.941e-01
16.050234 4.941e+00 6.299e-01 -2.495e-03 -7.360e-06 -7.360e-06 -7.360e-03 -8.547e-06 -8.547e-06 1.961e-02
16.060232 4.941e+00 5.615e-01 -2.609e-03 -2.998e-04 -2.998e-04 -2.998e-01 -3.016e-04 -3.016e-04 -2.941e-01
16.070234 4.893e+00 5.078e-01 -2.761e-03 -4.778e-04 -4.778e-04 -4.778e-01 -4.799e-04 -4.799e-04 -4.510e-01
16.080235 4.834e+00 4.248e-01 -2.922e-03 -4.732e-04 -4.732e-04 -4.732e-01 -4.750e-04 -4.750e-04 -4.510e-01
16.090233 4.766e+00 3.418e-01 -3.041e-03 -2.879e-04 -2.879e-04 -2.879e-01 -2.894e-04 -2.894e-04 -2.549e-01
16.100233 4.712e+00 2.637e-01 -3.105e-03 7.336e-06 7.336e-06 7.336e-03 6.105e-06 6.105e-06 1.961e-02
16.110233 4.629e+00 1.904e-01 -3.108e-03 2.998e-04 2.998e-04 2.998e-01 2.991e-04 2.991e-04 3.333e-01
16.120234 4.575e+00 1.270e-01 -3.044e-03 4.777e-04 4.777e-04 4.777e-01 4.774e-04 4.774e-04 4.902e-01
16.130234 4.497e+00 6.836e-02 -2.959e-03 4.732e-04 4.732e-04 4.732e-01 4.725e-04 4.725e-04 4.902e-01
16.140234 4.404e+00 2.441e-02 -2.895e-03 2.879e-04 2.879e-04 2.879e-01 2.869e-04 2.869e-04 2.941e-01
16.150234 4.316e+00 -3.906e-02 -2.846e-03 -7.372e-06 -7.372e-06 -7.372e-03 -8.547e-06 -8.547e-06 1.961e-02
16.160233 4.180e+00 -1.221e-01 -2.851e-03 -2.998e-04 -2.998e-04 -2.998e-01 -3.016e-04 -3.016e-04 -2.941e-01
16.170233 4.058e+00 -2.002e-01 -2.884e-03 -4.777e-04 -4.777e-04 -4.777e-01 -4.799e-04 -4.799e-04 -4.510e-01
16.180233 3.896e+00 -2.930e-01 -2.927e-03 -4.732e-04 -4.732e-04 -4.732e-01 -4.750e-04 -4.750e-04 -4.510e-01
16.190237 3.730e+00 -3.809e-01 -2.933e-03 -2.878e-04 -2.878e-04 -2.878e-01 -2.894e-04 -2.894e-04 -2.549e-01
16.200233 3.594e+00 -4.590e-01 -2.878e-03 7.348e-06 7.348e-06 7.348e-03 6.105e-06 6.105e-06 1.961e-02
16.210232 3.433e+00 -5.371e-01 -2.749e-03 2.998e-04 2.998e-04 2.998e-01 2.991e-04 2.991e-04 3.333e-01
16.220236 3.291e+00 -5.762e-01 -2.589e-03 4.778e-04 4.778e-04 4.778e-01 4.774e-04 4.774e-04 4.902e-01
16.230234 3.145e+00 -6.152e-01 -2.396e-03 4.732e-04 4.732e-04 4.732e-01 4.725e-04 4.725e-04 4.902e-01
16.240234 3.018e+00 -6.445e-01 -2.215e-03 2.879e-04 2.879e-04 2.879e-01 2.869e-04 2.869e-04 2.941e-01
16.250235 2.861e+00 -6.592e-01 -2.090e-03 -7.384e-06 -7.384e-06 -7.384e-03 -8.547e-06 -8.547e-06 1.961e-02
16.260235 2.734e+00 -7.275e-01 -1.979e-03 -2.998e-04 -2.998e-04 -2.998e-01 -3.016e-04 -3.016e-04 -2.941e-01
16.270235 2.568e+00 -7.520e-01 -1.935e-03 -4.778e-04 -4.778e-04 -4.778e-01 -4.799e-04 -4.799e-04 -4.510e-01
16.280233 2.407e+00 -8.203e-01 -1.877e-03 -4.732e-04 -4.732e-04 -4.732e-01 -4.750e-04 -4.750e-04 -4.510e-01
16.290234 2.256e+00 -8.643e-01 -1.807e-03 -2.879e-04 -2.879e-04 -2.879e-01 -2.894e-04 -2.894e-04 -2.549e-01
16.300234 2.109e+00 -8.887e-01 -1.678e-03 7.360e-06 7.360e-06 7.360e-03 6.105e-06 6.105e-06 1.961e-02
16.310234 1.978e+00 -9.082e-01 -1.497e-03 2.998e-04 2.998e-04 2.998e-01 2.991e-04 2.991e-04 3.333e-01
16.320232 1.870e+00 -9.033e-01 -1.270e-03 4.777e-04 4.777e-04 4.777e-01 4.774e-04 4.774e-04 4.902e-01
16.330235 1.768e+00 -8.838e-01 -1.039e-03 4.732e-04 4.732e-04 4.732e-01 4.725e-04 4.725e-04 4.902e-01
16.340233 1.670e+00 -8.496e-01 -8.260e-04 2.879e-04 2.879e-04 2.879e-01 2.869e-04 2.869e-04 2.941e-01
16.350235 1.548e+00 -8.154e-01 -6.596e-04 -7.396e-06 -7.396e-06 -7.396e-03 -8.547e-06 -8.547e-06 1.961e-02
16.360235 1.440e+00 -8.203e-01 -5.487e-04 -2.998e-04 -2.998e-04 -2.998e-01 -3.016e-04 -3.016e-04 -2.941e-01
16.370234 1.304e+00 -7.910e-01 -4.903e-04 -4.777e-04 -4.777e-04 -4.777e-01 -4.799e-04 -4.799e-04 -4.510e-01
16.380234 1.133e+00 -7.959e-01 -4.465e-04 -4.732e-04 -4.732e-04 -4.732e-01 -4.750e-04 -4.750e-04 -4.510e-01
16.390234 9.766e-01 -7.861e-01 -3.765e-04 -2.879e-04 -2.879e-04 -2.879e-01 -2.894e-04 -2.894e-04 -2.549e-01
16.400234 8.398e-01 -7.520e-01 -2.802e-04 7.372e-06 7.372e-06 7.372e-03 6.105e-06 6.105e-06 1.961e-02
16.410233 6.787e-01 -7.275e-01 -1.226e-04 2.998e-04 2.998e-04 2.998e-01 2.991e-04 2.991e-04 3.333e-01
16.420233 5.762e-01 -6.689e-01 6.129e-05 4.777e-04 4.777e-04 4.777e-01 4.774e-04 4.774e-04 4.902e-01
16.430235 4.590e-01 -6.006e-01 2.452e-04 4.732e-04 4.732e-04 4.732e-01 4.725e-04 4.725e-04 4.902e-01
16.440235 3.467e-01 -5.371e-01 4.086e-04 2.879e-04 2.879e-04 2.879e-01 2.869e-04 2.869e-04 2.941e-01
16.450233 2.246e-01 -4.736e-01 5.108e-04 -7.348e-06 -7.348e-06 -7.348e-03 -8.547e-06 -8.547e-06 1.961e-02
16.460236 1.221e-01 -4.492e-01 5.750e-04 -2.999e-04 -2.999e-04 -2.999e-01 -3.016e-04 -3.016e-04 -2.941e-01
16.470234 -4.883e-03 -4.004e-01 5.691e-04 -4.778e-04 -4.778e-04 -4.778e-01 -4.799e-04 -4.799e-04 -4.510e-01
16.480234 -1.416e-01 -3.760e-01 5.370e-04 -4.732e-04 -4.732e-04 -4.732e-01 -4.750e-04 -4.750e-04 -4.510e-01
16.490234 -2.783e-01 -3.467e-01 5.283e-04 -2.879e-04 -2.879e-04 -2.879e-01 -2.894e-04 -2.894e-04 -2.549e-01
16.500233 -3.760e-01 -3.125e-01 5.545e-04 7.325e-06 7.325e-06 7.325e-03 6.105e-06 6.105e-06 1.961e-02
16.510235 -5.029e-01 -2.783e-01 6.304e-04 2.998e-04 2.998e-04 2.998e-01 2.991e-04 2.991e-04 3.333e-01
16.520235 -5.664e-01 -2.197e-01 7.472e-04 4.778e-04 4.778e-04 4.778e-01 4.774e-04 4.774e-04 4.902e-01
16.530233 -6.396e-01 -1.660e-01 8.668e-04 4.732e-04 4.732e-04 4.732e-01 4.725e-04 4.725e-04 4.902e-01
16.540234 -7.129e-01 -1.074e-01 9.573e-04 2.879e-04 2.879e-04 2.879e-01 2.869e-04 2.869e-04 2.941e-01
16.550234 -7.812e-01 -5.371e-02 9.952e-04 -7.361e-06 -7.361e-06 -7.361e-03 -8.547e-06 -8.547e-06 1.961e-02
16.560232 -8.740e-01 -9.766e-03 9.573e-04 -2.998e-04 -2.998e-04 -2.998e-01 -3.016e-04 -3.016e-04 -2.941e-01
16.570232 -9.326e-01 4.883e-03 9.018e-04 -4.777e-04 -4.777e-04 -4.777e-01 -4.799e-04 -4.799e-04 -4.510e-01
16.580235 -1.021e+00 1.465e-02 8.085e-04 -4.732e-04 -4.732e-04 -4.732e-01 -4.750e-04 -4.750e-04 -4.510e-01
16.590235 -1.108e+00 2.441e-02 7.355e-04 -2.879e-04 -2.879e-04 -2.879e-01 -2.894e-04 -2.894e-04 -2.549e-01
16.600235 -1.177e+00 3.418e-02 7.092e-04 7.397e-06 7.397e-06 7.397e-03 6.105e-06 6.105e-06 1.961e-02
16.610233 -1.255e+00 3.418e-02 7.413e-04 2.998e-04 2.998e-04 2.998e-01 2.991e-04 2.991e-04 3.333e-01
16.620234 -1.299e+00 7.812e-02 7.968e-04 4.777e-04 4.777e-04 4.777e-01 4.774e-04 4.774e-04 4.902e-01
16.630234 -1.357e+00 1.123e-01 8.697e-04 4.732e-04 4.732e-04 4.732e-01 4.725e-04 4.725e-04 4.902e-01
16.640234 -1.401e+00 1.416e-01 9.223e-04 2.879e-04 2.879e-04 2.879e-01 2.869e-04 2.869e-04 2.941e-01
16.650234 -1.450e+00 1.709e-01 9.164e-04 -7.373e-06 -7.373e-06 -7.373e-03 -8.547e-06 -8.547e-06 1.961e-02
16.660234 -1.523e+00 1.758e-01 8.581e-04 -2.998e-04 -2.998e-04 -2.998e-01 -3.016e-04 -3.016e-04 -2.941e-01
16.670235 -1.602e+00 1.660e-01 7.647e-04 -4.778e-04 -4.778e-04 -4.778e-01 -4.799e-04 -4.799e-04 -4.510e-01
16.680237 -1.709e+00 1.318e-01 6.596e-04 -4.732e-04 -4.732e-04 -4.732e-01 -4.750e-04 -4.750e-04 -4.510e-01
16.690233 -1.782e+00 1.172e-01 5.575e-04 -2.879e-04 -2.879e-04 -2.879e-01 -2.894e-04 -2.894e-04 -2.549e-01
16.700233 -1.851e+00 9.277e-02 5.341e-04 7.349e-06 7.349e-06 7.349e-03 6.105e-06 6.105e-06 1.961e-02
16.710236 -1.919e+00 6.348e-02 5.545e-04 2.999e-04 2.999e-04 2.999e-01 2.991e-04 2.991e-04 3.333e-01
16.720234 -1.963e+00 7.324e-02 6.129e-04 4.778e-04 4.778e-04 4.778e-01 4.774e-04 4.774e-04 4.902e-01
16.730234 -2.012e+00 7.324e-02 6.975e-04 4.732e-04 4.732e-04 4.732e-01 4.725e-04 4.725e-04 4.902e-01
16.740234 -2.065e+00 8.789e-02 7.472e-04 2.879e-04 2.879e-04 2.879e-01 2.869e-04 2.869e-04 2.941e-01
16.750233 -2.104e+00 9.766e-02 7.501e-04 -7.325e-06 -7.325e-06 -7.325e-03 -8.547e-06 -8.547e-06 1.961e-02
16.760233 -2.163e+00 7.812e-02 7.092e-04 -2.998e-04 -2.998e-04 -2.998e-01 -3.016e-04 -3.016e-04 -2.941e-01
16.770235 -2.207e+00 3.906e-02 6.392e-04 -4.778e-04 -4.778e-04 -4.778e-01 -4.799e-04 -4.799e-04 -4.510e-01
16.780233 -2.295e+00 -1.465e-02 5.633e-04 -4.732e-04 -4.732e-04 -4.732e-01 -4.750e-04 -4.750e-04 -4.510e-01
16.790234 -2.378e+00 -5.859e-02 5.078e-04 -2.879e-04 -2.879e-04 -2.879e-01 -2.894e-04 -2.894e-04 -2.549e-01
16.800234 -2.441e+00 -9.277e-02 4.932e-04 7.361e-06 7.361e-06 7.361e-03 6.105e-06 6.105e-06 1.961e-02
16.810232 -2.510e+00 -1.270e-01 5.545e-04 2.998e-04 2.998e-04 2.998e-01 2.991e-04 2.991e-04 3.333e-01
16.820234 -2.563e+00 -1.270e-01 6.450e-04 4.778e-04 4.778e-04 4.778e-01 4.774e-04 4.774e-04 4.902e-01
16.830233 -2.617e+00 -1.221e-01 7.501e-04 4.732e-04 4.732e-04 4.732e-01 4.725e-04 4.725e-04 4.902e-01
16.840235 -2.656e+00 -1.367e-01 8.551e-04 2.879e-04 2.879e-04 2.879e-01 2.869e-04 2.869e-04 2.941e-01
16.850235 -2.705e+00 -1.367e-01 8.960e-04 -7.397e-06 -7.397e-06 -7.397e-03 -8.547e-06 -8.547e-06 1.961e-02
16.860235 -2.769e+00 -1.562e-01 8.902e-04 -2.999e-04 -2.999e-04 -2.999e-01 -3.016e-04 -3.016e-04 -2.941e-01
16.870234 -2.832e+00 -1.904e-01 8.581e-04 -4.777e-04 -4.777e-04 -4.777e-01 -4.799e-04 -4.799e-04 -4.510e-01
16.880234 -2.925e+00 -2.344e-01 8.114e-04 -4.732e-04 -4.732e-04 -4.732e-01 -4.750e-04 -4.750e-04 -4.510e-01
16.890234 -3.003e+00 -2.637e-01 7.968e-04 -2.879e-04 -2.879e-04 -2.879e-01 -2.894e-04 -2.894e-04 -2.549e-01
16.900234 -3.066e+00 -2.930e-01 8.172e-04 7.373e-06 7.373e-06 7.373e-03 6.105e-06 6.105e-06 1.961e-02
16.910234 -3.140e+00 -3.125e-01 8.931e-04 2.998e-04 2.998e-04 2.998e-01 2.991e-04 2.991e-04 3.333e-01
16.920235 -3.174e+00 -2.930e-01 1.010e-03 4.778e-04 4.778e-04 4.778e-01 4.774e-04 4.774e-04 4.902e-01
16.930235 -3.218e+00 -2.930e-01 1.150e-03 4.732e-04 4.732e-04 4.732e-01 4.725e-04 4.725e-04 4.902e-01
16.940233 -3.247e+00 -2.832e-01 1.273e-03 2.879e-04 2.879e-04 2.879e-01 2.869e-04 2.869e-04 2.941e-01
16.950233 -3.271e+00 -2.686e-01 1.348e-03 -7.349e-06 -7.349e-06 -7.349e-03 -8.547e-06 -8.547e-06 1.961e-02
16.960234 -3.340e+00 -2.637e-01 1.357e-03 -2.998e-04 -2.998e-04 -2.998e-01 -3.016e-04 -3.016e-04 -2.941e-01
16.970234 -3.379e+00 -2.881e-01 1.348e-03 -4.778e-04 -4.778e-04 -4.778e-01 -4.799e-04 -4.799e-04 -4.510e-01
16.980234 -3.447e+00 -2.979e-01 1.302e-03 -4.732e-04 -4.732e-04 -4.732e-01 -4.750e-04 -4.750e-04 -4.510e-01
16.990234 -3.501e+00 -3.125e-01 1.284e-03 -2.879e-04 -2.879e-04 -2.879e-01 -2.894e-04 -2.894e-04 -2.549e-01
17.000235 -3.550e+00 -3.125e-01 1.313e-03 7.385e-06 7.385e-06 7.385e-03 6.105e-06 6.105e-06 1.961e-02
17.010235 -3.569e+00 -3.223e-01 1.398e-03 2.998e-04 2.998e-04 2.998e-01 2.991e-04 2.991e-04 3.333e-01
17.020235 -3.584e+00 -2.881e-01 1.518e-03 4.778e-04 4.778e-04 4.778e-01 4.774e-04 4.774e-04 4.902e-01
17.030233 -3.579e+00 -2.734e-01 1.664e-03 4.732e-04 4.732e-04 4.732e-01 4.725e-04 4.725e-04 4.902e-01
17.040234 -3.574e+00 -2.393e-01 1.780e-03 2.879e-04 2.879e-04 2.879e-01 2.869e-04 2.869e-04 2.941e-01
17.050234 -3.574e+00 -1.904e-01 1.830e-03 -7.361e-06 -7.361e-06 -7.361e-03 -8.547e-06 -8.547e-06 1.961e-02
17.060234 -3.579e+00 -1.758e-01 1.839e-03 -2.998e-04 -2.998e-04 -2.998e-01 -3.016e-04 -3.016e-04 -2.941e-01
17.070234 -3.589e+00 -1.660e-01 1.795e-03 -4.778e-04 -4.778e-04 -4.778e-01 -4.799e-04 -4.799e-04 -4.510e-01
17.080233 -3.599e+00 -1.709e-01 1.739e-03 -4.732e-04 -4.732e-04 -4.732e-01 -4.750e-04 -4.750e-04 -4.510e-01
17.090233 -3.599e+00 -1.562e-01 1.687e-03 -2.879e-04 -2.879e-04 -2.879e-01 -2.894e-04 -2.894e-04 -2.549e-01
17.100233 -3.594e+00 -1.465e-01 1.696e-03 7.337e-06 7.337e-06 7.337e-03 6.105e-06 6.105e-06 1.961e-02
17.110233 -3.589e+00 -1.318e-01 1.748e-03 2.998e-04 2.998e-04 2.998e-01 2.991e-04 2.991e-04 3.333e-01
17.120235 -3.550e+00 -8.301e-02 1.836e-03 4.778e-04 4.778e-04 4.778e-01 4.774e-04 4.774e-04 4.902e-01
17.130234 -3.496e+00 -4.395e-02 1.938e-03 4.732e-04 4.732e-04 4.732e-01 4.725e-04 4.725e-04 4.902e-01
17.140234 -3.452e+00 -4.883e-03 2.020e-03 2.879e-04 2.879e-04 2.879e-01 2.869e-04 2.869e-04 2.941e-01
17.150234 -3.394e+00 4.883e-02 2.031e-03 -7.373e-06 -7.373e-06 -7.373e-03 -8.547e-06 -8.547e-06 1.961e-02
17.160234 -3.354e+00 6.836e-02 1.996e-03 -2.998e-04 -2.998e-04 -2.998e-01 -3.016e-04 -3.016e-04 -2.941e-01
17.170233 -3.325e+00 9.766e-02 1.906e-03 -4.777e-04 -4.777e-04 -4.777e-01 -4.799e-04 -4.799e-04 -4.510e-01
17.180233 -3.296e+00 9.766e-02 1.810e-03 -4.732e-04 -4.732e-04 -4.732e-01 -4.750e-04 -4.750e-04 -4.510e-01
17.190235 -3.267e+00 1.025e-01 1.731e-03 -2.879e-04 -2.879e-04 -2.879e-01 -2.894e-04 -2.894e-04 -2.549e-01
17.200233 -3.223e+00 1.221e-01 1.687e-03 7.349e-06 7.349e-06 7.349e-03 6.105e-06 6.105e-06 1.961e-02
17.210234 -3.184e+00 1.367e-01 1.693e-03 2.998e-04 2.998e-04 2.998e-01 2.991e-04 2.991e-04 3.333e-01
17.220234 -3.110e+00 1.855e-01 1.734e-03 4.778e-04 4.778e-04 4.778e-01 4.774e-04 4.774e-04 4.902e-01
17.230234 -3.032e+00 2.295e-01 1.783e-03 4.732e-04 4.732e-04 4.732e-01 4.725e-04 4.725e-04 4.902e-01
17.240234 -2.949e+00 2.686e-01 1.818e-03 2.879e-04 2.879e-04 2.879e-01 2.869e-04 2.869e-04 2.941e-01
17.250233 -2.881e+00 3.174e-01 1.789e-03 -7.325e-06 -7.325e-06 -7.325e-03 -8.547e-06 -8.547e-06 1.961e-02
17.260235 -2.822e+00 3.320e-01 1.704e-03 -2.998e-04 -2.998e-04 -2.998e-01 -3.016e-04 -3.016e-04 -2.941e-01
17.270235 -2.764e+00 3.418e-01 1.585e-03 -4.778e-04 -4.778e-04 -4.778e-01 -4.799e-04 -4.799e-04 -4.510e-01
17.280233 -2.744e+00 3.320e-01 1.451e-03 -4.732e-04 -4.732e-04 -4.732e-01 -4.750e-04 -4.750e-04 -4.510e-01
17.290234 -2.695e+00 3.223e-01 1.334e-03 -2.879e-04 -2.879e-04 -2.879e-01 -2.894e-04 -2.894e-04 -2.549e-01
17.300234 -2.646e+00 3.223e-01 1.258e-03 7.361e-06 7.361e-06 7.361e-03 6.105e-06 6.105e-06 1.961e-02
17.310234 -2.598e+00 3.174e-01 1.243e-03 2.998e-04 2.998e-04 2.998e-01 2.991e-04 2.991e-04 3.333e-01
17.320232 -2.539e+00 3.467e-01 1.258e-03 4.777e-04 4.777e-04 4.777e-01 4.774e-04 4.774e-04 4.902e-01
17.330233 -2.480e+00 3.662e-01 1.287e-03 4.732e-04 4.732e-04 4.732e-01 4.725e-04 4.725e-04 4.902e-01
17.340235 -2.412e+00 3.857e-01 1.302e-03 2.879e-04 2.879e-04 2.879e-01 2.869e-04 2.869e-04 2.941e-01
17.350233 -2.363e+00 4.053e-01 1.264e-03 -7.337e-06 -7.337e-06 -7.337e-03 -8.547e-06 -8.547e-06 1.961e-02
17.360235 -2.334e+00 3.906e-01 1.176e-03 -2.999e-04 -2.999e-04 -2.999e-01 -3.016e-04 -3.016e-04 -2.941e-01
17.370232 -2.305e+00 3.857e-01 1.039e-03 -4.777e-04 -4.777e-04 -4.777e-01 -4.799e-04 -4.799e-04 -4.510e-01
17.380234 -2.300e+00 3.418e-01 9.077e-04 -4.732e-04 -4.732e-04 -4.732e-01 -4.750e-04 -4.750e-04 -4.510e-01
17.390234 -2.300e+00 3.271e-01 7.705e-04 -2.879e-04 -2.879e-04 -2.879e-01 -2.894e-04 -2.894e-04 -2.549e-01
17.400234 -2.290e+00 2.832e-01 7.151e-04 7.373e-06 7.373e-06 7.373e-03 6.105e-06 6.105e-06 1.961e-02
17.410234 -2.290e+00 2.832e-01 6.859e-04 2.998e-04 2.998e-04 2.998e-01 2.991e-04 2.991e-04 3.333e-01
17.420235 -2.266e+00 2.734e-01 7.267e-04 4.778e-04 4.778e-04 4.778e-01 4.774e-04 4.774e-04 4.902e-01
17.430235 -2.241e+00 2.588e-01 7.851e-04 4.732e-04 4.732e-04 4.732e-01 4.725e-04 4.725e-04 4.902e-01
17.440235 -2.217e+00 2.588e-01 8.114e-04 2.879e-04 2.879e-04 2.879e-01 2.869e-04 2.869e-04 2.941e-01
17.450233 -2.222e+00 2.637e-01 7.909e-04 -7.349e-06 -7.349e-06 -7.349e-03 -8.547e-06 -8.547e-06 1.961e-02
17.460234 -2.251e+00 2.393e-01 7.267e-04 -2.998e-04 -2.998e-04 -2.998e-01 -3.016e-04 -3.016e-04 -2.941e-01
17.470234 -2.271e+00 2.051e-01 6.275e-04 -4.778e-04 -4.778e-04 -4.778e-01 -4.799e-04 -4.799e-04 -4.510e-01
17.480234 -2.305e+00 1.416e-01 5.283e-04 -4.732e-04 -4.732e-04 -4.732e-01 -4.750e-04 -4.750e-04 -4.510e-01
17.490234 -2.349e+00 9.277e-02 4.436e-04 -2.879e-04 -2.879e-04 -2.879e-01 -2.894e-04 -2.894e-04 -2.549e-01
17.500235 -2.383e+00 4.883e-02 4.144e-04 7.385e-06 7.385e-06 7.385e-03 6.105e-06 6.105e-06 1.961e-02
17.510235 -2.441e+00 1.953e-02 4.378e-04 2.998e-04 2.998e-04 2.998e-01 2.991e-04 2.991e-04 3.333e-01
17.520233 -2.466e+00 0.000e+00 5.224e-04 4.777e-04 4.777e-04 4.777e-01 4.774e-04 4.774e-04 4.902e-01
17.530233 -2.495e+00 -2.441e-02 6.217e-04 4.732e-04 4.732e-04 4.732e-01 4.725e-04 4.725e-04 4.902e-01
17.540234 -2.534e+00 -2.930e-02 6.946e-04 2.879e-04 2.879e-04 2.879e-01 2.869e-04 2.869e-04 2.941e-01
17.550234 -2.568e+00 -3.418e-02 7.267e-04 -7.361e-06 -7.361e-06 -7.361e-03 -8.547e-06 -8.547e-06 1.961e-02
17.560234 -2.646e+00 -5.859e-02 6.975e-04 -2.998e-04 -2.998e-04 -2.998e-01 -3.016e-04 -3.016e-04 -2.941e-01
17.570234 -2.681e+00 -1.123e-01 6.654e-04 -4.778e-04 -4.778e-04 -4.778e-01 -4.799e-04 -4.799e-04 -4.510e-01
17.580235 -2.773e+00 -1.562e-01 6.041e-04 -4.732e-04 -4.732e-04 -4.732e-01 -4.750e-04 -4.750e-04 -4.510e-01
17.590233 -2.852e+00 -2.148e-01 5.750e-04 -2.879e-04 -2.879e-04 -2.879e-01 -2.894e-04 -2.894e-04 -2.549e-01
17.600233 -2.930e+00 -2.490e-01 5.954e-04 7.337e-06 7.337e-06 7.337e-03 6.105e-06 6.105e-06 1.961e-02
17.610235 -3.003e+00 -2.734e-01 6.596e-04 2.999e-04 2.999e-04 2.999e-01 2.991e-04 2.991e-04 3.333e-01
17.620234 -3.037e+00 -2.930e-01 8.026e-04 4.777e-04 4.777e-04 4.777e-01 4.774e-04 4.774e-04 4.902e-01
17.630234 -3.096e+00 -2.881e-01 9.340e-04 4.732e-04 4.732e-04 4.732e-01 4.725e-04 4.725e-04 4.902e-01
17.640234 -3.140e+00 -2.832e-01 1.051e-03 2.879e-04 2.879e-04 2.879e-01 2.869e-04 2.869e-04 2.941e-01
17.650234 -3.188e+00 -2.783e-01 1.124e-03 -7.373e-06 -7.373e-06 -7.373e-03 -8.547e-06 -8.547e-06 1.961e-02
17.660234 -3.267e+00 -2.930e-01 1.141e-03 -2.998e-04 -2.998e-04 -2.998e-01 -3.016e-04 -3.016e-04 -2.941e-01
17.670235 -3.325e+00 -3.125e-01 1.121e-03 -4.778e-04 -4.778e-04 -4.778e-01 -4.799e-04 -4.799e-04 -4.510e-01
17.680235 -3.394e+00 -3.516e-01 1.103e-03 -4.732e-04 -4.732e-04 -4.732e-01 -4.750e-04 -4.750e-04 -4.510e-01
17.690233 -3.467e+00 -3.809e-01 1.100e-03 -2.879e-04 -2.879e-04 -2.879e-01 -2.894e-04 -2.894e-04 -2.549e-01
17.700233 -3.525e+00 -3.955e-01 1.144e-03 7.350e-06 7.350e-06 7.350e-03 6.105e-06 6.105e-06 1.961e-02
17.710234 -3.584e+00 -4.004e-01 1.237e-03 2.998e-04 2.998e-04 2.998e-01 2.991e-04 2.991e-04 3.333e-01
17.720234 -3.608e+00 -3.809e-01 1.378e-03 4.778e-04 4.778e-04 4.778e-01 4.774e-04 4.774e-04 4.902e-01
17.730234 -3.638e+00 -3.564e-01 1.524e-03 4.732e-04 4.732e-04 4.732e-01 4.725e-04 4.725e-04 4.902e-01
17.740232 -3.647e+00 -3.271e-01 1.655e-03 2.879e-04 2.879e-04 2.879e-01 2.869e-04 2.869e-04 2.941e-01
17.750235 -3.662e+00 -2.979e-01 1.731e-03 -7.386e-06 -7.386e-06 -7.386e-03 -8.547e-06 -8.547e-06 1.961e-02
17.760235 -3.696e+00 -2.930e-01 1.760e-03 -2.998e-04 -2.998e-04 -2.998e-01 -3.016e-04 -3.016e-04 -2.941e-01
17.770233 -3.696e+00 -2.881e-01 1.734e-03 -4.777e-04 -4.777e-04 -4.777e-01 -4.799e-04 -4.799e-04 -4.510e-01
17.780233 -3.745e+00 -2.930e-01 1.702e-03 -4.732e-04 -4.732e-04 -4.732e-01 -4.750e-04 -4.750e-04 -4.510e-01
17.790234 -3.770e+00 -2.881e-01 1.675e-03 -2.879e-04 -2.879e-04 -2.879e-01 -2.894e-04 -2.894e-04 -2.549e-01
17.800234 -3.774e+00 -2.783e-01 1.704e-03 7.362e-06 7.362e-06 7.362e-03 6.105e-06 6.105e-06 1.961e-02
17.810234 -3.784e+00 -2.441e-01 1.757e-03 2.998e-04 2.998e-04 2.998e-01 2.991e-04 2.991e-04 3.333e-01
17.820234 -3.760e+00 -2.148e-01 1.888e-03 4.778e-04 4.778e-04 4.778e-01 4.774e-04 4.774e-04 4.902e-01
17.830235 -3.726e+00 -1.758e-01 2.005e-03 4.732e-04 4.732e-04 4.732e-01 4.725e-04 4.725e-04 4.902e-01
17.840235 -3.682e+00 -1.172e-01 2.093e-03 2.879e-04 2.879e-04 2.879e-01 2.869e-04 2.869e-04 2.941e-01
17.850233 -3.643e+00 -6.836e-02 2.133e-03 -7.338e-06 -7.338e-06 -7.338e-03 -8.547e-06 -8.547e-06 1.961e-02
17.860235 -3.628e+00 -3.906e-02 2.116e-03 -2.999e-04 -2.999e-04 -2.999e-01 -3.016e-04 -3.016e-04 -2.941e-01
17.870234 -3.579e+00 -1.465e-02 2.049e-03 -4.777e-04 -4.777e-04 -4.777e-01 -4.799e-04 -4.799e-04 -4.510e-01
17.880234 -3.574e+00 0.000e+00 1.961e-03 -4.732e-04 -4.732e-04 -4.732e-01 -4.750e-04 -4.750e-04 -4.510e-01
17.890234 -3.540e+00 4.883e-03 1.894e-03 -2.879e-04 -2.879e-04 -2.879e-01 -2.894e-04 -2.894e-04 -2.549e-01
17.900234 -3.501e+00 3.906e-02 1.868e-03 7.374e-06 7.374e-06 7.374e-03 6.105e-06 6.105e-06 1.961e-02
17.910234 -3.447e+00 6.348e-02 1.888e-03 2.998e-04 2.998e-04 2.998e-01 2.991e-04 2.991e-04 3.333e-01
17.920233 -3.369e+00 1.172e-01 1.944e-03 4.777e-04 4.777e-04 4.777e-01 4.774e-04 4.774e-04 4.902e-01
17.930235 -3.296e+00 1.660e-01 2.008e-03 4.732e-04 4.732e-04 4.732e-01 4.725e-04 4.725e-04 4.902e-01
17.940235 -3.213e+00 2.148e-01 2.058e-03 2.879e-04 2.879e-04 2.879e-01 2.869e-04 2.869e-04 2.941e-01
17.950233 -3.130e+00 2.637e-01 2.043e-03 -7.350e-06 -7.350e-06 -7.350e-03 -8.547e-06 -8.547e-06 1.961e-02
17.960234 -3.057e+00 2.832e-01 1.979e-03 -2.998e-04 -2.998e-04 -2.998e-01 -3.016e-04 -3.016e-04 -2.941e-01
17.970234 -3.003e+00 3.027e-01 1.859e-03 -4.778e-04 -4.778e-04 -4.778e-01 -4.799e-04 -4.799e-04 -4.510e-01
17.980232 -2.959e+00 3.174e-01 1.713e-03 -4.732e-04 -4.732e-04 -4.732e-01 -4.750e-04 -4.750e-04 -4.510e-01
17.990234 -2.900e+00 3.174e-01 1.594e-03 -2.879e-04 -2.879e-04 -2.879e-01 -2.894e-04 -2.894e-04 -2.549e-01
18.000233 -2.832e+00 3.271e-01 1.521e-03 7.326e-06 7.326e-06 7.326e-03 6.105e-06 6.105e-06 1.961e-02
18.010233 -2.769e+00 3.320e-01 1.503e-03 2.998e-04 2.998e-04 2.998e-01 2.991e-04 2.991e-04 3.333e-01
18.020235 -2.671e+00 3.662e-01 1.515e-03 4.778e-04 4.778e-04 4.778e-01 4.774e-04 4.774e-04 4.902e-01
18.030233 -2.607e+00 4.053e-01 1.538e-03 4.732e-04 4.732e-04 4.732e-01 4.725e-04 4.725e-04 4.902e-01
18.040234 -2.515e+00 4.395e-01 1.544e-03 2.879e-04 2.879e-04 2.879e-01 2.869e-04 2.869e-04 2.941e-01
18.050234 -2.451e+00 4.785e-01 1.488e-03 -7.362e-06 -7.362e-06 -7.362e-03 -8.547e-06 -8.547e-06 1.961e-02
18.060234 -2.402e+00 4.736e-01 1.383e-03 -2.998e-04 -2.998e-04 -2.998e-01 -3.016e-04 -3.016e-04 -2.941e-01
18.070234 -2.349e+00 4.639e-01 1.249e-03 -4.778e-04 -4.778e-04 -4.778e-01 -4.799e-04 -4.799e-04 -4.510e-01
18.080233 -2.310e+00 4.395e-01 1.086e-03 -4.732e-04 -4.732e-04 -4.732e-01 -4.750e-04 -4.750e-04 -4.510e-01
18.090233 -2.275e+00 4.102e-01 9.544e-04 -2.879e-04 -2.879e-04 -2.879e-01 -2.894e-04 -2.894e-04 -2.549e-01
18.100235 -2.261e+00 3.906e-01 8.727e-04 7.398e-06 7.398e-06 7.398e-03 6.105e-06 6.105e-06 1.961e-02
18.110233 -2.217e+00 3.662e-01 8.493e-04 2.998e-04 2.998e-04 2.998e-01 2.991e-04 2.991e-04 3.333e-01
18.120234 -2.158e+00 3.857e-01 8.493e-04 4.777e-04 4.777e-04 4.777e-01 4.774e-04 4.774e-04 4.902e-01
18.130234 -2.134e+00 3.906e-01 8.697e-04 4.732e-04 4.732e-04 4.732e-01 4.725e-04 4.725e-04 4.902e-01
18.140234 -2.104e+00 4.053e-01 8.785e-04 2.879e-04 2.879e-04 2.879e-01 2.869e-04 2.869e-04 2.941e-01
18.150234 -2.065e+00 4.004e-01 8.406e-04 -7.374e-06 -7.374e-06 -7.374e-03 -8.547e-06 -8.547e-06 1.961e-02
18.160234 -2.075e+00 3.760e-01 7.618e-04 -2.998e-04 -2.998e-04 -2.998e-01 -3.016e-04 -3.016e-04 -2.941e-01
18.170235 -2.065e+00 3.271e-01 6.450e-04 -4.778e-04 -4.778e-04 -4.778e-01 -4.799e-04 -4.799e-04 -4.510e-01
18.180235 -2.090e+00 2.783e-01 5.049e-04 -4.732e-04 -4.732e-04 -4.732e-01 -4.750e-04 -4.750e-04 -4.510e-01
18.190233 -2.119e+00 2.295e-01 4.028e-04 -2.879e-04 -2.879e-04 -2.879e-01 -2.894e-04 -2.894e-04 -2.549e-01
18.200233 -2.144e+00 1.855e-01 3.532e-04 7.350e-06 7.350e-06 7.350e-03 6.105e-06 6.105e-06 1.961e-02
18.210234 -2.188e+00 1.514e-01 3.502e-04 2.998e-04 2.998e-04 2.998e-01 2.991e-04 2.991e-04 3.333e-01
18.220234 -2.202e+00 1.221e-01 4.174e-04 4.778e-04 4.778e-04 4.778e-01 4.774e-04 4.774e-04 4.902e-01
18.230232 -2.222e+00 1.172e-01 4.786e-04 4.732e-04 4.732e-04 4.732e-01 4.725e-04 4.725e-04 4.902e-01
18.240234 -2.251e+00 1.025e-01 5.341e-04 2.879e-04 2.879e-04 2.879e-01 2.869e-04 2.869e-04 2.941e-01
18.250235 -2.275e+00 9.277e-02 5.399e-04 -7.386e-06 -7.386e-06 -7.386e-03 -8.547e-06 -8.547e-06 1.961e-02
18.260233 -2.329e+00 3.418e-02 5.195e-04 -2.998e-04 -2.998e-04 -2.998e-01 -3.016e-04 -3.016e-04 -2.941e-01
18.270235 -2.393e+00 -4.883e-03 4.524e-04 -4.778e-04 -4.778e-04 -4.778e-01 -4.799e-04 -4.799e-04 -4.510e-01
18.280233 -2.476e+00 -7.324e-02 3.853e-04 -4.732e-04 -4.732e-04 -4.732e-01 -4.750e-04 -4.750e-04 -4.510e-01
18.290234 -2.559e+00 -1.270e-01 3.269e-04 -2.879e-04 -2.879e-04 -2.879e-01 -2.894e-04 -2.894e-04 -2.549e-01
18.300234 -2.642e+00 -1.758e-01 3.444e-04 7.362e-06 7.362e-06 7.362e-03 6.105e-06 6.105e-06 1.961e-02
18.310234 -2.729e+00 -2.197e-01 4.144e-04 2.998e-04 2.998e-04 2.998e-01 2.991e-04 2.991e-04 3.333e-01
18.320234 -2.778e+00 -2.246e-01 5.224e-04 4.778e-04 4.778e-04 4.778e-01 4.774e-04 4.774e-04 4.902e-01
18.330235 -2.847e+00 -2.393e-01 6.479e-04 4.732e-04 4.732e-04 4.732e-01 4.725e-04 4.725e-04 4.902e-01
18.340235 -2.891e+00 -2.490e-01 7.647e-04 2.879e-04 2.879e-04 2.879e-01 2.869e-04 2.869e-04 2.941e-01
18.350235 -2.959e+00 -2.588e-01 8.376e-04 -7.398e-06 -7.398e-06 -7.398e-03 -8.547e-06 -8.547e-06 1.961e-02
18.360235 -3.037e+00 -2.930e-01 8.581e-04 -2.999e-04 -2.999e-04 -2.999e-01 -3.016e-04 -3.016e-04 -2.941e-01
18.370234 -3.115e+00 -3.369e-01 8.610e-04 -4.777e-04 -4.777e-04 -4.777e-01 -4.799e-04 -4.799e-04 -4.510e-01
18.380234 -3.228e+00 -3.760e-01 8.289e-04 -4.732e-04 -4.732e-04 -4.732e-01 -4.750e-04 -4.750e-04 -4.510e-01
18.390234 -3.315e+00 -4.150e-01 8.289e-04 -2.879e-04 -2.879e-04 -2.879e-01 -2.894e-04 -2.894e-04 -2.549e-01
18.400234 -3.389e+00 -4.395e-01 8.785e-04 7.374e-06 7.374e-06 7.374e-03 6.105e-06 6.105e-06 1.961e-02
18.410233 -3.477e+00 -4.541e-01 9.748e-04 2.998e-04 2.998e-04 2.998e-01 2.991e-04 2.991e-04 3.333e-01
18.420235 -3.521e+00 -4.492e-01 1.127e-03 4.778e-04 4.778e-04 4.778e-01 4.774e-04 4.774e-04 4.902e-01
18.430233 -3.574e+00 -4.395e-01 1.296e-03 4.732e-04 4.732e-04 4.732e-01 4.725e-04 4.725e-04 4.902e-01
18.440233 -3.628e+00 -4.248e-01 1.442e-03 2.879e-04 2.879e-04 2.879e-01 2.869e-04 2.869e-04 2.941e-01
18.450233 -3.652e+00 -4.053e-01 1.538e-03 -7.350e-06 -7.350e-06 -7.350e-03 -8.547e-06 -8.547e-06 1.961e-02
18.460234 -3.711e+00 -4.004e-01 1.567e-03 -2.998e-04 -2.998e-04 -2.998e-01 -3.016e-04 -3.016e-04 -2.941e-01
18.470234 -3.750e+00 -4.102e-01 1.585e-03 -4.778e-04 -4.778e-04 -4.778e-01 -4.799e-04 -4.799e-04 -4.510e-01
18.480234 -3.823e+00 -4.150e-01 1.553e-03 -4.732e-04 -4.732e-04 -4.732e-01 -4.750e-04 -4.750e-04 -4.510e-01
18.490232 -3.872e+00 -4.248e-01 1.559e-03 -2.879e-04 -2.879e-04 -2.879e-01 -2.894e-04 -2.894e-04 -2.549e-01
18.500235 -3.911e+00 -4.199e-01 1.602e-03 7.386e-06 7.386e-06 7.386e-03 6.105e-06 6.105e-06 1.961e-02
18.510233 -3.936e+00 -4.053e-01 1.699e-03 2.998e-04 2.998e-04 2.998e-01 2.991e-04 2.991e-04 3.333e-01
18.520235 -3.916e+00 -3.662e-01 1.836e-03 4.778e-04 4.778e-04 4.778e-01 4.774e-04 4.774e-04 4.902e-01
18.530233 -3.921e+00 -3.223e-01 1.985e-03 4.732e-04 4.732e-04 4.732e-01 4.725e-04 4.725e-04 4.902e-01
18.540234 -3.906e+00 -2.734e-01 2.101e-03 2.879e-04 2.879e-04 2.879e-01 2.869e-04 2.869e-04 2.941e-01
18.550234 -3.892e+00 -2.246e-01 2.166e-03 -7.362e-06 -7.362e-06 -7.362e-03 -8.547e-06 -8.547e-06 1.961e-02
18.560234 -3.882e+00 -1.904e-01 2.171e-03 -2.998e-04 -2.998e-04 -2.998e-01 -3.016e-04 -3.016e-04 -2.941e-01
18.570234 -3.862e+00 -1.611e-01 2.131e-03 -4.778e-04 -4.778e-04 -4.778e-01 -4.799e-04 -4.799e-04 -4.510e-01
18.580235 -3.848e+00 -1.465e-01 2.066e-03 -4.732e-04 -4.732e-04 -4.732e-01 -4.750e-04 -4.750e-04 -4.510e-01
18.590233 -3.838e+00 -1.367e-01 2.023e-03 -2.879e-04 -2.879e-04 -2.879e-01 -2.894e-04 -2.894e-04 -2.549e-01
18.600233 -3.799e+00 -1.172e-01 2.031e-03 7.338e-06 7.338e-06 7.338e-03 6.105e-06 6.105e-06 1.961e-02
18.610233 -3.755e+00 -7.812e-02 2.072e-03 2.998e-04 2.998e-04 2.998e-01 2.991e-04 2.991e-04 3.333e-01
18.620234 -3.682e+00 -1.953e-02 2.154e-03 4.777e-04 4.777e-04 4.777e-01 4.774e-04 4.774e-04 4.902e-01
18.630234 -3.623e+00 3.906e-02 2.236e-03 4.732e-04 4.732e-04 4.732e-01 4.725e-04 4.725e-04 4.902e-01
18.640232 -3.540e+00 1.123e-01 2.288e-03 2.879e-04 2.879e-04 2.879e-01 2.869e-04 2.869e-04 2.941e-01
18.650234 -3.452e+00 1.660e-01 2.288e-03 -7.374e-06 -7.374e-06 -7.374e-03 -8.547e-06 -8.547e-06 1.961e-02
18.660234 -3.389e+00 2.100e-01 2.227e-03 -2.998e-04 -2.998e-04 -2.998e-01 -3.016e-04 -3.016e-04 -2.941e-01
18.670235 -3.315e+00 2.393e-01 2.122e-03 -4.778e-04 -4.778e-04 -4.778e-01 -4.799e-04 -4.799e-04 -4.510e-01
18.680233 -3.252e+00 2.490e-01 1.999e-03 -4.732e-04 -4.732e-04 -4.732e-01 -4.750e-04 -4.750e-04 -4.510e-01
18.690235 -3.188e+00 2.588e-01 1.897e-03 -2.879e-04 -2.879e-04 -2.879e-01 -2.894e-04 -2.894e-04 -2.549e-01
18.700233 -3.115e+00 2.832e-01 1.833e-03 7.350e-06 7.350e-06 7.350e-03 6.105e-06 6.105e-06 1.961e-02
18.710234 -3.037e+00 3.076e-01 1.807e-03 2.998e-04 2.998e-04 2.998e-01 2.991e-04 2.991e-04 3.333e-01
18.720234 -2.944e+00 3.516e-01 1.833e-03 4.778e-04 4.778e-04 4.778e-01 4.774e-04 4.774e-04 4.902e-01
18.730234 -2.847e+00 4.102e-01 1.850e-03 4.732e-04 4.732e-04 4.732e-01 4.725e-04 4.725e-04 4.902e-01
18.740234 -2.744e+00 4.590e-01 1.842e-03 2.879e-04 2.879e-04 2.879e-01 2.869e-04 2.869e-04 2.941e-01
18.750235 -2.642e+00 5.078e-01 1.789e-03 -7.386e-06 -7.386e-06 -7.386e-03 -8.547e-06 -8.547e-06 1.961e-02
18.760235 -2.559e+00 5.127e-01 1.684e-03 -2.998e-04 -2.998e-04 -2.998e-01 -3.016e-04 -3.016e-04 -2.941e-01
18.770233 -2.490e+00 5.273e-01 1.524e-03 -4.777e-04 -4.777e-04 -4.777e-01 -4.799e-04 -4.799e-04 -4.510e-01
18.780235 -2.437e+00 5.127e-01 1.363e-03 -4.732e-04 -4.732e-04 -4.732e-01 -4.750e-04 -4.750e-04 -4.510e-01
18.790234 -2.373e+00 4.980e-01 1.220e-03 -2.879e-04 -2.879e-04 -2.879e-01 -2.894e-04 -2.894e-04 -2.549e-01
18.800234 -2.314e+00 4.932e-01 1.121e-03 7.362e-06 7.362e-06 7.362e-03 6.105e-06 6.105e-06 1.961e-02
18.810234 -2.266e+00 4.980e-01 1.059e-03 2.998e-04 2.998e-04 2.998e-01 2.991e-04 2.991e-04 3.333e-01
18.820234 -2.173e+00 5.078e-01 1.059e-03 4.778e-04 4.778e-04 4.778e-01 4.774e-04 4.774e-04 4.902e-01
18.830235 -2.119e+00 5.225e-01 1.065e-03 4.732e-04 4.732e-04 4.732e-01 4.725e-04 4.725e-04 4.902e-01
18.840233 -2.041e+00 5.371e-01 1.051e-03 2.879e-04 2.879e-04 2.879e-01 2.869e-04 2.869e-04 2.941e-01
18.850233 -1.987e+00 5.420e-01 9.894e-04 -7.339e-06 -7.339e-06 -7.339e-03 -8.547e-06 -8.547e-06 1.961e-02
18.860235 -1.953e+00 5.176e-01 8.814e-04 -2.999e-04 -2.999e-04 -2.999e-01 -3.016e-04 -3.016e-04 -2.941e-01
18.870234 -1.938e+00 4.980e-01 7.326e-04 -4.777e-04 -4.777e-04 -4.777e-01 -4.799e-04 -4.799e-04 -4.510e-01
18.880234 -1.934e+00 4.492e-01 5.779e-04 -4.732e-04 -4.732e-04 -4.732e-01 -4.750e-04 -4.750e-04 -4.510e-01
18.890234 -1.934e+00 4.053e-01 4.407e-04 -2.879e-04 -2.879e-04 -2.879e-01 -2.894e-04 -2.894e-04 -2.549e-01
18.900234 -1.934e+00 3.564e-01 3.707e-04 7.375e-06 7.375e-06 7.375e-03 6.105e-06 6.105e-06 1.961e-02
18.910234 -1.948e+00 3.174e-01 3.502e-04 2.998e-04 2.998e-04 2.998e-01 2.991e-04 2.991e-04 3.333e-01
18.920235 -1.943e+00 3.174e-01 3.619e-04 4.778e-04 4.778e-04 4.778e-01 4.774e-04 4.774e-04 4.902e-01
18.930233 -1.948e+00 2.930e-01 4.057e-04 4.732e-04 4.732e-04 4.732e-01 4.725e-04 4.725e-04 4.902e-01
18.940235 -1.943e+00 2.686e-01 4.407e-04 2.879e-04 2.879e-04 2.879e-01 2.869e-04 2.869e-04 2.941e-01
18.950233 -1.958e+00 2.490e-01 4.320e-04 -7.351e-06 -7.351e-06 -7.351e-03 -8.547e-06 -8.547e-06 1.961e-02
18.960234 -2.002e+00 1.953e-01 3.794e-04 -2.998e-04 -2.998e-04 -2.998e-01 -3.016e-04 -3.016e-04 -2.941e-01
18.970234 -2.061e+00 1.514e-01 2.860e-04 -4.778e-04 -4.778e-04 -4.778e-01 -4.799e-04 -4.799e-04 -4.510e-01
18.980234 -2.144e+00 8.301e-02 1.810e-04 -4.732e-04 -4.732e-04 -4.732e-01 -4.750e-04 -4.750e-04 -4.510e-01
18.990234 -2.207e+00 1.465e-02 1.167e-04 -2.879e-04 -2.879e-04 -2.879e-01 -2.894e-04 -2.894e-04 -2.549e-01
19.000237 -2.280e+00 -4.395e-02 1.022e-04 7.447e-06 7.447e-06 7.447e-03 6.105e-06 6.105e-06 1.961e-02
19.010233 -2.363e+00 -9.766e-02 1.430e-04 2.998e-04 2.998e-04 2.998e-01 2.991e-04 2.991e-04 3.333e-01
19.020233 -2.412e+00 -1.172e-01 2.422e-04 4.777e-04 4.777e-04 4.777e-01 4.774e-04 4.774e-04 4.902e-01
19.030235 -2.490e+00 -1.465e-01 3.532e-04 4.732e-04 4.732e-04 4.732e-01 4.725e-04 4.725e-04 4.902e-01
19.040234 -2.544e+00 -1.807e-01 4.699e-04 2.879e-04 2.879e-04 2.879e-01 2.869e-04 2.869e-04 2.941e-01
19.050234 -2.627e+00 -2.002e-01 5.224e-04 -7.363e-06 -7.363e-06 -7.363e-03 -8.547e-06 -8.547e-06 1.961e-02
19.060234 -2.710e+00 -2.393e-01 5.341e-04 -2.998e-04 -2.998e-04 -2.998e-01 -3.016e-04 -3.016e-04 -2.941e-01
19.070234 -2.812e+00 -2.783e-01 5.108e-04 -4.778e-04 -4.778e-04 -4.778e-01 -4.799e-04 -4.799e-04 -4.510e-01
19.080235 -2.925e+00 -3.467e-01 4.903e-04 -4.732e-04 -4.732e-04 -4.732e-01 -4.750e-04 -4.750e-04 -4.510e-01
19.090233 -3.037e+00 -3.906e-01 4.728e-04 -2.879e-04 -2.879e-04 -2.879e-01 -2.894e-04 -2.894e-04 -2.549e-01
19.100233 -3.140e+00 -4.395e-01 5.283e-04 7.339e-06 7.339e-06 7.339e-03 6.105e-06 6.105e-06 1.961e-02
19.110233 -3.242e+00 -4.736e-01 6.392e-04 2.998e-04 2.998e-04 2.998e-01 2.991e-04 2.991e-04 3.333e-01
19.120234 -3.320e+00 -4.834e-01 7.968e-04 4.777e-04 4.777e-04 4.777e-01 4.774e-04 4.774e-04 4.902e-01
19.130234 -3.398e+00 -4.980e-01 9.719e-04 4.732e-04 4.732e-04 4.732e-01 4.725e-04 4.725e-04 4.902e-01
19.140234 -3.467e+00 -4.834e-01 1.124e-03 2.879e-04 2.879e-04 2.879e-01 2.869e-04 2.869e-04 2.941e-01
19.150234 -3.540e+00 -4.785e-01 1.226e-03 -7.375e-06 -7.375e-06 -7.375e-03 -8.547e-06 -8.547e-06 1.961e-02
19.160234 -3.618e+00 -4.932e-01 1.281e-03 -2.998e-04 -2.998e-04 -2.998e-01 -3.016e-04 -3.016e-04 -2.941e-01
19.170235 -3.701e+00 -5.078e-01 1.296e-03 -4.778e-04 -4.778e-04 -4.778e-01 -4.799e-04 -4.799e-04 -4.510e-01
19.180233 -3.794e+00 -5.322e-01 1.296e-03 -4.732e-04 -4.732e-04 -4.732e-01 -4.750e-04 -4.750e-04 -4.510e-01
19.190233 -3.872e+00 -5.566e-01 1.328e-03 -2.879e-04 -2.879e-04 -2.879e-01 -2.894e-04 -2.894e-04 -2.549e-01
19.200233 -3.921e+00 -5.664e-01 1.395e-03 7.351e-06 7.351e-06 7.351e-03 6.105e-06 6.105e-06 1.961e-02
19.210234 -4.004e+00 -5.664e-01 1.524e-03 2.998e-04 2.998e-04 2.998e-01 2.991e-04 2.991e-04 3.333e-01
19.220234 -4.033e+00 -5.322e-01 1.678e-03 4.778e-04 4.778e-04 4.778e-01 4.774e-04 4.774e-04 4.902e-01
19.230234 -4.048e+00 -5.029e-01 1.859e-03 4.732e-04 4.732e-04 4.732e-01 4.725e-04 4.725e-04 4.902e-01
19.240234 -4.062e+00 -4.395e-01 1.993e-03 2.879e-04 2.879e-04 2.879e-01 2.869e-04 2.869e-04 2.941e-01
19.250235 -4.077e+00 -3.906e-01 2.084e-03 -7.387e-06 -7.387e-06 -7.387e-03 -8.547e-06 -8.547e-06 1.961e-02
19.260233 -4.082e+00 -3.809e-01 2.128e-03 -2.998e-04 -2.998e-04 -2.998e-01 -3.016e-04 -3.016e-04 -2.941e-01
19.270233 -4.097e+00 -3.467e-01 2.113e-03 -4.777e-04 -4.777e-04 -4.777e-01 -4.799e-04 -4.799e-04 -4.510e-01
19.280233 -4.121e+00 -3.418e-01 2.084e-03 -4.732e-04 -4.732e-04 -4.732e-01 -4.750e-04 -4.750e-04 -4.510e-01
19.290234 -4.121e+00 -3.271e-01 2.078e-03 -2.879e-04 -2.879e-04 -2.879e-01 -2.894e-04 -2.894e-04 -2.549e-01
19.300234 -4.111e+00 -3.076e-01 2.110e-03 7.363e-06 7.363e-06 7.363e-03 6.105e-06 6.105e-06 1.961e-02
19.310234 -4.082e+00 -2.686e-01 2.180e-03 2.998e-04 2.998e-04 2.998e-01 2.991e-04 2.991e-04 3.333e-01
19.320234 -4.058e+00 -1.904e-01 2.274e-03 4.778e-04 4.778e-04 4.778e-01 4.774e-04 4.774e-04 4.902e-01
19.330235 -3.989e+00 -1.367e-01 2.399e-03 4.732e-04 4.732e-04 4.732e-01 4.725e-04 4.725e-04 4.902e-01
19.340233 -3.916e+00 -7.812e-02 2.490e-03 2.879e-04 2.879e-04 2.879e-01 2.869e-04 2.869e-04 2.941e-01
19.350233 -3.843e+00 0.000e+00 2.507e-03 -7.339e-06 -7.339e-06 -7.339e-03 -8.547e-06 -8.547e-06 1.961e-02
19.360233 -3.779e+00 5.371e-02 2.475e-03 -2.998e-04 -2.998e-04 -2.998e-01 -3.016e-04 -3.016e-04 -2.941e-01
19.370234 -3.721e+00 1.074e-01 2.384e-03 -4.777e-04 -4.777e-04 -4.777e-01 -4.799e-04 -4.799e-04 -4.510e-01
19.380234 -3.652e+00 1.123e-01 2.297e-03 -4.732e-04 -4.732e-04 -4.732e-01 -4.750e-04 -4.750e-04 -4.510e-01
19.390234 -3.584e+00 1.367e-01 2.206e-03 -2.879e-04 -2.879e-04 -2.879e-01 -2.894e-04 -2.894e-04 -2.549e-01
19.400234 -3.501e+00 1.758e-01 2.160e-03 7.375e-06 7.375e-06 7.375e-03 6.105e-06 6.105e-06 1.961e-02
19.410233 -3.423e+00 2.197e-01 2.154e-03 2.998e-04 2.998e-04 2.998e-01 2.991e-04 2.991e-04 3.333e-01
19.420235 -3.315e+00 2.832e-01 2.183e-03 4.778e-04 4.778e-04 4.778e-01 4.774e-04 4.774e-04 4.902e-01
19.430233 -3.203e+00 3.516e-01 2.204e-03 4.732e-04 4.732e-04 4.732e-01 4.725e-04 4.725e-04 4.902e-01
19.440233 -3.086e+00 4.102e-01 2.215e-03 2.879e-04 2.879e-04 2.879e-01 2.869e-04 2.869e-04 2.941e-01
19.450233 -2.969e+00 4.639e-01 2.171e-03 -7.351e-06 -7.351e-06 -7.351e-03 -8.547e-06 -8.547e-06 1.961e-02
19.460234 -2.861e+00 4.980e-01 2.069e-03 -2.998e-04 -2.998e-04 -2.998e-01 -3.016e-04 -3.016e-04 -2.941e-01
19.470234 -2.764e+00 5.273e-01 1.920e-03 -4.778e-04 -4.778e-04 -4.778e-01 -4.799e-04 -4.799e-04 -4.510e-01
19.480234 -2.690e+00 5.322e-01 1.742e-03 -4.732e-04 -4.732e-04 -4.732e-01 -4.750e-04 -4.750e-04 -4.510e-01
19.490234 -2.598e+00 5.322e-01 1.591e-03 -2.879e-04 -2.879e-04 -2.879e-01 -2.894e-04 -2.894e-04 -2.549e-01
19.500235 -2.505e+00 5.469e-01 1.480e-03 7.387e-06 7.387e-06 7.387e-03 6.105e-06 6.105e-06 1.961e-02
19.510233 -2.437e+00 5.615e-01 1.416e-03 2.998e-04 2.998e-04 2.998e-01 2.991e-04 2.991e-04 3.333e-01
19.520235 -2.310e+00 5.957e-01 1.398e-03 4.778e-04 4.778e-04 4.778e-01 4.774e-04 4.774e-04 4.902e-01
19.530233 -2.197e+00 6.201e-01 1.383e-03 4.732e-04 4.732e-04 4.732e-01 4.725e-04 4.725e-04 4.902e-01
19.540234 -2.109e+00 6.543e-01 1.351e-03 2.879e-04 2.879e-04 2.879e-01 2.869e-04 2.869e-04 2.941e-01
19.550234 -2.021e+00 6.641e-01 1.278e-03 -7.363e-06 -7.363e-06 -7.363e-03 -8.547e-06 -8.547e-06 1.961e-02
19.560234 -1.958e+00 6.738e-01 1.129e-03 -2.998e-04 -2.998e-04 -2.998e-01 -3.016e-04 -3.016e-04 -2.941e-01
19.570234 -1.904e+00 6.592e-01 9.631e-04 -4.778e-04 -4.778e-04 -4.778e-01 -4.799e-04 -4.799e-04 -4.510e-01
19.580235 -1.865e+00 6.055e-01 7.851e-04 -4.732e-04 -4.732e-04 -4.732e-01 -4.750e-04 -4.750e-04 -4.510e-01
19.590235 -1.826e+00 5.859e-01 6.158e-04 -2.879e-04 -2.879e-04 -2.879e-01 -2.894e-04 -2.894e-04 -2.549e-01
19.600233 -1.787e+00 5.469e-01 5.049e-04 7.339e-06 7.339e-06 7.339e-03 6.105e-06 6.105e-06 1.961e-02
19.610233 -1.758e+00 5.029e-01 4.641e-04 2.998e-04 2.998e-04 2.998e-01 2.991e-04 2.991e-04 3.333e-01
19.620234 -1.733e+00 5.127e-01 4.407e-04 4.777e-04 4.777e-04 4.777e-01 4.774e-04 4.774e-04 4.902e-01
19.630234 -1.704e+00 4.834e-01 4.641e-04 4.732e-04 4.732e-04 4.732e-01 4.725e-04 4.725e-04 4.902e-01
19.640234 -1.665e+00 4.785e-01 4.611e-04 2.879e-04 2.879e-04 2.879e-01 2.869e-04 2.869e-04 2.941e-01
19.650232 -1.665e+00 4.492e-01 4.115e-04 -7.315e-06 -7.315e-06 -7.315e-03 -8.547e-06 -8.547e-06 1.961e-02
19.660234 -1.685e+00 4.102e-01 3.181e-04 -2.998e-04 -2.998e-04 -2.998e-01 -3.016e-04 -3.016e-04 -2.941e-01
19.670235 -1.694e+00 3.564e-01 1.926e-04 -4.778e-04 -4.778e-04 -4.778e-01 -4.799e-04 -4.799e-04 -4.510e-01
19.680235 -1.768e+00 2.930e-01 5.545e-05 -4.732e-04 -4.732e-04 -4.732e-01 -4.750e-04 -4.750e-04 -4.510e-01
19.690233 -1.816e+00 2.246e-01 -4.962e-05 -2.879e-04 -2.879e-04 -2.879e-01 -2.894e-04 -2.894e-04 -2.549e-01
19.700233 -1.865e+00 1.514e-01 -8.756e-05 7.351e-06 7.351e-06 7.351e-03 6.105e-06 6.105e-06 1.961e-02
19.710234 -1.938e+00 1.025e-01 -8.464e-05 2.998e-04 2.998e-04 2.998e-01 2.991e-04 2.991e-04 3.333e-01
19.720234 -1.963e+00 4.395e-02 8.756e-06 4.778e-04 4.778e-04 4.778e-01 4.774e-04 4.774e-04 4.902e-01
19.730234 -2.036e+00 1.465e-02 8.464e-05 4.732e-04 4.732e-04 4.732e-01 4.725e-04 4.725e-04 4.902e-01
19.740234 -2.109e+00 -1.465e-02 1.576e-04 2.879e-04 2.879e-04 2.879e-01 2.869e-04 2.869e-04 2.941e-01
19.750233 -2.188e+00 -4.883e-02 1.955e-04 -7.327e-06 -7.327e-06 -7.327e-03 -8.547e-06 -8.547e-06 1.961e-02
19.760233 -2.275e+00 -1.025e-01 1.810e-04 -2.998e-04 -2.998e-04 -2.998e-01 -3.016e-04 -3.016e-04 -2.941e-01
19.770233 -2.378e+00 -1.758e-01 1.547e-04 -4.777e-04 -4.777e-04 -4.777e-01 -4.799e-04 -4.799e-04 -4.510e-01
19.780235 -2.520e+00 -2.441e-01 9.631e-05 -4.732e-04 -4.732e-04 -4.732e-01 -4.750e-04 -4.750e-04 -4.510e-01
19.790236 -2.632e+00 -3.125e-01 8.464e-05 -2.879e-04 -2.879e-04 -2.879e-01 -2.894e-04 -2.894e-04 -2.549e-01
19.800234 -2.744e+00 -3.760e-01 1.226e-04 7.363e-06 7.363e-06 7.363e-03 6.105e-06 6.105e-06 1.961e-02
19.810234 -2.866e+00 -4.199e-01 2.189e-04 2.998e-04 2.998e-04 2.998e-01 2.991e-04 2.991e-04 3.333e-01
19.820234 -2.954e+00 -4.492e-01 3.736e-04 4.778e-04 4.778e-04 4.778e-01 4.774e-04 4.774e-04 4.902e-01
19.830235 -3.062e+00 -4.883e-01 5.604e-04 4.732e-04 4.732e-04 4.732e-01 4.725e-04 4.725e-04 4.902e-01
19.840233 -3.164e+00 -4.932e-01 7.034e-04 2.879e-04 2.879e-04 2.879e-01 2.869e-04 2.869e-04 2.941e-01
19.850235 -3.262e+00 -5.078e-01 8.143e-04 -7.399e-06 -7.399e-06 -7.399e-03 -8.547e-06 -8.547e-06 1.961e-02
19.860233 -3.384e+00 -5.322e-01 8.727e-04 -2.998e-04 -2.998e-04 -2.998e-01 -3.016e-04 -3.016e-04 -2.941e-01
19.870234 -3.477e+00 -5.664e-01 8.931e-04 -4.777e-04 -4.777e-04 -4.777e-01 -4.799e-04 -4.799e-04 -4.510e-01
19.880234 -3.628e+00 -6.006e-01 8.960e-04 -4.732e-04 -4.732e-04 -4.732e-01 -4.750e-04 -4.750e-04 -4.510e-01
19.890234 -3.726e+00 -6.445e-01 9.456e-04 -2.879e-04 -2.879e-04 -2.879e-01 -2.894e-04 -2.894e-04 -2.549e-01
19.900234 -3.828e+00 -6.787e-01 1.042e-03 7.375e-06 7.375e-06 7.375e-03 6.105e-06 6.105e-06 1.961e-02
19.910234 -3.931e+00 -6.934e-01 1.191e-03 2.998e-04 2.998e-04 2.998e-01 2.991e-04 2.991e-04 3.333e-01
19.920233 -3.984e+00 -6.934e-01 1.392e-03 4.777e-04 4.777e-04 4.777e-01 4.774e-04 4.774e-04 4.902e-01
19.930233 -4.058e+00 -6.592e-01 1.573e-03 4.732e-04 4.732e-04 4.732e-01 4.725e-04 4.725e-04 4.902e-01
19.940233 -4.106e+00 -6.201e-01 1.745e-03 2.879e-04 2.879e-04 2.879e-01 2.869e-04 2.869e-04 2.941e-01
19.950233 -4.165e+00 -5.908e-01 1.871e-03 -7.352e-06 -7.352e-06 -7.352e-03 -8.547e-06 -8.547e-06 1.961e-02
19.960236 -4.224e+00 -5.811e-01 1.938e-03 -2.999e-04 -2.999e-04 -2.999e-01 -3.016e-04 -3.016e-04 -2.941e-01
19.970234 -4.258e+00 -5.518e-01 1.958e-03 -4.778e-04 -4.778e-04 -4.778e-01 -4.799e-04 -4.799e-04 -4.510e-01
19.980234 -4.316e+00 -5.566e-01 1.967e-03 -4.732e-04 -4.732e-04 -4.732e-01 -4.750e-04 -4.750e-04 -4.510e-01
19.990234 -4.351e+00 -5.420e-01 1.988e-03 -2.879e-04 -2.879e-04 -2.879e-01 -2.894e-04 -2.894e-04 -2.549e-01
20.000235 -4.375e+00 -5.322e-01 2.063e-03 7.388e-06 7.388e-06 7.388e-03 6.105e-06 6.105e-06 1.961e-02
20.010233 -4.399e+00 -4.932e-01 2.171e-03 2.998e-04 2.998e-04 2.998e-01 2.991e-04 2.991e-04 3.333e-01
20.020233 -4.375e+00 -4.248e-01 2.314e-03 4.777e-04 4.777e-04 4.777e-01 4.774e-04 4.774e-04 4.902e-01
20.030233 -4.341e+00 -3.711e-01 2.469e-03 4.732e-04 4.732e-04 4.732e-01 4.725e-04 4.725e-04 4.902e-01
20.040234 -4.292e+00 -2.979e-01 2.586e-03 2.879e-04 2.879e-04 2.879e-01 2.869e-04 2.869e-04 2.941e-01
20.050234 -4.253e+00 -2.295e-01 2.647e-03 -7.364e-06 -7.364e-06 -7.364e-03 -8.547e-06 -8.547e-06 1.961e-02
20.060234 -4.209e+00 -1.758e-01 2.659e-03 -2.998e-04 -2.998e-04 -2.998e-01 -3.016e-04 -3.016e-04 -2.941e-01
20.070234 -4.131e+00 -1.318e-01 2.606e-03 -4.778e-04 -4.778e-04 -4.778e-01 -4.799e-04 -4.799e-04 -4.510e-01
20.080233 -4.121e+00 -9.277e-02 2.539e-03 -4.732e-04 -4.732e-04 -4.732e-01 -4.750e-04 -4.750e-04 -4.510e-01
20.090233 -4.058e+00 -5.859e-02 2.484e-03 -2.879e-04 -2.879e-04 -2.879e-01 -2.894e-04 -2.894e-04 -2.549e-01
20.100233 -3.994e+00 -9.766e-03 2.460e-03 7.340e-06 7.340e-06 7.340e-03 6.105e-06 6.105e-06 1.961e-02
20.110233 -3.901e+00 4.395e-02 2.490e-03 2.998e-04 2.998e-04 2.998e-01 2.991e-04 2.991e-04 3.333e-01
20.120235 -3.779e+00 1.270e-01 2.536e-03 4.778e-04 4.778e-04 4.778e-01 4.774e-04 4.774e-04 4.902e-01
20.130234 -3.677e+00 2.100e-01 2.592e-03 4.732e-04 4.732e-04 4.732e-01 4.725e-04 4.725e-04 4.902e-01
20.140234 -3.545e+00 2.930e-01 2.618e-03 2.879e-04 2.879e-04 2.879e-01 2.869e-04 2.869e-04 2.941e-01
20.150234 -3.423e+00 3.564e-01 2.595e-03 -7.376e-06 -7.376e-06 -7.376e-03 -8.547e-06 -8.547e-06 1.961e-02
20.160233 -3.301e+00 4.004e-01 2.510e-03 -2.998e-04 -2.998e-04 -2.998e-01 -3.016e-04 -3.016e-04 -2.941e-01
20.170235 -3.188e+00 4.590e-01 2.358e-03 -4.778e-04 -4.778e-04 -4.778e-01 -4.799e-04 -4.799e-04 -4.510e-01
20.180233 -3.086e+00 4.736e-01 2.212e-03 -4.732e-04 -4.732e-04 -4.732e-01 -4.750e-04 -4.750e-04 -4.510e-01
20.190233 -2.979e+00 4.980e-01 2.063e-03 -2.879e-04 -2.879e-04 -2.879e-01 -2.894e-04 -2.894e-04 -2.549e-01
20.200235 -2.876e+00 5.371e-01 1.944e-03 7.412e-06 7.412e-06 7.412e-03 6.105e-06 6.105e-06 1.961e-02
20.210236 -2.759e+00 5.762e-01 1.874e-03 2.999e-04 2.999e-04 2.999e-01 2.991e-04 2.991e-04 3.333e-01
20.220234 -2.622e+00 6.396e-01 1.833e-03 4.778e-04 4.778e-04 4.778e-01 4.774e-04 4.774e-04 4.902e-01
20.230234 -2.476e+00 6.787e-01 1.827e-03 4.732e-04 4.732e-04 4.732e-01 4.725e-04 4.725e-04 4.902e-01
20.240234 -2.334e+00 7.178e-01 1.795e-03 2.879e-04 2.879e-04 2.879e-01 2.869e-04 2.869e-04 2.941e-01
20.250235 -2.212e+00 7.568e-01 1.702e-03 -7.388e-06 -7.388e-06 -7.388e-03 -8.547e-06 -8.547e-06 1.961e-02
20.260233 -2.109e+00 7.617e-01 1.559e-03 -2.998e-04 -2.998e-04 -2.998e-01 -3.016e-04 -3.016e-04 -2.941e-01
20.270235 -1.987e+00 7.715e-01 1.360e-03 -4.778e-04 -4.778e-04 -4.778e-01 -4.799e-04 -4.799e-04 -4.510e-01
20.280235 -1.934e+00 7.568e-01 1.147e-03 -4.732e-04 -4.732e-04 -4.732e-01 -4.750e-04 -4.750e-04 -4.510e-01
20.290236 -1.855e+00 7.471e-01 9.515e-04 -2.879e-04 -2.879e-04 -2.879e-01 -2.894e-04 -2.894e-04 -2.549e-01
20.300234 -1.772e+00 7.275e-01 8.114e-04 7.364e-06 7.364e-06 7.364e-03 6.105e-06 6.105e-06 1.961e-02
20.310234 -1.704e+00 7.080e-01 7.209e-04 2.998e-04 2.998e-04 2.998e-01 2.991e-04 2.991e-04 3.333e-01
20.320234 -1.602e+00 7.031e-01 6.975e-04 4.778e-04 4.778e-04 4.778e-01 4.774e-04 4.774e-04 4.902e-01
20.330235 -1.553e+00 7.031e-01 6.684e-04 4.732e-04 4.732e-04 4.732e-01 4.725e-04 4.725e-04 4.902e-01
20.340233 -1.465e+00 6.982e-01 6.304e-04 2.879e-04 2.879e-04 2.879e-01 2.869e-04 2.869e-04 2.941e-01
20.350235 -1.387e+00 6.885e-01 5.458e-04 -7.400e-06 -7.400e-06 -7.400e-03 -8.547e-06 -8.547e-06 1.961e-02
20.360233 -1.323e+00 6.641e-01 4.057e-04 -2.998e-04 -2.998e-04 -2.998e-01 -3.016e-04 -3.016e-04 -2.941e-01
20.370234 -1.255e+00 6.152e-01 2.364e-04 -4.777e-04 -4.777e-04 -4.777e-01 -4.799e-04 -4.799e-04 -4.510e-01
20.380234 -1.255e+00 5.566e-01 6.421e-05 -4.732e-04 -4.732e-04 -4.732e-01 -4.750e-04 -4.750e-04 -4.510e-01
20.390234 -1.221e+00 4.980e-01 -9.048e-05 -2.879e-04 -2.879e-04 -2.879e-01 -2.894e-04 -2.894e-04 -2.549e-01
20.400232 -1.201e+00 4.297e-01 -1.693e-04 7.316e-06 7.316e-06 7.316e-03 6.105e-06 6.105e-06 1.961e-02
20.410234 -1.196e+00 3.711e-01 -1.955e-04 2.998e-04 2.998e-04 2.998e-01 2.991e-04 2.991e-04 3.333e-01
20.420235 -1.187e+00 3.418e-01 -1.780e-04 4.778e-04 4.778e-04 4.778e-01 4.774e-04 4.774e-04 4.902e-01
20.430235 -1.167e+00 2.979e-01 -1.372e-04 4.732e-04 4.732e-04 4.732e-01 4.725e-04 4.725e-04 4.902e-01
20.440233 -1.177e+00 2.783e-01 -1.109e-04 2.879e-04 2.879e-04 2.879e-01 2.869e-04 2.869e-04 2.941e-01
20.450235 -1.201e+00 2.441e-01 -1.226e-04 -7.412e-06 -7.412e-06 -7.412e-03 -8.547e-06 -8.547e-06 1.961e-02
20.460234 -1.250e+00 1.807e-01 -1.751e-04 -2.998e-04 -2.998e-04 -2.998e-01 -3.016e-04 -3.016e-04 -2.941e-01
20.470234 -1.318e+00 1.221e-01 -2.656e-04 -4.778e-04 -4.778e-04 -4.778e-01 -4.799e-04 -4.799e-04 -4.510e-01
20.480234 -1.421e+00 3.418e-02 -3.532e-04 -4.732e-04 -4.732e-04 -4.732e-01 -4.750e-04 -4.750e-04 -4.510e-01
20.490234 -1.533e+00 -4.883e-02 -4.086e-04 -2.879e-04 -2.879e-04 -2.879e-01 -2.894e-04 -2.894e-04 -2.549e-01
20.500233 -1.675e+00 -1.270e-01 -4.028e-04 7.328e-06 7.328e-06 7.328e-03 6.105e-06 6.105e-06 1.961e-02
20.510233 -1.826e+00 -1.904e-01 -3.415e-04 2.998e-04 2.998e-04 2.998e-01 2.991e-04 2.991e-04 3.333e-01
20.520233 -1.938e+00 -2.295e-01 -2.306e-04 4.777e-04 4.777e-04 4.777e-01 4.774e-04 4.774e-04 4.902e-01
20.530233 -2.080e+00 -2.686e-01 -9.631e-05 4.732e-04 4.732e-04 4.732e-01 4.725e-04 4.725e-04 4.902e-01
20.540234 -2.207e+00 -3.027e-01 2.043e-05 2.879e-04 2.879e-04 2.879e-01 2.869e-04 2.869e-04 2.941e-01
20.550236 -2.363e+00 -3.418e-01 9.923e-05 -7.424e-06 -7.424e-06 -7.424e-03 -8.547e-06 -8.547e-06 1.961e-02
20.560234 -2.500e+00 -4.053e-01 1.459e-04 -2.998e-04 -2.998e-04 -2.998e-01 -3.016e-04 -3.016e-04 -2.941e-01
20.570234 -2.656e+00 -4.688e-01 1.664e-04 -4.778e-04 -4.778e-04 -4.778e-01 -4.799e-04 -4.799e-04 -4.510e-01
20.580235 -2.832e+00 -5.420e-01 1.634e-04 -4.732e-04 -4.732e-04 -4.732e-01 -4.750e-04 -4.750e-04 -4.510e-01
20.590235 -2.993e+00 -6.055e-01 1.955e-04 -2.879e-04 -2.879e-04 -2.879e-01 -2.894e-04 -2.894e-04 -2.549e-01
20.600233 -3.159e+00 -6.641e-01 2.860e-04 7.340e-06 7.340e-06 7.340e-03 6.105e-06 6.105e-06 1.961e-02
20.610233 -3.301e+00 -7.031e-01 4.290e-04 2.998e-04 2.998e-04 2.998e-01 2.991e-04 2.991e-04 3.333e-01
20.620235 -3.438e+00 -7.178e-01 6.187e-04 4.778e-04 4.778e-04 4.778e-01 4.774e-04 4.774e-04 4.902e-01
20.630236 -3.560e+00 -7.227e-01 8.230e-04 4.732e-04 4.732e-04 4.732e-01 4.725e-04 4.725e-04 4.902e-01
20.640234 -3.652e+00 -7.227e-01 1.016e-03 2.879e-04 2.879e-04 2.879e-01 2.869e-04 2.869e-04 2.941e-01
20.650234 -3.779e+00 -7.373e-01 1.170e-03 -7.376e-06 -7.376e-06 -7.376e-03 -8.547e-06 -8.547e-06 1.961e-02
20.660233 -3.896e+00 -7.422e-01 1.264e-03 -2.998e-04 -2.998e-04 -2.998e-01 -3.016e-04 -3.016e-04 -2.941e-01
20.670233 -4.009e+00 -7.715e-01 1.331e-03 -4.777e-04 -4.777e-04 -4.777e-01 -4.799e-04 -4.799e-04 -4.510e-01
20.680233 -4.146e+00 -7.959e-01 1.380e-03 -4.732e-04 -4.732e-04 -4.732e-01 -4.750e-04 -4.750e-04 -4.510e-01
20.690235 -4.258e+00 -8.008e-01 1.436e-03 -2.879e-04 -2.879e-04 -2.879e-01 -2.894e-04 -2.894e-04 -2.549e-01
20.700235 -4.355e+00 -7.959e-01 1.535e-03 7.412e-06 7.412e-06 7.412e-03 6.105e-06 6.105e-06 1.961e-02
20.710234 -4.438e+00 -7.910e-01 1.702e-03 2.998e-04 2.998e-04 2.998e-01 2.991e-04 2.991e-04 3.333e-01
20.720234 -4.478e+00 -7.568e-01 1.897e-03 4.778e-04 4.778e-04 4.778e-01 4.774e-04 4.774e-04 4.902e-01
20.730234 -4.507e+00 -7.178e-01 2.113e-03 4.732e-04 4.732e-04 4.732e-01 4.725e-04 4.725e-04 4.902e-01
20.740234 -4.541e+00 -6.592e-01 2.294e-03 2.879e-04 2.879e-04 2.879e-01 2.869e-04 2.869e-04 2.941e-01
20.750235 -4.565e+00 -6.006e-01 2.411e-03 -7.388e-06 -7.388e-06 -7.388e-03 -8.547e-06 -8.547e-06 1.961e-02
20.760233 -4.595e+00 -5.615e-01 2.487e-03 -2.998e-04 -2.998e-04 -2.998e-01 -3.016e-04 -3.016e-04 -2.941e-01
20.770235 -4.624e+00 -5.127e-01 2.498e-03 -4.778e-04 -4.778e-04 -4.778e-01 -4.799e-04 -4.799e-04 -4.510e-01
20.780235 -4.629e+00 -4.980e-01 2.504e-03 -4.732e-04 -4.732e-04 -4.732e-01 -4.750e-04 -4.750e-04 -4.510e-01
20.790234 -4.619e+00 -4.541e-01 2.504e-03 -2.879e-04 -2.879e-04 -2.879e-01 -2.894e-04 -2.894e-04 -2.549e-01
20.800234 -4.600e+00 -4.150e-01 2.557e-03 7.364e-06 7.364e-06 7.364e-03 6.105e-06 6.105e-06 1.961e-02
20.810234 -4.556e+00 -3.564e-01 2.644e-03 2.998e-04 2.998e-04 2.998e-01 2.991e-04 2.991e-04 3.333e-01
20.820234 -4.473e+00 -2.881e-01 2.781e-03 4.778e-04 4.778e-04 4.778e-01 4.774e-04 4.774e-04 4.902e-01
20.830235 -4.424e+00 -1.904e-01 2.892e-03 4.732e-04 4.732e-04 4.732e-01 4.725e-04 4.725e-04 4.902e-01
20.840233 -4.316e+00 -9.277e-02 2.980e-03 2.879e-04 2.879e-04 2.879e-01 2.869e-04 2.869e-04 2.941e-01
20.850233 -4.219e+00 -9.766e-03 3.006e-03 -7.340e-06 -7.340e-06 -7.340e-03 -8.547e-06 -8.547e-06 1.961e-02
20.860235 -4.126e+00 5.371e-02 2.986e-03 -2.999e-04 -2.999e-04 -2.999e-01 -3.016e-04 -3.016e-04 -2.941e-01
20.870234 -4.014e+00 1.123e-01 2.886e-03 -4.777e-04 -4.777e-04 -4.777e-01 -4.799e-04 -4.799e-04 -4.510e-01
20.880234 -3.945e+00 1.709e-01 2.770e-03 -4.732e-04 -4.732e-04 -4.732e-01 -4.750e-04 -4.750e-04 -4.510e-01
20.890234 -3.818e+00 2.246e-01 2.665e-03 -2.879e-04 -2.879e-04 -2.879e-01 -2.894e-04 -2.894e-04 -2.549e-01
20.900234 -3.711e+00 2.734e-01 2.606e-03 7.376e-06 7.376e-06 7.376e-03 6.105e-06 6.105e-06 1.961e-02
20.910234 -3.574e+00 3.320e-01 2.589e-03 2.998e-04 2.998e-04 2.998e-01 2.991e-04 2.991e-04 3.333e-01
20.920233 -3.428e+00 4.297e-01 2.580e-03 4.777e-04 4.777e-04 4.777e-01 4.774e-04 4.774e-04 4.902e-01
20.930233 -3.257e+00 4.883e-01 2.612e-03 4.732e-04 4.732e-04 4.732e-01 4.725e-04 4.725e-04 4.902e-01
20.940233 -3.101e+00 5.957e-01 2.571e-03 2.879e-04 2.879e-04 2.879e-01 2.869e-04 2.869e-04 2.941e-01
20.950233 -2.939e+00 6.592e-01 2.492e-03 -7.352e-06 -7.352e-06 -7.352e-03 -8.547e-06 -8.547e-06 1.961e-02
20.960234 -2.798e+00 7.129e-01 2.352e-03 -2.998e-04 -2.998e-04 -2.998e-01 -3.016e-04 -3.016e-04 -2.941e-01
20.970234 -2.642e+00 7.520e-01 2.157e-03 -4.778e-04 -4.778e-04 -4.778e-01 -4.799e-04 -4.799e-04 -4.510e-01
20.980234 -2.539e+00 7.666e-01 1.955e-03 -4.732e-04 -4.732e-04 -4.732e-01 -4.750e-04 -4.750e-04 -4.510e-01
20.990234 -2.397e+00 7.764e-01 1.772e-03 -2.879e-04 -2.879e-04 -2.879e-01 -2.894e-04 -2.894e-04 -2.549e-01
21.000235 -2.256e+00 7.910e-01 1.623e-03 7.388e-06 7.388e-06 7.388e-03 6.105e-06 6.105e-06 1.961e-02
21.010233 -2.139e+00 8.301e-01 1.503e-03 2.998e-04 2.998e-04 2.998e-01 2.991e-04 2.991e-04 3.333e-01
21.020233 -1.973e+00 8.545e-01 1.456e-03 4.777e-04 4.777e-04 4.777e-01 4.774e-04 4.774e-04 4.902e-01
21.030233 -1.851e+00 8.984e-01 1.383e-03 4.732e-04 4.732e-04 4.732e-01 4.725e-04 4.725e-04 4.902e-01
21.040234 -1.699e+00 9.277e-01 1.310e-03 2.879e-04 2.879e-04 2.879e-01 2.869e-04 2.869e-04 2.941e-01
21.050234 -1.582e+00 9.424e-01 1.182e-03 -7.364e-06 -7.364e-06 -7.364e-03 -8.547e-06 -8.547e-06 1.961e-02
21.060232 -1.465e+00 9.326e-01 1.013e-03 -2.998e-04 -2.998e-04 -2.998e-01 -3.016e-04 -3.016e-04 -2.941e-01
21.070232 -1.348e+00 9.180e-01 7.968e-04 -4.777e-04 -4.777e-04 -4.777e-01 -4.799e-04 -4.799e-04 -4.510e-01
21.080233 -1.260e+00 8.740e-01 5.662e-04 -4.732e-04 -4.732e-04 -4.732e-01 -4.750e-04 -4.750e-04 -4.510e-01
21.090235 -1.143e+00 8.301e-01 3.765e-04 -2.879e-04 -2.879e-04 -2.879e-01 -2.894e-04 -2.894e-04 -2.549e-01
21.100235 -1.030e+00 7.959e-01 2.131e-04 7.400e-06 7.400e-06 7.400e-03 6.105e-06 6.105e-06 1.961e-02
21.110235 -9.033e-01 7.617e-01 1.197e-04 2.999e-04 2.999e-04 2.999e-01 2.991e-04 2.991e-04 3.333e-01
21.120235 -7.568e-01 7.471e-01 7.296e-05 4.778e-04 4.778e-04 4.778e-01 4.774e-04 4.774e-04 4.902e-01
21.130234 -6.299e-01 7.422e-01 2.919e-05 4.732e-04 4.732e-04 4.732e-01 4.725e-04 4.725e-04 4.902e-01
21.140234 -4.736e-01 7.227e-01 -5.837e-06 2.879e-04 2.879e-04 2.879e-01 2.869e-04 2.869e-04 2.941e-01
21.150234 -3.564e-01 6.836e-01 -7.588e-05 -7.377e-06 -7.377e-06 -7.377e-03 -8.547e-06 -8.547e-06 1.961e-02
21.160234 -2.148e-01 6.396e-01 -2.014e-04 -2.998e-04 -2.998e-04 -2.998e-01 -3.016e-04 -3.016e-04 -2.941e-01
21.170233 -9.766e-02 5.908e-01 -3.677e-04 -4.777e-04 -4.777e-04 -4.777e-01 -4.799e-04 -4.799e-04 -4.510e-01
21.180235 -9.766e-03 5.176e-01 -5.312e-04 -4.732e-04 -4.732e-04 -4.732e-01 -4.750e-04 -4.750e-04 -4.510e-01
21.190233 9.277e-02 4.541e-01 -6.742e-04 -2.879e-04 -2.879e-04 -2.879e-01 -2.894e-04 -2.894e-04 -2.549e-01
21.200233 1.709e-01 4.199e-01 -7.793e-04 7.353e-06 7.353e-06 7.353e-03 6.105e-06 6.105e-06 1.961e-02
21.210234 2.637e-01 3.418e-01 -7.822e-04 2.998e-04 2.998e-04 2.998e-01 2.991e-04 2.991e-04 3.333e-01
21.220234 3.613e-01 3.271e-01 -7.676e-04 4.778e-04 4.778e-04 4.778e-01 4.774e-04 4.774e-04 4.902e-01
21.230234 4.639e-01 2.930e-01 -7.151e-04 4.732e-04 4.732e-04 4.732e-01 4.725e-04 4.725e-04 4.902e-01
21.240234 5.713e-01 2.686e-01 -6.771e-04 2.879e-04 2.879e-04 2.879e-01 2.869e-04 2.869e-04 2.941e-01
21.250235 6.543e-01 2.441e-01 -6.888e-04 -7.389e-06 -7.389e-06 -7.389e-03 -8.547e-06 -8.547e-06 1.961e-02
21.260233 7.227e-01 2.051e-01 -7.472e-04 -2.998e-04 -2.998e-04 -2.998e-01 -3.016e-04 -3.016e-04 -2.941e-01
21.270233 8.057e-01 1.562e-01 -8.376e-04 -4.777e-04 -4.777e-04 -4.777e-01 -4.799e-04 -4.799e-04 -4.510e-01
21.280233 8.350e-01 1.025e-01 -9.456e-04 -4.732e-04 -4.732e-04 -4.732e-01 -4.750e-04 -4.750e-04 -4.510e-01
21.290234 8.789e-01 4.395e-02 -1.010e-03 -2.879e-04 -2.879e-04 -2.879e-01 -2.894e-04 -2.894e-04 -2.549e-01
21.300234 9.180e-01 -9.766e-03 -1.022e-03 7.365e-06 7.365e-06 7.365e-03 6.105e-06 6.105e-06 1.961e-02
21.310234 9.375e-01 -4.395e-02 -9.806e-04 2.998e-04 2.998e-04 2.998e-01 2.991e-04 2.991e-04 3.333e-01
21.320234 1.001e+00 -5.371e-02 -8.989e-04 4.778e-04 4.778e-04 4.778e-01 4.774e-04 4.774e-04 4.902e-01
21.330235 1.040e+00 -5.371e-02 -7.997e-04 4.732e-04 4.732e-04 4.732e-01 4.725e-04 4.725e-04 4.902e-01
21.340235 1.099e+00 -5.371e-02 -7.034e-04 2.879e-04 2.879e-04 2.879e-01 2.869e-04 2.869e-04 2.941e-01
21.350235 1.138e+00 -5.859e-02 -6.684e-04 -7.401e-06 -7.401e-06 -7.401e-03 -8.547e-06 -8.547e-06 1.961e-02
21.360233 1.172e+00 -7.812e-02 -6.771e-04 -2.998e-04 -2.998e-04 -2.998e-01 -3.016e-04 -3.016e-04 -2.941e-01
21.370234 1.206e+00 -1.025e-01 -7.151e-04 -4.777e-04 -4.777e-04 -4.777e-01 -4.799e-04 -4.799e-04 -4.510e-01
21.380234 1.206e+00 -1.465e-01 -7.734e-04 -4.732e-04 -4.732e-04 -4.732e-01 -4.750e-04 -4.750e-04 -4.510e-01
21.390234 1.211e+00 -1.611e-01 -8.172e-04 -2.879e-04 -2.879e-04 -2.879e-01 -2.894e-04 -2.894e-04 -2.549e-01
21.400234 1.221e+00 -1.855e-01 -8.026e-04 7.377e-06 7.377e-06 7.377e-03 6.105e-06 6.105e-06 1.961e-02
21.410234 1.235e+00 -1.953e-01 -7.326e-04 2.998e-04 2.998e-04 2.998e-01 2.991e-04 2.991e-04 3.333e-01
21.420233 1.260e+00 -1.660e-01 -6.421e-04 4.777e-04 4.777e-04 4.777e-01 4.774e-04 4.774e-04 4.902e-01
21.430233 1.304e+00 -1.465e-01 -5.224e-04 4.732e-04 4.732e-04 4.732e-01 4.725e-04 4.725e-04 4.902e-01
21.440233 1.357e+00 -1.172e-01 -4.261e-04 2.879e-04 2.879e-04 2.879e-01 2.869e-04 2.869e-04 2.941e-01
21.450233 1.416e+00 -1.025e-01 -3.736e-04 -7.353e-06 -7.353e-06 -7.353e-03 -8.547e-06 -8.547e-06 1.961e-02
21.460236 1.450e+00 -8.789e-02 -3.882e-04 -2.999e-04 -2.999e-04 -2.999e-01 -3.016e-04 -3.016e-04 -2.941e-01
21.470234 1.519e+00 -9.277e-02 -4.320e-04 -4.778e-04 -4.778e-04 -4.778e-01 -4.799e-04 -4.799e-04 -4.510e-01
21.480234 1.523e+00 -9.766e-02 -4.962e-04 -4.732e-04 -4.732e-04 -4.732e-01 -4.750e-04 -4.750e-04 -4.510e-01
21.490234 1.572e+00 -1.025e-01 -5.429e-04 -2.879e-04 -2.879e-04 -2.879e-01 -2.894e-04 -2.894e-04 -2.549e-01
21.500235 1.621e+00 -9.277e-02 -5.458e-04 7.389e-06 7.389e-06 7.389e-03 6.105e-06 6.105e-06 1.961e-02
21.510235 1.699e+00 -7.324e-02 -5.049e-04 2.998e-04 2.998e-04 2.998e-01 2.991e-04 2.991e-04 3.333e-01
21.520235 1.802e+00 -1.953e-02 -4.349e-04 4.778e-04 4.778e-04 4.778e-01 4.774e-04 4.774e-04 4.902e-01
21.530233 1.909e+00 1.953e-02 -3.356e-04 4.732e-04 4.732e-04 4.732e-01 4.725e-04 4.725e-04 4.902e-01
21.540234 2.036e+00 7.812e-02 -2.743e-04 2.879e-04 2.879e-04 2.879e-01 2.869e-04 2.869e-04 2.941e-01
21.550234 2.144e+00 1.172e-01 -2.568e-04 -7.365e-06 -7.365e-06 -7.365e-03 -8.547e-06 -8.547e-06 1.961e-02
21.560232 2.241e+00 1.416e-01 -2.948e-04 -2.998e-04 -2.998e-04 -2.998e-01 -3.016e-04 -3.016e-04 -2.941e-01
21.570234 2.339e+00 1.709e-01 -3.911e-04 -4.778e-04 -4.778e-04 -4.778e-01 -4.799e-04 -4.799e-04 -4.510e-01
21.580235 2.407e+00 1.758e-01 -5.049e-04 -4.732e-04 -4.732e-04 -4.732e-01 -4.750e-04 -4.750e-04 -4.510e-01
21.590235 2.490e+00 1.904e-01 -5.896e-04 -2.879e-04 -2.879e-04 -2.879e-01 -2.894e-04 -2.894e-04 -2.549e-01
21.600235 2.573e+00 2.100e-01 -6.508e-04 7.401e-06 7.401e-06 7.401e-03 6.105e-06 6.105e-06 1.961e-02
21.610235 2.666e+00 2.393e-01 -6.567e-04 2.999e-04 2.999e-04 2.999e-01 2.991e-04 2.991e-04 3.333e-01
21.620234 2.773e+00 2.979e-01 -6.304e-04 4.777e-04 4.777e-04 4.777e-01 4.774e-04 4.774e-04 4.902e-01
21.630238 2.886e+00 3.369e-01 -5.896e-04 4.732e-04 4.732e-04 4.732e-01 4.725e-04 4.725e-04 4.902e-01
21.640234 3.022e+00 3.906e-01 -5.750e-04 2.879e-04 2.879e-04 2.879e-01 2.869e-04 2.869e-04 2.941e-01
21.650234 3.120e+00 4.248e-01 -6.100e-04 -7.377e-06 -7.377e-06 -7.377e-03 -8.547e-06 -8.547e-06 1.961e-02
21.660234 3.223e+00 4.541e-01 -7.121e-04 -2.998e-04 -2.998e-04 -2.998e-01 -3.016e-04 -3.016e-04 -2.941e-01
21.670233 3.311e+00 4.639e-01 -8.464e-04 -4.777e-04 -4.777e-04 -4.777e-01 -4.799e-04 -4.799e-04 -4.510e-01
21.680235 3.369e+00 4.541e-01 -1.001e-03 -4.732e-04 -4.732e-04 -4.732e-01 -4.750e-04 -4.750e-04 -4.510e-01
21.690233 3.447e+00 4.639e-01 -1.147e-03 -2.879e-04 -2.879e-04 -2.879e-01 -2.894e-04 -2.894e-04 -2.549e-01
21.700233 3.511e+00 4.443e-01 -1.235e-03 7.353e-06 7.353e-06 7.353e-03 6.105e-06 6.105e-06 1.961e-02
21.710234 3.589e+00 4.639e-01 -1.287e-03 2.998e-04 2.998e-04 2.998e-01 2.991e-04 2.991e-04 3.333e-01
21.720234 3.687e+00 4.883e-01 -1.287e-03 4.778e-04 4.778e-04 4.778e-01 4.774e-04 4.774e-04 4.902e-01
21.730234 3.770e+00 5.029e-01 -1.270e-03 4.732e-04 4.732e-04 4.732e-01 4.725e-04 4.725e-04 4.902e-01
21.740232 3.862e+00 5.371e-01 -1.284e-03 2.879e-04 2.879e-04 2.879e-01 2.869e-04 2.869e-04 2.941e-01
21.750233 3.926e+00 5.518e-01 -1.345e-03 -7.329e-06 -7.329e-06 -7.329e-03 -8.547e-06 -8.547e-06 1.961e-02
21.760235 3.979e+00 5.518e-01 -1.471e-03 -2.998e-04 -2.998e-04 -2.998e-01 -3.016e-04 -3.016e-04 -2.941e-01
21.770233 4.033e+00 5.273e-01 -1.602e-03 -4.777e-04 -4.777e-04 -4.777e-01 -4.799e-04 -4.799e-04 -4.510e-01
21.780235 4.053e+00 5.078e-01 -1.789e-03 -4.732e-04 -4.732e-04 -4.732e-01 -4.750e-04 -4.750e-04 -4.510e-01
21.790236 4.067e+00 4.688e-01 -1.926e-03 -2.879e-04 -2.879e-04 -2.879e-01 -2.894e-04 -2.894e-04 -2.549e-01
21.800234 4.097e+00 4.346e-01 -2.011e-03 7.365e-06 7.365e-06 7.365e-03 6.105e-06 6.105e-06 1.961e-02
21.810232 4.131e+00 3.906e-01 -2.031e-03 2.998e-04 2.998e-04 2.998e-01 2.991e-04 2.991e-04 3.333e-01
21.820234 4.146e+00 3.809e-01 -2.011e-03 4.778e-04 4.778e-04 4.778e-01 4.774e-04 4.774e-04 4.902e-01
21.830233 4.170e+00 3.760e-01 -1.985e-03 4.732e-04 4.732e-04 4.732e-01 4.725e-04 4.725e-04 4.902e-01
21.840235 4.180e+00 3.760e-01 -1.973e-03 2.879e-04 2.879e-04 2.879e-01 2.869e-04 2.869e-04 2.941e-01
21.850233 4.189e+00 3.564e-01 -2.002e-03 -7.341e-06 -7.341e-06 -7.341e-03 -8.547e-06 -8.547e-06 1.961e-02
21.860233 4.170e+00 3.271e-01 -2.081e-03 -2.998e-04 -2.998e-04 -2.998e-01 -3.016e-04 -3.016e-04 -2.941e-01
21.870235 4.141e+00 2.881e-01 -2.201e-03 -4.778e-04 -4.778e-04 -4.778e-01 -4.799e-04 -4.799e-04 -4.510e-01
21.880234 4.102e+00 2.148e-01 -2.312e-03 -4.732e-04 -4.732e-04 -4.732e-01 -4.750e-04 -4.750e-04 -4.510e-01
21.890234 4.062e+00 1.660e-01 -2.405e-03 -2.879e-04 -2.879e-04 -2.879e-01 -2.894e-04 -2.894e-04 -2.549e-01
21.900234 3.999e+00 1.074e-01 -2.440e-03 7.377e-06 7.377e-06 7.377e-03 6.105e-06 6.105e-06 1.961e-02
21.910234 3.955e+00 5.371e-02 -2.414e-03 2.998e-04 2.998e-04 2.998e-01 2.991e-04 2.991e-04 3.333e-01
21.920233 3.911e+00 3.418e-02 -2.344e-03 4.777e-04 4.777e-04 4.777e-01 4.774e-04 4.774e-04 4.902e-01
21.930233 3.862e+00 -4.883e-03 -2.244e-03 4.732e-04 4.732e-04 4.732e-01 4.725e-04 4.725e-04 4.902e-01
21.940233 3.828e+00 -1.465e-02 -2.169e-03 2.879e-04 2.879e-04 2.879e-01 2.869e-04 2.869e-04 2.941e-01
21.950235 3.765e+00 -3.906e-02 -2.136e-03 -7.413e-06 -7.413e-06 -7.413e-03 -8.547e-06 -8.547e-06 1.961e-02
21.960234 3.687e+00 -9.766e-02 -2.136e-03 -2.998e-04 -2.998e-04 -2.998e-01 -3.016e-04 -3.016e-04 -2.941e-01
21.970234 3.604e+00 -1.172e-01 -2.198e-03 -4.778e-04 -4.778e-04 -4.778e-01 -4.799e-04 -4.799e-04 -4.510e-01
21.980234 3.501e+00 -1.953e-01 -2.247e-03 -4.732e-04 -4.732e-04 -4.732e-01 -4.750e-04 -4.750e-04 -4.510e-01
21.990234 3.408e+00 -2.588e-01 -2.262e-03 -2.879e-04 -2.879e-04 -2.879e-01 -2.894e-04 -2.894e-04 -2.549e-01
22.000237 3.301e+00 -3.125e-01 -2.230e-03 7.449e-06 7.449e-06 7.449e-03 6.105e-06 6.105e-06 1.961e-02
22.010235 3.218e+00 -3.467e-01 -2.142e-03 2.998e-04 2.998e-04 2.998e-01 2.991e-04 2.991e-04 3.333e-01
22.020235 3.145e+00 -3.613e-01 -2.005e-03 4.778e-04 4.778e-04 4.778e-01 4.774e-04 4.774e-04 4.902e-01
22.030235 3.076e+00 -3.711e-01 -1.859e-03 4.732e-04 4.732e-04 4.732e-01 4.725e-04 4.725e-04 4.902e-01
22.040234 3.003e+00 -3.809e-01 -1.719e-03 2.879e-04 2.879e-04 2.879e-01 2.869e-04 2.869e-04 2.941e-01
22.050234 2.925e+00 -3.809e-01 -1.631e-03 -7.365e-06 -7.365e-06 -7.365e-03 -8.547e-06 -8.547e-06 1.961e-02
22.060234 2.827e+00 -4.004e-01 -1.591e-03 -2.998e-04 -2.998e-04 -2.998e-01 -3.016e-04 -3.016e-04 -2.941e-01
22.070232 2.764e+00 -4.346e-01 -1.570e-03 -4.777e-04 -4.777e-04 -4.777e-01 -4.799e-04 -4.799e-04 -4.510e-01
22.080235 2.666e+00 -4.834e-01 -1.579e-03 -4.732e-04 -4.732e-04 -4.732e-01 -4.750e-04 -4.750e-04 -4.510e-01
22.090235 2.559e+00 -5.029e-01 -1.567e-03 -2.879e-04 -2.879e-04 -2.879e-01 -2.894e-04 -2.894e-04 -2.549e-01
22.100235 2.476e+00 -5.273e-01 -1.500e-03 7.401e-06 7.401e-06 7.401e-03 6.105e-06 6.105e-06 1.961e-02
22.110235 2.402e+00 -5.322e-01 -1.383e-03 2.999e-04 2.999e-04 2.999e-01 2.991e-04 2.991e-04 3.333e-01
22.120235 2.354e+00 -5.127e-01 -1.226e-03 4.778e-04 4.778e-04 4.778e-01 4.774e-04 4.774e-04 4.902e-01
22.130234 2.305e+00 -4.834e-01 -1.065e-03 4.732e-04 4.732e-04 4.732e-01 4.725e-04 4.725e-04 4.902e-01
22.140234 2.285e+00 -4.541e-01 -9.048e-04 2.879e-04 2.879e-04 2.879e-01 2.869e-04 2.869e-04 2.941e-01
22.150234 2.246e+00 -4.346e-01 -8.026e-04 -7.377e-06 -7.377e-06 -7.377e-03 -8.547e-06 -8.547e-06 1.961e-02
22.160236 2.212e+00 -4.199e-01 -7.501e-04 -2.999e-04 -2.999e-04 -2.999e-01 -3.016e-04 -3.016e-04 -2.941e-01
22.170235 2.168e+00 -4.102e-01 -7.530e-04 -4.778e-04 -4.778e-04 -4.778e-01 -4.799e-04 -4.799e-04 -4.510e-01
22.180235 2.124e+00 -4.053e-01 -7.734e-04 -4.732e-04 -4.732e-04 -4.732e-01 -4.750e-04 -4.750e-04 -4.510e-01
22.190233 2.090e+00 -4.004e-01 -7.734e-04 -2.879e-04 -2.879e-04 -2.879e-01 -2.894e-04 -2.894e-04 -2.549e-01
22.200233 2.080e+00 -3.809e-01 -7.326e-04 7.353e-06 7.353e-06 7.353e-03 6.105e-06 6.105e-06 1.961e-02
22.210234 2.080e+00 -3.564e-01 -6.392e-04 2.998e-04 2.998e-04 2.998e-01 2.991e-04 2.991e-04 3.333e-01
22.220234 2.104e+00 -2.979e-01 -5.224e-04 4.778e-04 4.778e-04 4.778e-01 4.774e-04 4.774e-04 4.902e-01
22.230234 2.124e+00 -2.393e-01 -3.940e-04 4.732e-04 4.732e-04 4.732e-01 4.725e-04 4.725e-04 4.902e-01
22.240234 2.188e+00 -1.807e-01 -2.773e-04 2.879e-04 2.879e-04 2.879e-01 2.869e-04 2.869e-04 2.941e-01
22.250235 2.222e+00 -1.318e-01 -2.189e-04 -7.389e-06 -7.389e-06 -7.389e-03 -8.547e-06 -8.547e-06 1.961e-02
22.260233 2.266e+00 -8.789e-02 -2.277e-04 -2.998e-04 -2.998e-04 -2.998e-01 -3.016e-04 -3.016e-04 -2.941e-01
22.270235 2.300e+00 -5.371e-02 -2.831e-04 -4.778e-04 -4.778e-04 -4.778e-01 -4.799e-04 -4.799e-04 -4.510e-01
22.280233 2.314e+00 -2.441e-02 -3.736e-04 -4.732e-04 -4.732e-04 -4.732e-01 -4.750e-04 -4.750e-04 -4.510e-01
22.290234 2.378e+00 -4.883e-03 -4.290e-04 -2.879e-04 -2.879e-04 -2.879e-01 -2.894e-04 -2.894e-04 -2.549e-01
22.300234 2.437e+00 2.930e-02 -4.582e-04 7.366e-06 7.366e-06 7.366e-03 6.105e-06 6.105e-06 1.961e-02
22.310234 2.505e+00 6.348e-02 -4.261e-04 2.998e-04 2.998e-04 2.998e-01 2.991e-04 2.991e-04 3.333e-01
22.320232 2.598e+00 1.318e-01 -3.794e-04 4.777e-04 4.777e-04 4.777e-01 4.774e-04 4.774e-04 4.902e-01
22.330235 2.700e+00 1.855e-01 -3.094e-04 4.732e-04 4.732e-04 4.732e-01 4.725e-04 4.725e-04 4.902e-01
22.340233 2.793e+00 2.637e-01 -2.773e-04 2.879e-04 2.879e-04 2.879e-01 2.869e-04 2.869e-04 2.941e-01
22.350233 2.886e+00 3.271e-01 -3.065e-04 -7.342e-06 -7.342e-06 -7.342e-03 -8.547e-06 -8.547e-06 1.961e-02
22.360235 2.988e+00 3.662e-01 -3.911e-04 -2.999e-04 -2.999e-04 -2.999e-01 -3.016e-04 -3.016e-04 -2.941e-01
22.370234 3.071e+00 4.053e-01 -5.224e-04 -4.777e-04 -4.777e-04 -4.777e-01 -4.799e-04 -4.799e-04 -4.510e-01
22.380234 3.130e+00 4.150e-01 -6.800e-04 -4.732e-04 -4.732e-04 -4.732e-01 -4.750e-04 -4.750e-04 -4.510e-01
22.390234 3.237e+00 4.297e-01 -8.085e-04 -2.879e-04 -2.879e-04 -2.879e-01 -2.894e-04 -2.894e-04 -2.549e-01
22.400234 3.335e+00 4.395e-01 -8.931e-04 7.378e-06 7.378e-06 7.378e-03 6.105e-06 6.105e-06 1.961e-02
22.410234 3.433e+00 4.639e-01 -9.398e-04 2.998e-04 2.998e-04 2.998e-01 2.991e-04 2.991e-04 3.333e-01
22.420235 3.525e+00 5.078e-01 -9.485e-04 4.778e-04 4.778e-04 4.778e-01 4.774e-04 4.774e-04 4.902e-01
22.430235 3.633e+00 5.371e-01 -9.369e-04 4.732e-04 4.732e-04 4.732e-01 4.725e-04 4.725e-04 4.902e-01
22.440235 3.745e+00 5.957e-01 -9.631e-04 2.879e-04 2.879e-04 2.879e-01 2.869e-04 2.869e-04 2.941e-01
22.450233 3.838e+00 6.201e-01 -1.036e-03 -7.354e-06 -7.354e-06 -7.354e-03 -8.547e-06 -8.547e-06 1.961e-02
22.460234 3.921e+00 6.299e-01 -1.156e-03 -2.998e-04 -2.998e-04 -2.998e-01 -3.016e-04 -3.016e-04 -2.941e-01
22.470234 3.999e+00 6.201e-01 -1.325e-03 -4.778e-04 -4.778e-04 -4.778e-01 -4.799e-04 -4.799e-04 -4.510e-01
22.480234 4.048e+00 5.957e-01 -1.509e-03 -4.732e-04 -4.732e-04 -4.732e-01 -4.750e-04 -4.750e-04 -4.510e-01
22.490234 4.106e+00 5.859e-01 -1.672e-03 -2.879e-04 -2.879e-04 -2.879e-01 -2.894e-04 -2.894e-04 -2.549e-01
22.500235 4.160e+00 5.664e-01 -1.786e-03 7.390e-06 7.390e-06 7.390e-03 6.105e-06 6.105e-06 1.961e-02
22.510235 4.209e+00 5.518e-01 -1.842e-03 2.998e-04 2.998e-04 2.998e-01 2.991e-04 2.991e-04 3.333e-01
22.520233 4.263e+00 5.615e-01 -1.853e-03 4.777e-04 4.777e-04 4.777e-01 4.774e-04 4.774e-04 4.902e-01
22.530233 4.316e+00 5.469e-01 -1.847e-03 4.732e-04 4.732e-04 4.732e-01 4.725e-04 4.725e-04 4.902e-01
22.540234 4.365e+00 5.566e-01 -1.877e-03 2.879e-04 2.879e-04 2.879e-01 2.869e-04 2.869e-04 2.941e-01
22.550234 4.404e+00 5.469e-01 -1.935e-03 -7.366e-06 -7.366e-06 -7.366e-03 -8.547e-06 -8.547e-06 1.961e-02
22.560234 4.424e+00 5.127e-01 -2.031e-03 -2.998e-04 -2.998e-04 -2.998e-01 -3.016e-04 -3.016e-04 -2.941e-01
22.570234 4.434e+00 4.639e-01 -2.169e-03 -4.778e-04 -4.778e-04 -4.778e-01 -4.799e-04 -4.799e-04 -4.510e-01
22.580235 4.399e+00 4.053e-01 -2.320e-03 -4.732e-04 -4.732e-04 -4.732e-01 -4.750e-04 -4.750e-04 -4.510e-01
22.590233 4.365e+00 3.516e-01 -2.443e-03 -2.879e-04 -2.879e-04 -2.879e-01 -2.894e-04 -2.894e-04 -2.549e-01
22.600233 4.326e+00 2.979e-01 -2.522e-03 7.342e-06 7.342e-06 7.342e-03 6.105e-06 6.105e-06 1.961e-02
22.610235 4.312e+00 2.490e-01 -2.525e-03 2.999e-04 2.999e-04 2.999e-01 2.991e-04 2.991e-04 3.333e-01
22.620234 4.282e+00 2.246e-01 -2.487e-03 4.777e-04 4.777e-04 4.778e-01 4.774e-04 4.774e-04 4.902e-01
22.630234 4.248e+00 1.855e-01 -2.422e-03 4.732e-04 4.732e-04 4.732e-01 4.725e-04 4.725e-04 4.902e-01
22.640234 4.229e+00 1.709e-01 -2.379e-03 2.879e-04 2.879e-04 2.879e-01 2.869e-04 2.869e-04 2.941e-01
22.650234 4.175e+00 1.367e-01 -2.373e-03 -7.378e-06 -7.378e-06 -7.378e-03 -8.547e-06 -8.547e-06 1.961e-02
22.660234 4.111e+00 7.812e-02 -2.402e-03 -2.998e-04 -2.998e-04 -2.998e-01 -3.016e-04 -3.016e-04 -2.941e-01
22.670235 4.033e+00 1.953e-02 -2.472e-03 -4.778e-04 -4.778e-04 -4.778e-01 -4.799e-04 -4.799e-04 -4.510e-01
22.680235 3.916e+00 -6.836e-02 -2.533e-03 -4.732e-04 -4.732e-04 -4.732e-01 -4.750e-04 -4.750e-04 -4.510e-01
22.690235 3.818e+00 -1.270e-01 -2.586e-03 -2.879e-04 -2.879e-04 -2.879e-01 -2.894e-04 -2.894e-04 -2.549e-01
22.700233 3.716e+00 -2.002e-01 -2.574e-03 7.354e-06 7.354e-06 7.354e-03 6.105e-06 6.105e-06 1.961e-02
22.710234 3.613e+00 -2.393e-01 -2.507e-03 2.998e-04 2.998e-04 2.998e-01 2.991e-04 2.991e-04 3.333e-01
22.720236 3.535e+00 -2.783e-01 -2.387e-03 4.778e-04 4.778e-04 4.778e-01 4.774e-04 4.774e-04 4.902e-01
22.730234 3.447e+00 -3.076e-01 -2.247e-03 4.732e-04 4.732e-04 4.732e-01 4.725e-04 4.725e-04 4.902e-01
22.740234 3.364e+00 -3.223e-01 -2.113e-03 2.879e-04 2.879e-04 2.879e-01 2.869e-04 2.869e-04 2.941e-01
22.750233 3.262e+00 -3.564e-01 -2.023e-03 -7.330e-06 -7.330e-06 -7.330e-03 -8.547e-06 -8.547e-06 1.961e-02
22.760233 3.149e+00 -3.857e-01 -1.990e-03 -2.998e-04 -2.998e-04 -2.998e-01 -3.016e-04 -3.016e-04 -2.941e-01
22.770235 3.052e+00 -4.346e-01 -1.979e-03 -4.778e-04 -4.778e-04 -4.778e-01 -4.799e-04 -4.799e-04 -4.510e-01
22.780235 2.925e+00 -4.932e-01 -1.979e-03 -4.732e-04 -4.732e-04 -4.732e-01 -4.750e-04 -4.750e-04 -4.510e-01
22.790234 2.808e+00 -5.322e-01 -1.964e-03 -2.879e-04 -2.879e-04 -2.879e-01 -2.894e-04 -2.894e-04 -2.549e-01
22.800234 2.690e+00 -5.811e-01 -1.888e-03 7.366e-06 7.366e-06 7.366e-03 6.105e-06 6.105e-06 1.961e-02
22.810234 2.593e+00 -6.006e-01 -1.757e-03 2.998e-04 2.998e-04 2.998e-01 2.991e-04 2.991e-04 3.333e-01
22.820234 2.510e+00 -6.055e-01 -1.573e-03 4.778e-04 4.778e-04 4.778e-01 4.774e-04 4.774e-04 4.902e-01
22.830233 2.417e+00 -6.055e-01 -1.375e-03 4.732e-04 4.732e-04 4.732e-01 4.725e-04 4.725e-04 4.902e-01
22.840235 2.349e+00 -5.811e-01 -1.214e-03 2.879e-04 2.879e-04 2.879e-01 2.869e-04 2.869e-04 2.941e-01
22.850235 2.285e+00 -5.713e-01 -1.097e-03 -7.402e-06 -7.402e-06 -7.402e-03 -8.547e-06 -8.547e-06 1.961e-02
22.860233 2.217e+00 -5.664e-01 -1.030e-03 -2.998e-04 -2.998e-04 -2.998e-01 -3.016e-04 -3.016e-04 -2.941e-01
22.870234 2.139e+00 -5.615e-01 -1.004e-03 -4.778e-04 -4.778e-04 -4.778e-01 -4.799e-04 -4.799e-04 -4.510e-01
22.880234 2.056e+00 -5.908e-01 -9.865e-04 -4.732e-04 -4.732e-04 -4.732e-01 -4.750e-04 -4.750e-04 -4.510e-01
22.890234 2.002e+00 -5.908e-01 -9.573e-04 -2.879e-04 -2.879e-04 -2.879e-01 -2.894e-04 -2.894e-04 -2.549e-01
22.900234 1.938e+00 -5.859e-01 -8.843e-04 7.378e-06 7.378e-06 7.378e-03 6.105e-06 6.105e-06 1.961e-02
22.910234 1.895e+00 -5.518e-01 -7.647e-04 2.998e-04 2.998e-04 2.998e-01 2.991e-04 2.991e-04 3.333e-01
22.920235 1.895e+00 -5.176e-01 -5.954e-04 4.778e-04 4.778e-04 4.778e-01 4.774e-04 4.774e-04 4.902e-01
22.930235 1.875e+00 -4.541e-01 -4.436e-04 4.732e-04 4.732e-04 4.732e-01 4.725e-04 4.725e-04 4.902e-01
22.940233 1.904e+00 -3.955e-01 -3.065e-04 2.879e-04 2.879e-04 2.879e-01 2.869e-04 2.869e-04 2.941e-01
22.950233 1.919e+00 -3.467e-01 -2.072e-04 -7.354e-06 -7.354e-06 -7.354e-03 -8.547e-06 -8.547e-06 1.961e-02
22.960234 1.934e+00 -3.076e-01 -1.722e-04 -2.998e-04 -2.998e-04 -2.998e-01 -3.016e-04 -3.016e-04 -2.941e-01
22.970234 1.943e+00 -2.734e-01 -1.955e-04 -4.778e-04 -4.778e-04 -4.778e-01 -4.799e-04 -4.799e-04 -4.510e-01
22.980234 1.958e+00 -2.490e-01 -2.422e-04 -4.732e-04 -4.732e-04 -4.732e-01 -4.750e-04 -4.750e-04 -4.510e-01
22.990234 1.987e+00 -2.148e-01 -2.743e-04 -2.879e-04 -2.879e-04 -2.879e-01 -2.894e-04 -2.894e-04 -2.549e-01
23.000235 2.021e+00 -1.855e-01 -2.568e-04 7.390e-06 7.390e-06 7.390e-03 6.105e-06 6.105e-06 1.961e-02
23.010233 2.075e+00 -1.270e-01 -2.072e-04 2.998e-04 2.998e-04 2.998e-01 2.991e-04 2.991e-04 3.333e-01
23.020233 2.163e+00 -4.883e-02 -1.226e-04 4.777e-04 4.777e-04 4.777e-01 4.774e-04 4.774e-04 4.902e-01
23.030235 2.227e+00 2.930e-02 -4.962e-05 4.732e-04 4.732e-04 4.732e-01 4.725e-04 4.725e-04 4.902e-01
23.040234 2.363e+00 9.766e-02 2.627e-05 2.879e-04 2.879e-04 2.879e-01 2.869e-04 2.869e-04 2.941e-01
23.050234 2.451e+00 1.660e-01 3.210e-05 -7.366e-06 -7.366e-06 -7.366e-03 -8.547e-06 -8.547e-06 1.961e-02
23.060234 2.549e+00 2.148e-01 -2.335e-05 -2.998e-04 -2.998e-04 -2.998e-01 -3.016e-04 -3.016e-04 -2.941e-01
23.070234 2.642e+00 2.686e-01 -1.372e-04 -4.778e-04 -4.778e-04 -4.778e-01 -4.799e-04 -4.799e-04 -4.510e-01
23.080233 2.715e+00 2.979e-01 -2.714e-04 -4.732e-04 -4.732e-04 -4.732e-01 -4.750e-04 -4.750e-04 -4.510e-01
23.090233 2.808e+00 3.418e-01 -4.028e-04 -2.879e-04 -2.879e-04 -2.879e-01 -2.894e-04 -2.894e-04 -2.549e-01
23.100235 2.905e+00 3.662e-01 -4.757e-04 7.402e-06 7.402e-06 7.402e-03 6.105e-06 6.105e-06 1.961e-02
23.110233 3.032e+00 4.150e-01 -5.108e-04 2.998e-04 2.998e-04 2.998e-01 2.991e-04 2.991e-04 3.333e-01
23.120234 3.159e+00 4.688e-01 -5.049e-04 4.778e-04 4.778e-04 4.778e-01 4.774e-04 4.774e-04 4.902e-01
23.130234 3.286e+00 5.225e-01 -4.932e-04 4.732e-04 4.732e-04 4.732e-01 4.725e-04 4.725e-04 4.902e-01
23.140234 3.438e+00 6.006e-01 -5.312e-04 2.879e-04 2.879e-04 2.879e-01 2.869e-04 2.869e-04 2.941e-01
23.150234 3.560e+00 6.348e-01 -6.012e-04 -7.378e-06 -7.378e-06 -7.378e-03 -8.547e-06 -8.547e-06 1.961e-02
23.160234 3.667e+00 6.689e-01 -7.326e-04 -2.998e-04 -2.998e-04 -2.998e-01 -3.016e-04 -3.016e-04 -2.941e-01
23.170235 3.774e+00 6.934e-01 -9.194e-04 -4.778e-04 -4.778e-04 -4.778e-01 -4.799e-04 -4.799e-04 -4.510e-01
23.180233 3.857e+00 7.031e-01 -1.127e-03 -4.732e-04 -4.732e-04 -4.732e-01 -4.750e-04 -4.750e-04 -4.510e-01
23.190235 3.960e+00 6.836e-01 -1.287e-03 -2.879e-04 -2.879e-04 -2.879e-01 -2.894e-04 -2.894e-04 -2.549e-01
23.200233 4.038e+00 6.787e-01 -1.421e-03 7.354e-06 7.354e-06 7.354e-03 6.105e-06 6.105e-06 1.961e-02
23.210234 4.136e+00 6.836e-01 -1.497e-03 2.998e-04 2.998e-04 2.998e-01 2.991e-04 2.991e-04 3.333e-01
23.220234 4.233e+00 7.031e-01 -1.535e-03 4.778e-04 4.778e-04 4.778e-01 4.774e-04 4.774e-04 4.902e-01
23.230236 4.326e+00 7.080e-01 -1.559e-03 4.732e-04 4.732e-04 4.732e-01 4.725e-04 4.725e-04 4.902e-01
23.240234 4.424e+00 7.373e-01 -1.605e-03 2.879e-04 2.879e-04 2.879e-01 2.869e-04 2.869e-04 2.941e-01
23.250233 4.478e+00 7.422e-01 -1.702e-03 -7.330e-06 -7.330e-06 -7.330e-03 -8.547e-06 -8.547e-06 1.961e-02
23.260235 4.546e+00 7.178e-01 -1.839e-03 -2.998e-04 -2.998e-04 -2.998e-01 -3.016e-04 -3.016e-04 -2.941e-01
23.270235 4.585e+00 6.885e-01 -2.017e-03 -4.778e-04 -4.778e-04 -4.778e-01 -4.799e-04 -4.799e-04 -4.510e-01
23.280233 4.580e+00 6.396e-01 -2.209e-03 -4.732e-04 -4.732e-04 -4.732e-01 -4.750e-04 -4.750e-04 -4.510e-01
23.290234 4.614e+00 5.859e-01 -2.358e-03 -2.879e-04 -2.879e-04 -2.879e-01 -2.894e-04 -2.894e-04 -2.549e-01
23.300234 4.619e+00 5.273e-01 -2.466e-03 7.366e-06 7.366e-06 7.366e-03 6.105e-06 6.105e-06 1.961e-02
23.310234 4.619e+00 4.834e-01 -2.510e-03 2.998e-04 2.998e-04 2.998e-01 2.991e-04 2.991e-04 3.333e-01
23.320234 4.629e+00 4.541e-01 -2.513e-03 4.778e-04 4.778e-04 4.778e-01 4.774e-04 4.774e-04 4.902e-01
23.330235 4.624e+00 4.248e-01 -2.487e-03 4.732e-04 4.732e-04 4.732e-01 4.725e-04 4.725e-04 4.902e-01
23.340235 4.614e+00 4.053e-01 -2.478e-03 2.879e-04 2.879e-04 2.879e-01 2.869e-04 2.869e-04 2.941e-01
23.350233 4.595e+00 3.613e-01 -2.510e-03 -7.343e-06 -7.343e-06 -7.343e-03 -8.547e-06 -8.547e-06 1.961e-02
23.360233 4.551e+00 3.076e-01 -2.583e-03 -2.998e-04 -2.998e-04 -2.998e-01 -3.016e-04 -3.016e-04 -2.941e-01
23.370234 4.482e+00 2.393e-01 -2.685e-03 -4.778e-04 -4.778e-04 -4.778e-01 -4.799e-04 -4.799e-04 -4.510e-01
23.380234 4.399e+00 1.367e-01 -2.776e-03 -4.732e-04 -4.732e-04 -4.732e-01 -4.750e-04 -4.750e-04 -4.510e-01
23.390234 4.312e+00 7.324e-02 -2.866e-03 -2.879e-04 -2.879e-04 -2.879e-01 -2.894e-04 -2.894e-04 -2.549e-01
23.400234 4.209e+00 -4.883e-03 -2.884e-03 7.379e-06 7.379e-06 7.379e-03 6.105e-06 6.105e-06 1.961e-02
23.410234 4.116e+00 -6.348e-02 -2.849e-03 2.998e-04 2.998e-04 2.998e-01 2.991e-04 2.991e-04 3.333e-01
23.420233 4.028e+00 -1.123e-01 -2.758e-03 4.777e-04 4.777e-04 4.777e-01 4.774e-04 4.774e-04 4.902e-01
23.430233 3.936e+00 -1.514e-01 -2.641e-03 4.732e-04 4.732e-04 4.732e-01 4.725e-04 4.725e-04 4.902e-01
23.440235 3.862e+00 -1.904e-01 -2.530e-03 2.879e-04 2.879e-04 2.879e-01 2.869e-04 2.869e-04 2.941e-01
23.450233 3.745e+00 -2.393e-01 -2.460e-03 -7.355e-06 -7.355e-06 -7.355e-03 -8.547e-06 -8.547e-06 1.961e-02
23.460234 3.633e+00 -2.930e-01 -2.437e-03 -2.998e-04 -2.998e-04 -2.998e-01 -3.016e-04 -3.016e-04 -2.941e-01
23.470234 3.506e+00 -3.613e-01 -2.443e-03 -4.778e-04 -4.778e-04 -4.778e-01 -4.799e-04 -4.799e-04 -4.510e-01
23.480234 3.335e+00 -4.346e-01 -2.455e-03 -4.732e-04 -4.732e-04 -4.732e-01 -4.750e-04 -4.750e-04 -4.510e-01
23.490236 3.208e+00 -5.127e-01 -2.425e-03 -2.878e-04 -2.878e-04 -2.878e-01 -2.894e-04 -2.894e-04 -2.549e-01
23.500235 3.062e+00 -5.615e-01 -2.370e-03 7.391e-06 7.391e-06 7.391e-03 6.105e-06 6.105e-06 1.961e-02
23.510235 2.935e+00 -6.104e-01 -2.230e-03 2.998e-04 2.998e-04 2.998e-01 2.991e-04 2.991e-04 3.333e-01
23.520233 2.817e+00 -6.250e-01 -2.066e-03 4.777e-04 4.777e-04 4.777e-01 4.774e-04 4.774e-04 4.902e-01
23.530233 2.715e+00 -6.543e-01 -1.856e-03 4.732e-04 4.732e-04 4.732e-01 4.725e-04 4.725e-04 4.902e-01
23.540234 2.617e+00 -6.543e-01 -1.678e-03 2.879e-04 2.879e-04 2.879e-01 2.869e-04 2.869e-04 2.941e-01
23.550234 2.485e+00 -6.592e-01 -1.541e-03 -7.367e-06 -7.367e-06 -7.367e-03 -8.547e-06 -8.547e-06 1.961e-02
23.560234 2.373e+00 -6.787e-01 -1.448e-03 -2.998e-04 -2.998e-04 -2.998e-01 -3.016e-04 -3.016e-04 -2.941e-01
23.570234 2.261e+00 -6.885e-01 -1.416e-03 -4.778e-04 -4.778e-04 -4.778e-01 -4.799e-04 -4.799e-04 -4.510e-01
23.580236 2.148e+00 -7.373e-01 -1.366e-03 -4.732e-04 -4.732e-04 -4.732e-01 -4.750e-04 -4.750e-04 -4.510e-01
23.590235 2.036e+00 -7.520e-01 -1.310e-03 -2.879e-04 -2.879e-04 -2.879e-01 -2.894e-04 -2.894e-04 -2.549e-01
23.600233 1.929e+00 -7.666e-01 -1.205e-03 7.343e-06 7.343e-06 7.343e-03 6.105e-06 6.105e-06 1.961e-02
23.610235 1.860e+00 -7.568e-01 -1.051e-03 2.999e-04 2.999e-04 2.999e-01 2.991e-04 2.991e-04 3.333e-01
23.620234 1.792e+00 -7.275e-01 -8.551e-04 4.778e-04 4.778e-04 4.778e-01 4.774e-04 4.774e-04 4.902e-01
23.630234 1.758e+00 -7.080e-01 -6.333e-04 4.732e-04 4.732e-04 4.732e-01 4.725e-04 4.725e-04 4.902e-01
23.640234 1.685e+00 -6.445e-01 -4.641e-04 2.879e-04 2.879e-04 2.879e-01 2.869e-04 2.869e-04 2.941e-01
23.650234 1.616e+00 -6.006e-01 -3.473e-04 -7.379e-06 -7.379e-06 -7.379e-03 -8.547e-06 -8.547e-06 1.961e-02
23.660234 1.558e+00 -5.713e-01 -2.656e-04 -2.998e-04 -2.998e-04 -2.998e-01 -3.016e-04 -3.016e-04 -2.941e-01
23.670235 1.499e+00 -5.322e-01 -2.568e-04 -4.778e-04 -4.778e-04 -4.778e-01 -4.799e-04 -4.799e-04 -4.510e-01
23.680233 1.416e+00 -5.225e-01 -2.510e-04 -4.732e-04 -4.732e-04 -4.732e-01 -4.750e-04 -4.750e-04 -4.510e-01
23.690233 1.362e+00 -4.932e-01 -2.422e-04 -2.879e-04 -2.879e-04 -2.879e-01 -2.894e-04 -2.894e-04 -2.549e-01
23.700233 1.304e+00 -4.688e-01 -1.810e-04 7.355e-06 7.355e-06 7.355e-03 6.105e-06 6.105e-06 1.961e-02
23.710234 1.270e+00 -4.199e-01 -8.172e-05 2.998e-04 2.998e-04 2.998e-01 2.991e-04 2.991e-04 3.333e-01
23.720234 1.260e+00 -3.564e-01 5.545e-05 4.778e-04 4.778e-04 4.778e-01 4.774e-04 4.774e-04 4.902e-01
23.730232 1.279e+00 -2.979e-01 2.014e-04 4.732e-04 4.732e-04 4.732e-01 4.725e-04 4.725e-04 4.902e-01
23.740234 1.294e+00 -2.051e-01 3.094e-04 2.879e-04 2.879e-04 2.879e-01 2.869e-04 2.869e-04 2.941e-01
23.750235 1.328e+00 -1.416e-01 3.677e-04 -7.391e-06 -7.391e-06 -7.391e-03 -8.547e-06 -8.547e-06 1.961e-02
23.760235 1.377e+00 -8.301e-02 3.444e-04 -2.998e-04 -2.998e-04 -2.998e-01 -3.016e-04 -3.016e-04 -2.941e-01
23.770233 1.431e+00 -2.441e-02 2.831e-04 -4.777e-04 -4.777e-04 -4.777e-01 -4.799e-04 -4.799e-04 -4.510e-01
23.780233 1.479e+00 -4.883e-03 2.043e-04 -4.732e-04 -4.732e-04 -4.732e-01 -4.750e-04 -4.750e-04 -4.510e-01
23.790234 1.567e+00 4.883e-02 1.197e-04 -2.879e-04 -2.879e-04 -2.879e-01 -2.894e-04 -2.894e-04 -2.549e-01
23.800234 1.660e+00 8.789e-02 8.756e-05 7.367e-06 7.367e-06 7.367e-03 6.105e-06 6.105e-06 1.961e-02
23.810234 1.802e+00 1.367e-01 1.051e-04 2.998e-04 2.998e-04 2.998e-01 2.991e-04 2.991e-04 3.333e-01
23.820234 1.968e+00 2.100e-01 1.518e-04 4.778e-04 4.778e-04 4.778e-01 4.774e-04 4.774e-04 4.902e-01
23.830235 2.139e+00 2.832e-01 1.985e-04 4.732e-04 4.732e-04 4.732e-01 4.725e-04 4.725e-04 4.902e-01
23.840235 2.295e+00 3.809e-01 2.014e-04 2.879e-04 2.879e-04 2.879e-01 2.869e-04 2.869e-04 2.941e-01
23.850233 2.471e+00 4.541e-01 1.576e-04 -7.343e-06 -7.343e-06 -7.343e-03 -8.547e-06 -8.547e-06 1.961e-02
23.860233 2.627e+00 5.127e-01 4.962e-05 -2.998e-04 -2.998e-04 -2.998e-01 -3.016e-04 -3.016e-04 -2.941e-01
23.870234 2.783e+00 5.615e-01 -1.080e-04 -4.778e-04 -4.778e-04 -4.778e-01 -4.799e-04 -4.799e-04 -4.510e-01
23.880234 2.925e+00 5.859e-01 -2.889e-04 -4.732e-04 -4.732e-04 -4.732e-01 -4.750e-04 -4.750e-04 -4.510e-01
23.890234 3.076e+00 6.152e-01 -4.524e-04 -2.879e-04 -2.879e-04 -2.879e-01 -2.894e-04 -2.894e-04 -2.549e-01
23.900234 3.218e+00 6.299e-01 -5.633e-04 7.379e-06 7.379e-06 7.379e-03 6.105e-06 6.105e-06 1.961e-02
23.910234 3.364e+00 6.689e-01 -6.333e-04 2.998e-04 2.998e-04 2.998e-01 2.991e-04 2.991e-04 3.333e-01
23.920235 3.521e+00 7.275e-01 -6.917e-04 4.778e-04 4.778e-04 4.778e-01 4.774e-04 4.774e-04 4.902e-01
23.930233 3.682e+00 7.764e-01 -7.209e-04 4.732e-04 4.732e-04 4.732e-01 4.725e-04 4.725e-04 4.902e-01
23.940233 3.848e+00 8.301e-01 -7.822e-04 2.879e-04 2.879e-04 2.879e-01 2.869e-04 2.869e-04 2.941e-01
23.950233 3.989e+00 8.643e-01 -8.960e-04 -7.355e-06 -7.355e-06 -7.355e-03 -8.547e-06 -8.547e-06 1.961e-02
23.960234 4.121e+00 8.887e-01 -1.065e-03 -2.998e-04 -2.998e-04 -2.998e-01 -3.016e-04 -3.016e-04 -2.941e-01
23.970234 4.248e+00 8.838e-01 -1.275e-03 -4.778e-04 -4.778e-04 -4.778e-01 -4.799e-04 -4.799e-04 -4.510e-01
23.980234 4.321e+00 8.691e-01 -1.500e-03 -4.732e-04 -4.732e-04 -4.732e-01 -4.750e-04 -4.750e-04 -4.510e-01
23.990234 4.419e+00 8.496e-01 -1.702e-03 -2.879e-04 -2.879e-04 -2.879e-01 -2.894e-04 -2.894e-04 -2.549e-01
24.000235 4.507e+00 8.203e-01 -1.853e-03 7.391e-06 7.391e-06 7.391e-03 6.105e-06 6.105e-06 1.961e-02
24.010233 4.595e+00 8.057e-01 -1.953e-03 2.998e-04 2.998e-04 2.998e-01 2.991e-04 2.991e-04 3.333e-01
24.020233 4.678e+00 8.105e-01 -2.014e-03 4.777e-04 4.777e-04 4.777e-01 4.774e-04 4.774e-04 4.902e-01
24.030233 4.751e+00 8.057e-01 -2.058e-03 4.732e-04 4.732e-04 4.732e-01 4.725e-04 4.725e-04 4.902e-01
24.040234 4.834e+00 7.910e-01 -2.098e-03 2.879e-04 2.879e-04 2.879e-01 2.869e-04 2.869e-04 2.941e-01
24.050236 4.893e+00 7.666e-01 -2.198e-03 -7.427e-06 -7.427e-06 -7.427e-03 -8.547e-06 -8.547e-06 1.961e-02
24.060232 4.917e+00 7.324e-01 -2.338e-03 -2.998e-04 -2.998e-04 -2.998e-01 -3.016e-04 -3.016e-04 -2.941e-01
24.070232 4.917e+00 6.787e-01 -2.510e-03 -4.777e-04 -4.777e-04 -4.777e-01 -4.799e-04 -4.799e-04 -4.510e-01
24.080235 4.893e+00 5.957e-01 -2.688e-03 -4.732e-04 -4.732e-04 -4.732e-01 -4.750e-04 -4.750e-04 -4.510e-01
24.090233 4.883e+00 5.225e-01 -2.840e-03 -2.879e-04 -2.879e-04 -2.879e-01 -2.894e-04 -2.894e-04 -2.549e-01
24.100233 4.839e+00 4.395e-01 -2.933e-03 7.343e-06 7.343e-06 7.343e-03 6.105e-06 6.105e-06 1.961e-02
24.110233 4.810e+00 3.906e-01 -2.971e-03 2.998e-04 2.998e-04 2.998e-01 2.991e-04 2.991e-04 3.333e-01
24.120234 4.775e+00 3.369e-01 -2.948e-03 4.778e-04 4.778e-04 4.778e-01 4.774e-04 4.774e-04 4.902e-01
24.130234 4.717e+00 2.881e-01 -2.895e-03 4.732e-04 4.732e-04 4.732e-01 4.725e-04 4.725e-04 4.902e-01
24.140234 4.678e+00 2.393e-01 -2.860e-03 2.879e-04 2.879e-04 2.879e-01 2.869e-04 2.869e-04 2.941e-01
24.150232 4.609e+00 1.758e-01 -2.863e-03 -7.319e-06 -7.319e-06 -7.319e-03 -8.547e-06 -8.547e-06 1.961e-02
24.160234 4.521e+00 1.074e-01 -2.901e-03 -2.998e-04 -2.998e-04 -2.998e-01 -3.016e-04 -3.016e-04 -2.941e-01
24.170235 4.399e+00 2.930e-02 -2.977e-03 -4.778e-04 -4.778e-04 -4.778e-01 -4.799e-04 -4.799e-04 -4.510e-01
24.180233 4.263e+00 -6.836e-02 -3.044e-03 -4.732e-04 -4.732e-04 -4.732e-01 -4.750e-04 -4.750e-04 -4.510e-01
24.190233 4.131e+00 -1.562e-01 -3.094e-03 -2.879e-04 -2.879e-04 -2.879e-01 -2.894e-04 -2.894e-04 -2.549e-01
24.200233 4.004e+00 -2.490e-01 -3.067e-03 7.355e-06 7.355e-06 7.355e-03 6.105e-06 6.105e-06 1.961e-02
24.210234 3.872e+00 -3.223e-01 -2.986e-03 2.998e-04 2.998e-04 2.998e-01 2.991e-04 2.991e-04 3.333e-01
24.220234 3.760e+00 -3.857e-01 -2.837e-03 4.778e-04 4.778e-04 4.778e-01 4.774e-04 4.774e-04 4.902e-01
24.230234 3.623e+00 -4.443e-01 -2.668e-03 4.732e-04 4.732e-04 4.732e-01 4.725e-04 4.725e-04 4.902e-01
24.240234 3.481e+00 -4.639e-01 -2.530e-03 2.879e-04 2.879e-04 2.879e-01 2.869e-04 2.869e-04 2.941e-01
24.250235 3.335e+00 -5.225e-01 -2.411e-03 -7.391e-06 -7.391e-06 -7.391e-03 -8.547e-06 -8.547e-06 1.961e-02
24.260233 3.193e+00 -5.811e-01 -2.341e-03 -2.998e-04 -2.998e-04 -2.998e-01 -3.016e-04 -3.016e-04 -2.941e-01
24.270233 3.022e+00 -6.250e-01 -2.312e-03 -4.777e-04 -4.777e-04 -4.777e-01 -4.799e-04 -4.799e-04 -4.510e-01
24.280233 2.861e+00 -7.129e-01 -2.271e-03 -4.732e-04 -4.732e-04 -4.732e-01 -4.750e-04 -4.750e-04 -4.510e-01
24.290234 2.695e+00 -7.617e-01 -2.224e-03 -2.879e-04 -2.879e-04 -2.879e-01 -2.894e-04 -2.894e-04 -2.549e-01
24.300234 2.534e+00 -8.252e-01 -2.096e-03 7.367e-06 7.367e-06 7.367e-03 6.105e-06 6.105e-06 1.961e-02
24.310234 2.383e+00 -8.594e-01 -1.929e-03 2.998e-04 2.998e-04 2.998e-01 2.991e-04 2.991e-04 3.333e-01
24.320234 2.246e+00 -8.643e-01 -1.713e-03 4.778e-04 4.778e-04 4.778e-01 4.774e-04 4.774e-04 4.902e-01
24.330235 2.124e+00 -8.643e-01 -1.491e-03 4.732e-04 4.732e-04 4.732e-01 4.725e-04 4.725e-04 4.902e-01
24.340235 2.031e+00 -8.594e-01 -1.264e-03 2.879e-04 2.879e-04 2.879e-01 2.869e-04 2.869e-04 2.941e-01
24.350235 1.909e+00 -8.447e-01 -1.109e-03 -7.403e-06 -7.403e-06 -7.403e-03 -8.547e-06 -8.547e-06 1.961e-02
24.360233 1.812e+00 -8.496e-01 -9.865e-04 -2.998e-04 -2.998e-04 -2.998e-01 -3.016e-04 -3.016e-04 -2.941e-01
24.370234 1.689e+00 -8.496e-01 -9.164e-04 -4.778e-04 -4.778e-04 -4.778e-01 -4.799e-04 -4.799e-04 -4.510e-01
24.380234 1.533e+00 -8.545e-01 -8.610e-04 -4.732e-04 -4.732e-04 -4.732e-01 -4.750e-04 -4.750e-04 -4.510e-01
24.390234 1.411e+00 -8.594e-01 -7.880e-04 -2.879e-04 -2.879e-04 -2.879e-01 -2.894e-04 -2.894e-04 -2.549e-01
24.400234 1.250e+00 -8.594e-01 -6.625e-04 7.379e-06 7.379e-06 7.379e-03 6.105e-06 6.105e-06 1.961e-02
24.410234 1.108e+00 -8.252e-01 -5.020e-04 2.998e-04 2.998e-04 2.998e-01 2.991e-04 2.991e-04 3.333e-01
24.420235 9.863e-01 -7.764e-01 -3.035e-04 4.778e-04 4.778e-04 4.778e-01 4.774e-04 4.774e-04 4.902e-01
24.430235 8.691e-01 -7.373e-01 -8.172e-05 4.732e-04 4.732e-04 4.732e-01 4.725e-04 4.725e-04 4.902e-01
24.440233 7.422e-01 -6.543e-01 9.048e-05 2.879e-04 2.879e-04 2.879e-01 2.869e-04 2.869e-04 2.941e-01
24.450233 6.299e-01 -6.201e-01 2.277e-04 -7.355e-06 -7.355e-06 -7.355e-03 -8.547e-06 -8.547e-06 1.961e-02
24.460234 4.980e-01 -5.713e-01 2.948e-04 -2.998e-04 -2.998e-04 -2.998e-01 -3.016e-04 -3.016e-04 -2.941e-01
24.470234 3.711e-01 -5.518e-01 3.269e-04 -4.778e-04 -4.778e-04 -4.778e-01 -4.799e-04 -4.799e-04 -4.510e-01
24.480236 2.246e-01 -5.273e-01 3.269e-04 -4.732e-04 -4.732e-04 -4.732e-01 -4.750e-04 -4.750e-04 -4.510e-01
24.490234 7.812e-02 -4.785e-01 3.181e-04 -2.879e-04 -2.879e-04 -2.879e-01 -2.894e-04 -2.894e-04 -2.549e-01
24.500233 -5.859e-02 -4.639e-01 3.823e-04 7.332e-06 7.332e-06 7.332e-03 6.105e-06 6.105e-06 1.961e-02
24.510233 -1.660e-01 -4.199e-01 4.845e-04 2.998e-04 2.998e-04 2.998e-01 2.991e-04 2.991e-04 3.333e-01
24.520233 -2.686e-01 -3.516e-01 6.071e-04 4.777e-04 4.777e-04 4.777e-01 4.774e-04 4.774e-04 4.902e-01
24.530233 -3.711e-01 -2.832e-01 7.413e-04 4.732e-04 4.732e-04 4.732e-01 4.725e-04 4.725e-04 4.902e-01
24.540234 -4.297e-01 -2.246e-01 8.610e-04 2.879e-04 2.879e-04 2.879e-01 2.869e-04 2.869e-04 2.941e-01
24.550234 -5.078e-01 -1.758e-01 9.223e-04 -7.368e-06 -7.368e-06 -7.368e-03 -8.547e-06 -8.547e-06 1.961e-02
24.560234 -6.006e-01 -1.221e-01 9.106e-04 -2.998e-04 -2.998e-04 -2.998e-01 -3.016e-04 -3.016e-04 -2.941e-01
24.570234 -6.934e-01 -9.277e-02 8.581e-04 -4.778e-04 -4.778e-04 -4.778e-01 -4.799e-04 -4.799e-04 -4.510e-01
24.580235 -8.008e-01 -9.277e-02 7.997e-04 -4.732e-04 -4.732e-04 -4.732e-01 -4.750e-04 -4.750e-04 -4.510e-01
24.590235 -8.838e-01 -6.836e-02 7.267e-04 -2.879e-04 -2.879e-04 -2.879e-01 -2.894e-04 -2.894e-04 -2.549e-01
24.600233 -9.717e-01 -5.371e-02 7.180e-04 7.344e-06 7.344e-06 7.344e-03 6.105e-06 6.105e-06 1.961e-02
24.610233 -1.045e+00 -2.441e-02 7.530e-04 2.998e-04 2.998e-04 2.998e-01 2.991e-04 2.991e-04 3.333e-01
24.620234 -1.104e+00 1.953e-02 8.230e-04 4.778e-04 4.778e-04 4.778e-01 4.774e-04 4.774e-04 4.902e-01
24.630236 -1.157e+00 4.883e-02 9.135e-04 4.732e-04 4.732e-04 4.732e-01 4.725e-04 4.725e-04 4.902e-01
24.640234 -1.201e+00 1.025e-01 9.661e-04 2.879e-04 2.879e-04 2.879e-01 2.869e-04 2.869e-04 2.941e-01
24.650234 -1.265e+00 1.270e-01 9.719e-04 -7.380e-06 -7.380e-06 -7.380e-03 -8.547e-06 -8.547e-06 1.961e-02
24.660234 -1.313e+00 1.465e-01 9.164e-04 -2.998e-04 -2.998e-04 -2.998e-01 -3.016e-04 -3.016e-04 -2.941e-01
24.670233 -1.382e+00 1.562e-01 8.260e-04 -4.777e-04 -4.777e-04 -4.777e-01 -4.799e-04 -4.799e-04 -4.510e-01
24.680233 -1.465e+00 1.270e-01 7.209e-04 -4.732e-04 -4.732e-04 -4.732e-01 -4.750e-04 -4.750e-04 -4.510e-01
24.690233 -1.543e+00 1.172e-01 6.275e-04 -2.879e-04 -2.879e-04 -2.879e-01 -2.894e-04 -2.894e-04 -2.549e-01
24.700233 -1.636e+00 1.025e-01 5.896e-04 7.356e-06 7.356e-06 7.356e-03 6.105e-06 6.105e-06 1.961e-02
24.710236 -1.704e+00 1.025e-01 6.012e-04 2.999e-04 2.999e-04 2.999e-01 2.991e-04 2.991e-04 3.333e-01
24.720234 -1.758e+00 1.074e-01 6.654e-04 4.778e-04 4.778e-04 4.778e-01 4.774e-04 4.774e-04 4.902e-01
24.730234 -1.807e+00 1.074e-01 7.413e-04 4.732e-04 4.732e-04 4.732e-01 4.725e-04 4.725e-04 4.902e-01
24.740234 -1.865e+00 1.465e-01 7.734e-04 2.879e-04 2.879e-04 2.879e-01 2.869e-04 2.869e-04 2.941e-01
24.750235 -1.909e+00 1.367e-01 7.793e-04 -7.392e-06 -7.392e-06 -7.392e-03 -8.547e-06 -8.547e-06 1.961e-02
24.760233 -1.968e+00 1.172e-01 7.413e-04 -2.998e-04 -2.998e-04 -2.998e-01 -3.016e-04 -3.016e-04 -2.941e-01
24.770235 -2.036e+00 9.766e-02 6.538e-04 -4.778e-04 -4.778e-04 -4.778e-01 -4.799e-04 -4.799e-04 -4.510e-01
24.780233 -2.124e+00 5.371e-02 5.545e-04 -4.732e-04 -4.732e-04 -4.732e-01 -4.750e-04 -4.750e-04 -4.510e-01
24.790234 -2.173e+00 9.766e-03 4.903e-04 -2.879e-04 -2.879e-04 -2.879e-01 -2.894e-04 -2.894e-04 -2.549e-01
24.800234 -2.266e+00 -2.930e-02 4.728e-04 7.368e-06 7.368e-06 7.368e-03 6.105e-06 6.105e-06 1.961e-02
24.810234 -2.314e+00 -5.859e-02 5.195e-04 2.998e-04 2.998e-04 2.998e-01 2.991e-04 2.991e-04 3.333e-01
24.820234 -2.363e+00 -6.836e-02 5.925e-04 4.778e-04 4.778e-04 4.778e-01 4.774e-04 4.774e-04 4.902e-01
24.830235 -2.427e+00 -6.348e-02 6.888e-04 4.732e-04 4.732e-04 4.732e-01 4.725e-04 4.725e-04 4.902e-01
24.840235 -2.461e+00 -5.371e-02 7.705e-04 2.879e-04 2.879e-04 2.879e-01 2.869e-04 2.869e-04 2.941e-01
24.850233 -2.515e+00 -7.324e-02 8.143e-04 -7.344e-06 -7.344e-06 -7.344e-03 -8.547e-06 -8.547e-06 1.961e-02
24.860233 -2.573e+00 -9.277e-02 8.026e-04 -2.998e-04 -2.998e-04 -2.998e-01 -3.016e-04 -3.016e-04 -2.941e-01
24.870234 -2.646e+00 -1.172e-01 7.501e-04 -4.778e-04 -4.778e-04 -4.778e-01 -4.799e-04 -4.799e-04 -4.510e-01
24.880234 -2.744e+00 -1.562e-01 6.830e-04 -4.732e-04 -4.732e-04 -4.732e-01 -4.750e-04 -4.750e-04 -4.510e-01
24.890234 -2.812e+00 -2.100e-01 6.654e-04 -2.879e-04 -2.879e-04 -2.879e-01 -2.894e-04 -2.894e-04 -2.549e-01
24.900234 -2.881e+00 -2.490e-01 6.830e-04 7.380e-06 7.380e-06 7.380e-03 6.105e-06 6.105e-06 1.961e-02
24.910233 -2.949e+00 -2.637e-01 7.501e-04 2.998e-04 2.998e-04 2.998e-01 2.991e-04 2.991e-04 3.333e-01
24.920235 -2.998e+00 -2.637e-01 8.727e-04 4.778e-04 4.778e-04 4.778e-01 4.774e-04 4.774e-04 4.902e-01
24.930233 -3.057e+00 -2.686e-01 1.010e-03 4.732e-04 4.732e-04 4.732e-01 4.725e-04 4.725e-04 4.902e-01
24.940233 -3.081e+00 -2.490e-01 1.118e-03 2.879e-04 2.879e-04 2.879e-01 2.869e-04 2.869e-04 2.941e-01
24.950235 -3.130e+00 -2.588e-01 1.194e-03 -7.416e-06 -7.416e-06 -7.416e-03 -8.547e-06 -8.547e-06 1.961e-02
24.960234 -3.184e+00 -2.588e-01 1.200e-03 -2.998e-04 -2.998e-04 -2.998e-01 -3.016e-04 -3.016e-04 -2.941e-01
24.970234 -3.237e+00 -2.783e-01 1.179e-03 -4.778e-04 -4.778e-04 -4.778e-01 -4.799e-04 -4.799e-04 -4.510e-01
24.980234 -3.320e+00 -3.174e-01 1.147e-03 -4.732e-04 -4.732e-04 -4.732e-01 -4.750e-04 -4.750e-04 -4.510e-01
24.990234 -3.374e+00 -3.271e-01 1.127e-03 -2.879e-04 -2.879e-04 -2.879e-01 -2.894e-04 -2.894e-04 -2.549e-01
25.000235 -3.438e+00 -3.516e-01 1.167e-03 7.392e-06 7.392e-06 7.392e-03 6.105e-06 6.105e-06 1.961e-02
25.010233 -3.481e+00 -3.418e-01 1.249e-03 2.998e-04 2.998e-04 2.998e-01 2.991e-04 2.991e-04 3.333e-01
25.020233 -3.501e+00 -3.320e-01 1.380e-03 4.777e-04 4.777e-04 4.777e-01 4.774e-04 4.774e-04 4.902e-01
25.030235 -3.506e+00 -3.027e-01 1.518e-03 4.732e-04 4.732e-04 4.732e-01 4.725e-04 4.725e-04 4.902e-01
25.040236 -3.525e+00 -2.637e-01 1.626e-03 2.879e-04 2.879e-04 2.879e-01 2.869e-04 2.869e-04 2.941e-01
25.050236 -3.535e+00 -2.539e-01 1.704e-03 -7.428e-06 -7.428e-06 -7.428e-03 -8.547e-06 -8.547e-06 1.961e-02
25.060234 -3.555e+00 -2.344e-01 1.716e-03 -2.998e-04 -2.998e-04 -2.998e-01 -3.016e-04 -3.016e-04 -2.941e-01
25.070234 -3.564e+00 -2.246e-01 1.684e-03 -4.778e-04 -4.778e-04 -4.778e-01 -4.799e-04 -4.799e-04 -4.510e-01
25.080235 -3.599e+00 -2.490e-01 1.646e-03 -4.732e-04 -4.732e-04 -4.732e-01 -4.750e-04 -4.750e-04 -4.510e-01
25.090233 -3.633e+00 -2.295e-01 1.605e-03 -2.879e-04 -2.879e-04 -2.879e-01 -2.894e-04 -2.894e-04 -2.549e-01
25.100233 -3.638e+00 -2.295e-01 1.620e-03 7.344e-06 7.344e-06 7.344e-03 6.105e-06 6.105e-06 1.961e-02
25.110233 -3.633e+00 -1.953e-01 1.678e-03 2.998e-04 2.998e-04 2.998e-01 2.991e-04 2.991e-04 3.333e-01
25.120235 -3.618e+00 -1.709e-01 1.792e-03 4.778e-04 4.778e-04 4.778e-01 4.774e-04 4.774e-04 4.902e-01
25.130234 -3.589e+00 -1.318e-01 1.897e-03 4.732e-04 4.732e-04 4.732e-01 4.725e-04 4.725e-04 4.902e-01
25.140234 -3.530e+00 -8.301e-02 1.988e-03 2.879e-04 2.879e-04 2.879e-01 2.869e-04 2.869e-04 2.941e-01
25.150234 -3.511e+00 -3.906e-02 2.020e-03 -7.380e-06 -7.380e-06 -7.380e-03 -8.547e-06 -8.547e-06 1.961e-02
25.160234 -3.477e+00 -9.766e-03 1.993e-03 -2.998e-04 -2.998e-04 -2.998e-01 -3.016e-04 -3.016e-04 -2.941e-01
25.170235 -3.457e+00 1.465e-02 1.923e-03 -4.778e-04 -4.778e-04 -4.778e-01 -4.799e-04 -4.799e-04 -4.510e-01
25.180235 -3.442e+00 9.766e-03 1.839e-03 -4.732e-04 -4.732e-04 -4.732e-01 -4.750e-04 -4.750e-04 -4.510e-01
25.190235 -3.408e+00 3.906e-02 1.760e-03 -2.879e-04 -2.879e-04 -2.879e-01 -2.894e-04 -2.894e-04 -2.549e-01
25.200233 -3.384e+00 3.906e-02 1.734e-03 7.356e-06 7.356e-06 7.356e-03 6.105e-06 6.105e-06 1.961e-02
25.210234 -3.330e+00 6.836e-02 1.754e-03 2.998e-04 2.998e-04 2.998e-01 2.991e-04 2.991e-04 3.333e-01
25.220234 -3.257e+00 1.074e-01 1.812e-03 4.778e-04 4.778e-04 4.778e-01 4.774e-04 4.774e-04 4.902e-01
25.230234 -3.213e+00 1.562e-01 1.880e-03 4.732e-04 4.732e-04 4.732e-01 4.725e-04 4.725e-04 4.902e-01
25.240234 -3.110e+00 2.051e-01 1.920e-03 2.879e-04 2.879e-04 2.879e-01 2.869e-04 2.869e-04 2.941e-01
25.250235 -3.062e+00 2.393e-01 1.915e-03 -7.392e-06 -7.392e-06 -7.392e-03 -8.547e-06 -8.547e-06 1.961e-02
25.260235 -3.003e+00 2.783e-01 1.836e-03 -2.998e-04 -2.998e-04 -2.998e-01 -3.016e-04 -3.016e-04 -2.941e-01
25.270235 -2.954e+00 2.832e-01 1.731e-03 -4.778e-04 -4.778e-04 -4.778e-01 -4.799e-04 -4.799e-04 -4.510e-01
25.280235 -2.925e+00 2.832e-01 1.591e-03 -4.732e-04 -4.732e-04 -4.732e-01 -4.750e-04 -4.750e-04 -4.510e-01
25.290234 -2.861e+00 2.734e-01 1.488e-03 -2.879e-04 -2.879e-04 -2.879e-01 -2.894e-04 -2.894e-04 -2.549e-01
25.300234 -2.822e+00 2.783e-01 1.418e-03 7.368e-06 7.368e-06 7.368e-03 6.105e-06 6.105e-06 1.961e-02
25.310236 -2.778e+00 2.930e-01 1.404e-03 2.999e-04 2.999e-04 2.999e-01 2.991e-04 2.991e-04 3.333e-01
25.320234 -2.695e+00 3.174e-01 1.436e-03 4.778e-04 4.778e-04 4.778e-01 4.774e-04 4.774e-04 4.902e-01
25.330235 -2.627e+00 3.369e-01 1.477e-03 4.732e-04 4.732e-04 4.732e-01 4.725e-04 4.725e-04 4.902e-01
25.340235 -2.563e+00 3.955e-01 1.465e-03 2.879e-04 2.879e-04 2.879e-01 2.869e-04 2.869e-04 2.941e-01
25.350233 -2.500e+00 4.004e-01 1.439e-03 -7.344e-06 -7.344e-06 -7.344e-03 -8.547e-06 -8.547e-06 1.961e-02
25.360235 -2.451e+00 4.053e-01 1.343e-03 -2.999e-04 -2.999e-04 -2.999e-01 -3.016e-04 -3.016e-04 -2.941e-01
25.370234 -2.412e+00 4.053e-01 1.205e-03 -4.778e-04 -4.778e-04 -4.778e-01 -4.799e-04 -4.799e-04 -4.510e-01
25.380234 -2.373e+00 3.613e-01 1.074e-03 -4.732e-04 -4.732e-04 -4.732e-01 -4.750e-04 -4.750e-04 -4.510e-01
25.390234 -2.358e+00 3.320e-01 9.631e-04 -2.879e-04 -2.879e-04 -2.879e-01 -2.894e-04 -2.894e-04 -2.549e-01
25.400234 -2.354e+00 3.174e-01 8.697e-04 7.380e-06 7.380e-06 7.380e-03 6.105e-06 6.105e-06 1.961e-02
25.410234 -2.324e+00 3.076e-01 8.551e-04 2.998e-04 2.998e-04 2.998e-01 2.991e-04 2.991e-04 3.333e-01
25.420233 -2.295e+00 3.174e-01 8.697e-04 4.777e-04 4.777e-04 4.777e-01 4.774e-04 4.774e-04 4.902e-01
25.430233 -2.261e+00 3.125e-01 9.135e-04 4.732e-04 4.732e-04 4.732e-01 4.725e-04 4.725e-04 4.902e-01
25.440233 -2.217e+00 3.369e-01 9.252e-04 2.879e-04 2.879e-04 2.879e-01 2.869e-04 2.869e-04 2.941e-01
25.450233 -2.207e+00 3.223e-01 9.048e-04 -7.356e-06 -7.356e-06 -7.356e-03 -8.547e-06 -8.547e-06 1.961e-02
25.460234 -2.202e+00 3.125e-01 8.260e-04 -2.998e-04 -2.998e-04 -2.998e-01 -3.016e-04 -3.016e-04 -2.941e-01
25.470234 -2.212e+00 2.637e-01 7.267e-04 -4.778e-04 -4.778e-04 -4.778e-01 -4.799e-04 -4.799e-04 -4.510e-01
25.480234 -2.241e+00 2.148e-01 6.071e-04 -4.732e-04 -4.732e-04 -4.732e-01 -4.750e-04 -4.750e-04 -4.510e-01
25.490234 -2.261e+00 1.758e-01 5.078e-04 -2.879e-04 -2.879e-04 -2.879e-01 -2.894e-04 -2.894e-04 -2.549e-01
25.500233 -2.305e+00 1.318e-01 4.611e-04 7.332e-06 7.332e-06 7.332e-03 6.105e-06 6.105e-06 1.961e-02
25.510233 -2.334e+00 1.221e-01 4.670e-04 2.998e-04 2.998e-04 2.998e-01 2.991e-04 2.991e-04 3.333e-01
25.520233 -2.339e+00 9.277e-02 5.283e-04 4.777e-04 4.777e-04 4.777e-01 4.774e-04 4.774e-04 4.902e-01
25.530233 -2.358e+00 7.324e-02 6.100e-04 4.732e-04 4.732e-04 4.732e-01 4.725e-04 4.725e-04 4.902e-01
25.540234 -2.373e+00 6.836e-02 6.742e-04 2.879e-04 2.879e-04 2.879e-01 2.869e-04 2.869e-04 2.941e-01
25.550234 -2.412e+00 4.883e-02 6.946e-04 -7.368e-06 -7.368e-06 -7.368e-03 -8.547e-06 -8.547e-06 1.961e-02
25.560236 -2.461e+00 1.465e-02 6.654e-04 -2.999e-04 -2.999e-04 -2.999e-01 -3.016e-04 -3.016e-04 -2.941e-01
25.570234 -2.520e+00 -9.766e-03 5.925e-04 -4.778e-04 -4.778e-04 -4.778e-01 -4.799e-04 -4.799e-04 -4.510e-01
25.580235 -2.598e+00 -8.301e-02 5.312e-04 -4.732e-04 -4.732e-04 -4.732e-01 -4.750e-04 -4.750e-04 -4.510e-01
25.590233 -2.656e+00 -1.270e-01 4.786e-04 -2.879e-04 -2.879e-04 -2.879e-01 -2.894e-04 -2.894e-04 -2.549e-01
25.600235 -2.744e+00 -1.660e-01 4.786e-04 7.404e-06 7.404e-06 7.404e-03 6.105e-06 6.105e-06 1.961e-02
25.610235 -2.798e+00 -1.953e-01 5.458e-04 2.999e-04 2.999e-04 2.999e-01 2.991e-04 2.991e-04 3.333e-01
25.620234 -2.837e+00 -2.148e-01 6.567e-04 4.778e-04 4.778e-04 4.778e-01 4.774e-04 4.774e-04 4.902e-01
25.630234 -2.905e+00 -2.246e-01 7.851e-04 4.732e-04 4.732e-04 4.732e-01 4.725e-04 4.725e-04 4.902e-01
25.640234 -2.949e+00 -2.197e-01 8.989e-04 2.879e-04 2.879e-04 2.879e-01 2.869e-04 2.869e-04 2.941e-01
25.650234 -3.003e+00 -2.344e-01 9.631e-04 -7.380e-06 -7.380e-06 -7.380e-03 -8.547e-06 -8.547e-06 1.961e-02
25.660233 -3.066e+00 -2.490e-01 9.748e-04 -2.998e-04 -2.998e-04 -2.998e-01 -3.016e-04 -3.016e-04 -2.941e-01
25.670233 -3.135e+00 -2.783e-01 9.544e-04 -4.777e-04 -4.777e-04 -4.777e-01 -4.799e-04 -4.799e-04 -4.510e-01
25.680235 -3.228e+00 -3.076e-01 9.135e-04 -4.732e-04 -4.732e-04 -4.732e-01 -4.750e-04 -4.750e-04 -4.510e-01
25.690235 -3.301e+00 -3.467e-01 9.048e-04 -2.879e-04 -2.879e-04 -2.879e-01 -2.894e-04 -2.894e-04 -2.549e-01
25.700233 -3.369e+00 -3.955e-01 9.602e-04 7.357e-06 7.357e-06 7.357e-03 6.105e-06 6.105e-06 1.961e-02
25.710234 -3.423e+00 -3.955e-01 1.054e-03 2.998e-04 2.998e-04 2.998e-01 2.991e-04 2.991e-04 3.333e-01
25.720234 -3.467e+00 -3.955e-01 1.191e-03 4.778e-04 4.778e-04 4.778e-01 4.774e-04 4.774e-04 4.902e-01
25.730234 -3.506e+00 -3.809e-01 1.354e-03 4.732e-04 4.732e-04 4.732e-01 4.725e-04 4.725e-04 4.902e-01
25.740234 -3.535e+00 -3.418e-01 1.474e-03 2.879e-04 2.879e-04 2.879e-01 2.869e-04 2.869e-04 2.941e-01
25.750233 -3.579e+00 -3.271e-01 1.547e-03 -7.333e-06 -7.333e-06 -7.333e-03 -8.547e-06 -8.547e-06 1.961e-02
25.760233 -3.604e+00 -3.223e-01 1.576e-03 -2.998e-04 -2.998e-04 -2.998e-01 -3.016e-04 -3.016e-04 -2.941e-01
25.770235 -3.647e+00 -3.174e-01 1.556e-03 -4.778e-04 -4.778e-04 -4.778e-01 -4.799e-04 -4.799e-04 -4.510e-01
25.780233 -3.701e+00 -3.418e-01 1.535e-03 -4.732e-04 -4.732e-04 -4.732e-01 -4.750e-04 -4.750e-04 -4.510e-01
25.790234 -3.735e+00 -3.369e-01 1.518e-03 -2.879e-04 -2.879e-04 -2.879e-01 -2.894e-04 -2.894e-04 -2.549e-01
25.800234 -3.770e+00 -3.564e-01 1.564e-03 7.369e-06 7.369e-06 7.369e-03 6.105e-06 6.105e-06 1.961e-02
25.810234 -3.784e+00 -3.271e-01 1.643e-03 2.998e-04 2.998e-04 2.998e-01 2.991e-04 2.991e-04 3.333e-01
25.820234 -3.779e+00 -2.930e-01 1.769e-03 4.778e-04 4.778e-04 4.778e-01 4.774e-04 4.774e-04 4.902e-01
25.830233 -3.765e+00 -2.588e-01 1.903e-03 4.732e-04 4.732e-04 4.732e-01 4.725e-04 4.725e-04 4.902e-01
25.840233 -3.730e+00 -2.051e-01 2.011e-03 2.879e-04 2.879e-04 2.879e-01 2.869e-04 2.869e-04 2.941e-01
25.850233 -3.721e+00 -1.709e-01 2.061e-03 -7.345e-06 -7.345e-06 -7.345e-03 -8.547e-06 -8.547e-06 1.961e-02
25.860235 -3.706e+00 -1.416e-01 2.061e-03 -2.999e-04 -2.999e-04 -2.999e-01 -3.016e-04 -3.016e-04 -2.941e-01
25.870234 -3.696e+00 -1.123e-01 2.005e-03 -4.778e-04 -4.778e-04 -4.778e-01 -4.799e-04 -4.799e-04 -4.510e-01
25.880234 -3.691e+00 -1.221e-01 1.950e-03 -4.732e-04 -4.732e-04 -4.732e-01 -4.750e-04 -4.750e-04 -4.510e-01
25.890234 -3.677e+00 -9.277e-02 1.885e-03 -2.879e-04 -2.879e-04 -2.879e-01 -2.894e-04 -2.894e-04 -2.549e-01
25.900234 -3.647e+00 -7.324e-02 1.882e-03 7.381e-06 7.381e-06 7.381e-03 6.105e-06 6.105e-06 1.961e-02
25.910233 -3.604e+00 -4.883e-02 1.918e-03 2.998e-04 2.998e-04 2.998e-01 2.991e-04 2.991e-04 3.333e-01
25.920235 -3.540e+00 4.883e-03 1.990e-03 4.778e-04 4.778e-04 4.778e-01 4.774e-04 4.774e-04 4.902e-01
25.930233 -3.477e+00 5.371e-02 2.078e-03 4.732e-04 4.732e-04 4.732e-01 4.725e-04 4.725e-04 4.902e-01
25.940235 -3.394e+00 1.172e-01 2.136e-03 2.879e-04 2.879e-04 2.879e-01 2.869e-04 2.869e-04 2.941e-01
25.950233 -3.345e+00 1.660e-01 2.131e-03 -7.357e-06 -7.357e-06 -7.357e-03 -8.547e-06 -8.547e-06 1.961e-02
25.960236 -3.267e+00 2.002e-01 2.075e-03 -2.999e-04 -2.999e-04 -2.999e-01 -3.016e-04 -3.016e-04 -2.941e-01
25.970234 -3.218e+00 2.246e-01 1.964e-03 -4.778e-04 -4.778e-04 -4.778e-01 -4.799e-04 -4.799e-04 -4.510e-01
25.980234 -3.179e+00 2.295e-01 1.839e-03 -4.732e-04 -4.732e-04 -4.732e-01 -4.750e-04 -4.750e-04 -4.510e-01
25.990234 -3.115e+00 2.539e-01 1.725e-03 -2.879e-04 -2.879e-04 -2.879e-01 -2.894e-04 -2.894e-04 -2.549e-01
26.000235 -3.057e+00 2.490e-01 1.678e-03 7.393e-06 7.393e-06 7.393e-03 6.105e-06 6.105e-06 1.961e-02
26.010235 -2.983e+00 2.734e-01 1.672e-03 2.998e-04 2.998e-04 2.998e-01 2.991e-04 2.991e-04 3.333e-01
26.020235 -2.905e+00 3.125e-01 1.696e-03 4.778e-04 4.778e-04 4.778e-01 4.774e-04 4.774e-04 4.902e-01
26.030233 -2.827e+00 3.467e-01 1.734e-03 4.732e-04 4.732e-04 4.732e-01 4.725e-04 4.725e-04 4.902e-01
26.040234 -2.720e+00 3.857e-01 1.748e-03 2.879e-04 2.879e-04 2.879e-01 2.869e-04 2.869e-04 2.941e-01
26.050234 -2.656e+00 4.346e-01 1.684e-03 -7.369e-06 -7.369e-06 -7.369e-03 -8.547e-06 -8.547e-06 1.961e-02
26.060234 -2.578e+00 4.297e-01 1.602e-03 -2.998e-04 -2.998e-04 -2.998e-01 -3.016e-04 -3.016e-04 -2.941e-01
26.070232 -2.524e+00 4.492e-01 1.451e-03 -4.777e-04 -4.777e-04 -4.777e-01 -4.799e-04 -4.799e-04 -4.510e-01
26.080233 -2.480e+00 4.297e-01 1.296e-03 -4.732e-04 -4.732e-04 -4.732e-01 -4.750e-04 -4.750e-04 -4.510e-01
26.090233 -2.427e+00 4.248e-01 1.162e-03 -2.879e-04 -2.879e-04 -2.879e-01 -2.894e-04 -2.894e-04 -2.549e-01
26.100235 -2.388e+00 3.955e-01 1.080e-03 7.405e-06 7.405e-06 7.405e-03 6.105e-06 6.105e-06 1.961e-02
26.110233 -2.339e+00 4.053e-01 1.036e-03 2.998e-04 2.998e-04 2.998e-01 2.991e-04 2.991e-04 3.333e-01
26.120234 -2.275e+00 4.199e-01 1.045e-03 4.778e-04 4.778e-04 4.778e-01 4.774e-04 4.774e-04 4.902e-01
26.130236 -2.227e+00 4.297e-01 1.057e-03 4.732e-04 4.732e-04 4.732e-01 4.725e-04 4.725e-04 4.902e-01
26.140234 -2.188e+00 4.541e-01 1.062e-03 2.879e-04 2.879e-04 2.879e-01 2.869e-04 2.869e-04 2.941e-01
26.150234 -2.139e+00 4.395e-01 1.027e-03 -7.381e-06 -7.381e-06 -7.381e-03 -8.547e-06 -8.547e-06 1.961e-02
26.160234 -2.100e+00 4.346e-01 9.252e-04 -2.998e-04 -2.998e-04 -2.998e-01 -3.016e-04 -3.016e-04 -2.941e-01
26.170233 -2.090e+00 4.053e-01 7.880e-04 -4.777e-04 -4.777e-04 -4.777e-01 -4.799e-04 -4.799e-04 -4.510e-01
26.180235 -2.095e+00 3.613e-01 6.479e-04 -4.732e-04 -4.732e-04 -4.732e-01 -4.750e-04 -4.750e-04 -4.510e-01
26.190233 -2.104e+00 3.125e-01 5.399e-04 -2.879e-04 -2.879e-04 -2.879e-01 -2.894e-04 -2.894e-04 -2.549e-01
26.200232 -2.114e+00 2.686e-01 4.611e-04 7.297e-06 7.297e-06 7.297e-03 6.105e-06 6.105e-06 1.961e-02
26.210234 -2.119e+00 2.490e-01 4.495e-04 2.998e-04 2.998e-04 2.998e-01 2.991e-04 2.991e-04 3.333e-01
26.220234 -2.124e+00 2.344e-01 4.845e-04 4.778e-04 4.778e-04 4.778e-01 4.774e-04 4.774e-04 4.902e-01
26.230234 -2.124e+00 2.295e-01 5.341e-04 4.732e-04 4.732e-04 4.732e-01 4.725e-04 4.725e-04 4.902e-01
26.240234 -2.124e+00 2.148e-01 5.779e-04 2.879e-04 2.879e-04 2.879e-01 2.869e-04 2.869e-04 2.941e-01
26.250235 -2.148e+00 1.855e-01 5.808e-04 -7.393e-06 -7.393e-06 -7.393e-03 -8.547e-06 -8.547e-06 1.961e-02
26.260235 -2.183e+00 1.562e-01 5.283e-04 -2.998e-04 -2.998e-04 -2.998e-01 -3.016e-04 -3.016e-04 -2.941e-01
26.270233 -2.231e+00 1.123e-01 4.349e-04 -4.777e-04 -4.777e-04 -4.777e-01 -4.799e-04 -4.799e-04 -4.510e-01
26.280233 -2.300e+00 4.395e-02 3.532e-04 -4.732e-04 -4.732e-04 -4.732e-01 -4.750e-04 -4.750e-04 -4.510e-01
26.290236 -2.363e+00 -1.465e-02 2.948e-04 -2.879e-04 -2.879e-04 -2.879e-01 -2.894e-04 -2.894e-04 -2.549e-01
26.300234 -2.441e+00 -7.324e-02 2.773e-04 7.369e-06 7.369e-06 7.369e-03 6.105e-06 6.105e-06 1.961e-02
26.310232 -2.500e+00 -1.025e-01 3.210e-04 2.998e-04 2.998e-04 2.998e-01 2.991e-04 2.991e-04 3.333e-01
26.320234 -2.554e+00 -1.318e-01 4.203e-04 4.778e-04 4.778e-04 4.778e-01 4.774e-04 4.774e-04 4.902e-01
26.330233 -2.617e+00 -1.514e-01 5.341e-04 4.732e-04 4.732e-04 4.732e-01 4.725e-04 4.725e-04 4.902e-01
26.340235 -2.676e+00 -1.562e-01 6.363e-04 2.879e-04 2.879e-04 2.879e-01 2.869e-04 2.869e-04 2.941e-01
26.350233 -2.739e+00 -1.855e-01 6.946e-04 -7.345e-06 -7.345e-06 -7.345e-03 -8.547e-06 -8.547e-06 1.961e-02
26.360233 -2.803e+00 -2.100e-01 7.034e-04 -2.998e-04 -2.998e-04 -2.998e-01 -3.016e-04 -3.016e-04 -2.941e-01
26.370234 -2.886e+00 -2.490e-01 6.684e-04 -4.778e-04 -4.778e-04 -4.778e-01 -4.799e-04 -4.799e-04 -4.510e-01
26.380234 -2.979e+00 -3.027e-01 6.363e-04 -4.732e-04 -4.732e-04 -4.732e-01 -4.750e-04 -4.750e-04 -4.510e-01
26.390234 -3.081e+00 -3.467e-01 6.275e-04 -2.879e-04 -2.879e-04 -2.879e-01 -2.894e-04 -2.894e-04 -2.549e-01
26.400234 -3.169e+00 -3.857e-01 6.625e-04 7.381e-06 7.381e-06 7.381e-03 6.105e-06 6.105e-06 1.961e-02
26.410233 -3.247e+00 -4.102e-01 7.618e-04 2.998e-04 2.998e-04 2.998e-01 2.991e-04 2.991e-04 3.333e-01
26.420235 -3.315e+00 -4.199e-01 9.106e-04 4.778e-04 4.778e-04 4.778e-01 4.774e-04 4.774e-04 4.902e-01
26.430235 -3.374e+00 -4.102e-01 1.065e-03 4.732e-04 4.732e-04 4.732e-01 4.725e-04 4.725e-04 4.902e-01
26.440233 -3.413e+00 -4.102e-01 1.217e-03 2.879e-04 2.879e-04 2.879e-01 2.869e-04 2.869e-04 2.941e-01
26.450235 -3.486e+00 -4.053e-01 1.308e-03 -7.417e-06 -7.417e-06 -7.417e-03 -8.547e-06 -8.547e-06 1.961e-02
26.460234 -3.550e+00 -4.004e-01 1.340e-03 -2.998e-04 -2.998e-04 -2.998e-01 -3.016e-04 -3.016e-04 -2.941e-01
26.470234 -3.618e+00 -4.150e-01 1.340e-03 -4.778e-04 -4.778e-04 -4.778e-01 -4.799e-04 -4.799e-04 -4.510e-01
26.480234 -3.691e+00 -4.443e-01 1.334e-03 -4.732e-04 -4.732e-04 -4.732e-01 -4.750e-04 -4.750e-04 -4.510e-01
26.490234 -3.755e+00 -4.492e-01 1.328e-03 -2.879e-04 -2.879e-04 -2.879e-01 -2.894e-04 -2.894e-04 -2.549e-01
26.500235 -3.823e+00 -4.688e-01 1.398e-03 7.393e-06 7.393e-06 7.393e-03 6.105e-06 6.105e-06 1.961e-02
26.510233 -3.848e+00 -4.541e-01 1.503e-03 2.998e-04 2.998e-04 2.998e-01 2.991e-04 2.991e-04 3.333e-01
26.520233 -3.872e+00 -4.346e-01 1.652e-03 4.777e-04 4.777e-04 4.777e-01 4.774e-04 4.774e-04 4.902e-01
26.530233 -3.892e+00 -4.004e-01 1.815e-03 4.732e-04 4.732e-04 4.732e-01 4.725e-04 4.725e-04 4.902e-01
26.540234 -3.887e+00 -3.516e-01 1.944e-03 2.879e-04 2.879e-04 2.879e-01 2.869e-04 2.869e-04 2.941e-01
26.550234 -3.896e+00 -3.174e-01 2.017e-03 -7.369e-06 -7.369e-06 -7.369e-03 -8.547e-06 -8.547e-06 1.961e-02
26.560234 -3.892e+00 -2.734e-01 2.028e-03 -2.998e-04 -2.998e-04 -2.998e-01 -3.016e-04 -3.016e-04 -2.941e-01
26.570234 -3.906e+00 -2.637e-01 2.005e-03 -4.778e-04 -4.778e-04 -4.778e-01 -4.799e-04 -4.799e-04 -4.510e-01
26.580235 -3.926e+00 -2.637e-01 1.973e-03 -4.732e-04 -4.732e-04 -4.732e-01 -4.750e-04 -4.750e-04 -4.510e-01
26.590235 -3.926e+00 -2.490e-01 1.950e-03 -2.879e-04 -2.879e-04 -2.879e-01 -2.894e-04 -2.894e-04 -2.549e-01
26.600233 -3.916e+00 -2.246e-01 1.953e-03 7.345e-06 7.345e-06 7.345e-03 6.105e-06 6.105e-06 1.961e-02
26.610233 -3.887e+00 -1.953e-01 2.028e-03 2.998e-04 2.998e-04 2.998e-01 2.991e-04 2.991e-04 3.333e-01
26.620234 -3.838e+00 -1.514e-01 2.131e-03 4.778e-04 4.778e-04 4.778e-01 4.774e-04 4.774e-04 4.902e-01
26.630234 -3.789e+00 -8.789e-02 2.230e-03 4.732e-04 4.732e-04 4.732e-01 4.725e-04 4.725e-04 4.902e-01
26.640234 -3.726e+00 -9.766e-03 2.297e-03 2.879e-04 2.879e-04 2.879e-01 2.869e-04 2.869e-04 2.941e-01
26.650234 -3.657e+00 3.906e-02 2.329e-03 -7.381e-06 -7.381e-06 -7.381e-03 -8.547e-06 -8.547e-06 1.961e-02
26.660233 -3.589e+00 8.301e-02 2.291e-03 -2.998e-04 -2.998e-04 -2.998e-01 -3.016e-04 -3.016e-04 -2.941e-01
26.670235 -3.545e+00 1.172e-01 2.198e-03 -4.778e-04 -4.778e-04 -4.778e-01 -4.799e-04 -4.799e-04 -4.510e-01
26.680233 -3.501e+00 1.318e-01 2.096e-03 -4.732e-04 -4.732e-04 -4.732e-01 -4.750e-04 -4.750e-04 -4.510e-01
26.690233 -3.413e+00 1.416e-01 2.017e-03 -2.879e-04 -2.879e-04 -2.879e-01 -2.894e-04 -2.894e-04 -2.549e-01
26.700233 -3.374e+00 1.562e-01 1.973e-03 7.357e-06 7.357e-06 7.357e-03 6.105e-06 6.105e-06 1.961e-02
26.710234 -3.291e+00 2.100e-01 1.961e-03 2.998e-04 2.998e-04 2.998e-01 2.991e-04 2.991e-04 3.333e-01
26.720234 -3.203e+00 2.686e-01 1.990e-03 4.778e-04 4.778e-04 4.778e-01 4.774e-04 4.774e-04 4.902e-01
26.730234 -3.110e+00 3.174e-01 2.026e-03 4.732e-04 4.732e-04 4.732e-01 4.725e-04 4.725e-04 4.902e-01
26.740234 -3.003e+00 3.857e-01 2.028e-03 2.879e-04 2.879e-04 2.879e-01 2.869e-04 2.869e-04 2.941e-01
26.750235 -2.910e+00 4.053e-01 2.014e-03 -7.393e-06 -7.393e-06 -7.393e-03 -8.547e-06 -8.547e-06 1.961e-02
26.760233 -2.808e+00 4.443e-01 1.906e-03 -2.998e-04 -2.998e-04 -2.998e-01 -3.016e-04 -3.016e-04 -2.941e-01
26.770235 -2.734e+00 4.639e-01 1.763e-03 -4.778e-04 -4.778e-04 -4.778e-01 -4.799e-04 -4.799e-04 -4.510e-01
26.780233 -2.671e+00 4.590e-01 1.605e-03 -4.732e-04 -4.732e-04 -4.732e-01 -4.750e-04 -4.750e-04 -4.510e-01
26.790234 -2.593e+00 4.541e-01 1.468e-03 -2.879e-04 -2.879e-04 -2.879e-01 -2.894e-04 -2.894e-04 -2.549e-01
26.800234 -2.544e+00 4.639e-01 1.369e-03 7.369e-06 7.369e-06 7.369e-03 6.105e-06 6.105e-06 1.961e-02
26.810234 -2.456e+00 4.785e-01 1.322e-03 2.998e-04 2.998e-04 2.998e-01 2.991e-04 2.991e-04 3.333e-01
26.820232 -2.368e+00 4.980e-01 1.313e-03 4.777e-04 4.777e-04 4.777e-01 4.774e-04 4.774e-04 4.902e-01
26.830233 -2.285e+00 5.273e-01 1.319e-03 4.732e-04 4.732e-04 4.732e-01 4.725e-04 4.725e-04 4.902e-01
26.840235 -2.202e+00 5.664e-01 1.290e-03 2.879e-04 2.879e-04 2.879e-01 2.869e-04 2.869e-04 2.941e-01
26.850235 -2.139e+00 5.615e-01 1.240e-03 -7.405e-06 -7.405e-06 -7.405e-03 -8.547e-06 -8.547e-06 1.961e-02
26.860235 -2.075e+00 5.664e-01 1.115e-03 -2.999e-04 -2.999e-04 -2.999e-01 -3.016e-04 -3.016e-04 -2.941e-01
26.870235 -2.041e+00 5.420e-01 9.631e-04 -4.778e-04 -4.778e-04 -4.778e-01 -4.799e-04 -4.799e-04 -4.510e-01
26.880236 -2.017e+00 5.078e-01 7.968e-04 -4.732e-04 -4.732e-04 -4.732e-01 -4.750e-04 -4.750e-04 -4.510e-01
26.890234 -1.997e+00 4.834e-01 6.421e-04 -2.879e-04 -2.879e-04 -2.879e-01 -2.894e-04 -2.894e-04 -2.549e-01
26.900234 -1.982e+00 4.346e-01 5.575e-04 7.382e-06 7.382e-06 7.382e-03 6.105e-06 6.105e-06 1.961e-02
26.910234 -1.958e+00 4.248e-01 5.195e-04 2.998e-04 2.998e-04 2.998e-01 2.991e-04 2.991e-04 3.333e-01
26.920233 -1.929e+00 4.004e-01 5.341e-04 4.777e-04 4.777e-04 4.777e-01 4.774e-04 4.774e-04 4.902e-01
26.930233 -1.909e+00 4.004e-01 5.545e-04 4.732e-04 4.732e-04 4.732e-01 4.725e-04 4.725e-04 4.902e-01
26.940233 -1.885e+00 3.955e-01 5.604e-04 2.879e-04 2.879e-04 2.879e-01 2.869e-04 2.869e-04 2.941e-01
26.950233 -1.880e+00 3.662e-01 5.341e-04 -7.358e-06 -7.358e-06 -7.358e-03 -8.547e-06 -8.547e-06 1.961e-02
26.960234 -1.895e+00 3.320e-01 4.670e-04 -2.998e-04 -2.998e-04 -2.998e-01 -3.016e-04 -3.016e-04 -2.941e-01
26.970234 -1.934e+00 2.783e-01 3.532e-04 -4.778e-04 -4.778e-04 -4.778e-01 -4.799e-04 -4.799e-04 -4.510e-01
26.980234 -1.992e+00 2.246e-01 2.218e-04 -4.732e-04 -4.732e-04 -4.732e-01 -4.750e-04 -4.750e-04 -4.510e-01
26.990234 -2.021e+00 1.465e-01 1.459e-04 -2.879e-04 -2.879e-04 -2.879e-01 -2.894e-04 -2.894e-04 -2.549e-01
27.000235 -2.100e+00 8.301e-02 1.080e-04 7.394e-06 7.394e-06 7.394e-03 6.105e-06 6.105e-06 1.961e-02
27.010235 -2.153e+00 5.859e-02 1.197e-04 2.998e-04 2.998e-04 2.998e-01 2.991e-04 2.991e-04 3.333e-01
27.020233 -2.197e+00 1.465e-02 1.926e-04 4.777e-04 4.777e-04 4.777e-01 4.774e-04 4.774e-04 4.902e-01
27.030235 -2.236e+00 -1.953e-02 2.948e-04 4.732e-04 4.732e-04 4.732e-01 4.725e-04 4.725e-04 4.902e-01
27.040234 -2.280e+00 -3.418e-02 3.765e-04 2.879e-04 2.879e-04 2.879e-01 2.869e-04 2.869e-04 2.941e-01
27.050234 -2.363e+00 -6.836e-02 4.144e-04 -7.370e-06 -7.370e-06 -7.370e-03 -8.547e-06 -8.547e-06 1.961e-02
27.060234 -2.441e+00 -1.074e-01 4.028e-04 -2.998e-04 -2.998e-04 -2.998e-01 -3.016e-04 -3.016e-04 -2.941e-01
27.070232 -2.544e+00 -1.562e-01 3.590e-04 -4.777e-04 -4.777e-04 -4.777e-01 -4.799e-04 -4.799e-04 -4.510e-01
27.080235 -2.646e+00 -2.246e-01 3.094e-04 -4.732e-04 -4.732e-04 -4.732e-01 -4.750e-04 -4.750e-04 -4.510e-01
27.090237 -2.739e+00 -2.979e-01 3.035e-04 -2.878e-04 -2.878e-04 -2.878e-01 -2.894e-04 -2.894e-04 -2.549e-01
27.100233 -2.856e+00 -3.467e-01 3.269e-04 7.346e-06 7.346e-06 7.346e-03 6.105e-06 6.105e-06 1.961e-02
27.110233 -2.959e+00 -3.809e-01 4.174e-04 2.998e-04 2.998e-04 2.998e-01 2.991e-04 2.991e-04 3.333e-01
27.120234 -3.037e+00 -4.102e-01 5.633e-04 4.778e-04 4.778e-04 4.778e-01 4.774e-04 4.774e-04 4.902e-01
27.130234 -3.125e+00 -4.150e-01 7.209e-04 4.732e-04 4.732e-04 4.732e-01 4.725e-04 4.725e-04 4.902e-01
27.140234 -3.193e+00 -4.150e-01 8.581e-04 2.879e-04 2.879e-04 2.879e-01 2.869e-04 2.869e-04 2.941e-01
27.150234 -3.281e+00 -4.248e-01 9.544e-04 -7.382e-06 -7.382e-06 -7.382e-03 -8.547e-06 -8.547e-06 1.961e-02
27.160234 -3.359e+00 -4.492e-01 1.013e-03 -2.998e-04 -2.998e-04 -2.998e-01 -3.016e-04 -3.016e-04 -2.941e-01
27.170233 -3.457e+00 -4.785e-01 1.019e-03 -4.777e-04 -4.777e-04 -4.777e-01 -4.799e-04 -4.799e-04 -4.510e-01
27.180233 -3.569e+00 -5.176e-01 1.022e-03 -4.732e-04 -4.732e-04 -4.732e-01 -4.750e-04 -4.750e-04 -4.510e-01
27.190235 -3.657e+00 -5.469e-01 1.045e-03 -2.879e-04 -2.879e-04 -2.879e-01 -2.894e-04 -2.894e-04 -2.549e-01
27.200233 -3.755e+00 -5.664e-01 1.109e-03 7.358e-06 7.358e-06 7.358e-03 6.105e-06 6.105e-06 1.961e-02
27.210234 -3.823e+00 -5.811e-01 1.249e-03 2.998e-04 2.998e-04 2.998e-01 2.991e-04 2.991e-04 3.333e-01
27.220234 -3.882e+00 -5.566e-01 1.410e-03 4.778e-04 4.778e-04 4.778e-01 4.774e-04 4.774e-04 4.902e-01
27.230234 -3.931e+00 -5.371e-01 1.588e-03 4.732e-04 4.732e-04 4.732e-01 4.725e-04 4.725e-04 4.902e-01
27.240234 -3.955e+00 -4.980e-01 1.742e-03 2.879e-04 2.879e-04 2.879e-01 2.869e-04 2.869e-04 2.941e-01
27.250235 -3.994e+00 -4.834e-01 1.856e-03 -7.394e-06 -7.394e-06 -7.394e-03 -8.547e-06 -8.547e-06 1.961e-02
27.260235 -4.028e+00 -4.492e-01 1.897e-03 -2.998e-04 -2.998e-04 -2.998e-01 -3.016e-04 -3.016e-04 -2.941e-01
27.270235 -4.058e+00 -4.443e-01 1.906e-03 -4.778e-04 -4.778e-04 -4.778e-01 -4.799e-04 -4.799e-04 -4.510e-01
27.280233 -4.102e+00 -4.443e-01 1.894e-03 -4.732e-04 -4.732e-04 -4.732e-01 -4.750e-04 -4.750e-04 -4.510e-01
27.290234 -4.126e+00 -4.346e-01 1.903e-03 -2.879e-04 -2.879e-04 -2.879e-01 -2.894e-04 -2.894e-04 -2.549e-01
27.300234 -4.155e+00 -4.346e-01 1.955e-03 7.370e-06 7.370e-06 7.370e-03 6.105e-06 6.105e-06 1.961e-02
27.310234 -4.146e+00 -3.857e-01 2.043e-03 2.998e-04 2.998e-04 2.998e-01 2.991e-04 2.991e-04 3.333e-01
27.320234 -4.131e+00 -3.418e-01 2.171e-03 4.778e-04 4.778e-04 4.778e-01 4.774e-04 4.774e-04 4.902e-01
27.330235 -4.097e+00 -2.686e-01 2.300e-03 4.732e-04 4.732e-04 4.732e-01 4.725e-04 4.725e-04 4.902e-01
27.340235 -4.048e+00 -2.051e-01 2.414e-03 2.879e-04 2.879e-04 2.879e-01 2.869e-04 2.869e-04 2.941e-01
27.350233 -4.009e+00 -1.562e-01 2.475e-03 -7.346e-06 -7.346e-06 -7.346e-03 -8.547e-06 -8.547e-06 1.961e-02
27.360233 -3.955e+00 -1.074e-01 2.469e-03 -2.998e-04 -2.998e-04 -2.998e-01 -3.016e-04 -3.016e-04 -2.941e-01
27.370234 -3.926e+00 -6.348e-02 2.402e-03 -4.778e-04 -4.778e-04 -4.778e-01 -4.799e-04 -4.799e-04 -4.510e-01
27.380234 -3.882e+00 -3.418e-02 2.320e-03 -4.732e-04 -4.732e-04 -4.732e-01 -4.750e-04 -4.750e-04 -4.510e-01
27.390234 -3.828e+00 -4.883e-03 2.253e-03 -2.879e-04 -2.879e-04 -2.879e-01 -2.894e-04 -2.894e-04 -2.549e-01
27.400234 -3.760e+00 1.953e-02 2.239e-03 7.382e-06 7.382e-06 7.382e-03 6.105e-06 6.105e-06 1.961e-02
27.410234 -3.687e+00 8.301e-02 2.247e-03 2.998e-04 2.998e-04 2.998e-01 2.991e-04 2.991e-04 3.333e-01
27.420235 -3.594e+00 1.416e-01 2.297e-03 4.778e-04 4.778e-04 4.778e-01 4.774e-04 4.774e-04 4.902e-01
27.430233 -3.491e+00 2.100e-01 2.358e-03 4.732e-04 4.732e-04 4.732e-01 4.725e-04 4.725e-04 4.902e-01
27.440233 -3.369e+00 2.881e-01 2.390e-03 2.879e-04 2.879e-04 2.879e-01 2.869e-04 2.869e-04 2.941e-01
27.450233 -3.281e+00 3.320e-01 2.370e-03 -7.358e-06 -7.358e-06 -7.358e-03 -8.547e-06 -8.547e-06 1.961e-02
27.460234 -3.174e+00 4.004e-01 2.265e-03 -2.998e-04 -2.998e-04 -2.998e-01 -3.016e-04 -3.016e-04 -2.941e-01
27.470234 -3.076e+00 4.297e-01 2.133e-03 -4.778e-04 -4.778e-04 -4.778e-01 -4.799e-04 -4.799e-04 -4.510e-01
27.480234 -2.998e+00 4.346e-01 1.982e-03 -4.732e-04 -4.732e-04 -4.732e-01 -4.750e-04 -4.750e-04 -4.510e-01
27.490234 -2.900e+00 4.541e-01 1.847e-03 -2.879e-04 -2.879e-04 -2.879e-01 -2.894e-04 -2.894e-04 -2.549e-01
27.500235 -2.827e+00 4.639e-01 1.748e-03 7.394e-06 7.394e-06 7.394e-03 6.105e-06 6.105e-06 1.961e-02
27.510233 -2.710e+00 5.029e-01 1.699e-03 2.998e-04 2.998e-04 2.998e-01 2.991e-04 2.991e-04 3.333e-01
27.520235 -2.603e+00 5.322e-01 1.690e-03 4.778e-04 4.778e-04 4.778e-01 4.774e-04 4.774e-04 4.902e-01
27.530233 -2.485e+00 5.811e-01 1.687e-03 4.732e-04 4.732e-04 4.732e-01 4.725e-04 4.725e-04 4.902e-01
27.540234 -2.373e+00 6.299e-01 1.658e-03 2.879e-04 2.879e-04 2.879e-01 2.869e-04 2.869e-04 2.941e-01
27.550234 -2.271e+00 6.641e-01 1.561e-03 -7.370e-06 -7.370e-06 -7.370e-03 -8.547e-06 -8.547e-06 1.961e-02
27.560234 -2.183e+00 6.787e-01 1.436e-03 -2.998e-04 -2.998e-04 -2.998e-01 -3.016e-04 -3.016e-04 -2.941e-01
27.570234 -2.104e+00 6.641e-01 1.267e-03 -4.778e-04 -4.778e-04 -4.778e-01 -4.799e-04 -4.799e-04 -4.510e-01
27.580233 -2.051e+00 6.348e-01 1.080e-03 -4.732e-04 -4.732e-04 -4.732e-01 -4.750e-04 -4.750e-04 -4.510e-01
27.590233 -1.987e+00 6.201e-01 9.164e-04 -2.879e-04 -2.879e-04 -2.879e-01 -2.894e-04 -2.894e-04 -2.549e-01
27.600233 -1.943e+00 5.762e-01 8.085e-04 7.346e-06 7.346e-06 7.346e-03 6.105e-06 6.105e-06 1.961e-02
27.610235 -1.870e+00 5.859e-01 7.267e-04 2.999e-04 2.999e-04 2.999e-01 2.991e-04 2.991e-04 3.333e-01
27.620234 -1.816e+00 5.811e-01 7.180e-04 4.778e-04 4.778e-04 4.778e-01 4.774e-04 4.774e-04 4.902e-01
27.630234 -1.768e+00 5.811e-01 7.005e-04 4.732e-04 4.732e-04 4.732e-01 4.725e-04 4.725e-04 4.902e-01
27.640234 -1.704e+00 5.811e-01 6.888e-04 2.879e-04 2.879e-04 2.879e-01 2.869e-04 2.869e-04 2.941e-01
27.650234 -1.665e+00 5.615e-01 6.275e-04 -7.382e-06 -7.382e-06 -7.382e-03 -8.547e-06 -8.547e-06 1.961e-02
27.660234 -1.650e+00 5.469e-01 5.020e-04 -2.998e-04 -2.998e-04 -2.998e-01 -3.016e-04 -3.016e-04 -2.941e-01
27.670235 -1.655e+00 4.932e-01 3.619e-04 -4.778e-04 -4.778e-04 -4.778e-01 -4.799e-04 -4.799e-04 -4.510e-01
27.680235 -1.675e+00 4.248e-01 2.131e-04 -4.732e-04 -4.732e-04 -4.732e-01 -4.750e-04 -4.750e-04 -4.510e-01
27.690233 -1.709e+00 3.662e-01 8.464e-05 -2.879e-04 -2.879e-04 -2.879e-01 -2.894e-04 -2.894e-04 -2.549e-01
27.700233 -1.748e+00 3.027e-01 1.167e-05 7.358e-06 7.358e-06 7.358e-03 6.105e-06 6.105e-06 1.961e-02
27.710234 -1.777e+00 2.637e-01 0.000e+00 2.998e-04 2.998e-04 2.998e-01 2.991e-04 2.991e-04 3.333e-01
27.720234 -1.807e+00 2.148e-01 4.086e-05 4.778e-04 4.778e-04 4.778e-01 4.774e-04 4.774e-04 4.902e-01
27.730234 -1.836e+00 1.904e-01 9.923e-05 4.732e-04 4.732e-04 4.732e-01 4.725e-04 4.725e-04 4.902e-01
27.740234 -1.860e+00 1.660e-01 1.459e-04 2.879e-04 2.879e-04 2.879e-01 2.869e-04 2.869e-04 2.941e-01
27.750235 -1.934e+00 1.025e-01 1.664e-04 -7.394e-06 -7.394e-06 -7.394e-03 -8.547e-06 -8.547e-06 1.961e-02
27.760233 -2.002e+00 7.324e-02 1.138e-04 -2.998e-04 -2.998e-04 -2.998e-01 -3.016e-04 -3.016e-04 -2.941e-01
27.770233 -2.095e+00 -4.883e-03 5.837e-05 -4.777e-04 -4.777e-04 -4.777e-01 -4.799e-04 -4.799e-04 -4.510e-01
27.780233 -2.197e+00 -7.812e-02 -1.167e-05 -4.732e-04 -4.732e-04 -4.732e-01 -4.750e-04 -4.750e-04 -4.510e-01
27.790234 -2.314e+00 -1.611e-01 -4.962e-05 -2.879e-04 -2.879e-04 -2.879e-01 -2.894e-04 -2.894e-04 -2.549e-01
27.800234 -2.432e+00 -2.295e-01 -3.502e-05 7.370e-06 7.370e-06 7.370e-03 6.105e-06 6.105e-06 1.961e-02
27.810234 -2.524e+00 -2.686e-01 2.919e-05 2.998e-04 2.998e-04 2.998e-01 2.991e-04 2.991e-04 3.333e-01
27.820234 -2.632e+00 -3.125e-01 1.605e-04 4.778e-04 4.778e-04 4.778e-01 4.774e-04 4.774e-04 4.902e-01
27.830235 -2.715e+00 -3.418e-01 3.065e-04 4.732e-04 4.732e-04 4.732e-01 4.725e-04 4.725e-04 4.902e-01
27.840233 -2.812e+00 -3.662e-01 4.465e-04 2.879e-04 2.879e-04 2.879e-01 2.869e-04 2.869e-04 2.941e-01
27.850233 -2.915e+00 -4.102e-01 5.458e-04 -7.346e-06 -7.346e-06 -7.346e-03 -8.547e-06 -8.547e-06 1.961e-02
27.860233 -3.018e+00 -4.346e-01 5.808e-04 -2.998e-04 -2.998e-04 -2.998e-01 -3.016e-04 -3.016e-04 -2.941e-01
27.870234 -3.149e+00 -4.883e-01 5.954e-04 -4.778e-04 -4.778e-04 -4.778e-01 -4.799e-04 -4.799e-04 -4.510e-01
27.880234 -3.276e+00 -5.322e-01 5.954e-04 -4.732e-04 -4.732e-04 -4.732e-01 -4.750e-04 -4.750e-04 -4.510e-01
27.890234 -3.408e+00 -5.859e-01 6.304e-04 -2.879e-04 -2.879e-04 -2.879e-01 -2.894e-04 -2.894e-04 -2.549e-01
27.900234 -3.530e+00 -6.299e-01 7.063e-04 7.382e-06 7.382e-06 7.382e-03 6.105e-06 6.105e-06 1.961e-02
27.910234 -3.638e+00 -6.494e-01 8.464e-04 2.998e-04 2.998e-04 2.998e-01 2.991e-04 2.991e-04 3.333e-01
27.920235 -3.730e+00 -6.689e-01 1.039e-03 4.778e-04 4.778e-04 4.778e-01 4.774e-04 4.774e-04 4.902e-01
27.930235 -3.809e+00 -6.641e-01 1.240e-03 4.732e-04 4.732e-04 4.732e-01 4.725e-04 4.725e-04 4.902e-01
27.940233 -3.887e+00 -6.348e-01 1.413e-03 2.879e-04 2.879e-04 2.879e-01 2.869e-04 2.869e-04 2.941e-01
27.950233 -3.950e+00 -6.250e-01 1.538e-03 -7.359e-06 -7.359e-06 -7.359e-03 -8.547e-06 -8.547e-06 1.961e-02
27.960234 -4.023e+00 -6.104e-01 1.608e-03 -2.998e-04 -2.998e-04 -2.998e-01 -3.016e-04 -3.016e-04 -2.941e-01
27.970232 -4.111e+00 -6.201e-01 1.649e-03 -4.777e-04 -4.777e-04 -4.777e-01 -4.799e-04 -4.799e-04 -4.510e-01
27.980234 -4.194e+00 -6.250e-01 1.669e-03 -4.732e-04 -4.732e-04 -4.732e-01 -4.750e-04 -4.750e-04 -4.510e-01
27.990234 -4.258e+00 -6.250e-01 1.693e-03 -2.879e-04 -2.879e-04 -2.879e-01 -2.894e-04 -2.894e-04 -2.549e-01
28.000235 -4.326e+00 -6.201e-01 1.780e-03 7.395e-06 7.395e-06 7.395e-03 6.105e-06 6.105e-06 1.961e-02
28.010235 -4.355e+00 -5.957e-01 1.915e-03 2.998e-04 2.998e-04 2.998e-01 2.991e-04 2.991e-04 3.333e-01
28.020233 -4.365e+00 -5.615e-01 2.090e-03 4.777e-04 4.777e-04 4.777e-01 4.774e-04 4.774e-04 4.902e-01
28.030233 -4.365e+00 -5.029e-01 2.259e-03 4.732e-04 4.732e-04 4.732e-01 4.725e-04 4.725e-04 4.902e-01
28.040234 -4.346e+00 -4.297e-01 2.396e-03 2.879e-04 2.879e-04 2.879e-01 2.869e-04 2.869e-04 2.941e-01
28.050234 -4.341e+00 -3.809e-01 2.487e-03 -7.371e-06 -7.371e-06 -7.371e-03 -8.547e-06 -8.547e-06 1.961e-02
28.060234 -4.321e+00 -3.271e-01 2.519e-03 -2.998e-04 -2.998e-04 -2.998e-01 -3.016e-04 -3.016e-04 -2.941e-01
28.070234 -4.316e+00 -3.027e-01 2.501e-03 -4.778e-04 -4.778e-04 -4.778e-01 -4.799e-04 -4.799e-04 -4.510e-01
28.080233 -4.282e+00 -2.686e-01 2.460e-03 -4.732e-04 -4.732e-04 -4.732e-01 -4.750e-04 -4.750e-04 -4.510e-01
28.090235 -4.263e+00 -2.246e-01 2.431e-03 -2.879e-04 -2.879e-04 -2.879e-01 -2.894e-04 -2.894e-04 -2.549e-01
28.100233 -4.214e+00 -2.100e-01 2.457e-03 7.347e-06 7.347e-06 7.347e-03 6.105e-06 6.105e-06 1.961e-02
28.110233 -4.141e+00 -1.367e-01 2.504e-03 2.998e-04 2.998e-04 2.998e-01 2.991e-04 2.991e-04 3.333e-01
28.120234 -4.082e+00 -6.348e-02 2.583e-03 4.778e-04 4.778e-04 4.778e-01 4.774e-04 4.774e-04 4.902e-01
28.130234 -3.965e+00 1.953e-02 2.668e-03 4.732e-04 4.732e-04 4.732e-01 4.725e-04 4.725e-04 4.902e-01
28.140234 -3.862e+00 1.123e-01 2.723e-03 2.879e-04 2.879e-04 2.879e-01 2.869e-04 2.869e-04 2.941e-01
28.150234 -3.765e+00 1.855e-01 2.708e-03 -7.383e-06 -7.383e-06 -7.383e-03 -8.547e-06 -8.547e-06 1.961e-02
28.160234 -3.652e+00 2.441e-01 2.656e-03 -2.998e-04 -2.998e-04 -2.998e-01 -3.016e-04 -3.016e-04 -2.941e-01
28.170235 -3.560e+00 2.832e-01 2.545e-03 -4.778e-04 -4.778e-04 -4.778e-01 -4.799e-04 -4.799e-04 -4.510e-01
28.180235 -3.462e+00 3.223e-01 2.405e-03 -4.732e-04 -4.732e-04 -4.732e-01 -4.750e-04 -4.750e-04 -4.510e-01
28.190235 -3.359e+00 3.516e-01 2.291e-03 -2.879e-04 -2.879e-04 -2.879e-01 -2.894e-04 -2.894e-04 -2.549e-01
28.200233 -3.257e+00 3.857e-01 2.206e-03 7.359e-06 7.359e-06 7.359e-03 6.105e-06 6.105e-06 1.961e-02
28.210232 -3.115e+00 4.346e-01 2.169e-03 2.998e-04 2.998e-04 2.998e-01 2.991e-04 2.991e-04 3.333e-01
28.220234 -3.003e+00 5.127e-01 2.145e-03 4.778e-04 4.778e-04 4.778e-01 4.774e-04 4.774e-04 4.902e-01
28.230234 -2.847e+00 5.762e-01 2.148e-03 4.732e-04 4.732e-04 4.732e-01 4.725e-04 4.725e-04 4.902e-01
28.240234 -2.700e+00 6.299e-01 2.125e-03 2.879e-04 2.879e-04 2.879e-01 2.869e-04 2.869e-04 2.941e-01
28.250235 -2.578e+00 6.836e-01 2.031e-03 -7.395e-06 -7.395e-06 -7.395e-03 -8.547e-06 -8.547e-06 1.961e-02
28.260233 -2.441e+00 7.178e-01 1.900e-03 -2.998e-04 -2.998e-04 -2.998e-01 -3.016e-04 -3.016e-04 -2.941e-01
28.270233 -2.339e+00 7.178e-01 1.719e-03 -4.777e-04 -4.777e-04 -4.777e-01 -4.799e-04 -4.799e-04 -4.510e-01
28.280233 -2.236e+00 7.373e-01 1.506e-03 -4.732e-04 -4.732e-04 -4.732e-01 -4.750e-04 -4.750e-04 -4.510e-01
28.290234 -2.148e+00 7.227e-01 1.328e-03 -2.879e-04 -2.879e-04 -2.879e-01 -2.894e-04 -2.894e-04 -2.549e-01
28.300234 -2.051e+00 7.129e-01 1.191e-03 7.371e-06 7.371e-06 7.371e-03 6.105e-06 6.105e-06 1.961e-02
28.310236 -1.948e+00 7.275e-01 1.100e-03 2.999e-04 2.999e-04 2.999e-01 2.991e-04 2.991e-04 3.333e-01
28.320234 -1.855e+00 7.422e-01 1.051e-03 4.778e-04 4.778e-04 4.778e-01 4.774e-04 4.774e-04 4.902e-01
28.330235 -1.758e+00 7.666e-01 1.016e-03 4.732e-04 4.732e-04 4.732e-01 4.725e-04 4.725e-04 4.902e-01
28.340235 -1.646e+00 7.861e-01 9.573e-04 2.879e-04 2.879e-04 2.879e-01 2.869e-04 2.869e-04 2.941e-01
28.350233 -1.572e+00 7.715e-01 8.668e-04 -7.347e-06 -7.347e-06 -7.347e-03 -8.547e-06 -8.547e-06 1.961e-02
28.360233 -1.489e+00 7.520e-01 7.296e-04 -2.998e-04 -2.998e-04 -2.998e-01 -3.016e-04 -3.016e-04 -2.941e-01
28.370234 -1.431e+00 7.178e-01 5.341e-04 -4.778e-04 -4.778e-04 -4.778e-01 -4.799e-04 -4.799e-04 -4.510e-01
28.380234 -1.392e+00 6.787e-01 3.356e-04 -4.732e-04 -4.732e-04 -4.732e-01 -4.750e-04 -4.750e-04 -4.510e-01
28.390234 -1.343e+00 6.250e-01 1.693e-04 -2.879e-04 -2.879e-04 -2.879e-01 -2.894e-04 -2.894e-04 -2.549e-01
28.400234 -1.299e+00 5.566e-01 6.129e-05 7.383e-06 7.383e-06 7.383e-03 6.105e-06 6.105e-06 1.961e-02
28.410234 -1.250e+00 5.176e-01 8.756e-06 2.998e-04 2.998e-04 2.998e-01 2.991e-04 2.991e-04 3.333e-01
28.420235 -1.216e+00 4.883e-01 0.000e+00 4.778e-04 4.778e-04 4.778e-01 4.774e-04 4.774e-04 4.902e-01
28.430233 -1.167e+00 4.639e-01 2.043e-05 4.732e-04 4.732e-04 4.732e-01 4.725e-04 4.725e-04 4.902e-01
28.440233 -1.128e+00 4.443e-01 2.043e-05 2.879e-04 2.879e-04 2.879e-01 2.869e-04 2.869e-04 2.941e-01
28.450233 -1.108e+00 4.053e-01 -1.751e-05 -7.359e-06 -7.359e-06 -7.359e-03 -8.547e-06 -8.547e-06 1.961e-02
28.460234 -1.084e+00 3.564e-01 -9.340e-05 -2.998e-04 -2.998e-04 -2.998e-01 -3.016e-04 -3.016e-04 -2.941e-01
28.470234 -1.113e+00 2.979e-01 -2.218e-04 -4.778e-04 -4.778e-04 -4.778e-01 -4.799e-04 -4.799e-04 -4.510e-01
28.480234 -1.152e+00 2.197e-01 -3.386e-04 -4.732e-04 -4.732e-04 -4.732e-01 -4.750e-04 -4.750e-04 -4.510e-01
28.490232 -1.206e+00 1.416e-01 -4.203e-04 -2.879e-04 -2.879e-04 -2.879e-01 -2.894e-04 -2.894e-04 -2.549e-01
28.500235 -1.284e+00 5.859e-02 -4.436e-04 7.395e-06 7.395e-06 7.395e-03 6.105e-06 6.105e-06 1.961e-02
28.510235 -1.377e+00 1.465e-02 -4.320e-04 2.998e-04 2.998e-04 2.998e-01 2.991e-04 2.991e-04 3.333e-01
28.520233 -1.475e+00 -4.883e-02 -3.386e-04 4.777e-04 4.777e-04 4.777e-01 4.774e-04 4.774e-04 4.902e-01
28.530233 -1.582e+00 -6.836e-02 -2.393e-04 4.732e-04 4.732e-04 4.732e-01 4.725e-04 4.725e-04 4.902e-01
28.540234 -1.704e+00 -1.172e-01 -1.401e-04 2.879e-04 2.879e-04 2.879e-01 2.869e-04 2.869e-04 2.941e-01
28.550234 -1.846e+00 -1.660e-01 -8.464e-05 -7.371e-06 -7.371e-06 -7.371e-03 -8.547e-06 -8.547e-06 1.961e-02
28.560234 -1.978e+00 -2.002e-01 -9.340e-05 -2.998e-04 -2.998e-04 -2.998e-01 -3.016e-04 -3.016e-04 -2.941e-01
28.570234 -2.148e+00 -2.881e-01 -9.923e-05 -4.778e-04 -4.778e-04 -4.778e-01 -4.799e-04 -4.799e-04 -4.510e-01
28.580235 -2.310e+00 -3.711e-01 -1.197e-04 -4.732e-04 -4.732e-04 -4.732e-01 -4.750e-04 -4.750e-04 -4.510e-01
28.590235 -2.476e+00 -4.541e-01 -1.051e-04 -2.879e-04 -2.879e-04 -2.879e-01 -2.894e-04 -2.894e-04 -2.549e-01
28.600233 -2.646e+00 -5.176e-01 -4.962e-05 7.347e-06 7.347e-06 7.347e-03 6.105e-06 6.105e-06 1.961e-02
28.610233 -2.793e+00 -5.615e-01 6.713e-05 2.998e-04 2.998e-04 2.998e-01 2.991e-04 2.991e-04 3.333e-01
28.620234 -2.949e+00 -5.957e-01 2.393e-04 4.778e-04 4.778e-04 4.778e-01 4.774e-04 4.774e-04 4.902e-01
28.630234 -3.076e+00 -6.152e-01 4.320e-04 4.732e-04 4.732e-04 4.732e-01 4.725e-04 4.725e-04 4.902e-01
28.640234 -3.203e+00 -6.396e-01 6.158e-04 2.879e-04 2.879e-04 2.879e-01 2.869e-04 2.869e-04 2.941e-01
28.650234 -3.354e+00 -6.641e-01 7.472e-04 -7.383e-06 -7.383e-06 -7.383e-03 -8.547e-06 -8.547e-06 1.961e-02
28.660233 -3.472e+00 -6.836e-01 8.318e-04 -2.998e-04 -2.998e-04 -2.998e-01 -3.016e-04 -3.016e-04 -2.941e-01
28.670235 -3.628e+00 -7.275e-01 8.902e-04 -4.778e-04 -4.778e-04 -4.778e-01 -4.799e-04 -4.799e-04 -4.510e-01
28.680235 -3.765e+00 -7.666e-01 9.310e-04 -4.732e-04 -4.732e-04 -4.732e-01 -4.750e-04 -4.750e-04 -4.510e-01
28.690233 -3.906e+00 -8.105e-01 1.004e-03 -2.879e-04 -2.879e-04 -2.879e-01 -2.894e-04 -2.894e-04 -2.549e-01
28.700233 -4.038e+00 -8.447e-01 1.112e-03 7.359e-06 7.359e-06 7.359e-03 6.105e-06 6.105e-06 1.961e-02
28.710234 -4.146e+00 -8.252e-01 1.267e-03 2.998e-04 2.998e-04 2.998e-01 2.991e-04 2.991e-04 3.333e-01
28.720234 -4.243e+00 -8.203e-01 1.480e-03 4.778e-04 4.778e-04 4.778e-01 4.774e-04 4.774e-04 4.902e-01
28.730234 -4.307e+00 -7.861e-01 1.704e-03 4.732e-04 4.732e-04 4.732e-01 4.725e-04 4.725e-04 4.902e-01
28.740232 -4.370e+00 -7.520e-01 1.903e-03 2.879e-04 2.879e-04 2.879e-01 2.869e-04 2.869e-04 2.941e-01
28.750235 -4.438e+00 -7.178e-01 2.046e-03 -7.395e-06 -7.395e-06 -7.395e-03 -8.547e-06 -8.547e-06 1.961e-02
28.760233 -4.478e+00 -6.934e-01 2.139e-03 -2.998e-04 -2.998e-04 -2.998e-01 -3.016e-04 -3.016e-04 -2.941e-01
28.770233 -4.546e+00 -6.641e-01 2.171e-03 -4.777e-04 -4.777e-04 -4.777e-01 -4.799e-04 -4.799e-04 -4.510e-01
28.780235 -4.604e+00 -6.396e-01 2.189e-03 -4.732e-04 -4.732e-04 -4.732e-01 -4.750e-04 -4.750e-04 -4.510e-01
28.790234 -4.639e+00 -6.348e-01 2.236e-03 -2.879e-04 -2.879e-04 -2.879e-01 -2.894e-04 -2.894e-04 -2.549e-01
28.800234 -4.653e+00 -6.104e-01 2.317e-03 7.371e-06 7.371e-06 7.371e-03 6.105e-06 6.105e-06 1.961e-02
28.810234 -4.639e+00 -5.566e-01 2.437e-03 2.998e-04 2.998e-04 2.998e-01 2.991e-04 2.991e-04 3.333e-01
28.820234 -4.639e+00 -4.834e-01 2.580e-03 4.778e-04 4.778e-04 4.778e-01 4.774e-04 4.774e-04 4.902e-01
28.830235 -4.575e+00 -4.102e-01 2.755e-03 4.732e-04 4.732e-04 4.732e-01 4.725e-04 4.725e-04 4.902e-01
28.840233 -4.526e+00 -3.223e-01 2.869e-03 2.879e-04 2.879e-04 2.879e-01 2.869e-04 2.869e-04 2.941e-01
28.850233 -4.478e+00 -2.393e-01 2.930e-03 -7.347e-06 -7.347e-06 -7.347e-03 -8.547e-06 -8.547e-06 1.961e-02
28.860233 -4.399e+00 -1.660e-01 2.939e-03 -2.998e-04 -2.998e-04 -2.998e-01 -3.016e-04 -3.016e-04 -2.941e-01
28.870234 -4.341e+00 -1.172e-01 2.889e-03 -4.778e-04 -4.778e-04 -4.778e-01 -4.799e-04 -4.799e-04 -4.510e-01
28.880236 -4.277e+00 -5.859e-02 2.811e-03 -4.732e-04 -4.732e-04 -4.732e-01 -4.750e-04 -4.750e-04 -4.510e-01
28.890234 -4.209e+00 -9.766e-03 2.749e-03 -2.879e-04 -2.879e-04 -2.879e-01 -2.894e-04 -2.894e-04 -2.549e-01
28.900234 -4.111e+00 3.906e-02 2.726e-03 7.383e-06 7.383e-06 7.383e-03 6.105e-06 6.105e-06 1.961e-02
28.910234 -4.004e+00 1.074e-01 2.746e-03 2.998e-04 2.998e-04 2.998e-01 2.991e-04 2.991e-04 3.333e-01
28.920235 -3.872e+00 1.855e-01 2.790e-03 4.778e-04 4.778e-04 4.778e-01 4.774e-04 4.774e-04 4.902e-01
28.930233 -3.730e+00 2.979e-01 2.819e-03 4.732e-04 4.732e-04 4.732e-01 4.725e-04 4.725e-04 4.902e-01
28.940235 -3.584e+00 3.711e-01 2.840e-03 2.879e-04 2.879e-04 2.879e-01 2.869e-04 2.869e-04 2.941e-01
28.950233 -3.433e+00 4.688e-01 2.781e-03 -7.359e-06 -7.359e-06 -7.359e-03 -8.547e-06 -8.547e-06 1.961e-02
28.960234 -3.291e+00 5.420e-01 2.671e-03 -2.998e-04 -2.998e-04 -2.998e-01 -3.016e-04 -3.016e-04 -2.941e-01
28.970236 -3.154e+00 5.859e-01 2.507e-03 -4.778e-04 -4.778e-04 -4.778e-01 -4.799e-04 -4.799e-04 -4.510e-01
28.980234 -3.008e+00 6.152e-01 2.335e-03 -4.732e-04 -4.732e-04 -4.732e-01 -4.750e-04 -4.750e-04 -4.510e-01
28.990234 -2.881e+00 6.494e-01 2.163e-03 -2.879e-04 -2.879e-04 -2.879e-01 -2.894e-04 -2.894e-04 -2.549e-01
29.000233 -2.749e+00 6.787e-01 2.028e-03 7.335e-06 7.335e-06 7.335e-03 6.105e-06 6.105e-06 1.961e-02
29.010233 -2.588e+00 7.324e-01 1.947e-03 2.998e-04 2.998e-04 2.998e-01 2.991e-04 2.991e-04 3.333e-01
29.020233 -2.446e+00 7.715e-01 1.894e-03 4.777e-04 4.777e-04 4.777e-01 4.774e-04 4.774e-04 4.902e-01
29.030233 -2.266e+00 8.350e-01 1.853e-03 4.732e-04 4.732e-04 4.732e-01 4.725e-04 4.725e-04 4.902e-01
29.040234 -2.114e+00 8.887e-01 1.777e-03 2.879e-04 2.879e-04 2.879e-01 2.869e-04 2.869e-04 2.941e-01
29.050234 -1.973e+00 9.180e-01 1.661e-03 -7.371e-06 -7.371e-06 -7.371e-03 -8.547e-06 -8.547e-06 1.961e-02
29.060234 -1.841e+00 9.521e-01 1.471e-03 -2.998e-04 -2.998e-04 -2.998e-01 -3.016e-04 -3.016e-04 -2.941e-01
29.070234 -1.729e+00 9.326e-01 1.270e-03 -4.778e-04 -4.778e-04 -4.778e-01 -4.799e-04 -4.799e-04 -4.510e-01
29.080236 -1.636e+00 9.131e-01 1.033e-03 -4.732e-04 -4.732e-04 -4.732e-01 -4.750e-04 -4.750e-04 -4.510e-01
29.090235 -1.548e+00 8.936e-01 8.143e-04 -2.879e-04 -2.879e-04 -2.879e-01 -2.894e-04 -2.894e-04 -2.549e-01
29.100233 -1.431e+00 8.643e-01 6.596e-04 7.348e-06 7.348e-06 7.348e-03 6.105e-06 6.105e-06 1.961e-02
29.110233 -1.318e+00 8.545e-01 5.516e-04 2.998e-04 2.998e-04 2.998e-01 2.991e-04 2.991e-04 3.333e-01
29.120234 -1.201e+00 8.447e-01 4.845e-04 4.778e-04 4.778e-04 4.778e-01 4.774e-04 4.774e-04 4.902e-01
29.130234 -1.040e+00 8.398e-01 4.465e-04 4.732e-04 4.732e-04 4.732e-01 4.725e-04 4.725e-04 4.902e-01
29.140234 -8.936e-01 8.252e-01 3.911e-04 2.879e-04 2.879e-04 2.879e-01 2.869e-04 2.869e-04 2.941e-01
29.150234 -7.568e-01 8.105e-01 2.802e-04 -7.384e-06 -7.384e-06 -7.384e-03 -8.547e-06 -8.547e-06 1.961e-02
29.160234 -6.152e-01 7.812e-01 1.313e-04 -2.998e-04 -2.998e-04 -2.998e-01 -3.016e-04 -3.016e-04 -2.941e-01
29.170235 -5.029e-01 7.324e-01 -5.837e-05 -4.778e-04 -4.778e-04 -4.778e-01 -4.799e-04 -4.799e-04 -4.510e-01
29.180233 -3.857e-01 6.689e-01 -2.568e-04 -4.732e-04 -4.732e-04 -4.732e-01 -4.750e-04 -4.750e-04 -4.510e-01
29.190233 -2.783e-01 6.006e-01 -4.174e-04 -2.879e-04 -2.879e-04 -2.879e-01 -2.894e-04 -2.894e-04 -2.549e-01
29.200233 -1.807e-01 5.469e-01 -5.253e-04 7.360e-06 7.360e-06 7.360e-03 6.105e-06 6.105e-06 1.961e-02
29.210234 -4.883e-02 4.980e-01 -5.662e-04 2.998e-04 2.998e-04 2.998e-01 2.991e-04 2.991e-04 3.333e-01
29.220234 6.836e-02 4.541e-01 -5.662e-04 4.778e-04 4.778e-04 4.778e-01 4.774e-04 4.774e-04 4.902e-01
29.230234 1.709e-01 4.541e-01 -5.575e-04 4.732e-04 4.732e-04 4.732e-01 4.725e-04 4.725e-04 4.902e-01
29.240234 2.881e-01 4.150e-01 -5.429e-04 2.879e-04 2.879e-04 2.879e-01 2.869e-04 2.869e-04 2.941e-01
29.250235 4.004e-01 3.857e-01 -5.808e-04 -7.396e-06 -7.396e-06 -7.396e-03 -8.547e-06 -8.547e-06 1.961e-02
29.260233 5.078e-01 3.467e-01 -6.567e-04 -2.998e-04 -2.998e-04 -2.998e-01 -3.016e-04 -3.016e-04 -2.941e-01
29.270235 5.859e-01 2.881e-01 -7.705e-04 -4.778e-04 -4.778e-04 -4.778e-01 -4.799e-04 -4.799e-04 -4.510e-01
29.280233 6.592e-01 2.246e-01 -8.843e-04 -4.732e-04 -4.732e-04 -4.732e-01 -4.750e-04 -4.750e-04 -4.510e-01
29.290236 7.031e-01 1.562e-01 -9.719e-04 -2.879e-04 -2.879e-04 -2.879e-01 -2.894e-04 -2.894e-04 -2.549e-01
29.300234 7.520e-01 1.025e-01 -1.013e-03 7.372e-06 7.372e-06 7.372e-03 6.105e-06 6.105e-06 1.961e-02
29.310234 8.105e-01 7.324e-02 -9.923e-04 2.998e-04 2.998e-04 2.998e-01 2.991e-04 2.991e-04 3.333e-01
29.320234 8.594e-01 4.395e-02 -9.223e-04 4.778e-04 4.778e-04 4.778e-01 4.774e-04 4.774e-04 4.902e-01
29.330233 9.521e-01 3.906e-02 -8.406e-04 4.732e-04 4.732e-04 4.732e-01 4.725e-04 4.725e-04 4.902e-01
29.340235 1.006e+00 2.441e-02 -7.647e-04 2.879e-04 2.879e-04 2.879e-01 2.869e-04 2.869e-04 2.941e-01
29.350233 1.060e+00 4.883e-03 -7.296e-04 -7.348e-06 -7.348e-06 -7.348e-03 -8.547e-06 -8.547e-06 1.961e-02
29.360233 1.118e+00 -9.766e-03 -7.530e-04 -2.998e-04 -2.998e-04 -2.998e-01 -3.016e-04 -3.016e-04 -2.941e-01
29.370234 1.157e+00 -5.371e-02 -8.026e-04 -4.778e-04 -4.778e-04 -4.778e-01 -4.799e-04 -4.799e-04 -4.510e-01
29.380234 1.167e+00 -8.301e-02 -8.785e-04 -4.732e-04 -4.732e-04 -4.732e-01 -4.750e-04 -4.750e-04 -4.510e-01
29.390232 1.177e+00 -1.270e-01 -9.194e-04 -2.879e-04 -2.879e-04 -2.879e-01 -2.894e-04 -2.894e-04 -2.549e-01
29.400234 1.187e+00 -1.562e-01 -9.194e-04 7.384e-06 7.384e-06 7.384e-03 6.105e-06 6.105e-06 1.961e-02
29.410233 1.211e+00 -1.562e-01 -8.639e-04 2.998e-04 2.998e-04 2.998e-01 2.991e-04 2.991e-04 3.333e-01
29.420233 1.245e+00 -1.611e-01 -7.530e-04 4.777e-04 4.777e-04 4.777e-01 4.774e-04 4.774e-04 4.902e-01
29.430233 1.304e+00 -1.465e-01 -6.304e-04 4.732e-04 4.732e-04 4.732e-01 4.725e-04 4.725e-04 4.902e-01
29.440235 1.348e+00 -1.221e-01 -5.399e-04 2.879e-04 2.879e-04 2.879e-01 2.869e-04 2.869e-04 2.941e-01
29.450235 1.392e+00 -1.074e-01 -4.903e-04 -7.420e-06 -7.420e-06 -7.420e-03 -8.547e-06 -8.547e-06 1.961e-02
29.460234 1.426e+00 -1.025e-01 -4.962e-04 -2.998e-04 -2.998e-04 -2.998e-01 -3.016e-04 -3.016e-04 -2.941e-01
29.470234 1.455e+00 -1.221e-01 -5.341e-04 -4.778e-04 -4.778e-04 -4.778e-01 -4.799e-04 -4.799e-04 -4.510e-01
29.480234 1.484e+00 -1.172e-01 -6.071e-04 -4.732e-04 -4.732e-04 -4.732e-01 -4.750e-04 -4.750e-04 -4.510e-01
29.490234 1.509e+00 -1.367e-01 -6.479e-04 -2.879e-04 -2.879e-04 -2.879e-01 -2.894e-04 -2.894e-04 -2.549e-01
29.500233 1.562e+00 -1.367e-01 -6.421e-04 7.336e-06 7.336e-06 7.336e-03 6.105e-06 6.105e-06 1.961e-02
29.510235 1.616e+00 -1.270e-01 -5.866e-04 2.998e-04 2.998e-04 2.998e-01 2.991e-04 2.991e-04 3.333e-01
29.520233 1.689e+00 -1.025e-01 -4.932e-04 4.777e-04 4.777e-04 4.777e-01 4.774e-04 4.774e-04 4.902e-01
29.530233 1.797e+00 -4.395e-02 -3.940e-04 4.732e-04 4.732e-04 4.732e-01 4.725e-04 4.725e-04 4.902e-01
29.540234 1.895e+00 -4.883e-03 -3.123e-04 2.879e-04 2.879e-04 2.879e-01 2.869e-04 2.869e-04 2.941e-01
29.550234 1.997e+00 4.883e-02 -2.948e-04 -7.372e-06 -7.372e-06 -7.372e-03 -8.547e-06 -8.547e-06 1.961e-02
29.560234 2.095e+00 8.301e-02 -3.269e-04 -2.998e-04 -2.998e-04 -2.998e-01 -3.016e-04 -3.016e-04 -2.941e-01
29.570234 2.163e+00 8.789e-02 -4.028e-04 -4.778e-04 -4.778e-04 -4.778e-01 -4.799e-04 -4.799e-04 -4.510e-01
29.580233 2.256e+00 9.766e-02 -4.991e-04 -4.732e-04 -4.732e-04 -4.732e-01 -4.750e-04 -4.750e-04 -4.510e-01
29.590235 2.324e+00 1.025e-01 -5.837e-04 -2.879e-04 -2.879e-04 -2.879e-01 -2.894e-04 -2.894e-04 -2.549e-01
29.600233 2.402e+00 1.172e-01 -6.187e-04 7.348e-06 7.348e-06 7.348e-03 6.105e-06 6.105e-06 1.961e-02
29.610233 2.505e+00 1.562e-01 -6.129e-04 2.998e-04 2.998e-04 2.998e-01 2.991e-04 2.991e-04 3.333e-01
29.620234 2.607e+00 1.758e-01 -5.487e-04 4.778e-04 4.778e-04 4.778e-01 4.774e-04 4.774e-04 4.902e-01
29.630236 2.700e+00 2.539e-01 -5.166e-04 4.732e-04 4.732e-04 4.732e-01 4.725e-04 4.725e-04 4.902e-01
29.640234 2.812e+00 3.027e-01 -4.874e-04 2.879e-04 2.879e-04 2.879e-01 2.869e-04 2.869e-04 2.941e-01
29.650234 2.920e+00 3.613e-01 -5.253e-04 -7.384e-06 -7.384e-06 -7.384e-03 -8.547e-06 -8.547e-06 1.961e-02
29.660234 3.022e+00 3.857e-01 -6.071e-04 -2.998e-04 -2.998e-04 -2.998e-01 -3.016e-04 -3.016e-04 -2.941e-01
29.670233 3.096e+00 3.955e-01 -7.384e-04 -4.777e-04 -4.777e-04 -4.777e-01 -4.799e-04 -4.799e-04 -4.510e-01
29.680235 3.164e+00 3.955e-01 -8.668e-04 -4.732e-04 -4.732e-04 -4.732e-01 -4.750e-04 -4.750e-04 -4.510e-01
29.690233 3.237e+00 3.906e-01 -1.001e-03 -2.879e-04 -2.879e-04 -2.879e-01 -2.894e-04 -2.894e-04 -2.549e-01
29.700235 3.315e+00 4.004e-01 -1.089e-03 7.420e-06 7.420e-06 7.420e-03 6.105e-06 6.105e-06 1.961e-02
29.710234 3.398e+00 4.150e-01 -1.118e-03 2.998e-04 2.998e-04 2.998e-01 2.991e-04 2.991e-04 3.333e-01
29.720234 3.486e+00 4.443e-01 -1.121e-03 4.778e-04 4.778e-04 4.778e-01 4.774e-04 4.774e-04 4.902e-01
29.730234 3.589e+00 4.834e-01 -1.097e-03 4.732e-04 4.732e-04 4.732e-01 4.725e-04 4.725e-04 4.902e-01
29.740234 3.672e+00 5.127e-01 -1.121e-03 2.879e-04 2.879e-04 2.879e-01 2.869e-04 2.869e-04 2.941e-01
29.750233 3.755e+00 5.273e-01 -1.170e-03 -7.336e-06 -7.336e-06 -7.336e-03 -8.547e-06 -8.547e-06 1.961e-02
29.760235 3.828e+00 5.371e-01 -1.275e-03 -2.998e-04 -2.998e-04 -2.998e-01 -3.016e-04 -3.016e-04 -2.941e-01
29.770233 3.857e+00 5.225e-01 -1.427e-03 -4.777e-04 -4.777e-04 -4.777e-01 -4.799e-04 -4.799e-04 -4.510e-01
29.780235 3.916e+00 5.029e-01 -1.591e-03 -4.732e-04 -4.732e-04 -4.732e-01 -4.750e-04 -4.750e-04 -4.510e-01
29.790234 3.936e+00 4.639e-01 -1.734e-03 -2.879e-04 -2.879e-04 -2.879e-01 -2.894e-04 -2.894e-04 -2.549e-01
29.800234 3.979e+00 4.492e-01 -1.830e-03 7.372e-06 7.372e-06 7.372e-03 6.105e-06 6.105e-06 1.961e-02
29.810234 4.014e+00 4.150e-01 -1.856e-03 2.998e-04 2.998e-04 2.998e-01 2.991e-04 2.991e-04 3.333e-01
29.820234 4.058e+00 4.199e-01 -1.856e-03 4.778e-04 4.778e-04 4.778e-01 4.774e-04 4.774e-04 4.902e-01
29.830235 4.111e+00 4.297e-01 -1.830e-03 4.732e-04 4.732e-04 4.732e-01 4.725e-04 4.725e-04 4.902e-01
29.840235 4.141e+00 4.199e-01 -1.824e-03 2.879e-04 2.879e-04 2.879e-01 2.869e-04 2.869e-04 2.941e-01
29.850233 4.150e+00 4.102e-01 -1.859e-03 -7.348e-06 -7.348e-06 -7.348e-03 -8.547e-06 -8.547e-06 1.961e-02
29.860235 4.165e+00 3.906e-01 -1.950e-03 -2.999e-04 -2.999e-04 -2.999e-01 -3.016e-04 -3.016e-04 -2.941e-01
29.870235 4.150e+00 3.418e-01 -2.069e-03 -4.778e-04 -4.778e-04 -4.778e-01 -4.799e-04 -4.799e-04 -4.510e-01
29.880234 4.116e+00 2.979e-01 -2.198e-03 -4.732e-04 -4.732e-04 -4.732e-01 -4.750e-04 -4.750e-04 -4.510e-01
29.890234 4.077e+00 2.393e-01 -2.309e-03 -2.879e-04 -2.879e-04 -2.879e-01 -2.894e-04 -2.894e-04 -2.549e-01
29.900232 4.053e+00 1.904e-01 -2.355e-03 7.324e-06 7.324e-06 7.324e-03 6.105e-06 6.105e-06 1.961e-02
29.910233 4.019e+00 1.514e-01 -2.349e-03 2.998e-04 2.998e-04 2.998e-01 2.991e-04 2.991e-04 3.333e-01
29.920235 3.994e+00 1.074e-01 -2.279e-03 4.778e-04 4.778e-04 4.778e-01 4.774e-04 4.774e-04 4.902e-01
29.930233 3.984e+00 9.766e-02 -2.198e-03 4.732e-04 4.732e-04 4.732e-01 4.725e-04 4.725e-04 4.902e-01
29.940233 3.936e+00 7.812e-02 -2.145e-03 2.879e-04 2.879e-04 2.879e-01 2.869e-04 2.869e-04 2.941e-01
29.950233 3.882e+00 5.859e-02 -2.128e-03 -7.360e-06 -7.360e-06 -7.360e-03 -8.547e-06 -8.547e-06 1.961e-02
29.960239 3.833e+00 1.953e-02 -2.157e-03 -3.000e-04 -3.000e-04 -3.000e-01 -3.016e-04 -3.016e-04 -2.941e-01
29.970238 3.745e+00 -3.418e-02 -2.215e-03 -4.778e-04 -4.778e-04 -4.778e-01 -4.799e-04 -4.799e-04 -4.510e-01
29.980234 3.677e+00 -9.766e-02 -2.279e-03 -4.732e-04 -4.732e-04 -4.732e-01 -4.750e-04 -4.750e-04 -4.510e-01
29.990232 3.574e+00 -1.562e-01 -2.326e-03 -2.879e-04 -2.879e-04 -2.879e-01 -2.894e-04 -2.894e-04 -2.549e-01
30.000233 3.496e+00 -2.148e-01 -2.306e-03 7.336e-06 7.336e-06 7.336e-03 6.105e-06 6.105e-06 1.961e-02
30.010233 3.413e+00 -2.588e-01 -2.224e-03 2.998e-04 2.998e-04 2.998e-01 2.991e-04 2.991e-04 3.333e-01
30.020233 3.340e+00 -2.881e-01 -2.104e-03 4.777e-04 4.777e-04 4.777e-01 4.774e-04 4.774e-04 4.902e-01
30.030233 3.262e+00 -2.783e-01 -1.976e-03 4.732e-04 4.732e-04 4.732e-01 4.725e-04 4.725e-04 4.902e-01
30.040236 3.203e+00 -3.027e-01 -1.845e-03 2.879e-04 2.879e-04 2.879e-01 2.869e-04 2.869e-04 2.941e-01
30.050234 3.120e+00 -3.076e-01 -1.769e-03 -7.372e-06 -7.372e-06 -7.372e-03 -8.547e-06 -8.547e-06 1.961e-02
30.060234 3.037e+00 -3.418e-01 -1.734e-03 -2.998e-04 -2.998e-04 -2.998e-01 -3.016e-04 -3.016e-04 -2.941e-01
30.070234 2.944e+00 -3.760e-01 -1.751e-03 -4.778e-04 -4.778e-04 -4.778e-01 -4.799e-04 -4.799e-04 -4.510e-01
30.080235 2.856e+00 -4.102e-01 -1.763e-03 -4.732e-04 -4.732e-04 -4.732e-01 -4.750e-04 -4.750e-04 -4.510e-01
30.090233 2.744e+00 -4.541e-01 -1.757e-03 -2.879e-04 -2.879e-04 -2.879e-01 -2.894e-04 -2.894e-04 -2.549e-01
30.100233 2.671e+00 -4.834e-01 -1.690e-03 7.348e-06 7.348e-06 7.348e-03 6.105e-06 6.105e-06 1.961e-02
30.110233 2.588e+00 -5.029e-01 -1.567e-03 2.998e-04 2.998e-04 2.998e-01 2.991e-04 2.991e-04 3.333e-01
30.120234 2.529e+00 -5.078e-01 -1.410e-03 4.778e-04 4.778e-04 4.778e-01 4.774e-04 4.774e-04 4.902e-01
30.130234 2.471e+00 -4.639e-01 -1.255e-03 4.732e-04 4.732e-04 4.732e-01 4.725e-04 4.725e-04 4.902e-01
30.140234 2.432e+00 -4.541e-01 -1.103e-03 2.879e-04 2.879e-04 2.879e-01 2.869e-04 2.869e-04 2.941e-01
30.150232 2.388e+00 -4.346e-01 -1.001e-03 -7.324e-06 -7.324e-06 -7.324e-03 -8.547e-06 -8.547e-06 1.961e-02
30.160234 2.344e+00 -4.199e-01 -9.602e-04 -2.998e-04 -2.998e-04 -2.998e-01 -3.016e-04 -3.016e-04 -2.941e-01
30.170235 2.285e+00 -4.297e-01 -9.544e-04 -4.778e-04 -4.778e-04 -4.778e-01 -4.799e-04 -4.799e-04 -4.510e-01
30.180235 2.241e+00 -4.248e-01 -9.748e-04 -4.732e-04 -4.732e-04 -4.732e-01 -4.750e-04 -4.750e-04 -4.510e-01
30.190233 2.183e+00 -4.346e-01 -9.631e-04 -2.879e-04 -2.879e-04 -2.879e-01 -2.894e-04 -2.894e-04 -2.549e-01
30.200233 2.158e+00 -4.297e-01 -9.048e-04 7.360e-06 7.360e-06 7.360e-03 6.105e-06 6.105e-06 1.961e-02
30.210234 2.139e+00 -4.150e-01 -7.997e-04 2.998e-04 2.998e-04 2.998e-01 2.991e-04 2.991e-04 3.333e-01
30.220234 2.129e+00 -3.711e-01 -6.684e-04 4.778e-04 4.778e-04 4.778e-01 4.774e-04 4.774e-04 4.902e-01
30.230236 2.139e+00 -3.027e-01 -5.370e-04 4.732e-04 4.732e-04 4.732e-01 4.725e-04 4.725e-04 4.902e-01
30.240232 2.183e+00 -2.588e-01 -4.144e-04 2.879e-04 2.879e-04 2.879e-01 2.869e-04 2.869e-04 2.941e-01
30.250233 2.212e+00 -2.148e-01 -3.386e-04 -7.337e-06 -7.337e-06 -7.337e-03 -8.547e-06 -8.547e-06 1.961e-02
30.260233 2.227e+00 -1.758e-01 -3.356e-04 -2.998e-04 -2.998e-04 -2.998e-01 -3.016e-04 -3.016e-04 -2.941e-01
30.270233 2.241e+00 -1.514e-01 -3.794e-04 -4.777e-04 -4.777e-04 -4.777e-01 -4.799e-04 -4.799e-04 -4.510e-01
30.280235 2.285e+00 -1.318e-01 -4.320e-04 -4.732e-04 -4.732e-04 -4.732e-01 -4.750e-04 -4.750e-04 -4.510e-01
30.290234 2.285e+00 -1.172e-01 -4.816e-04 -2.879e-04 -2.879e-04 -2.879e-01 -2.894e-04 -2.894e-04 -2.549e-01
30.300236 2.314e+00 -7.812e-02 -4.932e-04 7.432e-06 7.432e-06 7.432e-03 6.105e-06 6.105e-06 1.961e-02
30.310234 2.373e+00 -3.418e-02 -4.582e-04 2.998e-04 2.998e-04 2.998e-01 2.991e-04 2.991e-04 3.333e-01
30.320234 2.441e+00 1.953e-02 -3.823e-04 4.778e-04 4.778e-04 4.778e-01 4.774e-04 4.774e-04 4.902e-01
30.330235 2.539e+00 9.766e-02 -3.152e-04 4.732e-04 4.732e-04 4.732e-01 4.725e-04 4.725e-04 4.902e-01
30.340235 2.622e+00 1.562e-01 -2.598e-04 2.879e-04 2.879e-04 2.879e-01 2.869e-04 2.869e-04 2.941e-01
30.350235 2.715e+00 2.148e-01 -2.568e-04 -7.409e-06 -7.409e-06 -7.409e-03 -8.547e-06 -8.547e-06 1.961e-02
30.360233 2.788e+00 2.588e-01 -3.240e-04 -2.998e-04 -2.998e-04 -2.998e-01 -3.016e-04 -3.016e-04 -2.941e-01
30.370234 2.866e+00 2.881e-01 -4.407e-04 -4.778e-04 -4.778e-04 -4.778e-01 -4.799e-04 -4.799e-04 -4.510e-01
30.380234 2.959e+00 3.027e-01 -5.604e-04 -4.732e-04 -4.732e-04 -4.732e-01 -4.750e-04 -4.750e-04 -4.510e-01
30.390234 3.003e+00 3.223e-01 -6.888e-04 -2.879e-04 -2.879e-04 -2.879e-01 -2.894e-04 -2.894e-04 -2.549e-01
30.400232 3.096e+00 3.467e-01 -7.618e-04 7.325e-06 7.325e-06 7.325e-03 6.105e-06 6.105e-06 1.961e-02
30.410234 3.179e+00 3.809e-01 -7.968e-04 2.998e-04 2.998e-04 2.998e-01 2.991e-04 2.991e-04 3.333e-01
30.420233 3.291e+00 4.199e-01 -7.909e-04 4.777e-04 4.777e-04 4.777e-01 4.774e-04 4.774e-04 4.902e-01
30.430233 3.403e+00 4.980e-01 -7.909e-04 4.732e-04 4.732e-04 4.732e-01 4.725e-04 4.725e-04 4.902e-01
30.440233 3.496e+00 5.322e-01 -7.909e-04 2.879e-04 2.879e-04 2.879e-01 2.869e-04 2.869e-04 2.941e-01
30.450233 3.618e+00 5.615e-01 -8.464e-04 -7.361e-06 -7.361e-06 -7.361e-03 -8.547e-06 -8.547e-06 1.961e-02
30.460234 3.716e+00 5.811e-01 -9.631e-04 -2.998e-04 -2.998e-04 -2.998e-01 -3.016e-04 -3.016e-04 -2.941e-01
30.470234 3.784e+00 5.811e-01 -1.121e-03 -4.778e-04 -4.778e-04 -4.778e-01 -4.799e-04 -4.799e-04 -4.510e-01
30.480234 3.857e+00 5.713e-01 -1.296e-03 -4.732e-04 -4.732e-04 -4.732e-01 -4.750e-04 -4.750e-04 -4.510e-01
30.490234 3.896e+00 5.664e-01 -1.462e-03 -2.879e-04 -2.879e-04 -2.879e-01 -2.894e-04 -2.894e-04 -2.549e-01
30.500233 3.970e+00 5.518e-01 -1.570e-03 7.337e-06 7.337e-06 7.337e-03 6.105e-06 6.105e-06 1.961e-02
30.510235 4.033e+00 5.518e-01 -1.626e-03 2.999e-04 2.999e-04 2.999e-01 2.991e-04 2.991e-04 3.333e-01
30.520233 4.102e+00 5.566e-01 -1.643e-03 4.777e-04 4.777e-04 4.777e-01 4.774e-04 4.774e-04 4.902e-01
30.530235 4.175e+00 5.811e-01 -1.643e-03 4.732e-04 4.732e-04 4.732e-01 4.725e-04 4.725e-04 4.902e-01
30.540236 4.243e+00 5.615e-01 -1.646e-03 2.879e-04 2.879e-04 2.879e-01 2.869e-04 2.869e-04 2.941e-01
30.550234 4.307e+00 5.713e-01 -1.719e-03 -7.373e-06 -7.373e-06 -7.373e-03 -8.547e-06 -8.547e-06 1.961e-02
30.560234 4.331e+00 5.566e-01 -1.839e-03 -2.998e-04 -2.998e-04 -2.998e-01 -3.016e-04 -3.016e-04 -2.941e-01
30.570234 4.341e+00 5.176e-01 -1.990e-03 -4.778e-04 -4.778e-04 -4.778e-01 -4.799e-04 -4.799e-04 -4.510e-01
30.580233 4.341e+00 4.785e-01 -2.145e-03 -4.732e-04 -4.732e-04 -4.732e-01 -4.750e-04 -4.750e-04 -4.510e-01
30.590233 4.341e+00 4.004e-01 -2.265e-03 -2.879e-04 -2.879e-04 -2.879e-01 -2.894e-04 -2.894e-04 -2.549e-01
30.600233 4.326e+00 3.760e-01 -2.358e-03 7.349e-06 7.349e-06 7.349e-03 6.105e-06 6.105e-06 1.961e-02
30.610235 4.312e+00 3.320e-01 -2.382e-03 2.999e-04 2.999e-04 2.999e-01 2.991e-04 2.991e-04 3.333e-01
30.620234 4.302e+00 3.076e-01 -2.358e-03 4.778e-04 4.778e-04 4.778e-01 4.774e-04 4.774e-04 4.902e-01
30.630236 4.292e+00 2.979e-01 -2.314e-03 4.732e-04 4.732e-04 4.732e-01 4.725e-04 4.725e-04 4.902e-01
30.640234 4.297e+00 2.539e-01 -2.274e-03 2.879e-04 2.879e-04 2.879e-01 2.869e-04 2.869e-04 2.941e-01
30.650234 4.263e+00 2.441e-01 -2.288e-03 -7.385e-06 -7.385e-06 -7.385e-03 -8.547e-06 -8.547e-06 1.961e-02
30.660234 4.199e+00 1.904e-01 -2.344e-03 -2.998e-04 -2.998e-04 -2.998e-01 -3.016e-04 -3.016e-04 -2.941e-01
30.670235 4.131e+00 1.221e-01 -2.428e-03 -4.778e-04 -4.778e-04 -4.778e-01 -4.799e-04 -4.799e-04 -4.510e-01
30.680235 4.053e+00 6.836e-02 -2.525e-03 -4.732e-04 -4.732e-04 -4.732e-01 -4.750e-04 -4.750e-04 -4.510e-01
30.690235 3.965e+00 0.000e+00 -2.600e-03 -2.879e-04 -2.879e-04 -2.879e-01 -2.894e-04 -2.894e-04 -2.549e-01
30.700235 3.911e+00 -6.836e-02 -2.598e-03 7.421e-06 7.421e-06 7.421e-03 6.105e-06 6.105e-06 1.961e-02
30.710234 3.813e+00 -1.270e-01 -2.539e-03 2.998e-04 2.998e-04 2.998e-01 2.991e-04 2.991e-04 3.333e-01
30.720234 3.745e+00 -1.709e-01 -2.431e-03 4.778e-04 4.778e-04 4.778e-01 4.774e-04 4.774e-04 4.902e-01
30.730234 3.667e+00 -1.855e-01 -2.314e-03 4.732e-04 4.732e-04 4.732e-01 4.725e-04 4.725e-04 4.902e-01
30.740234 3.569e+00 -2.100e-01 -2.209e-03 2.879e-04 2.879e-04 2.879e-01 2.869e-04 2.869e-04 2.941e-01
30.750235 3.491e+00 -2.393e-01 -2.133e-03 -7.397e-06 -7.397e-06 -7.397e-03 -8.547e-06 -8.547e-06 1.961e-02
30.760235 3.398e+00 -2.832e-01 -2.110e-03 -2.999e-04 -2.999e-04 -2.999e-01 -3.016e-04 -3.016e-04 -2.941e-01
30.770235 3.291e+00 -3.369e-01 -2.122e-03 -4.778e-04 -4.778e-04 -4.778e-01 -4.799e-04 -4.799e-04 -4.510e-01
30.780233 3.174e+00 -3.760e-01 -2.154e-03 -4.732e-04 -4.732e-04 -4.732e-01 -4.750e-04 -4.750e-04 -4.510e-01
30.790236 3.047e+00 -4.590e-01 -2.128e-03 -2.879e-04 -2.879e-04 -2.879e-01 -2.894e-04 -2.894e-04 -2.549e-01
30.800234 2.939e+00 -4.980e-01 -2.072e-03 7.373e-06 7.373e-06 7.373e-03 6.105e-06 6.105e-06 1.961e-02
30.810234 2.832e+00 -5.371e-01 -1.950e-03 2.998e-04 2.998e-04 2.998e-01 2.991e-04 2.991e-04 3.333e-01
30.820234 2.744e+00 -5.469e-01 -1.783e-03 4.778e-04 4.778e-04 4.778e-01 4.774e-04 4.774e-04 4.902e-01
30.830235 2.671e+00 -5.371e-01 -1.605e-03 4.732e-04 4.732e-04 4.732e-01 4.725e-04 4.725e-04 4.902e-01
30.840235 2.583e+00 -5.420e-01 -1.436e-03 2.879e-04 2.879e-04 2.879e-01 2.869e-04 2.869e-04 2.941e-01
30.850233 2.510e+00 -5.322e-01 -1.328e-03 -7.349e-06 -7.349e-06 -7.349e-03 -8.547e-06 -8.547e-06 1.961e-02
30.860233 2.422e+00 -5.371e-01 -1.270e-03 -2.998e-04 -2.998e-04 -2.998e-01 -3.016e-04 -3.016e-04 -2.941e-01
30.870234 2.339e+00 -5.469e-01 -1.249e-03 -4.778e-04 -4.778e-04 -4.778e-01 -4.799e-04 -4.799e-04 -4.510e-01
30.880234 2.246e+00 -5.713e-01 -1.237e-03 -4.732e-04 -4.732e-04 -4.732e-01 -4.750e-04 -4.750e-04 -4.510e-01
30.890234 2.158e+00 -5.957e-01 -1.208e-03 -2.879e-04 -2.879e-04 -2.879e-01 -2.894e-04 -2.894e-04 -2.549e-01
30.900234 2.100e+00 -6.104e-01 -1.109e-03 7.385e-06 7.385e-06 7.385e-03 6.105e-06 6.105e-06 1.961e-02
30.910233 2.036e+00 -5.908e-01 -9.923e-04 2.998e-04 2.998e-04 2.998e-01 2.991e-04 2.991e-04 3.333e-01
30.920235 2.002e+00 -5.615e-01 -8.260e-04 4.778e-04 4.778e-04 4.778e-01 4.774e-04 4.774e-04 4.902e-01
30.930233 1.987e+00 -5.127e-01 -6.450e-04 4.732e-04 4.732e-04 4.732e-01 4.725e-04 4.725e-04 4.902e-01
30.940233 1.968e+00 -4.590e-01 -5.078e-04 2.879e-04 2.879e-04 2.879e-01 2.869e-04 2.869e-04 2.941e-01
30.950233 1.968e+00 -4.053e-01 -4.086e-04 -7.361e-06 -7.361e-06 -7.361e-03 -8.547e-06 -8.547e-06 1.961e-02
30.960234 1.958e+00 -3.857e-01 -3.677e-04 -2.998e-04 -2.998e-04 -2.998e-01 -3.016e-04 -3.016e-04 -2.941e-01
30.970234 1.958e+00 -3.613e-01 -3.707e-04 -4.778e-04 -4.778e-04 -4.778e-01 -4.799e-04 -4.799e-04 -4.510e-01
30.980234 1.958e+00 -3.418e-01 -3.940e-04 -4.732e-04 -4.732e-04 -4.732e-01 -4.750e-04 -4.750e-04 -4.510e-01
30.990234 1.938e+00 -3.174e-01 -4.115e-04 -2.879e-04 -2.879e-04 -2.879e-01 -2.894e-04 -2.894e-04 -2.549e-01
31.000235 1.963e+00 -2.832e-01 -3.853e-04 7.397e-06 7.397e-06 7.397e-03 6.105e-06 6.105e-06 1.961e-02
31.010233 1.992e+00 -2.393e-01 -3.123e-04 2.998e-04 2.998e-04 2.998e-01 2.991e-04 2.991e-04 3.333e-01
31.020235 2.061e+00 -1.758e-01 -2.101e-04 4.778e-04 4.778e-04 4.778e-01 4.774e-04 4.774e-04 4.902e-01
31.030233 2.119e+00 -9.277e-02 -1.022e-04 4.732e-04 4.732e-04 4.732e-01 4.725e-04 4.725e-04 4.902e-01
31.040236 2.202e+00 -2.930e-02 -2.335e-05 2.879e-04 2.879e-04 2.879e-01 2.869e-04 2.869e-04 2.941e-01
31.050234 2.295e+00 4.883e-02 -5.837e-06 -7.373e-06 -7.373e-06 -7.373e-03 -8.547e-06 -8.547e-06 1.961e-02
31.060234 2.358e+00 9.277e-02 -3.502e-05 -2.998e-04 -2.998e-04 -2.998e-01 -3.016e-04 -3.016e-04 -2.941e-01
31.070234 2.441e+00 1.367e-01 -1.255e-04 -4.778e-04 -4.778e-04 -4.778e-01 -4.799e-04 -4.799e-04 -4.510e-01
31.080235 2.515e+00 1.709e-01 -2.335e-04 -4.732e-04 -4.732e-04 -4.732e-01 -4.750e-04 -4.750e-04 -4.510e-01
31.090233 2.583e+00 2.051e-01 -3.415e-04 -2.879e-04 -2.879e-04 -2.879e-01 -2.894e-04 -2.894e-04 -2.549e-01
31.100235 2.686e+00 2.393e-01 -3.823e-04 7.409e-06 7.409e-06 7.409e-03 6.105e-06 6.105e-06 1.961e-02
31.110233 2.778e+00 2.930e-01 -4.115e-04 2.998e-04 2.998e-04 2.998e-01 2.991e-04 2.991e-04 3.333e-01
31.120235 2.900e+00 3.613e-01 -3.940e-04 4.778e-04 4.778e-04 4.778e-01 4.774e-04 4.774e-04 4.902e-01
31.130234 3.037e+00 4.199e-01 -3.648e-04 4.732e-04 4.732e-04 4.732e-01 4.725e-04 4.725e-04 4.902e-01
31.140234 3.159e+00 4.834e-01 -3.707e-04 2.879e-04 2.879e-04 2.879e-01 2.869e-04 2.869e-04 2.941e-01
31.150234 3.286e+00 5.518e-01 -4.349e-04 -7.385e-06 -7.385e-06 -7.385e-03 -8.547e-06 -8.547e-06 1.961e-02
31.160233 3.394e+00 5.713e-01 -5.370e-04 -2.998e-04 -2.998e-04 -2.998e-01 -3.016e-04 -3.016e-04 -2.941e-01
31.170235 3.491e+00 6.006e-01 -7.005e-04 -4.778e-04 -4.778e-04 -4.778e-01 -4.799e-04 -4.799e-04 -4.510e-01
31.180235 3.574e+00 6.152e-01 -8.931e-04 -4.732e-04 -4.732e-04 -4.732e-01 -4.750e-04 -4.750e-04 -4.510e-01
31.190235 3.667e+00 6.201e-01 -1.065e-03 -2.879e-04 -2.879e-04 -2.879e-01 -2.894e-04 -2.894e-04 -2.549e-01
31.200233 3.784e+00 6.201e-01 -1.179e-03 7.361e-06 7.361e-06 7.361e-03 6.105e-06 6.105e-06 1.961e-02
31.210234 3.877e+00 6.299e-01 -1.249e-03 2.998e-04 2.998e-04 2.998e-01 2.991e-04 2.991e-04 3.333e-01
31.220234 3.975e+00 6.592e-01 -1.281e-03 4.778e-04 4.778e-04 4.778e-01 4.774e-04 4.774e-04 4.902e-01
31.230234 4.092e+00 6.787e-01 -1.287e-03 4.732e-04 4.732e-04 4.732e-01 4.725e-04 4.725e-04 4.902e-01
31.240234 4.189e+00 7.129e-01 -1.343e-03 2.879e-04 2.879e-04 2.879e-01 2.869e-04 2.869e-04 2.941e-01
31.250235 4.287e+00 7.373e-01 -1.430e-03 -7.397e-06 -7.397e-06 -7.397e-03 -8.547e-06 -8.547e-06 1.961e-02
31.260233 4.355e+00 7.275e-01 -1.576e-03 -2.998e-04 -2.998e-04 -2.998e-01 -3.016e-04 -3.016e-04 -2.941e-01
31.270233 4.419e+00 7.080e-01 -1.757e-03 -4.777e-04 -4.777e-04 -4.777e-01 -4.799e-04 -4.799e-04 -4.510e-01
31.280233 4.448e+00 6.689e-01 -1.955e-03 -4.732e-04 -4.732e-04 -4.732e-01 -4.750e-04 -4.750e-04 -4.510e-01
31.290234 4.482e+00 6.152e-01 -2.116e-03 -2.879e-04 -2.879e-04 -2.879e-01 -2.894e-04 -2.894e-04 -2.549e-01
31.300234 4.526e+00 5.811e-01 -2.224e-03 7.373e-06 7.373e-06 7.373e-03 6.105e-06 6.105e-06 1.961e-02
31.310234 4.536e+00 5.469e-01 -2.285e-03 2.998e-04 2.998e-04 2.998e-01 2.991e-04 2.991e-04 3.333e-01
31.320234 4.570e+00 5.322e-01 -2.294e-03 4.778e-04 4.778e-04 4.778e-01 4.774e-04 4.774e-04 4.902e-01
31.330235 4.590e+00 5.176e-01 -2.288e-03 4.732e-04 4.732e-04 4.732e-01 4.725e-04 4.725e-04 4.902e-01
31.340235 4.595e+00 4.932e-01 -2.294e-03 2.879e-04 2.879e-04 2.879e-01 2.869e-04 2.869e-04 2.941e-01
31.350233 4.600e+00 4.688e-01 -2.344e-03 -7.350e-06 -7.350e-06 -7.350e-03 -8.547e-06 -8.547e-06 1.961e-02
31.360233 4.585e+00 4.199e-01 -2.443e-03 -2.998e-04 -2.998e-04 -2.998e-01 -3.016e-04 -3.016e-04 -2.941e-01
31.370235 4.541e+00 3.564e-01 -2.560e-03 -4.778e-04 -4.778e-04 -4.778e-01 -4.799e-04 -4.799e-04 -4.510e-01
31.380236 4.473e+00 2.783e-01 -2.679e-03 -4.732e-04 -4.732e-04 -4.732e-01 -4.750e-04 -4.750e-04 -4.510e-01
31.390234 4.404e+00 2.002e-01 -2.779e-03 -2.879e-04 -2.879e-04 -2.879e-01 -2.894e-04 -2.894e-04 -2.549e-01
31.400234 4.341e+00 1.416e-01 -2.834e-03 7.385e-06 7.385e-06 7.385e-03 6.105e-06 6.105e-06 1.961e-02
31.410234 4.263e+00 7.324e-02 -2.808e-03 2.998e-04 2.998e-04 2.998e-01 2.991e-04 2.991e-04 3.333e-01
31.420233 4.204e+00 2.441e-02 -2.726e-03 4.777e-04 4.777e-04 4.777e-01 4.774e-04 4.774e-04 4.902e-01
31.430233 4.141e+00 -1.953e-02 -2.630e-03 4.732e-04 4.732e-04 4.732e-01 4.725e-04 4.725e-04 4.902e-01
31.440233 4.058e+00 -5.371e-02 -2.551e-03 2.879e-04 2.879e-04 2.879e-01 2.869e-04 2.869e-04 2.941e-01
31.450233 3.984e+00 -9.766e-02 -2.504e-03 -7.362e-06 -7.362e-06 -7.362e-03 -8.547e-06 -8.547e-06 1.961e-02
31.460234 3.867e+00 -1.709e-01 -2.495e-03 -2.998e-04 -2.998e-04 -2.998e-01 -3.016e-04 -3.016e-04 -2.941e-01
31.470234 3.750e+00 -2.197e-01 -2.536e-03 -4.778e-04 -4.778e-04 -4.778e-01 -4.799e-04 -4.799e-04 -4.510e-01
31.480232 3.618e+00 -2.979e-01 -2.568e-03 -4.732e-04 -4.732e-04 -4.732e-01 -4.750e-04 -4.750e-04 -4.510e-01
31.490234 3.472e+00 -3.662e-01 -2.577e-03 -2.879e-04 -2.879e-04 -2.879e-01 -2.894e-04 -2.894e-04 -2.549e-01
31.500235 3.354e+00 -4.297e-01 -2.530e-03 7.398e-06 7.398e-06 7.398e-03 6.105e-06 6.105e-06 1.961e-02
31.510233 3.213e+00 -4.932e-01 -2.411e-03 2.998e-04 2.998e-04 2.998e-01 2.991e-04 2.991e-04 3.333e-01
31.520233 3.115e+00 -5.176e-01 -2.253e-03 4.777e-04 4.777e-04 4.777e-01 4.774e-04 4.774e-04 4.902e-01
31.530233 3.018e+00 -5.420e-01 -2.069e-03 4.732e-04 4.732e-04 4.732e-01 4.725e-04 4.725e-04 4.902e-01
31.540234 2.910e+00 -5.615e-01 -1.903e-03 2.879e-04 2.879e-04 2.879e-01 2.869e-04 2.869e-04 2.941e-01
31.550234 2.798e+00 -5.713e-01 -1.783e-03 -7.374e-06 -7.374e-06 -7.374e-03 -8.547e-06 -8.547e-06 1.961e-02
31.560232 2.676e+00 -6.104e-01 -1.704e-03 -2.998e-04 -2.998e-04 -2.998e-01 -3.016e-04 -3.016e-04 -2.941e-01
31.570232 2.554e+00 -6.348e-01 -1.669e-03 -4.777e-04 -4.777e-04 -4.777e-01 -4.799e-04 -4.799e-04 -4.510e-01
31.580235 2.412e+00 -6.738e-01 -1.646e-03 -4.732e-04 -4.732e-04 -4.732e-01 -4.750e-04 -4.750e-04 -4.510e-01
31.590235 2.290e+00 -7.129e-01 -1.596e-03 -2.879e-04 -2.879e-04 -2.879e-01 -2.894e-04 -2.894e-04 -2.549e-01
31.600235 2.197e+00 -7.373e-01 -1.494e-03 7.410e-06 7.410e-06 7.410e-03 6.105e-06 6.105e-06 1.961e-02
31.610235 2.095e+00 -7.471e-01 -1.343e-03 2.999e-04 2.999e-04 2.999e-01 2.991e-04 2.991e-04 3.333e-01
31.620234 2.017e+00 -7.324e-01 -1.144e-03 4.778e-04 4.778e-04 4.778e-01 4.774e-04 4.774e-04 4.902e-01
31.630234 1.953e+00 -7.031e-01 -9.369e-04 4.732e-04 4.732e-04 4.732e-01 4.725e-04 4.725e-04 4.902e-01
31.640234 1.895e+00 -6.641e-01 -7.559e-04 2.879e-04 2.879e-04 2.879e-01 2.869e-04 2.869e-04 2.941e-01
31.650234 1.855e+00 -6.299e-01 -6.217e-04 -7.386e-06 -7.386e-06 -7.386e-03 -8.547e-06 -8.547e-06 1.961e-02
31.660234 1.787e+00 -6.104e-01 -5.458e-04 -2.998e-04 -2.998e-04 -2.998e-01 -3.016e-04 -3.016e-04 -2.941e-01
31.670235 1.733e+00 -5.908e-01 -5.195e-04 -4.778e-04 -4.778e-04 -4.778e-01 -4.799e-04 -4.799e-04 -4.510e-01
31.680235 1.660e+00 -5.811e-01 -5.108e-04 -4.732e-04 -4.732e-04 -4.732e-01 -4.750e-04 -4.750e-04 -4.510e-01
31.690233 1.592e+00 -5.762e-01 -4.757e-04 -2.879e-04 -2.879e-04 -2.879e-01 -2.894e-04 -2.894e-04 -2.549e-01
31.700233 1.558e+00 -5.518e-01 -3.998e-04 7.362e-06 7.362e-06 7.362e-03 6.105e-06 6.105e-06 1.961e-02
31.710234 1.499e+00 -5.127e-01 -2.802e-04 2.998e-04 2.998e-04 2.998e-01 2.991e-04 2.991e-04 3.333e-01
31.720234 1.489e+00 -4.395e-01 -1.459e-04 4.778e-04 4.778e-04 4.778e-01 4.774e-04 4.774e-04 4.902e-01
31.730234 1.484e+00 -3.760e-01 5.837e-06 4.732e-04 4.732e-04 4.732e-01 4.725e-04 4.725e-04 4.902e-01
31.740234 1.484e+00 -3.027e-01 1.284e-04 2.879e-04 2.879e-04 2.879e-01 2.869e-04 2.869e-04 2.941e-01
31.750235 1.533e+00 -2.246e-01 1.926e-04 -7.398e-06 -7.398e-06 -7.398e-03 -8.547e-06 -8.547e-06 1.961e-02
31.760235 1.553e+00 -1.807e-01 2.014e-04 -2.999e-04 -2.999e-04 -2.999e-01 -3.016e-04 -3.016e-04 -2.941e-01
31.770235 1.592e+00 -1.270e-01 1.518e-04 -4.778e-04 -4.778e-04 -4.778e-01 -4.799e-04 -4.799e-04 -4.510e-01
31.780233 1.641e+00 -1.025e-01 9.340e-05 -4.732e-04 -4.732e-04 -4.732e-01 -4.750e-04 -4.750e-04 -4.510e-01
31.790234 1.694e+00 -6.836e-02 3.210e-05 -2.879e-04 -2.879e-04 -2.879e-01 -2.894e-04 -2.894e-04 -2.549e-01
31.800234 1.772e+00 -1.465e-02 2.335e-05 7.374e-06 7.374e-06 7.374e-03 6.105e-06 6.105e-06 1.961e-02
31.810234 1.890e+00 3.906e-02 4.378e-05 2.998e-04 2.998e-04 2.998e-01 2.991e-04 2.991e-04 3.333e-01
31.820232 2.026e+00 1.221e-01 1.022e-04 4.777e-04 4.777e-04 4.777e-01 4.774e-04 4.774e-04 4.902e-01
31.830235 2.168e+00 1.953e-01 1.664e-04 4.732e-04 4.732e-04 4.732e-01 4.725e-04 4.725e-04 4.902e-01
31.840233 2.314e+00 2.930e-01 1.780e-04 2.879e-04 2.879e-04 2.879e-01 2.869e-04 2.869e-04 2.941e-01
31.850233 2.476e+00 3.711e-01 1.547e-04 -7.350e-06 -7.350e-06 -7.350e-03 -8.547e-06 -8.547e-06 1.961e-02
31.860235 2.607e+00 4.199e-01 6.713e-05 -2.999e-04 -2.999e-04 -2.999e-01 -3.016e-04 -3.016e-04 -2.941e-01
31.870234 2.749e+00 4.736e-01 -7.880e-05 -4.778e-04 -4.778e-04 -4.778e-01 -4.799e-04 -4.799e-04 -4.510e-01
31.880234 2.871e+00 5.029e-01 -2.306e-04 -4.732e-04 -4.732e-04 -4.732e-01 -4.750e-04 -4.750e-04 -4.510e-01
31.890234 2.983e+00 5.322e-01 -3.911e-04 -2.879e-04 -2.879e-04 -2.879e-01 -2.894e-04 -2.894e-04 -2.549e-01
31.900234 3.125e+00 5.713e-01 -5.049e-04 7.386e-06 7.386e-06 7.386e-03 6.105e-06 6.105e-06 1.961e-02
31.910234 3.271e+00 6.055e-01 -5.720e-04 2.998e-04 2.998e-04 2.998e-01 2.991e-04 2.991e-04 3.333e-01
31.920233 3.433e+00 6.689e-01 -6.071e-04 4.777e-04 4.777e-04 4.777e-01 4.774e-04 4.774e-04 4.902e-01
31.930235 3.579e+00 7.227e-01 -6.304e-04 4.732e-04 4.732e-04 4.732e-01 4.725e-04 4.725e-04 4.902e-01
31.940235 3.740e+00 7.764e-01 -6.830e-04 2.879e-04 2.879e-04 2.879e-01 2.869e-04 2.869e-04 2.941e-01
31.950233 3.887e+00 8.154e-01 -7.822e-04 -7.362e-06 -7.362e-06 -7.362e-03 -8.547e-06 -8.547e-06 1.961e-02
31.960234 4.014e+00 8.398e-01 -9.485e-04 -2.998e-04 -2.998e-04 -2.998e-01 -3.016e-04 -3.016e-04 -2.941e-01
31.970234 4.116e+00 8.496e-01 -1.150e-03 -4.778e-04 -4.778e-04 -4.778e-01 -4.799e-04 -4.799e-04 -4.510e-01
31.980234 4.214e+00 8.350e-01 -1.363e-03 -4.732e-04 -4.732e-04 -4.732e-01 -4.750e-04 -4.750e-04 -4.510e-01
31.990234 4.312e+00 8.252e-01 -1.570e-03 -2.879e-04 -2.879e-04 -2.879e-01 -2.894e-04 -2.894e-04 -2.549e-01
32.000233 4.399e+00 8.057e-01 -1.716e-03 7.338e-06 7.338e-06 7.338e-03 6.105e-06 6.105e-06 1.961e-02
32.010235 4.468e+00 8.105e-01 -1.833e-03 2.999e-04 2.999e-04 2.999e-01 2.991e-04 2.991e-04 3.333e-01
32.020233 4.600e+00 7.959e-01 -1.868e-03 4.777e-04 4.777e-04 4.777e-01 4.774e-04 4.774e-04 4.902e-01
32.030235 4.678e+00 8.008e-01 -1.909e-03 4.732e-04 4.732e-04 4.732e-01 4.725e-04 4.725e-04 4.902e-01
32.040234 4.761e+00 8.008e-01 -1.964e-03 2.879e-04 2.879e-04 2.879e-01 2.869e-04 2.869e-04 2.941e-01
32.050232 4.819e+00 7.910e-01 -2.058e-03 -7.314e-06 -7.314e-06 -7.314e-03 -8.547e-06 -8.547e-06 1.961e-02
32.060234 4.854e+00 7.520e-01 -2.215e-03 -2.998e-04 -2.998e-04 -2.998e-01 -3.016e-04 -3.016e-04 -2.941e-01
32.070232 4.858e+00 7.129e-01 -2.399e-03 -4.777e-04 -4.777e-04 -4.777e-01 -4.799e-04 -4.799e-04 -4.510e-01
32.080235 4.858e+00 6.348e-01 -2.571e-03 -4.732e-04 -4.732e-04 -4.732e-01 -4.750e-04 -4.750e-04 -4.510e-01
32.090233 4.849e+00 5.713e-01 -2.735e-03 -2.879e-04 -2.879e-04 -2.879e-01 -2.894e-04 -2.894e-04 -2.549e-01
32.100235 4.839e+00 5.029e-01 -2.837e-03 7.410e-06 7.410e-06 7.410e-03 6.105e-06 6.105e-06 1.961e-02
32.110233 4.790e+00 4.443e-01 -2.875e-03 2.998e-04 2.998e-04 2.998e-01 2.991e-04 2.991e-04 3.333e-01
32.120235 4.790e+00 3.955e-01 -2.857e-03 4.778e-04 4.778e-04 4.778e-01 4.774e-04 4.774e-04 4.902e-01
32.130234 4.761e+00 3.369e-01 -2.811e-03 4.732e-04 4.732e-04 4.732e-01 4.725e-04 4.725e-04 4.902e-01
32.140236 4.712e+00 3.076e-01 -2.799e-03 2.878e-04 2.878e-04 2.878e-01 2.869e-04 2.869e-04 2.941e-01
32.150234 4.668e+00 2.441e-01 -2.793e-03 -7.386e-06 -7.386e-06 -7.386e-03 -8.547e-06 -8.547e-06 1.961e-02
32.160236 4.565e+00 1.953e-01 -2.872e-03 -2.999e-04 -2.999e-04 -2.999e-01 -3.016e-04 -3.016e-04 -2.941e-01
32.170235 4.478e+00 1.025e-01 -2.939e-03 -4.778e-04 -4.778e-04 -4.778e-01 -4.799e-04 -4.799e-04 -4.510e-01
32.180233 4.360e+00 9.766e-03 -3.027e-03 -4.732e-04 -4.732e-04 -4.732e-01 -4.750e-04 -4.750e-04 -4.510e-01
32.190235 4.243e+00 -8.789e-02 -3.073e-03 -2.879e-04 -2.879e-04 -2.879e-01 -2.894e-04 -2.894e-04 -2.549e-01
32.200233 4.131e+00 -1.709e-01 -3.070e-03 7.362e-06 7.362e-06 7.362e-03 6.105e-06 6.105e-06 1.961e-02
32.210232 3.970e+00 -2.539e-01 -2.992e-03 2.998e-04 2.998e-04 2.998e-01 2.991e-04 2.991e-04 3.333e-01
32.220234 3.857e+00 -3.125e-01 -2.854e-03 4.778e-04 4.778e-04 4.778e-01 4.774e-04 4.774e-04 4.902e-01
32.230232 3.740e+00 -3.613e-01 -2.708e-03 4.732e-04 4.732e-04 4.732e-01 4.725e-04 4.725e-04 4.902e-01
32.240234 3.623e+00 -3.955e-01 -2.574e-03 2.879e-04 2.879e-04 2.879e-01 2.869e-04 2.869e-04 2.941e-01
32.250237 3.496e+00 -4.395e-01 -2.475e-03 -7.458e-06 -7.458e-06 -7.458e-03 -8.547e-06 -8.547e-06 1.961e-02
32.260235 3.330e+00 -4.883e-01 -2.434e-03 -2.999e-04 -2.999e-04 -2.999e-01 -3.016e-04 -3.016e-04 -2.941e-01
32.270233 3.198e+00 -5.518e-01 -2.402e-03 -4.777e-04 -4.777e-04 -4.777e-01 -4.799e-04 -4.799e-04 -4.510e-01
32.280235 3.018e+00 -6.396e-01 -2.376e-03 -4.732e-04 -4.732e-04 -4.732e-01 -4.750e-04 -4.750e-04 -4.510e-01
32.290234 2.847e+00 -7.080e-01 -2.323e-03 -2.879e-04 -2.879e-04 -2.879e-01 -2.894e-04 -2.894e-04 -2.549e-01
32.300232 2.700e+00 -7.666e-01 -2.204e-03 7.314e-06 7.314e-06 7.314e-03 6.105e-06 6.105e-06 1.961e-02
32.310234 2.539e+00 -8.008e-01 -2.061e-03 2.998e-04 2.998e-04 2.998e-01 2.991e-04 2.991e-04 3.333e-01
32.320236 2.427e+00 -8.252e-01 -1.839e-03 4.778e-04 4.778e-04 4.778e-01 4.774e-04 4.774e-04 4.902e-01
32.330235 2.290e+00 -8.203e-01 -1.626e-03 4.732e-04 4.732e-04 4.732e-01 4.725e-04 4.725e-04 4.902e-01
32.340233 2.192e+00 -8.154e-01 -1.421e-03 2.879e-04 2.879e-04 2.879e-01 2.869e-04 2.869e-04 2.941e-01
32.350231 2.075e+00 -8.154e-01 -1.258e-03 -7.290e-06 -7.290e-06 -7.290e-03 -8.547e-06 -8.547e-06 1.961e-02
32.360233 1.943e+00 -8.154e-01 -1.153e-03 -2.998e-04 -2.998e-04 -2.998e-01 -3.016e-04 -3.016e-04 -2.941e-01
32.370235 1.855e+00 -8.350e-01 -1.074e-03 -4.778e-04 -4.778e-04 -4.778e-01 -4.799e-04 -4.799e-04 -4.510e-01
32.380234 1.714e+00 -8.496e-01 -1.019e-03 -4.732e-04 -4.732e-04 -4.732e-01 -4.750e-04 -4.750e-04 -4.510e-01
32.390232 1.577e+00 -8.594e-01 -9.398e-04 -2.879e-04 -2.879e-04 -2.879e-01 -2.894e-04 -2.894e-04 -2.549e-01
32.400234 1.440e+00 -8.545e-01 -8.230e-04 7.386e-06 7.386e-06 7.386e-03 6.105e-06 6.105e-06 1.961e-02
32.410233 1.313e+00 -8.350e-01 -6.567e-04 2.998e-04 2.998e-04 2.998e-01 2.991e-04 2.991e-04 3.333e-01
32.420235 1.201e+00 -7.910e-01 -4.524e-04 4.778e-04 4.778e-04 4.778e-01 4.774e-04 4.774e-04 4.902e-01
32.430233 1.084e+00 -7.471e-01 -2.422e-04 4.732e-04 4.732e-04 4.732e-01 4.725e-04 4.725e-04 4.902e-01
32.440235 9.863e-01 -6.885e-01 -5.253e-05 2.879e-04 2.879e-04 2.879e-01 2.869e-04 2.869e-04 2.941e-01
32.450233 8.789e-01 -6.348e-01 8.172e-05 -7.362e-06 -7.362e-06 -7.362e-03 -8.547e-06 -8.547e-06 1.961e-02
32.460236 7.568e-01 -6.055e-01 1.605e-04 -2.999e-04 -2.999e-04 -2.999e-01 -3.016e-04 -3.016e-04 -2.941e-01
32.470234 6.396e-01 -5.713e-01 1.897e-04 -4.778e-04 -4.778e-04 -4.778e-01 -4.799e-04 -4.799e-04 -4.510e-01
32.480232 4.980e-01 -5.371e-01 1.839e-04 -4.732e-04 -4.732e-04 -4.732e-01 -4.750e-04 -4.750e-04 -4.510e-01
32.490234 3.857e-01 -5.176e-01 2.014e-04 -2.879e-04 -2.879e-04 -2.879e-01 -2.894e-04 -2.894e-04 -2.549e-01
32.500233 2.588e-01 -4.736e-01 2.481e-04 7.339e-06 7.339e-06 7.339e-03 6.105e-06 6.105e-06 1.961e-02
32.510235 1.562e-01 -4.395e-01 3.502e-04 2.999e-04 2.999e-04 2.999e-01 2.991e-04 2.991e-04 3.333e-01
32.520233 8.301e-02 -3.809e-01 4.991e-04 4.777e-04 4.777e-04 4.777e-01 4.774e-04 4.774e-04 4.902e-01
32.530235 0.000e+00 -3.174e-01 6.392e-04 4.732e-04 4.732e-04 4.732e-01 4.725e-04 4.725e-04 4.902e-01
32.540234 -6.348e-02 -2.441e-01 7.501e-04 2.879e-04 2.879e-04 2.879e-01 2.869e-04 2.869e-04 2.941e-01
32.550236 -1.270e-01 -1.758e-01 8.055e-04 -7.434e-06 -7.434e-06 -7.434e-03 -8.547e-06 -8.547e-06 1.961e-02
32.560234 -1.807e-01 -1.367e-01 8.055e-04 -2.998e-04 -2.998e-04 -2.998e-01 -3.016e-04 -3.016e-04 -2.941e-01
32.570236 -2.490e-01 -9.766e-02 7.442e-04 -4.778e-04 -4.778e-04 -4.778e-01 -4.799e-04 -4.799e-04 -4.510e-01
32.580235 -3.076e-01 -7.812e-02 6.713e-04 -4.732e-04 -4.732e-04 -4.732e-01 -4.750e-04 -4.750e-04 -4.510e-01
32.590233 -3.760e-01 -6.348e-02 6.246e-04 -2.879e-04 -2.879e-04 -2.879e-01 -2.894e-04 -2.894e-04 -2.549e-01
32.600235 -4.443e-01 -3.906e-02 6.012e-04 7.411e-06 7.411e-06 7.411e-03 6.105e-06 6.105e-06 1.961e-02
32.610233 -4.688e-01 0.000e+00 6.275e-04 2.998e-04 2.998e-04 2.998e-01 2.991e-04 2.991e-04 3.333e-01
32.620235 -4.688e-01 4.883e-02 6.975e-04 4.778e-04 4.778e-04 4.778e-01 4.774e-04 4.774e-04 4.902e-01
32.630234 -4.785e-01 1.025e-01 7.734e-04 4.732e-04 4.732e-04 4.732e-01 4.725e-04 4.725e-04 4.902e-01
32.640232 -4.688e-01 1.562e-01 8.260e-04 2.879e-04 2.879e-04 2.879e-01 2.869e-04 2.869e-04 2.941e-01
32.650234 -4.541e-01 1.953e-01 8.172e-04 -7.387e-06 -7.387e-06 -7.387e-03 -8.547e-06 -8.547e-06 1.961e-02
32.660233 -4.443e-01 2.148e-01 7.588e-04 -2.998e-04 -2.998e-04 -2.998e-01 -3.016e-04 -3.016e-04 -2.941e-01
32.670235 -4.346e-01 2.344e-01 6.479e-04 -4.778e-04 -4.778e-04 -4.778e-01 -4.799e-04 -4.799e-04 -4.510e-01
32.680233 -4.492e-01 2.246e-01 5.283e-04 -4.732e-04 -4.732e-04 -4.732e-01 -4.750e-04 -4.750e-04 -4.510e-01
32.690235 -4.297e-01 2.246e-01 4.290e-04 -2.879e-04 -2.879e-04 -2.879e-01 -2.894e-04 -2.894e-04 -2.549e-01
32.700233 -4.199e-01 2.344e-01 3.736e-04 7.363e-06 7.363e-06 7.363e-03 6.105e-06 6.105e-06 1.961e-02
32.710236 -3.955e-01 2.393e-01 3.619e-04 2.999e-04 2.999e-04 2.999e-01 2.991e-04 2.991e-04 3.333e-01
32.720234 -3.467e-01 2.734e-01 3.794e-04 4.778e-04 4.778e-04 4.778e-01 4.774e-04 4.774e-04 4.902e-01
32.730236 -2.881e-01 3.076e-01 4.174e-04 4.732e-04 4.732e-04 4.732e-01 4.725e-04 4.725e-04 4.902e-01
32.740234 -2.148e-01 3.369e-01 4.407e-04 2.879e-04 2.879e-04 2.879e-01 2.869e-04 2.869e-04 2.941e-01
32.750233 -1.416e-01 3.467e-01 4.232e-04 -7.339e-06 -7.339e-06 -7.339e-03 -8.547e-06 -8.547e-06 1.961e-02
32.760235 -7.812e-02 3.564e-01 3.356e-04 -2.999e-04 -2.999e-04 -2.999e-01 -3.016e-04 -3.016e-04 -2.941e-01
32.770233 -1.465e-02 3.467e-01 2.189e-04 -4.777e-04 -4.777e-04 -4.777e-01 -4.799e-04 -4.799e-04 -4.510e-01
32.780235 2.930e-02 3.271e-01 7.880e-05 -4.732e-04 -4.732e-04 -4.732e-01 -4.750e-04 -4.750e-04 -4.510e-01
32.790234 9.277e-02 3.076e-01 -4.086e-05 -2.879e-04 -2.879e-04 -2.879e-01 -2.894e-04 -2.894e-04 -2.549e-01
32.800236 1.514e-01 2.979e-01 -1.167e-04 7.435e-06 7.435e-06 7.435e-03 6.105e-06 6.105e-06 1.961e-02
32.810234 2.246e-01 2.881e-01 -1.284e-04 2.998e-04 2.998e-04 2.998e-01 2.991e-04 2.991e-04 3.333e-01
32.820236 3.320e-01 2.979e-01 -1.022e-04 4.778e-04 4.778e-04 4.778e-01 4.774e-04 4.774e-04 4.902e-01
32.830235 4.346e-01 3.076e-01 -5.545e-05 4.732e-04 4.732e-04 4.732e-01 4.725e-04 4.725e-04 4.902e-01
32.840233 5.420e-01 3.369e-01 -3.794e-05 2.879e-04 2.879e-04 2.879e-01 2.869e-04 2.869e-04 2.941e-01
32.850235 6.592e-01 3.418e-01 -6.421e-05 -7.411e-06 -7.411e-06 -7.411e-03 -8.547e-06 -8.547e-06 1.961e-02
32.860233 7.666e-01 3.418e-01 -1.430e-04 -2.998e-04 -2.998e-04 -2.998e-01 -3.016e-04 -3.016e-04 -2.941e-01
32.870232 8.789e-01 3.467e-01 -2.802e-04 -4.777e-04 -4.777e-04 -4.777e-01 -4.799e-04 -4.799e-04 -4.510e-01
32.880234 9.912e-01 2.979e-01 -3.969e-04 -4.732e-04 -4.732e-04 -4.732e-01 -4.750e-04 -4.750e-04 -4.510e-01
32.890236 1.099e+00 2.881e-01 -5.166e-04 -2.878e-04 -2.878e-04 -2.878e-01 -2.894e-04 -2.894e-04 -2.549e-01
32.900234 1.221e+00 2.588e-01 -5.691e-04 7.387e-06 7.387e-06 7.387e-03 6.105e-06 6.105e-06 1.961e-02
32.910233 1.357e+00 2.588e-01 -5.808e-04 2.998e-04 2.998e-04 2.998e-01 2.991e-04 2.991e-04 3.333e-01
32.920235 1.528e+00 2.637e-01 -5.370e-04 4.778e-04 4.778e-04 4.778e-01 4.774e-04 4.774e-04 4.902e-01
32.930233 1.689e+00 2.832e-01 -4.874e-04 4.732e-04 4.732e-04 4.732e-01 4.725e-04 4.725e-04 4.902e-01
32.940235 1.885e+00 3.271e-01 -4.845e-04 2.879e-04 2.879e-04 2.879e-01 2.869e-04 2.869e-04 2.941e-01
32.950233 2.056e+00 3.564e-01 -5.166e-04 -7.363e-06 -7.363e-06 -7.363e-03 -8.547e-06 -8.547e-06 1.961e-02
32.960236 2.212e+00 3.564e-01 -5.896e-04 -2.999e-04 -2.999e-04 -2.999e-01 -3.016e-04 -3.016e-04 -2.941e-01
32.970234 2.368e+00 3.564e-01 -7.121e-04 -4.778e-04 -4.778e-04 -4.778e-01 -4.799e-04 -4.799e-04 -4.510e-01
32.980236 2.466e+00 3.369e-01 -8.493e-04 -4.732e-04 -4.732e-04 -4.732e-01 -4.750e-04 -4.750e-04 -4.510e-01
32.990234 2.588e+00 3.223e-01 -9.661e-04 -2.879e-04 -2.879e-04 -2.879e-01 -2.894e-04 -2.894e-04 -2.549e-01
33.000233 2.700e+00 3.076e-01 -1.027e-03 7.339e-06 7.339e-06 7.339e-03 6.105e-06 6.105e-06 1.961e-02
33.010235 2.788e+00 3.076e-01 -1.045e-03 2.999e-04 2.999e-04 2.999e-01 2.991e-04 2.991e-04 3.333e-01
33.020233 2.915e+00 3.467e-01 -1.033e-03 4.777e-04 4.777e-04 4.777e-01 4.774e-04 4.774e-04 4.902e-01
33.030235 3.013e+00 3.760e-01 -1.010e-03 4.732e-04 4.732e-04 4.732e-01 4.725e-04 4.725e-04 4.902e-01
33.040234 3.135e+00 4.004e-01 -9.865e-04 2.879e-04 2.879e-04 2.879e-01 2.869e-04 2.869e-04 2.941e-01
33.050232 3.232e+00 4.150e-01 -1.016e-03 -7.315e-06 -7.315e-06 -7.315e-03 -8.547e-06 -8.547e-06 1.961e-02
33.060234 3.315e+00 4.199e-01 -1.115e-03 -2.998e-04 -2.998e-04 -2.998e-01 -3.016e-04 -3.016e-04 -2.941e-01
33.070232 3.379e+00 4.199e-01 -1.252e-03 -4.777e-04 -4.777e-04 -4.777e-01 -4.799e-04 -4.799e-04 -4.510e-01
33.080235 3.428e+00 3.857e-01 -1.392e-03 -4.732e-04 -4.732e-04 -4.732e-01 -4.750e-04 -4.750e-04 -4.510e-01
33.090233 3.477e+00 3.564e-01 -1.503e-03 -2.879e-04 -2.879e-04 -2.879e-01 -2.894e-04 -2.894e-04 -2.549e-01
33.100235 3.516e+00 3.418e-01 -1.585e-03 7.411e-06 7.411e-06 7.411e-03 6.105e-06 6.105e-06 1.961e-02
33.110233 3.564e+00 3.271e-01 -1.602e-03 2.998e-04 2.998e-04 2.998e-01 2.991e-04 2.991e-04 3.333e-01
33.120235 3.638e+00 3.369e-01 -1.582e-03 4.778e-04 4.778e-04 4.778e-01 4.774e-04 4.774e-04 4.902e-01
33.130234 3.682e+00 3.320e-01 -1.541e-03 4.732e-04 4.732e-04 4.732e-01 4.725e-04 4.725e-04 4.902e-01
33.140232 3.735e+00 3.564e-01 -1.532e-03 2.879e-04 2.879e-04 2.879e-01 2.869e-04 2.869e-04 2.941e-01
33.150234 3.760e+00 3.516e-01 -1.559e-03 -7.387e-06 -7.387e-06 -7.387e-03 -8.547e-06 -8.547e-06 1.961e-02
33.160233 3.794e+00 3.320e-01 -1.631e-03 -2.998e-04 -2.998e-04 -2.998e-01 -3.016e-04 -3.016e-04 -2.941e-01
33.170235 3.799e+00 3.076e-01 -1.754e-03 -4.778e-04 -4.778e-04 -4.778e-01 -4.799e-04 -4.799e-04 -4.510e-01
33.180233 3.779e+00 2.637e-01 -1.882e-03 -4.732e-04 -4.732e-04 -4.732e-01 -4.750e-04 -4.750e-04 -4.510e-01
33.190235 3.770e+00 2.246e-01 -1.976e-03 -2.879e-04 -2.879e-04 -2.879e-01 -2.894e-04 -2.894e-04 -2.549e-01
33.200233 3.755e+00 1.855e-01 -2.031e-03 7.363e-06 7.363e-06 7.363e-03 6.105e-06 6.105e-06 1.961e-02
33.210236 3.750e+00 1.758e-01 -2.031e-03 2.999e-04 2.999e-04 2.999e-01 2.991e-04 2.991e-04 3.333e-01
33.220234 3.750e+00 1.514e-01 -1.970e-03 4.778e-04 4.778e-04 4.778e-01 4.774e-04 4.774e-04 4.902e-01
33.230232 3.750e+00 1.416e-01 -1.909e-03 4.732e-04 4.732e-04 4.732e-01 4.725e-04 4.725e-04 4.902e-01
33.240234 3.755e+00 1.416e-01 -1.847e-03 2.879e-04 2.879e-04 2.879e-01 2.869e-04 2.869e-04 2.941e-01
33.250237 3.735e+00 1.318e-01 -1.842e-03 -7.459e-06 -7.459e-06 -7.459e-03 -8.547e-06 -8.547e-06 1.961e-02
33.260235 3.701e+00 8.789e-02 -1.868e-03 -2.999e-04 -2.999e-04 -2.999e-01 -3.016e-04 -3.016e-04 -2.941e-01
33.270233 3.672e+00 5.859e-02 -1.950e-03 -4.777e-04 -4.777e-04 -4.777e-01 -4.799e-04 -4.799e-04 -4.510e-01
33.280231 3.574e+00 9.766e-03 -2.046e-03 -4.732e-04 -4.732e-04 -4.732e-01 -4.750e-04 -4.750e-04 -4.510e-01
33.290234 3.545e+00 -3.418e-02 -2.104e-03 -2.879e-04 -2.879e-04 -2.879e-01 -2.894e-04 -2.894e-04 -2.549e-01
33.300236 3.477e+00 -8.301e-02 -2.101e-03 7.435e-06 7.435e-06 7.435e-03 6.105e-06 6.105e-06 1.961e-02
33.310234 3.442e+00 -1.123e-01 -2.052e-03 2.998e-04 2.998e-04 2.998e-01 2.991e-04 2.991e-04 3.333e-01
33.320236 3.408e+00 -1.270e-01 -1.953e-03 4.778e-04 4.778e-04 4.778e-01 4.774e-04 4.774e-04 4.902e-01
33.330235 3.364e+00 -1.514e-01 -1.821e-03 4.732e-04 4.732e-04 4.732e-01 4.725e-04 4.725e-04 4.902e-01
33.340233 3.340e+00 -1.367e-01 -1.739e-03 2.879e-04 2.879e-04 2.879e-01 2.869e-04 2.869e-04 2.941e-01
33.350235 3.276e+00 -1.562e-01 -1.678e-03 -7.411e-06 -7.411e-06 -7.411e-03 -8.547e-06 -8.547e-06 1.961e-02
33.360233 3.223e+00 -1.660e-01 -1.678e-03 -2.998e-04 -2.998e-04 -2.998e-01 -3.016e-04 -3.016e-04 -2.941e-01
33.370235 3.154e+00 -1.953e-01 -1.716e-03 -4.778e-04 -4.778e-04 -4.778e-01 -4.799e-04 -4.799e-04 -4.510e-01
33.380234 3.071e+00 -2.393e-01 -1.757e-03 -4.732e-04 -4.732e-04 -4.732e-01 -4.750e-04 -4.750e-04 -4.510e-01
33.390236 3.003e+00 -2.734e-01 -1.777e-03 -2.878e-04 -2.878e-04 -2.878e-01 -2.894e-04 -2.894e-04 -2.549e-01
33.400234 2.935e+00 -3.125e-01 -1.748e-03 7.387e-06 7.387e-06 7.387e-03 6.105e-06 6.105e-06 1.961e-02
33.410233 2.871e+00 -3.320e-01 -1.655e-03 2.998e-04 2.998e-04 2.998e-01 2.991e-04 2.991e-04 3.333e-01
33.420235 2.847e+00 -3.271e-01 -1.524e-03 4.778e-04 4.778e-04 4.778e-01 4.774e-04 4.774e-04 4.902e-01
33.430233 2.798e+00 -3.125e-01 -1.389e-03 4.732e-04 4.732e-04 4.732e-01 4.725e-04 4.725e-04 4.902e-01
33.440235 2.778e+00 -2.881e-01 -1.267e-03 2.879e-04 2.879e-04 2.879e-01 2.869e-04 2.869e-04 2.941e-01
33.450233 2.734e+00 -2.783e-01 -1.194e-03 -7.363e-06 -7.363e-06 -7.363e-03 -8.547e-06 -8.547e-06 1.961e-02
33.460236 2.695e+00 -2.783e-01 -1.167e-03 -2.999e-04 -2.999e-04 -2.999e-01 -3.016e-04 -3.016e-04 -2.941e-01
33.470234 2.646e+00 -2.832e-01 -1.188e-03 -4.778e-04 -4.778e-04 -4.778e-01 -4.799e-04 -4.799e-04 -4.510e-01
33.480232 2.583e+00 -3.027e-01 -1.232e-03 -4.732e-04 -4.732e-04 -4.732e-01 -4.750e-04 -4.750e-04 -4.510e-01
33.490234 2.554e+00 -3.271e-01 -1.226e-03 -2.879e-04 -2.879e-04 -2.879e-01 -2.894e-04 -2.894e-04 -2.549e-01
33.500233 2.505e+00 -3.418e-01 -1.194e-03 7.339e-06 7.339e-06 7.339e-03 6.105e-06 6.105e-06 1.961e-02
33.510235 2.485e+00 -3.271e-01 -1.097e-03 2.999e-04 2.999e-04 2.999e-01 2.991e-04 2.991e-04 3.333e-01
33.520233 2.476e+00 -2.930e-01 -9.836e-04 4.777e-04 4.777e-04 4.777e-01 4.774e-04 4.774e-04 4.902e-01
33.530235 2.471e+00 -2.686e-01 -8.406e-04 4.732e-04 4.732e-04 4.732e-01 4.725e-04 4.725e-04 4.902e-01
33.540234 2.485e+00 -2.051e-01 -7.442e-04 2.879e-04 2.879e-04 2.879e-01 2.869e-04 2.869e-04 2.941e-01
33.550236 2.510e+00 -1.758e-01 -6.888e-04 -7.435e-06 -7.435e-06 -7.435e-03 -8.547e-06 -8.547e-06 1.961e-02
33.560234 2.520e+00 -1.514e-01 -6.888e-04 -2.998e-04 -2.998e-04 -2.998e-01 -3.016e-04 -3.016e-04 -2.941e-01
33.570232 2.520e+00 -1.367e-01 -7.267e-04 -4.777e-04 -4.777e-04 -4.777e-01 -4.799e-04 -4.799e-04 -4.510e-01
33.580235 2.515e+00 -1.465e-01 -7.822e-04 -4.732e-04 -4.732e-04 -4.732e-01 -4.750e-04 -4.750e-04 -4.510e-01
33.590237 2.520e+00 -1.416e-01 -8.172e-04 -2.878e-04 -2.878e-04 -2.878e-01 -2.894e-04 -2.894e-04 -2.549e-01
33.600235 2.520e+00 -1.270e-01 -8.260e-04 7.411e-06 7.411e-06 7.411e-03 6.105e-06 6.105e-06 1.961e-02
33.610233 2.544e+00 -8.789e-02 -7.880e-04 2.998e-04 2.998e-04 2.998e-01 2.991e-04 2.991e-04 3.333e-01
33.620232 2.588e+00 -2.930e-02 -7.121e-04 4.777e-04 4.777e-04 4.777e-01 4.774e-04 4.774e-04 4.902e-01
33.630234 2.642e+00 -4.883e-03 -5.983e-04 4.732e-04 4.732e-04 4.732e-01 4.725e-04 4.725e-04 4.902e-01
33.640236 2.725e+00 4.883e-02 -5.370e-04 2.878e-04 2.878e-04 2.878e-01 2.869e-04 2.869e-04 2.941e-01
33.650234 2.759e+00 9.766e-02 -5.253e-04 -7.387e-06 -7.387e-06 -7.387e-03 -8.547e-06 -8.547e-06 1.961e-02
33.660236 2.822e+00 1.318e-01 -5.720e-04 -2.999e-04 -2.999e-04 -2.999e-01 -3.016e-04 -3.016e-04 -2.941e-01
33.670235 2.861e+00 1.465e-01 -6.567e-04 -4.778e-04 -4.778e-04 -4.778e-01 -4.799e-04 -4.799e-04 -4.510e-01
33.680233 2.900e+00 1.465e-01 -7.647e-04 -4.732e-04 -4.732e-04 -4.732e-01 -4.750e-04 -4.750e-04 -4.510e-01
33.690231 2.939e+00 1.807e-01 -8.785e-04 -2.880e-04 -2.880e-04 -2.880e-01 -2.894e-04 -2.894e-04 -2.549e-01
33.700233 2.983e+00 1.807e-01 -9.164e-04 7.364e-06 7.364e-06 7.364e-03 6.105e-06 6.105e-06 1.961e-02
33.710236 3.057e+00 2.100e-01 -9.164e-04 2.999e-04 2.999e-04 2.999e-01 2.991e-04 2.991e-04 3.333e-01
33.720234 3.125e+00 2.490e-01 -8.843e-04 4.778e-04 4.778e-04 4.778e-01 4.774e-04 4.774e-04 4.902e-01
33.730236 3.203e+00 2.881e-01 -8.406e-04 4.732e-04 4.732e-04 4.732e-01 4.725e-04 4.725e-04 4.902e-01
33.740234 3.306e+00 3.369e-01 -8.114e-04 2.879e-04 2.879e-04 2.879e-01 2.869e-04 2.869e-04 2.941e-01
33.750233 3.364e+00 3.662e-01 -8.522e-04 -7.340e-06 -7.340e-06 -7.340e-03 -8.547e-06 -8.547e-06 1.961e-02
33.760235 3.433e+00 3.955e-01 -9.340e-04 -2.999e-04 -2.999e-04 -2.999e-01 -3.016e-04 -3.016e-04 -2.941e-01
33.770233 3.481e+00 4.004e-01 -1.065e-03 -4.777e-04 -4.777e-04 -4.777e-01 -4.799e-04 -4.799e-04 -4.510e-01
33.780235 3.516e+00 3.906e-01 -1.214e-03 -4.732e-04 -4.732e-04 -4.732e-01 -4.750e-04 -4.750e-04 -4.510e-01
33.790234 3.579e+00 3.809e-01 -1.340e-03 -2.879e-04 -2.879e-04 -2.879e-01 -2.894e-04 -2.894e-04 -2.549e-01
33.800236 3.613e+00 3.613e-01 -1.418e-03 7.436e-06 7.436e-06 7.436e-03 6.105e-06 6.105e-06 1.961e-02
33.810234 3.677e+00 3.711e-01 -1.445e-03 2.998e-04 2.998e-04 2.998e-01 2.991e-04 2.991e-04 3.333e-01
33.820232 3.730e+00 3.857e-01 -1.436e-03 4.777e-04 4.777e-04 4.777e-01 4.774e-04 4.774e-04 4.902e-01
33.830235 3.779e+00 4.004e-01 -1.407e-03 4.732e-04 4.732e-04 4.732e-01 4.725e-04 4.725e-04 4.902e-01
33.840233 3.838e+00 4.395e-01 -1.413e-03 2.879e-04 2.879e-04 2.879e-01 2.869e-04 2.869e-04 2.941e-01
33.850235 3.892e+00 4.395e-01 -1.448e-03 -7.412e-06 -7.412e-06 -7.412e-03 -8.547e-06 -8.547e-06 1.961e-02
33.860233 3.931e+00 4.346e-01 -1.541e-03 -2.998e-04 -2.998e-04 -2.998e-01 -3.016e-04 -3.016e-04 -2.941e-01
33.870235 3.955e+00 4.150e-01 -1.675e-03 -4.778e-04 -4.778e-04 -4.778e-01 -4.799e-04 -4.799e-04 -4.510e-01
33.880234 3.960e+00 3.809e-01 -1.821e-03 -4.732e-04 -4.732e-04 -4.732e-01 -4.750e-04 -4.750e-04 -4.510e-01
33.890236 3.965e+00 3.418e-01 -1.938e-03 -2.878e-04 -2.878e-04 -2.878e-01 -2.894e-04 -2.894e-04 -2.549e-01
33.900234 3.960e+00 3.027e-01 -2.005e-03 7.388e-06 7.388e-06 7.388e-03 6.105e-06 6.105e-06 1.961e-02
33.910233 3.975e+00 2.832e-01 -2.020e-03 2.998e-04 2.998e-04 2.998e-01 2.991e-04 2.991e-04 3.333e-01
33.920235 3.979e+00 2.686e-01 -1.982e-03 4.778e-04 4.778e-04 4.778e-01 4.774e-04 4.774e-04 4.902e-01
33.930233 3.979e+00 2.686e-01 -1.935e-03 4.732e-04 4.732e-04 4.732e-01 4.725e-04 4.725e-04 4.902e-01
33.940235 3.999e+00 2.686e-01 -1.903e-03 2.879e-04 2.879e-04 2.879e-01 2.869e-04 2.869e-04 2.941e-01
33.950233 3.984e+00 2.490e-01 -1.920e-03 -7.364e-06 -7.364e-06 -7.364e-03 -8.547e-06 -8.547e-06 1.961e-02
33.960236 3.975e+00 2.246e-01 -1.982e-03 -2.999e-04 -2.999e-04 -2.999e-01 -3.016e-04 -3.016e-04 -2.941e-01
33.970234 3.936e+00 1.709e-01 -2.066e-03 -4.778e-04 -4.778e-04 -4.778e-01 -4.799e-04 -4.799e-04 -4.510e-01
33.980232 3.877e+00 1.172e-01 -2.171e-03 -4.732e-04 -4.732e-04 -4.732e-01 -4.750e-04 -4.750e-04 -4.510e-01
33.990234 3.823e+00 7.324e-02 -2.250e-03 -2.879e-04 -2.879e-04 -2.879e-01 -2.894e-04 -2.894e-04 -2.549e-01
34.000233 3.760e+00 1.465e-02 -2.268e-03 7.340e-06 7.340e-06 7.340e-03 6.105e-06 6.105e-06 1.961e-02
34.010235 3.721e+00 -1.953e-02 -2.230e-03 2.999e-04 2.999e-04 2.999e-01 2.991e-04 2.991e-04 3.333e-01
34.020233 3.677e+00 -4.395e-02 -2.148e-03 4.777e-04 4.777e-04 4.777e-01 4.774e-04 4.774e-04 4.902e-01
34.030231 3.643e+00 -5.859e-02 -2.040e-03 4.732e-04 4.732e-04 4.732e-01 4.725e-04 4.725e-04 4.902e-01
34.040234 3.618e+00 -6.836e-02 -1.955e-03 2.879e-04 2.879e-04 2.879e-01 2.869e-04 2.869e-04 2.941e-01
34.050236 3.555e+00 -8.789e-02 -1.918e-03 -7.436e-06 -7.436e-06 -7.436e-03 -8.547e-06 -8.547e-06 1.961e-02
34.060234 3.486e+00 -1.123e-01 -1.926e-03 -2.998e-04 -2.998e-04 -2.998e-01 -3.016e-04 -3.016e-04 -2.941e-01
34.070236 3.403e+00 -1.611e-01 -1.961e-03 -4.778e-04 -4.778e-04 -4.778e-01 -4.799e-04 -4.799e-04 -4.510e-01
34.080235 3.325e+00 -2.100e-01 -2.020e-03 -4.732e-04 -4.732e-04 -4.732e-01 -4.750e-04 -4.750e-04 -4.510e-01
34.090233 3.232e+00 -2.490e-01 -2.043e-03 -2.879e-04 -2.879e-04 -2.879e-01 -2.894e-04 -2.894e-04 -2.549e-01
34.100235 3.159e+00 -3.076e-01 -1.999e-03 7.412e-06 7.412e-06 7.412e-03 6.105e-06 6.105e-06 1.961e-02
34.110233 3.096e+00 -3.271e-01 -1.918e-03 2.998e-04 2.998e-04 2.998e-01 2.991e-04 2.991e-04 3.333e-01
34.120235 3.027e+00 -3.418e-01 -1.789e-03 4.778e-04 4.778e-04 4.778e-01 4.774e-04 4.774e-04 4.902e-01
34.130234 2.979e+00 -3.320e-01 -1.649e-03 4.732e-04 4.732e-04 4.732e-01 4.725e-04 4.725e-04 4.902e-01
34.140236 2.944e+00 -3.271e-01 -1.518e-03 2.878e-04 2.878e-04 2.878e-01 2.869e-04 2.869e-04 2.941e-01
34.150234 2.871e+00 -3.320e-01 -1.433e-03 -7.388e-06 -7.388e-06 -7.388e-03 -8.547e-06 -8.547e-06 1.961e-02
34.160233 2.812e+00 -3.320e-01 -1.404e-03 -2.998e-04 -2.998e-04 -2.998e-01 -3.016e-04 -3.016e-04 -2.941e-01
34.170231 2.729e+00 -3.564e-01 -1.410e-03 -4.777e-04 -4.777e-04 -4.777e-01 -4.799e-04 -4.799e-04 -4.510e-01
34.180233 2.651e+00 -3.809e-01 -1.433e-03 -4.732e-04 -4.732e-04 -4.732e-01 -4.750e-04 -4.750e-04 -4.510e-01
34.190235 2.578e+00 -4.102e-01 -1.424e-03 -2.879e-04 -2.879e-04 -2.879e-01 -2.894e-04 -2.894e-04 -2.549e-01
34.200233 2.500e+00 -4.199e-01 -1.392e-03 7.364e-06 7.364e-06 7.364e-03 6.105e-06 6.105e-06 1.961e-02
34.210236 2.480e+00 -4.248e-01 -1.275e-03 2.999e-04 2.999e-04 2.999e-01 2.991e-04 2.991e-04 3.333e-01
34.220234 2.446e+00 -4.150e-01 -1.129e-03 4.778e-04 4.778e-04 4.778e-01 4.774e-04 4.774e-04 4.902e-01
34.230236 2.427e+00 -3.809e-01 -9.748e-04 4.732e-04 4.732e-04 4.732e-01 4.725e-04 4.725e-04 4.902e-01
34.240234 2.407e+00 -3.369e-01 -8.522e-04 2.879e-04 2.879e-04 2.879e-01 2.869e-04 2.869e-04 2.941e-01
34.250233 2.397e+00 -3.223e-01 -7.705e-04 -7.340e-06 -7.340e-06 -7.340e-03 -8.547e-06 -8.547e-06 1.961e-02
34.260235 2.368e+00 -2.832e-01 -7.472e-04 -2.999e-04 -2.999e-04 -2.999e-01 -3.016e-04 -3.016e-04 -2.941e-01
34.270233 2.344e+00 -2.881e-01 -7.618e-04 -4.777e-04 -4.777e-04 -4.777e-01 -4.799e-04 -4.799e-04 -4.510e-01
34.280235 2.329e+00 -2.783e-01 -8.055e-04 -4.732e-04 -4.732e-04 -4.732e-01 -4.750e-04 -4.750e-04 -4.510e-01
34.290234 2.310e+00 -2.686e-01 -8.260e-04 -2.879e-04 -2.879e-04 -2.879e-01 -2.894e-04 -2.894e-04 -2.549e-01
34.300236 2.305e+00 -2.686e-01 -7.997e-04 7.436e-06 7.436e-06 7.436e-03 6.105e-06 6.105e-06 1.961e-02
34.310234 2.329e+00 -2.295e-01 -7.355e-04 2.998e-04 2.998e-04 2.998e-01 2.991e-04 2.991e-04 3.333e-01
34.320232 2.344e+00 -2.002e-01 -6.158e-04 4.777e-04 4.777e-04 4.777e-01 4.774e-04 4.774e-04 4.902e-01
34.330235 2.388e+00 -1.367e-01 -5.108e-04 4.732e-04 4.732e-04 4.732e-01 4.725e-04 4.725e-04 4.902e-01
34.340233 2.437e+00 -8.301e-02 -4.086e-04 2.879e-04 2.879e-04 2.879e-01 2.869e-04 2.869e-04 2.941e-01
34.350235 2.480e+00 -3.418e-02 -3.823e-04 -7.412e-06 -7.412e-06 -7.412e-03 -8.547e-06 -8.547e-06 1.961e-02
34.360233 2.539e+00 4.883e-03 -3.998e-04 -2.998e-04 -2.998e-04 -2.998e-01 -3.016e-04 -3.016e-04 -2.941e-01
34.370235 2.578e+00 3.418e-02 -4.845e-04 -4.778e-04 -4.778e-04 -4.778e-01 -4.799e-04 -4.799e-04 -4.510e-01
34.380234 2.607e+00 5.371e-02 -5.779e-04 -4.732e-04 -4.732e-04 -4.732e-01 -4.750e-04 -4.750e-04 -4.510e-01
34.390232 2.656e+00 6.836e-02 -6.538e-04 -2.879e-04 -2.879e-04 -2.879e-01 -2.894e-04 -2.894e-04 -2.549e-01
34.400234 2.700e+00 7.324e-02 -6.800e-04 7.388e-06 7.388e-06 7.388e-03 6.105e-06 6.105e-06 1.961e-02
34.410233 2.759e+00 1.172e-01 -6.713e-04 2.998e-04 2.998e-04 2.998e-01 2.991e-04 2.991e-04 3.333e-01
34.420235 2.827e+00 1.709e-01 -6.217e-04 4.778e-04 4.778e-04 4.778e-01 4.774e-04 4.774e-04 4.902e-01
34.430233 2.920e+00 2.295e-01 -5.691e-04 4.732e-04 4.732e-04 4.732e-01 4.725e-04 4.725e-04 4.902e-01
34.440235 3.018e+00 2.881e-01 -5.429e-04 2.879e-04 2.879e-04 2.879e-01 2.869e-04 2.869e-04 2.941e-01
34.450233 3.115e+00 3.174e-01 -5.545e-04 -7.364e-06 -7.364e-06 -7.364e-03 -8.547e-06 -8.547e-06 1.961e-02
34.460232 3.198e+00 3.662e-01 -6.479e-04 -2.998e-04 -2.998e-04 -2.998e-01 -3.016e-04 -3.016e-04 -2.941e-01
34.470234 3.242e+00 3.809e-01 -7.793e-04 -4.778e-04 -4.778e-04 -4.778e-01 -4.799e-04 -4.799e-04 -4.510e-01
34.480236 3.320e+00 3.857e-01 -9.194e-04 -4.732e-04 -4.732e-04 -4.732e-01 -4.750e-04 -4.750e-04 -4.510e-01
34.490234 3.384e+00 3.906e-01 -1.048e-03 -2.879e-04 -2.879e-04 -2.879e-01 -2.894e-04 -2.894e-04 -2.549e-01
34.500233 3.433e+00 3.955e-01 -1.138e-03 7.340e-06 7.340e-06 7.340e-03 6.105e-06 6.105e-06 1.961e-02
34.510235 3.516e+00 4.102e-01 -1.162e-03 2.999e-04 2.999e-04 2.999e-01 2.991e-04 2.991e-04 3.333e-01
34.520233 3.604e+00 4.395e-01 -1.165e-03 4.777e-04 4.777e-04 4.777e-01 4.774e-04 4.774e-04 4.902e-01
34.530235 3.687e+00 4.590e-01 -1.141e-03 4.732e-04 4.732e-04 4.732e-01 4.725e-04 4.725e-04 4.902e-01
34.540234 3.774e+00 5.078e-01 -1.159e-03 2.879e-04 2.879e-04 2.879e-01 2.869e-04 2.869e-04 2.941e-01
34.550236 3.843e+00 5.176e-01 -1.214e-03 -7.436e-06 -7.436e-06 -7.436e-03 -8.547e-06 -8.547e-06 1.961e-02
34.560234 3.911e+00 5.176e-01 -1.310e-03 -2.998e-04 -2.998e-04 -2.998e-01 -3.016e-04 -3.016e-04 -2.941e-01
34.570232 3.955e+00 5.078e-01 -1.471e-03 -4.777e-04 -4.777e-04 -4.777e-01 -4.799e-04 -4.799e-04 -4.510e-01
34.580235 3.984e+00 4.932e-01 -1.634e-03 -4.732e-04 -4.732e-04 -4.732e-01 -4.750e-04 -4.750e-04 -4.510e-01
34.590233 4.009e+00 4.541e-01 -1.769e-03 -2.879e-04 -2.879e-04 -2.879e-01 -2.894e-04 -2.894e-04 -2.549e-01
34.600235 4.043e+00 4.199e-01 -1.856e-03 7.412e-06 7.412e-06 7.412e-03 6.105e-06 6.105e-06 1.961e-02
34.610233 4.072e+00 4.199e-01 -1.900e-03 2.998e-04 2.998e-04 2.998e-01 2.991e-04 2.991e-04 3.333e-01
34.620235 4.102e+00 4.199e-01 -1.897e-03 4.778e-04 4.778e-04 4.778e-01 4.774e-04 4.774e-04 4.902e-01
34.630234 4.150e+00 4.248e-01 -1.882e-03 4.732e-04 4.732e-04 4.732e-01 4.725e-04 4.725e-04 4.902e-01
34.640232 4.189e+00 4.102e-01 -1.859e-03 2.879e-04 2.879e-04 2.879e-01 2.869e-04 2.869e-04 2.941e-01
34.650234 4.194e+00 3.955e-01 -1.891e-03 -7.388e-06 -7.388e-06 -7.388e-03 -8.547e-06 -8.547e-06 1.961e-02
34.660233 4.204e+00 3.760e-01 -1.976e-03 -2.998e-04 -2.998e-04 -2.998e-01 -3.016e-04 -3.016e-04 -2.941e-01
34.670235 4.170e+00 3.271e-01 -2.104e-03 -4.778e-04 -4.778e-04 -4.778e-01 -4.799e-04 -4.799e-04 -4.510e-01
34.680233 4.141e+00 2.832e-01 -2.236e-03 -4.732e-04 -4.732e-04 -4.732e-01 -4.750e-04 -4.750e-04 -4.510e-01
34.690235 4.106e+00 2.197e-01 -2.329e-03 -2.879e-04 -2.879e-04 -2.879e-01 -2.894e-04 -2.894e-04 -2.549e-01
34.700233 4.053e+00 1.562e-01 -2.376e-03 7.364e-06 7.364e-06 7.364e-03 6.105e-06 6.105e-06 1.961e-02
34.710236 4.038e+00 1.270e-01 -2.367e-03 2.999e-04 2.999e-04 2.999e-01 2.991e-04 2.991e-04 3.333e-01
34.720234 3.994e+00 9.277e-02 -2.312e-03 4.778e-04 4.778e-04 4.778e-01 4.774e-04 4.774e-04 4.902e-01
34.730232 3.955e+00 7.812e-02 -2.233e-03 4.732e-04 4.732e-04 4.732e-01 4.725e-04 4.725e-04 4.902e-01
34.740234 3.945e+00 5.859e-02 -2.166e-03 2.879e-04 2.879e-04 2.879e-01 2.869e-04 2.869e-04 2.941e-01
34.750233 3.882e+00 2.441e-02 -2.136e-03 -7.340e-06 -7.340e-06 -7.340e-03 -8.547e-06 -8.547e-06 1.961e-02
34.760235 3.823e+00 -4.883e-03 -2.157e-03 -2.999e-04 -2.999e-04 -2.999e-01 -3.016e-04 -3.016e-04 -2.941e-01
34.770233 3.750e+00 -5.859e-02 -2.221e-03 -4.777e-04 -4.777e-04 -4.777e-01 -4.799e-04 -4.799e-04 -4.510e-01
34.780235 3.657e+00 -1.123e-01 -2.288e-03 -4.732e-04 -4.732e-04 -4.732e-01 -4.750e-04 -4.750e-04 -4.510e-01
34.790234 3.560e+00 -1.807e-01 -2.326e-03 -2.879e-04 -2.879e-04 -2.879e-01 -2.894e-04 -2.894e-04 -2.549e-01
34.800236 3.467e+00 -2.295e-01 -2.314e-03 7.436e-06 7.436e-06 7.436e-03 6.105e-06 6.105e-06 1.961e-02
34.810234 3.408e+00 -2.783e-01 -2.224e-03 2.998e-04 2.998e-04 2.998e-01 2.991e-04 2.991e-04 3.333e-01
34.820232 3.315e+00 -2.979e-01 -2.104e-03 4.777e-04 4.777e-04 4.777e-01 4.774e-04 4.774e-04 4.902e-01
34.830235 3.242e+00 -3.027e-01 -1.964e-03 4.732e-04 4.732e-04 4.732e-01 4.725e-04 4.725e-04 4.902e-01
34.840233 3.174e+00 -3.125e-01 -1.839e-03 2.879e-04 2.879e-04 2.879e-01 2.869e-04 2.869e-04 2.941e-01
34.850235 3.096e+00 -3.271e-01 -1.760e-03 -7.412e-06 -7.412e-06 -7.412e-03 -8.547e-06 -8.547e-06 1.961e-02
34.860233 3.032e+00 -3.613e-01 -1.710e-03 -2.998e-04 -2.998e-04 -2.998e-01 -3.016e-04 -3.016e-04 -2.941e-01
34.870232 2.910e+00 -3.857e-01 -1.734e-03 -4.777e-04 -4.777e-04 -4.777e-01 -4.799e-04 -4.799e-04 -4.510e-01
34.880234 2.827e+00 -4.346e-01 -1.734e-03 -4.732e-04 -4.732e-04 -4.732e-01 -4.750e-04 -4.750e-04 -4.510e-01
34.890236 2.729e+00 -4.590e-01 -1.734e-03 -2.878e-04 -2.878e-04 -2.878e-01 -2.894e-04 -2.894e-04 -2.549e-01
34.900234 2.632e+00 -5.078e-01 -1.658e-03 7.389e-06 7.389e-06 7.389e-03 6.105e-06 6.105e-06 1.961e-02
34.910233 2.549e+00 -5.078e-01 -1.544e-03 2.998e-04 2.998e-04 2.998e-01 2.991e-04 2.991e-04 3.333e-01
34.920235 2.485e+00 -5.127e-01 -1.380e-03 4.778e-04 4.778e-04 4.778e-01 4.774e-04 4.774e-04 4.902e-01
34.930233 2.446e+00 -4.834e-01 -1.208e-03 4.732e-04 4.732e-04 4.732e-01 4.725e-04 4.725e-04 4.902e-01
34.940235 2.412e+00 -4.639e-01 -1.059e-03 2.879e-04 2.879e-04 2.879e-01 2.869e-04 2.869e-04 2.941e-01
34.950233 2.358e+00 -4.395e-01 -9.748e-04 -7.365e-06 -7.365e-06 -7.365e-03 -8.547e-06 -8.547e-06 1.961e-02
34.960236 2.319e+00 -4.297e-01 -9.223e-04 -2.999e-04 -2.999e-04 -2.999e-01 -3.016e-04 -3.016e-04 -2.941e-01
34.970234 2.261e+00 -4.395e-01 -9.106e-04 -4.778e-04 -4.778e-04 -4.778e-01 -4.799e-04 -4.799e-04 -4.510e-01
34.980232 2.217e+00 -4.395e-01 -9.223e-04 -4.732e-04 -4.732e-04 -4.732e-01 -4.750e-04 -4.750e-04 -4.510e-01
34.990234 2.163e+00 -4.443e-01 -9.048e-04 -2.879e-04 -2.879e-04 -2.879e-01 -2.894e-04 -2.894e-04 -2.549e-01
35.000233 2.119e+00 -4.395e-01 -8.668e-04 7.341e-06 7.341e-06 7.341e-03 6.105e-06 6.105e-06 1.961e-02
35.010235 2.124e+00 -4.053e-01 -7.647e-04 2.999e-04 2.999e-04 2.999e-01 2.991e-04 2.991e-04 3.333e-01
35.020233 2.119e+00 -3.613e-01 -6.363e-04 4.777e-04 4.777e-04 4.777e-01 4.774e-04 4.774e-04 4.902e-01
35.030235 2.144e+00 -3.076e-01 -4.932e-04 4.732e-04 4.732e-04 4.732e-01 4.725e-04 4.725e-04 4.902e-01
35.040234 2.178e+00 -2.539e-01 -3.765e-04 2.879e-04 2.879e-04 2.879e-01 2.869e-04 2.869e-04 2.941e-01
35.050236 2.202e+00 -2.100e-01 -3.035e-04 -7.437e-06 -7.437e-06 -7.437e-03 -8.547e-06 -8.547e-06 1.961e-02
35.060234 2.227e+00 -1.611e-01 -3.035e-04 -2.998e-04 -2.998e-04 -2.998e-01 -3.016e-04 -3.016e-04 -2.941e-01
35.070232 2.251e+00 -1.416e-01 -3.502e-04 -4.777e-04 -4.777e-04 -4.777e-01 -4.799e-04 -4.799e-04 -4.510e-01
35.080235 2.261e+00 -1.123e-01 -4.174e-04 -4.732e-04 -4.732e-04 -4.732e-01 -4.750e-04 -4.750e-04 -4.510e-01
35.090233 2.285e+00 -8.789e-02 -4.699e-04 -2.879e-04 -2.879e-04 -2.879e-01 -2.894e-04 -2.894e-04 -2.549e-01
35.100235 2.329e+00 -5.859e-02 -4.786e-04 7.413e-06 7.413e-06 7.413e-03 6.105e-06 6.105e-06 1.961e-02
35.110233 2.388e+00 0.000e+00 -4.553e-04 2.998e-04 2.998e-04 2.998e-01 2.991e-04 2.991e-04 3.333e-01
35.120235 2.461e+00 3.418e-02 -3.707e-04 4.778e-04 4.778e-04 4.778e-01 4.774e-04 4.774e-04 4.902e-01
35.130234 2.568e+00 1.123e-01 -3.006e-04 4.732e-04 4.732e-04 4.732e-01 4.725e-04 4.725e-04 4.902e-01
35.140236 2.656e+00 1.758e-01 -2.510e-04 2.878e-04 2.878e-04 2.878e-01 2.869e-04 2.869e-04 2.941e-01
35.150234 2.754e+00 2.246e-01 -2.510e-04 -7.389e-06 -7.389e-06 -7.389e-03 -8.547e-06 -8.547e-06 1.961e-02
35.160233 2.832e+00 2.783e-01 -3.210e-04 -2.998e-04 -2.998e-04 -2.998e-01 -3.016e-04 -3.016e-04 -2.941e-01
35.170235 2.900e+00 3.076e-01 -4.436e-04 -4.778e-04 -4.778e-04 -4.778e-01 -4.799e-04 -4.799e-04 -4.510e-01
35.180233 2.983e+00 3.320e-01 -5.837e-04 -4.732e-04 -4.732e-04 -4.732e-01 -4.750e-04 -4.750e-04 -4.510e-01
35.190235 3.062e+00 3.467e-01 -7.005e-04 -2.879e-04 -2.879e-04 -2.879e-01 -2.894e-04 -2.894e-04 -2.549e-01
35.200233 3.140e+00 3.613e-01 -7.822e-04 7.365e-06 7.365e-06 7.365e-03 6.105e-06 6.105e-06 1.961e-02
35.210232 3.242e+00 4.004e-01 -8.143e-04 2.998e-04 2.998e-04 2.998e-01 2.991e-04 2.991e-04 3.333e-01
35.220234 3.345e+00 4.346e-01 -8.085e-04 4.778e-04 4.778e-04 4.778e-01 4.774e-04 4.774e-04 4.902e-01
35.230232 3.457e+00 4.883e-01 -7.997e-04 4.732e-04 4.732e-04 4.732e-01 4.725e-04 4.725e-04 4.902e-01
35.240234 3.564e+00 5.371e-01 -7.997e-04 2.879e-04 2.879e-04 2.879e-01 2.869e-04 2.869e-04 2.941e-01
35.250233 3.667e+00 5.664e-01 -8.697e-04 -7.341e-06 -7.341e-06 -7.341e-03 -8.547e-06 -8.547e-06 1.961e-02
35.260235 3.760e+00 6.055e-01 -9.952e-04 -2.999e-04 -2.999e-04 -2.999e-01 -3.016e-04 -3.016e-04 -2.941e-01
35.270233 3.813e+00 6.055e-01 -1.170e-03 -4.777e-04 -4.777e-04 -4.777e-01 -4.799e-04 -4.799e-04 -4.510e-01
35.280235 3.901e+00 5.957e-01 -1.345e-03 -4.732e-04 -4.732e-04 -4.732e-01 -4.750e-04 -4.750e-04 -4.510e-01
35.290234 3.965e+00 5.713e-01 -1.503e-03 -2.879e-04 -2.879e-04 -2.879e-01 -2.894e-04 -2.894e-04 -2.549e-01
35.300236 4.019e+00 5.615e-01 -1.617e-03 7.437e-06 7.437e-06 7.437e-03 6.105e-06 6.105e-06 1.961e-02
35.310234 4.092e+00 5.469e-01 -1.661e-03 2.998e-04 2.998e-04 2.998e-01 2.991e-04 2.991e-04 3.333e-01
35.320236 4.155e+00 5.469e-01 -1.678e-03 4.778e-04 4.778e-04 4.778e-01 4.774e-04 4.774e-04 4.902e-01
35.330235 4.224e+00 5.664e-01 -1.684e-03 4.732e-04 4.732e-04 4.732e-01 4.725e-04 4.725e-04 4.902e-01
35.340233 4.282e+00 5.713e-01 -1.699e-03 2.879e-04 2.879e-04 2.879e-01 2.869e-04 2.869e-04 2.941e-01
35.350235 4.316e+00 5.762e-01 -1.766e-03 -7.413e-06 -7.413e-06 -7.413e-03 -8.547e-06 -8.547e-06 1.961e-02
35.360233 4.365e+00 5.566e-01 -1.885e-03 -2.998e-04 -2.998e-04 -2.998e-01 -3.016e-04 -3.016e-04 -2.941e-01
35.370235 4.370e+00 5.078e-01 -2.031e-03 -4.778e-04 -4.778e-04 -4.778e-01 -4.799e-04 -4.799e-04 -4.510e-01
35.380234 4.380e+00 4.639e-01 -2.189e-03 -4.732e-04 -4.732e-04 -4.732e-01 -4.750e-04 -4.750e-04 -4.510e-01
35.390232 4.370e+00 4.102e-01 -2.326e-03 -2.879e-04 -2.879e-04 -2.879e-01 -2.894e-04 -2.894e-04 -2.549e-01
35.400234 4.341e+00 3.564e-01 -2.402e-03 7.389e-06 7.389e-06 7.389e-03 6.105e-06 6.105e-06 1.961e-02
35.410233 4.331e+00 3.223e-01 -2.425e-03 2.998e-04 2.998e-04 2.998e-01 2.991e-04 2.991e-04 3.333e-01
35.420235 4.326e+00 2.881e-01 -2.402e-03 4.778e-04 4.778e-04 4.778e-01 4.774e-04 4.774e-04 4.902e-01
35.430233 4.312e+00 2.783e-01 -2.347e-03 4.732e-04 4.732e-04 4.732e-01 4.725e-04 4.725e-04 4.902e-01
35.440235 4.292e+00 2.441e-01 -2.309e-03 2.879e-04 2.879e-04 2.879e-01 2.869e-04 2.869e-04 2.941e-01
35.450233 4.253e+00 2.051e-01 -2.314e-03 -7.365e-06 -7.365e-06 -7.365e-03 -8.547e-06 -8.547e-06 1.961e-02
35.460236 4.209e+00 1.709e-01 -2.376e-03 -2.999e-04 -2.999e-04 -2.999e-01 -3.016e-04 -3.016e-04 -2.941e-01
35.470234 4.116e+00 1.074e-01 -2.455e-03 -4.778e-04 -4.778e-04 -4.778e-01 -4.799e-04 -4.799e-04 -4.510e-01
35.480236 4.058e+00 4.395e-02 -2.545e-03 -4.732e-04 -4.732e-04 -4.732e-01 -4.750e-04 -4.750e-04 -4.510e-01
35.490234 3.960e+00 -4.395e-02 -2.598e-03 -2.879e-04 -2.879e-04 -2.879e-01 -2.894e-04 -2.894e-04 -2.549e-01
35.500233 3.867e+00 -1.123e-01 -2.595e-03 7.341e-06 7.341e-06 7.341e-03 6.105e-06 6.105e-06 1.961e-02
35.510235 3.779e+00 -1.465e-01 -2.554e-03 2.999e-04 2.999e-04 2.999e-01 2.991e-04 2.991e-04 3.333e-01
35.520233 3.687e+00 -1.758e-01 -2.457e-03 4.777e-04 4.777e-04 4.777e-01 4.774e-04 4.774e-04 4.902e-01
35.530235 3.638e+00 -2.148e-01 -2.312e-03 4.732e-04 4.732e-04 4.732e-01 4.725e-04 4.725e-04 4.902e-01
35.540234 3.550e+00 -2.393e-01 -2.204e-03 2.879e-04 2.879e-04 2.879e-01 2.869e-04 2.869e-04 2.941e-01
35.550236 3.462e+00 -2.686e-01 -2.131e-03 -7.437e-06 -7.437e-06 -7.437e-03 -8.547e-06 -8.547e-06 1.961e-02
35.560234 3.369e+00 -3.125e-01 -2.098e-03 -2.998e-04 -2.998e-04 -2.998e-01 -3.016e-04 -3.016e-04 -2.941e-01
35.570232 3.252e+00 -3.760e-01 -2.096e-03 -4.777e-04 -4.777e-04 -4.777e-01 -4.799e-04 -4.799e-04 -4.510e-01
35.580235 3.130e+00 -4.248e-01 -2.113e-03 -4.732e-04 -4.732e-04 -4.732e-01 -4.750e-04 -4.750e-04 -4.510e-01
35.590233 2.998e+00 -4.883e-01 -2.104e-03 -2.879e-04 -2.879e-04 -2.879e-01 -2.894e-04 -2.894e-04 -2.549e-01
35.600235 2.881e+00 -5.225e-01 -2.043e-03 7.413e-06 7.413e-06 7.413e-03 6.105e-06 6.105e-06 1.961e-02
35.610233 2.783e+00 -5.469e-01 -1.926e-03 2.998e-04 2.998e-04 2.998e-01 2.991e-04 2.991e-04 3.333e-01
35.620232 2.676e+00 -5.469e-01 -1.775e-03 4.777e-04 4.777e-04 4.777e-01 4.774e-04 4.774e-04 4.902e-01
35.630234 2.632e+00 -5.566e-01 -1.570e-03 4.732e-04 4.732e-04 4.732e-01 4.725e-04 4.725e-04 4.902e-01
35.640236 2.539e+00 -5.518e-01 -1.413e-03 2.878e-04 2.878e-04 2.878e-01 2.869e-04 2.869e-04 2.941e-01
35.650234 2.471e+00 -5.518e-01 -1.284e-03 -7.389e-06 -7.389e-06 -7.389e-03 -8.547e-06 -8.547e-06 1.961e-02
35.660233 2.378e+00 -5.469e-01 -1.220e-03 -2.998e-04 -2.998e-04 -2.998e-01 -3.016e-04 -3.016e-04 -2.941e-01
35.670235 2.280e+00 -5.713e-01 -1.197e-03 -4.778e-04 -4.778e-04 -4.778e-01 -4.799e-04 -4.799e-04 -4.510e-01
35.680233 2.197e+00 -5.957e-01 -1.170e-03 -4.732e-04 -4.732e-04 -4.732e-01 -4.750e-04 -4.750e-04 -4.510e-01
35.690235 2.114e+00 -5.957e-01 -1.153e-03 -2.879e-04 -2.879e-04 -2.879e-01 -2.894e-04 -2.894e-04 -2.549e-01
35.700233 2.046e+00 -6.152e-01 -1.071e-03 7.365e-06 7.365e-06 7.365e-03 6.105e-06 6.105e-06 1.961e-02
35.710236 2.002e+00 -5.859e-01 -9.456e-04 2.999e-04 2.999e-04 2.999e-01 2.991e-04 2.991e-04 3.333e-01
35.720234 1.963e+00 -5.664e-01 -7.734e-04 4.778e-04 4.778e-04 4.778e-01 4.774e-04 4.774e-04 4.902e-01
35.730232 1.958e+00 -5.176e-01 -5.896e-04 4.732e-04 4.732e-04 4.732e-01 4.725e-04 4.725e-04 4.902e-01
35.740234 1.948e+00 -4.590e-01 -4.524e-04 2.879e-04 2.879e-04 2.879e-01 2.869e-04 2.869e-04 2.941e-01
35.750233 1.943e+00 -4.102e-01 -3.444e-04 -7.341e-06 -7.341e-06 -7.341e-03 -8.547e-06 -8.547e-06 1.961e-02
35.760235 1.948e+00 -3.711e-01 -3.152e-04 -2.999e-04 -2.999e-04 -2.999e-01 -3.016e-04 -3.016e-04 -2.941e-01
35.770233 1.929e+00 -3.467e-01 -3.298e-04 -4.777e-04 -4.777e-04 -4.777e-01 -4.799e-04 -4.799e-04 -4.510e-01
35.780235 1.938e+00 -3.271e-01 -3.532e-04 -4.732e-04 -4.732e-04 -4.732e-01 -4.750e-04 -4.750e-04 -4.510e-01
35.790234 1.929e+00 -3.027e-01 -3.736e-04 -2.879e-04 -2.879e-04 -2.879e-01 -2.894e-04 -2.894e-04 -2.549e-01
35.800236 1.968e+00 -2.734e-01 -3.473e-04 7.437e-06 7.437e-06 7.437e-03 6.105e-06 6.105e-06 1.961e-02
35.810234 2.007e+00 -2.246e-01 -2.773e-04 2.998e-04 2.998e-04 2.998e-01 2.991e-04 2.991e-04 3.333e-01
35.820232 2.070e+00 -1.611e-01 -1.780e-04 4.777e-04 4.777e-04 4.777e-01 4.774e-04 4.774e-04 4.902e-01
35.830235 2.139e+00 -8.789e-02 -5.837e-05 4.732e-04 4.732e-04 4.732e-01 4.725e-04 4.725e-04 4.902e-01
35.840233 2.212e+00 -9.766e-03 8.756e-06 2.879e-04 2.879e-04 2.879e-01 2.869e-04 2.869e-04 2.941e-01
35.850235 2.305e+00 6.836e-02 2.043e-05 -7.413e-06 -7.413e-06 -7.413e-03 -8.547e-06 -8.547e-06 1.961e-02
35.860233 2.388e+00 1.172e-01 -1.751e-05 -2.998e-04 -2.998e-04 -2.998e-01 -3.016e-04 -3.016e-04 -2.941e-01
35.870235 2.466e+00 1.660e-01 -1.197e-04 -4.778e-04 -4.778e-04 -4.778e-01 -4.799e-04 -4.799e-04 -4.510e-01
35.880234 2.549e+00 2.002e-01 -2.277e-04 -4.732e-04 -4.732e-04 -4.732e-01 -4.750e-04 -4.750e-04 -4.510e-01
35.890232 2.627e+00 2.295e-01 -3.327e-04 -2.879e-04 -2.879e-04 -2.879e-01 -2.894e-04 -2.894e-04 -2.549e-01
35.900234 2.729e+00 2.637e-01 -3.911e-04 7.389e-06 7.389e-06 7.389e-03 6.105e-06 6.105e-06 1.961e-02
35.910233 2.832e+00 3.174e-01 -4.086e-04 2.998e-04 2.998e-04 2.998e-01 2.991e-04 2.991e-04 3.333e-01
35.920235 2.944e+00 3.662e-01 -3.882e-04 4.778e-04 4.778e-04 4.778e-01 4.774e-04 4.774e-04 4.902e-01
35.930233 3.081e+00 4.492e-01 -3.823e-04 4.732e-04 4.732e-04 4.732e-01 4.725e-04 4.725e-04 4.902e-01
35.940235 3.198e+00 5.029e-01 -3.823e-04 2.879e-04 2.879e-04 2.879e-01 2.869e-04 2.869e-04 2.941e-01
35.950233 3.335e+00 5.664e-01 -4.524e-04 -7.366e-06 -7.366e-06 -7.366e-03 -8.547e-06 -8.547e-06 1.961e-02
35.960236 3.457e+00 6.006e-01 -5.720e-04 -2.999e-04 -2.999e-04 -2.999e-01 -3.016e-04 -3.016e-04 -2.941e-01
35.970234 3.550e+00 6.299e-01 -7.472e-04 -4.778e-04 -4.778e-04 -4.778e-01 -4.799e-04 -4.799e-04 -4.510e-01
35.980236 3.647e+00 6.494e-01 -9.369e-04 -4.732e-04 -4.732e-04 -4.732e-01 -4.750e-04 -4.750e-04 -4.510e-01
35.990234 3.740e+00 6.250e-01 -1.092e-03 -2.879e-04 -2.879e-04 -2.879e-01 -2.894e-04 -2.894e-04 -2.549e-01
36.000233 3.838e+00 6.445e-01 -1.232e-03 7.342e-06 7.342e-06 7.342e-03 6.105e-06 6.105e-06 1.961e-02
36.010235 3.940e+00 6.543e-01 -1.290e-03 2.999e-04 2.999e-04 2.999e-01 2.991e-04 2.991e-04 3.333e-01
36.020233 4.038e+00 6.787e-01 -1.331e-03 4.777e-04 4.777e-04 4.777e-01 4.774e-04 4.774e-04 4.902e-01
36.030235 4.160e+00 7.129e-01 -1.363e-03 4.732e-04 4.732e-04 4.732e-01 4.725e-04 4.725e-04 4.902e-01
36.040234 4.268e+00 7.227e-01 -1.395e-03 2.879e-04 2.879e-04 2.879e-01 2.869e-04 2.869e-04 2.941e-01
36.050232 4.351e+00 7.422e-01 -1.491e-03 -7.318e-06 -7.318e-06 -7.318e-03 -8.547e-06 -8.547e-06 1.961e-02
36.060234 4.414e+00 7.373e-01 -1.637e-03 -2.998e-04 -2.998e-04 -2.998e-01 -3.016e-04 -3.016e-04 -2.941e-01
36.070232 4.463e+00 6.982e-01 -1.812e-03 -4.777e-04 -4.777e-04 -4.777e-01 -4.799e-04 -4.799e-04 -4.510e-01
36.080235 4.521e+00 6.543e-01 -1.990e-03 -4.732e-04 -4.732e-04 -4.732e-01 -4.750e-04 -4.750e-04 -4.510e-01
36.090233 4.521e+00 6.152e-01 -2.169e-03 -2.879e-04 -2.879e-04 -2.879e-01 -2.894e-04 -2.894e-04 -2.549e-01
36.100235 4.551e+00 5.762e-01 -2.285e-03 7.414e-06 7.414e-06 7.414e-03 6.105e-06 6.105e-06 1.961e-02
36.110237 4.565e+00 5.518e-01 -2.347e-03 2.999e-04 2.999e-04 2.999e-01 2.991e-04 2.991e-04 3.333e-01
36.120235 4.600e+00 5.225e-01 -2.355e-03 4.778e-04 4.778e-04 4.778e-01 4.774e-04 4.774e-04 4.902e-01
36.130234 4.639e+00 4.980e-01 -2.344e-03 4.732e-04 4.732e-04 4.732e-01 4.725e-04 4.725e-04 4.902e-01
36.140232 4.629e+00 4.688e-01 -2.335e-03 2.879e-04 2.879e-04 2.879e-01 2.869e-04 2.869e-04 2.941e-01
36.150234 4.634e+00 4.443e-01 -2.387e-03 -7.390e-06 -7.390e-06 -7.390e-03 -8.547e-06 -8.547e-06 1.961e-02
36.160233 4.600e+00 4.004e-01 -2.478e-03 -2.998e-04 -2.998e-04 -2.998e-01 -3.016e-04 -3.016e-04 -2.941e-01
36.170235 4.556e+00 3.223e-01 -2.592e-03 -4.778e-04 -4.778e-04 -4.778e-01 -4.799e-04 -4.799e-04 -4.510e-01
36.180233 4.487e+00 2.686e-01 -2.738e-03 -4.732e-04 -4.732e-04 -4.732e-01 -4.750e-04 -4.750e-04 -4.510e-01
36.190235 4.409e+00 1.758e-01 -2.822e-03 -2.879e-04 -2.879e-04 -2.879e-01 -2.894e-04 -2.894e-04 -2.549e-01
36.200233 4.341e+00 1.123e-01 -2.866e-03 7.366e-06 7.366e-06 7.366e-03 6.105e-06 6.105e-06 1.961e-02
36.210236 4.258e+00 4.395e-02 -2.834e-03 2.999e-04 2.999e-04 2.999e-01 2.991e-04 2.991e-04 3.333e-01
36.220234 4.199e+00 -1.953e-02 -2.746e-03 4.778e-04 4.778e-04 4.778e-01 4.774e-04 4.774e-04 4.902e-01
36.230232 4.126e+00 -5.371e-02 -2.644e-03 4.732e-04 4.732e-04 4.732e-01 4.725e-04 4.725e-04 4.902e-01
36.240234 4.038e+00 -8.789e-02 -2.565e-03 2.879e-04 2.879e-04 2.879e-01 2.869e-04 2.869e-04 2.941e-01
36.250233 3.940e+00 -1.270e-01 -2.516e-03 -7.342e-06 -7.342e-06 -7.342e-03 -8.547e-06 -8.547e-06 1.961e-02
36.260235 3.838e+00 -1.855e-01 -2.516e-03 -2.999e-04 -2.999e-04 -2.999e-01 -3.016e-04 -3.016e-04 -2.941e-01
36.270233 3.701e+00 -2.490e-01 -2.542e-03 -4.777e-04 -4.777e-04 -4.777e-01 -4.799e-04 -4.799e-04 -4.510e-01
36.280235 3.564e+00 -3.174e-01 -2.574e-03 -4.732e-04 -4.732e-04 -4.732e-01 -4.750e-04 -4.750e-04 -4.510e-01
36.290234 3.438e+00 -4.053e-01 -2.568e-03 -2.879e-04 -2.879e-04 -2.879e-01 -2.894e-04 -2.894e-04 -2.549e-01
36.300232 3.306e+00 -4.736e-01 -2.507e-03 7.318e-06 7.318e-06 7.318e-03 6.105e-06 6.105e-06 1.961e-02
36.310234 3.179e+00 -5.273e-01 -2.387e-03 2.998e-04 2.998e-04 2.998e-01 2.991e-04 2.991e-04 3.333e-01
36.320232 3.052e+00 -5.615e-01 -2.227e-03 4.777e-04 4.777e-04 4.777e-01 4.774e-04 4.774e-04 4.902e-01
36.330235 2.949e+00 -5.713e-01 -2.040e-03 4.732e-04 4.732e-04 4.732e-01 4.725e-04 4.725e-04 4.902e-01
36.340237 2.837e+00 -5.908e-01 -1.868e-03 2.878e-04 2.878e-04 2.878e-01 2.869e-04 2.869e-04 2.941e-01
36.350235 2.715e+00 -6.006e-01 -1.739e-03 -7.414e-06 -7.414e-06 -7.414e-03 -8.547e-06 -8.547e-06 1.961e-02
36.360233 2.603e+00 -6.201e-01 -1.667e-03 -2.998e-04 -2.998e-04 -2.998e-01 -3.016e-04 -3.016e-04 -2.941e-01
36.370232 2.476e+00 -6.641e-01 -1.629e-03 -4.777e-04 -4.777e-04 -4.777e-01 -4.799e-04 -4.799e-04 -4.510e-01
36.380234 2.358e+00 -6.885e-01 -1.599e-03 -4.732e-04 -4.732e-04 -4.732e-01 -4.750e-04 -4.750e-04 -4.510e-01
36.390236 2.231e+00 -7.373e-01 -1.544e-03 -2.878e-04 -2.878e-04 -2.878e-01 -2.894e-04 -2.894e-04 -2.549e-01
36.400234 2.129e+00 -7.568e-01 -1.433e-03 7.390e-06 7.390e-06 7.390e-03 6.105e-06 6.105e-06 1.961e-02
36.410233 2.026e+00 -7.617e-01 -1.278e-03 2.998e-04 2.998e-04 2.998e-01 2.991e-04 2.991e-04 3.333e-01
36.420235 1.948e+00 -7.471e-01 -1.083e-03 4.778e-04 4.778e-04 4.778e-01 4.774e-04 4.774e-04 4.902e-01
36.430233 1.895e+00 -7.031e-01 -8.785e-04 4.732e-04 4.732e-04 4.732e-01 4.725e-04 4.725e-04 4.902e-01
36.440235 1.836e+00 -6.787e-01 -6.859e-04 2.879e-04 2.879e-04 2.879e-01 2.869e-04 2.869e-04 2.941e-01
36.450233 1.782e+00 -6.348e-01 -5.604e-04 -7.366e-06 -7.366e-06 -7.366e-03 -8.547e-06 -8.547e-06 1.961e-02
36.460232 1.729e+00 -6.055e-01 -4.845e-04 -2.998e-04 -2.998e-04 -2.998e-01 -3.016e-04 -3.016e-04 -2.941e-01
36.470234 1.650e+00 -5.957e-01 -4.524e-04 -4.778e-04 -4.778e-04 -4.778e-01 -4.799e-04 -4.799e-04 -4.510e-01
36.480236 1.597e+00 -5.859e-01 -4.320e-04 -4.732e-04 -4.732e-04 -4.732e-01 -4.750e-04 -4.750e-04 -4.510e-01
36.490234 1.519e+00 -5.713e-01 -4.086e-04 -2.879e-04 -2.879e-04 -2.879e-01 -2.894e-04 -2.894e-04 -2.549e-01
36.500233 1.460e+00 -5.371e-01 -3.386e-04 7.342e-06 7.342e-06 7.342e-03 6.105e-06 6.105e-06 1.961e-02
36.510235 1.411e+00 -4.932e-01 -2.306e-04 2.999e-04 2.999e-04 2.999e-01 2.991e-04 2.991e-04 3.333e-01
36.520233 1.392e+00 -4.395e-01 -8.464e-05 4.778e-04 4.778e-04 4.778e-01 4.774e-04 4.774e-04 4.902e-01
36.530235 1.406e+00 -3.613e-01 6.421e-05 4.732e-04 4.732e-04 4.732e-01 4.725e-04 4.725e-04 4.902e-01
36.540234 1.401e+00 -2.881e-01 1.839e-04 2.879e-04 2.879e-04 2.879e-01 2.869e-04 2.869e-04 2.941e-01
36.550232 1.436e+00 -2.197e-01 2.539e-04 -7.318e-06 -7.318e-06 -7.318e-03 -8.547e-06 -8.547e-06 1.961e-02
36.560234 1.460e+00 -1.660e-01 2.598e-04 -2.998e-04 -2.998e-04 -2.998e-01 -3.016e-04 -3.016e-04 -2.941e-01
36.570232 1.494e+00 -1.270e-01 2.160e-04 -4.777e-04 -4.777e-04 -4.777e-01 -4.799e-04 -4.799e-04 -4.510e-01
36.580235 1.538e+00 -7.812e-02 1.401e-04 -4.732e-04 -4.732e-04 -4.732e-01 -4.750e-04 -4.750e-04 -4.510e-01
36.590233 1.587e+00 -5.371e-02 8.756e-05 -2.879e-04 -2.879e-04 -2.879e-01 -2.894e-04 -2.894e-04 -2.549e-01
36.600235 1.665e+00 -4.883e-03 6.421e-05 7.414e-06 7.414e-06 7.414e-03 6.105e-06 6.105e-06 1.961e-02
36.610233 1.772e+00 5.859e-02 8.172e-05 2.998e-04 2.998e-04 2.998e-01 2.991e-04 2.991e-04 3.333e-01
36.620232 1.919e+00 1.270e-01 1.401e-04 4.777e-04 4.777e-04 4.777e-01 4.774e-04 4.774e-04 4.902e-01
36.630234 2.075e+00 2.148e-01 1.985e-04 4.732e-04 4.732e-04 4.732e-01 4.725e-04 4.725e-04 4.902e-01
36.640232 2.231e+00 2.930e-01 2.277e-04 2.879e-04 2.879e-04 2.879e-01 2.869e-04 2.869e-04 2.941e-01
36.650234 2.393e+00 3.760e-01 1.955e-04 -7.390e-06 -7.390e-06 -7.390e-03 -8.547e-06 -8.547e-06 1.961e-02
36.660236 2.554e+00 4.297e-01 1.051e-04 -2.999e-04 -2.999e-04 -2.999e-01 -3.016e-04 -3.016e-04 -2.941e-01
36.670235 2.681e+00 4.736e-01 -3.794e-05 -4.778e-04 -4.778e-04 -4.778e-01 -4.799e-04 -4.799e-04 -4.510e-01
36.680233 2.817e+00 5.225e-01 -2.131e-04 -4.732e-04 -4.732e-04 -4.732e-01 -4.750e-04 -4.750e-04 -4.510e-01
36.690235 2.954e+00 5.371e-01 -3.590e-04 -2.879e-04 -2.879e-04 -2.879e-01 -2.894e-04 -2.894e-04 -2.549e-01
36.700233 3.105e+00 5.811e-01 -4.816e-04 7.366e-06 7.366e-06 7.366e-03 6.105e-06 6.105e-06 1.961e-02
36.710232 3.237e+00 6.152e-01 -5.429e-04 2.998e-04 2.998e-04 2.998e-01 2.991e-04 2.991e-04 3.333e-01
36.720234 3.394e+00 6.738e-01 -5.837e-04 4.778e-04 4.778e-04 4.778e-01 4.774e-04 4.774e-04 4.902e-01
36.730232 3.569e+00 7.324e-01 -6.041e-04 4.732e-04 4.732e-04 4.732e-01 4.725e-04 4.725e-04 4.902e-01
36.740234 3.721e+00 7.861e-01 -6.625e-04 2.879e-04 2.879e-04 2.879e-01 2.869e-04 2.869e-04 2.941e-01
36.750237 3.867e+00 8.203e-01 -7.530e-04 -7.462e-06 -7.462e-06 -7.462e-03 -8.547e-06 -8.547e-06 1.961e-02
36.760235 3.994e+00 8.545e-01 -9.281e-04 -2.999e-04 -2.999e-04 -2.999e-01 -3.016e-04 -3.016e-04 -2.941e-01
36.770233 4.116e+00 8.594e-01 -1.141e-03 -4.778e-04 -4.778e-04 -4.778e-01 -4.799e-04 -4.799e-04 -4.510e-01
36.780231 4.233e+00 8.496e-01 -1.357e-03 -4.732e-04 -4.732e-04 -4.732e-01 -4.750e-04 -4.750e-04 -4.510e-01
36.790234 4.297e+00 8.398e-01 -1.573e-03 -2.879e-04 -2.879e-04 -2.879e-01 -2.894e-04 -2.894e-04 -2.549e-01
36.800232 4.419e+00 8.203e-01 -1.716e-03 7.318e-06 7.318e-06 7.318e-03 6.105e-06 6.105e-06 1.961e-02
36.810234 4.507e+00 8.008e-01 -1.807e-03 2.998e-04 2.998e-04 2.998e-01 2.991e-04 2.991e-04 3.333e-01
36.820232 4.595e+00 8.105e-01 -1.862e-03 4.777e-04 4.777e-04 4.777e-01 4.774e-04 4.774e-04 4.902e-01
36.830235 4.692e+00 8.105e-01 -1.903e-03 4.732e-04 4.732e-04 4.732e-01 4.725e-04 4.725e-04 4.902e-01
36.840233 4.751e+00 8.252e-01 -1.979e-03 2.879e-04 2.879e-04 2.879e-01 2.869e-04 2.869e-04 2.941e-01
36.850235 4.849e+00 8.057e-01 -2.072e-03 -7.414e-06 -7.414e-06 -7.414e-03 -8.547e-06 -8.547e-06 1.961e-02
36.860233 4.873e+00 7.617e-01 -2.218e-03 -2.998e-04 -2.998e-04 -2.998e-01 -3.016e-04 -3.016e-04 -2.941e-01
36.870235 4.897e+00 7.227e-01 -2.411e-03 -4.778e-04 -4.778e-04 -4.778e-01 -4.799e-04 -4.799e-04 -4.510e-01
36.880234 4.897e+00 6.396e-01 -2.580e-03 -4.732e-04 -4.732e-04 -4.732e-01 -4.750e-04 -4.750e-04 -4.510e-01
36.890232 4.878e+00 5.664e-01 -2.735e-03 -2.879e-04 -2.879e-04 -2.879e-01 -2.894e-04 -2.894e-04 -2.549e-01
36.900234 4.873e+00 5.029e-01 -2.843e-03 7.390e-06 7.390e-06 7.390e-03 6.105e-06 6.105e-06 1.961e-02
36.910233 4.839e+00 4.395e-01 -2.884e-03 2.998e-04 2.998e-04 2.998e-01 2.991e-04 2.991e-04 3.333e-01
36.920235 4.814e+00 3.955e-01 -2.872e-03 4.778e-04 4.778e-04 4.778e-01 4.774e-04 4.774e-04 4.902e-01
36.930233 4.795e+00 3.564e-01 -2.843e-03 4.732e-04 4.732e-04 4.732e-01 4.725e-04 4.725e-04 4.902e-01
36.940235 4.736e+00 3.076e-01 -2.819e-03 2.879e-04 2.879e-04 2.879e-01 2.869e-04 2.869e-04 2.941e-01
36.950233 4.688e+00 2.539e-01 -2.828e-03 -7.366e-06 -7.366e-06 -7.366e-03 -8.547e-06 -8.547e-06 1.961e-02
36.960232 4.604e+00 1.855e-01 -2.884e-03 -2.998e-04 -2.998e-04 -2.998e-01 -3.016e-04 -3.016e-04 -2.941e-01
36.970234 4.507e+00 1.025e-01 -2.968e-03 -4.778e-04 -4.778e-04 -4.778e-01 -4.799e-04 -4.799e-04 -4.510e-01
36.980236 4.390e+00 4.883e-03 -3.047e-03 -4.732e-04 -4.732e-04 -4.732e-01 -4.750e-04 -4.750e-04 -4.510e-01
36.990234 4.248e+00 -8.789e-02 -3.105e-03 -2.879e-04 -2.879e-04 -2.879e-01 -2.894e-04 -2.894e-04 -2.549e-01
37.000233 4.131e+00 -1.807e-01 -3.085e-03 7.342e-06 7.342e-06 7.342e-03 6.105e-06 6.105e-06 1.961e-02
37.010235 3.994e+00 -2.490e-01 -3.018e-03 2.999e-04 2.999e-04 2.999e-01 2.991e-04 2.991e-04 3.333e-01
37.020237 3.882e+00 -3.223e-01 -2.889e-03 4.778e-04 4.778e-04 4.778e-01 4.774e-04 4.774e-04 4.902e-01
37.030235 3.765e+00 -3.516e-01 -2.746e-03 4.732e-04 4.732e-04 4.732e-01 4.725e-04 4.725e-04 4.902e-01
37.040234 3.633e+00 -4.004e-01 -2.606e-03 2.879e-04 2.879e-04 2.879e-01 2.869e-04 2.869e-04 2.941e-01
37.050236 3.496e+00 -4.395e-01 -2.510e-03 -7.438e-06 -7.438e-06 -7.438e-03 -8.547e-06 -8.547e-06 1.961e-02
37.060234 3.345e+00 -5.127e-01 -2.443e-03 -2.998e-04 -2.998e-04 -2.998e-01 -3.016e-04 -3.016e-04 -2.941e-01
37.070232 3.188e+00 -5.713e-01 -2.428e-03 -4.777e-04 -4.777e-04 -4.777e-01 -4.799e-04 -4.799e-04 -4.510e-01
37.080235 3.022e+00 -6.445e-01 -2.402e-03 -4.732e-04 -4.732e-04 -4.732e-01 -4.750e-04 -4.750e-04 -4.510e-01
37.090233 2.832e+00 -7.129e-01 -2.349e-03 -2.879e-04 -2.879e-04 -2.879e-01 -2.894e-04 -2.894e-04 -2.549e-01
37.100235 2.686e+00 -7.520e-01 -2.256e-03 7.414e-06 7.414e-06 7.414e-03 6.105e-06 6.105e-06 1.961e-02
37.110233 2.544e+00 -8.203e-01 -2.075e-03 2.998e-04 2.998e-04 2.998e-01 2.991e-04 2.991e-04 3.333e-01
37.120232 2.412e+00 -8.350e-01 -1.862e-03 4.777e-04 4.777e-04 4.777e-01 4.774e-04 4.774e-04 4.902e-01
37.130234 2.300e+00 -8.350e-01 -1.634e-03 4.732e-04 4.732e-04 4.732e-01 4.725e-04 4.725e-04 4.902e-01
37.140232 2.168e+00 -8.398e-01 -1.416e-03 2.879e-04 2.879e-04 2.879e-01 2.869e-04 2.869e-04 2.941e-01
37.150234 2.056e+00 -8.252e-01 -1.264e-03 -7.391e-06 -7.391e-06 -7.391e-03 -8.547e-06 -8.547e-06 1.961e-02
37.160236 1.929e+00 -8.398e-01 -1.147e-03 -2.999e-04 -2.999e-04 -2.999e-01 -3.016e-04 -3.016e-04 -2.941e-01
37.170235 1.826e+00 -8.496e-01 -1.077e-03 -4.778e-04 -4.778e-04 -4.778e-01 -4.799e-04 -4.799e-04 -4.510e-01
37.180233 1.680e+00 -8.447e-01 -1.030e-03 -4.732e-04 -4.732e-04 -4.732e-01 -4.750e-04 -4.750e-04 -4.510e-01
37.190235 1.538e+00 -8.789e-01 -9.456e-04 -2.879e-04 -2.879e-04 -2.879e-01 -2.894e-04 -2.894e-04 -2.549e-01
37.200233 1.406e+00 -8.643e-01 -8.260e-04 7.367e-06 7.367e-06 7.367e-03 6.105e-06 6.105e-06 1.961e-02
37.210236 1.270e+00 -8.594e-01 -6.450e-04 2.999e-04 2.999e-04 2.999e-01 2.991e-04 2.991e-04 3.333e-01
37.220234 1.143e+00 -8.154e-01 -4.349e-04 4.778e-04 4.778e-04 4.778e-01 4.774e-04 4.774e-04 4.902e-01
37.230236 1.035e+00 -7.666e-01 -2.189e-04 4.732e-04 4.732e-04 4.732e-01 4.725e-04 4.725e-04 4.902e-01
37.240234 9.082e-01 -7.080e-01 -3.210e-05 2.879e-04 2.879e-04 2.879e-01 2.869e-04 2.869e-04 2.941e-01
37.250233 8.008e-01 -6.445e-01 1.022e-04 -7.343e-06 -7.343e-06 -7.343e-03 -8.547e-06 -8.547e-06 1.961e-02
37.260235 6.689e-01 -6.104e-01 1.722e-04 -2.999e-04 -2.999e-04 -2.999e-01 -3.016e-04 -3.016e-04 -2.941e-01
37.270233 5.420e-01 -5.762e-01 1.985e-04 -4.778e-04 -4.778e-04 -4.778e-01 -4.799e-04 -4.799e-04 -4.510e-01
37.280235 4.053e-01 -5.518e-01 2.014e-04 -4.732e-04 -4.732e-04 -4.732e-01 -4.750e-04 -4.750e-04 -4.510e-01
37.290234 2.734e-01 -5.469e-01 2.335e-04 -2.879e-04 -2.879e-04 -2.879e-01 -2.894e-04 -2.894e-04 -2.549e-01
37.300236 1.367e-01 -5.078e-01 3.006e-04 7.439e-06 7.439e-06 7.439e-03 6.105e-06 6.105e-06 1.961e-02
37.310234 1.465e-02 -4.639e-01 3.998e-04 2.998e-04 2.998e-04 2.998e-01 2.991e-04 2.991e-04 3.333e-01
37.320236 -8.789e-02 -4.004e-01 5.370e-04 4.778e-04 4.778e-04 4.778e-01 4.774e-04 4.774e-04 4.902e-01
37.330235 -1.709e-01 -3.320e-01 6.800e-04 4.732e-04 4.732e-04 4.732e-01 4.725e-04 4.725e-04 4.902e-01
37.340233 -2.588e-01 -2.588e-01 7.909e-04 2.879e-04 2.879e-04 2.879e-01 2.869e-04 2.869e-04 2.941e-01
37.350235 -3.223e-01 -2.100e-01 8.668e-04 -7.415e-06 -7.415e-06 -7.415e-03 -8.547e-06 -8.547e-06 1.961e-02
37.360233 -4.102e-01 -1.562e-01 8.522e-04 -2.998e-04 -2.998e-04 -2.998e-01 -3.016e-04 -3.016e-04 -2.941e-01
37.370232 -4.932e-01 -1.318e-01 8.114e-04 -4.777e-04 -4.777e-04 -4.777e-01 -4.799e-04 -4.799e-04 -4.510e-01
37.380234 -5.762e-01 -1.074e-01 7.413e-04 -4.732e-04 -4.732e-04 -4.732e-01 -4.750e-04 -4.750e-04 -4.510e-01
37.390232 -6.689e-01 -1.074e-01 6.975e-04 -2.879e-04 -2.879e-04 -2.879e-01 -2.894e-04 -2.894e-04 -2.549e-01
37.400234 -7.422e-01 -8.301e-02 6.975e-04 7.391e-06 7.391e-06 7.391e-03 6.105e-06 6.105e-06 1.961e-02
37.410233 -8.252e-01 -4.395e-02 7.121e-04 2.998e-04 2.998e-04 2.998e-01 2.991e-04 2.991e-04 3.333e-01
37.420235 -8.594e-01 4.883e-03 7.880e-04 4.778e-04 4.778e-04 4.778e-01 4.774e-04 4.774e-04 4.902e-01
37.430233 -9.033e-01 4.395e-02 8.727e-04 4.732e-04 4.732e-04 4.732e-01 4.725e-04 4.725e-04 4.902e-01
37.440235 -9.375e-01 9.766e-02 9.252e-04 2.879e-04 2.879e-04 2.879e-01 2.869e-04 2.869e-04 2.941e-01
37.450233 -9.619e-01 1.514e-01 9.223e-04 -7.367e-06 -7.367e-06 -7.367e-03 -8.547e-06 -8.547e-06 1.961e-02
37.460236 -9.961e-01 1.562e-01 8.785e-04 -2.999e-04 -2.999e-04 -2.999e-01 -3.016e-04 -3.016e-04 -2.941e-01
37.470234 -1.030e+00 1.709e-01 7.822e-04 -4.778e-04 -4.778e-04 -4.778e-01 -4.799e-04 -4.799e-04 -4.510e-01
37.480236 -1.084e+00 1.611e-01 6.713e-04 -4.732e-04 -4.732e-04 -4.732e-01 -4.750e-04 -4.750e-04 -4.510e-01
37.490234 -1.157e+00 1.514e-01 5.779e-04 -2.879e-04 -2.879e-04 -2.879e-01 -2.894e-04 -2.894e-04 -2.549e-01
37.500233 -1.191e+00 1.416e-01 5.341e-04 7.343e-06 7.343e-06 7.343e-03 6.105e-06 6.105e-06 1.961e-02
37.510235 -1.245e+00 1.465e-01 5.341e-04 2.999e-04 2.999e-04 2.999e-01 2.991e-04 2.991e-04 3.333e-01
37.520233 -1.279e+00 1.807e-01 5.750e-04 4.778e-04 4.778e-04 4.778e-01 4.774e-04 4.774e-04 4.902e-01
37.530235 -1.309e+00 1.855e-01 6.450e-04 4.732e-04 4.732e-04 4.732e-01 4.725e-04 4.725e-04 4.902e-01
37.540234 -1.328e+00 1.904e-01 6.946e-04 2.879e-04 2.879e-04 2.879e-01 2.869e-04 2.869e-04 2.941e-01
37.550232 -1.362e+00 2.051e-01 6.888e-04 -7.319e-06 -7.319e-06 -7.319e-03 -8.547e-06 -8.547e-06 1.961e-02
37.560234 -1.421e+00 1.904e-01 6.304e-04 -2.998e-04 -2.998e-04 -2.998e-01 -3.016e-04 -3.016e-04 -2.941e-01
37.570232 -1.489e+00 1.758e-01 5.312e-04 -4.777e-04 -4.777e-04 -4.777e-01 -4.799e-04 -4.799e-04 -4.510e-01
37.580235 -1.577e+00 1.416e-01 4.144e-04 -4.732e-04 -4.732e-04 -4.732e-01 -4.750e-04 -4.750e-04 -4.510e-01
37.590233 -1.680e+00 9.766e-02 3.327e-04 -2.879e-04 -2.879e-04 -2.879e-01 -2.894e-04 -2.894e-04 -2.549e-01
37.600235 -1.763e+00 6.348e-02 2.977e-04 7.415e-06 7.415e-06 7.415e-03 6.105e-06 6.105e-06 1.961e-02
37.610233 -1.846e+00 3.418e-02 3.240e-04 2.998e-04 2.998e-04 2.998e-01 2.991e-04 2.991e-04 3.333e-01
37.620235 -1.899e+00 2.930e-02 3.882e-04 4.778e-04 4.778e-04 4.778e-01 4.774e-04 4.774e-04 4.902e-01
37.630234 -1.958e+00 2.441e-02 4.728e-04 4.732e-04 4.732e-04 4.732e-01 4.725e-04 4.725e-04 4.902e-01
37.640236 -2.017e+00 1.465e-02 5.458e-04 2.878e-04 2.878e-04 2.878e-01 2.869e-04 2.869e-04 2.941e-01
37.650234 -2.095e+00 2.441e-02 5.575e-04 -7.391e-06 -7.391e-06 -7.391e-03 -8.547e-06 -8.547e-06 1.961e-02
37.660233 -2.178e+00 -1.465e-02 5.399e-04 -2.998e-04 -2.998e-04 -2.998e-01 -3.016e-04 -3.016e-04 -2.941e-01
37.670235 -2.256e+00 -7.324e-02 4.962e-04 -4.778e-04 -4.778e-04 -4.778e-01 -4.799e-04 -4.799e-04 -4.510e-01
37.680233 -2.363e+00 -1.123e-01 4.174e-04 -4.732e-04 -4.732e-04 -4.732e-01 -4.750e-04 -4.750e-04 -4.510e-01
37.690235 -2.461e+00 -1.709e-01 3.794e-04 -2.879e-04 -2.879e-04 -2.879e-01 -2.894e-04 -2.894e-04 -2.549e-01
37.700233 -2.534e+00 -2.051e-01 3.882e-04 7.367e-06 7.367e-06 7.367e-03 6.105e-06 6.105e-06 1.961e-02
37.710232 -2.622e+00 -2.539e-01 4.699e-04 2.998e-04 2.998e-04 2.998e-01 2.991e-04 2.991e-04 3.333e-01
37.720234 -2.695e+00 -2.686e-01 5.896e-04 4.778e-04 4.778e-04 4.778e-01 4.774e-04 4.774e-04 4.902e-01
37.730236 -2.773e+00 -2.686e-01 7.209e-04 4.732e-04 4.732e-04 4.732e-01 4.725e-04 4.725e-04 4.902e-01
37.740234 -2.842e+00 -2.686e-01 8.318e-04 2.879e-04 2.879e-04 2.879e-01 2.869e-04 2.869e-04 2.941e-01
37.750233 -2.900e+00 -2.734e-01 9.048e-04 -7.343e-06 -7.343e-06 -7.343e-03 -8.547e-06 -8.547e-06 1.961e-02
37.760235 -2.993e+00 -2.930e-01 9.194e-04 -2.999e-04 -2.999e-04 -2.999e-01 -3.016e-04 -3.016e-04 -2.941e-01
37.770233 -3.066e+00 -3.174e-01 9.018e-04 -4.778e-04 -4.778e-04 -4.778e-01 -4.799e-04 -4.799e-04 -4.510e-01
37.780231 -3.164e+00 -3.711e-01 8.902e-04 -4.732e-04 -4.732e-04 -4.732e-01 -4.750e-04 -4.750e-04 -4.510e-01
37.790234 -3.252e+00 -4.004e-01 8.814e-04 -2.879e-04 -2.879e-04 -2.879e-01 -2.894e-04 -2.894e-04 -2.549e-01
37.800232 -3.320e+00 -4.248e-01 9.340e-04 7.319e-06 7.319e-06 7.319e-03 6.105e-06 6.105e-06 1.961e-02
37.810234 -3.413e+00 -4.297e-01 1.024e-03 2.998e-04 2.998e-04 2.998e-01 2.991e-04 2.991e-04 3.333e-01
37.820232 -3.457e+00 -4.248e-01 1.173e-03 4.777e-04 4.777e-04 4.777e-01 4.774e-04 4.774e-04 4.902e-01
37.830235 -3.501e+00 -4.102e-01 1.325e-03 4.732e-04 4.732e-04 4.732e-01 4.725e-04 4.725e-04 4.902e-01
37.840237 -3.540e+00 -4.004e-01 1.471e-03 2.878e-04 2.878e-04 2.878e-01 2.869e-04 2.869e-04 2.941e-01
37.850235 -3.574e+00 -3.564e-01 1.538e-03 -7.415e-06 -7.415e-06 -7.415e-03 -8.547e-06 -8.547e-06 1.961e-02
37.860233 -3.613e+00 -3.613e-01 1.579e-03 -2.998e-04 -2.998e-04 -2.998e-01 -3.016e-04 -3.016e-04 -2.941e-01
37.870235 -3.667e+00 -3.760e-01 1.585e-03 -4.778e-04 -4.778e-04 -4.778e-01 -4.799e-04 -4.799e-04 -4.510e-01
37.880234 -3.721e+00 -3.809e-01 1.556e-03 -4.732e-04 -4.732e-04 -4.732e-01 -4.750e-04 -4.750e-04 -4.510e-01
37.890236 -3.770e+00 -3.809e-01 1.547e-03 -2.878e-04 -2.878e-04 -2.878e-01 -2.894e-04 -2.894e-04 -2.549e-01
37.900234 -3.804e+00 -3.760e-01 1.582e-03 7.391e-06 7.391e-06 7.391e-03 6.105e-06 6.105e-06 1.961e-02
37.910233 -3.828e+00 -3.613e-01 1.669e-03 2.998e-04 2.998e-04 2.998e-01 2.991e-04 2.991e-04 3.333e-01
37.920235 -3.818e+00 -3.223e-01 1.798e-03 4.778e-04 4.778e-04 4.778e-01 4.774e-04 4.774e-04 4.902e-01
37.930233 -3.804e+00 -2.783e-01 1.932e-03 4.732e-04 4.732e-04 4.732e-01 4.725e-04 4.725e-04 4.902e-01
37.940235 -3.779e+00 -2.344e-01 2.049e-03 2.879e-04 2.879e-04 2.879e-01 2.869e-04 2.869e-04 2.941e-01
37.950237 -3.770e+00 -1.807e-01 2.104e-03 -7.487e-06 -7.487e-06 -7.487e-03 -8.547e-06 -8.547e-06 1.961e-02
37.960232 -3.745e+00 -1.660e-01 2.113e-03 -2.998e-04 -2.998e-04 -2.998e-01 -3.016e-04 -3.016e-04 -2.941e-01
37.970234 -3.726e+00 -1.270e-01 2.058e-03 -4.778e-04 -4.778e-04 -4.778e-01 -4.799e-04 -4.799e-04 -4.510e-01
37.980232 -3.730e+00 -1.221e-01 1.996e-03 -4.732e-04 -4.732e-04 -4.732e-01 -4.750e-04 -4.750e-04 -4.510e-01
37.990234 -3.716e+00 -1.074e-01 1.944e-03 -2.879e-04 -2.879e-04 -2.879e-01 -2.894e-04 -2.894e-04 -2.549e-01
38.000233 -3.677e+00 -6.836e-02 1.923e-03 7.343e-06 7.343e-06 7.343e-03 6.105e-06 6.105e-06 1.961e-02
38.010231 -3.643e+00 -5.859e-02 1.982e-03 2.998e-04 2.998e-04 2.998e-01 2.991e-04 2.991e-04 3.333e-01
38.020233 -3.579e+00 4.883e-03 2.049e-03 4.778e-04 4.778e-04 4.778e-01 4.774e-04 4.774e-04 4.902e-01
38.030231 -3.501e+00 5.371e-02 2.133e-03 4.732e-04 4.732e-04 4.732e-01 4.725e-04 4.725e-04 4.902e-01
38.040234 -3.428e+00 1.074e-01 2.192e-03 2.879e-04 2.879e-04 2.879e-01 2.869e-04 2.869e-04 2.941e-01
38.050236 -3.354e+00 1.660e-01 2.192e-03 -7.439e-06 -7.439e-06 -7.439e-03 -8.547e-06 -8.547e-06 1.961e-02
38.060234 -3.291e+00 1.904e-01 2.145e-03 -2.998e-04 -2.998e-04 -2.998e-01 -3.016e-04 -3.016e-04 -2.941e-01
38.070232 -3.232e+00 2.344e-01 2.023e-03 -4.777e-04 -4.777e-04 -4.777e-01 -4.799e-04 -4.799e-04 -4.510e-01
38.080235 -3.179e+00 2.441e-01 1.897e-03 -4.732e-04 -4.732e-04 -4.732e-01 -4.750e-04 -4.750e-04 -4.510e-01
38.090233 -3.120e+00 2.490e-01 1.786e-03 -2.879e-04 -2.879e-04 -2.879e-01 -2.894e-04 -2.894e-04 -2.549e-01
38.100235 -3.052e+00 2.686e-01 1.725e-03 7.415e-06 7.415e-06 7.415e-03 6.105e-06 6.105e-06 1.961e-02
38.110233 -2.983e+00 2.832e-01 1.716e-03 2.998e-04 2.998e-04 2.998e-01 2.991e-04 2.991e-04 3.333e-01
38.120232 -2.891e+00 3.223e-01 1.739e-03 4.777e-04 4.777e-04 4.777e-01 4.774e-04 4.774e-04 4.902e-01
38.130234 -2.798e+00 3.809e-01 1.757e-03 4.732e-04 4.732e-04 4.732e-01 4.725e-04 4.725e-04 4.902e-01
38.140236 -2.705e+00 4.248e-01 1.754e-03 2.878e-04 2.878e-04 2.878e-01 2.869e-04 2.869e-04 2.941e-01
38.150234 -2.627e+00 4.639e-01 1.719e-03 -7.391e-06 -7.391e-06 -7.391e-03 -8.547e-06 -8.547e-06 1.961e-02
38.160233 -2.568e+00 4.883e-01 1.594e-03 -2.998e-04 -2.998e-04 -2.998e-01 -3.016e-04 -3.016e-04 -2.941e-01
38.170235 -2.495e+00 4.883e-01 1.453e-03 -4.778e-04 -4.778e-04 -4.778e-01 -4.799e-04 -4.799e-04 -4.510e-01
38.180233 -2.446e+00 4.639e-01 1.305e-03 -4.732e-04 -4.732e-04 -4.732e-01 -4.750e-04 -4.750e-04 -4.510e-01
38.190235 -2.393e+00 4.541e-01 1.162e-03 -2.879e-04 -2.879e-04 -2.879e-01 -2.894e-04 -2.894e-04 -2.549e-01
38.200233 -2.329e+00 4.443e-01 1.068e-03 7.367e-06 7.367e-06 7.367e-03 6.105e-06 6.105e-06 1.961e-02
38.210236 -2.295e+00 4.346e-01 1.027e-03 2.999e-04 2.999e-04 2.999e-01 2.991e-04 2.991e-04 3.333e-01
38.220234 -2.222e+00 4.443e-01 1.039e-03 4.778e-04 4.778e-04 4.778e-01 4.774e-04 4.774e-04 4.902e-01
38.230232 -2.173e+00 4.590e-01 1.054e-03 4.732e-04 4.732e-04 4.732e-01 4.725e-04 4.725e-04 4.902e-01
38.240234 -2.114e+00 4.785e-01 1.042e-03 2.879e-04 2.879e-04 2.879e-01 2.869e-04 2.869e-04 2.941e-01
38.250233 -2.056e+00 4.736e-01 9.952e-04 -7.344e-06 -7.344e-06 -7.344e-03 -8.547e-06 -8.547e-06 1.961e-02
38.260235 -2.036e+00 4.590e-01 8.960e-04 -2.999e-04 -2.999e-04 -2.999e-01 -3.016e-04 -3.016e-04 -2.941e-01
38.270233 -2.007e+00 4.297e-01 7.588e-04 -4.778e-04 -4.778e-04 -4.778e-01 -4.799e-04 -4.799e-04 -4.510e-01
38.280235 -2.031e+00 3.906e-01 6.012e-04 -4.732e-04 -4.732e-04 -4.732e-01 -4.750e-04 -4.750e-04 -4.510e-01
38.290234 -2.031e+00 3.467e-01 4.816e-04 -2.879e-04 -2.879e-04 -2.879e-01 -2.894e-04 -2.894e-04 -2.549e-01
38.300236 -2.036e+00 3.076e-01 4.115e-04 7.439e-06 7.439e-06 7.439e-03 6.105e-06 6.105e-06 1.961e-02
38.310234 -2.061e+00 2.734e-01 4.028e-04 2.998e-04 2.998e-04 2.998e-01 2.991e-04 2.991e-04 3.333e-01
38.320232 -2.061e+00 2.686e-01 4.203e-04 4.777e-04 4.777e-04 4.777e-01 4.774e-04 4.774e-04 4.902e-01
38.330235 -2.061e+00 2.344e-01 4.874e-04 4.732e-04 4.732e-04 4.732e-01 4.725e-04 4.725e-04 4.902e-01
38.340233 -2.061e+00 2.490e-01 5.049e-04 2.879e-04 2.879e-04 2.879e-01 2.869e-04 2.869e-04 2.941e-01
38.350235 -2.075e+00 2.051e-01 5.137e-04 -7.416e-06 -7.416e-06 -7.416e-03 -8.547e-06 -8.547e-06 1.961e-02
38.360233 -2.109e+00 1.660e-01 4.641e-04 -2.998e-04 -2.998e-04 -2.998e-01 -3.016e-04 -3.016e-04 -2.941e-01
38.370232 -2.163e+00 1.172e-01 3.765e-04 -4.777e-04 -4.777e-04 -4.777e-01 -4.799e-04 -4.799e-04 -4.510e-01
38.380234 -2.241e+00 4.883e-02 2.831e-04 -4.732e-04 -4.732e-04 -4.732e-01 -4.750e-04 -4.750e-04 -4.510e-01
38.390232 -2.310e+00 -9.766e-03 2.218e-04 -2.879e-04 -2.879e-04 -2.879e-01 -2.894e-04 -2.894e-04 -2.549e-01
38.400234 -2.383e+00 -6.348e-02 2.072e-04 7.392e-06 7.392e-06 7.392e-03 6.105e-06 6.105e-06 1.961e-02
38.410233 -2.456e+00 -1.123e-01 2.568e-04 2.998e-04 2.998e-04 2.998e-01 2.991e-04 2.991e-04 3.333e-01
38.420235 -2.510e+00 -1.318e-01 3.502e-04 4.778e-04 4.778e-04 4.778e-01 4.774e-04 4.774e-04 4.902e-01
38.430233 -2.573e+00 -1.514e-01 4.641e-04 4.732e-04 4.732e-04 4.732e-01 4.725e-04 4.725e-04 4.902e-01
38.440235 -2.627e+00 -1.758e-01 5.720e-04 2.879e-04 2.879e-04 2.879e-01 2.869e-04 2.869e-04 2.941e-01
38.450233 -2.690e+00 -1.904e-01 6.275e-04 -7.368e-06 -7.368e-06 -7.368e-03 -8.547e-06 -8.547e-06 1.961e-02
38.460236 -2.778e+00 -2.441e-01 6.596e-04 -2.999e-04 -2.999e-04 -2.999e-01 -3.016e-04 -3.016e-04 -2.941e-01
38.470234 -2.866e+00 -2.637e-01 6.129e-04 -4.778e-04 -4.778e-04 -4.778e-01 -4.799e-04 -4.799e-04 -4.510e-01
38.480236 -2.974e+00 -3.223e-01 5.866e-04 -4.732e-04 -4.732e-04 -4.732e-01 -4.750e-04 -4.750e-04 -4.510e-01
38.490234 -3.086e+00 -3.760e-01 5.779e-04 -2.879e-04 -2.879e-04 -2.879e-01 -2.894e-04 -2.894e-04 -2.549e-01
38.500233 -3.164e+00 -4.102e-01 6.246e-04 7.344e-06 7.344e-06 7.344e-03 6.105e-06 6.105e-06 1.961e-02
38.510235 -3.257e+00 -4.346e-01 7.238e-04 2.999e-04 2.999e-04 2.999e-01 2.991e-04 2.991e-04 3.333e-01
38.520233 -3.330e+00 -4.395e-01 8.697e-04 4.778e-04 4.778e-04 4.778e-01 4.774e-04 4.774e-04 4.902e-01
38.530231 -3.394e+00 -4.395e-01 1.039e-03 4.732e-04 4.732e-04 4.732e-01 4.725e-04 4.725e-04 4.902e-01
38.540234 -3.442e+00 -4.395e-01 1.188e-03 2.879e-04 2.879e-04 2.879e-01 2.869e-04 2.869e-04 2.941e-01
38.550236 -3.506e+00 -4.395e-01 1.293e-03 -7.440e-06 -7.440e-06 -7.440e-03 -8.547e-06 -8.547e-06 1.961e-02
38.560234 -3.574e+00 -4.541e-01 1.348e-03 -2.998e-04 -2.998e-04 -2.998e-01 -3.016e-04 -3.016e-04 -2.941e-01
38.570232 -3.638e+00 -4.541e-01 1.345e-03 -4.777e-04 -4.777e-04 -4.777e-01 -4.799e-04 -4.799e-04 -4.510e-01
38.580235 -3.740e+00 -4.883e-01 1.343e-03 -4.732e-04 -4.732e-04 -4.732e-01 -4.750e-04 -4.750e-04 -4.510e-01
38.590233 -3.809e+00 -4.932e-01 1.345e-03 -2.879e-04 -2.879e-04 -2.879e-01 -2.894e-04 -2.894e-04 -2.549e-01
38.600235 -3.862e+00 -4.932e-01 1.398e-03 7.416e-06 7.416e-06 7.416e-03 6.105e-06 6.105e-06 1.961e-02
38.610233 -3.911e+00 -5.078e-01 1.532e-03 2.998e-04 2.998e-04 2.998e-01 2.991e-04 2.991e-04 3.333e-01
38.620235 -3.926e+00 -4.688e-01 1.678e-03 4.778e-04 4.778e-04 4.778e-01 4.774e-04 4.774e-04 4.902e-01
38.630234 -3.950e+00 -4.346e-01 1.839e-03 4.732e-04 4.732e-04 4.732e-01 4.725e-04 4.725e-04 4.902e-01
38.640232 -3.950e+00 -3.906e-01 1.967e-03 2.879e-04 2.879e-04 2.879e-01 2.869e-04 2.869e-04 2.941e-01
38.650234 -3.965e+00 -3.564e-01 2.063e-03 -7.392e-06 -7.392e-06 -7.392e-03 -8.547e-06 -8.547e-06 1.961e-02
38.660233 -3.975e+00 -3.271e-01 2.081e-03 -2.998e-04 -2.998e-04 -2.998e-01 -3.016e-04 -3.016e-04 -2.941e-01
38.670235 -3.970e+00 -3.076e-01 2.072e-03 -4.778e-04 -4.778e-04 -4.778e-01 -4.799e-04 -4.799e-04 -4.510e-01
38.680233 -4.004e+00 -2.930e-01 2.023e-03 -4.732e-04 -4.732e-04 -4.732e-01 -4.750e-04 -4.750e-04 -4.510e-01
38.690231 -3.989e+00 -2.734e-01 1.996e-03 -2.880e-04 -2.880e-04 -2.880e-01 -2.894e-04 -2.894e-04 -2.549e-01
38.700233 -3.979e+00 -2.490e-01 2.026e-03 7.368e-06 7.368e-06 7.368e-03 6.105e-06 6.105e-06 1.961e-02
38.710232 -3.950e+00 -2.246e-01 2.084e-03 2.998e-04 2.998e-04 2.998e-01 2.991e-04 2.991e-04 3.333e-01
38.720234 -3.896e+00 -1.611e-01 2.186e-03 4.778e-04 4.778e-04 4.778e-01 4.774e-04 4.774e-04 4.902e-01
38.730232 -3.848e+00 -1.025e-01 2.297e-03 4.732e-04 4.732e-04 4.732e-01 4.725e-04 4.725e-04 4.902e-01
38.740234 -3.779e+00 -2.930e-02 2.370e-03 2.879e-04 2.879e-04 2.879e-01 2.869e-04 2.869e-04 2.941e-01
38.750233 -3.716e+00 3.418e-02 2.393e-03 -7.344e-06 -7.344e-06 -7.344e-03 -8.547e-06 -8.547e-06 1.961e-02
38.760235 -3.657e+00 7.324e-02 2.358e-03 -2.999e-04 -2.999e-04 -2.999e-01 -3.016e-04 -3.016e-04 -2.941e-01
38.770233 -3.599e+00 1.123e-01 2.262e-03 -4.778e-04 -4.778e-04 -4.778e-01 -4.799e-04 -4.799e-04 -4.510e-01
38.780231 -3.555e+00 1.367e-01 2.163e-03 -4.732e-04 -4.732e-04 -4.732e-01 -4.750e-04 -4.750e-04 -4.510e-01
38.790234 -3.477e+00 1.562e-01 2.075e-03 -2.879e-04 -2.879e-04 -2.879e-01 -2.894e-04 -2.894e-04 -2.549e-01
38.800232 -3.398e+00 1.758e-01 2.031e-03 7.320e-06 7.320e-06 7.320e-03 6.105e-06 6.105e-06 1.961e-02
38.810234 -3.320e+00 2.197e-01 2.020e-03 2.998e-04 2.998e-04 2.998e-01 2.991e-04 2.991e-04 3.333e-01
38.820236 -3.223e+00 2.734e-01 2.061e-03 4.778e-04 4.778e-04 4.778e-01 4.774e-04 4.774e-04 4.902e-01
38.830235 -3.130e+00 3.320e-01 2.087e-03 4.732e-04 4.732e-04 4.732e-01 4.725e-04 4.725e-04 4.902e-01
38.840233 -3.013e+00 4.004e-01 2.093e-03 2.879e-04 2.879e-04 2.879e-01 2.869e-04 2.869e-04 2.941e-01
38.850235 -2.910e+00 4.443e-01 2.052e-03 -7.416e-06 -7.416e-06 -7.416e-03 -8.547e-06 -8.547e-06 1.961e-02
38.860233 -2.822e+00 4.834e-01 1.944e-03 -2.998e-04 -2.998e-04 -2.998e-01 -3.016e-04 -3.016e-04 -2.941e-01
38.870235 -2.739e+00 5.176e-01 1.786e-03 -4.778e-04 -4.778e-04 -4.778e-01 -4.799e-04 -4.799e-04 -4.510e-01
38.880234 -2.661e+00 4.932e-01 1.637e-03 -4.732e-04 -4.732e-04 -4.732e-01 -4.750e-04 -4.750e-04 -4.510e-01
38.890232 -2.583e+00 4.980e-01 1.491e-03 -2.879e-04 -2.879e-04 -2.879e-01 -2.894e-04 -2.894e-04 -2.549e-01
38.900234 -2.505e+00 4.932e-01 1.398e-03 7.392e-06 7.392e-06 7.392e-03 6.105e-06 6.105e-06 1.961e-02
38.910233 -2.432e+00 5.078e-01 1.340e-03 2.998e-04 2.998e-04 2.998e-01 2.991e-04 2.991e-04 3.333e-01
38.920235 -2.339e+00 5.420e-01 1.334e-03 4.778e-04 4.778e-04 4.778e-01 4.774e-04 4.774e-04 4.902e-01
38.930233 -2.251e+00 5.566e-01 1.325e-03 4.732e-04 4.732e-04 4.732e-01 4.725e-04 4.725e-04 4.902e-01
38.940235 -2.158e+00 5.957e-01 1.302e-03 2.879e-04 2.879e-04 2.879e-01 2.869e-04 2.869e-04 2.941e-01
38.950233 -2.080e+00 6.055e-01 1.232e-03 -7.368e-06 -7.368e-06 -7.368e-03 -8.547e-06 -8.547e-06 1.961e-02
38.960236 -2.012e+00 6.055e-01 1.103e-03 -2.999e-04 -2.999e-04 -2.999e-01 -3.016e-04 -3.016e-04 -2.941e-01
38.970234 -1.968e+00 6.006e-01 9.340e-04 -4.778e-04 -4.778e-04 -4.778e-01 -4.799e-04 -4.799e-04 -4.510e-01
38.980236 -1.953e+00 5.469e-01 7.822e-04 -4.732e-04 -4.732e-04 -4.732e-01 -4.750e-04 -4.750e-04 -4.510e-01
38.990234 -1.919e+00 5.029e-01 6.304e-04 -2.879e-04 -2.879e-04 -2.879e-01 -2.894e-04 -2.894e-04 -2.549e-01
39.000233 -1.899e+00 4.736e-01 5.341e-04 7.344e-06 7.344e-06 7.344e-03 6.105e-06 6.105e-06 1.961e-02
39.010235 -1.875e+00 4.443e-01 4.932e-04 2.999e-04 2.999e-04 2.999e-01 2.991e-04 2.991e-04 3.333e-01
39.020233 -1.841e+00 4.443e-01 4.845e-04 4.778e-04 4.778e-04 4.778e-01 4.774e-04 4.774e-04 4.902e-01
39.030235 -1.821e+00 4.248e-01 5.137e-04 4.732e-04 4.732e-04 4.732e-01 4.725e-04 4.725e-04 4.902e-01
39.040234 -1.802e+00 4.199e-01 5.166e-04 2.879e-04 2.879e-04 2.879e-01 2.869e-04 2.869e-04 2.941e-01
39.050236 -1.807e+00 3.906e-01 4.845e-04 -7.440e-06 -7.440e-06 -7.440e-03 -8.547e-06 -8.547e-06 1.961e-02
39.060234 -1.816e+00 3.516e-01 3.998e-04 -2.998e-04 -2.998e-04 -2.998e-01 -3.016e-04 -3.016e-04 -2.941e-01
39.070236 -1.851e+00 3.076e-01 2.773e-04 -4.778e-04 -4.778e-04 -4.778e-01 -4.799e-04 -4.799e-04 -4.510e-01
39.080235 -1.890e+00 2.197e-01 1.722e-04 -4.732e-04 -4.732e-04 -4.732e-01 -4.750e-04 -4.750e-04 -4.510e-01
39.090233 -1.958e+00 1.807e-01 6.129e-05 -2.879e-04 -2.879e-04 -2.879e-01 -2.894e-04 -2.894e-04 -2.549e-01
39.100235 -2.021e+00 1.123e-01 2.335e-05 7.416e-06 7.416e-06 7.416e-03 6.105e-06 6.105e-06 1.961e-02
39.110233 -2.080e+00 4.883e-02 5.545e-05 2.998e-04 2.998e-04 2.998e-01 2.991e-04 2.991e-04 3.333e-01
39.120235 -2.139e+00 3.906e-02 1.051e-04 4.778e-04 4.778e-04 4.778e-01 4.774e-04 4.774e-04 4.902e-01
39.130234 -2.192e+00 -9.766e-03 2.131e-04 4.732e-04 4.732e-04 4.732e-01 4.725e-04 4.725e-04 4.902e-01
39.140232 -2.236e+00 -2.930e-02 2.889e-04 2.879e-04 2.879e-04 2.879e-01 2.869e-04 2.869e-04 2.941e-01
39.150234 -2.310e+00 -6.836e-02 3.356e-04 -7.392e-06 -7.392e-06 -7.392e-03 -8.547e-06 -8.547e-06 1.961e-02
39.160233 -2.402e+00 -1.123e-01 3.210e-04 -2.998e-04 -2.998e-04 -2.998e-01 -3.016e-04 -3.016e-04 -2.941e-01
39.170235 -2.500e+00 -1.562e-01 2.714e-04 -4.778e-04 -4.778e-04 -4.778e-01 -4.799e-04 -4.799e-04 -4.510e-01
39.180233 -2.627e+00 -2.393e-01 2.393e-04 -4.732e-04 -4.732e-04 -4.732e-01 -4.750e-04 -4.750e-04 -4.510e-01
39.190235 -2.720e+00 -3.027e-01 2.218e-04 -2.879e-04 -2.879e-04 -2.879e-01 -2.894e-04 -2.894e-04 -2.549e-01
39.200233 -2.827e+00 -3.564e-01 2.568e-04 7.368e-06 7.368e-06 7.368e-03 6.105e-06 6.105e-06 1.961e-02
39.210232 -2.930e+00 -4.150e-01 3.648e-04 2.998e-04 2.998e-04 2.998e-01 2.991e-04 2.991e-04 3.333e-01
39.220234 -3.013e+00 -4.346e-01 5.166e-04 4.778e-04 4.778e-04 4.778e-01 4.774e-04 4.774e-04 4.902e-01
39.230236 -3.110e+00 -4.541e-01 6.800e-04 4.732e-04 4.732e-04 4.732e-01 4.725e-04 4.725e-04 4.902e-01
39.240234 -3.193e+00 -4.590e-01 8.201e-04 2.879e-04 2.879e-04 2.879e-01 2.869e-04 2.869e-04 2.941e-01
39.250233 -3.281e+00 -4.590e-01 9.135e-04 -7.344e-06 -7.344e-06 -7.344e-03 -8.547e-06 -8.547e-06 1.961e-02
39.260235 -3.389e+00 -4.883e-01 9.719e-04 -2.999e-04 -2.999e-04 -2.999e-01 -3.016e-04 -3.016e-04 -2.941e-01
39.270233 -3.472e+00 -5.225e-01 9.982e-04 -4.778e-04 -4.778e-04 -4.778e-01 -4.799e-04 -4.799e-04 -4.510e-01
39.280235 -3.594e+00 -5.566e-01 9.923e-04 -4.732e-04 -4.732e-04 -4.732e-01 -4.750e-04 -4.750e-04 -4.510e-01
39.290234 -3.701e+00 -5.859e-01 1.024e-03 -2.879e-04 -2.879e-04 -2.879e-01 -2.894e-04 -2.894e-04 -2.549e-01
39.300232 -3.789e+00 -6.104e-01 1.103e-03 7.321e-06 7.321e-06 7.321e-03 6.105e-06 6.105e-06 1.961e-02
39.310234 -3.872e+00 -6.152e-01 1.237e-03 2.998e-04 2.998e-04 2.998e-01 2.991e-04 2.991e-04 3.333e-01
39.320232 -3.926e+00 -6.006e-01 1.410e-03 4.777e-04 4.777e-04 4.777e-01 4.774e-04 4.774e-04 4.902e-01
39.330235 -3.979e+00 -5.811e-01 1.602e-03 4.732e-04 4.732e-04 4.732e-01 4.725e-04 4.725e-04 4.902e-01
39.340237 -4.019e+00 -5.469e-01 1.763e-03 2.878e-04 2.878e-04 2.878e-01 2.869e-04 2.869e-04 2.941e-01
39.350235 -4.058e+00 -5.078e-01 1.865e-03 -7.416e-06 -7.416e-06 -7.416e-03 -8.547e-06 -8.547e-06 1.961e-02
39.360233 -4.097e+00 -4.932e-01 1.920e-03 -2.998e-04 -2.998e-04 -2.998e-01 -3.016e-04 -3.016e-04 -2.941e-01
39.370235 -4.136e+00 -4.785e-01 1.938e-03 -4.778e-04 -4.778e-04 -4.778e-01 -4.799e-04 -4.799e-04 -4.510e-01
39.380234 -4.185e+00 -4.834e-01 1.932e-03 -4.732e-04 -4.732e-04 -4.732e-01 -4.750e-04 -4.750e-04 -4.510e-01
39.390236 -4.214e+00 -4.688e-01 1.944e-03 -2.878e-04 -2.878e-04 -2.878e-01 -2.894e-04 -2.894e-04 -2.549e-01
39.400234 -4.238e+00 -4.541e-01 1.996e-03 7.392e-06 7.392e-06 7.392e-03 6.105e-06 6.105e-06 1.961e-02
39.410233 -4.238e+00 -4.150e-01 2.093e-03 2.998e-04 2.998e-04 2.998e-01 2.991e-04 2.991e-04 3.333e-01
39.420235 -4.214e+00 -3.613e-01 2.230e-03 4.778e-04 4.778e-04 4.778e-01 4.774e-04 4.774e-04 4.902e-01
39.430237 -4.189e+00 -2.979e-01 2.358e-03 4.732e-04 4.732e-04 4.732e-01 4.725e-04 4.725e-04 4.902e-01
39.440235 -4.131e+00 -2.344e-01 2.481e-03 2.879e-04 2.879e-04 2.879e-01 2.869e-04 2.869e-04 2.941e-01
39.450233 -4.087e+00 -1.758e-01 2.536e-03 -7.369e-06 -7.369e-06 -7.369e-03 -8.547e-06 -8.547e-06 1.961e-02
39.460236 -4.048e+00 -1.172e-01 2.528e-03 -2.999e-04 -2.999e-04 -2.999e-01 -3.016e-04 -3.016e-04 -2.941e-01
39.470234 -3.984e+00 -7.324e-02 2.475e-03 -4.778e-04 -4.778e-04 -4.778e-01 -4.799e-04 -4.799e-04 -4.510e-01
39.480236 -3.965e+00 -5.371e-02 2.405e-03 -4.732e-04 -4.732e-04 -4.732e-01 -4.750e-04 -4.750e-04 -4.510e-01
39.490234 -3.896e+00 -1.953e-02 2.338e-03 -2.879e-04 -2.879e-04 -2.879e-01 -2.894e-04 -2.894e-04 -2.549e-01
39.500233 -3.838e+00 2.441e-02 2.309e-03 7.345e-06 7.345e-06 7.345e-03 6.105e-06 6.105e-06 1.961e-02
39.510235 -3.755e+00 7.812e-02 2.323e-03 2.999e-04 2.999e-04 2.999e-01 2.991e-04 2.991e-04 3.333e-01
39.520233 -3.657e+00 1.514e-01 2.370e-03 4.778e-04 4.778e-04 4.778e-01 4.774e-04 4.774e-04 4.902e-01
39.530235 -3.545e+00 2.197e-01 2.437e-03 4.732e-04 4.732e-04 4.732e-01 4.725e-04 4.725e-04 4.902e-01
39.540234 -3.413e+00 2.881e-01 2.466e-03 2.879e-04 2.879e-04 2.879e-01 2.869e-04 2.869e-04 2.941e-01
39.550236 -3.311e+00 3.516e-01 2.440e-03 -7.441e-06 -7.441e-06 -7.441e-03 -8.547e-06 -8.547e-06 1.961e-02
39.560234 -3.203e+00 3.955e-01 2.352e-03 -2.998e-04 -2.998e-04 -2.998e-01 -3.016e-04 -3.016e-04 -2.941e-01
39.570232 -3.110e+00 4.395e-01 2.212e-03 -4.777e-04 -4.777e-04 -4.777e-01 -4.799e-04 -4.799e-04 -4.510e-01
39.580235 -3.027e+00 4.736e-01 2.031e-03 -4.732e-04 -4.732e-04 -4.732e-01 -4.750e-04 -4.750e-04 -4.510e-01
39.590233 -2.920e+00 4.834e-01 1.903e-03 -2.879e-04 -2.879e-04 -2.879e-01 -2.894e-04 -2.894e-04 -2.549e-01
39.600235 -2.822e+00 5.078e-01 1.795e-03 7.417e-06 7.417e-06 7.417e-03 6.105e-06 6.105e-06 1.961e-02
39.610233 -2.720e+00 5.322e-01 1.745e-03 2.998e-04 2.998e-04 2.998e-01 2.991e-04 2.991e-04 3.333e-01
39.620232 -2.583e+00 5.762e-01 1.725e-03 4.777e-04 4.777e-04 4.777e-01 4.774e-04 4.774e-04 4.902e-01
39.630234 -2.456e+00 5.957e-01 1.739e-03 4.732e-04 4.732e-04 4.732e-01 4.725e-04 4.725e-04 4.902e-01
39.640236 -2.344e+00 6.689e-01 1.684e-03 2.878e-04 2.878e-04 2.878e-01 2.869e-04 2.869e-04 2.941e-01
39.650234 -2.236e+00 6.836e-01 1.614e-03 -7.393e-06 -7.393e-06 -7.393e-03 -8.547e-06 -8.547e-06 1.961e-02
39.660233 -2.148e+00 7.031e-01 1.468e-03 -2.998e-04 -2.998e-04 -2.998e-01 -3.016e-04 -3.016e-04 -2.941e-01
39.670235 -2.061e+00 7.080e-01 1.284e-03 -4.778e-04 -4.778e-04 -4.778e-01 -4.799e-04 -4.799e-04 -4.510e-01
39.680233 -1.987e+00 6.787e-01 1.089e-03 -4.732e-04 -4.732e-04 -4.732e-01 -4.750e-04 -4.750e-04 -4.510e-01
39.690235 -1.924e+00 6.738e-01 9.048e-04 -2.879e-04 -2.879e-04 -2.879e-01 -2.894e-04 -2.894e-04 -2.549e-01
39.700233 -1.865e+00 6.348e-01 7.880e-04 7.369e-06 7.369e-06 7.369e-03 6.105e-06 6.105e-06 1.961e-02
39.710232 -1.807e+00 6.299e-01 7.151e-04 2.998e-04 2.998e-04 2.998e-01 2.991e-04 2.991e-04 3.333e-01
39.720234 -1.729e+00 6.201e-01 6.975e-04 4.778e-04 4.778e-04 4.778e-01 4.774e-04 4.774e-04 4.902e-01
39.730232 -1.694e+00 6.250e-01 6.800e-04 4.732e-04 4.732e-04 4.732e-01 4.725e-04 4.725e-04 4.902e-01
39.740234 -1.611e+00 6.201e-01 6.567e-04 2.879e-04 2.879e-04 2.879e-01 2.869e-04 2.869e-04 2.941e-01
39.750233 -1.582e+00 6.104e-01 5.750e-04 -7.345e-06 -7.345e-06 -7.345e-03 -8.547e-06 -8.547e-06 1.961e-02
39.760235 -1.553e+00 5.859e-01 4.524e-04 -2.999e-04 -2.999e-04 -2.999e-01 -3.016e-04 -3.016e-04 -2.941e-01
39.770233 -1.538e+00 5.322e-01 3.094e-04 -4.778e-04 -4.778e-04 -4.778e-01 -4.799e-04 -4.799e-04 -4.510e-01
39.780235 -1.553e+00 4.639e-01 1.459e-04 -4.732e-04 -4.732e-04 -4.732e-01 -4.750e-04 -4.750e-04 -4.510e-01
39.790234 -1.558e+00 3.955e-01 2.335e-05 -2.879e-04 -2.879e-04 -2.879e-01 -2.894e-04 -2.894e-04 -2.549e-01
39.800236 -1.602e+00 3.369e-01 -5.837e-05 7.441e-06 7.441e-06 7.441e-03 6.105e-06 6.105e-06 1.961e-02
39.810234 -1.636e+00 2.832e-01 -7.005e-05 2.998e-04 2.998e-04 2.998e-01 2.991e-04 2.991e-04 3.333e-01
39.820232 -1.660e+00 2.490e-01 -4.086e-05 4.777e-04 4.777e-04 4.777e-01 4.774e-04 4.774e-04 4.902e-01
39.830235 -1.709e+00 2.100e-01 2.335e-05 4.732e-04 4.732e-04 4.732e-01 4.725e-04 4.725e-04 4.902e-01
39.840233 -1.753e+00 2.051e-01 4.378e-05 2.879e-04 2.879e-04 2.879e-01 2.869e-04 2.869e-04 2.941e-01
39.850235 -1.802e+00 1.465e-01 5.837e-05 -7.417e-06 -7.417e-06 -7.417e-03 -8.547e-06 -8.547e-06 1.961e-02
39.860233 -1.880e+00 8.789e-02 2.043e-05 -2.998e-04 -2.998e-04 -2.998e-01 -3.016e-04 -3.016e-04 -2.941e-01
39.870235 -1.978e+00 1.465e-02 -4.670e-05 -4.778e-04 -4.778e-04 -4.778e-01 -4.799e-04 -4.799e-04 -4.510e-01
39.880234 -2.104e+00 -6.836e-02 -1.197e-04 -4.732e-04 -4.732e-04 -4.732e-01 -4.750e-04 -4.750e-04 -4.510e-01
39.890232 -2.192e+00 -1.562e-01 -1.488e-04 -2.879e-04 -2.879e-04 -2.879e-01 -2.894e-04 -2.894e-04 -2.549e-01
39.900234 -2.334e+00 -2.246e-01 -1.430e-04 7.393e-06 7.393e-06 7.393e-03 6.105e-06 6.105e-06 1.961e-02
39.910233 -2.441e+00 -2.832e-01 -5.837e-05 2.998e-04 2.998e-04 2.998e-01 2.991e-04 2.991e-04 3.333e-01
39.920235 -2.539e+00 -3.125e-01 5.545e-05 4.778e-04 4.778e-04 4.778e-01 4.774e-04 4.774e-04 4.902e-01
39.930233 -2.661e+00 -3.418e-01 1.955e-04 4.732e-04 4.732e-04 4.732e-01 4.725e-04 4.725e-04 4.902e-01
39.940235 -2.744e+00 -3.760e-01 3.502e-04 2.879e-04 2.879e-04 2.879e-01 2.869e-04 2.869e-04 2.941e-01
39.950233 -2.847e+00 -4.248e-01 4.465e-04 -7.369e-06 -7.369e-06 -7.369e-03 -8.547e-06 -8.547e-06 1.961e-02
39.960236 -2.974e+00 -4.639e-01 4.991e-04 -2.999e-04 -2.999e-04 -2.999e-01 -3.016e-04 -3.016e-04 -2.941e-01
39.970234 -3.110e+00 -5.078e-01 5.078e-04 -4.778e-04 -4.778e-04 -4.778e-01 -4.799e-04 -4.799e-04 -4.510e-01
39.980232 -3.276e+00 -5.664e-01 5.137e-04 -4.732e-04 -4.732e-04 -4.732e-01 -4.750e-04 -4.750e-04 -4.510e-01
39.990234 -3.403e+00 -6.152e-01 5.487e-04 -2.879e-04 -2.879e-04 -2.879e-01 -2.894e-04 -2.894e-04 -2.549e-01
40.000233 -3.530e+00 -6.787e-01 6.450e-04 7.345e-06 7.345e-06 7.345e-03 6.105e-06 6.105e-06 1.961e-02
40.010235 -3.647e+00 -6.934e-01 7.880e-04 2.999e-04 2.999e-04 2.999e-01 2.991e-04 2.991e-04 3.333e-01
40.020233 -3.740e+00 -6.982e-01 9.777e-04 4.778e-04 4.778e-04 4.778e-01 4.774e-04 4.774e-04 4.902e-01
40.030231 -3.823e+00 -7.031e-01 1.182e-03 4.732e-04 4.732e-04 4.732e-01 4.725e-04 4.725e-04 4.902e-01
40.040234 -3.916e+00 -6.787e-01 1.372e-03 2.879e-04 2.879e-04 2.879e-01 2.869e-04 2.869e-04 2.941e-01
40.050236 -3.999e+00 -6.738e-01 1.509e-03 -7.441e-06 -7.441e-06 -7.441e-03 -8.547e-06 -8.547e-06 1.961e-02
40.060234 -4.087e+00 -6.641e-01 1.591e-03 -2.998e-04 -2.998e-04 -2.998e-01 -3.016e-04 -3.016e-04 -2.941e-01
40.070232 -4.175e+00 -6.689e-01 1.634e-03 -4.777e-04 -4.777e-04 -4.777e-01 -4.799e-04 -4.799e-04 -4.510e-01
40.080235 -4.258e+00 -6.836e-01 1.658e-03 -4.732e-04 -4.732e-04 -4.732e-01 -4.750e-04 -4.750e-04 -4.510e-01
40.090233 -4.331e+00 -6.738e-01 1.699e-03 -2.879e-04 -2.879e-04 -2.879e-01 -2.894e-04 -2.894e-04 -2.549e-01
40.100235 -4.399e+00 -6.738e-01 1.789e-03 7.417e-06 7.417e-06 7.417e-03 6.105e-06 6.105e-06 1.961e-02
40.110233 -4.443e+00 -6.592e-01 1.935e-03 2.998e-04 2.998e-04 2.998e-01 2.991e-04 2.991e-04 3.333e-01
40.120235 -4.448e+00 -6.152e-01 2.113e-03 4.778e-04 4.778e-04 4.778e-01 4.774e-04 4.774e-04 4.902e-01
40.130234 -4.468e+00 -5.566e-01 2.285e-03 4.732e-04 4.732e-04 4.732e-01 4.725e-04 4.725e-04 4.902e-01
40.140236 -4.443e+00 -5.029e-01 2.460e-03 2.878e-04 2.878e-04 2.878e-01 2.869e-04 2.869e-04 2.941e-01
40.150234 -4.448e+00 -4.297e-01 2.539e-03 -7.393e-06 -7.393e-06 -7.393e-03 -8.547e-06 -8.547e-06 1.961e-02
40.160233 -4.434e+00 -3.906e-01 2.586e-03 -2.998e-04 -2.998e-04 -2.998e-01 -3.016e-04 -3.016e-04 -2.941e-01
40.170235 -4.419e+00 -3.271e-01 2.560e-03 -4.778e-04 -4.778e-04 -4.778e-01 -4.799e-04 -4.799e-04 -4.510e-01
40.180233 -4.395e+00 -3.027e-01 2.528e-03 -4.732e-04 -4.732e-04 -4.732e-01 -4.750e-04 -4.750e-04 -4.510e-01
40.190231 -4.355e+00 -2.637e-01 2.510e-03 -2.880e-04 -2.880e-04 -2.880e-01 -2.894e-04 -2.894e-04 -2.549e-01
40.200233 -4.326e+00 -2.295e-01 2.525e-03 7.369e-06 7.369e-06 7.369e-03 6.105e-06 6.105e-06 1.961e-02
40.210236 -4.253e+00 -1.709e-01 2.589e-03 2.999e-04 2.999e-04 2.999e-01 2.991e-04 2.991e-04 3.333e-01
40.220234 -4.175e+00 -8.789e-02 2.676e-03 4.778e-04 4.778e-04 4.778e-01 4.774e-04 4.774e-04 4.902e-01
40.230232 -4.097e+00 4.883e-03 2.761e-03 4.732e-04 4.732e-04 4.732e-01 4.725e-04 4.725e-04 4.902e-01
40.240234 -3.950e+00 7.812e-02 2.834e-03 2.879e-04 2.879e-04 2.879e-01 2.869e-04 2.869e-04 2.941e-01
40.250233 -3.853e+00 1.660e-01 2.822e-03 -7.345e-06 -7.345e-06 -7.345e-03 -8.547e-06 -8.547e-06 1.961e-02
40.260235 -3.750e+00 2.246e-01 2.764e-03 -2.999e-04 -2.999e-04 -2.999e-01 -3.016e-04 -3.016e-04 -2.941e-01
40.270233 -3.647e+00 2.783e-01 2.647e-03 -4.778e-04 -4.778e-04 -4.778e-01 -4.799e-04 -4.799e-04 -4.510e-01
40.280235 -3.555e+00 3.223e-01 2.510e-03 -4.732e-04 -4.732e-04 -4.732e-01 -4.750e-04 -4.750e-04 -4.510e-01
40.290234 -3.428e+00 3.613e-01 2.396e-03 -2.879e-04 -2.879e-04 -2.879e-01 -2.894e-04 -2.894e-04 -2.549e-01
40.300232 -3.325e+00 4.004e-01 2.303e-03 7.321e-06 7.321e-06 7.321e-03 6.105e-06 6.105e-06 1.961e-02
40.310234 -3.184e+00 4.639e-01 2.259e-03 2.998e-04 2.998e-04 2.998e-01 2.991e-04 2.991e-04 3.333e-01
40.320232 -3.042e+00 5.176e-01 2.256e-03 4.777e-04 4.777e-04 4.777e-01 4.774e-04 4.774e-04 4.902e-01
40.330235 -2.896e+00 5.908e-01 2.244e-03 4.732e-04 4.732e-04 4.732e-01 4.725e-04 4.725e-04 4.902e-01
40.340233 -2.729e+00 6.689e-01 2.206e-03 2.879e-04 2.879e-04 2.879e-01 2.869e-04 2.869e-04 2.941e-01
40.350235 -2.593e+00 7.080e-01 2.128e-03 -7.417e-06 -7.417e-06 -7.417e-03 -8.547e-06 -8.547e-06 1.961e-02
40.360233 -2.471e+00 7.520e-01 1.973e-03 -2.998e-04 -2.998e-04 -2.998e-01 -3.016e-04 -3.016e-04 -2.941e-01
40.370235 -2.339e+00 7.666e-01 1.789e-03 -4.778e-04 -4.778e-04 -4.778e-01 -4.799e-04 -4.799e-04 -4.510e-01
40.380238 -2.236e+00 7.715e-01 1.576e-03 -4.732e-04 -4.732e-04 -4.732e-01 -4.750e-04 -4.750e-04 -4.510e-01
40.390232 -2.134e+00 7.715e-01 1.392e-03 -2.879e-04 -2.879e-04 -2.879e-01 -2.894e-04 -2.894e-04 -2.549e-01
40.400234 -2.026e+00 7.666e-01 1.237e-03 7.393e-06 7.393e-06 7.393e-03 6.105e-06 6.105e-06 1.961e-02
40.410233 -1.919e+00 7.764e-01 1.144e-03 2.998e-04 2.998e-04 2.998e-01 2.991e-04 2.991e-04 3.333e-01
40.420235 -1.812e+00 8.008e-01 1.086e-03 4.778e-04 4.778e-04 4.778e-01 4.774e-04 4.774e-04 4.902e-01
40.430233 -1.699e+00 8.252e-01 1.036e-03 4.732e-04 4.732e-04 4.732e-01 4.725e-04 4.725e-04 4.902e-01
40.440235 -1.572e+00 8.203e-01 9.952e-04 2.879e-04 2.879e-04 2.879e-01 2.869e-04 2.869e-04 2.941e-01
40.450233 -1.475e+00 8.252e-01 8.843e-04 -7.369e-06 -7.369e-06 -7.369e-03 -8.547e-06 -8.547e-06 1.961e-02
40.460236 -1.387e+00 8.203e-01 7.121e-04 -2.999e-04 -2.999e-04 -2.999e-01 -3.016e-04 -3.016e-04 -2.941e-01
40.470234 -1.304e+00 7.812e-01 5.224e-04 -4.778e-04 -4.778e-04 -4.778e-01 -4.799e-04 -4.799e-04 -4.510e-01
40.480232 -1.245e+00 7.373e-01 3.152e-04 -4.732e-04 -4.732e-04 -4.732e-01 -4.750e-04 -4.750e-04 -4.510e-01
40.490234 -1.182e+00 7.031e-01 1.255e-04 -2.879e-04 -2.879e-04 -2.879e-01 -2.894e-04 -2.894e-04 -2.549e-01
40.500233 -1.094e+00 6.299e-01 1.459e-05 7.346e-06 7.346e-06 7.346e-03 6.105e-06 6.105e-06 1.961e-02
40.510235 -1.025e+00 6.006e-01 -4.962e-05 2.999e-04 2.999e-04 2.999e-01 2.991e-04 2.991e-04 3.333e-01
40.520233 -9.424e-01 5.664e-01 -6.713e-05 4.778e-04 4.778e-04 4.778e-01 4.774e-04 4.774e-04 4.902e-01
40.530235 -8.691e-01 5.322e-01 -5.253e-05 4.732e-04 4.732e-04 4.732e-01 4.725e-04 4.725e-04 4.902e-01
40.540237 -7.715e-01 5.127e-01 -6.713e-05 2.878e-04 2.878e-04 2.878e-01 2.869e-04 2.869e-04 2.941e-01
40.550236 -7.178e-01 4.688e-01 -1.051e-04 -7.441e-06 -7.441e-06 -7.441e-03 -8.547e-06 -8.547e-06 1.961e-02
40.560234 -6.689e-01 4.297e-01 -2.043e-04 -2.998e-04 -2.998e-04 -2.998e-01 -3.016e-04 -3.016e-04 -2.941e-01
40.570236 -6.348e-01 3.711e-01 -3.356e-04 -4.778e-04 -4.778e-04 -4.778e-01 -4.799e-04 -4.799e-04 -4.510e-01
40.580235 -6.396e-01 3.027e-01 -4.670e-04 -4.732e-04 -4.732e-04 -4.732e-01 -4.750e-04 -4.750e-04 -4.510e-01
40.590237 -6.250e-01 2.246e-01 -5.691e-04 -2.878e-04 -2.878e-04 -2.878e-01 -2.894e-04 -2.894e-04 -2.549e-01
40.600231 -6.543e-01 1.465e-01 -6.100e-04 7.298e-06 7.298e-06 7.298e-03 6.105e-06 6.105e-06 1.961e-02
40.610233 -6.738e-01 9.766e-02 -5.954e-04 2.998e-04 2.998e-04 2.998e-01 2.991e-04 2.991e-04 3.333e-01
40.620235 -7.031e-01 4.883e-02 -5.283e-04 4.778e-04 4.778e-04 4.778e-01 4.774e-04 4.774e-04 4.902e-01
40.630234 -7.373e-01 1.953e-02 -4.407e-04 4.732e-04 4.732e-04 4.732e-01 4.725e-04 4.725e-04 4.902e-01
40.640232 -7.715e-01 -1.465e-02 -3.561e-04 2.879e-04 2.879e-04 2.879e-01 2.869e-04 2.869e-04 2.941e-01
40.650234 -8.545e-01 -4.395e-02 -3.356e-04 -7.394e-06 -7.394e-06 -7.394e-03 -8.547e-06 -8.547e-06 1.961e-02
40.660233 -9.473e-01 -8.301e-02 -3.473e-04 -2.998e-04 -2.998e-04 -2.998e-01 -3.016e-04 -3.016e-04 -2.941e-01
40.670235 -1.069e+00 -1.416e-01 -3.911e-04 -4.778e-04 -4.778e-04 -4.778e-01 -4.799e-04 -4.799e-04 -4.510e-01
40.680233 -1.221e+00 -2.246e-01 -4.320e-04 -4.732e-04 -4.732e-04 -4.732e-01 -4.750e-04 -4.750e-04 -4.510e-01
40.690231 -1.396e+00 -2.930e-01 -4.553e-04 -2.880e-04 -2.880e-04 -2.880e-01 -2.894e-04 -2.894e-04 -2.549e-01
40.700233 -1.592e+00 -3.613e-01 -4.174e-04 7.370e-06 7.370e-06 7.370e-03 6.105e-06 6.105e-06 1.961e-02
40.710232 -1.797e+00 -4.150e-01 -3.065e-04 2.998e-04 2.998e-04 2.998e-01 2.991e-04 2.991e-04 3.333e-01
40.720234 -1.982e+00 -4.590e-01 -1.634e-04 4.778e-04 4.778e-04 4.778e-01 4.774e-04 4.774e-04 4.902e-01
40.730232 -2.158e+00 -4.883e-01 1.167e-05 4.732e-04 4.732e-04 4.732e-01 4.725e-04 4.725e-04 4.902e-01
40.740234 -2.319e+00 -5.029e-01 1.664e-04 2.879e-04 2.879e-04 2.879e-01 2.869e-04 2.869e-04 2.941e-01
40.750233 -2.500e+00 -5.420e-01 2.831e-04 -7.346e-06 -7.346e-06 -7.346e-03 -8.547e-06 -8.547e-06 1.961e-02
40.760235 -2.681e+00 -5.762e-01 3.502e-04 -2.999e-04 -2.999e-04 -2.999e-01 -3.016e-04 -3.016e-04 -2.941e-01
40.770233 -2.866e+00 -6.299e-01 3.853e-04 -4.778e-04 -4.778e-04 -4.778e-01 -4.799e-04 -4.799e-04 -4.510e-01
40.780235 -3.062e+00 -6.885e-01 4.115e-04 -4.732e-04 -4.732e-04 -4.732e-01 -4.750e-04 -4.750e-04 -4.510e-01
40.790234 -3.223e+00 -7.471e-01 4.757e-04 -2.879e-04 -2.879e-04 -2.879e-01 -2.894e-04 -2.894e-04 -2.549e-01
40.800232 -3.418e+00 -7.861e-01 5.720e-04 7.322e-06 7.322e-06 7.322e-03 6.105e-06 6.105e-06 1.961e-02
40.810234 -3.560e+00 -8.008e-01 7.326e-04 2.998e-04 2.998e-04 2.998e-01 2.991e-04 2.991e-04 3.333e-01
40.820232 -3.696e+00 -8.154e-01 9.456e-04 4.777e-04 4.777e-04 4.777e-01 4.774e-04 4.774e-04 4.902e-01
40.830235 -3.809e+00 -8.154e-01 1.170e-03 4.732e-04 4.732e-04 4.732e-01 4.725e-04 4.725e-04 4.902e-01
40.840237 -3.901e+00 -7.764e-01 1.366e-03 2.878e-04 2.878e-04 2.878e-01 2.869e-04 2.869e-04 2.941e-01
40.850235 -4.009e+00 -7.715e-01 1.518e-03 -7.418e-06 -7.418e-06 -7.418e-03 -8.547e-06 -8.547e-06 1.961e-02
40.860233 -4.116e+00 -7.520e-01 1.611e-03 -2.998e-04 -2.998e-04 -2.998e-01 -3.016e-04 -3.016e-04 -2.941e-01
40.870235 -4.224e+00 -7.666e-01 1.678e-03 -4.778e-04 -4.778e-04 -4.778e-01 -4.799e-04 -4.799e-04 -4.510e-01
40.880234 -4.336e+00 -7.764e-01 1.719e-03 -4.732e-04 -4.732e-04 -4.732e-01 -4.750e-04 -4.750e-04 -4.510e-01
40.890236 -4.419e+00 -7.715e-01 1.789e-03 -2.878e-04 -2.878e-04 -2.878e-01 -2.894e-04 -2.894e-04 -2.549e-01
40.900234 -4.487e+00 -7.666e-01 1.880e-03 7.394e-06 7.394e-06 7.394e-03 6.105e-06 6.105e-06 1.961e-02
40.910233 -4.546e+00 -7.275e-01 2.031e-03 2.998e-04 2.998e-04 2.998e-01 2.991e-04 2.991e-04 3.333e-01
40.920235 -4.575e+00 -6.738e-01 2.218e-03 4.778e-04 4.778e-04 4.778e-01 4.774e-04 4.774e-04 4.902e-01
40.930233 -4.595e+00 -6.152e-01 2.399e-03 4.732e-04 4.732e-04 4.732e-01 4.725e-04 4.725e-04 4.902e-01
40.940235 -4.575e+00 -5.371e-01 2.563e-03 2.879e-04 2.879e-04 2.879e-01 2.869e-04 2.869e-04 2.941e-01
40.950233 -4.570e+00 -4.883e-01 2.682e-03 -7.370e-06 -7.370e-06 -7.370e-03 -8.547e-06 -8.547e-06 1.961e-02
40.960236 -4.551e+00 -4.150e-01 2.717e-03 -2.999e-04 -2.999e-04 -2.999e-01 -3.016e-04 -3.016e-04 -2.941e-01
40.970234 -4.536e+00 -3.760e-01 2.714e-03 -4.778e-04 -4.778e-04 -4.778e-01 -4.799e-04 -4.799e-04 -4.510e-01
40.980232 -4.521e+00 -3.369e-01 2.682e-03 -4.732e-04 -4.732e-04 -4.732e-01 -4.750e-04 -4.750e-04 -4.510e-01
40.990234 -4.482e+00 -2.881e-01 2.668e-03 -2.879e-04 -2.879e-04 -2.879e-01 -2.894e-04 -2.894e-04 -2.549e-01
41.000233 -4.438e+00 -2.295e-01 2.671e-03 7.346e-06 7.346e-06 7.346e-03 6.105e-06 6.105e-06 1.961e-02
41.010235 -4.360e+00 -1.758e-01 2.741e-03 2.999e-04 2.999e-04 2.999e-01 2.991e-04 2.991e-04 3.333e-01
41.020233 -4.272e+00 -8.789e-02 2.825e-03 4.778e-04 4.778e-04 4.778e-01 4.774e-04 4.774e-04 4.902e-01
41.030235 -4.165e+00 0.000e+00 2.919e-03 4.732e-04 4.732e-04 4.732e-01 4.725e-04 4.725e-04 4.902e-01
41.040234 -4.043e+00 9.766e-02 2.980e-03 2.879e-04 2.879e-04 2.879e-01 2.869e-04 2.869e-04 2.941e-01
41.050236 -3.931e+00 1.807e-01 2.971e-03 -7.442e-06 -7.442e-06 -7.442e-03 -8.547e-06 -8.547e-06 1.961e-02
41.060234 -3.809e+00 2.637e-01 2.907e-03 -2.998e-04 -2.998e-04 -2.998e-01 -3.016e-04 -3.016e-04 -2.941e-01
41.070232 -3.691e+00 3.223e-01 2.790e-03 -4.777e-04 -4.777e-04 -4.777e-01 -4.799e-04 -4.799e-04 -4.510e-01
41.080235 -3.584e+00 3.711e-01 2.644e-03 -4.732e-04 -4.732e-04 -4.732e-01 -4.750e-04 -4.750e-04 -4.510e-01
41.090233 -3.452e+00 4.248e-01 2.501e-03 -2.879e-04 -2.879e-04 -2.879e-01 -2.894e-04 -2.894e-04 -2.549e-01
41.100231 -3.320e+00 4.590e-01 2.411e-03 7.298e-06 7.298e-06 7.298e-03 6.105e-06 6.105e-06 1.961e-02
41.110237 -3.169e+00 5.127e-01 2.364e-03 2.999e-04 2.999e-04 2.999e-01 2.991e-04 2.991e-04 3.333e-01
41.120235 -3.008e+00 5.811e-01 2.352e-03 4.778e-04 4.778e-04 4.778e-01 4.774e-04 4.774e-04 4.902e-01
41.130234 -2.852e+00 6.641e-01 2.332e-03 4.732e-04 4.732e-04 4.732e-01 4.725e-04 4.725e-04 4.902e-01
41.140236 -2.690e+00 7.373e-01 2.285e-03 2.878e-04 2.878e-04 2.878e-01 2.869e-04 2.869e-04 2.941e-01
41.150234 -2.534e+00 7.910e-01 2.177e-03 -7.394e-06 -7.394e-06 -7.394e-03 -8.547e-06 -8.547e-06 1.961e-02
41.160233 -2.383e+00 8.398e-01 2.023e-03 -2.998e-04 -2.998e-04 -2.998e-01 -3.016e-04 -3.016e-04 -2.941e-01
41.170235 -2.251e+00 8.594e-01 1.812e-03 -4.778e-04 -4.778e-04 -4.778e-01 -4.799e-04 -4.799e-04 -4.510e-01
41.180233 -2.129e+00 8.594e-01 1.591e-03 -4.732e-04 -4.732e-04 -4.732e-01 -4.750e-04 -4.750e-04 -4.510e-01
41.190235 -2.007e+00 8.643e-01 1.392e-03 -2.879e-04 -2.879e-04 -2.879e-01 -2.894e-04 -2.894e-04 -2.549e-01
41.200233 -1.885e+00 8.594e-01 1.220e-03 7.370e-06 7.370e-06 7.370e-03 6.105e-06 6.105e-06 1.961e-02
41.210236 -1.772e+00 8.643e-01 1.115e-03 2.999e-04 2.999e-04 2.999e-01 2.991e-04 2.991e-04 3.333e-01
41.220234 -1.650e+00 8.838e-01 1.048e-03 4.778e-04 4.778e-04 4.778e-01 4.774e-04 4.774e-04 4.902e-01
41.230232 -1.533e+00 9.033e-01 9.952e-04 4.732e-04 4.732e-04 4.732e-01 4.725e-04 4.725e-04 4.902e-01
41.240234 -1.387e+00 9.229e-01 9.135e-04 2.879e-04 2.879e-04 2.879e-01 2.869e-04 2.869e-04 2.941e-01
41.250233 -1.255e+00 9.180e-01 7.909e-04 -7.346e-06 -7.346e-06 -7.346e-03 -8.547e-06 -8.547e-06 1.961e-02
41.260235 -1.123e+00 9.082e-01 6.129e-04 -2.999e-04 -2.999e-04 -2.999e-01 -3.016e-04 -3.016e-04 -2.941e-01
41.270233 -9.961e-01 8.594e-01 4.174e-04 -4.778e-04 -4.778e-04 -4.778e-01 -4.799e-04 -4.799e-04 -4.510e-01
41.280235 -8.887e-01 8.057e-01 2.043e-04 -4.732e-04 -4.732e-04 -4.732e-01 -4.750e-04 -4.750e-04 -4.510e-01
41.290234 -7.715e-01 7.520e-01 1.459e-05 -2.879e-04 -2.879e-04 -2.879e-01 -2.894e-04 -2.894e-04 -2.549e-01
41.300232 -6.592e-01 7.031e-01 -1.284e-04 7.322e-06 7.322e-06 7.322e-03 6.105e-06 6.105e-06 1.961e-02
41.310234 -5.420e-01 6.641e-01 -1.985e-04 2.998e-04 2.998e-04 2.998e-01 2.991e-04 2.991e-04 3.333e-01
41.320236 -4.053e-01 6.299e-01 -2.277e-04 4.778e-04 4.778e-04 4.778e-01 4.774e-04 4.774e-04 4.902e-01
41.330235 -2.686e-01 6.250e-01 -2.481e-04 4.732e-04 4.732e-04 4.732e-01 4.725e-04 4.725e-04 4.902e-01
41.340233 -1.270e-01 6.104e-01 -2.714e-04 2.879e-04 2.879e-04 2.879e-01 2.869e-04 2.869e-04 2.941e-01
41.350235 0.000e+00 5.664e-01 -3.210e-04 -7.418e-06 -7.418e-06 -7.418e-03 -8.547e-06 -8.547e-06 1.961e-02
41.360233 1.221e-01 5.322e-01 -4.407e-04 -2.998e-04 -2.998e-04 -2.998e-01 -3.016e-04 -3.016e-04 -2.941e-01
41.370232 2.197e-01 4.590e-01 -5.720e-04 -4.777e-04 -4.777e-04 -4.777e-01 -4.799e-04 -4.799e-04 -4.510e-01
41.380234 2.979e-01 4.004e-01 -7.238e-04 -4.732e-04 -4.732e-04 -4.732e-01 -4.750e-04 -4.750e-04 -4.510e-01
41.390232 3.760e-01 3.320e-01 -8.406e-04 -2.879e-04 -2.879e-04 -2.879e-01 -2.894e-04 -2.894e-04 -2.549e-01
41.400234 4.492e-01 2.783e-01 -9.106e-04 7.394e-06 7.394e-06 7.394e-03 6.105e-06 6.105e-06 1.961e-02
41.410233 5.420e-01 2.344e-01 -9.135e-04 2.998e-04 2.998e-04 2.998e-01 2.991e-04 2.991e-04 3.333e-01
41.420235 6.348e-01 1.953e-01 -8.639e-04 4.778e-04 4.778e-04 4.778e-01 4.774e-04 4.774e-04 4.902e-01
41.430233 7.227e-01 1.758e-01 -7.968e-04 4.732e-04 4.732e-04 4.732e-01 4.725e-04 4.725e-04 4.902e-01
41.440235 8.203e-01 1.709e-01 -7.559e-04 2.879e-04 2.879e-04 2.879e-01 2.869e-04 2.869e-04 2.941e-01
41.450233 8.887e-01 1.318e-01 -7.413e-04 -7.370e-06 -7.370e-06 -7.370e-03 -8.547e-06 -8.547e-06 1.961e-02
41.460236 9.570e-01 1.123e-01 -7.851e-04 -2.999e-04 -2.999e-04 -2.999e-01 -3.016e-04 -3.016e-04 -2.941e-01
41.470234 9.961e-01 6.836e-02 -8.610e-04 -4.778e-04 -4.778e-04 -4.778e-01 -4.799e-04 -4.799e-04 -4.510e-01
41.480232 1.025e+00 1.953e-02 -9.515e-04 -4.732e-04 -4.732e-04 -4.732e-01 -4.750e-04 -4.750e-04 -4.510e-01
41.490234 1.064e+00 -2.930e-02 -1.001e-03 -2.879e-04 -2.879e-04 -2.879e-01 -2.894e-04 -2.894e-04 -2.549e-01
41.500233 1.094e+00 -8.301e-02 -1.010e-03 7.346e-06 7.346e-06 7.346e-03 6.105e-06 6.105e-06 1.961e-02
41.510235 1.138e+00 -1.074e-01 -9.485e-04 2.999e-04 2.999e-04 2.999e-01 2.991e-04 2.991e-04 3.333e-01
41.520233 1.177e+00 -1.074e-01 -8.639e-04 4.778e-04 4.778e-04 4.778e-01 4.774e-04 4.774e-04 4.902e-01
41.530235 1.221e+00 -1.025e-01 -7.501e-04 4.732e-04 4.732e-04 4.732e-01 4.725e-04 4.725e-04 4.902e-01
41.540234 1.279e+00 -9.277e-02 -6.538e-04 2.879e-04 2.879e-04 2.879e-01 2.869e-04 2.869e-04 2.941e-01
41.550236 1.318e+00 -7.812e-02 -6.275e-04 -7.442e-06 -7.442e-06 -7.442e-03 -8.547e-06 -8.547e-06 1.961e-02
41.560234 1.377e+00 -8.789e-02 -6.217e-04 -2.998e-04 -2.998e-04 -2.998e-01 -3.016e-04 -3.016e-04 -2.941e-01
41.570236 1.396e+00 -1.123e-01 -6.684e-04 -4.778e-04 -4.778e-04 -4.778e-01 -4.799e-04 -4.799e-04 -4.510e-01
41.580235 1.421e+00 -1.318e-01 -7.296e-04 -4.732e-04 -4.732e-04 -4.732e-01 -4.750e-04 -4.750e-04 -4.510e-01
41.590233 1.450e+00 -1.562e-01 -7.676e-04 -2.879e-04 -2.879e-04 -2.879e-01 -2.894e-04 -2.894e-04 -2.549e-01
41.600235 1.475e+00 -1.758e-01 -7.588e-04 7.418e-06 7.418e-06 7.418e-03 6.105e-06 6.105e-06 1.961e-02
41.610233 1.519e+00 -1.611e-01 -6.946e-04 2.998e-04 2.998e-04 2.998e-01 2.991e-04 2.991e-04 3.333e-01
41.620235 1.577e+00 -1.416e-01 -5.954e-04 4.778e-04 4.778e-04 4.778e-01 4.774e-04 4.774e-04 4.902e-01
41.630234 1.636e+00 -9.277e-02 -4.962e-04 4.732e-04 4.732e-04 4.732e-01 4.725e-04 4.725e-04 4.902e-01
41.640232 1.729e+00 -4.883e-02 -4.144e-04 2.879e-04 2.879e-04 2.879e-01 2.869e-04 2.869e-04 2.941e-01
41.650234 1.812e+00 -1.953e-02 -3.794e-04 -7.394e-06 -7.394e-06 -7.394e-03 -8.547e-06 -8.547e-06 1.961e-02
41.660233 1.919e+00 -9.766e-03 -3.853e-04 -2.998e-04 -2.998e-04 -2.998e-01 -3.016e-04 -3.016e-04 -2.941e-01
41.670235 1.992e+00 4.883e-03 -4.582e-04 -4.778e-04 -4.778e-04 -4.778e-01 -4.799e-04 -4.799e-04 -4.510e-01
41.680233 2.061e+00 9.766e-03 -5.429e-04 -4.732e-04 -4.732e-04 -4.732e-01 -4.750e-04 -4.750e-04 -4.510e-01
41.690235 2.124e+00 1.465e-02 -6.041e-04 -2.879e-04 -2.879e-04 -2.879e-01 -2.894e-04 -2.894e-04 -2.549e-01
41.700233 2.183e+00 2.441e-02 -6.304e-04 7.371e-06 7.371e-06 7.371e-03 6.105e-06 6.105e-06 1.961e-02
41.710236 2.266e+00 5.371e-02 -5.983e-04 2.999e-04 2.999e-04 2.999e-01 2.991e-04 2.991e-04 3.333e-01
41.720234 2.368e+00 1.025e-01 -5.458e-04 4.778e-04 4.778e-04 4.778e-01 4.774e-04 4.774e-04 4.902e-01
41.730232 2.471e+00 1.611e-01 -4.728e-04 4.732e-04 4.732e-04 4.732e-01 4.725e-04 4.725e-04 4.902e-01
41.740234 2.588e+00 2.100e-01 -4.261e-04 2.879e-04 2.879e-04 2.879e-01 2.869e-04 2.869e-04 2.941e-01
41.750233 2.690e+00 2.393e-01 -4.290e-04 -7.347e-06 -7.347e-06 -7.347e-03 -8.547e-06 -8.547e-06 1.961e-02
41.760235 2.783e+00 2.637e-01 -4.845e-04 -2.999e-04 -2.999e-04 -2.999e-01 -3.016e-04 -3.016e-04 -2.941e-01
41.770233 2.847e+00 2.979e-01 -6.158e-04 -4.778e-04 -4.778e-04 -4.778e-01 -4.799e-04 -4.799e-04 -4.510e-01
41.780235 2.920e+00 3.076e-01 -7.618e-04 -4.732e-04 -4.732e-04 -4.732e-01 -4.750e-04 -4.750e-04 -4.510e-01
41.790234 2.988e+00 3.174e-01 -8.639e-04 -2.879e-04 -2.879e-04 -2.879e-01 -2.894e-04 -2.894e-04 -2.549e-01
41.800236 3.062e+00 3.174e-01 -9.340e-04 7.443e-06 7.443e-06 7.443e-03 6.105e-06 6.105e-06 1.961e-02
41.810234 3.145e+00 3.564e-01 -9.631e-04 2.998e-04 2.998e-04 2.998e-01 2.991e-04 2.991e-04 3.333e-01
41.820236 3.232e+00 3.760e-01 -9.398e-04 4.778e-04 4.778e-04 4.778e-01 4.774e-04 4.774e-04 4.902e-01
41.830235 3.340e+00 4.150e-01 -9.135e-04 4.732e-04 4.732e-04 4.732e-01 4.725e-04 4.725e-04 4.902e-01
41.840233 3.442e+00 4.590e-01 -9.135e-04 2.879e-04 2.879e-04 2.879e-01 2.869e-04 2.869e-04 2.941e-01
41.850235 3.535e+00 4.688e-01 -9.485e-04 -7.419e-06 -7.419e-06 -7.419e-03 -8.547e-06 -8.547e-06 1.961e-02
41.860233 3.604e+00 5.078e-01 -1.074e-03 -2.998e-04 -2.998e-04 -2.998e-01 -3.016e-04 -3.016e-04 -2.941e-01
41.870235 3.657e+00 4.932e-01 -1.208e-03 -4.778e-04 -4.778e-04 -4.778e-01 -4.799e-04 -4.799e-04 -4.510e-01
41.880234 3.711e+00 4.834e-01 -1.375e-03 -4.732e-04 -4.732e-04 -4.732e-01 -4.750e-04 -4.750e-04 -4.510e-01
41.890232 3.760e+00 4.785e-01 -1.518e-03 -2.879e-04 -2.879e-04 -2.879e-01 -2.894e-04 -2.894e-04 -2.549e-01
41.900234 3.809e+00 4.395e-01 -1.599e-03 7.395e-06 7.395e-06 7.395e-03 6.105e-06 6.105e-06 1.961e-02
41.910233 3.862e+00 4.492e-01 -1.643e-03 2.998e-04 2.998e-04 2.998e-01 2.991e-04 2.991e-04 3.333e-01
41.920235 3.921e+00 4.395e-01 -1.637e-03 4.778e-04 4.778e-04 4.778e-01 4.774e-04 4.774e-04 4.902e-01
41.930233 3.965e+00 4.492e-01 -1.617e-03 4.732e-04 4.732e-04 4.732e-01 4.725e-04 4.725e-04 4.902e-01
41.940231 4.033e+00 4.639e-01 -1.620e-03 2.880e-04 2.880e-04 2.880e-01 2.869e-04 2.869e-04 2.941e-01
41.950233 4.058e+00 4.541e-01 -1.649e-03 -7.371e-06 -7.371e-06 -7.371e-03 -8.547e-06 -8.547e-06 1.961e-02
41.960236 4.082e+00 4.541e-01 -1.757e-03 -2.999e-04 -2.999e-04 -2.999e-01 -3.016e-04 -3.016e-04 -2.941e-01
41.970234 4.092e+00 4.150e-01 -1.894e-03 -4.778e-04 -4.778e-04 -4.778e-01 -4.799e-04 -4.799e-04 -4.510e-01
41.980232 4.082e+00 3.711e-01 -2.031e-03 -4.732e-04 -4.732e-04 -4.732e-01 -4.750e-04 -4.750e-04 -4.510e-01
41.990234 4.072e+00 3.271e-01 -2.154e-03 -2.879e-04 -2.879e-04 -2.879e-01 -2.894e-04 -2.894e-04 -2.549e-01
42.000233 4.058e+00 2.832e-01 -2.221e-03 7.347e-06 7.347e-06 7.347e-03 6.105e-06 6.105e-06 1.961e-02
42.010235 4.058e+00 2.441e-01 -2.218e-03 2.999e-04 2.999e-04 2.999e-01 2.991e-04 2.991e-04 3.333e-01
42.020233 4.043e+00 2.197e-01 -2.177e-03 4.778e-04 4.778e-04 4.778e-01 4.774e-04 4.774e-04 4.902e-01
42.030235 4.038e+00 2.100e-01 -2.128e-03 4.732e-04 4.732e-04 4.732e-01 4.725e-04 4.725e-04 4.902e-01
42.040234 4.019e+00 2.051e-01 -2.084e-03 2.879e-04 2.879e-04 2.879e-01 2.869e-04 2.869e-04 2.941e-01
42.050232 3.999e+00 1.758e-01 -2.078e-03 -7.323e-06 -7.323e-06 -7.323e-03 -8.547e-06 -8.547e-06 1.961e-02
42.060234 3.955e+00 1.465e-01 -2.128e-03 -2.998e-04 -2.998e-04 -2.998e-01 -3.016e-04 -3.016e-04 -2.941e-01
42.070236 3.892e+00 8.789e-02 -2.201e-03 -4.778e-04 -4.778e-04 -4.778e-01 -4.799e-04 -4.799e-04 -4.510e-01
42.080235 3.833e+00 1.953e-02 -2.282e-03 -4.732e-04 -4.732e-04 -4.732e-01 -4.750e-04 -4.750e-04 -4.510e-01
42.090233 3.770e+00 -3.906e-02 -2.341e-03 -2.879e-04 -2.879e-04 -2.879e-01 -2.894e-04 -2.894e-04 -2.549e-01
42.100235 3.677e+00 -9.766e-02 -2.344e-03 7.419e-06 7.419e-06 7.419e-03 6.105e-06 6.105e-06 1.961e-02
42.110233 3.613e+00 -1.270e-01 -2.297e-03 2.998e-04 2.998e-04 2.998e-01 2.991e-04 2.991e-04 3.333e-01
42.120235 3.550e+00 -1.660e-01 -2.186e-03 4.778e-04 4.778e-04 4.778e-01 4.774e-04 4.774e-04 4.902e-01
42.130234 3.496e+00 -1.709e-01 -2.072e-03 4.732e-04 4.732e-04 4.732e-01 4.725e-04 4.725e-04 4.902e-01
42.140232 3.442e+00 -1.855e-01 -1.967e-03 2.879e-04 2.879e-04 2.879e-01 2.869e-04 2.869e-04 2.941e-01
42.150234 3.369e+00 -2.002e-01 -1.906e-03 -7.395e-06 -7.395e-06 -7.395e-03 -8.547e-06 -8.547e-06 1.961e-02
42.160233 3.306e+00 -2.344e-01 -1.888e-03 -2.998e-04 -2.998e-04 -2.998e-01 -3.016e-04 -3.016e-04 -2.941e-01
42.170235 3.208e+00 -2.783e-01 -1.909e-03 -4.778e-04 -4.778e-04 -4.778e-01 -4.799e-04 -4.799e-04 -4.510e-01
42.180233 3.110e+00 -3.320e-01 -1.935e-03 -4.732e-04 -4.732e-04 -4.732e-01 -4.750e-04 -4.750e-04 -4.510e-01
42.190235 3.013e+00 -3.613e-01 -1.958e-03 -2.879e-04 -2.879e-04 -2.879e-01 -2.894e-04 -2.894e-04 -2.549e-01
42.200233 2.905e+00 -4.199e-01 -1.894e-03 7.371e-06 7.371e-06 7.371e-03 6.105e-06 6.105e-06 1.961e-02
42.210236 2.837e+00 -4.297e-01 -1.795e-03 2.999e-04 2.999e-04 2.999e-01 2.991e-04 2.991e-04 3.333e-01
42.220234 2.764e+00 -4.395e-01 -1.643e-03 4.778e-04 4.778e-04 4.778e-01 4.774e-04 4.774e-04 4.902e-01
42.230232 2.720e+00 -4.297e-01 -1.483e-03 4.732e-04 4.732e-04 4.732e-01 4.725e-04 4.725e-04 4.902e-01
42.240234 2.666e+00 -4.150e-01 -1.343e-03 2.879e-04 2.879e-04 2.879e-01 2.869e-04 2.869e-04 2.941e-01
42.250233 2.607e+00 -4.199e-01 -1.240e-03 -7.347e-06 -7.347e-06 -7.347e-03 -8.547e-06 -8.547e-06 1.961e-02
42.260235 2.549e+00 -4.199e-01 -1.194e-03 -2.999e-04 -2.999e-04 -2.999e-01 -3.016e-04 -3.016e-04 -2.941e-01
42.270233 2.471e+00 -4.297e-01 -1.200e-03 -4.778e-04 -4.778e-04 -4.778e-01 -4.799e-04 -4.799e-04 -4.510e-01
42.280235 2.402e+00 -4.443e-01 -1.200e-03 -4.732e-04 -4.732e-04 -4.732e-01 -4.750e-04 -4.750e-04 -4.510e-01
42.290234 2.339e+00 -4.492e-01 -1.202e-03 -2.879e-04 -2.879e-04 -2.879e-01 -2.894e-04 -2.894e-04 -2.549e-01
42.300236 2.285e+00 -4.639e-01 -1.144e-03 7.443e-06 7.443e-06 7.443e-03 6.105e-06 6.105e-06 1.961e-02
42.310234 2.251e+00 -4.443e-01 -1.039e-03 2.998e-04 2.998e-04 2.998e-01 2.991e-04 2.991e-04 3.333e-01
42.320232 2.231e+00 -4.248e-01 -8.931e-04 4.777e-04 4.777e-04 4.777e-01 4.774e-04 4.774e-04 4.902e-01
42.330235 2.222e+00 -3.760e-01 -7.384e-04 4.732e-04 4.732e-04 4.732e-01 4.725e-04 4.725e-04 4.902e-01
42.340233 2.227e+00 -3.418e-01 -5.983e-04 2.879e-04 2.879e-04 2.879e-01 2.869e-04 2.869e-04 2.941e-01
42.350235 2.217e+00 -2.979e-01 -5.224e-04 -7.419e-06 -7.419e-06 -7.419e-03 -8.547e-06 -8.547e-06 1.961e-02
42.360233 2.217e+00 -2.539e-01 -5.195e-04 -2.998e-04 -2.998e-04 -2.998e-01 -3.016e-04 -3.016e-04 -2.941e-01
42.370235 2.202e+00 -2.393e-01 -5.399e-04 -4.778e-04 -4.778e-04 -4.778e-01 -4.799e-04 -4.799e-04 -4.510e-01
42.380234 2.217e+00 -2.246e-01 -5.808e-04 -4.732e-04 -4.732e-04 -4.732e-01 -4.750e-04 -4.750e-04 -4.510e-01
42.390232 2.222e+00 -2.100e-01 -6.100e-04 -2.879e-04 -2.879e-04 -2.879e-01 -2.894e-04 -2.894e-04 -2.549e-01
42.400234 2.236e+00 -1.904e-01 -6.012e-04 7.395e-06 7.395e-06 7.395e-03 6.105e-06 6.105e-06 1.961e-02
42.410236 2.285e+00 -1.465e-01 -5.487e-04 2.999e-04 2.999e-04 2.999e-01 2.991e-04 2.991e-04 3.333e-01
42.420235 2.319e+00 -1.074e-01 -4.436e-04 4.778e-04 4.778e-04 4.778e-01 4.774e-04 4.774e-04 4.902e-01
42.430233 2.393e+00 -5.371e-02 -3.356e-04 4.732e-04 4.732e-04 4.732e-01 4.725e-04 4.725e-04 4.902e-01
42.440231 2.456e+00 2.441e-02 -2.656e-04 2.880e-04 2.880e-04 2.880e-01 2.869e-04 2.869e-04 2.941e-01
42.450233 2.524e+00 6.836e-02 -2.481e-04 -7.371e-06 -7.371e-06 -7.371e-03 -8.547e-06 -8.547e-06 1.961e-02
42.460232 2.598e+00 1.318e-01 -2.977e-04 -2.998e-04 -2.998e-04 -2.998e-01 -3.016e-04 -3.016e-04 -2.941e-01
42.470234 2.651e+00 1.562e-01 -3.911e-04 -4.778e-04 -4.778e-04 -4.778e-01 -4.799e-04 -4.799e-04 -4.510e-01
42.480236 2.720e+00 1.807e-01 -5.049e-04 -4.732e-04 -4.732e-04 -4.732e-01 -4.750e-04 -4.750e-04 -4.510e-01
42.490234 2.778e+00 2.002e-01 -6.041e-04 -2.879e-04 -2.879e-04 -2.879e-01 -2.894e-04 -2.894e-04 -2.549e-01
42.500233 2.856e+00 2.100e-01 -6.450e-04 7.347e-06 7.347e-06 7.347e-03 6.105e-06 6.105e-06 1.961e-02
42.510235 2.949e+00 2.490e-01 -6.538e-04 2.999e-04 2.999e-04 2.999e-01 2.991e-04 2.991e-04 3.333e-01
42.520233 3.037e+00 3.027e-01 -6.363e-04 4.778e-04 4.778e-04 4.778e-01 4.774e-04 4.774e-04 4.902e-01
42.530235 3.149e+00 3.613e-01 -6.012e-04 4.732e-04 4.732e-04 4.732e-01 4.725e-04 4.725e-04 4.902e-01
42.540234 3.247e+00 4.248e-01 -6.012e-04 2.879e-04 2.879e-04 2.879e-01 2.869e-04 2.869e-04 2.941e-01
42.550232 3.335e+00 4.590e-01 -6.363e-04 -7.323e-06 -7.323e-06 -7.323e-03 -8.547e-06 -8.547e-06 1.961e-02
42.560234 3.452e+00 4.980e-01 -7.442e-04 -2.998e-04 -2.998e-04 -2.998e-01 -3.016e-04 -3.016e-04 -2.941e-01
42.570232 3.506e+00 5.029e-01 -8.960e-04 -4.777e-04 -4.777e-04 -4.777e-01 -4.799e-04 -4.799e-04 -4.510e-01
42.580235 3.564e+00 5.127e-01 -1.065e-03 -4.732e-04 -4.732e-04 -4.732e-01 -4.750e-04 -4.750e-04 -4.510e-01
42.590233 3.647e+00 4.980e-01 -1.205e-03 -2.879e-04 -2.879e-04 -2.879e-01 -2.894e-04 -2.894e-04 -2.549e-01
42.600235 3.711e+00 4.980e-01 -1.313e-03 7.419e-06 7.419e-06 7.419e-03 6.105e-06 6.105e-06 1.961e-02
42.610233 3.804e+00 5.078e-01 -1.351e-03 2.998e-04 2.998e-04 2.998e-01 2.991e-04 2.991e-04 3.333e-01
42.620235 3.867e+00 5.371e-01 -1.380e-03 4.778e-04 4.778e-04 4.778e-01 4.774e-04 4.774e-04 4.902e-01
42.630234 3.960e+00 5.713e-01 -1.380e-03 4.732e-04 4.732e-04 4.732e-01 4.725e-04 4.725e-04 4.902e-01
42.640232 4.038e+00 5.811e-01 -1.389e-03 2.879e-04 2.879e-04 2.879e-01 2.869e-04 2.869e-04 2.941e-01
42.650234 4.106e+00 5.811e-01 -1.453e-03 -7.395e-06 -7.395e-06 -7.395e-03 -8.547e-06 -8.547e-06 1.961e-02
42.660233 4.160e+00 5.908e-01 -1.582e-03 -2.998e-04 -2.998e-04 -2.998e-01 -3.016e-04 -3.016e-04 -2.941e-01
42.670235 4.194e+00 5.664e-01 -1.742e-03 -4.778e-04 -4.778e-04 -4.778e-01 -4.799e-04 -4.799e-04 -4.510e-01
42.680233 4.229e+00 5.225e-01 -1.897e-03 -4.732e-04 -4.732e-04 -4.732e-01 -4.750e-04 -4.750e-04 -4.510e-01
42.690235 4.229e+00 4.785e-01 -2.037e-03 -2.879e-04 -2.879e-04 -2.879e-01 -2.894e-04 -2.894e-04 -2.549e-01
42.700233 4.243e+00 4.346e-01 -2.128e-03 7.371e-06 7.371e-06 7.371e-03 6.105e-06 6.105e-06 1.961e-02
42.710232 4.268e+00 4.248e-01 -2.177e-03 2.998e-04 2.998e-04 2.998e-01 2.991e-04 2.991e-04 3.333e-01
42.720234 4.282e+00 4.004e-01 -2.166e-03 4.778e-04 4.778e-04 4.778e-01 4.774e-04 4.774e-04 4.902e-01
42.730232 4.302e+00 3.857e-01 -2.125e-03 4.732e-04 4.732e-04 4.732e-01 4.725e-04 4.725e-04 4.902e-01
42.740234 4.307e+00 3.760e-01 -2.113e-03 2.879e-04 2.879e-04 2.879e-01 2.869e-04 2.869e-04 2.941e-01
42.750233 4.297e+00 3.516e-01 -2.145e-03 -7.347e-06 -7.347e-06 -7.347e-03 -8.547e-06 -8.547e-06 1.961e-02
42.760235 4.282e+00 3.174e-01 -2.230e-03 -2.999e-04 -2.999e-04 -2.999e-01 -3.016e-04 -3.016e-04 -2.941e-01
42.770233 4.224e+00 2.637e-01 -2.332e-03 -4.778e-04 -4.778e-04 -4.778e-01 -4.799e-04 -4.799e-04 -4.510e-01
42.780235 4.185e+00 1.953e-01 -2.434e-03 -4.732e-04 -4.732e-04 -4.732e-01 -4.750e-04 -4.750e-04 -4.510e-01
42.790234 4.121e+00 1.416e-01 -2.533e-03 -2.879e-04 -2.879e-04 -2.879e-01 -2.894e-04 -2.894e-04 -2.549e-01
42.800236 4.058e+00 5.859e-02 -2.548e-03 7.443e-06 7.443e-06 7.443e-03 6.105e-06 6.105e-06 1.961e-02
42.810234 4.004e+00 1.465e-02 -2.519e-03 2.998e-04 2.998e-04 2.998e-01 2.991e-04 2.991e-04 3.333e-01
42.820236 3.940e+00 -2.930e-02 -2.443e-03 4.778e-04 4.778e-04 4.778e-01 4.774e-04 4.774e-04 4.902e-01
42.830235 3.887e+00 -4.395e-02 -2.341e-03 4.732e-04 4.732e-04 4.732e-01 4.725e-04 4.725e-04 4.902e-01
42.840233 3.823e+00 -6.836e-02 -2.265e-03 2.879e-04 2.879e-04 2.879e-01 2.869e-04 2.869e-04 2.941e-01
42.850235 3.750e+00 -1.025e-01 -2.212e-03 -7.419e-06 -7.419e-06 -7.419e-03 -8.547e-06 -8.547e-06 1.961e-02
42.860233 3.662e+00 -1.270e-01 -2.233e-03 -2.998e-04 -2.998e-04 -2.998e-01 -3.016e-04 -3.016e-04 -2.941e-01
42.870232 3.550e+00 -2.051e-01 -2.247e-03 -4.777e-04 -4.777e-04 -4.777e-01 -4.799e-04 -4.799e-04 -4.510e-01
42.880234 3.457e+00 -2.588e-01 -2.291e-03 -4.732e-04 -4.732e-04 -4.732e-01 -4.750e-04 -4.750e-04 -4.510e-01
42.890236 3.354e+00 -3.223e-01 -2.303e-03 -2.878e-04 -2.878e-04 -2.878e-01 -2.894e-04 -2.894e-04 -2.549e-01
42.900234 3.247e+00 -3.809e-01 -2.262e-03 7.396e-06 7.396e-06 7.396e-03 6.105e-06 6.105e-06 1.961e-02
42.910236 3.159e+00 -4.199e-01 -2.154e-03 2.999e-04 2.999e-04 2.999e-01 2.991e-04 2.991e-04 3.333e-01
42.920235 3.042e+00 -4.346e-01 -2.014e-03 4.778e-04 4.778e-04 4.778e-01 4.774e-04 4.774e-04 4.902e-01
42.930233 2.964e+00 -4.395e-01 -1.850e-03 4.732e-04 4.732e-04 4.732e-01 4.725e-04 4.725e-04 4.902e-01
42.940235 2.886e+00 -4.492e-01 -1.702e-03 2.879e-04 2.879e-04 2.879e-01 2.869e-04 2.869e-04 2.941e-01
42.950233 2.803e+00 -4.688e-01 -1.594e-03 -7.372e-06 -7.372e-06 -7.372e-03 -8.547e-06 -8.547e-06 1.961e-02
42.960232 2.715e+00 -4.541e-01 -1.559e-03 -2.998e-04 -2.998e-04 -2.998e-01 -3.016e-04 -3.016e-04 -2.941e-01
42.970234 2.617e+00 -5.078e-01 -1.532e-03 -4.778e-04 -4.778e-04 -4.778e-01 -4.799e-04 -4.799e-04 -4.510e-01
42.980232 2.515e+00 -5.371e-01 -1.521e-03 -4.732e-04 -4.732e-04 -4.732e-01 -4.750e-04 -4.750e-04 -4.510e-01
42.990234 2.422e+00 -5.713e-01 -1.488e-03 -2.879e-04 -2.879e-04 -2.879e-01 -2.894e-04 -2.894e-04 -2.549e-01
43.000233 2.334e+00 -5.957e-01 -1.404e-03 7.348e-06 7.348e-06 7.348e-03 6.105e-06 6.105e-06 1.961e-02
43.010231 2.275e+00 -5.957e-01 -1.275e-03 2.998e-04 2.998e-04 2.998e-01 2.991e-04 2.991e-04 3.333e-01
43.020233 2.207e+00 -5.762e-01 -1.112e-03 4.778e-04 4.778e-04 4.778e-01 4.774e-04 4.774e-04 4.902e-01
43.030231 2.173e+00 -5.322e-01 -9.485e-04 4.732e-04 4.732e-04 4.732e-01 4.725e-04 4.725e-04 4.902e-01
43.040234 2.134e+00 -4.980e-01 -7.851e-04 2.879e-04 2.879e-04 2.879e-01 2.869e-04 2.869e-04 2.941e-01
43.050236 2.104e+00 -4.736e-01 -6.742e-04 -7.444e-06 -7.444e-06 -7.444e-03 -8.547e-06 -8.547e-06 1.961e-02
43.060234 2.075e+00 -4.443e-01 -6.304e-04 -2.998e-04 -2.998e-04 -2.998e-01 -3.016e-04 -3.016e-04 -2.941e-01
43.070232 2.026e+00 -4.395e-01 -6.187e-04 -4.777e-04 -4.777e-04 -4.777e-01 -4.799e-04 -4.799e-04 -4.510e-01
43.080235 2.007e+00 -4.199e-01 -6.392e-04 -4.732e-04 -4.732e-04 -4.732e-01 -4.750e-04 -4.750e-04 -4.510e-01
43.090233 1.982e+00 -4.199e-01 -6.304e-04 -2.879e-04 -2.879e-04 -2.879e-01 -2.894e-04 -2.894e-04 -2.549e-01
43.100235 1.963e+00 -3.906e-01 -5.896e-04 7.420e-06 7.420e-06 7.420e-03 6.105e-06 6.105e-06 1.961e-02
43.110233 1.978e+00 -3.418e-01 -5.108e-04 2.998e-04 2.998e-04 2.998e-01 2.991e-04 2.991e-04 3.333e-01
43.120232 1.987e+00 -2.979e-01 -3.765e-04 4.777e-04 4.777e-04 4.777e-01 4.774e-04 4.774e-04 4.902e-01
43.130234 2.056e+00 -2.393e-01 -2.393e-04 4.732e-04 4.732e-04 4.732e-01 4.725e-04 4.725e-04 4.902e-01
43.140232 2.109e+00 -1.709e-01 -1.401e-04 2.879e-04 2.879e-04 2.879e-01 2.869e-04 2.869e-04 2.941e-01
43.150234 2.153e+00 -1.123e-01 -8.756e-05 -7.396e-06 -7.396e-06 -7.396e-03 -8.547e-06 -8.547e-06 1.961e-02
43.160236 2.212e+00 -6.836e-02 -8.756e-05 -2.999e-04 -2.999e-04 -2.999e-01 -3.016e-04 -3.016e-04 -2.941e-01
43.170235 2.256e+00 -2.930e-02 -1.547e-04 -4.778e-04 -4.778e-04 -4.778e-01 -4.799e-04 -4.799e-04 -4.510e-01
43.180233 2.305e+00 9.766e-03 -2.452e-04 -4.732e-04 -4.732e-04 -4.732e-01 -4.750e-04 -4.750e-04 -4.510e-01
43.190235 2.358e+00 3.418e-02 -3.210e-04 -2.879e-04 -2.879e-04 -2.879e-01 -2.894e-04 -2.894e-04 -2.549e-01
43.200233 2.432e+00 7.324e-02 -3.532e-04 7.372e-06 7.372e-06 7.372e-03 6.105e-06 6.105e-06 1.961e-02
43.210236 2.520e+00 1.318e-01 -3.386e-04 2.999e-04 2.999e-04 2.999e-01 2.991e-04 2.991e-04 3.333e-01
43.220234 2.617e+00 1.758e-01 -2.860e-04 4.778e-04 4.778e-04 4.778e-01 4.774e-04 4.774e-04 4.902e-01
43.230232 2.729e+00 2.637e-01 -2.393e-04 4.732e-04 4.732e-04 4.732e-01 4.725e-04 4.725e-04 4.902e-01
43.240234 2.852e+00 3.271e-01 -2.160e-04 2.879e-04 2.879e-04 2.879e-01 2.869e-04 2.869e-04 2.941e-01
43.250233 2.959e+00 3.955e-01 -2.598e-04 -7.348e-06 -7.348e-06 -7.348e-03 -8.547e-06 -8.547e-06 1.961e-02
43.260235 3.076e+00 4.346e-01 -3.444e-04 -2.999e-04 -2.999e-04 -2.999e-01 -3.016e-04 -3.016e-04 -2.941e-01
43.270233 3.154e+00 4.785e-01 -5.078e-04 -4.778e-04 -4.778e-04 -4.778e-01 -4.799e-04 -4.799e-04 -4.510e-01
43.280235 3.262e+00 4.980e-01 -6.684e-04 -4.732e-04 -4.732e-04 -4.732e-01 -4.750e-04 -4.750e-04 -4.510e-01
43.290234 3.340e+00 5.029e-01 -8.114e-04 -2.879e-04 -2.879e-04 -2.879e-01 -2.894e-04 -2.894e-04 -2.549e-01
43.300236 3.442e+00 5.127e-01 -9.106e-04 7.444e-06 7.444e-06 7.444e-03 6.105e-06 6.105e-06 1.961e-02
43.310234 3.545e+00 5.518e-01 -9.690e-04 2.998e-04 2.998e-04 2.998e-01 2.991e-04 2.991e-04 3.333e-01
43.320232 3.643e+00 5.811e-01 -9.894e-04 4.777e-04 4.777e-04 4.777e-01 4.774e-04 4.774e-04 4.902e-01
43.330235 3.784e+00 6.299e-01 -9.982e-04 4.732e-04 4.732e-04 4.732e-01 4.725e-04 4.725e-04 4.902e-01
43.340233 3.896e+00 6.689e-01 -1.036e-03 2.879e-04 2.879e-04 2.879e-01 2.869e-04 2.869e-04 2.941e-01
43.350235 4.009e+00 6.934e-01 -1.118e-03 -7.420e-06 -7.420e-06 -7.420e-03 -8.547e-06 -8.547e-06 1.961e-02
43.360233 4.102e+00 7.031e-01 -1.255e-03 -2.998e-04 -2.998e-04 -2.998e-01 -3.016e-04 -3.016e-04 -2.941e-01
43.370235 4.136e+00 7.031e-01 -1.445e-03 -4.778e-04 -4.778e-04 -4.778e-01 -4.799e-04 -4.799e-04 -4.510e-01
43.380234 4.214e+00 6.738e-01 -1.629e-03 -4.732e-04 -4.732e-04 -4.732e-01 -4.750e-04 -4.750e-04 -4.510e-01
43.390236 4.272e+00 6.348e-01 -1.789e-03 -2.878e-04 -2.878e-04 -2.878e-01 -2.894e-04 -2.894e-04 -2.549e-01
43.400234 4.312e+00 6.104e-01 -1.912e-03 7.396e-06 7.396e-06 7.396e-03 6.105e-06 6.105e-06 1.961e-02
43.410236 4.370e+00 6.104e-01 -1.985e-03 2.999e-04 2.999e-04 2.999e-01 2.991e-04 2.991e-04 3.333e-01
43.420235 4.434e+00 5.762e-01 -1.988e-03 4.778e-04 4.778e-04 4.778e-01 4.774e-04 4.774e-04 4.902e-01
43.430233 4.473e+00 5.957e-01 -2.005e-03 4.732e-04 4.732e-04 4.732e-01 4.725e-04 4.725e-04 4.902e-01
43.440235 4.521e+00 5.859e-01 -2.026e-03 2.879e-04 2.879e-04 2.879e-01 2.869e-04 2.869e-04 2.941e-01
43.450233 4.551e+00 5.664e-01 -2.090e-03 -7.372e-06 -7.372e-06 -7.372e-03 -8.547e-06 -8.547e-06 1.961e-02
43.460236 4.570e+00 5.371e-01 -2.198e-03 -2.999e-04 -2.999e-04 -2.999e-01 -3.016e-04 -3.016e-04 -2.941e-01
43.470234 4.541e+00 4.785e-01 -2.338e-03 -4.778e-04 -4.778e-04 -4.778e-01 -4.799e-04 -4.799e-04 -4.510e-01
43.480232 4.521e+00 4.102e-01 -2.487e-03 -4.732e-04 -4.732e-04 -4.732e-01 -4.750e-04 -4.750e-04 -4.510e-01
43.490234 4.482e+00 3.418e-01 -2.606e-03 -2.879e-04 -2.879e-04 -2.879e-01 -2.894e-04 -2.894e-04 -2.549e-01
43.500233 4.438e+00 2.832e-01 -2.676e-03 7.348e-06 7.348e-06 7.348e-03 6.105e-06 6.105e-06 1.961e-02
43.510235 4.390e+00 2.344e-01 -2.685e-03 2.999e-04 2.999e-04 2.999e-01 2.991e-04 2.991e-04 3.333e-01
43.520233 4.346e+00 1.904e-01 -2.644e-03 4.778e-04 4.778e-04 4.778e-01 4.774e-04 4.774e-04 4.902e-01
43.530235 4.326e+00 1.611e-01 -2.568e-03 4.732e-04 4.732e-04 4.732e-01 4.725e-04 4.725e-04 4.902e-01
43.540234 4.268e+00 1.221e-01 -2.513e-03 2.879e-04 2.879e-04 2.879e-01 2.869e-04 2.869e-04 2.941e-01
43.550232 4.224e+00 7.812e-02 -2.495e-03 -7.324e-06 -7.324e-06 -7.324e-03 -8.547e-06 -8.547e-06 1.961e-02
43.560234 4.141e+00 2.930e-02 -2.525e-03 -2.998e-04 -2.998e-04 -2.998e-01 -3.016e-04 -3.016e-04 -2.941e-01
43.570232 4.033e+00 -4.395e-02 -2.586e-03 -4.777e-04 -4.777e-04 -4.777e-01 -4.799e-04 -4.799e-04 -4.510e-01
43.580235 3.916e+00 -1.270e-01 -2.638e-03 -4.732e-04 -4.732e-04 -4.732e-01 -4.750e-04 -4.750e-04 -4.510e-01
43.590233 3.794e+00 -2.002e-01 -2.679e-03 -2.879e-04 -2.879e-04 -2.879e-01 -2.894e-04 -2.894e-04 -2.549e-01
43.600235 3.672e+00 -2.539e-01 -2.665e-03 7.420e-06 7.420e-06 7.420e-03 6.105e-06 6.105e-06 1.961e-02
43.610233 3.579e+00 -3.174e-01 -2.568e-03 2.998e-04 2.998e-04 2.998e-01 2.991e-04 2.991e-04 3.333e-01
43.620235 3.472e+00 -3.564e-01 -2.446e-03 4.778e-04 4.778e-04 4.778e-01 4.774e-04 4.774e-04 4.902e-01
43.630234 3.374e+00 -3.809e-01 -2.285e-03 4.732e-04 4.732e-04 4.732e-01 4.725e-04 4.725e-04 4.902e-01
43.640232 3.271e+00 -4.150e-01 -2.136e-03 2.879e-04 2.879e-04 2.879e-01 2.869e-04 2.869e-04 2.941e-01
43.650234 3.169e+00 -4.541e-01 -2.028e-03 -7.396e-06 -7.396e-06 -7.396e-03 -8.547e-06 -8.547e-06 1.961e-02
43.660233 3.062e+00 -4.834e-01 -1.976e-03 -2.998e-04 -2.998e-04 -2.998e-01 -3.016e-04 -3.016e-04 -2.941e-01
43.670235 2.900e+00 -5.273e-01 -1.961e-03 -4.778e-04 -4.778e-04 -4.778e-01 -4.799e-04 -4.799e-04 -4.510e-01
43.680233 2.773e+00 -5.713e-01 -1.953e-03 -4.732e-04 -4.732e-04 -4.732e-01 -4.750e-04 -4.750e-04 -4.510e-01
43.690235 2.637e+00 -6.299e-01 -1.918e-03 -2.879e-04 -2.879e-04 -2.879e-01 -2.894e-04 -2.894e-04 -2.549e-01
43.700233 2.529e+00 -6.592e-01 -1.833e-03 7.372e-06 7.372e-06 7.372e-03 6.105e-06 6.105e-06 1.961e-02
43.710236 2.432e+00 -6.787e-01 -1.687e-03 2.999e-04 2.999e-04 2.999e-01 2.991e-04 2.991e-04 3.333e-01
43.720234 2.339e+00 -6.885e-01 -1.500e-03 4.778e-04 4.778e-04 4.778e-01 4.774e-04 4.774e-04 4.902e-01
43.730236 2.266e+00 -6.738e-01 -1.293e-03 4.732e-04 4.732e-04 4.732e-01 4.725e-04 4.725e-04 4.902e-01
43.740234 2.178e+00 -6.445e-01 -1.118e-03 2.879e-04 2.879e-04 2.879e-01 2.869e-04 2.869e-04 2.941e-01
43.750233 2.109e+00 -6.396e-01 -9.690e-04 -7.348e-06 -7.348e-06 -7.348e-03 -8.547e-06 -8.547e-06 1.961e-02
43.760235 2.031e+00 -6.201e-01 -9.048e-04 -2.999e-04 -2.999e-04 -2.999e-01 -3.016e-04 -3.016e-04 -2.941e-01
43.770233 1.934e+00 -6.201e-01 -8.727e-04 -4.778e-04 -4.778e-04 -4.778e-01 -4.799e-04 -4.799e-04 -4.510e-01
43.780235 1.885e+00 -6.299e-01 -8.406e-04 -4.732e-04 -4.732e-04 -4.732e-01 -4.750e-04 -4.750e-04 -4.510e-01
43.790234 1.821e+00 -6.299e-01 -8.085e-04 -2.879e-04 -2.879e-04 -2.879e-01 -2.894e-04 -2.894e-04 -2.549e-01
43.800236 1.763e+00 -6.201e-01 -7.267e-04 7.444e-06 7.444e-06 7.444e-03 6.105e-06 6.105e-06 1.961e-02
43.810234 1.719e+00 -5.908e-01 -5.954e-04 2.998e-04 2.998e-04 2.998e-01 2.991e-04 2.991e-04 3.333e-01
43.820236 1.680e+00 -5.518e-01 -4.261e-04 4.778e-04 4.778e-04 4.778e-01 4.774e-04 4.774e-04 4.902e-01
43.830235 1.680e+00 -4.883e-01 -2.568e-04 4.732e-04 4.732e-04 4.732e-01 4.725e-04 4.725e-04 4.902e-01
43.840233 1.655e+00 -4.199e-01 -1.138e-04 2.879e-04 2.879e-04 2.879e-01 2.869e-04 2.869e-04 2.941e-01
43.850231 1.665e+00 -3.564e-01 -2.627e-05 -7.301e-06 -7.301e-06 -7.301e-03 -8.547e-06 -8.547e-06 1.961e-02
43.860233 1.680e+00 -3.076e-01 2.919e-06 -2.998e-04 -2.998e-04 -2.998e-01 -3.016e-04 -3.016e-04 -2.941e-01
43.870235 1.689e+00 -2.881e-01 -1.167e-05 -4.778e-04 -4.778e-04 -4.778e-01 -4.799e-04 -4.799e-04 -4.510e-01
43.880234 1.704e+00 -2.295e-01 -7.005e-05 -4.732e-04 -4.732e-04 -4.732e-01 -4.750e-04 -4.750e-04 -4.510e-01
43.890232 1.733e+00 -2.100e-01 -9.923e-05 -2.879e-04 -2.879e-04 -2.879e-01 -2.894e-04 -2.894e-04 -2.549e-01
43.900234 1.777e+00 -1.660e-01 -9.048e-05 7.396e-06 7.396e-06 7.396e-03 6.105e-06 6.105e-06 1.961e-02
43.910233 1.860e+00 -1.172e-01 -3.502e-05 2.998e-04 2.998e-04 2.998e-01 2.991e-04 2.991e-04 3.333e-01
43.920235 1.924e+00 -3.906e-02 4.086e-05 4.778e-04 4.778e-04 4.778e-01 4.774e-04 4.774e-04 4.902e-01
43.930233 2.056e+00 5.371e-02 1.226e-04 4.732e-04 4.732e-04 4.732e-01 4.725e-04 4.725e-04 4.902e-01
43.940235 2.178e+00 1.318e-01 1.810e-04 2.879e-04 2.879e-04 2.879e-01 2.869e-04 2.869e-04 2.941e-01
43.950233 2.300e+00 2.246e-01 1.693e-04 -7.373e-06 -7.373e-06 -7.373e-03 -8.547e-06 -8.547e-06 1.961e-02
43.960236 2.427e+00 2.832e-01 9.923e-05 -2.999e-04 -2.999e-04 -2.999e-01 -3.016e-04 -3.016e-04 -2.941e-01
43.970234 2.534e+00 3.076e-01 -2.919e-06 -4.778e-04 -4.778e-04 -4.778e-01 -4.799e-04 -4.799e-04 -4.510e-01
43.980236 2.651e+00 3.613e-01 -1.518e-04 -4.732e-04 -4.732e-04 -4.732e-01 -4.750e-04 -4.750e-04 -4.510e-01
43.990234 2.749e+00 3.809e-01 -2.685e-04 -2.879e-04 -2.879e-04 -2.879e-01 -2.894e-04 -2.894e-04 -2.549e-01
44.000233 2.866e+00 4.297e-01 -3.677e-04 7.349e-06 7.349e-06 7.349e-03 6.105e-06 6.105e-06 1.961e-02
44.010235 3.013e+00 4.736e-01 -4.057e-04 2.999e-04 2.999e-04 2.999e-01 2.991e-04 2.991e-04 3.333e-01
44.020233 3.140e+00 5.371e-01 -4.232e-04 4.778e-04 4.778e-04 4.778e-01 4.774e-04 4.774e-04 4.902e-01
44.030235 3.306e+00 6.104e-01 -4.261e-04 4.732e-04 4.732e-04 4.732e-01 4.725e-04 4.725e-04 4.902e-01
44.040234 3.442e+00 6.738e-01 -4.699e-04 2.879e-04 2.879e-04 2.879e-01 2.869e-04 2.869e-04 2.941e-01
44.050232 3.594e+00 7.227e-01 -5.516e-04 -7.325e-06 -7.325e-06 -7.325e-03 -8.547e-06 -8.547e-06 1.961e-02
44.060234 3.735e+00 7.568e-01 -6.975e-04 -2.998e-04 -2.998e-04 -2.998e-01 -3.016e-04 -3.016e-04 -2.941e-01
44.070232 3.843e+00 7.617e-01 -8.814e-04 -4.777e-04 -4.777e-04 -4.777e-01 -4.799e-04 -4.799e-04 -4.510e-01
44.080235 3.955e+00 7.715e-01 -1.097e-03 -4.732e-04 -4.732e-04 -4.732e-01 -4.750e-04 -4.750e-04 -4.510e-01
44.090233 4.038e+00 7.617e-01 -1.284e-03 -2.879e-04 -2.879e-04 -2.879e-01 -2.894e-04 -2.894e-04 -2.549e-01
44.100235 4.146e+00 7.666e-01 -1.433e-03 7.421e-06 7.421e-06 7.421e-03 6.105e-06 6.105e-06 1.961e-02
44.110233 4.248e+00 7.764e-01 -1.529e-03 2.998e-04 2.998e-04 2.998e-01 2.991e-04 2.991e-04 3.333e-01
44.120235 4.360e+00 7.715e-01 -1.570e-03 4.778e-04 4.778e-04 4.778e-01 4.774e-04 4.774e-04 4.902e-01
44.130234 4.492e+00 8.008e-01 -1.611e-03 4.732e-04 4.732e-04 4.732e-01 4.725e-04 4.725e-04 4.902e-01
44.140236 4.565e+00 8.105e-01 -1.678e-03 2.878e-04 2.878e-04 2.878e-01 2.869e-04 2.869e-04 2.941e-01
44.150234 4.644e+00 8.105e-01 -1.775e-03 -7.397e-06 -7.397e-06 -7.397e-03 -8.547e-06 -8.547e-06 1.961e-02
44.160233 4.717e+00 7.910e-01 -1.929e-03 -2.998e-04 -2.998e-04 -2.998e-01 -3.016e-04 -3.016e-04 -2.941e-01
44.170235 4.731e+00 7.568e-01 -2.122e-03 -4.778e-04 -4.778e-04 -4.778e-01 -4.799e-04 -4.799e-04 -4.510e-01
44.180233 4.771e+00 6.982e-01 -2.309e-03 -4.732e-04 -4.732e-04 -4.732e-01 -4.750e-04 -4.750e-04 -4.510e-01
44.190235 4.766e+00 6.396e-01 -2.484e-03 -2.879e-04 -2.879e-04 -2.879e-01 -2.894e-04 -2.894e-04 -2.549e-01
44.200233 4.775e+00 5.811e-01 -2.595e-03 7.373e-06 7.373e-06 7.373e-03 6.105e-06 6.105e-06 1.961e-02
44.210236 4.790e+00 5.371e-01 -2.650e-03 2.999e-04 2.999e-04 2.999e-01 2.991e-04 2.991e-04 3.333e-01
44.220234 4.775e+00 4.980e-01 -2.662e-03 4.778e-04 4.778e-04 4.778e-01 4.774e-04 4.774e-04 4.902e-01
44.230232 4.795e+00 4.736e-01 -2.644e-03 4.732e-04 4.732e-04 4.732e-01 4.725e-04 4.725e-04 4.902e-01
44.240234 4.780e+00 4.248e-01 -2.627e-03 2.879e-04 2.879e-04 2.879e-01 2.869e-04 2.869e-04 2.941e-01
44.250233 4.751e+00 3.857e-01 -2.668e-03 -7.349e-06 -7.349e-06 -7.349e-03 -8.547e-06 -8.547e-06 1.961e-02
44.260235 4.688e+00 3.271e-01 -2.741e-03 -2.999e-04 -2.999e-04 -2.999e-01 -3.016e-04 -3.016e-04 -2.941e-01
44.270233 4.600e+00 2.441e-01 -2.849e-03 -4.778e-04 -4.778e-04 -4.778e-01 -4.799e-04 -4.799e-04 -4.510e-01
44.280235 4.521e+00 1.660e-01 -2.959e-03 -4.732e-04 -4.732e-04 -4.732e-01 -4.750e-04 -4.750e-04 -4.510e-01
44.290234 4.419e+00 6.348e-02 -3.035e-03 -2.879e-04 -2.879e-04 -2.879e-01 -2.894e-04 -2.894e-04 -2.549e-01
44.300232 4.316e+00 -2.441e-02 -3.044e-03 7.325e-06 7.325e-06 7.325e-03 6.105e-06 6.105e-06 1.961e-02
44.310234 4.219e+00 -9.277e-02 -3.000e-03 2.998e-04 2.998e-04 2.998e-01 2.991e-04 2.991e-04 3.333e-01
44.320232 4.116e+00 -1.611e-01 -2.901e-03 4.777e-04 4.777e-04 4.777e-01 4.774e-04 4.774e-04 4.902e-01
44.330235 4.009e+00 -1.953e-01 -2.773e-03 4.732e-04 4.732e-04 4.732e-01 4.725e-04 4.725e-04 4.902e-01
44.340233 3.906e+00 -2.393e-01 -2.668e-03 2.879e-04 2.879e-04 2.879e-01 2.869e-04 2.869e-04 2.941e-01
44.350235 3.779e+00 -3.027e-01 -2.580e-03 -7.421e-06 -7.421e-06 -7.421e-03 -8.547e-06 -8.547e-06 1.961e-02
44.360233 3.647e+00 -3.418e-01 -2.563e-03 -2.998e-04 -2.998e-04 -2.998e-01 -3.016e-04 -3.016e-04 -2.941e-01
44.370235 3.491e+00 -4.150e-01 -2.560e-03 -4.778e-04 -4.778e-04 -4.778e-01 -4.799e-04 -4.799e-04 -4.510e-01
44.380234 3.340e+00 -4.834e-01 -2.574e-03 -4.732e-04 -4.732e-04 -4.732e-01 -4.750e-04 -4.750e-04 -4.510e-01
44.390236 3.188e+00 -5.762e-01 -2.533e-03 -2.878e-04 -2.878e-04 -2.878e-01 -2.894e-04 -2.894e-04 -2.549e-01
44.400234 3.022e+00 -6.396e-01 -2.446e-03 7.397e-06 7.397e-06 7.397e-03 6.105e-06 6.105e-06 1.961e-02
44.410233 2.881e+00 -6.836e-01 -2.303e-03 2.998e-04 2.998e-04 2.998e-01 2.991e-04 2.991e-04 3.333e-01
44.420235 2.749e+00 -7.227e-01 -2.104e-03 4.778e-04 4.778e-04 4.778e-01 4.774e-04 4.774e-04 4.902e-01
44.430233 2.622e+00 -7.275e-01 -1.900e-03 4.732e-04 4.732e-04 4.732e-01 4.725e-04 4.725e-04 4.902e-01
44.440235 2.500e+00 -7.324e-01 -1.710e-03 2.879e-04 2.879e-04 2.879e-01 2.869e-04 2.869e-04 2.941e-01
44.450233 2.383e+00 -7.471e-01 -1.556e-03 -7.373e-06 -7.373e-06 -7.373e-03 -8.547e-06 -8.547e-06 1.961e-02
44.460232 2.266e+00 -7.666e-01 -1.448e-03 -2.998e-04 -2.998e-04 -2.998e-01 -3.016e-04 -3.016e-04 -2.941e-01
44.470234 2.134e+00 -7.861e-01 -1.398e-03 -4.778e-04 -4.778e-04 -4.778e-01 -4.799e-04 -4.799e-04 -4.510e-01
44.480232 2.007e+00 -8.252e-01 -1.331e-03 -4.732e-04 -4.732e-04 -4.732e-01 -4.750e-04 -4.750e-04 -4.510e-01
44.490234 1.870e+00 -8.447e-01 -1.264e-03 -2.879e-04 -2.879e-04 -2.879e-01 -2.894e-04 -2.894e-04 -2.549e-01
44.500233 1.768e+00 -8.545e-01 -1.150e-03 7.349e-06 7.349e-06 7.349e-03 6.105e-06 6.105e-06 1.961e-02
44.510235 1.655e+00 -8.496e-01 -9.748e-04 2.999e-04 2.999e-04 2.999e-01 2.991e-04 2.991e-04 3.333e-01
44.520233 1.558e+00 -8.203e-01 -7.588e-04 4.778e-04 4.778e-04 4.778e-01 4.774e-04 4.774e-04 4.902e-01
44.530235 1.460e+00 -7.568e-01 -5.633e-04 4.732e-04 4.732e-04 4.732e-01 4.725e-04 4.725e-04 4.902e-01
44.540234 1.372e+00 -7.275e-01 -3.561e-04 2.879e-04 2.879e-04 2.879e-01 2.869e-04 2.869e-04 2.941e-01
44.550236 1.284e+00 -6.787e-01 -2.160e-04 -7.445e-06 -7.445e-06 -7.445e-03 -8.547e-06 -8.547e-06 1.961e-02
44.560234 1.172e+00 -6.445e-01 -1.313e-04 -2.998e-04 -2.998e-04 -2.998e-01 -3.016e-04 -3.016e-04 -2.941e-01
44.570232 1.050e+00 -6.201e-01 -1.022e-04 -4.777e-04 -4.777e-04 -4.777e-01 -4.799e-04 -4.799e-04 -4.510e-01
44.580235 9.424e-01 -5.908e-01 -9.048e-05 -4.732e-04 -4.732e-04 -4.732e-01 -4.750e-04 -4.750e-04 -4.510e-01
44.590233 8.301e-01 -5.762e-01 -6.713e-05 -2.879e-04 -2.879e-04 -2.879e-01 -2.894e-04 -2.894e-04 -2.549e-01
44.600235 7.275e-01 -5.469e-01 5.837e-06 7.421e-06 7.421e-06 7.421e-03 6.105e-06 6.105e-06 1.961e-02
44.610233 6.348e-01 -4.932e-01 1.138e-04 2.998e-04 2.998e-04 2.998e-01 2.991e-04 2.991e-04 3.333e-01
44.620232 5.664e-01 -4.443e-01 2.714e-04 4.777e-04 4.777e-04 4.777e-01 4.774e-04 4.774e-04 4.902e-01
44.630234 5.078e-01 -3.711e-01 4.232e-04 4.732e-04 4.732e-04 4.732e-01 4.725e-04 4.725e-04 4.902e-01
44.640232 4.590e-01 -3.174e-01 5.516e-04 2.879e-04 2.879e-04 2.879e-01 2.869e-04 2.869e-04 2.941e-01
44.650234 4.248e-01 -2.393e-01 6.187e-04 -7.397e-06 -7.397e-06 -7.397e-03 -8.547e-06 -8.547e-06 1.961e-02
44.660233 3.809e-01 -1.855e-01 6.217e-04 -2.998e-04 -2.998e-04 -2.998e-01 -3.016e-04 -3.016e-04 -2.941e-01
44.670235 3.320e-01 -1.465e-01 5.691e-04 -4.778e-04 -4.778e-04 -4.778e-01 -4.799e-04 -4.799e-04 -4.510e-01
44.680233 2.930e-01 -1.074e-01 4.962e-04 -4.732e-04 -4.732e-04 -4.732e-01 -4.750e-04 -4.750e-04 -4.510e-01
44.690235 2.637e-01 -9.277e-02 4.553e-04 -2.879e-04 -2.879e-04 -2.879e-01 -2.894e-04 -2.894e-04 -2.549e-01
44.700233 2.441e-01 -6.348e-02 4.436e-04 7.373e-06 7.373e-06 7.373e-03 6.105e-06 6.105e-06 1.961e-02
44.710236 2.588e-01 -1.465e-02 4.786e-04 2.999e-04 2.999e-04 2.999e-01 2.991e-04 2.991e-04 3.333e-01
44.720234 2.783e-01 3.906e-02 5.487e-04 4.778e-04 4.778e-04 4.778e-01 4.774e-04 4.774e-04 4.902e-01
44.730232 3.369e-01 1.123e-01 6.217e-04 4.732e-04 4.732e-04 4.732e-01 4.725e-04 4.725e-04 4.902e-01
44.740234 3.857e-01 1.758e-01 6.596e-04 2.879e-04 2.879e-04 2.879e-01 2.869e-04 2.869e-04 2.941e-01
44.750233 4.736e-01 2.295e-01 6.567e-04 -7.349e-06 -7.349e-06 -7.349e-03 -8.547e-06 -8.547e-06 1.961e-02
44.760235 5.566e-01 2.686e-01 5.925e-04 -2.999e-04 -2.999e-04 -2.999e-01 -3.016e-04 -3.016e-04 -2.941e-01
44.770233 6.396e-01 2.930e-01 4.757e-04 -4.778e-04 -4.778e-04 -4.778e-01 -4.799e-04 -4.799e-04 -4.510e-01
44.780235 7.324e-01 3.174e-01 3.415e-04 -4.732e-04 -4.732e-04 -4.732e-01 -4.750e-04 -4.750e-04 -4.510e-01
44.790234 8.252e-01 3.271e-01 2.189e-04 -2.879e-04 -2.879e-04 -2.879e-01 -2.894e-04 -2.894e-04 -2.549e-01
44.800232 9.521e-01 3.467e-01 1.313e-04 7.325e-06 7.325e-06 7.325e-03 6.105e-06 6.105e-06 1.961e-02
44.810234 1.099e+00 3.760e-01 1.109e-04 2.998e-04 2.998e-04 2.998e-01 2.991e-04 2.991e-04 3.333e-01
44.820232 1.270e+00 4.248e-01 1.167e-04 4.777e-04 4.777e-04 4.777e-01 4.774e-04 4.774e-04 4.902e-01
44.830235 1.489e+00 4.932e-01 1.197e-04 4.732e-04 4.732e-04 4.732e-01 4.725e-04 4.725e-04 4.902e-01
44.840233 1.719e+00 5.420e-01 1.109e-04 2.879e-04 2.879e-04 2.879e-01 2.869e-04 2.869e-04 2.941e-01
44.850235 1.973e+00 6.006e-01 4.086e-05 -7.421e-06 -7.421e-06 -7.421e-03 -8.547e-06 -8.547e-06 1.961e-02
44.860233 2.207e+00 6.250e-01 -7.880e-05 -2.998e-04 -2.998e-04 -2.998e-01 -3.016e-04 -3.016e-04 -2.941e-01
44.870235 2.417e+00 6.299e-01 -2.422e-04 -4.778e-04 -4.778e-04 -4.778e-01 -4.799e-04 -4.799e-04 -4.510e-01
44.880234 2.607e+00 6.494e-01 -4.320e-04 -4.732e-04 -4.732e-04 -4.732e-01 -4.750e-04 -4.750e-04 -4.510e-01
44.890236 2.778e+00 6.445e-01 -6.071e-04 -2.878e-04 -2.878e-04 -2.878e-01 -2.894e-04 -2.894e-04 -2.549e-01
44.900234 2.964e+00 6.738e-01 -7.384e-04 7.397e-06 7.397e-06 7.397e-03 6.105e-06 6.105e-06 1.961e-02
44.910233 3.130e+00 6.885e-01 -8.201e-04 2.998e-04 2.998e-04 2.998e-01 2.991e-04 2.991e-04 3.333e-01
44.920235 3.301e+00 7.178e-01 -8.610e-04 4.778e-04 4.778e-04 4.778e-01 4.774e-04 4.774e-04 4.902e-01
44.930233 3.481e+00 7.764e-01 -9.048e-04 4.732e-04 4.732e-04 4.732e-01 4.725e-04 4.725e-04 4.902e-01
44.940235 3.652e+00 7.861e-01 -9.427e-04 2.879e-04 2.879e-04 2.879e-01 2.869e-04 2.869e-04 2.941e-01
44.950233 3.804e+00 8.154e-01 -1.045e-03 -7.373e-06 -7.373e-06 -7.373e-03 -8.547e-06 -8.547e-06 1.961e-02
44.960236 3.936e+00 8.252e-01 -1.205e-03 -2.999e-04 -2.999e-04 -2.999e-01 -3.016e-04 -3.016e-04 -2.941e-01
44.970234 4.053e+00 7.959e-01 -1.392e-03 -4.778e-04 -4.778e-04 -4.778e-01 -4.799e-04 -4.799e-04 -4.510e-01
44.980236 4.146e+00 7.666e-01 -1.594e-03 -4.732e-04 -4.732e-04 -4.732e-01 -4.750e-04 -4.750e-04 -4.510e-01
44.990234 4.209e+00 7.422e-01 -1.795e-03 -2.879e-04 -2.879e-04 -2.879e-01 -2.894e-04 -2.894e-04 -2.549e-01
45.000233 4.302e+00 7.227e-01 -1.938e-03 7.349e-06 7.349e-06 7.349e-03 6.105e-06 6.105e-06 1.961e-02
45.010235 4.365e+00 6.982e-01 -2.017e-03 2.999e-04 2.999e-04 2.999e-01 2.991e-04 2.991e-04 3.333e-01
45.020233 4.448e+00 6.836e-01 -2.058e-03 4.778e-04 4.778e-04 4.778e-01 4.774e-04 4.774e-04 4.902e-01
45.030235 4.517e+00 6.738e-01 -2.061e-03 4.732e-04 4.732e-04 4.732e-01 4.725e-04 4.725e-04 4.902e-01
45.040234 4.580e+00 6.494e-01 -2.093e-03 2.879e-04 2.879e-04 2.879e-01 2.869e-04 2.869e-04 2.941e-01
45.050236 4.624e+00 6.396e-01 -2.174e-03 -7.445e-06 -7.445e-06 -7.445e-03 -8.547e-06 -8.547e-06 1.961e-02
45.060234 4.634e+00 5.957e-01 -2.294e-03 -2.998e-04 -2.998e-04 -2.998e-01 -3.016e-04 -3.016e-04 -2.941e-01
45.070232 4.614e+00 5.420e-01 -2.452e-03 -4.777e-04 -4.777e-04 -4.777e-01 -4.799e-04 -4.799e-04 -4.510e-01
45.080235 4.619e+00 4.688e-01 -2.609e-03 -4.732e-04 -4.732e-04 -4.732e-01 -4.750e-04 -4.750e-04 -4.510e-01
45.090237 4.580e+00 3.857e-01 -2.735e-03 -2.878e-04 -2.878e-04 -2.878e-01 -2.894e-04 -2.894e-04 -2.549e-01
45.100235 4.546e+00 3.271e-01 -2.805e-03 7.421e-06 7.421e-06 7.421e-03 6.105e-06 6.105e-06 1.961e-02
45.110233 4.497e+00 2.637e-01 -2.816e-03 2.998e-04 2.998e-04 2.998e-01 2.991e-04 2.991e-04 3.333e-01
45.120232 4.458e+00 2.148e-01 -2.776e-03 4.777e-04 4.777e-04 4.777e-01 4.774e-04 4.774e-04 4.902e-01
45.130234 4.399e+00 1.855e-01 -2.717e-03 4.732e-04 4.732e-04 4.732e-01 4.725e-04 4.725e-04 4.902e-01
45.140232 4.355e+00 1.416e-01 -2.668e-03 2.879e-04 2.879e-04 2.879e-01 2.869e-04 2.869e-04 2.941e-01
45.150234 4.282e+00 8.301e-02 -2.641e-03 -7.398e-06 -7.398e-06 -7.398e-03 -8.547e-06 -8.547e-06 1.961e-02
45.160233 4.204e+00 2.441e-02 -2.673e-03 -2.998e-04 -2.998e-04 -2.998e-01 -3.016e-04 -3.016e-04 -2.941e-01
45.170235 4.092e+00 -5.859e-02 -2.729e-03 -4.778e-04 -4.778e-04 -4.778e-01 -4.799e-04 -4.799e-04 -4.510e-01
45.180237 3.994e+00 -1.367e-01 -2.784e-03 -4.732e-04 -4.732e-04 -4.732e-01 -4.750e-04 -4.750e-04 -4.510e-01
45.190235 3.853e+00 -2.344e-01 -2.808e-03 -2.879e-04 -2.879e-04 -2.879e-01 -2.894e-04 -2.894e-04 -2.549e-01
45.200233 3.721e+00 -3.076e-01 -2.784e-03 7.374e-06 7.374e-06 7.374e-03 6.105e-06 6.105e-06 1.961e-02
45.210236 3.599e+00 -3.662e-01 -2.691e-03 2.999e-04 2.999e-04 2.999e-01 2.991e-04 2.991e-04 3.333e-01
45.220234 3.477e+00 -4.150e-01 -2.545e-03 4.778e-04 4.778e-04 4.778e-01 4.774e-04 4.774e-04 4.902e-01
45.230232 3.369e+00 -4.297e-01 -2.390e-03 4.732e-04 4.732e-04 4.732e-01 4.725e-04 4.725e-04 4.902e-01
45.240234 3.252e+00 -4.736e-01 -2.241e-03 2.879e-04 2.879e-04 2.879e-01 2.869e-04 2.869e-04 2.941e-01
45.250233 3.140e+00 -4.932e-01 -2.133e-03 -7.350e-06 -7.350e-06 -7.350e-03 -8.547e-06 -8.547e-06 1.961e-02
45.260235 3.008e+00 -5.469e-01 -2.063e-03 -2.999e-04 -2.999e-04 -2.999e-01 -3.016e-04 -3.016e-04 -2.941e-01
45.270233 2.861e+00 -6.006e-01 -2.037e-03 -4.778e-04 -4.778e-04 -4.778e-01 -4.799e-04 -4.799e-04 -4.510e-01
45.280235 2.725e+00 -6.494e-01 -2.014e-03 -4.732e-04 -4.732e-04 -4.732e-01 -4.750e-04 -4.750e-04 -4.510e-01
45.290237 2.568e+00 -7.031e-01 -1.964e-03 -2.878e-04 -2.878e-04 -2.878e-01 -2.894e-04 -2.894e-04 -2.549e-01
45.300232 2.437e+00 -7.471e-01 -1.856e-03 7.326e-06 7.326e-06 7.326e-03 6.105e-06 6.105e-06 1.961e-02
45.310234 2.319e+00 -7.666e-01 -1.702e-03 2.998e-04 2.998e-04 2.998e-01 2.991e-04 2.991e-04 3.333e-01
45.320232 2.212e+00 -7.666e-01 -1.509e-03 4.777e-04 4.777e-04 4.777e-01 4.774e-04 4.774e-04 4.902e-01
45.330235 2.139e+00 -7.520e-01 -1.290e-03 4.732e-04 4.732e-04 4.732e-01 4.725e-04 4.725e-04 4.902e-01
45.340233 2.051e+00 -7.373e-01 -1.097e-03 2.879e-04 2.879e-04 2.879e-01 2.869e-04 2.869e-04 2.941e-01
45.350235 1.973e+00 -7.178e-01 -9.456e-04 -7.422e-06 -7.422e-06 -7.422e-03 -8.547e-06 -8.547e-06 1.961e-02
45.360233 1.885e+00 -7.080e-01 -8.551e-04 -2.998e-04 -2.998e-04 -2.998e-01 -3.016e-04 -3.016e-04 -2.941e-01
45.370235 1.782e+00 -7.080e-01 -8.055e-04 -4.778e-04 -4.778e-04 -4.778e-01 -4.799e-04 -4.799e-04 -4.510e-01
45.380234 1.694e+00 -7.031e-01 -7.793e-04 -4.732e-04 -4.732e-04 -4.732e-01 -4.750e-04 -4.750e-04 -4.510e-01
45.390236 1.602e+00 -7.178e-01 -7.180e-04 -2.878e-04 -2.878e-04 -2.878e-01 -2.894e-04 -2.894e-04 -2.549e-01
45.400234 1.504e+00 -6.982e-01 -6.217e-04 7.398e-06 7.398e-06 7.398e-03 6.105e-06 6.105e-06 1.961e-02
45.410233 1.426e+00 -6.689e-01 -4.816e-04 2.998e-04 2.998e-04 2.998e-01 2.991e-04 2.991e-04 3.333e-01
45.420235 1.353e+00 -6.152e-01 -3.152e-04 4.778e-04 4.778e-04 4.778e-01 4.774e-04 4.774e-04 4.902e-01
45.430233 1.318e+00 -5.518e-01 -1.226e-04 4.732e-04 4.732e-04 4.732e-01 4.725e-04 4.725e-04 4.902e-01
45.440231 1.255e+00 -4.980e-01 3.502e-05 2.880e-04 2.880e-04 2.880e-01 2.869e-04 2.869e-04 2.941e-01
45.450233 1.226e+00 -4.346e-01 1.343e-04 -7.374e-06 -7.374e-06 -7.374e-03 -8.547e-06 -8.547e-06 1.961e-02
45.460236 1.182e+00 -3.857e-01 1.605e-04 -2.999e-04 -2.999e-04 -2.999e-01 -3.016e-04 -3.016e-04 -2.941e-01
45.470234 1.128e+00 -3.516e-01 1.605e-04 -4.778e-04 -4.778e-04 -4.778e-01 -4.799e-04 -4.799e-04 -4.510e-01
45.480236 1.089e+00 -3.027e-01 1.167e-04 -4.732e-04 -4.732e-04 -4.732e-01 -4.750e-04 -4.750e-04 -4.510e-01
45.490234 1.069e+00 -3.027e-01 1.138e-04 -2.879e-04 -2.879e-04 -2.879e-01 -2.894e-04 -2.894e-04 -2.549e-01
45.500237 1.055e+00 -2.441e-01 1.255e-04 7.470e-06 7.470e-06 7.470e-03 6.105e-06 6.105e-06 1.961e-02
45.510235 1.064e+00 -1.904e-01 1.868e-04 2.999e-04 2.999e-04 2.999e-01 2.991e-04 2.991e-04 3.333e-01
45.520233 1.084e+00 -1.270e-01 2.860e-04 4.778e-04 4.778e-04 4.778e-01 4.774e-04 4.774e-04 4.902e-01
45.530235 1.152e+00 -4.395e-02 3.882e-04 4.732e-04 4.732e-04 4.732e-01 4.725e-04 4.725e-04 4.902e-01
45.540234 1.221e+00 2.441e-02 4.582e-04 2.879e-04 2.879e-04 2.879e-01 2.869e-04 2.869e-04 2.941e-01
45.550232 1.323e+00 1.025e-01 4.699e-04 -7.326e-06 -7.326e-06 -7.326e-03 -8.547e-06 -8.547e-06 1.961e-02
45.560234 1.416e+00 1.611e-01 4.174e-04 -2.998e-04 -2.998e-04 -2.998e-01 -3.016e-04 -3.016e-04 -2.941e-01
45.570232 1.533e+00 2.002e-01 3.181e-04 -4.777e-04 -4.777e-04 -4.777e-01 -4.799e-04 -4.799e-04 -4.510e-01
45.580235 1.665e+00 2.441e-01 1.985e-04 -4.732e-04 -4.732e-04 -4.732e-01 -4.750e-04 -4.750e-04 -4.510e-01
45.590233 1.797e+00 2.783e-01 8.172e-05 -2.879e-04 -2.879e-04 -2.879e-01 -2.894e-04 -2.894e-04 -2.549e-01
45.600235 2.007e+00 3.076e-01 2.335e-05 7.422e-06 7.422e-06 7.422e-03 6.105e-06 6.105e-06 1.961e-02
45.610233 2.163e+00 3.613e-01 -2.919e-06 2.998e-04 2.998e-04 2.998e-01 2.991e-04 2.991e-04 3.333e-01
45.620232 2.349e+00 4.395e-01 -2.919e-06 4.777e-04 4.777e-04 4.777e-01 4.774e-04 4.774e-04 4.902e-01
45.630234 2.534e+00 5.225e-01 -2.919e-06 4.732e-04 4.732e-04 4.732e-01 4.725e-04 4.725e-04 4.902e-01
45.640236 2.725e+00 5.908e-01 -2.335e-05 2.878e-04 2.878e-04 2.878e-01 2.869e-04 2.869e-04 2.941e-01
45.650234 2.910e+00 6.543e-01 -9.631e-05 -7.398e-06 -7.398e-06 -7.398e-03 -8.547e-06 -8.547e-06 1.961e-02
45.660233 3.081e+00 7.031e-01 -2.306e-04 -2.998e-04 -2.998e-04 -2.998e-01 -3.016e-04 -3.016e-04 -2.941e-01
45.670235 3.242e+00 7.324e-01 -4.144e-04 -4.778e-04 -4.778e-04 -4.778e-01 -4.799e-04 -4.799e-04 -4.510e-01
45.680233 3.398e+00 7.520e-01 -6.217e-04 -4.732e-04 -4.732e-04 -4.732e-01 -4.750e-04 -4.750e-04 -4.510e-01
45.690235 3.525e+00 7.520e-01 -8.055e-04 -2.879e-04 -2.879e-04 -2.879e-01 -2.894e-04 -2.894e-04 -2.549e-01
45.700233 3.662e+00 7.764e-01 -9.515e-04 7.374e-06 7.374e-06 7.374e-03 6.105e-06 6.105e-06 1.961e-02
45.710232 3.809e+00 7.910e-01 -1.051e-03 2.998e-04 2.998e-04 2.998e-01 2.991e-04 2.991e-04 3.333e-01
45.720234 3.955e+00 8.252e-01 -1.109e-03 4.778e-04 4.778e-04 4.778e-01 4.774e-04 4.774e-04 4.902e-01
45.730232 4.111e+00 8.740e-01 -1.167e-03 4.732e-04 4.732e-04 4.732e-01 4.725e-04 4.725e-04 4.902e-01
45.740234 4.258e+00 8.838e-01 -1.220e-03 2.879e-04 2.879e-04 2.879e-01 2.869e-04 2.869e-04 2.941e-01
45.750237 4.399e+00 9.082e-01 -1.345e-03 -7.470e-06 -7.470e-06 -7.470e-03 -8.547e-06 -8.547e-06 1.961e-02
45.760235 4.502e+00 9.131e-01 -1.524e-03 -2.999e-04 -2.999e-04 -2.999e-01 -3.016e-04 -3.016e-04 -2.941e-01
45.770233 4.580e+00 8.838e-01 -1.728e-03 -4.778e-04 -4.778e-04 -4.778e-01 -4.799e-04 -4.799e-04 -4.510e-01
45.780235 4.653e+00 8.496e-01 -1.941e-03 -4.732e-04 -4.732e-04 -4.732e-01 -4.750e-04 -4.750e-04 -4.510e-01
45.790234 4.702e+00 8.008e-01 -2.145e-03 -2.879e-04 -2.879e-04 -2.879e-01 -2.894e-04 -2.894e-04 -2.549e-01
45.800232 4.756e+00 7.666e-01 -2.291e-03 7.326e-06 7.326e-06 7.326e-03 6.105e-06 6.105e-06 1.961e-02
45.810234 4.790e+00 7.324e-01 -2.382e-03 2.998e-04 2.998e-04 2.998e-01 2.991e-04 2.991e-04 3.333e-01
45.820232 4.849e+00 7.031e-01 -2.417e-03 4.777e-04 4.777e-04 4.777e-01 4.774e-04 4.774e-04 4.902e-01
45.830235 4.907e+00 6.885e-01 -2.437e-03 4.732e-04 4.732e-04 4.732e-01 4.725e-04 4.725e-04 4.902e-01
45.840233 4.932e+00 6.396e-01 -2.446e-03 2.879e-04 2.879e-04 2.879e-01 2.869e-04 2.869e-04 2.941e-01
45.850235 4.932e+00 6.201e-01 -2.533e-03 -7.422e-06 -7.422e-06 -7.422e-03 -8.547e-06 -8.547e-06 1.961e-02
45.860233 4.927e+00 5.664e-01 -2.653e-03 -2.998e-04 -2.998e-04 -2.998e-01 -3.016e-04 -3.016e-04 -2.941e-01
45.870232 4.888e+00 4.932e-01 -2.796e-03 -4.777e-04 -4.777e-04 -4.777e-01 -4.799e-04 -4.799e-04 -4.510e-01
45.880234 4.834e+00 4.053e-01 -2.939e-03 -4.732e-04 -4.732e-04 -4.732e-01 -4.750e-04 -4.750e-04 -4.510e-01
45.890236 4.741e+00 3.223e-01 -3.065e-03 -2.878e-04 -2.878e-04 -2.878e-01 -2.894e-04 -2.894e-04 -2.549e-01
45.900234 4.697e+00 2.344e-01 -3.117e-03 7.398e-06 7.398e-06 7.398e-03 6.105e-06 6.105e-06 1.961e-02
45.910236 4.614e+00 1.660e-01 -3.114e-03 2.999e-04 2.999e-04 2.999e-01 2.991e-04 2.991e-04 3.333e-01
45.920235 4.546e+00 9.766e-02 -3.053e-03 4.778e-04 4.778e-04 4.778e-01 4.774e-04 4.774e-04 4.902e-01
45.930233 4.468e+00 4.883e-02 -2.965e-03 4.732e-04 4.732e-04 4.732e-01 4.725e-04 4.725e-04 4.902e-01
45.940235 4.370e+00 -9.766e-03 -2.892e-03 2.879e-04 2.879e-04 2.879e-01 2.869e-04 2.869e-04 2.941e-01
45.950233 4.272e+00 -5.371e-02 -2.857e-03 -7.374e-06 -7.374e-06 -7.374e-03 -8.547e-06 -8.547e-06 1.961e-02
45.960232 4.146e+00 -1.318e-01 -2.857e-03 -2.998e-04 -2.998e-04 -2.998e-01 -3.016e-04 -3.016e-04 -2.941e-01
45.970234 4.009e+00 -2.246e-01 -2.886e-03 -4.778e-04 -4.778e-04 -4.778e-01 -4.799e-04 -4.799e-04 -4.510e-01
45.980236 3.857e+00 -3.174e-01 -2.913e-03 -4.732e-04 -4.732e-04 -4.732e-01 -4.750e-04 -4.750e-04 -4.510e-01
45.990234 3.696e+00 -4.150e-01 -2.910e-03 -2.879e-04 -2.879e-04 -2.879e-01 -2.894e-04 -2.894e-04 -2.549e-01
46.000237 3.530e+00 -4.834e-01 -2.854e-03 7.470e-06 7.470e-06 7.470e-03 6.105e-06 6.105e-06 1.961e-02
46.010235 3.394e+00 -5.518e-01 -2.729e-03 2.999e-04 2.999e-04 2.999e-01 2.991e-04 2.991e-04 3.333e-01
46.020233 3.237e+00 -6.055e-01 -2.557e-03 4.778e-04 4.778e-04 4.778e-01 4.774e-04 4.774e-04 4.902e-01
46.030235 3.105e+00 -6.250e-01 -2.373e-03 4.732e-04 4.732e-04 4.732e-01 4.725e-04 4.725e-04 4.902e-01
46.040234 2.949e+00 -6.543e-01 -2.189e-03 2.879e-04 2.879e-04 2.879e-01 2.869e-04 2.869e-04 2.941e-01
46.050232 2.822e+00 -6.885e-01 -2.040e-03 -7.326e-06 -7.326e-06 -7.326e-03 -8.547e-06 -8.547e-06 1.961e-02
46.060234 2.671e+00 -7.324e-01 -1.947e-03 -2.998e-04 -2.998e-04 -2.998e-01 -3.016e-04 -3.016e-04 -2.941e-01
46.070232 2.510e+00 -7.715e-01 -1.894e-03 -4.777e-04 -4.777e-04 -4.777e-01 -4.799e-04 -4.799e-04 -4.510e-01
46.080235 2.363e+00 -8.301e-01 -1.833e-03 -4.732e-04 -4.732e-04 -4.732e-01 -4.750e-04 -4.750e-04 -4.510e-01
46.090233 2.188e+00 -8.789e-01 -1.754e-03 -2.879e-04 -2.879e-04 -2.879e-01 -2.894e-04 -2.894e-04 -2.549e-01
46.100235 2.056e+00 -9.033e-01 -1.629e-03 7.422e-06 7.422e-06 7.422e-03 6.105e-06 6.105e-06 1.961e-02
46.110233 1.929e+00 -9.180e-01 -1.448e-03 2.998e-04 2.998e-04 2.998e-01 2.991e-04 2.991e-04 3.333e-01
46.120235 1.831e+00 -9.131e-01 -1.217e-03 4.778e-04 4.778e-04 4.778e-01 4.774e-04 4.774e-04 4.902e-01
46.130234 1.724e+00 -8.789e-01 -9.923e-04 4.732e-04 4.732e-04 4.732e-01 4.725e-04 4.725e-04 4.902e-01
46.140232 1.597e+00 -8.496e-01 -7.822e-04 2.879e-04 2.879e-04 2.879e-01 2.869e-04 2.869e-04 2.941e-01
46.150234 1.509e+00 -8.350e-01 -5.954e-04 -7.398e-06 -7.398e-06 -7.398e-03 -8.547e-06 -8.547e-06 1.961e-02
46.160233 1.372e+00 -8.057e-01 -4.991e-04 -2.998e-04 -2.998e-04 -2.998e-01 -3.016e-04 -3.016e-04 -2.941e-01
46.170235 1.226e+00 -7.959e-01 -4.349e-04 -4.778e-04 -4.778e-04 -4.778e-01 -4.799e-04 -4.799e-04 -4.510e-01
46.180237 1.084e+00 -7.861e-01 -3.882e-04 -4.732e-04 -4.732e-04 -4.732e-01 -4.750e-04 -4.750e-04 -4.510e-01
46.190235 9.082e-01 -7.666e-01 -3.473e-04 -2.879e-04 -2.879e-04 -2.879e-01 -2.894e-04 -2.894e-04 -2.549e-01
46.200233 7.715e-01 -7.520e-01 -2.306e-04 7.374e-06 7.374e-06 7.374e-03 6.105e-06 6.105e-06 1.961e-02
46.210232 6.201e-01 -7.129e-01 -8.464e-05 2.998e-04 2.998e-04 2.998e-01 2.991e-04 2.991e-04 3.333e-01
46.220234 4.883e-01 -6.689e-01 1.051e-04 4.778e-04 4.778e-04 4.778e-01 4.774e-04 4.774e-04 4.902e-01
46.230232 3.662e-01 -5.957e-01 2.948e-04 4.732e-04 4.732e-04 4.732e-01 4.725e-04 4.725e-04 4.902e-01
46.240234 2.588e-01 -5.371e-01 4.495e-04 2.879e-04 2.879e-04 2.879e-01 2.869e-04 2.869e-04 2.941e-01
46.250233 1.465e-01 -4.688e-01 5.545e-04 -7.351e-06 -7.351e-06 -7.351e-03 -8.547e-06 -8.547e-06 1.961e-02
46.260235 2.441e-02 -4.297e-01 6.129e-04 -2.999e-04 -2.999e-04 -2.999e-01 -3.016e-04 -3.016e-04 -2.941e-01
46.270233 -1.025e-01 -3.955e-01 6.012e-04 -4.778e-04 -4.778e-04 -4.778e-01 -4.799e-04 -4.799e-04 -4.510e-01
46.280235 -2.393e-01 -3.711e-01 5.750e-04 -4.732e-04 -4.732e-04 -4.732e-01 -4.750e-04 -4.750e-04 -4.510e-01
46.290234 -3.809e-01 -3.418e-01 5.575e-04 -2.879e-04 -2.879e-04 -2.879e-01 -2.894e-04 -2.894e-04 -2.549e-01
46.300232 -4.883e-01 -3.125e-01 5.866e-04 7.327e-06 7.327e-06 7.327e-03 6.105e-06 6.105e-06 1.961e-02
46.310234 -6.006e-01 -2.832e-01 6.742e-04 2.998e-04 2.998e-04 2.998e-01 2.991e-04 2.991e-04 3.333e-01
46.320236 -6.885e-01 -2.197e-01 7.763e-04 4.778e-04 4.778e-04 4.778e-01 4.774e-04 4.774e-04 4.902e-01
46.330235 -7.617e-01 -1.709e-01 9.048e-04 4.732e-04 4.732e-04 4.732e-01 4.725e-04 4.725e-04 4.902e-01
46.340233 -8.447e-01 -1.172e-01 1.001e-03 2.879e-04 2.879e-04 2.879e-01 2.869e-04 2.869e-04 2.941e-01
46.350235 -9.229e-01 -6.348e-02 1.033e-03 -7.423e-06 -7.423e-06 -7.423e-03 -8.547e-06 -8.547e-06 1.961e-02
46.360233 -1.016e+00 -1.953e-02 9.894e-04 -2.998e-04 -2.998e-04 -2.998e-01 -3.016e-04 -3.016e-04 -2.941e-01
46.370235 -1.099e+00 4.883e-03 9.281e-04 -4.778e-04 -4.778e-04 -4.778e-01 -4.799e-04 -4.799e-04 -4.510e-01
46.380234 -1.191e+00 9.766e-03 8.406e-04 -4.732e-04 -4.732e-04 -4.732e-01 -4.750e-04 -4.750e-04 -4.510e-01
46.390232 -1.284e+00 9.766e-03 7.676e-04 -2.879e-04 -2.879e-04 -2.879e-01 -2.894e-04 -2.894e-04 -2.549e-01
46.400234 -1.367e+00 1.465e-02 7.472e-04 7.399e-06 7.399e-06 7.399e-03 6.105e-06 6.105e-06 1.961e-02
46.410233 -1.470e+00 2.930e-02 7.705e-04 2.998e-04 2.998e-04 2.998e-01 2.991e-04 2.991e-04 3.333e-01
46.420235 -1.543e+00 4.883e-02 8.435e-04 4.778e-04 4.778e-04 4.778e-01 4.774e-04 4.774e-04 4.902e-01
46.430237 -1.611e+00 8.301e-02 9.223e-04 4.732e-04 4.732e-04 4.732e-01 4.725e-04 4.725e-04 4.902e-01
46.440235 -1.680e+00 1.221e-01 9.573e-04 2.879e-04 2.879e-04 2.879e-01 2.869e-04 2.869e-04 2.941e-01
46.450233 -1.733e+00 1.416e-01 9.719e-04 -7.375e-06 -7.375e-06 -7.375e-03 -8.547e-06 -8.547e-06 1.961e-02
46.460232 -1.816e+00 1.367e-01 9.194e-04 -2.998e-04 -2.998e-04 -2.998e-01 -3.016e-04 -3.016e-04 -2.941e-01
46.470234 -1.880e+00 1.318e-01 8.230e-04 -4.778e-04 -4.778e-04 -4.778e-01 -4.799e-04 -4.799e-04 -4.510e-01
46.480236 -1.968e+00 1.025e-01 7.238e-04 -4.732e-04 -4.732e-04 -4.732e-01 -4.750e-04 -4.750e-04 -4.510e-01
46.490234 -2.041e+00 6.836e-02 6.508e-04 -2.879e-04 -2.879e-04 -2.879e-01 -2.894e-04 -2.894e-04 -2.549e-01
46.500237 -2.109e+00 4.883e-02 6.187e-04 7.471e-06 7.471e-06 7.471e-03 6.105e-06 6.105e-06 1.961e-02
46.510235 -2.158e+00 2.930e-02 6.450e-04 2.999e-04 2.999e-04 2.999e-01 2.991e-04 2.991e-04 3.333e-01
46.520233 -2.202e+00 2.930e-02 7.121e-04 4.778e-04 4.778e-04 4.778e-01 4.774e-04 4.774e-04 4.902e-01
46.530235 -2.231e+00 4.883e-02 7.880e-04 4.732e-04 4.732e-04 4.732e-01 4.725e-04 4.725e-04 4.902e-01
46.540234 -2.275e+00 4.883e-02 8.551e-04 2.879e-04 2.879e-04 2.879e-01 2.869e-04 2.869e-04 2.941e-01
46.550236 -2.295e+00 6.348e-02 8.639e-04 -7.447e-06 -7.447e-06 -7.447e-03 -8.547e-06 -8.547e-06 1.961e-02
46.560234 -2.349e+00 2.930e-02 8.435e-04 -2.998e-04 -2.998e-04 -2.998e-01 -3.016e-04 -3.016e-04 -2.941e-01
46.570232 -2.412e+00 4.883e-03 7.734e-04 -4.777e-04 -4.777e-04 -4.777e-01 -4.799e-04 -4.799e-04 -4.510e-01
46.580235 -2.471e+00 -4.395e-02 7.005e-04 -4.732e-04 -4.732e-04 -4.732e-01 -4.750e-04 -4.750e-04 -4.510e-01
46.590237 -2.549e+00 -8.301e-02 6.450e-04 -2.878e-04 -2.878e-04 -2.878e-01 -2.894e-04 -2.894e-04 -2.549e-01
46.600235 -2.612e+00 -1.025e-01 6.275e-04 7.423e-06 7.423e-06 7.423e-03 6.105e-06 6.105e-06 1.961e-02
46.610233 -2.676e+00 -1.270e-01 6.800e-04 2.998e-04 2.998e-04 2.998e-01 2.991e-04 2.991e-04 3.333e-01
46.620235 -2.705e+00 -1.270e-01 7.763e-04 4.778e-04 4.778e-04 4.778e-01 4.774e-04 4.774e-04 4.902e-01
46.630234 -2.729e+00 -1.221e-01 8.843e-04 4.732e-04 4.732e-04 4.732e-01 4.725e-04 4.725e-04 4.902e-01
46.640232 -2.764e+00 -1.270e-01 9.806e-04 2.879e-04 2.879e-04 2.879e-01 2.869e-04 2.869e-04 2.941e-01
46.650234 -2.822e+00 -1.172e-01 1.024e-03 -7.399e-06 -7.399e-06 -7.399e-03 -8.547e-06 -8.547e-06 1.961e-02
46.660233 -2.866e+00 -1.465e-01 1.030e-03 -2.998e-04 -2.998e-04 -2.998e-01 -3.016e-04 -3.016e-04 -2.941e-01
46.670235 -2.925e+00 -1.660e-01 9.894e-04 -4.778e-04 -4.778e-04 -4.778e-01 -4.799e-04 -4.799e-04 -4.510e-01
46.680233 -2.983e+00 -1.953e-01 9.398e-04 -4.732e-04 -4.732e-04 -4.732e-01 -4.750e-04 -4.750e-04 -4.510e-01
46.690235 -3.076e+00 -2.246e-01 8.931e-04 -2.879e-04 -2.879e-04 -2.879e-01 -2.894e-04 -2.894e-04 -2.549e-01
46.700233 -3.120e+00 -2.490e-01 9.164e-04 7.375e-06 7.375e-06 7.375e-03 6.105e-06 6.105e-06 1.961e-02
46.710236 -3.169e+00 -2.637e-01 9.894e-04 2.999e-04 2.999e-04 2.999e-01 2.991e-04 2.991e-04 3.333e-01
46.720234 -3.193e+00 -2.539e-01 1.106e-03 4.778e-04 4.778e-04 4.778e-01 4.774e-04 4.774e-04 4.902e-01
46.730232 -3.213e+00 -2.344e-01 1.235e-03 4.732e-04 4.732e-04 4.732e-01 4.725e-04 4.725e-04 4.902e-01
46.740234 -3.237e+00 -2.344e-01 1.357e-03 2.879e-04 2.879e-04 2.879e-01 2.869e-04 2.869e-04 2.941e-01
46.750237 -3.262e+00 -2.100e-01 1.413e-03 -7.471e-06 -7.471e-06 -7.471e-03 -8.547e-06 -8.547e-06 1.961e-02
46.760235 -3.301e+00 -2.148e-01 1.430e-03 -2.999e-04 -2.999e-04 -2.999e-01 -3.016e-04 -3.016e-04 -2.941e-01
46.770233 -3.335e+00 -2.197e-01 1.392e-03 -4.778e-04 -4.778e-04 -4.778e-01 -4.799e-04 -4.799e-04 -4.510e-01
46.780235 -3.384e+00 -2.344e-01 1.343e-03 -4.732e-04 -4.732e-04 -4.732e-01 -4.750e-04 -4.750e-04 -4.510e-01
46.790234 -3.442e+00 -2.441e-01 1.305e-03 -2.879e-04 -2.879e-04 -2.879e-01 -2.894e-04 -2.894e-04 -2.549e-01
46.800232 -3.452e+00 -2.637e-01 1.340e-03 7.327e-06 7.327e-06 7.327e-03 6.105e-06 6.105e-06 1.961e-02
46.810234 -3.486e+00 -2.539e-01 1.407e-03 2.998e-04 2.998e-04 2.998e-01 2.991e-04 2.991e-04 3.333e-01
46.820236 -3.481e+00 -2.344e-01 1.518e-03 4.778e-04 4.778e-04 4.778e-01 4.774e-04 4.774e-04 4.902e-01
46.830235 -3.462e+00 -1.904e-01 1.643e-03 4.732e-04 4.732e-04 4.732e-01 4.725e-04 4.725e-04 4.902e-01
46.840233 -3.457e+00 -1.660e-01 1.745e-03 2.879e-04 2.879e-04 2.879e-01 2.869e-04 2.869e-04 2.941e-01
46.850235 -3.447e+00 -1.318e-01 1.795e-03 -7.423e-06 -7.423e-06 -7.423e-03 -8.547e-06 -8.547e-06 1.961e-02
46.860233 -3.457e+00 -1.074e-01 1.780e-03 -2.998e-04 -2.998e-04 -2.998e-01 -3.016e-04 -3.016e-04 -2.941e-01
46.870235 -3.457e+00 -1.025e-01 1.731e-03 -4.778e-04 -4.778e-04 -4.778e-01 -4.799e-04 -4.799e-04 -4.510e-01
46.880234 -3.462e+00 -1.025e-01 1.658e-03 -4.732e-04 -4.732e-04 -4.732e-01 -4.750e-04 -4.750e-04 -4.510e-01
46.890236 -3.452e+00 -1.074e-01 1.608e-03 -2.878e-04 -2.878e-04 -2.878e-01 -2.894e-04 -2.894e-04 -2.549e-01
46.900234 -3.433e+00 -9.277e-02 1.602e-03 7.399e-06 7.399e-06 7.399e-03 6.105e-06 6.105e-06 1.961e-02
46.910233 -3.438e+00 -8.301e-02 1.649e-03 2.998e-04 2.998e-04 2.998e-01 2.991e-04 2.991e-04 3.333e-01
46.920235 -3.398e+00 -5.371e-02 1.739e-03 4.778e-04 4.778e-04 4.778e-01 4.774e-04 4.774e-04 4.902e-01
46.930233 -3.345e+00 -4.883e-03 1.827e-03 4.732e-04 4.732e-04 4.732e-01 4.725e-04 4.725e-04 4.902e-01
46.940235 -3.320e+00 4.395e-02 1.882e-03 2.879e-04 2.879e-04 2.879e-01 2.869e-04 2.869e-04 2.941e-01
46.950233 -3.267e+00 8.789e-02 1.897e-03 -7.375e-06 -7.375e-06 -7.375e-03 -8.547e-06 -8.547e-06 1.961e-02
46.960236 -3.228e+00 1.123e-01 1.856e-03 -2.999e-04 -2.999e-04 -2.999e-01 -3.016e-04 -3.016e-04 -2.941e-01
46.970234 -3.193e+00 1.270e-01 1.766e-03 -4.778e-04 -4.778e-04 -4.778e-01 -4.799e-04 -4.799e-04 -4.510e-01
46.980236 -3.164e+00 1.123e-01 1.675e-03 -4.732e-04 -4.732e-04 -4.732e-01 -4.750e-04 -4.750e-04 -4.510e-01
46.990234 -3.140e+00 1.074e-01 1.585e-03 -2.879e-04 -2.879e-04 -2.879e-01 -2.894e-04 -2.894e-04 -2.549e-01
47.000233 -3.105e+00 1.221e-01 1.553e-03 7.351e-06 7.351e-06 7.351e-03 6.105e-06 6.105e-06 1.961e-02
47.010235 -3.062e+00 1.416e-01 1.547e-03 2.999e-04 2.999e-04 2.999e-01 2.991e-04 2.991e-04 3.333e-01
47.020233 -3.013e+00 1.758e-01 1.594e-03 4.778e-04 4.778e-04 4.778e-01 4.774e-04 4.774e-04 4.902e-01
47.030235 -2.944e+00 2.197e-01 1.646e-03 4.732e-04 4.732e-04 4.732e-01 4.725e-04 4.725e-04 4.902e-01
47.040234 -2.896e+00 2.539e-01 1.678e-03 2.879e-04 2.879e-04 2.879e-01 2.869e-04 2.869e-04 2.941e-01
47.050232 -2.817e+00 2.979e-01 1.652e-03 -7.327e-06 -7.327e-06 -7.327e-03 -8.547e-06 -8.547e-06 1.961e-02
47.060234 -2.778e+00 2.930e-01 1.591e-03 -2.998e-04 -2.998e-04 -2.998e-01 -3.016e-04 -3.016e-04 -2.941e-01
47.070232 -2.734e+00 2.930e-01 1.477e-03 -4.777e-04 -4.777e-04 -4.777e-01 -4.799e-04 -4.799e-04 -4.510e-01
47.080235 -2.715e+00 2.832e-01 1.348e-03 -4.732e-04 -4.732e-04 -4.732e-01 -4.750e-04 -4.750e-04 -4.510e-01
47.090233 -2.700e+00 2.637e-01 1.237e-03 -2.879e-04 -2.879e-04 -2.879e-01 -2.894e-04 -2.894e-04 -2.549e-01
47.100235 -2.661e+00 2.734e-01 1.162e-03 7.423e-06 7.423e-06 7.423e-03 6.105e-06 6.105e-06 1.961e-02
47.110233 -2.627e+00 2.686e-01 1.156e-03 2.998e-04 2.998e-04 2.998e-01 2.991e-04 2.991e-04 3.333e-01
47.120235 -2.568e+00 2.881e-01 1.179e-03 4.778e-04 4.778e-04 4.778e-01 4.774e-04 4.774e-04 4.902e-01
47.130234 -2.520e+00 3.027e-01 1.220e-03 4.732e-04 4.732e-04 4.732e-01 4.725e-04 4.725e-04 4.902e-01
47.140236 -2.480e+00 3.125e-01 1.249e-03 2.878e-04 2.878e-04 2.878e-01 2.869e-04 2.869e-04 2.941e-01
47.150234 -2.437e+00 3.369e-01 1.220e-03 -7.399e-06 -7.399e-06 -7.399e-03 -8.547e-06 -8.547e-06 1.961e-02
47.160236 -2.412e+00 3.271e-01 1.141e-03 -2.999e-04 -2.999e-04 -2.999e-01 -3.016e-04 -3.016e-04 -2.941e-01
47.170235 -2.402e+00 3.076e-01 1.036e-03 -4.778e-04 -4.778e-04 -4.778e-01 -4.799e-04 -4.799e-04 -4.510e-01
47.180233 -2.397e+00 2.686e-01 9.018e-04 -4.732e-04 -4.732e-04 -4.732e-01 -4.750e-04 -4.750e-04 -4.510e-01
47.190235 -2.422e+00 2.344e-01 7.939e-04 -2.879e-04 -2.879e-04 -2.879e-01 -2.894e-04 -2.894e-04 -2.549e-01
47.200233 -2.407e+00 2.246e-01 7.296e-04 7.375e-06 7.375e-06 7.375e-03 6.105e-06 6.105e-06 1.961e-02
47.210232 -2.407e+00 1.904e-01 7.355e-04 2.998e-04 2.998e-04 2.998e-01 2.991e-04 2.991e-04 3.333e-01
47.220234 -2.397e+00 1.904e-01 7.822e-04 4.778e-04 4.778e-04 4.778e-01 4.774e-04 4.774e-04 4.902e-01
47.230236 -2.378e+00 1.953e-01 8.406e-04 4.732e-04 4.732e-04 4.732e-01 4.725e-04 4.725e-04 4.902e-01
47.240234 -2.378e+00 1.807e-01 8.873e-04 2.879e-04 2.879e-04 2.879e-01 2.869e-04 2.869e-04 2.941e-01
47.250237 -2.368e+00 1.855e-01 8.843e-04 -7.471e-06 -7.471e-06 -7.471e-03 -8.547e-06 -8.547e-06 1.961e-02
47.260235 -2.393e+00 1.660e-01 8.289e-04 -2.999e-04 -2.999e-04 -2.999e-01 -3.016e-04 -3.016e-04 -2.941e-01
47.270233 -2.422e+00 1.367e-01 7.355e-04 -4.778e-04 -4.778e-04 -4.778e-01 -4.799e-04 -4.799e-04 -4.510e-01
47.280235 -2.466e+00 8.301e-02 6.421e-04 -4.732e-04 -4.732e-04 -4.732e-01 -4.750e-04 -4.750e-04 -4.510e-01
47.290234 -2.515e+00 3.418e-02 5.633e-04 -2.879e-04 -2.879e-04 -2.879e-01 -2.894e-04 -2.894e-04 -2.549e-01
47.300232 -2.554e+00 0.000e+00 5.487e-04 7.327e-06 7.327e-06 7.327e-03 6.105e-06 6.105e-06 1.961e-02
47.310234 -2.593e+00 -2.930e-02 5.779e-04 2.998e-04 2.998e-04 2.998e-01 2.991e-04 2.991e-04 3.333e-01
47.320232 -2.612e+00 -4.395e-02 6.654e-04 4.777e-04 4.777e-04 4.777e-01 4.774e-04 4.774e-04 4.902e-01
47.330235 -2.642e+00 -4.395e-02 7.618e-04 4.732e-04 4.732e-04 4.732e-01 4.725e-04 4.725e-04 4.902e-01
47.340233 -2.666e+00 -5.859e-02 8.551e-04 2.879e-04 2.879e-04 2.879e-01 2.869e-04 2.869e-04 2.941e-01
47.350235 -2.700e+00 -5.859e-02 8.814e-04 -7.423e-06 -7.423e-06 -7.423e-03 -8.547e-06 -8.547e-06 1.961e-02
47.360233 -2.764e+00 -8.301e-02 8.639e-04 -2.998e-04 -2.998e-04 -2.998e-01 -3.016e-04 -3.016e-04 -2.941e-01
47.370232 -2.817e+00 -1.123e-01 8.172e-04 -4.777e-04 -4.777e-04 -4.777e-01 -4.799e-04 -4.799e-04 -4.510e-01
47.380234 -2.881e+00 -1.562e-01 7.618e-04 -4.732e-04 -4.732e-04 -4.732e-01 -4.750e-04 -4.750e-04 -4.510e-01
47.390236 -2.949e+00 -2.051e-01 7.296e-04 -2.878e-04 -2.878e-04 -2.878e-01 -2.894e-04 -2.894e-04 -2.549e-01
47.400234 -2.988e+00 -2.393e-01 7.530e-04 7.399e-06 7.399e-06 7.399e-03 6.105e-06 6.105e-06 1.961e-02
47.410233 -3.076e+00 -2.588e-01 8.260e-04 2.998e-04 2.998e-04 2.998e-01 2.991e-04 2.991e-04 3.333e-01
47.420235 -3.105e+00 -2.637e-01 9.427e-04 4.778e-04 4.778e-04 4.778e-01 4.774e-04 4.774e-04 4.902e-01
47.430233 -3.145e+00 -2.539e-01 1.071e-03 4.732e-04 4.732e-04 4.732e-01 4.725e-04 4.725e-04 4.902e-01
47.440231 -3.179e+00 -2.344e-01 1.167e-03 2.879e-04 2.879e-04 2.879e-01 2.869e-04 2.869e-04 2.941e-01
47.450233 -3.218e+00 -2.295e-01 1.240e-03 -7.376e-06 -7.376e-06 -7.376e-03 -8.547e-06 -8.547e-06 1.961e-02
47.460236 -3.257e+00 -2.393e-01 1.255e-03 -2.999e-04 -2.999e-04 -2.999e-01 -3.016e-04 -3.016e-04 -2.941e-01
47.470234 -3.315e+00 -2.588e-01 1.232e-03 -4.778e-04 -4.778e-04 -4.778e-01 -4.799e-04 -4.799e-04 -4.510e-01
47.480236 -3.369e+00 -2.832e-01 1.191e-03 -4.732e-04 -4.732e-04 -4.732e-01 -4.750e-04 -4.750e-04 -4.510e-01
47.490234 -3.433e+00 -3.223e-01 1.191e-03 -2.879e-04 -2.879e-04 -2.879e-01 -2.894e-04 -2.894e-04 -2.549e-01
47.500233 -3.472e+00 -3.271e-01 1.214e-03 7.352e-06 7.352e-06 7.352e-03 6.105e-06 6.105e-06 1.961e-02
47.510235 -3.525e+00 -3.223e-01 1.296e-03 2.999e-04 2.999e-04 2.999e-01 2.991e-04 2.991e-04 3.333e-01
47.520233 -3.540e+00 -3.076e-01 1.418e-03 4.778e-04 4.778e-04 4.778e-01 4.774e-04 4.774e-04 4.902e-01
47.530235 -3.540e+00 -2.832e-01 1.559e-03 4.732e-04 4.732e-04 4.732e-01 4.725e-04 4.725e-04 4.902e-01
47.540234 -3.545e+00 -2.393e-01 1.658e-03 2.879e-04 2.879e-04 2.879e-01 2.869e-04 2.869e-04 2.941e-01
47.550236 -3.560e+00 -2.197e-01 1.737e-03 -7.448e-06 -7.448e-06 -7.448e-03 -8.547e-06 -8.547e-06 1.961e-02
47.560234 -3.569e+00 -2.100e-01 1.742e-03 -2.998e-04 -2.998e-04 -2.998e-01 -3.016e-04 -3.016e-04 -2.941e-01
47.570236 -3.584e+00 -2.002e-01 1.704e-03 -4.778e-04 -4.778e-04 -4.778e-01 -4.799e-04 -4.799e-04 -4.510e-01
47.580235 -3.604e+00 -2.100e-01 1.652e-03 -4.732e-04 -4.732e-04 -4.732e-01 -4.750e-04 -4.750e-04 -4.510e-01
47.590233 -3.633e+00 -2.051e-01 1.614e-03 -2.879e-04 -2.879e-04 -2.879e-01 -2.894e-04 -2.894e-04 -2.549e-01
47.600235 -3.623e+00 -1.953e-01 1.631e-03 7.424e-06 7.424e-06 7.424e-03 6.105e-06 6.105e-06 1.961e-02
47.610233 -3.628e+00 -1.758e-01 1.684e-03 2.998e-04 2.998e-04 2.998e-01 2.991e-04 2.991e-04 3.333e-01
47.620232 -3.594e+00 -1.416e-01 1.789e-03 4.777e-04 4.777e-04 4.777e-01 4.774e-04 4.774e-04 4.902e-01
47.630234 -3.555e+00 -9.277e-02 1.894e-03 4.732e-04 4.732e-04 4.732e-01 4.725e-04 4.725e-04 4.902e-01
47.640236 -3.511e+00 -4.883e-02 1.964e-03 2.878e-04 2.878e-04 2.878e-01 2.869e-04 2.869e-04 2.941e-01
47.650234 -3.467e+00 -4.883e-03 2.002e-03 -7.400e-06 -7.400e-06 -7.400e-03 -8.547e-06 -8.547e-06 1.961e-02
47.660233 -3.442e+00 1.465e-02 1.985e-03 -2.998e-04 -2.998e-04 -2.998e-01 -3.016e-04 -3.016e-04 -2.941e-01
47.670235 -3.408e+00 3.418e-02 1.909e-03 -4.778e-04 -4.778e-04 -4.778e-01 -4.799e-04 -4.799e-04 -4.510e-01
47.680233 -3.389e+00 4.395e-02 1.812e-03 -4.732e-04 -4.732e-04 -4.732e-01 -4.750e-04 -4.750e-04 -4.510e-01
47.690235 -3.379e+00 4.395e-02 1.737e-03 -2.879e-04 -2.879e-04 -2.879e-01 -2.894e-04 -2.894e-04 -2.549e-01
47.700233 -3.325e+00 6.348e-02 1.713e-03 7.376e-06 7.376e-06 7.376e-03 6.105e-06 6.105e-06 1.961e-02
47.710236 -3.286e+00 8.301e-02 1.728e-03 2.999e-04 2.999e-04 2.999e-01 2.991e-04 2.991e-04 3.333e-01
47.720234 -3.228e+00 1.221e-01 1.783e-03 4.778e-04 4.778e-04 4.778e-01 4.774e-04 4.774e-04 4.902e-01
47.730236 -3.164e+00 1.758e-01 1.842e-03 4.732e-04 4.732e-04 4.732e-01 4.725e-04 4.725e-04 4.902e-01
47.740234 -3.086e+00 2.148e-01 1.885e-03 2.879e-04 2.879e-04 2.879e-01 2.869e-04 2.869e-04 2.941e-01
47.750233 -3.003e+00 2.539e-01 1.877e-03 -7.352e-06 -7.352e-06 -7.352e-03 -8.547e-06 -8.547e-06 1.961e-02
47.760235 -2.959e+00 2.734e-01 1.801e-03 -2.999e-04 -2.999e-04 -2.999e-01 -3.016e-04 -3.016e-04 -2.941e-01
47.770233 -2.910e+00 2.881e-01 1.687e-03 -4.778e-04 -4.778e-04 -4.778e-01 -4.799e-04 -4.799e-04 -4.510e-01
47.780235 -2.876e+00 2.979e-01 1.550e-03 -4.732e-04 -4.732e-04 -4.732e-01 -4.750e-04 -4.750e-04 -4.510e-01
47.790234 -2.832e+00 2.783e-01 1.436e-03 -2.879e-04 -2.879e-04 -2.879e-01 -2.894e-04 -2.894e-04 -2.549e-01
47.800236 -2.783e+00 2.832e-01 1.378e-03 7.448e-06 7.448e-06 7.448e-03 6.105e-06 6.105e-06 1.961e-02
47.810234 -2.739e+00 2.881e-01 1.354e-03 2.998e-04 2.998e-04 2.998e-01 2.991e-04 2.991e-04 3.333e-01
47.820232 -2.671e+00 3.125e-01 1.380e-03 4.777e-04 4.777e-04 4.777e-01 4.774e-04 4.774e-04 4.902e-01
47.830235 -2.598e+00 3.467e-01 1.418e-03 4.732e-04 4.732e-04 4.732e-01 4.725e-04 4.725e-04 4.902e-01
47.840233 -2.539e+00 3.711e-01 1.430e-03 2.879e-04 2.879e-04 2.879e-01 2.869e-04 2.869e-04 2.941e-01
47.850235 -2.480e+00 4.053e-01 1.386e-03 -7.424e-06 -7.424e-06 -7.424e-03 -8.547e-06 -8.547e-06 1.961e-02
47.860233 -2.437e+00 3.955e-01 1.305e-03 -2.998e-04 -2.998e-04 -2.998e-01 -3.016e-04 -3.016e-04 -2.941e-01
47.870232 -2.402e+00 3.857e-01 1.170e-03 -4.777e-04 -4.777e-04 -4.777e-01 -4.799e-04 -4.799e-04 -4.510e-01
47.880234 -2.388e+00 3.613e-01 1.027e-03 -4.732e-04 -4.732e-04 -4.732e-01 -4.750e-04 -4.750e-04 -4.510e-01
47.890232 -2.378e+00 3.271e-01 9.077e-04 -2.879e-04 -2.879e-04 -2.879e-01 -2.894e-04 -2.894e-04 -2.549e-01
47.900234 -2.358e+00 3.125e-01 8.406e-04 7.400e-06 7.400e-06 7.400e-03 6.105e-06 6.105e-06 1.961e-02
47.910233 -2.324e+00 2.783e-01 8.289e-04 2.998e-04 2.998e-04 2.998e-01 2.991e-04 2.991e-04 3.333e-01
47.920235 -2.305e+00 2.930e-01 8.522e-04 4.778e-04 4.778e-04 4.778e-01 4.774e-04 4.774e-04 4.902e-01
47.930233 -2.280e+00 3.076e-01 8.843e-04 4.732e-04 4.732e-04 4.732e-01 4.725e-04 4.725e-04 4.902e-01
47.940235 -2.251e+00 3.223e-01 8.960e-04 2.879e-04 2.879e-04 2.879e-01 2.869e-04 2.869e-04 2.941e-01
47.950233 -2.241e+00 3.320e-01 8.639e-04 -7.376e-06 -7.376e-06 -7.376e-03 -8.547e-06 -8.547e-06 1.961e-02
47.960232 -2.251e+00 2.832e-01 8.172e-04 -2.998e-04 -2.998e-04 -2.998e-01 -3.016e-04 -3.016e-04 -2.941e-01
47.970234 -2.241e+00 2.539e-01 7.092e-04 -4.778e-04 -4.778e-04 -4.778e-01 -4.799e-04 -4.799e-04 -4.510e-01
47.980236 -2.275e+00 2.002e-01 5.983e-04 -4.732e-04 -4.732e-04 -4.732e-01 -4.750e-04 -4.750e-04 -4.510e-01
47.990234 -2.305e+00 1.465e-01 5.078e-04 -2.879e-04 -2.879e-04 -2.879e-01 -2.894e-04 -2.894e-04 -2.549e-01
48.000233 -2.358e+00 1.172e-01 4.670e-04 7.352e-06 7.352e-06 7.352e-03 6.105e-06 6.105e-06 1.961e-02
48.010235 -2.383e+00 7.324e-02 4.903e-04 2.999e-04 2.999e-04 2.999e-01 2.991e-04 2.991e-04 3.333e-01
48.020233 -2.397e+00 5.859e-02 5.487e-04 4.778e-04 4.778e-04 4.778e-01 4.774e-04 4.774e-04 4.902e-01
48.030235 -2.417e+00 6.348e-02 6.217e-04 4.732e-04 4.732e-04 4.732e-01 4.725e-04 4.725e-04 4.902e-01
48.040234 -2.437e+00 4.883e-02 6.946e-04 2.879e-04 2.879e-04 2.879e-01 2.869e-04 2.869e-04 2.941e-01
48.050236 -2.461e+00 3.418e-02 7.267e-04 -7.448e-06 -7.448e-06 -7.448e-03 -8.547e-06 -8.547e-06 1.961e-02
48.060234 -2.524e+00 9.766e-03 6.859e-04 -2.998e-04 -2.998e-04 -2.998e-01 -3.016e-04 -3.016e-04 -2.941e-01
48.070232 -2.578e+00 -4.395e-02 6.392e-04 -4.777e-04 -4.777e-04 -4.777e-01 -4.799e-04 -4.799e-04 -4.510e-01
48.080235 -2.651e+00 -9.277e-02 5.662e-04 -4.732e-04 -4.732e-04 -4.732e-01 -4.750e-04 -4.750e-04 -4.510e-01
48.090233 -2.729e+00 -1.465e-01 5.224e-04 -2.879e-04 -2.879e-04 -2.879e-01 -2.894e-04 -2.894e-04 -2.549e-01
48.100235 -2.788e+00 -1.709e-01 5.166e-04 7.424e-06 7.424e-06 7.424e-03 6.105e-06 6.105e-06 1.961e-02
48.110233 -2.856e+00 -2.246e-01 5.983e-04 2.998e-04 2.998e-04 2.998e-01 2.991e-04 2.991e-04 3.333e-01
48.120235 -2.896e+00 -2.246e-01 7.092e-04 4.778e-04 4.778e-04 4.778e-01 4.774e-04 4.774e-04 4.902e-01
48.130234 -2.939e+00 -2.295e-01 8.376e-04 4.732e-04 4.732e-04 4.732e-01 4.725e-04 4.725e-04 4.902e-01
48.140236 -3.003e+00 -2.295e-01 9.456e-04 2.878e-04 2.878e-04 2.878e-01 2.869e-04 2.869e-04 2.941e-01
48.150234 -3.047e+00 -2.393e-01 1.030e-03 -7.400e-06 -7.400e-06 -7.400e-03 -8.547e-06 -8.547e-06 1.961e-02
48.160236 -3.120e+00 -2.637e-01 1.039e-03 -2.999e-04 -2.999e-04 -2.999e-01 -3.016e-04 -3.016e-04 -2.941e-01
48.170235 -3.184e+00 -2.734e-01 1.001e-03 -4.778e-04 -4.778e-04 -4.778e-01 -4.799e-04 -4.799e-04 -4.510e-01
48.180233 -3.267e+00 -3.174e-01 9.748e-04 -4.732e-04 -4.732e-04 -4.732e-01 -4.750e-04 -4.750e-04 -4.510e-01
48.190235 -3.345e+00 -3.564e-01 9.661e-04 -2.879e-04 -2.879e-04 -2.879e-01 -2.894e-04 -2.894e-04 -2.549e-01
48.200233 -3.389e+00 -3.711e-01 1.007e-03 7.376e-06 7.376e-06 7.376e-03 6.105e-06 6.105e-06 1.961e-02
48.210232 -3.447e+00 -3.955e-01 1.109e-03 2.998e-04 2.998e-04 2.998e-01 2.991e-04 2.991e-04 3.333e-01
48.220234 -3.491e+00 -3.711e-01 1.237e-03 4.778e-04 4.778e-04 4.778e-01 4.774e-04 4.774e-04 4.902e-01
48.230232 -3.530e+00 -3.516e-01 1.389e-03 4.732e-04 4.732e-04 4.732e-01 4.725e-04 4.725e-04 4.902e-01
48.240234 -3.564e+00 -3.369e-01 1.515e-03 2.879e-04 2.879e-04 2.879e-01 2.869e-04 2.869e-04 2.941e-01
48.250233 -3.594e+00 -2.930e-01 1.585e-03 -7.352e-06 -7.352e-06 -7.352e-03 -8.547e-06 -8.547e-06 1.961e-02
48.260235 -3.608e+00 -3.125e-01 1.626e-03 -2.999e-04 -2.999e-04 -2.999e-01 -3.016e-04 -3.016e-04 -2.941e-01
48.270233 -3.647e+00 -3.027e-01 1.599e-03 -4.778e-04 -4.778e-04 -4.778e-01 -4.799e-04 -4.799e-04 -4.510e-01
48.280235 -3.687e+00 -3.125e-01 1.564e-03 -4.732e-04 -4.732e-04 -4.732e-01 -4.750e-04 -4.750e-04 -4.510e-01
48.290234 -3.735e+00 -3.223e-01 1.550e-03 -2.879e-04 -2.879e-04 -2.879e-01 -2.894e-04 -2.894e-04 -2.549e-01
48.300232 -3.735e+00 -3.271e-01 1.599e-03 7.328e-06 7.328e-06 7.328e-03 6.105e-06 6.105e-06 1.961e-02
48.310234 -3.774e+00 -3.027e-01 1.661e-03 2.998e-04 2.998e-04 2.998e-01 2.991e-04 2.991e-04 3.333e-01
48.320232 -3.760e+00 -2.637e-01 1.783e-03 4.777e-04 4.777e-04 4.777e-01 4.774e-04 4.774e-04 4.902e-01
48.330235 -3.735e+00 -2.148e-01 1.906e-03 4.732e-04 4.732e-04 4.732e-01 4.725e-04 4.725e-04 4.902e-01
48.340233 -3.716e+00 -1.758e-01 2.014e-03 2.879e-04 2.879e-04 2.879e-01 2.869e-04 2.869e-04 2.941e-01
48.350235 -3.672e+00 -1.318e-01 2.061e-03 -7.424e-06 -7.424e-06 -7.424e-03 -8.547e-06 -8.547e-06 1.961e-02
48.360233 -3.662e+00 -1.025e-01 2.052e-03 -2.998e-04 -2.998e-04 -2.998e-01 -3.016e-04 -3.016e-04 -2.941e-01
48.370235 -3.647e+00 -8.301e-02 2.002e-03 -4.778e-04 -4.778e-04 -4.778e-01 -4.799e-04 -4.799e-04 -4.510e-01
48.380234 -3.633e+00 -7.812e-02 1.932e-03 -4.732e-04 -4.732e-04 -4.732e-01 -4.750e-04 -4.750e-04 -4.510e-01
48.390232 -3.623e+00 -6.836e-02 1.874e-03 -2.879e-04 -2.879e-04 -2.879e-01 -2.894e-04 -2.894e-04 -2.549e-01
48.400234 -3.579e+00 -4.883e-02 1.859e-03 7.400e-06 7.400e-06 7.400e-03 6.105e-06 6.105e-06 1.961e-02
48.410233 -3.535e+00 -1.953e-02 1.897e-03 2.998e-04 2.998e-04 2.998e-01 2.991e-04 2.991e-04 3.333e-01
48.420235 -3.481e+00 3.418e-02 1.958e-03 4.778e-04 4.778e-04 4.778e-01 4.774e-04 4.774e-04 4.902e-01
48.430233 -3.418e+00 8.301e-02 2.040e-03 4.732e-04 4.732e-04 4.732e-01 4.725e-04 4.725e-04 4.902e-01
48.440235 -3.345e+00 1.318e-01 2.096e-03 2.878e-04 2.878e-04 2.878e-01 2.869e-04 2.869e-04 2.941e-01
48.450233 -3.262e+00 1.855e-01 2.093e-03 -7.376e-06 -7.376e-06 -7.376e-03 -8.547e-06 -8.547e-06 1.961e-02
48.460236 -3.218e+00 2.197e-01 2.031e-03 -2.999e-04 -2.999e-04 -2.999e-01 -3.016e-04 -3.016e-04 -2.941e-01
48.470234 -3.154e+00 2.441e-01 1.920e-03 -4.778e-04 -4.778e-04 -4.778e-01 -4.799e-04 -4.799e-04 -4.510e-01
48.480232 -3.110e+00 2.393e-01 1.801e-03 -4.732e-04 -4.732e-04 -4.732e-01 -4.750e-04 -4.750e-04 -4.510e-01
48.490234 -3.062e+00 2.539e-01 1.684e-03 -2.879e-04 -2.879e-04 -2.879e-01 -2.894e-04 -2.894e-04 -2.549e-01
48.500233 -2.993e+00 2.686e-01 1.623e-03 7.353e-06 7.353e-06 7.353e-03 6.105e-06 6.105e-06 1.961e-02
48.510235 -2.939e+00 2.832e-01 1.608e-03 2.999e-04 2.999e-04 2.999e-01 2.991e-04 2.991e-04 3.333e-01
48.520233 -2.852e+00 3.223e-01 1.634e-03 4.778e-04 4.778e-04 4.778e-01 4.774e-04 4.774e-04 4.902e-01
48.530235 -2.769e+00 3.613e-01 1.669e-03 4.732e-04 4.732e-04 4.732e-01 4.725e-04 4.725e-04 4.902e-01
48.540234 -2.681e+00 3.955e-01 1.672e-03 2.879e-04 2.879e-04 2.879e-01 2.869e-04 2.869e-04 2.941e-01
48.550236 -2.593e+00 4.346e-01 1.634e-03 -7.448e-06 -7.448e-06 -7.448e-03 -8.547e-06 -8.547e-06 1.961e-02
48.560234 -2.544e+00 4.395e-01 1.541e-03 -2.998e-04 -2.998e-04 -2.998e-01 -3.016e-04 -3.016e-04 -2.941e-01
48.570236 -2.490e+00 4.443e-01 1.386e-03 -4.778e-04 -4.778e-04 -4.778e-01 -4.799e-04 -4.799e-04 -4.510e-01
48.580235 -2.446e+00 4.248e-01 1.229e-03 -4.732e-04 -4.732e-04 -4.732e-01 -4.750e-04 -4.750e-04 -4.510e-01
48.590233 -2.412e+00 4.053e-01 1.109e-03 -2.879e-04 -2.879e-04 -2.879e-01 -2.894e-04 -2.894e-04 -2.549e-01
48.600235 -2.358e+00 3.955e-01 1.019e-03 7.424e-06 7.424e-06 7.424e-03 6.105e-06 6.105e-06 1.961e-02
48.610233 -2.329e+00 3.809e-01 9.952e-04 2.998e-04 2.998e-04 2.998e-01 2.991e-04 2.991e-04 3.333e-01
48.620235 -2.271e+00 4.004e-01 1.004e-03 4.778e-04 4.778e-04 4.778e-01 4.774e-04 4.774e-04 4.902e-01
48.630234 -2.222e+00 4.150e-01 1.022e-03 4.732e-04 4.732e-04 4.732e-01 4.725e-04 4.725e-04 4.902e-01
48.640232 -2.173e+00 4.297e-01 1.022e-03 2.879e-04 2.879e-04 2.879e-01 2.869e-04 2.869e-04 2.941e-01
48.650234 -2.129e+00 4.346e-01 9.748e-04 -7.401e-06 -7.401e-06 -7.401e-03 -8.547e-06 -8.547e-06 1.961e-02
48.660233 -2.109e+00 4.053e-01 8.843e-04 -2.998e-04 -2.998e-04 -2.998e-01 -3.016e-04 -3.016e-04 -2.941e-01
48.670235 -2.109e+00 3.809e-01 7.588e-04 -4.778e-04 -4.778e-04 -4.778e-01 -4.799e-04 -4.799e-04 -4.510e-01
48.680233 -2.119e+00 3.320e-01 6.246e-04 -4.732e-04 -4.732e-04 -4.732e-01 -4.750e-04 -4.750e-04 -4.510e-01
48.690235 -2.139e+00 2.832e-01 5.166e-04 -2.878e-04 -2.878e-04 -2.878e-01 -2.894e-04 -2.894e-04 -2.549e-01
48.700233 -2.148e+00 2.490e-01 4.465e-04 7.377e-06 7.377e-06 7.377e-03 6.105e-06 6.105e-06 1.961e-02
48.710236 -2.173e+00 2.197e-01 4.378e-04 2.999e-04 2.999e-04 2.999e-01 2.991e-04 2.991e-04 3.333e-01
48.720234 -2.168e+00 2.100e-01 4.757e-04 4.778e-04 4.778e-04 4.778e-01 4.774e-04 4.774e-04 4.902e-01
48.730232 -2.168e+00 1.953e-01 5.399e-04 4.732e-04 4.732e-04 4.732e-01 4.725e-04 4.725e-04 4.902e-01
48.740234 -2.178e+00 1.709e-01 5.925e-04 2.879e-04 2.879e-04 2.879e-01 2.869e-04 2.869e-04 2.941e-01
48.750233 -2.202e+00 1.660e-01 5.896e-04 -7.353e-06 -7.353e-06 -7.353e-03 -8.547e-06 -8.547e-06 1.961e-02
48.760235 -2.251e+00 1.270e-01 5.429e-04 -2.999e-04 -2.999e-04 -2.999e-01 -3.016e-04 -3.016e-04 -2.941e-01
48.770233 -2.290e+00 7.812e-02 4.699e-04 -4.778e-04 -4.778e-04 -4.778e-01 -4.799e-04 -4.799e-04 -4.510e-01
48.780235 -2.368e+00 1.465e-02 3.882e-04 -4.732e-04 -4.732e-04 -4.732e-01 -4.750e-04 -4.750e-04 -4.510e-01
48.790234 -2.446e+00 -3.906e-02 3.181e-04 -2.879e-04 -2.879e-04 -2.879e-01 -2.894e-04 -2.894e-04 -2.549e-01
48.800236 -2.510e+00 -8.301e-02 3.123e-04 7.449e-06 7.449e-06 7.449e-03 6.105e-06 6.105e-06 1.961e-02
48.810234 -2.573e+00 -1.318e-01 3.707e-04 2.998e-04 2.998e-04 2.998e-01 2.991e-04 2.991e-04 3.333e-01
48.820232 -2.622e+00 -1.465e-01 4.611e-04 4.777e-04 4.777e-04 4.777e-01 4.774e-04 4.774e-04 4.902e-01
48.830235 -2.681e+00 -1.660e-01 5.866e-04 4.732e-04 4.732e-04 4.732e-01 4.725e-04 4.725e-04 4.902e-01
48.840233 -2.734e+00 -1.855e-01 6.946e-04 2.879e-04 2.879e-04 2.879e-01 2.869e-04 2.869e-04 2.941e-01
48.850235 -2.793e+00 -2.002e-01 7.559e-04 -7.425e-06 -7.425e-06 -7.425e-03 -8.547e-06 -8.547e-06 1.961e-02
48.860233 -2.871e+00 -2.295e-01 7.647e-04 -2.998e-04 -2.998e-04 -2.998e-01 -3.016e-04 -3.016e-04 -2.941e-01
48.870232 -2.949e+00 -2.539e-01 7.296e-04 -4.777e-04 -4.777e-04 -4.777e-01 -4.799e-04 -4.799e-04 -4.510e-01
48.880234 -3.047e+00 -3.027e-01 6.917e-04 -4.732e-04 -4.732e-04 -4.732e-01 -4.750e-04 -4.750e-04 -4.510e-01
48.890236 -3.145e+00 -3.662e-01 6.975e-04 -2.878e-04 -2.878e-04 -2.878e-01 -2.894e-04 -2.894e-04 -2.549e-01
48.900234 -3.223e+00 -3.906e-01 7.355e-04 7.401e-06 7.401e-06 7.401e-03 6.105e-06 6.105e-06 1.961e-02
48.910233 -3.315e+00 -4.199e-01 8.406e-04 2.998e-04 2.998e-04 2.998e-01 2.991e-04 2.991e-04 3.333e-01
48.920235 -3.354e+00 -4.199e-01 9.806e-04 4.778e-04 4.778e-04 4.778e-01 4.774e-04 4.774e-04 4.902e-01
48.930233 -3.413e+00 -4.150e-01 1.144e-03 4.732e-04 4.732e-04 4.732e-01 4.725e-04 4.725e-04 4.902e-01
48.940235 -3.457e+00 -4.004e-01 1.275e-03 2.878e-04 2.878e-04 2.878e-01 2.869e-04 2.869e-04 2.941e-01
48.950233 -3.516e+00 -3.711e-01 1.354e-03 -7.377e-06 -7.377e-06 -7.377e-03 -8.547e-06 -8.547e-06 1.961e-02
48.960236 -3.574e+00 -3.955e-01 1.407e-03 -2.999e-04 -2.999e-04 -2.999e-01 -3.016e-04 -3.016e-04 -2.941e-01
48.970234 -3.638e+00 -3.955e-01 1.398e-03 -4.778e-04 -4.778e-04 -4.778e-01 -4.799e-04 -4.799e-04 -4.510e-01
48.980232 -3.706e+00 -4.199e-01 1.386e-03 -4.732e-04 -4.732e-04 -4.732e-01 -4.750e-04 -4.750e-04 -4.510e-01
48.990234 -3.765e+00 -4.395e-01 1.395e-03 -2.879e-04 -2.879e-04 -2.879e-01 -2.894e-04 -2.894e-04 -2.549e-01
49.000233 -3.799e+00 -4.346e-01 1.439e-03 7.353e-06 7.353e-06 7.353e-03 6.105e-06 6.105e-06 1.961e-02
49.010235 -3.853e+00 -4.297e-01 1.538e-03 2.999e-04 2.999e-04 2.999e-01 2.991e-04 2.991e-04 3.333e-01
49.020233 -3.867e+00 -4.053e-01 1.687e-03 4.778e-04 4.778e-04 4.778e-01 4.774e-04 4.774e-04 4.902e-01
49.030235 -3.877e+00 -3.662e-01 1.845e-03 4.732e-04 4.732e-04 4.732e-01 4.725e-04 4.725e-04 4.902e-01
49.040234 -3.882e+00 -3.174e-01 1.961e-03 2.879e-04 2.879e-04 2.879e-01 2.869e-04 2.869e-04 2.941e-01
49.050232 -3.867e+00 -2.783e-01 2.037e-03 -7.329e-06 -7.329e-06 -7.329e-03 -8.547e-06 -8.547e-06 1.961e-02
49.060234 -3.882e+00 -2.393e-01 2.043e-03 -2.998e-04 -2.998e-04 -2.998e-01 -3.016e-04 -3.016e-04 -2.941e-01
49.070232 -3.862e+00 -2.295e-01 2.023e-03 -4.777e-04 -4.777e-04 -4.777e-01 -4.799e-04 -4.799e-04 -4.510e-01
49.080235 -3.862e+00 -2.246e-01 1.982e-03 -4.732e-04 -4.732e-04 -4.732e-01 -4.750e-04 -4.750e-04 -4.510e-01
49.090233 -3.872e+00 -2.197e-01 1.955e-03 -2.879e-04 -2.879e-04 -2.879e-01 -2.894e-04 -2.894e-04 -2.549e-01
49.100235 -3.857e+00 -1.904e-01 1.958e-03 7.425e-06 7.425e-06 7.425e-03 6.105e-06 6.105e-06 1.961e-02
49.110233 -3.838e+00 -1.611e-01 2.017e-03 2.998e-04 2.998e-04 2.998e-01 2.991e-04 2.991e-04 3.333e-01
49.120235 -3.784e+00 -1.025e-01 2.107e-03 4.778e-04 4.778e-04 4.778e-01 4.774e-04 4.774e-04 4.902e-01
49.130234 -3.730e+00 -4.395e-02 2.204e-03 4.732e-04 4.732e-04 4.732e-01 4.725e-04 4.725e-04 4.902e-01
49.140236 -3.662e+00 3.418e-02 2.262e-03 2.878e-04 2.878e-04 2.878e-01 2.869e-04 2.869e-04 2.941e-01
49.150234 -3.579e+00 7.324e-02 2.297e-03 -7.401e-06 -7.401e-06 -7.401e-03 -8.547e-06 -8.547e-06 1.961e-02
49.160233 -3.516e+00 1.074e-01 2.253e-03 -2.998e-04 -2.998e-04 -2.998e-01 -3.016e-04 -3.016e-04 -2.941e-01
49.170235 -3.467e+00 1.416e-01 2.163e-03 -4.778e-04 -4.778e-04 -4.778e-01 -4.799e-04 -4.799e-04 -4.510e-01
49.180233 -3.418e+00 1.514e-01 2.055e-03 -4.732e-04 -4.732e-04 -4.732e-01 -4.750e-04 -4.750e-04 -4.510e-01
49.190235 -3.369e+00 1.709e-01 1.970e-03 -2.878e-04 -2.878e-04 -2.878e-01 -2.894e-04 -2.894e-04 -2.549e-01
49.200233 -3.291e+00 1.953e-01 1.912e-03 7.377e-06 7.377e-06 7.377e-03 6.105e-06 6.105e-06 1.961e-02
49.210232 -3.232e+00 2.441e-01 1.885e-03 2.998e-04 2.998e-04 2.998e-01 2.991e-04 2.991e-04 3.333e-01
49.220234 -3.130e+00 2.881e-01 1.923e-03 4.778e-04 4.778e-04 4.778e-01 4.774e-04 4.774e-04 4.902e-01
49.230236 -3.022e+00 3.271e-01 1.964e-03 4.732e-04 4.732e-04 4.732e-01 4.725e-04 4.725e-04 4.902e-01
49.240234 -2.925e+00 3.857e-01 1.973e-03 2.879e-04 2.879e-04 2.879e-01 2.869e-04 2.869e-04 2.941e-01
49.250233 -2.827e+00 4.248e-01 1.941e-03 -7.353e-06 -7.353e-06 -7.353e-03 -8.547e-06 -8.547e-06 1.961e-02
49.260235 -2.764e+00 4.541e-01 1.845e-03 -2.999e-04 -2.999e-04 -2.999e-01 -3.016e-04 -3.016e-04 -2.941e-01
49.270233 -2.676e+00 4.736e-01 1.693e-03 -4.778e-04 -4.778e-04 -4.778e-01 -4.799e-04 -4.799e-04 -4.510e-01
49.280235 -2.617e+00 4.785e-01 1.526e-03 -4.732e-04 -4.732e-04 -4.732e-01 -4.750e-04 -4.750e-04 -4.510e-01
49.290234 -2.554e+00 4.688e-01 1.383e-03 -2.879e-04 -2.879e-04 -2.879e-01 -2.894e-04 -2.894e-04 -2.549e-01
49.300236 -2.480e+00 4.590e-01 1.287e-03 7.449e-06 7.449e-06 7.449e-03 6.105e-06 6.105e-06 1.961e-02
49.310234 -2.437e+00 4.688e-01 1.246e-03 2.998e-04 2.998e-04 2.998e-01 2.991e-04 2.991e-04 3.333e-01
49.320236 -2.334e+00 4.932e-01 1.240e-03 4.778e-04 4.778e-04 4.778e-01 4.774e-04 4.774e-04 4.902e-01
49.330235 -2.256e+00 5.029e-01 1.258e-03 4.732e-04 4.732e-04 4.732e-01 4.725e-04 4.725e-04 4.902e-01
49.340233 -2.188e+00 5.371e-01 1.240e-03 2.879e-04 2.879e-04 2.879e-01 2.869e-04 2.869e-04 2.941e-01
49.350235 -2.124e+00 5.518e-01 1.179e-03 -7.425e-06 -7.425e-06 -7.425e-03 -8.547e-06 -8.547e-06 1.961e-02
49.360233 -2.070e+00 5.371e-01 1.065e-03 -2.998e-04 -2.998e-04 -2.998e-01 -3.016e-04 -3.016e-04 -2.941e-01
49.370235 -2.031e+00 5.273e-01 9.106e-04 -4.778e-04 -4.778e-04 -4.778e-01 -4.799e-04 -4.799e-04 -4.510e-01
49.380234 -2.012e+00 4.834e-01 7.472e-04 -4.732e-04 -4.732e-04 -4.732e-01 -4.750e-04 -4.750e-04 -4.510e-01
49.390236 -2.002e+00 4.492e-01 6.071e-04 -2.878e-04 -2.878e-04 -2.878e-01 -2.894e-04 -2.894e-04 -2.549e-01
49.400234 -1.982e+00 4.102e-01 5.224e-04 7.401e-06 7.401e-06 7.401e-03 6.105e-06 6.105e-06 1.961e-02
49.410233 -1.992e+00 3.809e-01 4.962e-04 2.998e-04 2.998e-04 2.998e-01 2.991e-04 2.991e-04 3.333e-01
49.420235 -1.953e+00 3.662e-01 5.078e-04 4.778e-04 4.778e-04 4.778e-01 4.774e-04 4.774e-04 4.902e-01
49.430233 -1.953e+00 3.564e-01 5.458e-04 4.732e-04 4.732e-04 4.732e-01 4.725e-04 4.725e-04 4.902e-01
49.440235 -1.929e+00 3.516e-01 5.545e-04 2.878e-04 2.878e-04 2.878e-01 2.869e-04 2.869e-04 2.941e-01
49.450233 -1.919e+00 3.369e-01 5.312e-04 -7.377e-06 -7.377e-06 -7.377e-03 -8.547e-06 -8.547e-06 1.961e-02
49.460232 -1.982e+00 2.979e-01 4.524e-04 -2.998e-04 -2.998e-04 -2.998e-01 -3.016e-04 -3.016e-04 -2.941e-01
49.470234 -1.997e+00 2.441e-01 3.502e-04 -4.778e-04 -4.778e-04 -4.778e-01 -4.799e-04 -4.799e-04 -4.510e-01
49.480236 -2.036e+00 1.807e-01 2.393e-04 -4.732e-04 -4.732e-04 -4.732e-01 -4.750e-04 -4.750e-04 -4.510e-01
49.490234 -2.109e+00 1.123e-01 1.605e-04 -2.879e-04 -2.879e-04 -2.879e-01 -2.894e-04 -2.894e-04 -2.549e-01
49.500233 -2.173e+00 6.348e-02 1.284e-04 7.353e-06 7.353e-06 7.353e-03 6.105e-06 6.105e-06 1.961e-02
49.510235 -2.236e+00 9.766e-03 1.547e-04 2.999e-04 2.999e-04 2.999e-01 2.991e-04 2.991e-04 3.333e-01
49.520233 -2.271e+00 -1.953e-02 2.364e-04 4.778e-04 4.778e-04 4.778e-01 4.774e-04 4.774e-04 4.902e-01
49.530235 -2.329e+00 -5.859e-02 3.386e-04 4.732e-04 4.732e-04 4.732e-01 4.725e-04 4.725e-04 4.902e-01
49.540234 -2.383e+00 -6.348e-02 4.115e-04 2.879e-04 2.879e-04 2.879e-01 2.869e-04 2.869e-04 2.941e-01
49.550236 -2.437e+00 -9.766e-02 4.641e-04 -7.449e-06 -7.449e-06 -7.449e-03 -8.547e-06 -8.547e-06 1.961e-02
49.560234 -2.534e+00 -1.318e-01 4.524e-04 -2.998e-04 -2.998e-04 -2.998e-01 -3.016e-04 -3.016e-04 -2.941e-01
49.570232 -2.617e+00 -1.904e-01 4.232e-04 -4.777e-04 -4.777e-04 -4.777e-01 -4.799e-04 -4.799e-04 -4.510e-01
49.580235 -2.729e+00 -2.588e-01 3.853e-04 -4.732e-04 -4.732e-04 -4.732e-01 -4.750e-04 -4.750e-04 -4.510e-01
49.590233 -2.837e+00 -3.125e-01 3.677e-04 -2.879e-04 -2.879e-04 -2.879e-01 -2.894e-04 -2.894e-04 -2.549e-01
49.600235 -2.939e+00 -3.564e-01 4.057e-04 7.425e-06 7.425e-06 7.425e-03 6.105e-06 6.105e-06 1.961e-02
49.610233 -3.022e+00 -4.150e-01 5.049e-04 2.998e-04 2.998e-04 2.998e-01 2.991e-04 2.991e-04 3.333e-01
49.620232 -3.105e+00 -4.150e-01 6.421e-04 4.777e-04 4.777e-04 4.777e-01 4.774e-04 4.774e-04 4.902e-01
49.630234 -3.184e+00 -4.346e-01 8.085e-04 4.732e-04 4.732e-04 4.732e-01 4.725e-04 4.725e-04 4.902e-01
49.640236 -3.267e+00 -4.248e-01 9.427e-04 2.878e-04 2.878e-04 2.878e-01 2.869e-04 2.869e-04 2.941e-01
49.650234 -3.335e+00 -4.248e-01 1.045e-03 -7.401e-06 -7.401e-06 -7.401e-03 -8.547e-06 -8.547e-06 1.961e-02
49.660233 -3.418e+00 -4.492e-01 1.089e-03 -2.998e-04 -2.998e-04 -2.998e-01 -3.016e-04 -3.016e-04 -2.941e-01
49.670235 -3.516e+00 -4.736e-01 1.112e-03 -4.778e-04 -4.778e-04 -4.778e-01 -4.799e-04 -4.799e-04 -4.510e-01
49.680237 -3.613e+00 -5.078e-01 1.103e-03 -4.732e-04 -4.732e-04 -4.732e-01 -4.750e-04 -4.750e-04 -4.510e-01
49.690235 -3.701e+00 -5.371e-01 1.121e-03 -2.878e-04 -2.878e-04 -2.878e-01 -2.894e-04 -2.894e-04 -2.549e-01
49.700233 -3.774e+00 -5.469e-01 1.185e-03 7.378e-06 7.378e-06 7.378e-03 6.105e-06 6.105e-06 1.961e-02
49.710232 -3.857e+00 -5.469e-01 1.296e-03 2.998e-04 2.998e-04 2.998e-01 2.991e-04 2.991e-04 3.333e-01
49.720234 -3.896e+00 -5.322e-01 1.471e-03 4.778e-04 4.778e-04 4.778e-01 4.774e-04 4.774e-04 4.902e-01
49.730232 -3.931e+00 -5.176e-01 1.658e-03 4.732e-04 4.732e-04 4.732e-01 4.725e-04 4.725e-04 4.902e-01
49.740234 -3.955e+00 -4.834e-01 1.810e-03 2.879e-04 2.879e-04 2.879e-01 2.869e-04 2.869e-04 2.941e-01
49.750233 -3.975e+00 -4.443e-01 1.909e-03 -7.354e-06 -7.354e-06 -7.354e-03 -8.547e-06 -8.547e-06 1.961e-02
49.760235 -4.004e+00 -4.346e-01 1.955e-03 -2.999e-04 -2.999e-04 -2.999e-01 -3.016e-04 -3.016e-04 -2.941e-01
49.770237 -4.043e+00 -4.199e-01 1.958e-03 -4.778e-04 -4.778e-04 -4.778e-01 -4.799e-04 -4.799e-04 -4.510e-01
49.780235 -4.082e+00 -4.053e-01 1.926e-03 -4.732e-04 -4.732e-04 -4.732e-01 -4.750e-04 -4.750e-04 -4.510e-01
49.790234 -4.106e+00 -3.955e-01 1.923e-03 -2.879e-04 -2.879e-04 -2.879e-01 -2.894e-04 -2.894e-04 -2.549e-01
49.800232 -4.111e+00 -3.809e-01 1.973e-03 7.330e-06 7.330e-06 7.330e-03 6.105e-06 6.105e-06 1.961e-02
49.810234 -4.116e+00 -3.418e-01 2.049e-03 2.998e-04 2.998e-04 2.998e-01 2.991e-04 2.991e-04 3.333e-01
49.820232 -4.082e+00 -2.881e-01 2.180e-03 4.777e-04 4.777e-04 4.777e-01 4.774e-04 4.774e-04 4.902e-01
49.830235 -4.038e+00 -2.295e-01 2.309e-03 4.732e-04 4.732e-04 4.732e-01 4.725e-04 4.725e-04 4.902e-01
49.840233 -3.989e+00 -1.611e-01 2.402e-03 2.879e-04 2.879e-04 2.879e-01 2.869e-04 2.869e-04 2.941e-01
49.850235 -3.931e+00 -9.766e-02 2.452e-03 -7.426e-06 -7.426e-06 -7.426e-03 -8.547e-06 -8.547e-06 1.961e-02
49.860233 -3.887e+00 -7.324e-02 2.446e-03 -2.998e-04 -2.998e-04 -2.998e-01 -3.016e-04 -3.016e-04 -2.941e-01
49.870235 -3.838e+00 -2.441e-02 2.379e-03 -4.778e-04 -4.778e-04 -4.778e-01 -4.799e-04 -4.799e-04 -4.510e-01
49.880234 -3.794e+00 0.000e+00 2.288e-03 -4.732e-04 -4.732e-04 -4.732e-01 -4.750e-04 -4.750e-04 -4.510e-01
49.890232 -3.735e+00 2.930e-02 2.218e-03 -2.879e-04 -2.879e-04 -2.879e-01 -2.894e-04 -2.894e-04 -2.549e-01
49.900234 -3.672e+00 6.348e-02 2.186e-03 7.402e-06 7.402e-06 7.402e-03 6.105e-06 6.105e-06 1.961e-02
49.910233 -3.604e+00 9.766e-02 2.206e-03 2.998e-04 2.998e-04 2.998e-01 2.991e-04 2.991e-04 3.333e-01
49.920235 -3.506e+00 1.709e-01 2.247e-03 4.778e-04 4.778e-04 4.778e-01 4.774e-04 4.774e-04 4.902e-01
49.930233 -3.408e+00 2.344e-01 2.294e-03 4.732e-04 4.732e-04 4.732e-01 4.725e-04 4.725e-04 4.902e-01
49.940235 -3.286e+00 3.076e-01 2.314e-03 2.878e-04 2.878e-04 2.878e-01 2.869e-04 2.869e-04 2.941e-01
49.950233 -3.179e+00 3.809e-01 2.279e-03 -7.378e-06 -7.378e-06 -7.378e-03 -8.547e-06 -8.547e-06 1.961e-02
49.960236 -3.086e+00 4.004e-01 2.204e-03 -2.999e-04 -2.999e-04 -2.999e-01 -3.016e-04 -3.016e-04 -2.941e-01
49.970234 -2.988e+00 4.297e-01 2.063e-03 -4.778e-04 -4.778e-04 -4.778e-01 -4.799e-04 -4.799e-04 -4.510e-01
49.980232 -2.915e+00 4.541e-01 1.900e-03 -4.732e-04 -4.732e-04 -4.732e-01 -4.750e-04 -4.750e-04 -4.510e-01
49.990234 -2.832e+00 4.541e-01 1.766e-03 -2.879e-04 -2.879e-04 -2.879e-01 -2.894e-04 -2.894e-04 -2.549e-01
50.000233 -2.744e+00 4.883e-01 1.658e-03 7.354e-06 7.354e-06 7.354e-03 6.105e-06 6.105e-06 1.961e-02
50.010235 -2.646e+00 4.980e-01 1.617e-03 2.999e-04 2.999e-04 2.999e-01 2.991e-04 2.991e-04 3.333e-01
50.020233 -2.539e+00 5.518e-01 1.582e-03 4.778e-04 4.778e-04 4.778e-01 4.774e-04 4.774e-04 4.902e-01
50.030235 -2.422e+00 5.762e-01 1.594e-03 4.732e-04 4.732e-04 4.732e-01 4.725e-04 4.725e-04 4.902e-01
50.040234 -2.310e+00 6.104e-01 1.573e-03 2.879e-04 2.879e-04 2.879e-01 2.869e-04 2.869e-04 2.941e-01
50.050232 -2.217e+00 6.396e-01 1.494e-03 -7.330e-06 -7.330e-06 -7.330e-03 -8.547e-06 -8.547e-06 1.961e-02
50.060234 -2.148e+00 6.543e-01 1.357e-03 -2.998e-04 -2.998e-04 -2.998e-01 -3.016e-04 -3.016e-04 -2.941e-01
50.070236 -2.070e+00 6.445e-01 1.188e-03 -4.778e-04 -4.778e-04 -4.778e-01 -4.799e-04 -4.799e-04 -4.510e-01
50.080235 -2.021e+00 6.152e-01 1.007e-03 -4.732e-04 -4.732e-04 -4.732e-01 -4.750e-04 -4.750e-04 -4.510e-01
50.090233 -1.973e+00 5.908e-01 8.406e-04 -2.879e-04 -2.879e-04 -2.879e-01 -2.894e-04 -2.894e-04 -2.549e-01
50.100235 -1.919e+00 5.811e-01 7.151e-04 7.426e-06 7.426e-06 7.426e-03 6.105e-06 6.105e-06 1.961e-02
50.110233 -1.870e+00 5.420e-01 6.742e-04 2.998e-04 2.998e-04 2.998e-01 2.991e-04 2.991e-04 3.333e-01
50.120235 -1.812e+00 5.420e-01 6.538e-04 4.778e-04 4.778e-04 4.778e-01 4.774e-04 4.774e-04 4.902e-01
50.130234 -1.782e+00 5.371e-01 6.538e-04 4.732e-04 4.732e-04 4.732e-01 4.725e-04 4.725e-04 4.902e-01
50.140232 -1.738e+00 5.371e-01 6.508e-04 2.879e-04 2.879e-04 2.879e-01 2.869e-04 2.869e-04 2.941e-01
50.150234 -1.704e+00 5.273e-01 5.866e-04 -7.402e-06 -7.402e-06 -7.402e-03 -8.547e-06 -8.547e-06 1.961e-02
50.160233 -1.685e+00 4.932e-01 4.786e-04 -2.998e-04 -2.998e-04 -2.998e-01 -3.016e-04 -3.016e-04 -2.941e-01
50.170235 -1.704e+00 4.492e-01 3.386e-04 -4.778e-04 -4.778e-04 -4.778e-01 -4.799e-04 -4.799e-04 -4.510e-01
50.180233 -1.729e+00 3.809e-01 1.926e-04 -4.732e-04 -4.732e-04 -4.732e-01 -4.750e-04 -4.750e-04 -4.510e-01
50.190231 -1.763e+00 3.125e-01 7.880e-05 -2.879e-04 -2.879e-04 -2.879e-01 -2.894e-04 -2.894e-04 -2.549e-01
50.200233 -1.797e+00 2.588e-01 1.751e-05 7.378e-06 7.378e-06 7.378e-03 6.105e-06 6.105e-06 1.961e-02
50.210236 -1.846e+00 2.002e-01 1.459e-05 2.999e-04 2.999e-04 2.999e-01 2.991e-04 2.991e-04 3.333e-01
50.220234 -1.870e+00 1.807e-01 5.545e-05 4.778e-04 4.778e-04 4.778e-01 4.774e-04 4.774e-04 4.902e-01
50.230232 -1.924e+00 1.416e-01 1.255e-04 4.732e-04 4.732e-04 4.732e-01 4.725e-04 4.725e-04 4.902e-01
50.240234 -1.973e+00 1.074e-01 1.810e-04 2.879e-04 2.879e-04 2.879e-01 2.869e-04 2.869e-04 2.941e-01
50.250233 -2.021e+00 7.812e-02 1.955e-04 -7.354e-06 -7.354e-06 -7.354e-03 -8.547e-06 -8.547e-06 1.961e-02
50.260235 -2.104e+00 1.953e-02 1.751e-04 -2.999e-04 -2.999e-04 -2.999e-01 -3.016e-04 -3.016e-04 -2.941e-01
50.270233 -2.183e+00 -3.906e-02 1.109e-04 -4.778e-04 -4.778e-04 -4.778e-01 -4.799e-04 -4.799e-04 -4.510e-01
50.280235 -2.300e+00 -1.221e-01 5.253e-05 -4.732e-04 -4.732e-04 -4.732e-01 -4.750e-04 -4.750e-04 -4.510e-01
50.290234 -2.407e+00 -1.953e-01 1.751e-05 -2.879e-04 -2.879e-04 -2.879e-01 -2.894e-04 -2.894e-04 -2.549e-01
50.300232 -2.515e+00 -2.637e-01 3.502e-05 7.330e-06 7.330e-06 7.330e-03 6.105e-06 6.105e-06 1.961e-02
50.310234 -2.637e+00 -3.125e-01 1.138e-04 2.998e-04 2.998e-04 2.998e-01 2.991e-04 2.991e-04 3.333e-01
50.320232 -2.720e+00 -3.418e-01 2.452e-04 4.777e-04 4.777e-04 4.777e-01 4.774e-04 4.774e-04 4.902e-01
50.330235 -2.822e+00 -3.711e-01 3.998e-04 4.732e-04 4.732e-04 4.732e-01 4.725e-04 4.725e-04 4.902e-01
50.340233 -2.900e+00 -3.857e-01 5.341e-04 2.879e-04 2.879e-04 2.879e-01 2.869e-04 2.869e-04 2.941e-01
50.350235 -2.998e+00 -4.150e-01 6.333e-04 -7.426e-06 -7.426e-06 -7.426e-03 -8.547e-06 -8.547e-06 1.961e-02
50.360233 -3.115e+00 -4.492e-01 6.800e-04 -2.998e-04 -2.998e-04 -2.998e-01 -3.016e-04 -3.016e-04 -2.941e-01
50.370235 -3.228e+00 -4.980e-01 6.975e-04 -4.778e-04 -4.778e-04 -4.778e-01 -4.799e-04 -4.799e-04 -4.510e-01
50.380234 -3.364e+00 -5.469e-01 6.917e-04 -4.732e-04 -4.732e-04 -4.732e-01 -4.750e-04 -4.750e-04 -4.510e-01
50.390232 -3.491e+00 -5.957e-01 7.326e-04 -2.879e-04 -2.879e-04 -2.879e-01 -2.894e-04 -2.894e-04 -2.549e-01
50.400234 -3.594e+00 -6.299e-01 8.114e-04 7.402e-06 7.402e-06 7.402e-03 6.105e-06 6.105e-06 1.961e-02
50.410233 -3.701e+00 -6.543e-01 9.544e-04 2.998e-04 2.998e-04 2.998e-01 2.991e-04 2.991e-04 3.333e-01
50.420235 -3.774e+00 -6.445e-01 1.132e-03 4.778e-04 4.778e-04 4.778e-01 4.774e-04 4.774e-04 4.902e-01
50.430233 -3.853e+00 -6.348e-01 1.319e-03 4.732e-04 4.732e-04 4.732e-01 4.725e-04 4.725e-04 4.902e-01
50.440235 -3.926e+00 -6.104e-01 1.491e-03 2.878e-04 2.878e-04 2.878e-01 2.869e-04 2.869e-04 2.941e-01
50.450233 -3.984e+00 -5.859e-01 1.620e-03 -7.378e-06 -7.378e-06 -7.378e-03 -8.547e-06 -8.547e-06 1.961e-02
50.460232 -4.048e+00 -6.006e-01 1.707e-03 -2.998e-04 -2.998e-04 -2.998e-01 -3.016e-04 -3.016e-04 -2.941e-01
50.470234 -4.116e+00 -5.957e-01 1.739e-03 -4.778e-04 -4.778e-04 -4.778e-01 -4.799e-04 -4.799e-04 -4.510e-01
50.480232 -4.199e+00 -5.957e-01 1.739e-03 -4.732e-04 -4.732e-04 -4.732e-01 -4.750e-04 -4.750e-04 -4.510e-01
50.490234 -4.258e+00 -5.811e-01 1.760e-03 -2.879e-04 -2.879e-04 -2.879e-01 -2.894e-04 -2.894e-04 -2.549e-01
50.500233 -4.307e+00 -5.762e-01 1.836e-03 7.354e-06 7.354e-06 7.354e-03 6.105e-06 6.105e-06 1.961e-02
50.510235 -4.346e+00 -5.566e-01 1.961e-03 2.999e-04 2.999e-04 2.999e-01 2.991e-04 2.991e-04 3.333e-01
50.520233 -4.341e+00 -5.029e-01 2.122e-03 4.778e-04 4.778e-04 4.778e-01 4.774e-04 4.774e-04 4.902e-01
50.530235 -4.321e+00 -4.492e-01 2.288e-03 4.732e-04 4.732e-04 4.732e-01 4.725e-04 4.725e-04 4.902e-01
50.540234 -4.302e+00 -3.857e-01 2.422e-03 2.879e-04 2.879e-04 2.879e-01 2.869e-04 2.869e-04 2.941e-01
50.550236 -4.277e+00 -3.271e-01 2.504e-03 -7.450e-06 -7.450e-06 -7.450e-03 -8.547e-06 -8.547e-06 1.961e-02
50.560234 -4.258e+00 -2.783e-01 2.525e-03 -2.998e-04 -2.998e-04 -2.998e-01 -3.016e-04 -3.016e-04 -2.941e-01
50.570232 -4.233e+00 -2.441e-01 2.501e-03 -4.777e-04 -4.777e-04 -4.777e-01 -4.799e-04 -4.799e-04 -4.510e-01
50.580235 -4.219e+00 -2.051e-01 2.443e-03 -4.732e-04 -4.732e-04 -4.732e-01 -4.750e-04 -4.750e-04 -4.510e-01
50.590237 -4.175e+00 -1.758e-01 2.405e-03 -2.878e-04 -2.878e-04 -2.878e-01 -2.894e-04 -2.894e-04 -2.549e-01
50.600235 -4.121e+00 -1.270e-01 2.405e-03 7.426e-06 7.426e-06 7.426e-03 6.105e-06 6.105e-06 1.961e-02
50.610233 -4.058e+00 -8.789e-02 2.463e-03 2.998e-04 2.998e-04 2.998e-01 2.991e-04 2.991e-04 3.333e-01
50.620235 -3.960e+00 -9.766e-03 2.542e-03 4.778e-04 4.778e-04 4.778e-01 4.774e-04 4.774e-04 4.902e-01
50.630234 -3.872e+00 6.348e-02 2.621e-03 4.732e-04 4.732e-04 4.732e-01 4.725e-04 4.725e-04 4.902e-01
50.640232 -3.760e+00 1.465e-01 2.665e-03 2.879e-04 2.879e-04 2.879e-01 2.869e-04 2.869e-04 2.941e-01
50.650234 -3.647e+00 2.295e-01 2.653e-03 -7.402e-06 -7.402e-06 -7.402e-03 -8.547e-06 -8.547e-06 1.961e-02
50.660233 -3.545e+00 2.783e-01 2.589e-03 -2.998e-04 -2.998e-04 -2.998e-01 -3.016e-04 -3.016e-04 -2.941e-01
50.670235 -3.433e+00 3.223e-01 2.469e-03 -4.778e-04 -4.778e-04 -4.778e-01 -4.799e-04 -4.799e-04 -4.510e-01
50.680233 -3.354e+00 3.516e-01 2.323e-03 -4.732e-04 -4.732e-04 -4.732e-01 -4.750e-04 -4.750e-04 -4.510e-01
50.690235 -3.252e+00 3.906e-01 2.192e-03 -2.878e-04 -2.878e-04 -2.878e-01 -2.894e-04 -2.894e-04 -2.549e-01
50.700233 -3.145e+00 4.199e-01 2.110e-03 7.378e-06 7.378e-06 7.378e-03 6.105e-06 6.105e-06 1.961e-02
50.710236 -3.022e+00 4.639e-01 2.055e-03 2.999e-04 2.999e-04 2.999e-01 2.991e-04 2.991e-04 3.333e-01
50.720234 -2.881e+00 5.273e-01 2.040e-03 4.778e-04 4.778e-04 4.778e-01 4.774e-04 4.774e-04 4.902e-01
50.730236 -2.759e+00 5.811e-01 2.043e-03 4.732e-04 4.732e-04 4.732e-01 4.725e-04 4.725e-04 4.902e-01
50.740234 -2.617e+00 6.543e-01 2.008e-03 2.879e-04 2.879e-04 2.879e-01 2.869e-04 2.869e-04 2.941e-01
50.750233 -2.485e+00 6.934e-01 1.923e-03 -7.354e-06 -7.354e-06 -7.354e-03 -8.547e-06 -8.547e-06 1.961e-02
50.760235 -2.368e+00 7.129e-01 1.786e-03 -2.999e-04 -2.999e-04 -2.999e-01 -3.016e-04 -3.016e-04 -2.941e-01
50.770233 -2.261e+00 7.324e-01 1.599e-03 -4.778e-04 -4.778e-04 -4.778e-01 -4.799e-04 -4.799e-04 -4.510e-01
50.780235 -2.178e+00 7.178e-01 1.404e-03 -4.732e-04 -4.732e-04 -4.732e-01 -4.750e-04 -4.750e-04 -4.510e-01
50.790234 -2.100e+00 7.031e-01 1.226e-03 -2.879e-04 -2.879e-04 -2.879e-01 -2.894e-04 -2.894e-04 -2.549e-01
50.800232 -1.997e+00 7.031e-01 1.086e-03 7.331e-06 7.331e-06 7.331e-03 6.105e-06 6.105e-06 1.961e-02
50.810234 -1.914e+00 6.885e-01 1.016e-03 2.998e-04 2.998e-04 2.998e-01 2.991e-04 2.991e-04 3.333e-01
50.820232 -1.831e+00 7.373e-01 9.456e-04 4.777e-04 4.777e-04 4.777e-01 4.774e-04 4.774e-04 4.902e-01
50.830235 -1.729e+00 7.324e-01 9.223e-04 4.732e-04 4.732e-04 4.732e-01 4.725e-04 4.725e-04 4.902e-01
50.840233 -1.646e+00 7.422e-01 8.785e-04 2.879e-04 2.879e-04 2.879e-01 2.869e-04 2.869e-04 2.941e-01
50.850235 -1.562e+00 7.275e-01 7.997e-04 -7.426e-06 -7.426e-06 -7.426e-03 -8.547e-06 -8.547e-06 1.961e-02
50.860233 -1.504e+00 6.934e-01 6.625e-04 -2.998e-04 -2.998e-04 -2.998e-01 -3.016e-04 -3.016e-04 -2.941e-01
50.870235 -1.445e+00 6.689e-01 4.845e-04 -4.778e-04 -4.778e-04 -4.778e-01 -4.799e-04 -4.799e-04 -4.510e-01
50.880234 -1.426e+00 6.152e-01 2.977e-04 -4.732e-04 -4.732e-04 -4.732e-01 -4.750e-04 -4.750e-04 -4.510e-01
50.890232 -1.392e+00 5.664e-01 1.284e-04 -2.879e-04 -2.879e-04 -2.879e-01 -2.894e-04 -2.894e-04 -2.549e-01
50.900234 -1.377e+00 5.127e-01 2.335e-05 7.403e-06 7.403e-06 7.403e-03 6.105e-06 6.105e-06 1.961e-02
50.910233 -1.353e+00 4.590e-01 -1.459e-05 2.998e-04 2.998e-04 2.998e-01 2.991e-04 2.991e-04 3.333e-01
50.920235 -1.318e+00 4.395e-01 -2.043e-05 4.778e-04 4.778e-04 4.778e-01 4.774e-04 4.774e-04 4.902e-01
50.930233 -1.294e+00 4.053e-01 1.459e-05 4.732e-04 4.732e-04 4.732e-01 4.725e-04 4.725e-04 4.902e-01
50.940235 -1.265e+00 3.760e-01 2.919e-05 2.878e-04 2.878e-04 2.878e-01 2.869e-04 2.869e-04 2.941e-01
50.950233 -1.274e+00 3.418e-01 2.919e-06 -7.379e-06 -7.379e-06 -7.379e-03 -8.547e-06 -8.547e-06 1.961e-02
50.960236 -1.313e+00 2.881e-01 -7.588e-05 -2.999e-04 -2.999e-04 -2.999e-01 -3.016e-04 -3.016e-04 -2.941e-01
50.970234 -1.353e+00 2.344e-01 -1.868e-04 -4.778e-04 -4.778e-04 -4.778e-01 -4.799e-04 -4.799e-04 -4.510e-01
50.980232 -1.436e+00 1.416e-01 -2.831e-04 -4.732e-04 -4.732e-04 -4.732e-01 -4.750e-04 -4.750e-04 -4.510e-01
50.990234 -1.528e+00 6.836e-02 -3.590e-04 -2.879e-04 -2.879e-04 -2.879e-01 -2.894e-04 -2.894e-04 -2.549e-01
51.000233 -1.626e+00 -9.766e-03 -3.765e-04 7.355e-06 7.355e-06 7.355e-03 6.105e-06 6.105e-06 1.961e-02
51.010235 -1.763e+00 -6.836e-02 -3.415e-04 2.999e-04 2.999e-04 2.999e-01 2.991e-04 2.991e-04 3.333e-01
51.020233 -1.860e+00 -1.367e-01 -2.218e-04 4.778e-04 4.778e-04 4.778e-01 4.774e-04 4.774e-04 4.902e-01
51.030235 -1.982e+00 -1.660e-01 -1.197e-04 4.732e-04 4.732e-04 4.732e-01 4.725e-04 4.725e-04 4.902e-01
51.040234 -2.090e+00 -1.953e-01 -1.751e-05 2.879e-04 2.879e-04 2.879e-01 2.869e-04 2.869e-04 2.941e-01
51.050232 -2.217e+00 -2.295e-01 4.378e-05 -7.331e-06 -7.331e-06 -7.331e-03 -8.547e-06 -8.547e-06 1.961e-02
51.060234 -2.344e+00 -3.027e-01 7.880e-05 -2.998e-04 -2.998e-04 -2.998e-01 -3.016e-04 -3.016e-04 -2.941e-01
51.070236 -2.505e+00 -3.613e-01 6.421e-05 -4.778e-04 -4.778e-04 -4.778e-01 -4.799e-04 -4.799e-04 -4.510e-01
51.080235 -2.666e+00 -4.443e-01 5.837e-05 -4.732e-04 -4.732e-04 -4.732e-01 -4.750e-04 -4.750e-04 -4.510e-01
51.090233 -2.817e+00 -5.176e-01 7.880e-05 -2.879e-04 -2.879e-04 -2.879e-01 -2.894e-04 -2.894e-04 -2.549e-01
51.100235 -2.969e+00 -5.811e-01 1.547e-04 7.427e-06 7.427e-06 7.427e-03 6.105e-06 6.105e-06 1.961e-02
51.110233 -3.120e+00 -6.396e-01 2.948e-04 2.998e-04 2.998e-04 2.998e-01 2.991e-04 2.991e-04 3.333e-01
51.120232 -3.252e+00 -6.445e-01 4.582e-04 4.777e-04 4.777e-04 4.777e-01 4.774e-04 4.774e-04 4.902e-01
51.130238 -3.374e+00 -6.641e-01 6.654e-04 4.732e-04 4.732e-04 4.732e-01 4.725e-04 4.725e-04 4.902e-01
51.140232 -3.472e+00 -6.689e-01 8.406e-04 2.879e-04 2.879e-04 2.879e-01 2.869e-04 2.869e-04 2.941e-01
51.150234 -3.599e+00 -6.836e-01 9.923e-04 -7.403e-06 -7.403e-06 -7.403e-03 -8.547e-06 -8.547e-06 1.961e-02
51.160233 -3.716e+00 -7.178e-01 1.086e-03 -2.998e-04 -2.998e-04 -2.998e-01 -3.016e-04 -3.016e-04 -2.941e-01
51.170235 -3.833e+00 -7.324e-01 1.135e-03 -4.778e-04 -4.778e-04 -4.778e-01 -4.799e-04 -4.799e-04 -4.510e-01
51.180237 -3.984e+00 -7.666e-01 1.173e-03 -4.732e-04 -4.732e-04 -4.732e-01 -4.750e-04 -4.750e-04 -4.510e-01
51.190235 -4.106e+00 -7.812e-01 1.232e-03 -2.878e-04 -2.878e-04 -2.878e-01 -2.894e-04 -2.894e-04 -2.549e-01
51.200233 -4.209e+00 -8.057e-01 1.348e-03 7.379e-06 7.379e-06 7.379e-03 6.105e-06 6.105e-06 1.961e-02
51.210236 -4.302e+00 -7.959e-01 1.497e-03 2.999e-04 2.999e-04 2.999e-01 2.991e-04 2.991e-04 3.333e-01
51.220234 -4.370e+00 -7.666e-01 1.696e-03 4.778e-04 4.778e-04 4.778e-01 4.774e-04 4.774e-04 4.902e-01
51.230232 -4.429e+00 -7.324e-01 1.915e-03 4.732e-04 4.732e-04 4.732e-01 4.725e-04 4.725e-04 4.902e-01
51.240234 -4.453e+00 -6.836e-01 2.101e-03 2.879e-04 2.879e-04 2.879e-01 2.869e-04 2.869e-04 2.941e-01
51.250233 -4.492e+00 -6.396e-01 2.241e-03 -7.355e-06 -7.355e-06 -7.355e-03 -8.547e-06 -8.547e-06 1.961e-02
51.260235 -4.531e+00 -6.104e-01 2.317e-03 -2.999e-04 -2.999e-04 -2.999e-01 -3.016e-04 -3.016e-04 -2.941e-01
51.270233 -4.565e+00 -5.713e-01 2.344e-03 -4.778e-04 -4.778e-04 -4.778e-01 -4.799e-04 -4.799e-04 -4.510e-01
51.280235 -4.600e+00 -5.615e-01 2.347e-03 -4.732e-04 -4.732e-04 -4.732e-01 -4.750e-04 -4.750e-04 -4.510e-01
51.290234 -4.609e+00 -5.322e-01 2.370e-03 -2.879e-04 -2.879e-04 -2.879e-01 -2.894e-04 -2.894e-04 -2.549e-01
51.300232 -4.609e+00 -4.980e-01 2.428e-03 7.331e-06 7.331e-06 7.331e-03 6.105e-06 6.105e-06 1.961e-02
51.310234 -4.590e+00 -4.443e-01 2.530e-03 2.998e-04 2.998e-04 2.998e-01 2.991e-04 2.991e-04 3.333e-01
51.320232 -4.526e+00 -3.662e-01 2.668e-03 4.777e-04 4.777e-04 4.777e-01 4.774e-04 4.774e-04 4.902e-01
51.330235 -4.473e+00 -2.930e-01 2.811e-03 4.732e-04 4.732e-04 4.732e-01 4.725e-04 4.725e-04 4.902e-01
51.340233 -4.404e+00 -2.002e-01 2.913e-03 2.879e-04 2.879e-04 2.879e-01 2.869e-04 2.869e-04 2.941e-01
51.350235 -4.321e+00 -1.074e-01 2.951e-03 -7.427e-06 -7.427e-06 -7.427e-03 -8.547e-06 -8.547e-06 1.961e-02
51.360233 -4.238e+00 -4.883e-02 2.939e-03 -2.998e-04 -2.998e-04 -2.998e-01 -3.016e-04 -3.016e-04 -2.941e-01
51.370235 -4.155e+00 4.883e-03 2.886e-03 -4.778e-04 -4.778e-04 -4.778e-01 -4.799e-04 -4.799e-04 -4.510e-01
51.380234 -4.082e+00 6.836e-02 2.767e-03 -4.732e-04 -4.732e-04 -4.732e-01 -4.750e-04 -4.750e-04 -4.510e-01
51.390232 -3.994e+00 1.074e-01 2.691e-03 -2.879e-04 -2.879e-04 -2.879e-01 -2.894e-04 -2.894e-04 -2.549e-01
51.400234 -3.882e+00 1.709e-01 2.641e-03 7.403e-06 7.403e-06 7.403e-03 6.105e-06 6.105e-06 1.961e-02
51.410233 -3.770e+00 2.246e-01 2.644e-03 2.998e-04 2.998e-04 2.998e-01 2.991e-04 2.991e-04 3.333e-01
51.420235 -3.623e+00 3.174e-01 2.668e-03 4.778e-04 4.778e-04 4.778e-01 4.774e-04 4.774e-04 4.902e-01
51.430233 -3.477e+00 4.053e-01 2.682e-03 4.732e-04 4.732e-04 4.732e-01 4.725e-04 4.725e-04 4.902e-01
51.440235 -3.320e+00 4.883e-01 2.679e-03 2.878e-04 2.878e-04 2.878e-01 2.869e-04 2.869e-04 2.941e-01
51.450233 -3.154e+00 5.664e-01 2.612e-03 -7.379e-06 -7.379e-06 -7.379e-03 -8.547e-06 -8.547e-06 1.961e-02
51.460232 -3.032e+00 6.250e-01 2.478e-03 -2.998e-04 -2.998e-04 -2.998e-01 -3.016e-04 -3.016e-04 -2.941e-01
51.470234 -2.881e+00 6.738e-01 2.306e-03 -4.778e-04 -4.778e-04 -4.778e-01 -4.799e-04 -4.799e-04 -4.510e-01
51.480232 -2.749e+00 6.787e-01 2.131e-03 -4.732e-04 -4.732e-04 -4.732e-01 -4.750e-04 -4.750e-04 -4.510e-01
51.490234 -2.617e+00 7.129e-01 1.941e-03 -2.879e-04 -2.879e-04 -2.879e-01 -2.894e-04 -2.894e-04 -2.549e-01
51.500233 -2.485e+00 7.373e-01 1.783e-03 7.355e-06 7.355e-06 7.355e-03 6.105e-06 6.105e-06 1.961e-02
51.510235 -2.358e+00 7.568e-01 1.713e-03 2.999e-04 2.999e-04 2.999e-01 2.991e-04 2.991e-04 3.333e-01
51.520233 -2.192e+00 8.057e-01 1.649e-03 4.778e-04 4.778e-04 4.778e-01 4.774e-04 4.774e-04 4.902e-01
51.530235 -2.056e+00 8.643e-01 1.585e-03 4.732e-04 4.732e-04 4.732e-01 4.725e-04 4.725e-04 4.902e-01
51.540234 -1.904e+00 9.033e-01 1.521e-03 2.879e-04 2.879e-04 2.879e-01 2.869e-04 2.869e-04 2.941e-01
51.550232 -1.772e+00 9.180e-01 1.416e-03 -7.331e-06 -7.331e-06 -7.331e-03 -8.547e-06 -8.547e-06 1.961e-02
51.560234 -1.670e+00 9.229e-01 1.232e-03 -2.998e-04 -2.998e-04 -2.998e-01 -3.016e-04 -3.016e-04 -2.941e-01
51.570236 -1.562e+00 9.180e-01 1.001e-03 -4.778e-04 -4.778e-04 -4.778e-01 -4.799e-04 -4.799e-04 -4.510e-01
51.580235 -1.484e+00 8.789e-01 7.851e-04 -4.732e-04 -4.732e-04 -4.732e-01 -4.750e-04 -4.750e-04 -4.510e-01
51.590233 -1.387e+00 8.545e-01 5.808e-04 -2.879e-04 -2.879e-04 -2.879e-01 -2.894e-04 -2.894e-04 -2.549e-01
51.600235 -1.270e+00 8.154e-01 4.261e-04 7.427e-06 7.427e-06 7.427e-03 6.105e-06 6.105e-06 1.961e-02
51.610233 -1.177e+00 7.812e-01 3.327e-04 2.998e-04 2.998e-04 2.998e-01 2.991e-04 2.991e-04 3.333e-01
51.620232 -1.045e+00 7.861e-01 2.685e-04 4.777e-04 4.777e-04 4.777e-01 4.774e-04 4.774e-04 4.902e-01
51.630234 -9.082e-01 7.617e-01 2.422e-04 4.732e-04 4.732e-04 4.732e-01 4.725e-04 4.725e-04 4.902e-01
51.640232 -7.715e-01 7.520e-01 1.985e-04 2.879e-04 2.879e-04 2.879e-01 2.869e-04 2.869e-04 2.941e-01
51.650234 -6.396e-01 7.275e-01 1.080e-04 -7.403e-06 -7.403e-06 -7.403e-03 -8.547e-06 -8.547e-06 1.961e-02
51.660233 -5.176e-01 6.836e-01 -2.627e-05 -2.998e-04 -2.998e-04 -2.998e-01 -3.016e-04 -3.016e-04 -2.941e-01
51.670235 -4.102e-01 6.348e-01 -1.955e-04 -4.778e-04 -4.778e-04 -4.778e-01 -4.799e-04 -4.799e-04 -4.510e-01
51.680233 -3.369e-01 5.762e-01 -3.882e-04 -4.732e-04 -4.732e-04 -4.732e-01 -4.750e-04 -4.750e-04 -4.510e-01
51.690235 -2.490e-01 5.029e-01 -5.253e-04 -2.878e-04 -2.878e-04 -2.878e-01 -2.894e-04 -2.894e-04 -2.549e-01
51.700233 -1.660e-01 4.492e-01 -6.246e-04 7.379e-06 7.379e-06 7.379e-03 6.105e-06 6.105e-06 1.961e-02
51.710232 -8.301e-02 3.906e-01 -6.479e-04 2.998e-04 2.998e-04 2.998e-01 2.991e-04 2.991e-04 3.333e-01
51.720234 0.000e+00 3.760e-01 -6.421e-04 4.778e-04 4.778e-04 4.778e-01 4.774e-04 4.774e-04 4.902e-01
51.730236 1.074e-01 3.223e-01 -5.837e-04 4.732e-04 4.732e-04 4.732e-01 4.725e-04 4.725e-04 4.902e-01
51.740234 1.904e-01 3.076e-01 -5.633e-04 2.879e-04 2.879e-04 2.879e-01 2.869e-04 2.869e-04 2.941e-01
51.750237 2.588e-01 2.734e-01 -5.750e-04 -7.475e-06 -7.475e-06 -7.475e-03 -8.547e-06 -8.547e-06 1.961e-02
51.760235 3.027e-01 2.344e-01 -6.421e-04 -2.999e-04 -2.999e-04 -2.999e-01 -3.016e-04 -3.016e-04 -2.941e-01
51.770233 3.564e-01 1.807e-01 -7.238e-04 -4.778e-04 -4.778e-04 -4.778e-01 -4.799e-04 -4.799e-04 -4.510e-01
51.780235 3.711e-01 1.123e-01 -8.347e-04 -4.732e-04 -4.732e-04 -4.732e-01 -4.750e-04 -4.750e-04 -4.510e-01
51.790234 3.809e-01 5.859e-02 -9.106e-04 -2.879e-04 -2.879e-04 -2.879e-01 -2.894e-04 -2.894e-04 -2.549e-01
51.800232 3.955e-01 -4.883e-03 -9.252e-04 7.331e-06 7.331e-06 7.331e-03 6.105e-06 6.105e-06 1.961e-02
51.810234 3.906e-01 -4.883e-02 -8.814e-04 2.998e-04 2.998e-04 2.998e-01 2.991e-04 2.991e-04 3.333e-01
51.820232 4.199e-01 -7.812e-02 -7.880e-04 4.777e-04 4.777e-04 4.777e-01 4.774e-04 4.774e-04 4.902e-01
51.830235 4.004e-01 -8.789e-02 -6.771e-04 4.732e-04 4.732e-04 4.732e-01 4.725e-04 4.725e-04 4.902e-01
51.840237 4.199e-01 -8.789e-02 -5.925e-04 2.878e-04 2.878e-04 2.878e-01 2.869e-04 2.869e-04 2.941e-01
51.850235 3.906e-01 -1.123e-01 -5.399e-04 -7.427e-06 -7.427e-06 -7.427e-03 -8.547e-06 -8.547e-06 1.961e-02
51.860233 3.662e-01 -1.367e-01 -5.458e-04 -2.998e-04 -2.998e-04 -2.998e-01 -3.016e-04 -3.016e-04 -2.941e-01
51.870232 3.125e-01 -1.611e-01 -5.954e-04 -4.777e-04 -4.777e-04 -4.777e-01 -4.799e-04 -4.799e-04 -4.510e-01
51.880234 2.490e-01 -2.295e-01 -6.217e-04 -4.732e-04 -4.732e-04 -4.732e-01 -4.750e-04 -4.750e-04 -4.510e-01
51.890232 1.807e-01 -2.637e-01 -6.508e-04 -2.879e-04 -2.879e-04 -2.879e-01 -2.894e-04 -2.894e-04 -2.549e-01
51.900234 9.277e-02 -2.979e-01 -6.217e-04 7.403e-06 7.403e-06 7.403e-03 6.105e-06 6.105e-06 1.961e-02
51.910236 0.000e+00 -3.223e-01 -5.312e-04 2.999e-04 2.999e-04 2.999e-01 2.991e-04 2.991e-04 3.333e-01
51.920235 -6.836e-02 -3.223e-01 -4.028e-04 4.778e-04 4.778e-04 4.778e-01 4.774e-04 4.774e-04 4.902e-01
51.930233 -1.660e-01 -3.271e-01 -2.481e-04 4.732e-04 4.732e-04 4.732e-01 4.725e-04 4.725e-04 4.902e-01
51.940235 -2.441e-01 -3.125e-01 -1.313e-04 2.878e-04 2.878e-04 2.878e-01 2.869e-04 2.869e-04 2.941e-01
51.950233 -3.564e-01 -3.027e-01 -5.545e-05 -7.379e-06 -7.379e-06 -7.379e-03 -8.547e-06 -8.547e-06 1.961e-02
51.960232 -4.834e-01 -3.223e-01 -2.335e-05 -2.998e-04 -2.998e-04 -2.998e-01 -3.016e-04 -3.016e-04 -2.941e-01
51.970234 -6.152e-01 -3.418e-01 -2.919e-05 -4.778e-04 -4.778e-04 -4.778e-01 -4.799e-04 -4.799e-04 -4.510e-01
51.980236 -7.861e-01 -3.809e-01 -5.253e-05 -4.732e-04 -4.732e-04 -4.732e-01 -4.750e-04 -4.750e-04 -4.510e-01
51.990234 -9.668e-01 -4.053e-01 -6.129e-05 -2.879e-04 -2.879e-04 -2.879e-01 -2.894e-04 -2.894e-04 -2.549e-01
52.000237 -1.167e+00 -4.297e-01 -1.167e-05 7.475e-06 7.475e-06 7.475e-03 6.105e-06 6.105e-06 1.961e-02
52.010235 -1.377e+00 -4.541e-01 1.022e-04 2.999e-04 2.999e-04 2.999e-01 2.991e-04 2.991e-04 3.333e-01
52.020233 -1.562e+00 -4.492e-01 2.539e-04 4.778e-04 4.778e-04 4.778e-01 4.774e-04 4.774e-04 4.902e-01
52.030235 -1.777e+00 -4.346e-01 4.057e-04 4.732e-04 4.732e-04 4.732e-01 4.725e-04 4.725e-04 4.902e-01
52.040234 -1.948e+00 -4.248e-01 5.516e-04 2.879e-04 2.879e-04 2.879e-01 2.869e-04 2.869e-04 2.941e-01
52.050236 -2.129e+00 -4.053e-01 6.363e-04 -7.451e-06 -7.451e-06 -7.451e-03 -8.547e-06 -8.547e-06 1.961e-02
52.060234 -2.305e+00 -4.443e-01 7.005e-04 -2.998e-04 -2.998e-04 -2.998e-01 -3.016e-04 -3.016e-04 -2.941e-01
52.070232 -2.485e+00 -4.443e-01 6.888e-04 -4.777e-04 -4.777e-04 -4.777e-01 -4.799e-04 -4.799e-04 -4.510e-01
52.080235 -2.656e+00 -5.078e-01 7.063e-04 -4.732e-04 -4.732e-04 -4.732e-01 -4.750e-04 -4.750e-04 -4.510e-01
52.090237 -2.812e+00 -5.225e-01 7.151e-04 -2.878e-04 -2.878e-04 -2.878e-01 -2.894e-04 -2.894e-04 -2.549e-01
52.100235 -2.959e+00 -5.566e-01 7.997e-04 7.428e-06 7.428e-06 7.428e-03 6.105e-06 6.105e-06 1.961e-02
52.110233 -3.091e+00 -5.518e-01 9.048e-04 2.998e-04 2.998e-04 2.998e-01 2.991e-04 2.991e-04 3.333e-01
52.120235 -3.198e+00 -5.273e-01 1.057e-03 4.778e-04 4.778e-04 4.778e-01 4.774e-04 4.774e-04 4.902e-01
52.130234 -3.301e+00 -5.176e-01 1.237e-03 4.732e-04 4.732e-04 4.732e-01 4.725e-04 4.725e-04 4.902e-01
52.140232 -3.369e+00 -4.932e-01 1.392e-03 2.879e-04 2.879e-04 2.879e-01 2.869e-04 2.869e-04 2.941e-01
52.150234 -3.447e+00 -4.736e-01 1.500e-03 -7.404e-06 -7.404e-06 -7.404e-03 -8.547e-06 -8.547e-06 1.961e-02
52.160233 -3.530e+00 -4.639e-01 1.544e-03 -2.998e-04 -2.998e-04 -2.998e-01 -3.016e-04 -3.016e-04 -2.941e-01
52.170235 -3.594e+00 -4.541e-01 1.553e-03 -4.778e-04 -4.778e-04 -4.778e-01 -4.799e-04 -4.799e-04 -4.510e-01
52.180233 -3.687e+00 -4.785e-01 1.559e-03 -4.732e-04 -4.732e-04 -4.732e-01 -4.750e-04 -4.750e-04 -4.510e-01
52.190235 -3.750e+00 -4.688e-01 1.561e-03 -2.878e-04 -2.878e-04 -2.878e-01 -2.894e-04 -2.894e-04 -2.549e-01
52.200233 -3.809e+00 -4.639e-01 1.614e-03 7.380e-06 7.380e-06 7.380e-03 6.105e-06 6.105e-06 1.961e-02
52.210236 -3.853e+00 -4.395e-01 1.713e-03 2.999e-04 2.999e-04 2.999e-01 2.991e-04 2.991e-04 3.333e-01
52.220234 -3.872e+00 -3.857e-01 1.847e-03 4.778e-04 4.778e-04 4.778e-01 4.774e-04 4.774e-04 4.902e-01
52.230232 -3.872e+00 -3.516e-01 2.005e-03 4.732e-04 4.732e-04 4.732e-01 4.725e-04 4.725e-04 4.902e-01
52.240234 -3.853e+00 -2.979e-01 2.128e-03 2.879e-04 2.879e-04 2.879e-01 2.869e-04 2.869e-04 2.941e-01
52.250233 -3.828e+00 -2.490e-01 2.198e-03 -7.356e-06 -7.356e-06 -7.356e-03 -8.547e-06 -8.547e-06 1.961e-02
52.260235 -3.833e+00 -2.246e-01 2.209e-03 -2.999e-04 -2.999e-04 -2.999e-01 -3.016e-04 -3.016e-04 -2.941e-01
52.270233 -3.828e+00 -1.758e-01 2.160e-03 -4.778e-04 -4.778e-04 -4.778e-01 -4.799e-04 -4.799e-04 -4.510e-01
52.280235 -3.828e+00 -1.807e-01 2.122e-03 -4.732e-04 -4.732e-04 -4.732e-01 -4.750e-04 -4.750e-04 -4.510e-01
52.290234 -3.813e+00 -1.514e-01 2.072e-03 -2.879e-04 -2.879e-04 -2.879e-01 -2.894e-04 -2.894e-04 -2.549e-01
52.300236 -3.784e+00 -1.074e-01 2.058e-03 7.452e-06 7.452e-06 7.452e-03 6.105e-06 6.105e-06 1.961e-02
52.310234 -3.735e+00 -8.301e-02 2.110e-03 2.998e-04 2.998e-04 2.998e-01 2.991e-04 2.991e-04 3.333e-01
52.320232 -3.682e+00 -9.766e-03 2.174e-03 4.777e-04 4.777e-04 4.777e-01 4.774e-04 4.774e-04 4.902e-01
52.330235 -3.594e+00 3.418e-02 2.271e-03 4.732e-04 4.732e-04 4.732e-01 4.725e-04 4.725e-04 4.902e-01
52.340233 -3.525e+00 1.074e-01 2.326e-03 2.879e-04 2.879e-04 2.879e-01 2.869e-04 2.869e-04 2.941e-01
52.350235 -3.442e+00 1.660e-01 2.326e-03 -7.428e-06 -7.428e-06 -7.428e-03 -8.547e-06 -8.547e-06 1.961e-02
52.360233 -3.369e+00 2.100e-01 2.262e-03 -2.998e-04 -2.998e-04 -2.998e-01 -3.016e-04 -3.016e-04 -2.941e-01
52.370235 -3.315e+00 2.637e-01 2.145e-03 -4.778e-04 -4.778e-04 -4.778e-01 -4.799e-04 -4.799e-04 -4.510e-01
52.380234 -3.252e+00 2.637e-01 2.023e-03 -4.732e-04 -4.732e-04 -4.732e-01 -4.750e-04 -4.750e-04 -4.510e-01
52.390236 -3.164e+00 2.783e-01 1.920e-03 -2.878e-04 -2.878e-04 -2.878e-01 -2.894e-04 -2.894e-04 -2.549e-01
52.400234 -3.096e+00 2.979e-01 1.850e-03 7.404e-06 7.404e-06 7.404e-03 6.105e-06 6.105e-06 1.961e-02
52.410236 -3.008e+00 3.271e-01 1.833e-03 2.999e-04 2.999e-04 2.999e-01 2.991e-04 2.991e-04 3.333e-01
52.420235 -2.910e+00 3.906e-01 1.833e-03 4.778e-04 4.778e-04 4.778e-01 4.774e-04 4.774e-04 4.902e-01
52.430233 -2.812e+00 4.395e-01 1.856e-03 4.732e-04 4.732e-04 4.732e-01 4.725e-04 4.725e-04 4.902e-01
52.440235 -2.690e+00 4.834e-01 1.859e-03 2.878e-04 2.878e-04 2.878e-01 2.869e-04 2.869e-04 2.941e-01
52.450233 -2.603e+00 5.127e-01 1.801e-03 -7.380e-06 -7.380e-06 -7.380e-03 -8.547e-06 -8.547e-06 1.961e-02
52.460236 -2.524e+00 5.420e-01 1.681e-03 -2.999e-04 -2.999e-04 -2.999e-01 -3.016e-04 -3.016e-04 -2.941e-01
52.470234 -2.437e+00 5.469e-01 1.532e-03 -4.778e-04 -4.778e-04 -4.778e-01 -4.799e-04 -4.799e-04 -4.510e-01
52.480236 -2.388e+00 5.420e-01 1.351e-03 -4.732e-04 -4.732e-04 -4.732e-01 -4.750e-04 -4.750e-04 -4.510e-01
52.490234 -2.319e+00 5.322e-01 1.205e-03 -2.879e-04 -2.879e-04 -2.879e-01 -2.894e-04 -2.894e-04 -2.549e-01
52.500233 -2.261e+00 5.176e-01 1.100e-03 7.356e-06 7.356e-06 7.356e-03 6.105e-06 6.105e-06 1.961e-02
52.510235 -2.202e+00 5.127e-01 1.051e-03 2.999e-04 2.999e-04 2.999e-01 2.991e-04 2.991e-04 3.333e-01
52.520233 -2.119e+00 5.371e-01 1.030e-03 4.778e-04 4.778e-04 4.778e-01 4.774e-04 4.774e-04 4.902e-01
52.530235 -2.061e+00 5.518e-01 1.030e-03 4.732e-04 4.732e-04 4.732e-01 4.725e-04 4.725e-04 4.902e-01
52.540234 -1.982e+00 5.566e-01 1.022e-03 2.879e-04 2.879e-04 2.879e-01 2.869e-04 2.869e-04 2.941e-01
52.550232 -1.924e+00 5.566e-01 9.573e-04 -7.332e-06 -7.332e-06 -7.332e-03 -8.547e-06 -8.547e-06 1.961e-02
52.560234 -1.880e+00 5.371e-01 8.464e-04 -2.998e-04 -2.998e-04 -2.998e-01 -3.016e-04 -3.016e-04 -2.941e-01
52.570232 -1.865e+00 5.176e-01 6.888e-04 -4.777e-04 -4.777e-04 -4.777e-01 -4.799e-04 -4.799e-04 -4.510e-01
52.580235 -1.870e+00 4.541e-01 5.458e-04 -4.732e-04 -4.732e-04 -4.732e-01 -4.750e-04 -4.750e-04 -4.510e-01
52.590233 -1.875e+00 4.150e-01 3.998e-04 -2.879e-04 -2.879e-04 -2.879e-01 -2.894e-04 -2.894e-04 -2.549e-01
52.600235 -1.880e+00 3.760e-01 3.094e-04 7.428e-06 7.428e-06 7.428e-03 6.105e-06 6.105e-06 1.961e-02
52.610233 -1.885e+00 3.320e-01 2.919e-04 2.998e-04 2.998e-04 2.998e-01 2.991e-04 2.991e-04 3.333e-01
52.620232 -1.880e+00 3.174e-01 3.152e-04 4.777e-04 4.777e-04 4.777e-01 4.774e-04 4.774e-04 4.902e-01
52.630234 -1.880e+00 2.930e-01 3.590e-04 4.732e-04 4.732e-04 4.732e-01 4.725e-04 4.725e-04 4.902e-01
52.640232 -1.885e+00 2.734e-01 3.940e-04 2.879e-04 2.879e-04 2.879e-01 2.869e-04 2.869e-04 2.941e-01
52.650234 -1.919e+00 2.441e-01 3.823e-04 -7.404e-06 -7.404e-06 -7.404e-03 -8.547e-06 -8.547e-06 1.961e-02
52.660233 -1.968e+00 2.002e-01 3.210e-04 -2.998e-04 -2.998e-04 -2.998e-01 -3.016e-04 -3.016e-04 -2.941e-01
52.670235 -2.012e+00 1.465e-01 2.335e-04 -4.778e-04 -4.778e-04 -4.778e-01 -4.799e-04 -4.799e-04 -4.510e-01
52.680233 -2.109e+00 8.301e-02 1.226e-04 -4.732e-04 -4.732e-04 -4.732e-01 -4.750e-04 -4.750e-04 -4.510e-01
52.690235 -2.168e+00 9.766e-03 6.421e-05 -2.878e-04 -2.878e-04 -2.878e-01 -2.894e-04 -2.894e-04 -2.549e-01
52.700233 -2.246e+00 -5.371e-02 4.962e-05 7.380e-06 7.380e-06 7.380e-03 6.105e-06 6.105e-06 1.961e-02
52.710236 -2.329e+00 -1.074e-01 1.022e-04 2.999e-04 2.999e-04 2.999e-01 2.991e-04 2.991e-04 3.333e-01
52.720234 -2.402e+00 -1.221e-01 1.839e-04 4.778e-04 4.778e-04 4.778e-01 4.774e-04 4.774e-04 4.902e-01
52.730232 -2.471e+00 -1.660e-01 3.123e-04 4.732e-04 4.732e-04 4.732e-01 4.725e-04 4.725e-04 4.902e-01
52.740234 -2.534e+00 -1.904e-01 4.232e-04 2.879e-04 2.879e-04 2.879e-01 2.869e-04 2.869e-04 2.941e-01
52.750233 -2.627e+00 -2.197e-01 4.816e-04 -7.356e-06 -7.356e-06 -7.356e-03 -8.547e-06 -8.547e-06 1.961e-02
52.760235 -2.720e+00 -2.539e-01 4.962e-04 -2.999e-04 -2.999e-04 -2.999e-01 -3.016e-04 -3.016e-04 -2.941e-01
52.770233 -2.812e+00 -2.979e-01 4.728e-04 -4.778e-04 -4.778e-04 -4.778e-01 -4.799e-04 -4.799e-04 -4.510e-01
52.780235 -2.930e+00 -3.662e-01 4.495e-04 -4.732e-04 -4.732e-04 -4.732e-01 -4.750e-04 -4.750e-04 -4.510e-01
52.790234 -3.057e+00 -4.248e-01 4.582e-04 -2.879e-04 -2.879e-04 -2.879e-01 -2.894e-04 -2.894e-04 -2.549e-01
52.800232 -3.164e+00 -4.785e-01 5.166e-04 7.332e-06 7.332e-06 7.332e-03 6.105e-06 6.105e-06 1.961e-02
52.810234 -3.276e+00 -5.078e-01 6.304e-04 2.998e-04 2.998e-04 2.998e-01 2.991e-04 2.991e-04 3.333e-01
52.820232 -3.350e+00 -5.078e-01 7.793e-04 4.777e-04 4.777e-04 4.777e-01 4.774e-04 4.774e-04 4.902e-01
52.830235 -3.438e+00 -5.078e-01 9.544e-04 4.732e-04 4.732e-04 4.732e-01 4.725e-04 4.725e-04 4.902e-01
52.840233 -3.501e+00 -5.127e-01 1.121e-03 2.879e-04 2.879e-04 2.879e-01 2.869e-04 2.869e-04 2.941e-01
52.850235 -3.584e+00 -5.078e-01 1.232e-03 -7.428e-06 -7.428e-06 -7.428e-03 -8.547e-06 -8.547e-06 1.961e-02
52.860233 -3.662e+00 -5.273e-01 1.296e-03 -2.998e-04 -2.998e-04 -2.998e-01 -3.016e-04 -3.016e-04 -2.941e-01
52.870235 -3.745e+00 -5.322e-01 1.310e-03 -4.778e-04 -4.778e-04 -4.778e-01 -4.799e-04 -4.799e-04 -4.510e-01
52.880234 -3.857e+00 -5.518e-01 1.305e-03 -4.732e-04 -4.732e-04 -4.732e-01 -4.750e-04 -4.750e-04 -4.510e-01
52.890236 -3.921e+00 -5.811e-01 1.351e-03 -2.878e-04 -2.878e-04 -2.878e-01 -2.894e-04 -2.894e-04 -2.549e-01
52.900234 -3.999e+00 -5.957e-01 1.427e-03 7.404e-06 7.404e-06 7.404e-03 6.105e-06 6.105e-06 1.961e-02
52.910233 -4.058e+00 -5.859e-01 1.553e-03 2.998e-04 2.998e-04 2.998e-01 2.991e-04 2.991e-04 3.333e-01
52.920235 -4.087e+00 -5.518e-01 1.716e-03 4.778e-04 4.778e-04 4.778e-01 4.774e-04 4.774e-04 4.902e-01
52.930233 -4.126e+00 -4.932e-01 1.871e-03 4.732e-04 4.732e-04 4.732e-01 4.725e-04 4.725e-04 4.902e-01
52.940235 -4.121e+00 -4.688e-01 2.040e-03 2.878e-04 2.878e-04 2.878e-01 2.869e-04 2.869e-04 2.941e-01
52.950233 -4.141e+00 -4.199e-01 2.136e-03 -7.380e-06 -7.380e-06 -7.380e-03 -8.547e-06 -8.547e-06 1.961e-02
52.960236 -4.150e+00 -4.053e-01 2.183e-03 -2.999e-04 -2.999e-04 -2.999e-01 -3.016e-04 -3.016e-04 -2.941e-01
52.970234 -4.160e+00 -3.662e-01 2.169e-03 -4.778e-04 -4.778e-04 -4.778e-01 -4.799e-04 -4.799e-04 -4.510e-01
52.980232 -4.185e+00 -3.662e-01 2.157e-03 -4.732e-04 -4.732e-04 -4.732e-01 -4.750e-04 -4.750e-04 -4.510e-01
52.990234 -4.175e+00 -3.369e-01 2.136e-03 -2.879e-04 -2.879e-04 -2.879e-01 -2.894e-04 -2.894e-04 -2.549e-01
53.000233 -4.165e+00 -3.125e-01 2.166e-03 7.356e-06 7.356e-06 7.356e-03 6.105e-06 6.105e-06 1.961e-02
53.010235 -4.146e+00 -2.588e-01 2.227e-03 2.999e-04 2.999e-04 2.999e-01 2.991e-04 2.991e-04 3.333e-01
53.020233 -4.077e+00 -2.002e-01 2.349e-03 4.778e-04 4.778e-04 4.778e-01 4.774e-04 4.774e-04 4.902e-01
53.030235 -4.023e+00 -1.465e-01 2.463e-03 4.732e-04 4.732e-04 4.732e-01 4.725e-04 4.725e-04 4.902e-01
53.040234 -3.950e+00 -5.859e-02 2.539e-03 2.879e-04 2.879e-04 2.879e-01 2.869e-04 2.869e-04 2.941e-01
53.050232 -3.877e+00 -4.883e-03 2.577e-03 -7.333e-06 -7.333e-06 -7.333e-03 -8.547e-06 -8.547e-06 1.961e-02
53.060234 -3.804e+00 5.859e-02 2.539e-03 -2.998e-04 -2.998e-04 -2.998e-01 -3.016e-04 -3.016e-04 -2.941e-01
53.070232 -3.730e+00 9.766e-02 2.455e-03 -4.777e-04 -4.777e-04 -4.777e-01 -4.799e-04 -4.799e-04 -4.510e-01
53.080235 -3.672e+00 1.270e-01 2.347e-03 -4.732e-04 -4.732e-04 -4.732e-01 -4.750e-04 -4.750e-04 -4.510e-01
53.090233 -3.599e+00 1.562e-01 2.262e-03 -2.879e-04 -2.879e-04 -2.879e-01 -2.894e-04 -2.894e-04 -2.549e-01
53.100235 -3.525e+00 2.002e-01 2.201e-03 7.428e-06 7.428e-06 7.428e-03 6.105e-06 6.105e-06 1.961e-02
53.110233 -3.428e+00 2.441e-01 2.192e-03 2.998e-04 2.998e-04 2.998e-01 2.991e-04 2.991e-04 3.333e-01
53.120235 -3.296e+00 3.076e-01 2.218e-03 4.778e-04 4.778e-04 4.778e-01 4.774e-04 4.774e-04 4.902e-01
53.130234 -3.179e+00 3.662e-01 2.250e-03 4.732e-04 4.732e-04 4.732e-01 4.725e-04 4.725e-04 4.902e-01
53.140232 -3.066e+00 4.395e-01 2.256e-03 2.879e-04 2.879e-04 2.879e-01 2.869e-04 2.869e-04 2.941e-01
53.150234 -2.954e+00 4.883e-01 2.206e-03 -7.405e-06 -7.405e-06 -7.405e-03 -8.547e-06 -8.547e-06 1.961e-02
53.160233 -2.847e+00 5.371e-01 2.087e-03 -2.998e-04 -2.998e-04 -2.998e-01 -3.016e-04 -3.016e-04 -2.941e-01
53.170235 -2.729e+00 5.664e-01 1.932e-03 -4.778e-04 -4.778e-04 -4.778e-01 -4.799e-04 -4.799e-04 -4.510e-01
53.180233 -2.661e+00 5.664e-01 1.760e-03 -4.732e-04 -4.732e-04 -4.732e-01 -4.750e-04 -4.750e-04 -4.510e-01
53.190235 -2.554e+00 5.713e-01 1.599e-03 -2.878e-04 -2.878e-04 -2.878e-01 -2.894e-04 -2.894e-04 -2.549e-01
53.200233 -2.471e+00 5.762e-01 1.483e-03 7.381e-06 7.381e-06 7.381e-03 6.105e-06 6.105e-06 1.961e-02
53.210232 -2.368e+00 5.908e-01 1.424e-03 2.998e-04 2.998e-04 2.998e-01 2.991e-04 2.991e-04 3.333e-01
53.220234 -2.261e+00 6.396e-01 1.383e-03 4.778e-04 4.778e-04 4.778e-01 4.774e-04 4.774e-04 4.902e-01
53.230232 -2.148e+00 6.543e-01 1.369e-03 4.732e-04 4.732e-04 4.732e-01 4.725e-04 4.725e-04 4.902e-01
53.240234 -2.046e+00 6.836e-01 1.345e-03 2.879e-04 2.879e-04 2.879e-01 2.869e-04 2.869e-04 2.941e-01
53.250233 -1.963e+00 6.982e-01 1.252e-03 -7.357e-06 -7.357e-06 -7.357e-03 -8.547e-06 -8.547e-06 1.961e-02
53.260235 -1.890e+00 7.031e-01 1.106e-03 -2.999e-04 -2.999e-04 -2.999e-01 -3.016e-04 -3.016e-04 -2.941e-01
53.270233 -1.821e+00 6.787e-01 9.398e-04 -4.778e-04 -4.778e-04 -4.778e-01 -4.799e-04 -4.799e-04 -4.510e-01
53.280235 -1.787e+00 6.445e-01 7.413e-04 -4.732e-04 -4.732e-04 -4.732e-01 -4.750e-04 -4.750e-04 -4.510e-01
53.290234 -1.738e+00 6.055e-01 5.779e-04 -2.879e-04 -2.879e-04 -2.879e-01 -2.894e-04 -2.894e-04 -2.549e-01
53.300236 -1.724e+00 5.762e-01 4.582e-04 7.453e-06 7.453e-06 7.453e-03 6.105e-06 6.105e-06 1.961e-02
53.310234 -1.689e+00 5.371e-01 4.144e-04 2.998e-04 2.998e-04 2.998e-01 2.991e-04 2.991e-04 3.333e-01
53.320236 -1.655e+00 5.225e-01 3.998e-04 4.778e-04 4.778e-04 4.778e-01 4.774e-04 4.774e-04 4.902e-01
53.330235 -1.631e+00 5.078e-01 4.057e-04 4.732e-04 4.732e-04 4.732e-01 4.725e-04 4.725e-04 4.902e-01
53.340233 -1.592e+00 4.980e-01 3.940e-04 2.879e-04 2.879e-04 2.879e-01 2.869e-04 2.869e-04 2.941e-01
53.350235 -1.587e+00 4.736e-01 3.444e-04 -7.429e-06 -7.429e-06 -7.429e-03 -8.547e-06 -8.547e-06 1.961e-02
53.360233 -1.592e+00 4.248e-01 2.568e-04 -2.998e-04 -2.998e-04 -2.998e-01 -3.016e-04 -3.016e-04 -2.941e-01
53.370235 -1.626e+00 3.662e-01 1.284e-04 -4.778e-04 -4.778e-04 -4.778e-01 -4.799e-04 -4.799e-04 -4.510e-01
53.380234 -1.689e+00 2.979e-01 -8.756e-06 -4.732e-04 -4.732e-04 -4.732e-01 -4.750e-04 -4.750e-04 -4.510e-01
53.390236 -1.738e+00 2.295e-01 -1.138e-04 -2.878e-04 -2.878e-04 -2.878e-01 -2.894e-04 -2.894e-04 -2.549e-01
53.400234 -1.807e+00 1.514e-01 -1.518e-04 7.405e-06 7.405e-06 7.405e-03 6.105e-06 6.105e-06 1.961e-02
53.410233 -1.880e+00 1.025e-01 -1.430e-04 2.998e-04 2.998e-04 2.998e-01 2.991e-04 2.991e-04 3.333e-01
53.420235 -1.919e+00 5.371e-02 -7.296e-05 4.778e-04 4.778e-04 4.778e-01 4.774e-04 4.774e-04 4.902e-01
53.430233 -2.002e+00 2.930e-02 0.000e+00 4.732e-04 4.732e-04 4.732e-01 4.725e-04 4.725e-04 4.902e-01
53.440235 -2.061e+00 -1.465e-02 9.340e-05 2.878e-04 2.878e-04 2.878e-01 2.869e-04 2.869e-04 2.941e-01
53.450233 -2.144e+00 -5.859e-02 1.284e-04 -7.381e-06 -7.381e-06 -7.381e-03 -8.547e-06 -8.547e-06 1.961e-02
53.460236 -2.246e+00 -1.221e-01 1.255e-04 -2.999e-04 -2.999e-04 -2.999e-01 -3.016e-04 -3.016e-04 -2.941e-01
53.470234 -2.354e+00 -1.709e-01 7.588e-05 -4.778e-04 -4.778e-04 -4.778e-01 -4.799e-04 -4.799e-04 -4.510e-01
53.480236 -2.485e+00 -2.734e-01 5.545e-05 -4.732e-04 -4.732e-04 -4.732e-01 -4.750e-04 -4.750e-04 -4.510e-01
53.490234 -2.617e+00 -3.369e-01 3.210e-05 -2.879e-04 -2.879e-04 -2.879e-01 -2.894e-04 -2.894e-04 -2.549e-01
53.500233 -2.749e+00 -3.955e-01 7.005e-05 7.357e-06 7.357e-06 7.357e-03 6.105e-06 6.105e-06 1.961e-02
53.510235 -2.856e+00 -4.541e-01 1.839e-04 2.999e-04 2.999e-04 2.999e-01 2.991e-04 2.991e-04 3.333e-01
53.520233 -2.969e+00 -4.736e-01 3.327e-04 4.778e-04 4.778e-04 4.778e-01 4.774e-04 4.774e-04 4.902e-01
53.530235 -3.062e+00 -5.127e-01 5.108e-04 4.732e-04 4.732e-04 4.732e-01 4.725e-04 4.725e-04 4.902e-01
53.540234 -3.164e+00 -5.176e-01 6.654e-04 2.879e-04 2.879e-04 2.879e-01 2.869e-04 2.869e-04 2.941e-01
53.550236 -3.281e+00 -5.420e-01 7.909e-04 -7.453e-06 -7.453e-06 -7.453e-03 -8.547e-06 -8.547e-06 1.961e-02
53.560234 -3.408e+00 -5.713e-01 8.551e-04 -2.998e-04 -2.998e-04 -2.998e-01 -3.016e-04 -3.016e-04 -2.941e-01
53.570232 -3.535e+00 -5.908e-01 8.727e-04 -4.777e-04 -4.777e-04 -4.777e-01 -4.799e-04 -4.799e-04 -4.510e-01
53.580235 -3.647e+00 -6.494e-01 9.018e-04 -4.732e-04 -4.732e-04 -4.732e-01 -4.750e-04 -4.750e-04 -4.510e-01
53.590233 -3.765e+00 -6.836e-01 9.515e-04 -2.879e-04 -2.879e-04 -2.879e-01 -2.894e-04 -2.894e-04 -2.549e-01
53.600235 -3.882e+00 -7.129e-01 1.045e-03 7.429e-06 7.429e-06 7.429e-03 6.105e-06 6.105e-06 1.961e-02
53.610233 -3.989e+00 -7.227e-01 1.197e-03 2.998e-04 2.998e-04 2.998e-01 2.991e-04 2.991e-04 3.333e-01
53.620235 -4.062e+00 -7.031e-01 1.386e-03 4.778e-04 4.778e-04 4.778e-01 4.774e-04 4.774e-04 4.902e-01
53.630234 -4.126e+00 -6.885e-01 1.594e-03 4.732e-04 4.732e-04 4.732e-01 4.725e-04 4.725e-04 4.902e-01
53.640236 -4.175e+00 -6.445e-01 1.772e-03 2.878e-04 2.878e-04 2.878e-01 2.869e-04 2.869e-04 2.941e-01
53.650234 -4.229e+00 -6.250e-01 1.903e-03 -7.405e-06 -7.405e-06 -7.405e-03 -8.547e-06 -8.547e-06 1.961e-02
53.660233 -4.277e+00 -6.104e-01 1.982e-03 -2.998e-04 -2.998e-04 -2.998e-01 -3.016e-04 -3.016e-04 -2.941e-01
53.670235 -4.331e+00 -5.908e-01 2.002e-03 -4.778e-04 -4.778e-04 -4.778e-01 -4.799e-04 -4.799e-04 -4.510e-01
53.680233 -4.395e+00 -5.908e-01 2.014e-03 -4.732e-04 -4.732e-04 -4.732e-01 -4.750e-04 -4.750e-04 -4.510e-01
53.690235 -4.419e+00 -5.762e-01 2.049e-03 -2.878e-04 -2.878e-04 -2.878e-01 -2.894e-04 -2.894e-04 -2.549e-01
53.700233 -4.463e+00 -5.518e-01 2.116e-03 7.381e-06 7.381e-06 7.381e-03 6.105e-06 6.105e-06 1.961e-02
53.710232 -4.468e+00 -4.980e-01 2.224e-03 2.998e-04 2.998e-04 2.998e-01 2.991e-04 2.991e-04 3.333e-01
53.720234 -4.438e+00 -4.395e-01 2.373e-03 4.778e-04 4.778e-04 4.778e-01 4.774e-04 4.774e-04 4.902e-01
53.730236 -4.414e+00 -3.857e-01 2.533e-03 4.732e-04 4.732e-04 4.732e-01 4.725e-04 4.725e-04 4.902e-01
53.740234 -4.370e+00 -2.979e-01 2.641e-03 2.879e-04 2.879e-04 2.879e-01 2.869e-04 2.869e-04 2.941e-01
53.750233 -4.312e+00 -2.393e-01 2.720e-03 -7.357e-06 -7.357e-06 -7.357e-03 -8.547e-06 -8.547e-06 1.961e-02
53.760235 -4.272e+00 -1.807e-01 2.729e-03 -2.999e-04 -2.999e-04 -2.999e-01 -3.016e-04 -3.016e-04 -2.941e-01
53.770233 -4.214e+00 -1.221e-01 2.676e-03 -4.778e-04 -4.778e-04 -4.778e-01 -4.799e-04 -4.799e-04 -4.510e-01
53.780235 -4.160e+00 -9.766e-02 2.612e-03 -4.732e-04 -4.732e-04 -4.732e-01 -4.750e-04 -4.750e-04 -4.510e-01
53.790234 -4.111e+00 -4.883e-02 2.548e-03 -2.879e-04 -2.879e-04 -2.879e-01 -2.894e-04 -2.894e-04 -2.549e-01
53.800232 -4.038e+00 0.000e+00 2.528e-03 7.333e-06 7.333e-06 7.333e-03 6.105e-06 6.105e-06 1.961e-02
53.810234 -3.940e+00 6.348e-02 2.548e-03 2.998e-04 2.998e-04 2.998e-01 2.991e-04 2.991e-04 3.333e-01
53.820232 -3.818e+00 1.416e-01 2.603e-03 4.777e-04 4.777e-04 4.777e-01 4.774e-04 4.774e-04 4.902e-01
53.830235 -3.701e+00 2.246e-01 2.650e-03 4.732e-04 4.732e-04 4.732e-01 4.725e-04 4.725e-04 4.902e-01
53.840233 -3.560e+00 2.979e-01 2.694e-03 2.879e-04 2.879e-04 2.879e-01 2.869e-04 2.869e-04 2.941e-01
53.850235 -3.442e+00 3.711e-01 2.659e-03 -7.429e-06 -7.429e-06 -7.429e-03 -8.547e-06 -8.547e-06 1.961e-02
53.860233 -3.315e+00 4.297e-01 2.565e-03 -2.998e-04 -2.998e-04 -2.998e-01 -3.016e-04 -3.016e-04 -2.941e-01
53.870235 -3.213e+00 4.834e-01 2.417e-03 -4.778e-04 -4.778e-04 -4.778e-01 -4.799e-04 -4.799e-04 -4.510e-01
53.880234 -3.086e+00 4.980e-01 2.250e-03 -4.732e-04 -4.732e-04 -4.732e-01 -4.750e-04 -4.750e-04 -4.510e-01
53.890236 -2.979e+00 5.420e-01 2.093e-03 -2.878e-04 -2.878e-04 -2.878e-01 -2.894e-04 -2.894e-04 -2.549e-01
53.900234 -2.856e+00 5.713e-01 1.970e-03 7.405e-06 7.405e-06 7.405e-03 6.105e-06 6.105e-06 1.961e-02
53.910233 -2.720e+00 6.104e-01 1.912e-03 2.998e-04 2.998e-04 2.998e-01 2.991e-04 2.991e-04 3.333e-01
53.920235 -2.593e+00 6.543e-01 1.888e-03 4.778e-04 4.778e-04 4.778e-01 4.774e-04 4.774e-04 4.902e-01
53.930237 -2.432e+00 6.934e-01 1.868e-03 4.732e-04 4.732e-04 4.732e-01 4.725e-04 4.725e-04 4.902e-01
53.940235 -2.300e+00 7.715e-01 1.804e-03 2.878e-04 2.878e-04 2.878e-01 2.869e-04 2.869e-04 2.941e-01
53.950233 -2.168e+00 7.959e-01 1.710e-03 -7.381e-06 -7.381e-06 -7.381e-03 -8.547e-06 -8.547e-06 1.961e-02
53.960232 -2.056e+00 8.203e-01 1.544e-03 -2.998e-04 -2.998e-04 -2.998e-01 -3.016e-04 -3.016e-04 -2.941e-01
53.970234 -1.948e+00 8.203e-01 1.345e-03 -4.778e-04 -4.778e-04 -4.778e-01 -4.799e-04 -4.799e-04 -4.510e-01
53.980232 -1.870e+00 8.105e-01 1.118e-03 -4.732e-04 -4.732e-04 -4.732e-01 -4.750e-04 -4.750e-04 -4.510e-01
53.990234 -1.782e+00 7.861e-01 9.369e-04 -2.879e-04 -2.879e-04 -2.879e-01 -2.894e-04 -2.894e-04 -2.549e-01
54.000233 -1.704e+00 7.568e-01 7.909e-04 7.357e-06 7.357e-06 7.357e-03 6.105e-06 6.105e-06 1.961e-02
54.010235 -1.631e+00 7.520e-01 6.975e-04 2.999e-04 2.999e-04 2.999e-01 2.991e-04 2.991e-04 3.333e-01
54.020233 -1.533e+00 7.471e-01 6.538e-04 4.778e-04 4.778e-04 4.778e-01 4.774e-04 4.774e-04 4.902e-01
54.030235 -1.436e+00 7.324e-01 6.363e-04 4.732e-04 4.732e-04 4.732e-01 4.725e-04 4.725e-04 4.902e-01
54.040234 -1.353e+00 7.617e-01 5.662e-04 2.879e-04 2.879e-04 2.879e-01 2.869e-04 2.869e-04 2.941e-01
54.050236 -1.260e+00 7.275e-01 4.845e-04 -7.453e-06 -7.453e-06 -7.453e-03 -8.547e-06 -8.547e-06 1.961e-02
54.060234 -1.187e+00 6.934e-01 3.444e-04 -2.998e-04 -2.998e-04 -2.998e-01 -3.016e-04 -3.016e-04 -2.941e-01
54.070232 -1.118e+00 6.543e-01 1.722e-04 -4.777e-04 -4.777e-04 -4.777e-01 -4.799e-04 -4.799e-04 -4.510e-01
54.080235 -1.060e+00 5.762e-01 5.837e-06 -4.732e-04 -4.732e-04 -4.732e-01 -4.750e-04 -4.750e-04 -4.510e-01
54.090233 -1.006e+00 5.176e-01 -1.518e-04 -2.879e-04 -2.879e-04 -2.879e-01 -2.894e-04 -2.894e-04 -2.549e-01
54.100235 -9.814e-01 4.541e-01 -2.452e-04 7.429e-06 7.429e-06 7.429e-03 6.105e-06 6.105e-06 1.961e-02
54.110233 -9.473e-01 4.053e-01 -2.802e-04 2.998e-04 2.998e-04 2.998e-01 2.991e-04 2.991e-04 3.333e-01
54.120232 -9.033e-01 3.711e-01 -2.685e-04 4.777e-04 4.777e-04 4.777e-01 4.774e-04 4.774e-04 4.902e-01
54.130234 -8.740e-01 3.320e-01 -2.247e-04 4.732e-04 4.732e-04 4.732e-01 4.725e-04 4.725e-04 4.902e-01
54.140236 -8.350e-01 3.125e-01 -2.101e-04 2.878e-04 2.878e-04 2.878e-01 2.869e-04 2.869e-04 2.941e-01
54.150234 -8.350e-01 2.783e-01 -2.335e-04 -7.405e-06 -7.405e-06 -7.405e-03 -8.547e-06 -8.547e-06 1.961e-02
54.160236 -8.496e-01 2.295e-01 -2.948e-04 -2.999e-04 -2.999e-04 -2.999e-01 -3.016e-04 -3.016e-04 -2.941e-01
54.170235 -8.789e-01 1.562e-01 -3.794e-04 -4.778e-04 -4.778e-04 -4.778e-01 -4.799e-04 -4.799e-04 -4.510e-01
54.180233 -9.668e-01 7.812e-02 -4.816e-04 -4.732e-04 -4.732e-04 -4.732e-01 -4.750e-04 -4.750e-04 -4.510e-01
54.190235 -1.045e+00 9.766e-03 -5.516e-04 -2.878e-04 -2.878e-04 -2.878e-01 -2.894e-04 -2.894e-04 -2.549e-01
54.200233 -1.143e+00 -7.324e-02 -5.458e-04 7.381e-06 7.381e-06 7.381e-03 6.105e-06 6.105e-06 1.961e-02
54.210236 -1.245e+00 -1.221e-01 -4.962e-04 2.999e-04 2.999e-04 2.999e-01 2.991e-04 2.991e-04 3.333e-01
54.220234 -1.372e+00 -1.709e-01 -3.940e-04 4.778e-04 4.778e-04 4.778e-01 4.774e-04 4.774e-04 4.902e-01
54.230232 -1.514e+00 -1.953e-01 -2.802e-04 4.732e-04 4.732e-04 4.732e-01 4.725e-04 4.725e-04 4.902e-01
54.240234 -1.641e+00 -2.344e-01 -1.605e-04 2.879e-04 2.879e-04 2.879e-01 2.869e-04 2.869e-04 2.941e-01
54.250233 -1.816e+00 -2.832e-01 -8.172e-05 -7.358e-06 -7.358e-06 -7.358e-03 -8.547e-06 -8.547e-06 1.961e-02
54.260235 -1.992e+00 -3.320e-01 -5.545e-05 -2.999e-04 -2.999e-04 -2.999e-01 -3.016e-04 -3.016e-04 -2.941e-01
54.270233 -2.178e+00 -3.906e-01 -5.545e-05 -4.778e-04 -4.778e-04 -4.778e-01 -4.799e-04 -4.799e-04 -4.510e-01
54.280235 -2.368e+00 -4.785e-01 -5.837e-05 -4.732e-04 -4.732e-04 -4.732e-01 -4.750e-04 -4.750e-04 -4.510e-01
54.290234 -2.554e+00 -5.371e-01 -4.670e-05 -2.879e-04 -2.879e-04 -2.879e-01 -2.894e-04 -2.894e-04 -2.549e-01
54.300232 -2.739e+00 -6.104e-01 3.794e-05 7.334e-06 7.334e-06 7.334e-03 6.105e-06 6.105e-06 1.961e-02
54.310234 -2.905e+00 -6.445e-01 1.664e-04 2.998e-04 2.998e-04 2.998e-01 2.991e-04 2.991e-04 3.333e-01
54.320232 -3.057e+00 -6.787e-01 3.590e-04 4.777e-04 4.777e-04 4.777e-01 4.774e-04 4.774e-04 4.902e-01
54.330235 -3.213e+00 -6.934e-01 5.545e-04 4.732e-04 4.732e-04 4.732e-01 4.725e-04 4.725e-04 4.902e-01
54.340233 -3.325e+00 -7.031e-01 7.530e-04 2.879e-04 2.879e-04 2.879e-01 2.869e-04 2.869e-04 2.941e-01
54.350235 -3.481e+00 -7.227e-01 9.048e-04 -7.430e-06 -7.430e-06 -7.430e-03 -8.547e-06 -8.547e-06 1.961e-02
54.360237 -3.618e+00 -7.422e-01 9.952e-04 -2.999e-04 -2.999e-04 -2.999e-01 -3.016e-04 -3.016e-04 -2.941e-01
54.370235 -3.760e+00 -7.617e-01 1.051e-03 -4.778e-04 -4.778e-04 -4.778e-01 -4.799e-04 -4.799e-04 -4.510e-01
54.380234 -3.926e+00 -8.105e-01 1.106e-03 -4.732e-04 -4.732e-04 -4.732e-01 -4.750e-04 -4.750e-04 -4.510e-01
54.390232 -4.043e+00 -8.154e-01 1.156e-03 -2.879e-04 -2.879e-04 -2.879e-01 -2.894e-04 -2.894e-04 -2.549e-01
54.400234 -4.165e+00 -8.496e-01 1.290e-03 7.406e-06 7.406e-06 7.406e-03 6.105e-06 6.105e-06 1.961e-02
54.410233 -4.277e+00 -8.496e-01 1.459e-03 2.998e-04 2.998e-04 2.998e-01 2.991e-04 2.991e-04 3.333e-01
54.420235 -4.346e+00 -8.154e-01 1.667e-03 4.778e-04 4.778e-04 4.778e-01 4.774e-04 4.774e-04 4.902e-01
54.430233 -4.414e+00 -7.764e-01 1.880e-03 4.732e-04 4.732e-04 4.732e-01 4.725e-04 4.725e-04 4.902e-01
54.440235 -4.448e+00 -7.324e-01 2.081e-03 2.878e-04 2.878e-04 2.878e-01 2.869e-04 2.869e-04 2.941e-01
54.450233 -4.517e+00 -6.934e-01 2.218e-03 -7.382e-06 -7.382e-06 -7.382e-03 -8.547e-06 -8.547e-06 1.961e-02
54.460232 -4.551e+00 -6.396e-01 2.291e-03 -2.998e-04 -2.998e-04 -2.998e-01 -3.016e-04 -3.016e-04 -2.941e-01
54.470234 -4.590e+00 -6.250e-01 2.332e-03 -4.778e-04 -4.778e-04 -4.778e-01 -4.799e-04 -4.799e-04 -4.510e-01
54.480236 -4.639e+00 -6.006e-01 2.347e-03 -4.732e-04 -4.732e-04 -4.732e-01 -4.750e-04 -4.750e-04 -4.510e-01
54.490234 -4.648e+00 -5.713e-01 2.379e-03 -2.879e-04 -2.879e-04 -2.879e-01 -2.894e-04 -2.894e-04 -2.549e-01
54.500233 -4.663e+00 -5.469e-01 2.446e-03 7.358e-06 7.358e-06 7.358e-03 6.105e-06 6.105e-06 1.961e-02
54.510235 -4.644e+00 -4.932e-01 2.560e-03 2.999e-04 2.999e-04 2.999e-01 2.991e-04 2.991e-04 3.333e-01
54.520233 -4.609e+00 -4.053e-01 2.697e-03 4.778e-04 4.778e-04 4.778e-01 4.774e-04 4.774e-04 4.902e-01
54.530235 -4.561e+00 -3.174e-01 2.831e-03 4.732e-04 4.732e-04 4.732e-01 4.725e-04 4.725e-04 4.902e-01
54.540234 -4.473e+00 -2.246e-01 2.945e-03 2.879e-04 2.879e-04 2.879e-01 2.869e-04 2.869e-04 2.941e-01
54.550236 -4.395e+00 -1.514e-01 3.000e-03 -7.454e-06 -7.454e-06 -7.454e-03 -8.547e-06 -8.547e-06 1.961e-02
54.560234 -4.312e+00 -7.324e-02 2.986e-03 -2.998e-04 -2.998e-04 -2.998e-01 -3.016e-04 -3.016e-04 -2.941e-01
54.570236 -4.233e+00 -1.953e-02 2.927e-03 -4.778e-04 -4.778e-04 -4.778e-01 -4.799e-04 -4.799e-04 -4.510e-01
54.580235 -4.160e+00 2.930e-02 2.837e-03 -4.732e-04 -4.732e-04 -4.732e-01 -4.750e-04 -4.750e-04 -4.510e-01
54.590233 -4.058e+00 8.301e-02 2.767e-03 -2.879e-04 -2.879e-04 -2.879e-01 -2.894e-04 -2.894e-04 -2.549e-01
54.600235 -3.975e+00 1.465e-01 2.714e-03 7.430e-06 7.430e-06 7.430e-03 6.105e-06 6.105e-06 1.961e-02
54.610233 -3.838e+00 2.148e-01 2.711e-03 2.998e-04 2.998e-04 2.998e-01 2.991e-04 2.991e-04 3.333e-01
54.620235 -3.691e+00 2.979e-01 2.738e-03 4.778e-04 4.778e-04 4.778e-01 4.774e-04 4.774e-04 4.902e-01
54.630234 -3.540e+00 3.760e-01 2.776e-03 4.732e-04 4.732e-04 4.732e-01 4.725e-04 4.725e-04 4.902e-01
54.640236 -3.384e+00 4.736e-01 2.764e-03 2.878e-04 2.878e-04 2.878e-01 2.869e-04 2.869e-04 2.941e-01
54.650234 -3.223e+00 5.469e-01 2.708e-03 -7.406e-06 -7.406e-06 -7.406e-03 -8.547e-06 -8.547e-06 1.961e-02
54.660233 -3.086e+00 6.152e-01 2.577e-03 -2.998e-04 -2.998e-04 -2.998e-01 -3.016e-04 -3.016e-04 -2.941e-01
54.670235 -2.944e+00 6.641e-01 2.408e-03 -4.778e-04 -4.778e-04 -4.778e-01 -4.799e-04 -4.799e-04 -4.510e-01
54.680233 -2.822e+00 6.934e-01 2.201e-03 -4.732e-04 -4.732e-04 -4.732e-01 -4.750e-04 -4.750e-04 -4.510e-01
54.690235 -2.666e+00 7.324e-01 2.014e-03 -2.878e-04 -2.878e-04 -2.878e-01 -2.894e-04 -2.894e-04 -2.549e-01
54.700233 -2.529e+00 7.520e-01 1.877e-03 7.382e-06 7.382e-06 7.382e-03 6.105e-06 6.105e-06 1.961e-02
54.710236 -2.388e+00 7.861e-01 1.780e-03 2.999e-04 2.999e-04 2.999e-01 2.991e-04 2.991e-04 3.333e-01
54.720234 -2.222e+00 8.301e-01 1.722e-03 4.778e-04 4.778e-04 4.778e-01 4.774e-04 4.774e-04 4.902e-01
54.730232 -2.061e+00 8.643e-01 1.675e-03 4.732e-04 4.732e-04 4.732e-01 4.725e-04 4.725e-04 4.902e-01
54.740234 -1.909e+00 9.180e-01 1.602e-03 2.879e-04 2.879e-04 2.879e-01 2.869e-04 2.869e-04 2.941e-01
54.750233 -1.787e+00 9.473e-01 1.471e-03 -7.358e-06 -7.358e-06 -7.358e-03 -8.547e-06 -8.547e-06 1.961e-02
54.760235 -1.670e+00 9.570e-01 1.287e-03 -2.999e-04 -2.999e-04 -2.999e-01 -3.016e-04 -3.016e-04 -2.941e-01
54.770233 -1.558e+00 9.668e-01 1.054e-03 -4.778e-04 -4.778e-04 -4.778e-01 -4.799e-04 -4.799e-04 -4.510e-01
54.780235 -1.450e+00 9.082e-01 8.376e-04 -4.732e-04 -4.732e-04 -4.732e-01 -4.750e-04 -4.750e-04 -4.510e-01
54.790234 -1.343e+00 8.936e-01 6.187e-04 -2.879e-04 -2.879e-04 -2.879e-01 -2.894e-04 -2.894e-04 -2.549e-01
54.800232 -1.226e+00 8.594e-01 4.524e-04 7.334e-06 7.334e-06 7.334e-03 6.105e-06 6.105e-06 1.961e-02
54.810234 -1.104e+00 8.301e-01 3.561e-04 2.998e-04 2.998e-04 2.998e-01 2.991e-04 2.991e-04 3.333e-01
54.820236 -9.668e-01 8.301e-01 2.919e-04 4.778e-04 4.778e-04 4.778e-01 4.774e-04 4.774e-04 4.902e-01
54.830235 -8.154e-01 7.959e-01 2.685e-04 4.732e-04 4.732e-04 4.732e-01 4.725e-04 4.725e-04 4.902e-01
54.840237 -6.592e-01 8.154e-01 1.926e-04 2.878e-04 2.878e-04 2.878e-01 2.869e-04 2.869e-04 2.941e-01
54.850235 -5.078e-01 7.812e-01 9.631e-05 -7.430e-06 -7.430e-06 -7.430e-03 -8.547e-06 -8.547e-06 1.961e-02
54.860233 -3.613e-01 7.520e-01 -4.962e-05 -2.998e-04 -2.998e-04 -2.998e-01 -3.016e-04 -3.016e-04 -2.941e-01
54.870235 -2.295e-01 6.836e-01 -2.189e-04 -4.778e-04 -4.778e-04 -4.778e-01 -4.799e-04 -4.799e-04 -4.510e-01
54.880234 -1.074e-01 6.104e-01 -4.028e-04 -4.732e-04 -4.732e-04 -4.732e-01 -4.750e-04 -4.750e-04 -4.510e-01
54.890232 -1.465e-02 5.664e-01 -5.750e-04 -2.879e-04 -2.879e-04 -2.879e-01 -2.894e-04 -2.894e-04 -2.549e-01
54.900234 8.301e-02 4.932e-01 -6.596e-04 7.406e-06 7.406e-06 7.406e-03 6.105e-06 6.105e-06 1.961e-02
54.910233 2.148e-01 4.541e-01 -7.063e-04 2.998e-04 2.998e-04 2.998e-01 2.991e-04 2.991e-04 3.333e-01
54.920235 3.369e-01 4.199e-01 -6.946e-04 4.778e-04 4.778e-04 4.778e-01 4.774e-04 4.774e-04 4.902e-01
54.930233 4.639e-01 4.053e-01 -6.771e-04 4.732e-04 4.732e-04 4.732e-01 4.725e-04 4.725e-04 4.902e-01
54.940235 6.055e-01 3.809e-01 -6.567e-04 2.878e-04 2.878e-04 2.878e-01 2.869e-04 2.869e-04 2.941e-01
54.950233 7.178e-01 3.467e-01 -6.830e-04 -7.382e-06 -7.382e-06 -7.382e-03 -8.547e-06 -8.547e-06 1.961e-02
54.960236 8.105e-01 3.076e-01 -7.559e-04 -2.999e-04 -2.999e-04 -2.999e-01 -3.016e-04 -3.016e-04 -2.941e-01
54.970234 9.180e-01 2.588e-01 -8.639e-04 -4.778e-04 -4.778e-04 -4.778e-01 -4.799e-04 -4.799e-04 -4.510e-01
54.980236 9.717e-01 2.051e-01 -9.865e-04 -4.732e-04 -4.732e-04 -4.732e-01 -4.750e-04 -4.750e-04 -4.510e-01
54.990234 1.060e+00 1.416e-01 -1.059e-03 -2.879e-04 -2.879e-04 -2.879e-01 -2.894e-04 -2.894e-04 -2.549e-01
55.000237 1.128e+00 9.277e-02 -1.100e-03 7.478e-06 7.478e-06 7.478e-03 6.105e-06 6.105e-06 1.961e-02
55.010235 1.206e+00 6.348e-02 -1.080e-03 2.999e-04 2.999e-04 2.999e-01 2.991e-04 2.991e-04 3.333e-01
55.020233 1.304e+00 3.906e-02 -9.952e-04 4.778e-04 4.778e-04 4.778e-01 4.774e-04 4.774e-04 4.902e-01
55.030235 1.401e+00 2.930e-02 -9.077e-04 4.732e-04 4.732e-04 4.732e-01 4.725e-04 4.725e-04 4.902e-01
55.040234 1.494e+00 4.395e-02 -8.406e-04 2.879e-04 2.879e-04 2.879e-01 2.869e-04 2.869e-04 2.941e-01
55.050236 1.567e+00 2.441e-02 -8.143e-04 -7.454e-06 -7.454e-06 -7.454e-03 -8.547e-06 -8.547e-06 1.961e-02
55.060234 1.650e+00 2.441e-02 -8.464e-04 -2.998e-04 -2.998e-04 -2.998e-01 -3.016e-04 -3.016e-04 -2.941e-01
55.070232 1.738e+00 -4.883e-03 -9.048e-04 -4.777e-04 -4.777e-04 -4.777e-01 -4.799e-04 -4.799e-04 -4.510e-01
55.080235 1.792e+00 -2.930e-02 -9.894e-04 -4.732e-04 -4.732e-04 -4.732e-01 -4.750e-04 -4.750e-04 -4.510e-01
55.090233 1.880e+00 -6.348e-02 -1.033e-03 -2.879e-04 -2.879e-04 -2.879e-01 -2.894e-04 -2.894e-04 -2.549e-01
55.100235 1.934e+00 -9.277e-02 -1.030e-03 7.430e-06 7.430e-06 7.430e-03 6.105e-06 6.105e-06 1.961e-02
55.110233 2.007e+00 -9.277e-02 -9.836e-04 2.998e-04 2.998e-04 2.998e-01 2.991e-04 2.991e-04 3.333e-01
55.120232 2.085e+00 -7.324e-02 -8.931e-04 4.777e-04 4.777e-04 4.777e-01 4.774e-04 4.774e-04 4.902e-01
55.130234 2.163e+00 -3.906e-02 -7.968e-04 4.732e-04 4.732e-04 4.732e-01 4.725e-04 4.725e-04 4.902e-01
55.140236 2.261e+00 -1.465e-02 -7.121e-04 2.878e-04 2.878e-04 2.878e-01 2.869e-04 2.869e-04 2.941e-01
55.150234 2.310e+00 1.953e-02 -6.946e-04 -7.406e-06 -7.406e-06 -7.406e-03 -8.547e-06 -8.547e-06 1.961e-02
55.160233 2.373e+00 2.930e-02 -7.121e-04 -2.998e-04 -2.998e-04 -2.998e-01 -3.016e-04 -3.016e-04 -2.941e-01
55.170235 2.417e+00 2.930e-02 -7.822e-04 -4.778e-04 -4.778e-04 -4.778e-01 -4.799e-04 -4.799e-04 -4.510e-01
55.180233 2.456e+00 1.465e-02 -8.581e-04 -4.732e-04 -4.732e-04 -4.732e-01 -4.750e-04 -4.750e-04 -4.510e-01
55.190235 2.495e+00 2.441e-02 -9.340e-04 -2.878e-04 -2.878e-04 -2.878e-01 -2.894e-04 -2.894e-04 -2.549e-01
55.200233 2.524e+00 1.465e-02 -9.485e-04 7.382e-06 7.382e-06 7.382e-03 6.105e-06 6.105e-06 1.961e-02
55.210232 2.588e+00 3.418e-02 -9.252e-04 2.998e-04 2.998e-04 2.998e-01 2.991e-04 2.991e-04 3.333e-01
55.220234 2.637e+00 9.277e-02 -8.785e-04 4.778e-04 4.778e-04 4.778e-01 4.774e-04 4.774e-04 4.902e-01
55.230232 2.715e+00 9.766e-02 -7.763e-04 4.732e-04 4.732e-04 4.732e-01 4.725e-04 4.725e-04 4.902e-01
55.240234 2.803e+00 1.611e-01 -7.355e-04 2.879e-04 2.879e-04 2.879e-01 2.869e-04 2.869e-04 2.941e-01
55.250233 2.861e+00 1.807e-01 -7.267e-04 -7.358e-06 -7.358e-06 -7.358e-03 -8.547e-06 -8.547e-06 1.961e-02
55.260235 2.910e+00 1.953e-01 -7.763e-04 -2.999e-04 -2.999e-04 -2.999e-01 -3.016e-04 -3.016e-04 -2.941e-01
55.270233 2.959e+00 2.100e-01 -8.814e-04 -4.778e-04 -4.778e-04 -4.778e-01 -4.799e-04 -4.799e-04 -4.510e-01
55.280235 3.008e+00 1.855e-01 -9.865e-04 -4.732e-04 -4.732e-04 -4.732e-01 -4.750e-04 -4.750e-04 -4.510e-01
55.290234 3.037e+00 1.953e-01 -1.080e-03 -2.879e-04 -2.879e-04 -2.879e-01 -2.894e-04 -2.894e-04 -2.549e-01
55.300236 3.071e+00 1.953e-01 -1.138e-03 7.454e-06 7.454e-06 7.454e-03 6.105e-06 6.105e-06 1.961e-02
55.310234 3.125e+00 2.295e-01 -1.153e-03 2.998e-04 2.998e-04 2.998e-01 2.991e-04 2.991e-04 3.333e-01
55.320232 3.198e+00 2.393e-01 -1.097e-03 4.777e-04 4.777e-04 4.777e-01 4.774e-04 4.774e-04 4.902e-01
55.330235 3.247e+00 2.832e-01 -1.062e-03 4.732e-04 4.732e-04 4.732e-01 4.725e-04 4.725e-04 4.902e-01
55.340233 3.325e+00 3.125e-01 -1.027e-03 2.879e-04 2.879e-04 2.879e-01 2.869e-04 2.869e-04 2.941e-01
55.350235 3.379e+00 3.223e-01 -1.042e-03 -7.430e-06 -7.430e-06 -7.430e-03 -8.547e-06 -8.547e-06 1.961e-02
55.360233 3.442e+00 3.271e-01 -1.118e-03 -2.998e-04 -2.998e-04 -2.998e-01 -3.016e-04 -3.016e-04 -2.941e-01
55.370235 3.472e+00 3.320e-01 -1.246e-03 -4.778e-04 -4.778e-04 -4.778e-01 -4.799e-04 -4.799e-04 -4.510e-01
55.380234 3.481e+00 3.076e-01 -1.372e-03 -4.732e-04 -4.732e-04 -4.732e-01 -4.750e-04 -4.750e-04 -4.510e-01
55.390236 3.530e+00 2.881e-01 -1.480e-03 -2.878e-04 -2.878e-04 -2.878e-01 -2.894e-04 -2.894e-04 -2.549e-01
55.400234 3.545e+00 2.783e-01 -1.556e-03 7.406e-06 7.406e-06 7.406e-03 6.105e-06 6.105e-06 1.961e-02
55.410233 3.584e+00 2.783e-01 -1.567e-03 2.998e-04 2.998e-04 2.998e-01 2.991e-04 2.991e-04 3.333e-01
55.420235 3.623e+00 2.783e-01 -1.526e-03 4.778e-04 4.778e-04 4.778e-01 4.774e-04 4.774e-04 4.902e-01
55.430233 3.662e+00 2.930e-01 -1.483e-03 4.732e-04 4.732e-04 4.732e-01 4.725e-04 4.725e-04 4.902e-01
55.440235 3.701e+00 3.125e-01 -1.465e-03 2.878e-04 2.878e-04 2.878e-01 2.869e-04 2.869e-04 2.941e-01
55.450233 3.726e+00 3.125e-01 -1.480e-03 -7.383e-06 -7.383e-06 -7.383e-03 -8.547e-06 -8.547e-06 1.961e-02
55.460232 3.750e+00 3.174e-01 -1.556e-03 -2.998e-04 -2.998e-04 -2.998e-01 -3.016e-04 -3.016e-04 -2.941e-01
55.470234 3.750e+00 2.881e-01 -1.669e-03 -4.778e-04 -4.778e-04 -4.778e-01 -4.799e-04 -4.799e-04 -4.510e-01
55.480236 3.735e+00 2.441e-01 -1.792e-03 -4.732e-04 -4.732e-04 -4.732e-01 -4.750e-04 -4.750e-04 -4.510e-01
55.490234 3.735e+00 2.197e-01 -1.888e-03 -2.879e-04 -2.879e-04 -2.879e-01 -2.894e-04 -2.894e-04 -2.549e-01
55.500233 3.726e+00 1.709e-01 -1.932e-03 7.359e-06 7.359e-06 7.359e-03 6.105e-06 6.105e-06 1.961e-02
55.510235 3.721e+00 1.465e-01 -1.918e-03 2.999e-04 2.999e-04 2.999e-01 2.991e-04 2.991e-04 3.333e-01
55.520233 3.716e+00 1.514e-01 -1.871e-03 4.778e-04 4.778e-04 4.778e-01 4.774e-04 4.774e-04 4.902e-01
55.530235 3.711e+00 1.416e-01 -1.804e-03 4.732e-04 4.732e-04 4.732e-01 4.725e-04 4.725e-04 4.902e-01
55.540234 3.711e+00 1.514e-01 -1.757e-03 2.879e-04 2.879e-04 2.879e-01 2.869e-04 2.869e-04 2.941e-01
55.550232 3.696e+00 1.367e-01 -1.748e-03 -7.335e-06 -7.335e-06 -7.335e-03 -8.547e-06 -8.547e-06 1.961e-02
55.560234 3.677e+00 1.172e-01 -1.786e-03 -2.998e-04 -2.998e-04 -2.998e-01 -3.016e-04 -3.016e-04 -2.941e-01
55.570232 3.647e+00 8.301e-02 -1.865e-03 -4.777e-04 -4.777e-04 -4.777e-01 -4.799e-04 -4.799e-04 -4.510e-01
55.580235 3.608e+00 2.930e-02 -1.950e-03 -4.732e-04 -4.732e-04 -4.732e-01 -4.750e-04 -4.750e-04 -4.510e-01
55.590233 3.564e+00 -2.441e-02 -2.005e-03 -2.879e-04 -2.879e-04 -2.879e-01 -2.894e-04 -2.894e-04 -2.549e-01
55.600235 3.496e+00 -5.859e-02 -2.023e-03 7.431e-06 7.431e-06 7.431e-03 6.105e-06 6.105e-06 1.961e-02
55.610233 3.447e+00 -8.301e-02 -1.976e-03 2.998e-04 2.998e-04 2.998e-01 2.991e-04 2.991e-04 3.333e-01
55.620232 3.428e+00 -9.277e-02 -1.888e-03 4.777e-04 4.777e-04 4.777e-01 4.774e-04 4.774e-04 4.902e-01
55.630234 3.384e+00 -8.789e-02 -1.786e-03 4.732e-04 4.732e-04 4.732e-01 4.725e-04 4.725e-04 4.902e-01
55.640232 3.374e+00 -7.812e-02 -1.702e-03 2.879e-04 2.879e-04 2.879e-01 2.869e-04 2.869e-04 2.941e-01
55.650234 3.315e+00 -9.766e-02 -1.646e-03 -7.407e-06 -7.407e-06 -7.407e-03 -8.547e-06 -8.547e-06 1.961e-02
55.660233 3.281e+00 -1.172e-01 -1.649e-03 -2.998e-04 -2.998e-04 -2.998e-01 -3.016e-04 -3.016e-04 -2.941e-01
55.670235 3.218e+00 -1.416e-01 -1.693e-03 -4.778e-04 -4.778e-04 -4.778e-01 -4.799e-04 -4.799e-04 -4.510e-01
55.680233 3.145e+00 -1.855e-01 -1.745e-03 -4.732e-04 -4.732e-04 -4.732e-01 -4.750e-04 -4.750e-04 -4.510e-01
55.690235 3.096e+00 -2.197e-01 -1.772e-03 -2.878e-04 -2.878e-04 -2.878e-01 -2.894e-04 -2.894e-04 -2.549e-01
55.700233 3.013e+00 -2.490e-01 -1.763e-03 7.383e-06 7.383e-06 7.383e-03 6.105e-06 6.105e-06 1.961e-02
55.710236 2.979e+00 -2.686e-01 -1.678e-03 2.999e-04 2.999e-04 2.999e-01 2.991e-04 2.991e-04 3.333e-01
55.720234 2.935e+00 -2.686e-01 -1.556e-03 4.778e-04 4.778e-04 4.778e-01 4.774e-04 4.774e-04 4.902e-01
55.730236 2.905e+00 -2.490e-01 -1.433e-03 4.732e-04 4.732e-04 4.732e-01 4.725e-04 4.725e-04 4.902e-01
55.740234 2.905e+00 -2.490e-01 -1.296e-03 2.879e-04 2.879e-04 2.879e-01 2.869e-04 2.869e-04 2.941e-01
55.750233 2.852e+00 -2.344e-01 -1.246e-03 -7.359e-06 -7.359e-06 -7.359e-03 -8.547e-06 -8.547e-06 1.961e-02
55.760235 2.817e+00 -2.295e-01 -1.223e-03 -2.999e-04 -2.999e-04 -2.999e-01 -3.016e-04 -3.016e-04 -2.941e-01
55.770233 2.764e+00 -2.393e-01 -1.258e-03 -4.778e-04 -4.778e-04 -4.778e-01 -4.799e-04 -4.799e-04 -4.510e-01
55.780231 2.705e+00 -2.637e-01 -1.296e-03 -4.732e-04 -4.732e-04 -4.732e-01 -4.750e-04 -4.750e-04 -4.510e-01
55.790234 2.656e+00 -2.588e-01 -1.334e-03 -2.879e-04 -2.879e-04 -2.879e-01 -2.894e-04 -2.894e-04 -2.549e-01
55.800236 2.627e+00 -2.881e-01 -1.287e-03 7.455e-06 7.455e-06 7.455e-03 6.105e-06 6.105e-06 1.961e-02
55.810234 2.612e+00 -2.832e-01 -1.208e-03 2.998e-04 2.998e-04 2.998e-01 2.991e-04 2.991e-04 3.333e-01
55.820236 2.593e+00 -2.588e-01 -1.089e-03 4.778e-04 4.778e-04 4.778e-01 4.774e-04 4.774e-04 4.902e-01
55.830235 2.593e+00 -2.393e-01 -9.485e-04 4.732e-04 4.732e-04 4.732e-01 4.725e-04 4.725e-04 4.902e-01
55.840233 2.598e+00 -1.855e-01 -8.493e-04 2.879e-04 2.879e-04 2.879e-01 2.869e-04 2.869e-04 2.941e-01
55.850235 2.607e+00 -1.611e-01 -7.997e-04 -7.431e-06 -7.431e-06 -7.431e-03 -8.547e-06 -8.547e-06 1.961e-02
55.860233 2.612e+00 -1.318e-01 -8.055e-04 -2.998e-04 -2.998e-04 -2.998e-01 -3.016e-04 -3.016e-04 -2.941e-01
55.870232 2.612e+00 -1.318e-01 -8.464e-04 -4.777e-04 -4.777e-04 -4.777e-01 -4.799e-04 -4.799e-04 -4.510e-01
55.880234 2.593e+00 -1.465e-01 -9.018e-04 -4.732e-04 -4.732e-04 -4.732e-01 -4.750e-04 -4.750e-04 -4.510e-01
55.890232 2.603e+00 -1.416e-01 -9.398e-04 -2.879e-04 -2.879e-04 -2.879e-01 -2.894e-04 -2.894e-04 -2.549e-01
55.900234 2.588e+00 -1.318e-01 -9.427e-04 7.407e-06 7.407e-06 7.407e-03 6.105e-06 6.105e-06 1.961e-02
55.910233 2.612e+00 -1.123e-01 -8.931e-04 2.998e-04 2.998e-04 2.998e-01 2.991e-04 2.991e-04 3.333e-01
55.920235 2.642e+00 -6.348e-02 -8.085e-04 4.778e-04 4.778e-04 4.778e-01 4.774e-04 4.774e-04 4.902e-01
55.930233 2.681e+00 -1.953e-02 -7.121e-04 4.732e-04 4.732e-04 4.732e-01 4.725e-04 4.725e-04 4.902e-01
55.940235 2.734e+00 3.906e-02 -6.450e-04 2.878e-04 2.878e-04 2.878e-01 2.869e-04 2.869e-04 2.941e-01
55.950233 2.793e+00 6.836e-02 -6.217e-04 -7.383e-06 -7.383e-06 -7.383e-03 -8.547e-06 -8.547e-06 1.961e-02
55.960232 2.837e+00 9.766e-02 -6.625e-04 -2.998e-04 -2.998e-04 -2.998e-01 -3.016e-04 -3.016e-04 -2.941e-01
55.970234 2.866e+00 1.074e-01 -7.413e-04 -4.778e-04 -4.778e-04 -4.778e-01 -4.799e-04 -4.799e-04 -4.510e-01
55.980236 2.886e+00 1.074e-01 -8.406e-04 -4.732e-04 -4.732e-04 -4.732e-01 -4.750e-04 -4.750e-04 -4.510e-01
55.990234 2.949e+00 1.074e-01 -9.164e-04 -2.879e-04 -2.879e-04 -2.879e-01 -2.894e-04 -2.894e-04 -2.549e-01
56.000233 2.949e+00 1.318e-01 -9.777e-04 7.359e-06 7.359e-06 7.359e-03 6.105e-06 6.105e-06 1.961e-02
56.010235 3.018e+00 1.562e-01 -9.661e-04 2.999e-04 2.999e-04 2.999e-01 2.991e-04 2.991e-04 3.333e-01
56.020233 3.076e+00 1.904e-01 -9.194e-04 4.778e-04 4.778e-04 4.778e-01 4.774e-04 4.774e-04 4.902e-01
56.030231 3.149e+00 2.295e-01 -8.697e-04 4.732e-04 4.732e-04 4.732e-01 4.725e-04 4.725e-04 4.902e-01
56.040234 3.213e+00 2.783e-01 -8.376e-04 2.879e-04 2.879e-04 2.879e-01 2.869e-04 2.869e-04 2.941e-01
56.050232 3.271e+00 3.027e-01 -8.522e-04 -7.335e-06 -7.335e-06 -7.335e-03 -8.547e-06 -8.547e-06 1.961e-02
56.060234 3.335e+00 3.271e-01 -9.340e-04 -2.998e-04 -2.998e-04 -2.998e-01 -3.016e-04 -3.016e-04 -2.941e-01
56.070232 3.384e+00 3.320e-01 -1.054e-03 -4.777e-04 -4.777e-04 -4.777e-01 -4.799e-04 -4.799e-04 -4.510e-01
56.080235 3.418e+00 3.174e-01 -1.188e-03 -4.732e-04 -4.732e-04 -4.732e-01 -4.750e-04 -4.750e-04 -4.510e-01
56.090233 3.462e+00 3.174e-01 -1.302e-03 -2.879e-04 -2.879e-04 -2.879e-01 -2.894e-04 -2.894e-04 -2.549e-01
56.100235 3.491e+00 3.027e-01 -1.372e-03 7.431e-06 7.431e-06 7.431e-03 6.105e-06 6.105e-06 1.961e-02
56.110233 3.545e+00 3.125e-01 -1.392e-03 2.998e-04 2.998e-04 2.998e-01 2.991e-04 2.991e-04 3.333e-01
56.120235 3.608e+00 3.271e-01 -1.366e-03 4.778e-04 4.778e-04 4.778e-01 4.774e-04 4.774e-04 4.902e-01
56.130234 3.662e+00 3.516e-01 -1.340e-03 4.732e-04 4.732e-04 4.732e-01 4.725e-04 4.725e-04 4.902e-01
56.140232 3.701e+00 3.906e-01 -1.328e-03 2.879e-04 2.879e-04 2.879e-01 2.869e-04 2.869e-04 2.941e-01
56.150234 3.760e+00 3.857e-01 -1.343e-03 -7.407e-06 -7.407e-06 -7.407e-03 -8.547e-06 -8.547e-06 1.961e-02
56.160233 3.799e+00 4.053e-01 -1.451e-03 -2.998e-04 -2.998e-04 -2.998e-01 -3.016e-04 -3.016e-04 -2.941e-01
56.170235 3.823e+00 3.662e-01 -1.561e-03 -4.778e-04 -4.778e-04 -4.778e-01 -4.799e-04 -4.799e-04 -4.510e-01
56.180233 3.828e+00 3.369e-01 -1.707e-03 -4.732e-04 -4.732e-04 -4.732e-01 -4.750e-04 -4.750e-04 -4.510e-01
56.190235 3.833e+00 3.076e-01 -1.824e-03 -2.878e-04 -2.878e-04 -2.878e-01 -2.894e-04 -2.894e-04 -2.549e-01
56.200233 3.833e+00 2.588e-01 -1.871e-03 7.383e-06 7.383e-06 7.383e-03 6.105e-06 6.105e-06 1.961e-02
56.210236 3.843e+00 2.539e-01 -1.888e-03 2.999e-04 2.999e-04 2.999e-01 2.991e-04 2.991e-04 3.333e-01
56.220234 3.853e+00 2.588e-01 -1.856e-03 4.778e-04 4.778e-04 4.778e-01 4.774e-04 4.774e-04 4.902e-01
56.230232 3.867e+00 2.490e-01 -1.804e-03 4.732e-04 4.732e-04 4.732e-01 4.725e-04 4.725e-04 4.902e-01
56.240234 3.896e+00 2.637e-01 -1.777e-03 2.879e-04 2.879e-04 2.879e-01 2.869e-04 2.869e-04 2.941e-01
56.250237 3.892e+00 2.490e-01 -1.786e-03 -7.479e-06 -7.479e-06 -7.479e-03 -8.547e-06 -8.547e-06 1.961e-02
56.260235 3.887e+00 2.246e-01 -1.839e-03 -2.999e-04 -2.999e-04 -2.999e-01 -3.016e-04 -3.016e-04 -2.941e-01
56.270233 3.853e+00 1.855e-01 -1.938e-03 -4.778e-04 -4.778e-04 -4.778e-01 -4.799e-04 -4.799e-04 -4.510e-01
56.280235 3.818e+00 1.318e-01 -2.040e-03 -4.732e-04 -4.732e-04 -4.732e-01 -4.750e-04 -4.750e-04 -4.510e-01
56.290234 3.760e+00 9.277e-02 -2.116e-03 -2.879e-04 -2.879e-04 -2.879e-01 -2.894e-04 -2.894e-04 -2.549e-01
56.300236 3.721e+00 3.906e-02 -2.145e-03 7.455e-06 7.455e-06 7.455e-03 6.105e-06 6.105e-06 1.961e-02
56.310234 3.682e+00 1.953e-02 -2.119e-03 2.998e-04 2.998e-04 2.998e-01 2.991e-04 2.991e-04 3.333e-01
56.320236 3.657e+00 0.000e+00 -2.040e-03 4.778e-04 4.778e-04 4.778e-01 4.774e-04 4.774e-04 4.902e-01
56.330235 3.623e+00 -4.883e-03 -1.958e-03 4.732e-04 4.732e-04 4.732e-01 4.725e-04 4.725e-04 4.902e-01
56.340233 3.608e+00 -4.883e-03 -1.885e-03 2.879e-04 2.879e-04 2.879e-01 2.869e-04 2.869e-04 2.941e-01
56.350235 3.569e+00 -3.906e-02 -1.833e-03 -7.431e-06 -7.431e-06 -7.431e-03 -8.547e-06 -8.547e-06 1.961e-02
56.360233 3.511e+00 -5.371e-02 -1.853e-03 -2.998e-04 -2.998e-04 -2.998e-01 -3.016e-04 -3.016e-04 -2.941e-01
56.370232 3.442e+00 -9.277e-02 -1.903e-03 -4.777e-04 -4.777e-04 -4.777e-01 -4.799e-04 -4.799e-04 -4.510e-01
56.380234 3.359e+00 -1.514e-01 -1.958e-03 -4.732e-04 -4.732e-04 -4.732e-01 -4.750e-04 -4.750e-04 -4.510e-01
56.390236 3.291e+00 -1.807e-01 -1.999e-03 -2.878e-04 -2.878e-04 -2.878e-01 -2.894e-04 -2.894e-04 -2.549e-01
56.400234 3.223e+00 -2.295e-01 -1.982e-03 7.407e-06 7.407e-06 7.407e-03 6.105e-06 6.105e-06 1.961e-02
56.410233 3.169e+00 -2.490e-01 -1.906e-03 2.998e-04 2.998e-04 2.998e-01 2.991e-04 2.991e-04 3.333e-01
56.420235 3.125e+00 -2.686e-01 -1.783e-03 4.778e-04 4.778e-04 4.778e-01 4.774e-04 4.774e-04 4.902e-01
56.430233 3.081e+00 -2.734e-01 -1.646e-03 4.732e-04 4.732e-04 4.732e-01 4.725e-04 4.725e-04 4.902e-01
56.440235 3.018e+00 -2.490e-01 -1.535e-03 2.878e-04 2.878e-04 2.878e-01 2.869e-04 2.869e-04 2.941e-01
56.450233 2.969e+00 -2.539e-01 -1.468e-03 -7.383e-06 -7.383e-06 -7.383e-03 -8.547e-06 -8.547e-06 1.961e-02
56.460232 2.920e+00 -2.637e-01 -1.442e-03 -2.998e-04 -2.998e-04 -2.998e-01 -3.016e-04 -3.016e-04 -2.941e-01
56.470234 2.861e+00 -2.783e-01 -1.465e-03 -4.778e-04 -4.778e-04 -4.778e-01 -4.799e-04 -4.799e-04 -4.510e-01
56.480232 2.788e+00 -3.125e-01 -1.497e-03 -4.732e-04 -4.732e-04 -4.732e-01 -4.750e-04 -4.750e-04 -4.510e-01
56.490234 2.734e+00 -3.516e-01 -1.491e-03 -2.879e-04 -2.879e-04 -2.879e-01 -2.894e-04 -2.894e-04 -2.549e-01
56.500233 2.661e+00 -3.711e-01 -1.459e-03 7.360e-06 7.360e-06 7.360e-03 6.105e-06 6.105e-06 1.961e-02
56.510235 2.627e+00 -3.662e-01 -1.366e-03 2.999e-04 2.999e-04 2.999e-01 2.991e-04 2.991e-04 3.333e-01
56.520233 2.593e+00 -3.564e-01 -1.232e-03 4.778e-04 4.778e-04 4.778e-01 4.774e-04 4.774e-04 4.902e-01
56.530235 2.568e+00 -3.223e-01 -1.089e-03 4.732e-04 4.732e-04 4.732e-01 4.725e-04 4.725e-04 4.902e-01
56.540234 2.544e+00 -2.881e-01 -9.661e-04 2.879e-04 2.879e-04 2.879e-01 2.869e-04 2.869e-04 2.941e-01
56.550232 2.539e+00 -2.686e-01 -9.018e-04 -7.336e-06 -7.336e-06 -7.336e-03 -8.547e-06 -8.547e-06 1.961e-02
56.560234 2.520e+00 -2.490e-01 -8.785e-04 -2.998e-04 -2.998e-04 -2.998e-01 -3.016e-04 -3.016e-04 -2.941e-01
56.570232 2.495e+00 -2.490e-01 -9.048e-04 -4.777e-04 -4.777e-04 -4.777e-01 -4.799e-04 -4.799e-04 -4.510e-01
56.580235 2.471e+00 -2.588e-01 -9.398e-04 -4.732e-04 -4.732e-04 -4.732e-01 -4.750e-04 -4.750e-04 -4.510e-01
56.590237 2.461e+00 -2.734e-01 -9.515e-04 -2.878e-04 -2.878e-04 -2.878e-01 -2.894e-04 -2.894e-04 -2.549e-01
56.600235 2.437e+00 -2.686e-01 -9.340e-04 7.431e-06 7.431e-06 7.431e-03 6.105e-06 6.105e-06 1.961e-02
56.610233 2.427e+00 -2.295e-01 -8.727e-04 2.998e-04 2.998e-04 2.998e-01 2.991e-04 2.991e-04 3.333e-01
56.620232 2.441e+00 -1.904e-01 -7.705e-04 4.777e-04 4.777e-04 4.777e-01 4.774e-04 4.774e-04 4.902e-01
56.630234 2.485e+00 -1.416e-01 -6.567e-04 4.732e-04 4.732e-04 4.732e-01 4.725e-04 4.725e-04 4.902e-01
56.640236 2.524e+00 -7.812e-02 -5.691e-04 2.878e-04 2.878e-04 2.878e-01 2.869e-04 2.869e-04 2.941e-01
56.650234 2.563e+00 -5.859e-02 -5.137e-04 -7.408e-06 -7.408e-06 -7.408e-03 -8.547e-06 -8.547e-06 1.961e-02
56.660233 2.598e+00 -1.465e-02 -5.429e-04 -2.998e-04 -2.998e-04 -2.998e-01 -3.016e-04 -3.016e-04 -2.941e-01
56.670235 2.622e+00 0.000e+00 -6.041e-04 -4.778e-04 -4.778e-04 -4.778e-01 -4.799e-04 -4.799e-04 -4.510e-01
56.680233 2.637e+00 9.766e-03 -6.975e-04 -4.732e-04 -4.732e-04 -4.732e-01 -4.750e-04 -4.750e-04 -4.510e-01
56.690235 2.681e+00 1.953e-02 -7.559e-04 -2.878e-04 -2.878e-04 -2.878e-01 -2.894e-04 -2.894e-04 -2.549e-01
56.700233 2.700e+00 3.906e-02 -7.968e-04 7.384e-06 7.384e-06 7.384e-03 6.105e-06 6.105e-06 1.961e-02
56.710232 2.759e+00 7.324e-02 -7.734e-04 2.998e-04 2.998e-04 2.998e-01 2.991e-04 2.991e-04 3.333e-01
56.720234 2.837e+00 1.172e-01 -7.092e-04 4.778e-04 4.778e-04 4.778e-01 4.774e-04 4.774e-04 4.902e-01
56.730236 2.905e+00 1.562e-01 -6.421e-04 4.732e-04 4.732e-04 4.732e-01 4.725e-04 4.725e-04 4.902e-01
56.740234 2.974e+00 2.344e-01 -6.158e-04 2.879e-04 2.879e-04 2.879e-01 2.869e-04 2.869e-04 2.941e-01
56.750233 3.042e+00 2.490e-01 -6.071e-04 -7.360e-06 -7.360e-06 -7.360e-03 -8.547e-06 -8.547e-06 1.961e-02
56.760235 3.120e+00 2.979e-01 -6.946e-04 -2.999e-04 -2.999e-04 -2.999e-01 -3.016e-04 -3.016e-04 -2.941e-01
56.770233 3.159e+00 3.027e-01 -8.055e-04 -4.778e-04 -4.778e-04 -4.778e-01 -4.799e-04 -4.799e-04 -4.510e-01
56.780235 3.208e+00 3.076e-01 -9.485e-04 -4.732e-04 -4.732e-04 -4.732e-01 -4.750e-04 -4.750e-04 -4.510e-01
56.790234 3.271e+00 3.125e-01 -1.054e-03 -2.879e-04 -2.879e-04 -2.879e-01 -2.894e-04 -2.894e-04 -2.549e-01
56.800236 3.340e+00 3.125e-01 -1.124e-03 7.456e-06 7.456e-06 7.456e-03 6.105e-06 6.105e-06 1.961e-02
56.810234 3.408e+00 3.223e-01 -1.141e-03 2.998e-04 2.998e-04 2.998e-01 2.991e-04 2.991e-04 3.333e-01
56.820232 3.467e+00 3.516e-01 -1.127e-03 4.777e-04 4.777e-04 4.777e-01 4.774e-04 4.774e-04 4.902e-01
56.830235 3.530e+00 3.857e-01 -1.100e-03 4.732e-04 4.732e-04 4.732e-01 4.725e-04 4.725e-04 4.902e-01
56.840233 3.618e+00 4.297e-01 -1.094e-03 2.879e-04 2.879e-04 2.879e-01 2.869e-04 2.869e-04 2.941e-01
56.850231 3.682e+00 4.541e-01 -1.141e-03 -7.312e-06 -7.312e-06 -7.312e-03 -8.547e-06 -8.547e-06 1.961e-02
56.860233 3.755e+00 4.639e-01 -1.246e-03 -2.998e-04 -2.998e-04 -2.998e-01 -3.016e-04 -3.016e-04 -2.941e-01
56.870232 3.799e+00 4.492e-01 -1.380e-03 -4.777e-04 -4.777e-04 -4.777e-01 -4.799e-04 -4.799e-04 -4.510e-01
56.880234 3.818e+00 4.199e-01 -1.529e-03 -4.732e-04 -4.732e-04 -4.732e-01 -4.750e-04 -4.750e-04 -4.510e-01
56.890236 3.857e+00 4.053e-01 -1.667e-03 -2.878e-04 -2.878e-04 -2.878e-01 -2.894e-04 -2.894e-04 -2.549e-01
56.900234 3.862e+00 3.760e-01 -1.742e-03 7.408e-06 7.408e-06 7.408e-03 6.105e-06 6.105e-06 1.961e-02
56.910233 3.906e+00 3.662e-01 -1.766e-03 2.998e-04 2.998e-04 2.998e-01 2.991e-04 2.991e-04 3.333e-01
56.920235 3.945e+00 3.711e-01 -1.754e-03 4.778e-04 4.778e-04 4.778e-01 4.774e-04 4.774e-04 4.902e-01
56.930233 3.984e+00 3.711e-01 -1.722e-03 4.732e-04 4.732e-04 4.732e-01 4.725e-04 4.725e-04 4.902e-01
56.940231 4.023e+00 3.955e-01 -1.725e-03 2.879e-04 2.879e-04 2.879e-01 2.869e-04 2.869e-04 2.941e-01
56.950233 4.033e+00 3.809e-01 -1.754e-03 -7.384e-06 -7.384e-06 -7.384e-03 -8.547e-06 -8.547e-06 1.961e-02
56.960232 4.048e+00 3.613e-01 -1.830e-03 -2.998e-04 -2.998e-04 -2.998e-01 -3.016e-04 -3.016e-04 -2.941e-01
56.970234 4.048e+00 3.174e-01 -1.941e-03 -4.778e-04 -4.778e-04 -4.778e-01 -4.799e-04 -4.799e-04 -4.510e-01
56.980232 4.019e+00 2.734e-01 -2.075e-03 -4.732e-04 -4.732e-04 -4.732e-01 -4.750e-04 -4.750e-04 -4.510e-01
56.990234 3.984e+00 2.246e-01 -2.160e-03 -2.879e-04 -2.879e-04 -2.879e-01 -2.894e-04 -2.894e-04 -2.549e-01
57.000233 3.940e+00 1.855e-01 -2.233e-03 7.360e-06 7.360e-06 7.360e-03 6.105e-06 6.105e-06 1.961e-02
57.010235 3.926e+00 1.416e-01 -2.212e-03 2.999e-04 2.999e-04 2.999e-01 2.991e-04 2.991e-04 3.333e-01
57.020233 3.906e+00 1.270e-01 -2.157e-03 4.778e-04 4.778e-04 4.778e-01 4.774e-04 4.774e-04 4.902e-01
57.030235 3.892e+00 1.123e-01 -2.087e-03 4.732e-04 4.732e-04 4.732e-01 4.725e-04 4.725e-04 4.902e-01
57.040234 3.892e+00 9.766e-02 -2.014e-03 2.879e-04 2.879e-04 2.879e-01 2.869e-04 2.869e-04 2.941e-01
57.050232 3.843e+00 7.812e-02 -2.011e-03 -7.336e-06 -7.336e-06 -7.336e-03 -8.547e-06 -8.547e-06 1.961e-02
57.060234 3.799e+00 4.395e-02 -2.034e-03 -2.998e-04 -2.998e-04 -2.998e-01 -3.016e-04 -3.016e-04 -2.941e-01
57.070232 3.726e+00 4.883e-03 -2.104e-03 -4.777e-04 -4.777e-04 -4.777e-01 -4.799e-04 -4.799e-04 -4.510e-01
57.080235 3.647e+00 -5.859e-02 -2.180e-03 -4.732e-04 -4.732e-04 -4.732e-01 -4.750e-04 -4.750e-04 -4.510e-01
57.090233 3.584e+00 -1.025e-01 -2.230e-03 -2.879e-04 -2.879e-04 -2.879e-01 -2.894e-04 -2.894e-04 -2.549e-01
57.100235 3.506e+00 -1.611e-01 -2.221e-03 7.432e-06 7.432e-06 7.432e-03 6.105e-06 6.105e-06 1.961e-02
57.110233 3.438e+00 -1.953e-01 -2.154e-03 2.998e-04 2.998e-04 2.998e-01 2.991e-04 2.991e-04 3.333e-01
57.120235 3.389e+00 -2.197e-01 -2.043e-03 4.778e-04 4.778e-04 4.778e-01 4.774e-04 4.774e-04 4.902e-01
57.130234 3.325e+00 -2.344e-01 -1.909e-03 4.732e-04 4.732e-04 4.732e-01 4.725e-04 4.725e-04 4.902e-01
57.140236 3.271e+00 -2.295e-01 -1.801e-03 2.878e-04 2.878e-04 2.878e-01 2.869e-04 2.869e-04 2.941e-01
57.150234 3.198e+00 -2.441e-01 -1.734e-03 -7.408e-06 -7.408e-06 -7.408e-03 -8.547e-06 -8.547e-06 1.961e-02
57.160233 3.135e+00 -2.637e-01 -1.716e-03 -2.998e-04 -2.998e-04 -2.998e-01 -3.016e-04 -3.016e-04 -2.941e-01
57.170235 3.047e+00 -3.076e-01 -1.728e-03 -4.778e-04 -4.778e-04 -4.778e-01 -4.799e-04 -4.799e-04 -4.510e-01
57.180233 2.954e+00 -3.369e-01 -1.769e-03 -4.732e-04 -4.732e-04 -4.732e-01 -4.750e-04 -4.750e-04 -4.510e-01
57.190231 2.886e+00 -3.809e-01 -1.757e-03 -2.879e-04 -2.879e-04 -2.879e-01 -2.894e-04 -2.894e-04 -2.549e-01
57.200233 2.798e+00 -4.150e-01 -1.710e-03 7.384e-06 7.384e-06 7.384e-03 6.105e-06 6.105e-06 1.961e-02
57.210236 2.729e+00 -4.297e-01 -1.605e-03 2.999e-04 2.999e-04 2.999e-01 2.991e-04 2.991e-04 3.333e-01
57.220234 2.666e+00 -4.248e-01 -1.459e-03 4.778e-04 4.778e-04 4.778e-01 4.774e-04 4.774e-04 4.902e-01
57.230236 2.617e+00 -4.004e-01 -1.310e-03 4.732e-04 4.732e-04 4.732e-01 4.725e-04 4.725e-04 4.902e-01
57.240234 2.598e+00 -3.760e-01 -1.176e-03 2.879e-04 2.879e-04 2.879e-01 2.869e-04 2.869e-04 2.941e-01
57.250233 2.544e+00 -3.662e-01 -1.083e-03 -7.360e-06 -7.360e-06 -7.360e-03 -8.547e-06 -8.547e-06 1.961e-02
57.260235 2.505e+00 -3.564e-01 -1.051e-03 -2.999e-04 -2.999e-04 -2.999e-01 -3.016e-04 -3.016e-04 -2.941e-01
57.270233 2.446e+00 -3.760e-01 -1.048e-03 -4.778e-04 -4.778e-04 -4.778e-01 -4.799e-04 -4.799e-04 -4.510e-01
57.280235 2.397e+00 -3.809e-01 -1.077e-03 -4.732e-04 -4.732e-04 -4.732e-01 -4.750e-04 -4.750e-04 -4.510e-01
57.290234 2.363e+00 -3.955e-01 -1.065e-03 -2.879e-04 -2.879e-04 -2.879e-01 -2.894e-04 -2.894e-04 -2.549e-01
57.300236 2.314e+00 -4.004e-01 -1.019e-03 7.456e-06 7.456e-06 7.456e-03 6.105e-06 6.105e-06 1.961e-02
57.310234 2.285e+00 -3.662e-01 -9.398e-04 2.998e-04 2.998e-04 2.998e-01 2.991e-04 2.991e-04 3.333e-01
57.320232 2.285e+00 -3.271e-01 -8.143e-04 4.777e-04 4.777e-04 4.777e-01 4.774e-04 4.774e-04 4.902e-01
57.330235 2.295e+00 -2.979e-01 -6.684e-04 4.732e-04 4.732e-04 4.732e-01 4.725e-04 4.725e-04 4.902e-01
57.340237 2.314e+00 -2.295e-01 -5.575e-04 2.878e-04 2.878e-04 2.878e-01 2.869e-04 2.869e-04 2.941e-01
57.350235 2.329e+00 -1.953e-01 -4.962e-04 -7.432e-06 -7.432e-06 -7.432e-03 -8.547e-06 -8.547e-06 1.961e-02
57.360233 2.363e+00 -1.611e-01 -4.903e-04 -2.998e-04 -2.998e-04 -2.998e-01 -3.016e-04 -3.016e-04 -2.941e-01
57.370235 2.363e+00 -1.416e-01 -5.283e-04 -4.778e-04 -4.778e-04 -4.778e-01 -4.799e-04 -4.799e-04 -4.510e-01
57.380234 2.363e+00 -1.367e-01 -5.866e-04 -4.732e-04 -4.732e-04 -4.732e-01 -4.750e-04 -4.750e-04 -4.510e-01
57.390232 2.397e+00 -1.221e-01 -6.333e-04 -2.879e-04 -2.879e-04 -2.879e-01 -2.894e-04 -2.894e-04 -2.549e-01
57.400234 2.422e+00 -9.766e-02 -6.450e-04 7.408e-06 7.408e-06 7.408e-03 6.105e-06 6.105e-06 1.961e-02
57.410233 2.466e+00 -4.883e-02 -6.071e-04 2.998e-04 2.998e-04 2.998e-01 2.991e-04 2.991e-04 3.333e-01
57.420235 2.520e+00 -9.766e-03 -5.253e-04 4.778e-04 4.778e-04 4.778e-01 4.774e-04 4.774e-04 4.902e-01
57.430233 2.588e+00 3.906e-02 -4.290e-04 4.732e-04 4.732e-04 4.732e-01 4.725e-04 4.725e-04 4.902e-01
57.440235 2.671e+00 1.123e-01 -3.794e-04 2.878e-04 2.878e-04 2.878e-01 2.869e-04 2.869e-04 2.941e-01
57.450233 2.744e+00 1.660e-01 -3.794e-04 -7.384e-06 -7.384e-06 -7.384e-03 -8.547e-06 -8.547e-06 1.961e-02
57.460236 2.812e+00 2.051e-01 -4.378e-04 -2.999e-04 -2.999e-04 -2.999e-01 -3.016e-04 -3.016e-04 -2.941e-01
57.470234 2.881e+00 2.344e-01 -5.399e-04 -4.778e-04 -4.778e-04 -4.778e-01 -4.799e-04 -4.799e-04 -4.510e-01
57.480232 2.925e+00 2.441e-01 -6.625e-04 -4.732e-04 -4.732e-04 -4.732e-01 -4.750e-04 -4.750e-04 -4.510e-01
57.490234 2.998e+00 2.637e-01 -7.676e-04 -2.879e-04 -2.879e-04 -2.879e-01 -2.894e-04 -2.894e-04 -2.549e-01
57.500233 3.052e+00 2.783e-01 -8.376e-04 7.360e-06 7.360e-06 7.360e-03 6.105e-06 6.105e-06 1.961e-02
57.510235 3.140e+00 3.076e-01 -8.522e-04 2.999e-04 2.999e-04 2.999e-01 2.991e-04 2.991e-04 3.333e-01
57.520233 3.223e+00 3.467e-01 -8.347e-04 4.778e-04 4.778e-04 4.778e-01 4.774e-04 4.774e-04 4.902e-01
57.530235 3.320e+00 3.906e-01 -8.114e-04 4.732e-04 4.732e-04 4.732e-01 4.725e-04 4.725e-04 4.902e-01
57.540234 3.418e+00 4.443e-01 -7.909e-04 2.879e-04 2.879e-04 2.879e-01 2.869e-04 2.869e-04 2.941e-01
57.550236 3.506e+00 4.785e-01 -8.493e-04 -7.456e-06 -7.456e-06 -7.456e-03 -8.547e-06 -8.547e-06 1.961e-02
57.560234 3.594e+00 5.029e-01 -9.573e-04 -2.999e-04 -2.999e-04 -2.999e-01 -3.016e-04 -3.016e-04 -2.941e-01
57.570236 3.662e+00 5.029e-01 -1.106e-03 -4.778e-04 -4.778e-04 -4.778e-01 -4.799e-04 -4.799e-04 -4.510e-01
57.580235 3.706e+00 4.932e-01 -1.270e-03 -4.732e-04 -4.732e-04 -4.732e-01 -4.750e-04 -4.750e-04 -4.510e-01
57.590233 3.765e+00 4.785e-01 -1.407e-03 -2.879e-04 -2.879e-04 -2.879e-01 -2.894e-04 -2.894e-04 -2.549e-01
57.600235 3.818e+00 4.590e-01 -1.500e-03 7.432e-06 7.432e-06 7.432e-03 6.105e-06 6.105e-06 1.961e-02
57.610233 3.877e+00 4.639e-01 -1.547e-03 2.998e-04 2.998e-04 2.998e-01 2.991e-04 2.991e-04 3.333e-01
57.620232 3.940e+00 4.834e-01 -1.550e-03 4.777e-04 4.777e-04 4.777e-01 4.774e-04 4.774e-04 4.902e-01
57.630234 4.014e+00 4.883e-01 -1.529e-03 4.732e-04 4.732e-04 4.732e-01 4.725e-04 4.725e-04 4.902e-01
57.640236 4.072e+00 5.225e-01 -1.559e-03 2.878e-04 2.878e-04 2.878e-01 2.869e-04 2.869e-04 2.941e-01
57.650234 4.121e+00 5.127e-01 -1.602e-03 -7.408e-06 -7.408e-06 -7.408e-03 -8.547e-06 -8.547e-06 1.961e-02
57.660233 4.160e+00 5.029e-01 -1.707e-03 -2.998e-04 -2.998e-04 -2.998e-01 -3.016e-04 -3.016e-04 -2.941e-01
57.670235 4.180e+00 4.688e-01 -1.856e-03 -4.778e-04 -4.778e-04 -4.778e-01 -4.799e-04 -4.799e-04 -4.510e-01
57.680233 4.189e+00 4.248e-01 -2.005e-03 -4.732e-04 -4.732e-04 -4.732e-01 -4.750e-04 -4.750e-04 -4.510e-01
57.690231 4.180e+00 3.857e-01 -2.133e-03 -2.879e-04 -2.879e-04 -2.879e-01 -2.894e-04 -2.894e-04 -2.549e-01
57.700233 4.165e+00 3.369e-01 -2.206e-03 7.385e-06 7.385e-06 7.385e-03 6.105e-06 6.105e-06 1.961e-02
57.710236 4.160e+00 3.174e-01 -2.230e-03 2.999e-04 2.999e-04 2.999e-01 2.991e-04 2.991e-04 3.333e-01
57.720234 4.165e+00 3.027e-01 -2.206e-03 4.778e-04 4.778e-04 4.778e-01 4.774e-04 4.774e-04 4.902e-01
57.730232 4.180e+00 2.734e-01 -2.151e-03 4.732e-04 4.732e-04 4.732e-01 4.725e-04 4.725e-04 4.902e-01
57.740234 4.170e+00 2.637e-01 -2.122e-03 2.879e-04 2.879e-04 2.879e-01 2.869e-04 2.869e-04 2.941e-01
57.750233 4.141e+00 2.344e-01 -2.128e-03 -7.361e-06 -7.361e-06 -7.361e-03 -8.547e-06 -8.547e-06 1.961e-02
57.760235 4.102e+00 1.904e-01 -2.174e-03 -2.999e-04 -2.999e-04 -2.999e-01 -3.016e-04 -3.016e-04 -2.941e-01
57.770233 4.048e+00 1.367e-01 -2.265e-03 -4.778e-04 -4.778e-04 -4.778e-01 -4.799e-04 -4.799e-04 -4.510e-01
57.780235 3.984e+00 8.789e-02 -2.370e-03 -4.732e-04 -4.732e-04 -4.732e-01 -4.750e-04 -4.750e-04 -4.510e-01
57.790234 3.916e+00 2.441e-02 -2.440e-03 -2.879e-04 -2.879e-04 -2.879e-01 -2.894e-04 -2.894e-04 -2.549e-01
57.800232 3.828e+00 -3.418e-02 -2.457e-03 7.337e-06 7.337e-06 7.337e-03 6.105e-06 6.105e-06 1.961e-02
57.810234 3.774e+00 -7.812e-02 -2.405e-03 2.999e-04 2.999e-04 2.999e-01 2.991e-04 2.991e-04 3.333e-01
57.820232 3.716e+00 -1.172e-01 -2.309e-03 4.777e-04 4.777e-04 4.777e-01 4.774e-04 4.774e-04 4.902e-01
57.830235 3.662e+00 -1.367e-01 -2.198e-03 4.732e-04 4.732e-04 4.732e-01 4.725e-04 4.725e-04 4.902e-01
57.840233 3.604e+00 -1.514e-01 -2.093e-03 2.879e-04 2.879e-04 2.879e-01 2.869e-04 2.869e-04 2.941e-01
57.850235 3.516e+00 -1.807e-01 -2.037e-03 -7.433e-06 -7.433e-06 -7.433e-03 -8.547e-06 -8.547e-06 1.961e-02
57.860233 3.442e+00 -2.100e-01 -2.028e-03 -2.998e-04 -2.998e-04 -2.998e-01 -3.016e-04 -3.016e-04 -2.941e-01
57.870235 3.345e+00 -2.588e-01 -2.049e-03 -4.778e-04 -4.778e-04 -4.778e-01 -4.799e-04 -4.799e-04 -4.510e-01
57.880234 3.237e+00 -3.125e-01 -2.090e-03 -4.732e-04 -4.732e-04 -4.732e-01 -4.750e-04 -4.750e-04 -4.510e-01
57.890236 3.130e+00 -3.662e-01 -2.096e-03 -2.878e-04 -2.878e-04 -2.878e-01 -2.894e-04 -2.894e-04 -2.549e-01
57.900234 3.037e+00 -4.297e-01 -2.034e-03 7.409e-06 7.409e-06 7.409e-03 6.105e-06 6.105e-06 1.961e-02
57.910236 2.949e+00 -4.541e-01 -1.926e-03 2.999e-04 2.999e-04 2.999e-01 2.991e-04 2.991e-04 3.333e-01
57.920235 2.856e+00 -4.590e-01 -1.795e-03 4.778e-04 4.778e-04 4.778e-01 4.774e-04 4.774e-04 4.902e-01
57.930233 2.788e+00 -4.541e-01 -1.620e-03 4.732e-04 4.732e-04 4.732e-01 4.725e-04 4.725e-04 4.902e-01
57.940235 2.734e+00 -4.443e-01 -1.471e-03 2.878e-04 2.878e-04 2.878e-01 2.869e-04 2.869e-04 2.941e-01
57.950233 2.656e+00 -4.395e-01 -1.378e-03 -7.385e-06 -7.385e-06 -7.385e-03 -8.547e-06 -8.547e-06 1.961e-02
57.960236 2.593e+00 -4.443e-01 -1.325e-03 -2.999e-04 -2.999e-04 -2.999e-01 -3.016e-04 -3.016e-04 -2.941e-01
57.970234 2.505e+00 -4.736e-01 -1.310e-03 -4.778e-04 -4.778e-04 -4.778e-01 -4.799e-04 -4.799e-04 -4.510e-01
57.980236 2.422e+00 -4.932e-01 -1.316e-03 -4.732e-04 -4.732e-04 -4.732e-01 -4.750e-04 -4.750e-04 -4.510e-01
57.990234 2.349e+00 -5.127e-01 -1.299e-03 -2.879e-04 -2.879e-04 -2.879e-01 -2.894e-04 -2.894e-04 -2.549e-01
58.000233 2.280e+00 -5.322e-01 -1.229e-03 7.361e-06 7.361e-06 7.361e-03 6.105e-06 6.105e-06 1.961e-02
58.010235 2.222e+00 -5.176e-01 -1.112e-03 2.999e-04 2.999e-04 2.999e-01 2.991e-04 2.991e-04 3.333e-01
58.020233 2.192e+00 -4.932e-01 -9.573e-04 4.778e-04 4.778e-04 4.778e-01 4.774e-04 4.774e-04 4.902e-01
58.030235 2.173e+00 -4.541e-01 -7.909e-04 4.732e-04 4.732e-04 4.732e-01 4.725e-04 4.725e-04 4.902e-01
58.040234 2.183e+00 -3.955e-01 -6.567e-04 2.879e-04 2.879e-04 2.879e-01 2.869e-04 2.869e-04 2.941e-01
58.050236 2.158e+00 -3.711e-01 -5.633e-04 -7.457e-06 -7.457e-06 -7.457e-03 -8.547e-06 -8.547e-06 1.961e-02
58.060234 2.153e+00 -3.467e-01 -5.253e-04 -2.999e-04 -2.999e-04 -2.999e-01 -3.016e-04 -3.016e-04 -2.941e-01
58.070232 2.134e+00 -3.223e-01 -5.487e-04 -4.777e-04 -4.777e-04 -4.777e-01 -4.799e-04 -4.799e-04 -4.510e-01
58.080235 2.109e+00 -3.125e-01 -5.779e-04 -4.732e-04 -4.732e-04 -4.732e-01 -4.750e-04 -4.750e-04 -4.510e-01
58.090233 2.104e+00 -2.979e-01 -5.866e-04 -2.879e-04 -2.879e-04 -2.879e-01 -2.894e-04 -2.894e-04 -2.549e-01
58.100235 2.104e+00 -2.686e-01 -5.750e-04 7.433e-06 7.433e-06 7.433e-03 6.105e-06 6.105e-06 1.961e-02
58.110233 2.144e+00 -2.344e-01 -4.932e-04 2.998e-04 2.998e-04 2.998e-01 2.991e-04 2.991e-04 3.333e-01
58.120235 2.188e+00 -1.807e-01 -3.911e-04 4.778e-04 4.778e-04 4.778e-01 4.774e-04 4.774e-04 4.902e-01
58.130234 2.241e+00 -1.221e-01 -2.714e-04 4.732e-04 4.732e-04 4.732e-01 4.725e-04 4.725e-04 4.902e-01
58.140232 2.324e+00 -5.371e-02 -1.897e-04 2.879e-04 2.879e-04 2.879e-01 2.869e-04 2.869e-04 2.941e-01
58.150234 2.373e+00 -4.883e-03 -1.401e-04 -7.409e-06 -7.409e-06 -7.409e-03 -8.547e-06 -8.547e-06 1.961e-02
58.160233 2.446e+00 5.371e-02 -1.868e-04 -2.998e-04 -2.998e-04 -2.998e-01 -3.016e-04 -3.016e-04 -2.941e-01
58.170235 2.500e+00 9.277e-02 -2.802e-04 -4.778e-04 -4.778e-04 -4.778e-01 -4.799e-04 -4.799e-04 -4.510e-01
58.180233 2.554e+00 1.221e-01 -3.882e-04 -4.732e-04 -4.732e-04 -4.732e-01 -4.750e-04 -4.750e-04 -4.510e-01
58.190235 2.622e+00 1.465e-01 -4.699e-04 -2.878e-04 -2.878e-04 -2.878e-01 -2.894e-04 -2.894e-04 -2.549e-01
58.200233 2.695e+00 1.709e-01 -5.166e-04 7.385e-06 7.385e-06 7.385e-03 6.105e-06 6.105e-06 1.961e-02
58.210236 2.783e+00 2.295e-01 -5.283e-04 2.999e-04 2.999e-04 2.999e-01 2.991e-04 2.991e-04 3.333e-01
58.220234 2.881e+00 2.734e-01 -4.903e-04 4.778e-04 4.778e-04 4.778e-01 4.774e-04 4.774e-04 4.902e-01
58.230232 2.988e+00 3.271e-01 -4.465e-04 4.732e-04 4.732e-04 4.732e-01 4.725e-04 4.725e-04 4.902e-01
58.240234 3.110e+00 4.004e-01 -4.436e-04 2.879e-04 2.879e-04 2.879e-01 2.869e-04 2.869e-04 2.941e-01
58.250233 3.193e+00 4.541e-01 -4.962e-04 -7.361e-06 -7.361e-06 -7.361e-03 -8.547e-06 -8.547e-06 1.961e-02
58.260235 3.315e+00 5.029e-01 -6.041e-04 -2.999e-04 -2.999e-04 -2.999e-01 -3.016e-04 -3.016e-04 -2.941e-01
58.270233 3.403e+00 5.127e-01 -7.472e-04 -4.778e-04 -4.778e-04 -4.778e-01 -4.799e-04 -4.799e-04 -4.510e-01
58.280235 3.477e+00 5.127e-01 -9.106e-04 -4.732e-04 -4.732e-04 -4.732e-01 -4.750e-04 -4.750e-04 -4.510e-01
58.290234 3.560e+00 5.176e-01 -1.059e-03 -2.879e-04 -2.879e-04 -2.879e-01 -2.894e-04 -2.894e-04 -2.549e-01
58.300236 3.628e+00 5.322e-01 -1.179e-03 7.457e-06 7.457e-06 7.457e-03 6.105e-06 6.105e-06 1.961e-02
58.310234 3.726e+00 5.371e-01 -1.217e-03 2.999e-04 2.999e-04 2.999e-01 2.991e-04 2.991e-04 3.333e-01
58.320236 3.818e+00 5.664e-01 -1.235e-03 4.778e-04 4.778e-04 4.778e-01 4.774e-04 4.774e-04 4.902e-01
58.330235 3.916e+00 5.957e-01 -1.240e-03 4.732e-04 4.732e-04 4.732e-01 4.725e-04 4.725e-04 4.902e-01
58.340233 4.014e+00 6.348e-01 -1.275e-03 2.879e-04 2.879e-04 2.879e-01 2.869e-04 2.869e-04 2.941e-01
58.350235 4.111e+00 6.250e-01 -1.325e-03 -7.433e-06 -7.433e-06 -7.433e-03 -8.547e-06 -8.547e-06 1.961e-02
58.360237 4.175e+00 6.543e-01 -1.483e-03 -2.999e-04 -2.999e-04 -2.999e-01 -3.016e-04 -3.016e-04 -2.941e-01
58.370232 4.209e+00 6.201e-01 -1.640e-03 -4.777e-04 -4.777e-04 -4.777e-01 -4.799e-04 -4.799e-04 -4.510e-01
58.380234 4.263e+00 5.859e-01 -1.815e-03 -4.732e-04 -4.732e-04 -4.732e-01 -4.750e-04 -4.750e-04 -4.510e-01
58.390236 4.292e+00 5.469e-01 -1.964e-03 -2.878e-04 -2.878e-04 -2.878e-01 -2.894e-04 -2.894e-04 -2.549e-01
58.400234 4.292e+00 5.127e-01 -2.069e-03 7.409e-06 7.409e-06 7.409e-03 6.105e-06 6.105e-06 1.961e-02
58.410233 4.341e+00 4.980e-01 -2.128e-03 2.998e-04 2.998e-04 2.998e-01 2.991e-04 2.991e-04 3.333e-01
58.420235 4.370e+00 4.785e-01 -2.131e-03 4.778e-04 4.778e-04 4.778e-01 4.774e-04 4.774e-04 4.902e-01
58.430233 4.404e+00 4.785e-01 -2.116e-03 4.732e-04 4.732e-04 4.732e-01 4.725e-04 4.725e-04 4.902e-01
58.440235 4.424e+00 4.590e-01 -2.104e-03 2.878e-04 2.878e-04 2.878e-01 2.869e-04 2.869e-04 2.941e-01
58.450233 4.434e+00 4.150e-01 -2.136e-03 -7.385e-06 -7.385e-06 -7.385e-03 -8.547e-06 -8.547e-06 1.961e-02
58.460232 4.429e+00 3.955e-01 -2.239e-03 -2.998e-04 -2.998e-04 -2.998e-01 -3.016e-04 -3.016e-04 -2.941e-01
58.470234 4.390e+00 3.418e-01 -2.364e-03 -4.778e-04 -4.778e-04 -4.778e-01 -4.799e-04 -4.799e-04 -4.510e-01
58.480236 4.336e+00 2.734e-01 -2.487e-03 -4.732e-04 -4.732e-04 -4.732e-01 -4.750e-04 -4.750e-04 -4.510e-01
58.490234 4.287e+00 2.148e-01 -2.595e-03 -2.879e-04 -2.879e-04 -2.879e-01 -2.894e-04 -2.894e-04 -2.549e-01
58.500233 4.199e+00 1.367e-01 -2.633e-03 7.361e-06 7.361e-06 7.361e-03 6.105e-06 6.105e-06 1.961e-02
58.510235 4.155e+00 1.074e-01 -2.624e-03 2.999e-04 2.999e-04 2.999e-01 2.991e-04 2.991e-04 3.333e-01
58.520233 4.116e+00 5.859e-02 -2.554e-03 4.778e-04 4.778e-04 4.778e-01 4.774e-04 4.774e-04 4.902e-01
58.530235 4.067e+00 1.953e-02 -2.457e-03 4.732e-04 4.732e-04 4.732e-01 4.725e-04 4.725e-04 4.902e-01
58.540234 4.014e+00 -4.883e-03 -2.382e-03 2.879e-04 2.879e-04 2.879e-01 2.869e-04 2.869e-04 2.941e-01
58.550236 3.916e+00 -3.906e-02 -2.355e-03 -7.457e-06 -7.457e-06 -7.457e-03 -8.547e-06 -8.547e-06 1.961e-02
58.560234 3.843e+00 -8.789e-02 -2.352e-03 -2.999e-04 -2.999e-04 -2.999e-01 -3.016e-04 -3.016e-04 -2.941e-01
58.570232 3.745e+00 -1.562e-01 -2.396e-03 -4.777e-04 -4.777e-04 -4.777e-01 -4.799e-04 -4.799e-04 -4.510e-01
58.580235 3.633e+00 -2.051e-01 -2.460e-03 -4.732e-04 -4.732e-04 -4.732e-01 -4.750e-04 -4.750e-04 -4.510e-01
58.590233 3.511e+00 -2.832e-01 -2.472e-03 -2.879e-04 -2.879e-04 -2.879e-01 -2.894e-04 -2.894e-04 -2.549e-01
58.600235 3.384e+00 -3.467e-01 -2.434e-03 7.433e-06 7.433e-06 7.433e-03 6.105e-06 6.105e-06 1.961e-02
58.610233 3.301e+00 -3.906e-01 -2.335e-03 2.998e-04 2.998e-04 2.998e-01 2.991e-04 2.991e-04 3.333e-01
58.620235 3.198e+00 -4.297e-01 -2.180e-03 4.778e-04 4.778e-04 4.778e-01 4.774e-04 4.774e-04 4.902e-01
58.630234 3.110e+00 -4.443e-01 -2.020e-03 4.732e-04 4.732e-04 4.732e-01 4.725e-04 4.725e-04 4.902e-01
58.640236 3.018e+00 -4.590e-01 -1.871e-03 2.878e-04 2.878e-04 2.878e-01 2.869e-04 2.869e-04 2.941e-01
58.650234 2.920e+00 -4.639e-01 -1.777e-03 -7.409e-06 -7.409e-06 -7.409e-03 -8.547e-06 -8.547e-06 1.961e-02
58.660233 2.822e+00 -4.932e-01 -1.713e-03 -2.998e-04 -2.998e-04 -2.998e-01 -3.016e-04 -3.016e-04 -2.941e-01
58.670235 2.700e+00 -5.273e-01 -1.693e-03 -4.778e-04 -4.778e-04 -4.778e-01 -4.799e-04 -4.799e-04 -4.510e-01
58.680233 2.593e+00 -5.615e-01 -1.690e-03 -4.732e-04 -4.732e-04 -4.732e-01 -4.750e-04 -4.750e-04 -4.510e-01
58.690235 2.476e+00 -6.055e-01 -1.646e-03 -2.878e-04 -2.878e-04 -2.878e-01 -2.894e-04 -2.894e-04 -2.549e-01
58.700233 2.378e+00 -6.348e-01 -1.561e-03 7.385e-06 7.385e-06 7.385e-03 6.105e-06 6.105e-06 1.961e-02
58.710236 2.305e+00 -6.396e-01 -1.427e-03 2.999e-04 2.999e-04 2.999e-01 2.991e-04 2.991e-04 3.333e-01
58.720234 2.227e+00 -6.396e-01 -1.240e-03 4.778e-04 4.778e-04 4.778e-01 4.774e-04 4.774e-04 4.902e-01
58.730232 2.163e+00 -6.152e-01 -1.051e-03 4.732e-04 4.732e-04 4.732e-01 4.725e-04 4.725e-04 4.902e-01
58.740234 2.114e+00 -5.713e-01 -8.902e-04 2.879e-04 2.879e-04 2.879e-01 2.869e-04 2.869e-04 2.941e-01
58.750233 2.065e+00 -5.615e-01 -7.559e-04 -7.361e-06 -7.361e-06 -7.361e-03 -8.547e-06 -8.547e-06 1.961e-02
58.760235 2.021e+00 -5.176e-01 -7.092e-04 -2.999e-04 -2.999e-04 -2.999e-01 -3.016e-04 -3.016e-04 -2.941e-01
58.770233 1.968e+00 -5.225e-01 -6.859e-04 -4.778e-04 -4.778e-04 -4.778e-01 -4.799e-04 -4.799e-04 -4.510e-01
58.780235 1.924e+00 -5.225e-01 -6.830e-04 -4.732e-04 -4.732e-04 -4.732e-01 -4.750e-04 -4.750e-04 -4.510e-01
58.790234 1.890e+00 -5.176e-01 -6.596e-04 -2.879e-04 -2.879e-04 -2.879e-01 -2.894e-04 -2.894e-04 -2.549e-01
58.800236 1.865e+00 -5.029e-01 -6.012e-04 7.457e-06 7.457e-06 7.457e-03 6.105e-06 6.105e-06 1.961e-02
58.810234 1.855e+00 -4.492e-01 -4.962e-04 2.999e-04 2.999e-04 2.999e-01 2.991e-04 2.991e-04 3.333e-01
58.820232 1.865e+00 -4.004e-01 -3.590e-04 4.777e-04 4.777e-04 4.777e-01 4.774e-04 4.774e-04 4.902e-01
58.830235 1.904e+00 -3.418e-01 -2.101e-04 4.732e-04 4.732e-04 4.732e-01 4.725e-04 4.725e-04 4.902e-01
58.840233 1.948e+00 -2.539e-01 -9.923e-05 2.879e-04 2.879e-04 2.879e-01 2.869e-04 2.869e-04 2.941e-01
58.850235 1.968e+00 -1.904e-01 -4.086e-05 -7.433e-06 -7.433e-06 -7.433e-03 -8.547e-06 -8.547e-06 1.961e-02
58.860233 2.041e+00 -1.514e-01 -2.043e-05 -2.998e-04 -2.998e-04 -2.998e-01 -3.016e-04 -3.016e-04 -2.941e-01
58.870232 2.070e+00 -1.123e-01 -7.296e-05 -4.777e-04 -4.777e-04 -4.777e-01 -4.799e-04 -4.799e-04 -4.510e-01
58.880234 2.124e+00 -7.812e-02 -1.488e-04 -4.732e-04 -4.732e-04 -4.732e-01 -4.750e-04 -4.750e-04 -4.510e-01
58.890232 2.178e+00 -4.395e-02 -1.985e-04 -2.879e-04 -2.879e-04 -2.879e-01 -2.894e-04 -2.894e-04 -2.549e-01
58.900234 2.231e+00 -9.766e-03 -2.189e-04 7.410e-06 7.410e-06 7.410e-03 6.105e-06 6.105e-06 1.961e-02
58.910233 2.310e+00 6.836e-02 -2.131e-04 2.998e-04 2.998e-04 2.998e-01 2.991e-04 2.991e-04 3.333e-01
58.920235 2.422e+00 1.221e-01 -1.430e-04 4.778e-04 4.778e-04 4.778e-01 4.774e-04 4.774e-04 4.902e-01
58.930233 2.539e+00 2.051e-01 -9.048e-05 4.732e-04 4.732e-04 4.732e-01 4.725e-04 4.725e-04 4.902e-01
58.940235 2.656e+00 2.832e-01 -5.837e-05 2.878e-04 2.878e-04 2.878e-01 2.869e-04 2.869e-04 2.941e-01
58.950233 2.773e+00 3.418e-01 -8.756e-05 -7.386e-06 -7.386e-06 -7.386e-03 -8.547e-06 -8.547e-06 1.961e-02
58.960232 2.886e+00 4.053e-01 -1.751e-04 -2.998e-04 -2.998e-04 -2.998e-01 -3.016e-04 -3.016e-04 -2.941e-01
58.970234 2.988e+00 4.346e-01 -3.094e-04 -4.778e-04 -4.778e-04 -4.778e-01 -4.799e-04 -4.799e-04 -4.510e-01
58.980236 3.091e+00 4.590e-01 -4.670e-04 -4.732e-04 -4.732e-04 -4.732e-01 -4.750e-04 -4.750e-04 -4.510e-01
58.990234 3.188e+00 4.834e-01 -6.129e-04 -2.879e-04 -2.879e-04 -2.879e-01 -2.894e-04 -2.894e-04 -2.549e-01
59.000233 3.286e+00 5.127e-01 -7.267e-04 7.362e-06 7.362e-06 7.362e-03 6.105e-06 6.105e-06 1.961e-02
59.010235 3.423e+00 5.615e-01 -7.822e-04 2.999e-04 2.999e-04 2.999e-01 2.991e-04 2.991e-04 3.333e-01
59.020233 3.540e+00 5.957e-01 -8.055e-04 4.778e-04 4.778e-04 4.778e-01 4.774e-04 4.774e-04 4.902e-01
59.030235 3.682e+00 6.445e-01 -8.114e-04 4.732e-04 4.732e-04 4.732e-01 4.725e-04 4.725e-04 4.902e-01
59.040234 3.804e+00 6.934e-01 -8.493e-04 2.879e-04 2.879e-04 2.879e-01 2.869e-04 2.869e-04 2.941e-01
59.050236 3.921e+00 7.227e-01 -9.369e-04 -7.458e-06 -7.458e-06 -7.458e-03 -8.547e-06 -8.547e-06 1.961e-02
59.060234 4.038e+00 7.422e-01 -1.080e-03 -2.999e-04 -2.999e-04 -2.999e-01 -3.016e-04 -3.016e-04 -2.941e-01
59.070232 4.111e+00 7.520e-01 -1.278e-03 -4.777e-04 -4.777e-04 -4.777e-01 -4.799e-04 -4.799e-04 -4.510e-01
59.080235 4.194e+00 7.324e-01 -1.480e-03 -4.732e-04 -4.732e-04 -4.732e-01 -4.750e-04 -4.750e-04 -4.510e-01
59.090233 4.268e+00 7.129e-01 -1.658e-03 -2.879e-04 -2.879e-04 -2.879e-01 -2.894e-04 -2.894e-04 -2.549e-01
59.100235 4.326e+00 6.885e-01 -1.792e-03 7.434e-06 7.434e-06 7.434e-03 6.105e-06 6.105e-06 1.961e-02
59.110233 4.404e+00 6.836e-01 -1.871e-03 2.998e-04 2.998e-04 2.998e-01 2.991e-04 2.991e-04 3.333e-01
59.120232 4.473e+00 6.689e-01 -1.900e-03 4.777e-04 4.777e-04 4.777e-01 4.774e-04 4.774e-04 4.902e-01
59.130234 4.546e+00 6.738e-01 -1.912e-03 4.732e-04 4.732e-04 4.732e-01 4.725e-04 4.725e-04 4.902e-01
59.140232 4.604e+00 6.787e-01 -1.961e-03 2.879e-04 2.879e-04 2.879e-01 2.869e-04 2.869e-04 2.941e-01
59.150234 4.639e+00 6.543e-01 -2.040e-03 -7.410e-06 -7.410e-06 -7.410e-03 -8.547e-06 -8.547e-06 1.961e-02
59.160233 4.673e+00 6.299e-01 -2.163e-03 -2.998e-04 -2.998e-04 -2.998e-01 -3.016e-04 -3.016e-04 -2.941e-01
59.170235 4.673e+00 5.859e-01 -2.329e-03 -4.778e-04 -4.778e-04 -4.778e-01 -4.799e-04 -4.799e-04 -4.510e-01
59.180233 4.663e+00 5.176e-01 -2.492e-03 -4.732e-04 -4.732e-04 -4.732e-01 -4.750e-04 -4.750e-04 -4.510e-01
59.190235 4.624e+00 4.492e-01 -2.630e-03 -2.878e-04 -2.878e-04 -2.878e-01 -2.894e-04 -2.894e-04 -2.549e-01
59.200233 4.609e+00 3.711e-01 -2.706e-03 7.386e-06 7.386e-06 7.386e-03 6.105e-06 6.105e-06 1.961e-02
59.210236 4.580e+00 3.320e-01 -2.729e-03 2.999e-04 2.999e-04 2.999e-01 2.991e-04 2.991e-04 3.333e-01
59.220234 4.536e+00 2.881e-01 -2.703e-03 4.778e-04 4.778e-04 4.778e-01 4.774e-04 4.774e-04 4.902e-01
59.230232 4.512e+00 2.637e-01 -2.659e-03 4.732e-04 4.732e-04 4.732e-01 4.725e-04 4.725e-04 4.902e-01
59.240234 4.473e+00 2.246e-01 -2.621e-03 2.879e-04 2.879e-04 2.879e-01 2.869e-04 2.869e-04 2.941e-01
59.250233 4.414e+00 1.660e-01 -2.609e-03 -7.362e-06 -7.362e-06 -7.362e-03 -8.547e-06 -8.547e-06 1.961e-02
59.260235 4.341e+00 1.221e-01 -2.656e-03 -2.999e-04 -2.999e-04 -2.999e-01 -3.016e-04 -3.016e-04 -2.941e-01
59.270233 4.253e+00 3.418e-02 -2.729e-03 -4.778e-04 -4.778e-04 -4.778e-01 -4.799e-04 -4.799e-04 -4.510e-01
59.280235 4.146e+00 -4.395e-02 -2.802e-03 -4.732e-04 -4.732e-04 -4.732e-01 -4.750e-04 -4.750e-04 -4.510e-01
59.290234 4.019e+00 -1.367e-01 -2.849e-03 -2.879e-04 -2.879e-04 -2.879e-01 -2.894e-04 -2.894e-04 -2.549e-01
59.300236 3.892e+00 -2.148e-01 -2.831e-03 7.458e-06 7.458e-06 7.458e-03 6.105e-06 6.105e-06 1.961e-02
59.310234 3.784e+00 -2.686e-01 -2.749e-03 2.999e-04 2.999e-04 2.999e-01 2.991e-04 2.991e-04 3.333e-01
59.320232 3.667e+00 -3.174e-01 -2.630e-03 4.777e-04 4.777e-04 4.777e-01 4.774e-04 4.774e-04 4.902e-01
59.330235 3.569e+00 -3.467e-01 -2.487e-03 4.732e-04 4.732e-04 4.732e-01 4.725e-04 4.725e-04 4.902e-01
59.340233 3.467e+00 -3.857e-01 -2.338e-03 2.879e-04 2.879e-04 2.879e-01 2.869e-04 2.869e-04 2.941e-01
59.350235 3.354e+00 -4.297e-01 -2.244e-03 -7.434e-06 -7.434e-06 -7.434e-03 -8.547e-06 -8.547e-06 1.961e-02
59.360233 3.228e+00 -4.736e-01 -2.189e-03 -2.998e-04 -2.998e-04 -2.998e-01 -3.016e-04 -3.016e-04 -2.941e-01
59.370232 3.071e+00 -5.225e-01 -2.177e-03 -4.777e-04 -4.777e-04 -4.777e-01 -4.799e-04 -4.799e-04 -4.510e-01
59.380234 2.935e+00 -5.859e-01 -2.163e-03 -4.732e-04 -4.732e-04 -4.732e-01 -4.750e-04 -4.750e-04 -4.510e-01
59.390232 2.788e+00 -6.348e-01 -2.128e-03 -2.879e-04 -2.879e-04 -2.879e-01 -2.894e-04 -2.894e-04 -2.549e-01
59.400234 2.646e+00 -6.885e-01 -2.040e-03 7.410e-06 7.410e-06 7.410e-03 6.105e-06 6.105e-06 1.961e-02
59.410233 2.544e+00 -7.275e-01 -1.868e-03 2.998e-04 2.998e-04 2.998e-01 2.991e-04 2.991e-04 3.333e-01
59.420235 2.417e+00 -7.324e-01 -1.684e-03 4.778e-04 4.778e-04 4.778e-01 4.774e-04 4.774e-04 4.902e-01
59.430233 2.319e+00 -7.227e-01 -1.477e-03 4.732e-04 4.732e-04 4.732e-01 4.725e-04 4.725e-04 4.902e-01
59.440235 2.227e+00 -7.080e-01 -1.290e-03 2.878e-04 2.878e-04 2.878e-01 2.869e-04 2.869e-04 2.941e-01
59.450233 2.129e+00 -7.129e-01 -1.141e-03 -7.386e-06 -7.386e-06 -7.386e-03 -8.547e-06 -8.547e-06 1.961e-02
59.460236 2.041e+00 -7.031e-01 -1.048e-03 -2.999e-04 -2.999e-04 -2.999e-01 -3.016e-04 -3.016e-04 -2.941e-01
59.470234 1.938e+00 -7.129e-01 -1.001e-03 -4.778e-04 -4.778e-04 -4.778e-01 -4.799e-04 -4.799e-04 -4.510e-01
59.480232 1.851e+00 -7.227e-01 -9.661e-04 -4.732e-04 -4.732e-04 -4.732e-01 -4.750e-04 -4.750e-04 -4.510e-01
59.490234 1.768e+00 -7.324e-01 -9.077e-04 -2.879e-04 -2.879e-04 -2.879e-01 -2.894e-04 -2.894e-04 -2.549e-01
59.500233 1.670e+00 -7.227e-01 -8.172e-04 7.362e-06 7.362e-06 7.362e-03 6.105e-06 6.105e-06 1.961e-02
59.510235 1.592e+00 -6.982e-01 -6.625e-04 2.999e-04 2.999e-04 2.999e-01 2.991e-04 2.991e-04 3.333e-01
59.520233 1.533e+00 -6.689e-01 -4.728e-04 4.778e-04 4.778e-04 4.778e-01 4.774e-04 4.774e-04 4.902e-01
59.530235 1.475e+00 -5.957e-01 -2.948e-04 4.732e-04 4.732e-04 4.732e-01 4.725e-04 4.725e-04 4.902e-01
59.540234 1.431e+00 -5.322e-01 -1.313e-04 2.879e-04 2.879e-04 2.879e-01 2.869e-04 2.869e-04 2.941e-01
59.550236 1.382e+00 -4.932e-01 -1.751e-05 -7.458e-06 -7.458e-06 -7.458e-03 -8.547e-06 -8.547e-06 1.961e-02
59.560234 1.338e+00 -4.297e-01 2.335e-05 -2.999e-04 -2.999e-04 -2.999e-01 -3.016e-04 -3.016e-04 -2.941e-01
59.570232 1.294e+00 -4.102e-01 2.919e-05 -4.777e-04 -4.777e-04 -4.777e-01 -4.799e-04 -4.799e-04 -4.510e-01
59.580235 1.255e+00 -3.711e-01 -2.919e-06 -4.732e-04 -4.732e-04 -4.732e-01 -4.750e-04 -4.750e-04 -4.510e-01
59.590237 1.221e+00 -3.418e-01 -8.756e-06 -2.878e-04 -2.878e-04 -2.878e-01 -2.894e-04 -2.894e-04 -2.549e-01
59.600235 1.191e+00 -3.223e-01 3.210e-05 7.434e-06 7.434e-06 7.434e-03 6.105e-06 6.105e-06 1.961e-02
59.610233 1.201e+00 -2.686e-01 1.109e-04 2.998e-04 2.998e-04 2.998e-01 2.991e-04 2.991e-04 3.333e-01
59.620235 1.216e+00 -2.002e-01 2.131e-04 4.778e-04 4.778e-04 4.778e-01 4.774e-04 4.774e-04 4.902e-01
59.630234 1.270e+00 -1.172e-01 3.152e-04 4.732e-04 4.732e-04 4.732e-01 4.725e-04 4.725e-04 4.902e-01
59.640232 1.348e+00 -3.418e-02 3.969e-04 2.879e-04 2.879e-04 2.879e-01 2.869e-04 2.869e-04 2.941e-01
59.650234 1.426e+00 2.930e-02 4.203e-04 -7.410e-06 -7.410e-06 -7.410e-03 -8.547e-06 -8.547e-06 1.961e-02
59.660233 1.523e+00 9.766e-02 3.823e-04 -2.998e-04 -2.998e-04 -2.998e-01 -3.016e-04 -3.016e-04 -2.941e-01
59.670235 1.631e+00 1.318e-01 2.948e-04 -4.778e-04 -4.778e-04 -4.778e-01 -4.799e-04 -4.799e-04 -4.510e-01
59.680233 1.753e+00 1.758e-01 1.839e-04 -4.732e-04 -4.732e-04 -4.732e-01 -4.750e-04 -4.750e-04 -4.510e-01
59.690235 1.880e+00 2.100e-01 8.464e-05 -2.878e-04 -2.878e-04 -2.878e-01 -2.894e-04 -2.894e-04 -2.549e-01
59.700233 2.026e+00 2.686e-01 0.000e+00 7.386e-06 7.386e-06 7.386e-03 6.105e-06 6.105e-06 1.961e-02
59.710232 2.183e+00 3.369e-01 -2.335e-05 2.998e-04 2.998e-04 2.998e-01 2.991e-04 2.991e-04 3.333e-01
59.720234 2.368e+00 3.857e-01 8.756e-06 4.778e-04 4.778e-04 4.778e-01 4.774e-04 4.774e-04 4.902e-01
59.730232 2.549e+00 4.639e-01 2.335e-05 4.732e-04 4.732e-04 4.732e-01 4.725e-04 4.725e-04 4.902e-01
59.740234 2.725e+00 5.469e-01 1.167e-05 2.879e-04 2.879e-04 2.879e-01 2.869e-04 2.869e-04 2.941e-01
59.750233 2.915e+00 6.055e-01 -5.837e-05 -7.362e-06 -7.362e-06 -7.362e-03 -8.547e-06 -8.547e-06 1.961e-02
59.760235 3.081e+00 6.543e-01 -1.839e-04 -2.999e-04 -2.999e-04 -2.999e-01 -3.016e-04 -3.016e-04 -2.941e-01
59.770233 3.208e+00 6.934e-01 -3.707e-04 -4.778e-04 -4.778e-04 -4.778e-01 -4.799e-04 -4.799e-04 -4.510e-01
59.780235 3.354e+00 7.178e-01 -5.720e-04 -4.732e-04 -4.732e-04 -4.732e-01 -4.750e-04 -4.750e-04 -4.510e-01
59.790234 3.496e+00 7.324e-01 -7.618e-04 -2.879e-04 -2.879e-04 -2.879e-01 -2.894e-04 -2.894e-04 -2.549e-01
59.800236 3.628e+00 7.373e-01 -8.989e-04 7.458e-06 7.458e-06 7.458e-03 6.105e-06 6.105e-06 1.961e-02
59.810234 3.779e+00 7.764e-01 -9.894e-04 2.999e-04 2.999e-04 2.999e-01 2.991e-04 2.991e-04 3.333e-01
59.820232 3.931e+00 8.008e-01 -1.048e-03 4.777e-04 4.777e-04 4.777e-01 4.774e-04 4.774e-04 4.902e-01
59.830235 4.077e+00 8.496e-01 -1.094e-03 4.732e-04 4.732e-04 4.732e-01 4.725e-04 4.725e-04 4.902e-01
59.840233 4.219e+00 8.838e-01 -1.167e-03 2.879e-04 2.879e-04 2.879e-01 2.869e-04 2.869e-04 2.941e-01
59.850235 4.351e+00 8.887e-01 -1.270e-03 -7.434e-06 -7.434e-06 -7.434e-03 -8.547e-06 -8.547e-06 1.961e-02
59.860233 4.453e+00 9.082e-01 -1.453e-03 -2.998e-04 -2.998e-04 -2.998e-01 -3.016e-04 -3.016e-04 -2.941e-01
59.870235 4.526e+00 8.838e-01 -1.667e-03 -4.778e-04 -4.778e-04 -4.778e-01 -4.799e-04 -4.799e-04 -4.510e-01
59.880234 4.609e+00 8.398e-01 -1.882e-03 -4.732e-04 -4.732e-04 -4.732e-01 -4.750e-04 -4.750e-04 -4.510e-01
59.890232 4.673e+00 8.105e-01 -2.087e-03 -2.879e-04 -2.879e-04 -2.879e-01 -2.894e-04 -2.894e-04 -2.549e-01
59.900234 4.727e+00 7.617e-01 -2.224e-03 7.410e-06 7.410e-06 7.410e-03 6.105e-06 6.105e-06 1.961e-02
59.910233 4.785e+00 7.520e-01 -2.326e-03 2.998e-04 2.998e-04 2.998e-01 2.991e-04 2.991e-04 3.333e-01
59.920235 4.839e+00 7.129e-01 -2.355e-03 4.778e-04 4.778e-04 4.778e-01 4.774e-04 4.774e-04 4.902e-01
59.930233 4.883e+00 6.982e-01 -2.379e-03 4.732e-04 4.732e-04 4.732e-01 4.725e-04 4.725e-04 4.902e-01
59.940235 4.922e+00 6.787e-01 -2.414e-03 2.878e-04 2.878e-04 2.878e-01 2.869e-04 2.869e-04 2.941e-01
59.950233 4.927e+00 6.494e-01 -2.501e-03 -7.386e-06 -7.386e-06 -7.386e-03 -8.547e-06 -8.547e-06 1.961e-02
59.960236 4.927e+00 5.957e-01 -2.618e-03 -2.999e-04 -2.999e-04 -2.999e-01 -3.016e-04 -3.016e-04 -2.941e-01
59.970234 4.907e+00 5.127e-01 -2.761e-03 -4.778e-04 -4.778e-04 -4.778e-01 -4.799e-04 -4.799e-04 -4.510e-01
59.980232 4.844e+00 4.346e-01 -2.916e-03 -4.732e-04 -4.732e-04 -4.732e-01 -4.750e-04 -4.750e-04 -4.510e-01
59.990234 4.790e+00 3.418e-01 -3.030e-03 -2.879e-04 -2.879e-04 -2.879e-01 -2.894e-04 -2.894e-04 -2.549e-01
60.000233 4.722e+00 2.539e-01 -3.091e-03 7.363e-06 7.363e-06 7.363e-03 6.105e-06 6.105e-06 1.961e-02
