# PCChua Data Acquisition and Control Software
# Date: Fri Aug 29 07:15:00 1997
# 
# Experiment: Data Acquisition from Chua's Circuit.
#
# Ts = 10.00 ms
#
# Columns (10): 
# (time)  (x  y  z)  (xref  yref  zref)  (ux  uy  uz)

0.000018 -1.685e+00 6.689e-01 7.063e-04 3.922e-06 3.922e-06 3.922e-03 -5.882e-05 3.663e-06 1.961e-02
0.017250 -1.592e+00 6.348e-01 5.253e-04 3.922e-06 3.922e-06 3.922e-03 -5.882e-05 3.663e-06 1.961e-02
0.026783 -1.553e+00 6.055e-01 4.436e-04 3.922e-06 3.922e-06 3.922e-03 -5.882e-05 3.663e-06 1.961e-02
0.036792 -1.538e+00 5.811e-01 3.356e-04 3.922e-06 3.922e-06 3.922e-03 -5.882e-05 3.663e-06 1.961e-02
0.046782 -1.499e+00 5.322e-01 2.685e-04 3.922e-06 3.922e-06 3.922e-03 -5.882e-05 3.663e-06 1.961e-02
0.056783 -1.494e+00 4.883e-01 1.926e-04 3.922e-06 3.922e-06 3.922e-03 -5.882e-05 3.663e-06 1.961e-02
0.066782 -1.470e+00 4.492e-01 1.226e-04 3.922e-06 3.922e-06 3.922e-03 -5.882e-05 3.663e-06 1.961e-02
0.076782 -1.460e+00 4.248e-01 4.378e-05 3.922e-06 3.922e-06 3.922e-03 -5.882e-05 3.663e-06 1.961e-02
0.086783 -1.484e+00 3.613e-01 -5.837e-06 3.922e-06 3.922e-06 3.922e-03 -5.882e-05 3.663e-06 1.961e-02
0.096783 -1.494e+00 3.076e-01 -4.086e-05 3.922e-06 3.922e-06 3.922e-03 -5.882e-05 3.663e-06 1.961e-02
0.106783 -1.543e+00 2.490e-01 -8.756e-05 3.922e-06 3.922e-06 3.922e-03 -5.882e-05 3.663e-06 1.961e-02
0.116781 -1.597e+00 1.953e-01 -1.080e-04 3.922e-06 3.922e-06 3.922e-03 -5.882e-05 3.663e-06 1.961e-02
0.126782 -1.680e+00 1.367e-01 -1.284e-04 3.922e-06 3.922e-06 3.922e-03 -5.882e-05 3.663e-06 1.961e-02
0.136783 -1.753e+00 6.348e-02 -1.284e-04 3.922e-06 3.922e-06 3.922e-03 -5.882e-05 3.663e-06 1.961e-02
0.146782 -1.855e+00 3.418e-02 -1.488e-04 3.922e-06 3.922e-06 3.922e-03 -5.882e-05 3.663e-06 1.961e-02
0.156783 -1.958e+00 -3.906e-02 -1.313e-04 3.922e-06 3.922e-06 3.922e-03 -5.882e-05 3.663e-06 1.961e-02
0.166782 -2.051e+00 -9.766e-02 -1.138e-04 3.922e-06 3.922e-06 3.922e-03 -5.882e-05 3.663e-06 1.961e-02
0.176782 -2.168e+00 -1.465e-01 -9.048e-05 3.922e-06 3.922e-06 3.922e-03 -5.882e-05 3.663e-06 1.961e-02
0.186782 -2.275e+00 -2.246e-01 -4.086e-05 3.922e-06 3.922e-06 3.922e-03 -5.882e-05 3.663e-06 1.961e-02
0.196782 -2.397e+00 -2.637e-01 -2.919e-06 3.922e-06 3.922e-06 3.922e-03 -5.882e-05 3.663e-06 1.961e-02
0.206782 -2.515e+00 -3.369e-01 6.129e-05 3.922e-06 3.922e-06 3.922e-03 -5.882e-05 3.663e-06 1.961e-02
0.216782 -2.637e+00 -3.857e-01 1.313e-04 3.922e-06 3.922e-06 3.922e-03 -5.882e-05 3.663e-06 1.961e-02
0.226783 -2.764e+00 -4.346e-01 2.043e-04 3.922e-06 3.922e-06 3.922e-03 -5.882e-05 3.663e-06 1.961e-02
0.236783 -2.910e+00 -4.883e-01 2.889e-04 3.922e-06 3.922e-06 3.922e-03 -5.882e-05 3.663e-06 1.961e-02
0.246783 -3.027e+00 -5.371e-01 3.853e-04 3.922e-06 3.922e-06 3.922e-03 -5.882e-05 3.663e-06 1.961e-02
0.256782 -3.164e+00 -5.713e-01 4.728e-04 3.922e-06 3.922e-06 3.922e-03 -5.882e-05 3.663e-06 1.961e-02
0.266783 -3.301e+00 -6.055e-01 5.750e-04 3.922e-06 3.922e-06 3.922e-03 -5.882e-05 3.663e-06 1.961e-02
0.276782 -3.418e+00 -6.201e-01 6.713e-04 3.922e-06 3.922e-06 3.922e-03 -5.882e-05 3.663e-06 1.961e-02
0.286782 -3.540e+00 -6.689e-01 7.939e-04 3.922e-06 3.922e-06 3.922e-03 -5.882e-05 3.663e-06 1.961e-02
0.296782 -3.647e+00 -6.982e-01 9.164e-04 3.922e-06 3.922e-06 3.922e-03 -5.882e-05 3.663e-06 1.961e-02
0.306783 -3.774e+00 -7.178e-01 1.030e-03 3.922e-06 3.922e-06 3.922e-03 -5.882e-05 3.663e-06 1.961e-02
0.316782 -3.877e+00 -7.324e-01 1.162e-03 3.922e-06 3.922e-06 3.922e-03 -5.882e-05 3.663e-06 1.961e-02
0.326782 -3.984e+00 -7.324e-01 1.284e-03 3.922e-06 3.922e-06 3.922e-03 -5.882e-05 3.663e-06 1.961e-02
0.336783 -4.087e+00 -7.422e-01 1.407e-03 3.922e-06 3.922e-06 3.922e-03 -5.882e-05 3.663e-06 1.961e-02
0.346782 -4.155e+00 -7.324e-01 1.532e-03 3.922e-06 3.922e-06 3.922e-03 -5.882e-05 3.663e-06 1.961e-02
0.356782 -4.263e+00 -7.275e-01 1.652e-03 3.922e-06 3.922e-06 3.922e-03 -5.882e-05 3.663e-06 1.961e-02
0.366782 -4.321e+00 -7.129e-01 1.766e-03 3.922e-06 3.922e-06 3.922e-03 -5.882e-05 3.663e-06 1.961e-02
0.376782 -4.380e+00 -6.934e-01 1.882e-03 3.922e-06 3.922e-06 3.922e-03 -5.882e-05 3.663e-06 1.961e-02
0.386783 -4.429e+00 -6.592e-01 1.988e-03 3.922e-06 3.922e-06 3.922e-03 -5.882e-05 3.663e-06 1.961e-02
0.396782 -4.473e+00 -6.201e-01 2.093e-03 3.922e-06 3.922e-06 3.922e-03 -5.882e-05 3.663e-06 1.961e-02
0.406783 -4.502e+00 -6.006e-01 2.204e-03 3.922e-06 3.922e-06 3.922e-03 -5.882e-05 3.663e-06 1.961e-02
0.416782 -4.521e+00 -5.615e-01 2.303e-03 3.922e-06 3.922e-06 3.922e-03 -5.882e-05 3.663e-06 1.961e-02
0.426782 -4.517e+00 -5.273e-01 2.393e-03 3.922e-06 3.922e-06 3.922e-03 -5.882e-05 3.663e-06 1.961e-02
0.436783 -4.521e+00 -4.834e-01 2.472e-03 3.922e-06 3.922e-06 3.922e-03 -5.882e-05 3.663e-06 1.961e-02
0.446782 -4.482e+00 -4.150e-01 2.536e-03 3.922e-06 3.922e-06 3.922e-03 -5.882e-05 3.663e-06 1.961e-02
0.456782 -4.478e+00 -3.662e-01 2.603e-03 3.922e-06 3.922e-06 3.922e-03 -5.882e-05 3.663e-06 1.961e-02
0.466784 -4.429e+00 -3.076e-01 2.659e-03 3.922e-06 3.922e-06 3.922e-03 -5.882e-05 3.663e-06 1.961e-02
0.476783 -4.390e+00 -2.393e-01 2.694e-03 3.922e-06 3.922e-06 3.922e-03 -5.882e-05 3.663e-06 1.961e-02
0.486782 -4.341e+00 -1.807e-01 2.717e-03 3.922e-06 3.922e-06 3.922e-03 -5.882e-05 3.663e-06 1.961e-02
0.496782 -4.258e+00 -1.025e-01 2.741e-03 3.922e-06 3.922e-06 3.922e-03 -5.882e-05 3.663e-06 1.961e-02
0.506782 -4.180e+00 -3.906e-02 2.746e-03 3.922e-06 3.922e-06 3.922e-03 -5.882e-05 3.663e-06 1.961e-02
0.516783 -4.077e+00 1.953e-02 2.755e-03 3.922e-06 3.922e-06 3.922e-03 -5.882e-05 3.663e-06 1.961e-02
0.526783 -3.989e+00 9.277e-02 2.743e-03 3.922e-06 3.922e-06 3.922e-03 -5.882e-05 3.663e-06 1.961e-02
0.536782 -3.882e+00 1.465e-01 2.732e-03 3.922e-06 3.922e-06 3.922e-03 -5.882e-05 3.663e-06 1.961e-02
0.546782 -3.755e+00 2.100e-01 2.708e-03 3.922e-06 3.922e-06 3.922e-03 -5.882e-05 3.663e-06 1.961e-02
0.556783 -3.652e+00 2.783e-01 2.656e-03 3.922e-06 3.922e-06 3.922e-03 -5.882e-05 3.663e-06 1.961e-02
0.566782 -3.521e+00 3.467e-01 2.615e-03 3.922e-06 3.922e-06 3.922e-03 -5.882e-05 3.663e-06 1.961e-02
0.576782 -3.394e+00 4.102e-01 2.542e-03 3.922e-06 3.922e-06 3.922e-03 -5.882e-05 3.663e-06 1.961e-02
0.586782 -3.271e+00 4.639e-01 2.475e-03 3.922e-06 3.922e-06 3.922e-03 -5.882e-05 3.663e-06 1.961e-02
0.596783 -3.125e+00 5.322e-01 2.384e-03 3.922e-06 3.922e-06 3.922e-03 -5.882e-05 3.663e-06 1.961e-02
0.606783 -2.988e+00 5.859e-01 2.282e-03 3.922e-06 3.922e-06 3.922e-03 -5.882e-05 3.663e-06 1.961e-02
0.616782 -2.842e+00 6.299e-01 2.189e-03 3.922e-06 3.922e-06 3.922e-03 -5.882e-05 3.663e-06 1.961e-02
0.626783 -2.705e+00 6.738e-01 2.084e-03 3.922e-06 3.922e-06 3.922e-03 -5.882e-05 3.663e-06 1.961e-02
0.636782 -2.573e+00 7.178e-01 1.970e-03 3.922e-06 3.922e-06 3.922e-03 -5.882e-05 3.663e-06 1.961e-02
0.646781 -2.427e+00 7.471e-01 1.859e-03 3.922e-06 3.922e-06 3.922e-03 -5.882e-05 3.663e-06 1.961e-02
0.656783 -2.305e+00 7.715e-01 1.742e-03 3.922e-06 3.922e-06 3.922e-03 -5.882e-05 3.663e-06 1.961e-02
0.666782 -2.168e+00 8.057e-01 1.608e-03 3.922e-06 3.922e-06 3.922e-03 -5.882e-05 3.663e-06 1.961e-02
0.676782 -2.041e+00 8.301e-01 1.471e-03 3.922e-06 3.922e-06 3.922e-03 -5.882e-05 3.663e-06 1.961e-02
0.686784 -1.938e+00 8.398e-01 1.340e-03 3.922e-06 3.922e-06 3.922e-03 -5.882e-05 3.663e-06 1.961e-02
0.696783 -1.821e+00 8.594e-01 1.202e-03 3.922e-06 3.922e-06 3.922e-03 -5.882e-05 3.663e-06 1.961e-02
0.706783 -1.714e+00 8.447e-01 1.071e-03 3.922e-06 3.922e-06 3.922e-03 -5.882e-05 3.663e-06 1.961e-02
0.716783 -1.616e+00 8.398e-01 9.398e-04 3.922e-06 3.922e-06 3.922e-03 -5.882e-05 3.663e-06 1.961e-02
0.726784 -1.519e+00 8.398e-01 8.026e-04 3.922e-06 3.922e-06 3.922e-03 -5.882e-05 3.663e-06 1.961e-02
0.736782 -1.421e+00 8.252e-01 6.684e-04 3.922e-06 3.922e-06 3.922e-03 -5.882e-05 3.663e-06 1.961e-02
0.746782 -1.309e+00 8.008e-01 5.516e-04 3.922e-06 3.922e-06 3.922e-03 -5.882e-05 3.663e-06 1.961e-02
0.756782 -1.211e+00 7.715e-01 4.261e-04 3.922e-06 3.922e-06 3.922e-03 -5.882e-05 3.663e-06 1.961e-02
0.766782 -1.113e+00 7.422e-01 3.123e-04 3.922e-06 3.922e-06 3.922e-03 -5.882e-05 3.663e-06 1.961e-02
0.776782 -1.021e+00 7.129e-01 2.043e-04 3.922e-06 3.922e-06 3.922e-03 -5.882e-05 3.663e-06 1.961e-02
0.786782 -9.277e-01 6.738e-01 8.756e-05 3.922e-06 3.922e-06 3.922e-03 -5.882e-05 3.663e-06 1.961e-02
0.796782 -8.105e-01 6.348e-01 -1.167e-05 3.922e-06 3.922e-06 3.922e-03 -5.882e-05 3.663e-06 1.961e-02
0.806782 -7.324e-01 6.006e-01 -1.109e-04 3.922e-06 3.922e-06 3.922e-03 -5.882e-05 3.663e-06 1.961e-02
0.816781 -6.543e-01 5.518e-01 -1.897e-04 3.922e-06 3.922e-06 3.922e-03 -5.882e-05 3.663e-06 1.961e-02
0.826781 -5.713e-01 5.078e-01 -2.685e-04 3.922e-06 3.922e-06 3.922e-03 -5.882e-05 3.663e-06 1.961e-02
0.836782 -5.078e-01 4.492e-01 -3.298e-04 3.922e-06 3.922e-06 3.922e-03 -5.882e-05 3.663e-06 1.961e-02
0.846781 -4.443e-01 4.199e-01 -4.174e-04 3.922e-06 3.922e-06 3.922e-03 -5.882e-05 3.663e-06 1.961e-02
0.856783 -3.955e-01 3.564e-01 -4.553e-04 3.922e-06 3.922e-06 3.922e-03 -5.882e-05 3.663e-06 1.961e-02
0.866782 -3.516e-01 3.125e-01 -5.137e-04 3.922e-06 3.922e-06 3.922e-03 -5.882e-05 3.663e-06 1.961e-02
0.876783 -3.076e-01 2.539e-01 -5.312e-04 3.922e-06 3.922e-06 3.922e-03 -5.882e-05 3.663e-06 1.961e-02
0.886782 -2.979e-01 2.051e-01 -5.604e-04 3.922e-06 3.922e-06 3.922e-03 -5.882e-05 3.663e-06 1.961e-02
0.896782 -2.734e-01 1.562e-01 -5.925e-04 3.922e-06 3.922e-06 3.922e-03 -5.882e-05 3.663e-06 1.961e-02
0.906782 -2.881e-01 1.025e-01 -5.983e-04 3.922e-06 3.922e-06 3.922e-03 -5.882e-05 3.663e-06 1.961e-02
0.916783 -3.027e-01 5.371e-02 -5.983e-04 3.922e-06 3.922e-06 3.922e-03 -5.882e-05 3.663e-06 1.961e-02
0.926781 -3.223e-01 1.953e-02 -6.129e-04 3.922e-06 3.922e-06 3.922e-03 -5.882e-05 3.663e-06 1.961e-02
0.936783 -3.613e-01 -3.906e-02 -5.983e-04 3.922e-06 3.922e-06 3.922e-03 -5.882e-05 3.663e-06 1.961e-02
0.946782 -4.199e-01 -7.812e-02 -5.808e-04 3.922e-06 3.922e-06 3.922e-03 -5.882e-05 3.663e-06 1.961e-02
0.956783 -4.932e-01 -1.270e-01 -5.604e-04 3.922e-06 3.922e-06 3.922e-03 -5.882e-05 3.663e-06 1.961e-02
0.966783 -5.762e-01 -1.611e-01 -5.283e-04 3.922e-06 3.922e-06 3.922e-03 -5.882e-05 3.663e-06 1.961e-02
0.976781 -6.885e-01 -2.246e-01 -4.728e-04 3.922e-06 3.922e-06 3.922e-03 -5.882e-05 3.663e-06 1.961e-02
0.986781 -8.252e-01 -2.539e-01 -4.407e-04 3.922e-06 3.922e-06 3.922e-03 -5.882e-05 3.663e-06 1.961e-02
0.996782 -9.521e-01 -2.881e-01 -3.853e-04 3.922e-06 3.922e-06 3.922e-03 -5.882e-05 3.663e-06 1.961e-02
1.006783 -1.113e+00 -3.369e-01 -3.269e-04 3.922e-06 3.922e-06 3.922e-03 -5.882e-05 3.663e-06 1.961e-02
1.016782 -1.279e+00 -3.760e-01 -2.568e-04 3.922e-06 3.922e-06 3.922e-03 -5.882e-05 3.663e-06 1.961e-02
1.026782 -1.494e+00 -4.199e-01 -1.868e-04 3.922e-06 3.922e-06 3.922e-03 -5.882e-05 3.663e-06 1.961e-02
1.036782 -1.719e+00 -4.688e-01 -1.022e-04 3.922e-06 3.922e-06 3.922e-03 -5.882e-05 3.663e-06 1.961e-02
1.046783 -1.914e+00 -5.029e-01 -2.043e-05 3.922e-06 3.922e-06 3.922e-03 -5.882e-05 3.663e-06 1.961e-02
1.056782 -2.144e+00 -5.371e-01 6.713e-05 3.922e-06 3.922e-06 3.922e-03 -5.882e-05 3.663e-06 1.961e-02
1.066782 -2.339e+00 -5.713e-01 1.693e-04 3.922e-06 3.922e-06 3.922e-03 -5.882e-05 3.663e-06 1.961e-02
1.076782 -2.539e+00 -6.055e-01 2.714e-04 3.922e-06 3.922e-06 3.922e-03 -5.882e-05 3.663e-06 1.961e-02
1.086782 -2.725e+00 -6.543e-01 3.882e-04 3.922e-06 3.922e-06 3.922e-03 -5.882e-05 3.663e-06 1.961e-02
1.096782 -2.896e+00 -6.738e-01 4.962e-04 3.922e-06 3.922e-06 3.922e-03 -5.882e-05 3.663e-06 1.961e-02
1.106782 -3.076e+00 -7.080e-01 6.158e-04 3.922e-06 3.922e-06 3.922e-03 -5.882e-05 3.663e-06 1.961e-02
1.116782 -3.242e+00 -7.227e-01 7.326e-04 3.922e-06 3.922e-06 3.922e-03 -5.882e-05 3.663e-06 1.961e-02
1.126783 -3.394e+00 -7.422e-01 8.610e-04 3.922e-06 3.922e-06 3.922e-03 -5.882e-05 3.663e-06 1.961e-02
1.136783 -3.535e+00 -7.568e-01 9.836e-04 3.922e-06 3.922e-06 3.922e-03 -5.882e-05 3.663e-06 1.961e-02
1.146782 -3.677e+00 -7.568e-01 1.115e-03 3.922e-06 3.922e-06 3.922e-03 -5.882e-05 3.663e-06 1.961e-02
1.156783 -3.804e+00 -7.715e-01 1.240e-03 3.922e-06 3.922e-06 3.922e-03 -5.882e-05 3.663e-06 1.961e-02
1.166782 -3.906e+00 -7.666e-01 1.372e-03 3.922e-06 3.922e-06 3.922e-03 -5.882e-05 3.663e-06 1.961e-02
1.176782 -4.023e+00 -7.617e-01 1.500e-03 3.922e-06 3.922e-06 3.922e-03 -5.882e-05 3.663e-06 1.961e-02
1.186782 -4.126e+00 -7.471e-01 1.620e-03 3.922e-06 3.922e-06 3.922e-03 -5.882e-05 3.663e-06 1.961e-02
1.196782 -4.189e+00 -7.275e-01 1.737e-03 3.922e-06 3.922e-06 3.922e-03 -5.882e-05 3.663e-06 1.961e-02
1.206783 -4.282e+00 -7.080e-01 1.856e-03 3.922e-06 3.922e-06 3.922e-03 -5.882e-05 3.663e-06 1.961e-02
1.216782 -4.331e+00 -6.836e-01 1.979e-03 3.922e-06 3.922e-06 3.922e-03 -5.882e-05 3.663e-06 1.961e-02
1.226782 -4.385e+00 -6.543e-01 2.090e-03 3.922e-06 3.922e-06 3.922e-03 -5.882e-05 3.663e-06 1.961e-02
1.236781 -4.414e+00 -6.250e-01 2.201e-03 3.922e-06 3.922e-06 3.922e-03 -5.882e-05 3.663e-06 1.961e-02
1.246782 -4.443e+00 -5.762e-01 2.294e-03 3.922e-06 3.922e-06 3.922e-03 -5.882e-05 3.663e-06 1.961e-02
1.256782 -4.468e+00 -5.371e-01 2.384e-03 3.922e-06 3.922e-06 3.922e-03 -5.882e-05 3.663e-06 1.961e-02
1.266782 -4.468e+00 -4.785e-01 2.457e-03 3.922e-06 3.922e-06 3.922e-03 -5.882e-05 3.663e-06 1.961e-02
1.276782 -4.453e+00 -4.297e-01 2.539e-03 3.922e-06 3.922e-06 3.922e-03 -5.882e-05 3.663e-06 1.961e-02
1.286782 -4.448e+00 -3.613e-01 2.589e-03 3.922e-06 3.922e-06 3.922e-03 -5.882e-05 3.663e-06 1.961e-02
1.296781 -4.399e+00 -3.027e-01 2.635e-03 3.922e-06 3.922e-06 3.922e-03 -5.882e-05 3.663e-06 1.961e-02
1.306783 -4.355e+00 -2.588e-01 2.697e-03 3.922e-06 3.922e-06 3.922e-03 -5.882e-05 3.663e-06 1.961e-02
1.316782 -4.297e+00 -1.855e-01 2.720e-03 3.922e-06 3.922e-06 3.922e-03 -5.882e-05 3.663e-06 1.961e-02
1.326782 -4.219e+00 -1.172e-01 2.749e-03 3.922e-06 3.922e-06 3.922e-03 -5.882e-05 3.663e-06 1.961e-02
1.336783 -4.150e+00 -5.859e-02 2.758e-03 3.922e-06 3.922e-06 3.922e-03 -5.882e-05 3.663e-06 1.961e-02
1.346783 -4.043e+00 0.000e+00 2.781e-03 3.922e-06 3.922e-06 3.922e-03 -5.882e-05 3.663e-06 1.961e-02
1.356782 -3.975e+00 7.812e-02 2.761e-03 3.922e-06 3.922e-06 3.922e-03 -5.882e-05 3.663e-06 1.961e-02
1.366782 -3.872e+00 1.514e-01 2.726e-03 3.922e-06 3.922e-06 3.922e-03 -5.882e-05 3.663e-06 1.961e-02
1.376782 -3.765e+00 2.197e-01 2.697e-03 3.922e-06 3.922e-06 3.922e-03 -5.882e-05 3.663e-06 1.961e-02
1.386782 -3.633e+00 2.783e-01 2.656e-03 3.922e-06 3.922e-06 3.922e-03 -5.882e-05 3.663e-06 1.961e-02
1.396781 -3.511e+00 3.711e-01 2.586e-03 3.922e-06 3.922e-06 3.922e-03 -5.882e-05 3.663e-06 1.961e-02
1.406783 -3.379e+00 4.150e-01 2.530e-03 3.922e-06 3.922e-06 3.922e-03 -5.882e-05 3.663e-06 1.961e-02
1.416782 -3.242e+00 4.736e-01 2.463e-03 3.922e-06 3.922e-06 3.922e-03 -5.882e-05 3.663e-06 1.961e-02
1.426782 -3.110e+00 5.322e-01 2.379e-03 3.922e-06 3.922e-06 3.922e-03 -5.882e-05 3.663e-06 1.961e-02
1.436781 -2.969e+00 5.713e-01 2.294e-03 3.922e-06 3.922e-06 3.922e-03 -5.882e-05 3.663e-06 1.961e-02
1.446784 -2.832e+00 6.299e-01 2.198e-03 3.922e-06 3.922e-06 3.922e-03 -5.882e-05 3.663e-06 1.961e-02
1.456781 -2.690e+00 6.592e-01 2.101e-03 3.922e-06 3.922e-06 3.922e-03 -5.882e-05 3.663e-06 1.961e-02
1.466782 -2.559e+00 7.178e-01 1.976e-03 3.922e-06 3.922e-06 3.922e-03 -5.882e-05 3.663e-06 1.961e-02
1.476782 -2.422e+00 7.520e-01 1.859e-03 3.922e-06 3.922e-06 3.922e-03 -5.882e-05 3.663e-06 1.961e-02
1.486782 -2.295e+00 7.861e-01 1.728e-03 3.922e-06 3.922e-06 3.922e-03 -5.882e-05 3.663e-06 1.961e-02
1.496783 -2.158e+00 8.203e-01 1.605e-03 3.922e-06 3.922e-06 3.922e-03 -5.882e-05 3.663e-06 1.961e-02
1.506782 -2.046e+00 8.252e-01 1.477e-03 3.922e-06 3.922e-06 3.922e-03 -5.882e-05 3.663e-06 1.961e-02
1.516782 -1.914e+00 8.350e-01 1.343e-03 3.922e-06 3.922e-06 3.922e-03 -5.882e-05 3.663e-06 1.961e-02
1.526783 -1.802e+00 8.496e-01 1.202e-03 3.922e-06 3.922e-06 3.922e-03 -5.882e-05 3.663e-06 1.961e-02
1.536783 -1.704e+00 8.447e-01 1.068e-03 3.922e-06 3.922e-06 3.922e-03 -5.882e-05 3.663e-06 1.961e-02
1.546782 -1.597e+00 8.447e-01 9.485e-04 3.922e-06 3.922e-06 3.922e-03 -5.882e-05 3.663e-06 1.961e-02
1.556782 -1.519e+00 8.398e-01 7.968e-04 3.922e-06 3.922e-06 3.922e-03 -5.882e-05 3.663e-06 1.961e-02
1.566782 -1.406e+00 8.203e-01 6.654e-04 3.922e-06 3.922e-06 3.922e-03 -5.882e-05 3.663e-06 1.961e-02
1.576782 -1.304e+00 8.057e-01 5.458e-04 3.922e-06 3.922e-06 3.922e-03 -5.882e-05 3.663e-06 1.961e-02
1.586782 -1.206e+00 7.764e-01 4.174e-04 3.922e-06 3.922e-06 3.922e-03 -5.882e-05 3.663e-06 1.961e-02
1.596783 -1.084e+00 7.422e-01 3.065e-04 3.922e-06 3.922e-06 3.922e-03 -5.882e-05 3.663e-06 1.961e-02
1.606782 -1.001e+00 7.227e-01 1.839e-04 3.922e-06 3.922e-06 3.922e-03 -5.882e-05 3.663e-06 1.961e-02
1.616783 -8.936e-01 6.836e-01 7.588e-05 3.922e-06 3.922e-06 3.922e-03 -5.882e-05 3.663e-06 1.961e-02
1.626782 -8.057e-01 6.299e-01 -1.167e-05 3.922e-06 3.922e-06 3.922e-03 -5.882e-05 3.663e-06 1.961e-02
1.636783 -7.129e-01 5.811e-01 -1.051e-04 3.922e-06 3.922e-06 3.922e-03 -5.882e-05 3.663e-06 1.961e-02
1.646781 -6.152e-01 5.469e-01 -1.868e-04 3.922e-06 3.922e-06 3.922e-03 -5.882e-05 3.663e-06 1.961e-02
1.656782 -5.469e-01 5.029e-01 -2.773e-04 3.922e-06 3.922e-06 3.922e-03 -5.882e-05 3.663e-06 1.961e-02
1.666783 -4.688e-01 4.541e-01 -3.415e-04 3.922e-06 3.922e-06 3.922e-03 -5.882e-05 3.663e-06 1.961e-02
1.676782 -4.053e-01 4.199e-01 -4.144e-04 3.922e-06 3.922e-06 3.922e-03 -5.882e-05 3.663e-06 1.961e-02
1.686782 -3.613e-01 3.711e-01 -4.757e-04 3.922e-06 3.922e-06 3.922e-03 -5.882e-05 3.663e-06 1.961e-02
1.696782 -3.027e-01 3.223e-01 -5.224e-04 3.922e-06 3.922e-06 3.922e-03 -5.882e-05 3.663e-06 1.961e-02
1.706782 -2.783e-01 2.588e-01 -5.487e-04 3.922e-06 3.922e-06 3.922e-03 -5.882e-05 3.663e-06 1.961e-02
1.716783 -2.393e-01 2.197e-01 -5.866e-04 3.922e-06 3.922e-06 3.922e-03 -5.882e-05 3.663e-06 1.961e-02
1.726782 -2.100e-01 1.660e-01 -6.041e-04 3.922e-06 3.922e-06 3.922e-03 -5.882e-05 3.663e-06 1.961e-02
1.736782 -2.197e-01 1.123e-01 -6.158e-04 3.922e-06 3.922e-06 3.922e-03 -5.882e-05 3.663e-06 1.961e-02
1.746781 -2.148e-01 6.348e-02 -6.129e-04 3.922e-06 3.922e-06 3.922e-03 -5.882e-05 3.663e-06 1.961e-02
1.756783 -2.490e-01 1.953e-02 -6.217e-04 3.922e-06 3.922e-06 3.922e-03 -5.882e-05 3.663e-06 1.961e-02
1.766782 -2.832e-01 -2.930e-02 -6.158e-04 3.922e-06 3.922e-06 3.922e-03 -5.882e-05 3.663e-06 1.961e-02
1.776783 -3.320e-01 -6.836e-02 -6.012e-04 3.922e-06 3.922e-06 3.922e-03 -5.882e-05 3.663e-06 1.961e-02
1.786783 -3.955e-01 -1.172e-01 -5.779e-04 3.922e-06 3.922e-06 3.922e-03 -5.882e-05 3.663e-06 1.961e-02
1.796782 -4.785e-01 -1.416e-01 -5.575e-04 3.922e-06 3.922e-06 3.922e-03 -5.882e-05 3.663e-06 1.961e-02
1.806783 -5.664e-01 -2.100e-01 -5.078e-04 3.922e-06 3.922e-06 3.922e-03 -5.882e-05 3.663e-06 1.961e-02
1.816782 -6.689e-01 -2.441e-01 -4.611e-04 3.922e-06 3.922e-06 3.922e-03 -5.882e-05 3.663e-06 1.961e-02
1.826782 -7.959e-01 -2.832e-01 -4.086e-04 3.922e-06 3.922e-06 3.922e-03 -5.882e-05 3.663e-06 1.961e-02
1.836783 -9.521e-01 -3.223e-01 -3.532e-04 3.922e-06 3.922e-06 3.922e-03 -5.882e-05 3.663e-06 1.961e-02
1.846782 -1.118e+00 -3.564e-01 -2.860e-04 3.922e-06 3.922e-06 3.922e-03 -5.882e-05 3.663e-06 1.961e-02
1.856782 -1.304e+00 -4.004e-01 -2.189e-04 3.922e-06 3.922e-06 3.922e-03 -5.882e-05 3.663e-06 1.961e-02
1.866782 -1.509e+00 -4.395e-01 -1.401e-04 3.922e-06 3.922e-06 3.922e-03 -5.882e-05 3.663e-06 1.961e-02
1.876782 -1.729e+00 -4.688e-01 -7.005e-05 3.922e-06 3.922e-06 3.922e-03 -5.882e-05 3.663e-06 1.961e-02
1.886782 -1.958e+00 -5.078e-01 1.459e-05 3.922e-06 3.922e-06 3.922e-03 -5.882e-05 3.663e-06 1.961e-02
1.896781 -2.158e+00 -5.420e-01 1.109e-04 3.922e-06 3.922e-06 3.922e-03 -5.882e-05 3.663e-06 1.961e-02
1.906782 -2.373e+00 -5.859e-01 2.160e-04 3.922e-06 3.922e-06 3.922e-03 -5.882e-05 3.663e-06 1.961e-02
1.916782 -2.554e+00 -6.104e-01 3.152e-04 3.922e-06 3.922e-06 3.922e-03 -5.882e-05 3.663e-06 1.961e-02
1.926782 -2.749e+00 -6.494e-01 4.290e-04 3.922e-06 3.922e-06 3.922e-03 -5.882e-05 3.663e-06 1.961e-02
1.936782 -2.930e+00 -6.787e-01 5.370e-04 3.922e-06 3.922e-06 3.922e-03 -5.882e-05 3.663e-06 1.961e-02
1.946782 -3.091e+00 -7.031e-01 6.654e-04 3.922e-06 3.922e-06 3.922e-03 -5.882e-05 3.663e-06 1.961e-02
1.956782 -3.257e+00 -7.178e-01 7.822e-04 3.922e-06 3.922e-06 3.922e-03 -5.882e-05 3.663e-06 1.961e-02
1.966781 -3.398e+00 -7.324e-01 9.048e-04 3.922e-06 3.922e-06 3.922e-03 -5.882e-05 3.663e-06 1.961e-02
1.976782 -3.545e+00 -7.373e-01 1.022e-03 3.922e-06 3.922e-06 3.922e-03 -5.882e-05 3.663e-06 1.961e-02
1.986782 -3.677e+00 -7.568e-01 1.153e-03 3.922e-06 3.922e-06 3.922e-03 -5.882e-05 3.663e-06 1.961e-02
1.996782 -3.809e+00 -7.373e-01 1.273e-03 3.922e-06 3.922e-06 3.922e-03 -5.882e-05 3.663e-06 1.961e-02
2.006782 -3.916e+00 -7.666e-01 1.418e-03 3.922e-06 3.922e-06 3.922e-03 -5.882e-05 3.663e-06 1.961e-02
2.016783 -4.014e+00 -7.422e-01 1.526e-03 3.922e-06 3.922e-06 3.922e-03 -5.882e-05 3.663e-06 1.961e-02
2.026782 -4.106e+00 -7.373e-01 1.658e-03 3.922e-06 3.922e-06 3.922e-03 -5.882e-05 3.663e-06 1.961e-02
2.036781 -4.189e+00 -7.129e-01 1.772e-03 3.922e-06 3.922e-06 3.922e-03 -5.882e-05 3.663e-06 1.961e-02
2.046783 -4.277e+00 -6.787e-01 1.882e-03 3.922e-06 3.922e-06 3.922e-03 -5.882e-05 3.663e-06 1.961e-02
2.056782 -4.331e+00 -6.592e-01 2.002e-03 3.922e-06 3.922e-06 3.922e-03 -5.882e-05 3.663e-06 1.961e-02
2.066782 -4.370e+00 -6.250e-01 2.107e-03 3.922e-06 3.922e-06 3.922e-03 -5.882e-05 3.663e-06 1.961e-02
2.076782 -4.399e+00 -5.811e-01 2.195e-03 3.922e-06 3.922e-06 3.922e-03 -5.882e-05 3.663e-06 1.961e-02
2.086782 -4.419e+00 -5.518e-01 2.291e-03 3.922e-06 3.922e-06 3.922e-03 -5.882e-05 3.663e-06 1.961e-02
2.096783 -4.438e+00 -4.932e-01 2.370e-03 3.922e-06 3.922e-06 3.922e-03 -5.882e-05 3.663e-06 1.961e-02
2.106783 -4.429e+00 -4.639e-01 2.463e-03 3.922e-06 3.922e-06 3.922e-03 -5.882e-05 3.663e-06 1.961e-02
2.116782 -4.399e+00 -4.004e-01 2.528e-03 3.922e-06 3.922e-06 3.922e-03 -5.882e-05 3.663e-06 1.961e-02
2.126782 -4.390e+00 -3.467e-01 2.592e-03 3.922e-06 3.922e-06 3.922e-03 -5.882e-05 3.663e-06 1.961e-02
2.136782 -4.355e+00 -2.832e-01 2.630e-03 3.922e-06 3.922e-06 3.922e-03 -5.882e-05 3.663e-06 1.961e-02
2.146782 -4.312e+00 -2.246e-01 2.679e-03 3.922e-06 3.922e-06 3.922e-03 -5.882e-05 3.663e-06 1.961e-02
2.156783 -4.253e+00 -1.660e-01 2.711e-03 3.922e-06 3.922e-06 3.922e-03 -5.882e-05 3.663e-06 1.961e-02
2.166783 -4.175e+00 -9.277e-02 2.723e-03 3.922e-06 3.922e-06 3.922e-03 -5.882e-05 3.663e-06 1.961e-02
2.176782 -4.097e+00 -2.441e-02 2.723e-03 3.922e-06 3.922e-06 3.922e-03 -5.882e-05 3.663e-06 1.961e-02
2.186783 -4.019e+00 4.395e-02 2.723e-03 3.922e-06 3.922e-06 3.922e-03 -5.882e-05 3.663e-06 1.961e-02
2.196783 -3.916e+00 1.123e-01 2.708e-03 3.922e-06 3.922e-06 3.922e-03 -5.882e-05 3.663e-06 1.961e-02
2.206783 -3.804e+00 1.562e-01 2.703e-03 3.922e-06 3.922e-06 3.922e-03 -5.882e-05 3.663e-06 1.961e-02
2.216783 -3.682e+00 2.295e-01 2.668e-03 3.922e-06 3.922e-06 3.922e-03 -5.882e-05 3.663e-06 1.961e-02
2.226783 -3.579e+00 3.027e-01 2.612e-03 3.922e-06 3.922e-06 3.922e-03 -5.882e-05 3.663e-06 1.961e-02
2.236783 -3.462e+00 3.564e-01 2.560e-03 3.922e-06 3.922e-06 3.922e-03 -5.882e-05 3.663e-06 1.961e-02
2.246782 -3.325e+00 4.199e-01 2.501e-03 3.922e-06 3.922e-06 3.922e-03 -5.882e-05 3.663e-06 1.961e-02
2.256782 -3.208e+00 4.834e-01 2.414e-03 3.922e-06 3.922e-06 3.922e-03 -5.882e-05 3.663e-06 1.961e-02
2.266783 -3.062e+00 5.420e-01 2.332e-03 3.922e-06 3.922e-06 3.922e-03 -5.882e-05 3.663e-06 1.961e-02
2.276783 -2.925e+00 5.908e-01 2.239e-03 3.922e-06 3.922e-06 3.922e-03 -5.882e-05 3.663e-06 1.961e-02
2.286783 -2.788e+00 6.396e-01 2.133e-03 3.922e-06 3.922e-06 3.922e-03 -5.882e-05 3.663e-06 1.961e-02
2.296782 -2.646e+00 6.836e-01 2.028e-03 3.922e-06 3.922e-06 3.922e-03 -5.882e-05 3.663e-06 1.961e-02
2.306782 -2.520e+00 7.031e-01 1.932e-03 3.922e-06 3.922e-06 3.922e-03 -5.882e-05 3.663e-06 1.961e-02
2.316783 -2.388e+00 7.422e-01 1.812e-03 3.922e-06 3.922e-06 3.922e-03 -5.882e-05 3.663e-06 1.961e-02
2.326782 -2.256e+00 7.764e-01 1.687e-03 3.922e-06 3.922e-06 3.922e-03 -5.882e-05 3.663e-06 1.961e-02
2.336782 -2.134e+00 7.910e-01 1.561e-03 3.922e-06 3.922e-06 3.922e-03 -5.882e-05 3.663e-06 1.961e-02
2.346783 -1.997e+00 8.203e-01 1.433e-03 3.922e-06 3.922e-06 3.922e-03 -5.882e-05 3.663e-06 1.961e-02
2.356783 -1.904e+00 8.252e-01 1.296e-03 3.922e-06 3.922e-06 3.922e-03 -5.882e-05 3.663e-06 1.961e-02
2.366782 -1.802e+00 8.398e-01 1.162e-03 3.922e-06 3.922e-06 3.922e-03 -5.882e-05 3.663e-06 1.961e-02
2.376782 -1.694e+00 8.398e-01 1.024e-03 3.922e-06 3.922e-06 3.922e-03 -5.882e-05 3.663e-06 1.961e-02
2.386782 -1.606e+00 8.301e-01 8.960e-04 3.922e-06 3.922e-06 3.922e-03 -5.882e-05 3.663e-06 1.961e-02
2.396783 -1.509e+00 8.203e-01 7.647e-04 3.922e-06 3.922e-06 3.922e-03 -5.882e-05 3.663e-06 1.961e-02
2.406782 -1.411e+00 7.959e-01 6.450e-04 3.922e-06 3.922e-06 3.922e-03 -5.882e-05 3.663e-06 1.961e-02
2.416783 -1.309e+00 7.812e-01 5.137e-04 3.922e-06 3.922e-06 3.922e-03 -5.882e-05 3.663e-06 1.961e-02
2.426783 -1.221e+00 7.422e-01 4.115e-04 3.922e-06 3.922e-06 3.922e-03 -5.882e-05 3.663e-06 1.961e-02
2.436783 -1.133e+00 7.227e-01 2.831e-04 3.922e-06 3.922e-06 3.922e-03 -5.882e-05 3.663e-06 1.961e-02
2.446782 -1.016e+00 6.885e-01 1.751e-04 3.922e-06 3.922e-06 3.922e-03 -5.882e-05 3.663e-06 1.961e-02
2.456782 -9.473e-01 6.396e-01 8.172e-05 3.922e-06 3.922e-06 3.922e-03 -5.882e-05 3.663e-06 1.961e-02
2.466782 -8.496e-01 6.152e-01 -2.627e-05 3.922e-06 3.922e-06 3.922e-03 -5.882e-05 3.663e-06 1.961e-02
2.476782 -7.764e-01 5.762e-01 -1.197e-04 3.922e-06 3.922e-06 3.922e-03 -5.882e-05 3.663e-06 1.961e-02
2.486782 -7.080e-01 5.273e-01 -1.955e-04 3.922e-06 3.922e-06 3.922e-03 -5.882e-05 3.663e-06 1.961e-02
2.496782 -6.250e-01 4.785e-01 -2.685e-04 3.922e-06 3.922e-06 3.922e-03 -5.882e-05 3.663e-06 1.961e-02
2.506783 -5.859e-01 4.199e-01 -3.240e-04 3.922e-06 3.922e-06 3.922e-03 -5.882e-05 3.663e-06 1.961e-02
2.516783 -5.322e-01 3.809e-01 -3.882e-04 3.922e-06 3.922e-06 3.922e-03 -5.882e-05 3.663e-06 1.961e-02
2.526783 -4.932e-01 3.223e-01 -4.349e-04 3.922e-06 3.922e-06 3.922e-03 -5.882e-05 3.663e-06 1.961e-02
2.536781 -4.688e-01 2.783e-01 -4.786e-04 3.922e-06 3.922e-06 3.922e-03 -5.882e-05 3.663e-06 1.961e-02
2.546782 -4.541e-01 2.393e-01 -5.195e-04 3.922e-06 3.922e-06 3.922e-03 -5.882e-05 3.663e-06 1.961e-02
2.556782 -4.443e-01 1.904e-01 -5.429e-04 3.922e-06 3.922e-06 3.922e-03 -5.882e-05 3.663e-06 1.961e-02
2.566782 -4.443e-01 1.318e-01 -5.545e-04 3.922e-06 3.922e-06 3.922e-03 -5.882e-05 3.663e-06 1.961e-02
2.576782 -4.688e-01 7.324e-02 -5.575e-04 3.922e-06 3.922e-06 3.922e-03 -5.882e-05 3.663e-06 1.961e-02
2.586783 -5.127e-01 1.953e-02 -5.604e-04 3.922e-06 3.922e-06 3.922e-03 -5.882e-05 3.663e-06 1.961e-02
2.596783 -5.615e-01 -1.465e-02 -5.633e-04 3.922e-06 3.922e-06 3.922e-03 -5.882e-05 3.663e-06 1.961e-02
2.606782 -6.250e-01 -7.812e-02 -5.370e-04 3.922e-06 3.922e-06 3.922e-03 -5.882e-05 3.663e-06 1.961e-02
2.616782 -7.031e-01 -1.221e-01 -5.049e-04 3.922e-06 3.922e-06 3.922e-03 -5.882e-05 3.663e-06 1.961e-02
2.626782 -8.057e-01 -1.709e-01 -4.728e-04 3.922e-06 3.922e-06 3.922e-03 -5.882e-05 3.663e-06 1.961e-02
2.636782 -9.277e-01 -2.148e-01 -4.407e-04 3.922e-06 3.922e-06 3.922e-03 -5.882e-05 3.663e-06 1.961e-02
2.646783 -1.064e+00 -2.637e-01 -3.882e-04 3.922e-06 3.922e-06 3.922e-03 -5.882e-05 3.663e-06 1.961e-02
2.656781 -1.221e+00 -3.174e-01 -3.327e-04 3.922e-06 3.922e-06 3.922e-03 -5.882e-05 3.663e-06 1.961e-02
2.666783 -1.401e+00 -3.516e-01 -2.743e-04 3.922e-06 3.922e-06 3.922e-03 -5.882e-05 3.663e-06 1.961e-02
2.676782 -1.602e+00 -4.004e-01 -1.985e-04 3.922e-06 3.922e-06 3.922e-03 -5.882e-05 3.663e-06 1.961e-02
2.686782 -1.812e+00 -4.492e-01 -1.255e-04 3.922e-06 3.922e-06 3.922e-03 -5.882e-05 3.663e-06 1.961e-02
2.696781 -2.012e+00 -5.029e-01 -3.210e-05 3.922e-06 3.922e-06 3.922e-03 -5.882e-05 3.663e-06 1.961e-02
2.706783 -2.241e+00 -5.371e-01 4.378e-05 3.922e-06 3.922e-06 3.922e-03 -5.882e-05 3.663e-06 1.961e-02
2.716783 -2.422e+00 -5.762e-01 1.518e-04 3.922e-06 3.922e-06 3.922e-03 -5.882e-05 3.663e-06 1.961e-02
2.726783 -2.612e+00 -6.152e-01 2.481e-04 3.922e-06 3.922e-06 3.922e-03 -5.882e-05 3.663e-06 1.961e-02
2.736781 -2.808e+00 -6.445e-01 3.561e-04 3.922e-06 3.922e-06 3.922e-03 -5.882e-05 3.663e-06 1.961e-02
2.746782 -2.969e+00 -6.738e-01 4.699e-04 3.922e-06 3.922e-06 3.922e-03 -5.882e-05 3.663e-06 1.961e-02
2.756783 -3.145e+00 -7.080e-01 5.866e-04 3.922e-06 3.922e-06 3.922e-03 -5.882e-05 3.663e-06 1.961e-02
2.766783 -3.296e+00 -7.275e-01 7.151e-04 3.922e-06 3.922e-06 3.922e-03 -5.882e-05 3.663e-06 1.961e-02
2.776783 -3.457e+00 -7.568e-01 8.464e-04 3.922e-06 3.922e-06 3.922e-03 -5.882e-05 3.663e-06 1.961e-02
2.786782 -3.589e+00 -7.764e-01 9.806e-04 3.922e-06 3.922e-06 3.922e-03 -5.882e-05 3.663e-06 1.961e-02
2.796782 -3.740e+00 -7.764e-01 1.103e-03 3.922e-06 3.922e-06 3.922e-03 -5.882e-05 3.663e-06 1.961e-02
2.806783 -3.867e+00 -7.959e-01 1.235e-03 3.922e-06 3.922e-06 3.922e-03 -5.882e-05 3.663e-06 1.961e-02
2.816782 -3.979e+00 -7.812e-01 1.372e-03 3.922e-06 3.922e-06 3.922e-03 -5.882e-05 3.663e-06 1.961e-02
2.826782 -4.092e+00 -7.861e-01 1.500e-03 3.922e-06 3.922e-06 3.922e-03 -5.882e-05 3.663e-06 1.961e-02
2.836782 -4.194e+00 -7.715e-01 1.626e-03 3.922e-06 3.922e-06 3.922e-03 -5.882e-05 3.663e-06 1.961e-02
2.846783 -4.258e+00 -7.568e-01 1.766e-03 3.922e-06 3.922e-06 3.922e-03 -5.882e-05 3.663e-06 1.961e-02
2.856782 -4.346e+00 -7.422e-01 1.877e-03 3.922e-06 3.922e-06 3.922e-03 -5.882e-05 3.663e-06 1.961e-02
2.866782 -4.399e+00 -7.080e-01 1.999e-03 3.922e-06 3.922e-06 3.922e-03 -5.882e-05 3.663e-06 1.961e-02
2.876782 -4.458e+00 -6.738e-01 2.113e-03 3.922e-06 3.922e-06 3.922e-03 -5.882e-05 3.663e-06 1.961e-02
2.886782 -4.487e+00 -6.445e-01 2.224e-03 3.922e-06 3.922e-06 3.922e-03 -5.882e-05 3.663e-06 1.961e-02
2.896782 -4.507e+00 -6.006e-01 2.332e-03 3.922e-06 3.922e-06 3.922e-03 -5.882e-05 3.663e-06 1.961e-02
2.906782 -4.541e+00 -5.469e-01 2.405e-03 3.922e-06 3.922e-06 3.922e-03 -5.882e-05 3.663e-06 1.961e-02
2.916781 -4.536e+00 -4.932e-01 2.495e-03 3.922e-06 3.922e-06 3.922e-03 -5.882e-05 3.663e-06 1.961e-02
2.926783 -4.536e+00 -4.443e-01 2.571e-03 3.922e-06 3.922e-06 3.922e-03 -5.882e-05 3.663e-06 1.961e-02
2.936782 -4.497e+00 -3.857e-01 2.635e-03 3.922e-06 3.922e-06 3.922e-03 -5.882e-05 3.663e-06 1.961e-02
2.946782 -4.468e+00 -3.125e-01 2.685e-03 3.922e-06 3.922e-06 3.922e-03 -5.882e-05 3.663e-06 1.961e-02
2.956782 -4.424e+00 -2.588e-01 2.735e-03 3.922e-06 3.922e-06 3.922e-03 -5.882e-05 3.663e-06 1.961e-02
2.966782 -4.355e+00 -1.953e-01 2.781e-03 3.922e-06 3.922e-06 3.922e-03 -5.882e-05 3.663e-06 1.961e-02
2.976782 -4.292e+00 -1.416e-01 2.814e-03 3.922e-06 3.922e-06 3.922e-03 -5.882e-05 3.663e-06 1.961e-02
2.986782 -4.219e+00 -6.836e-02 2.825e-03 3.922e-06 3.922e-06 3.922e-03 -5.882e-05 3.663e-06 1.961e-02
2.996782 -4.121e+00 1.953e-02 2.808e-03 3.922e-06 3.922e-06 3.922e-03 -5.882e-05 3.663e-06 1.961e-02
3.006783 -4.033e+00 8.301e-02 2.802e-03 3.922e-06 3.922e-06 3.922e-03 -5.882e-05 3.663e-06 1.961e-02
3.016783 -3.906e+00 1.514e-01 2.790e-03 3.922e-06 3.922e-06 3.922e-03 -5.882e-05 3.663e-06 1.961e-02
3.026783 -3.799e+00 2.344e-01 2.743e-03 3.922e-06 3.922e-06 3.922e-03 -5.882e-05 3.663e-06 1.961e-02
3.036783 -3.682e+00 2.930e-01 2.703e-03 3.922e-06 3.922e-06 3.922e-03 -5.882e-05 3.663e-06 1.961e-02
3.046782 -3.540e+00 3.613e-01 2.662e-03 3.922e-06 3.922e-06 3.922e-03 -5.882e-05 3.663e-06 1.961e-02
3.056781 -3.423e+00 4.199e-01 2.589e-03 3.922e-06 3.922e-06 3.922e-03 -5.882e-05 3.663e-06 1.961e-02
3.066783 -3.267e+00 4.785e-01 2.525e-03 3.922e-06 3.922e-06 3.922e-03 -5.882e-05 3.663e-06 1.961e-02
3.076782 -3.135e+00 5.420e-01 2.437e-03 3.922e-06 3.922e-06 3.922e-03 -5.882e-05 3.663e-06 1.961e-02
3.086783 -2.983e+00 5.859e-01 2.349e-03 3.922e-06 3.922e-06 3.922e-03 -5.882e-05 3.663e-06 1.961e-02
3.096782 -2.827e+00 6.494e-01 2.244e-03 3.922e-06 3.922e-06 3.922e-03 -5.882e-05 3.663e-06 1.961e-02
3.106782 -2.700e+00 6.934e-01 2.131e-03 3.922e-06 3.922e-06 3.922e-03 -5.882e-05 3.663e-06 1.961e-02
3.116782 -2.559e+00 7.373e-01 2.017e-03 3.922e-06 3.922e-06 3.922e-03 -5.882e-05 3.663e-06 1.961e-02
3.126783 -2.407e+00 7.959e-01 1.882e-03 3.922e-06 3.922e-06 3.922e-03 -5.882e-05 3.663e-06 1.961e-02
3.136783 -2.280e+00 8.105e-01 1.754e-03 3.922e-06 3.922e-06 3.922e-03 -5.882e-05 3.663e-06 1.961e-02
3.146783 -2.139e+00 8.398e-01 1.623e-03 3.922e-06 3.922e-06 3.922e-03 -5.882e-05 3.663e-06 1.961e-02
3.156782 -2.002e+00 8.545e-01 1.494e-03 3.922e-06 3.922e-06 3.922e-03 -5.882e-05 3.663e-06 1.961e-02
3.166782 -1.875e+00 8.789e-01 1.351e-03 3.922e-06 3.922e-06 3.922e-03 -5.882e-05 3.663e-06 1.961e-02
3.176782 -1.768e+00 8.838e-01 1.217e-03 3.922e-06 3.922e-06 3.922e-03 -5.882e-05 3.663e-06 1.961e-02
3.186781 -1.670e+00 8.740e-01 1.083e-03 3.922e-06 3.922e-06 3.922e-03 -5.882e-05 3.663e-06 1.961e-02
3.196782 -1.567e+00 8.887e-01 9.310e-04 3.922e-06 3.922e-06 3.922e-03 -5.882e-05 3.663e-06 1.961e-02
3.206782 -1.460e+00 8.740e-01 7.968e-04 3.922e-06 3.922e-06 3.922e-03 -5.882e-05 3.663e-06 1.961e-02
3.216783 -1.343e+00 8.643e-01 6.508e-04 3.922e-06 3.922e-06 3.922e-03 -5.882e-05 3.663e-06 1.961e-02
3.226782 -1.226e+00 8.398e-01 5.224e-04 3.922e-06 3.922e-06 3.922e-03 -5.882e-05 3.663e-06 1.961e-02
3.236783 -1.099e+00 8.057e-01 4.028e-04 3.922e-06 3.922e-06 3.922e-03 -5.882e-05 3.663e-06 1.961e-02
3.246784 -9.717e-01 7.764e-01 2.831e-04 3.922e-06 3.922e-06 3.922e-03 -5.882e-05 3.663e-06 1.961e-02
3.256783 -8.643e-01 7.373e-01 1.664e-04 3.922e-06 3.922e-06 3.922e-03 -5.882e-05 3.663e-06 1.961e-02
3.266783 -7.422e-01 7.080e-01 5.253e-05 3.922e-06 3.922e-06 3.922e-03 -5.882e-05 3.663e-06 1.961e-02
3.276782 -6.445e-01 6.738e-01 -5.837e-05 3.922e-06 3.922e-06 3.922e-03 -5.882e-05 3.663e-06 1.961e-02
3.286782 -5.420e-01 6.348e-01 -1.634e-04 3.922e-06 3.922e-06 3.922e-03 -5.882e-05 3.663e-06 1.961e-02
3.296783 -4.297e-01 6.006e-01 -2.539e-04 3.922e-06 3.922e-06 3.922e-03 -5.882e-05 3.663e-06 1.961e-02
3.306782 -3.271e-01 5.371e-01 -3.327e-04 3.922e-06 3.922e-06 3.922e-03 -5.882e-05 3.663e-06 1.961e-02
3.316781 -2.197e-01 5.127e-01 -4.203e-04 3.922e-06 3.922e-06 3.922e-03 -5.882e-05 3.663e-06 1.961e-02
3.326783 -1.318e-01 4.590e-01 -4.845e-04 3.922e-06 3.922e-06 3.922e-03 -5.882e-05 3.663e-06 1.961e-02
3.336783 -4.883e-02 4.053e-01 -5.458e-04 3.922e-06 3.922e-06 3.922e-03 -5.882e-05 3.663e-06 1.961e-02
3.346782 4.883e-02 3.467e-01 -5.866e-04 3.922e-06 3.922e-06 3.922e-03 -5.882e-05 3.663e-06 1.961e-02
3.356782 1.025e-01 2.979e-01 -6.363e-04 3.922e-06 3.922e-06 3.922e-03 -5.882e-05 3.663e-06 1.961e-02
3.366782 1.465e-01 2.686e-01 -6.859e-04 3.922e-06 3.922e-06 3.922e-03 -5.882e-05 3.663e-06 1.961e-02
3.376782 2.100e-01 2.100e-01 -7.034e-04 3.922e-06 3.922e-06 3.922e-03 -5.882e-05 3.663e-06 1.961e-02
3.386782 2.588e-01 1.758e-01 -7.384e-04 3.922e-06 3.922e-06 3.922e-03 -5.882e-05 3.663e-06 1.961e-02
3.396781 3.076e-01 1.367e-01 -7.618e-04 3.922e-06 3.922e-06 3.922e-03 -5.882e-05 3.663e-06 1.961e-02
3.406781 3.223e-01 7.324e-02 -7.559e-04 3.922e-06 3.922e-06 3.922e-03 -5.882e-05 3.663e-06 1.961e-02
3.416783 3.516e-01 4.883e-02 -7.705e-04 3.922e-06 3.922e-06 3.922e-03 -5.882e-05 3.663e-06 1.961e-02
3.426783 3.613e-01 9.766e-03 -7.588e-04 3.922e-06 3.922e-06 3.922e-03 -5.882e-05 3.663e-06 1.961e-02
3.436782 3.613e-01 -4.395e-02 -7.442e-04 3.922e-06 3.922e-06 3.922e-03 -5.882e-05 3.663e-06 1.961e-02
3.446782 3.613e-01 -7.812e-02 -7.238e-04 3.922e-06 3.922e-06 3.922e-03 -5.882e-05 3.663e-06 1.961e-02
3.456782 3.418e-01 -1.123e-01 -7.034e-04 3.922e-06 3.922e-06 3.922e-03 -5.882e-05 3.663e-06 1.961e-02
3.466781 3.125e-01 -1.270e-01 -6.859e-04 3.922e-06 3.922e-06 3.922e-03 -5.882e-05 3.663e-06 1.961e-02
3.476782 2.686e-01 -1.611e-01 -6.508e-04 3.922e-06 3.922e-06 3.922e-03 -5.882e-05 3.663e-06 1.961e-02
3.486781 2.246e-01 -1.904e-01 -6.217e-04 3.922e-06 3.922e-06 3.922e-03 -5.882e-05 3.663e-06 1.961e-02
3.496783 1.660e-01 -2.051e-01 -5.808e-04 3.922e-06 3.922e-06 3.922e-03 -5.882e-05 3.663e-06 1.961e-02
3.506783 1.074e-01 -2.393e-01 -5.399e-04 3.922e-06 3.922e-06 3.922e-03 -5.882e-05 3.663e-06 1.961e-02
3.516782 3.906e-02 -2.637e-01 -4.845e-04 3.922e-06 3.922e-06 3.922e-03 -5.882e-05 3.663e-06 1.961e-02
3.526782 -3.906e-02 -2.832e-01 -4.349e-04 3.922e-06 3.922e-06 3.922e-03 -5.882e-05 3.663e-06 1.961e-02
3.536783 -1.465e-01 -3.076e-01 -3.794e-04 3.922e-06 3.922e-06 3.922e-03 -5.882e-05 3.663e-06 1.961e-02
3.546783 -2.344e-01 -3.125e-01 -3.240e-04 3.922e-06 3.922e-06 3.922e-03 -5.882e-05 3.663e-06 1.961e-02
3.556782 -3.662e-01 -3.467e-01 -2.568e-04 3.922e-06 3.922e-06 3.922e-03 -5.882e-05 3.663e-06 1.961e-02
3.566782 -4.883e-01 -3.564e-01 -1.926e-04 3.922e-06 3.922e-06 3.922e-03 -5.882e-05 3.663e-06 1.961e-02
3.576782 -6.348e-01 -3.711e-01 -1.313e-04 3.922e-06 3.922e-06 3.922e-03 -5.882e-05 3.663e-06 1.961e-02
3.586782 -7.959e-01 -3.906e-01 -6.713e-05 3.922e-06 3.922e-06 3.922e-03 -5.882e-05 3.663e-06 1.961e-02
3.596781 -9.570e-01 -3.857e-01 -5.837e-06 3.922e-06 3.922e-06 3.922e-03 -5.882e-05 3.663e-06 1.961e-02
3.606782 -1.133e+00 -4.150e-01 7.880e-05 3.922e-06 3.922e-06 3.922e-03 -5.882e-05 3.663e-06 1.961e-02
3.616782 -1.328e+00 -4.199e-01 1.459e-04 3.922e-06 3.922e-06 3.922e-03 -5.882e-05 3.663e-06 1.961e-02
3.626782 -1.533e+00 -4.346e-01 2.247e-04 3.922e-06 3.922e-06 3.922e-03 -5.882e-05 3.663e-06 1.961e-02
3.636781 -1.772e+00 -4.688e-01 3.094e-04 3.922e-06 3.922e-06 3.922e-03 -5.882e-05 3.663e-06 1.961e-02
3.646782 -1.968e+00 -4.590e-01 3.765e-04 3.922e-06 3.922e-06 3.922e-03 -5.882e-05 3.663e-06 1.961e-02
3.656782 -2.168e+00 -4.932e-01 4.728e-04 3.922e-06 3.922e-06 3.922e-03 -5.882e-05 3.663e-06 1.961e-02
3.666782 -2.344e+00 -5.078e-01 5.575e-04 3.922e-06 3.922e-06 3.922e-03 -5.882e-05 3.663e-06 1.961e-02
3.676783 -2.520e+00 -5.078e-01 6.392e-04 3.922e-06 3.922e-06 3.922e-03 -5.882e-05 3.663e-06 1.961e-02
3.686782 -2.686e+00 -5.322e-01 7.355e-04 3.922e-06 3.922e-06 3.922e-03 -5.882e-05 3.663e-06 1.961e-02
3.696782 -2.822e+00 -5.322e-01 8.260e-04 3.922e-06 3.922e-06 3.922e-03 -5.882e-05 3.663e-06 1.961e-02
3.706783 -2.988e+00 -5.371e-01 9.048e-04 3.922e-06 3.922e-06 3.922e-03 -5.882e-05 3.663e-06 1.961e-02
3.716782 -3.101e+00 -5.469e-01 1.004e-03 3.922e-06 3.922e-06 3.922e-03 -5.882e-05 3.663e-06 1.961e-02
3.726781 -3.213e+00 -5.469e-01 1.097e-03 3.922e-06 3.922e-06 3.922e-03 -5.882e-05 3.663e-06 1.961e-02
3.736782 -3.340e+00 -5.566e-01 1.191e-03 3.922e-06 3.922e-06 3.922e-03 -5.882e-05 3.663e-06 1.961e-02
3.746783 -3.438e+00 -5.420e-01 1.281e-03 3.922e-06 3.922e-06 3.922e-03 -5.882e-05 3.663e-06 1.961e-02
3.756783 -3.511e+00 -5.566e-01 1.383e-03 3.922e-06 3.922e-06 3.922e-03 -5.882e-05 3.663e-06 1.961e-02
3.766782 -3.608e+00 -5.371e-01 1.471e-03 3.922e-06 3.922e-06 3.922e-03 -5.882e-05 3.663e-06 1.961e-02
3.776781 -3.687e+00 -5.176e-01 1.556e-03 3.922e-06 3.922e-06 3.922e-03 -5.882e-05 3.663e-06 1.961e-02
3.786782 -3.755e+00 -5.127e-01 1.643e-03 3.922e-06 3.922e-06 3.922e-03 -5.882e-05 3.663e-06 1.961e-02
3.796782 -3.799e+00 -4.736e-01 1.710e-03 3.922e-06 3.922e-06 3.922e-03 -5.882e-05 3.663e-06 1.961e-02
3.806782 -3.857e+00 -4.688e-01 1.801e-03 3.922e-06 3.922e-06 3.922e-03 -5.882e-05 3.663e-06 1.961e-02
3.816782 -3.877e+00 -4.297e-01 1.868e-03 3.922e-06 3.922e-06 3.922e-03 -5.882e-05 3.663e-06 1.961e-02
3.826782 -3.916e+00 -4.004e-01 1.932e-03 3.922e-06 3.922e-06 3.922e-03 -5.882e-05 3.663e-06 1.961e-02
3.836782 -3.936e+00 -3.760e-01 1.999e-03 3.922e-06 3.922e-06 3.922e-03 -5.882e-05 3.663e-06 1.961e-02
3.846781 -3.936e+00 -3.418e-01 2.069e-03 3.922e-06 3.922e-06 3.922e-03 -5.882e-05 3.663e-06 1.961e-02
3.856781 -3.936e+00 -3.174e-01 2.125e-03 3.922e-06 3.922e-06 3.922e-03 -5.882e-05 3.663e-06 1.961e-02
3.866782 -3.931e+00 -2.686e-01 2.166e-03 3.922e-06 3.922e-06 3.922e-03 -5.882e-05 3.663e-06 1.961e-02
3.876782 -3.921e+00 -2.148e-01 2.198e-03 3.922e-06 3.922e-06 3.922e-03 -5.882e-05 3.663e-06 1.961e-02
3.886782 -3.896e+00 -1.807e-01 2.236e-03 3.922e-06 3.922e-06 3.922e-03 -5.882e-05 3.663e-06 1.961e-02
3.896782 -3.862e+00 -1.270e-01 2.250e-03 3.922e-06 3.922e-06 3.922e-03 -5.882e-05 3.663e-06 1.961e-02
3.906783 -3.823e+00 -9.277e-02 2.271e-03 3.922e-06 3.922e-06 3.922e-03 -5.882e-05 3.663e-06 1.961e-02
3.916782 -3.765e+00 -3.418e-02 2.277e-03 3.922e-06 3.922e-06 3.922e-03 -5.882e-05 3.663e-06 1.961e-02
3.926782 -3.706e+00 4.883e-03 2.291e-03 3.922e-06 3.922e-06 3.922e-03 -5.882e-05 3.663e-06 1.961e-02
3.936782 -3.647e+00 5.371e-02 2.277e-03 3.922e-06 3.922e-06 3.922e-03 -5.882e-05 3.663e-06 1.961e-02
3.946781 -3.569e+00 1.074e-01 2.265e-03 3.922e-06 3.922e-06 3.922e-03 -5.882e-05 3.663e-06 1.961e-02
3.956783 -3.491e+00 1.318e-01 2.262e-03 3.922e-06 3.922e-06 3.922e-03 -5.882e-05 3.663e-06 1.961e-02
3.966783 -3.423e+00 1.904e-01 2.224e-03 3.922e-06 3.922e-06 3.922e-03 -5.882e-05 3.663e-06 1.961e-02
3.976782 -3.345e+00 2.344e-01 2.186e-03 3.922e-06 3.922e-06 3.922e-03 -5.882e-05 3.663e-06 1.961e-02
3.986783 -3.252e+00 2.734e-01 2.142e-03 3.922e-06 3.922e-06 3.922e-03 -5.882e-05 3.663e-06 1.961e-02
3.996782 -3.149e+00 3.174e-01 2.101e-03 3.922e-06 3.922e-06 3.922e-03 -5.882e-05 3.663e-06 1.961e-02
4.006782 -3.062e+00 3.613e-01 2.037e-03 3.922e-06 3.922e-06 3.922e-03 -5.882e-05 3.663e-06 1.961e-02
4.016781 -2.974e+00 4.004e-01 1.976e-03 3.922e-06 3.922e-06 3.922e-03 -5.882e-05 3.663e-06 1.961e-02
4.026783 -2.876e+00 4.346e-01 1.909e-03 3.922e-06 3.922e-06 3.922e-03 -5.882e-05 3.663e-06 1.961e-02
4.036783 -2.798e+00 4.639e-01 1.839e-03 3.922e-06 3.922e-06 3.922e-03 -5.882e-05 3.663e-06 1.961e-02
4.046782 -2.686e+00 4.932e-01 1.766e-03 3.922e-06 3.922e-06 3.922e-03 -5.882e-05 3.663e-06 1.961e-02
4.056782 -2.598e+00 5.078e-01 1.693e-03 3.922e-06 3.922e-06 3.922e-03 -5.882e-05 3.663e-06 1.961e-02
4.066783 -2.510e+00 5.469e-01 1.591e-03 3.922e-06 3.922e-06 3.922e-03 -5.882e-05 3.663e-06 1.961e-02
4.076783 -2.422e+00 5.664e-01 1.506e-03 3.922e-06 3.922e-06 3.922e-03 -5.882e-05 3.663e-06 1.961e-02
4.086782 -2.339e+00 5.713e-01 1.416e-03 3.922e-06 3.922e-06 3.922e-03 -5.882e-05 3.663e-06 1.961e-02
4.096782 -2.251e+00 6.006e-01 1.308e-03 3.922e-06 3.922e-06 3.922e-03 -5.882e-05 3.663e-06 1.961e-02
4.106782 -2.168e+00 5.811e-01 1.243e-03 3.922e-06 3.922e-06 3.922e-03 -5.882e-05 3.663e-06 1.961e-02
4.116783 -2.104e+00 6.006e-01 1.132e-03 3.922e-06 3.922e-06 3.922e-03 -5.882e-05 3.663e-06 1.961e-02
4.126782 -2.036e+00 5.908e-01 1.051e-03 3.922e-06 3.922e-06 3.922e-03 -5.882e-05 3.663e-06 1.961e-02
4.136782 -1.992e+00 5.762e-01 9.602e-04 3.922e-06 3.922e-06 3.922e-03 -5.882e-05 3.663e-06 1.961e-02
4.146782 -1.919e+00 5.664e-01 8.756e-04 3.922e-06 3.922e-06 3.922e-03 -5.882e-05 3.663e-06 1.961e-02
4.156782 -1.885e+00 5.566e-01 7.763e-04 3.922e-06 3.922e-06 3.922e-03 -5.882e-05 3.663e-06 1.961e-02
4.166783 -1.846e+00 5.518e-01 6.888e-04 3.922e-06 3.922e-06 3.922e-03 -5.882e-05 3.663e-06 1.961e-02
4.176782 -1.816e+00 5.371e-01 5.983e-04 3.922e-06 3.922e-06 3.922e-03 -5.882e-05 3.663e-06 1.961e-02
4.186781 -1.787e+00 4.932e-01 5.341e-04 3.922e-06 3.922e-06 3.922e-03 -5.882e-05 3.663e-06 1.961e-02
4.196782 -1.758e+00 4.590e-01 4.670e-04 3.922e-06 3.922e-06 3.922e-03 -5.882e-05 3.663e-06 1.961e-02
4.206782 -1.777e+00 4.248e-01 3.940e-04 3.922e-06 3.922e-06 3.922e-03 -5.882e-05 3.663e-06 1.961e-02
4.216783 -1.763e+00 3.906e-01 3.386e-04 3.922e-06 3.922e-06 3.922e-03 -5.882e-05 3.663e-06 1.961e-02
4.226782 -1.782e+00 3.564e-01 2.831e-04 3.922e-06 3.922e-06 3.922e-03 -5.882e-05 3.663e-06 1.961e-02
4.236783 -1.807e+00 3.125e-01 2.422e-04 3.922e-06 3.922e-06 3.922e-03 -5.882e-05 3.663e-06 1.961e-02
4.246782 -1.831e+00 2.686e-01 1.985e-04 3.922e-06 3.922e-06 3.922e-03 -5.882e-05 3.663e-06 1.961e-02
4.256782 -1.875e+00 2.246e-01 1.518e-04 3.922e-06 3.922e-06 3.922e-03 -5.882e-05 3.663e-06 1.961e-02
4.266782 -1.919e+00 1.758e-01 1.372e-04 3.922e-06 3.922e-06 3.922e-03 -5.882e-05 3.663e-06 1.961e-02
4.276782 -1.973e+00 1.270e-01 1.167e-04 3.922e-06 3.922e-06 3.922e-03 -5.882e-05 3.663e-06 1.961e-02
4.286782 -2.026e+00 7.324e-02 1.051e-04 3.922e-06 3.922e-06 3.922e-03 -5.882e-05 3.663e-06 1.961e-02
4.296782 -2.090e+00 3.418e-02 1.022e-04 3.922e-06 3.922e-06 3.922e-03 -5.882e-05 3.663e-06 1.961e-02
4.306782 -2.178e+00 -2.930e-02 1.138e-04 3.922e-06 3.922e-06 3.922e-03 -5.882e-05 3.663e-06 1.961e-02
4.316783 -2.241e+00 -6.836e-02 1.226e-04 3.922e-06 3.922e-06 3.922e-03 -5.882e-05 3.663e-06 1.961e-02
4.326782 -2.344e+00 -1.270e-01 1.547e-04 3.922e-06 3.922e-06 3.922e-03 -5.882e-05 3.663e-06 1.961e-02
4.336783 -2.446e+00 -1.807e-01 1.897e-04 3.922e-06 3.922e-06 3.922e-03 -5.882e-05 3.663e-06 1.961e-02
4.346782 -2.539e+00 -2.100e-01 2.160e-04 3.922e-06 3.922e-06 3.922e-03 -5.882e-05 3.663e-06 1.961e-02
4.356782 -2.632e+00 -2.734e-01 2.714e-04 3.922e-06 3.922e-06 3.922e-03 -5.882e-05 3.663e-06 1.961e-02
4.366783 -2.729e+00 -3.174e-01 3.240e-04 3.922e-06 3.922e-06 3.922e-03 -5.882e-05 3.663e-06 1.961e-02
4.376782 -2.832e+00 -3.564e-01 3.911e-04 3.922e-06 3.922e-06 3.922e-03 -5.882e-05 3.663e-06 1.961e-02
4.386782 -2.949e+00 -4.102e-01 4.641e-04 3.922e-06 3.922e-06 3.922e-03 -5.882e-05 3.663e-06 1.961e-02
4.396782 -3.052e+00 -4.297e-01 5.312e-04 3.922e-06 3.922e-06 3.922e-03 -5.882e-05 3.663e-06 1.961e-02
4.406782 -3.159e+00 -4.785e-01 6.187e-04 3.922e-06 3.922e-06 3.922e-03 -5.882e-05 3.663e-06 1.961e-02
4.416782 -3.257e+00 -4.980e-01 7.005e-04 3.922e-06 3.922e-06 3.922e-03 -5.882e-05 3.663e-06 1.961e-02
4.426782 -3.369e+00 -5.225e-01 7.909e-04 3.922e-06 3.922e-06 3.922e-03 -5.882e-05 3.663e-06 1.961e-02
4.436783 -3.467e+00 -5.518e-01 8.873e-04 3.922e-06 3.922e-06 3.922e-03 -5.882e-05 3.663e-06 1.961e-02
4.446783 -3.545e+00 -5.762e-01 9.894e-04 3.922e-06 3.922e-06 3.922e-03 -5.882e-05 3.663e-06 1.961e-02
4.456783 -3.672e+00 -5.859e-01 1.077e-03 3.922e-06 3.922e-06 3.922e-03 -5.882e-05 3.663e-06 1.961e-02
4.466782 -3.750e+00 -5.957e-01 1.179e-03 3.922e-06 3.922e-06 3.922e-03 -5.882e-05 3.663e-06 1.961e-02
4.476783 -3.838e+00 -6.006e-01 1.281e-03 3.922e-06 3.922e-06 3.922e-03 -5.882e-05 3.663e-06 1.961e-02
4.486783 -3.921e+00 -6.104e-01 1.386e-03 3.922e-06 3.922e-06 3.922e-03 -5.882e-05 3.663e-06 1.961e-02
4.496782 -3.970e+00 -5.957e-01 1.491e-03 3.922e-06 3.922e-06 3.922e-03 -5.882e-05 3.663e-06 1.961e-02
4.506783 -4.053e+00 -5.908e-01 1.582e-03 3.922e-06 3.922e-06 3.922e-03 -5.882e-05 3.663e-06 1.961e-02
4.516781 -4.106e+00 -5.811e-01 1.696e-03 3.922e-06 3.922e-06 3.922e-03 -5.882e-05 3.663e-06 1.961e-02
4.526783 -4.155e+00 -5.713e-01 1.792e-03 3.922e-06 3.922e-06 3.922e-03 -5.882e-05 3.663e-06 1.961e-02
4.536782 -4.209e+00 -5.420e-01 1.877e-03 3.922e-06 3.922e-06 3.922e-03 -5.882e-05 3.663e-06 1.961e-02
4.546782 -4.224e+00 -5.176e-01 1.967e-03 3.922e-06 3.922e-06 3.922e-03 -5.882e-05 3.663e-06 1.961e-02
4.556782 -4.248e+00 -4.980e-01 2.061e-03 3.922e-06 3.922e-06 3.922e-03 -5.882e-05 3.663e-06 1.961e-02
4.566783 -4.253e+00 -4.541e-01 2.125e-03 3.922e-06 3.922e-06 3.922e-03 -5.882e-05 3.663e-06 1.961e-02
4.576782 -4.263e+00 -4.199e-01 2.198e-03 3.922e-06 3.922e-06 3.922e-03 -5.882e-05 3.663e-06 1.961e-02
4.586782 -4.258e+00 -3.906e-01 2.277e-03 3.922e-06 3.922e-06 3.922e-03 -5.882e-05 3.663e-06 1.961e-02
4.596782 -4.238e+00 -3.467e-01 2.341e-03 3.922e-06 3.922e-06 3.922e-03 -5.882e-05 3.663e-06 1.961e-02
4.606782 -4.224e+00 -2.979e-01 2.382e-03 3.922e-06 3.922e-06 3.922e-03 -5.882e-05 3.663e-06 1.961e-02
4.616782 -4.194e+00 -2.393e-01 2.431e-03 3.922e-06 3.922e-06 3.922e-03 -5.882e-05 3.663e-06 1.961e-02
4.626782 -4.150e+00 -1.953e-01 2.466e-03 3.922e-06 3.922e-06 3.922e-03 -5.882e-05 3.663e-06 1.961e-02
4.636783 -4.106e+00 -1.367e-01 2.481e-03 3.922e-06 3.922e-06 3.922e-03 -5.882e-05 3.663e-06 1.961e-02
4.646782 -4.028e+00 -7.324e-02 2.495e-03 3.922e-06 3.922e-06 3.922e-03 -5.882e-05 3.663e-06 1.961e-02
4.656783 -3.965e+00 -4.395e-02 2.522e-03 3.922e-06 3.922e-06 3.922e-03 -5.882e-05 3.663e-06 1.961e-02
4.666782 -3.887e+00 3.418e-02 2.507e-03 3.922e-06 3.922e-06 3.922e-03 -5.882e-05 3.663e-06 1.961e-02
4.676782 -3.809e+00 7.812e-02 2.510e-03 3.922e-06 3.922e-06 3.922e-03 -5.882e-05 3.663e-06 1.961e-02
4.686782 -3.740e+00 1.416e-01 2.475e-03 3.922e-06 3.922e-06 3.922e-03 -5.882e-05 3.663e-06 1.961e-02
4.696782 -3.613e+00 1.953e-01 2.457e-03 3.922e-06 3.922e-06 3.922e-03 -5.882e-05 3.663e-06 1.961e-02
4.706782 -3.521e+00 2.344e-01 2.428e-03 3.922e-06 3.922e-06 3.922e-03 -5.882e-05 3.663e-06 1.961e-02
4.716781 -3.418e+00 3.076e-01 2.373e-03 3.922e-06 3.922e-06 3.922e-03 -5.882e-05 3.663e-06 1.961e-02
4.726783 -3.311e+00 3.516e-01 2.323e-03 3.922e-06 3.922e-06 3.922e-03 -5.882e-05 3.663e-06 1.961e-02
4.736783 -3.208e+00 4.053e-01 2.256e-03 3.922e-06 3.922e-06 3.922e-03 -5.882e-05 3.663e-06 1.961e-02
4.746783 -3.096e+00 4.590e-01 2.189e-03 3.922e-06 3.922e-06 3.922e-03 -5.882e-05 3.663e-06 1.961e-02
4.756782 -2.974e+00 4.932e-01 2.107e-03 3.922e-06 3.922e-06 3.922e-03 -5.882e-05 3.663e-06 1.961e-02
4.766782 -2.847e+00 5.371e-01 2.023e-03 3.922e-06 3.922e-06 3.922e-03 -5.882e-05 3.663e-06 1.961e-02
4.776782 -2.729e+00 5.713e-01 1.941e-03 3.922e-06 3.922e-06 3.922e-03 -5.882e-05 3.663e-06 1.961e-02
4.786783 -2.622e+00 6.006e-01 1.845e-03 3.922e-06 3.922e-06 3.922e-03 -5.882e-05 3.663e-06 1.961e-02
4.796782 -2.485e+00 6.348e-01 1.751e-03 3.922e-06 3.922e-06 3.922e-03 -5.882e-05 3.663e-06 1.961e-02
4.806783 -2.407e+00 6.592e-01 1.640e-03 3.922e-06 3.922e-06 3.922e-03 -5.882e-05 3.663e-06 1.961e-02
4.816782 -2.290e+00 6.836e-01 1.541e-03 3.922e-06 3.922e-06 3.922e-03 -5.882e-05 3.663e-06 1.961e-02
4.826781 -2.192e+00 6.982e-01 1.424e-03 3.922e-06 3.922e-06 3.922e-03 -5.882e-05 3.663e-06 1.961e-02
4.836783 -2.090e+00 7.129e-01 1.308e-03 3.922e-06 3.922e-06 3.922e-03 -5.882e-05 3.663e-06 1.961e-02
4.846783 -2.007e+00 7.227e-01 1.200e-03 3.922e-06 3.922e-06 3.922e-03 -5.882e-05 3.663e-06 1.961e-02
4.856781 -1.909e+00 7.031e-01 1.092e-03 3.922e-06 3.922e-06 3.922e-03 -5.882e-05 3.663e-06 1.961e-02
4.866783 -1.831e+00 7.080e-01 9.777e-04 3.922e-06 3.922e-06 3.922e-03 -5.882e-05 3.663e-06 1.961e-02
4.876782 -1.763e+00 6.982e-01 8.668e-04 3.922e-06 3.922e-06 3.922e-03 -5.882e-05 3.663e-06 1.961e-02
4.886783 -1.694e+00 6.836e-01 7.530e-04 3.922e-06 3.922e-06 3.922e-03 -5.882e-05 3.663e-06 1.961e-02
4.896783 -1.611e+00 6.592e-01 6.625e-04 3.922e-06 3.922e-06 3.922e-03 -5.882e-05 3.663e-06 1.961e-02
4.906783 -1.597e+00 6.445e-01 5.458e-04 3.922e-06 3.922e-06 3.922e-03 -5.882e-05 3.663e-06 1.961e-02
4.916782 -1.562e+00 6.152e-01 4.524e-04 3.922e-06 3.922e-06 3.922e-03 -5.882e-05 3.663e-06 1.961e-02
4.926782 -1.514e+00 5.811e-01 3.590e-04 3.922e-06 3.922e-06 3.922e-03 -5.882e-05 3.663e-06 1.961e-02
4.936783 -1.484e+00 5.420e-01 2.831e-04 3.922e-06 3.922e-06 3.922e-03 -5.882e-05 3.663e-06 1.961e-02
4.946783 -1.460e+00 5.127e-01 1.985e-04 3.922e-06 3.922e-06 3.922e-03 -5.882e-05 3.663e-06 1.961e-02
4.956782 -1.436e+00 4.541e-01 1.313e-04 3.922e-06 3.922e-06 3.922e-03 -5.882e-05 3.663e-06 1.961e-02
4.966783 -1.431e+00 4.199e-01 5.545e-05 3.922e-06 3.922e-06 3.922e-03 -5.882e-05 3.663e-06 1.961e-02
4.976782 -1.440e+00 3.711e-01 0.000e+00 3.922e-06 3.922e-06 3.922e-03 -5.882e-05 3.663e-06 1.961e-02
4.986783 -1.465e+00 3.271e-01 -5.253e-05 3.922e-06 3.922e-06 3.922e-03 -5.882e-05 3.663e-06 1.961e-02
4.996782 -1.494e+00 2.686e-01 -8.172e-05 3.922e-06 3.922e-06 3.922e-03 -5.882e-05 3.663e-06 1.961e-02
5.006782 -1.548e+00 2.002e-01 -1.022e-04 3.922e-06 3.922e-06 3.922e-03 -5.882e-05 3.663e-06 1.961e-02
5.016783 -1.616e+00 1.562e-01 -1.343e-04 3.922e-06 3.922e-06 3.922e-03 -5.882e-05 3.663e-06 1.961e-02
5.026782 -1.709e+00 1.025e-01 -1.518e-04 3.922e-06 3.922e-06 3.922e-03 -5.882e-05 3.663e-06 1.961e-02
5.036782 -1.797e+00 3.906e-02 -1.605e-04 3.922e-06 3.922e-06 3.922e-03 -5.882e-05 3.663e-06 1.961e-02
5.046782 -1.885e+00 -2.930e-02 -1.401e-04 3.922e-06 3.922e-06 3.922e-03 -5.882e-05 3.663e-06 1.961e-02
5.056782 -2.002e+00 -7.812e-02 -1.343e-04 3.922e-06 3.922e-06 3.922e-03 -5.882e-05 3.663e-06 1.961e-02
5.066782 -2.109e+00 -1.416e-01 -1.051e-04 3.922e-06 3.922e-06 3.922e-03 -5.882e-05 3.663e-06 1.961e-02
5.076783 -2.222e+00 -2.002e-01 -7.296e-05 3.922e-06 3.922e-06 3.922e-03 -5.882e-05 3.663e-06 1.961e-02
5.086782 -2.339e+00 -2.588e-01 -2.335e-05 3.922e-06 3.922e-06 3.922e-03 -5.882e-05 3.663e-06 1.961e-02
5.096782 -2.466e+00 -3.027e-01 2.627e-05 3.922e-06 3.922e-06 3.922e-03 -5.882e-05 3.663e-06 1.961e-02
5.106783 -2.603e+00 -3.760e-01 1.022e-04 3.922e-06 3.922e-06 3.922e-03 -5.882e-05 3.663e-06 1.961e-02
5.116782 -2.720e+00 -4.199e-01 1.722e-04 3.922e-06 3.922e-06 3.922e-03 -5.882e-05 3.663e-06 1.961e-02
5.126781 -2.861e+00 -4.736e-01 2.481e-04 3.922e-06 3.922e-06 3.922e-03 -5.882e-05 3.663e-06 1.961e-02
5.136781 -2.993e+00 -5.225e-01 3.415e-04 3.922e-06 3.922e-06 3.922e-03 -5.882e-05 3.663e-06 1.961e-02
5.146781 -3.115e+00 -5.518e-01 4.290e-04 3.922e-06 3.922e-06 3.922e-03 -5.882e-05 3.663e-06 1.961e-02
5.156782 -3.252e+00 -6.104e-01 5.458e-04 3.922e-06 3.922e-06 3.922e-03 -5.882e-05 3.663e-06 1.961e-02
5.166781 -3.379e+00 -6.396e-01 6.479e-04 3.922e-06 3.922e-06 3.922e-03 -5.882e-05 3.663e-06 1.961e-02
5.176783 -3.511e+00 -6.494e-01 7.472e-04 3.922e-06 3.922e-06 3.922e-03 -5.882e-05 3.663e-06 1.961e-02
5.186781 -3.628e+00 -6.885e-01 8.668e-04 3.922e-06 3.922e-06 3.922e-03 -5.882e-05 3.663e-06 1.961e-02
5.196782 -3.740e+00 -7.129e-01 9.952e-04 3.922e-06 3.922e-06 3.922e-03 -5.882e-05 3.663e-06 1.961e-02
5.206782 -3.867e+00 -7.129e-01 1.097e-03 3.922e-06 3.922e-06 3.922e-03 -5.882e-05 3.663e-06 1.961e-02
5.216783 -3.950e+00 -7.324e-01 1.240e-03 3.922e-06 3.922e-06 3.922e-03 -5.882e-05 3.663e-06 1.961e-02
5.226782 -4.062e+00 -7.471e-01 1.375e-03 3.922e-06 3.922e-06 3.922e-03 -5.882e-05 3.663e-06 1.961e-02
5.236783 -4.160e+00 -7.471e-01 1.497e-03 3.922e-06 3.922e-06 3.922e-03 -5.882e-05 3.663e-06 1.961e-02
5.246782 -4.248e+00 -7.324e-01 1.620e-03 3.922e-06 3.922e-06 3.922e-03 -5.882e-05 3.663e-06 1.961e-02
5.256782 -4.321e+00 -7.227e-01 1.734e-03 3.922e-06 3.922e-06 3.922e-03 -5.882e-05 3.663e-06 1.961e-02
5.266781 -4.370e+00 -6.885e-01 1.847e-03 3.922e-06 3.922e-06 3.922e-03 -5.882e-05 3.663e-06 1.961e-02
5.276783 -4.429e+00 -6.934e-01 1.973e-03 3.922e-06 3.922e-06 3.922e-03 -5.882e-05 3.663e-06 1.961e-02
5.286783 -4.473e+00 -6.445e-01 2.072e-03 3.922e-06 3.922e-06 3.922e-03 -5.882e-05 3.663e-06 1.961e-02
5.296782 -4.507e+00 -6.104e-01 2.171e-03 3.922e-06 3.922e-06 3.922e-03 -5.882e-05 3.663e-06 1.961e-02
5.306783 -4.541e+00 -5.811e-01 2.279e-03 3.922e-06 3.922e-06 3.922e-03 -5.882e-05 3.663e-06 1.961e-02
5.316783 -4.531e+00 -5.371e-01 2.376e-03 3.922e-06 3.922e-06 3.922e-03 -5.882e-05 3.663e-06 1.961e-02
5.326783 -4.536e+00 -4.883e-01 2.457e-03 3.922e-06 3.922e-06 3.922e-03 -5.882e-05 3.663e-06 1.961e-02
5.336782 -4.526e+00 -4.346e-01 2.530e-03 3.922e-06 3.922e-06 3.922e-03 -5.882e-05 3.663e-06 1.961e-02
5.346783 -4.502e+00 -3.760e-01 2.598e-03 3.922e-06 3.922e-06 3.922e-03 -5.882e-05 3.663e-06 1.961e-02
5.356782 -4.473e+00 -3.320e-01 2.653e-03 3.922e-06 3.922e-06 3.922e-03 -5.882e-05 3.663e-06 1.961e-02
5.366782 -4.404e+00 -2.588e-01 2.694e-03 3.922e-06 3.922e-06 3.922e-03 -5.882e-05 3.663e-06 1.961e-02
5.376782 -4.360e+00 -2.002e-01 2.732e-03 3.922e-06 3.922e-06 3.922e-03 -5.882e-05 3.663e-06 1.961e-02
5.386782 -4.292e+00 -1.367e-01 2.758e-03 3.922e-06 3.922e-06 3.922e-03 -5.882e-05 3.663e-06 1.961e-02
5.396782 -4.214e+00 -7.324e-02 2.784e-03 3.922e-06 3.922e-06 3.922e-03 -5.882e-05 3.663e-06 1.961e-02
5.406782 -4.126e+00 -1.953e-02 2.790e-03 3.922e-06 3.922e-06 3.922e-03 -5.882e-05 3.663e-06 1.961e-02
5.416782 -4.019e+00 5.859e-02 2.779e-03 3.922e-06 3.922e-06 3.922e-03 -5.882e-05 3.663e-06 1.961e-02
5.426783 -3.926e+00 1.367e-01 2.741e-03 3.922e-06 3.922e-06 3.922e-03 -5.882e-05 3.663e-06 1.961e-02
5.436782 -3.813e+00 2.002e-01 2.729e-03 3.922e-06 3.922e-06 3.922e-03 -5.882e-05 3.663e-06 1.961e-02
5.446784 -3.691e+00 2.734e-01 2.679e-03 3.922e-06 3.922e-06 3.922e-03 -5.882e-05 3.663e-06 1.961e-02
5.456783 -3.569e+00 3.320e-01 2.630e-03 3.922e-06 3.922e-06 3.922e-03 -5.882e-05 3.663e-06 1.961e-02
5.466783 -3.438e+00 3.955e-01 2.568e-03 3.922e-06 3.922e-06 3.922e-03 -5.882e-05 3.663e-06 1.961e-02
5.476782 -3.306e+00 4.541e-01 2.504e-03 3.922e-06 3.922e-06 3.922e-03 -5.882e-05 3.663e-06 1.961e-02
5.486783 -3.164e+00 5.127e-01 2.422e-03 3.922e-06 3.922e-06 3.922e-03 -5.882e-05 3.663e-06 1.961e-02
5.496782 -3.018e+00 5.713e-01 2.338e-03 3.922e-06 3.922e-06 3.922e-03 -5.882e-05 3.663e-06 1.961e-02
5.506783 -2.891e+00 6.201e-01 2.241e-03 3.922e-06 3.922e-06 3.922e-03 -5.882e-05 3.663e-06 1.961e-02
5.516782 -2.744e+00 6.592e-01 2.139e-03 3.922e-06 3.922e-06 3.922e-03 -5.882e-05 3.663e-06 1.961e-02
5.526783 -2.607e+00 6.982e-01 2.028e-03 3.922e-06 3.922e-06 3.922e-03 -5.882e-05 3.663e-06 1.961e-02
5.536781 -2.461e+00 7.471e-01 1.900e-03 3.922e-06 3.922e-06 3.922e-03 -5.882e-05 3.663e-06 1.961e-02
5.546782 -2.329e+00 7.959e-01 1.769e-03 3.922e-06 3.922e-06 3.922e-03 -5.882e-05 3.663e-06 1.961e-02
5.556783 -2.202e+00 8.154e-01 1.640e-03 3.922e-06 3.922e-06 3.922e-03 -5.882e-05 3.663e-06 1.961e-02
5.566782 -2.065e+00 8.301e-01 1.512e-03 3.922e-06 3.922e-06 3.922e-03 -5.882e-05 3.663e-06 1.961e-02
5.576781 -1.958e+00 8.447e-01 1.383e-03 3.922e-06 3.922e-06 3.922e-03 -5.882e-05 3.663e-06 1.961e-02
5.586782 -1.831e+00 8.496e-01 1.255e-03 3.922e-06 3.922e-06 3.922e-03 -5.882e-05 3.663e-06 1.961e-02
5.596783 -1.719e+00 8.594e-01 1.118e-03 3.922e-06 3.922e-06 3.922e-03 -5.882e-05 3.663e-06 1.961e-02
5.606782 -1.631e+00 8.594e-01 9.748e-04 3.922e-06 3.922e-06 3.922e-03 -5.882e-05 3.663e-06 1.961e-02
5.616783 -1.528e+00 8.545e-01 8.406e-04 3.922e-06 3.922e-06 3.922e-03 -5.882e-05 3.663e-06 1.961e-02
5.626782 -1.440e+00 8.350e-01 7.063e-04 3.922e-06 3.922e-06 3.922e-03 -5.882e-05 3.663e-06 1.961e-02
5.636782 -1.328e+00 8.105e-01 5.808e-04 3.922e-06 3.922e-06 3.922e-03 -5.882e-05 3.663e-06 1.961e-02
5.646781 -1.211e+00 8.105e-01 4.436e-04 3.922e-06 3.922e-06 3.922e-03 -5.882e-05 3.663e-06 1.961e-02
5.656782 -1.113e+00 7.666e-01 3.298e-04 3.922e-06 3.922e-06 3.922e-03 -5.882e-05 3.663e-06 1.961e-02
5.666782 -9.961e-01 7.324e-01 2.189e-04 3.922e-06 3.922e-06 3.922e-03 -5.882e-05 3.663e-06 1.961e-02
5.676781 -9.033e-01 6.982e-01 1.051e-04 3.922e-06 3.922e-06 3.922e-03 -5.882e-05 3.663e-06 1.961e-02
5.686783 -8.105e-01 6.592e-01 2.919e-06 3.922e-06 3.922e-06 3.922e-03 -5.882e-05 3.663e-06 1.961e-02
5.696782 -6.982e-01 6.152e-01 -9.048e-05 3.922e-06 3.922e-06 3.922e-03 -5.882e-05 3.663e-06 1.961e-02
5.706782 -6.152e-01 5.664e-01 -1.722e-04 3.922e-06 3.922e-06 3.922e-03 -5.882e-05 3.663e-06 1.961e-02
5.716783 -5.371e-01 5.273e-01 -2.598e-04 3.922e-06 3.922e-06 3.922e-03 -5.882e-05 3.663e-06 1.961e-02
5.726782 -4.688e-01 4.834e-01 -3.386e-04 3.922e-06 3.922e-06 3.922e-03 -5.882e-05 3.663e-06 1.961e-02
5.736781 -4.004e-01 4.492e-01 -4.174e-04 3.922e-06 3.922e-06 3.922e-03 -5.882e-05 3.663e-06 1.961e-02
5.746782 -3.223e-01 3.711e-01 -4.465e-04 3.922e-06 3.922e-06 3.922e-03 -5.882e-05 3.663e-06 1.961e-02
5.756782 -2.881e-01 3.467e-01 -5.283e-04 3.922e-06 3.922e-06 3.922e-03 -5.882e-05 3.663e-06 1.961e-02
5.766784 -2.197e-01 2.979e-01 -5.604e-04 3.922e-06 3.922e-06 3.922e-03 -5.882e-05 3.663e-06 1.961e-02
5.776782 -1.904e-01 2.344e-01 -5.866e-04 3.922e-06 3.922e-06 3.922e-03 -5.882e-05 3.663e-06 1.961e-02
5.786782 -1.660e-01 1.904e-01 -6.158e-04 3.922e-06 3.922e-06 3.922e-03 -5.882e-05 3.663e-06 1.961e-02
5.796782 -1.562e-01 1.367e-01 -6.246e-04 3.922e-06 3.922e-06 3.922e-03 -5.882e-05 3.663e-06 1.961e-02
5.806782 -1.562e-01 9.277e-02 -6.479e-04 3.922e-06 3.922e-06 3.922e-03 -5.882e-05 3.663e-06 1.961e-02
5.816784 -1.758e-01 4.395e-02 -6.392e-04 3.922e-06 3.922e-06 3.922e-03 -5.882e-05 3.663e-06 1.961e-02
5.826782 -1.855e-01 0.000e+00 -6.392e-04 3.922e-06 3.922e-06 3.922e-03 -5.882e-05 3.663e-06 1.961e-02
5.836782 -2.295e-01 -3.418e-02 -6.392e-04 3.922e-06 3.922e-06 3.922e-03 -5.882e-05 3.663e-06 1.961e-02
5.846782 -2.686e-01 -7.812e-02 -6.187e-04 3.922e-06 3.922e-06 3.922e-03 -5.882e-05 3.663e-06 1.961e-02
5.856782 -3.369e-01 -1.416e-01 -5.837e-04 3.922e-06 3.922e-06 3.922e-03 -5.882e-05 3.663e-06 1.961e-02
5.866782 -4.102e-01 -1.709e-01 -5.516e-04 3.922e-06 3.922e-06 3.922e-03 -5.882e-05 3.663e-06 1.961e-02
5.876782 -5.029e-01 -2.197e-01 -5.049e-04 3.922e-06 3.922e-06 3.922e-03 -5.882e-05 3.663e-06 1.961e-02
5.886783 -6.201e-01 -2.539e-01 -4.611e-04 3.922e-06 3.922e-06 3.922e-03 -5.882e-05 3.663e-06 1.961e-02
5.896781 -7.373e-01 -2.979e-01 -4.028e-04 3.922e-06 3.922e-06 3.922e-03 -5.882e-05 3.663e-06 1.961e-02
5.906782 -9.033e-01 -3.369e-01 -3.444e-04 3.922e-06 3.922e-06 3.922e-03 -5.882e-05 3.663e-06 1.961e-02
5.916783 -1.064e+00 -3.613e-01 -2.889e-04 3.922e-06 3.922e-06 3.922e-03 -5.882e-05 3.663e-06 1.961e-02
5.926782 -1.240e+00 -4.053e-01 -2.160e-04 3.922e-06 3.922e-06 3.922e-03 -5.882e-05 3.663e-06 1.961e-02
5.936782 -1.445e+00 -4.346e-01 -1.459e-04 3.922e-06 3.922e-06 3.922e-03 -5.882e-05 3.663e-06 1.961e-02
5.946783 -1.660e+00 -4.736e-01 -5.545e-05 3.922e-06 3.922e-06 3.922e-03 -5.882e-05 3.663e-06 1.961e-02
5.956782 -1.890e+00 -5.127e-01 2.919e-05 3.922e-06 3.922e-06 3.922e-03 -5.882e-05 3.663e-06 1.961e-02
5.966783 -2.104e+00 -5.469e-01 1.255e-04 3.922e-06 3.922e-06 3.922e-03 -5.882e-05 3.663e-06 1.961e-02
5.976782 -2.314e+00 -5.859e-01 2.218e-04 3.922e-06 3.922e-06 3.922e-03 -5.882e-05 3.663e-06 1.961e-02
5.986782 -2.510e+00 -6.152e-01 3.269e-04 3.922e-06 3.922e-06 3.922e-03 -5.882e-05 3.663e-06 1.961e-02
5.996782 -2.686e+00 -6.445e-01 4.436e-04 3.922e-06 3.922e-06 3.922e-03 -5.882e-05 3.663e-06 1.961e-02
6.006783 -2.891e+00 -6.592e-01 5.370e-04 3.922e-06 3.922e-06 3.922e-03 -5.882e-05 3.663e-06 1.961e-02
6.016782 -3.062e+00 -6.738e-01 6.538e-04 3.922e-06 3.922e-06 3.922e-03 -5.882e-05 3.663e-06 1.961e-02
6.026782 -3.213e+00 -7.031e-01 7.734e-04 3.922e-06 3.922e-06 3.922e-03 -5.882e-05 3.663e-06 1.961e-02
6.036783 -3.369e+00 -7.227e-01 8.960e-04 3.922e-06 3.922e-06 3.922e-03 -5.882e-05 3.663e-06 1.961e-02
6.046782 -3.496e+00 -7.275e-01 1.024e-03 3.922e-06 3.922e-06 3.922e-03 -5.882e-05 3.663e-06 1.961e-02
6.056782 -3.643e+00 -7.471e-01 1.153e-03 3.922e-06 3.922e-06 3.922e-03 -5.882e-05 3.663e-06 1.961e-02
6.066782 -3.760e+00 -7.422e-01 1.273e-03 3.922e-06 3.922e-06 3.922e-03 -5.882e-05 3.663e-06 1.961e-02
6.076782 -3.882e+00 -7.471e-01 1.401e-03 3.922e-06 3.922e-06 3.922e-03 -5.882e-05 3.663e-06 1.961e-02
6.086781 -3.979e+00 -7.324e-01 1.521e-03 3.922e-06 3.922e-06 3.922e-03 -5.882e-05 3.663e-06 1.961e-02
6.096782 -4.058e+00 -7.129e-01 1.637e-03 3.922e-06 3.922e-06 3.922e-03 -5.882e-05 3.663e-06 1.961e-02
6.106782 -4.160e+00 -6.982e-01 1.754e-03 3.922e-06 3.922e-06 3.922e-03 -5.882e-05 3.663e-06 1.961e-02
6.116783 -4.219e+00 -6.689e-01 1.859e-03 3.922e-06 3.922e-06 3.922e-03 -5.882e-05 3.663e-06 1.961e-02
6.126783 -4.287e+00 -6.445e-01 1.973e-03 3.922e-06 3.922e-06 3.922e-03 -5.882e-05 3.663e-06 1.961e-02
6.136782 -4.331e+00 -6.152e-01 2.078e-03 3.922e-06 3.922e-06 3.922e-03 -5.882e-05 3.663e-06 1.961e-02
6.146781 -4.365e+00 -5.713e-01 2.177e-03 3.922e-06 3.922e-06 3.922e-03 -5.882e-05 3.663e-06 1.961e-02
6.156783 -4.395e+00 -5.371e-01 2.262e-03 3.922e-06 3.922e-06 3.922e-03 -5.882e-05 3.663e-06 1.961e-02
6.166782 -4.395e+00 -4.883e-01 2.352e-03 3.922e-06 3.922e-06 3.922e-03 -5.882e-05 3.663e-06 1.961e-02
6.176783 -4.399e+00 -4.492e-01 2.431e-03 3.922e-06 3.922e-06 3.922e-03 -5.882e-05 3.663e-06 1.961e-02
6.186782 -4.395e+00 -3.955e-01 2.498e-03 3.922e-06 3.922e-06 3.922e-03 -5.882e-05 3.663e-06 1.961e-02
6.196783 -4.360e+00 -3.369e-01 2.554e-03 3.922e-06 3.922e-06 3.922e-03 -5.882e-05 3.663e-06 1.961e-02
6.206782 -4.346e+00 -2.783e-01 2.603e-03 3.922e-06 3.922e-06 3.922e-03 -5.882e-05 3.663e-06 1.961e-02
6.216783 -4.282e+00 -2.100e-01 2.635e-03 3.922e-06 3.922e-06 3.922e-03 -5.882e-05 3.663e-06 1.961e-02
6.226782 -4.214e+00 -1.611e-01 2.676e-03 3.922e-06 3.922e-06 3.922e-03 -5.882e-05 3.663e-06 1.961e-02
6.236783 -4.150e+00 -1.025e-01 2.700e-03 3.922e-06 3.922e-06 3.922e-03 -5.882e-05 3.663e-06 1.961e-02
6.246782 -4.082e+00 -2.441e-02 2.691e-03 3.922e-06 3.922e-06 3.922e-03 -5.882e-05 3.663e-06 1.961e-02
6.256782 -3.984e+00 2.930e-02 2.703e-03 3.922e-06 3.922e-06 3.922e-03 -5.882e-05 3.663e-06 1.961e-02
6.266782 -3.887e+00 9.766e-02 2.694e-03 3.922e-06 3.922e-06 3.922e-03 -5.882e-05 3.663e-06 1.961e-02
6.276783 -3.794e+00 1.660e-01 2.659e-03 3.922e-06 3.922e-06 3.922e-03 -5.882e-05 3.663e-06 1.961e-02
6.286783 -3.691e+00 2.246e-01 2.638e-03 3.922e-06 3.922e-06 3.922e-03 -5.882e-05 3.663e-06 1.961e-02
6.296782 -3.569e+00 2.979e-01 2.580e-03 3.922e-06 3.922e-06 3.922e-03 -5.882e-05 3.663e-06 1.961e-02
6.306781 -3.462e+00 3.613e-01 2.525e-03 3.922e-06 3.922e-06 3.922e-03 -5.882e-05 3.663e-06 1.961e-02
6.316782 -3.315e+00 4.150e-01 2.469e-03 3.922e-06 3.922e-06 3.922e-03 -5.882e-05 3.663e-06 1.961e-02
6.326782 -3.193e+00 4.736e-01 2.396e-03 3.922e-06 3.922e-06 3.922e-03 -5.882e-05 3.663e-06 1.961e-02
6.336782 -3.057e+00 5.273e-01 2.312e-03 3.922e-06 3.922e-06 3.922e-03 -5.882e-05 3.663e-06 1.961e-02
6.346781 -2.925e+00 5.762e-01 2.224e-03 3.922e-06 3.922e-06 3.922e-03 -5.882e-05 3.663e-06 1.961e-02
6.356782 -2.808e+00 6.152e-01 2.133e-03 3.922e-06 3.922e-06 3.922e-03 -5.882e-05 3.663e-06 1.961e-02
6.366783 -2.661e+00 6.592e-01 2.031e-03 3.922e-06 3.922e-06 3.922e-03 -5.882e-05 3.663e-06 1.961e-02
6.376783 -2.529e+00 6.982e-01 1.920e-03 3.922e-06 3.922e-06 3.922e-03 -5.882e-05 3.663e-06 1.961e-02
6.386782 -2.407e+00 7.324e-01 1.801e-03 3.922e-06 3.922e-06 3.922e-03 -5.882e-05 3.663e-06 1.961e-02
6.396781 -2.280e+00 7.764e-01 1.672e-03 3.922e-06 3.922e-06 3.922e-03 -5.882e-05 3.663e-06 1.961e-02
6.406782 -2.158e+00 7.764e-01 1.561e-03 3.922e-06 3.922e-06 3.922e-03 -5.882e-05 3.663e-06 1.961e-02
6.416782 -2.031e+00 8.008e-01 1.430e-03 3.922e-06 3.922e-06 3.922e-03 -5.882e-05 3.663e-06 1.961e-02
6.426782 -1.924e+00 8.203e-01 1.293e-03 3.922e-06 3.922e-06 3.922e-03 -5.882e-05 3.663e-06 1.961e-02
6.436781 -1.816e+00 8.154e-01 1.165e-03 3.922e-06 3.922e-06 3.922e-03 -5.882e-05 3.663e-06 1.961e-02
6.446783 -1.714e+00 8.301e-01 1.036e-03 3.922e-06 3.922e-06 3.922e-03 -5.882e-05 3.663e-06 1.961e-02
6.456781 -1.621e+00 7.910e-01 9.223e-04 3.922e-06 3.922e-06 3.922e-03 -5.882e-05 3.663e-06 1.961e-02
6.466782 -1.543e+00 8.154e-01 7.734e-04 3.922e-06 3.922e-06 3.922e-03 -5.882e-05 3.663e-06 1.961e-02
6.476782 -1.450e+00 7.812e-01 6.596e-04 3.922e-06 3.922e-06 3.922e-03 -5.882e-05 3.663e-06 1.961e-02
6.486783 -1.372e+00 7.666e-01 5.370e-04 3.922e-06 3.922e-06 3.922e-03 -5.882e-05 3.663e-06 1.961e-02
6.496782 -1.274e+00 7.520e-01 4.144e-04 3.922e-06 3.922e-06 3.922e-03 -5.882e-05 3.663e-06 1.961e-02
6.506782 -1.211e+00 7.227e-01 2.889e-04 3.922e-06 3.922e-06 3.922e-03 -5.882e-05 3.663e-06 1.961e-02
6.516782 -1.104e+00 6.787e-01 1.985e-04 3.922e-06 3.922e-06 3.922e-03 -5.882e-05 3.663e-06 1.961e-02
6.526783 -1.025e+00 6.543e-01 8.756e-05 3.922e-06 3.922e-06 3.922e-03 -5.882e-05 3.663e-06 1.961e-02
6.536781 -9.424e-01 5.957e-01 5.837e-06 3.922e-06 3.922e-06 3.922e-03 -5.882e-05 3.663e-06 1.961e-02
6.546782 -8.643e-01 5.566e-01 -7.588e-05 3.922e-06 3.922e-06 3.922e-03 -5.882e-05 3.663e-06 1.961e-02
6.556781 -8.057e-01 4.980e-01 -1.488e-04 3.922e-06 3.922e-06 3.922e-03 -5.882e-05 3.663e-06 1.961e-02
6.566782 -7.422e-01 4.688e-01 -2.364e-04 3.922e-06 3.922e-06 3.922e-03 -5.882e-05 3.663e-06 1.961e-02
6.576783 -7.178e-01 4.150e-01 -2.977e-04 3.922e-06 3.922e-06 3.922e-03 -5.882e-05 3.663e-06 1.961e-02
6.586783 -6.787e-01 3.613e-01 -3.444e-04 3.922e-06 3.922e-06 3.922e-03 -5.882e-05 3.663e-06 1.961e-02
6.596783 -6.396e-01 3.125e-01 -3.940e-04 3.922e-06 3.922e-06 3.922e-03 -5.882e-05 3.663e-06 1.961e-02
6.606782 -6.299e-01 2.588e-01 -4.349e-04 3.922e-06 3.922e-06 3.922e-03 -5.882e-05 3.663e-06 1.961e-02
6.616783 -6.201e-01 2.197e-01 -4.728e-04 3.922e-06 3.922e-06 3.922e-03 -5.882e-05 3.663e-06 1.961e-02
6.626783 -6.445e-01 1.562e-01 -4.874e-04 3.922e-06 3.922e-06 3.922e-03 -5.882e-05 3.663e-06 1.961e-02
6.636781 -6.689e-01 1.074e-01 -5.049e-04 3.922e-06 3.922e-06 3.922e-03 -5.882e-05 3.663e-06 1.961e-02
6.646782 -7.080e-01 6.348e-02 -5.049e-04 3.922e-06 3.922e-06 3.922e-03 -5.882e-05 3.663e-06 1.961e-02
6.656783 -7.764e-01 -4.883e-03 -4.932e-04 3.922e-06 3.922e-06 3.922e-03 -5.882e-05 3.663e-06 1.961e-02
6.666782 -8.301e-01 -5.371e-02 -4.757e-04 3.922e-06 3.922e-06 3.922e-03 -5.882e-05 3.663e-06 1.961e-02
6.676782 -9.277e-01 -1.123e-01 -4.524e-04 3.922e-06 3.922e-06 3.922e-03 -5.882e-05 3.663e-06 1.961e-02
6.686782 -1.050e+00 -1.611e-01 -4.261e-04 3.922e-06 3.922e-06 3.922e-03 -5.882e-05 3.663e-06 1.961e-02
6.696783 -1.172e+00 -2.051e-01 -3.911e-04 3.922e-06 3.922e-06 3.922e-03 -5.882e-05 3.663e-06 1.961e-02
6.706782 -1.323e+00 -2.539e-01 -3.590e-04 3.922e-06 3.922e-06 3.922e-03 -5.882e-05 3.663e-06 1.961e-02
6.716782 -1.494e+00 -3.027e-01 -2.948e-04 3.922e-06 3.922e-06 3.922e-03 -5.882e-05 3.663e-06 1.961e-02
6.726781 -1.699e+00 -3.516e-01 -2.335e-04 3.922e-06 3.922e-06 3.922e-03 -5.882e-05 3.663e-06 1.961e-02
6.736782 -1.890e+00 -4.150e-01 -1.547e-04 3.922e-06 3.922e-06 3.922e-03 -5.882e-05 3.663e-06 1.961e-02
6.746783 -2.085e+00 -4.639e-01 -7.296e-05 3.922e-06 3.922e-06 3.922e-03 -5.882e-05 3.663e-06 1.961e-02
6.756782 -2.271e+00 -5.322e-01 2.919e-05 3.922e-06 3.922e-06 3.922e-03 -5.882e-05 3.663e-06 1.961e-02
6.766783 -2.456e+00 -5.566e-01 1.051e-04 3.922e-06 3.922e-06 3.922e-03 -5.882e-05 3.663e-06 1.961e-02
6.776782 -2.642e+00 -5.957e-01 1.926e-04 3.922e-06 3.922e-06 3.922e-03 -5.882e-05 3.663e-06 1.961e-02
6.786782 -2.827e+00 -6.396e-01 3.123e-04 3.922e-06 3.922e-06 3.922e-03 -5.882e-05 3.663e-06 1.961e-02
6.796783 -2.988e+00 -6.689e-01 4.261e-04 3.922e-06 3.922e-06 3.922e-03 -5.882e-05 3.663e-06 1.961e-02
6.806782 -3.179e+00 -7.080e-01 5.516e-04 3.922e-06 3.922e-06 3.922e-03 -5.882e-05 3.663e-06 1.961e-02
6.816782 -3.315e+00 -7.324e-01 6.713e-04 3.922e-06 3.922e-06 3.922e-03 -5.882e-05 3.663e-06 1.961e-02
6.826782 -3.472e+00 -7.520e-01 7.851e-04 3.922e-06 3.922e-06 3.922e-03 -5.882e-05 3.663e-06 1.961e-02
6.836782 -3.618e+00 -7.666e-01 9.164e-04 3.922e-06 3.922e-06 3.922e-03 -5.882e-05 3.663e-06 1.961e-02
6.846782 -3.740e+00 -8.008e-01 1.068e-03 3.922e-06 3.922e-06 3.922e-03 -5.882e-05 3.663e-06 1.961e-02
6.856782 -3.882e+00 -8.154e-01 1.197e-03 3.922e-06 3.922e-06 3.922e-03 -5.882e-05 3.663e-06 1.961e-02
6.866783 -3.999e+00 -8.057e-01 1.337e-03 3.922e-06 3.922e-06 3.922e-03 -5.882e-05 3.663e-06 1.961e-02
6.876782 -4.111e+00 -7.959e-01 1.462e-03 3.922e-06 3.922e-06 3.922e-03 -5.882e-05 3.663e-06 1.961e-02
6.886781 -4.214e+00 -7.910e-01 1.596e-03 3.922e-06 3.922e-06 3.922e-03 -5.882e-05 3.663e-06 1.961e-02
6.896782 -4.287e+00 -7.812e-01 1.731e-03 3.922e-06 3.922e-06 3.922e-03 -5.882e-05 3.663e-06 1.961e-02
6.906781 -4.395e+00 -7.666e-01 1.856e-03 3.922e-06 3.922e-06 3.922e-03 -5.882e-05 3.663e-06 1.961e-02
6.916782 -4.443e+00 -7.324e-01 1.976e-03 3.922e-06 3.922e-06 3.922e-03 -5.882e-05 3.663e-06 1.961e-02
6.926782 -4.507e+00 -7.031e-01 2.093e-03 3.922e-06 3.922e-06 3.922e-03 -5.882e-05 3.663e-06 1.961e-02
6.936782 -4.546e+00 -6.738e-01 2.215e-03 3.922e-06 3.922e-06 3.922e-03 -5.882e-05 3.663e-06 1.961e-02
6.946782 -4.561e+00 -6.201e-01 2.314e-03 3.922e-06 3.922e-06 3.922e-03 -5.882e-05 3.663e-06 1.961e-02
6.956782 -4.580e+00 -6.055e-01 2.437e-03 3.922e-06 3.922e-06 3.922e-03 -5.882e-05 3.663e-06 1.961e-02
6.966782 -4.595e+00 -5.322e-01 2.507e-03 3.922e-06 3.922e-06 3.922e-03 -5.882e-05 3.663e-06 1.961e-02
6.976783 -4.590e+00 -4.785e-01 2.592e-03 3.922e-06 3.922e-06 3.922e-03 -5.882e-05 3.663e-06 1.961e-02
6.986784 -4.580e+00 -4.199e-01 2.662e-03 3.922e-06 3.922e-06 3.922e-03 -5.882e-05 3.663e-06 1.961e-02
6.996783 -4.526e+00 -3.564e-01 2.720e-03 3.922e-06 3.922e-06 3.922e-03 -5.882e-05 3.663e-06 1.961e-02
7.006783 -4.487e+00 -3.027e-01 2.776e-03 3.922e-06 3.922e-06 3.922e-03 -5.882e-05 3.663e-06 1.961e-02
7.016784 -4.429e+00 -2.246e-01 2.814e-03 3.922e-06 3.922e-06 3.922e-03 -5.882e-05 3.663e-06 1.961e-02
7.026783 -4.370e+00 -1.611e-01 2.840e-03 3.922e-06 3.922e-06 3.922e-03 -5.882e-05 3.663e-06 1.961e-02
7.036782 -4.287e+00 -9.766e-02 2.866e-03 3.922e-06 3.922e-06 3.922e-03 -5.882e-05 3.663e-06 1.961e-02
7.046782 -4.180e+00 -1.465e-02 2.872e-03 3.922e-06 3.922e-06 3.922e-03 -5.882e-05 3.663e-06 1.961e-02
7.056782 -4.087e+00 4.395e-02 2.866e-03 3.922e-06 3.922e-06 3.922e-03 -5.882e-05 3.663e-06 1.961e-02
7.066783 -3.984e+00 1.367e-01 2.840e-03 3.922e-06 3.922e-06 3.922e-03 -5.882e-05 3.663e-06 1.961e-02
7.076783 -3.877e+00 1.953e-01 2.814e-03 3.922e-06 3.922e-06 3.922e-03 -5.882e-05 3.663e-06 1.961e-02
7.086782 -3.750e+00 2.686e-01 2.776e-03 3.922e-06 3.922e-06 3.922e-03 -5.882e-05 3.663e-06 1.961e-02
7.096783 -3.613e+00 3.418e-01 2.720e-03 3.922e-06 3.922e-06 3.922e-03 -5.882e-05 3.663e-06 1.961e-02
7.106782 -3.477e+00 4.004e-01 2.656e-03 3.922e-06 3.922e-06 3.922e-03 -5.882e-05 3.663e-06 1.961e-02
7.116782 -3.330e+00 4.736e-01 2.592e-03 3.922e-06 3.922e-06 3.922e-03 -5.882e-05 3.663e-06 1.961e-02
7.126782 -3.198e+00 5.322e-01 2.504e-03 3.922e-06 3.922e-06 3.922e-03 -5.882e-05 3.663e-06 1.961e-02
7.136782 -3.047e+00 5.908e-01 2.414e-03 3.922e-06 3.922e-06 3.922e-03 -5.882e-05 3.663e-06 1.961e-02
7.146782 -2.896e+00 6.494e-01 2.312e-03 3.922e-06 3.922e-06 3.922e-03 -5.882e-05 3.663e-06 1.961e-02
7.156781 -2.764e+00 7.031e-01 2.192e-03 3.922e-06 3.922e-06 3.922e-03 -5.882e-05 3.663e-06 1.961e-02
7.166782 -2.593e+00 7.471e-01 2.081e-03 3.922e-06 3.922e-06 3.922e-03 -5.882e-05 3.663e-06 1.961e-02
7.176783 -2.456e+00 7.861e-01 1.955e-03 3.922e-06 3.922e-06 3.922e-03 -5.882e-05 3.663e-06 1.961e-02
7.186783 -2.310e+00 8.252e-01 1.824e-03 3.922e-06 3.922e-06 3.922e-03 -5.882e-05 3.663e-06 1.961e-02
7.196781 -2.178e+00 8.545e-01 1.693e-03 3.922e-06 3.922e-06 3.922e-03 -5.882e-05 3.663e-06 1.961e-02
7.206783 -2.021e+00 8.496e-01 1.573e-03 3.922e-06 3.922e-06 3.922e-03 -5.882e-05 3.663e-06 1.961e-02
7.216782 -1.899e+00 8.984e-01 1.418e-03 3.922e-06 3.922e-06 3.922e-03 -5.882e-05 3.663e-06 1.961e-02
7.226782 -1.787e+00 9.082e-01 1.273e-03 3.922e-06 3.922e-06 3.922e-03 -5.882e-05 3.663e-06 1.961e-02
7.236782 -1.675e+00 9.082e-01 1.127e-03 3.922e-06 3.922e-06 3.922e-03 -5.882e-05 3.663e-06 1.961e-02
7.246783 -1.558e+00 9.131e-01 9.806e-04 3.922e-06 3.922e-06 3.922e-03 -5.882e-05 3.663e-06 1.961e-02
7.256782 -1.460e+00 9.131e-01 8.289e-04 3.922e-06 3.922e-06 3.922e-03 -5.882e-05 3.663e-06 1.961e-02
7.266783 -1.318e+00 9.033e-01 6.888e-04 3.922e-06 3.922e-06 3.922e-03 -5.882e-05 3.663e-06 1.961e-02
7.276783 -1.196e+00 8.740e-01 5.575e-04 3.922e-06 3.922e-06 3.922e-03 -5.882e-05 3.663e-06 1.961e-02
7.286782 -1.074e+00 8.447e-01 4.203e-04 3.922e-06 3.922e-06 3.922e-03 -5.882e-05 3.663e-06 1.961e-02
7.296782 -9.326e-01 8.154e-01 3.006e-04 3.922e-06 3.922e-06 3.922e-03 -5.882e-05 3.663e-06 1.961e-02
7.306783 -8.301e-01 7.910e-01 1.693e-04 3.922e-06 3.922e-06 3.922e-03 -5.882e-05 3.663e-06 1.961e-02
7.316782 -6.738e-01 7.568e-01 5.253e-05 3.922e-06 3.922e-06 3.922e-03 -5.882e-05 3.663e-06 1.961e-02
7.326782 -5.518e-01 7.178e-01 -5.837e-05 3.922e-06 3.922e-06 3.922e-03 -5.882e-05 3.663e-06 1.961e-02
7.336782 -4.395e-01 6.787e-01 -1.722e-04 3.922e-06 3.922e-06 3.922e-03 -5.882e-05 3.663e-06 1.961e-02
7.346782 -3.027e-01 6.396e-01 -2.714e-04 3.922e-06 3.922e-06 3.922e-03 -5.882e-05 3.663e-06 1.961e-02
7.356782 -2.100e-01 5.957e-01 -3.619e-04 3.922e-06 3.922e-06 3.922e-03 -5.882e-05 3.663e-06 1.961e-02
7.366782 -6.348e-02 5.566e-01 -4.495e-04 3.922e-06 3.922e-06 3.922e-03 -5.882e-05 3.663e-06 1.961e-02
7.376782 5.371e-02 5.078e-01 -5.253e-04 3.922e-06 3.922e-06 3.922e-03 -5.882e-05 3.663e-06 1.961e-02
7.386782 1.562e-01 4.639e-01 -5.896e-04 3.922e-06 3.922e-06 3.922e-03 -5.882e-05 3.663e-06 1.961e-02
7.396781 2.734e-01 4.102e-01 -6.479e-04 3.922e-06 3.922e-06 3.922e-03 -5.882e-05 3.663e-06 1.961e-02
7.406783 3.564e-01 3.613e-01 -7.092e-04 3.922e-06 3.922e-06 3.922e-03 -5.882e-05 3.663e-06 1.961e-02
7.416782 4.639e-01 3.320e-01 -7.588e-04 3.922e-06 3.922e-06 3.922e-03 -5.882e-05 3.663e-06 1.961e-02
7.426783 5.371e-01 2.832e-01 -7.968e-04 3.922e-06 3.922e-06 3.922e-03 -5.882e-05 3.663e-06 1.961e-02
7.436781 6.299e-01 2.441e-01 -8.347e-04 3.922e-06 3.922e-06 3.922e-03 -5.882e-05 3.663e-06 1.961e-02
7.446782 7.080e-01 1.953e-01 -8.522e-04 3.922e-06 3.922e-06 3.922e-03 -5.882e-05 3.663e-06 1.961e-02
7.456781 7.666e-01 1.514e-01 -8.668e-04 3.922e-06 3.922e-06 3.922e-03 -5.882e-05 3.663e-06 1.961e-02
7.466782 8.398e-01 1.318e-01 -8.902e-04 3.922e-06 3.922e-06 3.922e-03 -5.882e-05 3.663e-06 1.961e-02
7.476783 8.984e-01 7.812e-02 -8.902e-04 3.922e-06 3.922e-06 3.922e-03 -5.882e-05 3.663e-06 1.961e-02
7.486783 9.619e-01 4.395e-02 -8.902e-04 3.922e-06 3.922e-06 3.922e-03 -5.882e-05 3.663e-06 1.961e-02
7.496781 1.016e+00 1.953e-02 -8.843e-04 3.922e-06 3.922e-06 3.922e-03 -5.882e-05 3.663e-06 1.961e-02
7.506783 1.050e+00 -1.953e-02 -8.727e-04 3.922e-06 3.922e-06 3.922e-03 -5.882e-05 3.663e-06 1.961e-02
7.516783 1.099e+00 -2.930e-02 -8.697e-04 3.922e-06 3.922e-06 3.922e-03 -5.882e-05 3.663e-06 1.961e-02
7.526783 1.128e+00 -5.859e-02 -8.581e-04 3.922e-06 3.922e-06 3.922e-03 -5.882e-05 3.663e-06 1.961e-02
7.536781 1.172e+00 -7.812e-02 -8.376e-04 3.922e-06 3.922e-06 3.922e-03 -5.882e-05 3.663e-06 1.961e-02
7.546782 1.221e+00 -8.789e-02 -8.172e-04 3.922e-06 3.922e-06 3.922e-03 -5.882e-05 3.663e-06 1.961e-02
7.556782 1.240e+00 -1.025e-01 -8.055e-04 3.922e-06 3.922e-06 3.922e-03 -5.882e-05 3.663e-06 1.961e-02
7.566782 1.294e+00 -1.123e-01 -7.705e-04 3.922e-06 3.922e-06 3.922e-03 -5.882e-05 3.663e-06 1.961e-02
7.576782 1.313e+00 -1.318e-01 -7.355e-04 3.922e-06 3.922e-06 3.922e-03 -5.882e-05 3.663e-06 1.961e-02
7.586782 1.343e+00 -1.367e-01 -7.092e-04 3.922e-06 3.922e-06 3.922e-03 -5.882e-05 3.663e-06 1.961e-02
7.596783 1.396e+00 -1.270e-01 -6.888e-04 3.922e-06 3.922e-06 3.922e-03 -5.882e-05 3.663e-06 1.961e-02
7.606781 1.411e+00 -1.367e-01 -6.538e-04 3.922e-06 3.922e-06 3.922e-03 -5.882e-05 3.663e-06 1.961e-02
7.616782 1.479e+00 -1.318e-01 -6.187e-04 3.922e-06 3.922e-06 3.922e-03 -5.882e-05 3.663e-06 1.961e-02
7.626782 1.504e+00 -1.318e-01 -5.954e-04 3.922e-06 3.922e-06 3.922e-03 -5.882e-05 3.663e-06 1.961e-02
7.636783 1.558e+00 -1.123e-01 -5.779e-04 3.922e-06 3.922e-06 3.922e-03 -5.882e-05 3.663e-06 1.961e-02
7.646782 1.606e+00 -9.766e-02 -5.516e-04 3.922e-06 3.922e-06 3.922e-03 -5.882e-05 3.663e-06 1.961e-02
7.656782 1.655e+00 -7.324e-02 -5.458e-04 3.922e-06 3.922e-06 3.922e-03 -5.882e-05 3.663e-06 1.961e-02
7.666783 1.748e+00 -6.836e-02 -5.137e-04 3.922e-06 3.922e-06 3.922e-03 -5.882e-05 3.663e-06 1.961e-02
7.676782 1.826e+00 -5.859e-02 -4.962e-04 3.922e-06 3.922e-06 3.922e-03 -5.882e-05 3.663e-06 1.961e-02
7.686782 1.929e+00 -3.906e-02 -4.816e-04 3.922e-06 3.922e-06 3.922e-03 -5.882e-05 3.663e-06 1.961e-02
7.696781 2.002e+00 -4.883e-03 -4.728e-04 3.922e-06 3.922e-06 3.922e-03 -5.882e-05 3.663e-06 1.961e-02
7.706782 2.090e+00 1.953e-02 -4.757e-04 3.922e-06 3.922e-06 3.922e-03 -5.882e-05 3.663e-06 1.961e-02
7.716782 2.178e+00 4.395e-02 -4.641e-04 3.922e-06 3.922e-06 3.922e-03 -5.882e-05 3.663e-06 1.961e-02
7.726782 2.246e+00 7.812e-02 -4.816e-04 3.922e-06 3.922e-06 3.922e-03 -5.882e-05 3.663e-06 1.961e-02
7.736782 2.339e+00 1.074e-01 -4.962e-04 3.922e-06 3.922e-06 3.922e-03 -5.882e-05 3.663e-06 1.961e-02
7.746782 2.441e+00 1.465e-01 -5.108e-04 3.922e-06 3.922e-06 3.922e-03 -5.882e-05 3.663e-06 1.961e-02
7.756783 2.534e+00 1.611e-01 -5.312e-04 3.922e-06 3.922e-06 3.922e-03 -5.882e-05 3.663e-06 1.961e-02
7.766782 2.617e+00 2.100e-01 -5.604e-04 3.922e-06 3.922e-06 3.922e-03 -5.882e-05 3.663e-06 1.961e-02
7.776782 2.690e+00 2.295e-01 -5.896e-04 3.922e-06 3.922e-06 3.922e-03 -5.882e-05 3.663e-06 1.961e-02
7.786781 2.788e+00 2.588e-01 -6.217e-04 3.922e-06 3.922e-06 3.922e-03 -5.882e-05 3.663e-06 1.961e-02
7.796782 2.876e+00 2.930e-01 -6.684e-04 3.922e-06 3.922e-06 3.922e-03 -5.882e-05 3.663e-06 1.961e-02
7.806781 2.959e+00 3.076e-01 -7.005e-04 3.922e-06 3.922e-06 3.922e-03 -5.882e-05 3.663e-06 1.961e-02
7.816783 3.052e+00 3.467e-01 -7.705e-04 3.922e-06 3.922e-06 3.922e-03 -5.882e-05 3.663e-06 1.961e-02
7.826782 3.125e+00 3.809e-01 -8.289e-04 3.922e-06 3.922e-06 3.922e-03 -5.882e-05 3.663e-06 1.961e-02
7.836782 3.213e+00 3.906e-01 -8.785e-04 3.922e-06 3.922e-06 3.922e-03 -5.882e-05 3.663e-06 1.961e-02
7.846783 3.301e+00 4.199e-01 -9.398e-04 3.922e-06 3.922e-06 3.922e-03 -5.882e-05 3.663e-06 1.961e-02
7.856782 3.384e+00 4.395e-01 -1.016e-03 3.922e-06 3.922e-06 3.922e-03 -5.882e-05 3.663e-06 1.961e-02
7.866782 3.467e+00 4.590e-01 -1.077e-03 3.922e-06 3.922e-06 3.922e-03 -5.882e-05 3.663e-06 1.961e-02
7.876782 3.530e+00 4.590e-01 -1.138e-03 3.922e-06 3.922e-06 3.922e-03 -5.882e-05 3.663e-06 1.961e-02
7.886781 3.613e+00 4.639e-01 -1.208e-03 3.922e-06 3.922e-06 3.922e-03 -5.882e-05 3.663e-06 1.961e-02
7.896781 3.687e+00 4.785e-01 -1.278e-03 3.922e-06 3.922e-06 3.922e-03 -5.882e-05 3.663e-06 1.961e-02
7.906782 3.750e+00 4.688e-01 -1.348e-03 3.922e-06 3.922e-06 3.922e-03 -5.882e-05 3.663e-06 1.961e-02
7.916783 3.809e+00 4.883e-01 -1.430e-03 3.922e-06 3.922e-06 3.922e-03 -5.882e-05 3.663e-06 1.961e-02
7.926781 3.862e+00 4.785e-01 -1.500e-03 3.922e-06 3.922e-06 3.922e-03 -5.882e-05 3.663e-06 1.961e-02
7.936782 3.906e+00 4.736e-01 -1.573e-03 3.922e-06 3.922e-06 3.922e-03 -5.882e-05 3.663e-06 1.961e-02
7.946781 3.970e+00 4.688e-01 -1.643e-03 3.922e-06 3.922e-06 3.922e-03 -5.882e-05 3.663e-06 1.961e-02
7.956781 4.004e+00 4.395e-01 -1.699e-03 3.922e-06 3.922e-06 3.922e-03 -5.882e-05 3.663e-06 1.961e-02
7.966783 4.048e+00 4.443e-01 -1.780e-03 3.922e-06 3.922e-06 3.922e-03 -5.882e-05 3.663e-06 1.961e-02
7.976783 4.053e+00 4.248e-01 -1.845e-03 3.922e-06 3.922e-06 3.922e-03 -5.882e-05 3.663e-06 1.961e-02
7.986783 4.072e+00 3.955e-01 -1.894e-03 3.922e-06 3.922e-06 3.922e-03 -5.882e-05 3.663e-06 1.961e-02
7.996782 4.097e+00 3.760e-01 -1.955e-03 3.922e-06 3.922e-06 3.922e-03 -5.882e-05 3.663e-06 1.961e-02
8.006783 4.082e+00 3.564e-01 -2.017e-03 3.922e-06 3.922e-06 3.922e-03 -5.882e-05 3.663e-06 1.961e-02
8.016783 4.097e+00 3.271e-01 -2.055e-03 3.922e-06 3.922e-06 3.922e-03 -5.882e-05 3.663e-06 1.961e-02
8.026782 4.082e+00 2.930e-01 -2.098e-03 3.922e-06 3.922e-06 3.922e-03 -5.882e-05 3.663e-06 1.961e-02
8.036782 4.072e+00 2.734e-01 -2.136e-03 3.922e-06 3.922e-06 3.922e-03 -5.882e-05 3.663e-06 1.961e-02
8.046782 4.058e+00 2.344e-01 -2.171e-03 3.922e-06 3.922e-06 3.922e-03 -5.882e-05 3.663e-06 1.961e-02
8.056782 4.019e+00 2.051e-01 -2.209e-03 3.922e-06 3.922e-06 3.922e-03 -5.882e-05 3.663e-06 1.961e-02
8.066782 3.994e+00 1.514e-01 -2.209e-03 3.922e-06 3.922e-06 3.922e-03 -5.882e-05 3.663e-06 1.961e-02
8.076783 3.950e+00 1.074e-01 -2.221e-03 3.922e-06 3.922e-06 3.922e-03 -5.882e-05 3.663e-06 1.961e-02
8.086782 3.906e+00 7.324e-02 -2.227e-03 3.922e-06 3.922e-06 3.922e-03 -5.882e-05 3.663e-06 1.961e-02
8.096783 3.862e+00 4.395e-02 -2.236e-03 3.922e-06 3.922e-06 3.922e-03 -5.882e-05 3.663e-06 1.961e-02
8.106782 3.784e+00 9.766e-03 -2.239e-03 3.922e-06 3.922e-06 3.922e-03 -5.882e-05 3.663e-06 1.961e-02
8.116782 3.740e+00 -3.418e-02 -2.215e-03 3.922e-06 3.922e-06 3.922e-03 -5.882e-05 3.663e-06 1.961e-02
8.126782 3.667e+00 -7.812e-02 -2.206e-03 3.922e-06 3.922e-06 3.922e-03 -5.882e-05 3.663e-06 1.961e-02
8.136782 3.608e+00 -1.074e-01 -2.186e-03 3.922e-06 3.922e-06 3.922e-03 -5.882e-05 3.663e-06 1.961e-02
8.146781 3.540e+00 -1.514e-01 -2.148e-03 3.922e-06 3.922e-06 3.922e-03 -5.882e-05 3.663e-06 1.961e-02
8.156782 3.457e+00 -2.002e-01 -2.104e-03 3.922e-06 3.922e-06 3.922e-03 -5.882e-05 3.663e-06 1.961e-02
8.166782 3.379e+00 -2.246e-01 -2.066e-03 3.922e-06 3.922e-06 3.922e-03 -5.882e-05 3.663e-06 1.961e-02
8.176783 3.306e+00 -2.734e-01 -2.014e-03 3.922e-06 3.922e-06 3.922e-03 -5.882e-05 3.663e-06 1.961e-02
8.186781 3.218e+00 -2.930e-01 -1.967e-03 3.922e-06 3.922e-06 3.922e-03 -5.882e-05 3.663e-06 1.961e-02
8.196781 3.135e+00 -3.174e-01 -1.909e-03 3.922e-06 3.922e-06 3.922e-03 -5.882e-05 3.663e-06 1.961e-02
8.206782 3.037e+00 -3.418e-01 -1.853e-03 3.922e-06 3.922e-06 3.922e-03 -5.882e-05 3.663e-06 1.961e-02
8.216782 2.993e+00 -3.662e-01 -1.789e-03 3.922e-06 3.922e-06 3.922e-03 -5.882e-05 3.663e-06 1.961e-02
8.226783 2.891e+00 -3.955e-01 -1.719e-03 3.922e-06 3.922e-06 3.922e-03 -5.882e-05 3.663e-06 1.961e-02
8.236782 2.822e+00 -4.004e-01 -1.655e-03 3.922e-06 3.922e-06 3.922e-03 -5.882e-05 3.663e-06 1.961e-02
8.246782 2.754e+00 -4.150e-01 -1.579e-03 3.922e-06 3.922e-06 3.922e-03 -5.882e-05 3.663e-06 1.961e-02
8.256783 2.671e+00 -4.395e-01 -1.497e-03 3.922e-06 3.922e-06 3.922e-03 -5.882e-05 3.663e-06 1.961e-02
8.266783 2.612e+00 -4.492e-01 -1.413e-03 3.922e-06 3.922e-06 3.922e-03 -5.882e-05 3.663e-06 1.961e-02
8.276782 2.529e+00 -4.541e-01 -1.345e-03 3.922e-06 3.922e-06 3.922e-03 -5.882e-05 3.663e-06 1.961e-02
8.286781 2.480e+00 -4.541e-01 -1.273e-03 3.922e-06 3.922e-06 3.922e-03 -5.882e-05 3.663e-06 1.961e-02
8.296782 2.427e+00 -4.492e-01 -1.185e-03 3.922e-06 3.922e-06 3.922e-03 -5.882e-05 3.663e-06 1.961e-02
8.306783 2.373e+00 -4.541e-01 -1.094e-03 3.922e-06 3.922e-06 3.922e-03 -5.882e-05 3.663e-06 1.961e-02
8.316782 2.324e+00 -4.346e-01 -1.033e-03 3.922e-06 3.922e-06 3.922e-03 -5.882e-05 3.663e-06 1.961e-02
8.326787 2.280e+00 -4.346e-01 -9.515e-04 3.922e-06 3.922e-06 3.922e-03 -5.882e-05 3.663e-06 1.961e-02
8.336782 2.256e+00 -4.102e-01 -8.873e-04 3.922e-06 3.922e-06 3.922e-03 -5.882e-05 3.663e-06 1.961e-02
8.346783 2.236e+00 -3.857e-01 -8.172e-04 3.922e-06 3.922e-06 3.922e-03 -5.882e-05 3.663e-06 1.961e-02
8.356781 2.207e+00 -3.809e-01 -7.384e-04 3.922e-06 3.922e-06 3.922e-03 -5.882e-05 3.663e-06 1.961e-02
8.366783 2.212e+00 -3.467e-01 -6.830e-04 3.922e-06 3.922e-06 3.922e-03 -5.882e-05 3.663e-06 1.961e-02
8.376782 2.188e+00 -3.223e-01 -6.304e-04 3.922e-06 3.922e-06 3.922e-03 -5.882e-05 3.663e-06 1.961e-02
8.386782 2.197e+00 -2.881e-01 -5.779e-04 3.922e-06 3.922e-06 3.922e-03 -5.882e-05 3.663e-06 1.961e-02
8.396782 2.202e+00 -2.490e-01 -5.312e-04 3.922e-06 3.922e-06 3.922e-03 -5.882e-05 3.663e-06 1.961e-02
8.406782 2.217e+00 -2.148e-01 -5.020e-04 3.922e-06 3.922e-06 3.922e-03 -5.882e-05 3.663e-06 1.961e-02
8.416782 2.256e+00 -1.709e-01 -4.728e-04 3.922e-06 3.922e-06 3.922e-03 -5.882e-05 3.663e-06 1.961e-02
8.426783 2.271e+00 -1.416e-01 -4.349e-04 3.922e-06 3.922e-06 3.922e-03 -5.882e-05 3.663e-06 1.961e-02
8.436782 2.329e+00 -1.025e-01 -4.086e-04 3.922e-06 3.922e-06 3.922e-03 -5.882e-05 3.663e-06 1.961e-02
8.446783 2.373e+00 -5.371e-02 -3.969e-04 3.922e-06 3.922e-06 3.922e-03 -5.882e-05 3.663e-06 1.961e-02
8.456781 2.397e+00 -2.930e-02 -3.794e-04 3.922e-06 3.922e-06 3.922e-03 -5.882e-05 3.663e-06 1.961e-02
8.466783 2.476e+00 2.930e-02 -3.882e-04 3.922e-06 3.922e-06 3.922e-03 -5.882e-05 3.663e-06 1.961e-02
8.476783 2.534e+00 6.836e-02 -3.940e-04 3.922e-06 3.922e-06 3.922e-03 -5.882e-05 3.663e-06 1.961e-02
8.486783 2.603e+00 1.123e-01 -4.057e-04 3.922e-06 3.922e-06 3.922e-03 -5.882e-05 3.663e-06 1.961e-02
8.496782 2.681e+00 1.660e-01 -4.261e-04 3.922e-06 3.922e-06 3.922e-03 -5.882e-05 3.663e-06 1.961e-02
8.506782 2.744e+00 1.758e-01 -4.436e-04 3.922e-06 3.922e-06 3.922e-03 -5.882e-05 3.663e-06 1.961e-02
8.516782 2.842e+00 2.441e-01 -4.932e-04 3.922e-06 3.922e-06 3.922e-03 -5.882e-05 3.663e-06 1.961e-02
8.526781 2.925e+00 2.783e-01 -5.312e-04 3.922e-06 3.922e-06 3.922e-03 -5.882e-05 3.663e-06 1.961e-02
8.536782 3.013e+00 3.174e-01 -5.779e-04 3.922e-06 3.922e-06 3.922e-03 -5.882e-05 3.663e-06 1.961e-02
8.546782 3.110e+00 3.516e-01 -6.246e-04 3.922e-06 3.922e-06 3.922e-03 -5.882e-05 3.663e-06 1.961e-02
8.556782 3.169e+00 3.906e-01 -6.946e-04 3.922e-06 3.922e-06 3.922e-03 -5.882e-05 3.663e-06 1.961e-02
8.566782 3.267e+00 4.248e-01 -7.530e-04 3.922e-06 3.922e-06 3.922e-03 -5.882e-05 3.663e-06 1.961e-02
8.576782 3.364e+00 4.395e-01 -8.143e-04 3.922e-06 3.922e-06 3.922e-03 -5.882e-05 3.663e-06 1.961e-02
8.586783 3.447e+00 4.736e-01 -8.902e-04 3.922e-06 3.922e-06 3.922e-03 -5.882e-05 3.663e-06 1.961e-02
8.596781 3.535e+00 5.078e-01 -9.719e-04 3.922e-06 3.922e-06 3.922e-03 -5.882e-05 3.663e-06 1.961e-02
8.606781 3.613e+00 5.176e-01 -1.054e-03 3.922e-06 3.922e-06 3.922e-03 -5.882e-05 3.663e-06 1.961e-02
8.616782 3.716e+00 5.322e-01 -1.124e-03 3.922e-06 3.922e-06 3.922e-03 -5.882e-05 3.663e-06 1.961e-02
8.626781 3.794e+00 5.420e-01 -1.214e-03 3.922e-06 3.922e-06 3.922e-03 -5.882e-05 3.663e-06 1.961e-02
8.636782 3.882e+00 5.566e-01 -1.302e-03 3.922e-06 3.922e-06 3.922e-03 -5.882e-05 3.663e-06 1.961e-02
8.646782 3.945e+00 5.615e-01 -1.389e-03 3.922e-06 3.922e-06 3.922e-03 -5.882e-05 3.663e-06 1.961e-02
8.656783 3.994e+00 5.615e-01 -1.474e-03 3.922e-06 3.922e-06 3.922e-03 -5.882e-05 3.663e-06 1.961e-02
8.666783 4.062e+00 5.713e-01 -1.567e-03 3.922e-06 3.922e-06 3.922e-03 -5.882e-05 3.663e-06 1.961e-02
8.676783 4.111e+00 5.420e-01 -1.640e-03 3.922e-06 3.922e-06 3.922e-03 -5.882e-05 3.663e-06 1.961e-02
8.686782 4.165e+00 5.518e-01 -1.731e-03 3.922e-06 3.922e-06 3.922e-03 -5.882e-05 3.663e-06 1.961e-02
8.696782 4.209e+00 5.371e-01 -1.810e-03 3.922e-06 3.922e-06 3.922e-03 -5.882e-05 3.663e-06 1.961e-02
8.706781 4.229e+00 5.176e-01 -1.903e-03 3.922e-06 3.922e-06 3.922e-03 -5.882e-05 3.663e-06 1.961e-02
8.716783 4.272e+00 5.029e-01 -1.970e-03 3.922e-06 3.922e-06 3.922e-03 -5.882e-05 3.663e-06 1.961e-02
8.726783 4.287e+00 4.639e-01 -2.040e-03 3.922e-06 3.922e-06 3.922e-03 -5.882e-05 3.663e-06 1.961e-02
8.736783 4.302e+00 4.346e-01 -2.101e-03 3.922e-06 3.922e-06 3.922e-03 -5.882e-05 3.663e-06 1.961e-02
8.746783 4.312e+00 4.102e-01 -2.163e-03 3.922e-06 3.922e-06 3.922e-03 -5.882e-05 3.663e-06 1.961e-02
8.756783 4.292e+00 3.613e-01 -2.215e-03 3.922e-06 3.922e-06 3.922e-03 -5.882e-05 3.663e-06 1.961e-02
8.766782 4.292e+00 3.271e-01 -2.253e-03 3.922e-06 3.922e-06 3.922e-03 -5.882e-05 3.663e-06 1.961e-02
8.776783 4.263e+00 2.930e-01 -2.309e-03 3.922e-06 3.922e-06 3.922e-03 -5.882e-05 3.663e-06 1.961e-02
8.786782 4.233e+00 2.637e-01 -2.349e-03 3.922e-06 3.922e-06 3.922e-03 -5.882e-05 3.663e-06 1.961e-02
8.796782 4.199e+00 2.246e-01 -2.384e-03 3.922e-06 3.922e-06 3.922e-03 -5.882e-05 3.663e-06 1.961e-02
8.806782 4.160e+00 1.562e-01 -2.396e-03 3.922e-06 3.922e-06 3.922e-03 -5.882e-05 3.663e-06 1.961e-02
8.816783 4.111e+00 1.270e-01 -2.422e-03 3.922e-06 3.922e-06 3.922e-03 -5.882e-05 3.663e-06 1.961e-02
8.826782 4.053e+00 7.324e-02 -2.425e-03 3.922e-06 3.922e-06 3.922e-03 -5.882e-05 3.663e-06 1.961e-02
8.836781 3.994e+00 1.465e-02 -2.414e-03 3.922e-06 3.922e-06 3.922e-03 -5.882e-05 3.663e-06 1.961e-02
8.846782 3.916e+00 -1.953e-02 -2.408e-03 3.922e-06 3.922e-06 3.922e-03 -5.882e-05 3.663e-06 1.961e-02
8.856782 3.838e+00 -7.324e-02 -2.393e-03 3.922e-06 3.922e-06 3.922e-03 -5.882e-05 3.663e-06 1.961e-02
8.866783 3.760e+00 -1.123e-01 -2.373e-03 3.922e-06 3.922e-06 3.922e-03 -5.882e-05 3.663e-06 1.961e-02
8.876782 3.677e+00 -1.514e-01 -2.347e-03 3.922e-06 3.922e-06 3.922e-03 -5.882e-05 3.663e-06 1.961e-02
8.886782 3.589e+00 -1.953e-01 -2.312e-03 3.922e-06 3.922e-06 3.922e-03 -5.882e-05 3.663e-06 1.961e-02
8.896783 3.496e+00 -2.441e-01 -2.265e-03 3.922e-06 3.922e-06 3.922e-03 -5.882e-05 3.663e-06 1.961e-02
8.906782 3.389e+00 -2.832e-01 -2.218e-03 3.922e-06 3.922e-06 3.922e-03 -5.882e-05 3.663e-06 1.961e-02
8.916781 3.315e+00 -3.271e-01 -2.148e-03 3.922e-06 3.922e-06 3.922e-03 -5.882e-05 3.663e-06 1.961e-02
8.926783 3.218e+00 -3.760e-01 -2.081e-03 3.922e-06 3.922e-06 3.922e-03 -5.882e-05 3.663e-06 1.961e-02
8.936782 3.115e+00 -3.955e-01 -2.014e-03 3.922e-06 3.922e-06 3.922e-03 -5.882e-05 3.663e-06 1.961e-02
8.946782 3.018e+00 -4.297e-01 -1.932e-03 3.922e-06 3.922e-06 3.922e-03 -5.882e-05 3.663e-06 1.961e-02
8.956782 2.910e+00 -4.736e-01 -1.853e-03 3.922e-06 3.922e-06 3.922e-03 -5.882e-05 3.663e-06 1.961e-02
8.966783 2.812e+00 -4.736e-01 -1.789e-03 3.922e-06 3.922e-06 3.922e-03 -5.882e-05 3.663e-06 1.961e-02
8.976782 2.725e+00 -5.029e-01 -1.696e-03 3.922e-06 3.922e-06 3.922e-03 -5.882e-05 3.663e-06 1.961e-02
8.986783 2.632e+00 -5.176e-01 -1.605e-03 3.922e-06 3.922e-06 3.922e-03 -5.882e-05 3.663e-06 1.961e-02
8.996782 2.554e+00 -5.273e-01 -1.512e-03 3.922e-06 3.922e-06 3.922e-03 -5.882e-05 3.663e-06 1.961e-02
9.006783 2.461e+00 -5.566e-01 -1.410e-03 3.922e-06 3.922e-06 3.922e-03 -5.882e-05 3.663e-06 1.961e-02
9.016782 2.397e+00 -5.615e-01 -1.310e-03 3.922e-06 3.922e-06 3.922e-03 -5.882e-05 3.663e-06 1.961e-02
9.026782 2.310e+00 -5.615e-01 -1.223e-03 3.922e-06 3.922e-06 3.922e-03 -5.882e-05 3.663e-06 1.961e-02
9.036782 2.246e+00 -5.518e-01 -1.127e-03 3.922e-06 3.922e-06 3.922e-03 -5.882e-05 3.663e-06 1.961e-02
9.046782 2.192e+00 -5.371e-01 -1.036e-03 3.922e-06 3.922e-06 3.922e-03 -5.882e-05 3.663e-06 1.961e-02
9.056782 2.134e+00 -5.371e-01 -9.427e-04 3.922e-06 3.922e-06 3.922e-03 -5.882e-05 3.663e-06 1.961e-02
9.066782 2.090e+00 -5.127e-01 -8.522e-04 3.922e-06 3.922e-06 3.922e-03 -5.882e-05 3.663e-06 1.961e-02
9.076782 2.056e+00 -4.980e-01 -7.676e-04 3.922e-06 3.922e-06 3.922e-03 -5.882e-05 3.663e-06 1.961e-02
9.086782 2.021e+00 -4.688e-01 -6.917e-04 3.922e-06 3.922e-06 3.922e-03 -5.882e-05 3.663e-06 1.961e-02
9.096782 2.007e+00 -4.443e-01 -6.071e-04 3.922e-06 3.922e-06 3.922e-03 -5.882e-05 3.663e-06 1.961e-02
9.106782 1.987e+00 -4.102e-01 -5.458e-04 3.922e-06 3.922e-06 3.922e-03 -5.882e-05 3.663e-06 1.961e-02
9.116783 1.992e+00 -3.711e-01 -4.699e-04 3.922e-06 3.922e-06 3.922e-03 -5.882e-05 3.663e-06 1.961e-02
9.126781 1.982e+00 -3.516e-01 -4.028e-04 3.922e-06 3.922e-06 3.922e-03 -5.882e-05 3.663e-06 1.961e-02
9.136782 2.007e+00 -3.027e-01 -3.532e-04 3.922e-06 3.922e-06 3.922e-03 -5.882e-05 3.663e-06 1.961e-02
9.146783 2.031e+00 -2.539e-01 -3.094e-04 3.922e-06 3.922e-06 3.922e-03 -5.882e-05 3.663e-06 1.961e-02
9.156782 2.046e+00 -2.100e-01 -2.685e-04 3.922e-06 3.922e-06 3.922e-03 -5.882e-05 3.663e-06 1.961e-02
9.166782 2.104e+00 -1.611e-01 -2.452e-04 3.922e-06 3.922e-06 3.922e-03 -5.882e-05 3.663e-06 1.961e-02
9.176783 2.148e+00 -1.221e-01 -2.101e-04 3.922e-06 3.922e-06 3.922e-03 -5.882e-05 3.663e-06 1.961e-02
9.186783 2.207e+00 -7.324e-02 -1.868e-04 3.922e-06 3.922e-06 3.922e-03 -5.882e-05 3.663e-06 1.961e-02
9.196783 2.275e+00 -1.465e-02 -1.868e-04 3.922e-06 3.922e-06 3.922e-03 -5.882e-05 3.663e-06 1.961e-02
9.206781 2.349e+00 2.441e-02 -1.780e-04 3.922e-06 3.922e-06 3.922e-03 -5.882e-05 3.663e-06 1.961e-02
9.216782 2.432e+00 9.277e-02 -2.072e-04 3.922e-06 3.922e-06 3.922e-03 -5.882e-05 3.663e-06 1.961e-02
9.226783 2.495e+00 1.367e-01 -2.131e-04 3.922e-06 3.922e-06 3.922e-03 -5.882e-05 3.663e-06 1.961e-02
9.236783 2.593e+00 1.953e-01 -2.481e-04 3.922e-06 3.922e-06 3.922e-03 -5.882e-05 3.663e-06 1.961e-02
9.246782 2.681e+00 2.539e-01 -2.831e-04 3.922e-06 3.922e-06 3.922e-03 -5.882e-05 3.663e-06 1.961e-02
9.256781 2.788e+00 2.930e-01 -3.240e-04 3.922e-06 3.922e-06 3.922e-03 -5.882e-05 3.663e-06 1.961e-02
9.266784 2.891e+00 3.369e-01 -3.648e-04 3.922e-06 3.922e-06 3.922e-03 -5.882e-05 3.663e-06 1.961e-02
9.276782 2.993e+00 3.857e-01 -4.290e-04 3.922e-06 3.922e-06 3.922e-03 -5.882e-05 3.663e-06 1.961e-02
9.286782 3.105e+00 4.297e-01 -4.932e-04 3.922e-06 3.922e-06 3.922e-03 -5.882e-05 3.663e-06 1.961e-02
9.296782 3.213e+00 4.639e-01 -5.662e-04 3.922e-06 3.922e-06 3.922e-03 -5.882e-05 3.663e-06 1.961e-02
9.306784 3.320e+00 4.883e-01 -6.333e-04 3.922e-06 3.922e-06 3.922e-03 -5.882e-05 3.663e-06 1.961e-02
9.316783 3.423e+00 5.420e-01 -7.326e-04 3.922e-06 3.922e-06 3.922e-03 -5.882e-05 3.663e-06 1.961e-02
9.326782 3.540e+00 5.713e-01 -8.172e-04 3.922e-06 3.922e-06 3.922e-03 -5.882e-05 3.663e-06 1.961e-02
9.336782 3.633e+00 6.055e-01 -9.164e-04 3.922e-06 3.922e-06 3.922e-03 -5.882e-05 3.663e-06 1.961e-02
9.346781 3.735e+00 6.250e-01 -1.013e-03 3.922e-06 3.922e-06 3.922e-03 -5.882e-05 3.663e-06 1.961e-02
9.356782 3.828e+00 6.396e-01 -1.112e-03 3.922e-06 3.922e-06 3.922e-03 -5.882e-05 3.663e-06 1.961e-02
9.366782 3.945e+00 6.494e-01 -1.200e-03 3.922e-06 3.922e-06 3.922e-03 -5.882e-05 3.663e-06 1.961e-02
9.376781 4.028e+00 6.689e-01 -1.319e-03 3.922e-06 3.922e-06 3.922e-03 -5.882e-05 3.663e-06 1.961e-02
9.386783 4.126e+00 6.738e-01 -1.421e-03 3.922e-06 3.922e-06 3.922e-03 -5.882e-05 3.663e-06 1.961e-02
9.396783 4.199e+00 6.641e-01 -1.521e-03 3.922e-06 3.922e-06 3.922e-03 -5.882e-05 3.663e-06 1.961e-02
9.406783 4.253e+00 6.689e-01 -1.631e-03 3.922e-06 3.922e-06 3.922e-03 -5.882e-05 3.663e-06 1.961e-02
9.416782 4.326e+00 6.592e-01 -1.734e-03 3.922e-06 3.922e-06 3.922e-03 -5.882e-05 3.663e-06 1.961e-02
9.426782 4.380e+00 6.348e-01 -1.824e-03 3.922e-06 3.922e-06 3.922e-03 -5.882e-05 3.663e-06 1.961e-02
9.436782 4.434e+00 6.348e-01 -1.932e-03 3.922e-06 3.922e-06 3.922e-03 -5.882e-05 3.663e-06 1.961e-02
9.446782 4.468e+00 6.152e-01 -2.028e-03 3.922e-06 3.922e-06 3.922e-03 -5.882e-05 3.663e-06 1.961e-02
9.456781 4.492e+00 5.811e-01 -2.116e-03 3.922e-06 3.922e-06 3.922e-03 -5.882e-05 3.663e-06 1.961e-02
9.466782 4.541e+00 5.371e-01 -2.189e-03 3.922e-06 3.922e-06 3.922e-03 -5.882e-05 3.663e-06 1.961e-02
9.476783 4.531e+00 5.029e-01 -2.274e-03 3.922e-06 3.922e-06 3.922e-03 -5.882e-05 3.663e-06 1.961e-02
9.486783 4.541e+00 4.688e-01 -2.344e-03 3.922e-06 3.922e-06 3.922e-03 -5.882e-05 3.663e-06 1.961e-02
9.496782 4.531e+00 4.248e-01 -2.408e-03 3.922e-06 3.922e-06 3.922e-03 -5.882e-05 3.663e-06 1.961e-02
9.506783 4.502e+00 3.760e-01 -2.457e-03 3.922e-06 3.922e-06 3.922e-03 -5.882e-05 3.663e-06 1.961e-02
9.516784 4.473e+00 3.418e-01 -2.525e-03 3.922e-06 3.922e-06 3.922e-03 -5.882e-05 3.663e-06 1.961e-02
9.526782 4.438e+00 2.881e-01 -2.563e-03 3.922e-06 3.922e-06 3.922e-03 -5.882e-05 3.663e-06 1.961e-02
9.536783 4.395e+00 2.295e-01 -2.592e-03 3.922e-06 3.922e-06 3.922e-03 -5.882e-05 3.663e-06 1.961e-02
9.546782 4.365e+00 1.855e-01 -2.621e-03 3.922e-06 3.922e-06 3.922e-03 -5.882e-05 3.663e-06 1.961e-02
9.556782 4.282e+00 1.270e-01 -2.641e-03 3.922e-06 3.922e-06 3.922e-03 -5.882e-05 3.663e-06 1.961e-02
9.566783 4.238e+00 6.836e-02 -2.644e-03 3.922e-06 3.922e-06 3.922e-03 -5.882e-05 3.663e-06 1.961e-02
9.576782 4.131e+00 4.883e-03 -2.641e-03 3.922e-06 3.922e-06 3.922e-03 -5.882e-05 3.663e-06 1.961e-02
9.586782 4.053e+00 -3.906e-02 -2.635e-03 3.922e-06 3.922e-06 3.922e-03 -5.882e-05 3.663e-06 1.961e-02
9.596783 3.970e+00 -1.074e-01 -2.600e-03 3.922e-06 3.922e-06 3.922e-03 -5.882e-05 3.663e-06 1.961e-02
9.606783 3.853e+00 -1.562e-01 -2.580e-03 3.922e-06 3.922e-06 3.922e-03 -5.882e-05 3.663e-06 1.961e-02
9.616783 3.765e+00 -2.148e-01 -2.525e-03 3.922e-06 3.922e-06 3.922e-03 -5.882e-05 3.663e-06 1.961e-02
9.626782 3.643e+00 -2.783e-01 -2.490e-03 3.922e-06 3.922e-06 3.922e-03 -5.882e-05 3.663e-06 1.961e-02
9.636783 3.525e+00 -3.174e-01 -2.440e-03 3.922e-06 3.922e-06 3.922e-03 -5.882e-05 3.663e-06 1.961e-02
9.646782 3.423e+00 -3.662e-01 -2.370e-03 3.922e-06 3.922e-06 3.922e-03 -5.882e-05 3.663e-06 1.961e-02
9.656781 3.291e+00 -4.150e-01 -2.303e-03 3.922e-06 3.922e-06 3.922e-03 -5.882e-05 3.663e-06 1.961e-02
9.666782 3.188e+00 -4.639e-01 -2.206e-03 3.922e-06 3.922e-06 3.922e-03 -5.882e-05 3.663e-06 1.961e-02
9.676783 3.066e+00 -4.980e-01 -2.139e-03 3.922e-06 3.922e-06 3.922e-03 -5.882e-05 3.663e-06 1.961e-02
9.686783 2.949e+00 -5.420e-01 -2.037e-03 3.922e-06 3.922e-06 3.922e-03 -5.882e-05 3.663e-06 1.961e-02
9.696783 2.827e+00 -5.713e-01 -1.941e-03 3.922e-06 3.922e-06 3.922e-03 -5.882e-05 3.663e-06 1.961e-02
9.706782 2.715e+00 -6.055e-01 -1.842e-03 3.922e-06 3.922e-06 3.922e-03 -5.882e-05 3.663e-06 1.961e-02
9.716783 2.593e+00 -6.152e-01 -1.737e-03 3.922e-06 3.922e-06 3.922e-03 -5.882e-05 3.663e-06 1.961e-02
9.726783 2.490e+00 -6.494e-01 -1.623e-03 3.922e-06 3.922e-06 3.922e-03 -5.882e-05 3.663e-06 1.961e-02
9.736782 2.383e+00 -6.641e-01 -1.509e-03 3.922e-06 3.922e-06 3.922e-03 -5.882e-05 3.663e-06 1.961e-02
9.746781 2.290e+00 -6.689e-01 -1.398e-03 3.922e-06 3.922e-06 3.922e-03 -5.882e-05 3.663e-06 1.961e-02
9.756782 2.192e+00 -6.787e-01 -1.284e-03 3.922e-06 3.922e-06 3.922e-03 -5.882e-05 3.663e-06 1.961e-02
9.766782 2.119e+00 -6.592e-01 -1.179e-03 3.922e-06 3.922e-06 3.922e-03 -5.882e-05 3.663e-06 1.961e-02
9.776782 2.041e+00 -6.738e-01 -1.054e-03 3.922e-06 3.922e-06 3.922e-03 -5.882e-05 3.663e-06 1.961e-02
9.786782 1.968e+00 -6.641e-01 -9.398e-04 3.922e-06 3.922e-06 3.922e-03 -5.882e-05 3.663e-06 1.961e-02
9.796782 1.904e+00 -6.445e-01 -8.318e-04 3.922e-06 3.922e-06 3.922e-03 -5.882e-05 3.663e-06 1.961e-02
9.806784 1.851e+00 -6.299e-01 -7.267e-04 3.922e-06 3.922e-06 3.922e-03 -5.882e-05 3.663e-06 1.961e-02
9.816783 1.797e+00 -6.006e-01 -6.187e-04 3.922e-06 3.922e-06 3.922e-03 -5.882e-05 3.663e-06 1.961e-02
9.826784 1.743e+00 -5.762e-01 -5.224e-04 3.922e-06 3.922e-06 3.922e-03 -5.882e-05 3.663e-06 1.961e-02
9.836782 1.714e+00 -5.371e-01 -4.290e-04 3.922e-06 3.922e-06 3.922e-03 -5.882e-05 3.663e-06 1.961e-02
9.846783 1.685e+00 -5.029e-01 -3.444e-04 3.922e-06 3.922e-06 3.922e-03 -5.882e-05 3.663e-06 1.961e-02
9.856782 1.655e+00 -4.688e-01 -2.598e-04 3.922e-06 3.922e-06 3.922e-03 -5.882e-05 3.663e-06 1.961e-02
9.866782 1.646e+00 -4.102e-01 -1.985e-04 3.922e-06 3.922e-06 3.922e-03 -5.882e-05 3.663e-06 1.961e-02
9.876782 1.646e+00 -3.760e-01 -1.226e-04 3.922e-06 3.922e-06 3.922e-03 -5.882e-05 3.663e-06 1.961e-02
9.886782 1.655e+00 -3.174e-01 -7.005e-05 3.922e-06 3.922e-06 3.922e-03 -5.882e-05 3.663e-06 1.961e-02
9.896783 1.675e+00 -2.588e-01 -2.627e-05 3.922e-06 3.922e-06 3.922e-03 -5.882e-05 3.663e-06 1.961e-02
9.906781 1.694e+00 -2.148e-01 1.751e-05 3.922e-06 3.922e-06 3.922e-03 -5.882e-05 3.663e-06 1.961e-02
9.916781 1.763e+00 -1.562e-01 4.670e-05 3.922e-06 3.922e-06 3.922e-03 -5.882e-05 3.663e-06 1.961e-02
9.926782 1.826e+00 -9.766e-02 6.713e-05 3.922e-06 3.922e-06 3.922e-03 -5.882e-05 3.663e-06 1.961e-02
9.936783 1.924e+00 -3.906e-02 7.880e-05 3.922e-06 3.922e-06 3.922e-03 -5.882e-05 3.663e-06 1.961e-02
9.946782 2.012e+00 4.883e-03 9.340e-05 3.922e-06 3.922e-06 3.922e-03 -5.882e-05 3.663e-06 1.961e-02
9.956781 2.119e+00 7.812e-02 6.129e-05 3.922e-06 3.922e-06 3.922e-03 -5.882e-05 3.663e-06 1.961e-02
9.966784 2.227e+00 1.416e-01 6.421e-05 3.922e-06 3.922e-06 3.922e-03 -5.882e-05 3.663e-06 1.961e-02
9.976784 2.334e+00 2.051e-01 2.043e-05 3.922e-06 3.922e-06 3.922e-03 -5.882e-05 3.663e-06 1.961e-02
9.986783 2.466e+00 2.734e-01 -1.459e-05 3.922e-06 3.922e-06 3.922e-03 -5.882e-05 3.663e-06 1.961e-02
9.996781 2.583e+00 3.320e-01 -6.421e-05 3.922e-06 3.922e-06 3.922e-03 -5.882e-05 3.663e-06 1.961e-02
10.006783 2.705e+00 3.711e-01 -1.051e-04 3.922e-06 3.922e-06 3.922e-03 -5.882e-05 3.663e-06 1.961e-02
10.016783 2.837e+00 4.443e-01 -1.926e-04 3.922e-06 3.922e-06 3.922e-03 -5.882e-05 3.663e-06 1.961e-02
10.026783 2.964e+00 4.883e-01 -2.627e-04 3.922e-06 3.922e-06 3.922e-03 -5.882e-05 3.663e-06 1.961e-02
10.036782 3.110e+00 5.469e-01 -3.502e-04 3.922e-06 3.922e-06 3.922e-03 -5.882e-05 3.663e-06 1.961e-02
10.046783 3.247e+00 5.908e-01 -4.407e-04 3.922e-06 3.922e-06 3.922e-03 -5.882e-05 3.663e-06 1.961e-02
10.056784 3.379e+00 6.348e-01 -5.458e-04 3.922e-06 3.922e-06 3.922e-03 -5.882e-05 3.663e-06 1.961e-02
10.066782 3.511e+00 6.738e-01 -6.392e-04 3.922e-06 3.922e-06 3.922e-03 -5.882e-05 3.663e-06 1.961e-02
10.076782 3.643e+00 7.031e-01 -7.588e-04 3.922e-06 3.922e-06 3.922e-03 -5.882e-05 3.663e-06 1.961e-02
10.086782 3.779e+00 7.324e-01 -8.639e-04 3.922e-06 3.922e-06 3.922e-03 -5.882e-05 3.663e-06 1.961e-02
10.096783 3.901e+00 7.617e-01 -9.865e-04 3.922e-06 3.922e-06 3.922e-03 -5.882e-05 3.663e-06 1.961e-02
10.106782 3.999e+00 7.861e-01 -1.121e-03 3.922e-06 3.922e-06 3.922e-03 -5.882e-05 3.663e-06 1.961e-02
10.116781 4.131e+00 8.105e-01 -1.249e-03 3.922e-06 3.922e-06 3.922e-03 -5.882e-05 3.663e-06 1.961e-02
10.126782 4.233e+00 8.008e-01 -1.360e-03 3.922e-06 3.922e-06 3.922e-03 -5.882e-05 3.663e-06 1.961e-02
10.136783 4.341e+00 8.105e-01 -1.494e-03 3.922e-06 3.922e-06 3.922e-03 -5.882e-05 3.663e-06 1.961e-02
10.146783 4.429e+00 8.105e-01 -1.620e-03 3.922e-06 3.922e-06 3.922e-03 -5.882e-05 3.663e-06 1.961e-02
10.156782 4.512e+00 7.910e-01 -1.742e-03 3.922e-06 3.922e-06 3.922e-03 -5.882e-05 3.663e-06 1.961e-02
10.166782 4.609e+00 7.861e-01 -1.868e-03 3.922e-06 3.922e-06 3.922e-03 -5.882e-05 3.663e-06 1.961e-02
10.176783 4.668e+00 7.568e-01 -1.985e-03 3.922e-06 3.922e-06 3.922e-03 -5.882e-05 3.663e-06 1.961e-02
10.186783 4.712e+00 7.373e-01 -2.101e-03 3.922e-06 3.922e-06 3.922e-03 -5.882e-05 3.663e-06 1.961e-02
10.196782 4.751e+00 7.178e-01 -2.224e-03 3.922e-06 3.922e-06 3.922e-03 -5.882e-05 3.663e-06 1.961e-02
10.206781 4.785e+00 6.738e-01 -2.323e-03 3.922e-06 3.922e-06 3.922e-03 -5.882e-05 3.663e-06 1.961e-02
10.216784 4.810e+00 6.348e-01 -2.411e-03 3.922e-06 3.922e-06 3.922e-03 -5.882e-05 3.663e-06 1.961e-02
10.226782 4.800e+00 6.055e-01 -2.522e-03 3.922e-06 3.922e-06 3.922e-03 -5.882e-05 3.663e-06 1.961e-02
10.236782 4.810e+00 5.420e-01 -2.595e-03 3.922e-06 3.922e-06 3.922e-03 -5.882e-05 3.663e-06 1.961e-02
10.246781 4.805e+00 4.980e-01 -2.676e-03 3.922e-06 3.922e-06 3.922e-03 -5.882e-05 3.663e-06 1.961e-02
10.256783 4.771e+00 4.297e-01 -2.735e-03 3.922e-06 3.922e-06 3.922e-03 -5.882e-05 3.663e-06 1.961e-02
10.266782 4.736e+00 3.906e-01 -2.805e-03 3.922e-06 3.922e-06 3.922e-03 -5.882e-05 3.663e-06 1.961e-02
10.276782 4.683e+00 3.125e-01 -2.837e-03 3.922e-06 3.922e-06 3.922e-03 -5.882e-05 3.663e-06 1.961e-02
10.286782 4.624e+00 2.441e-01 -2.869e-03 3.922e-06 3.922e-06 3.922e-03 -5.882e-05 3.663e-06 1.961e-02
10.296782 4.556e+00 1.807e-01 -2.895e-03 3.922e-06 3.922e-06 3.922e-03 -5.882e-05 3.663e-06 1.961e-02
10.306782 4.468e+00 1.025e-01 -2.901e-03 3.922e-06 3.922e-06 3.922e-03 -5.882e-05 3.663e-06 1.961e-02
10.316782 4.385e+00 4.883e-02 -2.910e-03 3.922e-06 3.922e-06 3.922e-03 -5.882e-05 3.663e-06 1.961e-02
10.326782 4.282e+00 -2.441e-02 -2.913e-03 3.922e-06 3.922e-06 3.922e-03 -5.882e-05 3.663e-06 1.961e-02
10.336782 4.175e+00 -9.277e-02 -2.886e-03 3.922e-06 3.922e-06 3.922e-03 -5.882e-05 3.663e-06 1.961e-02
10.346782 4.072e+00 -1.660e-01 -2.851e-03 3.922e-06 3.922e-06 3.922e-03 -5.882e-05 3.663e-06 1.961e-02
10.356782 3.950e+00 -2.393e-01 -2.811e-03 3.922e-06 3.922e-06 3.922e-03 -5.882e-05 3.663e-06 1.961e-02
10.366781 3.813e+00 -2.930e-01 -2.761e-03 3.922e-06 3.922e-06 3.922e-03 -5.882e-05 3.663e-06 1.961e-02
10.376783 3.677e+00 -3.613e-01 -2.697e-03 3.922e-06 3.922e-06 3.922e-03 -5.882e-05 3.663e-06 1.961e-02
10.386782 3.535e+00 -4.199e-01 -2.627e-03 3.922e-06 3.922e-06 3.922e-03 -5.882e-05 3.663e-06 1.961e-02
10.396782 3.398e+00 -4.834e-01 -2.539e-03 3.922e-06 3.922e-06 3.922e-03 -5.882e-05 3.663e-06 1.961e-02
10.406781 3.252e+00 -5.371e-01 -2.452e-03 3.922e-06 3.922e-06 3.922e-03 -5.882e-05 3.663e-06 1.961e-02
10.416781 3.125e+00 -5.908e-01 -2.344e-03 3.922e-06 3.922e-06 3.922e-03 -5.882e-05 3.663e-06 1.961e-02
10.426783 2.959e+00 -6.299e-01 -2.247e-03 3.922e-06 3.922e-06 3.922e-03 -5.882e-05 3.663e-06 1.961e-02
10.436783 2.822e+00 -6.787e-01 -2.128e-03 3.922e-06 3.922e-06 3.922e-03 -5.882e-05 3.663e-06 1.961e-02
10.446781 2.690e+00 -7.178e-01 -2.008e-03 3.922e-06 3.922e-06 3.922e-03 -5.882e-05 3.663e-06 1.961e-02
10.456782 2.554e+00 -7.568e-01 -1.880e-03 3.922e-06 3.922e-06 3.922e-03 -5.882e-05 3.663e-06 1.961e-02
10.466784 2.427e+00 -7.812e-01 -1.745e-03 3.922e-06 3.922e-06 3.922e-03 -5.882e-05 3.663e-06 1.961e-02
10.476781 2.280e+00 -7.959e-01 -1.617e-03 3.922e-06 3.922e-06 3.922e-03 -5.882e-05 3.663e-06 1.961e-02
10.486781 2.158e+00 -8.057e-01 -1.486e-03 3.922e-06 3.922e-06 3.922e-03 -5.882e-05 3.663e-06 1.961e-02
10.496782 2.036e+00 -8.154e-01 -1.343e-03 3.922e-06 3.922e-06 3.922e-03 -5.882e-05 3.663e-06 1.961e-02
10.506783 1.919e+00 -8.350e-01 -1.197e-03 3.922e-06 3.922e-06 3.922e-03 -5.882e-05 3.663e-06 1.961e-02
10.516783 1.826e+00 -8.105e-01 -1.068e-03 3.922e-06 3.922e-06 3.922e-03 -5.882e-05 3.663e-06 1.961e-02
10.526782 1.738e+00 -8.252e-01 -9.223e-04 3.922e-06 3.922e-06 3.922e-03 -5.882e-05 3.663e-06 1.961e-02
10.536783 1.631e+00 -8.008e-01 -7.880e-04 3.922e-06 3.922e-06 3.922e-03 -5.882e-05 3.663e-06 1.961e-02
10.546782 1.523e+00 -7.764e-01 -6.596e-04 3.922e-06 3.922e-06 3.922e-03 -5.882e-05 3.663e-06 1.961e-02
10.556783 1.401e+00 -7.715e-01 -5.253e-04 3.922e-06 3.922e-06 3.922e-03 -5.882e-05 3.663e-06 1.961e-02
10.566782 1.313e+00 -7.373e-01 -3.911e-04 3.922e-06 3.922e-06 3.922e-03 -5.882e-05 3.663e-06 1.961e-02
10.576782 1.182e+00 -7.080e-01 -2.831e-04 3.922e-06 3.922e-06 3.922e-03 -5.882e-05 3.663e-06 1.961e-02
10.586783 1.084e+00 -6.543e-01 -1.839e-04 3.922e-06 3.922e-06 3.922e-03 -5.882e-05 3.663e-06 1.961e-02
10.596783 9.814e-01 -6.152e-01 -7.296e-05 3.922e-06 3.922e-06 3.922e-03 -5.882e-05 3.663e-06 1.961e-02
10.606782 8.740e-01 -5.908e-01 3.502e-05 3.922e-06 3.922e-06 3.922e-03 -5.882e-05 3.663e-06 1.961e-02
10.616783 7.910e-01 -5.371e-01 1.197e-04 3.922e-06 3.922e-06 3.922e-03 -5.882e-05 3.663e-06 1.961e-02
10.626783 6.934e-01 -4.883e-01 1.926e-04 3.922e-06 3.922e-06 3.922e-03 -5.882e-05 3.663e-06 1.961e-02
10.636783 6.152e-01 -4.443e-01 2.773e-04 3.922e-06 3.922e-06 3.922e-03 -5.882e-05 3.663e-06 1.961e-02
10.646782 5.371e-01 -3.906e-01 3.473e-04 3.922e-06 3.922e-06 3.922e-03 -5.882e-05 3.663e-06 1.961e-02
10.656782 4.736e-01 -3.467e-01 4.057e-04 3.922e-06 3.922e-06 3.922e-03 -5.882e-05 3.663e-06 1.961e-02
10.666782 4.297e-01 -3.076e-01 4.699e-04 3.922e-06 3.922e-06 3.922e-03 -5.882e-05 3.663e-06 1.961e-02
10.676784 3.516e-01 -2.490e-01 4.962e-04 3.922e-06 3.922e-06 3.922e-03 -5.882e-05 3.663e-06 1.961e-02
10.686783 3.174e-01 -1.904e-01 5.341e-04 3.922e-06 3.922e-06 3.922e-03 -5.882e-05 3.663e-06 1.961e-02
10.696783 2.881e-01 -1.416e-01 5.575e-04 3.922e-06 3.922e-06 3.922e-03 -5.882e-05 3.663e-06 1.961e-02
10.706782 2.686e-01 -9.766e-02 5.750e-04 3.922e-06 3.922e-06 3.922e-03 -5.882e-05 3.663e-06 1.961e-02
10.716783 2.637e-01 -4.395e-02 5.866e-04 3.922e-06 3.922e-06 3.922e-03 -5.882e-05 3.663e-06 1.961e-02
10.726783 2.490e-01 -4.883e-03 5.896e-04 3.922e-06 3.922e-06 3.922e-03 -5.882e-05 3.663e-06 1.961e-02
10.736782 2.832e-01 4.395e-02 5.896e-04 3.922e-06 3.922e-06 3.922e-03 -5.882e-05 3.663e-06 1.961e-02
10.746782 3.125e-01 8.789e-02 5.808e-04 3.922e-06 3.922e-06 3.922e-03 -5.882e-05 3.663e-06 1.961e-02
10.756782 3.369e-01 1.318e-01 5.633e-04 3.922e-06 3.922e-06 3.922e-03 -5.882e-05 3.663e-06 1.961e-02
10.766782 4.053e-01 1.709e-01 5.487e-04 3.922e-06 3.922e-06 3.922e-03 -5.882e-05 3.663e-06 1.961e-02
10.776784 4.541e-01 2.197e-01 5.020e-04 3.922e-06 3.922e-06 3.922e-03 -5.882e-05 3.663e-06 1.961e-02
10.786783 5.371e-01 2.539e-01 4.611e-04 3.922e-06 3.922e-06 3.922e-03 -5.882e-05 3.663e-06 1.961e-02
10.796782 6.396e-01 2.979e-01 4.144e-04 3.922e-06 3.922e-06 3.922e-03 -5.882e-05 3.663e-06 1.961e-02
10.806782 7.520e-01 3.271e-01 3.707e-04 3.922e-06 3.922e-06 3.922e-03 -5.882e-05 3.663e-06 1.961e-02
10.816782 9.033e-01 3.613e-01 3.240e-04 3.922e-06 3.922e-06 3.922e-03 -5.882e-05 3.663e-06 1.961e-02
10.826782 1.030e+00 3.955e-01 2.539e-04 3.922e-06 3.922e-06 3.922e-03 -5.882e-05 3.663e-06 1.961e-02
10.836782 1.201e+00 4.297e-01 1.897e-04 3.922e-06 3.922e-06 3.922e-03 -5.882e-05 3.663e-06 1.961e-02
10.846782 1.377e+00 4.736e-01 1.080e-04 3.922e-06 3.922e-06 3.922e-03 -5.882e-05 3.663e-06 1.961e-02
10.856782 1.572e+00 4.834e-01 4.670e-05 3.922e-06 3.922e-06 3.922e-03 -5.882e-05 3.663e-06 1.961e-02
10.866782 1.792e+00 5.469e-01 -5.545e-05 3.922e-06 3.922e-06 3.922e-03 -5.882e-05 3.663e-06 1.961e-02
10.876782 2.031e+00 5.713e-01 -1.372e-04 3.922e-06 3.922e-06 3.922e-03 -5.882e-05 3.663e-06 1.961e-02
10.886783 2.271e+00 6.006e-01 -2.306e-04 3.922e-06 3.922e-06 3.922e-03 -5.882e-05 3.663e-06 1.961e-02
10.896782 2.476e+00 6.348e-01 -3.327e-04 3.922e-06 3.922e-06 3.922e-03 -5.882e-05 3.663e-06 1.961e-02
10.906783 2.681e+00 6.543e-01 -4.320e-04 3.922e-06 3.922e-06 3.922e-03 -5.882e-05 3.663e-06 1.961e-02
10.916781 2.861e+00 6.885e-01 -5.341e-04 3.922e-06 3.922e-06 3.922e-03 -5.882e-05 3.663e-06 1.961e-02
10.926782 3.047e+00 7.129e-01 -6.508e-04 3.922e-06 3.922e-06 3.922e-03 -5.882e-05 3.663e-06 1.961e-02
10.936782 3.237e+00 7.324e-01 -7.559e-04 3.922e-06 3.922e-06 3.922e-03 -5.882e-05 3.663e-06 1.961e-02
10.946782 3.403e+00 7.422e-01 -8.727e-04 3.922e-06 3.922e-06 3.922e-03 -5.882e-05 3.663e-06 1.961e-02
10.956783 3.550e+00 7.520e-01 -9.923e-04 3.922e-06 3.922e-06 3.922e-03 -5.882e-05 3.663e-06 1.961e-02
10.966784 3.701e+00 7.617e-01 -1.100e-03 3.922e-06 3.922e-06 3.922e-03 -5.882e-05 3.663e-06 1.961e-02
10.976783 3.813e+00 7.764e-01 -1.243e-03 3.922e-06 3.922e-06 3.922e-03 -5.882e-05 3.663e-06 1.961e-02
10.986783 3.955e+00 8.008e-01 -1.378e-03 3.922e-06 3.922e-06 3.922e-03 -5.882e-05 3.663e-06 1.961e-02
10.996783 4.072e+00 7.812e-01 -1.488e-03 3.922e-06 3.922e-06 3.922e-03 -5.882e-05 3.663e-06 1.961e-02
11.006783 4.170e+00 7.666e-01 -1.611e-03 3.922e-06 3.922e-06 3.922e-03 -5.882e-05 3.663e-06 1.961e-02
11.016782 4.272e+00 7.617e-01 -1.737e-03 3.922e-06 3.922e-06 3.922e-03 -5.882e-05 3.663e-06 1.961e-02
11.026782 4.346e+00 7.324e-01 -1.842e-03 3.922e-06 3.922e-06 3.922e-03 -5.882e-05 3.663e-06 1.961e-02
11.036782 4.414e+00 7.178e-01 -1.955e-03 3.922e-06 3.922e-06 3.922e-03 -5.882e-05 3.663e-06 1.961e-02
11.046783 4.478e+00 6.934e-01 -2.061e-03 3.922e-06 3.922e-06 3.922e-03 -5.882e-05 3.663e-06 1.961e-02
11.056782 4.526e+00 6.445e-01 -2.154e-03 3.922e-06 3.922e-06 3.922e-03 -5.882e-05 3.663e-06 1.961e-02
11.066781 4.546e+00 6.348e-01 -2.265e-03 3.922e-06 3.922e-06 3.922e-03 -5.882e-05 3.663e-06 1.961e-02
11.076782 4.570e+00 5.762e-01 -2.349e-03 3.922e-06 3.922e-06 3.922e-03 -5.882e-05 3.663e-06 1.961e-02
11.086782 4.604e+00 5.469e-01 -2.440e-03 3.922e-06 3.922e-06 3.922e-03 -5.882e-05 3.663e-06 1.961e-02
11.096783 4.609e+00 4.980e-01 -2.513e-03 3.922e-06 3.922e-06 3.922e-03 -5.882e-05 3.663e-06 1.961e-02
11.106783 4.604e+00 4.297e-01 -2.568e-03 3.922e-06 3.922e-06 3.922e-03 -5.882e-05 3.663e-06 1.961e-02
11.116783 4.575e+00 3.857e-01 -2.633e-03 3.922e-06 3.922e-06 3.922e-03 -5.882e-05 3.663e-06 1.961e-02
11.126782 4.531e+00 3.271e-01 -2.682e-03 3.922e-06 3.922e-06 3.922e-03 -5.882e-05 3.663e-06 1.961e-02
11.136782 4.497e+00 2.686e-01 -2.714e-03 3.922e-06 3.922e-06 3.922e-03 -5.882e-05 3.663e-06 1.961e-02
11.146782 4.443e+00 2.197e-01 -2.752e-03 3.922e-06 3.922e-06 3.922e-03 -5.882e-05 3.663e-06 1.961e-02
11.156782 4.370e+00 1.514e-01 -2.773e-03 3.922e-06 3.922e-06 3.922e-03 -5.882e-05 3.663e-06 1.961e-02
11.166782 4.307e+00 8.789e-02 -2.779e-03 3.922e-06 3.922e-06 3.922e-03 -5.882e-05 3.663e-06 1.961e-02
11.176782 4.209e+00 1.465e-02 -2.779e-03 3.922e-06 3.922e-06 3.922e-03 -5.882e-05 3.663e-06 1.961e-02
11.186782 4.136e+00 -3.906e-02 -2.770e-03 3.922e-06 3.922e-06 3.922e-03 -5.882e-05 3.663e-06 1.961e-02
11.196782 4.033e+00 -1.025e-01 -2.749e-03 3.922e-06 3.922e-06 3.922e-03 -5.882e-05 3.663e-06 1.961e-02
11.206781 3.921e+00 -1.855e-01 -2.700e-03 3.922e-06 3.922e-06 3.922e-03 -5.882e-05 3.663e-06 1.961e-02
11.216783 3.818e+00 -2.490e-01 -2.650e-03 3.922e-06 3.922e-06 3.922e-03 -5.882e-05 3.663e-06 1.961e-02
11.226781 3.687e+00 -3.027e-01 -2.612e-03 3.922e-06 3.922e-06 3.922e-03 -5.882e-05 3.663e-06 1.961e-02
11.236782 3.574e+00 -3.516e-01 -2.560e-03 3.922e-06 3.922e-06 3.922e-03 -5.882e-05 3.663e-06 1.961e-02
11.246781 3.433e+00 -4.053e-01 -2.481e-03 3.922e-06 3.922e-06 3.922e-03 -5.882e-05 3.663e-06 1.961e-02
11.256782 3.301e+00 -4.590e-01 -2.405e-03 3.922e-06 3.922e-06 3.922e-03 -5.882e-05 3.663e-06 1.961e-02
11.266781 3.188e+00 -5.029e-01 -2.326e-03 3.922e-06 3.922e-06 3.922e-03 -5.882e-05 3.663e-06 1.961e-02
11.276784 3.042e+00 -5.615e-01 -2.221e-03 3.922e-06 3.922e-06 3.922e-03 -5.882e-05 3.663e-06 1.961e-02
11.286782 2.920e+00 -5.908e-01 -2.125e-03 3.922e-06 3.922e-06 3.922e-03 -5.882e-05 3.663e-06 1.961e-02
11.296782 2.793e+00 -6.348e-01 -2.011e-03 3.922e-06 3.922e-06 3.922e-03 -5.882e-05 3.663e-06 1.961e-02
11.306782 2.661e+00 -6.738e-01 -1.897e-03 3.922e-06 3.922e-06 3.922e-03 -5.882e-05 3.663e-06 1.961e-02
11.316783 2.544e+00 -6.885e-01 -1.792e-03 3.922e-06 3.922e-06 3.922e-03 -5.882e-05 3.663e-06 1.961e-02
11.326783 2.412e+00 -7.275e-01 -1.658e-03 3.922e-06 3.922e-06 3.922e-03 -5.882e-05 3.663e-06 1.961e-02
11.336782 2.300e+00 -7.324e-01 -1.535e-03 3.922e-06 3.922e-06 3.922e-03 -5.882e-05 3.663e-06 1.961e-02
11.346783 2.188e+00 -7.471e-01 -1.410e-03 3.922e-06 3.922e-06 3.922e-03 -5.882e-05 3.663e-06 1.961e-02
11.356782 2.075e+00 -7.568e-01 -1.284e-03 3.922e-06 3.922e-06 3.922e-03 -5.882e-05 3.663e-06 1.961e-02
11.366782 1.997e+00 -7.422e-01 -1.165e-03 3.922e-06 3.922e-06 3.922e-03 -5.882e-05 3.663e-06 1.961e-02
11.376782 1.895e+00 -7.520e-01 -1.036e-03 3.922e-06 3.922e-06 3.922e-03 -5.882e-05 3.663e-06 1.961e-02
11.386782 1.831e+00 -7.373e-01 -9.077e-04 3.922e-06 3.922e-06 3.922e-03 -5.882e-05 3.663e-06 1.961e-02
11.396782 1.753e+00 -7.178e-01 -7.822e-04 3.922e-06 3.922e-06 3.922e-03 -5.882e-05 3.663e-06 1.961e-02
11.406783 1.665e+00 -7.031e-01 -6.654e-04 3.922e-06 3.922e-06 3.922e-03 -5.882e-05 3.663e-06 1.961e-02
11.416782 1.602e+00 -6.787e-01 -5.399e-04 3.922e-06 3.922e-06 3.922e-03 -5.882e-05 3.663e-06 1.961e-02
11.426782 1.504e+00 -6.543e-01 -4.290e-04 3.922e-06 3.922e-06 3.922e-03 -5.882e-05 3.663e-06 1.961e-02
11.436783 1.436e+00 -6.055e-01 -3.386e-04 3.922e-06 3.922e-06 3.922e-03 -5.882e-05 3.663e-06 1.961e-02
11.446782 1.362e+00 -5.762e-01 -2.364e-04 3.922e-06 3.922e-06 3.922e-03 -5.882e-05 3.663e-06 1.961e-02
11.456781 1.299e+00 -5.225e-01 -1.518e-04 3.922e-06 3.922e-06 3.922e-03 -5.882e-05 3.663e-06 1.961e-02
11.466783 1.240e+00 -4.785e-01 -6.713e-05 3.922e-06 3.922e-06 3.922e-03 -5.882e-05 3.663e-06 1.961e-02
11.476781 1.201e+00 -4.443e-01 1.167e-05 3.922e-06 3.922e-06 3.922e-03 -5.882e-05 3.663e-06 1.961e-02
11.486783 1.162e+00 -3.906e-01 8.464e-05 3.922e-06 3.922e-06 3.922e-03 -5.882e-05 3.663e-06 1.961e-02
11.496782 1.138e+00 -3.418e-01 1.430e-04 3.922e-06 3.922e-06 3.922e-03 -5.882e-05 3.663e-06 1.961e-02
11.506782 1.118e+00 -2.930e-01 1.955e-04 3.922e-06 3.922e-06 3.922e-03 -5.882e-05 3.663e-06 1.961e-02
11.516782 1.118e+00 -2.441e-01 2.422e-04 3.922e-06 3.922e-06 3.922e-03 -5.882e-05 3.663e-06 1.961e-02
11.526782 1.104e+00 -1.953e-01 2.802e-04 3.922e-06 3.922e-06 3.922e-03 -5.882e-05 3.663e-06 1.961e-02
11.536783 1.138e+00 -1.318e-01 2.948e-04 3.922e-06 3.922e-06 3.922e-03 -5.882e-05 3.663e-06 1.961e-02
11.546782 1.182e+00 -7.812e-02 3.181e-04 3.922e-06 3.922e-06 3.922e-03 -5.882e-05 3.663e-06 1.961e-02
11.556782 1.230e+00 -1.465e-02 3.181e-04 3.922e-06 3.922e-06 3.922e-03 -5.882e-05 3.663e-06 1.961e-02
11.566782 1.304e+00 5.371e-02 3.035e-04 3.922e-06 3.922e-06 3.922e-03 -5.882e-05 3.663e-06 1.961e-02
11.576782 1.401e+00 8.789e-02 3.152e-04 3.922e-06 3.922e-06 3.922e-03 -5.882e-05 3.663e-06 1.961e-02
11.586782 1.523e+00 1.611e-01 2.831e-04 3.922e-06 3.922e-06 3.922e-03 -5.882e-05 3.663e-06 1.961e-02
11.596783 1.655e+00 2.100e-01 2.598e-04 3.922e-06 3.922e-06 3.922e-03 -5.882e-05 3.663e-06 1.961e-02
11.606782 1.812e+00 2.588e-01 2.247e-04 3.922e-06 3.922e-06 3.922e-03 -5.882e-05 3.663e-06 1.961e-02
11.616782 1.978e+00 3.223e-01 1.810e-04 3.922e-06 3.922e-06 3.922e-03 -5.882e-05 3.663e-06 1.961e-02
11.626782 2.153e+00 3.662e-01 1.226e-04 3.922e-06 3.922e-06 3.922e-03 -5.882e-05 3.663e-06 1.961e-02
11.636782 2.329e+00 4.443e-01 4.670e-05 3.922e-06 3.922e-06 3.922e-03 -5.882e-05 3.663e-06 1.961e-02
11.646784 2.495e+00 4.980e-01 -3.210e-05 3.922e-06 3.922e-06 3.922e-03 -5.882e-05 3.663e-06 1.961e-02
11.656783 2.686e+00 5.420e-01 -1.138e-04 3.922e-06 3.922e-06 3.922e-03 -5.882e-05 3.663e-06 1.961e-02
11.666781 2.842e+00 6.152e-01 -2.218e-04 3.922e-06 3.922e-06 3.922e-03 -5.882e-05 3.663e-06 1.961e-02
11.676783 3.013e+00 6.445e-01 -3.123e-04 3.922e-06 3.922e-06 3.922e-03 -5.882e-05 3.663e-06 1.961e-02
11.686782 3.179e+00 6.885e-01 -4.144e-04 3.922e-06 3.922e-06 3.922e-03 -5.882e-05 3.663e-06 1.961e-02
11.696781 3.350e+00 7.373e-01 -5.341e-04 3.922e-06 3.922e-06 3.922e-03 -5.882e-05 3.663e-06 1.961e-02
11.706781 3.501e+00 7.617e-01 -6.479e-04 3.922e-06 3.922e-06 3.922e-03 -5.882e-05 3.663e-06 1.961e-02
11.716782 3.667e+00 7.959e-01 -7.676e-04 3.922e-06 3.922e-06 3.922e-03 -5.882e-05 3.663e-06 1.961e-02
11.726782 3.799e+00 8.252e-01 -9.048e-04 3.922e-06 3.922e-06 3.922e-03 -5.882e-05 3.663e-06 1.961e-02
11.736784 3.945e+00 8.447e-01 -1.036e-03 3.922e-06 3.922e-06 3.922e-03 -5.882e-05 3.663e-06 1.961e-02
11.746783 4.072e+00 8.594e-01 -1.176e-03 3.922e-06 3.922e-06 3.922e-03 -5.882e-05 3.663e-06 1.961e-02
11.756782 4.209e+00 8.643e-01 -1.310e-03 3.922e-06 3.922e-06 3.922e-03 -5.882e-05 3.663e-06 1.961e-02
11.766783 4.331e+00 8.789e-01 -1.451e-03 3.922e-06 3.922e-06 3.922e-03 -5.882e-05 3.663e-06 1.961e-02
11.776782 4.429e+00 8.740e-01 -1.594e-03 3.922e-06 3.922e-06 3.922e-03 -5.882e-05 3.663e-06 1.961e-02
11.786782 4.536e+00 8.594e-01 -1.716e-03 3.922e-06 3.922e-06 3.922e-03 -5.882e-05 3.663e-06 1.961e-02
11.796782 4.614e+00 8.496e-01 -1.853e-03 3.922e-06 3.922e-06 3.922e-03 -5.882e-05 3.663e-06 1.961e-02
11.806783 4.683e+00 8.252e-01 -1.979e-03 3.922e-06 3.922e-06 3.922e-03 -5.882e-05 3.663e-06 1.961e-02
11.816783 4.761e+00 8.057e-01 -2.104e-03 3.922e-06 3.922e-06 3.922e-03 -5.882e-05 3.663e-06 1.961e-02
11.826782 4.805e+00 7.812e-01 -2.241e-03 3.922e-06 3.922e-06 3.922e-03 -5.882e-05 3.663e-06 1.961e-02
11.836782 4.858e+00 7.324e-01 -2.347e-03 3.922e-06 3.922e-06 3.922e-03 -5.882e-05 3.663e-06 1.961e-02
11.846783 4.883e+00 7.031e-01 -2.463e-03 3.922e-06 3.922e-06 3.922e-03 -5.882e-05 3.663e-06 1.961e-02
11.856783 4.902e+00 6.543e-01 -2.563e-03 3.922e-06 3.922e-06 3.922e-03 -5.882e-05 3.663e-06 1.961e-02
11.866782 4.922e+00 6.055e-01 -2.653e-03 3.922e-06 3.922e-06 3.922e-03 -5.882e-05 3.663e-06 1.961e-02
11.876782 4.902e+00 5.322e-01 -2.726e-03 3.922e-06 3.922e-06 3.922e-03 -5.882e-05 3.663e-06 1.961e-02
11.886783 4.883e+00 4.883e-01 -2.811e-03 3.922e-06 3.922e-06 3.922e-03 -5.882e-05 3.663e-06 1.961e-02
11.896782 4.834e+00 4.199e-01 -2.878e-03 3.922e-06 3.922e-06 3.922e-03 -5.882e-05 3.663e-06 1.961e-02
11.906782 4.780e+00 3.564e-01 -2.924e-03 3.922e-06 3.922e-06 3.922e-03 -5.882e-05 3.663e-06 1.961e-02
11.916781 4.727e+00 3.027e-01 -2.980e-03 3.922e-06 3.922e-06 3.922e-03 -5.882e-05 3.663e-06 1.961e-02
11.926783 4.663e+00 2.148e-01 -3.000e-03 3.922e-06 3.922e-06 3.922e-03 -5.882e-05 3.663e-06 1.961e-02
11.936782 4.585e+00 1.514e-01 -3.021e-03 3.922e-06 3.922e-06 3.922e-03 -5.882e-05 3.663e-06 1.961e-02
11.946782 4.497e+00 6.836e-02 -3.024e-03 3.922e-06 3.922e-06 3.922e-03 -5.882e-05 3.663e-06 1.961e-02
11.956782 4.385e+00 -1.465e-02 -3.015e-03 3.922e-06 3.922e-06 3.922e-03 -5.882e-05 3.663e-06 1.961e-02
11.966783 4.268e+00 -7.324e-02 -3.003e-03 3.922e-06 3.922e-06 3.922e-03 -5.882e-05 3.663e-06 1.961e-02
11.976783 4.150e+00 -1.611e-01 -2.965e-03 3.922e-06 3.922e-06 3.922e-03 -5.882e-05 3.663e-06 1.961e-02
11.986782 4.033e+00 -2.295e-01 -2.924e-03 3.922e-06 3.922e-06 3.922e-03 -5.882e-05 3.663e-06 1.961e-02
11.996781 3.892e+00 -2.930e-01 -2.884e-03 3.922e-06 3.922e-06 3.922e-03 -5.882e-05 3.663e-06 1.961e-02
12.006783 3.740e+00 -3.662e-01 -2.816e-03 3.922e-06 3.922e-06 3.922e-03 -5.882e-05 3.663e-06 1.961e-02
12.016783 3.599e+00 -4.199e-01 -2.746e-03 3.922e-06 3.922e-06 3.922e-03 -5.882e-05 3.663e-06 1.961e-02
12.026782 3.447e+00 -4.980e-01 -2.650e-03 3.922e-06 3.922e-06 3.922e-03 -5.882e-05 3.663e-06 1.961e-02
12.036782 3.311e+00 -5.518e-01 -2.563e-03 3.922e-06 3.922e-06 3.922e-03 -5.882e-05 3.663e-06 1.961e-02
12.046782 3.154e+00 -6.152e-01 -2.455e-03 3.922e-06 3.922e-06 3.922e-03 -5.882e-05 3.663e-06 1.961e-02
12.056782 2.993e+00 -6.689e-01 -2.341e-03 3.922e-06 3.922e-06 3.922e-03 -5.882e-05 3.663e-06 1.961e-02
12.066782 2.837e+00 -7.080e-01 -2.218e-03 3.922e-06 3.922e-06 3.922e-03 -5.882e-05 3.663e-06 1.961e-02
12.076782 2.676e+00 -7.617e-01 -2.087e-03 3.922e-06 3.922e-06 3.922e-03 -5.882e-05 3.663e-06 1.961e-02
12.086782 2.544e+00 -7.910e-01 -1.955e-03 3.922e-06 3.922e-06 3.922e-03 -5.882e-05 3.663e-06 1.961e-02
12.096783 2.397e+00 -8.252e-01 -1.818e-03 3.922e-06 3.922e-06 3.922e-03 -5.882e-05 3.663e-06 1.961e-02
12.106782 2.246e+00 -8.496e-01 -1.681e-03 3.922e-06 3.922e-06 3.922e-03 -5.882e-05 3.663e-06 1.961e-02
12.116782 2.134e+00 -8.691e-01 -1.529e-03 3.922e-06 3.922e-06 3.922e-03 -5.882e-05 3.663e-06 1.961e-02
12.126781 1.992e+00 -8.740e-01 -1.395e-03 3.922e-06 3.922e-06 3.922e-03 -5.882e-05 3.663e-06 1.961e-02
12.136782 1.875e+00 -8.838e-01 -1.237e-03 3.922e-06 3.922e-06 3.922e-03 -5.882e-05 3.663e-06 1.961e-02
12.146781 1.763e+00 -8.789e-01 -1.092e-03 3.922e-06 3.922e-06 3.922e-03 -5.882e-05 3.663e-06 1.961e-02
12.156783 1.631e+00 -8.789e-01 -9.398e-04 3.922e-06 3.922e-06 3.922e-03 -5.882e-05 3.663e-06 1.961e-02
12.166782 1.519e+00 -8.545e-01 -7.997e-04 3.922e-06 3.922e-06 3.922e-03 -5.882e-05 3.663e-06 1.961e-02
12.176783 1.372e+00 -8.545e-01 -6.479e-04 3.922e-06 3.922e-06 3.922e-03 -5.882e-05 3.663e-06 1.961e-02
12.186783 1.245e+00 -8.154e-01 -5.166e-04 3.922e-06 3.922e-06 3.922e-03 -5.882e-05 3.663e-06 1.961e-02
12.196782 1.099e+00 -7.959e-01 -3.765e-04 3.922e-06 3.922e-06 3.922e-03 -5.882e-05 3.663e-06 1.961e-02
12.206781 9.668e-01 -7.666e-01 -2.510e-04 3.922e-06 3.922e-06 3.922e-03 -5.882e-05 3.663e-06 1.961e-02
12.216782 8.301e-01 -7.324e-01 -1.226e-04 3.922e-06 3.922e-06 3.922e-03 -5.882e-05 3.663e-06 1.961e-02
12.226783 6.787e-01 -6.934e-01 -1.459e-05 3.922e-06 3.922e-06 3.922e-03 -5.882e-05 3.663e-06 1.961e-02
12.236782 5.420e-01 -6.543e-01 1.080e-04 3.922e-06 3.922e-06 3.922e-03 -5.882e-05 3.663e-06 1.961e-02
12.246782 4.102e-01 -6.250e-01 2.160e-04 3.922e-06 3.922e-06 3.922e-03 -5.882e-05 3.663e-06 1.961e-02
12.256783 2.734e-01 -5.811e-01 3.123e-04 3.922e-06 3.922e-06 3.922e-03 -5.882e-05 3.663e-06 1.961e-02
12.266783 1.416e-01 -5.078e-01 3.853e-04 3.922e-06 3.922e-06 3.922e-03 -5.882e-05 3.663e-06 1.961e-02
12.276782 4.883e-03 -4.785e-01 4.728e-04 3.922e-06 3.922e-06 3.922e-03 -5.882e-05 3.663e-06 1.961e-02
12.286781 -1.025e-01 -4.248e-01 5.399e-04 3.922e-06 3.922e-06 3.922e-03 -5.882e-05 3.663e-06 1.961e-02
12.296782 -2.197e-01 -3.809e-01 6.100e-04 3.922e-06 3.922e-06 3.922e-03 -5.882e-05 3.663e-06 1.961e-02
12.306783 -3.369e-01 -3.467e-01 6.713e-04 3.922e-06 3.922e-06 3.922e-03 -5.882e-05 3.663e-06 1.961e-02
12.316783 -4.297e-01 -2.930e-01 7.296e-04 3.922e-06 3.922e-06 3.922e-03 -5.882e-05 3.663e-06 1.961e-02
12.326782 -5.469e-01 -2.539e-01 7.588e-04 3.922e-06 3.922e-06 3.922e-03 -5.882e-05 3.663e-06 1.961e-02
12.336783 -6.543e-01 -2.100e-01 7.968e-04 3.922e-06 3.922e-06 3.922e-03 -5.882e-05 3.663e-06 1.961e-02
12.346783 -7.568e-01 -1.709e-01 8.347e-04 3.922e-06 3.922e-06 3.922e-03 -5.882e-05 3.663e-06 1.961e-02
12.356782 -8.545e-01 -1.318e-01 8.551e-04 3.922e-06 3.922e-06 3.922e-03 -5.882e-05 3.663e-06 1.961e-02
12.366782 -9.277e-01 -1.025e-01 8.902e-04 3.922e-06 3.922e-06 3.922e-03 -5.882e-05 3.663e-06 1.961e-02
12.376782 -1.035e+00 -6.348e-02 8.843e-04 3.922e-06 3.922e-06 3.922e-03 -5.882e-05 3.663e-06 1.961e-02
12.386783 -1.108e+00 -2.930e-02 8.989e-04 3.922e-06 3.922e-06 3.922e-03 -5.882e-05 3.663e-06 1.961e-02
12.396782 -1.211e+00 -1.465e-02 9.077e-04 3.922e-06 3.922e-06 3.922e-03 -5.882e-05 3.663e-06 1.961e-02
12.406782 -1.289e+00 9.766e-03 9.048e-04 3.922e-06 3.922e-06 3.922e-03 -5.882e-05 3.663e-06 1.961e-02
12.416782 -1.367e+00 4.395e-02 8.989e-04 3.922e-06 3.922e-06 3.922e-03 -5.882e-05 3.663e-06 1.961e-02
12.426783 -1.455e+00 5.371e-02 8.960e-04 3.922e-06 3.922e-06 3.922e-03 -5.882e-05 3.663e-06 1.961e-02
12.436783 -1.538e+00 8.301e-02 8.756e-04 3.922e-06 3.922e-06 3.922e-03 -5.882e-05 3.663e-06 1.961e-02
12.446782 -1.631e+00 6.836e-02 8.756e-04 3.922e-06 3.922e-06 3.922e-03 -5.882e-05 3.663e-06 1.961e-02
12.456781 -1.704e+00 8.789e-02 8.522e-04 3.922e-06 3.922e-06 3.922e-03 -5.882e-05 3.663e-06 1.961e-02
12.466783 -1.787e+00 1.074e-01 8.376e-04 3.922e-06 3.922e-06 3.922e-03 -5.882e-05 3.663e-06 1.961e-02
12.476784 -1.841e+00 8.789e-02 8.318e-04 3.922e-06 3.922e-06 3.922e-03 -5.882e-05 3.663e-06 1.961e-02
12.486782 -1.909e+00 1.025e-01 8.143e-04 3.922e-06 3.922e-06 3.922e-03 -5.882e-05 3.663e-06 1.961e-02
12.496782 -1.968e+00 8.301e-02 8.085e-04 3.922e-06 3.922e-06 3.922e-03 -5.882e-05 3.663e-06 1.961e-02
12.506782 -2.041e+00 7.812e-02 7.939e-04 3.922e-06 3.922e-06 3.922e-03 -5.882e-05 3.663e-06 1.961e-02
12.516783 -2.075e+00 7.324e-02 7.880e-04 3.922e-06 3.922e-06 3.922e-03 -5.882e-05 3.663e-06 1.961e-02
12.526782 -2.129e+00 6.348e-02 7.705e-04 3.922e-06 3.922e-06 3.922e-03 -5.882e-05 3.663e-06 1.961e-02
12.536782 -2.183e+00 6.836e-02 7.559e-04 3.922e-06 3.922e-06 3.922e-03 -5.882e-05 3.663e-06 1.961e-02
12.546782 -2.236e+00 5.859e-02 7.442e-04 3.922e-06 3.922e-06 3.922e-03 -5.882e-05 3.663e-06 1.961e-02
12.556783 -2.295e+00 3.418e-02 7.413e-04 3.922e-06 3.922e-06 3.922e-03 -5.882e-05 3.663e-06 1.961e-02
12.566782 -2.334e+00 1.465e-02 7.588e-04 3.922e-06 3.922e-06 3.922e-03 -5.882e-05 3.663e-06 1.961e-02
12.576781 -2.388e+00 4.883e-03 7.472e-04 3.922e-06 3.922e-06 3.922e-03 -5.882e-05 3.663e-06 1.961e-02
12.586782 -2.427e+00 -9.766e-03 7.530e-04 3.922e-06 3.922e-06 3.922e-03 -5.882e-05 3.663e-06 1.961e-02
12.596783 -2.480e+00 -3.418e-02 7.676e-04 3.922e-06 3.922e-06 3.922e-03 -5.882e-05 3.663e-06 1.961e-02
12.606782 -2.534e+00 -6.348e-02 7.822e-04 3.922e-06 3.922e-06 3.922e-03 -5.882e-05 3.663e-06 1.961e-02
12.616783 -2.578e+00 -6.348e-02 7.822e-04 3.922e-06 3.922e-06 3.922e-03 -5.882e-05 3.663e-06 1.961e-02
12.626783 -2.632e+00 -9.766e-02 8.143e-04 3.922e-06 3.922e-06 3.922e-03 -5.882e-05 3.663e-06 1.961e-02
12.636783 -2.686e+00 -9.766e-02 8.143e-04 3.922e-06 3.922e-06 3.922e-03 -5.882e-05 3.663e-06 1.961e-02
12.646783 -2.729e+00 -1.123e-01 8.376e-04 3.922e-06 3.922e-06 3.922e-03 -5.882e-05 3.663e-06 1.961e-02
12.656783 -2.788e+00 -1.367e-01 8.639e-04 3.922e-06 3.922e-06 3.922e-03 -5.882e-05 3.663e-06 1.961e-02
12.666783 -2.822e+00 -1.416e-01 8.873e-04 3.922e-06 3.922e-06 3.922e-03 -5.882e-05 3.663e-06 1.961e-02
12.676783 -2.891e+00 -1.758e-01 9.310e-04 3.922e-06 3.922e-06 3.922e-03 -5.882e-05 3.663e-06 1.961e-02
12.686784 -2.925e+00 -1.807e-01 9.602e-04 3.922e-06 3.922e-06 3.922e-03 -5.882e-05 3.663e-06 1.961e-02
12.696782 -2.979e+00 -1.807e-01 9.894e-04 3.922e-06 3.922e-06 3.922e-03 -5.882e-05 3.663e-06 1.961e-02
12.706782 -3.032e+00 -1.953e-01 1.024e-03 3.922e-06 3.922e-06 3.922e-03 -5.882e-05 3.663e-06 1.961e-02
12.716783 -3.066e+00 -2.148e-01 1.062e-03 3.922e-06 3.922e-06 3.922e-03 -5.882e-05 3.663e-06 1.961e-02
12.726783 -3.125e+00 -2.295e-01 1.103e-03 3.922e-06 3.922e-06 3.922e-03 -5.882e-05 3.663e-06 1.961e-02
12.736782 -3.149e+00 -2.246e-01 1.135e-03 3.922e-06 3.922e-06 3.922e-03 -5.882e-05 3.663e-06 1.961e-02
12.746783 -3.198e+00 -2.295e-01 1.176e-03 3.922e-06 3.922e-06 3.922e-03 -5.882e-05 3.663e-06 1.961e-02
12.756783 -3.237e+00 -2.393e-01 1.223e-03 3.922e-06 3.922e-06 3.922e-03 -5.882e-05 3.663e-06 1.961e-02
12.766782 -3.281e+00 -2.344e-01 1.261e-03 3.922e-06 3.922e-06 3.922e-03 -5.882e-05 3.663e-06 1.961e-02
12.776782 -3.325e+00 -2.441e-01 1.310e-03 3.922e-06 3.922e-06 3.922e-03 -5.882e-05 3.663e-06 1.961e-02
12.786781 -3.335e+00 -2.393e-01 1.345e-03 3.922e-06 3.922e-06 3.922e-03 -5.882e-05 3.663e-06 1.961e-02
12.796782 -3.369e+00 -2.295e-01 1.383e-03 3.922e-06 3.922e-06 3.922e-03 -5.882e-05 3.663e-06 1.961e-02
12.806783 -3.394e+00 -2.197e-01 1.418e-03 3.922e-06 3.922e-06 3.922e-03 -5.882e-05 3.663e-06 1.961e-02
12.816783 -3.408e+00 -2.100e-01 1.459e-03 3.922e-06 3.922e-06 3.922e-03 -5.882e-05 3.663e-06 1.961e-02
12.826782 -3.438e+00 -2.197e-01 1.500e-03 3.922e-06 3.922e-06 3.922e-03 -5.882e-05 3.663e-06 1.961e-02
12.836782 -3.442e+00 -2.002e-01 1.532e-03 3.922e-06 3.922e-06 3.922e-03 -5.882e-05 3.663e-06 1.961e-02
12.846783 -3.452e+00 -1.904e-01 1.567e-03 3.922e-06 3.922e-06 3.922e-03 -5.882e-05 3.663e-06 1.961e-02
12.856781 -3.457e+00 -1.807e-01 1.605e-03 3.922e-06 3.922e-06 3.922e-03 -5.882e-05 3.663e-06 1.961e-02
12.866782 -3.447e+00 -1.562e-01 1.629e-03 3.922e-06 3.922e-06 3.922e-03 -5.882e-05 3.663e-06 1.961e-02
12.876782 -3.462e+00 -1.514e-01 1.655e-03 3.922e-06 3.922e-06 3.922e-03 -5.882e-05 3.663e-06 1.961e-02
12.886782 -3.462e+00 -1.221e-01 1.675e-03 3.922e-06 3.922e-06 3.922e-03 -5.882e-05 3.663e-06 1.961e-02
12.896782 -3.447e+00 -1.025e-01 1.693e-03 3.922e-06 3.922e-06 3.922e-03 -5.882e-05 3.663e-06 1.961e-02
12.906782 -3.438e+00 -8.301e-02 1.710e-03 3.922e-06 3.922e-06 3.922e-03 -5.882e-05 3.663e-06 1.961e-02
12.916781 -3.408e+00 -6.348e-02 1.728e-03 3.922e-06 3.922e-06 3.922e-03 -5.882e-05 3.663e-06 1.961e-02
12.926783 -3.398e+00 -4.395e-02 1.728e-03 3.922e-06 3.922e-06 3.922e-03 -5.882e-05 3.663e-06 1.961e-02
12.936781 -3.364e+00 -2.441e-02 1.745e-03 3.922e-06 3.922e-06 3.922e-03 -5.882e-05 3.663e-06 1.961e-02
12.946782 -3.340e+00 -4.883e-03 1.751e-03 3.922e-06 3.922e-06 3.922e-03 -5.882e-05 3.663e-06 1.961e-02
12.956782 -3.320e+00 1.465e-02 1.751e-03 3.922e-06 3.922e-06 3.922e-03 -5.882e-05 3.663e-06 1.961e-02
12.966782 -3.267e+00 2.930e-02 1.760e-03 3.922e-06 3.922e-06 3.922e-03 -5.882e-05 3.663e-06 1.961e-02
12.976784 -3.247e+00 5.371e-02 1.742e-03 3.922e-06 3.922e-06 3.922e-03 -5.882e-05 3.663e-06 1.961e-02
12.986781 -3.218e+00 8.789e-02 1.725e-03 3.922e-06 3.922e-06 3.922e-03 -5.882e-05 3.663e-06 1.961e-02
12.996783 -3.174e+00 1.172e-01 1.704e-03 3.922e-06 3.922e-06 3.922e-03 -5.882e-05 3.663e-06 1.961e-02
13.006783 -3.145e+00 1.416e-01 1.681e-03 3.922e-06 3.922e-06 3.922e-03 -5.882e-05 3.663e-06 1.961e-02
13.016782 -3.081e+00 1.562e-01 1.664e-03 3.922e-06 3.922e-06 3.922e-03 -5.882e-05 3.663e-06 1.961e-02
13.026782 -3.042e+00 1.611e-01 1.649e-03 3.922e-06 3.922e-06 3.922e-03 -5.882e-05 3.663e-06 1.961e-02
13.036782 -2.993e+00 1.953e-01 1.611e-03 3.922e-06 3.922e-06 3.922e-03 -5.882e-05 3.663e-06 1.961e-02
13.046782 -2.949e+00 2.002e-01 1.594e-03 3.922e-06 3.922e-06 3.922e-03 -5.882e-05 3.663e-06 1.961e-02
13.056783 -2.910e+00 2.197e-01 1.556e-03 3.922e-06 3.922e-06 3.922e-03 -5.882e-05 3.663e-06 1.961e-02
13.066783 -2.856e+00 2.441e-01 1.521e-03 3.922e-06 3.922e-06 3.922e-03 -5.882e-05 3.663e-06 1.961e-02
13.076783 -2.827e+00 2.490e-01 1.477e-03 3.922e-06 3.922e-06 3.922e-03 -5.882e-05 3.663e-06 1.961e-02
13.086783 -2.773e+00 2.637e-01 1.439e-03 3.922e-06 3.922e-06 3.922e-03 -5.882e-05 3.663e-06 1.961e-02
13.096783 -2.729e+00 2.881e-01 1.389e-03 3.922e-06 3.922e-06 3.922e-03 -5.882e-05 3.663e-06 1.961e-02
13.106783 -2.690e+00 2.783e-01 1.354e-03 3.922e-06 3.922e-06 3.922e-03 -5.882e-05 3.663e-06 1.961e-02
13.116783 -2.642e+00 2.979e-01 1.308e-03 3.922e-06 3.922e-06 3.922e-03 -5.882e-05 3.663e-06 1.961e-02
13.126781 -2.612e+00 3.027e-01 1.252e-03 3.922e-06 3.922e-06 3.922e-03 -5.882e-05 3.663e-06 1.961e-02
13.136783 -2.568e+00 2.881e-01 1.232e-03 3.922e-06 3.922e-06 3.922e-03 -5.882e-05 3.663e-06 1.961e-02
13.146782 -2.539e+00 2.979e-01 1.182e-03 3.922e-06 3.922e-06 3.922e-03 -5.882e-05 3.663e-06 1.961e-02
13.156782 -2.510e+00 2.930e-01 1.141e-03 3.922e-06 3.922e-06 3.922e-03 -5.882e-05 3.663e-06 1.961e-02
13.166782 -2.485e+00 2.930e-01 1.094e-03 3.922e-06 3.922e-06 3.922e-03 -5.882e-05 3.663e-06 1.961e-02
13.176783 -2.480e+00 2.783e-01 1.054e-03 3.922e-06 3.922e-06 3.922e-03 -5.882e-05 3.663e-06 1.961e-02
13.186782 -2.437e+00 2.832e-01 1.007e-03 3.922e-06 3.922e-06 3.922e-03 -5.882e-05 3.663e-06 1.961e-02
13.196782 -2.427e+00 2.734e-01 9.661e-04 3.922e-06 3.922e-06 3.922e-03 -5.882e-05 3.663e-06 1.961e-02
13.206782 -2.417e+00 2.588e-01 9.281e-04 3.922e-06 3.922e-06 3.922e-03 -5.882e-05 3.663e-06 1.961e-02
13.216783 -2.402e+00 2.490e-01 8.902e-04 3.922e-06 3.922e-06 3.922e-03 -5.882e-05 3.663e-06 1.961e-02
13.226782 -2.393e+00 2.197e-01 8.610e-04 3.922e-06 3.922e-06 3.922e-03 -5.882e-05 3.663e-06 1.961e-02
13.236782 -2.388e+00 2.051e-01 8.376e-04 3.922e-06 3.922e-06 3.922e-03 -5.882e-05 3.663e-06 1.961e-02
13.246783 -2.402e+00 1.904e-01 8.055e-04 3.922e-06 3.922e-06 3.922e-03 -5.882e-05 3.663e-06 1.961e-02
13.256783 -2.412e+00 1.758e-01 7.734e-04 3.922e-06 3.922e-06 3.922e-03 -5.882e-05 3.663e-06 1.961e-02
13.266782 -2.417e+00 1.562e-01 7.618e-04 3.922e-06 3.922e-06 3.922e-03 -5.882e-05 3.663e-06 1.961e-02
13.276782 -2.432e+00 1.172e-01 7.530e-04 3.922e-06 3.922e-06 3.922e-03 -5.882e-05 3.663e-06 1.961e-02
13.286782 -2.461e+00 1.172e-01 7.238e-04 3.922e-06 3.922e-06 3.922e-03 -5.882e-05 3.663e-06 1.961e-02
13.296782 -2.480e+00 8.789e-02 7.121e-04 3.922e-06 3.922e-06 3.922e-03 -5.882e-05 3.663e-06 1.961e-02
13.306782 -2.500e+00 5.859e-02 7.092e-04 3.922e-06 3.922e-06 3.922e-03 -5.882e-05 3.663e-06 1.961e-02
13.316783 -2.520e+00 3.418e-02 7.063e-04 3.922e-06 3.922e-06 3.922e-03 -5.882e-05 3.663e-06 1.961e-02
13.326782 -2.573e+00 4.883e-03 7.180e-04 3.922e-06 3.922e-06 3.922e-03 -5.882e-05 3.663e-06 1.961e-02
13.336782 -2.603e+00 -1.953e-02 7.238e-04 3.922e-06 3.922e-06 3.922e-03 -5.882e-05 3.663e-06 1.961e-02
13.346783 -2.646e+00 -3.906e-02 7.151e-04 3.922e-06 3.922e-06 3.922e-03 -5.882e-05 3.663e-06 1.961e-02
13.356782 -2.695e+00 -5.859e-02 7.355e-04 3.922e-06 3.922e-06 3.922e-03 -5.882e-05 3.663e-06 1.961e-02
13.366784 -2.734e+00 -7.324e-02 7.472e-04 3.922e-06 3.922e-06 3.922e-03 -5.882e-05 3.663e-06 1.961e-02
13.376783 -2.788e+00 -1.123e-01 7.822e-04 3.922e-06 3.922e-06 3.922e-03 -5.882e-05 3.663e-06 1.961e-02
13.386782 -2.822e+00 -1.221e-01 7.968e-04 3.922e-06 3.922e-06 3.922e-03 -5.882e-05 3.663e-06 1.961e-02
13.396783 -2.876e+00 -1.514e-01 8.230e-04 3.922e-06 3.922e-06 3.922e-03 -5.882e-05 3.663e-06 1.961e-02
13.406782 -2.930e+00 -1.709e-01 8.581e-04 3.922e-06 3.922e-06 3.922e-03 -5.882e-05 3.663e-06 1.961e-02
13.416782 -2.964e+00 -1.904e-01 8.989e-04 3.922e-06 3.922e-06 3.922e-03 -5.882e-05 3.663e-06 1.961e-02
13.426783 -3.008e+00 -2.148e-01 9.310e-04 3.922e-06 3.922e-06 3.922e-03 -5.882e-05 3.663e-06 1.961e-02
13.436782 -3.071e+00 -2.197e-01 9.631e-04 3.922e-06 3.922e-06 3.922e-03 -5.882e-05 3.663e-06 1.961e-02
13.446783 -3.135e+00 -2.344e-01 1.016e-03 3.922e-06 3.922e-06 3.922e-03 -5.882e-05 3.663e-06 1.961e-02
13.456781 -3.169e+00 -2.490e-01 1.054e-03 3.922e-06 3.922e-06 3.922e-03 -5.882e-05 3.663e-06 1.961e-02
13.466782 -3.218e+00 -2.539e-01 1.100e-03 3.922e-06 3.922e-06 3.922e-03 -5.882e-05 3.663e-06 1.961e-02
13.476782 -3.262e+00 -2.734e-01 1.150e-03 3.922e-06 3.922e-06 3.922e-03 -5.882e-05 3.663e-06 1.961e-02
13.486782 -3.306e+00 -2.734e-01 1.197e-03 3.922e-06 3.922e-06 3.922e-03 -5.882e-05 3.663e-06 1.961e-02
13.496781 -3.350e+00 -2.783e-01 1.243e-03 3.922e-06 3.922e-06 3.922e-03 -5.882e-05 3.663e-06 1.961e-02
13.506782 -3.398e+00 -2.832e-01 1.293e-03 3.922e-06 3.922e-06 3.922e-03 -5.882e-05 3.663e-06 1.961e-02
13.516782 -3.418e+00 -2.832e-01 1.348e-03 3.922e-06 3.922e-06 3.922e-03 -5.882e-05 3.663e-06 1.961e-02
13.526783 -3.472e+00 -2.686e-01 1.380e-03 3.922e-06 3.922e-06 3.922e-03 -5.882e-05 3.663e-06 1.961e-02
13.536781 -3.491e+00 -2.637e-01 1.430e-03 3.922e-06 3.922e-06 3.922e-03 -5.882e-05 3.663e-06 1.961e-02
13.546782 -3.521e+00 -2.588e-01 1.483e-03 3.922e-06 3.922e-06 3.922e-03 -5.882e-05 3.663e-06 1.961e-02
13.556782 -3.550e+00 -2.637e-01 1.526e-03 3.922e-06 3.922e-06 3.922e-03 -5.882e-05 3.663e-06 1.961e-02
13.566782 -3.550e+00 -2.393e-01 1.567e-03 3.922e-06 3.922e-06 3.922e-03 -5.882e-05 3.663e-06 1.961e-02
13.576782 -3.589e+00 -2.344e-01 1.608e-03 3.922e-06 3.922e-06 3.922e-03 -5.882e-05 3.663e-06 1.961e-02
13.586781 -3.564e+00 -2.197e-01 1.655e-03 3.922e-06 3.922e-06 3.922e-03 -5.882e-05 3.663e-06 1.961e-02
13.596783 -3.574e+00 -2.051e-01 1.693e-03 3.922e-06 3.922e-06 3.922e-03 -5.882e-05 3.663e-06 1.961e-02
13.606782 -3.584e+00 -1.855e-01 1.722e-03 3.922e-06 3.922e-06 3.922e-03 -5.882e-05 3.663e-06 1.961e-02
13.616783 -3.564e+00 -1.709e-01 1.763e-03 3.922e-06 3.922e-06 3.922e-03 -5.882e-05 3.663e-06 1.961e-02
13.626782 -3.574e+00 -1.465e-01 1.780e-03 3.922e-06 3.922e-06 3.922e-03 -5.882e-05 3.663e-06 1.961e-02
13.636782 -3.550e+00 -1.123e-01 1.801e-03 3.922e-06 3.922e-06 3.922e-03 -5.882e-05 3.663e-06 1.961e-02
13.646782 -3.535e+00 -1.074e-01 1.824e-03 3.922e-06 3.922e-06 3.922e-03 -5.882e-05 3.663e-06 1.961e-02
13.656782 -3.516e+00 -6.348e-02 1.827e-03 3.922e-06 3.922e-06 3.922e-03 -5.882e-05 3.663e-06 1.961e-02
13.666782 -3.491e+00 -3.906e-02 1.839e-03 3.922e-06 3.922e-06 3.922e-03 -5.882e-05 3.663e-06 1.961e-02
13.676782 -3.462e+00 -1.953e-02 1.845e-03 3.922e-06 3.922e-06 3.922e-03 -5.882e-05 3.663e-06 1.961e-02
13.686782 -3.418e+00 9.766e-03 1.853e-03 3.922e-06 3.922e-06 3.922e-03 -5.882e-05 3.663e-06 1.961e-02
13.696782 -3.389e+00 2.930e-02 1.853e-03 3.922e-06 3.922e-06 3.922e-03 -5.882e-05 3.663e-06 1.961e-02
13.706782 -3.340e+00 6.348e-02 1.842e-03 3.922e-06 3.922e-06 3.922e-03 -5.882e-05 3.663e-06 1.961e-02
13.716783 -3.296e+00 9.766e-02 1.830e-03 3.922e-06 3.922e-06 3.922e-03 -5.882e-05 3.663e-06 1.961e-02
13.726783 -3.276e+00 1.270e-01 1.798e-03 3.922e-06 3.922e-06 3.922e-03 -5.882e-05 3.663e-06 1.961e-02
13.736782 -3.208e+00 1.416e-01 1.792e-03 3.922e-06 3.922e-06 3.922e-03 -5.882e-05 3.663e-06 1.961e-02
13.746781 -3.149e+00 1.709e-01 1.769e-03 3.922e-06 3.922e-06 3.922e-03 -5.882e-05 3.663e-06 1.961e-02
13.756783 -3.096e+00 1.904e-01 1.742e-03 3.922e-06 3.922e-06 3.922e-03 -5.882e-05 3.663e-06 1.961e-02
13.766782 -3.032e+00 2.148e-01 1.716e-03 3.922e-06 3.922e-06 3.922e-03 -5.882e-05 3.663e-06 1.961e-02
13.776782 -3.018e+00 2.393e-01 1.672e-03 3.922e-06 3.922e-06 3.922e-03 -5.882e-05 3.663e-06 1.961e-02
13.786781 -2.939e+00 2.490e-01 1.649e-03 3.922e-06 3.922e-06 3.922e-03 -5.882e-05 3.663e-06 1.961e-02
13.796782 -2.891e+00 2.686e-01 1.605e-03 3.922e-06 3.922e-06 3.922e-03 -5.882e-05 3.663e-06 1.961e-02
13.806782 -2.832e+00 2.979e-01 1.547e-03 3.922e-06 3.922e-06 3.922e-03 -5.882e-05 3.663e-06 1.961e-02
13.816782 -2.773e+00 3.076e-01 1.515e-03 3.922e-06 3.922e-06 3.922e-03 -5.882e-05 3.663e-06 1.961e-02
13.826783 -2.729e+00 3.271e-01 1.448e-03 3.922e-06 3.922e-06 3.922e-03 -5.882e-05 3.663e-06 1.961e-02
13.836782 -2.666e+00 3.320e-01 1.410e-03 3.922e-06 3.922e-06 3.922e-03 -5.882e-05 3.663e-06 1.961e-02
13.846781 -2.622e+00 3.369e-01 1.366e-03 3.922e-06 3.922e-06 3.922e-03 -5.882e-05 3.663e-06 1.961e-02
13.856783 -2.573e+00 3.369e-01 1.313e-03 3.922e-06 3.922e-06 3.922e-03 -5.882e-05 3.663e-06 1.961e-02
13.866783 -2.524e+00 3.564e-01 1.255e-03 3.922e-06 3.922e-06 3.922e-03 -5.882e-05 3.663e-06 1.961e-02
13.876783 -2.476e+00 3.369e-01 1.214e-03 3.922e-06 3.922e-06 3.922e-03 -5.882e-05 3.663e-06 1.961e-02
13.886782 -2.446e+00 3.418e-01 1.159e-03 3.922e-06 3.922e-06 3.922e-03 -5.882e-05 3.663e-06 1.961e-02
13.896782 -2.417e+00 3.418e-01 1.100e-03 3.922e-06 3.922e-06 3.922e-03 -5.882e-05 3.663e-06 1.961e-02
13.906783 -2.388e+00 3.418e-01 1.042e-03 3.922e-06 3.922e-06 3.922e-03 -5.882e-05 3.663e-06 1.961e-02
13.916781 -2.358e+00 3.467e-01 9.806e-04 3.922e-06 3.922e-06 3.922e-03 -5.882e-05 3.663e-06 1.961e-02
13.926783 -2.339e+00 3.320e-01 9.310e-04 3.922e-06 3.922e-06 3.922e-03 -5.882e-05 3.663e-06 1.961e-02
13.936783 -2.310e+00 3.223e-01 8.873e-04 3.922e-06 3.922e-06 3.922e-03 -5.882e-05 3.663e-06 1.961e-02
13.946783 -2.295e+00 2.930e-01 8.551e-04 3.922e-06 3.922e-06 3.922e-03 -5.882e-05 3.663e-06 1.961e-02
13.956781 -2.290e+00 2.783e-01 8.114e-04 3.922e-06 3.922e-06 3.922e-03 -5.882e-05 3.663e-06 1.961e-02
13.966782 -2.285e+00 2.686e-01 7.618e-04 3.922e-06 3.922e-06 3.922e-03 -5.882e-05 3.663e-06 1.961e-02
13.976783 -2.300e+00 2.441e-01 7.238e-04 3.922e-06 3.922e-06 3.922e-03 -5.882e-05 3.663e-06 1.961e-02
13.986783 -2.295e+00 2.148e-01 7.063e-04 3.922e-06 3.922e-06 3.922e-03 -5.882e-05 3.663e-06 1.961e-02
13.996782 -2.305e+00 2.002e-01 6.684e-04 3.922e-06 3.922e-06 3.922e-03 -5.882e-05 3.663e-06 1.961e-02
14.006783 -2.324e+00 1.758e-01 6.479e-04 3.922e-06 3.922e-06 3.922e-03 -5.882e-05 3.663e-06 1.961e-02
14.016783 -2.324e+00 1.465e-01 6.363e-04 3.922e-06 3.922e-06 3.922e-03 -5.882e-05 3.663e-06 1.961e-02
14.026782 -2.378e+00 1.172e-01 6.129e-04 3.922e-06 3.922e-06 3.922e-03 -5.882e-05 3.663e-06 1.961e-02
14.036782 -2.393e+00 9.766e-02 5.983e-04 3.922e-06 3.922e-06 3.922e-03 -5.882e-05 3.663e-06 1.961e-02
14.046782 -2.417e+00 4.883e-02 6.071e-04 3.922e-06 3.922e-06 3.922e-03 -5.882e-05 3.663e-06 1.961e-02
14.056782 -2.461e+00 2.441e-02 6.012e-04 3.922e-06 3.922e-06 3.922e-03 -5.882e-05 3.663e-06 1.961e-02
14.066783 -2.510e+00 9.766e-03 6.012e-04 3.922e-06 3.922e-06 3.922e-03 -5.882e-05 3.663e-06 1.961e-02
14.076782 -2.554e+00 -3.418e-02 6.129e-04 3.922e-06 3.922e-06 3.922e-03 -5.882e-05 3.663e-06 1.961e-02
14.086782 -2.593e+00 -4.883e-02 6.158e-04 3.922e-06 3.922e-06 3.922e-03 -5.882e-05 3.663e-06 1.961e-02
14.096782 -2.661e+00 -8.301e-02 6.363e-04 3.922e-06 3.922e-06 3.922e-03 -5.882e-05 3.663e-06 1.961e-02
14.106783 -2.705e+00 -1.172e-01 6.625e-04 3.922e-06 3.922e-06 3.922e-03 -5.882e-05 3.663e-06 1.961e-02
14.116782 -2.764e+00 -1.270e-01 6.771e-04 3.922e-06 3.922e-06 3.922e-03 -5.882e-05 3.663e-06 1.961e-02
14.126782 -2.822e+00 -1.758e-01 7.238e-04 3.922e-06 3.922e-06 3.922e-03 -5.882e-05 3.663e-06 1.961e-02
14.136783 -2.871e+00 -1.904e-01 7.501e-04 3.922e-06 3.922e-06 3.922e-03 -5.882e-05 3.663e-06 1.961e-02
14.146783 -2.939e+00 -2.148e-01 7.880e-04 3.922e-06 3.922e-06 3.922e-03 -5.882e-05 3.663e-06 1.961e-02
14.156783 -3.008e+00 -2.441e-01 8.406e-04 3.922e-06 3.922e-06 3.922e-03 -5.882e-05 3.663e-06 1.961e-02
14.166782 -3.057e+00 -2.588e-01 8.902e-04 3.922e-06 3.922e-06 3.922e-03 -5.882e-05 3.663e-06 1.961e-02
14.176783 -3.115e+00 -2.832e-01 9.340e-04 3.922e-06 3.922e-06 3.922e-03 -5.882e-05 3.663e-06 1.961e-02
14.186783 -3.174e+00 -2.881e-01 9.836e-04 3.922e-06 3.922e-06 3.922e-03 -5.882e-05 3.663e-06 1.961e-02
14.196782 -3.242e+00 -2.979e-01 1.027e-03 3.922e-06 3.922e-06 3.922e-03 -5.882e-05 3.663e-06 1.961e-02
14.206782 -3.296e+00 -3.174e-01 1.089e-03 3.922e-06 3.922e-06 3.922e-03 -5.882e-05 3.663e-06 1.961e-02
14.216784 -3.345e+00 -3.223e-01 1.141e-03 3.922e-06 3.922e-06 3.922e-03 -5.882e-05 3.663e-06 1.961e-02
14.226783 -3.418e+00 -3.271e-01 1.205e-03 3.922e-06 3.922e-06 3.922e-03 -5.882e-05 3.663e-06 1.961e-02
14.236782 -3.452e+00 -3.369e-01 1.264e-03 3.922e-06 3.922e-06 3.922e-03 -5.882e-05 3.663e-06 1.961e-02
14.246781 -3.501e+00 -3.369e-01 1.313e-03 3.922e-06 3.922e-06 3.922e-03 -5.882e-05 3.663e-06 1.961e-02
14.256782 -3.545e+00 -3.418e-01 1.386e-03 3.922e-06 3.922e-06 3.922e-03 -5.882e-05 3.663e-06 1.961e-02
14.266784 -3.574e+00 -3.369e-01 1.448e-03 3.922e-06 3.922e-06 3.922e-03 -5.882e-05 3.663e-06 1.961e-02
14.276782 -3.633e+00 -3.174e-01 1.483e-03 3.922e-06 3.922e-06 3.922e-03 -5.882e-05 3.663e-06 1.961e-02
14.286782 -3.633e+00 -3.076e-01 1.550e-03 3.922e-06 3.922e-06 3.922e-03 -5.882e-05 3.663e-06 1.961e-02
14.296782 -3.667e+00 -3.027e-01 1.599e-03 3.922e-06 3.922e-06 3.922e-03 -5.882e-05 3.663e-06 1.961e-02
14.306783 -3.677e+00 -2.930e-01 1.655e-03 3.922e-06 3.922e-06 3.922e-03 -5.882e-05 3.663e-06 1.961e-02
14.316783 -3.691e+00 -2.783e-01 1.704e-03 3.922e-06 3.922e-06 3.922e-03 -5.882e-05 3.663e-06 1.961e-02
14.326782 -3.701e+00 -2.734e-01 1.757e-03 3.922e-06 3.922e-06 3.922e-03 -5.882e-05 3.663e-06 1.961e-02
14.336782 -3.706e+00 -2.393e-01 1.798e-03 3.922e-06 3.922e-06 3.922e-03 -5.882e-05 3.663e-06 1.961e-02
14.346782 -3.711e+00 -2.197e-01 1.839e-03 3.922e-06 3.922e-06 3.922e-03 -5.882e-05 3.663e-06 1.961e-02
14.356781 -3.706e+00 -1.904e-01 1.865e-03 3.922e-06 3.922e-06 3.922e-03 -5.882e-05 3.663e-06 1.961e-02
14.366781 -3.687e+00 -1.514e-01 1.885e-03 3.922e-06 3.922e-06 3.922e-03 -5.882e-05 3.663e-06 1.961e-02
14.376782 -3.662e+00 -1.514e-01 1.932e-03 3.922e-06 3.922e-06 3.922e-03 -5.882e-05 3.663e-06 1.961e-02
14.386783 -3.638e+00 -1.025e-01 1.941e-03 3.922e-06 3.922e-06 3.922e-03 -5.882e-05 3.663e-06 1.961e-02
14.396783 -3.618e+00 -7.324e-02 1.953e-03 3.922e-06 3.922e-06 3.922e-03 -5.882e-05 3.663e-06 1.961e-02
14.406782 -3.579e+00 -4.883e-02 1.967e-03 3.922e-06 3.922e-06 3.922e-03 -5.882e-05 3.663e-06 1.961e-02
14.416782 -3.535e+00 -9.766e-03 1.976e-03 3.922e-06 3.922e-06 3.922e-03 -5.882e-05 3.663e-06 1.961e-02
14.426783 -3.521e+00 2.441e-02 1.970e-03 3.922e-06 3.922e-06 3.922e-03 -5.882e-05 3.663e-06 1.961e-02
14.436783 -3.447e+00 4.883e-02 1.973e-03 3.922e-06 3.922e-06 3.922e-03 -5.882e-05 3.663e-06 1.961e-02
14.446782 -3.408e+00 7.812e-02 1.964e-03 3.922e-06 3.922e-06 3.922e-03 -5.882e-05 3.663e-06 1.961e-02
14.456781 -3.354e+00 1.172e-01 1.947e-03 3.922e-06 3.922e-06 3.922e-03 -5.882e-05 3.663e-06 1.961e-02
14.466784 -3.296e+00 1.514e-01 1.926e-03 3.922e-06 3.922e-06 3.922e-03 -5.882e-05 3.663e-06 1.961e-02
14.476783 -3.252e+00 1.855e-01 1.891e-03 3.922e-06 3.922e-06 3.922e-03 -5.882e-05 3.663e-06 1.961e-02
14.486782 -3.164e+00 2.051e-01 1.868e-03 3.922e-06 3.922e-06 3.922e-03 -5.882e-05 3.663e-06 1.961e-02
14.496780 -3.101e+00 2.295e-01 1.842e-03 3.922e-06 3.922e-06 3.922e-03 -5.882e-05 3.663e-06 1.961e-02
14.506782 -3.052e+00 2.637e-01 1.795e-03 3.922e-06 3.922e-06 3.922e-03 -5.882e-05 3.663e-06 1.961e-02
14.516782 -2.974e+00 2.930e-01 1.757e-03 3.922e-06 3.922e-06 3.922e-03 -5.882e-05 3.663e-06 1.961e-02
14.526782 -2.896e+00 2.979e-01 1.713e-03 3.922e-06 3.922e-06 3.922e-03 -5.882e-05 3.663e-06 1.961e-02
14.536782 -2.856e+00 3.369e-01 1.652e-03 3.922e-06 3.922e-06 3.922e-03 -5.882e-05 3.663e-06 1.961e-02
14.546782 -2.788e+00 3.516e-01 1.596e-03 3.922e-06 3.922e-06 3.922e-03 -5.882e-05 3.663e-06 1.961e-02
14.556782 -2.720e+00 3.711e-01 1.544e-03 3.922e-06 3.922e-06 3.922e-03 -5.882e-05 3.663e-06 1.961e-02
14.566783 -2.651e+00 4.004e-01 1.477e-03 3.922e-06 3.922e-06 3.922e-03 -5.882e-05 3.663e-06 1.961e-02
14.576782 -2.603e+00 4.004e-01 1.418e-03 3.922e-06 3.922e-06 3.922e-03 -5.882e-05 3.663e-06 1.961e-02
14.586782 -2.520e+00 4.150e-01 1.357e-03 3.922e-06 3.922e-06 3.922e-03 -5.882e-05 3.663e-06 1.961e-02
14.596783 -2.471e+00 4.053e-01 1.305e-03 3.922e-06 3.922e-06 3.922e-03 -5.882e-05 3.663e-06 1.961e-02
14.606782 -2.412e+00 4.150e-01 1.235e-03 3.922e-06 3.922e-06 3.922e-03 -5.882e-05 3.663e-06 1.961e-02
14.616782 -2.368e+00 4.248e-01 1.167e-03 3.922e-06 3.922e-06 3.922e-03 -5.882e-05 3.663e-06 1.961e-02
14.626782 -2.329e+00 4.150e-01 1.097e-03 3.922e-06 3.922e-06 3.922e-03 -5.882e-05 3.663e-06 1.961e-02
14.636783 -2.285e+00 4.150e-01 1.045e-03 3.922e-06 3.922e-06 3.922e-03 -5.882e-05 3.663e-06 1.961e-02
14.646782 -2.256e+00 4.150e-01 9.719e-04 3.922e-06 3.922e-06 3.922e-03 -5.882e-05 3.663e-06 1.961e-02
14.656782 -2.217e+00 3.809e-01 9.252e-04 3.922e-06 3.922e-06 3.922e-03 -5.882e-05 3.663e-06 1.961e-02
14.666781 -2.197e+00 3.906e-01 8.551e-04 3.922e-06 3.922e-06 3.922e-03 -5.882e-05 3.663e-06 1.961e-02
14.676784 -2.173e+00 3.662e-01 7.997e-04 3.922e-06 3.922e-06 3.922e-03 -5.882e-05 3.663e-06 1.961e-02
14.686782 -2.144e+00 3.516e-01 7.472e-04 3.922e-06 3.922e-06 3.922e-03 -5.882e-05 3.663e-06 1.961e-02
14.696782 -2.144e+00 3.223e-01 7.063e-04 3.922e-06 3.922e-06 3.922e-03 -5.882e-05 3.663e-06 1.961e-02
14.706782 -2.139e+00 2.979e-01 6.596e-04 3.922e-06 3.922e-06 3.922e-03 -5.882e-05 3.663e-06 1.961e-02
14.716784 -2.144e+00 2.783e-01 6.217e-04 3.922e-06 3.922e-06 3.922e-03 -5.882e-05 3.663e-06 1.961e-02
14.726783 -2.158e+00 2.393e-01 5.837e-04 3.922e-06 3.922e-06 3.922e-03 -5.882e-05 3.663e-06 1.961e-02
14.736782 -2.163e+00 2.246e-01 5.399e-04 3.922e-06 3.922e-06 3.922e-03 -5.882e-05 3.663e-06 1.961e-02
14.746781 -2.192e+00 1.855e-01 5.195e-04 3.922e-06 3.922e-06 3.922e-03 -5.882e-05 3.663e-06 1.961e-02
14.756783 -2.222e+00 1.709e-01 4.874e-04 3.922e-06 3.922e-06 3.922e-03 -5.882e-05 3.663e-06 1.961e-02
14.766783 -2.256e+00 1.367e-01 4.699e-04 3.922e-06 3.922e-06 3.922e-03 -5.882e-05 3.663e-06 1.961e-02
14.776781 -2.295e+00 8.789e-02 4.728e-04 3.922e-06 3.922e-06 3.922e-03 -5.882e-05 3.663e-06 1.961e-02
14.786782 -2.319e+00 4.883e-02 4.699e-04 3.922e-06 3.922e-06 3.922e-03 -5.882e-05 3.663e-06 1.961e-02
14.796783 -2.378e+00 1.465e-02 4.641e-04 3.922e-06 3.922e-06 3.922e-03 -5.882e-05 3.663e-06 1.961e-02
14.806783 -2.432e+00 -2.441e-02 4.641e-04 3.922e-06 3.922e-06 3.922e-03 -5.882e-05 3.663e-06 1.961e-02
14.816782 -2.480e+00 -4.395e-02 4.786e-04 3.922e-06 3.922e-06 3.922e-03 -5.882e-05 3.663e-06 1.961e-02
14.826781 -2.549e+00 -8.789e-02 4.903e-04 3.922e-06 3.922e-06 3.922e-03 -5.882e-05 3.663e-06 1.961e-02
14.836782 -2.612e+00 -1.123e-01 5.195e-04 3.922e-06 3.922e-06 3.922e-03 -5.882e-05 3.663e-06 1.961e-02
14.846781 -2.676e+00 -1.514e-01 5.429e-04 3.922e-06 3.922e-06 3.922e-03 -5.882e-05 3.663e-06 1.961e-02
14.856781 -2.739e+00 -1.855e-01 5.837e-04 3.922e-06 3.922e-06 3.922e-03 -5.882e-05 3.663e-06 1.961e-02
14.866782 -2.803e+00 -2.197e-01 6.246e-04 3.922e-06 3.922e-06 3.922e-03 -5.882e-05 3.663e-06 1.961e-02
14.876782 -2.886e+00 -2.539e-01 6.713e-04 3.922e-06 3.922e-06 3.922e-03 -5.882e-05 3.663e-06 1.961e-02
14.886783 -2.959e+00 -2.686e-01 7.151e-04 3.922e-06 3.922e-06 3.922e-03 -5.882e-05 3.663e-06 1.961e-02
14.896782 -3.037e+00 -3.027e-01 7.676e-04 3.922e-06 3.922e-06 3.922e-03 -5.882e-05 3.663e-06 1.961e-02
14.906782 -3.115e+00 -3.174e-01 8.201e-04 3.922e-06 3.922e-06 3.922e-03 -5.882e-05 3.663e-06 1.961e-02
14.916781 -3.184e+00 -3.320e-01 8.814e-04 3.922e-06 3.922e-06 3.922e-03 -5.882e-05 3.663e-06 1.961e-02
14.926782 -3.247e+00 -3.711e-01 9.515e-04 3.922e-06 3.922e-06 3.922e-03 -5.882e-05 3.663e-06 1.961e-02
14.936783 -3.315e+00 -3.760e-01 1.010e-03 3.922e-06 3.922e-06 3.922e-03 -5.882e-05 3.663e-06 1.961e-02
14.946781 -3.389e+00 -3.955e-01 1.074e-03 3.922e-06 3.922e-06 3.922e-03 -5.882e-05 3.663e-06 1.961e-02
14.956782 -3.452e+00 -4.004e-01 1.141e-03 3.922e-06 3.922e-06 3.922e-03 -5.882e-05 3.663e-06 1.961e-02
14.966783 -3.511e+00 -4.102e-01 1.217e-03 3.922e-06 3.922e-06 3.922e-03 -5.882e-05 3.663e-06 1.961e-02
14.976783 -3.574e+00 -4.150e-01 1.296e-03 3.922e-06 3.922e-06 3.922e-03 -5.882e-05 3.663e-06 1.961e-02
14.986782 -3.618e+00 -4.150e-01 1.360e-03 3.922e-06 3.922e-06 3.922e-03 -5.882e-05 3.663e-06 1.961e-02
14.996782 -3.687e+00 -4.102e-01 1.433e-03 3.922e-06 3.922e-06 3.922e-03 -5.882e-05 3.663e-06 1.961e-02
15.006783 -3.726e+00 -4.053e-01 1.497e-03 3.922e-06 3.922e-06 3.922e-03 -5.882e-05 3.663e-06 1.961e-02
15.016782 -3.750e+00 -3.955e-01 1.567e-03 3.922e-06 3.922e-06 3.922e-03 -5.882e-05 3.663e-06 1.961e-02
15.026782 -3.799e+00 -3.760e-01 1.629e-03 3.922e-06 3.922e-06 3.922e-03 -5.882e-05 3.663e-06 1.961e-02
15.036782 -3.818e+00 -3.662e-01 1.699e-03 3.922e-06 3.922e-06 3.922e-03 -5.882e-05 3.663e-06 1.961e-02
15.046782 -3.843e+00 -3.516e-01 1.757e-03 3.922e-06 3.922e-06 3.922e-03 -5.882e-05 3.663e-06 1.961e-02
15.056783 -3.857e+00 -3.320e-01 1.812e-03 3.922e-06 3.922e-06 3.922e-03 -5.882e-05 3.663e-06 1.961e-02
15.066781 -3.853e+00 -3.076e-01 1.877e-03 3.922e-06 3.922e-06 3.922e-03 -5.882e-05 3.663e-06 1.961e-02
15.076782 -3.867e+00 -2.832e-01 1.918e-03 3.922e-06 3.922e-06 3.922e-03 -5.882e-05 3.663e-06 1.961e-02
15.086782 -3.848e+00 -2.539e-01 1.976e-03 3.922e-06 3.922e-06 3.922e-03 -5.882e-05 3.663e-06 1.961e-02
15.096782 -3.857e+00 -2.246e-01 2.005e-03 3.922e-06 3.922e-06 3.922e-03 -5.882e-05 3.663e-06 1.961e-02
15.106782 -3.843e+00 -1.855e-01 2.031e-03 3.922e-06 3.922e-06 3.922e-03 -5.882e-05 3.663e-06 1.961e-02
15.116782 -3.813e+00 -1.562e-01 2.069e-03 3.922e-06 3.922e-06 3.922e-03 -5.882e-05 3.663e-06 1.961e-02
15.126783 -3.799e+00 -1.074e-01 2.075e-03 3.922e-06 3.922e-06 3.922e-03 -5.882e-05 3.663e-06 1.961e-02
15.136782 -3.735e+00 -8.301e-02 2.110e-03 3.922e-06 3.922e-06 3.922e-03 -5.882e-05 3.663e-06 1.961e-02
15.146782 -3.701e+00 -5.371e-02 2.119e-03 3.922e-06 3.922e-06 3.922e-03 -5.882e-05 3.663e-06 1.961e-02
15.156781 -3.652e+00 -9.766e-03 2.125e-03 3.922e-06 3.922e-06 3.922e-03 -5.882e-05 3.663e-06 1.961e-02
15.166783 -3.594e+00 1.953e-02 2.133e-03 3.922e-06 3.922e-06 3.922e-03 -5.882e-05 3.663e-06 1.961e-02
15.176782 -3.525e+00 5.371e-02 2.128e-03 3.922e-06 3.922e-06 3.922e-03 -5.882e-05 3.663e-06 1.961e-02
15.186783 -3.472e+00 1.074e-01 2.107e-03 3.922e-06 3.922e-06 3.922e-03 -5.882e-05 3.663e-06 1.961e-02
15.196781 -3.418e+00 1.465e-01 2.078e-03 3.922e-06 3.922e-06 3.922e-03 -5.882e-05 3.663e-06 1.961e-02
15.206782 -3.340e+00 1.855e-01 2.052e-03 3.922e-06 3.922e-06 3.922e-03 -5.882e-05 3.663e-06 1.961e-02
15.216783 -3.271e+00 2.246e-01 2.026e-03 3.922e-06 3.922e-06 3.922e-03 -5.882e-05 3.663e-06 1.961e-02
15.226783 -3.203e+00 2.490e-01 1.990e-03 3.922e-06 3.922e-06 3.922e-03 -5.882e-05 3.663e-06 1.961e-02
15.236782 -3.120e+00 3.076e-01 1.932e-03 3.922e-06 3.922e-06 3.922e-03 -5.882e-05 3.663e-06 1.961e-02
15.246782 -3.032e+00 3.271e-01 1.888e-03 3.922e-06 3.922e-06 3.922e-03 -5.882e-05 3.663e-06 1.961e-02
15.256782 -2.954e+00 3.467e-01 1.842e-03 3.922e-06 3.922e-06 3.922e-03 -5.882e-05 3.663e-06 1.961e-02
15.266781 -2.866e+00 3.760e-01 1.783e-03 3.922e-06 3.922e-06 3.922e-03 -5.882e-05 3.663e-06 1.961e-02
15.276782 -2.783e+00 3.809e-01 1.734e-03 3.922e-06 3.922e-06 3.922e-03 -5.882e-05 3.663e-06 1.961e-02
15.286782 -2.710e+00 4.297e-01 1.652e-03 3.922e-06 3.922e-06 3.922e-03 -5.882e-05 3.663e-06 1.961e-02
15.296783 -2.637e+00 4.395e-01 1.588e-03 3.922e-06 3.922e-06 3.922e-03 -5.882e-05 3.663e-06 1.961e-02
15.306782 -2.563e+00 4.590e-01 1.512e-03 3.922e-06 3.922e-06 3.922e-03 -5.882e-05 3.663e-06 1.961e-02
15.316782 -2.485e+00 4.883e-01 1.427e-03 3.922e-06 3.922e-06 3.922e-03 -5.882e-05 3.663e-06 1.961e-02
15.326782 -2.427e+00 4.932e-01 1.354e-03 3.922e-06 3.922e-06 3.922e-03 -5.882e-05 3.663e-06 1.961e-02
15.336782 -2.334e+00 4.980e-01 1.284e-03 3.922e-06 3.922e-06 3.922e-03 -5.882e-05 3.663e-06 1.961e-02
15.346783 -2.280e+00 4.980e-01 1.200e-03 3.922e-06 3.922e-06 3.922e-03 -5.882e-05 3.663e-06 1.961e-02
15.356782 -2.222e+00 4.980e-01 1.127e-03 3.922e-06 3.922e-06 3.922e-03 -5.882e-05 3.663e-06 1.961e-02
15.366782 -2.178e+00 5.029e-01 1.045e-03 3.922e-06 3.922e-06 3.922e-03 -5.882e-05 3.663e-06 1.961e-02
15.376782 -2.124e+00 4.785e-01 9.690e-04 3.922e-06 3.922e-06 3.922e-03 -5.882e-05 3.663e-06 1.961e-02
15.386782 -2.075e+00 4.785e-01 9.048e-04 3.922e-06 3.922e-06 3.922e-03 -5.882e-05 3.663e-06 1.961e-02
15.396782 -2.046e+00 4.639e-01 8.260e-04 3.922e-06 3.922e-06 3.922e-03 -5.882e-05 3.663e-06 1.961e-02
15.406782 -2.017e+00 4.541e-01 7.530e-04 3.922e-06 3.922e-06 3.922e-03 -5.882e-05 3.663e-06 1.961e-02
15.416782 -1.992e+00 4.346e-01 6.917e-04 3.922e-06 3.922e-06 3.922e-03 -5.882e-05 3.663e-06 1.961e-02
15.426783 -1.982e+00 3.955e-01 6.304e-04 3.922e-06 3.922e-06 3.922e-03 -5.882e-05 3.663e-06 1.961e-02
15.436782 -1.978e+00 3.906e-01 5.662e-04 3.922e-06 3.922e-06 3.922e-03 -5.882e-05 3.663e-06 1.961e-02
15.446782 -1.968e+00 3.467e-01 5.166e-04 3.922e-06 3.922e-06 3.922e-03 -5.882e-05 3.663e-06 1.961e-02
15.456782 -1.978e+00 3.174e-01 4.670e-04 3.922e-06 3.922e-06 3.922e-03 -5.882e-05 3.663e-06 1.961e-02
15.466783 -1.992e+00 2.881e-01 4.203e-04 3.922e-06 3.922e-06 3.922e-03 -5.882e-05 3.663e-06 1.961e-02
15.476781 -2.017e+00 2.441e-01 3.882e-04 3.922e-06 3.922e-06 3.922e-03 -5.882e-05 3.663e-06 1.961e-02
15.486782 -2.041e+00 2.246e-01 3.502e-04 3.922e-06 3.922e-06 3.922e-03 -5.882e-05 3.663e-06 1.961e-02
15.496782 -2.075e+00 1.709e-01 3.298e-04 3.922e-06 3.922e-06 3.922e-03 -5.882e-05 3.663e-06 1.961e-02
15.506783 -2.114e+00 1.416e-01 3.065e-04 3.922e-06 3.922e-06 3.922e-03 -5.882e-05 3.663e-06 1.961e-02
15.516782 -2.163e+00 1.025e-01 2.977e-04 3.922e-06 3.922e-06 3.922e-03 -5.882e-05 3.663e-06 1.961e-02
15.526782 -2.217e+00 4.395e-02 2.860e-04 3.922e-06 3.922e-06 3.922e-03 -5.882e-05 3.663e-06 1.961e-02
15.536784 -2.275e+00 1.465e-02 2.919e-04 3.922e-06 3.922e-06 3.922e-03 -5.882e-05 3.663e-06 1.961e-02
15.546782 -2.344e+00 -3.418e-02 3.065e-04 3.922e-06 3.922e-06 3.922e-03 -5.882e-05 3.663e-06 1.961e-02
15.556782 -2.412e+00 -8.301e-02 3.152e-04 3.922e-06 3.922e-06 3.922e-03 -5.882e-05 3.663e-06 1.961e-02
15.566782 -2.490e+00 -1.172e-01 3.502e-04 3.922e-06 3.922e-06 3.922e-03 -5.882e-05 3.663e-06 1.961e-02
15.576782 -2.568e+00 -1.709e-01 3.853e-04 3.922e-06 3.922e-06 3.922e-03 -5.882e-05 3.663e-06 1.961e-02
15.586782 -2.637e+00 -2.002e-01 4.115e-04 3.922e-06 3.922e-06 3.922e-03 -5.882e-05 3.663e-06 1.961e-02
15.596782 -2.734e+00 -2.393e-01 4.524e-04 3.922e-06 3.922e-06 3.922e-03 -5.882e-05 3.663e-06 1.961e-02
15.606783 -2.812e+00 -2.832e-01 5.078e-04 3.922e-06 3.922e-06 3.922e-03 -5.882e-05 3.663e-06 1.961e-02
15.616783 -2.900e+00 -3.076e-01 5.575e-04 3.922e-06 3.922e-06 3.922e-03 -5.882e-05 3.663e-06 1.961e-02
15.626783 -2.993e+00 -3.564e-01 6.275e-04 3.922e-06 3.922e-06 3.922e-03 -5.882e-05 3.663e-06 1.961e-02
15.636783 -3.066e+00 -3.760e-01 6.888e-04 3.922e-06 3.922e-06 3.922e-03 -5.882e-05 3.663e-06 1.961e-02
15.646782 -3.169e+00 -4.102e-01 7.618e-04 3.922e-06 3.922e-06 3.922e-03 -5.882e-05 3.663e-06 1.961e-02
15.656781 -3.262e+00 -4.248e-01 8.230e-04 3.922e-06 3.922e-06 3.922e-03 -5.882e-05 3.663e-06 1.961e-02
15.666784 -3.345e+00 -4.492e-01 9.106e-04 3.922e-06 3.922e-06 3.922e-03 -5.882e-05 3.663e-06 1.961e-02
15.676782 -3.433e+00 -4.639e-01 9.865e-04 3.922e-06 3.922e-06 3.922e-03 -5.882e-05 3.663e-06 1.961e-02
15.686782 -3.501e+00 -4.736e-01 1.062e-03 3.922e-06 3.922e-06 3.922e-03 -5.882e-05 3.663e-06 1.961e-02
15.696783 -3.599e+00 -4.834e-01 1.141e-03 3.922e-06 3.922e-06 3.922e-03 -5.882e-05 3.663e-06 1.961e-02
15.706782 -3.652e+00 -4.980e-01 1.235e-03 3.922e-06 3.922e-06 3.922e-03 -5.882e-05 3.663e-06 1.961e-02
15.716782 -3.716e+00 -4.980e-01 1.325e-03 3.922e-06 3.922e-06 3.922e-03 -5.882e-05 3.663e-06 1.961e-02
15.726782 -3.774e+00 -5.176e-01 1.424e-03 3.922e-06 3.922e-06 3.922e-03 -5.882e-05 3.663e-06 1.961e-02
15.736782 -3.843e+00 -4.932e-01 1.497e-03 3.922e-06 3.922e-06 3.922e-03 -5.882e-05 3.663e-06 1.961e-02
15.746782 -3.896e+00 -4.932e-01 1.585e-03 3.922e-06 3.922e-06 3.922e-03 -5.882e-05 3.663e-06 1.961e-02
15.756782 -3.936e+00 -4.785e-01 1.658e-03 3.922e-06 3.922e-06 3.922e-03 -5.882e-05 3.663e-06 1.961e-02
15.766782 -3.970e+00 -4.541e-01 1.737e-03 3.922e-06 3.922e-06 3.922e-03 -5.882e-05 3.663e-06 1.961e-02
15.776783 -4.009e+00 -4.395e-01 1.807e-03 3.922e-06 3.922e-06 3.922e-03 -5.882e-05 3.663e-06 1.961e-02
15.786781 -4.023e+00 -4.199e-01 1.888e-03 3.922e-06 3.922e-06 3.922e-03 -5.882e-05 3.663e-06 1.961e-02
15.796782 -4.048e+00 -4.004e-01 1.953e-03 3.922e-06 3.922e-06 3.922e-03 -5.882e-05 3.663e-06 1.961e-02
15.806782 -4.062e+00 -3.662e-01 2.020e-03 3.922e-06 3.922e-06 3.922e-03 -5.882e-05 3.663e-06 1.961e-02
15.816781 -4.043e+00 -3.271e-01 2.078e-03 3.922e-06 3.922e-06 3.922e-03 -5.882e-05 3.663e-06 1.961e-02
15.826782 -4.048e+00 -3.027e-01 2.131e-03 3.922e-06 3.922e-06 3.922e-03 -5.882e-05 3.663e-06 1.961e-02
15.836782 -4.019e+00 -2.637e-01 2.180e-03 3.922e-06 3.922e-06 3.922e-03 -5.882e-05 3.663e-06 1.961e-02
15.846783 -4.009e+00 -2.246e-01 2.218e-03 3.922e-06 3.922e-06 3.922e-03 -5.882e-05 3.663e-06 1.961e-02
15.856782 -3.970e+00 -1.709e-01 2.236e-03 3.922e-06 3.922e-06 3.922e-03 -5.882e-05 3.663e-06 1.961e-02
15.866783 -3.926e+00 -1.172e-01 2.256e-03 3.922e-06 3.922e-06 3.922e-03 -5.882e-05 3.663e-06 1.961e-02
15.876782 -3.892e+00 -9.766e-02 2.297e-03 3.922e-06 3.922e-06 3.922e-03 -5.882e-05 3.663e-06 1.961e-02
15.886783 -3.823e+00 -4.395e-02 2.306e-03 3.922e-06 3.922e-06 3.922e-03 -5.882e-05 3.663e-06 1.961e-02
15.896783 -3.770e+00 0.000e+00 2.309e-03 3.922e-06 3.922e-06 3.922e-03 -5.882e-05 3.663e-06 1.961e-02
15.906782 -3.706e+00 4.395e-02 2.306e-03 3.922e-06 3.922e-06 3.922e-03 -5.882e-05 3.663e-06 1.961e-02
15.916782 -3.628e+00 9.766e-02 2.291e-03 3.922e-06 3.922e-06 3.922e-03 -5.882e-05 3.663e-06 1.961e-02
15.926783 -3.560e+00 1.367e-01 2.277e-03 3.922e-06 3.922e-06 3.922e-03 -5.882e-05 3.663e-06 1.961e-02
15.936782 -3.477e+00 1.904e-01 2.247e-03 3.922e-06 3.922e-06 3.922e-03 -5.882e-05 3.663e-06 1.961e-02
15.946783 -3.394e+00 2.344e-01 2.209e-03 3.922e-06 3.922e-06 3.922e-03 -5.882e-05 3.663e-06 1.961e-02
15.956782 -3.306e+00 2.783e-01 2.166e-03 3.922e-06 3.922e-06 3.922e-03 -5.882e-05 3.663e-06 1.961e-02
15.966782 -3.198e+00 3.271e-01 2.116e-03 3.922e-06 3.922e-06 3.922e-03 -5.882e-05 3.663e-06 1.961e-02
15.976782 -3.105e+00 3.467e-01 2.075e-03 3.922e-06 3.922e-06 3.922e-03 -5.882e-05 3.663e-06 1.961e-02
15.986782 -3.008e+00 4.004e-01 2.002e-03 3.922e-06 3.922e-06 3.922e-03 -5.882e-05 3.663e-06 1.961e-02
15.996781 -2.915e+00 4.199e-01 1.944e-03 3.922e-06 3.922e-06 3.922e-03 -5.882e-05 3.663e-06 1.961e-02
16.006781 -2.817e+00 4.590e-01 1.871e-03 3.922e-06 3.922e-06 3.922e-03 -5.882e-05 3.663e-06 1.961e-02
16.016781 -2.720e+00 5.029e-01 1.786e-03 3.922e-06 3.922e-06 3.922e-03 -5.882e-05 3.663e-06 1.961e-02
16.026783 -2.627e+00 5.078e-01 1.713e-03 3.922e-06 3.922e-06 3.922e-03 -5.882e-05 3.663e-06 1.961e-02
16.036783 -2.520e+00 5.420e-01 1.629e-03 3.922e-06 3.922e-06 3.922e-03 -5.882e-05 3.663e-06 1.961e-02
16.046782 -2.451e+00 5.566e-01 1.535e-03 3.922e-06 3.922e-06 3.922e-03 -5.882e-05 3.663e-06 1.961e-02
16.056782 -2.354e+00 5.811e-01 1.442e-03 3.922e-06 3.922e-06 3.922e-03 -5.882e-05 3.663e-06 1.961e-02
16.066784 -2.275e+00 6.006e-01 1.343e-03 3.922e-06 3.922e-06 3.922e-03 -5.882e-05 3.663e-06 1.961e-02
16.076782 -2.192e+00 5.957e-01 1.255e-03 3.922e-06 3.922e-06 3.922e-03 -5.882e-05 3.663e-06 1.961e-02
16.086782 -2.119e+00 6.104e-01 1.156e-03 3.922e-06 3.922e-06 3.922e-03 -5.882e-05 3.663e-06 1.961e-02
16.096783 -2.056e+00 5.908e-01 1.068e-03 3.922e-06 3.922e-06 3.922e-03 -5.882e-05 3.663e-06 1.961e-02
16.106783 -1.992e+00 5.908e-01 9.748e-04 3.922e-06 3.922e-06 3.922e-03 -5.882e-05 3.663e-06 1.961e-02
16.116783 -1.924e+00 5.762e-01 8.931e-04 3.922e-06 3.922e-06 3.922e-03 -5.882e-05 3.663e-06 1.961e-02
16.126781 -1.895e+00 5.859e-01 7.793e-04 3.922e-06 3.922e-06 3.922e-03 -5.882e-05 3.663e-06 1.961e-02
16.136782 -1.846e+00 5.615e-01 7.034e-04 3.922e-06 3.922e-06 3.922e-03 -5.882e-05 3.663e-06 1.961e-02
16.146782 -1.816e+00 5.322e-01 6.246e-04 3.922e-06 3.922e-06 3.922e-03 -5.882e-05 3.663e-06 1.961e-02
16.156782 -1.792e+00 5.029e-01 5.429e-04 3.922e-06 3.922e-06 3.922e-03 -5.882e-05 3.663e-06 1.961e-02
16.166780 -1.763e+00 4.785e-01 4.699e-04 3.922e-06 3.922e-06 3.922e-03 -5.882e-05 3.663e-06 1.961e-02
16.176783 -1.763e+00 4.395e-01 4.028e-04 3.922e-06 3.922e-06 3.922e-03 -5.882e-05 3.663e-06 1.961e-02
16.186783 -1.763e+00 4.199e-01 3.386e-04 3.922e-06 3.922e-06 3.922e-03 -5.882e-05 3.663e-06 1.961e-02
16.196783 -1.768e+00 3.711e-01 2.831e-04 3.922e-06 3.922e-06 3.922e-03 -5.882e-05 3.663e-06 1.961e-02
16.206781 -1.792e+00 3.320e-01 2.306e-04 3.922e-06 3.922e-06 3.922e-03 -5.882e-05 3.663e-06 1.961e-02
16.216782 -1.816e+00 2.930e-01 1.897e-04 3.922e-06 3.922e-06 3.922e-03 -5.882e-05 3.663e-06 1.961e-02
16.226782 -1.855e+00 2.344e-01 1.576e-04 3.922e-06 3.922e-06 3.922e-03 -5.882e-05 3.663e-06 1.961e-02
16.236782 -1.890e+00 2.051e-01 1.167e-04 3.922e-06 3.922e-06 3.922e-03 -5.882e-05 3.663e-06 1.961e-02
16.246782 -1.958e+00 1.416e-01 1.080e-04 3.922e-06 3.922e-06 3.922e-03 -5.882e-05 3.663e-06 1.961e-02
16.256783 -2.012e+00 8.789e-02 9.923e-05 3.922e-06 3.922e-06 3.922e-03 -5.882e-05 3.663e-06 1.961e-02
16.266783 -2.070e+00 2.930e-02 1.022e-04 3.922e-06 3.922e-06 3.922e-03 -5.882e-05 3.663e-06 1.961e-02
16.276783 -2.153e+00 -1.465e-02 9.923e-05 3.922e-06 3.922e-06 3.922e-03 -5.882e-05 3.663e-06 1.961e-02
16.286783 -2.217e+00 -6.348e-02 1.197e-04 3.922e-06 3.922e-06 3.922e-03 -5.882e-05 3.663e-06 1.961e-02
16.296782 -2.319e+00 -1.172e-01 1.430e-04 3.922e-06 3.922e-06 3.922e-03 -5.882e-05 3.663e-06 1.961e-02
16.306782 -2.422e+00 -1.611e-01 1.634e-04 3.922e-06 3.922e-06 3.922e-03 -5.882e-05 3.663e-06 1.961e-02
16.316782 -2.510e+00 -2.100e-01 2.101e-04 3.922e-06 3.922e-06 3.922e-03 -5.882e-05 3.663e-06 1.961e-02
16.326782 -2.598e+00 -2.637e-01 2.539e-04 3.922e-06 3.922e-06 3.922e-03 -5.882e-05 3.663e-06 1.961e-02
16.336782 -2.700e+00 -3.076e-01 3.094e-04 3.922e-06 3.922e-06 3.922e-03 -5.882e-05 3.663e-06 1.961e-02
16.346783 -2.817e+00 -3.564e-01 3.677e-04 3.922e-06 3.922e-06 3.922e-03 -5.882e-05 3.663e-06 1.961e-02
16.356783 -2.925e+00 -3.955e-01 4.378e-04 3.922e-06 3.922e-06 3.922e-03 -5.882e-05 3.663e-06 1.961e-02
16.366783 -3.027e+00 -4.199e-01 5.049e-04 3.922e-06 3.922e-06 3.922e-03 -5.882e-05 3.663e-06 1.961e-02
16.376783 -3.145e+00 -4.736e-01 5.954e-04 3.922e-06 3.922e-06 3.922e-03 -5.882e-05 3.663e-06 1.961e-02
16.386782 -3.228e+00 -4.980e-01 6.859e-04 3.922e-06 3.922e-06 3.922e-03 -5.882e-05 3.663e-06 1.961e-02
16.396782 -3.350e+00 -5.273e-01 7.676e-04 3.922e-06 3.922e-06 3.922e-03 -5.882e-05 3.663e-06 1.961e-02
16.406782 -3.452e+00 -5.518e-01 8.581e-04 3.922e-06 3.922e-06 3.922e-03 -5.882e-05 3.663e-06 1.961e-02
16.416782 -3.545e+00 -5.664e-01 9.515e-04 3.922e-06 3.922e-06 3.922e-03 -5.882e-05 3.663e-06 1.961e-02
16.426783 -3.652e+00 -5.908e-01 1.048e-03 3.922e-06 3.922e-06 3.922e-03 -5.882e-05 3.663e-06 1.961e-02
16.436783 -3.730e+00 -6.006e-01 1.162e-03 3.922e-06 3.922e-06 3.922e-03 -5.882e-05 3.663e-06 1.961e-02
16.446783 -3.823e+00 -6.104e-01 1.267e-03 3.922e-06 3.922e-06 3.922e-03 -5.882e-05 3.663e-06 1.961e-02
16.456781 -3.916e+00 -6.152e-01 1.369e-03 3.922e-06 3.922e-06 3.922e-03 -5.882e-05 3.663e-06 1.961e-02
16.466782 -3.970e+00 -6.055e-01 1.471e-03 3.922e-06 3.922e-06 3.922e-03 -5.882e-05 3.663e-06 1.961e-02
16.476784 -4.033e+00 -6.104e-01 1.576e-03 3.922e-06 3.922e-06 3.922e-03 -5.882e-05 3.663e-06 1.961e-02
16.486782 -4.097e+00 -5.957e-01 1.684e-03 3.922e-06 3.922e-06 3.922e-03 -5.882e-05 3.663e-06 1.961e-02
16.496782 -4.155e+00 -5.762e-01 1.772e-03 3.922e-06 3.922e-06 3.922e-03 -5.882e-05 3.663e-06 1.961e-02
16.506783 -4.199e+00 -5.566e-01 1.859e-03 3.922e-06 3.922e-06 3.922e-03 -5.882e-05 3.663e-06 1.961e-02
16.516783 -4.229e+00 -5.371e-01 1.958e-03 3.922e-06 3.922e-06 3.922e-03 -5.882e-05 3.663e-06 1.961e-02
16.526781 -4.253e+00 -5.029e-01 2.037e-03 3.922e-06 3.922e-06 3.922e-03 -5.882e-05 3.663e-06 1.961e-02
16.536783 -4.253e+00 -4.785e-01 2.131e-03 3.922e-06 3.922e-06 3.922e-03 -5.882e-05 3.663e-06 1.961e-02
16.546783 -4.277e+00 -4.395e-01 2.195e-03 3.922e-06 3.922e-06 3.922e-03 -5.882e-05 3.663e-06 1.961e-02
16.556782 -4.277e+00 -4.004e-01 2.268e-03 3.922e-06 3.922e-06 3.922e-03 -5.882e-05 3.663e-06 1.961e-02
16.566782 -4.248e+00 -3.564e-01 2.329e-03 3.922e-06 3.922e-06 3.922e-03 -5.882e-05 3.663e-06 1.961e-02
16.576782 -4.243e+00 -3.027e-01 2.379e-03 3.922e-06 3.922e-06 3.922e-03 -5.882e-05 3.663e-06 1.961e-02
16.586782 -4.194e+00 -2.637e-01 2.431e-03 3.922e-06 3.922e-06 3.922e-03 -5.882e-05 3.663e-06 1.961e-02
16.596783 -4.180e+00 -2.100e-01 2.463e-03 3.922e-06 3.922e-06 3.922e-03 -5.882e-05 3.663e-06 1.961e-02
16.606783 -4.126e+00 -1.514e-01 2.490e-03 3.922e-06 3.922e-06 3.922e-03 -5.882e-05 3.663e-06 1.961e-02
16.616783 -4.062e+00 -9.766e-02 2.510e-03 3.922e-06 3.922e-06 3.922e-03 -5.882e-05 3.663e-06 1.961e-02
16.626781 -3.999e+00 -4.395e-02 2.522e-03 3.922e-06 3.922e-06 3.922e-03 -5.882e-05 3.663e-06 1.961e-02
16.636782 -3.896e+00 1.953e-02 2.519e-03 3.922e-06 3.922e-06 3.922e-03 -5.882e-05 3.663e-06 1.961e-02
16.646782 -3.838e+00 6.836e-02 2.504e-03 3.922e-06 3.922e-06 3.922e-03 -5.882e-05 3.663e-06 1.961e-02
16.656782 -3.755e+00 1.221e-01 2.498e-03 3.922e-06 3.922e-06 3.922e-03 -5.882e-05 3.663e-06 1.961e-02
16.666782 -3.643e+00 1.807e-01 2.484e-03 3.922e-06 3.922e-06 3.922e-03 -5.882e-05 3.663e-06 1.961e-02
16.676783 -3.564e+00 2.344e-01 2.434e-03 3.922e-06 3.922e-06 3.922e-03 -5.882e-05 3.663e-06 1.961e-02
16.686783 -3.457e+00 3.076e-01 2.390e-03 3.922e-06 3.922e-06 3.922e-03 -5.882e-05 3.663e-06 1.961e-02
16.696783 -3.345e+00 3.418e-01 2.341e-03 3.922e-06 3.922e-06 3.922e-03 -5.882e-05 3.663e-06 1.961e-02
16.706781 -3.228e+00 3.906e-01 2.282e-03 3.922e-06 3.922e-06 3.922e-03 -5.882e-05 3.663e-06 1.961e-02
16.716782 -3.105e+00 4.443e-01 2.212e-03 3.922e-06 3.922e-06 3.922e-03 -5.882e-05 3.663e-06 1.961e-02
16.726782 -2.998e+00 4.883e-01 2.128e-03 3.922e-06 3.922e-06 3.922e-03 -5.882e-05 3.663e-06 1.961e-02
16.736782 -2.866e+00 5.273e-01 2.061e-03 3.922e-06 3.922e-06 3.922e-03 -5.882e-05 3.663e-06 1.961e-02
16.746782 -2.744e+00 5.615e-01 1.973e-03 3.922e-06 3.922e-06 3.922e-03 -5.882e-05 3.663e-06 1.961e-02
16.756783 -2.642e+00 5.908e-01 1.877e-03 3.922e-06 3.922e-06 3.922e-03 -5.882e-05 3.663e-06 1.961e-02
16.766783 -2.529e+00 6.299e-01 1.772e-03 3.922e-06 3.922e-06 3.922e-03 -5.882e-05 3.663e-06 1.961e-02
16.776781 -2.422e+00 6.445e-01 1.684e-03 3.922e-06 3.922e-06 3.922e-03 -5.882e-05 3.663e-06 1.961e-02
16.786783 -2.305e+00 6.885e-01 1.561e-03 3.922e-06 3.922e-06 3.922e-03 -5.882e-05 3.663e-06 1.961e-02
16.796782 -2.212e+00 6.982e-01 1.456e-03 3.922e-06 3.922e-06 3.922e-03 -5.882e-05 3.663e-06 1.961e-02
16.806782 -2.109e+00 7.080e-01 1.345e-03 3.922e-06 3.922e-06 3.922e-03 -5.882e-05 3.663e-06 1.961e-02
16.816784 -2.012e+00 7.227e-01 1.229e-03 3.922e-06 3.922e-06 3.922e-03 -5.882e-05 3.663e-06 1.961e-02
16.826784 -1.919e+00 7.080e-01 1.118e-03 3.922e-06 3.922e-06 3.922e-03 -5.882e-05 3.663e-06 1.961e-02
16.836782 -1.826e+00 7.129e-01 1.007e-03 3.922e-06 3.922e-06 3.922e-03 -5.882e-05 3.663e-06 1.961e-02
16.846783 -1.768e+00 7.080e-01 8.902e-04 3.922e-06 3.922e-06 3.922e-03 -5.882e-05 3.663e-06 1.961e-02
16.856783 -1.694e+00 6.934e-01 7.851e-04 3.922e-06 3.922e-06 3.922e-03 -5.882e-05 3.663e-06 1.961e-02
16.866781 -1.650e+00 6.836e-01 6.713e-04 3.922e-06 3.922e-06 3.922e-03 -5.882e-05 3.663e-06 1.961e-02
16.876781 -1.597e+00 6.494e-01 5.720e-04 3.922e-06 3.922e-06 3.922e-03 -5.882e-05 3.663e-06 1.961e-02
16.886782 -1.548e+00 6.396e-01 4.670e-04 3.922e-06 3.922e-06 3.922e-03 -5.882e-05 3.663e-06 1.961e-02
16.896784 -1.514e+00 6.006e-01 3.677e-04 3.922e-06 3.922e-06 3.922e-03 -5.882e-05 3.663e-06 1.961e-02
16.906782 -1.475e+00 5.762e-01 2.773e-04 3.922e-06 3.922e-06 3.922e-03 -5.882e-05 3.663e-06 1.961e-02
16.916782 -1.445e+00 5.225e-01 2.043e-04 3.922e-06 3.922e-06 3.922e-03 -5.882e-05 3.663e-06 1.961e-02
16.926783 -1.426e+00 4.736e-01 1.255e-04 3.922e-06 3.922e-06 3.922e-03 -5.882e-05 3.663e-06 1.961e-02
16.936783 -1.411e+00 4.395e-01 5.837e-05 3.922e-06 3.922e-06 3.922e-03 -5.882e-05 3.663e-06 1.961e-02
16.946783 -1.421e+00 3.857e-01 8.756e-06 3.922e-06 3.922e-06 3.922e-03 -5.882e-05 3.663e-06 1.961e-02
16.956781 -1.431e+00 3.320e-01 -3.210e-05 3.922e-06 3.922e-06 3.922e-03 -5.882e-05 3.663e-06 1.961e-02
16.966784 -1.465e+00 2.832e-01 -8.172e-05 3.922e-06 3.922e-06 3.922e-03 -5.882e-05 3.663e-06 1.961e-02
16.976782 -1.509e+00 2.246e-01 -1.226e-04 3.922e-06 3.922e-06 3.922e-03 -5.882e-05 3.663e-06 1.961e-02
16.986782 -1.553e+00 1.709e-01 -1.430e-04 3.922e-06 3.922e-06 3.922e-03 -5.882e-05 3.663e-06 1.961e-02
16.996782 -1.650e+00 1.221e-01 -1.693e-04 3.922e-06 3.922e-06 3.922e-03 -5.882e-05 3.663e-06 1.961e-02
17.006783 -1.738e+00 6.348e-02 -1.751e-04 3.922e-06 3.922e-06 3.922e-03 -5.882e-05 3.663e-06 1.961e-02
17.016783 -1.831e+00 -4.883e-03 -1.664e-04 3.922e-06 3.922e-06 3.922e-03 -5.882e-05 3.663e-06 1.961e-02
17.026783 -1.948e+00 -6.836e-02 -1.547e-04 3.922e-06 3.922e-06 3.922e-03 -5.882e-05 3.663e-06 1.961e-02
17.036781 -2.041e+00 -1.221e-01 -1.284e-04 3.922e-06 3.922e-06 3.922e-03 -5.882e-05 3.663e-06 1.961e-02
17.046782 -2.163e+00 -1.904e-01 -9.048e-05 3.922e-06 3.922e-06 3.922e-03 -5.882e-05 3.663e-06 1.961e-02
17.056782 -2.285e+00 -2.441e-01 -4.086e-05 3.922e-06 3.922e-06 3.922e-03 -5.882e-05 3.663e-06 1.961e-02
17.066782 -2.412e+00 -3.076e-01 1.167e-05 3.922e-06 3.922e-06 3.922e-03 -5.882e-05 3.663e-06 1.961e-02
17.076782 -2.544e+00 -3.564e-01 5.545e-05 3.922e-06 3.922e-06 3.922e-03 -5.882e-05 3.663e-06 1.961e-02
17.086782 -2.671e+00 -4.004e-01 1.255e-04 3.922e-06 3.922e-06 3.922e-03 -5.882e-05 3.663e-06 1.961e-02
17.096781 -2.808e+00 -4.590e-01 2.072e-04 3.922e-06 3.922e-06 3.922e-03 -5.882e-05 3.663e-06 1.961e-02
17.106783 -2.935e+00 -5.078e-01 2.977e-04 3.922e-06 3.922e-06 3.922e-03 -5.882e-05 3.663e-06 1.961e-02
17.116781 -3.062e+00 -5.615e-01 3.969e-04 3.922e-06 3.922e-06 3.922e-03 -5.882e-05 3.663e-06 1.961e-02
17.126781 -3.208e+00 -6.006e-01 4.962e-04 3.922e-06 3.922e-06 3.922e-03 -5.882e-05 3.663e-06 1.961e-02
17.136782 -3.340e+00 -6.299e-01 6.041e-04 3.922e-06 3.922e-06 3.922e-03 -5.882e-05 3.663e-06 1.961e-02
17.146782 -3.467e+00 -6.641e-01 7.151e-04 3.922e-06 3.922e-06 3.922e-03 -5.882e-05 3.663e-06 1.961e-02
17.156782 -3.589e+00 -6.982e-01 8.376e-04 3.922e-06 3.922e-06 3.922e-03 -5.882e-05 3.663e-06 1.961e-02
17.166782 -3.711e+00 -7.080e-01 9.456e-04 3.922e-06 3.922e-06 3.922e-03 -5.882e-05 3.663e-06 1.961e-02
17.176783 -3.833e+00 -7.275e-01 1.062e-03 3.922e-06 3.922e-06 3.922e-03 -5.882e-05 3.663e-06 1.961e-02
17.186783 -3.916e+00 -7.373e-01 1.200e-03 3.922e-06 3.922e-06 3.922e-03 -5.882e-05 3.663e-06 1.961e-02
17.196783 -4.043e+00 -7.471e-01 1.322e-03 3.922e-06 3.922e-06 3.922e-03 -5.882e-05 3.663e-06 1.961e-02
17.206781 -4.136e+00 -7.422e-01 1.442e-03 3.922e-06 3.922e-06 3.922e-03 -5.882e-05 3.663e-06 1.961e-02
17.216782 -4.219e+00 -7.422e-01 1.570e-03 3.922e-06 3.922e-06 3.922e-03 -5.882e-05 3.663e-06 1.961e-02
17.226782 -4.302e+00 -7.324e-01 1.696e-03 3.922e-06 3.922e-06 3.922e-03 -5.882e-05 3.663e-06 1.961e-02
17.236782 -4.365e+00 -7.129e-01 1.812e-03 3.922e-06 3.922e-06 3.922e-03 -5.882e-05 3.663e-06 1.961e-02
17.246782 -4.429e+00 -6.934e-01 1.938e-03 3.922e-06 3.922e-06 3.922e-03 -5.882e-05 3.663e-06 1.961e-02
17.256783 -4.473e+00 -6.641e-01 2.043e-03 3.922e-06 3.922e-06 3.922e-03 -5.882e-05 3.663e-06 1.961e-02
17.266783 -4.507e+00 -6.348e-01 2.157e-03 3.922e-06 3.922e-06 3.922e-03 -5.882e-05 3.663e-06 1.961e-02
17.276781 -4.536e+00 -6.006e-01 2.250e-03 3.922e-06 3.922e-06 3.922e-03 -5.882e-05 3.663e-06 1.961e-02
17.286783 -4.556e+00 -5.420e-01 2.338e-03 3.922e-06 3.922e-06 3.922e-03 -5.882e-05 3.663e-06 1.961e-02
17.296782 -4.551e+00 -5.127e-01 2.431e-03 3.922e-06 3.922e-06 3.922e-03 -5.882e-05 3.663e-06 1.961e-02
17.306782 -4.531e+00 -4.639e-01 2.519e-03 3.922e-06 3.922e-06 3.922e-03 -5.882e-05 3.663e-06 1.961e-02
17.316782 -4.526e+00 -4.053e-01 2.583e-03 3.922e-06 3.922e-06 3.922e-03 -5.882e-05 3.663e-06 1.961e-02
17.326782 -4.497e+00 -3.613e-01 2.656e-03 3.922e-06 3.922e-06 3.922e-03 -5.882e-05 3.663e-06 1.961e-02
17.336782 -4.448e+00 -2.832e-01 2.685e-03 3.922e-06 3.922e-06 3.922e-03 -5.882e-05 3.663e-06 1.961e-02
17.346783 -4.395e+00 -2.197e-01 2.726e-03 3.922e-06 3.922e-06 3.922e-03 -5.882e-05 3.663e-06 1.961e-02
17.356781 -4.331e+00 -1.465e-01 2.755e-03 3.922e-06 3.922e-06 3.922e-03 -5.882e-05 3.663e-06 1.961e-02
17.366781 -4.253e+00 -9.277e-02 2.781e-03 3.922e-06 3.922e-06 3.922e-03 -5.882e-05 3.663e-06 1.961e-02
17.376781 -4.165e+00 -2.930e-02 2.790e-03 3.922e-06 3.922e-06 3.922e-03 -5.882e-05 3.663e-06 1.961e-02
17.386784 -4.058e+00 3.906e-02 2.790e-03 3.922e-06 3.922e-06 3.922e-03 -5.882e-05 3.663e-06 1.961e-02
17.396784 -3.970e+00 1.074e-01 2.767e-03 3.922e-06 3.922e-06 3.922e-03 -5.882e-05 3.663e-06 1.961e-02
17.406782 -3.848e+00 1.807e-01 2.746e-03 3.922e-06 3.922e-06 3.922e-03 -5.882e-05 3.663e-06 1.961e-02
17.416782 -3.740e+00 2.490e-01 2.711e-03 3.922e-06 3.922e-06 3.922e-03 -5.882e-05 3.663e-06 1.961e-02
17.426783 -3.618e+00 3.027e-01 2.671e-03 3.922e-06 3.922e-06 3.922e-03 -5.882e-05 3.663e-06 1.961e-02
17.436783 -3.491e+00 3.760e-01 2.609e-03 3.922e-06 3.922e-06 3.922e-03 -5.882e-05 3.663e-06 1.961e-02
17.446783 -3.359e+00 4.346e-01 2.539e-03 3.922e-06 3.922e-06 3.922e-03 -5.882e-05 3.663e-06 1.961e-02
17.456783 -3.228e+00 4.932e-01 2.466e-03 3.922e-06 3.922e-06 3.922e-03 -5.882e-05 3.663e-06 1.961e-02
17.466784 -3.076e+00 5.615e-01 2.367e-03 3.922e-06 3.922e-06 3.922e-03 -5.882e-05 3.663e-06 1.961e-02
17.476782 -2.944e+00 6.152e-01 2.274e-03 3.922e-06 3.922e-06 3.922e-03 -5.882e-05 3.663e-06 1.961e-02
17.486782 -2.798e+00 6.494e-01 2.186e-03 3.922e-06 3.922e-06 3.922e-03 -5.882e-05 3.663e-06 1.961e-02
17.496782 -2.661e+00 6.934e-01 2.069e-03 3.922e-06 3.922e-06 3.922e-03 -5.882e-05 3.663e-06 1.961e-02
17.506783 -2.510e+00 7.324e-01 1.955e-03 3.922e-06 3.922e-06 3.922e-03 -5.882e-05 3.663e-06 1.961e-02
17.516783 -2.368e+00 7.715e-01 1.833e-03 3.922e-06 3.922e-06 3.922e-03 -5.882e-05 3.663e-06 1.961e-02
17.526783 -2.241e+00 7.959e-01 1.704e-03 3.922e-06 3.922e-06 3.922e-03 -5.882e-05 3.663e-06 1.961e-02
17.536783 -2.104e+00 8.350e-01 1.564e-03 3.922e-06 3.922e-06 3.922e-03 -5.882e-05 3.663e-06 1.961e-02
17.546783 -1.992e+00 8.447e-01 1.430e-03 3.922e-06 3.922e-06 3.922e-03 -5.882e-05 3.663e-06 1.961e-02
17.556782 -1.865e+00 8.594e-01 1.293e-03 3.922e-06 3.922e-06 3.922e-03 -5.882e-05 3.663e-06 1.961e-02
17.566782 -1.753e+00 8.643e-01 1.159e-03 3.922e-06 3.922e-06 3.922e-03 -5.882e-05 3.663e-06 1.961e-02
17.576782 -1.650e+00 8.691e-01 1.016e-03 3.922e-06 3.922e-06 3.922e-03 -5.882e-05 3.663e-06 1.961e-02
17.586782 -1.562e+00 8.740e-01 8.756e-04 3.922e-06 3.922e-06 3.922e-03 -5.882e-05 3.663e-06 1.961e-02
17.596783 -1.465e+00 8.447e-01 7.530e-04 3.922e-06 3.922e-06 3.922e-03 -5.882e-05 3.663e-06 1.961e-02
17.606783 -1.343e+00 8.350e-01 6.187e-04 3.922e-06 3.922e-06 3.922e-03 -5.882e-05 3.663e-06 1.961e-02
17.616781 -1.240e+00 8.154e-01 4.903e-04 3.922e-06 3.922e-06 3.922e-03 -5.882e-05 3.663e-06 1.961e-02
17.626783 -1.133e+00 7.764e-01 3.765e-04 3.922e-06 3.922e-06 3.922e-03 -5.882e-05 3.663e-06 1.961e-02
17.636782 -1.021e+00 7.520e-01 2.481e-04 3.922e-06 3.922e-06 3.922e-03 -5.882e-05 3.663e-06 1.961e-02
17.646782 -9.180e-01 7.129e-01 1.343e-04 3.922e-06 3.922e-06 3.922e-03 -5.882e-05 3.663e-06 1.961e-02
17.656782 -8.154e-01 6.738e-01 3.210e-05 3.922e-06 3.922e-06 3.922e-03 -5.882e-05 3.663e-06 1.961e-02
17.666782 -7.129e-01 6.396e-01 -7.005e-05 3.922e-06 3.922e-06 3.922e-03 -5.882e-05 3.663e-06 1.961e-02
17.676783 -6.201e-01 5.859e-01 -1.576e-04 3.922e-06 3.922e-06 3.922e-03 -5.882e-05 3.663e-06 1.961e-02
17.686781 -5.273e-01 5.420e-01 -2.306e-04 3.922e-06 3.922e-06 3.922e-03 -5.882e-05 3.663e-06 1.961e-02
17.696781 -4.492e-01 4.980e-01 -3.240e-04 3.922e-06 3.922e-06 3.922e-03 -5.882e-05 3.663e-06 1.961e-02
17.706781 -3.711e-01 4.590e-01 -3.940e-04 3.922e-06 3.922e-06 3.922e-03 -5.882e-05 3.663e-06 1.961e-02
17.716782 -2.930e-01 4.150e-01 -4.611e-04 3.922e-06 3.922e-06 3.922e-03 -5.882e-05 3.663e-06 1.961e-02
17.726784 -2.393e-01 3.613e-01 -5.108e-04 3.922e-06 3.922e-06 3.922e-03 -5.882e-05 3.663e-06 1.961e-02
17.736782 -1.660e-01 3.076e-01 -5.604e-04 3.922e-06 3.922e-06 3.922e-03 -5.882e-05 3.663e-06 1.961e-02
17.746782 -1.416e-01 2.539e-01 -5.954e-04 3.922e-06 3.922e-06 3.922e-03 -5.882e-05 3.663e-06 1.961e-02
17.756783 -1.025e-01 2.100e-01 -6.246e-04 3.922e-06 3.922e-06 3.922e-03 -5.882e-05 3.663e-06 1.961e-02
17.766781 -6.836e-02 1.660e-01 -6.450e-04 3.922e-06 3.922e-06 3.922e-03 -5.882e-05 3.663e-06 1.961e-02
17.776781 -6.348e-02 1.172e-01 -6.625e-04 3.922e-06 3.922e-06 3.922e-03 -5.882e-05 3.663e-06 1.961e-02
17.786781 -4.883e-02 6.348e-02 -6.596e-04 3.922e-06 3.922e-06 3.922e-03 -5.882e-05 3.663e-06 1.961e-02
17.796782 -7.812e-02 2.441e-02 -6.684e-04 3.922e-06 3.922e-06 3.922e-03 -5.882e-05 3.663e-06 1.961e-02
17.806782 -8.789e-02 -1.953e-02 -6.596e-04 3.922e-06 3.922e-06 3.922e-03 -5.882e-05 3.663e-06 1.961e-02
17.816782 -1.221e-01 -4.883e-02 -6.508e-04 3.922e-06 3.922e-06 3.922e-03 -5.882e-05 3.663e-06 1.961e-02
17.826782 -1.807e-01 -9.766e-02 -6.363e-04 3.922e-06 3.922e-06 3.922e-03 -5.882e-05 3.663e-06 1.961e-02
17.836782 -2.344e-01 -1.270e-01 -6.129e-04 3.922e-06 3.922e-06 3.922e-03 -5.882e-05 3.663e-06 1.961e-02
17.846783 -3.027e-01 -1.904e-01 -5.575e-04 3.922e-06 3.922e-06 3.922e-03 -5.882e-05 3.663e-06 1.961e-02
17.856781 -3.906e-01 -2.197e-01 -5.195e-04 3.922e-06 3.922e-06 3.922e-03 -5.882e-05 3.663e-06 1.961e-02
17.866783 -4.932e-01 -2.588e-01 -4.728e-04 3.922e-06 3.922e-06 3.922e-03 -5.882e-05 3.663e-06 1.961e-02
17.876783 -6.152e-01 -3.027e-01 -4.144e-04 3.922e-06 3.922e-06 3.922e-03 -5.882e-05 3.663e-06 1.961e-02
17.886784 -7.617e-01 -3.223e-01 -3.619e-04 3.922e-06 3.922e-06 3.922e-03 -5.882e-05 3.663e-06 1.961e-02
17.896782 -9.131e-01 -3.613e-01 -3.035e-04 3.922e-06 3.922e-06 3.922e-03 -5.882e-05 3.663e-06 1.961e-02
17.906782 -1.079e+00 -3.906e-01 -2.306e-04 3.922e-06 3.922e-06 3.922e-03 -5.882e-05 3.663e-06 1.961e-02
17.916784 -1.270e+00 -4.248e-01 -1.576e-04 3.922e-06 3.922e-06 3.922e-03 -5.882e-05 3.663e-06 1.961e-02
17.926783 -1.489e+00 -4.688e-01 -7.296e-05 3.922e-06 3.922e-06 3.922e-03 -5.882e-05 3.663e-06 1.961e-02
17.936783 -1.724e+00 -4.883e-01 5.837e-06 3.922e-06 3.922e-06 3.922e-03 -5.882e-05 3.663e-06 1.961e-02
17.946781 -1.929e+00 -5.273e-01 9.631e-05 3.922e-06 3.922e-06 3.922e-03 -5.882e-05 3.663e-06 1.961e-02
17.956783 -2.148e+00 -5.615e-01 1.955e-04 3.922e-06 3.922e-06 3.922e-03 -5.882e-05 3.663e-06 1.961e-02
17.966782 -2.354e+00 -5.811e-01 2.919e-04 3.922e-06 3.922e-06 3.922e-03 -5.882e-05 3.663e-06 1.961e-02
17.976782 -2.573e+00 -6.152e-01 3.911e-04 3.922e-06 3.922e-06 3.922e-03 -5.882e-05 3.663e-06 1.961e-02
17.986782 -2.739e+00 -6.348e-01 4.991e-04 3.922e-06 3.922e-06 3.922e-03 -5.882e-05 3.663e-06 1.961e-02
17.996782 -2.915e+00 -6.689e-01 6.158e-04 3.922e-06 3.922e-06 3.922e-03 -5.882e-05 3.663e-06 1.961e-02
18.006783 -3.081e+00 -6.592e-01 7.151e-04 3.922e-06 3.922e-06 3.922e-03 -5.882e-05 3.663e-06 1.961e-02
18.016781 -3.237e+00 -6.934e-01 8.435e-04 3.922e-06 3.922e-06 3.922e-03 -5.882e-05 3.663e-06 1.961e-02
18.026783 -3.374e+00 -7.129e-01 9.661e-04 3.922e-06 3.922e-06 3.922e-03 -5.882e-05 3.663e-06 1.961e-02
18.036783 -3.511e+00 -7.178e-01 1.089e-03 3.922e-06 3.922e-06 3.922e-03 -5.882e-05 3.663e-06 1.961e-02
18.046782 -3.647e+00 -7.275e-01 1.208e-03 3.922e-06 3.922e-06 3.922e-03 -5.882e-05 3.663e-06 1.961e-02
18.056782 -3.760e+00 -7.129e-01 1.322e-03 3.922e-06 3.922e-06 3.922e-03 -5.882e-05 3.663e-06 1.961e-02
18.066782 -3.867e+00 -7.178e-01 1.459e-03 3.922e-06 3.922e-06 3.922e-03 -5.882e-05 3.663e-06 1.961e-02
18.076782 -3.965e+00 -7.080e-01 1.564e-03 3.922e-06 3.922e-06 3.922e-03 -5.882e-05 3.663e-06 1.961e-02
18.086782 -4.043e+00 -6.885e-01 1.681e-03 3.922e-06 3.922e-06 3.922e-03 -5.882e-05 3.663e-06 1.961e-02
18.096783 -4.136e+00 -6.689e-01 1.783e-03 3.922e-06 3.922e-06 3.922e-03 -5.882e-05 3.663e-06 1.961e-02
18.106781 -4.185e+00 -6.348e-01 1.894e-03 3.922e-06 3.922e-06 3.922e-03 -5.882e-05 3.663e-06 1.961e-02
18.116781 -4.243e+00 -6.055e-01 1.996e-03 3.922e-06 3.922e-06 3.922e-03 -5.882e-05 3.663e-06 1.961e-02
18.126783 -4.292e+00 -5.713e-01 2.084e-03 3.922e-06 3.922e-06 3.922e-03 -5.882e-05 3.663e-06 1.961e-02
18.136782 -4.326e+00 -5.420e-01 2.186e-03 3.922e-06 3.922e-06 3.922e-03 -5.882e-05 3.663e-06 1.961e-02
18.146784 -4.336e+00 -5.078e-01 2.274e-03 3.922e-06 3.922e-06 3.922e-03 -5.882e-05 3.663e-06 1.961e-02
18.156782 -4.341e+00 -4.492e-01 2.349e-03 3.922e-06 3.922e-06 3.922e-03 -5.882e-05 3.663e-06 1.961e-02
18.166782 -4.326e+00 -4.053e-01 2.434e-03 3.922e-06 3.922e-06 3.922e-03 -5.882e-05 3.663e-06 1.961e-02
18.176783 -4.331e+00 -3.662e-01 2.490e-03 3.922e-06 3.922e-06 3.922e-03 -5.882e-05 3.663e-06 1.961e-02
18.186783 -4.277e+00 -3.027e-01 2.542e-03 3.922e-06 3.922e-06 3.922e-03 -5.882e-05 3.663e-06 1.961e-02
18.196781 -4.258e+00 -2.393e-01 2.577e-03 3.922e-06 3.922e-06 3.922e-03 -5.882e-05 3.663e-06 1.961e-02
18.206781 -4.204e+00 -1.807e-01 2.603e-03 3.922e-06 3.922e-06 3.922e-03 -5.882e-05 3.663e-06 1.961e-02
18.216782 -4.146e+00 -1.221e-01 2.635e-03 3.922e-06 3.922e-06 3.922e-03 -5.882e-05 3.663e-06 1.961e-02
18.226782 -4.077e+00 -5.859e-02 2.638e-03 3.922e-06 3.922e-06 3.922e-03 -5.882e-05 3.663e-06 1.961e-02
18.236782 -3.984e+00 0.000e+00 2.650e-03 3.922e-06 3.922e-06 3.922e-03 -5.882e-05 3.663e-06 1.961e-02
18.246782 -3.906e+00 5.371e-02 2.647e-03 3.922e-06 3.922e-06 3.922e-03 -5.882e-05 3.663e-06 1.961e-02
18.256783 -3.813e+00 1.221e-01 2.633e-03 3.922e-06 3.922e-06 3.922e-03 -5.882e-05 3.663e-06 1.961e-02
18.266783 -3.721e+00 1.953e-01 2.600e-03 3.922e-06 3.922e-06 3.922e-03 -5.882e-05 3.663e-06 1.961e-02
18.276783 -3.608e+00 2.441e-01 2.568e-03 3.922e-06 3.922e-06 3.922e-03 -5.882e-05 3.663e-06 1.961e-02
18.286783 -3.481e+00 3.076e-01 2.519e-03 3.922e-06 3.922e-06 3.922e-03 -5.882e-05 3.663e-06 1.961e-02
18.296783 -3.374e+00 3.613e-01 2.460e-03 3.922e-06 3.922e-06 3.922e-03 -5.882e-05 3.663e-06 1.961e-02
18.306782 -3.257e+00 4.297e-01 2.384e-03 3.922e-06 3.922e-06 3.922e-03 -5.882e-05 3.663e-06 1.961e-02
18.316782 -3.120e+00 4.736e-01 2.320e-03 3.922e-06 3.922e-06 3.922e-03 -5.882e-05 3.663e-06 1.961e-02
18.326782 -3.008e+00 5.273e-01 2.233e-03 3.922e-06 3.922e-06 3.922e-03 -5.882e-05 3.663e-06 1.961e-02
18.336782 -2.856e+00 5.664e-01 2.163e-03 3.922e-06 3.922e-06 3.922e-03 -5.882e-05 3.663e-06 1.961e-02
18.346781 -2.744e+00 6.201e-01 2.049e-03 3.922e-06 3.922e-06 3.922e-03 -5.882e-05 3.663e-06 1.961e-02
18.356783 -2.612e+00 6.641e-01 1.950e-03 3.922e-06 3.922e-06 3.922e-03 -5.882e-05 3.663e-06 1.961e-02
18.366783 -2.490e+00 6.934e-01 1.839e-03 3.922e-06 3.922e-06 3.922e-03 -5.882e-05 3.663e-06 1.961e-02
18.376783 -2.373e+00 7.178e-01 1.725e-03 3.922e-06 3.922e-06 3.922e-03 -5.882e-05 3.663e-06 1.961e-02
18.386782 -2.222e+00 7.373e-01 1.614e-03 3.922e-06 3.922e-06 3.922e-03 -5.882e-05 3.663e-06 1.961e-02
18.396782 -2.129e+00 7.666e-01 1.477e-03 3.922e-06 3.922e-06 3.922e-03 -5.882e-05 3.663e-06 1.961e-02
18.406782 -2.007e+00 7.812e-01 1.360e-03 3.922e-06 3.922e-06 3.922e-03 -5.882e-05 3.663e-06 1.961e-02
18.416782 -1.904e+00 7.861e-01 1.237e-03 3.922e-06 3.922e-06 3.922e-03 -5.882e-05 3.663e-06 1.961e-02
18.426783 -1.831e+00 7.812e-01 1.115e-03 3.922e-06 3.922e-06 3.922e-03 -5.882e-05 3.663e-06 1.961e-02
18.436781 -1.704e+00 7.812e-01 9.982e-04 3.922e-06 3.922e-06 3.922e-03 -5.882e-05 3.663e-06 1.961e-02
18.446783 -1.641e+00 7.764e-01 8.610e-04 3.922e-06 3.922e-06 3.922e-03 -5.882e-05 3.663e-06 1.961e-02
18.456781 -1.562e+00 7.764e-01 7.355e-04 3.922e-06 3.922e-06 3.922e-03 -5.882e-05 3.663e-06 1.961e-02
18.466784 -1.489e+00 7.568e-01 6.158e-04 3.922e-06 3.922e-06 3.922e-03 -5.882e-05 3.663e-06 1.961e-02
18.476782 -1.406e+00 7.129e-01 5.078e-04 3.922e-06 3.922e-06 3.922e-03 -5.882e-05 3.663e-06 1.961e-02
18.486782 -1.343e+00 7.080e-01 3.853e-04 3.922e-06 3.922e-06 3.922e-03 -5.882e-05 3.663e-06 1.961e-02
18.496782 -1.260e+00 6.543e-01 2.948e-04 3.922e-06 3.922e-06 3.922e-03 -5.882e-05 3.663e-06 1.961e-02
18.506783 -1.177e+00 6.250e-01 1.955e-04 3.922e-06 3.922e-06 3.922e-03 -5.882e-05 3.663e-06 1.961e-02
18.516783 -1.118e+00 5.908e-01 1.022e-04 3.922e-06 3.922e-06 3.922e-03 -5.882e-05 3.663e-06 1.961e-02
18.526783 -1.069e+00 5.322e-01 2.627e-05 3.922e-06 3.922e-06 3.922e-03 -5.882e-05 3.663e-06 1.961e-02
18.536781 -1.030e+00 5.127e-01 -7.588e-05 3.922e-06 3.922e-06 3.922e-03 -5.882e-05 3.663e-06 1.961e-02
18.546782 -9.717e-01 4.492e-01 -1.284e-04 3.922e-06 3.922e-06 3.922e-03 -5.882e-05 3.663e-06 1.961e-02
18.556782 -9.424e-01 4.102e-01 -2.014e-04 3.922e-06 3.922e-06 3.922e-03 -5.882e-05 3.663e-06 1.961e-02
18.566784 -9.229e-01 3.662e-01 -2.598e-04 3.922e-06 3.922e-06 3.922e-03 -5.882e-05 3.663e-06 1.961e-02
18.576782 -9.131e-01 3.125e-01 -3.035e-04 3.922e-06 3.922e-06 3.922e-03 -5.882e-05 3.663e-06 1.961e-02
18.586782 -9.131e-01 2.441e-01 -3.240e-04 3.922e-06 3.922e-06 3.922e-03 -5.882e-05 3.663e-06 1.961e-02
18.596783 -9.326e-01 1.904e-01 -3.590e-04 3.922e-06 3.922e-06 3.922e-03 -5.882e-05 3.663e-06 1.961e-02
18.606783 -9.717e-01 1.465e-01 -3.853e-04 3.922e-06 3.922e-06 3.922e-03 -5.882e-05 3.663e-06 1.961e-02
18.616783 -1.021e+00 9.277e-02 -3.998e-04 3.922e-06 3.922e-06 3.922e-03 -5.882e-05 3.663e-06 1.961e-02
18.626781 -1.089e+00 2.930e-02 -3.911e-04 3.922e-06 3.922e-06 3.922e-03 -5.882e-05 3.663e-06 1.961e-02
18.636782 -1.177e+00 -2.441e-02 -3.823e-04 3.922e-06 3.922e-06 3.922e-03 -5.882e-05 3.663e-06 1.961e-02
18.646782 -1.284e+00 -8.301e-02 -3.765e-04 3.922e-06 3.922e-06 3.922e-03 -5.882e-05 3.663e-06 1.961e-02
18.656782 -1.406e+00 -1.270e-01 -3.502e-04 3.922e-06 3.922e-06 3.922e-03 -5.882e-05 3.663e-06 1.961e-02
18.666782 -1.543e+00 -1.953e-01 -3.065e-04 3.922e-06 3.922e-06 3.922e-03 -5.882e-05 3.663e-06 1.961e-02
18.676783 -1.729e+00 -2.490e-01 -2.714e-04 3.922e-06 3.922e-06 3.922e-03 -5.882e-05 3.663e-06 1.961e-02
18.686783 -1.899e+00 -2.930e-01 -2.189e-04 3.922e-06 3.922e-06 3.922e-03 -5.882e-05 3.663e-06 1.961e-02
18.696781 -2.061e+00 -3.760e-01 -1.372e-04 3.922e-06 3.922e-06 3.922e-03 -5.882e-05 3.663e-06 1.961e-02
18.706783 -2.227e+00 -4.150e-01 -8.172e-05 3.922e-06 3.922e-06 3.922e-03 -5.882e-05 3.663e-06 1.961e-02
18.716782 -2.402e+00 -4.688e-01 0.000e+00 3.922e-06 3.922e-06 3.922e-03 -5.882e-05 3.663e-06 1.961e-02
18.726784 -2.578e+00 -5.176e-01 8.172e-05 3.922e-06 3.922e-06 3.922e-03 -5.882e-05 3.663e-06 1.961e-02
18.736782 -2.739e+00 -5.518e-01 1.751e-04 3.922e-06 3.922e-06 3.922e-03 -5.882e-05 3.663e-06 1.961e-02
18.746782 -2.905e+00 -6.055e-01 2.831e-04 3.922e-06 3.922e-06 3.922e-03 -5.882e-05 3.663e-06 1.961e-02
18.756783 -3.062e+00 -6.445e-01 3.911e-04 3.922e-06 3.922e-06 3.922e-03 -5.882e-05 3.663e-06 1.961e-02
18.766783 -3.213e+00 -6.787e-01 5.078e-04 3.922e-06 3.922e-06 3.922e-03 -5.882e-05 3.663e-06 1.961e-02
18.776783 -3.374e+00 -7.275e-01 6.333e-04 3.922e-06 3.922e-06 3.922e-03 -5.882e-05 3.663e-06 1.961e-02
18.786783 -3.491e+00 -7.568e-01 7.705e-04 3.922e-06 3.922e-06 3.922e-03 -5.882e-05 3.663e-06 1.961e-02
18.796783 -3.652e+00 -7.812e-01 8.960e-04 3.922e-06 3.922e-06 3.922e-03 -5.882e-05 3.663e-06 1.961e-02
18.806782 -3.784e+00 -7.959e-01 1.033e-03 3.922e-06 3.922e-06 3.922e-03 -5.882e-05 3.663e-06 1.961e-02
18.816784 -3.911e+00 -8.008e-01 1.165e-03 3.922e-06 3.922e-06 3.922e-03 -5.882e-05 3.663e-06 1.961e-02
18.826782 -4.043e+00 -8.057e-01 1.290e-03 3.922e-06 3.922e-06 3.922e-03 -5.882e-05 3.663e-06 1.961e-02
18.836782 -4.131e+00 -8.057e-01 1.436e-03 3.922e-06 3.922e-06 3.922e-03 -5.882e-05 3.663e-06 1.961e-02
18.846783 -4.238e+00 -8.057e-01 1.567e-03 3.922e-06 3.922e-06 3.922e-03 -5.882e-05 3.663e-06 1.961e-02
18.856783 -4.331e+00 -7.861e-01 1.693e-03 3.922e-06 3.922e-06 3.922e-03 -5.882e-05 3.663e-06 1.961e-02
18.866781 -4.409e+00 -7.715e-01 1.824e-03 3.922e-06 3.922e-06 3.922e-03 -5.882e-05 3.663e-06 1.961e-02
18.876781 -4.478e+00 -7.520e-01 1.953e-03 3.922e-06 3.922e-06 3.922e-03 -5.882e-05 3.663e-06 1.961e-02
18.886782 -4.536e+00 -7.080e-01 2.069e-03 3.922e-06 3.922e-06 3.922e-03 -5.882e-05 3.663e-06 1.961e-02
18.896782 -4.580e+00 -6.934e-01 2.201e-03 3.922e-06 3.922e-06 3.922e-03 -5.882e-05 3.663e-06 1.961e-02
18.906782 -4.609e+00 -6.494e-01 2.306e-03 3.922e-06 3.922e-06 3.922e-03 -5.882e-05 3.663e-06 1.961e-02
18.916782 -4.624e+00 -6.104e-01 2.411e-03 3.922e-06 3.922e-06 3.922e-03 -5.882e-05 3.663e-06 1.961e-02
18.926783 -4.639e+00 -5.664e-01 2.504e-03 3.922e-06 3.922e-06 3.922e-03 -5.882e-05 3.663e-06 1.961e-02
18.936783 -4.624e+00 -4.980e-01 2.580e-03 3.922e-06 3.922e-06 3.922e-03 -5.882e-05 3.663e-06 1.961e-02
18.946781 -4.614e+00 -4.443e-01 2.653e-03 3.922e-06 3.922e-06 3.922e-03 -5.882e-05 3.663e-06 1.961e-02
18.956783 -4.575e+00 -3.857e-01 2.723e-03 3.922e-06 3.922e-06 3.922e-03 -5.882e-05 3.663e-06 1.961e-02
18.966782 -4.536e+00 -3.271e-01 2.784e-03 3.922e-06 3.922e-06 3.922e-03 -5.882e-05 3.663e-06 1.961e-02
18.976782 -4.487e+00 -2.588e-01 2.825e-03 3.922e-06 3.922e-06 3.922e-03 -5.882e-05 3.663e-06 1.961e-02
18.986782 -4.404e+00 -1.953e-01 2.878e-03 3.922e-06 3.922e-06 3.922e-03 -5.882e-05 3.663e-06 1.961e-02
18.996782 -4.355e+00 -1.221e-01 2.884e-03 3.922e-06 3.922e-06 3.922e-03 -5.882e-05 3.663e-06 1.961e-02
19.006783 -4.248e+00 -4.395e-02 2.892e-03 3.922e-06 3.922e-06 3.922e-03 -5.882e-05 3.663e-06 1.961e-02
19.016783 -4.155e+00 3.906e-02 2.881e-03 3.922e-06 3.922e-06 3.922e-03 -5.882e-05 3.663e-06 1.961e-02
19.026783 -4.043e+00 9.766e-02 2.878e-03 3.922e-06 3.922e-06 3.922e-03 -5.882e-05 3.663e-06 1.961e-02
19.036781 -3.926e+00 1.758e-01 2.851e-03 3.922e-06 3.922e-06 3.922e-03 -5.882e-05 3.663e-06 1.961e-02
19.046782 -3.813e+00 2.441e-01 2.814e-03 3.922e-06 3.922e-06 3.922e-03 -5.882e-05 3.663e-06 1.961e-02
19.056784 -3.677e+00 3.174e-01 2.764e-03 3.922e-06 3.922e-06 3.922e-03 -5.882e-05 3.663e-06 1.961e-02
19.066782 -3.540e+00 3.906e-01 2.703e-03 3.922e-06 3.922e-06 3.922e-03 -5.882e-05 3.663e-06 1.961e-02
19.076782 -3.394e+00 4.492e-01 2.644e-03 3.922e-06 3.922e-06 3.922e-03 -5.882e-05 3.663e-06 1.961e-02
19.086782 -3.242e+00 5.176e-01 2.563e-03 3.922e-06 3.922e-06 3.922e-03 -5.882e-05 3.663e-06 1.961e-02
19.096783 -3.125e+00 5.811e-01 2.463e-03 3.922e-06 3.922e-06 3.922e-03 -5.882e-05 3.663e-06 1.961e-02
19.106781 -2.954e+00 6.348e-01 2.361e-03 3.922e-06 3.922e-06 3.922e-03 -5.882e-05 3.663e-06 1.961e-02
19.116783 -2.808e+00 6.934e-01 2.247e-03 3.922e-06 3.922e-06 3.922e-03 -5.882e-05 3.663e-06 1.961e-02
19.126781 -2.651e+00 7.324e-01 2.139e-03 3.922e-06 3.922e-06 3.922e-03 -5.882e-05 3.663e-06 1.961e-02
19.136782 -2.500e+00 7.910e-01 2.008e-03 3.922e-06 3.922e-06 3.922e-03 -5.882e-05 3.663e-06 1.961e-02
19.146782 -2.349e+00 8.154e-01 1.880e-03 3.922e-06 3.922e-06 3.922e-03 -5.882e-05 3.663e-06 1.961e-02
19.156782 -2.207e+00 8.496e-01 1.748e-03 3.922e-06 3.922e-06 3.922e-03 -5.882e-05 3.663e-06 1.961e-02
19.166782 -2.070e+00 8.789e-01 1.611e-03 3.922e-06 3.922e-06 3.922e-03 -5.882e-05 3.663e-06 1.961e-02
19.176783 -1.938e+00 8.887e-01 1.474e-03 3.922e-06 3.922e-06 3.922e-03 -5.882e-05 3.663e-06 1.961e-02
19.186783 -1.807e+00 9.180e-01 1.319e-03 3.922e-06 3.922e-06 3.922e-03 -5.882e-05 3.663e-06 1.961e-02
19.196783 -1.694e+00 9.229e-01 1.176e-03 3.922e-06 3.922e-06 3.922e-03 -5.882e-05 3.663e-06 1.961e-02
19.206783 -1.587e+00 9.229e-01 1.024e-03 3.922e-06 3.922e-06 3.922e-03 -5.882e-05 3.663e-06 1.961e-02
19.216784 -1.465e+00 8.984e-01 8.843e-04 3.922e-06 3.922e-06 3.922e-03 -5.882e-05 3.663e-06 1.961e-02
19.226784 -1.343e+00 9.033e-01 7.355e-04 3.922e-06 3.922e-06 3.922e-03 -5.882e-05 3.663e-06 1.961e-02
19.236784 -1.191e+00 8.887e-01 6.041e-04 3.922e-06 3.922e-06 3.922e-03 -5.882e-05 3.663e-06 1.961e-02
19.246780 -1.084e+00 8.643e-01 4.611e-04 3.922e-06 3.922e-06 3.922e-03 -5.882e-05 3.663e-06 1.961e-02
19.256781 -9.424e-01 8.398e-01 3.269e-04 3.922e-06 3.922e-06 3.922e-03 -5.882e-05 3.663e-06 1.961e-02
19.266783 -8.057e-01 8.154e-01 1.985e-04 3.922e-06 3.922e-06 3.922e-03 -5.882e-05 3.663e-06 1.961e-02
19.276783 -6.738e-01 7.715e-01 7.588e-05 3.922e-06 3.922e-06 3.922e-03 -5.882e-05 3.663e-06 1.961e-02
19.286781 -5.371e-01 7.568e-01 -5.545e-05 3.922e-06 3.922e-06 3.922e-03 -5.882e-05 3.663e-06 1.961e-02
19.296783 -3.955e-01 7.031e-01 -1.547e-04 3.922e-06 3.922e-06 3.922e-03 -5.882e-05 3.663e-06 1.961e-02
19.306782 -2.734e-01 6.738e-01 -2.685e-04 3.922e-06 3.922e-06 3.922e-03 -5.882e-05 3.663e-06 1.961e-02
19.316782 -1.416e-01 6.201e-01 -3.561e-04 3.922e-06 3.922e-06 3.922e-03 -5.882e-05 3.663e-06 1.961e-02
19.326782 -1.465e-02 5.762e-01 -4.436e-04 3.922e-06 3.922e-06 3.922e-03 -5.882e-05 3.663e-06 1.961e-02
19.336782 1.172e-01 5.420e-01 -5.341e-04 3.922e-06 3.922e-06 3.922e-03 -5.882e-05 3.663e-06 1.961e-02
19.346783 2.344e-01 4.932e-01 -6.041e-04 3.922e-06 3.922e-06 3.922e-03 -5.882e-05 3.663e-06 1.961e-02
19.356781 3.516e-01 4.443e-01 -6.654e-04 3.922e-06 3.922e-06 3.922e-03 -5.882e-05 3.663e-06 1.961e-02
19.366781 4.639e-01 4.004e-01 -7.209e-04 3.922e-06 3.922e-06 3.922e-03 -5.882e-05 3.663e-06 1.961e-02
19.376781 5.664e-01 3.516e-01 -7.793e-04 3.922e-06 3.922e-06 3.922e-03 -5.882e-05 3.663e-06 1.961e-02
19.386784 6.787e-01 3.027e-01 -8.085e-04 3.922e-06 3.922e-06 3.922e-03 -5.882e-05 3.663e-06 1.961e-02
19.396784 7.666e-01 2.783e-01 -8.697e-04 3.922e-06 3.922e-06 3.922e-03 -5.882e-05 3.663e-06 1.961e-02
19.406782 8.594e-01 2.393e-01 -9.018e-04 3.922e-06 3.922e-06 3.922e-03 -5.882e-05 3.663e-06 1.961e-02
19.416782 9.521e-01 1.904e-01 -9.106e-04 3.922e-06 3.922e-06 3.922e-03 -5.882e-05 3.663e-06 1.961e-02
19.426783 1.040e+00 1.562e-01 -9.427e-04 3.922e-06 3.922e-06 3.922e-03 -5.882e-05 3.663e-06 1.961e-02
19.436783 1.143e+00 1.270e-01 -9.544e-04 3.922e-06 3.922e-06 3.922e-03 -5.882e-05 3.663e-06 1.961e-02
19.446783 1.206e+00 8.789e-02 -9.573e-04 3.922e-06 3.922e-06 3.922e-03 -5.882e-05 3.663e-06 1.961e-02
19.456781 1.284e+00 5.859e-02 -9.602e-04 3.922e-06 3.922e-06 3.922e-03 -5.882e-05 3.663e-06 1.961e-02
19.466784 1.362e+00 2.441e-02 -9.515e-04 3.922e-06 3.922e-06 3.922e-03 -5.882e-05 3.663e-06 1.961e-02
19.476782 1.431e+00 4.883e-03 -9.515e-04 3.922e-06 3.922e-06 3.922e-03 -5.882e-05 3.663e-06 1.961e-02
19.486782 1.499e+00 4.883e-03 -9.544e-04 3.922e-06 3.922e-06 3.922e-03 -5.882e-05 3.663e-06 1.961e-02
19.496782 1.567e+00 -2.441e-02 -9.340e-04 3.922e-06 3.922e-06 3.922e-03 -5.882e-05 3.663e-06 1.961e-02
19.506783 1.655e+00 -2.930e-02 -9.281e-04 3.922e-06 3.922e-06 3.922e-03 -5.882e-05 3.663e-06 1.961e-02
19.516781 1.748e+00 -5.371e-02 -9.048e-04 3.922e-06 3.922e-06 3.922e-03 -5.882e-05 3.663e-06 1.961e-02
19.526783 1.821e+00 -5.859e-02 -8.960e-04 3.922e-06 3.922e-06 3.922e-03 -5.882e-05 3.663e-06 1.961e-02
19.536783 1.899e+00 -5.859e-02 -8.668e-04 3.922e-06 3.922e-06 3.922e-03 -5.882e-05 3.663e-06 1.961e-02
19.546782 1.973e+00 -6.348e-02 -8.610e-04 3.922e-06 3.922e-06 3.922e-03 -5.882e-05 3.663e-06 1.961e-02
19.556782 2.056e+00 -6.348e-02 -8.376e-04 3.922e-06 3.922e-06 3.922e-03 -5.882e-05 3.663e-06 1.961e-02
19.566782 2.119e+00 -4.395e-02 -8.318e-04 3.922e-06 3.922e-06 3.922e-03 -5.882e-05 3.663e-06 1.961e-02
19.576782 2.178e+00 -4.883e-02 -8.114e-04 3.922e-06 3.922e-06 3.922e-03 -5.882e-05 3.663e-06 1.961e-02
19.586782 2.251e+00 -3.906e-02 -7.939e-04 3.922e-06 3.922e-06 3.922e-03 -5.882e-05 3.663e-06 1.961e-02
19.596781 2.295e+00 -2.930e-02 -7.939e-04 3.922e-06 3.922e-06 3.922e-03 -5.882e-05 3.663e-06 1.961e-02
19.606781 2.363e+00 4.883e-03 -7.968e-04 3.922e-06 3.922e-06 3.922e-03 -5.882e-05 3.663e-06 1.961e-02
19.616783 2.412e+00 9.766e-03 -7.822e-04 3.922e-06 3.922e-06 3.922e-03 -5.882e-05 3.663e-06 1.961e-02
19.626781 2.476e+00 2.441e-02 -7.822e-04 3.922e-06 3.922e-06 3.922e-03 -5.882e-05 3.663e-06 1.961e-02
19.636782 2.524e+00 4.395e-02 -7.705e-04 3.922e-06 3.922e-06 3.922e-03 -5.882e-05 3.663e-06 1.961e-02
19.646782 2.563e+00 5.859e-02 -7.822e-04 3.922e-06 3.922e-06 3.922e-03 -5.882e-05 3.663e-06 1.961e-02
19.656782 2.637e+00 7.812e-02 -7.880e-04 3.922e-06 3.922e-06 3.922e-03 -5.882e-05 3.663e-06 1.961e-02
19.666782 2.695e+00 9.766e-02 -7.968e-04 3.922e-06 3.922e-06 3.922e-03 -5.882e-05 3.663e-06 1.961e-02
19.676783 2.744e+00 1.318e-01 -8.230e-04 3.922e-06 3.922e-06 3.922e-03 -5.882e-05 3.663e-06 1.961e-02
19.686783 2.822e+00 1.465e-01 -8.347e-04 3.922e-06 3.922e-06 3.922e-03 -5.882e-05 3.663e-06 1.961e-02
19.696781 2.856e+00 1.465e-01 -8.522e-04 3.922e-06 3.922e-06 3.922e-03 -5.882e-05 3.663e-06 1.961e-02
19.706781 2.920e+00 1.904e-01 -8.931e-04 3.922e-06 3.922e-06 3.922e-03 -5.882e-05 3.663e-06 1.961e-02
19.716782 2.979e+00 2.051e-01 -9.106e-04 3.922e-06 3.922e-06 3.922e-03 -5.882e-05 3.663e-06 1.961e-02
19.726782 3.042e+00 2.148e-01 -9.369e-04 3.922e-06 3.922e-06 3.922e-03 -5.882e-05 3.663e-06 1.961e-02
19.736782 3.101e+00 2.490e-01 -9.836e-04 3.922e-06 3.922e-06 3.922e-03 -5.882e-05 3.663e-06 1.961e-02
19.746780 3.135e+00 2.490e-01 -1.004e-03 3.922e-06 3.922e-06 3.922e-03 -5.882e-05 3.663e-06 1.961e-02
19.756783 3.198e+00 2.686e-01 -1.045e-03 3.922e-06 3.922e-06 3.922e-03 -5.882e-05 3.663e-06 1.961e-02
19.766783 3.257e+00 2.734e-01 -1.080e-03 3.922e-06 3.922e-06 3.922e-03 -5.882e-05 3.663e-06 1.961e-02
19.776783 3.301e+00 2.930e-01 -1.129e-03 3.922e-06 3.922e-06 3.922e-03 -5.882e-05 3.663e-06 1.961e-02
19.786783 3.354e+00 3.076e-01 -1.173e-03 3.922e-06 3.922e-06 3.922e-03 -5.882e-05 3.663e-06 1.961e-02
19.796782 3.413e+00 3.076e-01 -1.220e-03 3.922e-06 3.922e-06 3.922e-03 -5.882e-05 3.663e-06 1.961e-02
19.806784 3.467e+00 3.271e-01 -1.264e-03 3.922e-06 3.922e-06 3.922e-03 -5.882e-05 3.663e-06 1.961e-02
19.816782 3.501e+00 3.271e-01 -1.313e-03 3.922e-06 3.922e-06 3.922e-03 -5.882e-05 3.663e-06 1.961e-02
19.826782 3.550e+00 3.223e-01 -1.360e-03 3.922e-06 3.922e-06 3.922e-03 -5.882e-05 3.663e-06 1.961e-02
19.836782 3.599e+00 3.320e-01 -1.407e-03 3.922e-06 3.922e-06 3.922e-03 -5.882e-05 3.663e-06 1.961e-02
19.846781 3.628e+00 3.174e-01 -1.442e-03 3.922e-06 3.922e-06 3.922e-03 -5.882e-05 3.663e-06 1.961e-02
19.856781 3.652e+00 3.174e-01 -1.491e-03 3.922e-06 3.922e-06 3.922e-03 -5.882e-05 3.663e-06 1.961e-02
19.866783 3.677e+00 2.979e-01 -1.532e-03 3.922e-06 3.922e-06 3.922e-03 -5.882e-05 3.663e-06 1.961e-02
19.876781 3.706e+00 3.027e-01 -1.585e-03 3.922e-06 3.922e-06 3.922e-03 -5.882e-05 3.663e-06 1.961e-02
19.886782 3.735e+00 2.930e-01 -1.614e-03 3.922e-06 3.922e-06 3.922e-03 -5.882e-05 3.663e-06 1.961e-02
19.896782 3.740e+00 2.930e-01 -1.678e-03 3.922e-06 3.922e-06 3.922e-03 -5.882e-05 3.663e-06 1.961e-02
19.906782 3.765e+00 2.783e-01 -1.713e-03 3.922e-06 3.922e-06 3.922e-03 -5.882e-05 3.663e-06 1.961e-02
19.916782 3.774e+00 2.588e-01 -1.748e-03 3.922e-06 3.922e-06 3.922e-03 -5.882e-05 3.663e-06 1.961e-02
19.926783 3.774e+00 2.393e-01 -1.780e-03 3.922e-06 3.922e-06 3.922e-03 -5.882e-05 3.663e-06 1.961e-02
19.936781 3.784e+00 2.295e-01 -1.818e-03 3.922e-06 3.922e-06 3.922e-03 -5.882e-05 3.663e-06 1.961e-02
19.946781 3.765e+00 2.051e-01 -1.833e-03 3.922e-06 3.922e-06 3.922e-03 -5.882e-05 3.663e-06 1.961e-02
19.956781 3.770e+00 1.807e-01 -1.859e-03 3.922e-06 3.922e-06 3.922e-03 -5.882e-05 3.663e-06 1.961e-02
19.966782 3.740e+00 1.611e-01 -1.882e-03 3.922e-06 3.922e-06 3.922e-03 -5.882e-05 3.663e-06 1.961e-02
19.976782 3.716e+00 1.367e-01 -1.903e-03 3.922e-06 3.922e-06 3.922e-03 -5.882e-05 3.663e-06 1.961e-02
19.986782 3.721e+00 1.074e-01 -1.906e-03 3.922e-06 3.922e-06 3.922e-03 -5.882e-05 3.663e-06 1.961e-02
19.996782 3.677e+00 8.789e-02 -1.920e-03 3.922e-06 3.922e-06 3.922e-03 -5.882e-05 3.663e-06 1.961e-02
20.006783 3.657e+00 6.836e-02 -1.929e-03 3.922e-06 3.922e-06 3.922e-03 -5.882e-05 3.663e-06 1.961e-02
20.016781 3.623e+00 3.906e-02 -1.929e-03 3.922e-06 3.922e-06 3.922e-03 -5.882e-05 3.663e-06 1.961e-02
20.026783 3.589e+00 9.766e-03 -1.920e-03 3.922e-06 3.922e-06 3.922e-03 -5.882e-05 3.663e-06 1.961e-02
20.036783 3.550e+00 -2.441e-02 -1.903e-03 3.922e-06 3.922e-06 3.922e-03 -5.882e-05 3.663e-06 1.961e-02
20.046783 3.501e+00 -3.906e-02 -1.909e-03 3.922e-06 3.922e-06 3.922e-03 -5.882e-05 3.663e-06 1.961e-02
20.056784 3.467e+00 -5.859e-02 -1.885e-03 3.922e-06 3.922e-06 3.922e-03 -5.882e-05 3.663e-06 1.961e-02
20.066782 3.413e+00 -8.789e-02 -1.865e-03 3.922e-06 3.922e-06 3.922e-03 -5.882e-05 3.663e-06 1.961e-02
20.076782 3.369e+00 -1.123e-01 -1.839e-03 3.922e-06 3.922e-06 3.922e-03 -5.882e-05 3.663e-06 1.961e-02
20.086782 3.311e+00 -1.318e-01 -1.821e-03 3.922e-06 3.922e-06 3.922e-03 -5.882e-05 3.663e-06 1.961e-02
20.096783 3.252e+00 -1.611e-01 -1.786e-03 3.922e-06 3.922e-06 3.922e-03 -5.882e-05 3.663e-06 1.961e-02
20.106781 3.218e+00 -1.758e-01 -1.751e-03 3.922e-06 3.922e-06 3.922e-03 -5.882e-05 3.663e-06 1.961e-02
20.116783 3.159e+00 -2.002e-01 -1.716e-03 3.922e-06 3.922e-06 3.922e-03 -5.882e-05 3.663e-06 1.961e-02
20.126781 3.115e+00 -2.100e-01 -1.678e-03 3.922e-06 3.922e-06 3.922e-03 -5.882e-05 3.663e-06 1.961e-02
20.136782 3.052e+00 -2.246e-01 -1.637e-03 3.922e-06 3.922e-06 3.922e-03 -5.882e-05 3.663e-06 1.961e-02
20.146782 2.993e+00 -2.441e-01 -1.591e-03 3.922e-06 3.922e-06 3.922e-03 -5.882e-05 3.663e-06 1.961e-02
20.156782 2.944e+00 -2.490e-01 -1.541e-03 3.922e-06 3.922e-06 3.922e-03 -5.882e-05 3.663e-06 1.961e-02
20.166782 2.896e+00 -2.588e-01 -1.500e-03 3.922e-06 3.922e-06 3.922e-03 -5.882e-05 3.663e-06 1.961e-02
20.176783 2.856e+00 -2.734e-01 -1.448e-03 3.922e-06 3.922e-06 3.922e-03 -5.882e-05 3.663e-06 1.961e-02
20.186783 2.812e+00 -2.637e-01 -1.407e-03 3.922e-06 3.922e-06 3.922e-03 -5.882e-05 3.663e-06 1.961e-02
20.196781 2.759e+00 -2.832e-01 -1.348e-03 3.922e-06 3.922e-06 3.922e-03 -5.882e-05 3.663e-06 1.961e-02
20.206783 2.725e+00 -2.783e-01 -1.299e-03 3.922e-06 3.922e-06 3.922e-03 -5.882e-05 3.663e-06 1.961e-02
20.216782 2.695e+00 -2.832e-01 -1.240e-03 3.922e-06 3.922e-06 3.922e-03 -5.882e-05 3.663e-06 1.961e-02
20.226782 2.671e+00 -2.734e-01 -1.197e-03 3.922e-06 3.922e-06 3.922e-03 -5.882e-05 3.663e-06 1.961e-02
20.236782 2.651e+00 -2.637e-01 -1.153e-03 3.922e-06 3.922e-06 3.922e-03 -5.882e-05 3.663e-06 1.961e-02
20.246782 2.612e+00 -2.734e-01 -1.092e-03 3.922e-06 3.922e-06 3.922e-03 -5.882e-05 3.663e-06 1.961e-02
20.256783 2.588e+00 -2.588e-01 -1.045e-03 3.922e-06 3.922e-06 3.922e-03 -5.882e-05 3.663e-06 1.961e-02
20.266783 2.573e+00 -2.441e-01 -1.001e-03 3.922e-06 3.922e-06 3.922e-03 -5.882e-05 3.663e-06 1.961e-02
20.276783 2.554e+00 -2.295e-01 -9.690e-04 3.922e-06 3.922e-06 3.922e-03 -5.882e-05 3.663e-06 1.961e-02
20.286781 2.578e+00 -2.100e-01 -9.164e-04 3.922e-06 3.922e-06 3.922e-03 -5.882e-05 3.663e-06 1.961e-02
20.296783 2.563e+00 -1.953e-01 -8.814e-04 3.922e-06 3.922e-06 3.922e-03 -5.882e-05 3.663e-06 1.961e-02
20.306782 2.554e+00 -1.758e-01 -8.551e-04 3.922e-06 3.922e-06 3.922e-03 -5.882e-05 3.663e-06 1.961e-02
20.316782 2.559e+00 -1.514e-01 -8.260e-04 3.922e-06 3.922e-06 3.922e-03 -5.882e-05 3.663e-06 1.961e-02
20.326782 2.568e+00 -1.416e-01 -7.939e-04 3.922e-06 3.922e-06 3.922e-03 -5.882e-05 3.663e-06 1.961e-02
20.336781 2.583e+00 -9.277e-02 -7.880e-04 3.922e-06 3.922e-06 3.922e-03 -5.882e-05 3.663e-06 1.961e-02
20.346781 2.603e+00 -8.301e-02 -7.530e-04 3.922e-06 3.922e-06 3.922e-03 -5.882e-05 3.663e-06 1.961e-02
20.356783 2.637e+00 -4.883e-02 -7.442e-04 3.922e-06 3.922e-06 3.922e-03 -5.882e-05 3.663e-06 1.961e-02
20.366783 2.656e+00 -2.441e-02 -7.384e-04 3.922e-06 3.922e-06 3.922e-03 -5.882e-05 3.663e-06 1.961e-02
20.376783 2.695e+00 4.883e-03 -7.355e-04 3.922e-06 3.922e-06 3.922e-03 -5.882e-05 3.663e-06 1.961e-02
20.386784 2.729e+00 3.906e-02 -7.384e-04 3.922e-06 3.922e-06 3.922e-03 -5.882e-05 3.663e-06 1.961e-02
20.396782 2.773e+00 6.348e-02 -7.472e-04 3.922e-06 3.922e-06 3.922e-03 -5.882e-05 3.663e-06 1.961e-02
20.406782 2.822e+00 9.277e-02 -7.501e-04 3.922e-06 3.922e-06 3.922e-03 -5.882e-05 3.663e-06 1.961e-02
20.416782 2.861e+00 1.123e-01 -7.618e-04 3.922e-06 3.922e-06 3.922e-03 -5.882e-05 3.663e-06 1.961e-02
20.426783 2.905e+00 1.318e-01 -7.705e-04 3.922e-06 3.922e-06 3.922e-03 -5.882e-05 3.663e-06 1.961e-02
20.436783 2.954e+00 1.758e-01 -8.055e-04 3.922e-06 3.922e-06 3.922e-03 -5.882e-05 3.663e-06 1.961e-02
20.446783 3.008e+00 1.953e-01 -8.289e-04 3.922e-06 3.922e-06 3.922e-03 -5.882e-05 3.663e-06 1.961e-02
20.456783 3.081e+00 2.197e-01 -8.551e-04 3.922e-06 3.922e-06 3.922e-03 -5.882e-05 3.663e-06 1.961e-02
20.466782 3.135e+00 2.539e-01 -8.960e-04 3.922e-06 3.922e-06 3.922e-03 -5.882e-05 3.663e-06 1.961e-02
20.476782 3.188e+00 2.539e-01 -9.223e-04 3.922e-06 3.922e-06 3.922e-03 -5.882e-05 3.663e-06 1.961e-02
20.486782 3.257e+00 2.979e-01 -9.719e-04 3.922e-06 3.922e-06 3.922e-03 -5.882e-05 3.663e-06 1.961e-02
20.496782 3.315e+00 2.930e-01 -1.007e-03 3.922e-06 3.922e-06 3.922e-03 -5.882e-05 3.663e-06 1.961e-02
20.506783 3.369e+00 3.174e-01 -1.057e-03 3.922e-06 3.922e-06 3.922e-03 -5.882e-05 3.663e-06 1.961e-02
20.516783 3.423e+00 3.271e-01 -1.103e-03 3.922e-06 3.922e-06 3.922e-03 -5.882e-05 3.663e-06 1.961e-02
20.526783 3.467e+00 3.418e-01 -1.165e-03 3.922e-06 3.922e-06 3.922e-03 -5.882e-05 3.663e-06 1.961e-02
20.536783 3.535e+00 3.613e-01 -1.220e-03 3.922e-06 3.922e-06 3.922e-03 -5.882e-05 3.663e-06 1.961e-02
20.546783 3.564e+00 3.613e-01 -1.261e-03 3.922e-06 3.922e-06 3.922e-03 -5.882e-05 3.663e-06 1.961e-02
20.556782 3.628e+00 3.760e-01 -1.328e-03 3.922e-06 3.922e-06 3.922e-03 -5.882e-05 3.663e-06 1.961e-02
20.566782 3.672e+00 3.809e-01 -1.380e-03 3.922e-06 3.922e-06 3.922e-03 -5.882e-05 3.663e-06 1.961e-02
20.576782 3.706e+00 3.711e-01 -1.436e-03 3.922e-06 3.922e-06 3.922e-03 -5.882e-05 3.663e-06 1.961e-02
20.586782 3.755e+00 3.857e-01 -1.494e-03 3.922e-06 3.922e-06 3.922e-03 -5.882e-05 3.663e-06 1.961e-02
20.596783 3.789e+00 3.711e-01 -1.547e-03 3.922e-06 3.922e-06 3.922e-03 -5.882e-05 3.663e-06 1.961e-02
20.606783 3.833e+00 3.662e-01 -1.602e-03 3.922e-06 3.922e-06 3.922e-03 -5.882e-05 3.663e-06 1.961e-02
20.616781 3.853e+00 3.467e-01 -1.649e-03 3.922e-06 3.922e-06 3.922e-03 -5.882e-05 3.663e-06 1.961e-02
20.626781 3.867e+00 3.369e-01 -1.702e-03 3.922e-06 3.922e-06 3.922e-03 -5.882e-05 3.663e-06 1.961e-02
20.636782 3.887e+00 3.271e-01 -1.745e-03 3.922e-06 3.922e-06 3.922e-03 -5.882e-05 3.663e-06 1.961e-02
20.646782 3.901e+00 3.125e-01 -1.801e-03 3.922e-06 3.922e-06 3.922e-03 -5.882e-05 3.663e-06 1.961e-02
20.656782 3.906e+00 3.027e-01 -1.842e-03 3.922e-06 3.922e-06 3.922e-03 -5.882e-05 3.663e-06 1.961e-02
20.666782 3.916e+00 2.783e-01 -1.880e-03 3.922e-06 3.922e-06 3.922e-03 -5.882e-05 3.663e-06 1.961e-02
20.676783 3.911e+00 2.539e-01 -1.920e-03 3.922e-06 3.922e-06 3.922e-03 -5.882e-05 3.663e-06 1.961e-02
20.686783 3.916e+00 2.246e-01 -1.950e-03 3.922e-06 3.922e-06 3.922e-03 -5.882e-05 3.663e-06 1.961e-02
20.696781 3.892e+00 1.953e-01 -1.973e-03 3.922e-06 3.922e-06 3.922e-03 -5.882e-05 3.663e-06 1.961e-02
20.706783 3.877e+00 1.758e-01 -1.999e-03 3.922e-06 3.922e-06 3.922e-03 -5.882e-05 3.663e-06 1.961e-02
20.716784 3.848e+00 1.416e-01 -2.011e-03 3.922e-06 3.922e-06 3.922e-03 -5.882e-05 3.663e-06 1.961e-02
20.726782 3.813e+00 1.172e-01 -2.034e-03 3.922e-06 3.922e-06 3.922e-03 -5.882e-05 3.663e-06 1.961e-02
20.736782 3.799e+00 8.301e-02 -2.037e-03 3.922e-06 3.922e-06 3.922e-03 -5.882e-05 3.663e-06 1.961e-02
20.746782 3.745e+00 4.883e-02 -2.037e-03 3.922e-06 3.922e-06 3.922e-03 -5.882e-05 3.663e-06 1.961e-02
20.756783 3.711e+00 3.418e-02 -2.052e-03 3.922e-06 3.922e-06 3.922e-03 -5.882e-05 3.663e-06 1.961e-02
20.766781 3.662e+00 -4.883e-03 -2.037e-03 3.922e-06 3.922e-06 3.922e-03 -5.882e-05 3.663e-06 1.961e-02
20.776783 3.608e+00 -3.418e-02 -2.037e-03 3.922e-06 3.922e-06 3.922e-03 -5.882e-05 3.663e-06 1.961e-02
20.786783 3.574e+00 -6.836e-02 -2.008e-03 3.922e-06 3.922e-06 3.922e-03 -5.882e-05 3.663e-06 1.961e-02
20.796782 3.516e+00 -1.025e-01 -1.990e-03 3.922e-06 3.922e-06 3.922e-03 -5.882e-05 3.663e-06 1.961e-02
20.806782 3.452e+00 -1.270e-01 -1.964e-03 3.922e-06 3.922e-06 3.922e-03 -5.882e-05 3.663e-06 1.961e-02
20.816782 3.389e+00 -1.514e-01 -1.935e-03 3.922e-06 3.922e-06 3.922e-03 -5.882e-05 3.663e-06 1.961e-02
20.826782 3.320e+00 -1.855e-01 -1.900e-03 3.922e-06 3.922e-06 3.922e-03 -5.882e-05 3.663e-06 1.961e-02
20.836782 3.276e+00 -2.100e-01 -1.856e-03 3.922e-06 3.922e-06 3.922e-03 -5.882e-05 3.663e-06 1.961e-02
20.846781 3.208e+00 -2.344e-01 -1.827e-03 3.922e-06 3.922e-06 3.922e-03 -5.882e-05 3.663e-06 1.961e-02
20.856783 3.140e+00 -2.490e-01 -1.783e-03 3.922e-06 3.922e-06 3.922e-03 -5.882e-05 3.663e-06 1.961e-02
20.866783 3.076e+00 -2.686e-01 -1.737e-03 3.922e-06 3.922e-06 3.922e-03 -5.882e-05 3.663e-06 1.961e-02
20.876781 3.013e+00 -2.979e-01 -1.678e-03 3.922e-06 3.922e-06 3.922e-03 -5.882e-05 3.663e-06 1.961e-02
20.886782 2.954e+00 -3.076e-01 -1.623e-03 3.922e-06 3.922e-06 3.922e-03 -5.882e-05 3.663e-06 1.961e-02
20.896782 2.891e+00 -3.125e-01 -1.579e-03 3.922e-06 3.922e-06 3.922e-03 -5.882e-05 3.663e-06 1.961e-02
20.906782 2.837e+00 -3.320e-01 -1.509e-03 3.922e-06 3.922e-06 3.922e-03 -5.882e-05 3.663e-06 1.961e-02
20.916782 2.778e+00 -3.418e-01 -1.451e-03 3.922e-06 3.922e-06 3.922e-03 -5.882e-05 3.663e-06 1.961e-02
20.926781 2.720e+00 -3.516e-01 -1.389e-03 3.922e-06 3.922e-06 3.922e-03 -5.882e-05 3.663e-06 1.961e-02
20.936783 2.681e+00 -3.418e-01 -1.331e-03 3.922e-06 3.922e-06 3.922e-03 -5.882e-05 3.663e-06 1.961e-02
20.946783 2.617e+00 -3.418e-01 -1.278e-03 3.922e-06 3.922e-06 3.922e-03 -5.882e-05 3.663e-06 1.961e-02
20.956781 2.578e+00 -3.369e-01 -1.214e-03 3.922e-06 3.922e-06 3.922e-03 -5.882e-05 3.663e-06 1.961e-02
20.966782 2.549e+00 -3.369e-01 -1.150e-03 3.922e-06 3.922e-06 3.922e-03 -5.882e-05 3.663e-06 1.961e-02
20.976782 2.520e+00 -3.369e-01 -1.092e-03 3.922e-06 3.922e-06 3.922e-03 -5.882e-05 3.663e-06 1.961e-02
20.986782 2.500e+00 -3.174e-01 -1.033e-03 3.922e-06 3.922e-06 3.922e-03 -5.882e-05 3.663e-06 1.961e-02
20.996782 2.471e+00 -3.223e-01 -9.661e-04 3.922e-06 3.922e-06 3.922e-03 -5.882e-05 3.663e-06 1.961e-02
21.006781 2.441e+00 -2.930e-01 -9.223e-04 3.922e-06 3.922e-06 3.922e-03 -5.882e-05 3.663e-06 1.961e-02
21.016783 2.427e+00 -2.734e-01 -8.727e-04 3.922e-06 3.922e-06 3.922e-03 -5.882e-05 3.663e-06 1.961e-02
21.026781 2.412e+00 -2.637e-01 -8.230e-04 3.922e-06 3.922e-06 3.922e-03 -5.882e-05 3.663e-06 1.961e-02
21.036781 2.427e+00 -2.344e-01 -7.763e-04 3.922e-06 3.922e-06 3.922e-03 -5.882e-05 3.663e-06 1.961e-02
21.046782 2.417e+00 -2.051e-01 -7.530e-04 3.922e-06 3.922e-06 3.922e-03 -5.882e-05 3.663e-06 1.961e-02
21.056782 2.437e+00 -1.807e-01 -7.092e-04 3.922e-06 3.922e-06 3.922e-03 -5.882e-05 3.663e-06 1.961e-02
21.066782 2.456e+00 -1.562e-01 -6.800e-04 3.922e-06 3.922e-06 3.922e-03 -5.882e-05 3.663e-06 1.961e-02
21.076782 2.461e+00 -1.270e-01 -6.538e-04 3.922e-06 3.922e-06 3.922e-03 -5.882e-05 3.663e-06 1.961e-02
21.086782 2.510e+00 -9.277e-02 -6.333e-04 3.922e-06 3.922e-06 3.922e-03 -5.882e-05 3.663e-06 1.961e-02
21.096783 2.524e+00 -6.836e-02 -6.217e-04 3.922e-06 3.922e-06 3.922e-03 -5.882e-05 3.663e-06 1.961e-02
21.106783 2.563e+00 -2.930e-02 -6.071e-04 3.922e-06 3.922e-06 3.922e-03 -5.882e-05 3.663e-06 1.961e-02
21.116783 2.607e+00 4.883e-03 -6.041e-04 3.922e-06 3.922e-06 3.922e-03 -5.882e-05 3.663e-06 1.961e-02
21.126783 2.642e+00 3.906e-02 -6.100e-04 3.922e-06 3.922e-06 3.922e-03 -5.882e-05 3.663e-06 1.961e-02
21.136782 2.686e+00 8.789e-02 -6.275e-04 3.922e-06 3.922e-06 3.922e-03 -5.882e-05 3.663e-06 1.961e-02
21.146782 2.749e+00 1.074e-01 -6.304e-04 3.922e-06 3.922e-06 3.922e-03 -5.882e-05 3.663e-06 1.961e-02
21.156784 2.817e+00 1.416e-01 -6.450e-04 3.922e-06 3.922e-06 3.922e-03 -5.882e-05 3.663e-06 1.961e-02
21.166782 2.891e+00 1.709e-01 -6.625e-04 3.922e-06 3.922e-06 3.922e-03 -5.882e-05 3.663e-06 1.961e-02
21.176783 2.944e+00 1.953e-01 -6.888e-04 3.922e-06 3.922e-06 3.922e-03 -5.882e-05 3.663e-06 1.961e-02
21.186781 3.003e+00 2.393e-01 -7.238e-04 3.922e-06 3.922e-06 3.922e-03 -5.882e-05 3.663e-06 1.961e-02
21.196781 3.081e+00 2.588e-01 -7.647e-04 3.922e-06 3.922e-06 3.922e-03 -5.882e-05 3.663e-06 1.961e-02
21.206781 3.135e+00 3.027e-01 -8.143e-04 3.922e-06 3.922e-06 3.922e-03 -5.882e-05 3.663e-06 1.961e-02
21.216782 3.208e+00 3.174e-01 -8.522e-04 3.922e-06 3.922e-06 3.922e-03 -5.882e-05 3.663e-06 1.961e-02
21.226782 3.271e+00 3.369e-01 -9.048e-04 3.922e-06 3.922e-06 3.922e-03 -5.882e-05 3.663e-06 1.961e-02
21.236782 3.359e+00 3.711e-01 -9.573e-04 3.922e-06 3.922e-06 3.922e-03 -5.882e-05 3.663e-06 1.961e-02
21.246782 3.418e+00 3.809e-01 -1.019e-03 3.922e-06 3.922e-06 3.922e-03 -5.882e-05 3.663e-06 1.961e-02
21.256783 3.486e+00 4.004e-01 -1.080e-03 3.922e-06 3.922e-06 3.922e-03 -5.882e-05 3.663e-06 1.961e-02
21.266785 3.555e+00 4.199e-01 -1.141e-03 3.922e-06 3.922e-06 3.922e-03 -5.882e-05 3.663e-06 1.961e-02
21.276783 3.613e+00 4.150e-01 -1.197e-03 3.922e-06 3.922e-06 3.922e-03 -5.882e-05 3.663e-06 1.961e-02
21.286783 3.687e+00 4.346e-01 -1.261e-03 3.922e-06 3.922e-06 3.922e-03 -5.882e-05 3.663e-06 1.961e-02
21.296782 3.721e+00 4.443e-01 -1.340e-03 3.922e-06 3.922e-06 3.922e-03 -5.882e-05 3.663e-06 1.961e-02
21.306782 3.779e+00 4.492e-01 -1.407e-03 3.922e-06 3.922e-06 3.922e-03 -5.882e-05 3.663e-06 1.961e-02
21.316782 3.838e+00 4.395e-01 -1.465e-03 3.922e-06 3.922e-06 3.922e-03 -5.882e-05 3.663e-06 1.961e-02
21.326782 3.877e+00 4.395e-01 -1.541e-03 3.922e-06 3.922e-06 3.922e-03 -5.882e-05 3.663e-06 1.961e-02
21.336782 3.931e+00 4.541e-01 -1.617e-03 3.922e-06 3.922e-06 3.922e-03 -5.882e-05 3.663e-06 1.961e-02
21.346783 3.965e+00 4.248e-01 -1.672e-03 3.922e-06 3.922e-06 3.922e-03 -5.882e-05 3.663e-06 1.961e-02
21.356781 4.004e+00 4.199e-01 -1.739e-03 3.922e-06 3.922e-06 3.922e-03 -5.882e-05 3.663e-06 1.961e-02
21.366781 4.033e+00 4.004e-01 -1.795e-03 3.922e-06 3.922e-06 3.922e-03 -5.882e-05 3.663e-06 1.961e-02
21.376781 4.043e+00 3.809e-01 -1.853e-03 3.922e-06 3.922e-06 3.922e-03 -5.882e-05 3.663e-06 1.961e-02
21.386782 4.058e+00 3.711e-01 -1.906e-03 3.922e-06 3.922e-06 3.922e-03 -5.882e-05 3.663e-06 1.961e-02
21.396782 4.058e+00 3.418e-01 -1.953e-03 3.922e-06 3.922e-06 3.922e-03 -5.882e-05 3.663e-06 1.961e-02
21.406782 4.062e+00 3.125e-01 -1.996e-03 3.922e-06 3.922e-06 3.922e-03 -5.882e-05 3.663e-06 1.961e-02
21.416782 4.053e+00 2.832e-01 -2.040e-03 3.922e-06 3.922e-06 3.922e-03 -5.882e-05 3.663e-06 1.961e-02
21.426783 4.038e+00 2.637e-01 -2.087e-03 3.922e-06 3.922e-06 3.922e-03 -5.882e-05 3.663e-06 1.961e-02
21.436783 4.033e+00 2.441e-01 -2.131e-03 3.922e-06 3.922e-06 3.922e-03 -5.882e-05 3.663e-06 1.961e-02
21.446783 4.009e+00 1.953e-01 -2.145e-03 3.922e-06 3.922e-06 3.922e-03 -5.882e-05 3.663e-06 1.961e-02
21.456783 3.975e+00 1.660e-01 -2.166e-03 3.922e-06 3.922e-06 3.922e-03 -5.882e-05 3.663e-06 1.961e-02
21.466782 3.936e+00 1.172e-01 -2.171e-03 3.922e-06 3.922e-06 3.922e-03 -5.882e-05 3.663e-06 1.961e-02
21.476782 3.901e+00 8.789e-02 -2.189e-03 3.922e-06 3.922e-06 3.922e-03 -5.882e-05 3.663e-06 1.961e-02
21.486782 3.867e+00 5.371e-02 -2.186e-03 3.922e-06 3.922e-06 3.922e-03 -5.882e-05 3.663e-06 1.961e-02
21.496782 3.799e+00 4.883e-03 -2.186e-03 3.922e-06 3.922e-06 3.922e-03 -5.882e-05 3.663e-06 1.961e-02
21.506783 3.750e+00 -2.441e-02 -2.177e-03 3.922e-06 3.922e-06 3.922e-03 -5.882e-05 3.663e-06 1.961e-02
21.516783 3.682e+00 -5.859e-02 -2.166e-03 3.922e-06 3.922e-06 3.922e-03 -5.882e-05 3.663e-06 1.961e-02
21.526783 3.618e+00 -9.766e-02 -2.148e-03 3.922e-06 3.922e-06 3.922e-03 -5.882e-05 3.663e-06 1.961e-02
21.536783 3.569e+00 -1.270e-01 -2.119e-03 3.922e-06 3.922e-06 3.922e-03 -5.882e-05 3.663e-06 1.961e-02
21.546782 3.486e+00 -1.611e-01 -2.093e-03 3.922e-06 3.922e-06 3.922e-03 -5.882e-05 3.663e-06 1.961e-02
21.556782 3.413e+00 -1.953e-01 -2.055e-03 3.922e-06 3.922e-06 3.922e-03 -5.882e-05 3.663e-06 1.961e-02
21.566782 3.350e+00 -2.344e-01 -2.008e-03 3.922e-06 3.922e-06 3.922e-03 -5.882e-05 3.663e-06 1.961e-02
21.576782 3.271e+00 -2.686e-01 -1.964e-03 3.922e-06 3.922e-06 3.922e-03 -5.882e-05 3.663e-06 1.961e-02
21.586782 3.184e+00 -2.832e-01 -1.909e-03 3.922e-06 3.922e-06 3.922e-03 -5.882e-05 3.663e-06 1.961e-02
21.596781 3.115e+00 -3.271e-01 -1.850e-03 3.922e-06 3.922e-06 3.922e-03 -5.882e-05 3.663e-06 1.961e-02
21.606781 3.027e+00 -3.418e-01 -1.795e-03 3.922e-06 3.922e-06 3.922e-03 -5.882e-05 3.663e-06 1.961e-02
21.616783 2.954e+00 -3.613e-01 -1.731e-03 3.922e-06 3.922e-06 3.922e-03 -5.882e-05 3.663e-06 1.961e-02
21.626781 2.876e+00 -3.711e-01 -1.672e-03 3.922e-06 3.922e-06 3.922e-03 -5.882e-05 3.663e-06 1.961e-02
21.636782 2.812e+00 -3.760e-01 -1.617e-03 3.922e-06 3.922e-06 3.922e-03 -5.882e-05 3.663e-06 1.961e-02
21.646784 2.729e+00 -4.102e-01 -1.524e-03 3.922e-06 3.922e-06 3.922e-03 -5.882e-05 3.663e-06 1.961e-02
21.656782 2.681e+00 -4.150e-01 -1.453e-03 3.922e-06 3.922e-06 3.922e-03 -5.882e-05 3.663e-06 1.961e-02
21.666780 2.607e+00 -4.297e-01 -1.375e-03 3.922e-06 3.922e-06 3.922e-03 -5.882e-05 3.663e-06 1.961e-02
21.676783 2.544e+00 -4.297e-01 -1.305e-03 3.922e-06 3.922e-06 3.922e-03 -5.882e-05 3.663e-06 1.961e-02
21.686783 2.476e+00 -4.199e-01 -1.235e-03 3.922e-06 3.922e-06 3.922e-03 -5.882e-05 3.663e-06 1.961e-02
21.696781 2.437e+00 -4.248e-01 -1.153e-03 3.922e-06 3.922e-06 3.922e-03 -5.882e-05 3.663e-06 1.961e-02
21.706781 2.402e+00 -4.150e-01 -1.080e-03 3.922e-06 3.922e-06 3.922e-03 -5.882e-05 3.663e-06 1.961e-02
21.716782 2.354e+00 -4.004e-01 -1.013e-03 3.922e-06 3.922e-06 3.922e-03 -5.882e-05 3.663e-06 1.961e-02
21.726784 2.324e+00 -3.906e-01 -9.456e-04 3.922e-06 3.922e-06 3.922e-03 -5.882e-05 3.663e-06 1.961e-02
21.736782 2.285e+00 -3.711e-01 -8.785e-04 3.922e-06 3.922e-06 3.922e-03 -5.882e-05 3.663e-06 1.961e-02
21.746782 2.271e+00 -3.564e-01 -8.201e-04 3.922e-06 3.922e-06 3.922e-03 -5.882e-05 3.663e-06 1.961e-02
21.756783 2.261e+00 -3.369e-01 -7.559e-04 3.922e-06 3.922e-06 3.922e-03 -5.882e-05 3.663e-06 1.961e-02
21.766783 2.256e+00 -3.125e-01 -7.005e-04 3.922e-06 3.922e-06 3.922e-03 -5.882e-05 3.663e-06 1.961e-02
21.776783 2.256e+00 -2.832e-01 -6.508e-04 3.922e-06 3.922e-06 3.922e-03 -5.882e-05 3.663e-06 1.961e-02
21.786783 2.266e+00 -2.539e-01 -6.012e-04 3.922e-06 3.922e-06 3.922e-03 -5.882e-05 3.663e-06 1.961e-02
21.796782 2.271e+00 -2.246e-01 -5.575e-04 3.922e-06 3.922e-06 3.922e-03 -5.882e-05 3.663e-06 1.961e-02
21.806782 2.295e+00 -1.953e-01 -5.137e-04 3.922e-06 3.922e-06 3.922e-03 -5.882e-05 3.663e-06 1.961e-02
21.816782 2.319e+00 -1.416e-01 -5.020e-04 3.922e-06 3.922e-06 3.922e-03 -5.882e-05 3.663e-06 1.961e-02
21.826782 2.354e+00 -1.074e-01 -4.786e-04 3.922e-06 3.922e-06 3.922e-03 -5.882e-05 3.663e-06 1.961e-02
21.836782 2.412e+00 -7.812e-02 -4.495e-04 3.922e-06 3.922e-06 3.922e-03 -5.882e-05 3.663e-06 1.961e-02
21.846783 2.446e+00 -3.418e-02 -4.495e-04 3.922e-06 3.922e-06 3.922e-03 -5.882e-05 3.663e-06 1.961e-02
21.856781 2.490e+00 4.883e-03 -4.378e-04 3.922e-06 3.922e-06 3.922e-03 -5.882e-05 3.663e-06 1.961e-02
21.866781 2.559e+00 4.883e-02 -4.465e-04 3.922e-06 3.922e-06 3.922e-03 -5.882e-05 3.663e-06 1.961e-02
21.876781 2.617e+00 8.789e-02 -4.582e-04 3.922e-06 3.922e-06 3.922e-03 -5.882e-05 3.663e-06 1.961e-02
21.886782 2.686e+00 1.367e-01 -4.757e-04 3.922e-06 3.922e-06 3.922e-03 -5.882e-05 3.663e-06 1.961e-02
21.896782 2.739e+00 1.709e-01 -4.991e-04 3.922e-06 3.922e-06 3.922e-03 -5.882e-05 3.663e-06 1.961e-02
21.906782 2.827e+00 2.051e-01 -5.195e-04 3.922e-06 3.922e-06 3.922e-03 -5.882e-05 3.663e-06 1.961e-02
21.916782 2.896e+00 2.441e-01 -5.604e-04 3.922e-06 3.922e-06 3.922e-03 -5.882e-05 3.663e-06 1.961e-02
21.926783 2.979e+00 2.783e-01 -6.012e-04 3.922e-06 3.922e-06 3.922e-03 -5.882e-05 3.663e-06 1.961e-02
21.936783 3.071e+00 3.223e-01 -6.450e-04 3.922e-06 3.922e-06 3.922e-03 -5.882e-05 3.663e-06 1.961e-02
21.946783 3.149e+00 3.564e-01 -7.063e-04 3.922e-06 3.922e-06 3.922e-03 -5.882e-05 3.663e-06 1.961e-02
21.956781 3.242e+00 3.857e-01 -7.676e-04 3.922e-06 3.922e-06 3.922e-03 -5.882e-05 3.663e-06 1.961e-02
21.966782 3.320e+00 4.053e-01 -8.230e-04 3.922e-06 3.922e-06 3.922e-03 -5.882e-05 3.663e-06 1.961e-02
21.976782 3.408e+00 4.395e-01 -8.931e-04 3.922e-06 3.922e-06 3.922e-03 -5.882e-05 3.663e-06 1.961e-02
21.986782 3.501e+00 4.590e-01 -9.515e-04 3.922e-06 3.922e-06 3.922e-03 -5.882e-05 3.663e-06 1.961e-02
21.996782 3.569e+00 4.834e-01 -1.042e-03 3.922e-06 3.922e-06 3.922e-03 -5.882e-05 3.663e-06 1.961e-02
22.006783 3.647e+00 5.029e-01 -1.112e-03 3.922e-06 3.922e-06 3.922e-03 -5.882e-05 3.663e-06 1.961e-02
22.016783 3.721e+00 5.078e-01 -1.191e-03 3.922e-06 3.922e-06 3.922e-03 -5.882e-05 3.663e-06 1.961e-02
22.026783 3.794e+00 5.225e-01 -1.278e-03 3.922e-06 3.922e-06 3.922e-03 -5.882e-05 3.663e-06 1.961e-02
22.036783 3.887e+00 5.322e-01 -1.354e-03 3.922e-06 3.922e-06 3.922e-03 -5.882e-05 3.663e-06 1.961e-02
22.046782 3.936e+00 5.371e-01 -1.439e-03 3.922e-06 3.922e-06 3.922e-03 -5.882e-05 3.663e-06 1.961e-02
22.056782 3.994e+00 5.371e-01 -1.521e-03 3.922e-06 3.922e-06 3.922e-03 -5.882e-05 3.663e-06 1.961e-02
22.066782 4.053e+00 5.225e-01 -1.594e-03 3.922e-06 3.922e-06 3.922e-03 -5.882e-05 3.663e-06 1.961e-02
22.076782 4.092e+00 5.176e-01 -1.681e-03 3.922e-06 3.922e-06 3.922e-03 -5.882e-05 3.663e-06 1.961e-02
22.086782 4.141e+00 5.078e-01 -1.757e-03 3.922e-06 3.922e-06 3.922e-03 -5.882e-05 3.663e-06 1.961e-02
22.096781 4.175e+00 4.883e-01 -1.833e-03 3.922e-06 3.922e-06 3.922e-03 -5.882e-05 3.663e-06 1.961e-02
22.106781 4.204e+00 4.785e-01 -1.909e-03 3.922e-06 3.922e-06 3.922e-03 -5.882e-05 3.663e-06 1.961e-02
22.116781 4.224e+00 4.639e-01 -1.979e-03 3.922e-06 3.922e-06 3.922e-03 -5.882e-05 3.663e-06 1.961e-02
22.126781 4.233e+00 4.248e-01 -2.040e-03 3.922e-06 3.922e-06 3.922e-03 -5.882e-05 3.663e-06 1.961e-02
22.136784 4.248e+00 3.955e-01 -2.090e-03 3.922e-06 3.922e-06 3.922e-03 -5.882e-05 3.663e-06 1.961e-02
22.146782 4.248e+00 3.662e-01 -2.154e-03 3.922e-06 3.922e-06 3.922e-03 -5.882e-05 3.663e-06 1.961e-02
22.156782 4.243e+00 3.320e-01 -2.198e-03 3.922e-06 3.922e-06 3.922e-03 -5.882e-05 3.663e-06 1.961e-02
22.166782 4.229e+00 2.930e-01 -2.241e-03 3.922e-06 3.922e-06 3.922e-03 -5.882e-05 3.663e-06 1.961e-02
22.176783 4.209e+00 2.539e-01 -2.277e-03 3.922e-06 3.922e-06 3.922e-03 -5.882e-05 3.663e-06 1.961e-02
22.186783 4.155e+00 2.295e-01 -2.323e-03 3.922e-06 3.922e-06 3.922e-03 -5.882e-05 3.663e-06 1.961e-02
22.196781 4.126e+00 1.807e-01 -2.338e-03 3.922e-06 3.922e-06 3.922e-03 -5.882e-05 3.663e-06 1.961e-02
22.206783 4.092e+00 1.367e-01 -2.352e-03 3.922e-06 3.922e-06 3.922e-03 -5.882e-05 3.663e-06 1.961e-02
22.216784 4.038e+00 7.812e-02 -2.358e-03 3.922e-06 3.922e-06 3.922e-03 -5.882e-05 3.663e-06 1.961e-02
22.226782 3.984e+00 4.395e-02 -2.367e-03 3.922e-06 3.922e-06 3.922e-03 -5.882e-05 3.663e-06 1.961e-02
22.236782 3.936e+00 -4.883e-03 -2.355e-03 3.922e-06 3.922e-06 3.922e-03 -5.882e-05 3.663e-06 1.961e-02
22.246782 3.853e+00 -5.371e-02 -2.349e-03 3.922e-06 3.922e-06 3.922e-03 -5.882e-05 3.663e-06 1.961e-02
22.256783 3.784e+00 -9.277e-02 -2.326e-03 3.922e-06 3.922e-06 3.922e-03 -5.882e-05 3.663e-06 1.961e-02
22.266783 3.687e+00 -1.367e-01 -2.300e-03 3.922e-06 3.922e-06 3.922e-03 -5.882e-05 3.663e-06 1.961e-02
22.276781 3.599e+00 -1.709e-01 -2.274e-03 3.922e-06 3.922e-06 3.922e-03 -5.882e-05 3.663e-06 1.961e-02
22.286781 3.525e+00 -2.100e-01 -2.236e-03 3.922e-06 3.922e-06 3.922e-03 -5.882e-05 3.663e-06 1.961e-02
22.296782 3.428e+00 -2.539e-01 -2.192e-03 3.922e-06 3.922e-06 3.922e-03 -5.882e-05 3.663e-06 1.961e-02
22.306782 3.345e+00 -2.881e-01 -2.136e-03 3.922e-06 3.922e-06 3.922e-03 -5.882e-05 3.663e-06 1.961e-02
22.316782 3.257e+00 -3.320e-01 -2.081e-03 3.922e-06 3.922e-06 3.922e-03 -5.882e-05 3.663e-06 1.961e-02
22.326782 3.164e+00 -3.760e-01 -2.005e-03 3.922e-06 3.922e-06 3.922e-03 -5.882e-05 3.663e-06 1.961e-02
22.336781 3.071e+00 -3.906e-01 -1.941e-03 3.922e-06 3.922e-06 3.922e-03 -5.882e-05 3.663e-06 1.961e-02
22.346783 2.983e+00 -4.395e-01 -1.856e-03 3.922e-06 3.922e-06 3.922e-03 -5.882e-05 3.663e-06 1.961e-02
22.356783 2.886e+00 -4.541e-01 -1.780e-03 3.922e-06 3.922e-06 3.922e-03 -5.882e-05 3.663e-06 1.961e-02
22.366781 2.783e+00 -4.736e-01 -1.696e-03 3.922e-06 3.922e-06 3.922e-03 -5.882e-05 3.663e-06 1.961e-02
22.376783 2.690e+00 -4.932e-01 -1.620e-03 3.922e-06 3.922e-06 3.922e-03 -5.882e-05 3.663e-06 1.961e-02
22.386784 2.612e+00 -5.029e-01 -1.532e-03 3.922e-06 3.922e-06 3.922e-03 -5.882e-05 3.663e-06 1.961e-02
22.396782 2.529e+00 -5.078e-01 -1.462e-03 3.922e-06 3.922e-06 3.922e-03 -5.882e-05 3.663e-06 1.961e-02
22.406782 2.466e+00 -5.176e-01 -1.363e-03 3.922e-06 3.922e-06 3.922e-03 -5.882e-05 3.663e-06 1.961e-02
22.416782 2.388e+00 -5.225e-01 -1.273e-03 3.922e-06 3.922e-06 3.922e-03 -5.882e-05 3.663e-06 1.961e-02
22.426783 2.319e+00 -5.225e-01 -1.179e-03 3.922e-06 3.922e-06 3.922e-03 -5.882e-05 3.663e-06 1.961e-02
22.436783 2.266e+00 -5.029e-01 -1.103e-03 3.922e-06 3.922e-06 3.922e-03 -5.882e-05 3.663e-06 1.961e-02
22.446781 2.212e+00 -5.029e-01 -1.007e-03 3.922e-06 3.922e-06 3.922e-03 -5.882e-05 3.663e-06 1.961e-02
22.456781 2.173e+00 -4.980e-01 -9.106e-04 3.922e-06 3.922e-06 3.922e-03 -5.882e-05 3.663e-06 1.961e-02
22.466782 2.124e+00 -4.834e-01 -8.260e-04 3.922e-06 3.922e-06 3.922e-03 -5.882e-05 3.663e-06 1.961e-02
22.476782 2.090e+00 -4.590e-01 -7.530e-04 3.922e-06 3.922e-06 3.922e-03 -5.882e-05 3.663e-06 1.961e-02
22.486782 2.080e+00 -4.248e-01 -6.859e-04 3.922e-06 3.922e-06 3.922e-03 -5.882e-05 3.663e-06 1.961e-02
22.496782 2.061e+00 -4.150e-01 -5.983e-04 3.922e-06 3.922e-06 3.922e-03 -5.882e-05 3.663e-06 1.961e-02
22.506781 2.056e+00 -3.760e-01 -5.399e-04 3.922e-06 3.922e-06 3.922e-03 -5.882e-05 3.663e-06 1.961e-02
22.516783 2.056e+00 -3.467e-01 -4.816e-04 3.922e-06 3.922e-06 3.922e-03 -5.882e-05 3.663e-06 1.961e-02
22.526783 2.075e+00 -3.076e-01 -4.290e-04 3.922e-06 3.922e-06 3.922e-03 -5.882e-05 3.663e-06 1.961e-02
22.536783 2.080e+00 -2.539e-01 -3.823e-04 3.922e-06 3.922e-06 3.922e-03 -5.882e-05 3.663e-06 1.961e-02
22.546782 2.114e+00 -2.246e-01 -3.386e-04 3.922e-06 3.922e-06 3.922e-03 -5.882e-05 3.663e-06 1.961e-02
22.556784 2.148e+00 -1.758e-01 -3.006e-04 3.922e-06 3.922e-06 3.922e-03 -5.882e-05 3.663e-06 1.961e-02
22.566782 2.188e+00 -1.270e-01 -2.802e-04 3.922e-06 3.922e-06 3.922e-03 -5.882e-05 3.663e-06 1.961e-02
22.576782 2.236e+00 -8.301e-02 -2.627e-04 3.922e-06 3.922e-06 3.922e-03 -5.882e-05 3.663e-06 1.961e-02
22.586782 2.305e+00 -3.906e-02 -2.422e-04 3.922e-06 3.922e-06 3.922e-03 -5.882e-05 3.663e-06 1.961e-02
22.596783 2.358e+00 9.766e-03 -2.481e-04 3.922e-06 3.922e-06 3.922e-03 -5.882e-05 3.663e-06 1.961e-02
22.606781 2.441e+00 7.324e-02 -2.598e-04 3.922e-06 3.922e-06 3.922e-03 -5.882e-05 3.663e-06 1.961e-02
22.616781 2.520e+00 1.172e-01 -2.685e-04 3.922e-06 3.922e-06 3.922e-03 -5.882e-05 3.663e-06 1.961e-02
22.626783 2.588e+00 1.611e-01 -2.919e-04 3.922e-06 3.922e-06 3.922e-03 -5.882e-05 3.663e-06 1.961e-02
22.636784 2.681e+00 2.246e-01 -3.327e-04 3.922e-06 3.922e-06 3.922e-03 -5.882e-05 3.663e-06 1.961e-02
22.646782 2.783e+00 2.441e-01 -3.473e-04 3.922e-06 3.922e-06 3.922e-03 -5.882e-05 3.663e-06 1.961e-02
22.656782 2.861e+00 3.125e-01 -4.115e-04 3.922e-06 3.922e-06 3.922e-03 -5.882e-05 3.663e-06 1.961e-02
22.666782 2.964e+00 3.467e-01 -4.553e-04 3.922e-06 3.922e-06 3.922e-03 -5.882e-05 3.663e-06 1.961e-02
22.676783 3.062e+00 3.906e-01 -5.166e-04 3.922e-06 3.922e-06 3.922e-03 -5.882e-05 3.663e-06 1.961e-02
22.686783 3.164e+00 4.346e-01 -5.837e-04 3.922e-06 3.922e-06 3.922e-03 -5.882e-05 3.663e-06 1.961e-02
22.696781 3.276e+00 4.639e-01 -6.538e-04 3.922e-06 3.922e-06 3.922e-03 -5.882e-05 3.663e-06 1.961e-02
22.706783 3.379e+00 5.029e-01 -7.326e-04 3.922e-06 3.922e-06 3.922e-03 -5.882e-05 3.663e-06 1.961e-02
22.716782 3.486e+00 5.322e-01 -8.143e-04 3.922e-06 3.922e-06 3.922e-03 -5.882e-05 3.663e-06 1.961e-02
22.726782 3.579e+00 5.566e-01 -8.989e-04 3.922e-06 3.922e-06 3.922e-03 -5.882e-05 3.663e-06 1.961e-02
22.736782 3.677e+00 5.908e-01 -9.952e-04 3.922e-06 3.922e-06 3.922e-03 -5.882e-05 3.663e-06 1.961e-02
22.746782 3.755e+00 6.006e-01 -1.086e-03 3.922e-06 3.922e-06 3.922e-03 -5.882e-05 3.663e-06 1.961e-02
22.756783 3.867e+00 6.152e-01 -1.173e-03 3.922e-06 3.922e-06 3.922e-03 -5.882e-05 3.663e-06 1.961e-02
22.766783 3.950e+00 6.348e-01 -1.284e-03 3.922e-06 3.922e-06 3.922e-03 -5.882e-05 3.663e-06 1.961e-02
22.776783 4.033e+00 6.494e-01 -1.389e-03 3.922e-06 3.922e-06 3.922e-03 -5.882e-05 3.663e-06 1.961e-02
22.786783 4.121e+00 6.494e-01 -1.483e-03 3.922e-06 3.922e-06 3.922e-03 -5.882e-05 3.663e-06 1.961e-02
22.796783 4.175e+00 6.396e-01 -1.582e-03 3.922e-06 3.922e-06 3.922e-03 -5.882e-05 3.663e-06 1.961e-02
22.806782 4.248e+00 6.250e-01 -1.664e-03 3.922e-06 3.922e-06 3.922e-03 -5.882e-05 3.663e-06 1.961e-02
22.816782 4.316e+00 6.152e-01 -1.769e-03 3.922e-06 3.922e-06 3.922e-03 -5.882e-05 3.663e-06 1.961e-02
22.826782 4.355e+00 6.006e-01 -1.862e-03 3.922e-06 3.922e-06 3.922e-03 -5.882e-05 3.663e-06 1.961e-02
22.836782 4.404e+00 5.908e-01 -1.953e-03 3.922e-06 3.922e-06 3.922e-03 -5.882e-05 3.663e-06 1.961e-02
22.846781 4.424e+00 5.566e-01 -2.043e-03 3.922e-06 3.922e-06 3.922e-03 -5.882e-05 3.663e-06 1.961e-02
22.856781 4.438e+00 5.371e-01 -2.125e-03 3.922e-06 3.922e-06 3.922e-03 -5.882e-05 3.663e-06 1.961e-02
22.866783 4.453e+00 4.980e-01 -2.198e-03 3.922e-06 3.922e-06 3.922e-03 -5.882e-05 3.663e-06 1.961e-02
22.876781 4.473e+00 4.639e-01 -2.271e-03 3.922e-06 3.922e-06 3.922e-03 -5.882e-05 3.663e-06 1.961e-02
22.886782 4.468e+00 4.443e-01 -2.347e-03 3.922e-06 3.922e-06 3.922e-03 -5.882e-05 3.663e-06 1.961e-02
22.896782 4.443e+00 3.809e-01 -2.393e-03 3.922e-06 3.922e-06 3.922e-03 -5.882e-05 3.663e-06 1.961e-02
22.906782 4.434e+00 3.369e-01 -2.440e-03 3.922e-06 3.922e-06 3.922e-03 -5.882e-05 3.663e-06 1.961e-02
22.916782 4.404e+00 2.979e-01 -2.490e-03 3.922e-06 3.922e-06 3.922e-03 -5.882e-05 3.663e-06 1.961e-02
22.926783 4.360e+00 2.441e-01 -2.513e-03 3.922e-06 3.922e-06 3.922e-03 -5.882e-05 3.663e-06 1.961e-02
22.936781 4.307e+00 2.002e-01 -2.548e-03 3.922e-06 3.922e-06 3.922e-03 -5.882e-05 3.663e-06 1.961e-02
22.946783 4.263e+00 1.367e-01 -2.563e-03 3.922e-06 3.922e-06 3.922e-03 -5.882e-05 3.663e-06 1.961e-02
22.956783 4.194e+00 8.789e-02 -2.571e-03 3.922e-06 3.922e-06 3.922e-03 -5.882e-05 3.663e-06 1.961e-02
22.966782 4.116e+00 2.930e-02 -2.577e-03 3.922e-06 3.922e-06 3.922e-03 -5.882e-05 3.663e-06 1.961e-02
22.976782 4.043e+00 -1.953e-02 -2.577e-03 3.922e-06 3.922e-06 3.922e-03 -5.882e-05 3.663e-06 1.961e-02
22.986782 3.975e+00 -6.836e-02 -2.560e-03 3.922e-06 3.922e-06 3.922e-03 -5.882e-05 3.663e-06 1.961e-02
22.996782 3.867e+00 -1.318e-01 -2.525e-03 3.922e-06 3.922e-06 3.922e-03 -5.882e-05 3.663e-06 1.961e-02
23.006783 3.774e+00 -1.904e-01 -2.487e-03 3.922e-06 3.922e-06 3.922e-03 -5.882e-05 3.663e-06 1.961e-02
23.016783 3.672e+00 -2.441e-01 -2.449e-03 3.922e-06 3.922e-06 3.922e-03 -5.882e-05 3.663e-06 1.961e-02
23.026783 3.555e+00 -2.881e-01 -2.399e-03 3.922e-06 3.922e-06 3.922e-03 -5.882e-05 3.663e-06 1.961e-02
23.036783 3.452e+00 -3.223e-01 -2.344e-03 3.922e-06 3.922e-06 3.922e-03 -5.882e-05 3.663e-06 1.961e-02
23.046783 3.330e+00 -3.711e-01 -2.282e-03 3.922e-06 3.922e-06 3.922e-03 -5.882e-05 3.663e-06 1.961e-02
23.056782 3.237e+00 -4.199e-01 -2.204e-03 3.922e-06 3.922e-06 3.922e-03 -5.882e-05 3.663e-06 1.961e-02
23.066782 3.115e+00 -4.541e-01 -2.133e-03 3.922e-06 3.922e-06 3.922e-03 -5.882e-05 3.663e-06 1.961e-02
23.076782 3.003e+00 -4.932e-01 -2.046e-03 3.922e-06 3.922e-06 3.922e-03 -5.882e-05 3.663e-06 1.961e-02
23.086782 2.905e+00 -5.225e-01 -1.953e-03 3.922e-06 3.922e-06 3.922e-03 -5.882e-05 3.663e-06 1.961e-02
23.096781 2.793e+00 -5.664e-01 -1.853e-03 3.922e-06 3.922e-06 3.922e-03 -5.882e-05 3.663e-06 1.961e-02
23.106783 2.676e+00 -5.762e-01 -1.760e-03 3.922e-06 3.922e-06 3.922e-03 -5.882e-05 3.663e-06 1.961e-02
23.116783 2.568e+00 -6.006e-01 -1.655e-03 3.922e-06 3.922e-06 3.922e-03 -5.882e-05 3.663e-06 1.961e-02
23.126781 2.476e+00 -6.250e-01 -1.544e-03 3.922e-06 3.922e-06 3.922e-03 -5.882e-05 3.663e-06 1.961e-02
23.136782 2.388e+00 -6.250e-01 -1.442e-03 3.922e-06 3.922e-06 3.922e-03 -5.882e-05 3.663e-06 1.961e-02
23.146784 2.275e+00 -6.396e-01 -1.331e-03 3.922e-06 3.922e-06 3.922e-03 -5.882e-05 3.663e-06 1.961e-02
23.156782 2.202e+00 -6.348e-01 -1.226e-03 3.922e-06 3.922e-06 3.922e-03 -5.882e-05 3.663e-06 1.961e-02
23.166782 2.119e+00 -6.348e-01 -1.118e-03 3.922e-06 3.922e-06 3.922e-03 -5.882e-05 3.663e-06 1.961e-02
23.176783 2.061e+00 -6.348e-01 -1.004e-03 3.922e-06 3.922e-06 3.922e-03 -5.882e-05 3.663e-06 1.961e-02
23.186781 2.002e+00 -6.152e-01 -8.989e-04 3.922e-06 3.922e-06 3.922e-03 -5.882e-05 3.663e-06 1.961e-02
23.196781 1.938e+00 -6.055e-01 -7.968e-04 3.922e-06 3.922e-06 3.922e-03 -5.882e-05 3.663e-06 1.961e-02
23.206781 1.890e+00 -5.713e-01 -7.005e-04 3.922e-06 3.922e-06 3.922e-03 -5.882e-05 3.663e-06 1.961e-02
23.216784 1.851e+00 -5.518e-01 -5.983e-04 3.922e-06 3.922e-06 3.922e-03 -5.882e-05 3.663e-06 1.961e-02
23.226784 1.821e+00 -5.176e-01 -5.166e-04 3.922e-06 3.922e-06 3.922e-03 -5.882e-05 3.663e-06 1.961e-02
23.236782 1.807e+00 -4.785e-01 -4.261e-04 3.922e-06 3.922e-06 3.922e-03 -5.882e-05 3.663e-06 1.961e-02
23.246782 1.797e+00 -4.541e-01 -3.502e-04 3.922e-06 3.922e-06 3.922e-03 -5.882e-05 3.663e-06 1.961e-02
23.256783 1.792e+00 -4.053e-01 -2.773e-04 3.922e-06 3.922e-06 3.922e-03 -5.882e-05 3.663e-06 1.961e-02
23.266783 1.797e+00 -3.564e-01 -2.189e-04 3.922e-06 3.922e-06 3.922e-03 -5.882e-05 3.663e-06 1.961e-02
23.276783 1.821e+00 -3.174e-01 -1.547e-04 3.922e-06 3.922e-06 3.922e-03 -5.882e-05 3.663e-06 1.961e-02
23.286783 1.865e+00 -2.637e-01 -1.051e-04 3.922e-06 3.922e-06 3.922e-03 -5.882e-05 3.663e-06 1.961e-02
23.296782 1.899e+00 -2.148e-01 -7.880e-05 3.922e-06 3.922e-06 3.922e-03 -5.882e-05 3.663e-06 1.961e-02
23.306782 1.963e+00 -1.514e-01 -4.086e-05 3.922e-06 3.922e-06 3.922e-03 -5.882e-05 3.663e-06 1.961e-02
23.316784 2.017e+00 -9.277e-02 -2.335e-05 3.922e-06 3.922e-06 3.922e-03 -5.882e-05 3.663e-06 1.961e-02
23.326782 2.095e+00 -3.906e-02 -8.756e-06 3.922e-06 3.922e-06 3.922e-03 -5.882e-05 3.663e-06 1.961e-02
23.336782 2.188e+00 2.441e-02 -8.756e-06 3.922e-06 3.922e-06 3.922e-03 -5.882e-05 3.663e-06 1.961e-02
23.346781 2.261e+00 8.789e-02 -2.043e-05 3.922e-06 3.922e-06 3.922e-03 -5.882e-05 3.663e-06 1.961e-02
23.356781 2.368e+00 1.465e-01 -3.794e-05 3.922e-06 3.922e-06 3.922e-03 -5.882e-05 3.663e-06 1.961e-02
23.366781 2.485e+00 1.953e-01 -6.129e-05 3.922e-06 3.922e-06 3.922e-03 -5.882e-05 3.663e-06 1.961e-02
23.376781 2.573e+00 2.539e-01 -1.022e-04 3.922e-06 3.922e-06 3.922e-03 -5.882e-05 3.663e-06 1.961e-02
23.386782 2.686e+00 3.174e-01 -1.488e-04 3.922e-06 3.922e-06 3.922e-03 -5.882e-05 3.663e-06 1.961e-02
23.396784 2.803e+00 3.760e-01 -2.160e-04 3.922e-06 3.922e-06 3.922e-03 -5.882e-05 3.663e-06 1.961e-02
23.406782 2.920e+00 4.248e-01 -2.685e-04 3.922e-06 3.922e-06 3.922e-03 -5.882e-05 3.663e-06 1.961e-02
23.416782 3.037e+00 4.785e-01 -3.444e-04 3.922e-06 3.922e-06 3.922e-03 -5.882e-05 3.663e-06 1.961e-02
23.426781 3.174e+00 5.225e-01 -4.261e-04 3.922e-06 3.922e-06 3.922e-03 -5.882e-05 3.663e-06 1.961e-02
23.436783 3.291e+00 5.762e-01 -5.166e-04 3.922e-06 3.922e-06 3.922e-03 -5.882e-05 3.663e-06 1.961e-02
23.446783 3.403e+00 6.152e-01 -6.129e-04 3.922e-06 3.922e-06 3.922e-03 -5.882e-05 3.663e-06 1.961e-02
23.456783 3.550e+00 6.445e-01 -7.092e-04 3.922e-06 3.922e-06 3.922e-03 -5.882e-05 3.663e-06 1.961e-02
23.466784 3.667e+00 6.836e-01 -8.201e-04 3.922e-06 3.922e-06 3.922e-03 -5.882e-05 3.663e-06 1.961e-02
23.476784 3.784e+00 7.031e-01 -9.252e-04 3.922e-06 3.922e-06 3.922e-03 -5.882e-05 3.663e-06 1.961e-02
23.486782 3.906e+00 7.227e-01 -1.024e-03 3.922e-06 3.922e-06 3.922e-03 -5.882e-05 3.663e-06 1.961e-02
23.496782 4.009e+00 7.275e-01 -1.138e-03 3.922e-06 3.922e-06 3.922e-03 -5.882e-05 3.663e-06 1.961e-02
23.506783 4.116e+00 7.666e-01 -1.278e-03 3.922e-06 3.922e-06 3.922e-03 -5.882e-05 3.663e-06 1.961e-02
23.516783 4.214e+00 7.666e-01 -1.395e-03 3.922e-06 3.922e-06 3.922e-03 -5.882e-05 3.663e-06 1.961e-02
23.526783 4.307e+00 7.764e-01 -1.526e-03 3.922e-06 3.922e-06 3.922e-03 -5.882e-05 3.663e-06 1.961e-02
23.536781 4.409e+00 7.568e-01 -1.629e-03 3.922e-06 3.922e-06 3.922e-03 -5.882e-05 3.663e-06 1.961e-02
23.546782 4.468e+00 7.568e-01 -1.757e-03 3.922e-06 3.922e-06 3.922e-03 -5.882e-05 3.663e-06 1.961e-02
23.556782 4.541e+00 7.520e-01 -1.877e-03 3.922e-06 3.922e-06 3.922e-03 -5.882e-05 3.663e-06 1.961e-02
23.566782 4.604e+00 7.227e-01 -1.979e-03 3.922e-06 3.922e-06 3.922e-03 -5.882e-05 3.663e-06 1.961e-02
23.576782 4.644e+00 6.836e-01 -2.084e-03 3.922e-06 3.922e-06 3.922e-03 -5.882e-05 3.663e-06 1.961e-02
23.586782 4.683e+00 6.738e-01 -2.189e-03 3.922e-06 3.922e-06 3.922e-03 -5.882e-05 3.663e-06 1.961e-02
23.596783 4.712e+00 6.250e-01 -2.285e-03 3.922e-06 3.922e-06 3.922e-03 -5.882e-05 3.663e-06 1.961e-02
23.606783 4.741e+00 6.006e-01 -2.390e-03 3.922e-06 3.922e-06 3.922e-03 -5.882e-05 3.663e-06 1.961e-02
23.616783 4.741e+00 5.566e-01 -2.472e-03 3.922e-06 3.922e-06 3.922e-03 -5.882e-05 3.663e-06 1.961e-02
23.626781 4.736e+00 5.029e-01 -2.554e-03 3.922e-06 3.922e-06 3.922e-03 -5.882e-05 3.663e-06 1.961e-02
23.636784 4.712e+00 4.688e-01 -2.627e-03 3.922e-06 3.922e-06 3.922e-03 -5.882e-05 3.663e-06 1.961e-02
23.646782 4.692e+00 3.955e-01 -2.673e-03 3.922e-06 3.922e-06 3.922e-03 -5.882e-05 3.663e-06 1.961e-02
23.656782 4.653e+00 3.467e-01 -2.729e-03 3.922e-06 3.922e-06 3.922e-03 -5.882e-05 3.663e-06 1.961e-02
23.666782 4.609e+00 2.832e-01 -2.776e-03 3.922e-06 3.922e-06 3.922e-03 -5.882e-05 3.663e-06 1.961e-02
23.676783 4.546e+00 2.246e-01 -2.802e-03 3.922e-06 3.922e-06 3.922e-03 -5.882e-05 3.663e-06 1.961e-02
23.686783 4.463e+00 1.709e-01 -2.825e-03 3.922e-06 3.922e-06 3.922e-03 -5.882e-05 3.663e-06 1.961e-02
23.696781 4.385e+00 9.277e-02 -2.837e-03 3.922e-06 3.922e-06 3.922e-03 -5.882e-05 3.663e-06 1.961e-02
23.706781 4.307e+00 3.418e-02 -2.840e-03 3.922e-06 3.922e-06 3.922e-03 -5.882e-05 3.663e-06 1.961e-02
23.716784 4.209e+00 -3.906e-02 -2.825e-03 3.922e-06 3.922e-06 3.922e-03 -5.882e-05 3.663e-06 1.961e-02
23.726782 4.126e+00 -1.025e-01 -2.808e-03 3.922e-06 3.922e-06 3.922e-03 -5.882e-05 3.663e-06 1.961e-02
23.736784 4.014e+00 -1.709e-01 -2.767e-03 3.922e-06 3.922e-06 3.922e-03 -5.882e-05 3.663e-06 1.961e-02
23.746782 3.862e+00 -2.344e-01 -2.723e-03 3.922e-06 3.922e-06 3.922e-03 -5.882e-05 3.663e-06 1.961e-02
23.756783 3.760e+00 -2.979e-01 -2.673e-03 3.922e-06 3.922e-06 3.922e-03 -5.882e-05 3.663e-06 1.961e-02
23.766783 3.623e+00 -3.564e-01 -2.606e-03 3.922e-06 3.922e-06 3.922e-03 -5.882e-05 3.663e-06 1.961e-02
23.776781 3.496e+00 -4.053e-01 -2.548e-03 3.922e-06 3.922e-06 3.922e-03 -5.882e-05 3.663e-06 1.961e-02
23.786781 3.369e+00 -4.639e-01 -2.469e-03 3.922e-06 3.922e-06 3.922e-03 -5.882e-05 3.663e-06 1.961e-02
23.796783 3.218e+00 -5.176e-01 -2.379e-03 3.922e-06 3.922e-06 3.922e-03 -5.882e-05 3.663e-06 1.961e-02
23.806782 3.091e+00 -5.615e-01 -2.282e-03 3.922e-06 3.922e-06 3.922e-03 -5.882e-05 3.663e-06 1.961e-02
23.816782 2.959e+00 -6.104e-01 -2.177e-03 3.922e-06 3.922e-06 3.922e-03 -5.882e-05 3.663e-06 1.961e-02
23.826782 2.817e+00 -6.494e-01 -2.066e-03 3.922e-06 3.922e-06 3.922e-03 -5.882e-05 3.663e-06 1.961e-02
23.836781 2.695e+00 -6.885e-01 -1.947e-03 3.922e-06 3.922e-06 3.922e-03 -5.882e-05 3.663e-06 1.961e-02
23.846783 2.554e+00 -7.227e-01 -1.821e-03 3.922e-06 3.922e-06 3.922e-03 -5.882e-05 3.663e-06 1.961e-02
23.856783 2.427e+00 -7.373e-01 -1.707e-03 3.922e-06 3.922e-06 3.922e-03 -5.882e-05 3.663e-06 1.961e-02
23.866781 2.295e+00 -7.617e-01 -1.573e-03 3.922e-06 3.922e-06 3.922e-03 -5.882e-05 3.663e-06 1.961e-02
23.876781 2.183e+00 -7.812e-01 -1.442e-03 3.922e-06 3.922e-06 3.922e-03 -5.882e-05 3.663e-06 1.961e-02
23.886782 2.085e+00 -7.764e-01 -1.310e-03 3.922e-06 3.922e-06 3.922e-03 -5.882e-05 3.663e-06 1.961e-02
23.896782 1.968e+00 -7.861e-01 -1.179e-03 3.922e-06 3.922e-06 3.922e-03 -5.882e-05 3.663e-06 1.961e-02
23.906782 1.890e+00 -7.764e-01 -1.045e-03 3.922e-06 3.922e-06 3.922e-03 -5.882e-05 3.663e-06 1.961e-02
23.916782 1.797e+00 -7.666e-01 -9.194e-04 3.922e-06 3.922e-06 3.922e-03 -5.882e-05 3.663e-06 1.961e-02
23.926783 1.719e+00 -7.568e-01 -7.880e-04 3.922e-06 3.922e-06 3.922e-03 -5.882e-05 3.663e-06 1.961e-02
23.936781 1.631e+00 -7.373e-01 -6.596e-04 3.922e-06 3.922e-06 3.922e-03 -5.882e-05 3.663e-06 1.961e-02
23.946781 1.528e+00 -7.227e-01 -5.312e-04 3.922e-06 3.922e-06 3.922e-03 -5.882e-05 3.663e-06 1.961e-02
23.956783 1.436e+00 -6.787e-01 -4.320e-04 3.922e-06 3.922e-06 3.922e-03 -5.882e-05 3.663e-06 1.961e-02
23.966782 1.343e+00 -6.445e-01 -3.181e-04 3.922e-06 3.922e-06 3.922e-03 -5.882e-05 3.663e-06 1.961e-02
23.976782 1.270e+00 -6.006e-01 -2.189e-04 3.922e-06 3.922e-06 3.922e-03 -5.882e-05 3.663e-06 1.961e-02
23.986782 1.191e+00 -5.566e-01 -1.226e-04 3.922e-06 3.922e-06 3.922e-03 -5.882e-05 3.663e-06 1.961e-02
23.996782 1.128e+00 -5.371e-01 -2.335e-05 3.922e-06 3.922e-06 3.922e-03 -5.882e-05 3.663e-06 1.961e-02
24.006783 1.050e+00 -4.785e-01 5.253e-05 3.922e-06 3.922e-06 3.922e-03 -5.882e-05 3.663e-06 1.961e-02
24.016783 9.961e-01 -4.346e-01 1.255e-04 3.922e-06 3.922e-06 3.922e-03 -5.882e-05 3.663e-06 1.961e-02
24.026783 9.473e-01 -3.857e-01 1.955e-04 3.922e-06 3.922e-06 3.922e-03 -5.882e-05 3.663e-06 1.961e-02
24.036783 9.180e-01 -3.369e-01 2.627e-04 3.922e-06 3.922e-06 3.922e-03 -5.882e-05 3.663e-06 1.961e-02
24.046782 8.691e-01 -2.734e-01 2.889e-04 3.922e-06 3.922e-06 3.922e-03 -5.882e-05 3.663e-06 1.961e-02
24.056782 8.691e-01 -2.197e-01 3.386e-04 3.922e-06 3.922e-06 3.922e-03 -5.882e-05 3.663e-06 1.961e-02
24.066782 8.447e-01 -1.660e-01 3.677e-04 3.922e-06 3.922e-06 3.922e-03 -5.882e-05 3.663e-06 1.961e-02
24.076782 8.691e-01 -1.123e-01 3.911e-04 3.922e-06 3.922e-06 3.922e-03 -5.882e-05 3.663e-06 1.961e-02
24.086782 8.838e-01 -4.883e-02 4.028e-04 3.922e-06 3.922e-06 3.922e-03 -5.882e-05 3.663e-06 1.961e-02
24.096783 9.180e-01 -4.883e-03 4.057e-04 3.922e-06 3.922e-06 3.922e-03 -5.882e-05 3.663e-06 1.961e-02
24.106783 9.961e-01 4.883e-02 4.115e-04 3.922e-06 3.922e-06 3.922e-03 -5.882e-05 3.663e-06 1.961e-02
24.116783 1.055e+00 9.277e-02 4.028e-04 3.922e-06 3.922e-06 3.922e-03 -5.882e-05 3.663e-06 1.961e-02
24.126783 1.143e+00 1.465e-01 3.794e-04 3.922e-06 3.922e-06 3.922e-03 -5.882e-05 3.663e-06 1.961e-02
24.136784 1.270e+00 2.002e-01 3.561e-04 3.922e-06 3.922e-06 3.922e-03 -5.882e-05 3.663e-06 1.961e-02
24.146784 1.372e+00 2.588e-01 3.065e-04 3.922e-06 3.922e-06 3.922e-03 -5.882e-05 3.663e-06 1.961e-02
24.156782 1.543e+00 3.125e-01 2.685e-04 3.922e-06 3.922e-06 3.922e-03 -5.882e-05 3.663e-06 1.961e-02
24.166782 1.709e+00 3.711e-01 2.101e-04 3.922e-06 3.922e-06 3.922e-03 -5.882e-05 3.663e-06 1.961e-02
24.176783 1.914e+00 4.102e-01 1.518e-04 3.922e-06 3.922e-06 3.922e-03 -5.882e-05 3.663e-06 1.961e-02
24.186783 2.129e+00 4.639e-01 7.880e-05 3.922e-06 3.922e-06 3.922e-03 -5.882e-05 3.663e-06 1.961e-02
24.196783 2.319e+00 5.029e-01 1.167e-05 3.922e-06 3.922e-06 3.922e-03 -5.882e-05 3.663e-06 1.961e-02
24.206781 2.520e+00 5.615e-01 -8.172e-05 3.922e-06 3.922e-06 3.922e-03 -5.882e-05 3.663e-06 1.961e-02
24.216782 2.705e+00 6.104e-01 -1.751e-04 3.922e-06 3.922e-06 3.922e-03 -5.882e-05 3.663e-06 1.961e-02
24.226782 2.871e+00 6.543e-01 -2.802e-04 3.922e-06 3.922e-06 3.922e-03 -5.882e-05 3.663e-06 1.961e-02
24.236782 3.066e+00 6.934e-01 -3.911e-04 3.922e-06 3.922e-06 3.922e-03 -5.882e-05 3.663e-06 1.961e-02
24.246782 3.223e+00 7.324e-01 -5.049e-04 3.922e-06 3.922e-06 3.922e-03 -5.882e-05 3.663e-06 1.961e-02
24.256783 3.389e+00 7.812e-01 -6.275e-04 3.922e-06 3.922e-06 3.922e-03 -5.882e-05 3.663e-06 1.961e-02
24.266781 3.560e+00 8.057e-01 -7.618e-04 3.922e-06 3.922e-06 3.922e-03 -5.882e-05 3.663e-06 1.961e-02
24.276783 3.721e+00 8.350e-01 -8.873e-04 3.922e-06 3.922e-06 3.922e-03 -5.882e-05 3.663e-06 1.961e-02
24.286781 3.877e+00 8.398e-01 -1.016e-03 3.922e-06 3.922e-06 3.922e-03 -5.882e-05 3.663e-06 1.961e-02
24.296783 4.009e+00 8.545e-01 -1.159e-03 3.922e-06 3.922e-06 3.922e-03 -5.882e-05 3.663e-06 1.961e-02
24.306782 4.146e+00 8.691e-01 -1.284e-03 3.922e-06 3.922e-06 3.922e-03 -5.882e-05 3.663e-06 1.961e-02
24.316782 4.258e+00 8.691e-01 -1.424e-03 3.922e-06 3.922e-06 3.922e-03 -5.882e-05 3.663e-06 1.961e-02
24.326782 4.380e+00 8.740e-01 -1.564e-03 3.922e-06 3.922e-06 3.922e-03 -5.882e-05 3.663e-06 1.961e-02
24.336782 4.492e+00 8.691e-01 -1.699e-03 3.922e-06 3.922e-06 3.922e-03 -5.882e-05 3.663e-06 1.961e-02
24.346783 4.565e+00 8.545e-01 -1.845e-03 3.922e-06 3.922e-06 3.922e-03 -5.882e-05 3.663e-06 1.961e-02
24.356783 4.653e+00 8.350e-01 -1.964e-03 3.922e-06 3.922e-06 3.922e-03 -5.882e-05 3.663e-06 1.961e-02
24.366783 4.717e+00 8.057e-01 -2.093e-03 3.922e-06 3.922e-06 3.922e-03 -5.882e-05 3.663e-06 1.961e-02
24.376783 4.780e+00 7.764e-01 -2.215e-03 3.922e-06 3.922e-06 3.922e-03 -5.882e-05 3.663e-06 1.961e-02
24.386784 4.834e+00 7.324e-01 -2.317e-03 3.922e-06 3.922e-06 3.922e-03 -5.882e-05 3.663e-06 1.961e-02
24.396782 4.858e+00 6.982e-01 -2.443e-03 3.922e-06 3.922e-06 3.922e-03 -5.882e-05 3.663e-06 1.961e-02
24.406782 4.873e+00 6.543e-01 -2.536e-03 3.922e-06 3.922e-06 3.922e-03 -5.882e-05 3.663e-06 1.961e-02
24.416782 4.878e+00 6.006e-01 -2.633e-03 3.922e-06 3.922e-06 3.922e-03 -5.882e-05 3.663e-06 1.961e-02
24.426783 4.863e+00 5.420e-01 -2.714e-03 3.922e-06 3.922e-06 3.922e-03 -5.882e-05 3.663e-06 1.961e-02
24.436783 4.858e+00 4.883e-01 -2.787e-03 3.922e-06 3.922e-06 3.922e-03 -5.882e-05 3.663e-06 1.961e-02
24.446781 4.834e+00 4.199e-01 -2.849e-03 3.922e-06 3.922e-06 3.922e-03 -5.882e-05 3.663e-06 1.961e-02
24.456783 4.780e+00 3.564e-01 -2.901e-03 3.922e-06 3.922e-06 3.922e-03 -5.882e-05 3.663e-06 1.961e-02
24.466784 4.722e+00 2.930e-01 -2.951e-03 3.922e-06 3.922e-06 3.922e-03 -5.882e-05 3.663e-06 1.961e-02
24.476784 4.658e+00 2.197e-01 -2.977e-03 3.922e-06 3.922e-06 3.922e-03 -5.882e-05 3.663e-06 1.961e-02
24.486782 4.585e+00 1.465e-01 -2.994e-03 3.922e-06 3.922e-06 3.922e-03 -5.882e-05 3.663e-06 1.961e-02
24.496780 4.478e+00 6.836e-02 -3.000e-03 3.922e-06 3.922e-06 3.922e-03 -5.882e-05 3.663e-06 1.961e-02
24.506783 4.380e+00 4.883e-03 -3.003e-03 3.922e-06 3.922e-06 3.922e-03 -5.882e-05 3.663e-06 1.961e-02
24.516783 4.272e+00 -6.836e-02 -2.986e-03 3.922e-06 3.922e-06 3.922e-03 -5.882e-05 3.663e-06 1.961e-02
24.526783 4.146e+00 -1.416e-01 -2.962e-03 3.922e-06 3.922e-06 3.922e-03 -5.882e-05 3.663e-06 1.961e-02
24.536781 4.028e+00 -2.100e-01 -2.922e-03 3.922e-06 3.922e-06 3.922e-03 -5.882e-05 3.663e-06 1.961e-02
24.546783 3.901e+00 -2.979e-01 -2.857e-03 3.922e-06 3.922e-06 3.922e-03 -5.882e-05 3.663e-06 1.961e-02
24.556782 3.765e+00 -3.564e-01 -2.808e-03 3.922e-06 3.922e-06 3.922e-03 -5.882e-05 3.663e-06 1.961e-02
24.566782 3.608e+00 -4.297e-01 -2.729e-03 3.922e-06 3.922e-06 3.922e-03 -5.882e-05 3.663e-06 1.961e-02
24.576782 3.472e+00 -4.980e-01 -2.638e-03 3.922e-06 3.922e-06 3.922e-03 -5.882e-05 3.663e-06 1.961e-02
24.586782 3.330e+00 -5.469e-01 -2.548e-03 3.922e-06 3.922e-06 3.922e-03 -5.882e-05 3.663e-06 1.961e-02
24.596783 3.159e+00 -6.104e-01 -2.449e-03 3.922e-06 3.922e-06 3.922e-03 -5.882e-05 3.663e-06 1.961e-02
24.606783 3.003e+00 -6.494e-01 -2.344e-03 3.922e-06 3.922e-06 3.922e-03 -5.882e-05 3.663e-06 1.961e-02
24.616783 2.861e+00 -7.031e-01 -2.215e-03 3.922e-06 3.922e-06 3.922e-03 -5.882e-05 3.663e-06 1.961e-02
24.626783 2.695e+00 -7.422e-01 -2.104e-03 3.922e-06 3.922e-06 3.922e-03 -5.882e-05 3.663e-06 1.961e-02
24.636782 2.563e+00 -7.764e-01 -1.964e-03 3.922e-06 3.922e-06 3.922e-03 -5.882e-05 3.663e-06 1.961e-02
24.646782 2.427e+00 -8.252e-01 -1.818e-03 3.922e-06 3.922e-06 3.922e-03 -5.882e-05 3.663e-06 1.961e-02
24.656782 2.275e+00 -8.301e-01 -1.690e-03 3.922e-06 3.922e-06 3.922e-03 -5.882e-05 3.663e-06 1.961e-02
24.666782 2.144e+00 -8.545e-01 -1.544e-03 3.922e-06 3.922e-06 3.922e-03 -5.882e-05 3.663e-06 1.961e-02
24.676781 2.017e+00 -8.838e-01 -1.389e-03 3.922e-06 3.922e-06 3.922e-03 -5.882e-05 3.663e-06 1.961e-02
24.686781 1.904e+00 -8.789e-01 -1.243e-03 3.922e-06 3.922e-06 3.922e-03 -5.882e-05 3.663e-06 1.961e-02
24.696781 1.792e+00 -8.887e-01 -1.089e-03 3.922e-06 3.922e-06 3.922e-03 -5.882e-05 3.663e-06 1.961e-02
24.706781 1.670e+00 -8.643e-01 -9.573e-04 3.922e-06 3.922e-06 3.922e-03 -5.882e-05 3.663e-06 1.961e-02
24.716784 1.533e+00 -8.643e-01 -8.085e-04 3.922e-06 3.922e-06 3.922e-03 -5.882e-05 3.663e-06 1.961e-02
24.726782 1.406e+00 -8.398e-01 -6.713e-04 3.922e-06 3.922e-06 3.922e-03 -5.882e-05 3.663e-06 1.961e-02
24.736782 1.270e+00 -8.105e-01 -5.283e-04 3.922e-06 3.922e-06 3.922e-03 -5.882e-05 3.663e-06 1.961e-02
24.746782 1.143e+00 -7.910e-01 -4.028e-04 3.922e-06 3.922e-06 3.922e-03 -5.882e-05 3.663e-06 1.961e-02
24.756783 1.016e+00 -7.568e-01 -2.685e-04 3.922e-06 3.922e-06 3.922e-03 -5.882e-05 3.663e-06 1.961e-02
24.766783 8.789e-01 -7.275e-01 -1.430e-04 3.922e-06 3.922e-06 3.922e-03 -5.882e-05 3.663e-06 1.961e-02
24.776783 7.471e-01 -6.885e-01 -2.919e-05 3.922e-06 3.922e-06 3.922e-03 -5.882e-05 3.663e-06 1.961e-02
24.786783 6.104e-01 -6.348e-01 7.296e-05 3.922e-06 3.922e-06 3.922e-03 -5.882e-05 3.663e-06 1.961e-02
24.796783 4.785e-01 -6.152e-01 1.868e-04 3.922e-06 3.922e-06 3.922e-03 -5.882e-05 3.663e-06 1.961e-02
24.806784 3.467e-01 -5.615e-01 2.831e-04 3.922e-06 3.922e-06 3.922e-03 -5.882e-05 3.663e-06 1.961e-02
24.816782 2.246e-01 -5.176e-01 3.677e-04 3.922e-06 3.922e-06 3.922e-03 -5.882e-05 3.663e-06 1.961e-02
24.826782 1.025e-01 -4.688e-01 4.465e-04 3.922e-06 3.922e-06 3.922e-03 -5.882e-05 3.663e-06 1.961e-02
24.836782 -9.766e-03 -4.248e-01 5.195e-04 3.922e-06 3.922e-06 3.922e-03 -5.882e-05 3.663e-06 1.961e-02
24.846783 -1.270e-01 -3.760e-01 5.720e-04 3.922e-06 3.922e-06 3.922e-03 -5.882e-05 3.663e-06 1.961e-02
24.856781 -2.197e-01 -3.320e-01 6.392e-04 3.922e-06 3.922e-06 3.922e-03 -5.882e-05 3.663e-06 1.961e-02
24.866783 -3.271e-01 -2.881e-01 6.917e-04 3.922e-06 3.922e-06 3.922e-03 -5.882e-05 3.663e-06 1.961e-02
24.876783 -4.248e-01 -2.490e-01 7.501e-04 3.922e-06 3.922e-06 3.922e-03 -5.882e-05 3.663e-06 1.961e-02
24.886782 -5.225e-01 -2.002e-01 7.734e-04 3.922e-06 3.922e-06 3.922e-03 -5.882e-05 3.663e-06 1.961e-02
24.896782 -6.055e-01 -1.709e-01 8.114e-04 3.922e-06 3.922e-06 3.922e-03 -5.882e-05 3.663e-06 1.961e-02
24.906782 -6.885e-01 -1.221e-01 8.260e-04 3.922e-06 3.922e-06 3.922e-03 -5.882e-05 3.663e-06 1.961e-02
24.916782 -7.666e-01 -7.812e-02 8.289e-04 3.922e-06 3.922e-06 3.922e-03 -5.882e-05 3.663e-06 1.961e-02
24.926783 -8.398e-01 -4.395e-02 8.435e-04 3.922e-06 3.922e-06 3.922e-03 -5.882e-05 3.663e-06 1.961e-02
24.936781 -9.082e-01 -1.465e-02 8.551e-04 3.922e-06 3.922e-06 3.922e-03 -5.882e-05 3.663e-06 1.961e-02
24.946781 -9.766e-01 -4.883e-03 8.727e-04 3.922e-06 3.922e-06 3.922e-03 -5.882e-05 3.663e-06 1.961e-02
24.956781 -1.030e+00 3.418e-02 8.551e-04 3.922e-06 3.922e-06 3.922e-03 -5.882e-05 3.663e-06 1.961e-02
24.966784 -1.113e+00 6.348e-02 8.406e-04 3.922e-06 3.922e-06 3.922e-03 -5.882e-05 3.663e-06 1.961e-02
24.976782 -1.167e+00 8.789e-02 8.289e-04 3.922e-06 3.922e-06 3.922e-03 -5.882e-05 3.663e-06 1.961e-02
24.986782 -1.211e+00 1.123e-01 8.114e-04 3.922e-06 3.922e-06 3.922e-03 -5.882e-05 3.663e-06 1.961e-02
24.996782 -1.274e+00 1.221e-01 7.909e-04 3.922e-06 3.922e-06 3.922e-03 -5.882e-05 3.663e-06 1.961e-02
25.006784 -1.338e+00 1.465e-01 7.676e-04 3.922e-06 3.922e-06 3.922e-03 -5.882e-05 3.663e-06 1.961e-02
25.016783 -1.396e+00 1.465e-01 7.501e-04 3.922e-06 3.922e-06 3.922e-03 -5.882e-05 3.663e-06 1.961e-02
25.026781 -1.470e+00 1.367e-01 7.384e-04 3.922e-06 3.922e-06 3.922e-03 -5.882e-05 3.663e-06 1.961e-02
25.036783 -1.514e+00 1.611e-01 7.034e-04 3.922e-06 3.922e-06 3.922e-03 -5.882e-05 3.663e-06 1.961e-02
25.046783 -1.577e+00 1.318e-01 7.005e-04 3.922e-06 3.922e-06 3.922e-03 -5.882e-05 3.663e-06 1.961e-02
25.056782 -1.650e+00 1.416e-01 6.713e-04 3.922e-06 3.922e-06 3.922e-03 -5.882e-05 3.663e-06 1.961e-02
25.066782 -1.733e+00 1.367e-01 6.479e-04 3.922e-06 3.922e-06 3.922e-03 -5.882e-05 3.663e-06 1.961e-02
25.076782 -1.802e+00 1.270e-01 6.246e-04 3.922e-06 3.922e-06 3.922e-03 -5.882e-05 3.663e-06 1.961e-02
25.086782 -1.855e+00 1.270e-01 6.071e-04 3.922e-06 3.922e-06 3.922e-03 -5.882e-05 3.663e-06 1.961e-02
25.096783 -1.934e+00 1.123e-01 5.808e-04 3.922e-06 3.922e-06 3.922e-03 -5.882e-05 3.663e-06 1.961e-02
25.106781 -1.978e+00 7.812e-02 5.896e-04 3.922e-06 3.922e-06 3.922e-03 -5.882e-05 3.663e-06 1.961e-02
25.116783 -2.046e+00 5.859e-02 5.779e-04 3.922e-06 3.922e-06 3.922e-03 -5.882e-05 3.663e-06 1.961e-02
25.126783 -2.104e+00 3.418e-02 5.779e-04 3.922e-06 3.922e-06 3.922e-03 -5.882e-05 3.663e-06 1.961e-02
25.136782 -2.163e+00 1.953e-02 5.720e-04 3.922e-06 3.922e-06 3.922e-03 -5.882e-05 3.663e-06 1.961e-02
25.146782 -2.227e+00 -1.465e-02 5.837e-04 3.922e-06 3.922e-06 3.922e-03 -5.882e-05 3.663e-06 1.961e-02
25.156782 -2.295e+00 -1.953e-02 5.866e-04 3.922e-06 3.922e-06 3.922e-03 -5.882e-05 3.663e-06 1.961e-02
25.166782 -2.363e+00 -4.883e-02 5.925e-04 3.922e-06 3.922e-06 3.922e-03 -5.882e-05 3.663e-06 1.961e-02
25.176783 -2.427e+00 -7.324e-02 6.071e-04 3.922e-06 3.922e-06 3.922e-03 -5.882e-05 3.663e-06 1.961e-02
25.186781 -2.495e+00 -9.766e-02 6.275e-04 3.922e-06 3.922e-06 3.922e-03 -5.882e-05 3.663e-06 1.961e-02
25.196783 -2.559e+00 -1.318e-01 6.538e-04 3.922e-06 3.922e-06 3.922e-03 -5.882e-05 3.663e-06 1.961e-02
25.206783 -2.612e+00 -1.562e-01 6.830e-04 3.922e-06 3.922e-06 3.922e-03 -5.882e-05 3.663e-06 1.961e-02
25.216782 -2.690e+00 -1.709e-01 7.092e-04 3.922e-06 3.922e-06 3.922e-03 -5.882e-05 3.663e-06 1.961e-02
25.226782 -2.754e+00 -2.002e-01 7.442e-04 3.922e-06 3.922e-06 3.922e-03 -5.882e-05 3.663e-06 1.961e-02
25.236782 -2.822e+00 -2.148e-01 7.880e-04 3.922e-06 3.922e-06 3.922e-03 -5.882e-05 3.663e-06 1.961e-02
25.246782 -2.910e+00 -2.295e-01 8.143e-04 3.922e-06 3.922e-06 3.922e-03 -5.882e-05 3.663e-06 1.961e-02
25.256783 -2.949e+00 -2.490e-01 8.668e-04 3.922e-06 3.922e-06 3.922e-03 -5.882e-05 3.663e-06 1.961e-02
25.266783 -3.027e+00 -2.734e-01 9.135e-04 3.922e-06 3.922e-06 3.922e-03 -5.882e-05 3.663e-06 1.961e-02
25.276783 -3.091e+00 -2.783e-01 9.485e-04 3.922e-06 3.922e-06 3.922e-03 -5.882e-05 3.663e-06 1.961e-02
25.286783 -3.140e+00 -2.930e-01 1.007e-03 3.922e-06 3.922e-06 3.922e-03 -5.882e-05 3.663e-06 1.961e-02
25.296782 -3.218e+00 -2.979e-01 1.048e-03 3.922e-06 3.922e-06 3.922e-03 -5.882e-05 3.663e-06 1.961e-02
25.306782 -3.257e+00 -3.174e-01 1.121e-03 3.922e-06 3.922e-06 3.922e-03 -5.882e-05 3.663e-06 1.961e-02
25.316782 -3.311e+00 -3.223e-01 1.173e-03 3.922e-06 3.922e-06 3.922e-03 -5.882e-05 3.663e-06 1.961e-02
25.326782 -3.359e+00 -3.320e-01 1.235e-03 3.922e-06 3.922e-06 3.922e-03 -5.882e-05 3.663e-06 1.961e-02
25.336782 -3.418e+00 -3.271e-01 1.293e-03 3.922e-06 3.922e-06 3.922e-03 -5.882e-05 3.663e-06 1.961e-02
25.346783 -3.472e+00 -3.320e-01 1.334e-03 3.922e-06 3.922e-06 3.922e-03 -5.882e-05 3.663e-06 1.961e-02
25.356781 -3.496e+00 -3.174e-01 1.389e-03 3.922e-06 3.922e-06 3.922e-03 -5.882e-05 3.663e-06 1.961e-02
25.366783 -3.535e+00 -3.369e-01 1.456e-03 3.922e-06 3.922e-06 3.922e-03 -5.882e-05 3.663e-06 1.961e-02
25.376783 -3.564e+00 -3.076e-01 1.500e-03 3.922e-06 3.922e-06 3.922e-03 -5.882e-05 3.663e-06 1.961e-02
25.386784 -3.579e+00 -2.930e-01 1.556e-03 3.922e-06 3.922e-06 3.922e-03 -5.882e-05 3.663e-06 1.961e-02
25.396782 -3.618e+00 -2.979e-01 1.614e-03 3.922e-06 3.922e-06 3.922e-03 -5.882e-05 3.663e-06 1.961e-02
25.406782 -3.628e+00 -2.686e-01 1.649e-03 3.922e-06 3.922e-06 3.922e-03 -5.882e-05 3.663e-06 1.961e-02
25.416782 -3.643e+00 -2.637e-01 1.713e-03 3.922e-06 3.922e-06 3.922e-03 -5.882e-05 3.663e-06 1.961e-02
25.426785 -3.662e+00 -2.393e-01 1.742e-03 3.922e-06 3.922e-06 3.922e-03 -5.882e-05 3.663e-06 1.961e-02
25.436783 -3.643e+00 -2.051e-01 1.769e-03 3.922e-06 3.922e-06 3.922e-03 -5.882e-05 3.663e-06 1.961e-02
25.446781 -3.647e+00 -1.953e-01 1.815e-03 3.922e-06 3.922e-06 3.922e-03 -5.882e-05 3.663e-06 1.961e-02
25.456783 -3.638e+00 -1.514e-01 1.833e-03 3.922e-06 3.922e-06 3.922e-03 -5.882e-05 3.663e-06 1.961e-02
25.466782 -3.623e+00 -1.465e-01 1.868e-03 3.922e-06 3.922e-06 3.922e-03 -5.882e-05 3.663e-06 1.961e-02
25.476782 -3.613e+00 -1.172e-01 1.888e-03 3.922e-06 3.922e-06 3.922e-03 -5.882e-05 3.663e-06 1.961e-02
25.486782 -3.569e+00 -9.277e-02 1.909e-03 3.922e-06 3.922e-06 3.922e-03 -5.882e-05 3.663e-06 1.961e-02
25.496782 -3.560e+00 -4.883e-02 1.903e-03 3.922e-06 3.922e-06 3.922e-03 -5.882e-05 3.663e-06 1.961e-02
25.506783 -3.511e+00 -2.930e-02 1.932e-03 3.922e-06 3.922e-06 3.922e-03 -5.882e-05 3.663e-06 1.961e-02
25.516783 -3.486e+00 0.000e+00 1.929e-03 3.922e-06 3.922e-06 3.922e-03 -5.882e-05 3.663e-06 1.961e-02
25.526781 -3.442e+00 2.930e-02 1.926e-03 3.922e-06 3.922e-06 3.922e-03 -5.882e-05 3.663e-06 1.961e-02
25.536783 -3.394e+00 6.836e-02 1.918e-03 3.922e-06 3.922e-06 3.922e-03 -5.882e-05 3.663e-06 1.961e-02
25.546782 -3.330e+00 7.324e-02 1.923e-03 3.922e-06 3.922e-06 3.922e-03 -5.882e-05 3.663e-06 1.961e-02
25.556782 -3.281e+00 1.221e-01 1.894e-03 3.922e-06 3.922e-06 3.922e-03 -5.882e-05 3.663e-06 1.961e-02
25.566782 -3.232e+00 1.514e-01 1.868e-03 3.922e-06 3.922e-06 3.922e-03 -5.882e-05 3.663e-06 1.961e-02
25.576782 -3.169e+00 1.807e-01 1.847e-03 3.922e-06 3.922e-06 3.922e-03 -5.882e-05 3.663e-06 1.961e-02
25.586782 -3.115e+00 2.100e-01 1.815e-03 3.922e-06 3.922e-06 3.922e-03 -5.882e-05 3.663e-06 1.961e-02
25.596781 -3.066e+00 2.246e-01 1.789e-03 3.922e-06 3.922e-06 3.922e-03 -5.882e-05 3.663e-06 1.961e-02
25.606783 -2.993e+00 2.588e-01 1.742e-03 3.922e-06 3.922e-06 3.922e-03 -5.882e-05 3.663e-06 1.961e-02
25.616783 -2.939e+00 2.832e-01 1.693e-03 3.922e-06 3.922e-06 3.922e-03 -5.882e-05 3.663e-06 1.961e-02
25.626781 -2.876e+00 3.076e-01 1.649e-03 3.922e-06 3.922e-06 3.922e-03 -5.882e-05 3.663e-06 1.961e-02
25.636782 -2.803e+00 3.223e-01 1.605e-03 3.922e-06 3.922e-06 3.922e-03 -5.882e-05 3.663e-06 1.961e-02
25.646784 -2.754e+00 3.369e-01 1.547e-03 3.922e-06 3.922e-06 3.922e-03 -5.882e-05 3.663e-06 1.961e-02
25.656782 -2.690e+00 3.564e-01 1.494e-03 3.922e-06 3.922e-06 3.922e-03 -5.882e-05 3.663e-06 1.961e-02
25.666782 -2.632e+00 3.662e-01 1.436e-03 3.922e-06 3.922e-06 3.922e-03 -5.882e-05 3.663e-06 1.961e-02
25.676781 -2.568e+00 3.711e-01 1.383e-03 3.922e-06 3.922e-06 3.922e-03 -5.882e-05 3.663e-06 1.961e-02
25.686783 -2.520e+00 3.857e-01 1.322e-03 3.922e-06 3.922e-06 3.922e-03 -5.882e-05 3.663e-06 1.961e-02
25.696783 -2.471e+00 3.809e-01 1.270e-03 3.922e-06 3.922e-06 3.922e-03 -5.882e-05 3.663e-06 1.961e-02
25.706781 -2.417e+00 3.857e-01 1.208e-03 3.922e-06 3.922e-06 3.922e-03 -5.882e-05 3.663e-06 1.961e-02
25.716782 -2.378e+00 3.906e-01 1.138e-03 3.922e-06 3.922e-06 3.922e-03 -5.882e-05 3.663e-06 1.961e-02
25.726782 -2.344e+00 4.004e-01 1.071e-03 3.922e-06 3.922e-06 3.922e-03 -5.882e-05 3.663e-06 1.961e-02
25.736782 -2.305e+00 3.955e-01 1.004e-03 3.922e-06 3.922e-06 3.922e-03 -5.882e-05 3.663e-06 1.961e-02
25.746782 -2.271e+00 3.760e-01 9.573e-04 3.922e-06 3.922e-06 3.922e-03 -5.882e-05 3.663e-06 1.961e-02
25.756783 -2.236e+00 3.662e-01 9.077e-04 3.922e-06 3.922e-06 3.922e-03 -5.882e-05 3.663e-06 1.961e-02
25.766785 -2.222e+00 3.418e-01 8.551e-04 3.922e-06 3.922e-06 3.922e-03 -5.882e-05 3.663e-06 1.961e-02
25.776781 -2.207e+00 3.320e-01 8.055e-04 3.922e-06 3.922e-06 3.922e-03 -5.882e-05 3.663e-06 1.961e-02
25.786783 -2.197e+00 3.125e-01 7.559e-04 3.922e-06 3.922e-06 3.922e-03 -5.882e-05 3.663e-06 1.961e-02
25.796782 -2.183e+00 2.832e-01 7.151e-04 3.922e-06 3.922e-06 3.922e-03 -5.882e-05 3.663e-06 1.961e-02
25.806782 -2.192e+00 2.783e-01 6.625e-04 3.922e-06 3.922e-06 3.922e-03 -5.882e-05 3.663e-06 1.961e-02
25.816782 -2.197e+00 2.490e-01 6.333e-04 3.922e-06 3.922e-06 3.922e-03 -5.882e-05 3.663e-06 1.961e-02
25.826782 -2.202e+00 2.246e-01 5.954e-04 3.922e-06 3.922e-06 3.922e-03 -5.882e-05 3.663e-06 1.961e-02
25.836782 -2.217e+00 2.051e-01 5.662e-04 3.922e-06 3.922e-06 3.922e-03 -5.882e-05 3.663e-06 1.961e-02
25.846783 -2.266e+00 1.709e-01 5.312e-04 3.922e-06 3.922e-06 3.922e-03 -5.882e-05 3.663e-06 1.961e-02
25.856783 -2.271e+00 1.270e-01 5.370e-04 3.922e-06 3.922e-06 3.922e-03 -5.882e-05 3.663e-06 1.961e-02
25.866783 -2.310e+00 9.766e-02 5.195e-04 3.922e-06 3.922e-06 3.922e-03 -5.882e-05 3.663e-06 1.961e-02
25.876783 -2.349e+00 6.836e-02 5.049e-04 3.922e-06 3.922e-06 3.922e-03 -5.882e-05 3.663e-06 1.961e-02
25.886784 -2.383e+00 4.395e-02 5.020e-04 3.922e-06 3.922e-06 3.922e-03 -5.882e-05 3.663e-06 1.961e-02
25.896782 -2.437e+00 -1.465e-02 5.312e-04 3.922e-06 3.922e-06 3.922e-03 -5.882e-05 3.663e-06 1.961e-02
25.906782 -2.500e+00 -2.441e-02 5.137e-04 3.922e-06 3.922e-06 3.922e-03 -5.882e-05 3.663e-06 1.961e-02
25.916782 -2.554e+00 -6.836e-02 5.312e-04 3.922e-06 3.922e-06 3.922e-03 -5.882e-05 3.663e-06 1.961e-02
25.926783 -2.598e+00 -9.766e-02 5.487e-04 3.922e-06 3.922e-06 3.922e-03 -5.882e-05 3.663e-06 1.961e-02
25.936783 -2.656e+00 -1.270e-01 5.779e-04 3.922e-06 3.922e-06 3.922e-03 -5.882e-05 3.663e-06 1.961e-02
25.946781 -2.744e+00 -1.562e-01 5.954e-04 3.922e-06 3.922e-06 3.922e-03 -5.882e-05 3.663e-06 1.961e-02
25.956781 -2.788e+00 -1.904e-01 6.421e-04 3.922e-06 3.922e-06 3.922e-03 -5.882e-05 3.663e-06 1.961e-02
25.966782 -2.866e+00 -2.197e-01 6.830e-04 3.922e-06 3.922e-06 3.922e-03 -5.882e-05 3.663e-06 1.961e-02
25.976784 -2.930e+00 -2.441e-01 7.267e-04 3.922e-06 3.922e-06 3.922e-03 -5.882e-05 3.663e-06 1.961e-02
25.986782 -2.998e+00 -2.686e-01 7.705e-04 3.922e-06 3.922e-06 3.922e-03 -5.882e-05 3.663e-06 1.961e-02
25.996782 -3.057e+00 -3.076e-01 8.347e-04 3.922e-06 3.922e-06 3.922e-03 -5.882e-05 3.663e-06 1.961e-02
26.006781 -3.130e+00 -3.076e-01 8.697e-04 3.922e-06 3.922e-06 3.922e-03 -5.882e-05 3.663e-06 1.961e-02
26.016783 -3.203e+00 -3.320e-01 9.340e-04 3.922e-06 3.922e-06 3.922e-03 -5.882e-05 3.663e-06 1.961e-02
26.026783 -3.267e+00 -3.467e-01 9.982e-04 3.922e-06 3.922e-06 3.922e-03 -5.882e-05 3.663e-06 1.961e-02
26.036783 -3.320e+00 -3.662e-01 1.062e-03 3.922e-06 3.922e-06 3.922e-03 -5.882e-05 3.663e-06 1.961e-02
26.046782 -3.394e+00 -3.857e-01 1.132e-03 3.922e-06 3.922e-06 3.922e-03 -5.882e-05 3.663e-06 1.961e-02
26.056782 -3.447e+00 -3.809e-01 1.191e-03 3.922e-06 3.922e-06 3.922e-03 -5.882e-05 3.663e-06 1.961e-02
26.066784 -3.506e+00 -3.955e-01 1.261e-03 3.922e-06 3.922e-06 3.922e-03 -5.882e-05 3.663e-06 1.961e-02
26.076782 -3.560e+00 -3.809e-01 1.319e-03 3.922e-06 3.922e-06 3.922e-03 -5.882e-05 3.663e-06 1.961e-02
26.086782 -3.608e+00 -3.857e-01 1.392e-03 3.922e-06 3.922e-06 3.922e-03 -5.882e-05 3.663e-06 1.961e-02
26.096783 -3.677e+00 -3.760e-01 1.448e-03 3.922e-06 3.922e-06 3.922e-03 -5.882e-05 3.663e-06 1.961e-02
26.106783 -3.691e+00 -3.613e-01 1.512e-03 3.922e-06 3.922e-06 3.922e-03 -5.882e-05 3.663e-06 1.961e-02
26.116783 -3.730e+00 -3.662e-01 1.579e-03 3.922e-06 3.922e-06 3.922e-03 -5.882e-05 3.663e-06 1.961e-02
26.126781 -3.755e+00 -3.516e-01 1.640e-03 3.922e-06 3.922e-06 3.922e-03 -5.882e-05 3.663e-06 1.961e-02
26.136782 -3.774e+00 -3.320e-01 1.699e-03 3.922e-06 3.922e-06 3.922e-03 -5.882e-05 3.663e-06 1.961e-02
26.146782 -3.784e+00 -3.320e-01 1.763e-03 3.922e-06 3.922e-06 3.922e-03 -5.882e-05 3.663e-06 1.961e-02
26.156782 -3.799e+00 -2.930e-01 1.810e-03 3.922e-06 3.922e-06 3.922e-03 -5.882e-05 3.663e-06 1.961e-02
26.166782 -3.809e+00 -2.832e-01 1.859e-03 3.922e-06 3.922e-06 3.922e-03 -5.882e-05 3.663e-06 1.961e-02
26.176783 -3.813e+00 -2.441e-01 1.894e-03 3.922e-06 3.922e-06 3.922e-03 -5.882e-05 3.663e-06 1.961e-02
26.186783 -3.809e+00 -2.100e-01 1.935e-03 3.922e-06 3.922e-06 3.922e-03 -5.882e-05 3.663e-06 1.961e-02
26.196781 -3.770e+00 -2.051e-01 1.982e-03 3.922e-06 3.922e-06 3.922e-03 -5.882e-05 3.663e-06 1.961e-02
26.206781 -3.760e+00 -1.416e-01 1.990e-03 3.922e-06 3.922e-06 3.922e-03 -5.882e-05 3.663e-06 1.961e-02
26.216782 -3.740e+00 -1.221e-01 2.020e-03 3.922e-06 3.922e-06 3.922e-03 -5.882e-05 3.663e-06 1.961e-02
26.226782 -3.696e+00 -9.766e-02 2.049e-03 3.922e-06 3.922e-06 3.922e-03 -5.882e-05 3.663e-06 1.961e-02
26.236782 -3.662e+00 -5.859e-02 2.063e-03 3.922e-06 3.922e-06 3.922e-03 -5.882e-05 3.663e-06 1.961e-02
26.246782 -3.643e+00 -2.930e-02 2.069e-03 3.922e-06 3.922e-06 3.922e-03 -5.882e-05 3.663e-06 1.961e-02
26.256783 -3.579e+00 9.766e-03 2.078e-03 3.922e-06 3.922e-06 3.922e-03 -5.882e-05 3.663e-06 1.961e-02
26.266783 -3.535e+00 4.395e-02 2.069e-03 3.922e-06 3.922e-06 3.922e-03 -5.882e-05 3.663e-06 1.961e-02
26.276783 -3.467e+00 8.301e-02 2.058e-03 3.922e-06 3.922e-06 3.922e-03 -5.882e-05 3.663e-06 1.961e-02
26.286783 -3.408e+00 1.367e-01 2.026e-03 3.922e-06 3.922e-06 3.922e-03 -5.882e-05 3.663e-06 1.961e-02
26.296782 -3.345e+00 1.611e-01 2.008e-03 3.922e-06 3.922e-06 3.922e-03 -5.882e-05 3.663e-06 1.961e-02
26.306782 -3.276e+00 2.002e-01 1.982e-03 3.922e-06 3.922e-06 3.922e-03 -5.882e-05 3.663e-06 1.961e-02
26.316782 -3.208e+00 2.246e-01 1.953e-03 3.922e-06 3.922e-06 3.922e-03 -5.882e-05 3.663e-06 1.961e-02
26.326782 -3.140e+00 2.539e-01 1.915e-03 3.922e-06 3.922e-06 3.922e-03 -5.882e-05 3.663e-06 1.961e-02
26.336782 -3.066e+00 2.930e-01 1.874e-03 3.922e-06 3.922e-06 3.922e-03 -5.882e-05 3.663e-06 1.961e-02
26.346783 -2.983e+00 2.979e-01 1.842e-03 3.922e-06 3.922e-06 3.922e-03 -5.882e-05 3.663e-06 1.961e-02
26.356783 -2.905e+00 3.320e-01 1.786e-03 3.922e-06 3.922e-06 3.922e-03 -5.882e-05 3.663e-06 1.961e-02
26.366783 -2.837e+00 3.711e-01 1.716e-03 3.922e-06 3.922e-06 3.922e-03 -5.882e-05 3.663e-06 1.961e-02
26.376781 -2.754e+00 4.004e-01 1.652e-03 3.922e-06 3.922e-06 3.922e-03 -5.882e-05 3.663e-06 1.961e-02
26.386782 -2.690e+00 4.248e-01 1.588e-03 3.922e-06 3.922e-06 3.922e-03 -5.882e-05 3.663e-06 1.961e-02
26.396782 -2.612e+00 4.248e-01 1.521e-03 3.922e-06 3.922e-06 3.922e-03 -5.882e-05 3.663e-06 1.961e-02
26.406782 -2.539e+00 4.492e-01 1.456e-03 3.922e-06 3.922e-06 3.922e-03 -5.882e-05 3.663e-06 1.961e-02
26.416780 -2.471e+00 4.492e-01 1.383e-03 3.922e-06 3.922e-06 3.922e-03 -5.882e-05 3.663e-06 1.961e-02
26.426783 -2.437e+00 4.688e-01 1.305e-03 3.922e-06 3.922e-06 3.922e-03 -5.882e-05 3.663e-06 1.961e-02
26.436783 -2.344e+00 4.639e-01 1.243e-03 3.922e-06 3.922e-06 3.922e-03 -5.882e-05 3.663e-06 1.961e-02
26.446783 -2.290e+00 4.541e-01 1.182e-03 3.922e-06 3.922e-06 3.922e-03 -5.882e-05 3.663e-06 1.961e-02
26.456781 -2.236e+00 4.639e-01 1.100e-03 3.922e-06 3.922e-06 3.922e-03 -5.882e-05 3.663e-06 1.961e-02
26.466784 -2.207e+00 4.639e-01 1.022e-03 3.922e-06 3.922e-06 3.922e-03 -5.882e-05 3.663e-06 1.961e-02
26.476782 -2.163e+00 4.639e-01 9.456e-04 3.922e-06 3.922e-06 3.922e-03 -5.882e-05 3.663e-06 1.961e-02
26.486782 -2.119e+00 4.541e-01 8.756e-04 3.922e-06 3.922e-06 3.922e-03 -5.882e-05 3.663e-06 1.961e-02
26.496784 -2.095e+00 4.346e-01 8.114e-04 3.922e-06 3.922e-06 3.922e-03 -5.882e-05 3.663e-06 1.961e-02
26.506783 -2.056e+00 4.053e-01 7.559e-04 3.922e-06 3.922e-06 3.922e-03 -5.882e-05 3.663e-06 1.961e-02
26.516783 -2.051e+00 3.809e-01 6.917e-04 3.922e-06 3.922e-06 3.922e-03 -5.882e-05 3.663e-06 1.961e-02
26.526783 -2.036e+00 3.711e-01 6.333e-04 3.922e-06 3.922e-06 3.922e-03 -5.882e-05 3.663e-06 1.961e-02
26.536781 -2.036e+00 3.516e-01 5.837e-04 3.922e-06 3.922e-06 3.922e-03 -5.882e-05 3.663e-06 1.961e-02
26.546782 -2.046e+00 3.174e-01 5.312e-04 3.922e-06 3.922e-06 3.922e-03 -5.882e-05 3.663e-06 1.961e-02
26.556782 -2.046e+00 2.881e-01 4.874e-04 3.922e-06 3.922e-06 3.922e-03 -5.882e-05 3.663e-06 1.961e-02
26.566782 -2.065e+00 2.441e-01 4.582e-04 3.922e-06 3.922e-06 3.922e-03 -5.882e-05 3.663e-06 1.961e-02
26.576782 -2.090e+00 2.197e-01 4.203e-04 3.922e-06 3.922e-06 3.922e-03 -5.882e-05 3.663e-06 1.961e-02
26.586782 -2.104e+00 1.807e-01 3.940e-04 3.922e-06 3.922e-06 3.922e-03 -5.882e-05 3.663e-06 1.961e-02
26.596783 -2.139e+00 1.367e-01 3.853e-04 3.922e-06 3.922e-06 3.922e-03 -5.882e-05 3.663e-06 1.961e-02
26.606781 -2.183e+00 9.277e-02 3.765e-04 3.922e-06 3.922e-06 3.922e-03 -5.882e-05 3.663e-06 1.961e-02
26.616783 -2.241e+00 5.371e-02 3.648e-04 3.922e-06 3.922e-06 3.922e-03 -5.882e-05 3.663e-06 1.961e-02
26.626783 -2.295e+00 2.441e-02 3.590e-04 3.922e-06 3.922e-06 3.922e-03 -5.882e-05 3.663e-06 1.961e-02
26.636784 -2.354e+00 -9.766e-03 3.648e-04 3.922e-06 3.922e-06 3.922e-03 -5.882e-05 3.663e-06 1.961e-02
26.646782 -2.437e+00 -4.395e-02 3.648e-04 3.922e-06 3.922e-06 3.922e-03 -5.882e-05 3.663e-06 1.961e-02
26.656782 -2.476e+00 -8.789e-02 3.853e-04 3.922e-06 3.922e-06 3.922e-03 -5.882e-05 3.663e-06 1.961e-02
26.666782 -2.559e+00 -1.318e-01 4.144e-04 3.922e-06 3.922e-06 3.922e-03 -5.882e-05 3.663e-06 1.961e-02
26.676783 -2.632e+00 -1.709e-01 4.465e-04 3.922e-06 3.922e-06 3.922e-03 -5.882e-05 3.663e-06 1.961e-02
26.686781 -2.700e+00 -2.148e-01 4.932e-04 3.922e-06 3.922e-06 3.922e-03 -5.882e-05 3.663e-06 1.961e-02
26.696781 -2.783e+00 -2.539e-01 5.341e-04 3.922e-06 3.922e-06 3.922e-03 -5.882e-05 3.663e-06 1.961e-02
26.706781 -2.861e+00 -2.783e-01 5.837e-04 3.922e-06 3.922e-06 3.922e-03 -5.882e-05 3.663e-06 1.961e-02
26.716784 -2.954e+00 -3.125e-01 6.421e-04 3.922e-06 3.922e-06 3.922e-03 -5.882e-05 3.663e-06 1.961e-02
26.726782 -3.032e+00 -3.418e-01 6.946e-04 3.922e-06 3.922e-06 3.922e-03 -5.882e-05 3.663e-06 1.961e-02
26.736782 -3.120e+00 -3.613e-01 7.501e-04 3.922e-06 3.922e-06 3.922e-03 -5.882e-05 3.663e-06 1.961e-02
26.746782 -3.218e+00 -3.760e-01 8.085e-04 3.922e-06 3.922e-06 3.922e-03 -5.882e-05 3.663e-06 1.961e-02
26.756783 -3.286e+00 -3.955e-01 8.873e-04 3.922e-06 3.922e-06 3.922e-03 -5.882e-05 3.663e-06 1.961e-02
26.766783 -3.359e+00 -4.297e-01 9.661e-04 3.922e-06 3.922e-06 3.922e-03 -5.882e-05 3.663e-06 1.961e-02
26.776783 -3.433e+00 -4.541e-01 1.051e-03 3.922e-06 3.922e-06 3.922e-03 -5.882e-05 3.663e-06 1.961e-02
26.786781 -3.506e+00 -4.541e-01 1.124e-03 3.922e-06 3.922e-06 3.922e-03 -5.882e-05 3.663e-06 1.961e-02
26.796782 -3.579e+00 -4.736e-01 1.205e-03 3.922e-06 3.922e-06 3.922e-03 -5.882e-05 3.663e-06 1.961e-02
26.806782 -3.638e+00 -4.736e-01 1.290e-03 3.922e-06 3.922e-06 3.922e-03 -5.882e-05 3.663e-06 1.961e-02
26.816782 -3.706e+00 -4.688e-01 1.360e-03 3.922e-06 3.922e-06 3.922e-03 -5.882e-05 3.663e-06 1.961e-02
26.826782 -3.765e+00 -4.688e-01 1.439e-03 3.922e-06 3.922e-06 3.922e-03 -5.882e-05 3.663e-06 1.961e-02
26.836782 -3.813e+00 -4.590e-01 1.521e-03 3.922e-06 3.922e-06 3.922e-03 -5.882e-05 3.663e-06 1.961e-02
26.846783 -3.862e+00 -4.492e-01 1.594e-03 3.922e-06 3.922e-06 3.922e-03 -5.882e-05 3.663e-06 1.961e-02
26.856781 -3.887e+00 -4.395e-01 1.675e-03 3.922e-06 3.922e-06 3.922e-03 -5.882e-05 3.663e-06 1.961e-02
26.866781 -3.926e+00 -4.248e-01 1.745e-03 3.922e-06 3.922e-06 3.922e-03 -5.882e-05 3.663e-06 1.961e-02
26.876783 -3.950e+00 -4.102e-01 1.818e-03 3.922e-06 3.922e-06 3.922e-03 -5.882e-05 3.663e-06 1.961e-02
26.886784 -3.965e+00 -3.809e-01 1.880e-03 3.922e-06 3.922e-06 3.922e-03 -5.882e-05 3.663e-06 1.961e-02
26.896782 -3.970e+00 -3.711e-01 1.958e-03 3.922e-06 3.922e-06 3.922e-03 -5.882e-05 3.663e-06 1.961e-02
26.906782 -3.979e+00 -3.223e-01 2.002e-03 3.922e-06 3.922e-06 3.922e-03 -5.882e-05 3.663e-06 1.961e-02
26.916782 -3.984e+00 -2.930e-01 2.046e-03 3.922e-06 3.922e-06 3.922e-03 -5.882e-05 3.663e-06 1.961e-02
26.926783 -3.965e+00 -2.588e-01 2.098e-03 3.922e-06 3.922e-06 3.922e-03 -5.882e-05 3.663e-06 1.961e-02
26.936781 -3.945e+00 -2.197e-01 2.128e-03 3.922e-06 3.922e-06 3.922e-03 -5.882e-05 3.663e-06 1.961e-02
26.946781 -3.926e+00 -1.953e-01 2.171e-03 3.922e-06 3.922e-06 3.922e-03 -5.882e-05 3.663e-06 1.961e-02
26.956783 -3.882e+00 -1.465e-01 2.198e-03 3.922e-06 3.922e-06 3.922e-03 -5.882e-05 3.663e-06 1.961e-02
26.966782 -3.843e+00 -1.123e-01 2.224e-03 3.922e-06 3.922e-06 3.922e-03 -5.882e-05 3.663e-06 1.961e-02
26.976782 -3.804e+00 -5.371e-02 2.224e-03 3.922e-06 3.922e-06 3.922e-03 -5.882e-05 3.663e-06 1.961e-02
26.986782 -3.750e+00 -1.465e-02 2.239e-03 3.922e-06 3.922e-06 3.922e-03 -5.882e-05 3.663e-06 1.961e-02
26.996782 -3.691e+00 1.953e-02 2.244e-03 3.922e-06 3.922e-06 3.922e-03 -5.882e-05 3.663e-06 1.961e-02
27.006783 -3.623e+00 7.324e-02 2.230e-03 3.922e-06 3.922e-06 3.922e-03 -5.882e-05 3.663e-06 1.961e-02
27.016781 -3.555e+00 1.123e-01 2.209e-03 3.922e-06 3.922e-06 3.922e-03 -5.882e-05 3.663e-06 1.961e-02
27.026783 -3.481e+00 1.611e-01 2.186e-03 3.922e-06 3.922e-06 3.922e-03 -5.882e-05 3.663e-06 1.961e-02
27.036781 -3.398e+00 2.100e-01 2.154e-03 3.922e-06 3.922e-06 3.922e-03 -5.882e-05 3.663e-06 1.961e-02
27.046782 -3.330e+00 2.441e-01 2.116e-03 3.922e-06 3.922e-06 3.922e-03 -5.882e-05 3.663e-06 1.961e-02
27.056782 -3.232e+00 2.832e-01 2.090e-03 3.922e-06 3.922e-06 3.922e-03 -5.882e-05 3.663e-06 1.961e-02
27.066782 -3.145e+00 3.174e-01 2.037e-03 3.922e-06 3.922e-06 3.922e-03 -5.882e-05 3.663e-06 1.961e-02
27.076782 -3.057e+00 3.516e-01 1.982e-03 3.922e-06 3.922e-06 3.922e-03 -5.882e-05 3.663e-06 1.961e-02
27.086782 -2.959e+00 3.906e-01 1.926e-03 3.922e-06 3.922e-06 3.922e-03 -5.882e-05 3.663e-06 1.961e-02
27.096783 -2.881e+00 4.199e-01 1.862e-03 3.922e-06 3.922e-06 3.922e-03 -5.882e-05 3.663e-06 1.961e-02
27.106783 -2.788e+00 4.590e-01 1.775e-03 3.922e-06 3.922e-06 3.922e-03 -5.882e-05 3.663e-06 1.961e-02
27.116783 -2.695e+00 4.590e-01 1.725e-03 3.922e-06 3.922e-06 3.922e-03 -5.882e-05 3.663e-06 1.961e-02
27.126781 -2.603e+00 5.029e-01 1.629e-03 3.922e-06 3.922e-06 3.922e-03 -5.882e-05 3.663e-06 1.961e-02
27.136782 -2.515e+00 5.176e-01 1.559e-03 3.922e-06 3.922e-06 3.922e-03 -5.882e-05 3.663e-06 1.961e-02
27.146782 -2.437e+00 5.371e-01 1.465e-03 3.922e-06 3.922e-06 3.922e-03 -5.882e-05 3.663e-06 1.961e-02
27.156782 -2.344e+00 5.420e-01 1.395e-03 3.922e-06 3.922e-06 3.922e-03 -5.882e-05 3.663e-06 1.961e-02
27.166782 -2.275e+00 5.518e-01 1.302e-03 3.922e-06 3.922e-06 3.922e-03 -5.882e-05 3.663e-06 1.961e-02
27.176783 -2.212e+00 5.566e-01 1.217e-03 3.922e-06 3.922e-06 3.922e-03 -5.882e-05 3.663e-06 1.961e-02
27.186783 -2.134e+00 5.566e-01 1.129e-03 3.922e-06 3.922e-06 3.922e-03 -5.882e-05 3.663e-06 1.961e-02
27.196781 -2.075e+00 5.518e-01 1.042e-03 3.922e-06 3.922e-06 3.922e-03 -5.882e-05 3.663e-06 1.961e-02
27.206781 -2.021e+00 5.518e-01 9.573e-04 3.922e-06 3.922e-06 3.922e-03 -5.882e-05 3.663e-06 1.961e-02
27.216782 -1.973e+00 5.469e-01 8.551e-04 3.922e-06 3.922e-06 3.922e-03 -5.882e-05 3.663e-06 1.961e-02
27.226782 -1.934e+00 5.273e-01 7.793e-04 3.922e-06 3.922e-06 3.922e-03 -5.882e-05 3.663e-06 1.961e-02
27.236782 -1.890e+00 5.078e-01 6.975e-04 3.922e-06 3.922e-06 3.922e-03 -5.882e-05 3.663e-06 1.961e-02
27.246782 -1.880e+00 4.785e-01 6.333e-04 3.922e-06 3.922e-06 3.922e-03 -5.882e-05 3.663e-06 1.961e-02
27.256783 -1.851e+00 4.590e-01 5.604e-04 3.922e-06 3.922e-06 3.922e-03 -5.882e-05 3.663e-06 1.961e-02
27.266783 -1.841e+00 4.248e-01 4.903e-04 3.922e-06 3.922e-06 3.922e-03 -5.882e-05 3.663e-06 1.961e-02
27.276781 -1.841e+00 4.004e-01 4.261e-04 3.922e-06 3.922e-06 3.922e-03 -5.882e-05 3.663e-06 1.961e-02
27.286781 -1.846e+00 3.662e-01 3.736e-04 3.922e-06 3.922e-06 3.922e-03 -5.882e-05 3.663e-06 1.961e-02
27.296782 -1.870e+00 3.271e-01 3.210e-04 3.922e-06 3.922e-06 3.922e-03 -5.882e-05 3.663e-06 1.961e-02
27.306782 -1.880e+00 2.930e-01 2.773e-04 3.922e-06 3.922e-06 3.922e-03 -5.882e-05 3.663e-06 1.961e-02
27.316782 -1.914e+00 2.441e-01 2.364e-04 3.922e-06 3.922e-06 3.922e-03 -5.882e-05 3.663e-06 1.961e-02
27.326782 -1.943e+00 2.002e-01 2.101e-04 3.922e-06 3.922e-06 3.922e-03 -5.882e-05 3.663e-06 1.961e-02
27.336782 -1.992e+00 1.562e-01 1.897e-04 3.922e-06 3.922e-06 3.922e-03 -5.882e-05 3.663e-06 1.961e-02
27.346783 -2.036e+00 9.766e-02 1.810e-04 3.922e-06 3.922e-06 3.922e-03 -5.882e-05 3.663e-06 1.961e-02
27.356781 -2.100e+00 5.371e-02 1.810e-04 3.922e-06 3.922e-06 3.922e-03 -5.882e-05 3.663e-06 1.961e-02
27.366783 -2.173e+00 9.766e-03 1.722e-04 3.922e-06 3.922e-06 3.922e-03 -5.882e-05 3.663e-06 1.961e-02
27.376783 -2.241e+00 -3.906e-02 1.810e-04 3.922e-06 3.922e-06 3.922e-03 -5.882e-05 3.663e-06 1.961e-02
27.386784 -2.314e+00 -8.301e-02 2.014e-04 3.922e-06 3.922e-06 3.922e-03 -5.882e-05 3.663e-06 1.961e-02
27.396782 -2.427e+00 -1.318e-01 2.218e-04 3.922e-06 3.922e-06 3.922e-03 -5.882e-05 3.663e-06 1.961e-02
27.406782 -2.495e+00 -1.758e-01 2.539e-04 3.922e-06 3.922e-06 3.922e-03 -5.882e-05 3.663e-06 1.961e-02
27.416782 -2.593e+00 -2.197e-01 2.919e-04 3.922e-06 3.922e-06 3.922e-03 -5.882e-05 3.663e-06 1.961e-02
27.426783 -2.686e+00 -2.686e-01 3.444e-04 3.922e-06 3.922e-06 3.922e-03 -5.882e-05 3.663e-06 1.961e-02
27.436781 -2.778e+00 -3.027e-01 3.969e-04 3.922e-06 3.922e-06 3.922e-03 -5.882e-05 3.663e-06 1.961e-02
27.446783 -2.876e+00 -3.467e-01 4.524e-04 3.922e-06 3.922e-06 3.922e-03 -5.882e-05 3.663e-06 1.961e-02
27.456783 -2.954e+00 -3.906e-01 5.312e-04 3.922e-06 3.922e-06 3.922e-03 -5.882e-05 3.663e-06 1.961e-02
27.466782 -3.076e+00 -4.297e-01 6.041e-04 3.922e-06 3.922e-06 3.922e-03 -5.882e-05 3.663e-06 1.961e-02
27.476782 -3.164e+00 -4.639e-01 6.830e-04 3.922e-06 3.922e-06 3.922e-03 -5.882e-05 3.663e-06 1.961e-02
27.486782 -3.267e+00 -4.834e-01 7.618e-04 3.922e-06 3.922e-06 3.922e-03 -5.882e-05 3.663e-06 1.961e-02
27.496782 -3.389e+00 -5.078e-01 8.406e-04 3.922e-06 3.922e-06 3.922e-03 -5.882e-05 3.663e-06 1.961e-02
27.506783 -3.467e+00 -5.273e-01 9.398e-04 3.922e-06 3.922e-06 3.922e-03 -5.882e-05 3.663e-06 1.961e-02
27.516783 -3.564e+00 -5.420e-01 1.027e-03 3.922e-06 3.922e-06 3.922e-03 -5.882e-05 3.663e-06 1.961e-02
27.526783 -3.647e+00 -5.566e-01 1.124e-03 3.922e-06 3.922e-06 3.922e-03 -5.882e-05 3.663e-06 1.961e-02
27.536781 -3.726e+00 -5.615e-01 1.214e-03 3.922e-06 3.922e-06 3.922e-03 -5.882e-05 3.663e-06 1.961e-02
27.546782 -3.823e+00 -5.762e-01 1.319e-03 3.922e-06 3.922e-06 3.922e-03 -5.882e-05 3.663e-06 1.961e-02
27.556782 -3.867e+00 -5.762e-01 1.418e-03 3.922e-06 3.922e-06 3.922e-03 -5.882e-05 3.663e-06 1.961e-02
27.566784 -3.945e+00 -5.762e-01 1.515e-03 3.922e-06 3.922e-06 3.922e-03 -5.882e-05 3.663e-06 1.961e-02
27.576782 -3.999e+00 -5.566e-01 1.608e-03 3.922e-06 3.922e-06 3.922e-03 -5.882e-05 3.663e-06 1.961e-02
27.586782 -4.048e+00 -5.420e-01 1.702e-03 3.922e-06 3.922e-06 3.922e-03 -5.882e-05 3.663e-06 1.961e-02
27.596783 -4.106e+00 -5.225e-01 1.786e-03 3.922e-06 3.922e-06 3.922e-03 -5.882e-05 3.663e-06 1.961e-02
27.606783 -4.126e+00 -5.029e-01 1.874e-03 3.922e-06 3.922e-06 3.922e-03 -5.882e-05 3.663e-06 1.961e-02
27.616783 -4.175e+00 -4.834e-01 1.955e-03 3.922e-06 3.922e-06 3.922e-03 -5.882e-05 3.663e-06 1.961e-02
27.626781 -4.175e+00 -4.541e-01 2.031e-03 3.922e-06 3.922e-06 3.922e-03 -5.882e-05 3.663e-06 1.961e-02
27.636782 -4.185e+00 -4.102e-01 2.096e-03 3.922e-06 3.922e-06 3.922e-03 -5.882e-05 3.663e-06 1.961e-02
27.646782 -4.185e+00 -3.955e-01 2.180e-03 3.922e-06 3.922e-06 3.922e-03 -5.882e-05 3.663e-06 1.961e-02
27.656782 -4.170e+00 -3.467e-01 2.239e-03 3.922e-06 3.922e-06 3.922e-03 -5.882e-05 3.663e-06 1.961e-02
27.666782 -4.170e+00 -3.174e-01 2.294e-03 3.922e-06 3.922e-06 3.922e-03 -5.882e-05 3.663e-06 1.961e-02
27.676783 -4.141e+00 -2.637e-01 2.329e-03 3.922e-06 3.922e-06 3.922e-03 -5.882e-05 3.663e-06 1.961e-02
27.686781 -4.111e+00 -2.148e-01 2.379e-03 3.922e-06 3.922e-06 3.922e-03 -5.882e-05 3.663e-06 1.961e-02
27.696781 -4.062e+00 -1.758e-01 2.411e-03 3.922e-06 3.922e-06 3.922e-03 -5.882e-05 3.663e-06 1.961e-02
27.706783 -4.009e+00 -1.172e-01 2.425e-03 3.922e-06 3.922e-06 3.922e-03 -5.882e-05 3.663e-06 1.961e-02
27.716782 -3.960e+00 -7.324e-02 2.437e-03 3.922e-06 3.922e-06 3.922e-03 -5.882e-05 3.663e-06 1.961e-02
27.726782 -3.892e+00 -1.465e-02 2.446e-03 3.922e-06 3.922e-06 3.922e-03 -5.882e-05 3.663e-06 1.961e-02
27.736782 -3.818e+00 5.371e-02 2.434e-03 3.922e-06 3.922e-06 3.922e-03 -5.882e-05 3.663e-06 1.961e-02
27.746782 -3.735e+00 8.301e-02 2.434e-03 3.922e-06 3.922e-06 3.922e-03 -5.882e-05 3.663e-06 1.961e-02
27.756783 -3.643e+00 1.562e-01 2.399e-03 3.922e-06 3.922e-06 3.922e-03 -5.882e-05 3.663e-06 1.961e-02
27.766781 -3.555e+00 1.904e-01 2.382e-03 3.922e-06 3.922e-06 3.922e-03 -5.882e-05 3.663e-06 1.961e-02
27.776783 -3.462e+00 2.490e-01 2.344e-03 3.922e-06 3.922e-06 3.922e-03 -5.882e-05 3.663e-06 1.961e-02
27.786781 -3.359e+00 3.027e-01 2.297e-03 3.922e-06 3.922e-06 3.922e-03 -5.882e-05 3.663e-06 1.961e-02
27.796783 -3.271e+00 3.564e-01 2.233e-03 3.922e-06 3.922e-06 3.922e-03 -5.882e-05 3.663e-06 1.961e-02
27.806782 -3.149e+00 3.906e-01 2.186e-03 3.922e-06 3.922e-06 3.922e-03 -5.882e-05 3.663e-06 1.961e-02
27.816782 -3.052e+00 4.346e-01 2.113e-03 3.922e-06 3.922e-06 3.922e-03 -5.882e-05 3.663e-06 1.961e-02
27.826782 -2.930e+00 4.785e-01 2.037e-03 3.922e-06 3.922e-06 3.922e-03 -5.882e-05 3.663e-06 1.961e-02
27.836782 -2.822e+00 5.225e-01 1.953e-03 3.922e-06 3.922e-06 3.922e-03 -5.882e-05 3.663e-06 1.961e-02
27.846783 -2.734e+00 5.518e-01 1.871e-03 3.922e-06 3.922e-06 3.922e-03 -5.882e-05 3.663e-06 1.961e-02
27.856781 -2.598e+00 5.811e-01 1.786e-03 3.922e-06 3.922e-06 3.922e-03 -5.882e-05 3.663e-06 1.961e-02
27.866783 -2.500e+00 5.957e-01 1.699e-03 3.922e-06 3.922e-06 3.922e-03 -5.882e-05 3.663e-06 1.961e-02
27.876781 -2.402e+00 6.250e-01 1.591e-03 3.922e-06 3.922e-06 3.922e-03 -5.882e-05 3.663e-06 1.961e-02
27.886782 -2.290e+00 6.445e-01 1.488e-03 3.922e-06 3.922e-06 3.922e-03 -5.882e-05 3.663e-06 1.961e-02
27.896782 -2.207e+00 6.494e-01 1.389e-03 3.922e-06 3.922e-06 3.922e-03 -5.882e-05 3.663e-06 1.961e-02
27.906782 -2.114e+00 6.787e-01 1.278e-03 3.922e-06 3.922e-06 3.922e-03 -5.882e-05 3.663e-06 1.961e-02
27.916782 -2.026e+00 6.738e-01 1.170e-03 3.922e-06 3.922e-06 3.922e-03 -5.882e-05 3.663e-06 1.961e-02
27.926783 -1.943e+00 6.738e-01 1.068e-03 3.922e-06 3.922e-06 3.922e-03 -5.882e-05 3.663e-06 1.961e-02
27.936783 -1.875e+00 6.787e-01 9.602e-04 3.922e-06 3.922e-06 3.922e-03 -5.882e-05 3.663e-06 1.961e-02
27.946783 -1.812e+00 6.543e-01 8.551e-04 3.922e-06 3.922e-06 3.922e-03 -5.882e-05 3.663e-06 1.961e-02
27.956783 -1.753e+00 6.348e-01 7.676e-04 3.922e-06 3.922e-06 3.922e-03 -5.882e-05 3.663e-06 1.961e-02
27.966782 -1.714e+00 6.201e-01 6.596e-04 3.922e-06 3.922e-06 3.922e-03 -5.882e-05 3.663e-06 1.961e-02
27.976782 -1.670e+00 5.957e-01 5.691e-04 3.922e-06 3.922e-06 3.922e-03 -5.882e-05 3.663e-06 1.961e-02
27.986782 -1.641e+00 5.762e-01 4.757e-04 3.922e-06 3.922e-06 3.922e-03 -5.882e-05 3.663e-06 1.961e-02
27.996782 -1.621e+00 5.371e-01 3.911e-04 3.922e-06 3.922e-06 3.922e-03 -5.882e-05 3.663e-06 1.961e-02
28.006783 -1.592e+00 5.127e-01 3.006e-04 3.922e-06 3.922e-06 3.922e-03 -5.882e-05 3.663e-06 1.961e-02
28.016781 -1.592e+00 4.639e-01 2.393e-04 3.922e-06 3.922e-06 3.922e-03 -5.882e-05 3.663e-06 1.961e-02
28.026783 -1.597e+00 4.297e-01 1.693e-04 3.922e-06 3.922e-06 3.922e-03 -5.882e-05 3.663e-06 1.961e-02
28.036781 -1.606e+00 3.760e-01 1.167e-04 3.922e-06 3.922e-06 3.922e-03 -5.882e-05 3.663e-06 1.961e-02
28.046782 -1.650e+00 3.223e-01 6.713e-05 3.922e-06 3.922e-06 3.922e-03 -5.882e-05 3.663e-06 1.961e-02
28.056782 -1.670e+00 2.783e-01 1.459e-05 3.922e-06 3.922e-06 3.922e-03 -5.882e-05 3.663e-06 1.961e-02
28.066782 -1.743e+00 2.246e-01 -1.459e-05 3.922e-06 3.922e-06 3.922e-03 -5.882e-05 3.663e-06 1.961e-02
28.076782 -1.787e+00 1.709e-01 -3.502e-05 3.922e-06 3.922e-06 3.922e-03 -5.882e-05 3.663e-06 1.961e-02
28.086782 -1.855e+00 1.270e-01 -5.837e-05 3.922e-06 3.922e-06 3.922e-03 -5.882e-05 3.663e-06 1.961e-02
28.096781 -1.924e+00 6.348e-02 -6.421e-05 3.922e-06 3.922e-06 3.922e-03 -5.882e-05 3.663e-06 1.961e-02
28.106783 -2.007e+00 4.883e-03 -4.962e-05 3.922e-06 3.922e-06 3.922e-03 -5.882e-05 3.663e-06 1.961e-02
28.116781 -2.100e+00 -6.348e-02 -4.086e-05 3.922e-06 3.922e-06 3.922e-03 -5.882e-05 3.663e-06 1.961e-02
28.126781 -2.188e+00 -1.074e-01 -2.627e-05 3.922e-06 3.922e-06 3.922e-03 -5.882e-05 3.663e-06 1.961e-02
28.136782 -2.280e+00 -1.758e-01 1.751e-05 3.922e-06 3.922e-06 3.922e-03 -5.882e-05 3.663e-06 1.961e-02
28.146782 -2.412e+00 -2.441e-01 6.713e-05 3.922e-06 3.922e-06 3.922e-03 -5.882e-05 3.663e-06 1.961e-02
28.156782 -2.515e+00 -2.881e-01 1.109e-04 3.922e-06 3.922e-06 3.922e-03 -5.882e-05 3.663e-06 1.961e-02
28.166782 -2.637e+00 -3.418e-01 1.634e-04 3.922e-06 3.922e-06 3.922e-03 -5.882e-05 3.663e-06 1.961e-02
28.176783 -2.754e+00 -3.857e-01 2.277e-04 3.922e-06 3.922e-06 3.922e-03 -5.882e-05 3.663e-06 1.961e-02
28.186783 -2.871e+00 -4.297e-01 3.065e-04 3.922e-06 3.922e-06 3.922e-03 -5.882e-05 3.663e-06 1.961e-02
28.196781 -2.998e+00 -4.736e-01 3.794e-04 3.922e-06 3.922e-06 3.922e-03 -5.882e-05 3.663e-06 1.961e-02
28.206781 -3.120e+00 -5.029e-01 4.699e-04 3.922e-06 3.922e-06 3.922e-03 -5.882e-05 3.663e-06 1.961e-02
28.216782 -3.242e+00 -5.615e-01 5.662e-04 3.922e-06 3.922e-06 3.922e-03 -5.882e-05 3.663e-06 1.961e-02
28.226784 -3.359e+00 -5.957e-01 6.713e-04 3.922e-06 3.922e-06 3.922e-03 -5.882e-05 3.663e-06 1.961e-02
28.236784 -3.472e+00 -6.250e-01 7.822e-04 3.922e-06 3.922e-06 3.922e-03 -5.882e-05 3.663e-06 1.961e-02
28.246782 -3.589e+00 -6.445e-01 8.814e-04 3.922e-06 3.922e-06 3.922e-03 -5.882e-05 3.663e-06 1.961e-02
28.256781 -3.687e+00 -6.689e-01 1.013e-03 3.922e-06 3.922e-06 3.922e-03 -5.882e-05 3.663e-06 1.961e-02
28.266785 -3.809e+00 -6.885e-01 1.124e-03 3.922e-06 3.922e-06 3.922e-03 -5.882e-05 3.663e-06 1.961e-02
28.276781 -3.906e+00 -6.836e-01 1.223e-03 3.922e-06 3.922e-06 3.922e-03 -5.882e-05 3.663e-06 1.961e-02
28.286783 -3.999e+00 -6.836e-01 1.340e-03 3.922e-06 3.922e-06 3.922e-03 -5.882e-05 3.663e-06 1.961e-02
28.296782 -4.082e+00 -7.031e-01 1.465e-03 3.922e-06 3.922e-06 3.922e-03 -5.882e-05 3.663e-06 1.961e-02
28.306782 -4.160e+00 -6.885e-01 1.582e-03 3.922e-06 3.922e-06 3.922e-03 -5.882e-05 3.663e-06 1.961e-02
28.316782 -4.229e+00 -6.836e-01 1.699e-03 3.922e-06 3.922e-06 3.922e-03 -5.882e-05 3.663e-06 1.961e-02
28.326780 -4.282e+00 -6.641e-01 1.810e-03 3.922e-06 3.922e-06 3.922e-03 -5.882e-05 3.663e-06 1.961e-02
28.336781 -4.331e+00 -6.348e-01 1.915e-03 3.922e-06 3.922e-06 3.922e-03 -5.882e-05 3.663e-06 1.961e-02
28.346783 -4.390e+00 -6.152e-01 2.014e-03 3.922e-06 3.922e-06 3.922e-03 -5.882e-05 3.663e-06 1.961e-02
28.356783 -4.409e+00 -5.811e-01 2.119e-03 3.922e-06 3.922e-06 3.922e-03 -5.882e-05 3.663e-06 1.961e-02
28.366783 -4.443e+00 -5.518e-01 2.215e-03 3.922e-06 3.922e-06 3.922e-03 -5.882e-05 3.663e-06 1.961e-02
28.376781 -4.448e+00 -5.078e-01 2.294e-03 3.922e-06 3.922e-06 3.922e-03 -5.882e-05 3.663e-06 1.961e-02
28.386782 -4.443e+00 -4.590e-01 2.367e-03 3.922e-06 3.922e-06 3.922e-03 -5.882e-05 3.663e-06 1.961e-02
28.396782 -4.443e+00 -4.150e-01 2.437e-03 3.922e-06 3.922e-06 3.922e-03 -5.882e-05 3.663e-06 1.961e-02
28.406782 -4.395e+00 -3.613e-01 2.504e-03 3.922e-06 3.922e-06 3.922e-03 -5.882e-05 3.663e-06 1.961e-02
28.416782 -4.380e+00 -3.076e-01 2.560e-03 3.922e-06 3.922e-06 3.922e-03 -5.882e-05 3.663e-06 1.961e-02
28.426783 -4.336e+00 -2.490e-01 2.600e-03 3.922e-06 3.922e-06 3.922e-03 -5.882e-05 3.663e-06 1.961e-02
28.436783 -4.277e+00 -1.904e-01 2.641e-03 3.922e-06 3.922e-06 3.922e-03 -5.882e-05 3.663e-06 1.961e-02
28.446783 -4.229e+00 -1.416e-01 2.673e-03 3.922e-06 3.922e-06 3.922e-03 -5.882e-05 3.663e-06 1.961e-02
28.456783 -4.150e+00 -6.836e-02 2.685e-03 3.922e-06 3.922e-06 3.922e-03 -5.882e-05 3.663e-06 1.961e-02
28.466784 -4.072e+00 0.000e+00 2.682e-03 3.922e-06 3.922e-06 3.922e-03 -5.882e-05 3.663e-06 1.961e-02
28.476782 -3.989e+00 5.371e-02 2.685e-03 3.922e-06 3.922e-06 3.922e-03 -5.882e-05 3.663e-06 1.961e-02
28.486782 -3.877e+00 1.270e-01 2.662e-03 3.922e-06 3.922e-06 3.922e-03 -5.882e-05 3.663e-06 1.961e-02
28.496782 -3.789e+00 1.904e-01 2.621e-03 3.922e-06 3.922e-06 3.922e-03 -5.882e-05 3.663e-06 1.961e-02
28.506783 -3.667e+00 2.539e-01 2.598e-03 3.922e-06 3.922e-06 3.922e-03 -5.882e-05 3.663e-06 1.961e-02
28.516783 -3.545e+00 3.076e-01 2.557e-03 3.922e-06 3.922e-06 3.922e-03 -5.882e-05 3.663e-06 1.961e-02
28.526783 -3.428e+00 3.662e-01 2.501e-03 3.922e-06 3.922e-06 3.922e-03 -5.882e-05 3.663e-06 1.961e-02
28.536781 -3.291e+00 4.248e-01 2.443e-03 3.922e-06 3.922e-06 3.922e-03 -5.882e-05 3.663e-06 1.961e-02
28.546782 -3.188e+00 4.736e-01 2.367e-03 3.922e-06 3.922e-06 3.922e-03 -5.882e-05 3.663e-06 1.961e-02
28.556782 -3.047e+00 5.322e-01 2.285e-03 3.922e-06 3.922e-06 3.922e-03 -5.882e-05 3.663e-06 1.961e-02
28.566782 -2.915e+00 5.811e-01 2.189e-03 3.922e-06 3.922e-06 3.922e-03 -5.882e-05 3.663e-06 1.961e-02
28.576782 -2.773e+00 6.299e-01 2.087e-03 3.922e-06 3.922e-06 3.922e-03 -5.882e-05 3.663e-06 1.961e-02
28.586781 -2.642e+00 6.787e-01 1.982e-03 3.922e-06 3.922e-06 3.922e-03 -5.882e-05 3.663e-06 1.961e-02
28.596783 -2.505e+00 6.934e-01 1.885e-03 3.922e-06 3.922e-06 3.922e-03 -5.882e-05 3.663e-06 1.961e-02
28.606781 -2.383e+00 7.324e-01 1.760e-03 3.922e-06 3.922e-06 3.922e-03 -5.882e-05 3.663e-06 1.961e-02
28.616781 -2.261e+00 7.568e-01 1.640e-03 3.922e-06 3.922e-06 3.922e-03 -5.882e-05 3.663e-06 1.961e-02
28.626781 -2.139e+00 7.812e-01 1.515e-03 3.922e-06 3.922e-06 3.922e-03 -5.882e-05 3.663e-06 1.961e-02
28.636784 -2.021e+00 8.008e-01 1.389e-03 3.922e-06 3.922e-06 3.922e-03 -5.882e-05 3.663e-06 1.961e-02
28.646782 -1.919e+00 7.959e-01 1.267e-03 3.922e-06 3.922e-06 3.922e-03 -5.882e-05 3.663e-06 1.961e-02
28.656782 -1.807e+00 8.154e-01 1.132e-03 3.922e-06 3.922e-06 3.922e-03 -5.882e-05 3.663e-06 1.961e-02
28.666782 -1.719e+00 8.057e-01 1.007e-03 3.922e-06 3.922e-06 3.922e-03 -5.882e-05 3.663e-06 1.961e-02
28.676783 -1.636e+00 8.008e-01 8.785e-04 3.922e-06 3.922e-06 3.922e-03 -5.882e-05 3.663e-06 1.961e-02
28.686783 -1.548e+00 8.008e-01 7.501e-04 3.922e-06 3.922e-06 3.922e-03 -5.882e-05 3.663e-06 1.961e-02
28.696783 -1.475e+00 7.715e-01 6.275e-04 3.922e-06 3.922e-06 3.922e-03 -5.882e-05 3.663e-06 1.961e-02
28.706783 -1.387e+00 7.520e-01 5.137e-04 3.922e-06 3.922e-06 3.922e-03 -5.882e-05 3.663e-06 1.961e-02
28.716784 -1.299e+00 7.178e-01 3.998e-04 3.922e-06 3.922e-06 3.922e-03 -5.882e-05 3.663e-06 1.961e-02
28.726782 -1.221e+00 6.836e-01 2.948e-04 3.922e-06 3.922e-06 3.922e-03 -5.882e-05 3.663e-06 1.961e-02
28.736784 -1.138e+00 6.543e-01 1.897e-04 3.922e-06 3.922e-06 3.922e-03 -5.882e-05 3.663e-06 1.961e-02
28.746782 -1.074e+00 6.104e-01 9.923e-05 3.922e-06 3.922e-06 3.922e-03 -5.882e-05 3.663e-06 1.961e-02
28.756783 -9.863e-01 5.811e-01 5.837e-06 3.922e-06 3.922e-06 3.922e-03 -5.882e-05 3.663e-06 1.961e-02
28.766783 -9.473e-01 5.371e-01 -8.464e-05 3.922e-06 3.922e-06 3.922e-03 -5.882e-05 3.663e-06 1.961e-02
28.776783 -8.838e-01 4.834e-01 -1.518e-04 3.922e-06 3.922e-06 3.922e-03 -5.882e-05 3.663e-06 1.961e-02
28.786781 -8.350e-01 4.395e-01 -2.218e-04 3.922e-06 3.922e-06 3.922e-03 -5.882e-05 3.663e-06 1.961e-02
28.796782 -8.154e-01 3.809e-01 -2.831e-04 3.922e-06 3.922e-06 3.922e-03 -5.882e-05 3.663e-06 1.961e-02
28.806782 -7.764e-01 3.320e-01 -3.240e-04 3.922e-06 3.922e-06 3.922e-03 -5.882e-05 3.663e-06 1.961e-02
28.816782 -7.715e-01 2.832e-01 -3.677e-04 3.922e-06 3.922e-06 3.922e-03 -5.882e-05 3.663e-06 1.961e-02
28.826782 -7.812e-01 2.295e-01 -3.998e-04 3.922e-06 3.922e-06 3.922e-03 -5.882e-05 3.663e-06 1.961e-02
28.836782 -7.959e-01 1.855e-01 -4.378e-04 3.922e-06 3.922e-06 3.922e-03 -5.882e-05 3.663e-06 1.961e-02
28.846783 -8.350e-01 1.270e-01 -4.553e-04 3.922e-06 3.922e-06 3.922e-03 -5.882e-05 3.663e-06 1.961e-02
28.856783 -8.643e-01 7.324e-02 -4.524e-04 3.922e-06 3.922e-06 3.922e-03 -5.882e-05 3.663e-06 1.961e-02
28.866781 -9.375e-01 9.766e-03 -4.495e-04 3.922e-06 3.922e-06 3.922e-03 -5.882e-05 3.663e-06 1.961e-02
28.876783 -1.016e+00 -2.930e-02 -4.436e-04 3.922e-06 3.922e-06 3.922e-03 -5.882e-05 3.663e-06 1.961e-02
28.886782 -1.108e+00 -8.789e-02 -4.232e-04 3.922e-06 3.922e-06 3.922e-03 -5.882e-05 3.663e-06 1.961e-02
28.896782 -1.230e+00 -1.514e-01 -3.882e-04 3.922e-06 3.922e-06 3.922e-03 -5.882e-05 3.663e-06 1.961e-02
28.906782 -1.362e+00 -2.100e-01 -3.386e-04 3.922e-06 3.922e-06 3.922e-03 -5.882e-05 3.663e-06 1.961e-02
28.916782 -1.538e+00 -2.637e-01 -3.035e-04 3.922e-06 3.922e-06 3.922e-03 -5.882e-05 3.663e-06 1.961e-02
28.926783 -1.724e+00 -3.174e-01 -2.481e-04 3.922e-06 3.922e-06 3.922e-03 -5.882e-05 3.663e-06 1.961e-02
28.936783 -1.909e+00 -3.613e-01 -1.868e-04 3.922e-06 3.922e-06 3.922e-03 -5.882e-05 3.663e-06 1.961e-02
28.946783 -2.109e+00 -4.150e-01 -1.226e-04 3.922e-06 3.922e-06 3.922e-03 -5.882e-05 3.663e-06 1.961e-02
28.956781 -2.275e+00 -4.688e-01 -3.794e-05 3.922e-06 3.922e-06 3.922e-03 -5.882e-05 3.663e-06 1.961e-02
28.966782 -2.461e+00 -5.225e-01 4.962e-05 3.922e-06 3.922e-06 3.922e-03 -5.882e-05 3.663e-06 1.961e-02
28.976784 -2.632e+00 -5.664e-01 1.459e-04 3.922e-06 3.922e-06 3.922e-03 -5.882e-05 3.663e-06 1.961e-02
28.986782 -2.793e+00 -6.055e-01 2.510e-04 3.922e-06 3.922e-06 3.922e-03 -5.882e-05 3.663e-06 1.961e-02
28.996782 -2.974e+00 -6.543e-01 3.648e-04 3.922e-06 3.922e-06 3.922e-03 -5.882e-05 3.663e-06 1.961e-02
29.006783 -3.115e+00 -6.934e-01 4.845e-04 3.922e-06 3.922e-06 3.922e-03 -5.882e-05 3.663e-06 1.961e-02
29.016781 -3.296e+00 -7.227e-01 5.954e-04 3.922e-06 3.922e-06 3.922e-03 -5.882e-05 3.663e-06 1.961e-02
29.026783 -3.438e+00 -7.520e-01 7.326e-04 3.922e-06 3.922e-06 3.922e-03 -5.882e-05 3.663e-06 1.961e-02
29.036781 -3.579e+00 -7.715e-01 8.581e-04 3.922e-06 3.922e-06 3.922e-03 -5.882e-05 3.663e-06 1.961e-02
29.046782 -3.726e+00 -7.959e-01 9.894e-04 3.922e-06 3.922e-06 3.922e-03 -5.882e-05 3.663e-06 1.961e-02
29.056782 -3.853e+00 -7.959e-01 1.121e-03 3.922e-06 3.922e-06 3.922e-03 -5.882e-05 3.663e-06 1.961e-02
29.066782 -3.979e+00 -8.154e-01 1.264e-03 3.922e-06 3.922e-06 3.922e-03 -5.882e-05 3.663e-06 1.961e-02
29.076782 -4.092e+00 -8.105e-01 1.395e-03 3.922e-06 3.922e-06 3.922e-03 -5.882e-05 3.663e-06 1.961e-02
29.086782 -4.185e+00 -8.057e-01 1.532e-03 3.922e-06 3.922e-06 3.922e-03 -5.882e-05 3.663e-06 1.961e-02
29.096781 -4.287e+00 -8.057e-01 1.669e-03 3.922e-06 3.922e-06 3.922e-03 -5.882e-05 3.663e-06 1.961e-02
29.106781 -4.370e+00 -7.812e-01 1.801e-03 3.922e-06 3.922e-06 3.922e-03 -5.882e-05 3.663e-06 1.961e-02
29.116783 -4.448e+00 -7.617e-01 1.923e-03 3.922e-06 3.922e-06 3.922e-03 -5.882e-05 3.663e-06 1.961e-02
29.126783 -4.507e+00 -7.275e-01 2.046e-03 3.922e-06 3.922e-06 3.922e-03 -5.882e-05 3.663e-06 1.961e-02
29.136784 -4.556e+00 -6.885e-01 2.160e-03 3.922e-06 3.922e-06 3.922e-03 -5.882e-05 3.663e-06 1.961e-02
29.146782 -4.595e+00 -6.592e-01 2.268e-03 3.922e-06 3.922e-06 3.922e-03 -5.882e-05 3.663e-06 1.961e-02
29.156782 -4.604e+00 -6.152e-01 2.376e-03 3.922e-06 3.922e-06 3.922e-03 -5.882e-05 3.663e-06 1.961e-02
29.166782 -4.624e+00 -5.664e-01 2.469e-03 3.922e-06 3.922e-06 3.922e-03 -5.882e-05 3.663e-06 1.961e-02
29.176783 -4.614e+00 -5.176e-01 2.563e-03 3.922e-06 3.922e-06 3.922e-03 -5.882e-05 3.663e-06 1.961e-02
29.186783 -4.614e+00 -4.541e-01 2.638e-03 3.922e-06 3.922e-06 3.922e-03 -5.882e-05 3.663e-06 1.961e-02
29.196781 -4.585e+00 -4.053e-01 2.706e-03 3.922e-06 3.922e-06 3.922e-03 -5.882e-05 3.663e-06 1.961e-02
29.206781 -4.546e+00 -3.271e-01 2.758e-03 3.922e-06 3.922e-06 3.922e-03 -5.882e-05 3.663e-06 1.961e-02
29.216784 -4.487e+00 -2.783e-01 2.822e-03 3.922e-06 3.922e-06 3.922e-03 -5.882e-05 3.663e-06 1.961e-02
29.226782 -4.434e+00 -2.051e-01 2.851e-03 3.922e-06 3.922e-06 3.922e-03 -5.882e-05 3.663e-06 1.961e-02
29.236782 -4.351e+00 -1.123e-01 2.860e-03 3.922e-06 3.922e-06 3.922e-03 -5.882e-05 3.663e-06 1.961e-02
29.246782 -4.277e+00 -5.859e-02 2.884e-03 3.922e-06 3.922e-06 3.922e-03 -5.882e-05 3.663e-06 1.961e-02
29.256783 -4.165e+00 1.465e-02 2.892e-03 3.922e-06 3.922e-06 3.922e-03 -5.882e-05 3.663e-06 1.961e-02
29.266785 -4.067e+00 8.301e-02 2.875e-03 3.922e-06 3.922e-06 3.922e-03 -5.882e-05 3.663e-06 1.961e-02
29.276781 -3.960e+00 1.562e-01 2.851e-03 3.922e-06 3.922e-06 3.922e-03 -5.882e-05 3.663e-06 1.961e-02
29.286781 -3.813e+00 2.344e-01 2.819e-03 3.922e-06 3.922e-06 3.922e-03 -5.882e-05 3.663e-06 1.961e-02
29.296783 -3.726e+00 2.979e-01 2.779e-03 3.922e-06 3.922e-06 3.922e-03 -5.882e-05 3.663e-06 1.961e-02
29.306782 -3.574e+00 3.809e-01 2.711e-03 3.922e-06 3.922e-06 3.922e-03 -5.882e-05 3.663e-06 1.961e-02
29.316782 -3.433e+00 4.395e-01 2.650e-03 3.922e-06 3.922e-06 3.922e-03 -5.882e-05 3.663e-06 1.961e-02
29.326782 -3.286e+00 5.029e-01 2.574e-03 3.922e-06 3.922e-06 3.922e-03 -5.882e-05 3.663e-06 1.961e-02
29.336782 -3.140e+00 5.713e-01 2.481e-03 3.922e-06 3.922e-06 3.922e-03 -5.882e-05 3.663e-06 1.961e-02
29.346783 -2.979e+00 6.250e-01 2.376e-03 3.922e-06 3.922e-06 3.922e-03 -5.882e-05 3.663e-06 1.961e-02
29.356783 -2.832e+00 6.836e-01 2.277e-03 3.922e-06 3.922e-06 3.922e-03 -5.882e-05 3.663e-06 1.961e-02
29.366781 -2.681e+00 7.227e-01 2.157e-03 3.922e-06 3.922e-06 3.922e-03 -5.882e-05 3.663e-06 1.961e-02
29.376783 -2.539e+00 7.715e-01 2.034e-03 3.922e-06 3.922e-06 3.922e-03 -5.882e-05 3.663e-06 1.961e-02
29.386784 -2.388e+00 8.105e-01 1.915e-03 3.922e-06 3.922e-06 3.922e-03 -5.882e-05 3.663e-06 1.961e-02
29.396782 -2.256e+00 8.496e-01 1.775e-03 3.922e-06 3.922e-06 3.922e-03 -5.882e-05 3.663e-06 1.961e-02
29.406782 -2.104e+00 8.838e-01 1.634e-03 3.922e-06 3.922e-06 3.922e-03 -5.882e-05 3.663e-06 1.961e-02
29.416782 -1.968e+00 8.887e-01 1.500e-03 3.922e-06 3.922e-06 3.922e-03 -5.882e-05 3.663e-06 1.961e-02
29.426783 -1.846e+00 9.082e-01 1.360e-03 3.922e-06 3.922e-06 3.922e-03 -5.882e-05 3.663e-06 1.961e-02
29.436783 -1.724e+00 9.229e-01 1.208e-03 3.922e-06 3.922e-06 3.922e-03 -5.882e-05 3.663e-06 1.961e-02
29.446781 -1.621e+00 9.229e-01 1.057e-03 3.922e-06 3.922e-06 3.922e-03 -5.882e-05 3.663e-06 1.961e-02
29.456781 -1.489e+00 9.131e-01 9.194e-04 3.922e-06 3.922e-06 3.922e-03 -5.882e-05 3.663e-06 1.961e-02
29.466784 -1.367e+00 9.033e-01 7.734e-04 3.922e-06 3.922e-06 3.922e-03 -5.882e-05 3.663e-06 1.961e-02
29.476782 -1.230e+00 8.936e-01 6.363e-04 3.922e-06 3.922e-06 3.922e-03 -5.882e-05 3.663e-06 1.961e-02
29.486782 -1.099e+00 8.740e-01 4.874e-04 3.922e-06 3.922e-06 3.922e-03 -5.882e-05 3.663e-06 1.961e-02
29.496784 -9.717e-01 8.398e-01 3.561e-04 3.922e-06 3.922e-06 3.922e-03 -5.882e-05 3.663e-06 1.961e-02
29.506783 -8.496e-01 8.252e-01 2.277e-04 3.922e-06 3.922e-06 3.922e-03 -5.882e-05 3.663e-06 1.961e-02
29.516783 -7.080e-01 7.861e-01 1.080e-04 3.922e-06 3.922e-06 3.922e-03 -5.882e-05 3.663e-06 1.961e-02
29.526781 -5.762e-01 7.422e-01 -8.756e-06 3.922e-06 3.922e-06 3.922e-03 -5.882e-05 3.663e-06 1.961e-02
29.536781 -4.443e-01 7.324e-01 -1.401e-04 3.922e-06 3.922e-06 3.922e-03 -5.882e-05 3.663e-06 1.961e-02
29.546783 -3.125e-01 6.592e-01 -2.218e-04 3.922e-06 3.922e-06 3.922e-03 -5.882e-05 3.663e-06 1.961e-02
29.556782 -1.709e-01 6.348e-01 -3.356e-04 3.922e-06 3.922e-06 3.922e-03 -5.882e-05 3.663e-06 1.961e-02
29.566782 -5.371e-02 5.859e-01 -4.203e-04 3.922e-06 3.922e-06 3.922e-03 -5.882e-05 3.663e-06 1.961e-02
29.576782 7.324e-02 5.420e-01 -5.020e-04 3.922e-06 3.922e-06 3.922e-03 -5.882e-05 3.663e-06 1.961e-02
29.586782 2.002e-01 4.980e-01 -5.808e-04 3.922e-06 3.922e-06 3.922e-03 -5.882e-05 3.663e-06 1.961e-02
29.596783 3.125e-01 4.443e-01 -6.392e-04 3.922e-06 3.922e-06 3.922e-03 -5.882e-05 3.663e-06 1.961e-02
29.606783 4.443e-01 4.004e-01 -7.034e-04 3.922e-06 3.922e-06 3.922e-03 -5.882e-05 3.663e-06 1.961e-02
29.616783 5.225e-01 3.613e-01 -7.618e-04 3.922e-06 3.922e-06 3.922e-03 -5.882e-05 3.663e-06 1.961e-02
29.626783 6.348e-01 3.223e-01 -8.085e-04 3.922e-06 3.922e-06 3.922e-03 -5.882e-05 3.663e-06 1.961e-02
29.636784 7.275e-01 2.783e-01 -8.435e-04 3.922e-06 3.922e-06 3.922e-03 -5.882e-05 3.663e-06 1.961e-02
29.646782 8.154e-01 2.393e-01 -8.873e-04 3.922e-06 3.922e-06 3.922e-03 -5.882e-05 3.663e-06 1.961e-02
29.656782 9.082e-01 2.100e-01 -9.106e-04 3.922e-06 3.922e-06 3.922e-03 -5.882e-05 3.663e-06 1.961e-02
29.666782 1.006e+00 1.562e-01 -9.252e-04 3.922e-06 3.922e-06 3.922e-03 -5.882e-05 3.663e-06 1.961e-02
29.676783 1.089e+00 1.270e-01 -9.427e-04 3.922e-06 3.922e-06 3.922e-03 -5.882e-05 3.663e-06 1.961e-02
29.686781 1.167e+00 8.789e-02 -9.398e-04 3.922e-06 3.922e-06 3.922e-03 -5.882e-05 3.663e-06 1.961e-02
29.696781 1.245e+00 4.883e-02 -9.340e-04 3.922e-06 3.922e-06 3.922e-03 -5.882e-05 3.663e-06 1.961e-02
29.706781 1.323e+00 4.395e-02 -9.544e-04 3.922e-06 3.922e-06 3.922e-03 -5.882e-05 3.663e-06 1.961e-02
29.716782 1.372e+00 9.766e-03 -9.515e-04 3.922e-06 3.922e-06 3.922e-03 -5.882e-05 3.663e-06 1.961e-02
29.726782 1.450e+00 -9.766e-03 -9.427e-04 3.922e-06 3.922e-06 3.922e-03 -5.882e-05 3.663e-06 1.961e-02
29.736782 1.523e+00 -1.953e-02 -9.252e-04 3.922e-06 3.922e-06 3.922e-03 -5.882e-05 3.663e-06 1.961e-02
29.746782 1.592e+00 -4.395e-02 -9.223e-04 3.922e-06 3.922e-06 3.922e-03 -5.882e-05 3.663e-06 1.961e-02
29.756783 1.680e+00 -3.906e-02 -9.106e-04 3.922e-06 3.922e-06 3.922e-03 -5.882e-05 3.663e-06 1.961e-02
29.766783 1.753e+00 -6.348e-02 -8.843e-04 3.922e-06 3.922e-06 3.922e-03 -5.882e-05 3.663e-06 1.961e-02
29.776783 1.841e+00 -6.836e-02 -8.668e-04 3.922e-06 3.922e-06 3.922e-03 -5.882e-05 3.663e-06 1.961e-02
29.786783 1.919e+00 -6.348e-02 -8.522e-04 3.922e-06 3.922e-06 3.922e-03 -5.882e-05 3.663e-06 1.961e-02
29.796782 1.987e+00 -7.324e-02 -8.260e-04 3.922e-06 3.922e-06 3.922e-03 -5.882e-05 3.663e-06 1.961e-02
29.806782 2.051e+00 -6.348e-02 -8.055e-04 3.922e-06 3.922e-06 3.922e-03 -5.882e-05 3.663e-06 1.961e-02
29.816782 2.109e+00 -5.371e-02 -7.939e-04 3.922e-06 3.922e-06 3.922e-03 -5.882e-05 3.663e-06 1.961e-02
29.826782 2.173e+00 -3.906e-02 -7.909e-04 3.922e-06 3.922e-06 3.922e-03 -5.882e-05 3.663e-06 1.961e-02
29.836782 2.241e+00 -1.465e-02 -7.851e-04 3.922e-06 3.922e-06 3.922e-03 -5.882e-05 3.663e-06 1.961e-02
29.846783 2.300e+00 -1.465e-02 -7.763e-04 3.922e-06 3.922e-06 3.922e-03 -5.882e-05 3.663e-06 1.961e-02
29.856783 2.373e+00 9.766e-03 -7.734e-04 3.922e-06 3.922e-06 3.922e-03 -5.882e-05 3.663e-06 1.961e-02
29.866783 2.417e+00 1.953e-02 -7.588e-04 3.922e-06 3.922e-06 3.922e-03 -5.882e-05 3.663e-06 1.961e-02
29.876783 2.466e+00 3.906e-02 -7.647e-04 3.922e-06 3.922e-06 3.922e-03 -5.882e-05 3.663e-06 1.961e-02
29.886784 2.534e+00 5.371e-02 -7.559e-04 3.922e-06 3.922e-06 3.922e-03 -5.882e-05 3.663e-06 1.961e-02
29.896782 2.568e+00 8.301e-02 -7.705e-04 3.922e-06 3.922e-06 3.922e-03 -5.882e-05 3.663e-06 1.961e-02
29.906782 2.646e+00 9.766e-02 -7.734e-04 3.922e-06 3.922e-06 3.922e-03 -5.882e-05 3.663e-06 1.961e-02
29.916782 2.700e+00 1.221e-01 -7.997e-04 3.922e-06 3.922e-06 3.922e-03 -5.882e-05 3.663e-06 1.961e-02
29.926783 2.764e+00 1.270e-01 -7.997e-04 3.922e-06 3.922e-06 3.922e-03 -5.882e-05 3.663e-06 1.961e-02
29.936783 2.827e+00 1.660e-01 -8.289e-04 3.922e-06 3.922e-06 3.922e-03 -5.882e-05 3.663e-06 1.961e-02
29.946783 2.891e+00 1.709e-01 -8.464e-04 3.922e-06 3.922e-06 3.922e-03 -5.882e-05 3.663e-06 1.961e-02
29.956781 2.959e+00 2.051e-01 -8.814e-04 3.922e-06 3.922e-06 3.922e-03 -5.882e-05 3.663e-06 1.961e-02
29.966782 2.998e+00 2.148e-01 -9.018e-04 3.922e-06 3.922e-06 3.922e-03 -5.882e-05 3.663e-06 1.961e-02
29.976782 3.057e+00 2.344e-01 -9.340e-04 3.922e-06 3.922e-06 3.922e-03 -5.882e-05 3.663e-06 1.961e-02
29.986782 3.120e+00 2.637e-01 -9.719e-04 3.922e-06 3.922e-06 3.922e-03 -5.882e-05 3.663e-06 1.961e-02
29.996784 3.179e+00 2.637e-01 -1.007e-03 3.922e-06 3.922e-06 3.922e-03 -5.882e-05 3.663e-06 1.961e-02
30.006781 3.252e+00 2.832e-01 -1.048e-03 3.922e-06 3.922e-06 3.922e-03 -5.882e-05 3.663e-06 1.961e-02
30.016783 3.291e+00 3.027e-01 -1.100e-03 3.922e-06 3.922e-06 3.922e-03 -5.882e-05 3.663e-06 1.961e-02
30.026781 3.350e+00 3.076e-01 -1.138e-03 3.922e-06 3.922e-06 3.922e-03 -5.882e-05 3.663e-06 1.961e-02
30.036781 3.413e+00 3.223e-01 -1.188e-03 3.922e-06 3.922e-06 3.922e-03 -5.882e-05 3.663e-06 1.961e-02
30.046782 3.452e+00 3.271e-01 -1.246e-03 3.922e-06 3.922e-06 3.922e-03 -5.882e-05 3.663e-06 1.961e-02
30.056782 3.491e+00 3.271e-01 -1.281e-03 3.922e-06 3.922e-06 3.922e-03 -5.882e-05 3.663e-06 1.961e-02
30.066784 3.540e+00 3.320e-01 -1.328e-03 3.922e-06 3.922e-06 3.922e-03 -5.882e-05 3.663e-06 1.961e-02
30.076782 3.579e+00 3.271e-01 -1.375e-03 3.922e-06 3.922e-06 3.922e-03 -5.882e-05 3.663e-06 1.961e-02
30.086782 3.623e+00 3.369e-01 -1.427e-03 3.922e-06 3.922e-06 3.922e-03 -5.882e-05 3.663e-06 1.961e-02
30.096781 3.657e+00 3.271e-01 -1.477e-03 3.922e-06 3.922e-06 3.922e-03 -5.882e-05 3.663e-06 1.961e-02
30.106783 3.687e+00 3.418e-01 -1.535e-03 3.922e-06 3.922e-06 3.922e-03 -5.882e-05 3.663e-06 1.961e-02
30.116783 3.721e+00 3.271e-01 -1.579e-03 3.922e-06 3.922e-06 3.922e-03 -5.882e-05 3.663e-06 1.961e-02
30.126781 3.745e+00 3.076e-01 -1.614e-03 3.922e-06 3.922e-06 3.922e-03 -5.882e-05 3.663e-06 1.961e-02
30.136782 3.760e+00 2.979e-01 -1.664e-03 3.922e-06 3.922e-06 3.922e-03 -5.882e-05 3.663e-06 1.961e-02
30.146782 3.770e+00 2.881e-01 -1.704e-03 3.922e-06 3.922e-06 3.922e-03 -5.882e-05 3.663e-06 1.961e-02
30.156782 3.789e+00 2.783e-01 -1.748e-03 3.922e-06 3.922e-06 3.922e-03 -5.882e-05 3.663e-06 1.961e-02
30.166782 3.794e+00 2.539e-01 -1.777e-03 3.922e-06 3.922e-06 3.922e-03 -5.882e-05 3.663e-06 1.961e-02
30.176783 3.799e+00 2.393e-01 -1.812e-03 3.922e-06 3.922e-06 3.922e-03 -5.882e-05 3.663e-06 1.961e-02
30.186783 3.794e+00 2.344e-01 -1.853e-03 3.922e-06 3.922e-06 3.922e-03 -5.882e-05 3.663e-06 1.961e-02
30.196781 3.779e+00 2.100e-01 -1.885e-03 3.922e-06 3.922e-06 3.922e-03 -5.882e-05 3.663e-06 1.961e-02
30.206783 3.784e+00 1.855e-01 -1.897e-03 3.922e-06 3.922e-06 3.922e-03 -5.882e-05 3.663e-06 1.961e-02
30.216782 3.765e+00 1.465e-01 -1.909e-03 3.922e-06 3.922e-06 3.922e-03 -5.882e-05 3.663e-06 1.961e-02
30.226782 3.750e+00 1.172e-01 -1.920e-03 3.922e-06 3.922e-06 3.922e-03 -5.882e-05 3.663e-06 1.961e-02
30.236782 3.726e+00 1.025e-01 -1.938e-03 3.922e-06 3.922e-06 3.922e-03 -5.882e-05 3.663e-06 1.961e-02
30.246782 3.687e+00 6.836e-02 -1.947e-03 3.922e-06 3.922e-06 3.922e-03 -5.882e-05 3.663e-06 1.961e-02
30.256783 3.672e+00 4.395e-02 -1.938e-03 3.922e-06 3.922e-06 3.922e-03 -5.882e-05 3.663e-06 1.961e-02
30.266783 3.618e+00 2.930e-02 -1.955e-03 3.922e-06 3.922e-06 3.922e-03 -5.882e-05 3.663e-06 1.961e-02
30.276783 3.579e+00 4.883e-03 -1.947e-03 3.922e-06 3.922e-06 3.922e-03 -5.882e-05 3.663e-06 1.961e-02
30.286781 3.540e+00 -2.441e-02 -1.938e-03 3.922e-06 3.922e-06 3.922e-03 -5.882e-05 3.663e-06 1.961e-02
30.296782 3.486e+00 -6.836e-02 -1.909e-03 3.922e-06 3.922e-06 3.922e-03 -5.882e-05 3.663e-06 1.961e-02
30.306782 3.447e+00 -8.301e-02 -1.894e-03 3.922e-06 3.922e-06 3.922e-03 -5.882e-05 3.663e-06 1.961e-02
30.316784 3.394e+00 -1.074e-01 -1.880e-03 3.922e-06 3.922e-06 3.922e-03 -5.882e-05 3.663e-06 1.961e-02
30.326782 3.350e+00 -1.367e-01 -1.845e-03 3.922e-06 3.922e-06 3.922e-03 -5.882e-05 3.663e-06 1.961e-02
30.336782 3.296e+00 -1.562e-01 -1.824e-03 3.922e-06 3.922e-06 3.922e-03 -5.882e-05 3.663e-06 1.961e-02
30.346783 3.242e+00 -1.807e-01 -1.783e-03 3.922e-06 3.922e-06 3.922e-03 -5.882e-05 3.663e-06 1.961e-02
30.356781 3.184e+00 -1.855e-01 -1.757e-03 3.922e-06 3.922e-06 3.922e-03 -5.882e-05 3.663e-06 1.961e-02
30.366783 3.130e+00 -2.100e-01 -1.710e-03 3.922e-06 3.922e-06 3.922e-03 -5.882e-05 3.663e-06 1.961e-02
30.376781 3.066e+00 -2.344e-01 -1.667e-03 3.922e-06 3.922e-06 3.922e-03 -5.882e-05 3.663e-06 1.961e-02
30.386782 3.018e+00 -2.539e-01 -1.617e-03 3.922e-06 3.922e-06 3.922e-03 -5.882e-05 3.663e-06 1.961e-02
30.396782 2.969e+00 -2.734e-01 -1.567e-03 3.922e-06 3.922e-06 3.922e-03 -5.882e-05 3.663e-06 1.961e-02
30.406782 2.930e+00 -2.783e-01 -1.515e-03 3.922e-06 3.922e-06 3.922e-03 -5.882e-05 3.663e-06 1.961e-02
30.416782 2.866e+00 -2.881e-01 -1.471e-03 3.922e-06 3.922e-06 3.922e-03 -5.882e-05 3.663e-06 1.961e-02
30.426781 2.822e+00 -2.930e-01 -1.418e-03 3.922e-06 3.922e-06 3.922e-03 -5.882e-05 3.663e-06 1.961e-02
30.436783 2.783e+00 -2.930e-01 -1.366e-03 3.922e-06 3.922e-06 3.922e-03 -5.882e-05 3.663e-06 1.961e-02
30.446781 2.720e+00 -2.930e-01 -1.319e-03 3.922e-06 3.922e-06 3.922e-03 -5.882e-05 3.663e-06 1.961e-02
30.456781 2.700e+00 -2.979e-01 -1.264e-03 3.922e-06 3.922e-06 3.922e-03 -5.882e-05 3.663e-06 1.961e-02
30.466782 2.651e+00 -2.930e-01 -1.214e-03 3.922e-06 3.922e-06 3.922e-03 -5.882e-05 3.663e-06 1.961e-02
30.476782 2.632e+00 -2.832e-01 -1.165e-03 3.922e-06 3.922e-06 3.922e-03 -5.882e-05 3.663e-06 1.961e-02
30.486782 2.603e+00 -2.783e-01 -1.112e-03 3.922e-06 3.922e-06 3.922e-03 -5.882e-05 3.663e-06 1.961e-02
30.496780 2.568e+00 -2.734e-01 -1.062e-03 3.922e-06 3.922e-06 3.922e-03 -5.882e-05 3.663e-06 1.961e-02
30.506783 2.554e+00 -2.490e-01 -1.019e-03 3.922e-06 3.922e-06 3.922e-03 -5.882e-05 3.663e-06 1.961e-02
30.516783 2.534e+00 -2.490e-01 -9.631e-04 3.922e-06 3.922e-06 3.922e-03 -5.882e-05 3.663e-06 1.961e-02
30.526783 2.520e+00 -2.295e-01 -9.223e-04 3.922e-06 3.922e-06 3.922e-03 -5.882e-05 3.663e-06 1.961e-02
30.536783 2.515e+00 -2.100e-01 -8.873e-04 3.922e-06 3.922e-06 3.922e-03 -5.882e-05 3.663e-06 1.961e-02
30.546782 2.510e+00 -1.904e-01 -8.551e-04 3.922e-06 3.922e-06 3.922e-03 -5.882e-05 3.663e-06 1.961e-02
30.556782 2.529e+00 -1.514e-01 -8.318e-04 3.922e-06 3.922e-06 3.922e-03 -5.882e-05 3.663e-06 1.961e-02
30.566784 2.539e+00 -1.514e-01 -7.851e-04 3.922e-06 3.922e-06 3.922e-03 -5.882e-05 3.663e-06 1.961e-02
30.576782 2.559e+00 -1.172e-01 -7.618e-04 3.922e-06 3.922e-06 3.922e-03 -5.882e-05 3.663e-06 1.961e-02
30.586782 2.578e+00 -1.025e-01 -7.355e-04 3.922e-06 3.922e-06 3.922e-03 -5.882e-05 3.663e-06 1.961e-02
30.596783 2.593e+00 -7.812e-02 -7.180e-04 3.922e-06 3.922e-06 3.922e-03 -5.882e-05 3.663e-06 1.961e-02
30.606783 2.637e+00 -4.883e-02 -7.092e-04 3.922e-06 3.922e-06 3.922e-03 -5.882e-05 3.663e-06 1.961e-02
30.616783 2.646e+00 -1.953e-02 -7.063e-04 3.922e-06 3.922e-06 3.922e-03 -5.882e-05 3.663e-06 1.961e-02
30.626783 2.690e+00 1.953e-02 -7.063e-04 3.922e-06 3.922e-06 3.922e-03 -5.882e-05 3.663e-06 1.961e-02
30.636782 2.734e+00 4.883e-02 -7.034e-04 3.922e-06 3.922e-06 3.922e-03 -5.882e-05 3.663e-06 1.961e-02
30.646782 2.783e+00 6.836e-02 -7.063e-04 3.922e-06 3.922e-06 3.922e-03 -5.882e-05 3.663e-06 1.961e-02
30.656782 2.832e+00 1.123e-01 -7.355e-04 3.922e-06 3.922e-06 3.922e-03 -5.882e-05 3.663e-06 1.961e-02
30.666782 2.881e+00 1.221e-01 -7.384e-04 3.922e-06 3.922e-06 3.922e-03 -5.882e-05 3.663e-06 1.961e-02
30.676783 2.930e+00 1.562e-01 -7.647e-04 3.922e-06 3.922e-06 3.922e-03 -5.882e-05 3.663e-06 1.961e-02
30.686783 2.988e+00 1.855e-01 -7.880e-04 3.922e-06 3.922e-06 3.922e-03 -5.882e-05 3.663e-06 1.961e-02
30.696783 3.032e+00 2.148e-01 -8.260e-04 3.922e-06 3.922e-06 3.922e-03 -5.882e-05 3.663e-06 1.961e-02
30.706781 3.101e+00 2.441e-01 -8.493e-04 3.922e-06 3.922e-06 3.922e-03 -5.882e-05 3.663e-06 1.961e-02
30.716782 3.154e+00 2.539e-01 -8.814e-04 3.922e-06 3.922e-06 3.922e-03 -5.882e-05 3.663e-06 1.961e-02
30.726782 3.218e+00 2.930e-01 -9.369e-04 3.922e-06 3.922e-06 3.922e-03 -5.882e-05 3.663e-06 1.961e-02
30.736782 3.281e+00 3.076e-01 -9.777e-04 3.922e-06 3.922e-06 3.922e-03 -5.882e-05 3.663e-06 1.961e-02
30.746782 3.330e+00 3.271e-01 -1.030e-03 3.922e-06 3.922e-06 3.922e-03 -5.882e-05 3.663e-06 1.961e-02
30.756783 3.403e+00 3.418e-01 -1.074e-03 3.922e-06 3.922e-06 3.922e-03 -5.882e-05 3.663e-06 1.961e-02
30.766783 3.457e+00 3.516e-01 -1.132e-03 3.922e-06 3.922e-06 3.922e-03 -5.882e-05 3.663e-06 1.961e-02
30.776781 3.525e+00 3.613e-01 -1.176e-03 3.922e-06 3.922e-06 3.922e-03 -5.882e-05 3.663e-06 1.961e-02
30.786781 3.579e+00 3.760e-01 -1.240e-03 3.922e-06 3.922e-06 3.922e-03 -5.882e-05 3.663e-06 1.961e-02
30.796782 3.618e+00 3.857e-01 -1.305e-03 3.922e-06 3.922e-06 3.922e-03 -5.882e-05 3.663e-06 1.961e-02
30.806782 3.672e+00 3.906e-01 -1.354e-03 3.922e-06 3.922e-06 3.922e-03 -5.882e-05 3.663e-06 1.961e-02
30.816784 3.726e+00 3.857e-01 -1.407e-03 3.922e-06 3.922e-06 3.922e-03 -5.882e-05 3.663e-06 1.961e-02
30.826782 3.755e+00 3.857e-01 -1.471e-03 3.922e-06 3.922e-06 3.922e-03 -5.882e-05 3.663e-06 1.961e-02
30.836782 3.799e+00 3.760e-01 -1.526e-03 3.922e-06 3.922e-06 3.922e-03 -5.882e-05 3.663e-06 1.961e-02
30.846783 3.838e+00 3.711e-01 -1.582e-03 3.922e-06 3.922e-06 3.922e-03 -5.882e-05 3.663e-06 1.961e-02
30.856781 3.862e+00 3.857e-01 -1.652e-03 3.922e-06 3.922e-06 3.922e-03 -5.882e-05 3.663e-06 1.961e-02
30.866781 3.896e+00 3.516e-01 -1.690e-03 3.922e-06 3.922e-06 3.922e-03 -5.882e-05 3.663e-06 1.961e-02
30.876781 3.921e+00 3.418e-01 -1.739e-03 3.922e-06 3.922e-06 3.922e-03 -5.882e-05 3.663e-06 1.961e-02
30.886784 3.931e+00 3.320e-01 -1.795e-03 3.922e-06 3.922e-06 3.922e-03 -5.882e-05 3.663e-06 1.961e-02
30.896780 3.936e+00 2.979e-01 -1.827e-03 3.922e-06 3.922e-06 3.922e-03 -5.882e-05 3.663e-06 1.961e-02
30.906782 3.931e+00 2.979e-01 -1.880e-03 3.922e-06 3.922e-06 3.922e-03 -5.882e-05 3.663e-06 1.961e-02
30.916782 3.945e+00 2.686e-01 -1.923e-03 3.922e-06 3.922e-06 3.922e-03 -5.882e-05 3.663e-06 1.961e-02
30.926783 3.936e+00 2.588e-01 -1.967e-03 3.922e-06 3.922e-06 3.922e-03 -5.882e-05 3.663e-06 1.961e-02
30.936783 3.921e+00 2.246e-01 -1.996e-03 3.922e-06 3.922e-06 3.922e-03 -5.882e-05 3.663e-06 1.961e-02
30.946783 3.911e+00 1.904e-01 -2.014e-03 3.922e-06 3.922e-06 3.922e-03 -5.882e-05 3.663e-06 1.961e-02
30.956781 3.906e+00 1.465e-01 -2.017e-03 3.922e-06 3.922e-06 3.922e-03 -5.882e-05 3.663e-06 1.961e-02
30.966782 3.857e+00 1.367e-01 -2.055e-03 3.922e-06 3.922e-06 3.922e-03 -5.882e-05 3.663e-06 1.961e-02
30.976782 3.828e+00 9.766e-02 -2.061e-03 3.922e-06 3.922e-06 3.922e-03 -5.882e-05 3.663e-06 1.961e-02
30.986782 3.789e+00 6.836e-02 -2.075e-03 3.922e-06 3.922e-06 3.922e-03 -5.882e-05 3.663e-06 1.961e-02
30.996782 3.750e+00 3.418e-02 -2.072e-03 3.922e-06 3.922e-06 3.922e-03 -5.882e-05 3.663e-06 1.961e-02
31.006783 3.716e+00 1.953e-02 -2.081e-03 3.922e-06 3.922e-06 3.922e-03 -5.882e-05 3.663e-06 1.961e-02
31.016783 3.652e+00 -2.441e-02 -2.066e-03 3.922e-06 3.922e-06 3.922e-03 -5.882e-05 3.663e-06 1.961e-02
31.026783 3.604e+00 -4.883e-02 -2.052e-03 3.922e-06 3.922e-06 3.922e-03 -5.882e-05 3.663e-06 1.961e-02
31.036781 3.550e+00 -8.301e-02 -2.031e-03 3.922e-06 3.922e-06 3.922e-03 -5.882e-05 3.663e-06 1.961e-02
31.046782 3.477e+00 -1.123e-01 -2.014e-03 3.922e-06 3.922e-06 3.922e-03 -5.882e-05 3.663e-06 1.961e-02
31.056782 3.428e+00 -1.416e-01 -1.988e-03 3.922e-06 3.922e-06 3.922e-03 -5.882e-05 3.663e-06 1.961e-02
31.066782 3.359e+00 -1.855e-01 -1.941e-03 3.922e-06 3.922e-06 3.922e-03 -5.882e-05 3.663e-06 1.961e-02
31.076782 3.296e+00 -2.051e-01 -1.906e-03 3.922e-06 3.922e-06 3.922e-03 -5.882e-05 3.663e-06 1.961e-02
31.086782 3.237e+00 -2.295e-01 -1.862e-03 3.922e-06 3.922e-06 3.922e-03 -5.882e-05 3.663e-06 1.961e-02
31.096783 3.159e+00 -2.588e-01 -1.818e-03 3.922e-06 3.922e-06 3.922e-03 -5.882e-05 3.663e-06 1.961e-02
31.106783 3.101e+00 -2.734e-01 -1.766e-03 3.922e-06 3.922e-06 3.922e-03 -5.882e-05 3.663e-06 1.961e-02
31.116783 3.032e+00 -2.930e-01 -1.719e-03 3.922e-06 3.922e-06 3.922e-03 -5.882e-05 3.663e-06 1.961e-02
31.126781 2.969e+00 -3.076e-01 -1.664e-03 3.922e-06 3.922e-06 3.922e-03 -5.882e-05 3.663e-06 1.961e-02
31.136782 2.910e+00 -3.223e-01 -1.605e-03 3.922e-06 3.922e-06 3.922e-03 -5.882e-05 3.663e-06 1.961e-02
31.146782 2.842e+00 -3.516e-01 -1.538e-03 3.922e-06 3.922e-06 3.922e-03 -5.882e-05 3.663e-06 1.961e-02
31.156782 2.773e+00 -3.320e-01 -1.500e-03 3.922e-06 3.922e-06 3.922e-03 -5.882e-05 3.663e-06 1.961e-02
31.166782 2.725e+00 -3.662e-01 -1.421e-03 3.922e-06 3.922e-06 3.922e-03 -5.882e-05 3.663e-06 1.961e-02
31.176783 2.671e+00 -3.613e-01 -1.360e-03 3.922e-06 3.922e-06 3.922e-03 -5.882e-05 3.663e-06 1.961e-02
31.186783 2.627e+00 -3.564e-01 -1.296e-03 3.922e-06 3.922e-06 3.922e-03 -5.882e-05 3.663e-06 1.961e-02
31.196781 2.573e+00 -3.662e-01 -1.229e-03 3.922e-06 3.922e-06 3.922e-03 -5.882e-05 3.663e-06 1.961e-02
31.206781 2.539e+00 -3.564e-01 -1.162e-03 3.922e-06 3.922e-06 3.922e-03 -5.882e-05 3.663e-06 1.961e-02
31.216782 2.480e+00 -3.516e-01 -1.106e-03 3.922e-06 3.922e-06 3.922e-03 -5.882e-05 3.663e-06 1.961e-02
31.226782 2.461e+00 -3.369e-01 -1.048e-03 3.922e-06 3.922e-06 3.922e-03 -5.882e-05 3.663e-06 1.961e-02
31.236784 2.441e+00 -3.223e-01 -9.865e-04 3.922e-06 3.922e-06 3.922e-03 -5.882e-05 3.663e-06 1.961e-02
31.246782 2.412e+00 -3.223e-01 -9.281e-04 3.922e-06 3.922e-06 3.922e-03 -5.882e-05 3.663e-06 1.961e-02
31.256784 2.417e+00 -3.027e-01 -8.668e-04 3.922e-06 3.922e-06 3.922e-03 -5.882e-05 3.663e-06 1.961e-02
31.266783 2.388e+00 -2.832e-01 -8.260e-04 3.922e-06 3.922e-06 3.922e-03 -5.882e-05 3.663e-06 1.961e-02
31.276783 2.383e+00 -2.539e-01 -7.793e-04 3.922e-06 3.922e-06 3.922e-03 -5.882e-05 3.663e-06 1.961e-02
31.286781 2.397e+00 -2.295e-01 -7.326e-04 3.922e-06 3.922e-06 3.922e-03 -5.882e-05 3.663e-06 1.961e-02
31.296783 2.383e+00 -2.051e-01 -6.946e-04 3.922e-06 3.922e-06 3.922e-03 -5.882e-05 3.663e-06 1.961e-02
31.306784 2.407e+00 -1.709e-01 -6.625e-04 3.922e-06 3.922e-06 3.922e-03 -5.882e-05 3.663e-06 1.961e-02
31.316784 2.417e+00 -1.416e-01 -6.363e-04 3.922e-06 3.922e-06 3.922e-03 -5.882e-05 3.663e-06 1.961e-02
31.326782 2.446e+00 -1.221e-01 -6.071e-04 3.922e-06 3.922e-06 3.922e-03 -5.882e-05 3.663e-06 1.961e-02
31.336782 2.485e+00 -8.301e-02 -5.954e-04 3.922e-06 3.922e-06 3.922e-03 -5.882e-05 3.663e-06 1.961e-02
31.346783 2.510e+00 -4.883e-02 -5.837e-04 3.922e-06 3.922e-06 3.922e-03 -5.882e-05 3.663e-06 1.961e-02
31.356783 2.568e+00 -2.441e-02 -5.575e-04 3.922e-06 3.922e-06 3.922e-03 -5.882e-05 3.663e-06 1.961e-02
31.366781 2.607e+00 1.465e-02 -5.633e-04 3.922e-06 3.922e-06 3.922e-03 -5.882e-05 3.663e-06 1.961e-02
31.376783 2.646e+00 5.371e-02 -5.750e-04 3.922e-06 3.922e-06 3.922e-03 -5.882e-05 3.663e-06 1.961e-02
31.386784 2.710e+00 9.766e-02 -5.896e-04 3.922e-06 3.922e-06 3.922e-03 -5.882e-05 3.663e-06 1.961e-02
31.396782 2.759e+00 1.172e-01 -5.954e-04 3.922e-06 3.922e-06 3.922e-03 -5.882e-05 3.663e-06 1.961e-02
31.406782 2.832e+00 1.660e-01 -6.275e-04 3.922e-06 3.922e-06 3.922e-03 -5.882e-05 3.663e-06 1.961e-02
31.416782 2.891e+00 1.953e-01 -6.538e-04 3.922e-06 3.922e-06 3.922e-03 -5.882e-05 3.663e-06 1.961e-02
31.426783 2.964e+00 2.295e-01 -6.859e-04 3.922e-06 3.922e-06 3.922e-03 -5.882e-05 3.663e-06 1.961e-02
31.436783 3.042e+00 2.539e-01 -7.151e-04 3.922e-06 3.922e-06 3.922e-03 -5.882e-05 3.663e-06 1.961e-02
31.446781 3.105e+00 2.783e-01 -7.501e-04 3.922e-06 3.922e-06 3.922e-03 -5.882e-05 3.663e-06 1.961e-02
31.456781 3.193e+00 3.076e-01 -7.939e-04 3.922e-06 3.922e-06 3.922e-03 -5.882e-05 3.663e-06 1.961e-02
31.466784 3.252e+00 3.369e-01 -8.581e-04 3.922e-06 3.922e-06 3.922e-03 -5.882e-05 3.663e-06 1.961e-02
31.476782 3.325e+00 3.711e-01 -9.135e-04 3.922e-06 3.922e-06 3.922e-03 -5.882e-05 3.663e-06 1.961e-02
31.486782 3.398e+00 3.857e-01 -9.748e-04 3.922e-06 3.922e-06 3.922e-03 -5.882e-05 3.663e-06 1.961e-02
31.496782 3.452e+00 4.053e-01 -1.033e-03 3.922e-06 3.922e-06 3.922e-03 -5.882e-05 3.663e-06 1.961e-02
31.506783 3.550e+00 4.199e-01 -1.097e-03 3.922e-06 3.922e-06 3.922e-03 -5.882e-05 3.663e-06 1.961e-02
31.516783 3.599e+00 4.395e-01 -1.170e-03 3.922e-06 3.922e-06 3.922e-03 -5.882e-05 3.663e-06 1.961e-02
31.526781 3.677e+00 4.492e-01 -1.229e-03 3.922e-06 3.922e-06 3.922e-03 -5.882e-05 3.663e-06 1.961e-02
31.536781 3.740e+00 4.590e-01 -1.305e-03 3.922e-06 3.922e-06 3.922e-03 -5.882e-05 3.663e-06 1.961e-02
31.546782 3.789e+00 4.541e-01 -1.369e-03 3.922e-06 3.922e-06 3.922e-03 -5.882e-05 3.663e-06 1.961e-02
31.556780 3.843e+00 4.639e-01 -1.439e-03 3.922e-06 3.922e-06 3.922e-03 -5.882e-05 3.663e-06 1.961e-02
31.566782 3.901e+00 4.639e-01 -1.521e-03 3.922e-06 3.922e-06 3.922e-03 -5.882e-05 3.663e-06 1.961e-02
31.576782 3.940e+00 4.639e-01 -1.585e-03 3.922e-06 3.922e-06 3.922e-03 -5.882e-05 3.663e-06 1.961e-02
31.586782 3.979e+00 4.590e-01 -1.658e-03 3.922e-06 3.922e-06 3.922e-03 -5.882e-05 3.663e-06 1.961e-02
31.596783 3.999e+00 4.346e-01 -1.722e-03 3.922e-06 3.922e-06 3.922e-03 -5.882e-05 3.663e-06 1.961e-02
31.606781 4.053e+00 4.102e-01 -1.769e-03 3.922e-06 3.922e-06 3.922e-03 -5.882e-05 3.663e-06 1.961e-02
31.616783 4.067e+00 4.004e-01 -1.845e-03 3.922e-06 3.922e-06 3.922e-03 -5.882e-05 3.663e-06 1.961e-02
31.626781 4.087e+00 3.857e-01 -1.900e-03 3.922e-06 3.922e-06 3.922e-03 -5.882e-05 3.663e-06 1.961e-02
31.636782 4.102e+00 3.662e-01 -1.955e-03 3.922e-06 3.922e-06 3.922e-03 -5.882e-05 3.663e-06 1.961e-02
31.646782 4.092e+00 3.467e-01 -2.017e-03 3.922e-06 3.922e-06 3.922e-03 -5.882e-05 3.663e-06 1.961e-02
31.656782 4.092e+00 3.174e-01 -2.052e-03 3.922e-06 3.922e-06 3.922e-03 -5.882e-05 3.663e-06 1.961e-02
31.666782 4.092e+00 2.881e-01 -2.104e-03 3.922e-06 3.922e-06 3.922e-03 -5.882e-05 3.663e-06 1.961e-02
31.676783 4.077e+00 2.588e-01 -2.136e-03 3.922e-06 3.922e-06 3.922e-03 -5.882e-05 3.663e-06 1.961e-02
31.686783 4.058e+00 2.148e-01 -2.160e-03 3.922e-06 3.922e-06 3.922e-03 -5.882e-05 3.663e-06 1.961e-02
31.696781 4.028e+00 1.709e-01 -2.180e-03 3.922e-06 3.922e-06 3.922e-03 -5.882e-05 3.663e-06 1.961e-02
31.706781 3.994e+00 1.465e-01 -2.201e-03 3.922e-06 3.922e-06 3.922e-03 -5.882e-05 3.663e-06 1.961e-02
31.716782 3.940e+00 1.074e-01 -2.212e-03 3.922e-06 3.922e-06 3.922e-03 -5.882e-05 3.663e-06 1.961e-02
31.726784 3.901e+00 6.836e-02 -2.221e-03 3.922e-06 3.922e-06 3.922e-03 -5.882e-05 3.663e-06 1.961e-02
31.736782 3.853e+00 3.906e-02 -2.230e-03 3.922e-06 3.922e-06 3.922e-03 -5.882e-05 3.663e-06 1.961e-02
31.746782 3.799e+00 0.000e+00 -2.230e-03 3.922e-06 3.922e-06 3.922e-03 -5.882e-05 3.663e-06 1.961e-02
31.756783 3.750e+00 -3.906e-02 -2.215e-03 3.922e-06 3.922e-06 3.922e-03 -5.882e-05 3.663e-06 1.961e-02
31.766783 3.672e+00 -8.789e-02 -2.186e-03 3.922e-06 3.922e-06 3.922e-03 -5.882e-05 3.663e-06 1.961e-02
31.776781 3.613e+00 -1.221e-01 -2.166e-03 3.922e-06 3.922e-06 3.922e-03 -5.882e-05 3.663e-06 1.961e-02
31.786783 3.535e+00 -1.611e-01 -2.136e-03 3.922e-06 3.922e-06 3.922e-03 -5.882e-05 3.663e-06 1.961e-02
31.796783 3.447e+00 -1.953e-01 -2.101e-03 3.922e-06 3.922e-06 3.922e-03 -5.882e-05 3.663e-06 1.961e-02
31.806782 3.394e+00 -2.295e-01 -2.052e-03 3.922e-06 3.922e-06 3.922e-03 -5.882e-05 3.663e-06 1.961e-02
31.816782 3.296e+00 -2.588e-01 -2.014e-03 3.922e-06 3.922e-06 3.922e-03 -5.882e-05 3.663e-06 1.961e-02
31.826782 3.218e+00 -2.881e-01 -1.964e-03 3.922e-06 3.922e-06 3.922e-03 -5.882e-05 3.663e-06 1.961e-02
31.836782 3.145e+00 -3.320e-01 -1.894e-03 3.922e-06 3.922e-06 3.922e-03 -5.882e-05 3.663e-06 1.961e-02
31.846783 3.052e+00 -3.418e-01 -1.850e-03 3.922e-06 3.922e-06 3.922e-03 -5.882e-05 3.663e-06 1.961e-02
31.856781 2.974e+00 -3.467e-01 -1.798e-03 3.922e-06 3.922e-06 3.922e-03 -5.882e-05 3.663e-06 1.961e-02
31.866783 2.900e+00 -3.906e-01 -1.707e-03 3.922e-06 3.922e-06 3.922e-03 -5.882e-05 3.663e-06 1.961e-02
31.876783 2.832e+00 -4.102e-01 -1.634e-03 3.922e-06 3.922e-06 3.922e-03 -5.882e-05 3.663e-06 1.961e-02
31.886784 2.754e+00 -4.248e-01 -1.561e-03 3.922e-06 3.922e-06 3.922e-03 -5.882e-05 3.663e-06 1.961e-02
31.896782 2.681e+00 -4.395e-01 -1.488e-03 3.922e-06 3.922e-06 3.922e-03 -5.882e-05 3.663e-06 1.961e-02
31.906782 2.612e+00 -4.297e-01 -1.424e-03 3.922e-06 3.922e-06 3.922e-03 -5.882e-05 3.663e-06 1.961e-02
31.916782 2.534e+00 -4.443e-01 -1.337e-03 3.922e-06 3.922e-06 3.922e-03 -5.882e-05 3.663e-06 1.961e-02
31.926783 2.480e+00 -4.443e-01 -1.261e-03 3.922e-06 3.922e-06 3.922e-03 -5.882e-05 3.663e-06 1.961e-02
31.936783 2.437e+00 -4.443e-01 -1.182e-03 3.922e-06 3.922e-06 3.922e-03 -5.882e-05 3.663e-06 1.961e-02
31.946783 2.388e+00 -4.492e-01 -1.100e-03 3.922e-06 3.922e-06 3.922e-03 -5.882e-05 3.663e-06 1.961e-02
31.956783 2.349e+00 -4.395e-01 -1.019e-03 3.922e-06 3.922e-06 3.922e-03 -5.882e-05 3.663e-06 1.961e-02
31.966782 2.300e+00 -4.199e-01 -9.602e-04 3.922e-06 3.922e-06 3.922e-03 -5.882e-05 3.663e-06 1.961e-02
31.976782 2.275e+00 -4.053e-01 -8.843e-04 3.922e-06 3.922e-06 3.922e-03 -5.882e-05 3.663e-06 1.961e-02
31.986782 2.241e+00 -3.809e-01 -8.201e-04 3.922e-06 3.922e-06 3.922e-03 -5.882e-05 3.663e-06 1.961e-02
31.996782 2.227e+00 -3.662e-01 -7.618e-04 3.922e-06 3.922e-06 3.922e-03 -5.882e-05 3.663e-06 1.961e-02
32.006783 2.212e+00 -3.320e-01 -6.946e-04 3.922e-06 3.922e-06 3.922e-03 -5.882e-05 3.663e-06 1.961e-02
32.016781 2.212e+00 -3.174e-01 -6.392e-04 3.922e-06 3.922e-06 3.922e-03 -5.882e-05 3.663e-06 1.961e-02
32.026783 2.217e+00 -2.734e-01 -5.954e-04 3.922e-06 3.922e-06 3.922e-03 -5.882e-05 3.663e-06 1.961e-02
32.036781 2.236e+00 -2.490e-01 -5.429e-04 3.922e-06 3.922e-06 3.922e-03 -5.882e-05 3.663e-06 1.961e-02
32.046783 2.236e+00 -2.148e-01 -5.108e-04 3.922e-06 3.922e-06 3.922e-03 -5.882e-05 3.663e-06 1.961e-02
32.056782 2.275e+00 -1.758e-01 -4.699e-04 3.922e-06 3.922e-06 3.922e-03 -5.882e-05 3.663e-06 1.961e-02
32.066780 2.300e+00 -1.367e-01 -4.465e-04 3.922e-06 3.922e-06 3.922e-03 -5.882e-05 3.663e-06 1.961e-02
32.076782 2.334e+00 -9.277e-02 -4.261e-04 3.922e-06 3.922e-06 3.922e-03 -5.882e-05 3.663e-06 1.961e-02
32.086784 2.378e+00 -5.371e-02 -4.144e-04 3.922e-06 3.922e-06 3.922e-03 -5.882e-05 3.663e-06 1.961e-02
32.096783 2.432e+00 -1.465e-02 -4.057e-04 3.922e-06 3.922e-06 3.922e-03 -5.882e-05 3.663e-06 1.961e-02
32.106781 2.520e+00 2.441e-02 -3.969e-04 3.922e-06 3.922e-06 3.922e-03 -5.882e-05 3.663e-06 1.961e-02
32.116783 2.559e+00 7.324e-02 -4.144e-04 3.922e-06 3.922e-06 3.922e-03 -5.882e-05 3.663e-06 1.961e-02
32.126781 2.632e+00 1.123e-01 -4.232e-04 3.922e-06 3.922e-06 3.922e-03 -5.882e-05 3.663e-06 1.961e-02
32.136784 2.705e+00 1.611e-01 -4.465e-04 3.922e-06 3.922e-06 3.922e-03 -5.882e-05 3.663e-06 1.961e-02
32.146782 2.764e+00 1.855e-01 -4.582e-04 3.922e-06 3.922e-06 3.922e-03 -5.882e-05 3.663e-06 1.961e-02
32.156780 2.861e+00 2.393e-01 -5.108e-04 3.922e-06 3.922e-06 3.922e-03 -5.882e-05 3.663e-06 1.961e-02
32.166782 2.930e+00 2.734e-01 -5.487e-04 3.922e-06 3.922e-06 3.922e-03 -5.882e-05 3.663e-06 1.961e-02
32.176785 3.013e+00 3.223e-01 -6.041e-04 3.922e-06 3.922e-06 3.922e-03 -5.882e-05 3.663e-06 1.961e-02
32.186783 3.115e+00 3.564e-01 -6.508e-04 3.922e-06 3.922e-06 3.922e-03 -5.882e-05 3.663e-06 1.961e-02
32.196781 3.198e+00 3.809e-01 -7.034e-04 3.922e-06 3.922e-06 3.922e-03 -5.882e-05 3.663e-06 1.961e-02
32.206783 3.301e+00 4.199e-01 -7.763e-04 3.922e-06 3.922e-06 3.922e-03 -5.882e-05 3.663e-06 1.961e-02
32.216782 3.379e+00 4.346e-01 -8.318e-04 3.922e-06 3.922e-06 3.922e-03 -5.882e-05 3.663e-06 1.961e-02
32.226784 3.462e+00 4.639e-01 -9.077e-04 3.922e-06 3.922e-06 3.922e-03 -5.882e-05 3.663e-06 1.961e-02
32.236782 3.550e+00 4.883e-01 -9.836e-04 3.922e-06 3.922e-06 3.922e-03 -5.882e-05 3.663e-06 1.961e-02
32.246784 3.628e+00 4.980e-01 -1.057e-03 3.922e-06 3.922e-06 3.922e-03 -5.882e-05 3.663e-06 1.961e-02
32.256783 3.701e+00 5.322e-01 -1.144e-03 3.922e-06 3.922e-06 3.922e-03 -5.882e-05 3.663e-06 1.961e-02
32.266781 3.789e+00 5.420e-01 -1.237e-03 3.922e-06 3.922e-06 3.922e-03 -5.882e-05 3.663e-06 1.961e-02
32.276783 3.872e+00 5.518e-01 -1.316e-03 3.922e-06 3.922e-06 3.922e-03 -5.882e-05 3.663e-06 1.961e-02
32.286781 3.940e+00 5.566e-01 -1.404e-03 3.922e-06 3.922e-06 3.922e-03 -5.882e-05 3.663e-06 1.961e-02
32.296783 3.989e+00 5.469e-01 -1.480e-03 3.922e-06 3.922e-06 3.922e-03 -5.882e-05 3.663e-06 1.961e-02
32.306782 4.058e+00 5.518e-01 -1.564e-03 3.922e-06 3.922e-06 3.922e-03 -5.882e-05 3.663e-06 1.961e-02
32.316784 4.111e+00 5.322e-01 -1.643e-03 3.922e-06 3.922e-06 3.922e-03 -5.882e-05 3.663e-06 1.961e-02
32.326782 4.165e+00 5.322e-01 -1.731e-03 3.922e-06 3.922e-06 3.922e-03 -5.882e-05 3.663e-06 1.961e-02
32.336781 4.194e+00 5.176e-01 -1.815e-03 3.922e-06 3.922e-06 3.922e-03 -5.882e-05 3.663e-06 1.961e-02
32.346783 4.229e+00 4.932e-01 -1.891e-03 3.922e-06 3.922e-06 3.922e-03 -5.882e-05 3.663e-06 1.961e-02
32.356781 4.292e+00 4.736e-01 -1.953e-03 3.922e-06 3.922e-06 3.922e-03 -5.882e-05 3.663e-06 1.961e-02
32.366783 4.287e+00 4.541e-01 -2.034e-03 3.922e-06 3.922e-06 3.922e-03 -5.882e-05 3.663e-06 1.961e-02
32.376781 4.297e+00 4.297e-01 -2.101e-03 3.922e-06 3.922e-06 3.922e-03 -5.882e-05 3.663e-06 1.961e-02
32.386784 4.292e+00 4.004e-01 -2.160e-03 3.922e-06 3.922e-06 3.922e-03 -5.882e-05 3.663e-06 1.961e-02
32.396782 4.287e+00 3.564e-01 -2.209e-03 3.922e-06 3.922e-06 3.922e-03 -5.882e-05 3.663e-06 1.961e-02
32.406784 4.272e+00 3.320e-01 -2.271e-03 3.922e-06 3.922e-06 3.922e-03 -5.882e-05 3.663e-06 1.961e-02
32.416782 4.248e+00 2.881e-01 -2.300e-03 3.922e-06 3.922e-06 3.922e-03 -5.882e-05 3.663e-06 1.961e-02
32.426781 4.219e+00 2.441e-01 -2.341e-03 3.922e-06 3.922e-06 3.922e-03 -5.882e-05 3.663e-06 1.961e-02
32.436783 4.180e+00 2.051e-01 -2.367e-03 3.922e-06 3.922e-06 3.922e-03 -5.882e-05 3.663e-06 1.961e-02
32.446781 4.141e+00 1.611e-01 -2.390e-03 3.922e-06 3.922e-06 3.922e-03 -5.882e-05 3.663e-06 1.961e-02
32.456783 4.102e+00 1.221e-01 -2.405e-03 3.922e-06 3.922e-06 3.922e-03 -5.882e-05 3.663e-06 1.961e-02
32.466782 4.053e+00 6.348e-02 -2.411e-03 3.922e-06 3.922e-06 3.922e-03 -5.882e-05 3.663e-06 1.961e-02
32.476784 3.979e+00 1.465e-02 -2.408e-03 3.922e-06 3.922e-06 3.922e-03 -5.882e-05 3.663e-06 1.961e-02
32.486782 3.901e+00 -3.418e-02 -2.396e-03 3.922e-06 3.922e-06 3.922e-03 -5.882e-05 3.663e-06 1.961e-02
32.496784 3.823e+00 -8.789e-02 -2.373e-03 3.922e-06 3.922e-06 3.922e-03 -5.882e-05 3.663e-06 1.961e-02
32.506783 3.755e+00 -1.074e-01 -2.364e-03 3.922e-06 3.922e-06 3.922e-03 -5.882e-05 3.663e-06 1.961e-02
32.516781 3.657e+00 -1.660e-01 -2.326e-03 3.922e-06 3.922e-06 3.922e-03 -5.882e-05 3.663e-06 1.961e-02
32.526783 3.579e+00 -2.002e-01 -2.297e-03 3.922e-06 3.922e-06 3.922e-03 -5.882e-05 3.663e-06 1.961e-02
32.536785 3.486e+00 -2.539e-01 -2.241e-03 3.922e-06 3.922e-06 3.922e-03 -5.882e-05 3.663e-06 1.961e-02
32.546783 3.394e+00 -2.930e-01 -2.198e-03 3.922e-06 3.922e-06 3.922e-03 -5.882e-05 3.663e-06 1.961e-02
32.556782 3.301e+00 -3.271e-01 -2.136e-03 3.922e-06 3.922e-06 3.922e-03 -5.882e-05 3.663e-06 1.961e-02
32.566784 3.208e+00 -3.662e-01 -2.078e-03 3.922e-06 3.922e-06 3.922e-03 -5.882e-05 3.663e-06 1.961e-02
32.576782 3.105e+00 -4.053e-01 -1.996e-03 3.922e-06 3.922e-06 3.922e-03 -5.882e-05 3.663e-06 1.961e-02
32.586781 3.003e+00 -4.297e-01 -1.923e-03 3.922e-06 3.922e-06 3.922e-03 -5.882e-05 3.663e-06 1.961e-02
32.596783 2.910e+00 -4.639e-01 -1.845e-03 3.922e-06 3.922e-06 3.922e-03 -5.882e-05 3.663e-06 1.961e-02
32.606781 2.817e+00 -4.883e-01 -1.751e-03 3.922e-06 3.922e-06 3.922e-03 -5.882e-05 3.663e-06 1.961e-02
32.616783 2.715e+00 -4.980e-01 -1.681e-03 3.922e-06 3.922e-06 3.922e-03 -5.882e-05 3.663e-06 1.961e-02
32.626781 2.637e+00 -5.225e-01 -1.579e-03 3.922e-06 3.922e-06 3.922e-03 -5.882e-05 3.663e-06 1.961e-02
32.636784 2.544e+00 -5.225e-01 -1.506e-03 3.922e-06 3.922e-06 3.922e-03 -5.882e-05 3.663e-06 1.961e-02
32.646782 2.461e+00 -5.469e-01 -1.404e-03 3.922e-06 3.922e-06 3.922e-03 -5.882e-05 3.663e-06 1.961e-02
32.656784 2.383e+00 -5.371e-01 -1.308e-03 3.922e-06 3.922e-06 3.922e-03 -5.882e-05 3.663e-06 1.961e-02
32.666782 2.310e+00 -5.566e-01 -1.208e-03 3.922e-06 3.922e-06 3.922e-03 -5.882e-05 3.663e-06 1.961e-02
32.676781 2.256e+00 -5.469e-01 -1.115e-03 3.922e-06 3.922e-06 3.922e-03 -5.882e-05 3.663e-06 1.961e-02
32.686783 2.197e+00 -5.371e-01 -1.022e-03 3.922e-06 3.922e-06 3.922e-03 -5.882e-05 3.663e-06 1.961e-02
32.696781 2.139e+00 -5.322e-01 -9.310e-04 3.922e-06 3.922e-06 3.922e-03 -5.882e-05 3.663e-06 1.961e-02
32.706783 2.080e+00 -4.883e-01 -8.668e-04 3.922e-06 3.922e-06 3.922e-03 -5.882e-05 3.663e-06 1.961e-02
32.716782 2.056e+00 -4.932e-01 -7.676e-04 3.922e-06 3.922e-06 3.922e-03 -5.882e-05 3.663e-06 1.961e-02
32.726784 2.041e+00 -4.590e-01 -6.917e-04 3.922e-06 3.922e-06 3.922e-03 -5.882e-05 3.663e-06 1.961e-02
32.736782 2.021e+00 -4.346e-01 -6.129e-04 3.922e-06 3.922e-06 3.922e-03 -5.882e-05 3.663e-06 1.961e-02
32.746784 2.002e+00 -4.004e-01 -5.487e-04 3.922e-06 3.922e-06 3.922e-03 -5.882e-05 3.663e-06 1.961e-02
32.756783 2.007e+00 -3.662e-01 -4.728e-04 3.922e-06 3.922e-06 3.922e-03 -5.882e-05 3.663e-06 1.961e-02
32.766781 2.012e+00 -3.418e-01 -4.086e-04 3.922e-06 3.922e-06 3.922e-03 -5.882e-05 3.663e-06 1.961e-02
32.776783 2.026e+00 -2.979e-01 -3.561e-04 3.922e-06 3.922e-06 3.922e-03 -5.882e-05 3.663e-06 1.961e-02
32.786781 2.046e+00 -2.539e-01 -3.094e-04 3.922e-06 3.922e-06 3.922e-03 -5.882e-05 3.663e-06 1.961e-02
32.796780 2.075e+00 -2.051e-01 -2.831e-04 3.922e-06 3.922e-06 3.922e-03 -5.882e-05 3.663e-06 1.961e-02
32.806782 2.139e+00 -1.660e-01 -2.422e-04 3.922e-06 3.922e-06 3.922e-03 -5.882e-05 3.663e-06 1.961e-02
32.816784 2.163e+00 -1.172e-01 -2.247e-04 3.922e-06 3.922e-06 3.922e-03 -5.882e-05 3.663e-06 1.961e-02
32.826782 2.222e+00 -5.371e-02 -2.160e-04 3.922e-06 3.922e-06 3.922e-03 -5.882e-05 3.663e-06 1.961e-02
32.836781 2.310e+00 -1.465e-02 -1.985e-04 3.922e-06 3.922e-06 3.922e-03 -5.882e-05 3.663e-06 1.961e-02
32.846783 2.354e+00 4.395e-02 -2.072e-04 3.922e-06 3.922e-06 3.922e-03 -5.882e-05 3.663e-06 1.961e-02
32.856781 2.461e+00 9.277e-02 -2.131e-04 3.922e-06 3.922e-06 3.922e-03 -5.882e-05 3.663e-06 1.961e-02
32.866783 2.524e+00 1.367e-01 -2.335e-04 3.922e-06 3.922e-06 3.922e-03 -5.882e-05 3.663e-06 1.961e-02
32.876781 2.607e+00 1.855e-01 -2.539e-04 3.922e-06 3.922e-06 3.922e-03 -5.882e-05 3.663e-06 1.961e-02
32.886784 2.705e+00 2.490e-01 -3.006e-04 3.922e-06 3.922e-06 3.922e-03 -5.882e-05 3.663e-06 1.961e-02
32.896782 2.793e+00 3.027e-01 -3.532e-04 3.922e-06 3.922e-06 3.922e-03 -5.882e-05 3.663e-06 1.961e-02
32.906784 2.905e+00 3.613e-01 -4.028e-04 3.922e-06 3.922e-06 3.922e-03 -5.882e-05 3.663e-06 1.961e-02
32.916782 3.003e+00 3.857e-01 -4.553e-04 3.922e-06 3.922e-06 3.922e-03 -5.882e-05 3.663e-06 1.961e-02
32.926781 3.125e+00 4.248e-01 -5.137e-04 3.922e-06 3.922e-06 3.922e-03 -5.882e-05 3.663e-06 1.961e-02
32.936783 3.223e+00 4.639e-01 -5.866e-04 3.922e-06 3.922e-06 3.922e-03 -5.882e-05 3.663e-06 1.961e-02
32.946781 3.330e+00 4.980e-01 -6.596e-04 3.922e-06 3.922e-06 3.922e-03 -5.882e-05 3.663e-06 1.961e-02
32.956783 3.447e+00 5.469e-01 -7.559e-04 3.922e-06 3.922e-06 3.922e-03 -5.882e-05 3.663e-06 1.961e-02
32.966782 3.540e+00 5.713e-01 -8.406e-04 3.922e-06 3.922e-06 3.922e-03 -5.882e-05 3.663e-06 1.961e-02
32.976784 3.652e+00 5.957e-01 -9.310e-04 3.922e-06 3.922e-06 3.922e-03 -5.882e-05 3.663e-06 1.961e-02
32.986782 3.750e+00 6.201e-01 -1.027e-03 3.922e-06 3.922e-06 3.922e-03 -5.882e-05 3.663e-06 1.961e-02
32.996784 3.843e+00 6.250e-01 -1.124e-03 3.922e-06 3.922e-06 3.922e-03 -5.882e-05 3.663e-06 1.961e-02
33.006783 3.936e+00 6.592e-01 -1.240e-03 3.922e-06 3.922e-06 3.922e-03 -5.882e-05 3.663e-06 1.961e-02
33.016781 4.028e+00 6.543e-01 -1.325e-03 3.922e-06 3.922e-06 3.922e-03 -5.882e-05 3.663e-06 1.961e-02
33.026783 4.126e+00 6.641e-01 -1.430e-03 3.922e-06 3.922e-06 3.922e-03 -5.882e-05 3.663e-06 1.961e-02
33.036781 4.194e+00 6.592e-01 -1.535e-03 3.922e-06 3.922e-06 3.922e-03 -5.882e-05 3.663e-06 1.961e-02
33.046783 4.253e+00 6.592e-01 -1.649e-03 3.922e-06 3.922e-06 3.922e-03 -5.882e-05 3.663e-06 1.961e-02
33.056782 4.341e+00 6.494e-01 -1.745e-03 3.922e-06 3.922e-06 3.922e-03 -5.882e-05 3.663e-06 1.961e-02
33.066784 4.370e+00 6.348e-01 -1.842e-03 3.922e-06 3.922e-06 3.922e-03 -5.882e-05 3.663e-06 1.961e-02
33.076782 4.419e+00 6.201e-01 -1.941e-03 3.922e-06 3.922e-06 3.922e-03 -5.882e-05 3.663e-06 1.961e-02
33.086781 4.453e+00 5.908e-01 -2.028e-03 3.922e-06 3.922e-06 3.922e-03 -5.882e-05 3.663e-06 1.961e-02
33.096783 4.487e+00 5.615e-01 -2.113e-03 3.922e-06 3.922e-06 3.922e-03 -5.882e-05 3.663e-06 1.961e-02
33.106781 4.526e+00 5.273e-01 -2.195e-03 3.922e-06 3.922e-06 3.922e-03 -5.882e-05 3.663e-06 1.961e-02
33.116783 4.521e+00 4.980e-01 -2.279e-03 3.922e-06 3.922e-06 3.922e-03 -5.882e-05 3.663e-06 1.961e-02
33.126781 4.531e+00 4.590e-01 -2.338e-03 3.922e-06 3.922e-06 3.922e-03 -5.882e-05 3.663e-06 1.961e-02
33.136784 4.517e+00 4.150e-01 -2.408e-03 3.922e-06 3.922e-06 3.922e-03 -5.882e-05 3.663e-06 1.961e-02
33.146782 4.492e+00 3.809e-01 -2.469e-03 3.922e-06 3.922e-06 3.922e-03 -5.882e-05 3.663e-06 1.961e-02
33.156784 4.458e+00 3.271e-01 -2.507e-03 3.922e-06 3.922e-06 3.922e-03 -5.882e-05 3.663e-06 1.961e-02
33.166782 4.419e+00 2.734e-01 -2.554e-03 3.922e-06 3.922e-06 3.922e-03 -5.882e-05 3.663e-06 1.961e-02
33.176781 4.380e+00 2.295e-01 -2.589e-03 3.922e-06 3.922e-06 3.922e-03 -5.882e-05 3.663e-06 1.961e-02
33.186783 4.326e+00 1.855e-01 -2.621e-03 3.922e-06 3.922e-06 3.922e-03 -5.882e-05 3.663e-06 1.961e-02
33.196781 4.268e+00 1.074e-01 -2.621e-03 3.922e-06 3.922e-06 3.922e-03 -5.882e-05 3.663e-06 1.961e-02
33.206783 4.214e+00 5.859e-02 -2.627e-03 3.922e-06 3.922e-06 3.922e-03 -5.882e-05 3.663e-06 1.961e-02
33.216782 4.131e+00 0.000e+00 -2.627e-03 3.922e-06 3.922e-06 3.922e-03 -5.882e-05 3.663e-06 1.961e-02
33.226784 4.048e+00 -5.859e-02 -2.606e-03 3.922e-06 3.922e-06 3.922e-03 -5.882e-05 3.663e-06 1.961e-02
33.236782 3.940e+00 -1.074e-01 -2.589e-03 3.922e-06 3.922e-06 3.922e-03 -5.882e-05 3.663e-06 1.961e-02
33.246784 3.843e+00 -1.709e-01 -2.557e-03 3.922e-06 3.922e-06 3.922e-03 -5.882e-05 3.663e-06 1.961e-02
33.256783 3.721e+00 -2.051e-01 -2.528e-03 3.922e-06 3.922e-06 3.922e-03 -5.882e-05 3.663e-06 1.961e-02
33.266781 3.608e+00 -2.734e-01 -2.472e-03 3.922e-06 3.922e-06 3.922e-03 -5.882e-05 3.663e-06 1.961e-02
33.276783 3.521e+00 -3.174e-01 -2.417e-03 3.922e-06 3.922e-06 3.922e-03 -5.882e-05 3.663e-06 1.961e-02
33.286781 3.403e+00 -3.711e-01 -2.355e-03 3.922e-06 3.922e-06 3.922e-03 -5.882e-05 3.663e-06 1.961e-02
33.296783 3.291e+00 -4.199e-01 -2.279e-03 3.922e-06 3.922e-06 3.922e-03 -5.882e-05 3.663e-06 1.961e-02
33.306782 3.198e+00 -4.639e-01 -2.195e-03 3.922e-06 3.922e-06 3.922e-03 -5.882e-05 3.663e-06 1.961e-02
33.316780 3.047e+00 -5.029e-01 -2.119e-03 3.922e-06 3.922e-06 3.922e-03 -5.882e-05 3.663e-06 1.961e-02
33.326782 2.930e+00 -5.371e-01 -2.020e-03 3.922e-06 3.922e-06 3.922e-03 -5.882e-05 3.663e-06 1.961e-02
33.336781 2.812e+00 -5.713e-01 -1.920e-03 3.922e-06 3.922e-06 3.922e-03 -5.882e-05 3.663e-06 1.961e-02
33.346783 2.690e+00 -6.006e-01 -1.824e-03 3.922e-06 3.922e-06 3.922e-03 -5.882e-05 3.663e-06 1.961e-02
33.356785 2.583e+00 -6.152e-01 -1.710e-03 3.922e-06 3.922e-06 3.922e-03 -5.882e-05 3.663e-06 1.961e-02
33.366783 2.480e+00 -6.396e-01 -1.608e-03 3.922e-06 3.922e-06 3.922e-03 -5.882e-05 3.663e-06 1.961e-02
33.376781 2.388e+00 -6.494e-01 -1.500e-03 3.922e-06 3.922e-06 3.922e-03 -5.882e-05 3.663e-06 1.961e-02
33.386784 2.295e+00 -6.592e-01 -1.389e-03 3.922e-06 3.922e-06 3.922e-03 -5.882e-05 3.663e-06 1.961e-02
33.396782 2.197e+00 -6.738e-01 -1.270e-03 3.922e-06 3.922e-06 3.922e-03 -5.882e-05 3.663e-06 1.961e-02
33.406784 2.119e+00 -6.641e-01 -1.156e-03 3.922e-06 3.922e-06 3.922e-03 -5.882e-05 3.663e-06 1.961e-02
33.416782 2.031e+00 -6.738e-01 -1.033e-03 3.922e-06 3.922e-06 3.922e-03 -5.882e-05 3.663e-06 1.961e-02
33.426785 1.963e+00 -6.494e-01 -9.310e-04 3.922e-06 3.922e-06 3.922e-03 -5.882e-05 3.663e-06 1.961e-02
33.436783 1.899e+00 -6.396e-01 -8.172e-04 3.922e-06 3.922e-06 3.922e-03 -5.882e-05 3.663e-06 1.961e-02
33.446785 1.851e+00 -6.152e-01 -7.209e-04 3.922e-06 3.922e-06 3.922e-03 -5.882e-05 3.663e-06 1.961e-02
33.456783 1.821e+00 -5.908e-01 -6.100e-04 3.922e-06 3.922e-06 3.922e-03 -5.882e-05 3.663e-06 1.961e-02
33.466782 1.768e+00 -5.566e-01 -5.253e-04 3.922e-06 3.922e-06 3.922e-03 -5.882e-05 3.663e-06 1.961e-02
33.476784 1.743e+00 -5.273e-01 -4.320e-04 3.922e-06 3.922e-06 3.922e-03 -5.882e-05 3.663e-06 1.961e-02
33.486782 1.724e+00 -4.980e-01 -3.356e-04 3.922e-06 3.922e-06 3.922e-03 -5.882e-05 3.663e-06 1.961e-02
33.496780 1.689e+00 -4.541e-01 -2.627e-04 3.922e-06 3.922e-06 3.922e-03 -5.882e-05 3.663e-06 1.961e-02
33.506783 1.670e+00 -3.906e-01 -2.043e-04 3.922e-06 3.922e-06 3.922e-03 -5.882e-05 3.663e-06 1.961e-02
33.516781 1.660e+00 -3.564e-01 -1.343e-04 3.922e-06 3.922e-06 3.922e-03 -5.882e-05 3.663e-06 1.961e-02
33.526783 1.689e+00 -2.979e-01 -8.464e-05 3.922e-06 3.922e-06 3.922e-03 -5.882e-05 3.663e-06 1.961e-02
33.536781 1.719e+00 -2.588e-01 -2.919e-05 3.922e-06 3.922e-06 3.922e-03 -5.882e-05 3.663e-06 1.961e-02
33.546783 1.768e+00 -2.051e-01 5.837e-06 3.922e-06 3.922e-06 3.922e-03 -5.882e-05 3.663e-06 1.961e-02
33.556782 1.821e+00 -1.318e-01 2.627e-05 3.922e-06 3.922e-06 3.922e-03 -5.882e-05 3.663e-06 1.961e-02
33.566780 1.895e+00 -7.812e-02 3.794e-05 3.922e-06 3.922e-06 3.922e-03 -5.882e-05 3.663e-06 1.961e-02
33.576782 1.997e+00 -1.953e-02 5.837e-05 3.922e-06 3.922e-06 3.922e-03 -5.882e-05 3.663e-06 1.961e-02
33.586781 2.080e+00 3.418e-02 6.421e-05 3.922e-06 3.922e-06 3.922e-03 -5.882e-05 3.663e-06 1.961e-02
33.596783 2.183e+00 9.277e-02 5.253e-05 3.922e-06 3.922e-06 3.922e-03 -5.882e-05 3.663e-06 1.961e-02
33.606781 2.285e+00 1.709e-01 1.459e-05 3.922e-06 3.922e-06 3.922e-03 -5.882e-05 3.663e-06 1.961e-02
33.616783 2.393e+00 2.100e-01 0.000e+00 3.922e-06 3.922e-06 3.922e-03 -5.882e-05 3.663e-06 1.961e-02
33.626781 2.520e+00 2.832e-01 -4.378e-05 3.922e-06 3.922e-06 3.922e-03 -5.882e-05 3.663e-06 1.961e-02
33.636784 2.627e+00 3.418e-01 -1.022e-04 3.922e-06 3.922e-06 3.922e-03 -5.882e-05 3.663e-06 1.961e-02
33.646782 2.754e+00 4.053e-01 -1.722e-04 3.922e-06 3.922e-06 3.922e-03 -5.882e-05 3.663e-06 1.961e-02
33.656780 2.905e+00 4.492e-01 -2.189e-04 3.922e-06 3.922e-06 3.922e-03 -5.882e-05 3.663e-06 1.961e-02
33.666782 3.037e+00 4.932e-01 -2.948e-04 3.922e-06 3.922e-06 3.922e-03 -5.882e-05 3.663e-06 1.961e-02
33.676781 3.169e+00 5.518e-01 -3.853e-04 3.922e-06 3.922e-06 3.922e-03 -5.882e-05 3.663e-06 1.961e-02
33.686783 3.296e+00 6.055e-01 -4.874e-04 3.922e-06 3.922e-06 3.922e-03 -5.882e-05 3.663e-06 1.961e-02
33.696781 3.428e+00 6.348e-01 -5.750e-04 3.922e-06 3.922e-06 3.922e-03 -5.882e-05 3.663e-06 1.961e-02
33.706783 3.560e+00 6.738e-01 -6.859e-04 3.922e-06 3.922e-06 3.922e-03 -5.882e-05 3.663e-06 1.961e-02
33.716782 3.677e+00 6.982e-01 -7.939e-04 3.922e-06 3.922e-06 3.922e-03 -5.882e-05 3.663e-06 1.961e-02
33.726784 3.804e+00 7.422e-01 -9.135e-04 3.922e-06 3.922e-06 3.922e-03 -5.882e-05 3.663e-06 1.961e-02
33.736782 3.931e+00 7.617e-01 -1.033e-03 3.922e-06 3.922e-06 3.922e-03 -5.882e-05 3.663e-06 1.961e-02
33.746780 4.058e+00 7.812e-01 -1.159e-03 3.922e-06 3.922e-06 3.922e-03 -5.882e-05 3.663e-06 1.961e-02
33.756783 4.175e+00 7.861e-01 -1.267e-03 3.922e-06 3.922e-06 3.922e-03 -5.882e-05 3.663e-06 1.961e-02
33.766781 4.263e+00 7.910e-01 -1.401e-03 3.922e-06 3.922e-06 3.922e-03 -5.882e-05 3.663e-06 1.961e-02
33.776783 4.370e+00 7.959e-01 -1.529e-03 3.922e-06 3.922e-06 3.922e-03 -5.882e-05 3.663e-06 1.961e-02
33.786781 4.458e+00 7.910e-01 -1.640e-03 3.922e-06 3.922e-06 3.922e-03 -5.882e-05 3.663e-06 1.961e-02
33.796783 4.531e+00 7.861e-01 -1.780e-03 3.922e-06 3.922e-06 3.922e-03 -5.882e-05 3.663e-06 1.961e-02
33.806782 4.609e+00 7.812e-01 -1.903e-03 3.922e-06 3.922e-06 3.922e-03 -5.882e-05 3.663e-06 1.961e-02
33.816780 4.653e+00 7.471e-01 -2.023e-03 3.922e-06 3.922e-06 3.922e-03 -5.882e-05 3.663e-06 1.961e-02
33.826782 4.707e+00 7.324e-01 -2.133e-03 3.922e-06 3.922e-06 3.922e-03 -5.882e-05 3.663e-06 1.961e-02
33.836781 4.756e+00 6.982e-01 -2.247e-03 3.922e-06 3.922e-06 3.922e-03 -5.882e-05 3.663e-06 1.961e-02
33.846783 4.780e+00 6.592e-01 -2.347e-03 3.922e-06 3.922e-06 3.922e-03 -5.882e-05 3.663e-06 1.961e-02
33.856781 4.800e+00 6.250e-01 -2.443e-03 3.922e-06 3.922e-06 3.922e-03 -5.882e-05 3.663e-06 1.961e-02
33.866783 4.805e+00 5.664e-01 -2.525e-03 3.922e-06 3.922e-06 3.922e-03 -5.882e-05 3.663e-06 1.961e-02
33.876781 4.810e+00 5.225e-01 -2.606e-03 3.922e-06 3.922e-06 3.922e-03 -5.882e-05 3.663e-06 1.961e-02
33.886780 4.775e+00 4.688e-01 -2.679e-03 3.922e-06 3.922e-06 3.922e-03 -5.882e-05 3.663e-06 1.961e-02
33.896782 4.746e+00 4.150e-01 -2.746e-03 3.922e-06 3.922e-06 3.922e-03 -5.882e-05 3.663e-06 1.961e-02
33.906780 4.697e+00 3.662e-01 -2.805e-03 3.922e-06 3.922e-06 3.922e-03 -5.882e-05 3.663e-06 1.961e-02
33.916782 4.653e+00 2.930e-01 -2.837e-03 3.922e-06 3.922e-06 3.922e-03 -5.882e-05 3.663e-06 1.961e-02
33.926781 4.590e+00 2.246e-01 -2.875e-03 3.922e-06 3.922e-06 3.922e-03 -5.882e-05 3.663e-06 1.961e-02
33.936783 4.517e+00 1.562e-01 -2.892e-03 3.922e-06 3.922e-06 3.922e-03 -5.882e-05 3.663e-06 1.961e-02
33.946781 4.438e+00 8.789e-02 -2.898e-03 3.922e-06 3.922e-06 3.922e-03 -5.882e-05 3.663e-06 1.961e-02
33.956783 4.365e+00 1.465e-02 -2.889e-03 3.922e-06 3.922e-06 3.922e-03 -5.882e-05 3.663e-06 1.961e-02
33.966782 4.248e+00 -5.371e-02 -2.886e-03 3.922e-06 3.922e-06 3.922e-03 -5.882e-05 3.663e-06 1.961e-02
33.976780 4.131e+00 -1.123e-01 -2.863e-03 3.922e-06 3.922e-06 3.922e-03 -5.882e-05 3.663e-06 1.961e-02
33.986782 4.023e+00 -1.807e-01 -2.831e-03 3.922e-06 3.922e-06 3.922e-03 -5.882e-05 3.663e-06 1.961e-02
33.996784 3.892e+00 -2.490e-01 -2.784e-03 3.922e-06 3.922e-06 3.922e-03 -5.882e-05 3.663e-06 1.961e-02
34.006783 3.774e+00 -3.174e-01 -2.726e-03 3.922e-06 3.922e-06 3.922e-03 -5.882e-05 3.663e-06 1.961e-02
34.016785 3.628e+00 -3.711e-01 -2.671e-03 3.922e-06 3.922e-06 3.922e-03 -5.882e-05 3.663e-06 1.961e-02
34.026783 3.496e+00 -4.297e-01 -2.592e-03 3.922e-06 3.922e-06 3.922e-03 -5.882e-05 3.663e-06 1.961e-02
34.036785 3.354e+00 -4.932e-01 -2.510e-03 3.922e-06 3.922e-06 3.922e-03 -5.882e-05 3.663e-06 1.961e-02
34.046783 3.208e+00 -5.518e-01 -2.414e-03 3.922e-06 3.922e-06 3.922e-03 -5.882e-05 3.663e-06 1.961e-02
34.056782 3.081e+00 -6.055e-01 -2.300e-03 3.922e-06 3.922e-06 3.922e-03 -5.882e-05 3.663e-06 1.961e-02
34.066784 2.920e+00 -6.494e-01 -2.201e-03 3.922e-06 3.922e-06 3.922e-03 -5.882e-05 3.663e-06 1.961e-02
34.076782 2.788e+00 -6.836e-01 -2.084e-03 3.922e-06 3.922e-06 3.922e-03 -5.882e-05 3.663e-06 1.961e-02
34.086784 2.642e+00 -7.129e-01 -1.967e-03 3.922e-06 3.922e-06 3.922e-03 -5.882e-05 3.663e-06 1.961e-02
34.096783 2.510e+00 -7.471e-01 -1.842e-03 3.922e-06 3.922e-06 3.922e-03 -5.882e-05 3.663e-06 1.961e-02
34.106781 2.378e+00 -7.568e-01 -1.719e-03 3.922e-06 3.922e-06 3.922e-03 -5.882e-05 3.663e-06 1.961e-02
34.116783 2.246e+00 -8.008e-01 -1.573e-03 3.922e-06 3.922e-06 3.922e-03 -5.882e-05 3.663e-06 1.961e-02
34.126781 2.139e+00 -8.057e-01 -1.439e-03 3.922e-06 3.922e-06 3.922e-03 -5.882e-05 3.663e-06 1.961e-02
34.136784 2.031e+00 -8.154e-01 -1.299e-03 3.922e-06 3.922e-06 3.922e-03 -5.882e-05 3.663e-06 1.961e-02
34.146782 1.904e+00 -8.203e-01 -1.159e-03 3.922e-06 3.922e-06 3.922e-03 -5.882e-05 3.663e-06 1.961e-02
34.156780 1.816e+00 -8.008e-01 -1.039e-03 3.922e-06 3.922e-06 3.922e-03 -5.882e-05 3.663e-06 1.961e-02
34.166782 1.704e+00 -8.008e-01 -8.873e-04 3.922e-06 3.922e-06 3.922e-03 -5.882e-05 3.663e-06 1.961e-02
34.176781 1.616e+00 -7.861e-01 -7.559e-04 3.922e-06 3.922e-06 3.922e-03 -5.882e-05 3.663e-06 1.961e-02
34.186783 1.504e+00 -7.617e-01 -6.275e-04 3.922e-06 3.922e-06 3.922e-03 -5.882e-05 3.663e-06 1.961e-02
34.196781 1.396e+00 -7.324e-01 -5.078e-04 3.922e-06 3.922e-06 3.922e-03 -5.882e-05 3.663e-06 1.961e-02
34.206783 1.304e+00 -7.129e-01 -3.707e-04 3.922e-06 3.922e-06 3.922e-03 -5.882e-05 3.663e-06 1.961e-02
34.216782 1.187e+00 -6.787e-01 -2.627e-04 3.922e-06 3.922e-06 3.922e-03 -5.882e-05 3.663e-06 1.961e-02
34.226784 1.089e+00 -6.445e-01 -1.459e-04 3.922e-06 3.922e-06 3.922e-03 -5.882e-05 3.663e-06 1.961e-02
34.236782 9.814e-01 -6.055e-01 -4.378e-05 3.922e-06 3.922e-06 3.922e-03 -5.882e-05 3.663e-06 1.961e-02
34.246780 8.838e-01 -5.615e-01 5.253e-05 3.922e-06 3.922e-06 3.922e-03 -5.882e-05 3.663e-06 1.961e-02
34.256783 8.154e-01 -5.078e-01 1.313e-04 3.922e-06 3.922e-06 3.922e-03 -5.882e-05 3.663e-06 1.961e-02
34.266781 7.129e-01 -4.590e-01 1.955e-04 3.922e-06 3.922e-06 3.922e-03 -5.882e-05 3.663e-06 1.961e-02
34.276783 6.543e-01 -4.053e-01 2.714e-04 3.922e-06 3.922e-06 3.922e-03 -5.882e-05 3.663e-06 1.961e-02
34.286785 5.811e-01 -3.613e-01 3.356e-04 3.922e-06 3.922e-06 3.922e-03 -5.882e-05 3.663e-06 1.961e-02
34.296783 5.273e-01 -3.174e-01 3.969e-04 3.922e-06 3.922e-06 3.922e-03 -5.882e-05 3.663e-06 1.961e-02
34.306782 4.785e-01 -2.637e-01 4.465e-04 3.922e-06 3.922e-06 3.922e-03 -5.882e-05 3.663e-06 1.961e-02
34.316780 4.297e-01 -2.197e-01 4.903e-04 3.922e-06 3.922e-06 3.922e-03 -5.882e-05 3.663e-06 1.961e-02
34.326782 4.102e-01 -1.611e-01 5.166e-04 3.922e-06 3.922e-06 3.922e-03 -5.882e-05 3.663e-06 1.961e-02
34.336781 3.906e-01 -1.221e-01 5.458e-04 3.922e-06 3.922e-06 3.922e-03 -5.882e-05 3.663e-06 1.961e-02
34.346783 3.760e-01 -6.836e-02 5.545e-04 3.922e-06 3.922e-06 3.922e-03 -5.882e-05 3.663e-06 1.961e-02
34.356781 3.955e-01 -4.883e-03 5.487e-04 3.922e-06 3.922e-06 3.922e-03 -5.882e-05 3.663e-06 1.961e-02
34.366783 4.053e-01 2.441e-02 5.545e-04 3.922e-06 3.922e-06 3.922e-03 -5.882e-05 3.663e-06 1.961e-02
34.376781 4.443e-01 8.301e-02 5.399e-04 3.922e-06 3.922e-06 3.922e-03 -5.882e-05 3.663e-06 1.961e-02
34.386784 4.932e-01 1.270e-01 5.283e-04 3.922e-06 3.922e-06 3.922e-03 -5.882e-05 3.663e-06 1.961e-02
34.396782 5.518e-01 1.660e-01 5.108e-04 3.922e-06 3.922e-06 3.922e-03 -5.882e-05 3.663e-06 1.961e-02
34.406784 6.299e-01 2.295e-01 4.670e-04 3.922e-06 3.922e-06 3.922e-03 -5.882e-05 3.663e-06 1.961e-02
34.416782 7.129e-01 2.588e-01 4.320e-04 3.922e-06 3.922e-06 3.922e-03 -5.882e-05 3.663e-06 1.961e-02
34.426781 8.301e-01 3.027e-01 3.911e-04 3.922e-06 3.922e-06 3.922e-03 -5.882e-05 3.663e-06 1.961e-02
34.436783 9.521e-01 3.369e-01 3.415e-04 3.922e-06 3.922e-06 3.922e-03 -5.882e-05 3.663e-06 1.961e-02
34.446785 1.089e+00 3.613e-01 2.919e-04 3.922e-06 3.922e-06 3.922e-03 -5.882e-05 3.663e-06 1.961e-02
34.456783 1.260e+00 4.297e-01 2.072e-04 3.922e-06 3.922e-06 3.922e-03 -5.882e-05 3.663e-06 1.961e-02
34.466782 1.445e+00 4.492e-01 1.518e-04 3.922e-06 3.922e-06 3.922e-03 -5.882e-05 3.663e-06 1.961e-02
34.476780 1.660e+00 4.932e-01 7.588e-05 3.922e-06 3.922e-06 3.922e-03 -5.882e-05 3.663e-06 1.961e-02
34.486782 1.885e+00 5.273e-01 -2.919e-06 3.922e-06 3.922e-06 3.922e-03 -5.882e-05 3.663e-06 1.961e-02
34.496784 2.104e+00 5.566e-01 -9.048e-05 3.922e-06 3.922e-06 3.922e-03 -5.882e-05 3.663e-06 1.961e-02
34.506783 2.349e+00 5.957e-01 -1.693e-04 3.922e-06 3.922e-06 3.922e-03 -5.882e-05 3.663e-06 1.961e-02
34.516785 2.534e+00 6.348e-01 -2.831e-04 3.922e-06 3.922e-06 3.922e-03 -5.882e-05 3.663e-06 1.961e-02
34.526783 2.739e+00 6.738e-01 -3.940e-04 3.922e-06 3.922e-06 3.922e-03 -5.882e-05 3.663e-06 1.961e-02
34.536781 2.920e+00 6.836e-01 -4.903e-04 3.922e-06 3.922e-06 3.922e-03 -5.882e-05 3.663e-06 1.961e-02
34.546783 3.105e+00 7.227e-01 -6.129e-04 3.922e-06 3.922e-06 3.922e-03 -5.882e-05 3.663e-06 1.961e-02
34.556782 3.291e+00 7.422e-01 -7.209e-04 3.922e-06 3.922e-06 3.922e-03 -5.882e-05 3.663e-06 1.961e-02
34.566780 3.447e+00 7.715e-01 -8.551e-04 3.922e-06 3.922e-06 3.922e-03 -5.882e-05 3.663e-06 1.961e-02
34.576782 3.618e+00 7.910e-01 -9.748e-04 3.922e-06 3.922e-06 3.922e-03 -5.882e-05 3.663e-06 1.961e-02
34.586781 3.755e+00 8.057e-01 -1.100e-03 3.922e-06 3.922e-06 3.922e-03 -5.882e-05 3.663e-06 1.961e-02
34.596783 3.882e+00 8.105e-01 -1.235e-03 3.922e-06 3.922e-06 3.922e-03 -5.882e-05 3.663e-06 1.961e-02
34.606781 4.014e+00 8.154e-01 -1.360e-03 3.922e-06 3.922e-06 3.922e-03 -5.882e-05 3.663e-06 1.961e-02
34.616783 4.131e+00 8.008e-01 -1.483e-03 3.922e-06 3.922e-06 3.922e-03 -5.882e-05 3.663e-06 1.961e-02
34.626781 4.238e+00 8.154e-01 -1.620e-03 3.922e-06 3.922e-06 3.922e-03 -5.882e-05 3.663e-06 1.961e-02
34.636784 4.341e+00 7.959e-01 -1.739e-03 3.922e-06 3.922e-06 3.922e-03 -5.882e-05 3.663e-06 1.961e-02
34.646782 4.429e+00 7.666e-01 -1.856e-03 3.922e-06 3.922e-06 3.922e-03 -5.882e-05 3.663e-06 1.961e-02
34.656780 4.521e+00 7.568e-01 -1.979e-03 3.922e-06 3.922e-06 3.922e-03 -5.882e-05 3.663e-06 1.961e-02
34.666782 4.575e+00 7.178e-01 -2.087e-03 3.922e-06 3.922e-06 3.922e-03 -5.882e-05 3.663e-06 1.961e-02
34.676781 4.609e+00 6.934e-01 -2.195e-03 3.922e-06 3.922e-06 3.922e-03 -5.882e-05 3.663e-06 1.961e-02
34.686783 4.648e+00 6.543e-01 -2.297e-03 3.922e-06 3.922e-06 3.922e-03 -5.882e-05 3.663e-06 1.961e-02
34.696781 4.663e+00 6.152e-01 -2.396e-03 3.922e-06 3.922e-06 3.922e-03 -5.882e-05 3.663e-06 1.961e-02
34.706783 4.668e+00 5.811e-01 -2.484e-03 3.922e-06 3.922e-06 3.922e-03 -5.882e-05 3.663e-06 1.961e-02
34.716782 4.688e+00 5.078e-01 -2.554e-03 3.922e-06 3.922e-06 3.922e-03 -5.882e-05 3.663e-06 1.961e-02
34.726784 4.683e+00 4.736e-01 -2.638e-03 3.922e-06 3.922e-06 3.922e-03 -5.882e-05 3.663e-06 1.961e-02
34.736782 4.668e+00 4.053e-01 -2.688e-03 3.922e-06 3.922e-06 3.922e-03 -5.882e-05 3.663e-06 1.961e-02
34.746784 4.634e+00 3.467e-01 -2.746e-03 3.922e-06 3.922e-06 3.922e-03 -5.882e-05 3.663e-06 1.961e-02
34.756783 4.585e+00 2.979e-01 -2.790e-03 3.922e-06 3.922e-06 3.922e-03 -5.882e-05 3.663e-06 1.961e-02
34.766781 4.526e+00 2.148e-01 -2.816e-03 3.922e-06 3.922e-06 3.922e-03 -5.882e-05 3.663e-06 1.961e-02
34.776783 4.453e+00 1.660e-01 -2.840e-03 3.922e-06 3.922e-06 3.922e-03 -5.882e-05 3.663e-06 1.961e-02
34.786781 4.380e+00 9.277e-02 -2.849e-03 3.922e-06 3.922e-06 3.922e-03 -5.882e-05 3.663e-06 1.961e-02
34.796780 4.277e+00 3.418e-02 -2.860e-03 3.922e-06 3.922e-06 3.922e-03 -5.882e-05 3.663e-06 1.961e-02
34.806782 4.185e+00 -2.930e-02 -2.846e-03 3.922e-06 3.922e-06 3.922e-03 -5.882e-05 3.663e-06 1.961e-02
34.816784 4.082e+00 -1.074e-01 -2.816e-03 3.922e-06 3.922e-06 3.922e-03 -5.882e-05 3.663e-06 1.961e-02
34.826782 3.989e+00 -1.709e-01 -2.787e-03 3.922e-06 3.922e-06 3.922e-03 -5.882e-05 3.663e-06 1.961e-02
34.836784 3.872e+00 -2.344e-01 -2.746e-03 3.922e-06 3.922e-06 3.922e-03 -5.882e-05 3.663e-06 1.961e-02
34.846783 3.735e+00 -3.027e-01 -2.688e-03 3.922e-06 3.922e-06 3.922e-03 -5.882e-05 3.663e-06 1.961e-02
34.856781 3.604e+00 -3.516e-01 -2.635e-03 3.922e-06 3.922e-06 3.922e-03 -5.882e-05 3.663e-06 1.961e-02
34.866783 3.467e+00 -4.199e-01 -2.563e-03 3.922e-06 3.922e-06 3.922e-03 -5.882e-05 3.663e-06 1.961e-02
34.876781 3.340e+00 -4.785e-01 -2.469e-03 3.922e-06 3.922e-06 3.922e-03 -5.882e-05 3.663e-06 1.961e-02
34.886784 3.193e+00 -5.322e-01 -2.382e-03 3.922e-06 3.922e-06 3.922e-03 -5.882e-05 3.663e-06 1.961e-02
34.896782 3.057e+00 -5.811e-01 -2.279e-03 3.922e-06 3.922e-06 3.922e-03 -5.882e-05 3.663e-06 1.961e-02
34.906784 2.935e+00 -6.201e-01 -2.174e-03 3.922e-06 3.922e-06 3.922e-03 -5.882e-05 3.663e-06 1.961e-02
34.916782 2.788e+00 -6.641e-01 -2.066e-03 3.922e-06 3.922e-06 3.922e-03 -5.882e-05 3.663e-06 1.961e-02
34.926781 2.666e+00 -6.934e-01 -1.947e-03 3.922e-06 3.922e-06 3.922e-03 -5.882e-05 3.663e-06 1.961e-02
34.936783 2.524e+00 -7.275e-01 -1.827e-03 3.922e-06 3.922e-06 3.922e-03 -5.882e-05 3.663e-06 1.961e-02
34.946781 2.393e+00 -7.617e-01 -1.690e-03 3.922e-06 3.922e-06 3.922e-03 -5.882e-05 3.663e-06 1.961e-02
34.956783 2.271e+00 -7.568e-01 -1.576e-03 3.922e-06 3.922e-06 3.922e-03 -5.882e-05 3.663e-06 1.961e-02
34.966782 2.139e+00 -7.910e-01 -1.433e-03 3.922e-06 3.922e-06 3.922e-03 -5.882e-05 3.663e-06 1.961e-02
34.976784 2.036e+00 -7.910e-01 -1.293e-03 3.922e-06 3.922e-06 3.922e-03 -5.882e-05 3.663e-06 1.961e-02
34.986782 1.938e+00 -7.861e-01 -1.167e-03 3.922e-06 3.922e-06 3.922e-03 -5.882e-05 3.663e-06 1.961e-02
34.996784 1.851e+00 -7.861e-01 -1.036e-03 3.922e-06 3.922e-06 3.922e-03 -5.882e-05 3.663e-06 1.961e-02
35.006783 1.768e+00 -7.764e-01 -9.018e-04 3.922e-06 3.922e-06 3.922e-03 -5.882e-05 3.663e-06 1.961e-02
35.016781 1.670e+00 -7.715e-01 -7.647e-04 3.922e-06 3.922e-06 3.922e-03 -5.882e-05 3.663e-06 1.961e-02
35.026783 1.572e+00 -7.373e-01 -6.450e-04 3.922e-06 3.922e-06 3.922e-03 -5.882e-05 3.663e-06 1.961e-02
35.036781 1.475e+00 -7.178e-01 -5.166e-04 3.922e-06 3.922e-06 3.922e-03 -5.882e-05 3.663e-06 1.961e-02
35.046780 1.372e+00 -6.982e-01 -3.969e-04 3.922e-06 3.922e-06 3.922e-03 -5.882e-05 3.663e-06 1.961e-02
35.056782 1.289e+00 -6.592e-01 -2.831e-04 3.922e-06 3.922e-06 3.922e-03 -5.882e-05 3.663e-06 1.961e-02
35.066784 1.187e+00 -6.152e-01 -1.897e-04 3.922e-06 3.922e-06 3.922e-03 -5.882e-05 3.663e-06 1.961e-02
35.076782 1.108e+00 -5.762e-01 -9.048e-05 3.922e-06 3.922e-06 3.922e-03 -5.882e-05 3.663e-06 1.961e-02
35.086781 1.030e+00 -5.322e-01 -2.919e-06 3.922e-06 3.922e-06 3.922e-03 -5.882e-05 3.663e-06 1.961e-02
35.096783 9.521e-01 -4.932e-01 8.464e-05 3.922e-06 3.922e-06 3.922e-03 -5.882e-05 3.663e-06 1.961e-02
35.106781 9.033e-01 -4.346e-01 1.605e-04 3.922e-06 3.922e-06 3.922e-03 -5.882e-05 3.663e-06 1.961e-02
35.116783 8.154e-01 -3.906e-01 2.247e-04 3.922e-06 3.922e-06 3.922e-03 -5.882e-05 3.663e-06 1.961e-02
35.126781 7.812e-01 -3.418e-01 3.006e-04 3.922e-06 3.922e-06 3.922e-03 -5.882e-05 3.663e-06 1.961e-02
35.136784 7.373e-01 -2.979e-01 3.473e-04 3.922e-06 3.922e-06 3.922e-03 -5.882e-05 3.663e-06 1.961e-02
35.146782 6.982e-01 -2.441e-01 3.882e-04 3.922e-06 3.922e-06 3.922e-03 -5.882e-05 3.663e-06 1.961e-02
35.156780 6.836e-01 -1.758e-01 4.115e-04 3.922e-06 3.922e-06 3.922e-03 -5.882e-05 3.663e-06 1.961e-02
35.166782 6.738e-01 -1.367e-01 4.378e-04 3.922e-06 3.922e-06 3.922e-03 -5.882e-05 3.663e-06 1.961e-02
35.176781 6.982e-01 -7.324e-02 4.524e-04 3.922e-06 3.922e-06 3.922e-03 -5.882e-05 3.663e-06 1.961e-02
35.186783 7.178e-01 -2.441e-02 4.670e-04 3.922e-06 3.922e-06 3.922e-03 -5.882e-05 3.663e-06 1.961e-02
35.196781 7.422e-01 4.883e-03 4.757e-04 3.922e-06 3.922e-06 3.922e-03 -5.882e-05 3.663e-06 1.961e-02
35.206783 8.057e-01 7.812e-02 4.582e-04 3.922e-06 3.922e-06 3.922e-03 -5.882e-05 3.663e-06 1.961e-02
35.216782 8.740e-01 1.074e-01 4.524e-04 3.922e-06 3.922e-06 3.922e-03 -5.882e-05 3.663e-06 1.961e-02
35.226784 9.521e-01 1.758e-01 4.232e-04 3.922e-06 3.922e-06 3.922e-03 -5.882e-05 3.663e-06 1.961e-02
35.236782 1.060e+00 2.246e-01 3.823e-04 3.922e-06 3.922e-06 3.922e-03 -5.882e-05 3.663e-06 1.961e-02
35.246784 1.182e+00 2.734e-01 3.415e-04 3.922e-06 3.922e-06 3.922e-03 -5.882e-05 3.663e-06 1.961e-02
35.256783 1.333e+00 3.418e-01 2.831e-04 3.922e-06 3.922e-06 3.922e-03 -5.882e-05 3.663e-06 1.961e-02
35.266781 1.484e+00 3.760e-01 2.364e-04 3.922e-06 3.922e-06 3.922e-03 -5.882e-05 3.663e-06 1.961e-02
35.276783 1.689e+00 4.248e-01 1.722e-04 3.922e-06 3.922e-06 3.922e-03 -5.882e-05 3.663e-06 1.961e-02
35.286781 1.899e+00 4.590e-01 1.080e-04 3.922e-06 3.922e-06 3.922e-03 -5.882e-05 3.663e-06 1.961e-02
35.296783 2.104e+00 5.029e-01 3.210e-05 3.922e-06 3.922e-06 3.922e-03 -5.882e-05 3.663e-06 1.961e-02
35.306782 2.319e+00 5.518e-01 -5.253e-05 3.922e-06 3.922e-06 3.922e-03 -5.882e-05 3.663e-06 1.961e-02
35.316784 2.500e+00 6.006e-01 -1.547e-04 3.922e-06 3.922e-06 3.922e-03 -5.882e-05 3.663e-06 1.961e-02
35.326782 2.710e+00 6.543e-01 -2.539e-04 3.922e-06 3.922e-06 3.922e-03 -5.882e-05 3.663e-06 1.961e-02
35.336781 2.905e+00 6.885e-01 -3.590e-04 3.922e-06 3.922e-06 3.922e-03 -5.882e-05 3.663e-06 1.961e-02
35.346783 3.076e+00 7.227e-01 -4.757e-04 3.922e-06 3.922e-06 3.922e-03 -5.882e-05 3.663e-06 1.961e-02
35.356781 3.257e+00 7.568e-01 -5.896e-04 3.922e-06 3.922e-06 3.922e-03 -5.882e-05 3.663e-06 1.961e-02
35.366783 3.423e+00 7.764e-01 -7.063e-04 3.922e-06 3.922e-06 3.922e-03 -5.882e-05 3.663e-06 1.961e-02
35.376781 3.584e+00 8.008e-01 -8.347e-04 3.922e-06 3.922e-06 3.922e-03 -5.882e-05 3.663e-06 1.961e-02
35.386784 3.745e+00 8.252e-01 -9.602e-04 3.922e-06 3.922e-06 3.922e-03 -5.882e-05 3.663e-06 1.961e-02
35.396782 3.887e+00 8.350e-01 -1.094e-03 3.922e-06 3.922e-06 3.922e-03 -5.882e-05 3.663e-06 1.961e-02
35.406784 4.038e+00 8.398e-01 -1.217e-03 3.922e-06 3.922e-06 3.922e-03 -5.882e-05 3.663e-06 1.961e-02
35.416786 4.146e+00 8.594e-01 -1.372e-03 3.922e-06 3.922e-06 3.922e-03 -5.882e-05 3.663e-06 1.961e-02
35.426781 4.277e+00 8.545e-01 -1.497e-03 3.922e-06 3.922e-06 3.922e-03 -5.882e-05 3.663e-06 1.961e-02
35.436783 4.380e+00 8.545e-01 -1.640e-03 3.922e-06 3.922e-06 3.922e-03 -5.882e-05 3.663e-06 1.961e-02
35.446781 4.473e+00 8.350e-01 -1.766e-03 3.922e-06 3.922e-06 3.922e-03 -5.882e-05 3.663e-06 1.961e-02
35.456783 4.561e+00 8.350e-01 -1.912e-03 3.922e-06 3.922e-06 3.922e-03 -5.882e-05 3.663e-06 1.961e-02
35.466782 4.639e+00 7.910e-01 -2.017e-03 3.922e-06 3.922e-06 3.922e-03 -5.882e-05 3.663e-06 1.961e-02
35.476784 4.692e+00 7.764e-01 -2.145e-03 3.922e-06 3.922e-06 3.922e-03 -5.882e-05 3.663e-06 1.961e-02
35.486782 4.746e+00 7.373e-01 -2.262e-03 3.922e-06 3.922e-06 3.922e-03 -5.882e-05 3.663e-06 1.961e-02
35.496780 4.790e+00 6.934e-01 -2.370e-03 3.922e-06 3.922e-06 3.922e-03 -5.882e-05 3.663e-06 1.961e-02
35.506783 4.829e+00 6.543e-01 -2.469e-03 3.922e-06 3.922e-06 3.922e-03 -5.882e-05 3.663e-06 1.961e-02
35.516785 4.819e+00 6.104e-01 -2.565e-03 3.922e-06 3.922e-06 3.922e-03 -5.882e-05 3.663e-06 1.961e-02
35.526783 4.829e+00 5.615e-01 -2.650e-03 3.922e-06 3.922e-06 3.922e-03 -5.882e-05 3.663e-06 1.961e-02
35.536781 4.814e+00 5.078e-01 -2.732e-03 3.922e-06 3.922e-06 3.922e-03 -5.882e-05 3.663e-06 1.961e-02
35.546780 4.790e+00 4.395e-01 -2.796e-03 3.922e-06 3.922e-06 3.922e-03 -5.882e-05 3.663e-06 1.961e-02
35.556782 4.756e+00 3.809e-01 -2.849e-03 3.922e-06 3.922e-06 3.922e-03 -5.882e-05 3.663e-06 1.961e-02
35.566780 4.702e+00 3.076e-01 -2.886e-03 3.922e-06 3.922e-06 3.922e-03 -5.882e-05 3.663e-06 1.961e-02
35.576782 4.639e+00 2.490e-01 -2.930e-03 3.922e-06 3.922e-06 3.922e-03 -5.882e-05 3.663e-06 1.961e-02
35.586781 4.561e+00 1.709e-01 -2.951e-03 3.922e-06 3.922e-06 3.922e-03 -5.882e-05 3.663e-06 1.961e-02
35.596783 4.468e+00 9.766e-02 -2.962e-03 3.922e-06 3.922e-06 3.922e-03 -5.882e-05 3.663e-06 1.961e-02
35.606785 4.385e+00 2.930e-02 -2.957e-03 3.922e-06 3.922e-06 3.922e-03 -5.882e-05 3.663e-06 1.961e-02
35.616783 4.277e+00 -4.395e-02 -2.951e-03 3.922e-06 3.922e-06 3.922e-03 -5.882e-05 3.663e-06 1.961e-02
35.626781 4.175e+00 -1.025e-01 -2.939e-03 3.922e-06 3.922e-06 3.922e-03 -5.882e-05 3.663e-06 1.961e-02
35.636784 4.053e+00 -1.758e-01 -2.901e-03 3.922e-06 3.922e-06 3.922e-03 -5.882e-05 3.663e-06 1.961e-02
35.646782 3.936e+00 -2.686e-01 -2.843e-03 3.922e-06 3.922e-06 3.922e-03 -5.882e-05 3.663e-06 1.961e-02
35.656784 3.799e+00 -3.174e-01 -2.793e-03 3.922e-06 3.922e-06 3.922e-03 -5.882e-05 3.663e-06 1.961e-02
35.666782 3.643e+00 -3.906e-01 -2.729e-03 3.922e-06 3.922e-06 3.922e-03 -5.882e-05 3.663e-06 1.961e-02
35.676781 3.511e+00 -4.541e-01 -2.638e-03 3.922e-06 3.922e-06 3.922e-03 -5.882e-05 3.663e-06 1.961e-02
35.686783 3.359e+00 -5.176e-01 -2.557e-03 3.922e-06 3.922e-06 3.922e-03 -5.882e-05 3.663e-06 1.961e-02
35.696781 3.208e+00 -5.713e-01 -2.466e-03 3.922e-06 3.922e-06 3.922e-03 -5.882e-05 3.663e-06 1.961e-02
35.706779 3.076e+00 -6.250e-01 -2.349e-03 3.922e-06 3.922e-06 3.922e-03 -5.882e-05 3.663e-06 1.961e-02
35.716782 2.915e+00 -6.689e-01 -2.247e-03 3.922e-06 3.922e-06 3.922e-03 -5.882e-05 3.663e-06 1.961e-02
35.726784 2.769e+00 -7.080e-01 -2.131e-03 3.922e-06 3.922e-06 3.922e-03 -5.882e-05 3.663e-06 1.961e-02
35.736782 2.627e+00 -7.471e-01 -2.002e-03 3.922e-06 3.922e-06 3.922e-03 -5.882e-05 3.663e-06 1.961e-02
35.746780 2.495e+00 -7.812e-01 -1.871e-03 3.922e-06 3.922e-06 3.922e-03 -5.882e-05 3.663e-06 1.961e-02
35.756783 2.354e+00 -8.057e-01 -1.731e-03 3.922e-06 3.922e-06 3.922e-03 -5.882e-05 3.663e-06 1.961e-02
35.766781 2.202e+00 -8.252e-01 -1.599e-03 3.922e-06 3.922e-06 3.922e-03 -5.882e-05 3.663e-06 1.961e-02
35.776783 2.095e+00 -8.447e-01 -1.445e-03 3.922e-06 3.922e-06 3.922e-03 -5.882e-05 3.663e-06 1.961e-02
35.786781 1.968e+00 -8.545e-01 -1.302e-03 3.922e-06 3.922e-06 3.922e-03 -5.882e-05 3.663e-06 1.961e-02
35.796783 1.855e+00 -8.643e-01 -1.153e-03 3.922e-06 3.922e-06 3.922e-03 -5.882e-05 3.663e-06 1.961e-02
35.806782 1.753e+00 -8.496e-01 -1.024e-03 3.922e-06 3.922e-06 3.922e-03 -5.882e-05 3.663e-06 1.961e-02
35.816780 1.631e+00 -8.496e-01 -8.756e-04 3.922e-06 3.922e-06 3.922e-03 -5.882e-05 3.663e-06 1.961e-02
35.826782 1.528e+00 -8.252e-01 -7.355e-04 3.922e-06 3.922e-06 3.922e-03 -5.882e-05 3.663e-06 1.961e-02
35.836784 1.396e+00 -8.057e-01 -6.012e-04 3.922e-06 3.922e-06 3.922e-03 -5.882e-05 3.663e-06 1.961e-02
35.846783 1.270e+00 -7.861e-01 -4.641e-04 3.922e-06 3.922e-06 3.922e-03 -5.882e-05 3.663e-06 1.961e-02
35.856785 1.157e+00 -7.373e-01 -3.502e-04 3.922e-06 3.922e-06 3.922e-03 -5.882e-05 3.663e-06 1.961e-02
35.866783 1.011e+00 -7.178e-01 -2.277e-04 3.922e-06 3.922e-06 3.922e-03 -5.882e-05 3.663e-06 1.961e-02
35.876781 8.936e-01 -6.885e-01 -9.340e-05 3.922e-06 3.922e-06 3.922e-03 -5.882e-05 3.663e-06 1.961e-02
35.886784 7.715e-01 -6.396e-01 2.919e-06 3.922e-06 3.922e-06 3.922e-03 -5.882e-05 3.663e-06 1.961e-02
35.896782 6.641e-01 -6.006e-01 1.080e-04 3.922e-06 3.922e-06 3.922e-03 -5.882e-05 3.663e-06 1.961e-02
35.906780 5.566e-01 -5.469e-01 1.985e-04 3.922e-06 3.922e-06 3.922e-03 -5.882e-05 3.663e-06 1.961e-02
35.916782 4.248e-01 -5.078e-01 2.831e-04 3.922e-06 3.922e-06 3.922e-03 -5.882e-05 3.663e-06 1.961e-02
35.926785 3.369e-01 -4.590e-01 3.619e-04 3.922e-06 3.922e-06 3.922e-03 -5.882e-05 3.663e-06 1.961e-02
35.936783 2.295e-01 -4.102e-01 4.349e-04 3.922e-06 3.922e-06 3.922e-03 -5.882e-05 3.663e-06 1.961e-02
35.946781 1.367e-01 -3.760e-01 5.049e-04 3.922e-06 3.922e-06 3.922e-03 -5.882e-05 3.663e-06 1.961e-02
35.956779 5.859e-02 -3.125e-01 5.487e-04 3.922e-06 3.922e-06 3.922e-03 -5.882e-05 3.663e-06 1.961e-02
35.966782 -3.906e-02 -2.734e-01 6.012e-04 3.922e-06 3.922e-06 3.922e-03 -5.882e-05 3.663e-06 1.961e-02
35.976784 -9.766e-02 -2.295e-01 6.508e-04 3.922e-06 3.922e-06 3.922e-03 -5.882e-05 3.663e-06 1.961e-02
35.986782 -1.758e-01 -1.807e-01 6.771e-04 3.922e-06 3.922e-06 3.922e-03 -5.882e-05 3.663e-06 1.961e-02
35.996780 -2.393e-01 -1.318e-01 6.917e-04 3.922e-06 3.922e-06 3.922e-03 -5.882e-05 3.663e-06 1.961e-02
36.006783 -2.832e-01 -8.301e-02 7.092e-04 3.922e-06 3.922e-06 3.922e-03 -5.882e-05 3.663e-06 1.961e-02
36.016781 -3.369e-01 -6.348e-02 7.355e-04 3.922e-06 3.922e-06 3.922e-03 -5.882e-05 3.663e-06 1.961e-02
36.026783 -3.711e-01 -9.766e-03 7.326e-04 3.922e-06 3.922e-06 3.922e-03 -5.882e-05 3.663e-06 1.961e-02
36.036781 -4.053e-01 1.953e-02 7.384e-04 3.922e-06 3.922e-06 3.922e-03 -5.882e-05 3.663e-06 1.961e-02
36.046783 -4.199e-01 5.859e-02 7.296e-04 3.922e-06 3.922e-06 3.922e-03 -5.882e-05 3.663e-06 1.961e-02
36.056782 -4.346e-01 9.766e-02 7.180e-04 3.922e-06 3.922e-06 3.922e-03 -5.882e-05 3.663e-06 1.961e-02
36.066780 -4.346e-01 1.221e-01 6.975e-04 3.922e-06 3.922e-06 3.922e-03 -5.882e-05 3.663e-06 1.961e-02
36.076782 -4.443e-01 1.514e-01 6.859e-04 3.922e-06 3.922e-06 3.922e-03 -5.882e-05 3.663e-06 1.961e-02
36.086781 -4.395e-01 1.807e-01 6.508e-04 3.922e-06 3.922e-06 3.922e-03 -5.882e-05 3.663e-06 1.961e-02
36.096783 -4.346e-01 2.051e-01 6.187e-04 3.922e-06 3.922e-06 3.922e-03 -5.882e-05 3.663e-06 1.961e-02
36.106781 -4.102e-01 2.393e-01 5.808e-04 3.922e-06 3.922e-06 3.922e-03 -5.882e-05 3.663e-06 1.961e-02
36.116783 -3.857e-01 2.539e-01 5.429e-04 3.922e-06 3.922e-06 3.922e-03 -5.882e-05 3.663e-06 1.961e-02
36.126781 -3.271e-01 2.637e-01 5.108e-04 3.922e-06 3.922e-06 3.922e-03 -5.882e-05 3.663e-06 1.961e-02
36.136784 -2.979e-01 2.783e-01 4.670e-04 3.922e-06 3.922e-06 3.922e-03 -5.882e-05 3.663e-06 1.961e-02
36.146782 -2.588e-01 2.881e-01 4.232e-04 3.922e-06 3.922e-06 3.922e-03 -5.882e-05 3.663e-06 1.961e-02
36.156784 -2.051e-01 3.125e-01 3.677e-04 3.922e-06 3.922e-06 3.922e-03 -5.882e-05 3.663e-06 1.961e-02
36.166782 -1.514e-01 3.076e-01 3.269e-04 3.922e-06 3.922e-06 3.922e-03 -5.882e-05 3.663e-06 1.961e-02
36.176785 -9.277e-02 3.223e-01 2.773e-04 3.922e-06 3.922e-06 3.922e-03 -5.882e-05 3.663e-06 1.961e-02
36.186783 -2.441e-02 3.271e-01 2.247e-04 3.922e-06 3.922e-06 3.922e-03 -5.882e-05 3.663e-06 1.961e-02
36.196781 4.883e-02 3.320e-01 1.722e-04 3.922e-06 3.922e-06 3.922e-03 -5.882e-05 3.663e-06 1.961e-02
36.206779 1.514e-01 3.369e-01 1.255e-04 3.922e-06 3.922e-06 3.922e-03 -5.882e-05 3.663e-06 1.961e-02
36.216782 2.295e-01 3.320e-01 7.005e-05 3.922e-06 3.922e-06 3.922e-03 -5.882e-05 3.663e-06 1.961e-02
36.226784 3.076e-01 3.418e-01 2.043e-05 3.922e-06 3.922e-06 3.922e-03 -5.882e-05 3.663e-06 1.961e-02
36.236782 4.102e-01 3.467e-01 -3.794e-05 3.922e-06 3.922e-06 3.922e-03 -5.882e-05 3.663e-06 1.961e-02
36.246784 5.078e-01 3.320e-01 -8.172e-05 3.922e-06 3.922e-06 3.922e-03 -5.882e-05 3.663e-06 1.961e-02
36.256783 6.152e-01 3.369e-01 -1.372e-04 3.922e-06 3.922e-06 3.922e-03 -5.882e-05 3.663e-06 1.961e-02
36.266781 7.227e-01 3.418e-01 -1.955e-04 3.922e-06 3.922e-06 3.922e-03 -5.882e-05 3.663e-06 1.961e-02
36.276783 8.496e-01 3.467e-01 -2.481e-04 3.922e-06 3.922e-06 3.922e-03 -5.882e-05 3.663e-06 1.961e-02
36.286781 9.863e-01 3.271e-01 -2.889e-04 3.922e-06 3.922e-06 3.922e-03 -5.882e-05 3.663e-06 1.961e-02
36.296783 1.118e+00 3.467e-01 -3.502e-04 3.922e-06 3.922e-06 3.922e-03 -5.882e-05 3.663e-06 1.961e-02
36.306782 1.260e+00 3.516e-01 -4.057e-04 3.922e-06 3.922e-06 3.922e-03 -5.882e-05 3.663e-06 1.961e-02
36.316780 1.421e+00 3.320e-01 -4.436e-04 3.922e-06 3.922e-06 3.922e-03 -5.882e-05 3.663e-06 1.961e-02
36.326782 1.592e+00 3.418e-01 -4.962e-04 3.922e-06 3.922e-06 3.922e-03 -5.882e-05 3.663e-06 1.961e-02
36.336781 1.777e+00 3.418e-01 -5.487e-04 3.922e-06 3.922e-06 3.922e-03 -5.882e-05 3.663e-06 1.961e-02
36.346783 1.958e+00 3.467e-01 -5.983e-04 3.922e-06 3.922e-06 3.922e-03 -5.882e-05 3.663e-06 1.961e-02
36.356781 2.104e+00 3.662e-01 -6.538e-04 3.922e-06 3.922e-06 3.922e-03 -5.882e-05 3.663e-06 1.961e-02
36.366783 2.275e+00 3.613e-01 -7.092e-04 3.922e-06 3.922e-06 3.922e-03 -5.882e-05 3.663e-06 1.961e-02
36.376785 2.437e+00 3.809e-01 -7.647e-04 3.922e-06 3.922e-06 3.922e-03 -5.882e-05 3.663e-06 1.961e-02
36.386784 2.578e+00 3.857e-01 -8.230e-04 3.922e-06 3.922e-06 3.922e-03 -5.882e-05 3.663e-06 1.961e-02
36.396782 2.710e+00 3.857e-01 -8.785e-04 3.922e-06 3.922e-06 3.922e-03 -5.882e-05 3.663e-06 1.961e-02
36.406784 2.842e+00 4.004e-01 -9.398e-04 3.922e-06 3.922e-06 3.922e-03 -5.882e-05 3.663e-06 1.961e-02
36.416782 2.944e+00 3.955e-01 -9.923e-04 3.922e-06 3.922e-06 3.922e-03 -5.882e-05 3.663e-06 1.961e-02
36.426785 3.062e+00 4.102e-01 -1.054e-03 3.922e-06 3.922e-06 3.922e-03 -5.882e-05 3.663e-06 1.961e-02
36.436783 3.140e+00 4.102e-01 -1.118e-03 3.922e-06 3.922e-06 3.922e-03 -5.882e-05 3.663e-06 1.961e-02
36.446781 3.232e+00 4.102e-01 -1.179e-03 3.922e-06 3.922e-06 3.922e-03 -5.882e-05 3.663e-06 1.961e-02
36.456783 3.315e+00 4.297e-01 -1.252e-03 3.922e-06 3.922e-06 3.922e-03 -5.882e-05 3.663e-06 1.961e-02
36.466782 3.403e+00 4.248e-01 -1.316e-03 3.922e-06 3.922e-06 3.922e-03 -5.882e-05 3.663e-06 1.961e-02
36.476780 3.477e+00 4.150e-01 -1.375e-03 3.922e-06 3.922e-06 3.922e-03 -5.882e-05 3.663e-06 1.961e-02
36.486782 3.545e+00 4.102e-01 -1.436e-03 3.922e-06 3.922e-06 3.922e-03 -5.882e-05 3.663e-06 1.961e-02
36.496784 3.604e+00 4.053e-01 -1.494e-03 3.922e-06 3.922e-06 3.922e-03 -5.882e-05 3.663e-06 1.961e-02
36.506783 3.657e+00 3.906e-01 -1.544e-03 3.922e-06 3.922e-06 3.922e-03 -5.882e-05 3.663e-06 1.961e-02
36.516781 3.696e+00 3.711e-01 -1.605e-03 3.922e-06 3.922e-06 3.922e-03 -5.882e-05 3.663e-06 1.961e-02
36.526783 3.740e+00 3.613e-01 -1.658e-03 3.922e-06 3.922e-06 3.922e-03 -5.882e-05 3.663e-06 1.961e-02
36.536781 3.765e+00 3.467e-01 -1.713e-03 3.922e-06 3.922e-06 3.922e-03 -5.882e-05 3.663e-06 1.961e-02
36.546783 3.789e+00 3.271e-01 -1.757e-03 3.922e-06 3.922e-06 3.922e-03 -5.882e-05 3.663e-06 1.961e-02
36.556782 3.823e+00 3.223e-01 -1.810e-03 3.922e-06 3.922e-06 3.922e-03 -5.882e-05 3.663e-06 1.961e-02
36.566784 3.828e+00 2.979e-01 -1.853e-03 3.922e-06 3.922e-06 3.922e-03 -5.882e-05 3.663e-06 1.961e-02
36.576782 3.843e+00 2.734e-01 -1.891e-03 3.922e-06 3.922e-06 3.922e-03 -5.882e-05 3.663e-06 1.961e-02
36.586784 3.843e+00 2.490e-01 -1.929e-03 3.922e-06 3.922e-06 3.922e-03 -5.882e-05 3.663e-06 1.961e-02
36.596783 3.833e+00 2.197e-01 -1.953e-03 3.922e-06 3.922e-06 3.922e-03 -5.882e-05 3.663e-06 1.961e-02
36.606781 3.823e+00 2.002e-01 -1.988e-03 3.922e-06 3.922e-06 3.922e-03 -5.882e-05 3.663e-06 1.961e-02
36.616783 3.809e+00 1.611e-01 -2.002e-03 3.922e-06 3.922e-06 3.922e-03 -5.882e-05 3.663e-06 1.961e-02
36.626781 3.789e+00 1.367e-01 -2.020e-03 3.922e-06 3.922e-06 3.922e-03 -5.882e-05 3.663e-06 1.961e-02
36.636784 3.760e+00 1.074e-01 -2.034e-03 3.922e-06 3.922e-06 3.922e-03 -5.882e-05 3.663e-06 1.961e-02
36.646782 3.726e+00 7.812e-02 -2.043e-03 3.922e-06 3.922e-06 3.922e-03 -5.882e-05 3.663e-06 1.961e-02
36.656784 3.696e+00 4.883e-02 -2.046e-03 3.922e-06 3.922e-06 3.922e-03 -5.882e-05 3.663e-06 1.961e-02
36.666782 3.652e+00 9.766e-03 -2.046e-03 3.922e-06 3.922e-06 3.922e-03 -5.882e-05 3.663e-06 1.961e-02
36.676781 3.608e+00 -1.953e-02 -2.031e-03 3.922e-06 3.922e-06 3.922e-03 -5.882e-05 3.663e-06 1.961e-02
36.686783 3.569e+00 -4.883e-02 -2.020e-03 3.922e-06 3.922e-06 3.922e-03 -5.882e-05 3.663e-06 1.961e-02
36.696781 3.506e+00 -8.301e-02 -1.999e-03 3.922e-06 3.922e-06 3.922e-03 -5.882e-05 3.663e-06 1.961e-02
36.706783 3.467e+00 -1.123e-01 -1.973e-03 3.922e-06 3.922e-06 3.922e-03 -5.882e-05 3.663e-06 1.961e-02
36.716782 3.394e+00 -1.465e-01 -1.944e-03 3.922e-06 3.922e-06 3.922e-03 -5.882e-05 3.663e-06 1.961e-02
36.726780 3.330e+00 -1.660e-01 -1.915e-03 3.922e-06 3.922e-06 3.922e-03 -5.882e-05 3.663e-06 1.961e-02
36.736782 3.267e+00 -1.953e-01 -1.880e-03 3.922e-06 3.922e-06 3.922e-03 -5.882e-05 3.663e-06 1.961e-02
36.746784 3.198e+00 -2.148e-01 -1.847e-03 3.922e-06 3.922e-06 3.922e-03 -5.882e-05 3.663e-06 1.961e-02
36.756783 3.154e+00 -2.441e-01 -1.789e-03 3.922e-06 3.922e-06 3.922e-03 -5.882e-05 3.663e-06 1.961e-02
36.766781 3.091e+00 -2.588e-01 -1.754e-03 3.922e-06 3.922e-06 3.922e-03 -5.882e-05 3.663e-06 1.961e-02
36.776783 3.027e+00 -2.734e-01 -1.702e-03 3.922e-06 3.922e-06 3.922e-03 -5.882e-05 3.663e-06 1.961e-02
36.786781 2.969e+00 -2.979e-01 -1.643e-03 3.922e-06 3.922e-06 3.922e-03 -5.882e-05 3.663e-06 1.961e-02
36.796783 2.896e+00 -3.125e-01 -1.588e-03 3.922e-06 3.922e-06 3.922e-03 -5.882e-05 3.663e-06 1.961e-02
36.806782 2.842e+00 -3.271e-01 -1.524e-03 3.922e-06 3.922e-06 3.922e-03 -5.882e-05 3.663e-06 1.961e-02
36.816780 2.788e+00 -3.369e-01 -1.477e-03 3.922e-06 3.922e-06 3.922e-03 -5.882e-05 3.663e-06 1.961e-02
36.826782 2.729e+00 -3.320e-01 -1.416e-03 3.922e-06 3.922e-06 3.922e-03 -5.882e-05 3.663e-06 1.961e-02
36.836781 2.681e+00 -3.418e-01 -1.348e-03 3.922e-06 3.922e-06 3.922e-03 -5.882e-05 3.663e-06 1.961e-02
36.846783 2.637e+00 -3.467e-01 -1.290e-03 3.922e-06 3.922e-06 3.922e-03 -5.882e-05 3.663e-06 1.961e-02
36.856781 2.593e+00 -3.369e-01 -1.229e-03 3.922e-06 3.922e-06 3.922e-03 -5.882e-05 3.663e-06 1.961e-02
36.866783 2.554e+00 -3.467e-01 -1.165e-03 3.922e-06 3.922e-06 3.922e-03 -5.882e-05 3.663e-06 1.961e-02
36.876781 2.524e+00 -3.369e-01 -1.100e-03 3.922e-06 3.922e-06 3.922e-03 -5.882e-05 3.663e-06 1.961e-02
36.886784 2.490e+00 -3.320e-01 -1.039e-03 3.922e-06 3.922e-06 3.922e-03 -5.882e-05 3.663e-06 1.961e-02
36.896782 2.461e+00 -3.223e-01 -9.836e-04 3.922e-06 3.922e-06 3.922e-03 -5.882e-05 3.663e-06 1.961e-02
36.906784 2.437e+00 -3.027e-01 -9.310e-04 3.922e-06 3.922e-06 3.922e-03 -5.882e-05 3.663e-06 1.961e-02
36.916782 2.432e+00 -2.930e-01 -8.785e-04 3.922e-06 3.922e-06 3.922e-03 -5.882e-05 3.663e-06 1.961e-02
36.926781 2.412e+00 -2.539e-01 -8.406e-04 3.922e-06 3.922e-06 3.922e-03 -5.882e-05 3.663e-06 1.961e-02
36.936783 2.407e+00 -2.246e-01 -8.026e-04 3.922e-06 3.922e-06 3.922e-03 -5.882e-05 3.663e-06 1.961e-02
36.946781 2.417e+00 -2.100e-01 -7.588e-04 3.922e-06 3.922e-06 3.922e-03 -5.882e-05 3.663e-06 1.961e-02
36.956783 2.417e+00 -1.758e-01 -7.267e-04 3.922e-06 3.922e-06 3.922e-03 -5.882e-05 3.663e-06 1.961e-02
36.966782 2.427e+00 -1.758e-01 -6.830e-04 3.922e-06 3.922e-06 3.922e-03 -5.882e-05 3.663e-06 1.961e-02
36.976784 2.456e+00 -1.416e-01 -6.538e-04 3.922e-06 3.922e-06 3.922e-03 -5.882e-05 3.663e-06 1.961e-02
36.986782 2.485e+00 -1.123e-01 -6.275e-04 3.922e-06 3.922e-06 3.922e-03 -5.882e-05 3.663e-06 1.961e-02
36.996784 2.510e+00 -7.812e-02 -6.187e-04 3.922e-06 3.922e-06 3.922e-03 -5.882e-05 3.663e-06 1.961e-02
37.006783 2.549e+00 -2.930e-02 -6.100e-04 3.922e-06 3.922e-06 3.922e-03 -5.882e-05 3.663e-06 1.961e-02
37.016781 2.578e+00 -9.766e-03 -5.983e-04 3.922e-06 3.922e-06 3.922e-03 -5.882e-05 3.663e-06 1.961e-02
37.026783 2.627e+00 3.418e-02 -6.012e-04 3.922e-06 3.922e-06 3.922e-03 -5.882e-05 3.663e-06 1.961e-02
37.036781 2.681e+00 6.348e-02 -6.100e-04 3.922e-06 3.922e-06 3.922e-03 -5.882e-05 3.663e-06 1.961e-02
37.046783 2.729e+00 1.025e-01 -6.246e-04 3.922e-06 3.922e-06 3.922e-03 -5.882e-05 3.663e-06 1.961e-02
37.056782 2.812e+00 1.172e-01 -6.246e-04 3.922e-06 3.922e-06 3.922e-03 -5.882e-05 3.663e-06 1.961e-02
37.066784 2.856e+00 1.611e-01 -6.596e-04 3.922e-06 3.922e-06 3.922e-03 -5.882e-05 3.663e-06 1.961e-02
37.076782 2.925e+00 1.855e-01 -6.713e-04 3.922e-06 3.922e-06 3.922e-03 -5.882e-05 3.663e-06 1.961e-02
37.086781 2.983e+00 2.148e-01 -7.063e-04 3.922e-06 3.922e-06 3.922e-03 -5.882e-05 3.663e-06 1.961e-02
37.096783 3.047e+00 2.539e-01 -7.413e-04 3.922e-06 3.922e-06 3.922e-03 -5.882e-05 3.663e-06 1.961e-02
37.106781 3.130e+00 2.783e-01 -7.822e-04 3.922e-06 3.922e-06 3.922e-03 -5.882e-05 3.663e-06 1.961e-02
37.116783 3.174e+00 3.076e-01 -8.347e-04 3.922e-06 3.922e-06 3.922e-03 -5.882e-05 3.663e-06 1.961e-02
37.126781 3.257e+00 3.418e-01 -8.873e-04 3.922e-06 3.922e-06 3.922e-03 -5.882e-05 3.663e-06 1.961e-02
37.136784 3.325e+00 3.662e-01 -9.485e-04 3.922e-06 3.922e-06 3.922e-03 -5.882e-05 3.663e-06 1.961e-02
37.146782 3.403e+00 3.809e-01 -1.001e-03 3.922e-06 3.922e-06 3.922e-03 -5.882e-05 3.663e-06 1.961e-02
37.156784 3.477e+00 4.053e-01 -1.059e-03 3.922e-06 3.922e-06 3.922e-03 -5.882e-05 3.663e-06 1.961e-02
37.166782 3.545e+00 4.053e-01 -1.118e-03 3.922e-06 3.922e-06 3.922e-03 -5.882e-05 3.663e-06 1.961e-02
37.176781 3.608e+00 4.248e-01 -1.182e-03 3.922e-06 3.922e-06 3.922e-03 -5.882e-05 3.663e-06 1.961e-02
37.186783 3.662e+00 4.297e-01 -1.240e-03 3.922e-06 3.922e-06 3.922e-03 -5.882e-05 3.663e-06 1.961e-02
37.196781 3.721e+00 4.297e-01 -1.313e-03 3.922e-06 3.922e-06 3.922e-03 -5.882e-05 3.663e-06 1.961e-02
37.206783 3.774e+00 4.443e-01 -1.378e-03 3.922e-06 3.922e-06 3.922e-03 -5.882e-05 3.663e-06 1.961e-02
37.216782 3.809e+00 4.492e-01 -1.456e-03 3.922e-06 3.922e-06 3.922e-03 -5.882e-05 3.663e-06 1.961e-02
37.226784 3.877e+00 4.492e-01 -1.524e-03 3.922e-06 3.922e-06 3.922e-03 -5.882e-05 3.663e-06 1.961e-02
37.236782 3.926e+00 4.443e-01 -1.591e-03 3.922e-06 3.922e-06 3.922e-03 -5.882e-05 3.663e-06 1.961e-02
37.246780 3.960e+00 4.248e-01 -1.655e-03 3.922e-06 3.922e-06 3.922e-03 -5.882e-05 3.663e-06 1.961e-02
37.256783 3.999e+00 4.150e-01 -1.707e-03 3.922e-06 3.922e-06 3.922e-03 -5.882e-05 3.663e-06 1.961e-02
37.266781 4.028e+00 3.955e-01 -1.769e-03 3.922e-06 3.922e-06 3.922e-03 -5.882e-05 3.663e-06 1.961e-02
37.276783 4.038e+00 3.906e-01 -1.836e-03 3.922e-06 3.922e-06 3.922e-03 -5.882e-05 3.663e-06 1.961e-02
37.286781 4.062e+00 3.662e-01 -1.888e-03 3.922e-06 3.922e-06 3.922e-03 -5.882e-05 3.663e-06 1.961e-02
37.296783 4.058e+00 3.418e-01 -1.950e-03 3.922e-06 3.922e-06 3.922e-03 -5.882e-05 3.663e-06 1.961e-02
37.306782 4.067e+00 3.271e-01 -1.993e-03 3.922e-06 3.922e-06 3.922e-03 -5.882e-05 3.663e-06 1.961e-02
37.316784 4.062e+00 3.027e-01 -2.049e-03 3.922e-06 3.922e-06 3.922e-03 -5.882e-05 3.663e-06 1.961e-02
37.326782 4.062e+00 2.734e-01 -2.078e-03 3.922e-06 3.922e-06 3.922e-03 -5.882e-05 3.663e-06 1.961e-02
37.336781 4.043e+00 2.393e-01 -2.110e-03 3.922e-06 3.922e-06 3.922e-03 -5.882e-05 3.663e-06 1.961e-02
37.346783 4.019e+00 2.051e-01 -2.136e-03 3.922e-06 3.922e-06 3.922e-03 -5.882e-05 3.663e-06 1.961e-02
37.356781 3.999e+00 1.660e-01 -2.157e-03 3.922e-06 3.922e-06 3.922e-03 -5.882e-05 3.663e-06 1.961e-02
37.366783 3.965e+00 1.221e-01 -2.166e-03 3.922e-06 3.922e-06 3.922e-03 -5.882e-05 3.663e-06 1.961e-02
37.376781 3.926e+00 1.025e-01 -2.189e-03 3.922e-06 3.922e-06 3.922e-03 -5.882e-05 3.663e-06 1.961e-02
37.386784 3.877e+00 6.836e-02 -2.195e-03 3.922e-06 3.922e-06 3.922e-03 -5.882e-05 3.663e-06 1.961e-02
37.396782 3.823e+00 2.441e-02 -2.195e-03 3.922e-06 3.922e-06 3.922e-03 -5.882e-05 3.663e-06 1.961e-02
37.406780 3.779e+00 -1.465e-02 -2.180e-03 3.922e-06 3.922e-06 3.922e-03 -5.882e-05 3.663e-06 1.961e-02
37.416782 3.696e+00 -5.859e-02 -2.163e-03 3.922e-06 3.922e-06 3.922e-03 -5.882e-05 3.663e-06 1.961e-02
37.426781 3.643e+00 -8.301e-02 -2.157e-03 3.922e-06 3.922e-06 3.922e-03 -5.882e-05 3.663e-06 1.961e-02
37.436783 3.574e+00 -1.123e-01 -2.142e-03 3.922e-06 3.922e-06 3.922e-03 -5.882e-05 3.663e-06 1.961e-02
37.446781 3.516e+00 -1.562e-01 -2.110e-03 3.922e-06 3.922e-06 3.922e-03 -5.882e-05 3.663e-06 1.961e-02
37.456783 3.447e+00 -1.855e-01 -2.066e-03 3.922e-06 3.922e-06 3.922e-03 -5.882e-05 3.663e-06 1.961e-02
37.466782 3.354e+00 -2.148e-01 -2.043e-03 3.922e-06 3.922e-06 3.922e-03 -5.882e-05 3.663e-06 1.961e-02
37.476784 3.291e+00 -2.588e-01 -1.976e-03 3.922e-06 3.922e-06 3.922e-03 -5.882e-05 3.663e-06 1.961e-02
37.486782 3.213e+00 -2.832e-01 -1.926e-03 3.922e-06 3.922e-06 3.922e-03 -5.882e-05 3.663e-06 1.961e-02
37.496784 3.125e+00 -3.174e-01 -1.871e-03 3.922e-06 3.922e-06 3.922e-03 -5.882e-05 3.663e-06 1.961e-02
37.506783 3.057e+00 -3.223e-01 -1.818e-03 3.922e-06 3.922e-06 3.922e-03 -5.882e-05 3.663e-06 1.961e-02
37.516781 2.969e+00 -3.467e-01 -1.769e-03 3.922e-06 3.922e-06 3.922e-03 -5.882e-05 3.663e-06 1.961e-02
37.526783 2.910e+00 -3.809e-01 -1.684e-03 3.922e-06 3.922e-06 3.922e-03 -5.882e-05 3.663e-06 1.961e-02
37.536781 2.832e+00 -3.906e-01 -1.620e-03 3.922e-06 3.922e-06 3.922e-03 -5.882e-05 3.663e-06 1.961e-02
37.546783 2.764e+00 -4.102e-01 -1.550e-03 3.922e-06 3.922e-06 3.922e-03 -5.882e-05 3.663e-06 1.961e-02
37.556782 2.700e+00 -4.199e-01 -1.471e-03 3.922e-06 3.922e-06 3.922e-03 -5.882e-05 3.663e-06 1.961e-02
37.566784 2.627e+00 -4.346e-01 -1.395e-03 3.922e-06 3.922e-06 3.922e-03 -5.882e-05 3.663e-06 1.961e-02
37.576782 2.559e+00 -4.346e-01 -1.316e-03 3.922e-06 3.922e-06 3.922e-03 -5.882e-05 3.663e-06 1.961e-02
37.586781 2.505e+00 -4.248e-01 -1.252e-03 3.922e-06 3.922e-06 3.922e-03 -5.882e-05 3.663e-06 1.961e-02
37.596783 2.456e+00 -4.297e-01 -1.173e-03 3.922e-06 3.922e-06 3.922e-03 -5.882e-05 3.663e-06 1.961e-02
37.606781 2.422e+00 -4.199e-01 -1.097e-03 3.922e-06 3.922e-06 3.922e-03 -5.882e-05 3.663e-06 1.961e-02
37.616783 2.363e+00 -4.102e-01 -1.030e-03 3.922e-06 3.922e-06 3.922e-03 -5.882e-05 3.663e-06 1.961e-02
37.626781 2.329e+00 -3.906e-01 -9.661e-04 3.922e-06 3.922e-06 3.922e-03 -5.882e-05 3.663e-06 1.961e-02
37.636784 2.300e+00 -3.857e-01 -8.931e-04 3.922e-06 3.922e-06 3.922e-03 -5.882e-05 3.663e-06 1.961e-02
37.646782 2.290e+00 -3.760e-01 -8.260e-04 3.922e-06 3.922e-06 3.922e-03 -5.882e-05 3.663e-06 1.961e-02
37.656780 2.271e+00 -3.418e-01 -7.647e-04 3.922e-06 3.922e-06 3.922e-03 -5.882e-05 3.663e-06 1.961e-02
37.666782 2.246e+00 -3.125e-01 -7.209e-04 3.922e-06 3.922e-06 3.922e-03 -5.882e-05 3.663e-06 1.961e-02
37.676781 2.256e+00 -2.881e-01 -6.567e-04 3.922e-06 3.922e-06 3.922e-03 -5.882e-05 3.663e-06 1.961e-02
37.686783 2.246e+00 -2.588e-01 -6.100e-04 3.922e-06 3.922e-06 3.922e-03 -5.882e-05 3.663e-06 1.961e-02
37.696781 2.261e+00 -2.441e-01 -5.604e-04 3.922e-06 3.922e-06 3.922e-03 -5.882e-05 3.663e-06 1.961e-02
37.706783 2.280e+00 -1.904e-01 -5.370e-04 3.922e-06 3.922e-06 3.922e-03 -5.882e-05 3.663e-06 1.961e-02
37.716782 2.305e+00 -1.562e-01 -5.108e-04 3.922e-06 3.922e-06 3.922e-03 -5.882e-05 3.663e-06 1.961e-02
37.726784 2.339e+00 -1.172e-01 -4.816e-04 3.922e-06 3.922e-06 3.922e-03 -5.882e-05 3.663e-06 1.961e-02
37.736782 2.388e+00 -8.301e-02 -4.553e-04 3.922e-06 3.922e-06 3.922e-03 -5.882e-05 3.663e-06 1.961e-02
37.746780 2.427e+00 -5.371e-02 -4.378e-04 3.922e-06 3.922e-06 3.922e-03 -5.882e-05 3.663e-06 1.961e-02
37.756783 2.476e+00 -9.766e-03 -4.349e-04 3.922e-06 3.922e-06 3.922e-03 -5.882e-05 3.663e-06 1.961e-02
37.766781 2.520e+00 3.418e-02 -4.349e-04 3.922e-06 3.922e-06 3.922e-03 -5.882e-05 3.663e-06 1.961e-02
37.776783 2.593e+00 8.301e-02 -4.465e-04 3.922e-06 3.922e-06 3.922e-03 -5.882e-05 3.663e-06 1.961e-02
37.786781 2.651e+00 1.270e-01 -4.670e-04 3.922e-06 3.922e-06 3.922e-03 -5.882e-05 3.663e-06 1.961e-02
37.796783 2.734e+00 1.562e-01 -4.816e-04 3.922e-06 3.922e-06 3.922e-03 -5.882e-05 3.663e-06 1.961e-02
37.806782 2.812e+00 2.051e-01 -5.166e-04 3.922e-06 3.922e-06 3.922e-03 -5.882e-05 3.663e-06 1.961e-02
37.816784 2.881e+00 2.393e-01 -5.487e-04 3.922e-06 3.922e-06 3.922e-03 -5.882e-05 3.663e-06 1.961e-02
37.826782 2.969e+00 2.734e-01 -5.837e-04 3.922e-06 3.922e-06 3.922e-03 -5.882e-05 3.663e-06 1.961e-02
37.836781 3.042e+00 3.076e-01 -6.246e-04 3.922e-06 3.922e-06 3.922e-03 -5.882e-05 3.663e-06 1.961e-02
37.846783 3.120e+00 3.418e-01 -6.800e-04 3.922e-06 3.922e-06 3.922e-03 -5.882e-05 3.663e-06 1.961e-02
37.856781 3.213e+00 3.760e-01 -7.326e-04 3.922e-06 3.922e-06 3.922e-03 -5.882e-05 3.663e-06 1.961e-02
37.866783 3.291e+00 4.004e-01 -7.968e-04 3.922e-06 3.922e-06 3.922e-03 -5.882e-05 3.663e-06 1.961e-02
37.876781 3.389e+00 4.443e-01 -8.697e-04 3.922e-06 3.922e-06 3.922e-03 -5.882e-05 3.663e-06 1.961e-02
37.886784 3.472e+00 4.639e-01 -9.427e-04 3.922e-06 3.922e-06 3.922e-03 -5.882e-05 3.663e-06 1.961e-02
37.896782 3.555e+00 4.834e-01 -1.016e-03 3.922e-06 3.922e-06 3.922e-03 -5.882e-05 3.663e-06 1.961e-02
37.906780 3.638e+00 4.932e-01 -1.083e-03 3.922e-06 3.922e-06 3.922e-03 -5.882e-05 3.663e-06 1.961e-02
37.916782 3.711e+00 5.078e-01 -1.167e-03 3.922e-06 3.922e-06 3.922e-03 -5.882e-05 3.663e-06 1.961e-02
37.926781 3.784e+00 5.225e-01 -1.249e-03 3.922e-06 3.922e-06 3.922e-03 -5.882e-05 3.663e-06 1.961e-02
37.936783 3.853e+00 5.273e-01 -1.325e-03 3.922e-06 3.922e-06 3.922e-03 -5.882e-05 3.663e-06 1.961e-02
37.946781 3.916e+00 5.371e-01 -1.416e-03 3.922e-06 3.922e-06 3.922e-03 -5.882e-05 3.663e-06 1.961e-02
37.956783 3.989e+00 5.371e-01 -1.494e-03 3.922e-06 3.922e-06 3.922e-03 -5.882e-05 3.663e-06 1.961e-02
37.966782 4.038e+00 5.322e-01 -1.579e-03 3.922e-06 3.922e-06 3.922e-03 -5.882e-05 3.663e-06 1.961e-02
37.976784 4.102e+00 5.273e-01 -1.661e-03 3.922e-06 3.922e-06 3.922e-03 -5.882e-05 3.663e-06 1.961e-02
37.986782 4.131e+00 5.078e-01 -1.734e-03 3.922e-06 3.922e-06 3.922e-03 -5.882e-05 3.663e-06 1.961e-02
37.996784 4.170e+00 4.932e-01 -1.815e-03 3.922e-06 3.922e-06 3.922e-03 -5.882e-05 3.663e-06 1.961e-02
38.006783 4.209e+00 4.834e-01 -1.888e-03 3.922e-06 3.922e-06 3.922e-03 -5.882e-05 3.663e-06 1.961e-02
38.016781 4.214e+00 4.541e-01 -1.955e-03 3.922e-06 3.922e-06 3.922e-03 -5.882e-05 3.663e-06 1.961e-02
38.026783 4.238e+00 4.443e-01 -2.028e-03 3.922e-06 3.922e-06 3.922e-03 -5.882e-05 3.663e-06 1.961e-02
38.036781 4.248e+00 4.150e-01 -2.093e-03 3.922e-06 3.922e-06 3.922e-03 -5.882e-05 3.663e-06 1.961e-02
38.046783 4.258e+00 3.760e-01 -2.145e-03 3.922e-06 3.922e-06 3.922e-03 -5.882e-05 3.663e-06 1.961e-02
38.056782 4.258e+00 3.516e-01 -2.201e-03 3.922e-06 3.922e-06 3.922e-03 -5.882e-05 3.663e-06 1.961e-02
38.066784 4.248e+00 3.125e-01 -2.247e-03 3.922e-06 3.922e-06 3.922e-03 -5.882e-05 3.663e-06 1.961e-02
38.076782 4.219e+00 2.686e-01 -2.277e-03 3.922e-06 3.922e-06 3.922e-03 -5.882e-05 3.663e-06 1.961e-02
38.086781 4.189e+00 2.246e-01 -2.309e-03 3.922e-06 3.922e-06 3.922e-03 -5.882e-05 3.663e-06 1.961e-02
38.096783 4.155e+00 1.758e-01 -2.329e-03 3.922e-06 3.922e-06 3.922e-03 -5.882e-05 3.663e-06 1.961e-02
38.106781 4.111e+00 1.514e-01 -2.355e-03 3.922e-06 3.922e-06 3.922e-03 -5.882e-05 3.663e-06 1.961e-02
38.116783 4.058e+00 9.766e-02 -2.364e-03 3.922e-06 3.922e-06 3.922e-03 -5.882e-05 3.663e-06 1.961e-02
38.126781 3.999e+00 5.371e-02 -2.376e-03 3.922e-06 3.922e-06 3.922e-03 -5.882e-05 3.663e-06 1.961e-02
38.136784 3.931e+00 1.953e-02 -2.382e-03 3.922e-06 3.922e-06 3.922e-03 -5.882e-05 3.663e-06 1.961e-02
38.146782 3.867e+00 -2.930e-02 -2.364e-03 3.922e-06 3.922e-06 3.922e-03 -5.882e-05 3.663e-06 1.961e-02
38.156780 3.799e+00 -7.324e-02 -2.349e-03 3.922e-06 3.922e-06 3.922e-03 -5.882e-05 3.663e-06 1.961e-02
38.166782 3.706e+00 -1.221e-01 -2.323e-03 3.922e-06 3.922e-06 3.922e-03 -5.882e-05 3.663e-06 1.961e-02
38.176781 3.647e+00 -1.611e-01 -2.291e-03 3.922e-06 3.922e-06 3.922e-03 -5.882e-05 3.663e-06 1.961e-02
38.186783 3.555e+00 -2.100e-01 -2.250e-03 3.922e-06 3.922e-06 3.922e-03 -5.882e-05 3.663e-06 1.961e-02
38.196781 3.462e+00 -2.539e-01 -2.204e-03 3.922e-06 3.922e-06 3.922e-03 -5.882e-05 3.663e-06 1.961e-02
38.206783 3.369e+00 -2.832e-01 -2.151e-03 3.922e-06 3.922e-06 3.922e-03 -5.882e-05 3.663e-06 1.961e-02
38.216782 3.271e+00 -3.271e-01 -2.096e-03 3.922e-06 3.922e-06 3.922e-03 -5.882e-05 3.663e-06 1.961e-02
38.226784 3.179e+00 -3.516e-01 -2.040e-03 3.922e-06 3.922e-06 3.922e-03 -5.882e-05 3.663e-06 1.961e-02
38.236782 3.086e+00 -3.906e-01 -1.970e-03 3.922e-06 3.922e-06 3.922e-03 -5.882e-05 3.663e-06 1.961e-02
38.246780 2.988e+00 -4.199e-01 -1.894e-03 3.922e-06 3.922e-06 3.922e-03 -5.882e-05 3.663e-06 1.961e-02
38.256783 2.905e+00 -4.492e-01 -1.812e-03 3.922e-06 3.922e-06 3.922e-03 -5.882e-05 3.663e-06 1.961e-02
38.266781 2.827e+00 -4.883e-01 -1.722e-03 3.922e-06 3.922e-06 3.922e-03 -5.882e-05 3.663e-06 1.961e-02
38.276783 2.729e+00 -4.883e-01 -1.652e-03 3.922e-06 3.922e-06 3.922e-03 -5.882e-05 3.663e-06 1.961e-02
38.286781 2.642e+00 -5.078e-01 -1.559e-03 3.922e-06 3.922e-06 3.922e-03 -5.882e-05 3.663e-06 1.961e-02
38.296783 2.549e+00 -5.127e-01 -1.477e-03 3.922e-06 3.922e-06 3.922e-03 -5.882e-05 3.663e-06 1.961e-02
38.306782 2.480e+00 -5.176e-01 -1.386e-03 3.922e-06 3.922e-06 3.922e-03 -5.882e-05 3.663e-06 1.961e-02
38.316780 2.378e+00 -5.225e-01 -1.299e-03 3.922e-06 3.922e-06 3.922e-03 -5.882e-05 3.663e-06 1.961e-02
38.326782 2.334e+00 -5.225e-01 -1.202e-03 3.922e-06 3.922e-06 3.922e-03 -5.882e-05 3.663e-06 1.961e-02
38.336781 2.275e+00 -5.273e-01 -1.106e-03 3.922e-06 3.922e-06 3.922e-03 -5.882e-05 3.663e-06 1.961e-02
38.346783 2.222e+00 -5.176e-01 -1.024e-03 3.922e-06 3.922e-06 3.922e-03 -5.882e-05 3.663e-06 1.961e-02
38.356781 2.178e+00 -5.029e-01 -9.340e-04 3.922e-06 3.922e-06 3.922e-03 -5.882e-05 3.663e-06 1.961e-02
38.366783 2.139e+00 -5.078e-01 -8.376e-04 3.922e-06 3.922e-06 3.922e-03 -5.882e-05 3.663e-06 1.961e-02
38.376781 2.104e+00 -4.736e-01 -7.588e-04 3.922e-06 3.922e-06 3.922e-03 -5.882e-05 3.663e-06 1.961e-02
38.386784 2.075e+00 -4.443e-01 -6.917e-04 3.922e-06 3.922e-06 3.922e-03 -5.882e-05 3.663e-06 1.961e-02
38.396782 2.051e+00 -4.248e-01 -6.158e-04 3.922e-06 3.922e-06 3.922e-03 -5.882e-05 3.663e-06 1.961e-02
38.406780 2.051e+00 -3.809e-01 -5.575e-04 3.922e-06 3.922e-06 3.922e-03 -5.882e-05 3.663e-06 1.961e-02
38.416782 2.041e+00 -3.613e-01 -4.845e-04 3.922e-06 3.922e-06 3.922e-03 -5.882e-05 3.663e-06 1.961e-02
38.426781 2.046e+00 -3.027e-01 -4.407e-04 3.922e-06 3.922e-06 3.922e-03 -5.882e-05 3.663e-06 1.961e-02
38.436783 2.075e+00 -2.832e-01 -3.794e-04 3.922e-06 3.922e-06 3.922e-03 -5.882e-05 3.663e-06 1.961e-02
38.446781 2.100e+00 -2.295e-01 -3.415e-04 3.922e-06 3.922e-06 3.922e-03 -5.882e-05 3.663e-06 1.961e-02
38.456783 2.124e+00 -1.855e-01 -3.035e-04 3.922e-06 3.922e-06 3.922e-03 -5.882e-05 3.663e-06 1.961e-02
38.466782 2.173e+00 -1.562e-01 -2.656e-04 3.922e-06 3.922e-06 3.922e-03 -5.882e-05 3.663e-06 1.961e-02
38.476784 2.212e+00 -9.277e-02 -2.598e-04 3.922e-06 3.922e-06 3.922e-03 -5.882e-05 3.663e-06 1.961e-02
38.486782 2.266e+00 -4.395e-02 -2.510e-04 3.922e-06 3.922e-06 3.922e-03 -5.882e-05 3.663e-06 1.961e-02
38.496780 2.334e+00 -1.465e-02 -2.306e-04 3.922e-06 3.922e-06 3.922e-03 -5.882e-05 3.663e-06 1.961e-02
38.506783 2.407e+00 6.348e-02 -2.539e-04 3.922e-06 3.922e-06 3.922e-03 -5.882e-05 3.663e-06 1.961e-02
38.516785 2.480e+00 1.025e-01 -2.627e-04 3.922e-06 3.922e-06 3.922e-03 -5.882e-05 3.663e-06 1.961e-02
38.526783 2.578e+00 1.514e-01 -2.773e-04 3.922e-06 3.922e-06 3.922e-03 -5.882e-05 3.663e-06 1.961e-02
38.536781 2.656e+00 2.002e-01 -3.035e-04 3.922e-06 3.922e-06 3.922e-03 -5.882e-05 3.663e-06 1.961e-02
38.546783 2.744e+00 2.490e-01 -3.415e-04 3.922e-06 3.922e-06 3.922e-03 -5.882e-05 3.663e-06 1.961e-02
38.556782 2.847e+00 3.027e-01 -3.853e-04 3.922e-06 3.922e-06 3.922e-03 -5.882e-05 3.663e-06 1.961e-02
38.566780 2.910e+00 3.467e-01 -4.436e-04 3.922e-06 3.922e-06 3.922e-03 -5.882e-05 3.663e-06 1.961e-02
38.576782 3.037e+00 3.809e-01 -4.903e-04 3.922e-06 3.922e-06 3.922e-03 -5.882e-05 3.663e-06 1.961e-02
38.586784 3.130e+00 4.297e-01 -5.575e-04 3.922e-06 3.922e-06 3.922e-03 -5.882e-05 3.663e-06 1.961e-02
38.596783 3.252e+00 4.590e-01 -6.304e-04 3.922e-06 3.922e-06 3.922e-03 -5.882e-05 3.663e-06 1.961e-02
38.606781 3.354e+00 5.127e-01 -7.180e-04 3.922e-06 3.922e-06 3.922e-03 -5.882e-05 3.663e-06 1.961e-02
38.616783 3.452e+00 5.273e-01 -7.851e-04 3.922e-06 3.922e-06 3.922e-03 -5.882e-05 3.663e-06 1.961e-02
38.626781 3.569e+00 5.664e-01 -8.785e-04 3.922e-06 3.922e-06 3.922e-03 -5.882e-05 3.663e-06 1.961e-02
38.636784 3.662e+00 5.811e-01 -9.631e-04 3.922e-06 3.922e-06 3.922e-03 -5.882e-05 3.663e-06 1.961e-02
38.646782 3.745e+00 6.006e-01 -1.057e-03 3.922e-06 3.922e-06 3.922e-03 -5.882e-05 3.663e-06 1.961e-02
38.656780 3.853e+00 6.152e-01 -1.144e-03 3.922e-06 3.922e-06 3.922e-03 -5.882e-05 3.663e-06 1.961e-02
38.666782 3.931e+00 6.250e-01 -1.246e-03 3.922e-06 3.922e-06 3.922e-03 -5.882e-05 3.663e-06 1.961e-02
38.676785 4.023e+00 6.445e-01 -1.354e-03 3.922e-06 3.922e-06 3.922e-03 -5.882e-05 3.663e-06 1.961e-02
38.686783 4.102e+00 6.445e-01 -1.453e-03 3.922e-06 3.922e-06 3.922e-03 -5.882e-05 3.663e-06 1.961e-02
38.696781 4.170e+00 6.396e-01 -1.553e-03 3.922e-06 3.922e-06 3.922e-03 -5.882e-05 3.663e-06 1.961e-02
38.706783 4.258e+00 6.250e-01 -1.646e-03 3.922e-06 3.922e-06 3.922e-03 -5.882e-05 3.663e-06 1.961e-02
38.716782 4.297e+00 6.299e-01 -1.757e-03 3.922e-06 3.922e-06 3.922e-03 -5.882e-05 3.663e-06 1.961e-02
38.726780 4.346e+00 6.152e-01 -1.839e-03 3.922e-06 3.922e-06 3.922e-03 -5.882e-05 3.663e-06 1.961e-02
38.736782 4.395e+00 5.908e-01 -1.932e-03 3.922e-06 3.922e-06 3.922e-03 -5.882e-05 3.663e-06 1.961e-02
38.746780 4.429e+00 5.762e-01 -2.028e-03 3.922e-06 3.922e-06 3.922e-03 -5.882e-05 3.663e-06 1.961e-02
38.756783 4.458e+00 5.469e-01 -2.107e-03 3.922e-06 3.922e-06 3.922e-03 -5.882e-05 3.663e-06 1.961e-02
38.766781 4.478e+00 5.029e-01 -2.177e-03 3.922e-06 3.922e-06 3.922e-03 -5.882e-05 3.663e-06 1.961e-02
38.776783 4.482e+00 4.834e-01 -2.265e-03 3.922e-06 3.922e-06 3.922e-03 -5.882e-05 3.663e-06 1.961e-02
38.786781 4.487e+00 4.346e-01 -2.326e-03 3.922e-06 3.922e-06 3.922e-03 -5.882e-05 3.663e-06 1.961e-02
38.796783 4.473e+00 3.955e-01 -2.387e-03 3.922e-06 3.922e-06 3.922e-03 -5.882e-05 3.663e-06 1.961e-02
38.806782 4.443e+00 3.564e-01 -2.440e-03 3.922e-06 3.922e-06 3.922e-03 -5.882e-05 3.663e-06 1.961e-02
38.816784 4.419e+00 3.027e-01 -2.481e-03 3.922e-06 3.922e-06 3.922e-03 -5.882e-05 3.663e-06 1.961e-02
38.826782 4.385e+00 2.637e-01 -2.525e-03 3.922e-06 3.922e-06 3.922e-03 -5.882e-05 3.663e-06 1.961e-02
38.836781 4.336e+00 2.148e-01 -2.554e-03 3.922e-06 3.922e-06 3.922e-03 -5.882e-05 3.663e-06 1.961e-02
38.846783 4.272e+00 1.660e-01 -2.580e-03 3.922e-06 3.922e-06 3.922e-03 -5.882e-05 3.663e-06 1.961e-02
38.856781 4.219e+00 9.766e-02 -2.583e-03 3.922e-06 3.922e-06 3.922e-03 -5.882e-05 3.663e-06 1.961e-02
38.866783 4.150e+00 4.395e-02 -2.592e-03 3.922e-06 3.922e-06 3.922e-03 -5.882e-05 3.663e-06 1.961e-02
38.876781 4.077e+00 -1.465e-02 -2.577e-03 3.922e-06 3.922e-06 3.922e-03 -5.882e-05 3.663e-06 1.961e-02
38.886784 3.989e+00 -6.348e-02 -2.568e-03 3.922e-06 3.922e-06 3.922e-03 -5.882e-05 3.663e-06 1.961e-02
38.896782 3.901e+00 -1.172e-01 -2.545e-03 3.922e-06 3.922e-06 3.922e-03 -5.882e-05 3.663e-06 1.961e-02
38.906780 3.799e+00 -1.660e-01 -2.513e-03 3.922e-06 3.922e-06 3.922e-03 -5.882e-05 3.663e-06 1.961e-02
38.916782 3.701e+00 -2.246e-01 -2.472e-03 3.922e-06 3.922e-06 3.922e-03 -5.882e-05 3.663e-06 1.961e-02
38.926781 3.589e+00 -2.734e-01 -2.420e-03 3.922e-06 3.922e-06 3.922e-03 -5.882e-05 3.663e-06 1.961e-02
38.936783 3.477e+00 -3.076e-01 -2.382e-03 3.922e-06 3.922e-06 3.922e-03 -5.882e-05 3.663e-06 1.961e-02
38.946781 3.369e+00 -3.662e-01 -2.312e-03 3.922e-06 3.922e-06 3.922e-03 -5.882e-05 3.663e-06 1.961e-02
38.956783 3.276e+00 -4.004e-01 -2.244e-03 3.922e-06 3.922e-06 3.922e-03 -5.882e-05 3.663e-06 1.961e-02
38.966782 3.145e+00 -4.541e-01 -2.157e-03 3.922e-06 3.922e-06 3.922e-03 -5.882e-05 3.663e-06 1.961e-02
38.976780 3.032e+00 -4.932e-01 -2.066e-03 3.922e-06 3.922e-06 3.922e-03 -5.882e-05 3.663e-06 1.961e-02
38.986782 2.920e+00 -5.322e-01 -1.979e-03 3.922e-06 3.922e-06 3.922e-03 -5.882e-05 3.663e-06 1.961e-02
38.996784 2.808e+00 -5.664e-01 -1.880e-03 3.922e-06 3.922e-06 3.922e-03 -5.882e-05 3.663e-06 1.961e-02
39.006783 2.700e+00 -5.859e-01 -1.777e-03 3.922e-06 3.922e-06 3.922e-03 -5.882e-05 3.663e-06 1.961e-02
39.016781 2.588e+00 -6.006e-01 -1.687e-03 3.922e-06 3.922e-06 3.922e-03 -5.882e-05 3.663e-06 1.961e-02
39.026783 2.490e+00 -6.250e-01 -1.576e-03 3.922e-06 3.922e-06 3.922e-03 -5.882e-05 3.663e-06 1.961e-02
39.036781 2.393e+00 -6.348e-01 -1.474e-03 3.922e-06 3.922e-06 3.922e-03 -5.882e-05 3.663e-06 1.961e-02
39.046783 2.300e+00 -6.445e-01 -1.360e-03 3.922e-06 3.922e-06 3.922e-03 -5.882e-05 3.663e-06 1.961e-02
39.056782 2.227e+00 -6.445e-01 -1.246e-03 3.922e-06 3.922e-06 3.922e-03 -5.882e-05 3.663e-06 1.961e-02
39.066780 2.134e+00 -6.543e-01 -1.135e-03 3.922e-06 3.922e-06 3.922e-03 -5.882e-05 3.663e-06 1.961e-02
39.076782 2.061e+00 -6.396e-01 -1.027e-03 3.922e-06 3.922e-06 3.922e-03 -5.882e-05 3.663e-06 1.961e-02
39.086784 1.992e+00 -6.348e-01 -9.164e-04 3.922e-06 3.922e-06 3.922e-03 -5.882e-05 3.663e-06 1.961e-02
39.096783 1.934e+00 -6.055e-01 -8.230e-04 3.922e-06 3.922e-06 3.922e-03 -5.882e-05 3.663e-06 1.961e-02
39.106781 1.899e+00 -6.006e-01 -7.063e-04 3.922e-06 3.922e-06 3.922e-03 -5.882e-05 3.663e-06 1.961e-02
39.116783 1.851e+00 -5.566e-01 -6.333e-04 3.922e-06 3.922e-06 3.922e-03 -5.882e-05 3.663e-06 1.961e-02
39.126785 1.841e+00 -5.273e-01 -5.341e-04 3.922e-06 3.922e-06 3.922e-03 -5.882e-05 3.663e-06 1.961e-02
39.136784 1.797e+00 -5.029e-01 -4.407e-04 3.922e-06 3.922e-06 3.922e-03 -5.882e-05 3.663e-06 1.961e-02
39.146782 1.782e+00 -4.639e-01 -3.619e-04 3.922e-06 3.922e-06 3.922e-03 -5.882e-05 3.663e-06 1.961e-02
39.156780 1.777e+00 -4.199e-01 -2.831e-04 3.922e-06 3.922e-06 3.922e-03 -5.882e-05 3.663e-06 1.961e-02
39.166782 1.763e+00 -3.809e-01 -2.189e-04 3.922e-06 3.922e-06 3.922e-03 -5.882e-05 3.663e-06 1.961e-02
39.176781 1.782e+00 -3.174e-01 -1.693e-04 3.922e-06 3.922e-06 3.922e-03 -5.882e-05 3.663e-06 1.961e-02
39.186783 1.812e+00 -2.783e-01 -1.167e-04 3.922e-06 3.922e-06 3.922e-03 -5.882e-05 3.663e-06 1.961e-02
39.196781 1.851e+00 -2.246e-01 -7.588e-05 3.922e-06 3.922e-06 3.922e-03 -5.882e-05 3.663e-06 1.961e-02
39.206783 1.909e+00 -1.611e-01 -4.378e-05 3.922e-06 3.922e-06 3.922e-03 -5.882e-05 3.663e-06 1.961e-02
39.216782 1.963e+00 -1.221e-01 -8.756e-06 3.922e-06 3.922e-06 3.922e-03 -5.882e-05 3.663e-06 1.961e-02
39.226784 2.046e+00 -4.883e-02 -5.837e-06 3.922e-06 3.922e-06 3.922e-03 -5.882e-05 3.663e-06 1.961e-02
39.236782 2.129e+00 0.000e+00 8.756e-06 3.922e-06 3.922e-06 3.922e-03 -5.882e-05 3.663e-06 1.961e-02
39.246784 2.217e+00 6.348e-02 -8.756e-06 3.922e-06 3.922e-06 3.922e-03 -5.882e-05 3.663e-06 1.961e-02
39.256783 2.314e+00 1.318e-01 -1.751e-05 3.922e-06 3.922e-06 3.922e-03 -5.882e-05 3.663e-06 1.961e-02
39.266781 2.407e+00 1.904e-01 -4.670e-05 3.922e-06 3.922e-06 3.922e-03 -5.882e-05 3.663e-06 1.961e-02
39.276783 2.524e+00 2.490e-01 -7.880e-05 3.922e-06 3.922e-06 3.922e-03 -5.882e-05 3.663e-06 1.961e-02
39.286781 2.632e+00 3.027e-01 -1.255e-04 3.922e-06 3.922e-06 3.922e-03 -5.882e-05 3.663e-06 1.961e-02
39.296783 2.759e+00 3.516e-01 -1.722e-04 3.922e-06 3.922e-06 3.922e-03 -5.882e-05 3.663e-06 1.961e-02
39.306782 2.881e+00 4.053e-01 -2.277e-04 3.922e-06 3.922e-06 3.922e-03 -5.882e-05 3.663e-06 1.961e-02
39.316784 2.998e+00 4.639e-01 -3.123e-04 3.922e-06 3.922e-06 3.922e-03 -5.882e-05 3.663e-06 1.961e-02
39.326782 3.135e+00 5.176e-01 -3.853e-04 3.922e-06 3.922e-06 3.922e-03 -5.882e-05 3.663e-06 1.961e-02
39.336781 3.252e+00 5.566e-01 -4.699e-04 3.922e-06 3.922e-06 3.922e-03 -5.882e-05 3.663e-06 1.961e-02
39.346783 3.369e+00 6.006e-01 -5.662e-04 3.922e-06 3.922e-06 3.922e-03 -5.882e-05 3.663e-06 1.961e-02
39.356781 3.501e+00 6.445e-01 -6.771e-04 3.922e-06 3.922e-06 3.922e-03 -5.882e-05 3.663e-06 1.961e-02
39.366783 3.608e+00 6.885e-01 -7.939e-04 3.922e-06 3.922e-06 3.922e-03 -5.882e-05 3.663e-06 1.961e-02
39.376781 3.760e+00 6.982e-01 -8.785e-04 3.922e-06 3.922e-06 3.922e-03 -5.882e-05 3.663e-06 1.961e-02
39.386780 3.882e+00 7.178e-01 -9.894e-04 3.922e-06 3.922e-06 3.922e-03 -5.882e-05 3.663e-06 1.961e-02
39.396782 3.989e+00 7.471e-01 -1.112e-03 3.922e-06 3.922e-06 3.922e-03 -5.882e-05 3.663e-06 1.961e-02
39.406780 4.097e+00 7.617e-01 -1.226e-03 3.922e-06 3.922e-06 3.922e-03 -5.882e-05 3.663e-06 1.961e-02
39.416782 4.189e+00 7.520e-01 -1.343e-03 3.922e-06 3.922e-06 3.922e-03 -5.882e-05 3.663e-06 1.961e-02
39.426781 4.292e+00 7.764e-01 -1.474e-03 3.922e-06 3.922e-06 3.922e-03 -5.882e-05 3.663e-06 1.961e-02
39.436783 4.375e+00 7.715e-01 -1.599e-03 3.922e-06 3.922e-06 3.922e-03 -5.882e-05 3.663e-06 1.961e-02
39.446785 4.453e+00 7.666e-01 -1.719e-03 3.922e-06 3.922e-06 3.922e-03 -5.882e-05 3.663e-06 1.961e-02
39.456783 4.531e+00 7.666e-01 -1.845e-03 3.922e-06 3.922e-06 3.922e-03 -5.882e-05 3.663e-06 1.961e-02
39.466782 4.585e+00 7.422e-01 -1.964e-03 3.922e-06 3.922e-06 3.922e-03 -5.882e-05 3.663e-06 1.961e-02
39.476784 4.658e+00 7.178e-01 -2.072e-03 3.922e-06 3.922e-06 3.922e-03 -5.882e-05 3.663e-06 1.961e-02
39.486782 4.692e+00 6.836e-01 -2.169e-03 3.922e-06 3.922e-06 3.922e-03 -5.882e-05 3.663e-06 1.961e-02
39.496780 4.717e+00 6.494e-01 -2.265e-03 3.922e-06 3.922e-06 3.922e-03 -5.882e-05 3.663e-06 1.961e-02
39.506783 4.746e+00 6.201e-01 -2.367e-03 3.922e-06 3.922e-06 3.922e-03 -5.882e-05 3.663e-06 1.961e-02
39.516781 4.746e+00 5.664e-01 -2.457e-03 3.922e-06 3.922e-06 3.922e-03 -5.882e-05 3.663e-06 1.961e-02
39.526783 4.756e+00 5.273e-01 -2.536e-03 3.922e-06 3.922e-06 3.922e-03 -5.882e-05 3.663e-06 1.961e-02
39.536781 4.731e+00 4.834e-01 -2.621e-03 3.922e-06 3.922e-06 3.922e-03 -5.882e-05 3.663e-06 1.961e-02
39.546783 4.722e+00 4.199e-01 -2.676e-03 3.922e-06 3.922e-06 3.922e-03 -5.882e-05 3.663e-06 1.961e-02
39.556782 4.697e+00 3.613e-01 -2.720e-03 3.922e-06 3.922e-06 3.922e-03 -5.882e-05 3.663e-06 1.961e-02
39.566784 4.639e+00 2.979e-01 -2.770e-03 3.922e-06 3.922e-06 3.922e-03 -5.882e-05 3.663e-06 1.961e-02
39.576782 4.580e+00 2.539e-01 -2.816e-03 3.922e-06 3.922e-06 3.922e-03 -5.882e-05 3.663e-06 1.961e-02
39.586784 4.512e+00 1.807e-01 -2.828e-03 3.922e-06 3.922e-06 3.922e-03 -5.882e-05 3.663e-06 1.961e-02
39.596783 4.434e+00 1.172e-01 -2.851e-03 3.922e-06 3.922e-06 3.922e-03 -5.882e-05 3.663e-06 1.961e-02
39.606785 4.355e+00 5.859e-02 -2.857e-03 3.922e-06 3.922e-06 3.922e-03 -5.882e-05 3.663e-06 1.961e-02
39.616783 4.258e+00 -1.465e-02 -2.854e-03 3.922e-06 3.922e-06 3.922e-03 -5.882e-05 3.663e-06 1.961e-02
39.626781 4.150e+00 -8.301e-02 -2.828e-03 3.922e-06 3.922e-06 3.922e-03 -5.882e-05 3.663e-06 1.961e-02
39.636784 4.038e+00 -1.514e-01 -2.802e-03 3.922e-06 3.922e-06 3.922e-03 -5.882e-05 3.663e-06 1.961e-02
39.646782 3.931e+00 -2.246e-01 -2.755e-03 3.922e-06 3.922e-06 3.922e-03 -5.882e-05 3.663e-06 1.961e-02
39.656784 3.809e+00 -2.734e-01 -2.708e-03 3.922e-06 3.922e-06 3.922e-03 -5.882e-05 3.663e-06 1.961e-02
39.666782 3.677e+00 -3.467e-01 -2.647e-03 3.922e-06 3.922e-06 3.922e-03 -5.882e-05 3.663e-06 1.961e-02
39.676781 3.550e+00 -3.955e-01 -2.577e-03 3.922e-06 3.922e-06 3.922e-03 -5.882e-05 3.663e-06 1.961e-02
39.686783 3.403e+00 -4.639e-01 -2.498e-03 3.922e-06 3.922e-06 3.922e-03 -5.882e-05 3.663e-06 1.961e-02
39.696781 3.267e+00 -5.029e-01 -2.422e-03 3.922e-06 3.922e-06 3.922e-03 -5.882e-05 3.663e-06 1.961e-02
39.706783 3.130e+00 -5.469e-01 -2.332e-03 3.922e-06 3.922e-06 3.922e-03 -5.882e-05 3.663e-06 1.961e-02
39.716782 2.974e+00 -6.006e-01 -2.227e-03 3.922e-06 3.922e-06 3.922e-03 -5.882e-05 3.663e-06 1.961e-02
39.726780 2.861e+00 -6.445e-01 -2.110e-03 3.922e-06 3.922e-06 3.922e-03 -5.882e-05 3.663e-06 1.961e-02
39.736782 2.725e+00 -6.836e-01 -1.993e-03 3.922e-06 3.922e-06 3.922e-03 -5.882e-05 3.663e-06 1.961e-02
39.746780 2.588e+00 -7.275e-01 -1.865e-03 3.922e-06 3.922e-06 3.922e-03 -5.882e-05 3.663e-06 1.961e-02
39.756783 2.466e+00 -7.324e-01 -1.751e-03 3.922e-06 3.922e-06 3.922e-03 -5.882e-05 3.663e-06 1.961e-02
39.766785 2.319e+00 -7.520e-01 -1.631e-03 3.922e-06 3.922e-06 3.922e-03 -5.882e-05 3.663e-06 1.961e-02
39.776783 2.212e+00 -7.666e-01 -1.494e-03 3.922e-06 3.922e-06 3.922e-03 -5.882e-05 3.663e-06 1.961e-02
39.786781 2.100e+00 -7.812e-01 -1.357e-03 3.922e-06 3.922e-06 3.922e-03 -5.882e-05 3.663e-06 1.961e-02
39.796783 1.992e+00 -7.959e-01 -1.223e-03 3.922e-06 3.922e-06 3.922e-03 -5.882e-05 3.663e-06 1.961e-02
39.806782 1.895e+00 -7.910e-01 -1.086e-03 3.922e-06 3.922e-06 3.922e-03 -5.882e-05 3.663e-06 1.961e-02
39.816784 1.807e+00 -7.861e-01 -9.573e-04 3.922e-06 3.922e-06 3.922e-03 -5.882e-05 3.663e-06 1.961e-02
39.826782 1.724e+00 -7.617e-01 -8.289e-04 3.922e-06 3.922e-06 3.922e-03 -5.882e-05 3.663e-06 1.961e-02
39.836781 1.621e+00 -7.520e-01 -6.888e-04 3.922e-06 3.922e-06 3.922e-03 -5.882e-05 3.663e-06 1.961e-02
39.846783 1.528e+00 -7.227e-01 -5.750e-04 3.922e-06 3.922e-06 3.922e-03 -5.882e-05 3.663e-06 1.961e-02
39.856781 1.436e+00 -6.934e-01 -4.582e-04 3.922e-06 3.922e-06 3.922e-03 -5.882e-05 3.663e-06 1.961e-02
39.866783 1.333e+00 -6.689e-01 -3.356e-04 3.922e-06 3.922e-06 3.922e-03 -5.882e-05 3.663e-06 1.961e-02
39.876781 1.255e+00 -6.152e-01 -2.510e-04 3.922e-06 3.922e-06 3.922e-03 -5.882e-05 3.663e-06 1.961e-02
39.886780 1.167e+00 -5.762e-01 -1.430e-04 3.922e-06 3.922e-06 3.922e-03 -5.882e-05 3.663e-06 1.961e-02
39.896782 1.089e+00 -5.469e-01 -4.086e-05 3.922e-06 3.922e-06 3.922e-03 -5.882e-05 3.663e-06 1.961e-02
39.906780 1.021e+00 -5.078e-01 5.253e-05 3.922e-06 3.922e-06 3.922e-03 -5.882e-05 3.663e-06 1.961e-02
39.916782 9.473e-01 -4.492e-01 1.109e-04 3.922e-06 3.922e-06 3.922e-03 -5.882e-05 3.663e-06 1.961e-02
39.926781 8.887e-01 -4.102e-01 1.985e-04 3.922e-06 3.922e-06 3.922e-03 -5.882e-05 3.663e-06 1.961e-02
39.936783 8.447e-01 -3.613e-01 2.568e-04 3.922e-06 3.922e-06 3.922e-03 -5.882e-05 3.663e-06 1.961e-02
39.946785 7.910e-01 -3.027e-01 3.065e-04 3.922e-06 3.922e-06 3.922e-03 -5.882e-05 3.663e-06 1.961e-02
39.956783 7.715e-01 -2.490e-01 3.532e-04 3.922e-06 3.922e-06 3.922e-03 -5.882e-05 3.663e-06 1.961e-02
39.966782 7.666e-01 -2.197e-01 4.028e-04 3.922e-06 3.922e-06 3.922e-03 -5.882e-05 3.663e-06 1.961e-02
39.976784 7.520e-01 -1.318e-01 4.057e-04 3.922e-06 3.922e-06 3.922e-03 -5.882e-05 3.663e-06 1.961e-02
39.986782 7.617e-01 -9.277e-02 4.349e-04 3.922e-06 3.922e-06 3.922e-03 -5.882e-05 3.663e-06 1.961e-02
39.996784 7.861e-01 -3.906e-02 4.407e-04 3.922e-06 3.922e-06 3.922e-03 -5.882e-05 3.663e-06 1.961e-02
40.006783 8.301e-01 1.465e-02 4.465e-04 3.922e-06 3.922e-06 3.922e-03 -5.882e-05 3.663e-06 1.961e-02
40.016781 8.789e-01 5.859e-02 4.378e-04 3.922e-06 3.922e-06 3.922e-03 -5.882e-05 3.663e-06 1.961e-02
40.026783 9.521e-01 1.123e-01 4.320e-04 3.922e-06 3.922e-06 3.922e-03 -5.882e-05 3.663e-06 1.961e-02
40.036781 1.025e+00 1.660e-01 4.115e-04 3.922e-06 3.922e-06 3.922e-03 -5.882e-05 3.663e-06 1.961e-02
40.046780 1.138e+00 2.197e-01 3.707e-04 3.922e-06 3.922e-06 3.922e-03 -5.882e-05 3.663e-06 1.961e-02
40.056782 1.265e+00 2.832e-01 3.240e-04 3.922e-06 3.922e-06 3.922e-03 -5.882e-05 3.663e-06 1.961e-02
40.066784 1.426e+00 3.125e-01 2.889e-04 3.922e-06 3.922e-06 3.922e-03 -5.882e-05 3.663e-06 1.961e-02
40.076782 1.587e+00 3.809e-01 2.218e-04 3.922e-06 3.922e-06 3.922e-03 -5.882e-05 3.663e-06 1.961e-02
40.086781 1.782e+00 4.102e-01 1.693e-04 3.922e-06 3.922e-06 3.922e-03 -5.882e-05 3.663e-06 1.961e-02
40.096783 1.992e+00 4.639e-01 9.340e-05 3.922e-06 3.922e-06 3.922e-03 -5.882e-05 3.663e-06 1.961e-02
40.106781 2.207e+00 5.273e-01 1.459e-05 3.922e-06 3.922e-06 3.922e-03 -5.882e-05 3.663e-06 1.961e-02
40.116783 2.427e+00 5.420e-01 -5.837e-05 3.922e-06 3.922e-06 3.922e-03 -5.882e-05 3.663e-06 1.961e-02
40.126781 2.593e+00 6.152e-01 -1.634e-04 3.922e-06 3.922e-06 3.922e-03 -5.882e-05 3.663e-06 1.961e-02
40.136784 2.783e+00 6.543e-01 -2.627e-04 3.922e-06 3.922e-06 3.922e-03 -5.882e-05 3.663e-06 1.961e-02
40.146782 2.979e+00 6.982e-01 -3.765e-04 3.922e-06 3.922e-06 3.922e-03 -5.882e-05 3.663e-06 1.961e-02
40.156784 3.159e+00 7.373e-01 -4.932e-04 3.922e-06 3.922e-06 3.922e-03 -5.882e-05 3.663e-06 1.961e-02
40.166782 3.325e+00 7.617e-01 -6.100e-04 3.922e-06 3.922e-06 3.922e-03 -5.882e-05 3.663e-06 1.961e-02
40.176785 3.496e+00 7.910e-01 -7.326e-04 3.922e-06 3.922e-06 3.922e-03 -5.882e-05 3.663e-06 1.961e-02
40.186783 3.652e+00 8.105e-01 -8.581e-04 3.922e-06 3.922e-06 3.922e-03 -5.882e-05 3.663e-06 1.961e-02
40.196781 3.804e+00 8.350e-01 -9.923e-04 3.922e-06 3.922e-06 3.922e-03 -5.882e-05 3.663e-06 1.961e-02
40.206783 3.950e+00 8.496e-01 -1.121e-03 3.922e-06 3.922e-06 3.922e-03 -5.882e-05 3.663e-06 1.961e-02
40.216782 4.072e+00 8.594e-01 -1.258e-03 3.922e-06 3.922e-06 3.922e-03 -5.882e-05 3.663e-06 1.961e-02
40.226784 4.214e+00 8.691e-01 -1.404e-03 3.922e-06 3.922e-06 3.922e-03 -5.882e-05 3.663e-06 1.961e-02
40.236782 4.326e+00 8.740e-01 -1.541e-03 3.922e-06 3.922e-06 3.922e-03 -5.882e-05 3.663e-06 1.961e-02
40.246780 4.424e+00 8.643e-01 -1.675e-03 3.922e-06 3.922e-06 3.922e-03 -5.882e-05 3.663e-06 1.961e-02
40.256783 4.521e+00 8.496e-01 -1.804e-03 3.922e-06 3.922e-06 3.922e-03 -5.882e-05 3.663e-06 1.961e-02
40.266781 4.590e+00 8.301e-01 -1.941e-03 3.922e-06 3.922e-06 3.922e-03 -5.882e-05 3.663e-06 1.961e-02
40.276783 4.692e+00 8.008e-01 -2.058e-03 3.922e-06 3.922e-06 3.922e-03 -5.882e-05 3.663e-06 1.961e-02
40.286781 4.746e+00 7.715e-01 -2.177e-03 3.922e-06 3.922e-06 3.922e-03 -5.882e-05 3.663e-06 1.961e-02
40.296780 4.795e+00 7.373e-01 -2.297e-03 3.922e-06 3.922e-06 3.922e-03 -5.882e-05 3.663e-06 1.961e-02
40.306782 4.834e+00 6.982e-01 -2.399e-03 3.922e-06 3.922e-06 3.922e-03 -5.882e-05 3.663e-06 1.961e-02
40.316780 4.849e+00 6.445e-01 -2.501e-03 3.922e-06 3.922e-06 3.922e-03 -5.882e-05 3.663e-06 1.961e-02
40.326782 4.844e+00 6.152e-01 -2.600e-03 3.922e-06 3.922e-06 3.922e-03 -5.882e-05 3.663e-06 1.961e-02
40.336781 4.839e+00 5.518e-01 -2.688e-03 3.922e-06 3.922e-06 3.922e-03 -5.882e-05 3.663e-06 1.961e-02
40.346783 4.824e+00 4.980e-01 -2.761e-03 3.922e-06 3.922e-06 3.922e-03 -5.882e-05 3.663e-06 1.961e-02
40.356781 4.800e+00 4.443e-01 -2.834e-03 3.922e-06 3.922e-06 3.922e-03 -5.882e-05 3.663e-06 1.961e-02
40.366783 4.766e+00 3.711e-01 -2.889e-03 3.922e-06 3.922e-06 3.922e-03 -5.882e-05 3.663e-06 1.961e-02
40.376781 4.707e+00 3.125e-01 -2.933e-03 3.922e-06 3.922e-06 3.922e-03 -5.882e-05 3.663e-06 1.961e-02
40.386784 4.648e+00 2.295e-01 -2.954e-03 3.922e-06 3.922e-06 3.922e-03 -5.882e-05 3.663e-06 1.961e-02
40.396782 4.580e+00 1.709e-01 -2.986e-03 3.922e-06 3.922e-06 3.922e-03 -5.882e-05 3.663e-06 1.961e-02
40.406780 4.487e+00 8.301e-02 -2.977e-03 3.922e-06 3.922e-06 3.922e-03 -5.882e-05 3.663e-06 1.961e-02
40.416782 4.385e+00 0.000e+00 -2.974e-03 3.922e-06 3.922e-06 3.922e-03 -5.882e-05 3.663e-06 1.961e-02
40.426785 4.282e+00 -5.371e-02 -2.974e-03 3.922e-06 3.922e-06 3.922e-03 -5.882e-05 3.663e-06 1.961e-02
40.436783 4.150e+00 -1.318e-01 -2.945e-03 3.922e-06 3.922e-06 3.922e-03 -5.882e-05 3.663e-06 1.961e-02
40.446781 4.038e+00 -1.953e-01 -2.916e-03 3.922e-06 3.922e-06 3.922e-03 -5.882e-05 3.663e-06 1.961e-02
40.456783 3.921e+00 -2.734e-01 -2.860e-03 3.922e-06 3.922e-06 3.922e-03 -5.882e-05 3.663e-06 1.961e-02
40.466782 3.784e+00 -3.516e-01 -2.793e-03 3.922e-06 3.922e-06 3.922e-03 -5.882e-05 3.663e-06 1.961e-02
40.476784 3.638e+00 -4.053e-01 -2.732e-03 3.922e-06 3.922e-06 3.922e-03 -5.882e-05 3.663e-06 1.961e-02
40.486782 3.496e+00 -4.736e-01 -2.644e-03 3.922e-06 3.922e-06 3.922e-03 -5.882e-05 3.663e-06 1.961e-02
40.496780 3.335e+00 -5.322e-01 -2.563e-03 3.922e-06 3.922e-06 3.922e-03 -5.882e-05 3.663e-06 1.961e-02
40.506783 3.188e+00 -5.713e-01 -2.466e-03 3.922e-06 3.922e-06 3.922e-03 -5.882e-05 3.663e-06 1.961e-02
40.516781 3.018e+00 -6.396e-01 -2.358e-03 3.922e-06 3.922e-06 3.922e-03 -5.882e-05 3.663e-06 1.961e-02
40.526783 2.876e+00 -6.738e-01 -2.239e-03 3.922e-06 3.922e-06 3.922e-03 -5.882e-05 3.663e-06 1.961e-02
40.536781 2.739e+00 -7.227e-01 -2.116e-03 3.922e-06 3.922e-06 3.922e-03 -5.882e-05 3.663e-06 1.961e-02
40.546783 2.588e+00 -7.812e-01 -1.973e-03 3.922e-06 3.922e-06 3.922e-03 -5.882e-05 3.663e-06 1.961e-02
40.556782 2.456e+00 -7.910e-01 -1.850e-03 3.922e-06 3.922e-06 3.922e-03 -5.882e-05 3.663e-06 1.961e-02
40.566784 2.290e+00 -8.057e-01 -1.728e-03 3.922e-06 3.922e-06 3.922e-03 -5.882e-05 3.663e-06 1.961e-02
40.576782 2.173e+00 -8.350e-01 -1.570e-03 3.922e-06 3.922e-06 3.922e-03 -5.882e-05 3.663e-06 1.961e-02
40.586781 2.046e+00 -8.643e-01 -1.418e-03 3.922e-06 3.922e-06 3.922e-03 -5.882e-05 3.663e-06 1.961e-02
40.596783 1.929e+00 -8.691e-01 -1.275e-03 3.922e-06 3.922e-06 3.922e-03 -5.882e-05 3.663e-06 1.961e-02
40.606781 1.826e+00 -8.691e-01 -1.121e-03 3.922e-06 3.922e-06 3.922e-03 -5.882e-05 3.663e-06 1.961e-02
40.616783 1.714e+00 -8.789e-01 -9.690e-04 3.922e-06 3.922e-06 3.922e-03 -5.882e-05 3.663e-06 1.961e-02
40.626781 1.592e+00 -8.447e-01 -8.435e-04 3.922e-06 3.922e-06 3.922e-03 -5.882e-05 3.663e-06 1.961e-02
40.636784 1.460e+00 -8.350e-01 -6.946e-04 3.922e-06 3.922e-06 3.922e-03 -5.882e-05 3.663e-06 1.961e-02
40.646782 1.328e+00 -8.057e-01 -5.662e-04 3.922e-06 3.922e-06 3.922e-03 -5.882e-05 3.663e-06 1.961e-02
40.656780 1.211e+00 -7.812e-01 -4.261e-04 3.922e-06 3.922e-06 3.922e-03 -5.882e-05 3.663e-06 1.961e-02
40.666782 1.074e+00 -7.568e-01 -3.065e-04 3.922e-06 3.922e-06 3.922e-03 -5.882e-05 3.663e-06 1.961e-02
40.676781 9.473e-01 -7.178e-01 -1.810e-04 3.922e-06 3.922e-06 3.922e-03 -5.882e-05 3.663e-06 1.961e-02
40.686783 8.350e-01 -6.885e-01 -6.421e-05 3.922e-06 3.922e-06 3.922e-03 -5.882e-05 3.663e-06 1.961e-02
40.696781 6.885e-01 -6.445e-01 4.670e-05 3.922e-06 3.922e-06 3.922e-03 -5.882e-05 3.663e-06 1.961e-02
40.706783 5.664e-01 -5.957e-01 1.430e-04 3.922e-06 3.922e-06 3.922e-03 -5.882e-05 3.663e-06 1.961e-02
40.716782 4.492e-01 -5.713e-01 2.598e-04 3.922e-06 3.922e-06 3.922e-03 -5.882e-05 3.663e-06 1.961e-02
40.726784 3.271e-01 -5.127e-01 3.327e-04 3.922e-06 3.922e-06 3.922e-03 -5.882e-05 3.663e-06 1.961e-02
40.736782 2.100e-01 -4.590e-01 4.057e-04 3.922e-06 3.922e-06 3.922e-03 -5.882e-05 3.663e-06 1.961e-02
40.746780 1.025e-01 -4.199e-01 4.757e-04 3.922e-06 3.922e-06 3.922e-03 -5.882e-05 3.663e-06 1.961e-02
40.756783 4.883e-03 -3.613e-01 5.370e-04 3.922e-06 3.922e-06 3.922e-03 -5.882e-05 3.663e-06 1.961e-02
40.766781 -1.172e-01 -3.271e-01 6.012e-04 3.922e-06 3.922e-06 3.922e-03 -5.882e-05 3.663e-06 1.961e-02
40.776783 -1.758e-01 -2.734e-01 6.508e-04 3.922e-06 3.922e-06 3.922e-03 -5.882e-05 3.663e-06 1.961e-02
40.786781 -2.686e-01 -2.393e-01 6.946e-04 3.922e-06 3.922e-06 3.922e-03 -5.882e-05 3.663e-06 1.961e-02
40.796783 -3.516e-01 -1.953e-01 7.296e-04 3.922e-06 3.922e-06 3.922e-03 -5.882e-05 3.663e-06 1.961e-02
40.806782 -4.199e-01 -1.416e-01 7.501e-04 3.922e-06 3.922e-06 3.922e-03 -5.882e-05 3.663e-06 1.961e-02
40.816784 -5.078e-01 -1.025e-01 7.647e-04 3.922e-06 3.922e-06 3.922e-03 -5.882e-05 3.663e-06 1.961e-02
40.826782 -5.518e-01 -5.371e-02 7.734e-04 3.922e-06 3.922e-06 3.922e-03 -5.882e-05 3.663e-06 1.961e-02
40.836784 -6.104e-01 -1.953e-02 7.851e-04 3.922e-06 3.922e-06 3.922e-03 -5.882e-05 3.663e-06 1.961e-02
40.846783 -6.543e-01 -4.883e-03 7.997e-04 3.922e-06 3.922e-06 3.922e-03 -5.882e-05 3.663e-06 1.961e-02
40.856781 -7.080e-01 3.418e-02 7.968e-04 3.922e-06 3.922e-06 3.922e-03 -5.882e-05 3.663e-06 1.961e-02
40.866783 -7.422e-01 5.371e-02 7.968e-04 3.922e-06 3.922e-06 3.922e-03 -5.882e-05 3.663e-06 1.961e-02
40.876781 -7.715e-01 9.766e-02 7.705e-04 3.922e-06 3.922e-06 3.922e-03 -5.882e-05 3.663e-06 1.961e-02
40.886784 -8.057e-01 1.172e-01 7.588e-04 3.922e-06 3.922e-06 3.922e-03 -5.882e-05 3.663e-06 1.961e-02
40.896782 -8.301e-01 1.416e-01 7.384e-04 3.922e-06 3.922e-06 3.922e-03 -5.882e-05 3.663e-06 1.961e-02
40.906780 -8.691e-01 1.709e-01 7.063e-04 3.922e-06 3.922e-06 3.922e-03 -5.882e-05 3.663e-06 1.961e-02
40.916782 -8.984e-01 1.953e-01 6.654e-04 3.922e-06 3.922e-06 3.922e-03 -5.882e-05 3.663e-06 1.961e-02
40.926785 -8.887e-01 2.051e-01 6.421e-04 3.922e-06 3.922e-06 3.922e-03 -5.882e-05 3.663e-06 1.961e-02
40.936783 -9.082e-01 2.051e-01 6.187e-04 3.922e-06 3.922e-06 3.922e-03 -5.882e-05 3.663e-06 1.961e-02
40.946781 -9.277e-01 2.148e-01 5.866e-04 3.922e-06 3.922e-06 3.922e-03 -5.882e-05 3.663e-06 1.961e-02
40.956779 -9.375e-01 2.246e-01 5.604e-04 3.922e-06 3.922e-06 3.922e-03 -5.882e-05 3.663e-06 1.961e-02
40.966782 -9.375e-01 2.002e-01 5.429e-04 3.922e-06 3.922e-06 3.922e-03 -5.882e-05 3.663e-06 1.961e-02
40.976784 -9.619e-01 2.344e-01 4.903e-04 3.922e-06 3.922e-06 3.922e-03 -5.882e-05 3.663e-06 1.961e-02
40.986782 -9.766e-01 2.197e-01 4.582e-04 3.922e-06 3.922e-06 3.922e-03 -5.882e-05 3.663e-06 1.961e-02
40.996784 -9.961e-01 2.246e-01 4.174e-04 3.922e-06 3.922e-06 3.922e-03 -5.882e-05 3.663e-06 1.961e-02
41.006783 -1.006e+00 2.148e-01 3.853e-04 3.922e-06 3.922e-06 3.922e-03 -5.882e-05 3.663e-06 1.961e-02
41.016781 -1.050e+00 2.100e-01 3.473e-04 3.922e-06 3.922e-06 3.922e-03 -5.882e-05 3.663e-06 1.961e-02
41.026783 -1.055e+00 1.904e-01 3.327e-04 3.922e-06 3.922e-06 3.922e-03 -5.882e-05 3.663e-06 1.961e-02
41.036781 -1.099e+00 1.758e-01 3.035e-04 3.922e-06 3.922e-06 3.922e-03 -5.882e-05 3.663e-06 1.961e-02
41.046783 -1.123e+00 1.611e-01 2.773e-04 3.922e-06 3.922e-06 3.922e-03 -5.882e-05 3.663e-06 1.961e-02
41.056782 -1.162e+00 1.562e-01 2.539e-04 3.922e-06 3.922e-06 3.922e-03 -5.882e-05 3.663e-06 1.961e-02
41.066784 -1.240e+00 1.318e-01 2.335e-04 3.922e-06 3.922e-06 3.922e-03 -5.882e-05 3.663e-06 1.961e-02
41.076782 -1.274e+00 1.025e-01 2.277e-04 3.922e-06 3.922e-06 3.922e-03 -5.882e-05 3.663e-06 1.961e-02
41.086784 -1.353e+00 7.812e-02 2.160e-04 3.922e-06 3.922e-06 3.922e-03 -5.882e-05 3.663e-06 1.961e-02
41.096783 -1.431e+00 5.371e-02 2.043e-04 3.922e-06 3.922e-06 3.922e-03 -5.882e-05 3.663e-06 1.961e-02
41.106781 -1.528e+00 3.418e-02 2.043e-04 3.922e-06 3.922e-06 3.922e-03 -5.882e-05 3.663e-06 1.961e-02
41.116783 -1.650e+00 -4.883e-03 2.101e-04 3.922e-06 3.922e-06 3.922e-03 -5.882e-05 3.663e-06 1.961e-02
41.126781 -1.733e+00 -3.418e-02 2.218e-04 3.922e-06 3.922e-06 3.922e-03 -5.882e-05 3.663e-06 1.961e-02
41.136780 -1.860e+00 -6.348e-02 2.335e-04 3.922e-06 3.922e-06 3.922e-03 -5.882e-05 3.663e-06 1.961e-02
41.146782 -1.968e+00 -9.766e-02 2.539e-04 3.922e-06 3.922e-06 3.922e-03 -5.882e-05 3.663e-06 1.961e-02
41.156784 -2.080e+00 -1.318e-01 2.773e-04 3.922e-06 3.922e-06 3.922e-03 -5.882e-05 3.663e-06 1.961e-02
41.166782 -2.192e+00 -1.709e-01 3.065e-04 3.922e-06 3.922e-06 3.922e-03 -5.882e-05 3.663e-06 1.961e-02
41.176785 -2.290e+00 -1.953e-01 3.386e-04 3.922e-06 3.922e-06 3.922e-03 -5.882e-05 3.663e-06 1.961e-02
41.186783 -2.397e+00 -2.490e-01 3.882e-04 3.922e-06 3.922e-06 3.922e-03 -5.882e-05 3.663e-06 1.961e-02
41.196781 -2.510e+00 -2.783e-01 4.407e-04 3.922e-06 3.922e-06 3.922e-03 -5.882e-05 3.663e-06 1.961e-02
41.206783 -2.603e+00 -3.125e-01 4.932e-04 3.922e-06 3.922e-06 3.922e-03 -5.882e-05 3.663e-06 1.961e-02
41.216782 -2.734e+00 -3.320e-01 5.341e-04 3.922e-06 3.922e-06 3.922e-03 -5.882e-05 3.663e-06 1.961e-02
41.226784 -2.822e+00 -3.662e-01 6.071e-04 3.922e-06 3.922e-06 3.922e-03 -5.882e-05 3.663e-06 1.961e-02
41.236782 -2.935e+00 -4.004e-01 6.771e-04 3.922e-06 3.922e-06 3.922e-03 -5.882e-05 3.663e-06 1.961e-02
41.246784 -3.037e+00 -4.150e-01 7.413e-04 3.922e-06 3.922e-06 3.922e-03 -5.882e-05 3.663e-06 1.961e-02
41.256783 -3.115e+00 -4.346e-01 8.143e-04 3.922e-06 3.922e-06 3.922e-03 -5.882e-05 3.663e-06 1.961e-02
41.266781 -3.228e+00 -4.492e-01 8.814e-04 3.922e-06 3.922e-06 3.922e-03 -5.882e-05 3.663e-06 1.961e-02
41.276783 -3.301e+00 -4.639e-01 9.719e-04 3.922e-06 3.922e-06 3.922e-03 -5.882e-05 3.663e-06 1.961e-02
41.286781 -3.394e+00 -4.834e-01 1.054e-03 3.922e-06 3.922e-06 3.922e-03 -5.882e-05 3.663e-06 1.961e-02
41.296780 -3.472e+00 -5.029e-01 1.144e-03 3.922e-06 3.922e-06 3.922e-03 -5.882e-05 3.663e-06 1.961e-02
41.306782 -3.545e+00 -4.932e-01 1.217e-03 3.922e-06 3.922e-06 3.922e-03 -5.882e-05 3.663e-06 1.961e-02
41.316784 -3.633e+00 -5.029e-01 1.305e-03 3.922e-06 3.922e-06 3.922e-03 -5.882e-05 3.663e-06 1.961e-02
41.326782 -3.691e+00 -4.980e-01 1.389e-03 3.922e-06 3.922e-06 3.922e-03 -5.882e-05 3.663e-06 1.961e-02
41.336784 -3.750e+00 -4.932e-01 1.465e-03 3.922e-06 3.922e-06 3.922e-03 -5.882e-05 3.663e-06 1.961e-02
41.346783 -3.809e+00 -4.834e-01 1.550e-03 3.922e-06 3.922e-06 3.922e-03 -5.882e-05 3.663e-06 1.961e-02
41.356781 -3.843e+00 -4.736e-01 1.631e-03 3.922e-06 3.922e-06 3.922e-03 -5.882e-05 3.663e-06 1.961e-02
41.366783 -3.887e+00 -4.688e-01 1.719e-03 3.922e-06 3.922e-06 3.922e-03 -5.882e-05 3.663e-06 1.961e-02
41.376785 -3.926e+00 -4.346e-01 1.777e-03 3.922e-06 3.922e-06 3.922e-03 -5.882e-05 3.663e-06 1.961e-02
41.386784 -3.950e+00 -4.150e-01 1.850e-03 3.922e-06 3.922e-06 3.922e-03 -5.882e-05 3.663e-06 1.961e-02
41.396782 -3.970e+00 -3.955e-01 1.915e-03 3.922e-06 3.922e-06 3.922e-03 -5.882e-05 3.663e-06 1.961e-02
41.406784 -3.975e+00 -3.662e-01 1.988e-03 3.922e-06 3.922e-06 3.922e-03 -5.882e-05 3.663e-06 1.961e-02
41.416782 -4.004e+00 -3.174e-01 2.026e-03 3.922e-06 3.922e-06 3.922e-03 -5.882e-05 3.663e-06 1.961e-02
41.426781 -3.975e+00 -2.979e-01 2.090e-03 3.922e-06 3.922e-06 3.922e-03 -5.882e-05 3.663e-06 1.961e-02
41.436783 -3.970e+00 -2.539e-01 2.122e-03 3.922e-06 3.922e-06 3.922e-03 -5.882e-05 3.663e-06 1.961e-02
41.446781 -3.945e+00 -2.197e-01 2.169e-03 3.922e-06 3.922e-06 3.922e-03 -5.882e-05 3.663e-06 1.961e-02
41.456783 -3.901e+00 -1.855e-01 2.204e-03 3.922e-06 3.922e-06 3.922e-03 -5.882e-05 3.663e-06 1.961e-02
41.466782 -3.857e+00 -1.562e-01 2.239e-03 3.922e-06 3.922e-06 3.922e-03 -5.882e-05 3.663e-06 1.961e-02
41.476780 -3.828e+00 -9.277e-02 2.244e-03 3.922e-06 3.922e-06 3.922e-03 -5.882e-05 3.663e-06 1.961e-02
41.486782 -3.784e+00 -5.859e-02 2.262e-03 3.922e-06 3.922e-06 3.922e-03 -5.882e-05 3.663e-06 1.961e-02
41.496780 -3.730e+00 -9.766e-03 2.265e-03 3.922e-06 3.922e-06 3.922e-03 -5.882e-05 3.663e-06 1.961e-02
41.506783 -3.667e+00 3.906e-02 2.256e-03 3.922e-06 3.922e-06 3.922e-03 -5.882e-05 3.663e-06 1.961e-02
41.516781 -3.604e+00 6.836e-02 2.253e-03 3.922e-06 3.922e-06 3.922e-03 -5.882e-05 3.663e-06 1.961e-02
41.526783 -3.521e+00 1.416e-01 2.224e-03 3.922e-06 3.922e-06 3.922e-03 -5.882e-05 3.663e-06 1.961e-02
41.536781 -3.457e+00 1.807e-01 2.198e-03 3.922e-06 3.922e-06 3.922e-03 -5.882e-05 3.663e-06 1.961e-02
41.546783 -3.369e+00 2.148e-01 2.171e-03 3.922e-06 3.922e-06 3.922e-03 -5.882e-05 3.663e-06 1.961e-02
41.556782 -3.271e+00 2.637e-01 2.128e-03 3.922e-06 3.922e-06 3.922e-03 -5.882e-05 3.663e-06 1.961e-02
41.566780 -3.188e+00 2.832e-01 2.096e-03 3.922e-06 3.922e-06 3.922e-03 -5.882e-05 3.663e-06 1.961e-02
41.576782 -3.101e+00 3.467e-01 2.028e-03 3.922e-06 3.922e-06 3.922e-03 -5.882e-05 3.663e-06 1.961e-02
41.586784 -3.018e+00 3.760e-01 1.973e-03 3.922e-06 3.922e-06 3.922e-03 -5.882e-05 3.663e-06 1.961e-02
41.596783 -2.920e+00 4.102e-01 1.909e-03 3.922e-06 3.922e-06 3.922e-03 -5.882e-05 3.663e-06 1.961e-02
41.606781 -2.822e+00 4.492e-01 1.842e-03 3.922e-06 3.922e-06 3.922e-03 -5.882e-05 3.663e-06 1.961e-02
41.616783 -2.729e+00 4.590e-01 1.786e-03 3.922e-06 3.922e-06 3.922e-03 -5.882e-05 3.663e-06 1.961e-02
41.626781 -2.642e+00 5.078e-01 1.678e-03 3.922e-06 3.922e-06 3.922e-03 -5.882e-05 3.663e-06 1.961e-02
41.636780 -2.554e+00 5.127e-01 1.611e-03 3.922e-06 3.922e-06 3.922e-03 -5.882e-05 3.663e-06 1.961e-02
41.646782 -2.466e+00 5.371e-01 1.524e-03 3.922e-06 3.922e-06 3.922e-03 -5.882e-05 3.663e-06 1.961e-02
41.656784 -2.378e+00 5.469e-01 1.448e-03 3.922e-06 3.922e-06 3.922e-03 -5.882e-05 3.663e-06 1.961e-02
41.666782 -2.305e+00 5.615e-01 1.348e-03 3.922e-06 3.922e-06 3.922e-03 -5.882e-05 3.663e-06 1.961e-02
41.676785 -2.231e+00 5.713e-01 1.264e-03 3.922e-06 3.922e-06 3.922e-03 -5.882e-05 3.663e-06 1.961e-02
41.686783 -2.168e+00 5.762e-01 1.167e-03 3.922e-06 3.922e-06 3.922e-03 -5.882e-05 3.663e-06 1.961e-02
41.696781 -2.090e+00 5.811e-01 1.077e-03 3.922e-06 3.922e-06 3.922e-03 -5.882e-05 3.663e-06 1.961e-02
41.706779 -2.026e+00 5.811e-01 9.836e-04 3.922e-06 3.922e-06 3.922e-03 -5.882e-05 3.663e-06 1.961e-02
41.716782 -1.973e+00 5.566e-01 9.135e-04 3.922e-06 3.922e-06 3.922e-03 -5.882e-05 3.663e-06 1.961e-02
41.726784 -1.919e+00 5.420e-01 8.230e-04 3.922e-06 3.922e-06 3.922e-03 -5.882e-05 3.663e-06 1.961e-02
41.736782 -1.895e+00 5.176e-01 7.413e-04 3.922e-06 3.922e-06 3.922e-03 -5.882e-05 3.663e-06 1.961e-02
41.746784 -1.865e+00 4.980e-01 6.625e-04 3.922e-06 3.922e-06 3.922e-03 -5.882e-05 3.663e-06 1.961e-02
41.756783 -1.836e+00 4.834e-01 5.808e-04 3.922e-06 3.922e-06 3.922e-03 -5.882e-05 3.663e-06 1.961e-02
41.766781 -1.812e+00 4.541e-01 5.078e-04 3.922e-06 3.922e-06 3.922e-03 -5.882e-05 3.663e-06 1.961e-02
41.776783 -1.792e+00 4.248e-01 4.495e-04 3.922e-06 3.922e-06 3.922e-03 -5.882e-05 3.663e-06 1.961e-02
41.786781 -1.816e+00 3.955e-01 3.794e-04 3.922e-06 3.922e-06 3.922e-03 -5.882e-05 3.663e-06 1.961e-02
41.796783 -1.821e+00 3.613e-01 3.210e-04 3.922e-06 3.922e-06 3.922e-03 -5.882e-05 3.663e-06 1.961e-02
41.806782 -1.831e+00 3.223e-01 2.714e-04 3.922e-06 3.922e-06 3.922e-03 -5.882e-05 3.663e-06 1.961e-02
41.816784 -1.860e+00 2.881e-01 2.160e-04 3.922e-06 3.922e-06 3.922e-03 -5.882e-05 3.663e-06 1.961e-02
41.826782 -1.895e+00 2.441e-01 1.926e-04 3.922e-06 3.922e-06 3.922e-03 -5.882e-05 3.663e-06 1.961e-02
41.836781 -1.934e+00 1.807e-01 1.780e-04 3.922e-06 3.922e-06 3.922e-03 -5.882e-05 3.663e-06 1.961e-02
41.846783 -1.987e+00 1.318e-01 1.634e-04 3.922e-06 3.922e-06 3.922e-03 -5.882e-05 3.663e-06 1.961e-02
41.856781 -2.046e+00 9.277e-02 1.401e-04 3.922e-06 3.922e-06 3.922e-03 -5.882e-05 3.663e-06 1.961e-02
41.866783 -2.129e+00 5.371e-02 1.255e-04 3.922e-06 3.922e-06 3.922e-03 -5.882e-05 3.663e-06 1.961e-02
41.876781 -2.168e+00 -4.883e-03 1.430e-04 3.922e-06 3.922e-06 3.922e-03 -5.882e-05 3.663e-06 1.961e-02
41.886784 -2.251e+00 -4.883e-02 1.518e-04 3.922e-06 3.922e-06 3.922e-03 -5.882e-05 3.663e-06 1.961e-02
41.896782 -2.334e+00 -1.074e-01 1.780e-04 3.922e-06 3.922e-06 3.922e-03 -5.882e-05 3.663e-06 1.961e-02
41.906784 -2.422e+00 -1.514e-01 2.043e-04 3.922e-06 3.922e-06 3.922e-03 -5.882e-05 3.663e-06 1.961e-02
41.916782 -2.529e+00 -2.100e-01 2.481e-04 3.922e-06 3.922e-06 3.922e-03 -5.882e-05 3.663e-06 1.961e-02
41.926781 -2.598e+00 -2.539e-01 2.977e-04 3.922e-06 3.922e-06 3.922e-03 -5.882e-05 3.663e-06 1.961e-02
41.936783 -2.710e+00 -2.930e-01 3.415e-04 3.922e-06 3.922e-06 3.922e-03 -5.882e-05 3.663e-06 1.961e-02
41.946781 -2.812e+00 -3.320e-01 3.969e-04 3.922e-06 3.922e-06 3.922e-03 -5.882e-05 3.663e-06 1.961e-02
41.956783 -2.910e+00 -3.760e-01 4.670e-04 3.922e-06 3.922e-06 3.922e-03 -5.882e-05 3.663e-06 1.961e-02
41.966782 -3.003e+00 -4.346e-01 5.487e-04 3.922e-06 3.922e-06 3.922e-03 -5.882e-05 3.663e-06 1.961e-02
41.976784 -3.110e+00 -4.395e-01 6.012e-04 3.922e-06 3.922e-06 3.922e-03 -5.882e-05 3.663e-06 1.961e-02
41.986782 -3.223e+00 -4.736e-01 6.800e-04 3.922e-06 3.922e-06 3.922e-03 -5.882e-05 3.663e-06 1.961e-02
41.996784 -3.320e+00 -5.078e-01 7.763e-04 3.922e-06 3.922e-06 3.922e-03 -5.882e-05 3.663e-06 1.961e-02
42.006783 -3.408e+00 -5.273e-01 8.639e-04 3.922e-06 3.922e-06 3.922e-03 -5.882e-05 3.663e-06 1.961e-02
42.016781 -3.521e+00 -5.469e-01 9.515e-04 3.922e-06 3.922e-06 3.922e-03 -5.882e-05 3.663e-06 1.961e-02
42.026783 -3.594e+00 -5.566e-01 1.051e-03 3.922e-06 3.922e-06 3.922e-03 -5.882e-05 3.663e-06 1.961e-02
42.036781 -3.691e+00 -5.811e-01 1.159e-03 3.922e-06 3.922e-06 3.922e-03 -5.882e-05 3.663e-06 1.961e-02
42.046780 -3.779e+00 -5.811e-01 1.252e-03 3.922e-06 3.922e-06 3.922e-03 -5.882e-05 3.663e-06 1.961e-02
42.056782 -3.857e+00 -5.859e-01 1.348e-03 3.922e-06 3.922e-06 3.922e-03 -5.882e-05 3.663e-06 1.961e-02
42.066784 -3.931e+00 -5.811e-01 1.436e-03 3.922e-06 3.922e-06 3.922e-03 -5.882e-05 3.663e-06 1.961e-02
42.076782 -3.984e+00 -5.762e-01 1.544e-03 3.922e-06 3.922e-06 3.922e-03 -5.882e-05 3.663e-06 1.961e-02
42.086784 -4.043e+00 -5.713e-01 1.643e-03 3.922e-06 3.922e-06 3.922e-03 -5.882e-05 3.663e-06 1.961e-02
42.096783 -4.092e+00 -5.469e-01 1.734e-03 3.922e-06 3.922e-06 3.922e-03 -5.882e-05 3.663e-06 1.961e-02
42.106781 -4.131e+00 -5.371e-01 1.833e-03 3.922e-06 3.922e-06 3.922e-03 -5.882e-05 3.663e-06 1.961e-02
42.116783 -4.170e+00 -5.176e-01 1.915e-03 3.922e-06 3.922e-06 3.922e-03 -5.882e-05 3.663e-06 1.961e-02
42.126781 -4.199e+00 -4.785e-01 1.993e-03 3.922e-06 3.922e-06 3.922e-03 -5.882e-05 3.663e-06 1.961e-02
42.136784 -4.219e+00 -4.492e-01 2.069e-03 3.922e-06 3.922e-06 3.922e-03 -5.882e-05 3.663e-06 1.961e-02
42.146782 -4.219e+00 -4.199e-01 2.148e-03 3.922e-06 3.922e-06 3.922e-03 -5.882e-05 3.663e-06 1.961e-02
42.156784 -4.214e+00 -3.857e-01 2.215e-03 3.922e-06 3.922e-06 3.922e-03 -5.882e-05 3.663e-06 1.961e-02
42.166782 -4.209e+00 -3.467e-01 2.268e-03 3.922e-06 3.922e-06 3.922e-03 -5.882e-05 3.663e-06 1.961e-02
42.176781 -4.175e+00 -3.027e-01 2.326e-03 3.922e-06 3.922e-06 3.922e-03 -5.882e-05 3.663e-06 1.961e-02
42.186783 -4.160e+00 -2.637e-01 2.376e-03 3.922e-06 3.922e-06 3.922e-03 -5.882e-05 3.663e-06 1.961e-02
42.196781 -4.106e+00 -2.100e-01 2.405e-03 3.922e-06 3.922e-06 3.922e-03 -5.882e-05 3.663e-06 1.961e-02
42.206783 -4.062e+00 -1.562e-01 2.440e-03 3.922e-06 3.922e-06 3.922e-03 -5.882e-05 3.663e-06 1.961e-02
42.216782 -4.028e+00 -1.025e-01 2.449e-03 3.922e-06 3.922e-06 3.922e-03 -5.882e-05 3.663e-06 1.961e-02
42.226784 -3.950e+00 -3.418e-02 2.449e-03 3.922e-06 3.922e-06 3.922e-03 -5.882e-05 3.663e-06 1.961e-02
42.236782 -3.892e+00 4.883e-03 2.463e-03 3.922e-06 3.922e-06 3.922e-03 -5.882e-05 3.663e-06 1.961e-02
42.246780 -3.813e+00 5.859e-02 2.457e-03 3.922e-06 3.922e-06 3.922e-03 -5.882e-05 3.663e-06 1.961e-02
42.256783 -3.726e+00 1.270e-01 2.431e-03 3.922e-06 3.922e-06 3.922e-03 -5.882e-05 3.663e-06 1.961e-02
42.266785 -3.647e+00 1.660e-01 2.420e-03 3.922e-06 3.922e-06 3.922e-03 -5.882e-05 3.663e-06 1.961e-02
42.276783 -3.530e+00 2.295e-01 2.382e-03 3.922e-06 3.922e-06 3.922e-03 -5.882e-05 3.663e-06 1.961e-02
42.286781 -3.428e+00 2.637e-01 2.352e-03 3.922e-06 3.922e-06 3.922e-03 -5.882e-05 3.663e-06 1.961e-02
42.296783 -3.335e+00 3.174e-01 2.303e-03 3.922e-06 3.922e-06 3.922e-03 -5.882e-05 3.663e-06 1.961e-02
42.306782 -3.223e+00 3.711e-01 2.244e-03 3.922e-06 3.922e-06 3.922e-03 -5.882e-05 3.663e-06 1.961e-02
42.316784 -3.130e+00 4.150e-01 2.183e-03 3.922e-06 3.922e-06 3.922e-03 -5.882e-05 3.663e-06 1.961e-02
42.326782 -3.003e+00 4.639e-01 2.110e-03 3.922e-06 3.922e-06 3.922e-03 -5.882e-05 3.663e-06 1.961e-02
42.336781 -2.896e+00 4.980e-01 2.031e-03 3.922e-06 3.922e-06 3.922e-03 -5.882e-05 3.663e-06 1.961e-02
42.346783 -2.783e+00 5.371e-01 1.944e-03 3.922e-06 3.922e-06 3.922e-03 -5.882e-05 3.663e-06 1.961e-02
42.356781 -2.661e+00 5.713e-01 1.859e-03 3.922e-06 3.922e-06 3.922e-03 -5.882e-05 3.663e-06 1.961e-02
42.366783 -2.578e+00 6.055e-01 1.748e-03 3.922e-06 3.922e-06 3.922e-03 -5.882e-05 3.663e-06 1.961e-02
42.376781 -2.446e+00 6.348e-01 1.658e-03 3.922e-06 3.922e-06 3.922e-03 -5.882e-05 3.663e-06 1.961e-02
42.386784 -2.349e+00 6.396e-01 1.570e-03 3.922e-06 3.922e-06 3.922e-03 -5.882e-05 3.663e-06 1.961e-02
42.396782 -2.246e+00 6.592e-01 1.462e-03 3.922e-06 3.922e-06 3.922e-03 -5.882e-05 3.663e-06 1.961e-02
42.406784 -2.148e+00 6.787e-01 1.351e-03 3.922e-06 3.922e-06 3.922e-03 -5.882e-05 3.663e-06 1.961e-02
42.416782 -2.065e+00 6.836e-01 1.235e-03 3.922e-06 3.922e-06 3.922e-03 -5.882e-05 3.663e-06 1.961e-02
42.426781 -1.963e+00 6.885e-01 1.135e-03 3.922e-06 3.922e-06 3.922e-03 -5.882e-05 3.663e-06 1.961e-02
42.436783 -1.899e+00 6.836e-01 1.024e-03 3.922e-06 3.922e-06 3.922e-03 -5.882e-05 3.663e-06 1.961e-02
42.446781 -1.826e+00 6.787e-01 9.135e-04 3.922e-06 3.922e-06 3.922e-03 -5.882e-05 3.663e-06 1.961e-02
42.456783 -1.763e+00 6.689e-01 8.085e-04 3.922e-06 3.922e-06 3.922e-03 -5.882e-05 3.663e-06 1.961e-02
42.466782 -1.714e+00 6.445e-01 7.151e-04 3.922e-06 3.922e-06 3.922e-03 -5.882e-05 3.663e-06 1.961e-02
42.476784 -1.655e+00 6.348e-01 6.071e-04 3.922e-06 3.922e-06 3.922e-03 -5.882e-05 3.663e-06 1.961e-02
42.486782 -1.621e+00 5.957e-01 5.224e-04 3.922e-06 3.922e-06 3.922e-03 -5.882e-05 3.663e-06 1.961e-02
42.496780 -1.602e+00 5.713e-01 4.261e-04 3.922e-06 3.922e-06 3.922e-03 -5.882e-05 3.663e-06 1.961e-02
42.506783 -1.562e+00 5.371e-01 3.473e-04 3.922e-06 3.922e-06 3.922e-03 -5.882e-05 3.663e-06 1.961e-02
42.516781 -1.572e+00 5.078e-01 2.510e-04 3.922e-06 3.922e-06 3.922e-03 -5.882e-05 3.663e-06 1.961e-02
42.526783 -1.548e+00 4.688e-01 1.839e-04 3.922e-06 3.922e-06 3.922e-03 -5.882e-05 3.663e-06 1.961e-02
42.536781 -1.548e+00 4.150e-01 1.255e-04 3.922e-06 3.922e-06 3.922e-03 -5.882e-05 3.663e-06 1.961e-02
42.546783 -1.558e+00 3.760e-01 6.713e-05 3.922e-06 3.922e-06 3.922e-03 -5.882e-05 3.663e-06 1.961e-02
42.556782 -1.572e+00 3.320e-01 8.756e-06 3.922e-06 3.922e-06 3.922e-03 -5.882e-05 3.663e-06 1.961e-02
42.566784 -1.621e+00 2.588e-01 -1.167e-05 3.922e-06 3.922e-06 3.922e-03 -5.882e-05 3.663e-06 1.961e-02
42.576782 -1.680e+00 2.148e-01 -4.962e-05 3.922e-06 3.922e-06 3.922e-03 -5.882e-05 3.663e-06 1.961e-02
42.586781 -1.753e+00 1.514e-01 -7.005e-05 3.922e-06 3.922e-06 3.922e-03 -5.882e-05 3.663e-06 1.961e-02
42.596783 -1.821e+00 9.766e-02 -8.172e-05 3.922e-06 3.922e-06 3.922e-03 -5.882e-05 3.663e-06 1.961e-02
42.606781 -1.895e+00 4.395e-02 -9.048e-05 3.922e-06 3.922e-06 3.922e-03 -5.882e-05 3.663e-06 1.961e-02
42.616783 -1.987e+00 -2.441e-02 -7.588e-05 3.922e-06 3.922e-06 3.922e-03 -5.882e-05 3.663e-06 1.961e-02
42.626781 -2.080e+00 -7.812e-02 -6.421e-05 3.922e-06 3.922e-06 3.922e-03 -5.882e-05 3.663e-06 1.961e-02
42.636784 -2.188e+00 -1.172e-01 -5.837e-05 3.922e-06 3.922e-06 3.922e-03 -5.882e-05 3.663e-06 1.961e-02
42.646782 -2.295e+00 -1.807e-01 -1.751e-05 3.922e-06 3.922e-06 3.922e-03 -5.882e-05 3.663e-06 1.961e-02
42.656784 -2.402e+00 -2.441e-01 2.627e-05 3.922e-06 3.922e-06 3.922e-03 -5.882e-05 3.663e-06 1.961e-02
42.666782 -2.529e+00 -3.076e-01 8.464e-05 3.922e-06 3.922e-06 3.922e-03 -5.882e-05 3.663e-06 1.961e-02
42.676781 -2.637e+00 -3.613e-01 1.576e-04 3.922e-06 3.922e-06 3.922e-03 -5.882e-05 3.663e-06 1.961e-02
42.686783 -2.769e+00 -4.150e-01 2.189e-04 3.922e-06 3.922e-06 3.922e-03 -5.882e-05 3.663e-06 1.961e-02
42.696781 -2.886e+00 -4.590e-01 3.035e-04 3.922e-06 3.922e-06 3.922e-03 -5.882e-05 3.663e-06 1.961e-02
42.706783 -3.013e+00 -4.883e-01 3.736e-04 3.922e-06 3.922e-06 3.922e-03 -5.882e-05 3.663e-06 1.961e-02
42.716782 -3.154e+00 -5.322e-01 4.670e-04 3.922e-06 3.922e-06 3.922e-03 -5.882e-05 3.663e-06 1.961e-02
42.726784 -3.262e+00 -5.713e-01 5.691e-04 3.922e-06 3.922e-06 3.922e-03 -5.882e-05 3.663e-06 1.961e-02
42.736782 -3.394e+00 -6.152e-01 6.771e-04 3.922e-06 3.922e-06 3.922e-03 -5.882e-05 3.663e-06 1.961e-02
42.746780 -3.501e+00 -6.396e-01 7.822e-04 3.922e-06 3.922e-06 3.922e-03 -5.882e-05 3.663e-06 1.961e-02
42.756783 -3.613e+00 -6.641e-01 8.989e-04 3.922e-06 3.922e-06 3.922e-03 -5.882e-05 3.663e-06 1.961e-02
42.766781 -3.735e+00 -6.934e-01 1.022e-03 3.922e-06 3.922e-06 3.922e-03 -5.882e-05 3.663e-06 1.961e-02
42.776783 -3.833e+00 -6.934e-01 1.129e-03 3.922e-06 3.922e-06 3.922e-03 -5.882e-05 3.663e-06 1.961e-02
42.786781 -3.936e+00 -7.080e-01 1.246e-03 3.922e-06 3.922e-06 3.922e-03 -5.882e-05 3.663e-06 1.961e-02
42.796783 -4.028e+00 -7.129e-01 1.372e-03 3.922e-06 3.922e-06 3.922e-03 -5.882e-05 3.663e-06 1.961e-02
42.806782 -4.116e+00 -7.031e-01 1.488e-03 3.922e-06 3.922e-06 3.922e-03 -5.882e-05 3.663e-06 1.961e-02
42.816784 -4.214e+00 -6.885e-01 1.594e-03 3.922e-06 3.922e-06 3.922e-03 -5.882e-05 3.663e-06 1.961e-02
42.826782 -4.253e+00 -6.885e-01 1.725e-03 3.922e-06 3.922e-06 3.922e-03 -5.882e-05 3.663e-06 1.961e-02
42.836781 -4.331e+00 -6.641e-01 1.830e-03 3.922e-06 3.922e-06 3.922e-03 -5.882e-05 3.663e-06 1.961e-02
42.846783 -4.380e+00 -6.494e-01 1.947e-03 3.922e-06 3.922e-06 3.922e-03 -5.882e-05 3.663e-06 1.961e-02
42.856781 -4.414e+00 -6.201e-01 2.049e-03 3.922e-06 3.922e-06 3.922e-03 -5.882e-05 3.663e-06 1.961e-02
42.866783 -4.458e+00 -5.908e-01 2.148e-03 3.922e-06 3.922e-06 3.922e-03 -5.882e-05 3.663e-06 1.961e-02
42.876781 -4.458e+00 -5.469e-01 2.247e-03 3.922e-06 3.922e-06 3.922e-03 -5.882e-05 3.663e-06 1.961e-02
42.886784 -4.468e+00 -5.078e-01 2.332e-03 3.922e-06 3.922e-06 3.922e-03 -5.882e-05 3.663e-06 1.961e-02
42.896782 -4.478e+00 -4.688e-01 2.411e-03 3.922e-06 3.922e-06 3.922e-03 -5.882e-05 3.663e-06 1.961e-02
42.906780 -4.468e+00 -4.150e-01 2.484e-03 3.922e-06 3.922e-06 3.922e-03 -5.882e-05 3.663e-06 1.961e-02
42.916782 -4.458e+00 -3.564e-01 2.536e-03 3.922e-06 3.922e-06 3.922e-03 -5.882e-05 3.663e-06 1.961e-02
42.926781 -4.395e+00 -3.125e-01 2.609e-03 3.922e-06 3.922e-06 3.922e-03 -5.882e-05 3.663e-06 1.961e-02
42.936783 -4.365e+00 -2.490e-01 2.635e-03 3.922e-06 3.922e-06 3.922e-03 -5.882e-05 3.663e-06 1.961e-02
42.946785 -4.297e+00 -1.904e-01 2.671e-03 3.922e-06 3.922e-06 3.922e-03 -5.882e-05 3.663e-06 1.961e-02
42.956783 -4.229e+00 -1.318e-01 2.708e-03 3.922e-06 3.922e-06 3.922e-03 -5.882e-05 3.663e-06 1.961e-02
42.966785 -4.150e+00 -9.277e-02 2.735e-03 3.922e-06 3.922e-06 3.922e-03 -5.882e-05 3.663e-06 1.961e-02
42.976784 -4.072e+00 1.465e-02 2.711e-03 3.922e-06 3.922e-06 3.922e-03 -5.882e-05 3.663e-06 1.961e-02
42.986782 -3.989e+00 6.348e-02 2.714e-03 3.922e-06 3.922e-06 3.922e-03 -5.882e-05 3.663e-06 1.961e-02
42.996780 -3.882e+00 1.318e-01 2.694e-03 3.922e-06 3.922e-06 3.922e-03 -5.882e-05 3.663e-06 1.961e-02
43.006783 -3.765e+00 2.002e-01 2.668e-03 3.922e-06 3.922e-06 3.922e-03 -5.882e-05 3.663e-06 1.961e-02
43.016785 -3.662e+00 2.686e-01 2.609e-03 3.922e-06 3.922e-06 3.922e-03 -5.882e-05 3.663e-06 1.961e-02
43.026783 -3.540e+00 3.320e-01 2.571e-03 3.922e-06 3.922e-06 3.922e-03 -5.882e-05 3.663e-06 1.961e-02
43.036781 -3.413e+00 3.760e-01 2.519e-03 3.922e-06 3.922e-06 3.922e-03 -5.882e-05 3.663e-06 1.961e-02
43.046783 -3.281e+00 4.395e-01 2.455e-03 3.922e-06 3.922e-06 3.922e-03 -5.882e-05 3.663e-06 1.961e-02
43.056782 -3.145e+00 4.980e-01 2.373e-03 3.922e-06 3.922e-06 3.922e-03 -5.882e-05 3.663e-06 1.961e-02
43.066784 -3.018e+00 5.273e-01 2.306e-03 3.922e-06 3.922e-06 3.922e-03 -5.882e-05 3.663e-06 1.961e-02
43.076782 -2.876e+00 6.104e-01 2.186e-03 3.922e-06 3.922e-06 3.922e-03 -5.882e-05 3.663e-06 1.961e-02
43.086784 -2.759e+00 6.494e-01 2.087e-03 3.922e-06 3.922e-06 3.922e-03 -5.882e-05 3.663e-06 1.961e-02
43.096783 -2.622e+00 6.885e-01 1.982e-03 3.922e-06 3.922e-06 3.922e-03 -5.882e-05 3.663e-06 1.961e-02
43.106781 -2.476e+00 7.324e-01 1.862e-03 3.922e-06 3.922e-06 3.922e-03 -5.882e-05 3.663e-06 1.961e-02
43.116783 -2.349e+00 7.324e-01 1.757e-03 3.922e-06 3.922e-06 3.922e-03 -5.882e-05 3.663e-06 1.961e-02
43.126781 -2.222e+00 7.764e-01 1.626e-03 3.922e-06 3.922e-06 3.922e-03 -5.882e-05 3.663e-06 1.961e-02
43.136784 -2.109e+00 7.910e-01 1.503e-03 3.922e-06 3.922e-06 3.922e-03 -5.882e-05 3.663e-06 1.961e-02
43.146782 -1.982e+00 8.105e-01 1.375e-03 3.922e-06 3.922e-06 3.922e-03 -5.882e-05 3.663e-06 1.961e-02
43.156780 -1.870e+00 8.252e-01 1.243e-03 3.922e-06 3.922e-06 3.922e-03 -5.882e-05 3.663e-06 1.961e-02
43.166782 -1.787e+00 8.252e-01 1.112e-03 3.922e-06 3.922e-06 3.922e-03 -5.882e-05 3.663e-06 1.961e-02
43.176785 -1.685e+00 8.350e-01 9.719e-04 3.922e-06 3.922e-06 3.922e-03 -5.882e-05 3.663e-06 1.961e-02
43.186783 -1.606e+00 8.203e-01 8.435e-04 3.922e-06 3.922e-06 3.922e-03 -5.882e-05 3.663e-06 1.961e-02
43.196781 -1.504e+00 8.008e-01 7.180e-04 3.922e-06 3.922e-06 3.922e-03 -5.882e-05 3.663e-06 1.961e-02
43.206783 -1.406e+00 7.910e-01 5.896e-04 3.922e-06 3.922e-06 3.922e-03 -5.882e-05 3.663e-06 1.961e-02
43.216782 -1.333e+00 7.568e-01 4.757e-04 3.922e-06 3.922e-06 3.922e-03 -5.882e-05 3.663e-06 1.961e-02
43.226784 -1.221e+00 7.324e-01 3.648e-04 3.922e-06 3.922e-06 3.922e-03 -5.882e-05 3.663e-06 1.961e-02
43.236782 -1.147e+00 6.934e-01 2.598e-04 3.922e-06 3.922e-06 3.922e-03 -5.882e-05 3.663e-06 1.961e-02
43.246784 -1.055e+00 6.641e-01 1.518e-04 3.922e-06 3.922e-06 3.922e-03 -5.882e-05 3.663e-06 1.961e-02
43.256786 -9.766e-01 6.201e-01 6.129e-05 3.922e-06 3.922e-06 3.922e-03 -5.882e-05 3.663e-06 1.961e-02
43.266781 -9.082e-01 5.811e-01 -3.210e-05 3.922e-06 3.922e-06 3.922e-03 -5.882e-05 3.663e-06 1.961e-02
43.276783 -8.252e-01 5.371e-01 -1.167e-04 3.922e-06 3.922e-06 3.922e-03 -5.882e-05 3.663e-06 1.961e-02
43.286781 -7.764e-01 4.883e-01 -2.014e-04 3.922e-06 3.922e-06 3.922e-03 -5.882e-05 3.663e-06 1.961e-02
43.296783 -7.227e-01 4.443e-01 -2.714e-04 3.922e-06 3.922e-06 3.922e-03 -5.882e-05 3.663e-06 1.961e-02
43.306782 -6.641e-01 4.004e-01 -3.240e-04 3.922e-06 3.922e-06 3.922e-03 -5.882e-05 3.663e-06 1.961e-02
43.316780 -6.299e-01 3.320e-01 -3.648e-04 3.922e-06 3.922e-06 3.922e-03 -5.882e-05 3.663e-06 1.961e-02
43.326782 -6.006e-01 2.979e-01 -4.232e-04 3.922e-06 3.922e-06 3.922e-03 -5.882e-05 3.663e-06 1.961e-02
43.336781 -6.006e-01 2.393e-01 -4.553e-04 3.922e-06 3.922e-06 3.922e-03 -5.882e-05 3.663e-06 1.961e-02
43.346783 -6.104e-01 1.904e-01 -4.816e-04 3.922e-06 3.922e-06 3.922e-03 -5.882e-05 3.663e-06 1.961e-02
43.356785 -6.201e-01 1.416e-01 -4.991e-04 3.922e-06 3.922e-06 3.922e-03 -5.882e-05 3.663e-06 1.961e-02
43.366783 -6.396e-01 6.836e-02 -4.962e-04 3.922e-06 3.922e-06 3.922e-03 -5.882e-05 3.663e-06 1.961e-02
43.376781 -6.934e-01 3.418e-02 -5.078e-04 3.922e-06 3.922e-06 3.922e-03 -5.882e-05 3.663e-06 1.961e-02
43.386784 -7.568e-01 -2.441e-02 -5.049e-04 3.922e-06 3.922e-06 3.922e-03 -5.882e-05 3.663e-06 1.961e-02
43.396782 -8.301e-01 -8.301e-02 -4.786e-04 3.922e-06 3.922e-06 3.922e-03 -5.882e-05 3.663e-06 1.961e-02
43.406780 -9.229e-01 -1.270e-01 -4.553e-04 3.922e-06 3.922e-06 3.922e-03 -5.882e-05 3.663e-06 1.961e-02
43.416782 -1.030e+00 -1.855e-01 -4.203e-04 3.922e-06 3.922e-06 3.922e-03 -5.882e-05 3.663e-06 1.961e-02
43.426781 -1.172e+00 -2.246e-01 -3.823e-04 3.922e-06 3.922e-06 3.922e-03 -5.882e-05 3.663e-06 1.961e-02
43.436783 -1.343e+00 -2.832e-01 -3.298e-04 3.922e-06 3.922e-06 3.922e-03 -5.882e-05 3.663e-06 1.961e-02
43.446781 -1.514e+00 -3.223e-01 -2.831e-04 3.922e-06 3.922e-06 3.922e-03 -5.882e-05 3.663e-06 1.961e-02
43.456783 -1.709e+00 -3.662e-01 -2.218e-04 3.922e-06 3.922e-06 3.922e-03 -5.882e-05 3.663e-06 1.961e-02
43.466782 -1.934e+00 -4.150e-01 -1.605e-04 3.922e-06 3.922e-06 3.922e-03 -5.882e-05 3.663e-06 1.961e-02
43.476784 -2.114e+00 -4.590e-01 -7.296e-05 3.922e-06 3.922e-06 3.922e-03 -5.882e-05 3.663e-06 1.961e-02
43.486782 -2.305e+00 -5.225e-01 2.335e-05 3.922e-06 3.922e-06 3.922e-03 -5.882e-05 3.663e-06 1.961e-02
43.496784 -2.495e+00 -5.615e-01 1.197e-04 3.922e-06 3.922e-06 3.922e-03 -5.882e-05 3.663e-06 1.961e-02
43.506783 -2.671e+00 -6.104e-01 2.277e-04 3.922e-06 3.922e-06 3.922e-03 -5.882e-05 3.663e-06 1.961e-02
43.516781 -2.852e+00 -6.592e-01 3.444e-04 3.922e-06 3.922e-06 3.922e-03 -5.882e-05 3.663e-06 1.961e-02
43.526783 -3.013e+00 -6.885e-01 4.553e-04 3.922e-06 3.922e-06 3.922e-03 -5.882e-05 3.663e-06 1.961e-02
43.536781 -3.184e+00 -7.227e-01 5.720e-04 3.922e-06 3.922e-06 3.922e-03 -5.882e-05 3.663e-06 1.961e-02
43.546783 -3.340e+00 -7.471e-01 6.975e-04 3.922e-06 3.922e-06 3.922e-03 -5.882e-05 3.663e-06 1.961e-02
43.556782 -3.491e+00 -7.617e-01 8.260e-04 3.922e-06 3.922e-06 3.922e-03 -5.882e-05 3.663e-06 1.961e-02
43.566784 -3.633e+00 -7.861e-01 9.485e-04 3.922e-06 3.922e-06 3.922e-03 -5.882e-05 3.663e-06 1.961e-02
43.576782 -3.774e+00 -7.812e-01 1.077e-03 3.922e-06 3.922e-06 3.922e-03 -5.882e-05 3.663e-06 1.961e-02
43.586781 -3.901e+00 -8.057e-01 1.223e-03 3.922e-06 3.922e-06 3.922e-03 -5.882e-05 3.663e-06 1.961e-02
43.596783 -4.019e+00 -8.057e-01 1.357e-03 3.922e-06 3.922e-06 3.922e-03 -5.882e-05 3.663e-06 1.961e-02
43.606781 -4.116e+00 -8.008e-01 1.491e-03 3.922e-06 3.922e-06 3.922e-03 -5.882e-05 3.663e-06 1.961e-02
43.616783 -4.238e+00 -8.057e-01 1.631e-03 3.922e-06 3.922e-06 3.922e-03 -5.882e-05 3.663e-06 1.961e-02
43.626781 -4.312e+00 -7.861e-01 1.766e-03 3.922e-06 3.922e-06 3.922e-03 -5.882e-05 3.663e-06 1.961e-02
43.636780 -4.390e+00 -7.471e-01 1.871e-03 3.922e-06 3.922e-06 3.922e-03 -5.882e-05 3.663e-06 1.961e-02
43.646782 -4.448e+00 -7.227e-01 1.999e-03 3.922e-06 3.922e-06 3.922e-03 -5.882e-05 3.663e-06 1.961e-02
43.656780 -4.502e+00 -6.885e-01 2.119e-03 3.922e-06 3.922e-06 3.922e-03 -5.882e-05 3.663e-06 1.961e-02
43.666782 -4.531e+00 -6.689e-01 2.239e-03 3.922e-06 3.922e-06 3.922e-03 -5.882e-05 3.663e-06 1.961e-02
43.676781 -4.565e+00 -6.201e-01 2.338e-03 3.922e-06 3.922e-06 3.922e-03 -5.882e-05 3.663e-06 1.961e-02
43.686783 -4.590e+00 -5.811e-01 2.431e-03 3.922e-06 3.922e-06 3.922e-03 -5.882e-05 3.663e-06 1.961e-02
43.696781 -4.585e+00 -5.176e-01 2.513e-03 3.922e-06 3.922e-06 3.922e-03 -5.882e-05 3.663e-06 1.961e-02
43.706783 -4.575e+00 -4.639e-01 2.606e-03 3.922e-06 3.922e-06 3.922e-03 -5.882e-05 3.663e-06 1.961e-02
43.716782 -4.556e+00 -4.199e-01 2.682e-03 3.922e-06 3.922e-06 3.922e-03 -5.882e-05 3.663e-06 1.961e-02
43.726784 -4.517e+00 -3.516e-01 2.732e-03 3.922e-06 3.922e-06 3.922e-03 -5.882e-05 3.663e-06 1.961e-02
43.736782 -4.473e+00 -2.832e-01 2.773e-03 3.922e-06 3.922e-06 3.922e-03 -5.882e-05 3.663e-06 1.961e-02
43.746780 -4.414e+00 -2.100e-01 2.808e-03 3.922e-06 3.922e-06 3.922e-03 -5.882e-05 3.663e-06 1.961e-02
43.756783 -4.336e+00 -1.416e-01 2.840e-03 3.922e-06 3.922e-06 3.922e-03 -5.882e-05 3.663e-06 1.961e-02
43.766781 -4.258e+00 -8.301e-02 2.863e-03 3.922e-06 3.922e-06 3.922e-03 -5.882e-05 3.663e-06 1.961e-02
43.776783 -4.160e+00 -4.883e-03 2.863e-03 3.922e-06 3.922e-06 3.922e-03 -5.882e-05 3.663e-06 1.961e-02
43.786781 -4.077e+00 6.836e-02 2.849e-03 3.922e-06 3.922e-06 3.922e-03 -5.882e-05 3.663e-06 1.961e-02
43.796783 -3.960e+00 1.416e-01 2.834e-03 3.922e-06 3.922e-06 3.922e-03 -5.882e-05 3.663e-06 1.961e-02
43.806782 -3.848e+00 2.197e-01 2.796e-03 3.922e-06 3.922e-06 3.922e-03 -5.882e-05 3.663e-06 1.961e-02
43.816780 -3.716e+00 2.734e-01 2.767e-03 3.922e-06 3.922e-06 3.922e-03 -5.882e-05 3.663e-06 1.961e-02
43.826782 -3.584e+00 3.564e-01 2.711e-03 3.922e-06 3.922e-06 3.922e-03 -5.882e-05 3.663e-06 1.961e-02
43.836784 -3.457e+00 4.150e-01 2.641e-03 3.922e-06 3.922e-06 3.922e-03 -5.882e-05 3.663e-06 1.961e-02
43.846783 -3.315e+00 4.834e-01 2.563e-03 3.922e-06 3.922e-06 3.922e-03 -5.882e-05 3.663e-06 1.961e-02
43.856781 -3.154e+00 5.518e-01 2.478e-03 3.922e-06 3.922e-06 3.922e-03 -5.882e-05 3.663e-06 1.961e-02
43.866783 -3.032e+00 6.006e-01 2.384e-03 3.922e-06 3.922e-06 3.922e-03 -5.882e-05 3.663e-06 1.961e-02
43.876781 -2.876e+00 6.494e-01 2.294e-03 3.922e-06 3.922e-06 3.922e-03 -5.882e-05 3.663e-06 1.961e-02
43.886784 -2.720e+00 7.031e-01 2.174e-03 3.922e-06 3.922e-06 3.922e-03 -5.882e-05 3.663e-06 1.961e-02
43.896782 -2.583e+00 7.471e-01 2.058e-03 3.922e-06 3.922e-06 3.922e-03 -5.882e-05 3.663e-06 1.961e-02
43.906784 -2.422e+00 7.910e-01 1.935e-03 3.922e-06 3.922e-06 3.922e-03 -5.882e-05 3.663e-06 1.961e-02
43.916782 -2.285e+00 8.154e-01 1.804e-03 3.922e-06 3.922e-06 3.922e-03 -5.882e-05 3.663e-06 1.961e-02
43.926785 -2.144e+00 8.643e-01 1.661e-03 3.922e-06 3.922e-06 3.922e-03 -5.882e-05 3.663e-06 1.961e-02
43.936783 -2.012e+00 8.691e-01 1.529e-03 3.922e-06 3.922e-06 3.922e-03 -5.882e-05 3.663e-06 1.961e-02
43.946781 -1.890e+00 8.887e-01 1.383e-03 3.922e-06 3.922e-06 3.922e-03 -5.882e-05 3.663e-06 1.961e-02
43.956783 -1.758e+00 8.984e-01 1.246e-03 3.922e-06 3.922e-06 3.922e-03 -5.882e-05 3.663e-06 1.961e-02
43.966782 -1.660e+00 9.033e-01 1.100e-03 3.922e-06 3.922e-06 3.922e-03 -5.882e-05 3.663e-06 1.961e-02
43.976784 -1.533e+00 9.033e-01 9.631e-04 3.922e-06 3.922e-06 3.922e-03 -5.882e-05 3.663e-06 1.961e-02
43.986782 -1.426e+00 8.936e-01 8.114e-04 3.922e-06 3.922e-06 3.922e-03 -5.882e-05 3.663e-06 1.961e-02
43.996784 -1.309e+00 8.838e-01 6.742e-04 3.922e-06 3.922e-06 3.922e-03 -5.882e-05 3.663e-06 1.961e-02
44.006783 -1.182e+00 8.691e-01 5.341e-04 3.922e-06 3.922e-06 3.922e-03 -5.882e-05 3.663e-06 1.961e-02
44.016781 -1.069e+00 8.496e-01 3.853e-04 3.922e-06 3.922e-06 3.922e-03 -5.882e-05 3.663e-06 1.961e-02
44.026783 -9.326e-01 8.203e-01 2.656e-04 3.922e-06 3.922e-06 3.922e-03 -5.882e-05 3.663e-06 1.961e-02
44.036781 -8.057e-01 7.812e-01 1.459e-04 3.922e-06 3.922e-06 3.922e-03 -5.882e-05 3.663e-06 1.961e-02
44.046783 -6.787e-01 7.422e-01 3.210e-05 3.922e-06 3.922e-06 3.922e-03 -5.882e-05 3.663e-06 1.961e-02
44.056782 -5.322e-01 7.031e-01 -7.296e-05 3.922e-06 3.922e-06 3.922e-03 -5.882e-05 3.663e-06 1.961e-02
44.066784 -4.150e-01 6.445e-01 -1.664e-04 3.922e-06 3.922e-06 3.922e-03 -5.882e-05 3.663e-06 1.961e-02
44.076782 -2.881e-01 6.250e-01 -2.743e-04 3.922e-06 3.922e-06 3.922e-03 -5.882e-05 3.663e-06 1.961e-02
44.086781 -1.904e-01 5.811e-01 -3.707e-04 3.922e-06 3.922e-06 3.922e-03 -5.882e-05 3.663e-06 1.961e-02
44.096783 -6.836e-02 5.420e-01 -4.495e-04 3.922e-06 3.922e-06 3.922e-03 -5.882e-05 3.663e-06 1.961e-02
44.106781 3.906e-02 4.980e-01 -5.312e-04 3.922e-06 3.922e-06 3.922e-03 -5.882e-05 3.663e-06 1.961e-02
44.116783 1.318e-01 4.492e-01 -6.041e-04 3.922e-06 3.922e-06 3.922e-03 -5.882e-05 3.663e-06 1.961e-02
44.126781 2.393e-01 4.053e-01 -6.538e-04 3.922e-06 3.922e-06 3.922e-03 -5.882e-05 3.663e-06 1.961e-02
44.136784 3.320e-01 3.467e-01 -7.034e-04 3.922e-06 3.922e-06 3.922e-03 -5.882e-05 3.663e-06 1.961e-02
44.146782 4.297e-01 3.027e-01 -7.472e-04 3.922e-06 3.922e-06 3.922e-03 -5.882e-05 3.663e-06 1.961e-02
44.156784 5.225e-01 2.588e-01 -7.793e-04 3.922e-06 3.922e-06 3.922e-03 -5.882e-05 3.663e-06 1.961e-02
44.166782 5.762e-01 2.148e-01 -8.172e-04 3.922e-06 3.922e-06 3.922e-03 -5.882e-05 3.663e-06 1.961e-02
44.176781 6.592e-01 1.758e-01 -8.318e-04 3.922e-06 3.922e-06 3.922e-03 -5.882e-05 3.663e-06 1.961e-02
44.186783 7.227e-01 1.416e-01 -8.522e-04 3.922e-06 3.922e-06 3.922e-03 -5.882e-05 3.663e-06 1.961e-02
44.196781 7.764e-01 1.074e-01 -8.727e-04 3.922e-06 3.922e-06 3.922e-03 -5.882e-05 3.663e-06 1.961e-02
44.206783 8.301e-01 7.324e-02 -8.727e-04 3.922e-06 3.922e-06 3.922e-03 -5.882e-05 3.663e-06 1.961e-02
44.216782 8.740e-01 1.953e-02 -8.639e-04 3.922e-06 3.922e-06 3.922e-03 -5.882e-05 3.663e-06 1.961e-02
44.226784 9.277e-01 4.883e-03 -8.610e-04 3.922e-06 3.922e-06 3.922e-03 -5.882e-05 3.663e-06 1.961e-02
44.236782 9.619e-01 -3.418e-02 -8.551e-04 3.922e-06 3.922e-06 3.922e-03 -5.882e-05 3.663e-06 1.961e-02
44.246780 9.961e-01 -5.859e-02 -8.376e-04 3.922e-06 3.922e-06 3.922e-03 -5.882e-05 3.663e-06 1.961e-02
44.256783 1.030e+00 -6.836e-02 -8.230e-04 3.922e-06 3.922e-06 3.922e-03 -5.882e-05 3.663e-06 1.961e-02
44.266781 1.050e+00 -9.277e-02 -8.085e-04 3.922e-06 3.922e-06 3.922e-03 -5.882e-05 3.663e-06 1.961e-02
44.276783 1.079e+00 -1.123e-01 -7.793e-04 3.922e-06 3.922e-06 3.922e-03 -5.882e-05 3.663e-06 1.961e-02
44.286781 1.094e+00 -1.318e-01 -7.501e-04 3.922e-06 3.922e-06 3.922e-03 -5.882e-05 3.663e-06 1.961e-02
44.296783 1.113e+00 -1.221e-01 -7.326e-04 3.922e-06 3.922e-06 3.922e-03 -5.882e-05 3.663e-06 1.961e-02
44.306782 1.133e+00 -1.465e-01 -6.946e-04 3.922e-06 3.922e-06 3.922e-03 -5.882e-05 3.663e-06 1.961e-02
44.316784 1.143e+00 -1.611e-01 -6.567e-04 3.922e-06 3.922e-06 3.922e-03 -5.882e-05 3.663e-06 1.961e-02
44.326782 1.182e+00 -1.562e-01 -6.304e-04 3.922e-06 3.922e-06 3.922e-03 -5.882e-05 3.663e-06 1.961e-02
44.336781 1.182e+00 -1.709e-01 -5.925e-04 3.922e-06 3.922e-06 3.922e-03 -5.882e-05 3.663e-06 1.961e-02
44.346783 1.191e+00 -1.611e-01 -5.662e-04 3.922e-06 3.922e-06 3.922e-03 -5.882e-05 3.663e-06 1.961e-02
44.356781 1.221e+00 -1.611e-01 -5.253e-04 3.922e-06 3.922e-06 3.922e-03 -5.882e-05 3.663e-06 1.961e-02
44.366783 1.240e+00 -1.660e-01 -4.874e-04 3.922e-06 3.922e-06 3.922e-03 -5.882e-05 3.663e-06 1.961e-02
44.376781 1.265e+00 -1.367e-01 -4.728e-04 3.922e-06 3.922e-06 3.922e-03 -5.882e-05 3.663e-06 1.961e-02
44.386780 1.289e+00 -1.318e-01 -4.436e-04 3.922e-06 3.922e-06 3.922e-03 -5.882e-05 3.663e-06 1.961e-02
44.396782 1.333e+00 -1.123e-01 -4.203e-04 3.922e-06 3.922e-06 3.922e-03 -5.882e-05 3.663e-06 1.961e-02
44.406784 1.382e+00 -1.025e-01 -3.940e-04 3.922e-06 3.922e-06 3.922e-03 -5.882e-05 3.663e-06 1.961e-02
44.416782 1.426e+00 -9.277e-02 -3.677e-04 3.922e-06 3.922e-06 3.922e-03 -5.882e-05 3.663e-06 1.961e-02
44.426781 1.484e+00 -7.324e-02 -3.444e-04 3.922e-06 3.922e-06 3.922e-03 -5.882e-05 3.663e-06 1.961e-02
44.436783 1.548e+00 -5.371e-02 -3.386e-04 3.922e-06 3.922e-06 3.922e-03 -5.882e-05 3.663e-06 1.961e-02
44.446781 1.621e+00 -2.930e-02 -3.298e-04 3.922e-06 3.922e-06 3.922e-03 -5.882e-05 3.663e-06 1.961e-02
44.456783 1.704e+00 4.883e-03 -3.269e-04 3.922e-06 3.922e-06 3.922e-03 -5.882e-05 3.663e-06 1.961e-02
44.466782 1.797e+00 2.930e-02 -3.269e-04 3.922e-06 3.922e-06 3.922e-03 -5.882e-05 3.663e-06 1.961e-02
44.476784 1.914e+00 6.836e-02 -3.356e-04 3.922e-06 3.922e-06 3.922e-03 -5.882e-05 3.663e-06 1.961e-02
44.486782 2.031e+00 9.766e-02 -3.473e-04 3.922e-06 3.922e-06 3.922e-03 -5.882e-05 3.663e-06 1.961e-02
44.496780 2.144e+00 1.318e-01 -3.590e-04 3.922e-06 3.922e-06 3.922e-03 -5.882e-05 3.663e-06 1.961e-02
44.506783 2.256e+00 1.611e-01 -3.736e-04 3.922e-06 3.922e-06 3.922e-03 -5.882e-05 3.663e-06 1.961e-02
44.516781 2.373e+00 1.855e-01 -3.969e-04 3.922e-06 3.922e-06 3.922e-03 -5.882e-05 3.663e-06 1.961e-02
44.526783 2.480e+00 2.295e-01 -4.290e-04 3.922e-06 3.922e-06 3.922e-03 -5.882e-05 3.663e-06 1.961e-02
44.536781 2.563e+00 2.588e-01 -4.670e-04 3.922e-06 3.922e-06 3.922e-03 -5.882e-05 3.663e-06 1.961e-02
44.546783 2.676e+00 2.930e-01 -5.049e-04 3.922e-06 3.922e-06 3.922e-03 -5.882e-05 3.663e-06 1.961e-02
44.556782 2.778e+00 3.320e-01 -5.545e-04 3.922e-06 3.922e-06 3.922e-03 -5.882e-05 3.663e-06 1.961e-02
44.566784 2.866e+00 3.564e-01 -6.041e-04 3.922e-06 3.922e-06 3.922e-03 -5.882e-05 3.663e-06 1.961e-02
44.576782 2.998e+00 3.955e-01 -6.713e-04 3.922e-06 3.922e-06 3.922e-03 -5.882e-05 3.663e-06 1.961e-02
44.586781 3.096e+00 4.199e-01 -7.267e-04 3.922e-06 3.922e-06 3.922e-03 -5.882e-05 3.663e-06 1.961e-02
44.596783 3.193e+00 4.443e-01 -8.026e-04 3.922e-06 3.922e-06 3.922e-03 -5.882e-05 3.663e-06 1.961e-02
44.606781 3.286e+00 4.736e-01 -8.756e-04 3.922e-06 3.922e-06 3.922e-03 -5.882e-05 3.663e-06 1.961e-02
44.616783 3.394e+00 4.785e-01 -9.427e-04 3.922e-06 3.922e-06 3.922e-03 -5.882e-05 3.663e-06 1.961e-02
44.626781 3.491e+00 5.127e-01 -1.027e-03 3.922e-06 3.922e-06 3.922e-03 -5.882e-05 3.663e-06 1.961e-02
44.636784 3.564e+00 5.225e-01 -1.097e-03 3.922e-06 3.922e-06 3.922e-03 -5.882e-05 3.663e-06 1.961e-02
44.646782 3.647e+00 5.322e-01 -1.179e-03 3.922e-06 3.922e-06 3.922e-03 -5.882e-05 3.663e-06 1.961e-02
44.656784 3.735e+00 5.566e-01 -1.270e-03 3.922e-06 3.922e-06 3.922e-03 -5.882e-05 3.663e-06 1.961e-02
44.666782 3.804e+00 5.469e-01 -1.354e-03 3.922e-06 3.922e-06 3.922e-03 -5.882e-05 3.663e-06 1.961e-02
44.676781 3.882e+00 5.469e-01 -1.427e-03 3.922e-06 3.922e-06 3.922e-03 -5.882e-05 3.663e-06 1.961e-02
44.686783 3.940e+00 5.420e-01 -1.515e-03 3.922e-06 3.922e-06 3.922e-03 -5.882e-05 3.663e-06 1.961e-02
44.696781 4.009e+00 5.420e-01 -1.596e-03 3.922e-06 3.922e-06 3.922e-03 -5.882e-05 3.663e-06 1.961e-02
44.706783 4.058e+00 5.273e-01 -1.675e-03 3.922e-06 3.922e-06 3.922e-03 -5.882e-05 3.663e-06 1.961e-02
44.716782 4.102e+00 5.176e-01 -1.763e-03 3.922e-06 3.922e-06 3.922e-03 -5.882e-05 3.663e-06 1.961e-02
44.726784 4.146e+00 5.029e-01 -1.827e-03 3.922e-06 3.922e-06 3.922e-03 -5.882e-05 3.663e-06 1.961e-02
44.736782 4.175e+00 4.834e-01 -1.903e-03 3.922e-06 3.922e-06 3.922e-03 -5.882e-05 3.663e-06 1.961e-02
44.746784 4.199e+00 4.541e-01 -1.970e-03 3.922e-06 3.922e-06 3.922e-03 -5.882e-05 3.663e-06 1.961e-02
44.756783 4.219e+00 4.395e-01 -2.037e-03 3.922e-06 3.922e-06 3.922e-03 -5.882e-05 3.663e-06 1.961e-02
44.766785 4.219e+00 4.004e-01 -2.093e-03 3.922e-06 3.922e-06 3.922e-03 -5.882e-05 3.663e-06 1.961e-02
44.776783 4.224e+00 3.809e-01 -2.157e-03 3.922e-06 3.922e-06 3.922e-03 -5.882e-05 3.663e-06 1.961e-02
44.786781 4.214e+00 3.320e-01 -2.201e-03 3.922e-06 3.922e-06 3.922e-03 -5.882e-05 3.663e-06 1.961e-02
44.796780 4.204e+00 2.979e-01 -2.241e-03 3.922e-06 3.922e-06 3.922e-03 -5.882e-05 3.663e-06 1.961e-02
44.806782 4.194e+00 2.588e-01 -2.274e-03 3.922e-06 3.922e-06 3.922e-03 -5.882e-05 3.663e-06 1.961e-02
44.816784 4.141e+00 2.197e-01 -2.312e-03 3.922e-06 3.922e-06 3.922e-03 -5.882e-05 3.663e-06 1.961e-02
44.826782 4.111e+00 1.758e-01 -2.332e-03 3.922e-06 3.922e-06 3.922e-03 -5.882e-05 3.663e-06 1.961e-02
44.836781 4.058e+00 1.318e-01 -2.352e-03 3.922e-06 3.922e-06 3.922e-03 -5.882e-05 3.663e-06 1.961e-02
44.846783 4.009e+00 8.789e-02 -2.361e-03 3.922e-06 3.922e-06 3.922e-03 -5.882e-05 3.663e-06 1.961e-02
44.856781 3.945e+00 5.859e-02 -2.370e-03 3.922e-06 3.922e-06 3.922e-03 -5.882e-05 3.663e-06 1.961e-02
44.866783 3.882e+00 4.883e-03 -2.361e-03 3.922e-06 3.922e-06 3.922e-03 -5.882e-05 3.663e-06 1.961e-02
44.876781 3.833e+00 -3.906e-02 -2.344e-03 3.922e-06 3.922e-06 3.922e-03 -5.882e-05 3.663e-06 1.961e-02
44.886780 3.750e+00 -9.277e-02 -2.320e-03 3.922e-06 3.922e-06 3.922e-03 -5.882e-05 3.663e-06 1.961e-02
44.896782 3.672e+00 -1.318e-01 -2.300e-03 3.922e-06 3.922e-06 3.922e-03 -5.882e-05 3.663e-06 1.961e-02
44.906784 3.594e+00 -1.758e-01 -2.262e-03 3.922e-06 3.922e-06 3.922e-03 -5.882e-05 3.663e-06 1.961e-02
44.916782 3.506e+00 -2.344e-01 -2.212e-03 3.922e-06 3.922e-06 3.922e-03 -5.882e-05 3.663e-06 1.961e-02
44.926785 3.418e+00 -2.441e-01 -2.177e-03 3.922e-06 3.922e-06 3.922e-03 -5.882e-05 3.663e-06 1.961e-02
44.936783 3.320e+00 -2.979e-01 -2.119e-03 3.922e-06 3.922e-06 3.922e-03 -5.882e-05 3.663e-06 1.961e-02
44.946781 3.223e+00 -3.467e-01 -2.058e-03 3.922e-06 3.922e-06 3.922e-03 -5.882e-05 3.663e-06 1.961e-02
44.956783 3.149e+00 -3.564e-01 -2.005e-03 3.922e-06 3.922e-06 3.922e-03 -5.882e-05 3.663e-06 1.961e-02
44.966782 3.057e+00 -3.955e-01 -1.935e-03 3.922e-06 3.922e-06 3.922e-03 -5.882e-05 3.663e-06 1.961e-02
44.976784 2.964e+00 -4.150e-01 -1.859e-03 3.922e-06 3.922e-06 3.922e-03 -5.882e-05 3.663e-06 1.961e-02
44.986782 2.886e+00 -4.541e-01 -1.772e-03 3.922e-06 3.922e-06 3.922e-03 -5.882e-05 3.663e-06 1.961e-02
44.996784 2.783e+00 -4.736e-01 -1.696e-03 3.922e-06 3.922e-06 3.922e-03 -5.882e-05 3.663e-06 1.961e-02
45.006783 2.686e+00 -4.883e-01 -1.605e-03 3.922e-06 3.922e-06 3.922e-03 -5.882e-05 3.663e-06 1.961e-02
45.016785 2.598e+00 -4.980e-01 -1.532e-03 3.922e-06 3.922e-06 3.922e-03 -5.882e-05 3.663e-06 1.961e-02
45.026779 2.529e+00 -5.029e-01 -1.448e-03 3.922e-06 3.922e-06 3.922e-03 -5.882e-05 3.663e-06 1.961e-02
45.036781 2.441e+00 -5.176e-01 -1.348e-03 3.922e-06 3.922e-06 3.922e-03 -5.882e-05 3.663e-06 1.961e-02
45.046780 2.378e+00 -5.078e-01 -1.264e-03 3.922e-06 3.922e-06 3.922e-03 -5.882e-05 3.663e-06 1.961e-02
45.056782 2.314e+00 -5.078e-01 -1.173e-03 3.922e-06 3.922e-06 3.922e-03 -5.882e-05 3.663e-06 1.961e-02
45.066784 2.256e+00 -5.176e-01 -1.080e-03 3.922e-06 3.922e-06 3.922e-03 -5.882e-05 3.663e-06 1.961e-02
45.076782 2.207e+00 -4.980e-01 -9.952e-04 3.922e-06 3.922e-06 3.922e-03 -5.882e-05 3.663e-06 1.961e-02
45.086781 2.168e+00 -4.980e-01 -9.018e-04 3.922e-06 3.922e-06 3.922e-03 -5.882e-05 3.663e-06 1.961e-02
45.096783 2.129e+00 -4.785e-01 -8.230e-04 3.922e-06 3.922e-06 3.922e-03 -5.882e-05 3.663e-06 1.961e-02
45.106781 2.100e+00 -4.541e-01 -7.413e-04 3.922e-06 3.922e-06 3.922e-03 -5.882e-05 3.663e-06 1.961e-02
45.116783 2.056e+00 -4.297e-01 -6.742e-04 3.922e-06 3.922e-06 3.922e-03 -5.882e-05 3.663e-06 1.961e-02
45.126781 2.061e+00 -3.906e-01 -6.041e-04 3.922e-06 3.922e-06 3.922e-03 -5.882e-05 3.663e-06 1.961e-02
45.136784 2.051e+00 -3.564e-01 -5.458e-04 3.922e-06 3.922e-06 3.922e-03 -5.882e-05 3.663e-06 1.961e-02
45.146782 2.056e+00 -3.271e-01 -4.786e-04 3.922e-06 3.922e-06 3.922e-03 -5.882e-05 3.663e-06 1.961e-02
45.156784 2.070e+00 -2.979e-01 -4.174e-04 3.922e-06 3.922e-06 3.922e-03 -5.882e-05 3.663e-06 1.961e-02
45.166782 2.075e+00 -2.539e-01 -3.794e-04 3.922e-06 3.922e-06 3.922e-03 -5.882e-05 3.663e-06 1.961e-02
45.176781 2.119e+00 -2.197e-01 -3.356e-04 3.922e-06 3.922e-06 3.922e-03 -5.882e-05 3.663e-06 1.961e-02
45.186783 2.148e+00 -1.709e-01 -3.065e-04 3.922e-06 3.922e-06 3.922e-03 -5.882e-05 3.663e-06 1.961e-02
45.196781 2.192e+00 -1.221e-01 -2.802e-04 3.922e-06 3.922e-06 3.922e-03 -5.882e-05 3.663e-06 1.961e-02
45.206783 2.241e+00 -7.812e-02 -2.568e-04 3.922e-06 3.922e-06 3.922e-03 -5.882e-05 3.663e-06 1.961e-02
45.216782 2.285e+00 -2.441e-02 -2.598e-04 3.922e-06 3.922e-06 3.922e-03 -5.882e-05 3.663e-06 1.961e-02
45.226784 2.354e+00 2.930e-02 -2.568e-04 3.922e-06 3.922e-06 3.922e-03 -5.882e-05 3.663e-06 1.961e-02
45.236782 2.432e+00 7.324e-02 -2.568e-04 3.922e-06 3.922e-06 3.922e-03 -5.882e-05 3.663e-06 1.961e-02
45.246780 2.510e+00 1.318e-01 -2.802e-04 3.922e-06 3.922e-06 3.922e-03 -5.882e-05 3.663e-06 1.961e-02
45.256783 2.598e+00 1.807e-01 -3.006e-04 3.922e-06 3.922e-06 3.922e-03 -5.882e-05 3.663e-06 1.961e-02
45.266781 2.681e+00 2.197e-01 -3.240e-04 3.922e-06 3.922e-06 3.922e-03 -5.882e-05 3.663e-06 1.961e-02
45.276783 2.783e+00 2.539e-01 -3.473e-04 3.922e-06 3.922e-06 3.922e-03 -5.882e-05 3.663e-06 1.961e-02
45.286781 2.871e+00 3.027e-01 -4.028e-04 3.922e-06 3.922e-06 3.922e-03 -5.882e-05 3.663e-06 1.961e-02
45.296783 2.974e+00 3.467e-01 -4.553e-04 3.922e-06 3.922e-06 3.922e-03 -5.882e-05 3.663e-06 1.961e-02
45.306782 3.076e+00 3.955e-01 -5.195e-04 3.922e-06 3.922e-06 3.922e-03 -5.882e-05 3.663e-06 1.961e-02
45.316784 3.174e+00 4.297e-01 -5.925e-04 3.922e-06 3.922e-06 3.922e-03 -5.882e-05 3.663e-06 1.961e-02
45.326782 3.281e+00 4.834e-01 -6.654e-04 3.922e-06 3.922e-06 3.922e-03 -5.882e-05 3.663e-06 1.961e-02
45.336784 3.369e+00 5.029e-01 -7.355e-04 3.922e-06 3.922e-06 3.922e-03 -5.882e-05 3.663e-06 1.961e-02
45.346783 3.472e+00 5.420e-01 -8.260e-04 3.922e-06 3.922e-06 3.922e-03 -5.882e-05 3.663e-06 1.961e-02
45.356781 3.584e+00 5.615e-01 -8.989e-04 3.922e-06 3.922e-06 3.922e-03 -5.882e-05 3.663e-06 1.961e-02
45.366783 3.677e+00 5.811e-01 -9.923e-04 3.922e-06 3.922e-06 3.922e-03 -5.882e-05 3.663e-06 1.961e-02
45.376781 3.784e+00 6.104e-01 -1.094e-03 3.922e-06 3.922e-06 3.922e-03 -5.882e-05 3.663e-06 1.961e-02
45.386784 3.857e+00 6.104e-01 -1.179e-03 3.922e-06 3.922e-06 3.922e-03 -5.882e-05 3.663e-06 1.961e-02
45.396782 3.950e+00 6.152e-01 -1.275e-03 3.922e-06 3.922e-06 3.922e-03 -5.882e-05 3.663e-06 1.961e-02
45.406784 4.033e+00 6.348e-01 -1.380e-03 3.922e-06 3.922e-06 3.922e-03 -5.882e-05 3.663e-06 1.961e-02
45.416782 4.102e+00 6.348e-01 -1.480e-03 3.922e-06 3.922e-06 3.922e-03 -5.882e-05 3.663e-06 1.961e-02
45.426785 4.180e+00 6.445e-01 -1.591e-03 3.922e-06 3.922e-06 3.922e-03 -5.882e-05 3.663e-06 1.961e-02
45.436783 4.238e+00 6.299e-01 -1.678e-03 3.922e-06 3.922e-06 3.922e-03 -5.882e-05 3.663e-06 1.961e-02
45.446781 4.297e+00 6.348e-01 -1.789e-03 3.922e-06 3.922e-06 3.922e-03 -5.882e-05 3.663e-06 1.961e-02
45.456783 4.351e+00 6.055e-01 -1.871e-03 3.922e-06 3.922e-06 3.922e-03 -5.882e-05 3.663e-06 1.961e-02
45.466782 4.395e+00 5.811e-01 -1.958e-03 3.922e-06 3.922e-06 3.922e-03 -5.882e-05 3.663e-06 1.961e-02
45.476784 4.424e+00 5.615e-01 -2.040e-03 3.922e-06 3.922e-06 3.922e-03 -5.882e-05 3.663e-06 1.961e-02
45.486782 4.448e+00 5.273e-01 -2.125e-03 3.922e-06 3.922e-06 3.922e-03 -5.882e-05 3.663e-06 1.961e-02
45.496780 4.463e+00 4.883e-01 -2.198e-03 3.922e-06 3.922e-06 3.922e-03 -5.882e-05 3.663e-06 1.961e-02
45.506783 4.463e+00 4.590e-01 -2.268e-03 3.922e-06 3.922e-06 3.922e-03 -5.882e-05 3.663e-06 1.961e-02
45.516781 4.463e+00 4.102e-01 -2.320e-03 3.922e-06 3.922e-06 3.922e-03 -5.882e-05 3.663e-06 1.961e-02
45.526783 4.458e+00 3.809e-01 -2.387e-03 3.922e-06 3.922e-06 3.922e-03 -5.882e-05 3.663e-06 1.961e-02
45.536781 4.424e+00 3.369e-01 -2.440e-03 3.922e-06 3.922e-06 3.922e-03 -5.882e-05 3.663e-06 1.961e-02
45.546783 4.399e+00 2.930e-01 -2.487e-03 3.922e-06 3.922e-06 3.922e-03 -5.882e-05 3.663e-06 1.961e-02
45.556782 4.355e+00 2.441e-01 -2.525e-03 3.922e-06 3.922e-06 3.922e-03 -5.882e-05 3.663e-06 1.961e-02
45.566784 4.307e+00 1.855e-01 -2.542e-03 3.922e-06 3.922e-06 3.922e-03 -5.882e-05 3.663e-06 1.961e-02
45.576782 4.243e+00 1.416e-01 -2.565e-03 3.922e-06 3.922e-06 3.922e-03 -5.882e-05 3.663e-06 1.961e-02
45.586784 4.185e+00 7.812e-02 -2.571e-03 3.922e-06 3.922e-06 3.922e-03 -5.882e-05 3.663e-06 1.961e-02
45.596783 4.106e+00 2.930e-02 -2.568e-03 3.922e-06 3.922e-06 3.922e-03 -5.882e-05 3.663e-06 1.961e-02
45.606781 4.033e+00 -2.441e-02 -2.563e-03 3.922e-06 3.922e-06 3.922e-03 -5.882e-05 3.663e-06 1.961e-02
45.616783 3.940e+00 -8.301e-02 -2.548e-03 3.922e-06 3.922e-06 3.922e-03 -5.882e-05 3.663e-06 1.961e-02
45.626781 3.862e+00 -1.318e-01 -2.519e-03 3.922e-06 3.922e-06 3.922e-03 -5.882e-05 3.663e-06 1.961e-02
45.636784 3.760e+00 -1.855e-01 -2.487e-03 3.922e-06 3.922e-06 3.922e-03 -5.882e-05 3.663e-06 1.961e-02
45.646782 3.667e+00 -2.295e-01 -2.449e-03 3.922e-06 3.922e-06 3.922e-03 -5.882e-05 3.663e-06 1.961e-02
45.656784 3.569e+00 -2.881e-01 -2.393e-03 3.922e-06 3.922e-06 3.922e-03 -5.882e-05 3.663e-06 1.961e-02
45.666782 3.447e+00 -3.369e-01 -2.338e-03 3.922e-06 3.922e-06 3.922e-03 -5.882e-05 3.663e-06 1.961e-02
45.676785 3.350e+00 -3.711e-01 -2.277e-03 3.922e-06 3.922e-06 3.922e-03 -5.882e-05 3.663e-06 1.961e-02
45.686783 3.228e+00 -4.248e-01 -2.189e-03 3.922e-06 3.922e-06 3.922e-03 -5.882e-05 3.663e-06 1.961e-02
45.696781 3.101e+00 -4.590e-01 -2.119e-03 3.922e-06 3.922e-06 3.922e-03 -5.882e-05 3.663e-06 1.961e-02
45.706779 3.003e+00 -4.834e-01 -2.040e-03 3.922e-06 3.922e-06 3.922e-03 -5.882e-05 3.663e-06 1.961e-02
45.716782 2.866e+00 -5.225e-01 -1.947e-03 3.922e-06 3.922e-06 3.922e-03 -5.882e-05 3.663e-06 1.961e-02
45.726784 2.773e+00 -5.469e-01 -1.862e-03 3.922e-06 3.922e-06 3.922e-03 -5.882e-05 3.663e-06 1.961e-02
45.736782 2.671e+00 -5.859e-01 -1.748e-03 3.922e-06 3.922e-06 3.922e-03 -5.882e-05 3.663e-06 1.961e-02
45.746784 2.568e+00 -6.055e-01 -1.649e-03 3.922e-06 3.922e-06 3.922e-03 -5.882e-05 3.663e-06 1.961e-02
45.756783 2.456e+00 -6.201e-01 -1.538e-03 3.922e-06 3.922e-06 3.922e-03 -5.882e-05 3.663e-06 1.961e-02
45.766781 2.373e+00 -6.299e-01 -1.439e-03 3.922e-06 3.922e-06 3.922e-03 -5.882e-05 3.663e-06 1.961e-02
45.776783 2.285e+00 -6.396e-01 -1.316e-03 3.922e-06 3.922e-06 3.922e-03 -5.882e-05 3.663e-06 1.961e-02
45.786781 2.183e+00 -6.348e-01 -1.214e-03 3.922e-06 3.922e-06 3.922e-03 -5.882e-05 3.663e-06 1.961e-02
45.796783 2.114e+00 -6.299e-01 -1.109e-03 3.922e-06 3.922e-06 3.922e-03 -5.882e-05 3.663e-06 1.961e-02
45.806782 2.041e+00 -6.104e-01 -1.010e-03 3.922e-06 3.922e-06 3.922e-03 -5.882e-05 3.663e-06 1.961e-02
45.816784 1.973e+00 -6.006e-01 -9.106e-04 3.922e-06 3.922e-06 3.922e-03 -5.882e-05 3.663e-06 1.961e-02
45.826782 1.943e+00 -5.859e-01 -8.026e-04 3.922e-06 3.922e-06 3.922e-03 -5.882e-05 3.663e-06 1.961e-02
45.836784 1.890e+00 -5.762e-01 -6.946e-04 3.922e-06 3.922e-06 3.922e-03 -5.882e-05 3.663e-06 1.961e-02
45.846783 1.870e+00 -5.566e-01 -5.925e-04 3.922e-06 3.922e-06 3.922e-03 -5.882e-05 3.663e-06 1.961e-02
45.856781 1.836e+00 -5.225e-01 -5.049e-04 3.922e-06 3.922e-06 3.922e-03 -5.882e-05 3.663e-06 1.961e-02
45.866783 1.812e+00 -4.834e-01 -4.290e-04 3.922e-06 3.922e-06 3.922e-03 -5.882e-05 3.663e-06 1.961e-02
45.876781 1.807e+00 -4.395e-01 -3.415e-04 3.922e-06 3.922e-06 3.922e-03 -5.882e-05 3.663e-06 1.961e-02
45.886780 1.787e+00 -4.004e-01 -2.802e-04 3.922e-06 3.922e-06 3.922e-03 -5.882e-05 3.663e-06 1.961e-02
45.896782 1.787e+00 -3.418e-01 -2.277e-04 3.922e-06 3.922e-06 3.922e-03 -5.882e-05 3.663e-06 1.961e-02
45.906784 1.826e+00 -3.125e-01 -1.576e-04 3.922e-06 3.922e-06 3.922e-03 -5.882e-05 3.663e-06 1.961e-02
45.916782 1.855e+00 -2.637e-01 -1.109e-04 3.922e-06 3.922e-06 3.922e-03 -5.882e-05 3.663e-06 1.961e-02
45.926785 1.914e+00 -2.002e-01 -7.588e-05 3.922e-06 3.922e-06 3.922e-03 -5.882e-05 3.663e-06 1.961e-02
45.936783 1.963e+00 -1.465e-01 -4.378e-05 3.922e-06 3.922e-06 3.922e-03 -5.882e-05 3.663e-06 1.961e-02
45.946781 2.031e+00 -8.789e-02 -2.627e-05 3.922e-06 3.922e-06 3.922e-03 -5.882e-05 3.663e-06 1.961e-02
45.956783 2.109e+00 -3.418e-02 -8.756e-06 3.922e-06 3.922e-06 3.922e-03 -5.882e-05 3.663e-06 1.961e-02
45.966782 2.178e+00 2.441e-02 -1.167e-05 3.922e-06 3.922e-06 3.922e-03 -5.882e-05 3.663e-06 1.961e-02
45.976784 2.275e+00 9.766e-02 -2.919e-05 3.922e-06 3.922e-06 3.922e-03 -5.882e-05 3.663e-06 1.961e-02
45.986782 2.373e+00 1.465e-01 -4.670e-05 3.922e-06 3.922e-06 3.922e-03 -5.882e-05 3.663e-06 1.961e-02
45.996784 2.480e+00 2.100e-01 -7.588e-05 3.922e-06 3.922e-06 3.922e-03 -5.882e-05 3.663e-06 1.961e-02
46.006783 2.583e+00 2.637e-01 -1.080e-04 3.922e-06 3.922e-06 3.922e-03 -5.882e-05 3.663e-06 1.961e-02
46.016785 2.705e+00 3.076e-01 -1.459e-04 3.922e-06 3.922e-06 3.922e-03 -5.882e-05 3.663e-06 1.961e-02
46.026783 2.817e+00 3.613e-01 -1.955e-04 3.922e-06 3.922e-06 3.922e-03 -5.882e-05 3.663e-06 1.961e-02
46.036781 2.930e+00 4.297e-01 -2.773e-04 3.922e-06 3.922e-06 3.922e-03 -5.882e-05 3.663e-06 1.961e-02
46.046780 3.047e+00 4.785e-01 -3.502e-04 3.922e-06 3.922e-06 3.922e-03 -5.882e-05 3.663e-06 1.961e-02
46.056782 3.169e+00 5.225e-01 -4.290e-04 3.922e-06 3.922e-06 3.922e-03 -5.882e-05 3.663e-06 1.961e-02
46.066784 3.291e+00 5.664e-01 -5.224e-04 3.922e-06 3.922e-06 3.922e-03 -5.882e-05 3.663e-06 1.961e-02
46.076782 3.428e+00 6.152e-01 -6.217e-04 3.922e-06 3.922e-06 3.922e-03 -5.882e-05 3.663e-06 1.961e-02
46.086784 3.555e+00 6.396e-01 -7.151e-04 3.922e-06 3.922e-06 3.922e-03 -5.882e-05 3.663e-06 1.961e-02
46.096783 3.672e+00 6.787e-01 -8.230e-04 3.922e-06 3.922e-06 3.922e-03 -5.882e-05 3.663e-06 1.961e-02
46.106781 3.799e+00 6.982e-01 -9.252e-04 3.922e-06 3.922e-06 3.922e-03 -5.882e-05 3.663e-06 1.961e-02
46.116783 3.906e+00 7.275e-01 -1.054e-03 3.922e-06 3.922e-06 3.922e-03 -5.882e-05 3.663e-06 1.961e-02
46.126781 4.023e+00 7.471e-01 -1.156e-03 3.922e-06 3.922e-06 3.922e-03 -5.882e-05 3.663e-06 1.961e-02
46.136780 4.111e+00 7.568e-01 -1.281e-03 3.922e-06 3.922e-06 3.922e-03 -5.882e-05 3.663e-06 1.961e-02
46.146782 4.214e+00 7.666e-01 -1.404e-03 3.922e-06 3.922e-06 3.922e-03 -5.882e-05 3.663e-06 1.961e-02
46.156784 4.316e+00 7.715e-01 -1.524e-03 3.922e-06 3.922e-06 3.922e-03 -5.882e-05 3.663e-06 1.961e-02
46.166782 4.395e+00 7.568e-01 -1.646e-03 3.922e-06 3.922e-06 3.922e-03 -5.882e-05 3.663e-06 1.961e-02
46.176781 4.468e+00 7.568e-01 -1.763e-03 3.922e-06 3.922e-06 3.922e-03 -5.882e-05 3.663e-06 1.961e-02
46.186783 4.536e+00 7.324e-01 -1.874e-03 3.922e-06 3.922e-06 3.922e-03 -5.882e-05 3.663e-06 1.961e-02
46.196781 4.614e+00 7.080e-01 -1.979e-03 3.922e-06 3.922e-06 3.922e-03 -5.882e-05 3.663e-06 1.961e-02
46.206783 4.648e+00 6.982e-01 -2.096e-03 3.922e-06 3.922e-06 3.922e-03 -5.882e-05 3.663e-06 1.961e-02
46.216782 4.668e+00 6.543e-01 -2.195e-03 3.922e-06 3.922e-06 3.922e-03 -5.882e-05 3.663e-06 1.961e-02
46.226784 4.717e+00 6.299e-01 -2.297e-03 3.922e-06 3.922e-06 3.922e-03 -5.882e-05 3.663e-06 1.961e-02
46.236782 4.727e+00 6.006e-01 -2.399e-03 3.922e-06 3.922e-06 3.922e-03 -5.882e-05 3.663e-06 1.961e-02
46.246784 4.731e+00 5.518e-01 -2.478e-03 3.922e-06 3.922e-06 3.922e-03 -5.882e-05 3.663e-06 1.961e-02
46.256783 4.727e+00 5.127e-01 -2.557e-03 3.922e-06 3.922e-06 3.922e-03 -5.882e-05 3.663e-06 1.961e-02
46.266781 4.707e+00 4.492e-01 -2.618e-03 3.922e-06 3.922e-06 3.922e-03 -5.882e-05 3.663e-06 1.961e-02
46.276783 4.697e+00 4.053e-01 -2.685e-03 3.922e-06 3.922e-06 3.922e-03 -5.882e-05 3.663e-06 1.961e-02
46.286781 4.653e+00 3.271e-01 -2.717e-03 3.922e-06 3.922e-06 3.922e-03 -5.882e-05 3.663e-06 1.961e-02
46.296783 4.595e+00 2.783e-01 -2.767e-03 3.922e-06 3.922e-06 3.922e-03 -5.882e-05 3.663e-06 1.961e-02
46.306782 4.531e+00 2.197e-01 -2.805e-03 3.922e-06 3.922e-06 3.922e-03 -5.882e-05 3.663e-06 1.961e-02
46.316780 4.453e+00 1.514e-01 -2.816e-03 3.922e-06 3.922e-06 3.922e-03 -5.882e-05 3.663e-06 1.961e-02
46.326782 4.380e+00 8.789e-02 -2.828e-03 3.922e-06 3.922e-06 3.922e-03 -5.882e-05 3.663e-06 1.961e-02
46.336781 4.282e+00 2.441e-02 -2.831e-03 3.922e-06 3.922e-06 3.922e-03 -5.882e-05 3.663e-06 1.961e-02
46.346783 4.199e+00 -3.418e-02 -2.825e-03 3.922e-06 3.922e-06 3.922e-03 -5.882e-05 3.663e-06 1.961e-02
46.356781 4.097e+00 -9.766e-02 -2.802e-03 3.922e-06 3.922e-06 3.922e-03 -5.882e-05 3.663e-06 1.961e-02
46.366783 3.984e+00 -1.709e-01 -2.767e-03 3.922e-06 3.922e-06 3.922e-03 -5.882e-05 3.663e-06 1.961e-02
46.376781 3.877e+00 -2.344e-01 -2.723e-03 3.922e-06 3.922e-06 3.922e-03 -5.882e-05 3.663e-06 1.961e-02
46.386784 3.745e+00 -3.027e-01 -2.671e-03 3.922e-06 3.922e-06 3.922e-03 -5.882e-05 3.663e-06 1.961e-02
46.396782 3.613e+00 -3.564e-01 -2.609e-03 3.922e-06 3.922e-06 3.922e-03 -5.882e-05 3.663e-06 1.961e-02
46.406780 3.486e+00 -4.199e-01 -2.530e-03 3.922e-06 3.922e-06 3.922e-03 -5.882e-05 3.663e-06 1.961e-02
46.416782 3.340e+00 -4.785e-01 -2.446e-03 3.922e-06 3.922e-06 3.922e-03 -5.882e-05 3.663e-06 1.961e-02
46.426781 3.213e+00 -5.176e-01 -2.370e-03 3.922e-06 3.922e-06 3.922e-03 -5.882e-05 3.663e-06 1.961e-02
46.436783 3.071e+00 -5.664e-01 -2.271e-03 3.922e-06 3.922e-06 3.922e-03 -5.882e-05 3.663e-06 1.961e-02
46.446781 2.939e+00 -6.055e-01 -2.171e-03 3.922e-06 3.922e-06 3.922e-03 -5.882e-05 3.663e-06 1.961e-02
46.456783 2.812e+00 -6.396e-01 -2.063e-03 3.922e-06 3.922e-06 3.922e-03 -5.882e-05 3.663e-06 1.961e-02
46.466782 2.686e+00 -6.934e-01 -1.935e-03 3.922e-06 3.922e-06 3.922e-03 -5.882e-05 3.663e-06 1.961e-02
46.476784 2.554e+00 -7.129e-01 -1.821e-03 3.922e-06 3.922e-06 3.922e-03 -5.882e-05 3.663e-06 1.961e-02
46.486782 2.417e+00 -7.324e-01 -1.699e-03 3.922e-06 3.922e-06 3.922e-03 -5.882e-05 3.663e-06 1.961e-02
46.496784 2.300e+00 -7.617e-01 -1.559e-03 3.922e-06 3.922e-06 3.922e-03 -5.882e-05 3.663e-06 1.961e-02
46.506783 2.178e+00 -7.715e-01 -1.436e-03 3.922e-06 3.922e-06 3.922e-03 -5.882e-05 3.663e-06 1.961e-02
46.516781 2.056e+00 -7.764e-01 -1.308e-03 3.922e-06 3.922e-06 3.922e-03 -5.882e-05 3.663e-06 1.961e-02
46.526783 1.973e+00 -7.812e-01 -1.162e-03 3.922e-06 3.922e-06 3.922e-03 -5.882e-05 3.663e-06 1.961e-02
46.536781 1.880e+00 -7.812e-01 -1.039e-03 3.922e-06 3.922e-06 3.922e-03 -5.882e-05 3.663e-06 1.961e-02
46.546783 1.792e+00 -7.666e-01 -9.164e-04 3.922e-06 3.922e-06 3.922e-03 -5.882e-05 3.663e-06 1.961e-02
46.556782 1.709e+00 -7.471e-01 -7.851e-04 3.922e-06 3.922e-06 3.922e-03 -5.882e-05 3.663e-06 1.961e-02
46.566784 1.611e+00 -7.324e-01 -6.596e-04 3.922e-06 3.922e-06 3.922e-03 -5.882e-05 3.663e-06 1.961e-02
46.576782 1.548e+00 -7.080e-01 -5.341e-04 3.922e-06 3.922e-06 3.922e-03 -5.882e-05 3.663e-06 1.961e-02
46.586781 1.436e+00 -6.787e-01 -4.232e-04 3.922e-06 3.922e-06 3.922e-03 -5.882e-05 3.663e-06 1.961e-02
46.596783 1.348e+00 -6.396e-01 -3.152e-04 3.922e-06 3.922e-06 3.922e-03 -5.882e-05 3.663e-06 1.961e-02
46.606781 1.270e+00 -6.055e-01 -2.072e-04 3.922e-06 3.922e-06 3.922e-03 -5.882e-05 3.663e-06 1.961e-02
46.616783 1.182e+00 -5.664e-01 -1.109e-04 3.922e-06 3.922e-06 3.922e-03 -5.882e-05 3.663e-06 1.961e-02
46.626781 1.123e+00 -5.176e-01 -2.919e-05 3.922e-06 3.922e-06 3.922e-03 -5.882e-05 3.663e-06 1.961e-02
46.636784 1.060e+00 -4.688e-01 4.670e-05 3.922e-06 3.922e-06 3.922e-03 -5.882e-05 3.663e-06 1.961e-02
46.646782 1.011e+00 -4.199e-01 1.197e-04 3.922e-06 3.922e-06 3.922e-03 -5.882e-05 3.663e-06 1.961e-02
46.656784 9.668e-01 -3.711e-01 1.868e-04 3.922e-06 3.922e-06 3.922e-03 -5.882e-05 3.663e-06 1.961e-02
46.666782 9.180e-01 -3.223e-01 2.364e-04 3.922e-06 3.922e-06 3.922e-03 -5.882e-05 3.663e-06 1.961e-02
46.676781 8.984e-01 -2.734e-01 3.006e-04 3.922e-06 3.922e-06 3.922e-03 -5.882e-05 3.663e-06 1.961e-02
46.686783 8.740e-01 -2.246e-01 3.386e-04 3.922e-06 3.922e-06 3.922e-03 -5.882e-05 3.663e-06 1.961e-02
46.696785 8.789e-01 -1.709e-01 3.736e-04 3.922e-06 3.922e-06 3.922e-03 -5.882e-05 3.663e-06 1.961e-02
46.706783 8.838e-01 -1.074e-01 3.882e-04 3.922e-06 3.922e-06 3.922e-03 -5.882e-05 3.663e-06 1.961e-02
46.716782 9.082e-01 -5.859e-02 4.028e-04 3.922e-06 3.922e-06 3.922e-03 -5.882e-05 3.663e-06 1.961e-02
46.726784 9.668e-01 -4.883e-03 4.028e-04 3.922e-06 3.922e-06 3.922e-03 -5.882e-05 3.663e-06 1.961e-02
46.736782 1.016e+00 4.883e-02 3.998e-04 3.922e-06 3.922e-06 3.922e-03 -5.882e-05 3.663e-06 1.961e-02
46.746784 1.104e+00 1.025e-01 3.940e-04 3.922e-06 3.922e-06 3.922e-03 -5.882e-05 3.663e-06 1.961e-02
46.756783 1.196e+00 1.611e-01 3.707e-04 3.922e-06 3.922e-06 3.922e-03 -5.882e-05 3.663e-06 1.961e-02
46.766781 1.309e+00 2.051e-01 3.415e-04 3.922e-06 3.922e-06 3.922e-03 -5.882e-05 3.663e-06 1.961e-02
46.776783 1.450e+00 2.637e-01 3.035e-04 3.922e-06 3.922e-06 3.922e-03 -5.882e-05 3.663e-06 1.961e-02
46.786785 1.602e+00 3.125e-01 2.568e-04 3.922e-06 3.922e-06 3.922e-03 -5.882e-05 3.663e-06 1.961e-02
46.796783 1.782e+00 3.662e-01 2.043e-04 3.922e-06 3.922e-06 3.922e-03 -5.882e-05 3.663e-06 1.961e-02
46.806782 1.978e+00 4.199e-01 1.343e-04 3.922e-06 3.922e-06 3.922e-03 -5.882e-05 3.663e-06 1.961e-02
46.816784 2.168e+00 4.688e-01 5.837e-05 3.922e-06 3.922e-06 3.922e-03 -5.882e-05 3.663e-06 1.961e-02
46.826782 2.378e+00 5.225e-01 -1.751e-05 3.922e-06 3.922e-06 3.922e-03 -5.882e-05 3.663e-06 1.961e-02
46.836781 2.568e+00 5.664e-01 -1.051e-04 3.922e-06 3.922e-06 3.922e-03 -5.882e-05 3.663e-06 1.961e-02
46.846783 2.754e+00 6.250e-01 -2.072e-04 3.922e-06 3.922e-06 3.922e-03 -5.882e-05 3.663e-06 1.961e-02
46.856781 2.959e+00 6.641e-01 -3.035e-04 3.922e-06 3.922e-06 3.922e-03 -5.882e-05 3.663e-06 1.961e-02
46.866783 3.110e+00 6.934e-01 -4.028e-04 3.922e-06 3.922e-06 3.922e-03 -5.882e-05 3.663e-06 1.961e-02
46.876781 3.296e+00 7.373e-01 -5.224e-04 3.922e-06 3.922e-06 3.922e-03 -5.882e-05 3.663e-06 1.961e-02
46.886780 3.428e+00 7.715e-01 -6.567e-04 3.922e-06 3.922e-06 3.922e-03 -5.882e-05 3.663e-06 1.961e-02
46.896782 3.604e+00 8.057e-01 -7.851e-04 3.922e-06 3.922e-06 3.922e-03 -5.882e-05 3.663e-06 1.961e-02
46.906780 3.760e+00 8.398e-01 -9.194e-04 3.922e-06 3.922e-06 3.922e-03 -5.882e-05 3.663e-06 1.961e-02
46.916782 3.901e+00 8.496e-01 -1.054e-03 3.922e-06 3.922e-06 3.922e-03 -5.882e-05 3.663e-06 1.961e-02
46.926781 4.048e+00 8.789e-01 -1.191e-03 3.922e-06 3.922e-06 3.922e-03 -5.882e-05 3.663e-06 1.961e-02
46.936783 4.175e+00 8.740e-01 -1.325e-03 3.922e-06 3.922e-06 3.922e-03 -5.882e-05 3.663e-06 1.961e-02
46.946781 4.307e+00 8.643e-01 -1.453e-03 3.922e-06 3.922e-06 3.922e-03 -5.882e-05 3.663e-06 1.961e-02
46.956779 4.409e+00 8.691e-01 -1.594e-03 3.922e-06 3.922e-06 3.922e-03 -5.882e-05 3.663e-06 1.961e-02
46.966782 4.497e+00 8.594e-01 -1.731e-03 3.922e-06 3.922e-06 3.922e-03 -5.882e-05 3.663e-06 1.961e-02
46.976784 4.600e+00 8.447e-01 -1.862e-03 3.922e-06 3.922e-06 3.922e-03 -5.882e-05 3.663e-06 1.961e-02
46.986782 4.673e+00 8.203e-01 -1.996e-03 3.922e-06 3.922e-06 3.922e-03 -5.882e-05 3.663e-06 1.961e-02
46.996784 4.712e+00 8.008e-01 -2.122e-03 3.922e-06 3.922e-06 3.922e-03 -5.882e-05 3.663e-06 1.961e-02
47.006783 4.785e+00 7.715e-01 -2.244e-03 3.922e-06 3.922e-06 3.922e-03 -5.882e-05 3.663e-06 1.961e-02
47.016781 4.819e+00 7.373e-01 -2.358e-03 3.922e-06 3.922e-06 3.922e-03 -5.882e-05 3.663e-06 1.961e-02
47.026783 4.883e+00 6.787e-01 -2.452e-03 3.922e-06 3.922e-06 3.922e-03 -5.882e-05 3.663e-06 1.961e-02
47.036781 4.883e+00 6.396e-01 -2.563e-03 3.922e-06 3.922e-06 3.922e-03 -5.882e-05 3.663e-06 1.961e-02
47.046783 4.893e+00 5.908e-01 -2.650e-03 3.922e-06 3.922e-06 3.922e-03 -5.882e-05 3.663e-06 1.961e-02
47.056782 4.878e+00 5.322e-01 -2.732e-03 3.922e-06 3.922e-06 3.922e-03 -5.882e-05 3.663e-06 1.961e-02
47.066784 4.854e+00 4.639e-01 -2.802e-03 3.922e-06 3.922e-06 3.922e-03 -5.882e-05 3.663e-06 1.961e-02
47.076782 4.814e+00 4.248e-01 -2.878e-03 3.922e-06 3.922e-06 3.922e-03 -5.882e-05 3.663e-06 1.961e-02
47.086784 4.751e+00 3.418e-01 -2.919e-03 3.922e-06 3.922e-06 3.922e-03 -5.882e-05 3.663e-06 1.961e-02
47.096783 4.702e+00 2.783e-01 -2.954e-03 3.922e-06 3.922e-06 3.922e-03 -5.882e-05 3.663e-06 1.961e-02
47.106781 4.629e+00 2.100e-01 -2.992e-03 3.922e-06 3.922e-06 3.922e-03 -5.882e-05 3.663e-06 1.961e-02
47.116783 4.536e+00 1.367e-01 -3.012e-03 3.922e-06 3.922e-06 3.922e-03 -5.882e-05 3.663e-06 1.961e-02
47.126781 4.482e+00 4.883e-02 -2.994e-03 3.922e-06 3.922e-06 3.922e-03 -5.882e-05 3.663e-06 1.961e-02
47.136784 4.365e+00 -2.441e-02 -2.994e-03 3.922e-06 3.922e-06 3.922e-03 -5.882e-05 3.663e-06 1.961e-02
47.146782 4.253e+00 -8.301e-02 -2.986e-03 3.922e-06 3.922e-06 3.922e-03 -5.882e-05 3.663e-06 1.961e-02
47.156780 4.126e+00 -1.611e-01 -2.948e-03 3.922e-06 3.922e-06 3.922e-03 -5.882e-05 3.663e-06 1.961e-02
47.166782 3.989e+00 -2.393e-01 -2.901e-03 3.922e-06 3.922e-06 3.922e-03 -5.882e-05 3.663e-06 1.961e-02
47.176781 3.862e+00 -3.076e-01 -2.846e-03 3.922e-06 3.922e-06 3.922e-03 -5.882e-05 3.663e-06 1.961e-02
47.186783 3.706e+00 -3.760e-01 -2.781e-03 3.922e-06 3.922e-06 3.922e-03 -5.882e-05 3.663e-06 1.961e-02
47.196781 3.579e+00 -4.395e-01 -2.717e-03 3.922e-06 3.922e-06 3.922e-03 -5.882e-05 3.663e-06 1.961e-02
47.206783 3.433e+00 -4.980e-01 -2.630e-03 3.922e-06 3.922e-06 3.922e-03 -5.882e-05 3.663e-06 1.961e-02
47.216782 3.276e+00 -5.664e-01 -2.536e-03 3.922e-06 3.922e-06 3.922e-03 -5.882e-05 3.663e-06 1.961e-02
47.226784 3.115e+00 -6.152e-01 -2.437e-03 3.922e-06 3.922e-06 3.922e-03 -5.882e-05 3.663e-06 1.961e-02
47.236782 2.974e+00 -6.738e-01 -2.314e-03 3.922e-06 3.922e-06 3.922e-03 -5.882e-05 3.663e-06 1.961e-02
47.246784 2.817e+00 -7.129e-01 -2.192e-03 3.922e-06 3.922e-06 3.922e-03 -5.882e-05 3.663e-06 1.961e-02
47.256783 2.666e+00 -7.422e-01 -2.072e-03 3.922e-06 3.922e-06 3.922e-03 -5.882e-05 3.663e-06 1.961e-02
47.266781 2.510e+00 -8.008e-01 -1.926e-03 3.922e-06 3.922e-06 3.922e-03 -5.882e-05 3.663e-06 1.961e-02
47.276783 2.378e+00 -8.252e-01 -1.801e-03 3.922e-06 3.922e-06 3.922e-03 -5.882e-05 3.663e-06 1.961e-02
47.286785 2.227e+00 -8.545e-01 -1.649e-03 3.922e-06 3.922e-06 3.922e-03 -5.882e-05 3.663e-06 1.961e-02
47.296783 2.114e+00 -8.643e-01 -1.512e-03 3.922e-06 3.922e-06 3.922e-03 -5.882e-05 3.663e-06 1.961e-02
47.306782 1.987e+00 -8.740e-01 -1.360e-03 3.922e-06 3.922e-06 3.922e-03 -5.882e-05 3.663e-06 1.961e-02
47.316784 1.875e+00 -8.887e-01 -1.205e-03 3.922e-06 3.922e-06 3.922e-03 -5.882e-05 3.663e-06 1.961e-02
47.326782 1.748e+00 -8.740e-01 -1.068e-03 3.922e-06 3.922e-06 3.922e-03 -5.882e-05 3.663e-06 1.961e-02
47.336781 1.626e+00 -8.691e-01 -9.223e-04 3.922e-06 3.922e-06 3.922e-03 -5.882e-05 3.663e-06 1.961e-02
47.346783 1.504e+00 -8.545e-01 -7.734e-04 3.922e-06 3.922e-06 3.922e-03 -5.882e-05 3.663e-06 1.961e-02
47.356785 1.367e+00 -8.350e-01 -6.333e-04 3.922e-06 3.922e-06 3.922e-03 -5.882e-05 3.663e-06 1.961e-02
47.366783 1.235e+00 -8.203e-01 -4.962e-04 3.922e-06 3.922e-06 3.922e-03 -5.882e-05 3.663e-06 1.961e-02
47.376781 1.104e+00 -7.764e-01 -3.707e-04 3.922e-06 3.922e-06 3.922e-03 -5.882e-05 3.663e-06 1.961e-02
47.386784 9.668e-01 -7.568e-01 -2.393e-04 3.922e-06 3.922e-06 3.922e-03 -5.882e-05 3.663e-06 1.961e-02
47.396782 8.398e-01 -7.275e-01 -1.109e-04 3.922e-06 3.922e-06 3.922e-03 -5.882e-05 3.663e-06 1.961e-02
47.406780 7.080e-01 -6.787e-01 2.919e-06 3.922e-06 3.922e-06 3.922e-03 -5.882e-05 3.663e-06 1.961e-02
47.416782 5.615e-01 -6.396e-01 1.022e-04 3.922e-06 3.922e-06 3.922e-03 -5.882e-05 3.663e-06 1.961e-02
47.426781 4.541e-01 -6.006e-01 2.189e-04 3.922e-06 3.922e-06 3.922e-03 -5.882e-05 3.663e-06 1.961e-02
47.436783 3.076e-01 -5.615e-01 3.035e-04 3.922e-06 3.922e-06 3.922e-03 -5.882e-05 3.663e-06 1.961e-02
47.446781 1.758e-01 -5.078e-01 3.853e-04 3.922e-06 3.922e-06 3.922e-03 -5.882e-05 3.663e-06 1.961e-02
47.456783 7.324e-02 -4.688e-01 4.670e-04 3.922e-06 3.922e-06 3.922e-03 -5.882e-05 3.663e-06 1.961e-02
47.466782 -4.883e-02 -4.248e-01 5.399e-04 3.922e-06 3.922e-06 3.922e-03 -5.882e-05 3.663e-06 1.961e-02
47.476784 -1.611e-01 -3.711e-01 6.012e-04 3.922e-06 3.922e-06 3.922e-03 -5.882e-05 3.663e-06 1.961e-02
47.486782 -2.637e-01 -3.271e-01 6.567e-04 3.922e-06 3.922e-06 3.922e-03 -5.882e-05 3.663e-06 1.961e-02
47.496780 -3.662e-01 -2.930e-01 7.180e-04 3.922e-06 3.922e-06 3.922e-03 -5.882e-05 3.663e-06 1.961e-02
47.506783 -4.639e-01 -2.344e-01 7.501e-04 3.922e-06 3.922e-06 3.922e-03 -5.882e-05 3.663e-06 1.961e-02
47.516781 -5.615e-01 -2.100e-01 7.997e-04 3.922e-06 3.922e-06 3.922e-03 -5.882e-05 3.663e-06 1.961e-02
47.526783 -6.494e-01 -1.562e-01 8.201e-04 3.922e-06 3.922e-06 3.922e-03 -5.882e-05 3.663e-06 1.961e-02
47.536785 -7.373e-01 -1.123e-01 8.318e-04 3.922e-06 3.922e-06 3.922e-03 -5.882e-05 3.663e-06 1.961e-02
47.546783 -8.154e-01 -9.277e-02 8.493e-04 3.922e-06 3.922e-06 3.922e-03 -5.882e-05 3.663e-06 1.961e-02
47.556782 -8.838e-01 -4.395e-02 8.493e-04 3.922e-06 3.922e-06 3.922e-03 -5.882e-05 3.663e-06 1.961e-02
47.566784 -9.668e-01 -1.465e-02 8.551e-04 3.922e-06 3.922e-06 3.922e-03 -5.882e-05 3.663e-06 1.961e-02
47.576782 -1.021e+00 1.953e-02 8.581e-04 3.922e-06 3.922e-06 3.922e-03 -5.882e-05 3.663e-06 1.961e-02
47.586781 -1.094e+00 3.906e-02 8.581e-04 3.922e-06 3.922e-06 3.922e-03 -5.882e-05 3.663e-06 1.961e-02
47.596783 -1.157e+00 6.836e-02 8.493e-04 3.922e-06 3.922e-06 3.922e-03 -5.882e-05 3.663e-06 1.961e-02
47.606781 -1.226e+00 8.789e-02 8.376e-04 3.922e-06 3.922e-06 3.922e-03 -5.882e-05 3.663e-06 1.961e-02
47.616783 -1.284e+00 8.789e-02 8.347e-04 3.922e-06 3.922e-06 3.922e-03 -5.882e-05 3.663e-06 1.961e-02
47.626781 -1.338e+00 1.270e-01 7.909e-04 3.922e-06 3.922e-06 3.922e-03 -5.882e-05 3.663e-06 1.961e-02
47.636784 -1.421e+00 1.221e-01 7.851e-04 3.922e-06 3.922e-06 3.922e-03 -5.882e-05 3.663e-06 1.961e-02
47.646782 -1.475e+00 1.367e-01 7.647e-04 3.922e-06 3.922e-06 3.922e-03 -5.882e-05 3.663e-06 1.961e-02
47.656780 -1.538e+00 1.416e-01 7.413e-04 3.922e-06 3.922e-06 3.922e-03 -5.882e-05 3.663e-06 1.961e-02
47.666782 -1.616e+00 1.367e-01 7.238e-04 3.922e-06 3.922e-06 3.922e-03 -5.882e-05 3.663e-06 1.961e-02
47.676781 -1.689e+00 1.367e-01 7.063e-04 3.922e-06 3.922e-06 3.922e-03 -5.882e-05 3.663e-06 1.961e-02
47.686783 -1.768e+00 1.270e-01 6.830e-04 3.922e-06 3.922e-06 3.922e-03 -5.882e-05 3.663e-06 1.961e-02
47.696781 -1.826e+00 1.172e-01 6.713e-04 3.922e-06 3.922e-06 3.922e-03 -5.882e-05 3.663e-06 1.961e-02
47.706779 -1.880e+00 1.172e-01 6.450e-04 3.922e-06 3.922e-06 3.922e-03 -5.882e-05 3.663e-06 1.961e-02
47.716782 -1.953e+00 7.812e-02 6.450e-04 3.922e-06 3.922e-06 3.922e-03 -5.882e-05 3.663e-06 1.961e-02
47.726784 -2.012e+00 8.301e-02 6.217e-04 3.922e-06 3.922e-06 3.922e-03 -5.882e-05 3.663e-06 1.961e-02
47.736782 -2.070e+00 7.324e-02 6.041e-04 3.922e-06 3.922e-06 3.922e-03 -5.882e-05 3.663e-06 1.961e-02
47.746780 -2.124e+00 4.883e-02 6.100e-04 3.922e-06 3.922e-06 3.922e-03 -5.882e-05 3.663e-06 1.961e-02
47.756783 -2.188e+00 3.418e-02 6.041e-04 3.922e-06 3.922e-06 3.922e-03 -5.882e-05 3.663e-06 1.961e-02
47.766781 -2.256e+00 4.883e-03 6.071e-04 3.922e-06 3.922e-06 3.922e-03 -5.882e-05 3.663e-06 1.961e-02
47.776783 -2.290e+00 -1.465e-02 6.158e-04 3.922e-06 3.922e-06 3.922e-03 -5.882e-05 3.663e-06 1.961e-02
47.786781 -2.368e+00 -5.371e-02 6.333e-04 3.922e-06 3.922e-06 3.922e-03 -5.882e-05 3.663e-06 1.961e-02
47.796783 -2.427e+00 -6.348e-02 6.333e-04 3.922e-06 3.922e-06 3.922e-03 -5.882e-05 3.663e-06 1.961e-02
47.806782 -2.490e+00 -8.789e-02 6.538e-04 3.922e-06 3.922e-06 3.922e-03 -5.882e-05 3.663e-06 1.961e-02
47.816784 -2.559e+00 -1.172e-01 6.742e-04 3.922e-06 3.922e-06 3.922e-03 -5.882e-05 3.663e-06 1.961e-02
47.826782 -2.617e+00 -1.221e-01 6.917e-04 3.922e-06 3.922e-06 3.922e-03 -5.882e-05 3.663e-06 1.961e-02
47.836784 -2.671e+00 -1.514e-01 7.180e-04 3.922e-06 3.922e-06 3.922e-03 -5.882e-05 3.663e-06 1.961e-02
47.846783 -2.734e+00 -1.709e-01 7.501e-04 3.922e-06 3.922e-06 3.922e-03 -5.882e-05 3.663e-06 1.961e-02
47.856781 -2.798e+00 -1.953e-01 7.880e-04 3.922e-06 3.922e-06 3.922e-03 -5.882e-05 3.663e-06 1.961e-02
47.866783 -2.876e+00 -2.197e-01 8.260e-04 3.922e-06 3.922e-06 3.922e-03 -5.882e-05 3.663e-06 1.961e-02
47.876781 -2.944e+00 -2.197e-01 8.551e-04 3.922e-06 3.922e-06 3.922e-03 -5.882e-05 3.663e-06 1.961e-02
47.886784 -2.993e+00 -2.588e-01 9.106e-04 3.922e-06 3.922e-06 3.922e-03 -5.882e-05 3.663e-06 1.961e-02
47.896782 -3.047e+00 -2.637e-01 9.544e-04 3.922e-06 3.922e-06 3.922e-03 -5.882e-05 3.663e-06 1.961e-02
47.906780 -3.115e+00 -2.734e-01 1.001e-03 3.922e-06 3.922e-06 3.922e-03 -5.882e-05 3.663e-06 1.961e-02
47.916782 -3.169e+00 -2.881e-01 1.042e-03 3.922e-06 3.922e-06 3.922e-03 -5.882e-05 3.663e-06 1.961e-02
47.926781 -3.228e+00 -2.783e-01 1.086e-03 3.922e-06 3.922e-06 3.922e-03 -5.882e-05 3.663e-06 1.961e-02
47.936783 -3.267e+00 -3.125e-01 1.162e-03 3.922e-06 3.922e-06 3.922e-03 -5.882e-05 3.663e-06 1.961e-02
47.946781 -3.325e+00 -3.076e-01 1.205e-03 3.922e-06 3.922e-06 3.922e-03 -5.882e-05 3.663e-06 1.961e-02
47.956783 -3.374e+00 -3.076e-01 1.258e-03 3.922e-06 3.922e-06 3.922e-03 -5.882e-05 3.663e-06 1.961e-02
47.966782 -3.418e+00 -3.223e-01 1.319e-03 3.922e-06 3.922e-06 3.922e-03 -5.882e-05 3.663e-06 1.961e-02
47.976780 -3.442e+00 -3.125e-01 1.375e-03 3.922e-06 3.922e-06 3.922e-03 -5.882e-05 3.663e-06 1.961e-02
47.986782 -3.496e+00 -3.076e-01 1.418e-03 3.922e-06 3.922e-06 3.922e-03 -5.882e-05 3.663e-06 1.961e-02
47.996780 -3.521e+00 -2.930e-01 1.471e-03 3.922e-06 3.922e-06 3.922e-03 -5.882e-05 3.663e-06 1.961e-02
48.006783 -3.545e+00 -2.930e-01 1.524e-03 3.922e-06 3.922e-06 3.922e-03 -5.882e-05 3.663e-06 1.961e-02
48.016781 -3.569e+00 -2.783e-01 1.564e-03 3.922e-06 3.922e-06 3.922e-03 -5.882e-05 3.663e-06 1.961e-02
48.026783 -3.584e+00 -2.539e-01 1.605e-03 3.922e-06 3.922e-06 3.922e-03 -5.882e-05 3.663e-06 1.961e-02
48.036781 -3.613e+00 -2.588e-01 1.658e-03 3.922e-06 3.922e-06 3.922e-03 -5.882e-05 3.663e-06 1.961e-02
48.046783 -3.618e+00 -2.344e-01 1.702e-03 3.922e-06 3.922e-06 3.922e-03 -5.882e-05 3.663e-06 1.961e-02
48.056782 -3.608e+00 -2.197e-01 1.745e-03 3.922e-06 3.922e-06 3.922e-03 -5.882e-05 3.663e-06 1.961e-02
48.066784 -3.608e+00 -2.002e-01 1.775e-03 3.922e-06 3.922e-06 3.922e-03 -5.882e-05 3.663e-06 1.961e-02
48.076782 -3.589e+00 -1.758e-01 1.812e-03 3.922e-06 3.922e-06 3.922e-03 -5.882e-05 3.663e-06 1.961e-02
48.086781 -3.599e+00 -1.465e-01 1.833e-03 3.922e-06 3.922e-06 3.922e-03 -5.882e-05 3.663e-06 1.961e-02
48.096783 -3.579e+00 -1.221e-01 1.850e-03 3.922e-06 3.922e-06 3.922e-03 -5.882e-05 3.663e-06 1.961e-02
48.106781 -3.555e+00 -9.277e-02 1.865e-03 3.922e-06 3.922e-06 3.922e-03 -5.882e-05 3.663e-06 1.961e-02
48.116783 -3.545e+00 -6.348e-02 1.877e-03 3.922e-06 3.922e-06 3.922e-03 -5.882e-05 3.663e-06 1.961e-02
48.126781 -3.506e+00 -2.930e-02 1.880e-03 3.922e-06 3.922e-06 3.922e-03 -5.882e-05 3.663e-06 1.961e-02
48.136784 -3.477e+00 -9.766e-03 1.891e-03 3.922e-06 3.922e-06 3.922e-03 -5.882e-05 3.663e-06 1.961e-02
48.146782 -3.428e+00 1.465e-02 1.900e-03 3.922e-06 3.922e-06 3.922e-03 -5.882e-05 3.663e-06 1.961e-02
48.156780 -3.384e+00 4.883e-02 1.882e-03 3.922e-06 3.922e-06 3.922e-03 -5.882e-05 3.663e-06 1.961e-02
48.166782 -3.350e+00 6.348e-02 1.888e-03 3.922e-06 3.922e-06 3.922e-03 -5.882e-05 3.663e-06 1.961e-02
48.176781 -3.286e+00 1.025e-01 1.877e-03 3.922e-06 3.922e-06 3.922e-03 -5.882e-05 3.663e-06 1.961e-02
48.186783 -3.252e+00 1.318e-01 1.842e-03 3.922e-06 3.922e-06 3.922e-03 -5.882e-05 3.663e-06 1.961e-02
48.196781 -3.188e+00 1.660e-01 1.827e-03 3.922e-06 3.922e-06 3.922e-03 -5.882e-05 3.663e-06 1.961e-02
48.206783 -3.120e+00 1.904e-01 1.795e-03 3.922e-06 3.922e-06 3.922e-03 -5.882e-05 3.663e-06 1.961e-02
48.216782 -3.076e+00 2.100e-01 1.760e-03 3.922e-06 3.922e-06 3.922e-03 -5.882e-05 3.663e-06 1.961e-02
48.226784 -3.003e+00 2.344e-01 1.737e-03 3.922e-06 3.922e-06 3.922e-03 -5.882e-05 3.663e-06 1.961e-02
48.236782 -2.964e+00 2.588e-01 1.696e-03 3.922e-06 3.922e-06 3.922e-03 -5.882e-05 3.663e-06 1.961e-02
48.246784 -2.905e+00 2.881e-01 1.646e-03 3.922e-06 3.922e-06 3.922e-03 -5.882e-05 3.663e-06 1.961e-02
48.256783 -2.842e+00 3.076e-01 1.602e-03 3.922e-06 3.922e-06 3.922e-03 -5.882e-05 3.663e-06 1.961e-02
48.266781 -2.788e+00 3.174e-01 1.550e-03 3.922e-06 3.922e-06 3.922e-03 -5.882e-05 3.663e-06 1.961e-02
48.276783 -2.720e+00 3.320e-01 1.503e-03 3.922e-06 3.922e-06 3.922e-03 -5.882e-05 3.663e-06 1.961e-02
48.286781 -2.671e+00 3.467e-01 1.448e-03 3.922e-06 3.922e-06 3.922e-03 -5.882e-05 3.663e-06 1.961e-02
48.296787 -2.617e+00 3.564e-01 1.392e-03 3.922e-06 3.922e-06 3.922e-03 -5.882e-05 3.663e-06 1.961e-02
48.306782 -2.549e+00 3.613e-01 1.340e-03 3.922e-06 3.922e-06 3.922e-03 -5.882e-05 3.663e-06 1.961e-02
48.316784 -2.515e+00 3.613e-01 1.287e-03 3.922e-06 3.922e-06 3.922e-03 -5.882e-05 3.663e-06 1.961e-02
48.326782 -2.471e+00 3.760e-01 1.226e-03 3.922e-06 3.922e-06 3.922e-03 -5.882e-05 3.663e-06 1.961e-02
48.336784 -2.441e+00 3.711e-01 1.165e-03 3.922e-06 3.922e-06 3.922e-03 -5.882e-05 3.663e-06 1.961e-02
48.346783 -2.383e+00 3.760e-01 1.106e-03 3.922e-06 3.922e-06 3.922e-03 -5.882e-05 3.663e-06 1.961e-02
48.356781 -2.344e+00 3.662e-01 1.051e-03 3.922e-06 3.922e-06 3.922e-03 -5.882e-05 3.663e-06 1.961e-02
48.366783 -2.324e+00 3.613e-01 9.952e-04 3.922e-06 3.922e-06 3.922e-03 -5.882e-05 3.663e-06 1.961e-02
48.376781 -2.300e+00 3.662e-01 9.369e-04 3.922e-06 3.922e-06 3.922e-03 -5.882e-05 3.663e-06 1.961e-02
48.386784 -2.266e+00 3.320e-01 8.931e-04 3.922e-06 3.922e-06 3.922e-03 -5.882e-05 3.663e-06 1.961e-02
48.396782 -2.251e+00 3.174e-01 8.493e-04 3.922e-06 3.922e-06 3.922e-03 -5.882e-05 3.663e-06 1.961e-02
48.406780 -2.236e+00 3.076e-01 7.997e-04 3.922e-06 3.922e-06 3.922e-03 -5.882e-05 3.663e-06 1.961e-02
48.416782 -2.246e+00 2.881e-01 7.530e-04 3.922e-06 3.922e-06 3.922e-03 -5.882e-05 3.663e-06 1.961e-02
48.426781 -2.246e+00 2.832e-01 6.975e-04 3.922e-06 3.922e-06 3.922e-03 -5.882e-05 3.663e-06 1.961e-02
48.436783 -2.241e+00 2.490e-01 6.684e-04 3.922e-06 3.922e-06 3.922e-03 -5.882e-05 3.663e-06 1.961e-02
48.446781 -2.251e+00 2.197e-01 6.392e-04 3.922e-06 3.922e-06 3.922e-03 -5.882e-05 3.663e-06 1.961e-02
48.456783 -2.256e+00 1.904e-01 6.158e-04 3.922e-06 3.922e-06 3.922e-03 -5.882e-05 3.663e-06 1.961e-02
48.466782 -2.271e+00 1.611e-01 5.866e-04 3.922e-06 3.922e-06 3.922e-03 -5.882e-05 3.663e-06 1.961e-02
48.476784 -2.290e+00 1.465e-01 5.575e-04 3.922e-06 3.922e-06 3.922e-03 -5.882e-05 3.663e-06 1.961e-02
48.486782 -2.324e+00 1.025e-01 5.575e-04 3.922e-06 3.922e-06 3.922e-03 -5.882e-05 3.663e-06 1.961e-02
48.496780 -2.363e+00 7.812e-02 5.458e-04 3.922e-06 3.922e-06 3.922e-03 -5.882e-05 3.663e-06 1.961e-02
48.506783 -2.402e+00 3.906e-02 5.399e-04 3.922e-06 3.922e-06 3.922e-03 -5.882e-05 3.663e-06 1.961e-02
48.516781 -2.456e+00 9.766e-03 5.487e-04 3.922e-06 3.922e-06 3.922e-03 -5.882e-05 3.663e-06 1.961e-02
48.526783 -2.500e+00 -1.465e-02 5.458e-04 3.922e-06 3.922e-06 3.922e-03 -5.882e-05 3.663e-06 1.961e-02
48.536781 -2.544e+00 -4.883e-02 5.604e-04 3.922e-06 3.922e-06 3.922e-03 -5.882e-05 3.663e-06 1.961e-02
48.546780 -2.607e+00 -7.812e-02 5.720e-04 3.922e-06 3.922e-06 3.922e-03 -5.882e-05 3.663e-06 1.961e-02
48.556782 -2.661e+00 -1.123e-01 6.012e-04 3.922e-06 3.922e-06 3.922e-03 -5.882e-05 3.663e-06 1.961e-02
48.566780 -2.725e+00 -1.416e-01 6.246e-04 3.922e-06 3.922e-06 3.922e-03 -5.882e-05 3.663e-06 1.961e-02
48.576782 -2.773e+00 -1.660e-01 6.538e-04 3.922e-06 3.922e-06 3.922e-03 -5.882e-05 3.663e-06 1.961e-02
48.586781 -2.832e+00 -2.100e-01 7.034e-04 3.922e-06 3.922e-06 3.922e-03 -5.882e-05 3.663e-06 1.961e-02
48.596783 -2.900e+00 -2.295e-01 7.384e-04 3.922e-06 3.922e-06 3.922e-03 -5.882e-05 3.663e-06 1.961e-02
48.606781 -2.969e+00 -2.588e-01 7.880e-04 3.922e-06 3.922e-06 3.922e-03 -5.882e-05 3.663e-06 1.961e-02
48.616783 -3.057e+00 -2.832e-01 8.289e-04 3.922e-06 3.922e-06 3.922e-03 -5.882e-05 3.663e-06 1.961e-02
48.626781 -3.115e+00 -2.881e-01 8.756e-04 3.922e-06 3.922e-06 3.922e-03 -5.882e-05 3.663e-06 1.961e-02
48.636784 -3.174e+00 -3.027e-01 9.223e-04 3.922e-06 3.922e-06 3.922e-03 -5.882e-05 3.663e-06 1.961e-02
48.646782 -3.228e+00 -3.271e-01 9.865e-04 3.922e-06 3.922e-06 3.922e-03 -5.882e-05 3.663e-06 1.961e-02
48.656784 -3.291e+00 -3.369e-01 1.042e-03 3.922e-06 3.922e-06 3.922e-03 -5.882e-05 3.663e-06 1.961e-02
48.666782 -3.359e+00 -3.516e-01 1.103e-03 3.922e-06 3.922e-06 3.922e-03 -5.882e-05 3.663e-06 1.961e-02
48.676785 -3.394e+00 -3.613e-01 1.170e-03 3.922e-06 3.922e-06 3.922e-03 -5.882e-05 3.663e-06 1.961e-02
48.686783 -3.462e+00 -3.760e-01 1.235e-03 3.922e-06 3.922e-06 3.922e-03 -5.882e-05 3.663e-06 1.961e-02
48.696781 -3.506e+00 -3.711e-01 1.296e-03 3.922e-06 3.922e-06 3.922e-03 -5.882e-05 3.663e-06 1.961e-02
48.706783 -3.560e+00 -3.760e-01 1.375e-03 3.922e-06 3.922e-06 3.922e-03 -5.882e-05 3.663e-06 1.961e-02
48.716782 -3.613e+00 -3.809e-01 1.427e-03 3.922e-06 3.922e-06 3.922e-03 -5.882e-05 3.663e-06 1.961e-02
48.726780 -3.643e+00 -3.516e-01 1.477e-03 3.922e-06 3.922e-06 3.922e-03 -5.882e-05 3.663e-06 1.961e-02
48.736782 -3.687e+00 -3.516e-01 1.541e-03 3.922e-06 3.922e-06 3.922e-03 -5.882e-05 3.663e-06 1.961e-02
48.746784 -3.706e+00 -3.271e-01 1.594e-03 3.922e-06 3.922e-06 3.922e-03 -5.882e-05 3.663e-06 1.961e-02
48.756783 -3.721e+00 -3.223e-01 1.655e-03 3.922e-06 3.922e-06 3.922e-03 -5.882e-05 3.663e-06 1.961e-02
48.766781 -3.745e+00 -3.125e-01 1.713e-03 3.922e-06 3.922e-06 3.922e-03 -5.882e-05 3.663e-06 1.961e-02
48.776783 -3.750e+00 -2.930e-01 1.769e-03 3.922e-06 3.922e-06 3.922e-03 -5.882e-05 3.663e-06 1.961e-02
48.786781 -3.770e+00 -2.686e-01 1.810e-03 3.922e-06 3.922e-06 3.922e-03 -5.882e-05 3.663e-06 1.961e-02
48.796783 -3.765e+00 -2.490e-01 1.859e-03 3.922e-06 3.922e-06 3.922e-03 -5.882e-05 3.663e-06 1.961e-02
48.806782 -3.760e+00 -2.197e-01 1.894e-03 3.922e-06 3.922e-06 3.922e-03 -5.882e-05 3.663e-06 1.961e-02
48.816780 -3.760e+00 -2.002e-01 1.932e-03 3.922e-06 3.922e-06 3.922e-03 -5.882e-05 3.663e-06 1.961e-02
48.826782 -3.740e+00 -1.611e-01 1.958e-03 3.922e-06 3.922e-06 3.922e-03 -5.882e-05 3.663e-06 1.961e-02
48.836781 -3.721e+00 -1.318e-01 1.982e-03 3.922e-06 3.922e-06 3.922e-03 -5.882e-05 3.663e-06 1.961e-02
48.846783 -3.682e+00 -9.277e-02 1.996e-03 3.922e-06 3.922e-06 3.922e-03 -5.882e-05 3.663e-06 1.961e-02
48.856781 -3.647e+00 -6.836e-02 2.011e-03 3.922e-06 3.922e-06 3.922e-03 -5.882e-05 3.663e-06 1.961e-02
48.866783 -3.608e+00 -4.883e-02 2.034e-03 3.922e-06 3.922e-06 3.922e-03 -5.882e-05 3.663e-06 1.961e-02
48.876781 -3.564e+00 9.766e-03 2.017e-03 3.922e-06 3.922e-06 3.922e-03 -5.882e-05 3.663e-06 1.961e-02
48.886784 -3.535e+00 2.930e-02 2.031e-03 3.922e-06 3.922e-06 3.922e-03 -5.882e-05 3.663e-06 1.961e-02
48.896782 -3.467e+00 7.324e-02 2.017e-03 3.922e-06 3.922e-06 3.922e-03 -5.882e-05 3.663e-06 1.961e-02
48.906784 -3.408e+00 1.074e-01 2.002e-03 3.922e-06 3.922e-06 3.922e-03 -5.882e-05 3.663e-06 1.961e-02
48.916782 -3.350e+00 1.367e-01 1.985e-03 3.922e-06 3.922e-06 3.922e-03 -5.882e-05 3.663e-06 1.961e-02
48.926781 -3.291e+00 1.807e-01 1.955e-03 3.922e-06 3.922e-06 3.922e-03 -5.882e-05 3.663e-06 1.961e-02
48.936783 -3.223e+00 1.953e-01 1.935e-03 3.922e-06 3.922e-06 3.922e-03 -5.882e-05 3.663e-06 1.961e-02
48.946781 -3.149e+00 2.344e-01 1.897e-03 3.922e-06 3.922e-06 3.922e-03 -5.882e-05 3.663e-06 1.961e-02
48.956783 -3.081e+00 2.686e-01 1.856e-03 3.922e-06 3.922e-06 3.922e-03 -5.882e-05 3.663e-06 1.961e-02
48.966782 -3.018e+00 2.832e-01 1.818e-03 3.922e-06 3.922e-06 3.922e-03 -5.882e-05 3.663e-06 1.961e-02
48.976780 -2.949e+00 3.320e-01 1.760e-03 3.922e-06 3.922e-06 3.922e-03 -5.882e-05 3.663e-06 1.961e-02
48.986782 -2.876e+00 3.418e-01 1.713e-03 3.922e-06 3.922e-06 3.922e-03 -5.882e-05 3.663e-06 1.961e-02
48.996780 -2.808e+00 3.613e-01 1.661e-03 3.922e-06 3.922e-06 3.922e-03 -5.882e-05 3.663e-06 1.961e-02
49.006783 -2.729e+00 3.857e-01 1.602e-03 3.922e-06 3.922e-06 3.922e-03 -5.882e-05 3.663e-06 1.961e-02
49.016781 -2.671e+00 4.004e-01 1.532e-03 3.922e-06 3.922e-06 3.922e-03 -5.882e-05 3.663e-06 1.961e-02
49.026783 -2.588e+00 4.150e-01 1.474e-03 3.922e-06 3.922e-06 3.922e-03 -5.882e-05 3.663e-06 1.961e-02
49.036781 -2.534e+00 4.297e-01 1.401e-03 3.922e-06 3.922e-06 3.922e-03 -5.882e-05 3.663e-06 1.961e-02
49.046780 -2.461e+00 4.395e-01 1.337e-03 3.922e-06 3.922e-06 3.922e-03 -5.882e-05 3.663e-06 1.961e-02
49.056782 -2.402e+00 4.443e-01 1.270e-03 3.922e-06 3.922e-06 3.922e-03 -5.882e-05 3.663e-06 1.961e-02
49.066784 -2.349e+00 4.395e-01 1.202e-03 3.922e-06 3.922e-06 3.922e-03 -5.882e-05 3.663e-06 1.961e-02
49.076782 -2.290e+00 4.443e-01 1.138e-03 3.922e-06 3.922e-06 3.922e-03 -5.882e-05 3.663e-06 1.961e-02
49.086781 -2.251e+00 4.443e-01 1.062e-03 3.922e-06 3.922e-06 3.922e-03 -5.882e-05 3.663e-06 1.961e-02
49.096783 -2.217e+00 4.346e-01 9.923e-04 3.922e-06 3.922e-06 3.922e-03 -5.882e-05 3.663e-06 1.961e-02
49.106781 -2.183e+00 4.297e-01 9.194e-04 3.922e-06 3.922e-06 3.922e-03 -5.882e-05 3.663e-06 1.961e-02
49.116783 -2.148e+00 4.150e-01 8.581e-04 3.922e-06 3.922e-06 3.922e-03 -5.882e-05 3.663e-06 1.961e-02
49.126781 -2.119e+00 4.004e-01 7.997e-04 3.922e-06 3.922e-06 3.922e-03 -5.882e-05 3.663e-06 1.961e-02
49.136784 -2.100e+00 3.809e-01 7.384e-04 3.922e-06 3.922e-06 3.922e-03 -5.882e-05 3.663e-06 1.961e-02
49.146782 -2.085e+00 3.662e-01 6.859e-04 3.922e-06 3.922e-06 3.922e-03 -5.882e-05 3.663e-06 1.961e-02
49.156784 -2.075e+00 3.369e-01 6.333e-04 3.922e-06 3.922e-06 3.922e-03 -5.882e-05 3.663e-06 1.961e-02
49.166782 -2.080e+00 3.027e-01 5.896e-04 3.922e-06 3.922e-06 3.922e-03 -5.882e-05 3.663e-06 1.961e-02
49.176781 -2.090e+00 2.881e-01 5.487e-04 3.922e-06 3.922e-06 3.922e-03 -5.882e-05 3.663e-06 1.961e-02
49.186783 -2.104e+00 2.441e-01 5.137e-04 3.922e-06 3.922e-06 3.922e-03 -5.882e-05 3.663e-06 1.961e-02
49.196781 -2.124e+00 2.246e-01 4.728e-04 3.922e-06 3.922e-06 3.922e-03 -5.882e-05 3.663e-06 1.961e-02
49.206783 -2.144e+00 2.100e-01 4.320e-04 3.922e-06 3.922e-06 3.922e-03 -5.882e-05 3.663e-06 1.961e-02
49.216782 -2.178e+00 1.514e-01 4.144e-04 3.922e-06 3.922e-06 3.922e-03 -5.882e-05 3.663e-06 1.961e-02
49.226784 -2.207e+00 1.074e-01 4.203e-04 3.922e-06 3.922e-06 3.922e-03 -5.882e-05 3.663e-06 1.961e-02
49.236782 -2.261e+00 7.324e-02 4.057e-04 3.922e-06 3.922e-06 3.922e-03 -5.882e-05 3.663e-06 1.961e-02
49.246784 -2.305e+00 3.906e-02 3.998e-04 3.922e-06 3.922e-06 3.922e-03 -5.882e-05 3.663e-06 1.961e-02
49.256783 -2.363e+00 0.000e+00 4.115e-04 3.922e-06 3.922e-06 3.922e-03 -5.882e-05 3.663e-06 1.961e-02
49.266781 -2.422e+00 -4.395e-02 4.174e-04 3.922e-06 3.922e-06 3.922e-03 -5.882e-05 3.663e-06 1.961e-02
49.276783 -2.485e+00 -7.812e-02 4.349e-04 3.922e-06 3.922e-06 3.922e-03 -5.882e-05 3.663e-06 1.961e-02
49.286781 -2.554e+00 -1.123e-01 4.465e-04 3.922e-06 3.922e-06 3.922e-03 -5.882e-05 3.663e-06 1.961e-02
49.296783 -2.617e+00 -1.514e-01 4.786e-04 3.922e-06 3.922e-06 3.922e-03 -5.882e-05 3.663e-06 1.961e-02
49.306782 -2.686e+00 -1.758e-01 5.020e-04 3.922e-06 3.922e-06 3.922e-03 -5.882e-05 3.663e-06 1.961e-02
49.316784 -2.769e+00 -2.197e-01 5.487e-04 3.922e-06 3.922e-06 3.922e-03 -5.882e-05 3.663e-06 1.961e-02
49.326782 -2.842e+00 -2.441e-01 5.896e-04 3.922e-06 3.922e-06 3.922e-03 -5.882e-05 3.663e-06 1.961e-02
49.336784 -2.920e+00 -2.881e-01 6.450e-04 3.922e-06 3.922e-06 3.922e-03 -5.882e-05 3.663e-06 1.961e-02
49.346783 -2.993e+00 -3.076e-01 6.946e-04 3.922e-06 3.922e-06 3.922e-03 -5.882e-05 3.663e-06 1.961e-02
49.356781 -3.076e+00 -3.418e-01 7.734e-04 3.922e-06 3.922e-06 3.922e-03 -5.882e-05 3.663e-06 1.961e-02
49.366783 -3.159e+00 -3.613e-01 8.085e-04 3.922e-06 3.922e-06 3.922e-03 -5.882e-05 3.663e-06 1.961e-02
49.376781 -3.228e+00 -3.955e-01 9.048e-04 3.922e-06 3.922e-06 3.922e-03 -5.882e-05 3.663e-06 1.961e-02
49.386780 -3.315e+00 -4.053e-01 9.573e-04 3.922e-06 3.922e-06 3.922e-03 -5.882e-05 3.663e-06 1.961e-02
49.396782 -3.379e+00 -4.004e-01 1.022e-03 3.922e-06 3.922e-06 3.922e-03 -5.882e-05 3.663e-06 1.961e-02
49.406784 -3.452e+00 -4.248e-01 1.094e-03 3.922e-06 3.922e-06 3.922e-03 -5.882e-05 3.663e-06 1.961e-02
49.416782 -3.525e+00 -4.443e-01 1.176e-03 3.922e-06 3.922e-06 3.922e-03 -5.882e-05 3.663e-06 1.961e-02
49.426781 -3.569e+00 -4.541e-01 1.258e-03 3.922e-06 3.922e-06 3.922e-03 -5.882e-05 3.663e-06 1.961e-02
49.436783 -3.652e+00 -4.541e-01 1.325e-03 3.922e-06 3.922e-06 3.922e-03 -5.882e-05 3.663e-06 1.961e-02
49.446781 -3.706e+00 -4.492e-01 1.407e-03 3.922e-06 3.922e-06 3.922e-03 -5.882e-05 3.663e-06 1.961e-02
49.456783 -3.750e+00 -4.395e-01 1.483e-03 3.922e-06 3.922e-06 3.922e-03 -5.882e-05 3.663e-06 1.961e-02
49.466782 -3.804e+00 -4.297e-01 1.550e-03 3.922e-06 3.922e-06 3.922e-03 -5.882e-05 3.663e-06 1.961e-02
49.476784 -3.843e+00 -4.004e-01 1.611e-03 3.922e-06 3.922e-06 3.922e-03 -5.882e-05 3.663e-06 1.961e-02
49.486782 -3.877e+00 -4.004e-01 1.687e-03 3.922e-06 3.922e-06 3.922e-03 -5.882e-05 3.663e-06 1.961e-02
49.496784 -3.887e+00 -3.857e-01 1.760e-03 3.922e-06 3.922e-06 3.922e-03 -5.882e-05 3.663e-06 1.961e-02
49.506783 -3.906e+00 -3.711e-01 1.827e-03 3.922e-06 3.922e-06 3.922e-03 -5.882e-05 3.663e-06 1.961e-02
49.516785 -3.926e+00 -3.516e-01 1.888e-03 3.922e-06 3.922e-06 3.922e-03 -5.882e-05 3.663e-06 1.961e-02
49.526783 -3.921e+00 -3.223e-01 1.947e-03 3.922e-06 3.922e-06 3.922e-03 -5.882e-05 3.663e-06 1.961e-02
49.536781 -3.931e+00 -2.979e-01 1.993e-03 3.922e-06 3.922e-06 3.922e-03 -5.882e-05 3.663e-06 1.961e-02
49.546783 -3.926e+00 -2.588e-01 2.037e-03 3.922e-06 3.922e-06 3.922e-03 -5.882e-05 3.663e-06 1.961e-02
49.556782 -3.911e+00 -2.197e-01 2.078e-03 3.922e-06 3.922e-06 3.922e-03 -5.882e-05 3.663e-06 1.961e-02
49.566784 -3.887e+00 -1.953e-01 2.110e-03 3.922e-06 3.922e-06 3.922e-03 -5.882e-05 3.663e-06 1.961e-02
49.576782 -3.857e+00 -1.416e-01 2.133e-03 3.922e-06 3.922e-06 3.922e-03 -5.882e-05 3.663e-06 1.961e-02
49.586781 -3.813e+00 -1.221e-01 2.163e-03 3.922e-06 3.922e-06 3.922e-03 -5.882e-05 3.663e-06 1.961e-02
49.596783 -3.774e+00 -7.812e-02 2.180e-03 3.922e-06 3.922e-06 3.922e-03 -5.882e-05 3.663e-06 1.961e-02
49.606781 -3.726e+00 -3.906e-02 2.192e-03 3.922e-06 3.922e-06 3.922e-03 -5.882e-05 3.663e-06 1.961e-02
49.616783 -3.677e+00 4.883e-03 2.192e-03 3.922e-06 3.922e-06 3.922e-03 -5.882e-05 3.663e-06 1.961e-02
49.626781 -3.613e+00 5.859e-02 2.180e-03 3.922e-06 3.922e-06 3.922e-03 -5.882e-05 3.663e-06 1.961e-02
49.636780 -3.550e+00 9.277e-02 2.174e-03 3.922e-06 3.922e-06 3.922e-03 -5.882e-05 3.663e-06 1.961e-02
49.646782 -3.477e+00 1.367e-01 2.154e-03 3.922e-06 3.922e-06 3.922e-03 -5.882e-05 3.663e-06 1.961e-02
49.656784 -3.413e+00 1.807e-01 2.128e-03 3.922e-06 3.922e-06 3.922e-03 -5.882e-05 3.663e-06 1.961e-02
49.666782 -3.330e+00 2.100e-01 2.101e-03 3.922e-06 3.922e-06 3.922e-03 -5.882e-05 3.663e-06 1.961e-02
49.676781 -3.242e+00 2.539e-01 2.066e-03 3.922e-06 3.922e-06 3.922e-03 -5.882e-05 3.663e-06 1.961e-02
49.686783 -3.169e+00 2.930e-01 2.011e-03 3.922e-06 3.922e-06 3.922e-03 -5.882e-05 3.663e-06 1.961e-02
49.696781 -3.076e+00 3.223e-01 1.970e-03 3.922e-06 3.922e-06 3.922e-03 -5.882e-05 3.663e-06 1.961e-02
49.706783 -2.988e+00 3.516e-01 1.918e-03 3.922e-06 3.922e-06 3.922e-03 -5.882e-05 3.663e-06 1.961e-02
49.716782 -2.910e+00 3.809e-01 1.862e-03 3.922e-06 3.922e-06 3.922e-03 -5.882e-05 3.663e-06 1.961e-02
49.726784 -2.837e+00 4.248e-01 1.792e-03 3.922e-06 3.922e-06 3.922e-03 -5.882e-05 3.663e-06 1.961e-02
49.736782 -2.734e+00 4.346e-01 1.728e-03 3.922e-06 3.922e-06 3.922e-03 -5.882e-05 3.663e-06 1.961e-02
49.746780 -2.651e+00 4.688e-01 1.646e-03 3.922e-06 3.922e-06 3.922e-03 -5.882e-05 3.663e-06 1.961e-02
49.756783 -2.573e+00 4.883e-01 1.564e-03 3.922e-06 3.922e-06 3.922e-03 -5.882e-05 3.663e-06 1.961e-02
49.766785 -2.490e+00 4.932e-01 1.494e-03 3.922e-06 3.922e-06 3.922e-03 -5.882e-05 3.663e-06 1.961e-02
49.776783 -2.402e+00 5.225e-01 1.413e-03 3.922e-06 3.922e-06 3.922e-03 -5.882e-05 3.663e-06 1.961e-02
49.786781 -2.334e+00 5.176e-01 1.334e-03 3.922e-06 3.922e-06 3.922e-03 -5.882e-05 3.663e-06 1.961e-02
49.796780 -2.280e+00 5.371e-01 1.243e-03 3.922e-06 3.922e-06 3.922e-03 -5.882e-05 3.663e-06 1.961e-02
49.806782 -2.192e+00 5.371e-01 1.159e-03 3.922e-06 3.922e-06 3.922e-03 -5.882e-05 3.663e-06 1.961e-02
49.816784 -2.158e+00 5.371e-01 1.074e-03 3.922e-06 3.922e-06 3.922e-03 -5.882e-05 3.663e-06 1.961e-02
49.826782 -2.095e+00 5.322e-01 9.982e-04 3.922e-06 3.922e-06 3.922e-03 -5.882e-05 3.663e-06 1.961e-02
49.836781 -2.056e+00 5.127e-01 9.194e-04 3.922e-06 3.922e-06 3.922e-03 -5.882e-05 3.663e-06 1.961e-02
49.846783 -2.007e+00 5.078e-01 8.318e-04 3.922e-06 3.922e-06 3.922e-03 -5.882e-05 3.663e-06 1.961e-02
49.856781 -1.953e+00 4.736e-01 7.676e-04 3.922e-06 3.922e-06 3.922e-03 -5.882e-05 3.663e-06 1.961e-02
49.866783 -1.938e+00 4.736e-01 6.800e-04 3.922e-06 3.922e-06 3.922e-03 -5.882e-05 3.663e-06 1.961e-02
49.876781 -1.909e+00 4.541e-01 6.100e-04 3.922e-06 3.922e-06 3.922e-03 -5.882e-05 3.663e-06 1.961e-02
49.886784 -1.909e+00 4.248e-01 5.399e-04 3.922e-06 3.922e-06 3.922e-03 -5.882e-05 3.663e-06 1.961e-02
49.896782 -1.880e+00 3.906e-01 4.932e-04 3.922e-06 3.922e-06 3.922e-03 -5.882e-05 3.663e-06 1.961e-02
49.906780 -1.890e+00 3.613e-01 4.349e-04 3.922e-06 3.922e-06 3.922e-03 -5.882e-05 3.663e-06 1.961e-02
49.916782 -1.904e+00 3.174e-01 3.882e-04 3.922e-06 3.922e-06 3.922e-03 -5.882e-05 3.663e-06 1.961e-02
49.926785 -1.909e+00 2.832e-01 3.444e-04 3.922e-06 3.922e-06 3.922e-03 -5.882e-05 3.663e-06 1.961e-02
49.936783 -1.948e+00 2.393e-01 3.181e-04 3.922e-06 3.922e-06 3.922e-03 -5.882e-05 3.663e-06 1.961e-02
49.946781 -1.987e+00 2.100e-01 2.714e-04 3.922e-06 3.922e-06 3.922e-03 -5.882e-05 3.663e-06 1.961e-02
49.956779 -2.021e+00 1.660e-01 2.510e-04 3.922e-06 3.922e-06 3.922e-03 -5.882e-05 3.663e-06 1.961e-02
49.966782 -2.070e+00 1.270e-01 2.247e-04 3.922e-06 3.922e-06 3.922e-03 -5.882e-05 3.663e-06 1.961e-02
49.976784 -2.129e+00 9.277e-02 2.247e-04 3.922e-06 3.922e-06 3.922e-03 -5.882e-05 3.663e-06 1.961e-02
49.986782 -2.188e+00 2.930e-02 2.218e-04 3.922e-06 3.922e-06 3.922e-03 -5.882e-05 3.663e-06 1.961e-02
49.996780 -2.236e+00 -1.953e-02 2.306e-04 3.922e-06 3.922e-06 3.922e-03 -5.882e-05 3.663e-06 1.961e-02
50.006783 -2.324e+00 -7.324e-02 2.510e-04 3.922e-06 3.922e-06 3.922e-03 -5.882e-05 3.663e-06 1.961e-02
50.016785 -2.397e+00 -1.123e-01 2.627e-04 3.922e-06 3.922e-06 3.922e-03 -5.882e-05 3.663e-06 1.961e-02
50.026783 -2.485e+00 -1.465e-01 2.860e-04 3.922e-06 3.922e-06 3.922e-03 -5.882e-05 3.663e-06 1.961e-02
50.036781 -2.583e+00 -2.002e-01 3.327e-04 3.922e-06 3.922e-06 3.922e-03 -5.882e-05 3.663e-06 1.961e-02
50.046783 -2.666e+00 -2.441e-01 3.794e-04 3.922e-06 3.922e-06 3.922e-03 -5.882e-05 3.663e-06 1.961e-02
50.056782 -2.754e+00 -2.783e-01 4.174e-04 3.922e-06 3.922e-06 3.922e-03 -5.882e-05 3.663e-06 1.961e-02
50.066784 -2.852e+00 -3.174e-01 4.699e-04 3.922e-06 3.922e-06 3.922e-03 -5.882e-05 3.663e-06 1.961e-02
50.076782 -2.944e+00 -3.418e-01 5.312e-04 3.922e-06 3.922e-06 3.922e-03 -5.882e-05 3.663e-06 1.961e-02
50.086781 -3.032e+00 -3.955e-01 6.041e-04 3.922e-06 3.922e-06 3.922e-03 -5.882e-05 3.663e-06 1.961e-02
50.096783 -3.130e+00 -4.199e-01 6.742e-04 3.922e-06 3.922e-06 3.922e-03 -5.882e-05 3.663e-06 1.961e-02
50.106781 -3.223e+00 -4.443e-01 7.501e-04 3.922e-06 3.922e-06 3.922e-03 -5.882e-05 3.663e-06 1.961e-02
50.116783 -3.311e+00 -4.785e-01 8.406e-04 3.922e-06 3.922e-06 3.922e-03 -5.882e-05 3.663e-06 1.961e-02
50.126781 -3.418e+00 -4.785e-01 9.135e-04 3.922e-06 3.922e-06 3.922e-03 -5.882e-05 3.663e-06 1.961e-02
50.136784 -3.496e+00 -5.029e-01 9.952e-04 3.922e-06 3.922e-06 3.922e-03 -5.882e-05 3.663e-06 1.961e-02
50.146782 -3.584e+00 -5.225e-01 1.097e-03 3.922e-06 3.922e-06 3.922e-03 -5.882e-05 3.663e-06 1.961e-02
50.156780 -3.672e+00 -5.322e-01 1.182e-03 3.922e-06 3.922e-06 3.922e-03 -5.882e-05 3.663e-06 1.961e-02
50.166782 -3.735e+00 -5.322e-01 1.264e-03 3.922e-06 3.922e-06 3.922e-03 -5.882e-05 3.663e-06 1.961e-02
50.176781 -3.809e+00 -5.371e-01 1.366e-03 3.922e-06 3.922e-06 3.922e-03 -5.882e-05 3.663e-06 1.961e-02
50.186783 -3.877e+00 -5.420e-01 1.456e-03 3.922e-06 3.922e-06 3.922e-03 -5.882e-05 3.663e-06 1.961e-02
50.196781 -3.926e+00 -5.322e-01 1.553e-03 3.922e-06 3.922e-06 3.922e-03 -5.882e-05 3.663e-06 1.961e-02
50.206783 -3.984e+00 -5.273e-01 1.643e-03 3.922e-06 3.922e-06 3.922e-03 -5.882e-05 3.663e-06 1.961e-02
50.216782 -4.043e+00 -5.127e-01 1.725e-03 3.922e-06 3.922e-06 3.922e-03 -5.882e-05 3.663e-06 1.961e-02
50.226780 -4.053e+00 -4.883e-01 1.818e-03 3.922e-06 3.922e-06 3.922e-03 -5.882e-05 3.663e-06 1.961e-02
50.236782 -4.106e+00 -4.688e-01 1.888e-03 3.922e-06 3.922e-06 3.922e-03 -5.882e-05 3.663e-06 1.961e-02
50.246780 -4.116e+00 -4.346e-01 1.958e-03 3.922e-06 3.922e-06 3.922e-03 -5.882e-05 3.663e-06 1.961e-02
50.256783 -4.126e+00 -4.053e-01 2.028e-03 3.922e-06 3.922e-06 3.922e-03 -5.882e-05 3.663e-06 1.961e-02
50.266781 -4.136e+00 -3.906e-01 2.107e-03 3.922e-06 3.922e-06 3.922e-03 -5.882e-05 3.663e-06 1.961e-02
50.276783 -4.116e+00 -3.467e-01 2.171e-03 3.922e-06 3.922e-06 3.922e-03 -5.882e-05 3.663e-06 1.961e-02
50.286781 -4.116e+00 -3.076e-01 2.218e-03 3.922e-06 3.922e-06 3.922e-03 -5.882e-05 3.663e-06 1.961e-02
50.296783 -4.097e+00 -2.588e-01 2.265e-03 3.922e-06 3.922e-06 3.922e-03 -5.882e-05 3.663e-06 1.961e-02
50.306782 -4.067e+00 -2.197e-01 2.303e-03 3.922e-06 3.922e-06 3.922e-03 -5.882e-05 3.663e-06 1.961e-02
50.316780 -4.033e+00 -1.855e-01 2.341e-03 3.922e-06 3.922e-06 3.922e-03 -5.882e-05 3.663e-06 1.961e-02
50.326782 -3.989e+00 -9.766e-02 2.341e-03 3.922e-06 3.922e-06 3.922e-03 -5.882e-05 3.663e-06 1.961e-02
50.336784 -3.945e+00 -7.812e-02 2.370e-03 3.922e-06 3.922e-06 3.922e-03 -5.882e-05 3.663e-06 1.961e-02
50.346783 -3.862e+00 -2.441e-02 2.379e-03 3.922e-06 3.922e-06 3.922e-03 -5.882e-05 3.663e-06 1.961e-02
50.356781 -3.794e+00 1.953e-02 2.387e-03 3.922e-06 3.922e-06 3.922e-03 -5.882e-05 3.663e-06 1.961e-02
50.366783 -3.730e+00 6.348e-02 2.379e-03 3.922e-06 3.922e-06 3.922e-03 -5.882e-05 3.663e-06 1.961e-02
50.376781 -3.633e+00 1.221e-01 2.358e-03 3.922e-06 3.922e-06 3.922e-03 -5.882e-05 3.663e-06 1.961e-02
50.386780 -3.569e+00 1.611e-01 2.344e-03 3.922e-06 3.922e-06 3.922e-03 -5.882e-05 3.663e-06 1.961e-02
50.396782 -3.472e+00 2.197e-01 2.306e-03 3.922e-06 3.922e-06 3.922e-03 -5.882e-05 3.663e-06 1.961e-02
50.406784 -3.379e+00 2.686e-01 2.262e-03 3.922e-06 3.922e-06 3.922e-03 -5.882e-05 3.663e-06 1.961e-02
50.416782 -3.291e+00 3.076e-01 2.215e-03 3.922e-06 3.922e-06 3.922e-03 -5.882e-05 3.663e-06 1.961e-02
50.426785 -3.164e+00 3.613e-01 2.151e-03 3.922e-06 3.922e-06 3.922e-03 -5.882e-05 3.663e-06 1.961e-02
50.436783 -3.086e+00 3.906e-01 2.098e-03 3.922e-06 3.922e-06 3.922e-03 -5.882e-05 3.663e-06 1.961e-02
50.446781 -2.969e+00 4.346e-01 2.034e-03 3.922e-06 3.922e-06 3.922e-03 -5.882e-05 3.663e-06 1.961e-02
50.456783 -2.866e+00 4.736e-01 1.961e-03 3.922e-06 3.922e-06 3.922e-03 -5.882e-05 3.663e-06 1.961e-02
50.466782 -2.773e+00 5.029e-01 1.882e-03 3.922e-06 3.922e-06 3.922e-03 -5.882e-05 3.663e-06 1.961e-02
50.476784 -2.661e+00 5.469e-01 1.789e-03 3.922e-06 3.922e-06 3.922e-03 -5.882e-05 3.663e-06 1.961e-02
50.486782 -2.568e+00 5.664e-01 1.699e-03 3.922e-06 3.922e-06 3.922e-03 -5.882e-05 3.663e-06 1.961e-02
50.496780 -2.461e+00 5.811e-01 1.617e-03 3.922e-06 3.922e-06 3.922e-03 -5.882e-05 3.663e-06 1.961e-02
50.506783 -2.368e+00 6.201e-01 1.503e-03 3.922e-06 3.922e-06 3.922e-03 -5.882e-05 3.663e-06 1.961e-02
50.516781 -2.271e+00 6.201e-01 1.421e-03 3.922e-06 3.922e-06 3.922e-03 -5.882e-05 3.663e-06 1.961e-02
50.526783 -2.168e+00 6.348e-01 1.316e-03 3.922e-06 3.922e-06 3.922e-03 -5.882e-05 3.663e-06 1.961e-02
50.536781 -2.104e+00 6.396e-01 1.211e-03 3.922e-06 3.922e-06 3.922e-03 -5.882e-05 3.663e-06 1.961e-02
50.546783 -2.017e+00 6.348e-01 1.121e-03 3.922e-06 3.922e-06 3.922e-03 -5.882e-05 3.663e-06 1.961e-02
50.556782 -1.958e+00 6.396e-01 1.016e-03 3.922e-06 3.922e-06 3.922e-03 -5.882e-05 3.663e-06 1.961e-02
50.566780 -1.899e+00 6.250e-01 9.164e-04 3.922e-06 3.922e-06 3.922e-03 -5.882e-05 3.663e-06 1.961e-02
50.576782 -1.831e+00 6.299e-01 8.055e-04 3.922e-06 3.922e-06 3.922e-03 -5.882e-05 3.663e-06 1.961e-02
50.586784 -1.792e+00 6.104e-01 7.151e-04 3.922e-06 3.922e-06 3.922e-03 -5.882e-05 3.663e-06 1.961e-02
50.596783 -1.743e+00 5.762e-01 6.363e-04 3.922e-06 3.922e-06 3.922e-03 -5.882e-05 3.663e-06 1.961e-02
50.606781 -1.709e+00 5.566e-01 5.399e-04 3.922e-06 3.922e-06 3.922e-03 -5.882e-05 3.663e-06 1.961e-02
50.616783 -1.689e+00 5.225e-01 4.670e-04 3.922e-06 3.922e-06 3.922e-03 -5.882e-05 3.663e-06 1.961e-02
50.626781 -1.680e+00 4.980e-01 3.882e-04 3.922e-06 3.922e-06 3.922e-03 -5.882e-05 3.663e-06 1.961e-02
50.636784 -1.680e+00 4.590e-01 3.181e-04 3.922e-06 3.922e-06 3.922e-03 -5.882e-05 3.663e-06 1.961e-02
50.646782 -1.680e+00 4.199e-01 2.510e-04 3.922e-06 3.922e-06 3.922e-03 -5.882e-05 3.663e-06 1.961e-02
50.656784 -1.689e+00 3.711e-01 1.897e-04 3.922e-06 3.922e-06 3.922e-03 -5.882e-05 3.663e-06 1.961e-02
50.666782 -1.714e+00 3.369e-01 1.313e-04 3.922e-06 3.922e-06 3.922e-03 -5.882e-05 3.663e-06 1.961e-02
50.676785 -1.758e+00 3.076e-01 7.296e-05 3.922e-06 3.922e-06 3.922e-03 -5.882e-05 3.663e-06 1.961e-02
50.686783 -1.782e+00 2.393e-01 5.253e-05 3.922e-06 3.922e-06 3.922e-03 -5.882e-05 3.663e-06 1.961e-02
50.696781 -1.816e+00 1.855e-01 3.502e-05 3.922e-06 3.922e-06 3.922e-03 -5.882e-05 3.663e-06 1.961e-02
50.706783 -1.895e+00 1.318e-01 2.043e-05 3.922e-06 3.922e-06 3.922e-03 -5.882e-05 3.663e-06 1.961e-02
50.716782 -1.978e+00 7.324e-02 8.756e-06 3.922e-06 3.922e-06 3.922e-03 -5.882e-05 3.663e-06 1.961e-02
50.726780 -2.051e+00 3.906e-02 -2.919e-06 3.922e-06 3.922e-06 3.922e-03 -5.882e-05 3.663e-06 1.961e-02
50.736782 -2.134e+00 -4.395e-02 2.043e-05 3.922e-06 3.922e-06 3.922e-03 -5.882e-05 3.663e-06 1.961e-02
50.746784 -2.207e+00 -8.789e-02 4.086e-05 3.922e-06 3.922e-06 3.922e-03 -5.882e-05 3.663e-06 1.961e-02
50.756783 -2.310e+00 -1.465e-01 6.421e-05 3.922e-06 3.922e-06 3.922e-03 -5.882e-05 3.663e-06 1.961e-02
50.766781 -2.412e+00 -2.051e-01 9.923e-05 3.922e-06 3.922e-06 3.922e-03 -5.882e-05 3.663e-06 1.961e-02
50.776783 -2.495e+00 -2.637e-01 1.605e-04 3.922e-06 3.922e-06 3.922e-03 -5.882e-05 3.663e-06 1.961e-02
50.786781 -2.627e+00 -3.076e-01 2.043e-04 3.922e-06 3.922e-06 3.922e-03 -5.882e-05 3.663e-06 1.961e-02
50.796780 -2.729e+00 -3.516e-01 2.627e-04 3.922e-06 3.922e-06 3.922e-03 -5.882e-05 3.663e-06 1.961e-02
50.806782 -2.842e+00 -4.004e-01 3.327e-04 3.922e-06 3.922e-06 3.922e-03 -5.882e-05 3.663e-06 1.961e-02
50.816780 -2.964e+00 -4.443e-01 4.115e-04 3.922e-06 3.922e-06 3.922e-03 -5.882e-05 3.663e-06 1.961e-02
50.826782 -3.086e+00 -4.736e-01 4.816e-04 3.922e-06 3.922e-06 3.922e-03 -5.882e-05 3.663e-06 1.961e-02
50.836781 -3.198e+00 -5.225e-01 5.837e-04 3.922e-06 3.922e-06 3.922e-03 -5.882e-05 3.663e-06 1.961e-02
50.846783 -3.311e+00 -5.420e-01 6.654e-04 3.922e-06 3.922e-06 3.922e-03 -5.882e-05 3.663e-06 1.961e-02
50.856781 -3.413e+00 -5.762e-01 7.705e-04 3.922e-06 3.922e-06 3.922e-03 -5.882e-05 3.663e-06 1.961e-02
50.866783 -3.530e+00 -6.055e-01 8.727e-04 3.922e-06 3.922e-06 3.922e-03 -5.882e-05 3.663e-06 1.961e-02
50.876781 -3.628e+00 -6.201e-01 9.777e-04 3.922e-06 3.922e-06 3.922e-03 -5.882e-05 3.663e-06 1.961e-02
50.886780 -3.730e+00 -6.543e-01 1.094e-03 3.922e-06 3.922e-06 3.922e-03 -5.882e-05 3.663e-06 1.961e-02
50.896782 -3.823e+00 -6.494e-01 1.200e-03 3.922e-06 3.922e-06 3.922e-03 -5.882e-05 3.663e-06 1.961e-02
50.906784 -3.921e+00 -6.592e-01 1.310e-03 3.922e-06 3.922e-06 3.922e-03 -5.882e-05 3.663e-06 1.961e-02
50.916782 -3.999e+00 -6.543e-01 1.413e-03 3.922e-06 3.922e-06 3.922e-03 -5.882e-05 3.663e-06 1.961e-02
50.926785 -4.077e+00 -6.543e-01 1.532e-03 3.922e-06 3.922e-06 3.922e-03 -5.882e-05 3.663e-06 1.961e-02
50.936783 -4.155e+00 -6.445e-01 1.637e-03 3.922e-06 3.922e-06 3.922e-03 -5.882e-05 3.663e-06 1.961e-02
50.946781 -4.204e+00 -6.201e-01 1.737e-03 3.922e-06 3.922e-06 3.922e-03 -5.882e-05 3.663e-06 1.961e-02
50.956783 -4.258e+00 -6.152e-01 1.847e-03 3.922e-06 3.922e-06 3.922e-03 -5.882e-05 3.663e-06 1.961e-02
50.966782 -4.307e+00 -5.908e-01 1.953e-03 3.922e-06 3.922e-06 3.922e-03 -5.882e-05 3.663e-06 1.961e-02
50.976784 -4.336e+00 -5.469e-01 2.037e-03 3.922e-06 3.922e-06 3.922e-03 -5.882e-05 3.663e-06 1.961e-02
50.986782 -4.355e+00 -5.371e-01 2.145e-03 3.922e-06 3.922e-06 3.922e-03 -5.882e-05 3.663e-06 1.961e-02
50.996780 -4.375e+00 -4.932e-01 2.221e-03 3.922e-06 3.922e-06 3.922e-03 -5.882e-05 3.663e-06 1.961e-02
51.006783 -4.380e+00 -4.492e-01 2.294e-03 3.922e-06 3.922e-06 3.922e-03 -5.882e-05 3.663e-06 1.961e-02
51.016781 -4.365e+00 -4.102e-01 2.361e-03 3.922e-06 3.922e-06 3.922e-03 -5.882e-05 3.663e-06 1.961e-02
51.026783 -4.331e+00 -3.613e-01 2.428e-03 3.922e-06 3.922e-06 3.922e-03 -5.882e-05 3.663e-06 1.961e-02
51.036781 -4.331e+00 -3.076e-01 2.478e-03 3.922e-06 3.922e-06 3.922e-03 -5.882e-05 3.663e-06 1.961e-02
51.046783 -4.297e+00 -2.588e-01 2.530e-03 3.922e-06 3.922e-06 3.922e-03 -5.882e-05 3.663e-06 1.961e-02
51.056782 -4.229e+00 -2.002e-01 2.563e-03 3.922e-06 3.922e-06 3.922e-03 -5.882e-05 3.663e-06 1.961e-02
51.066784 -4.175e+00 -1.514e-01 2.595e-03 3.922e-06 3.922e-06 3.922e-03 -5.882e-05 3.663e-06 1.961e-02
51.076782 -4.126e+00 -6.836e-02 2.598e-03 3.922e-06 3.922e-06 3.922e-03 -5.882e-05 3.663e-06 1.961e-02
51.086784 -4.053e+00 -2.441e-02 2.618e-03 3.922e-06 3.922e-06 3.922e-03 -5.882e-05 3.663e-06 1.961e-02
51.096783 -3.955e+00 2.930e-02 2.618e-03 3.922e-06 3.922e-06 3.922e-03 -5.882e-05 3.663e-06 1.961e-02
51.106781 -3.872e+00 1.025e-01 2.598e-03 3.922e-06 3.922e-06 3.922e-03 -5.882e-05 3.663e-06 1.961e-02
51.116783 -3.779e+00 1.611e-01 2.577e-03 3.922e-06 3.922e-06 3.922e-03 -5.882e-05 3.663e-06 1.961e-02
51.126781 -3.647e+00 2.100e-01 2.557e-03 3.922e-06 3.922e-06 3.922e-03 -5.882e-05 3.663e-06 1.961e-02
51.136784 -3.560e+00 2.734e-01 2.504e-03 3.922e-06 3.922e-06 3.922e-03 -5.882e-05 3.663e-06 1.961e-02
51.146782 -3.438e+00 3.320e-01 2.457e-03 3.922e-06 3.922e-06 3.922e-03 -5.882e-05 3.663e-06 1.961e-02
51.156780 -3.315e+00 3.906e-01 2.399e-03 3.922e-06 3.922e-06 3.922e-03 -5.882e-05 3.663e-06 1.961e-02
51.166782 -3.213e+00 4.443e-01 2.332e-03 3.922e-06 3.922e-06 3.922e-03 -5.882e-05 3.663e-06 1.961e-02
51.176781 -3.071e+00 5.029e-01 2.244e-03 3.922e-06 3.922e-06 3.922e-03 -5.882e-05 3.663e-06 1.961e-02
51.186783 -2.959e+00 5.420e-01 2.169e-03 3.922e-06 3.922e-06 3.922e-03 -5.882e-05 3.663e-06 1.961e-02
51.196781 -2.827e+00 5.859e-01 2.078e-03 3.922e-06 3.922e-06 3.922e-03 -5.882e-05 3.663e-06 1.961e-02
51.206779 -2.690e+00 6.201e-01 1.979e-03 3.922e-06 3.922e-06 3.922e-03 -5.882e-05 3.663e-06 1.961e-02
51.216782 -2.578e+00 6.592e-01 1.874e-03 3.922e-06 3.922e-06 3.922e-03 -5.882e-05 3.663e-06 1.961e-02
51.226780 -2.461e+00 6.982e-01 1.763e-03 3.922e-06 3.922e-06 3.922e-03 -5.882e-05 3.663e-06 1.961e-02
51.236782 -2.329e+00 7.080e-01 1.658e-03 3.922e-06 3.922e-06 3.922e-03 -5.882e-05 3.663e-06 1.961e-02
51.246780 -2.207e+00 7.324e-01 1.550e-03 3.922e-06 3.922e-06 3.922e-03 -5.882e-05 3.663e-06 1.961e-02
51.256783 -2.114e+00 7.471e-01 1.427e-03 3.922e-06 3.922e-06 3.922e-03 -5.882e-05 3.663e-06 1.961e-02
51.266781 -2.012e+00 7.520e-01 1.308e-03 3.922e-06 3.922e-06 3.922e-03 -5.882e-05 3.663e-06 1.961e-02
51.276783 -1.909e+00 7.764e-01 1.179e-03 3.922e-06 3.922e-06 3.922e-03 -5.882e-05 3.663e-06 1.961e-02
51.286781 -1.821e+00 7.764e-01 1.048e-03 3.922e-06 3.922e-06 3.922e-03 -5.882e-05 3.663e-06 1.961e-02
51.296780 -1.729e+00 7.715e-01 9.310e-04 3.922e-06 3.922e-06 3.922e-03 -5.882e-05 3.663e-06 1.961e-02
51.306782 -1.646e+00 7.568e-01 8.172e-04 3.922e-06 3.922e-06 3.922e-03 -5.882e-05 3.663e-06 1.961e-02
51.316784 -1.577e+00 7.422e-01 6.917e-04 3.922e-06 3.922e-06 3.922e-03 -5.882e-05 3.663e-06 1.961e-02
51.326782 -1.499e+00 7.129e-01 5.896e-04 3.922e-06 3.922e-06 3.922e-03 -5.882e-05 3.663e-06 1.961e-02
51.336781 -1.455e+00 6.836e-01 4.845e-04 3.922e-06 3.922e-06 3.922e-03 -5.882e-05 3.663e-06 1.961e-02
51.346783 -1.382e+00 6.641e-01 3.794e-04 3.922e-06 3.922e-06 3.922e-03 -5.882e-05 3.663e-06 1.961e-02
51.356781 -1.323e+00 6.348e-01 2.743e-04 3.922e-06 3.922e-06 3.922e-03 -5.882e-05 3.663e-06 1.961e-02
51.366783 -1.274e+00 5.957e-01 1.780e-04 3.922e-06 3.922e-06 3.922e-03 -5.882e-05 3.663e-06 1.961e-02
51.376781 -1.226e+00 5.615e-01 7.880e-05 3.922e-06 3.922e-06 3.922e-03 -5.882e-05 3.663e-06 1.961e-02
51.386784 -1.172e+00 5.029e-01 2.043e-05 3.922e-06 3.922e-06 3.922e-03 -5.882e-05 3.663e-06 1.961e-02
51.396782 -1.138e+00 4.639e-01 -5.545e-05 3.922e-06 3.922e-06 3.922e-03 -5.882e-05 3.663e-06 1.961e-02
51.406780 -1.118e+00 4.102e-01 -1.197e-04 3.922e-06 3.922e-06 3.922e-03 -5.882e-05 3.663e-06 1.961e-02
51.416782 -1.104e+00 3.564e-01 -1.693e-04 3.922e-06 3.922e-06 3.922e-03 -5.882e-05 3.663e-06 1.961e-02
51.426781 -1.108e+00 3.174e-01 -2.218e-04 3.922e-06 3.922e-06 3.922e-03 -5.882e-05 3.663e-06 1.961e-02
51.436783 -1.138e+00 2.588e-01 -2.598e-04 3.922e-06 3.922e-06 3.922e-03 -5.882e-05 3.663e-06 1.961e-02
51.446781 -1.157e+00 2.051e-01 -2.860e-04 3.922e-06 3.922e-06 3.922e-03 -5.882e-05 3.663e-06 1.961e-02
51.456783 -1.206e+00 1.562e-01 -3.123e-04 3.922e-06 3.922e-06 3.922e-03 -5.882e-05 3.663e-06 1.961e-02
51.466782 -1.265e+00 9.277e-02 -3.210e-04 3.922e-06 3.922e-06 3.922e-03 -5.882e-05 3.663e-06 1.961e-02
51.476784 -1.343e+00 3.906e-02 -3.240e-04 3.922e-06 3.922e-06 3.922e-03 -5.882e-05 3.663e-06 1.961e-02
51.486782 -1.450e+00 -2.930e-02 -3.123e-04 3.922e-06 3.922e-06 3.922e-03 -5.882e-05 3.663e-06 1.961e-02
51.496784 -1.572e+00 -8.301e-02 -2.948e-04 3.922e-06 3.922e-06 3.922e-03 -5.882e-05 3.663e-06 1.961e-02
51.506783 -1.714e+00 -1.514e-01 -2.627e-04 3.922e-06 3.922e-06 3.922e-03 -5.882e-05 3.663e-06 1.961e-02
51.516781 -1.870e+00 -2.100e-01 -2.277e-04 3.922e-06 3.922e-06 3.922e-03 -5.882e-05 3.663e-06 1.961e-02
51.526783 -2.017e+00 -2.588e-01 -1.839e-04 3.922e-06 3.922e-06 3.922e-03 -5.882e-05 3.663e-06 1.961e-02
51.536781 -2.168e+00 -3.223e-01 -1.313e-04 3.922e-06 3.922e-06 3.922e-03 -5.882e-05 3.663e-06 1.961e-02
51.546783 -2.319e+00 -3.760e-01 -6.421e-05 3.922e-06 3.922e-06 3.922e-03 -5.882e-05 3.663e-06 1.961e-02
51.556782 -2.476e+00 -4.346e-01 1.167e-05 3.922e-06 3.922e-06 3.922e-03 -5.882e-05 3.663e-06 1.961e-02
51.566784 -2.627e+00 -4.834e-01 9.048e-05 3.922e-06 3.922e-06 3.922e-03 -5.882e-05 3.663e-06 1.961e-02
51.576782 -2.793e+00 -5.371e-01 1.897e-04 3.922e-06 3.922e-06 3.922e-03 -5.882e-05 3.663e-06 1.961e-02
51.586781 -2.930e+00 -5.908e-01 2.889e-04 3.922e-06 3.922e-06 3.922e-03 -5.882e-05 3.663e-06 1.961e-02
51.596783 -3.081e+00 -6.299e-01 3.998e-04 3.922e-06 3.922e-06 3.922e-03 -5.882e-05 3.663e-06 1.961e-02
51.606781 -3.232e+00 -6.592e-01 5.049e-04 3.922e-06 3.922e-06 3.922e-03 -5.882e-05 3.663e-06 1.961e-02
51.616783 -3.384e+00 -7.129e-01 6.363e-04 3.922e-06 3.922e-06 3.922e-03 -5.882e-05 3.663e-06 1.961e-02
51.626781 -3.511e+00 -7.324e-01 7.588e-04 3.922e-06 3.922e-06 3.922e-03 -5.882e-05 3.663e-06 1.961e-02
51.636780 -3.657e+00 -7.568e-01 8.697e-04 3.922e-06 3.922e-06 3.922e-03 -5.882e-05 3.663e-06 1.961e-02
51.646782 -3.784e+00 -7.715e-01 9.982e-04 3.922e-06 3.922e-06 3.922e-03 -5.882e-05 3.663e-06 1.961e-02
51.656784 -3.911e+00 -7.812e-01 1.124e-03 3.922e-06 3.922e-06 3.922e-03 -5.882e-05 3.663e-06 1.961e-02
51.666782 -4.019e+00 -7.959e-01 1.267e-03 3.922e-06 3.922e-06 3.922e-03 -5.882e-05 3.663e-06 1.961e-02
51.676781 -4.121e+00 -7.910e-01 1.398e-03 3.922e-06 3.922e-06 3.922e-03 -5.882e-05 3.663e-06 1.961e-02
51.686783 -4.233e+00 -7.910e-01 1.529e-03 3.922e-06 3.922e-06 3.922e-03 -5.882e-05 3.663e-06 1.961e-02
51.696781 -4.312e+00 -7.812e-01 1.667e-03 3.922e-06 3.922e-06 3.922e-03 -5.882e-05 3.663e-06 1.961e-02
51.706779 -4.399e+00 -7.715e-01 1.807e-03 3.922e-06 3.922e-06 3.922e-03 -5.882e-05 3.663e-06 1.961e-02
51.716782 -4.473e+00 -7.520e-01 1.920e-03 3.922e-06 3.922e-06 3.922e-03 -5.882e-05 3.663e-06 1.961e-02
51.726784 -4.517e+00 -7.178e-01 2.040e-03 3.922e-06 3.922e-06 3.922e-03 -5.882e-05 3.663e-06 1.961e-02
51.736782 -4.575e+00 -6.836e-01 2.154e-03 3.922e-06 3.922e-06 3.922e-03 -5.882e-05 3.663e-06 1.961e-02
51.746780 -4.595e+00 -6.445e-01 2.262e-03 3.922e-06 3.922e-06 3.922e-03 -5.882e-05 3.663e-06 1.961e-02
51.756783 -4.614e+00 -6.152e-01 2.373e-03 3.922e-06 3.922e-06 3.922e-03 -5.882e-05 3.663e-06 1.961e-02
51.766781 -4.629e+00 -5.713e-01 2.466e-03 3.922e-06 3.922e-06 3.922e-03 -5.882e-05 3.663e-06 1.961e-02
51.776783 -4.624e+00 -4.980e-01 2.536e-03 3.922e-06 3.922e-06 3.922e-03 -5.882e-05 3.663e-06 1.961e-02
51.786781 -4.609e+00 -4.492e-01 2.615e-03 3.922e-06 3.922e-06 3.922e-03 -5.882e-05 3.663e-06 1.961e-02
51.796783 -4.575e+00 -3.955e-01 2.700e-03 3.922e-06 3.922e-06 3.922e-03 -5.882e-05 3.663e-06 1.961e-02
51.806782 -4.536e+00 -3.320e-01 2.755e-03 3.922e-06 3.922e-06 3.922e-03 -5.882e-05 3.663e-06 1.961e-02
51.816784 -4.497e+00 -2.783e-01 2.808e-03 3.922e-06 3.922e-06 3.922e-03 -5.882e-05 3.663e-06 1.961e-02
51.826782 -4.414e+00 -1.953e-01 2.834e-03 3.922e-06 3.922e-06 3.922e-03 -5.882e-05 3.663e-06 1.961e-02
51.836781 -4.365e+00 -1.318e-01 2.860e-03 3.922e-06 3.922e-06 3.922e-03 -5.882e-05 3.663e-06 1.961e-02
51.846783 -4.263e+00 -4.883e-02 2.872e-03 3.922e-06 3.922e-06 3.922e-03 -5.882e-05 3.663e-06 1.961e-02
51.856781 -4.165e+00 1.465e-02 2.875e-03 3.922e-06 3.922e-06 3.922e-03 -5.882e-05 3.663e-06 1.961e-02
51.866783 -4.072e+00 8.789e-02 2.854e-03 3.922e-06 3.922e-06 3.922e-03 -5.882e-05 3.663e-06 1.961e-02
51.876781 -3.936e+00 1.562e-01 2.846e-03 3.922e-06 3.922e-06 3.922e-03 -5.882e-05 3.663e-06 1.961e-02
51.886784 -3.843e+00 2.344e-01 2.799e-03 3.922e-06 3.922e-06 3.922e-03 -5.882e-05 3.663e-06 1.961e-02
51.896782 -3.706e+00 2.979e-01 2.764e-03 3.922e-06 3.922e-06 3.922e-03 -5.882e-05 3.663e-06 1.961e-02
51.906780 -3.569e+00 3.711e-01 2.708e-03 3.922e-06 3.922e-06 3.922e-03 -5.882e-05 3.663e-06 1.961e-02
51.916782 -3.442e+00 4.346e-01 2.635e-03 3.922e-06 3.922e-06 3.922e-03 -5.882e-05 3.663e-06 1.961e-02
51.926781 -3.291e+00 5.078e-01 2.560e-03 3.922e-06 3.922e-06 3.922e-03 -5.882e-05 3.663e-06 1.961e-02
51.936783 -3.149e+00 5.518e-01 2.478e-03 3.922e-06 3.922e-06 3.922e-03 -5.882e-05 3.663e-06 1.961e-02
51.946781 -2.983e+00 6.299e-01 2.367e-03 3.922e-06 3.922e-06 3.922e-03 -5.882e-05 3.663e-06 1.961e-02
51.956783 -2.842e+00 6.738e-01 2.268e-03 3.922e-06 3.922e-06 3.922e-03 -5.882e-05 3.663e-06 1.961e-02
51.966782 -2.690e+00 7.080e-01 2.163e-03 3.922e-06 3.922e-06 3.922e-03 -5.882e-05 3.663e-06 1.961e-02
51.976780 -2.549e+00 7.715e-01 2.034e-03 3.922e-06 3.922e-06 3.922e-03 -5.882e-05 3.663e-06 1.961e-02
51.986782 -2.412e+00 7.959e-01 1.918e-03 3.922e-06 3.922e-06 3.922e-03 -5.882e-05 3.663e-06 1.961e-02
51.996780 -2.251e+00 8.447e-01 1.780e-03 3.922e-06 3.922e-06 3.922e-03 -5.882e-05 3.663e-06 1.961e-02
52.006783 -2.119e+00 8.643e-01 1.649e-03 3.922e-06 3.922e-06 3.922e-03 -5.882e-05 3.663e-06 1.961e-02
52.016781 -1.987e+00 8.838e-01 1.503e-03 3.922e-06 3.922e-06 3.922e-03 -5.882e-05 3.663e-06 1.961e-02
52.026783 -1.865e+00 9.131e-01 1.343e-03 3.922e-06 3.922e-06 3.922e-03 -5.882e-05 3.663e-06 1.961e-02
52.036781 -1.738e+00 9.033e-01 1.220e-03 3.922e-06 3.922e-06 3.922e-03 -5.882e-05 3.663e-06 1.961e-02
52.046783 -1.616e+00 9.131e-01 1.065e-03 3.922e-06 3.922e-06 3.922e-03 -5.882e-05 3.663e-06 1.961e-02
52.056782 -1.509e+00 9.082e-01 9.194e-04 3.922e-06 3.922e-06 3.922e-03 -5.882e-05 3.663e-06 1.961e-02
52.066784 -1.392e+00 8.984e-01 7.793e-04 3.922e-06 3.922e-06 3.922e-03 -5.882e-05 3.663e-06 1.961e-02
52.076782 -1.250e+00 8.789e-01 6.450e-04 3.922e-06 3.922e-06 3.922e-03 -5.882e-05 3.663e-06 1.961e-02
52.086781 -1.147e+00 8.691e-01 4.903e-04 3.922e-06 3.922e-06 3.922e-03 -5.882e-05 3.663e-06 1.961e-02
52.096783 -1.006e+00 8.350e-01 3.765e-04 3.922e-06 3.922e-06 3.922e-03 -5.882e-05 3.663e-06 1.961e-02
52.106785 -8.838e-01 8.105e-01 2.422e-04 3.922e-06 3.922e-06 3.922e-03 -5.882e-05 3.663e-06 1.961e-02
52.116783 -7.568e-01 7.715e-01 1.197e-04 3.922e-06 3.922e-06 3.922e-03 -5.882e-05 3.663e-06 1.961e-02
52.126781 -6.152e-01 7.520e-01 0.000e+00 3.922e-06 3.922e-06 3.922e-03 -5.882e-05 3.663e-06 1.961e-02
52.136784 -4.932e-01 7.129e-01 -1.167e-04 3.922e-06 3.922e-06 3.922e-03 -5.882e-05 3.663e-06 1.961e-02
52.146782 -3.564e-01 6.787e-01 -2.247e-04 3.922e-06 3.922e-06 3.922e-03 -5.882e-05 3.663e-06 1.961e-02
52.156784 -2.295e-01 6.250e-01 -3.123e-04 3.922e-06 3.922e-06 3.922e-03 -5.882e-05 3.663e-06 1.961e-02
52.166782 -1.074e-01 5.762e-01 -3.998e-04 3.922e-06 3.922e-06 3.922e-03 -5.882e-05 3.663e-06 1.961e-02
52.176781 1.465e-02 5.420e-01 -4.874e-04 3.922e-06 3.922e-06 3.922e-03 -5.882e-05 3.663e-06 1.961e-02
52.186783 1.172e-01 4.834e-01 -5.545e-04 3.922e-06 3.922e-06 3.922e-03 -5.882e-05 3.663e-06 1.961e-02
52.196781 2.295e-01 4.443e-01 -6.246e-04 3.922e-06 3.922e-06 3.922e-03 -5.882e-05 3.663e-06 1.961e-02
52.206783 3.223e-01 3.955e-01 -6.859e-04 3.922e-06 3.922e-06 3.922e-03 -5.882e-05 3.663e-06 1.961e-02
52.216782 4.150e-01 3.418e-01 -7.296e-04 3.922e-06 3.922e-06 3.922e-03 -5.882e-05 3.663e-06 1.961e-02
52.226784 5.322e-01 3.076e-01 -7.734e-04 3.922e-06 3.922e-06 3.922e-03 -5.882e-05 3.663e-06 1.961e-02
52.236782 6.152e-01 2.637e-01 -8.201e-04 3.922e-06 3.922e-06 3.922e-03 -5.882e-05 3.663e-06 1.961e-02
52.246780 7.031e-01 2.246e-01 -8.493e-04 3.922e-06 3.922e-06 3.922e-03 -5.882e-05 3.663e-06 1.961e-02
52.256783 7.764e-01 1.807e-01 -8.668e-04 3.922e-06 3.922e-06 3.922e-03 -5.882e-05 3.663e-06 1.961e-02
52.266785 8.496e-01 1.367e-01 -8.902e-04 3.922e-06 3.922e-06 3.922e-03 -5.882e-05 3.663e-06 1.961e-02
52.276783 9.180e-01 1.123e-01 -9.048e-04 3.922e-06 3.922e-06 3.922e-03 -5.882e-05 3.663e-06 1.961e-02
52.286781 9.814e-01 7.324e-02 -9.077e-04 3.922e-06 3.922e-06 3.922e-03 -5.882e-05 3.663e-06 1.961e-02
52.296783 1.055e+00 4.395e-02 -8.960e-04 3.922e-06 3.922e-06 3.922e-03 -5.882e-05 3.663e-06 1.961e-02
52.306782 1.094e+00 1.465e-02 -9.048e-04 3.922e-06 3.922e-06 3.922e-03 -5.882e-05 3.663e-06 1.961e-02
52.316784 1.138e+00 -1.465e-02 -8.960e-04 3.922e-06 3.922e-06 3.922e-03 -5.882e-05 3.663e-06 1.961e-02
52.326782 1.206e+00 -2.930e-02 -8.843e-04 3.922e-06 3.922e-06 3.922e-03 -5.882e-05 3.663e-06 1.961e-02
52.336781 1.245e+00 -5.371e-02 -8.756e-04 3.922e-06 3.922e-06 3.922e-03 -5.882e-05 3.663e-06 1.961e-02
52.346783 1.299e+00 -8.301e-02 -8.435e-04 3.922e-06 3.922e-06 3.922e-03 -5.882e-05 3.663e-06 1.961e-02
52.356781 1.343e+00 -8.301e-02 -8.347e-04 3.922e-06 3.922e-06 3.922e-03 -5.882e-05 3.663e-06 1.961e-02
52.366783 1.382e+00 -9.766e-02 -8.114e-04 3.922e-06 3.922e-06 3.922e-03 -5.882e-05 3.663e-06 1.961e-02
52.376781 1.445e+00 -1.172e-01 -7.734e-04 3.922e-06 3.922e-06 3.922e-03 -5.882e-05 3.663e-06 1.961e-02
52.386784 1.479e+00 -1.270e-01 -7.501e-04 3.922e-06 3.922e-06 3.922e-03 -5.882e-05 3.663e-06 1.961e-02
52.396782 1.519e+00 -1.172e-01 -7.296e-04 3.922e-06 3.922e-06 3.922e-03 -5.882e-05 3.663e-06 1.961e-02
52.406780 1.572e+00 -1.221e-01 -6.975e-04 3.922e-06 3.922e-06 3.922e-03 -5.882e-05 3.663e-06 1.961e-02
52.416782 1.611e+00 -1.123e-01 -6.859e-04 3.922e-06 3.922e-06 3.922e-03 -5.882e-05 3.663e-06 1.961e-02
52.426781 1.694e+00 -1.123e-01 -6.421e-04 3.922e-06 3.922e-06 3.922e-03 -5.882e-05 3.663e-06 1.961e-02
52.436783 1.753e+00 -1.025e-01 -6.392e-04 3.922e-06 3.922e-06 3.922e-03 -5.882e-05 3.663e-06 1.961e-02
52.446781 1.831e+00 -7.812e-02 -6.246e-04 3.922e-06 3.922e-06 3.922e-03 -5.882e-05 3.663e-06 1.961e-02
52.456783 1.904e+00 -7.324e-02 -5.954e-04 3.922e-06 3.922e-06 3.922e-03 -5.882e-05 3.663e-06 1.961e-02
52.466782 1.978e+00 -5.859e-02 -5.866e-04 3.922e-06 3.922e-06 3.922e-03 -5.882e-05 3.663e-06 1.961e-02
52.476784 2.065e+00 -2.930e-02 -5.691e-04 3.922e-06 3.922e-06 3.922e-03 -5.882e-05 3.663e-06 1.961e-02
52.486782 2.134e+00 -9.766e-03 -5.604e-04 3.922e-06 3.922e-06 3.922e-03 -5.882e-05 3.663e-06 1.961e-02
52.496780 2.207e+00 2.441e-02 -5.691e-04 3.922e-06 3.922e-06 3.922e-03 -5.882e-05 3.663e-06 1.961e-02
52.506783 2.275e+00 4.883e-02 -5.633e-04 3.922e-06 3.922e-06 3.922e-03 -5.882e-05 3.663e-06 1.961e-02
52.516785 2.358e+00 6.836e-02 -5.691e-04 3.922e-06 3.922e-06 3.922e-03 -5.882e-05 3.663e-06 1.961e-02
52.526783 2.441e+00 9.766e-02 -5.662e-04 3.922e-06 3.922e-06 3.922e-03 -5.882e-05 3.663e-06 1.961e-02
52.536781 2.500e+00 1.172e-01 -5.866e-04 3.922e-06 3.922e-06 3.922e-03 -5.882e-05 3.663e-06 1.961e-02
52.546783 2.588e+00 1.611e-01 -6.100e-04 3.922e-06 3.922e-06 3.922e-03 -5.882e-05 3.663e-06 1.961e-02
52.556782 2.676e+00 1.807e-01 -6.304e-04 3.922e-06 3.922e-06 3.922e-03 -5.882e-05 3.663e-06 1.961e-02
52.566780 2.734e+00 2.100e-01 -6.625e-04 3.922e-06 3.922e-06 3.922e-03 -5.882e-05 3.663e-06 1.961e-02
52.576782 2.817e+00 2.441e-01 -6.975e-04 3.922e-06 3.922e-06 3.922e-03 -5.882e-05 3.663e-06 1.961e-02
52.586784 2.900e+00 2.637e-01 -7.296e-04 3.922e-06 3.922e-06 3.922e-03 -5.882e-05 3.663e-06 1.961e-02
52.596783 2.988e+00 2.930e-01 -7.705e-04 3.922e-06 3.922e-06 3.922e-03 -5.882e-05 3.663e-06 1.961e-02
52.606781 3.047e+00 3.174e-01 -8.172e-04 3.922e-06 3.922e-06 3.922e-03 -5.882e-05 3.663e-06 1.961e-02
52.616783 3.125e+00 3.369e-01 -8.727e-04 3.922e-06 3.922e-06 3.922e-03 -5.882e-05 3.663e-06 1.961e-02
52.626785 3.218e+00 3.516e-01 -9.135e-04 3.922e-06 3.922e-06 3.922e-03 -5.882e-05 3.663e-06 1.961e-02
52.636780 3.281e+00 3.760e-01 -9.719e-04 3.922e-06 3.922e-06 3.922e-03 -5.882e-05 3.663e-06 1.961e-02
52.646782 3.369e+00 4.004e-01 -1.036e-03 3.922e-06 3.922e-06 3.922e-03 -5.882e-05 3.663e-06 1.961e-02
52.656780 3.442e+00 4.102e-01 -1.094e-03 3.922e-06 3.922e-06 3.922e-03 -5.882e-05 3.663e-06 1.961e-02
52.666782 3.506e+00 4.199e-01 -1.153e-03 3.922e-06 3.922e-06 3.922e-03 -5.882e-05 3.663e-06 1.961e-02
52.676781 3.589e+00 4.297e-01 -1.217e-03 3.922e-06 3.922e-06 3.922e-03 -5.882e-05 3.663e-06 1.961e-02
52.686783 3.643e+00 4.346e-01 -1.284e-03 3.922e-06 3.922e-06 3.922e-03 -5.882e-05 3.663e-06 1.961e-02
52.696781 3.696e+00 4.443e-01 -1.354e-03 3.922e-06 3.922e-06 3.922e-03 -5.882e-05 3.663e-06 1.961e-02
52.706783 3.745e+00 4.297e-01 -1.413e-03 3.922e-06 3.922e-06 3.922e-03 -5.882e-05 3.663e-06 1.961e-02
52.716782 3.794e+00 4.297e-01 -1.480e-03 3.922e-06 3.922e-06 3.922e-03 -5.882e-05 3.663e-06 1.961e-02
52.726784 3.838e+00 4.443e-01 -1.556e-03 3.922e-06 3.922e-06 3.922e-03 -5.882e-05 3.663e-06 1.961e-02
52.736782 3.887e+00 4.199e-01 -1.611e-03 3.922e-06 3.922e-06 3.922e-03 -5.882e-05 3.663e-06 1.961e-02
52.746780 3.926e+00 4.199e-01 -1.669e-03 3.922e-06 3.922e-06 3.922e-03 -5.882e-05 3.663e-06 1.961e-02
52.756783 3.945e+00 4.053e-01 -1.737e-03 3.922e-06 3.922e-06 3.922e-03 -5.882e-05 3.663e-06 1.961e-02
52.766781 3.970e+00 3.809e-01 -1.792e-03 3.922e-06 3.922e-06 3.922e-03 -5.882e-05 3.663e-06 1.961e-02
52.776783 3.994e+00 3.760e-01 -1.850e-03 3.922e-06 3.922e-06 3.922e-03 -5.882e-05 3.663e-06 1.961e-02
52.786781 3.994e+00 3.418e-01 -1.897e-03 3.922e-06 3.922e-06 3.922e-03 -5.882e-05 3.663e-06 1.961e-02
52.796783 4.004e+00 3.320e-01 -1.953e-03 3.922e-06 3.922e-06 3.922e-03 -5.882e-05 3.663e-06 1.961e-02
52.806782 4.004e+00 3.125e-01 -1.996e-03 3.922e-06 3.922e-06 3.922e-03 -5.882e-05 3.663e-06 1.961e-02
52.816784 4.004e+00 2.686e-01 -2.028e-03 3.922e-06 3.922e-06 3.922e-03 -5.882e-05 3.663e-06 1.961e-02
52.826782 3.999e+00 2.539e-01 -2.069e-03 3.922e-06 3.922e-06 3.922e-03 -5.882e-05 3.663e-06 1.961e-02
52.836781 3.979e+00 2.100e-01 -2.093e-03 3.922e-06 3.922e-06 3.922e-03 -5.882e-05 3.663e-06 1.961e-02
52.846783 3.955e+00 1.855e-01 -2.113e-03 3.922e-06 3.922e-06 3.922e-03 -5.882e-05 3.663e-06 1.961e-02
52.856781 3.931e+00 1.465e-01 -2.125e-03 3.922e-06 3.922e-06 3.922e-03 -5.882e-05 3.663e-06 1.961e-02
52.866783 3.877e+00 1.074e-01 -2.145e-03 3.922e-06 3.922e-06 3.922e-03 -5.882e-05 3.663e-06 1.961e-02
52.876781 3.848e+00 8.789e-02 -2.160e-03 3.922e-06 3.922e-06 3.922e-03 -5.882e-05 3.663e-06 1.961e-02
52.886780 3.804e+00 3.418e-02 -2.148e-03 3.922e-06 3.922e-06 3.922e-03 -5.882e-05 3.663e-06 1.961e-02
52.896782 3.750e+00 9.766e-03 -2.151e-03 3.922e-06 3.922e-06 3.922e-03 -5.882e-05 3.663e-06 1.961e-02
52.906780 3.696e+00 -2.441e-02 -2.142e-03 3.922e-06 3.922e-06 3.922e-03 -5.882e-05 3.663e-06 1.961e-02
52.916782 3.638e+00 -5.859e-02 -2.131e-03 3.922e-06 3.922e-06 3.922e-03 -5.882e-05 3.663e-06 1.961e-02
52.926781 3.569e+00 -1.025e-01 -2.098e-03 3.922e-06 3.922e-06 3.922e-03 -5.882e-05 3.663e-06 1.961e-02
52.936783 3.516e+00 -1.514e-01 -2.063e-03 3.922e-06 3.922e-06 3.922e-03 -5.882e-05 3.663e-06 1.961e-02
52.946781 3.442e+00 -1.660e-01 -2.040e-03 3.922e-06 3.922e-06 3.922e-03 -5.882e-05 3.663e-06 1.961e-02
52.956783 3.359e+00 -1.953e-01 -2.014e-03 3.922e-06 3.922e-06 3.922e-03 -5.882e-05 3.663e-06 1.961e-02
52.966782 3.291e+00 -2.344e-01 -1.967e-03 3.922e-06 3.922e-06 3.922e-03 -5.882e-05 3.663e-06 1.961e-02
52.976784 3.223e+00 -2.539e-01 -1.918e-03 3.922e-06 3.922e-06 3.922e-03 -5.882e-05 3.663e-06 1.961e-02
52.986782 3.140e+00 -2.783e-01 -1.877e-03 3.922e-06 3.922e-06 3.922e-03 -5.882e-05 3.663e-06 1.961e-02
52.996784 3.086e+00 -3.076e-01 -1.810e-03 3.922e-06 3.922e-06 3.922e-03 -5.882e-05 3.663e-06 1.961e-02
53.006783 3.008e+00 -3.369e-01 -1.751e-03 3.922e-06 3.922e-06 3.922e-03 -5.882e-05 3.663e-06 1.961e-02
53.016785 2.939e+00 -3.516e-01 -1.690e-03 3.922e-06 3.922e-06 3.922e-03 -5.882e-05 3.663e-06 1.961e-02
53.026783 2.861e+00 -3.516e-01 -1.631e-03 3.922e-06 3.922e-06 3.922e-03 -5.882e-05 3.663e-06 1.961e-02
53.036781 2.808e+00 -3.955e-01 -1.553e-03 3.922e-06 3.922e-06 3.922e-03 -5.882e-05 3.663e-06 1.961e-02
53.046783 2.725e+00 -3.857e-01 -1.494e-03 3.922e-06 3.922e-06 3.922e-03 -5.882e-05 3.663e-06 1.961e-02
53.056782 2.661e+00 -4.053e-01 -1.418e-03 3.922e-06 3.922e-06 3.922e-03 -5.882e-05 3.663e-06 1.961e-02
53.066784 2.598e+00 -4.053e-01 -1.348e-03 3.922e-06 3.922e-06 3.922e-03 -5.882e-05 3.663e-06 1.961e-02
53.076782 2.559e+00 -3.906e-01 -1.287e-03 3.922e-06 3.922e-06 3.922e-03 -5.882e-05 3.663e-06 1.961e-02
53.086781 2.495e+00 -4.004e-01 -1.214e-03 3.922e-06 3.922e-06 3.922e-03 -5.882e-05 3.663e-06 1.961e-02
53.096783 2.451e+00 -3.955e-01 -1.138e-03 3.922e-06 3.922e-06 3.922e-03 -5.882e-05 3.663e-06 1.961e-02
53.106781 2.412e+00 -3.955e-01 -1.062e-03 3.922e-06 3.922e-06 3.922e-03 -5.882e-05 3.663e-06 1.961e-02
53.116783 2.373e+00 -3.809e-01 -1.001e-03 3.922e-06 3.922e-06 3.922e-03 -5.882e-05 3.663e-06 1.961e-02
53.126781 2.354e+00 -3.662e-01 -9.281e-04 3.922e-06 3.922e-06 3.922e-03 -5.882e-05 3.663e-06 1.961e-02
53.136784 2.314e+00 -3.467e-01 -8.756e-04 3.922e-06 3.922e-06 3.922e-03 -5.882e-05 3.663e-06 1.961e-02
53.146782 2.305e+00 -3.418e-01 -8.055e-04 3.922e-06 3.922e-06 3.922e-03 -5.882e-05 3.663e-06 1.961e-02
53.156780 2.290e+00 -3.174e-01 -7.501e-04 3.922e-06 3.922e-06 3.922e-03 -5.882e-05 3.663e-06 1.961e-02
53.166782 2.290e+00 -2.832e-01 -7.063e-04 3.922e-06 3.922e-06 3.922e-03 -5.882e-05 3.663e-06 1.961e-02
53.176781 2.285e+00 -2.490e-01 -6.625e-04 3.922e-06 3.922e-06 3.922e-03 -5.882e-05 3.663e-06 1.961e-02
53.186783 2.290e+00 -2.197e-01 -6.246e-04 3.922e-06 3.922e-06 3.922e-03 -5.882e-05 3.663e-06 1.961e-02
53.196781 2.310e+00 -1.953e-01 -5.779e-04 3.922e-06 3.922e-06 3.922e-03 -5.882e-05 3.663e-06 1.961e-02
53.206783 2.339e+00 -1.611e-01 -5.487e-04 3.922e-06 3.922e-06 3.922e-03 -5.882e-05 3.663e-06 1.961e-02
53.216782 2.363e+00 -1.318e-01 -5.166e-04 3.922e-06 3.922e-06 3.922e-03 -5.882e-05 3.663e-06 1.961e-02
53.226784 2.393e+00 -8.301e-02 -5.049e-04 3.922e-06 3.922e-06 3.922e-03 -5.882e-05 3.663e-06 1.961e-02
53.236782 2.432e+00 -4.883e-02 -4.903e-04 3.922e-06 3.922e-06 3.922e-03 -5.882e-05 3.663e-06 1.961e-02
53.246784 2.480e+00 -9.766e-03 -4.816e-04 3.922e-06 3.922e-06 3.922e-03 -5.882e-05 3.663e-06 1.961e-02
53.256783 2.534e+00 2.441e-02 -4.786e-04 3.922e-06 3.922e-06 3.922e-03 -5.882e-05 3.663e-06 1.961e-02
53.266781 2.593e+00 6.348e-02 -4.874e-04 3.922e-06 3.922e-06 3.922e-03 -5.882e-05 3.663e-06 1.961e-02
53.276783 2.666e+00 1.025e-01 -4.932e-04 3.922e-06 3.922e-06 3.922e-03 -5.882e-05 3.663e-06 1.961e-02
53.286781 2.705e+00 1.465e-01 -5.195e-04 3.922e-06 3.922e-06 3.922e-03 -5.882e-05 3.663e-06 1.961e-02
53.296783 2.798e+00 1.807e-01 -5.341e-04 3.922e-06 3.922e-06 3.922e-03 -5.882e-05 3.663e-06 1.961e-02
53.306782 2.866e+00 2.148e-01 -5.516e-04 3.922e-06 3.922e-06 3.922e-03 -5.882e-05 3.663e-06 1.961e-02
53.316784 2.935e+00 2.539e-01 -6.100e-04 3.922e-06 3.922e-06 3.922e-03 -5.882e-05 3.663e-06 1.961e-02
53.326782 3.022e+00 2.832e-01 -6.450e-04 3.922e-06 3.922e-06 3.922e-03 -5.882e-05 3.663e-06 1.961e-02
53.336781 3.086e+00 3.271e-01 -6.975e-04 3.922e-06 3.922e-06 3.922e-03 -5.882e-05 3.663e-06 1.961e-02
53.346783 3.179e+00 3.613e-01 -7.559e-04 3.922e-06 3.922e-06 3.922e-03 -5.882e-05 3.663e-06 1.961e-02
53.356781 3.267e+00 3.857e-01 -8.026e-04 3.922e-06 3.922e-06 3.922e-03 -5.882e-05 3.663e-06 1.961e-02
53.366783 3.345e+00 4.053e-01 -8.668e-04 3.922e-06 3.922e-06 3.922e-03 -5.882e-05 3.663e-06 1.961e-02
53.376781 3.438e+00 4.297e-01 -9.252e-04 3.922e-06 3.922e-06 3.922e-03 -5.882e-05 3.663e-06 1.961e-02
53.386784 3.491e+00 4.492e-01 -1.004e-03 3.922e-06 3.922e-06 3.922e-03 -5.882e-05 3.663e-06 1.961e-02
53.396782 3.589e+00 4.639e-01 -1.062e-03 3.922e-06 3.922e-06 3.922e-03 -5.882e-05 3.663e-06 1.961e-02
53.406780 3.652e+00 4.785e-01 -1.147e-03 3.922e-06 3.922e-06 3.922e-03 -5.882e-05 3.663e-06 1.961e-02
53.416782 3.711e+00 5.029e-01 -1.232e-03 3.922e-06 3.922e-06 3.922e-03 -5.882e-05 3.663e-06 1.961e-02
53.426785 3.794e+00 5.176e-01 -1.308e-03 3.922e-06 3.922e-06 3.922e-03 -5.882e-05 3.663e-06 1.961e-02
53.436783 3.838e+00 5.176e-01 -1.389e-03 3.922e-06 3.922e-06 3.922e-03 -5.882e-05 3.663e-06 1.961e-02
53.446781 3.926e+00 5.176e-01 -1.465e-03 3.922e-06 3.922e-06 3.922e-03 -5.882e-05 3.663e-06 1.961e-02
53.456783 3.979e+00 5.176e-01 -1.544e-03 3.922e-06 3.922e-06 3.922e-03 -5.882e-05 3.663e-06 1.961e-02
53.466782 4.019e+00 4.980e-01 -1.614e-03 3.922e-06 3.922e-06 3.922e-03 -5.882e-05 3.663e-06 1.961e-02
53.476784 4.092e+00 4.785e-01 -1.672e-03 3.922e-06 3.922e-06 3.922e-03 -5.882e-05 3.663e-06 1.961e-02
53.486782 4.111e+00 4.785e-01 -1.763e-03 3.922e-06 3.922e-06 3.922e-03 -5.882e-05 3.663e-06 1.961e-02
53.496784 4.141e+00 4.639e-01 -1.830e-03 3.922e-06 3.922e-06 3.922e-03 -5.882e-05 3.663e-06 1.961e-02
53.506783 4.170e+00 4.395e-01 -1.891e-03 3.922e-06 3.922e-06 3.922e-03 -5.882e-05 3.663e-06 1.961e-02
53.516781 4.189e+00 4.248e-01 -1.970e-03 3.922e-06 3.922e-06 3.922e-03 -5.882e-05 3.663e-06 1.961e-02
53.526783 4.194e+00 4.053e-01 -2.031e-03 3.922e-06 3.922e-06 3.922e-03 -5.882e-05 3.663e-06 1.961e-02
53.536781 4.185e+00 3.760e-01 -2.098e-03 3.922e-06 3.922e-06 3.922e-03 -5.882e-05 3.663e-06 1.961e-02
53.546783 4.189e+00 3.516e-01 -2.142e-03 3.922e-06 3.922e-06 3.922e-03 -5.882e-05 3.663e-06 1.961e-02
53.556782 4.199e+00 3.125e-01 -2.180e-03 3.922e-06 3.922e-06 3.922e-03 -5.882e-05 3.663e-06 1.961e-02
53.566780 4.175e+00 2.734e-01 -2.221e-03 3.922e-06 3.922e-06 3.922e-03 -5.882e-05 3.663e-06 1.961e-02
53.576782 4.146e+00 2.539e-01 -2.268e-03 3.922e-06 3.922e-06 3.922e-03 -5.882e-05 3.663e-06 1.961e-02
53.586784 4.121e+00 1.807e-01 -2.271e-03 3.922e-06 3.922e-06 3.922e-03 -5.882e-05 3.663e-06 1.961e-02
53.596783 4.087e+00 1.611e-01 -2.306e-03 3.922e-06 3.922e-06 3.922e-03 -5.882e-05 3.663e-06 1.961e-02
53.606781 4.033e+00 1.172e-01 -2.314e-03 3.922e-06 3.922e-06 3.922e-03 -5.882e-05 3.663e-06 1.961e-02
53.616783 3.979e+00 7.324e-02 -2.320e-03 3.922e-06 3.922e-06 3.922e-03 -5.882e-05 3.663e-06 1.961e-02
53.626781 3.921e+00 3.906e-02 -2.326e-03 3.922e-06 3.922e-06 3.922e-03 -5.882e-05 3.663e-06 1.961e-02
53.636784 3.857e+00 -1.465e-02 -2.320e-03 3.922e-06 3.922e-06 3.922e-03 -5.882e-05 3.663e-06 1.961e-02
53.646782 3.789e+00 -4.883e-02 -2.306e-03 3.922e-06 3.922e-06 3.922e-03 -5.882e-05 3.663e-06 1.961e-02
53.656784 3.721e+00 -9.766e-02 -2.279e-03 3.922e-06 3.922e-06 3.922e-03 -5.882e-05 3.663e-06 1.961e-02
53.666782 3.643e+00 -1.416e-01 -2.253e-03 3.922e-06 3.922e-06 3.922e-03 -5.882e-05 3.663e-06 1.961e-02
53.676781 3.569e+00 -1.807e-01 -2.218e-03 3.922e-06 3.922e-06 3.922e-03 -5.882e-05 3.663e-06 1.961e-02
53.686783 3.467e+00 -2.295e-01 -2.174e-03 3.922e-06 3.922e-06 3.922e-03 -5.882e-05 3.663e-06 1.961e-02
53.696781 3.389e+00 -2.588e-01 -2.131e-03 3.922e-06 3.922e-06 3.922e-03 -5.882e-05 3.663e-06 1.961e-02
53.706779 3.301e+00 -2.881e-01 -2.084e-03 3.922e-06 3.922e-06 3.922e-03 -5.882e-05 3.663e-06 1.961e-02
53.716782 3.203e+00 -3.320e-01 -2.020e-03 3.922e-06 3.922e-06 3.922e-03 -5.882e-05 3.663e-06 1.961e-02
53.726784 3.125e+00 -3.467e-01 -1.967e-03 3.922e-06 3.922e-06 3.922e-03 -5.882e-05 3.663e-06 1.961e-02
53.736782 3.047e+00 -3.906e-01 -1.891e-03 3.922e-06 3.922e-06 3.922e-03 -5.882e-05 3.663e-06 1.961e-02
53.746780 2.949e+00 -4.102e-01 -1.821e-03 3.922e-06 3.922e-06 3.922e-03 -5.882e-05 3.663e-06 1.961e-02
53.756783 2.866e+00 -4.395e-01 -1.745e-03 3.922e-06 3.922e-06 3.922e-03 -5.882e-05 3.663e-06 1.961e-02
53.766781 2.778e+00 -4.541e-01 -1.667e-03 3.922e-06 3.922e-06 3.922e-03 -5.882e-05 3.663e-06 1.961e-02
53.776783 2.700e+00 -4.688e-01 -1.582e-03 3.922e-06 3.922e-06 3.922e-03 -5.882e-05 3.663e-06 1.961e-02
53.786781 2.607e+00 -4.932e-01 -1.503e-03 3.922e-06 3.922e-06 3.922e-03 -5.882e-05 3.663e-06 1.961e-02
53.796783 2.539e+00 -4.883e-01 -1.416e-03 3.922e-06 3.922e-06 3.922e-03 -5.882e-05 3.663e-06 1.961e-02
53.806782 2.466e+00 -4.980e-01 -1.325e-03 3.922e-06 3.922e-06 3.922e-03 -5.882e-05 3.663e-06 1.961e-02
53.816784 2.397e+00 -5.176e-01 -1.232e-03 3.922e-06 3.922e-06 3.922e-03 -5.882e-05 3.663e-06 1.961e-02
53.826782 2.344e+00 -4.883e-01 -1.159e-03 3.922e-06 3.922e-06 3.922e-03 -5.882e-05 3.663e-06 1.961e-02
53.836781 2.275e+00 -4.883e-01 -1.068e-03 3.922e-06 3.922e-06 3.922e-03 -5.882e-05 3.663e-06 1.961e-02
53.846783 2.261e+00 -4.834e-01 -9.865e-04 3.922e-06 3.922e-06 3.922e-03 -5.882e-05 3.663e-06 1.961e-02
53.856781 2.202e+00 -4.688e-01 -9.048e-04 3.922e-06 3.922e-06 3.922e-03 -5.882e-05 3.663e-06 1.961e-02
53.866783 2.163e+00 -4.541e-01 -8.260e-04 3.922e-06 3.922e-06 3.922e-03 -5.882e-05 3.663e-06 1.961e-02
53.876781 2.139e+00 -4.150e-01 -7.588e-04 3.922e-06 3.922e-06 3.922e-03 -5.882e-05 3.663e-06 1.961e-02
53.886784 2.114e+00 -4.199e-01 -6.684e-04 3.922e-06 3.922e-06 3.922e-03 -5.882e-05 3.663e-06 1.961e-02
53.896782 2.100e+00 -3.662e-01 -6.187e-04 3.922e-06 3.922e-06 3.922e-03 -5.882e-05 3.663e-06 1.961e-02
53.906780 2.104e+00 -3.418e-01 -5.575e-04 3.922e-06 3.922e-06 3.922e-03 -5.882e-05 3.663e-06 1.961e-02
53.916782 2.104e+00 -3.125e-01 -5.020e-04 3.922e-06 3.922e-06 3.922e-03 -5.882e-05 3.663e-06 1.961e-02
53.926781 2.114e+00 -2.637e-01 -4.611e-04 3.922e-06 3.922e-06 3.922e-03 -5.882e-05 3.663e-06 1.961e-02
53.936783 2.129e+00 -2.393e-01 -4.057e-04 3.922e-06 3.922e-06 3.922e-03 -5.882e-05 3.663e-06 1.961e-02
53.946781 2.178e+00 -1.953e-01 -3.677e-04 3.922e-06 3.922e-06 3.922e-03 -5.882e-05 3.663e-06 1.961e-02
53.956783 2.202e+00 -1.514e-01 -3.415e-04 3.922e-06 3.922e-06 3.922e-03 -5.882e-05 3.663e-06 1.961e-02
53.966782 2.241e+00 -1.074e-01 -3.210e-04 3.922e-06 3.922e-06 3.922e-03 -5.882e-05 3.663e-06 1.961e-02
53.976784 2.290e+00 -4.883e-02 -3.065e-04 3.922e-06 3.922e-06 3.922e-03 -5.882e-05 3.663e-06 1.961e-02
53.986782 2.339e+00 -1.465e-02 -3.006e-04 3.922e-06 3.922e-06 3.922e-03 -5.882e-05 3.663e-06 1.961e-02
53.996780 2.417e+00 4.395e-02 -3.035e-04 3.922e-06 3.922e-06 3.922e-03 -5.882e-05 3.663e-06 1.961e-02
54.006783 2.495e+00 8.301e-02 -3.123e-04 3.922e-06 3.922e-06 3.922e-03 -5.882e-05 3.663e-06 1.961e-02
54.016785 2.563e+00 1.270e-01 -3.210e-04 3.922e-06 3.922e-06 3.922e-03 -5.882e-05 3.663e-06 1.961e-02
54.026783 2.646e+00 1.758e-01 -3.444e-04 3.922e-06 3.922e-06 3.922e-03 -5.882e-05 3.663e-06 1.961e-02
54.036781 2.734e+00 2.197e-01 -3.794e-04 3.922e-06 3.922e-06 3.922e-03 -5.882e-05 3.663e-06 1.961e-02
54.046783 2.822e+00 2.686e-01 -4.057e-04 3.922e-06 3.922e-06 3.922e-03 -5.882e-05 3.663e-06 1.961e-02
54.056782 2.905e+00 3.125e-01 -4.611e-04 3.922e-06 3.922e-06 3.922e-03 -5.882e-05 3.663e-06 1.961e-02
54.066784 2.993e+00 3.467e-01 -5.078e-04 3.922e-06 3.922e-06 3.922e-03 -5.882e-05 3.663e-06 1.961e-02
54.076782 3.115e+00 3.857e-01 -5.691e-04 3.922e-06 3.922e-06 3.922e-03 -5.882e-05 3.663e-06 1.961e-02
54.086781 3.184e+00 4.395e-01 -6.479e-04 3.922e-06 3.922e-06 3.922e-03 -5.882e-05 3.663e-06 1.961e-02
54.096783 3.296e+00 4.639e-01 -7.092e-04 3.922e-06 3.922e-06 3.922e-03 -5.882e-05 3.663e-06 1.961e-02
54.106785 3.403e+00 4.932e-01 -7.880e-04 3.922e-06 3.922e-06 3.922e-03 -5.882e-05 3.663e-06 1.961e-02
54.116783 3.506e+00 5.176e-01 -8.668e-04 3.922e-06 3.922e-06 3.922e-03 -5.882e-05 3.663e-06 1.961e-02
54.126781 3.604e+00 5.469e-01 -9.485e-04 3.922e-06 3.922e-06 3.922e-03 -5.882e-05 3.663e-06 1.961e-02
54.136780 3.701e+00 5.518e-01 -1.022e-03 3.922e-06 3.922e-06 3.922e-03 -5.882e-05 3.663e-06 1.961e-02
54.146782 3.779e+00 5.908e-01 -1.132e-03 3.922e-06 3.922e-06 3.922e-03 -5.882e-05 3.663e-06 1.961e-02
54.156780 3.862e+00 6.006e-01 -1.220e-03 3.922e-06 3.922e-06 3.922e-03 -5.882e-05 3.663e-06 1.961e-02
54.166782 3.940e+00 6.152e-01 -1.322e-03 3.922e-06 3.922e-06 3.922e-03 -5.882e-05 3.663e-06 1.961e-02
54.176781 4.028e+00 6.152e-01 -1.410e-03 3.922e-06 3.922e-06 3.922e-03 -5.882e-05 3.663e-06 1.961e-02
54.186783 4.097e+00 6.152e-01 -1.509e-03 3.922e-06 3.922e-06 3.922e-03 -5.882e-05 3.663e-06 1.961e-02
54.196781 4.175e+00 6.104e-01 -1.599e-03 3.922e-06 3.922e-06 3.922e-03 -5.882e-05 3.663e-06 1.961e-02
54.206783 4.214e+00 6.006e-01 -1.693e-03 3.922e-06 3.922e-06 3.922e-03 -5.882e-05 3.663e-06 1.961e-02
54.216782 4.277e+00 5.908e-01 -1.783e-03 3.922e-06 3.922e-06 3.922e-03 -5.882e-05 3.663e-06 1.961e-02
54.226784 4.326e+00 5.811e-01 -1.874e-03 3.922e-06 3.922e-06 3.922e-03 -5.882e-05 3.663e-06 1.961e-02
54.236782 4.365e+00 5.371e-01 -1.953e-03 3.922e-06 3.922e-06 3.922e-03 -5.882e-05 3.663e-06 1.961e-02
54.246784 4.375e+00 5.322e-01 -2.034e-03 3.922e-06 3.922e-06 3.922e-03 -5.882e-05 3.663e-06 1.961e-02
54.256783 4.390e+00 4.980e-01 -2.116e-03 3.922e-06 3.922e-06 3.922e-03 -5.882e-05 3.663e-06 1.961e-02
54.266781 4.404e+00 4.785e-01 -2.195e-03 3.922e-06 3.922e-06 3.922e-03 -5.882e-05 3.663e-06 1.961e-02
54.276783 4.424e+00 4.395e-01 -2.256e-03 3.922e-06 3.922e-06 3.922e-03 -5.882e-05 3.663e-06 1.961e-02
54.286781 4.409e+00 3.906e-01 -2.312e-03 3.922e-06 3.922e-06 3.922e-03 -5.882e-05 3.663e-06 1.961e-02
54.296783 4.404e+00 3.516e-01 -2.364e-03 3.922e-06 3.922e-06 3.922e-03 -5.882e-05 3.663e-06 1.961e-02
54.306782 4.370e+00 3.076e-01 -2.408e-03 3.922e-06 3.922e-06 3.922e-03 -5.882e-05 3.663e-06 1.961e-02
54.316780 4.346e+00 2.637e-01 -2.446e-03 3.922e-06 3.922e-06 3.922e-03 -5.882e-05 3.663e-06 1.961e-02
54.326782 4.312e+00 2.148e-01 -2.472e-03 3.922e-06 3.922e-06 3.922e-03 -5.882e-05 3.663e-06 1.961e-02
54.336781 4.238e+00 1.611e-01 -2.495e-03 3.922e-06 3.922e-06 3.922e-03 -5.882e-05 3.663e-06 1.961e-02
54.346783 4.194e+00 1.270e-01 -2.525e-03 3.922e-06 3.922e-06 3.922e-03 -5.882e-05 3.663e-06 1.961e-02
54.356781 4.126e+00 7.324e-02 -2.533e-03 3.922e-06 3.922e-06 3.922e-03 -5.882e-05 3.663e-06 1.961e-02
54.366783 4.062e+00 9.766e-03 -2.519e-03 3.922e-06 3.922e-06 3.922e-03 -5.882e-05 3.663e-06 1.961e-02
54.376781 3.989e+00 -3.418e-02 -2.507e-03 3.922e-06 3.922e-06 3.922e-03 -5.882e-05 3.663e-06 1.961e-02
54.386784 3.896e+00 -8.301e-02 -2.501e-03 3.922e-06 3.922e-06 3.922e-03 -5.882e-05 3.663e-06 1.961e-02
54.396782 3.813e+00 -1.318e-01 -2.469e-03 3.922e-06 3.922e-06 3.922e-03 -5.882e-05 3.663e-06 1.961e-02
54.406784 3.711e+00 -1.904e-01 -2.431e-03 3.922e-06 3.922e-06 3.922e-03 -5.882e-05 3.663e-06 1.961e-02
54.416782 3.608e+00 -2.393e-01 -2.387e-03 3.922e-06 3.922e-06 3.922e-03 -5.882e-05 3.663e-06 1.961e-02
54.426785 3.521e+00 -2.881e-01 -2.332e-03 3.922e-06 3.922e-06 3.922e-03 -5.882e-05 3.663e-06 1.961e-02
54.436783 3.408e+00 -3.320e-01 -2.277e-03 3.922e-06 3.922e-06 3.922e-03 -5.882e-05 3.663e-06 1.961e-02
54.446781 3.306e+00 -3.760e-01 -2.215e-03 3.922e-06 3.922e-06 3.922e-03 -5.882e-05 3.663e-06 1.961e-02
54.456783 3.198e+00 -4.102e-01 -2.145e-03 3.922e-06 3.922e-06 3.922e-03 -5.882e-05 3.663e-06 1.961e-02
54.466782 3.091e+00 -4.492e-01 -2.066e-03 3.922e-06 3.922e-06 3.922e-03 -5.882e-05 3.663e-06 1.961e-02
54.476784 2.983e+00 -4.688e-01 -1.993e-03 3.922e-06 3.922e-06 3.922e-03 -5.882e-05 3.663e-06 1.961e-02
54.486782 2.871e+00 -5.127e-01 -1.897e-03 3.922e-06 3.922e-06 3.922e-03 -5.882e-05 3.663e-06 1.961e-02
54.496780 2.778e+00 -5.371e-01 -1.801e-03 3.922e-06 3.922e-06 3.922e-03 -5.882e-05 3.663e-06 1.961e-02
54.506783 2.666e+00 -5.664e-01 -1.696e-03 3.922e-06 3.922e-06 3.922e-03 -5.882e-05 3.663e-06 1.961e-02
54.516781 2.563e+00 -5.859e-01 -1.602e-03 3.922e-06 3.922e-06 3.922e-03 -5.882e-05 3.663e-06 1.961e-02
54.526783 2.490e+00 -6.055e-01 -1.491e-03 3.922e-06 3.922e-06 3.922e-03 -5.882e-05 3.663e-06 1.961e-02
54.536781 2.378e+00 -6.250e-01 -1.386e-03 3.922e-06 3.922e-06 3.922e-03 -5.882e-05 3.663e-06 1.961e-02
54.546783 2.295e+00 -6.006e-01 -1.302e-03 3.922e-06 3.922e-06 3.922e-03 -5.882e-05 3.663e-06 1.961e-02
54.556782 2.222e+00 -6.055e-01 -1.194e-03 3.922e-06 3.922e-06 3.922e-03 -5.882e-05 3.663e-06 1.961e-02
54.566780 2.148e+00 -6.055e-01 -1.089e-03 3.922e-06 3.922e-06 3.922e-03 -5.882e-05 3.663e-06 1.961e-02
54.576782 2.095e+00 -6.055e-01 -9.719e-04 3.922e-06 3.922e-06 3.922e-03 -5.882e-05 3.663e-06 1.961e-02
54.586781 2.002e+00 -5.957e-01 -8.785e-04 3.922e-06 3.922e-06 3.922e-03 -5.882e-05 3.663e-06 1.961e-02
54.596783 1.978e+00 -5.615e-01 -7.822e-04 3.922e-06 3.922e-06 3.922e-03 -5.882e-05 3.663e-06 1.961e-02
54.606781 1.924e+00 -5.469e-01 -6.888e-04 3.922e-06 3.922e-06 3.922e-03 -5.882e-05 3.663e-06 1.961e-02
54.616783 1.895e+00 -5.176e-01 -6.071e-04 3.922e-06 3.922e-06 3.922e-03 -5.882e-05 3.663e-06 1.961e-02
54.626781 1.885e+00 -4.834e-01 -5.195e-04 3.922e-06 3.922e-06 3.922e-03 -5.882e-05 3.663e-06 1.961e-02
54.636784 1.875e+00 -4.541e-01 -4.378e-04 3.922e-06 3.922e-06 3.922e-03 -5.882e-05 3.663e-06 1.961e-02
54.646782 1.870e+00 -4.053e-01 -3.794e-04 3.922e-06 3.922e-06 3.922e-03 -5.882e-05 3.663e-06 1.961e-02
54.656780 1.885e+00 -3.760e-01 -3.035e-04 3.922e-06 3.922e-06 3.922e-03 -5.882e-05 3.663e-06 1.961e-02
54.666782 1.890e+00 -3.271e-01 -2.481e-04 3.922e-06 3.922e-06 3.922e-03 -5.882e-05 3.663e-06 1.961e-02
54.676781 1.924e+00 -2.783e-01 -1.955e-04 3.922e-06 3.922e-06 3.922e-03 -5.882e-05 3.663e-06 1.961e-02
54.686783 1.958e+00 -2.393e-01 -1.430e-04 3.922e-06 3.922e-06 3.922e-03 -5.882e-05 3.663e-06 1.961e-02
54.696785 1.997e+00 -1.660e-01 -1.255e-04 3.922e-06 3.922e-06 3.922e-03 -5.882e-05 3.663e-06 1.961e-02
54.706783 2.051e+00 -1.221e-01 -9.340e-05 3.922e-06 3.922e-06 3.922e-03 -5.882e-05 3.663e-06 1.961e-02
54.716782 2.119e+00 -5.859e-02 -8.756e-05 3.922e-06 3.922e-06 3.922e-03 -5.882e-05 3.663e-06 1.961e-02
54.726780 2.202e+00 -4.883e-03 -7.588e-05 3.922e-06 3.922e-06 3.922e-03 -5.882e-05 3.663e-06 1.961e-02
54.736782 2.275e+00 4.883e-02 -7.296e-05 3.922e-06 3.922e-06 3.922e-03 -5.882e-05 3.663e-06 1.961e-02
54.746784 2.358e+00 1.074e-01 -9.048e-05 3.922e-06 3.922e-06 3.922e-03 -5.882e-05 3.663e-06 1.961e-02
54.756783 2.451e+00 1.562e-01 -1.109e-04 3.922e-06 3.922e-06 3.922e-03 -5.882e-05 3.663e-06 1.961e-02
54.766781 2.554e+00 2.148e-01 -1.372e-04 3.922e-06 3.922e-06 3.922e-03 -5.882e-05 3.663e-06 1.961e-02
54.776783 2.656e+00 2.686e-01 -1.722e-04 3.922e-06 3.922e-06 3.922e-03 -5.882e-05 3.663e-06 1.961e-02
54.786781 2.759e+00 3.320e-01 -2.277e-04 3.922e-06 3.922e-06 3.922e-03 -5.882e-05 3.663e-06 1.961e-02
54.796783 2.876e+00 3.857e-01 -2.889e-04 3.922e-06 3.922e-06 3.922e-03 -5.882e-05 3.663e-06 1.961e-02
54.806782 2.988e+00 4.297e-01 -3.502e-04 3.922e-06 3.922e-06 3.922e-03 -5.882e-05 3.663e-06 1.961e-02
54.816784 3.105e+00 4.785e-01 -4.290e-04 3.922e-06 3.922e-06 3.922e-03 -5.882e-05 3.663e-06 1.961e-02
54.826782 3.228e+00 5.225e-01 -5.049e-04 3.922e-06 3.922e-06 3.922e-03 -5.882e-05 3.663e-06 1.961e-02
54.836781 3.340e+00 5.713e-01 -6.071e-04 3.922e-06 3.922e-06 3.922e-03 -5.882e-05 3.663e-06 1.961e-02
54.846783 3.477e+00 5.957e-01 -6.800e-04 3.922e-06 3.922e-06 3.922e-03 -5.882e-05 3.663e-06 1.961e-02
54.856781 3.589e+00 6.299e-01 -7.822e-04 3.922e-06 3.922e-06 3.922e-03 -5.882e-05 3.663e-06 1.961e-02
54.866783 3.701e+00 6.543e-01 -8.785e-04 3.922e-06 3.922e-06 3.922e-03 -5.882e-05 3.663e-06 1.961e-02
54.876781 3.823e+00 6.885e-01 -9.894e-04 3.922e-06 3.922e-06 3.922e-03 -5.882e-05 3.663e-06 1.961e-02
54.886784 3.940e+00 6.934e-01 -1.092e-03 3.922e-06 3.922e-06 3.922e-03 -5.882e-05 3.663e-06 1.961e-02
54.896782 4.038e+00 7.324e-01 -1.226e-03 3.922e-06 3.922e-06 3.922e-03 -5.882e-05 3.663e-06 1.961e-02
54.906780 4.136e+00 7.324e-01 -1.334e-03 3.922e-06 3.922e-06 3.922e-03 -5.882e-05 3.663e-06 1.961e-02
54.916782 4.224e+00 7.324e-01 -1.445e-03 3.922e-06 3.922e-06 3.922e-03 -5.882e-05 3.663e-06 1.961e-02
54.926785 4.307e+00 7.373e-01 -1.564e-03 3.922e-06 3.922e-06 3.922e-03 -5.882e-05 3.663e-06 1.961e-02
54.936783 4.370e+00 7.227e-01 -1.669e-03 3.922e-06 3.922e-06 3.922e-03 -5.882e-05 3.663e-06 1.961e-02
54.946781 4.453e+00 7.129e-01 -1.780e-03 3.922e-06 3.922e-06 3.922e-03 -5.882e-05 3.663e-06 1.961e-02
54.956783 4.512e+00 7.031e-01 -1.897e-03 3.922e-06 3.922e-06 3.922e-03 -5.882e-05 3.663e-06 1.961e-02
54.966782 4.561e+00 6.787e-01 -2.002e-03 3.922e-06 3.922e-06 3.922e-03 -5.882e-05 3.663e-06 1.961e-02
54.976784 4.604e+00 6.641e-01 -2.110e-03 3.922e-06 3.922e-06 3.922e-03 -5.882e-05 3.663e-06 1.961e-02
54.986782 4.624e+00 6.348e-01 -2.212e-03 3.922e-06 3.922e-06 3.922e-03 -5.882e-05 3.663e-06 1.961e-02
54.996780 4.658e+00 5.957e-01 -2.297e-03 3.922e-06 3.922e-06 3.922e-03 -5.882e-05 3.663e-06 1.961e-02
55.006783 4.673e+00 5.615e-01 -2.387e-03 3.922e-06 3.922e-06 3.922e-03 -5.882e-05 3.663e-06 1.961e-02
55.016781 4.663e+00 5.029e-01 -2.455e-03 3.922e-06 3.922e-06 3.922e-03 -5.882e-05 3.663e-06 1.961e-02
55.026783 4.673e+00 4.492e-01 -2.513e-03 3.922e-06 3.922e-06 3.922e-03 -5.882e-05 3.663e-06 1.961e-02
55.036781 4.634e+00 4.004e-01 -2.580e-03 3.922e-06 3.922e-06 3.922e-03 -5.882e-05 3.663e-06 1.961e-02
55.046783 4.609e+00 3.613e-01 -2.641e-03 3.922e-06 3.922e-06 3.922e-03 -5.882e-05 3.663e-06 1.961e-02
55.056782 4.565e+00 3.076e-01 -2.694e-03 3.922e-06 3.922e-06 3.922e-03 -5.882e-05 3.663e-06 1.961e-02
55.066784 4.512e+00 2.441e-01 -2.723e-03 3.922e-06 3.922e-06 3.922e-03 -5.882e-05 3.663e-06 1.961e-02
55.076782 4.453e+00 1.904e-01 -2.749e-03 3.922e-06 3.922e-06 3.922e-03 -5.882e-05 3.663e-06 1.961e-02
55.086784 4.390e+00 1.172e-01 -2.758e-03 3.922e-06 3.922e-06 3.922e-03 -5.882e-05 3.663e-06 1.961e-02
55.096783 4.307e+00 6.836e-02 -2.776e-03 3.922e-06 3.922e-06 3.922e-03 -5.882e-05 3.663e-06 1.961e-02
55.106781 4.214e+00 -4.883e-03 -2.761e-03 3.922e-06 3.922e-06 3.922e-03 -5.882e-05 3.663e-06 1.961e-02
55.116779 4.111e+00 -6.836e-02 -2.749e-03 3.922e-06 3.922e-06 3.922e-03 -5.882e-05 3.663e-06 1.961e-02
55.126781 4.019e+00 -1.270e-01 -2.723e-03 3.922e-06 3.922e-06 3.922e-03 -5.882e-05 3.663e-06 1.961e-02
55.136784 3.892e+00 -1.855e-01 -2.688e-03 3.922e-06 3.922e-06 3.922e-03 -5.882e-05 3.663e-06 1.961e-02
55.146782 3.794e+00 -2.441e-01 -2.647e-03 3.922e-06 3.922e-06 3.922e-03 -5.882e-05 3.663e-06 1.961e-02
55.156780 3.667e+00 -3.027e-01 -2.598e-03 3.922e-06 3.922e-06 3.922e-03 -5.882e-05 3.663e-06 1.961e-02
55.166782 3.545e+00 -3.613e-01 -2.536e-03 3.922e-06 3.922e-06 3.922e-03 -5.882e-05 3.663e-06 1.961e-02
55.176781 3.433e+00 -4.102e-01 -2.463e-03 3.922e-06 3.922e-06 3.922e-03 -5.882e-05 3.663e-06 1.961e-02
55.186783 3.296e+00 -4.736e-01 -2.379e-03 3.922e-06 3.922e-06 3.922e-03 -5.882e-05 3.663e-06 1.961e-02
55.196781 3.164e+00 -5.176e-01 -2.282e-03 3.922e-06 3.922e-06 3.922e-03 -5.882e-05 3.663e-06 1.961e-02
55.206783 3.022e+00 -5.664e-01 -2.186e-03 3.922e-06 3.922e-06 3.922e-03 -5.882e-05 3.663e-06 1.961e-02
55.216782 2.891e+00 -6.006e-01 -2.090e-03 3.922e-06 3.922e-06 3.922e-03 -5.882e-05 3.663e-06 1.961e-02
55.226784 2.773e+00 -6.299e-01 -1.988e-03 3.922e-06 3.922e-06 3.922e-03 -5.882e-05 3.663e-06 1.961e-02
55.236782 2.651e+00 -6.641e-01 -1.877e-03 3.922e-06 3.922e-06 3.922e-03 -5.882e-05 3.663e-06 1.961e-02
55.246780 2.529e+00 -6.885e-01 -1.751e-03 3.922e-06 3.922e-06 3.922e-03 -5.882e-05 3.663e-06 1.961e-02
55.256783 2.402e+00 -7.178e-01 -1.629e-03 3.922e-06 3.922e-06 3.922e-03 -5.882e-05 3.663e-06 1.961e-02
55.266781 2.285e+00 -7.324e-01 -1.506e-03 3.922e-06 3.922e-06 3.922e-03 -5.882e-05 3.663e-06 1.961e-02
55.276783 2.192e+00 -7.373e-01 -1.380e-03 3.922e-06 3.922e-06 3.922e-03 -5.882e-05 3.663e-06 1.961e-02
55.286781 2.080e+00 -7.520e-01 -1.249e-03 3.922e-06 3.922e-06 3.922e-03 -5.882e-05 3.663e-06 1.961e-02
55.296783 1.997e+00 -7.422e-01 -1.127e-03 3.922e-06 3.922e-06 3.922e-03 -5.882e-05 3.663e-06 1.961e-02
55.306782 1.904e+00 -7.373e-01 -1.001e-03 3.922e-06 3.922e-06 3.922e-03 -5.882e-05 3.663e-06 1.961e-02
55.316780 1.821e+00 -7.227e-01 -8.843e-04 3.922e-06 3.922e-06 3.922e-03 -5.882e-05 3.663e-06 1.961e-02
55.326782 1.753e+00 -6.982e-01 -7.647e-04 3.922e-06 3.922e-06 3.922e-03 -5.882e-05 3.663e-06 1.961e-02
55.336784 1.680e+00 -6.934e-01 -6.363e-04 3.922e-06 3.922e-06 3.922e-03 -5.882e-05 3.663e-06 1.961e-02
55.346783 1.606e+00 -6.592e-01 -5.283e-04 3.922e-06 3.922e-06 3.922e-03 -5.882e-05 3.663e-06 1.961e-02
55.356781 1.538e+00 -6.348e-01 -4.144e-04 3.922e-06 3.922e-06 3.922e-03 -5.882e-05 3.663e-06 1.961e-02
55.366783 1.460e+00 -6.006e-01 -3.152e-04 3.922e-06 3.922e-06 3.922e-03 -5.882e-05 3.663e-06 1.961e-02
55.376781 1.406e+00 -5.518e-01 -2.189e-04 3.922e-06 3.922e-06 3.922e-03 -5.882e-05 3.663e-06 1.961e-02
55.386784 1.338e+00 -5.176e-01 -1.343e-04 3.922e-06 3.922e-06 3.922e-03 -5.882e-05 3.663e-06 1.961e-02
55.396782 1.289e+00 -4.688e-01 -5.837e-05 3.922e-06 3.922e-06 3.922e-03 -5.882e-05 3.663e-06 1.961e-02
55.406784 1.245e+00 -4.199e-01 1.167e-05 3.922e-06 3.922e-06 3.922e-03 -5.882e-05 3.663e-06 1.961e-02
55.416782 1.216e+00 -3.711e-01 7.296e-05 3.922e-06 3.922e-06 3.922e-03 -5.882e-05 3.663e-06 1.961e-02
55.426781 1.201e+00 -3.174e-01 1.401e-04 3.922e-06 3.922e-06 3.922e-03 -5.882e-05 3.663e-06 1.961e-02
55.436783 1.187e+00 -2.832e-01 1.955e-04 3.922e-06 3.922e-06 3.922e-03 -5.882e-05 3.663e-06 1.961e-02
55.446781 1.206e+00 -2.148e-01 2.306e-04 3.922e-06 3.922e-06 3.922e-03 -5.882e-05 3.663e-06 1.961e-02
55.456783 1.221e+00 -1.611e-01 2.568e-04 3.922e-06 3.922e-06 3.922e-03 -5.882e-05 3.663e-06 1.961e-02
55.466782 1.255e+00 -1.025e-01 2.743e-04 3.922e-06 3.922e-06 3.922e-03 -5.882e-05 3.663e-06 1.961e-02
55.476784 1.313e+00 -4.883e-02 2.948e-04 3.922e-06 3.922e-06 3.922e-03 -5.882e-05 3.663e-06 1.961e-02
55.486782 1.377e+00 9.766e-03 2.860e-04 3.922e-06 3.922e-06 3.922e-03 -5.882e-05 3.663e-06 1.961e-02
55.496780 1.475e+00 6.836e-02 2.860e-04 3.922e-06 3.922e-06 3.922e-03 -5.882e-05 3.663e-06 1.961e-02
55.506783 1.597e+00 1.318e-01 2.627e-04 3.922e-06 3.922e-06 3.922e-03 -5.882e-05 3.663e-06 1.961e-02
55.516785 1.709e+00 1.855e-01 2.422e-04 3.922e-06 3.922e-06 3.922e-03 -5.882e-05 3.663e-06 1.961e-02
55.526783 1.904e+00 2.393e-01 2.131e-04 3.922e-06 3.922e-06 3.922e-03 -5.882e-05 3.663e-06 1.961e-02
55.536781 2.026e+00 3.027e-01 1.547e-04 3.922e-06 3.922e-06 3.922e-03 -5.882e-05 3.663e-06 1.961e-02
55.546783 2.217e+00 3.613e-01 1.109e-04 3.922e-06 3.922e-06 3.922e-03 -5.882e-05 3.663e-06 1.961e-02
55.556782 2.378e+00 4.102e-01 4.378e-05 3.922e-06 3.922e-06 3.922e-03 -5.882e-05 3.663e-06 1.961e-02
55.566780 2.549e+00 4.785e-01 -2.919e-05 3.922e-06 3.922e-06 3.922e-03 -5.882e-05 3.663e-06 1.961e-02
55.576782 2.705e+00 5.420e-01 -1.197e-04 3.922e-06 3.922e-06 3.922e-03 -5.882e-05 3.663e-06 1.961e-02
55.586781 2.866e+00 5.811e-01 -1.985e-04 3.922e-06 3.922e-06 3.922e-03 -5.882e-05 3.663e-06 1.961e-02
55.596783 3.037e+00 6.445e-01 -3.094e-04 3.922e-06 3.922e-06 3.922e-03 -5.882e-05 3.663e-06 1.961e-02
55.606781 3.203e+00 6.738e-01 -4.057e-04 3.922e-06 3.922e-06 3.922e-03 -5.882e-05 3.663e-06 1.961e-02
55.616783 3.364e+00 7.178e-01 -5.195e-04 3.922e-06 3.922e-06 3.922e-03 -5.882e-05 3.663e-06 1.961e-02
55.626781 3.516e+00 7.617e-01 -6.421e-04 3.922e-06 3.922e-06 3.922e-03 -5.882e-05 3.663e-06 1.961e-02
55.636784 3.662e+00 7.861e-01 -7.647e-04 3.922e-06 3.922e-06 3.922e-03 -5.882e-05 3.663e-06 1.961e-02
55.646782 3.809e+00 8.203e-01 -9.018e-04 3.922e-06 3.922e-06 3.922e-03 -5.882e-05 3.663e-06 1.961e-02
55.656784 3.950e+00 8.398e-01 -1.027e-03 3.922e-06 3.922e-06 3.922e-03 -5.882e-05 3.663e-06 1.961e-02
55.666782 4.082e+00 8.545e-01 -1.159e-03 3.922e-06 3.922e-06 3.922e-03 -5.882e-05 3.663e-06 1.961e-02
55.676781 4.214e+00 8.740e-01 -1.299e-03 3.922e-06 3.922e-06 3.922e-03 -5.882e-05 3.663e-06 1.961e-02
55.686783 4.302e+00 8.691e-01 -1.433e-03 3.922e-06 3.922e-06 3.922e-03 -5.882e-05 3.663e-06 1.961e-02
55.696781 4.443e+00 8.789e-01 -1.579e-03 3.922e-06 3.922e-06 3.922e-03 -5.882e-05 3.663e-06 1.961e-02
55.706783 4.526e+00 8.643e-01 -1.707e-03 3.922e-06 3.922e-06 3.922e-03 -5.882e-05 3.663e-06 1.961e-02
55.716782 4.629e+00 8.496e-01 -1.842e-03 3.922e-06 3.922e-06 3.922e-03 -5.882e-05 3.663e-06 1.961e-02
55.726784 4.702e+00 8.203e-01 -1.955e-03 3.922e-06 3.922e-06 3.922e-03 -5.882e-05 3.663e-06 1.961e-02
55.736782 4.771e+00 8.008e-01 -2.104e-03 3.922e-06 3.922e-06 3.922e-03 -5.882e-05 3.663e-06 1.961e-02
55.746784 4.814e+00 7.764e-01 -2.218e-03 3.922e-06 3.922e-06 3.922e-03 -5.882e-05 3.663e-06 1.961e-02
55.756783 4.854e+00 7.520e-01 -2.341e-03 3.922e-06 3.922e-06 3.922e-03 -5.882e-05 3.663e-06 1.961e-02
55.766781 4.893e+00 7.178e-01 -2.455e-03 3.922e-06 3.922e-06 3.922e-03 -5.882e-05 3.663e-06 1.961e-02
55.776783 4.917e+00 6.592e-01 -2.548e-03 3.922e-06 3.922e-06 3.922e-03 -5.882e-05 3.663e-06 1.961e-02
55.786781 4.917e+00 6.104e-01 -2.647e-03 3.922e-06 3.922e-06 3.922e-03 -5.882e-05 3.663e-06 1.961e-02
55.796783 4.917e+00 5.518e-01 -2.720e-03 3.922e-06 3.922e-06 3.922e-03 -5.882e-05 3.663e-06 1.961e-02
55.806782 4.893e+00 4.883e-01 -2.796e-03 3.922e-06 3.922e-06 3.922e-03 -5.882e-05 3.663e-06 1.961e-02
55.816784 4.858e+00 4.248e-01 -2.863e-03 3.922e-06 3.922e-06 3.922e-03 -5.882e-05 3.663e-06 1.961e-02
55.826782 4.829e+00 3.613e-01 -2.913e-03 3.922e-06 3.922e-06 3.922e-03 -5.882e-05 3.663e-06 1.961e-02
55.836781 4.727e+00 2.930e-01 -2.959e-03 3.922e-06 3.922e-06 3.922e-03 -5.882e-05 3.663e-06 1.961e-02
55.846783 4.673e+00 2.246e-01 -2.992e-03 3.922e-06 3.922e-06 3.922e-03 -5.882e-05 3.663e-06 1.961e-02
55.856781 4.590e+00 1.611e-01 -3.018e-03 3.922e-06 3.922e-06 3.922e-03 -5.882e-05 3.663e-06 1.961e-02
55.866783 4.492e+00 8.789e-02 -3.030e-03 3.922e-06 3.922e-06 3.922e-03 -5.882e-05 3.663e-06 1.961e-02
55.876781 4.409e+00 9.766e-03 -3.015e-03 3.922e-06 3.922e-06 3.922e-03 -5.882e-05 3.663e-06 1.961e-02
55.886784 4.287e+00 -7.324e-02 -3.000e-03 3.922e-06 3.922e-06 3.922e-03 -5.882e-05 3.663e-06 1.961e-02
55.896782 4.180e+00 -1.416e-01 -2.974e-03 3.922e-06 3.922e-06 3.922e-03 -5.882e-05 3.663e-06 1.961e-02
55.906784 4.043e+00 -2.197e-01 -2.933e-03 3.922e-06 3.922e-06 3.922e-03 -5.882e-05 3.663e-06 1.961e-02
55.916782 3.906e+00 -2.930e-01 -2.881e-03 3.922e-06 3.922e-06 3.922e-03 -5.882e-05 3.663e-06 1.961e-02
55.926781 3.770e+00 -3.564e-01 -2.822e-03 3.922e-06 3.922e-06 3.922e-03 -5.882e-05 3.663e-06 1.961e-02
55.936783 3.623e+00 -4.297e-01 -2.749e-03 3.922e-06 3.922e-06 3.922e-03 -5.882e-05 3.663e-06 1.961e-02
55.946781 3.472e+00 -4.932e-01 -2.662e-03 3.922e-06 3.922e-06 3.922e-03 -5.882e-05 3.663e-06 1.961e-02
55.956783 3.330e+00 -5.469e-01 -2.574e-03 3.922e-06 3.922e-06 3.922e-03 -5.882e-05 3.663e-06 1.961e-02
55.966782 3.174e+00 -6.055e-01 -2.469e-03 3.922e-06 3.922e-06 3.922e-03 -5.882e-05 3.663e-06 1.961e-02
55.976780 3.018e+00 -6.543e-01 -2.358e-03 3.922e-06 3.922e-06 3.922e-03 -5.882e-05 3.663e-06 1.961e-02
55.986782 2.852e+00 -7.031e-01 -2.250e-03 3.922e-06 3.922e-06 3.922e-03 -5.882e-05 3.663e-06 1.961e-02
55.996784 2.720e+00 -7.471e-01 -2.110e-03 3.922e-06 3.922e-06 3.922e-03 -5.882e-05 3.663e-06 1.961e-02
56.006783 2.554e+00 -7.812e-01 -1.982e-03 3.922e-06 3.922e-06 3.922e-03 -5.882e-05 3.663e-06 1.961e-02
56.016781 2.412e+00 -8.154e-01 -1.845e-03 3.922e-06 3.922e-06 3.922e-03 -5.882e-05 3.663e-06 1.961e-02
56.026783 2.280e+00 -8.301e-01 -1.707e-03 3.922e-06 3.922e-06 3.922e-03 -5.882e-05 3.663e-06 1.961e-02
56.036781 2.134e+00 -8.545e-01 -1.567e-03 3.922e-06 3.922e-06 3.922e-03 -5.882e-05 3.663e-06 1.961e-02
56.046783 2.012e+00 -8.691e-01 -1.410e-03 3.922e-06 3.922e-06 3.922e-03 -5.882e-05 3.663e-06 1.961e-02
56.056782 1.895e+00 -8.936e-01 -1.249e-03 3.922e-06 3.922e-06 3.922e-03 -5.882e-05 3.663e-06 1.961e-02
56.066784 1.787e+00 -8.887e-01 -1.106e-03 3.922e-06 3.922e-06 3.922e-03 -5.882e-05 3.663e-06 1.961e-02
56.076782 1.660e+00 -8.740e-01 -9.602e-04 3.922e-06 3.922e-06 3.922e-03 -5.882e-05 3.663e-06 1.961e-02
56.086784 1.533e+00 -8.838e-01 -7.997e-04 3.922e-06 3.922e-06 3.922e-03 -5.882e-05 3.663e-06 1.961e-02
56.096783 1.392e+00 -8.398e-01 -6.713e-04 3.922e-06 3.922e-06 3.922e-03 -5.882e-05 3.663e-06 1.961e-02
56.106781 1.255e+00 -8.252e-01 -5.283e-04 3.922e-06 3.922e-06 3.922e-03 -5.882e-05 3.663e-06 1.961e-02
56.116783 1.118e+00 -7.812e-01 -4.057e-04 3.922e-06 3.922e-06 3.922e-03 -5.882e-05 3.663e-06 1.961e-02
56.126781 9.912e-01 -7.617e-01 -2.685e-04 3.922e-06 3.922e-06 3.922e-03 -5.882e-05 3.663e-06 1.961e-02
56.136784 8.496e-01 -7.373e-01 -1.401e-04 3.922e-06 3.922e-06 3.922e-03 -5.882e-05 3.663e-06 1.961e-02
56.146782 7.178e-01 -6.982e-01 -2.043e-05 3.922e-06 3.922e-06 3.922e-03 -5.882e-05 3.663e-06 1.961e-02
56.156784 5.713e-01 -6.592e-01 8.756e-05 3.922e-06 3.922e-06 3.922e-03 -5.882e-05 3.663e-06 1.961e-02
56.166782 4.297e-01 -6.201e-01 1.955e-04 3.922e-06 3.922e-06 3.922e-03 -5.882e-05 3.663e-06 1.961e-02
56.176781 3.027e-01 -5.664e-01 2.889e-04 3.922e-06 3.922e-06 3.922e-03 -5.882e-05 3.663e-06 1.961e-02
56.186783 1.465e-01 -5.225e-01 3.648e-04 3.922e-06 3.922e-06 3.922e-03 -5.882e-05 3.663e-06 1.961e-02
56.196781 4.395e-02 -4.785e-01 4.553e-04 3.922e-06 3.922e-06 3.922e-03 -5.882e-05 3.663e-06 1.961e-02
56.206783 -8.789e-02 -4.297e-01 5.312e-04 3.922e-06 3.922e-06 3.922e-03 -5.882e-05 3.663e-06 1.961e-02
56.216782 -2.002e-01 -3.906e-01 6.012e-04 3.922e-06 3.922e-06 3.922e-03 -5.882e-05 3.663e-06 1.961e-02
56.226784 -3.076e-01 -3.369e-01 6.538e-04 3.922e-06 3.922e-06 3.922e-03 -5.882e-05 3.663e-06 1.961e-02
56.236782 -4.297e-01 -2.979e-01 7.034e-04 3.922e-06 3.922e-06 3.922e-03 -5.882e-05 3.663e-06 1.961e-02
56.246784 -5.322e-01 -2.637e-01 7.676e-04 3.922e-06 3.922e-06 3.922e-03 -5.882e-05 3.663e-06 1.961e-02
56.256783 -6.299e-01 -2.246e-01 8.026e-04 3.922e-06 3.922e-06 3.922e-03 -5.882e-05 3.663e-06 1.961e-02
56.266781 -7.324e-01 -1.807e-01 8.435e-04 3.922e-06 3.922e-06 3.922e-03 -5.882e-05 3.663e-06 1.961e-02
56.276783 -8.301e-01 -1.367e-01 8.581e-04 3.922e-06 3.922e-06 3.922e-03 -5.882e-05 3.663e-06 1.961e-02
56.286781 -9.180e-01 -1.025e-01 8.785e-04 3.922e-06 3.922e-06 3.922e-03 -5.882e-05 3.663e-06 1.961e-02
56.296783 -1.001e+00 -6.348e-02 8.843e-04 3.922e-06 3.922e-06 3.922e-03 -5.882e-05 3.663e-06 1.961e-02
56.306782 -1.094e+00 -2.930e-02 8.902e-04 3.922e-06 3.922e-06 3.922e-03 -5.882e-05 3.663e-06 1.961e-02
56.316784 -1.177e+00 -9.766e-03 8.960e-04 3.922e-06 3.922e-06 3.922e-03 -5.882e-05 3.663e-06 1.961e-02
56.326782 -1.260e+00 1.465e-02 9.048e-04 3.922e-06 3.922e-06 3.922e-03 -5.882e-05 3.663e-06 1.961e-02
56.336781 -1.333e+00 1.953e-02 9.135e-04 3.922e-06 3.922e-06 3.922e-03 -5.882e-05 3.663e-06 1.961e-02
56.346783 -1.416e+00 6.348e-02 8.902e-04 3.922e-06 3.922e-06 3.922e-03 -5.882e-05 3.663e-06 1.961e-02
56.356785 -1.499e+00 6.836e-02 8.843e-04 3.922e-06 3.922e-06 3.922e-03 -5.882e-05 3.663e-06 1.961e-02
56.366783 -1.587e+00 7.324e-02 8.785e-04 3.922e-06 3.922e-06 3.922e-03 -5.882e-05 3.663e-06 1.961e-02
56.376781 -1.670e+00 1.025e-01 8.522e-04 3.922e-06 3.922e-06 3.922e-03 -5.882e-05 3.663e-06 1.961e-02
56.386784 -1.753e+00 1.074e-01 8.260e-04 3.922e-06 3.922e-06 3.922e-03 -5.882e-05 3.663e-06 1.961e-02
56.396782 -1.812e+00 1.221e-01 8.085e-04 3.922e-06 3.922e-06 3.922e-03 -5.882e-05 3.663e-06 1.961e-02
56.406784 -1.890e+00 1.074e-01 8.055e-04 3.922e-06 3.922e-06 3.922e-03 -5.882e-05 3.663e-06 1.961e-02
56.416782 -1.948e+00 9.766e-02 7.880e-04 3.922e-06 3.922e-06 3.922e-03 -5.882e-05 3.663e-06 1.961e-02
56.426785 -2.007e+00 9.766e-02 7.793e-04 3.922e-06 3.922e-06 3.922e-03 -5.882e-05 3.663e-06 1.961e-02
56.436783 -2.065e+00 8.789e-02 7.618e-04 3.922e-06 3.922e-06 3.922e-03 -5.882e-05 3.663e-06 1.961e-02
56.446781 -2.114e+00 7.324e-02 7.647e-04 3.922e-06 3.922e-06 3.922e-03 -5.882e-05 3.663e-06 1.961e-02
56.456783 -2.163e+00 6.836e-02 7.501e-04 3.922e-06 3.922e-06 3.922e-03 -5.882e-05 3.663e-06 1.961e-02
56.466782 -2.217e+00 4.883e-02 7.472e-04 3.922e-06 3.922e-06 3.922e-03 -5.882e-05 3.663e-06 1.961e-02
56.476784 -2.266e+00 3.906e-02 7.442e-04 3.922e-06 3.922e-06 3.922e-03 -5.882e-05 3.663e-06 1.961e-02
56.486782 -2.310e+00 9.766e-03 7.501e-04 3.922e-06 3.922e-06 3.922e-03 -5.882e-05 3.663e-06 1.961e-02
56.496780 -2.358e+00 0.000e+00 7.501e-04 3.922e-06 3.922e-06 3.922e-03 -5.882e-05 3.663e-06 1.961e-02
56.506783 -2.422e+00 -1.465e-02 7.501e-04 3.922e-06 3.922e-06 3.922e-03 -5.882e-05 3.663e-06 1.961e-02
56.516781 -2.480e+00 -2.930e-02 7.530e-04 3.922e-06 3.922e-06 3.922e-03 -5.882e-05 3.663e-06 1.961e-02
56.526783 -2.505e+00 -4.395e-02 7.618e-04 3.922e-06 3.922e-06 3.922e-03 -5.882e-05 3.663e-06 1.961e-02
56.536781 -2.568e+00 -6.836e-02 7.734e-04 3.922e-06 3.922e-06 3.922e-03 -5.882e-05 3.663e-06 1.961e-02
56.546783 -2.607e+00 -8.789e-02 7.997e-04 3.922e-06 3.922e-06 3.922e-03 -5.882e-05 3.663e-06 1.961e-02
56.556782 -2.676e+00 -1.025e-01 8.085e-04 3.922e-06 3.922e-06 3.922e-03 -5.882e-05 3.663e-06 1.961e-02
56.566784 -2.725e+00 -1.172e-01 8.318e-04 3.922e-06 3.922e-06 3.922e-03 -5.882e-05 3.663e-06 1.961e-02
56.576782 -2.773e+00 -1.270e-01 8.522e-04 3.922e-06 3.922e-06 3.922e-03 -5.882e-05 3.663e-06 1.961e-02
56.586781 -2.827e+00 -1.514e-01 8.814e-04 3.922e-06 3.922e-06 3.922e-03 -5.882e-05 3.663e-06 1.961e-02
56.596783 -2.871e+00 -1.611e-01 9.135e-04 3.922e-06 3.922e-06 3.922e-03 -5.882e-05 3.663e-06 1.961e-02
56.606781 -2.920e+00 -1.807e-01 9.369e-04 3.922e-06 3.922e-06 3.922e-03 -5.882e-05 3.663e-06 1.961e-02
56.616783 -2.974e+00 -1.953e-01 9.748e-04 3.922e-06 3.922e-06 3.922e-03 -5.882e-05 3.663e-06 1.961e-02
56.626781 -3.013e+00 -1.953e-01 1.004e-03 3.922e-06 3.922e-06 3.922e-03 -5.882e-05 3.663e-06 1.961e-02
56.636784 -3.071e+00 -2.295e-01 1.062e-03 3.922e-06 3.922e-06 3.922e-03 -5.882e-05 3.663e-06 1.961e-02
56.646782 -3.110e+00 -2.344e-01 1.100e-03 3.922e-06 3.922e-06 3.922e-03 -5.882e-05 3.663e-06 1.961e-02
56.656780 -3.159e+00 -2.344e-01 1.135e-03 3.922e-06 3.922e-06 3.922e-03 -5.882e-05 3.663e-06 1.961e-02
56.666782 -3.198e+00 -2.344e-01 1.170e-03 3.922e-06 3.922e-06 3.922e-03 -5.882e-05 3.663e-06 1.961e-02
56.676781 -3.237e+00 -2.344e-01 1.211e-03 3.922e-06 3.922e-06 3.922e-03 -5.882e-05 3.663e-06 1.961e-02
56.686783 -3.281e+00 -2.344e-01 1.240e-03 3.922e-06 3.922e-06 3.922e-03 -5.882e-05 3.663e-06 1.961e-02
56.696781 -3.306e+00 -2.344e-01 1.284e-03 3.922e-06 3.922e-06 3.922e-03 -5.882e-05 3.663e-06 1.961e-02
56.706783 -3.340e+00 -2.393e-01 1.334e-03 3.922e-06 3.922e-06 3.922e-03 -5.882e-05 3.663e-06 1.961e-02
56.716782 -3.369e+00 -2.344e-01 1.372e-03 3.922e-06 3.922e-06 3.922e-03 -5.882e-05 3.663e-06 1.961e-02
56.726784 -3.374e+00 -2.344e-01 1.427e-03 3.922e-06 3.922e-06 3.922e-03 -5.882e-05 3.663e-06 1.961e-02
56.736782 -3.403e+00 -2.441e-01 1.474e-03 3.922e-06 3.922e-06 3.922e-03 -5.882e-05 3.663e-06 1.961e-02
56.746780 -3.428e+00 -2.197e-01 1.503e-03 3.922e-06 3.922e-06 3.922e-03 -5.882e-05 3.663e-06 1.961e-02
56.756783 -3.452e+00 -2.100e-01 1.538e-03 3.922e-06 3.922e-06 3.922e-03 -5.882e-05 3.663e-06 1.961e-02
56.766781 -3.462e+00 -1.904e-01 1.567e-03 3.922e-06 3.922e-06 3.922e-03 -5.882e-05 3.663e-06 1.961e-02
56.776783 -3.452e+00 -1.758e-01 1.599e-03 3.922e-06 3.922e-06 3.922e-03 -5.882e-05 3.663e-06 1.961e-02
56.786781 -3.486e+00 -1.514e-01 1.614e-03 3.922e-06 3.922e-06 3.922e-03 -5.882e-05 3.663e-06 1.961e-02
56.796780 -3.457e+00 -1.465e-01 1.652e-03 3.922e-06 3.922e-06 3.922e-03 -5.882e-05 3.663e-06 1.961e-02
56.806782 -3.467e+00 -1.318e-01 1.678e-03 3.922e-06 3.922e-06 3.922e-03 -5.882e-05 3.663e-06 1.961e-02
56.816784 -3.452e+00 -1.123e-01 1.702e-03 3.922e-06 3.922e-06 3.922e-03 -5.882e-05 3.663e-06 1.961e-02
56.826782 -3.428e+00 -1.025e-01 1.728e-03 3.922e-06 3.922e-06 3.922e-03 -5.882e-05 3.663e-06 1.961e-02
56.836781 -3.438e+00 -7.812e-02 1.739e-03 3.922e-06 3.922e-06 3.922e-03 -5.882e-05 3.663e-06 1.961e-02
56.846783 -3.418e+00 -4.395e-02 1.739e-03 3.922e-06 3.922e-06 3.922e-03 -5.882e-05 3.663e-06 1.961e-02
56.856785 -3.384e+00 -3.418e-02 1.751e-03 3.922e-06 3.922e-06 3.922e-03 -5.882e-05 3.663e-06 1.961e-02
56.866783 -3.364e+00 -9.766e-03 1.760e-03 3.922e-06 3.922e-06 3.922e-03 -5.882e-05 3.663e-06 1.961e-02
56.876781 -3.320e+00 1.465e-02 1.757e-03 3.922e-06 3.922e-06 3.922e-03 -5.882e-05 3.663e-06 1.961e-02
56.886784 -3.315e+00 3.906e-02 1.751e-03 3.922e-06 3.922e-06 3.922e-03 -5.882e-05 3.663e-06 1.961e-02
56.896782 -3.252e+00 6.836e-02 1.739e-03 3.922e-06 3.922e-06 3.922e-03 -5.882e-05 3.663e-06 1.961e-02
56.906780 -3.223e+00 7.812e-02 1.739e-03 3.922e-06 3.922e-06 3.922e-03 -5.882e-05 3.663e-06 1.961e-02
56.916782 -3.179e+00 9.766e-02 1.728e-03 3.922e-06 3.922e-06 3.922e-03 -5.882e-05 3.663e-06 1.961e-02
56.926781 -3.145e+00 1.318e-01 1.707e-03 3.922e-06 3.922e-06 3.922e-03 -5.882e-05 3.663e-06 1.961e-02
56.936783 -3.105e+00 1.514e-01 1.678e-03 3.922e-06 3.922e-06 3.922e-03 -5.882e-05 3.663e-06 1.961e-02
56.946781 -3.057e+00 1.660e-01 1.669e-03 3.922e-06 3.922e-06 3.922e-03 -5.882e-05 3.663e-06 1.961e-02
56.956783 -3.018e+00 1.904e-01 1.623e-03 3.922e-06 3.922e-06 3.922e-03 -5.882e-05 3.663e-06 1.961e-02
56.966782 -2.969e+00 2.051e-01 1.599e-03 3.922e-06 3.922e-06 3.922e-03 -5.882e-05 3.663e-06 1.961e-02
56.976784 -2.925e+00 2.246e-01 1.564e-03 3.922e-06 3.922e-06 3.922e-03 -5.882e-05 3.663e-06 1.961e-02
56.986782 -2.856e+00 2.295e-01 1.538e-03 3.922e-06 3.922e-06 3.922e-03 -5.882e-05 3.663e-06 1.961e-02
56.996780 -2.827e+00 2.637e-01 1.486e-03 3.922e-06 3.922e-06 3.922e-03 -5.882e-05 3.663e-06 1.961e-02
57.006783 -2.778e+00 2.686e-01 1.448e-03 3.922e-06 3.922e-06 3.922e-03 -5.882e-05 3.663e-06 1.961e-02
57.016781 -2.734e+00 2.686e-01 1.416e-03 3.922e-06 3.922e-06 3.922e-03 -5.882e-05 3.663e-06 1.961e-02
57.026783 -2.690e+00 2.783e-01 1.375e-03 3.922e-06 3.922e-06 3.922e-03 -5.882e-05 3.663e-06 1.961e-02
57.036781 -2.651e+00 2.881e-01 1.334e-03 3.922e-06 3.922e-06 3.922e-03 -5.882e-05 3.663e-06 1.961e-02
57.046783 -2.612e+00 3.027e-01 1.281e-03 3.922e-06 3.922e-06 3.922e-03 -5.882e-05 3.663e-06 1.961e-02
57.056782 -2.578e+00 2.930e-01 1.237e-03 3.922e-06 3.922e-06 3.922e-03 -5.882e-05 3.663e-06 1.961e-02
57.066784 -2.544e+00 2.930e-01 1.197e-03 3.922e-06 3.922e-06 3.922e-03 -5.882e-05 3.663e-06 1.961e-02
57.076782 -2.510e+00 3.027e-01 1.141e-03 3.922e-06 3.922e-06 3.922e-03 -5.882e-05 3.663e-06 1.961e-02
57.086781 -2.500e+00 3.076e-01 1.080e-03 3.922e-06 3.922e-06 3.922e-03 -5.882e-05 3.663e-06 1.961e-02
57.096783 -2.441e+00 2.832e-01 1.062e-03 3.922e-06 3.922e-06 3.922e-03 -5.882e-05 3.663e-06 1.961e-02
57.106781 -2.432e+00 2.881e-01 1.010e-03 3.922e-06 3.922e-06 3.922e-03 -5.882e-05 3.663e-06 1.961e-02
57.116783 -2.417e+00 2.686e-01 9.777e-04 3.922e-06 3.922e-06 3.922e-03 -5.882e-05 3.663e-06 1.961e-02
57.126781 -2.402e+00 2.637e-01 9.398e-04 3.922e-06 3.922e-06 3.922e-03 -5.882e-05 3.663e-06 1.961e-02
57.136784 -2.388e+00 2.295e-01 9.164e-04 3.922e-06 3.922e-06 3.922e-03 -5.882e-05 3.663e-06 1.961e-02
57.146782 -2.378e+00 2.344e-01 8.668e-04 3.922e-06 3.922e-06 3.922e-03 -5.882e-05 3.663e-06 1.961e-02
57.156784 -2.388e+00 2.100e-01 8.318e-04 3.922e-06 3.922e-06 3.922e-03 -5.882e-05 3.663e-06 1.961e-02
57.166782 -2.393e+00 2.148e-01 7.939e-04 3.922e-06 3.922e-06 3.922e-03 -5.882e-05 3.663e-06 1.961e-02
57.176781 -2.407e+00 1.904e-01 7.734e-04 3.922e-06 3.922e-06 3.922e-03 -5.882e-05 3.663e-06 1.961e-02
57.186783 -2.422e+00 1.660e-01 7.384e-04 3.922e-06 3.922e-06 3.922e-03 -5.882e-05 3.663e-06 1.961e-02
57.196781 -2.422e+00 1.416e-01 7.296e-04 3.922e-06 3.922e-06 3.922e-03 -5.882e-05 3.663e-06 1.961e-02
57.206783 -2.437e+00 1.025e-01 7.267e-04 3.922e-06 3.922e-06 3.922e-03 -5.882e-05 3.663e-06 1.961e-02
57.216782 -2.461e+00 8.301e-02 7.121e-04 3.922e-06 3.922e-06 3.922e-03 -5.882e-05 3.663e-06 1.961e-02
57.226780 -2.485e+00 5.859e-02 7.092e-04 3.922e-06 3.922e-06 3.922e-03 -5.882e-05 3.663e-06 1.961e-02
57.236782 -2.529e+00 3.418e-02 7.034e-04 3.922e-06 3.922e-06 3.922e-03 -5.882e-05 3.663e-06 1.961e-02
57.246780 -2.554e+00 1.465e-02 7.005e-04 3.922e-06 3.922e-06 3.922e-03 -5.882e-05 3.663e-06 1.961e-02
57.256783 -2.598e+00 0.000e+00 6.975e-04 3.922e-06 3.922e-06 3.922e-03 -5.882e-05 3.663e-06 1.961e-02
57.266785 -2.637e+00 -3.906e-02 7.121e-04 3.922e-06 3.922e-06 3.922e-03 -5.882e-05 3.663e-06 1.961e-02
57.276783 -2.671e+00 -5.371e-02 7.180e-04 3.922e-06 3.922e-06 3.922e-03 -5.882e-05 3.663e-06 1.961e-02
57.286781 -2.715e+00 -8.789e-02 7.413e-04 3.922e-06 3.922e-06 3.922e-03 -5.882e-05 3.663e-06 1.961e-02
57.296783 -2.769e+00 -1.025e-01 7.588e-04 3.922e-06 3.922e-06 3.922e-03 -5.882e-05 3.663e-06 1.961e-02
57.306782 -2.817e+00 -1.318e-01 7.880e-04 3.922e-06 3.922e-06 3.922e-03 -5.882e-05 3.663e-06 1.961e-02
57.316784 -2.861e+00 -1.465e-01 8.143e-04 3.922e-06 3.922e-06 3.922e-03 -5.882e-05 3.663e-06 1.961e-02
57.326782 -2.915e+00 -1.611e-01 8.406e-04 3.922e-06 3.922e-06 3.922e-03 -5.882e-05 3.663e-06 1.961e-02
57.336784 -2.974e+00 -1.855e-01 8.697e-04 3.922e-06 3.922e-06 3.922e-03 -5.882e-05 3.663e-06 1.961e-02
57.346783 -3.008e+00 -2.002e-01 9.106e-04 3.922e-06 3.922e-06 3.922e-03 -5.882e-05 3.663e-06 1.961e-02
57.356785 -3.071e+00 -2.197e-01 9.485e-04 3.922e-06 3.922e-06 3.922e-03 -5.882e-05 3.663e-06 1.961e-02
57.366783 -3.120e+00 -2.344e-01 9.894e-04 3.922e-06 3.922e-06 3.922e-03 -5.882e-05 3.663e-06 1.961e-02
57.376781 -3.159e+00 -2.490e-01 1.039e-03 3.922e-06 3.922e-06 3.922e-03 -5.882e-05 3.663e-06 1.961e-02
57.386784 -3.213e+00 -2.686e-01 1.089e-03 3.922e-06 3.922e-06 3.922e-03 -5.882e-05 3.663e-06 1.961e-02
57.396782 -3.257e+00 -2.783e-01 1.138e-03 3.922e-06 3.922e-06 3.922e-03 -5.882e-05 3.663e-06 1.961e-02
57.406780 -3.315e+00 -2.832e-01 1.188e-03 3.922e-06 3.922e-06 3.922e-03 -5.882e-05 3.663e-06 1.961e-02
57.416782 -3.364e+00 -2.734e-01 1.229e-03 3.922e-06 3.922e-06 3.922e-03 -5.882e-05 3.663e-06 1.961e-02
57.426781 -3.394e+00 -2.783e-01 1.278e-03 3.922e-06 3.922e-06 3.922e-03 -5.882e-05 3.663e-06 1.961e-02
57.436783 -3.428e+00 -2.979e-01 1.343e-03 3.922e-06 3.922e-06 3.922e-03 -5.882e-05 3.663e-06 1.961e-02
57.446781 -3.467e+00 -2.637e-01 1.366e-03 3.922e-06 3.922e-06 3.922e-03 -5.882e-05 3.663e-06 1.961e-02
57.456783 -3.496e+00 -2.832e-01 1.430e-03 3.922e-06 3.922e-06 3.922e-03 -5.882e-05 3.663e-06 1.961e-02
57.466782 -3.525e+00 -2.734e-01 1.474e-03 3.922e-06 3.922e-06 3.922e-03 -5.882e-05 3.663e-06 1.961e-02
57.476784 -3.545e+00 -2.686e-01 1.526e-03 3.922e-06 3.922e-06 3.922e-03 -5.882e-05 3.663e-06 1.961e-02
57.486782 -3.555e+00 -2.686e-01 1.585e-03 3.922e-06 3.922e-06 3.922e-03 -5.882e-05 3.663e-06 1.961e-02
57.496780 -3.574e+00 -2.344e-01 1.608e-03 3.922e-06 3.922e-06 3.922e-03 -5.882e-05 3.663e-06 1.961e-02
57.506783 -3.589e+00 -2.246e-01 1.649e-03 3.922e-06 3.922e-06 3.922e-03 -5.882e-05 3.663e-06 1.961e-02
57.516781 -3.594e+00 -2.051e-01 1.684e-03 3.922e-06 3.922e-06 3.922e-03 -5.882e-05 3.663e-06 1.961e-02
57.526783 -3.594e+00 -1.807e-01 1.713e-03 3.922e-06 3.922e-06 3.922e-03 -5.882e-05 3.663e-06 1.961e-02
57.536781 -3.594e+00 -1.709e-01 1.754e-03 3.922e-06 3.922e-06 3.922e-03 -5.882e-05 3.663e-06 1.961e-02
57.546783 -3.574e+00 -1.416e-01 1.772e-03 3.922e-06 3.922e-06 3.922e-03 -5.882e-05 3.663e-06 1.961e-02
57.556782 -3.564e+00 -1.221e-01 1.795e-03 3.922e-06 3.922e-06 3.922e-03 -5.882e-05 3.663e-06 1.961e-02
57.566784 -3.540e+00 -1.025e-01 1.827e-03 3.922e-06 3.922e-06 3.922e-03 -5.882e-05 3.663e-06 1.961e-02
57.576782 -3.521e+00 -8.789e-02 1.850e-03 3.922e-06 3.922e-06 3.922e-03 -5.882e-05 3.663e-06 1.961e-02
57.586781 -3.501e+00 -6.836e-02 1.871e-03 3.922e-06 3.922e-06 3.922e-03 -5.882e-05 3.663e-06 1.961e-02
57.596783 -3.477e+00 -1.465e-02 1.856e-03 3.922e-06 3.922e-06 3.922e-03 -5.882e-05 3.663e-06 1.961e-02
57.606781 -3.452e+00 4.883e-03 1.859e-03 3.922e-06 3.922e-06 3.922e-03 -5.882e-05 3.663e-06 1.961e-02
57.616783 -3.398e+00 2.930e-02 1.856e-03 3.922e-06 3.922e-06 3.922e-03 -5.882e-05 3.663e-06 1.961e-02
57.626781 -3.359e+00 5.859e-02 1.853e-03 3.922e-06 3.922e-06 3.922e-03 -5.882e-05 3.663e-06 1.961e-02
57.636784 -3.330e+00 8.789e-02 1.833e-03 3.922e-06 3.922e-06 3.922e-03 -5.882e-05 3.663e-06 1.961e-02
57.646782 -3.262e+00 1.123e-01 1.827e-03 3.922e-06 3.922e-06 3.922e-03 -5.882e-05 3.663e-06 1.961e-02
57.656780 -3.223e+00 1.367e-01 1.812e-03 3.922e-06 3.922e-06 3.922e-03 -5.882e-05 3.663e-06 1.961e-02
57.666782 -3.174e+00 1.611e-01 1.792e-03 3.922e-06 3.922e-06 3.922e-03 -5.882e-05 3.663e-06 1.961e-02
57.676781 -3.115e+00 1.953e-01 1.760e-03 3.922e-06 3.922e-06 3.922e-03 -5.882e-05 3.663e-06 1.961e-02
57.686783 -3.057e+00 2.002e-01 1.739e-03 3.922e-06 3.922e-06 3.922e-03 -5.882e-05 3.663e-06 1.961e-02
57.696781 -3.008e+00 2.441e-01 1.696e-03 3.922e-06 3.922e-06 3.922e-03 -5.882e-05 3.663e-06 1.961e-02
57.706783 -2.959e+00 2.539e-01 1.655e-03 3.922e-06 3.922e-06 3.922e-03 -5.882e-05 3.663e-06 1.961e-02
57.716782 -2.886e+00 2.783e-01 1.617e-03 3.922e-06 3.922e-06 3.922e-03 -5.882e-05 3.663e-06 1.961e-02
57.726784 -2.827e+00 2.930e-01 1.579e-03 3.922e-06 3.922e-06 3.922e-03 -5.882e-05 3.663e-06 1.961e-02
57.736782 -2.783e+00 3.076e-01 1.518e-03 3.922e-06 3.922e-06 3.922e-03 -5.882e-05 3.663e-06 1.961e-02
57.746780 -2.729e+00 3.271e-01 1.474e-03 3.922e-06 3.922e-06 3.922e-03 -5.882e-05 3.663e-06 1.961e-02
57.756783 -2.681e+00 3.271e-01 1.433e-03 3.922e-06 3.922e-06 3.922e-03 -5.882e-05 3.663e-06 1.961e-02
57.766781 -2.627e+00 3.418e-01 1.378e-03 3.922e-06 3.922e-06 3.922e-03 -5.882e-05 3.663e-06 1.961e-02
57.776783 -2.573e+00 3.613e-01 1.313e-03 3.922e-06 3.922e-06 3.922e-03 -5.882e-05 3.663e-06 1.961e-02
57.786785 -2.534e+00 3.467e-01 1.275e-03 3.922e-06 3.922e-06 3.922e-03 -5.882e-05 3.663e-06 1.961e-02
57.796783 -2.490e+00 3.711e-01 1.208e-03 3.922e-06 3.922e-06 3.922e-03 -5.882e-05 3.663e-06 1.961e-02
57.806782 -2.451e+00 3.467e-01 1.165e-03 3.922e-06 3.922e-06 3.922e-03 -5.882e-05 3.663e-06 1.961e-02
57.816780 -2.407e+00 3.467e-01 1.112e-03 3.922e-06 3.922e-06 3.922e-03 -5.882e-05 3.663e-06 1.961e-02
57.826782 -2.368e+00 3.467e-01 1.059e-03 3.922e-06 3.922e-06 3.922e-03 -5.882e-05 3.663e-06 1.961e-02
57.836784 -2.354e+00 3.369e-01 1.004e-03 3.922e-06 3.922e-06 3.922e-03 -5.882e-05 3.663e-06 1.961e-02
57.846783 -2.319e+00 3.320e-01 9.456e-04 3.922e-06 3.922e-06 3.922e-03 -5.882e-05 3.663e-06 1.961e-02
57.856781 -2.314e+00 3.174e-01 8.989e-04 3.922e-06 3.922e-06 3.922e-03 -5.882e-05 3.663e-06 1.961e-02
57.866783 -2.300e+00 3.076e-01 8.522e-04 3.922e-06 3.922e-06 3.922e-03 -5.882e-05 3.663e-06 1.961e-02
57.876781 -2.275e+00 2.930e-01 8.085e-04 3.922e-06 3.922e-06 3.922e-03 -5.882e-05 3.663e-06 1.961e-02
57.886784 -2.266e+00 2.588e-01 7.822e-04 3.922e-06 3.922e-06 3.922e-03 -5.882e-05 3.663e-06 1.961e-02
57.896782 -2.271e+00 2.588e-01 7.296e-04 3.922e-06 3.922e-06 3.922e-03 -5.882e-05 3.663e-06 1.961e-02
57.906784 -2.280e+00 2.197e-01 7.063e-04 3.922e-06 3.922e-06 3.922e-03 -5.882e-05 3.663e-06 1.961e-02
57.916782 -2.290e+00 2.002e-01 6.742e-04 3.922e-06 3.922e-06 3.922e-03 -5.882e-05 3.663e-06 1.961e-02
57.926781 -2.300e+00 1.855e-01 6.450e-04 3.922e-06 3.922e-06 3.922e-03 -5.882e-05 3.663e-06 1.961e-02
57.936779 -2.324e+00 1.514e-01 6.275e-04 3.922e-06 3.922e-06 3.922e-03 -5.882e-05 3.663e-06 1.961e-02
57.946781 -2.334e+00 1.221e-01 6.129e-04 3.922e-06 3.922e-06 3.922e-03 -5.882e-05 3.663e-06 1.961e-02
57.956783 -2.378e+00 9.277e-02 5.954e-04 3.922e-06 3.922e-06 3.922e-03 -5.882e-05 3.663e-06 1.961e-02
57.966782 -2.417e+00 7.324e-02 5.808e-04 3.922e-06 3.922e-06 3.922e-03 -5.882e-05 3.663e-06 1.961e-02
57.976784 -2.446e+00 4.883e-02 5.750e-04 3.922e-06 3.922e-06 3.922e-03 -5.882e-05 3.663e-06 1.961e-02
57.986782 -2.505e+00 9.766e-03 5.808e-04 3.922e-06 3.922e-06 3.922e-03 -5.882e-05 3.663e-06 1.961e-02
57.996784 -2.520e+00 -1.465e-02 5.866e-04 3.922e-06 3.922e-06 3.922e-03 -5.882e-05 3.663e-06 1.961e-02
58.006783 -2.583e+00 -5.859e-02 6.100e-04 3.922e-06 3.922e-06 3.922e-03 -5.882e-05 3.663e-06 1.961e-02
58.016781 -2.637e+00 -9.277e-02 6.333e-04 3.922e-06 3.922e-06 3.922e-03 -5.882e-05 3.663e-06 1.961e-02
58.026783 -2.690e+00 -1.172e-01 6.479e-04 3.922e-06 3.922e-06 3.922e-03 -5.882e-05 3.663e-06 1.961e-02
58.036781 -2.759e+00 -1.465e-01 6.742e-04 3.922e-06 3.922e-06 3.922e-03 -5.882e-05 3.663e-06 1.961e-02
58.046783 -2.808e+00 -1.611e-01 6.946e-04 3.922e-06 3.922e-06 3.922e-03 -5.882e-05 3.663e-06 1.961e-02
58.056782 -2.876e+00 -2.002e-01 7.384e-04 3.922e-06 3.922e-06 3.922e-03 -5.882e-05 3.663e-06 1.961e-02
58.066780 -2.925e+00 -2.100e-01 7.676e-04 3.922e-06 3.922e-06 3.922e-03 -5.882e-05 3.663e-06 1.961e-02
58.076782 -2.983e+00 -2.441e-01 8.230e-04 3.922e-06 3.922e-06 3.922e-03 -5.882e-05 3.663e-06 1.961e-02
58.086781 -3.042e+00 -2.734e-01 8.756e-04 3.922e-06 3.922e-06 3.922e-03 -5.882e-05 3.663e-06 1.961e-02
58.096783 -3.105e+00 -2.783e-01 9.106e-04 3.922e-06 3.922e-06 3.922e-03 -5.882e-05 3.663e-06 1.961e-02
58.106781 -3.169e+00 -3.027e-01 9.661e-04 3.922e-06 3.922e-06 3.922e-03 -5.882e-05 3.663e-06 1.961e-02
58.116783 -3.232e+00 -3.076e-01 1.022e-03 3.922e-06 3.922e-06 3.922e-03 -5.882e-05 3.663e-06 1.961e-02
58.126781 -3.286e+00 -3.174e-01 1.077e-03 3.922e-06 3.922e-06 3.922e-03 -5.882e-05 3.663e-06 1.961e-02
58.136780 -3.364e+00 -3.369e-01 1.138e-03 3.922e-06 3.922e-06 3.922e-03 -5.882e-05 3.663e-06 1.961e-02
58.146782 -3.398e+00 -3.271e-01 1.179e-03 3.922e-06 3.922e-06 3.922e-03 -5.882e-05 3.663e-06 1.961e-02
58.156780 -3.452e+00 -3.369e-01 1.243e-03 3.922e-06 3.922e-06 3.922e-03 -5.882e-05 3.663e-06 1.961e-02
58.166782 -3.501e+00 -3.369e-01 1.299e-03 3.922e-06 3.922e-06 3.922e-03 -5.882e-05 3.663e-06 1.961e-02
58.176785 -3.535e+00 -3.369e-01 1.363e-03 3.922e-06 3.922e-06 3.922e-03 -5.882e-05 3.663e-06 1.961e-02
58.186783 -3.589e+00 -3.516e-01 1.433e-03 3.922e-06 3.922e-06 3.922e-03 -5.882e-05 3.663e-06 1.961e-02
58.196781 -3.618e+00 -3.369e-01 1.486e-03 3.922e-06 3.922e-06 3.922e-03 -5.882e-05 3.663e-06 1.961e-02
58.206783 -3.647e+00 -3.271e-01 1.541e-03 3.922e-06 3.922e-06 3.922e-03 -5.882e-05 3.663e-06 1.961e-02
58.216782 -3.677e+00 -3.076e-01 1.591e-03 3.922e-06 3.922e-06 3.922e-03 -5.882e-05 3.663e-06 1.961e-02
58.226780 -3.696e+00 -2.979e-01 1.649e-03 3.922e-06 3.922e-06 3.922e-03 -5.882e-05 3.663e-06 1.961e-02
58.236782 -3.716e+00 -2.930e-01 1.704e-03 3.922e-06 3.922e-06 3.922e-03 -5.882e-05 3.663e-06 1.961e-02
58.246784 -3.721e+00 -2.686e-01 1.745e-03 3.922e-06 3.922e-06 3.922e-03 -5.882e-05 3.663e-06 1.961e-02
58.256783 -3.726e+00 -2.441e-01 1.789e-03 3.922e-06 3.922e-06 3.922e-03 -5.882e-05 3.663e-06 1.961e-02
58.266781 -3.721e+00 -2.295e-01 1.830e-03 3.922e-06 3.922e-06 3.922e-03 -5.882e-05 3.663e-06 1.961e-02
58.276783 -3.721e+00 -1.904e-01 1.856e-03 3.922e-06 3.922e-06 3.922e-03 -5.882e-05 3.663e-06 1.961e-02
58.286785 -3.726e+00 -1.758e-01 1.897e-03 3.922e-06 3.922e-06 3.922e-03 -5.882e-05 3.663e-06 1.961e-02
58.296783 -3.672e+00 -1.465e-01 1.926e-03 3.922e-06 3.922e-06 3.922e-03 -5.882e-05 3.663e-06 1.961e-02
58.306782 -3.667e+00 -1.221e-01 1.958e-03 3.922e-06 3.922e-06 3.922e-03 -5.882e-05 3.663e-06 1.961e-02
58.316784 -3.643e+00 -8.301e-02 1.970e-03 3.922e-06 3.922e-06 3.922e-03 -5.882e-05 3.663e-06 1.961e-02
58.326782 -3.608e+00 -5.371e-02 1.985e-03 3.922e-06 3.922e-06 3.922e-03 -5.882e-05 3.663e-06 1.961e-02
58.336781 -3.569e+00 -1.465e-02 1.973e-03 3.922e-06 3.922e-06 3.922e-03 -5.882e-05 3.663e-06 1.961e-02
58.346783 -3.516e+00 9.766e-03 1.993e-03 3.922e-06 3.922e-06 3.922e-03 -5.882e-05 3.663e-06 1.961e-02
58.356781 -3.481e+00 3.906e-02 1.988e-03 3.922e-06 3.922e-06 3.922e-03 -5.882e-05 3.663e-06 1.961e-02
58.366783 -3.428e+00 7.324e-02 1.973e-03 3.922e-06 3.922e-06 3.922e-03 -5.882e-05 3.663e-06 1.961e-02
58.376781 -3.359e+00 1.123e-01 1.964e-03 3.922e-06 3.922e-06 3.922e-03 -5.882e-05 3.663e-06 1.961e-02
58.386784 -3.301e+00 1.367e-01 1.944e-03 3.922e-06 3.922e-06 3.922e-03 -5.882e-05 3.663e-06 1.961e-02
58.396782 -3.257e+00 1.709e-01 1.929e-03 3.922e-06 3.922e-06 3.922e-03 -5.882e-05 3.663e-06 1.961e-02
58.406784 -3.198e+00 2.051e-01 1.888e-03 3.922e-06 3.922e-06 3.922e-03 -5.882e-05 3.663e-06 1.961e-02
58.416782 -3.130e+00 2.393e-01 1.850e-03 3.922e-06 3.922e-06 3.922e-03 -5.882e-05 3.663e-06 1.961e-02
58.426781 -3.057e+00 2.637e-01 1.812e-03 3.922e-06 3.922e-06 3.922e-03 -5.882e-05 3.663e-06 1.961e-02
58.436783 -2.993e+00 2.930e-01 1.763e-03 3.922e-06 3.922e-06 3.922e-03 -5.882e-05 3.663e-06 1.961e-02
58.446781 -2.920e+00 3.223e-01 1.722e-03 3.922e-06 3.922e-06 3.922e-03 -5.882e-05 3.663e-06 1.961e-02
58.456783 -2.856e+00 3.271e-01 1.678e-03 3.922e-06 3.922e-06 3.922e-03 -5.882e-05 3.663e-06 1.961e-02
58.466782 -2.783e+00 3.467e-01 1.629e-03 3.922e-06 3.922e-06 3.922e-03 -5.882e-05 3.663e-06 1.961e-02
58.476784 -2.715e+00 3.711e-01 1.570e-03 3.922e-06 3.922e-06 3.922e-03 -5.882e-05 3.663e-06 1.961e-02
58.486782 -2.661e+00 3.760e-01 1.515e-03 3.922e-06 3.922e-06 3.922e-03 -5.882e-05 3.663e-06 1.961e-02
58.496780 -2.598e+00 4.053e-01 1.448e-03 3.922e-06 3.922e-06 3.922e-03 -5.882e-05 3.663e-06 1.961e-02
58.506783 -2.549e+00 4.199e-01 1.372e-03 3.922e-06 3.922e-06 3.922e-03 -5.882e-05 3.663e-06 1.961e-02
58.516781 -2.485e+00 4.199e-01 1.308e-03 3.922e-06 3.922e-06 3.922e-03 -5.882e-05 3.663e-06 1.961e-02
58.526783 -2.422e+00 4.297e-01 1.240e-03 3.922e-06 3.922e-06 3.922e-03 -5.882e-05 3.663e-06 1.961e-02
58.536781 -2.383e+00 4.346e-01 1.173e-03 3.922e-06 3.922e-06 3.922e-03 -5.882e-05 3.663e-06 1.961e-02
58.546783 -2.324e+00 4.297e-01 1.115e-03 3.922e-06 3.922e-06 3.922e-03 -5.882e-05 3.663e-06 1.961e-02
58.556782 -2.280e+00 4.150e-01 1.062e-03 3.922e-06 3.922e-06 3.922e-03 -5.882e-05 3.663e-06 1.961e-02
58.566784 -2.241e+00 4.053e-01 9.982e-04 3.922e-06 3.922e-06 3.922e-03 -5.882e-05 3.663e-06 1.961e-02
58.576782 -2.207e+00 4.102e-01 9.252e-04 3.922e-06 3.922e-06 3.922e-03 -5.882e-05 3.663e-06 1.961e-02
58.586784 -2.202e+00 3.906e-01 8.668e-04 3.922e-06 3.922e-06 3.922e-03 -5.882e-05 3.663e-06 1.961e-02
58.596783 -2.158e+00 3.711e-01 8.201e-04 3.922e-06 3.922e-06 3.922e-03 -5.882e-05 3.663e-06 1.961e-02
58.606781 -2.148e+00 3.516e-01 7.559e-04 3.922e-06 3.922e-06 3.922e-03 -5.882e-05 3.663e-06 1.961e-02
58.616783 -2.134e+00 3.369e-01 7.034e-04 3.922e-06 3.922e-06 3.922e-03 -5.882e-05 3.663e-06 1.961e-02
58.626781 -2.119e+00 3.174e-01 6.479e-04 3.922e-06 3.922e-06 3.922e-03 -5.882e-05 3.663e-06 1.961e-02
58.636784 -2.139e+00 2.881e-01 6.100e-04 3.922e-06 3.922e-06 3.922e-03 -5.882e-05 3.663e-06 1.961e-02
58.646782 -2.124e+00 2.539e-01 5.808e-04 3.922e-06 3.922e-06 3.922e-03 -5.882e-05 3.663e-06 1.961e-02
58.656784 -2.153e+00 2.344e-01 5.370e-04 3.922e-06 3.922e-06 3.922e-03 -5.882e-05 3.663e-06 1.961e-02
58.666782 -2.178e+00 1.953e-01 5.166e-04 3.922e-06 3.922e-06 3.922e-03 -5.882e-05 3.663e-06 1.961e-02
58.676781 -2.188e+00 1.758e-01 4.845e-04 3.922e-06 3.922e-06 3.922e-03 -5.882e-05 3.663e-06 1.961e-02
58.686783 -2.231e+00 1.270e-01 4.757e-04 3.922e-06 3.922e-06 3.922e-03 -5.882e-05 3.663e-06 1.961e-02
58.696781 -2.256e+00 1.025e-01 4.524e-04 3.922e-06 3.922e-06 3.922e-03 -5.882e-05 3.663e-06 1.961e-02
58.706783 -2.314e+00 6.348e-02 4.436e-04 3.922e-06 3.922e-06 3.922e-03 -5.882e-05 3.663e-06 1.961e-02
58.716782 -2.358e+00 3.418e-02 4.436e-04 3.922e-06 3.922e-06 3.922e-03 -5.882e-05 3.663e-06 1.961e-02
58.726784 -2.402e+00 -4.883e-03 4.524e-04 3.922e-06 3.922e-06 3.922e-03 -5.882e-05 3.663e-06 1.961e-02
58.736782 -2.471e+00 -3.906e-02 4.495e-04 3.922e-06 3.922e-06 3.922e-03 -5.882e-05 3.663e-06 1.961e-02
58.746784 -2.529e+00 -7.812e-02 4.816e-04 3.922e-06 3.922e-06 3.922e-03 -5.882e-05 3.663e-06 1.961e-02
58.756783 -2.593e+00 -1.221e-01 5.078e-04 3.922e-06 3.922e-06 3.922e-03 -5.882e-05 3.663e-06 1.961e-02
58.766781 -2.656e+00 -1.514e-01 5.312e-04 3.922e-06 3.922e-06 3.922e-03 -5.882e-05 3.663e-06 1.961e-02
58.776783 -2.725e+00 -1.758e-01 5.604e-04 3.922e-06 3.922e-06 3.922e-03 -5.882e-05 3.663e-06 1.961e-02
58.786781 -2.788e+00 -2.246e-01 6.041e-04 3.922e-06 3.922e-06 3.922e-03 -5.882e-05 3.663e-06 1.961e-02
58.796783 -2.886e+00 -2.295e-01 6.304e-04 3.922e-06 3.922e-06 3.922e-03 -5.882e-05 3.663e-06 1.961e-02
58.806782 -2.949e+00 -2.734e-01 6.917e-04 3.922e-06 3.922e-06 3.922e-03 -5.882e-05 3.663e-06 1.961e-02
58.816784 -3.022e+00 -2.930e-01 7.384e-04 3.922e-06 3.922e-06 3.922e-03 -5.882e-05 3.663e-06 1.961e-02
58.826782 -3.086e+00 -3.223e-01 7.997e-04 3.922e-06 3.922e-06 3.922e-03 -5.882e-05 3.663e-06 1.961e-02
58.836784 -3.164e+00 -3.369e-01 8.522e-04 3.922e-06 3.922e-06 3.922e-03 -5.882e-05 3.663e-06 1.961e-02
58.846783 -3.237e+00 -3.711e-01 9.281e-04 3.922e-06 3.922e-06 3.922e-03 -5.882e-05 3.663e-06 1.961e-02
58.856781 -3.311e+00 -3.857e-01 9.923e-04 3.922e-06 3.922e-06 3.922e-03 -5.882e-05 3.663e-06 1.961e-02
58.866783 -3.384e+00 -3.955e-01 1.059e-03 3.922e-06 3.922e-06 3.922e-03 -5.882e-05 3.663e-06 1.961e-02
58.876781 -3.452e+00 -4.053e-01 1.129e-03 3.922e-06 3.922e-06 3.922e-03 -5.882e-05 3.663e-06 1.961e-02
58.886780 -3.530e+00 -4.053e-01 1.191e-03 3.922e-06 3.922e-06 3.922e-03 -5.882e-05 3.663e-06 1.961e-02
58.896782 -3.569e+00 -4.150e-01 1.278e-03 3.922e-06 3.922e-06 3.922e-03 -5.882e-05 3.663e-06 1.961e-02
58.906780 -3.623e+00 -4.248e-01 1.343e-03 3.922e-06 3.922e-06 3.922e-03 -5.882e-05 3.663e-06 1.961e-02
58.916782 -3.677e+00 -4.199e-01 1.416e-03 3.922e-06 3.922e-06 3.922e-03 -5.882e-05 3.663e-06 1.961e-02
58.926785 -3.716e+00 -4.053e-01 1.477e-03 3.922e-06 3.922e-06 3.922e-03 -5.882e-05 3.663e-06 1.961e-02
58.936783 -3.755e+00 -4.248e-01 1.567e-03 3.922e-06 3.922e-06 3.922e-03 -5.882e-05 3.663e-06 1.961e-02
58.946781 -3.789e+00 -3.955e-01 1.631e-03 3.922e-06 3.922e-06 3.922e-03 -5.882e-05 3.663e-06 1.961e-02
58.956783 -3.833e+00 -3.809e-01 1.690e-03 3.922e-06 3.922e-06 3.922e-03 -5.882e-05 3.663e-06 1.961e-02
58.966782 -3.857e+00 -3.613e-01 1.754e-03 3.922e-06 3.922e-06 3.922e-03 -5.882e-05 3.663e-06 1.961e-02
58.976784 -3.877e+00 -3.320e-01 1.810e-03 3.922e-06 3.922e-06 3.922e-03 -5.882e-05 3.663e-06 1.961e-02
58.986782 -3.882e+00 -3.271e-01 1.877e-03 3.922e-06 3.922e-06 3.922e-03 -5.882e-05 3.663e-06 1.961e-02
58.996780 -3.867e+00 -2.881e-01 1.912e-03 3.922e-06 3.922e-06 3.922e-03 -5.882e-05 3.663e-06 1.961e-02
59.006783 -3.877e+00 -2.686e-01 1.964e-03 3.922e-06 3.922e-06 3.922e-03 -5.882e-05 3.663e-06 1.961e-02
59.016781 -3.872e+00 -2.393e-01 2.011e-03 3.922e-06 3.922e-06 3.922e-03 -5.882e-05 3.663e-06 1.961e-02
59.026783 -3.853e+00 -2.051e-01 2.046e-03 3.922e-06 3.922e-06 3.922e-03 -5.882e-05 3.663e-06 1.961e-02
59.036781 -3.833e+00 -1.709e-01 2.072e-03 3.922e-06 3.922e-06 3.922e-03 -5.882e-05 3.663e-06 1.961e-02
59.046783 -3.799e+00 -1.367e-01 2.110e-03 3.922e-06 3.922e-06 3.922e-03 -5.882e-05 3.663e-06 1.961e-02
59.056782 -3.770e+00 -9.277e-02 2.119e-03 3.922e-06 3.922e-06 3.922e-03 -5.882e-05 3.663e-06 1.961e-02
59.066784 -3.730e+00 -5.859e-02 2.142e-03 3.922e-06 3.922e-06 3.922e-03 -5.882e-05 3.663e-06 1.961e-02
59.076782 -3.667e+00 -1.953e-02 2.139e-03 3.922e-06 3.922e-06 3.922e-03 -5.882e-05 3.663e-06 1.961e-02
59.086781 -3.623e+00 1.953e-02 2.136e-03 3.922e-06 3.922e-06 3.922e-03 -5.882e-05 3.663e-06 1.961e-02
59.096783 -3.569e+00 6.836e-02 2.131e-03 3.922e-06 3.922e-06 3.922e-03 -5.882e-05 3.663e-06 1.961e-02
59.106781 -3.501e+00 9.766e-02 2.119e-03 3.922e-06 3.922e-06 3.922e-03 -5.882e-05 3.663e-06 1.961e-02
59.116783 -3.433e+00 1.367e-01 2.098e-03 3.922e-06 3.922e-06 3.922e-03 -5.882e-05 3.663e-06 1.961e-02
59.126781 -3.359e+00 1.855e-01 2.078e-03 3.922e-06 3.922e-06 3.922e-03 -5.882e-05 3.663e-06 1.961e-02
59.136784 -3.291e+00 2.148e-01 2.037e-03 3.922e-06 3.922e-06 3.922e-03 -5.882e-05 3.663e-06 1.961e-02
59.146782 -3.213e+00 2.539e-01 2.008e-03 3.922e-06 3.922e-06 3.922e-03 -5.882e-05 3.663e-06 1.961e-02
59.156780 -3.140e+00 2.930e-01 1.961e-03 3.922e-06 3.922e-06 3.922e-03 -5.882e-05 3.663e-06 1.961e-02
59.166782 -3.042e+00 3.223e-01 1.912e-03 3.922e-06 3.922e-06 3.922e-03 -5.882e-05 3.663e-06 1.961e-02
59.176781 -2.969e+00 3.418e-01 1.868e-03 3.922e-06 3.922e-06 3.922e-03 -5.882e-05 3.663e-06 1.961e-02
59.186783 -2.881e+00 3.760e-01 1.801e-03 3.922e-06 3.922e-06 3.922e-03 -5.882e-05 3.663e-06 1.961e-02
59.196781 -2.803e+00 4.102e-01 1.742e-03 3.922e-06 3.922e-06 3.922e-03 -5.882e-05 3.663e-06 1.961e-02
59.206783 -2.729e+00 4.248e-01 1.681e-03 3.922e-06 3.922e-06 3.922e-03 -5.882e-05 3.663e-06 1.961e-02
59.216782 -2.642e+00 4.492e-01 1.608e-03 3.922e-06 3.922e-06 3.922e-03 -5.882e-05 3.663e-06 1.961e-02
59.226784 -2.563e+00 4.736e-01 1.532e-03 3.922e-06 3.922e-06 3.922e-03 -5.882e-05 3.663e-06 1.961e-02
59.236782 -2.495e+00 4.834e-01 1.448e-03 3.922e-06 3.922e-06 3.922e-03 -5.882e-05 3.663e-06 1.961e-02
59.246780 -2.422e+00 4.932e-01 1.380e-03 3.922e-06 3.922e-06 3.922e-03 -5.882e-05 3.663e-06 1.961e-02
59.256783 -2.354e+00 5.029e-01 1.302e-03 3.922e-06 3.922e-06 3.922e-03 -5.882e-05 3.663e-06 1.961e-02
59.266781 -2.295e+00 5.127e-01 1.217e-03 3.922e-06 3.922e-06 3.922e-03 -5.882e-05 3.663e-06 1.961e-02
59.276783 -2.227e+00 5.078e-01 1.144e-03 3.922e-06 3.922e-06 3.922e-03 -5.882e-05 3.663e-06 1.961e-02
59.286781 -2.163e+00 4.883e-01 1.074e-03 3.922e-06 3.922e-06 3.922e-03 -5.882e-05 3.663e-06 1.961e-02
59.296783 -2.119e+00 5.029e-01 9.806e-04 3.922e-06 3.922e-06 3.922e-03 -5.882e-05 3.663e-06 1.961e-02
59.306782 -2.085e+00 4.932e-01 9.106e-04 3.922e-06 3.922e-06 3.922e-03 -5.882e-05 3.663e-06 1.961e-02
59.316784 -2.041e+00 4.736e-01 8.406e-04 3.922e-06 3.922e-06 3.922e-03 -5.882e-05 3.663e-06 1.961e-02
59.326782 -2.007e+00 4.688e-01 7.618e-04 3.922e-06 3.922e-06 3.922e-03 -5.882e-05 3.663e-06 1.961e-02
59.336784 -1.997e+00 4.443e-01 6.859e-04 3.922e-06 3.922e-06 3.922e-03 -5.882e-05 3.663e-06 1.961e-02
59.346783 -1.973e+00 4.199e-01 6.304e-04 3.922e-06 3.922e-06 3.922e-03 -5.882e-05 3.663e-06 1.961e-02
59.356781 -1.963e+00 3.955e-01 5.662e-04 3.922e-06 3.922e-06 3.922e-03 -5.882e-05 3.663e-06 1.961e-02
59.366783 -1.958e+00 3.662e-01 5.078e-04 3.922e-06 3.922e-06 3.922e-03 -5.882e-05 3.663e-06 1.961e-02
59.376781 -1.953e+00 3.369e-01 4.611e-04 3.922e-06 3.922e-06 3.922e-03 -5.882e-05 3.663e-06 1.961e-02
59.386784 -1.958e+00 2.881e-01 4.320e-04 3.922e-06 3.922e-06 3.922e-03 -5.882e-05 3.663e-06 1.961e-02
59.396782 -1.973e+00 2.637e-01 3.823e-04 3.922e-06 3.922e-06 3.922e-03 -5.882e-05 3.663e-06 1.961e-02
59.406780 -2.012e+00 2.246e-01 3.415e-04 3.922e-06 3.922e-06 3.922e-03 -5.882e-05 3.663e-06 1.961e-02
59.416782 -2.051e+00 1.807e-01 3.269e-04 3.922e-06 3.922e-06 3.922e-03 -5.882e-05 3.663e-06 1.961e-02
59.426785 -2.080e+00 1.465e-01 3.006e-04 3.922e-06 3.922e-06 3.922e-03 -5.882e-05 3.663e-06 1.961e-02
59.436783 -2.144e+00 1.074e-01 2.773e-04 3.922e-06 3.922e-06 3.922e-03 -5.882e-05 3.663e-06 1.961e-02
59.446781 -2.192e+00 7.324e-02 2.714e-04 3.922e-06 3.922e-06 3.922e-03 -5.882e-05 3.663e-06 1.961e-02
59.456783 -2.246e+00 2.441e-02 2.685e-04 3.922e-06 3.922e-06 3.922e-03 -5.882e-05 3.663e-06 1.961e-02
59.466782 -2.310e+00 -3.418e-02 2.948e-04 3.922e-06 3.922e-06 3.922e-03 -5.882e-05 3.663e-06 1.961e-02
59.476784 -2.363e+00 -6.836e-02 3.006e-04 3.922e-06 3.922e-06 3.922e-03 -5.882e-05 3.663e-06 1.961e-02
59.486782 -2.466e+00 -1.123e-01 3.269e-04 3.922e-06 3.922e-06 3.922e-03 -5.882e-05 3.663e-06 1.961e-02
59.496780 -2.529e+00 -1.611e-01 3.736e-04 3.922e-06 3.922e-06 3.922e-03 -5.882e-05 3.663e-06 1.961e-02
59.506783 -2.622e+00 -1.904e-01 3.853e-04 3.922e-06 3.922e-06 3.922e-03 -5.882e-05 3.663e-06 1.961e-02
59.516781 -2.705e+00 -2.344e-01 4.320e-04 3.922e-06 3.922e-06 3.922e-03 -5.882e-05 3.663e-06 1.961e-02
59.526783 -2.788e+00 -2.637e-01 4.728e-04 3.922e-06 3.922e-06 3.922e-03 -5.882e-05 3.663e-06 1.961e-02
59.536781 -2.886e+00 -3.125e-01 5.341e-04 3.922e-06 3.922e-06 3.922e-03 -5.882e-05 3.663e-06 1.961e-02
59.546783 -2.959e+00 -3.418e-01 5.983e-04 3.922e-06 3.922e-06 3.922e-03 -5.882e-05 3.663e-06 1.961e-02
59.556782 -3.062e+00 -3.711e-01 6.654e-04 3.922e-06 3.922e-06 3.922e-03 -5.882e-05 3.663e-06 1.961e-02
59.566784 -3.145e+00 -4.004e-01 7.238e-04 3.922e-06 3.922e-06 3.922e-03 -5.882e-05 3.663e-06 1.961e-02
59.576782 -3.232e+00 -4.248e-01 8.026e-04 3.922e-06 3.922e-06 3.922e-03 -5.882e-05 3.663e-06 1.961e-02
59.586784 -3.335e+00 -4.492e-01 8.697e-04 3.922e-06 3.922e-06 3.922e-03 -5.882e-05 3.663e-06 1.961e-02
59.596783 -3.398e+00 -4.639e-01 9.602e-04 3.922e-06 3.922e-06 3.922e-03 -5.882e-05 3.663e-06 1.961e-02
59.606781 -3.496e+00 -4.834e-01 1.045e-03 3.922e-06 3.922e-06 3.922e-03 -5.882e-05 3.663e-06 1.961e-02
59.616783 -3.579e+00 -4.980e-01 1.127e-03 3.922e-06 3.922e-06 3.922e-03 -5.882e-05 3.663e-06 1.961e-02
59.626781 -3.647e+00 -4.980e-01 1.214e-03 3.922e-06 3.922e-06 3.922e-03 -5.882e-05 3.663e-06 1.961e-02
59.636784 -3.711e+00 -5.225e-01 1.310e-03 3.922e-06 3.922e-06 3.922e-03 -5.882e-05 3.663e-06 1.961e-02
59.646782 -3.779e+00 -5.078e-01 1.389e-03 3.922e-06 3.922e-06 3.922e-03 -5.882e-05 3.663e-06 1.961e-02
59.656780 -3.843e+00 -5.127e-01 1.474e-03 3.922e-06 3.922e-06 3.922e-03 -5.882e-05 3.663e-06 1.961e-02
59.666782 -3.896e+00 -5.078e-01 1.561e-03 3.922e-06 3.922e-06 3.922e-03 -5.882e-05 3.663e-06 1.961e-02
59.676781 -3.940e+00 -4.932e-01 1.649e-03 3.922e-06 3.922e-06 3.922e-03 -5.882e-05 3.663e-06 1.961e-02
59.686783 -3.984e+00 -4.932e-01 1.742e-03 3.922e-06 3.922e-06 3.922e-03 -5.882e-05 3.663e-06 1.961e-02
59.696781 -4.014e+00 -4.541e-01 1.801e-03 3.922e-06 3.922e-06 3.922e-03 -5.882e-05 3.663e-06 1.961e-02
59.706783 -4.048e+00 -4.297e-01 1.874e-03 3.922e-06 3.922e-06 3.922e-03 -5.882e-05 3.663e-06 1.961e-02
59.716782 -4.062e+00 -4.053e-01 1.947e-03 3.922e-06 3.922e-06 3.922e-03 -5.882e-05 3.663e-06 1.961e-02
59.726784 -4.067e+00 -3.711e-01 2.011e-03 3.922e-06 3.922e-06 3.922e-03 -5.882e-05 3.663e-06 1.961e-02
59.736782 -4.087e+00 -3.467e-01 2.069e-03 3.922e-06 3.922e-06 3.922e-03 -5.882e-05 3.663e-06 1.961e-02
59.746784 -4.062e+00 -3.174e-01 2.133e-03 3.922e-06 3.922e-06 3.922e-03 -5.882e-05 3.663e-06 1.961e-02
59.756783 -4.048e+00 -2.881e-01 2.189e-03 3.922e-06 3.922e-06 3.922e-03 -5.882e-05 3.663e-06 1.961e-02
59.766781 -4.028e+00 -2.393e-01 2.218e-03 3.922e-06 3.922e-06 3.922e-03 -5.882e-05 3.663e-06 1.961e-02
59.776783 -3.989e+00 -1.953e-01 2.262e-03 3.922e-06 3.922e-06 3.922e-03 -5.882e-05 3.663e-06 1.961e-02
59.786781 -3.970e+00 -1.514e-01 2.279e-03 3.922e-06 3.922e-06 3.922e-03 -5.882e-05 3.663e-06 1.961e-02
59.796783 -3.916e+00 -1.074e-01 2.312e-03 3.922e-06 3.922e-06 3.922e-03 -5.882e-05 3.663e-06 1.961e-02
59.806782 -3.867e+00 -5.859e-02 2.312e-03 3.922e-06 3.922e-06 3.922e-03 -5.882e-05 3.663e-06 1.961e-02
59.816780 -3.804e+00 -1.465e-02 2.326e-03 3.922e-06 3.922e-06 3.922e-03 -5.882e-05 3.663e-06 1.961e-02
59.826782 -3.726e+00 3.418e-02 2.323e-03 3.922e-06 3.922e-06 3.922e-03 -5.882e-05 3.663e-06 1.961e-02
59.836784 -3.662e+00 7.812e-02 2.314e-03 3.922e-06 3.922e-06 3.922e-03 -5.882e-05 3.663e-06 1.961e-02
59.846783 -3.574e+00 1.270e-01 2.300e-03 3.922e-06 3.922e-06 3.922e-03 -5.882e-05 3.663e-06 1.961e-02
59.856781 -3.511e+00 1.709e-01 2.277e-03 3.922e-06 3.922e-06 3.922e-03 -5.882e-05 3.663e-06 1.961e-02
59.866783 -3.423e+00 2.197e-01 2.244e-03 3.922e-06 3.922e-06 3.922e-03 -5.882e-05 3.663e-06 1.961e-02
59.876781 -3.335e+00 2.734e-01 2.195e-03 3.922e-06 3.922e-06 3.922e-03 -5.882e-05 3.663e-06 1.961e-02
59.886784 -3.242e+00 3.223e-01 2.136e-03 3.922e-06 3.922e-06 3.922e-03 -5.882e-05 3.663e-06 1.961e-02
59.896782 -3.140e+00 3.662e-01 2.081e-03 3.922e-06 3.922e-06 3.922e-03 -5.882e-05 3.663e-06 1.961e-02
59.906784 -3.047e+00 3.857e-01 2.037e-03 3.922e-06 3.922e-06 3.922e-03 -5.882e-05 3.663e-06 1.961e-02
59.916782 -2.944e+00 4.248e-01 1.970e-03 3.922e-06 3.922e-06 3.922e-03 -5.882e-05 3.663e-06 1.961e-02
59.926785 -2.837e+00 4.639e-01 1.897e-03 3.922e-06 3.922e-06 3.922e-03 -5.882e-05 3.663e-06 1.961e-02
59.936783 -2.749e+00 4.834e-01 1.827e-03 3.922e-06 3.922e-06 3.922e-03 -5.882e-05 3.663e-06 1.961e-02
59.946781 -2.642e+00 5.225e-01 1.742e-03 3.922e-06 3.922e-06 3.922e-03 -5.882e-05 3.663e-06 1.961e-02
59.956783 -2.559e+00 5.420e-01 1.658e-03 3.922e-06 3.922e-06 3.922e-03 -5.882e-05 3.663e-06 1.961e-02
59.966782 -2.471e+00 5.664e-01 1.564e-03 3.922e-06 3.922e-06 3.922e-03 -5.882e-05 3.663e-06 1.961e-02
59.976784 -2.368e+00 5.908e-01 1.468e-03 3.922e-06 3.922e-06 3.922e-03 -5.882e-05 3.663e-06 1.961e-02
59.986782 -2.290e+00 6.006e-01 1.369e-03 3.922e-06 3.922e-06 3.922e-03 -5.882e-05 3.663e-06 1.961e-02
59.996784 -2.202e+00 6.104e-01 1.275e-03 3.922e-06 3.922e-06 3.922e-03 -5.882e-05 3.663e-06 1.961e-02
