3.807000000000000028e+01,-1.951999999999999957e+01,0.000000000000000000e+00
3.782092578970975438e+01,-1.963786434213601595e+01,-1.260186509080168493e+00
3.966850224541887826e+01,-2.103648603747532420e+01,-1.010087634535177914e+00
3.817394610538693200e+01,-1.968191183754104401e+01,-1.667146144324731072e+00
3.818399824897506534e+01,-2.095752194095067367e+01,-1.691149754005297323e+00
3.838665801075880779e+01,-2.256713651440000845e+01,-2.086369136554171000e+00
3.824848540681553288e+01,-2.237824023776060756e+01,-1.727173541762182740e+00
3.867594908268203113e+01,-2.264300499730023120e+01,-2.596916397467203819e+00
3.810766959228950412e+01,-2.254268597572301758e+01,2.666392801578087113e+00
3.751287081885578090e+01,-2.232274560318450796e+01,7.422078819551927165e-01
3.687419748348816029e+01,-2.235817956389648842e+01,1.221132324508102496e+00
3.656097825989743910e+01,-2.235775888950481516e+01,1.195456112911019941e+00
3.656097825989743910e+01,-2.235775888950485069e+01,1.195456112911020607e+00
3.593119332628712925e+01,-2.235743821209019444e+01,1.175883300027950273e+00
3.593119332628720031e+01,-2.235743821209015891e+01,1.175883300027949829e+00
3.593119332628720031e+01,-2.235743821209013049e+01,1.175883300027948941e+00
3.593119332628720031e+01,-2.235743821209010207e+01,1.175883300027948053e+00
3.593119332628714346e+01,-2.235743821209015891e+01,1.175883300027947165e+00
3.593119332628697293e+01,-2.235743821209011628e+01,1.227883300027947211e+00
3.593119332628702978e+01,-2.235743821209005944e+01,1.245883300027943230e+00
3.593119332628691609e+01,-2.235743821209000259e+01,1.315883300027941072e+00
3.485675789470705155e+01,-2.235729601382387699e+01,1.341204110513019021e+00
3.485675789470701602e+01,-2.235729601382388410e+01,1.411204110513011756e+00
3.485675789470693076e+01,-2.235729601382381304e+01,1.429204110513009329e+00
3.485675789470687391e+01,-2.235729601382378462e+01,1.499204110513007171e+00
3.485675789470676023e+01,-2.235729601382377041e+01,-2.546551237745339868e+00
3.485675789470661812e+01,-2.235729601382377041e+01,-2.476551237745344025e+00
3.485675789470641917e+01,-2.235729601382375620e+01,-2.476551237745338696e+00
3.485675789470644759e+01,-2.235729601382367093e+01,1.656204110513015637e+00
3.485675789470641917e+01,-2.235729601382367093e+01,-2.354551237745329040e+00
3.485675789470639074e+01,-2.235729601382365672e+01,-2.302551237745326773e+00
3.485675789470639074e+01,-2.235729601382368514e+01,-2.267551237745328407e+00
3.485675789470641917e+01,-2.235729601382359988e+01,-2.249551237745329502e+00
3.485675789470650443e+01,-2.235729601382357146e+01,-2.197551237745328123e+00
3.485675789470644759e+01,-2.235729601382358567e+01,1.882204110513021833e+00
3.485675789470636232e+01,-2.235729601382354303e+01,-2.145551237745322304e+00
3.485675789470622021e+01,-2.235729601382358567e+01,-2.092551237745320591e+00
3.485675789470624863e+01,-2.235729601382351461e+01,-2.057551237745315120e+00
3.485675789470610653e+01,-2.235729601382352882e+01,-2.040551237745308555e+00
3.485675789470610653e+01,-2.235729601382351461e+01,-2.005551237745308413e+00
3.485675789470604968e+01,-2.235729601382345777e+01,-1.970551237745308271e+00
3.485675789470607810e+01,-2.235729601382338672e+01,2.092204110513033122e+00
3.485675789470610653e+01,-2.235729601382335829e+01,-1.900551237745303768e+00
3.485775789470619657e+01,-2.235429601382334397e+01,-1.865551237745302515e+00
3.487175789470609288e+01,-2.231929601382336159e+01,-1.656551237745299332e+00
3.487875789470606946e+01,-2.229129601382338421e+01,-1.551551237745297129e+00
3.488375789470612176e+01,-2.225529601382338285e+01,-1.446551237745291374e+00
3.295630014502116722e+01,-2.221622803899911958e+01,-1.381700137712376986e+00
3.295630014502117433e+01,-2.219622803899906671e+01,-1.346700137712373291e+00
3.295630014502123117e+01,-2.217622803899899964e+01,-1.328700137712372609e+00
3.295330014502104632e+01,-2.213622803899897917e+01,-1.276700137712373007e+00
3.295130014502097993e+01,-2.211622803899894052e+01,-1.258700137712374101e+00
3.294630014502092763e+01,-2.207622803899896269e+01,-1.224700137712373404e+00
3.294030014502104109e+01,-2.203622803899902749e+01,-1.206700137712372722e+00
3.293330014502109293e+01,-2.199622803899903545e+01,-1.189700137712373262e+00
3.292530014502108315e+01,-2.195622803899905762e+01,-1.154700137712369568e+00
3.292130014502103563e+01,-2.193622803899901896e+01,-1.154700137712367791e+00
3.291130014502084578e+01,-2.189622803899898429e+01,-1.119700137712364096e+00
3.290130014502068434e+01,-2.185622803899899225e+01,-1.101700137712361638e+00
3.289630014502068889e+01,-2.183622803899901044e+01,2.961055210545985084e+00
3.288530014502059373e+01,-2.179622803899896155e+01,2.961055210545978866e+00
3.288030014502058407e+01,-2.177622803899889448e+01,-1.084700137712373946e+00
3.286830014502064046e+01,-2.173622803899887401e+01,-1.084700137712372836e+00
3.285630014502066842e+01,-2.169722803899884411e+01,-1.084700137712371060e+00
3.284430014502061113e+01,-2.165722803899888049e+01,-1.066700137712373930e+00
3.283830014502061090e+01,-2.163722803899891289e+01,-1.066700137712372154e+00
3.282630014502058202e+01,-2.159822803899889720e+01,-1.066700137712368601e+00
3.281430014502069525e+01,-2.155822803899896201e+01,-1.066700137712368601e+00
3.280730014502074710e+01,-2.153822803899898020e+01,-1.066700137712365049e+00
3.279530014502083191e+01,-2.149922803899892187e+01,-1.066700137712365049e+00
3.278930014502077483e+01,-2.148022803899894484e+01,-1.066700137712363272e+00
3.277730014502083122e+01,-2.144222803899894814e+01,-1.066700137712357943e+00
3.276530014502080235e+01,-2.140322803899896087e+01,-1.066700137712356167e+00
3.274730014502080166e+01,-2.134422803899896337e+01,2.978055210545988096e+00
3.274130014502073038e+01,-2.132422803899893893e+01,2.978055210545992537e+00
3.272930014502074414e+01,-2.128422803899894689e+01,-1.084700137712345525e+00
3.272330014502068707e+01,-2.126522803899892722e+01,-1.084700137712346191e+00
3.271130014502062977e+01,-2.122622803899892574e+01,-1.084700137712346191e+00
3.270530014502057270e+01,-2.120722803899893449e+01,-1.084700137712346191e+00
3.269930014502051563e+01,-2.118722803899895268e+01,-1.084700137712344414e+00
3.268930014502055315e+01,-2.114722803899893222e+01,-1.101700137712343874e+00
3.267830014502052904e+01,-2.110722803899894018e+01,-1.101700137712342098e+00
3.266830014502050972e+01,-2.106722803899896235e+01,-1.119700137712342780e+00
3.265830014502054723e+01,-2.102722803899892767e+01,-1.119700137712346333e+00
3.264830014502047106e+01,-2.098722803899889300e+01,-1.136700137712344016e+00
3.263930014502042809e+01,-2.094722803899891517e+01,-1.136700137712342240e+00
3.263430014502040422e+01,-2.092722803899886230e+01,2.926055210546002705e+00
3.263030014502039933e+01,-2.090722803899889470e+01,2.926055210545996488e+00
3.262130014502034214e+01,-2.086722803899887424e+01,-1.154700137712345809e+00
3.261330014502041763e+01,-2.082722803899889641e+01,-1.154700137712344699e+00
3.260530014502052154e+01,-2.078722803899884752e+01,-1.171700137712340606e+00
3.259730014502051176e+01,-2.074722803899878443e+01,-1.171700137712340606e+00
3.258530014502062500e+01,-2.068722803899876794e+01,-1.189700137712337735e+00
3.257830014502067684e+01,-2.064722803899879011e+01,-1.189700137712339512e+00
3.257130014502072868e+01,-2.060722803899875544e+01,-1.189700137712335959e+00
3.256830014502057224e+01,-2.058722803899874521e+01,-1.206700137712337195e+00
3.256530014502052950e+01,-2.056722803899872076e+01,-1.206700137712335419e+00
3.255930014502052927e+01,-2.052722803899874293e+01,2.856055210546013079e+00
3.255630014502045810e+01,-2.050722803899878954e+01,2.856055210546013967e+00
3.255030014502045788e+01,-2.046722803899882592e+01,-1.224700137712331882e+00
3.254430014502037238e+01,-2.042722803899881967e+01,-1.224700137712327219e+00
3.253830014502037216e+01,-2.038722803899879921e+01,-1.224700137712323667e+00
3.253330014502040513e+01,-2.034722803899875032e+01,-1.241700137712321350e+00
3.253130014502048084e+01,-2.032722803899876851e+01,-1.241700137712319574e+00
3.252730014502040490e+01,-2.028722803899876226e+01,-1.241700137712316021e+00
3.252530014502039535e+01,-2.026722803899873782e+01,-1.241700137712314245e+00
3.252230014502026734e+01,-2.024522803899868961e+01,-1.258700137712310152e+00
3.252130014502014888e+01,-2.023222803899865596e+01,2.786055210546037664e+00
3.251830014502010613e+01,-2.019222803899860708e+01,2.769055210546030210e+00
3.251530014502009180e+01,-2.013222803899861901e+01,-1.293700137712323839e+00
3.251330014502005383e+01,-2.011222803899859457e+01,-1.293700137712320952e+00
3.251130014501990217e+01,-2.007222803899857411e+01,-1.293700137712319176e+00
3.250930014501972209e+01,-2.005222803899856387e+01,-1.276700137712321492e+00
3.250630014501956566e+01,-2.001222803899855762e+01,-1.276700137712325045e+00
3.250530014501950404e+01,-1.999222803899853318e+01,-1.276700137712321492e+00
3.250130014501937126e+01,-1.995222803899848429e+01,-1.276700137712321492e+00
3.249930014501921960e+01,-1.993222803899848827e+01,-1.276700137712321492e+00
3.249630014501914843e+01,-1.989222803899851044e+01,2.786055210546023453e+00
3.249230014501915775e+01,-1.985222803899847577e+01,2.804055210546019694e+00
3.248830014501908181e+01,-1.981222803899852636e+01,-1.258700137712327249e+00
3.248430014501911955e+01,-1.977222803899854853e+01,-1.258700137712327916e+00
3.248030014501907203e+01,-1.973122803899850908e+01,-1.258700137712327916e+00
3.247830014501903406e+01,-1.971022803899847986e+01,-1.258700137712329692e+00
3.247630014501908136e+01,-1.968922803899850749e+01,-1.258700137712326139e+00
3.247230014501892015e+01,-1.964822803899849646e+01,-1.258700137712322586e+00
3.246930014501890582e+01,-1.962722803899846724e+01,-1.241700137712319574e+00
3.246530014501885830e+01,-1.958522803899847986e+01,-1.241700137712317797e+00
3.245930014501874439e+01,-1.952222803899840642e+01,-1.241700137712319574e+00
3.245630014501878691e+01,-1.950222803899839619e+01,2.821055210546027148e+00
3.245230014501890992e+01,-1.946122803899842779e+01,2.821055210546019154e+00
3.245030014501895721e+01,-1.944122803899838914e+01,-1.241700137712327789e+00
3.244630014501896653e+01,-1.940122803899835446e+01,-1.258700137712324363e+00
3.244430014501892856e+01,-1.938022803899839630e+01,-1.258700137712320810e+00
3.243930014501881942e+01,-1.933822803899838050e+01,-1.258700137712320810e+00
3.243530014501877190e+01,-1.929722803899836947e+01,-1.258700137712324363e+00
3.243330014501879077e+01,-1.927722803899834503e+01,-1.258700137712322586e+00
3.242930014501880009e+01,-1.923722803899833877e+01,-1.258700137712322586e+00
3.242730014501879054e+01,-1.921722803899832854e+01,-1.258700137712322586e+00
3.242330014501871460e+01,-1.917522803899828432e+01,2.804055210546024135e+00
3.241730014501865753e+01,-1.911222803899819667e+01,2.804055210546019694e+00
3.241530014501870482e+01,-1.909122803899812482e+01,-1.276700137712331484e+00
3.241130014501871415e+01,-1.904922803899802375e+01,-1.276700137712326821e+00
3.240930014501861933e+01,-1.902822803899802295e+01,-1.276700137712323269e+00
3.240530014501865708e+01,-1.898722803899798350e+01,-1.276700137712317940e+00
3.240330014501864753e+01,-1.896622803899798271e+01,-1.276700137712314387e+00
3.239730014501861888e+01,-1.890322803899796611e+01,-1.276700137712312610e+00
3.239330014501842925e+01,-1.886122803899795031e+01,-1.276700137712314387e+00
3.238730014501840060e+01,-1.880122803899787698e+01,-1.258700137712306599e+00
3.238530014501839105e+01,-1.878022803899784776e+01,2.804055210546038346e+00
3.238330014501831045e+01,-1.875922803899781854e+01,2.804055210546037458e+00
3.237930014501830556e+01,-1.871822803899776488e+01,-1.258700137712305933e+00
3.237730014501832443e+01,-1.869822803899776886e+01,-1.258700137712301270e+00
3.237330014501830533e+01,-1.865622803899772464e+01,-1.258700137712299494e+00
3.237130014501826736e+01,-1.863522803899766700e+01,-1.258700137712301270e+00
3.236730014501830510e+01,-1.859322803899769383e+01,-1.258700137712301270e+00
3.236530014501829555e+01,-1.857322803899769781e+01,-1.258700137712299494e+00
3.236130014501836172e+01,-1.853122803899769622e+01,-1.258700137712299494e+00
3.235730014501822893e+01,-1.848922803899763778e+01,-1.258700137712301270e+00
3.235730014501825735e+01,-1.848922803899762357e+01,2.804055210546045451e+00
3.235130014501820028e+01,-1.842622803899760697e+01,2.804055210546044563e+00
3.234730014501815276e+01,-1.838422803899761959e+01,-1.258700137712298828e+00
3.234330014501810524e+01,-1.834222803899753274e+01,-1.258700137712299494e+00
3.233930014501802930e+01,-1.830022803899748851e+01,-1.258700137712301270e+00
3.233730014501793448e+01,-1.827922803899753035e+01,-1.258700137712301270e+00
3.233330014501780170e+01,-1.823722803899750033e+01,-1.258700137712295941e+00
3.233130014501770688e+01,-1.821622803899749954e+01,-1.258700137712294165e+00
3.232730014501763094e+01,-1.817422803899749795e+01,-1.258700137712292388e+00
3.232130014501763071e+01,-1.811022803899756184e+01,-1.258700137712290612e+00
3.231730014501746950e+01,-1.806822803899751761e+01,2.804055210546052557e+00
3.231530014501750259e+01,-1.804722803899748840e+01,2.804055210546046339e+00
3.231130014501744085e+01,-1.800522803899748681e+01,-1.258700137712295275e+00
3.230930014501737446e+01,-1.798422803899747180e+01,-1.258700137712295941e+00
3.230530014501746905e+01,-1.794222803899748442e+01,-1.258700137712295941e+00
3.230130014501744995e+01,-1.790022803899744019e+01,-1.258700137712295941e+00
3.229930014501744040e+01,-1.787922803899742519e+01,-1.258700137712295941e+00
3.229530014501736446e+01,-1.783722803899742360e+01,-1.258700137712299494e+00
3.229130014501723167e+01,-1.779522803899742200e+01,-1.258700137712299494e+00
3.228730014501718415e+01,-1.775322803899743462e+01,-1.258700137712299494e+00
3.228330014501710821e+01,-1.771122803899740461e+01,2.804055210546045451e+00
2.997806231767334495e+01,-1.769021254789511133e+01,2.803511034770008070e+00
2.997406231767328677e+01,-1.764821254789514171e+01,-1.259244313488337541e+00
2.997206231767322038e+01,-1.762721254789508407e+01,-1.259244313488336431e+00
2.996806231767314443e+01,-1.758621254789508725e+01,-1.259244313488336431e+00
2.996406231767309691e+01,-1.754421254789506435e+01,-1.259244313488336431e+00
2.996206231767300210e+01,-1.752321254789509197e+01,-1.259244313488334654e+00
2.995806231767312511e+01,-3.595053250277444334e+01,-1.257685921535774076e+00
2.995406231767302074e+01,-3.934385394243435030e+01,-1.257398379097147023e+00
2.995006231767297322e+01,-3.930185394243432029e+01,-1.257398379097145025e+00
2.994806231767296367e+01,-3.928185394243431006e+01,2.805356969161201697e+00
2.994406231767287352e+01,-3.924185394243431801e+01,2.805356969161204361e+00
2.994206231767276449e+01,-3.922185394243439305e+01,-1.257398379097146135e+00
2.993806231767268855e+01,-3.918185394243448627e+01,-1.257398379097145025e+00
2.993406231767266945e+01,-3.914185394243440896e+01,-1.275398379097140378e+00
2.993206231767271674e+01,-3.912185394243448400e+01,-1.275398379097138601e+00
2.992806231767266922e+01,-3.908185394243454880e+01,-1.275398379097138601e+00
2.992506231767265490e+01,-3.904185394243458518e+01,-1.275398379097135049e+00
2.992306231767270219e+01,-3.902185394243448968e+01,-1.275398379097138601e+00
2.992106231767266422e+01,-3.898185394243432711e+01,-1.292398379097139838e+00
2.991806231767256463e+01,-3.894185394243433507e+01,2.770356969161208660e+00
2.991706231767260249e+01,-3.892185394243449537e+01,2.770356969161204219e+00
2.991506231767252189e+01,-3.888085394243438486e+01,-1.310398379097143406e+00
2.991406231767246027e+01,-3.886085394243428937e+01,-1.310398379097140520e+00
2.991206231767239387e+01,-3.882085394243424048e+01,-1.310398379097142296e+00
2.991106231767238910e+01,-3.880085394243414498e+01,-1.310398379097147625e+00
2.990806231767237477e+01,-3.874085394243402902e+01,-1.292398379097145167e+00
2.990706231767239842e+01,-3.872085394243396195e+01,-1.292398379097141614e+00
2.990506231767236045e+01,-3.868085394243391306e+01,-1.292398379097145167e+00
2.990406231767235568e+01,-3.866085394243376072e+01,-1.292398379097145167e+00
2.990106231767234135e+01,-3.861985394243379233e+01,2.770356969161198002e+00
2.989706231767225120e+01,-3.855885394243384212e+01,2.787356969161198350e+00
2.989406231767227951e+01,-3.851885394243370797e+01,-1.275398379097146817e+00
2.989306231767224631e+01,-3.849885394243358405e+01,-1.275398379097142154e+00
2.988906231767225563e+01,-3.845885394243350675e+01,-1.275398379097138601e+00
2.988506231767220811e+01,-3.841885394243342944e+01,-1.257398379097137919e+00
2.988306231767211329e+01,-3.839885394243347605e+01,-1.257398379097136143e+00
2.987706231767214149e+01,-3.833685394243329370e+01,-1.257398379097132590e+00
2.987506231767204667e+01,-3.831585394243339238e+01,-1.257398379097129038e+00
2.987306231767198028e+01,-3.829485394243334895e+01,-1.257398379097130814e+00
2.986906231767198960e+01,-3.825285394243326209e+01,2.805356969161215908e+00
2.986706231767207953e+01,-3.823285394243328028e+01,2.805356969161207914e+00
2.986306231767207464e+01,-3.819285394243320297e+01,-1.257398379097135477e+00
2.985906231767208396e+01,-3.815285394243321093e+01,-1.257398379097130814e+00
2.985506231767212171e+01,-3.811285394243319047e+01,-1.257398379097130814e+00
2.985106231767207419e+01,-3.807285394243317000e+01,-1.257398379097134367e+00
2.984906231767197937e+01,-3.805285394243301766e+01,-1.275398379097138601e+00
2.984506231767190343e+01,-3.801285394243305404e+01,-1.275398379097136825e+00
2.984106231767194117e+01,-3.797285394243303358e+01,-1.275398379097133272e+00
2.984006231767193640e+01,-3.795285394243308019e+01,-1.275398379097135049e+00
2.983706231767189365e+01,-3.791285394243303131e+01,2.770356969161212213e+00
2.983506231767188410e+01,-3.789285394243299265e+01,2.770356969161207772e+00
2.983406231767187933e+01,-3.787385394243290193e+01,-1.310398379097132748e+00
2.983306231767190297e+01,-3.784485394243296241e+01,-1.327398379097131098e+00
2.983206231767184136e+01,-3.780485394243297037e+01,-1.327398379097127545e+00
2.983206231767181293e+01,-3.778485394243287487e+01,-1.345398379097122898e+00
2.983206231767175609e+01,-3.774385394243282121e+01,-1.345398379097121122e+00
2.983206231767184136e+01,-3.768285394243267206e+01,-1.345398379097119346e+00
2.983206231767181293e+01,-3.766285394243257656e+01,-1.345398379097121122e+00
2.983106231767180816e+01,-3.762285394243252767e+01,2.735356969161226282e+00
2.983006231767177496e+01,-3.758185394243247401e+01,2.735356969161227170e+00
2.982906231767171334e+01,-3.754185394243236829e+01,-1.310398379097118537e+00
2.982706231767170379e+01,-3.750185394243240466e+01,-1.292398379097116745e+00
2.982406231767174631e+01,-3.746185394243232736e+01,-1.275398379097113732e+00
2.982206231767176519e+01,-3.744185394243228870e+01,-1.275398379097117285e+00
2.981806231767171766e+01,-3.740185394243229666e+01,-1.257398379097114827e+00
2.981406231767172699e+01,-3.736185394243227620e+01,-1.240398379097117143e+00
2.981106231767165582e+01,-3.734185394243235123e+01,-1.223398379097115907e+00
2.980506231767154190e+01,-3.730185394243235919e+01,-1.223398379097123012e+00
2.980206231767158442e+01,-4.147133118367302274e+01,-1.223190305699741520e+00
2.979606231767155577e+01,-4.143133118367313728e+01,2.857565042558596780e+00
2.979006231767162660e+01,-4.139133118367314523e+01,2.857565042558592339e+00
2.978406231767169743e+01,-4.135133118367306793e+01,-1.188190305699758698e+00
2.978006231767162149e+01,-4.133133118367317138e+01,-1.188190305699759364e+00
2.977306231767155964e+01,-4.129133118367320776e+01,-1.188190305699754035e+00
2.976506231767154986e+01,-4.125133118367310203e+01,-1.170190305699753353e+00
2.976106231767158761e+01,-4.123133118367312022e+01,-1.170190305699755129e+00
2.975306231767157783e+01,-4.119133118367315660e+01,-1.170190305699751576e+00
2.974906231767158715e+01,-4.117133118367311795e+01,-1.153190305699750340e+00
2.974106231767152053e+01,-4.113133118367309748e+01,-1.153190305699748563e+00
2.973206231767150598e+01,-4.109133118367304860e+01,-1.153190305699748563e+00
2.972406231767149620e+01,-4.105133118367297129e+01,-1.135190305699749658e+00
2.971906231767144391e+01,-4.103133118367293264e+01,-1.135190305699749658e+00
2.970906231767148142e+01,-4.099133118367282691e+01,2.927565042558597064e+00
2.969906231767154736e+01,-4.095133118367277802e+01,2.927565042558603281e+00
2.969406231767143822e+01,-4.093133118367268253e+01,-1.118190305699733544e+00
2.965906231767147005e+01,-4.079133118367263933e+01,-1.118190305699735987e+00
2.964806231767144595e+01,-4.075133118367256202e+01,-1.118190305699730658e+00
2.963806231767148347e+01,-4.071033118367250836e+01,-1.100190305699731752e+00
2.963206231767142640e+01,-4.069033118367255497e+01,-1.100190305699729976e+00
2.962206231767135023e+01,-4.065033118367264819e+01,-1.100190305699726423e+00
2.961706231767132635e+01,-4.063033118367266638e+01,-1.100190305699724647e+00
2.960606231767124541e+01,-4.059033118367256066e+01,-1.100190305699726423e+00
2.960106231767122154e+01,-4.057033118367240832e+01,-1.100190305699724647e+00
2.958906231767122108e+01,-4.053033118367244469e+01,-1.100190305699728199e+00
2.956606231767113968e+01,-4.044933118367245584e+01,-1.083190305699726963e+00
2.956006231767108261e+01,-4.043033118367245038e+01,-1.083190305699725187e+00
2.954906231767097324e+01,-4.039133118367240627e+01,2.979565042558617982e+00
2.953706231767101542e+01,-4.035233118367230531e+01,2.979565042558615318e+00
2.952506231767094391e+01,-4.031233118367211432e+01,-1.065190305699736273e+00
2.951906231767091526e+01,-4.029233118367216093e+01,-1.065190305699736939e+00
2.950706231767102850e+01,-4.025333118367208840e+01,-1.065190305699735163e+00
2.950106231767105669e+01,-4.023333118367222028e+01,-1.065190305699733386e+00
2.948806231767102304e+01,-4.019433118367209090e+01,-1.048190305699732150e+00
2.947406231767106988e+01,-4.015633118367207999e+01,-1.031190305699729137e+00
2.946006231767103145e+01,-4.011833118367201223e+01,-9.961903056997289951e-01
2.944606231767104987e+01,-4.008033118367205816e+01,-9.781903056997283130e-01
2.943906231767107329e+01,-4.006133118367199586e+01,-9.781903056997283130e-01
2.942306231767102531e+01,-4.002333118367195652e+01,-9.431903056997317236e-01
2.941506231767095869e+01,-4.000533118367192742e+01,-9.261903056997340400e-01
2.939706231767092959e+01,-3.996833118367197812e+01,-8.911903056997303452e-01
2.938806231767091504e+01,-3.995033118367197744e+01,-8.741903056997256671e-01
2.936906231767099484e+01,-3.991433118367180555e+01,-8.561903056997266503e-01
2.934906231767095619e+01,-3.987833118367177576e+01,-8.391903056997236376e-01
2.933906231767102213e+01,-3.986133118367175143e+01,-8.211903056997247319e-01
2.931806231767103554e+01,-3.982733118367167435e+01,-8.041903056997270482e-01
2.929606231767101576e+01,-3.979333118367159727e+01,-7.861903056997281425e-01
2.926206231767102395e+01,-3.974233118367158113e+01,-7.511903056997262240e-01
2.925006231767099507e+01,-3.972533118367155680e+01,-7.341903056997249877e-01
2.923806231767090935e+01,-3.970933118367153725e+01,-2.954620264620964498e+00
2.922606231767088047e+01,-3.969333118367157454e+01,-2.954620264620961834e+00
2.920206231767087957e+01,-3.966033118367155907e+01,1.108135083637388663e+00
2.917806231767087866e+01,-3.962833118367151997e+01,1.126135083637383349e+00
2.914106231767084410e+01,-3.958033118367148973e+01,1.143135083637383920e+00
2.912906231767084364e+01,-3.956433118367147017e+01,1.143135083637383254e+00
2.911606231767092368e+01,-3.954833118367142220e+01,1.143135083637381255e+00
2.906406231767087434e+01,-3.948433118367154293e+01,1.160135083637380937e+00
2.905106231767084068e+01,-3.946933118367158499e+01,1.178135083637376290e+00
2.902506231767077338e+01,-3.943933118367158386e+01,1.195135083637371753e+00
2.901206231767073973e+01,-3.942433118367148381e+01,1.195135083637369089e+00
2.898606231767064401e+01,-3.939433118367139741e+01,-2.849620264620980059e+00
2.895906231767054351e+01,-3.936433118367128259e+01,-2.832620264620986816e+00
2.894506231767053350e+01,-3.934933118367126781e+01,1.230135083637363680e+00
2.891806231767046143e+01,-3.932033118367129987e+01,1.230135083637362570e+00
2.887606231767051668e+01,-3.927733118367132192e+01,1.248135083637363918e+00
2.886206231767050667e+01,-3.926333118367125508e+01,1.248135083637363918e+00
2.884806231767041140e+01,-3.924833118367126872e+01,1.248135083637362586e+00
2.883406231767037298e+01,-3.923433118367134398e+01,1.265135083637363822e+00
2.880606231767035297e+01,-3.920633118367129555e+01,1.265135083637360935e+00
2.877806231767030454e+01,-3.917833118367130396e+01,1.265135083637361380e+00
2.876306231767020449e+01,-3.916433118367123711e+01,-2.779620264620986880e+00
2.873506231767019869e+01,-3.913633118367133079e+01,-2.779620264620991321e+00
2.872106231767017448e+01,-3.912233118367137763e+01,1.283135083637353846e+00
2.869206231767012127e+01,-3.909533118367139082e+01,1.300135083637355304e+00
2.863306231767009535e+01,-3.904033118367132715e+01,1.300135083637355748e+00
2.860306231767009422e+01,-3.901333118367128350e+01,1.318135083637355986e+00
2.857306231767003624e+01,-3.898633118367115458e+01,1.318135083637357097e+00
2.855806231767007830e+01,-3.897333118367112093e+01,1.318135083637354210e+00
2.854306231767009194e+01,-3.896033118367108727e+01,1.335135083637355446e+00
2.851306231767006238e+01,-3.893433118367107681e+01,-2.727620264620990831e+00
2.849806231767004761e+01,-3.892133118367101474e+01,-2.727620264620982837e+00
2.846806231766996120e+01,-3.889533118367097586e+01,1.335135083637367659e+00
2.842206231766999736e+01,-3.885633118367096017e+01,1.352135083637367341e+00
2.840706231766995415e+01,-3.884333118367089810e+01,1.352135083637369561e+00
2.837706231766998144e+01,-3.881733118367080237e+01,1.370135083637367135e+00
2.836106231767004715e+01,-3.880433118367079715e+01,1.370135083637364914e+00
2.832906231767006489e+01,-3.877833118367081511e+01,1.370135083637365803e+00
2.831306231767001691e+01,-3.876533118367086672e+01,-2.692620264620976478e+00
2.828106231766992096e+01,-3.873933118367082784e+01,-2.675620264620976130e+00
2.824906231767005238e+01,-3.871433118367073689e+01,-2.675620264620976130e+00
2.823306231767003283e+01,-3.870133118367076008e+01,1.387135083637367261e+00
2.820106231766999372e+01,-3.867733118367058864e+01,1.405135083637369275e+00
2.816906231766989777e+01,-3.865333118367044563e+01,1.405135083637367277e+00
2.815306231766987821e+01,-3.864133118367038833e+01,1.405135083637368387e+00
2.808806231766988049e+01,-3.859333118367032966e+01,-2.640620264620973323e+00
2.807206231766988580e+01,-4.476909497468404453e+01,-2.640453682666958901e+00
2.805606231766981296e+01,-4.475709497468398013e+01,-2.622453682666948893e+00
2.802206231766973588e+01,-4.473309497468403606e+01,1.440301665591394498e+00
2.798806231766963037e+01,-4.471009497468386940e+01,1.440301665591390279e+00
2.795506231766952965e+01,-4.468609497468389691e+01,1.457301665591389073e+00
2.792106231766948099e+01,-4.466309497468387235e+01,1.457301665591387740e+00
2.790406231766939982e+01,-4.465209497468376298e+01,-2.605453682666960979e+00
2.787106231766938436e+01,-4.463009497468374320e+01,-2.587453682666966515e+00
2.783706231766936412e+01,-4.460809497468372342e+01,-2.587453682666961186e+00
2.782006231766931137e+01,-4.459709497468361405e+01,1.475301665591387534e+00
2.778606231766917745e+01,-4.457509497468370796e+01,1.492301665591383442e+00
2.775206231766924247e+01,-4.455309497468383029e+01,1.492301665591378335e+00
2.773406231766918495e+01,-4.454309497468381096e+01,-2.552453682666970813e+00
2.769906231766910309e+01,-4.452209497468373911e+01,-2.535453682666966913e+00
2.766306231766913015e+01,-4.450209497468364361e+01,-2.518453682666962123e+00
2.762706231766921405e+01,-4.448309497468349605e+01,1.562301665591380173e+00
2.760906231766918495e+01,-4.447409497468348150e+01,-2.483453682666964646e+00
2.757206231766909355e+01,-4.445609497468348081e+01,-2.465453682666954194e+00
2.755406231766906444e+01,-4.444809497468352788e+01,1.614301665591397539e+00
2.751806231766914834e+01,-4.443109497468344671e+01,-2.448453682666950293e+00
2.746106231766910355e+01,-4.440609497468344102e+01,-2.430453682666945170e+00
2.742306231766906421e+01,-4.439009497468339305e+01,-2.430453682666939841e+00
2.740406231766897349e+01,-4.438209497468338327e+01,1.632301665591405326e+00
2.736606231766890573e+01,-4.436609497468339214e+01,-2.413453682666932387e+00
2.732906231766881433e+01,-4.435109497468334894e+01,-2.413453682666933275e+00
2.729206231766877977e+01,-4.433609497468336258e+01,-2.395453682666937922e+00
2.727306231766874589e+01,-4.432809497468326754e+01,-2.395453682666945028e+00
2.723506231766873498e+01,-4.431309497468330960e+01,1.667301665591394810e+00
2.719706231766869564e+01,-4.429809497468335167e+01,-2.395453682666953021e+00
2.717806231766860492e+01,-4.429109497468340351e+01,-2.378453682666956226e+00
2.715906231766851420e+01,-4.428409497468351219e+01,-2.378453682666947344e+00
2.712106231766844644e+01,-4.427009497468338850e+01,-2.378453682666947344e+00
2.710206231766852625e+01,-4.426309497468329823e+01,1.702301665591398505e+00
2.706406231766854376e+01,-4.424909497468340192e+01,-2.360453682666945774e+00
2.700806231766858900e+01,-4.423009497468345330e+01,-2.326453682666947742e+00
2.698806231766849351e+01,-4.422409497468342465e+01,-2.308453682666947060e+00
2.694806231766852989e+01,-4.421209497468339578e+01,-2.291453682666945824e+00
2.692806231766846281e+01,-4.420609497468331028e+01,-2.273453682666943365e+00
2.688806231766849919e+01,-4.419509497468325776e+01,1.806301665591401262e+00
2.684806231766850715e+01,-4.418509497468321001e+01,-2.238453682666938782e+00
2.682806231766852534e+01,-4.418109497468327618e+01,-2.221453682666931329e+00
2.678906231766850965e+01,-4.417309497468329482e+01,-2.203453682666925317e+00
2.676906231766841415e+01,-4.416909497468319046e+01,-2.203453682666919988e+00
2.670906231766841188e+01,-4.415909497468311429e+01,-2.168453682666918070e+00
2.668906231766831638e+01,-4.415609497468298628e+01,-2.151453682666913281e+00
2.664906231766826750e+01,-4.415009497468315658e+01,1.928301665591433123e+00
2.660906231766830388e+01,-4.414609497468302379e+01,-2.116453682666914027e+00
2.658906231766823680e+01,-4.414409497468292898e+01,-2.116453682666907810e+00
2.654906231766830160e+01,-4.414009497468290988e+01,-2.099453682666908350e+00
2.652906231766817768e+01,-4.413809497468284349e+01,-2.099453682666908350e+00
2.646906231766811857e+01,-4.413309497468279119e+01,1.981301665591437500e+00
2.640906231766808787e+01,-4.413009497468272002e+01,-2.081453682666903227e+00
2.638906231766804922e+01,-4.412909497468257314e+01,-2.081453682666905891e+00
2.636906231766801056e+01,-4.412809497468259678e+01,-2.081453682666909444e+00
2.632906231766796168e+01,-4.412609497468255881e+01,1.998301665591433407e+00
2.628906231766796964e+01,-4.412509497468246877e+01,-2.046453682666917295e+00
2.626906231766798783e+01,-4.412509497468232667e+01,-2.029453682666911618e+00
2.622906231766802421e+01,-4.412509497468232667e+01,-2.011453682666910936e+00
2.618906231766808901e+01,-4.412509497468235509e+01,-1.994453682666913252e+00
2.616906231766807878e+01,-4.412509497468235509e+01,-1.977453682666906687e+00
2.612906231766800147e+01,-4.412709497468250675e+01,2.103301665591437164e+00
2.608906231766798101e+01,-4.412909497468257314e+01,-1.959453682666910668e+00
2.606906231766791393e+01,-4.413009497468257791e+01,-1.959453682666909557e+00
2.602906231766786505e+01,-4.413209497468241693e+01,2.120301665591440177e+00
2.598906231766775932e+01,-4.413409497468231280e+01,-1.942453682666904102e+00
2.594906231766768201e+01,-4.413609497468220866e+01,-1.942453682666899439e+00
2.592206231766763835e+01,-4.413809497468213294e+01,2.103301665591444269e+00
2.589206231766763722e+01,-4.413909497468222298e+01,-1.959453682666900010e+00
2.585206231766758833e+01,-4.414109497468214727e+01,2.103301665591444269e+00
2.581206231766751102e+01,-4.414309497468224208e+01,-1.959453682666900010e+00
2.577206231766757583e+01,-4.414509497468228005e+01,2.120301665591450835e+00
2.575206231766750875e+01,-4.414609497468211430e+01,-1.942453682666900550e+00
2.571206231766748829e+01,-4.414809497468212385e+01,2.120301665591447282e+00
2.569206231766747806e+01,-4.414909497468195809e+01,2.120301665591444618e+00
2.565106231766753808e+01,-4.415109497468185396e+01,2.138301665591441747e+00
2.563006231766757992e+01,-4.415309497468189193e+01,-1.924453682666906973e+00
2.557006231766754922e+01,-4.415909497468192058e+01,2.155301665591436766e+00
2.555006231766745373e+01,-4.416109497468175960e+01,2.173301665591433895e+00
2.547006231766738438e+01,-4.417309497468178847e+01,2.208301665591434926e+00
2.545006231766734572e+01,-4.417609497468180280e+01,2.225301665591434386e+00
2.541006231766741053e+01,-4.418409497468175573e+01,-1.819453682666910099e+00
2.541006231766741053e+01,-4.418409497468178415e+01,2.243301665591441285e+00
2.535006231766735141e+01,-4.419609497468181303e+01,2.260301665591436304e+00
2.533006231766728433e+01,-4.420009497468183213e+01,2.260301665591430975e+00
2.529006231766732071e+01,-4.420809497468169980e+01,2.260301665591422093e+00
2.525006231766721498e+01,-4.421709497468171435e+01,-1.785453682666928943e+00
2.521006231766716610e+01,-4.422709497468170525e+01,2.277301665591422886e+00
2.516906231766708402e+01,-4.423709497468169616e+01,2.277301665591418889e+00
2.512906231766709197e+01,-4.424709497468163022e+01,2.277301665591418001e+00
2.506806231766705650e+01,-4.426209497468164500e+01,2.295301665591415130e+00
2.504806231766707469e+01,-4.426709497468166887e+01,2.295301665591410689e+00
2.500806231766702581e+01,-4.427709497468154609e+01,-1.767453682666942472e+00
2.496806231766697692e+01,-4.428709497468136647e+01,2.295301665591401807e+00
2.494806231766690985e+01,-4.429209497468133350e+01,2.295301665591396478e+00
2.490606231766685141e+01,-4.430209497468129598e+01,2.295301665591392926e+00
2.486506231766685460e+01,-4.431209497468117320e+01,2.295301665591393814e+00
2.482506231766680571e+01,-4.432209497468107884e+01,2.295301665591394702e+00
2.480506231766676706e+01,-4.432709497468107429e+01,-1.767453682666960235e+00
2.476506231766674659e+01,-4.433709497468095151e+01,2.295301665591387597e+00
2.474506231766676478e+01,-4.434209497468077643e+01,2.295301665591384044e+00
2.470506231766677274e+01,-4.435209497468068207e+01,2.295301665591384044e+00
2.468406231766672931e+01,-4.435809497468076756e+01,2.295301665591387597e+00
2.464306231766676092e+01,-4.436809497468070163e+01,2.295301665591384044e+00
2.460306231766682572e+01,-4.437809497468063569e+01,-1.767453682666956682e+00
2.452206231766672317e+01,-4.439909497468059385e+01,2.295301665591391149e+00
2.450106231766670817e+01,-4.440509497468048039e+01,2.295301665591392037e+00
2.446006231766668293e+01,-4.441609497468039081e+01,2.295301665591386708e+00
2.444006231766661585e+01,-4.442109497468027257e+01,2.295301665591386708e+00
2.439906231766659062e+01,-4.443209497468029667e+01,2.295301665591388485e+00
2.435906231766662700e+01,-4.444209497468020231e+01,-1.750453682666957222e+00
2.434006231766656470e+01,-4.444709497468011250e+01,2.312301665591383504e+00
2.430006231766654423e+01,-4.445709497467987603e+01,2.312301665591386168e+00
2.426006231766652377e+01,-4.446809497467975802e+01,2.312301665591390609e+00
2.424006231766654196e+01,-4.447309497467975348e+01,2.312301665591388833e+00
2.420006231766657834e+01,-4.448409497467966389e+01,2.312301665591386168e+00
2.416006231766661472e+01,-4.449509497467965957e+01,-1.750453682666957222e+00
2.409906231766663609e+01,-4.451309497467954657e+01,2.330301665591387739e+00
2.407906231766656902e+01,-4.451909497467954679e+01,2.330301665591383298e+00
2.403906231766649171e+01,-4.453109497467957567e+01,2.330301665591380633e+00
2.403906231766646329e+01,-4.453109497467954725e+01,2.330301665591372640e+00
2.396006231766648398e+01,-4.455509497467957658e+01,2.330301665591380633e+00
2.393306231766644032e+01,-4.456309497467941583e+01,-1.767453682666963788e+00
2.390506231766639189e+01,-4.457009497467939241e+01,2.295301665591380491e+00
2.388606231766635801e+01,-4.457509497467924575e+01,2.312301665591379063e+00
2.382606231766632732e+01,-4.459209497467929850e+01,2.347301665591377429e+00
2.378606231766627843e+01,-4.460509497467921847e+01,2.382301665591376683e+00
2.374806231766623910e+01,-4.461909497467914321e+01,-1.627453682666970325e+00
2.374806231766618225e+01,-4.461909497467914321e+01,2.435301665591373954e+00
2.369106231766619430e+01,-4.464109497467904930e+01,2.452301665591366309e+00
2.367206231766613200e+01,-4.464909497467891697e+01,2.469301665591363104e+00
2.363606231766613064e+01,-4.466709497467883239e+01,-1.540453682666988344e+00
2.360006231766610085e+01,-4.468609497467869573e+01,-1.488453682666987632e+00
2.358206231766607175e+01,-4.469609497467871506e+01,2.592301665591356219e+00
2.354806231766605151e+01,-4.471809497467873484e+01,2.627301665591351920e+00
2.353106231766605561e+01,-4.472909497467875894e+01,-1.418453682666992011e+00
2.349806231766601172e+01,-4.475309497467881670e+01,-1.383453682666987206e+00
2.346606231766594419e+01,-4.477809497467868027e+01,-1.348453682666988840e+00
2.341906231766591873e+01,-4.481709497467875281e+01,-1.296453682666985685e+00
2.338906231766591759e+01,-4.484309497467882011e+01,-1.278453682666983227e+00
2.335906231766594487e+01,-4.487009497467875008e+01,-1.261453682666983767e+00
2.335906231766588803e+01,-4.487009497467869323e+01,-1.261453682666981990e+00
2.332906231766588689e+01,-4.489709497467856636e+01,-1.261453682666976661e+00
2.329906231766591418e+01,-4.492509497467852952e+01,2.819301665591370742e+00
2.325506231766591014e+01,-4.496709497467858796e+01,2.819301665591369854e+00
2.324006231766585984e+01,-4.498109497467848428e+01,-1.243453682666977089e+00
2.322506231766581664e+01,-4.499509497467838059e+01,-1.243453682666975979e+00
2.321106231766577821e+01,-4.500909497467830533e+01,-1.243453682666975979e+00
2.315306231766572864e+01,-4.506509497467826009e+01,-1.243453682666974203e+00
2.312706231766568976e+01,-4.509109497467827055e+01,-1.226453682666974743e+00
2.311406231766562769e+01,-4.510509497467833739e+01,-1.156453682666972682e+00
2.311206231766561814e+01,-4.510709497467829010e+01,-1.086453682666975951e+00
2.311206231766556130e+01,-4.510809497467823803e+01,-9.644536826669760643e-01
2.311206231766550445e+01,-4.510809497467818119e+01,-8.254536826669749416e-01
2.311206231766544761e+01,-4.510809497467815277e+01,-6.854536826669725968e-01
2.311206231766536234e+01,-4.510809497467820961e+01,-6.154536826669723126e-01
2.311206231766527708e+01,-4.510809497467809592e+01,-5.454536826669738048e-01
2.311206231766530550e+01,-4.511509497467793040e+01,-5.454536826669755811e-01
2.310906231766526275e+01,-4.513509497467794063e+01,-6.334536826669766585e-01
2.310606231766530527e+01,-4.514809497467800270e+01,-6.684536826669784659e-01
2.309706231766537599e+01,-4.517909497467803703e+01,-7.904536826669801286e-01
2.308206231766536121e+01,-4.521309497467808569e+01,-3.132883641588223078e+00
2.307306231766531113e+01,-4.523009497467802476e+01,3.098301665591362664e+00
2.305206231766533165e+01,-4.526209497467786491e+01,-1.069453682666988259e+00
2.244406231766532756e+01,-4.556609497467778169e+01,2.277301665591358493e+00
2.240306231766527389e+01,-4.557609497467774418e+01,2.277301665591357605e+00
2.218306231766524661e+01,-4.563109497467763731e+01,-1.767453682666988657e+00
2.105706231766527026e+01,-4.595409497467753113e+01,2.382301665591351814e+00
2.097706231766522933e+01,-4.598209497467752271e+01,2.400301665591349831e+00
2.095706231766521910e+01,-4.598909497467741403e+01,2.400301665591342726e+00
2.091806231766526025e+01,-4.600309497467719666e+01,2.400301665591343614e+00
2.089906231766522637e+01,-4.601009497467714482e+01,-1.662453682667002441e+00
2.086106231766521546e+01,-4.602409497467718325e+01,2.382301665591341155e+00
2.082206231766528504e+01,-4.603809497467710798e+01,2.382301665591341155e+00
2.078206231766523615e+01,-4.605209497467708957e+01,2.382301665591342044e+00
2.074206231766530095e+01,-4.606609497467704273e+01,-1.680453682666999571e+00
2.072206231766526230e+01,-4.607309497467699089e+01,2.382301665591341155e+00
2.066206231766526003e+01,-4.609409497467694905e+01,2.382301665591340267e+00
2.064206231766524979e+01,-4.610109497467684037e+01,2.382301665591332274e+00
2.062206231766523956e+01,-4.610809497467664642e+01,-1.680453682667020887e+00
2.060206231766522933e+01,-4.611509497467667984e+01,2.382301665591326945e+00
2.056206231766520887e+01,-4.612909497467674669e+01,2.382301665591334938e+00
2.052206231766518840e+01,-4.614309497467661458e+01,2.382301665591334938e+00
2.046206231766518613e+01,-4.616409497467648748e+01,-1.680453682667010229e+00
2.044206231766520432e+01,-4.617109497467635038e+01,2.382301665591334050e+00
2.040206231766521228e+01,-4.618509497467630354e+01,2.382301665591329609e+00
2.038206231766523047e+01,-4.619209497467639380e+01,2.382301665591330497e+00
2.034206231766526685e+01,-4.620609497467626170e+01,-1.680453682667013782e+00
2.032306231766521876e+01,-4.621309497467629512e+01,2.382301665591334050e+00
2.028406231766521728e+01,-4.622709497467619144e+01,2.382301665591339379e+00
2.026506231766518340e+01,-4.623409497467608276e+01,2.382301665591335826e+00
2.022706231766520091e+01,-4.624709497467603114e+01,-1.697453682667009689e+00
2.020106231766523308e+01,-4.625509497467595565e+01,2.330301665591330895e+00
2.017106231766521773e+01,-4.626309497467596543e+01,2.295301665591327200e+00
2.015206231766521228e+01,-4.626809497467579035e+01,2.295301665591322759e+00
2.011306231766523922e+01,-4.627809497467572442e+01,2.295301665591326312e+00
2.007306231766526139e+01,-4.628809497467568690e+01,-1.767453682667024184e+00
2.005306231766525116e+01,-4.629309497467556866e+01,2.295301665591323648e+00
2.001406231766519284e+01,-4.630309497467550273e+01,2.312301665591319555e+00
1.999406231766516839e+01,-4.630809497467555502e+01,2.312301665591317779e+00
1.995406231766511951e+01,-4.631809497467554593e+01,2.312301665591316890e+00
1.991406231766512747e+01,-4.632809497467542315e+01,2.312301665591311561e+00
1.985406231766508256e+01,-4.634509497467550432e+01,-1.750453682667042488e+00
1.983406231766505812e+01,-4.635009497467541451e+01,2.312301665591308897e+00
1.977506231766503220e+01,-4.636809497467535834e+01,2.330301665591300697e+00
1.973606231766503072e+01,-4.638009497467538722e+01,2.330301665591298033e+00
1.969606231766499604e+01,-4.639209497467547294e+01,2.330301665591298033e+00
1.967606231766500002e+01,-4.639809497467538790e+01,2.347301665591287723e+00
1.963606231766505061e+01,-4.641009497467535994e+01,-1.715453682667060109e+00
1.961606231766501196e+01,-4.641609497467541701e+01,2.347301665591280617e+00
1.957606231766500571e+01,-4.642909497467539381e+01,2.347301665591277064e+00
1.951706231766496558e+01,-4.644709497467519554e+01,2.347301665591277953e+00
1.949806231766496012e+01,-4.645309497467516735e+01,2.365301665591270641e+00
1.945906231766500127e+01,-4.646609497467508731e+01,-1.697453682667077191e+00
1.943906231766496262e+01,-4.647309497467495021e+01,2.365301665591270641e+00
1.939906231766494216e+01,-4.648709497467493179e+01,2.365301665591272418e+00
1.937906231766490350e+01,-4.649409497467490837e+01,2.365301665591267977e+00
1.934006231766481676e+01,-4.650809497467494680e+01,-1.680453682667084836e+00
1.932106231766485394e+01,-4.651509497467506549e+01,2.382301665591270101e+00
1.926206231766482802e+01,-4.653609497467505207e+01,2.382301665591271878e+00
1.924206231766481778e+01,-4.654309497467517076e+01,2.382301665591270101e+00
1.920206231766479732e+01,-4.655709497467520919e+01,-1.680453682667077731e+00
1.918206231766473024e+01,-4.656409497467512892e+01,2.382301665591266548e+00
1.914206231766473820e+01,-4.657809497467511051e+01,2.382301665591262108e+00
1.910206231766477458e+01,-4.659209497467500682e+01,2.382301665591258555e+00
1.908206231766473593e+01,-4.659909497467495498e+01,-1.680453682667091941e+00
1.904206231766472968e+01,-4.661309497467496499e+01,2.400301665591249467e+00
1.902206231766473365e+01,-4.662009497467485630e+01,2.400301665591244138e+00
1.898206231766471319e+01,-4.663409497467495157e+01,2.400301665591245914e+00
1.894206231766472115e+01,-4.664809497467496158e+01,-1.662453682667101917e+00
1.890406231766473866e+01,-4.666209497467491474e+01,2.382301665591241679e+00
1.886406231766480346e+01,-4.667609497467498159e+01,2.382301665591245232e+00
1.884406231766479323e+01,-4.668309497467490132e+01,2.382301665591247009e+00
1.880406231766473013e+01,-4.669709497467488291e+01,-1.680453682667106152e+00
1.878406231766467727e+01,-4.670409497467485949e+01,2.382301665591241679e+00
1.874406231766462838e+01,-4.671809497467481265e+01,2.382301665591236350e+00
1.872506231766465135e+01,-4.672509497467481765e+01,2.382301665591243456e+00
1.866706231766460178e+01,-4.674609497467471897e+01,-1.680453682667095494e+00
1.864806231766462474e+01,-4.675309497467472397e+01,2.382301665591248785e+00
1.861006231766455699e+01,-4.676609497467453025e+01,2.365301665591247549e+00
1.855106231766451685e+01,-4.678609497467448364e+01,2.365301665591242219e+00
1.851106231766451060e+01,-4.680009497467443680e+01,-1.697453682667098507e+00
1.849106231766441510e+01,-4.680709497467438496e+01,2.365301665591252878e+00
1.845106231766445148e+01,-4.682109497467430970e+01,2.365301665591244884e+00
1.843106231766446967e+01,-4.682809497467445681e+01,2.365301665591243108e+00
1.839106231766442079e+01,-4.684209497467432470e+01,-1.697453682667098507e+00
1.835106231766440033e+01,-4.685609497467433471e+01,2.365301665591245772e+00
1.831106231766437986e+01,-4.686909497467436836e+01,2.365301665591248437e+00
1.827106231766435940e+01,-4.688309497467440679e+01,2.365301665591251101e+00
1.823106231766439578e+01,-4.689709497467433152e+01,-1.697453682667098507e+00
1.821106231766438555e+01,-4.690409497467419442e+01,2.365301665591245772e+00
1.817106231766435087e+01,-4.691709497467417123e+01,2.365301665591247549e+00
1.813106231766440146e+01,-4.693109497467403912e+01,2.365301665591238667e+00
1.811106231766436281e+01,-4.693809497467393044e+01,2.347301665591238873e+00
1.807106231766431392e+01,-4.695109497467393567e+01,-1.715453682667106294e+00
1.805106231766434632e+01,-4.695809497467399751e+01,2.347301665591245090e+00
1.801206231766440169e+01,-4.697009497467399797e+01,2.365301665591239555e+00
1.797306231766441442e+01,-4.698209497467399842e+01,2.365301665591246660e+00
1.793306231766445080e+01,-4.699609497467392316e+01,2.365301665591245772e+00
1.791306231766441215e+01,-4.700309497467395659e+01,-1.697453682667094954e+00
1.787306231766443432e+01,-4.701709497467390975e+01,2.365301665591252878e+00
1.783306231766442806e+01,-4.703109497467389133e+01,2.365301665591251989e+00
1.781306231766443204e+01,-4.703809497467386791e+01,2.365301665591249325e+00
1.777306231766439737e+01,-4.705209497467382107e+01,-1.697453682667094954e+00
1.775306231766435872e+01,-4.705909497467385449e+01,2.365301665591252878e+00
1.771306231766430983e+01,-4.707309497467386450e+01,2.365301665591248437e+00
1.767306231766431779e+01,-4.708709497467381766e+01,2.365301665591239555e+00
1.763306231766433996e+01,-4.710109497467382766e+01,-1.697453682667105612e+00
1.761306231766432973e+01,-4.710809497467391793e+01,2.365301665591245772e+00
1.757306231766435189e+01,-4.712209497467392794e+01,2.365301665591243996e+00
1.753306231766431722e+01,-4.713609497467393794e+01,2.365301665591245772e+00
1.751306231766427857e+01,-4.714309497467388610e+01,-1.697453682667102060e+00
1.747306231766427231e+01,-4.715709497467378242e+01,2.365301665591242219e+00
1.745306231766429050e+01,-4.716409497467364531e+01,2.365301665591238667e+00
1.741306231766428425e+01,-4.717809497467359847e+01,2.365301665591234226e+00
1.737306231766429221e+01,-4.719209497467355163e+01,-1.697453682667105612e+00
1.733306231766425753e+01,-4.720609497467344795e+01,2.365301665591245772e+00
1.731306231766420467e+01,-4.721309497467339611e+01,2.365301665591244884e+00
1.723306231766420638e+01,-4.724109497467335927e+01,2.365301665591243108e+00
1.721306231766426720e+01,-4.724809497467327901e+01,-1.697453682667102060e+00
1.717206231766421354e+01,-4.726209497467323217e+01,2.365301665591245772e+00
1.715206231766420331e+01,-4.726909497467318033e+01,2.365301665591244884e+00
1.711206231766416863e+01,-4.728309497467313349e+01,2.365301665591241331e+00
1.707206231766414817e+01,-4.729709497467325718e+01,-1.697453682667098507e+00
1.705206231766410951e+01,-4.730409497467329061e+01,2.365301665591249325e+00
1.701206231766408905e+01,-4.731809497467335746e+01,2.365301665591242219e+00
1.697206231766406859e+01,-4.733209497467342430e+01,2.365301665591236890e+00
1.693206231766404812e+01,-4.734609497467343431e+01,-1.697453682667102060e+00
1.691206231766403789e+01,-4.735309497467332562e+01,2.365301665591242219e+00
1.687206231766403164e+01,-4.736709497467333563e+01,2.365301665591238667e+00
1.685206231766400720e+01,-4.737409497467334063e+01,2.365301665591241331e+00
1.681206231766400094e+01,-4.738809497467329379e+01,-1.697453682667102060e+00
1.677206231766396627e+01,-4.740209497467327537e+01,2.365301665591242219e+00
1.675206231766392762e+01,-4.740909497467316669e+01,2.365301665591243996e+00
1.671206231766389294e+01,-4.742309497467320512e+01,2.365301665591244884e+00
1.665206231766389067e+01,-4.744409497467304959e+01,-1.697453682667102060e+00
1.663206231766390886e+01,-4.745109497467294091e+01,2.365301665591242219e+00
1.659206231766390260e+01,-4.746509497467303618e+01,2.365301665591238667e+00
1.657206231766392079e+01,-4.747209497467289907e+01,2.365301665591235114e+00
1.653206231766394296e+01,-4.748609497467273854e+01,-1.697453682667109165e+00
1.651206231766394694e+01,-4.749209497467271035e+01,2.365301665591238667e+00
1.647206231766394069e+01,-4.750609497467263509e+01,2.365301665591239555e+00
1.643206231766392023e+01,-4.752009497467264509e+01,2.365301665591241331e+00
1.641206231766390999e+01,-4.752709497467265010e+01,-1.697453682667105612e+00
1.637206231766390374e+01,-4.754109497467254641e+01,2.365301665591238667e+00
1.633206231766389749e+01,-4.755509497467252800e+01,2.365301665591236002e+00
1.629206231766382018e+01,-4.756909497467242431e+01,2.365301665591228897e+00
1.627206231766379574e+01,-4.757609497467237247e+01,-1.697453682667126929e+00
1.623206231766376106e+01,-4.759009497467229721e+01,2.365301665591217350e+00
1.621206231766375083e+01,-4.759709497467221695e+01,2.365301665591212021e+00
1.617206231766374458e+01,-4.761109497467214169e+01,2.365301665591203140e+00
1.613206231766369569e+01,-4.762509497467215169e+01,-1.697453682667141139e+00
1.611206231766368546e+01,-4.763209497467215670e+01,2.365301665591206692e+00
1.605206231766368319e+01,-4.765309497467217170e+01,2.365301665591209357e+00
1.603206231766363032e+01,-4.766009497467214828e+01,2.365301665591207581e+00
1.599206231766362407e+01,-4.767409497467204460e+01,-1.697453682667137587e+00
1.597206231766359963e+01,-4.768109497467204960e+01,2.365301665591213798e+00
1.593206231766355074e+01,-4.769509497467200276e+01,2.365301665591212021e+00
1.591206231766356893e+01,-4.770209497467197934e+01,2.365301665591212910e+00
1.587206231766357689e+01,-4.771609497467201777e+01,-1.697453682667137587e+00
1.585206231766353824e+01,-4.772309497467199435e+01,2.365301665591210245e+00
1.581206231766356041e+01,-4.773709497467200435e+01,2.365301665591208469e+00
1.579206231766355017e+01,-4.774409497467178198e+01,2.365301665591204028e+00
1.569206231766354165e+01,-4.777909497467172173e+01,-1.697453682667151798e+00
1.569206231766357007e+01,-4.777909497467166489e+01,2.365301665591192481e+00
1.565206231766359224e+01,-4.779309497467173173e+01,2.365301665591185376e+00
1.561206231766358599e+01,-4.780709497467162805e+01,2.365301665591175606e+00
1.557206231766360816e+01,-4.782109497467166648e+01,-1.697453682667169561e+00
1.555206231766362635e+01,-4.782809497467158621e+01,2.365301665591181823e+00
1.551206231766359167e+01,-4.784209497467153938e+01,2.365301665591183600e+00
1.547206231766355700e+01,-4.785609497467146412e+01,2.365301665591175606e+00
1.545206231766348992e+01,-4.786309497467152596e+01,-1.697453682667173114e+00
1.541206231766351209e+01,-4.787709497467150754e+01,2.365301665591178271e+00
1.539206231766348765e+01,-4.788409497467154097e+01,2.365301665591175606e+00
1.535206231766345297e+01,-4.789809497467149413e+01,2.365301665591170277e+00
1.531206231766344672e+01,-4.791209497467147571e+01,-1.697453682667173114e+00
1.529206231766342228e+01,-4.791909497467153756e+01,2.365301665591174718e+00
1.525206231766340181e+01,-4.793309497467149072e+01,2.365301665591179159e+00
1.523206231766344843e+01,-4.794009497467152414e+01,2.365301665591172942e+00
1.519206231766342796e+01,-4.795409497467147730e+01,-1.697453682667173114e+00
1.515206231766342171e+01,-4.796809497467151573e+01,2.365301665591178271e+00
1.511206231766341546e+01,-4.798209497467144047e+01,2.365301665591177382e+00
1.507206231766340920e+01,-4.799609497467142205e+01,2.365301665591177382e+00
1.505206231766338476e+01,-4.800309497467145547e+01,-1.697453682667169561e+00
1.501206231766340693e+01,-4.801709497467138021e+01,2.365301665591181823e+00
1.497206231766341489e+01,-4.803109497467136180e+01,2.365301665591181823e+00
1.495206231766341887e+01,-4.803809497467125311e+01,2.365301665591181823e+00
1.491206231766342682e+01,-4.805209497467126312e+01,-1.697453682667158903e+00
1.487206231766342057e+01,-4.806609497467121628e+01,2.365301665591188929e+00
1.485206231766341034e+01,-4.807309497467119286e+01,2.365301665591186264e+00
1.481206231766337567e+01,-4.808709497467111760e+01,2.365301665591183600e+00
1.477206231766331257e+01,-4.810109497467104234e+01,-1.697453682667169561e+00
1.475206231766333076e+01,-4.810809497467099050e+01,2.365301665591181823e+00
1.471206231766333872e+01,-4.812209497467088681e+01,2.365301665591180047e+00
1.465206231766332223e+01,-4.814209497467084020e+01,2.365301665591181823e+00
1.463206231766329779e+01,-4.814909497467078836e+01,-1.697453682667166008e+00
1.459206231766329154e+01,-4.816309497467076994e+01,2.365301665591181823e+00
1.457206231766330973e+01,-4.817009497467071810e+01,2.365301665591183600e+00
1.453206231766334611e+01,-4.818409497467075653e+01,2.365301665591180935e+00
1.451206231766330745e+01,-4.819109497467064784e+01,-1.697453682667158903e+00
1.441206231766331314e+01,-4.822609497467061601e+01,2.365301665591181823e+00
1.437206231766327846e+01,-4.824009497467065444e+01,2.365301665591186264e+00
1.433206231766325800e+01,-4.825409497467060760e+01,2.365301665591190705e+00
1.429406231766327551e+01,-4.826809497467064602e+01,-1.697453682667155350e+00
1.425506231766324561e+01,-4.828109497467053757e+01,2.382301665591184836e+00
1.423506231766326380e+01,-4.828809497467051415e+01,2.382301665591190165e+00
1.419506231766325755e+01,-4.830209497467049573e+01,2.382301665591187501e+00
1.415606231766318501e+01,-4.831609497467056258e+01,-1.680453682667162996e+00
1.412906231766311294e+01,-4.832509497467054871e+01,2.347301665591181141e+00
1.411606231766310771e+01,-4.832909497467039728e+01,2.330301665591178129e+00
1.407906231766312999e+01,-4.834009497467033611e+01,2.330301665591171023e+00
1.405906231766314818e+01,-4.834609497467027950e+01,2.330301665591165694e+00
1.402006231766311828e+01,-4.835809497467025153e+01,-1.732453682667176809e+00
1.398106231766313101e+01,-4.837009497467022356e+01,2.330301665591163918e+00
1.394106231766311055e+01,-4.838209497467025244e+01,2.330301665591161253e+00
1.392106231766310032e+01,-4.838809497467030951e+01,2.347301665591161601e+00
1.388206231766314147e+01,-4.840009497467016786e+01,2.347301665591157160e+00
1.382206231766309656e+01,-4.841809497466994117e+01,-1.715453682667188007e+00
1.380206231766308633e+01,-4.842409497466982771e+01,2.347301665591159825e+00
1.378306231766309509e+01,-4.843009497466979951e+01,2.347301665591158049e+00
1.374306231766306041e+01,-4.844309497466986159e+01,2.365301665591151625e+00
1.372406231766305496e+01,-4.844909497466969128e+01,2.365301665591145408e+00
1.366506231766300061e+01,-4.846809497466952621e+01,-1.697453682667194430e+00
1.364606231766303779e+01,-4.847509497466944595e+01,2.365301665591153402e+00
1.362706231766304654e+01,-4.848109497466947460e+01,2.365301665591148073e+00
1.358906231766302142e+01,-4.849509497466937091e+01,2.382301665591139539e+00
1.355006231766299152e+01,-4.850909497466938092e+01,2.382301665591135098e+00
1.351006231766299948e+01,-4.852309497466927724e+01,-1.680453682667209181e+00
1.347006231766299322e+01,-4.853709497466911671e+01,2.382301665591135098e+00
1.343006231766294434e+01,-4.855109497466909829e+01,2.400301665591136668e+00
1.339006231766288124e+01,-4.856509497466902303e+01,2.400301665591131339e+00
1.335006231766284657e+01,-4.857909497466886251e+01,-1.662453682667212052e+00
1.331006231766285453e+01,-4.859309497466904304e+01,2.400301665591128675e+00
1.329006231766283008e+01,-4.860009497466910489e+01,2.400301665591124234e+00
1.325006231766286646e+01,-4.861409497466900120e+01,2.400301665591114464e+00
1.321006231766287442e+01,-4.862809497466898279e+01,-1.662453682667226262e+00
1.317006231766283975e+01,-4.864209497466890753e+01,2.400301665591125122e+00
1.315006231766285794e+01,-4.864909497466877042e+01,2.400301665591126010e+00
1.313006231766281928e+01,-4.865609497466871858e+01,2.400301665591122457e+00
1.307006231766280280e+01,-4.867709497466859148e+01,-1.662453682667229815e+00
1.305006231766274993e+01,-4.868409497466848279e+01,2.400301665591114464e+00
1.303006231766268286e+01,-4.869109497466840253e+01,2.400301665591114464e+00
1.299006231766267661e+01,-4.870509497466835569e+01,2.400301665591109135e+00
1.297006231766266637e+01,-4.871209497466838911e+01,-1.662453682667233368e+00
1.293006231766263170e+01,-4.872609497466837070e+01,2.400301665591114464e+00
1.287006231766265785e+01,-4.874709497466815833e+01,2.400301665591112688e+00
1.285006231766260498e+01,-4.875409497466807807e+01,2.400301665591105582e+00
1.283006231766256633e+01,-4.876109497466802623e+01,-1.662453682667236921e+00
1.279006231766253165e+01,-4.877509497466789412e+01,2.400301665591114464e+00
1.275006231766255382e+01,-4.878909497466779044e+01,2.400301665591112688e+00
1.273006231766255780e+01,-4.879609497466773860e+01,2.400301665591110023e+00
1.269006231766253734e+01,-4.881009497466766334e+01,-1.662453682667233368e+00
1.267006231766249869e+01,-4.881709497466766834e+01,2.400301665591107358e+00
1.263006231766249243e+01,-4.883109497466764992e+01,2.400301665591105582e+00
1.257006231766247595e+01,-4.885209497466777862e+01,2.400301665591100253e+00
1.255006231766243729e+01,-4.885909497466786888e+01,-1.662453682667247579e+00
1.251006231766235999e+01,-4.887309497466790731e+01,2.400301665591100253e+00
1.247006231766235373e+01,-4.888709497466788889e+01,2.400301665591102918e+00
1.245006231766238614e+01,-4.889409497466789389e+01,2.400301665591099365e+00
1.243006231766239011e+01,-4.890109497466804100e+01,-1.662453682667247579e+00
1.241006231766237988e+01,-4.890809497466804601e+01,2.400301665591093148e+00
1.237006231766238784e+01,-4.892209497466799917e+01,2.400301665591094036e+00
1.233206231766234851e+01,-4.893609497466795233e+01,2.400301665591088707e+00
1.227506231766237477e+01,-4.895709497466793891e+01,-1.662453682667265342e+00
1.225606231766238352e+01,-4.896409497466771654e+01,2.400301665591078937e+00
1.221806231766232997e+01,-4.897809497466764128e+01,2.382301665591079143e+00
1.219906231766231031e+01,-4.898509497466773155e+01,2.382301665591076478e+00
1.215906231766227563e+01,-4.899909497466771313e+01,-1.680453682667269577e+00
1.213906231766227961e+01,-4.900609497466774656e+01,2.382301665591074702e+00
1.209906231766228757e+01,-4.902009497466769972e+01,2.382301665591072037e+00
1.205906231766222447e+01,-4.903409497466762446e+01,2.382301665591070261e+00
1.187906231766220344e+01,-4.909709497466752737e+01,-1.680453682667273130e+00
1.185906231766217900e+01,-4.910409497466739026e+01,2.382301665591071149e+00
1.183906231766215456e+01,-4.911109497466748053e+01,2.382301665591065820e+00
1.179906231766213409e+01,-4.912509497466749053e+01,2.382301665591057827e+00
1.177906231766212386e+01,-4.913209497466749553e+01,-1.680453682667297999e+00
1.167906231766210112e+01,-4.916709497466752055e+01,2.382301665591049833e+00
1.163906231766210908e+01,-4.918109497466772950e+01,2.382301665591044504e+00
1.161906231766209885e+01,-4.918809497466776293e+01,2.382301665591042727e+00
1.159906231766210283e+01,-4.919509497466771109e+01,-1.680453682667297999e+00
1.155906231766208236e+01,-4.920909497466772109e+01,2.382301665591046280e+00
1.151906231766210453e+01,-4.922309497466767425e+01,2.382301665591038287e+00
1.149906231766210851e+01,-4.923009497466770767e+01,2.382301665591042727e+00
1.145906231766207384e+01,-4.924409497466788821e+01,-1.680453682667301551e+00
1.141906231766208180e+01,-4.925809497466789821e+01,2.382301665591049833e+00
1.139906231766204314e+01,-4.926509497466787479e+01,2.382301665591051609e+00
1.135906231766205110e+01,-4.927909497466794164e+01,2.382301665591048945e+00
1.131906231766204485e+01,-4.929309497466795165e+01,-1.680453682667308657e+00
1.127906231766203859e+01,-4.930709497466790481e+01,2.382301665591042727e+00
1.123906231766203234e+01,-4.932109497466782955e+01,2.382301665591041839e+00
1.123906231766204655e+01,-4.932109497466780113e+01,2.382301665591042727e+00
1.119906231766201188e+01,-4.933509497466772586e+01,-1.680453682667297999e+00
1.117906231766198744e+01,-4.934209497466758876e+01,2.382301665591046280e+00
1.114106231766196231e+01,-4.935609497466759876e+01,2.382301665591049833e+00
1.108206231766193639e+01,-4.937709497466764219e+01,2.382301665591048945e+00
1.106306231766195936e+01,-4.938409497466773246e+01,-1.680453682667308657e+00
1.102406231766190103e+01,-4.939809497466768562e+01,2.400301665591036304e+00
1.098506231766188534e+01,-4.941209497466755352e+01,2.400301665591035416e+00
1.096506231766183248e+01,-4.941909497466753010e+01,2.400301665591026534e+00
1.092506231766181202e+01,-4.943309497466748326e+01,-1.662453682667325738e+00
1.088506231766181998e+01,-4.944709497466749326e+01,2.400301665591022093e+00
1.086506231766183816e+01,-4.945409497466752669e+01,2.400301665591016764e+00
1.082506231766184612e+01,-4.946809497466756511e+01,2.400301665591014988e+00
1.080506231766182168e+01,-4.947509497466737116e+01,-1.662453682667332844e+00
1.076506231766177279e+01,-4.948909497466726748e+01,2.400301665591014988e+00
1.072506231766178075e+01,-4.950409497466725384e+01,2.400301665591008771e+00
1.068506231766177450e+01,-4.951809497466726384e+01,2.400301665591008771e+00
1.064506231766175404e+01,-4.953209497466716016e+01,-1.662453682667343502e+00
1.062506231766177223e+01,-4.953909497466725043e+01,2.400301665590997224e+00
1.058506231766179440e+01,-4.955309497466717517e+01,2.400301665590993672e+00
1.056506231766178416e+01,-4.956009497466715175e+01,2.417301665591000237e+00
1.052506231766174949e+01,-4.957509497466688231e+01,-1.645453682667344042e+00
1.048606231766174801e+01,-4.958909497466672178e+01,2.400301665591000777e+00
1.044806231766175131e+01,-4.960309497466684547e+01,2.400301665590999001e+00
1.043406231766174130e+01,-4.960809497466681250e+01,2.382301665591004536e+00
1.041106231766175938e+01,-4.961609497466679386e+01,2.330301665591005822e+00
1.039406231766176347e+01,-4.962109497466664720e+01,-1.732453682667340233e+00
1.035406231766174301e+01,-4.963209497466684184e+01,2.312301665591006916e+00
1.033506231766172334e+01,-4.963809497466684206e+01,2.312301665591004252e+00
1.029506231766171709e+01,-4.964909497466678090e+01,2.312301665590996258e+00
1.027506231766172107e+01,-4.965509497466680955e+01,2.330301665590992499e+00
1.023506231766171481e+01,-4.966609497466674839e+01,2.330301665590992499e+00
1.019606231766169913e+01,-4.967809497466666357e+01,-1.732453682667354444e+00
1.017706231766170788e+01,-4.968409497466666380e+01,2.330301665590993387e+00
1.013706231766173005e+01,-4.969609497466674952e+01,2.330301665590988947e+00
1.007806231766171834e+01,-4.971409497466663652e+01,2.347301665590990183e+00
1.005806231766172232e+01,-4.972009497466660832e+01,2.347301665590995512e+00
1.003806231766171919e+01,-4.972609497466660855e+01,2.347301665590999953e+00
9.999062317661696397e+00,-4.973809497466669427e+01,-1.715453682667344326e+00
9.979062317661686166e+00,-4.974409497466666608e+01,2.347301665590999953e+00
9.940062317661677582e+00,-4.975609497466658127e+01,2.347301665591001729e+00
9.901062317661661893e+00,-4.976809497466649646e+01,2.365301665591005076e+00
9.882062317661656436e+00,-4.977509497466655830e+01,2.365301665591007740e+00
9.842062317661628867e+00,-4.978809497466642142e+01,-1.697453682667343644e+00
9.783062317661595841e+00,-4.980809497466637481e+01,2.382301665591003648e+00
9.764062317661590384e+00,-4.981509497466618086e+01,2.382301665591001871e+00
9.707062317661595330e+00,-4.983609497466608218e+01,2.382301665591000095e+00
9.688062317661596978e+00,-4.984309497466597350e+01,-1.662453682667343502e+00
9.649062317661567079e+00,-4.985709497466595508e+01,2.400301665591004330e+00
9.629062317661549741e+00,-4.986409497466590324e+01,2.400301665591010547e+00
9.589062317661543489e+00,-4.987809497466591324e+01,2.400301665591006106e+00
9.569062317661547468e+00,-4.988509497466583298e+01,-1.662453682667354160e+00
9.529062317661541215e+00,-4.989909497466592825e+01,2.400301665590990119e+00
9.489062317661534962e+00,-4.991309497466573930e+01,2.400301665590994560e+00
9.449062317661550026e+00,-4.992709497466557877e+01,2.417301665590990467e+00
9.409062317661522457e+00,-4.994109497466564562e+01,-1.645453682667351147e+00
9.369062317661509098e+00,-4.995609497466551829e+01,2.417301665590996684e+00
9.349062317661534394e+00,-4.996309497466538119e+01,2.417301665590990467e+00
9.309062317661556563e+00,-4.997709497466541961e+01,2.417301665590984250e+00
9.289062317661567647e+00,-4.998509497466537255e+01,-1.645453682667358253e+00
9.249062317661575605e+00,-4.999909497466521202e+01,2.417301665590989579e+00
9.229062317661544057e+00,-5.000609497466521702e+01,2.417301665590982473e+00
9.189062317661516488e+00,-5.002109497466517496e+01,2.417301665590978921e+00
9.149062317661503130e+00,-5.003509497466512812e+01,-1.645453682667368911e+00
9.129062317661492898e+00,-5.004309497466499579e+01,2.417301665590975368e+00
9.089062317661472434e+00,-5.005709497466483526e+01,2.417301665590973592e+00
9.049062317661444865e+00,-5.007109497466487369e+01,2.417301665590970927e+00
9.029062317661448844e+00,-5.007909497466459925e+01,-1.645453682667376016e+00
8.989062317661456802e+00,-5.009409497466455718e+01,2.417301665590968263e+00
8.969062317661460781e+00,-5.010109497466439166e+01,2.417301665590968263e+00
8.929062317661461634e+00,-5.011609497466443486e+01,2.417301665590966486e+00
8.889062317661455381e+00,-5.013109497466436437e+01,-1.645453682667386675e+00
8.849062317661434918e+00,-5.014609497466440757e+01,2.417301665590954052e+00
8.810062317661390807e+00,-5.016109497466442235e+01,2.417301665590944282e+00
8.791062317661413772e+00,-5.016809497466434209e+01,2.417301665590939841e+00
8.753062317661431280e+00,-5.018209497466440894e+01,-1.645453682667418649e+00
8.715062317661427471e+00,-5.019609497466427683e+01,2.417301665590925630e+00
8.696062317661436225e+00,-5.020309497466431026e+01,2.417301665590920301e+00
8.658062317661446627e+00,-5.021709497466429184e+01,2.400301665590919065e+00
8.639062317661419854e+00,-5.022409497466426842e+01,-1.662453682667432320e+00
8.601062317661401835e+00,-5.023809497466413632e+01,2.400301665590908407e+00
8.561062317661416898e+00,-5.025209497466431685e+01,2.400301665590901301e+00
8.501062317661400414e+00,-5.027309497466418975e+01,2.400301665590896860e+00
8.461062317661372845e+00,-5.028709497466402922e+01,-1.662453682667457189e+00
8.421062317661373697e+00,-5.030109497466401081e+01,2.382301665590882855e+00
8.401062317661370571e+00,-5.030809497466401581e+01,2.382301665590877526e+00
8.362062317661361988e+00,-5.032209497466396897e+01,2.400301665590871103e+00
8.343062317661321003e+00,-5.032909497466388871e+01,-1.662453682667467847e+00
8.304062317661312420e+00,-5.034309497466367134e+01,2.400301665590876432e+00
8.264062317661306167e+00,-5.035709497466359608e+01,2.400301665590871991e+00
8.224062317661292809e+00,-5.037109497466366292e+01,2.400301665590867550e+00
8.184062317661293662e+00,-5.038509497466350240e+01,-1.662453682667474952e+00
8.164062317661276325e+00,-5.039209497466347898e+01,2.400301665590872879e+00
8.107062317661252848e+00,-5.041309497466338030e+01,2.400301665590866662e+00
8.088062317661226075e+00,-5.042009497466335688e+01,2.400301665590867550e+00
8.069062317661227723e+00,-5.042709497466341872e+01,-1.662453682667482058e+00
8.050062317661222266e+00,-5.043409497466348057e+01,2.400301665590862221e+00
8.012062317661211353e+00,-5.044809497466343373e+01,2.417301665590869675e+00
7.972062317661205100e+00,-5.046209497466330163e+01,2.417301665590867010e+00
7.912062317661209931e+00,-5.048309497466320295e+01,-1.645453682667489703e+00
7.892062317661185489e+00,-5.049109497466298535e+01,2.417301665590854576e+00
7.852062317661186341e+00,-5.050609497466282960e+01,2.417301665590849247e+00
7.833062317661166674e+00,-5.051309497466280618e+01,2.417301665590852799e+00
7.793062317661174632e+00,-5.052809497466293465e+01,-1.645453682667493256e+00
7.773062317661185716e+00,-5.053509497466279754e+01,2.417301665590854576e+00
7.733062317661186569e+00,-5.055009497466281232e+01,2.417301665590853688e+00
7.713062317661176337e+00,-5.055809497466273683e+01,2.417301665590853688e+00
7.673062317661148768e+00,-5.057309497466280845e+01,-1.645453682667493256e+00
7.633062317661121199e+00,-5.058809497466288008e+01,2.417301665590858128e+00
7.593062317661122052e+00,-5.060409497466275752e+01,2.435301665590860587e+00
7.553062317661122904e+00,-5.061909497466268704e+01,2.435301665590861475e+00
7.513062317661095335e+00,-5.063409497466270182e+01,-1.627453682667485468e+00
7.493062317661085103e+00,-5.064209497466262633e+01,2.435301665590862363e+00
7.433062317661082830e+00,-5.066509497466262246e+01,2.435301665590857034e+00
7.393062317661076577e+00,-5.068109497466267044e+01,2.435301665590855258e+00
7.373062317661059240e+00,-5.068909497466256653e+01,-1.627453682667492574e+00
7.313062317661042755e+00,-5.071209497466250582e+01,2.435301665590855258e+00
7.294062317661044403e+00,-5.071909497466248240e+01,2.435301665590845488e+00
7.256062317661033489e+00,-5.073409497466235507e+01,2.435301665590849929e+00
7.237062317661035138e+00,-5.074109497466230323e+01,-1.627453682667496127e+00
7.199062317661038435e+00,-5.075609497466231801e+01,2.435301665590851705e+00
7.161062317661048837e+00,-5.077209497466233756e+01,2.435301665590841935e+00
7.142062317661036275e+00,-5.078009497466217681e+01,2.452301665590840507e+00
7.102062317661030022e+00,-5.079609497466219636e+01,-1.610453682667507325e+00
7.082062317661026896e+00,-5.080409497466212088e+01,2.452301665590836954e+00
7.042062317660999327e+00,-5.082009497466208359e+01,2.452301665590826296e+00
7.002062317660985968e+00,-5.083609497466210314e+01,2.452301665590828073e+00
6.963062317660963174e+00,-5.085209497466209427e+01,-1.610453682667517983e+00
6.923062317660949816e+00,-5.086809497466197172e+01,2.452301665590829849e+00
6.883062317660950669e+00,-5.088409497466204812e+01,2.452301665590821855e+00
6.844062317660934980e+00,-5.090009497466195398e+01,2.452301665590816526e+00
6.824062317660917643e+00,-5.090809497466185007e+01,-1.610453682667539299e+00
6.805062317660919291e+00,-5.091609497466166090e+01,2.452301665590808533e+00
6.785062317660923270e+00,-5.092409497466155699e+01,2.452301665590810309e+00
6.726062317660904455e+00,-5.094809497466164316e+01,2.452301665590812085e+00
6.706062317660908434e+00,-5.095609497466145399e+01,-1.610453682667539299e+00
6.666062317660902181e+00,-5.097309497466125094e+01,2.452301665590808533e+00
6.626062317660895928e+00,-5.098909497466129892e+01,2.452301665590805868e+00
6.607062317660911788e+00,-5.099709497466105290e+01,2.452301665590803204e+00
6.568062317660896099e+00,-5.101309497466110088e+01,-1.610453682667546405e+00
6.528062317660889846e+00,-5.102909497466109201e+01,2.452301665590801427e+00
6.508062317660893825e+00,-5.103709497466095968e+01,2.452301665590802315e+00
6.469062317660885242e+00,-5.105309497466089397e+01,2.452301665590800539e+00
6.449062317660875010e+00,-5.106109497466081848e+01,-1.610453682667549957e+00
6.409062317660890074e+00,-5.107809497466089965e+01,2.452301665590801427e+00
6.370062317660888596e+00,-5.109409497466091921e+01,2.452301665590800539e+00
6.331062317660872907e+00,-5.111009497466082507e+01,2.452301665590796986e+00
6.312062317660881661e+00,-5.111809497466074959e+01,-1.610453682667560615e+00
6.274062317660899168e+00,-5.113409497466088283e+01,2.469301665590786676e+00
6.236062317660888255e+00,-5.115009497466090238e+01,2.469301665590780459e+00
6.217062317660897008e+00,-5.115809497466085531e+01,2.469301665590776018e+00
6.179062317660886094e+00,-5.117409497466070434e+01,-1.593453682667564708e+00
6.141062317660896497e+00,-5.119009497466080916e+01,2.469301665590776018e+00
6.123062317660881604e+00,-5.119809497466059156e+01,2.469301665590777795e+00
6.085062317660870690e+00,-5.121409497466058269e+01,-1.575453682667564026e+00
6.046062317660855001e+00,-5.123209497466044127e+01,2.487301665590776700e+00
6.007062317660846418e+00,-5.125009497466035668e+01,2.487301665590782918e+00
5.987062317660843291e+00,-5.125909497466037124e+01,-1.575453682667560473e+00
5.929062317660836356e+00,-5.128609497466030120e+01,2.487301665590787358e+00
5.890062317660820668e+00,-5.130409497466021662e+01,2.487301665590783806e+00
5.871062317660822316e+00,-5.131309497466008906e+01,-1.575453682667567579e+00
5.833062317660825613e+00,-5.133109497465991922e+01,2.487301665590780253e+00
5.794062317660809924e+00,-5.134909497465989148e+01,2.487301665590778477e+00
5.755062317660801341e+00,-5.136709497465980689e+01,-1.575453682667567579e+00
5.735062317660791109e+00,-5.137609497465956565e+01,2.487301665590780253e+00
5.697062317660780195e+00,-5.139409497465953791e+01,2.487301665590779365e+00
5.658062317660764506e+00,-5.141209497465953859e+01,-1.575453682667567579e+00
5.639062317660773260e+00,-5.142109497465966683e+01,2.487301665590783806e+00
5.601062317660769452e+00,-5.143909497465980962e+01,2.487301665590787358e+00
5.562062317660753763e+00,-5.145709497465989557e+01,-1.575453682667564026e+00
5.542062317660750637e+00,-5.146609497465985328e+01,2.487301665590776700e+00
5.504062317660753934e+00,-5.148409497465982554e+01,2.487301665590775812e+00
5.485062317660762687e+00,-5.149309497465975483e+01,-1.575453682667571131e+00
5.446062317660754104e+00,-5.151109497465952813e+01,2.487301665590769595e+00
5.408062317660736085e+00,-5.152909497465932986e+01,2.487301665590774036e+00
5.369062317660720396e+00,-5.154709497465924528e+01,-1.575453682667581790e+00
5.330062317660711813e+00,-5.156509497465916070e+01,2.487301665590762489e+00
5.311062317660706356e+00,-5.157409497465903314e+01,2.487301665590758937e+00
5.272062317660690667e+00,-5.159209497465894856e+01,-1.575453682667592448e+00
5.253062317660692315e+00,-5.160109497465876416e+01,2.504301665590751291e+00
5.215062317660688507e+00,-5.161909497465859431e+01,2.504301665590748627e+00
5.177062317660684698e+00,-5.163709497465850973e+01,-1.558453682667596540e+00
5.157062317660674466e+00,-5.164609497465855270e+01,2.504301665590751291e+00
5.118062317660680094e+00,-5.166409497465852496e+01,2.504301665590753068e+00
5.080062317660672733e+00,-5.168209497465852564e+01,-1.558453682667600093e+00
5.042062317660654713e+00,-5.170009497465861159e+01,2.504301665590744186e+00
5.023062317660667020e+00,-5.170909497465854088e+01,2.504301665590746850e+00
4.984062317660665542e+00,-5.172709497465859840e+01,-1.575453682667599553e+00
4.964062317660662416e+00,-5.173609497465866980e+01,2.487301665590748279e+00
4.926062317660662160e+00,-5.175409497465855679e+01,2.487301665590749167e+00
4.887062317660660682e+00,-5.177209497465858590e+01,-1.575453682667588895e+00
4.868062317660680094e+00,-5.178109497465848676e+01,2.487301665590755384e+00
4.830062317660672733e+00,-5.179909497465840218e+01,2.487301665590750055e+00
4.792062317660679582e+00,-5.181709497465831760e+01,-1.558453682667592988e+00
4.754062317660686432e+00,-5.183509497465831828e+01,2.504301665590754844e+00
4.734062317660683306e+00,-5.184409497465816230e+01,2.504301665590747739e+00
4.695062317660678275e+00,-5.186209497465819140e+01,-1.558453682667596540e+00
4.676062317660679923e+00,-5.187109497465806385e+01,2.504301665590751291e+00
4.637062317660671340e+00,-5.188909497465803611e+01,2.504301665590753956e+00
4.599062317660674637e+00,-5.190709497465806521e+01,-1.558453682667589435e+00
4.580062317660676285e+00,-5.191609497465805134e+01,2.504301665590751291e+00
4.542062317660668924e+00,-5.193409497465810887e+01,2.504301665590754844e+00
4.523062317660670573e+00,-5.194309497465815184e+01,-1.558453682667603646e+00
4.446062317660665286e+00,-5.197909497465815321e+01,2.487301665590734068e+00
4.408062317660661478e+00,-5.199709497465823915e+01,2.487301665590730515e+00
4.389062317660677337e+00,-5.200609497465805475e+01,-1.575453682667613764e+00
4.349062317660671084e+00,-5.202609497465812183e+01,2.487301665590730515e+00
4.311062317660656618e+00,-5.204409497465812251e+01,2.487301665590726962e+00
4.292062317660665371e+00,-5.205309497465802338e+01,-1.575453682667617317e+00
4.253062317660663894e+00,-5.207109497465788195e+01,2.487301665590730515e+00
4.214062317660641099e+00,-5.208909497465791105e+01,2.487301665590728739e+00
4.176062317660630185e+00,-5.210709497465776963e+01,-1.558453682667621409e+00
4.156062317660623506e+00,-5.211609497465769891e+01,2.504301665590722870e+00
4.117062317660614923e+00,-5.213509497465764753e+01,2.504301665590714876e+00
4.097062317660615349e+00,-5.214409497465751997e+01,-1.575453682667631528e+00
4.078062317660624103e+00,-5.215309497465756294e+01,2.504301665590712211e+00
4.040062317660623847e+00,-5.217109497465762047e+01,2.504301665590707771e+00
4.001062317660622369e+00,-5.218909497465747904e+01,-1.558453682667632068e+00
3.962062317660617339e+00,-5.220709497465730919e+01,2.504301665590715764e+00
3.942062317660610660e+00,-5.221609497465718164e+01,2.487301665590702093e+00
3.904062317660606851e+00,-5.223409497465721074e+01,-1.558453682667639173e+00
3.866062317660599490e+00,-5.225209497465706932e+01,2.504301665590701553e+00
3.828062317660588576e+00,-5.227009497465692789e+01,2.504301665590705106e+00
3.810062317660580788e+00,-5.227909497465699928e+01,-1.558453682667646278e+00
3.773062317660571097e+00,-5.229709497465685786e+01,2.504301665590698001e+00
3.754062317660565640e+00,-5.230609497465670188e+01,2.504301665590693560e+00
3.717062317660555948e+00,-5.232409497465667414e+01,-1.558453682667660489e+00
3.698062317660554044e+00,-5.233309497465666027e+01,2.504301665590683790e+00
3.661062317660537246e+00,-5.235109497465651884e+01,2.504301665590681125e+00
3.623062317660529885e+00,-5.236909497465634900e+01,-1.558453682667667595e+00
3.585062317660511866e+00,-5.238809497465629761e+01,2.522301665590677366e+00
3.566062317660499303e+00,-5.239709497465628374e+01,2.522301665590678255e+00
3.528062317660491942e+00,-5.241609497465626077e+01,-1.540453682667666913e+00
3.509062317660482933e+00,-5.242509497465613322e+01,2.522301665590673814e+00
3.471062317660464913e+00,-5.244409497465622394e+01,2.522301665590669373e+00
3.452062317660463009e+00,-5.245309497465618165e+01,-1.540453682667681123e+00
3.414062317660448542e+00,-5.247209497465618711e+01,2.522301665590666708e+00
3.395062317660443085e+00,-5.248209497465620643e+01,2.522301665590660491e+00
3.357062317660428619e+00,-5.250109497465629715e+01,-1.540453682667681123e+00
3.338062317660423162e+00,-5.251109497465628806e+01,2.522301665590666708e+00
3.299062317660421684e+00,-5.253109497465621303e+01,2.522301665590667596e+00
3.242062317660426629e+00,-5.255909497465620461e+01,-1.540453682667677571e+00
3.223062317660428278e+00,-5.256909497465639447e+01,2.522301665590666708e+00
3.185062317660410258e+00,-5.258809497465637151e+01,2.522301665590667596e+00
3.166062317660411907e+00,-5.259809497465633399e+01,-1.540453682667677571e+00
3.128062317660400993e+00,-5.261709497465636787e+01,2.522301665590666708e+00
3.109062317660402641e+00,-5.262709497465635877e+01,2.522301665590664932e+00
3.071062317660391727e+00,-5.264709497465628374e+01,-1.540453682667688229e+00
3.033062317660387919e+00,-5.266609497465620393e+01,2.522301665590659603e+00
2.995062317660377005e+00,-5.268509497465623781e+01,2.522301665590664044e+00
2.957062317660366091e+00,-5.270509497465619120e+01,-1.540453682667681123e+00
2.938062317660360634e+00,-5.271509497465609684e+01,2.522301665590663156e+00
2.900062317660349720e+00,-5.273409497465627283e+01,2.522301665590665820e+00
2.881062317660351368e+00,-5.274409497465617847e+01,-1.540453682667677571e+00
2.843062317660347560e+00,-5.276409497465616028e+01,2.522301665590666708e+00
2.824062317660342103e+00,-5.277309497465620325e+01,2.522301665590660491e+00
2.786062317660338294e+00,-5.279309497465604295e+01,-1.540453682667688229e+00
2.767062317660339943e+00,-5.280309497465600543e+01,2.522301665590659603e+00
2.729062317660336134e+00,-5.282209497465598247e+01,2.522301665590648945e+00
2.690062317660341762e+00,-5.284209497465596428e+01,-1.540453682667702440e+00
2.652062317660330848e+00,-5.286209497465583240e+01,2.522301665590641839e+00
2.633062317660332496e+00,-5.287109497465593222e+01,2.522301665590642727e+00
2.595062317660328688e+00,-5.289109497465588561e+01,-1.540453682667688229e+00
2.557062317660324879e+00,-5.291109497465583900e+01,2.522301665590659603e+00
2.519062317660328176e+00,-5.293009497465570234e+01,2.522301665590657826e+00
2.500062317660322719e+00,-5.294009497465566483e+01,-1.540453682667688229e+00
2.443062317660313454e+00,-5.296909497465557592e+01,2.522301665590659603e+00
2.409062317660307428e+00,-5.298709497465557661e+01,2.539301665590654622e+00
2.368062317660296401e+00,-5.301009497465531695e+01,-1.488453682667692179e+00
2.350062317660288613e+00,-5.302109497465539789e+01,-1.488453682667687517e+00
2.313062317660282474e+00,-5.304309497465541767e+01,2.574301665590659205e+00
2.295062317660274687e+00,-5.305409497465541335e+01,2.574301665590658317e+00
2.259062317660280428e+00,-5.307609497465546156e+01,-1.470453682667691497e+00
2.241062317660272640e+00,-5.308709497465522986e+01,-1.470453682667690387e+00
2.205062317660271276e+00,-5.310909497465522122e+01,-1.470453682667693940e+00
2.187062317660258159e+00,-5.312009497465524532e+01,2.592301665590649229e+00
2.136062317660256227e+00,-5.315109497465519439e+01,2.592301665590646564e+00
2.119062317660251438e+00,-5.316109497465510003e+01,-1.470453682667702155e+00
2.084062317660256625e+00,-5.318109497465493973e+01,-1.488453682667698175e+00
2.067062317660253612e+00,-5.319109497465490222e+01,-1.488453682667698175e+00
2.031062317660254024e+00,-5.321109497465499771e+01,2.574301665590644994e+00
1.996062317660257435e+00,-5.323109497465492268e+01,2.574301665590644106e+00
1.979062317660261527e+00,-5.324109497465497043e+01,-1.488453682667702838e+00
1.944062317660261385e+00,-5.326109497465489540e+01,-1.505453682667704740e+00
1.926062317660264256e+00,-5.327109497465485788e+01,-1.505453682667704740e+00
1.891062317660255232e+00,-5.329109497465475442e+01,2.557301665590638429e+00
1.855062317660253868e+00,-5.331009497465487357e+01,2.557301665590638429e+00
1.855062317660252091e+00,-5.331009497465490199e+01,2.557301665590642870e+00
1.783062317660261797e+00,-5.335009497465503614e+01,-1.523453682667699427e+00
1.765062317660259339e+00,-5.335909497465513596e+01,-1.523453682667696540e+00
1.727062317660255530e+00,-5.337909497465523145e+01,2.539301665590648405e+00
1.708062317660250073e+00,-5.338909497465527920e+01,2.539301665590643964e+00
1.670062317660246265e+00,-5.340909497465528943e+01,2.539301665590642187e+00
1.651062317660247913e+00,-5.341909497465510981e+01,-1.540453682667709545e+00
1.594062317660245753e+00,-5.344909497465505410e+01,2.522301665590638287e+00
1.556062317660236616e+00,-5.346909497465497907e+01,2.522301665590638287e+00
1.537062317660234712e+00,-5.347909497465508366e+01,-1.540453682667705992e+00
1.499062317660227350e+00,-5.349809497465511754e+01,2.522301665590638287e+00
1.480062317660228999e+00,-5.350809497465508002e+01,2.522301665590635622e+00
1.441062317660225744e+00,-5.352809497465503341e+01,-1.540453682667709545e+00
1.422062317660216735e+00,-5.353709497465519007e+01,2.522301665590631181e+00
1.403062317660214831e+00,-5.354709497465506729e+01,2.522301665590631181e+00
1.365062317660207469e+00,-5.356709497465487857e+01,-1.540453682667702440e+00
1.327062317660203661e+00,-5.358609497465474192e+01,2.522301665590641839e+00
1.289062317660198076e+00,-5.360609497465475215e+01,2.522301665590642727e+00
1.251062317660194267e+00,-5.362509497465458708e+01,-1.540453682667702440e+00
1.213062317660194012e+00,-5.364509497465436993e+01,2.522301665590645392e+00
1.194062317660193884e+00,-5.365509497465433242e+01,2.522301665590640951e+00
1.156062317660191852e+00,-5.367409497465416734e+01,-1.540453682667702440e+00
1.137062317660193500e+00,-5.368409497465412983e+01,2.522301665590638287e+00
1.099062317660196797e+00,-5.370309497465416371e+01,2.522301665590641839e+00
1.061062317660192988e+00,-5.372209497465411232e+01,-1.540453682667709545e+00
1.023062317660194509e+00,-5.374209497465415097e+01,2.522301665590638287e+00
1.004062317660191717e+00,-5.375209497465425557e+01,2.522301665590643616e+00
9.850623176601853714e-01,-5.376109497465429854e+01,-1.540453682667713098e+00
9.470623176601744575e-01,-5.378109497465410982e+01,2.522301665590634734e+00
8.720623176601858262e-01,-5.381909497465414915e+01,2.522301665590636510e+00
8.340623176601829059e-01,-5.383809497465409777e+01,-1.540453682667720203e+00
8.140623176601797795e-01,-5.384809497465403183e+01,2.522301665590631181e+00
7.950623176601991915e-01,-5.385809497465390905e+01,2.522301665590627628e+00
7.570623176601989357e-01,-5.387709497465391451e+01,-1.540453682667727309e+00
7.190623176601906863e-01,-5.389709497465392474e+01,2.522301665590616970e+00
6.810623176602019768e-01,-5.391609497465398704e+01,2.522301665590615194e+00
6.430623176601919511e-01,-5.393509497465390723e+01,-1.540453682667723756e+00
6.240623176601900468e-01,-5.394409497465392178e+01,2.522301665590624076e+00
5.860623176601835738e-01,-5.396409497465393201e+01,2.522301665590625852e+00
5.480623176601939761e-01,-5.398409497465371487e+01,-1.540453682667716651e+00
5.290623176601920719e-01,-5.399309497465364416e+01,2.522301665590631181e+00
4.910623176601784934e-01,-5.401209497465367804e+01,2.522301665590628517e+00
4.530623176601724644e-01,-5.403109497465356981e+01,-1.540453682667716651e+00
4.340623176601710043e-01,-5.404109497465364598e+01,2.522301665590631181e+00
3.960623176601751894e-01,-5.406009497465353775e+01,2.522301665590633846e+00
3.580623176601704927e-01,-5.408009497465351956e+01,-1.540453682667713098e+00
3.390623176601645916e-01,-5.408909497465347727e+01,2.522301665590638287e+00
3.010623176601647799e-01,-5.410809497465348272e+01,2.522301665590635622e+00
2.630623176601594171e-01,-5.412809497465337927e+01,-1.540453682667705992e+00
2.250623176601558306e-01,-5.414609497465323784e+01,2.522301665590638287e+00
2.060623176601585893e-01,-5.415609497465317190e+01,2.522301665590637398e+00
1.680623176601574453e-01,-5.417509497465326262e+01,-1.540453682667720203e+00
1.490623176601566513e-01,-5.418409497465341929e+01,2.522301665590631181e+00
1.110623176601510664e-01,-5.420309497465339632e+01,2.522301665590631181e+00
7.306231766014614770e-02,-5.422309497465332129e+01,-1.540453682667716651e+00
3.506231766013911955e-02,-5.424309497465327468e+01,2.522301665590631181e+00
-2.937682339847806634e-03,-5.426109497465313325e+01,2.522301665590628517e+00
-3.993768233986166871e-02,-5.428009497465293975e+01,-1.540453682667723756e+00
-5.793768233985902016e-02,-5.428909497465301115e+01,2.522301665590624076e+00
-7.693768233985376348e-02,-5.429909497465300205e+01,2.522301665590616082e+00
-1.149376823398576830e-01,-5.431809497465292225e+01,-1.523453682667727849e+00
-1.329376823398605856e-01,-5.432809497465291315e+01,-1.523453682667723186e+00
-1.709376823398602863e-01,-5.434809497465306549e+01,2.539301665590623536e+00
-2.089376823398505501e-01,-5.436809497465287677e+01,2.539301665590622648e+00
-2.459376823398602419e-01,-5.438709497465296749e+01,2.539301665590617318e+00
-2.839376823398525040e-01,-5.440709497465297773e+01,-1.523453682667727849e+00
-3.019376823398558507e-01,-5.441609497465293543e+01,-1.523453682667726738e+00
-3.389376823398611016e-01,-5.443609497465286040e+01,2.539301665590619983e+00
-3.579376823398572327e-01,-5.444609497465290815e+01,2.539301665590622648e+00
-3.949376823398598191e-01,-5.446609497465271943e+01,2.539301665590623536e+00
-4.129376823398671625e-01,-5.447609497465265349e+01,-1.505453682667727167e+00
-4.489376823398765204e-01,-5.449609497465274899e+01,-1.505453682667727833e+00
-4.859376823398764422e-01,-5.451609497465275922e+01,2.557301665590620665e+00
-5.049376823398832315e-01,-5.452709497465278332e+01,2.557301665590620665e+00
-5.429376823398825991e-01,-5.454709497465270829e+01,-1.505453682667720061e+00
-5.809376823398775258e-01,-5.456809497465278014e+01,-1.505453682667718951e+00
-6.179376823398934349e-01,-5.458809497465290406e+01,-1.505453682667713622e+00
-6.549376823398906922e-01,-5.460809497465285745e+01,2.557301665590634876e+00
-6.729376823399020324e-01,-5.461809497465287677e+01,2.557301665590627771e+00
-7.089376823398980676e-01,-5.463809497465268805e+01,-1.505453682667727167e+00
-7.639376823398889016e-01,-5.466809497465268919e+01,-1.488453682667730149e+00
-7.819376823398958010e-01,-5.467809497465253799e+01,-1.488453682667730149e+00
-8.189376823398992755e-01,-5.469909497465246773e+01,2.574301665590613020e+00
-8.729376823399048746e-01,-5.473009497465253048e+01,2.574301665590610355e+00
-8.909376823398984513e-01,-5.474109497465249774e+01,-1.488453682667738365e+00
-9.089376823398964689e-01,-5.475109497465263075e+01,-1.488453682667739031e+00
-9.449376823398880632e-01,-5.477209497465244681e+01,-1.488453682667737255e+00
-9.809376823398823220e-01,-5.479409497465249501e+01,2.592301665590606596e+00
-9.999376823398824499e-01,-5.480509497465226332e+01,2.592301665590605708e+00
-1.017937682339886685e+00,-5.481609497465223058e+01,-1.470453682667748341e+00
-1.052937682339903702e+00,-5.483709497465204663e+01,-1.470453682667745454e+00
-1.067937682339905159e+00,-5.484609497465211803e+01,-1.470453682667743678e+00
-1.124937682339901102e+00,-5.488409497465184472e+01,-1.418453682667742299e+00
-1.176937682339900704e+00,-5.492009497465187451e+01,2.644301665590602646e+00
-1.209937682339889520e+00,-5.494309497465175696e+01,2.644301665590603534e+00
-1.226937682339885427e+00,-5.495509497465170057e+01,2.644301665590601758e+00
-1.242937682339901428e+00,-5.496609497465158256e+01,-1.418453682667738081e+00
-1.292937682339911021e+00,-5.500009497465165964e+01,-1.418453682667742299e+00
-1.309937682339899823e+00,-5.501109497465151321e+01,-1.418453682667740523e+00
-1.342937682339890415e+00,-5.503309497465124878e+01,-1.418453682667735194e+00
-1.393937682339895900e+00,-5.506609497465115055e+01,2.627301665590606738e+00
-1.410937682339891808e+00,-5.507709497465120307e+01,2.627301665590605850e+00
-1.444937682339881846e+00,-5.509909497465122286e+01,2.627301665590600521e+00
-1.461937682339870648e+00,-5.511009497465127538e+01,-1.435453682667741093e+00
-1.495937682339887331e+00,-5.513209497465140885e+01,-1.435453682667741759e+00
-1.512937682339870804e+00,-5.514309497465117715e+01,-1.435453682667741759e+00
-1.546937682339869724e+00,-5.516509497465116851e+01,-1.453453682667740665e+00
-1.563937682339867408e+00,-5.517609497465110735e+01,2.609301665590606056e+00
-1.597937682339877874e+00,-5.519809497465112713e+01,2.609301665590601615e+00
-1.631937682339879458e+00,-5.521909497465094319e+01,2.592301665590605708e+00
-1.665937682339889037e+00,-5.524009497465090135e+01,-1.470453682667741235e+00
-1.700937682339880297e+00,-5.526009497465079789e+01,-1.470453682667741901e+00
-1.735937682339896426e+00,-5.528009497465060917e+01,-1.488453682667740807e+00
-1.753937682339904214e+00,-5.529009497465048639e+01,2.574301665590602362e+00
-1.788937682339904356e+00,-5.531009497465049662e+01,2.574301665590599697e+00
-1.806937682339894380e+00,-5.532009497465043069e+01,2.557301665590591355e+00
-1.842937682339899297e+00,-5.534009497465044092e+01,-1.505453682667759141e+00
-1.860937682339894650e+00,-5.535009497465051709e+01,-1.505453682667756254e+00
-1.914937682339898473e+00,-5.537909497465031450e+01,2.539301665590591561e+00
-1.932937682339886720e+00,-5.538909497465033382e+01,2.539301665590584456e+00
-1.968937682339905848e+00,-5.540809497465042455e+01,-1.523453682667756270e+00
-1.986937682339927846e+00,-5.541709497465052436e+01,-1.523453682667755160e+00
-2.022937682339907894e+00,-5.543509497465038294e+01,2.522301665590595654e+00
-2.058937682339889719e+00,-5.545309497465024151e+01,2.522301665590598319e+00
-2.076937682339901059e+00,-5.546209497465022764e+01,-1.558453682667752860e+00
-2.112937682339905976e+00,-5.548009497465028517e+01,2.487301665590591959e+00
-2.112937682339905976e+00,-5.548009497465037043e+01,2.487301665590595512e+00
-2.168937682339915796e+00,-5.550509497465040454e+01,-1.593453682667756555e+00
-2.205937682339925487e+00,-5.552109497465036725e+01,2.452301665590595370e+00
-2.243937682339915085e+00,-5.553509497465029199e+01,2.417301665590598780e+00
-2.281937682339918894e+00,-5.554909497465015988e+01,2.400301665590598432e+00
-2.300937682339927903e+00,-5.555609497465030699e+01,-1.680453682667745641e+00
-2.319937682339919149e+00,-5.556309497465042568e+01,2.382301665590602191e+00
-2.357937682339912300e+00,-5.557609497465045933e+01,2.365301665590607172e+00
-2.377937682339908321e+00,-5.558209497465048798e+01,2.347301665590603825e+00
-2.416937682339906246e+00,-5.559409497465051686e+01,2.330301665590596372e+00
-2.456937682339898288e+00,-5.560509497465054096e+01,-1.750453682667756583e+00
-2.516937682339893456e+00,-5.562009497465064101e+01,2.277301665590594659e+00
-2.556937682339881945e+00,-5.562809497465073605e+01,2.260301665590594311e+00
-2.596937682339877540e+00,-5.563609497465074583e+01,2.225301665590593281e+00
-2.616937682339877114e+00,-5.563909497465084542e+01,2.225301665590597722e+00
-2.656937682339865603e+00,-5.564509497465078880e+01,2.208301665590600038e+00
-2.676937682339850966e+00,-5.564809497465066102e+01,2.190301665590599356e+00
-2.716937682339850113e+00,-5.565309497465045752e+01,-1.889453682667745271e+00
-2.756937682339838602e+00,-5.565709497465022082e+01,2.138301665590598866e+00
-2.776937682339838176e+00,-5.565909497465003142e+01,2.120301665590594631e+00
-2.816937682339826665e+00,-5.566109497465001255e+01,2.103301665590590730e+00
-2.876937682339818281e+00,-5.566209497465001732e+01,2.068301665590595917e+00
-2.896937682339803644e+00,-5.566209497465015943e+01,2.051301665590592016e+00
-2.936937682339792133e+00,-5.566209497465010259e+01,-2.029453682667756276e+00
-2.956937682339781048e+00,-5.566209497465018785e+01,2.033301665590594887e+00
-2.996937682339780196e+00,-5.566009497465023514e+01,1.998301665590592968e+00
-3.016937682339754900e+00,-5.565909497465020195e+01,1.998301665590595189e+00
-3.056937682339743390e+00,-5.565709497465030609e+01,1.981301665590596617e+00
-3.076937682339742963e+00,-5.565609497465010236e+01,-2.099453682667742349e+00
-3.116937682339724347e+00,-5.565209497464991273e+01,1.946301665590602470e+00
-3.176937682339715963e+00,-5.564609497464988408e+01,1.928301665590602010e+00
-3.236937682339728894e+00,-5.563909497464993592e+01,1.928301665590600678e+00
-3.256937682339735574e+00,-5.563709497465001164e+01,-2.134453682667749597e+00
-3.296937682339713405e+00,-5.563109497464992614e+01,1.911301665590602328e+00
-3.316937682339712978e+00,-5.562809497464994024e+01,-2.151453682667741951e+00
-3.356937682339701468e+00,-5.562209497464988317e+01,1.911301665590602328e+00
-3.396937682339682851e+00,-5.561609497464982610e+01,-2.168453682667744964e+00
-3.416937682339664661e+00,-5.561309497464964124e+01,1.894301665590606421e+00
-3.456937682339646045e+00,-5.560709497464947049e+01,-2.168453682667737858e+00
-3.496937682339634534e+00,-5.560109497464929973e+01,-2.186453682667735876e+00
-3.535937682339632460e+00,-5.559409497464923788e+01,1.876301665590616397e+00
-3.549937682339628253e+00,-5.559209497464919991e+01,-2.203453682667727342e+00
-3.560937682339623933e+00,-5.558909497464915717e+01,-2.238453682667728373e+00
-3.561937682339610944e+00,-5.558909497464901506e+01,-2.256453682667729055e+00
-3.562937682339612167e+00,-5.558909497464895821e+01,1.754301665590616510e+00
-3.562937682339597956e+00,-5.558909497464878768e+01,-2.308453682667727769e+00
-3.562937682339580192e+00,-5.558909497464887295e+01,-2.343453682667716365e+00
-3.562937682339580192e+00,-5.558909497464870242e+01,-2.360453682667708719e+00
-3.562937682339573087e+00,-5.558909497464878768e+01,-2.378453682667714730e+00
-3.583937682339563224e+00,-5.558009497464863102e+01,1.632301665590637940e+00
-3.636937682339553390e+00,-5.555509497464868218e+01,-2.483453682667710716e+00
-3.653937682339556403e+00,-5.554609497464858237e+01,-2.500453682667705735e+00
-3.688937682339538782e+00,-5.552609497464860056e+01,-2.535453682667695219e+00
-3.705937682339538242e+00,-5.551509497464851961e+01,1.492301665590651583e+00
-3.739937682339522951e+00,-5.549309497464852825e+01,1.457301665590646556e+00
-3.756937682339522411e+00,-5.548209497464847573e+01,1.440301665590644209e+00
-3.788937682339511781e+00,-5.545809497464850324e+01,1.405301665590642957e+00
-3.804937682339513572e+00,-5.544609497464858805e+01,-2.657453682667703099e+00
-3.852937682339517167e+00,-5.540709497464843025e+01,-2.692453682667702353e+00
-3.898937682339525423e+00,-5.536809497464832930e+01,1.335301665590648001e+00
-3.913937682339525992e+00,-5.535509497464838091e+01,1.318301665590644323e+00
-3.943937682339523576e+00,-5.532909497464825677e+01,1.300301665590643196e+00
-3.972937682339512833e+00,-5.530109497464815149e+01,1.283301665590636853e+00
-3.986937682339505074e+00,-5.528709497464811307e+01,1.265301665590636171e+00
-4.014937682339496661e+00,-5.525809497464805986e+01,1.248301665590635379e+00
-4.042937682339495353e+00,-5.522909497464820561e+01,1.230301665590633586e+00
-4.056937682339498252e+00,-5.521409497464827609e+01,1.230301665590632254e+00
-4.083937682339488617e+00,-5.518409497464818969e+01,1.213301665590632794e+00
-4.083937682339485065e+00,-5.518409497464816127e+01,-2.849453682667717480e+00
-4.135937682339468680e+00,-5.512409497464818742e+01,-2.867453682667715498e+00
-4.148937682339472133e+00,-5.510909497464828632e+01,1.195301665590640328e+00
-4.174937682339475487e+00,-5.507909497464831361e+01,1.195301665590642548e+00
-4.200937682339464629e+00,-5.504909497464811352e+01,1.178301665590639757e+00
-4.226937682339436009e+00,-5.501809497464805077e+01,1.178301665590640201e+00
-4.239937682339444791e+00,-5.500309497464806441e+01,1.178301665590636649e+00
-4.265937682339444592e+00,-5.497209497464808692e+01,1.160301665590633746e+00
-4.291937682339447946e+00,-5.494109497464782521e+01,1.160301665590631526e+00
-4.317937682339437089e+00,-5.491009497464793299e+01,1.160301665590632414e+00
-4.343937682339422679e+00,-5.487809497464800756e+01,1.143301665590628957e+00
-4.356937682339435014e+00,-5.486209497464793117e+01,1.143301665590625849e+00
-4.381937682339412277e+00,-5.483009497464789206e+01,1.143301665590628513e+00
-4.406937682339410856e+00,-5.479809497464773926e+01,-2.936453682667720777e+00
-4.418937682339421968e+00,-5.478209497464766287e+01,-2.936453682667719889e+00
-4.430937682339418870e+00,-5.476609497464767173e+01,1.126301665590630607e+00
-4.454937682339398464e+00,-5.473409497464749052e+01,1.126301665590631496e+00
-4.478937682339378057e+00,-5.470209497464747983e+01,1.108301665590633922e+00
-4.514937682339372316e+00,-5.465309497464758692e+01,1.108301665590632368e+00
-4.526937682339408298e+00,-5.463709497464745368e+01,1.091301665590630243e+00
-4.538937682339422963e+00,-5.462009497464751462e+01,1.091301665590628911e+00
-4.561937682339404887e+00,-5.458709497464749916e+01,1.091301665590628911e+00
-4.573937682339391131e+00,-5.457009497464750325e+01,1.073301665590628673e+00
-4.595937682339403807e+00,-5.453709497464748779e+01,1.073301665590625564e+00
-4.617937682339402272e+00,-5.450309497464726860e+01,1.056301665590622552e+00
-4.628937682339412163e+00,-5.448609497464715901e+01,1.056301665590623440e+00
-4.650937682339389312e+00,-5.445209497464711035e+01,1.038301665590624090e+00
-4.683937682339397668e+00,-5.440109497464703736e+01,1.038301665590625866e+00
-4.694937682339364926e+00,-5.438409497464698461e+01,-3.024453682667714638e+00
-4.704937682339384253e+00,-5.436709497464698870e+01,-3.041453682667713210e+00
-4.725937682339370838e+00,-5.433309497464694005e+01,1.021301665590633734e+00
-4.746937682339378739e+00,-5.429809497464688661e+01,1.021301665590631957e+00
-4.756937682339376749e+00,-5.428109497464683386e+01,1.003301665590634606e+00
-4.776937682339358560e+00,-5.424609497464672359e+01,1.003301665590631941e+00
-4.786937682339370781e+00,-5.422809497464677975e+01,1.003301665590631053e+00
-4.816937682339357707e+00,-5.417609497464667356e+01,9.863016655906311492e-01
-4.846937682339330422e+00,-5.412209497464647256e+01,9.863016655906280405e-01
-4.866937682339319338e+00,-5.408609497464649962e+01,9.683016655906300230e-01
-4.876937682339296032e+00,-5.406809497464638525e+01,9.683016655906305781e-01
-4.885937682339303478e+00,-5.405009497464649826e+01,9.683016655906317993e-01
-4.900937682339318258e+00,-5.402209497464644983e+01,9.513016655906287866e-01
-4.908937682339306718e+00,-5.400609497464643027e+01,9.163016655906286445e-01
-4.923937682339300181e+00,-5.397209497464629635e+01,9.163016655906286445e-01
-4.931937682339274431e+00,-5.395309497464623405e+01,8.993016655906291845e-01
-4.948937682339256128e+00,-5.391509497464616629e+01,8.993016655906300727e-01
-4.956937682339237483e+00,-5.389509497464618448e+01,8.993016655906300727e-01
-4.982937682339233731e+00,-5.383609497464618698e+01,3.119731624511875800e+00
-4.990937682339239956e+00,-5.381609497464620517e+01,3.119731624511864254e+00
-5.007937682339196783e+00,-5.377709497464601895e+01,-9.430237237464915712e-01
-5.024937682339185585e+00,-5.373709497464599849e+01,-9.430237237464886846e-01
-5.032937682339145624e+00,-5.371709497464604510e+01,-9.430237237464869082e-01
-5.049937682339148637e+00,-5.367709497464613833e+01,-9.430237237464886846e-01
-5.057937682339144203e+00,-5.365709497464604283e+01,-9.610237237464875903e-01
-5.073937682339121125e+00,-5.361709497464607921e+01,-9.610237237464858140e-01
-5.081937682339109585e+00,-5.359809497464607375e+01,-9.610237237464875903e-01
-5.105937682339124706e+00,-5.353909497464593414e+01,-9.610237237464875903e-01
-5.113937682339098956e+00,-5.351909497464589549e+01,-9.610237237464858140e-01
-5.130937682339059336e+00,-5.347909497464596029e+01,-9.610237237464858140e-01
-5.154937682339067351e+00,-5.341909497464590117e+01,-9.610237237464840376e-01
-5.163937682339074797e+00,-5.339909497464583410e+01,-9.610237237464858140e-01
-5.179937682339065930e+00,-5.336009497464584683e+01,-9.610237237464840376e-01
-5.187937682339047285e+00,-5.334109497464564242e+01,-9.610237237464875903e-01
-5.203937682339045523e+00,-5.330309497464557467e+01,-9.430237237464869082e-01
-5.219937682339029550e+00,-5.326609497464559695e+01,3.119731624511856261e+00
-5.235937682339034893e+00,-5.322709497464566653e+01,3.119731624511851820e+00
-5.244937682339049445e+00,-5.320709497464568472e+01,-9.430237237464985656e-01
-5.269937682339033813e+00,-5.314809497464574406e+01,-9.430237237464993427e-01
-5.278937682339005733e+00,-5.312909497464582387e+01,-9.430237237464975664e-01
-5.286937682338994193e+00,-5.311009497464556262e+01,-9.430237237464957900e-01
-5.303937682338997206e+00,-5.307009497464542847e+01,-9.430237237464957900e-01
-5.312937682338983336e+00,-5.305109497464547985e+01,-9.430237237464957900e-01
-5.329937682338972138e+00,-5.301209497464537890e+01,-9.430237237464922373e-01
-5.355937682338989703e+00,-5.295309497464535298e+01,-9.430237237464869082e-01
-5.363937682338985269e+00,-5.293409497464523383e+01,-9.430237237464886846e-01
-5.381937682338993056e+00,-5.289409497464509968e+01,-9.430237237464851319e-01
-5.389937682338988623e+00,-5.287509497464500896e+01,-9.430237237464851319e-01
-5.407937682339010621e+00,-5.283509497464490323e+01,-9.430237237464833555e-01
-5.416937682339010962e+00,-5.281509497464492142e+01,-9.430237237464851319e-01
-5.433937682338985553e+00,-5.277509497464492938e+01,-9.430237237464815792e-01
-5.442937682339000105e+00,-5.275609497464495234e+01,-9.430237237464815792e-01
-5.459937682338988907e+00,-5.271709497464487981e+01,3.119731624511863366e+00
-5.476937682338988367e+00,-5.267909497464492574e+01,3.119731624511867807e+00
-5.493937682339002038e+00,-5.264009497464488163e+01,-9.430237237464772493e-01
-5.511937682338995614e+00,-5.260109497464486594e+01,-9.430237237464780264e-01
-5.529937682339038929e+00,-5.256109497464487390e+01,-9.430237237464780264e-01
-5.538937682339032165e+00,-5.254109497464486367e+01,-9.430237237464761391e-01
-5.555937682339020967e+00,-5.250209497464490482e+01,-9.430237237464744737e-01
-5.564937682339021308e+00,-5.248309497464478568e+01,-9.430237237464744737e-01
-5.581937682339003004e+00,-5.244409497464471315e+01,-9.430237237464728084e-01
-5.590937682338996240e+00,-5.242509497464476453e+01,-9.430237237464728084e-01
-5.616937682338992488e+00,-5.236609497464471019e+01,-9.430237237464761391e-01
-5.625937682338971513e+00,-5.234709497464450578e+01,-9.430237237464744737e-01
-5.642937682338967420e+00,-5.230709497464445690e+01,-9.430237237464728084e-01
-5.651937682338939339e+00,-5.228809497464428091e+01,-9.430237237464728084e-01
-5.668937682338928141e+00,-5.224909497464417996e+01,-9.430237237464761391e-01
-5.686937682338914613e+00,-5.221009497464410742e+01,-9.430237237464761391e-01
-5.695937682338907848e+00,-5.219009497464401193e+01,-9.430237237464780264e-01
-5.712937682338903755e+00,-5.215109497464393939e+01,3.119731624511866919e+00
-5.718937682338900430e+00,-5.213809497464376363e+01,3.119731624511874912e+00
-5.727937682338904324e+00,-5.211909497464364449e+01,-9.610237237464637206e-01
-5.742937682338883576e+00,-5.208409497464350579e+01,-9.610237237464627214e-01
-5.750937682338850720e+00,-5.206509497464338665e+01,-9.610237237464609450e-01
-5.766937682338820537e+00,-5.202809497464315314e+01,-9.610237237464556159e-01
-5.797937682338819343e+00,-5.195309497464313608e+01,-9.610237237464538396e-01
-5.805937682338786487e+00,-5.193409497464293167e+01,-9.610237237464538396e-01
-5.813937682338782054e+00,-5.191509497464272727e+01,-9.610237237464520632e-01
-5.829937682338773186e+00,-5.187709497464251740e+01,-9.430237237464549338e-01
-5.845937682338757213e+00,-5.183909497464244964e+01,-9.430237237464549338e-01
-5.862937682338731804e+00,-5.180009497464246238e+01,-9.430237237464513811e-01
-5.870937682338734476e+00,-5.178109497464231481e+01,-9.430237237464460520e-01
-5.887937682338723278e+00,-5.174209497464235596e+01,-9.430237237464460520e-01
-5.905937682338723960e+00,-5.170309497464239712e+01,-9.430237237464460520e-01
-5.922937682338726972e+00,-5.166409497464246670e+01,-9.430237237464460520e-01
-5.931937682338720208e+00,-5.164409497464239962e+01,-9.430237237464478284e-01
-5.948937682338701904e+00,-5.160509497464244077e+01,3.119731624511898893e+00
-5.957937682338720009e+00,-5.158609497464235005e+01,3.119731624511903334e+00
-5.974937682338712364e+00,-5.154709497464230594e+01,-9.430237237464488276e-01
-5.991937682338672744e+00,-5.150809497464231868e+01,-9.430237237464442757e-01
-6.000937682338658874e+00,-5.148809497464242213e+01,-9.430237237464389466e-01
-6.018937682338652451e+00,-5.144909497464232118e+01,-9.430237237464407229e-01
-6.044937682338655804e+00,-5.139109497464227161e+01,-9.430237237464407229e-01
-6.053937682338656145e+00,-5.137109497464234664e+01,-9.430237237464389466e-01
-6.062937682338635170e+00,-5.135209497464234119e+01,-9.430237237464407229e-01
-6.079937682338616867e+00,-5.131409497464247238e+01,-9.430237237464407229e-01
-6.088937682338595891e+00,-5.129409497464226320e+01,-9.260237237464394866e-01
-6.106937682338596574e+00,-5.125509497464224751e+01,-9.260237237464430393e-01
-6.124937682338604361e+00,-5.121509497464217020e+01,-9.260237237464412630e-01
-6.133937682338611808e+00,-5.119609497464196579e+01,-9.260237237464412630e-01
-6.151937682338605384e+00,-5.115709497464183642e+01,-9.260237237464430393e-01
-6.169937682338577645e+00,-5.111709497464175911e+01,-9.260237237464412630e-01
-6.187937682338549905e+00,-5.107809497464182868e+01,-9.260237237464394866e-01
-6.196937682338550246e+00,-5.105909497464185165e+01,-9.260237237464394866e-01
-6.214937682338550928e+00,-5.101909497464171750e+01,3.136731624511909011e+00
-6.223937682338519295e+00,-5.100009497464171204e+01,3.136731624511911676e+00
-6.241937682338502213e+00,-5.096109497464158267e+01,-9.260237237464316040e-01
-6.259937682338524212e+00,-5.092209497464165224e+01,-9.260237237464306048e-01
-6.268937682338517448e+00,-5.090309497464150468e+01,-9.260237237464306048e-01
-6.286937682338496813e+00,-5.086409497464157425e+01,-9.260237237464306048e-01
-6.313937682338490731e+00,-5.080509497464160518e+01,-9.260237237464288285e-01
-6.322937682338498178e+00,-5.078509497464148126e+01,-9.260237237464270521e-01
-6.331937682338462992e+00,-5.076509497464149945e+01,-9.260237237464288285e-01
-6.349937682338435252e+00,-5.072709497464143169e+01,-9.260237237464270521e-01
-6.357937682338437924e+00,-5.070809497464131255e+01,-9.260237237464234994e-01
-6.373937682338436161e+00,-5.067209497464125434e+01,-9.260237237464252757e-01
-6.390937682338417858e+00,-5.063509497464127662e+01,-9.260237237464217230e-01
-6.399937682338425304e+00,-5.061609497464115748e+01,-9.260237237464217230e-01
-6.417937682338411776e+00,-5.057909497464106607e+01,-9.080237237464228173e-01
-6.426937682338447644e+00,-5.056009497464097535e+01,-9.080237237464247047e-01
-6.471937682338456455e+00,-5.046609497464098126e+01,-9.080237237464210409e-01
-6.480937682338449690e+00,-5.044709497464089054e+01,-9.080237237464174882e-01
-6.498937682338443267e+00,-5.040909497464085121e+01,-3.128453682667658775e+00
-6.508937682338451935e+00,-5.039009497464073206e+01,-3.128453682667657887e+00
-6.523937682338441846e+00,-5.035909497464061246e+01,9.343016655906978274e-01
-6.527937682338411207e+00,-5.035209497464049377e+01,9.343016655906986045e-01
-6.539937682338440084e+00,-5.032609497464048331e+01,9.163016655907014751e-01
-6.557937682338454977e+00,-5.028809497464050082e+01,9.163016655907019192e-01
-6.584937682338441789e+00,-5.023009497464039441e+01,9.163016655906992547e-01
-6.593937682338449235e+00,-5.021109497464027527e+01,9.163016655906979224e-01
-6.602937682338449576e+00,-5.019209497463998559e+01,9.163016655906996988e-01
-6.611937682338464128e+00,-5.017309497463980961e+01,9.163016655906996988e-01
-6.628937682338460036e+00,-5.013709497463995035e+01,9.163016655907001429e-01
-6.645937682338455943e+00,-5.010009497463994421e+01,9.163016655906983665e-01
-6.653937682338451509e+00,-5.008209497463980142e+01,9.343016655906963841e-01
-6.671937682338480613e+00,-5.004509497463976686e+01,9.343016655906959400e-01
-6.679937682338454863e+00,-5.002709497463965249e+01,9.343016655906932755e-01
-6.697937682338455545e+00,-4.999109497463953744e+01,9.343016655906923873e-01
-6.715937682338434911e+00,-4.995409497463933235e+01,9.343016655906914991e-01
-6.733937682338442698e+00,-4.991709497463909884e+01,-3.111453682667657539e+00
-6.742937682338435934e+00,-4.989809497463906496e+01,-3.111453682667663756e+00
-6.761937682338441391e+00,-4.986009497463908247e+01,9.513016655906759711e-01
-6.780937682338418426e+00,-4.982209497463898629e+01,9.513016655906736396e-01
-6.789937682338411662e+00,-4.980309497463878188e+01,9.513016655906705310e-01
-6.808937682338374486e+00,-4.976509497463877096e+01,9.513016655906669783e-01
-6.818937682338358286e+00,-4.974609497463885077e+01,9.513016655906656460e-01
-6.838937682338361412e+00,-4.970809497463861248e+01,9.513016655906674224e-01
-6.858937682338350328e+00,-4.967009497463857315e+01,9.513016655906674224e-01
-6.877937682338334469e+00,-4.963209497463850539e+01,9.513016655906674224e-01
-6.887937682338339584e+00,-4.961309497463821572e+01,9.513016655906674224e-01
-6.906937682338337936e+00,-4.957509497463806269e+01,9.513016655906678665e-01
-6.926937682338348168e+00,-4.953709497463819389e+01,9.513016655906691987e-01
-6.936937682338381705e+00,-4.951809497463818843e+01,9.513016655906709751e-01
-6.956937682338335094e+00,-4.948009497463826278e+01,9.513016655906731955e-01
-6.966937682338333104e+00,-4.946109497463825733e+01,9.513016655906731955e-01
-6.986937682338329125e+00,-4.942309497463821799e+01,9.513016655906749719e-01
-7.006937682338339357e+00,-4.938509497463820708e+01,-3.111453682667671750e+00
-7.026937682338331825e+00,-4.934709497463805405e+01,-3.094453682667674954e+00
-7.046937682338338504e+00,-4.930909497463795788e+01,9.683016655906718784e-01
-7.056937682338315199e+00,-4.929009497463766820e+01,9.683016655906726555e-01
-7.076937682338297009e+00,-4.925209497463765729e+01,9.683016655906730996e-01
-7.096937682338293030e+00,-4.921409497463744742e+01,9.683016655906722114e-01
-7.106937682338262618e+00,-4.919509497463727143e+01,9.683016655906713233e-01
-7.126937682338294167e+00,-4.915709497463697630e+01,9.683016655906686587e-01
-7.136937682338263755e+00,-4.913809497463697085e+01,9.683016655906668824e-01
-7.155937682338262107e+00,-4.910109497463702155e+01,9.683016655906637737e-01
-7.175937682338243917e+00,-4.906309497463692537e+01,9.683016655906632186e-01
-7.195937682338232833e+00,-4.902509497463680077e+01,9.683016655906611092e-01
-7.225937682338219759e+00,-4.896809497463681282e+01,9.683016655906584447e-01
-7.245937682338187358e+00,-4.893009497463677349e+01,9.683016655906575565e-01
-7.255937682338185368e+00,-4.891109497463659750e+01,9.683016655906548920e-01
-7.275937682338188495e+00,-4.887309497463658658e+01,9.683016655906540038e-01
-7.285937682338200716e+00,-4.885409497463658113e+01,9.683016655906504511e-01
-7.305937682338196737e+00,-4.881709497463651815e+01,-3.094453682667697159e+00
-7.325937682338189205e+00,-4.877909497463642197e+01,-3.094453682667690941e+00
-7.345937682338195884e+00,-4.874109497463643947e+01,9.683016655906647729e-01
-7.365937682338199011e+00,-4.870309497463651383e+01,9.683016655906624415e-01
-7.375937682338189916e+00,-4.868409497463642310e+01,9.683016655906628856e-01
-7.395937682338193042e+00,-4.864609497463638377e+01,9.683016655906597769e-01
-7.405937682338183947e+00,-4.862709497463640673e+01,9.683016655906580006e-01
-7.423937682338149102e+00,-4.859109497463637695e+01,9.513016655906558761e-01
-7.432937682338113916e+00,-4.857309497463626258e+01,9.513016655906548769e-01
-7.451937682338126478e+00,-4.853609497463617117e+01,9.513016655906514352e-01
-7.471937682338136710e+00,-4.849809497463607499e+01,9.513016655906523233e-01
-7.490937682338149273e+00,-4.846009497463603566e+01,9.513016655906495478e-01
-7.510937682338145294e+00,-4.842209497463602474e+01,9.513016655906495478e-01
-7.519937682338124318e+00,-4.840309497463593402e+01,9.513016655906495478e-01
-7.539937682338120339e+00,-4.836509497463572416e+01,9.513016655906492147e-01
-7.548937682338113575e+00,-4.834609497463566186e+01,9.513016655906509911e-01
-7.567937682338119032e+00,-4.830809497463553726e+01,9.513016655906509911e-01
-7.577937682338109937e+00,-4.828909497463547495e+01,-3.111453682667693066e+00
-7.597937682338088194e+00,-4.825109497463554931e+01,-3.111453682667701059e+00
-7.616937682338040361e+00,-4.821309497463548155e+01,9.513016655906475494e-01
-7.636937682338007960e+00,-4.817509497463547063e+01,9.513016655906469943e-01
-7.646937682338013076e+00,-4.815609497463535149e+01,9.513016655906456620e-01
-7.665937682338011427e+00,-4.811809497463519847e+01,9.513016655906438857e-01
-7.684937682337960041e+00,-4.808009497463513071e+01,9.513016655906443297e-01
-7.703937682337908655e+00,-4.804309497463509615e+01,9.513016655906407770e-01
-7.712937682337880574e+00,-4.802409497463509069e+01,9.513016655906381125e-01
-7.732937682337876595e+00,-4.798509497463516027e+01,9.513016655906381125e-01
-7.741937682337884041e+00,-4.796609497463518323e+01,9.513016655906394448e-01
-7.761937682337872957e+00,-4.792809497463522916e+01,9.513016655906390007e-01
-7.780937682337857098e+00,-4.789009497463516141e+01,9.513016655906390007e-01
-7.799937682337841238e+00,-4.785209497463517891e+01,9.513016655906434416e-01
-7.818937682337832484e+00,-4.781409497463505431e+01,9.513016655906431085e-01
-7.838937682337835611e+00,-4.777609497463507182e+01,9.513016655906394448e-01
-7.847937682337864373e+00,-4.775709497463486741e+01,9.513016655906367802e-01
-7.857937682337841068e+00,-4.773809497463477669e+01,-3.111453682667707277e+00
-7.867937682337863947e+00,-4.771909497463457228e+01,-3.111453682667711718e+00
-7.886937682337851641e+00,-4.768109497463450452e+01,9.513016655906404440e-01
-7.905937682337835781e+00,-4.764309497463437992e+01,9.513016655906394448e-01
-7.924937682337834133e+00,-4.760509497463425532e+01,9.513016655906381125e-01
-7.934937682337817932e+00,-4.758609497463413618e+01,9.513016655906398888e-01
-7.953937682337816284e+00,-4.754709497463417733e+01,9.513016655906381125e-01
-7.973937682337812305e+00,-4.750909497463433695e+01,9.513016655906381125e-01
-7.992937682337796446e+00,-4.747109497463424077e+01,9.513016655906394448e-01
-8.019937682337797469e+00,-4.741609497463406342e+01,9.513016655906398888e-01
-8.038937682337753188e+00,-4.737809497463402408e+01,9.513016655906381125e-01
-8.047937682337774845e+00,-4.736009497463405182e+01,9.513016655906390007e-01
-8.066937682337787408e+00,-4.732309497463393200e+01,9.513016655906421093e-01
-8.084937682337802300e+00,-4.728709497463398748e+01,9.683016655906389047e-01
-8.094937682337814522e+00,-4.726909497463398679e+01,9.683016655906371284e-01
-8.122937682337813214e+00,-4.721509497463389948e+01,9.683016655906353520e-01
-8.131937682337770923e+00,-4.719709497463389880e+01,9.683016655906380166e-01
-8.151937682337752733e+00,-4.716209497463381695e+01,-3.076453682667707135e+00
-8.171937682337780728e+00,-4.712609497463387243e+01,-3.076453682667709799e+00
-8.181937682337782292e+00,-4.710809497463378648e+01,9.863016655906405861e-01
-8.201937682337728575e+00,-4.707209497463378511e+01,9.863016655906398089e-01
-8.221937682337717490e+00,-4.703709497463367484e+01,1.003301665590638603e+00
-8.231937682337679973e+00,-4.701909497463373100e+01,1.003301665590636382e+00
-8.251937682337704416e+00,-4.698409497463370599e+01,1.003301665590635050e+00
-8.271937682337679121e+00,-4.694909497463348202e+01,1.003301665590631941e+00
-8.282937682337681906e+00,-4.693109497463356661e+01,1.021301665590629071e+00
-8.302937682337663716e+00,-4.689609497463362686e+01,1.021301665590627739e+00
-8.323937682337657407e+00,-4.686209497463360663e+01,1.021301665590626406e+00
-8.334937682337638876e+00,-4.684509497463369598e+01,1.038301665590623202e+00
-8.345937682337613239e+00,-4.682809497463364323e+01,1.038301665590621869e+00
-8.367937682337583283e+00,-4.679409497463353773e+01,1.038301665590624090e+00
-8.389937682337539115e+00,-4.676009497463354592e+01,1.056301665590622996e+00
-8.411937682337566002e+00,-4.672609497463338357e+01,-3.006453682667728167e+00
-8.422937682337593657e+00,-4.670909497463335924e+01,-3.006453682667725502e+00
-8.445937682337586239e+00,-4.667409497463324897e+01,1.056301665590623218e+00
-8.469937682337608464e+00,-4.663909497463330922e+01,1.073301665590622012e+00
-8.492937682337590388e+00,-4.660509497463320372e+01,1.073301665590623566e+00
-8.504937682337576632e+00,-4.658809497463309413e+01,1.073301665590619347e+00
-8.528937682337563331e+00,-4.655409497463301705e+01,1.073301665590618015e+00
-8.552937682337578451e+00,-4.652009497463291154e+01,1.091301665590614700e+00
-8.576937682337529623e+00,-4.648609497463286289e+01,1.091301665590611591e+00
-8.588937682337530077e+00,-4.646909497463306593e+01,1.091301665590611147e+00
-8.600937682337530532e+00,-4.645209497463318371e+01,1.091301665590607151e+00
-8.624937682337545652e+00,-4.642009497463311618e+01,1.091301665590608039e+00
-8.648937682337518140e+00,-4.638609497463292541e+01,1.108301665590610163e+00
-8.672937682337511944e+00,-4.635309497463282469e+01,-2.954453682667732117e+00
-8.684937682337523057e+00,-4.633709497463274829e+01,-2.954453682667731229e+00
-8.696937682337498643e+00,-4.632009497463272396e+01,1.108301665590622820e+00
-8.721937682337490116e+00,-4.628609497463264688e+01,1.108301665590625262e+00
-8.747937682337457943e+00,-4.625209497463259822e+01,1.126301665590626389e+00
-8.773937682337475508e+00,-4.621809497463254957e+01,1.126301665590628165e+00
-8.786937682337494948e+00,-4.620109497463249681e+01,1.126301665590626833e+00
-8.812937682337505407e+00,-4.616709497463247658e+01,1.126301665590627721e+00
-8.851937682337464253e+00,-4.611609497463226148e+01,1.126301665590624612e+00
-8.864937682337469482e+00,-4.609909497463232242e+01,1.126301665590622836e+00
-8.877937682337460501e+00,-4.608209497463224125e+01,1.126301665590621059e+00
-8.927937682337443448e+00,-4.601609497463223875e+01,1.126301665590621948e+00
-8.939937682337401270e+00,-4.600009497463221919e+01,1.126301665590624168e+00
-8.963937682337373758e+00,-4.596809497463235061e+01,-2.936453682667720777e+00
-8.975937682337352896e+00,-4.595209497463221737e+01,-2.936453682667726994e+00
-8.999937682337346700e+00,-4.591909497463211665e+01,1.108301665590622820e+00
-9.011937682337361366e+00,-4.590309497463212551e+01,1.108301665590621932e+00
-9.047937682337376941e+00,-4.585409497463206208e+01,1.108301665590623930e+00
-9.059937682337348974e+00,-4.583809497463215621e+01,1.108301665590621043e+00
-9.083937682337364095e+00,-4.580509497463222601e+01,1.091301665590624026e+00
-9.095937682337392971e+00,-4.578909497463217804e+01,1.091301665590624914e+00
-9.118937682337417527e+00,-4.575609497463204889e+01,1.091301665590622250e+00
-9.142937682337432648e+00,-4.572209497463205707e+01,1.091301665590620029e+00
-9.153937682337428328e+00,-4.570509497463208959e+01,1.073301665590618459e+00
-9.177937682337429237e+00,-4.567109497463212620e+01,1.073301665590616238e+00
-9.188937682337439128e+00,-4.565409497463215871e+01,1.073301665590615350e+00
-9.210937682337416277e+00,-4.562009497463202479e+01,1.056301665590615446e+00
-9.243937682337445949e+00,-4.556909497463195180e+01,1.056301665590614558e+00
-9.254937682337455840e+00,-4.555209497463198431e+01,-3.006453682667728167e+00
-9.276937682337418778e+00,-4.551809497463199250e+01,-3.024453682667720855e+00
-9.287937682337400247e+00,-4.550109497463199659e+01,1.038301665590633194e+00
-9.309937682337377396e+00,-4.546709497463189109e+01,1.038301665590631195e+00
-9.320937682337387287e+00,-4.544909497463186199e+01,1.038301665590630085e+00
-9.342937682337350225e+00,-4.541509497463189859e+01,1.021301665590630403e+00
-9.352937682337355341e+00,-4.539709497463181265e+01,1.021301665590630847e+00
-9.383937682337332831e+00,-4.534509497463184857e+01,1.003301665590629277e+00
-9.403937682337357273e+00,-4.531009497463176672e+01,1.003301665590627945e+00
-9.413937682337362389e+00,-4.529209497463182288e+01,1.003301665590627056e+00
-9.423937682337367505e+00,-4.527509497463188382e+01,1.003301665590623948e+00
-9.443937682337363526e+00,-4.524009497463183038e+01,9.863016655906244878e-01
-9.463937682337345336e+00,-4.520409497463182902e+01,9.863016655906267083e-01
-9.473937682337336241e+00,-4.518609497463171465e+01,9.863016655906262642e-01
-9.493937682337275419e+00,-4.515009497463162802e+01,9.683016655906264702e-01
-9.502937682337247338e+00,-4.513209497463165576e+01,9.683016655906255821e-01
-9.521937682337267006e+00,-4.509609497463165440e+01,9.683016655906220294e-01
-9.539937682337239266e+00,-4.506009497463156777e+01,-3.111453682667725040e+00
-9.566937682337282922e+00,-4.500609497463153730e+01,-3.111453682667729481e+00
-9.575937682337283263e+00,-4.498809497463162188e+01,9.513016655906227914e-01
-9.593937682337255524e+00,-4.495209497463150683e+01,9.343016655906200008e-01
-9.602937682337255865e+00,-4.493409497463142088e+01,9.343016655906168921e-01
-9.620937682337256547e+00,-4.489709497463132948e+01,9.343016655906168921e-01
-9.629937682337242677e+00,-4.487909497463127195e+01,9.343016655906177803e-01
-9.644937682337271667e+00,-4.484709497463126127e+01,8.993016655906176382e-01
-9.667937682337282013e+00,-4.479309497463128764e+01,8.813016655906178443e-01
-9.683937682337287356e+00,-4.475509497463124831e+01,8.993016655906145296e-01
-9.691937682337268711e+00,-4.473609497463121443e+01,8.993016655906171941e-01
-9.699937682337306910e+00,-4.471709497463120897e+01,8.993016655906163059e-01
-9.715937682337326464e+00,-4.468109497463112234e+01,8.993016655906140855e-01
-9.731937682337317597e+00,-4.464309497463102616e+01,8.993016655906114210e-01
-9.739937682337327374e+00,-4.462509497463096864e+01,8.993016655906087564e-01
-9.755937682337346928e+00,-4.458709497463087246e+01,8.993016655906096446e-01
-9.763937682337328283e+00,-4.456809497463089542e+01,8.993016655906105328e-01
-9.779937682337347837e+00,-4.453109497463080402e+01,9.163016655906073282e-01
-9.813937682337311230e+00,-4.445709497463076332e+01,3.136731624511846839e+00
-9.831937682337319018e+00,-4.442009497463070034e+01,-3.128453682667737823e+00
-9.840937682337269621e+00,-4.440109497463075172e+01,9.343016655906161150e-01
-9.858937682337298725e+00,-4.436409497463060347e+01,9.343016655906168921e-01
-9.867937682337327487e+00,-4.434509497463059802e+01,9.343016655906155599e-01
-9.885937682337328170e+00,-4.430709497463061552e+01,9.343016655906173362e-01
-9.894937682337314300e+00,-4.428809497463069533e+01,9.343016655906173362e-01
-9.921937682337315323e+00,-4.423109497463073581e+01,9.343016655906137835e-01
-9.931937682337320439e+00,-4.421209497463067351e+01,9.343016655906115631e-01
-9.949937682337292699e+00,-4.417409497463071943e+01,9.343016655906093426e-01
-9.958937682337264619e+00,-4.415509497463065713e+01,9.343016655906102308e-01
-9.977937682337255865e+00,-4.411709497463064622e+01,9.343016655906093426e-01
-9.995937682337256547e+00,-4.407909497463060688e+01,9.513016655906083585e-01
-1.000493768233724268e+01,-4.406009497463074354e+01,9.513016655906083585e-01
-1.002393768233720550e+01,-4.402209497463076104e+01,9.513016655906064711e-01
-1.003393768233719641e+01,-4.400309497463072717e+01,9.513016655906064711e-01
-1.005193768233721130e+01,-4.396509497463065941e+01,9.513016655906064711e-01
-1.007193768233722153e+01,-4.392709497463056323e+01,-3.111453682667732146e+00
-1.009093768233720567e+01,-4.388909497463058074e+01,-3.111453682667725928e+00
-1.010993768233721823e+01,-4.385109497463056982e+01,9.513016655906262331e-01
-1.011993768233723756e+01,-4.383209497463045068e+01,9.513016655906287866e-01
-1.013893768233721460e+01,-4.379409497463041134e+01,9.513016655906270103e-01
-1.014893768233721971e+01,-4.377509497463034904e+01,9.513016655906265662e-01
-1.016693768233720618e+01,-4.373709497463039497e+01,9.513016655906283425e-01
-1.017693768233722551e+01,-4.371809497463036109e+01,9.513016655906278984e-01
-1.020593768233720766e+01,-4.366009497463039679e+01,9.513016655906278984e-01
-1.021593768233718436e+01,-4.364109497463036291e+01,9.513016655906278984e-01
-1.023493768233713297e+01,-4.360309497463029516e+01,9.513016655906274543e-01
-1.025493768233714320e+01,-4.356509497463019898e+01,9.513016655906230135e-01
-1.026493768233711990e+01,-4.354609497463019352e+01,9.513016655906209040e-01
-1.028393768233712535e+01,-4.350809497463001208e+01,9.513016655906185726e-01
-1.029393768233708784e+01,-4.348909497463000662e+01,9.513016655906199048e-01
-1.031293768233705066e+01,-4.345109497462996728e+01,9.513016655906209040e-01
-1.032193768233703679e+01,-4.343209497462993340e+01,9.513016655906190167e-01
-1.034193768233703281e+01,-4.339409497462989407e+01,-3.111453682667728593e+00
-1.036093768233703827e+01,-4.335609497462982631e+01,-3.111453682667727705e+00
-1.038093768233699166e+01,-4.331809497462978698e+01,9.513016655906121333e-01
-1.039993768233702554e+01,-4.328009497462983290e+01,9.513016655906079144e-01
-1.040993768233703065e+01,-4.326109497462974218e+01,9.513016655906043617e-01
-1.042893768233700769e+01,-4.322309497462970285e+01,9.513016655906021413e-01
-1.043893768233704122e+01,-4.320409497462966897e+01,9.513016655905990326e-01
-1.045793768233701826e+01,-4.316609497462968648e+01,9.513016655905945917e-01
-1.046793768233705180e+01,-4.314709497462962418e+01,9.513016655905958130e-01
-1.049693768233704816e+01,-4.309009497462963623e+01,9.513016655905928154e-01
-1.050593768233702008e+01,-4.307109497462968761e+01,9.513016655905919272e-01
-1.051593768233699677e+01,-4.305209497462968216e+01,9.513016655905905949e-01
-1.055493768233696983e+01,-4.297609497462974559e+01,9.513016655905892627e-01
-1.057393768233696107e+01,-4.293809497462953573e+01,9.513016655905883745e-01
-1.059293768233698074e+01,-4.290009497462952481e+01,9.513016655905870422e-01
-1.060293768233700007e+01,-4.288109497462954778e+01,9.513016655905861541e-01
-1.061293768233701940e+01,-4.286209497462959916e+01,9.513016655905834895e-01
-1.063193768233701064e+01,-4.282409497462967352e+01,-3.111453682667757015e+00
-1.065093768233700189e+01,-4.278609497462954891e+01,-3.111453682667756127e+00
-1.066993768233697892e+01,-4.274809497462956642e+01,9.513016655905871533e-01
-1.067993768233701246e+01,-4.272909497462947570e+01,9.513016655905857100e-01
-1.069993768233700848e+01,-4.269109497462935110e+01,9.513016655905857100e-01
-1.071893768233701394e+01,-4.265309497462939703e+01,9.513016655905870422e-01
-1.073793768233697676e+01,-4.261509497462924401e+01,9.513016655905865981e-01
-1.074793768233699609e+01,-4.259609497462918171e+01,9.513016655905870422e-01
-1.076693768233693049e+01,-4.255809497462914237e+01,9.513016655905888186e-01
-1.078593768233690753e+01,-4.252009497462910304e+01,9.513016655905928154e-01
-1.079593768233689843e+01,-4.250109497462918284e+01,9.513016655905928154e-01
-1.081593768233685182e+01,-4.246209497462905347e+01,9.513016655905937036e-01
-1.082593768233684273e+01,-4.244309497462907643e+01,9.513016655905932595e-01
-1.084493768233681976e+01,-4.240509497462903710e+01,9.513016655905905949e-01
-1.085493768233683909e+01,-4.238609497462897480e+01,9.513016655905888186e-01
-1.088293768233684489e+01,-4.232909497462893000e+01,9.513016655905897068e-01
-1.089193768233678838e+01,-4.231109497462890090e+01,9.513016655905879304e-01
-1.090993768233677486e+01,-4.227509497462887111e+01,-3.111453682667757015e+00
-1.091893768233677520e+01,-4.225709497462875675e+01,-3.111453682667752574e+00
-1.093793768233673802e+01,-4.222109497462867012e+01,9.683016655905937187e-01
-1.095693768233672927e+01,-4.218409497462866398e+01,9.683016655905904990e-01
-1.096693768233674859e+01,-4.216509497462865852e+01,9.683016655905900549e-01
-1.098693768233678725e+01,-4.212709497462864761e+01,9.683016655905912762e-01
-1.100693768233678327e+01,-4.208909497462855143e+01,9.683016655905909431e-01
-1.102693768233676508e+01,-4.205109497462854051e+01,9.683016655905912762e-01
-1.103693768233677019e+01,-4.203209497462842137e+01,9.683016655905909431e-01
-1.105693768233675200e+01,-4.199409497462838203e+01,9.683016655905870573e-01
-1.107693768233671960e+01,-4.195709497462834747e+01,9.683016655905891668e-01
-1.108693768233669630e+01,-4.193809497462837044e+01,9.683016655905860581e-01
-1.110693768233664969e+01,-4.190009497462841637e+01,9.683016655905887227e-01
-1.111693768233665480e+01,-4.188109497462843933e+01,9.683016655905896108e-01
-1.113693768233665082e+01,-4.184309497462834315e+01,9.683016655905909431e-01
-1.114693768233665594e+01,-4.182409497462836612e+01,9.683016655905909431e-01
-1.117693768233664287e+01,-4.176709497462837817e+01,9.683016655905909431e-01
-1.118693768233660535e+01,-4.174809497462834429e+01,-3.094453682667757555e+00
-1.119693768233659625e+01,-4.172909497462825357e+01,-3.094453682667760219e+00
-1.121693768233664912e+01,-4.169209497462833269e+01,9.683016655905901660e-01
-1.123693768233667356e+01,-4.165409497462820809e+01,9.683016655905873904e-01
-1.124793768233662661e+01,-4.163509497462806053e+01,9.683016655905870573e-01
-1.127793768233661353e+01,-4.157809497462810100e+01,9.683016655905896108e-01
-1.129793768233660956e+01,-4.154009497462803324e+01,9.683016655905896108e-01
-1.131793768233660558e+01,-4.150209497462799391e+01,9.683016655905887227e-01
-1.133793768233655896e+01,-4.146509497462795935e+01,9.683016655905873904e-01
-1.134793768233654987e+01,-4.144609497462801073e+01,9.683016655905900549e-01
-1.137793768233656522e+01,-4.138909497462799436e+01,9.683016655905891668e-01
-1.138793768233654191e+01,-4.137009497462790364e+01,9.683016655905870573e-01
-1.139793768233653282e+01,-4.135109497462789818e+01,9.683016655905873904e-01
-1.141793768233651463e+01,-4.131309497462788727e+01,9.683016655905865022e-01
-1.142793768233650553e+01,-4.129409497462785339e+01,9.683016655905865022e-01
-1.144793768233651576e+01,-4.125609497462778563e+01,9.683016655905865022e-01
-1.147793768233650269e+01,-4.119909497462776926e+01,9.683016655905838377e-01
-1.148793768233647938e+01,-4.118009497462776380e+01,-3.094453682667761107e+00
-1.150793768233648251e+01,-4.114209497462775289e+01,-3.094453682667754890e+00
-1.151793768233648052e+01,-4.112309497462780428e+01,9.683016655905972714e-01
-1.153793768233643391e+01,-4.108509497462785021e+01,9.683016655905969383e-01
-1.155793768233642993e+01,-4.104709497462775403e+01,9.683016655905962722e-01
-1.156793768233642083e+01,-4.102809497462777699e+01,9.683016655905940517e-01
-1.158793768233645949e+01,-4.099009497462770923e+01,9.683016655905931636e-01
-1.159793768233640776e+01,-4.097109497462767536e+01,9.683016655905931636e-01
-1.161793768233638957e+01,-4.093309497462757918e+01,9.683016655905940517e-01
-1.163793768233637138e+01,-4.089509497462736931e+01,9.683016655905918313e-01
-1.165793768233638161e+01,-4.085709497462735840e+01,9.683016655905922754e-01
-1.167793768233633500e+01,-4.081909497462743275e+01,9.683016655905927195e-01
-1.168793768233634012e+01,-4.080009497462748413e+01,9.683016655905912762e-01
-1.170793768233633614e+01,-4.076209497462738796e+01,9.683016655905904990e-01
-1.171793768233634125e+01,-4.074309497462732566e+01,9.683016655905881676e-01
-1.173793768233632306e+01,-4.070609497462726267e+01,9.683016655905865022e-01
-1.174793768233629976e+01,-4.068709497462717195e+01,9.683016655905847259e-01
-1.177793768233630090e+01,-4.063009497462712716e+01,-3.094453682667764660e+00
-1.178793768233629180e+01,-4.061109497462709328e+01,-3.094453682667763772e+00
-1.180793768233628782e+01,-4.057309497462699710e+01,9.683016655905866132e-01
-1.181793768233630715e+01,-4.055509497462685431e+01,9.683016655905829495e-01
-1.183793768233634580e+01,-4.051809497462676291e+01,9.863016655905827434e-01
-1.185793768233629919e+01,-4.048009497462672357e+01,9.863016655905814112e-01
-1.186793768233630431e+01,-4.046109497462663285e+01,9.863016655905800789e-01
-1.188793768233628612e+01,-4.042409497462651302e+01,9.863016655905793018e-01
-1.189793768233627702e+01,-4.040509497462645072e+01,9.863016655905783026e-01
-1.191793768233627304e+01,-4.036709497462635454e+01,9.863016655905769703e-01
-1.193793768233628327e+01,-4.032909497462637205e+01,9.683016655905737347e-01
-1.195793768233625087e+01,-4.029209497462639433e+01,9.683016655905745118e-01
-1.197793768233623268e+01,-4.025409497462629815e+01,9.683016655905749559e-01
-1.198793768233625201e+01,-4.023509497462617901e+01,9.683016655905740677e-01
-1.200793768233620540e+01,-4.019809497462622971e+01,9.683016655905767323e-01
-1.201793768233621051e+01,-4.017909497462619584e+01,9.683016655905749559e-01
-1.203793768233616390e+01,-4.014109497462621334e+01,-3.076453682667767531e+00
-1.204793768233619744e+01,-4.012209497462615104e+01,-3.094453682667761996e+00
-1.208793768233616106e+01,-4.004709497462596346e+01,9.683016655905937187e-01
-1.209793768233616618e+01,-4.002909497462610489e+01,9.683016655905918313e-01
-1.211793768233616220e+01,-3.999109497462600871e+01,9.683016655905918313e-01
-1.213793768233617243e+01,-3.995309497462591253e+01,9.683016655905927195e-01
-1.215793768233612582e+01,-3.991509497462593004e+01,9.683016655905912762e-01
-1.216793768233610251e+01,-3.989609497462583931e+01,9.683016655905900549e-01
-1.218793768233608432e+01,-3.985809497462568629e+01,9.683016655905896108e-01
-1.219793768233606102e+01,-3.984009497462562877e+01,9.683016655905912762e-01
-1.221793768233600019e+01,-3.980209497462567469e+01,9.683016655905912762e-01
-1.223793768233599621e+01,-3.976409497462566378e+01,9.863016655905898489e-01
-1.224793768233601554e+01,-3.974509497462560148e+01,9.863016655905898489e-01
-1.226793768233602577e+01,-3.970709497462561899e+01,9.863016655905862962e-01
-1.228793768233597916e+01,-3.966909497462549439e+01,9.683016655905856140e-01
-1.230793768233594676e+01,-3.963109497462539821e+01,9.863016655905818553e-01
-1.231793768233592345e+01,-3.961209497462539275e+01,-3.076453682667763978e+00
-1.233793768233589816e+01,-3.957609497462536297e+01,-3.076453682667764866e+00
-1.234793768233593880e+01,-3.955809497462539071e+01,9.863016655905908481e-01
-1.236793768233593482e+01,-3.952009497462520926e+01,9.683016655905927195e-01
-1.237393768233593505e+01,-3.951009497462513309e+01,9.683016655905918313e-01
-1.238193768233594483e+01,-3.949509497462506147e+01,9.683016655905936076e-01
-1.240093768233596450e+01,-3.945909497462506010e+01,9.683016655905909431e-01
-1.241893768233592255e+01,-3.942409497462497825e+01,9.683016655905912762e-01
-1.243793768233588537e+01,-3.938809497462509057e+01,9.683016655905896108e-01
-1.245793768233588139e+01,-3.935209497462494710e+01,9.863016655905920693e-01
-1.246793768233588651e+01,-3.933409497462494642e+01,9.863016655905902930e-01
-1.248793768233586832e+01,-3.929809497462497347e+01,9.863016655905911811e-01
-1.249793768233584501e+01,-3.928009497462500121e+01,9.863016655905911811e-01
-1.251793768233586945e+01,-3.924409497462499985e+01,9.863016655905889607e-01
-1.252793768233583194e+01,-3.922609497462497075e+01,1.003301665590589753e+00
-1.254793768233588480e+01,-3.919109497462497416e+01,1.003301665590589309e+00
-1.255793768233584728e+01,-3.917309497462503032e+01,-3.059453682667757413e+00
-1.257793768233585041e+01,-3.913709497462511422e+01,-3.059453682667756524e+00
-1.260993768233583978e+01,-3.908309497462499849e+01,1.003301665590597525e+00
-1.262093768233583546e+01,-3.906409497462485092e+01,1.003301665590595748e+00
-1.264293768233579840e+01,-3.902809497462476429e+01,1.021301665590595542e+00
-1.265393768233582250e+01,-3.900909497462484410e+01,1.021301665590598429e+00
-1.268693768233580954e+01,-3.895409497462483728e+01,1.021301665590601093e+00
-1.269793768233580522e+01,-3.893509497462471813e+01,1.021301665590601981e+00
-1.270893768233581511e+01,-3.891709497462483114e+01,1.021301665590604646e+00
-1.273093768233576384e+01,-3.888009497462473973e+01,1.021301665590602870e+00
-1.276393768233572246e+01,-3.882609497462473769e+01,1.021301665590599317e+00
-1.277493768233574656e+01,-3.880809497462479385e+01,1.021301665590597096e+00
-1.278593768233575645e+01,-3.879009497462476475e+01,1.021301665590597096e+00
-1.280793768233576202e+01,-3.875309497462473018e+01,1.021301665590593544e+00
-1.281893768233572928e+01,-3.873509497462470108e+01,1.021301665590589991e+00
-1.284093768233570643e+01,-3.869909497462464287e+01,-3.041453682667756730e+00
-1.286293768233565515e+01,-3.866309497462449940e+01,-3.041453682667752290e+00
-1.289593768233559956e+01,-3.860809497462443574e+01,1.021301665590598207e+00
-1.290693768233558103e+01,-3.859009497462437821e+01,1.021301665590596208e+00
-1.292893768233558660e+01,-3.855409497462437685e+01,1.021301665590597541e+00
-1.296193768233563048e+01,-3.849909497462431318e+01,1.021301665590599317e+00
-1.297293768233559774e+01,-3.848109497462425566e+01,1.021301665590599317e+00
-1.299493768233557489e+01,-3.844509497462419745e+01,1.021301665590596208e+00
-1.301693768233553783e+01,-3.840909497462419608e+01,1.021301665590595764e+00
-1.302793768233546245e+01,-3.839109497462411014e+01,1.021301665590593544e+00
-1.304993768233545381e+01,-3.835409497462404715e+01,1.021301665590593100e+00
-1.306093768233542107e+01,-3.833609497462413174e+01,1.021301665590593988e+00
-1.308293768233541243e+01,-3.830009497462404511e+01,1.021301665590591323e+00
-1.311593768233539947e+01,-3.824609497462401464e+01,1.021301665590589103e+00
-1.312693768233539515e+01,-3.822809497462387185e+01,1.021301665590588659e+00
-1.313793768233539083e+01,-3.821009497462378590e+01,-3.041453682667760283e+00
-1.315993768233535377e+01,-3.817309497462369450e+01,-3.041453682667759395e+00
-1.317093768233539208e+01,-3.815509497462369382e+01,1.021301665590587548e+00
-1.319293768233539765e+01,-3.811909497462372087e+01,1.021301665590588215e+00
-1.321493768233543165e+01,-3.808209497462374316e+01,1.021301665590590435e+00
-1.322593768233541311e+01,-3.806409497462360036e+01,1.021301665590588659e+00
-1.324793768233539026e+01,-3.802709497462367949e+01,1.021301665590585994e+00
-1.328093768233534888e+01,-3.797309497462367744e+01,1.021301665590586438e+00
-1.329193768233537298e+01,-3.795509497462361992e+01,1.021301665590585550e+00
-1.330293768233538287e+01,-3.793709497462359082e+01,1.021301665590585106e+00
-1.332493768233540266e+01,-3.790109497462356103e+01,1.021301665590586438e+00
-1.334693768233537980e+01,-3.786509497462347440e+01,1.021301665590583330e+00
-1.335793768233537548e+01,-3.784609497462349736e+01,1.021301665590582886e+00
-1.336893768233532853e+01,-3.782809497462346826e+01,1.021301665590582886e+00
-1.339093768233527726e+01,-3.779209497462332479e+01,1.021301665590580221e+00
-1.340193768233530136e+01,-3.777409497462329568e+01,-3.041453682667763836e+00
-1.342393768233527851e+01,-3.773709497462331797e+01,-3.041453682667754066e+00
-1.345693768233529397e+01,-3.768309497462325908e+01,1.021301665590591101e+00
-1.346793768233528965e+01,-3.766509497462325839e+01,1.021301665590589769e+00
-1.348993768233528101e+01,-3.762809497462328068e+01,1.021301665590588215e+00
-1.350093768233524827e+01,-3.761009497462322315e+01,1.021301665590588659e+00
-1.352293768233525384e+01,-3.757409497462333547e+01,1.021301665590585994e+00
-1.354493768233523099e+01,-3.753809497462339095e+01,1.021301665590588215e+00
-1.355593768233521246e+01,-3.752009497462330501e+01,1.021301665590588659e+00
-1.357793768233524645e+01,-3.748409497462324680e+01,1.021301665590588659e+00
-1.359993768233528044e+01,-3.744709497462315539e+01,1.021301665590587771e+00
-1.362193768233525759e+01,-3.741109497462309719e+01,1.021301665590585550e+00
-1.363293768233525327e+01,-3.739309497462309650e+01,1.021301665590581553e+00
-1.365493768233525884e+01,-3.735709497462303830e+01,1.021301665590581553e+00
-1.367693768233523599e+01,-3.732109497462300851e+01,1.021301665590581109e+00
-1.368793768233521746e+01,-3.730309497462280888e+01,-3.041453682667767389e+00
-1.369893768233523446e+01,-3.728509497462289346e+01,-3.041453682667766500e+00
-1.372093768233521871e+01,-3.724909497462300578e+01,1.021301665590576890e+00
-1.373193768233518597e+01,-3.723109497462306194e+01,1.021301665590575114e+00
-1.378793768233521178e+01,-3.714009497462302534e+01,1.021301665590577556e+00
-1.379893768233523588e+01,-3.712109497462290619e+01,1.021301665590572672e+00
-1.382093768233522724e+01,-3.708509497462293325e+01,1.021301665590570007e+00
-1.383193768233525134e+01,-3.706709497462284730e+01,1.021301665590570007e+00
-1.385393768233522849e+01,-3.703109497462287436e+01,1.021301665590570007e+00
-1.387593768233517721e+01,-3.699409497462289664e+01,1.021301665590570007e+00
-1.388693768233515868e+01,-3.697609497462272543e+01,1.021301665590566454e+00
-1.390893768233516425e+01,-3.694009497462258196e+01,1.021301665590565566e+00
-1.391993768233520257e+01,-3.692209497462255285e+01,1.021301665590565122e+00
-1.394193768233512287e+01,-3.688609497462263676e+01,1.021301665590562902e+00
-1.396393768233508581e+01,-3.685009497462252170e+01,1.021301665590562902e+00
-1.398593768233514822e+01,-3.681309497462254399e+01,-3.041453682667781599e+00
-1.400793768233513958e+01,-3.677709497462248578e+01,-3.041453682667780711e+00
-1.401893768233513526e+01,-3.675909497462248510e+01,1.021301665590562679e+00
-1.404093768233512662e+01,-3.672309497462242689e+01,1.021301665590564456e+00
-1.405193768233509388e+01,-3.670509497462242621e+01,1.021301665590563790e+00
-1.407393768233501419e+01,-3.666909497462239642e+01,1.021301665590560237e+00
-1.408493768233500987e+01,-3.665109497462242416e+01,1.021301665590559349e+00
-1.411793768233502533e+01,-3.659709497462239369e+01,1.021301665590558461e+00
-1.412893768233506364e+01,-3.657809497462241666e+01,1.021301665590552243e+00
-1.415093768233499816e+01,-3.654209497462233003e+01,1.021301665590551355e+00
-1.417293768233498952e+01,-3.650509497462240915e+01,1.021301665590549135e+00
-1.419493768233498088e+01,-3.646909497462246463e+01,1.021301665590546470e+00
-1.420593768233497656e+01,-3.645109497462243553e+01,1.021301665590546470e+00
-1.421693768233497224e+01,-3.643309497462246327e+01,1.021301665590546914e+00
-1.423893768233497781e+01,-3.639709497462249033e+01,1.021301665590546026e+00
-1.424993768233494507e+01,-3.637909497462246122e+01,-3.041453682667795810e+00
-1.427193768233495774e+01,-3.634309497462237459e+01,-3.041453682667793146e+00
-1.429393768233492779e+01,-3.630709497462237323e+01,1.021301665590548469e+00
-1.431593768233489072e+01,-3.627109497462234344e+01,1.021301665590545360e+00
-1.433793768233482524e+01,-3.623509497462228524e+01,1.021301665590546026e+00
-1.434893768233480671e+01,-3.621609497462225136e+01,1.021301665590546470e+00
-1.437093768233482649e+01,-3.618009497462219315e+01,1.021301665590546026e+00
-1.438193768233482217e+01,-3.616209497462213562e+01,1.021301665590543806e+00
-1.440393768233482774e+01,-3.612609497462219110e+01,1.021301665590543362e+00
-1.441493768233482342e+01,-3.610809497462213358e+01,1.021301665590541141e+00
-1.444793768233482467e+01,-3.605409497462207469e+01,1.021301665590537144e+00
-1.445893768233483456e+01,-3.603609497462190348e+01,1.021301665590536256e+00
-1.446993768233477340e+01,-3.601809497462173226e+01,1.021301665590537588e+00
-1.449193768233475055e+01,-3.598109497462181139e+01,1.021301665590537588e+00
-1.451393768233469928e+01,-3.594409497462171998e+01,1.021301665590536256e+00
-1.453593768233467642e+01,-3.590809497462163336e+01,-3.041453682667810021e+00
-1.455793768233468199e+01,-3.587109497462157037e+01,-3.041453682667809133e+00
-1.456893768233472031e+01,-3.585309497462159811e+01,1.021301665590537811e+00
-1.457993768233473020e+01,-3.583509497462165427e+01,1.021301665590536478e+00
-1.460193768233473577e+01,-3.579909497462162449e+01,1.021301665590535368e+00
-1.462393768233469871e+01,-3.576309497462153786e+01,1.021301665590535368e+00
-1.465693768233465732e+01,-3.570809497462153104e+01,1.021301665590534036e+00
-1.467893768233464868e+01,-3.567209497462150125e+01,1.021301665590531371e+00
-1.470093768233465426e+01,-3.563609497462147147e+01,1.021301665590532259e+00
-1.472293768233467404e+01,-3.560009497462135641e+01,1.021301665590530039e+00
-1.477793768233468086e+01,-3.551009497462123932e+01,1.021301665590531815e+00
-1.478893768233463391e+01,-3.549109497462126228e+01,1.021301665590531371e+00
-1.479993768233461537e+01,-3.547309497462134686e+01,1.021301665590532259e+00
-1.482193768233457831e+01,-3.543709497462126023e+01,1.021301665590530483e+00
-1.484393768233458388e+01,-3.540009497462108357e+01,1.021301665590528707e+00
-1.486593768233454682e+01,-3.536409497462108220e+01,-3.041453682667820679e+00
-1.487693768233455671e+01,-3.534609497462102468e+01,-3.041453682667810909e+00
-1.489893768233459070e+01,-3.531009497462096647e+01,1.021301665590530705e+00
-1.490993768233452954e+01,-3.529209497462099421e+01,1.021301665590528707e+00
-1.493193768233454932e+01,-3.525509497462087438e+01,1.021301665590525598e+00
-1.494293768233450237e+01,-3.523709497462081686e+01,1.021301665590527374e+00
-1.496493768233449373e+01,-3.520109497462073023e+01,1.021301665590525154e+00
-1.497593768233448941e+01,-3.518309497462072954e+01,1.021301665590525154e+00
-1.499793768233442393e+01,-3.514709497462061449e+01,1.021301665590525598e+00
-1.501993768233440107e+01,-3.511109497462069839e+01,1.021301665590525598e+00
-1.504093768233433082e+01,-3.507709497462063553e+01,1.021301665590524710e+00
-1.506193768233434582e+01,-3.504209497462062473e+01,1.021301665590526042e+00
-1.507193768233433673e+01,-3.502409497462073773e+01,1.021301665590524710e+00
-1.510493768233435219e+01,-3.497009497462069305e+01,1.021301665590524710e+00
-1.511593768233431945e+01,-3.495209497462066395e+01,1.021301665590523378e+00
-1.512693768233432934e+01,-3.493309497462061586e+01,-3.041453682667827785e+00
-1.513793768233430370e+01,-3.491409497462049671e+01,-3.041453682667821568e+00
-1.515993768233431638e+01,-3.487809497462043851e+01,1.003301665590522695e+00
-1.518193768233432195e+01,-3.484109497462038973e+01,1.003301665590522918e+00
-1.520393768233432752e+01,-3.480509497462034574e+01,1.003301665590522695e+00
-1.521493768233430899e+01,-3.478709497462040190e+01,1.003301665590523140e+00
-1.523593768233430978e+01,-3.475109497462037211e+01,1.021301665590522045e+00
-1.525793768233428693e+01,-3.471509497462031391e+01,1.003301665590525804e+00
-1.526793768233426363e+01,-3.469709497462019954e+01,1.021301665590523378e+00
-1.528893768233427863e+01,-3.466209497462017453e+01,1.021301665590525154e+00
-1.529993768233427431e+01,-3.464409497462023069e+01,1.021301665590519825e+00
-1.532093768233424669e+01,-3.461009497462021045e+01,1.021301665590521157e+00
-1.534193768233416222e+01,-3.457609497462007653e+01,1.021301665590521601e+00
-1.538493768233422543e+01,-3.450709497462007391e+01,1.038301665590520617e+00
-1.539593768233423532e+01,-3.449009497462014906e+01,1.038301665590521949e+00
-1.541793768233414141e+01,-3.445509497462013826e+01,-3.024453682667828325e+00
-1.542893768233411578e+01,-3.443709497462006652e+01,-3.024453682667825660e+00
-1.545093768233412845e+01,-3.440109497461997989e+01,1.038301665590526612e+00
-1.546193768233406729e+01,-3.438409497461999820e+01,1.056301665590525296e+00
-1.548493768233399237e+01,-3.434909497461988792e+01,1.056301665590524852e+00
-1.550793768233394587e+01,-3.431309497461990077e+01,1.056301665590527072e+00
-1.553193768233387573e+01,-3.427709497461985677e+01,1.056301665590527961e+00
-1.555493768233384344e+01,-3.424109497461984120e+01,1.056301665590523520e+00
-1.556693768233382968e+01,-3.422309497461988315e+01,1.056301665590527072e+00
-1.558993768233381161e+01,-3.418809497461991498e+01,1.056301665590527072e+00
-1.560193768233376943e+01,-3.417009497461994272e+01,1.056301665590523964e+00
-1.562493768233376557e+01,-3.413509497461996034e+01,1.056301665590522632e+00
-1.563693768233379444e+01,-3.411709497461987439e+01,1.056301665590523520e+00
-1.566093768233379535e+01,-3.408109497461978776e+01,1.056301665590522187e+00
-1.568493768233379626e+01,-3.404509497461965850e+01,1.056301665590519523e+00
-1.569693768233379672e+01,-3.402709497461960098e+01,-3.006453682667827643e+00
-1.572093768233373368e+01,-3.399209497461953333e+01,-3.006453682667826754e+00
-1.574493768233369906e+01,-3.395609497461940407e+01,1.056301665590523742e+00
-1.576893768233365734e+01,-3.392009497461941692e+01,1.056301665590522409e+00
-1.578093768233364358e+01,-3.390209497461934518e+01,1.056301665590523076e+00
-1.580493768233368712e+01,-3.386609497461941487e+01,1.056301665590520855e+00
-1.581693768233370179e+01,-3.384809497461948524e+01,1.056301665590518191e+00
-1.584093768233371691e+01,-3.381209497461939861e+01,1.056301665590517747e+00
-1.586493768233367518e+01,-3.377609497461929777e+01,1.056301665590517747e+00
-1.587693768233366143e+01,-3.375809497461939657e+01,1.073301665590519427e+00
-1.590093768233363392e+01,-3.372209497461935257e+01,1.073301665590516318e+00
-1.592493768233360640e+01,-3.368609497461933699e+01,1.073301665590517207e+00
-1.594893768233360731e+01,-3.365009497461936405e+01,1.073301665590513210e+00
-1.596093768233359356e+01,-3.363209497461922126e+01,1.073301665590511433e+00
-1.598493768233363710e+01,-3.359609497461923411e+01,-2.989453682667838841e+00
-1.599693768233364466e+01,-3.357809497461926185e+01,-2.989453682667839729e+00
-1.602093768233365267e+01,-3.354309497461922263e+01,1.073301665590508991e+00
-1.604493768233368201e+01,-3.350709497461909336e+01,1.073301665590509657e+00
-1.605693768233368246e+01,-3.348909497461906426e+01,1.073301665590509435e+00
-1.608093768233365495e+01,-3.345309497461906290e+01,1.073301665590505660e+00
-1.609293768233368382e+01,-3.343509497461911906e+01,1.073301665590501663e+00
-1.611693768233371316e+01,-3.339909497461921717e+01,1.073301665590502552e+00
-1.615293768233367189e+01,-3.334509497461911565e+01,1.073301665590501219e+00
-1.616493768233368655e+01,-3.332709497461905812e+01,1.073301665590501663e+00
-1.617693768233371543e+01,-3.330909497461897217e+01,1.073301665590501663e+00
-1.620093768233368792e+01,-3.327309497461889976e+01,1.073301665590501663e+00
-1.622493768233367462e+01,-3.323709497461898366e+01,1.073301665590501219e+00
-1.623693768233366086e+01,-3.321909497461886929e+01,1.073301665590497223e+00
-1.626093768233359071e+01,-3.318309497461882529e+01,-2.989453682667845946e+00
-1.629693768233355655e+01,-3.312909497461882324e+01,-2.989453682667837953e+00
-1.633293768233356502e+01,-3.307509497461875014e+01,1.073301665590505438e+00
-1.634493768233350863e+01,-3.305709497461879209e+01,1.073301665590508103e+00
-1.636893768233355217e+01,-3.302109497461870546e+01,1.073301665590508103e+00
-1.638093768233355263e+01,-3.300309497461874741e+01,1.073301665590508325e+00
-1.640493768233356775e+01,-3.296709497461874605e+01,1.073301665590510101e+00
-1.641693768233358242e+01,-3.295009497461873593e+01,1.073301665590509657e+00
-1.644093768233354069e+01,-3.291509497461859723e+01,1.073301665590509657e+00
-1.645293768233352694e+01,-3.289709497461871024e+01,1.073301665590510989e+00
-1.647693768233349942e+01,-3.286109497461872309e+01,1.073301665590511877e+00
-1.650093768233351454e+01,-3.282509497461873593e+01,1.073301665590513210e+00
-1.653693768233347328e+01,-3.277209497461871024e+01,1.073301665590515430e+00
-1.654893768233345952e+01,-3.275509497461875696e+01,1.073301665590516762e+00
-1.657293768233338938e+01,-3.271909497461868455e+01,-2.989453682667831735e+00
-1.658493768233336851e+01,-3.270109497461865544e+01,-2.989453682667829071e+00
-1.660893768233331969e+01,-3.266609497461871570e+01,1.073301665590519649e+00
-1.662093768233329172e+01,-3.264809497461871501e+01,1.073301665590517207e+00
-1.665693768233330729e+01,-3.259409497461865612e+01,1.073301665590516762e+00
-1.668093768233327978e+01,-3.255909497461856006e+01,1.073301665590514986e+00
-1.671693768233325272e+01,-3.250509497461862907e+01,1.073301665590518095e+00
-1.672893768233322476e+01,-3.248709497461867102e+01,1.073301665590515430e+00
-1.675293768233321146e+01,-3.245109497461866965e+01,1.073301665590513654e+00
-1.676493768233316928e+01,-3.243309497461868318e+01,1.073301665590513654e+00
-1.678893768233318440e+01,-3.239809497461867238e+01,1.073301665590511433e+00
-1.680093768233318485e+01,-3.238009497461857222e+01,1.073301665590507881e+00
-1.682493768233312892e+01,-3.234409497461865612e+01,1.073301665590503440e+00
-1.683693768233312937e+01,-3.232609497461858439e+01,1.073301665590502108e+00
-1.686093768233311607e+01,-3.229009497461865408e+01,-2.989453682667842394e+00
-1.688493768233306014e+01,-3.225409497461868114e+01,-2.989453682667843282e+00
-1.691993768233305673e+01,-3.220109497461864123e+01,1.073301665590505438e+00
-1.693193768233307139e+01,-3.218409497461864532e+01,1.073301665590505438e+00
-1.695593768233310072e+01,-3.214809497461860133e+01,1.073301665590501663e+00
-1.697893768233308265e+01,-3.211309497461859053e+01,1.073301665590499887e+00
-1.698693768233302137e+01,-3.210109497461854744e+01,1.073301665590495890e+00
-1.699193768233305946e+01,-3.209409497461852823e+01,1.056301665590491989e+00
-1.700793768233302217e+01,-3.206909497461856517e+01,1.038301665590491307e+00
-1.701893768233300364e+01,-3.205109497461840817e+01,1.038301665590492195e+00
-1.704093768233296657e+01,-3.201409497461828835e+01,1.038301665590493528e+00
-1.707393768233295361e+01,-3.196009497461834314e+01,1.038301665590493528e+00
-1.708493768233300614e+01,-3.194309497461819092e+01,1.038301665590494416e+00
-1.710793768233300227e+01,-3.190509497461819421e+01,1.021301665590492735e+00
-1.714093768233293247e+01,-3.185109497461823480e+01,1.021301665590493624e+00
-1.715193768233288552e+01,-3.183309497461823412e+01,-3.041453682667852654e+00
-1.717393768233284135e+01,-3.179709497461814749e+01,-3.041453682667848213e+00
-1.719593768233286823e+01,-3.176109497461813191e+01,1.021301665590498731e+00
-1.720693768233289234e+01,-3.174309497461818808e+01,1.021301665590499619e+00
-1.722893768233286949e+01,-3.170709497461821513e+01,1.021301665590498731e+00
-1.726293768233287551e+01,-3.165209497461822252e+01,1.021301665590497176e+00
-1.727393768233287119e+01,-3.163409497461823605e+01,1.021301665590499397e+00
-1.729593768233289097e+01,-3.159709497461824412e+01,1.021301665590498953e+00
-1.730693768233291507e+01,-3.157909497461815818e+01,1.021301665590496732e+00
-1.732893768233289222e+01,-3.154309497461818523e+01,1.021301665590496732e+00
-1.735093768233286937e+01,-3.150609497461812225e+01,1.021301665590496288e+00
-1.736193768233289347e+01,-3.148809497461807894e+01,1.021301665590494512e+00
-1.738393768233285641e+01,-3.145209497461804915e+01,1.021301665590490515e+00
-1.739493768233293736e+01,-3.143409497461796320e+01,1.021301665590489183e+00
-1.742793768233291019e+01,-3.137909497461789954e+01,1.021301665590490515e+00
-1.743893768233289165e+01,-3.136109497461789886e+01,-3.041453682667856206e+00
-1.746093768233281907e+01,-3.132409497461779324e+01,-3.041453682667855318e+00
-1.747293768233282663e+01,-3.130509497461767410e+01,1.021301665590484520e+00
-1.749493768233280377e+01,-3.126809497461766796e+01,1.021301665590481633e+00
-1.751693768233275250e+01,-3.123209497461772344e+01,1.021301665590480301e+00
-1.752793768233270555e+01,-3.121409497461773697e+01,1.021301665590479857e+00
-1.754993768233271112e+01,-3.117809497461767876e+01,1.021301665590476304e+00
-1.756093768233266417e+01,-3.116009497461759281e+01,1.021301665590476304e+00
-1.759393768233269384e+01,-3.110609497461760498e+01,1.021301665590474972e+00
-1.760493768233274636e+01,-3.108809497461761850e+01,1.021301665590472307e+00
-1.762693768233278035e+01,-3.105109497461758394e+01,1.021301665590470975e+00
-1.763793768233276182e+01,-3.103309497461751221e+01,1.021301665590470531e+00
-1.765993768233275318e+01,-3.099709497461752505e+01,1.021301665590468755e+00
-1.767093768233274886e+01,-3.097809497461756223e+01,1.021301665590469199e+00
-1.770393768233272169e+01,-3.092309497461762646e+01,1.021301665590466534e+00
-1.772593768233265621e+01,-3.088709497461762510e+01,-3.041453682667877523e+00
-1.774793768233271862e+01,-3.085009497461746264e+01,-3.041453682667869529e+00
-2.989476013285342404e+01,-3.079608922128152315e+01,1.021177604699976538e+00
-2.990576013285345880e+01,-3.077808922128146207e+01,1.021177604699974539e+00
-2.992776013285339332e+01,-3.074108922128138488e+01,1.021177604699972985e+00
-2.993876013285333215e+01,-3.072308922128136999e+01,1.021177604699969876e+00
-2.996076013285326667e+01,-3.068708922128131178e+01,1.021177604699966324e+00
-2.997176013285320550e+01,-3.067008922128130166e+01,1.021177604699964103e+00
-2.999376013285314002e+01,-3.063508922128121981e+01,1.038177604699967560e+00
-3.000476013285327781e+01,-3.061808922128123811e+01,1.038177604699967116e+00
-3.002676013285318390e+01,-3.058308922128125573e+01,1.038177604699965340e+00
-3.005976013285314252e+01,-3.053208922128123959e+01,1.038177604699965340e+00
-3.007076013285319505e+01,-3.051508922128128631e+01,1.038177604699964007e+00
-3.009276013285321483e+01,-3.047908922128124232e+01,1.056177604699962469e+00
-3.010376013285323893e+01,-3.046208922128117536e+01,1.056177604699960693e+00
-3.012676013285314980e+01,-3.042608922128113136e+01,-3.006577743558383808e+00
-3.013876013285296551e+01,-3.040808922128101699e+01,-3.006577743558381144e+00
-3.016176013285303270e+01,-3.037208922128095878e+01,1.056177604699964023e+00
-3.017376013285294789e+01,-3.035408922128101494e+01,1.056177604699964023e+00
-3.019676013285288718e+01,-3.031808922128095674e+01,1.056177604699963135e+00
-3.021976013285291174e+01,-3.028308922128093172e+01,1.056177604699964245e+00
-3.024376013285285580e+01,-3.024708922128080246e+01,1.056177604699962469e+00
-3.025576013285282784e+01,-3.022908922128083020e+01,1.056177604699963357e+00
-3.027976013285280033e+01,-3.019408922128080519e+01,1.056177604699963801e+00
-3.030276013285285330e+01,-3.015808922128067593e+01,1.056177604699962913e+00
-3.031476013285291060e+01,-3.014008922128070367e+01,1.056177604699961581e+00
-3.033776013285293516e+01,-3.010508922128070708e+01,1.056177604699958472e+00
-3.034976013285290719e+01,-3.008708922128069219e+01,1.056177604699958916e+00
-3.037376013285287968e+01,-3.005108922128069082e+01,1.056177604699962469e+00
-3.039776013285282374e+01,-3.001508922128063261e+01,1.056177604699961581e+00
-3.042176013285273939e+01,-2.997908922128064546e+01,-3.006577743558387361e+00
-3.043376013285264037e+01,-2.996108922128061636e+01,-3.006577743558384697e+00
-3.045776013285274075e+01,-2.992608922128069082e+01,1.056177604699967576e+00
-3.048076013285270847e+01,-2.989108922128058055e+01,1.056177604699968686e+00
-3.049276013285259523e+01,-2.987308922128055144e+01,1.056177604699967798e+00
-3.051676013285268141e+01,-2.983708922128050745e+01,1.056177604699966910e+00
-3.052876013285259660e+01,-2.981908922128049255e+01,1.056177604699969574e+00
-3.055276013285256909e+01,-2.978308922128046277e+01,1.056177604699968242e+00
-3.057676013285259842e+01,-2.974708922128046140e+01,1.056177604699968242e+00
-3.060076013285257091e+01,-2.971108922128048846e+01,1.056177604699966466e+00
-3.062476013285262866e+01,-2.967608922128052029e+01,1.056177604699965578e+00
-3.067276013285268732e+01,-2.960408922128048914e+01,1.056177604699965578e+00
-3.068476013285277304e+01,-2.958608922128046004e+01,1.056177604699966022e+00
-3.069676013285280192e+01,-2.956808922128043093e+01,1.056177604699964245e+00
-3.070876013285274553e+01,-2.955008922128044446e+01,1.056177604699963801e+00
-3.073276013285266117e+01,-2.951508922128046208e+01,-3.006577743558380256e+00
-3.075676013285267629e+01,-2.947908922128050335e+01,-3.006577743558370486e+00
-3.079276013285269187e+01,-2.942508922128051552e+01,1.056177604699974681e+00
-3.080476013285266390e+01,-2.940708922128044378e+01,1.056177604699972683e+00
-3.082876013285257955e+01,-2.937108922128042821e+01,1.073177604699970145e+00
-3.084076013285263684e+01,-2.935308922128054121e+01,1.073177604699969034e+00
-3.086476013285263775e+01,-2.931808922128044514e+01,1.073177604699969923e+00
-3.087676013285263821e+01,-2.930108922128040660e+01,1.073177604699969478e+00
-3.090076013285258227e+01,-2.926508922128029155e+01,1.073177604699966814e+00
-3.091276013285263957e+01,-2.924708922128016297e+01,1.073177604699967258e+00
-3.093676013285264048e+01,-2.921108922128014740e+01,1.073177604699964149e+00
-3.096076013285255613e+01,-2.917508922128006077e+01,1.073177604699962373e+00
-3.098476013285241493e+01,-2.913908922128003098e+01,1.073177604699962817e+00
-3.099676013285238696e+01,-2.912108922128004451e+01,1.073177604699962817e+00
-3.102076013285235945e+01,-2.908508922127997209e+01,-2.989577743558380796e+00
-3.103176013285241197e+01,-2.906808922127990513e+01,-2.989577743558372802e+00
-3.105576013285238446e+01,-2.903208922127988956e+01,1.073177604699970589e+00
-3.107976013285235695e+01,-2.899608922127985977e+01,1.073177604699971255e+00
-3.110376013285238628e+01,-2.896108922127987739e+01,1.056177604699973127e+00
-3.111576013285238673e+01,-2.894308922127991934e+01,1.056177604699971795e+00
-3.112776013285247245e+01,-2.892508922127986182e+01,1.056177604699972683e+00
-3.115176013285241652e+01,-2.888908922127990309e+01,1.056177604699972683e+00
-3.118776013285238946e+01,-2.883508922127984420e+01,1.073177604699975252e+00
-3.119976013285230465e+01,-2.881708922127974404e+01,1.073177604699972143e+00
-3.121176013285219142e+01,-2.879908922127974336e+01,1.073177604699973031e+00
-3.123576013285216391e+01,-2.876308922127967094e+01,1.073177604699969923e+00
-3.124776013285213594e+01,-2.874508922127968447e+01,1.073177604699969923e+00
-3.129576013285219460e+01,-2.867408922127970072e+01,1.056177604699967354e+00
-3.130776013285222348e+01,-2.865608922127972846e+01,1.056177604699967354e+00
-3.133176013285222439e+01,-2.862008922127961341e+01,-3.006577743558380256e+00
-3.134376013285213958e+01,-2.860208922127955589e+01,-2.989577743558371026e+00
-3.137976013285211252e+01,-2.854808922127944015e+01,1.056177604699971129e+00
-3.139176013285208455e+01,-2.853008922127933999e+01,1.073177604699971033e+00
-3.141576013285208546e+01,-2.849408922127939547e+01,1.073177604699969256e+00
-3.143976013285197268e+01,-2.845908922127935625e+01,1.073177604699969034e+00
-3.145176013285194472e+01,-2.844108922127942662e+01,1.073177604699967702e+00
-3.146376013285200202e+01,-2.842308922127946857e+01,1.073177604699968146e+00
-3.148776013285205977e+01,-2.838808922127954304e+01,1.073177604699965038e+00
-3.151176013285200384e+01,-2.835308922127954645e+01,1.073177604699959709e+00
-3.152376013285183376e+01,-2.833508922127951735e+01,1.073177604699961929e+00
-3.154676013285185832e+01,-2.830108922127949711e+01,1.073177604699963261e+00
-3.156676013285186855e+01,-2.827208922127941548e+01,1.038177604699960010e+00
-3.157676013285183103e+01,-2.825708922127945755e+01,1.038177604699957790e+00
-3.159876013285176555e+01,-2.822108922127945618e+01,1.038177604699956902e+00
-3.162076013285181375e+01,-2.818508922127952587e+01,-3.024577743558391596e+00
-3.164276013285187616e+01,-2.814908922127955293e+01,-3.041577743558383062e+00
-3.166476013285188174e+01,-2.811408922127944265e+01,1.021177604699970987e+00
-3.167576013285184899e+01,-2.809608922127942776e+01,1.021177604699970987e+00
-3.169776013285189720e+01,-2.805908922127937899e+01,1.021177604699968100e+00
-3.173076013285185581e+01,-2.800408922127931532e+01,1.021177604699964547e+00
-3.174276013285188469e+01,-2.798508922127925302e+01,1.021177604699963659e+00
-3.176476013285184763e+01,-2.794908922127920903e+01,1.021177604699962327e+00
-3.178676013285186741e+01,-2.791208922127917447e+01,1.021177604699964103e+00
-3.179776013285189151e+01,-2.789408922127917378e+01,1.021177604699961883e+00
-3.180876013285180193e+01,-2.787608922127918731e+01,1.021177604699960551e+00
-3.183076013285185013e+01,-2.784008922127917174e+01,1.021177604699957886e+00
-3.184176013285181739e+01,-2.782208922127918527e+01,1.021177604699954777e+00
-3.186376013285183717e+01,-2.778608922127919811e+01,1.021177604699952557e+00
-3.188576013285197064e+01,-2.775008922127915412e+01,1.021177604699950336e+00
-3.190576013285195245e+01,-2.771608922127923336e+01,-3.041577743558394609e+00
-3.191576013285191493e+01,-2.769908922127922324e+01,-3.041577743558391944e+00
-3.194676013285194927e+01,-2.764608922127921176e+01,1.003177604699948988e+00
-3.195676013285194017e+01,-2.762808922127915423e+01,1.003177604699944991e+00
-3.196676013285198792e+01,-2.761108922127915832e+01,1.003177604699946546e+00
-3.198676013285208342e+01,-2.757508922127910012e+01,1.003177604699946990e+00
-3.199676013285204590e+01,-2.755708922127898575e+01,9.861776046999448653e-01
-3.201676013285197087e+01,-2.752108922127895596e+01,9.861776046999422007e-01
-3.204676013285200042e+01,-2.746708922127895391e+01,9.861776046999386480e-01
-3.205676013285199133e+01,-2.745008922127888695e+01,9.681776046999361895e-01
-3.207576013285199679e+01,-2.741408922127891401e+01,9.681776046999388541e-01
-3.208476013285203976e+01,-2.739608922127885648e+01,9.681776046999375218e-01
-3.210376013285201680e+01,-2.736008922127892617e+01,9.681776046999384100e-01
-3.211276013285203135e+01,-2.734208922127893970e+01,9.511776046999353973e-01
-3.213276013285204158e+01,-2.730408922127892879e+01,9.511776046999358414e-01
-3.214276013285191880e+01,-2.728508922127886649e+01,9.511776046999349532e-01
-3.216076013285183421e+01,-2.724908922127885091e+01,9.511776046999340650e-01
-3.219676013285186400e+01,-2.717708922127883397e+01,-3.094577743558409644e+00
-3.221676013285174633e+01,-2.714108922127874735e+01,-3.094577743558415861e+00
-3.223676013285171393e+01,-2.710408922127859910e+01,9.861776046999317646e-01
-3.224676013285170484e+01,-2.708608922127856999e+01,9.861776046999288781e-01
-3.226676013285162981e+01,-2.705108922127854498e+01,1.003177604699930558e+00
-3.227776013285162549e+01,-2.703308922127857272e+01,1.021177604699926800e+00
-3.229876013285158365e+01,-2.699908922127853828e+01,1.038177604699927592e+00
-3.230976013285143722e+01,-2.698208922127852816e+01,1.056177604699927830e+00
-3.234476013285146223e+01,-2.693108922127851201e+01,1.091177604699929304e+00
-3.235676013285134900e+01,-2.691408922127853032e+01,1.108177604699928764e+00
-3.238076013285134991e+01,-2.688208922127849121e+01,1.108177604699926100e+00
-3.239276013285132194e+01,-2.686608922127845744e+01,1.108177604699925656e+00
-3.241676013285132285e+01,-2.683408922127846097e+01,1.126177604699925006e+00
-3.244176013285141380e+01,-2.680208922127842186e+01,-2.936577743558419051e+00
-3.245376013285145689e+01,-2.678608922127841652e+01,-2.936577743558418163e+00
-3.247876013285153363e+01,-2.675408922127842004e+01,1.143177604699928240e+00
-3.249176013285145359e+01,-2.673808922127841470e+01,1.143177604699925576e+00
-3.254176013285137969e+01,-2.667508922127838389e+01,1.160177604699924370e+00
-3.256776013285139015e+01,-2.664408922127837798e+01,1.160177604699923704e+00
-3.259376013285142903e+01,-2.661208922127835308e+01,1.160177604699925480e+00
-3.260676013285146269e+01,-2.659608922127836195e+01,1.178177604699924608e+00
-3.263276013285155841e+01,-2.656508922127838446e+01,1.178177604699921499e+00
-3.265876013285136992e+01,-2.653308922127845904e+01,1.178177604699924608e+00
-3.267176013285134673e+01,-2.651708922127846790e+01,1.178177604699923720e+00
-3.269876013285130512e+01,-2.648508922127842879e+01,1.178177604699925496e+00
-3.272576013285126351e+01,-2.645308922127837548e+01,-2.884577743558419449e+00
-3.273876013285132558e+01,-2.643708922127828487e+01,-2.884577743558420337e+00
-3.276576013285122713e+01,-2.640508922127823155e+01,1.195177604699934948e+00
-3.279276013285121394e+01,-2.637308922127820665e+01,1.195177604699932061e+00
-3.280676013285119552e+01,-2.635708922127820131e+01,1.195177604699931395e+00
-3.283376013285115391e+01,-2.632508922127814799e+01,1.195177604699926954e+00
-3.286076013285111230e+01,-2.629308922127817993e+01,1.195177604699922957e+00
-3.287476013285106546e+01,-2.627708922127817459e+01,1.195177604699923402e+00
-3.288876013285107547e+01,-2.626108922127816925e+01,1.195177604699919183e+00
-3.291676013285101021e+01,-2.622908922127808751e+01,1.195177604699915630e+00
-3.294476013285108706e+01,-2.619708922127813366e+01,1.195177604699915630e+00
-3.297176013285115914e+01,-2.616608922127814196e+01,1.195177604699912521e+00
-3.299976013285109389e+01,-2.613408922127811707e+01,-2.867577743558437753e+00
-3.302576013285110434e+01,-2.610408922127800224e+01,-2.867577743558435088e+00
-3.303876013285110957e+01,-2.608908922127797325e+01,1.195177604699906526e+00
-3.306476013285106319e+01,-2.605908922127790106e+01,1.178177604699901071e+00
-3.309076013285107365e+01,-2.602808922127782409e+01,1.178177604699901293e+00
-3.310376013285116414e+01,-2.601308922127785195e+01,1.178177604699898184e+00
-3.312976013285106092e+01,-2.598308922127786502e+01,1.178177604699896186e+00
-3.314276013285109457e+01,-2.596808922127780761e+01,1.178177604699894854e+00
-3.316876013285101976e+01,-2.593708922127775907e+01,1.160177604699889287e+00
-3.319476013285097338e+01,-2.590608922127768210e+01,1.160177604699889287e+00
-3.322076013285098384e+01,-2.587508922127761934e+01,1.160177604699888843e+00
-3.323376013285104591e+01,-2.585908922127757137e+01,1.160177604699886622e+00
-3.325976013285088584e+01,-2.582708922127767437e+01,1.143177604699883165e+00
-3.328576013285075419e+01,-2.579508922127773474e+01,-2.919577743558465777e+00
-3.329876013285080205e+01,-2.577908922127770097e+01,-2.919577743558463112e+00
-3.332376013285073668e+01,-2.574708922127770450e+01,1.126177604699889701e+00
-3.333576013285062345e+01,-2.573108922127768494e+01,1.126177604699890589e+00
-3.335976013285070962e+01,-2.569908922127768847e+01,1.126177604699888146e+00
-3.338476013285077215e+01,-2.566608922127768722e+01,1.126177604699887036e+00
-3.341076013285072577e+01,-2.563208922127772382e+01,1.108177604699886132e+00
-3.343676013285062254e+01,-2.559808922127767516e+01,1.108177604699886132e+00
-3.344876013285070826e+01,-2.558108922127757978e+01,1.108177604699886132e+00
-3.346176013285074191e+01,-2.556408922127764072e+01,1.108177604699885244e+00
-3.348776013285058184e+01,-2.553008922127763469e+01,1.108177604699885244e+00
-3.351276013285047384e+01,-2.549608922127754340e+01,1.108177604699884355e+00
-3.352576013285056433e+01,-2.547808922127750009e+01,1.108177604699883023e+00
-3.355076013285042791e+01,-2.544408922127749406e+01,-2.954577743558462366e+00
-3.358876013285050988e+01,-2.539308922127747792e+01,-2.954577743558457925e+00
-3.361376013285047293e+01,-2.535908922127735821e+01,1.108177604699889018e+00
-3.363976013285036970e+01,-2.532508922127736639e+01,1.108177604699887908e+00
-3.366476013285023328e+01,-2.529008922127735559e+01,1.108177604699890573e+00
-3.367776013285023851e+01,-2.527308922127743074e+01,1.108177604699887908e+00
-3.370276013285015893e+01,-2.523808922127744836e+01,1.108177604699887908e+00
-3.371576013285002205e+01,-2.522108922127732455e+01,1.108177604699889685e+00
-3.373976013285002296e+01,-2.518708922127731853e+01,1.108177604699888352e+00
-3.376576013285006184e+01,-2.515308922127732671e+01,1.108177604699888796e+00
-3.377776013285011913e+01,-2.513608922127733081e+01,1.108177604699888352e+00
-3.380376013285007275e+01,-2.510108922127729159e+01,1.108177604699888352e+00
-3.382876013285007843e+01,-2.506708922127729977e+01,1.108177604699887464e+00
-3.385376013285014096e+01,-2.503208922127724634e+01,-2.954577743558462366e+00
-3.386676013285021725e+01,-2.501508922127723622e+01,-2.954577743558456149e+00
-3.389176013285012345e+01,-2.498108922127724441e+01,1.108177604699903229e+00
-3.390376013285012391e+01,-2.496408922127716323e+01,1.108177604699897456e+00
-3.392876013285001591e+01,-2.493008922127719984e+01,1.108177604699897456e+00
-3.394176013285010640e+01,-2.491208922127717074e+01,1.108177604699894125e+00
-3.396676013284999840e+01,-2.487708922127715994e+01,1.091177604699893333e+00
-3.399076013284999931e+01,-2.484408922127718711e+01,1.108177604699891461e+00
-3.401076013284998112e+01,-2.481608922127725236e+01,1.073177604699889987e+00
-3.402076013284997202e+01,-2.480208922127727078e+01,1.073177604699890431e+00
-3.403276013284994406e+01,-2.478408922127717062e+01,1.056177604699890527e+00
-3.405676013284994497e+01,-2.474908922127715982e+01,1.056177604699893635e+00
-3.406776013284979854e+01,-2.473108922127721598e+01,1.056177604699892747e+00
-3.409176013284974260e+01,-2.469508922127712935e+01,1.056177604699892303e+00
-3.410376013284979990e+01,-2.467708922127705762e+01,1.056177604699890082e+00
-3.412776013284977239e+01,-2.464108922127711310e+01,-3.006577743558454863e+00
-3.413976013284974442e+01,-2.462308922127709820e+01,-3.006577743558448645e+00
-3.416376013284971691e+01,-2.458708922127701157e+01,1.056177604699896522e+00
-3.419876013284962823e+01,-2.453308922127693847e+01,1.056177604699891415e+00
-3.421076013284962869e+01,-2.451508922127690937e+01,1.056177604699886974e+00
-3.423476013284954433e+01,-2.447908922127693643e+01,1.056177604699886530e+00
-3.424576013284951159e+01,-2.446108922127693575e+01,1.056177604699883865e+00
-3.426976013284948408e+01,-2.442508922127689175e+01,1.056177604699885197e+00
-3.428176013284945611e+01,-2.440708922127686265e+01,1.056177604699884309e+00
-3.430576013284931491e+01,-2.437108922127683286e+01,1.056177604699885197e+00
-3.431776013284931537e+01,-2.435308922127683218e+01,1.056177604699883865e+00
-3.434176013284934470e+01,-2.431708922127678818e+01,1.056177604699884309e+00
-3.436476013284931241e+01,-2.428108922127674418e+01,1.056177604699879868e+00
-3.438876013284934174e+01,-2.424508922127672861e+01,1.056177604699876760e+00
-3.442376013284928149e+01,-2.419208922127671713e+01,1.056177604699877648e+00
-3.444776013284936766e+01,-2.415608922127670155e+01,-3.006577743558472626e+00
-3.447076013284943485e+01,-2.412008922127671440e+01,-3.006577743558469962e+00
-3.448276013284939268e+01,-2.410208922127664266e+01,1.056177604699875205e+00
-3.450676013284933674e+01,-2.406608922127659866e+01,1.056177604699874317e+00
-3.451876013284939404e+01,-2.404808922127651272e+01,1.056177604699876538e+00
-3.454176013284930491e+01,-2.401208922127642609e+01,1.056177604699874095e+00
-3.456376013284935311e+01,-2.397808922127643427e+01,1.056177604699871875e+00
-3.458576013284923079e+01,-2.394408922127639983e+01,1.056177604699870987e+00
-3.459676013284905594e+01,-2.392708922127636129e+01,1.038177604699872525e+00
-3.461876013284899045e+01,-2.389308922127629842e+01,1.038177604699868972e+00
-3.464076013284892497e+01,-2.385908922127626397e+01,1.038177604699865419e+00
-3.465176013284897749e+01,-2.384208922127628227e+01,1.038177604699864975e+00
-3.466276013284894475e+01,-2.382408922127629580e+01,1.038177604699864975e+00
-3.468476013284890769e+01,-2.378908922127631342e+01,1.021177604699861519e+00
-3.470676013284889905e+01,-2.375408922127630262e+01,1.021177604699860630e+00
-3.472776013284882879e+01,-2.372008922127628239e+01,-3.041577743558483427e+00
-3.474776013284885323e+01,-2.368608922127626215e+01,-3.024577743558483078e+00
-3.475876013284883470e+01,-2.366908922127628045e+01,1.038177604699867418e+00
-3.478076013284871237e+01,-2.363308922127625067e+01,1.038177604699866530e+00
-3.480276013284864689e+01,-2.359908922127625885e+01,1.056177604699864991e+00
-3.481376013284847204e+01,-2.358208922127620610e+01,1.056177604699866102e+00
-3.483576013284846340e+01,-2.354808922127618587e+01,1.056177604699863437e+00
-3.484676013284848750e+01,-2.353108922127610469e+01,1.056177604699864325e+00
-3.486876013284839360e+01,-2.349708922127612709e+01,1.056177604699863881e+00
-3.489076013284832811e+01,-2.346408922127604058e+01,1.056177604699863881e+00
-3.491276013284817736e+01,-2.343008922127607718e+01,1.056177604699861217e+00
-3.492376013284817304e+01,-2.341308922127599601e+01,1.056177604699859440e+00
-3.494576013284813598e+01,-2.337908922127604683e+01,1.038177604699855205e+00
-3.497776013284814667e+01,-2.332808922127603068e+01,1.038177604699851209e+00
-3.499976013284805276e+01,-2.329408922127593939e+01,1.021177604699849972e+00
-3.500976013284795840e+01,-2.327608922127592450e+01,-3.041577743558494085e+00
-3.502976013284792600e+01,-2.324108922127592791e+01,-3.059577743558499208e+00
-3.504976013284789360e+01,-2.320508922127601181e+01,9.861776046998463885e-01
-3.506876013284787064e+01,-2.316908922127605308e+01,9.511776046998456913e-01
-3.507776013284788519e+01,-2.315108922127613766e+01,9.511776046998430267e-01
-3.509576013284782903e+01,-2.311508922127606525e+01,9.341776046998435667e-01
-3.511276013284771125e+01,-2.307808922127601647e+01,9.161776046998455492e-01
-3.512076013284769260e+01,-2.306008922127604421e+01,8.991776046998434246e-01
-3.513676013284774058e+01,-2.302308922127596702e+01,8.811776046998449630e-01
-3.514376013284777400e+01,-2.300408922127590472e+01,8.641776046998468352e-01
-3.515776013284786927e+01,-2.296708922127588437e+01,8.461776046998455980e-01
-3.516376013284786950e+01,-2.295008922127587425e+01,8.111776046998455669e-01
-3.517176013284785085e+01,-2.292408922127583537e+01,7.591776046998450767e-01
-3.518276013284767600e+01,-2.288508922127572021e+01,7.421776046998447285e-01
-3.518776013284755777e+01,-2.286608922127571475e+01,7.241776046998440464e-01
-3.519576013284756755e+01,-2.282608922127568007e+01,6.891776046998439043e-01
-3.520376013284746364e+01,-2.278608922127563119e+01,6.721776046998444443e-01
-3.520776013284748274e+01,-2.276608922127563517e+01,6.541776046998455385e-01
-3.521476013284731721e+01,-2.272608922127561470e+01,6.371776046998434140e-01
-3.521776013284716100e+01,-2.270608922127557605e+01,6.191776046998409555e-01
-3.522376013284713281e+01,-2.266608922127554138e+01,6.021776046998406073e-01
-3.522776013284709506e+01,-2.262608922127552091e+01,5.671776046998386889e-01
-3.523076013284705255e+01,-2.258608922127541518e+01,5.321776046998367704e-01
-3.523176013284702890e+01,-2.256608922127537653e+01,5.151776046998364222e-01
-3.523276013284686314e+01,-2.252608922127537028e+01,4.971776046998375165e-01
-3.523276013284674946e+01,-2.248608922127534981e+01,4.801776046998398328e-01
-3.523276013284669261e+01,-2.246608922127531116e+01,4.621776046998418153e-01
-3.523176013284677310e+01,-2.240608922127535152e+01,4.271776046998407850e-01
-3.522976013284679198e+01,-2.236608922127528842e+01,4.101776046998413805e-01
-3.522676013284677765e+01,-2.232608922127525375e+01,3.931776046998436414e-01
-3.522476013284673968e+01,-2.230608922127521510e+01,3.751776046998447356e-01
-3.521776013284673468e+01,-2.224608922127519861e+01,3.581776046998452756e-01
-3.521576013284666828e+01,-2.222608922127511732e+01,3.401776046998481462e-01
-3.520976013284666806e+01,-2.218608922127506844e+01,3.231776046998486862e-01
-3.520576013284659211e+01,-2.216608922127507242e+01,2.525607563621091067e+00
-3.519876013284653027e+01,-2.212608922127506617e+01,2.525607563621084850e+00
-3.519576013284648752e+01,-2.210608922127507014e+01,2.525607563621082186e+00
-3.518376013284640180e+01,-2.204608922127499682e+01,2.508607563621078285e+00
-3.517976013284632586e+01,-2.202608922127500080e+01,-1.554147784637272212e+00
-3.517176013284623082e+01,-2.198608922127506560e+01,2.490607563621074938e+00
-3.516276013284627311e+01,-2.194608922127497408e+01,2.490607563621068721e+00
-3.515876013284619717e+01,-2.192508922127491644e+01,-1.572147784637279999e+00
-3.514976013284612577e+01,-2.188408922127491962e+01,2.490607563621067833e+00
-3.514476013284607347e+01,-2.186408922127488097e+01,2.490607563621062504e+00
-3.513676013284600685e+01,-2.182408922127493156e+01,-1.572147784637290657e+00
-3.513276013284601618e+01,-2.180408922127490712e+01,2.490607563621053622e+00
-3.512476013284603482e+01,-2.176408922127488665e+01,2.490607563621052734e+00
-3.511576013284604869e+01,-2.172408922127486619e+01,-1.589147784637297223e+00
-3.511176013284588748e+01,-2.170408922127488438e+01,2.473607563621047056e+00
-3.510176013284578289e+01,-2.166408922127480707e+01,2.455607563621045486e+00
-3.509076013284567352e+01,-2.162508922127486244e+01,-1.641147784637303930e+00
-3.507876013284561623e+01,-2.158608922127481833e+01,2.386607563621040207e+00
-3.506476013284571991e+01,-2.154708922127483106e+01,2.351607563621038288e+00
-3.505776013284568648e+01,-2.152808922127481139e+01,2.333607563621032277e+00
-3.504276013284567171e+01,-2.149008922127484311e+01,2.298607563621034799e+00
-3.502676013284553846e+01,-2.145208922127483220e+01,-1.799147784637322944e+00
-3.501776013284543865e+01,-2.143408922127477467e+01,2.246607563621025427e+00
-3.499976013284538112e+01,-2.139808922127478752e+01,2.211607563621024397e+00
-3.498976013284536180e+01,-2.138008922127478684e+01,2.211607563621016403e+00
-3.497076013284532792e+01,-2.134408922127475705e+01,2.176607563621018038e+00
-3.495076013284523242e+01,-2.130908922127474625e+01,2.159607563621015025e+00
-3.492976013284507530e+01,-2.127508922127474023e+01,2.141607563621014343e+00
-3.491876013284493752e+01,-2.125808922127468747e+01,2.124607563621011330e+00
-3.490776013284494184e+01,-2.124108922127463472e+01,-1.938147784637329396e+00
-3.488576013284486521e+01,-2.120708922127464291e+01,2.106607563621010648e+00
-3.486276013284492592e+01,-2.117308922127460846e+01,2.106607563621016865e+00
-3.483976013284484452e+01,-2.113908922127454559e+01,2.089607563621017405e+00
-3.482776013284490091e+01,-2.112208922127447863e+01,-1.973147784637336644e+00
-3.480276013284480996e+01,-2.108708922127449625e+01,2.089607563621014741e+00
-3.477876013284475221e+01,-2.105308922127446181e+01,2.089607563621012076e+00
-3.475376013284471810e+01,-2.101708922127443202e+01,2.089607563621006747e+00
-3.474176013284474607e+01,-2.100008922127435085e+01,2.089607563621004083e+00
-3.471776013284471674e+01,-2.096708922127437802e+01,-1.973147784637336644e+00
-3.469476013284460691e+01,-2.093408922127437677e+01,2.089607563621011188e+00
-3.465876013284460555e+01,-2.088308922127438905e+01,2.106607563621003543e+00
-3.464776013284460987e+01,-2.086608922127439314e+01,-1.938147784637350712e+00
-3.462676013284465171e+01,-2.083308922127433505e+01,2.141607563621003685e+00
-3.461576013284459918e+01,-2.081608922127421124e+01,2.159607563621003479e+00
-3.460276013284453711e+01,-2.079308922127414405e+01,2.176607563621001162e+00
-3.459276013284463147e+01,-2.077608922127416236e+01,-1.868147784637336217e+00
-3.457476013284465921e+01,-2.074108922127417998e+01,2.211607563621011074e+00
-3.456576013284470150e+01,-2.072308922127407982e+01,2.229607563621009980e+00
-3.454876013284464875e+01,-2.068708922127399319e+01,2.263607563621011565e+00
-3.453276013284474288e+01,-2.065008922127393021e+01,2.298607563621011707e+00
-3.452476013284476153e+01,-2.063108922127389633e+01,-1.746147784637336331e+00
-3.451076013284475152e+01,-2.059308922127384278e+01,2.351607563621015196e+00
-3.449676013284482679e+01,-2.055408922127382709e+01,2.386607563621009120e+00
-3.448476013284474107e+01,-2.051508922127382561e+01,2.403607563621008580e+00
-3.447876013284476926e+01,-2.049508922127384380e+01,-1.641147784637335905e+00
-3.446676013284468354e+01,-2.045508922127379492e+01,2.438607563621011387e+00
-3.446176013284468809e+01,-2.043508922127382732e+01,2.455607563621011735e+00
-3.445176013284472560e+01,-2.039508922127379265e+01,-1.589147784637339855e+00
-3.443876013284463511e+01,-2.033608922127382357e+01,2.490607563621007436e+00
-3.443076013284459691e+01,-2.029608922127376047e+01,2.508607563621003678e+00
-3.442276013284455871e+01,-2.025608922127369738e+01,-1.537147784637333148e+00
-3.441976013284454439e+01,-2.023608922127361609e+01,-1.519147784637334908e+00
-3.441976013284445912e+01,-2.023608922127351661e+01,2.543607563621011813e+00
-3.440876013284446344e+01,-2.015608922127351832e+01,2.578607563621006626e+00
-3.440676013284451074e+01,-2.013608922127349388e+01,-1.467147784637332864e+00
-3.440276013284443479e+01,-2.009608922127343078e+01,-1.449147784637334624e+00
-3.440076013284451051e+01,-2.005608922127345295e+01,-1.432147784637333388e+00
-3.439976013284447731e+01,-2.003608922127342851e+01,-1.415147784637337480e+00
-3.439776013284455303e+01,-1.999608922127336541e+01,-1.397147784637338574e+00
-3.439776013284443934e+01,-1.995608922127333074e+01,2.682607563621007607e+00
-3.439776013284435408e+01,-1.993608922127330629e+01,2.700607563621005625e+00
-3.439776013284435408e+01,-1.989608922127334267e+01,-1.345147784637336530e+00
-3.439876013284444412e+01,-1.985608922127332221e+01,-1.310147784637333501e+00
-3.439976013284447731e+01,-1.983608922127334040e+01,-1.310147784637335278e+00
-3.440176013284443002e+01,-1.979608922127331994e+01,-1.292147784637331043e+00
-3.440476013284433066e+01,-1.975608922127327105e+01,-1.275147784637331583e+00
-3.440676013284422652e+01,-1.973608922127323240e+01,-1.275147784637331583e+00
-3.441076013284421720e+01,-1.969608922127321193e+01,-1.257147784637329124e+00
-3.441276013284414148e+01,-1.967608922127328697e+01,-1.257147784637330901e+00
-3.441676013284424585e+01,-1.963508922127321910e+01,2.805607563621015821e+00
-3.442076013284432179e+01,-1.959308922127317487e+01,2.822607563621007287e+00
-3.442476013284425562e+01,-1.955108922127315907e+01,-1.240147784637339656e+00
-3.442976013284416581e+01,-1.951108922127306755e+01,-1.240147784637340322e+00
-3.443176013284417536e+01,-1.949108922127311416e+01,-1.240147784637342099e+00
-3.443576013284419446e+01,-1.945108922127305107e+01,-1.240147784637340322e+00
-3.443976013284418514e+01,-1.941108922127304481e+01,-1.257147784637341559e+00
-3.444176013284408100e+01,-1.939108922127303458e+01,-1.257147784637343335e+00
-3.444576013284407168e+01,-1.935108922127298570e+01,-1.257147784637339782e+00
-3.444776013284399596e+01,-1.933008922127299911e+01,-1.257147784637338006e+00
-3.445176013284384453e+01,-1.928808922127292647e+01,2.805607563621008715e+00
-3.445776013284377370e+01,-1.922508922127292408e+01,2.805607563621009604e+00
-3.446176013284383544e+01,-1.918308922127293670e+01,-1.257147784637332011e+00
-3.446576013284371243e+01,-1.914308922127293044e+01,-1.257147784637330901e+00
-3.446776013284363671e+01,-1.912308922127289179e+01,-1.257147784637332677e+00
-3.447176013284365581e+01,-1.908308922127288554e+01,-1.257147784637332677e+00
-3.447376013284363694e+01,-1.906308922127290373e+01,-1.257147784637332677e+00
-3.447776013284371288e+01,-1.902308922127286905e+01,-1.257147784637327348e+00
-3.448176013284373198e+01,-1.898308922127284859e+01,-1.275147784637329806e+00
-3.448776013284364694e+01,-1.892308922127281789e+01,-1.275147784637326254e+00
-3.448976013284371334e+01,-1.890308922127273661e+01,2.787607563621022244e+00
-3.449376013284377507e+01,-1.886308922127270193e+01,2.787607563621021356e+00
-3.449576013284362830e+01,-1.884308922127257802e+01,-1.275147784637332693e+00
-3.449776013284369469e+01,-1.882308922127255357e+01,-1.257147784637336230e+00
-3.450176013284365695e+01,-1.878308922127251890e+01,-1.257147784637338006e+00
-3.450376013284355281e+01,-1.876308922127252288e+01,-1.257147784637343335e+00
-3.450776013284351507e+01,-1.872308922127247399e+01,-1.275147784637340465e+00
-3.450976013284338251e+01,-1.868308922127242511e+01,-1.310147784637340607e+00
-3.451076013284341570e+01,-1.864308922127237622e+01,-1.345147784637338972e+00
-3.451076013284347255e+01,-1.860308922127236997e+01,2.682607563621004054e+00
-3.450976013284336830e+01,-1.856308922127237793e+01,2.630607563620994682e+00
-3.450776013284334454e+01,-1.854308922127235348e+01,2.613607563620988117e+00
-3.450576013284322130e+01,-1.852308922127230062e+01,-1.484147784637360745e+00
-3.450076013284316900e+01,-1.848408922127227072e+01,-1.537147784637360459e+00
-3.449876013284321630e+01,-1.847108922127230812e+01,2.508607563620983250e+00
-3.449476013284308351e+01,-1.845108922127224105e+01,2.473607563620978667e+00
-3.449076013284306441e+01,-1.843308922127222615e+01,2.438607563620981189e+00
-3.448776013284305009e+01,-1.842408922127226845e+01,-1.641147784637371432e+00
-3.448176013284310670e+01,-1.840608922127221092e+01,2.386607563620976258e+00
-3.447576013284310648e+01,-1.838808922127223866e+01,2.351607563620973451e+00
-3.446876013284295937e+01,-1.837008922127223798e+01,2.316607563620974197e+00
-3.446076013284300643e+01,-1.835208922127219466e+01,2.298607563620969074e+00
-3.445676013284293049e+01,-1.834308922127223695e+01,-1.781147784637368447e+00
-3.444876013284300598e+01,-1.832608922127219842e+01,2.263607563620978702e+00
-3.444476013284301530e+01,-1.831708922127214123e+01,2.246607563620980130e+00
-3.443576013284294390e+01,-1.830008922127210269e+01,2.229607563620976229e+00
-3.443176013284298165e+01,-1.829208922127207870e+01,2.229607563620974453e+00
-3.442276013284296710e+01,-1.827608922127200231e+01,2.211607563620970218e+00
-3.441276013284297619e+01,-1.825908922127194955e+01,2.194607563620968982e+00
-3.440276013284298529e+01,-1.824208922127195365e+01,-1.868147784637378850e+00
-3.439776013284293299e+01,-1.823408922127190124e+01,2.176607563620964747e+00
-3.438776013284277155e+01,-1.821808922127196695e+01,2.159607563620966175e+00
-3.438276013284283295e+01,-1.821008922127192875e+01,2.159607563620961734e+00
-3.436276013284279429e+01,-1.817808922127196070e+01,2.106607563620953805e+00
-3.435776013284274200e+01,-1.817108922127196990e+01,2.106607563620952472e+00
-3.435276013284271812e+01,-1.816308922127188907e+01,-1.973147784637389934e+00
-3.435176013284259966e+01,-1.816108922127187952e+01,2.089607563620961450e+00
-3.435076013284253804e+01,-1.815908922127192682e+01,2.106607563620958246e+00
-3.434976013284241958e+01,-1.815608922127188407e+01,-1.816147784637393459e+00
-3.434976013284236274e+01,-1.815608922127189828e+01,2.455607563620954004e+00
-3.434976013284239116e+01,-1.815808922127190783e+01,2.508607563620953051e+00
-3.434976013284233431e+01,-1.816308922127197434e+01,-1.537147784637397097e+00
-3.434976013284230589e+01,-1.815908922127192682e+01,2.525607563620947182e+00
-3.434676013284237683e+01,-1.814408922127195467e+01,2.490607563620946152e+00
-3.434476013284242413e+01,-1.813508922127194012e+01,-1.589147784637403804e+00
-3.434076013284243345e+01,-1.811508922127190147e+01,2.421607563620944426e+00
-3.433076013284230044e+01,-1.808508922127192875e+01,2.316607563620948440e+00
-3.432676013284228134e+01,-1.807508922127188100e+01,2.281607563620948298e+00
-3.431676013284217674e+01,-1.805608922127191818e+01,2.211607563620946237e+00
-3.431176013284215287e+01,-1.804708922127193205e+01,2.176607563620940766e+00
-3.430176013284221881e+01,-1.803208922127201674e+01,-1.938147784637418214e+00
-3.429776013284222813e+01,-1.802608922127200231e+01,2.089607563620929476e+00
-3.429176013284219948e+01,-1.801808922127200674e+01,2.019607563620922974e+00
-3.428876013284227042e+01,-1.801408922127198764e+01,2.002607563620923514e+00
-3.427176013284233136e+01,-1.799508922127198218e+01,1.914607563620924768e+00
-3.426476013284226951e+01,-1.798808922127194876e+01,1.879607563620917965e+00
-3.425276013284224064e+01,-1.797808922127188680e+01,1.827607563620916142e+00
-3.425276013284221222e+01,-1.797808922127185838e+01,1.827607563620911701e+00
-3.425276013284224064e+01,-1.797808922127181575e+01,1.827607563620910591e+00
-3.425276013284224064e+01,-1.797808922127180153e+01,-2.235147784637443458e+00
-3.425276013284221222e+01,-1.797808922127185838e+01,1.827607563620904374e+00
-3.425276013284218379e+01,-1.797808922127181575e+01,-2.235147784637436352e+00
-3.425276013284215537e+01,-1.797808922127180153e+01,-2.235147784637433688e+00
-3.425276013284204168e+01,-1.797808922127168785e+01,-2.235147784637433688e+00
-3.425276013284204168e+01,-1.797808922127167364e+01,1.827607563620907927e+00
-3.425276013284192800e+01,-1.797808922127164521e+01,-2.235147784637443458e+00
-3.425276013284198484e+01,-1.797808922127165943e+01,-2.235147784637442570e+00
-3.425276013284192800e+01,-1.797808922127163100e+01,-2.235147784637453228e+00
-3.425276013284195642e+01,-1.797808922127165943e+01,-2.235147784637447899e+00
-3.425276013284195642e+01,-1.797808922127171627e+01,-2.235147784637451451e+00
-3.425276013284207011e+01,-1.797808922127168785e+01,1.827607563620900821e+00
-3.425276013284204168e+01,-1.797808922127170206e+01,-2.235147784637447010e+00
-3.425276013284195642e+01,-1.797808922127170206e+01,-2.235147784637451451e+00
-3.425276013284204168e+01,-1.797808922127175890e+01,-2.235147784637444346e+00
-3.425276013284209853e+01,-1.797808922127175890e+01,-2.235147784637439017e+00
-3.425276013284212695e+01,-1.797808922127175890e+01,-2.235147784637433688e+00
-3.425276013284207011e+01,-1.797808922127181575e+01,1.827607563620922138e+00
-3.425276013284207011e+01,-1.797808922127182996e+01,-2.235147784637422141e+00
-3.425276013284201326e+01,-1.797808922127178732e+01,-2.235147784637424806e+00
-3.425276013284204168e+01,-1.797808922127181575e+01,-2.235147784637421253e+00
-3.425276013284201326e+01,-1.797808922127188680e+01,-2.235147784637414148e+00
-3.425276013284198484e+01,-1.797808922127191522e+01,1.827607563620932796e+00
-3.425276013284192800e+01,-1.797808922127190101e+01,-2.235147784637415036e+00
-3.425276013284192800e+01,-1.797808922127180153e+01,-2.235147784637410595e+00
-3.425276013284189958e+01,-1.797808922127180153e+01,-2.235147784637405266e+00
-3.425276013284187115e+01,-1.797808922127180153e+01,-2.235147784637398161e+00
-3.425276013284172905e+01,-1.797808922127182996e+01,-2.235147784637398161e+00
-3.425276013284175747e+01,-1.797808922127178732e+01,1.827607563620943454e+00
-3.425276013284170062e+01,-1.797808922127184417e+01,-2.235147784637397272e+00
-3.425276013284175747e+01,-1.797808922127181575e+01,-2.235147784637401713e+00
-3.425276013284172905e+01,-1.797808922127185838e+01,-2.235147784637403490e+00
-3.425276013284164378e+01,-1.797808922127181575e+01,-2.235147784637399937e+00
-3.425276013284161536e+01,-1.797808922127180153e+01,-2.235147784637396384e+00
-3.425276013284161536e+01,-1.797808922127174469e+01,1.827607563620957665e+00
-3.425276013284161536e+01,-1.797808922127177311e+01,-2.235147784637383062e+00
-3.425276013284158694e+01,-1.797808922127175890e+01,-2.235147784637375068e+00
-3.425276013284161536e+01,-1.797808922127181575e+01,-2.235147784637375068e+00
-3.425276013284161536e+01,-1.797808922127180153e+01,-2.235147784637376844e+00
-3.425276013284158694e+01,-1.797808922127180153e+01,-2.235147784637376844e+00
-3.425276013284167220e+01,-1.797808922127171627e+01,1.827607563620968323e+00
-3.425276013284167220e+01,-1.797808922127168785e+01,-2.235147784637375956e+00
-3.425276013284164378e+01,-1.797808922127170206e+01,-2.235147784637369739e+00
-3.425276013284170062e+01,-1.797808922127164521e+01,-2.235147784637367963e+00
-3.425276013284178589e+01,-1.797808922127165943e+01,-2.235147784637366186e+00
-3.425276013284167220e+01,-1.797808922127165943e+01,1.827607563620975428e+00
-3.425276013284161536e+01,-1.797808922127168785e+01,-2.235147784637365298e+00
-3.425276013284167220e+01,-1.797808922127167364e+01,-2.235147784637366186e+00
-3.425276013284170062e+01,-1.797808922127164521e+01,-2.235147784637362633e+00
-3.425276013284172905e+01,-1.797808922127160258e+01,-2.235147784637351975e+00
-3.425276013284170062e+01,-1.797808922127161679e+01,-2.235147784637353752e+00
-3.425276013284172905e+01,-1.797808922127158837e+01,1.827607563620989639e+00
-3.425276013284161536e+01,-1.797808922127155995e+01,-2.235147784637354640e+00
-3.425276013284164378e+01,-1.797808922127154574e+01,-2.235147784637346646e+00
-3.425276013284164378e+01,-1.797808922127153153e+01,-2.235147784637337764e+00
-3.425276013284161536e+01,-1.797808922127155995e+01,-2.235147784637341317e+00
-3.425276013284158694e+01,-1.797808922127151732e+01,-2.235147784637344870e+00
-3.425276013284167220e+01,-1.797808922127144626e+01,-2.235147784637344870e+00
-3.425276013284164378e+01,-1.797808922127144626e+01,1.827607563620996745e+00
-3.425276013284170062e+01,-1.797808922127138942e+01,-2.235147784637351087e+00
-3.425276013284175747e+01,-1.797808922127134679e+01,-2.235147784637350199e+00
-3.425276013284170062e+01,-1.797808922127130415e+01,-2.235147784637350199e+00
-3.425276013284181431e+01,-1.797808922127127573e+01,-2.235147784637344870e+00
-3.425276013284184273e+01,-1.797808922127127573e+01,1.827607563620996745e+00
-3.425276013284184273e+01,-1.797808922127124731e+01,-2.235147784637351087e+00
-3.425276013284187115e+01,-1.797808922127126152e+01,-2.235147784637343094e+00
-3.425276013284181431e+01,-1.797808922127120468e+01,-2.235147784637339541e+00
-3.425276013284175747e+01,-1.797808922127119047e+01,-2.235147784637337764e+00
-3.425276013284170062e+01,-1.797808922127116205e+01,-2.235147784637337764e+00
-3.425276013284175747e+01,-1.797808922127117626e+01,1.827607563621007403e+00
-3.425276013284167220e+01,-1.797808922127123310e+01,-2.235147784637340429e+00
-3.425276013284172905e+01,-1.797808922127120468e+01,-2.235147784637344870e+00
-3.425276013284167220e+01,-1.797808922127116205e+01,-2.235147784637348423e+00
-3.425276013284167220e+01,-1.797808922127120468e+01,-2.235147784637339541e+00
-3.425276013284170062e+01,-1.797808922127119047e+01,-2.235147784637335988e+00
-3.425276013284175747e+01,-1.797808922127113362e+01,1.827607563621007403e+00
-3.425276013284164378e+01,-1.797808922127116205e+01,-2.235147784637336876e+00
-3.425276013284170062e+01,-1.797808922127117626e+01,-2.235147784637332435e+00
-3.425276013284167220e+01,-1.797808922127114784e+01,-2.235147784637327106e+00
-3.425276013284172905e+01,-1.797808922127109099e+01,-2.235147784637332435e+00
-3.425276013284155852e+01,-1.797808922127103415e+01,-2.235147784637321777e+00
-3.425276013284161536e+01,-1.797808922127099152e+01,1.827607563621025166e+00
-3.425276013284158694e+01,-1.797808922127092046e+01,-2.235147784637315560e+00
-3.425276013284167220e+01,-1.797808922127092046e+01,-2.235147784637316448e+00
-3.425276013284167220e+01,-1.797808922127094888e+01,-2.235147784637314672e+00
-3.425276013284164378e+01,-1.797808922127093467e+01,-2.235147784637312895e+00
-3.425276013284167220e+01,-1.797808922127089204e+01,-2.235147784637309343e+00
-3.425276013284167220e+01,-1.797808922127082099e+01,-2.235147784637304014e+00
-3.425276013284167220e+01,-1.797808922127084941e+01,1.827607563621042930e+00
-3.425276013284167220e+01,-1.797808922127080677e+01,-2.235147784637304902e+00
-3.425276013284170062e+01,-1.797808922127079256e+01,-2.235147784637302237e+00
-3.425276013284178589e+01,-1.797808922127079256e+01,-2.235147784637302237e+00
-3.425276013284164378e+01,-1.797808922127082099e+01,-2.235147784637302237e+00
-3.425276013284167220e+01,-1.797808922127082099e+01,1.827607563621050035e+00
-3.425276013284172905e+01,-1.797808922127084941e+01,-2.235147784637290691e+00
-3.425276013284172905e+01,-1.797808922127083520e+01,-2.235147784637289803e+00
-3.425276013284172905e+01,-1.797808922127077835e+01,-2.235147784637289803e+00
-3.425276013284172905e+01,-1.797808922127083520e+01,-2.235147784637280921e+00
-3.425276013284164378e+01,-1.797808922127080677e+01,-2.235147784637280921e+00
-3.425276013284170062e+01,-1.797808922127082099e+01,1.827607563621064246e+00
-3.425276013284170062e+01,-1.797808922127087783e+01,-2.235147784637280033e+00
-3.425276013284167220e+01,-1.797808922127082099e+01,-2.235147784637273816e+00
-3.425276013284164378e+01,-1.797808922127079256e+01,-2.235147784637268487e+00
-3.425276013284172905e+01,-1.797808922127073572e+01,-2.235147784637266710e+00
-3.425276013284175747e+01,-1.797808922127065046e+01,-2.235147784637263157e+00
-3.425276013284167220e+01,-1.797808922127067888e+01,1.827607563621085562e+00
-3.425276013284167220e+01,-1.797808922127069309e+01,-2.235147784637262269e+00
-3.425276013284167220e+01,-1.797808922127066467e+01,-2.235147784637252499e+00
-3.425276013284164378e+01,-1.797808922127066467e+01,-2.235147784637254276e+00
-3.425276013284167220e+01,-1.797808922127063624e+01,-2.235147784637254276e+00
-3.425276013284167220e+01,-1.797808922127059361e+01,-2.235147784637259605e+00
-3.425276013284170062e+01,-1.797808922127060782e+01,1.827607563621089115e+00
-3.425276013284175747e+01,-1.797808922127055098e+01,-2.235147784637251611e+00
-3.425276013284164378e+01,-1.797808922127047992e+01,-2.235147784637248947e+00
-3.425276013284170062e+01,-1.797808922127047992e+01,-2.235147784637254276e+00
-3.425276013284158694e+01,-1.797808922127047992e+01,-2.235147784637248947e+00
-3.425276013284167220e+01,-1.797808922127045150e+01,-2.235147784637250723e+00
-3.425276013284170062e+01,-1.797808922127043729e+01,1.827607563621096221e+00
-3.425276013284167220e+01,-1.797808922127040887e+01,-2.235147784637244506e+00
-3.425276013284170062e+01,-1.797808922127039466e+01,-2.235147784637247170e+00
-3.425276013284167220e+01,-1.797808922127039466e+01,-2.235147784637241841e+00
-3.425276013284161536e+01,-1.797808922127036624e+01,-2.235147784637238288e+00
-3.425276013284164378e+01,-1.797808922127032361e+01,1.827607563621099773e+00
-3.425276013284161536e+01,-1.797808922127036624e+01,-2.235147784637248058e+00
-3.425276013284158694e+01,-1.797808922127038045e+01,-2.235147784637247170e+00
-3.425276013284167220e+01,-1.797808922127039466e+01,-2.235147784637248947e+00
-3.425276013284170062e+01,-1.797808922127033782e+01,-2.235147784637243618e+00
-3.425276013284170062e+01,-1.797808922127036624e+01,-2.235147784637238288e+00
-3.425276013284178589e+01,-1.797808922127035203e+01,-2.235147784637229407e+00
-3.425276013284167220e+01,-1.797808922127026676e+01,1.827607563621113984e+00
-3.425276013284170062e+01,-1.797808922127026676e+01,-2.235147784637226742e+00
-3.425276013284172905e+01,-1.797808922127026676e+01,-2.235147784637224078e+00
-3.425276013284170062e+01,-1.797808922127023834e+01,-2.235147784637229407e+00
-3.425276013284164378e+01,-1.797808922127016729e+01,-2.235147784637229407e+00
-3.425276013284167220e+01,-1.797808922127013886e+01,1.827607563621121090e+00
-3.425276013284175747e+01,-1.797808922127018150e+01,-2.235147784637219637e+00
-3.425276013284170062e+01,-1.797808922127012465e+01,-2.235147784637216972e+00
-3.425276013284175747e+01,-1.797808922127009623e+01,-2.235147784637208090e+00
-3.425276013284172905e+01,-1.797808922127005360e+01,-2.235147784637208090e+00
-3.425276013284167220e+01,-1.797808922127003939e+01,-2.235147784637215196e+00
-3.425276013284161536e+01,-1.797808922126995412e+01,1.827607563621121090e+00
-3.425276013284164378e+01,-1.797808922126995412e+01,-2.235147784637219637e+00
-3.425276013284161536e+01,-1.797808922126995412e+01,-2.235147784637215196e+00
-3.425276013284164378e+01,-1.797808922126998254e+01,-2.235147784637215196e+00
-3.425276013284167220e+01,-1.797808922126993991e+01,-2.235147784637215196e+00
-3.425276013284161536e+01,-1.797808922126992570e+01,-2.235147784637211643e+00
-3.425276013284158694e+01,-1.797808922126991149e+01,1.827607563621131748e+00
-3.425276013284161536e+01,-1.797808922126985465e+01,-2.235147784637208979e+00
-3.425276013284161536e+01,-1.797808922126988307e+01,-2.235147784637209867e+00
-3.425276013284155852e+01,-1.797808922126989728e+01,-2.235147784637209867e+00
-3.425276013284153009e+01,-1.797808922126989728e+01,-2.235147784637204538e+00
-3.425276013284144483e+01,-1.797808922126986886e+01,1.827607563621135300e+00
-3.425276013284150167e+01,-1.797808922126986886e+01,-2.235147784637216084e+00
-3.425276013284141641e+01,-1.797808922126989728e+01,-2.235147784637215196e+00
-3.425276013284135956e+01,-1.797808922126992570e+01,-2.235147784637220525e+00
-3.425276013284133114e+01,-1.797808922126996833e+01,-2.235147784637215196e+00
-3.425276013284147325e+01,-1.797808922126989728e+01,-2.235147784637215196e+00
-3.425276013284127430e+01,-1.797808922126989728e+01,-2.235147784637220525e+00
-3.425276013284121746e+01,-1.797808922126989728e+01,1.827607563621128195e+00
-3.425276013284110377e+01,-1.797808922126995412e+01,-2.235147784637212531e+00
-3.425276013284096166e+01,-1.797808922126998254e+01,-2.235147784637211643e+00
-3.425276013284099008e+01,-1.797808922126993991e+01,-2.235147784637202761e+00
-3.425276013284101850e+01,-1.797808922126995412e+01,-2.235147784637202761e+00
-3.425276013284093324e+01,-1.797808922126998254e+01,1.827607563621149511e+00
-3.425276013284101850e+01,-1.797808922126999676e+01,-2.235147784637201873e+00
-3.425276013284099008e+01,-1.797808922126996833e+01,-2.235147784637199209e+00
-3.425276013284093324e+01,-1.797808922126995412e+01,-2.235147784637200985e+00
-3.425276013284093324e+01,-1.797808922126998254e+01,-2.235147784637199209e+00
-3.425276013284101850e+01,-1.797808922126996833e+01,-2.235147784637197432e+00
-3.425276013284104693e+01,-1.797808922126992570e+01,1.827607563621145959e+00
-3.425276013284113219e+01,-1.797808922126991149e+01,-2.235147784637194768e+00
-3.425276013284107535e+01,-1.797808922126982623e+01,-2.235147784637193880e+00
-3.425276013284101850e+01,-1.797808922126988307e+01,-2.235147784637192103e+00
-3.425276013284101850e+01,-1.797808922126992570e+01,-2.235147784637190327e+00
-3.425276013284101850e+01,-1.797808922126988307e+01,-2.235147784637190327e+00
-3.425276013284096166e+01,-1.797808922126989728e+01,1.827607563621160169e+00
-3.425276013284093324e+01,-1.797808922126992570e+01,-2.235147784637184110e+00
-3.425276013284096166e+01,-1.797808922126991149e+01,-2.235147784637179669e+00
-3.425276013284096166e+01,-1.797808922126985465e+01,-2.235147784637179669e+00
-3.425276013284099008e+01,-1.797808922126982623e+01,-2.235147784637179669e+00
-3.425276013284104693e+01,-1.797808922126985465e+01,1.827607563621170828e+00
-3.425276013284116061e+01,-1.797808922126985465e+01,-2.235147784637166346e+00
-3.425276013284113219e+01,-1.797808922126982623e+01,-2.235147784637161905e+00
-3.425276013284107535e+01,-1.797808922126979780e+01,-2.235147784637161905e+00
-3.425276013284099008e+01,-1.797808922126978359e+01,-2.235147784637154800e+00
-3.425276013284101850e+01,-1.797808922126978359e+01,-2.235147784637144142e+00
-3.425276013284104693e+01,-1.797808922126978359e+01,-2.235147784637145918e+00
-3.425276013284113219e+01,-1.797808922126978359e+01,1.827607563621206355e+00
-3.425276013284101850e+01,-1.797808922126972675e+01,-2.235147784637145030e+00
-3.425276013284101850e+01,-1.797808922126972675e+01,-2.235147784637142365e+00
-3.425276013284099008e+01,-1.797808922126964148e+01,-2.217147784637131025e+00
-3.425276013284104693e+01,-1.797808922126964148e+01,-2.217147784637123920e+00
-3.425276013284110377e+01,-1.797808922126958464e+01,1.845607563621228353e+00
-3.425276013284099008e+01,-1.797808922126951359e+01,-2.217147784637115926e+00
-3.425276013284099008e+01,-1.797808922126954201e+01,-2.217147784637107932e+00
-3.425276013284096166e+01,-1.797808922126952780e+01,-2.217147784637109709e+00
-3.425276013284096166e+01,-1.797808922126957043e+01,-2.217147784637107932e+00
-3.425276013284090482e+01,-1.797808922126961306e+01,-2.217147784637107932e+00
-3.425276013284084797e+01,-1.797808922126959885e+01,1.845607563621235458e+00
-3.425276013284076271e+01,-1.797808922126957043e+01,-2.217147784637115926e+00
-3.425276013284079113e+01,-1.797808922126952780e+01,-2.217147784637111485e+00
-3.425276013284076271e+01,-1.797808922126948517e+01,-2.217147784637104380e+00
-3.425276013284084797e+01,-1.797808922126952780e+01,-2.217147784637095498e+00
-3.425276013284070586e+01,-1.797808922126951359e+01,-2.217147784637090169e+00
-3.425276013284064902e+01,-1.797808922126951359e+01,1.845607563621256775e+00
-3.425276013284064902e+01,-1.797808922126948517e+01,-2.217147784637091057e+00
-3.425276013284073429e+01,-1.797808922126941411e+01,-2.217147784637097274e+00
-3.425276013284067744e+01,-1.797808922126938569e+01,-2.217147784637099051e+00
-3.425276013284076271e+01,-1.797808922126938569e+01,-2.217147784637097274e+00
-3.425276013284073429e+01,-1.797808922126938569e+01,1.845607563621253222e+00
-3.425276013284062060e+01,-1.797808922126930042e+01,-2.217147784637094610e+00
-3.425276013284059218e+01,-1.797808922126930042e+01,-2.217147784637088392e+00
-3.425276013284059218e+01,-1.797808922126930042e+01,-2.217147784637086616e+00
-3.425276013284059218e+01,-1.797808922126930042e+01,-2.217147784637090169e+00
-3.425276013284050691e+01,-1.797808922126932885e+01,-2.217147784637088392e+00
-3.425276013284042165e+01,-1.797808922126935727e+01,1.845607563621260327e+00
-3.425276013284053533e+01,-1.797808922126937148e+01,-2.217147784637083952e+00
-3.425276013284053533e+01,-1.797808922126942832e+01,-2.217147784637075958e+00
-3.425276013284053533e+01,-1.797808922126939990e+01,-2.217147784637075958e+00
-3.425276013284047849e+01,-1.797808922126944253e+01,-2.217147784637077734e+00
-3.425276013284039323e+01,-1.797808922126942832e+01,-2.217147784637083063e+00
-3.425276013284039323e+01,-1.797808922126934306e+01,1.845607563621263880e+00
-3.425276013284039323e+01,-1.797808922126934306e+01,-2.217147784637080399e+00
-3.425276013284042165e+01,-1.797808922126934306e+01,-2.217147784637083063e+00
-3.425276013284050691e+01,-1.797808922126939990e+01,-2.217147784637086616e+00
-3.425276013284042165e+01,-1.797808922126935727e+01,-2.217147784637090169e+00
-3.425276013284039323e+01,-1.797808922126934306e+01,-2.217147784637088392e+00
-3.425276013284047849e+01,-1.797808922126931463e+01,-2.217147784637090169e+00
-3.425276013284045007e+01,-1.797808922126927200e+01,1.845607563621256775e+00
-3.425276013284033638e+01,-1.797808922126922937e+01,-2.217147784637087504e+00
-3.425276013284033638e+01,-1.797808922126927200e+01,-2.217147784637084840e+00
-3.425276013284027954e+01,-1.797808922126922937e+01,-2.217147784637084840e+00
-3.425276013284027954e+01,-1.797808922126924358e+01,-2.217147784637086616e+00
-3.425276013284027954e+01,-1.797808922126924358e+01,1.845607563621256775e+00
-3.425276013284030796e+01,-1.797808922126927200e+01,-2.217147784637087504e+00
-3.425276013284019427e+01,-1.797808922126922937e+01,-2.217147784637088392e+00
-3.425276013284008059e+01,-1.797808922126921516e+01,-2.217147784637088392e+00
-3.425276013284010901e+01,-1.797808922126915832e+01,-2.217147784637084840e+00
-3.425276013283996690e+01,-1.797808922126915832e+01,-2.217147784637090169e+00
-3.425276013283991006e+01,-1.797808922126915832e+01,1.845607563621256775e+00
-3.425276013283988163e+01,-1.797808922126915832e+01,-2.217147784637094610e+00
-3.425276013283979637e+01,-1.797808922126915832e+01,-2.217147784637088392e+00
-3.425276013283962584e+01,-1.797808922126918674e+01,-2.235147784637081969e+00
-3.425276013283965426e+01,-1.797808922126917253e+01,-2.270147784637082111e+00
-3.425276013283956900e+01,-1.797808922126921516e+01,1.775607563621260043e+00
-3.425276013283945531e+01,-1.797808922126921516e+01,-2.340147784637088613e+00
-3.425276013283942689e+01,-1.797808922126924358e+01,-2.357147784637088961e+00
-3.425276013283945531e+01,-1.797808922126932885e+01,-2.374147784637084868e+00
-3.425276013283939847e+01,-1.797808922126930042e+01,-2.392147784637085550e+00
-3.425276013283939847e+01,-1.797808922126930042e+01,1.635607563621263028e+00
-3.425176013283936527e+01,-1.797808922126930042e+01,-2.444147784637077159e+00
-3.423376013283930774e+01,-1.796908922126934272e+01,-2.497147784637082424e+00
-3.418176013283928683e+01,-1.794808922126931350e+01,1.461607563621267092e+00
-3.416276013283930979e+01,-1.794208922126929906e+01,1.426607563621264507e+00
-3.412376013283920884e+01,-1.793208922126930815e+01,1.356607563621260670e+00
-3.408376013283904626e+01,-1.792508922126934579e+01,1.286607563621259054e+00
-3.406376013283895077e+01,-1.792208922126930304e+01,1.269607563621256263e+00
-3.404376013283885527e+01,-1.791908922126933135e+01,1.234607563621251458e+00
-3.400376013283894849e+01,-1.791708922126929338e+01,1.146607563621254045e+00
-3.396376013283889961e+01,-1.791808922126925552e+01,1.059422256441667987e+00
-3.394376013283883253e+01,-1.792008922126927928e+01,1.007422256441667496e+00
-3.390376013283881207e+01,-1.792708922126919902e+01,9.204222564416673080e-01
-3.390376013283872680e+01,-1.792708922126915638e+01,9.204222564416673080e-01
-3.384476013283872931e+01,-1.794308922126913330e+01,8.154222564416633290e-01
-3.380676013283874681e+01,-1.795708922126908647e+01,7.454222564416612684e-01
-3.376876013283879274e+01,-1.797308922126903497e+01,6.934222564416598900e-01
-3.373276013283879138e+01,-1.799108922126902144e+01,6.404222564416599539e-01
-3.367976013283862358e+01,-1.802108922126899415e+01,5.714222564416591155e-01
-3.366276013283859925e+01,-1.803208922126897562e+01,5.534222564416593215e-01
-3.362976013283852694e+01,-1.805408922126895277e+01,5.184222564416591794e-01
-3.358076013283854877e+01,-1.809008922126891150e+01,4.664222564416604655e-01
-3.356476013283850079e+01,-1.810308922126887410e+01,4.494222564416592292e-01
-3.353376013283846646e+01,-1.812908922126887035e+01,4.314222564416603234e-01
-3.350376013283849375e+01,-1.815508922126893765e+01,3.964222564416601813e-01
-3.348876013283836528e+01,-1.816808922126895709e+01,3.964222564416601813e-01
-3.347376013283835050e+01,-1.818108922126890548e+01,3.964222564416601813e-01
-3.344376013283843463e+01,-1.820908922126895391e+01,3.794222564416607213e-01
-3.342776013283841507e+01,-1.822308922126894970e+01,3.794222564416607213e-01
-3.338176013283833754e+01,-1.826508922126895129e+01,3.794222564416607213e-01
-3.336676013283826592e+01,-1.827908922126884761e+01,3.794222564416607213e-01
-3.333676013283823636e+01,-1.830708922126886762e+01,3.794222564416589449e-01
-3.332276013283822635e+01,-1.832108922126886341e+01,2.599852215362902008e+00
-3.329276013283821101e+01,-1.834908922126891184e+01,2.599852215362894015e+00
-3.326376013283820043e+01,-1.837608922126892708e+01,2.599852215362892238e+00
-3.324876013283821408e+01,-1.839008922126896550e+01,-1.462903132895454705e+00
-3.321876013283812767e+01,-1.841808922126890025e+01,-1.445903132895448806e+00
-3.320376013283811290e+01,-1.843208922126892446e+01,-1.445903132895447030e+00
-3.317376013283799807e+01,-1.845808922126899176e+01,-1.427903132895448124e+00
-3.314376013283785483e+01,-1.848408922126897380e+01,2.651852215362899834e+00
-3.311176013283784414e+01,-1.851008922126897005e+01,2.686852215362902641e+00
-3.307976013283789030e+01,-1.853408922126891412e+01,-1.340903132895444161e+00
-3.306376013283781390e+01,-1.854608922126891457e+01,-1.323903132895443591e+00
-3.302976013283779366e+01,-1.856808922126890593e+01,-1.288903132895438119e+00
-3.301276013283779776e+01,-1.857908922126893003e+01,-1.270903132895439214e+00
-3.297776013283777274e+01,-1.859908922126891184e+01,-1.235903132895437295e+00
-3.295976013283774364e+01,-1.860908922126886011e+01,-1.218903132895434283e+00
-3.290576013283754264e+01,-1.863708922126886591e+01,-1.166903132895431128e+00
-3.288776013283742827e+01,-1.864608922126879520e+01,-1.148903132895432222e+00
-3.285076013283725160e+01,-1.866208922126874370e+01,-1.131903132895432762e+00
-3.283176013283724615e+01,-1.867008922126868242e+01,-1.131903132895430986e+00
-3.279476013283721159e+01,-1.868608922126861671e+01,-1.096903132895429067e+00
-3.275676013283722909e+01,-1.870008922126861250e+01,-1.078903132895430161e+00
-3.273776013283728048e+01,-1.870708922126857487e+01,3.000852215362917796e+00
-3.269976013283726957e+01,-1.872108922126861330e+01,3.018852215362910485e+00
-3.268076013283734937e+01,-1.872808922126857567e+01,-1.043903132895436459e+00
-3.264176013283741895e+01,-1.874108922126852406e+01,-1.009903132895436428e+00
-3.260276013283737484e+01,-1.875308922126853872e+01,-9.919031328954357463e-01
-3.252276013283744760e+01,-1.877508922126854429e+01,-9.569031328954356042e-01
-3.250376013283752741e+01,-1.878008922126853975e+01,-9.399031328954343678e-01
-3.248876013283739894e+01,-1.878308922126851144e+01,-9.219031328954336857e-01
-3.248776013283742259e+01,-1.878308922126852565e+01,-9.049031328954324493e-01
-3.248576013283744146e+01,-1.878308922126848302e+01,-9.049031328954324493e-01
-3.244276013283740667e+01,-1.879008922126841696e+01,-8.519031328954316251e-01
-3.242276013283736802e+01,-1.879308922126838866e+01,-8.519031328954298488e-01
-3.238276013283734756e+01,-1.879808922126835569e+01,-8.179031328954292634e-01
-3.232276013283737370e+01,-1.880408922126827065e+01,-7.999031328954284703e-01
-3.230276013283733505e+01,-1.880508922126814753e+01,-7.829031328954290103e-01
-3.226276013283742827e+01,-1.880708922126811444e+01,-7.649031328954283282e-01
-3.224276013283736120e+01,-1.880808922126813343e+01,-7.479031328954253155e-01
-3.220276013283722705e+01,-1.880908922126810978e+01,-7.299031328954246334e-01
-3.216276013283726343e+01,-1.880908922126803873e+01,-7.127178257158384156e-01
-3.214276013283722477e+01,-1.880908922126798188e+01,-7.127178257158384156e-01
-3.210276013283726115e+01,-1.880908922126795346e+01,-6.957178257158407320e-01
-3.208276013283716566e+01,-1.880908922126803873e+01,-6.957178257158389556e-01
-3.204276013283723046e+01,-1.880908922126798188e+01,-6.777178257158399388e-01
-3.200276013283720999e+01,-1.880808922126801974e+01,-6.777178257158399388e-01
-3.196276013283721795e+01,-1.880708922126805760e+01,-2.898147784637083113e+00
-3.194276013283717930e+01,-1.880608922126813809e+01,-2.881147784637079212e+00
-3.190276013283710199e+01,-1.880408922126804327e+01,1.181607563621262402e+00
-3.186276013283708153e+01,-1.880208922126799109e+01,1.181607563621260626e+00
-3.184276013283712814e+01,-1.880108922126805737e+01,1.199607563621257977e+00
-3.180276013283707925e+01,-1.879908922126799098e+01,1.199607563621257977e+00
-3.178276013283692691e+01,-1.879708922126800985e+01,1.199607563621258643e+00
-3.174176013283687325e+01,-1.879508922126801451e+01,1.199607563621258421e+00
-3.170076013283684802e+01,-1.879208922126798598e+01,1.216607563621257881e+00
-3.166076013283688440e+01,-1.878808922126798109e+01,1.216607563621256105e+00
-3.162076013283689235e+01,-1.878408922126801883e+01,1.216607563621257437e+00
-3.158076013283695715e+01,-1.878008922126807079e+01,-2.828147784637091711e+00
-3.156076013283687587e+01,-1.877808922126803282e+01,-2.828147784637089046e+00
-3.154076013283673774e+01,-1.877608922126798063e+01,1.234607563621252568e+00
-3.150076013283668885e+01,-1.877208922126797574e+01,1.251607563621249142e+00
-3.148076013283662178e+01,-1.877008922126790935e+01,1.251607563621247365e+00
-3.144076013283662974e+01,-1.876608922126790446e+01,1.251607563621248032e+00
-3.140076013283655243e+01,-1.876108922126788059e+01,1.269607563621243163e+00
-3.132076013283642624e+01,-1.874908922126786592e+01,1.304607563621242639e+00
-3.130076013283647285e+01,-1.874508922126786103e+01,1.304607563621243527e+00
-3.126076013283636712e+01,-1.873708922126787968e+01,-2.724147784637099612e+00
-3.124076013283639952e+01,-1.873308922126790321e+01,-2.724147784637096947e+00
-3.120076013283642169e+01,-1.872408922126794550e+01,-2.706147784637090936e+00
-3.118076013283629777e+01,-1.871908922126790742e+01,1.373607563621255467e+00
-3.114076013283641942e+01,-1.870908922126795915e+01,1.391607563621255039e+00
-3.110076013283634211e+01,-1.869708922126787343e+01,1.408607563621253167e+00
-3.106076013283640691e+01,-1.868508922126784455e+01,1.443607563621249756e+00
-3.102276013283648126e+01,-1.867208922126778248e+01,-2.601147784637094951e+00
-3.100376013283646159e+01,-1.866508922126783432e+01,-2.601147784637092286e+00
-3.096576013283646489e+01,-1.865108922126783852e+01,-2.566147784637083262e+00
-3.094676013283634575e+01,-1.864408922126789037e+01,1.496607563621260129e+00
-3.090876013283619272e+01,-1.863008922126789457e+01,1.513607563621257590e+00
-3.088976013283621569e+01,-1.862208922126788480e+01,-2.532147784637088783e+00
-3.085276013283615271e+01,-1.860608922126792208e+01,-2.514147784637085437e+00
-3.081576013283617499e+01,-1.858908922126791197e+01,1.583607563621256320e+00
-3.077976013283608836e+01,-1.857108922126791128e+01,-2.462147784637088499e+00
-3.076176013283600241e+01,-1.856208922126788252e+01,-2.462147784637085834e+00
-3.070776013283594352e+01,-1.853308922126788616e+01,1.635607563621255922e+00
-3.068976013283597126e+01,-1.852308922126788104e+01,-2.409147784637094780e+00
-3.063776013283589350e+01,-1.849208922126786092e+01,-2.374147784637095526e+00
-3.060376013283587326e+01,-1.847108922126780328e+01,-2.374147784637090197e+00
-3.058676013283587736e+01,-1.846008922126777918e+01,1.688607563621256746e+00
-3.055276013283582870e+01,-1.843808922126773098e+01,-2.357147784637084520e+00
-3.051876013283575162e+01,-1.841608922126769698e+01,-2.357147784637080079e+00
-3.048376013283572661e+01,-1.839308922126767243e+01,-2.357147784637078303e+00
-3.046376013283565953e+01,-1.838008922126766720e+01,-2.357147784637080079e+00
-3.046176013283559314e+01,-1.837908922126766242e+01,1.705607563621263312e+00
-3.044076013283546445e+01,-1.836608922126761456e+01,-2.357147784637080967e+00
-3.042476013283541647e+01,-1.835508922126760467e+01,-2.357147784637081855e+00
-3.039176013283534417e+01,-1.833308922126759910e+01,-2.340147784637071737e+00
-3.037476013283520615e+01,-1.832208922126753237e+01,-2.340147784637064632e+00
-3.034076013283518591e+01,-1.829908922126753623e+01,1.722607563621280535e+00
-3.030676013283519410e+01,-1.827608922126748325e+01,-2.340147784637070849e+00
-3.027376013283512179e+01,-1.825308922126745870e+01,-2.322147784637067502e+00
-3.025676013283523957e+01,-1.824108922126744403e+01,-2.322147784637058621e+00
-3.020576013283522343e+01,-1.820508922126741425e+01,-2.322147784637049739e+00
-3.018876013283525594e+01,-1.819308922126739958e+01,1.740607563621302534e+00
-3.015476013283520729e+01,-1.816908922126741288e+01,-2.322147784637045298e+00
-3.013776013283518296e+01,-1.815708922126736979e+01,-2.322147784637042633e+00
-3.010276013283501584e+01,-1.813208922126740674e+01,-2.322147784637044410e+00
-3.008576013283510520e+01,-1.812008922126737787e+01,-2.322147784637044410e+00
-3.003576013283498014e+01,-1.808408922126741913e+01,-2.305147784637036068e+00
-3.001876013283489897e+01,-1.807208922126744710e+01,1.757607563621312652e+00
-2.998476013283487873e+01,-1.804808922126751725e+01,-2.305147784637042285e+00
-2.995076013283483007e+01,-1.802208922126750679e+01,-2.305147784637043173e+00
-2.993376013283483417e+01,-1.800908922126743050e+01,-2.305147784637041397e+00
-2.989976013283481393e+01,-1.798308922126742004e+01,-2.305147784637039621e+00
-2.988276013283476118e+01,-1.797108922126743380e+01,-2.305147784637036068e+00
-2.984876013283462726e+01,-1.794508922126742334e+01,1.757607563621309099e+00
-2.983176013283454608e+01,-1.793208922126741811e+01,-2.305147784637038733e+00
-2.979776013283452585e+01,-1.790708922126734137e+01,-2.305147784637034292e+00
-2.976476013283451039e+01,-1.788308922126731204e+01,-2.287147784637030057e+00
-2.973176013283458019e+01,-1.785908922126729692e+01,-2.287147784637030057e+00
-2.971576013283450379e+01,-1.784608922126727748e+01,-2.287147784637030057e+00
-2.968376013283449311e+01,-1.782108922126727180e+01,1.775607563621316887e+00
-2.965176013283448242e+01,-1.779608922126729453e+01,-2.270147784637035038e+00
-2.961976013283458542e+01,-1.777008922126732671e+01,-2.252147784637038797e+00
-2.960476013283442853e+01,-1.775708922126732148e+01,-2.252147784637033467e+00
-2.957376013283436578e+01,-1.773108922126722575e+01,-2.235147784637030455e+00
-2.954376013283425095e+01,-1.770508922126720108e+01,-2.217147784637024444e+00
-2.952776013283420298e+01,-1.769208922126721006e+01,-2.217147784637022667e+00
-2.949776013283408815e+01,-1.766608922126714276e+01,1.845607563621334934e+00
-2.946776013283411544e+01,-1.764008922126713230e+01,-2.200147784637006332e+00
-2.943776013283414272e+01,-1.761408922126705079e+01,-2.200147784637000115e+00
-2.939276013283409839e+01,-1.757308922126703976e+01,-2.183147784637000655e+00
-2.937776013283402676e+01,-1.756008922126704874e+01,-2.183147784636998878e+00
-2.934776013283394036e+01,-1.753208922126704294e+01,1.879607563621348065e+00
-2.933276013283392558e+01,-1.751808922126703294e+01,-2.165147784637006190e+00
-2.930476013283393399e+01,-1.749008922126703425e+01,-2.165147784637005302e+00
-2.927476013283393286e+01,-1.746108922126702367e+01,-2.165147784637005302e+00
-2.922976013283380325e+01,-1.741908922126693682e+01,-2.165147784637003525e+00
-2.921576013283367956e+01,-1.740508922126693392e+01,-2.165147784636994643e+00
-2.918676013283362636e+01,-1.737708922126692812e+01,-2.148147784636989854e+00
-2.917276013283355951e+01,-1.736308922126683285e+01,1.914607563621355313e+00
-2.915876013283349266e+01,-1.734908922126681574e+01,-2.148147784636988966e+00
-2.913076013283341581e+01,-1.732108922126673178e+01,-2.148147784636984525e+00
-2.911676013283340581e+01,-1.730708922126660809e+01,-2.130147784636980290e+00
-2.907476013283326211e+01,-1.726408922126661594e+01,-2.130147784636983843e+00
-2.906076013283319526e+01,-1.724908922126664379e+01,1.932607563621370206e+00
-2.904676013283315683e+01,-1.723508922126664800e+01,-2.130147784636970520e+00
-2.901876013283305156e+01,-1.720608922126668006e+01,-2.113147784636964843e+00
-2.899176013283300790e+01,-1.717608922126665050e+01,-2.113147784636963067e+00
-2.896476013283296425e+01,-1.714608922126668489e+01,1.967607563621391664e+00
-2.893876013283301063e+01,-1.711608922126669796e+01,-2.095147784636959720e+00
-2.892576013283297698e+01,-1.710108922126672581e+01,-2.095147784636960608e+00
-2.891276013283305701e+01,-1.708608922126668261e+01,-2.095147784636951727e+00
-2.888676013283301813e+01,-1.705608922126669569e+01,-2.078147784636954043e+00
-2.886076013283297925e+01,-1.702608922126665902e+01,1.984607563621387571e+00
-2.884776013283291718e+01,-1.701108922126664424e+01,-2.078147784636949602e+00
-2.882176013283276461e+01,-1.698008922126663833e+01,-2.060147784636944479e+00
-2.878176013283263046e+01,-1.693208922126657967e+01,-2.060147784636940926e+00
-2.876876013283262523e+01,-1.691608922126660275e+01,-2.060147784636944479e+00
-2.875576013283250632e+01,-1.690008922126653346e+01,2.002607563621402242e+00
-2.872876013283246266e+01,-1.686808922126650145e+01,-2.060147784636945367e+00
-2.871476013283245265e+01,-1.685208922126651743e+01,-2.060147784636944479e+00
-2.866176013283231327e+01,-1.678808922126648895e+01,-2.060147784636937374e+00
-2.864876013283230805e+01,-1.677208922126651913e+01,2.002607563621409348e+00
-2.862276013283224074e+01,-1.673908922126648946e+01,-2.060147784636927604e+00
-2.860876013283223074e+01,-1.672308922126649122e+01,-2.060147784636924939e+00
-2.858276013283227712e+01,-1.669108922126654448e+01,-2.060147784636928492e+00
-2.854376013283237512e+01,-1.664208922126654500e+01,2.002607563621423559e+00
-2.853076013283239831e+01,-1.662708922126657285e+01,-2.060147784636927604e+00
-2.850476013283233101e+01,-1.659708922126655750e+01,-2.060147784636924939e+00
-2.849176013283232578e+01,-1.658108922126652374e+01,-2.060147784636926716e+00
-2.846576013283231532e+01,-1.654908922126648463e+01,2.002607563621412901e+00
-2.845276013283236693e+01,-1.653408922126642011e+01,-2.060147784636934709e+00
-2.842676013283221437e+01,-1.650408922126638345e+01,-2.060147784636930268e+00
-2.840076013283217549e+01,-1.647408922126642494e+01,-2.078147784636932727e+00
-2.838776013283214184e+01,-1.645908922126635332e+01,1.984607563621415993e+00
-2.834876013283209772e+01,-1.641408922126628767e+01,-2.078147784636935391e+00
-2.833576013283209249e+01,-1.639908922126625157e+01,-2.078147784636930950e+00
-2.830976013283216730e+01,-1.636908922126623622e+01,-2.095147784636928634e+00
-2.829676013283221891e+01,-1.635408922126617881e+01,1.967607563621423639e+00
-2.826976013283211842e+01,-1.632408922126617057e+01,-2.095147784636920640e+00
-2.825676013283217003e+01,-1.630908922126611316e+01,-2.095147784636919752e+00
-2.822976013283212637e+01,-1.627908922126604807e+01,-2.113147784636920434e+00
-2.816176013283219959e+01,-1.620608922126601925e+01,1.932607563621430602e+00
-2.813376013283206589e+01,-1.617808922126597793e+01,-2.130147784636917230e+00
-2.810576013283207431e+01,-1.614908922126592472e+01,-2.130147784636909236e+00
-2.809176013283212114e+01,-1.613508922126592182e+01,-2.148147784636906366e+00
-2.806376013283207271e+01,-1.610708922126588760e+01,-2.148147784636902813e+00
-2.803576013283202428e+01,-1.607908922126588180e+01,1.914607563621437025e+00
-2.800776013283197585e+01,-1.605108922126583337e+01,-2.165147784636906714e+00
-2.799376013283199427e+01,-1.603708922126575942e+01,-2.165147784636904049e+00
-2.796376013283196471e+01,-1.600908922126572520e+01,-2.165147784636902273e+00
-2.793476013283196835e+01,-1.598108922126570519e+01,-2.183147784636899402e+00
-2.790476013283193879e+01,-1.595408922126565443e+01,1.879607563621447541e+00
-2.788976013283192401e+01,-1.594008922126568706e+01,-2.183147784636903843e+00
-2.785976013283200814e+01,-1.591408922126564107e+01,-2.200147784636907744e+00
-2.784476013283202178e+01,-1.590108922126564295e+01,-2.200147784636902415e+00
-2.779976013283194902e+01,-1.586208922126557752e+01,-2.217147784636896546e+00
-2.778476013283196266e+01,-1.584908922126556519e+01,1.845607563621448621e+00
-2.773876013283202724e+01,-1.581008922126552818e+01,-2.235147784636899893e+00
-2.772276013283203611e+01,-1.579708922126550874e+01,-2.235147784636895452e+00
-2.767576013283203906e+01,-1.575808922126545042e+01,-2.252147784636891359e+00
-2.764476013283203315e+01,-1.573208922126543996e+01,-2.252147784636894912e+00
-2.762876013283192833e+01,-1.571908922126537789e+01,-2.270147784636899146e+00
-2.759676013283194607e+01,-1.569308922126538164e+01,1.792607563621444244e+00
-2.757976013283197858e+01,-1.568008922126534088e+01,-2.270147784636900035e+00
-2.754676013283201996e+01,-1.565408922126533753e+01,-2.270147784636902699e+00
-2.751276013283199973e+01,-1.562808922126536260e+01,-2.270147784636897370e+00
-2.749576013283197540e+01,-1.561508922126537158e+01,-2.270147784636895594e+00
-2.746176013283201200e+01,-1.558908922126532559e+01,-2.270147784636895594e+00
-2.741076013283193902e+01,-1.555008922126527438e+01,1.792607563621451350e+00
-2.739476013283200473e+01,-1.553708922126531888e+01,-2.270147784636889376e+00
-2.737876013283192833e+01,-1.552408922126528523e+01,-2.270147784636886712e+00
-2.734676013283183238e+01,-1.549908922126529376e+01,-2.270147784636877830e+00
-2.731476013283182169e+01,-1.547408922126523123e+01,-2.270147784636868948e+00
-2.729876013283177372e+01,-1.546108922126521179e+01,-2.270147784636868948e+00
-2.728376013283178736e+01,-1.544808922126525630e+01,1.792607563621472666e+00
-2.725176013283177667e+01,-1.542308922126526483e+01,-2.252147784636870931e+00
-2.723576013283161501e+01,-1.541008922126524538e+01,-2.252147784636871819e+00
-2.720176013283168004e+01,-1.538408922126517808e+01,-2.252147784636871819e+00
-2.715176013283172551e+01,-1.534508922126508423e+01,-2.252147784636870043e+00
-2.713576013283167754e+01,-1.533208922126508611e+01,-2.252147784636868266e+00
-2.711976013283171483e+01,-1.531908922126509509e+01,1.810607563621473348e+00
-2.708676013283155726e+01,-1.529308922126516279e+01,-2.252147784636874484e+00
-2.705376013283162706e+01,-1.526708922126513102e+01,-2.252147784636871819e+00
-2.703776013283169277e+01,-1.525408922126513289e+01,-2.252147784636866490e+00
-2.700376013283170096e+01,-1.522808922126508691e+01,-2.252147784636862937e+00
-2.698776013283162456e+01,-1.521508922126508878e+01,-2.252147784636861161e+00
-2.695476013283163752e+01,-1.518908922126501437e+01,1.810607563621487559e+00
-2.692176013283162206e+01,-1.516308922126491865e+01,-2.252147784636860273e+00
-2.687376013283156340e+01,-1.512408922126495270e+01,-2.252147784636854055e+00
-2.682576013283156158e+01,-1.508508922126494411e+01,-2.270147784636851185e+00
-2.680976013283139991e+01,-1.507208922126491046e+01,-2.270147784636858290e+00
-2.679376013283138036e+01,-1.505908922126487681e+01,-2.270147784636861843e+00
-2.677676013283135603e+01,-1.504608922126492843e+01,1.792607563621493982e+00
-2.674376013283139741e+01,-1.502008922126489665e+01,-2.270147784636850297e+00
-2.671076013283129669e+01,-1.499408922126484356e+01,-2.270147784636847632e+00
-2.665976013283130897e+01,-1.495508922126477103e+01,-2.270147784636840527e+00
-2.664276013283122779e+01,-1.494208922126473027e+01,-2.270147784636836974e+00
-2.660876013283109387e+01,-1.491608922126470560e+01,-2.270147784636840527e+00
-2.659176013283109796e+01,-1.490308922126472879e+01,1.792607563621501088e+00
-2.655876013283116777e+01,-1.487708922126467570e+01,-2.270147784636843191e+00
-2.654276013283114821e+01,-1.486408922126465626e+01,-2.270147784636836974e+00
-2.650976013283116117e+01,-1.483908922126463636e+01,-2.270147784636840527e+00
-2.649276013283116527e+01,-1.482608922126465245e+01,-2.270147784636838750e+00
-2.645876013283114503e+01,-1.480008922126468462e+01,-2.270147784636840527e+00
-2.642576013283115799e+01,-1.477408922126466706e+01,1.792607563621508193e+00
-2.640876013283107682e+01,-1.476108922126471867e+01,-2.270147784636839638e+00
-2.637476013283105658e+01,-1.473508922126468690e+01,-2.270147784636836974e+00
-2.632376013283101202e+01,-1.469608922126463568e+01,-2.270147784636835198e+00
-2.630676013283093084e+01,-1.468308922126468019e+01,-2.270147784636835198e+00
-2.629076013283091129e+01,-1.467008922126461812e+01,-2.270147784636836974e+00
-2.625876013283090060e+01,-1.464408922126453660e+01,1.792607563621508193e+00
-2.624276013283090947e+01,-1.463108922126446743e+01,-2.270147784636832533e+00
-2.621076013283078510e+01,-1.460508922126442144e+01,-2.252147784636829186e+00
-2.616176013283077850e+01,-1.456608922126443417e+01,-2.252147784636822081e+00
-2.614476013283069733e+01,-1.455308922126439342e+01,-2.252147784636816752e+00
-2.612876013283062093e+01,-1.454008922126439529e+01,-2.252147784636809646e+00
-3.853567817123698092e+01,-1.451408543420193631e+01,1.810532548265971986e+00
-3.850267817123705072e+01,-1.448808543420193473e+01,-2.252222799992373403e+00
-3.848567817123696955e+01,-1.447508543420192950e+01,-2.252222799992370739e+00
-3.845267817123695409e+01,-1.444908543420197589e+01,-2.252222799992367186e+00
-3.843667817123699137e+01,-1.443608543420197066e+01,-2.252222799992363633e+00
-3.840767817123716554e+01,-1.441208543420190580e+01,-2.252222799992368962e+00
-3.840067817123718896e+01,-1.440708543420184640e+01,1.810532548265977981e+00
-3.839367817123724080e+01,-1.440108543420185327e+01,-2.252222799992376956e+00
-3.836467817123721602e+01,-1.437708543420183105e+01,-2.252222799992372515e+00
-3.833467817123721488e+01,-1.435208543420179694e+01,-2.252222799992368962e+00
-3.830367817123715213e+01,-1.432608543420170832e+01,-2.270222799992360763e+00
-3.827167817123716986e+01,-1.430108543420174527e+01,-2.270222799992360763e+00
-3.825567817123709347e+01,-1.428808543420174004e+01,1.792532548265984405e+00
-3.823967817123698865e+01,-1.427508543420181297e+01,-2.270222799992366980e+00
-3.817167817123697660e+01,-1.422308543420180627e+01,-2.270222799992364315e+00
-3.813767817123695636e+01,-1.419708543420181002e+01,-2.270222799992369644e+00
-3.812067817123696045e+01,-1.418408543420176926e+01,-2.270222799992366092e+00
-3.808667817123694022e+01,-1.415808543420174459e+01,-2.270222799992367868e+00
-3.805267817123700524e+01,-1.413208543420168439e+01,1.792532548265980852e+00
-3.802067817123699456e+01,-1.410708543420168581e+01,-2.270222799992363427e+00
-3.800467817123697500e+01,-1.409408543420163795e+01,-2.270222799992360763e+00
-3.797267817123693590e+01,-1.406908543420168201e+01,-2.270222799992355434e+00
-3.794067817123695363e+01,-1.404408543420171895e+01,-2.287222799992349564e+00
-3.792467817123684881e+01,-1.403208543420166876e+01,-2.287222799992344235e+00
-3.789267817123672444e+01,-1.400808543420161101e+01,1.757532548266005579e+00
-3.787567817123684222e+01,-1.399608543420158924e+01,-2.322222799992348818e+00
-3.784267817123665623e+01,-1.397208543420157412e+01,-2.322222799992347930e+00
-3.780867817123657915e+01,-1.394908543420154245e+01,-2.322222799992342601e+00
-3.777667817123659688e+01,-1.392608543420150369e+01,-2.322222799992342601e+00
-3.774367817123655300e+01,-1.390208543420148857e+01,-2.322222799992339048e+00
-3.772767817123661871e+01,-1.389108543420140762e+01,1.740532548266002566e+00
-3.769367817123665532e+01,-1.386708543420137829e+01,-2.322222799992341713e+00
-3.767767817123663576e+01,-1.385508543420136363e+01,-2.322222799992340825e+00
-3.764367817123667237e+01,-1.383108543420138403e+01,-2.305222799992344918e+00
-3.759467817123669420e+01,-1.379508543420142530e+01,-2.305222799992344918e+00
-3.756267817123659825e+01,-1.377108543420138176e+01,-2.305222799992341365e+00
-3.753067817123641703e+01,-1.374708543420140217e+01,1.757532548266005579e+00
-3.749767817123651525e+01,-1.372308543420140126e+01,-2.287222799992341571e+00
-3.748167817123641044e+01,-1.371008543420148129e+01,-2.287222799992338906e+00
-3.744967817123634291e+01,-1.368508543420147561e+01,-2.287222799992337130e+00
-3.743367817123623809e+01,-1.367308543420144673e+01,-2.287222799992342459e+00
-3.740167817123622740e+01,-1.364908543420141029e+01,-2.270222799992339446e+00
-3.736967817123618829e+01,-1.362408543420137619e+01,1.792532548266002168e+00
-3.735367817123614032e+01,-1.361108543420142780e+01,-2.270222799992342111e+00
-3.732167817123612963e+01,-1.358508543420139603e+01,-2.270222799992342999e+00
-3.727367817123618465e+01,-1.354608543420134481e+01,-2.252222799992345870e+00
-3.725867817123611303e+01,-1.353308543420136090e+01,-2.252222799992345870e+00
-3.722767817123613554e+01,-1.350708543420130781e+01,-2.235222799992346410e+00
-3.721167817123620125e+01,-1.349408543420125994e+01,1.827532548265998757e+00
-3.718167817123622854e+01,-1.346808543420123527e+01,-2.235222799992345522e+00
-3.716667817123607165e+01,-1.345508543420123004e+01,-2.235222799992342857e+00
-3.713667817123595682e+01,-1.342908543420124801e+01,-2.217222799992343951e+00
-3.710667817123587042e+01,-1.340308543420125886e+01,-2.217222799992342175e+00
-3.709167817123579880e+01,-1.339008543420130337e+01,-2.217222799992342175e+00
-3.705967817123573127e+01,-1.336208543420129757e+01,-2.217222799992343951e+00
-3.702767817123574901e+01,-1.333508543420123971e+01,1.862532548266002452e+00
-3.699567817123565305e+01,-1.330708543420125523e+01,-2.200222799992345379e+00
-3.697967817123554823e+01,-1.329308543420121680e+01,-2.200222799992342715e+00
-3.694867817123557074e+01,-1.326508543420116126e+01,-2.200222799992344491e+00
-3.693267817123546592e+01,-1.325108543420115126e+01,-2.200222799992344491e+00
-3.690167817123546001e+01,-1.322308543420120230e+01,1.862532548266002452e+00
-3.687067817123551094e+01,-1.319508543420118940e+01,-2.200222799992341827e+00
-3.685567817123543932e+01,-1.318108543420125045e+01,-2.200222799992344491e+00
-3.682567817123546661e+01,-1.315308543420124465e+01,-2.200222799992340939e+00
-3.679567817123540863e+01,-1.312608543420124363e+01,-2.200222799992337386e+00
-3.676567817123523696e+01,-1.310008543420116212e+01,-2.200222799992339162e+00
-3.673567817123512214e+01,-1.307408543420115166e+01,1.862532548266002452e+00
-3.672067817123510736e+01,-1.306108543420123169e+01,-2.217222799992351945e+00
-3.669067817123502095e+01,-1.303508543420118571e+01,-2.217222799992345728e+00
-3.664567817123497662e+01,-1.299608543420117002e+01,-2.217222799992343951e+00
-3.661467817123488544e+01,-1.297008543420111693e+01,-2.217222799992336846e+00
-3.659967817123492750e+01,-1.295708543420109748e+01,-2.217222799992338622e+00
-3.656867817123475106e+01,-1.293108543420111545e+01,1.827532548266012968e+00
-3.653867817123477835e+01,-1.290508543420110499e+01,-2.235222799992327758e+00
-3.650767817123468717e+01,-1.287908543420104479e+01,-2.252222799992322777e+00
-3.649167817123469604e+01,-1.286608543420099693e+01,-2.252222799992326330e+00
-3.647567817123459122e+01,-1.285308543420099170e+01,1.810532548266024166e+00
-3.644267817123463260e+01,-1.282708543420098124e+01,-2.252222799992316560e+00
-3.640967817123444661e+01,-1.280108543420094946e+01,-2.252222799992317448e+00
-3.637667817123454483e+01,-1.277508543420089637e+01,-2.252222799992310343e+00
-3.636067817123441159e+01,-1.276208543420092667e+01,-2.252222799992313895e+00
-3.632867817123434406e+01,-1.273608543420087358e+01,-2.252222799992312119e+00
-3.629767817123439499e+01,-1.271008543420085601e+01,1.810532548266031272e+00
-3.626667817123438908e+01,-1.268408543420079582e+01,-2.252222799992313007e+00
-3.625067817123434111e+01,-1.267108543420078348e+01,-2.252222799992308566e+00
-3.621867817123424516e+01,-1.264508543420077302e+01,-2.252222799992299684e+00
-3.618667817123426289e+01,-1.261908543420070572e+01,-2.235222799992300224e+00
-3.617167817123427653e+01,-1.260608543420072181e+01,-2.235222799992293119e+00
-3.613967817123412374e+01,-1.258008543420066871e+01,-2.235222799992294895e+00
-3.612367817123416103e+01,-1.256708543420070612e+01,1.827532548266055601e+00
-3.609167817123417876e+01,-1.254108543420062460e+01,-2.235222799992292231e+00
-3.607567817123424447e+01,-1.252808543420064069e+01,-2.235222799992293119e+00
-3.602767817123410055e+01,-1.248808543420066997e+01,-2.235222799992284237e+00
-3.601067817123407622e+01,-1.247408543420067417e+01,-2.235222799992282461e+00
-3.597867817123400869e+01,-1.244708543420065183e+01,1.827532548266055601e+00
-3.596267817123398913e+01,-1.243408543420062529e+01,-2.235222799992285125e+00
-3.593067817123395002e+01,-1.240708543420061005e+01,-2.235222799992284237e+00
-3.589867817123388249e+01,-1.237908543420061136e+01,-2.235222799992277132e+00
-3.588267817123389136e+01,-1.236508543420060846e+01,-2.235222799992270026e+00
-3.585067817123385225e+01,-1.233808543420058612e+01,-2.217222799992262239e+00
-3.580467817123383156e+01,-1.229908543420054201e+01,1.827532548266084023e+00
-3.578967817123378836e+01,-1.228608543420049415e+01,-2.235222799992263809e+00
-3.577467817123377358e+01,-1.227308543420049602e+01,-2.235222799992259368e+00
-3.574367817123388136e+01,-1.224708543420045004e+01,-2.235222799992262921e+00
-3.571167817123389909e+01,-1.222108543420039695e+01,-2.235222799992261145e+00
-3.569567817123376585e+01,-1.220808543420037751e+01,-2.235222799992261145e+00
-3.564867817123368354e+01,-1.216908543420034761e+01,1.810532548266088115e+00
-3.563267817123360715e+01,-1.215608543420034948e+01,-2.252222799992256164e+00
-3.560067817123348277e+01,-1.213008543420033902e+01,-2.252222799992253499e+00
-3.555067817123338614e+01,-1.209108543420028070e+01,-2.252222799992251723e+00
-3.551867817123351756e+01,-1.206508543420029866e+01,-2.252222799992244617e+00
-3.550167817123343639e+01,-1.205208543420027922e+01,1.810532548266102326e+00
-3.548567817123341683e+01,-1.203908543420029531e+01,-2.252222799992245506e+00
-3.545267817123345822e+01,-1.201308543420027775e+01,-2.252222799992242841e+00
-3.541967817123335749e+01,-1.198708543420027439e+01,-2.252222799992239288e+00
-3.540367817123333793e+01,-1.197408543420029048e+01,-2.252222799992233959e+00
-3.537067817123323721e+01,-1.194808543420027291e+01,-2.252222799992235736e+00
-3.535467817123316081e+01,-1.193508543420026768e+01,1.810532548266116537e+00
-3.532167817123303166e+01,-1.190908543420028565e+01,-2.252222799992231295e+00
-3.527367817123297300e+01,-1.187008543420026996e+01,-2.252222799992219748e+00
-3.525767817123309555e+01,-1.185708543420021499e+01,-2.252222799992219748e+00
-3.521067817123292798e+01,-1.181808543420016377e+01,-2.235222799992220288e+00
-3.518067817123281316e+01,-1.179208543420009647e+01,-2.235222799992214959e+00
-3.516467817123276518e+01,-1.177908543420008414e+01,-2.235222799992213183e+00
-3.513367817123287296e+01,-1.175308543420007368e+01,1.827532548266133761e+00
-3.511767817123291024e+01,-1.174008543420008976e+01,-2.235222799992206966e+00
-3.507167817123297482e+01,-1.170008543420006220e+01,-2.235222799992209630e+00
-3.505567817123289842e+01,-1.168708543420007828e+01,-2.235222799992207854e+00
-3.502367817123285931e+01,-1.166008543420007015e+01,-2.235222799992211407e+00
-3.499167817123287705e+01,-1.163308543420011887e+01,1.827532548266133761e+00
-3.495967817123275267e+01,-1.160708543420009420e+01,-2.235222799992210518e+00
-3.494467817123270947e+01,-1.159408543420003923e+01,-2.235222799992206077e+00
-3.492867817123263308e+01,-1.158108543420004111e+01,-2.235222799992204301e+00
-3.489667817123259397e+01,-1.155408543420006851e+01,-2.235222799992200748e+00
-3.488167817123243708e+01,-1.154108543420014144e+01,-2.235222799992204301e+00
-3.485067817123251643e+01,-1.151508543420015229e+01,1.827532548266144419e+00
-3.481867817123242048e+01,-1.148908543420011341e+01,-2.235222799992196308e+00
-3.478667817123229611e+01,-1.146308543420008874e+01,-2.235222799992191867e+00
-3.475467817123217174e+01,-1.143708543420012091e+01,-2.235222799992198972e+00
-3.473867817123218060e+01,-1.142308543420011091e+01,-2.235222799992202525e+00
-3.470767817123203258e+01,-1.139708543420007913e+01,-2.235222799992207854e+00
-3.469167817123198461e+01,-1.138408543420008101e+01,1.827532548266140866e+00
-3.465967817123191708e+01,-1.135708543420007999e+01,-2.235222799992203413e+00
-3.464367817123181226e+01,-1.134408543420004634e+01,-2.235222799992198972e+00
-3.459567817123166833e+01,-1.130508543420002354e+01,-2.252222799992203761e+00
-3.457867817123170084e+01,-1.129208543420002542e+01,-2.252222799992201985e+00
-3.454467817123165219e+01,-1.126508543419996755e+01,1.810532548266141406e+00
-3.452867817123168948e+01,-1.125208543419995522e+01,-2.252222799992206426e+00
-3.449567817123167401e+01,-1.122608543419994476e+01,-2.252222799992194879e+00
-3.446267817123168697e+01,-1.120008543419994140e+01,-2.252222799992189550e+00
-3.444667817123178111e+01,-1.118708543419992907e+01,-2.252222799992185998e+00
-3.441367817123179407e+01,-1.116108543419989019e+01,-2.252222799992193103e+00
-3.439767817123185978e+01,-1.114808543419986364e+01,1.810532548266152064e+00
-3.436667817123174018e+01,-1.112208543419983187e+01,-2.235222799992192755e+00
-3.433567817123176269e+01,-1.109608543419983562e+01,-2.235222799992191867e+00
-3.431967817123179998e+01,-1.108308543419985170e+01,-2.235222799992190090e+00
-3.427167817123179816e+01,-1.104308543419984545e+01,-2.235222799992186538e+00
-3.425567817123183545e+01,-1.103008543419985443e+01,-2.235222799992188314e+00
-3.422367817123179634e+01,-1.100408543419983687e+01,-2.235222799992181208e+00
-3.420767817123160626e+01,-1.099108543419980322e+01,1.827532548266169288e+00
-3.417567817123168084e+01,-1.096408543419984483e+01,-2.235222799992171439e+00
-3.415967817123163286e+01,-1.095108543419985381e+01,-2.235222799992170550e+00
-3.411167817123154578e+01,-1.091108543419985466e+01,-2.235222799992168774e+00
-3.409567817123149780e+01,-1.089808543419985654e+01,-2.235222799992168774e+00
-3.407967817123147825e+01,-1.088508543419986552e+01,1.827532548266179946e+00
-3.372767817123144596e+01,-1.058508543419988257e+01,-2.217222799992170756e+00
-3.369867817123139275e+01,-1.055908543419984369e+01,-2.217222799992168092e+00
-3.369367817123134046e+01,-1.055508543419986722e+01,-2.217222799992162763e+00
-3.368567817123127384e+01,-1.054808543419984801e+01,-2.217222799992162763e+00
-3.367267817123129703e+01,-1.053708543419983812e+01,-2.217222799992160986e+00
-3.364067817123125792e+01,-1.051008543419979446e+01,1.845532548266180628e+00
-3.362467817123123837e+01,-1.049708543419977502e+01,-2.217222799992167204e+00
-3.359267817123119926e+01,-1.047008543419978110e+01,-2.217222799992159210e+00
-3.354467817123119744e+01,-1.042908543419977718e+01,-2.217222799992157434e+00
-3.352867817123112104e+01,-1.041608543419974353e+01,-2.217222799992159210e+00
-3.349667817123111035e+01,-1.038808543419973773e+01,-2.217222799992159210e+00
-3.346467817123101440e+01,-1.036008543419974615e+01,1.845532548266184181e+00
-3.344867817123096643e+01,-1.034708543419978355e+01,-2.217222799992152993e+00
-3.343267817123080476e+01,-1.033308543419976644e+01,-2.217222799992155657e+00
-3.340167817123085570e+01,-1.030608543419977963e+01,-2.217222799992153881e+00
-3.338567817123089299e+01,-1.029208543419975541e+01,-2.217222799992157434e+00
-3.335367817123093914e+01,-1.026508543419977570e+01,1.845532548266194839e+00
-3.330567817123085206e+01,-1.022408543419976468e+01,-2.217222799992156546e+00
-3.325767817123082182e+01,-1.018408543419972290e+01,-2.217222799992157434e+00
-3.324167817123083069e+01,-1.017008543419969868e+01,-2.217222799992155657e+00
-3.320967817123082000e+01,-1.014308543419968345e+01,-2.217222799992150328e+00
-3.317767817123080931e+01,-1.011508543419968476e+01,-2.217222799992146776e+00
-3.316167817123078976e+01,-1.010108543419962501e+01,1.845532548266201944e+00
-3.312867817123071745e+01,-1.007408543419959557e+01,-2.235222799992139464e+00
-3.311267817123072632e+01,-1.006108543419963297e+01,-2.235222799992131471e+00
-3.308067817123065879e+01,-1.003308543419962717e+01,-2.235222799992129694e+00
-3.303267817123057171e+01,-9.993085434199606709e+00,-2.235222799992127918e+00
-3.301667817123043847e+01,-9.980085434199644112e+00,1.827532548266219026e+00
-3.298467817123031409e+01,-9.953085434199628878e+00,-2.235222799992135911e+00
-3.296867817123032296e+01,-9.939085434199590452e+00,-2.235222799992131471e+00
-3.293667817123034069e+01,-9.912085434199582323e+00,-2.235222799992126141e+00
-3.292067817123023588e+01,-9.898085434199593635e+00,-2.235222799992122589e+00
-3.288867817123022519e+01,-9.871085434199599717e+00,-2.235222799992120812e+00
-3.287267817123026248e+01,-9.858085434199566066e+00,-2.235222799992124365e+00
-3.282467817123026066e+01,-9.817085434199562144e+00,1.827532548266226131e+00
-3.280867817123018426e+01,-9.804085434199549809e+00,-2.235222799992118148e+00
-3.277667817123014515e+01,-9.777085434199555891e+00,-2.235222799992113707e+00
-3.276067817123006876e+01,-9.763085434199510360e+00,-2.235222799992120812e+00
-3.269667817123013265e+01,-9.709085434199486997e+00,-2.235222799992119036e+00
-3.268067817122997099e+01,-9.696085434199495978e+00,1.827532548266229684e+00
-3.264867817122978977e+01,-9.668085434199525707e+00,-2.235222799992118148e+00
-3.263267817122965653e+01,-9.654085434199515703e+00,-2.235222799992115483e+00
-3.260067817122958900e+01,-9.627085434199500469e+00,-2.235222799992110154e+00
-3.256867817122952147e+01,-9.600085434199463919e+00,-2.235222799992110154e+00
-3.253667817122953920e+01,-9.573085434199434474e+00,-2.235222799992111931e+00
-3.250567817122953329e+01,-9.547085434199381382e+00,1.845532548266237471e+00
-3.249067817122957536e+01,-9.534085434199390363e+00,-2.217222799992106808e+00
-3.246067817122954580e+01,-9.508085434199401220e+00,-2.217222799992102367e+00
-3.244567817122947417e+01,-9.495085434199360463e+00,-2.217222799992102367e+00
-3.241567817122935935e+01,-9.469085434199328688e+00,-2.217222799992104143e+00
-3.239967817122931137e+01,-9.456085434199358986e+00,-2.217222799992109472e+00
-3.235167817122933798e+01,-9.414085434199314761e+00,1.845532548266241024e+00
-3.233567817122937527e+01,-9.400085434199262124e+00,-2.217222799992099702e+00
-3.230367817122930774e+01,-9.372085434199263432e+00,-2.217222799992102367e+00
-3.227167817122926863e+01,-9.345085434199233987e+00,-2.217222799992098814e+00
-3.225567817122922065e+01,-9.331085434199202666e+00,-2.217222799992091709e+00
-3.222367817122915312e+01,-9.303085434199232395e+00,-2.200222799992095801e+00
-3.219367817122915199e+01,-9.276085434199217161e+00,1.845532548266255235e+00
-3.217867817122919405e+01,-9.263085434199190615e+00,-2.217222799992092597e+00
-3.214767817122913129e+01,-9.237085434199158840e+00,-2.217222799992093485e+00
-3.211667817122904012e+01,-9.209085434199188569e+00,-2.217222799992095261e+00
-3.210067817122899214e+01,-9.195085434199143037e+00,-2.217222799992093485e+00
-3.207067817122899100e+01,-9.169085434199097051e+00,-2.217222799992091709e+00
-3.203967817122909878e+01,-9.143085434199015538e+00,1.845532548266255235e+00
-3.199467817122911129e+01,-9.104085434199014060e+00,-2.217222799992092597e+00
-3.196467817122905331e+01,-9.078085434199010706e+00,-2.235222799992085285e+00
-3.194967817122901010e+01,-9.065085434199005476e+00,-2.235222799992076403e+00
-3.191867817122903261e+01,-9.039085434198931068e+00,-2.235222799992078180e+00
-3.188767817122894144e+01,-9.013085434198920609e+00,-2.235222799992078180e+00
-3.187167817122883662e+01,-9.000085434198943801e+00,1.827532548266265211e+00
-3.183967817122876909e+01,-8.974085434198947553e+00,-2.252222799992078528e+00
-3.180767817122878682e+01,-8.948085434198908672e+00,-2.235222799992076403e+00
-3.177967817122876681e+01,-8.925085434198905432e+00,-2.235222799992072851e+00
-3.177367817122862448e+01,-8.920085434198902874e+00,-2.235222799992074627e+00
-3.175467817122859060e+01,-8.904085434198933058e+00,-2.235222799992074627e+00
-3.173967817122854740e+01,-8.891085434198963355e+00,1.827532548266272316e+00
-3.172467817122858946e+01,-8.878085434198965231e+00,-2.235222799992064857e+00
-3.169467817122855990e+01,-8.852085434198947667e+00,-2.217222799992056181e+00
-3.167967817122851670e+01,-8.839085434198942437e+00,-2.217222799992059734e+00
-3.164967817122854399e+01,-8.813085434198931978e+00,-2.217222799992056181e+00
-3.161867817122845281e+01,-8.786085434198909638e+00,1.845532548266290762e+00
-3.158967817122851329e+01,-8.760085434198860099e+00,-2.217222799992053517e+00
-3.155967817122862584e+01,-8.733085434198873287e+00,-2.200222799992049616e+00
-3.154467817122858264e+01,-8.720085434198836083e+00,-2.200222799992042511e+00
-3.151467817122858150e+01,-8.694085434198818518e+00,-2.200222799992038958e+00
-3.149967817122848146e+01,-8.681085434198841710e+00,-2.200222799992035405e+00
-3.147067817122831457e+01,-8.655085434198820593e+00,1.862532548266307986e+00
-3.145567817122827137e+01,-8.642085434198829574e+00,-2.200222799992039846e+00
-3.142567817122821339e+01,-8.616085434198840431e+00,-2.200222799992038958e+00
-3.139567817122821225e+01,-8.590085434198769576e+00,-2.200222799992038958e+00
-3.136667817122818747e+01,-8.564085434198716484e+00,-2.200222799992042511e+00
-3.133667817122818633e+01,-8.537085434198687039e+00,-2.217222799992036641e+00
-3.132167817122808628e+01,-8.524085434198664046e+00,1.845532548266308526e+00
-3.129067817122799511e+01,-8.498085434198642929e+00,-2.217222799992039306e+00
-3.126067817122802239e+01,-8.472085434198572074e+00,-2.217222799992036641e+00
-3.124567817122809288e+01,-8.459085434198598819e+00,-2.217222799992038418e+00
-3.121467817122808697e+01,-8.433085434198559938e+00,-2.235222799992033771e+00
-3.119867817122809583e+01,-8.420085434198590235e+00,1.827532548266304291e+00
-3.116667817122808515e+01,-8.394085434198565565e+00,-2.235222799992039988e+00
-3.113467817122804604e+01,-8.368085434198565764e+00,-2.235222799992035547e+00
-3.110267817122797851e+01,-8.341085434198532766e+00,-2.235222799992039100e+00
-3.107067817122791098e+01,-8.314085434198542401e+00,-2.235222799992040876e+00
-3.105467817122780616e+01,-8.301085434198522961e+00,-2.235222799992044429e+00
-3.102267817122773863e+01,-8.274085434198529043e+00,1.827532548266304291e+00
-3.100667817122777592e+01,-8.261085434198552235e+00,-2.235222799992036435e+00
-3.097467817122776523e+01,-8.235085434198527565e+00,-2.235222799992035547e+00
-3.090967817122779593e+01,-8.182085434198544505e+00,-2.235222799992035547e+00
-3.089367817122774795e+01,-8.168085434198541606e+00,-2.235222799992030218e+00
-3.086167817122779411e+01,-8.142085434198534699e+00,-2.235222799992031995e+00
-3.084567817122780298e+01,-8.129085434198540128e+00,1.827532548266314949e+00
-3.081367817122765018e+01,-8.102085434198524894e+00,-2.235222799992036435e+00
-3.078067817122760630e+01,-8.076085434198500224e+00,-2.235222799992035547e+00
-3.076467817122758674e+01,-8.063085434198470125e+00,-2.235222799992040876e+00
-3.073167817122759971e+01,-8.036085434198465549e+00,-2.235222799992039100e+00
-3.071567817122760857e+01,-8.023085434198449661e+00,-2.235222799992040876e+00
-3.068267817122759311e+01,-7.996085434198466402e+00,1.827532548266304291e+00
-3.065067817122766769e+01,-7.970085434198448837e+00,-2.235222799992039988e+00
-3.061867817122768543e+01,-7.944085434198417062e+00,-2.235222799992035547e+00
-3.058567817122778365e+01,-7.918085434198392392e+00,-2.235222799992030218e+00
-3.056967817122782094e+01,-7.905085434198390715e+00,-2.235222799992030218e+00
-3.053667817122766337e+01,-7.878085434198347059e+00,1.827532548266318502e+00
-3.052067817122758697e+01,-7.865085434198359593e+00,-2.235222799992029330e+00
-3.048967817122758106e+01,-7.839085434198327818e+00,-2.235222799992026665e+00
-3.047367817122741940e+01,-7.826085434198326141e+00,-2.235222799992017784e+00
-3.042767817122748397e+01,-7.787085434198328215e+00,-2.235222799992017784e+00
-3.041267817122752604e+01,-7.774085434198312328e+00,-2.235222799992014231e+00
-3.038167817122740644e+01,-7.748085434198259236e+00,1.827532548266332713e+00
-3.035167817122734846e+01,-7.722085434198241671e+00,-2.217222799992017990e+00
-3.033667817122730526e+01,-7.709085434198236442e+00,-2.217222799992024207e+00
-3.030667817122727570e+01,-7.683085434198222430e+00,-2.217222799992024207e+00
-3.029167817122723250e+01,-7.670085434198174568e+00,-2.217222799992024207e+00
-3.026167817122720294e+01,-7.644085434198117923e+00,-2.217222799992024207e+00
-3.024667817122721658e+01,-7.631085434198141115e+00,-2.200222799992022971e+00
-3.021667817122707334e+01,-7.605085434198119998e+00,1.862532548266322197e+00
-3.018667817122707220e+01,-7.579085434198130855e+00,-2.200222799992022082e+00
-3.014167817122714155e+01,-7.538085434198091406e+00,-2.183222799992020846e+00
-3.009767817122715883e+01,-7.497085434198066167e+00,-2.183222799992018182e+00
-3.008267817122708720e+01,-7.483085434198049057e+00,-2.183222799992014629e+00
-3.005367817122706242e+01,-7.455085434198075234e+00,-2.165222799992015723e+00
-3.003967817122696715e+01,-7.441085434198043913e+00,1.897532548266332997e+00
-3.000967817122699444e+01,-7.413085434198020351e+00,-2.165222799992018388e+00
-2.999467817122703650e+01,-7.399085434198035216e+00,-2.165222799992019276e+00
-2.996467817122695010e+01,-7.370085434197992669e+00,-2.165222799992015723e+00
-2.994967817122699216e+01,-7.355085434197953020e+00,-2.165222799992021052e+00
-2.991967817122690576e+01,-7.325085434197923462e+00,1.914532548266328904e+00
-2.988967817122687620e+01,-7.297085434197931875e+00,-2.165222799992018388e+00
-2.986167817122682777e+01,-7.269085434197883444e+00,-2.165222799992013947e+00
-2.983367817122680776e+01,-7.241085434197881199e+00,-2.165222799992017499e+00
-2.981967817122679776e+01,-7.227085434197885405e+00,-2.165222799992012170e+00
-2.979067817122665929e+01,-7.199085434197879607e+00,1.897532548266332997e+00
-2.977667817122656402e+01,-7.185085434197841181e+00,-2.165222799992018388e+00
-2.974867817122654401e+01,-7.158085434197836605e+00,-2.165222799992017499e+00
-2.973467817122656243e+01,-7.144085434197805284e+00,-2.165222799992010394e+00
-2.970567817122656606e+01,-7.116085434197810144e+00,1.879532548266342973e+00
-2.969067817122655129e+01,-7.102085434197785929e+00,-2.183222799992008412e+00
-2.966067817122663541e+01,-7.074085434197758815e+00,-2.183222799992004859e+00
-2.961667817122665269e+01,-7.034085434197766773e+00,-2.200222799992005207e+00
-2.960167817122663791e+01,-7.020085434197724794e+00,-2.200222799992003431e+00
-2.957067817122660358e+01,-6.993085434197706007e+00,-2.200222799992005207e+00
-2.955567817122650354e+01,-6.979085434197681792e+00,1.862532548266343513e+00
-2.952367817122646443e+01,-6.951085434197683099e+00,-2.200222799991993661e+00
-2.950767817122653014e+01,-6.937085434197673095e+00,-2.200222799991992773e+00
-2.947567817122654787e+01,-6.909085434197699271e+00,-2.200222799991990996e+00
-2.945967817122647148e+01,-6.895085434197696372e+00,-2.217222799991986903e+00
-2.942767817122646079e+01,-6.867085434197676364e+00,1.845532548266358264e+00
-2.938267817122638803e+01,-6.828085434197639358e+00,-2.200222799991986555e+00
-2.936767817122634483e+01,-6.815085434197634129e+00,-2.200222799991990996e+00
-2.933767817122625843e+01,-6.789085434197648539e+00,-2.200222799991992773e+00
-2.932267817122610154e+01,-6.776085434197646862e+00,-2.200222799991996325e+00
-2.929267817122607198e+01,-6.748085434197630406e+00,-2.200222799991992773e+00
-2.924767817122602764e+01,-6.708085434197663233e+00,-2.183222799991993313e+00
-2.923367817122601764e+01,-6.695085434197629581e+00,1.879532548266346526e+00
-2.920367817122613019e+01,-6.667085434197637994e+00,-2.183222799992001306e+00
-2.915767817122605265e+01,-6.624085434197628075e+00,-2.183222799992000418e+00
-2.914267817122606630e+01,-6.610085434197607412e+00,-2.183222799992000418e+00
-2.911167817122594670e+01,-6.582085434197583851e+00,1.879532548266342973e+00
-2.909667817122604561e+01,-6.568085434197552530e+00,-2.183222799992008412e+00
-2.906667817122607289e+01,-6.539085434197527746e+00,-2.183222799992006635e+00
-2.905167817122611496e+01,-6.525085434197496426e+00,-2.183222799992000418e+00
-2.902167817122608540e+01,-6.497085434197501286e+00,-2.183222799992007523e+00
-2.900867817122596648e+01,-6.485085434197479515e+00,-2.183222799992011076e+00
-2.900167817122604674e+01,-6.479085434197518367e+00,1.879532548266342973e+00
-2.898267817122606971e+01,-6.461085434197531896e+00,-2.183222799992004859e+00
-2.894067817122609654e+01,-6.422085434197477127e+00,-2.183222799992003971e+00
-2.889567817122602378e+01,-6.380085434197440009e+00,-2.183222799992000418e+00
-2.888067817122592373e+01,-6.366085434197415793e+00,-2.183222799991998642e+00
-2.886567817122590895e+01,-6.353085434197389247e+00,-2.183222799991998642e+00
-2.883667817122591259e+01,-6.326085434197352697e+00,1.862532548266343513e+00
-2.882167817122592623e+01,-6.313085434197351020e+00,-2.200222799992000766e+00
-2.879167817122595352e+01,-6.286085434197364208e+00,-2.200222799991998102e+00
-2.874567817122581914e+01,-6.244085434197376827e+00,-2.200222799991994549e+00
-2.872967817122571432e+01,-6.230085434197320637e+00,1.862532548266350618e+00
-2.869867817122567999e+01,-6.203085434197291193e+00,-2.217222799991996673e+00
-2.866767817122564566e+01,-6.176085434197247537e+00,-2.217222799991992233e+00
-2.865167817122559768e+01,-6.162085434197273059e+00,-2.217222799991990456e+00
-2.863667817122563974e+01,-6.149085434197299804e+00,-2.217222799991994009e+00
-2.860467817122560064e+01,-6.122085434197259701e+00,-2.217222799991992233e+00
-2.858867817122558108e+01,-6.108085434197214170e+00,1.845532548266354711e+00
-2.855667817122559882e+01,-6.081085434197209594e+00,-2.217222799991989568e+00
-2.852667817122571137e+01,-6.055085434197213345e+00,-2.217222799991985127e+00
-2.849667817122571023e+01,-6.029085434197174465e+00,-2.217222799991981574e+00
-2.846667817122565225e+01,-6.003085434197139136e+00,-2.217222799991979798e+00
-2.843667817122565111e+01,-5.976085434197141666e+00,-2.217222799991974469e+00
-2.842067817122557472e+01,-5.962085434197149425e+00,1.862532548266364829e+00
-2.838967817122568249e+01,-5.935085434197127086e+00,-2.200222799991990108e+00
-2.837467817122566771e+01,-5.922085434197150278e+00,-2.200222799991990996e+00
-2.834467817122563815e+01,-5.895085434197152807e+00,-2.200222799991989220e+00
-2.832967817122556653e+01,-5.881085434197117934e+00,-2.200222799991985667e+00
-2.828367817122557426e+01,-5.840085434197138881e+00,-2.200222799991982114e+00
-2.826867817122550264e+01,-5.826085434197089796e+00,1.862532548266364829e+00
-2.823667817122554879e+01,-5.798085434197115973e+00,-2.200222799991986555e+00
-2.820667817122557608e+01,-5.770085434197145702e+00,-2.183222799991986207e+00
-2.817767817122555130e+01,-5.743085434197155337e+00,-2.183222799991980878e+00
-2.816267817122545125e+01,-5.730085434197167871e+00,-2.183222799991979102e+00
-2.814767817122546489e+01,-5.716085434197154314e+00,1.879532548266367842e+00
-2.811867817122532642e+01,-5.688085434197155621e+00,-2.183222799991972884e+00
-2.810467817122528800e+01,-5.674085434197159827e+00,-2.165222799991969538e+00
-2.807367817122528209e+01,-5.645085434197106622e+00,-2.165222799991964209e+00
-2.804367817122522411e+01,-5.616085434197085391e+00,-2.165222799991958880e+00
-2.802867817122512406e+01,-5.602085434197068281e+00,-2.165222799991962432e+00
-2.798367817122505130e+01,-5.558085434197067798e+00,1.897532548266386287e+00
-2.796867817122497968e+01,-5.544085434197050688e+00,-2.165222799991965097e+00
-2.793867817122492170e+01,-5.514085434197045998e+00,-2.165222799991961544e+00
-2.792367817122499218e+01,-5.500085434197046652e+00,-2.165222799991965985e+00
-2.789567817122494375e+01,-5.473085434197010102e+00,-2.165222799991964209e+00
-2.788067817122478687e+01,-5.459085434197021414e+00,-2.165222799991957103e+00
-2.783667817122474730e+01,-5.416085434196997284e+00,1.897532548266389840e+00
-2.782267817122470888e+01,-5.402085434197008595e+00,-2.165222799991961544e+00
-2.780767817122469410e+01,-5.388085434197037671e+00,-2.165222799991962432e+00
-2.777867817122464089e+01,-5.360085434197035426e+00,-2.183222799991959562e+00
-2.771967817122467181e+01,-5.305085434197007288e+00,1.879532548266382053e+00
-2.770467817122477072e+01,-5.291085434196990178e+00,-2.183222799991965779e+00
-2.767467817122485485e+01,-5.263085434197034118e+00,-2.183222799991957785e+00
-2.765867817122480687e+01,-5.249085434197034772e+00,-2.183222799991959562e+00
-2.762767817122477254e+01,-5.221085434197000552e+00,-2.200222799991948364e+00
-2.759667817122479505e+01,-5.193085434197008965e+00,-2.200222799991948364e+00
-2.758067817122463339e+01,-5.179085434196981197e+00,1.862532548266400356e+00
-2.754867817122462270e+01,-5.151085434197000268e+00,-2.200222799991947475e+00
-2.751767817122461679e+01,-5.123085434197001575e+00,-2.200222799991944811e+00
-2.748667817122461088e+01,-5.095085434196995777e+00,-2.200222799991943035e+00
-2.746967817122450128e+01,-5.080085434196959682e+00,-2.183222799991943575e+00
-2.746867817122452493e+01,-5.079085434196997539e+00,1.879532548266406922e+00
-2.744967817122443421e+01,-5.061085434196993305e+00,-2.183222799991937357e+00
-2.743467817122444785e+01,-5.047085434197004616e+00,-2.183222799991936469e+00
-2.740467817122444671e+01,-5.019085434197037898e+00,-2.183222799991938246e+00
-2.739067817122437987e+01,-5.006085434197075301e+00,-2.183222799991932916e+00
-2.736067817122437873e+01,-4.978085434197048187e+00,1.879532548266417580e+00
-2.733167817122426868e+01,-4.950085434197081469e+00,-2.165222799991922464e+00
-2.730267817122421548e+01,-4.923085434197048471e+00,-2.165222799991925129e+00
-2.727367817122419069e+01,-4.895085434197074647e+00,-2.165222799991921576e+00
-2.725867817122409065e+01,-4.881085434197114381e+00,-2.165222799991916247e+00
-2.722867817122403267e+01,-4.852085434197075386e+00,1.897532548266432473e+00
-2.721367817122401789e+01,-4.837085434197049949e+00,-2.165222799991911806e+00
-2.718267817122395513e+01,-4.807085434197013285e+00,-2.165222799991914471e+00
-2.716767817122396877e+01,-4.792085434196984295e+00,-2.165222799991910918e+00
-2.713767817122399606e+01,-4.763085434196948853e+00,-2.165222799991910918e+00
-2.712267817122403812e+01,-4.748085434196909205e+00,1.897532548266432473e+00
-2.707767817122390852e+01,-4.705085434196906391e+00,-2.165222799991915359e+00
-2.704767817122396423e+01,-4.675085434196883938e+00,-2.165222799991922464e+00
-2.703267817122403471e+01,-4.661085434196863275e+00,-2.165222799991925129e+00
-2.701867817122399629e+01,-4.647085434196874587e+00,-2.165222799991919800e+00
-2.696267817122406996e+01,-4.592085434196839344e+00,-2.165222799991918023e+00
-2.693367817122398833e+01,-4.565085434196827663e+00,1.897532548266425367e+00
-2.691967817122386464e+01,-4.551085434196828317e+00,-2.165222799991922464e+00
-2.689167817122384463e+01,-4.524085434196809530e+00,-2.183222799991915153e+00
-2.684667817122388556e+01,-4.482085434196775964e+00,-2.183222799991909824e+00
-2.683167817122392762e+01,-4.468085434196751748e+00,-2.183222799991908047e+00
-2.681667817122391284e+01,-4.454085434196763060e+00,1.879532548266446002e+00
-2.678567817122390693e+01,-4.426085434196796342e+00,-2.183222799991905383e+00
-2.677067817122392057e+01,-4.412085434196818312e+00,-2.200222799991902178e+00
-2.673967817122388624e+01,-4.384085434196848041e+00,-2.200222799991902178e+00
-2.670767817122398924e+01,-4.356085434196831585e+00,-2.200222799991900402e+00
-2.669267817122388919e+01,-4.342085434196814475e+00,1.862532548266450094e+00
-2.666267817122391648e+01,-4.314085434196814006e+00,-2.183222799991898277e+00
-2.663267817122391534e+01,-4.288085434196775125e+00,-2.183222799991899166e+00
-2.661867817122387692e+01,-4.275085434196734369e+00,-2.183222799991899166e+00
-2.657367817122386100e+01,-4.234085434196689590e+00,-2.183222799991890284e+00
-2.655867817122384622e+01,-4.220085434196699126e+00,1.879532548266456660e+00
-2.652967817122382144e+01,-4.192085434196670235e+00,-2.165222799991886937e+00
-2.651467817122383508e+01,-4.178085434196635362e+00,-2.165222799991888714e+00
-2.646967817122376232e+01,-4.135085434196625442e+00,-2.165222799991887825e+00
-4.118151236358488632e+01,-4.107081651977459558e+00,-2.165297719410648636e+00
-4.115151236358474307e+01,-4.079081651977491063e+00,-2.165297719410643751e+00
-4.110651236358484084e+01,-4.034081651977437843e+00,1.897457628847703193e+00
-4.109151236358485448e+01,-4.019081651977401748e+00,-2.165297719410641086e+00
-4.107651236358498181e+01,-4.004081651977385192e+00,-2.165297719410640198e+00
-4.104651236358495225e+01,-3.975081651977340869e+00,-2.165297719410636645e+00
-4.103151236358502274e+01,-3.960081651977349182e+00,1.897457628847710298e+00
-4.100151236358493634e+01,-3.930081651977324952e+00,-2.148297719410638074e+00
-4.098651236358483629e+01,-3.916081651977323830e+00,-2.148297719410641626e+00
-4.095651236358474989e+01,-3.886081651977322693e+00,-2.148297719410635409e+00
-4.092651236358477718e+01,-3.857081651977319225e+00,-2.148297719410633633e+00
-4.091251236358465349e+01,-3.843081651977337643e+00,-2.165297719410629540e+00
-4.088451236358451979e+01,-3.815081651977351385e+00,1.897457628847717404e+00
-4.084251236358460346e+01,-3.774081651977351015e+00,-2.165297719410630428e+00
-4.082851236358453662e+01,-3.760081651977365880e+00,-2.165297719410627764e+00
-4.079951236358448341e+01,-3.732081651977352976e+00,-2.165297719410624211e+00
-4.077051236358448705e+01,-3.704081651977350731e+00,1.879457628847723827e+00
-4.075551236358461438e+01,-3.690081651977331845e+00,-2.183297719410620452e+00
-4.074051236358457118e+01,-3.676081651977350262e+00,-2.183297719410616011e+00
-4.070951236358450842e+01,-3.647081651977320149e+00,-2.183297719410616011e+00
-4.069451236358446522e+01,-3.633081651977297710e+00,-2.183297719410614235e+00
-4.066351236358443089e+01,-3.605081651977318558e+00,-2.183297719410608906e+00
-4.061851236358441497e+01,-3.563081651977315190e+00,1.879457628847738038e+00
-4.060251236358431015e+01,-3.548081651977302187e+00,-2.183297719410609794e+00
-4.057151236358424740e+01,-3.520081651977301718e+00,-2.183297719410608906e+00
-4.054151236358410415e+01,-3.492081651977288814e+00,-2.183297719410610682e+00
-4.052651236358420306e+01,-3.479081651977301348e+00,-2.183297719410612459e+00
-4.051251236358410779e+01,-3.465081651977293120e+00,1.879457628847730932e+00
-4.048351236358422511e+01,-3.438081651977279662e+00,-2.183297719410616899e+00
-4.046851236358421033e+01,-3.424081651977276763e+00,-2.165297719410613553e+00
-4.043851236358415235e+01,-3.396081651977254978e+00,-2.165297719410608224e+00
-4.039551236358403230e+01,-3.354081651977253387e+00,-2.165297719410611776e+00
-4.038051236358398910e+01,-3.340081651977248711e+00,-2.165297719410610000e+00
-4.035251236358396909e+01,-3.312081651977276664e+00,1.897457628847735167e+00
-4.032251236358405322e+01,-3.282081651977282633e+00,-2.148297719410620310e+00
-4.030751236358386791e+01,-3.268081651977263746e+00,-2.148297719410614093e+00
-4.029551236358375377e+01,-3.255081651977224766e+00,-2.165297719410610000e+00
-4.029051236358370147e+01,-3.251081651977221654e+00,-2.165297719410613553e+00
-4.028351236358372489e+01,-3.244081651977245073e+00,1.897457628847731614e+00
-4.025651236358370966e+01,-3.217081651977263590e+00,-2.148297719410609652e+00
-4.022651236358373694e+01,-3.188081651977277886e+00,-2.148297719410611428e+00
-4.019651236358376423e+01,-3.159081651977276195e+00,-2.148297719410608764e+00
-4.015251236358380993e+01,-3.117081651977290591e+00,-2.165297719410597566e+00
-4.012451236358378992e+01,-3.089081651977288345e+00,-2.165297719410592236e+00
-4.010951236358374672e+01,-3.075081651977283670e+00,1.897457628847749378e+00
-4.007951236358371716e+01,-3.046081651977267768e+00,-2.165297719410598454e+00
-4.006451236358358869e+01,-3.032081651977298620e+00,-2.165297719410597566e+00
-4.001951236358360120e+01,-2.989081651977313570e+00,-2.165297719410594013e+00
-4.000451236358350116e+01,-2.974081651977298790e+00,-2.165297719410592236e+00
-3.997451236358344318e+01,-2.945081651977305981e+00,1.897457628847752931e+00
-3.995951236358342840e+01,-2.930081651977275214e+00,-2.165297719410591348e+00
-3.992951236358356937e+01,-2.900081651977265196e+00,-2.165297719410589572e+00
-3.989951236358359665e+01,-2.872081651977230976e+00,-2.165297719410586907e+00
-3.988451236358358187e+01,-2.857081651977193104e+00,-2.165297719410581578e+00
-3.985451236358360916e+01,-2.827081651977213284e+00,-2.165297719410581578e+00
-3.983951236358362280e+01,-2.813081651977203279e+00,1.897457628847767142e+00
-3.980951236358347956e+01,-2.785081651977197481e+00,-2.165297719410584243e+00
-3.977851236358350207e+01,-2.755081651977180357e+00,-2.165297719410578026e+00
-3.974751236358358142e+01,-2.725081651977147246e+00,-2.165297719410578026e+00
-3.971751236358372239e+01,-2.696081651977156213e+00,-2.165297719410581578e+00
-3.970251236358367919e+01,-2.681081651977146763e+00,1.897457628847767142e+00
-3.967251236358373490e+01,-2.652081651977130861e+00,-2.165297719410584243e+00
-3.965751236358380538e+01,-2.638081651977145725e+00,-2.165297719410581578e+00
-3.962651236358391316e+01,-2.609081651977117389e+00,-2.165297719410581578e+00
-3.959651236358385518e+01,-2.580081651977115698e+00,-2.165297719410581578e+00
-3.956551236358373558e+01,-2.550081651977139430e+00,1.897457628847767142e+00
-3.954951236358374445e+01,-2.535081651977154849e+00,-2.165297719410577137e+00
-3.951951236358380015e+01,-2.507081651977159709e+00,-2.165297719410576249e+00
-3.948951236358382744e+01,-2.478081651977165123e+00,-2.165297719410576249e+00
-3.947451236358367055e+01,-2.464081651977172882e+00,-2.165297719410579802e+00
-3.944351236358366464e+01,-2.435081651977146322e+00,1.897457628847767142e+00
-3.941251236358360188e+01,-2.406081651977151736e+00,-2.165297719410580690e+00
-3.939751236358364395e+01,-2.391081651977172484e+00,-2.165297719410580690e+00
-3.938251236358360075e+01,-2.377081651977194454e+00,-2.165297719410579802e+00
-3.935251236358354276e+01,-2.348081651977176776e+00,-2.165297719410574473e+00
-3.932151236358345159e+01,-2.318081651977157875e+00,-2.165297719410574473e+00
-3.929151236358345045e+01,-2.290081651977148525e+00,1.897457628847767142e+00
-3.926151236358344931e+01,-2.262081651977188912e+00,-2.165297719410577137e+00
-3.921751236358352344e+01,-2.220081651977213966e+00,-2.183297719410582260e+00
-3.918751236358360757e+01,-2.192081651977209056e+00,-2.183297719410580484e+00
-3.917251236358356437e+01,-2.179081651977208267e+00,1.879457628847770012e+00
-3.914351236358371011e+01,-2.152081651977194809e+00,-2.200297719410573727e+00
-3.911351236358376582e+01,-2.126081651977195008e+00,-2.200297719410572839e+00
-3.909851236358363735e+01,-2.113081651977197772e+00,-2.200297719410571062e+00
-3.906851236358352253e+01,-2.086081651977169216e+00,-2.200297719410562181e+00
-3.903851236358352139e+01,-2.060081651977142769e+00,1.845457628847788856e+00
-3.900851236358352025e+01,-2.034081651977122540e+00,-2.217297719410558976e+00
-3.899351236358361916e+01,-2.021081651977107541e+00,-2.217297719410559864e+00
-3.894851236358360325e+01,-1.982081651977074976e+00,-2.235297719410555217e+00
-3.893251236358358369e+01,-1.969081651977073300e+00,-2.235297719410551665e+00
-3.891751236358354049e+01,-1.956081651977055635e+00,-2.235297719410549888e+00
-3.890251236358352571e+01,-1.943081651977036195e+00,1.827457628847798832e+00
-3.887151236358351980e+01,-1.917081651977027512e+00,-2.252297719410552013e+00
-3.883951236358350911e+01,-1.891081651977043698e+00,-2.252297719410551124e+00
-3.879151236358350729e+01,-1.852081651977025345e+00,-2.270297719410550030e+00
-3.877551236358348774e+01,-1.839081651976989917e+00,-2.270297719410551807e+00
-3.875951236358343976e+01,-1.827081651976992127e+00,-2.270297719410546478e+00
-3.872751236358325855e+01,-1.802081651976992660e+00,1.792457628847798690e+00
-3.869651236358322421e+01,-1.777081651977014509e+00,-2.287297719410552155e+00
-3.868251236358318579e+01,-1.767081651976971202e+00,-2.287297719410544161e+00
-3.867451236358314759e+01,-1.761081651976950546e+00,-2.287297719410542385e+00
-3.866151236358325605e+01,-1.751081651976937437e+00,-2.287297719410545938e+00
-3.862951236358310325e+01,-1.727081651976910770e+00,-2.287297719410538832e+00
-3.859751236358297888e+01,-1.703081651976862787e+00,1.775457628847809888e+00
-3.856351236358281653e+01,-1.677081651976863874e+00,-2.287297719410534391e+00
-3.852951236358279630e+01,-1.651081651976859632e+00,-2.287297719410531727e+00
-3.846151236358264214e+01,-1.599081651976868912e+00,-2.287297719410528174e+00
-3.844451236358244728e+01,-1.586081651976877005e+00,-2.287297719410526398e+00
-3.842751236358245137e+01,-1.573081651976852235e+00,-2.287297719410528174e+00
-3.841051236358259757e+01,-1.560081651976836348e+00,1.775457628847809888e+00
-3.837651236358257734e+01,-1.534081651976825889e+00,-2.287297719410530839e+00
-3.834251236358272763e+01,-1.508081651976835857e+00,-2.305297719410528856e+00
-3.829151236358276833e+01,-1.469081651976823721e+00,-2.305297719410532409e+00
-3.827451236358282927e+01,-1.457081651976810832e+00,-2.305297719410534185e+00
-3.824051236358278061e+01,-1.431081651976797708e+00,-2.305297719410528856e+00
-3.822351236358267101e+01,-1.418081651976766722e+00,1.757457628847809206e+00
-3.818951236358265078e+01,-1.393081651976773472e+00,-2.305297719410535073e+00
-3.817251236358256961e+01,-1.381081651976787228e+00,-2.305297719410532409e+00
-3.813951236358261099e+01,-1.357081651976759673e+00,-2.287297719410528174e+00
-3.812351236358247775e+01,-1.344081651976761549e+00,-2.287297719410526398e+00
-3.809151236358229653e+01,-1.320081651976746429e+00,-2.287297719410519292e+00
-3.805951236358228584e+01,-1.295081651976754955e+00,1.775457628847824099e+00
-3.802751236358216147e+01,-1.270081651976778581e+00,-2.287297719410523733e+00
-3.799551236358223605e+01,-1.245081651976799542e+00,-2.270297719410518056e+00
-3.796351236358222536e+01,-1.219081651976809511e+00,-2.270297719410514503e+00
-3.794751236358214896e+01,-1.206081651976792735e+00,-2.270297719410505621e+00
-3.793151236358204415e+01,-1.193081651976776847e+00,-2.270297719410503845e+00
-3.791551236358208143e+01,-1.180081651976764512e+00,1.792457628847841322e+00
-3.786851236358191386e+01,-1.142081651976742052e+00,-2.252297719410505827e+00
-3.785251236358197957e+01,-1.129081651976719947e+00,-2.252297719410504939e+00
-3.780551236358192568e+01,-1.090081651976704258e+00,-2.235297719410501927e+00
-3.779051236358179722e+01,-1.077081651976692367e+00,-2.235297719410507256e+00
-3.775851236358170127e+01,-1.051081651976696563e+00,-2.235297719410503703e+00
-3.772651236358174742e+01,-1.024081651976702201e+00,-2.235297719410503703e+00
-3.769451236358170831e+01,-9.970816519766985131e-01,1.827457628847837912e+00
-3.767851236358157507e+01,-9.840816519767021653e-01,-2.235297719410509920e+00
-3.766251236358155552e+01,-9.700816519766886081e-01,-2.235297719410501927e+00
-3.763051236358145957e+01,-9.430816519766578310e-01,-2.217297719410503021e+00
-3.761451236358149686e+01,-9.300816519766481605e-01,-2.217297719410506573e+00
-3.758251236358154301e+01,-9.040816519766607939e-01,1.845457628847838594e+00
-3.755051236358156075e+01,-8.770816519766544417e-01,-2.217297719410505685e+00
-3.751851236358149322e+01,-8.490816519766348769e-01,-2.217297719410503021e+00
-3.748651236358148253e+01,-8.210816519766521715e-01,-2.217297719410501244e+00
-3.747051236358146298e+01,-8.070816519766461639e-01,-2.217297719410497692e+00
-3.743851236358148071e+01,-7.790816519766279313e-01,-2.217297719410494139e+00
-3.740651236358129950e+01,-7.510816519766359001e-01,1.845457628847849252e+00
-3.739051236358122310e+01,-7.370816519766383301e-01,-2.217297719410498580e+00
-3.735951236358127403e+01,-7.110816519766385291e-01,-2.217297719410497692e+00
-3.732751236358117808e+01,-6.830816519766567119e-01,-2.217297719410492363e+00
-3.731151236358113010e+01,-6.690816519766680237e-01,-2.217297719410494139e+00
-3.727951236358092046e+01,-6.420816519766572306e-01,-2.217297719410494139e+00
-3.723151236358083338e+01,-6.000816519766374313e-01,1.845457628847849252e+00
-3.719951236358085112e+01,-5.720816519766538377e-01,-2.217297719410495027e+00
-3.716751236358086885e+01,-5.440816519766604742e-01,-2.217297719410490586e+00
-3.715151236358082087e+01,-5.300816519766724522e-01,-2.217297719410488810e+00
-3.711951236358072492e+01,-5.020816519766910790e-01,-2.217297719410479928e+00
-3.710351236358064853e+01,-4.880816519767041672e-01,1.845457628847867015e+00
-3.707151236358058100e+01,-4.600816519766985913e-01,-2.217297719410473711e+00
-3.703951236358057031e+01,-4.320816519766959019e-01,-2.217297719410471046e+00
-3.700851236358064966e+01,-4.060816519766772270e-01,-2.217297719410474599e+00
-3.697851236358079063e+01,-3.800816519766714308e-01,-2.217297719410471046e+00
-3.696351236358080428e+01,-3.670816519766388897e-01,1.845457628847874121e+00
-3.693351236358083156e+01,-3.400816519766383106e-01,-2.200297719410470698e+00
-3.691851236358075994e+01,-3.270816519766530650e-01,-2.200297719410468034e+00
-3.688851236358067354e+01,-3.010816519766554844e-01,-2.200297719410464481e+00
-3.687351236358074402e+01,-2.870816519766661301e-01,-2.200297719410473363e+00
-3.684451236358063397e+01,-2.610816519766675503e-01,-2.183297719410472126e+00
-3.681451236358054757e+01,-2.340816519766630854e-01,-2.183297719410470350e+00
-3.678451236358054643e+01,-2.070816519766370822e-01,1.879457628847876594e+00
-3.675551236358043639e+01,-1.790816519766594839e-01,-2.183297719410471238e+00
-3.672651236358038318e+01,-1.510816519766595700e-01,-2.165297719410469668e+00
-3.671251236358037318e+01,-1.370816519766616115e-01,-2.165297719410471444e+00
-3.669851236358019264e+01,-1.230816519766708694e-01,-2.165297719410467892e+00
-3.666951236358011101e+01,-9.508165197666562651e-02,-2.165297719410464339e+00
-3.663951236357993935e+01,-6.608165197666338031e-02,1.914457628847883841e+00
-3.660951236357979610e+01,-3.608165197665702539e-02,-2.148297719410463991e+00
-3.659451236357989501e+01,-2.108165197666317381e-02,-2.148297719410466655e+00
-3.656451236357986545e+01,8.918348023355220089e-03,-2.148297719410463102e+00
-3.654951236357982225e+01,2.391834802335034149e-02,-2.148297719410461326e+00
-3.651951236357987796e+01,5.391834802335915278e-02,1.914457628847883841e+00
-3.649051236357985317e+01,8.391834802336106680e-02,-2.148297719410460438e+00
-3.646051236357985204e+01,1.139183480233519896e-01,-2.148297719410464879e+00
-3.644551236357995094e+01,1.289183480233322410e-01,-2.148297719410461326e+00
-3.641951236357988364e+01,1.549183480233400356e-01,1.914457628847883841e+00
-3.641151236357995913e+01,1.629183480233472592e-01,-2.148297719410460438e+00
-3.639751236358009123e+01,1.769183480233433858e-01,-2.148297719410457773e+00
-3.638351236358013807e+01,1.909183480233274111e-01,-2.148297719410454221e+00
-3.637951236358017582e+01,1.939183480233428458e-01,-2.148297719410447115e+00
-3.637951236357997686e+01,1.939183480233280799e-01,1.914457628847898052e+00
-3.637951236357997686e+01,1.939183480233310775e-01,-2.148297719410439122e+00
-3.637951236358003371e+01,1.939183480233277468e-01,-2.130297719410436663e+00
-3.637951236357997686e+01,1.939183480233298562e-01,-2.130297719410441104e+00
-3.637951236358006213e+01,1.939183480233375168e-01,-2.130297719410437551e+00
-3.637951236358000529e+01,1.939183480233370727e-01,-2.130297719410433999e+00
-3.637951236358009055e+01,1.939183480233354073e-01,1.932457628847912945e+00
-3.637951236357997686e+01,1.939183480233436230e-01,-2.130297719410431334e+00
-3.637951236358000529e+01,1.939183480233451773e-01,-2.130297719410425117e+00
-3.637951236358011897e+01,1.939183480233366286e-01,-2.130297719410421564e+00
-3.637951236358006213e+01,1.939183480233338530e-01,1.932457628847927156e+00
-3.637951236358011897e+01,1.939183480233379608e-01,-2.130297719410420676e+00
-3.637951236358000529e+01,1.939183480233387380e-01,-2.130297719410414459e+00
-3.637951236358009055e+01,1.939183480233415136e-01,-2.130297719410421564e+00
-3.637951236357989160e+01,1.939183480233374057e-01,-2.130297719410419788e+00
-3.637951236357989160e+01,1.939183480233366286e-01,-2.130297719410419788e+00
-3.637951236357992002e+01,1.939183480233622747e-01,1.932457628847927156e+00
-3.637951236357992002e+01,1.939183480233704904e-01,-2.130297719410417123e+00
-3.637951236357994844e+01,1.939183480233862555e-01,-2.130297719410418011e+00
-3.637951236357997686e+01,1.939183480234011325e-01,-2.130297719410414459e+00
-3.637951236358000529e+01,1.939183480234126788e-01,1.932457628847927156e+00
-3.637951236358014739e+01,1.939183480234122348e-01,-2.130297719410424229e+00
-3.637951236358020424e+01,1.939183480234105694e-01,-2.130297719410418011e+00
-3.637951236358014739e+01,1.939183480234044632e-01,-2.130297719410414459e+00
-3.637951236358011897e+01,1.939183480234248913e-01,-2.130297719410414459e+00
-3.637951236358006213e+01,1.939183480234283330e-01,1.932457628847930708e+00
-3.637951236358003371e+01,1.939183480234124568e-01,-2.130297719410413571e+00
-3.637951236357980633e+01,1.939183480234255574e-01,-2.130297719410410906e+00
-3.637951236357969265e+01,1.939183480234449863e-01,-2.130297719410410906e+00
-3.637951236357960738e+01,1.939183480234447643e-01,1.932457628847937814e+00
-3.637951236357957896e+01,1.939183480234297763e-01,-2.130297719410406465e+00
-3.637951236357957896e+01,1.939183480234460966e-01,-2.130297719410396695e+00
-3.637951236357957896e+01,1.939183480234345502e-01,-2.130297719410396695e+00
-3.637951236357957896e+01,1.939183480234351054e-01,-2.130297719410389590e+00
-3.637951236357955054e+01,1.939183480234228929e-01,1.932457628847955577e+00
-3.637951236357946527e+01,1.939183480234352164e-01,-2.130297719410388702e+00
-3.637951236357938001e+01,1.939183480234233370e-01,-2.130297719410382484e+00
-3.637951236357932316e+01,1.939183480234226709e-01,-2.130297719410377155e+00
-3.637951236357932316e+01,1.939183480234202284e-01,-2.148297719410377837e+00
-3.637951236357940843e+01,1.939183480234113466e-01,1.914457628847972659e+00
-3.637951236357923790e+01,1.939183480234215606e-01,-2.148297719410382278e+00
-3.637951236357929474e+01,1.939183480234019097e-01,-2.148297719410374285e+00
-3.637951236357920948e+01,1.939183480234155654e-01,-2.148297719410370732e+00
-3.637951236357912421e+01,1.939183480234227819e-01,-2.148297719410367179e+00
-3.637951236357901053e+01,1.939183480234206725e-01,-2.148297719410365403e+00
-3.637951236357901053e+01,1.939183480234129009e-01,1.914457628847983317e+00
-3.637951236357895368e+01,1.939183480234272228e-01,-2.148297719410360962e+00
-3.637951236357901053e+01,1.939183480234225598e-01,-2.148297719410363626e+00
-3.637951236357898210e+01,1.939183480234339951e-01,-2.148297719410361850e+00
-3.637951236357903895e+01,1.939183480234188961e-01,1.914457628847990422e+00
-3.637951236357906737e+01,1.939183480234206725e-01,-2.148297719410360962e+00
-3.637951236357903895e+01,1.939183480234129009e-01,-2.148297719410360074e+00
-3.637951236357906737e+01,1.939183480234272228e-01,-2.148297719410358297e+00
-3.637951236357909579e+01,1.939183480234083490e-01,-2.148297719410358297e+00
-3.637951236357909579e+01,1.939183480234106804e-01,1.914457628847983317e+00
-3.637951236357906737e+01,1.939183480234049073e-01,-2.148297719410371620e+00
-3.637951236357895368e+01,1.939183480233980239e-01,-2.148297719410376061e+00
-3.637951236357903895e+01,1.939183480234013546e-01,-2.148297719410381390e+00
-3.637951236357906737e+01,1.939183480234135670e-01,-2.148297719410374285e+00
-3.637951236357912421e+01,1.939183480234154544e-01,1.914457628847969106e+00
-3.637951236357909579e+01,1.939183480234081269e-01,-2.148297719410371620e+00
-3.637951236357909579e+01,1.939183480234240031e-01,-2.148297719410370732e+00
-3.637951236357901053e+01,1.939183480234251133e-01,-2.148297719410363626e+00
-3.637951236357895368e+01,1.939183480234148993e-01,-2.148297719410356521e+00
-3.637951236357898210e+01,1.939183480234203394e-01,-2.148297719410354745e+00
-3.637951236357903895e+01,1.939183480234258905e-01,1.914457628847997528e+00
-3.637951236357909579e+01,1.939183480234319967e-01,-2.148297719410353857e+00
-3.637951236357912421e+01,1.939183480234115686e-01,-2.148297719410358297e+00
-3.637951236357901053e+01,1.939183480234081269e-01,-2.148297719410358297e+00
-3.637951236357903895e+01,1.939183480234382140e-01,-2.148297719410360074e+00
-3.637951236357909579e+01,1.939183480234200063e-01,1.914457628847983317e+00
-3.637951236357909579e+01,1.939183480234246693e-01,-2.148297719410364515e+00
-3.637951236357906737e+01,1.939183480234133450e-01,-2.148297719410365403e+00
-3.637951236357903895e+01,1.939183480234004664e-01,-2.148297719410363626e+00
-3.637951236357915263e+01,1.939183480234245582e-01,-2.148297719410360074e+00
-3.637951236357898210e+01,1.939183480234129009e-01,1.914457628847983317e+00
-3.637951236357895368e+01,1.939183480233988011e-01,-2.148297719410357409e+00
-3.637951236357898210e+01,1.939183480233900303e-01,-2.148297719410349416e+00
-3.637951236357898210e+01,1.939183480234006884e-01,-2.148297719410345863e+00
-3.637951236357903895e+01,1.939183480234253354e-01,1.914457628848004633e+00
-3.637951236357903895e+01,1.939183480234298873e-01,-2.148297719410343198e+00
-3.637951236357906737e+01,1.939183480234323298e-01,-2.148297719410338757e+00
-3.637951236357892526e+01,1.939183480234270007e-01,-2.148297719410336981e+00
-3.637951236357892526e+01,1.939183480234217827e-01,-2.148297719410329876e+00
-3.637951236357884000e+01,1.939183480234312196e-01,1.914457628848018844e+00
-3.637951236357875473e+01,1.939183480234230039e-01,-2.148297719410325435e+00
-3.637951236357872631e+01,1.939183480234214496e-01,-2.148297719410319218e+00
-3.637951236357866946e+01,1.939183480234157875e-01,-2.148297719410317441e+00
-3.637951236357872631e+01,1.939183480234235590e-01,-2.148297719410310336e+00
-3.637951236357872631e+01,1.939183480234376589e-01,1.914457628848033055e+00
-3.637951236357875473e+01,1.939183480234322188e-01,-2.148297719410314777e+00
-3.637951236357861262e+01,1.939183480234266677e-01,-2.148297719410313888e+00
-3.637951236357847051e+01,1.939183480234347723e-01,-2.148297719410312112e+00
-3.637951236357844209e+01,1.939183480234216717e-01,-2.148297719410312112e+00
-3.637951236357835683e+01,1.939183480234165646e-01,1.914457628848025950e+00
-3.637951236357832840e+01,1.939183480234121237e-01,-2.148297719410321882e+00
-3.637951236357835683e+01,1.939183480234244472e-01,-2.148297719410320994e+00
-3.637951236357829998e+01,1.939183480234266677e-01,-2.148297719410317441e+00
-3.637951236357829998e+01,1.939183480234063506e-01,-2.148297719410315665e+00
-3.637951236357827156e+01,1.939183480234033530e-01,1.914457628848033055e+00
-3.637951236357824314e+01,1.939183480233923618e-01,-2.148297719410311224e+00
-3.637951236357807261e+01,1.939183480233807044e-01,-2.148297719410310336e+00
-3.637951236357818630e+01,1.939183480233951373e-01,-2.148297719410312112e+00
-3.637951236357807261e+01,1.939183480234051293e-01,-2.148297719410313888e+00
-3.637951236357815787e+01,1.939183480233989121e-01,1.914457628848040160e+00
-3.637951236357801577e+01,1.939183480233904744e-01,-2.148297719410311224e+00
-3.637951236357801577e+01,1.939183480233880319e-01,-2.148297719410303230e+00
-3.637951236357795892e+01,1.939183480233933610e-01,-2.148297719410303230e+00
-3.637951236357801577e+01,1.939183480233985790e-01,-2.148297719410299678e+00
-3.637951236357807261e+01,1.939183480233892531e-01,1.914457628848047266e+00
-3.637951236357812945e+01,1.939183480233978019e-01,-2.148297719410297013e+00
-3.637951236357815787e+01,1.939183480234005774e-01,-2.148297719410294349e+00
-3.637951236357804419e+01,1.939183480234106804e-01,-2.148297719410299678e+00
-3.637951236357810103e+01,1.939183480234049073e-01,-2.148297719410296125e+00
-3.637951236357801577e+01,1.939183480234264456e-01,1.914457628848054371e+00
-3.637951236357795892e+01,1.939183480234339951e-01,-2.148297719410297013e+00
-3.637951236357801577e+01,1.939183480234188961e-01,-2.148297719410294349e+00
-3.637951236357807261e+01,1.939183480234206725e-01,-2.148297719410289019e+00
-3.637951236357824314e+01,1.939183480234129009e-01,-2.148297719410285467e+00
-3.637951236357812945e+01,1.939183480234130119e-01,1.914457628848065029e+00
-3.637951236357801577e+01,1.939183480234134560e-01,-2.148297719410282802e+00
-3.637951236357801577e+01,1.939183480234007995e-01,-2.148297719410283690e+00
-3.637951236357795892e+01,1.939183480234115686e-01,-2.148297719410280138e+00
-3.637951236357795892e+01,1.939183480234223378e-01,1.914457628848068582e+00
-3.637951236357793050e+01,1.939183480234190071e-01,-2.148297719410282802e+00
-3.637951236357787366e+01,1.939183480234353274e-01,-2.148297719410289019e+00
-3.637951236357773155e+01,1.939183480234379919e-01,-2.148297719410287243e+00
-3.637951236357770313e+01,1.939183480234192292e-01,-2.148297719410289019e+00
-3.637951236357764628e+01,1.939183480234218937e-01,-2.148297719410285467e+00
-3.637951236357758944e+01,1.939183480234315526e-01,1.914457628848061477e+00
-3.637951236357744733e+01,1.939183480234242252e-01,-2.148297719410286355e+00
-3.637951236357741891e+01,1.939183480234258905e-01,-2.148297719410276585e+00
-3.637951236357753260e+01,1.939183480234319967e-01,-2.148297719410274809e+00
-3.637951236357747575e+01,1.939183480234257795e-01,-2.148297719410276585e+00
-3.637951236357744733e+01,1.939183480234315526e-01,1.914457628848068582e+00
-3.637951236357727680e+01,1.939183480234384360e-01,-2.148297719410286355e+00
-3.637951236357719154e+01,1.939183480234351054e-01,-2.148297719410278361e+00
-3.637951236357713469e+01,1.939183480234228929e-01,-2.148297719410278361e+00
-3.637951236357702101e+01,1.939183480234210055e-01,1.914457628848068582e+00
-3.637951236357699258e+01,1.939183480234141221e-01,-2.148297719410279250e+00
-3.637951236357693574e+01,1.939183480234032420e-01,-2.148297719410274809e+00
-3.637951236357687890e+01,1.939183480233920287e-01,-2.148297719410267703e+00
-3.637951236357676521e+01,1.939183480233652723e-01,-2.148297719410267703e+00
-3.637951236357679363e+01,1.939183480233814816e-01,1.914457628848075688e+00
-3.637951236357667995e+01,1.939183480233837020e-01,-2.148297719410261486e+00
-3.637951236357665152e+01,1.939183480233775958e-01,-2.148297719410250828e+00
-3.637951236357659468e+01,1.939183480233837020e-01,-2.148297719410248163e+00
-3.637951236357653784e+01,1.939183480233918067e-01,-2.148297719410246387e+00
-3.637951236357665152e+01,1.939183480233929169e-01,-2.148297719410246387e+00
-3.637951236357659468e+01,1.939183480233970247e-01,1.914457628848097004e+00
-3.637951236357648099e+01,1.939183480234120127e-01,-2.148297719410247275e+00
-3.637951236357648099e+01,1.939183480234240031e-01,-2.148297719410242834e+00
-3.637951236357636731e+01,1.939183480234251133e-01,-2.148297719410241058e+00
-3.637951236357633888e+01,1.939183480234148993e-01,-2.148297719410235729e+00
-3.637951236357625362e+01,1.939183480234203394e-01,1.914457628848111215e+00
-3.637951236357613993e+01,1.939183480234116796e-01,-2.148297719410236617e+00
-3.637951236357628204e+01,1.939183480234085710e-01,-2.148297719410232176e+00
-3.637951236357613993e+01,1.939183480234256685e-01,-2.148297719410228623e+00
-3.637951236357622520e+01,1.939183480234311086e-01,-2.148297719410223294e+00
-3.637951236357616835e+01,1.939183480234225598e-01,1.914457628848125426e+00
-3.637951236357608309e+01,1.939183480234339951e-01,-2.148297719410222406e+00
-3.637951236357611151e+01,1.939183480234331070e-01,-2.148297719410219742e+00
-3.637951236357619678e+01,1.939183480234583090e-01,-2.148297719410219742e+00
-3.637951236357605467e+01,1.939183480234648593e-01,-2.148297719410221518e+00
-3.637951236357611151e+01,1.939183480234746293e-01,1.914457628848118320e+00
-3.637951236357616835e+01,1.939183480234676349e-01,-2.148297719410233064e+00
-3.637951236357616835e+01,1.939183480234705215e-01,-2.148297719410232176e+00
-3.637951236357599782e+01,1.939183480234810686e-01,-2.148297719410225071e+00
-3.637951236357596940e+01,1.939183480234768497e-01,1.914457628848128978e+00
-3.637951236357591256e+01,1.939183480234756285e-01,-2.148297719410218853e+00
-3.637951236357571361e+01,1.939183480234996093e-01,-2.148297719410221518e+00
-3.637951236357571361e+01,1.939183480235018298e-01,-2.148297719410228623e+00
-3.637951236357568519e+01,1.939183480235099344e-01,-2.148297719410223294e+00
-3.637951236357562834e+01,1.939183480234968338e-01,1.914457628848118320e+00
-3.637951236357562834e+01,1.939183480235201484e-01,-2.148297719410229512e+00
-3.637951236357557150e+01,1.939183480235057155e-01,-2.148297719410228623e+00
-3.637951236357559992e+01,1.939183480235099344e-01,-2.148297719410228623e+00
-3.637951236357551466e+01,1.939183480235110446e-01,-2.148297719410230400e+00
-3.637951236357548623e+01,1.939183480235293633e-01,1.914457628848111215e+00
-3.637951236357554308e+01,1.939183480235250334e-01,-2.148297719410236617e+00
-3.637951236357542939e+01,1.939183480235376900e-01,-2.148297719410232176e+00
-3.637951236357542939e+01,1.939183480235270318e-01,-2.148297719410228623e+00
-3.637951236357542939e+01,1.939183480235165957e-01,-2.148297719410225071e+00
-3.637951236357542939e+01,1.939183480234927259e-01,1.914457628848128978e+00
-3.637951236357542939e+01,1.939183480235051604e-01,-2.148297719410215301e+00
-3.637951236357534412e+01,1.939183480235078250e-01,-2.148297719410212636e+00
-3.637951236357525886e+01,1.939183480235033841e-01,-2.148297719410212636e+00
-3.637951236357525886e+01,1.939183480234871748e-01,1.914457628848132531e+00
-3.637951236357520202e+01,1.939183480234849544e-01,-2.148297719410208195e+00
-3.637951236357517359e+01,1.939183480234768497e-01,-2.148297719410212636e+00
-3.637951236357520202e+01,1.939183480234756285e-01,-2.148297719410212636e+00
-3.637951236357523044e+01,1.939183480234853985e-01,-2.148297719410212636e+00
-3.637951236357531570e+01,1.939183480234641932e-01,1.914457628848128978e+00
-3.637951236357523044e+01,1.939183480234437651e-01,-2.148297719410211748e+00
-3.637951236357528728e+01,1.939183480234687451e-01,-2.148297719410200202e+00
-3.637951236357517359e+01,1.939183480234745183e-01,-2.148297719410196649e+00
-3.637951236357520202e+01,1.939183480234671908e-01,-2.148297719410194873e+00
-3.637951236357514517e+01,1.939183480234688561e-01,-2.148297719410196649e+00
-3.637951236357514517e+01,1.939183480234607515e-01,1.914457628848153847e+00
-3.637951236357517359e+01,1.939183480234454304e-01,-2.148297719410186879e+00
-3.637951236357525886e+01,1.939183480234321078e-01,-2.148297719410189544e+00
-3.637951236357517359e+01,1.939183480234262236e-01,-2.148297719410194873e+00
-3.637951236357523044e+01,1.939183480234332180e-01,1.914457628848157400e+00
-3.637951236357534412e+01,1.939183480234302204e-01,-2.148297719410186879e+00
-3.637951236357534412e+01,1.939183480234335510e-01,-2.148297719410187767e+00
-3.637951236357528728e+01,1.939183480234314416e-01,-2.148297719410182438e+00
-3.637951236357517359e+01,1.939183480234379919e-01,-2.148297719410182438e+00
-3.637951236357528728e+01,1.939183480234334400e-01,-2.148297719410177109e+00
-3.637951236357517359e+01,1.939183480234453194e-01,1.914457628848168058e+00
-3.637951236357525886e+01,1.939183480234175638e-01,-2.148297719410176221e+00
-3.637951236357514517e+01,1.939183480234157875e-01,-2.148297719410177109e+00
-3.637951236357511675e+01,1.939183480234093482e-01,-2.148297719410170004e+00
-3.637951236357514517e+01,1.939183480234284440e-01,-2.148297719410162898e+00
-3.637951236357511675e+01,1.939183480234271117e-01,1.914457628848182269e+00
-3.637951236357514517e+01,1.939183480234222268e-01,-2.148297719410169115e+00
-3.637951236357511675e+01,1.939183480234327739e-01,-2.148297719410171780e+00
-3.637951236357511675e+01,1.939183480234286661e-01,-2.148297719410170004e+00
-3.637951236357517359e+01,1.939183480234136780e-01,-2.148297719410164675e+00
-3.637951236357525886e+01,1.939183480234016876e-01,1.914457628848182269e+00
-3.637951236357517359e+01,1.939183480234147883e-01,-2.148297719410165563e+00
-3.637951236357517359e+01,1.939183480234341062e-01,-2.148297719410161122e+00
-3.637951236357528728e+01,1.939183480234335510e-01,-2.148297719410161122e+00
-3.637951236357520202e+01,1.939183480234456525e-01,1.914457628848189374e+00
-3.637951236357514517e+01,1.939183480234329959e-01,-2.148297719410158457e+00
-3.637951236357514517e+01,1.939183480234294432e-01,-2.148297719410150464e+00
-3.637951236357517359e+01,1.939183480234448753e-01,-2.148297719410152240e+00
-3.637951236357520202e+01,1.939183480234443202e-01,-2.148297719410143358e+00
-3.637951236357517359e+01,1.939183480234281109e-01,1.914457628848210691e+00
-3.637951236357523044e+01,1.939183480234401014e-01,-2.148297719410137141e+00
-3.637951236357531570e+01,1.939183480234411006e-01,-2.148297719410136253e+00
-3.637951236357525886e+01,1.939183480234447643e-01,-2.148297719410134476e+00
-3.637951236357534412e+01,1.939183480234439871e-01,-2.148297719410130924e+00
-3.637951236357528728e+01,1.939183480234553114e-01,1.914457628848210691e+00
-3.637951236357511675e+01,1.939183480234681900e-01,-2.148297719410133588e+00
-3.637951236357511675e+01,1.939183480234867307e-01,-2.148297719410129147e+00
-3.637951236357514517e+01,1.939183480234974999e-01,-2.148297719410127371e+00
-3.637951236357511675e+01,1.939183480235083801e-01,-2.148297719410125595e+00
-3.637951236357520202e+01,1.939183480235053825e-01,1.914457628848217796e+00
-3.637951236357523044e+01,1.939183480234945023e-01,-2.148297719410126483e+00
-3.637951236357520202e+01,1.939183480234973889e-01,-2.148297719410127371e+00
-3.637951236357511675e+01,1.939183480234937251e-01,-2.148297719410123818e+00
-3.637951236357523044e+01,1.939183480235230350e-01,-2.148297719410129147e+00
-3.637951236357534412e+01,1.939183480235161516e-01,1.914457628848217796e+00
-3.637951236357525886e+01,1.939183480235052714e-01,-2.148297719410130036e+00
-3.637951236357531570e+01,1.939183480235082691e-01,-2.148297719410127371e+00
-3.637951236357520202e+01,1.939183480234907275e-01,-2.148297719410120266e+00
-3.637951236357505991e+01,1.939183480234978330e-01,1.914457628848224902e+00
-3.637951236357497464e+01,1.939183480234953905e-01,-2.148297719410115825e+00
-3.637951236357488938e+01,1.939183480234863977e-01,-2.148297719410114937e+00
-3.637951236357474727e+01,1.939183480235104895e-01,-2.148297719410113160e+00
-3.637951236357469043e+01,1.939183480235272539e-01,-2.148297719410111384e+00
-3.637951236357471885e+01,1.939183480235173729e-01,1.914457628848239112e+00
-3.637951236357474727e+01,1.939183480234955015e-01,-2.148297719410108719e+00
-3.637951236357469043e+01,1.939183480234726309e-01,-2.148297719410107831e+00
-3.637951236357463358e+01,1.939183480234745183e-01,-2.148297719410113160e+00
-3.637951236357446305e+01,1.939183480234671908e-01,-2.148297719410116713e+00
-3.637951236357449147e+01,1.939183480234546453e-01,-2.148297719410116713e+00
-3.637951236357446305e+01,1.939183480234515367e-01,1.914457628848224902e+00
-3.637951236357443463e+01,1.939183480234544232e-01,-2.148297719410119377e+00
-3.637951236357437779e+01,1.939183480234507595e-01,-2.148297719410118489e+00
-3.637951236357423568e+01,1.939183480234658585e-01,-2.148297719410113160e+00
-3.637951236357406515e+01,1.939183480234639712e-01,-2.148297719410111384e+00
-3.637951236357397988e+01,1.939183480234428769e-01,1.914457628848242665e+00
-3.637951236357380935e+01,1.939183480234371038e-01,-2.148297719410105167e+00
-3.637951236357392304e+01,1.939183480234444312e-01,-2.148297719410104278e+00
-3.637951236357397988e+01,1.939183480234427659e-01,-2.148297719410104278e+00
-3.637951236357380935e+01,1.939183480234224488e-01,1.914457628848246218e+00
-3.637951236357389462e+01,1.939183480234336621e-01,-2.148297719410101614e+00
-3.637951236357369567e+01,1.939183480234176749e-01,-2.148297719410102502e+00
-3.637951236357363882e+01,1.939183480234020207e-01,-2.148297719410097173e+00
-3.637951236357363882e+01,1.939183480234017987e-01,-2.148297719410097173e+00
-3.637951236357375251e+01,1.939183480234009105e-01,-2.148297719410097173e+00
-3.637951236357363882e+01,1.939183480234119017e-01,1.914457628848246218e+00
-3.637951236357358198e+01,1.939183480234377699e-01,-2.148297719410101614e+00
-3.637951236357352514e+01,1.939183480234468737e-01,-2.148297719410098949e+00
-3.637951236357358198e+01,1.939183480234516477e-01,-2.148297719410097173e+00
-3.637951236357338303e+01,1.939183480234690782e-01,1.914457628848249771e+00
-3.637951236357326934e+01,1.939183480234615287e-01,-2.148297719410094508e+00
-3.637951236357321250e+01,1.939183480234624168e-01,-2.148297719410093620e+00
-3.637951236357324092e+01,1.939183480234514256e-01,-2.148297719410098949e+00
-3.637951236357326934e+01,1.939183480234539791e-01,-2.148297719410098949e+00
-3.637951236357324092e+01,1.939183480234633050e-01,1.914457628848246218e+00
-3.637951236357326934e+01,1.939183480234547563e-01,-2.148297719410105167e+00
-3.637951236357312723e+01,1.939183480234661916e-01,-2.148297719410109607e+00
-3.637951236357307039e+01,1.939183480234509815e-01,-2.148297719410107831e+00
-3.637951236357295670e+01,1.939183480234666357e-01,-2.148297719410102502e+00
-3.637951236357287144e+01,1.939183480234526469e-01,1.914457628848253323e+00
-3.637951236357281459e+01,1.939183480234301094e-01,-2.148297719410094508e+00
-3.637951236357275775e+01,1.939183480234188961e-01,-2.148297719410090956e+00
-3.637951236357272933e+01,1.939183480234206725e-01,-2.148297719410090068e+00
-3.637951236357261564e+01,1.939183480234129009e-01,-2.148297719410086515e+00
-3.637951236357261564e+01,1.939183480233988011e-01,-2.148297719410084738e+00
-3.637951236357247353e+01,1.939183480233900303e-01,1.914457628848260429e+00
-3.637951236357250195e+01,1.939183480234148993e-01,-2.148297719410080298e+00
-3.637951236357247353e+01,1.939183480234061285e-01,-2.148297719410082962e+00
-3.637951236357244511e+01,1.939183480234167867e-01,-2.148297719410079409e+00
-3.637951236357235985e+01,1.939183480234272228e-01,-2.148297719410072304e+00
-3.637951236357235985e+01,1.939183480234225598e-01,1.914457628848274640e+00
-3.637951236357230300e+01,1.939183480234339951e-01,-2.148297719410069639e+00
-3.637951236357216089e+01,1.939183480234473178e-01,-2.148297719410066975e+00
-3.637951236357207563e+01,1.939183480234532020e-01,-2.148297719410066975e+00
-3.637951236357196194e+01,1.939183480234463186e-01,1.914457628848274640e+00
-3.637951236357204721e+01,1.939183480234212276e-01,-2.148297719410069639e+00
-3.637951236357187668e+01,1.939183480234150103e-01,-2.148297719410072304e+00
-3.637951236357187668e+01,1.939183480234348833e-01,-2.148297719410065199e+00
-3.637951236357193352e+01,1.939183480234221157e-01,-2.148297719410059869e+00
-3.637951236357196194e+01,1.939183480234324408e-01,1.914457628848288850e+00
-3.637951236357201878e+01,1.939183480234416557e-01,-2.148297719410058981e+00
-3.637951236357199036e+01,1.939183480234326629e-01,-2.148297719410052764e+00
-3.637951236357199036e+01,1.939183480234424328e-01,-2.148297719410054540e+00
-3.637951236357193352e+01,1.939183480234212276e-01,-2.148297719410050988e+00
-3.637951236357193352e+01,1.939183480234150103e-01,1.914457628848295956e+00
-3.637951236357196194e+01,1.939183480234064616e-01,-2.148297719410051876e+00
-3.637951236357201878e+01,1.939183480234037971e-01,-2.148297719410047435e+00
-3.637951236357193352e+01,1.939183480233798162e-01,-2.148297719410042106e+00
-3.637951236357193352e+01,1.939183480233918067e-01,-2.148297719410040330e+00
-3.637951236357193352e+01,1.939183480233929169e-01,1.914457628848310167e+00
-3.637951236357199036e+01,1.939183480233828138e-01,-2.148297719410034112e+00
-3.637951236357210405e+01,1.939183480233885870e-01,-2.148297719410027895e+00
-3.637951236357207563e+01,1.939183480233953594e-01,-2.148297719410027895e+00
-3.637951236357193352e+01,1.939183480233774848e-01,-2.148297719410026119e+00
-3.637951236357196194e+01,1.939183480233975798e-01,1.914457628848324378e+00
-3.637951236357207563e+01,1.939183480233998003e-01,-2.148297719410019901e+00
-3.637951236357199036e+01,1.939183480233936940e-01,-2.148297719410015461e+00
-3.637951236357196194e+01,1.939183480234140111e-01,-2.148297719410006579e+00
-3.637951236357207563e+01,1.939183480234170087e-01,-2.148297719410003026e+00
-3.637951236357204721e+01,1.939183480234279999e-01,1.914457628848345694e+00
-3.637951236357193352e+01,1.939183480234112356e-01,-2.148297719409998585e+00
-3.637951236357193352e+01,1.939183480234069057e-01,-2.148297719409999473e+00
-3.637951236357190510e+01,1.939183480233911405e-01,-2.148297719409995921e+00
-3.637951236357187668e+01,1.939183480233904744e-01,1.914457628848345694e+00
-3.637951236357190510e+01,1.939183480234164536e-01,-2.148297719409995032e+00
-3.637951236357187668e+01,1.939183480234260015e-01,-2.183297719409987181e+00
-3.637951236357201878e+01,1.939183480234323298e-01,-2.217297719409989654e+00
-3.637951236357199036e+01,1.939183480234127899e-01,1.792457628848352913e+00
-3.637951236357193352e+01,1.939183480234125678e-01,-2.305297719409991508e+00
-3.637951236357199036e+01,1.939183480234117907e-01,-2.357297719409986669e+00
-3.637951236357207563e+01,1.939183480234090151e-01,-2.392297719409992141e+00
-3.637951236357196194e+01,1.939183480234130119e-01,1.618457628848360530e+00
-3.637951236357210405e+01,1.939183480233992452e-01,-2.497297719409984573e+00
-3.637951236357207563e+01,1.939183480233773738e-01,-2.566297719409989853e+00
-3.637951236357196194e+01,1.939183480233829249e-01,1.478457628848356409e+00
-3.637951236357204721e+01,1.939183480233889201e-01,1.426457628848355474e+00
-3.637951236357184825e+01,1.939183480233965806e-01,1.391457628848350891e+00
-3.637951236357181983e+01,1.939183480234103474e-01,1.356457628848346086e+00
-3.637951236357176299e+01,1.939183480234178969e-01,1.321457628848343724e+00
-3.637951236357162088e+01,1.939183480234170087e-01,1.304457628848343598e+00
-3.637951236357167772e+01,1.939183480234137891e-01,-2.793297719410005264e+00
-3.637951236357162088e+01,1.939183480234163426e-01,-2.846297719410005200e+00
-3.637951236357167772e+01,1.939183480234113466e-01,1.181457628848345154e+00
-3.637951236357173457e+01,1.939183480234215606e-01,1.164457628848343473e+00
-3.637951236357162088e+01,1.939183480234161205e-01,1.094272321668753323e+00
-3.637951236357167772e+01,1.939183480234389911e-01,1.077272321668752753e+00
-3.637851236357161611e+01,1.939183480234228929e-01,1.059272321668747185e+00
-3.635551236357153471e+01,1.919183480234476491e-01,1.007272321668747583e+00
-3.633751236357153402e+01,1.899183480234366561e-01,9.722723216687465531e-01
-3.629951236357152311e+01,1.829183480234187753e-01,9.022723216687458248e-01
-3.626051236357162111e+01,1.719183480234006689e-01,8.322723216687477610e-01
-3.624151236357153039e+01,1.649183480233995525e-01,7.982723216687492851e-01
-3.620351236357157632e+01,1.509183480233972086e-01,7.282723216687516654e-01
-3.614851236357134212e+01,1.249183480233940768e-01,6.402723216687489227e-01
-3.613051236357131302e+01,1.149183480233880172e-01,6.062723216687500027e-01
-3.611351236357114658e+01,1.049183480233712440e-01,5.882723216687502088e-01
-3.607851236357103630e+01,8.291834802337588739e-02,5.532723216687491785e-01
-3.606251236357087464e+01,7.191834802339724941e-02,5.362723216687497185e-01
-3.602951236357094444e+01,4.791834802339697830e-02,5.012723216687486882e-01
-3.599751236357093376e+01,2.291834802340224353e-02,4.662723216687494343e-01
-3.598151236357077210e+01,9.918348023381505507e-03,4.492723216687526389e-01
-3.595051236357076618e+01,-1.608165197664612051e-02,4.312723216687546213e-01
-3.590551236357066500e+01,-5.508165197665354507e-02,3.962723216687526473e-01
-3.589051236357050811e+01,-6.908165197663618251e-02,3.792723216687541310e-01
-3.587551236357049333e+01,-8.308165197662792378e-02,3.612723216687570016e-01
-3.584751236357047333e+01,-1.110816519766084087e-01,3.442723216687566534e-01
-3.583351236357049174e+01,-1.260816519766074784e-01,3.262723216687586358e-01
-3.580751236357039602e+01,-1.550816519766297086e-01,2.742723216687572574e-01
-3.578151236357038556e+01,-1.860816519766246291e-01,2.392723216687570875e-01
-3.576951236357044195e+01,-2.010816519766478461e-01,2.222723216687576275e-01
-3.574451236357037942e+01,-2.330816519766472084e-01,1.872723216687575132e-01
-3.573251236357035054e+01,-2.500816519766457802e-01,1.692723216687586352e-01
-3.570951236357026914e+01,-2.840816519766564685e-01,1.342723216687549126e-01
-3.567851236357034850e+01,-3.370816519766712815e-01,6.527232166875406028e-02
-3.566851236357027233e+01,-3.550816519766846202e-01,4.727232166875694475e-02
-3.565051236357015796e+01,-3.910816519767081889e-01,3.027232166875748476e-02
-3.564151236357017183e+01,-4.090816519767106474e-01,1.227232166875857899e-02
-3.562351236357014272e+01,-4.450816519767089030e-01,-4.727678331239104637e-03
-3.561551236357013295e+01,-4.640816519766910453e-01,-4.727678331237328280e-03
-3.559851236357008020e+01,-5.010816519766729815e-01,-2.272767833123445769e-02
-3.559051236357001358e+01,-5.190816519766656700e-01,-2.272767833123445769e-02
-3.556551236356992263e+01,-5.790816519766637249e-01,-2.272767833123623404e-02
-3.554951236357001676e+01,-6.180816519766914041e-01,-2.272767833123623404e-02
-3.554051236357000221e+01,-6.370816519766813180e-01,-2.243157637252481074e+00
-3.553251236356999243e+01,-6.570816519766822239e-01,-2.260157637252483198e+00
-3.551551236356999652e+01,-6.970816519766867003e-01,-2.260157637252481422e+00
-3.549151236357002404e+01,-7.560816519766984101e-01,-2.260157637252483198e+00
-3.547551236357008975e+01,-7.940816519767039949e-01,-2.243157637252489067e+00
-3.546651236357007519e+01,-8.130816519766983497e-01,-2.243157637252485515e+00
-3.544951236356988034e+01,-8.510816519767114841e-01,1.837597711005855006e+00
-3.542351236356989830e+01,-9.060816519767231902e-01,-2.208157637252493366e+00
-3.541451236356982690e+01,-9.240816519767105497e-01,-2.190157637252487355e+00
-3.539651236356974096e+01,-9.600816519767105817e-01,-2.155157637252488101e+00
-3.538651236356957952e+01,-9.780816519766983852e-01,-2.138157637252483312e+00
-3.536551236356945083e+01,-1.013081651976712738e+00,-2.103157637252479617e+00
-3.535451236356948357e+01,-1.030081651976723300e+00,-2.086157637252474828e+00
-3.533151236356951586e+01,-1.064081651976707121e+00,-2.051157637252476462e+00
-3.531951236356951540e+01,-1.081081651976705693e+00,2.011597711005875588e+00
-3.528351236356948561e+01,-1.129081651976714618e+00,-2.016157637252471879e+00
-3.527151236356937147e+01,-1.145081651976719073e+00,-1.998157637252472085e+00
-3.524551236356938944e+01,-1.177081651976706667e+00,-1.981157637252470849e+00
-3.523251236356932736e+01,-1.192081651976717005e+00,2.099597711005873002e+00
-3.520651236356926006e+01,-1.222081651976711036e+00,-1.946157637252468264e+00
-3.518051236356933487e+01,-1.252081651976715726e+00,-1.929157637252469470e+00
-3.516651236356926802e+01,-1.267081651976717183e+00,2.151597711005876157e+00
-3.513851236356921959e+01,-1.296081651976733973e+00,-1.894157637252472215e+00
-3.512451236356920958e+01,-1.311081651976737206e+00,2.168597711005872064e+00
-3.509651236356913273e+01,-1.339081651976703036e+00,-1.876157637252475086e+00
-3.506851236356916957e+01,-1.367081651976703505e+00,2.186597711005872746e+00
-3.504051236356923482e+01,-1.395081651976672887e+00,-1.859157637252472073e+00
-3.502651236356916797e+01,-1.409081651976658911e+00,2.203597711005868653e+00
-3.499851236356909112e+01,-1.437081651976661156e+00,-1.859157637252479178e+00
-3.498451236356910954e+01,-1.451081651976681819e+00,2.203597711005868653e+00
-3.495551236356919844e+01,-1.479081651976668077e+00,-1.841157637252478496e+00
-3.491051236356915410e+01,-1.521081651976683879e+00,2.221597711005872888e+00
-3.487951236356914819e+01,-1.549081651976666585e+00,2.238597711005873236e+00
-3.486451236356919026e+01,-1.563081651976658826e+00,2.238597711005867019e+00
-3.483451236356913228e+01,-1.591081651976654854e+00,2.238597711005871460e+00
-3.480351236356912636e+01,-1.619081651976665981e+00,-1.824157637252475483e+00
-3.477151236356917252e+01,-1.647081651976631811e+00,2.238597711005865243e+00
-3.473951236356913341e+01,-1.675081651976617181e+00,2.238597711005861690e+00
-3.472351236356914228e+01,-1.689081651976604093e+00,2.238597711005857249e+00
-3.469351236356908430e+01,-1.715081651976594124e+00,2.238597711005855473e+00
-3.467851236356901268e+01,-1.728081651976597577e+00,2.238597711005858137e+00
-3.464951236356907316e+01,-1.754081651976604483e+00,2.238597711005856361e+00
-3.461951236356895834e+01,-1.781081651976610836e+00,-1.824157637252503905e+00
-3.460451236356900040e+01,-1.794081651976616953e+00,2.238597711005843927e+00
-3.457551236356908930e+01,-1.821081651976606430e+00,2.221597711005843578e+00
-3.453151236356904974e+01,-1.861081651976603801e+00,2.221597711005844467e+00
-3.451651236356894970e+01,-1.875081651976592489e+00,2.221597711005838249e+00
-3.450151236356896334e+01,-1.889081651976621146e+00,-1.841157637252517576e+00
-3.448651236356877803e+01,-1.903081651976652466e+00,2.203597711005833126e+00
-3.445851236356870118e+01,-1.931081651976635172e+00,2.203597711005833126e+00
-3.442951236356864797e+01,-1.959081651976639193e+00,2.203597711005833126e+00
-3.440051236356873687e+01,-1.987081651976607688e+00,2.203597711005834014e+00
-3.438651236356864160e+01,-2.001081651976575948e+00,2.186597711005839884e+00
-3.435751236356855998e+01,-2.030081651976599844e+00,-1.876157637252503507e+00
-3.432751236356847357e+01,-2.060081651976627626e+00,2.186597711005840772e+00
-3.429751236356841559e+01,-2.090081651976642085e+00,2.186597711005840772e+00
-3.428251236356851450e+01,-2.105081651976652424e+00,2.186597711005836331e+00
-3.425251236356854179e+01,-2.135081651976644679e+00,2.186597711005833666e+00
-3.423751236356849859e+01,-2.150081651976659458e+00,2.186597711005833666e+00
-3.420751236356838376e+01,-2.180081651976696122e+00,2.168597711005832984e+00
-3.417751236356835420e+01,-2.210081651976715023e+00,-1.894157637252514848e+00
-3.413351236356820095e+01,-2.255081651976752255e+00,2.168597711005829431e+00
-3.408851236356818504e+01,-2.300081651976771724e+00,2.168597711005822326e+00
-3.407351236356814184e+01,-2.315081651976786503e+00,2.168597711005821438e+00
-3.404351236356819754e+01,-2.345081651976794745e+00,-1.894157637252525506e+00
-3.402851236356809750e+01,-2.360081651976823736e+00,2.168597711005815221e+00
-3.399851236356801110e+01,-2.390081651976828425e+00,2.168597711005815221e+00
-3.398451236356800109e+01,-2.405081651976844981e+00,2.168597711005813444e+00
-3.394051236356784784e+01,-2.450081651976859121e+00,2.168597711005808115e+00
-3.392551236356783306e+01,-2.465081651976868571e+00,2.168597711005809892e+00
-3.391051236356773302e+01,-2.480081651976872692e+00,-1.894157637252543269e+00
-3.388051236356770346e+01,-2.510081651976884487e+00,2.168597711005797457e+00
-3.386551236356774552e+01,-2.525081651976899266e+00,2.168597711005796569e+00
-3.382051236356781487e+01,-2.570081651976908077e+00,2.168597711005797457e+00
-3.380651236356786171e+01,-2.585081651976897987e+00,2.168597711005793016e+00
-3.377751236356786535e+01,-2.615081651976927546e+00,-1.894157637252561033e+00
-3.376251236356793584e+01,-2.630081651976951207e+00,2.168597711005783246e+00
-3.373351236356791105e+01,-2.660081651976934580e+00,2.168597711005785023e+00
-3.370351236356779623e+01,-2.690081651976900190e+00,2.168597711005789463e+00
-3.368851236356775303e+01,-2.705081651976890100e+00,2.168597711005793016e+00
-3.365951236356767140e+01,-2.734081651976906002e+00,-1.894157637252553927e+00
-3.364351236356768027e+01,-2.751081651976907239e+00,2.186597711005791034e+00
-3.362351236356764161e+01,-2.771081651976929905e+00,2.203597711005783388e+00
-3.360851236356756999e+01,-2.785081651976954120e+00,2.203597711005781612e+00
-3.357851236356751201e+01,-2.814081651976968246e+00,-1.859157637252564443e+00
-3.356351236356744039e+01,-2.829081651976963485e+00,2.203597711005776283e+00
-3.353451236356733034e+01,-2.857081651976956849e+00,2.203597711005772730e+00
-3.350451236356732920e+01,-2.885081651976971528e+00,2.203597711005768289e+00
-3.349051236356731920e+01,-2.899081651976965546e+00,2.203597711005762960e+00
-3.346251236356738445e+01,-2.927081651976983778e+00,2.203597711005756743e+00
-3.343451236356742129e+01,-2.955081651976975365e+00,-1.859157637252599971e+00
-3.340551236356739651e+01,-2.983081651976940307e+00,2.186597711005744848e+00
-3.339151236356735808e+01,-2.997081651976966299e+00,2.186597711005741296e+00
-3.336351236356730965e+01,-3.025081651976931241e+00,2.186597711005743960e+00
-3.333551236356720437e+01,-3.053081651976928157e+00,2.186597711005740408e+00
-3.332151236356708068e+01,-3.067081651976941714e+00,2.168597711005736173e+00
-3.329351236356708910e+01,-3.095081651976974157e+00,-1.894157637252614323e+00
-3.327951236356722120e+01,-3.110081651976949857e+00,2.168597711005729956e+00
-3.325051236356713957e+01,-3.140081651976958099e+00,2.168597711005732620e+00
-3.323651236356727168e+01,-3.155081651976974655e+00,2.168597711005731732e+00
-3.316351236356720733e+01,-3.231081651976959179e+00,2.168597711005734396e+00
-3.314851236356722097e+01,-3.246081651976959748e+00,2.168597711005734396e+00
-3.313451236356718255e+01,-3.261081651976960316e+00,-1.894157637252610771e+00
-3.310551236356715776e+01,-3.291081651976931255e+00,2.168597711005737061e+00
-3.307651236356718982e+01,-3.321081651976909299e+00,2.168597711005736173e+00
-3.306151236356714662e+01,-3.337081651976886221e+00,2.168597711005732620e+00
-3.303351236356709819e+01,-3.367081651976883805e+00,2.168597711005728179e+00
-3.302051236356703612e+01,-3.381081651976874269e+00,-1.894157637252624982e+00
-3.299251236356693084e+01,-3.410081651976865302e+00,2.168597711005715745e+00
-3.296451236356682557e+01,-3.438081651976828468e+00,2.168597711005711304e+00
-3.293651236356672030e+01,-3.467081651976862133e+00,2.168597711005705087e+00
-3.290851236356658660e+01,-3.496081651976869153e+00,-1.894157637252642745e+00
-3.289451236356649133e+01,-3.510081651976863171e+00,2.186597711005698663e+00
-3.286651236356649974e+01,-3.538081651976867192e+00,2.186597711005695999e+00
-3.285251236356654658e+01,-3.552081651976864762e+00,2.186597711005689781e+00
-3.282451236356655500e+01,-3.580081651976854573e+00,2.186597711005686229e+00
-3.280951236356648337e+01,-3.594081651976857472e+00,2.186597711005683564e+00
-3.276451236356646746e+01,-3.638081651976850850e+00,-1.859157637252663919e+00
-3.274951236356650952e+01,-3.653081651976853195e+00,2.203597711005683912e+00
-3.274951236356642426e+01,-3.653081651976862076e+00,2.203597711005684801e+00
-3.270451236356635150e+01,-3.697081651976848349e+00,2.203597711005686577e+00
-3.267451236356620825e+01,-3.726081651976866027e+00,2.203597711005682136e+00
-3.264451236356620711e+01,-3.755081651976885482e+00,-1.859157637252671025e+00
-3.261551236356609706e+01,-3.783081651976868187e+00,2.203597711005683912e+00
-3.260251236356612026e+01,-3.796081651976859206e+00,2.203597711005686577e+00
-3.258851236356602499e+01,-3.810081651976837236e+00,2.203597711005688353e+00
-3.256051236356597656e+01,-3.838081651976839481e+00,2.186597711005688893e+00
-3.253151236356598019e+01,-3.866081651976845279e+00,-1.876157637252656274e+00
-3.250351236356604545e+01,-3.894081651976804892e+00,2.186597711005691558e+00
-3.247551236356599702e+01,-3.922081651976796479e+00,2.186597711005686229e+00
-3.246151236356601544e+01,-3.936081651976778062e+00,2.186597711005682676e+00
-3.243351236356599543e+01,-3.964081651976764320e+00,2.168597711005681106e+00
-3.240451236356588538e+01,-3.993081651976781998e+00,2.168597711005681106e+00
-3.239051236356581853e+01,-4.008081651976787896e+00,-1.894157637252664061e+00
-3.236151236356579375e+01,-4.038081651976810349e+00,2.168597711005680218e+00
-3.234751236356575532e+01,-4.053081651976832234e+00,2.168597711005679329e+00
-3.231951236356573531e+01,-4.082081651976839254e+00,2.168597711005672224e+00
-3.229151236356568688e+01,-4.110081651976830841e+00,2.168597711005667783e+00
-3.229151236356560162e+01,-4.110081651976802419e+00,2.168597711005666895e+00
-3.225051236356557638e+01,-4.152081651976819998e+00,-1.894157637252678272e+00
-3.223551236356553318e+01,-4.168081651976843105e+00,2.186597711005666689e+00
-3.218551236356557865e+01,-4.216081651976855582e+00,2.221597711005657949e+00
-3.217051236356550703e+01,-4.230081651976856705e+00,2.221597711005664166e+00
-3.214051236356544905e+01,-4.258081651976826976e+00,2.221597711005662390e+00
-3.212651236356543905e+01,-4.271081651976802007e+00,-1.841157637252684554e+00
-3.209851236356553272e+01,-4.297081651976791150e+00,2.221597711005659725e+00
-3.206851236356556001e+01,-4.325081651976775632e+00,2.221597711005661502e+00
-3.205351236356563049e+01,-4.338081651976745334e+00,2.221597711005655285e+00
-3.200951236356556251e+01,-4.380081651976700741e+00,2.221597711005657061e+00
-3.199551236356552408e+01,-4.393081651976707747e+00,2.203597711005657267e+00
-3.198051236356553773e+01,-4.407081651976689329e+00,-1.859157637252685236e+00
-3.195151236356539926e+01,-4.435081651976673811e+00,2.203597711005659043e+00
-3.193751236356533241e+01,-4.449081651976687368e+00,2.203597711005657267e+00
-3.190951236356531240e+01,-4.476081651976688391e+00,2.203597711005657267e+00
-3.186751236356531081e+01,-4.518081651976729063e+00,2.186597711005658695e+00
-3.185351236356530080e+01,-4.532081651976721304e+00,2.186597711005658695e+00
-3.182451236356519075e+01,-4.560081651976744865e+00,-1.876157637252688248e+00
-3.181051236356506706e+01,-4.574081651976758423e+00,2.186597711005659583e+00
-3.178251236356499021e+01,-4.602081651976746457e+00,2.168597711005655349e+00
-3.175551236356494655e+01,-4.630081651976727386e+00,2.168597711005656237e+00
-3.174151236356490813e+01,-4.645081651976742165e+00,2.168597711005652684e+00
-3.171351236356503023e+01,-4.675081651976739749e+00,-1.894157637252688930e+00
-3.169951236356502022e+01,-4.690081651976726107e+00,2.151597711005655889e+00
-3.167151236356488653e+01,-4.720081651976705928e+00,2.168597711005661566e+00
-3.164351236356483810e+01,-4.748081651976711726e+00,2.168597711005658013e+00
-3.161651236356485128e+01,-4.777081651976718746e+00,2.168597711005654460e+00
-3.160251236356489812e+01,-4.792081651976712209e+00,2.168597711005648243e+00
-3.154651236356477284e+01,-4.850081651976712038e+00,-1.894157637252696036e+00
-3.153251236356484810e+01,-4.865081651976709054e+00,2.168597711005655349e+00
-3.150451236356485651e+01,-4.893081651976697088e+00,2.186597711005649813e+00
-3.149051236356481809e+01,-4.907081651976696435e+00,2.186597711005648037e+00
-3.146251236356482650e+01,-4.935081651976659600e+00,2.186597711005645372e+00
-3.143451236356489176e+01,-4.963081651976633424e+00,-1.876157637252706012e+00
-3.141951236356490540e+01,-4.977081651976639876e+00,2.186597711005638267e+00
-3.138951236356481900e+01,-5.006081651976643343e+00,2.203597711005637727e+00
-3.135951236356478944e+01,-5.036081651976626716e+00,2.203597711005635063e+00
-3.132951236356475988e+01,-5.065081651976662158e+00,2.203597711005629733e+00
-3.131451236356485879e+01,-5.079081651976721901e+00,-1.859157637252720763e+00
-3.128451236356482923e+01,-5.108081651976721815e+00,2.203597711005627069e+00
-3.125451236356474283e+01,-5.137081651976703967e+00,2.203597711005622628e+00
-3.123951236356472805e+01,-5.152081651976693877e+00,2.203597711005622628e+00
-3.120951236356467007e+01,-5.181081651976725766e+00,2.203597711005621740e+00
-3.119451236356465529e+01,-5.195081651976714454e+00,-1.859157637252727868e+00
-3.116651236356460686e+01,-5.222081651976711925e+00,2.203597711005619963e+00
-3.113851236356464369e+01,-5.250081651976696406e+00,2.203597711005615523e+00
-3.110951236356464733e+01,-5.278081651976691546e+00,2.186597711005614286e+00
-3.109551236356458048e+01,-5.292081651976719314e+00,2.186597711005610734e+00
-3.106751236356456047e+01,-5.320081651976700243e+00,-1.876157637252734434e+00
-3.105351236356446520e+01,-5.334081651976703142e+00,2.186597711005616951e+00
-3.102551236356444520e+01,-5.362081651976676966e+00,2.186597711005616063e+00
-3.099651236356436357e+01,-5.391081651976708855e+00,2.186597711005615174e+00
-3.098151236356440563e+01,-5.406081651976681002e+00,2.186597711005613398e+00
-3.095151236356443292e+01,-5.436081651976664375e+00,2.168597711005608275e+00
-3.092151236356443178e+01,-5.466081651976686828e+00,-1.894157637252738668e+00
-3.089251236356440700e+01,-5.496081651976684412e+00,2.168597711005609163e+00
-3.087851236356436857e+01,-5.511081651976699192e+00,2.168597711005615380e+00
-3.085051236356443383e+01,-5.539081651976694332e+00,2.186597711005613398e+00
-3.080851236356434697e+01,-5.581081651976685265e+00,-1.876157637252734434e+00
-3.078051236356427012e+01,-5.609081651976648430e+00,2.186597711005613398e+00
-3.076651236356417485e+01,-5.623081651976669093e+00,2.186597711005609845e+00
-3.073751236356400796e+01,-5.652081651976640586e+00,2.186597711005611622e+00
-3.070951236356404479e+01,-5.680081651976617962e+00,2.203597711005604864e+00
-3.068651236356396339e+01,-5.702081651976584453e+00,2.203597711005605753e+00
-3.068151236356393952e+01,-5.707081651976622538e+00,-1.841157637252748502e+00
-3.066051236356389609e+01,-5.726081651976624443e+00,2.256597711005603024e+00
-3.064451236356381969e+01,-5.739081651976626119e+00,2.256597711005601248e+00
-3.061451236356373329e+01,-5.766081651976644906e+00,2.256597711005604801e+00
-3.058551236356373693e+01,-5.792081651976648260e+00,2.256597711005597695e+00
-3.057051236356369373e+01,-5.805081651976628621e+00,-1.806157637252751913e+00
-3.054051236356363574e+01,-5.831081651976639080e+00,2.238597711005595237e+00
-3.051051236356354934e+01,-5.857081651976642434e+00,2.238597711005594348e+00
-3.048051236356346294e+01,-5.883081651976677762e+00,2.238597711005592572e+00
-3.046551236356341974e+01,-5.897081651976677108e+00,2.238597711005589019e+00
-3.043551236356339018e+01,-5.924081651976628393e+00,2.221597711005586895e+00
-3.040551236356341747e+01,-5.952081651976616428e+00,2.203597711005584436e+00
-3.037751236356342588e+01,-5.980081651976597357e+00,-1.859157637252756290e+00
-3.036351236356335903e+01,-5.994081651976600256e+00,2.203597711005584436e+00
-3.034951236356326376e+01,-6.008081651976620918e+00,2.186597711005578759e+00
-3.033551236356331060e+01,-6.022081651976652239e+00,2.186597711005579647e+00
-3.030751236356340428e+01,-6.050081651976647379e+00,2.186597711005581424e+00
-3.027951236356329900e+01,-6.078081651976596333e+00,2.168597711005572748e+00
-3.023751236356326899e+01,-6.121081651976581384e+00,-1.894157637252774196e+00
-3.022351236356325899e+01,-6.136081651976549978e+00,2.168597711005570083e+00
-3.019551236356323898e+01,-6.166081651976522693e+00,2.168597711005564754e+00
-3.018151236356311529e+01,-6.180081651976522039e+00,2.168597711005564754e+00
-3.015351236356301001e+01,-6.209081651976557481e+00,-1.894157637252781301e+00
-3.013951236356297159e+01,-6.223081651976556827e+00,2.168597711005559425e+00
-3.011251236356284267e+01,-6.251081651976491571e+00,2.168597711005559425e+00
-3.008451236356287950e+01,-6.279081651976479606e+00,2.186597711005557443e+00
-3.007051236356284107e+01,-6.293081651976507374e+00,2.186597711005554778e+00
-3.007051236356281265e+01,-6.293081651976521584e+00,2.186597711005547673e+00
-3.002851236356289633e+01,-6.335081651976551598e+00,-1.876157637252801935e+00
-2.999951236356281470e+01,-6.364081651976587040e+00,2.186597711005549449e+00
-2.997051236356278991e+01,-6.392081651976599943e+00,2.203597711005548021e+00
-2.994151236356276513e+01,-6.420081651976556003e+00,2.203597711005548021e+00
-2.992751236356278355e+01,-6.434081651976555349e+00,-1.859157637252795370e+00
-2.991351236356265986e+01,-6.447081651976549921e+00,2.203597711005552462e+00
-2.988351236356265872e+01,-6.475081651976523744e+00,2.221597711005551368e+00
-2.985351236356262916e+01,-6.503081651976536648e+00,2.221597711005552256e+00
-2.982251236356259483e+01,-6.531081651976524682e+00,2.221597711005548703e+00
-2.979251236356253685e+01,-6.559081651976505611e+00,2.221597711005554032e+00
-2.974751236356252093e+01,-6.601081651976503650e+00,-1.841157637252794688e+00
-2.971751236356257664e+01,-6.629081651976491685e+00,2.221597711005549591e+00
-2.970351236356250979e+01,-6.642081651976475598e+00,2.221597711005549591e+00
-2.967351236356253708e+01,-6.669081651976483727e+00,2.221597711005546927e+00
-2.964351236356242225e+01,-6.697081651976450445e+00,2.221597711005547815e+00
-2.962851236356235063e+01,-6.711081651976456897e+00,2.221597711005543374e+00
-2.960051236356235904e+01,-6.738081651976433051e+00,-1.859157637252802475e+00
-2.957151236356236268e+01,-6.766081651976456612e+00,2.203597711005541804e+00
-2.952951236356236109e+01,-6.808081651976465309e+00,2.203597711005543580e+00
-2.950051236356225104e+01,-6.837081651976479435e+00,2.186597711005540567e+00
-2.948551236356229310e+01,-6.852081651976472898e+00,2.186597711005537903e+00
-2.945551236356229197e+01,-6.882081651976449166e+00,2.186597711005536127e+00
-2.944051236356224877e+01,-6.897081651976446182e+00,2.186597711005537015e+00
-2.941051236356210552e+01,-6.927081651976436660e+00,-1.876157637252816146e+00
-2.938251236356205709e+01,-6.955081651976421142e+00,2.186597711005524580e+00
-2.934051236356211234e+01,-6.997081651976433392e+00,2.203597711005525817e+00
-2.932551236356206914e+01,-7.012081651976419749e+00,2.203597711005524928e+00
-2.929651236356198751e+01,-7.040081651976393573e+00,2.203597711005522264e+00
-2.928151236356200116e+01,-7.054081651976371603e+00,-1.859157637252823791e+00
-2.925251236356200479e+01,-7.082081651976398717e+00,2.203597711005527593e+00
-2.923851236356199479e+01,-7.096081651976426485e+00,2.203597711005527593e+00
-2.921051236356197478e+01,-7.124081651976435836e+00,2.221597711005523834e+00
-2.919551236356198842e+01,-7.137081651976441066e+00,2.221597711005524722e+00
-2.917151236356201593e+01,-7.159081651976421767e+00,-1.841157637252819557e+00
-2.915751236356197751e+01,-7.171081651976418669e+00,2.256597711005531970e+00
-2.912851236356195272e+01,-7.196081651976388827e+00,2.273597711005526989e+00
-2.911251236356204686e+01,-7.209081651976390503e+00,2.273597711005526989e+00
-2.908051236356209301e+01,-7.235081651976390305e+00,2.273597711005526989e+00
-2.906551236356204981e+01,-7.248081651976360007e+00,-1.789157637252827060e+00
-2.903551236356210552e+01,-7.274081651976384677e+00,2.273597711005520772e+00
-2.902051236356200548e+01,-7.287081651976357932e+00,2.273597711005513666e+00
-2.899051236356183381e+01,-7.313081651976368391e+00,2.273597711005506561e+00
-2.896051236356177583e+01,-7.339081651976343323e+00,2.256597711005508877e+00
-2.892951236356176992e+01,-7.365081651976332466e+00,2.256597711005507101e+00
-2.891451236356181198e+01,-7.378081651976319932e+00,-1.806157637252840731e+00
-2.886951236356182449e+01,-7.417081651976349832e+00,2.256597711005511098e+00
-2.885451236356172444e+01,-7.430081651976372825e+00,2.256597711005509765e+00
-2.882451236356160962e+01,-7.456081651976422364e+00,2.238597711005508195e+00
-2.880951236356159484e+01,-7.470081651976389736e+00,2.238597711005503754e+00
-2.877951236356162212e+01,-7.496081651976403748e+00,2.238597711005502866e+00
-2.876451236356160734e+01,-7.509081651976398319e+00,-1.824157637252837860e+00
-2.873551236356155414e+01,-7.535081651976401673e+00,2.221597711005506959e+00
-2.870651236356152936e+01,-7.562081651976395591e+00,2.221597711005504294e+00
-2.867651236356158506e+01,-7.589081651976410825e+00,2.221597711005498965e+00
-2.864751236356158870e+01,-7.617081651976373990e+00,2.203597711005497395e+00
-2.861851236356153549e+01,-7.645081651976351367e+00,2.203597711005492954e+00
-2.860451236356144022e+01,-7.659081651976340055e+00,-1.859157637252852213e+00
-2.859051236356145864e+01,-7.673081651976310980e+00,2.186597711005489053e+00
-2.856251236356149548e+01,-7.701081651976284803e+00,2.186597711005481948e+00
-2.854851236356148547e+01,-7.716081651976303135e+00,2.186597711005474842e+00
-2.851851236356148434e+01,-7.746081651976282956e+00,2.186597711005471290e+00
-2.848851236356136951e+01,-7.776081651976294751e+00,-1.876157637252872989e+00
-2.845851236356125469e+01,-7.806081651976278124e+00,2.186597711005481948e+00
-2.840251236356124309e+01,-7.862081651976268404e+00,2.186597711005478395e+00
-2.838851236356117624e+01,-7.876081651976271303e+00,2.186597711005475730e+00
-2.836051236356112781e+01,-7.904081651976248679e+00,2.186597711005472178e+00
-2.833251236356107938e+01,-7.932081651976218950e+00,2.203597711005469861e+00
-2.831851236356104096e+01,-7.946081651976239613e+00,-1.859157637252873529e+00
-2.828851236356103982e+01,-7.974081651976252516e+00,2.203597711005477855e+00
-2.827451236356114350e+01,-7.988081651976258968e+00,2.203597711005472526e+00
-2.824551236356103345e+01,-8.016081651976250555e+00,2.203597711005472526e+00
-4.239585503580617143e+01,-8.044078968320869549e+00,2.203544837555116764e+00
-4.236685503580605427e+01,-8.072078968320827386e+00,-1.841210510703237491e+00
-4.235185503580595423e+01,-8.086078968320823179e+00,2.221544837555110341e+00
-4.232285503580590103e+01,-8.113078968320845519e+00,2.221544837555110341e+00
-4.229285503580581462e+01,-8.139078968320838214e+00,2.238544837555105360e+00
-4.227785503580577142e+01,-8.153078968320823350e+00,2.238544837555106248e+00
-4.224685503580570867e+01,-8.181078968320797173e+00,-1.824210510703241583e+00
-4.223185503580555178e+01,-8.195078968320796520e+00,2.238544837555106248e+00
-4.219985503580545583e+01,-8.223078968320766791e+00,2.238544837555102696e+00
-4.216785503580524619e+01,-8.251078968320740614e+00,2.238544837555103584e+00
-4.212285503580511659e+01,-8.290078968320774067e+00,2.238544837555103584e+00
-4.210785503580495970e+01,-8.303078968320811271e+00,2.238544837555104472e+00
-4.207785503580493014e+01,-8.329078968320825282e+00,-1.824210510703245136e+00
-4.206285503580483010e+01,-8.342078968320848276e+00,2.238544837555095590e+00
-4.203285503580463001e+01,-8.369078968320852852e+00,2.238544837555093814e+00
-4.201885503580450631e+01,-8.382078968320840318e+00,2.238544837555093814e+00
-4.195985503580453724e+01,-8.436078968320845917e+00,2.221544837555095242e+00
-4.194585503580458408e+01,-8.449078968320861804e+00,2.221544837555094354e+00
-4.191585503580449767e+01,-8.477078968320832075e+00,2.221544837555098795e+00
-4.189185503580426939e+01,-8.500078968320810446e+00,-1.859210510703245278e+00
-4.188485503580426439e+01,-8.506078968320796463e+00,2.221544837555099683e+00
-4.186285503580415934e+01,-8.528078968320794928e+00,2.221544837555098795e+00
-4.183185503580421027e+01,-8.556078968320701250e+00,2.221544837555100571e+00
-4.181685503580422392e+01,-8.569078968320724243e+00,2.221544837555093466e+00
-4.178685503580419436e+01,-8.597078968320690961e+00,-1.824210510703255794e+00
-4.177085503580417480e+01,-8.611078968320665439e+00,2.238544837555088485e+00
-4.173985503580422574e+01,-8.639078968320628604e+00,2.238544837555084044e+00
-4.170785503580401610e+01,-8.667078968320577559e+00,2.238544837555079603e+00
-4.167685503580395334e+01,-8.695078968320558488e+00,2.238544837555075162e+00
-4.164585503580394743e+01,-8.723078968320539417e+00,2.238544837555072498e+00
-4.162985503580381419e+01,-8.737078968320535211e+00,-1.824210510703284216e+00
-4.159985503580372779e+01,-8.765078968320523245e+00,2.238544837555060063e+00
-4.158485503580368459e+01,-8.778078968320528475e+00,2.238544837555063616e+00
-4.155485503580371187e+01,-8.805078968320529498e+00,2.221544837555060603e+00
-4.153985503580372551e+01,-8.819078968320546608e+00,2.221544837555058827e+00
-4.149585503580362911e+01,-8.859078968320503122e+00,2.221544837555056162e+00
-4.147985503580372324e+01,-8.873078968320498916e+00,-1.841210510703290781e+00
-4.146485503580368004e+01,-8.887078968320551553e+00,2.221544837555057050e+00
-4.143485503580359364e+01,-8.915078968320514718e+00,2.221544837555055274e+00
-4.140385503580358773e+01,-8.944078968320503975e+00,2.221544837555051721e+00
-4.137385503580367185e+01,-8.972078968320516879e+00,2.221544837555051721e+00
-4.135785503580365230e+01,-8.986078968320519778e+00,2.221544837555047280e+00
-4.132785503580356590e+01,-9.015078968320544561e+00,2.221544837555045504e+00
-4.131285503580346585e+01,-9.029078968320561671e+00,-1.841210510703304992e+00
-4.128285503580343629e+01,-9.057078968320595891e+00,2.221544837555042839e+00
-4.125385503580332625e+01,-9.085078968320601689e+00,2.221544837555039287e+00
-4.123885503580328304e+01,-9.098078968320585602e+00,2.221544837555032181e+00
-4.119385503580321028e+01,-9.139078968320582419e+00,2.221544837555024188e+00
-4.117885503580316708e+01,-9.153078968320578213e+00,-1.841210510703315650e+00
-4.113285503580311797e+01,-9.195078968320544277e+00,2.238544837555024536e+00
-4.110285503580314526e+01,-9.223078968320507443e+00,2.238544837555020983e+00
-4.108685503580306886e+01,-9.237078968320552974e+00,2.238544837555019207e+00
-4.104085503580296290e+01,-9.279078968320554566e+00,2.238544837555021871e+00
-4.102485503580294335e+01,-9.293078968320600097e+00,2.238544837555011213e+00
-4.100885503580303748e+01,-9.307078968320610102e+00,-1.824210510703337507e+00
-4.097885503580306477e+01,-9.334078968320625336e+00,2.238544837555003220e+00
-4.093085503580294926e+01,-9.377078968320681440e+00,2.238544837554999667e+00
-4.091585503580284922e+01,-9.391078968320698550e+00,2.238544837554992561e+00
-4.089985503580282966e+01,-9.405078968320715660e+00,2.238544837554990785e+00
-4.086785503580267687e+01,-9.433078968320693036e+00,-1.824210510703351718e+00
-4.085185503580260047e+01,-9.447078968320674619e+00,2.238544837554996114e+00
-4.081985503580267505e+01,-9.475078968320666206e+00,2.238544837554994338e+00
-4.078985503580258865e+01,-9.502078968320638808e+00,2.238544837554992561e+00
-4.077485503580260229e+01,-9.515078968320622721e+00,2.238544837554995226e+00
-4.074385503580271006e+01,-9.542078968320602428e+00,2.238544837554992561e+00
-4.069685503580274144e+01,-9.584078968320596914e+00,-1.824210510703358823e+00
-4.068085503580266504e+01,-9.598078968320557181e+00,2.238544837554985456e+00
-4.066585503580247973e+01,-9.612078968320567185e+00,2.238544837554988121e+00
-4.063385503580241220e+01,-9.640078968320516140e+00,2.238544837554985456e+00
-4.061785503580233581e+01,-9.654078968320540355e+00,2.238544837554990785e+00
-4.058585503580226828e+01,-9.682078968320517731e+00,2.238544837554989009e+00
-4.057085503580222507e+01,-9.696078968320527736e+00,2.238544837554987232e+00
-4.053985503580219074e+01,-9.724078968320476690e+00,-1.824210510703344612e+00
-4.052385503580211434e+01,-9.738078968320444062e+00,2.238544837554996114e+00
-4.049185503580193313e+01,-9.766078968320435649e+00,2.238544837554994338e+00
-4.046085503580204090e+01,-9.794078968320377498e+00,2.238544837554994338e+00
-4.041485503580204863e+01,-9.836078968320364879e+00,2.238544837554993450e+00
-4.040385503580210980e+01,-9.846078968320362890e+00,-1.824210510703351718e+00
-4.039685503580207637e+01,-9.852078968320356012e+00,2.238544837554999667e+00
-4.037485503580191448e+01,-9.872078968320352033e+00,2.256544837554996796e+00
-4.034285503580181853e+01,-9.899078968320374372e+00,2.256544837554996796e+00
-4.032685503580194109e+01,-9.913078968320377271e+00,2.256544837554995908e+00
-4.029585503580199202e+01,-9.940078968320371189e+00,2.256544837554992355e+00
-4.028085503580203408e+01,-9.953078968320376418e+00,-1.806210510703354588e+00
-4.025085503580203294e+01,-9.979078968320365561e+00,2.256544837554996796e+00
-4.020585503580204545e+01,-1.001807896832037414e+01,2.256544837554998573e+00
-4.019085503580191698e+01,-1.003107896832037227e+01,2.256544837554987915e+00
-4.016085503580197269e+01,-1.005707896832038983e+01,2.256544837554991467e+00
-4.014585503580187265e+01,-1.007007896832042348e+01,2.238544837554990785e+00
-4.010085503580182831e+01,-1.011007896832038000e+01,-1.824210510703355270e+00
-4.007085503580196928e+01,-1.013707896832040234e+01,2.238544837554992561e+00
-4.005485503580203499e+01,-1.015107896832044077e+01,2.238544837554983680e+00
-4.002485503580194859e+01,-1.017907896832043946e+01,2.238544837554981903e+00
-3.997785503580186628e+01,-1.022107896832044105e+01,2.221544837554983332e+00
-3.996285503580182308e+01,-1.023507896832042974e+01,2.221544837554983332e+00
-3.993185503580181717e+01,-1.026307896832038580e+01,-1.841210510703361836e+00
-3.991685503580168870e+01,-1.027707896832037449e+01,2.221544837554993101e+00
-3.988685503580165914e+01,-1.030307896832041337e+01,2.238544837554987232e+00
-3.987185503580161594e+01,-1.031607896832041149e+01,2.238544837554984568e+00
-3.984185503580155796e+01,-1.034307896832044094e+01,2.238544837554981015e+00
-3.982685503580154318e+01,-1.035607896832041064e+01,2.238544837554977462e+00
-3.978185503580144200e+01,-1.039607896832038847e+01,-1.824210510703365928e+00
-3.976685503580148406e+01,-1.040907896832036528e+01,2.238544837554981903e+00
-3.973685503580131240e+01,-1.043507896832035442e+01,2.256544837554983474e+00
-3.970585503580124964e+01,-1.046207896832038386e+01,2.256544837554987026e+00
-3.968985503580120167e+01,-1.047607896832038676e+01,2.256544837554984362e+00
-3.965785503580110571e+01,-1.050307896832043753e+01,-1.806210510703365246e+00
-3.962585503580095292e+01,-1.053107896832042201e+01,2.256544837554979033e+00
-3.959385503580085697e+01,-1.055907896832039228e+01,2.256544837554983474e+00
-3.956185503580095997e+01,-1.058607896832040041e+01,2.256544837554981697e+00
-3.952985503580092086e+01,-1.061407896832034936e+01,2.256544837554979033e+00
-3.952985503580086402e+01,-1.061407896832032804e+01,2.256544837554973704e+00
-3.946785503580079535e+01,-1.066707896832031821e+01,-1.806210510703372352e+00
-3.945285503580066688e+01,-1.068007896832030212e+01,2.256544837554975480e+00
-3.942285503580058048e+01,-1.070607896832029837e+01,2.256544837554969263e+00
-3.940685503580064619e+01,-1.071907896832028229e+01,2.256544837554971039e+00
-3.937685503580067348e+01,-1.074507896832032827e+01,2.238544837554969469e+00
-3.936185503580054501e+01,-1.075807896832029797e+01,2.238544837554970357e+00
-3.931585503580046748e+01,-1.079907896832026637e+01,-1.824210510703376587e+00
-3.929985503580041950e+01,-1.081307896832027637e+01,2.238544837554967692e+00
-3.926785503580049408e+01,-1.084107896832028217e+01,2.238544837554965916e+00
-3.923585503580045497e+01,-1.086907896832024534e+01,2.238544837554964140e+00
-3.921985503580052068e+01,-1.088307896832022692e+01,2.238544837554961475e+00
-3.918785503580053842e+01,-1.091107896832016166e+01,2.238544837554965916e+00
-3.915685503580041882e+01,-1.093907896832017457e+01,2.238544837554960587e+00
-3.914385503580024306e+01,-1.095107896832018213e+01,-1.806210510703390115e+00
-3.913485503580025693e+01,-1.095807896832019424e+01,2.273544837554960729e+00
-3.912785503580022350e+01,-1.096307896832023232e+01,2.378544837554956715e+00
-3.912585503580015711e+01,-1.096407896832024420e+01,-1.562210510703386790e+00
-3.912485503580006707e+01,-1.096407896832025841e+01,-1.422210510703383335e+00
-3.912485503579986812e+01,-1.096407896832025131e+01,-1.248210510703383846e+00
-3.912485503579989654e+01,-1.096407896832025841e+01,-1.248210510703380294e+00
-3.912085503579982060e+01,-1.096407896832027973e+01,-1.265210510703381530e+00
-3.911785503579983470e+01,-1.096507896832031292e+01,-1.248210510703380294e+00
-3.910885503579970646e+01,-1.096507896832029871e+01,-1.230210510703383164e+00
-3.910485503579971578e+01,-1.096607896832028928e+01,2.814544837554961099e+00
-3.909385503579966326e+01,-1.096707896832026563e+01,2.762544837554962385e+00
-3.908585503579968190e+01,-1.096907896832027518e+01,-1.335210510703386477e+00
-3.906585503579958640e+01,-1.097507896832025409e+01,-1.405210510703385651e+00
-3.903985503579949068e+01,-1.098407896832028285e+01,-1.475210510703382383e+00
-3.900785503579939473e+01,-1.099907896832027632e+01,2.517544837554971160e+00
-3.895585503579928854e+01,-1.102807896832025847e+01,2.413544837554970179e+00
-3.892285503579932993e+01,-1.105107896832025460e+01,2.343544837554971672e+00
-3.890685503579939564e+01,-1.106307896832025506e+01,-1.737210510703380395e+00
-3.888085503579935676e+01,-1.108407896832020612e+01,2.273544837554964282e+00
-3.887285503579920487e+01,-1.109107896832016138e+01,2.273544837554969611e+00
-3.885085503579929878e+01,-1.111007896832014552e+01,2.256544837554964822e+00
-3.882085503579918395e+01,-1.113807896832013711e+01,2.221544837554960239e+00
-3.879285503579916394e+01,-1.116607896832007896e+01,2.186544837554955656e+00
-3.877885503579918236e+01,-1.118007896832004633e+01,-1.894210510703394634e+00
-3.875185503579911028e+01,-1.120907896832007822e+01,2.133544837554949503e+00
-3.872685503579913302e+01,-1.123807896832009590e+01,2.116544837554948266e+00
-3.871785503579900478e+01,-1.124907896832014842e+01,2.133544837554939733e+00
-3.870885503579904707e+01,-1.125907896832012511e+01,2.203544837554935576e+00
-3.870785503579909914e+01,-1.126007896832014410e+01,-1.789210510703419077e+00
-3.870685503579903752e+01,-1.126007896832015831e+01,2.395544837554921536e+00
-3.870685503579883857e+01,-1.126007896832015120e+01,2.535544837554914110e+00
-3.870685503579886699e+01,-1.126007896832017963e+01,-1.388210510703440592e+00
-3.870685503579883857e+01,-1.126007896832022936e+01,-1.248210510703431808e+00
-3.870685503579889541e+01,-1.126007896832020805e+01,-1.178210510703431524e+00
-3.870685503579881015e+01,-1.126007896832018673e+01,-1.039025203523845420e+00
-3.870685503579872488e+01,-1.126007896832019384e+01,-8.990252035238466277e-01
-3.870685503579863962e+01,-1.126007896832013699e+01,-8.290252035238498962e-01
-3.870685503579861120e+01,-1.126007896832010147e+01,-6.900252035238487736e-01
-3.870685503579872488e+01,-1.126007896832008726e+01,-6.200252035238467130e-01
-3.870685503579861120e+01,-1.126007896832008726e+01,-4.800252035238443682e-01
-3.870685503579866804e+01,-1.126007896832008726e+01,-3.410252035238432455e-01
-3.870685503579866804e+01,-1.126007896832005883e+01,-2.010252035238408730e-01
-3.870685503579866804e+01,-1.126007896832007305e+01,-1.310252035238414769e-01
-3.870685503579855435e+01,-1.126007896832006594e+01,2.597479647615852025e-02
-3.870685503579858278e+01,-1.126007896832006594e+01,1.659747964761591199e-01
-3.870685503579858278e+01,-1.126007896832000910e+01,2.349747964761590147e-01
-3.870585503579863484e+01,-1.125207896831997090e+01,3.749747964761578345e-01
-3.870585503579854958e+01,-1.124507896831992326e+01,4.269747964761574366e-01
-3.870585503579846431e+01,-1.122307896831989638e+01,5.669747964761580050e-01
-3.870785503579836018e+01,-1.120407896831988381e+01,6.889747964761570032e-01
-3.870785503579844544e+01,-1.120207896831988847e+01,3.049404755397397970e+00
-3.870885503579827969e+01,-1.120007896831990024e+01,-3.111780551782180382e+00
-3.871485503579839360e+01,-1.119007896831985960e+01,1.055974796476159883e+00
-3.871985503579836063e+01,-1.118307896831989012e+01,1.107974796476157708e+00
-3.872685503579822353e+01,-1.117407896831991820e+01,1.142974796476160737e+00
-3.874185503579829515e+01,-1.115507896831990564e+01,1.229974796476160037e+00
-3.875185503579831447e+01,-1.114507896831996447e+01,1.264974796476158403e+00
-3.877685503579834858e+01,-1.112107896831990672e+01,1.317974796476159005e+00
-3.880685503579823603e+01,-1.109507896831986784e+01,-2.710780551782188574e+00
-3.883785503579821352e+01,-1.106907896831984317e+01,-2.692780551782188780e+00
-3.896785503579820897e+01,-1.097207896831985607e+01,-2.605780551782189036e+00
-3.898485503579811962e+01,-1.096107896831982487e+01,1.456974796476159684e+00
-3.901885503579808301e+01,-1.093907896831985482e+01,1.474974796476153927e+00
-3.905285503579804640e+01,-1.091707896831989189e+01,1.474974796476151706e+00
-3.908685503579803822e+01,-1.089507896831992184e+01,-2.570780551782195111e+00
-3.912085503579800161e+01,-1.087307896831989495e+01,-2.570780551782192447e+00
-3.913785503579791225e+01,-1.086207896831989217e+01,-2.570780551782188894e+00
-3.917185503579801775e+01,-1.084107896831987006e+01,1.509974796476156955e+00
-3.918885503579801366e+01,-1.083107896831984363e+01,1.509974796476157399e+00
-3.922385503579792498e+01,-1.081007896831982151e+01,-2.552780551782194429e+00
-3.927885503579796023e+01,-1.077707896831976342e+01,-2.535780551782185199e+00
-3.931585503579788110e+01,-1.075507896831975074e+01,1.526974796476167073e+00
-3.933385503579782494e+01,-1.074407896831974085e+01,1.526974796476164187e+00
-3.936985503579788315e+01,-1.072307896831969742e+01,-2.535780551782184311e+00
-3.942585503579789474e+01,-1.069007896831967486e+01,-2.535780551782178094e+00
-3.944385503579792385e+01,-1.068007896831966264e+01,1.526974796476167073e+00
-3.946085503579780607e+01,-1.067007896831963620e+01,1.526974796476162854e+00
-3.949585503579766055e+01,-1.065007896831964018e+01,-2.535780551782187864e+00
-3.951285503579757119e+01,-1.064007896831961375e+01,-2.535780551782188752e+00
-3.954485503579746819e+01,-1.062207896831958465e+01,1.526974796476159968e+00
-3.955985503579736928e+01,-1.061407896831956066e+01,1.543974796476159206e+00
-3.956185503579717988e+01,-1.061307896831951325e+01,-2.518780551782184851e+00
-3.956585503579731267e+01,-1.061107896831951081e+01,-2.448780551782178350e+00
-3.956685503579734586e+01,-1.061107896831953212e+01,-2.395780551782177525e+00
-3.956685503579723218e+01,-1.061107896831955344e+01,-2.256780551782188837e+00
-3.956685503579706165e+01,-1.061107896831951791e+01,-2.064780551782192219e+00
-3.956685503579711849e+01,-1.061107896831949660e+01,-2.011780551782196724e+00
-3.957085503579702390e+01,-1.061107896831950370e+01,-2.011780551782193172e+00
-3.957785503579708575e+01,-1.061107896831950370e+01,2.032974796476145762e+00
-3.959685503579703436e+01,-1.061107896831950370e+01,-1.942780551782202325e+00
-3.959885503579695865e+01,-1.061107896831947528e+01,-1.872780551782204483e+00
-3.959985503579702026e+01,-1.061107896831942554e+01,-1.802780551782200646e+00
-3.959985503579704869e+01,-1.061107896831941844e+01,-1.680780551782198984e+00
-3.959985503579690658e+01,-1.061107896831939001e+01,-1.610780551782196923e+00
-3.959985503579684973e+01,-1.061107896831937580e+01,-1.401780551782195516e+00
-3.959985503579679289e+01,-1.061107896831940423e+01,-1.331780551782193456e+00
-3.959985503579687816e+01,-1.061107896831939712e+01,-1.191780551782192887e+00
-3.959985503579684973e+01,-1.061107896831939712e+01,-1.104780551782194919e+00
-3.959985503579670763e+01,-1.061107896831936870e+01,-9.647805517821943511e-01
-3.959985503579673605e+01,-1.061107896831935449e+01,-8.257805517821915631e-01
-3.959985503579656552e+01,-1.061107896831935449e+01,-7.557805517821893915e-01
-3.959985503579656552e+01,-1.061207896831934505e+01,-6.157805517821888230e-01
-3.959985503579648025e+01,-1.062207896831934306e+01,-4.237805517821904289e-01
-3.959985503579633814e+01,-1.062207896831939991e+01,-3.537805517821901446e-01
-3.959985503579633814e+01,-1.062207896831940701e+01,-2.847805517821911381e-01
-3.959985503579625288e+01,-1.062207896831942833e+01,-7.478055178219111809e-02
-3.959885503579610599e+01,-1.062607896831939769e+01,4.721944821780788698e-02
-3.959585503579606325e+01,-1.063107896831942156e+01,9.921944821780837032e-02
-3.958685503579604870e+01,-1.064407896831941969e+01,2.042194482178087966e-01
-3.957385503579592978e+01,-1.066007896831936819e+01,2.742194482178099690e-01
-3.956485503579588681e+01,-1.067007896831935909e+01,3.092194482178083348e-01
-3.954085503579580063e+01,-1.069507896831936478e+01,3.612194482178079369e-01
-3.951185503579569058e+01,-1.072107896831937524e+01,4.142194482178078729e-01
-3.949685503579567580e+01,-1.073407896831935915e+01,4.142194482178069848e-01
-3.946685503579556098e+01,-1.076007896831934829e+01,4.492194482178062387e-01
-3.943485503579546503e+01,-1.078607896831935875e+01,4.662194482178048105e-01
-3.941885503579547390e+01,-1.079807896831935921e+01,4.832194482178033823e-01
-3.938685503579543479e+01,-1.082207896831937433e+01,5.012194482178013999e-01
-3.936985503579532519e+01,-1.083407896831933215e+01,5.012194482178013999e-01
-3.933685503579536658e+01,-1.085807896831930464e+01,5.362194482178024302e-01
-3.930285503579543160e+01,-1.088007896831928889e+01,2.756649407139041053e+00
-3.926885503579543979e+01,-1.090207896831924472e+01,2.773649407139036072e+00
-3.923485503579541955e+01,-1.092407896831919345e+01,-1.289105941119309096e+00
-3.921785503579536680e+01,-1.093507896831916781e+01,-1.289105941119309762e+00
-3.918385503579546025e+01,-1.095707896831912365e+01,-1.271105941119307303e+00
-3.916685503579540750e+01,-1.096807896831909801e+01,-1.271105941119305527e+00
-3.913285503579524516e+01,-1.099007896831908937e+01,-1.254105941119304291e+00
-3.911585503579536294e+01,-1.100107896831910637e+01,-1.254105941119302514e+00
-3.906385503579531360e+01,-1.103207896831909807e+01,-1.254105941119298961e+00
-3.904585503579531292e+01,-1.104207896831907476e+01,-1.236105941119292950e+00
-3.901085503579517422e+01,-1.106207896831906368e+01,-1.236105941119291174e+00
-3.897585503579523447e+01,-1.108207896831909522e+01,2.826649407139053771e+00
-3.894085503579515262e+01,-1.110207896831906282e+01,2.843649407139054119e+00
-3.892285503579495298e+01,-1.111207896831909636e+01,-1.219105941119294600e+00
-3.890485503579481019e+01,-1.112207896831905174e+01,-1.219105941119293490e+00
-3.885085503579489341e+01,-1.115107896831904810e+01,-1.202105941119294030e+00
-3.881485503579477836e+01,-1.117007896831900382e+01,-1.202105941119294030e+00
-3.877885503579474857e+01,-1.118907896831895954e+01,-1.202105941119295807e+00
-3.874285503579471879e+01,-1.120707896831898864e+01,-1.184105941119295125e+00
-3.870685503579483111e+01,-1.122507896831893959e+01,-1.184105941119291572e+00
-3.868885503579483043e+01,-1.123407896831892572e+01,-1.184105941119289795e+00
-3.868885503579485885e+01,-1.123407896831893282e+01,-1.184105941119286243e+00
-3.863485503579485680e+01,-1.126107896831893385e+01,-1.167105941119285006e+00
-3.859885503579471333e+01,-1.127907896831895584e+01,2.895649407139059939e+00
-3.858085503579454212e+01,-1.128807896831898461e+01,2.913649407139054404e+00
-3.852385503579463943e+01,-1.131407896831898796e+01,-1.149105941119290764e+00
-3.850485503579469082e+01,-1.132307896831893856e+01,-1.149105941119286101e+00
-3.846685503579462306e+01,-1.134107896831891793e+01,-1.149105941119284324e+00
-3.844685503579461283e+01,-1.135007896831888985e+01,-1.149105941119284324e+00
-3.840885503579451665e+01,-1.136707896831884312e+01,-1.149105941119284324e+00
-3.836985503579452939e+01,-1.138507896831883670e+01,-1.149105941119286101e+00
-3.833185503579454689e+01,-1.140207896831883971e+01,-1.149105941119280772e+00
-3.831385503579454621e+01,-1.141007896831888502e+01,-1.149105941119275442e+00
-3.827685503579448323e+01,-1.142607896831884062e+01,-1.149105941119275442e+00
-3.825885503579436886e+01,-1.143507896831884096e+01,-1.149105941119275442e+00
-3.822185503579436272e+01,-1.145207896831883687e+01,-1.149105941119271890e+00
-3.818585503579430451e+01,-1.146807896831878537e+01,2.913649407139074832e+00
-3.814985503579424631e+01,-1.148507896831878838e+01,2.895649407139073261e+00
-3.811285503579424017e+01,-1.150307896831876775e+01,-1.167105941119284340e+00
-3.809485503579426791e+01,-1.151207896831877520e+01,-1.167105941119286783e+00
-3.805885503579429496e+01,-1.153007896831876167e+01,-1.167105941119281454e+00
-3.804085503579437955e+01,-1.153907896831876201e+01,-1.184105941119282690e+00
-3.800485503579437818e+01,-1.155707896831872006e+01,-1.184105941119282690e+00
-3.794785503579427655e+01,-1.158607896831868800e+01,-1.184105941119280914e+00
-3.790985503579420879e+01,-1.160607896831870534e+01,-1.184105941119282690e+00
-3.787185503579425472e+01,-1.162607896831867293e+01,-1.184105941119279137e+00
-3.785285503579413557e+01,-1.163607896831867805e+01,-1.184105941119279137e+00
-3.781485503579395413e+01,-1.165607896831870960e+01,-1.184105941119270256e+00
-3.777685503579402848e+01,-1.167507896831865821e+01,2.878649407139078242e+00
-3.773885503579404599e+01,-1.169507896831868266e+01,2.878649407139073801e+00
-3.772085503579404531e+01,-1.170507896831864514e+01,-1.184105941119276695e+00
-3.768485503579395868e+01,-1.172307896831866714e+01,-1.184105941119273808e+00
-3.766685503579398642e+01,-1.173207896831868169e+01,-1.184105941119273808e+00
-3.762985503579406554e+01,-1.175007896831863974e+01,-1.184105941119270256e+00
-3.759285503579411625e+01,-1.176807896831861910e+01,-1.184105941119264926e+00
-3.755685503579414330e+01,-1.178607896831858426e+01,-1.167105941119261914e+00
-3.752085503579405668e+01,-1.180407896831859205e+01,-1.167105941119258361e+00
-3.750285503579405599e+01,-1.181307896831858528e+01,-1.167105941119256585e+00
-3.746485503579401666e+01,-1.183107896831857175e+01,-1.167105941119254808e+00
-3.744585503579401120e+01,-1.184007896831851525e+01,-1.167105941119251256e+00
-3.740785503579391502e+01,-1.185807896831850172e+01,2.895649407139099019e+00
-3.738785503579393321e+01,-1.186707896831848075e+01,2.895649407139094578e+00
-3.734885503579383226e+01,-1.188507896831843880e+01,-1.167105941119248813e+00
-3.731085503579384977e+01,-1.190307896831844658e+01,-1.167105941119253032e+00
-3.727285503579389569e+01,-1.192107896831840463e+01,-1.167105941119256585e+00
-3.723485503579388478e+01,-1.193907896831838400e+01,-1.149105941119259455e+00
-3.721585503579393617e+01,-1.194807896831835592e+01,-1.149105941119257679e+00
-3.717785503579389683e+01,-1.196607896831832818e+01,-1.149105941119254126e+00
-3.715885503579389137e+01,-1.197507896831830720e+01,-1.149105941119252350e+00
-3.712185503579377155e+01,-1.199307896831827236e+01,-1.167105941119251256e+00
-3.710385503579385613e+01,-1.200207896831825138e+01,-1.167105941119249479e+00
-3.706585503579375995e+01,-1.202007896831828049e+01,-1.167105941119251256e+00
-3.702685503579377269e+01,-1.203807896831828828e+01,2.895649407139095466e+00
-3.698985503579376655e+01,-1.205607896831824632e+01,2.895649407139094578e+00
-3.697685503579373290e+01,-1.206207896831823945e+01,-1.167105941119248813e+00
-3.695685503579375109e+01,-1.207107896831820426e+01,-1.149105941119250573e+00
-3.692185503579375450e+01,-1.208607896831821904e+01,-1.132105941119247561e+00
-3.688385503579377200e+01,-1.210207896831823149e+01,-1.132105941119244008e+00
-3.686485503579373812e+01,-1.211007896831824837e+01,-1.132105941119240455e+00
-3.682685503579369879e+01,-1.212607896831818977e+01,-1.114105941119241550e+00
-3.680885503579375495e+01,-1.213407896831817823e+01,-1.114105941119241550e+00
-3.677085503579371562e+01,-1.215007896831815515e+01,-1.114105941119241550e+00
-3.671385503579355714e+01,-1.217307896831812997e+01,-1.097105941119236761e+00
-3.667585503579340411e+01,-1.218807896831809501e+01,-1.097105941119236761e+00
-3.663785503579330793e+01,-1.220207896831814764e+01,-1.097105941119233208e+00
-3.659985503579321175e+01,-1.221607896831812923e+01,-1.079105941119236078e+00
-3.658085503579323472e+01,-1.222307896831813423e+01,2.983649407139110643e+00
-3.654285503579322381e+01,-1.223707896831811581e+01,2.983649407139104426e+00
-3.652385503579324677e+01,-1.224407896831809239e+01,-1.062105941119248387e+00
-3.648585503579312217e+01,-1.225807896831810240e+01,-1.062105941119250829e+00
-3.646685503579303145e+01,-1.226507896831807898e+01,-1.062105941119245500e+00
-3.642885503579304896e+01,-1.227907896831808898e+01,-1.062105941119245500e+00
-3.639085503579298120e+01,-1.229307896831810609e+01,-1.044105941119244818e+00
-3.637185503579297574e+01,-1.230007896831807557e+01,-1.044105941119243042e+00
-3.631385503579301144e+01,-1.232107896831809057e+01,-1.044105941119239489e+00
-3.629585503579286865e+01,-1.232807896831813110e+01,-1.062105941119240171e+00
-3.625785503579285773e+01,-1.234207896831814821e+01,-1.062105941119241947e+00
-3.623885503579273859e+01,-1.234907896831811769e+01,-1.062105941119241947e+00
-3.620085503579269925e+01,-1.236307896831810638e+01,-1.079105941119243184e+00
-3.616285503579263150e+01,-1.237707896831807375e+01,-1.097105941119247419e+00
-3.614385503579265446e+01,-1.238507896831804800e+01,2.948649407139096290e+00
-3.610585503579261513e+01,-1.240107896831798939e+01,2.930649407139096496e+00
-3.606985503579261376e+01,-1.241707896831803026e+01,-1.149105941119248131e+00
-3.603285503579257920e+01,-1.243407896831800485e+01,-1.167105941119245927e+00
-3.601485503579255010e+01,-1.244307896831802651e+01,-1.184105941119247163e+00
-3.597885503579260558e+01,-1.246107896831800588e+01,-1.202105941119246069e+00
-3.596085503579277542e+01,-1.247107896831798968e+01,-1.219105941119241976e+00
-3.592485503579280248e+01,-1.249107896831792175e+01,-1.236105941119241436e+00
-3.590785503579277815e+01,-1.250107896831794108e+01,-1.236105941119239660e+00
-3.587185503579274837e+01,-1.252107896831794420e+01,-1.254105941119236789e+00
-3.585485503579283773e+01,-1.253207896831791857e+01,2.808649407139106380e+00
-3.581985503579281271e+01,-1.255307896831789094e+01,2.808649407139107268e+00
-3.578385503579278293e+01,-1.257507896831789651e+01,-1.271105941119237359e+00
-3.573085503579272881e+01,-1.260807896831789776e+01,-1.271105941119234473e+00
-3.571385503579276133e+01,-1.261807896831783182e+01,-1.271105941119232696e+00
-3.567985503579268425e+01,-1.264007896831786582e+01,-1.254105941119227907e+00
-3.566185503579268357e+01,-1.265107896831786860e+01,-1.254105941119229684e+00
-3.562785503579269175e+01,-1.267207896831786229e+01,-1.254105941119226131e+00
-3.561085503579272427e+01,-1.268207896831781056e+01,-1.254105941119227907e+00
-3.557685503579287456e+01,-1.270307896831786110e+01,-1.254105941119226131e+00
-3.554185503579273586e+01,-1.272407896831787610e+01,2.808649407139117038e+00
-3.552385503579273518e+01,-1.273407896831781727e+01,2.808649407139116150e+00
-3.547085503579273791e+01,-1.276507896831785160e+01,-1.236105941119233664e+00
-3.541785503579288275e+01,-1.279507896831783142e+01,-1.236105941119234330e+00
-3.540085503579271631e+01,-1.280507896831779391e+01,-1.236105941119234330e+00
-3.536485503579262968e+01,-1.282507896831776151e+01,-1.219105941119231318e+00
-3.534685503579274268e+01,-1.283507896831773820e+01,-1.219105941119233094e+00
-3.531085503579274132e+01,-1.285507896831772712e+01,-1.219105941119227765e+00
-3.529285503579262695e+01,-1.286507896831772513e+01,-1.219105941119225989e+00
-3.525685503579268243e+01,-1.288507896831773536e+01,-1.202105941119222976e+00
-3.522085503579276633e+01,-1.290407896831769108e+01,-1.202105941119221200e+00
-3.518485503579267970e+01,-1.292207896831772018e+01,2.860649407139123745e+00
-3.516685503579253691e+01,-1.293107896831770631e+01,2.860649407139122857e+00
-3.513085503579250712e+01,-1.294907896831764305e+01,-1.184105941119219851e+00
-3.509485503579253418e+01,-1.296707896831759399e+01,-1.184105941119224070e+00
-3.506585503579250940e+01,-1.298207896831755903e+01,-1.167105941119219281e+00
-3.505885503579256124e+01,-1.298507896831753072e+01,-1.149105941119220375e+00
-3.503185503579260285e+01,-1.299707896831755249e+01,-1.114105941119222010e+00
-3.499385503579264878e+01,-1.301307896831750099e+01,-1.114105941119220233e+00
-3.497485503579264332e+01,-1.302107896831748945e+01,-1.114105941119218457e+00
-3.491685503579262217e+01,-1.304507896831749747e+01,-1.114105941119214904e+00
-3.489785503579261672e+01,-1.305307896831753567e+01,-1.114105941119213128e+00
-3.486085503579258216e+01,-1.306807896831750782e+01,-1.114105941119213128e+00
-3.484185503579251986e+01,-1.307607896831748917e+01,-1.114105941119213128e+00
-3.480485503579245687e+01,-1.309107896831745421e+01,2.948649407139131817e+00
-3.478585503579236615e+01,-1.309907896831745688e+01,2.948649407139125600e+00
-3.476685503579230385e+01,-1.310707896831745956e+01,-1.114105941119223120e+00
-3.472885503579223609e+01,-1.312307896831742937e+01,-1.114105941119223786e+00
-3.469085503579228202e+01,-1.313907896831736366e+01,-1.132105941119220915e+00
-3.465385503579221904e+01,-1.315507896831739743e+01,-1.132105941119222692e+00
-3.461685503579209922e+01,-1.317107896831733171e+01,-1.132105941119219139e+00
-3.459785503579206534e+01,-1.317907896831738412e+01,-1.132105941119219139e+00
-3.456085503579203078e+01,-1.319507896831733262e+01,-1.149105941119220375e+00
-3.450685503579194346e+01,-1.321907896831736196e+01,-1.149105941119223928e+00
-3.448785503579199485e+01,-1.322707896831736463e+01,-1.149105941119225704e+00
-3.443285503579190276e+01,-1.325307896831736798e+01,-1.167105941119222834e+00
-3.441385503579195415e+01,-1.326207896831738253e+01,2.895649407139123888e+00
-3.437785503579195279e+01,-1.328007896831732637e+01,2.895649407139124776e+00
-3.434185503579197984e+01,-1.329807896831731995e+01,-1.184105941119219851e+00
-3.432385503579189390e+01,-1.330707896831728476e+01,-1.184105941119220518e+00
-3.428785503579189253e+01,-1.332507896831729255e+01,-1.184105941119220518e+00
-3.426885503579183023e+01,-1.333507896831729767e+01,-1.184105941119216965e+00
-3.423085503579176248e+01,-1.335507896831730079e+01,-1.184105941119222294e+00
-3.421185503579175702e+01,-1.336507896831729170e+01,-1.184105941119220518e+00
-3.417485503579169404e+01,-1.338307896831722132e+01,-1.184105941119220518e+00
-3.413885503579169267e+01,-1.340107896831723622e+01,-1.184105941119218741e+00
-3.410285503579171973e+01,-1.341907896831722269e+01,-1.184105941119216965e+00
-3.408485503579169063e+01,-1.342807896831710934e+01,-1.184105941119216965e+00
-3.404685503579170813e+01,-1.344707896831703664e+01,2.878649407139127980e+00
-3.400985503579178726e+01,-1.346507896831704443e+01,2.878649407139125316e+00
-3.397185503579174792e+01,-1.348307896831706643e+01,-1.184105941119234062e+00
-3.395285503579171404e+01,-1.349307896831706444e+01,-1.184105941119234728e+00
-3.391485503579164629e+01,-1.351107896831705091e+01,-1.167105941119235268e+00
-3.387785503579164015e+01,-1.352907896831707291e+01,-1.167105941119233492e+00
-3.385885503579166311e+01,-1.353807896831705904e+01,-1.167105941119231716e+00
-3.382085503579162378e+01,-1.355607896831699577e+01,-1.167105941119228163e+00
-3.378485503579162241e+01,-1.357307896831696326e+01,-1.167105941119226387e+00
-3.374785503579153101e+01,-1.359107896831694973e+01,-1.149105941119225704e+00
-3.372885503579152555e+01,-1.360007896831695007e+01,-1.149105941119223928e+00
-3.344685503579148644e+01,-1.372207896831694285e+01,-1.114105941119220233e+00
-3.340785503579144233e+01,-1.373807896831693398e+01,-1.114105941119218457e+00
-3.338785503579140368e+01,-1.374607896831690113e+01,2.948649407139128265e+00
-3.334785503579136900e+01,-1.376207896831689936e+01,2.948649407139118495e+00
-3.330985503579134388e+01,-1.377807896831686918e+01,-1.114105941119226673e+00
-3.329185503579131478e+01,-1.378507896831683155e+01,-1.114105941119227339e+00
-3.325385503579121860e+01,-1.380107896831682268e+01,-1.114105941119227339e+00
-3.323485503579126998e+01,-1.380907896831685377e+01,-1.114105941119222010e+00
-3.319785503579120700e+01,-1.382507896831689465e+01,-1.114105941119218457e+00
-3.314185503579113856e+01,-1.384907896831695240e+01,-1.132105941119217363e+00
-3.312285503579118995e+01,-1.385707896831696928e+01,-1.132105941119219139e+00
-3.310385503579112765e+01,-1.386507896831697906e+01,-1.132105941119215586e+00
-3.306585503579094620e+01,-1.388107896831694887e+01,-1.132105941119212034e+00
-3.303185503579095439e+01,-1.389607896831698497e+01,-1.132105941119208481e+00
-3.301385503579086844e+01,-1.390307896831696155e+01,-1.114105941119207799e+00
-3.300985503579073566e+01,-1.390507896831693557e+01,2.948649407139135370e+00
-3.300585503579068813e+01,-1.390707896831688117e+01,2.930649407139135576e+00
-3.299285503579076817e+01,-1.391207896831689084e+01,-1.149105941119216157e+00
-3.296085503579070064e+01,-1.392907896831683701e+01,-1.219105941119215331e+00
-3.294685503579071906e+01,-1.393707896831690363e+01,-1.236105941119213014e+00
-3.293185503579059059e+01,-1.394607896831691818e+01,-1.254105941119206591e+00
-3.289785503579054193e+01,-1.396707896831691897e+01,-1.289105941119204957e+00
-3.286485503579049805e+01,-1.399007896831695064e+01,-1.324105941119206875e+00
-3.284885503579036481e+01,-1.400207896831696530e+01,-1.341105941119201006e+00
-3.279985503579044348e+01,-1.403807896831699509e+01,2.686649407139149126e+00
-3.278385503579031024e+01,-1.405107896831702874e+01,2.686649407139142909e+00
-3.275285503579030433e+01,-1.407707896831704630e+01,2.651649407139142767e+00
-3.272185503579035526e+01,-1.410307896831704966e+01,-1.428105941119205413e+00
-3.267685503579028250e+01,-1.414207896831702271e+01,-1.446105941119199656e+00
-3.266185503579021088e+01,-1.415507896831700663e+01,-1.446105941119194327e+00
-3.263085503579014812e+01,-1.418307896831700532e+01,-1.446105941119192551e+00
-3.260285503579015653e+01,-1.420807896831698258e+01,2.616649407139155947e+00
-3.259385503578999987e+01,-1.421607896831690709e+01,2.634649407139157518e+00
-3.258885503579003284e+01,-1.422007896831688356e+01,2.686649407139151791e+00
-3.258585503578999010e+01,-1.422207896831692153e+01,-1.271105941119198279e+00
-3.258485503578998532e+01,-1.422207896831685758e+01,-1.132105941119197823e+00
-3.258485503578992848e+01,-1.422207896831682206e+01,-1.079105941119196999e+00
-3.258485503578981479e+01,-1.422207896831680785e+01,-8.521059411191949096e-01
-3.258485503578981479e+01,-1.422207896831681495e+01,-7.831059411191958475e-01
-3.258485503578981479e+01,-1.422207896831675100e+01,-6.429206339396120740e-01
-3.258485503578981479e+01,-1.422207896831671547e+01,-5.729206339396117897e-01
-3.258485503578984321e+01,-1.422207896831672969e+01,-4.339206339396106671e-01
-3.258485503578975795e+01,-1.422207896831675100e+01,-3.119206339396090044e-01
-3.258485503578984321e+01,-1.422207896831671547e+01,-2.939206339396100431e-01
-3.258485503578972953e+01,-1.422207896831670126e+01,-1.539206339396095580e-01
-3.258485503578978637e+01,-1.422207896831665153e+01,-3.192063393960964390e-02
-3.258485503578970111e+01,-1.422207896831663732e+01,1.950793660603888924e-01
-3.258485503578970111e+01,-1.422207896831664442e+01,2.640793660603879545e-01
-3.258485503578967268e+01,-1.422207896831661600e+01,4.040793660603885229e-01
-3.258485503578961584e+01,-1.422207896831665153e+01,4.740793660603879189e-01
-3.258485503578955900e+01,-1.422207896831663732e+01,6.130793660603881534e-01
-3.258485503578944531e+01,-1.422207896831661600e+01,6.830793660603866613e-01
-3.258485503578944531e+01,-1.422207896831665153e+01,3.043509324981628517e+00
-3.258485503578941689e+01,-1.422207896831662310e+01,3.113509324981631465e+00
-3.258485503578941689e+01,-1.421707896831659923e+01,1.032079366060379089e+00
-3.259085503578938869e+01,-1.419607896831664817e+01,1.224079366060376817e+00
-3.259485503578935095e+01,-1.418707896831658388e+01,1.294079366060378433e+00
-3.260785503578941302e+01,-1.416407896831657354e+01,1.399079366060378415e+00
-3.261685503578937073e+01,-1.415107896831658962e+01,1.451079366060377351e+00
-3.263085503578943758e+01,-1.413107896831655097e+01,-2.489675982197961268e+00
-3.263285503578934765e+01,-1.412907896831652010e+01,-2.419675982197954767e+00
-3.263485503578928615e+01,-1.412707896831648924e+01,-2.332675982197949693e+00
-3.263785503578915836e+01,-1.412407896831647491e+01,-2.297675982197947775e+00
-3.264985503578924408e+01,-1.411507896831651010e+01,-2.227675982197945714e+00
-3.266585503578929206e+01,-1.410507896831654762e+01,-2.174675982197943114e+00
-3.270085503578920338e+01,-1.408507896831652317e+01,-2.105675982197938723e+00
-3.271685503578919452e+01,-1.407707896831648497e+01,1.975079366060405350e+00
-3.273485503578913836e+01,-1.406907896831639704e+01,-2.070675982197939469e+00
-3.277285503578923453e+01,-1.405307896831645564e+01,-2.035675982197940215e+00
-3.281085503578910334e+01,-1.403707896831651425e+01,-2.017675982197941309e+00
-3.282985503578913722e+01,-1.403007896831648083e+01,-2.000675982197934744e+00
-3.286785503578917655e+01,-1.401607896831649214e+01,-1.982675982197937614e+00
-3.290585503578915905e+01,-1.400207896831648924e+01,-1.965675982197936378e+00
-3.298185503578912403e+01,-1.397607896831645746e+01,2.114079366060415133e+00
-3.300085503578907264e+01,-1.397007896831650697e+01,-1.930675982197924911e+00
-3.304085503578900784e+01,-1.395807896831647099e+01,2.132079366060422920e+00
-3.306085503578884754e+01,-1.395207896831647787e+01,-1.930675982197924911e+00
-3.310085503578878274e+01,-1.393907896831645132e+01,2.132079366060415815e+00
-3.312085503578876455e+01,-1.393307896831649373e+01,-1.930675982197932017e+00
-3.315985503578872340e+01,-1.392107896831646485e+01,-1.913675982197931447e+00
-3.317985503578876205e+01,-1.391507896831646462e+01,2.167079366060415957e+00
-3.321985503578872567e+01,-1.390507896831648793e+01,-1.860675982197935285e+00
-3.327985503578881321e+01,-1.389407896831640699e+01,2.272079366060409278e+00
-3.329985503578873818e+01,-1.389107896831637845e+01,-1.773675982197942647e+00
-3.333985503578881548e+01,-1.388707896831633093e+01,2.324079366060405327e+00
-3.335885503578882094e+01,-1.388507896831634980e+01,-1.721675982197935939e+00
-3.338185503578881708e+01,-1.388407896831635213e+01,2.411079366060408624e+00
-3.338585503578875091e+01,-1.388407896831635924e+01,2.481079366060401803e+00
-3.339385503578873227e+01,-1.388407896831640898e+01,2.551079366060402087e+00
-3.339785503578875137e+01,-1.388407896831639476e+01,-1.494675982197939179e+00
-3.340285503578874682e+01,-1.388407896831637345e+01,-1.389675982197937643e+00
-3.340285503578883208e+01,-1.388407896831635213e+01,-1.180675982197934459e+00
-3.340285503578883208e+01,-1.388407896831630239e+01,-1.110675982197932399e+00
-3.340285503578880366e+01,-1.388407896831623134e+01,-9.706759821979318303e-01
-3.340285503578871840e+01,-1.388407896831628818e+01,-9.006759821979333225e-01
-3.340285503578880366e+01,-1.388407896831626687e+01,-7.616759821979304235e-01
-3.340285503578871840e+01,-1.388407896831621713e+01,-6.916759821979319156e-01
-3.340285503578880366e+01,-1.388407896831623134e+01,-5.516759821979331235e-01
-3.340285503578868997e+01,-1.388407896831620292e+01,-4.816759821979328393e-01
-3.340285503578863313e+01,-1.388407896831621002e+01,-3.426759821979317167e-01
-3.340285503578866155e+01,-1.388407896831618160e+01,-2.026759821979329246e-01
-3.340285503578857629e+01,-1.389007896831619604e+01,-6.367598219793180192e-02
-3.340285503578854787e+01,-1.389607896831613942e+01,-1.067598219793275405e-02
-3.340185503578851467e+01,-1.391307896831615665e+01,1.463240178020681626e-01
-3.339485503578845282e+01,-1.393807896831609128e+01,2.853240178020692852e-01
-3.338885503578853786e+01,-1.395307896831604921e+01,3.553240178020677931e-01
-3.337085503578848034e+01,-1.398607896831602204e+01,4.953240178020683615e-01
-3.333485503578850739e+01,-1.403407896831596702e+01,6.873240178020704194e-01
-3.330685503578840212e+01,-1.406007896831602011e+01,3.029753976723307041e+00
-3.327585503578838200e+01,-1.408307896831595940e+01,-3.131431330456280193e+00
-3.324085503578837120e+01,-1.410207896831602881e+01,1.036324017802061848e+00
-3.322285503578834209e+01,-1.411107896831602204e+01,1.088324017802062560e+00
-3.318485503578827434e+01,-1.412607896831599419e+01,1.158324017802060846e+00
-3.314585503578823023e+01,-1.414007896831596156e+01,1.210324017802058671e+00
-3.312585503578833368e+01,-1.414607896831596179e+01,1.245324017802057037e+00
-3.308585503578831322e+01,-1.415607896831585322e+01,1.280324017802057179e+00
-3.304585503578840644e+01,-1.416407896831586299e+01,1.315324017802054657e+00
-3.302585503578833936e+01,-1.416807896831587499e+01,-2.747431330456286069e+00
-3.298585503578826206e+01,-1.417507896831585867e+01,-2.712431330456283263e+00
-3.294585503578829844e+01,-1.418107896831577364e+01,-2.694431330456282581e+00
-3.292585503578825978e+01,-1.418407896831579507e+01,1.385324017802069152e+00
-3.288585503578823932e+01,-1.418907896831577631e+01,1.402324017802067058e+00
-3.284585503578821886e+01,-1.419307896831576699e+01,1.420324017802062411e+00
-3.282585503578823705e+01,-1.419407896831571492e+01,1.437324017802062537e+00
-3.280585503578825524e+01,-1.419507896831571259e+01,-2.625431330456282630e+00
-3.276585503578812109e+01,-1.419707896831565108e+01,-2.607431330456284613e+00
-3.272585503578812904e+01,-1.419907896831563221e+01,-2.607431330456282836e+00
-3.268585503578827911e+01,-1.420107896831570571e+01,1.472324017802065343e+00
-3.266585503578818361e+01,-1.420207896831570338e+01,1.472324017802064455e+00
-3.262585503578819157e+01,-1.420307896831565131e+01,1.472324017802062235e+00
-3.258585503578819953e+01,-1.420307896831565841e+01,-2.572431330456285359e+00
-3.254585503578812222e+01,-1.420307896831565841e+01,-2.572431330456279142e+00
-3.252585503578808357e+01,-1.420307896831568684e+01,-2.572431330456279142e+00
-3.248585503578803468e+01,-1.420307896831570815e+01,1.507324017802069038e+00
-3.246585503578813814e+01,-1.420307896831570105e+01,1.507324017802069260e+00
-3.242585503578806083e+01,-1.420307896831567263e+01,-2.555246023276679601e+00
-3.238585503578798352e+01,-1.420307896831567973e+01,-2.555246023276676937e+00
-3.234585503578787780e+01,-1.420307896831565131e+01,1.524509324981664138e+00
-3.226585503578789371e+01,-1.420307896831562999e+01,1.542509324981668373e+00
-3.224585503578785506e+01,-1.420307896831567263e+01,-2.520246023276679459e+00
-3.222585503578793009e+01,-1.420207896831563943e+01,-2.520246023276673242e+00
-3.218585503578802332e+01,-1.420107896831559202e+01,1.542509324981671925e+00
-3.216585503578801308e+01,-1.420007896831554461e+01,-2.503246023276676446e+00
-3.212585503578802104e+01,-1.419807896831556349e+01,-2.503246023276664900e+00
-3.208585503578811426e+01,-1.419607896831557525e+01,1.559509324981678491e+00
-3.206585503578816088e+01,-1.419507896831557758e+01,-2.485246023276661553e+00
-3.202485503578822090e+01,-1.419307896831561067e+01,-2.485246023276664218e+00
-3.198385503578811040e+01,-1.419107896831555848e+01,1.577509324981679173e+00
-3.194385503578811836e+01,-1.418907896831553472e+01,-2.485246023276661553e+00
-3.190385503578804105e+01,-1.418707896831556070e+01,-2.485246023276658889e+00
-3.188385503578797397e+01,-1.418607896831553461e+01,1.577509324981689831e+00
-3.184385503578789667e+01,-1.418407896831551795e+01,-2.485246023276654448e+00
-3.180385503578773410e+01,-1.418207896831550840e+01,-2.503246023276647136e+00
-3.178385503578769544e+01,-1.418107896831548942e+01,1.559509324981696254e+00
-3.174385503578761814e+01,-1.417907896831550119e+01,-2.503246023276648025e+00
-3.172385503578760790e+01,-1.417807896831544667e+01,-2.503246023276636478e+00
-3.168385503578758744e+01,-1.417607896831544423e+01,1.559509324981717571e+00
-3.164385503578768066e+01,-1.417407896831551994e+01,-2.520246023276626168e+00
-3.160285503578768385e+01,-1.417307896831555780e+01,-2.520246023276619951e+00
-3.158285503578758835e+01,-1.417207896831556724e+01,1.542509324981725216e+00
-3.156285503578757812e+01,-1.417207896831551039e+01,-2.520246023276619063e+00
-3.152285503578747239e+01,-1.417207896831550329e+01,-2.538246023276609975e+00
-3.148285503578745192e+01,-1.417207896831547487e+01,1.524509324981735192e+00
-3.144285503578740304e+01,-1.417207896831546066e+01,-2.538246023276609087e+00
-3.142285503578742123e+01,-1.417207896831546776e+01,-2.538246023276602870e+00
-3.138285503578745761e+01,-1.417207896831546066e+01,1.507509324981739285e+00
-3.135085503578750377e+01,-1.417207896831541092e+01,1.507324017802157412e+00
-3.135085503578750377e+01,-1.417207896831542513e+01,-2.555431330456189976e+00
-3.133285503578753151e+01,-1.417207896831541802e+01,-2.538246023276606422e+00
-3.129585503578746852e+01,-1.417207896831539671e+01,1.507509324981739285e+00
-3.125585503578756175e+01,-1.417207896831534697e+01,1.507509324981736398e+00
-3.121585503578751286e+01,-1.417207896831530434e+01,1.507324017802147642e+00
-3.119585503578744579e+01,-1.417207896831526170e+01,-2.555431330456200634e+00
-3.115585503578745374e+01,-1.417207896831521907e+01,-2.555431330456203298e+00
-3.113585503578738667e+01,-1.417207896831518354e+01,-2.572431330456197429e+00
-3.109585503578728094e+01,-1.417207896831516223e+01,1.490324017802151291e+00
-3.101585503578726843e+01,-1.417207896831514091e+01,1.490324017802152845e+00
-3.097585503578727639e+01,-1.417207896831511960e+01,1.472324017802157270e+00
-3.095585503578720932e+01,-1.417307896831511727e+01,-2.590431330456183012e+00
-3.091585503578721728e+01,-1.417407896831512204e+01,-2.590431330456182124e+00
-3.089585503578712178e+01,-1.417507896831506997e+01,-2.607431330456174479e+00
-3.085585503578698763e+01,-1.417707896831508663e+01,1.455324017802179570e+00
-3.083585503578689213e+01,-1.417807896831498482e+01,1.455324017802176462e+00
-3.077585503578686144e+01,-1.418107896831494230e+01,1.437324017802172893e+00
-3.075485503578673274e+01,-1.418207896831489023e+01,1.437324017802173781e+00
-3.071285503578678799e+01,-1.418407896831485004e+01,-2.625431330456176049e+00
-3.069185503578674457e+01,-1.418507896831482640e+01,-2.625431330456178713e+00
-3.064985503578674297e+01,-1.418707896831474358e+01,-2.625431330456171608e+00
-3.062885503578667112e+01,-1.418807896831468440e+01,1.437324017802175335e+00
-3.058685503578655585e+01,-1.419007896831464421e+01,1.437324017802173781e+00
-3.056685503578651719e+01,-1.419107896831464899e+01,1.437324017802173115e+00
-3.052685503578649673e+01,-1.419307896831461591e+01,1.437324017802175113e+00
-3.048685503578650469e+01,-1.419507896831458282e+01,-2.625431330456172496e+00
-3.044685503578647001e+01,-1.419707896831459948e+01,-2.607431330456174479e+00
-3.040685503578643534e+01,-1.419907896831463745e+01,-2.607431330456167373e+00
-3.036485503578640532e+01,-1.420107896831466832e+01,1.455324017802183123e+00
-3.034385503578641874e+01,-1.420207896831470151e+01,1.455324017802181791e+00
-3.032285503578629005e+01,-1.420307896831469918e+01,1.455324017802183123e+00
-3.028085503578623161e+01,-1.420507896831466610e+01,1.455324017802184233e+00
-3.025985503578613134e+01,-1.420607896831461403e+01,-2.607431330456164709e+00
-3.021785503578610133e+01,-1.420807896831456674e+01,-2.607431330456162044e+00
-3.015485503578605631e+01,-1.421107896831455975e+01,-2.607431330456160268e+00
-3.011285503578602629e+01,-1.421307896831459061e+01,1.455324017802190228e+00
-3.007085503578605312e+01,-1.421507896831459306e+01,1.455324017802189118e+00
-3.002885503578602311e+01,-1.421707896831460261e+01,1.455324017802185566e+00
-3.000785503578609337e+01,-1.421807896831459317e+01,1.455324017802183123e+00
-2.996585503578609178e+01,-1.422007896831456009e+01,-2.607431330456164709e+00
-2.994485503578600571e+01,-1.422107896831462881e+01,-2.607431330456162044e+00
-2.990485503578597104e+01,-1.422307896831468099e+01,-2.607431330456162044e+00
-2.986485503578597900e+01,-1.422507896831467633e+01,1.455324017802183123e+00
-2.982485503578590169e+01,-1.422707896831462904e+01,1.455324017802182457e+00
-2.980485503578586304e+01,-1.422807896831461250e+01,1.455324017802178904e+00
-2.974485503578580392e+01,-1.423107896831459840e+01,1.437324017802179554e+00
-2.972485503578568000e+01,-1.423207896831461738e+01,-2.625431330456165391e+00
-2.968285503578559315e+01,-1.423407896831457720e+01,-2.625431330456166279e+00
-2.966185503578557814e+01,-1.423507896831455355e+01,-2.625431330456159174e+00
-2.961985503578551970e+01,-1.423807896831451814e+01,1.437324017802189546e+00
-2.959885503578547628e+01,-1.423907896831454423e+01,1.437324017802187770e+00
-2.953585503578543126e+01,-1.424307896831458464e+01,1.437324017802185772e+00
-2.951485503578530256e+01,-1.424407896831457521e+01,1.437324017802182663e+00
-2.947285503578521570e+01,-1.424707896831456111e+01,-2.625431330456165391e+00
-2.943085503578512885e+01,-1.424907896831453513e+01,-2.625431330456168055e+00
-2.940985503578505700e+01,-1.425107896831445231e+01,-2.625431330456164503e+00
-2.936685503578507905e+01,-1.425307896831440502e+01,1.437324017802182441e+00
-2.934585503578509247e+01,-1.425507896831437904e+01,1.437324017802181775e+00
-2.930485503578498196e+01,-1.425707896831428201e+01,1.437324017802181775e+00
-2.929085503578497196e+01,-1.425807896831425126e+01,1.437324017802183551e+00
-2.926985503578484327e+01,-1.425807896831425836e+01,-2.607431330456161156e+00
-2.923285503578479450e+01,-1.426007896831424659e+01,-2.607431330456162044e+00
-2.921185503578465159e+01,-1.426107896831423005e+01,-2.607431330456158491e+00
-2.917085503578459793e+01,-1.426307896831423250e+01,1.472324017802186136e+00
-2.910785503578455291e+01,-1.426607896831422551e+01,1.472324017802185914e+00
-2.908685503578442422e+01,-1.426707896831418054e+01,1.472324017802185914e+00
-2.904485503578439420e+01,-1.426907896831414035e+01,-2.590431330456154591e+00
-2.902485503578441239e+01,-1.426907896831410483e+01,-2.590431330456159031e+00
-4.266778966000899231e+01,-1.427107685541822946e+01,1.472283982280961689e+00
-4.264778966000892524e+01,-1.427207685541824134e+01,1.455283982280959343e+00
-4.258778966000880928e+01,-1.427507685541824856e+01,1.455283982280954680e+00
-4.256778966000888431e+01,-1.427607685541823201e+01,1.455283982280957122e+00
-4.250778966000882519e+01,-1.427907685541827476e+01,-2.607471365977388267e+00
-4.248778966000872970e+01,-1.428007685541821559e+01,-2.607471365977392708e+00
-4.244778966000870923e+01,-1.428207685541814698e+01,-2.625471365977391613e+00
-4.240778966000857508e+01,-1.428407685541807126e+01,1.437283982280951777e+00
-4.236778966000861146e+01,-1.428607685541808081e+01,1.437283982280949335e+00
-4.234778966000857281e+01,-1.428707685541809980e+01,1.437283982280949335e+00
-4.230678966000857599e+01,-1.429007685541804307e+01,1.420283982280946100e+00
-4.228678966000853734e+01,-1.429207685541798156e+01,-2.642471365977399067e+00
-4.224478966000845048e+01,-1.429507685541796036e+01,-2.642471365977394626e+00
-4.222378966000837863e+01,-1.429707685541795570e+01,-2.642471365977396403e+00
-4.218178966000823493e+01,-1.430107685541788243e+01,1.420283982280941659e+00
-4.212178966000823266e+01,-1.430707685541790397e+01,1.420283982280938107e+00
-4.210178966000808032e+01,-1.430807685541790875e+01,1.420283982280936552e+00
-4.206178966000805985e+01,-1.431107685541789465e+01,1.420283982280930779e+00
-4.204178966000796436e+01,-1.431307685541784736e+01,-2.642471365977416831e+00
-4.200178966000791547e+01,-1.431607685541786168e+01,-2.625471365977409377e+00
-4.198178966000790524e+01,-1.431707685541786645e+01,-2.625471365977412930e+00
-4.194178966000782793e+01,-1.431907685541786179e+01,1.437283982280930461e+00
-4.192178966000778928e+01,-1.432007685541785236e+01,1.437283982280933126e+00
-4.188178966000765513e+01,-1.432207685541782638e+01,1.437283982280927130e+00
-4.182078966000756282e+01,-1.432507685541783360e+01,1.455283982280923150e+00
-4.179978966000760465e+01,-1.432607685541781706e+01,-2.607471365977423794e+00
-4.175778966000748937e+01,-1.432807685541777687e+01,-2.607471365977419353e+00
-4.173678966000744595e+01,-1.432907685541776743e+01,-2.607471365977419353e+00
-4.169478966000735909e+01,-1.433107685541776277e+01,1.455283982280931143e+00
-4.167378966000740093e+01,-1.433207685541776044e+01,1.455283982280932253e+00
-4.163078966000728087e+01,-1.433407685541784105e+01,1.455283982280931809e+00
-4.160978966000720902e+01,-1.433507685541788845e+01,1.455283982280928923e+00
-4.156778966000717901e+01,-1.433707685541789800e+01,-2.607471365977420241e+00
-4.152578966000709215e+01,-1.433907685541791466e+01,-2.607471365977417577e+00
-4.146278966000721766e+01,-1.434207685541790056e+01,-2.607471365977408695e+00
-4.142078966000724449e+01,-1.434407685541788169e+01,1.455283982280938249e+00
-4.135878966000706214e+01,-1.434707685541785338e+01,1.455283982280937138e+00
-4.127878966000702121e+01,-1.435107685541783695e+01,1.455283982280937582e+00
-4.125878966000703940e+01,-1.435207685541787725e+01,1.455283982280933586e+00
-4.121878966000701894e+01,-1.435407685541782996e+01,-2.607471365977409583e+00
-4.115878966000707351e+01,-1.435707685541785850e+01,-2.625471365977409377e+00
-4.113878966000714854e+01,-1.435807685541782064e+01,-2.625471365977404048e+00
-4.109678966000711853e+01,-1.436107685541775680e+01,1.437283982280937567e+00
-4.107578966000721721e+01,-1.436207685541776158e+01,1.437283982280935124e+00
-4.103378966000713035e+01,-1.436507685541769064e+01,1.437283982280935568e+00
-4.099178966000715718e+01,-1.436807685541770496e+01,1.437283982280933792e+00
-4.097178966000717537e+01,-1.436907685541770974e+01,-2.625471365977413818e+00
-4.095178966000702303e+01,-1.437007685541766477e+01,-2.625471365977409377e+00
-4.091178966000711625e+01,-1.437307685541765068e+01,-2.625471365977412930e+00
-4.085178966000711398e+01,-1.437607685541765079e+01,1.437283982280937567e+00
-4.083178966000713217e+01,-1.437707685541757741e+01,1.437283982280938233e+00
-4.079878966000723040e+01,-1.437907685541757274e+01,1.455283982280934918e+00
-4.079178966000705486e+01,-1.437907685541752301e+01,1.455283982280935362e+00
-4.076378966000697801e+01,-1.437907685541748037e+01,-2.572471365977412994e+00
-4.074378966000696778e+01,-1.437907685541739511e+01,-2.572471365977417435e+00
-4.070378966000697574e+01,-1.437907685541738800e+01,-2.572471365977412106e+00
-4.068378966000699393e+01,-1.437907685541738800e+01,1.507283982280937851e+00
-4.064178966000696391e+01,-1.437907685541735958e+01,1.507283982280935408e+00
-4.059978966000687706e+01,-1.437907685541737379e+01,1.507283982280931856e+00
-4.055778966000673336e+01,-1.437907685541739511e+01,-2.555286058797842763e+00
-4.053678966000680362e+01,-1.437907685541738800e+01,-2.555286058797838322e+00
-4.049478966000668834e+01,-1.437907685541741643e+01,-2.555286058797827664e+00
-4.045378966000660625e+01,-1.437907685541740932e+01,1.507469289460515727e+00
-4.043378966000673813e+01,-1.437907685541732405e+01,1.524469289460513632e+00
-4.039378966000666082e+01,-1.437907685541732405e+01,-2.538286058797829092e+00
-4.037378966000667901e+01,-1.437907685541738090e+01,-2.538286058797833533e+00
-4.033378966000665855e+01,-1.437907685541735958e+01,1.524469289460518739e+00
-4.025278966000655601e+01,-1.437907685541737379e+01,1.542469289460514092e+00
-4.023178966000654100e+01,-1.437807685541744007e+01,-2.520286058797835516e+00
-4.018978966000653941e+01,-1.437707685541746372e+01,-2.520286058797834627e+00
-4.014778966000645255e+01,-1.437607685541745184e+01,1.542469289460512316e+00
-4.012778966000647074e+01,-1.437607685541746605e+01,-2.520286058797835516e+00
-4.008778966000645028e+01,-1.437507685541741864e+01,-2.520286058797829298e+00
-4.006778966000655373e+01,-1.437507685541741154e+01,1.542469289460522974e+00
-4.002778966000659011e+01,-1.437407685541739966e+01,-2.520286058797817752e+00
-3.998778966000659807e+01,-1.437407685541735702e+01,-2.538286058797815770e+00
-3.994778966000635023e+01,-1.437407685541734281e+01,1.524469289460540056e+00
-3.990778966000627292e+01,-1.437407685541734992e+01,1.507469289460540818e+00
-3.988778966000612058e+01,-1.437407685541739966e+01,-2.555471365977385112e+00
-3.984778966000612854e+01,-1.437407685541735702e+01,-2.572471365977385460e+00
-3.982778966000603305e+01,-1.437407685541737123e+01,1.472283982280955472e+00
-3.978778966000606943e+01,-1.437607685541730973e+01,1.455283982280952459e+00
-3.976778966000603077e+01,-1.437707685541735714e+01,1.455283982280953570e+00
-3.972778966000598189e+01,-1.437907685541730984e+01,1.437283982280953554e+00
-3.968778966000598984e+01,-1.438207685541723180e+01,-2.642471365977384856e+00
-3.964778966000588412e+01,-1.438507685541722481e+01,-2.642471365977385744e+00
-3.960778966000583523e+01,-1.438907685541722969e+01,-2.660471365977382874e+00
-3.958778966000579658e+01,-1.439107685541719661e+01,1.402283982280962293e+00
-3.954778966000563400e+01,-1.439507685541715887e+01,1.402283982280962071e+00
-3.952778966000562377e+01,-1.439707685541716842e+01,1.402283982280959629e+00
-3.948778966000546120e+01,-1.440107685541717331e+01,1.385283982280959947e+00
-3.946778966000547939e+01,-1.440307685541711180e+01,1.385283982280958837e+00
-3.942778966000537366e+01,-1.440807685541707883e+01,-2.677471365977388551e+00
-3.938678966000534842e+01,-1.441307685541707428e+01,-2.677471365977396545e+00
-3.934478966000548894e+01,-1.441907685541707451e+01,-2.677471365977392992e+00
-3.932378966000553078e+01,-1.442207685541709594e+01,1.368283982280956268e+00
-3.926378966000552850e+01,-1.443007685541709151e+01,1.385283982280951953e+00
-3.924378966000548985e+01,-1.443307685541706320e+01,1.385283982280953508e+00
-3.920378966000541254e+01,-1.443807685541704444e+01,1.385283982280952619e+00
-3.918378966000534547e+01,-1.444007685541700425e+01,1.385283982280950843e+00
-3.914378966000523974e+01,-1.444507685541701392e+01,-2.677471365977395656e+00
-3.912378966000525793e+01,-1.444707685541703768e+01,-2.677471365977391216e+00
-3.908378966000532273e+01,-1.445107685541711362e+01,-2.677471365977389439e+00
-3.904378966000518858e+01,-1.445507685541707588e+01,1.402283982280951635e+00
-3.900378966000522496e+01,-1.445907685541703103e+01,1.402283982280951191e+00
-3.896378966000517607e+01,-1.446307685541698618e+01,1.402283982280949193e+00
-3.894378966000530795e+01,-1.446507685541699573e+01,1.402283982280948083e+00
-3.890378966000523064e+01,-1.446907685541700062e+01,-2.642471365977395514e+00
-3.888378966000530568e+01,-1.447107685541698174e+01,-2.642471365977385744e+00
-3.882378966000533183e+01,-1.447607685541694877e+01,-2.642471365977371534e+00
-3.878378966000522610e+01,-1.447907685541692757e+01,1.437283982280983752e+00
-3.874378966000514879e+01,-1.448107685541682343e+01,1.437283982280983308e+00
-3.872378966000508171e+01,-1.448307685541681877e+01,1.437283982280982420e+00
-3.869078966000498099e+01,-1.448507685541685674e+01,1.455283982280977551e+00
-3.867178966000500395e+01,-1.448507685541684964e+01,-2.572471365977373914e+00
-3.863478966000491255e+01,-1.448507685541684964e+01,-2.572471365977371249e+00
-3.859478966000486366e+01,-1.448507685541694201e+01,-2.555471365977370013e+00
-3.857478966000485343e+01,-1.448507685541693490e+01,1.507283982280980483e+00
-3.853478966000477612e+01,-1.448507685541691359e+01,1.490283982280977693e+00
-3.851478966000482274e+01,-1.448507685541692069e+01,1.490283982280974140e+00
-3.847478966000497280e+01,-1.448507685541694201e+01,-2.572471365977370361e+00
-3.843478966000503760e+01,-1.448507685541696333e+01,-2.590471365977363050e+00
-3.841478966000497053e+01,-1.448607685541691126e+01,1.472283982280990999e+00
-3.837478966000486480e+01,-1.448807685541687107e+01,1.455283982280992872e+00
-3.833478966000473065e+01,-1.449007685541686641e+01,1.437283982280991301e+00
-3.829478966000456808e+01,-1.449407685541684998e+01,1.420283982280989177e+00
-3.827478966000444416e+01,-1.449507685541680502e+01,1.420283982280988955e+00
-3.823378966000447576e+01,-1.449907685541678859e+01,-2.642471365977356434e+00
-3.821278966000446076e+01,-1.450107685541675551e+01,-2.660471365977354452e+00
-3.817278966000455398e+01,-1.450507685541675329e+01,-2.660471365977354452e+00
-3.813178966000450032e+01,-1.450907685541675107e+01,1.402283982280990715e+00
-3.811178966000443324e+01,-1.451107685541671799e+01,1.402283982280984720e+00
-3.805178966000443097e+01,-1.451707685541668980e+01,1.420283982280985180e+00
-3.803178966000447758e+01,-1.451907685541670645e+01,1.420283982280986290e+00
-3.801178966000455262e+01,-1.452107685541670890e+01,-2.642471365977359987e+00
-3.797178966000458900e+01,-1.452407685541669480e+01,-2.642471365977355546e+00
-3.795178966000443666e+01,-1.452607685541671145e+01,-2.642471365977353770e+00
-3.791178966000435935e+01,-1.452907685541676130e+01,1.420283982280998503e+00
-3.789178966000437754e+01,-1.453007685541673055e+01,1.437283982280999073e+00
-3.785178966000435707e+01,-1.453307685541671646e+01,1.437283982281000849e+00
-3.783178966000426158e+01,-1.453407685541667860e+01,1.437283982280995742e+00
-3.779178966000435480e+01,-1.453607685541665973e+01,-2.625471365977349869e+00
-3.775178966000433434e+01,-1.453807685541661954e+01,-2.625471365977345428e+00
-3.769178966000436048e+01,-1.454107685541660544e+01,-2.607471365977346522e+00
-3.767178966000443552e+01,-1.454207685541656758e+01,1.455283982281005750e+00
-3.763078966000452397e+01,-1.454407685541646345e+01,1.455283982281000865e+00
-3.761078966000442847e+01,-1.454507685541646111e+01,1.455283982280996202e+00
-3.756878966000454056e+01,-1.454707685541646356e+01,-2.590471365977346174e+00
-3.754778966000455398e+01,-1.454707685541647066e+01,-2.590471365977345286e+00
-3.750578966000455239e+01,-1.454907685541650153e+01,1.472283982281001657e+00
-3.746378966000446553e+01,-1.455107685541649687e+01,1.472283982280998993e+00
-3.744278966000453579e+01,-1.455107685541645424e+01,1.472283982280995884e+00
-3.744278966000459263e+01,-1.455107685541641160e+01,1.472283982280996995e+00
-3.737978966000457604e+01,-1.455307685541642826e+01,-2.590471365977349727e+00
-3.733778966000454602e+01,-1.455407685541636198e+01,-2.590471365977341733e+00
-3.729578966000457285e+01,-1.455507685541633123e+01,-2.590471365977339957e+00
-3.725378966000462810e+01,-1.455607685541632179e+01,1.472283982281012316e+00
-3.721178966000468336e+01,-1.455707685541626972e+01,1.472283982281011649e+00
-3.716978966000445439e+01,-1.455807685541629581e+01,1.472283982281011205e+00
-3.712778966000442438e+01,-1.455907685541620822e+01,-2.590471365977335516e+00
-3.708578966000447963e+01,-1.455907685541614427e+01,-2.590471365977332852e+00
-3.704378966000459172e+01,-1.456007685541612062e+01,-2.590471365977322193e+00
-3.702278966000440619e+01,-1.456007685541618457e+01,1.472283982281026526e+00
-3.698078966000426249e+01,-1.456107685541617514e+01,1.472283982281022752e+00
-3.693878966000420405e+01,-1.456107685541613961e+01,1.472283982281018755e+00
-3.691778966000430273e+01,-1.456207685541610886e+01,-2.590471365977321305e+00
-3.687578966000435798e+01,-1.456207685541608043e+01,-2.572471365977319735e+00
-3.683378966000435639e+01,-1.456207685541600938e+01,-2.572471365977321511e+00
-3.679178966000432638e+01,-1.456307685541602126e+01,1.490283982281027209e+00
-3.677178966000428773e+01,-1.456307685541600705e+01,1.472283982281023418e+00
-3.673178966000421042e+01,-1.456307685541607100e+01,1.472283982281021419e+00
-3.669178966000427522e+01,-1.456407685541606156e+01,-2.590471365977324858e+00
-3.667178966000420814e+01,-1.456507685541598107e+01,-2.590471365977325746e+00
-3.663878966000407900e+01,-1.456607685541592900e+01,-2.590471365977325746e+00
-3.661778966000409241e+01,-1.456607685541588637e+01,1.490283982281023656e+00
-3.660078966000409650e+01,-1.456607685541584374e+01,1.490283982281022768e+00
-3.655878966000395280e+01,-1.456607685541588637e+01,-2.572471365977324176e+00
-3.653878966000391415e+01,-1.456607685541584374e+01,-2.572471365977325064e+00
-3.649878966000380842e+01,-1.456607685541588637e+01,1.490283982281020103e+00
-3.645878966000373111e+01,-1.456607685541581532e+01,1.472283982281018311e+00
-3.639778966000366722e+01,-1.456707685541585562e+01,1.472283982281018755e+00
-3.637778966000360015e+01,-1.456807685541584618e+01,-2.590471365977328411e+00
-3.635778966000350465e+01,-1.456807685541581066e+01,-2.590471365977323970e+00
-3.631778966000342734e+01,-1.457007685541577047e+01,-2.590471365977315088e+00
-3.627778966000349214e+01,-1.457207685541574449e+01,1.455283982281030619e+00
-3.625678966000327819e+01,-1.457307685541577058e+01,1.455283982281026844e+00
-3.621478966000324817e+01,-1.457507685541578724e+01,1.455283982281027733e+00
-3.619378966000317632e+01,-1.457607685541577069e+01,-2.607471365977317213e+00
-3.615178966000317473e+01,-1.457807685541572340e+01,-2.607471365977310995e+00
-3.608878966000321498e+01,-1.458107685541573062e+01,-2.607471365977309219e+00
-3.606778966000322839e+01,-1.458207685541574250e+01,1.455283982281037725e+00
-3.602578966000322680e+01,-1.458407685541570942e+01,1.455283982281037503e+00
-3.600478966000321179e+01,-1.458507685541568577e+01,1.455283982281035726e+00
-3.596478966000316291e+01,-1.458707685541565979e+01,-2.607471365977313660e+00
-3.594478966000303899e+01,-1.458807685541569299e+01,-2.607471365977314548e+00
-3.590478966000299010e+01,-1.459007685541567412e+01,1.455283982281037725e+00
-3.588478966000297987e+01,-1.459107685541567179e+01,1.455283982281037058e+00
-3.584378966000301148e+01,-1.459307685541570265e+01,1.472283982281034742e+00
-3.580378966000301943e+01,-1.459407685541573585e+01,1.472283982281034742e+00
-3.576378966000314108e+01,-1.459507685541570510e+01,-2.590471365977307094e+00
-3.572378966000312062e+01,-1.459507685541567668e+01,-2.572471365977307300e+00
-3.568378966000312857e+01,-1.459507685541563404e+01,-2.572471365977303748e+00
-3.566378966000314676e+01,-1.459507685541564825e+01,1.490283982281041419e+00
-3.562378966000309788e+01,-1.459507685541558430e+01,1.490283982281042530e+00
-3.556378966000298192e+01,-1.459507685541554878e+01,-2.555471365977306952e+00
-3.554378966000288642e+01,-1.459507685541550615e+01,-2.555471365977298959e+00
-3.550378966000289438e+01,-1.459507685541546351e+01,1.507469289460615203e+00
-3.544378966000292053e+01,-1.459507685541547772e+01,1.524469289460617771e+00
-3.542378966000296714e+01,-1.459507685541544930e+01,-2.538286058797722511e+00
-3.538178966000293713e+01,-1.459507685541548483e+01,-2.538286058797721623e+00
-3.536078966000295054e+01,-1.459507685541547062e+01,1.524469289460625321e+00
-3.531878966000297737e+01,-1.459507685541544930e+01,1.524469289460625543e+00
-3.529778966000299079e+01,-1.459507685541542799e+01,-2.538286058797718958e+00
-3.525778966000308401e+01,-1.459507685541540667e+01,-2.538286058797723399e+00
-3.521778966000300670e+01,-1.459507685541541377e+01,1.524469289460618215e+00
-3.517778966000301466e+01,-1.459507685541538535e+01,1.524469289460613330e+00
-3.515778966000286232e+01,-1.459507685541536404e+01,-2.538286058797729616e+00
-3.511778966000278501e+01,-1.459507685541534272e+01,-2.538286058797728728e+00
-3.509778966000263267e+01,-1.459507685541534983e+01,1.524469289460618215e+00
-3.505778966000255537e+01,-1.459507685541529298e+01,1.507469289460615869e+00
-3.501778966000242121e+01,-1.459507685541525746e+01,-2.555286058797729076e+00
-3.497778966000245759e+01,-1.459507685541520772e+01,-2.555471365977314946e+00
-3.495778966000244736e+01,-1.459507685541514377e+01,1.507283982281033774e+00
-3.491578966000233208e+01,-1.459507685541507982e+01,1.507283982281033552e+00
-3.489478966000226023e+01,-1.459507685541507271e+01,1.490283982281033648e+00
-3.485378966000214973e+01,-1.459507685541507982e+01,-2.572471365977313518e+00
-3.485378966000203604e+01,-1.459507685541510114e+01,-2.572471365977305524e+00
-3.479178966000208106e+01,-1.459507685541503719e+01,-2.572471365977309077e+00
-3.474978966000196579e+01,-1.459507685541503008e+01,1.490283982281030761e+00
-3.470778966000196419e+01,-1.459507685541503719e+01,1.490283982281027209e+00
-3.466578966000196260e+01,-1.459507685541500166e+01,1.490283982281025210e+00
-3.464478966000186233e+01,-1.459507685541493061e+01,-2.572471365977320623e+00
-3.460278966000183232e+01,-1.459507685541484534e+01,-2.572471365977314406e+00
-3.458178966000167520e+01,-1.459507685541487376e+01,-2.572471365977310853e+00
-3.453978966000173045e+01,-1.459507685541486666e+01,1.490283982281030761e+00
-3.449778966000164360e+01,-1.459507685541483823e+01,1.490283982281028319e+00
-3.445478966000172250e+01,-1.459507685541484534e+01,1.490283982281028985e+00
-3.443378966000165065e+01,-1.459507685541484534e+01,-2.572471365977317070e+00
-3.439178966000164905e+01,-1.459507685541487376e+01,-2.572471365977310853e+00
-3.432878966000163246e+01,-1.459507685541483823e+01,-2.572471365977312630e+00
-3.430778966000153218e+01,-1.459507685541481692e+01,1.490283982281034314e+00
-3.428678966000148876e+01,-1.459507685541479560e+01,1.490283982281032094e+00
-3.426478966000158266e+01,-1.459507685541480271e+01,1.490283982281029651e+00
-3.422278966000155265e+01,-1.459507685541471744e+01,-2.572471365977320623e+00
-3.418078966000152263e+01,-1.459607685541473643e+01,-2.572471365977325064e+00
-3.412078966000149194e+01,-1.459607685541472222e+01,-2.590471365977320417e+00
-3.410078966000151013e+01,-1.459707685541464883e+01,1.472283982281022974e+00
-3.408078966000141463e+01,-1.459707685541461331e+01,1.472283982281024306e+00
-3.404078966000145101e+01,-1.459907685541457312e+01,1.472283982281018533e+00
-3.400078966000131686e+01,-1.460007685541454947e+01,-2.607471365977331423e+00
-3.393978966000122455e+01,-1.460307685541448564e+01,-2.607471365977337641e+00
-3.391978966000110063e+01,-1.460407685541449041e+01,-2.607471365977330535e+00
-3.387978966000108016e+01,-1.460607685541448575e+01,1.437283982281015726e+00
-3.387978966000102332e+01,-1.460607685541443601e+01,1.437283982281014616e+00
-3.381978966000096420e+01,-1.460907685541447165e+01,1.437283982281013506e+00
-3.377978966000102901e+01,-1.461107685541446699e+01,1.437283982281013728e+00
-3.373978966000092328e+01,-1.461407685541446000e+01,-2.642471365977338671e+00
-3.371978966000088462e+01,-1.461607685541443402e+01,-2.642471365977336006e+00
-3.367978966000083574e+01,-1.462007685541437496e+01,-2.642471365977332454e+00
-3.365978966000085393e+01,-1.462207685541436319e+01,1.402283982281012031e+00
-3.361978966000086189e+01,-1.462607685541434677e+01,1.385283982281004800e+00
-3.357978966000078458e+01,-1.463107685541431380e+01,1.368283982281002009e+00
-3.351978966000072546e+01,-1.464007685541432835e+01,1.350283982280999773e+00
-3.349978966000074365e+01,-1.464307685541427873e+01,1.350283982280997552e+00
-3.345978966000069477e+01,-1.465007685541431925e+01,1.333283982280999869e+00
-3.343978966000071296e+01,-1.465307685541431226e+01,-2.729471365977345521e+00
-3.339978966000070670e+01,-1.466107685541430783e+01,-2.729471365977346409e+00
-3.337978966000065384e+01,-1.466507685541431272e+01,1.315283982280998076e+00
-3.333978966000063338e+01,-1.467307685541433671e+01,1.315283982280991637e+00
-3.331978966000062314e+01,-1.467707685541428475e+01,1.315283982280989417e+00
-3.327978966000060268e+01,-1.468507685541424479e+01,1.298283982280984628e+00
-3.323978966000061064e+01,-1.469307685541427588e+01,1.298283982280984183e+00
-3.319978966000067544e+01,-1.470107685541430698e+01,1.298283982280978854e+00
-3.317978966000060836e+01,-1.470607685541430243e+01,1.280283982280979727e+00
-3.313978966000064474e+01,-1.471507685541425303e+01,1.280283982280977728e+00
-3.311978966000052083e+01,-1.472007685541429112e+01,-2.799471365977367121e+00
-3.307978966000038668e+01,-1.473007685541426781e+01,-2.817471365977363362e+00
-3.305978966000046171e+01,-1.473607685541427514e+01,1.245283982280987134e+00
-3.302078966000053128e+01,-1.474707685541423530e+01,1.210283982280983661e+00
-3.298178966000043033e+01,-1.475907685541424286e+01,1.193283982280981759e+00
-3.294378966000044784e+01,-1.477207685541426940e+01,1.176283982280980078e+00
-3.292378966000038076e+01,-1.477907685541424598e+01,1.158283982280979174e+00
-3.288578966000031301e+01,-1.479307685541422757e+01,1.141283982280975273e+00
-3.284778966000021683e+01,-1.480707685541425889e+01,1.123283982280974591e+00
-3.281078966000023911e+01,-1.482207685541425946e+01,1.106283982280976907e+00
-3.279278966000026685e+01,-1.483007685541426213e+01,1.088283982280978446e+00
-3.275478966000011383e+01,-1.484607685541423194e+01,1.071283982280974545e+00
-3.273678966000005630e+01,-1.485507685541420386e+01,1.053283982280975195e+00
-3.270078965999994125e+01,-1.487307685541420454e+01,1.053283982280974307e+00
-3.266478965999988304e+01,-1.489107685541425496e+01,1.036283982280974847e+00
-3.264678965999985394e+01,-1.490007685541428373e+01,-3.026471365977370986e+00
-3.260978965999974832e+01,-1.491907685541428918e+01,-3.044471365977367228e+00
-3.255678965999979368e+01,-1.494607685541427600e+01,1.018283982280986821e+00
-3.253878965999982142e+01,-1.495607685541426690e+01,1.018283982280988820e+00
-3.252078965999993443e+01,-1.496507685541423172e+01,1.001283982280988916e+00
-3.248478965999987622e+01,-1.498507685541425616e+01,1.001283982280988916e+00
-3.243178965999979368e+01,-1.501507685541422887e+01,9.842839822809859029e-01
-3.239578965999962179e+01,-1.503507685541421068e+01,9.842839822809854589e-01
-3.237878965999962588e+01,-1.504507685541423712e+01,9.842839822809836825e-01
-3.234378965999957245e+01,-1.506607685541428765e+01,9.662839822809843326e-01
-3.232678965999951970e+01,-1.507607685541429987e+01,9.662839822809847767e-01
-3.227378965999949401e+01,-1.510707685541424894e+01,9.662839822809838886e-01
-3.225578965999940806e+01,-1.511807685541425172e+01,9.662839822809821122e-01
-3.222178965999927414e+01,-1.514007685541425730e+01,9.492839822809826522e-01
-3.220478965999919296e+01,-1.515107685541427429e+01,9.492839822809822081e-01
-3.217078965999914431e+01,-1.517207685541423245e+01,9.312839822809824142e-01
-3.213678965999901038e+01,-1.519407685541415276e+01,9.142839822809829542e-01
-3.212078965999884872e+01,-1.520507685541419107e+01,9.142839822809801786e-01
-3.208778965999877641e+01,-1.522907685541412803e+01,3.116713941202221783e+00
-3.203878965999872719e+01,-1.526507685541409387e+01,3.099713941202219658e+00
-3.202178965999866023e+01,-1.527707685541407301e+01,-9.630414070561271744e-01
-3.200578965999866909e+01,-1.528907685541409478e+01,-9.630414070561261752e-01
-3.197278965999868205e+01,-1.531307685541407437e+01,-9.630414070561243989e-01
-3.195678965999869092e+01,-1.532507685541407483e+01,-9.810414070561250810e-01
-3.192578965999874185e+01,-1.534907685541401179e+01,-9.810414070561233046e-01
-3.190578965999864636e+01,-1.536407685541404078e+01,-9.630414070561279516e-01
-3.189378965999861748e+01,-1.537207685541397240e+01,-9.460414070561249389e-01
-3.186178965999863522e+01,-1.539407685541394954e+01,-8.930414070561258910e-01
-3.184478965999855404e+01,-1.540407685541392624e+01,-8.580414070561239726e-01
-3.178978965999857564e+01,-1.543107685541401963e+01,-7.540414070561212156e-01
-3.177078965999859861e+01,-1.543907685541400099e+01,-7.190414070561194082e-01
-3.173278965999858769e+01,-1.545307685541397547e+01,-6.660414070561184730e-01
-3.171378965999858224e+01,-1.546007685541393073e+01,-6.490414070561190130e-01
-3.167378965999856177e+01,-1.547207685541398092e+01,-5.970414070561192998e-01
-3.165378965999863681e+01,-1.547707685541401190e+01,-5.790414070561187287e-01
-3.161378965999858792e+01,-1.548607685541403356e+01,-5.270414070561209030e-01
-3.159378965999849243e+01,-1.549007685541396739e+01,-5.090414070561237736e-01
-3.155378965999832985e+01,-1.549607685541388236e+01,-4.740414070561235760e-01
-3.151378965999833781e+01,-1.550107685541387070e+01,-4.570414070561241715e-01
-3.147378965999837419e+01,-1.550507685541386138e+01,-4.400414070561229352e-01
-3.145378965999830712e+01,-1.550707685541385672e+01,-4.220414070561222530e-01
-3.141378965999828665e+01,-1.550907685541384495e+01,-4.050414070561245694e-01
-3.137378965999818092e+01,-1.551107685541383319e+01,-3.700414070561244273e-01
-3.135378965999814227e+01,-1.551107685541378345e+01,-3.700414070561244273e-01
-3.131378965999806496e+01,-1.551107685541377634e+01,-3.520414070561255215e-01
-3.129378965999802631e+01,-1.551107685541377634e+01,-3.348560998765357510e-01
-3.125378965999794900e+01,-1.551107685541377634e+01,-3.178560998765362910e-01
-3.121378965999801380e+01,-1.551107685541371950e+01,-2.998560998765373853e-01
-3.117378965999796492e+01,-1.551007685541370051e+01,-2.998560998765373853e-01
-3.115378965999792626e+01,-1.551007685541365788e+01,-2.998560998765373853e-01
-3.105378965999781826e+01,-1.550507685541359137e+01,-2.828560998765397017e-01
-3.101378965999776938e+01,-1.550307685541354630e+01,-2.648560998765407959e-01
-3.099378965999770230e+01,-1.550207685541348468e+01,-2.648560998765390195e-01
-3.095378965999776710e+01,-1.549907685541349878e+01,-2.485286058797783859e+00
-3.091378965999764716e+01,-1.549607685541351998e+01,-2.468286058797781735e+00
-3.085178965999750744e+01,-1.549107685541350321e+01,-2.468286058797772853e+00
-3.083178965999741195e+01,-1.548907685541352919e+01,-2.468286058797776406e+00
-3.078978965999743878e+01,-1.548507685541348167e+01,1.594469289460572314e+00
-3.076878965999745219e+01,-1.548307685541350054e+01,-2.468286058797768412e+00
-3.072678965999736533e+01,-1.547907685541348144e+01,-2.450286058797763289e+00
-3.070578965999735033e+01,-1.547707685541349321e+01,1.612469289460576549e+00
-3.066578965999732986e+01,-1.547307685541353806e+01,-2.450286058797774835e+00
-3.064578965999729121e+01,-1.547107685541349298e+01,-2.468286058797776406e+00
-3.060578965999729917e+01,-1.546707685541347388e+01,1.594469289460572314e+00
-3.056378965999726915e+01,-1.546307685541354004e+01,-2.468286058797771965e+00
-3.052178965999726756e+01,-1.545907685541352805e+01,-2.468286058797769300e+00
-3.050078965999713887e+01,-1.545707685541350429e+01,1.594469289460575867e+00
-3.043778965999715069e+01,-1.545107685541349696e+01,-2.468286058797771965e+00
-3.041678965999722095e+01,-1.544907685541343767e+01,-2.468286058797771076e+00
-3.039578965999709226e+01,-1.544707685541339259e+01,1.594469289460575867e+00
-3.037478965999704883e+01,-1.544507685541336883e+01,-2.468286058797771965e+00
-3.029078965999690354e+01,-1.543707685541339458e+01,-2.468286058797769300e+00
-3.024878965999687352e+01,-1.543307685541333996e+01,1.594469289460582972e+00
-3.022878965999686329e+01,-1.543107685541339436e+01,-2.468286058797764859e+00
-3.018678965999689012e+01,-1.542707685541338947e+01,-2.468286058797762195e+00
-3.014578965999692173e+01,-1.542307685541339879e+01,1.594469289460579420e+00
-3.010578965999701495e+01,-1.541907685541342943e+01,-2.468286058797768412e+00
-3.008578965999700472e+01,-1.541707685541339146e+01,-2.468286058797769300e+00
-3.004578965999684215e+01,-1.541407685541341266e+01,1.594469289460582972e+00
-3.002578965999680349e+01,-1.541207685541336758e+01,-2.468286058797768412e+00
-2.998578965999675461e+01,-1.540907685541333194e+01,-2.468286058797776406e+00
-2.994578965999676257e+01,-1.540607685541326788e+01,1.577469289460572854e+00
-2.990578965999671368e+01,-1.540407685541322991e+01,-2.485286058797771425e+00
-2.986578965999672164e+01,-1.540207685541326299e+01,-2.485286058797763431e+00
-2.982578965999678644e+01,-1.539907685541319893e+01,1.577469289460579960e+00
-2.980578965999680463e+01,-1.539807685541312310e+01,-2.485286058797774977e+00
-2.978578965999673756e+01,-1.539707685541308990e+01,-2.485286058797772313e+00
-2.976578965999675574e+01,-1.539607685541309223e+01,1.577469289460576407e+00
-2.972578965999673528e+01,-1.539307685541311344e+01,-2.468286058797768412e+00
-2.968578965999662955e+01,-1.538907685541304460e+01,-2.468286058797772853e+00
-2.964578965999649540e+01,-1.538607685541303027e+01,1.594469289460575867e+00
-2.962578965999642833e+01,-1.538407685541302783e+01,-2.468286058797775517e+00
-2.958578965999635102e+01,-1.538007685541302294e+01,-2.450286058797772171e+00
-2.954578965999630213e+01,-1.537607685541303226e+01,1.612469289460565891e+00
-2.950578965999625325e+01,-1.537207685541303448e+01,-2.450286058797781941e+00
-2.946578965999628963e+01,-1.536807685541300827e+01,-2.450286058797782829e+00
-2.944578965999622255e+01,-1.536607685541299162e+01,-2.433286058797778040e+00
-2.938578965999616344e+01,-1.535907685541297241e+01,1.629469289460572456e+00
-2.934678965999609090e+01,-1.535407685541299116e+01,-2.433286058797771823e+00
-2.930678965999601360e+01,-1.534907685541298150e+01,-2.415286058797775581e+00
-2.928678965999600337e+01,-1.534607685541298849e+01,-2.415286058797766700e+00
-2.922678965999591583e+01,-1.533707685541296684e+01,1.664469289460576151e+00
-2.920678965999584875e+01,-1.533407685541298093e+01,-2.398286058797768128e+00
-2.916678965999579987e+01,-1.532807685541294518e+01,-2.398286058797769016e+00
-2.910578965999582124e+01,-1.531807685541294717e+01,-2.398286058797767240e+00
-2.908578965999572574e+01,-1.531507685541296837e+01,1.664469289460583257e+00
-2.902378965999571392e+01,-1.530407685541293716e+01,-2.380286058797767446e+00
-2.900378965999567527e+01,-1.530107685541288731e+01,-2.380286058797775439e+00
-2.898278965999574552e+01,-1.529707685541290374e+01,-2.380286058797766557e+00
-2.894078965999574393e+01,-1.528907685541287265e+01,-2.380286058797763005e+00
-2.890078965999569505e+01,-1.528307685541283689e+01,1.682469289460576833e+00
-2.886078965999561774e+01,-1.527607685541286031e+01,-2.380286058797774551e+00
-2.884078965999557909e+01,-1.527307685541289572e+01,-2.398286058797767240e+00
-4.338772729106327830e+01,-1.526707486002518799e+01,-2.398323426536905334e+00
-4.336772729106343149e+01,-1.526407486002521807e+01,-2.398323426536906666e+00
-4.332772729106329734e+01,-1.525807486002523916e+01,1.664431921721443830e+00
-4.328772729106316319e+01,-1.525207486002519630e+01,-2.398323426536907554e+00
-4.326772729106312454e+01,-1.524907486002516066e+01,-2.398323426536903114e+00
-4.322772729106299039e+01,-1.524307486002513912e+01,-2.415323426536893692e+00
-4.318672729106282304e+01,-1.523707486002513889e+01,1.647431921721447923e+00
-4.314472729106284987e+01,-1.523107486002513866e+01,-2.415323426536896356e+00
-4.310272729106281986e+01,-1.522507486002510291e+01,-2.415323426536897244e+00
-4.308172729106280485e+01,-1.522207486002506727e+01,-2.415323426536890139e+00
-4.303972729106283168e+01,-1.521607486002501730e+01,1.647431921721458581e+00
-4.299972729106275438e+01,-1.521007486002503128e+01,-2.415323426536882145e+00
-4.297972729106288625e+01,-1.520707486002503828e+01,-2.415323426536879481e+00
-4.295972729106290444e+01,-1.520407486002501685e+01,-2.415323426536875928e+00
-4.291872729106285078e+01,-1.519807486002501662e+01,1.664431921721475804e+00
-4.287872729106283032e+01,-1.519207486002506613e+01,-2.380323426536867792e+00
-4.285872729106267798e+01,-1.518807486002501861e+01,-2.380323426536865128e+00
-4.279872729106261886e+01,-1.517607486002503236e+01,-2.346323426536857326e+00
-4.277872729106252336e+01,-1.517107486002509376e+01,1.734431921721490300e+00
-4.273872729106238921e+01,-1.516207486002503657e+01,-2.293323426536853837e+00
-4.271972729106232691e+01,-1.515707486002503401e+01,-2.276323426536855266e+00
-4.268072729106216912e+01,-1.514507486002499093e+01,-2.241323426536860453e+00
-4.264172729106206816e+01,-1.513207486002500701e+01,-2.206323426536854981e+00
-4.262272729106200586e+01,-1.512507486002501622e+01,-2.206323426536854981e+00
-4.258472729106199495e+01,-1.511107486002492806e+01,1.891431921721490328e+00
-4.254672729106198403e+01,-1.509607486002488486e+01,-2.154323426536858044e+00
-4.250972729106206316e+01,-1.508007486002488662e+01,-2.136323426536851144e+00
-4.249172729106186353e+01,-1.507207486002486263e+01,-2.136323426536847592e+00
-4.245372729106168208e+01,-1.505607486002487150e+01,-2.136323426536849368e+00
-4.241572729106161432e+01,-1.504007486002494431e+01,-2.119323426536848132e+00
-4.239672729106143834e+01,-1.503107486002490134e+01,-2.119323426536851684e+00
-4.235672729106136103e+01,-1.501307486002492908e+01,1.943431921721497035e+00
-4.204172729106130646e+01,-1.487507486002490964e+01,-2.154323426536847386e+00
-4.202272729106124416e+01,-1.486707486002486434e+01,-2.154323426536844721e+00
-4.198472729106117640e+01,-1.485107486002490873e+01,-2.154323426536841168e+00
-4.194672729106116549e+01,-1.483507486002493891e+01,1.908431921721500446e+00
-4.190872729106121142e+01,-1.482007486002490992e+01,-2.171323426536850398e+00
-4.188972729106109227e+01,-1.481207486002488594e+01,-2.171323426536845957e+00
-4.185172729106102452e+01,-1.479807486002484040e+01,-2.188323426536852523e+00
-4.183272729106107590e+01,-1.479107486002488514e+01,1.856431921721493739e+00
-4.179472729106106499e+01,-1.477707486002486093e+01,-2.223323426536857106e+00
-4.175672729106111092e+01,-1.476407486002486280e+01,-2.241323426536858676e+00
-4.173772729106104862e+01,-1.475807486002483415e+01,-2.258323426536856360e+00
-4.169772729106108500e+01,-1.474607486002486212e+01,1.804431921721494136e+00
-4.165872729106098404e+01,-1.473407486002486166e+01,-2.258323426536857248e+00
-4.161972729106093993e+01,-1.472207486002488253e+01,-2.276323426536855266e+00
-4.159972729106101497e+01,-1.471607486002492493e+01,-2.276323426536857042e+00
-4.152072729106100724e+01,-1.469407486002491936e+01,-2.293323426536852949e+00
-4.150072729106096858e+01,-1.468807486002491913e+01,-2.293323426536849396e+00
-4.148072729106075940e+01,-1.468307486002492368e+01,1.769431921721504652e+00
-4.144072729106073893e+01,-1.467307486002488304e+01,-2.311323426536843861e+00
-4.142072729106075712e+01,-1.466807486002488048e+01,-2.311323426536844750e+00
-4.138072729106067982e+01,-1.465807486002489668e+01,-2.311323426536841197e+00
-4.134072729106065935e+01,-1.464807486002486314e+01,-2.328323426536835328e+00
-4.130072729106063889e+01,-1.463807486002478697e+01,-2.328323426536826446e+00
-4.126072729106061843e+01,-1.462907486002476531e+01,1.716431921721521592e+00
-4.124072729106063662e+01,-1.462507486002471779e+01,-2.346323426536822687e+00
-4.120072729106055931e+01,-1.461607486002471745e+01,-2.363323426536817706e+00
-4.118072729106063434e+01,-1.461207486002465572e+01,-2.363323426536810601e+00
-4.114072729106067072e+01,-1.460407486002462463e+01,-2.380323426536806508e+00
-4.112072729106057523e+01,-1.460107486002463872e+01,1.664431921721536201e+00
-4.106072729106045927e+01,-1.459207486002458154e+01,-2.415323426536814644e+00
-4.104072729106042061e+01,-1.458907486002455300e+01,-2.415323426536810203e+00
-4.100072729106028646e+01,-1.458307486002455988e+01,-2.415323426536806650e+00
-4.098072729106024781e+01,-1.458107486002455033e+01,1.629431921721539611e+00
-4.094072729106011366e+01,-1.457607486002458330e+01,-2.433323426536801115e+00
-4.090072729105997951e+01,-1.457107486002456653e+01,-2.433323426536798451e+00
-4.088072729105988401e+01,-1.456907486002459251e+01,-2.450323426536796134e+00
-4.084072729105980670e+01,-1.456507486002460183e+01,1.612431921721554362e+00
-4.082072729105971121e+01,-1.456307486002457097e+01,-2.450323426536786364e+00
-4.078072729105952021e+01,-1.455907486002454476e+01,-2.468323426536786158e+00
-4.074072729105949975e+01,-1.455507486002453277e+01,-2.468323426536782605e+00
-4.032072729105954068e+01,-1.452307486002451498e+01,1.577431921721561325e+00
-4.027872729105942540e+01,-1.452007486002455039e+01,-2.485323426536793612e+00
-4.023572729105933377e+01,-1.451807486002456216e+01,-2.485323426536798053e+00
-4.021472729105940402e+01,-1.451607486002457392e+01,1.577431921721554220e+00
-4.019372729105936060e+01,-1.451507486002449099e+01,-2.485323426536790059e+00
-4.015172729105927374e+01,-1.451207486002454061e+01,-2.485323426536787395e+00
-4.010972729105924373e+01,-1.450907486002450497e+01,1.577431921721561325e+00
-4.006772729105927056e+01,-1.450707486002445279e+01,-2.485323426536786506e+00
-4.002772729105916483e+01,-1.450407486002450241e+01,-2.485323426536785618e+00
-3.990372729105914118e+01,-1.449507486002455181e+01,1.594431921721564338e+00
-3.986172729105916801e+01,-1.449207486002451617e+01,-2.468323426536776388e+00
-3.981972729105913800e+01,-1.448907486002450895e+01,-2.468323426536771947e+00
-3.979872729105923668e+01,-1.448707486002447808e+01,1.594431921721574996e+00
-3.975672729105917824e+01,-1.448407486002446376e+01,-2.468323426536776388e+00
-3.971472729105923349e+01,-1.448007486002449440e+01,-2.468323426536770171e+00
-3.967272729105914664e+01,-1.447707486002448007e+01,1.594431921721571443e+00
-3.965172729105918847e+01,-1.447507486002444921e+01,-2.468323426536772836e+00
-3.960972729105904477e+01,-1.447207486002437804e+01,-2.468323426536773724e+00
-3.956772729105904318e+01,-1.446807486002434473e+01,1.594431921721564338e+00
-3.954672729105902818e+01,-1.446607486002432807e+01,-2.468323426536776388e+00
-3.950472729105902658e+01,-1.446307486002434217e+01,-2.468323426536775500e+00
-3.948372729105901158e+01,-1.446107486002433262e+01,1.594431921721567891e+00
-3.944172729105889630e+01,-1.445707486002429931e+01,-2.468323426536779941e+00
-3.939972729105897997e+01,-1.445407486002435604e+01,-2.468323426536779053e+00
-3.935772729105889312e+01,-1.445107486002434882e+01,1.594431921721571443e+00
-3.931572729105889152e+01,-1.444707486002440788e+01,-2.468323426536769283e+00
-3.929472729105876283e+01,-1.444607486002437469e+01,-2.468323426536770171e+00
-3.925272729105870440e+01,-1.444207486002436980e+01,1.594431921721574996e+00
-3.921072729105867438e+01,-1.443907486002435547e+01,-2.468323426536772836e+00
-3.918972729105871622e+01,-1.443707486002436013e+01,-2.468323426536766618e+00
-3.914772729105865778e+01,-1.443307486002437656e+01,1.594431921721578549e+00
-3.912672729105864278e+01,-1.443207486002442153e+01,-2.468323426536765730e+00
-3.908472729105861276e+01,-1.442807486002440953e+01,-2.468323426536761289e+00
-3.904272729105844064e+01,-1.442407486002433359e+01,1.594431921721592760e+00
-3.900072729105835379e+01,-1.442107486002429795e+01,-2.468323426536755072e+00
-3.897972729105825351e+01,-1.441907486002424577e+01,-2.468323426536759513e+00
-3.889572729105839244e+01,-1.441207486002429761e+01,1.594431921721592760e+00
-3.887472729105829217e+01,-1.441007486002425253e+01,-2.468323426536755072e+00
-3.883272729105831900e+01,-1.440707486002427373e+01,-2.468323426536757736e+00
-3.881172729105833241e+01,-1.440507486002422866e+01,1.594431921721589207e+00
-3.876972729105830240e+01,-1.440107486002420956e+01,-2.468323426536762177e+00
-3.872672729105832445e+01,-1.439807486002420944e+01,-2.468323426536761289e+00
-3.868572729105821395e+01,-1.439407486002417613e+01,1.594431921721589207e+00
-3.866572729105806161e+01,-1.439307486002417846e+01,-2.468323426536758625e+00
-3.862572729105809799e+01,-1.439007486002417124e+01,-2.485323426536755420e+00
-3.858372729105798271e+01,-1.438707486002415692e+01,1.577431921721596852e+00
-3.856272729105779717e+01,-1.438607486002417346e+01,-2.485323426536750979e+00
-3.852072729105788085e+01,-1.438307486002418756e+01,-2.485323426536742986e+00
-3.850072729105798430e+01,-1.438207486002416857e+01,1.577431921721607511e+00
-3.845872729105789745e+01,-1.437907486002419688e+01,-2.485323426536736768e+00
-3.842372729105790086e+01,-1.437707486002420865e+01,-2.485323426536734104e+00
-3.841472729105774420e+01,-1.437707486002425838e+01,1.594431921721610523e+00
-3.838472729105774306e+01,-1.437407486002430801e+01,-2.450323426536733074e+00
-3.834372729105763256e+01,-1.437007486002431733e+01,-2.450323426536730409e+00
-3.830172729105774465e+01,-1.436607486002431955e+01,1.612431921721611205e+00
-3.828172729105767758e+01,-1.436407486002434553e+01,-2.450323426536733074e+00
-3.824172729105768553e+01,-1.436007486002426958e+01,-2.468323426536732867e+00
-3.822172729105764688e+01,-1.435807486002424582e+01,1.594431921721614076e+00
-3.818172729105762642e+01,-1.435407486002424804e+01,-2.468323426536737308e+00
-3.814172729105757753e+01,-1.435107486002426214e+01,-2.468323426536734644e+00
-3.810172729105758549e+01,-1.434907486002422417e+01,1.577431921721618169e+00
-3.806172729105762187e+01,-1.434707486002422883e+01,-2.503323426536733898e+00
-3.804172729105761164e+01,-1.434607486002417431e+01,-2.503323426536731233e+00
-3.800172729105756275e+01,-1.434407486002417187e+01,1.542431921721621579e+00
-3.798172729105738199e+01,-1.434407486002416476e+01,-2.520323426536719147e+00
-3.794172729105736153e+01,-1.434307486002412446e+01,-2.520323426536721811e+00
-3.792172729105749340e+01,-1.434307486002414578e+01,1.542431921721621579e+00
-3.788172729105750136e+01,-1.434207486002409837e+01,-2.520323426536722700e+00
-3.784172729105753774e+01,-1.434207486002409127e+01,-2.520323426536716482e+00
-3.782172729105747067e+01,-1.434207486002404153e+01,1.542431921721621579e+00
-3.778172729105736494e+01,-1.434107486002398701e+01,-2.520323426536722700e+00
-3.772172729105741951e+01,-1.433907486002397746e+01,-2.520323426536712930e+00
-3.770172729105729559e+01,-1.433807486002399401e+01,1.542431921721635790e+00
-3.766172729105733197e+01,-1.433707486002398213e+01,-2.503323426536716134e+00
-3.764172729105729331e+01,-1.433607486002392051e+01,-2.503323426536713470e+00
-3.759972729105720646e+01,-1.433407486002386122e+01,1.559431921721631698e+00
-3.757872729105702092e+01,-1.433307486002389197e+01,-2.503323426536712581e+00
-3.753672729105699091e+01,-1.433107486002385400e+01,-2.503323426536708141e+00
-3.747372729105688904e+01,-1.432807486002383968e+01,1.559431921721631698e+00
-3.743172729105685903e+01,-1.432607486002384434e+01,-2.503323426536712581e+00
-3.738972729105685744e+01,-1.432407486002385610e+01,-2.503323426536711693e+00
-3.736872729105681401e+01,-1.432307486002383712e+01,1.559431921721642356e+00
-3.732672729105672715e+01,-1.432107486002381336e+01,-2.503323426536705476e+00
-3.730572729105657004e+01,-1.432007486002380148e+01,-2.503323426536708141e+00
-3.726372729105639792e+01,-1.431807486002381324e+01,1.559431921721631698e+00
-3.722172729105639633e+01,-1.431607486002376817e+01,-2.503323426536716134e+00
-3.720072729105635290e+01,-1.431507486002379181e+01,-2.503323426536713470e+00
-3.715872729105643657e+01,-1.431307486002369700e+01,1.559431921721631698e+00
-3.713772729105642156e+01,-1.431207486002365670e+01,-2.503323426536716134e+00
-3.709572729105633471e+01,-1.431007486002364715e+01,-2.503323426536715246e+00
-3.703272729105628969e+01,-1.430707486002362572e+01,1.559431921721635250e+00
-3.701172729105624626e+01,-1.430607486002364936e+01,-2.503323426536709029e+00
-3.696972729105618782e+01,-1.430407486002369666e+01,-2.503323426536715246e+00
-3.694872729105617282e+01,-1.430307486002366346e+01,1.559431921721631698e+00
-3.688572729105615622e+01,-1.430007486002363493e+01,-2.503323426536716134e+00
-3.686572729105623125e+01,-1.429907486002363015e+01,-2.503323426536715246e+00
-3.684572729105619260e+01,-1.429807486002359695e+01,1.559431921721631698e+00
-3.680572729105620056e+01,-1.429607486002355898e+01,-2.503323426536716134e+00
-3.674572729105628355e+01,-1.429307486002357308e+01,-2.503323426536711693e+00
-3.672572729105615963e+01,-1.429207486002355409e+01,1.542431921721642896e+00
-3.670572729105620624e+01,-1.429107486002352800e+01,-2.520323426536704936e+00
-3.666572729105621420e+01,-1.429007486002347349e+01,-2.520323426536702272e+00
-3.664572729105626081e+01,-1.429007486002347349e+01,1.542431921721650001e+00
-3.660572729105624035e+01,-1.428907486002346161e+01,1.524431921721648431e+00
-3.658572729105623011e+01,-1.428907486002344029e+01,-2.538323426536698513e+00
-3.654572729105609596e+01,-1.428907486002339056e+01,-2.538323426536690519e+00
-3.652572729105602889e+01,-1.428907486002338345e+01,-2.538323426536685190e+00
-3.646572729105608346e+01,-1.428907486002335503e+01,1.507431921721667623e+00
-3.644572729105615849e+01,-1.428907486002336924e+01,1.507431921721669177e+00
-3.638572729105598569e+01,-1.428907486002333371e+01,-2.572508733716264651e+00
-3.636572729105591861e+01,-1.428907486002331950e+01,-2.572508733716260210e+00
-3.632472729105575127e+01,-1.428907486002334792e+01,1.490246614542093839e+00
-3.630372729105579310e+01,-1.428907486002339766e+01,1.490246614542091175e+00
-3.626172729105581993e+01,-1.428907486002344029e+01,1.490246614542092285e+00
-3.624172729105589497e+01,-1.428907486002341898e+01,-2.572508733716261098e+00
-3.620972729105577059e+01,-1.428907486002340477e+01,-2.572508733716267315e+00
-3.620072729105567078e+01,-1.428907486002337635e+01,-2.555508733716274961e+00
-3.617272729105559392e+01,-1.428907486002333371e+01,1.524431921721649319e+00
-3.611172729105544477e+01,-1.428907486002334792e+01,1.524431921721649763e+00
-3.609172729105549138e+01,-1.428907486002336924e+01,-2.538323426536698513e+00
-3.605172729105552776e+01,-1.428907486002336213e+01,-2.520323426536695166e+00
-3.603172729105548910e+01,-1.428807486002332183e+01,-2.520323426536691613e+00
-3.599072729105543544e+01,-1.428707486002333127e+01,1.542431921721650001e+00
-3.596972729105542044e+01,-1.428707486002333837e+01,-2.520323426536694278e+00
-3.592872729105550889e+01,-1.428507486002332882e+01,-2.520323426536688061e+00
-3.590772729105546546e+01,-1.428507486002329330e+01,1.542431921721660659e+00
-3.580272729105553253e+01,-1.428007486002329074e+01,-2.503323426536691265e+00
-3.578172729105554595e+01,-1.427907486002326465e+01,-2.503323426536686824e+00
-3.576072729105547410e+01,-1.427807486002321724e+01,1.559431921721667225e+00
-3.571772729105543931e+01,-1.427607486002320769e+01,-2.503323426536677054e+00
-3.567672729105544249e+01,-1.427407486002322656e+01,-2.503323426536670837e+00
-3.565672729105537542e+01,-1.427307486002322889e+01,1.559431921721684988e+00
-3.561672729105544022e+01,-1.427107486002325487e+01,-2.503323426536655738e+00
-3.559672729105551525e+01,-1.427007486002322878e+01,-2.503323426536651297e+00
-3.555672729105540952e+01,-1.426807486002321212e+01,1.577431921721699881e+00
-3.551672729105524695e+01,-1.426607486002326652e+01,-2.485323426536644398e+00
-3.547672729105531175e+01,-1.426407486002326408e+01,-2.485323426536639957e+00
-3.543672729105529129e+01,-1.426107486002320712e+01,1.594431921721706447e+00
-3.541672729105539474e+01,-1.426007486002313129e+01,-2.468323426536641385e+00
-3.537672729105523217e+01,-1.425607486002313351e+01,-2.468323426536638721e+00
-3.535672729105519352e+01,-1.425407486002319501e+01,1.594431921721713552e+00
-3.531672729105514463e+01,-1.425007486002324697e+01,-2.450323426536637150e+00
-3.529672729105513440e+01,-1.424807486002323031e+01,-2.450323426536639815e+00
-3.523372729105511780e+01,-1.424207486002325140e+01,1.612431921721710681e+00
-3.521272729105498911e+01,-1.424007486002327028e+01,-2.450323426536633598e+00
-3.517272729105485496e+01,-1.423607486002319433e+01,-2.433323426536627920e+00
-3.513272729105491976e+01,-1.423207486002323208e+01,1.629431921721717247e+00
-3.511272729105490953e+01,-1.423007486002325095e+01,-2.433323426536623479e+00
-3.507272729105486064e+01,-1.422507486002321286e+01,-2.433323426536619039e+00
-3.505272729105485041e+01,-1.422207486002322696e+01,1.629431921721727905e+00
-3.501272729105485837e+01,-1.421707486002323151e+01,-2.415323426536619245e+00
-3.499172729105481494e+01,-1.421407486002325982e+01,-2.415323426536614804e+00
-3.495072729105473286e+01,-1.420807486002324538e+01,1.647431921721739245e+00
-3.490972729105473604e+01,-1.420207486002321673e+01,-2.415323426536612139e+00
-3.486772729105473445e+01,-1.419607486002322361e+01,-2.415323426536605922e+00
-3.482672729105462395e+01,-1.419007486002326601e+01,-2.398323426536604686e+00
-3.480572729105458052e+01,-1.418707486002326590e+01,1.664431921721742258e+00
-3.476372729105463577e+01,-1.418107486002325857e+01,-2.398323426536609126e+00
-3.472172729105466260e+01,-1.417507486002325123e+01,-2.398323426536610015e+00
-3.470172729105473763e+01,-1.417207486002326533e+01,-2.398323426536608238e+00
-3.466172729105474559e+01,-1.416607486002328642e+01,-2.398323426536608238e+00
-3.462172729105469671e+01,-1.416007486002330040e+01,1.664431921721735153e+00
-3.460172729105457279e+01,-1.415707486002333582e+01,-2.398323426536616232e+00
-3.456072729105463281e+01,-1.415107486002337112e+01,-2.398323426536617120e+00
-3.451972729105449389e+01,-1.414507486002338510e+01,-2.398323426536613567e+00
-3.449872729105447888e+01,-1.414207486002336367e+01,-2.415323426536604146e+00
-3.445872729105445842e+01,-1.413607486002336344e+01,1.647431921721739245e+00
-3.443872729105436292e+01,-1.413307486002337043e+01,-2.415323426536601481e+00
-3.439872729105425719e+01,-1.412707486002339152e+01,-2.415323426536595264e+00
-3.437872729105424696e+01,-1.412407486002339851e+01,-2.415323426536593487e+00
-3.433872729105414123e+01,-1.411807486002341250e+01,1.647431921721746351e+00
-3.429872729105412077e+01,-1.411307486002344547e+01,-2.433323426536598610e+00
-3.423872729105400481e+01,-1.410607486002351862e+01,-2.433323426536601275e+00
-3.419872729105401277e+01,-1.410107486002342370e+01,1.629431921721738563e+00
-3.415872729105385019e+01,-1.409707486002347565e+01,-2.450323426536612281e+00
-3.411872729105385815e+01,-1.409307486002343524e+01,-2.450323426536613169e+00
-3.409872729105384792e+01,-1.409107486002345411e+01,1.612431921721728445e+00
-3.405672729105381791e+01,-1.408707486002349185e+01,-2.450323426536622939e+00
-3.401472729105373105e+01,-1.408307486002345854e+01,-2.468323426536620957e+00
-3.399372729105371604e+01,-1.408107486002344189e+01,1.594431921721727763e+00
-3.395172729105368603e+01,-1.407707486002338726e+01,-2.468323426536616516e+00
-3.393072729105361418e+01,-1.407507486002337771e+01,-2.468323426536620957e+00
-3.388872729105364101e+01,-1.407107486002340124e+01,1.594431921721727763e+00
-3.384772729105358735e+01,-1.406707486002339635e+01,-2.468323426536620069e+00
-3.380772729105356689e+01,-1.406307486002337725e+01,-2.468323426536620957e+00
-3.378772729105358508e+01,-1.406107486002336060e+01,1.594431921721720657e+00
-3.376772729105351800e+01,-1.405907486002340789e+01,-2.468323426536630727e+00
-3.372772729105341227e+01,-1.405507486002343853e+01,-2.450323426536625604e+00
-3.368672729105330177e+01,-1.405107486002340522e+01,1.612431921721721340e+00
-3.366672729105329154e+01,-1.404907486002344541e+01,-2.450323426536622939e+00
-3.362472729105326152e+01,-1.404507486002348315e+01,-2.450323426536622051e+00
-3.358272729105323151e+01,-1.404107486002344274e+01,1.612431921721728445e+00
-3.351972729105315807e+01,-1.403507486002354909e+01,-2.450323426536619387e+00
-3.349872729105308622e+01,-1.403307486002356086e+01,-2.450323426536613169e+00
-3.347772729105304279e+01,-1.403107486002351578e+01,1.612431921721724892e+00
-3.343572729105298436e+01,-1.402707486002349668e+01,-2.450323426536622939e+00
-3.339372729105289750e+01,-1.402307486002344916e+01,-2.450323426536622051e+00
-3.337272729105276881e+01,-1.402107486002343961e+01,1.612431921721731998e+00
-3.333072729105262511e+01,-1.401707486002340630e+01,-2.450323426536612281e+00
-3.331072729105267172e+01,-1.401507486002345360e+01,-2.450323426536602511e+00
-3.328372729105265648e+01,-1.401307486002345115e+01,1.612431921721749761e+00
-3.326372729105273152e+01,-1.401107486002347002e+01,-2.450323426536598070e+00
-3.324172729105256963e+01,-1.400907486002348179e+01,-2.450323426536593630e+00
-3.323072729105263079e+01,-1.400807486002345570e+01,1.612431921721760419e+00
-3.321172729105259691e+01,-1.400607486002343904e+01,-2.450323426536587412e+00
-3.320372729105255871e+01,-1.400507486002342716e+01,-2.450323426536582971e+00
-3.319472729105248732e+01,-1.400507486002334900e+01,1.612431921721763972e+00
-3.319372729105245412e+01,-1.400507486002334900e+01,-2.450323426536583860e+00
-3.319272729105253461e+01,-1.400507486002329216e+01,-2.415323426536584606e+00
-3.319172729105244457e+01,-1.400507486002322821e+01,-2.346323426536578438e+00
-3.319172729105227404e+01,-1.400507486002319268e+01,1.716431921721770282e+00
-3.319172729105233088e+01,-1.400507486002317847e+01,-2.346323426536577550e+00
-3.318872729105228814e+01,-1.400507486002317847e+01,-2.346323426536578438e+00
-3.318772729105225494e+01,-1.400507486002315005e+01,-2.346323426536576662e+00
-3.318472729105221219e+01,-1.400507486002310742e+01,-2.346323426536571333e+00
-3.318372729105220742e+01,-1.400507486002309321e+01,1.716431921721770282e+00
-3.317972729105213148e+01,-1.400507486002310031e+01,-2.363323426536580563e+00
-3.317572729105219764e+01,-1.400507486002306479e+01,-2.363323426536583227e+00
-3.317372729105218809e+01,-1.400507486002307900e+01,-2.363323426536574345e+00
-3.317072729105211693e+01,-1.400507486002304347e+01,-2.380323426536564924e+00
-3.316472729105217354e+01,-1.400507486002302926e+01,1.664431921721781338e+00
-3.316072729105218286e+01,-1.400507486002303636e+01,-2.398323426536562941e+00
-3.315872729105220174e+01,-1.400507486002300794e+01,-2.415323426536565066e+00
-3.315472729105212579e+01,-1.400507486002292978e+01,-2.433323426536562195e+00
-3.315272729105211624e+01,-1.400507486002287294e+01,1.629431921721781196e+00
-3.314872729105209714e+01,-1.400507486002289426e+01,-2.450323426536562543e+00
-3.314672729105214444e+01,-1.400507486002288715e+01,-2.450323426536556326e+00
-3.314272729105198323e+01,-1.400507486002285873e+01,1.594431921721795264e+00
-3.313872729105193571e+01,-1.400507486002280899e+01,-2.468323426536541909e+00
-3.313472729105191661e+01,-1.400507486002285873e+01,-2.468323426536539245e+00
-3.313072729105192593e+01,-1.400507486002283741e+01,1.594431921721805923e+00
-3.312872729105188796e+01,-1.400507486002281610e+01,-2.468323426536534804e+00
-3.312472729105192570e+01,-1.400507486002280189e+01,-2.468323426536537468e+00
-3.312172729105176927e+01,-1.400507486002280189e+01,1.594431921721813028e+00
-3.311672729105174540e+01,-1.400507486002274504e+01,-2.468323426536531251e+00
-3.311272729105172630e+01,-1.400507486002273794e+01,-2.468323426536528586e+00
-3.310672729105166923e+01,-1.400507486002276636e+01,1.594431921721816581e+00
-3.310372729105156964e+01,-1.400507486002275925e+01,-2.468323426536531251e+00
-3.309772729105162625e+01,-1.400507486002275925e+01,-2.468323426536530363e+00
-3.309372729105149347e+01,-1.400507486002273083e+01,1.594431921721813028e+00
-3.308572729105145527e+01,-1.400507486002268820e+01,-2.468323426536531251e+00
-3.308172729105152143e+01,-1.400507486002270241e+01,-2.468323426536525034e+00
-3.307372729105148323e+01,-1.400507486002275215e+01,1.594431921721820133e+00
-3.306972729105149256e+01,-1.400507486002273794e+01,-2.468323426536531251e+00
-3.305872729105146846e+01,-1.400407486002275448e+01,-2.468323426536525034e+00
-3.304572729105149165e+01,-1.400407486002272606e+01,1.594431921721827239e+00
-3.303872729105148665e+01,-1.400407486002274027e+01,-2.468323426536517040e+00
-3.302472729105144822e+01,-1.400307486002274970e+01,-2.468323426536510823e+00
-3.301172729105135772e+01,-1.400207486002268098e+01,1.594431921721834344e+00
-3.299772729105146141e+01,-1.400207486002271651e+01,-2.468323426536506382e+00
-3.299072729105151325e+01,-1.400107486002269042e+01,-2.468323426536503717e+00
-3.298372729105153667e+01,-1.400107486002267621e+01,1.594431921721848555e+00
-3.296472729105155963e+01,-1.399907486002268087e+01,-2.450323426536495042e+00
-3.293672729105156805e+01,-1.399707486002269263e+01,-2.450323426536495930e+00
-3.291972729105143003e+01,-1.399507486002264756e+01,1.612431921721849237e+00
-3.288172729105141912e+01,-1.399107486002268530e+01,-2.450323426536502147e+00
-3.284072729105145072e+01,-1.398707486002267331e+01,-2.450323426536504812e+00
-3.281972729105146414e+01,-1.398507486002265665e+01,1.612431921721835026e+00
-3.275772729105133863e+01,-1.397907486002267774e+01,-2.450323426536509253e+00
-3.273672729105126677e+01,-1.397707486002268951e+01,-2.450323426536506588e+00
-3.269472729105120834e+01,-1.397307486002267751e+01,1.612431921721831474e+00
-3.267372729105127860e+01,-1.397107486002268928e+01,-2.450323426536516358e+00
-3.263172729105127701e+01,-1.396707486002267018e+01,-2.450323426536513693e+00
-3.258972729105124699e+01,-1.396207486002272447e+01,1.612431921721827921e+00
-3.256872729105111830e+01,-1.396007486002275044e+01,-2.433323426536509793e+00
-3.252672729105105986e+01,-1.395607486002278819e+01,-2.433323426536508904e+00
-3.246372729105110011e+01,-1.395007486002274533e+01,1.629431921721838039e+00
-3.244372729105108988e+01,-1.394807486002281394e+01,-2.450323426536505700e+00
-3.242372729105105122e+01,-1.394607486002283281e+01,-2.450323426536497706e+00
-3.238372729105088865e+01,-1.394207486002282081e+01,1.612431921721849237e+00
-3.236372729105082158e+01,-1.394007486002279705e+01,-2.450323426536502147e+00
-3.228372729105080907e+01,-1.393207486002273754e+01,-2.450323426536501259e+00
-3.226372729105085568e+01,-1.393007486002271378e+01,1.612431921721849237e+00
-3.224272729105086910e+01,-1.392807486002271133e+01,-2.450323426536505700e+00
-3.220172729105078702e+01,-1.392407486002269934e+01,-2.468323426536507270e+00
-3.216972729105071949e+01,-1.392107486002264238e+01,1.594431921721834344e+00
-3.215672729105065741e+01,-1.392007486002264471e+01,-2.380323426536505416e+00
-3.215572729105062422e+01,-1.392007486002268024e+01,-2.328323426536506702e+00
-3.215472729105064786e+01,-1.392007486002266603e+01,-2.241323426536503405e+00
-3.215472729105061944e+01,-1.392007486002267314e+01,-2.171323426536501344e+00
-3.215472729105070471e+01,-1.392007486002264471e+01,-2.066323426536493812e+00
-3.215472729105073313e+01,-1.392007486002262340e+01,-2.031323426536495447e+00
-3.215472729105064786e+01,-1.392007486002260208e+01,-1.927323426536490913e+00
-3.215472729105050576e+01,-1.392007486002263761e+01,-1.874323426536493642e+00
-3.215472729105053418e+01,-1.392007486002262340e+01,-1.770323426536497990e+00
-3.215472729105050576e+01,-1.392007486002257366e+01,-1.630323426536497422e+00
-3.215472729105056260e+01,-1.392007486002256655e+01,-1.595323426536495504e+00
-3.215472729105064786e+01,-1.392007486002250971e+01,-1.508323426536488654e+00
-3.215472729105056260e+01,-1.392007486002253103e+01,-1.455323426536489606e+00
-3.215472729105050576e+01,-1.392007486002252392e+01,-1.386323426536488768e+00
-3.215472729105053418e+01,-1.392007486002246708e+01,-1.351323426536483296e+00
-3.215472729105044891e+01,-1.392007486002243155e+01,-1.281323426536483012e+00
-3.215472729105036365e+01,-1.392007486002244576e+01,-1.246323426536481094e+00
-3.215472729105030680e+01,-1.392007486002243866e+01,-1.176323426536480810e+00
-3.215472729105036365e+01,-1.392007486002241023e+01,-1.106323426536482302e+00
-3.215472729105030680e+01,-1.392007486002239602e+01,-1.054323426536479147e+00
-3.215472729105033523e+01,-1.392007486002231076e+01,-1.019323426536480781e+00
-3.215472729105036365e+01,-1.392007486002226102e+01,-9.673234265364776263e-01
-3.215472729105033523e+01,-1.392007486002221839e+01,-9.143234265364803548e-01
-3.215472729105027838e+01,-1.392007486002223260e+01,-8.793234265364819890e-01
-3.215472729105019312e+01,-1.392007486002220418e+01,-8.453234265364795164e-01
-3.215472729105019312e+01,-1.392007486002215444e+01,-8.103234265364793742e-01
-3.215472729105013627e+01,-1.392007486002214023e+01,-7.753234265364828959e-01
-3.215472729105010785e+01,-1.392007486002206207e+01,-7.223234265364837370e-01
-3.215472729105005101e+01,-1.392007486002203365e+01,-6.873234265364800422e-01
-3.215472729104999416e+01,-1.392007486002201233e+01,-6.703234265364788058e-01
-3.215472729104996574e+01,-1.392007486002199812e+01,-6.183234265364774274e-01
-3.215472729104993732e+01,-1.392007486002202654e+01,-5.833234265364772853e-01
-3.215472729104999416e+01,-1.392007486002199101e+01,-5.833234265364755089e-01
-3.215472729105007943e+01,-1.392007486002200523e+01,-5.483234265364737015e-01
-3.215472729104999416e+01,-1.392007486002194128e+01,-5.303234265364764610e-01
-3.215472729104999416e+01,-1.392007486002187733e+01,-5.133234265364770010e-01
-3.215772729104998007e+01,-1.391407486002183447e+01,-4.783234265364750826e-01
-3.217372729105002804e+01,-1.389007486002186198e+01,-3.733234265364746562e-01
-3.219772729105011422e+01,-1.386007486002185374e+01,-2.513234265364765463e-01
-3.221172729105009580e+01,-1.384607486002177978e+01,-1.813234265364780384e-01
-3.224172729105006852e+01,-1.382107486002175278e+01,-4.232342653647691577e-02
-3.229272729105005624e+01,-1.379107486002171612e+01,1.326765734635202421e-01
-3.232972729104994869e+01,-1.377607486002169424e+01,2.546765734635165757e-01
-3.234972729104998734e+01,-1.377007486002160874e+01,2.545106532384754594e+00
-3.238972729104999360e+01,-1.376107486002157998e+01,2.650106532384748803e+00
-3.242972729105005669e+01,-1.375707486002156799e+01,-1.308648815873602489e+00
-3.246972729104999189e+01,-1.375707486002155377e+01,-1.221648815873599858e+00
-3.248972729105003054e+01,-1.375807486002151592e+01,-1.186648815873597940e+00
-3.254972729104997597e+01,-1.376507486002150671e+01,-1.098648815873602302e+00
-3.256972729105007147e+01,-1.376807486002143577e+01,-1.081648815873601066e+00
-3.258972729105005328e+01,-1.377207486002137671e+01,-1.063648815873600384e+00
-3.260972729105009194e+01,-1.377607486002139581e+01,-1.046648815873600924e+00
-3.264972729105008398e+01,-1.378507486002137483e+01,-1.011648815873597229e+00
-3.268972729105013286e+01,-1.379507486002133732e+01,-9.946488158735959928e-01
-3.276772729105010740e+01,-1.381907486002133112e+01,-9.596488158735922980e-01
-3.280672729105003782e+01,-1.383207486002133635e+01,-9.246488158735939322e-01
-3.282672729104999121e+01,-1.383907486002132003e+01,-9.246488158735939322e-01
-3.286472729105005897e+01,-1.385307486002133004e+01,-8.896488158735902374e-01
-3.288372729105003600e+01,-1.386007486002129951e+01,-8.896488158735884610e-01
-3.292172729104993323e+01,-1.387407486002131662e+01,-8.716488158735913316e-01
-3.293972729104993391e+01,-1.388207486002129798e+01,-8.546488158735900953e-01
-3.297772729104991640e+01,-1.389807486002124648e+01,-8.546488158735900953e-01
-3.301572729104981363e+01,-1.391407486002124472e+01,-8.376488158735888589e-01
-3.303372729104978589e+01,-1.392207486002124028e+01,-3.058078774794830146e+00
-3.307072729104962150e+01,-1.393807486002120299e+01,-3.040078774794825023e+00
-3.312472729104970881e+01,-1.396207486002123943e+01,1.022676573463520144e+00
-3.314372729104960058e+01,-1.397007486002126342e+01,1.022676573463516592e+00
-3.316172729104954442e+01,-1.397807486002127320e+01,1.022676573463515703e+00
-3.317972729104951668e+01,-1.398607486002129008e+01,1.022676573463516814e+00
-3.321372729104948007e+01,-1.400207486002125279e+01,1.022676573463515926e+00
-3.324172729104952850e+01,-1.401507486002125802e+01,1.004676573463514799e+00
-3.325772729104963332e+01,-1.402207486002123460e+01,1.004676573463512579e+00
-3.326472729104963832e+01,-1.402507486002119919e+01,1.004676573463512135e+00
-3.327472729104971449e+01,-1.402907486002121118e+01,1.004676573463509914e+00
-3.328572729104959649e+01,-1.403407486002119242e+01,1.004676573463509914e+00
-3.329572729104964424e+01,-1.403807486002118310e+01,9.876765734635100102e-01
-3.329972729104969176e+01,-1.403907486002119498e+01,9.876765734635060134e-01
-3.330272729104962082e+01,-1.404007486002116423e+01,9.706765734635044440e-01
-3.330872729104953578e+01,-1.404207486002114535e+01,9.526765734635079808e-01
-3.331672729104948871e+01,-1.404407486002113359e+01,9.356765734635086318e-01
-3.331872729104949826e+01,-1.404507486002113126e+01,9.176765734635088378e-01
-3.332372729104949372e+01,-1.404707486002109817e+01,3.138106532384754566e+00
-3.332772729104951281e+01,-1.404807486002107453e+01,3.138106532384748348e+00
-3.333472729104948939e+01,-1.405007486002104855e+01,-9.246488158736055896e-01
-3.333772729104956056e+01,-1.405107486002102490e+01,-9.246488158736047014e-01
-3.333772729104956056e+01,-1.405107486002099648e+01,-9.246488158736063667e-01
-3.334172729104957966e+01,-1.405207486002102257e+01,-9.246488158736047014e-01
-3.334472729104953714e+01,-1.405307486002107709e+01,-9.246488158736047014e-01
-3.335072729104962264e+01,-1.405507486002107953e+01,-9.246488158736063667e-01
-3.335272729104963219e+01,-1.405507486002111506e+01,-9.246488158736063667e-01
-3.335772729104954237e+01,-1.405707486002101803e+01,-8.716488158736073188e-01
-3.336172729104947621e+01,-1.405907486002101336e+01,-8.026488158736011513e-01
-3.336272729104931045e+01,-1.405907486002104889e+01,-6.276488158736004408e-01
-3.336272729104919677e+01,-1.405907486002100626e+01,-5.576488158736019329e-01
-3.336272729104916834e+01,-1.405907486002102047e+01,-4.186488158735990339e-01
-3.336272729104913992e+01,-1.405907486002101336e+01,-3.486488158735987497e-01
-3.336272729104925361e+01,-1.405907486002102047e+01,-2.956488158735997018e-01
-3.336472729104929158e+01,-1.406107486002099449e+01,-2.956488158736014782e-01
-3.336672729104915902e+01,-1.406407486002096618e+01,-3.136488158736021603e-01
-3.337072729104914970e+01,-1.407007486002098773e+01,-3.306488158735998439e-01
-3.337672729104906466e+01,-1.407807486002098329e+01,-3.656488158735964333e-01
-3.338172729104894643e+01,-1.408507486002093145e+01,-4.186488158735954812e-01
-3.338372729104895598e+01,-1.408807486002087472e+01,-4.706488158735933069e-01
-3.338472729104890391e+01,-1.408907486002087950e+01,-5.056488158735934491e-01
-3.338872729104886616e+01,-1.409307486002087018e+01,-5.576488158735894984e-01
-3.339272729104888526e+01,-1.409607486002085608e+01,-5.756488158735865168e-01
-3.339472729104892323e+01,-1.409807486002086563e+01,-5.406488158735864857e-01
-3.339572729104895643e+01,-1.409907486002085619e+01,-4.536488158735831888e-01
-3.339572729104889959e+01,-1.409907486002076382e+01,-4.006488158735841409e-01
-3.339572729104895643e+01,-1.409907486002068566e+01,-2.956488158735837146e-01
-3.339772729104885229e+01,-1.410207486002064314e+01,-2.956488158735837146e-01
-3.340672729104875316e+01,-1.411407486002058675e+01,-3.306488158735838567e-01
-3.341272729104872496e+01,-1.412107486002057044e+01,-3.486488158735827625e-01
-3.342572729104867335e+01,-1.413707486002055447e+01,-2.621078774794825428e+00
-3.343972729104874020e+01,-1.415207486002054793e+01,-2.691078774794833706e+00
-3.344772729104880682e+01,-1.415907486002051741e+01,1.336676573463509543e+00
-3.346172729104870314e+01,-1.417207486002051553e+01,1.284676573463507054e+00
-3.346872729104859445e+01,-1.417707486002053230e+01,1.249676573463504248e+00
-3.348072729104853806e+01,-1.418607486002053264e+01,1.266676573463506816e+00
-3.348472729104838663e+01,-1.419007486002053042e+01,1.354676573463509115e+00
-3.348572729104844825e+01,-1.419007486002052332e+01,-2.586078774794830615e+00
-3.348472729104841505e+01,-1.418907486002049723e+01,-2.464078774794835169e+00
-3.348272729104843393e+01,-1.418507486002049944e+01,-2.447078774794830380e+00
-3.348972729104849577e+01,-1.419707486002046437e+01,-2.464078774794826288e+00
-3.349472729104834912e+01,-1.420507486002042441e+01,1.580676573463519974e+00
-3.350572729104837322e+01,-1.422107486002040844e+01,-2.516078774794837436e+00
-3.351172729104831660e+01,-1.422907486002041111e+01,-2.551078774794833137e+00
-3.352572729104815608e+01,-1.424507486002038092e+01,1.441676573463509969e+00
-3.353972729104805239e+01,-1.426107486002031521e+01,1.371676573463509463e+00
-3.356072729104803898e+01,-1.428107486002034676e+01,1.301676573463510955e+00
-3.357472729104807740e+01,-1.429307486002038985e+01,1.266676573463508371e+00
-3.360672729104803125e+01,-1.431707486002041918e+01,1.214676573463509435e+00
-3.363972729104801829e+01,-1.433907486002041054e+01,1.162676573463510721e+00
-3.365672729104801419e+01,-1.435007486002037069e+01,1.127676573463508802e+00
-3.369172729104798236e+01,-1.437007486002033119e+01,1.074676573463505314e+00
-3.372772729104792688e+01,-1.438807486002028924e+01,1.039676573463504283e+00
-3.374672729104793234e+01,-1.439707486002026826e+01,1.022676573463502603e+00
-3.378372729104791006e+01,-1.441307486002026650e+01,9.876765734635024607e-01
-3.382172729104786413e+01,-1.442807486002020312e+01,9.706765734635034448e-01
-3.385972729104787504e+01,-1.444207486002026286e+01,9.356765734635041909e-01
-3.387872729104779523e+01,-1.444907486002030339e+01,9.356765734635024145e-01
-3.391672729104783457e+01,-1.446307486002032050e+01,3.138106532384743907e+00
-3.395472729104780285e+01,-1.447607486002030441e+01,3.121106532384752441e+00
-3.397472729104777045e+01,-1.448307486002031652e+01,-9.416488158735943914e-01
-3.401372729104775772e+01,-1.449607486002030043e+01,-9.416488158735933922e-01
-3.405272729104768814e+01,-1.450807486002030799e+01,-9.596488158735869689e-01
-3.407272729104764153e+01,-1.451407486002023006e+01,-9.596488158735869689e-01
-3.411172729104760037e+01,-1.452607486002023762e+01,-9.596488158735869689e-01
-3.415072729104761606e+01,-1.453807486002022387e+01,-9.766488158735846525e-01
-3.418972729104766017e+01,-1.454907486002016270e+01,-9.766488158735828762e-01
-3.420972729104752830e+01,-1.455507486002020556e+01,-9.766488158735828762e-01
-3.424872729104760083e+01,-1.456607486002020835e+01,-9.946488158735853347e-01
-3.426872729104749737e+01,-1.457207486002020147e+01,-9.946488158735835583e-01
-3.432872729104741438e+01,-1.458707486002020204e+01,-9.946488158735817819e-01
-3.436872729104737800e+01,-1.459707486002021426e+01,-1.011648815873579466e+00
-3.440072729104730342e+01,-1.460507486002023114e+01,-1.029648815873574819e+00
-3.441272729104716177e+01,-1.460807486002023126e+01,2.964106532384771064e+00
-3.441472729104714290e+01,-1.460807486002016731e+01,2.876106532384765657e+00
-3.441472729104700079e+01,-1.460807486002013889e+01,-1.238648815873587994e+00
-3.441472729104694395e+01,-1.460807486002009625e+01,-1.325648815873586628e+00
-3.441472729104700079e+01,-1.460807486002013889e+01,-1.430648815873578172e+00
-3.441472729104700079e+01,-1.460807486002015310e+01,-1.482648815873575998e+00
-3.441472729104700079e+01,-1.460807486002017441e+01,2.492106532384773310e+00
-3.441472729104708606e+01,-1.460807486002013889e+01,2.458106532384765508e+00
-3.441472729104697237e+01,-1.460807486002018152e+01,2.318106532384762275e+00
-3.441472729104702921e+01,-1.460807486002013178e+01,2.283106532384763909e+00
-3.441472729104700079e+01,-1.460807486002012467e+01,2.196106532384758836e+00
-3.441472729104705763e+01,-1.460807486002009625e+01,2.161106532384755141e+00
-3.441472729104700079e+01,-1.460807486002011046e+01,2.091106532384761074e+00
-3.441472729104702921e+01,-1.460807486002016020e+01,2.021106532384756349e+00
-3.441472729104705763e+01,-1.460807486002011757e+01,-2.076648815873592291e+00
-3.441472729104705763e+01,-1.460807486002007494e+01,1.934106532384759491e+00
-3.441472729104708606e+01,-1.460807486002011757e+01,1.899106532384761792e+00
-3.441472729104694395e+01,-1.460807486002007494e+01,1.847106532384761302e+00
-3.441472729104697237e+01,-1.460807486002011757e+01,1.777106532384759241e+00
-3.441472729104691552e+01,-1.460807486002007494e+01,1.724106532384761969e+00
-3.441472729104694395e+01,-1.460807486002006073e+01,1.707106532384759623e+00
-3.441472729104700079e+01,-1.460807486002006073e+01,1.637106532384760893e+00
-3.441472729104708606e+01,-1.460807486002003230e+01,-2.460648815873585527e+00
-3.441472729104697237e+01,-1.460807486002001809e+01,1.567106532384758610e+00
-3.441472729104694395e+01,-1.460807486001996836e+01,-2.529648815873584589e+00
-3.441472729104697237e+01,-1.460807486001998257e+01,-2.547648815873584383e+00
-3.441472729104697237e+01,-1.460807486002000388e+01,1.463106532384762959e+00
-3.441472729104694395e+01,-1.460807486001999678e+01,1.428106532384763039e+00
-3.441472729104702921e+01,-1.460807486002003230e+01,1.375106532384757552e+00
-3.441472729104705763e+01,-1.460807486001998967e+01,1.341106532384757299e+00
-3.441472729104717132e+01,-1.460807486002000388e+01,1.323106532384753287e+00
-3.441472729104711448e+01,-1.460807486001999678e+01,1.288106532384748926e+00
-3.441472729104700079e+01,-1.460807486002000388e+01,-2.791648815873595701e+00
-3.441472729104697237e+01,-1.460807486001999678e+01,-2.809648815873597272e+00
-3.441472729104694395e+01,-1.460807486001997546e+01,1.218106532384744201e+00
-3.441472729104702921e+01,-1.460807486001992572e+01,1.218106532384740870e+00
-3.441472729104700079e+01,-1.460807486001991151e+01,1.183106532384739840e+00
-3.441472729104697237e+01,-1.460707486001990674e+01,1.166106532384737049e+00
-3.441272729104690598e+01,-1.458907486001989184e+01,1.096106532384736987e+00
-3.440972729104683481e+01,-1.457207486001987462e+01,1.044106532384736941e+00
-3.439872729104686755e+01,-1.453407486001982818e+01,9.041065323847368163e-01
-3.439172729104686255e+01,-1.451507486001980141e+01,8.521065323847367701e-01
-3.437472729104683822e+01,-1.447907486001978583e+01,7.121065323847375339e-01
-3.433972729104687005e+01,-1.443107486001974138e+01,5.201065323847338107e-01
-3.431272729104679797e+01,-1.440307486001972848e+01,4.151065323847316080e-01
-3.428172729104670680e+01,-1.437707486001962565e+01,2.931065323847317217e-01
-3.426472729104673931e+01,-1.436507486001961098e+01,2.411065323847303432e-01
-3.422972729104674272e+01,-1.434407486001961018e+01,1.541065323847297108e-01
-3.419272729104665132e+01,-1.432707486001957875e+01,6.610653238472874449e-02
-3.415472729104661198e+01,-1.431307486001954032e+01,-2.893467615269429850e-03
-3.413472729104657333e+01,-1.430707486001961826e+01,-3.789346761526957152e-02
-3.409472729104649602e+01,-1.429607486001962968e+01,-9.089346761526861940e-02
-3.407472729104651421e+01,-1.429107486001961291e+01,-1.078934676152680794e-01
-3.403472729104646533e+01,-1.428307486001961024e+01,-1.428934676152682215e-01
-3.399472729104655855e+01,-1.427607486001960524e+01,-1.778934676152683914e-01
-3.397472729104657674e+01,-1.427307486001959802e+01,-1.778934676152683914e-01
-3.393472729104649943e+01,-1.426807486001955283e+01,-2.128934676152702543e-01
-3.387472729104638347e+01,-1.426107486001954072e+01,-2.298934676152697421e-01
-3.385472729104637324e+01,-1.425907486001948854e+01,-2.298934676152679379e-01
-3.383472729104641985e+01,-1.425707486001950031e+01,-2.298934676152697421e-01
-3.379472729104637096e+01,-1.425307486001950963e+01,-2.478934676152668715e-01
-3.377472729104638915e+01,-1.425107486001954271e+01,-2.478934676152650951e-01
-3.373372729104633549e+01,-1.424707486001954493e+01,-2.478934676152650951e-01
-3.369272729104633868e+01,-1.424407486001953771e+01,-2.478934676152650951e-01
-3.367272729104630002e+01,-1.424207486001953527e+01,-2.648934676152627787e-01
-3.363372729104614223e+01,-1.424007486001949729e+01,-2.648934676152627787e-01
-3.362072729104613700e+01,-1.423907486001949252e+01,-2.648934676152627787e-01
-3.359072729104596533e+01,-1.423807486001951617e+01,-2.503323426536504748e+00
-3.357972729104588439e+01,-1.423807486001950906e+01,-2.503323426536496754e+00
-3.355972729104587415e+01,-1.423707486001947586e+01,-2.503323426536489649e+00
-3.354972729104585483e+01,-1.423707486001951850e+01,-2.503323426536489649e+00
-3.353072729104584937e+01,-1.423707486001947586e+01,1.542431921721856058e+00
-3.351172729104578707e+01,-1.423707486001949007e+01,-2.520323426536488221e+00
-3.350172729104576774e+01,-1.423707486001949007e+01,-2.520323426536483780e+00
-3.348272729104570544e+01,-1.423707486001949007e+01,1.559431921721866177e+00
-3.345772729104567134e+01,-1.423507486001948052e+01,-2.346323426536481627e+00
-3.345372729104565224e+01,-1.423507486001950895e+01,-2.293323426536476362e+00
-3.344972729104554787e+01,-1.423407486001942601e+01,-2.223323426536470748e+00
-3.343072729104557084e+01,-1.422607486001945887e+01,-2.031323426536474130e+00
-3.341672729104544715e+01,-1.421507486001944187e+01,-1.927323426536474926e+00
-3.340272729104546556e+01,-1.420507486001942254e+01,-1.944323426536472610e+00
-3.339572729104546056e+01,-1.420007486001941999e+01,-1.944323426536469057e+00
-3.337972729104538416e+01,-1.418807486001936979e+01,2.066431921721881615e+00
-3.335272729104531209e+01,-1.417207486001934313e+01,-2.084323426536466961e+00
-3.334372729104518385e+01,-1.416807486001938798e+01,1.943431921721880729e+00
-3.333372729104522136e+01,-1.416307486001935700e+01,-2.154323426536467245e+00
-3.331572729104516384e+01,-1.415607486001937332e+01,1.839431921721877972e+00
-3.330672729104514929e+01,-1.415307486001933057e+01,-2.258323426536473555e+00
-3.328772729104503014e+01,-1.414707486001933745e+01,1.839431921721874419e+00
-3.327672729104500604e+01,-1.414307486001933256e+01,-2.188323426536469718e+00
-3.325572729104510472e+01,-1.413307486001936297e+01,-2.066323426536470720e+00
-3.324672729104511859e+01,-1.412807486001939594e+01,-2.014323426536472894e+00
-3.318872729104515429e+01,-1.406007486001936968e+01,-1.455323426536469178e+00
-3.317972729104513974e+01,-1.404207486001936900e+01,-1.386323426536466563e+00
-3.317572729104512064e+01,-1.403407486001930948e+01,-1.403323426536468688e+00
-3.316772729104505402e+01,-1.401707486001929226e+01,-1.368323426536463217e+00
-3.316672729104507766e+01,-1.401207486001928970e+01,-1.351323426536458427e+00
-3.316572729104521500e+01,-1.401007486001930857e+01,-1.333323426536462186e+00
-3.316572729104521500e+01,-1.400907486001928248e+01,-1.316323426536461838e+00
-3.316572729104524342e+01,-1.400907486001926827e+01,-1.281323426536458143e+00
-3.316572729104530026e+01,-1.400907486001927538e+01,-1.263323426536461014e+00
-3.316572729104532868e+01,-1.400907486001929669e+01,-1.246323426536458001e+00
-3.316572729104544237e+01,-1.400907486001934643e+01,-1.211323426536454306e+00
-3.316572729104544237e+01,-1.400907486001933222e+01,-1.211323426536457859e+00
-3.316572729104547079e+01,-1.400907486001930380e+01,-1.176323426536455941e+00
-3.316572729104538553e+01,-1.400907486001928959e+01,-1.159323426536458257e+00
-3.316572729104524342e+01,-1.400907486001926117e+01,-1.141323426536457575e+00
-3.316572729104527184e+01,-1.400907486001924696e+01,-1.106323426536460985e+00
-3.316572729104527184e+01,-1.400907486001925406e+01,-1.089323426536461525e+00
-3.316572729104527184e+01,-1.400907486001924696e+01,-1.071323426536460843e+00
-3.316572729104527184e+01,-1.400907486001925406e+01,-1.037323426536461923e+00
-3.316572729104527184e+01,-1.400907486001924696e+01,-1.019323426536461241e+00
-3.316572729104518658e+01,-1.400907486001925406e+01,-1.002323426536463558e+00
-3.316572729104512973e+01,-1.400907486001924696e+01,-9.673234265364634155e-01
-3.316572729104493078e+01,-1.400907486001925406e+01,-9.673234265364616391e-01
-3.316572729104484551e+01,-1.400907486001919011e+01,3.095431921721888635e+00
-3.316572729104500183e+01,-1.400907486001915458e+01,3.095431921721885971e+00
-3.316572729104487394e+01,-1.400907486001914037e+01,-9.673234265364661910e-01
-3.316572729104481709e+01,-1.400907486001911906e+01,-9.673234265364687445e-01
-3.316572729104476025e+01,-1.400907486001912616e+01,-9.673234265364705209e-01
-3.316572729104461814e+01,-1.400907486001915458e+01,-9.673234265364687445e-01
-3.316572729104456130e+01,-1.400907486001914037e+01,-9.673234265364705209e-01
-3.316572729104453288e+01,-1.400907486001909064e+01,-9.673234265364722972e-01
-3.316572729104441919e+01,-1.400907486001907643e+01,-9.673234265364705209e-01
-3.316572729104441919e+01,-1.400907486001905511e+01,-9.673234265364669682e-01
-3.316572729104436235e+01,-1.400907486001903379e+01,-9.843234265364646518e-01
-3.316572729104441919e+01,-1.400907486001904090e+01,-9.843234265364628754e-01
-3.316572729104436235e+01,-1.400907486001906932e+01,-9.843234265364646518e-01
-3.316572729104439077e+01,-1.400907486001899827e+01,-9.843234265364646518e-01
-3.316572729104436235e+01,-1.400907486001905511e+01,-9.843234265364646518e-01
-3.316572729104439077e+01,-1.400907486001906221e+01,-9.843234265364610991e-01
-3.316572729104436235e+01,-1.400907486001906221e+01,3.078431921721885622e+00
-3.316572729104441919e+01,-1.400907486001904090e+01,3.078431921721891840e+00
-3.316572729104444761e+01,-1.400907486001904090e+01,-9.843234265364657620e-01
-3.316572729104441919e+01,-1.400907486001904090e+01,-9.843234265364628754e-01
-3.316572729104447603e+01,-1.400907486001895563e+01,-9.843234265364646518e-01
-3.316572729104436235e+01,-1.400907486001892721e+01,-9.843234265364628754e-01
-3.316572729104436235e+01,-1.400907486001894142e+01,-9.843234265364628754e-01
-3.316572729104436235e+01,-1.400907486001887747e+01,-9.843234265364628754e-01
-3.316572729104439077e+01,-1.400907486001884195e+01,-9.843234265364610991e-01
-3.316572729104433392e+01,-1.400907486001885616e+01,-9.843234265364628754e-01
-3.316572729104433392e+01,-1.400907486001884905e+01,-9.843234265364628754e-01
-3.316572729104436235e+01,-1.400907486001882063e+01,-9.843234265364610991e-01
-3.316572729104441919e+01,-1.400907486001880642e+01,-9.843234265364556590e-01
-3.316572729104444761e+01,-1.400907486001878510e+01,-9.843234265364575464e-01
-3.316572729104444761e+01,-1.400907486001876379e+01,-9.843234265364575464e-01
-3.316572729104444761e+01,-1.400907486001877089e+01,-9.843234265364556590e-01
-3.316572729104444761e+01,-1.400907486001873536e+01,3.078431921721892728e+00
-3.316572729104449024e+01,-1.400907486001875668e+01,3.078431921721886511e+00
-3.316572729104447603e+01,-1.400907486001871405e+01,-9.843234265364620983e-01
-3.316572729104433392e+01,-1.400907486001875668e+01,-9.843234265364628754e-01
-3.316572729104439077e+01,-1.400907486001871405e+01,-9.843234265364646518e-01
-3.316572729104439077e+01,-1.400907486001872826e+01,-9.843234265364628754e-01
-3.316572729104439077e+01,-1.400907486001869273e+01,-9.843234265364628754e-01
-3.316572729104441919e+01,-1.400907486001865010e+01,-9.843234265364593227e-01
-3.316572729104430550e+01,-1.400907486001857905e+01,-9.843234265364593227e-01
-3.316572729104433392e+01,-1.400907486001860747e+01,-9.843234265364610991e-01
-3.316572729104436235e+01,-1.400907486001859326e+01,-9.843234265364628754e-01
-3.316572729104433392e+01,-1.400907486001860036e+01,-9.843234265364610991e-01
-3.316572729104441919e+01,-1.400907486001854352e+01,-9.843234265364593227e-01
-3.316572729104433392e+01,-1.400907486001856483e+01,-9.843234265364593227e-01
-3.316572729104441919e+01,-1.400907486001855773e+01,-9.843234265364556590e-01
-3.316572729104444761e+01,-1.400907486001852931e+01,-9.843234265364575464e-01
-3.316572729104439077e+01,-1.400907486001853641e+01,3.078431921721885622e+00
-3.316572729104433392e+01,-1.400907486001852931e+01,3.078431921721890063e+00
-3.316572729104441919e+01,-1.400907486001853641e+01,-9.843234265364620983e-01
-3.316572729104436235e+01,-1.400907486001853641e+01,-9.843234265364610991e-01
-3.316572729104433392e+01,-1.400907486001850799e+01,-9.843234265364593227e-01
-3.316572729104439077e+01,-1.400907486001848667e+01,-9.843234265364628754e-01
-3.316572729104439077e+01,-1.400907486001846536e+01,-9.843234265364610991e-01
-3.316572729104436235e+01,-1.400907486001844404e+01,-9.843234265364610991e-01
-3.316572729104433392e+01,-1.400907486001840141e+01,-9.843234265364575464e-01
-3.316572729104439077e+01,-1.400907486001838720e+01,-9.843234265364539937e-01
-3.316572729104436235e+01,-1.400907486001833036e+01,-9.843234265364522173e-01
-3.316572729104433392e+01,-1.400907486001835167e+01,-9.843234265364486646e-01
-3.316572729104439077e+01,-1.400907486001837299e+01,-9.843234265364468882e-01
-3.316572729104433392e+01,-1.400907486001836588e+01,-9.843234265364486646e-01
-3.316572729104439077e+01,-1.400907486001836588e+01,-9.843234265364433355e-01
-3.316572729104436235e+01,-1.400907486001836588e+01,-9.843234265364468882e-01
-3.316572729104436235e+01,-1.400907486001833746e+01,3.078431921721899833e+00
-3.316572729104424866e+01,-1.400907486001833036e+01,3.078431921721900721e+00
-3.316572729104416339e+01,-1.400907486001835167e+01,-9.843234265364551039e-01
-3.316572729104410655e+01,-1.400907486001831614e+01,-9.843234265364575464e-01
-3.316572729104413497e+01,-1.400907486001830193e+01,-9.843234265364575464e-01
-3.316572729104404971e+01,-1.400907486001828062e+01,-9.843234265364539937e-01
-3.316572729104404971e+01,-1.400907486001825930e+01,-9.843234265364539937e-01
-3.316572729104399286e+01,-1.400907486001820956e+01,-9.843234265364522173e-01
-3.316572729104396444e+01,-1.400907486001819535e+01,-9.843234265364504409e-01
-3.316572729104390760e+01,-1.400907486001814561e+01,-9.843234265364486646e-01
-3.316572729104387918e+01,-1.400907486001815982e+01,-9.843234265364486646e-01
-3.316572729104382233e+01,-1.400907486001818825e+01,-9.843234265364468882e-01
-3.316572729104382233e+01,-1.400907486001817404e+01,-9.843234265364486646e-01
-3.316572729104376549e+01,-1.400907486001812430e+01,-9.843234265364451119e-01
-3.316572729104379391e+01,-1.400907486001813851e+01,-9.843234265364433355e-01
-3.316572729104387918e+01,-1.400907486001811009e+01,-9.843234265364451119e-01
-3.316572729104379391e+01,-1.400907486001811719e+01,3.078431921721903386e+00
-3.316572729104375128e+01,-1.400907486001807456e+01,3.078431921721891840e+00
-3.316572729104373707e+01,-1.400907486001807456e+01,-9.843234265364693147e-01
-3.316572729104373707e+01,-1.400907486001810298e+01,-9.843234265364682045e-01
-3.316572729104370865e+01,-1.400907486001806035e+01,-9.843234265364663171e-01
-3.316572729104368022e+01,-1.400907486001808167e+01,-9.843234265364663171e-01
-3.316572729104370865e+01,-1.400907486001804614e+01,-9.843234265364663171e-01
-3.316572729104365180e+01,-1.400907486001802482e+01,-9.843234265364682045e-01
-3.316572729104362338e+01,-1.400907486001791824e+01,-9.843234265364682045e-01
-3.316572729104362338e+01,-1.400907486001790403e+01,-9.843234265364663171e-01
-3.316572729104362338e+01,-1.400907486001784719e+01,-9.843234265364646518e-01
-3.316572729104365180e+01,-1.400907486001778324e+01,-9.843234265364610991e-01
-3.316572729104365180e+01,-1.400907486001780455e+01,-9.843234265364610991e-01
-3.316572729104365180e+01,-1.400907486001782587e+01,-9.843234265364610991e-01
-3.316572729104370865e+01,-1.400907486001773350e+01,-9.843234265364593227e-01
-3.316572729104370865e+01,-1.400907486001774060e+01,-9.843234265364593227e-01
-3.316572729104362338e+01,-1.400907486001774060e+01,3.078431921721885622e+00
-3.316572729104358075e+01,-1.400907486001773350e+01,3.078431921721891840e+00
-3.316572729104356654e+01,-1.400907486001768376e+01,-9.843234265364551039e-01
-3.316572729104348127e+01,-1.400907486001764113e+01,-9.843234265364575464e-01
-3.316572729104336759e+01,-1.400907486001768376e+01,-9.843234265364575464e-01
-3.316572729104336759e+01,-1.400907486001761271e+01,-9.843234265364556590e-01
-3.316572729104342443e+01,-1.400907486001752744e+01,-9.843234265364556590e-01
-3.316572729104348127e+01,-1.400907486001752744e+01,-9.843234265364539937e-01
-3.316572729104336759e+01,-1.400907486001752744e+01,-9.843234265364504409e-01
-3.316572729104333916e+01,-1.400907486001749902e+01,-9.843234265364486646e-01
-3.316572729104333916e+01,-1.400907486001745639e+01,-9.843234265364451119e-01
-3.316572729104328232e+01,-1.400907486001747060e+01,-9.843234265364433355e-01
-3.316572729104325390e+01,-1.400907486001749191e+01,-9.843234265364415592e-01
-3.316572729104322548e+01,-1.400907486001751323e+01,-9.843234265364380065e-01
-3.316572729104308337e+01,-1.400907486001744928e+01,-9.843234265364380065e-01
-3.316572729104302653e+01,-1.400907486001744218e+01,-9.843234265364397828e-01
-3.316572729104311179e+01,-1.400907486001741376e+01,3.078431921721906939e+00
-3.316572729104306916e+01,-1.400907486001744928e+01,3.078431921721897169e+00
-3.316572729104305495e+01,-1.400907486001744218e+01,-9.843234265364373403e-01
-3.316572729104305495e+01,-1.400907486001741376e+01,-9.843234265364362301e-01
-3.316572729104302653e+01,-1.400907486001742797e+01,-9.843234265364344537e-01
-3.316572729104305495e+01,-1.400907486001736402e+01,-9.843234265364309010e-01
-3.316572729104299810e+01,-1.400907486001738533e+01,-9.843234265364309010e-01
-3.316572729104296968e+01,-1.400907486001737823e+01,-9.843234265364326774e-01
-3.316572729104285600e+01,-1.400907486001741376e+01,-9.843234265364309010e-01
-3.316572729104279915e+01,-1.400907486001748481e+01,-9.843234265364309010e-01
-3.316572729104262862e+01,-1.400907486001742797e+01,-9.843234265364309010e-01
-3.316572729104260020e+01,-1.400907486001742086e+01,-9.843234265364326774e-01
-3.316572729104254336e+01,-1.400907486001742086e+01,-9.843234265364292357e-01
-3.316572729104240125e+01,-1.400907486001744928e+01,-9.843234265364309010e-01
-3.316572729104242967e+01,-1.400907486001741376e+01,-9.843234265364292357e-01
-3.316572729104248651e+01,-1.400907486001737112e+01,-9.843234265364309010e-01
-3.316572729104248651e+01,-1.400907486001730007e+01,3.078431921721906939e+00
-3.316572729104242967e+01,-1.400907486001727875e+01,3.078431921721898945e+00
-3.316572729104240125e+01,-1.400907486001721480e+01,-9.843234265364479985e-01
-3.316572729104251493e+01,-1.400907486001718638e+01,-9.843234265364468882e-01
-3.316572729104245809e+01,-1.400907486001713664e+01,-9.843234265364468882e-01
-3.316572729104251493e+01,-1.400907486001710112e+01,-9.843234265364468882e-01
-3.316572729104245809e+01,-1.400907486001705138e+01,-9.843234265364433355e-01
-3.316572729104240125e+01,-1.400907486001704427e+01,-9.843234265364415592e-01
-3.316572729104251493e+01,-1.400907486001698743e+01,-9.843234265364415592e-01
-3.316572729104242967e+01,-1.400907486001692348e+01,-9.843234265364362301e-01
-3.316572729104242967e+01,-1.400907486001694480e+01,-9.843234265364344537e-01
-3.316572729104242967e+01,-1.400907486001693769e+01,-9.843234265364344537e-01
-3.316572729104240125e+01,-1.400907486001688085e+01,-9.843234265364344537e-01
-3.316572729104245809e+01,-1.400907486001681690e+01,-9.843234265364326774e-01
-3.316572729104248651e+01,-1.400907486001683822e+01,-9.843234265364326774e-01
-3.316572729104254336e+01,-1.400907486001680269e+01,-9.843234265364292357e-01
-3.316572729104242967e+01,-1.400907486001678848e+01,3.078431921721917597e+00
-3.316572729104241546e+01,-1.400907486001679558e+01,3.078431921721923814e+00
-3.316572729104228756e+01,-1.400907486001676716e+01,-9.843234265364336766e-01
-3.316572729104217387e+01,-1.400907486001674584e+01,-9.843234265364326774e-01
-3.316572729104220230e+01,-1.400907486001672453e+01,-9.843234265364309010e-01
-3.316572729104214545e+01,-1.400907486001673163e+01,-9.843234265364309010e-01
-3.316572729104217387e+01,-1.400907486001670321e+01,-9.843234265364326774e-01
-3.316572729104223072e+01,-1.400907486001673874e+01,-9.843234265364292357e-01
-3.316572729104225914e+01,-1.400907486001678137e+01,-9.843234265364309010e-01
-3.316572729104220230e+01,-1.400907486001676716e+01,-9.843234265364309010e-01
-3.316572729104208861e+01,-1.400907486001674584e+01,-9.843234265364309010e-01
-3.316572729104217387e+01,-1.400907486001672453e+01,-9.843234265364292357e-01
-3.316572729104211703e+01,-1.400907486001678848e+01,-9.843234265364326774e-01
-3.316572729104208861e+01,-1.400907486001679558e+01,-9.843234265364292357e-01
-3.316572729104214545e+01,-1.400907486001679558e+01,-9.843234265364273483e-01
-3.316572729104214545e+01,-1.400907486001679558e+01,-9.843234265364255720e-01
-3.316572729104208861e+01,-1.400907486001676716e+01,3.078431921721921150e+00
-3.316572729104211703e+01,-1.400907486001673874e+01,3.078431921721918485e+00
-3.316572729104208861e+01,-1.400907486001680979e+01,-9.843234265364407820e-01
-3.316572729104208861e+01,-1.400907486001676006e+01,-9.843234265364397828e-01
-3.316572729104217387e+01,-1.400907486001674584e+01,-9.843234265364415592e-01
-3.316572729104220230e+01,-1.400907486001672453e+01,-9.843234265364415592e-01
-3.316572729104208861e+01,-1.400907486001673163e+01,-9.843234265364380065e-01
-3.316572729104214545e+01,-1.400907486001673163e+01,-9.843234265364380065e-01
-3.316572729104208861e+01,-1.400907486001667479e+01,-9.843234265364362301e-01
-3.316572729104211703e+01,-1.400907486001666769e+01,-9.843234265364344537e-01
-3.316572729104211703e+01,-1.400907486001663926e+01,-9.843234265364344537e-01
-3.316572729104214545e+01,-1.400907486001658953e+01,-9.843234265364326774e-01
-3.316572729104208861e+01,-1.400907486001652558e+01,-9.843234265364309010e-01
-3.316572729104208861e+01,-1.400907486001649005e+01,-9.843234265364344537e-01
-3.316572729104208861e+01,-1.400907486001644742e+01,-9.843234265364362301e-01
-3.316572729104211703e+01,-1.400907486001649005e+01,-9.843234265364362301e-01
-3.316572729104217387e+01,-1.400907486001650426e+01,3.078431921721910491e+00
-3.316572729104211703e+01,-1.400907486001653979e+01,3.078431921721898945e+00
-3.316572729104214545e+01,-1.400907486001653979e+01,-9.843234265364551039e-01
-3.316572729104211703e+01,-1.400907486001653979e+01,-9.843234265364575464e-01
-3.316572729104211703e+01,-1.400907486001653979e+01,-9.843234265364575464e-01
-3.316572729104217387e+01,-1.400907486001653979e+01,-9.843234265364556590e-01
-3.316572729104211703e+01,-1.400907486001653979e+01,-9.843234265364575464e-01
-3.316572729104214545e+01,-1.400907486001653979e+01,-9.843234265364575464e-01
-3.316572729104206019e+01,-1.400907486001656821e+01,-9.843234265364575464e-01
-3.316572729104203177e+01,-1.400907486001656110e+01,-9.843234265364556590e-01
-3.316572729104203177e+01,-1.400907486001653268e+01,-9.843234265364539937e-01
-3.316572729104203177e+01,-1.400907486001654689e+01,-9.843234265364539937e-01
-3.316572729104194650e+01,-1.400907486001656821e+01,-9.843234265364539937e-01
-3.316572729104188966e+01,-1.400907486001653268e+01,-9.843234265364522173e-01
-3.316572729104177597e+01,-1.400907486001654689e+01,-9.843234265364468882e-01
-3.316572729104180439e+01,-1.400907486001653979e+01,-9.843234265364486646e-01
-3.316572729104183281e+01,-1.400907486001656821e+01,3.078431921721899833e+00
-3.316572729104181860e+01,-1.400907486001656821e+01,3.078431921721897169e+00
-3.316572729104180439e+01,-1.400907486001661795e+01,-9.843234265364479985e-01
-3.316572729104174755e+01,-1.400907486001659663e+01,-9.843234265364468882e-01
-3.316572729104186124e+01,-1.400907486001660374e+01,-9.843234265364504409e-01
-3.316572729104197492e+01,-1.400907486001657531e+01,-9.843234265364504409e-01
-3.316572729104188966e+01,-1.400907486001661084e+01,-9.843234265364504409e-01
-3.316572729104174755e+01,-1.400907486001666058e+01,-9.843234265364486646e-01
-3.316572729104183281e+01,-1.400907486001666769e+01,-9.843234265364433355e-01
-3.316572729104177597e+01,-1.400907486001669611e+01,-9.843234265364451119e-01
-3.316572729104177597e+01,-1.400907486001668190e+01,-9.843234265364415592e-01
-3.316572729104180439e+01,-1.400907486001663216e+01,-9.843234265364397828e-01
-3.316572729104177597e+01,-1.400907486001662505e+01,-9.843234265364380065e-01
-3.316572729104177597e+01,-1.400907486001665347e+01,-9.843234265364380065e-01
-3.316572729104180439e+01,-1.400907486001664637e+01,-9.843234265364362301e-01
-3.316572729104180439e+01,-1.400907486001664637e+01,-9.843234265364344537e-01
-3.316572729104183281e+01,-1.400907486001661795e+01,3.078431921721914044e+00
-3.316572729104180439e+01,-1.400907486001665347e+01,3.078431921721918485e+00
-3.316572729104174755e+01,-1.400907486001664637e+01,-9.843234265364336766e-01
-3.316572729104183281e+01,-1.400907486001664637e+01,-9.843234265364309010e-01
-3.316572729104186124e+01,-1.400907486001661795e+01,-9.843234265364309010e-01
-3.316572729104177597e+01,-1.400907486001656821e+01,-9.843234265364309010e-01
-3.316572729104174755e+01,-1.400907486001653268e+01,-9.843234265364292357e-01
-3.316572729104186124e+01,-1.400907486001649005e+01,-9.843234265364326774e-01
-3.316572729104191808e+01,-1.400907486001647584e+01,-9.843234265364326774e-01
-3.316572729104183281e+01,-1.400907486001647584e+01,-9.843234265364309010e-01
-3.316572729104174755e+01,-1.400907486001644742e+01,-9.843234265364344537e-01
-3.316572729104180439e+01,-1.400907486001646163e+01,-9.843234265364292357e-01
-3.316572729104183281e+01,-1.400907486001639768e+01,-9.843234265364273483e-01
-3.316572729104188966e+01,-1.400907486001639057e+01,-9.843234265364292357e-01
-3.316572729104174755e+01,-1.400907486001634084e+01,-9.843234265364273483e-01
-3.316572729104180439e+01,-1.400907486001635505e+01,-9.843234265364292357e-01
-3.316572729104174755e+01,-1.400907486001631952e+01,3.078431921721914044e+00
-3.316572729104169071e+01,-1.400907486001631241e+01,3.078431921721914932e+00
-3.316572729104163386e+01,-1.400907486001631241e+01,-9.843234265364266822e-01
-3.316572729104152017e+01,-1.400907486001634084e+01,-9.843234265364255720e-01
-3.316572729104146333e+01,-1.400907486001635505e+01,-9.843234265364220192e-01
-3.316572729104157702e+01,-1.400907486001629110e+01,-9.843234265364220192e-01
-3.316572729104149175e+01,-1.400907486001626268e+01,-9.843234265364184665e-01
-3.316572729104157702e+01,-1.400907486001621294e+01,-9.843234265364166902e-01
-3.316572729104154860e+01,-1.400907486001622715e+01,-9.843234265364149138e-01
-3.316572729104152017e+01,-1.400907486001617031e+01,-9.843234265364095847e-01
-3.316572729104137807e+01,-1.400907486001613478e+01,-9.843234265364078084e-01
-3.316572729104134964e+01,-1.400907486001611346e+01,-9.843234265364078084e-01
-3.316572729104134964e+01,-1.400907486001606372e+01,-9.843234265364078084e-01
-3.316572729104132122e+01,-1.400907486001599977e+01,-9.843234265364042557e-01
-3.316572729104123596e+01,-1.400907486001596425e+01,-9.843234265364024793e-01
-3.316572729104117911e+01,-1.400907486001589319e+01,-9.843234265364007030e-01
-3.316572729104123596e+01,-1.400907486001588609e+01,3.078431921721946019e+00
-3.316572729104125017e+01,-1.400907486001585767e+01,3.078431921721943354e+00
-3.316572729104123596e+01,-1.400907486001584346e+01,-9.843234265363981494e-01
-3.316572729104117911e+01,-1.400907486001582214e+01,-9.843234265363953739e-01
-3.316572729104123596e+01,-1.400907486001577240e+01,-9.843234265363953739e-01
-3.316572729104126438e+01,-1.400907486001570135e+01,-9.843234265363953739e-01
-3.316572729104120754e+01,-1.400907486001575819e+01,-9.843234265363989266e-01
-3.316572729104126438e+01,-1.400907486001573687e+01,-9.843234265363971502e-01
