3.807000000000000028e+01,-1.951999999999999957e+01,0.000000000000000000e+00
3.774688856435149376e+01,-1.951248689823043136e+01,1.759447569652506482e+00
3.769929306302347527e+01,-1.949927558585407894e+01,1.942846366208919484e+00
3.764516582618588103e+01,-1.950324171357715031e+01,2.353775084076267454e+00
3.761274374024212364e+01,-1.951294536755293052e+01,-2.715814828895074751e+00
3.758647303668979589e+01,-1.952394637109029318e+01,-2.331028186604788832e-02
3.755617039702653415e+01,-1.951662001617770414e+01,-1.718706969103750204e+00
3.753248993165489367e+01,-1.953350085119567581e+01,-1.337242693578968966e+00
3.752125569781313175e+01,-1.953659579005104163e+01,-1.844868421441248629e-01
3.750131834498161254e+01,-1.954061573406855956e+01,2.873783237194348139e+00
3.748618338925454196e+01,-1.954718073515974908e+01,1.069499859622908389e+00
3.748250697897699979e+01,-1.947921610593286346e+01,1.051795463796557639e+00
3.746271108213411338e+01,-1.931384750966106623e+01,-1.867163897593750121e+00
3.744120868156758064e+01,-1.919224194240020864e+01,2.851255779478078178e+00
3.740851430040787307e+01,-1.905613579850934514e+01,1.376901694853297942e+00
3.727985179373948199e+01,-1.890321498115795151e+01,1.012973456251649251e+00
3.723902196651482654e+01,-1.876560674846965071e+01,-2.756174637117861703e+00
3.717878468707601058e+01,-1.866535079454451562e+01,-2.945829859541119422e+00
3.700383436367820877e+01,-1.862903806982971844e+01,2.151165297815282873e+00
3.692175216707697416e+01,-1.851426023116786368e+01,-1.392368717162249525e-01
3.683090722172549647e+01,-1.843248974252309935e+01,3.051579139385718342e+00
3.678983530322221895e+01,-1.827363721592135803e+01,-1.045264529502049733e+00
3.676284661232350714e+01,-1.816384991895717249e+01,1.929257501941096686e+00
3.672677148260214608e+01,-1.799626165011271439e+01,-2.038799367137368979e+00
3.670676175111010053e+01,-1.787732405497455801e+01,-3.067816808131742068e+00
3.668570330069320562e+01,-1.774292644493365145e+01,7.848829167488842184e-01
3.666867950878230431e+01,-1.760339396215247731e+01,2.942774070629745609e+00
3.665967288012502934e+01,-1.751784892957150674e+01,3.038934739604325141e+00
3.665072913297575496e+01,-1.738557282608095278e+01,-9.412313046022343643e-01
3.664074956779216308e+01,-1.726938006351650756e+01,3.049386897647470285e+00
3.662569749342456049e+01,-1.710889307890709077e+01,8.320758170935570464e-01
3.661372772495815298e+01,-1.699080162953193351e+01,2.270075123880126000e+00
3.659767132341393392e+01,-1.685134668190195129e+01,-1.935215740506637916e+00
3.658568050931546622e+01,-1.672452532367545786e+01,1.893341149498644294e+00
3.657067718228682907e+01,-1.658854187662979029e+01,8.755754698351618792e-01
3.655673172395066217e+01,-1.644215592420624006e+01,3.102394788629695421e-01
3.654470981476728042e+01,-1.631052143651053399e+01,3.091490641172095710e+00
3.652675106159897211e+01,-1.612521808404513024e+01,2.452004378376773985e+00
3.651471081048416778e+01,-1.599359709118702710e+01,2.751336085660697761e-01
3.650272457933798620e+01,-1.586928974045799912e+01,2.462382327252440550e+00
3.648875400469729158e+01,-1.572549665931200202e+01,2.963902290277158791e+00
3.647477867864262180e+01,-1.559028585013589918e+01,9.303837585701274504e-02
3.645879614674867497e+01,-1.543174058890843980e+01,1.180778967705782501e+00
3.644688418016160369e+01,-1.530369858471838995e+01,-8.137976796396748647e-01
3.643286154493945617e+01,-1.516266863517082442e+01,1.451048887087297956e+00
3.641892916268530200e+01,-1.500944034677235450e+01,-1.902722859462923521e+00
3.640690874603043170e+01,-1.487265766107370979e+01,1.230606673799371276e+00
3.639294700549078243e+01,-1.472554303803473275e+01,1.514941977710394738e+00
3.637894474576948767e+01,-1.457683843265099810e+01,-2.337326240769312502e+00
3.636789094995186389e+01,-1.444940809355459876e+01,4.647938326630824957e-01
3.636030839756105593e+01,-1.430775027099929098e+01,6.929514692680236454e-01
3.635327756609160588e+01,-1.415776845252113247e+01,-2.169577931205018739e+00
3.634626336454020645e+01,-1.404402691496267508e+01,-6.802734603013775583e-02
3.633426289881894888e+01,-1.387593788447557941e+01,3.539897408569281367e-01
3.632005908317179177e+01,-1.374551659859402442e+01,-2.937651824216543694e+00
3.630802417776570223e+01,-1.361913116833810555e+01,-8.556710612920638281e-01
3.629360670316825122e+01,-1.350289767409569919e+01,5.837105225979206669e-01
3.628216581418297437e+01,-1.336692227776058139e+01,-5.493968989810502634e-01
3.627677685742795433e+01,-1.326551531822403263e+01,2.815512282647599562e+00
3.627593132426358125e+01,-1.313294201161565766e+01,-2.977054739482829948e+00
3.626996649083319824e+01,-1.298721941614365250e+01,-2.336803056636866494e+00
3.625684013099791514e+01,-1.289776241561876091e+01,-1.083379366142913414e+00
3.623935786819397720e+01,-1.279947285476349883e+01,2.035394846676084502e+00
3.621574770883264449e+01,-1.268335562690649887e+01,1.521471024161449304e-01
3.619190977238979912e+01,-1.259120359300247038e+01,-4.723071438850600656e-01
3.616093017852705316e+01,-1.249488795131569674e+01,1.812844412521115833e+00
3.609965534260437892e+01,-1.231440219178746887e+01,2.529675697530200829e+00
3.606255929823764461e+01,-1.222964568516325379e+01,-1.943302661855355717e+00
3.602815118175501397e+01,-1.212464378953125177e+01,-2.186156394313434781e+00
3.597522692996865601e+01,-1.198133378922536352e+01,-2.255009805022724301e+00
3.593905019995524697e+01,-1.191702722194169084e+01,2.756844586250628559e+00
3.588360623833622753e+01,-1.180951639657260799e+01,-1.118468296985135169e+00
3.583436583083076954e+01,-1.176231492998522654e+01,-1.783082564420595872e+00
3.577780047778534822e+01,-1.167026285808965902e+01,2.253516947368104706e+00
3.568913370371284799e+01,-1.158367718155619741e+01,3.000158142440182640e+00
3.561738610341401312e+01,-1.153226915635883643e+01,-2.771555326696189869e+00
3.550300462043760064e+01,-1.141285566884706171e+01,2.902359833123632882e+00
3.542450140584664098e+01,-1.136187314784412727e+01,-1.381466405080917559e+00
3.531533968536922430e+01,-1.127263413811236603e+01,2.533741935121985644e+00
3.524561568225682606e+01,-1.121999981531063639e+01,-2.413803634095138317e+00
3.516069493461171191e+01,-1.117264145630768013e+01,-1.489383247267568988e+00
3.501257093020137035e+01,-1.110552526143738383e+01,2.061910389940993404e+00
3.493942407506420977e+01,-1.109730277455884995e+01,2.463315569503330416e+00
3.481818587296960743e+01,-1.104839381319817626e+01,1.396051777332705468e+00
3.472170247545092536e+01,-1.103498586126000269e+01,-2.901181584156253823e+00
3.460985734319187657e+01,-1.098631218987265967e+01,2.865031357405726453e+00
3.449532108012459730e+01,-1.093919512898184365e+01,-1.797872769298828777e+00
3.436164040067541947e+01,-1.089592410184224747e+01,2.752551758025636897e+00
3.426065780078677392e+01,-1.086124653653562078e+01,6.540936166964158582e-01
3.413938449334720815e+01,-1.080934754760304983e+01,-1.902010825308014130e+00
3.401268894480097060e+01,-1.081481079688127878e+01,-2.460175693753538617e+00
3.386273232929264054e+01,-1.079459507451892719e+01,3.082333304962471932e+00
3.372993321890400154e+01,-1.077910603907579912e+01,2.705118235761858170e+00
3.361601230084077940e+01,-1.079873628744166680e+01,-3.032892231056370513e-01
3.350159406713392940e+01,-1.078410654421487536e+01,6.254066534061510918e-01
3.336513675855452732e+01,-1.076132168704496905e+01,-9.060042042303222409e-01
3.322663466896150908e+01,-1.076084986545350120e+01,-2.028485704880617302e+00
3.308522326407589276e+01,-1.077181313985273547e+01,-1.863301412152605030e+00
3.296651187734612876e+01,-1.077944449872045496e+01,4.620448862209191043e-01
3.280676521968554482e+01,-1.080095365815948227e+01,-1.071263192374292350e+00
3.266718508479055316e+01,-1.082471699223880890e+01,2.645892532349379891e-02
3.252756633294709587e+01,-1.086643088333772056e+01,6.706254149420042276e-01
3.238701770397277357e+01,-1.089755102283012889e+01,2.154296990867221151e+00
3.224927369821764955e+01,-1.091913938461429900e+01,-2.355480939888549674e+00
3.212892988061610566e+01,-1.094006827530514059e+01,1.836468241169769033e+00
3.198550694639758518e+01,-1.098795704615864466e+01,1.591360882827362877e+00
3.184503347032063658e+01,-1.102520204842106111e+01,2.043590214723117970e+00
3.168474574341669125e+01,-1.106135057843149561e+01,4.965479233751251553e-01
3.150281970208557780e+01,-1.113411458616162975e+01,-2.165028157551637911e+00
3.138411628459625291e+01,-1.117941985826716333e+01,-3.055670301944729328e+00
3.124099274715604579e+01,-1.123623436796370711e+01,-1.375971385465480479e+00
3.112030567515213875e+01,-1.131123271111710160e+01,2.628110785068368038e+00
3.093720536275977651e+01,-1.141059261006349779e+01,-5.024139188821291624e-01
3.079424761339566174e+01,-1.153487706636521537e+01,-1.131768395072782818e+00
3.067626900065003426e+01,-1.163204030339086970e+01,-2.358434246958457603e+00
3.051258986174657650e+01,-1.174652790965753724e+01,8.277413691814735630e-01
3.036553350656746986e+01,-1.181549964713373058e+01,-1.109322486384262119e+00
3.021810366886488808e+01,-1.187011953647322926e+01,1.523847230524057794e+00
3.010415224169951642e+01,-1.191432564511004877e+01,-2.667492038967290036e+00
2.998064196020016681e+01,-1.198750911049142331e+01,9.985079178578830372e-02
2.985088466285278486e+01,-1.209765683512553913e+01,1.172275294801145007e+00
2.976094828340111320e+01,-1.219046899511820925e+01,-1.487865480333941059e+00
2.965688537062501950e+01,-1.229010629363851770e+01,-2.322400316444665602e+00
2.954591585034869894e+01,-1.240990354727447453e+01,1.827840997088975961e+00
2.954395920073889670e+01,-1.241191558898682956e+01,8.714898010434968256e-01
2.954091193337916366e+01,-1.243551359062745831e+01,-2.581635589997272051e-01
2.950477845279722544e+01,-1.253700426118932043e+01,1.260716093024909501e+00
2.861468240455801748e+01,-1.294352364048691051e+01,7.995681077978159523e-01
2.734964517231457037e+01,-1.330669777005193311e+01,-2.998879102717451950e+00
2.721369033427058781e+01,-1.336339082762834352e+01,2.672042632773209636e+00
2.707378241910481620e+01,-1.341830547117951866e+01,-1.053403391074241524e+00
2.695381536534240396e+01,-1.345113374456723676e+01,1.718592173569010173e-01
2.681386512522633581e+01,-1.349535194875550559e+01,2.208273785030705483e+00
2.669682390208965472e+01,-1.353893265792376255e+01,-1.225722986410375137e+00
2.658381280682608860e+01,-1.357743936401393192e+01,-1.954669756185579699e-01
2.644590461737971054e+01,-1.361803842187385882e+01,1.489164598319653532e+00
2.628590767770636205e+01,-1.366151246240322337e+01,-2.055875456337084461e+00
2.612797087949524411e+01,-1.370891309487094389e+01,1.952527552070994155e+00
2.600795665599693152e+01,-1.374980427200482680e+01,1.744695395780089919e+00
2.587088225927978158e+01,-1.379720926152458560e+01,-2.452048147781178411e+00
2.575282593389832897e+01,-1.384256316660104247e+01,9.056020991803195863e-02
2.561384830398296586e+01,-1.389357682648384618e+01,1.964795380737770492e+00
2.547383875097418837e+01,-1.393823014510805969e+01,2.345511781260495976e+00
2.533589106291820059e+01,-1.398880677841232512e+01,2.564316388961817239e+00
2.521590545797433691e+01,-1.402652709262187614e+01,1.668377484507773234e+00
2.507990618920918635e+01,-1.406373166603080804e+01,2.986616028391577693e+00
2.492287498357915965e+01,-1.411082243735686781e+01,2.999927630952418323e+00
2.478292454578359383e+01,-1.415354955733251963e+01,-2.641993886599036223e+00
2.464297577047056365e+01,-1.420383289247713776e+01,2.612272199375138104e+00
2.450294986071694936e+01,-1.425203935259079202e+01,2.564062695015319804e+00
2.436496329852969467e+01,-1.430475616211079348e+01,1.555540998093310590e+00
2.424499255792155594e+01,-1.434083086364546133e+01,2.367538406060031075e+00
2.410499777066321059e+01,-1.438963560979675727e+01,-1.360434505645771175e-01
2.396496958861530402e+01,-1.444464253136519361e+01,-2.740149391301581083e+00
2.384499647295053393e+01,-1.450008770658430635e+01,-1.077718591912464552e+00
2.366503306227297543e+01,-1.455762410488965486e+01,1.041093661354538513e+00
2.354403292151126337e+01,-1.459709989897670823e+01,1.332081505458223125e+00
2.340402159413122263e+01,-1.464477987024651462e+01,5.833870544485293408e-01
2.328407268593553070e+01,-1.470355810462169543e+01,2.047385976465453616e+00
2.314405334082628229e+01,-1.474700371592923176e+01,3.135266674670496023e+00
2.300406585699736439e+01,-1.479916065003498105e+01,-3.118479893807108549e+00
2.286409355014467337e+01,-1.485948567649318619e+01,-1.996580983416076371e-01
2.272414139658725318e+01,-1.491022955532159955e+01,-1.843456736150740793e+00
2.260420793659468686e+01,-1.495581089736783653e+01,-1.474375497197909279e+00
2.246418826124310186e+01,-1.501196900997038952e+01,8.197028821674816612e-01
2.234420590031713516e+01,-1.506214063236063083e+01,4.186106941784181745e-01
2.222422237562818381e+01,-1.510072172072194618e+01,-3.408001994017467173e-01
2.204424550647659586e+01,-1.515383134928159947e+01,-3.020561046536232030e+00
2.190424371474197329e+01,-1.521517163310802623e+01,2.204511543225613490e+00
2.178426822972985732e+01,-1.525751267307821024e+01,1.771600318929622331e+00
2.166424081867478435e+01,-1.530771071364553393e+01,1.506873899799776151e+00
2.150422779670085305e+01,-1.536297166895922572e+01,9.770079026213023266e-01
2.138433001242680831e+01,-1.540922944463384248e+01,5.785151227351750247e-01
2.124438324771224273e+01,-1.545756440836673029e+01,4.122737195420805856e-02
2.108440418762494772e+01,-1.551579409726317849e+01,2.482789023534922812e+00
2.096443291768069983e+01,-1.555831329782207462e+01,-1.795428567736804926e+00
2.076447906587084091e+01,-1.562444099279316845e+01,1.505159440974540797e+00
2.062754757486616697e+01,-1.567723173774317047e+01,2.735601716212088252e+00
2.051153366948499723e+01,-1.571383415784526960e+01,3.101796791870842451e+00
2.037352540064836859e+01,-1.576111822482850044e+01,1.890140592903099659e+00
2.023455652382206793e+01,-1.581923842851589157e+01,-2.225699097646000268e+00
2.009755963396542455e+01,-1.586699490499714393e+01,-2.569139288764306972e+00
1.998263370455311971e+01,-1.590434748077024096e+01,-2.957885999809464206e+00
1.982261021970512616e+01,-1.596504076290242047e+01,2.089665808264546953e+00
1.968260010299144369e+01,-1.601142219712961534e+01,-1.696046230778898156e+00
1.956257002288541003e+01,-1.606673607470999698e+01,-2.293640263936611856e-01
1.942249904392919291e+01,-1.610751245578765634e+01,2.713064825970572524e+00
1.928257790155316442e+01,-1.615472431424714017e+01,-2.587374588945660747e+00
1.916258709202565669e+01,-1.619619995806723267e+01,2.298796853097366366e+00
1.900264995544991109e+01,-1.625001456012471124e+01,-2.265882387210903737e+00
1.888272984762106788e+01,-1.628904270905528051e+01,1.302224394397596630e+00
1.876469346397920646e+01,-1.633369083060944149e+01,-2.314688087421404195e+00
1.863169602008105130e+01,-1.638618743294702540e+01,-1.716443774366097852e+00
1.849172285433694185e+01,-1.643825399963576217e+01,3.139220569263391436e+00
1.823168587804184426e+01,-1.653513743619625842e+01,-3.810486295106998988e-01
1.805172177999728689e+01,-1.660180998153782639e+01,1.027524611148636913e+00
1.793171615162642141e+01,-1.664935131611450458e+01,3.804707677866968063e-01
1.779176489521665161e+01,-1.670902332367951004e+01,-1.496365455295966429e+00
1.767180745589645596e+01,-1.673646526703512905e+01,-8.657615597870580437e-01
1.751484639402983845e+01,-1.679209844914281291e+01,9.332549843691946290e-01
1.739779370776910383e+01,-1.684118370018930477e+01,3.090094277312389170e+00
1.725779480850287939e+01,-1.690029016911019966e+01,3.097264512523103530e+00
1.711773671829870125e+01,-1.695163158747395826e+01,-1.501983864612386865e+00
1.699769948971858469e+01,-1.698368289533058118e+01,-2.775466714420286252e+00
1.686663848982993130e+01,-1.703053656410144612e+01,-2.032688242764315589e+00
1.676761199452092654e+01,-1.706567183275790356e+01,-3.700968598424828615e-01
1.662868418799378389e+01,-1.710349109009305124e+01,7.475714077586366191e-01
1.649076272413253363e+01,-1.714306395664113225e+01,-2.645762581139156744e+00
1.637273804164469482e+01,-1.717499033837833622e+01,4.758991293119300275e-02
1.621569417304840854e+01,-1.722298122495338291e+01,1.178516134610781529e+00
1.608167686370779492e+01,-1.725410284524062376e+01,1.914111999222301908e+00
1.596162803198963154e+01,-1.729265954460270294e+01,-2.021461218488706635e+00
1.580168052762179798e+01,-1.734725500594436198e+01,-1.466768428700817806e+00
1.568163485698855020e+01,-1.738990549886391079e+01,-9.723468470239932104e-01
1.556165111958795677e+01,-1.742804990895903927e+01,1.385724837041771185e+00
1.542166829913334958e+01,-1.747832066292126996e+01,-1.617423262920061111e+00
1.528165306571667870e+01,-1.752442401757580726e+01,-2.886277096705538003e+00
1.514766489066863642e+01,-1.757069604253909034e+01,1.060134252855363668e+00
1.503355566013858180e+01,-1.762337426440562993e+01,1.872626452731170676e+00
1.485347345325425295e+01,-1.768826478004016067e+01,-3.085915052597640873e+00
1.473643943414640489e+01,-1.772894700997593986e+01,2.661734289081516103e+00
1.459644398935911980e+01,-1.777563677308951995e+01,1.204604116692200577e+00
1.448246435267511600e+01,-1.781685914319579567e+01,2.485023456801762176e+00
1.432446334579313607e+01,-1.787043424303454486e+01,1.470192189791111659e+00
1.420548836279286675e+01,-1.791586107836749164e+01,-2.997862365137293317e+00
1.406551761905225106e+01,-1.795411220953558029e+01,-1.474462361443759972e+00
1.392551938041083304e+01,-1.799979207311440632e+01,-7.052451729907218692e-01
1.374557297505924325e+01,-1.807063787139076538e+01,-1.664803273024724861e+00
1.363157829347327166e+01,-1.811215921912952354e+01,4.878072891639378267e-02
1.351457170573575084e+01,-1.815797360563711038e+01,-1.753581866691650504e+00
1.335545241232837022e+01,-1.822285058480665398e+01,3.574718251684873283e-02
1.323738324200125760e+01,-1.827011245093097003e+01,-1.360825159482923929e+00
1.309840349612284882e+01,-1.832318703086925638e+01,-1.561315792607198771e+00
1.296041021221039813e+01,-1.838134853877022934e+01,2.086416541711813899e+00
1.286774101695263361e+01,-1.841364482426457982e+01,-2.830014860980074154e+00
1.279498478882633883e+01,-1.841588068933332423e+01,-1.678341352904438422e+00
1.267336096358274666e+01,-1.797734700163095312e+01,-1.672417108416079046e+00
1.248316724275849765e+01,-1.793086282645877105e+01,-5.393040754535075587e-01
1.234189972240725197e+01,-1.784186169251496068e+01,1.795860471207500142e+00
1.220367523358583561e+01,-1.770107339200434993e+01,1.976671017853007806e-01
1.207190412596706253e+01,-1.758859426828445294e+01,-2.363226125222230856e+00
1.195952741601917424e+01,-1.747757389541642326e+01,-3.015697356843721533e+00
1.180738997193095585e+01,-1.741194162919730104e+01,-1.078556070765884223e-01
1.169259680032862292e+01,-1.738494827543002685e+01,2.679943709296958687e+00
1.155124180749644935e+01,-1.737381927062447673e+01,-3.026827216004456922e+00
1.143656558914401167e+01,-1.739678647854720595e+01,2.513117343136833881e+00
1.130410577281578099e+01,-1.738820185224480852e+01,-1.925096025295748969e+00
1.116936595176774816e+01,-1.736377329157659233e+01,-2.109792735202165481e+00
1.105220411766197230e+01,-1.734613087894062744e+01,9.572169467071381943e-01
1.087594177033476051e+01,-1.734241759728235266e+01,-3.144988664304266268e-01
1.076207487652030181e+01,-1.734981110034100027e+01,2.190104034728898863e-01
1.062418458233156571e+01,-1.735291637124537090e+01,2.763732434579306396e+00
1.051128196952788940e+01,-1.735451006957114117e+01,-2.240353317176354331e+00
1.037547747358186356e+01,-1.735822318547851495e+01,1.055680376094895179e+00
1.024377446282467474e+01,-1.734367607848807680e+01,-1.775205817383036067e+00
1.012798329219991444e+01,-1.735117027076806551e+01,-4.602541224745149845e-02
9.998563898290900198e+00,-1.735286177234528182e+01,-1.104352963498256734e+00
9.882711365265066661e+00,-1.735299845419121212e+01,-2.662656102852664741e+00
9.770129011797205720e+00,-1.734819039360861481e+01,2.840286905505869264e+00
9.640299256213497259e+00,-1.735480288337084431e+01,2.111667712775835426e+00
9.504040608122949152e+00,-1.734839534125177352e+01,-6.572385779289988683e-01
9.370155719163223651e+00,-1.735302825277212335e+01,2.348789747954610763e-01
9.257034102194172220e+00,-1.734768285596283732e+01,-2.905918943678254873e+00
9.120871800221920012e+00,-1.735457281353451719e+01,-2.571023963875439744e+00
8.987275752514904070e+00,-1.734948077619672091e+01,-2.990023452029143325e+00
8.841323061310855991e+00,-1.734928880025953291e+01,-8.889300021285196918e-01
8.744516591966613461e+00,-1.734727271210395827e+01,-2.987457036093621454e+00
8.624028787104881744e+00,-1.734562355426316316e+01,-1.873975885199262725e+00
8.521681602148834855e+00,-1.734895444034165735e+01,-2.184705965532947491e+00
8.418372139235373197e+00,-1.734900795929729966e+01,-2.009480300720112744e+00
8.281149811441961717e+00,-1.735731912257890031e+01,2.166968045350255778e+00
8.164959755306441025e+00,-1.734913851117732975e+01,-1.136218552157168604e+00
8.030225103129771114e+00,-1.735327684648591884e+01,-2.064495246087523217e+00
7.913539021493916081e+00,-1.735287047228906943e+01,1.949788757075919809e+00
7.782795652304043799e+00,-1.735340574286001925e+01,-1.334435945190542316e+00
7.648070557555392668e+00,-1.735167238137785262e+01,-3.021310230438854383e+00
7.513550137684525509e+00,-1.735813943914567403e+01,-2.616127175714027864e+00
7.362668867351266577e+00,-1.735652768916552446e+01,-2.891266549134593244e+00
7.251353727559481044e+00,-1.735087211631791249e+01,-1.457231387606285677e+00
7.118757825134901296e+00,-1.735751098378222679e+01,-1.603046040964897001e+00
6.987118261492410554e+00,-1.735612321602734198e+01,-3.077964780791566213e+00
6.856229429004303988e+00,-1.736344823773428203e+01,1.468189548299877467e+00
6.726399068211913246e+00,-1.735566305483707339e+01,-9.820882313687083753e-01
6.614037588857410555e+00,-1.735206411595239473e+01,1.495137973583712254e+00
6.458849884896824989e+00,-1.735049108305096155e+01,8.341069072666290607e-01
6.367698071848648667e+00,-1.735919659136325421e+01,-3.997846154586126022e-01
6.215205832802682906e+00,-1.735214393048464387e+01,2.949633340541832904e+00
6.104257368586883281e+00,-1.735597067273310756e+01,1.089805340598534622e+00
5.988018417624178191e+00,-1.735157213958646594e+01,2.172449882375634633e+00
5.840347154553138687e+00,-1.735909297886227520e+01,-2.480182357397286541e+00
5.703061691922930443e+00,-1.736957040622128190e+01,2.026816996479341437e+00
5.610648334598764109e+00,-1.736735154098385081e+01,2.654972165433520548e+00
5.524766432935291682e+00,-1.735385842218579455e+01,-1.044497985041344945e+00
5.434178727801752373e+00,-1.734299642630140070e+01,-1.189570603035310231e-01
5.324172329906150303e+00,-1.722968140319171937e+01,4.863911503050469820e-01
5.205924980669984770e+00,-1.716056345063590172e+01,4.734837443106245658e-01
5.103601228251542388e+00,-1.708445996022324209e+01,5.870386058055291345e-01
4.983913660750287633e+00,-1.690627169551883213e+01,5.690972666261883139e-01
4.861076627629184799e+00,-1.681644059875503672e+01,5.636389118431183176e-01
4.752769198303196774e+00,-1.672164291201539044e+01,5.656511859490276350e-01
4.627315778794335976e+00,-1.647834965741760271e+01,6.761848321381263016e-01
4.503251333470855045e+00,-1.631175379491415711e+01,6.447669159975589759e-01
4.372418165808586110e+00,-1.621055923051899583e+01,9.800717328401034045e-01
4.257688884718201727e+00,-1.614656826874085027e+01,-2.385059488258688631e+00
4.099097467233286274e+00,-1.637694843719270210e+01,-2.509448219134553515e+00
3.957856158500245414e+00,-1.679813336541981172e+01,-2.303341823986817971e+00
3.838308913879157291e+00,-1.677626699020868983e+01,-2.276534543480523975e+00
3.677549048764214845e+00,-1.675030166955234989e+01,-2.273326199132191583e+00
3.556699898353532063e+00,-1.673648907207886793e+01,-2.243824155626376271e+00
3.377748362193059961e+00,-1.697336525876286117e+01,-2.076280174493221775e+00
3.255906208818696967e+00,-1.709412612129367304e+01,-2.434591579075460199e+00
3.115211822621192894e+00,-1.714637054096021274e+01,-2.481483015505090872e+00
3.051887959670014361e+00,-1.720480257880663899e+01,-2.498713844604768752e+00
3.052428680186922705e+00,-1.725274928405929131e+01,-2.508008365365187675e+00
2.962224566553204319e+00,-1.717884253245765080e+01,-2.502031461361214237e+00
2.859291806879175724e+00,-1.712268667664381994e+01,-1.975597417281969026e+00
2.717236807425108758e+00,-1.700076515581156045e+01,-1.893344322960224924e+00
2.629302750009689937e+00,-1.692661914335385376e+01,-2.125640615330781191e+00
2.532301100261495019e+00,-1.683844679929162780e+01,-2.483022872113449964e+00
2.441276746508697748e+00,-1.676087458717184475e+01,-7.025612843309136935e-01
2.350397556756159911e+00,-1.672036987278388409e+01,-1.279147285815647628e+00
2.259584791893875177e+00,-1.667781168447313789e+01,-1.265243336178800249e+00
2.185812701843019124e+00,-1.664474359622251143e+01,1.264202824580323847e-01
2.089907999006627826e+00,-1.661119951095177072e+01,-9.625542832857780784e-01
2.020842299954172194e+00,-1.660691888735316368e+01,-2.662872135469914081e+00
1.932856083432281880e+00,-1.657505365987092461e+01,-2.032739946365706096e+00
1.870001327756928067e+00,-1.656256414420954215e+01,-2.135722786635423809e+00
1.799902150037469228e+00,-1.655227556248830467e+01,2.039125558952417094e+00
1.730777565817338104e+00,-1.654257903262474372e+01,-1.588745961019541575e+00
1.684625425556879996e+00,-1.654196341372467316e+01,-6.657110018224886572e-01
1.625768691692548229e+00,-1.655643523382117621e+01,-2.293287276953007492e+00
1.566587375443098562e+00,-1.653702873638094673e+01,3.708867123098313900e-01
1.510647830303027739e+00,-1.653136182567327950e+01,1.347594092658081166e+00
1.452442607517783202e+00,-1.652598514916882522e+01,9.142386958467630942e-01
1.396110008561151528e+00,-1.650526647446904960e+01,-7.884722226586452498e-01
1.337010942448955575e+00,-1.649813705001528064e+01,-2.282350195526768599e-01
1.286217100055536466e+00,-1.651014824634972911e+01,8.928699413835581300e-01
1.226306246328769944e+00,-1.649554581721874058e+01,-1.489279403682368663e+00
1.173490421769390224e+00,-1.649428550523523995e+01,-2.059378837420794639e+00
1.104455634847426815e+00,-1.648766281673688283e+01,-3.695544339675078949e-02
1.051346366593441051e+00,-1.650490780272491875e+01,6.586381001089792742e-01
9.904047593213873846e-01,-1.649133229674216494e+01,1.786582335661125009e+00
9.294053014865990558e-01,-1.649047763641549835e+01,-2.734458455109183284e+00
8.884690790265933336e-01,-1.651951705534753856e+01,-2.892281401168056210e+00
8.179762098422806993e-01,-1.650956796704644347e+01,-2.921598012241991782e+00
7.700729464800069035e-01,-1.653469123395788287e+01,-2.509713137054156551e+00
7.099384155841128585e-01,-1.652648917954071806e+01,1.890727160573925758e+00
6.578970046380632208e-01,-1.652024650076641166e+01,5.936626975162591080e-01
5.965819492832717952e-01,-1.651646890255271671e+01,-1.543996647669895861e+00
5.351038890395551917e-01,-1.649483037865930868e+01,-6.499309183291450687e-01
4.807357351386015165e-01,-1.650014297299759392e+01,-2.413103846368624072e+00
4.172550300902863052e-01,-1.650461095446006965e+01,1.680030709603229644e+00
3.544969520455389933e-01,-1.649177610767329938e+01,2.857476753688974025e+00
2.911353924112531910e-01,-1.649046505722013478e+01,3.837406021429112801e-01
2.397560949063586300e-01,-1.647860661716221387e+01,2.943045904143676283e-02
1.867135149491787605e-01,-1.646372694707149265e+01,2.392586478748441881e+00
1.047364949028133929e-01,-1.646278329686546726e+01,2.217801381243051928e+00
5.577381583014370120e-02,-1.646850161839057591e+01,-3.543749632280014938e-01
1.598515609643273803e-03,-1.647908373151396333e+01,-4.679784221126851995e-01
-5.862854580023299511e-02,-1.647185410815268369e+01,-2.481965026950210707e+00
-1.206191227132990262e-01,-1.647271042690328358e+01,2.785569864166601572e+00
-1.769907777844262897e-01,-1.647280119572744184e+01,1.765240829741716588e+00
-2.464412520431026044e-01,-1.645874587954537560e+01,-5.427487380764726144e-01
-3.145210421732859141e-01,-1.645025911483729431e+01,-2.526203478989053064e+00
-3.745661418242774987e-01,-1.645735593373001393e+01,9.300558843030852785e-01
-4.443299300508385952e-01,-1.647575724109379181e+01,-1.504724506266677198e+00
-5.142782974831738851e-01,-1.648311838641084748e+01,-2.213958525559996282e+00
-5.832300257575733227e-01,-1.648445922723971790e+01,-1.469968803537155200e+00
-6.631184772634488578e-01,-1.650912682738957926e+01,1.982788369087226776e+00
-7.333777295418024700e-01,-1.653851528092091883e+01,-1.944053815851525258e+00
-7.933709396248564971e-01,-1.655652334716342011e+01,2.156663112678159244e+00
-8.592685188286729447e-01,-1.655758003663680000e+01,-2.444994553123271075e+00
-9.272970966824488626e-01,-1.655139244003623133e+01,-6.874516170140000382e-01
-9.854142008138511155e-01,-1.653388725256728264e+01,2.212572992118449211e-01
-1.053354923318447600e+00,-1.654819069913917318e+01,1.409403282593443274e+00
-1.120443961414375966e+00,-1.655703448229198216e+01,1.204798486707329586e+00
-1.187615788550386631e+00,-1.653496209557677332e+01,8.744292154767560055e-01
-1.245629261045016811e+00,-1.653773949304416391e+01,1.321840582280776166e+00
-1.312477928435930696e+00,-1.651192122895069048e+01,2.102575245628652834e+00
-1.380786908458037754e+00,-1.651369155732569283e+01,4.733744233203724949e-01
-1.454856924539377427e+00,-1.650560108689518302e+01,-4.198793086855514001e-01
-1.519751606045864456e+00,-1.651365363725439295e+01,5.762847372875825602e-01
-1.589752447615921049e+00,-1.650135888548834373e+01,2.064581817395430841e-01
-1.659660215659647609e+00,-1.648251099508529904e+01,-2.208180934772950188e+00
-1.722587863582655476e+00,-1.649216145901050368e+01,-1.323682012200291469e+00
-1.799257796981799551e+00,-1.648963803527457728e+01,1.725013136627149946e+00
-1.879947836548740092e+00,-1.650151915623139587e+01,1.823108656619143453e+00
-1.963661898711721143e+00,-1.650871534736718615e+01,2.697948443333496815e+00
-2.035387466286673330e+00,-1.652141261421598983e+01,5.786810359603674625e-01
-2.108098758417738861e+00,-1.654202744065974784e+01,-1.067636346142029291e+00
-2.198964016765309282e+00,-1.652151684692351097e+01,1.941984485451930587e+00
-2.313725773360203242e+00,-1.648925224472673889e+01,1.997795324460232003e+00
-2.385676001796287693e+00,-1.650095692106004464e+01,-2.530854563167123317e+00
-2.469747185299539627e+00,-1.651312456766190806e+01,7.064509560747310735e-01
-2.539717241788716606e+00,-1.649472282518413024e+01,-1.991232194677748479e+00
-2.629880617697783585e+00,-1.649906618706134864e+01,-3.636708544139395927e-01
-2.696122294949302223e+00,-1.649803507291128568e+01,-1.016015472000409425e-01
-2.770010507730788607e+00,-1.648595826755375526e+01,2.132699738472544571e+00
-2.829959842230728384e+00,-1.647846355263543217e+01,6.455083299972361743e-01
-2.888919024189938511e+00,-1.648427169624978461e+01,-2.057225883833407654e+00
-2.962077475427172146e+00,-1.648363311042801627e+01,7.490759974206107064e-01
-3.015958450371487576e+00,-1.647856860386445987e+01,-8.767281289391629651e-01
-3.078037778696441684e+00,-1.634403061703172710e+01,-9.877452890779824246e-01
-3.125936390339091098e+00,-1.622387889097412028e+01,-5.300593966022789649e-01
-3.199999718863976383e+00,-1.605424097448971565e+01,8.111254722048925059e-01
-3.253799842590369806e+00,-1.641913181976413227e+01,-1.776326212929874582e-01
-3.318813043617642844e+00,-1.645341115169669877e+01,-8.603593452717815948e-01
-3.382904008036948795e+00,-1.645002685554741362e+01,-1.640681982774490288e+00
-3.438872154303971751e+00,-1.645531865653850900e+01,1.814651238602646433e-02
-3.506658248442329651e+00,-1.645846489921248690e+01,1.358538080023039774e+00
-3.563072353363445188e+00,-1.646289473853748575e+01,2.580254410969565204e-01
-3.641143694166370182e+00,-1.646250243957270953e+01,-1.561186467954594814e+00
-3.698915584831791392e+00,-1.649012128215648687e+01,9.713594108748846434e-01
-3.766023272119868537e+00,-1.647916694209098409e+01,2.369306264328940426e+00
-3.823424510956239697e+00,-1.649409371099316957e+01,-4.702213027482851082e-01
-3.890005268988278697e+00,-1.647088052538792624e+01,2.949247910417244434e+00
-3.976766600078419422e+00,-1.643931997617248442e+01,2.086261003527379199e+00
-4.034614911825668671e+00,-1.644241111996674931e+01,-2.582153622537436188e+00
-4.102632499543507727e+00,-1.644594884323494810e+01,1.671959019020258008e+00
-4.168984815186336235e+00,-1.644512853348494730e+01,-1.427175751754040933e-01
-4.231027617739574254e+00,-1.613379666587535510e+01,-1.521497693536335349e+00
-4.301000907724390032e+00,-1.537406117924962246e+01,-1.036005115377353514e+00
-4.359265398306312989e+00,-1.521088447579287006e+01,-1.080731484501685546e+00
-4.428919024279718286e+00,-1.517760061733913624e+01,-1.089188822828789815e+00
-4.499133727691515539e+00,-1.518067298631740059e+01,-1.085393091008287625e+00
-4.569746438658241594e+00,-1.507131918299107376e+01,-9.538162678555159868e-01
-4.629728714486486041e+00,-1.503897367709724264e+01,-1.001743887544321199e+00
-4.709672474649845952e+00,-1.496193324243519562e+01,-1.003574430720381994e+00
-4.778921650867381743e+00,-1.502969034719003716e+01,-1.040320108354834350e+00
-4.838858334309742659e+00,-1.505759587244308406e+01,-1.039422154715521573e+00
-4.908210965210889398e+00,-1.506986639568498632e+01,-1.085097313598535340e+00
-4.978231662845753469e+00,-1.503841854830981717e+01,-1.099743631563024904e+00
-5.049664571312723282e+00,-1.499795574038400403e+01,-1.122882845241887972e+00
-5.110908098864815230e+00,-1.501925410310611753e+01,-1.085854729024027909e+00
-5.180368870641686385e+00,-1.500509367886275669e+01,-1.078492477787710957e+00
-5.250526027670817442e+00,-1.502999206020139056e+01,-1.088387909073506243e+00
-5.310385453464697925e+00,-1.508192071213156460e+01,-1.240424535617245638e+00
-5.380357641358114229e+00,-1.510518785755933635e+01,-1.250149327907979169e+00
-5.440686314584941563e+00,-1.509615729806064621e+01,-1.350187049280813678e+00
-5.530165878289055037e+00,-1.503583653806962417e+01,-1.435504000798630386e+00
-5.589820362938337617e+00,-1.501205634799592303e+01,-1.514697727611061362e+00
-5.660028083759986117e+00,-1.499288830982215259e+01,-1.602918979763308549e+00
-5.730122997792582495e+00,-1.500217956395841945e+01,-1.686689347663811844e+00
-5.773832967609827449e+00,-1.497617987621460500e+01,-1.643705718425170215e+00
-5.849984264794555244e+00,-1.496496484526519843e+01,-1.824515701077966012e+00
-5.909707634245325636e+00,-1.496745683542248528e+01,-1.760798036694326330e+00
-5.969664256253755852e+00,-1.485285795757704541e+01,-1.485381083385135748e+00
-6.045748051224657971e+00,-1.471420977353830395e+01,-2.017683589851845483e+00
-6.122744301356382479e+00,-1.458426424590437698e+01,-2.098021460797272031e+00
-6.199695635631789159e+00,-1.445995910070769241e+01,-7.271977539559857373e-01
-6.287774732368266228e+00,-1.430662438024029548e+01,-2.121790816810413816e+00
-6.364714190478299116e+00,-1.418026422680112475e+01,-2.043474676410943935e+00
-6.441733086932600827e+00,-1.406787262601791433e+01,3.736938654772662960e-01
-6.518809043145975757e+00,-1.392850744621812353e+01,-2.685679311482989107e+00
-6.584800391087949123e+00,-1.382127588729672141e+01,2.151890396562279761e+00
-6.672810273674102177e+00,-1.367891920945384143e+01,1.933242805542993992e+00
-6.738728262278284475e+00,-1.357977994014068912e+01,2.694105567589311967e+00
-6.793746957924792440e+00,-1.348991515961866838e+01,2.451040525056660258e+00
-6.881821398286343872e+00,-1.334755916326570180e+01,-1.402160599352696435e-01
-6.947767959902893864e+00,-1.324610367148024892e+01,-2.215665671543513238e+00
-7.024758105430626287e+00,-1.312929513322624331e+01,-2.074789112482095632e+00
-7.090772224812580404e+00,-1.301918166219838469e+01,4.862633226640376560e-01
-7.190766222435508226e+00,-1.285012218922225991e+01,-1.297647528229588509e+00
-7.267782925123290383e+00,-1.272125173943407361e+01,7.931052564183532771e-01
-7.333827540089141728e+00,-1.262259335342533184e+01,-1.085749966325427529e+00
-7.410831226654275738e+00,-1.250258849020185714e+01,1.983401169490198956e+00
-7.476766335990133072e+00,-1.241581788999511993e+01,3.896440563384228617e-01
-7.564782439208837417e+00,-1.225389422363707226e+01,2.653527260143242472e+00
-7.630753691239204883e+00,-1.214498255937245297e+01,1.004025228558672378e+00
-7.707763942122511480e+00,-1.202394523862959019e+01,2.427907827752368686e+00
-7.773837242721902463e+00,-1.191388901541035139e+01,-2.404022315725970138e+00
-7.850860727714349174e+00,-1.179074687713719527e+01,2.889535194706709387e+00
-7.927782853442526978e+00,-1.166584080900616627e+01,2.016048559563501819e+00
-7.993816884557518598e+00,-1.155688867189271285e+01,8.252545270390374554e-01
-8.092798737764223205e+00,-1.139294489172738700e+01,4.764159604680139881e-01
-8.191846723196146485e+00,-1.123466222938339776e+01,-1.097641815862981485e+00
-8.268814518802335201e+00,-1.110494332067140810e+01,-7.037218122488979599e-01
-8.334824669739131053e+00,-1.099725181593731449e+01,-8.694458835759885096e-01
-8.411843053377076274e+00,-1.086212533801641733e+01,3.128274076385744173e+00
-8.496860388885593807e+00,-1.071564077593612119e+01,5.118660509849568552e-01
-8.551842062108093501e+00,-1.062977631096849329e+01,2.265654319733004574e+00
-8.627886164717752493e+00,-1.050065710774647521e+01,3.633442955712553601e-01
-8.691878206969313680e+00,-1.040087732886834360e+01,3.229762636572569012e-01
-8.788016197581326239e+00,-1.026085292485693401e+01,-1.149429918709247850e-01
-8.854045702171893240e+00,-1.015580233512964980e+01,-2.410987541283025060e+00
-8.947091324694682157e+00,-1.001316535686339648e+01,-1.350605584433457462e+00
-9.017155054305433737e+00,-9.907048065521152580e+00,3.366620872466576930e-01
-9.089184035731587841e+00,-9.792747202928840267e+00,2.944009932588594225e+00
-9.173170944925912451e+00,-9.668360919332192438e+00,-2.339933429864727632e+00
-9.257190058139856959e+00,-9.541623419221622271e+00,-2.287548762736979491e+00
-9.341175517340230883e+00,-9.416999594856463318e+00,-2.890938300408987249e+00
-9.413152960600699615e+00,-9.299503730106765786e+00,2.655019970194979706e+00
-9.485116789280599647e+00,-9.196829465002718251e+00,-1.563458699299592691e+00
-9.569136534277808082e+00,-9.066026656722353749e+00,-2.374961404762454986e+00
-9.653188786121729592e+00,-8.933974128602670817e+00,2.276880342625366094e+00
-9.761241637834478624e+00,-8.775475765541504103e+00,3.112868843813904718e+00
-9.833257136493031680e+00,-8.662792257877825364e+00,-1.508012582288873471e+00
-9.929340324247613481e+00,-8.518177971667736159e+00,-1.952610666273881135e+00
-1.000130085328448359e+01,-8.423455096010620480e+00,2.894294165723160006e+00
-1.010925680086773326e+01,-8.263350561540807604e+00,2.225123415811853356e+00
-1.018124397312104534e+01,-8.157081884778662584e+00,2.746674330850617185e+00
-1.025329734167896234e+01,-8.056337621724836140e+00,1.335204198453613378e+00
-1.034828833931746672e+01,-7.918586353696440483e+00,1.765369823329002275e+00
-1.040033006580894437e+01,-7.838027553537586734e+00,9.236163550198651651e-01
-1.047739460202612349e+01,-7.707619845663108649e+00,1.121029431566556323e+00
-1.056641851914990404e+01,-7.561056799230374992e+00,1.968658181288226228e+00
-1.065540871991370864e+01,-7.406084574941767862e+00,2.446024766236718939e+00
-1.072137901210977162e+01,-7.303595801243240260e+00,2.890563193189013447e+00
-1.078736285799559269e+01,-7.194016317139483085e+00,-9.530459349682055548e-01
-1.086531884927618563e+01,-7.062562058732393844e+00,-3.038908599290340629e+00
-1.094230861661195497e+01,-6.935803831978932799e+00,-1.225474537579656631e-01
-1.101936062385153470e+01,-6.810942768714388862e+00,1.246833804935484208e-01
-1.109637200717689609e+01,-6.684513629835755033e+00,-1.476669278638905070e+00
-1.118433534942111507e+01,-6.554869316514698951e+00,1.522840592062643328e+00
-1.125029575389971725e+01,-6.439320098196660069e+00,-1.158144497161549991e+00
-1.133835485896094752e+01,-6.293077861124114492e+00,1.413882192612174071e+00
-1.140530614000921794e+01,-6.182707421383351942e+00,-2.992979533212882653e-02
-1.147528635350416515e+01,-6.078030540754664202e+00,2.737062150952189743e+00
-1.155828315696908604e+01,-5.950052123330191733e+00,-2.363176135014483314e+00
-1.162828522132742393e+01,-5.843334099075257804e+00,3.099576087720229189e+00
-1.171230532371629351e+01,-5.717683721455884438e+00,-7.052387885812509971e-01
-1.179526784194762534e+01,-5.583725996108284129e+00,2.679756494787236765e+00
-1.187928423595081995e+01,-5.452687219514817052e+00,7.868076834557713450e-01
-1.197531227537544574e+01,-5.297924908317574122e+00,2.000909706652788778e+00
-1.207131308867582931e+01,-5.164748448357591393e+00,-1.624012959827709102e+00
-1.214330124537359268e+01,-5.058092746691304598e+00,-1.526155663512366978e+00
-1.221525158645327380e+01,-4.954962705120631306e+00,5.696881356568426202e-01
-1.229926289914104132e+01,-4.818833518386909986e+00,1.661607960763460623e+00
-1.238227459728871338e+01,-4.696560787712070528e+00,-3.108343194083277083e+00
-1.246631972619512041e+01,-4.584451259173476956e+00,8.586497368757026738e-01
-1.252627723724522646e+01,-4.499763422590268291e+00,7.341097286714092229e-01
-1.262228229475500285e+01,-4.356142763996142087e+00,-1.579641457565111318e-01
-1.271824143810402497e+01,-4.205192697957214065e+00,5.234315804450557774e-01
-1.279025785662640047e+01,-4.093838091909402621e+00,-5.090828924799201127e-02
-1.285529920618385447e+01,-3.993198520128353302e+00,-6.474716442999277621e-01
-1.294322602685814871e+01,-3.852931439922979706e+00,2.042814157080355297e+00
-1.302122920360835501e+01,-3.726510280196781988e+00,-4.387451608126681224e-01
-1.308724886786803765e+01,-3.615926120550133405e+00,5.423971747210458716e-01
-1.316433578893012069e+01,-3.489011962082728679e+00,-1.570146622951481774e+00
-1.323534163854354162e+01,-3.374127874580989950e+00,-6.651551722352867513e-01
-1.329530143539983555e+01,-3.267849244709935874e+00,-4.356581675842998158e-01
-1.336328075728235376e+01,-3.150813724173403330e+00,-2.511949691547952668e+00
-1.342132545912485853e+01,-3.036890979275720603e+00,-3.029989743789592627e+00
-1.351536326825604206e+01,-2.850248234385257096e+00,-1.470506031295446325e+00
-1.357736550702773926e+01,-2.728036237675689257e+00,2.960271183166992337e+00
-1.365929654084465028e+01,-2.619793060355000591e+00,1.083547622730619331e+00
-1.373232089325012240e+01,-2.528679586512929234e+00,2.923923172913873270e+00
-1.384637081906249634e+01,-2.398569048564851425e+00,1.576508184453001560e+00
-1.393735886285698200e+01,-2.290898689367613095e+00,1.984612300689203135e+00
-1.401741577712604681e+01,-2.197506237199065016e+00,1.067058805080016715e+00
-1.411243354367496217e+01,-2.086790025477413657e+00,7.203578042911440438e-01
-1.419544229201490815e+01,-1.980850515712722970e+00,2.593155940439421325e+00
-1.430441019155560411e+01,-1.863375803948470466e+00,-2.437814992326553742e+00
-1.438248009596324550e+01,-1.774226106085348587e+00,-2.258192365645338651e+00
-1.447357754567183363e+01,-1.671464588562947551e+00,1.984744434952678604e+00
-1.456457888334465878e+01,-1.565296604805103131e+00,-2.306726588958706081e+00
-1.463857924453716919e+01,-1.460025669215513577e+00,1.733231167589706745e+00
-1.472767910479239362e+01,-1.342907635248783649e+00,-3.059349284174610162e+00
-1.480470237200205297e+01,-1.246033976790718256e+00,-8.979946464366486136e-01
-1.491867184876643826e+01,-1.108959302053563967e+00,-6.174154381293726068e-01
-1.499473366581099754e+01,-9.977996771483803595e-01,5.923906283408315598e-01
-1.508269260819932356e+01,-8.822822292537149114e-01,1.399446638536328003e+00
-1.517068300993270569e+01,-7.618313516904219318e-01,5.891177103041348451e-01
-1.524566613297925421e+01,-6.616564630760162213e-01,-7.050639436161547646e-01
-1.531169739123624574e+01,-5.584573599587638881e-01,-1.249867450553542314e+00
-1.538270543352601649e+01,-4.491285249480433395e-01,2.628042905252456318e+00
-1.547769100383740337e+01,-2.949607877012899171e-01,2.486353316744400299e+00
-1.554876021138429465e+01,-1.890171718774841525e-01,-1.311253339505104920e+00
-1.562082390869672999e+01,-9.548766278118311912e-02,1.206883157601903234e+00
-1.572682968377687551e+01,6.249123438530589103e-02,1.173822943422338394e+00
-1.579782491150121970e+01,1.648711301864580481e-01,1.894376306670676469e+00
-1.587582361699526246e+01,2.923587862701552131e-01,-1.912376507649300228e+00
-1.594190401874431728e+01,3.884381733025566996e-01,2.066710496896573268e+00
-1.602694948881943304e+01,5.293803000533852110e-01,4.970415486621901913e-01
-1.609294795000202782e+01,6.375790894988656587e-01,-5.712096542052246262e-01
-1.616998543505295771e+01,7.556887736538665523e-01,2.728455495517992269e+00
-1.625699755139431701e+01,8.915017784372454290e-01,2.560620953067087147e+00
-1.632897331884453962e+01,1.026266500362871259e+00,-1.815217211025406563e+00
-1.639197315415913181e+01,1.149829983933347233e+00,-2.059804641596731933e+00
-1.643700550107191916e+01,1.261124416190645192e+00,2.151805706461111800e+00
-1.646702151597560615e+01,1.366476842241640233e+00,6.379454146858291042e-01
-1.649396113829632782e+01,1.510087970719391492e+00,1.453960943776430925e+00
-1.650991694098123830e+01,1.645164554965528048e+00,1.917260194800400219e+00
-1.651192912041145533e+01,1.759399495637432587e+00,-1.695038599514784972e+00
-1.650392495429037965e+01,1.902710772273826345e+00,1.036344265520541486e+00
-1.648494401181975633e+01,2.044066961784653635e+00,1.108395658214715307e-01
-1.645895841878805754e+01,2.181197387095215490e+00,1.481008550272325586e+00
-1.642895112860541218e+01,2.333550351002711132e+00,-2.757775676897165074e+00
-1.640388587072160931e+01,2.454771918631727612e+00,-3.099101735647955103e+00
-1.636993997500495723e+01,2.602816745665532228e+00,7.905541677343926876e-01
-1.632193557346805690e+01,2.736504192993654438e+00,1.358263653766682566e+00
-1.626901227474504452e+01,2.844405128292090801e+00,-1.699290787734549779e-01
-1.619805574850636631e+01,2.961905736790575894e+00,-2.173490429520703149e+00
-1.611901369171362575e+01,3.075163225771166520e+00,1.297252429216795511e+00
-1.603305475660686596e+01,3.192483446674212466e+00,1.003622799605203175e+00
-1.593802041517255219e+01,3.323493318730891488e+00,-1.424349899149205401e+00
-1.588194919377427361e+01,3.410473336461662619e+00,1.905718691846233437e+00
-1.582791893111879133e+01,3.508925283039447507e+00,-2.899555556646680632e+00
-1.577582326718765415e+01,3.632916515831262405e+00,-1.048484191856505099e+00
-1.574078745540643531e+01,3.743811385742628062e+00,1.097319044774012209e+00
-1.570172237032173967e+01,3.914644840895888933e+00,1.387567148472439449e+00
-1.568579305875333141e+01,4.038405949341774104e+00,-2.503154948124711066e+00
-1.567678779640526443e+01,4.173265123915680164e+00,2.766261019232850504e+00
-1.567771943710486937e+01,4.311460454211321291e+00,-2.760045421108237029e+00
-1.568575522740470873e+01,4.430386611848746270e+00,2.813540708713067939e+00
-1.569981085056235770e+01,4.569584202177160215e+00,1.284144969691687788e+00
-1.571487121684913646e+01,4.716286462779478939e+00,2.456259333470482975e+00
-1.572690964968367666e+01,4.842013057954374311e+00,3.131275119932174889e+00
-1.574494442304624187e+01,5.046375823104053637e+00,1.293487171809506231e+00
-1.575691164097393582e+01,5.162477600722359838e+00,-1.053389218992118792e+00
-1.577289731569939946e+01,5.308022055252809679e+00,-1.549165266669405128e+00
-1.578286778179019834e+01,5.422250386095860186e+00,1.269739277734621474e+00
-1.578992531420273693e+01,5.573318190798649319e+00,3.093793232403029947e+00
-1.577995655274812847e+01,5.686469884794130181e+00,-2.482521329517464181e+00
-1.576691848370773563e+01,5.761410267986335043e+00,-3.086908062383888041e+00
-1.574000293044561438e+01,5.816393959030126126e+00,3.705709213025875082e-01
-1.571500306401715719e+01,5.877520762198322757e+00,3.254780914187497820e-01
-1.568204736717180836e+01,5.929112823207342231e+00,6.492892046679200613e-01
-1.564210267140818367e+01,5.980811499427854727e+00,-8.363738932163887752e-01
-1.563009471175582554e+01,6.009254750654404731e+00,-2.826915378617959274e+00
-1.562905024609358939e+01,6.004165297813402802e+00,-1.946695874847636176e+00
-1.562009794074973890e+01,6.055605926919159998e+00,-1.613627514834323540e+00
-1.559105650685657452e+01,6.120543036394701986e+00,-2.656137234711629436e+00
-1.556803395030182813e+01,6.156335433808367341e+00,2.350203041365562129e+00
-1.553206764715632460e+01,6.191104138007407443e+00,2.759563907736502397e+00
-1.553199402854037814e+01,6.178010289085534623e+00,1.766485383076398463e+00
-1.553198451982723682e+01,6.188275345472085576e+00,3.070887337736486700e+00
-1.553194880711528469e+01,6.183367789322682384e+00,-2.020224890534922046e+00
-1.553192233030745228e+01,6.187722298351744143e+00,1.888272282072783304e+00
-1.553192998472106190e+01,6.176678731098922626e+00,1.492773610796026773e+00
-1.553188982507539961e+01,6.175265748403445443e+00,-3.038022040285772718e-01
-1.553202235612667081e+01,6.186587878355351400e+00,2.724387430229575080e-01
-1.553198674481392061e+01,6.188933824152918817e+00,1.131943079515610018e+00
-1.553197678160668893e+01,6.195739916071683062e+00,2.633302276587807356e+00
-1.553199424474932400e+01,6.194806811957233705e+00,-1.941754370087607207e+00
-1.553201318769907147e+01,6.187067243978733977e+00,-2.246662717138375953e+00
-1.553208930436230872e+01,6.184793655440848248e+00,1.052233636005932838e-01
-1.553212373378124767e+01,6.181160685902419516e+00,-6.031316412877402167e-01
-1.553216612202447244e+01,6.182765898353661527e+00,-8.086253637176196163e-01
-1.553218679018334925e+01,6.186286007724246083e+00,9.816938809386138720e-01
-1.553210393977505532e+01,6.183748899595377324e+00,2.266922488380556100e+00
-1.553204413880005497e+01,6.178964321178754382e+00,-2.221899311354965434e+00
-1.553204114264088176e+01,6.184702397806766783e+00,-2.960186647203189025e+00
-1.553206087595251361e+01,6.188206357222501452e+00,1.312184230697676368e-01
-1.553205396200991828e+01,6.183020233197149551e+00,3.102283661522004632e+00
-1.553208104903285758e+01,6.175611246894726847e+00,9.417893700674325741e-01
-1.553205247240915909e+01,6.169688848132820702e+00,3.847084570732208775e-01
-1.553205071263860937e+01,6.171648502998662522e+00,-3.484439580020704530e-01
-1.553208840997123730e+01,6.178922465958057941e+00,-4.326935081424583274e-01
-1.553214033061002830e+01,6.186143704376422470e+00,-1.728703955701749617e+00
-1.553209734734223524e+01,6.191340899109361473e+00,-6.102990441104263336e-02
-1.553208895636593212e+01,6.187263113843782136e+00,-2.506629511504312458e+00
-1.553211157291923428e+01,6.181237330084128345e+00,1.406901925033073875e-01
-1.553216324372110435e+01,6.181037150756862886e+00,-2.164017693425973388e+00
-1.553217817386132893e+01,6.178295316337548471e+00,-1.048889066909600487e+00
-1.553223669637532822e+01,6.169962757192381630e+00,-6.741387655660738831e-01
-1.553215482680347392e+01,6.174586663835566647e+00,-3.012190904288201687e-01
-1.553211141562568010e+01,6.184215297896805907e+00,-1.259808422130932914e+00
-1.553207844320171382e+01,6.175896794839054849e+00,-2.911808266245590193e+00
-1.553206407394281996e+01,6.173769801469136453e+00,-1.395584200953634779e+00
-1.553206671145135687e+01,6.177006385510654951e+00,2.583504843316272392e+00
-1.553204815681347917e+01,6.185352566878565383e+00,-5.549835141049601628e-01
-1.553202253658474774e+01,6.189173429162694973e+00,8.092829891656020402e-01
-1.553209711142415372e+01,6.181491832702791456e+00,1.135604875827352034e+00
-1.553218791935415588e+01,6.184990997168473115e+00,2.817372717180068431e+00
-1.553218879802834707e+01,6.185568072915813786e+00,-3.300520578787904946e-02
-1.553218912917976269e+01,6.175799533477670522e+00,-7.911558574810365618e-01
-1.553216904634119544e+01,6.164030629781855453e+00,2.645039718677379081e+00
-1.553216950341311176e+01,6.160364430262317725e+00,-1.035893061819416427e+00
-1.553211019600956888e+01,6.159958025915447166e+00,-2.942446990480124480e+00
-1.553207660445485772e+01,6.158968794950151704e+00,1.824406370773244301e+00
-1.553210297691397557e+01,6.156539396880585713e+00,1.105018732343265447e-01
-1.553215214349897622e+01,6.160893848544276352e+00,-1.685118663357126456e+00
-1.553213475047107472e+01,6.167706636457920055e+00,-1.347696885679416479e+00
-1.553213158048680143e+01,6.162509422373226187e+00,-2.540407595625809201e+00
-1.553216190199011137e+01,6.160935597136296238e+00,1.968982928988424197e+00
-1.553215279274347260e+01,6.163853210046620568e+00,3.106720006135623269e+00
-1.553221361269756073e+01,6.165043587797510938e+00,2.275323117889684887e+00
-1.553221969431960758e+01,6.174822109554984451e+00,-4.487944283166758197e-01
-1.553223832467212162e+01,6.180108869680104533e+00,1.939856118632138138e+00
-1.553225505940792317e+01,6.180353689933591355e+00,1.263329013356322639e+00
-1.553228611556014727e+01,6.183220087558789935e+00,2.946890467181597195e+00
-1.553233953677763068e+01,6.187939640413856246e+00,-2.317545308868686149e+00
-1.553244268992979471e+01,6.194523600789525020e+00,1.516708792088953039e+00
-1.553239323985735609e+01,6.206401554022978218e+00,-5.318429295773693388e-01
-1.553234421317911185e+01,6.214855951169780290e+00,6.774794615505276285e-01
-1.553239458827305342e+01,6.215528976200550559e+00,2.043383884899697023e+00
-1.553135411143644440e+01,6.218294144838267812e+00,1.849721157722335141e+00
-1.540333119983364796e+01,6.269030784154818292e+00,-2.515325854920278381e+00
-1.528337737615895264e+01,6.288628275283050684e+00,1.116806695892232915e+00
-1.518335504815146209e+01,6.274948107157585220e+00,-1.711833903301628101e+00
-1.501234013638937981e+01,6.212911726170096571e+00,9.362778539230885988e-01
-1.486034424329605663e+01,6.110889745359491698e+00,2.565779775574863475e+00
-1.476828443158750837e+01,6.035825630422650967e+00,1.911041833097737452e+00
-1.466131804912867587e+01,5.936798441936923965e+00,9.314419026048751382e-01
-1.457235356942405602e+01,5.850359268210242547e+00,-1.567555858954346126e+00
-1.448335851381134987e+01,5.759858139803773369e+00,-1.482009879906575955e+00
-1.435932880308462423e+01,5.653008751784902586e+00,-2.510106481062320594e+00
-1.425731917513507518e+01,5.582832524648814854e+00,1.268787556533621741e+00
-1.413038452056112604e+01,5.517165480403086519e+00,-2.136561182461409913e+00
-1.401736123552038649e+01,5.478852164713661210e+00,1.117802455062083533e+00
-1.388235849425088730e+01,5.439995756501474489e+00,-1.773301429817741415e+00
-1.376736691520004285e+01,5.410067041673214838e+00,8.270200541902075209e-01
-1.366241272967427811e+01,5.399547853766260452e+00,-2.756545566353924670e+00
-1.352236791293730001e+01,5.389571703102940425e+00,2.117672671630439041e+00
-1.338230701739870554e+01,5.398523876977646907e+00,2.245278921268119010e+00
-1.324233296904492363e+01,5.401906426398642935e+00,1.472131635034922947e+00
-1.312233564778590278e+01,5.401335852382902480e+00,2.157863447585731120e-01
-1.298034843098900737e+01,5.401548020390687377e+00,2.255879187722448220e-01
-1.284039488351756297e+01,5.416374342179365087e+00,-1.027314537815235296e+00
-1.272045417017397639e+01,5.430675271626476786e+00,-2.190291807811944658e+00
-1.254040678550078347e+01,5.461172279157261222e+00,2.663504464521111004e+00
-1.242041739925950417e+01,5.486950250612839142e+00,-5.475007740346563567e-01
-1.228337812738643464e+01,5.530267722169572409e+00,-3.016576223111592903e+00
-1.216928399699602359e+01,5.579830410404007068e+00,6.579958010508796251e-01
-1.204134741046975776e+01,5.650136895232943601e+00,1.880026865512929302e-01
-1.188330197028813018e+01,5.742308503195390657e+00,2.579466982947087761e+00
-1.176326063749580086e+01,5.824937168633110396e+00,-1.251494037586435182e+00
-1.170429439861651488e+01,5.860115617914015473e+00,2.269880074338300968e+00
-1.158634943984202437e+01,5.942816717894782386e+00,3.032997773937342156e+00
-1.146833709764074172e+01,6.028005681677834460e+00,1.595430609970870384e+00
-1.136539187830399733e+01,6.103848751045516607e+00,-3.021196864934286186e+00
-1.123045162067915292e+01,6.197733063625981309e+00,8.678064188741192453e-01
-1.112846952206664852e+01,6.284058790833213060e+00,2.089307369508006218e+00
-1.101139422117520006e+01,6.376528324985349272e+00,2.445114754099842802e+00
-1.089934461715511560e+01,6.482598610807026596e+00,-3.124494429576647470e+00
-1.080722515732584732e+01,6.565119312663869167e+00,-2.874304219479614897e+00
-1.067223997946219427e+01,6.686468419638448069e+00,2.542046339929841192e+00
-1.058424854464711373e+01,6.768218553647503910e+00,7.654795914301172344e-01
-1.046626714294722760e+01,6.877944823518238771e+00,-7.717603035358951979e-01
-1.039634789452729358e+01,6.944698506152123585e+00,-2.004347194041633806e-01
-1.029840345060194196e+01,7.045830968527626581e+00,-1.095599601589516414e+00
-1.020538715503457539e+01,7.155185982824308510e+00,9.951765436558697164e-01
-1.012730407990759574e+01,7.245473043031532612e+00,-2.777275384290056603e+00
-1.003528080717748772e+01,7.358021376717598372e+00,9.533289909535284101e-01
-9.928320640408417219e+00,7.491492680641046675e+00,1.578960693722113007e+00
-9.823323695137165856e+00,7.624829953050968889e+00,-5.428823577479109652e-02
-9.745217915201402903e+00,7.718699940750084032e+00,-1.164816671102935075e+00
-9.667219102043832279e+00,7.813869327824480848e+00,-1.112400166111602751e+00
-9.576127101319976020e+00,7.928100170868883190e+00,-7.980563991089292264e-01
-9.441153377961406079e+00,8.074226511320654609e+00,-9.154175458154270029e-01
-9.343130483596034708e+00,8.164459151608987497e+00,-1.490988952669579370e-01
-9.243135446026906621e+00,8.259867848879940411e+00,3.998994297873277870e-01
-9.139171927151853225e+00,8.362937832620799483e+00,2.573063652861428352e+00
-9.018169898456308786e+00,8.468848444969157896e+00,1.141034887959343075e-01
-8.908117580441466288e+00,8.547889074708344026e+00,-1.025446878900636349e+00
-8.792057485051326893e+00,8.630857375152320543e+00,-2.432953099008170028e+00
-8.673991971287829728e+00,8.720601010979134315e+00,2.603703964780763158e+00
-8.577962628747297202e+00,8.790448572880819711e+00,1.974001420864750722e+00
-8.480961938675815048e+00,8.863950028262552294e+00,-8.229605019307899560e-01
-8.365894276692420917e+00,8.962341626567173591e+00,-1.472480156789944816e+00
-8.266832442716161466e+00,9.050145632627488723e+00,9.363478095458265260e-01
-8.104884894823396024e+00,9.175201395649875025e+00,1.848297367691189352e+00
-8.022904463624083604e+00,9.247709016273919502e+00,-1.752467607341051670e+00
-7.887948522511683436e+00,9.352008025965897531e+00,1.128252956355500380e+00
-7.788967663599658309e+00,9.433930568533691385e+00,5.181245224920061343e-01
-7.687945926290717047e+00,9.503182819462075770e+00,-2.214950312877801419e+00
-7.569980725294193746e+00,9.593188222202861937e+00,-2.513161354320455398e+00
-7.440970150479037315e+00,9.698602157329403894e+00,2.190788176862238590e+00
-7.342021616031129128e+00,9.777977177469669101e+00,-4.818319405558518093e-02
-7.247110739414756253e+00,9.860051589162807772e+00,1.347568428994052381e+00
-7.174124379825107312e+00,9.915461649378645603e+00,-7.346758807331713048e-02
-7.079210728654226514e+00,9.987104619777861458e+00,-4.323910290781280974e-01
-6.926239011833613013e+00,1.009959756963813327e+01,7.382958273649713465e-01
-6.812285825713074061e+00,1.018092904880251837e+01,-2.954140534524269501e+00
-6.715318649705329435e+00,1.024452007182184587e+01,-9.099356489433356732e-01
-6.583259207254130274e+00,1.033095509960046243e+01,2.022081218991470752e+00
-6.483256239347954697e+00,1.038904225549445215e+01,-2.601395008279250742e+00
-6.337225511388078658e+00,1.050455955495160865e+01,3.367073983404705317e-01
-6.241279786854947886e+00,1.058779114849233238e+01,2.758248999853921912e+00
-6.113239343742898235e+00,1.069341368909298318e+01,-2.234031467260503057e+00
-6.021267892415874456e+00,1.077295705721726549e+01,1.500936060993224574e-01
-5.931300357162283987e+00,1.085949086680265729e+01,-1.538481387023464819e+00
-5.819251811363164606e+00,1.095052493018715722e+01,-1.201934995999893063e+00
-5.710286420610358959e+00,1.104558662508273770e+01,-6.518923470974854473e-01
-5.605289581468592353e+00,1.115428901990200572e+01,-1.902764359811675909e+00
-5.485275852253661100e+00,1.124796365318079694e+01,2.291549789700238815e+00
-5.378261661850456399e+00,1.132822783685164048e+01,1.564725348265224358e+00
-5.282192506030832568e+00,1.140128475307852618e+01,-1.471904785877346800e-01
-5.168162497215588402e+00,1.150442221122559872e+01,-1.942385994067821475e-01
-5.058156841826090044e+00,1.158838275425974018e+01,-3.429992111127505572e-01
-4.963077422323011412e+00,1.167560616477478064e+01,2.773725029957925803e-01
-4.850091980209281672e+00,1.176456953783127268e+01,-3.068685887354043462e+00
-4.738162682626911426e+00,1.185158242640059534e+01,2.180109710026694181e+00
-4.629120829838918816e+00,1.193642641488520084e+01,2.669375799471571664e+00
-4.535100983593268964e+00,1.202192286212822125e+01,-7.917103075639708720e-01
-4.390127326137440278e+00,1.213246292813613714e+01,2.863208086467194491e+00
-4.292124466711493724e+00,1.221175194348055371e+01,1.950019106663785085e+00
-4.194219122708846115e+00,1.229264569889716086e+01,1.278194154033552188e+00
-4.050237644048343633e+00,1.241267003441401329e+01,2.985207573606631026e+00
-3.957266041033279169e+00,1.250590513382190139e+01,7.495395239596499559e-01
-3.831324269368741930e+00,1.261495017141204578e+01,-1.176936041270002731e+00
-3.736333393982063100e+00,1.270101067481572343e+01,1.626420806553870113e+00
-3.626308198852740805e+00,1.279042385162309614e+01,-5.336702312024267369e-01
-3.531241082210347049e+00,1.288544976578862844e+01,5.926915112468720270e-01
-3.418389869876951703e+00,1.297346388967088515e+01,-3.897715685905550620e-01
-3.302391954777792016e+00,1.307411749611969931e+01,-9.926881650917878108e-01
-3.206386091338261579e+00,1.316570158015607817e+01,-9.060626922397206906e-01
-3.095420711465783459e+00,1.325298906123267173e+01,-1.967395389781320114e+00
-2.999322334647002819e+00,1.332609847196321695e+01,1.205306628159520249e-01
-2.567332481833910052e+00,1.368550497649814979e+01,3.130949574104800348e+00
-2.512320463659024838e+00,1.373075194452464132e+01,-1.274347160898398723e+00
-2.384408558942268108e+00,1.383562578686296618e+01,-1.471073634771153271e+00
-2.288400247188191017e+00,1.392039087454757862e+01,-1.954214050769384814e+00
-2.193455639325764928e+00,1.399681014897269549e+01,2.556224457124060212e+00
-2.049498816566554638e+00,1.411901033251221094e+01,1.987742810010806993e+00
-1.952456683738145626e+00,1.420124977526952215e+01,1.352893321178584740e+00
-1.824374185933046455e+00,1.431320250136501926e+01,-2.843411925497288717e+00
-1.728425361985660658e+00,1.437737419089191526e+01,1.711144921614738523e+00
-1.616349117312436912e+00,1.447400961489039162e+01,2.762048689946383639e-01
-1.488277206439857281e+00,1.456719715632175216e+01,-9.780247513640478729e-01
-1.376346299982771804e+00,1.465178514044045066e+01,-2.124533209607580020e-01
-1.285363200063394107e+00,1.473051829191040341e+01,-1.237599673419291113e+00
-1.175323928983574850e+00,1.481132622695714574e+01,-2.966818083191415045e+00
-1.063256655337670997e+00,1.487713998178335117e+01,2.029296838745862086e+00
-9.563049113106287802e-01,1.496842636875000565e+01,7.596585719203517995e-01
-8.344004432996519061e-01,1.507274421760866900e+01,1.251789880701555946e+00
-7.273691016890224681e-01,1.517117334382219340e+01,1.144805278738173726e+00
-6.194512694408818021e-01,1.526247580036537599e+01,1.387106726780215515e+00
-5.644022535931065843e-01,1.530929501474941290e+01,-8.643930611618100279e-01
-4.584743139869950079e-01,1.540037527100491310e+01,6.292688379822472533e-02
-3.544965499324068126e-01,1.549487784137653534e+01,2.232705589575733285e+00
-2.655630986862085319e-01,1.557797154012812868e+01,-2.468447842198606246e+00
-1.615876422691436554e-01,1.566046216066631658e+01,1.594745705373569633e+00
-5.457131697418781541e-02,1.575859874788105230e+01,1.767828735690105679e+00
5.746371934701797329e-02,1.585436025123063253e+01,9.495289415333345584e-01
1.534930539174236275e-01,1.592481971021081755e+01,9.703295794373798522e-01
2.985434234039330281e-01,1.604617544163365750e+01,5.671965068848301428e-01
3.955274784909955654e-01,1.612419322848468539e+01,1.692379993082938627e+00
5.095834261301195323e-01,1.622079731464236829e+01,-2.291137093283146520e+00
6.236101881599601660e-01,1.633451592244301764e+01,-1.370309201932684573e+00
7.325724396985091591e-01,1.642527713881499452e+01,-7.871776563286859707e-01
8.236272897403813520e-01,1.651130862822252965e+01,-1.160211121263060807e+00
9.136147369391330875e-01,1.658722018078315585e+01,1.129527902289145125e+00
1.062545859120242575e+00,1.670766232704725240e+01,-1.371368025666269030e+00
1.150576813502710571e+00,1.679428430737491951e+01,-2.451033455514855242e-01
1.240616877754558089e+00,1.687871358821355017e+01,1.656324176522476987e+00
1.340667980731529596e+00,1.697931144082060939e+01,8.538825101731167821e-02
1.425684524288996613e+00,1.706488423459621018e+01,3.249113516303084315e-01
1.543621254945505505e+00,1.717950226570980021e+01,-2.668358164159119639e+00
1.636678618841707955e+00,1.725767763263986510e+01,1.363039724199527791e+00
1.732672697730481826e+00,1.735044471563265489e+01,2.657587908585120395e+00
1.837580308393137685e+00,1.744589103530859475e+01,2.884735851505934701e+00
1.956547753096090414e+00,1.754684046949606824e+01,-1.991104542462055704e+00
2.063502157152977468e+00,1.764738135679449371e+01,1.984253550563916724e+00
2.151437473887088281e+00,1.773277435819517578e+01,-6.413758869093563186e-01
2.264431984184085422e+00,1.784741358463936578e+01,5.819394084642353082e-01
2.338511292882918369e+00,1.792124843192135941e+01,5.482211793271684064e-01
2.461537367236187546e+00,1.802127856129084194e+01,-1.166804691930254378e+00
2.555572757376332937e+00,1.810704534681183020e+01,2.925534238494003958e+00
2.663554001339621280e+00,1.819521273055708122e+01,2.379837175919162995e+00
2.770586163942781788e+00,1.830710489092435367e+01,-2.370687760018459933e+00
2.876028812806843860e+00,1.841013402443557823e+01,-9.805600984954003785e-01
2.995613976666527734e+00,1.613302084438188189e+01,2.137635586997105097e+00
3.067458876046629257e+00,1.561206135337403467e+01,2.348549121198692635e+00
3.188161506641994603e+00,1.560550248611210300e+01,2.353899709032198473e+00
3.276873757167243273e+00,1.588769306212649468e+01,2.196658502453782802e+00
3.365218043765331402e+00,1.618929050996353070e+01,2.062511731502949086e+00
3.500567250512642392e+00,1.604165691605937383e+01,2.068147096405294594e+00
3.594391058188384669e+00,1.617323490441081546e+01,2.078937636129668753e+00
3.705608197698060380e+00,1.617065183127761685e+01,2.028051516221886619e+00
3.770647139544681892e+00,1.595178230797952956e+01,2.095380990178792313e+00
3.872181898219629215e+00,1.590558204586324287e+01,2.015307622892091644e+00
3.960501732812780951e+00,1.583579033452915397e+01,2.012889405617086069e+00
4.050089054203727557e+00,1.560310601968790323e+01,2.189190612668419078e+00
4.154447254331252282e+00,1.552666144332005160e+01,2.163696933569046799e+00
4.280989731672118381e+00,1.552087593754844974e+01,2.149298910195019285e+00
4.385661698882497461e+00,1.560868183540410215e+01,2.101351537800160152e+00
4.477376622548550955e+00,1.563072311588104135e+01,1.907810279596336978e+00
4.597155522623048718e+00,1.582526884939714762e+01,1.760494018014466810e+00
4.700500576738090075e+00,1.607175402587316171e+01,1.630095970412689832e+00
4.821320150028144624e+00,1.611520813829759646e+01,1.613137135698397451e+00
4.912422103117394023e+00,1.591792356036623701e+01,1.578243979048628232e+00
5.001080894116025632e+00,1.638225910012758391e+01,-1.081594126507132714e+00
5.113332936758610003e+00,1.638440612939498209e+01,-1.134572330575308152e+00
5.202860755881992816e+00,1.648861860129407120e+01,-1.075942295013055050e+00
5.310267288862565493e+00,1.656023709001112110e+01,-1.135842008133407077e+00
5.397930681267229858e+00,1.671607144154926416e+01,-9.845397237530050250e-01
5.514904775697707429e+00,1.682883458120405606e+01,-1.080262925313921762e+00
5.602887835021332030e+00,1.690760532035641006e+01,-2.126982265043859677e+00
5.654045386522536631e+00,1.724817798862526530e+01,3.136735226608782234e+00
5.785542643083168457e+00,1.752798175974901795e+01,3.070784658666074751e+00
5.891020574389224329e+00,1.757634875175494216e+01,3.101137352689772086e+00
5.979923785308986162e+00,1.758181776083839054e+01,3.120185631186808806e+00
6.069061015410011528e+00,1.751186133298850933e+01,-3.138362933640093111e+00
6.190623030019894557e+00,1.739420064138956690e+01,-3.108445267026808789e+00
6.281639892091124722e+00,1.732250458542801752e+01,-3.103457056311059503e+00
6.387872429370716532e+00,1.731879618197187654e+01,-3.078580116151206525e+00
6.494355544896168730e+00,1.728288888239217869e+01,-3.076954145295791587e+00
6.584442545639912936e+00,1.726661212359003628e+01,-3.069140044702765913e+00
6.719074281879679589e+00,1.719500102332592206e+01,-3.024389414363463313e+00
6.808181052043599912e+00,1.726666234482003759e+01,-2.970336966752435970e+00
6.911581611929436875e+00,1.718618690494756862e+01,-3.010632271757514467e+00
7.001328183415798989e+00,1.698501274589397525e+01,-2.946986182711157198e+00
7.127946339789733798e+00,1.717263898246003606e+01,-2.978649234182927596e+00
7.220961052572303807e+00,1.696305225812617934e+01,-2.898638750128492259e+00
7.306155479218536364e+00,1.698902246527664772e+01,-2.924099091404636308e+00
7.459020382151157591e+00,1.699661248227841526e+01,-2.914206795148213125e+00
7.560122120745065288e+00,1.706980214722984357e+01,-2.831390678704497343e+00
7.677074737787181746e+00,1.719087596792092398e+01,-2.825629795513460163e+00
7.780479453437887827e+00,1.717069707114449528e+01,-2.806605138145775058e+00
7.908999853635218180e+00,1.711405815026504840e+01,-2.570535656135287006e+00
7.988822994995766535e+00,1.706398058382728067e+01,-2.625756801382894690e+00
8.116291997325308927e+00,1.698381787156219502e+01,-2.745370658338020853e+00
8.228536416892083594e+00,1.692904122440366876e+01,-2.412242900322703942e+00
8.323232275921601087e+00,1.683353481890819836e+01,-2.373637328266581470e+00
8.434088842700562694e+00,1.679047166414913050e+01,-2.474038283273737981e+00
8.546014709009575938e+00,1.674142218756699307e+01,-2.295560044489308726e+00
8.673217917252651787e+00,1.661280074292001530e+01,-2.210019333987553569e+00
8.784611955824804141e+00,1.659028873634585111e+01,-2.193006453183213633e+00
8.895119110756560588e+00,1.657527567018370007e+01,-2.110379968997706968e+00
8.985061714413431488e+00,1.663732050760736314e+01,-2.090717541760335418e+00
9.087590218379153484e+00,1.668044993639252738e+01,-2.001139374540842120e+00
9.190631005770095285e+00,1.672183026498176872e+01,-1.971368410909211999e+00
9.293962834753710212e+00,1.667466370705990641e+01,-1.933625507493561102e+00
9.382406049531677894e+00,1.645212038248446618e+01,-1.881513307920303246e+00
9.482542608387809935e+00,1.660465225554188251e+01,-1.872222921928495598e+00
9.522700371565989030e+00,1.654812753747831167e+01,-1.810951121219107396e+00
9.523639338609923399e+00,1.655308288640459224e+01,-1.824977482302885035e+00
9.523962013561307671e+00,1.662174790620327158e+01,-1.805349566592858723e+00
9.525065651835802782e+00,1.650432144650206112e+01,-1.797062854603393101e+00
9.524596072762475885e+00,1.653348827564473567e+01,-1.842417389252912763e+00
9.525147675807138725e+00,1.655251307203599609e+01,-1.805562864085231478e+00
9.524987181366853406e+00,1.653562923887713154e+01,-1.809658201383425036e+00
9.523556023818350980e+00,1.652167755691795747e+01,-1.913540498325534633e+00
9.523370725160948069e+00,1.662597196823998402e+01,-1.907561911181175018e+00
9.524277028890724139e+00,1.668219790518945445e+01,-1.921951257035365401e+00
9.524679474331804840e+00,1.667393469251781113e+01,-1.899807407117464431e+00
9.525136903758745888e+00,1.658727762232348368e+01,-1.903806079436897836e+00
9.525107700329170868e+00,1.660138085650522299e+01,-1.945641586866785788e+00
9.524863028825931721e+00,1.663706728541708912e+01,-1.930820182924892547e+00
9.524950853285055530e+00,1.664108649755643299e+01,-1.834318410885113826e+00
9.525599384639367173e+00,1.642859084475795939e+01,-1.929974569724602462e+00
9.523024693859765577e+00,1.588037274649356867e+01,-2.836255599528086702e+00
9.522958181174649539e+00,1.579534726767690778e+01,3.064948887648395015e+00
9.523006791951431182e+00,1.576612539081743591e+01,3.126163433253466462e+00
9.522954957538367182e+00,1.576496944587370841e+01,1.303039845857992596e+00
9.522768038651264533e+00,1.575683627638357720e+01,-1.251395642832406452e+00
9.522811184306814170e+00,1.575225217538903166e+01,-7.372942803878655971e-01
9.522921642173386658e+00,1.575923625105219372e+01,-1.984585471185824623e+00
9.522915922286733448e+00,1.576235355006560113e+01,-4.474859546568339397e-01
9.522831476040629184e+00,1.576332738359093355e+01,-2.965130543212763481e+00
9.522954462416855392e+00,1.576156410148863607e+01,1.456984340791245058e+00
9.522969689707061036e+00,1.575845034832531155e+01,1.552694724624613665e+00
9.523185964848405405e+00,1.575815751540291032e+01,1.116424809677367402e-01
9.523011213180190282e+00,1.576028298281549311e+01,7.839726982655572662e-01
9.522828731499952681e+00,1.575911710883394434e+01,-3.290239563412012402e-01
9.522657002089387035e+00,1.575574397447593533e+01,2.878544773604675644e+00
9.522705639128918875e+00,1.575606417985874330e+01,-2.812682789994029431e+00
9.522622692809008527e+00,1.575866029645724709e+01,2.191075781761572916e+00
9.522386870535214598e+00,1.575892996683114688e+01,2.177488297018685959e+00
9.522367285387314695e+00,1.576416445739376826e+01,2.303875669007021454e+00
9.522503763507408792e+00,1.576460700266311576e+01,1.810550960996255343e+00
9.522586842086516512e+00,1.576850997849602543e+01,-2.530183549132992038e+00
9.522556933236041132e+00,1.576171650184996942e+01,-3.117091293303830390e+00
9.522519901221603078e+00,1.576518497929885854e+01,1.732485376230132879e+00
9.522303972976763120e+00,1.576543235390812114e+01,2.616295730512478546e+00
9.522280785336693754e+00,1.576351088401520428e+01,1.948821238499480746e+00
9.522253086030337599e+00,1.575963821146275023e+01,2.584459457554344475e+00
9.522119186265303625e+00,1.576673747432680628e+01,-1.116653352019379541e+00
9.522323224826921617e+00,1.576197621140618566e+01,-2.096206510264428058e+00
9.522639043497736822e+00,1.575803355619097701e+01,4.143773933111789542e-01
9.522344786954702656e+00,1.575387683913710113e+01,2.381506366025557764e+00
9.522445185010898427e+00,1.576471344861251112e+01,-1.119265425375846501e+00
9.522410754232453201e+00,1.576791481503641990e+01,2.820367425349266544e+00
9.522367035126023893e+00,1.576387681697996612e+01,-2.339798944147063242e+00
9.522503594617411693e+00,1.576402988040427999e+01,-1.574333671978450422e+00
9.522652055058212994e+00,1.576460743453613844e+01,-2.543909773878814118e+00
9.522409685978026062e+00,1.576500209525022278e+01,3.120355591239948989e+00
9.522248255071600553e+00,1.576366018745217445e+01,1.771256485466767616e+00
9.522360900795884930e+00,1.576628177759568672e+01,2.787160768029230073e+00
9.522426852317753543e+00,1.575681836843364181e+01,6.900084522786051888e-01
9.522464980758254427e+00,1.576758018923869642e+01,2.578316390956245208e+00
9.522139087258921109e+00,1.576309491888904013e+01,-8.885671304397595449e-01
9.522196037216282605e+00,1.576101257987367710e+01,1.180489643579704317e+00
9.522255716620120936e+00,1.575154405654303247e+01,6.881018658120605647e-01
9.521992109358023981e+00,1.575293045423561367e+01,1.232109893852467719e+00
9.522011846378088507e+00,1.575510421503997094e+01,-1.689283051778582179e+00
9.521983437376734472e+00,1.575996623148742515e+01,-1.187312513096286937e+00
9.521711901572448511e+00,1.575640691619923039e+01,2.358996343764453441e-01
9.521687606444192653e+00,1.576061199117630096e+01,2.260706514569194248e+00
9.521482573769434410e+00,1.575654997582833516e+01,-5.053576250300332307e-01
9.521377985022969170e+00,1.575886124344282990e+01,1.508042920122842911e+00
9.521327243114217964e+00,1.576288825401524463e+01,2.945011697938638706e-01
9.520973332280924240e+00,1.576269820938245125e+01,2.800998522969083471e+00
9.521193740862242905e+00,1.576416168634779247e+01,-2.816027341960154473e+00
9.521399274426361359e+00,1.576334215772488534e+01,4.300987793725619679e-01
9.521499204703257391e+00,1.575023657139278122e+01,1.887414225741220974e+00
9.522127036864061367e+00,1.575902780371576561e+01,-1.528922073565576856e+00
9.522583939006150189e+00,1.575597582989500367e+01,7.666822835260929114e-01
9.523075819037449818e+00,1.575851374472147270e+01,1.424291154719783181e+00
9.523268955647205658e+00,1.576040632225625160e+01,-2.974100860437208116e+00
9.523333047505850857e+00,1.575661796018923333e+01,-6.769132527640393526e-01
9.523378143551074260e+00,1.576567010974328653e+01,-1.755826930420467891e+00
9.523811264902681373e+00,1.577033874914933875e+01,1.712141803742859514e+00
9.523705737506620750e+00,1.576892976519091860e+01,1.315132413594569005e+00
9.523421685724290597e+00,1.576723025983543458e+01,1.732148189295978025e+00
9.523212285729313109e+00,1.576890560494619109e+01,5.713422853074056063e-01
9.522756789550832934e+00,1.576751685069717723e+01,1.821938757071251691e-01
9.522410452946047599e+00,1.575764859648631955e+01,-2.823985333171187828e-01
9.522209173411164684e+00,1.576341085669541542e+01,-5.814591581162953382e-01
9.522691475715838294e+00,1.575258595361136926e+01,-8.409835142197643609e-01
9.522042082993550594e+00,1.575254038945031887e+01,-1.220798030768694975e+00
9.522250943430506709e+00,1.575746492659444975e+01,1.323630254592993660e+00
9.522295660760700997e+00,1.576590078968899178e+01,-2.397726148925369005e-01
9.522311458877357637e+00,1.576083952038796099e+01,-7.483665658044750257e-01
9.564285609008651434e+00,1.576255348236026776e+01,9.952426527829377756e-01
9.697990481551341801e+00,1.575433605833381279e+01,-3.133299957749604125e+00
9.823018146108850601e+00,1.574093026108086768e+01,2.606762456540056672e+00
9.919917706876169916e+00,1.573766214169393862e+01,1.141776146973689343e+00
1.002647089381990497e+01,1.573555218126973543e+01,2.307273225573728936e+00
1.012027196467140300e+01,1.572725265110779347e+01,-3.049830305307399403e+00
1.019238941094999618e+01,1.573523587931501666e+01,-1.378715406609174465e+00
1.025929625856898397e+01,1.572919061492329007e+01,-2.657497169028774753e+00
1.030994162613486864e+01,1.573813967743380360e+01,-2.374111597362682513e+00
1.036709703468348742e+01,1.572599517785751289e+01,2.467594975427038317e+00
1.043312740383360548e+01,1.572383201920835916e+01,-6.501627819764415062e-01
1.050336566361815649e+01,1.571907296203777094e+01,-1.483316059455636604e-01
1.056802670290012536e+01,1.572514239154361526e+01,-1.315937325347985798e+00
1.065360549915682142e+01,1.572087960988047151e+01,-2.283652000428129547e+00
1.073177736161741080e+01,1.572123908850096363e+01,6.453755816723764083e-01
1.082899294948197522e+01,1.572701622407853783e+01,-2.336157364046710372e-01
1.091290429945694029e+01,1.573302250467075680e+01,-2.043930358105463529e+00
1.103295330030464605e+01,1.573134972430043277e+01,7.401162116563004822e-01
1.115895665634800338e+01,1.573135121557965732e+01,3.015700016396758443e-01
1.124906947249694511e+01,1.573417601293600399e+01,1.324941165482600991e-01
1.136767225861117225e+01,1.573172498548719389e+01,2.487933434142733713e+00
1.144073177101426353e+01,1.573291757760201470e+01,-5.888535687074610836e-01
1.154117711888484621e+01,1.572610561475132585e+01,-1.900527660025226995e+00
1.164655659052963088e+01,1.572360734442560570e+01,-1.705180211262205203e+00
1.176479449163145574e+01,1.572066684961563254e+01,2.358378988737572790e+00
1.186993195228864906e+01,1.573524634767765029e+01,1.458212354067868421e+00
1.197368020727227389e+01,1.572758548725798633e+01,1.674488377445691456e-01
1.207796630778830504e+01,1.572171841621325150e+01,-2.139413320972974653e+00
1.216528147320769548e+01,1.573469611037348415e+01,2.977240692873436068e+00
1.225518339342363205e+01,1.572725532776433077e+01,2.557040682054091629e+00
1.233584582324878376e+01,1.573907241695739145e+01,-1.146149573776563901e+00
1.243712779194867224e+01,1.573318810095750919e+01,-1.545430758423361750e-01
1.253532837285094104e+01,1.574044251726482813e+01,1.919150438231348899e+00
1.261860655800871456e+01,1.572943284065031122e+01,1.330577629076716173e+00
1.275027102009349811e+01,1.559674866777408475e+01,-1.621050297818685149e+00
1.283730725872093714e+01,1.549904405555856535e+01,1.136206880054312363e+00
1.293434117197794464e+01,1.539450435333663947e+01,-5.787211927655940835e-01
1.303234577482503909e+01,1.528796299287046168e+01,1.328315520060947108e+00
1.313437882551504643e+01,1.518482995835731586e+01,-2.641355190619677717e+00
1.322442695743082197e+01,1.508411135394709746e+01,-1.723865686543083475e+00
1.331038998550122798e+01,1.499887708576022227e+01,1.437397450875997684e+00
1.342329173942530396e+01,1.488073607325382675e+01,-6.172387766002380705e-01
1.350832815241352591e+01,1.479309157049207002e+01,-2.932777986466027276e+00
1.360725075599522071e+01,1.469298966672986140e+01,2.666623721856859267e-02
1.371336895079800300e+01,1.458346981390586627e+01,1.121620146734061185e+00
1.380042555471517929e+01,1.450208318465289992e+01,1.256955405262802028e+00
1.390343314924823304e+01,1.440445060134646482e+01,-1.807161940604045558e+00
1.398953652687603544e+01,1.431012951204411721e+01,1.154550682580586463e+00
1.408857960986410163e+01,1.421980037389283602e+01,1.431140298362178154e+00
1.418552259782002523e+01,1.413340116453289497e+01,-2.358948460404763359e-01
1.428251422157975625e+01,1.404100975388219297e+01,2.640787860647298313e+00
1.439450764372460689e+01,1.391511137171544732e+01,-4.290803396531920888e-01
1.447948707018661096e+01,1.383458430585049292e+01,-1.160499144291049278e+00
1.458442943486020837e+01,1.371985296003618515e+01,-2.887348963062578378e+00
1.468939809308650446e+01,1.361373119799951326e+01,7.998559794445478377e-02
1.478935835406411670e+01,1.351127639119415136e+01,-1.723190144112873412e+00
1.487337785958492020e+01,1.342339027529774320e+01,-2.317157570624998719e+00
1.497730176205652519e+01,1.330867624477098943e+01,-5.751399733883982845e-02
1.509034012859351215e+01,1.318780178080949916e+01,1.139338222975613268e+00
1.518934972727455168e+01,1.308817647392218220e+01,1.253841916549426783e+00
1.525437149788424840e+01,1.303051002065961939e+01,1.666761250323759658e+00
1.535826635261431683e+01,1.293558159840466359e+01,2.732157210361155553e+00
1.546332182870271055e+01,1.283688669991392572e+01,2.212148498584906253e+00
1.554931812707477334e+01,1.275784881679911820e+01,-2.882947807198203094e+00
1.566130843181778509e+01,1.264286897778073637e+01,-2.848331568732770158e+00
1.574540383647060438e+01,1.254756459185027850e+01,3.013782551676208232e+00
1.582839622673576407e+01,1.246476821387299516e+01,1.386255224213904347e+00
1.592838721928600521e+01,1.235629635235968315e+01,1.418051960681415036e+00
1.601533255166620506e+01,1.227379449293627545e+01,-1.673902454037033694e-01
1.615133793721900446e+01,1.214753407855519107e+01,6.114521023199623873e-01
1.625535445192506501e+01,1.205078335007427803e+01,2.556230870800197952e+00
1.636937719441843342e+01,1.193747245195061524e+01,-9.504104884500507167e-01
1.645835375757714658e+01,1.184339706683010895e+01,-7.548835400657690764e-01
1.657344550831609808e+01,1.171813919074355503e+01,1.742171085649822260e+00
1.666046178407452771e+01,1.162370156353931883e+01,3.294180241019627475e-01
1.674143187319031156e+01,1.156456737915185684e+01,-2.805781345454221753e+00
1.683346795556573738e+01,1.149029639987357676e+01,-2.267383197523580307e+00
1.693854561571340156e+01,1.139297779164305524e+01,1.218407305761362025e+00
1.704452213421199502e+01,1.130549239663311667e+01,3.587330374752075168e-01
1.713451161044456228e+01,1.123589229311365756e+01,1.299971659737600704e-01
1.725144363654444390e+01,1.112186799701245477e+01,-2.162455197730829504e+00
1.733644237360577023e+01,1.103586441127665374e+01,1.166379589984384513e+00
1.744045204725904696e+01,1.092931360065825963e+01,1.017870553160498570e+00
1.756647811479814436e+01,1.080152537852109695e+01,-5.082644486149909963e-02
1.765357920392694169e+01,1.071546402336319304e+01,-1.247120204328633353e+00
1.775661458729762643e+01,1.061797275909463067e+01,-1.706925924822309426e+00
1.784757903871972573e+01,1.053994811545225829e+01,-3.091554355156900691e+00
1.797145155633818092e+01,1.042365933823312041e+01,-1.460343776958820117e+00
1.806044745108021488e+01,1.035579376197620505e+01,-2.008245292321416409e-01
1.818740182183065457e+01,1.023951297771091973e+01,5.447430957132483320e-02
1.826239395645816188e+01,1.016763976949502357e+01,-2.462036882754575107e+00
1.837131156354353578e+01,1.007883292546482856e+01,-3.021495386174758657e+00
1.847926442338220099e+01,9.974301494468420515e+00,-8.304579914344606406e-01
1.858321341667820548e+01,9.891795084206410849e+00,-5.679600323351976371e-02
1.867527543064196749e+01,9.802281702546881803e+00,2.446186794795957464e+00
1.876625683770253872e+01,9.718328468446770785e+00,5.952372354100690099e-01
1.888521582632115781e+01,9.602864238987715240e+00,-2.580047441209812664e+00
1.899226766570276226e+01,9.501400960974624610e+00,-1.877151652765244316e+00
1.910028632060067721e+01,9.409872291798627941e+00,1.852413417964372311e+00
1.921128793252641742e+01,9.321830009471879563e+00,-2.928021081749035748e+00
1.930423695615046498e+01,9.234875601748822049e+00,-6.080960051685289913e-02
1.941330533866612029e+01,9.140860550579672505e+00,-3.109957392602508142e-01
1.950825041002030247e+01,9.053320141920545794e+00,2.331906517835367065e+00
1.961817618048394962e+01,8.959603888437314367e+00,1.559095190889601357e+00
1.970416065616937829e+01,8.878229305061106302e+00,8.029472339487066235e-02
1.979812244541410138e+01,8.786964610560554334e+00,-2.784460497900319020e-01
1.991815503810554944e+01,8.674534106186470694e+00,1.387994316720826404e+00
2.002423917462428449e+01,8.576276162944154180e+00,4.815023198239512525e-01
2.014717758355410737e+01,8.464792410971028858e+00,1.888705469051309149e-02
2.023713651174817585e+01,8.381453816063697104e+00,-2.006183966096893645e+00
2.034214104413932489e+01,8.291040560122194591e+00,-1.698370164405254457e+00
2.045317694350853799e+01,8.190348522462532088e+00,2.282305128601323396e+00
2.054918695425429931e+01,8.099274484009931996e+00,-1.093326834961579896e+00
2.067219989017669235e+01,7.994707000329666968e+00,-2.919033992103401420e+00
2.077922815625613850e+01,7.900071592442407642e+00,2.498148210912500833e+00
2.089123414160034997e+01,7.799514586164590035e+00,2.808577383631416069e+00
2.095117084780703109e+01,7.753555202313757277e+00,-1.991449102363327395e+00
2.095415131566502964e+01,7.754863864412163466e+00,-5.581028130701426448e-02
2.097414394547563887e+01,7.754881172309960213e+00,-8.150479751548183049e-01
2.103921158171507955e+01,7.723455780300816365e+00,-1.761027706361199208e+00
2.117219022310145249e+01,7.637077001251523001e+00,1.253522079140197532e+00
2.125822609625369708e+01,7.568868191307615234e+00,1.196673021975301898e+00
2.135221014193447076e+01,7.467566308274704134e+00,-4.330966467870367986e-01
2.137211264747584849e+01,7.438608720094944893e+00,2.925460903517714595e+00
2.137223904382162587e+01,7.439400198114135776e+00,1.900399507027284995e+00
2.137227620114678217e+01,7.446064209795441258e+00,2.444987845506374935e+00
2.137226042424743255e+01,7.452195107291823106e+00,1.953363957644976168e+00
2.137219560763936954e+01,7.440932458246592773e+00,2.709471869181893089e-01
2.137123611279078972e+01,7.493257805857316711e+00,-1.733677152076911421e+00
2.135921126861245156e+01,7.513055610376120796e+00,-4.035241652214051344e-02
2.130222130355961951e+01,7.567228670520635525e+00,4.259050970541219394e-01
2.109418099559606929e+01,7.716928040732192073e+00,-2.235440457108843759e+00
2.095823583906467036e+01,7.804398096885833525e+00,-2.231447630151563555e+00
2.085517493185742310e+01,7.872808418703543865e+00,-9.640591404962182143e-01
2.070916880113918523e+01,7.956212609726384777e+00,-1.099865597674953704e-01
2.058314236122701857e+01,8.023298002846043886e+00,1.768302632543377717e+00
2.051713923277555907e+01,8.059868094989433018e+00,-1.906411609326929435e+00
2.051214653139294342e+01,8.061784532933053526e+00,-2.498249481329584576e+00
2.048221383742250978e+01,8.060182474082370874e+00,1.774241642546589448e+00
2.047924468930056818e+01,8.060755746625066109e+00,2.573369106600716716e+00
2.047922538824621341e+01,8.053195877827782567e+00,2.067266285302876039e+00
2.047922824305022260e+01,8.054599443431492034e+00,2.582859136288423674e+00
2.047918753310595008e+01,8.042497853638751693e+00,2.179479576031376542e+00
2.050525041897851253e+01,7.994022999967050680e+00,2.688639273568759425e+00
2.058222215574597769e+01,7.921787249386647467e+00,-2.540164404222666317e+00
2.069222750369782204e+01,7.835802905833472387e+00,2.563408431448718217e-01
2.081020163425490210e+01,7.762989632631700054e+00,-1.441855598622576284e+00
2.091221318335387735e+01,7.685050086490650578e+00,9.591762735801645512e-01
2.103319649948842596e+01,7.628558100204609005e+00,-8.046888573847886805e-01
2.115615576259977004e+01,7.550823613666297618e+00,2.446721851798530356e-01
2.130020220475454806e+01,7.479706047515642275e+00,-7.472749230660314934e-01
2.139023943571688235e+01,7.433799896774139881e+00,4.271885987920996941e-01
2.155528251028084341e+01,7.353899775478825340e+00,1.718589271054993706e+00
2.167030148882976448e+01,7.311960393231711208e+00,1.222468292212499197e+00
2.180234644351342155e+01,7.259086557050467015e+00,2.993487611932002856e+00
2.192932668884559178e+01,7.201288161178041491e+00,-2.791415095333025231e+00
2.203832729426805059e+01,7.142177711979451615e+00,2.676421585121463220e+00
2.220726267648749541e+01,7.060237657007450096e+00,-2.089723823333646369e+00
2.234032035674534455e+01,6.997266781588902695e+00,-2.098725677585088434e+00
2.244936064138301646e+01,6.945192271231166004e+00,-2.549208311022340134e-01
2.257633647819623235e+01,6.877117277829647435e+00,-1.148957953070018079e-01
2.269132972171730600e+01,6.825629552061984739e+00,-2.167744338017925099e+00
2.284434074997218289e+01,6.746874213796729691e+00,-1.458184892570848490e+00
2.295731676011494926e+01,6.696757629462556594e+00,-1.145436792429731288e+00
2.308943690296508322e+01,6.642281358365742960e+00,-5.782300253971336401e-01
2.319548514321806465e+01,6.594175787307815284e+00,-1.826110392752943623e+00
2.330848279430664149e+01,6.546921820918303325e+00,-8.221825584468825943e-01
2.347953811917139078e+01,6.476163307143425030e+00,-3.208065661577800820e-01
2.359366423938184454e+01,6.435143317965530407e+00,-6.157480019938318394e-01
2.370765078583552565e+01,6.390176133940931535e+00,3.340659563860461923e-01
2.384061407441467040e+01,6.332671398817916852e+00,1.649245994908673074e+00
2.397358552050467750e+01,6.277184561493073467e+00,-1.107898145505988641e+00
2.410057340982129404e+01,6.215160741667643762e+00,1.002686825758585920e+00
2.420756123373176649e+01,6.158606320695087177e+00,-9.211539291208363789e-01
2.434863744408735542e+01,6.076037887554813111e+00,-2.291150356774149799e+00
2.445163203773486771e+01,6.011056117763943440e+00,-2.177877647403070771e+00
2.455560384024536091e+01,5.950999721430243028e+00,-7.957179572329481365e-01
2.471460185376985308e+01,5.860151016175347394e+00,9.112406254246951942e-01
2.482258440438704383e+01,5.805703612958843962e+00,2.778688467876288648e+00
2.494865200487562618e+01,5.739323039884670408e+00,-3.099856279514171531e-01
2.504764575497495827e+01,5.691615687251240452e+00,-7.688944759724818390e-01
2.518170742013604624e+01,5.640731780947849217e+00,-2.315637712825002303e+00
2.529373540007918564e+01,5.596816854003953345e+00,9.870155623281302582e-01
2.542580568873914615e+01,5.545881864831784469e+00,2.668256733644366108e+00
2.557279892743797944e+01,5.464148087827187972e+00,-2.013752086919091244e+00
2.570178514641936829e+01,5.398081255256648170e+00,2.207801670534909722e+00
2.581076756223185598e+01,5.354226551295361070e+00,2.249531028782424613e+00
2.594078374825762623e+01,5.294855415383850072e+00,1.880204009464181203e+00
2.606980721110509336e+01,5.238611125060931961e+00,2.091044857682720526e+00
2.620183054151704383e+01,5.183266494243706113e+00,-1.640587469685630628e+00
2.633188226676318422e+01,5.117450781197299570e+00,2.676798151487270072e+00
2.669190312801774922e+01,4.961269540088397711e+00,-2.459910500714667173e-02
2.682588014602406190e+01,4.909809989015993636e+00,-2.119678352993267900e+00
2.695689446699355329e+01,4.846631107315722886e+00,-9.428809388060639396e-01
2.706599189496296987e+01,4.804128643829463030e+00,-6.585111686265776587e-01
2.711899967670277078e+01,4.773261839544918672e+00,-1.375001644902431042e-01
2.721497309745942417e+01,4.721095270757277973e+00,-1.331431071289879808e+00
2.732688802058939004e+01,4.640143962925269427e+00,-1.977241285492500111e+00
2.744889836354879975e+01,4.551291455199145020e+00,-1.068010904668432071e+00
2.749392745433232932e+01,4.509734596190554612e+00,1.537025252147074861e+00
2.749494653064611072e+01,4.511878037268381547e+00,7.234807205443518630e-01
2.749494358966509822e+01,4.500259187555698759e+00,-1.911570827463487943e-01
2.749493006861937872e+01,4.494662148652537326e+00,-2.989141217628545011e+00
2.749493616642319438e+01,4.498258556125098728e+00,-1.375254882883732988e+00
2.749489741054162550e+01,4.493238453317514036e+00,-1.195125652617900380e+00
2.746284642235455209e+01,4.573205221301432033e+00,-6.787083319983664431e-01
2.744178680288403882e+01,4.605601656532035015e+00,1.256548895948359279e+00
2.736280634088027597e+01,4.652276496190418165e+00,1.631111243006603262e+00
2.724985320676785960e+01,4.703348577644959505e+00,9.914781491865727603e-02
2.707893117736332300e+01,4.761813267907520242e+00,2.136799645019290400e-02
2.695893283481550284e+01,4.802927679972965436e+00,2.189625500801382074e+00
2.679991892152775179e+01,4.845355519514470188e+00,-2.202799344968976378e-02
2.669788937656589667e+01,4.854367758381942011e+00,1.308762664320536118e+00
2.667687258368192715e+01,4.862160138366677486e+00,-7.152903083904555981e-01
2.667683391500533219e+01,4.877972084796893704e+00,2.250315080570485016e+00
2.667676603846105365e+01,4.882682410893874447e+00,-2.284288728518360845e+00
2.667682196557883856e+01,4.865879380759867701e+00,-2.246637248629617944e-01
2.670878067920502730e+01,4.772345774275499330e+00,-2.824814938331040803e+00
2.683886150723622421e+01,4.655784500058755881e+00,2.680269517953623115e+00
2.695384208679166704e+01,4.613041796289351737e+00,1.093551866310972009e+00
2.709382274875623864e+01,4.600295003309472719e+00,5.399732645996169200e-01
2.723379896341396744e+01,4.586905648813925040e+00,1.945312394681976143e+00
2.735381988421379873e+01,4.583716469823071016e+00,2.748448869425146768e+00
2.749395492309738387e+01,4.574432607845027476e+00,-2.099264299012098434e+00
2.761387034148434338e+01,4.575482238834090332e+00,-2.355019236384275683e+00
2.781385341972261571e+01,4.580322428880648111e+00,-1.726999184122680830e+00
2.791390126828986240e+01,4.586387709636317922e+00,-5.432208368624326100e-01
2.805490575790385321e+01,4.601203772753637011e+00,-5.262759716440627011e-01
2.819588709587802811e+01,4.605148525382212199e+00,1.026809719956406131e+00
2.833590268802398171e+01,4.609056364632469815e+00,1.927437360275405354e+00
2.847695238584760347e+01,4.632347289525709400e+00,-3.450978821261299623e-02
2.859694968304606633e+01,4.629094741396977852e+00,1.603403143268577802e+00
2.872893550061120038e+01,4.639888847967188923e+00,8.812969993448206418e-01
2.882403471838829745e+01,4.651591252100110374e+00,5.563596483753878719e-01
2.894392476383593049e+01,4.656846365357734996e+00,3.079881815904992326e+00
2.912393575968593495e+01,4.656847443034812351e+00,-2.749880356210315124e+00
2.924395048502176309e+01,4.633366975114524777e+00,2.241132154359741224e-01
2.938797498601508096e+01,4.634208676111937208e+00,2.853795398327213739e+00
2.951298159518997011e+01,4.634400068831025621e+00,4.340620925129536345e-01
2.967302329543479900e+01,4.638532493420703062e+00,1.609630165165744309e+00
2.979904586187353388e+01,4.636347184128020160e+00,1.681099482481801521e+00
2.996709276961566104e+01,4.624515849726202887e+00,1.062431564750710850e-01
3.011402701588901110e+01,4.620422254822404540e+00,1.933734831208274496e+00
3.025502475077231068e+01,4.614241738678014570e+00,1.341654004774811115e+00
3.039710274968766157e+01,4.614621898976024816e+00,2.132871109637857199e+00
3.054405383927166895e+01,4.602043617043005241e+00,1.380163099356015000e+00
3.066999095120530683e+01,4.587393087161303562e+00,-1.624213299440352198e+00
3.078897174057053832e+01,4.585361323939860512e+00,1.888714389341715094e+00
3.090893267819525647e+01,4.586313611835555193e+00,1.800178413008938660e+00
3.105492729315161782e+01,4.577030277793584290e+00,-1.728274567147801699e-01
3.119490901524893900e+01,4.575801616365440694e+00,-4.511970333796166965e-01
3.135493582258573042e+01,4.566188298778972587e+00,-1.044179438551236065e-02
3.147602220344325730e+01,4.567347299069140831e+00,-3.811544287062078040e-01
3.164100711772505292e+01,4.574004252880147448e+00,-3.036188532553890873e+00
3.176097013414965886e+01,4.555934972402882366e+00,-7.500400872939337882e-01
3.188096356314645519e+01,4.553205130471713602e+00,-1.032289443634391846e-01
3.202597411468530453e+01,4.548860271781087761e+00,-1.526778159569594617e+00
3.215300521004338208e+01,4.540902907952160561e+00,7.765690580432308421e-01
3.234195381648282819e+01,4.530259085226459703e+00,2.346228092295996603e-01
3.254395230128585581e+01,4.525556202991201538e+00,2.326950311254877057e+00
3.268700768481563301e+01,4.507861946877028458e+00,-2.876971524733192176e+00
3.281104525917744041e+01,4.510042386787403323e+00,-1.092071960443230960e+00
3.296404242329285950e+01,4.502492417289425397e+00,1.250683046374789428e-02
3.305898099139061941e+01,4.500009211150876709e+00,-5.700535305668216202e-01
3.320498646193074421e+01,4.511729982853950105e+00,-1.698435200194988282e+00
3.332902441603217625e+01,4.518678914778581301e+00,6.164021802747163825e-01
3.351003599427323820e+01,4.512096820015635501e+00,2.954072387813396094e+00
3.363504405357275573e+01,4.505694959893133955e+00,-2.070160974782309093e+00
3.377510772049157595e+01,4.510554678073516399e+00,6.978660500772847497e-01
3.391507615035916245e+01,4.516169393828814549e+00,1.536571891666737910e+00
3.403508643575497672e+01,4.505303009882315912e+00,1.610647820187796064e+00
3.417505585288247971e+01,4.485989963580220063e+00,-8.055741685244104389e-01
3.429504995869086770e+01,4.481533137434329461e+00,-1.972979039726892925e+00
3.443899309273118092e+01,4.467537059190316739e+00,9.984924040107728826e-01
3.457897605227944382e+01,4.449174951053537441e+00,1.203905609539792199e+00
3.471899396295853535e+01,4.419240036669943805e+00,2.621586081599082352e+00
3.485901208393278239e+01,4.397157471118314120e+00,2.020214710071435604e+00
3.501905123713076051e+01,4.380169813285913705e+00,1.774416634730379805e+00
3.512798946272046408e+01,4.360156496541987892e+00,2.997791193899298268e+00
3.524793837030729549e+01,4.354319610993695022e+00,8.488107136136178177e-01
3.538785973427951603e+01,4.349287083363091888e+00,2.924968748764056325e+00
3.552880548546148276e+01,4.334182494344446468e+00,9.695112721135323852e-01
3.565080322278828362e+01,4.317512747555401376e+00,-2.751696910835684573e+00
3.579077407747865891e+01,4.286828739061388838e+00,-2.295975551752688748e+00
3.591079467150554905e+01,4.278899274284302834e+00,-1.413814021151884370e+00
3.607075383740303209e+01,4.271880968609478302e+00,-1.977086182425888294e+00
3.619375456915827272e+01,4.257760381572579078e+00,-4.079021034318778272e-01
3.631976573672024244e+01,4.251057884301559397e+00,-2.426522167465067881e+00
3.646685180860835374e+01,4.257235546249621194e+00,3.117356281736345824e+00
3.663482530597782727e+01,4.263048387153521190e+00,5.882540644853038181e-01
3.678178462159063145e+01,4.257966619133598307e+00,-1.336005821891891987e+00
3.692879344870971181e+01,4.262001537408163010e+00,-1.541658243108492699e-01
3.707076192916780855e+01,4.274908115735857272e+00,1.690929822459166454e+00
3.716167963256732065e+01,4.282151132330521470e+00,2.151063786854312099e+00
3.725745357992321516e+01,4.351482511972610823e+00,2.752135083140530014e+00
3.739668497701605787e+01,2.651132444318236581e-01,2.979054718750705266e+00
3.752102700964516657e+01,7.998096528522839754e-02,-3.135305827920126021e+00
3.768978599084903180e+01,7.624057946639262173e-02,3.076355459429357175e+00
3.781070723185675320e+01,5.275609714184135990e-02,3.088111953016954292e+00
3.795056684210058506e+01,1.520518863897913353e-01,2.873794041500647545e+00
3.809111623358420928e+01,3.419869215940544716e-01,2.886045824182453146e+00
3.827125026611301450e+01,3.057458966156423319e-01,2.754130554390856300e+00
3.839589033763224535e+01,1.820457506544101434e-01,2.962264325876798221e+00
3.853690755816022318e+01,-5.425891377239385610e-02,-2.067814363823291313e+00
3.865620441679464392e+01,-2.963224948714394957e-02,-1.734464470960445093e+00
3.879822773877022257e+01,-3.639887018854882916e-02,-1.762190422702428982e+00
3.892231323468902815e+01,-1.074160395789572620e-01,-1.915438272280953091e+00
3.906932205928850976e+01,-1.500415747237554276e-01,-1.268115523278815715e+00
3.921626660073512483e+01,-1.632306249377682150e-01,-5.558068836536188551e-01
3.938536769860185416e+01,-1.655571943224962150e-01,-1.172940892702906801e+00
3.949145233926758181e+01,-1.619394084958931390e-01,2.186648034937972884e+00
3.963338069438361089e+01,-1.589631939546946038e-01,-2.112865360135562920e+00
3.979439322471717588e+01,-1.605203405229941871e-01,-2.524468003767699642e+00
3.993421461492506097e+01,-1.578123163673495477e-01,3.094637684576690528e+00
4.005415427915215076e+01,-1.677362326268496129e-01,-1.628958693539059643e+00
4.021437911765564621e+01,-1.655244649554509229e-01,-2.339557267620060443e+00
4.033413919296426542e+01,-1.667113544286307203e-01,-7.354769147643395177e-01
4.047420724028569339e+01,-1.698002243120118049e-01,5.071023451700451545e-01
4.059399524469635168e+01,-1.689400590620277476e-01,7.465864558908024140e-01
4.073200759409046157e+01,-1.658788432969373061e-01,2.029952688817230122e+00
4.086591462479660919e+01,-1.746428825277939745e-01,-2.221389688057305190e+00
4.097686394707260149e+01,-1.650336406465655603e-01,1.866937198592024671e+00
4.110361531440124594e+01,-1.746055776947155191e-01,3.088294378910489080e+00
4.122848225118889331e+01,-1.741743244065604435e-01,9.493477386089423931e-01
4.136942779625177025e+01,-1.694546409279068522e-01,2.723891093554142162e-01
4.149153554758436968e+01,-1.767375511873350569e-01,1.084796661180135596e-01
4.159247800627203873e+01,-1.731605827022242305e-01,2.969579499297560155e+00
4.170775980791604098e+01,-1.688708840119880761e-01,-1.924469827842319125e+00
4.180786371485224606e+01,-1.763454329430606815e-01,-1.134408059872774155e+00
4.192411281202359419e+01,-1.701504270269935393e-01,-2.548020362472028122e+00
4.204002685147506213e+01,-1.696851951758825972e-01,-6.670043365783825395e-01
4.216013082098143627e+01,-1.707124726671606085e-01,1.307890226442880000e+00
4.230049356512054004e+01,-1.588638538651703236e-01,-5.899011225558690175e-01
4.242041450583924700e+01,-1.668374779158812715e-01,2.153963473534989514e+00
4.256078747213708624e+01,-1.607152893537474314e-01,7.092132725267084048e-01
4.276052141428976938e+01,-1.615699672037204104e-01,-1.449190574535502041e+00
4.292435968533450819e+01,-1.554689285840295254e-01,1.721793739907055310e+00
4.304847907958697562e+01,-1.595143440442490235e-01,-2.061645099183043506e+00
4.319214794370537192e+01,-1.558285441076331379e-01,-1.681130546015176863e+00
4.331892127681801696e+01,-1.551650952448556109e-01,-1.501062659107267883e-01
4.348549631845152419e+01,-1.604433376241324871e-01,2.998663721763012990e-01
4.362885900062245526e+01,-1.592934719478789618e-01,8.418996114287410348e-01
4.376923831050751801e+01,-1.651883456446477105e-01,2.880752956437221624e+00
4.390947076127714865e+01,-1.593144173559390420e-01,2.139955157695085930e+00
4.402986098044881658e+01,-1.614784870652380688e-01,2.972455706959052701e+00
4.417009103488505417e+01,-1.610099924244801639e-01,8.561930018848293855e-01
4.433074769267792448e+01,-1.618061988833016662e-01,2.578053523582857220e+00
4.448987843844773238e+01,-1.636737218428354623e-01,1.878186451538553126e+00
4.463104184990268664e+01,-1.608792935916596445e-01,2.541023655361196010e+00
4.477622019985111024e+01,-1.560235353024956029e-01,-9.652961298130472434e-01
4.491611713726920385e+01,-1.567884635939993387e-01,1.998142580953868874e+00
4.503602772969877321e+01,-1.553308899021140221e-01,-2.595570702518003259e+00
4.520163783320302286e+01,-1.598884674263219563e-01,2.814344525833721189e+00
4.532408031149327599e+01,-1.635512355934915507e-01,1.334347310028059175e+00
4.544516676904949293e+01,-1.613727477929361442e-01,2.059799343893133017e+00
4.558419956018182972e+01,-1.605912019881285402e-01,2.708863205251459405e+00
4.571897583990217129e+01,-1.599029374881005272e-01,6.674368990315181494e-01
4.584952561574453966e+01,-1.531116068423390431e-01,5.244455281415641990e-01
4.626149862626786557e+01,-1.381271281375499871e-01,-4.924502756080987864e-01
4.639607166237189517e+01,-1.339048152498786837e-01,-2.964020788030709008e-01
4.651006631210373143e+01,-8.325412917809008051e-02,-3.847290100437902871e-01
4.664614245934249936e+01,-3.807447373927925344e-02,-2.309042932538127868e+00
4.680420894949111243e+01,8.981989529154918786e-03,-5.391739258006799096e-01
4.692415223537612690e+01,3.712503158526365976e-02,7.974921542466066882e-01
4.706411777576724376e+01,7.439228898201302731e-02,-1.920007869653561405e+00
4.718412010774511600e+01,9.941334306015753297e-02,2.492024787317083323e+00
4.732408918805384701e+01,1.159377459236764218e-01,2.673140770565725521e+00
4.746413833650720449e+01,1.329071601558704241e-01,-1.109620735551708759e-01
4.798417586066643992e+01,1.763843909078819938e-01,-8.867372117219509686e-01
4.811119502598755560e+01,1.819046507207874308e-01,2.810502151502125567e+00
4.827713542766085197e+01,2.033320352868216718e-01,-2.175341000272092984e+00
4.850617581205939643e+01,2.353052179693463641e-01,-4.188168412978727217e-01
4.865323189047869334e+01,2.437352734778373553e-01,3.045665817343885085e+00
4.880022116696237333e+01,2.457285189633254263e-01,2.391533962579116324e+00
4.894726535105465359e+01,2.504121584976483073e-01,-6.805254653766937833e-01
4.909433413986300820e+01,2.627876318923310084e-01,7.691637534652536745e-01
4.922035646616299687e+01,2.798649207832678565e-01,-1.787700133455589091e+00
4.940934816833453880e+01,2.970562965879294803e-01,-2.843852501074742190e+00
4.953536321527813868e+01,3.015600252870858089e-01,1.884135377479097206e+00
4.967940290195031139e+01,3.124455419129951728e-01,1.760260997843196451e+00
4.980442306185473456e+01,3.258548421417190588e-01,2.332909587597509216e+00
4.992053170103121573e+01,3.251802382349837650e-01,6.548591756251717078e-01
5.006351090592387010e+01,3.412595922550237804e-01,-9.349272177929540684e-01
5.020347585261202283e+01,3.529291096251873650e-01,-1.481985207588685904e+00
5.032350885210804137e+01,3.445607958611751620e-01,3.038946415142074642e+00
5.046342769469060840e+01,3.435817672985263527e-01,-4.400093143171383003e-01
5.060346696294192981e+01,3.496045784269359302e-01,2.077926375255063185e+00
5.072645060492151003e+01,3.633290368107312540e-01,-1.336139761875424048e+00
5.091539485446483582e+01,3.631764114478533423e-01,-4.203842369541310742e-01
5.104141001421481860e+01,3.585917842205906814e-01,-1.115007511199912260e+00
5.116740319730351416e+01,3.716879681351383247e-01,1.034841026825872867e-01
5.133543527819951890e+01,3.710034809881371798e-01,2.397133967394199372e-01
5.145945989291850253e+01,3.723471284360611033e-01,-8.642255271870331601e-01
5.159949562368739606e+01,3.807662670720676767e-01,-1.817756176431481574e+00
5.171946931489101473e+01,3.734578265030342736e-01,1.794633552844897117e+00
5.185942740753791469e+01,3.690386257868770170e-01,-1.887959138915918933e+00
5.200140669539062799e+01,3.682173316631657256e-01,-2.965873963085724707e+00
5.210438932445374149e+01,3.600158392674702723e-01,-2.216782343592742510e+00
5.225341928900388666e+01,3.515932877115477417e-01,2.946358367234125364e+00
5.237642126585006963e+01,3.565718197234726272e-01,-9.996306418855511744e-01
5.254442861105845708e+01,3.643958488142728935e-01,-1.494687543231898896e+00
5.268836353865842170e+01,3.659545186609479694e-01,3.373068732253022839e-01
5.282841220866285425e+01,3.704032644452522893e-01,2.541179480179559302e+00
5.294841923935211980e+01,3.767986653674854081e-01,2.745450178367372374e+00
5.309235148440985341e+01,3.878259995134389904e-01,1.950810062658957955e+00
5.323246936805877993e+01,4.005683052085331486e-01,1.051896429515257081e+00
5.335446880792178348e+01,4.190920594460713078e-01,1.091394636668756801e+00
5.349941794861254607e+01,4.429036304545665992e-01,-2.557622578975240479e+00
5.364341928109406155e+01,4.795160048476032055e-01,-3.410460558464051273e-01
5.378540154468923618e+01,4.866057617310136640e-01,1.293174618839467938e+00
5.390635587747928525e+01,5.112419708381168437e-01,-2.124812819207777537e+00
5.406634312313788371e+01,5.253128418153021340e-01,1.885324227238780903e+00
5.420631930633099671e+01,5.472950109573690991e-01,2.227203501545082176e+00
5.435333505840534229e+01,5.571645935705580310e-01,1.480708069450115572e+00
5.449733631993424865e+01,5.750257414245578680e-01,2.746111208847552110e+00
5.461832259613079543e+01,5.904427919472788888e-01,1.891605263436960227e+00
5.478529217501224480e+01,6.077473515143911875e-01,-2.448722938741227484e+00
5.491135969563929820e+01,6.115277652670129127e-01,-2.512316475277153405e+00
5.502137645438990177e+01,6.236238414788026763e-01,2.508512078245258348e+00
5.509330515925336869e+01,6.211949469824072922e-01,-1.336522882538551338e+00
5.511230601709503674e+01,6.215746158830359747e-01,-8.741429936279757618e-01
5.511635577328243585e+01,6.180585489019747580e-01,-2.868500521918305957e+00
5.512542315198558640e+01,6.131727190161093688e-01,1.802479454577143592e-01
5.514042459131249529e+01,6.078858410729364170e-01,-1.267564650411080684e+00
5.515245430487979661e+01,6.057746812604403175e-01,-2.418666201190086351e+00
5.516645084810072319e+01,5.968070110896622760e-01,-2.309987796509653357e+00
5.518043042068295279e+01,6.084496399301674296e-01,2.483325272055130650e+00
5.519841245725579881e+01,6.081255740480449035e-01,-1.337999330367396045e+00
5.521940107570107159e+01,6.127060327871447498e-01,-1.741155980879536047e+00
5.524638020421195961e+01,6.108143971593317234e-01,1.034640850813845381e+00
5.529336352878992500e+01,6.094275007281241274e-01,2.550686675991128194e+00
5.534041932021891341e+01,6.104607641229693460e-01,-2.708841849006579761e+00
5.546440045445483236e+01,6.193468462397500041e-01,1.876577953783927333e+00
5.561031661848653584e+01,6.348444071194062621e-01,4.407674267064970453e-01
5.573632608596952309e+01,6.552874192896920302e-01,-6.780642425137941576e-01
5.588136645005462100e+01,6.680301270215880383e-01,3.973261389795291754e-01
5.604134801340687488e+01,6.782396107016108733e-01,-2.730571808159709679e+00
5.614837247622484284e+01,6.824789781062190475e-01,-2.856195945394445435e+00
5.615033107332199336e+01,6.718590228186174240e-01,-1.183217775910347047e+00
5.615033717386219791e+01,6.712538841248453236e-01,1.209038051006977810e+00
5.615032363260083059e+01,6.602898930452614223e-01,-3.218129238875711562e-01
5.615032578697432086e+01,6.761009972412871383e-01,-2.795372374447096853e+00
5.615029770376889218e+01,6.706810636355304833e-01,-1.650124761713800181e+00
5.615030761683654248e+01,6.674304062584066610e-01,-1.821386040487121161e+00
5.615024096500886941e+01,6.547198561180779253e-01,-2.787965912913560551e+00
5.615028086185365908e+01,6.539788931073323708e-01,-1.621888975380892051e+00
5.614723614822742093e+01,6.647664424939137007e-01,-3.108831237909108314e+00
5.606323954779421115e+01,7.553300739789194918e-01,-1.215651026788339972e-01
5.591526831198230241e+01,8.194205946162920196e-01,2.044848320115216112e+00
5.575526970541521621e+01,8.105734269851303520e-01,1.437451832036487909e-01
5.565529924169487686e+01,7.882732615312995073e-01,7.279152172506256901e-01
5.547827905546198224e+01,7.329458808712310258e-01,2.022044763253177724e+00
5.536521923803729806e+01,6.846640251338174110e-01,1.180748736304368274e+00
5.523424829388731894e+01,6.227533943888765577e-01,1.200781660706984111e+00
5.512516078280196297e+01,5.821775225745819959e-01,-2.630611918063209931e+00
5.504017140933140695e+01,5.346203052939193512e-01,-2.787949785170241945e+00
5.500511508727577592e+01,5.151739500704746177e-01,-9.512330221498018767e-01
5.498607107027604712e+01,5.051546307543557379e-01,-1.858903311987840423e+00
5.496708930757141331e+01,5.049596540469665218e-01,2.249330989901200173e+00
5.495407189072550835e+01,4.964666674438404370e-01,1.282211209912288707e-01
5.494206126735049622e+01,4.838224242689379562e-01,2.338812721903282377e+00
5.494211590272611545e+01,4.918899416628094157e-01,-2.755199903809371964e+00
5.492821974785151440e+01,4.790317145867258319e-01,-1.742031410572384142e-01
5.491619743374345575e+01,4.750439649310365109e-01,4.836803893558434542e-01
5.490915213957121210e+01,4.706590196026729234e-01,1.721101294477962007e+00
5.489219501922912059e+01,4.539784410796735559e-01,2.460724322515842832e+00
5.484321188539603753e+01,4.039774081313145526e-01,-2.010856833697235224e+00
5.481919596199499267e+01,3.829646394338297455e-01,5.223465236047405424e-01
5.481021938126340132e+01,3.606074847533982108e-01,2.663506248795728837e+00
5.476529898586894518e+01,3.010134068925917616e-01,5.762096502890224903e-01
5.466530746637695160e+01,2.175605760593156690e-01,3.076268558421180188e+00
5.455830802991394535e+01,1.630734906268390405e-01,-7.928609958786042577e-01
5.442639858137930275e+01,1.202549911245163750e-01,1.326773087274445428e+00
5.429139549623556604e+01,7.122298247281931560e-02,-2.257311199874282082e+00
5.415439090437081404e+01,3.535329208152409447e-02,-2.076418531503211540e+00
5.403648105680082381e+01,-4.609186058569084837e-03,-2.557255697560835150e-01
5.389243223581662789e+01,-4.187844935146314146e-02,7.841918021863909516e-01
5.389039076394636396e+01,-3.818387883060560262e-02,2.335236766452277291e+00
5.389034984157196106e+01,-3.393721099238330985e-02,-2.945156408328404307e+00
5.389036400224866696e+01,-3.962733792071695266e-02,3.134104720408174227e+00
5.389029161125502299e+01,-3.740307503461517968e-02,2.278437042693479686e+00
5.389029316569607886e+01,-3.915790239218447377e-02,2.430734699828406953e+00
5.389033951286625523e+01,-4.645852090142787300e-02,-2.899986585315195597e+00
5.389033803762945496e+01,-4.278789798214996387e-02,2.820569165035315073e+00
5.389032454169865360e+01,-3.569139716111117966e-02,-2.672646894584171484e+00
5.389038498277541578e+01,-3.257440462918813340e-02,-2.801491215160813120e+00
5.390636918951349799e+01,3.692984796669743219e-02,1.897895977782688259e+00
5.399231317767889493e+01,1.717104606853449011e-01,-3.130178370317716396e+00
5.411238123816876566e+01,2.478296112547103414e-01,1.880400147471473549e+00
5.423037528670332108e+01,2.884774785152666166e-01,3.019493983395151737e-01
5.437033222737633764e+01,3.074102200670523199e-01,1.943410987160412606e+00
5.451031965984675765e+01,3.162381146319805381e-01,-3.138488069165266570e+00
5.463231692063579459e+01,3.193728106010160217e-01,9.243702479315327736e-01
5.472537571442734361e+01,3.147624937930396105e-01,2.729313003076748956e+00
5.479335589844396281e+01,3.131076587350537510e-01,-2.231510993861884451e+00
5.485128958258297871e+01,3.097583711808011842e-01,1.695539524245473606e+00
5.490231120170409440e+01,3.237182023778961693e-01,-2.252083088830878488e+00
5.496128585830510360e+01,3.525785403368079662e-01,2.654393854236535066e+00
5.501722684986691547e+01,3.710799244940207187e-01,-2.561172370502156515e+00
5.511619703378546120e+01,4.646104859385377095e-01,2.261464256187068589e+00
5.513820380928308396e+01,5.213941335239890007e-01,-1.497262346421768919e+00
5.513924491709124709e+01,5.174567437938042413e-01,-2.927762453939302567e+00
5.513917894106865702e+01,5.099919055757936581e-01,-3.038425100116814992e+00
5.513913361797300183e+01,5.104980078468226434e-01,1.806951022310058441e+00
5.513907057925883493e+01,5.096929198258768334e-01,1.300151574920326292e+00
5.513909269252712875e+01,5.220707683577100466e-01,5.078233125054816277e-01
5.513911642251391498e+01,5.248539366296819386e-01,1.666048622522859235e+00
5.513910706804754369e+01,5.237468799559680255e-01,2.416116781769085176e+00
5.513907826041580051e+01,5.277889135707227730e-01,2.788976897587795101e+00
5.513910309024819867e+01,5.306759484555453321e-01,-3.064648371154871764e+00
5.513911562107403341e+01,5.292031002874062473e-01,-1.836859675526506308e+00
5.513918473783445506e+01,5.316185479539461411e-01,3.004450599285844459e-01
5.513917810238325501e+01,5.359058245982724067e-01,3.133749525476170472e+00
5.513915540399948156e+01,5.374468073552678415e-01,4.174683611403537387e-02
5.513915695520683613e+01,5.416360806323884391e-01,1.588982436775467022e+00
5.513916765039944323e+01,5.363606951172377180e-01,1.806495115091408588e+00
5.513923612290420095e+01,5.334557600083842388e-01,2.981736125240007862e+00
5.513920537418644585e+01,5.272191204000109543e-01,-6.988511824477027234e-01
5.513921705623775438e+01,5.306452704066171311e-01,1.272447586060963198e+00
5.513923370804987911e+01,5.212641448592175708e-01,-6.306838283588666050e-01
5.513914048930806189e+01,5.244923869845383724e-01,-1.592770021234743705e-01
5.513919993028360977e+01,5.268506597022838411e-01,6.348116302857740312e-01
5.513919741122273166e+01,5.297310076378143329e-01,-5.363608485699218331e-01
5.513920132713020195e+01,5.212196078809014921e-01,1.846969302520456990e+00
5.513921510482046529e+01,5.300823561007913520e-01,2.225921541616941113e+00
5.513919163157822112e+01,5.353690039841009218e-01,-2.196541829729431239e+00
5.513915152445149204e+01,5.298901545591641060e-01,-3.083902949288510165e+00
5.513913898609725095e+01,5.428497221892184532e-01,-9.567365209279647953e-01
5.513914789021242768e+01,5.473960094462303472e-01,9.449287045002712215e-01
5.513915573331858866e+01,5.578228869610005747e-01,-2.391658465823946589e+00
5.513919790267942744e+01,5.576381224520552404e-01,5.602126917616688795e-01
5.513924778169528906e+01,5.692667639136264057e-01,9.328503643838104153e-01
5.513926483863072292e+01,5.879287715385367319e-01,-2.207224994480906144e+00
5.513925934766984938e+01,5.787712923679064758e-01,-2.166141908436771235e+00
5.513927336864567508e+01,5.781513464431189409e-01,-1.124906173606189164e+00
5.513929108015867087e+01,5.911476189638197321e-01,4.841138914920073977e-01
5.513930730543401637e+01,5.931820275229099382e-01,-1.168577434430717821e+00
5.513922716042259253e+01,5.940856226920991912e-01,-1.284870920270058114e+00
5.513917930763847153e+01,5.921173619664591437e-01,3.024267836559210165e-01
5.513918931835281256e+01,5.917410767682292905e-01,2.393122096899078510e+00
5.513923422274594799e+01,5.930005379304885693e-01,-2.070911579884071319e-01
5.513920313386463334e+01,5.864087037427586635e-01,-1.158717115784896334e+00
5.513921623009674278e+01,5.833206091596488951e-01,-1.544886993630184557e+00
5.513920403906151080e+01,6.048054852584348051e-01,2.985150929895988625e+00
5.513919370624926586e+01,6.009409038998823060e-01,2.902446333996273609e-01
5.513918434782938505e+01,6.055039179671983796e-01,2.495820670760902971e+00
5.513906041475612341e+01,6.065909995391738363e-01,1.522053323084758603e+00
5.513915335984157196e+01,6.039882202556117186e-01,1.581449345231866310e+00
5.513911632872615343e+01,6.020747255824422384e-01,4.086267840106732052e-01
5.513916005360738382e+01,6.026855757370448430e-01,-8.917997117997927825e-01
5.513914482172670262e+01,5.950053266561805554e-01,-1.086627360226794847e+00
5.513914769501219837e+01,5.912489341111432095e-01,1.068730531536046913e+00
5.513910746225604953e+01,5.989252355144550899e-01,1.530796471506209011e+00
5.513910263600484285e+01,6.005489422819330070e-01,1.577401311730014077e+00
5.513916135366038418e+01,6.038905041440942867e-01,1.857148651518283788e+00
5.513915584072593390e+01,6.075209230332094812e-01,-6.184126977369004408e-01
5.513912005498632141e+01,6.055000717610756755e-01,2.618498146424677930e+00
5.513910061647744243e+01,5.959475208873756813e-01,1.333692299119818125e+00
5.513913630384182341e+01,5.855729798081285020e-01,-2.044925858466647650e+00
5.513920089909069588e+01,5.995309439799620943e-01,-1.198617517728869597e+00
5.513918714776275465e+01,5.868572312531187274e-01,-8.114748850073942865e-01
5.513921967222390208e+01,5.831544246102594586e-01,-1.520958567212120416e+00
5.513926835570360652e+01,5.688069530471197011e-01,-2.948317258363109872e+00
5.513928930568528131e+01,5.786523086972801266e-01,1.357920737222961804e+00
5.513923101591389297e+01,5.735731939488781794e-01,-7.743252878597353117e-01
5.513923422261577656e+01,5.594106577197871522e-01,5.522629485600678567e-01
5.513931104654032822e+01,5.644776627111578460e-01,-1.853693927577820255e-01
