3.807000000000000028e+01,-1.951999999999999957e+01,0.000000000000000000e+00
3.807000000000000028e+01,-1.951999999999999957e+01,0.000000000000000000e+00
3.807000000000000028e+01,-1.951999999999999957e+01,0.000000000000000000e+00
3.807000000000000028e+01,-1.951999999999999957e+01,0.000000000000000000e+00
3.807000000000000028e+01,-1.951999999999999957e+01,0.000000000000000000e+00
3.807000000000000028e+01,-1.951999999999999957e+01,0.000000000000000000e+00
3.807000000000000028e+01,-1.951999999999999957e+01,0.000000000000000000e+00
3.807000000000000028e+01,-1.951999999999999957e+01,0.000000000000000000e+00
3.807000000000000028e+01,-1.951999999999999957e+01,0.000000000000000000e+00
3.807000000000000028e+01,-1.951999999999999957e+01,0.000000000000000000e+00
3.807000000000000028e+01,-1.951999999999999957e+01,0.000000000000000000e+00
3.807000000000000028e+01,-1.951999999999999957e+01,0.000000000000000000e+00
3.807000000000000028e+01,-1.951999999999999957e+01,0.000000000000000000e+00
3.807000000000000028e+01,-1.951999999999999957e+01,0.000000000000000000e+00
3.807000000000000028e+01,-1.951999999999999957e+01,0.000000000000000000e+00
3.807000000000000028e+01,-1.951999999999999957e+01,0.000000000000000000e+00
3.807000000000000028e+01,-1.951999999999999957e+01,0.000000000000000000e+00
3.807000000000000028e+01,-1.951999999999999957e+01,0.000000000000000000e+00
3.807000000000000028e+01,-1.951999999999999957e+01,5.199999999999999761e-02
3.807000000000000028e+01,-1.951999999999999957e+01,6.999999999999999278e-02
3.807000000000000028e+01,-1.951999999999999957e+01,1.400000000000000133e-01
3.807000000000000028e+01,-1.951999999999999957e+01,1.740000000000000158e-01
3.807000000000000028e+01,-1.951999999999999957e+01,2.440000000000000224e-01
3.807000000000000028e+01,-1.951999999999999957e+01,2.620000000000000107e-01
3.807000000000000028e+01,-1.951999999999999957e+01,3.319999999999999063e-01
3.807000000000000028e+01,-1.951999999999999957e+01,3.489999999999999769e-01
3.807000000000000028e+01,-1.951999999999999957e+01,4.189999999999999836e-01
3.807000000000000028e+01,-1.951999999999999957e+01,4.189999999999999836e-01
3.807000000000000028e+01,-1.951999999999999957e+01,4.889999999999999902e-01
3.807000000000000028e+01,-1.951999999999999957e+01,5.410000000000000364e-01
3.807000000000000028e+01,-1.951999999999999957e+01,5.930000000000000826e-01
3.807000000000000028e+01,-1.951999999999999957e+01,6.280000000000001137e-01
3.807000000000000028e+01,-1.951999999999999957e+01,6.460000000000001297e-01
3.807000000000000028e+01,-1.951999999999999957e+01,6.980000000000001759e-01
3.807000000000000028e+01,-1.951999999999999957e+01,7.150000000000001910e-01
3.807000000000000028e+01,-1.951999999999999957e+01,7.500000000000002220e-01
3.807000000000000028e+01,-1.951999999999999957e+01,8.030000000000002691e-01
3.807000000000000028e+01,-1.951999999999999957e+01,8.380000000000003002e-01
3.807000000000000028e+01,-1.951999999999999957e+01,8.550000000000003153e-01
3.807000000000000028e+01,-1.951999999999999957e+01,8.900000000000003464e-01
3.807000000000000028e+01,-1.951999999999999957e+01,9.250000000000003775e-01
3.807000000000000028e+01,-1.951999999999999957e+01,9.250000000000003775e-01
3.807000000000000028e+01,-1.951999999999999957e+01,9.950000000000003286e-01
3.807099999999999795e+01,-1.951699999999999946e+01,1.030000000000000249e+00
3.808500000000000085e+01,-1.948199999999999932e+01,1.239000000000000323e+00
3.809199999999999875e+01,-1.945400000000000063e+01,1.344000000000000306e+00
3.809700000000000131e+01,-1.941799999999999926e+01,1.449000000000000288e+00
3.809900000000000375e+01,-1.937899999999999778e+01,1.518000000000000238e+00
3.809900000000000375e+01,-1.935899999999999821e+01,1.553000000000000158e+00
3.809900000000000375e+01,-1.933899999999999864e+01,1.571000000000000174e+00
3.809600000000000364e+01,-1.929899999999999949e+01,1.623000000000000220e+00
3.809400000000000119e+01,-1.927899999999999991e+01,1.641000000000000236e+00
3.808899999999999864e+01,-1.923900000000000077e+01,1.675000000000000266e+00
3.808299999999999841e+01,-1.919900000000000162e+01,1.693000000000000282e+00
3.807600391736331602e+01,-1.915900000000000247e+01,1.710002673073273360e+00
3.806800391736331335e+01,-1.911900000000000333e+01,1.745002673073273280e+00
3.806400391736331557e+01,-1.909900000000000375e+01,1.745002673073273280e+00
3.805400391736331756e+01,-1.905900000000000460e+01,1.780002673073273201e+00
3.804400391736331954e+01,-1.901900000000000546e+01,1.798002673073273217e+00
3.803900391736331699e+01,-1.899900000000000588e+01,1.798002673073273217e+00
3.802800391736331420e+01,-1.895900000000000674e+01,1.798002673073273217e+00
3.802300391736331164e+01,-1.893900000000000716e+01,1.815002673073273121e+00
3.801100391736331119e+01,-1.889900000000000801e+01,1.815002673073273121e+00
3.799900391736331073e+01,-1.886000000000000654e+01,1.815002673073273121e+00
3.798700391736331028e+01,-1.882000000000000739e+01,1.833002673073273137e+00
3.798100391736331005e+01,-1.880000000000000782e+01,1.833002673073273137e+00
3.796900391736330960e+01,-1.876100000000000634e+01,1.833002673073273137e+00
3.795700391736330914e+01,-1.872100000000000719e+01,1.833002673073273137e+00
3.795000391736331125e+01,-1.870100000000000762e+01,1.833002673073273137e+00
3.793800391736331079e+01,-1.866200000000000614e+01,1.833002673073273137e+00
3.793200391736331056e+01,-1.864300000000000779e+01,1.833002673073273137e+00
3.792000391736331011e+01,-1.860500000000000753e+01,1.833002673073273137e+00
3.790800391736330965e+01,-1.856600000000000605e+01,1.833002673073273137e+00
3.789000391736330897e+01,-1.850700000000000500e+01,1.815002673073273121e+00
3.788400391736330874e+01,-1.848700000000000543e+01,1.815002673073273121e+00
3.787200391736330829e+01,-1.844700000000000628e+01,1.815002673073273121e+00
3.786600391736330806e+01,-1.842800000000000793e+01,1.815002673073273121e+00
3.785400391736330761e+01,-1.838900000000000645e+01,1.815002673073273121e+00
3.784800391736330738e+01,-1.837000000000000810e+01,1.815002673073273121e+00
3.784200391736330715e+01,-1.835000000000000853e+01,1.815002673073273121e+00
3.783200391736330914e+01,-1.831000000000000938e+01,1.798002673073273217e+00
3.782100391736330636e+01,-1.827000000000001023e+01,1.798002673073273217e+00
3.781100391736330835e+01,-1.823000000000001108e+01,1.780002673073273201e+00
3.780100391736331034e+01,-1.819000000000001194e+01,1.780002673073273201e+00
3.779100391736331233e+01,-1.815000000000001279e+01,1.763002673073273296e+00
3.778200391736331198e+01,-1.811000000000001364e+01,1.763002673073273296e+00
3.777700391736330943e+01,-1.809000000000001407e+01,1.763002673073273296e+00
3.777300391736331164e+01,-1.807000000000001450e+01,1.763002673073273296e+00
3.776400391736331130e+01,-1.803000000000001535e+01,1.745002673073273280e+00
3.775600391736330863e+01,-1.799000000000001620e+01,1.745002673073273280e+00
3.774800391736330596e+01,-1.795000000000001705e+01,1.728002673073273376e+00
3.774000391736330329e+01,-1.791000000000001791e+01,1.728002673073273376e+00
3.772800391736330283e+01,-1.785000000000001918e+01,1.710002673073273360e+00
3.772100391736330494e+01,-1.781000000000002004e+01,1.710002673073273360e+00
3.771400391736330704e+01,-1.777000000000002089e+01,1.710002673073273360e+00
3.771100391736330693e+01,-1.775000000000002132e+01,1.693002673073273456e+00
3.770800391736330681e+01,-1.773000000000002174e+01,1.693002673073273456e+00
3.770200391736330658e+01,-1.769000000000002260e+01,1.693002673073273456e+00
3.769900391736330647e+01,-1.767000000000002302e+01,1.693002673073273456e+00
3.769300391736330624e+01,-1.763000000000002387e+01,1.675002673073273440e+00
3.768700391736330602e+01,-1.759000000000002473e+01,1.675002673073273440e+00
3.768100391736330579e+01,-1.755000000000002558e+01,1.675002673073273440e+00
3.767600391736330323e+01,-1.751000000000002643e+01,1.658002673073273536e+00
3.767400391736330079e+01,-1.749000000000002686e+01,1.658002673073273536e+00
3.767000391736330300e+01,-1.745000000000002771e+01,1.658002673073273536e+00
3.766800391736330056e+01,-1.743000000000002814e+01,1.658002673073273536e+00
3.766500391736330045e+01,-1.740800000000002967e+01,1.641002673073273632e+00
3.766400391736330278e+01,-1.739500000000002800e+01,1.623002673073273616e+00
3.766100391736330266e+01,-1.735500000000002885e+01,1.606002673073273712e+00
3.765800391736330255e+01,-1.729500000000003013e+01,1.606002673073273712e+00
3.765600391736330010e+01,-1.727500000000003055e+01,1.606002673073273712e+00
3.765400391736329766e+01,-1.723500000000003141e+01,1.606002673073273712e+00
3.765200391736329522e+01,-1.721500000000003183e+01,1.623002673073273616e+00
3.764900391736329510e+01,-1.717500000000003268e+01,1.623002673073273616e+00
3.764800391736329743e+01,-1.715500000000003311e+01,1.623002673073273616e+00
3.764400391736329965e+01,-1.711500000000003396e+01,1.623002673073273616e+00
3.764200391736329721e+01,-1.709500000000003439e+01,1.623002673073273616e+00
3.763900391736329709e+01,-1.705500000000003524e+01,1.623002673073273616e+00
3.763500391736329931e+01,-1.701500000000003610e+01,1.641002673073273632e+00
3.763100391736330153e+01,-1.697500000000003695e+01,1.641002673073273632e+00
3.762700391736330374e+01,-1.693500000000003780e+01,1.641002673073273632e+00
3.762300391736330596e+01,-1.689400000000003743e+01,1.641002673073273632e+00
3.762100391736330351e+01,-1.687300000000003664e+01,1.641002673073273632e+00
3.761900391736330107e+01,-1.685200000000003584e+01,1.641002673073273632e+00
3.761500391736330329e+01,-1.681100000000003547e+01,1.641002673073273632e+00
3.761200391736330317e+01,-1.679000000000003467e+01,1.658002673073273536e+00
3.760800391736330539e+01,-1.674800000000003308e+01,1.658002673073273536e+00
3.760200391736330516e+01,-1.668500000000003425e+01,1.658002673073273536e+00
3.759900391736330505e+01,-1.666500000000003467e+01,1.658002673073273536e+00
3.759500391736330727e+01,-1.662400000000003431e+01,1.658002673073273536e+00
3.759300391736330482e+01,-1.660400000000003473e+01,1.658002673073273536e+00
3.758900391736330704e+01,-1.656400000000003558e+01,1.641002673073273632e+00
3.758700391736330459e+01,-1.654300000000003479e+01,1.641002673073273632e+00
3.758200391736330204e+01,-1.650100000000003320e+01,1.641002673073273632e+00
3.757800391736330425e+01,-1.646000000000003283e+01,1.641002673073273632e+00
3.757600391736330181e+01,-1.644000000000003325e+01,1.641002673073273632e+00
3.757200391736330403e+01,-1.640000000000003411e+01,1.641002673073273632e+00
3.757000391736330158e+01,-1.638000000000003453e+01,1.641002673073273632e+00
3.756600391736330380e+01,-1.633800000000003294e+01,1.641002673073273632e+00
3.756000391736330357e+01,-1.627500000000003411e+01,1.641002673073273632e+00
3.755800391736330113e+01,-1.625400000000003331e+01,1.623002673073273616e+00
3.755400391736330334e+01,-1.621200000000003172e+01,1.623002673073273616e+00
3.755200391736330090e+01,-1.619100000000003092e+01,1.623002673073273616e+00
3.754800391736330312e+01,-1.615000000000003055e+01,1.623002673073273616e+00
3.754600391736330067e+01,-1.612900000000002976e+01,1.623002673073273616e+00
3.754000391736330045e+01,-1.606600000000003092e+01,1.623002673073273616e+00
3.753600391736330266e+01,-1.602400000000002933e+01,1.623002673073273616e+00
3.753000391736330243e+01,-1.596400000000002883e+01,1.641002673073273632e+00
3.752800391736329999e+01,-1.594300000000002804e+01,1.641002673073273632e+00
3.752600391736329755e+01,-1.592200000000002724e+01,1.641002673073273632e+00
3.752200391736329976e+01,-1.588100000000002687e+01,1.641002673073273632e+00
3.752000391736329732e+01,-1.586100000000002730e+01,1.641002673073273632e+00
3.751600391736329954e+01,-1.581900000000002748e+01,1.641002673073273632e+00
3.751400391736329709e+01,-1.579800000000002669e+01,1.641002673073273632e+00
3.751000391736329931e+01,-1.575600000000002687e+01,1.641002673073273632e+00
3.750800391736329686e+01,-1.573600000000002730e+01,1.641002673073273632e+00
3.750400391736329908e+01,-1.569400000000002748e+01,1.641002673073273632e+00
3.750000391736330130e+01,-1.565200000000002767e+01,1.641002673073273632e+00
3.750000391736330130e+01,-1.565200000000002767e+01,1.641002673073273632e+00
3.749400391736330107e+01,-1.558900000000002706e+01,1.641002673073273632e+00
3.749000391736330329e+01,-1.554700000000002724e+01,1.641002673073273632e+00
3.748600391736330550e+01,-1.550500000000002743e+01,1.641002673073273632e+00
3.748200391736330772e+01,-1.546300000000002761e+01,1.641002673073273632e+00
3.748000391736330528e+01,-1.544200000000002682e+01,1.641002673073273632e+00
3.747600391736330749e+01,-1.540000000000002700e+01,1.641002673073273632e+00
3.747400391736330505e+01,-1.537900000000002620e+01,1.641002673073273632e+00
3.747000391736330727e+01,-1.533700000000002639e+01,1.641002673073273632e+00
3.746400391736330704e+01,-1.527300000000002633e+01,1.641002673073273632e+00
3.746000391736330926e+01,-1.523100000000002652e+01,1.641002673073273632e+00
3.745800391736330681e+01,-1.521000000000002572e+01,1.641002673073273632e+00
3.745400391736330903e+01,-1.516800000000002591e+01,1.641002673073273632e+00
3.745200391736330658e+01,-1.514700000000002511e+01,1.641002673073273632e+00
3.744800391736330880e+01,-1.510500000000002530e+01,1.641002673073273632e+00
3.744400391736331102e+01,-1.506300000000002548e+01,1.641002673073273632e+00
3.744200391736330857e+01,-1.504200000000002468e+01,1.641002673073273632e+00
3.743800391736331079e+01,-1.500000000000002487e+01,1.641002673073273632e+00
3.743400391736331301e+01,-1.495800000000002505e+01,1.641002673073273632e+00
3.743000391736331522e+01,-1.491600000000002524e+01,1.641002673073273632e+00
3.742600391736331744e+01,-1.487400000000002542e+01,1.641002673073273632e+00
3.742400391736331500e+01,-1.485300000000002463e+01,1.641002673073273632e+00
3.742000391736331721e+01,-1.481100000000002481e+01,1.641002673073273632e+00
3.741800391736331477e+01,-1.479000000000002402e+01,1.641002673073273632e+00
3.741400391736331699e+01,-1.474900000000002365e+01,1.641002673073273632e+00
3.741000391736331920e+01,-1.470700000000002383e+01,1.641002673073273632e+00
3.740800391736331676e+01,-1.468600000000002304e+01,1.641002673073273632e+00
3.740400391736331898e+01,-1.464400000000002322e+01,1.641002673073273632e+00
3.740000391736332119e+01,-1.460200000000002341e+01,1.641002673073273632e+00
3.739600391736332341e+01,-1.456000000000002359e+01,1.641002673073273632e+00
3.739400391736332097e+01,-1.454000000000002402e+01,1.641002673073273632e+00
3.739000391736332318e+01,-1.450000000000002487e+01,1.641002673073273632e+00
3.738800391736332074e+01,-1.448000000000002530e+01,1.641002673073273632e+00
3.738400391736332296e+01,-1.444000000000002615e+01,1.641002673073273632e+00
3.738000391736332517e+01,-1.440000000000002700e+01,1.623002673073273616e+00
3.737800391736332273e+01,-1.438000000000002743e+01,1.623002673073273616e+00
3.737400391736332494e+01,-1.434000000000002828e+01,1.623002673073273616e+00
3.737100391736332483e+01,-1.430000000000002913e+01,1.623002673073273616e+00
3.736900391736332239e+01,-1.428000000000002956e+01,1.623002673073273616e+00
3.736700391736331994e+01,-1.424000000000003041e+01,1.606002673073273712e+00
3.736400391736331983e+01,-1.420000000000003126e+01,1.606002673073273712e+00
3.736300391736332216e+01,-1.418000000000003169e+01,1.606002673073273712e+00
3.736100391736331972e+01,-1.413900000000003132e+01,1.588002673073273696e+00
3.736000391736332205e+01,-1.411900000000003175e+01,1.588002673073273696e+00
3.735800391736331960e+01,-1.407900000000003260e+01,1.588002673073273696e+00
3.735700391736332193e+01,-1.405900000000003303e+01,1.588002673073273696e+00
3.735400391736332182e+01,-1.399900000000003253e+01,1.606002673073273712e+00
3.735300391736332415e+01,-1.397900000000003295e+01,1.606002673073273712e+00
3.735100391736332170e+01,-1.393900000000003381e+01,1.606002673073273712e+00
3.735000391736332404e+01,-1.391900000000003423e+01,1.606002673073273712e+00
3.734700391736332392e+01,-1.387800000000003386e+01,1.606002673073273712e+00
3.734300391736332614e+01,-1.381700000000003392e+01,1.623002673073273616e+00
3.734000391736332602e+01,-1.377700000000003477e+01,1.623002673073273616e+00
3.733900391736332836e+01,-1.375700000000003520e+01,1.623002673073273616e+00
3.733500391736333057e+01,-1.371700000000003605e+01,1.623002673073273616e+00
3.733100391736333279e+01,-1.367700000000003691e+01,1.641002673073273632e+00
3.732900391736333034e+01,-1.365700000000003733e+01,1.641002673073273632e+00
3.732300391736333012e+01,-1.359500000000003794e+01,1.641002673073273632e+00
3.732100391736332767e+01,-1.357400000000003715e+01,1.641002673073273632e+00
3.731900391736332523e+01,-1.355300000000003635e+01,1.641002673073273632e+00
3.731500391736332745e+01,-1.351100000000003654e+01,1.641002673073273632e+00
3.731300391736332500e+01,-1.349100000000003696e+01,1.641002673073273632e+00
3.730900391736332722e+01,-1.345100000000003782e+01,1.641002673073273632e+00
3.730500391736332944e+01,-1.341100000000003867e+01,1.641002673073273632e+00
3.730100391736333165e+01,-1.337100000000003952e+01,1.641002673073273632e+00
3.729700391736333387e+01,-1.333100000000004037e+01,1.641002673073273632e+00
3.729500391736333142e+01,-1.331100000000004080e+01,1.623002673073273616e+00
3.729100391736333364e+01,-1.327100000000004165e+01,1.623002673073273616e+00
3.728700391736333586e+01,-1.323100000000004250e+01,1.623002673073273616e+00
3.728600391736333819e+01,-1.321100000000004293e+01,1.623002673073273616e+00
3.728300391736333808e+01,-1.317100000000004378e+01,1.606002673073273712e+00
3.728100391736333563e+01,-1.315100000000004421e+01,1.606002673073273712e+00
3.728000391736333796e+01,-1.313200000000004408e+01,1.588002673073273696e+00
3.727900391736334029e+01,-1.310300000000004417e+01,1.571002673073273792e+00
3.727800391736334262e+01,-1.306300000000004502e+01,1.571002673073273792e+00
3.727800391736334262e+01,-1.304300000000004545e+01,1.553002673073273776e+00
3.727800391736334262e+01,-1.300200000000004508e+01,1.553002673073273776e+00
3.727800391736334262e+01,-1.294100000000004513e+01,1.553002673073273776e+00
3.727800391736334262e+01,-1.292100000000004556e+01,1.553002673073273776e+00
3.727700391736334495e+01,-1.288100000000004641e+01,1.571002673073273792e+00
3.727600391736334728e+01,-1.284000000000004604e+01,1.571002673073273792e+00
3.727500391736334961e+01,-1.280000000000004690e+01,1.588002673073273696e+00
3.727300391736334717e+01,-1.276000000000004775e+01,1.606002673073273712e+00
3.727000391736334706e+01,-1.272000000000004860e+01,1.623002673073273616e+00
3.726800391736334461e+01,-1.270000000000004903e+01,1.623002673073273616e+00
3.726400391736334683e+01,-1.266000000000004988e+01,1.641002673073273632e+00
3.726000391736334905e+01,-1.262000000000005073e+01,1.658002673073273536e+00
3.725700391736334893e+01,-1.260000000000005116e+01,1.675002673073273440e+00
3.725100391736334871e+01,-1.256000000000005201e+01,1.675002673073273440e+00
3.724800391736334859e+01,-1.254000000000005244e+01,1.675002673073273440e+00
3.724200391736334836e+01,-1.250000000000005329e+01,1.693002673073273456e+00
3.723600391736334814e+01,-1.246000000000005414e+01,1.693002673073273456e+00
3.723000391736334791e+01,-1.242000000000005500e+01,1.710002673073273360e+00
3.722600391736335013e+01,-1.240000000000005542e+01,1.710002673073273360e+00
3.721900391736335223e+01,-1.236000000000005627e+01,1.710002673073273360e+00
3.721100391736334956e+01,-1.232000000000005713e+01,1.728002673073273376e+00
3.720700391736335177e+01,-1.230000000000005755e+01,1.728002673073273376e+00
3.719900391736334910e+01,-1.226000000000005841e+01,1.728002673073273376e+00
3.719500391736335132e+01,-1.224000000000005883e+01,1.745002673073273280e+00
3.718700391736334865e+01,-1.220000000000005969e+01,1.745002673073273280e+00
3.717800391736334831e+01,-1.216000000000006054e+01,1.745002673073273280e+00
3.717000391736334564e+01,-1.212000000000006139e+01,1.763002673073273296e+00
3.716500391736334308e+01,-1.210000000000006182e+01,1.763002673073273296e+00
3.715500391736334507e+01,-1.206000000000006267e+01,1.763002673073273296e+00
3.714500391736334706e+01,-1.202000000000006352e+01,1.763002673073273296e+00
3.714000391736334450e+01,-1.200000000000006395e+01,1.780002673073273201e+00
3.710500391736334791e+01,-1.186000000000006338e+01,1.780002673073273201e+00
3.709400391736334512e+01,-1.182000000000006423e+01,1.780002673073273201e+00
3.708400391736334711e+01,-1.177900000000006386e+01,1.798002673073273217e+00
3.707800391736334689e+01,-1.175900000000006429e+01,1.798002673073273217e+00
3.706800391736334888e+01,-1.171900000000006514e+01,1.798002673073273217e+00
3.706300391736334632e+01,-1.169900000000006557e+01,1.798002673073273217e+00
3.705200391736334353e+01,-1.165900000000006642e+01,1.798002673073273217e+00
3.704700391736334097e+01,-1.163900000000006685e+01,1.798002673073273217e+00
3.703500391736334052e+01,-1.159900000000006770e+01,1.798002673073273217e+00
3.701200391736333728e+01,-1.151800000000006818e+01,1.815002673073273121e+00
3.700600391736333705e+01,-1.149900000000006806e+01,1.815002673073273121e+00
3.699500391736333427e+01,-1.146000000000006835e+01,1.815002673073273121e+00
3.698300391736333381e+01,-1.142100000000006865e+01,1.815002673073273121e+00
3.697100391736333336e+01,-1.138100000000006951e+01,1.833002673073273137e+00
3.696500391736333313e+01,-1.136100000000006993e+01,1.833002673073273137e+00
3.695300391736333268e+01,-1.132200000000007023e+01,1.833002673073273137e+00
3.694700391736333245e+01,-1.130200000000007066e+01,1.833002673073273137e+00
3.693400391736333432e+01,-1.126300000000007095e+01,1.850002673073273041e+00
3.692000391736333142e+01,-1.122500000000007070e+01,1.867002673073272945e+00
3.690600391736332853e+01,-1.118700000000007044e+01,1.902002673073272865e+00
3.689200391736332563e+01,-1.114900000000007019e+01,1.920002673073272881e+00
3.688500391736332773e+01,-1.113000000000007006e+01,1.920002673073272881e+00
3.686900391736332949e+01,-1.109200000000006980e+01,1.955002673073272801e+00
3.686100391736332682e+01,-1.107400000000006912e+01,1.972002673073272705e+00
3.684300391736332614e+01,-1.103700000000006831e+01,2.007002673073272625e+00
3.683400391736332580e+01,-1.101900000000006763e+01,2.024002673073272529e+00
3.681500391736332745e+01,-1.098300000000006804e+01,2.042002673073272323e+00
3.679500391736332432e+01,-1.094700000000006845e+01,2.059002673073272227e+00
3.678500391736332631e+01,-1.093000000000006899e+01,2.077002673073272021e+00
3.676400391736332551e+01,-1.089600000000006830e+01,2.094002673073271925e+00
3.674200391736332705e+01,-1.086200000000006760e+01,2.112002673073271719e+00
3.670800391736332813e+01,-1.081100000000006744e+01,2.147002673073271861e+00
3.669600391736332767e+01,-1.079400000000006798e+01,2.164002673073271765e+00
3.668400391736332722e+01,-1.077800000000006797e+01,2.164002673073271765e+00
3.667200391736332676e+01,-1.076200000000006796e+01,2.164002673073271765e+00
3.664800391736332585e+01,-1.072900000000006848e+01,2.164002673073271765e+00
3.662400391736332494e+01,-1.069700000000006845e+01,2.182002673073271559e+00
3.658700391736332591e+01,-1.064900000000006841e+01,2.199002673073271463e+00
3.657500391736332546e+01,-1.063300000000006840e+01,2.199002673073271463e+00
3.656200391736332733e+01,-1.061700000000006838e+01,2.199002673073271463e+00
3.651000391736332773e+01,-1.055300000000006833e+01,2.216002673073271367e+00
3.649700391736332961e+01,-1.053800000000006776e+01,2.234002673073271161e+00
3.647100391736332625e+01,-1.050800000000006840e+01,2.251002673073271065e+00
3.645800391736332813e+01,-1.049300000000006783e+01,2.251002673073271065e+00
3.643200391736332477e+01,-1.046300000000006847e+01,2.269002673073270859e+00
3.640500391736332375e+01,-1.043300000000006911e+01,2.286002673073270763e+00
3.639100391736332085e+01,-1.041800000000006854e+01,2.286002673073270763e+00
3.636400391736331983e+01,-1.038900000000006862e+01,2.286002673073270763e+00
3.632200391736331824e+01,-1.034600000000006936e+01,2.304002673073270557e+00
3.630800391736331534e+01,-1.033200000000007002e+01,2.304002673073270557e+00
3.629400391736331244e+01,-1.031700000000006945e+01,2.304002673073270557e+00
3.628000391736330954e+01,-1.030300000000007010e+01,2.321002673073270461e+00
3.625200391736331085e+01,-1.027500000000006963e+01,2.321002673073270461e+00
3.622400391736331215e+01,-1.024700000000006916e+01,2.321002673073270461e+00
3.620900391736331159e+01,-1.023300000000006982e+01,2.339002673073270255e+00
3.618100391736331289e+01,-1.020500000000006935e+01,2.339002673073270255e+00
3.616700391736330999e+01,-1.019100000000007000e+01,2.339002673073270255e+00
3.613800391736330653e+01,-1.016400000000007076e+01,2.356002673073270159e+00
3.607900391736330903e+01,-1.010900000000007104e+01,2.356002673073270159e+00
3.604900391736330789e+01,-1.008200000000007179e+01,2.374002673073269953e+00
3.601900391736330675e+01,-1.005500000000007255e+01,2.374002673073269953e+00
3.600400391736330619e+01,-1.004200000000007265e+01,2.374002673073269953e+00
3.598900391736330562e+01,-1.002900000000007275e+01,2.391002673073269857e+00
3.595900391736330448e+01,-1.000300000000007294e+01,2.391002673073269857e+00
3.594400391736330391e+01,-9.990000000000073044e+00,2.391002673073269857e+00
3.591400391736330278e+01,-9.964000000000073243e+00,2.391002673073269857e+00
3.586800391736330340e+01,-9.925000000000073541e+00,2.408002673073269762e+00
3.585300391736330283e+01,-9.912000000000073641e+00,2.408002673073269762e+00
3.582300391736330170e+01,-9.886000000000073840e+00,2.426002673073269555e+00
3.580700391736330346e+01,-9.873000000000073939e+00,2.426002673073269555e+00
3.577500391736330698e+01,-9.847000000000074138e+00,2.426002673073269555e+00
3.575900391736330874e+01,-9.834000000000074238e+00,2.426002673073269555e+00
3.572700391736331227e+01,-9.808000000000074436e+00,2.443002673073269460e+00
3.569500391736331579e+01,-9.783000000000074081e+00,2.443002673073269460e+00
3.567900391736331756e+01,-9.770000000000074181e+00,2.443002673073269460e+00
3.564700391736332108e+01,-9.746000000000075048e+00,2.461002673073269253e+00
3.561500391736332460e+01,-9.722000000000075914e+00,2.461002673073269253e+00
3.559900391736332637e+01,-9.710000000000075460e+00,2.461002673073269253e+00
3.553400391736332864e+01,-9.662000000000075417e+00,2.478002673073269158e+00
3.551800391736333040e+01,-9.651000000000076184e+00,2.478002673073269158e+00
3.550200391736333216e+01,-9.639000000000075730e+00,2.496002673073268951e+00
3.546800391736333324e+01,-9.615000000000076597e+00,2.496002673073268951e+00
3.543400391736333432e+01,-9.592000000000076909e+00,2.496002673073268951e+00
3.540100391736333307e+01,-9.568000000000077776e+00,2.513002673073268856e+00
3.536700391736333415e+01,-9.545000000000078089e+00,2.513002673073268856e+00
3.535000391736333114e+01,-9.534000000000078856e+00,2.513002673073268856e+00
3.531700391736332989e+01,-9.512000000000078614e+00,2.531002673073268650e+00
3.528300391736333097e+01,-9.490000000000078373e+00,2.531002673073268650e+00
3.526600391736332796e+01,-9.479000000000079140e+00,2.531002673073268650e+00
3.523200391736332904e+01,-9.457000000000078899e+00,2.548002673073268554e+00
3.519800391736333012e+01,-9.435000000000078657e+00,2.548002673073268554e+00
3.518000391736332944e+01,-9.425000000000078870e+00,2.566002673073268348e+00
3.514500391736333285e+01,-9.404000000000078074e+00,2.583002673073268252e+00
3.510900391736333148e+01,-9.384000000000078501e+00,2.600002673073268156e+00
3.507300391736333012e+01,-9.365000000000078373e+00,2.618002673073267950e+00
3.505500391736332944e+01,-9.356000000000078032e+00,2.635002673073267854e+00
3.501800391736333040e+01,-9.338000000000077350e+00,2.653002673073267648e+00
3.500000391736332972e+01,-9.330000000000078231e+00,2.670002673073267552e+00
3.496400391736332836e+01,-9.313000000000078771e+00,2.670002673073267552e+00
3.490700391736332620e+01,-9.288000000000078415e+00,2.688002673073267346e+00
3.486900391736332949e+01,-9.272000000000078401e+00,2.688002673073267346e+00
3.485000391736333114e+01,-9.264000000000079282e+00,2.688002673073267346e+00
3.481200391736333444e+01,-9.248000000000079268e+00,2.705002673073267250e+00
3.477500391736333540e+01,-9.233000000000078700e+00,2.705002673073267250e+00
3.473800391736333637e+01,-9.218000000000078131e+00,2.723002673073267044e+00
3.471900391736333802e+01,-9.210000000000079012e+00,2.723002673073267044e+00
3.468100391736334132e+01,-9.195000000000078444e+00,2.723002673073267044e+00
3.464300391736334461e+01,-9.180000000000077875e+00,2.723002673073267044e+00
3.462400391736334626e+01,-9.173000000000078202e+00,2.740002673073266948e+00
3.460500391736334791e+01,-9.166000000000078529e+00,2.740002673073266948e+00
3.456700391736335121e+01,-9.152000000000079183e+00,2.740002673073266948e+00
3.454800391736335285e+01,-9.145000000000079510e+00,2.758002673073266742e+00
3.451000391736335615e+01,-9.131000000000080163e+00,2.758002673073266742e+00
3.445400391736335877e+01,-9.112000000000080036e+00,2.792002673073266550e+00
3.443400391736335564e+01,-9.106000000000079808e+00,2.810002673073266344e+00
3.439400391736335649e+01,-9.094000000000079353e+00,2.827002673073266248e+00
3.437400391736335337e+01,-9.088000000000079126e+00,2.845002673073266042e+00
3.433400391736335422e+01,-9.077000000000079893e+00,2.862002673073265946e+00
3.429400391736335507e+01,-9.067000000000080107e+00,2.880002673073265740e+00
3.427400391736335195e+01,-9.063000000000080547e+00,2.897002673073265644e+00
3.423500391736335047e+01,-9.055000000000081428e+00,2.915002673073265438e+00
3.421500391736334734e+01,-9.051000000000081869e+00,2.915002673073265438e+00
3.415500391736334507e+01,-9.041000000000082082e+00,2.950002673073265580e+00
3.413500391736334194e+01,-9.038000000000081968e+00,2.967002673073265484e+00
3.409500391736334279e+01,-9.032000000000081741e+00,2.984002673073265388e+00
3.405500391736334365e+01,-9.028000000000082181e+00,3.002002673073265182e+00
3.403500391736334052e+01,-9.026000000000081513e+00,3.002002673073265182e+00
3.399500391736334137e+01,-9.022000000000081954e+00,3.019002673073265086e+00
3.397500391736333825e+01,-9.020000000000081286e+00,3.019002673073265086e+00
3.391500391736333597e+01,-9.015000000000080504e+00,3.037002673073264880e+00
3.385500391736333370e+01,-9.012000000000080391e+00,3.037002673073264880e+00
3.383500391736333057e+01,-9.011000000000080945e+00,3.037002673073264880e+00
3.381500391736332745e+01,-9.010000000000081499e+00,3.037002673073264880e+00
3.377500391736332830e+01,-9.008000000000080831e+00,3.054002673073264784e+00
3.373500391736332915e+01,-9.007000000000081386e+00,3.072002673073264578e+00
3.371500391736332602e+01,-9.007000000000081386e+00,3.089002673073264482e+00
3.367500391736332688e+01,-9.007000000000081386e+00,3.107002673073264276e+00
3.363500391736332773e+01,-9.007000000000081386e+00,3.124002673073264180e+00
3.361500391736332460e+01,-9.007000000000081386e+00,3.141002673073264084e+00
3.357500391736332546e+01,-9.009000000000082053e+00,-3.124182634106322798e+00
3.353500391736332631e+01,-9.011000000000082721e+00,-3.124182634106322798e+00
3.351500391736332318e+01,-9.012000000000082167e+00,-3.124182634106322798e+00
3.347500391736332404e+01,-9.014000000000082835e+00,-3.107182634106322894e+00
3.343500391736332489e+01,-9.016000000000083503e+00,-3.107182634106322894e+00
3.339500391736332574e+01,-9.018000000000084171e+00,-3.107182634106322894e+00
3.336800391736332472e+01,-9.020000000000084839e+00,-3.124182634106322798e+00
3.333800391736332358e+01,-9.021000000000084285e+00,-3.124182634106322798e+00
3.329800391736332443e+01,-9.023000000000084952e+00,-3.124182634106322798e+00
3.325800391736332529e+01,-9.025000000000085620e+00,-3.124182634106322798e+00
3.321800391736332614e+01,-9.027000000000086288e+00,-3.107182634106322894e+00
3.319800391736332301e+01,-9.028000000000085734e+00,-3.107182634106322894e+00
3.315800391736332386e+01,-9.030000000000086402e+00,-3.107182634106322894e+00
3.313800391736332074e+01,-9.031000000000085848e+00,-3.107182634106322894e+00
3.309700391736332392e+01,-9.033000000000086516e+00,-3.089182634106323100e+00
3.307600391736332313e+01,-9.035000000000087184e+00,-3.089182634106323100e+00
3.301600391736332085e+01,-9.041000000000087411e+00,-3.072182634106323196e+00
3.299600391736331773e+01,-9.043000000000088079e+00,-3.054182634106323402e+00
3.291600391736331943e+01,-9.055000000000088534e+00,-3.019182634106323260e+00
3.289600391736331630e+01,-9.058000000000088647e+00,-3.002182634106323356e+00
3.285600391736331716e+01,-9.066000000000087766e+00,-2.984182634106323562e+00
3.285600391736331716e+01,-9.066000000000087766e+00,-2.984182634106323562e+00
3.279600391736331488e+01,-9.078000000000088221e+00,-2.967182634106323658e+00
3.277600391736331176e+01,-9.082000000000087780e+00,-2.967182634106323658e+00
3.273600391736331261e+01,-9.090000000000086899e+00,-2.967182634106323658e+00
3.269600391736331346e+01,-9.099000000000087240e+00,-2.950182634106323754e+00
3.265600391736331432e+01,-9.109000000000087027e+00,-2.950182634106323754e+00
3.261500391736331750e+01,-9.119000000000086814e+00,-2.950182634106323754e+00
3.257500391736331835e+01,-9.129000000000086601e+00,-2.950182634106323754e+00
3.251400391736331841e+01,-9.144000000000087169e+00,-2.932182634106323960e+00
3.249400391736331528e+01,-9.149000000000087951e+00,-2.932182634106323960e+00
3.245400391736331613e+01,-9.159000000000087738e+00,-2.932182634106323960e+00
3.241400391736331699e+01,-9.169000000000087525e+00,-2.932182634106323960e+00
3.239400391736331386e+01,-9.174000000000088306e+00,-2.932182634106323960e+00
3.235200391736331227e+01,-9.184000000000088093e+00,-2.932182634106323960e+00
3.231100391736331545e+01,-9.194000000000087880e+00,-2.932182634106323960e+00
3.227100391736331630e+01,-9.204000000000087667e+00,-2.932182634106323960e+00
3.225100391736331318e+01,-9.209000000000088448e+00,-2.932182634106323960e+00
3.221100391736331403e+01,-9.219000000000088235e+00,-2.932182634106323960e+00
3.219100391736331090e+01,-9.224000000000089017e+00,-2.932182634106323960e+00
3.215100391736331176e+01,-9.234000000000088804e+00,-2.932182634106323960e+00
3.213000391736331096e+01,-9.240000000000089031e+00,-2.932182634106323960e+00
3.208900391736331414e+01,-9.250000000000088818e+00,-2.932182634106323960e+00
3.204900391736331500e+01,-9.260000000000088605e+00,-2.932182634106323960e+00
3.196800391736331548e+01,-9.281000000000089400e+00,-2.932182634106323960e+00
3.194700391736331468e+01,-9.287000000000089628e+00,-2.932182634106323960e+00
3.190600391736331432e+01,-9.298000000000088860e+00,-2.932182634106323960e+00
3.188600391736331474e+01,-9.303000000000089642e+00,-2.932182634106323960e+00
3.184500391736331437e+01,-9.314000000000088875e+00,-2.932182634106323960e+00
3.180500391736331522e+01,-9.324000000000088662e+00,-2.915182634106324056e+00
3.178600391736331687e+01,-9.329000000000089443e+00,-2.915182634106324056e+00
3.174600391736331773e+01,-9.339000000000089230e+00,-2.915182634106324056e+00
3.170600391736331858e+01,-9.350000000000088463e+00,-2.915182634106324056e+00
3.168600391736331900e+01,-9.355000000000089244e+00,-2.915182634106324056e+00
3.164600391736331986e+01,-9.366000000000088477e+00,-2.915182634106324056e+00
3.160600391736332071e+01,-9.377000000000087709e+00,-2.915182634106324056e+00
3.154500391736332077e+01,-9.395000000000088392e+00,-2.897182634106324262e+00
3.152500391736332119e+01,-9.401000000000088619e+00,-2.897182634106324262e+00
3.148500391736332205e+01,-9.413000000000089074e+00,-2.897182634106324262e+00
3.148500391736332205e+01,-9.413000000000089074e+00,-2.897182634106324262e+00
3.140600391736332142e+01,-9.437000000000088207e+00,-2.897182634106324262e+00
3.137900391736332040e+01,-9.445000000000087326e+00,-2.932182634106324404e+00
3.135100391736332170e+01,-9.452000000000086999e+00,-2.932182634106324404e+00
3.133200391736332335e+01,-9.457000000000087780e+00,-2.915182634106324500e+00
3.127200391736332463e+01,-9.474000000000087240e+00,-2.880182634106324358e+00
3.123200391736332548e+01,-9.487000000000087141e+00,-2.845182634106324215e+00
3.119400391736332523e+01,-9.501000000000086487e+00,-2.792182634106324279e+00
3.119400391736332523e+01,-9.501000000000086487e+00,-2.792182634106324279e+00
3.113700391736332662e+01,-9.523000000000086729e+00,-2.775182634106324375e+00
3.111800391736332827e+01,-9.531000000000085848e+00,-2.758182634106324471e+00
3.108200391736332691e+01,-9.549000000000086530e+00,-2.705182634106324535e+00
3.104600391736332554e+01,-9.568000000000086658e+00,-2.653182634106324489e+00
3.102800391736332486e+01,-9.578000000000086445e+00,-2.635182634106324695e+00
3.099400391736332594e+01,-9.600000000000086686e+00,-2.600182634106324553e+00
3.097700391736332648e+01,-9.611000000000085919e+00,-2.583182634106324649e+00
3.094400391736332523e+01,-9.635000000000085052e+00,-2.548182634106324507e+00
3.091200391736332520e+01,-9.660000000000085407e+00,-2.513182634106324365e+00
3.086500391736332460e+01,-9.699000000000085109e+00,-2.461182634106324318e+00
3.083500391736332347e+01,-9.725000000000084910e+00,-2.443182634106324524e+00
3.080500391736332233e+01,-9.752000000000084157e+00,-2.426182634106324620e+00
3.080500391736332233e+01,-9.752000000000084157e+00,-2.426182634106324620e+00
3.077500391736332119e+01,-9.779000000000083404e+00,-2.426182634106324620e+00
3.074500391736332006e+01,-9.807000000000083872e+00,-2.408182634106324826e+00
3.070100391736331957e+01,-9.849000000000083688e+00,-2.408182634106324826e+00
3.068600391736331900e+01,-9.863000000000083034e+00,-2.408182634106324826e+00
3.067100391736331844e+01,-9.877000000000082380e+00,-2.408182634106324826e+00
3.065700391736331909e+01,-9.891000000000081727e+00,-2.408182634106324826e+00
3.059900391736331926e+01,-9.947000000000080888e+00,-2.408182634106324826e+00
3.057300391736331946e+01,-9.973000000000080689e+00,-2.391182634106324922e+00
3.056000391736331778e+01,-9.987000000000080036e+00,-2.321182634106325082e+00
3.055800391736331889e+01,-9.989000000000080703e+00,-2.251182634106325242e+00
3.055800391736331889e+01,-9.990000000000080149e+00,-2.129182634106325356e+00
3.055800391736331889e+01,-9.990000000000080149e+00,-1.990182634106325343e+00
3.055800391736331889e+01,-9.990000000000080149e+00,-1.850182634106325441e+00
3.055800391736331889e+01,-9.990000000000080149e+00,-1.780182634106325379e+00
3.055800391736331889e+01,-9.990000000000080149e+00,-1.710182634106325317e+00
3.055800391736331889e+01,-9.997000000000079822e+00,-1.710182634106325317e+00
3.055500391736331878e+01,-1.001700000000007940e+01,-1.798182634106325395e+00
3.055200391736331866e+01,-1.003000000000007930e+01,-1.833182634106325315e+00
3.054300391736331832e+01,-1.006100000000007988e+01,-1.955182634106325423e+00
3.052800391736331775e+01,-1.009500000000008058e+01,-2.077182634106325310e+00
3.051900391736331741e+01,-1.011200000000008004e+01,-2.129182634106325356e+00
3.049800391736331662e+01,-1.014400000000008006e+01,-2.234182634106325338e+00
2.989000391736331608e+01,-1.044800000000008033e+01,-2.950182634106325530e+00
2.984900391736331571e+01,-1.045800000000008012e+01,-2.950182634106325530e+00
2.962900391736331684e+01,-1.051300000000007984e+01,-2.932182634106325736e+00
2.850300391736331562e+01,-1.083600000000008023e+01,-2.845182634106325548e+00
2.842300391736331733e+01,-1.086400000000008070e+01,-2.827182634106325754e+00
2.840300391736331775e+01,-1.087100000000008038e+01,-2.827182634106325754e+00
2.836400391736331628e+01,-1.088500000000007972e+01,-2.827182634106325754e+00
2.834500391736331792e+01,-1.089200000000007940e+01,-2.827182634106325754e+00
2.830700391736331767e+01,-1.090600000000007874e+01,-2.845182634106325548e+00
2.826800391736331619e+01,-1.092000000000007809e+01,-2.845182634106325548e+00
2.822800391736331704e+01,-1.093400000000007743e+01,-2.845182634106325548e+00
2.818800391736331790e+01,-1.094800000000007678e+01,-2.845182634106325548e+00
2.816800391736331832e+01,-1.095500000000007645e+01,-2.845182634106325548e+00
2.810800391736331960e+01,-1.097600000000007725e+01,-2.845182634106325548e+00
2.808800391736332003e+01,-1.098300000000007692e+01,-2.845182634106325548e+00
2.806800391736332045e+01,-1.099000000000007660e+01,-2.845182634106325548e+00
2.804800391736332088e+01,-1.099700000000007627e+01,-2.845182634106325548e+00
2.800800391736332173e+01,-1.101100000000007562e+01,-2.845182634106325548e+00
2.796800391736332259e+01,-1.102500000000007496e+01,-2.845182634106325548e+00
2.790800391736332386e+01,-1.104600000000007576e+01,-2.845182634106325548e+00
2.788800391736332429e+01,-1.105300000000007543e+01,-2.845182634106325548e+00
2.784800391736332514e+01,-1.106700000000007478e+01,-2.845182634106325548e+00
2.782800391736332557e+01,-1.107400000000007445e+01,-2.845182634106325548e+00
2.778800391736332642e+01,-1.108800000000007380e+01,-2.845182634106325548e+00
2.776900391736332807e+01,-1.109500000000007347e+01,-2.845182634106325548e+00
2.773000391736332659e+01,-1.110900000000007282e+01,-2.845182634106325548e+00
2.771100391736332824e+01,-1.111600000000007249e+01,-2.845182634106325548e+00
2.767300391736332799e+01,-1.112900000000007239e+01,-2.862182634106325452e+00
2.764700391736332818e+01,-1.113700000000007151e+01,-2.897182634106325594e+00
2.761700391736332705e+01,-1.114500000000007063e+01,-2.932182634106325736e+00
2.759800391736332870e+01,-1.115000000000007141e+01,-2.932182634106325736e+00
2.755900391736332722e+01,-1.116000000000007120e+01,-2.932182634106325736e+00
2.751900391736332807e+01,-1.117000000000007098e+01,-2.932182634106325736e+00
2.749900391736332850e+01,-1.117500000000007176e+01,-2.932182634106325736e+00
2.746000391736332702e+01,-1.118500000000007155e+01,-2.915182634106325832e+00
2.744000391736332745e+01,-1.119000000000007233e+01,-2.915182634106325832e+00
2.740000391736332830e+01,-1.120000000000007212e+01,-2.915182634106325832e+00
2.736000391736332915e+01,-1.121000000000007191e+01,-2.915182634106325832e+00
2.730000391736333043e+01,-1.122700000000007137e+01,-2.915182634106325832e+00
2.728000391736333086e+01,-1.123200000000007215e+01,-2.915182634106325832e+00
2.722100391736332980e+01,-1.125000000000007283e+01,-2.897182634106326038e+00
2.718200391736332833e+01,-1.126200000000007329e+01,-2.897182634106326038e+00
2.714200391736332918e+01,-1.127400000000007374e+01,-2.897182634106326038e+00
2.712200391736332961e+01,-1.128000000000007397e+01,-2.880182634106326134e+00
2.708200391736333046e+01,-1.129200000000007442e+01,-2.880182634106326134e+00
2.706200391736333088e+01,-1.129800000000007465e+01,-2.880182634106326134e+00
2.702200391736333174e+01,-1.131100000000007455e+01,-2.880182634106326134e+00
2.696300391736333069e+01,-1.132900000000007523e+01,-2.880182634106326134e+00
2.694400391736333233e+01,-1.133500000000007546e+01,-2.862182634106326340e+00
2.690500391736333086e+01,-1.134800000000007536e+01,-2.862182634106326340e+00
2.688500391736333128e+01,-1.135500000000007503e+01,-2.862182634106326340e+00
2.684500391736333214e+01,-1.136900000000007438e+01,-2.862182634106326340e+00
2.682500391736333256e+01,-1.137600000000007405e+01,-2.862182634106326340e+00
2.678600391736333108e+01,-1.139000000000007340e+01,-2.845182634106326436e+00
2.676700391736333273e+01,-1.139700000000007307e+01,-2.845182634106326436e+00
2.670800391736333168e+01,-1.141800000000007387e+01,-2.845182634106326436e+00
2.668800391736333211e+01,-1.142500000000007354e+01,-2.845182634106326436e+00
2.664800391736333296e+01,-1.143900000000007289e+01,-2.845182634106326436e+00
2.662800391736333339e+01,-1.144600000000007256e+01,-2.845182634106326436e+00
2.658800391736333424e+01,-1.146000000000007191e+01,-2.845182634106326436e+00
2.654800391736333509e+01,-1.147400000000007125e+01,-2.845182634106326436e+00
2.652800391736333552e+01,-1.148100000000007093e+01,-2.845182634106326436e+00
2.648800391736333637e+01,-1.149500000000007027e+01,-2.827182634106326642e+00
2.646800391736333680e+01,-1.150200000000006995e+01,-2.827182634106326642e+00
2.642800391736333765e+01,-1.151600000000006929e+01,-2.827182634106326642e+00
2.638800391736333850e+01,-1.153000000000006864e+01,-2.827182634106326642e+00
2.635000391736333825e+01,-1.154400000000006798e+01,-2.845182634106326436e+00
2.631000391736333910e+01,-1.155800000000006733e+01,-2.845182634106326436e+00
2.629000391736333953e+01,-1.156500000000006700e+01,-2.845182634106326436e+00
2.625000391736334038e+01,-1.157900000000006635e+01,-2.845182634106326436e+00
2.623000391736334080e+01,-1.158600000000006602e+01,-2.845182634106326436e+00
2.619000391736334166e+01,-1.160000000000006537e+01,-2.845182634106326436e+00
2.617100391736334331e+01,-1.160700000000006504e+01,-2.845182634106326436e+00
2.611300391736334348e+01,-1.162800000000006584e+01,-2.845182634106326436e+00
2.609400391736334512e+01,-1.163500000000006551e+01,-2.845182634106326436e+00
2.605600391736334487e+01,-1.164800000000006541e+01,-2.862182634106326340e+00
2.599700391736334382e+01,-1.166800000000006499e+01,-2.862182634106326340e+00
2.595700391736334467e+01,-1.168200000000006433e+01,-2.862182634106326340e+00
2.593700391736334510e+01,-1.168900000000006401e+01,-2.862182634106326340e+00
2.589700391736334595e+01,-1.170300000000006335e+01,-2.862182634106326340e+00
2.587700391736334637e+01,-1.171000000000006303e+01,-2.862182634106326340e+00
2.583700391736334723e+01,-1.172400000000006237e+01,-2.862182634106326340e+00
2.579700391736334808e+01,-1.173800000000006172e+01,-2.862182634106326340e+00
2.575700391736334893e+01,-1.175100000000006162e+01,-2.862182634106326340e+00
2.571700391736334979e+01,-1.176500000000006096e+01,-2.862182634106326340e+00
2.567700391736335064e+01,-1.177900000000006031e+01,-2.862182634106326340e+00
2.565700391736335106e+01,-1.178600000000005998e+01,-2.862182634106326340e+00
2.561700391736335192e+01,-1.179900000000005988e+01,-2.862182634106326340e+00
2.557700391736335277e+01,-1.181300000000005923e+01,-2.862182634106326340e+00
2.555700391736335320e+01,-1.182000000000005890e+01,-2.880182634106326134e+00
2.551700391736335405e+01,-1.183300000000005880e+01,-2.880182634106326134e+00
2.549700391736335447e+01,-1.184000000000005848e+01,-2.880182634106326134e+00
2.545800391736335300e+01,-1.185200000000005893e+01,-2.862182634106326340e+00
2.541900391736335152e+01,-1.186400000000005939e+01,-2.862182634106326340e+00
2.537900391736335237e+01,-1.187800000000005873e+01,-2.862182634106326340e+00
2.535900391736335280e+01,-1.188500000000005841e+01,-2.862182634106326340e+00
2.531900391736335365e+01,-1.189900000000005775e+01,-2.862182634106326340e+00
2.527900391736335450e+01,-1.191300000000005710e+01,-2.862182634106326340e+00
2.525900391736335493e+01,-1.192000000000005677e+01,-2.862182634106326340e+00
2.521900391736335578e+01,-1.193400000000005612e+01,-2.862182634106326340e+00
2.519900391736335621e+01,-1.194100000000005579e+01,-2.862182634106326340e+00
2.515900391736335706e+01,-1.195500000000005514e+01,-2.862182634106326340e+00
2.511900391736335791e+01,-1.196900000000005448e+01,-2.862182634106326340e+00
2.507900391736335877e+01,-1.198300000000005383e+01,-2.862182634106326340e+00
2.505900391736335919e+01,-1.199000000000005350e+01,-2.862182634106326340e+00
2.501900391736336005e+01,-1.200400000000005285e+01,-2.862182634106326340e+00
2.497900391736336090e+01,-1.201800000000005220e+01,-2.862182634106326340e+00
2.495900391736336132e+01,-1.202500000000005187e+01,-2.862182634106326340e+00
2.491900391736336218e+01,-1.203900000000005122e+01,-2.862182634106326340e+00
2.489900391736336260e+01,-1.204600000000005089e+01,-2.862182634106326340e+00
2.485900391736336346e+01,-1.206000000000005024e+01,-2.862182634106326340e+00
2.481900391736336431e+01,-1.207400000000004958e+01,-2.862182634106326340e+00
2.477900391736336516e+01,-1.208800000000004893e+01,-2.862182634106326340e+00
2.475900391736336559e+01,-1.209500000000004860e+01,-2.862182634106326340e+00
2.467900391736336729e+01,-1.212300000000004907e+01,-2.862182634106326340e+00
2.465900391736336772e+01,-1.213000000000004874e+01,-2.862182634106326340e+00
2.461800391736336735e+01,-1.214400000000004809e+01,-2.862182634106326340e+00
2.459800391736336778e+01,-1.215100000000004776e+01,-2.862182634106326340e+00
2.455800391736336863e+01,-1.216500000000004711e+01,-2.862182634106326340e+00
2.451800391736336948e+01,-1.217900000000004646e+01,-2.862182634106326340e+00
2.449800391736336991e+01,-1.218600000000004613e+01,-2.862182634106326340e+00
2.445800391736337076e+01,-1.220000000000004547e+01,-2.862182634106326340e+00
2.441800391736337161e+01,-1.221400000000004482e+01,-2.862182634106326340e+00
2.437800391736337247e+01,-1.222800000000004417e+01,-2.862182634106326340e+00
2.435800391736337289e+01,-1.223500000000004384e+01,-2.862182634106326340e+00
2.431800391736337374e+01,-1.224900000000004319e+01,-2.862182634106326340e+00
2.429800391736337417e+01,-1.225600000000004286e+01,-2.862182634106326340e+00
2.425800391736337502e+01,-1.227000000000004221e+01,-2.862182634106326340e+00
2.421800391736337588e+01,-1.228400000000004155e+01,-2.862182634106326340e+00
2.419800391736337630e+01,-1.229100000000004123e+01,-2.862182634106326340e+00
2.415800391736337716e+01,-1.230500000000004057e+01,-2.862182634106326340e+00
2.409800391736337843e+01,-1.232600000000004137e+01,-2.862182634106326340e+00
2.407800391736337886e+01,-1.233300000000004104e+01,-2.862182634106326340e+00
2.403800391736337971e+01,-1.234700000000004039e+01,-2.862182634106326340e+00
2.401800391736338014e+01,-1.235400000000004006e+01,-2.862182634106326340e+00
2.397800391736338099e+01,-1.236800000000003941e+01,-2.862182634106326340e+00
2.395800391736338142e+01,-1.237400000000003963e+01,-2.862182634106326340e+00
2.391800391736338227e+01,-1.238800000000003898e+01,-2.862182634106326340e+00
2.387800391736338312e+01,-1.240200000000003833e+01,-2.862182634106326340e+00
2.385800391736338355e+01,-1.240900000000003800e+01,-2.862182634106326340e+00
2.381800391736338440e+01,-1.242300000000003735e+01,-2.862182634106326340e+00
2.377800391736338526e+01,-1.243700000000003669e+01,-2.862182634106326340e+00
2.373800391736338611e+01,-1.245100000000003604e+01,-2.862182634106326340e+00
2.371800391736338653e+01,-1.245800000000003571e+01,-2.862182634106326340e+00
2.367800391736338739e+01,-1.247200000000003506e+01,-2.862182634106326340e+00
2.365800391736338781e+01,-1.247900000000003473e+01,-2.862182634106326340e+00
2.361800391736338867e+01,-1.249300000000003408e+01,-2.862182634106326340e+00
2.357800391736338952e+01,-1.250700000000003342e+01,-2.862182634106326340e+00
2.355800391736338995e+01,-1.251400000000003310e+01,-2.862182634106326340e+00
2.349800391736339122e+01,-1.253500000000003389e+01,-2.862182634106326340e+00
2.347800391736339165e+01,-1.254200000000003357e+01,-2.862182634106326340e+00
2.343800391736339250e+01,-1.255600000000003291e+01,-2.862182634106326340e+00
2.341800391736339293e+01,-1.256300000000003259e+01,-2.862182634106326340e+00
2.337800391736339378e+01,-1.257700000000003193e+01,-2.862182634106326340e+00
2.335800391736339421e+01,-1.258400000000003160e+01,-2.862182634106326340e+00
2.331800391736339506e+01,-1.259800000000003095e+01,-2.862182634106326340e+00
2.329800391736339549e+01,-1.260500000000003062e+01,-2.862182634106326340e+00
2.325800391736339634e+01,-1.261900000000002997e+01,-2.862182634106326340e+00
2.323800391736339677e+01,-1.262600000000002964e+01,-2.862182634106326340e+00
2.313800391736339535e+01,-1.266100000000002979e+01,-2.862182634106326340e+00
2.313800391736339535e+01,-1.266100000000002979e+01,-2.862182634106326340e+00
2.309800391736339620e+01,-1.267500000000002913e+01,-2.862182634106326340e+00
2.305800391736339705e+01,-1.268900000000002848e+01,-2.862182634106326340e+00
2.301800391736339790e+01,-1.270300000000002782e+01,-2.862182634106326340e+00
2.299800391736339833e+01,-1.271000000000002750e+01,-2.862182634106326340e+00
2.295800391736339918e+01,-1.272400000000002684e+01,-2.862182634106326340e+00
2.291800391736340003e+01,-1.273800000000002619e+01,-2.862182634106326340e+00
2.289800391736340046e+01,-1.274500000000002586e+01,-2.862182634106326340e+00
2.285800391736340131e+01,-1.275900000000002521e+01,-2.862182634106326340e+00
2.283800391736340174e+01,-1.276600000000002488e+01,-2.862182634106326340e+00
2.279800391736340259e+01,-1.278000000000002423e+01,-2.862182634106326340e+00
2.275800391736340345e+01,-1.279400000000002358e+01,-2.862182634106326340e+00
2.273800391736340387e+01,-1.280100000000002325e+01,-2.862182634106326340e+00
2.269800391736340472e+01,-1.281500000000002260e+01,-2.862182634106326340e+00
2.267800391736340515e+01,-1.282200000000002227e+01,-2.862182634106326340e+00
2.263800391736340600e+01,-1.283600000000002161e+01,-2.862182634106326340e+00
2.259800391736340686e+01,-1.285000000000002096e+01,-2.862182634106326340e+00
2.255800391736340771e+01,-1.286400000000002031e+01,-2.862182634106326340e+00
2.251800391736340856e+01,-1.287800000000001965e+01,-2.862182634106326340e+00
2.249800391736340899e+01,-1.288500000000001933e+01,-2.862182634106326340e+00
2.245800391736340984e+01,-1.289900000000001867e+01,-2.862182634106326340e+00
2.241800391736341069e+01,-1.291300000000001802e+01,-2.862182634106326340e+00
2.239800391736341112e+01,-1.292000000000001769e+01,-2.862182634106326340e+00
2.235800391736341197e+01,-1.293400000000001704e+01,-2.862182634106326340e+00
2.231800391736341282e+01,-1.294800000000001639e+01,-2.862182634106326340e+00
2.229800391736341325e+01,-1.295500000000001606e+01,-2.862182634106326340e+00
2.225800391736341410e+01,-1.296900000000001540e+01,-2.862182634106326340e+00
2.221800391736341496e+01,-1.298300000000001475e+01,-2.862182634106326340e+00
2.219800391736341538e+01,-1.299000000000001442e+01,-2.862182634106326340e+00
2.215800391736341624e+01,-1.300400000000001377e+01,-2.862182634106326340e+00
2.209800391736341751e+01,-1.302400000000001334e+01,-2.862182634106326340e+00
2.207800391736341794e+01,-1.303100000000001302e+01,-2.862182634106326340e+00
2.203800391736341879e+01,-1.304500000000001236e+01,-2.862182634106326340e+00
2.201800391736341922e+01,-1.305200000000001204e+01,-2.862182634106326340e+00
2.197800391736342007e+01,-1.306600000000001138e+01,-2.862182634106326340e+00
2.195800391736342050e+01,-1.307300000000001106e+01,-2.862182634106326340e+00
2.185800391736341908e+01,-1.310800000000001120e+01,-2.862182634106326340e+00
2.181800391736341993e+01,-1.312200000000001054e+01,-2.862182634106326340e+00
2.177800391736342078e+01,-1.313600000000000989e+01,-2.862182634106326340e+00
2.174000391736342053e+01,-1.315000000000000924e+01,-2.862182634106326340e+00
2.170100391736341905e+01,-1.316300000000000914e+01,-2.845182634106326436e+00
2.168100391736341948e+01,-1.317000000000000881e+01,-2.845182634106326436e+00
2.164100391736342033e+01,-1.318400000000000816e+01,-2.845182634106326436e+00
2.160200391736341885e+01,-1.319800000000000750e+01,-2.845182634106326436e+00
2.157500391736341783e+01,-1.320700000000000784e+01,-2.880182634106326578e+00
2.156200391736341615e+01,-1.321100000000000740e+01,-2.897182634106326482e+00
2.152500391736341712e+01,-1.322200000000000664e+01,-2.897182634106326482e+00
2.150500391736341754e+01,-1.322800000000000686e+01,-2.897182634106326482e+00
2.146600391736341606e+01,-1.324000000000000732e+01,-2.897182634106326482e+00
2.142700391736341459e+01,-1.325200000000000777e+01,-2.897182634106326482e+00
2.138700391736341544e+01,-1.326400000000000823e+01,-2.897182634106326482e+00
2.136700391736341587e+01,-1.327000000000000846e+01,-2.880182634106326578e+00
2.132800391736341439e+01,-1.328200000000000891e+01,-2.880182634106326578e+00
2.126800391736341567e+01,-1.330000000000000959e+01,-2.880182634106326578e+00
2.124800391736341609e+01,-1.330600000000000982e+01,-2.880182634106326578e+00
2.122900391736341774e+01,-1.331200000000001005e+01,-2.880182634106326578e+00
2.118900391736341859e+01,-1.332500000000000995e+01,-2.862182634106326784e+00
2.117000391736342024e+01,-1.333100000000001017e+01,-2.862182634106326784e+00
2.111100391736341919e+01,-1.335000000000001030e+01,-2.862182634106326784e+00
2.109200391736342084e+01,-1.335700000000000998e+01,-2.862182634106326784e+00
2.107300391736342249e+01,-1.336300000000001020e+01,-2.862182634106326784e+00
2.103500391736342223e+01,-1.337700000000000955e+01,-2.845182634106326880e+00
2.099600391736342075e+01,-1.339100000000000890e+01,-2.845182634106326880e+00
2.095600391736342161e+01,-1.340500000000000824e+01,-2.845182634106326880e+00
2.091600391736342246e+01,-1.341900000000000759e+01,-2.845182634106326880e+00
2.087600391736342331e+01,-1.343300000000000693e+01,-2.827182634106327086e+00
2.083600391736342416e+01,-1.344700000000000628e+01,-2.827182634106327086e+00
2.079600391736342502e+01,-1.346100000000000563e+01,-2.827182634106327086e+00
2.075600391736342587e+01,-1.347500000000000497e+01,-2.827182634106327086e+00
2.073600391736342630e+01,-1.348200000000000465e+01,-2.827182634106327086e+00
2.069600391736342715e+01,-1.349600000000000399e+01,-2.827182634106327086e+00
2.065600391736342800e+01,-1.351000000000000334e+01,-2.827182634106327086e+00
2.061600391736342885e+01,-1.352400000000000269e+01,-2.827182634106327086e+00
2.059600391736342928e+01,-1.353100000000000236e+01,-2.827182634106327086e+00
2.057600391736342971e+01,-1.353800000000000203e+01,-2.827182634106327086e+00
2.051600391736343099e+01,-1.355900000000000283e+01,-2.827182634106327086e+00
2.049600391736343141e+01,-1.356600000000000250e+01,-2.827182634106327086e+00
2.047600391736343184e+01,-1.357300000000000217e+01,-2.827182634106327086e+00
2.043600391736343269e+01,-1.358700000000000152e+01,-2.827182634106327086e+00
2.041600391736343312e+01,-1.359400000000000119e+01,-2.827182634106327086e+00
2.037600391736343397e+01,-1.360800000000000054e+01,-2.827182634106327086e+00
2.031600391736343525e+01,-1.362900000000000134e+01,-2.827182634106327086e+00
2.029600391736343568e+01,-1.363600000000000101e+01,-2.827182634106327086e+00
2.027600391736343610e+01,-1.364300000000000068e+01,-2.827182634106327086e+00
2.023600391736343695e+01,-1.365700000000000003e+01,-2.827182634106327086e+00
2.019600391736343781e+01,-1.367099999999999937e+01,-2.827182634106327086e+00
2.017600391736343823e+01,-1.367799999999999905e+01,-2.827182634106327086e+00
2.013600391736343909e+01,-1.369199999999999839e+01,-2.827182634106327086e+00
2.011600391736343951e+01,-1.369899999999999807e+01,-2.827182634106327086e+00
2.007600391736344037e+01,-1.371299999999999741e+01,-2.827182634106327086e+00
2.001600391736344164e+01,-1.373399999999999821e+01,-2.827182634106327086e+00
1.999600391736344207e+01,-1.374099999999999788e+01,-2.827182634106327086e+00
1.995600391736344292e+01,-1.375499999999999723e+01,-2.827182634106327086e+00
1.991600391736344378e+01,-1.376899999999999658e+01,-2.827182634106327086e+00
1.989600391736344420e+01,-1.377599999999999625e+01,-2.827182634106327086e+00
1.987600391736344463e+01,-1.378299999999999592e+01,-2.827182634106327086e+00
1.985600391736344505e+01,-1.378999999999999559e+01,-2.827182634106327086e+00
1.981600391736344591e+01,-1.380399999999999494e+01,-2.827182634106327086e+00
1.977800391736344565e+01,-1.381799999999999429e+01,-2.827182634106327086e+00
1.972100391736344704e+01,-1.383899999999999508e+01,-2.827182634106327086e+00
1.970200391736344869e+01,-1.384599999999999476e+01,-2.827182634106327086e+00
1.966400391736344844e+01,-1.385999999999999410e+01,-2.845182634106326880e+00
1.964500391736345009e+01,-1.386699999999999378e+01,-2.845182634106326880e+00
1.960500391736345094e+01,-1.388099999999999312e+01,-2.845182634106326880e+00
1.958500391736345136e+01,-1.388799999999999280e+01,-2.845182634106326880e+00
1.954500391736345222e+01,-1.390199999999999214e+01,-2.845182634106326880e+00
1.950500391736345307e+01,-1.391599999999999149e+01,-2.845182634106326880e+00
1.932500391736345335e+01,-1.397899999999999210e+01,-2.845182634106326880e+00
1.930500391736345378e+01,-1.398599999999999177e+01,-2.845182634106326880e+00
1.928500391736345421e+01,-1.399299999999999145e+01,-2.845182634106326880e+00
1.924500391736345506e+01,-1.400699999999999079e+01,-2.845182634106326880e+00
1.922500391736345549e+01,-1.401399999999999046e+01,-2.845182634106326880e+00
1.912500391736345406e+01,-1.404899999999999061e+01,-2.845182634106326880e+00
1.908500391736345492e+01,-1.406299999999998995e+01,-2.845182634106326880e+00
1.906500391736345534e+01,-1.406999999999998963e+01,-2.845182634106326880e+00
1.904500391736345577e+01,-1.407699999999998930e+01,-2.845182634106326880e+00
1.900500391736345662e+01,-1.409099999999998865e+01,-2.845182634106326880e+00
1.896500391736345748e+01,-1.410499999999998799e+01,-2.845182634106326880e+00
1.894500391736345790e+01,-1.411199999999998766e+01,-2.845182634106326880e+00
1.890500391736345875e+01,-1.412599999999998701e+01,-2.845182634106326880e+00
1.886500391736345961e+01,-1.413999999999998636e+01,-2.845182634106326880e+00
1.884500391736346003e+01,-1.414699999999998603e+01,-2.845182634106326880e+00
1.880500391736346089e+01,-1.416099999999998538e+01,-2.845182634106326880e+00
1.876500391736346174e+01,-1.417499999999998472e+01,-2.845182634106326880e+00
1.872500391736346259e+01,-1.418899999999998407e+01,-2.845182634106326880e+00
1.868500391736346344e+01,-1.420299999999998342e+01,-2.845182634106326880e+00
1.868500391736346344e+01,-1.420299999999998342e+01,-2.845182634106326880e+00
1.864500391736346430e+01,-1.421699999999998276e+01,-2.845182634106326880e+00
1.862500391736346472e+01,-1.422399999999998244e+01,-2.845182634106326880e+00
1.858700391736346447e+01,-1.423799999999998178e+01,-2.845182634106326880e+00
1.852800391736346342e+01,-1.425899999999998258e+01,-2.845182634106326880e+00
1.850900391736346506e+01,-1.426599999999998225e+01,-2.845182634106326880e+00
1.847000391736346359e+01,-1.427999999999998160e+01,-2.827182634106327086e+00
1.843100391736346211e+01,-1.429399999999998094e+01,-2.827182634106327086e+00
1.841100391736346253e+01,-1.430099999999998062e+01,-2.827182634106327086e+00
1.837100391736346339e+01,-1.431499999999997996e+01,-2.827182634106327086e+00
1.833100391736346424e+01,-1.432899999999997931e+01,-2.827182634106327086e+00
1.831100391736346467e+01,-1.433599999999997898e+01,-2.827182634106327086e+00
1.827100391736346552e+01,-1.434999999999997833e+01,-2.827182634106327086e+00
1.825100391736346594e+01,-1.435699999999997800e+01,-2.827182634106327086e+00
1.821100391736346680e+01,-1.437099999999997735e+01,-2.827182634106327086e+00
1.817100391736346765e+01,-1.438599999999997792e+01,-2.827182634106327086e+00
1.813100391736346850e+01,-1.439999999999997726e+01,-2.827182634106327086e+00
1.809100391736346936e+01,-1.441399999999997661e+01,-2.827182634106327086e+00
1.807100391736346978e+01,-1.442099999999997628e+01,-2.827182634106327086e+00
1.803100391736347063e+01,-1.443499999999997563e+01,-2.827182634106327086e+00
1.801100391736347106e+01,-1.444199999999997530e+01,-2.810182634106327182e+00
1.797100391736347191e+01,-1.445699999999997587e+01,-2.810182634106327182e+00
1.793200391736347044e+01,-1.447099999999997522e+01,-2.827182634106327086e+00
1.789400391736347018e+01,-1.448499999999997456e+01,-2.827182634106327086e+00
1.788000391736347083e+01,-1.448999999999997534e+01,-2.845182634106326880e+00
1.785700391736347115e+01,-1.449799999999997446e+01,-2.897182634106326926e+00
1.784000391736347169e+01,-1.450299999999997524e+01,-2.897182634106326926e+00
1.780000391736347254e+01,-1.451399999999997448e+01,-2.915182634106326720e+00
1.778100391736347419e+01,-1.451999999999997470e+01,-2.915182634106326720e+00
1.774100391736347504e+01,-1.453099999999997394e+01,-2.915182634106326720e+00
1.772100391736347547e+01,-1.453699999999997416e+01,-2.897182634106326926e+00
1.768100391736347632e+01,-1.454799999999997340e+01,-2.897182634106326926e+00
1.764200391736347484e+01,-1.455999999999997385e+01,-2.897182634106326926e+00
1.762300391736347649e+01,-1.456599999999997408e+01,-2.897182634106326926e+00
1.758300391736347734e+01,-1.457799999999997453e+01,-2.897182634106326926e+00
1.752400391736347629e+01,-1.459599999999997522e+01,-2.880182634106327022e+00
1.750400391736347672e+01,-1.460199999999997544e+01,-2.880182634106327022e+00
1.748400391736347714e+01,-1.460799999999997567e+01,-2.880182634106327022e+00
1.744500391736347567e+01,-1.461999999999997613e+01,-2.880182634106327022e+00
1.742500391736347609e+01,-1.462599999999997635e+01,-2.880182634106327022e+00
1.738600391736347461e+01,-1.463799999999997681e+01,-2.880182634106327022e+00
1.734700391736347314e+01,-1.464999999999997726e+01,-2.862182634106327228e+00
1.732800391736347478e+01,-1.465699999999997694e+01,-2.862182634106327228e+00
1.728800391736347564e+01,-1.466999999999997684e+01,-2.862182634106327228e+00
1.722900391736347459e+01,-1.468999999999997641e+01,-2.845182634106327324e+00
1.721000391736347623e+01,-1.469699999999997608e+01,-2.845182634106327324e+00
1.715300391736347763e+01,-1.471799999999997688e+01,-2.845182634106327324e+00
1.713400391736347927e+01,-1.472499999999997655e+01,-2.827182634106327530e+00
1.709500391736347780e+01,-1.473899999999997590e+01,-2.827182634106327530e+00
1.707500391736347822e+01,-1.474599999999997557e+01,-2.827182634106327530e+00
1.703500391736347908e+01,-1.475999999999997492e+01,-2.827182634106327530e+00
1.701500391736347950e+01,-1.476699999999997459e+01,-2.827182634106327530e+00
1.697500391736348035e+01,-1.478099999999997394e+01,-2.827182634106327530e+00
1.693500391736348121e+01,-1.479499999999997328e+01,-2.827182634106327530e+00
1.689500391736348206e+01,-1.480899999999997263e+01,-2.810182634106327626e+00
1.685500391736348291e+01,-1.482299999999997198e+01,-2.810182634106327626e+00
1.681500391736348377e+01,-1.483799999999997254e+01,-2.810182634106327626e+00
1.679500391736348419e+01,-1.484499999999997222e+01,-2.810182634106327626e+00
1.675500391736348504e+01,-1.485899999999997156e+01,-2.810182634106327626e+00
1.673500391736348547e+01,-1.486699999999997068e+01,-2.810182634106327626e+00
1.669500391736348632e+01,-1.488099999999997003e+01,-2.810182634106327626e+00
1.667500391736348675e+01,-1.488799999999996970e+01,-2.810182634106327626e+00
1.663500391736348760e+01,-1.490299999999997027e+01,-2.810182634106327626e+00
1.659500391736348845e+01,-1.491699999999996962e+01,-2.810182634106327626e+00
1.657500391736348888e+01,-1.492499999999996874e+01,-2.810182634106327626e+00
1.653500391736348973e+01,-1.493899999999996808e+01,-2.810182634106327626e+00
1.649500391736349059e+01,-1.495299999999996743e+01,-2.810182634106327626e+00
1.647500391736349101e+01,-1.496099999999996655e+01,-2.810182634106327626e+00
1.643500391736349187e+01,-1.497599999999996712e+01,-2.810182634106327626e+00
1.641500391736349229e+01,-1.498299999999996679e+01,-2.810182634106327626e+00
1.637500391736349314e+01,-1.499799999999996736e+01,-2.810182634106327626e+00
1.633500391736349400e+01,-1.501299999999996793e+01,-2.810182634106327626e+00
1.629500391736349485e+01,-1.502799999999996849e+01,-2.810182634106327626e+00
1.625600391736349337e+01,-1.504299999999996906e+01,-2.810182634106327626e+00
1.623700391736349502e+01,-1.504999999999996874e+01,-2.810182634106327626e+00
1.619900391736349476e+01,-1.506399999999996808e+01,-2.810182634106327626e+00
1.616100391736349451e+01,-1.507799999999996743e+01,-2.810182634106327626e+00
1.614200391736349616e+01,-1.508499999999996710e+01,-2.810182634106327626e+00
1.610400391736349590e+01,-1.509899999999996645e+01,-2.827182634106327530e+00
1.608500391736349755e+01,-1.510599999999996612e+01,-2.827182634106327530e+00
1.604700391736349729e+01,-1.511999999999996547e+01,-2.827182634106327530e+00
1.600700391736349815e+01,-1.513399999999996481e+01,-2.827182634106327530e+00
1.594700391736349765e+01,-1.515499999999996561e+01,-2.827182634106327530e+00
1.590700391736349850e+01,-1.516899999999996496e+01,-2.827182634106327530e+00
1.586700391736349935e+01,-1.518299999999996430e+01,-2.845182634106327324e+00
1.584700391736349978e+01,-1.518999999999996398e+01,-2.845182634106327324e+00
1.580800391736350008e+01,-1.520399999999996332e+01,-2.827182634106327530e+00
1.578900391736349995e+01,-1.521099999999996299e+01,-2.827182634106327530e+00
1.575000391736350025e+01,-1.522499999999996234e+01,-2.827182634106327530e+00
1.571000391736350110e+01,-1.523899999999996169e+01,-2.827182634106327530e+00
1.567000391736350196e+01,-1.525299999999996103e+01,-2.827182634106327530e+00
1.563000391736350281e+01,-1.526699999999996038e+01,-2.827182634106327530e+00
1.561000391736350323e+01,-1.527399999999996005e+01,-2.827182634106327530e+00
1.555300391736350285e+01,-1.529499999999996085e+01,-2.827182634106327530e+00
1.553400391736350272e+01,-1.530199999999996052e+01,-2.827182634106327530e+00
1.551500391736350259e+01,-1.530899999999996020e+01,-2.827182634106327530e+00
1.549600391736350247e+01,-1.531599999999995987e+01,-2.827182634106327530e+00
1.545800391736350221e+01,-1.532999999999995921e+01,-2.810182634106327626e+00
1.541800391736350306e+01,-1.534399999999995856e+01,-2.810182634106327626e+00
1.535800391736350257e+01,-1.536499999999995936e+01,-2.810182634106327626e+00
1.533800391736350299e+01,-1.537299999999995848e+01,-2.810182634106327626e+00
1.529800391736350385e+01,-1.538799999999995904e+01,-2.810182634106327626e+00
1.527900391736350372e+01,-1.539499999999995872e+01,-2.810182634106327626e+00
1.523900391736350457e+01,-1.540999999999995929e+01,-2.810182634106327626e+00
1.521900391736350500e+01,-1.541699999999995896e+01,-2.810182634106327626e+00
1.517900391736350585e+01,-1.543199999999995953e+01,-2.810182634106327626e+00
1.515900391736350628e+01,-1.543999999999995865e+01,-2.810182634106327626e+00
1.511900391736350713e+01,-1.545499999999995921e+01,-2.810182634106327626e+00
1.507900391736350798e+01,-1.546999999999995978e+01,-2.810182634106327626e+00
1.503900391736350883e+01,-1.548599999999995980e+01,-2.792182634106327832e+00
1.499900391736350969e+01,-1.550099999999996037e+01,-2.792182634106327832e+00
1.495900391736351054e+01,-1.551599999999996093e+01,-2.792182634106327832e+00
1.493900391736351096e+01,-1.552399999999996005e+01,-2.792182634106327832e+00
1.487900391736351047e+01,-1.554699999999995974e+01,-2.792182634106327832e+00
1.483900391736351132e+01,-1.556299999999995975e+01,-2.792182634106327832e+00
1.481900391736351175e+01,-1.557099999999995887e+01,-2.792182634106327832e+00
1.475900391736351125e+01,-1.559399999999995856e+01,-2.792182634106327832e+00
1.474000391736351112e+01,-1.560099999999995823e+01,-2.792182634106327832e+00
1.470200391736351087e+01,-1.561599999999995880e+01,-2.792182634106327832e+00
1.468300391736351074e+01,-1.562299999999995848e+01,-2.792182634106327832e+00
1.464500391736351048e+01,-1.563799999999995904e+01,-2.792182634106327832e+00
1.460700391736351023e+01,-1.565399999999995906e+01,-2.792182634106327832e+00
1.458800391736351010e+01,-1.566199999999995818e+01,-2.775182634106327928e+00
1.454800391736351095e+01,-1.567799999999995819e+01,-2.775182634106327928e+00
1.452800391736351138e+01,-1.568599999999995731e+01,-2.775182634106327928e+00
1.448800391736351223e+01,-1.570199999999995732e+01,-2.775182634106327928e+00
1.444800391736351308e+01,-1.571799999999995734e+01,-2.775182634106327928e+00
1.440900391736351338e+01,-1.573399999999995735e+01,-2.775182634106327928e+00
1.436900391736351423e+01,-1.574999999999995737e+01,-2.775182634106327928e+00
1.432900391736351509e+01,-1.576599999999995738e+01,-2.775182634106327928e+00
1.429000391736351538e+01,-1.578199999999995740e+01,-2.775182634106327928e+00
1.427000391736351581e+01,-1.578999999999995651e+01,-2.775182634106327928e+00
1.425100391736351568e+01,-1.579799999999995563e+01,-2.775182634106327928e+00
1.423100391736351611e+01,-1.580599999999995475e+01,-2.775182634106327928e+00
1.417200391736351683e+01,-1.582999999999995389e+01,-2.775182634106327928e+00
1.415200391736351726e+01,-1.583799999999995300e+01,-2.775182634106327928e+00
1.411200391736351811e+01,-1.585499999999995246e+01,-2.775182634106327928e+00
1.407200391736351897e+01,-1.587099999999995248e+01,-2.775182634106327928e+00
1.405300391736351884e+01,-1.587899999999995160e+01,-2.775182634106327928e+00
1.401400391736351914e+01,-1.589499999999995161e+01,-2.775182634106327928e+00
1.397400391736351999e+01,-1.591099999999995163e+01,-2.775182634106327928e+00
1.395400391736352042e+01,-1.591899999999995075e+01,-2.775182634106327928e+00
1.391500391736352071e+01,-1.593499999999995076e+01,-2.775182634106327928e+00
1.389500391736352114e+01,-1.594299999999994988e+01,-2.775182634106327928e+00
1.385500391736352199e+01,-1.595999999999994934e+01,-2.775182634106327928e+00
1.381600391736352229e+01,-1.597599999999994935e+01,-2.775182634106327928e+00
1.377700391736352259e+01,-1.599199999999994937e+01,-2.775182634106327928e+00
1.375800391736352246e+01,-1.599999999999994849e+01,-2.775182634106327928e+00
1.372000391736352221e+01,-1.601599999999994850e+01,-2.758182634106328024e+00
1.368200391736352195e+01,-1.603199999999994674e+01,-2.758182634106328024e+00
1.366300391736352182e+01,-1.603999999999994586e+01,-2.758182634106328024e+00
1.362500391736352157e+01,-1.605599999999994409e+01,-2.758182634106328024e+00
1.358700391736352131e+01,-1.607199999999994233e+01,-2.758182634106328024e+00
1.356900391736352063e+01,-1.607999999999994145e+01,-2.758182634106328024e+00
1.353100391736352037e+01,-1.609599999999993969e+01,-2.740182634106328230e+00
1.349200391736352067e+01,-1.611399999999994037e+01,-2.740182634106328230e+00
1.345300391736352097e+01,-1.613199999999994105e+01,-2.740182634106328230e+00
1.343300391736352140e+01,-1.614099999999994139e+01,-2.740182634106328230e+00
1.337500391736352157e+01,-1.616799999999994242e+01,-2.740182634106328230e+00
1.333600391736352186e+01,-1.618599999999994310e+01,-2.740182634106328230e+00
1.331700391736352174e+01,-1.619499999999994344e+01,-2.740182634106328230e+00
1.327900391736352148e+01,-1.621299999999994412e+01,-2.740182634106328230e+00
1.324000391736352178e+01,-1.623099999999994481e+01,-2.740182634106328230e+00
1.320100391736352208e+01,-1.624899999999994549e+01,-2.740182634106328230e+00
1.318100391736352250e+01,-1.625799999999994583e+01,-2.740182634106328230e+00
1.314300391736352225e+01,-1.627599999999994651e+01,-2.740182634106328230e+00
1.310400391736352255e+01,-1.629399999999994719e+01,-2.740182634106328230e+00
1.308500391736352242e+01,-1.630299999999994753e+01,-2.740182634106328230e+00
1.304700391736352216e+01,-1.632099999999994822e+01,-2.740182634106328230e+00
1.300800391736352246e+01,-1.633899999999994890e+01,-2.740182634106328230e+00
1.298800391736352289e+01,-1.634799999999994924e+01,-2.740182634106328230e+00
1.295000391736352263e+01,-1.636599999999994992e+01,-2.740182634106328230e+00
1.293100391736352250e+01,-1.637499999999995026e+01,-2.740182634106328230e+00
1.289200391736352280e+01,-1.639299999999995094e+01,-2.740182634106328230e+00
1.285400391736352255e+01,-1.641099999999995163e+01,-2.740182634106328230e+00
1.281500391736352285e+01,-1.642899999999995231e+01,-2.740182634106328230e+00
1.277600391736352314e+01,-1.644699999999995299e+01,-2.740182634106328230e+00
1.275700391736352302e+01,-1.645599999999995333e+01,-2.740182634106328230e+00
1.271800391736352331e+01,-1.647399999999995401e+01,-2.740182634106328230e+00
1.269900391736352319e+01,-1.648299999999995435e+01,-2.723182634106328326e+00
1.266100391736352293e+01,-1.650099999999995504e+01,-2.723182634106328326e+00
1.262300391736352267e+01,-1.651899999999995572e+01,-2.723182634106328326e+00
1.260300391736352310e+01,-1.652799999999995606e+01,-2.723182634106328326e+00
1.256400391736352340e+01,-1.654599999999995674e+01,-2.723182634106328326e+00
1.252600391736352314e+01,-1.656399999999995742e+01,-2.723182634106328326e+00
1.248800391736352289e+01,-1.658199999999995811e+01,-2.723182634106328326e+00
1.246900391736352276e+01,-1.659099999999995845e+01,-2.723182634106328326e+00
1.243000391736352306e+01,-1.660899999999995913e+01,-2.740182634106328230e+00
1.241000391736352348e+01,-1.661799999999995947e+01,-2.740182634106328230e+00
1.237200391736352323e+01,-1.663599999999996015e+01,-2.740182634106328230e+00
1.233300391736352353e+01,-1.665399999999996083e+01,-2.740182634106328230e+00
1.231400391736352340e+01,-1.666299999999996118e+01,-2.740182634106328230e+00
1.227600391736352314e+01,-1.668099999999996186e+01,-2.740182634106328230e+00
1.223800391736352289e+01,-1.669899999999996254e+01,-2.723182634106328326e+00
1.220000391736352263e+01,-1.671699999999996322e+01,-2.723182634106328326e+00
1.218000391736352306e+01,-1.672599999999996356e+01,-2.723182634106328326e+00
1.214100391736352336e+01,-1.674399999999996425e+01,-2.723182634106328326e+00
1.212200391736352323e+01,-1.675299999999996459e+01,-2.723182634106328326e+00
1.208300391736352353e+01,-1.677099999999996527e+01,-2.723182634106328326e+00
1.204500391736352327e+01,-1.678899999999996595e+01,-2.723182634106328326e+00
1.202600391736352314e+01,-1.679799999999996629e+01,-2.723182634106328326e+00
1.198800391736352289e+01,-1.681599999999996697e+01,-2.723182634106328326e+00
1.196900391736352276e+01,-1.682499999999996732e+01,-2.723182634106328326e+00
1.189200391736352280e+01,-1.686099999999996868e+01,-2.740182634106328230e+00
1.185400391736352255e+01,-1.687899999999996936e+01,-2.740182634106328230e+00
1.183500391736352242e+01,-1.688799999999996970e+01,-2.740182634106328230e+00
1.179500391736352327e+01,-1.690799999999996928e+01,-2.740182634106328230e+00
1.175700391736352302e+01,-1.692599999999996996e+01,-2.740182634106328230e+00
1.173800391736352289e+01,-1.693499999999997030e+01,-2.740182634106328230e+00
1.169900391736352319e+01,-1.695299999999997098e+01,-2.740182634106328230e+00
1.166000391736352348e+01,-1.697099999999997166e+01,-2.740182634106328230e+00
1.162200391736352323e+01,-1.698899999999997235e+01,-2.723182634106328326e+00
1.160200391736352366e+01,-1.699799999999997269e+01,-2.723182634106328326e+00
1.156300391736352395e+01,-1.701699999999997104e+01,-2.723182634106328326e+00
1.154300391736352438e+01,-1.702599999999997138e+01,-2.740182634106328230e+00
1.152400391736352425e+01,-1.703499999999997172e+01,-2.723182634106328326e+00
1.148600391736352400e+01,-1.705299999999997240e+01,-2.723182634106328326e+00
1.144700391736352429e+01,-1.707099999999997308e+01,-2.723182634106328326e+00
1.140800391736352459e+01,-1.708899999999997377e+01,-2.723182634106328326e+00
1.138800391736352502e+01,-1.709799999999997411e+01,-2.740182634106328230e+00
1.135000391736352476e+01,-1.711599999999997479e+01,-2.723182634106328326e+00
1.131200391736352451e+01,-1.713399999999997547e+01,-2.723182634106328326e+00
1.127400391736352425e+01,-1.715199999999997615e+01,-2.723182634106328326e+00
1.125600391736352357e+01,-1.716099999999997650e+01,-2.723182634106328326e+00
1.121900391736352276e+01,-1.717899999999997718e+01,-2.723182634106328326e+00
1.120000391736352263e+01,-1.718799999999997752e+01,-2.723182634106328326e+00
1.116300391736352182e+01,-1.720599999999997820e+01,-2.723182634106328326e+00
1.114400391736352169e+01,-1.721499999999997854e+01,-2.723182634106328326e+00
1.110700391736352088e+01,-1.723299999999997922e+01,-2.723182634106328326e+00
1.106900391736352063e+01,-1.725099999999997991e+01,-2.723182634106328326e+00
1.103100391736352037e+01,-1.726999999999997826e+01,-2.705182634106328532e+00
1.101200391736352024e+01,-1.727899999999997860e+01,-2.705182634106328532e+00
1.097400391736351999e+01,-1.729799999999997695e+01,-2.705182634106328532e+00
1.095500391736351986e+01,-1.730699999999997729e+01,-2.705182634106328532e+00
1.091700391736351961e+01,-1.732599999999997564e+01,-2.705182634106328532e+00
1.089800391736351948e+01,-1.733499999999997598e+01,-2.705182634106328532e+00
1.086000391736351922e+01,-1.735399999999997434e+01,-2.705182634106328532e+00
1.084100391736351909e+01,-1.736399999999997590e+01,-2.705182634106328532e+00
1.080300391736351884e+01,-1.738299999999997425e+01,-2.705182634106328532e+00
1.078400391736351871e+01,-1.739299999999997581e+01,-2.705182634106328532e+00
1.074500391736351901e+01,-1.741299999999997539e+01,-2.705182634106328532e+00
1.068800391736351862e+01,-1.744099999999997408e+01,-2.705182634106328532e+00
1.066900391736351850e+01,-1.745099999999997564e+01,-2.705182634106328532e+00
1.063100391736351824e+01,-1.746999999999997399e+01,-2.705182634106328532e+00
1.061200391736351811e+01,-1.747999999999997556e+01,-2.705182634106328532e+00
1.057400391736351786e+01,-1.749899999999997391e+01,-2.705182634106328532e+00
1.055500391736351773e+01,-1.750899999999997547e+01,-2.705182634106328532e+00
1.051700391736351747e+01,-1.752899999999997505e+01,-2.705182634106328532e+00
1.047900391736351722e+01,-1.754799999999997340e+01,-2.705182634106328532e+00
1.044100391736351696e+01,-1.756699999999997175e+01,-2.705182634106328532e+00
1.040300391736351671e+01,-1.758699999999997132e+01,-2.705182634106328532e+00
1.038400391736351658e+01,-1.759699999999997289e+01,-2.705182634106328532e+00
1.034600391736351632e+01,-1.761599999999997124e+01,-2.705182634106328532e+00
1.032700391736351619e+01,-1.762599999999997280e+01,-2.705182634106328532e+00
1.028900391736351594e+01,-1.764599999999997237e+01,-2.705182634106328532e+00
1.027000391736351581e+01,-1.765499999999997272e+01,-2.705182634106328532e+00
1.023200391736351555e+01,-1.767499999999997229e+01,-2.705182634106328532e+00
1.021300391736351543e+01,-1.768499999999997385e+01,-2.705182634106328532e+00
1.017500391736351517e+01,-1.770399999999997220e+01,-2.705182634106328532e+00
1.013600391736351547e+01,-1.772399999999997178e+01,-2.705182634106328532e+00
1.009800391736351521e+01,-1.774399999999997135e+01,-2.705182634106328532e+00
1.007900391736351509e+01,-1.775299999999997169e+01,-2.705182634106328532e+00
1.004100391736351483e+01,-1.777299999999997127e+01,-2.705182634106328532e+00
1.000300391736351457e+01,-1.779299999999997084e+01,-2.705182634106328532e+00
9.965003917363514319e+00,-1.781199999999996919e+01,-2.705182634106328532e+00
9.946003917363514191e+00,-1.782199999999997075e+01,-2.705182634106328532e+00
9.889003917363513807e+00,-1.785099999999997067e+01,-2.705182634106328532e+00
9.855003917363513111e+00,-1.786899999999997135e+01,-2.688182634106328628e+00
9.814003917363512741e+00,-1.789199999999997104e+01,-2.653182634106328486e+00
9.796003917363512059e+00,-1.790299999999997027e+01,-2.653182634106328486e+00
9.759003917363511249e+00,-1.792499999999996874e+01,-2.653182634106328486e+00
9.741003917363510567e+00,-1.793599999999996797e+01,-2.653182634106328486e+00
9.705003917363510979e+00,-1.795799999999996643e+01,-2.635182634106328692e+00
9.687003917363510297e+00,-1.796899999999996567e+01,-2.635182634106328692e+00
9.651003917363510709e+00,-1.799099999999996413e+01,-2.635182634106328692e+00
9.633003917363510027e+00,-1.800199999999996336e+01,-2.635182634106328692e+00
9.582003917363509871e+00,-1.803299999999996217e+01,-2.635182634106328692e+00
9.565003917363510411e+00,-1.804299999999996373e+01,-2.635182634106328692e+00
9.530003917363510269e+00,-1.806299999999996331e+01,-2.653182634106328486e+00
9.513003917363510809e+00,-1.807299999999996487e+01,-2.653182634106328486e+00
9.477003917363511221e+00,-1.809299999999996444e+01,-2.653182634106328486e+00
9.442003917363511079e+00,-1.811299999999996402e+01,-2.653182634106328486e+00
9.425003917363511619e+00,-1.812299999999996558e+01,-2.653182634106328486e+00
9.390003917363511476e+00,-1.814299999999996515e+01,-2.670182634106328390e+00
9.372003917363510794e+00,-1.815299999999996672e+01,-2.670182634106328390e+00
9.337003917363510652e+00,-1.817299999999996629e+01,-2.670182634106328390e+00
9.301003917363511064e+00,-1.819199999999996464e+01,-2.670182634106328390e+00
9.301003917363511064e+00,-1.819199999999996464e+01,-2.670182634106328390e+00
9.229003917363511889e+00,-1.823199999999996379e+01,-2.688182634106328184e+00
9.211003917363511206e+00,-1.824099999999996413e+01,-2.688182634106328184e+00
9.173003917363510951e+00,-1.826099999999996371e+01,-2.688182634106328184e+00
9.154003917363510823e+00,-1.827099999999996527e+01,-2.688182634106328184e+00
9.116003917363510567e+00,-1.829099999999996484e+01,-2.688182634106328184e+00
9.097003917363510439e+00,-1.830099999999996641e+01,-2.705182634106328088e+00
9.040003917363510055e+00,-1.833099999999996754e+01,-2.705182634106328088e+00
9.002003917363509800e+00,-1.835099999999996712e+01,-2.705182634106328088e+00
8.983003917363509672e+00,-1.836099999999996868e+01,-2.705182634106328088e+00
8.945003917363509416e+00,-1.837999999999996703e+01,-2.705182634106328088e+00
8.926003917363509288e+00,-1.838999999999996859e+01,-2.705182634106328088e+00
8.887003917363509586e+00,-1.840999999999996817e+01,-2.705182634106328088e+00
8.868003917363509458e+00,-1.841899999999996851e+01,-2.705182634106328088e+00
8.849003917363509331e+00,-1.842899999999997007e+01,-2.705182634106328088e+00
8.811003917363509075e+00,-1.844899999999996965e+01,-2.705182634106328088e+00
8.773003917363508819e+00,-1.846799999999996800e+01,-2.705182634106328088e+00
8.735003917363508563e+00,-1.848799999999996757e+01,-2.705182634106328088e+00
8.697003917363508307e+00,-1.850699999999996592e+01,-2.705182634106328088e+00
8.659003917363508052e+00,-1.852699999999996550e+01,-2.705182634106328088e+00
8.640003917363507924e+00,-1.853699999999996706e+01,-2.705182634106328088e+00
8.602003917363507668e+00,-1.855599999999996541e+01,-2.705182634106328088e+00
8.583003917363507540e+00,-1.856599999999996697e+01,-2.705182634106328088e+00
8.545003917363507284e+00,-1.858499999999996533e+01,-2.705182634106328088e+00
8.507003917363507028e+00,-1.860399999999996368e+01,-2.705182634106328088e+00
8.469003917363506773e+00,-1.862399999999996325e+01,-2.705182634106328088e+00
8.450003917363506645e+00,-1.863399999999996481e+01,-2.705182634106328088e+00
8.431003917363506517e+00,-1.864299999999996515e+01,-2.705182634106328088e+00
8.393003917363506261e+00,-1.866299999999996473e+01,-2.705182634106328088e+00
8.318003917363506972e+00,-1.870099999999996498e+01,-2.705182634106328088e+00
8.280003917363506716e+00,-1.871999999999996334e+01,-2.705182634106328088e+00
8.260003917363507142e+00,-1.872999999999996490e+01,-2.705182634106328088e+00
8.241003917363507014e+00,-1.873999999999996646e+01,-2.705182634106328088e+00
8.203003917363506758e+00,-1.875899999999996481e+01,-2.705182634106328088e+00
8.165003917363506503e+00,-1.877899999999996439e+01,-2.705182634106328088e+00
8.127003917363506247e+00,-1.879799999999996274e+01,-2.705182634106328088e+00
8.089003917363505991e+00,-1.881699999999996109e+01,-2.705182634106328088e+00
8.070003917363505863e+00,-1.882599999999996143e+01,-2.705182634106328088e+00
8.032003917363505607e+00,-1.884599999999996101e+01,-2.705182634106328088e+00
7.994003917363505352e+00,-1.886599999999996058e+01,-2.705182634106328088e+00
7.975003917363505224e+00,-1.887499999999996092e+01,-2.705182634106328088e+00
7.937003917363504968e+00,-1.889399999999995927e+01,-2.705182634106328088e+00
7.899003917363504712e+00,-1.891299999999995762e+01,-2.705182634106328088e+00
7.880003917363504584e+00,-1.892299999999995919e+01,-2.705182634106328088e+00
7.842003917363504328e+00,-1.894199999999995754e+01,-2.705182634106328088e+00
7.804003917363504073e+00,-1.896199999999995711e+01,-2.705182634106328088e+00
7.785003917363503945e+00,-1.897099999999995745e+01,-2.705182634106328088e+00
7.747003917363503689e+00,-1.898999999999995580e+01,-2.705182634106328088e+00
7.709003917363503433e+00,-1.900999999999995538e+01,-2.705182634106328088e+00
7.671003917363503177e+00,-1.902799999999995606e+01,-2.705182634106328088e+00
7.652003917363503049e+00,-1.903799999999995762e+01,-2.705182634106328088e+00
7.614003917363502794e+00,-1.905699999999995597e+01,-2.705182634106328088e+00
7.595003917363502666e+00,-1.906599999999995632e+01,-2.705182634106328088e+00
7.557003917363502410e+00,-1.908499999999995467e+01,-2.705182634106328088e+00
7.519003917363502154e+00,-1.910499999999995424e+01,-2.705182634106328088e+00
7.481003917363501898e+00,-1.912499999999995381e+01,-2.705182634106328088e+00
7.443003917363501643e+00,-1.914299999999995450e+01,-2.705182634106328088e+00
7.406003917363501721e+00,-1.916199999999995285e+01,-2.705182634106328088e+00
7.388003917363501927e+00,-1.917099999999995319e+01,-2.705182634106328088e+00
7.369003917363501799e+00,-1.918099999999995475e+01,-2.705182634106328088e+00
7.331003917363501543e+00,-1.919999999999995310e+01,-2.688182634106328184e+00
7.313003917363501749e+00,-1.920999999999995467e+01,-2.688182634106328184e+00
7.275003917363501493e+00,-1.922999999999995424e+01,-2.688182634106328184e+00
7.237003917363501238e+00,-1.924999999999995381e+01,-2.688182634106328184e+00
7.200003917363501316e+00,-1.926899999999995217e+01,-2.688182634106328184e+00
7.162003917363501060e+00,-1.928899999999995174e+01,-2.688182634106328184e+00
7.144003917363501266e+00,-1.929799999999995208e+01,-2.688182634106328184e+00
7.107003917363501344e+00,-1.931799999999995165e+01,-2.688182634106328184e+00
7.088003917363501216e+00,-1.932799999999995322e+01,-2.688182634106328184e+00
7.051003917363501294e+00,-1.934799999999995279e+01,-2.688182634106328184e+00
7.033003917363501500e+00,-1.935799999999995435e+01,-2.670182634106328390e+00
6.997003917363501913e+00,-1.937799999999995393e+01,-2.670182634106328390e+00
6.960003917363501991e+00,-1.939799999999995350e+01,-2.670182634106328390e+00
6.941003917363501863e+00,-1.940899999999995273e+01,-2.670182634106328390e+00
6.903003917363501607e+00,-1.942899999999995231e+01,-2.670182634106328390e+00
6.865003917363501351e+00,-1.944999999999995310e+01,-2.670182634106328390e+00
6.828003917363501429e+00,-1.946999999999995268e+01,-2.670182634106328390e+00
6.791003917363501508e+00,-1.948999999999995225e+01,-2.670182634106328390e+00
6.773003917363501714e+00,-1.949999999999995381e+01,-2.670182634106328390e+00
6.737003917363502126e+00,-1.951999999999995339e+01,-2.670182634106328390e+00
6.682003917363502410e+00,-1.954999999999995453e+01,-2.653182634106328486e+00
6.664003917363502616e+00,-1.955999999999995609e+01,-2.653182634106328486e+00
6.627003917363502694e+00,-1.958099999999995688e+01,-2.653182634106328486e+00
6.573003917363502424e+00,-1.961199999999995569e+01,-2.653182634106328486e+00
6.555003917363502630e+00,-1.962299999999995492e+01,-2.653182634106328486e+00
6.537003917363502836e+00,-1.963299999999995649e+01,-2.653182634106328486e+00
6.501003917363503248e+00,-1.965399999999995728e+01,-2.653182634106328486e+00
6.465003917363503660e+00,-1.967599999999995575e+01,-2.635182634106328692e+00
6.446003917363503533e+00,-1.968699999999995498e+01,-2.635182634106328692e+00
6.428003917363503739e+00,-1.969799999999995421e+01,-2.635182634106328692e+00
6.393003917363503597e+00,-1.971899999999995501e+01,-2.635182634106328692e+00
6.378003917363503916e+00,-1.972799999999995535e+01,-2.635182634106328692e+00
6.321003917363503533e+00,-1.976599999999995561e+01,-2.583182634106328646e+00
6.269003917363503930e+00,-1.980199999999995697e+01,-2.583182634106328646e+00
6.236003917363503568e+00,-1.982499999999995666e+01,-2.583182634106328646e+00
6.219003917363503220e+00,-1.983699999999995711e+01,-2.583182634106328646e+00
6.203003917363503206e+00,-1.984799999999995634e+01,-2.583182634106328646e+00
6.153003917363503383e+00,-1.988199999999995526e+01,-2.583182634106328646e+00
6.136003917363503035e+00,-1.989299999999995450e+01,-2.583182634106328646e+00
6.103003917363502673e+00,-1.991499999999995296e+01,-2.583182634106328646e+00
6.052003917363502516e+00,-1.994799999999995421e+01,-2.600182634106328550e+00
6.035003917363502168e+00,-1.995899999999995345e+01,-2.600182634106328550e+00
6.001003917363502360e+00,-1.998099999999995191e+01,-2.600182634106328550e+00
5.984003917363502012e+00,-1.999199999999995114e+01,-2.600182634106328550e+00
5.950003917363502204e+00,-2.001399999999994961e+01,-2.600182634106328550e+00
5.933003917363501856e+00,-2.002499999999994884e+01,-2.600182634106328550e+00
5.899003917363502048e+00,-2.004699999999994731e+01,-2.618182634106328344e+00
5.882003917363501699e+00,-2.005799999999994654e+01,-2.618182634106328344e+00
5.848003917363501891e+00,-2.007999999999994500e+01,-2.618182634106328344e+00
5.814003917363502083e+00,-2.010099999999994580e+01,-2.635182634106328248e+00
5.780003917363502275e+00,-2.012199999999994660e+01,-2.635182634106328248e+00
5.745003917363502133e+00,-2.014199999999994617e+01,-2.635182634106328248e+00
5.710003917363501991e+00,-2.016199999999994574e+01,-2.653182634106328042e+00
5.692003917363502197e+00,-2.017199999999994731e+01,-2.653182634106328042e+00
5.657003917363502055e+00,-2.019199999999994688e+01,-2.653182634106328042e+00
5.639003917363502261e+00,-2.020199999999994844e+01,-2.670182634106327946e+00
5.603003917363502673e+00,-2.022199999999994802e+01,-2.670182634106327946e+00
5.585003917363502879e+00,-2.023199999999994958e+01,-2.670182634106327946e+00
5.531003917363502609e+00,-2.026099999999994949e+01,-2.688182634106327740e+00
5.513003917363502815e+00,-2.027099999999995106e+01,-2.688182634106327740e+00
5.477003917363503227e+00,-2.028999999999994941e+01,-2.688182634106327740e+00
5.459003917363503433e+00,-2.029899999999994975e+01,-2.688182634106327740e+00
5.423003917363503845e+00,-2.031699999999995043e+01,-2.705182634106327644e+00
5.387003917363504257e+00,-2.033499999999995111e+01,-2.705182634106327644e+00
5.369003917363504463e+00,-2.034399999999995146e+01,-2.723182634106327438e+00
5.333003917363504875e+00,-2.036199999999995214e+01,-2.740182634106327342e+00
5.333003917363504875e+00,-2.036199999999995214e+01,-2.740182634106327342e+00
5.277003917363504826e+00,-2.038699999999995072e+01,-2.758182634106327136e+00
5.240003917363504904e+00,-2.040299999999994895e+01,-2.775182634106327040e+00
5.202003917363504648e+00,-2.041699999999994830e+01,-2.810182634106327182e+00
5.164003917363504392e+00,-2.043099999999994765e+01,-2.827182634106327086e+00
5.145003917363504264e+00,-2.043799999999994910e+01,-2.845182634106326880e+00
5.126003917363504137e+00,-2.044499999999995055e+01,-2.845182634106326880e+00
5.088003917363503881e+00,-2.045799999999995222e+01,-2.862182634106326784e+00
5.068003917363504307e+00,-2.046399999999995245e+01,-2.880182634106326578e+00
5.029003917363504605e+00,-2.047599999999995291e+01,-2.897182634106326482e+00
4.989003917363504570e+00,-2.048699999999995214e+01,-2.915182634106326276e+00
4.929003917363504961e+00,-2.050199999999995271e+01,-2.950182634106326418e+00
4.889003917363504925e+00,-2.050999999999995183e+01,-2.967182634106326322e+00
4.849003917363504890e+00,-2.051799999999995094e+01,-3.002182634106326464e+00
4.829003917363505316e+00,-2.052099999999995106e+01,-3.002182634106326464e+00
4.789003917363505280e+00,-2.052699999999995129e+01,-3.019182634106326368e+00
4.769003917363505707e+00,-2.052999999999995140e+01,-3.037182634106326162e+00
4.729003917363505671e+00,-2.053499999999995040e+01,-3.054182634106326066e+00
4.689003917363505636e+00,-2.053899999999995174e+01,-3.089182634106326208e+00
4.669003917363506062e+00,-2.054099999999995063e+01,-3.107182634106326002e+00
4.629003917363506027e+00,-2.054299999999994952e+01,-3.124182634106325906e+00
4.569003917363506417e+00,-2.054399999999995075e+01,3.124002673073260627e+00
4.549003917363506844e+00,-2.054399999999995075e+01,3.107002673073260723e+00
4.509003917363506808e+00,-2.054399999999995075e+01,3.089002673073260929e+00
4.489003917363507234e+00,-2.054399999999995075e+01,3.089002673073260929e+00
4.449003917363507199e+00,-2.054199999999995185e+01,3.054002673073260787e+00
4.429003917363507625e+00,-2.054099999999995063e+01,3.054002673073260787e+00
4.389003917363507590e+00,-2.053899999999995174e+01,3.037002673073260883e+00
4.369003917363508016e+00,-2.053799999999995052e+01,3.019002673073261089e+00
4.329003917363507981e+00,-2.053399999999994918e+01,3.002002673073261185e+00
4.269003917363508371e+00,-2.052799999999994895e+01,2.984002673073261391e+00
4.209003917363508762e+00,-2.052099999999994751e+01,2.984002673073261391e+00
4.189003917363509188e+00,-2.051899999999994861e+01,2.984002673073261391e+00
4.149003917363509153e+00,-2.051299999999994839e+01,2.967002673073261487e+00
4.129003917363509579e+00,-2.050999999999994827e+01,2.967002673073261487e+00
4.089003917363509544e+00,-2.050399999999994805e+01,2.967002673073261487e+00
4.049003917363509508e+00,-2.049799999999994782e+01,2.950002673073261583e+00
4.029003917363509935e+00,-2.049499999999994770e+01,2.950002673073261583e+00
3.989003917363509899e+00,-2.048899999999994748e+01,2.950002673073261583e+00
3.949003917363509863e+00,-2.048299999999994725e+01,2.932002673073261789e+00
3.910003917363509718e+00,-2.047599999999994580e+01,2.932002673073261789e+00
3.896003917363509927e+00,-2.047399999999994691e+01,2.915002673073261885e+00
3.885003917363509807e+00,-2.047099999999994679e+01,2.880002673073261743e+00
3.884003917363509917e+00,-2.047099999999994679e+01,2.862002673073261949e+00
3.883003917363510027e+00,-2.047099999999994679e+01,2.810002673073261903e+00
3.883003917363510027e+00,-2.047099999999994679e+01,2.810002673073261903e+00
3.883003917363510027e+00,-2.047099999999994679e+01,2.775002673073261761e+00
3.883003917363510027e+00,-2.047099999999994679e+01,2.758002673073261857e+00
3.883003917363510027e+00,-2.047099999999994679e+01,2.740002673073262063e+00
3.862003917363510119e+00,-2.046199999999994645e+01,2.688002673073262017e+00
3.809003917363510183e+00,-2.043699999999994787e+01,2.635002673073262081e+00
3.792003917363510279e+00,-2.042799999999994753e+01,2.618002673073262176e+00
3.757003917363510137e+00,-2.040799999999994796e+01,2.583002673073262034e+00
3.740003917363510233e+00,-2.039699999999994873e+01,2.548002673073261892e+00
3.706003917363510425e+00,-2.037499999999995026e+01,2.513002673073261750e+00
3.689003917363510521e+00,-2.036399999999995103e+01,2.496002673073261846e+00
3.657003917363510492e+00,-2.033999999999995012e+01,2.461002673073261704e+00
3.641003917363510478e+00,-2.032799999999994967e+01,2.461002673073261704e+00
3.593003917363510435e+00,-2.028899999999994819e+01,2.426002673073261562e+00
3.547003917363510617e+00,-2.024999999999994671e+01,2.391002673073261420e+00
3.532003917363510492e+00,-2.023699999999994503e+01,2.374002673073261516e+00
3.502003917363510688e+00,-2.021099999999994523e+01,2.356002673073261722e+00
3.473003917363510773e+00,-2.018299999999994654e+01,2.339002673073261818e+00
3.459003917363510983e+00,-2.016899999999994719e+01,2.321002673073262024e+00
3.431003917363510958e+00,-2.013999999999994728e+01,2.304002673073262120e+00
3.403003917363510933e+00,-2.011099999999994736e+01,2.286002673073262326e+00
3.389003917363511142e+00,-2.009599999999994679e+01,2.286002673073262326e+00
3.362003917363511007e+00,-2.006599999999994566e+01,2.269002673073262422e+00
3.362003917363511007e+00,-2.006599999999994566e+01,2.269002673073262422e+00
3.310003917363510961e+00,-2.000599999999994694e+01,2.251002673073262628e+00
3.297003917363511061e+00,-1.999099999999994637e+01,2.251002673073262628e+00
3.271003917363511260e+00,-1.996099999999994523e+01,2.251002673073262628e+00
3.245003917363511459e+00,-1.993099999999994409e+01,2.234002673073262724e+00
3.219003917363511658e+00,-1.989999999999994529e+01,2.234002673073262724e+00
3.206003917363511757e+00,-1.988499999999994472e+01,2.234002673073262724e+00
3.180003917363511956e+00,-1.985399999999994591e+01,2.216002673073262930e+00
3.154003917363512155e+00,-1.982299999999994711e+01,2.216002673073262930e+00
3.128003917363512354e+00,-1.979199999999994830e+01,2.216002673073262930e+00
3.102133709463304800e+00,-1.975999999999994827e+01,2.199000400405297651e+00
3.089133709463304900e+00,-1.974399999999995003e+01,2.199000400405297651e+00
3.064133709463304989e+00,-1.971199999999995001e+01,2.199000400405297651e+00
3.039133709463305077e+00,-1.967999999999994998e+01,2.182000400405297746e+00
3.027133709463305067e+00,-1.966399999999995174e+01,2.182000400405297746e+00
3.015133709463305056e+00,-1.964799999999995350e+01,2.182000400405297746e+00
2.991133709463305035e+00,-1.961599999999995347e+01,2.182000400405297746e+00
2.967133709463305014e+00,-1.958399999999995345e+01,2.164000400405297952e+00
2.931133709463304982e+00,-1.953499999999995396e+01,2.164000400405297952e+00
2.919133709463304971e+00,-1.951899999999995572e+01,2.147000400405298048e+00
2.907133709463304960e+00,-1.950199999999995626e+01,2.147000400405298048e+00
2.884133709463304829e+00,-1.946899999999995501e+01,2.147000400405298048e+00
2.872133709463304818e+00,-1.945199999999995555e+01,2.129000400405298254e+00
2.850133709463305021e+00,-1.941899999999995430e+01,2.129000400405298254e+00
2.828133709463305223e+00,-1.938499999999995538e+01,2.112000400405298350e+00
2.817133709463305102e+00,-1.936799999999995592e+01,2.112000400405298350e+00
2.795133709463305305e+00,-1.933399999999995700e+01,2.094000400405298556e+00
2.762133709463305387e+00,-1.928299999999995862e+01,2.094000400405298556e+00
2.751133709463305266e+00,-1.926599999999995916e+01,2.094000400405298556e+00
2.741133709463305479e+00,-1.924899999999995970e+01,2.077000400405298652e+00
2.720133709463305571e+00,-1.921499999999996078e+01,2.077000400405298652e+00
2.699133709463305664e+00,-1.917999999999996064e+01,2.077000400405298652e+00
2.689133709463305877e+00,-1.916299999999996118e+01,2.059000400405298858e+00
2.669133709463305859e+00,-1.912799999999996103e+01,2.059000400405298858e+00
2.659133709463306072e+00,-1.910999999999996035e+01,2.059000400405298858e+00
2.629133709463306268e+00,-1.905799999999996075e+01,2.042000400405298954e+00
2.599133709463306463e+00,-1.900399999999996226e+01,2.042000400405298954e+00
2.579133709463306445e+00,-1.896799999999996089e+01,2.024000400405299160e+00
2.569133709463306658e+00,-1.894999999999996021e+01,2.024000400405299160e+00
2.560133709463306761e+00,-1.893199999999995953e+01,2.024000400405299160e+00
2.545133709463306637e+00,-1.890399999999996083e+01,2.007000400405299256e+00
2.537133709463306630e+00,-1.888799999999996260e+01,1.972000400405299336e+00
2.522133709463306506e+00,-1.885399999999996368e+01,1.972000400405299336e+00
2.514133709463306499e+00,-1.883499999999996533e+01,1.955000400405299432e+00
2.497133709463306595e+00,-1.879699999999996507e+01,1.955000400405299432e+00
2.489133709463306587e+00,-1.877699999999996550e+01,1.955000400405299432e+00
2.463133709463306786e+00,-1.871799999999996444e+01,1.955000400405299432e+00
2.455133709463306779e+00,-1.869799999999996487e+01,1.955000400405299432e+00
2.438133709463306875e+00,-1.865899999999996339e+01,1.955000400405299432e+00
2.421133709463306971e+00,-1.861899999999996425e+01,1.955000400405299432e+00
2.413133709463306964e+00,-1.859899999999996467e+01,1.955000400405299432e+00
2.396133709463307060e+00,-1.855899999999996552e+01,1.955000400405299432e+00
2.388133709463307053e+00,-1.853899999999996595e+01,1.937000400405299416e+00
2.372133709463307039e+00,-1.849899999999996680e+01,1.937000400405299416e+00
2.364133709463307031e+00,-1.847999999999996845e+01,1.937000400405299416e+00
2.340133709463307010e+00,-1.842099999999996740e+01,1.937000400405299416e+00
2.332133709463307003e+00,-1.840099999999996783e+01,1.937000400405299416e+00
2.315133709463307099e+00,-1.836099999999996868e+01,1.937000400405299416e+00
2.291133709463307078e+00,-1.830099999999996996e+01,1.937000400405299416e+00
2.282133709463307181e+00,-1.828099999999997038e+01,1.937000400405299416e+00
2.266133709463307166e+00,-1.824199999999996891e+01,1.937000400405299416e+00
2.258133709463307159e+00,-1.822299999999997056e+01,1.937000400405299416e+00
2.242133709463307145e+00,-1.818499999999997030e+01,1.955000400405299432e+00
2.226133709463307131e+00,-1.814799999999997127e+01,1.955000400405299432e+00
2.210133709463307117e+00,-1.810899999999996979e+01,1.955000400405299432e+00
2.201133709463307220e+00,-1.808899999999997021e+01,1.955000400405299432e+00
2.176133709463307309e+00,-1.802999999999996916e+01,1.955000400405299432e+00
2.167133709463307412e+00,-1.801099999999997081e+01,1.955000400405299432e+00
2.159133709463307405e+00,-1.799199999999997246e+01,1.955000400405299432e+00
2.142133709463307500e+00,-1.795199999999997331e+01,1.955000400405299432e+00
2.133133709463307603e+00,-1.793299999999997496e+01,1.955000400405299432e+00
2.116133709463307699e+00,-1.789399999999997348e+01,1.955000400405299432e+00
2.090133709463307898e+00,-1.783499999999997243e+01,1.955000400405299432e+00
2.082133709463307891e+00,-1.781599999999997408e+01,1.955000400405299432e+00
2.064133709463308097e+00,-1.777599999999997493e+01,1.955000400405299432e+00
2.056133709463308090e+00,-1.775699999999997658e+01,1.955000400405299432e+00
2.038133709463308296e+00,-1.771699999999997743e+01,1.955000400405299432e+00
2.029133709463308399e+00,-1.769699999999997786e+01,1.955000400405299432e+00
2.012133709463308495e+00,-1.765699999999997871e+01,1.955000400405299432e+00
2.003133709463308598e+00,-1.763799999999998036e+01,1.955000400405299432e+00
1.986133709463308694e+00,-1.759899999999997888e+01,1.955000400405299432e+00
1.969133709463308790e+00,-1.756099999999997863e+01,1.955000400405299432e+00
1.952133709463308886e+00,-1.752199999999997715e+01,1.955000400405299432e+00
1.934133709463308870e+00,-1.748299999999997567e+01,1.955000400405299432e+00
1.916133709463308854e+00,-1.744299999999997652e+01,1.955000400405299432e+00
1.907133709463308957e+00,-1.742299999999997695e+01,1.955000400405299432e+00
1.890133709463309053e+00,-1.738399999999997547e+01,1.955000400405299432e+00
1.881133709463309156e+00,-1.736499999999997712e+01,1.955000400405299432e+00
1.864133709463309252e+00,-1.732599999999997564e+01,1.955000400405299432e+00
1.855133709463309355e+00,-1.730699999999997729e+01,1.955000400405299432e+00
1.829133709463309332e+00,-1.724799999999997624e+01,1.955000400405299432e+00
1.820133709463309435e+00,-1.722899999999997789e+01,1.955000400405299432e+00
1.803133709463309531e+00,-1.718899999999997874e+01,1.955000400405299432e+00
1.794133709463309634e+00,-1.716999999999998039e+01,1.955000400405299432e+00
1.777133709463309730e+00,-1.713099999999997891e+01,1.955000400405299432e+00
1.759133709463309714e+00,-1.709199999999997743e+01,1.955000400405299432e+00
1.750133709463309817e+00,-1.707199999999997786e+01,1.955000400405299432e+00
1.733133709463309913e+00,-1.703299999999997638e+01,1.955000400405299432e+00
1.727133709463309907e+00,-1.701999999999997470e+01,1.955000400405299432e+00
1.718133709463310010e+00,-1.700099999999997635e+01,1.937000400405299416e+00
1.703133709463310108e+00,-1.696599999999997621e+01,1.937000400405299416e+00
1.695133709463310101e+00,-1.694699999999997786e+01,1.937000400405299416e+00
1.679133709463310087e+00,-1.690999999999997883e+01,1.937000400405299416e+00
1.648133709463310170e+00,-1.683499999999997954e+01,1.937000400405299416e+00
1.640133709463310163e+00,-1.681599999999998118e+01,1.937000400405299416e+00
1.632133709463310156e+00,-1.679699999999998283e+01,1.937000400405299416e+00
1.616133709463310142e+00,-1.675899999999998258e+01,1.955000400405299432e+00
1.600133709463310128e+00,-1.672099999999998232e+01,1.955000400405299432e+00
1.583133709463310224e+00,-1.668199999999998084e+01,1.955000400405299432e+00
1.575133709463310216e+00,-1.666299999999998249e+01,1.955000400405299432e+00
1.558133709463310312e+00,-1.662399999999998101e+01,1.955000400405299432e+00
1.540133709463310296e+00,-1.658499999999997954e+01,1.955000400405299432e+00
1.523133709463310392e+00,-1.654599999999997806e+01,1.955000400405299432e+00
1.514133709463310495e+00,-1.652599999999997848e+01,1.955000400405299432e+00
1.497133709463310591e+00,-1.648699999999997701e+01,1.955000400405299432e+00
1.488133709463310694e+00,-1.646799999999997866e+01,1.955000400405299432e+00
1.471133709463310790e+00,-1.642899999999997718e+01,1.955000400405299432e+00
1.454133709463310886e+00,-1.638999999999997570e+01,1.955000400405299432e+00
1.445133709463310989e+00,-1.636999999999997613e+01,1.955000400405299432e+00
1.427133709463310973e+00,-1.633099999999997465e+01,1.955000400405299432e+00
1.401133709463310950e+00,-1.627299999999997482e+01,1.955000400405299432e+00
1.392133709463311053e+00,-1.625299999999997524e+01,1.955000400405299432e+00
1.383133709463311156e+00,-1.623399999999997689e+01,1.955000400405299432e+00
1.366133709463311252e+00,-1.619599999999997664e+01,1.955000400405299432e+00
1.357133709463311355e+00,-1.617599999999997706e+01,1.972000400405299336e+00
1.339133709463311339e+00,-1.613699999999997559e+01,1.972000400405299336e+00
1.321133709463311323e+00,-1.609699999999997644e+01,1.972000400405299336e+00
1.312133709463311426e+00,-1.607799999999997809e+01,1.972000400405299336e+00
1.294133709463311410e+00,-1.603899999999997661e+01,1.972000400405299336e+00
1.276133709463311394e+00,-1.599899999999997746e+01,1.972000400405299336e+00
1.258133709463311378e+00,-1.595999999999997776e+01,1.972000400405299336e+00
1.249133709463311481e+00,-1.594099999999997763e+01,1.972000400405299336e+00
1.231133709463311465e+00,-1.590099999999997848e+01,1.972000400405299336e+00
1.222133709463311568e+00,-1.588199999999997836e+01,1.972000400405299336e+00
1.204133709463311552e+00,-1.584299999999997866e+01,1.972000400405299336e+00
1.186133709463311536e+00,-1.580399999999997895e+01,1.972000400405299336e+00
1.177133709463311639e+00,-1.578499999999997883e+01,1.972000400405299336e+00
1.159133709463311623e+00,-1.574599999999997912e+01,1.972000400405299336e+00
1.132133709463311710e+00,-1.568699999999997985e+01,1.972000400405299336e+00
1.123133709463311813e+00,-1.566699999999998028e+01,1.972000400405299336e+00
1.114133709463311916e+00,-1.564699999999998070e+01,1.972000400405299336e+00
1.096133709463311900e+00,-1.560899999999998045e+01,1.972000400405299336e+00
1.088133709463311893e+00,-1.558999999999998032e+01,1.972000400405299336e+00
1.072133709463311879e+00,-1.555399999999998073e+01,1.972000400405299336e+00
1.055133709463311975e+00,-1.551699999999997992e+01,1.972000400405299336e+00
1.046133709463312078e+00,-1.549799999999997979e+01,1.972000400405299336e+00
1.028133709463312062e+00,-1.546099999999997898e+01,1.990000400405299352e+00
1.019133709463312165e+00,-1.544199999999997885e+01,1.990000400405299352e+00
9.741337094633121252e-01,-1.534799999999997944e+01,1.990000400405299352e+00
9.651337094633121172e-01,-1.532899999999997931e+01,1.990000400405299352e+00
9.471337094633121012e-01,-1.529099999999997905e+01,1.990000400405299352e+00
9.371337094633120923e-01,-1.527199999999997893e+01,1.990000400405299352e+00
9.221337094633120790e-01,-1.524099999999997834e+01,1.990000400405299352e+00
9.181337094633120754e-01,-1.523399999999997867e+01,1.990000400405299352e+00
9.061337094633120648e-01,-1.520799999999997887e+01,1.972000400405299336e+00
8.881337094633120488e-01,-1.516999999999997861e+01,1.972000400405299336e+00
8.611337094633120248e-01,-1.511199999999997878e+01,1.972000400405299336e+00
8.521337094633120168e-01,-1.509299999999997866e+01,1.972000400405299336e+00
8.431337094633120088e-01,-1.507399999999997853e+01,1.972000400405299336e+00
8.341337094633120008e-01,-1.505499999999997840e+01,1.972000400405299336e+00
8.171337094633119857e-01,-1.501899999999997881e+01,1.972000400405299336e+00
8.001337094633119706e-01,-1.498199999999997800e+01,1.972000400405299336e+00
7.921337094633119635e-01,-1.496399999999997732e+01,1.990000400405299352e+00
7.741337094633119476e-01,-1.492699999999997651e+01,1.990000400405299352e+00
7.661337094633119404e-01,-1.490899999999997583e+01,1.990000400405299352e+00
7.481337094633119245e-01,-1.487299999999997624e+01,1.990000400405299352e+00
7.301337094633119085e-01,-1.483599999999997543e+01,1.990000400405299352e+00
7.121337094633118925e-01,-1.479899999999997462e+01,2.007000400405299256e+00
7.031337094633118845e-01,-1.477999999999997449e+01,2.007000400405299256e+00
6.841337094633118676e-01,-1.474199999999997424e+01,2.007000400405299256e+00
6.651337094633118507e-01,-1.470399999999997398e+01,2.007000400405299256e+00
6.561337094633118427e-01,-1.468499999999997385e+01,2.007000400405299256e+00
6.371337094633118259e-01,-1.464699999999997360e+01,2.007000400405299256e+00
6.271337094633118170e-01,-1.462799999999997347e+01,2.007000400405299256e+00
6.071337094633117992e-01,-1.458999999999997321e+01,2.007000400405299256e+00
5.871337094633117815e-01,-1.455199999999997296e+01,2.007000400405299256e+00
5.681337094633117646e-01,-1.451399999999997270e+01,2.007000400405299256e+00
5.581337094633117557e-01,-1.449499999999997257e+01,2.007000400405299256e+00
5.391337094633117388e-01,-1.445699999999997232e+01,2.007000400405299256e+00
5.191337094633117211e-01,-1.441899999999997206e+01,2.007000400405299256e+00
5.091337094633117122e-01,-1.439999999999997193e+01,2.007000400405299256e+00
4.891337094633116944e-01,-1.436199999999997168e+01,2.007000400405299256e+00
4.791337094633116855e-01,-1.434299999999997155e+01,2.007000400405299256e+00
4.591337094633116678e-01,-1.430499999999997129e+01,2.007000400405299256e+00
4.391337094633116500e-01,-1.426699999999997104e+01,2.007000400405299256e+00
4.191337094633116322e-01,-1.422899999999997078e+01,2.024000400405299160e+00
3.991337094633116145e-01,-1.419099999999997053e+01,2.024000400405299160e+00
3.891337094633116056e-01,-1.417199999999997040e+01,2.024000400405299160e+00
3.691337094633115878e-01,-1.413399999999997014e+01,2.024000400405299160e+00
3.491337094633115701e-01,-1.409599999999996989e+01,2.024000400405299160e+00
3.391337094633115612e-01,-1.407699999999996976e+01,2.024000400405299160e+00
3.191337094633115434e-01,-1.403899999999996950e+01,2.024000400405299160e+00
3.091337094633115345e-01,-1.401999999999996938e+01,2.024000400405299160e+00
2.901337094633115177e-01,-1.398299999999996857e+01,2.024000400405299160e+00
2.701337094633114999e-01,-1.394499999999996831e+01,2.024000400405299160e+00
2.501337094633114821e-01,-1.390699999999996805e+01,2.024000400405299160e+00
2.201337094633114833e-01,-1.384999999999996767e+01,2.024000400405299160e+00
2.001337094633114932e-01,-1.381199999999996741e+01,2.024000400405299160e+00
1.901337094633114844e-01,-1.379299999999996729e+01,2.024000400405299160e+00
1.701337094633114944e-01,-1.375499999999996703e+01,2.024000400405299160e+00
1.601337094633114855e-01,-1.373599999999996690e+01,2.024000400405299160e+00
1.401337094633114955e-01,-1.369899999999996609e+01,2.024000400405299160e+00
1.201337094633114916e-01,-1.366099999999996584e+01,2.024000400405299160e+00
1.001337094633114877e-01,-1.362299999999996558e+01,2.024000400405299160e+00
8.013370946331148381e-02,-1.358499999999996533e+01,2.024000400405299160e+00
7.013370946331148881e-02,-1.356599999999996520e+01,2.024000400405299160e+00
5.013370946331148492e-02,-1.352799999999996494e+01,2.024000400405299160e+00
4.013370946331148298e-02,-1.350899999999996481e+01,2.024000400405299160e+00
2.213370946331148434e-02,-1.347299999999996523e+01,2.007000400405299256e+00
1.313370946331148502e-02,-1.345499999999996454e+01,2.007000400405299256e+00
-5.866290536688514509e-03,-1.341799999999996373e+01,2.007000400405299256e+00
-2.586629053668851319e-02,-1.337999999999996348e+01,2.007000400405299256e+00
-4.486629053668851619e-02,-1.334199999999996322e+01,2.007000400405299256e+00
-6.486629053668852007e-02,-1.330399999999996297e+01,2.007000400405299256e+00
-7.386629053668851419e-02,-1.328499999999996284e+01,2.007000400405299256e+00
-9.386629053668851808e-02,-1.324699999999996258e+01,2.007000400405299256e+00
-1.028662905366885122e-01,-1.322799999999996245e+01,2.007000400405299256e+00
-1.218662905366885152e-01,-1.318999999999996220e+01,2.007000400405299256e+00
-1.318662905366885241e-01,-1.317099999999996207e+01,2.007000400405299256e+00
-1.518662905366885141e-01,-1.313299999999996182e+01,2.007000400405299256e+00
-1.708662905366885032e-01,-1.309499999999996156e+01,2.007000400405299256e+00
-1.908662905366884932e-01,-1.305699999999996130e+01,2.007000400405299256e+00
-2.008662905366885021e-01,-1.303799999999996118e+01,2.007000400405299256e+00
-2.198662905366884912e-01,-1.299999999999996092e+01,2.007000400405299256e+00
-2.388662905366884803e-01,-1.296199999999996066e+01,2.007000400405299256e+00
-2.578662905366884694e-01,-1.292499999999995985e+01,2.007000400405299256e+00
-2.668662905366884774e-01,-1.290599999999995973e+01,2.007000400405299256e+00
-2.868662905366884952e-01,-1.286699999999996002e+01,2.007000400405299256e+00
-2.958662905366885032e-01,-1.284799999999995990e+01,2.007000400405299256e+00
-3.158662905366885210e-01,-1.280999999999995964e+01,2.007000400405299256e+00
-3.348662905366885378e-01,-1.277199999999995939e+01,2.007000400405299256e+00
-3.538662905366885547e-01,-1.273399999999995913e+01,2.007000400405299256e+00
-3.728662905366885716e-01,-1.269599999999995887e+01,2.007000400405299256e+00
-3.928662905366885894e-01,-1.265799999999995862e+01,2.007000400405299256e+00
-4.018662905366885973e-01,-1.263899999999995849e+01,2.007000400405299256e+00
-4.118662905366886062e-01,-1.261999999999995836e+01,2.007000400405299256e+00
-4.218662905366886151e-01,-1.260099999999995823e+01,2.007000400405299256e+00
-4.408662905366886320e-01,-1.256299999999995798e+01,2.007000400405299256e+00
-4.598662905366886489e-01,-1.252499999999995772e+01,2.007000400405299256e+00
-4.788662905366886657e-01,-1.248699999999995747e+01,2.007000400405299256e+00
-4.888662905366886746e-01,-1.246799999999995734e+01,2.007000400405299256e+00
-5.078662905366886360e-01,-1.242899999999995764e+01,2.007000400405299256e+00
-5.278662905366886537e-01,-1.239099999999995738e+01,2.007000400405299256e+00
-5.468662905366886706e-01,-1.235299999999995713e+01,2.007000400405299256e+00
-5.738662905366886946e-01,-1.229799999999995741e+01,2.007000400405299256e+00
-5.928662905366887115e-01,-1.225999999999995715e+01,2.007000400405299256e+00
-6.018662905366887195e-01,-1.224199999999995647e+01,2.007000400405299256e+00
-6.208662905366887363e-01,-1.220499999999995566e+01,2.007000400405299256e+00
-6.388662905366887523e-01,-1.216899999999995607e+01,2.024000400405299160e+00
-6.488662905366887612e-01,-1.215099999999995539e+01,2.024000400405299160e+00
-6.768662905366887861e-01,-1.209699999999995512e+01,2.024000400405299160e+00
-6.858662905366887941e-01,-1.207899999999995444e+01,2.024000400405299160e+00
-7.058662905366888118e-01,-1.204399999999995430e+01,2.042000400405298954e+00
-7.258662905366888296e-01,-1.200799999999995471e+01,2.042000400405298954e+00
-7.358662905366888385e-01,-1.198999999999995403e+01,2.042000400405298954e+00
-7.558662905366888562e-01,-1.195399999999995444e+01,2.042000400405298954e+00
-7.758662905366888740e-01,-1.191899999999995430e+01,2.059000400405298858e+00
-7.858662905366888829e-01,-1.190099999999995362e+01,2.059000400405298858e+00
-8.058662905366889007e-01,-1.186599999999995347e+01,2.059000400405298858e+00
-8.258662905366889184e-01,-1.183099999999995333e+01,2.059000400405298858e+00
-8.368662905366889282e-01,-1.181299999999995265e+01,2.077000400405298652e+00
-8.568662905366889460e-01,-1.177799999999995251e+01,2.077000400405298652e+00
-8.778662905366889646e-01,-1.174399999999995181e+01,2.077000400405298652e+00
-8.888662905366889744e-01,-1.172699999999995235e+01,2.094000400405298556e+00
-8.998662905366889841e-01,-1.170999999999995289e+01,2.094000400405298556e+00
-9.218662905366890037e-01,-1.167599999999995219e+01,2.094000400405298556e+00
-9.438662905366890232e-01,-1.164199999999995150e+01,2.112000400405298350e+00
-9.658662905366890428e-01,-1.160799999999995080e+01,2.112000400405298350e+00
-9.768662905366890525e-01,-1.159099999999995134e+01,2.112000400405298350e+00
-9.998662905366890730e-01,-1.155599999999995120e+01,2.112000400405298350e+00
-1.023866290536689094e+00,-1.152099999999995106e+01,2.129000400405298254e+00
-1.046866290536689004e+00,-1.148699999999995036e+01,2.129000400405298254e+00
-1.058866290536689014e+00,-1.146999999999995090e+01,2.129000400405298254e+00
-1.082866290536689036e+00,-1.143599999999995021e+01,2.129000400405298254e+00
-1.106866290536689057e+00,-1.140199999999994951e+01,2.147000400405298048e+00
-1.130866290536689078e+00,-1.136799999999994881e+01,2.147000400405298048e+00
-1.142866290536689089e+00,-1.135099999999994935e+01,2.146716720571617998e+00
-1.154866290536689100e+00,-1.133399999999994989e+01,2.146716720571617998e+00
-1.178866290536689121e+00,-1.130199999999994986e+01,2.146716720571617998e+00
-1.202866290536689142e+00,-1.126799999999994917e+01,2.163716720571617902e+00
-1.226866290536689164e+00,-1.123499999999994969e+01,2.163716720571617902e+00
-1.238866290536689174e+00,-1.121899999999994968e+01,2.163716720571617902e+00
-1.250866290536689185e+00,-1.120199999999995022e+01,2.163716720571617902e+00
-1.275866290536689096e+00,-1.116799999999994952e+01,2.163716720571617902e+00
-1.301866290536689119e+00,-1.113399999999994883e+01,2.181716720571617696e+00
-1.327866290536689142e+00,-1.109999999999994813e+01,2.181716720571617696e+00
-1.340866290536689043e+00,-1.108299999999994867e+01,2.181716720571617696e+00
-1.366866290536689066e+00,-1.104899999999994797e+01,2.181716720571617696e+00
-1.405866290536688989e+00,-1.099799999999994782e+01,2.181716720571617696e+00
-1.418866290536688890e+00,-1.098099999999994836e+01,2.181716720571617696e+00
-1.431866290536688791e+00,-1.096399999999994890e+01,2.181716720571617696e+00
-1.481866290536688835e+00,-1.089799999999994817e+01,2.181716720571617696e+00
-1.493866290536688846e+00,-1.088199999999994816e+01,2.181716720571617696e+00
-1.517866290536688867e+00,-1.084999999999994813e+01,2.181716720571617696e+00
-1.529866290536688878e+00,-1.083399999999994812e+01,2.181716720571617696e+00
-1.553866290536688899e+00,-1.080099999999994864e+01,2.163716720571617902e+00
-1.565866290536688910e+00,-1.078499999999994863e+01,2.163716720571617902e+00
-1.601866290536688942e+00,-1.073599999999994914e+01,2.163716720571617902e+00
-1.613866290536688952e+00,-1.071999999999994913e+01,2.163716720571617902e+00
-1.637866290536688973e+00,-1.068699999999994965e+01,2.146716720571617998e+00
-1.649866290536688984e+00,-1.067099999999994964e+01,2.146716720571617998e+00
-1.672866290536688894e+00,-1.063799999999995016e+01,2.146716720571617998e+00
-1.696866290536688915e+00,-1.060399999999994947e+01,2.146716720571617998e+00
-1.707866290536688814e+00,-1.058699999999995001e+01,2.128716720571618204e+00
-1.731866290536688835e+00,-1.055299999999994931e+01,2.128716720571618204e+00
-1.742866290536688734e+00,-1.053599999999994985e+01,2.128716720571618204e+00
-1.764866290536688753e+00,-1.050199999999994915e+01,2.111716720571618300e+00
-1.797866290536688672e+00,-1.045099999999994900e+01,2.111716720571618300e+00
-1.808866290536688570e+00,-1.043399999999994954e+01,2.111716720571618300e+00
-1.830866290536688590e+00,-1.039999999999994884e+01,2.093716720571618506e+00
-1.841866290536688489e+00,-1.038299999999994938e+01,2.093716720571618506e+00
-1.863866290536688508e+00,-1.034899999999994868e+01,2.093716720571618506e+00
-1.874866290536688407e+00,-1.033099999999994800e+01,2.093716720571618506e+00
-1.896866290536688426e+00,-1.029699999999994731e+01,2.076716720571618602e+00
-1.906866290536688435e+00,-1.027899999999994662e+01,2.076716720571618602e+00
-1.937866290536688352e+00,-1.022699999999994702e+01,2.058716720571618808e+00
-1.957866290536688370e+00,-1.019199999999994688e+01,2.058716720571618808e+00
-1.967866290536688378e+00,-1.017399999999994620e+01,2.058716720571618808e+00
-1.977866290536688387e+00,-1.015699999999994674e+01,2.058716720571618808e+00
-1.997866290536688405e+00,-1.012199999999994660e+01,2.041716720571618904e+00
-2.017866290536688201e+00,-1.008599999999994701e+01,2.041716720571618904e+00
-2.027866290536687988e+00,-1.006799999999994633e+01,2.041716720571618904e+00
-2.047866290536688005e+00,-1.003199999999994674e+01,2.023716720571619110e+00
-2.056866290536687902e+00,-1.001399999999994606e+01,2.023716720571619110e+00
-2.075866290536688030e+00,-9.977999999999946468e+00,2.023716720571619110e+00
-2.093866290536687824e+00,-9.941999999999946880e+00,2.006716720571619206e+00
-2.120866290536687959e+00,-9.887999999999946610e+00,2.006716720571619206e+00
-2.129866290536687856e+00,-9.869999999999945928e+00,2.006716720571619206e+00
-2.147866290536687650e+00,-9.833999999999946340e+00,1.989716720571619302e+00
-2.156866290536687547e+00,-9.815999999999945658e+00,1.989716720571619302e+00
-2.174866290536687341e+00,-9.778999999999944848e+00,1.989716720571619302e+00
-2.183866290536687238e+00,-9.760999999999944166e+00,1.989716720571619302e+00
-2.198866290536687362e+00,-9.728999999999944137e+00,1.954716720571619382e+00
-2.221866290536687494e+00,-9.674999999999943867e+00,1.936716720571619366e+00
-2.237866290536687508e+00,-9.636999999999943611e+00,1.954716720571619382e+00
-2.245866290536687515e+00,-9.617999999999943483e+00,1.954716720571619382e+00
-2.253866290536687522e+00,-9.598999999999943356e+00,1.954716720571619382e+00
-2.269866290536687536e+00,-9.562999999999943768e+00,1.954716720571619382e+00
-2.285866290536687551e+00,-9.524999999999943512e+00,1.954716720571619382e+00
-2.293866290536687558e+00,-9.506999999999942830e+00,1.954716720571619382e+00
-2.309866290536687572e+00,-9.468999999999942574e+00,1.954716720571619382e+00
-2.317866290536687579e+00,-9.449999999999942446e+00,1.954716720571619382e+00
-2.333866290536687593e+00,-9.412999999999941636e+00,1.971716720571619286e+00
-2.367866290536687401e+00,-9.338999999999941792e+00,1.971716720571619286e+00
-2.385866290536687195e+00,-9.301999999999940982e+00,1.989716720571619302e+00
-2.394866290536687092e+00,-9.282999999999940854e+00,1.989716720571619302e+00
-2.412866290536686886e+00,-9.245999999999940044e+00,1.989716720571619302e+00
-2.421866290536686783e+00,-9.226999999999939917e+00,1.989716720571619302e+00
-2.439866290536686577e+00,-9.188999999999939661e+00,1.989716720571619302e+00
-2.448866290536686474e+00,-9.169999999999939533e+00,1.989716720571619302e+00
-2.475866290536686609e+00,-9.112999999999939149e+00,1.989716720571619302e+00
-2.485866290536686396e+00,-9.093999999999939021e+00,1.989716720571619302e+00
-2.503866290536686190e+00,-9.055999999999938765e+00,1.989716720571619302e+00
-2.512866290536686087e+00,-9.036999999999938638e+00,1.989716720571619302e+00
-2.531866290536686215e+00,-8.998999999999938382e+00,1.989716720571619302e+00
-2.549866290536686009e+00,-8.960999999999938126e+00,2.006716720571619206e+00
-2.558866290536685906e+00,-8.941999999999937998e+00,2.006716720571619206e+00
-2.577866290536686034e+00,-8.903999999999937742e+00,2.006716720571619206e+00
-2.587866290536685820e+00,-8.884999999999937614e+00,2.006716720571619206e+00
-2.605866290536685614e+00,-8.846999999999937359e+00,2.006716720571619206e+00
-2.625866290536685632e+00,-8.808999999999937103e+00,2.006716720571619206e+00
-2.644866290536685760e+00,-8.770999999999936847e+00,2.006716720571619206e+00
-2.663866290536685888e+00,-8.732999999999936591e+00,2.006716720571619206e+00
-2.673866290536685675e+00,-8.713999999999936463e+00,2.006716720571619206e+00
-2.692866290536685803e+00,-8.675999999999936207e+00,2.006716720571619206e+00
-2.702866290536685590e+00,-8.656999999999936080e+00,2.006716720571619206e+00
-2.720866290536685383e+00,-8.618999999999935824e+00,2.006716720571619206e+00
-2.730866290536685170e+00,-8.599999999999935696e+00,2.006716720571619206e+00
-2.759866290536685085e+00,-8.541999999999935866e+00,2.006716720571619206e+00
-2.769866290536684872e+00,-8.522999999999935739e+00,2.006716720571619206e+00
-2.788866290536685000e+00,-8.484999999999935483e+00,2.006716720571619206e+00
-2.808866290536685018e+00,-8.446999999999935227e+00,2.006716720571619206e+00
-2.818866290536684804e+00,-8.427999999999935099e+00,2.006716720571619206e+00
-2.837866290536684932e+00,-8.389999999999934843e+00,2.006716720571619206e+00
-2.847866290536684719e+00,-8.370999999999934715e+00,2.006716720571619206e+00
-2.866866290536684847e+00,-8.332999999999934460e+00,2.006716720571619206e+00
-2.875866290536684744e+00,-8.313999999999934332e+00,2.006716720571619206e+00
-2.895866290536684762e+00,-8.275999999999934076e+00,2.006716720571619206e+00
-2.914866290536684890e+00,-8.237999999999933820e+00,2.006716720571619206e+00
-2.934866290536684907e+00,-8.199999999999933564e+00,2.006716720571619206e+00
-2.953866290536685035e+00,-8.161999999999933308e+00,2.006716720571619206e+00
-2.963866290536684822e+00,-8.142999999999933181e+00,2.006716720571619206e+00
-2.982866290536684950e+00,-8.104999999999932925e+00,2.006716720571619206e+00
-2.992866290536684737e+00,-8.085999999999932797e+00,2.006716720571619206e+00
-3.011866290536684865e+00,-8.047999999999932541e+00,2.006716720571619206e+00
-3.021866290536684652e+00,-8.028999999999932413e+00,2.006716720571619206e+00
-3.050866290536684566e+00,-7.971999999999932029e+00,2.006716720571619206e+00
-3.059866290536684463e+00,-7.952999999999931902e+00,2.006716720571619206e+00
-3.069866290536684250e+00,-7.933999999999931774e+00,2.006716720571619206e+00
-3.108866290536684396e+00,-7.857999999999932150e+00,2.006716720571619206e+00
-3.127866290536684524e+00,-7.819999999999931894e+00,2.006716720571619206e+00
-3.146866290536684652e+00,-7.781999999999931639e+00,2.006716720571619206e+00
-3.156866290536684438e+00,-7.762999999999931511e+00,2.006716720571619206e+00
-3.166866290536684225e+00,-7.743999999999931383e+00,2.006916387931286572e+00
-3.185866290536684353e+00,-7.705999999999931127e+00,2.006916387931286572e+00
-3.204866290536684481e+00,-7.667999999999930871e+00,2.006916387931286572e+00
-3.223866290536684609e+00,-7.629999999999930616e+00,2.006916387931286572e+00
-3.233866290536684396e+00,-7.610999999999930488e+00,2.006916387931286572e+00
-3.253866290536684414e+00,-7.572999999999930232e+00,2.006916387931286572e+00
-3.272866290536684541e+00,-7.534999999999929976e+00,2.006916387931286572e+00
-3.291866290536684669e+00,-7.496999999999929720e+00,2.006916387931286572e+00
-3.301866290536684456e+00,-7.477999999999929592e+00,2.006916387931286572e+00
-3.320866290536684584e+00,-7.439999999999929337e+00,2.006916387931286572e+00
-3.339866290536684712e+00,-7.401999999999929081e+00,2.006916387931286572e+00
-3.349866290536684499e+00,-7.382999999999928953e+00,2.006916387931286572e+00
-3.369866290536684517e+00,-7.343999999999929251e+00,2.006916387931286572e+00
-3.379866290536684303e+00,-7.324999999999929123e+00,2.006916387931286572e+00
-3.398866290536684431e+00,-7.286999999999928868e+00,2.006916387931286572e+00
-3.408866290536684218e+00,-7.267999999999928740e+00,2.006916387931286572e+00
-3.436866290536684243e+00,-7.210999999999928356e+00,2.006916387931286572e+00
-3.445866290536684140e+00,-7.192999999999928562e+00,2.006916387931286572e+00
-3.463866290536683934e+00,-7.156999999999928974e+00,2.006916387931286572e+00
-3.472866290536683831e+00,-7.138999999999929180e+00,2.006916387931286572e+00
-3.491866290536683959e+00,-7.102999999999929592e+00,2.023916387931286476e+00
-3.510866290536684087e+00,-7.065999999999929670e+00,2.023916387931286476e+00
-3.520866290536683874e+00,-7.046999999999929543e+00,2.023916387931286476e+00
-3.540866290536683891e+00,-7.008999999999929287e+00,2.023916387931286476e+00
-3.560866290536683909e+00,-6.970999999999929031e+00,2.023916387931286476e+00
-3.580866290536683927e+00,-6.932999999999928775e+00,2.023916387931286476e+00
-3.590866290536683714e+00,-6.913999999999928647e+00,2.023916387931286476e+00
-3.610866290536683731e+00,-6.875999999999928392e+00,2.023916387931286476e+00
-3.630866290536683749e+00,-6.838999999999928470e+00,2.023916387931286476e+00
-3.640866290536683536e+00,-6.819999999999928342e+00,2.023916387931286476e+00
-3.660866290536683554e+00,-6.781999999999928086e+00,2.023916387931286476e+00
-3.670866290536683341e+00,-6.762999999999927958e+00,2.023916387931286476e+00
-3.690866290536683358e+00,-6.724999999999927702e+00,2.023916387931286476e+00
-3.700866290536683145e+00,-6.705999999999927574e+00,2.023916387931286476e+00
-3.730866290536682950e+00,-6.648999999999927191e+00,2.023916387931286476e+00
-3.740866290536682737e+00,-6.629999999999927063e+00,2.023916387931286476e+00
-3.750866290536682524e+00,-6.610999999999926935e+00,2.023916387931286476e+00
-3.770866290536682541e+00,-6.573999999999927013e+00,2.023916387931286476e+00
-3.790866290536682559e+00,-6.535999999999926757e+00,2.023916387931286476e+00
-3.801866290536682680e+00,-6.516999999999926629e+00,2.023916387931286476e+00
-3.831866290536682484e+00,-6.459999999999926246e+00,2.023916387931286476e+00
-3.851866290536682502e+00,-6.421999999999925990e+00,2.023916387931286476e+00
-3.871866290536682520e+00,-6.383999999999925734e+00,2.023916387931286476e+00
-3.891866290536682538e+00,-6.346999999999925812e+00,2.023916387931286476e+00
-3.901866290536682325e+00,-6.327999999999925684e+00,2.023916387931286476e+00
-3.931866290536682129e+00,-6.270999999999925301e+00,2.023916387931286476e+00
-3.941866290536681916e+00,-6.251999999999925173e+00,2.023916387931286476e+00
-3.951866290536681703e+00,-6.232999999999925045e+00,2.023916387931286476e+00
-3.971866290536681721e+00,-6.194999999999924789e+00,2.023916387931286476e+00
-3.981866290536681507e+00,-6.175999999999924661e+00,2.023916387931286476e+00
-4.001866290536681525e+00,-6.137999999999924405e+00,2.023916387931286476e+00
-4.031866290536681774e+00,-6.080999999999924022e+00,2.023916387931286476e+00
-4.041866290536681561e+00,-6.061999999999923894e+00,2.023916387931286476e+00
-4.061866290536681134e+00,-6.023999999999923638e+00,2.023916387931286476e+00
-4.071866290536680921e+00,-6.004999999999923510e+00,2.023916387931286476e+00
-4.091866290536680495e+00,-5.966999999999923254e+00,2.023916387931286476e+00
-4.111866290536680069e+00,-5.928999999999922998e+00,2.023916387931286476e+00
-4.121866290536679855e+00,-5.909999999999922871e+00,2.023916387931286476e+00
-4.141866290536679429e+00,-5.871999999999922615e+00,2.023916387931286476e+00
-4.151866290536679216e+00,-5.852999999999922487e+00,2.023916387931286476e+00
-4.171866290536678790e+00,-5.814999999999922231e+00,2.023916387931286476e+00
-4.191866290536678363e+00,-5.776999999999921975e+00,2.023916387931286476e+00
-4.211866290536677937e+00,-5.738999999999921720e+00,2.023916387931286476e+00
-4.231866290536677511e+00,-5.700999999999921464e+00,2.023916387931286476e+00
-4.241866290536677297e+00,-5.681999999999921336e+00,2.023916387931286476e+00
-4.261866290536676871e+00,-5.643999999999921080e+00,2.023916387931286476e+00
-4.271866290536676658e+00,-5.624999999999920952e+00,2.023916387931286476e+00
-4.291866290536676232e+00,-5.587999999999921030e+00,2.023916387931286476e+00
-4.301866290536676019e+00,-5.568999999999920902e+00,2.023916387931286476e+00
-4.331866290536676267e+00,-5.511999999999920519e+00,2.023916387931286476e+00
-4.341866290536676054e+00,-5.492999999999920391e+00,2.023916387931286476e+00
-4.361866290536675628e+00,-5.454999999999920135e+00,2.023916387931286476e+00
-4.371866290536675415e+00,-5.436999999999920341e+00,2.023916387931286476e+00
-4.391866290536674988e+00,-5.399999999999920419e+00,2.041916387931286270e+00
-4.411866290536674562e+00,-5.361999999999920163e+00,2.041916387931286270e+00
-4.421866290536674349e+00,-5.342999999999920036e+00,2.041916387931286270e+00
-4.441866290536673922e+00,-5.305999999999920114e+00,2.041916387931286270e+00
-4.451866290536673709e+00,-5.286999999999919986e+00,2.041916387931286270e+00
-4.471866290536673283e+00,-5.248999999999919730e+00,2.041916387931286270e+00
-4.491866290536672857e+00,-5.210999999999919474e+00,2.023916387931286476e+00
-4.511866290536672430e+00,-5.173999999999919552e+00,2.023916387931286476e+00
-4.531866290536672004e+00,-5.135999999999919297e+00,2.023916387931286476e+00
-4.541866290536671791e+00,-5.116999999999919169e+00,2.023916387931286476e+00
-4.561866290536671364e+00,-5.079999999999919247e+00,2.023916387931286476e+00
-4.571866290536671151e+00,-5.060999999999919119e+00,2.023916387931286476e+00
-4.591866290536670725e+00,-5.022999999999918863e+00,2.041916387931286270e+00
-4.601866290536670512e+00,-5.003999999999918735e+00,2.023916387931286476e+00
-4.641866290536670547e+00,-4.928999999999918558e+00,2.023916387931286476e+00
-4.651866290536670334e+00,-4.910999999999918764e+00,2.023916387931286476e+00
-4.671866290536669908e+00,-4.872999999999918508e+00,2.023916387931286476e+00
-4.691866290536669482e+00,-4.834999999999918252e+00,2.023916387931286476e+00
-4.711866290536669055e+00,-4.796999999999917996e+00,2.023916387931286476e+00
-4.721866290536668842e+00,-4.777999999999917868e+00,2.023916387931286476e+00
-4.741866290536668416e+00,-4.739999999999917613e+00,2.023916387931286476e+00
-4.751866290536668203e+00,-4.721999999999917819e+00,2.023916387931286476e+00
-4.771866290536667776e+00,-4.683999999999917563e+00,2.023916387931286476e+00
-4.791866290536667350e+00,-4.645999999999917307e+00,2.041916387931286270e+00
-4.801866290536667137e+00,-4.626999999999917179e+00,2.041916387931286270e+00
-4.821866290536666710e+00,-4.588999999999916923e+00,2.041916387931286270e+00
-4.841866290536666284e+00,-4.550999999999916668e+00,2.023916387931286476e+00
-4.861866290536665858e+00,-4.512999999999916412e+00,2.041916387931286270e+00
-4.871866290536665645e+00,-4.493999999999916284e+00,2.041916387931286270e+00
-4.891866290536665218e+00,-4.457999999999916696e+00,2.041916387931286270e+00
-4.901866290536665005e+00,-4.439999999999916902e+00,2.041916387931286270e+00
-4.921866290536664579e+00,-4.401999999999916646e+00,2.023916387931286476e+00
-4.927866290536664806e+00,-4.391999999999916859e+00,2.023916387931286476e+00
-4.935866290536664813e+00,-4.376999999999917179e+00,2.023916387931286476e+00
-4.954866290536664941e+00,-4.340999999999917591e+00,2.023916387931286476e+00
-4.972866290536664735e+00,-4.305999999999917449e+00,2.023916387931286476e+00
-4.991866290536664863e+00,-4.269999999999917861e+00,2.023916387931286476e+00
-5.011866290536664437e+00,-4.233999999999918273e+00,2.041916387931286270e+00
-5.021866290536664224e+00,-4.215999999999918479e+00,2.041916387931286270e+00
-5.041866290536663797e+00,-4.179999999999918892e+00,2.041916387931286270e+00
-5.051866290536663584e+00,-4.161999999999919098e+00,2.041916387931286270e+00
-5.071866290536663158e+00,-4.125999999999919510e+00,2.041916387931286270e+00
-5.081866290536662945e+00,-4.107999999999919716e+00,2.058916387931286174e+00
-5.101866290536662518e+00,-4.072999999999919574e+00,2.058916387931286174e+00
-5.111866290536662305e+00,-4.054999999999919780e+00,2.058916387931286174e+00
-5.131866290536661879e+00,-4.018999999999920192e+00,2.058916387931286174e+00
-5.163866290536661907e+00,-3.964999999999920366e+00,2.058916387931286174e+00
-5.174866290536662028e+00,-3.945999999999920238e+00,2.058916387931286174e+00
-5.196866290536662270e+00,-3.909999999999920206e+00,2.076916387931285968e+00
-5.207866290536662390e+00,-3.890999999999920078e+00,2.076916387931285968e+00
-5.240866290536662753e+00,-3.835999999999919918e+00,2.076916387931285968e+00
-5.251866290536662873e+00,-3.816999999999919790e+00,2.076916387931285968e+00
-5.262866290536662994e+00,-3.798999999999919996e+00,2.076916387931285968e+00
-5.284866290536663236e+00,-3.761999999999920075e+00,2.076916387931285968e+00
-5.317866290536663598e+00,-3.707999999999920249e+00,2.076916387931285968e+00
-5.328866290536663719e+00,-3.689999999999920455e+00,2.076916387931285968e+00
-5.339866290536663840e+00,-3.671999999999920661e+00,2.076916387931285968e+00
-5.361866290536664081e+00,-3.634999999999920739e+00,2.076916387931285968e+00
-5.372866290536664202e+00,-3.616999999999920945e+00,2.076916387931285968e+00
-5.394866290536664444e+00,-3.580999999999920913e+00,2.076916387931285968e+00
-5.416866290536664685e+00,-3.544999999999920881e+00,2.076916387931285968e+00
-5.449866290536665048e+00,-3.489999999999920721e+00,2.076916387931285968e+00
-5.460866290536665169e+00,-3.471999999999920927e+00,2.076916387931285968e+00
-5.482866290536665410e+00,-3.435999999999920895e+00,2.076916387931285968e+00
-5.515866290536665772e+00,-3.380999999999920735e+00,2.076916387931285968e+00
-5.526866290536665893e+00,-3.362999999999920941e+00,2.076916387931285968e+00
-5.548866290536666135e+00,-3.326999999999920909e+00,2.076916387931285968e+00
-5.570866290536666376e+00,-3.290999999999920878e+00,2.076916387931285968e+00
-5.581866290536666497e+00,-3.272999999999921084e+00,2.076916387931285968e+00
-5.603866290536666739e+00,-3.235999999999921162e+00,2.076916387931285968e+00
-5.614866290536666860e+00,-3.217999999999921368e+00,2.076916387931285968e+00
-5.636866290536667101e+00,-3.181999999999921336e+00,2.076916387931285968e+00
-5.669866290536667464e+00,-3.127999999999921510e+00,2.076916387931285968e+00
-5.680866290536667584e+00,-3.109999999999921716e+00,2.076916387931285968e+00
-5.691866290536667705e+00,-3.091999999999921922e+00,2.076916387931285968e+00
-5.713866290536667947e+00,-3.054999999999922000e+00,2.076916387931285968e+00
-5.724866290536668068e+00,-3.036999999999922206e+00,2.076916387931285968e+00
-5.746866290536668309e+00,-3.000999999999922174e+00,2.076916387931285968e+00
-5.768866290536668551e+00,-2.963999999999922252e+00,2.076916387931285968e+00
-5.779866290536668672e+00,-2.945999999999922458e+00,2.076916387931285968e+00
-5.801866290536668913e+00,-2.908999999999922537e+00,2.076916387931285968e+00
-5.834866290536669275e+00,-2.854999999999922711e+00,2.076916387931285968e+00
-5.845866290536669396e+00,-2.836999999999922917e+00,2.076916387931285968e+00
-5.856866290536669517e+00,-2.818999999999923123e+00,2.076916387931285968e+00
-5.878866290536669759e+00,-2.782999999999923091e+00,2.076916387931285968e+00
-5.900866290536670000e+00,-2.746999999999923059e+00,2.076916387931285968e+00
-5.911866290536670121e+00,-2.727999999999922931e+00,2.076916387931285968e+00
-5.922866290536670242e+00,-2.709999999999923137e+00,2.076916387931285968e+00
-5.944866290536670483e+00,-2.673999999999923105e+00,2.076916387931285968e+00
-5.955866290536670604e+00,-2.655999999999923311e+00,2.076916387931285968e+00
-5.977866290536670846e+00,-2.618999999999923389e+00,2.076916387931285968e+00
-6.010866290536671208e+00,-2.564999999999923563e+00,2.076916387931285968e+00
-6.021866290536671329e+00,-2.546999999999923769e+00,2.076916387931285968e+00
-6.043866290536671571e+00,-2.509999999999923848e+00,2.076916387931285968e+00
-6.054866290536671691e+00,-2.491999999999924054e+00,2.076916387931285968e+00
-6.076866290536671933e+00,-2.455999999999924022e+00,2.076916387931285968e+00
-6.098866290536672174e+00,-2.419999999999923990e+00,2.076916387931285968e+00
-6.109866290536672295e+00,-2.401999999999924196e+00,2.076916387931285968e+00
-6.131866290536672537e+00,-2.365999999999924164e+00,2.076916387931285968e+00
-6.153866290536672778e+00,-2.328999999999924242e+00,2.076916387931285968e+00
-6.175866290536673020e+00,-2.292999999999924210e+00,2.076916387931285968e+00
-6.186866290536673141e+00,-2.274999999999924416e+00,2.076916387931285968e+00
-6.208866290536673382e+00,-2.238999999999924384e+00,2.076916387931285968e+00
-6.230866290536673624e+00,-2.202999999999924352e+00,2.076916387931285968e+00
-6.241866290536673745e+00,-2.184999999999924558e+00,2.076916387931285968e+00
-6.252866290536673866e+00,-2.166999999999924764e+00,2.076916387931285968e+00
-6.274866290536674107e+00,-2.130999999999924732e+00,2.076916387931285968e+00
-6.285866290536674228e+00,-2.112999999999924938e+00,2.076916387931285968e+00
-6.341866290536674278e+00,-2.021999999999924746e+00,2.076916387931285968e+00
-6.352866290536674398e+00,-2.002999999999924619e+00,2.076916387931285968e+00
-6.374866290536674640e+00,-1.966999999999924587e+00,2.076916387931285968e+00
-6.385866290536674761e+00,-1.948999999999924571e+00,2.076916387931285968e+00
-6.407866290536675002e+00,-1.912999999999924539e+00,2.076916387931285968e+00
-6.429866290536675244e+00,-1.875999999999924617e+00,2.076916387931285968e+00
-6.440866290536675365e+00,-1.857999999999924601e+00,2.076916387931285968e+00
-6.462866290536675606e+00,-1.821999999999924569e+00,2.076916387931285968e+00
-6.473866290536675727e+00,-1.803999999999924553e+00,2.076916387931285968e+00
-6.495866290536675969e+00,-1.767999999999924521e+00,2.076916387931285968e+00
-6.517866290536676210e+00,-1.731999999999924489e+00,2.076916387931285968e+00
-6.539866290536676452e+00,-1.694999999999924567e+00,2.076916387931285968e+00
-6.561866290536676694e+00,-1.658999999999924535e+00,2.076916387931285968e+00
-6.572866290536676814e+00,-1.640999999999924519e+00,2.076916387931285968e+00
-6.594866290536677056e+00,-1.604999999999924487e+00,2.076916387931285968e+00
-6.605866290536677177e+00,-1.586999999999924471e+00,2.076916387931285968e+00
-6.627866290536677418e+00,-1.550999999999924439e+00,2.076916387931285968e+00
-6.638866290536677539e+00,-1.532999999999924423e+00,2.076916387931285968e+00
-6.671866290536677901e+00,-1.478999999999924375e+00,2.076916387931285968e+00
-6.682866290536678022e+00,-1.459999999999924469e+00,2.076916387931285968e+00
-6.704866290536678264e+00,-1.423999999999924437e+00,2.076916387931285968e+00
-6.726866290536678505e+00,-1.386999999999924515e+00,2.076916387931285968e+00
-6.748866290536678747e+00,-1.350999999999924484e+00,2.076916387931285968e+00
-6.759866290536678868e+00,-1.332999999999924468e+00,2.076916387931285968e+00
-6.770866290536678989e+00,-1.314999999999924452e+00,2.076916387931285968e+00
-6.792866290536679230e+00,-1.278999999999924420e+00,2.076916387931285968e+00
-6.803866290536679351e+00,-1.260999999999924404e+00,2.076916387931285968e+00
-6.825866290536679593e+00,-1.224999999999924372e+00,2.076916387931285968e+00
-6.847866290536679834e+00,-1.188999999999924340e+00,2.076916387931285968e+00
-6.869866290536680076e+00,-1.152999999999924308e+00,2.076916387931285968e+00
-6.891866290536680317e+00,-1.116999999999924276e+00,2.076916387931285968e+00
-6.902866290536680438e+00,-1.097999999999924370e+00,2.076916387931285968e+00
-6.924866290536680680e+00,-1.061999999999924338e+00,2.076916387931285968e+00
-6.935866290536680800e+00,-1.043999999999924322e+00,2.076916387931285968e+00
-6.957866290536681042e+00,-1.007999999999924290e+00,2.076916387931285968e+00
-6.968866290536681163e+00,-9.899999999999242739e-01,2.076916387931285968e+00
-7.001866290536681525e+00,-9.359999999999242259e-01,2.076916387931285968e+00
-7.012866290536681646e+00,-9.179999999999242100e-01,2.076916387931285968e+00
-7.023866290536681767e+00,-8.999999999999241940e-01,2.076916387931285968e+00
-7.045866290536682008e+00,-8.629999999999241611e-01,2.076916387931285968e+00
-7.067866290536682250e+00,-8.259999999999241282e-01,2.076916387931285968e+00
-7.089866290536682492e+00,-7.899999999999240963e-01,2.076916387931285968e+00
-7.111866290536682733e+00,-7.529999999999240634e-01,2.076916387931285968e+00
-7.122866290536682854e+00,-7.349999999999240474e-01,2.076916387931285968e+00
-7.133866290536682975e+00,-7.169999999999240314e-01,2.076916387931285968e+00
-7.155866290536683216e+00,-6.809999999999239995e-01,2.076916387931285968e+00
-7.177866290536683458e+00,-6.449999999999239675e-01,2.076916387931285968e+00
-7.210866290536683820e+00,-5.899999999999239186e-01,2.076916387931285968e+00
-7.232866290536684062e+00,-5.539999999999238867e-01,2.076916387931285968e+00
-7.254866290536684303e+00,-5.179999999999238547e-01,2.076916387931285968e+00
-7.276866290536684545e+00,-4.819999999999238782e-01,2.076916387931285968e+00
-7.331866290536684261e+00,-3.919999999999238538e-01,2.076916387931285968e+00
-7.342866290536684382e+00,-3.729999999999238369e-01,2.076916387931285968e+00
-7.353866290536684502e+00,-3.549999999999238209e-01,2.076916387931285968e+00
-7.375866290536684744e+00,-3.189999999999238445e-01,2.076916387931285968e+00
-7.397866290536684986e+00,-2.819999999999238671e-01,2.076916387931285968e+00
-7.419866290536685227e+00,-2.459999999999238629e-01,2.076916387931285968e+00
-7.430866290536685348e+00,-2.279999999999238747e-01,2.076916387931285968e+00
-7.452866290536685590e+00,-1.919999999999238705e-01,2.076916387931285968e+00
-7.463866290536685710e+00,-1.739999999999238822e-01,2.076916387931285968e+00
-7.485866290536685952e+00,-1.369999999999238771e-01,2.076916387931285968e+00
-7.496866290536686073e+00,-1.189999999999238750e-01,2.076916387931285968e+00
-7.518866290536686314e+00,-8.299999999992388466e-02,2.076916387931285968e+00
-7.529866290536686435e+00,-6.499999999992388255e-02,2.076916387931285968e+00
-7.551866290536686677e+00,-2.899999999992388527e-02,2.076916387931285968e+00
-7.573866290536686918e+00,7.000000000076112006e-03,2.076916387931285968e+00
-7.594866290536686826e+00,4.100000000007611445e-02,2.076916387931285968e+00
-7.615866290536686734e+00,7.600000000007611778e-02,2.076916387931285968e+00
-7.625866290536686520e+00,9.400000000007611989e-02,2.076916387931285968e+00
-7.658866290536686883e+00,1.480000000000761262e-01,2.076916387931285968e+00
-7.669866290536687004e+00,1.660000000000761144e-01,2.076916387931285968e+00
-7.680866290536687124e+00,1.850000000000761036e-01,2.076916387931285968e+00
-7.691866290536687245e+00,2.040000000000760927e-01,2.076916387931285968e+00
-7.713866290536687487e+00,2.400000000000760969e-01,2.058916387931286174e+00
-7.735866290536687728e+00,2.770000000000760743e-01,2.058916387931286174e+00
-7.757866290536687970e+00,3.130000000000760507e-01,2.058916387931286174e+00
-7.768866290536688091e+00,3.310000000000760667e-01,2.058916387931286174e+00
-7.789866290536687998e+00,3.670000000000760432e-01,2.076916387931285968e+00
-7.811866290536688240e+00,4.030000000000760196e-01,2.058916387931286174e+00
-7.821866290536688027e+00,4.210000000000760356e-01,2.076916387931285968e+00
-7.842866290536687934e+00,4.560000000000760112e-01,2.076916387931285968e+00
-7.853866290536688055e+00,4.740000000000760272e-01,2.076916387931285968e+00
-7.874866290536687963e+00,5.080000000000760574e-01,2.076916387931285968e+00
-7.895866290536687870e+00,5.420000000000760876e-01,2.076916387931285968e+00
-7.938866290536688020e+00,6.110000000000761489e-01,2.093916387931285872e+00
-7.949866290536688140e+00,6.280000000000761640e-01,2.093916387931285872e+00
-7.971866290536688382e+00,6.630000000000761951e-01,2.093916387931285872e+00
-7.982866290536688503e+00,6.810000000000762110e-01,2.093916387931285872e+00
-8.004866290536687856e+00,7.170000000000762430e-01,2.093916387931285872e+00
-8.015866290536687089e+00,7.340000000000762581e-01,2.111916387931285666e+00
-8.038866290536686776e+00,7.690000000000762892e-01,2.111916387931285666e+00
-8.061866290536686463e+00,8.050000000000763212e-01,2.111916387931285666e+00
-8.085866290536685597e+00,8.410000000000763531e-01,2.111916387931285666e+00
-8.108866290536685284e+00,8.770000000000763851e-01,2.111916387931285666e+00
-8.120866290536685739e+00,8.950000000000764011e-01,2.111916387931285666e+00
-8.143866290536685426e+00,9.300000000000764322e-01,2.111916387931285666e+00
-8.155866290536685881e+00,9.480000000000764482e-01,2.111916387931285666e+00
-8.178866290536685568e+00,9.830000000000764793e-01,2.111916387931285666e+00
-8.190866290536686023e+00,1.001000000000076495e+00,2.111916387931285666e+00
-8.214866290536685156e+00,1.037000000000076527e+00,2.111916387931285666e+00
-8.238866290536684289e+00,1.073000000000076559e+00,2.111916387931285666e+00
-8.250866290536684744e+00,1.091000000000076575e+00,2.111916387931285666e+00
-8.274866290536683877e+00,1.126000000000076495e+00,2.111916387931285666e+00
-8.298866290536683010e+00,1.162000000000076527e+00,2.111916387931285666e+00
-8.322866290536682143e+00,1.198000000000076559e+00,2.111916387931285666e+00
-8.334866290536682598e+00,1.216000000000076575e+00,2.111916387931285666e+00
-8.358866290536681731e+00,1.252000000000076607e+00,2.111916387931285666e+00
-8.370866290536682186e+00,1.270000000000076623e+00,2.111916387931285666e+00
-8.394866290536681319e+00,1.306000000000076655e+00,2.111916387931285666e+00
-8.418866290536680452e+00,1.342000000000076687e+00,2.111916387931285666e+00
-8.430866290536680907e+00,1.360000000000076703e+00,2.128916387931285570e+00
-8.454866290536680040e+00,1.396000000000076735e+00,2.128916387931285570e+00
-8.478866290536679173e+00,1.432000000000076767e+00,2.128916387931285570e+00
-8.502866290536678306e+00,1.468000000000076799e+00,2.128916387931285570e+00
-8.514866290536678761e+00,1.486000000000076815e+00,2.128916387931285570e+00
-8.538866290536677894e+00,1.522000000000076847e+00,2.128916387931285570e+00
-8.550866290536678349e+00,1.540000000000076863e+00,2.128916387931285570e+00
-8.574866290536677482e+00,1.575000000000076783e+00,2.128916387931285570e+00
-8.598866290536676615e+00,1.611000000000076815e+00,2.128916387931285570e+00
-8.610866290536677070e+00,1.629000000000076831e+00,2.128916387931285570e+00
-8.634866290536676203e+00,1.665000000000076863e+00,2.128916387931285570e+00
-8.646866290536676658e+00,1.683000000000076879e+00,2.128916387931285570e+00
-8.670866290536675791e+00,1.719000000000076911e+00,2.128916387931285570e+00
-8.706866290536675379e+00,1.773000000000076959e+00,2.128916387931285570e+00
-8.718866290536675834e+00,1.791000000000076975e+00,2.128916387931285570e+00
-8.730866290536676289e+00,1.809000000000076991e+00,2.128916387931285570e+00
-8.754866290536675422e+00,1.845000000000077023e+00,2.128916387931285570e+00
-8.778866290536674555e+00,1.881000000000077055e+00,2.128916387931285570e+00
-8.790866290536675010e+00,1.899000000000077071e+00,2.128916387931285570e+00
-8.814866290536674143e+00,1.935000000000077103e+00,2.128916387931285570e+00
-8.850866290536673731e+00,1.989000000000077151e+00,2.128916387931285570e+00
-8.886866290536673318e+00,2.043000000000076977e+00,2.128916387931285570e+00
-8.898866290536673773e+00,2.061000000000076771e+00,2.128916387931285570e+00
-8.922866290536672906e+00,2.097000000000076803e+00,2.128916387931285570e+00
-8.934866290536673361e+00,2.115000000000076597e+00,2.128916387931285570e+00
-8.958866290536672494e+00,2.151000000000076628e+00,2.128916387931285570e+00
-8.970866290536672949e+00,2.168000000000076533e+00,2.128916387931285570e+00
-8.994866290536672082e+00,2.203000000000076675e+00,2.128916387931285570e+00
-9.006866290536672537e+00,2.221000000000076469e+00,2.128916387931285570e+00
-9.030866290536671670e+00,2.257000000000076501e+00,2.128916387931285570e+00
-9.054866290536670803e+00,2.293000000000076533e+00,2.128916387931285570e+00
-9.090866290536670391e+00,2.346000000000076469e+00,2.128916387931285570e+00
-9.102866290536670846e+00,2.363000000000076373e+00,2.128916387931285570e+00
-9.126866290536669979e+00,2.399000000000076405e+00,2.128916387931285570e+00
-9.138866290536670434e+00,2.417000000000076199e+00,2.128916387931285570e+00
-9.162866290536669567e+00,2.452000000000076341e+00,2.128916387931285570e+00
-9.174866290536670022e+00,2.470000000000076135e+00,2.128916387931285570e+00
-9.210866290536669609e+00,2.524000000000075961e+00,2.128916387931285570e+00
-9.234866290536668743e+00,2.559000000000076103e+00,2.128916387931285570e+00
-9.270866290536668330e+00,2.613000000000075929e+00,2.128916387931285570e+00
-9.282866290536668785e+00,2.631000000000075723e+00,2.128916387931285570e+00
-9.306866290536667918e+00,2.667000000000075755e+00,2.128916387931285570e+00
-9.318866290536668373e+00,2.685000000000075548e+00,2.128916387931285570e+00
-9.342866290536667506e+00,2.720000000000075691e+00,2.128916387931285570e+00
-9.354866290536667961e+00,2.738000000000075485e+00,2.128916387931285570e+00
-9.378866290536667094e+00,2.774000000000075516e+00,2.128916387931285570e+00
-9.390866290536667549e+00,2.792000000000075310e+00,2.128916387931285570e+00
-9.414866290536666682e+00,2.828000000000075342e+00,2.128916387931285570e+00
-9.438866290536665815e+00,2.864000000000075374e+00,2.128916387931285570e+00
-9.473866290536665957e+00,2.917000000000075310e+00,2.128916387931285570e+00
-9.485866290536666412e+00,2.934000000000075215e+00,2.128916387931285570e+00
-9.509866290536665545e+00,2.970000000000075246e+00,2.128916387931285570e+00
-9.532866290536665232e+00,3.005000000000075389e+00,2.128916387931285570e+00
-9.540866290536664351e+00,3.017000000000075399e+00,2.128916387931285570e+00
-9.545866290536665133e+00,3.024000000000075516e+00,2.111916387931285666e+00
-9.561866290536665147e+00,3.049000000000075428e+00,2.093916387931285872e+00
-9.572866290536664380e+00,3.067000000000075222e+00,2.093916387931285872e+00
-9.594866290536664621e+00,3.104000000000075143e+00,2.093916387931285872e+00
-9.627866290536664096e+00,3.158000000000074969e+00,2.093916387931285872e+00
-9.638866290536663328e+00,3.175000000000074873e+00,2.093916387931285872e+00
-9.661866290536663016e+00,3.213000000000074685e+00,2.076916387931285968e+00
-9.694866290536662490e+00,3.267000000000074511e+00,2.076916387931285968e+00
-9.705866290536661722e+00,3.285000000000074305e+00,2.076916387931285968e+00
-9.727866290536661964e+00,3.321000000000074337e+00,2.076916387931285968e+00
-9.749866290536662206e+00,3.357000000000074369e+00,2.076916387931285968e+00
-9.760866290536661438e+00,3.375000000000074163e+00,2.076916387931285968e+00
-9.782866290536661680e+00,3.411000000000074195e+00,2.076916387931285968e+00
-9.816866290536662376e+00,3.466000000000074355e+00,2.076916387931285968e+00
-9.827866290536661609e+00,3.484000000000074149e+00,2.076916387931285968e+00
-9.849866290536661850e+00,3.521000000000074071e+00,2.076916387931285968e+00
-9.860866290536661083e+00,3.539000000000073864e+00,2.076916387931285968e+00
-9.882866290536661324e+00,3.575000000000073896e+00,2.076916387931285968e+00
-9.904866290536661566e+00,3.612000000000073818e+00,2.076916387931285968e+00
-9.915866290536660799e+00,3.630000000000073612e+00,2.076916387931285968e+00
-9.937866290536661040e+00,3.666000000000073644e+00,2.076916387931285968e+00
-9.948866290536660273e+00,3.684000000000073438e+00,2.076916387931285968e+00
-9.981866290536659747e+00,3.739000000000073598e+00,2.076916387931285968e+00
-9.992866290536658980e+00,3.757000000000073392e+00,2.076916387931285968e+00
-1.001486629053665922e+01,3.794000000000073314e+00,2.076916387931285968e+00
-1.002686629053665968e+01,3.813000000000073442e+00,2.076916387931285968e+00
-1.004886629053665992e+01,3.850000000000073364e+00,2.076916387931285968e+00
-1.007086629053666016e+01,3.886000000000073396e+00,2.076916387931285968e+00
-1.008186629053665939e+01,3.904000000000073189e+00,2.076916387931285968e+00
-1.010386629053665963e+01,3.940000000000073221e+00,2.076916387931285968e+00
-1.011486629053665887e+01,3.958000000000073015e+00,2.076916387931285968e+00
-1.014786629053665834e+01,4.012000000000073285e+00,2.076916387931285968e+00
-1.015886629053665757e+01,4.030000000000073079e+00,2.076916387931285968e+00
-1.018086629053665781e+01,4.067000000000073001e+00,2.076916387931285968e+00
-1.019186629053665705e+01,4.085000000000072795e+00,2.076916387931285968e+00
-1.021386629053665729e+01,4.121000000000072383e+00,2.076916387931285968e+00
-1.022486629053665652e+01,4.140000000000072511e+00,2.076916387931285968e+00
-1.025786629053665600e+01,4.195000000000072227e+00,2.076916387931285968e+00
-1.027986629053665624e+01,4.231000000000071815e+00,2.076916387931285968e+00
-1.030186629053665648e+01,4.268000000000071736e+00,2.076916387931285968e+00
-1.033486629053665595e+01,4.322000000000072006e+00,2.076916387931285968e+00
-1.034586629053665519e+01,4.340000000000071800e+00,2.076916387931285968e+00
-1.036786629053665543e+01,4.377000000000071722e+00,2.076916387931285968e+00
-1.037886629053665466e+01,4.395000000000071516e+00,2.076916387931285968e+00
-1.040086629053665490e+01,4.431000000000071104e+00,2.076916387931285968e+00
-1.041186629053665413e+01,4.448000000000071452e+00,2.076916387931285968e+00
-1.043386629053665438e+01,4.483000000000071594e+00,2.093916387931285872e+00
-1.044486629053665361e+01,4.500000000000071942e+00,2.093916387931285872e+00
-1.046686629053665385e+01,4.535000000000072085e+00,2.093916387931285872e+00
-1.049986629053665332e+01,4.586000000000072241e+00,2.093916387931285872e+00
-1.051086629053665256e+01,4.603000000000072589e+00,2.093916387931285872e+00
-1.053286629053665280e+01,4.639000000000072177e+00,2.111916387931285666e+00
-1.054386629053665203e+01,4.656000000000072525e+00,2.111916387931285666e+00
-1.056686629053665172e+01,4.692000000000072113e+00,2.111916387931285666e+00
-1.057886629053665217e+01,4.710000000000071907e+00,2.111916387931285666e+00
-1.060186629053665186e+01,4.746000000000071495e+00,2.111916387931285666e+00
-1.061386629053665231e+01,4.764000000000071289e+00,2.111916387931285666e+00
-1.063686629053665200e+01,4.800000000000070877e+00,2.111916387931285666e+00
-1.065986629053665169e+01,4.835000000000071019e+00,2.111916387931285666e+00
-1.068386629053665082e+01,4.871000000000070607e+00,2.111916387931285666e+00
-1.069586629053665128e+01,4.889000000000070401e+00,2.111916387931285666e+00
-1.071986629053665041e+01,4.924000000000070543e+00,2.111916387931285666e+00
-1.074286629053665010e+01,4.960000000000070131e+00,2.111916387931285666e+00
-1.075486629053665055e+01,4.978000000000069925e+00,2.111916387931285666e+00
-1.077786629053665024e+01,5.013000000000070067e+00,2.111916387931285666e+00
-1.078986629053665069e+01,5.031000000000069861e+00,2.111916387931285666e+00
-1.081386629053664983e+01,5.067000000000069448e+00,2.111916387931285666e+00
-1.083786629053664896e+01,5.103000000000069036e+00,2.111916387931285666e+00
-1.086186629053664809e+01,5.139000000000068624e+00,2.111916387931285666e+00
-1.087386629053664855e+01,5.157000000000068418e+00,2.111916387931285666e+00
-1.089786629053664768e+01,5.192000000000068560e+00,2.111916387931285666e+00
-1.092086629053664737e+01,5.227000000000068702e+00,2.111916387931285666e+00
-1.093286629053664782e+01,5.245000000000068496e+00,2.111916387931285666e+00
-1.095686629053664696e+01,5.281000000000068084e+00,2.111916387931285666e+00
-1.096886629053664741e+01,5.299000000000067878e+00,2.111916387931285666e+00
-1.099286629053664655e+01,5.335000000000067466e+00,2.111916387931285666e+00
-1.101686629053664568e+01,5.371000000000067054e+00,2.111916387931285666e+00
-1.104086629053664481e+01,5.407000000000066642e+00,2.111916387931285666e+00
-1.106486629053664394e+01,5.442000000000066784e+00,2.111916387931285666e+00
-1.111286629053664399e+01,5.514000000000066848e+00,2.111916387931285666e+00
-1.112486629053664444e+01,5.532000000000066642e+00,2.111916387931285666e+00
-1.113686629053664490e+01,5.550000000000066436e+00,2.111916387931285666e+00
-1.114886629053664535e+01,5.568000000000066230e+00,2.111916387931285666e+00
-1.117286629053664448e+01,5.603000000000066372e+00,2.111916387931285666e+00
-1.119686629053664362e+01,5.639000000000065960e+00,2.111916387931285666e+00
-1.123286629053664321e+01,5.693000000000066230e+00,2.111916387931285666e+00
-1.124486629053664366e+01,5.711000000000066024e+00,2.111916387931285666e+00
-1.126886629053664279e+01,5.747000000000065612e+00,2.128916387931285570e+00
-1.128086629053664325e+01,5.765000000000065405e+00,2.128916387931285570e+00
-1.130486629053664238e+01,5.800000000000065548e+00,2.128916387931285570e+00
-1.131686629053664284e+01,5.817000000000065896e+00,2.128916387931285570e+00
-1.134086629053664197e+01,5.853000000000065484e+00,2.128916387931285570e+00
-1.135286629053664242e+01,5.871000000000065278e+00,2.128916387931285570e+00
-1.137686629053664156e+01,5.907000000000064865e+00,2.128916387931285570e+00
-1.140086629053664069e+01,5.943000000000064453e+00,2.128916387931285570e+00
-1.142486629053663982e+01,5.979000000000064041e+00,2.128916387931285570e+00
-1.143686629053664028e+01,5.997000000000063835e+00,2.128916387931285570e+00
-1.146086629053663941e+01,6.033000000000063423e+00,2.128916387931285570e+00
-1.147186629053663864e+01,6.050000000000063771e+00,2.128916387931285570e+00
-1.149586629053663778e+01,6.086000000000063359e+00,2.128916387931285570e+00
-1.151986629053663691e+01,6.122000000000062947e+00,2.128916387931285570e+00
-1.154386629053663604e+01,6.157000000000063089e+00,2.111916387931285666e+00
-1.155586629053663650e+01,6.175000000000062883e+00,2.111916387931285666e+00
-1.156786629053663695e+01,6.193000000000062677e+00,2.111916387931285666e+00
-1.159186629053663609e+01,6.229000000000062265e+00,2.111916387931285666e+00
-1.162786629053663567e+01,6.283000000000062535e+00,2.128916387931285570e+00
-1.163986629053663613e+01,6.301000000000062329e+00,2.128916387931285570e+00
-1.165186629053663658e+01,6.319000000000062123e+00,2.128916387931285570e+00
-1.167586629053663572e+01,6.355000000000061711e+00,2.128916387931285570e+00
-1.168786629053663617e+01,6.373000000000061505e+00,2.128916387931285570e+00
-1.173586629053663621e+01,6.444000000000061235e+00,2.111916387931285666e+00
-1.174786629053663667e+01,6.462000000000061029e+00,2.111916387931285666e+00
-1.177186629053663580e+01,6.498000000000060616e+00,2.111916387931285666e+00
-1.178386629053663626e+01,6.516000000000060410e+00,2.128916387931285570e+00
-1.181986629053663584e+01,6.570000000000060680e+00,2.111916387931285666e+00
-1.183186629053663630e+01,6.588000000000060474e+00,2.128916387931285570e+00
-1.185586629053663543e+01,6.624000000000060062e+00,2.128916387931285570e+00
-1.187986629053663457e+01,6.659000000000060204e+00,2.128916387931285570e+00
-1.189186629053663502e+01,6.677000000000059998e+00,2.128916387931285570e+00
-1.190386629053663547e+01,6.695000000000059792e+00,2.128916387931285570e+00
-1.192786629053663461e+01,6.730000000000059934e+00,2.128916387931285570e+00
-1.195186629053663374e+01,6.765000000000060076e+00,2.128916387931285570e+00
-1.196386629053663420e+01,6.783000000000059870e+00,2.128916387931285570e+00
-1.198686629053663388e+01,6.817000000000059678e+00,2.128916387931285570e+00
-1.200686629053663346e+01,6.846000000000059593e+00,2.093916387931285428e+00
-1.201686629053663324e+01,6.861000000000059273e+00,2.093916387931285428e+00
-1.203886629053663349e+01,6.897000000000058861e+00,2.093916387931285428e+00
-1.206086629053663373e+01,6.933000000000058449e+00,2.093916387931285428e+00
-1.208286629053663397e+01,6.969000000000058037e+00,2.076916387931285524e+00
-1.210486629053663421e+01,7.004000000000058179e+00,2.076916387931285524e+00
-1.211586629053663344e+01,7.022000000000057973e+00,2.076916387931285524e+00
-1.213786629053663368e+01,7.059000000000057895e+00,2.076916387931285524e+00
-1.217086629053663316e+01,7.114000000000057611e+00,2.076916387931285524e+00
-1.218286629053663361e+01,7.133000000000057739e+00,2.076916387931285524e+00
-1.220486629053663385e+01,7.169000000000057327e+00,2.076916387931285524e+00
-1.222686629053663410e+01,7.206000000000057248e+00,2.076916387931285524e+00
-1.223786629053663333e+01,7.224000000000057042e+00,2.076916387931285524e+00
-1.224886629053663256e+01,7.242000000000056836e+00,2.076916387931285524e+00
-1.227086629053663280e+01,7.278000000000056424e+00,2.076916387931285524e+00
-1.228186629053663204e+01,7.296000000000056218e+00,2.076916387931285524e+00
-1.230386629053663228e+01,7.332000000000055806e+00,2.076916387931285524e+00
-1.232586629053663252e+01,7.368000000000055394e+00,2.076916387931285524e+00
-1.234586629053663209e+01,7.402000000000055202e+00,2.076916387931285524e+00
-1.235586629053663188e+01,7.419000000000055550e+00,2.076916387931285524e+00
-1.238686629053663246e+01,7.472000000000055486e+00,2.058916387931285730e+00
-1.239686629053663225e+01,7.490000000000055280e+00,2.058916387931285730e+00
-1.240686629053663204e+01,7.507000000000055628e+00,2.058916387931285730e+00
-1.242686629053663161e+01,7.543000000000055216e+00,2.058916387931285730e+00
-1.243686629053663140e+01,7.561000000000055010e+00,2.041916387931285826e+00
-1.245686629053663097e+01,7.597000000000054598e+00,2.041916387931285826e+00
-1.248686629053663033e+01,7.651000000000054868e+00,2.041916387931285826e+00
-1.249686629053663012e+01,7.668000000000055216e+00,2.023916387931286032e+00
-1.251586629053663025e+01,7.704000000000054804e+00,2.023916387931286032e+00
-1.252486629053663059e+01,7.722000000000054598e+00,2.023916387931286032e+00
-1.254386629053663071e+01,7.758000000000054186e+00,2.023916387931286032e+00
-1.255286629053663106e+01,7.776000000000053980e+00,2.006916387931286128e+00
-1.257286629053663063e+01,7.814000000000054236e+00,2.006916387931286128e+00
-1.258286629053663042e+01,7.833000000000054364e+00,2.006916387931286128e+00
-1.260086629053663110e+01,7.869000000000053952e+00,2.006916387931286128e+00
-1.263686629053663069e+01,7.941000000000054015e+00,2.023916387931286032e+00
-1.265686629053663026e+01,7.977000000000053603e+00,2.023916387931286032e+00
-1.267686629053662983e+01,8.014000000000054413e+00,2.041916387931285826e+00
-1.268686629053662962e+01,8.032000000000055095e+00,2.041916387931285826e+00
-1.270686629053662919e+01,8.067000000000055238e+00,2.058916387931285730e+00
-1.271786629053662843e+01,8.085000000000055920e+00,2.076916387931285524e+00
-1.273886629053662922e+01,8.119000000000056616e+00,2.093916387931285428e+00
-1.274986629053662845e+01,8.136000000000056076e+00,2.111916387931285222e+00
-1.278486629053662860e+01,8.187000000000056232e+00,2.146916387931285364e+00
-1.279686629053662905e+01,8.204000000000055692e+00,2.163916387931285268e+00
-1.282086629053662818e+01,8.236000000000055721e+00,2.163916387931285268e+00
-1.283286629053662864e+01,8.252000000000055735e+00,2.163916387931285268e+00
-1.285686629053662777e+01,8.284000000000055763e+00,2.181916387931285062e+00
-1.288186629053662813e+01,8.316000000000055792e+00,2.181916387931285062e+00
-1.289386629053662858e+01,8.332000000000055806e+00,2.181916387931285062e+00
-1.291886629053662894e+01,8.364000000000055834e+00,2.198916387931284966e+00
-1.293186629053662884e+01,8.380000000000055849e+00,2.198916387931284966e+00
-1.298186629053662955e+01,8.443000000000056460e+00,2.215916387931284870e+00
-1.300786629053662935e+01,8.474000000000057042e+00,2.215916387931284870e+00
-1.303386629053662915e+01,8.506000000000057071e+00,2.215916387931284870e+00
-1.304686629053662905e+01,8.522000000000057085e+00,2.233916387931284664e+00
-1.307286629053662885e+01,8.553000000000057668e+00,2.233916387931284664e+00
-1.309886629053662865e+01,8.585000000000057696e+00,2.233916387931284664e+00
-1.311186629053662855e+01,8.601000000000057710e+00,2.233916387931284664e+00
-1.313886629053662780e+01,8.633000000000057739e+00,2.233916387931284664e+00
-1.316586629053662705e+01,8.665000000000057767e+00,2.233916387931284664e+00
-1.317886629053662695e+01,8.681000000000057781e+00,2.233916387931284664e+00
-1.320586629053662620e+01,8.713000000000057810e+00,2.250916387931284568e+00
-1.323286629053662544e+01,8.745000000000057838e+00,2.250916387931284568e+00
-1.324686629053662479e+01,8.761000000000057852e+00,2.250916387931284568e+00
-1.327386629053662404e+01,8.793000000000057881e+00,2.250916387931284568e+00
-1.330086629053662328e+01,8.825000000000057909e+00,2.250916387931284568e+00
-1.331486629053662263e+01,8.841000000000057923e+00,2.250916387931284568e+00
-1.332886629053662197e+01,8.857000000000057938e+00,2.250916387931284568e+00
-1.335686629053662244e+01,8.889000000000057966e+00,2.250916387931284568e+00
-1.338486629053662291e+01,8.921000000000057994e+00,2.250916387931284568e+00
-1.341186629053662216e+01,8.952000000000058577e+00,2.250916387931284568e+00
-1.343986629053662263e+01,8.984000000000058606e+00,2.250916387931284568e+00
-1.346586629053662243e+01,9.014000000000057966e+00,2.250916387931284568e+00
-1.347886629053662233e+01,9.029000000000058535e+00,2.250916387931284568e+00
-1.350486629053662213e+01,9.059000000000057895e+00,2.233916387931284664e+00
-1.353086629053662193e+01,9.090000000000058478e+00,2.233916387931284664e+00
-1.354386629053662183e+01,9.105000000000059046e+00,2.233916387931284664e+00
-1.356986629053662163e+01,9.135000000000058407e+00,2.233916387931284664e+00
-1.358286629053662153e+01,9.150000000000058975e+00,2.233916387931284664e+00
-1.360886629053662134e+01,9.181000000000059558e+00,2.215916387931284870e+00
-1.363486629053662114e+01,9.212000000000060140e+00,2.215916387931284870e+00
-1.366086629053662094e+01,9.243000000000060723e+00,2.215916387931284870e+00
-1.367386629053662084e+01,9.259000000000060737e+00,2.215916387931284870e+00
-1.369986629053662064e+01,9.291000000000060766e+00,2.198916387931284966e+00
-1.372586629053662044e+01,9.323000000000060794e+00,2.198916387931284966e+00
-1.373886629053662034e+01,9.339000000000060808e+00,2.198916387931284966e+00
-1.376386629053662070e+01,9.371000000000060837e+00,2.181916387931285062e+00
-1.377586629053662115e+01,9.387000000000060851e+00,2.181916387931285062e+00
-1.379986629053662028e+01,9.419000000000060879e+00,2.181916387931285062e+00
-1.382486629053662064e+01,9.452000000000060353e+00,2.181916387931285062e+00
-1.385086629053662044e+01,9.486000000000061050e+00,2.163916387931285268e+00
-1.387686629053662024e+01,9.520000000000061746e+00,2.163916387931285268e+00
-1.388886629053662070e+01,9.537000000000061206e+00,2.163916387931285268e+00
-1.390186629053662060e+01,9.554000000000060666e+00,2.163916387931285268e+00
-1.392786629053662040e+01,9.588000000000061362e+00,2.163916387931285268e+00
-1.395286629053662075e+01,9.622000000000062059e+00,2.163916387931285268e+00
-1.396586629053662065e+01,9.640000000000062741e+00,2.163916387931285268e+00
-1.399086629053662101e+01,9.674000000000063437e+00,2.163916387931285268e+00
-1.402886629053662126e+01,9.725000000000063594e+00,2.163916387931285268e+00
-1.405386629053662162e+01,9.759000000000064290e+00,2.163916387931285268e+00
-1.407986629053662142e+01,9.793000000000064986e+00,2.163916387931285268e+00
-1.410486629053662178e+01,9.828000000000065128e+00,2.163916387931285268e+00
-1.411786629053662168e+01,9.845000000000064588e+00,2.163916387931285268e+00
-1.414286629053662203e+01,9.880000000000064730e+00,2.163916387931285268e+00
-1.415586629053662193e+01,9.897000000000064190e+00,2.163916387931285268e+00
-1.417986629053662107e+01,9.931000000000064887e+00,2.163916387931285268e+00
-1.420586629053662087e+01,9.965000000000065583e+00,2.163916387931285268e+00
-1.421786629053662132e+01,9.982000000000065043e+00,2.163916387931285268e+00
-1.424386629053662112e+01,1.001700000000006519e+01,2.163916387931285268e+00
-1.426886629053662148e+01,1.005100000000006588e+01,2.163916387931285268e+00
-1.429386629053662183e+01,1.008600000000006602e+01,2.163916387931285268e+00
-1.430686629053662173e+01,1.010300000000006548e+01,2.163916387931285268e+00
-1.433186629053662209e+01,1.013700000000006618e+01,2.163916387931285268e+00
-1.434386629053662254e+01,1.015400000000006564e+01,2.163916387931285268e+00
-1.436886629053662290e+01,1.018800000000006634e+01,2.163916387931285268e+00
-1.438186629053662280e+01,1.020600000000006702e+01,2.163916387931285268e+00
-1.440686629053662315e+01,1.024100000000006716e+01,2.146916387931285364e+00
-1.443086629053662229e+01,1.027400000000006663e+01,2.163916387931285268e+00
-1.445086629053662186e+01,1.030200000000006710e+01,2.128916387931285126e+00
-1.446086629053662165e+01,1.031600000000006645e+01,2.128916387931285126e+00
-1.447286629053662210e+01,1.033400000000006713e+01,2.111916387931285222e+00
-1.449686629053662124e+01,1.036900000000006727e+01,2.111916387931285222e+00
-1.450786629053662047e+01,1.038700000000006796e+01,2.111916387931285222e+00
-1.453186629053661960e+01,1.042300000000006754e+01,2.111916387931285222e+00
-1.454386629053662006e+01,1.044100000000006823e+01,2.111916387931285222e+00
-1.456786629053661919e+01,1.047700000000006781e+01,2.111916387931285222e+00
-1.457986629053661964e+01,1.049500000000006850e+01,2.111916387931285222e+00
-1.460386629053661878e+01,1.053100000000006808e+01,2.111916387931285222e+00
-1.463886629053661892e+01,1.058500000000006835e+01,2.111916387931285222e+00
-1.465086629053661937e+01,1.060300000000006904e+01,2.111916387931285222e+00
-1.467486629053661851e+01,1.063900000000006862e+01,2.111916387931285222e+00
-1.468586629053661774e+01,1.065700000000006931e+01,2.111916387931285222e+00
-1.470986629053661687e+01,1.069300000000006889e+01,2.111916387931285222e+00
-1.472186629053661733e+01,1.071100000000006958e+01,2.111916387931285222e+00
-1.474586629053661646e+01,1.074700000000006916e+01,2.111916387931285222e+00
-1.475786629053661692e+01,1.076500000000006985e+01,2.111916387931285222e+00
-1.478186629053661605e+01,1.080100000000006943e+01,2.111916387931285222e+00
-1.480486629053661574e+01,1.083700000000006902e+01,2.111916387931285222e+00
-1.482886629053661487e+01,1.087300000000006861e+01,2.111916387931285222e+00
-1.486386629053661501e+01,1.092600000000006943e+01,2.111916387931285222e+00
-1.488786629053661414e+01,1.096200000000006902e+01,2.111916387931285222e+00
-1.491086629053661383e+01,1.099800000000006861e+01,2.111916387931285222e+00
-1.492286629053661429e+01,1.101600000000006929e+01,2.111916387931285222e+00
-1.494686629053661342e+01,1.105200000000006888e+01,2.111916387931285222e+00
-1.495886629053661387e+01,1.107000000000006956e+01,2.111916387931285222e+00
-1.498186629053661356e+01,1.110600000000006915e+01,2.111916387931285222e+00
-1.500386629053661380e+01,1.114000000000006985e+01,2.111916387931285222e+00
-1.502586629053661404e+01,1.117400000000007054e+01,2.111916387931285222e+00
-1.503686629053661328e+01,1.119100000000007000e+01,2.093916387931285428e+00
-1.505886629053661352e+01,1.122500000000007070e+01,2.093916387931285428e+00
-1.508086629053661376e+01,1.125900000000007140e+01,2.093916387931285428e+00
-1.509186629053661299e+01,1.127600000000007086e+01,2.093916387931285428e+00
-1.510286629053661223e+01,1.129400000000007154e+01,2.093916387931285428e+00
-1.512486629053661247e+01,1.132900000000007168e+01,2.076916387931285524e+00
-1.514686629053661271e+01,1.136400000000007182e+01,2.076916387931285524e+00
-1.516786629053661350e+01,1.139800000000007252e+01,2.076916387931285524e+00
-1.518786629053661308e+01,1.143200000000007321e+01,2.093916387931285428e+00
-1.519886629053661231e+01,1.144900000000007267e+01,2.093916387931285428e+00
-1.522086629053661255e+01,1.148500000000007226e+01,2.093916387931285428e+00
-1.524286629053661279e+01,1.151900000000007296e+01,2.111916387931285222e+00
-1.525386629053661203e+01,1.153600000000007242e+01,2.111916387931285222e+00
-1.527586629053661227e+01,1.157000000000007311e+01,2.111916387931285222e+00
-1.528686629053661150e+01,1.158700000000007257e+01,2.111916387931285222e+00
-1.530886629053661174e+01,1.162100000000007327e+01,2.111916387931285222e+00
-1.533086629053661198e+01,1.165400000000007275e+01,2.111916387931285222e+00
-1.535286629053661223e+01,1.168800000000007344e+01,2.111916387931285222e+00
-1.536386629053661146e+01,1.170500000000007290e+01,2.111916387931285222e+00
-1.538586629053661170e+01,1.173900000000007360e+01,2.093916387931285428e+00
-1.541786629053661173e+01,1.179000000000007375e+01,2.093916387931285428e+00
-1.543986629053661197e+01,1.182400000000007445e+01,2.076916387931285524e+00
-1.544986629053661176e+01,1.184200000000007513e+01,2.076916387931285524e+00
-1.546986629053661133e+01,1.187700000000007527e+01,2.058916387931285730e+00
-1.548986629053661090e+01,1.191300000000007486e+01,2.041916387931285826e+00
-1.550886629053661103e+01,1.194900000000007445e+01,2.006916387931285684e+00
-1.551786629053661137e+01,1.196700000000007513e+01,2.006916387931285684e+00
-1.553586629053661206e+01,1.200300000000007472e+01,1.989916387931285779e+00
-1.555286629053661152e+01,1.204000000000007553e+01,1.971916387931285763e+00
-1.556086629053661063e+01,1.205800000000007621e+01,1.954916387931285859e+00
-1.557686629053661065e+01,1.209500000000007702e+01,1.936916387931285843e+00
-1.558386629053661032e+01,1.211400000000007715e+01,1.919916387931285939e+00
-1.559786629053660967e+01,1.215100000000007796e+01,1.901916387931285923e+00
-1.560386629053660990e+01,1.216800000000007742e+01,1.866916387931286003e+00
-1.561186629053660901e+01,1.219400000000007722e+01,1.814916387931285957e+00
-1.562286629053660825e+01,1.223300000000007692e+01,1.797916387931286053e+00
-1.562786629053660903e+01,1.225200000000007705e+01,1.779916387931286037e+00
-1.563586629053660815e+01,1.229200000000007620e+01,1.744916387931286117e+00
-1.564386629053660727e+01,1.233200000000007535e+01,1.727916387931286213e+00
-1.564786629053660683e+01,1.235200000000007492e+01,1.709916387931286197e+00
-1.565486629053660650e+01,1.239200000000007407e+01,1.692916387931286293e+00
-1.565786629053660661e+01,1.241200000000007364e+01,1.674916387931286277e+00
-1.566386629053660684e+01,1.245200000000007279e+01,1.657916387931286373e+00
-1.566786629053660640e+01,1.249200000000007194e+01,1.622916387931286453e+00
-1.567086629053660651e+01,1.253200000000007108e+01,1.587916387931286533e+00
-1.567186629053660596e+01,1.255200000000007066e+01,1.570916387931286629e+00
-1.567286629053660540e+01,1.259200000000006980e+01,1.552916387931286613e+00
-1.567286629053660540e+01,1.263200000000006895e+01,1.535916387931286708e+00
-1.567286629053660540e+01,1.265200000000006852e+01,1.517916387931286692e+00
-1.567186629053660596e+01,1.271200000000006902e+01,1.482916387931286772e+00
-1.566986629053660529e+01,1.275200000000006817e+01,1.465916387931286868e+00
-1.566686629053660518e+01,1.279200000000006732e+01,1.448916387931286964e+00
-1.566486629053660451e+01,1.281200000000006689e+01,1.430916387931286948e+00
-1.565786629053660484e+01,1.287200000000006739e+01,1.413916387931287044e+00
-1.565586629053660417e+01,1.289200000000006696e+01,1.395916387931287028e+00
-1.564986629053660394e+01,1.293200000000006611e+01,1.378916387931287124e+00
-1.564586629053660438e+01,1.295200000000006568e+01,1.360916387931287108e+00
-1.563886629053660471e+01,1.299200000000006483e+01,1.360916387931287108e+00
-1.563586629053660459e+01,1.301200000000006440e+01,1.360916387931287108e+00
-1.562386629053660414e+01,1.307200000000006490e+01,1.343916387931287204e+00
-1.561986629053660458e+01,1.309200000000006447e+01,1.343916387931287204e+00
-1.561186629053660546e+01,1.313200000000006362e+01,1.325916387931287188e+00
-1.560286629053660512e+01,1.317200000000006277e+01,1.325916387931287188e+00
-1.559886629053660556e+01,1.319300000000006357e+01,1.325916387931287188e+00
-1.558986629053660522e+01,1.323400000000006393e+01,1.325916387931287188e+00
-1.558486629053660444e+01,1.325400000000006351e+01,1.325916387931287188e+00
-1.557686629053660532e+01,1.329400000000006266e+01,1.325916387931287188e+00
-1.557286629053660576e+01,1.331400000000006223e+01,1.325916387931287188e+00
-1.556486629053660664e+01,1.335400000000006138e+01,1.325916387931287188e+00
-1.555586629053660630e+01,1.339400000000006052e+01,1.308916387931287284e+00
-1.555186629053660674e+01,1.341400000000006010e+01,1.308916387931287284e+00
-1.554186629053660695e+01,1.345400000000005925e+01,1.290916387931287268e+00
-1.553086629053660772e+01,1.349300000000005895e+01,1.256916387931287238e+00
-1.551886629053660727e+01,1.353200000000005865e+01,1.221916387931287318e+00
-1.550486629053660792e+01,1.357100000000005835e+01,1.186916387931287398e+00
-1.549786629053660825e+01,1.359000000000005848e+01,1.168916387931287382e+00
-1.548286629053660768e+01,1.362800000000005873e+01,1.133916387931287462e+00
-1.546686629053660766e+01,1.366600000000005899e+01,1.098916387931287542e+00
-1.545786629053660732e+01,1.368400000000005967e+01,1.081916387931287638e+00
-1.543986629053660664e+01,1.372000000000005926e+01,1.046916387931287717e+00
-1.542986629053660685e+01,1.373800000000005994e+01,1.046916387931287717e+00
-1.541086629053660673e+01,1.377400000000005953e+01,1.011916387931287797e+00
-1.539086629053660715e+01,1.380900000000005967e+01,9.949163879312878933e-01
-1.536986629053660636e+01,1.384300000000006037e+01,9.769163879312877663e-01
-1.535886629053660712e+01,1.386000000000005983e+01,9.599163879312877512e-01
-1.534786629053660789e+01,1.387700000000005929e+01,9.599163879312877512e-01
-1.532586629053660765e+01,1.391100000000005998e+01,9.419163879312877352e-01
-1.530286629053660796e+01,1.394500000000006068e+01,9.419163879312877352e-01
-1.527986629053660828e+01,1.397900000000006138e+01,9.249163879312877201e-01
-1.526786629053660782e+01,1.399600000000006084e+01,9.249163879312877201e-01
-1.524286629053660747e+01,1.403100000000006098e+01,9.249163879312877201e-01
-1.521886629053660833e+01,1.406500000000006168e+01,9.249163879312877201e-01
-1.519386629053660798e+01,1.410100000000006126e+01,9.249163879312877201e-01
-1.518186629053660752e+01,1.411800000000006072e+01,9.249163879312877201e-01
-1.515786629053660839e+01,1.415100000000006020e+01,9.249163879312877201e-01
-1.513486629053660870e+01,1.418400000000005967e+01,9.249163879312877201e-01
-1.509886629053660911e+01,1.423500000000005983e+01,9.419163879312877352e-01
-1.508786629053660988e+01,1.425200000000005929e+01,9.599163879312877512e-01
-1.506686629053660909e+01,1.428500000000005876e+01,9.769163879312877663e-01
-1.505586629053660985e+01,1.430200000000005822e+01,9.949163879312878933e-01
-1.504286629053660995e+01,1.432500000000005791e+01,1.011916387931287797e+00
-1.503286629053661017e+01,1.434200000000005737e+01,1.029916387931287813e+00
-1.501486629053660948e+01,1.437700000000005751e+01,1.046916387931287717e+00
-1.500586629053660914e+01,1.439500000000005819e+01,1.064916387931287733e+00
-1.498886629053660968e+01,1.443100000000005778e+01,1.098916387931287764e+00
-1.497286629053660967e+01,1.446800000000005859e+01,1.133916387931287684e+00
-1.496486629053661055e+01,1.448700000000005872e+01,1.151916387931287700e+00
-1.495086629053661120e+01,1.452500000000005898e+01,1.186916387931287620e+00
-1.493686629053661186e+01,1.456400000000005868e+01,1.221916387931287540e+00
-1.492486629053661140e+01,1.460300000000005838e+01,1.238916387931287444e+00
-1.491886629053661117e+01,1.462300000000005795e+01,1.256916387931287460e+00
-1.490686629053661072e+01,1.466300000000005710e+01,1.273916387931287364e+00
-1.490186629053660994e+01,1.468300000000005667e+01,1.290916387931287268e+00
-1.489186629053661015e+01,1.472300000000005582e+01,1.308916387931287284e+00
-1.487886629053661025e+01,1.478200000000005510e+01,1.325916387931287188e+00
-1.487086629053661113e+01,1.482200000000005424e+01,1.343916387931287204e+00
-1.486286629053661201e+01,1.486200000000005339e+01,1.360916387931287108e+00
-1.485986629053661190e+01,1.488200000000005296e+01,1.378916387931287124e+00
-1.485986629053661190e+01,1.488200000000005296e+01,1.378916387931287124e+00
-1.484886629053661267e+01,1.496200000000005303e+01,1.413916387931287044e+00
-1.484686629053661200e+01,1.498200000000005261e+01,1.430916387931286948e+00
-1.484286629053661244e+01,1.502200000000005176e+01,1.448916387931286964e+00
-1.484086629053661177e+01,1.506200000000005090e+01,1.465916387931286868e+00
-1.483986629053661233e+01,1.508200000000005048e+01,1.482916387931286772e+00
-1.483786629053661166e+01,1.512200000000004962e+01,1.500916387931286788e+00
-1.483786629053661166e+01,1.516200000000004877e+01,1.517916387931286692e+00
-1.483786629053661166e+01,1.518200000000004835e+01,1.535916387931286708e+00
-1.483786629053661166e+01,1.522200000000004749e+01,1.552916387931286613e+00
-1.483886629053661110e+01,1.526200000000004664e+01,1.587916387931286533e+00
-1.483986629053661055e+01,1.528200000000004621e+01,1.587916387931286533e+00
-1.484186629053661122e+01,1.532200000000004536e+01,1.605916387931286549e+00
-1.484486629053661133e+01,1.536200000000004451e+01,1.622916387931286453e+00
-1.484686629053661200e+01,1.538200000000004408e+01,1.622916387931286453e+00
-1.485086629053661156e+01,1.542200000000004323e+01,1.640916387931286469e+00
-1.485286629053661223e+01,1.544200000000004280e+01,1.640916387931286469e+00
-1.485686629053661179e+01,1.548300000000004317e+01,1.640916387931286469e+00
-1.486086629053661134e+01,1.552500000000004299e+01,1.657916387931286373e+00
-1.486486629053661090e+01,1.556700000000004280e+01,1.657916387931286373e+00
-1.486986629053661169e+01,1.560700000000004195e+01,1.657916387931286373e+00
-1.487186629053661235e+01,1.562700000000004152e+01,1.657916387931286373e+00
-1.487586629053661191e+01,1.566700000000004067e+01,1.657916387931286373e+00
-1.487986629053661147e+01,1.570700000000003982e+01,1.640916387931286469e+00
-1.488186629053661214e+01,1.572700000000003939e+01,1.640916387931286469e+00
-1.488586629053661170e+01,1.576700000000003854e+01,1.640916387931286469e+00
-1.488786629053661237e+01,1.578800000000003934e+01,1.640916387931286469e+00
-1.489186629053661193e+01,1.583000000000003915e+01,1.640916387931286469e+00
-1.489786629053661215e+01,1.589300000000003976e+01,1.640916387931286469e+00
-1.490186629053661171e+01,1.593500000000003958e+01,1.640916387931286469e+00
-1.490586629053661127e+01,1.597500000000003872e+01,1.640916387931286469e+00
-1.490786629053661194e+01,1.599500000000003830e+01,1.640916387931286469e+00
-1.491186629053661150e+01,1.603500000000003922e+01,1.640916387931286469e+00
-1.491386629053661217e+01,1.605500000000003880e+01,1.640916387931286469e+00
-1.491786629053661173e+01,1.609500000000003794e+01,1.640916387931286469e+00
-1.492186629053661129e+01,1.613500000000003709e+01,1.622916387931286453e+00
-1.492786629053661152e+01,1.619500000000003581e+01,1.622916387931286453e+00
-1.492986629053661218e+01,1.621500000000003539e+01,1.622916387931286453e+00
-1.493386629053661174e+01,1.625500000000003453e+01,1.622916387931286453e+00
-1.493586629053661241e+01,1.627500000000003411e+01,1.622916387931286453e+00
-1.493786629053661308e+01,1.629500000000003368e+01,1.640916387931286469e+00
-1.494186629053661264e+01,1.633500000000003283e+01,1.640916387931286469e+00
-1.494386629053661331e+01,1.635500000000003240e+01,1.640916387931286469e+00
-1.494786629053661287e+01,1.639500000000003155e+01,1.622916387931286453e+00
-1.494986629053661353e+01,1.643500000000003070e+01,1.587916387931286533e+00
-1.495086629053661298e+01,1.647500000000002984e+01,1.552916387931286613e+00
-1.495086629053661298e+01,1.651500000000002899e+01,1.517916387931286692e+00
-1.494986629053661353e+01,1.655500000000002814e+01,1.465916387931286646e+00
-1.494786629053661287e+01,1.657500000000002771e+01,1.448916387931286742e+00
-1.494586629053661220e+01,1.659500000000002728e+01,1.413916387931286822e+00
-1.494086629053661142e+01,1.663400000000002876e+01,1.360916387931286886e+00
-1.493886629053661075e+01,1.664700000000003044e+01,1.343916387931286982e+00
-1.493486629053661119e+01,1.666700000000003001e+01,1.308916387931287062e+00
-1.493086629053661163e+01,1.668500000000003070e+01,1.273916387931287142e+00
-1.492786629053661152e+01,1.669400000000003104e+01,1.256916387931287238e+00
-1.492186629053661129e+01,1.671200000000003172e+01,1.221916387931287318e+00
-1.491586629053661106e+01,1.673000000000003240e+01,1.186916387931287398e+00
-1.490886629053661139e+01,1.674800000000003308e+01,1.151916387931287478e+00
-1.490086629053661227e+01,1.676600000000003376e+01,1.133916387931287462e+00
-1.489686629053661271e+01,1.677500000000003411e+01,1.116916387931287558e+00
-1.488886629053661359e+01,1.679200000000003357e+01,1.098916387931287542e+00
-1.488486629053661403e+01,1.680100000000003391e+01,1.081916387931287638e+00
-1.487586629053661369e+01,1.681800000000003337e+01,1.064916387931287733e+00
-1.487186629053661413e+01,1.682600000000003249e+01,1.064916387931287733e+00
-1.486286629053661379e+01,1.684200000000003072e+01,1.046916387931287717e+00
-1.485286629053661400e+01,1.685900000000003018e+01,1.029916387931287813e+00
-1.484286629053661422e+01,1.687600000000002964e+01,1.029916387931287813e+00
-1.483786629053661343e+01,1.688400000000002876e+01,1.011916387931287797e+00
-1.482786629053661365e+01,1.690000000000002700e+01,9.949163879312878933e-01
-1.482286629053661287e+01,1.690800000000002612e+01,9.949163879312878933e-01
-1.480286629053661329e+01,1.694000000000002615e+01,9.419163879312879573e-01
-1.479786629053661251e+01,1.694700000000002760e+01,9.419163879312879573e-01
-1.479286629053661173e+01,1.695500000000002672e+01,9.249163879312879422e-01
-1.479186629053661228e+01,1.695700000000002561e+01,9.249163879312879422e-01
-1.479086629053661284e+01,1.695900000000002450e+01,9.419163879312879573e-01
-1.478986629053661339e+01,1.696200000000002461e+01,1.081916387931288082e+00
-1.478986629053661339e+01,1.696200000000002461e+01,1.290916387931288156e+00
-1.478986629053661339e+01,1.696000000000002572e+01,1.343916387931288092e+00
-1.478986629053661339e+01,1.695500000000002672e+01,1.360916387931287996e+00
-1.478986629053661339e+01,1.695900000000002805e+01,1.360916387931287996e+00
-1.478686629053661328e+01,1.697400000000002862e+01,1.325916387931288076e+00
-1.478486629053661261e+01,1.698300000000002896e+01,1.308916387931288172e+00
-1.478086629053661305e+01,1.700300000000002854e+01,1.256916387931288126e+00
-1.477086629053661326e+01,1.703300000000002967e+01,1.151916387931288144e+00
-1.476686629053661370e+01,1.704300000000003124e+01,1.116916387931288224e+00
-1.475686629053661392e+01,1.706200000000002959e+01,1.046916387931288162e+00
-1.475186629053661314e+01,1.707100000000002993e+01,1.011916387931288241e+00
-1.474186629053661335e+01,1.708600000000003050e+01,9.599163879312881953e-01
-1.473786629053661379e+01,1.709200000000003072e+01,9.249163879312881642e-01
-1.473186629053661356e+01,1.710000000000002984e+01,8.549163879312882131e-01
-1.472886629053661345e+01,1.710400000000003118e+01,8.379163879312881980e-01
-1.471186629053661399e+01,1.712300000000002953e+01,7.499163879312882308e-01
-1.470486629053661431e+01,1.713000000000003098e+01,7.149163879312883108e-01
-1.469286629053661386e+01,1.714000000000003254e+01,6.629163879312882646e-01
-1.469286629053661386e+01,1.714000000000003254e+01,6.629163879312882646e-01
-1.469286629053661386e+01,1.714000000000003254e+01,6.629163879312882646e-01
-1.469286629053661386e+01,1.714000000000003254e+01,6.629163879312882646e-01
-1.469286629053661386e+01,1.714000000000003254e+01,6.629163879312882646e-01
-1.469286629053661386e+01,1.714000000000003254e+01,6.629163879312882646e-01
-1.469286629053661386e+01,1.714000000000003254e+01,6.629163879312882646e-01
-1.469286629053661386e+01,1.714000000000003254e+01,6.629163879312882646e-01
-1.469286629053661386e+01,1.714000000000003254e+01,6.629163879312882646e-01
-1.469286629053661386e+01,1.714000000000003254e+01,6.629163879312882646e-01
-1.469286629053661386e+01,1.714000000000003254e+01,6.629163879312882646e-01
-1.469286629053661386e+01,1.714000000000003254e+01,6.629163879312882646e-01
-1.469286629053661386e+01,1.714000000000003254e+01,6.629163879312882646e-01
-1.469286629053661386e+01,1.714000000000003254e+01,6.629163879312882646e-01
-1.469286629053661386e+01,1.714000000000003254e+01,6.629163879312882646e-01
-1.469286629053661386e+01,1.714000000000003254e+01,6.629163879312882646e-01
-1.469286629053661386e+01,1.714000000000003254e+01,6.629163879312882646e-01
-1.469286629053661386e+01,1.714000000000003254e+01,6.629163879312882646e-01
-1.469286629053661386e+01,1.714000000000003254e+01,6.629163879312882646e-01
-1.469286629053661386e+01,1.714000000000003254e+01,6.629163879312882646e-01
-1.469286629053661386e+01,1.714000000000003254e+01,6.629163879312882646e-01
-1.469286629053661386e+01,1.714000000000003254e+01,6.629163879312882646e-01
-1.469286629053661386e+01,1.714000000000003254e+01,6.629163879312882646e-01
-1.469286629053661386e+01,1.714000000000003254e+01,6.629163879312882646e-01
-1.469286629053661386e+01,1.714000000000003254e+01,6.629163879312882646e-01
-1.469286629053661386e+01,1.714000000000003254e+01,6.629163879312882646e-01
-1.469286629053661386e+01,1.714000000000003254e+01,6.629163879312882646e-01
-1.469286629053661386e+01,1.714000000000003254e+01,6.629163879312882646e-01
-1.469286629053661386e+01,1.714000000000003254e+01,6.629163879312882646e-01
-1.469286629053661386e+01,1.714000000000003254e+01,6.629163879312882646e-01
-1.469286629053661386e+01,1.714000000000003254e+01,6.629163879312882646e-01
-1.469286629053661386e+01,1.714000000000003254e+01,6.629163879312882646e-01
-1.469286629053661386e+01,1.714000000000003254e+01,6.629163879312882646e-01
-1.469286629053661386e+01,1.714000000000003254e+01,6.629163879312882646e-01
-1.469286629053661386e+01,1.714000000000003254e+01,6.629163879312882646e-01
-1.469286629053661386e+01,1.714000000000003254e+01,6.629163879312882646e-01
-1.469286629053661386e+01,1.714000000000003254e+01,6.629163879312882646e-01
-1.469286629053661386e+01,1.714000000000003254e+01,6.629163879312882646e-01
-1.469286629053661386e+01,1.714000000000003254e+01,6.629163879312882646e-01
-1.469286629053661386e+01,1.714000000000003254e+01,6.629163879312882646e-01
-1.469286629053661386e+01,1.714000000000003254e+01,6.629163879312882646e-01
-1.469286629053661386e+01,1.714000000000003254e+01,6.629163879312882646e-01
-1.469286629053661386e+01,1.714000000000003254e+01,6.629163879312882646e-01
-1.469286629053661386e+01,1.714000000000003254e+01,6.629163879312882646e-01
-1.469286629053661386e+01,1.714000000000003254e+01,6.629163879312882646e-01
-1.469286629053661386e+01,1.714000000000003254e+01,6.629163879312882646e-01
-1.469286629053661386e+01,1.714000000000003254e+01,6.629163879312882646e-01
-1.469286629053661386e+01,1.714000000000003254e+01,6.629163879312882646e-01
-1.469286629053661386e+01,1.714000000000003254e+01,6.629163879312882646e-01
-1.469286629053661386e+01,1.714000000000003254e+01,6.629163879312882646e-01
-1.469286629053661386e+01,1.714000000000003254e+01,6.629163879312882646e-01
-1.469286629053661386e+01,1.714000000000003254e+01,6.629163879312882646e-01
-1.469286629053661386e+01,1.714000000000003254e+01,6.629163879312882646e-01
-1.469286629053661386e+01,1.714000000000003254e+01,6.629163879312882646e-01
-1.469286629053661386e+01,1.714000000000003254e+01,6.629163879312882646e-01
-1.469286629053661386e+01,1.714000000000003254e+01,6.629163879312882646e-01
-1.469286629053661386e+01,1.714000000000003254e+01,6.629163879312882646e-01
-1.469286629053661386e+01,1.714000000000003254e+01,6.629163879312882646e-01
-1.469286629053661386e+01,1.714000000000003254e+01,6.629163879312882646e-01
-1.469286629053661386e+01,1.714000000000003254e+01,6.629163879312882646e-01
-1.469286629053661386e+01,1.714000000000003254e+01,6.629163879312882646e-01
-1.469286629053661386e+01,1.714000000000003254e+01,6.629163879312882646e-01
-1.469286629053661386e+01,1.714000000000003254e+01,6.629163879312882646e-01
-1.469286629053661386e+01,1.714000000000003254e+01,6.629163879312882646e-01
-1.469286629053661386e+01,1.714000000000003254e+01,6.629163879312882646e-01
-1.469286629053661386e+01,1.714000000000003254e+01,6.629163879312882646e-01
-1.469286629053661386e+01,1.714000000000003254e+01,6.629163879312882646e-01
-1.469286629053661386e+01,1.714000000000003254e+01,6.629163879312882646e-01
-1.469286629053661386e+01,1.714000000000003254e+01,6.629163879312882646e-01
-1.469286629053661386e+01,1.714000000000003254e+01,6.629163879312882646e-01
-1.469286629053661386e+01,1.714000000000003254e+01,6.629163879312882646e-01
-1.469286629053661386e+01,1.714000000000003254e+01,6.629163879312882646e-01
-1.469286629053661386e+01,1.714000000000003254e+01,6.629163879312882646e-01
-1.469286629053661386e+01,1.714000000000003254e+01,6.629163879312882646e-01
-1.469286629053661386e+01,1.714000000000003254e+01,6.629163879312882646e-01
-1.469286629053661386e+01,1.714000000000003254e+01,6.629163879312882646e-01
-1.469286629053661386e+01,1.714000000000003254e+01,6.629163879312882646e-01
-1.469286629053661386e+01,1.714000000000003254e+01,6.629163879312882646e-01
-1.469286629053661386e+01,1.714000000000003254e+01,6.629163879312882646e-01
-1.469286629053661386e+01,1.714000000000003254e+01,6.629163879312882646e-01
-1.469286629053661386e+01,1.714000000000003254e+01,6.629163879312882646e-01
-1.469286629053661386e+01,1.714000000000003254e+01,6.629163879312882646e-01
-1.469286629053661386e+01,1.714000000000003254e+01,6.629163879312882646e-01
-1.469286629053661386e+01,1.714000000000003254e+01,6.629163879312882646e-01
-1.469286629053661386e+01,1.714000000000003254e+01,6.629163879312882646e-01
-1.469286629053661386e+01,1.714000000000003254e+01,6.629163879312882646e-01
-1.469286629053661386e+01,1.714000000000003254e+01,6.629163879312882646e-01
-1.469286629053661386e+01,1.714000000000003254e+01,6.629163879312882646e-01
-1.469286629053661386e+01,1.714000000000003254e+01,6.629163879312882646e-01
-1.469286629053661386e+01,1.714000000000003254e+01,6.629163879312882646e-01
-1.469286629053661386e+01,1.714000000000003254e+01,6.629163879312882646e-01
-1.469286629053661386e+01,1.714000000000003254e+01,6.629163879312882646e-01
-1.469286629053661386e+01,1.714000000000003254e+01,6.629163879312882646e-01
-1.469286629053661386e+01,1.714000000000003254e+01,6.629163879312882646e-01
-1.469286629053661386e+01,1.714000000000003254e+01,6.629163879312882646e-01
-1.469286629053661386e+01,1.714000000000003254e+01,6.629163879312882646e-01
-1.469286629053661386e+01,1.714000000000003254e+01,6.629163879312882646e-01
-1.469286629053661386e+01,1.714000000000003254e+01,6.629163879312882646e-01
-1.469286629053661386e+01,1.714000000000003254e+01,6.629163879312882646e-01
-1.469286629053661386e+01,1.714000000000003254e+01,6.629163879312882646e-01
-1.469286629053661386e+01,1.714000000000003254e+01,6.629163879312882646e-01
-1.469286629053661386e+01,1.714000000000003254e+01,6.629163879312882646e-01
-1.469286629053661386e+01,1.714000000000003254e+01,6.629163879312882646e-01
-1.469286629053661386e+01,1.714000000000003254e+01,6.629163879312882646e-01
-1.469286629053661386e+01,1.714000000000003254e+01,6.629163879312882646e-01
-1.469286629053661386e+01,1.714000000000003254e+01,6.629163879312882646e-01
-1.469286629053661386e+01,1.714000000000003254e+01,6.629163879312882646e-01
-1.469286629053661386e+01,1.714000000000003254e+01,6.629163879312882646e-01
-1.469286629053661386e+01,1.714000000000003254e+01,6.629163879312882646e-01
-1.469286629053661386e+01,1.714000000000003254e+01,6.629163879312882646e-01
-1.469286629053661386e+01,1.714000000000003254e+01,6.629163879312882646e-01
-1.469286629053661386e+01,1.714000000000003254e+01,6.629163879312882646e-01
-1.469286629053661386e+01,1.714000000000003254e+01,6.629163879312882646e-01
-1.469286629053661386e+01,1.714000000000003254e+01,6.629163879312882646e-01
-1.469286629053661386e+01,1.714000000000003254e+01,6.629163879312882646e-01
-1.469286629053661386e+01,1.714000000000003254e+01,6.629163879312882646e-01
-1.469286629053661386e+01,1.714000000000003254e+01,6.629163879312882646e-01
-1.469286629053661386e+01,1.714000000000003254e+01,6.629163879312882646e-01
-1.469286629053661386e+01,1.714000000000003254e+01,6.629163879312882646e-01
-1.469286629053661386e+01,1.714000000000003254e+01,6.629163879312882646e-01
-1.469286629053661386e+01,1.714000000000003254e+01,6.629163879312882646e-01
-1.469286629053661386e+01,1.714000000000003254e+01,6.629163879312882646e-01
-1.469286629053661386e+01,1.714000000000003254e+01,6.629163879312882646e-01
-1.469286629053661386e+01,1.714000000000003254e+01,6.629163879312882646e-01
-1.469286629053661386e+01,1.714000000000003254e+01,6.629163879312882646e-01
-1.469286629053661386e+01,1.714000000000003254e+01,6.629163879312882646e-01
-1.469286629053661386e+01,1.714000000000003254e+01,6.629163879312882646e-01
-1.469286629053661386e+01,1.714000000000003254e+01,6.629163879312882646e-01
-1.469286629053661386e+01,1.714000000000003254e+01,6.629163879312882646e-01
-1.469286629053661386e+01,1.714000000000003254e+01,6.629163879312882646e-01
-1.469286629053661386e+01,1.714000000000003254e+01,6.629163879312882646e-01
-1.469286629053661386e+01,1.714000000000003254e+01,6.629163879312882646e-01
-1.469286629053661386e+01,1.714000000000003254e+01,6.629163879312882646e-01
-1.469286629053661386e+01,1.714000000000003254e+01,6.629163879312882646e-01
-1.469286629053661386e+01,1.714000000000003254e+01,6.629163879312882646e-01
-1.469286629053661386e+01,1.714000000000003254e+01,6.629163879312882646e-01
-1.469286629053661386e+01,1.714000000000003254e+01,6.629163879312882646e-01
-1.469286629053661386e+01,1.714000000000003254e+01,6.629163879312882646e-01
-1.469286629053661386e+01,1.714000000000003254e+01,6.629163879312882646e-01
-1.469286629053661386e+01,1.714000000000003254e+01,6.629163879312882646e-01
-1.469286629053661386e+01,1.714000000000003254e+01,6.629163879312882646e-01
-1.469286629053661386e+01,1.714000000000003254e+01,6.629163879312882646e-01
-1.469286629053661386e+01,1.714000000000003254e+01,6.629163879312882646e-01
-1.469286629053661386e+01,1.714000000000003254e+01,6.629163879312882646e-01
-1.469286629053661386e+01,1.714000000000003254e+01,6.629163879312882646e-01
-1.469286629053661386e+01,1.714000000000003254e+01,6.629163879312882646e-01
-1.469286629053661386e+01,1.714000000000003254e+01,6.629163879312882646e-01
-1.469286629053661386e+01,1.714000000000003254e+01,6.629163879312882646e-01
-1.469286629053661386e+01,1.714000000000003254e+01,6.629163879312882646e-01
-1.469286629053661386e+01,1.714000000000003254e+01,6.629163879312882646e-01
-1.469286629053661386e+01,1.714000000000003254e+01,6.629163879312882646e-01
-1.469286629053661386e+01,1.714000000000003254e+01,6.629163879312882646e-01
-1.469286629053661386e+01,1.714000000000003254e+01,6.629163879312882646e-01
-1.469286629053661386e+01,1.714000000000003254e+01,6.629163879312882646e-01
-1.469286629053661386e+01,1.714000000000003254e+01,6.629163879312882646e-01
-1.469286629053661386e+01,1.714000000000003254e+01,6.629163879312882646e-01
-1.469286629053661386e+01,1.714000000000003254e+01,6.629163879312882646e-01
-1.469286629053661386e+01,1.714000000000003254e+01,6.629163879312882646e-01
-1.469286629053661386e+01,1.714000000000003254e+01,6.629163879312882646e-01
-1.469286629053661386e+01,1.714000000000003254e+01,6.629163879312882646e-01
-1.469286629053661386e+01,1.714000000000003254e+01,6.629163879312882646e-01
-1.469286629053661386e+01,1.714000000000003254e+01,6.629163879312882646e-01
-1.469286629053661386e+01,1.714000000000003254e+01,6.629163879312882646e-01
-1.469286629053661386e+01,1.714000000000003254e+01,6.629163879312882646e-01
-1.469286629053661386e+01,1.714000000000003254e+01,6.629163879312882646e-01
-1.469286629053661386e+01,1.714000000000003254e+01,6.629163879312882646e-01
-1.469286629053661386e+01,1.714000000000003254e+01,6.629163879312882646e-01
-1.469286629053661386e+01,1.714000000000003254e+01,6.629163879312882646e-01
-1.469286629053661386e+01,1.714000000000003254e+01,6.629163879312882646e-01
-1.469286629053661386e+01,1.714000000000003254e+01,6.629163879312882646e-01
-1.469286629053661386e+01,1.714000000000003254e+01,6.629163879312882646e-01
-1.469286629053661386e+01,1.714000000000003254e+01,6.629163879312882646e-01
-1.469286629053661386e+01,1.714000000000003254e+01,6.629163879312882646e-01
-1.469286629053661386e+01,1.714000000000003254e+01,6.629163879312882646e-01
-1.469286629053661386e+01,1.714000000000003254e+01,6.629163879312882646e-01
-1.469286629053661386e+01,1.714000000000003254e+01,6.629163879312882646e-01
-1.469286629053661386e+01,1.714000000000003254e+01,6.629163879312882646e-01
-1.469286629053661386e+01,1.714000000000003254e+01,6.629163879312882646e-01
-1.469286629053661386e+01,1.714000000000003254e+01,6.629163879312882646e-01
-1.469286629053661386e+01,1.714000000000003254e+01,6.629163879312882646e-01
-1.469286629053661386e+01,1.714000000000003254e+01,6.629163879312882646e-01
-1.469286629053661386e+01,1.714000000000003254e+01,6.629163879312882646e-01
-1.469286629053661386e+01,1.714000000000003254e+01,6.629163879312882646e-01
-1.469286629053661386e+01,1.714000000000003254e+01,6.629163879312882646e-01
-1.469286629053661386e+01,1.714000000000003254e+01,6.629163879312882646e-01
-1.469286629053661386e+01,1.714000000000003254e+01,6.629163879312882646e-01
-1.469286629053661386e+01,1.714000000000003254e+01,6.629163879312882646e-01
-1.469286629053661386e+01,1.714000000000003254e+01,6.629163879312882646e-01
-1.469286629053661386e+01,1.714000000000003254e+01,6.629163879312882646e-01
-1.469286629053661386e+01,1.714000000000003254e+01,6.629163879312882646e-01
-1.469286629053661386e+01,1.714000000000003254e+01,6.629163879312882646e-01
-1.469286629053661386e+01,1.714000000000003254e+01,6.629163879312882646e-01
-1.469286629053661386e+01,1.714000000000003254e+01,6.629163879312882646e-01
-1.469286629053661386e+01,1.714000000000003254e+01,6.809163879312882806e-01
-1.469286629053661386e+01,1.714000000000003254e+01,6.809163879312882806e-01
-1.469286629053661386e+01,1.714000000000003254e+01,6.809163879312882806e-01
-1.469286629053661386e+01,1.714000000000003254e+01,6.809163879312882806e-01
-1.469286629053661386e+01,1.714000000000003254e+01,6.809163879312882806e-01
-1.469286629053661386e+01,1.714000000000003254e+01,6.809163879312882806e-01
-1.469286629053661386e+01,1.714000000000003254e+01,6.809163879312882806e-01
-1.469286629053661386e+01,1.714000000000003254e+01,6.809163879312882806e-01
-1.469286629053661386e+01,1.714000000000003254e+01,6.809163879312882806e-01
-1.469286629053661386e+01,1.714000000000003254e+01,6.809163879312882806e-01
-1.469286629053661386e+01,1.714000000000003254e+01,6.809163879312882806e-01
-1.469286629053661386e+01,1.714000000000003254e+01,6.809163879312882806e-01
-1.469286629053661386e+01,1.714000000000003254e+01,6.809163879312882806e-01
-1.469286629053661386e+01,1.714000000000003254e+01,6.809163879312882806e-01
-1.469286629053661386e+01,1.714000000000003254e+01,6.809163879312882806e-01
-1.469286629053661386e+01,1.714000000000003254e+01,6.809163879312882806e-01
-1.469286629053661386e+01,1.714000000000003254e+01,6.809163879312882806e-01
-1.469286629053661386e+01,1.714000000000003254e+01,6.809163879312882806e-01
-1.469286629053661386e+01,1.714000000000003254e+01,6.809163879312882806e-01
-1.469286629053661386e+01,1.714000000000003254e+01,6.809163879312882806e-01
-1.469286629053661386e+01,1.714000000000003254e+01,6.809163879312882806e-01
-1.469286629053661386e+01,1.714000000000003254e+01,6.809163879312882806e-01
-1.469286629053661386e+01,1.714000000000003254e+01,6.809163879312882806e-01
-1.469286629053661386e+01,1.714000000000003254e+01,6.809163879312882806e-01
-1.469286629053661386e+01,1.714000000000003254e+01,6.809163879312882806e-01
-1.469286629053661386e+01,1.714000000000003254e+01,6.809163879312882806e-01
-1.469286629053661386e+01,1.714000000000003254e+01,6.809163879312882806e-01
-1.469286629053661386e+01,1.714000000000003254e+01,6.809163879312882806e-01
-1.469286629053661386e+01,1.714000000000003254e+01,6.809163879312882806e-01
-1.469286629053661386e+01,1.714000000000003254e+01,6.809163879312882806e-01
-1.469286629053661386e+01,1.714000000000003254e+01,6.809163879312882806e-01
-1.469286629053661386e+01,1.714000000000003254e+01,6.809163879312882806e-01
-1.469286629053661386e+01,1.714000000000003254e+01,6.809163879312882806e-01
-1.469286629053661386e+01,1.714000000000003254e+01,6.809163879312882806e-01
-1.469286629053661386e+01,1.714000000000003254e+01,6.809163879312882806e-01
-1.469286629053661386e+01,1.714000000000003254e+01,6.809163879312882806e-01
-1.469286629053661386e+01,1.714000000000003254e+01,6.809163879312882806e-01
-1.469286629053661386e+01,1.714000000000003254e+01,6.809163879312882806e-01
-1.469286629053661386e+01,1.714000000000003254e+01,6.809163879312882806e-01
-1.469286629053661386e+01,1.714000000000003254e+01,6.809163879312882806e-01
-1.469286629053661386e+01,1.714000000000003254e+01,6.809163879312882806e-01
-1.469286629053661386e+01,1.714000000000003254e+01,6.809163879312882806e-01
-1.469286629053661386e+01,1.714000000000003254e+01,6.809163879312882806e-01
-1.469286629053661386e+01,1.714000000000003254e+01,6.809163879312882806e-01
-1.469286629053661386e+01,1.714000000000003254e+01,6.809163879312882806e-01
-1.469286629053661386e+01,1.714000000000003254e+01,6.809163879312882806e-01
-1.469286629053661386e+01,1.714000000000003254e+01,6.809163879312882806e-01
-1.469286629053661386e+01,1.714000000000003254e+01,6.809163879312882806e-01
-1.469286629053661386e+01,1.714000000000003254e+01,6.809163879312882806e-01
-1.469286629053661386e+01,1.714000000000003254e+01,6.809163879312882806e-01
-1.469286629053661386e+01,1.714000000000003254e+01,6.809163879312882806e-01
-1.469286629053661386e+01,1.714000000000003254e+01,6.809163879312882806e-01
-1.469286629053661386e+01,1.714000000000003254e+01,6.629163879312882646e-01
-1.469286629053661386e+01,1.714000000000003254e+01,6.279163879312882335e-01
-1.469286629053661386e+01,1.714000000000003254e+01,6.109163879312882184e-01
-1.469286629053661386e+01,1.714000000000003254e+01,5.579163879312881713e-01
-1.469286629053661386e+01,1.714000000000003254e+01,5.409163879312881562e-01
-1.469286629053661386e+01,1.714000000000003254e+01,5.239163879312882521e-01
-1.469286629053661386e+01,1.714000000000003254e+01,5.059163879312882361e-01
-1.469286629053661386e+01,1.714000000000003254e+01,4.709163879312883161e-01
-1.469186629053661441e+01,1.714000000000003254e+01,4.539163879312883010e-01
-1.467386629053661373e+01,1.714900000000003288e+01,4.009163879312883094e-01
-1.462186629053661413e+01,1.717000000000003368e+01,2.969163879312883281e-01
-1.460286629053661400e+01,1.717600000000003391e+01,2.619163879312883525e-01
-1.456386629053661430e+01,1.718600000000003547e+01,1.919163879312883458e-01
-1.452386629053661515e+01,1.719300000000003692e+01,1.219163879312883392e-01
-1.450386629053661558e+01,1.719600000000003703e+01,1.049163879312883657e-01
-1.448386629053661601e+01,1.719900000000003715e+01,6.991638793128836238e-02
-1.444386629053661686e+01,1.720100000000003604e+01,-1.808361206871163251e-02
-1.440386629053661771e+01,1.720000000000003482e+01,-1.052689192482987590e-01
-1.438386629053661814e+01,1.719800000000003593e+01,-1.572689192482987497e-01
-1.434386629053661899e+01,1.719100000000003448e+01,-2.442689192482987437e-01
-1.434386629053661899e+01,1.719100000000003448e+01,-2.442689192482987437e-01
-1.428486629053661972e+01,1.717500000000003624e+01,-3.492689192482987814e-01
-1.424686629053661946e+01,1.716100000000003689e+01,-4.192689192482987881e-01
-1.420886629053661920e+01,1.714500000000003865e+01,-4.712689192482987788e-01
-1.417286629053661962e+01,1.712700000000003797e+01,-5.242689192482987703e-01
-1.411986629053661879e+01,1.709700000000003683e+01,-5.932689192482987206e-01
-1.410286629053661933e+01,1.708600000000003760e+01,-6.112689192482987366e-01
-1.406986629053661986e+01,1.706400000000003914e+01,-6.462689192482987677e-01
-1.402086629053662037e+01,1.702800000000003777e+01,-6.982689192482988139e-01
-1.400486629053662035e+01,1.701500000000003610e+01,-7.152689192482988290e-01
-1.397386629053661977e+01,1.698900000000003629e+01,-7.332689192482988449e-01
-1.394386629053662041e+01,1.696300000000003649e+01,-7.682689192482988760e-01
-1.392886629053661984e+01,1.695000000000003482e+01,-7.682689192482988760e-01
-1.391386629053661927e+01,1.693700000000003314e+01,-7.682689192482988760e-01
-1.388386629053661991e+01,1.690900000000003445e+01,-7.852689192482988911e-01
-1.386786629053661990e+01,1.689500000000003510e+01,-7.852689192482988911e-01
-1.382186629053662053e+01,1.685300000000003351e+01,-7.852689192482988911e-01
-1.380686629053661996e+01,1.683900000000003416e+01,-7.852689192482988911e-01
-1.377686629053662060e+01,1.681100000000003547e+01,-7.852689192482988911e-01
-1.376286629053662125e+01,1.679700000000003612e+01,-7.852689192482988911e-01
-1.373286629053662189e+01,1.676900000000003743e+01,-7.852689192482988911e-01
-1.370386629053662197e+01,1.674200000000003641e+01,-7.852689192482988911e-01
-1.368886629053662141e+01,1.672800000000003706e+01,-7.852689192482988911e-01
-1.365886629053662205e+01,1.670000000000003837e+01,-7.682689192482988760e-01
-1.364386629053662148e+01,1.668600000000003902e+01,-7.682689192482988760e-01
-1.361386629053662212e+01,1.666000000000003922e+01,-7.502689192482988600e-01
-1.358386629053662276e+01,1.663400000000003942e+01,-7.332689192482988449e-01
-1.355186629053662273e+01,1.660800000000003962e+01,-6.982689192482988139e-01
-1.351986629053662270e+01,1.658400000000003871e+01,-6.632689192482987828e-01
-1.350386629053662269e+01,1.657200000000003826e+01,-6.462689192482987677e-01
-1.346986629053662199e+01,1.655000000000003979e+01,-6.112689192482987366e-01
-1.345286629053662253e+01,1.653900000000004056e+01,-5.932689192482987206e-01
-1.341786629053662239e+01,1.651900000000004098e+01,-5.582689192482986895e-01
-1.339986629053662170e+01,1.650900000000003942e+01,-5.412689192482986744e-01
-1.334586629053662143e+01,1.648100000000004073e+01,-4.892689192482986837e-01
-1.332786629053662075e+01,1.647200000000004039e+01,-4.712689192482986678e-01
-1.329086629053661994e+01,1.645600000000004215e+01,-4.542689192482986527e-01
-1.327186629053661981e+01,1.644800000000004303e+01,-4.542689192482986527e-01
-1.323486629053661900e+01,1.643200000000004479e+01,-4.192689192482986771e-01
-1.319686629053661875e+01,1.641800000000004545e+01,-4.012689192482986611e-01
-1.317786629053661862e+01,1.641100000000004400e+01,-3.842689192482986460e-01
-1.313986629053661837e+01,1.639700000000004465e+01,-3.662689192482986300e-01
-1.312086629053661824e+01,1.639000000000004320e+01,-3.662689192482986300e-01
-1.308186629053661854e+01,1.637700000000004152e+01,-3.322689192482985998e-01
-1.304286629053661883e+01,1.636500000000004107e+01,-3.142689192482985838e-01
-1.296286629053661876e+01,1.634300000000004260e+01,-2.792689192482985527e-01
-1.294386629053661864e+01,1.633800000000004360e+01,-2.622689192482985376e-01
-1.292886629053661807e+01,1.633500000000004349e+01,-2.442689192482985494e-01
-1.292786629053661862e+01,1.633500000000004349e+01,-2.272689192482985621e-01
-1.292586629053661795e+01,1.633500000000004349e+01,-2.272689192482985621e-01
-1.288286629053661869e+01,1.632800000000004204e+01,-1.742689192482985705e-01
-1.286286629053661912e+01,1.632500000000004192e+01,-1.742689192482985705e-01
-1.282286629053661997e+01,1.632000000000004292e+01,-1.402689192482985681e-01
-1.276286629053661947e+01,1.631400000000004269e+01,-1.222689192482985659e-01
-1.274286629053661990e+01,1.631300000000004147e+01,-1.052689192482985370e-01
-1.270286629053662075e+01,1.631100000000004258e+01,-8.726891924829853486e-02
-1.268286629053662118e+01,1.631000000000004135e+01,-7.026891924829853364e-02
-1.264286629053662203e+01,1.630900000000004013e+01,-5.226891924829853153e-02
-1.260286629053662288e+01,1.630900000000004013e+01,-3.508361206871211252e-02
-1.258286629053662331e+01,1.630900000000004013e+01,-3.508361206871211252e-02
-1.254286629053662416e+01,1.630900000000004013e+01,-1.808361206871211130e-02
-1.252286629053662459e+01,1.630900000000004013e+01,-1.808361206871211130e-02
-1.248286629053662544e+01,1.630900000000004013e+01,-8.361206871211265823e-05
-1.244286629053662629e+01,1.631000000000004135e+01,-8.361206871211265823e-05
-1.240286629053662715e+01,1.631100000000004258e+01,-8.361206871211265823e-05
-1.238286629053662757e+01,1.631200000000004380e+01,1.691638793128788856e-02
-1.234286629053662843e+01,1.631400000000004269e+01,1.691638793128788856e-02
-1.230286629053662928e+01,1.631600000000004158e+01,1.691638793128788856e-02
-1.228286629053662971e+01,1.631700000000004280e+01,3.491638793128788720e-02
-1.224286629053663056e+01,1.631900000000004169e+01,3.491638793128788720e-02
-1.222286629053663098e+01,1.632100000000004059e+01,3.491638793128788720e-02
-1.218186629053663061e+01,1.632300000000003948e+01,3.491638793128788720e-02
-1.214086629053663025e+01,1.632600000000003959e+01,5.191638793128788842e-02
-1.210086629053663110e+01,1.633000000000004093e+01,5.191638793128788842e-02
-1.206086629053663195e+01,1.633400000000004226e+01,5.191638793128788842e-02
-1.202086629053663280e+01,1.633800000000004360e+01,6.991638793128789053e-02
-1.200086629053663323e+01,1.634000000000004249e+01,6.991638793128789053e-02
-1.198086629053663366e+01,1.634200000000004138e+01,6.991638793128789053e-02
-1.194086629053663451e+01,1.634600000000004272e+01,8.691638793128789175e-02
-1.192086629053663493e+01,1.634800000000004161e+01,8.691638793128789175e-02
-1.188086629053663579e+01,1.635200000000004295e+01,8.691638793128789175e-02
-1.184086629053663664e+01,1.635700000000004195e+01,1.049163879312878939e-01
-1.176086629053663657e+01,1.636900000000004241e+01,1.399163879312879111e-01
-1.174086629053663700e+01,1.637300000000004374e+01,1.399163879312879111e-01
-1.170086629053663785e+01,1.638100000000004286e+01,1.739163879312879135e-01
-1.168086629053663827e+01,1.638500000000004420e+01,1.739163879312879135e-01
-1.164086629053663913e+01,1.639400000000004454e+01,1.919163879312879017e-01
-1.162086629053663955e+01,1.639900000000004354e+01,2.089163879312879724e-01
-1.158086629053664041e+01,1.640900000000004511e+01,2.269163879312879606e-01
-1.154086629053664126e+01,1.642100000000004556e+01,2.439163879312879479e-01
-1.150086629053664211e+01,1.643300000000004601e+01,2.789163879312879235e-01
-1.146286629053664186e+01,1.644600000000004769e+01,2.969163879312879395e-01
-1.144386629053664173e+01,1.645300000000004914e+01,2.969163879312879395e-01
-1.140586629053664147e+01,1.646700000000004849e+01,3.319163879312879706e-01
-1.138686629053664134e+01,1.647400000000004994e+01,3.319163879312879706e-01
-1.134886629053664109e+01,1.648800000000004928e+01,3.489163879312879857e-01
-1.132986629053664096e+01,1.649600000000004840e+01,3.659163879312878898e-01
-1.129286629053664015e+01,1.651200000000004664e+01,3.839163879312879057e-01
-1.125586629053663934e+01,1.652900000000004610e+01,4.189163879312879368e-01
-1.121986629053663975e+01,1.654700000000004678e+01,4.359163879312879519e-01
-1.120186629053663907e+01,1.655600000000004712e+01,4.359163879312879519e-01
-1.114786629053663880e+01,1.658500000000004704e+01,4.709163879312879830e-01
-1.112986629053663812e+01,1.659500000000004860e+01,4.889163879312879990e-01
-1.107786629053663852e+01,1.662600000000004741e+01,5.239163879312880301e-01
-1.104386629053663782e+01,1.664700000000004820e+01,5.239163879312880301e-01
-1.102686629053663836e+01,1.665800000000004744e+01,5.239163879312880301e-01
-1.099286629053663766e+01,1.668000000000004590e+01,5.409163879312880452e-01
-1.095886629053663697e+01,1.670200000000004437e+01,5.409163879312880452e-01
-1.092386629053663682e+01,1.672500000000004405e+01,5.409163879312880452e-01
-1.090386629053663725e+01,1.673800000000004573e+01,5.409163879312880452e-01
-1.090186629053663658e+01,1.673900000000004695e+01,5.409163879312880452e-01
-1.088086629053663579e+01,1.675200000000004863e+01,5.409163879312880452e-01
-1.086486629053663577e+01,1.676300000000004786e+01,5.409163879312880452e-01
-1.083186629053663630e+01,1.678500000000004633e+01,5.579163879312880603e-01
-1.081486629053663684e+01,1.679600000000004556e+01,5.579163879312880603e-01
-1.078086629053663614e+01,1.681900000000004525e+01,5.579163879312880603e-01
-1.074686629053663545e+01,1.684200000000004493e+01,5.579163879312880603e-01
-1.071386629053663597e+01,1.686500000000004462e+01,5.759163879312880763e-01
-1.069686629053663651e+01,1.687700000000004508e+01,5.759163879312880763e-01
-1.064586629053663636e+01,1.691300000000004644e+01,5.759163879312880763e-01
-1.062886629053663690e+01,1.692500000000004690e+01,5.759163879312880763e-01
-1.059486629053663620e+01,1.694900000000004781e+01,5.759163879312880763e-01
-1.057786629053663674e+01,1.696100000000004826e+01,5.759163879312880763e-01
-1.054286629053663660e+01,1.698600000000004684e+01,5.759163879312880763e-01
-1.052586629053663714e+01,1.699800000000004729e+01,5.759163879312880763e-01
-1.047586629053663643e+01,1.703400000000004866e+01,5.929163879312880914e-01
-1.045886629053663697e+01,1.704600000000004911e+01,5.929163879312880914e-01
-1.042486629053663627e+01,1.707000000000005002e+01,5.929163879312880914e-01
-1.039086629053663557e+01,1.709600000000004982e+01,5.929163879312880914e-01
-1.037386629053663611e+01,1.710900000000005150e+01,5.929163879312880914e-01
-1.033986629053663542e+01,1.713500000000005130e+01,5.929163879312880914e-01
-1.032286629053663596e+01,1.714700000000005176e+01,5.929163879312880914e-01
-1.028886629053663526e+01,1.717300000000005156e+01,5.929163879312880914e-01
-1.027186629053663580e+01,1.718600000000005323e+01,5.929163879312880914e-01
-1.023786629053663511e+01,1.721100000000005181e+01,5.929163879312880914e-01
-1.020486629053663563e+01,1.723500000000005272e+01,6.109163879312881074e-01
-1.017186629053663616e+01,1.725900000000005363e+01,6.109163879312881074e-01
-1.015586629053663614e+01,1.727200000000005531e+01,6.109163879312881074e-01
-1.012386629053663611e+01,1.729700000000005389e+01,6.109163879312881074e-01
-1.009186629053663609e+01,1.732200000000005247e+01,6.279163879312881225e-01
-1.005986629053663606e+01,1.734800000000005227e+01,6.459163879312881384e-01
-1.004486629053663549e+01,1.736100000000005394e+01,6.459163879312881384e-01
-1.001386629053663491e+01,1.738700000000005375e+01,6.629163879312881535e-01
-9.983866290536635546e+00,1.741300000000005355e+01,6.809163879312881695e-01
-9.967866290536635532e+00,1.742600000000005522e+01,6.809163879312881695e-01
-9.937866290536636171e+00,1.745200000000005502e+01,6.809163879312881695e-01
-9.907866290536636811e+00,1.747800000000005483e+01,6.979163879312881846e-01
-9.877866290536637450e+00,1.750400000000005463e+01,6.979163879312881846e-01
-9.832866290536637521e+00,1.754500000000005500e+01,7.149163879312883108e-01
-9.817866290536636953e+00,1.755800000000005667e+01,7.149163879312883108e-01
-9.787866290536637592e+00,1.758600000000005537e+01,7.149163879312883108e-01
-9.772866290536637024e+00,1.760000000000005471e+01,7.329163879312883267e-01
-9.744866290536636555e+00,1.762800000000005340e+01,7.329163879312883267e-01
-9.714866290536637194e+00,1.765700000000005332e+01,7.329163879312883267e-01
-9.669866290536637266e+00,1.769900000000005491e+01,7.329163879312883267e-01
-9.655866290536637919e+00,1.771300000000005426e+01,7.329163879312883267e-01
-9.626866290536638004e+00,1.774100000000005295e+01,7.499163879312883418e-01
-9.612866290536638658e+00,1.775500000000005230e+01,7.499163879312883418e-01
-9.598866290536639312e+00,1.776900000000005164e+01,7.499163879312883418e-01
-9.570866290536638843e+00,1.779700000000005033e+01,7.499163879312883418e-01
-9.556866290536639497e+00,1.781100000000004968e+01,7.679163879312883578e-01
-9.514866290536639681e+00,1.785400000000004894e+01,7.679163879312883578e-01
-9.500866290536640335e+00,1.786900000000004951e+01,7.679163879312883578e-01
-9.486866290536640989e+00,1.788300000000004886e+01,7.679163879312883578e-01
-9.458866290536640520e+00,1.791200000000004877e+01,7.849163879312884839e-01
-9.431866290536641273e+00,1.794200000000004991e+01,7.849163879312884839e-01
-9.404866290536642026e+00,1.797200000000005105e+01,8.029163879312884999e-01
-9.378866290536642225e+00,1.800200000000005218e+01,8.029163879312884999e-01
-9.365866290536642325e+00,1.801700000000005275e+01,8.029163879312884999e-01
-9.352866290536642424e+00,1.803200000000005332e+01,8.029163879312884999e-01
-9.326866290536642623e+00,1.806200000000005446e+01,8.199163879312885150e-01
-9.300866290536642822e+00,1.809200000000005559e+01,8.199163879312885150e-01
-9.287866290536642921e+00,1.810700000000005616e+01,8.199163879312885150e-01
-9.261866290536643120e+00,1.813800000000005497e+01,8.379163879312885310e-01
-9.221866290536643973e+00,1.818600000000005323e+01,8.379163879312885310e-01
-9.208866290536644073e+00,1.820200000000005147e+01,8.379163879312885310e-01
-9.195866290536644172e+00,1.821800000000004971e+01,8.379163879312885310e-01
-9.168866290536644925e+00,1.825000000000004974e+01,8.379163879312885310e-01
-9.154866290536645579e+00,1.826600000000004798e+01,8.379163879312885310e-01
-9.101866290536644755e+00,1.833000000000004803e+01,8.379163879312885310e-01
-9.088866290536644854e+00,1.834600000000004627e+01,8.379163879312885310e-01
-9.062866290536645053e+00,1.837900000000004752e+01,8.379163879312885310e-01
-9.048866290536645707e+00,1.839500000000004576e+01,8.379163879312885310e-01
-9.022866290536645906e+00,1.842700000000004579e+01,8.379163879312885310e-01
-8.983866290536646204e+00,1.847600000000004528e+01,8.379163879312885310e-01
-8.970866290536646304e+00,1.849100000000004584e+01,8.379163879312885310e-01
-8.944866290536646503e+00,1.852100000000004698e+01,8.379163879312885310e-01
-8.931866290536646602e+00,1.853700000000004522e+01,8.379163879312885310e-01
-8.905866290536646801e+00,1.856900000000004525e+01,8.379163879312885310e-01
-8.892866290536646900e+00,1.858400000000004582e+01,8.379163879312885310e-01
-8.866866290536647099e+00,1.861400000000004695e+01,8.379163879312885310e-01
-8.840866290536647298e+00,1.864400000000004809e+01,8.199163879312885150e-01
-8.827866290536647398e+00,1.865900000000004866e+01,8.199163879312885150e-01
-8.788866290536647696e+00,1.870400000000005036e+01,8.199163879312885150e-01
-8.775866290536647796e+00,1.871900000000005093e+01,8.199163879312885150e-01
-8.749866290536647995e+00,1.874900000000005207e+01,8.029163879312884999e-01
-8.736866290536648094e+00,1.876400000000005264e+01,8.029163879312884999e-01
-8.709866290536648847e+00,1.879400000000005377e+01,8.029163879312884999e-01
-8.696866290536648947e+00,1.880900000000005434e+01,8.029163879312884999e-01
-8.669866290536649700e+00,1.883900000000005548e+01,7.849163879312884839e-01
-8.601866290536650084e+00,1.891200000000005588e+01,7.679163879312884688e-01
-8.573866290536649615e+00,1.894000000000005457e+01,7.679163879312884688e-01
-8.545866290536649146e+00,1.896900000000005448e+01,7.679163879312884688e-01
-8.531866290536649799e+00,1.898300000000005383e+01,7.499163879312884529e-01
-8.503866290536649331e+00,1.901100000000005252e+01,7.499163879312884529e-01
-8.475866290536648862e+00,1.903900000000005122e+01,7.499163879312884529e-01
-8.447866290536648393e+00,1.906700000000004991e+01,7.329163879312884378e-01
-8.433866290536649046e+00,1.908100000000004925e+01,7.329163879312884378e-01
-8.403866290536649686e+00,1.910900000000004795e+01,7.329163879312884378e-01
-8.374866290536649771e+00,1.913700000000004664e+01,7.149163879312884218e-01
-8.344866290536650411e+00,1.916400000000004766e+01,7.149163879312884218e-01
-8.329866290536649842e+00,1.917800000000004701e+01,7.149163879312884218e-01
-8.299866290536650482e+00,1.920400000000004681e+01,6.979163879312885177e-01
-8.284866290536649913e+00,1.921700000000004849e+01,6.979163879312885177e-01
-8.239866290536649984e+00,1.925600000000004997e+01,6.809163879312885026e-01
-8.224866290536649416e+00,1.926900000000005164e+01,6.809163879312885026e-01
-8.178866290536650041e+00,1.930800000000005312e+01,6.629163879312884866e-01
-8.162866290536650027e+00,1.932100000000005480e+01,6.629163879312884866e-01
-8.115866290536649430e+00,1.936000000000005627e+01,6.459163879312884715e-01
-8.084866290536648847e+00,1.938600000000005608e+01,6.459163879312884715e-01
-8.068866290536648833e+00,1.939900000000005775e+01,6.279163879312884555e-01
-8.036866290536648805e+00,1.942500000000005755e+01,6.279163879312884555e-01
-8.019866290536649345e+00,1.943800000000005923e+01,6.279163879312884555e-01
-7.986866290536648982e+00,1.946400000000005903e+01,6.279163879312884555e-01
-7.952866290536649174e+00,1.949000000000005883e+01,6.279163879312884555e-01
-7.935866290536648826e+00,1.950300000000006051e+01,6.279163879312884555e-01
-7.901866290536649018e+00,1.952900000000006031e+01,6.279163879312884555e-01
-7.850866290536648862e+00,1.956800000000006179e+01,6.279163879312884555e-01
-7.834866290536648847e+00,1.958100000000006347e+01,6.279163879312884555e-01
-7.818866290536648833e+00,1.959400000000006514e+01,6.279163879312884555e-01
-7.786866290536648805e+00,1.961900000000006372e+01,6.279163879312884555e-01
-7.754866290536648776e+00,1.964400000000006230e+01,6.279163879312884555e-01
-7.738866290536648762e+00,1.965700000000006398e+01,6.279163879312884555e-01
-7.723866290536649082e+00,1.967000000000006565e+01,6.279163879312884555e-01
-7.691866290536649053e+00,1.969500000000006423e+01,6.459163879312884715e-01
-7.675866290536649039e+00,1.970800000000006591e+01,6.459163879312884715e-01
-7.641866290536649231e+00,1.973400000000006571e+01,6.459163879312884715e-01
-7.591866290536649409e+00,1.977300000000006719e+01,6.459163879312884715e-01
-7.575866290536649394e+00,1.978600000000006887e+01,6.459163879312884715e-01
-7.559866290536649380e+00,1.979900000000007054e+01,6.459163879312884715e-01
-7.526866290536649018e+00,1.982500000000007034e+01,6.459163879312884715e-01
-7.493866290536648656e+00,1.985100000000007014e+01,6.459163879312884715e-01
-7.477866290536648641e+00,1.986400000000007182e+01,6.459163879312884715e-01
-7.443866290536648833e+00,1.989000000000007162e+01,6.459163879312884715e-01
-7.427866290536648819e+00,1.990300000000007330e+01,6.459163879312884715e-01
-7.394866290536648457e+00,1.992900000000007310e+01,6.459163879312884715e-01
-7.361866290536648094e+00,1.995500000000007290e+01,6.459163879312884715e-01
-7.313866290536648052e+00,1.999400000000007438e+01,6.459163879312884715e-01
-7.265866290536648009e+00,2.003300000000007586e+01,6.279163879312884555e-01
-7.249866290536647995e+00,2.004600000000007753e+01,6.279163879312884555e-01
-7.233866290536647981e+00,2.005900000000007921e+01,6.279163879312884555e-01
-7.216866290536647632e+00,2.007200000000008089e+01,6.279163879312884555e-01
-7.183866290536647270e+00,2.009800000000008069e+01,6.279163879312884555e-01
-7.150866290536646908e+00,2.012400000000008049e+01,6.279163879312884555e-01
-7.099866290536646751e+00,2.016300000000008197e+01,6.279163879312884555e-01
-7.082866290536646403e+00,2.017600000000008365e+01,6.279163879312884555e-01
-7.048866290536646595e+00,2.020200000000008345e+01,6.279163879312884555e-01
-7.031866290536646247e+00,2.021500000000008512e+01,6.279163879312884555e-01
-6.998866290536645884e+00,2.024100000000008492e+01,6.279163879312884555e-01
-6.982866290536645870e+00,2.025400000000008660e+01,6.279163879312884555e-01
-6.949866290536645508e+00,2.027900000000008518e+01,6.279163879312884555e-01
-6.932866290536645160e+00,2.029200000000008686e+01,6.279163879312884555e-01
-6.898866290536645351e+00,2.031800000000008666e+01,6.279163879312884555e-01
-6.865866290536644989e+00,2.034400000000008646e+01,6.279163879312884555e-01
-6.848866290536644641e+00,2.035700000000008814e+01,6.279163879312884555e-01
-6.814866290536644833e+00,2.038300000000008794e+01,6.279163879312884555e-01
-6.763866290536644676e+00,2.042200000000008941e+01,6.279163879312884555e-01
-6.746866290536644328e+00,2.043500000000009109e+01,6.279163879312884555e-01
-6.730866290536644314e+00,2.044800000000009277e+01,6.279163879312884555e-01
-6.698866290536644286e+00,2.047400000000009257e+01,6.279163879312884555e-01
-6.682866290536644271e+00,2.048700000000009425e+01,6.279163879312884555e-01
-6.650866290536644243e+00,2.051300000000009405e+01,6.459163879312884715e-01
-6.601866290536643866e+00,2.055200000000009553e+01,6.459163879312884715e-01
-6.584866290536643518e+00,2.056500000000009720e+01,6.459163879312884715e-01
-6.568866290536643504e+00,2.057800000000009888e+01,6.459163879312884715e-01
-6.535866290536643142e+00,2.060400000000009868e+01,6.459163879312884715e-01
-6.502866290536642779e+00,2.063000000000009848e+01,6.459163879312884715e-01
-6.485866290536642431e+00,2.064300000000010016e+01,6.459163879312884715e-01
-6.452866290536642069e+00,2.066900000000009996e+01,6.459163879312884715e-01
-6.436866290536642055e+00,2.068200000000010164e+01,6.459163879312884715e-01
-6.407866290536642140e+00,2.070600000000010255e+01,6.459163879312884715e-01
-6.400866290536642467e+00,2.071100000000010155e+01,6.459163879312884715e-01
-6.393866290536642794e+00,2.071700000000010178e+01,6.459163879312884715e-01
-6.364866290536642879e+00,2.074100000000010269e+01,6.459163879312884715e-01
-6.334866290536642630e+00,2.076600000000010127e+01,6.459163879312884715e-01
-6.303866290536642936e+00,2.079200000000010107e+01,6.279163879312884555e-01
-6.271866290536642907e+00,2.081700000000009965e+01,6.279163879312884555e-01
-6.255866290536642893e+00,2.083000000000010132e+01,6.279163879312884555e-01
-6.239866290536642879e+00,2.084300000000010300e+01,6.279163879312884555e-01
-6.171866290536643262e+00,2.089500000000010260e+01,6.279163879312884555e-01
-6.137866290536643454e+00,2.092100000000010240e+01,6.279163879312884555e-01
-6.120866290536643106e+00,2.093400000000010408e+01,6.279163879312884555e-01
-6.086866290536643298e+00,2.096000000000010388e+01,6.279163879312884555e-01
-6.052866290536643490e+00,2.098600000000010368e+01,6.279163879312884555e-01
-6.020866290536643461e+00,2.101100000000010226e+01,6.279163879312884555e-01
-6.004866290536643447e+00,2.102400000000010394e+01,6.279163879312884555e-01
-5.972866290536643419e+00,2.104900000000010252e+01,6.279163879312884555e-01
-5.940866290536643390e+00,2.107400000000010110e+01,6.109163879312884404e-01
-5.924866290536643376e+00,2.108600000000010155e+01,6.109163879312884404e-01
-5.892866290536643348e+00,2.111000000000010246e+01,5.929163879312884244e-01
-5.875866290536643000e+00,2.112200000000010292e+01,5.759163879312884093e-01
-5.842866290536642637e+00,2.114600000000010382e+01,5.759163879312884093e-01
-5.808866290536642829e+00,2.116900000000010351e+01,5.759163879312884093e-01
-5.776866290536642801e+00,2.119200000000010320e+01,5.759163879312884093e-01
-5.743866290536642438e+00,2.121600000000010411e+01,5.759163879312884093e-01
-5.727866290536642424e+00,2.122700000000010334e+01,5.759163879312884093e-01
-5.693866290536642616e+00,2.125100000000010425e+01,5.759163879312884093e-01
-5.677866290536642602e+00,2.126300000000010471e+01,5.759163879312884093e-01
-5.643866290536642794e+00,2.128700000000010562e+01,5.929163879312884244e-01
-5.594866290536642417e+00,2.132300000000010698e+01,5.929163879312884244e-01
-5.562866290536642389e+00,2.134700000000010789e+01,5.929163879312884244e-01
-5.530866290536642360e+00,2.137100000000010880e+01,5.929163879312884244e-01
-5.497866290536641998e+00,2.139500000000010971e+01,6.109163879312884404e-01
-5.481866290536641984e+00,2.140800000000011138e+01,6.109163879312884404e-01
-5.449866290536641955e+00,2.143300000000010996e+01,6.109163879312884404e-01
-5.433866290536641941e+00,2.144500000000011042e+01,6.109163879312884404e-01
-5.401866290536641912e+00,2.146900000000011133e+01,6.279163879312884555e-01
-5.369866290536641884e+00,2.149400000000010991e+01,6.279163879312884555e-01
-5.353866290536641870e+00,2.150700000000011158e+01,6.279163879312884555e-01
-5.321866290536641841e+00,2.153300000000011138e+01,6.279163879312884555e-01
-5.273866290536641799e+00,2.157200000000011286e+01,6.459163879312884715e-01
-5.258866290536642119e+00,2.158500000000011454e+01,6.459163879312884715e-01
-5.227866290536642424e+00,2.161100000000011434e+01,6.629163879312884866e-01
-5.211866290536642410e+00,2.162400000000011602e+01,6.629163879312884866e-01
-5.181866290536642161e+00,2.165000000000011582e+01,6.629163879312884866e-01
-5.166866290536642481e+00,2.166300000000011750e+01,6.629163879312884866e-01
-5.136866290536642232e+00,2.168900000000011730e+01,6.809163879312885026e-01
-5.106866290536641984e+00,2.171500000000011710e+01,6.809163879312885026e-01
-5.091866290536642303e+00,2.172800000000011877e+01,6.809163879312885026e-01
-5.059866290536642275e+00,2.175600000000011747e+01,6.809163879312885026e-01
-5.027866290536642246e+00,2.178300000000011849e+01,6.979163879312885177e-01
-4.995866290536642218e+00,2.181100000000011718e+01,6.979163879312885177e-01
-4.979866290536642204e+00,2.182500000000011653e+01,6.979163879312885177e-01
-4.948866290536642509e+00,2.185300000000011522e+01,6.979163879312885177e-01
-4.932866290536642495e+00,2.186700000000011457e+01,6.979163879312885177e-01
-4.901866290536642801e+00,2.189500000000011326e+01,6.979163879312885177e-01
-4.870866290536643106e+00,2.192300000000011195e+01,6.979163879312885177e-01
-4.855866290536643426e+00,2.193700000000011130e+01,6.979163879312885177e-01
-4.825866290536643177e+00,2.196500000000010999e+01,6.979163879312885177e-01
-4.795866290536642929e+00,2.199200000000011102e+01,6.979163879312885177e-01
-4.765866290536642680e+00,2.201800000000011082e+01,6.979163879312885177e-01
-4.735866290536642431e+00,2.204400000000011062e+01,6.979163879312885177e-01
-4.720866290536642751e+00,2.205700000000011229e+01,6.809163879312885026e-01
-4.690866290536642502e+00,2.208300000000011210e+01,6.809163879312885026e-01
-4.645866290536642573e+00,2.212200000000011357e+01,6.809163879312885026e-01
-4.614866290536642879e+00,2.214800000000011337e+01,6.809163879312885026e-01
-4.599866290536643199e+00,2.216100000000011505e+01,6.809163879312885026e-01
-4.568866290536643504e+00,2.218700000000011485e+01,6.629163879312884866e-01
-4.538866290536643255e+00,2.221300000000011465e+01,6.629163879312884866e-01
-4.507866290536643561e+00,2.223900000000011445e+01,6.459163879312884715e-01
-4.491866290536643547e+00,2.225200000000011613e+01,6.459163879312884715e-01
-4.475866290536643533e+00,2.226500000000011781e+01,6.459163879312884715e-01
-4.442866290536643170e+00,2.229100000000011761e+01,6.459163879312884715e-01
-4.409866290536642808e+00,2.231700000000011741e+01,6.459163879312884715e-01
-4.376866290536642445e+00,2.234300000000011721e+01,6.459163879312884715e-01
-4.360866290536642431e+00,2.235600000000011889e+01,6.459163879312884715e-01
-4.328866290536642403e+00,2.238200000000011869e+01,6.459163879312884715e-01
-4.297866290536642708e+00,2.240800000000011849e+01,6.459163879312884715e-01
-4.266866290536643014e+00,2.243400000000011829e+01,6.459163879312884715e-01
-4.250866290536643000e+00,2.244700000000011997e+01,6.459163879312884715e-01
-4.218866290536642971e+00,2.247300000000011977e+01,6.459163879312884715e-01
-4.186866290536642943e+00,2.249900000000011957e+01,6.629163879312884866e-01
-4.171866290536643262e+00,2.251200000000012125e+01,6.629163879312884866e-01
-4.139866290536643234e+00,2.253800000000012105e+01,6.629163879312884866e-01
-4.123866290536643220e+00,2.255100000000012272e+01,6.629163879312884866e-01
-4.091866290536643191e+00,2.257700000000012253e+01,6.629163879312884866e-01
-4.075866290536643177e+00,2.259000000000012420e+01,6.629163879312884866e-01
-4.027866290536643135e+00,2.263000000000012335e+01,6.629163879312884866e-01
-4.010866290536642786e+00,2.264400000000012270e+01,6.629163879312884866e-01
-3.978866290536642758e+00,2.267100000000012372e+01,6.629163879312884866e-01
-3.962866290536642744e+00,2.268400000000012540e+01,6.629163879312884866e-01
-3.930866290536642715e+00,2.271100000000012642e+01,6.629163879312884866e-01
-3.898866290536642687e+00,2.273900000000012511e+01,6.629163879312884866e-01
-3.882866290536642673e+00,2.275300000000012446e+01,6.629163879312884866e-01
-3.850866290536642644e+00,2.278000000000012548e+01,6.809163879312885026e-01
-3.804866290536642826e+00,2.281900000000012696e+01,6.629163879312884866e-01
-3.789866290536642701e+00,2.283200000000012864e+01,6.629163879312884866e-01
-3.774866290536642577e+00,2.284500000000013031e+01,6.629163879312884866e-01
-3.743866290536642438e+00,2.287100000000013011e+01,6.629163879312884866e-01
-3.711866290536642410e+00,2.289700000000012992e+01,6.629163879312884866e-01
-3.695866290536642396e+00,2.291000000000013159e+01,6.629163879312884866e-01
-3.648866290536642243e+00,2.294900000000013307e+01,6.459163879312884715e-01
-3.632866290536642229e+00,2.296200000000013475e+01,6.459163879312884715e-01
-3.600866290536642200e+00,2.298800000000013455e+01,6.459163879312884715e-01
-3.550866290536642378e+00,2.302700000000013603e+01,6.459163879312884715e-01
-3.518866290536642349e+00,2.305300000000013583e+01,6.459163879312884715e-01
-3.501866290536642445e+00,2.306600000000013750e+01,6.459163879312884715e-01
-3.485866290536642431e+00,2.307900000000013918e+01,6.459163879312884715e-01
-3.452866290536642513e+00,2.310500000000013898e+01,6.459163879312884715e-01
-3.419866290536642595e+00,2.313100000000013878e+01,6.459163879312884715e-01
-3.403866290536642580e+00,2.314400000000014046e+01,6.459163879312884715e-01
-3.370866290536642662e+00,2.317000000000014026e+01,6.459163879312884715e-01
-3.354866290536642648e+00,2.318300000000014194e+01,6.459163879312884715e-01
-3.321866290536642730e+00,2.320900000000014174e+01,6.459163879312884715e-01
-3.273866290536642687e+00,2.324800000000014322e+01,6.459163879312884715e-01
-3.257866290536642673e+00,2.326100000000014489e+01,6.459163879312884715e-01
-3.210866290536642520e+00,2.330000000000014637e+01,6.629163879312884866e-01
-3.180866290536642715e+00,2.332600000000014617e+01,6.629163879312884866e-01
-3.164866290536642701e+00,2.333900000000014785e+01,6.629163879312884866e-01
-3.133866290536642563e+00,2.336500000000014765e+01,6.629163879312884866e-01
-3.117866290536642548e+00,2.337800000000014933e+01,6.629163879312884866e-01
-3.071866290536642730e+00,2.341800000000014848e+01,6.629163879312884866e-01
-3.055866290536642715e+00,2.343100000000015015e+01,6.629163879312884866e-01
-3.023866290536642687e+00,2.345800000000015118e+01,6.629163879312884866e-01
-2.991866290536642659e+00,2.348500000000015220e+01,6.629163879312884866e-01
-2.959866290536642630e+00,2.351100000000015200e+01,6.629163879312884866e-01
-2.944866290536642506e+00,2.352400000000015368e+01,6.629163879312884866e-01
-2.928866290536642492e+00,2.353700000000015535e+01,6.629163879312884866e-01
-2.896866290536642463e+00,2.356400000000015638e+01,6.629163879312884866e-01
-2.881866290536642339e+00,2.357700000000015805e+01,6.629163879312884866e-01
-2.850866290536642200e+00,2.360300000000015785e+01,6.629163879312884866e-01
-2.818866290536642172e+00,2.362900000000015766e+01,6.629163879312884866e-01
-2.786866290536642143e+00,2.365500000000015746e+01,6.629163879312884866e-01
-2.754866290536642115e+00,2.368100000000015726e+01,6.629163879312884866e-01
-2.738866290536642101e+00,2.369500000000015660e+01,6.629163879312884866e-01
-2.707866290536641962e+00,2.372100000000015640e+01,6.629163879312884866e-01
-2.691866290536641948e+00,2.373400000000015808e+01,6.629163879312884866e-01
-2.659866290536641920e+00,2.376100000000015910e+01,6.629163879312884866e-01
-2.643866290536641905e+00,2.377400000000016078e+01,6.629163879312884866e-01
-2.595866290536641863e+00,2.381300000000016226e+01,6.459163879312884715e-01
-2.578866290536641959e+00,2.382600000000016394e+01,6.459163879312884715e-01
-2.544866290536642150e+00,2.385300000000016496e+01,6.459163879312884715e-01
-2.528866290536642136e+00,2.386600000000016664e+01,6.459163879312884715e-01
-2.495866290536642218e+00,2.389200000000016644e+01,6.459163879312884715e-01
-2.462866290536642300e+00,2.391800000000016624e+01,6.459163879312884715e-01
-2.446866290536642286e+00,2.393100000000016792e+01,6.459163879312884715e-01
-2.413866290536642367e+00,2.395700000000016772e+01,6.459163879312884715e-01
-2.397866290536642353e+00,2.397000000000016939e+01,6.459163879312884715e-01
-2.366866290536642214e+00,2.399600000000016919e+01,6.629163879312884866e-01
-2.335866290536642076e+00,2.402200000000016900e+01,6.629163879312884866e-01
-2.319866290536642062e+00,2.403500000000017067e+01,6.629163879312884866e-01
-2.271866290536642019e+00,2.407500000000016982e+01,6.629163879312884866e-01
-2.255866290536642005e+00,2.408800000000017150e+01,6.629163879312884866e-01
-2.223866290536641976e+00,2.411400000000017130e+01,6.629163879312884866e-01
-2.207866290536641962e+00,2.412700000000017297e+01,6.629163879312884866e-01
-2.175866290536641934e+00,2.415400000000017400e+01,6.629163879312884866e-01
-2.159866290536641920e+00,2.416700000000017567e+01,6.629163879312884866e-01
-2.111866290536641877e+00,2.420700000000017482e+01,6.629163879312884866e-01
-2.095866290536641863e+00,2.422000000000017650e+01,6.629163879312884866e-01
-2.079866290536641849e+00,2.423300000000017818e+01,6.629163879312884866e-01
-1.727866290536641980e+00,2.453300000000017889e+01,6.809163879312885026e-01
-1.698866290536642065e+00,2.455900000000017869e+01,6.809163879312885026e-01
-1.693866290536642172e+00,2.456300000000018002e+01,6.809163879312885026e-01
-1.685866290536642165e+00,2.457000000000018147e+01,6.809163879312885026e-01
-1.672866290536642264e+00,2.458100000000018071e+01,6.809163879312885026e-01
-1.640866290536642236e+00,2.460800000000018173e+01,6.809163879312885026e-01
-1.624866290536642222e+00,2.462100000000018341e+01,6.809163879312885026e-01
-1.592866290536642193e+00,2.464800000000018443e+01,6.809163879312885026e-01
-1.544866290536642150e+00,2.468900000000018480e+01,6.809163879312885026e-01
-1.528866290536642136e+00,2.470200000000018647e+01,6.809163879312885026e-01
-1.496866290536642108e+00,2.473000000000018517e+01,6.809163879312885026e-01
-1.464866290536642079e+00,2.475800000000018386e+01,6.809163879312885026e-01
-1.448866290536642065e+00,2.477100000000018554e+01,6.809163879312885026e-01
-1.432866290536642051e+00,2.478500000000018488e+01,6.809163879312885026e-01
-1.401866290536642135e+00,2.481200000000018591e+01,6.809163879312885026e-01
-1.385866290536642120e+00,2.482600000000018525e+01,6.809163879312885026e-01
-1.353866290536642092e+00,2.485300000000018628e+01,6.809163879312885026e-01
-1.305866290536642049e+00,2.489400000000018665e+01,6.809163879312885026e-01
-1.257866290536642007e+00,2.493400000000018579e+01,6.809163879312885026e-01
-1.241866290536641992e+00,2.494800000000018514e+01,6.809163879312885026e-01
-1.209866290536641964e+00,2.497500000000018616e+01,6.809163879312885026e-01
-1.177866290536641936e+00,2.500300000000018485e+01,6.809163879312885026e-01
-1.161866290536641921e+00,2.501700000000018420e+01,6.809163879312885026e-01
-1.128866290536642003e+00,2.504400000000018522e+01,6.629163879312884866e-01
-1.112866290536641989e+00,2.505700000000018690e+01,6.629163879312884866e-01
-1.080866290536641960e+00,2.508500000000018559e+01,6.629163879312884866e-01
-1.032866290536641918e+00,2.512500000000018474e+01,6.629163879312884866e-01
-1.016866290536641904e+00,2.513800000000018642e+01,6.629163879312884866e-01
-9.848662905366418752e-01,2.516500000000018744e+01,6.629163879312884866e-01
-9.688662905366418610e-01,2.517900000000018679e+01,6.629163879312884866e-01
-9.368662905366418325e-01,2.520600000000018781e+01,6.629163879312884866e-01
-9.208662905366418183e-01,2.522000000000018716e+01,6.629163879312884866e-01
-8.888662905366417899e-01,2.524700000000018818e+01,6.629163879312884866e-01
-8.728662905366417757e-01,2.526000000000018986e+01,6.629163879312884866e-01
-8.248662905366417331e-01,2.530100000000019023e+01,6.629163879312884866e-01
-8.088662905366417188e-01,2.531400000000019190e+01,6.629163879312884866e-01
-7.768662905366416904e-01,2.534100000000019293e+01,6.629163879312884866e-01
-7.608662905366416762e-01,2.535500000000019227e+01,6.629163879312884866e-01
-6.968662905366416194e-01,2.540900000000019077e+01,6.629163879312884866e-01
-6.808662905366416052e-01,2.542200000000019244e+01,6.629163879312884866e-01
-6.488662905366415767e-01,2.545000000000019114e+01,6.629163879312884866e-01
-6.328662905366415625e-01,2.546400000000019048e+01,6.629163879312884866e-01
-6.008662905366415341e-01,2.549100000000019151e+01,6.629163879312884866e-01
-5.688662905366415057e-01,2.551800000000019253e+01,6.629163879312884866e-01
-5.368662905366414773e-01,2.554500000000019355e+01,6.629163879312884866e-01
-5.058662905366414497e-01,2.557100000000019335e+01,6.809163879312885026e-01
-4.908662905366414364e-01,2.558400000000019503e+01,6.809163879312885026e-01
-4.608662905366414098e-01,2.561000000000019483e+01,6.809163879312885026e-01
-4.458662905366413964e-01,2.562300000000019651e+01,6.809163879312885026e-01
-4.158662905366413698e-01,2.564900000000019631e+01,6.809163879312885026e-01
-3.998662905366413556e-01,2.566200000000019799e+01,6.809163879312885026e-01
-3.518662905366413685e-01,2.570400000000019958e+01,6.809163879312885026e-01
-3.358662905366413542e-01,2.571800000000019892e+01,6.809163879312885026e-01
-3.038662905366413813e-01,2.574600000000019762e+01,6.809163879312885026e-01
-2.718662905366413529e-01,2.577300000000019864e+01,6.809163879312885026e-01
-2.558662905366413387e-01,2.578700000000019799e+01,6.809163879312885026e-01
-2.238662905366413380e-01,2.581500000000019668e+01,6.979163879312885177e-01
-1.938662905366413391e-01,2.584200000000019770e+01,6.809163879312885026e-01
-1.788662905366413258e-01,2.585500000000019938e+01,6.809163879312885026e-01
-1.478662905366413260e-01,2.588100000000019918e+01,6.809163879312885026e-01
-1.168662905366413263e-01,2.590900000000019787e+01,6.809163879312885026e-01
-1.008662905366413259e-01,2.592300000000019722e+01,6.809163879312885026e-01
-7.086629053664132705e-02,2.594900000000019702e+01,6.809163879312885026e-01
-3.986629053664132727e-02,2.597500000000019682e+01,6.809163879312885026e-01
5.133709463358671066e-03,2.601400000000019830e+01,6.809163879312885026e-01
3.513370946335866996e-02,2.604000000000019810e+01,6.629163879312884866e-01
5.013370946335866940e-02,2.605300000000019978e+01,6.629163879312884866e-01
8.113370946335866918e-02,2.607900000000019958e+01,6.629163879312884866e-01
1.121337094633586690e-01,2.610500000000019938e+01,6.629163879312884866e-01
1.281337094633586693e-01,2.611800000000020106e+01,6.629163879312884866e-01
1.601337094633586700e-01,2.614400000000020086e+01,6.459163879312884715e-01
1.921337094633586706e-01,2.617000000000020066e+01,6.629163879312884866e-01
2.201337094633586677e-01,2.619300000000020034e+01,6.629163879312884866e-01
2.261337094633586731e-01,2.619800000000019935e+01,6.629163879312884866e-01
2.451337094633586622e-01,2.621400000000019759e+01,6.629163879312884866e-01
2.601337094633586755e-01,2.622700000000019926e+01,6.629163879312884866e-01
2.751337094633586888e-01,2.624000000000020094e+01,6.629163879312884866e-01
3.051337094633587155e-01,2.626600000000020074e+01,6.809163879312885026e-01
3.201337094633587288e-01,2.627900000000020242e+01,6.809163879312885026e-01
3.501337094633587554e-01,2.630500000000020222e+01,6.809163879312885026e-01
3.811337094633587830e-01,2.633200000000020324e+01,6.809163879312885026e-01
4.101337094633588087e-01,2.635800000000020304e+01,6.809163879312885026e-01
4.401337094633588354e-01,2.638500000000020407e+01,6.979163879312885177e-01
4.551337094633588487e-01,2.639800000000020574e+01,6.979163879312885177e-01
4.851337094633588753e-01,2.642400000000020555e+01,6.979163879312885177e-01
5.001337094633588887e-01,2.643700000000020722e+01,6.979163879312885177e-01
5.291337094633589144e-01,2.646300000000020702e+01,6.979163879312885177e-01
5.441337094633589277e-01,2.647600000000020870e+01,6.979163879312885177e-01
5.741337094633589544e-01,2.650200000000020850e+01,6.979163879312885177e-01
6.041337094633589810e-01,2.652800000000020830e+01,6.979163879312885177e-01
6.331337094633590068e-01,2.655400000000020810e+01,6.979163879312885177e-01
6.631337094633590334e-01,2.658100000000020913e+01,6.809163879312885026e-01
6.781337094633590468e-01,2.659400000000021080e+01,6.809163879312885026e-01
7.091337094633590743e-01,2.662000000000021060e+01,6.809163879312885026e-01
7.391337094633591009e-01,2.664600000000021041e+01,6.809163879312885026e-01
7.541337094633591143e-01,2.665900000000021208e+01,6.809163879312885026e-01
7.851337094633591418e-01,2.668500000000021188e+01,6.629163879312884866e-01
8.011337094633591560e-01,2.669800000000021356e+01,6.629163879312884866e-01
8.331337094633591844e-01,2.672400000000021336e+01,6.629163879312884866e-01
8.651337094633592129e-01,2.675000000000021316e+01,6.629163879312884866e-01
8.971337094633592413e-01,2.677700000000021419e+01,6.629163879312884866e-01
9.291337094633592697e-01,2.680400000000021521e+01,6.629163879312884866e-01
9.451337094633592839e-01,2.681700000000021689e+01,6.629163879312884866e-01
9.771337094633593123e-01,2.684400000000021791e+01,6.629163879312884866e-01
9.931337094633593265e-01,2.685700000000021959e+01,6.629163879312884866e-01
1.025133709463359244e+00,2.688300000000021939e+01,6.629163879312884866e-01
1.090133709463359191e+00,2.693600000000022021e+01,6.629163879312884866e-01
1.106133709463359205e+00,2.695000000000021956e+01,6.629163879312884866e-01
1.138133709463359233e+00,2.697600000000021936e+01,6.629163879312884866e-01
1.154133709463359247e+00,2.698900000000022104e+01,6.629163879312884866e-01
1.186133709463359276e+00,2.701600000000022206e+01,6.629163879312884866e-01
1.219133709463359194e+00,2.704200000000022186e+01,6.629163879312884866e-01
1.235133709463359208e+00,2.705500000000022354e+01,6.629163879312884866e-01
1.268133709463359127e+00,2.708200000000022456e+01,6.629163879312884866e-01
1.284133709463359141e+00,2.709500000000022624e+01,6.629163879312884866e-01
1.317133709463359059e+00,2.712200000000022726e+01,6.629163879312884866e-01
1.349133709463359088e+00,2.714800000000022706e+01,6.629163879312884866e-01
1.381133709463359116e+00,2.717400000000022686e+01,6.629163879312884866e-01
1.414133709463359034e+00,2.720000000000022666e+01,6.629163879312884866e-01
1.430133709463359049e+00,2.721300000000022834e+01,6.629163879312884866e-01
1.463133709463358967e+00,2.724000000000022936e+01,6.629163879312884866e-01
1.479133709463358981e+00,2.725300000000023104e+01,6.629163879312884866e-01
1.510133709463358898e+00,2.727900000000023084e+01,6.629163879312884866e-01
1.526133709463358912e+00,2.729200000000023252e+01,6.629163879312884866e-01
1.572133709463358953e+00,2.733100000000023400e+01,6.629163879312884866e-01
1.587133709463358855e+00,2.734400000000023567e+01,6.629163879312884866e-01
1.618133709463358771e+00,2.737000000000023547e+01,6.629163879312884866e-01
1.648133709463358798e+00,2.739600000000023527e+01,6.809163879312885026e-01
1.663133709463358700e+00,2.740900000000023695e+01,6.809163879312885026e-01
1.693133709463358727e+00,2.743500000000023675e+01,6.809163879312885026e-01
1.708133709463358629e+00,2.744800000000023843e+01,6.809163879312885026e-01
1.738133709463358656e+00,2.747400000000023823e+01,6.809163879312885026e-01
1.753133709463358558e+00,2.748700000000023991e+01,6.979163879312885177e-01
1.783133709463358585e+00,2.751300000000023971e+01,6.979163879312885177e-01
1.813133709463358612e+00,2.753900000000023951e+01,6.979163879312885177e-01
1.858133709463358541e+00,2.758000000000023988e+01,7.149163879312885328e-01
1.902133709463358580e+00,2.762100000000024025e+01,7.149163879312885328e-01
1.917133709463358482e+00,2.763500000000023960e+01,7.149163879312885328e-01
1.946133709463358397e+00,2.766300000000023829e+01,7.329163879312885488e-01
1.960133709463358409e+00,2.767700000000023763e+01,7.329163879312885488e-01
1.990133709463358436e+00,2.770500000000023633e+01,7.329163879312885488e-01
2.005133709463358560e+00,2.771900000000023567e+01,7.329163879312885488e-01
2.035133709463358365e+00,2.774800000000023559e+01,7.329163879312885488e-01
2.050133709463358489e+00,2.776300000000023616e+01,7.329163879312885488e-01
2.080133709463358294e+00,2.779300000000023729e+01,7.499163879312885639e-01
2.110133709463358098e+00,2.782100000000023599e+01,7.329163879312885488e-01
2.138133709463358123e+00,2.784900000000023468e+01,7.329163879312885488e-01
2.166133709463358148e+00,2.787700000000023337e+01,7.329163879312885488e-01
2.180133709463357938e+00,2.789100000000023272e+01,7.329163879312885488e-01
2.209133709463357853e+00,2.791900000000023141e+01,7.329163879312885488e-01
2.223133709463357643e+00,2.793300000000023076e+01,7.329163879312885488e-01
2.251133709463357668e+00,2.796000000000023178e+01,7.329163879312885488e-01
2.265133709463357459e+00,2.797400000000023113e+01,7.329163879312885488e-01
2.294133709463357373e+00,2.800200000000022982e+01,7.149163879312885328e-01
2.309133709463357498e+00,2.801600000000022916e+01,7.149163879312885328e-01
2.339133709463357302e+00,2.804400000000022786e+01,7.149163879312885328e-01
2.383133709463357341e+00,2.808400000000022700e+01,6.979163879312885177e-01
2.398133709463357466e+00,2.809800000000022635e+01,6.979163879312885177e-01
2.429133709463357604e+00,2.812500000000022737e+01,6.979163879312885177e-01
2.444133709463357729e+00,2.813900000000022672e+01,6.979163879312885177e-01
2.476133709463357757e+00,2.816700000000022541e+01,6.979163879312885177e-01
2.492133709463357771e+00,2.818100000000022476e+01,6.979163879312885177e-01
2.524133709463357800e+00,2.820900000000022345e+01,6.979163879312885177e-01
2.540133709463357814e+00,2.822300000000022280e+01,6.809163879312885026e-01
2.572133709463357842e+00,2.825100000000022149e+01,6.809163879312885026e-01
2.617133709463357771e+00,2.829000000000022297e+01,6.979163879312885177e-01
2.632133709463357896e+00,2.830300000000022465e+01,6.979163879312885177e-01
2.662133709463357700e+00,2.832900000000022445e+01,6.979163879312885177e-01
2.677133709463357825e+00,2.834200000000022612e+01,6.979163879312885177e-01
2.707133709463357629e+00,2.837000000000022482e+01,6.979163879312885177e-01
2.752133709463357558e+00,2.841000000000022396e+01,7.149163879312885328e-01
2.766133709463357349e+00,2.842300000000022564e+01,7.149163879312885328e-01
2.796133709463357153e+00,2.845100000000022433e+01,7.149163879312885328e-01
2.842133709463356972e+00,2.849400000000022359e+01,7.149163879312885328e-01
2.857133709463357096e+00,2.850800000000022294e+01,7.149163879312885328e-01
2.888133709463357235e+00,2.853600000000022163e+01,7.149163879312885328e-01
2.903133709463357359e+00,2.855000000000022098e+01,7.149163879312885328e-01
2.933133709463357164e+00,2.857900000000022089e+01,7.149163879312885328e-01
2.948133709463357288e+00,2.859300000000022024e+01,7.149163879312885328e-01
2.978133709463357093e+00,2.862100000000021893e+01,7.149163879312885328e-01
2.991133709463356993e+00,2.863300000000021939e+01,7.149163879312885328e-01
2.998133709463357111e+00,2.863900000000021961e+01,7.149163879312885328e-01
3.017133709463357238e+00,2.865700000000022030e+01,7.149163879312885328e-01
3.059133709463357054e+00,2.869600000000022177e+01,7.149163879312885328e-01
3.104133709463356983e+00,2.873800000000022337e+01,7.149163879312885328e-01
3.119133709463357107e+00,2.875200000000022271e+01,7.149163879312885328e-01
3.134133709463357231e+00,2.876500000000022439e+01,7.149163879312885328e-01
3.163133709463357146e+00,2.879200000000022541e+01,6.979163879312885177e-01
3.178133709463357270e+00,2.880500000000022709e+01,6.979163879312885177e-01
3.208133709463357075e+00,2.883200000000022811e+01,6.979163879312885177e-01
3.254133709463356894e+00,2.887400000000022970e+01,6.979163879312885177e-01
3.270133709463356908e+00,2.888800000000022905e+01,6.979163879312885177e-01
3.301133709463357047e+00,2.891500000000023007e+01,6.809163879312885026e-01
3.332133709463357185e+00,2.894200000000023110e+01,6.809163879312885026e-01
3.348133709463357199e+00,2.895600000000023044e+01,6.809163879312885026e-01
3.363133709463357324e+00,2.896900000000023212e+01,6.809163879312885026e-01
3.395133709463357352e+00,2.899600000000023314e+01,6.809163879312885026e-01
3.411133709463357366e+00,2.901000000000023249e+01,6.809163879312885026e-01
3.443133709463357395e+00,2.903700000000023351e+01,6.809163879312885026e-01
3.473133709463357199e+00,2.906300000000023331e+01,6.809163879312885026e-01
3.503133709463357004e+00,2.908900000000023311e+01,6.809163879312885026e-01
3.533133709463356809e+00,2.911500000000023292e+01,6.809163879312885026e-01
3.563133709463356613e+00,2.914200000000023394e+01,6.809163879312885026e-01
3.579133709463356627e+00,2.915600000000023329e+01,6.979163879312885177e-01
3.610133709463356766e+00,2.918300000000023431e+01,6.979163879312885177e-01
3.625133709463356890e+00,2.919600000000023599e+01,6.979163879312885177e-01
3.655133709463356695e+00,2.922300000000023701e+01,6.979163879312885177e-01
3.670133709463356819e+00,2.923700000000023635e+01,6.979163879312885177e-01
3.716133709463356638e+00,2.927800000000023672e+01,6.979163879312885177e-01
3.731133709463356762e+00,2.929200000000023607e+01,6.979163879312885177e-01
3.763133709463356791e+00,2.932000000000023476e+01,6.979163879312885177e-01
3.793133709463356595e+00,2.934800000000023346e+01,7.149163879312885328e-01
3.822133709463356510e+00,2.937500000000023448e+01,7.149163879312885328e-01
3.837133709463356634e+00,2.938800000000023616e+01,7.149163879312885328e-01
3.852133709463356759e+00,2.940200000000023550e+01,7.149163879312885328e-01
3.881133709463356674e+00,2.943000000000023419e+01,7.149163879312885328e-01
3.895133709463356464e+00,2.944400000000023354e+01,7.329163879312885488e-01
3.926133709463356602e+00,2.947300000000023346e+01,7.329163879312885488e-01
3.956133709463356407e+00,2.950200000000023337e+01,7.329163879312885488e-01
3.971133709463356531e+00,2.951600000000023272e+01,7.329163879312885488e-01
4.016133709463356460e+00,2.956000000000023320e+01,7.329163879312885488e-01
4.031133709463356141e+00,2.957400000000023255e+01,7.329163879312885488e-01
4.061133709463356389e+00,2.960400000000023368e+01,7.329163879312885488e-01
4.076133709463356070e+00,2.961800000000023303e+01,7.329163879312885488e-01
4.104133709463355650e+00,2.964500000000023405e+01,7.329163879312885488e-01
4.119133709463355331e+00,2.965900000000023340e+01,7.329163879312885488e-01
4.163133709463354926e+00,2.970200000000023266e+01,7.329163879312885488e-01
4.177133709463355160e+00,2.971600000000023201e+01,7.329163879312885488e-01
4.192133709463354840e+00,2.973000000000023135e+01,7.329163879312885488e-01
4.221133709463354755e+00,2.975800000000023005e+01,7.149163879312885328e-01
4.280133709463354919e+00,2.981300000000022976e+01,7.149163879312885328e-01
4.295133709463354599e+00,2.982700000000022911e+01,7.149163879312885328e-01
4.325133709463354847e+00,2.985500000000022780e+01,7.149163879312885328e-01
4.341133709463354862e+00,2.986900000000022715e+01,7.149163879312885328e-01
4.372133709463354556e+00,2.989700000000022584e+01,6.979163879312885177e-01
4.403133709463354251e+00,2.992500000000022453e+01,6.979163879312885177e-01
4.419133709463354265e+00,2.993900000000022388e+01,6.979163879312885177e-01
4.451133709463354293e+00,2.996700000000022257e+01,6.979163879312885177e-01
4.482133709463353988e+00,2.999500000000022126e+01,6.979163879312885177e-01
4.513133709463353682e+00,3.002300000000021996e+01,6.979163879312885177e-01
4.530133709463354030e+00,3.003800000000022052e+01,7.149163879312885328e-01
4.531133709463354364e+00,3.003900000000022175e+01,7.149163879312885328e-01
4.550133709463354492e+00,3.005700000000022243e+01,7.149163879312885328e-01
4.565133709463354172e+00,3.007100000000022177e+01,7.149163879312885328e-01
4.595133709463354421e+00,3.009900000000022047e+01,7.149163879312885328e-01
4.609133709463354656e+00,3.011200000000022214e+01,7.149163879312885328e-01
4.639133709463354904e+00,3.014000000000022084e+01,7.149163879312885328e-01
4.668133709463354819e+00,3.016800000000021953e+01,7.329163879312885488e-01
4.697133709463354734e+00,3.019500000000022055e+01,7.329163879312885488e-01
4.726133709463354649e+00,3.022300000000021925e+01,7.329163879312885488e-01
4.741133709463354329e+00,3.023700000000021859e+01,7.329163879312885488e-01
4.771133709463354577e+00,3.026600000000021851e+01,7.329163879312885488e-01
4.786133709463354258e+00,3.028100000000021907e+01,7.329163879312885488e-01
4.817133709463353952e+00,3.031100000000022021e+01,7.329163879312885488e-01
4.832133709463353632e+00,3.032600000000022078e+01,7.329163879312885488e-01
4.862133709463353881e+00,3.035500000000022069e+01,7.329163879312885488e-01
4.877133709463353561e+00,3.037000000000022126e+01,7.329163879312885488e-01
4.922133709463353490e+00,3.041300000000022052e+01,7.329163879312885488e-01
4.952133709463353739e+00,3.044300000000022166e+01,7.329163879312885488e-01
4.967133709463353419e+00,3.045700000000022101e+01,7.329163879312885488e-01
4.981133709463353654e+00,3.047100000000022035e+01,7.329163879312885488e-01
5.037133709463353703e+00,3.052600000000022007e+01,7.329163879312885488e-01
5.066133709463353618e+00,3.055300000000022109e+01,7.329163879312885488e-01
5.080133709463353853e+00,3.056700000000022044e+01,7.329163879312885488e-01
5.108133709463353433e+00,3.059400000000022146e+01,7.149163879312885328e-01
5.153133709463353362e+00,3.063600000000022305e+01,7.149163879312885328e-01
5.168133709463353043e+00,3.065000000000022240e+01,7.149163879312885328e-01
5.183133709463352723e+00,3.066400000000022175e+01,7.149163879312885328e-01
5.214133709463352417e+00,3.069200000000022044e+01,7.149163879312885328e-01
5.229133709463352098e+00,3.070600000000021979e+01,6.979163879312885177e-01
5.260133709463351792e+00,3.073400000000021848e+01,6.979163879312885177e-01
5.292133709463351821e+00,3.076200000000021717e+01,6.979163879312885177e-01
5.307133709463351501e+00,3.077600000000021652e+01,6.979163879312885177e-01
5.337133709463351749e+00,3.080400000000021521e+01,7.149163879312885328e-01
5.367133709463351998e+00,3.083000000000021501e+01,7.149163879312885328e-01
5.381133709463352233e+00,3.084300000000021669e+01,7.149163879312885328e-01
5.426133709463352162e+00,3.088400000000021706e+01,7.149163879312885328e-01
5.441133709463351842e+00,3.089800000000021640e+01,7.149163879312885328e-01
5.470133709463351757e+00,3.092600000000021510e+01,7.329163879312885488e-01
5.485133709463351437e+00,3.094000000000021444e+01,7.329163879312885488e-01
5.530133709463351366e+00,3.098300000000021370e+01,7.329163879312885488e-01
5.560133709463351614e+00,3.101100000000021240e+01,7.329163879312885488e-01
5.590133709463351863e+00,3.103900000000021109e+01,7.329163879312885488e-01
5.635133709463351792e+00,3.108400000000021279e+01,7.329163879312885488e-01
5.650133709463351472e+00,3.109900000000021336e+01,7.329163879312885488e-01
5.665133709463351153e+00,3.111400000000021393e+01,7.329163879312885488e-01
5.695133709463351401e+00,3.114300000000021384e+01,7.329163879312885488e-01
5.710133709463351082e+00,3.115800000000021441e+01,7.329163879312885488e-01
5.740133709463351330e+00,3.118800000000021555e+01,7.499163879312885639e-01
5.755133709463351011e+00,3.120200000000021490e+01,7.499163879312885639e-01
5.785133709463351259e+00,3.123200000000021603e+01,7.499163879312885639e-01
5.815133709463351508e+00,3.126100000000021595e+01,7.499163879312885639e-01
5.829133709463351742e+00,3.127500000000021529e+01,7.329163879312885488e-01
5.857133709463351323e+00,3.130300000000021399e+01,7.329163879312885488e-01
5.899133709463351138e+00,3.134400000000021436e+01,7.329163879312885488e-01
5.913133709463351373e+00,3.135800000000021370e+01,7.329163879312885488e-01
5.942133709463351288e+00,3.138600000000021240e+01,7.329163879312885488e-01
5.971133709463351202e+00,3.141400000000021109e+01,7.149163879312885328e-01
5.986133709463350883e+00,3.142800000000021043e+01,7.149163879312885328e-01
6.001133709463350563e+00,3.144200000000020978e+01,7.149163879312885328e-01
6.032133709463350257e+00,3.147100000000020970e+01,7.149163879312885328e-01
6.047133709463349938e+00,3.148500000000020904e+01,7.149163879312885328e-01
6.078133709463349632e+00,3.151300000000020773e+01,7.149163879312885328e-01
6.123133709463349561e+00,3.155500000000020933e+01,7.149163879312885328e-01
6.139133709463349575e+00,3.157000000000020989e+01,7.149163879312885328e-01
6.170133709463349270e+00,3.159800000000020859e+01,7.149163879312885328e-01
6.200133709463349518e+00,3.162600000000020728e+01,7.149163879312885328e-01
6.215133709463349199e+00,3.163900000000020896e+01,7.149163879312885328e-01
6.229133709463349433e+00,3.165300000000020830e+01,7.149163879312885328e-01
6.258133709463349348e+00,3.168000000000020933e+01,7.149163879312885328e-01
6.273133709463349028e+00,3.169400000000020867e+01,7.329163879312885488e-01
6.303133709463349277e+00,3.172200000000020736e+01,7.329163879312885488e-01
6.346133709463349426e+00,3.176400000000020896e+01,7.329163879312885488e-01
6.361133709463349106e+00,3.177800000000020830e+01,7.329163879312885488e-01
6.389133709463348687e+00,3.180600000000020700e+01,7.329163879312885488e-01
6.419133709463348936e+00,3.183600000000020813e+01,7.499163879312885639e-01
6.434133709463348616e+00,3.185000000000020748e+01,7.499163879312885639e-01
6.446133709463348183e+00,3.186300000000020916e+01,7.329163879312885488e-01
6.451133709463348076e+00,3.186700000000021049e+01,7.329163879312885488e-01
6.458133709463347749e+00,3.187400000000021194e+01,7.329163879312885488e-01
6.485133709463347884e+00,3.190100000000021296e+01,7.499163879312885639e-01
6.515133709463348133e+00,3.193000000000021288e+01,7.499163879312885639e-01
6.545133709463348382e+00,3.195900000000021279e+01,7.499163879312885639e-01
6.589133709463347977e+00,3.200100000000021083e+01,7.329163879312885488e-01
6.617133709463347557e+00,3.202900000000020952e+01,7.329163879312885488e-01
6.632133709463347238e+00,3.204300000000021242e+01,7.329163879312885488e-01
6.662133709463347486e+00,3.207200000000021589e+01,7.329163879312885488e-01
6.677133709463347166e+00,3.208600000000021879e+01,7.329163879312885488e-01
6.722133709463347095e+00,3.212900000000021805e+01,7.329163879312885488e-01
6.737133709463346776e+00,3.214400000000021862e+01,7.329163879312885488e-01
6.767133709463347024e+00,3.217300000000022209e+01,7.329163879312885488e-01
6.782133709463346705e+00,3.218800000000022266e+01,7.329163879312885488e-01
6.812133709463346953e+00,3.221800000000022379e+01,7.329163879312885488e-01
6.842133709463347202e+00,3.224600000000022249e+01,7.329163879312885488e-01
6.857133709463346882e+00,3.226100000000022305e+01,7.329163879312885488e-01
6.887133709463347131e+00,3.229100000000022419e+01,7.329163879312885488e-01
6.902133709463346811e+00,3.230500000000022709e+01,7.329163879312885488e-01
6.932133709463347060e+00,3.233300000000022578e+01,7.329163879312885488e-01
6.963133709463346754e+00,3.236300000000022692e+01,7.329163879312885488e-01
6.994133709463346449e+00,3.239300000000022806e+01,7.329163879312885488e-01
7.024133709463346698e+00,3.242200000000023152e+01,7.329163879312885488e-01
7.039133709463346378e+00,3.243700000000023209e+01,7.329163879312885488e-01
7.069133709463346626e+00,3.246600000000023556e+01,7.329163879312885488e-01
7.084133709463346307e+00,3.248000000000023846e+01,7.329163879312885488e-01
7.115133709463346001e+00,3.250900000000024193e+01,7.329163879312885488e-01
7.145133709463346250e+00,3.253800000000024539e+01,7.329163879312885488e-01
7.176133709463345944e+00,3.256800000000024653e+01,7.329163879312885488e-01
7.192133709463345959e+00,3.258300000000024710e+01,7.329163879312885488e-01
7.222133709463346207e+00,3.261100000000024579e+01,7.329163879312885488e-01
7.252133709463346456e+00,3.264000000000024926e+01,7.329163879312885488e-01
7.267133709463346136e+00,3.265400000000025216e+01,7.329163879312885488e-01
7.298133709463345831e+00,3.268300000000025562e+01,7.329163879312885488e-01
7.329133709463345525e+00,3.271200000000025909e+01,7.329163879312885488e-01
7.344133709463345205e+00,3.272700000000025966e+01,7.329163879312885488e-01
7.359133709463344886e+00,3.274100000000026256e+01,7.329163879312885488e-01
7.389133709463345134e+00,3.277000000000026603e+01,7.329163879312885488e-01
7.420133709463344829e+00,3.280000000000026716e+01,7.329163879312885488e-01
7.450133709463345077e+00,3.282800000000026586e+01,7.329163879312885488e-01
7.480133709463345326e+00,3.285600000000026455e+01,7.329163879312885488e-01
7.524133709463344921e+00,3.289800000000026614e+01,7.149163879312885328e-01
7.554133709463345170e+00,3.292600000000026483e+01,7.149163879312885328e-01
7.569133709463344850e+00,3.293900000000026296e+01,7.149163879312885328e-01
7.598133709463344765e+00,3.296600000000026398e+01,6.979163879312885177e-01
7.628133709463345014e+00,3.299200000000026733e+01,6.979163879312885177e-01
7.643133709463344694e+00,3.300500000000026546e+01,6.979163879312885177e-01
7.673133709463344942e+00,3.303200000000026648e+01,6.979163879312885177e-01
7.703133709463345191e+00,3.305800000000026984e+01,6.809163879312885026e-01
7.733133709463345440e+00,3.308400000000027319e+01,6.809163879312885026e-01
7.748133709463345120e+00,3.309700000000027131e+01,6.809163879312885026e-01
7.793133709463345049e+00,3.313600000000027279e+01,6.629163879312884866e-01
7.809133709463345063e+00,3.314900000000027092e+01,6.629163879312884866e-01
7.824133709463344744e+00,3.316200000000026904e+01,6.629163879312884866e-01
7.839133709463344424e+00,3.317500000000026716e+01,6.629163879312884866e-01
7.870133709463344118e+00,3.320100000000027052e+01,6.459163879312884715e-01
7.902133709463344147e+00,3.322700000000027387e+01,6.459163879312884715e-01
7.950133709463344189e+00,3.326600000000027535e+01,6.279163879312884555e-01
7.966133709463344204e+00,3.327900000000027347e+01,6.279163879312884555e-01
7.982133709463344218e+00,3.329100000000027393e+01,6.279163879312884555e-01
8.014133709463344246e+00,3.331600000000027251e+01,6.279163879312884555e-01
8.045133709463344829e+00,3.334100000000027109e+01,6.109163879312884404e-01
8.059133709463344175e+00,3.335100000000026910e+01,6.109163879312884404e-01
8.067133709463343294e+00,3.335700000000026932e+01,6.109163879312884404e-01
8.080133709463343195e+00,3.336700000000026733e+01,6.109163879312884404e-01
8.112133709463343223e+00,3.339100000000026824e+01,6.109163879312884404e-01
8.144133709463343251e+00,3.341500000000026915e+01,6.109163879312884404e-01
8.178133709463343948e+00,3.344100000000027251e+01,6.109163879312884404e-01
8.212133709463344644e+00,3.346700000000027586e+01,6.109163879312884404e-01
8.280133709463344260e+00,3.351900000000027546e+01,6.109163879312884404e-01
8.297133709463343720e+00,3.353200000000027359e+01,6.109163879312884404e-01
8.314133709463343180e+00,3.354500000000027171e+01,6.109163879312884404e-01
8.331133709463342640e+00,3.355800000000026984e+01,6.109163879312884404e-01
8.365133709463343337e+00,3.358400000000027319e+01,6.109163879312884404e-01
8.399133709463344033e+00,3.361000000000027654e+01,5.929163879312884244e-01
8.450133709463344189e+00,3.364900000000027802e+01,5.929163879312884244e-01
8.467133709463343649e+00,3.366100000000027848e+01,5.929163879312884244e-01
8.501133709463344346e+00,3.368700000000028183e+01,5.929163879312884244e-01
8.518133709463343806e+00,3.370000000000027995e+01,5.929163879312884244e-01
8.552133709463344502e+00,3.372500000000027853e+01,5.929163879312884244e-01
8.569133709463343962e+00,3.373700000000027899e+01,5.929163879312884244e-01
8.602133709463343436e+00,3.376100000000027990e+01,6.109163879312884404e-01
8.618133709463343450e+00,3.377400000000027802e+01,6.109163879312884404e-01
8.650133709463343479e+00,3.379800000000027893e+01,6.109163879312884404e-01
8.682133709463343507e+00,3.382300000000027751e+01,6.109163879312884404e-01
8.714133709463343536e+00,3.384800000000027609e+01,6.109163879312884404e-01
8.746133709463343564e+00,3.387300000000027467e+01,6.279163879312884555e-01
8.778133709463343592e+00,3.389900000000027802e+01,6.279163879312884555e-01
8.794133709463343607e+00,3.391200000000027615e+01,6.279163879312884555e-01
8.810133709463343621e+00,3.392500000000027427e+01,6.279163879312884555e-01
8.826133709463343635e+00,3.393800000000027239e+01,6.279163879312884555e-01
8.873133709463344232e+00,3.397600000000026910e+01,6.459163879312884715e-01
8.889133709463344246e+00,3.398900000000026722e+01,6.459163879312884715e-01
8.936133709463344843e+00,3.402800000000026870e+01,6.629163879312884866e-01
8.951133709463345411e+00,3.404100000000026682e+01,6.629163879312884866e-01
8.983133709463345440e+00,3.406700000000027018e+01,6.629163879312884866e-01
9.015133709463345468e+00,3.409400000000027120e+01,6.629163879312884866e-01
9.047133709463345497e+00,3.412100000000027222e+01,6.629163879312884866e-01
9.063133709463345511e+00,3.413400000000027035e+01,6.629163879312884866e-01
9.079133709463345525e+00,3.414800000000027325e+01,6.629163879312884866e-01
9.111133709463345554e+00,3.417500000000027427e+01,6.809163879312885026e-01
9.127133709463345568e+00,3.418800000000027239e+01,6.809163879312885026e-01
9.159133709463345596e+00,3.421400000000027575e+01,6.809163879312885026e-01
9.191133709463345625e+00,3.424100000000027677e+01,6.809163879312885026e-01
9.223133709463345653e+00,3.426900000000027546e+01,6.809163879312885026e-01
9.255133709463345681e+00,3.429700000000027416e+01,6.809163879312885026e-01
9.271133709463345696e+00,3.431100000000027705e+01,6.809163879312885026e-01
9.303133709463345724e+00,3.433900000000027575e+01,6.809163879312885026e-01
9.335133709463345753e+00,3.436700000000027444e+01,6.809163879312885026e-01
9.351133709463345767e+00,3.438100000000027734e+01,6.809163879312885026e-01
9.382133709463346349e+00,3.440700000000028069e+01,6.809163879312885026e-01
9.414133709463346378e+00,3.443500000000027939e+01,6.809163879312885026e-01
9.430133709463346392e+00,3.444900000000028228e+01,6.809163879312885026e-01
9.462133709463346420e+00,3.447600000000028331e+01,6.809163879312885026e-01
9.510133709463346463e+00,3.451800000000028490e+01,6.809163879312885026e-01
9.542133709463346491e+00,3.454600000000028359e+01,6.809163879312885026e-01
9.574133709463346520e+00,3.457400000000028228e+01,6.809163879312885026e-01
9.590133709463346534e+00,3.458800000000028518e+01,6.809163879312885026e-01
9.622133709463346563e+00,3.461600000000028388e+01,6.809163879312885026e-01
9.638133709463346577e+00,3.463000000000028678e+01,6.809163879312885026e-01
9.670133709463346605e+00,3.465800000000028547e+01,6.809163879312885026e-01
9.702133709463346634e+00,3.468600000000028416e+01,6.809163879312885026e-01
9.733133709463347216e+00,3.471200000000028751e+01,6.809163879312885026e-01
9.763133709463346577e+00,3.473800000000029087e+01,6.809163879312885026e-01
9.778133709463347145e+00,3.475100000000028899e+01,6.809163879312885026e-01
9.808133709463346506e+00,3.477800000000029002e+01,6.979163879312885177e-01
9.823133709463347074e+00,3.479100000000028814e+01,6.979163879312885177e-01
9.853133709463346435e+00,3.481700000000029149e+01,6.979163879312885177e-01
9.868133709463347003e+00,3.483100000000029439e+01,6.979163879312885177e-01
9.897133709463346918e+00,3.485700000000029775e+01,7.149163879312885328e-01
9.927133709463346278e+00,3.488400000000029877e+01,7.149163879312885328e-01
9.957133709463345639e+00,3.491100000000029979e+01,7.149163879312885328e-01
9.986133709463345554e+00,3.493900000000029848e+01,7.149163879312885328e-01
1.001513370946334547e+01,3.496700000000029718e+01,7.329163879312885488e-01
1.002913370946334481e+01,3.498100000000030008e+01,7.329163879312885488e-01
1.004313370946334416e+01,3.499500000000030298e+01,7.329163879312885488e-01
1.007213370946334408e+01,3.502300000000030167e+01,7.329163879312885488e-01
1.010213370946334344e+01,3.505200000000030514e+01,7.499163879312885639e-01
1.013213370946334280e+01,3.508200000000030627e+01,7.499163879312885639e-01
1.014713370946334337e+01,3.509700000000030684e+01,7.499163879312885639e-01
1.017713370946334273e+01,3.512700000000030798e+01,7.499163879312885639e-01
1.019213370946334329e+01,3.514200000000030855e+01,7.499163879312885639e-01
1.022213370946334265e+01,3.517200000000030968e+01,7.499163879312885639e-01
1.025113370946334257e+01,3.520200000000031082e+01,7.499163879312885639e-01
1.028113370946334193e+01,3.523200000000031196e+01,7.499163879312885639e-01
1.029613370946334250e+01,3.524700000000031253e+01,7.499163879312885639e-01
1.032213370946334230e+01,3.527300000000031588e+01,7.499163879312885639e-01
1.033013370946334142e+01,3.528100000000031855e+01,7.499163879312885639e-01
1.034413370946334076e+01,3.529500000000032145e+01,7.499163879312885639e-01
1.035813370946334011e+01,3.530900000000032435e+01,7.499163879312885639e-01
1.036213370946333967e+01,3.531200000000032446e+01,7.499163879312885639e-01
1.036213370946333967e+01,3.531200000000032446e+01,7.499163879312885639e-01
1.036213370946333967e+01,3.531200000000032446e+01,7.499163879312885639e-01
1.036213370946333967e+01,3.531200000000032446e+01,7.679163879312885799e-01
1.036213370946333967e+01,3.531200000000032446e+01,7.679163879312885799e-01
1.036213370946333967e+01,3.531200000000032446e+01,7.679163879312885799e-01
1.036213370946333967e+01,3.531200000000032446e+01,7.679163879312885799e-01
1.036213370946333967e+01,3.531200000000032446e+01,7.679163879312885799e-01
1.036213370946333967e+01,3.531200000000032446e+01,7.679163879312885799e-01
1.036213370946333967e+01,3.531200000000032446e+01,7.679163879312885799e-01
1.036213370946333967e+01,3.531200000000032446e+01,7.679163879312885799e-01
1.036213370946333967e+01,3.531200000000032446e+01,7.679163879312885799e-01
1.036213370946333967e+01,3.531200000000032446e+01,7.679163879312885799e-01
1.036213370946333967e+01,3.531200000000032446e+01,7.679163879312885799e-01
1.036213370946333967e+01,3.531200000000032446e+01,7.679163879312885799e-01
1.036213370946333967e+01,3.531200000000032446e+01,7.679163879312885799e-01
1.036213370946333967e+01,3.531200000000032446e+01,7.679163879312885799e-01
1.036213370946333967e+01,3.531200000000032446e+01,7.679163879312885799e-01
1.036213370946333967e+01,3.531200000000032446e+01,7.679163879312885799e-01
1.036213370946333967e+01,3.531200000000032446e+01,7.679163879312885799e-01
1.036213370946333967e+01,3.531200000000032446e+01,7.679163879312885799e-01
1.036213370946333967e+01,3.531200000000032446e+01,7.679163879312885799e-01
1.036213370946333967e+01,3.531200000000032446e+01,7.679163879312885799e-01
1.036213370946333967e+01,3.531200000000032446e+01,7.679163879312885799e-01
1.036213370946333967e+01,3.531200000000032446e+01,7.679163879312885799e-01
1.036213370946333967e+01,3.531200000000032446e+01,7.679163879312885799e-01
1.036213370946333967e+01,3.531200000000032446e+01,7.679163879312885799e-01
1.036213370946333967e+01,3.531200000000032446e+01,7.679163879312885799e-01
1.036213370946333967e+01,3.531200000000032446e+01,7.679163879312885799e-01
1.036213370946333967e+01,3.531200000000032446e+01,7.679163879312885799e-01
1.036213370946333967e+01,3.531200000000032446e+01,7.679163879312885799e-01
1.036213370946333967e+01,3.531200000000032446e+01,7.679163879312885799e-01
1.036213370946333967e+01,3.531200000000032446e+01,7.679163879312885799e-01
1.036213370946333967e+01,3.531200000000032446e+01,7.679163879312885799e-01
1.036213370946333967e+01,3.531200000000032446e+01,7.679163879312885799e-01
1.036213370946333967e+01,3.531200000000032446e+01,7.679163879312885799e-01
1.036213370946333967e+01,3.531200000000032446e+01,7.679163879312885799e-01
1.036213370946333967e+01,3.531200000000032446e+01,7.679163879312885799e-01
1.036213370946333967e+01,3.531200000000032446e+01,7.679163879312885799e-01
1.036213370946333967e+01,3.531200000000032446e+01,7.499163879312885639e-01
1.036213370946333967e+01,3.531200000000032446e+01,7.499163879312885639e-01
1.036213370946333967e+01,3.531200000000032446e+01,7.499163879312885639e-01
1.036213370946333967e+01,3.531200000000032446e+01,7.499163879312885639e-01
1.036213370946333967e+01,3.531200000000032446e+01,7.499163879312885639e-01
1.036213370946333967e+01,3.531200000000032446e+01,7.499163879312885639e-01
1.036213370946333967e+01,3.531200000000032446e+01,7.499163879312885639e-01
1.036213370946333967e+01,3.531200000000032446e+01,7.499163879312885639e-01
1.036213370946333967e+01,3.531200000000032446e+01,7.499163879312885639e-01
1.036213370946333967e+01,3.531200000000032446e+01,7.499163879312885639e-01
1.036213370946333967e+01,3.531200000000032446e+01,7.499163879312885639e-01
1.036213370946333967e+01,3.531200000000032446e+01,7.499163879312885639e-01
1.036213370946333967e+01,3.531200000000032446e+01,7.499163879312885639e-01
1.036213370946333967e+01,3.531200000000032446e+01,7.499163879312885639e-01
1.036213370946333967e+01,3.531200000000032446e+01,7.499163879312885639e-01
1.036213370946333967e+01,3.531200000000032446e+01,7.499163879312885639e-01
1.036213370946333967e+01,3.531200000000032446e+01,7.499163879312885639e-01
1.036213370946333967e+01,3.531200000000032446e+01,7.499163879312885639e-01
1.036213370946333967e+01,3.531200000000032446e+01,7.499163879312885639e-01
1.036213370946333967e+01,3.531200000000032446e+01,7.499163879312885639e-01
1.036213370946333967e+01,3.531200000000032446e+01,7.499163879312885639e-01
1.036213370946333967e+01,3.531200000000032446e+01,7.499163879312885639e-01
1.036213370946333967e+01,3.531200000000032446e+01,7.499163879312885639e-01
1.036213370946333967e+01,3.531200000000032446e+01,7.499163879312885639e-01
1.036213370946333967e+01,3.531200000000032446e+01,7.499163879312885639e-01
1.036213370946333967e+01,3.531200000000032446e+01,7.499163879312885639e-01
1.036213370946333967e+01,3.531200000000032446e+01,7.499163879312885639e-01
1.036213370946333967e+01,3.531200000000032446e+01,7.499163879312885639e-01
1.036213370946333967e+01,3.531200000000032446e+01,7.499163879312885639e-01
1.036213370946333967e+01,3.531200000000032446e+01,7.499163879312885639e-01
1.036213370946333967e+01,3.531200000000032446e+01,7.499163879312885639e-01
1.036213370946333967e+01,3.531200000000032446e+01,7.499163879312885639e-01
1.036213370946333967e+01,3.531200000000032446e+01,7.499163879312885639e-01
1.036213370946333967e+01,3.531200000000032446e+01,7.499163879312885639e-01
1.036213370946333967e+01,3.531200000000032446e+01,7.499163879312885639e-01
1.036213370946333967e+01,3.531200000000032446e+01,7.499163879312885639e-01
1.036213370946333967e+01,3.531200000000032446e+01,7.499163879312885639e-01
1.036213370946333967e+01,3.531200000000032446e+01,7.499163879312885639e-01
1.036213370946333967e+01,3.531200000000032446e+01,7.499163879312885639e-01
1.036213370946333967e+01,3.531200000000032446e+01,7.499163879312885639e-01
1.036213370946333967e+01,3.531200000000032446e+01,7.499163879312885639e-01
1.036213370946333967e+01,3.531200000000032446e+01,7.499163879312885639e-01
1.036213370946333967e+01,3.531200000000032446e+01,7.499163879312885639e-01
1.036213370946333967e+01,3.531200000000032446e+01,7.499163879312885639e-01
1.036213370946333967e+01,3.531200000000032446e+01,7.499163879312885639e-01
1.036213370946333967e+01,3.531200000000032446e+01,7.499163879312885639e-01
1.036213370946333967e+01,3.531200000000032446e+01,7.499163879312885639e-01
1.036213370946333967e+01,3.531200000000032446e+01,7.499163879312885639e-01
1.036213370946333967e+01,3.531200000000032446e+01,7.499163879312885639e-01
1.036213370946333967e+01,3.531200000000032446e+01,7.499163879312885639e-01
1.036213370946333967e+01,3.531200000000032446e+01,7.499163879312885639e-01
1.036213370946333967e+01,3.531200000000032446e+01,7.499163879312885639e-01
1.036213370946333967e+01,3.531200000000032446e+01,7.499163879312885639e-01
1.036213370946333967e+01,3.531200000000032446e+01,7.499163879312885639e-01
1.036213370946333967e+01,3.531200000000032446e+01,7.499163879312885639e-01
1.036213370946333967e+01,3.531200000000032446e+01,7.499163879312885639e-01
1.036213370946333967e+01,3.531200000000032446e+01,7.499163879312885639e-01
1.036213370946333967e+01,3.531200000000032446e+01,7.499163879312885639e-01
1.036213370946333967e+01,3.531200000000032446e+01,7.499163879312885639e-01
1.036213370946333967e+01,3.531200000000032446e+01,7.499163879312885639e-01
1.036213370946333967e+01,3.531200000000032446e+01,7.499163879312885639e-01
1.036213370946333967e+01,3.531200000000032446e+01,7.499163879312885639e-01
1.036213370946333967e+01,3.531200000000032446e+01,7.499163879312885639e-01
1.036213370946333967e+01,3.531200000000032446e+01,7.499163879312885639e-01
1.036213370946333967e+01,3.531200000000032446e+01,7.499163879312885639e-01
1.036213370946333967e+01,3.531200000000032446e+01,7.499163879312885639e-01
1.036213370946333967e+01,3.531200000000032446e+01,7.499163879312885639e-01
1.036213370946333967e+01,3.531200000000032446e+01,7.499163879312885639e-01
1.036213370946333967e+01,3.531200000000032446e+01,7.499163879312885639e-01
1.036213370946333967e+01,3.531200000000032446e+01,7.499163879312885639e-01
1.036213370946333967e+01,3.531200000000032446e+01,7.499163879312885639e-01
1.036213370946333967e+01,3.531200000000032446e+01,7.499163879312885639e-01
1.036213370946333967e+01,3.531200000000032446e+01,7.499163879312885639e-01
1.036213370946333967e+01,3.531200000000032446e+01,7.499163879312885639e-01
1.036213370946333967e+01,3.531200000000032446e+01,7.499163879312885639e-01
1.036213370946333967e+01,3.531200000000032446e+01,7.499163879312885639e-01
1.036213370946333967e+01,3.531200000000032446e+01,7.499163879312885639e-01
1.036213370946333967e+01,3.531200000000032446e+01,7.499163879312885639e-01
1.036213370946333967e+01,3.531200000000032446e+01,7.499163879312885639e-01
1.036213370946333967e+01,3.531200000000032446e+01,7.499163879312885639e-01
1.036213370946333967e+01,3.531200000000032446e+01,7.499163879312885639e-01
1.036213370946333967e+01,3.531200000000032446e+01,7.499163879312885639e-01
1.036213370946333967e+01,3.531200000000032446e+01,7.499163879312885639e-01
1.036213370946333967e+01,3.531200000000032446e+01,7.499163879312885639e-01
1.036213370946333967e+01,3.531200000000032446e+01,7.499163879312885639e-01
1.036213370946333967e+01,3.531200000000032446e+01,7.499163879312885639e-01
1.036213370946333967e+01,3.531200000000032446e+01,7.499163879312885639e-01
1.036213370946333967e+01,3.531200000000032446e+01,7.499163879312885639e-01
1.036213370946333967e+01,3.531200000000032446e+01,7.499163879312885639e-01
1.036213370946333967e+01,3.531200000000032446e+01,7.499163879312885639e-01
1.036213370946333967e+01,3.531200000000032446e+01,7.499163879312885639e-01
1.036213370946333967e+01,3.531200000000032446e+01,7.499163879312885639e-01
1.036213370946333967e+01,3.531200000000032446e+01,7.499163879312885639e-01
1.036213370946333967e+01,3.531200000000032446e+01,7.499163879312885639e-01
1.036213370946333967e+01,3.531200000000032446e+01,7.499163879312885639e-01
1.036213370946333967e+01,3.531200000000032446e+01,7.499163879312885639e-01
1.036213370946333967e+01,3.531200000000032446e+01,7.499163879312885639e-01
1.036213370946333967e+01,3.531200000000032446e+01,7.499163879312885639e-01
1.036213370946333967e+01,3.531200000000032446e+01,7.499163879312885639e-01
1.036213370946333967e+01,3.531200000000032446e+01,7.499163879312885639e-01
1.036213370946333967e+01,3.531200000000032446e+01,7.499163879312885639e-01
1.036213370946333967e+01,3.531200000000032446e+01,7.499163879312885639e-01
1.036213370946333967e+01,3.531200000000032446e+01,7.499163879312885639e-01
1.036213370946333967e+01,3.531200000000032446e+01,7.499163879312885639e-01
1.036213370946333967e+01,3.531200000000032446e+01,7.499163879312885639e-01
1.036213370946333967e+01,3.531200000000032446e+01,7.499163879312885639e-01
1.036213370946333967e+01,3.531200000000032446e+01,7.499163879312885639e-01
1.036213370946333967e+01,3.531200000000032446e+01,7.499163879312885639e-01
1.036213370946333967e+01,3.531200000000032446e+01,7.499163879312885639e-01
1.036213370946333967e+01,3.531200000000032446e+01,7.499163879312885639e-01
1.036213370946333967e+01,3.531200000000032446e+01,7.499163879312885639e-01
1.036213370946333967e+01,3.531200000000032446e+01,7.499163879312885639e-01
1.036213370946333967e+01,3.531200000000032446e+01,7.499163879312885639e-01
1.036213370946333967e+01,3.531200000000032446e+01,7.499163879312885639e-01
1.036213370946333967e+01,3.531200000000032446e+01,7.499163879312885639e-01
1.036213370946333967e+01,3.531200000000032446e+01,7.499163879312885639e-01
1.036213370946333967e+01,3.531200000000032446e+01,7.499163879312885639e-01
1.036213370946333967e+01,3.531200000000032446e+01,7.499163879312885639e-01
1.036213370946333967e+01,3.531200000000032446e+01,7.499163879312885639e-01
1.036213370946333967e+01,3.531200000000032446e+01,7.499163879312885639e-01
1.036213370946333967e+01,3.531200000000032446e+01,7.499163879312885639e-01
1.036213370946333967e+01,3.531200000000032446e+01,7.499163879312885639e-01
1.036213370946333967e+01,3.531200000000032446e+01,7.499163879312885639e-01
1.036213370946333967e+01,3.531200000000032446e+01,7.499163879312885639e-01
1.036213370946333967e+01,3.531200000000032446e+01,7.499163879312885639e-01
1.036213370946333967e+01,3.531200000000032446e+01,7.499163879312885639e-01
1.036213370946333967e+01,3.531200000000032446e+01,7.499163879312885639e-01
1.036213370946333967e+01,3.531200000000032446e+01,7.499163879312885639e-01
1.036213370946333967e+01,3.531200000000032446e+01,7.499163879312885639e-01
1.036213370946333967e+01,3.531200000000032446e+01,7.499163879312885639e-01
1.036213370946333967e+01,3.531200000000032446e+01,7.499163879312885639e-01
1.036213370946333967e+01,3.531200000000032446e+01,7.499163879312885639e-01
1.036213370946333967e+01,3.531200000000032446e+01,7.499163879312885639e-01
1.036213370946333967e+01,3.531200000000032446e+01,7.499163879312885639e-01
1.036213370946333967e+01,3.531200000000032446e+01,7.499163879312885639e-01
1.036213370946333967e+01,3.531200000000032446e+01,7.499163879312885639e-01
1.036213370946333967e+01,3.531200000000032446e+01,7.499163879312885639e-01
1.036213370946333967e+01,3.531200000000032446e+01,7.499163879312885639e-01
1.036213370946333967e+01,3.531200000000032446e+01,7.499163879312885639e-01
1.036213370946333967e+01,3.531200000000032446e+01,7.499163879312885639e-01
1.036213370946333967e+01,3.531200000000032446e+01,7.499163879312885639e-01
1.036213370946333967e+01,3.531200000000032446e+01,7.499163879312885639e-01
1.036213370946333967e+01,3.531200000000032446e+01,7.499163879312885639e-01
1.036213370946333967e+01,3.531200000000032446e+01,7.499163879312885639e-01
1.036213370946333967e+01,3.531200000000032446e+01,7.499163879312885639e-01
1.036213370946333967e+01,3.531200000000032446e+01,7.499163879312885639e-01
1.036213370946333967e+01,3.531200000000032446e+01,7.499163879312885639e-01
1.036213370946333967e+01,3.531200000000032446e+01,7.499163879312885639e-01
1.036213370946333967e+01,3.531200000000032446e+01,7.499163879312885639e-01
1.036213370946333967e+01,3.531200000000032446e+01,7.499163879312885639e-01
1.036213370946333967e+01,3.531200000000032446e+01,7.499163879312885639e-01
1.036213370946333967e+01,3.531200000000032446e+01,7.499163879312885639e-01
1.036213370946333967e+01,3.531200000000032446e+01,7.499163879312885639e-01
1.036213370946333967e+01,3.531200000000032446e+01,7.499163879312885639e-01
1.036213370946333967e+01,3.531200000000032446e+01,7.499163879312885639e-01
1.036213370946333967e+01,3.531200000000032446e+01,7.499163879312885639e-01
1.036213370946333967e+01,3.531200000000032446e+01,7.499163879312885639e-01
1.036213370946333967e+01,3.531200000000032446e+01,7.499163879312885639e-01
1.036213370946333967e+01,3.531200000000032446e+01,7.499163879312885639e-01
1.036213370946333967e+01,3.531200000000032446e+01,7.499163879312885639e-01
1.036213370946333967e+01,3.531200000000032446e+01,7.499163879312885639e-01
1.036213370946333967e+01,3.531200000000032446e+01,7.499163879312885639e-01
1.036213370946333967e+01,3.531200000000032446e+01,7.499163879312885639e-01
1.036213370946333967e+01,3.531200000000032446e+01,7.499163879312885639e-01
1.036213370946333967e+01,3.531200000000032446e+01,7.499163879312885639e-01
1.036213370946333967e+01,3.531200000000032446e+01,7.499163879312885639e-01
1.036213370946333967e+01,3.531200000000032446e+01,7.499163879312885639e-01
1.036213370946333967e+01,3.531200000000032446e+01,7.499163879312885639e-01
1.036213370946333967e+01,3.531200000000032446e+01,7.499163879312885639e-01
1.036213370946333967e+01,3.531200000000032446e+01,7.499163879312885639e-01
1.036213370946333967e+01,3.531200000000032446e+01,7.499163879312885639e-01
1.036213370946333967e+01,3.531200000000032446e+01,7.499163879312885639e-01
1.036213370946333967e+01,3.531200000000032446e+01,7.499163879312885639e-01
1.036213370946333967e+01,3.531200000000032446e+01,7.499163879312885639e-01
1.036213370946333967e+01,3.531200000000032446e+01,7.499163879312885639e-01
1.036213370946333967e+01,3.531200000000032446e+01,7.499163879312885639e-01
1.036213370946333967e+01,3.531200000000032446e+01,7.499163879312885639e-01
1.036213370946333967e+01,3.531200000000032446e+01,7.499163879312885639e-01
1.036213370946333967e+01,3.531200000000032446e+01,7.499163879312885639e-01
1.036213370946333967e+01,3.531200000000032446e+01,7.499163879312885639e-01
1.036213370946333967e+01,3.531200000000032446e+01,7.499163879312885639e-01
1.036213370946333967e+01,3.531200000000032446e+01,7.499163879312885639e-01
1.036213370946333967e+01,3.531200000000032446e+01,7.499163879312885639e-01
1.036213370946333967e+01,3.531200000000032446e+01,7.499163879312885639e-01
1.036213370946333967e+01,3.531200000000032446e+01,7.499163879312885639e-01
1.036213370946333967e+01,3.531200000000032446e+01,7.499163879312885639e-01
1.036213370946333967e+01,3.531200000000032446e+01,7.499163879312885639e-01
1.036213370946333967e+01,3.531200000000032446e+01,7.499163879312885639e-01
1.036213370946333967e+01,3.531200000000032446e+01,7.499163879312885639e-01
1.036213370946333967e+01,3.531200000000032446e+01,7.499163879312885639e-01
1.036213370946333967e+01,3.531200000000032446e+01,7.499163879312885639e-01
1.036213370946333967e+01,3.531200000000032446e+01,7.499163879312885639e-01
1.036213370946333967e+01,3.531200000000032446e+01,7.499163879312885639e-01
1.036213370946333967e+01,3.531200000000032446e+01,7.499163879312885639e-01
1.036213370946333967e+01,3.531200000000032446e+01,7.499163879312885639e-01
1.036213370946333967e+01,3.531200000000032446e+01,7.499163879312885639e-01
1.036213370946333967e+01,3.531200000000032446e+01,7.499163879312885639e-01
1.036213370946333967e+01,3.531200000000032446e+01,7.499163879312885639e-01
1.036213370946333967e+01,3.531200000000032446e+01,7.499163879312885639e-01
1.036213370946333967e+01,3.531200000000032446e+01,7.499163879312885639e-01
1.036213370946333967e+01,3.531200000000032446e+01,7.499163879312885639e-01
1.036213370946333967e+01,3.531200000000032446e+01,7.499163879312885639e-01
1.036213370946333967e+01,3.531200000000032446e+01,7.499163879312885639e-01
1.036213370946333967e+01,3.531200000000032446e+01,7.499163879312885639e-01
1.036213370946333967e+01,3.531200000000032446e+01,7.499163879312885639e-01
1.036213370946333967e+01,3.531200000000032446e+01,7.499163879312885639e-01
1.036213370946333967e+01,3.531200000000032446e+01,7.499163879312885639e-01
1.036213370946333967e+01,3.531200000000032446e+01,7.499163879312885639e-01
1.036213370946333967e+01,3.531200000000032446e+01,7.499163879312885639e-01
1.036213370946333967e+01,3.531200000000032446e+01,7.499163879312885639e-01
1.036213370946333967e+01,3.531200000000032446e+01,7.499163879312885639e-01
1.036213370946333967e+01,3.531200000000032446e+01,7.499163879312885639e-01
1.036213370946333967e+01,3.531200000000032446e+01,7.499163879312885639e-01
1.036213370946333967e+01,3.531200000000032446e+01,7.499163879312885639e-01
1.036213370946333967e+01,3.531200000000032446e+01,7.499163879312885639e-01
1.036213370946333967e+01,3.531200000000032446e+01,7.499163879312885639e-01
1.036213370946333967e+01,3.531200000000032446e+01,7.499163879312885639e-01
1.036213370946333967e+01,3.531200000000032446e+01,7.499163879312885639e-01
1.036213370946333967e+01,3.531200000000032446e+01,7.499163879312885639e-01
1.036213370946333967e+01,3.531200000000032446e+01,7.499163879312885639e-01
1.036213370946333967e+01,3.531200000000032446e+01,7.499163879312885639e-01
1.036213370946333967e+01,3.531200000000032446e+01,7.499163879312885639e-01
1.036213370946333967e+01,3.531200000000032446e+01,7.499163879312885639e-01
1.036213370946333967e+01,3.531200000000032446e+01,7.499163879312885639e-01
1.036213370946333967e+01,3.531200000000032446e+01,7.499163879312885639e-01
1.036213370946333967e+01,3.531200000000032446e+01,7.499163879312885639e-01
1.036213370946333967e+01,3.531200000000032446e+01,7.499163879312885639e-01
1.036213370946333967e+01,3.531200000000032446e+01,7.499163879312885639e-01
1.036213370946333967e+01,3.531200000000032446e+01,7.499163879312885639e-01
1.036213370946333967e+01,3.531200000000032446e+01,7.499163879312885639e-01
1.036213370946333967e+01,3.531200000000032446e+01,7.499163879312885639e-01
1.036213370946333967e+01,3.531200000000032446e+01,7.499163879312885639e-01
1.036213370946333967e+01,3.531200000000032446e+01,7.499163879312885639e-01
1.036213370946333967e+01,3.531200000000032446e+01,7.499163879312885639e-01
1.036213370946333967e+01,3.531200000000032446e+01,7.499163879312885639e-01
1.036213370946333967e+01,3.531200000000032446e+01,7.499163879312885639e-01
1.036213370946333967e+01,3.531200000000032446e+01,7.499163879312885639e-01
1.036213370946333967e+01,3.531200000000032446e+01,7.499163879312885639e-01
1.036213370946333967e+01,3.531200000000032446e+01,7.499163879312885639e-01
1.036213370946333967e+01,3.531200000000032446e+01,7.499163879312885639e-01
1.036213370946333967e+01,3.531200000000032446e+01,7.499163879312885639e-01
1.036213370946333967e+01,3.531200000000032446e+01,7.499163879312885639e-01
1.036213370946333967e+01,3.531200000000032446e+01,7.499163879312885639e-01
1.036213370946333967e+01,3.531200000000032446e+01,7.499163879312885639e-01
1.036213370946333967e+01,3.531200000000032446e+01,7.499163879312885639e-01
1.036213370946333967e+01,3.531200000000032446e+01,7.499163879312885639e-01
1.036213370946333967e+01,3.531200000000032446e+01,7.499163879312885639e-01
1.036213370946333967e+01,3.531200000000032446e+01,7.499163879312885639e-01
1.036213370946333967e+01,3.531200000000032446e+01,7.499163879312885639e-01
1.036213370946333967e+01,3.531200000000032446e+01,7.499163879312885639e-01
1.036213370946333967e+01,3.531200000000032446e+01,7.499163879312885639e-01
1.036213370946333967e+01,3.531200000000032446e+01,7.499163879312885639e-01
1.036213370946333967e+01,3.531200000000032446e+01,7.499163879312885639e-01
1.036213370946333967e+01,3.531200000000032446e+01,7.499163879312885639e-01
1.036213370946333967e+01,3.531200000000032446e+01,7.499163879312885639e-01
1.036213370946333967e+01,3.531200000000032446e+01,7.499163879312885639e-01
1.036213370946333967e+01,3.531200000000032446e+01,7.499163879312885639e-01
1.036213370946333967e+01,3.531200000000032446e+01,7.499163879312885639e-01
1.036213370946333967e+01,3.531200000000032446e+01,7.499163879312885639e-01
1.036213370946333967e+01,3.531200000000032446e+01,7.499163879312885639e-01
1.036213370946333967e+01,3.531200000000032446e+01,7.499163879312885639e-01
1.036213370946333967e+01,3.531200000000032446e+01,7.499163879312885639e-01
1.036213370946333967e+01,3.531200000000032446e+01,7.499163879312885639e-01
1.036213370946333967e+01,3.531200000000032446e+01,7.499163879312885639e-01
1.036213370946333967e+01,3.531200000000032446e+01,7.499163879312885639e-01
1.036213370946333967e+01,3.531200000000032446e+01,7.499163879312885639e-01
1.036213370946333967e+01,3.531200000000032446e+01,7.499163879312885639e-01
1.036213370946333967e+01,3.531200000000032446e+01,7.499163879312885639e-01
1.036213370946333967e+01,3.531200000000032446e+01,7.499163879312885639e-01
1.036213370946333967e+01,3.531200000000032446e+01,7.499163879312885639e-01
1.036213370946333967e+01,3.531200000000032446e+01,7.499163879312885639e-01
1.036213370946333967e+01,3.531200000000032446e+01,7.499163879312885639e-01
1.036213370946333967e+01,3.531200000000032446e+01,7.499163879312885639e-01
1.036213370946333967e+01,3.531200000000032446e+01,7.499163879312885639e-01
1.036213370946333967e+01,3.531200000000032446e+01,7.499163879312885639e-01
1.036213370946333967e+01,3.531200000000032446e+01,7.499163879312885639e-01
1.036213370946333967e+01,3.531200000000032446e+01,7.499163879312885639e-01
1.036213370946333967e+01,3.531200000000032446e+01,7.499163879312885639e-01
1.036213370946333967e+01,3.531200000000032446e+01,7.499163879312885639e-01
1.036213370946333967e+01,3.531200000000032446e+01,7.499163879312885639e-01
1.036213370946333967e+01,3.531200000000032446e+01,7.499163879312885639e-01
1.036213370946333967e+01,3.531200000000032446e+01,7.499163879312885639e-01
1.036213370946333967e+01,3.531200000000032446e+01,7.499163879312885639e-01
1.036213370946333967e+01,3.531200000000032446e+01,7.499163879312885639e-01
1.036213370946333967e+01,3.531200000000032446e+01,7.499163879312885639e-01
1.036213370946333967e+01,3.531200000000032446e+01,7.499163879312885639e-01
1.036213370946333967e+01,3.531200000000032446e+01,7.499163879312885639e-01
1.036213370946333967e+01,3.531200000000032446e+01,7.499163879312885639e-01
1.036213370946333967e+01,3.531200000000032446e+01,7.499163879312885639e-01
1.036213370946333967e+01,3.531200000000032446e+01,7.499163879312885639e-01
1.036213370946333967e+01,3.531200000000032446e+01,7.499163879312885639e-01
1.036213370946333967e+01,3.531200000000032446e+01,7.499163879312885639e-01
1.036213370946333967e+01,3.531200000000032446e+01,7.499163879312885639e-01
1.036213370946333967e+01,3.531200000000032446e+01,7.499163879312885639e-01
1.036213370946333967e+01,3.531200000000032446e+01,7.149163879312885328e-01
1.036213370946333967e+01,3.531200000000032446e+01,6.809163879312885026e-01
1.036213370946333967e+01,3.531200000000032446e+01,6.279163879312884555e-01
1.036213370946333967e+01,3.531200000000032446e+01,5.929163879312884244e-01
1.036213370946333967e+01,3.531200000000032446e+01,5.409163879312883783e-01
1.036213370946333967e+01,3.531200000000032446e+01,5.059163879312883472e-01
1.036213370946333967e+01,3.531200000000032446e+01,4.539163879312883565e-01
1.036213370946333967e+01,3.531200000000032446e+01,4.009163879312883649e-01
1.036213370946333967e+01,3.531200000000032446e+01,3.319163879312883592e-01
1.036213370946333967e+01,3.531200000000032446e+01,3.139163879312883432e-01
1.036213370946333967e+01,3.531200000000032446e+01,2.619163879312883525e-01
1.036213370946333967e+01,3.531200000000032446e+01,2.269163879312883492e-01
1.036213370946333967e+01,3.531200000000032446e+01,1.919163879312883458e-01
1.036213370946333967e+01,3.531200000000032446e+01,1.569163879312883425e-01
1.036213370946333967e+01,3.531200000000032446e+01,1.399163879312883552e-01
1.036213370946333967e+01,3.531200000000032446e+01,1.049163879312883796e-01
1.036213370946333967e+01,3.531200000000032446e+01,5.191638793128838109e-02
1.036213370946333967e+01,3.531200000000032446e+01,1.691638793128837082e-02
1.036213370946333967e+01,3.531200000000032446e+01,-8.361206871163040510e-05
1.036213370946333967e+01,3.531200000000032446e+01,-7.026891924829772873e-02
1.036213370946333967e+01,3.531200000000032446e+01,-8.726891924829772995e-02
1.036313370946333912e+01,3.531200000000032446e+01,-1.052689192482977598e-01
1.038613370946333880e+01,3.531000000000032202e+01,-1.572689192482976950e-01
1.040413370946333949e+01,3.530800000000031957e+01,-1.922689192482976983e-01
1.044213370946333974e+01,3.530100000000032168e+01,-2.622689192482977050e-01
1.048113370946333944e+01,3.529000000000031889e+01,-3.322689192482977116e-01
1.050013370946333957e+01,3.528300000000032099e+01,-3.662689192482977418e-01
1.053813370946333983e+01,3.526900000000031810e+01,-4.362689192482976930e-01
1.059313370946333954e+01,3.524300000000031474e+01,-5.242689192482976601e-01
1.061113370946334022e+01,3.523300000000031673e+01,-5.582689192482976903e-01
1.062813370946333968e+01,3.522300000000031872e+01,-5.762689192482977063e-01
1.066313370946333983e+01,3.520100000000032026e+01,-6.112689192482977374e-01
1.067913370946333984e+01,3.519000000000031747e+01,-6.282689192482977525e-01
1.071213370946333931e+01,3.516600000000031656e+01,-6.632689192482977836e-01
1.074413370946333934e+01,3.514100000000031798e+01,-6.982689192482978147e-01
1.076013370946333936e+01,3.512800000000031986e+01,-7.152689192482978298e-01
1.079113370946333994e+01,3.510200000000031650e+01,-7.332689192482978457e-01
1.083613370946333987e+01,3.506300000000031503e+01,-7.682689192482978768e-01
1.085113370946334044e+01,3.504900000000031213e+01,-7.852689192482978919e-01
1.086613370946334101e+01,3.503500000000030923e+01,-8.032689192482979079e-01
1.089413370946334148e+01,3.500700000000031054e+01,-8.202689192482979230e-01
1.090813370946334082e+01,3.499200000000030997e+01,-8.382689192482979390e-01
1.093413370946334062e+01,3.496300000000030650e+01,-8.902689192482979852e-01
1.096013370946334042e+01,3.493200000000030769e+01,-9.252689192482980163e-01
1.097213370946334088e+01,3.491700000000030712e+01,-9.422689192482980314e-01
1.099713370946334123e+01,3.488500000000031065e+01,-9.772689192482980625e-01
1.100913370946334169e+01,3.486800000000030764e+01,-9.952689192482980785e-01
1.103213370946334138e+01,3.483400000000030872e+01,-1.030268919248298110e+00
1.106313370946334196e+01,3.478100000000031145e+01,-1.099268919248298060e+00
1.107313370946334175e+01,3.476300000000031076e+01,-1.117268919248298076e+00
1.109113370946334243e+01,3.472700000000030940e+01,-1.134268919248297980e+00
1.110013370946334277e+01,3.470900000000030872e+01,-1.152268919248297996e+00
1.111813370946334345e+01,3.467300000000030735e+01,-1.169268919248297900e+00
1.112613370946334257e+01,3.465400000000030900e+01,-1.169268919248297900e+00
1.114313370946334203e+01,3.461700000000030997e+01,-1.187268919248297916e+00
1.115113370946334115e+01,3.459900000000030929e+01,-1.187268919248297916e+00
1.117613370946334150e+01,3.453900000000030701e+01,-1.187268919248297916e+00
1.119213370946334152e+01,3.450000000000030553e+01,-1.187268919248297916e+00
1.120113370946334186e+01,3.448100000000030718e+01,-1.187268919248297916e+00
1.120913370946334098e+01,3.446100000000030406e+01,-1.204268919248297820e+00
1.122613370946334044e+01,3.442100000000030491e+01,-1.204268919248297820e+00
1.125013370946333957e+01,3.436200000000030741e+01,-1.204268919248297820e+00
1.126613370946333958e+01,3.432400000000031071e+01,-1.187268919248297916e+00
1.127513370946333993e+01,3.430500000000031235e+01,-1.187268919248297916e+00
1.129213370946333939e+01,3.426700000000031565e+01,-1.169268919248297900e+00
1.131813370946333919e+01,3.421200000000031594e+01,-1.152268919248297996e+00
1.132713370946333953e+01,3.419400000000031525e+01,-1.134268919248297980e+00
1.134513370946334021e+01,3.415800000000031389e+01,-1.099268919248298060e+00
1.135513370946334000e+01,3.414000000000031321e+01,-1.082268919248298156e+00
1.137613370946334079e+01,3.410500000000031662e+01,-1.047268919248298236e+00
1.138713370946334003e+01,3.408800000000031361e+01,-1.030268919248298332e+00
1.141013370946333971e+01,3.405400000000031469e+01,-9.952689192482983005e-01
1.142213370946334017e+01,3.403700000000031167e+01,-9.952689192482983005e-01
1.145813370946333976e+01,3.398900000000030985e+01,-9.602689192482982694e-01
1.147013370946334021e+01,3.397300000000031162e+01,-9.422689192482982534e-01
1.149613370946334001e+01,3.394100000000031514e+01,-9.252689192482982383e-01
1.150913370946333991e+01,3.392600000000031457e+01,-9.072689192482982223e-01
1.153513370946333971e+01,3.389600000000031343e+01,-8.902689192482982072e-01
1.156113370946333951e+01,3.386600000000031230e+01,-8.732689192482981921e-01
1.157513370946333886e+01,3.385100000000031173e+01,-8.552689192482981762e-01
1.160313370946333933e+01,3.382200000000030826e+01,-8.382689192482981611e-01
1.161713370946333868e+01,3.380700000000030769e+01,-8.382689192482981611e-01
1.164513370946333914e+01,3.377900000000030900e+01,-8.202689192482981451e-01
1.167313370946333961e+01,3.375100000000031031e+01,-8.202689192482981451e-01
1.170113370946334008e+01,3.372300000000031162e+01,-8.032689192482981300e-01
1.171513370946333943e+01,3.370900000000030872e+01,-8.032689192482981300e-01
1.174313370946333990e+01,3.368100000000031002e+01,-8.032689192482981300e-01
1.175713370946333924e+01,3.366700000000030712e+01,-8.032689192482981300e-01
1.178613370946333916e+01,3.363900000000030843e+01,-7.852689192482981140e-01
1.183113370946333909e+01,3.359700000000030684e+01,-7.852689192482981140e-01
1.186213370946333967e+01,3.356900000000030815e+01,-7.682689192482980989e-01
1.187713370946334024e+01,3.355500000000030525e+01,-7.682689192482980989e-01
1.190713370946333960e+01,3.352700000000030656e+01,-7.682689192482980989e-01
1.193813370946334018e+01,3.349900000000030786e+01,-7.682689192482980989e-01
1.197013370946334021e+01,3.347100000000030917e+01,-7.682689192482980989e-01
1.200213370946334024e+01,3.344300000000031048e+01,-7.682689192482980989e-01
1.201813370946334025e+01,3.342900000000030758e+01,-7.682689192482980989e-01
1.204813370946333961e+01,3.340300000000030423e+01,-7.682689192482980989e-01
1.206313370946334018e+01,3.339000000000030610e+01,-7.682689192482980989e-01
1.209213370946334010e+01,3.336400000000030275e+01,-7.682689192482980989e-01
1.212213370946333946e+01,3.333700000000030172e+01,-7.682689192482980989e-01
1.213713370946334003e+01,3.332400000000030360e+01,-7.682689192482980989e-01
1.216613370946333994e+01,3.329700000000030258e+01,-7.852689192482981140e-01
1.221013370946334042e+01,3.325700000000030343e+01,-7.852689192482981140e-01
1.222513370946334099e+01,3.324300000000030053e+01,-7.852689192482981140e-01
1.224013370946334156e+01,3.322900000000029763e+01,-7.852689192482981140e-01
1.225513370946334213e+01,3.321500000000029473e+01,-8.032689192482981300e-01
1.228313370946334260e+01,3.318700000000029604e+01,-8.032689192482981300e-01
1.231213370946334251e+01,3.315900000000029735e+01,-8.032689192482981300e-01
1.234113370946334243e+01,3.313100000000029866e+01,-8.032689192482981300e-01
1.235513370946334177e+01,3.311700000000029576e+01,-8.202689192482981451e-01
1.238413370946334169e+01,3.308800000000029229e+01,-8.202689192482981451e-01
1.241413370946334105e+01,3.305800000000029115e+01,-8.202689192482981451e-01
1.244413370946334041e+01,3.302800000000029002e+01,-8.202689192482981451e-01
1.245913370946334098e+01,3.301300000000028945e+01,-8.202689192482981451e-01
1.248913370946334034e+01,3.298300000000028831e+01,-8.202689192482981451e-01
1.250413370946334091e+01,3.296800000000028774e+01,-8.202689192482981451e-01
1.253413370946334027e+01,3.293800000000028660e+01,-8.382689192482981611e-01
1.256413370946333963e+01,3.290800000000028547e+01,-8.382689192482981611e-01
1.260813370946334011e+01,3.286300000000028376e+01,-8.382689192482981611e-01
1.265313370946334004e+01,3.281800000000028206e+01,-8.382689192482981611e-01
1.266813370946334061e+01,3.280300000000028149e+01,-8.382689192482981611e-01
1.269813370946333997e+01,3.277300000000028035e+01,-8.382689192482981611e-01
1.271313370946334054e+01,3.275800000000027978e+01,-8.382689192482981611e-01
1.274313370946333990e+01,3.272800000000027865e+01,-8.382689192482981611e-01
1.275713370946333924e+01,3.271300000000027808e+01,-8.382689192482981611e-01
1.280113370946333973e+01,3.266800000000027637e+01,-8.382689192482981611e-01
1.281613370946334030e+01,3.265300000000027580e+01,-8.382689192482981611e-01
1.283113370946334086e+01,3.263800000000027524e+01,-8.382689192482981611e-01
1.286113370946334022e+01,3.260800000000027410e+01,-8.382689192482981611e-01
1.287613370946334079e+01,3.259300000000027353e+01,-8.382689192482981611e-01
1.292113370946334072e+01,3.254800000000027183e+01,-8.382689192482981611e-01
1.293513370946334007e+01,3.253300000000027126e+01,-8.382689192482981611e-01
1.296413370946333998e+01,3.250300000000027012e+01,-8.382689192482981611e-01
1.297913370946334055e+01,3.248800000000026955e+01,-8.382689192482981611e-01
1.300813370946334047e+01,3.245800000000026841e+01,-8.382689192482981611e-01
1.303813370946333983e+01,3.242800000000026728e+01,-8.382689192482981611e-01
1.305313370946334040e+01,3.241300000000026671e+01,-8.382689192482981611e-01
1.308213370946334031e+01,3.238400000000026324e+01,-8.382689192482981611e-01
1.309813370946334032e+01,3.236700000000026023e+01,-8.202689192482981451e-01
1.311813370946333990e+01,3.234700000000025710e+01,-8.032689192482981300e-01
1.313313370946334047e+01,3.233300000000025420e+01,-8.032689192482981300e-01
1.316313370946333983e+01,3.230400000000025074e+01,-8.032689192482981300e-01
1.317813370946334040e+01,3.228900000000025017e+01,-8.032689192482981300e-01
1.320713370946334031e+01,3.226100000000025148e+01,-8.032689192482981300e-01
1.323713370946333967e+01,3.223300000000025278e+01,-8.032689192482981300e-01
1.325113370946333902e+01,3.221900000000024988e+01,-8.032689192482981300e-01
1.327913370946333949e+01,3.219100000000025119e+01,-8.032689192482981300e-01
1.330713370946333995e+01,3.216300000000025250e+01,-8.032689192482981300e-01
1.333613370946333987e+01,3.213500000000025381e+01,-8.202689192482981451e-01
1.335013370946333922e+01,3.212100000000025091e+01,-8.202689192482981451e-01
1.337813370946333968e+01,3.209300000000025221e+01,-8.202689192482981451e-01
1.340613370946334015e+01,3.206500000000025352e+01,-8.202689192482981451e-01
1.342013370946333950e+01,3.205100000000025062e+01,-8.382689192482981611e-01
1.344813370946333997e+01,3.202300000000025193e+01,-8.382689192482981611e-01
1.346213370946333931e+01,3.200800000000025136e+01,-8.382689192482981611e-01
1.349113370946333923e+01,3.197800000000025022e+01,-8.382689192482981611e-01
1.350513370946333858e+01,3.196300000000024966e+01,-8.382689192482981611e-01
1.357813370946333897e+01,3.188700000000024914e+01,-8.382689192482981611e-01
1.359313370946333954e+01,3.187200000000024858e+01,-8.382689192482981611e-01
1.360713370946333889e+01,3.185700000000024801e+01,-8.382689192482981611e-01
1.363613370946333880e+01,3.182700000000024687e+01,-8.382689192482981611e-01
1.366513370946333872e+01,3.179700000000024573e+01,-8.382689192482981611e-01
1.368013370946333929e+01,3.178100000000024750e+01,-8.382689192482981611e-01
1.370813370946333976e+01,3.175100000000024636e+01,-8.382689192482981611e-01
1.372113370946333966e+01,3.173700000000024701e+01,-8.382689192482981611e-01
1.374913370946334013e+01,3.170800000000024710e+01,-8.382689192482981611e-01
1.377713370946334059e+01,3.168000000000024841e+01,-8.382689192482981611e-01
1.380513370946334106e+01,3.165100000000024849e+01,-8.382689192482981611e-01
1.383313370946334153e+01,3.162200000000024858e+01,-8.382689192482981611e-01
1.384713370946334088e+01,3.160800000000024923e+01,-8.202689192482981451e-01
1.387513370946334135e+01,3.158000000000025054e+01,-8.202689192482981451e-01
1.388913370946334069e+01,3.156600000000025119e+01,-8.202689192482981451e-01
1.391713370946334116e+01,3.153800000000025250e+01,-8.202689192482981451e-01
1.393213370946334173e+01,3.152400000000025315e+01,-8.202689192482981451e-01
1.397713370946334166e+01,3.148000000000025267e+01,-8.032689192482981300e-01
1.399213370946334223e+01,3.146500000000025210e+01,-8.032689192482981300e-01
1.399213370946334223e+01,3.146500000000025210e+01,-8.032689192482981300e-01
1.403713370946334216e+01,3.142100000000025162e+01,-8.032689192482981300e-01
1.406713370946334152e+01,3.139200000000025170e+01,-8.032689192482981300e-01
1.409713370946334088e+01,3.136300000000025179e+01,-8.032689192482981300e-01
1.412613370946334079e+01,3.133500000000025310e+01,-8.032689192482981300e-01
1.413913370946334069e+01,3.132200000000025142e+01,-8.032689192482981300e-01
1.415313370946334004e+01,3.130800000000025207e+01,-8.032689192482981300e-01
1.418113370946334051e+01,3.128000000000025338e+01,-8.202689192482981451e-01
1.421013370946334042e+01,3.125200000000025469e+01,-8.202689192482981451e-01
1.423813370946334089e+01,3.122400000000025599e+01,-8.202689192482981451e-01
1.426613370946334136e+01,3.119600000000025730e+01,-8.202689192482981451e-01
1.428013370946334071e+01,3.118200000000025796e+01,-8.202689192482981451e-01
1.430813370946334118e+01,3.115400000000025926e+01,-8.382689192482981611e-01
1.433713370946334109e+01,3.112500000000025935e+01,-8.382689192482981611e-01
1.435113370946334044e+01,3.111000000000025878e+01,-8.382689192482981611e-01
1.438013370946334035e+01,3.108000000000025764e+01,-8.382689192482981611e-01
1.439413370946333970e+01,3.106500000000025707e+01,-8.382689192482981611e-01
1.442213370946334017e+01,3.103600000000025716e+01,-8.382689192482981611e-01
1.445013370946334064e+01,3.100800000000025847e+01,-8.382689192482981611e-01
1.445013370946334064e+01,3.100800000000025847e+01,-8.382689192482981611e-01
1.449113370946334101e+01,3.096600000000025688e+01,-8.382689192482981611e-01
1.450613370946334157e+01,3.095000000000025864e+01,-8.202689192482981451e-01
1.455613370946334229e+01,3.090200000000026037e+01,-7.852689192482981140e-01
1.457113370946334285e+01,3.088800000000026102e+01,-7.852689192482981140e-01
1.460113370946334221e+01,3.086000000000026233e+01,-7.852689192482981140e-01
1.461513370946334156e+01,3.084700000000026066e+01,-7.852689192482981140e-01
1.464313370946334203e+01,3.082100000000026085e+01,-7.852689192482981140e-01
1.467313370946334139e+01,3.079300000000026216e+01,-7.852689192482981140e-01
1.468813370946334196e+01,3.078000000000026048e+01,-7.852689192482981140e-01
1.473213370946334244e+01,3.073800000000025889e+01,-7.852689192482981140e-01
1.474613370946334179e+01,3.072500000000025722e+01,-8.032689192482981300e-01
1.476113370946334236e+01,3.071100000000025787e+01,-8.032689192482981300e-01
1.479013370946334227e+01,3.068300000000025918e+01,-8.032689192482981300e-01
1.480413370946334162e+01,3.066900000000025983e+01,-8.032689192482981300e-01
1.483213370946334209e+01,3.064200000000025881e+01,-8.032689192482981300e-01
1.487413370946334190e+01,3.060000000000025722e+01,-8.202689192482981451e-01
1.488813370946334125e+01,3.058600000000025787e+01,-8.202689192482981451e-01
1.491713370946334116e+01,3.055800000000025918e+01,-8.202689192482981451e-01
1.493113370946334051e+01,3.054400000000025983e+01,-8.202689192482981451e-01
1.495913370946334098e+01,3.051600000000026114e+01,-8.382689192482981611e-01
1.498613370946334022e+01,3.048800000000026245e+01,-8.382689192482981611e-01
1.500013370946333957e+01,3.047300000000026188e+01,-8.382689192482981611e-01
1.502813370946334004e+01,3.044300000000026074e+01,-8.382689192482981611e-01
1.504213370946333939e+01,3.042800000000026017e+01,-8.552689192482981762e-01
1.507013370946333986e+01,3.039800000000025904e+01,-8.382689192482981611e-01
1.509813370946334032e+01,3.037000000000026034e+01,-8.382689192482981611e-01
1.512513370946333957e+01,3.034100000000026043e+01,-8.382689192482981611e-01
1.513913370946333892e+01,3.032600000000025986e+01,-8.382689192482981611e-01
1.519513370946333808e+01,3.026800000000026003e+01,-8.382689192482981611e-01
1.520913370946333742e+01,3.025300000000025946e+01,-8.382689192482981611e-01
1.523713370946333789e+01,3.022500000000026077e+01,-8.202689192482981451e-01
1.525113370946333724e+01,3.021100000000026142e+01,-8.202689192482981451e-01
1.527913370946333771e+01,3.018300000000026273e+01,-8.202689192482981451e-01
1.530713370946333818e+01,3.015500000000026404e+01,-8.202689192482981451e-01
1.532213370946333875e+01,3.014100000000026469e+01,-8.202689192482981451e-01
1.535213370946333811e+01,3.011200000000026478e+01,-8.032689192482981300e-01
1.538213370946333747e+01,3.008200000000026364e+01,-8.032689192482981300e-01
1.541213370946333683e+01,3.005300000000026373e+01,-8.032689192482981300e-01
1.542713370946333740e+01,3.003900000000026438e+01,-8.032689192482981300e-01
1.545713370946333676e+01,3.001000000000026446e+01,-8.032689192482981300e-01
1.548713370946333612e+01,2.998100000000026455e+01,-8.032689192482981300e-01
1.550213370946333669e+01,2.996600000000026398e+01,-8.032689192482981300e-01
1.553213370946333605e+01,2.993700000000026407e+01,-8.032689192482981300e-01
1.554713370946333661e+01,2.992300000000026472e+01,-8.032689192482981300e-01
1.557513370946333708e+01,2.989600000000026370e+01,-8.032689192482981300e-01
1.560313370946333755e+01,2.986800000000026500e+01,-8.032689192482981300e-01
1.563213370946333747e+01,2.984000000000026631e+01,-8.202689192482981451e-01
1.564613370946333681e+01,2.982600000000026697e+01,-8.202689192482981451e-01
1.567413370946333728e+01,2.979800000000026827e+01,-8.202689192482981451e-01
1.568813370946333663e+01,2.978400000000026893e+01,-8.202689192482981451e-01
1.571613370946333710e+01,2.975600000000027023e+01,-8.202689192482981451e-01
1.574513370946333701e+01,2.972700000000027032e+01,-8.202689192482981451e-01
1.576013370946333758e+01,2.971200000000026975e+01,-8.202689192482981451e-01
1.579013370946333694e+01,2.968200000000026861e+01,-8.382689192482981611e-01
1.582013370946333630e+01,2.965200000000026748e+01,-8.382689192482981611e-01
1.584913370946333622e+01,2.962200000000026634e+01,-8.382689192482981611e-01
1.586313370946333556e+01,2.960700000000026577e+01,-8.382689192482981611e-01
1.589113370946333603e+01,2.957900000000026708e+01,-8.202689192482981451e-01
1.593313370946333585e+01,2.953700000000026549e+01,-8.202689192482981451e-01
1.596113370946333632e+01,2.950900000000026679e+01,-8.202689192482981451e-01
1.597513370946333566e+01,2.949500000000026745e+01,-8.202689192482981451e-01
1.600413370946333558e+01,2.946600000000026753e+01,-8.202689192482981451e-01
1.603213370946333427e+01,2.943800000000026884e+01,-8.032689192482981300e-01
1.605513370946333396e+01,2.941600000000027038e+01,-8.032689192482981300e-01
1.606013370946333296e+01,2.941100000000027137e+01,-7.852689192482981140e-01
1.608113370946333376e+01,2.939200000000027302e+01,-7.502689192482980829e-01
1.609713370946333200e+01,2.937900000000027134e+01,-7.502689192482980829e-01
1.612713370946333313e+01,2.935200000000027032e+01,-7.502689192482980829e-01
1.615613370946333305e+01,2.932600000000027052e+01,-7.502689192482980829e-01
1.617113370946333362e+01,2.931300000000026884e+01,-7.502689192482980829e-01
1.620113370946333475e+01,2.928700000000026904e+01,-7.682689192482980989e-01
1.623113370946333589e+01,2.926100000000026924e+01,-7.682689192482980989e-01
1.626113370946333703e+01,2.923500000000026944e+01,-7.682689192482980989e-01
1.627613370946333760e+01,2.922100000000027009e+01,-7.682689192482980989e-01
1.630613370946333873e+01,2.919400000000026907e+01,-7.852689192482981140e-01
1.633613370946333987e+01,2.916600000000027038e+01,-8.032689192482981300e-01
1.636413370946333856e+01,2.913800000000027168e+01,-8.032689192482981300e-01
1.637813370946333791e+01,2.912400000000027234e+01,-8.032689192482981300e-01
1.639213370946333725e+01,2.911000000000027299e+01,-8.202689192482981451e-01
1.640613370946333660e+01,2.909600000000027364e+01,-8.202689192482981451e-01
1.643413370946333529e+01,2.906800000000027495e+01,-8.202689192482981451e-01
1.646213370946333399e+01,2.904000000000027626e+01,-8.382689192482981611e-01
1.650413370946333558e+01,2.899700000000027700e+01,-8.382689192482981611e-01
1.651813370946333492e+01,2.898200000000027643e+01,-8.382689192482981611e-01
1.654613370946333362e+01,2.895200000000027529e+01,-8.382689192482981611e-01
1.656013370946333296e+01,2.893800000000027595e+01,-8.382689192482981611e-01
1.658813370946333166e+01,2.890900000000027603e+01,-8.382689192482981611e-01
1.660213370946333100e+01,2.889500000000027669e+01,-8.382689192482981611e-01
1.662913370946333202e+01,2.886700000000027799e+01,-8.382689192482981611e-01
1.665713370946333072e+01,2.883900000000027930e+01,-8.202689192482981451e-01
1.667113370946333006e+01,2.882500000000027995e+01,-8.202689192482981451e-01
1.667113370946333006e+01,2.882500000000027995e+01,-8.202689192482981451e-01
1.671313370946333166e+01,2.878300000000027836e+01,-8.202689192482981451e-01
1.674213370946333157e+01,2.875400000000027845e+01,-8.202689192482981451e-01
1.677113370946333148e+01,2.872600000000027975e+01,-8.032689192482981300e-01
1.680013370946333140e+01,2.869800000000028106e+01,-8.032689192482981300e-01
1.681413370946333075e+01,2.868400000000028172e+01,-8.032689192482981300e-01
1.682813370946333009e+01,2.867100000000028004e+01,-8.032689192482981300e-01
1.685813370946333123e+01,2.864300000000028135e+01,-7.852689192482981140e-01
1.688813370946333237e+01,2.861500000000028265e+01,-7.852689192482981140e-01
1.691913370946333117e+01,2.858700000000028396e+01,-7.852689192482981140e-01
1.694913370946333231e+01,2.855900000000028527e+01,-7.852689192482981140e-01
1.699413370946333401e+01,2.851700000000028368e+01,-7.852689192482981140e-01
1.702413370946333515e+01,2.848900000000028498e+01,-7.852689192482981140e-01
1.703813370946333450e+01,2.847600000000028331e+01,-7.852689192482981140e-01
1.706813370946333563e+01,2.844900000000028228e+01,-7.852689192482981140e-01
1.709813370946333677e+01,2.842100000000028359e+01,-7.852689192482981140e-01
1.711313370946333734e+01,2.840700000000028425e+01,-7.852689192482981140e-01
1.714113370946333603e+01,2.838000000000028322e+01,-8.032689192482981300e-01
1.717013370946333595e+01,2.835200000000028453e+01,-8.032689192482981300e-01
1.721213370946333754e+01,2.831000000000028294e+01,-8.032689192482981300e-01
1.724113370946333745e+01,2.828100000000028302e+01,-8.202689192482981451e-01
1.725613370946333802e+01,2.826600000000028245e+01,-8.202689192482981451e-01
1.728613370946333916e+01,2.823600000000028132e+01,-8.202689192482981451e-01
1.730113370946333973e+01,2.822100000000028075e+01,-8.202689192482981451e-01
1.733113370946334086e+01,2.819100000000027961e+01,-8.202689192482981451e-01
1.735913370946333956e+01,2.816300000000028092e+01,-8.202689192482981451e-01
1.740113370946334115e+01,2.812100000000027933e+01,-8.032689192482981300e-01
1.741613370946334172e+01,2.810600000000027876e+01,-8.032689192482981300e-01
1.744513370946334163e+01,2.807800000000028007e+01,-8.032689192482981300e-01
1.746013370946334220e+01,2.806400000000028072e+01,-8.032689192482981300e-01
1.748913370946334211e+01,2.803600000000028203e+01,-8.032689192482981300e-01
1.750313370946334146e+01,2.802200000000028268e+01,-8.032689192482981300e-01
1.753113370946334015e+01,2.799400000000028399e+01,-7.852689192482981140e-01
1.754613370946334072e+01,2.798100000000028231e+01,-7.852689192482981140e-01
1.757013370946334163e+01,2.795900000000028385e+01,-7.852689192482981140e-01
1.758413370946334098e+01,2.794700000000028339e+01,-7.502689192482980829e-01
1.761313370946334089e+01,2.792200000000028481e+01,-7.332689192482980678e-01
1.762913370946333913e+01,2.790900000000028314e+01,-7.332689192482980678e-01
1.766113370946333916e+01,2.788300000000028334e+01,-7.332689192482980678e-01
1.767613370946333973e+01,2.787000000000028166e+01,-7.332689192482980678e-01
1.770613370946334086e+01,2.784400000000028186e+01,-7.332689192482980678e-01
1.772113370946334143e+01,2.783100000000028018e+01,-7.332689192482980678e-01
1.775113370946334257e+01,2.780500000000028038e+01,-7.332689192482980678e-01
1.778113370946334371e+01,2.777900000000028058e+01,-7.502689192482980829e-01
1.781213370946334251e+01,2.775300000000028078e+01,-7.502689192482980829e-01
1.782713370946334308e+01,2.774000000000027910e+01,-7.502689192482980829e-01
1.787213370946334479e+01,2.770100000000027762e+01,-7.502689192482980829e-01
1.788713370946334535e+01,2.768800000000027595e+01,-7.502689192482980829e-01
1.791713370946334649e+01,2.766200000000027615e+01,-7.682689192482980989e-01
1.793213370946334706e+01,2.764800000000027680e+01,-7.682689192482980989e-01
1.796213370946334820e+01,2.762200000000027700e+01,-7.682689192482980989e-01
1.797713370946334877e+01,2.760900000000027532e+01,-7.682689192482980989e-01
1.800613370946334868e+01,2.758300000000027552e+01,-7.852689192482981140e-01
1.803513370946334859e+01,2.755600000000027450e+01,-7.852689192482981140e-01
1.806513370946334973e+01,2.752900000000027347e+01,-7.852689192482981140e-01
1.809413370946334965e+01,2.750100000000027478e+01,-8.032689192482981300e-01
1.812313370946334956e+01,2.747300000000027609e+01,-8.032689192482981300e-01
1.813713370946334891e+01,2.745900000000027674e+01,-8.032689192482981300e-01
1.815113370946334825e+01,2.744500000000027740e+01,-8.202689192482981451e-01
1.817913370946334695e+01,2.741700000000027870e+01,-8.202689192482981451e-01
1.819313370946334629e+01,2.740200000000027813e+01,-8.202689192482981451e-01
1.822313370946334743e+01,2.737200000000027700e+01,-8.202689192482981451e-01
1.825313370946334857e+01,2.734200000000027586e+01,-8.202689192482981451e-01
1.828313370946334970e+01,2.731200000000027472e+01,-8.202689192482981451e-01
1.833913370946335064e+01,2.725600000000027379e+01,-8.202689192482981451e-01
1.835313370946334999e+01,2.724200000000027444e+01,-8.202689192482981451e-01
1.838113370946334868e+01,2.721400000000027575e+01,-8.202689192482981451e-01
1.840913370946334737e+01,2.718600000000027705e+01,-8.032689192482981300e-01
1.842313370946334672e+01,2.717200000000027771e+01,-8.032689192482981300e-01
1.845313370946334786e+01,2.714400000000027902e+01,-8.032689192482981300e-01
1.846713370946334720e+01,2.713000000000027967e+01,-8.032689192482981300e-01
1.849613370946334712e+01,2.710200000000028098e+01,-8.032689192482981300e-01
1.852613370946334825e+01,2.707400000000028228e+01,-8.032689192482981300e-01
1.855513370946334817e+01,2.704600000000028359e+01,-7.852689192482981140e-01
1.857013370946334874e+01,2.703200000000028425e+01,-7.852689192482981140e-01
1.859913370946334865e+01,2.700500000000028322e+01,-7.852689192482981140e-01
1.862913370946334979e+01,2.697900000000028342e+01,-7.682689192482980989e-01
1.864413370946335036e+01,2.696500000000028407e+01,-7.682689192482980989e-01
1.867513370946334916e+01,2.693700000000028538e+01,-7.682689192482980989e-01
1.869013370946334973e+01,2.692300000000028604e+01,-7.682689192482980989e-01
1.872213370946334976e+01,2.689500000000028734e+01,-7.682689192482980989e-01
1.875413370946334979e+01,2.686700000000028865e+01,-7.682689192482980989e-01
1.879913370946335149e+01,2.682800000000028717e+01,-7.682689192482980989e-01
1.881413370946335206e+01,2.681500000000028550e+01,-7.682689192482980989e-01
1.884413370946335320e+01,2.678900000000028570e+01,-7.682689192482980989e-01
1.885913370946335377e+01,2.677600000000028402e+01,-7.682689192482980989e-01
1.888913370946335490e+01,2.674900000000028299e+01,-7.682689192482980989e-01
1.890313370946335425e+01,2.673600000000028132e+01,-7.682689192482980989e-01
1.896213370946335530e+01,2.668200000000028282e+01,-7.852689192482981140e-01
1.897613370946335465e+01,2.666900000000028115e+01,-7.852689192482981140e-01
1.900613370946335579e+01,2.664100000000028245e+01,-7.852689192482981140e-01
1.903013370946335669e+01,2.661800000000028277e+01,-8.032689192482981300e-01
1.903713370946335814e+01,2.661200000000028254e+01,-7.852689192482981140e-01
1.905913370946335661e+01,2.659000000000028407e+01,-7.852689192482981140e-01
1.909013370946335542e+01,2.656200000000028538e+01,-7.852689192482981140e-01
1.910513370946335598e+01,2.654900000000028371e+01,-7.852689192482981140e-01
1.913513370946335712e+01,2.652100000000028501e+01,-7.682689192482980989e-01
1.915113370946335536e+01,2.650700000000028567e+01,-7.682689192482980989e-01
1.918213370946335417e+01,2.647900000000028697e+01,-7.682689192482980989e-01
1.921413370946335419e+01,2.645100000000028828e+01,-7.682689192482980989e-01
1.924513370946335300e+01,2.642300000000028959e+01,-7.682689192482980989e-01
1.927613370946335181e+01,2.639500000000029090e+01,-7.682689192482980989e-01
1.929213370946335004e+01,2.638100000000029155e+01,-7.682689192482980989e-01
1.932213370946335118e+01,2.635300000000029286e+01,-7.682689192482980989e-01
1.933713370946335175e+01,2.634000000000029118e+01,-7.682689192482980989e-01
1.936713370946335289e+01,2.631300000000029016e+01,-7.852689192482981140e-01
1.938213370946335345e+01,2.629900000000029081e+01,-7.852689192482981140e-01
1.942613370946335394e+01,2.625900000000029166e+01,-7.852689192482981140e-01
1.944213370946335218e+01,2.624500000000029232e+01,-7.852689192482981140e-01
1.945713370946335274e+01,2.623100000000029297e+01,-7.852689192482981140e-01
1.948713370946335388e+01,2.620300000000029428e+01,-7.852689192482981140e-01
1.951813370946335269e+01,2.617400000000029436e+01,-7.852689192482981140e-01
1.954813370946335382e+01,2.614600000000029567e+01,-7.852689192482981140e-01
1.956413370946335206e+01,2.613200000000029632e+01,-7.852689192482981140e-01
1.959413370946335320e+01,2.610300000000029641e+01,-7.852689192482981140e-01
1.960913370946335377e+01,2.608900000000029706e+01,-7.852689192482981140e-01
1.963913370946335490e+01,2.606100000000029837e+01,-7.852689192482981140e-01
1.966813370946335482e+01,2.603300000000029968e+01,-7.852689192482981140e-01
1.968313370946335539e+01,2.602000000000029800e+01,-7.852689192482981140e-01
1.972813370946335709e+01,2.597900000000029763e+01,-7.852689192482981140e-01
1.974313370946335766e+01,2.596500000000029829e+01,-7.852689192482981140e-01
1.978913370946335704e+01,2.592300000000029669e+01,-7.682689192482980989e-01
1.981913370946335817e+01,2.589500000000029800e+01,-7.682689192482980989e-01
1.983513370946335641e+01,2.588100000000029866e+01,-7.682689192482980989e-01
1.988113370946335579e+01,2.583900000000029706e+01,-7.682689192482980989e-01
1.989713370946335402e+01,2.582500000000029772e+01,-7.682689192482980989e-01
1.991313370946335226e+01,2.581100000000029837e+01,-7.682689192482980989e-01
1.994313370946335340e+01,2.578400000000029735e+01,-7.682689192482980989e-01
1.999113370946335166e+01,2.574100000000029809e+01,-7.682689192482980989e-01
2.000613370946335223e+01,2.572700000000029874e+01,-7.682689192482980989e-01
2.002213370946335047e+01,2.571300000000029939e+01,-7.682689192482980989e-01
2.005413370946335050e+01,2.568500000000030070e+01,-7.682689192482980989e-01
2.007013370946334874e+01,2.567100000000030136e+01,-7.682689192482980989e-01
2.010213370946334877e+01,2.564300000000030266e+01,-7.682689192482980989e-01
2.013213370946334990e+01,2.561600000000030164e+01,-7.682689192482980989e-01
2.014713370946335047e+01,2.560300000000029996e+01,-7.682689192482980989e-01
2.017813370946334928e+01,2.557600000000029894e+01,-7.682689192482980989e-01
2.022513370946334987e+01,2.553400000000029735e+01,-7.682689192482980989e-01
2.024113370946334811e+01,2.552000000000029800e+01,-7.682689192482980989e-01
2.025613370946334868e+01,2.550600000000029866e+01,-7.682689192482980989e-01
2.028813370946334871e+01,2.547800000000029996e+01,-7.682689192482980989e-01
2.030413370946334695e+01,2.546400000000030062e+01,-7.682689192482980989e-01
2.033613370946334697e+01,2.543600000000030192e+01,-7.682689192482980989e-01
2.035113370946334754e+01,2.542200000000030258e+01,-7.682689192482980989e-01
2.038213370946334635e+01,2.539400000000030388e+01,-7.682689192482980989e-01
2.039813370946334459e+01,2.538000000000030454e+01,-7.682689192482980989e-01
2.043013370946334462e+01,2.535200000000030585e+01,-7.682689192482980989e-01
2.046113370946334342e+01,2.532400000000030715e+01,-7.682689192482980989e-01
2.050713370946334280e+01,2.528200000000030556e+01,-7.682689192482980989e-01
2.051813370946334203e+01,2.527200000000030400e+01,-7.682689192482980989e-01
2.052513370946334348e+01,2.526600000000030377e+01,-7.682689192482980989e-01
2.054713370946334194e+01,2.524600000000030420e+01,-7.502689192482980829e-01
2.057913370946334197e+01,2.521900000000030317e+01,-7.502689192482980829e-01
2.059513370946334021e+01,2.520500000000030383e+01,-7.502689192482980829e-01
2.062613370946333902e+01,2.517800000000030280e+01,-7.502689192482980829e-01
2.064113370946333958e+01,2.516500000000030113e+01,-7.502689192482980829e-01
2.067113370946334072e+01,2.513900000000030133e+01,-7.502689192482980829e-01
2.071613370946334243e+01,2.510000000000029985e+01,-7.502689192482980829e-01
2.073113370946334300e+01,2.508700000000029817e+01,-7.502689192482980829e-01
2.076113370946334413e+01,2.506100000000029837e+01,-7.502689192482980829e-01
2.077613370946334470e+01,2.504800000000029669e+01,-7.682689192482980989e-01
2.082113370946334641e+01,2.500800000000029755e+01,-7.682689192482980989e-01
2.085113370946334754e+01,2.498100000000029652e+01,-7.682689192482980989e-01
2.086713370946334578e+01,2.496700000000029718e+01,-7.682689192482980989e-01
2.089713370946334692e+01,2.493900000000029848e+01,-7.682689192482980989e-01
2.094413370946334751e+01,2.489700000000029689e+01,-7.852689192482981140e-01
2.095913370946334808e+01,2.488300000000029755e+01,-7.852689192482981140e-01
2.099013370946334689e+01,2.485500000000029885e+01,-7.852689192482981140e-01
2.100513370946334746e+01,2.484100000000029951e+01,-7.852689192482981140e-01
2.103513370946334859e+01,2.481500000000029971e+01,-7.682689192482980989e-01
2.105013370946334916e+01,2.480200000000029803e+01,-7.682689192482980989e-01
2.108013370946335030e+01,2.477500000000029701e+01,-7.682689192482980989e-01
2.109513370946335087e+01,2.476200000000029533e+01,-7.682689192482980989e-01
2.114013370946335257e+01,2.472200000000029618e+01,-7.682689192482980989e-01
2.115513370946335314e+01,2.470900000000029451e+01,-7.682689192482980989e-01
2.118513370946335428e+01,2.468300000000029470e+01,-7.502689192482980829e-01
2.121613370946335309e+01,2.465600000000029368e+01,-7.502689192482980829e-01
2.123213370946335132e+01,2.464200000000029434e+01,-7.502689192482980829e-01
2.126413370946335135e+01,2.461500000000029331e+01,-7.502689192482980829e-01
2.129613370946335138e+01,2.458700000000029462e+01,-7.502689192482980829e-01
2.132813370946335141e+01,2.455900000000029593e+01,-7.502689192482980829e-01
2.136013370946335144e+01,2.453200000000029490e+01,-7.502689192482980829e-01
2.139213370946335147e+01,2.450400000000029621e+01,-7.502689192482980829e-01
2.139213370946335147e+01,2.450400000000029621e+01,-7.502689192482980829e-01
2.145413370946335263e+01,2.445100000000029539e+01,-7.502689192482980829e-01
2.146913370946335320e+01,2.443800000000029371e+01,-7.502689192482980829e-01
2.149913370946335434e+01,2.441200000000029391e+01,-7.502689192482980829e-01
2.151513370946335257e+01,2.439900000000029223e+01,-7.502689192482980829e-01
2.154513370946335371e+01,2.437300000000029243e+01,-7.682689192482980989e-01
2.156013370946335428e+01,2.436000000000029075e+01,-7.682689192482980989e-01
2.160613370946335365e+01,2.431900000000029038e+01,-7.682689192482980989e-01
2.162213370946335189e+01,2.430500000000029104e+01,-7.682689192482980989e-01
2.165413370946335192e+01,2.427700000000029235e+01,-7.682689192482980989e-01
2.168613370946335195e+01,2.424900000000029365e+01,-7.682689192482980989e-01
2.170213370946335019e+01,2.423500000000029431e+01,-7.682689192482980989e-01
2.173413370946335021e+01,2.420700000000029561e+01,-7.682689192482980989e-01
2.176513370946334902e+01,2.417900000000029692e+01,-7.682689192482980989e-01
2.177813370946335070e+01,2.416700000000029647e+01,-7.502689192482980829e-01
2.178713370946335104e+01,2.416000000000029502e+01,-7.332689192482980678e-01
2.179413370946335249e+01,2.415500000000029601e+01,-6.282689192482980856e-01
2.179613370946335138e+01,2.415400000000029479e+01,-5.062689192482980882e-01
2.179713370946335260e+01,2.415400000000029479e+01,-3.662689192482981859e-01
2.179713370946335260e+01,2.415400000000029479e+01,-1.922689192482981702e-01
2.179713370946335260e+01,2.415400000000029479e+01,-1.922689192482981702e-01
2.180113370946335394e+01,2.415400000000029479e+01,-2.092689192482981575e-01
2.180413370946335405e+01,2.415300000000029357e+01,-1.922689192482981424e-01
2.181313370946335439e+01,2.415300000000029357e+01,-1.742689192482981542e-01
2.181713370946335573e+01,2.415200000000029235e+01,-1.922689192482981424e-01
2.182813370946335496e+01,2.415100000000029112e+01,-2.442689192482981331e-01
2.183613370946335408e+01,2.414900000000029223e+01,-2.792689192482981086e-01
2.185613370946335365e+01,2.414300000000029200e+01,-3.492689192482981153e-01
2.188213370946335345e+01,2.413400000000029166e+01,-4.192689192482981220e-01
2.191413370946335348e+01,2.411900000000029110e+01,-4.892689192482981286e-01
2.196613370946335309e+01,2.409000000000029118e+01,-5.932689192482981655e-01
2.199913370946335434e+01,2.406700000000029149e+01,-6.632689192482981166e-01
2.201513370946335257e+01,2.405500000000029104e+01,-6.812689192482981326e-01
2.204113370946335237e+01,2.403400000000029024e+01,-7.332689192482981788e-01
2.204913370946335149e+01,2.402700000000028879e+01,-7.332689192482981788e-01
2.207113370946334996e+01,2.400800000000029044e+01,-7.502689192482981939e-01
2.210113370946335110e+01,2.398000000000029175e+01,-7.852689192482982250e-01
2.212913370946334979e+01,2.395200000000029306e+01,-8.202689192482982561e-01
2.214313370946334913e+01,2.393800000000029371e+01,-8.382689192482982721e-01
2.217013370946335016e+01,2.390900000000029380e+01,-8.732689192482983032e-01
2.219513370946334874e+01,2.388000000000029388e+01,-8.902689192482983183e-01
2.220413370946334908e+01,2.386900000000029465e+01,-8.732689192482983032e-01
2.221313370946334942e+01,2.385900000000029308e+01,-8.032689192482982410e-01
2.221413370946335064e+01,2.385800000000029186e+01,-7.332689192482981788e-01
2.221513370946335186e+01,2.385800000000029186e+01,-6.112689192482981815e-01
2.221513370946335186e+01,2.385800000000029186e+01,-4.712689192482981682e-01
2.221513370946335186e+01,2.385800000000029186e+01,-3.322689192482981557e-01
2.221513370946335186e+01,2.385800000000029186e+01,-1.922689192482981424e-01
2.221513370946335186e+01,2.385800000000029186e+01,-1.222689192482981357e-01
2.221513370946335186e+01,2.385800000000029186e+01,1.691638793128837429e-02
2.221513370946335186e+01,2.385800000000029186e+01,1.569163879312883980e-01
2.221513370946335186e+01,2.385800000000029186e+01,2.269163879312884047e-01
2.221513370946335186e+01,2.385800000000029186e+01,3.659163879312884449e-01
2.221513370946335186e+01,2.385800000000029186e+01,4.359163879312885070e-01
2.221513370946335186e+01,2.385800000000029186e+01,5.759163879312885204e-01
2.221513370946335186e+01,2.385800000000029186e+01,7.149163879312885328e-01
2.221513370946335186e+01,2.385800000000029186e+01,8.549163879312885461e-01
2.221513370946335186e+01,2.385800000000029186e+01,9.249163879312884973e-01
2.221513370946335186e+01,2.385800000000029186e+01,1.081916387931288526e+00
2.221513370946335186e+01,2.385800000000029186e+01,1.221916387931288650e+00
2.221513370946335186e+01,2.385800000000029186e+01,1.290916387931288600e+00
2.221613370946335309e+01,2.386600000000029098e+01,1.430916387931288725e+00
2.221613370946335309e+01,2.387300000000029243e+01,1.482916387931288771e+00
2.221613370946335309e+01,2.389500000000029090e+01,1.622916387931288895e+00
2.221413370946335419e+01,2.391400000000028925e+01,1.744916387931288781e+00
2.221413370946335419e+01,2.391600000000028814e+01,1.884916387931288906e+00
2.221313370946335297e+01,2.391800000000028703e+01,2.006916387931288792e+00
2.220713370946335274e+01,2.392800000000028859e+01,2.111916387931288774e+00
2.220213370946335374e+01,2.393500000000029004e+01,2.163916387931288821e+00
2.219513370946335229e+01,2.394400000000029038e+01,2.198916387931288963e+00
2.218013370946335172e+01,2.396300000000028874e+01,2.285916387931289151e+00
2.217013370946335016e+01,2.397300000000029030e+01,2.320916387931289293e+00
2.214513370946335158e+01,2.399700000000029121e+01,2.373916387931289229e+00
2.211513370946335044e+01,2.402300000000029101e+01,2.407916387931289037e+00
2.208413370946335164e+01,2.404900000000029081e+01,2.425916387931288831e+00
2.195413370946335263e+01,2.414600000000029212e+01,2.512916387931289020e+00
2.193713370946335317e+01,2.415700000000029135e+01,2.512916387931289020e+00
2.190313370946335425e+01,2.417900000000028982e+01,2.530916387931288813e+00
2.186913370946335533e+01,2.420100000000028828e+01,2.530916387931288813e+00
2.183513370946335641e+01,2.422300000000028675e+01,2.547916387931288718e+00
2.180113370946335749e+01,2.424500000000028521e+01,2.547916387931288718e+00
2.178413370946335803e+01,2.425600000000028444e+01,2.547916387931288718e+00
2.175013370946335911e+01,2.427700000000028524e+01,2.565916387931288511e+00
2.173313370946335965e+01,2.428700000000028680e+01,2.565916387931288511e+00
2.169813370946335951e+01,2.430800000000028760e+01,2.565916387931288511e+00
2.164313370946335979e+01,2.434100000000028885e+01,2.582916387931288416e+00
2.160613370946336076e+01,2.436300000000028732e+01,2.582916387931288416e+00
2.158813370946336008e+01,2.437400000000028655e+01,2.582916387931288416e+00
2.155213370946335871e+01,2.439500000000028734e+01,2.582916387931288416e+00
2.149613370946335777e+01,2.442800000000028859e+01,2.582916387931288416e+00
2.147813370946335709e+01,2.443800000000029016e+01,2.582916387931288416e+00
2.146113370946335763e+01,2.444800000000029172e+01,2.582916387931288416e+00
2.142613370946335749e+01,2.446800000000029129e+01,2.582916387931288416e+00
2.140913370946335803e+01,2.447800000000029286e+01,2.582916387931288416e+00
2.137713370946335800e+01,2.449600000000029354e+01,2.582916387931288416e+00
2.136213370946335743e+01,2.450400000000029266e+01,2.599916387931288320e+00
2.136013370946335854e+01,2.450500000000029388e+01,2.599916387931288320e+00
2.135613370946335721e+01,2.450700000000029277e+01,2.669916387931288160e+00
2.135513370946335598e+01,2.450700000000029277e+01,2.722916387931288096e+00
2.135513370946335598e+01,2.450700000000029277e+01,2.861916387931287886e+00
2.135513370946335598e+01,2.450700000000029277e+01,3.053916387931288057e+00
2.135513370946335598e+01,2.450700000000029277e+01,3.106916387931287993e+00
2.135113370946335465e+01,2.450700000000029277e+01,3.106916387931287993e+00
2.134413370946335320e+01,2.450700000000029277e+01,3.088916387931288199e+00
2.132513370946335485e+01,2.450700000000029277e+01,-3.107268919248298289e+00
2.132313370946335596e+01,2.450700000000029277e+01,-3.037268919248298449e+00
2.132213370946335473e+01,2.450700000000029277e+01,-2.967268919248298609e+00
2.132213370946335473e+01,2.450700000000029277e+01,-2.845268919248298722e+00
2.132213370946335473e+01,2.450700000000029277e+01,-2.775268919248298882e+00
2.132213370946335473e+01,2.450700000000029277e+01,-2.566268919248298808e+00
2.132213370946335473e+01,2.450700000000029277e+01,-2.496268919248298968e+00
2.132213370946335473e+01,2.450700000000029277e+01,-2.356268919248298843e+00
2.132213370946335473e+01,2.450700000000029277e+01,-2.269268919248298655e+00
2.132213370946335473e+01,2.450700000000029277e+01,-2.129268919248298531e+00
2.132213370946335473e+01,2.450700000000029277e+01,-1.990268919248298518e+00
2.132213370946335473e+01,2.450700000000029277e+01,-1.920268919248298456e+00
2.132213370946335473e+01,2.450600000000029155e+01,-1.780268919248298332e+00
2.132213370946335473e+01,2.449600000000028999e+01,-1.588268919248298383e+00
2.132213370946335473e+01,2.449600000000028999e+01,-1.518268919248298321e+00
2.132213370946335473e+01,2.449600000000028999e+01,-1.449268919248298371e+00
2.132213370946335473e+01,2.449600000000028999e+01,-1.239268919248298406e+00
2.132313370946335596e+01,2.449200000000028865e+01,-1.117268919248298520e+00
2.132613370946335607e+01,2.448700000000028965e+01,-1.065268919248298474e+00
2.133513370946335641e+01,2.447400000000028797e+01,-9.602689192482984915e-01
2.134813370946335809e+01,2.445800000000028973e+01,-8.902689192482984293e-01
2.135713370946335843e+01,2.444800000000028817e+01,-8.552689192482983982e-01
2.138113370946335934e+01,2.442300000000028959e+01,-8.032689192482983520e-01
2.141013370946335925e+01,2.439700000000028979e+01,-7.502689192482983049e-01
2.142513370946335982e+01,2.438400000000028811e+01,-7.502689192482983049e-01
2.145513370946336096e+01,2.435800000000028831e+01,-7.152689192482982738e-01
2.148713370946336099e+01,2.433200000000028851e+01,-6.982689192482982588e-01
2.150313370946335922e+01,2.432000000000028805e+01,-6.812689192482982437e-01
2.153513370946335925e+01,2.429600000000028714e+01,-6.632689192482982277e-01
2.155213370946335871e+01,2.428400000000028669e+01,-6.632689192482982277e-01
2.158513370946335996e+01,2.426000000000028578e+01,-6.282689192482981966e-01
2.161913370946335888e+01,2.423800000000028732e+01,-6.282689192482981966e-01
2.165313370946335780e+01,2.421600000000028885e+01,-6.112689192482981815e-01
2.168713370946335672e+01,2.419400000000029038e+01,-6.112689192482981815e-01
2.170413370946335618e+01,2.418300000000029115e+01,-6.112689192482981815e-01
2.173813370946335510e+01,2.416100000000029269e+01,-5.932689192482981655e-01
2.175513370946335456e+01,2.415000000000029345e+01,-5.932689192482981655e-01
2.178913370946335348e+01,2.412800000000029499e+01,-5.762689192482981504e-01
2.180613370946335294e+01,2.411700000000029576e+01,-5.762689192482981504e-01
2.185813370946335255e+01,2.408600000000029695e+01,-5.762689192482981504e-01
2.187613370946335323e+01,2.407600000000029539e+01,-5.582689192482981344e-01
2.191113370946335337e+01,2.405600000000029581e+01,-5.582689192482981344e-01
2.194613370946335351e+01,2.403600000000029624e+01,-5.582689192482981344e-01
2.198113370946335365e+01,2.401600000000029667e+01,-5.412689192482981193e-01
2.199913370946335434e+01,2.400600000000029510e+01,-5.412689192482981193e-01
2.201713370946335502e+01,2.399600000000029354e+01,-5.412689192482981193e-01
2.207113370946335351e+01,2.396700000000029362e+01,-5.242689192482981042e-01
2.210713370946335488e+01,2.394800000000029527e+01,-5.242689192482981042e-01
2.214313370946335624e+01,2.392900000000029692e+01,-5.242689192482981042e-01
2.217913370946335760e+01,2.391100000000029624e+01,-5.062689192482980882e-01
2.221513370946335897e+01,2.389300000000029556e+01,-5.062689192482980882e-01
2.223313370946335965e+01,2.388400000000029522e+01,-5.062689192482980882e-01
2.223313370946335965e+01,2.388400000000029522e+01,-5.062689192482980882e-01
2.228713370946335814e+01,2.385700000000029419e+01,-4.892689192482980731e-01
2.232313370946335951e+01,2.383900000000029351e+01,-4.892689192482980731e-01
2.234113370946336019e+01,2.383000000000029317e+01,-4.712689192482980571e-01
2.239813370946335880e+01,2.380400000000029337e+01,-4.712689192482980571e-01
2.241713370946335715e+01,2.379500000000029303e+01,-4.712689192482980571e-01
2.245513370946335741e+01,2.377700000000029235e+01,-4.712689192482980571e-01
2.247513370946335698e+01,2.376800000000029200e+01,-4.712689192482980571e-01
2.251313370946335723e+01,2.375100000000029254e+01,-4.712689192482980571e-01
2.255213370946335871e+01,2.373300000000029186e+01,-4.712689192482980571e-01
2.259013370946335897e+01,2.371600000000029240e+01,-4.712689192482980571e-01
2.260813370946335965e+01,2.370800000000029328e+01,-4.712689192482980571e-01
2.264513370946335868e+01,2.369200000000029505e+01,-4.712689192482980571e-01
2.266313370946335937e+01,2.368300000000029470e+01,-4.712689192482980571e-01
2.270013370946335840e+01,2.366600000000029524e+01,-4.712689192482980571e-01
2.273613370946335976e+01,2.365000000000029701e+01,-4.712689192482980571e-01
2.277213370946336113e+01,2.363300000000029755e+01,-4.892689192482980731e-01
2.280913370946336016e+01,2.361500000000029686e+01,-4.892689192482980731e-01
2.282713370946336084e+01,2.360600000000029652e+01,-4.892689192482980731e-01
2.286313370946336221e+01,2.358800000000029584e+01,-4.892689192482980731e-01
2.288113370946336289e+01,2.357900000000029550e+01,-5.062689192482980882e-01
2.291713370946336426e+01,2.356100000000029482e+01,-5.062689192482980882e-01
2.297413370946336286e+01,2.353200000000029490e+01,-5.062689192482980882e-01
2.301213370946336312e+01,2.351200000000029533e+01,-5.062689192482980882e-01
2.305013370946336337e+01,2.349200000000029576e+01,-5.062689192482980882e-01
2.306913370946336173e+01,2.348200000000029419e+01,-5.062689192482980882e-01
2.310713370946336198e+01,2.346200000000029462e+01,-5.062689192482980882e-01
2.314513370946336224e+01,2.344300000000029627e+01,-5.062689192482980882e-01
2.318313370946336249e+01,2.342300000000029669e+01,-5.062689192482980882e-01
2.320113370946336318e+01,2.341300000000029513e+01,-5.062689192482980882e-01
2.323713370946336454e+01,2.339500000000029445e+01,-5.062689192482980882e-01
2.325513370946336522e+01,2.338600000000029411e+01,-5.062689192482980882e-01
2.329213370946336426e+01,2.336800000000029343e+01,-5.062689192482980882e-01
2.332913370946336329e+01,2.335000000000029274e+01,-5.062689192482980882e-01
2.336513370946336465e+01,2.333200000000029206e+01,-4.892689192482980731e-01
2.340113370946336602e+01,2.331400000000029138e+01,-4.892689192482980731e-01
2.341913370946336670e+01,2.330500000000029104e+01,-4.892689192482980731e-01
2.345713370946336696e+01,2.328700000000029036e+01,-4.892689192482980731e-01
2.347613370946336531e+01,2.327800000000029002e+01,-4.892689192482980731e-01
2.351413370946336556e+01,2.326000000000028933e+01,-4.892689192482980731e-01
2.353413370946336514e+01,2.325100000000028899e+01,-4.892689192482980731e-01
2.357313370946336661e+01,2.323300000000028831e+01,-4.892689192482980731e-01
2.361113370946336687e+01,2.321500000000028763e+01,-4.892689192482980731e-01
2.364913370946336713e+01,2.319700000000028695e+01,-4.892689192482980731e-01
2.368713370946336738e+01,2.317900000000028626e+01,-4.712689192482980571e-01
2.370613370946336573e+01,2.317000000000028592e+01,-4.712689192482980571e-01
2.374413370946336599e+01,2.315200000000028524e+01,-4.712689192482980571e-01
2.376313370946336434e+01,2.314300000000028490e+01,-4.712689192482980571e-01
2.380013370946336337e+01,2.312500000000028422e+01,-4.892689192482980731e-01
2.381813370946336406e+01,2.311600000000028388e+01,-4.892689192482980731e-01
2.385613370946336431e+01,2.309800000000028319e+01,-4.892689192482980731e-01
2.389513370946336579e+01,2.308000000000028251e+01,-4.892689192482980731e-01
2.393213370946336482e+01,2.306200000000028183e+01,-4.892689192482980731e-01
2.394513370946336650e+01,2.305600000000028160e+01,-4.892689192482980731e-01
2.396513370946336607e+01,2.304700000000028126e+01,-4.712689192482980571e-01
2.400013370946336622e+01,2.303200000000028069e+01,-4.542689192482979865e-01
2.403813370946336647e+01,2.301600000000028245e+01,-4.542689192482979865e-01
2.405713370946336482e+01,2.300800000000028334e+01,-4.542689192482979865e-01
2.409513370946336508e+01,2.299200000000028510e+01,-4.362689192482979705e-01
2.411313370946336576e+01,2.298400000000028598e+01,-4.362689192482979705e-01
2.415113370946336602e+01,2.296800000000028774e+01,-4.362689192482979705e-01
2.420813370946336462e+01,2.294500000000028805e+01,-4.192689192482979554e-01
2.424613370946336488e+01,2.293000000000028749e+01,-4.192689192482979554e-01
2.428413370946336514e+01,2.291600000000028814e+01,-4.192689192482979554e-01
2.432213370946336539e+01,2.290200000000028879e+01,-4.012689192482979395e-01
2.434113370946336374e+01,2.289500000000028734e+01,-4.012689192482979395e-01
2.437913370946336400e+01,2.288100000000028800e+01,-4.012689192482979395e-01
2.439813370946336235e+01,2.287400000000028655e+01,-3.842689192482979244e-01
2.443613370946336261e+01,2.286000000000028720e+01,-3.842689192482979244e-01
2.445513370946336096e+01,2.285300000000028575e+01,-3.842689192482979244e-01
2.449313370946336121e+01,2.283900000000028641e+01,-3.842689192482979244e-01
2.453113370946336147e+01,2.282500000000028706e+01,-3.662689192482979084e-01
2.455013370946335982e+01,2.281800000000028561e+01,-3.662689192482979084e-01
2.460813370946335965e+01,2.279700000000028481e+01,-3.662689192482979084e-01
2.462613370946336033e+01,2.279000000000028336e+01,-3.842689192482979244e-01
2.466413370946336059e+01,2.277600000000028402e+01,-3.842689192482979244e-01
2.468313370946335894e+01,2.276900000000028257e+01,-3.842689192482979244e-01
2.472113370946335920e+01,2.275500000000028322e+01,-4.012689192482979395e-01
2.475913370946335945e+01,2.274100000000028388e+01,-4.192689192482979554e-01
2.477813370946335780e+01,2.273300000000028476e+01,-4.362689192482979705e-01
2.481613370946335806e+01,2.271700000000028652e+01,-4.542689192482979865e-01
2.485213370946335942e+01,2.270100000000028828e+01,-4.712689192482980016e-01
2.488913370946335846e+01,2.268400000000028882e+01,-4.892689192482980176e-01
2.490713370946335914e+01,2.267500000000028848e+01,-5.062689192482979772e-01
2.494313370946336050e+01,2.265700000000028780e+01,-5.242689192482979932e-01
2.496113370946336119e+01,2.264700000000028624e+01,-5.412689192482980083e-01
2.499713370946336255e+01,2.262700000000028666e+01,-5.582689192482980234e-01
2.501413370946336201e+01,2.261700000000028510e+01,-5.582689192482980234e-01
2.505013370946336337e+01,2.259700000000028552e+01,-5.762689192482980394e-01
2.506713370946336283e+01,2.258600000000028629e+01,-5.762689192482980394e-01
2.510213370946336298e+01,2.256500000000028550e+01,-5.762689192482980394e-01
2.513813370946336434e+01,2.254300000000028703e+01,-5.932689192482980545e-01
2.519113370946336516e+01,2.251000000000028578e+01,-5.932689192482980545e-01
2.520813370946336462e+01,2.250000000000028422e+01,-5.932689192482980545e-01
2.524213370946336354e+01,2.247800000000028575e+01,-5.762689192482980394e-01
2.526013370946336423e+01,2.246700000000028652e+01,-5.762689192482980394e-01
2.529413370946336315e+01,2.244600000000028572e+01,-5.762689192482980394e-01
2.531113370946336261e+01,2.243600000000028416e+01,-5.762689192482980394e-01
2.534513370946336153e+01,2.241500000000028336e+01,-5.762689192482980394e-01
2.538013370946336167e+01,2.239400000000028257e+01,-5.762689192482980394e-01
2.539813370946336235e+01,2.238400000000028101e+01,-5.762689192482980394e-01
2.545113370946336318e+01,2.235300000000028220e+01,-5.582689192482980234e-01
2.550413370946336400e+01,2.232300000000028106e+01,-5.582689192482980234e-01
2.552113370946336346e+01,2.231300000000027950e+01,-5.582689192482980234e-01
2.555713370946336482e+01,2.229300000000027993e+01,-5.412689192482980083e-01
2.557513370946336551e+01,2.228300000000027836e+01,-5.412689192482980083e-01
2.561113370946336687e+01,2.226300000000027879e+01,-5.412689192482980083e-01
2.562913370946336755e+01,2.225300000000027723e+01,-5.412689192482980083e-01
2.566513370946336892e+01,2.223300000000027765e+01,-5.242689192482979932e-01
2.570113370946337028e+01,2.221400000000027930e+01,-5.242689192482979932e-01
2.573713370946337164e+01,2.219600000000027862e+01,-5.242689192482979932e-01
2.575513370946337233e+01,2.218700000000027828e+01,-5.242689192482979932e-01
2.579113370946337369e+01,2.216900000000027759e+01,-5.062689192482979772e-01
2.582713370946337506e+01,2.215100000000027691e+01,-5.062689192482979772e-01
2.585613370946337497e+01,2.213600000000027634e+01,-4.892689192482979621e-01
2.586313370946337642e+01,2.213300000000027623e+01,-4.712689192482978906e-01
2.589013370946337744e+01,2.212100000000027578e+01,-4.362689192482979150e-01
2.592813370946337770e+01,2.210500000000027754e+01,-4.362689192482979150e-01
2.594713370946337605e+01,2.209700000000027842e+01,-4.362689192482979150e-01
2.600513370946337588e+01,2.207300000000027751e+01,-4.362689192482979150e-01
2.602413370946337423e+01,2.206500000000027839e+01,-4.362689192482979150e-01
2.606113370946337326e+01,2.205000000000027782e+01,-4.362689192482979150e-01
2.608013370946337162e+01,2.204200000000027870e+01,-4.362689192482979150e-01
2.611713370946337065e+01,2.202700000000027813e+01,-4.362689192482979150e-01
2.613613370946336900e+01,2.201900000000027902e+01,-4.362689192482979150e-01
2.615513370946336735e+01,2.201100000000027990e+01,-4.362689192482979150e-01
2.619313370946336761e+01,2.199500000000028166e+01,-4.362689192482979150e-01
2.623113370946336786e+01,2.197900000000028342e+01,-4.542689192482979310e-01
2.626813370946336690e+01,2.196300000000028518e+01,-4.542689192482979310e-01
2.630513370946336593e+01,2.194700000000028695e+01,-4.542689192482979310e-01
2.632413370946336428e+01,2.193900000000028783e+01,-4.542689192482979310e-01
2.636113370946336332e+01,2.192300000000028959e+01,-4.712689192482978906e-01
2.641513370946336181e+01,2.189900000000028868e+01,-4.712689192482978906e-01
2.643413370946336016e+01,2.189100000000028956e+01,-4.712689192482978906e-01
2.648913370946335988e+01,2.186500000000028976e+01,-4.892689192482979066e-01
2.650813370946335823e+01,2.185600000000028942e+01,-4.892689192482979066e-01
2.654413370946335959e+01,2.183800000000028874e+01,-4.892689192482979066e-01
2.658013370946336096e+01,2.182000000000028805e+01,-5.062689192482978662e-01
2.659813370946336164e+01,2.181100000000028771e+01,-5.062689192482978662e-01
2.663413370946336300e+01,2.179300000000028703e+01,-5.062689192482978662e-01
2.665313370946336136e+01,2.178300000000028547e+01,-5.062689192482978662e-01
2.669113370946336161e+01,2.176300000000028589e+01,-5.062689192482978662e-01
2.671013370946335996e+01,2.175300000000028433e+01,-5.062689192482978662e-01
2.674713370946335900e+01,2.173500000000028365e+01,-5.062689192482978662e-01
2.678313370946336036e+01,2.171700000000028297e+01,-5.062689192482978662e-01
2.681913370946336173e+01,2.169900000000028228e+01,-5.062689192482978662e-01
2.683713370946336241e+01,2.169000000000028194e+01,-5.062689192482978662e-01
2.687513370946336266e+01,2.167100000000028359e+01,-5.062689192482978662e-01
2.691213370946336170e+01,2.165300000000028291e+01,-5.062689192482978662e-01
2.695013370946336195e+01,2.163500000000028223e+01,-5.062689192482978662e-01
2.696913370946336030e+01,2.162500000000028066e+01,-5.062689192482978662e-01
2.700713370946336056e+01,2.160700000000027998e+01,-4.892689192482978511e-01
2.704413370946335959e+01,2.158900000000027930e+01,-4.892689192482978511e-01
2.706313370946335795e+01,2.158000000000027896e+01,-4.892689192482978511e-01
2.710113370946335820e+01,2.156200000000027828e+01,-4.892689192482978511e-01
2.713713370946335957e+01,2.154500000000027882e+01,-4.892689192482978511e-01
2.717413370946335860e+01,2.152700000000027813e+01,-4.712689192482978351e-01
2.719313370946335695e+01,2.151800000000027779e+01,-4.712689192482978351e-01
2.747513370946335698e+01,2.139600000000027791e+01,-4.362689192482978040e-01
2.751413370946335846e+01,2.138000000000027967e+01,-4.362689192482978040e-01
2.753413370946335803e+01,2.137200000000028055e+01,-4.362689192482978040e-01
2.757413370946335718e+01,2.135600000000028231e+01,-4.362689192482978040e-01
2.761213370946335743e+01,2.134000000000028407e+01,-4.362689192482978040e-01
2.763013370946335812e+01,2.133300000000028263e+01,-4.362689192482978040e-01
2.766813370946335837e+01,2.131700000000028439e+01,-4.362689192482978040e-01
2.768713370946335672e+01,2.130900000000028527e+01,-4.362689192482978040e-01
2.772413370946335576e+01,2.129300000000028703e+01,-4.362689192482978040e-01
2.778013370946335669e+01,2.126900000000028612e+01,-4.542689192482978755e-01
2.779913370946335505e+01,2.126100000000028700e+01,-4.542689192482978755e-01
2.781813370946335340e+01,2.125300000000028788e+01,-4.542689192482978755e-01
2.785613370946335365e+01,2.123700000000028965e+01,-4.542689192482978755e-01
2.789013370946335257e+01,2.122200000000028908e+01,-4.542689192482978755e-01
2.790813370946335326e+01,2.121500000000028763e+01,-4.362689192482978595e-01
2.791213370946335459e+01,2.121300000000028874e+01,-4.362689192482978595e-01
2.791613370946335593e+01,2.121100000000028984e+01,-4.542689192482978755e-01
2.792913370946335760e+01,2.120600000000029084e+01,-4.712689192482978906e-01
2.796113370946335763e+01,2.118900000000029138e+01,-5.412689192482978973e-01
2.797513370946335698e+01,2.118100000000029226e+01,-5.582689192482978013e-01
2.799013370946335755e+01,2.117200000000029192e+01,-5.762689192482978173e-01
2.802413370946335647e+01,2.115100000000029112e+01,-6.112689192482978484e-01
2.805713370946335772e+01,2.112800000000029144e+01,-6.462689192482978795e-01
2.807313370946335596e+01,2.111600000000029098e+01,-6.632689192482978946e-01
2.812213370946335544e+01,2.108000000000028962e+01,-6.982689192482979257e-01
2.813813370946335368e+01,2.106700000000028794e+01,-6.982689192482979257e-01
2.816913370946335249e+01,2.104100000000028814e+01,-7.332689192482979568e-01
2.820013370946335129e+01,2.101500000000028834e+01,-7.502689192482980829e-01
2.824513370946335300e+01,2.097600000000028686e+01,-7.682689192482980989e-01
2.826013370946335357e+01,2.096300000000028518e+01,-7.682689192482980989e-01
2.829113370946335237e+01,2.093500000000028649e+01,-7.682689192482980989e-01
2.831913370946335107e+01,2.091000000000028791e+01,-7.682689192482980989e-01
2.832813370946335141e+01,2.090200000000028879e+01,-7.502689192482980829e-01
2.833313370946335041e+01,2.089800000000028746e+01,-6.982689192482980367e-01
2.833613370946335053e+01,2.089600000000028857e+01,-5.932689192482980545e-01
2.833713370946335175e+01,2.089600000000028857e+01,-4.542689192482979865e-01
2.833713370946335175e+01,2.089600000000028857e+01,-4.012689192482979950e-01
2.833713370946335175e+01,2.089600000000028857e+01,-1.742689192482979876e-01
2.833713370946335175e+01,2.089600000000028857e+01,-1.052689192482979819e-01
2.833713370946335175e+01,2.089600000000028857e+01,3.491638793128905988e-02
2.833713370946335175e+01,2.089600000000028857e+01,1.049163879312890735e-01
2.833713370946335175e+01,2.089600000000028857e+01,2.439163879312891414e-01
2.833713370946335175e+01,2.089600000000028857e+01,3.659163879312891110e-01
2.833713370946335175e+01,2.089600000000028857e+01,3.839163879312891270e-01
2.833713370946335175e+01,2.089600000000028857e+01,5.239163879312891403e-01
2.833713370946335175e+01,2.089600000000028857e+01,6.459163879312891376e-01
2.833713370946335175e+01,2.089600000000028857e+01,8.729163879312891172e-01
2.833713370946335175e+01,2.089600000000028857e+01,9.419163879312890675e-01
2.833713370946335175e+01,2.089600000000028857e+01,1.081916387931288970e+00
2.833713370946335175e+01,2.089600000000028857e+01,1.151916387931289032e+00
2.833713370946335175e+01,2.089600000000028857e+01,1.290916387931289044e+00
2.833713370946335175e+01,2.089600000000028857e+01,1.360916387931289107e+00
2.833713370946335175e+01,2.089600000000028857e+01,1.500916387931289009e+00
2.833713370946335175e+01,2.089600000000028857e+01,1.570916387931289071e+00
2.833713370946335175e+01,2.090100000000028757e+01,1.709916387931289083e+00
2.833113370946335152e+01,2.092200000000028837e+01,1.901916387931289032e+00
2.832713370946335019e+01,2.093100000000028871e+01,1.971916387931289094e+00
2.831413370946334851e+01,2.095400000000028840e+01,2.076916387931289076e+00
2.830513370946334817e+01,2.096700000000029007e+01,2.128916387931289123e+00
2.829113370946334882e+01,2.098700000000028965e+01,2.250916387931289009e+00
2.828913370946334993e+01,2.098900000000028854e+01,2.320916387931288849e+00
2.828713370946335104e+01,2.099100000000028743e+01,2.407916387931289037e+00
2.828413370946335093e+01,2.099400000000028754e+01,2.442916387931289179e+00
2.827213370946335047e+01,2.100300000000028788e+01,2.512916387931289020e+00
2.825613370946335223e+01,2.101300000000028945e+01,2.565916387931288956e+00
2.822113370946335209e+01,2.103300000000028902e+01,2.634916387931288906e+00
2.820513370946335385e+01,2.104100000000028814e+01,2.652916387931288700e+00
2.818713370946335317e+01,2.104900000000028726e+01,2.669916387931288604e+00
2.814913370946335291e+01,2.106500000000028550e+01,2.704916387931288746e+00
2.811113370946335266e+01,2.108100000000028373e+01,2.722916387931288540e+00
2.809213370946335431e+01,2.108800000000028518e+01,2.739916387931288444e+00
2.805413370946335405e+01,2.110200000000028453e+01,2.757916387931288238e+00
2.801613370946335380e+01,2.111600000000028388e+01,2.774916387931288142e+00
2.794013370946335328e+01,2.114200000000028368e+01,2.791916387931288046e+00
2.792113370946335493e+01,2.114800000000028390e+01,2.809916387931287840e+00
2.788113370946335579e+01,2.116000000000028436e+01,2.809916387931287840e+00
2.786113370946335621e+01,2.116600000000028459e+01,2.809916387931287840e+00
2.782113370946335706e+01,2.117900000000028626e+01,2.809916387931287840e+00
2.780113370946335749e+01,2.118500000000028649e+01,2.809916387931287840e+00
2.776213370946335601e+01,2.119700000000028695e+01,2.826916387931287744e+00
2.774213370946335644e+01,2.120300000000028717e+01,2.844916387931287538e+00
2.770213370946335729e+01,2.121300000000028874e+01,2.879916387931287680e+00
2.764213370946335857e+01,2.122400000000028797e+01,2.949916387931287520e+00
2.762213370946335900e+01,2.122700000000028808e+01,2.966916387931287424e+00
2.758213370946335985e+01,2.123100000000028942e+01,3.001916387931287566e+00
2.756313370946336150e+01,2.123300000000028831e+01,3.018916387931287471e+00
2.754013370946336181e+01,2.123400000000028953e+01,3.088916387931287311e+00
2.753613370946336047e+01,2.123400000000028953e+01,-3.124268919248299525e+00
2.752813370946336136e+01,2.123400000000028953e+01,-3.054268919248299685e+00
2.752413370946336002e+01,2.123400000000028953e+01,-3.037268919248299781e+00
2.751913370946336101e+01,2.123400000000028953e+01,-2.932268919248299799e+00
2.751913370946336101e+01,2.123400000000028953e+01,-2.723268919248299724e+00
2.751913370946336101e+01,2.123400000000028953e+01,-2.653268919248299884e+00
2.751913370946336101e+01,2.123400000000028953e+01,-2.513268919248299760e+00
2.751913370946336101e+01,2.123400000000028953e+01,-2.443268919248299920e+00
2.751913370946336101e+01,2.123400000000028953e+01,-2.304268919248300129e+00
2.751913370946336101e+01,2.123400000000028953e+01,-2.234268919248300289e+00
2.751913370946336101e+01,2.123400000000028953e+01,-2.094268919248300165e+00
2.751913370946336101e+01,2.123400000000028953e+01,-2.024268919248300325e+00
2.751913370946336101e+01,2.123400000000028953e+01,-1.885268919248300312e+00
2.751913370946336101e+01,2.123400000000028953e+01,-1.745268919248300410e+00
2.751913370946336101e+01,2.122800000000028930e+01,-1.606268919248300397e+00
2.751913370946336101e+01,2.122200000000028908e+01,-1.553268919248300461e+00
2.752013370946336224e+01,2.120500000000028962e+01,-1.396268919248300433e+00
2.752713370946336369e+01,2.118000000000029104e+01,-1.257268919248300421e+00
2.753313370946336391e+01,2.116500000000029047e+01,-1.187268919248300358e+00
2.755113370946336460e+01,2.113200000000028922e+01,-1.047268919248300456e+00
2.758713370946336596e+01,2.108400000000029095e+01,-8.552689192483005076e-01
2.761513370946336465e+01,2.105800000000029115e+01,-7.332689192483005103e-01
2.764613370946336346e+01,2.103500000000029146e+01,-6.112689192483005129e-01
2.768113370946336360e+01,2.101600000000029311e+01,-5.062689192483005307e-01
2.769913370946336428e+01,2.100700000000029277e+01,-4.542689192483005400e-01
2.773713370946336454e+01,2.099200000000029220e+01,-3.842689192483005334e-01
2.777613370946336602e+01,2.097800000000029286e+01,-3.322689192483005427e-01
2.779613370946336559e+01,2.097200000000029263e+01,-2.972689192483005671e-01
2.783613370946336474e+01,2.096200000000029107e+01,-2.622689192483005360e-01
2.787613370946336389e+01,2.095400000000029195e+01,-2.272689192483005327e-01
2.789613370946336346e+01,2.095000000000029061e+01,-2.272689192483005327e-01
2.793613370946336261e+01,2.094300000000028916e+01,-1.922689192483005294e-01
2.797613370946336175e+01,2.093700000000028894e+01,-1.742689192483005411e-01
2.799613370946336133e+01,2.093400000000028882e+01,-1.572689192483005538e-01
2.803613370946336047e+01,2.092900000000028982e+01,-1.402689192483005387e-01
2.807613370946335962e+01,2.092500000000028848e+01,-1.222689192483005644e-01
2.809613370946335920e+01,2.092400000000028726e+01,-1.052689192483005631e-01
2.811613370946335877e+01,2.092300000000028604e+01,-1.052689192483005631e-01
2.815613370946335792e+01,2.092100000000028714e+01,-8.726891924830056102e-02
2.819613370946335706e+01,2.091900000000028825e+01,-8.726891924830056102e-02
2.823613370946335621e+01,2.091700000000028936e+01,-7.026891924830055980e-02
2.825613370946335579e+01,2.091600000000028814e+01,-7.026891924830055980e-02
2.829613370946335493e+01,2.091500000000028692e+01,-7.026891924830055980e-02
2.833613370946335408e+01,2.091500000000028692e+01,-5.226891924830054381e-02
2.837613370946335323e+01,2.091500000000028692e+01,-5.226891924830052993e-02
2.839613370946335280e+01,2.091500000000028692e+01,-5.226891924830051606e-02
2.843613370946335195e+01,2.091500000000028692e+01,-3.526891924830050096e-02
2.845613370946335152e+01,2.091500000000028692e+01,-3.526891924830048708e-02
2.849613370946335067e+01,2.091500000000028692e+01,-3.508361206871477705e-02
2.853613370946334982e+01,2.091500000000028692e+01,-3.508361206871477705e-02
2.857613370946334896e+01,2.091500000000028692e+01,-1.808361206871477583e-02
2.865613370946334726e+01,2.091500000000028692e+01,-8.361206871477719349e-05
2.867613370946334683e+01,2.091500000000028692e+01,-8.361206871477719349e-05
2.869613370946334641e+01,2.091600000000028814e+01,-8.361206871477719349e-05
2.873613370946334555e+01,2.091700000000028936e+01,-8.361206871477719349e-05
2.875613370946334513e+01,2.091800000000029058e+01,1.691638793128523097e-02
2.879613370946334427e+01,2.092000000000028948e+01,1.691638793128523791e-02
2.883613370946334342e+01,2.092200000000028837e+01,1.691638793128524484e-02
2.885613370946334300e+01,2.092300000000028959e+01,3.491638793128524348e-02
2.889713370946334337e+01,2.092500000000028848e+01,3.491638793128524348e-02
2.893813370946334373e+01,2.092700000000028737e+01,3.491638793128524348e-02
2.897813370946334288e+01,2.092900000000028626e+01,3.491638793128524348e-02
2.901813370946334203e+01,2.093100000000028516e+01,3.491638793128524348e-02
2.903813370946334160e+01,2.093200000000028638e+01,3.491638793128524348e-02
2.907813370946334075e+01,2.093400000000028527e+01,3.491638793128524348e-02
2.911813370946333990e+01,2.093600000000028416e+01,1.691638793128525178e-02
2.913813370946333947e+01,2.093700000000028538e+01,1.691638793128525872e-02
2.917813370946333862e+01,2.093900000000028427e+01,1.691638793128526566e-02
2.919813370946333819e+01,2.094000000000028550e+01,1.691638793128527260e-02
2.923813370946333734e+01,2.094200000000028439e+01,1.691638793128527954e-02
2.927813370946333649e+01,2.094400000000028328e+01,-8.361206871472168234e-05
2.931913370946333686e+01,2.094500000000028450e+01,-8.361206871472168234e-05
2.933913370946333643e+01,2.094600000000028572e+01,-8.361206871472168234e-05
2.935913370946333600e+01,2.094600000000028572e+01,-8.361206871472168234e-05
2.939913370946333515e+01,2.094600000000028572e+01,-1.808361206871472032e-02
2.943913370946333430e+01,2.094600000000028572e+01,-1.808361206871472032e-02
2.947913370946333345e+01,2.094600000000028572e+01,-1.808361206871472032e-02
2.949913370946333302e+01,2.094600000000028572e+01,-1.808361206871472032e-02
2.953913370946333217e+01,2.094600000000028572e+01,-3.508361206871472154e-02
2.957113370946333220e+01,2.094600000000028572e+01,-3.526891924830112546e-02
2.957113370946333220e+01,2.094600000000028572e+01,-3.526891924830111158e-02
2.958913370946333288e+01,2.094600000000028572e+01,-1.808361206871442542e-02
2.962613370946333191e+01,2.094600000000028572e+01,-3.508361206871442317e-02
2.966613370946333106e+01,2.094600000000028572e+01,-3.508361206871442317e-02
2.970613370946333021e+01,2.094600000000028572e+01,-3.526891924830023728e-02
2.972613370946332978e+01,2.094600000000028572e+01,-3.526891924830022340e-02
2.976613370946332893e+01,2.094600000000028572e+01,-3.526891924830020952e-02
2.978613370946332850e+01,2.094600000000028572e+01,-5.226891924830021074e-02
2.982613370946332765e+01,2.094600000000028572e+01,-5.226891924830021074e-02
2.990613370946332594e+01,2.094600000000028572e+01,-5.226891924830021074e-02
2.994613370946332509e+01,2.094600000000028572e+01,-7.026891924830021285e-02
2.996613370946332466e+01,2.094500000000028450e+01,-7.026891924830021285e-02
3.000613370946332381e+01,2.094400000000028328e+01,-7.026891924830021285e-02
3.002613370946332338e+01,2.094300000000028206e+01,-8.726891924830021408e-02
3.006613370946332253e+01,2.094100000000028317e+01,-8.726891924830021408e-02
3.008613370946332211e+01,2.094000000000028194e+01,-8.726891924830021408e-02
3.014613370946332083e+01,2.093700000000028183e+01,-1.052689192483002162e-01
3.016713370946332162e+01,2.093600000000028061e+01,-1.052689192483002162e-01
3.020913370946332321e+01,2.093400000000028172e+01,-1.052689192483002162e-01
3.023013370946332401e+01,2.093300000000028049e+01,-1.052689192483002162e-01
3.027213370946332560e+01,2.093100000000028160e+01,-1.052689192483002162e-01
3.029313370946332640e+01,2.093000000000028038e+01,-1.052689192483002162e-01
3.033513370946332799e+01,2.092800000000028149e+01,-1.052689192483002162e-01
3.035513370946332756e+01,2.092700000000028027e+01,-1.052689192483002162e-01
3.039513370946332671e+01,2.092500000000028137e+01,-1.052689192483002162e-01
3.043513370946332586e+01,2.092300000000028248e+01,-1.052689192483002162e-01
3.047513370946332500e+01,2.092100000000028359e+01,-8.726891924830021408e-02
3.051513370946332415e+01,2.091900000000028470e+01,-8.726891924830021408e-02
3.055713370946332574e+01,2.091700000000028581e+01,-8.726891924830021408e-02
3.057813370946332654e+01,2.091600000000028459e+01,-8.726891924830021408e-02
3.059913370946332734e+01,2.091500000000028336e+01,-8.726891924830021408e-02
3.064113370946332893e+01,2.091300000000028447e+01,-8.726891924830021408e-02
3.066213370946332972e+01,2.091200000000028325e+01,-8.726891924830021408e-02
3.070413370946333131e+01,2.091000000000028436e+01,-8.726891924830021408e-02
3.076713370946333015e+01,2.090700000000028425e+01,-8.726891924830021408e-02
3.080913370946333174e+01,2.090500000000028535e+01,-8.726891924830021408e-02
3.085113370946333333e+01,2.090300000000028646e+01,-8.726891924830021408e-02
3.089313370946333492e+01,2.090100000000028757e+01,-8.726891924830021408e-02
3.091413370946333572e+01,2.090000000000028635e+01,-8.726891924830021408e-02
3.095613370946333731e+01,2.089800000000028746e+01,-8.726891924830021408e-02
3.097713370946333811e+01,2.089700000000028624e+01,-8.726891924830021408e-02
3.101713370946333725e+01,2.089500000000028734e+01,-8.726891924830021408e-02
3.105713370946333640e+01,2.089300000000028845e+01,-8.726891924830021408e-02
3.109713370946333555e+01,2.089100000000028956e+01,-8.726891924830021408e-02
3.111713370946333512e+01,2.089000000000028834e+01,-8.726891924830021408e-02
3.117713370946333384e+01,2.088700000000028822e+01,-1.052689192483002162e-01
3.119713370946333342e+01,2.088600000000028700e+01,-1.052689192483002162e-01
3.123913370946333501e+01,2.088400000000028811e+01,-1.052689192483002162e-01
3.126013370946333580e+01,2.088300000000028689e+01,-1.052689192483002162e-01
3.130213370946333740e+01,2.088000000000028678e+01,-1.052689192483002162e-01
3.132313370946333819e+01,2.087900000000028555e+01,-1.052689192483002162e-01
3.138613370946333703e+01,2.087500000000028422e+01,-1.052689192483002162e-01
3.140713370946333782e+01,2.087400000000028299e+01,-1.052689192483002162e-01
3.144913370946333941e+01,2.087100000000028288e+01,-1.052689192483002162e-01
3.149113370946334101e+01,2.086900000000028399e+01,-1.052689192483002162e-01
3.151213370946334180e+01,2.086700000000028510e+01,-1.052689192483002162e-01
3.155513370946334106e+01,2.086500000000028621e+01,-1.052689192483002162e-01
3.157613370946334186e+01,2.086300000000028732e+01,-1.052689192483002162e-01
3.161713370946334223e+01,2.086100000000028842e+01,-1.052689192483002162e-01
3.163113370946334157e+01,2.086000000000028720e+01,-1.052689192483002162e-01
3.165213370946334237e+01,2.086000000000028720e+01,-8.726891924830021408e-02
3.168913370946334140e+01,2.085800000000028831e+01,-8.726891924830021408e-02
3.171013370946334220e+01,2.085700000000028709e+01,-8.726891924830021408e-02
3.175113370946334257e+01,2.085500000000028820e+01,-7.026891924830021285e-02
3.181413370946334140e+01,2.085200000000028808e+01,-7.026891924830021285e-02
3.183513370946334220e+01,2.085100000000028686e+01,-7.026891924830021285e-02
3.187713370946334379e+01,2.084900000000028797e+01,-7.026891924830021285e-02
3.189713370946334337e+01,2.084900000000028797e+01,-7.026891924830021285e-02
3.193713370946334251e+01,2.084700000000028908e+01,-7.026891924830021285e-02
3.195713370946334209e+01,2.084600000000028786e+01,-8.726891924830021408e-02
3.201713370946334436e+01,2.084300000000028774e+01,-8.726891924830021408e-02
3.203713370946334749e+01,2.084200000000028652e+01,-8.726891924830021408e-02
3.209713370946334976e+01,2.083900000000028641e+01,-8.726891924830021408e-02
3.211713370946335289e+01,2.083800000000028518e+01,-8.726891924830021408e-02
3.215713370946335203e+01,2.083600000000028629e+01,-1.052689192483002162e-01
3.219713370946335118e+01,2.083400000000028740e+01,-1.052689192483002162e-01
3.223713370946335033e+01,2.083200000000028851e+01,-1.052689192483002162e-01
3.225713370946335345e+01,2.083100000000028729e+01,-1.052689192483002162e-01
3.229813370946335027e+01,2.082800000000028717e+01,-1.222689192483002174e-01
3.231813370946335340e+01,2.082600000000028828e+01,-1.222689192483002174e-01
3.236013370946335499e+01,2.082300000000028817e+01,-1.222689192483002174e-01
3.238113370946335579e+01,2.082100000000028928e+01,-1.222689192483002174e-01
3.242313370946335738e+01,2.081700000000028794e+01,-1.222689192483002174e-01
3.248313370946335965e+01,2.081100000000028771e+01,-1.222689192483002174e-01
3.250313370946336278e+01,2.081000000000028649e+01,-1.222689192483002174e-01
3.254313370946336192e+01,2.080700000000028638e+01,-1.222689192483002174e-01
3.256313370946336505e+01,2.080500000000028749e+01,-1.222689192483002174e-01
3.260313370946336420e+01,2.080200000000028737e+01,-1.052689192483002162e-01
3.262313370946336732e+01,2.080100000000028615e+01,-1.052689192483002162e-01
3.266313370946336647e+01,2.079900000000028726e+01,-1.052689192483002162e-01
3.268313370946336960e+01,2.079800000000028604e+01,-1.052689192483002162e-01
3.272313370946336875e+01,2.079600000000028714e+01,-1.052689192483002162e-01
3.278413370946336869e+01,2.079300000000028703e+01,-8.726891924830021408e-02
3.280513370946336948e+01,2.079200000000028581e+01,-8.726891924830021408e-02
3.284713370946337108e+01,2.079000000000028692e+01,-8.726891924830021408e-02
3.286813370946337187e+01,2.078900000000028570e+01,-8.726891924830021408e-02
3.291013370946337346e+01,2.078700000000028680e+01,-8.726891924830021408e-02
3.293113370946337426e+01,2.078600000000028558e+01,-8.726891924830021408e-02
3.297413370946337352e+01,2.078400000000028669e+01,-8.726891924830021408e-02
3.299513370946337432e+01,2.078300000000028547e+01,-8.726891924830021408e-02
3.303713370946337591e+01,2.078100000000028658e+01,-8.726891924830021408e-02
3.307913370946337750e+01,2.077900000000028768e+01,-8.726891924830021408e-02
3.314213370946337989e+01,2.077600000000028757e+01,-8.726891924830021408e-02
3.318413370946338148e+01,2.077400000000028868e+01,-8.726891924830021408e-02
3.324613370946337909e+01,2.077100000000028857e+01,-8.726891924830021408e-02
3.332613370946337739e+01,2.076700000000028723e+01,-8.726891924830021408e-02
3.334613370946338051e+01,2.076600000000028601e+01,-8.726891924830021408e-02
3.338613370946337966e+01,2.076400000000028712e+01,-8.726891924830021408e-02
3.344613370946338193e+01,2.076100000000028700e+01,-1.052689192483002162e-01
3.346613370946338506e+01,2.076000000000028578e+01,-1.052689192483002162e-01
3.350813370946338665e+01,2.075700000000028567e+01,-1.052689192483002162e-01
3.352913370946338745e+01,2.075600000000028444e+01,-1.052689192483002162e-01
3.357113370946338904e+01,2.075300000000028433e+01,-1.052689192483002162e-01
3.361313370946339063e+01,2.075000000000028422e+01,-1.052689192483002162e-01
3.363313370946339376e+01,2.074900000000028299e+01,-1.052689192483002162e-01
3.365313370946339688e+01,2.074800000000028177e+01,-1.052689192483002162e-01
3.369313370946339603e+01,2.074500000000028166e+01,-1.052689192483002162e-01
3.375313370946339830e+01,2.074200000000028155e+01,-1.052689192483002162e-01
3.377313370946340143e+01,2.074100000000028032e+01,-1.052689192483002162e-01
3.380613370946340268e+01,2.073900000000028143e+01,-8.726891924830021408e-02
3.381313370946340058e+01,2.073900000000028143e+01,-8.726891924830021408e-02
3.384113370946339927e+01,2.073900000000028143e+01,-5.226891924830021074e-02
3.386113370946340240e+01,2.073900000000028143e+01,-5.226891924830021074e-02
3.390113370946340154e+01,2.073900000000028143e+01,-5.226891924830021074e-02
3.392113370946340467e+01,2.073900000000028143e+01,-3.526891924830019565e-02
3.396313370946340626e+01,2.073900000000028143e+01,-3.526891924830018177e-02
3.400513370946340785e+01,2.073900000000028143e+01,-3.526891924830016789e-02
3.404713370946340945e+01,2.073900000000028143e+01,-3.508361206871387500e-02
3.406813370946341024e+01,2.073900000000028143e+01,-3.508361206871386112e-02
3.411013370946341183e+01,2.073900000000028143e+01,-3.508361206871384724e-02
3.415113370946340865e+01,2.073900000000028143e+01,-3.508361206871383337e-02
3.417113370946341178e+01,2.073900000000028143e+01,-1.808361206871383214e-02
3.421113370946341092e+01,2.073900000000028143e+01,-1.808361206871383214e-02
3.423113370946341405e+01,2.073900000000028143e+01,-1.808361206871383214e-02
3.427113370946341320e+01,2.073900000000028143e+01,-1.808361206871383214e-02
3.435213370946341627e+01,2.073900000000028143e+01,-8.361206871383350392e-05
3.437313370946341706e+01,2.074000000000028265e+01,-8.361206871383350392e-05
3.441513370946341865e+01,2.074100000000028388e+01,-8.361206871383350392e-05
3.445713370946342025e+01,2.074200000000028510e+01,-8.361206871383350392e-05
3.447713370946342337e+01,2.074200000000028510e+01,-8.361206871383350392e-05
3.451713370946342252e+01,2.074300000000028632e+01,-8.361206871383350392e-05
3.453713370946342565e+01,2.074300000000028632e+01,-8.361206871383350392e-05
3.457713370946342479e+01,2.074400000000028754e+01,-8.361206871383350392e-05
3.461713370946342394e+01,2.074400000000028754e+01,-1.808361206871383214e-02
3.465713370946342309e+01,2.074400000000028754e+01,-1.808361206871383214e-02
3.469713370946342224e+01,2.074400000000028754e+01,-3.508361206871381949e-02
3.471713370946342536e+01,2.074400000000028754e+01,-3.526891924830023728e-02
3.475713370946342451e+01,2.074400000000028754e+01,-5.226891924830023850e-02
3.477713370946342764e+01,2.074400000000028754e+01,-7.026891924830024061e-02
3.481713370946342678e+01,2.074200000000028865e+01,-8.726891924830024183e-02
3.483713370946342991e+01,2.074100000000028743e+01,-8.726891924830024183e-02
3.487713370946342906e+01,2.073900000000028854e+01,-1.052689192483002439e-01
3.491713370946342820e+01,2.073600000000028842e+01,-1.222689192483002452e-01
3.495713370946342735e+01,2.073300000000028831e+01,-1.222689192483002452e-01
3.499713370946342650e+01,2.072900000000028697e+01,-1.402689192483002334e-01
3.501713370946342962e+01,2.072700000000028808e+01,-1.402689192483002334e-01
3.505713370946342877e+01,2.072300000000028675e+01,-1.402689192483002334e-01
3.507713370946343190e+01,2.072100000000028786e+01,-1.402689192483002334e-01
3.511713370946343105e+01,2.071700000000028652e+01,-1.572689192483002207e-01
3.513713370946343417e+01,2.071500000000028763e+01,-1.572689192483002207e-01
3.517713370946343332e+01,2.071000000000028862e+01,-1.572689192483002207e-01
3.521813370946343014e+01,2.070500000000028962e+01,-1.572689192483002207e-01
3.526013370946343173e+01,2.069900000000028939e+01,-1.572689192483002207e-01
3.528113370946343252e+01,2.069600000000028928e+01,-1.742689192483002358e-01
3.534113370946343480e+01,2.068800000000029016e+01,-1.572689192483002207e-01
3.536113370946343792e+01,2.068500000000029004e+01,-1.572689192483002207e-01
3.540113370946343707e+01,2.068000000000029104e+01,-1.572689192483002207e-01
3.542113370946344020e+01,2.067800000000029215e+01,-1.572689192483002207e-01
3.546113370946343935e+01,2.067300000000029314e+01,-1.572689192483002207e-01
3.548113370946344247e+01,2.067100000000029425e+01,-1.572689192483002207e-01
3.552113370946344162e+01,2.066700000000029291e+01,-1.572689192483002207e-01
3.556113370946344077e+01,2.066300000000029158e+01,-1.402689192483002056e-01
3.560113370946343991e+01,2.065900000000029024e+01,-1.402689192483002056e-01
3.564113370946343906e+01,2.065500000000028891e+01,-1.402689192483002056e-01
3.566113370946344219e+01,2.065300000000029002e+01,-1.402689192483002056e-01
3.570113370946344133e+01,2.064900000000028868e+01,-1.222689192483002035e-01
3.572113370946344446e+01,2.064700000000028979e+01,-1.222689192483002035e-01
3.578113370946344673e+01,2.064200000000029078e+01,-1.222689192483002035e-01
3.582113370946344588e+01,2.063900000000029067e+01,-1.052689192483002023e-01
3.586113370946344503e+01,2.063700000000029178e+01,-1.052689192483002023e-01
3.588113370946344816e+01,2.063500000000029289e+01,-1.052689192483002023e-01
3.591413370946344941e+01,2.063300000000029399e+01,-8.726891924830020020e-02
3.593313370946344776e+01,2.063300000000029399e+01,-5.226891924830019687e-02
3.597013370946344679e+01,2.063300000000029399e+01,-5.226891924830019687e-02
3.601013370946344594e+01,2.063300000000029399e+01,-3.526891924830018177e-02
3.603013370946344907e+01,2.063300000000029399e+01,-3.526891924830016789e-02
3.607013370946344821e+01,2.063300000000029399e+01,-5.226891924830016911e-02
3.609013370946345134e+01,2.063300000000029399e+01,-5.226891924830016911e-02
3.613013370946345049e+01,2.063300000000029399e+01,-5.226891924830016911e-02
3.617013370946344963e+01,2.063300000000029399e+01,-7.026891924830017122e-02
3.619013370946345276e+01,2.063200000000029277e+01,-7.026891924830017122e-02
3.623013370946345191e+01,2.063000000000029388e+01,-8.726891924830017244e-02
3.627013370946345105e+01,2.062800000000029499e+01,-1.052689192483001746e-01
3.631013370946345020e+01,2.062400000000029365e+01,-1.222689192483001758e-01
3.633013370946345333e+01,2.062300000000029243e+01,-1.222689192483001758e-01
3.637113370946345015e+01,2.061900000000029110e+01,-1.222689192483001758e-01
3.639213370946345094e+01,2.061700000000029220e+01,-1.402689192483001779e-01
3.643213370946345009e+01,2.061300000000029087e+01,-1.402689192483001779e-01
3.647313370946344691e+01,2.060900000000028953e+01,-1.402689192483001779e-01
3.649313370946345003e+01,2.060700000000029064e+01,-1.402689192483001779e-01
3.655313370946345231e+01,2.060100000000029041e+01,-1.222689192483001758e-01
3.657313370946345543e+01,2.059900000000029152e+01,-1.222689192483001758e-01
3.659313370946345856e+01,2.059700000000029263e+01,-1.222689192483001758e-01
3.663313370946345771e+01,2.059400000000029252e+01,-1.222689192483001758e-01
3.665313370946346083e+01,2.059200000000029362e+01,-1.222689192483001758e-01
3.669313370946345998e+01,2.058900000000029351e+01,-1.222689192483001758e-01
3.671313370946346311e+01,2.058800000000029229e+01,-1.052689192483001746e-01
3.675313370946346225e+01,2.058500000000029218e+01,-1.052689192483001746e-01
3.677313370946346538e+01,2.058400000000029095e+01,-1.052689192483001746e-01
3.681313370946346453e+01,2.058200000000029206e+01,-1.052689192483001746e-01
3.685313370946346367e+01,2.058000000000029317e+01,-1.052689192483001746e-01
3.691313370946346595e+01,2.057700000000029306e+01,-8.726891924830017244e-02
3.693313370946346907e+01,2.057600000000029183e+01,-8.726891924830017244e-02
3.697413370946346589e+01,2.057400000000029294e+01,-8.726891924830017244e-02
3.699413370946346902e+01,2.057300000000029172e+01,-8.726891924830017244e-02
3.703613370946347061e+01,2.057100000000029283e+01,-7.026891924830017122e-02
3.705713370946347140e+01,2.057100000000029283e+01,-7.026891924830017122e-02
3.709913370946347300e+01,2.056900000000029394e+01,-7.026891924830017122e-02
3.714113370946347459e+01,2.056700000000029505e+01,-7.026891924830017122e-02
3.716213370946347538e+01,2.056700000000029505e+01,-7.026891924830017122e-02
3.716213370946347538e+01,2.056700000000029505e+01,-7.026891924830017122e-02
3.722513370946347777e+01,2.056500000000029615e+01,-7.026891924830017122e-02
3.726713370946347936e+01,2.056400000000029493e+01,-7.026891924830017122e-02
3.730913370946348095e+01,2.056300000000029371e+01,-7.026891924830017122e-02
3.735113370946348255e+01,2.056200000000029249e+01,-7.026891924830017122e-02
3.739313370946348414e+01,2.056100000000029127e+01,-7.026891924830017122e-02
3.743513370946348573e+01,2.056000000000029004e+01,-7.026891924830017122e-02
3.747713370946348732e+01,2.055900000000028882e+01,-7.026891924830017122e-02
3.751913370946348891e+01,2.055900000000028882e+01,-7.026891924830017122e-02
3.756113370946349050e+01,2.055800000000028760e+01,-7.026891924830017122e-02
3.758213370946349130e+01,2.055800000000028760e+01,-7.026891924830017122e-02
3.762413370946349289e+01,2.055700000000028638e+01,-7.026891924830017122e-02
3.766613370946349448e+01,2.055700000000028638e+01,-7.026891924830017122e-02
3.768713370946349528e+01,2.055600000000028516e+01,-7.026891924830017122e-02
3.772913370946349687e+01,2.055600000000028516e+01,-5.226891924830016911e-02
3.777113370946349846e+01,2.055600000000028516e+01,-5.226891924830016911e-02
3.781313370946350005e+01,2.055500000000028393e+01,-5.226891924830016911e-02
3.783313370946350318e+01,2.055500000000028393e+01,-7.026891924830017122e-02
3.787313370946350233e+01,2.055500000000028393e+01,-7.026891924830017122e-02
3.791313370946350148e+01,2.055400000000028271e+01,-7.026891924830017122e-02
3.793313370946350460e+01,2.055300000000028149e+01,-7.026891924830017122e-02
3.796613370946350585e+01,2.055200000000028027e+01,-7.026891924830017122e-02
3.798713370946350665e+01,2.055200000000028027e+01,-5.226891924830016911e-02
3.800413370946350966e+01,2.055200000000028027e+01,-5.226891924830016911e-02
3.804613370946351125e+01,2.055200000000028027e+01,-5.226891924830016911e-02
3.806613370946351438e+01,2.055200000000028027e+01,-5.226891924830016911e-02
3.810613370946351353e+01,2.055200000000028027e+01,-5.226891924830016911e-02
3.814613370946351267e+01,2.055200000000028027e+01,-7.026891924830017122e-02
3.820713370946351262e+01,2.055100000000027904e+01,-7.026891924830017122e-02
3.822713370946351574e+01,2.055000000000027782e+01,-7.026891924830017122e-02
3.824713370946351887e+01,2.055000000000027782e+01,-7.026891924830017122e-02
3.828713370946351802e+01,2.054800000000027893e+01,-7.026891924830017122e-02
3.832713370946351716e+01,2.054600000000028004e+01,-8.726891924830017244e-02
3.834813370946351796e+01,2.054500000000027882e+01,-8.726891924830017244e-02
3.839013370946351955e+01,2.054300000000027993e+01,-8.726891924830017244e-02
3.841113370946352035e+01,2.054200000000027870e+01,-8.726891924830017244e-02
3.845313370946352194e+01,2.054000000000027981e+01,-8.726891924830017244e-02
3.851613370946352433e+01,2.053700000000027970e+01,-8.726891924830017244e-02
3.853713370946352512e+01,2.053600000000027848e+01,-8.726891924830017244e-02
3.857913370946352671e+01,2.053400000000027958e+01,-8.726891924830017244e-02
3.860013370946352751e+01,2.053300000000027836e+01,-8.726891924830017244e-02
3.864013370946352666e+01,2.053100000000027947e+01,-8.726891924830017244e-02
3.866013370946352978e+01,2.053000000000027825e+01,-8.726891924830017244e-02
3.870013370946352893e+01,2.052800000000027936e+01,-8.726891924830017244e-02
3.872013370946353206e+01,2.052700000000027813e+01,-8.726891924830017244e-02
3.876113370946352887e+01,2.052500000000027924e+01,-7.026891924830017122e-02
3.880113370946352802e+01,2.052400000000027802e+01,-7.026891924830017122e-02
3.884113370946352717e+01,2.052300000000027680e+01,-7.026891924830017122e-02
3.888113370946352632e+01,2.052300000000027680e+01,-5.226891924830016911e-02
3.892113370946352546e+01,2.052300000000027680e+01,-5.226891924830016911e-02
3.894113370946352859e+01,2.052300000000027680e+01,-5.226891924830016911e-02
3.898113370946352774e+01,2.052300000000027680e+01,-5.226891924830016911e-02
3.904113370946353001e+01,2.052300000000027680e+01,-3.526891924830015401e-02
3.906113370946353314e+01,2.052300000000027680e+01,-3.526891924830014013e-02
3.910113370946353228e+01,2.052300000000027680e+01,-3.508361206871387500e-02
3.916113370946353456e+01,2.052300000000027680e+01,-1.808361206871387378e-02
3.918113370946353768e+01,2.052300000000027680e+01,-1.808361206871387378e-02
3.922313370946353928e+01,2.052300000000027680e+01,-1.808361206871387378e-02
3.924413370946354007e+01,2.052300000000027680e+01,-1.808361206871387378e-02
3.928613370946354166e+01,2.052300000000027680e+01,-1.808361206871387378e-02
3.930713370946354246e+01,2.052300000000027680e+01,-1.808361206871387378e-02
3.934713370946354161e+01,2.052300000000027680e+01,-1.808361206871387378e-02
3.938713370946354075e+01,2.052300000000027680e+01,-1.808361206871387378e-02
3.942713370946353990e+01,2.052300000000027680e+01,-1.808361206871387378e-02
3.944713370946354303e+01,2.052300000000027680e+01,-1.808361206871387378e-02
3.948713370946354217e+01,2.052300000000027680e+01,-1.808361206871387378e-02
3.950713370946354530e+01,2.052300000000027680e+01,-1.808361206871387378e-02
3.954713370946354445e+01,2.052300000000027680e+01,-3.508361206871386112e-02
3.958713370946354360e+01,2.052300000000027680e+01,-3.508361206871384724e-02
3.962713370946354274e+01,2.052300000000027680e+01,-3.526891924830023728e-02
3.964713370946354587e+01,2.052300000000027680e+01,-3.526891924830022340e-02
3.968913370946354746e+01,2.052300000000027680e+01,-3.526891924830020952e-02
3.971013370946354826e+01,2.052300000000027680e+01,-5.226891924830021074e-02
3.975113370946354507e+01,2.052300000000027680e+01,-5.226891924830021074e-02
3.975113370946354507e+01,2.052300000000027680e+01,-5.226891924830021074e-02
3.981313370946354269e+01,2.052300000000027680e+01,-5.226891924830021074e-02
3.985513370946354428e+01,2.052300000000027680e+01,-5.226891924830021074e-02
3.989713370946354587e+01,2.052300000000027680e+01,-5.226891924830021074e-02
3.993913370946354746e+01,2.052300000000027680e+01,-5.226891924830021074e-02
3.996013370946354826e+01,2.052300000000027680e+01,-5.226891924830021074e-02
4.000213370946354985e+01,2.052300000000027680e+01,-5.226891924830021074e-02
4.002313370946355064e+01,2.052300000000027680e+01,-5.226891924830021074e-02
4.006513370946355224e+01,2.052300000000027680e+01,-5.226891924830021074e-02
4.010713370946355383e+01,2.052300000000027680e+01,-5.226891924830021074e-02
4.015013370946355309e+01,2.052300000000027680e+01,-5.226891924830021074e-02
4.017113370946355388e+01,2.052300000000027680e+01,-5.226891924830021074e-02
4.021313370946355548e+01,2.052300000000027680e+01,-5.226891924830021074e-02
4.027613370946355786e+01,2.052300000000027680e+01,-5.226891924830021074e-02
4.029713370946355866e+01,2.052300000000027680e+01,-5.226891924830021074e-02
4.031813370946355946e+01,2.052300000000027680e+01,-5.226891924830021074e-02
4.034013370946355792e+01,2.052300000000027680e+01,-5.226891924830021074e-02
4.038213370946355951e+01,2.052300000000027680e+01,-5.226891924830021074e-02
4.042413370946356110e+01,2.052200000000027558e+01,-5.226891924830021074e-02
4.048413370946356338e+01,2.052200000000027558e+01,-7.026891924830021285e-02
4.050413370946356650e+01,2.052100000000027435e+01,-7.026891924830021285e-02
4.052413370946356963e+01,2.052100000000027435e+01,-7.026891924830021285e-02
4.056413370946356878e+01,2.051900000000027546e+01,-7.026891924830021285e-02
4.060413370946356793e+01,2.051800000000027424e+01,-8.726891924830021408e-02
4.066513370946356787e+01,2.051500000000027413e+01,-8.726891924830021408e-02
4.068513370946357099e+01,2.051400000000027291e+01,-8.726891924830021408e-02
4.072513370946357014e+01,2.051200000000027401e+01,-1.052689192483002162e-01
4.072513370946357014e+01,2.051200000000027401e+01,-1.052689192483002162e-01
4.078513370946357242e+01,2.050900000000027390e+01,-1.052689192483002162e-01
4.082513370946357156e+01,2.050700000000027501e+01,-1.052689192483002162e-01
4.086513370946357071e+01,2.050400000000027489e+01,-1.222689192483002174e-01
4.088513370946357384e+01,2.050200000000027600e+01,-1.222689192483002174e-01
4.092513370946357298e+01,2.049800000000027467e+01,-1.222689192483002174e-01
4.094513370946357611e+01,2.049600000000027578e+01,-1.402689192483002056e-01
4.098513370946357526e+01,2.049200000000027444e+01,-1.572689192483002207e-01
4.102513370946357441e+01,2.048700000000027543e+01,-1.742689192483002358e-01
4.108513370946357668e+01,2.047800000000027509e+01,-1.922689192483002241e-01
4.110513370946357981e+01,2.047500000000027498e+01,-1.922689192483002241e-01
4.114513370946357895e+01,2.046800000000027353e+01,-2.092689192483002114e-01
4.116513370946358208e+01,2.046500000000027342e+01,-2.092689192483002114e-01
4.120513370946358123e+01,2.045700000000027430e+01,-2.092689192483002114e-01
4.122513370946358435e+01,2.045300000000027296e+01,-2.272689192483001996e-01
4.126513370946358350e+01,2.044500000000027384e+01,-2.272689192483001996e-01
4.128513370946358663e+01,2.044100000000027251e+01,-2.272689192483001996e-01
4.132513370946358577e+01,2.043300000000027339e+01,-2.442689192483001870e-01
4.136513370946358492e+01,2.042500000000027427e+01,-2.442689192483001870e-01
4.140513370946358407e+01,2.041700000000027515e+01,-2.442689192483001870e-01
4.142513370946358719e+01,2.041200000000027615e+01,-2.623138672732482357e-01
4.146513370946358634e+01,2.040300000000027580e+01,-2.623138672732482357e-01
4.148513370946358947e+01,2.039800000000027680e+01,-2.793138672732482508e-01
4.152513370946358862e+01,2.038800000000027524e+01,-2.973138672732482668e-01
4.154513370946359174e+01,2.038200000000027501e+01,-2.973138672732482668e-01
4.158413370946359322e+01,2.037100000000027578e+01,-3.323138672732482979e-01
4.162313370946359470e+01,2.035900000000027532e+01,-3.493138672732483130e-01
4.166113370946359140e+01,2.034600000000027364e+01,-3.663138672732483281e-01
4.168113370946359453e+01,2.033900000000027219e+01,-3.843138672732483441e-01
4.171913370946359123e+01,2.032500000000027285e+01,-4.013138672732483592e-01
4.175713370946358793e+01,2.031100000000027350e+01,-4.193138672732483752e-01
4.179413370946358697e+01,2.029600000000027293e+01,-4.363138672732483903e-01
4.181213370946358765e+01,2.028800000000027381e+01,-4.543138672732485173e-01
4.185013370946358435e+01,2.027200000000027558e+01,-4.713138672732485324e-01
4.186813370946358503e+01,2.026300000000027524e+01,-4.893138672732484928e-01
4.190413370946358640e+01,2.024500000000027455e+01,-4.893138672732484928e-01
4.194013370946358776e+01,2.022700000000027387e+01,-5.063138672732484524e-01
4.195813370946358845e+01,2.021800000000027353e+01,-5.063138672732484524e-01
4.199513370946358748e+01,2.019900000000027518e+01,-5.243138672732484684e-01
4.204813370946358475e+01,2.017200000000027416e+01,-5.243138672732484684e-01
4.206613370946358543e+01,2.016200000000027259e+01,-5.243138672732484684e-01
4.208413370946358611e+01,2.015300000000027225e+01,-5.413138672732484835e-01
4.212013370946358748e+01,2.013300000000027268e+01,-5.413138672732484835e-01
4.217313370946358475e+01,2.010300000000027154e+01,-5.583138672732484986e-01
4.220913370946358611e+01,2.008300000000027197e+01,-5.583138672732484986e-01
4.222613370946358913e+01,2.007300000000027040e+01,-5.583138672732484986e-01
4.226113370946358572e+01,2.005200000000026961e+01,-5.763138672732485146e-01
4.227813370946358873e+01,2.004200000000026805e+01,-5.763138672732485146e-01
4.233113370946358600e+01,2.001100000000026924e+01,-5.763138672732485146e-01
4.234913370946358668e+01,2.000000000000027001e+01,-5.763138672732485146e-01
4.238313370946358560e+01,1.997800000000027154e+01,-5.933138672732485297e-01
4.240013370946358862e+01,1.996700000000027231e+01,-5.933138672732485297e-01
4.243413370946358754e+01,1.994600000000027151e+01,-6.113138672732485457e-01
4.246813370946358646e+01,1.992400000000027305e+01,-6.283138672732485608e-01
4.248413370946358469e+01,1.991300000000027381e+01,-6.283138672732485608e-01
4.251713370946358594e+01,1.988900000000027291e+01,-6.463138672732485768e-01
4.256613370946358543e+01,1.985300000000027154e+01,-6.633138672732485919e-01
4.258313370946358845e+01,1.984100000000027109e+01,-6.633138672732485919e-01
4.259913370946358668e+01,1.982900000000027063e+01,-6.633138672732485919e-01
4.263213370946358793e+01,1.980500000000026972e+01,-6.633138672732485919e-01
4.264813370946358617e+01,1.979300000000026927e+01,-6.813138672732486079e-01
4.267913370946358498e+01,1.976900000000026836e+01,-6.813138672732486079e-01
4.269913370946358810e+01,1.975400000000026779e+01,-6.633138672732485919e-01
4.271113370946358856e+01,1.974600000000026867e+01,-6.463138672732485768e-01
4.274313370946358503e+01,1.972400000000027021e+01,-5.933138672732485297e-01
4.276013370946358805e+01,1.971400000000026864e+01,-5.583138672732484986e-01
4.281513370946358776e+01,1.968700000000026762e+01,-4.543138672732485173e-01
4.283413370946358611e+01,1.967900000000026850e+01,-4.193138672732484862e-01
4.287213370946358282e+01,1.966500000000026915e+01,-3.663138672732484946e-01
4.289113370946358117e+01,1.965800000000026770e+01,-3.493138672732484795e-01
4.293113370946358032e+01,1.964600000000026725e+01,-2.973138672732484888e-01
4.295113370946358344e+01,1.964100000000026824e+01,-2.793138672732484729e-01
4.299113370946358259e+01,1.963200000000026790e+01,-2.273138672732484822e-01
4.301113370946358572e+01,1.962800000000026657e+01,-2.093138672732484939e-01
4.305113370946358486e+01,1.962200000000026634e+01,-1.743138672732484906e-01
4.309113370946358401e+01,1.961700000000026733e+01,-1.573138672732485310e-01
4.313113370946358316e+01,1.961300000000026600e+01,-1.403138672732485159e-01
4.315113370946358629e+01,1.961100000000026711e+01,-1.223138672732485138e-01
4.319113370946358543e+01,1.960900000000026822e+01,-1.053138672732484848e-01
4.323113370946358458e+01,1.960700000000026932e+01,-7.031386727324848152e-02
4.325113370946358771e+01,1.960700000000026932e+01,-7.031386727324848152e-02
4.329113370946358685e+01,1.960700000000026932e+01,-5.231386727324847941e-02
4.331113370946358998e+01,1.960700000000026932e+01,-3.512856009366214366e-02
4.335113370946358913e+01,1.960700000000026932e+01,-1.812856009366214244e-02
4.339113370946358827e+01,1.960700000000026932e+01,-1.285600936621437984e-04
4.343113370946358742e+01,1.960800000000027055e+01,-1.285600936621437984e-04
4.345113370946359055e+01,1.960800000000027055e+01,-1.285600936621437984e-04
4.355113370946359197e+01,1.961300000000026955e+01,1.687143990633785742e-02
4.359113370946359112e+01,1.961500000000026844e+01,3.487143990633785606e-02
4.361113370946359424e+01,1.961600000000026967e+01,3.487143990633785606e-02
4.365113370946359339e+01,1.961900000000026978e+01,3.487143990633785606e-02
4.369113370946359254e+01,1.962200000000026989e+01,5.187143990633785728e-02
4.375313370946359015e+01,1.962700000000026890e+01,5.187143990633785728e-02
4.377313370946359328e+01,1.962900000000026779e+01,5.187143990633785728e-02
4.381513370946359487e+01,1.963300000000026913e+01,5.187143990633785728e-02
4.383613370946359566e+01,1.963500000000026802e+01,5.187143990633785728e-02
4.387813370946359726e+01,1.963900000000026935e+01,6.987143990633785939e-02
4.389913370946359805e+01,1.964100000000026824e+01,6.987143990633785939e-02
4.393913370946359720e+01,1.964500000000026958e+01,6.987143990633785939e-02
4.395913370946360033e+01,1.964700000000026847e+01,5.187143990633785728e-02
4.399913370946359947e+01,1.965100000000026981e+01,5.187143990633785728e-02
4.404113370946360106e+01,1.965500000000027114e+01,5.187143990633785728e-02
4.408313370946360266e+01,1.965900000000027248e+01,5.187143990633785728e-02
4.410413370946360345e+01,1.966100000000027137e+01,5.187143990633785728e-02
4.416713370946360584e+01,1.966700000000027160e+01,5.187143990633785728e-02
4.418813370946360664e+01,1.966900000000027049e+01,5.187143990633785728e-02
4.420913370946360743e+01,1.967100000000026938e+01,5.187143990633785728e-02
4.423013370946360823e+01,1.967300000000026827e+01,5.187143990633785728e-02
4.431413370946361141e+01,1.968100000000026739e+01,5.187143990633785728e-02
4.435613370946361300e+01,1.968500000000026873e+01,5.187143990633785728e-02
4.437613370946361613e+01,1.968700000000026762e+01,5.187143990633785728e-02
4.441813370946361772e+01,1.969100000000026895e+01,5.187143990633785728e-02
4.445913370946361454e+01,1.969500000000027029e+01,5.187143990633785728e-02
4.449913370946361368e+01,1.969900000000027163e+01,5.187143990633785728e-02
4.451913370946361681e+01,1.970100000000027052e+01,5.187143990633785728e-02
4.455913370946361596e+01,1.970400000000027063e+01,5.187143990633785728e-02
4.457913370946361908e+01,1.970600000000026952e+01,5.187143990633785728e-02
4.461913370946361823e+01,1.970900000000026964e+01,5.187143990633785728e-02
4.465913370946361738e+01,1.971200000000026975e+01,3.487143990633785606e-02
4.469913370946361653e+01,1.971400000000026864e+01,3.487143990633785606e-02
4.473913370946361567e+01,1.971600000000026753e+01,3.487143990633785606e-02
4.477913370946361482e+01,1.971900000000026765e+01,3.487143990633785606e-02
4.479913370946361795e+01,1.972000000000026887e+01,3.487143990633785606e-02
4.481913370946362107e+01,1.972100000000027009e+01,3.487143990633785606e-02
4.483913370946362420e+01,1.972200000000027131e+01,3.487143990633785606e-02
4.487913370946362335e+01,1.972500000000027143e+01,5.187143990633785728e-02
4.491913370946362249e+01,1.972900000000027276e+01,5.187143990633785728e-02
4.495913370946362164e+01,1.973200000000027288e+01,5.187143990633785728e-02
4.497913370946362477e+01,1.973400000000027177e+01,5.187143990633785728e-02
4.501913370946362392e+01,1.973800000000027310e+01,6.987143990633785939e-02
4.505913370946362306e+01,1.974200000000027444e+01,6.987143990633785939e-02
4.509913370946362221e+01,1.974600000000027578e+01,6.987143990633785939e-02
4.513913370946362136e+01,1.975000000000027711e+01,6.987143990633785939e-02
4.515913370946362448e+01,1.975200000000027600e+01,8.687143990633786061e-02
4.521913370946362676e+01,1.975900000000027745e+01,8.687143990633786061e-02
4.525813370946362824e+01,1.976400000000027646e+01,8.687143990633786061e-02
4.529813370946362738e+01,1.976900000000027546e+01,1.048714399063378627e-01
4.531813370946363051e+01,1.977200000000027558e+01,1.048714399063378627e-01
4.537813370946363278e+01,1.978100000000027592e+01,1.218714399063378639e-01
4.539813370946363591e+01,1.978400000000027603e+01,1.218714399063378639e-01
4.543813370946363506e+01,1.979000000000027626e+01,1.218714399063378639e-01
4.549913370946363500e+01,1.980000000000027782e+01,1.218714399063378639e-01
4.551913370946363813e+01,1.980300000000027794e+01,1.218714399063378639e-01
4.558113370946363574e+01,1.981400000000027717e+01,1.398714399063378522e-01
4.560113370946363887e+01,1.981700000000027728e+01,1.398714399063378522e-01
4.562213370946363966e+01,1.982100000000027862e+01,1.398714399063378522e-01
4.566413370946364125e+01,1.982900000000027774e+01,1.398714399063378522e-01
4.570413370946364040e+01,1.983500000000027796e+01,1.398714399063378522e-01
4.574413370946363955e+01,1.984200000000027941e+01,1.398714399063378522e-01
4.576413370946364267e+01,1.984500000000027953e+01,1.218714399063378501e-01
4.580413370946364182e+01,1.985100000000027975e+01,1.218714399063378501e-01
4.582413370946364495e+01,1.985400000000027987e+01,1.218714399063378501e-01
4.586413370946364410e+01,1.986000000000028010e+01,1.218714399063378501e-01
4.590413370946364324e+01,1.986600000000028032e+01,1.218714399063378501e-01
4.592413370946364637e+01,1.986900000000028044e+01,1.218714399063378501e-01
4.596413370946364552e+01,1.987500000000028066e+01,1.048714399063378488e-01
4.600513370946364233e+01,1.988100000000028089e+01,1.048714399063378488e-01
4.604713370946364392e+01,1.988700000000028112e+01,1.048714399063378488e-01
4.608913370946364552e+01,1.989300000000028135e+01,1.048714399063378488e-01
4.611013370946364631e+01,1.989600000000028146e+01,1.048714399063378488e-01
4.615213370946364790e+01,1.990200000000028169e+01,1.048714399063378488e-01
4.619213370946364705e+01,1.990800000000028191e+01,1.048714399063378488e-01
4.621213370946365018e+01,1.991100000000028203e+01,1.048714399063378488e-01
4.623213370946365330e+01,1.991400000000028214e+01,1.048714399063378488e-01
4.627313370946365012e+01,1.992000000000028237e+01,1.218714399063378501e-01
4.631313370946364927e+01,1.992600000000028260e+01,1.398714399063378522e-01
4.633313370946365239e+01,1.993000000000028393e+01,1.398714399063378522e-01
4.639313370946365467e+01,1.994200000000028439e+01,1.738714399063378546e-01
4.641313370946365779e+01,1.994700000000028339e+01,1.918714399063378984e-01
4.645313370946365694e+01,1.995600000000028373e+01,2.268714399063379017e-01
4.647213370946365529e+01,1.996100000000028274e+01,2.438714399063379168e-01
4.651113370946365677e+01,1.997300000000028319e+01,2.788714399063378924e-01
4.655013370946365825e+01,1.998600000000028487e+01,3.138714399063379235e-01
4.656913370946365660e+01,1.999300000000028632e+01,3.138714399063379235e-01
4.660713370946365330e+01,2.000700000000028567e+01,3.488714399063380101e-01
4.664513370946365001e+01,2.002200000000028624e+01,3.658714399063380251e-01
4.668213370946364904e+01,2.003800000000028447e+01,3.838714399063380411e-01
4.670013370946364972e+01,2.004600000000028359e+01,3.838714399063380411e-01
4.673813370946364643e+01,2.006200000000028183e+01,3.838714399063380411e-01
4.677613370946364313e+01,2.007800000000028007e+01,4.008714399063380562e-01
4.679513370946364148e+01,2.008700000000028041e+01,4.008714399063380562e-01
4.683513370946364063e+01,2.010500000000028109e+01,4.008714399063380562e-01
4.715013370946363835e+01,2.024300000000028277e+01,3.658714399063381362e-01
4.716913370946363671e+01,2.025100000000028189e+01,3.658714399063381362e-01
4.720713370946363341e+01,2.026700000000028012e+01,3.658714399063381362e-01
4.724513370946363011e+01,2.028300000000027836e+01,3.658714399063381362e-01
4.728313370946362681e+01,2.029800000000027893e+01,3.488714399063381211e-01
4.730213370946362517e+01,2.030600000000027805e+01,3.488714399063381211e-01
4.734013370946362187e+01,2.032000000000027740e+01,3.318714399063381060e-01
4.735913370946362022e+01,2.032700000000027885e+01,3.138714399063380900e-01
4.739713370946361692e+01,2.034100000000027819e+01,2.968714399063380749e-01
4.743513370946361363e+01,2.035400000000027987e+01,2.788714399063379479e-01
4.745413370946361198e+01,2.036000000000028010e+01,2.618714399063379328e-01
4.749413370946361113e+01,2.037200000000028055e+01,2.618714399063379328e-01
4.753313370946361260e+01,2.038400000000028101e+01,2.618714399063379328e-01
4.757213370946361408e+01,2.039600000000028146e+01,2.438714399063379445e-01
4.759213370946361721e+01,2.040200000000028169e+01,2.438714399063379445e-01
4.767113370946361783e+01,2.042400000000028015e+01,2.268714399063379572e-01
4.769113370946362096e+01,2.043000000000028038e+01,2.268714399063379572e-01
4.771113370946362409e+01,2.043500000000027939e+01,2.268714399063379572e-01
4.775113370946362323e+01,2.044500000000028095e+01,2.088714399063379690e-01
4.777113370946362636e+01,2.045000000000027995e+01,2.088714399063379690e-01
4.781113370946362551e+01,2.046000000000028152e+01,2.088714399063379690e-01
4.785113370946362465e+01,2.047000000000028308e+01,1.918714399063379816e-01
4.789113370946362380e+01,2.048000000000028464e+01,1.918714399063379816e-01
4.793113370946362295e+01,2.048900000000028498e+01,1.738714399063379934e-01
4.795113370946362608e+01,2.049300000000028632e+01,1.738714399063379934e-01
4.799113370946362522e+01,2.050200000000028666e+01,1.568714399063380061e-01
4.801113370946362835e+01,2.050600000000028800e+01,1.568714399063380061e-01
4.805113370946362750e+01,2.051400000000028712e+01,1.398714399063379354e-01
4.807113370946363062e+01,2.051700000000028723e+01,1.218714399063379333e-01
4.813113370946363290e+01,2.052600000000028757e+01,1.048714399063379321e-01
4.815113370946363602e+01,2.052900000000028768e+01,1.048714399063379321e-01
4.819113370946363517e+01,2.053500000000028791e+01,1.048714399063379321e-01
4.821113370946363830e+01,2.053700000000028680e+01,8.687143990633793000e-02
4.825113370946363744e+01,2.054200000000028581e+01,8.687143990633793000e-02
4.829113370946363659e+01,2.054700000000028481e+01,8.687143990633793000e-02
4.831113370946363972e+01,2.054900000000028371e+01,6.987143990633792878e-02
4.835113370946363887e+01,2.055300000000028504e+01,6.987143990633792878e-02
4.837113370946364199e+01,2.055500000000028393e+01,6.987143990633792878e-02
4.841113370946364114e+01,2.055900000000028527e+01,5.187143990633792667e-02
4.845113370946364029e+01,2.056300000000028660e+01,5.187143990633792667e-02
4.887113370946364199e+01,2.059500000000028663e+01,3.487143990633792545e-02
4.891313370946364358e+01,2.059800000000028675e+01,3.487143990633792545e-02
4.895613370946364284e+01,2.060000000000028564e+01,3.487143990633792545e-02
4.897713370946364364e+01,2.060200000000028453e+01,3.487143990633792545e-02
4.899813370946364444e+01,2.060300000000028575e+01,3.487143990633792545e-02
4.904013370946364603e+01,2.060600000000028587e+01,3.487143990633792545e-02
4.908213370946364762e+01,2.060900000000028598e+01,3.487143990633792545e-02
4.912413370946364921e+01,2.061100000000028487e+01,3.487143990633792545e-02
4.916413370946364836e+01,2.061400000000028498e+01,3.487143990633792545e-02
4.928813370946365069e+01,2.062300000000028533e+01,5.187143990633792667e-02
4.933013370946365228e+01,2.062600000000028544e+01,5.187143990633792667e-02
4.937213370946365387e+01,2.062900000000028555e+01,5.187143990633792667e-02
4.939313370946365467e+01,2.063100000000028444e+01,5.187143990633792667e-02
4.943513370946365626e+01,2.063400000000028456e+01,5.187143990633792667e-02
4.947713370946365785e+01,2.063800000000028589e+01,5.187143990633792667e-02
4.951913370946365944e+01,2.064100000000028601e+01,5.187143990633792667e-02
4.954013370946366024e+01,2.064300000000028490e+01,5.187143990633792667e-02
4.958213370946366183e+01,2.064600000000028501e+01,5.187143990633792667e-02
4.962413370946366342e+01,2.065000000000028635e+01,5.187143990633792667e-02
4.964513370946366422e+01,2.065200000000028524e+01,5.187143990633792667e-02
4.968713370946366581e+01,2.065500000000028535e+01,5.187143990633792667e-02
4.970813370946366661e+01,2.065700000000028425e+01,5.187143990633792667e-02
4.975013370946366820e+01,2.066100000000028558e+01,5.187143990633792667e-02
4.979213370946366979e+01,2.066400000000028570e+01,5.187143990633792667e-02
4.983413370946367138e+01,2.066700000000028581e+01,5.187143990633792667e-02
4.987613370946367297e+01,2.067100000000028714e+01,5.187143990633792667e-02
4.989713370946367377e+01,2.067200000000028837e+01,5.187143990633792667e-02
4.993913370946367536e+01,2.067600000000028970e+01,5.187143990633792667e-02
4.998113370946367695e+01,2.067900000000028982e+01,5.187143990633792667e-02
5.000213370946367775e+01,2.068100000000028871e+01,5.187143990633792667e-02
5.004413370946367934e+01,2.068500000000029004e+01,5.187143990633792667e-02
5.006513370946368013e+01,2.068600000000029127e+01,5.187143990633792667e-02
5.010713370946368173e+01,2.069000000000029260e+01,5.187143990633792667e-02
5.014913370946368332e+01,2.069400000000029394e+01,5.187143990633792667e-02
5.019113370946368491e+01,2.069700000000029405e+01,5.187143990633792667e-02
5.021213370946368570e+01,2.069900000000029294e+01,5.187143990633792667e-02
5.029613370946368889e+01,2.070600000000029439e+01,5.187143990633792667e-02
5.031713370946368968e+01,2.070800000000029328e+01,5.187143990633792667e-02
5.035913370946369128e+01,2.071100000000029340e+01,5.187143990633792667e-02
5.038013370946369207e+01,2.071300000000029229e+01,5.187143990633792667e-02
5.042213370946369366e+01,2.071700000000029362e+01,5.187143990633792667e-02
5.046513370946369292e+01,2.072000000000029374e+01,5.187143990633792667e-02
5.050613370946368974e+01,2.072400000000029507e+01,5.187143990633792667e-02
5.052613370946369287e+01,2.072500000000029630e+01,5.187143990633792667e-02
5.056613370946369201e+01,2.072800000000029641e+01,3.487143990633792545e-02
5.060813370946369361e+01,2.073100000000029652e+01,3.487143990633792545e-02
5.062913370946369440e+01,2.073200000000029775e+01,3.487143990633792545e-02
5.067113370946369599e+01,2.073500000000029786e+01,3.487143990633792545e-02
5.069113370946369912e+01,2.073600000000029908e+01,3.487143990633792545e-02
5.073313370946370071e+01,2.073900000000029920e+01,3.487143990633792545e-02
5.076813370946369730e+01,2.074100000000029809e+01,3.487143990633792545e-02
5.077713370946369764e+01,2.074100000000029809e+01,5.187143990633792667e-02
5.080713370946369878e+01,2.074400000000029820e+01,6.987143990633792878e-02
5.084813370946369560e+01,2.074800000000029954e+01,6.987143990633792878e-02
5.089013370946369719e+01,2.075200000000030087e+01,6.987143990633792878e-02
5.091013370946370031e+01,2.075400000000029976e+01,6.987143990633792878e-02
5.095013370946369946e+01,2.075800000000030110e+01,5.187143990633792667e-02
5.097013370946370259e+01,2.076000000000029999e+01,5.187143990633792667e-02
5.101013370946370173e+01,2.076400000000030133e+01,5.187143990633792667e-02
5.105013370946370088e+01,2.076700000000030144e+01,5.187143990633792667e-02
5.109013370946370003e+01,2.076900000000030033e+01,3.487143990633792545e-02
5.113013370946369918e+01,2.077100000000029922e+01,1.687143990633792681e-02
5.115013370946370230e+01,2.077200000000030045e+01,1.687143990633792681e-02
5.119013370946370145e+01,2.077400000000029934e+01,-1.285600936620744095e-04
5.121013370946370458e+01,2.077400000000029934e+01,-1.285600936620744095e-04
5.125013370946370372e+01,2.077500000000030056e+01,-1.285600936620744095e-04
5.127013370946370685e+01,2.077500000000030056e+01,-1.285600936620744095e-04
5.131013370946370600e+01,2.077600000000030178e+01,-1.285600936620744095e-04
5.135013370946370515e+01,2.077600000000030178e+01,-1.285600936620744095e-04
5.137013370946370827e+01,2.077600000000030178e+01,-1.285600936620744095e-04
5.141013370946370742e+01,2.077700000000030300e+01,-1.285600936620744095e-04
5.147013370946370969e+01,2.077900000000030190e+01,-1.285600936620744095e-04
5.149013370946371282e+01,2.078000000000030312e+01,-1.285600936620744095e-04
5.153013370946371197e+01,2.078100000000030434e+01,1.687143990633792681e-02
5.155013370946371509e+01,2.078200000000030556e+01,1.687143990633792681e-02
5.159213370946371668e+01,2.078400000000030445e+01,1.687143990633792681e-02
5.161313370946371748e+01,2.078500000000030568e+01,1.687143990633792681e-02
5.165513370946371907e+01,2.078700000000030457e+01,1.687143990633792681e-02
5.171813370946372146e+01,2.079000000000030468e+01,1.687143990633792681e-02
5.176013370946372305e+01,2.079200000000030357e+01,1.687143990633792681e-02
5.180213370946372464e+01,2.079400000000030246e+01,1.687143990633792681e-02
5.182313370946372544e+01,2.079500000000030369e+01,1.687143990633792681e-02
5.186513370946372703e+01,2.079700000000030258e+01,1.687143990633792681e-02
5.188613370946372783e+01,2.079800000000030380e+01,1.687143990633792681e-02
5.192813370946372942e+01,2.080000000000030269e+01,1.687143990633792681e-02
5.197013370946373101e+01,2.080200000000030158e+01,1.687143990633792681e-02
5.199113370946373180e+01,2.080300000000030280e+01,1.687143990633792681e-02
5.203313370946373340e+01,2.080500000000030170e+01,1.687143990633792681e-02
5.205413370946373419e+01,2.080600000000030292e+01,1.687143990633792681e-02
5.209613370946373578e+01,2.080800000000030181e+01,1.687143990633792681e-02
5.215913370946373817e+01,2.081100000000030192e+01,1.687143990633792681e-02
5.218013370946373897e+01,2.081200000000030315e+01,1.687143990633792681e-02
5.222213370946374056e+01,2.081400000000030204e+01,1.687143990633792681e-02
5.224313370946374135e+01,2.081500000000030326e+01,1.687143990633792681e-02
5.230613370946374374e+01,2.081800000000030337e+01,1.687143990633792681e-02
5.232613370946374687e+01,2.081900000000030460e+01,1.687143990633792681e-02
5.234613370946374999e+01,2.082000000000030582e+01,1.687143990633792681e-02
5.238613370946374914e+01,2.082200000000030471e+01,1.687143990633792681e-02
5.244613370946375142e+01,2.082500000000030482e+01,1.687143990633792681e-02
5.246613370946375454e+01,2.082600000000030604e+01,-1.285600936620744095e-04
5.248613370946375767e+01,2.082700000000030727e+01,-1.285600936620744095e-04
5.252613370946375682e+01,2.082800000000030849e+01,-1.285600936620744095e-04
5.254613370946375994e+01,2.082800000000030849e+01,-1.285600936620744095e-04
5.258613370946375909e+01,2.082900000000030971e+01,-1.812856009366207305e-02
5.260613370946376222e+01,2.082900000000030971e+01,-1.812856009366207305e-02
5.264613370946376136e+01,2.082900000000030971e+01,-1.812856009366207305e-02
5.266613370946376449e+01,2.082900000000030971e+01,-1.812856009366207305e-02
5.272613370946376676e+01,2.082900000000030971e+01,-3.512856009366207427e-02
5.274613370946376989e+01,2.082900000000030971e+01,-3.512856009366207427e-02
5.280613370946377216e+01,2.082900000000030971e+01,-5.231386727324884023e-02
5.282613370946377529e+01,2.082900000000030971e+01,-5.231386727324882635e-02
5.286713370946377211e+01,2.082900000000030971e+01,-5.231386727324881247e-02
5.288813370946377290e+01,2.082900000000030971e+01,-5.231386727324879860e-02
5.293013370946377449e+01,2.082900000000030971e+01,-5.231386727324878472e-02
5.295013370946377762e+01,2.082900000000030971e+01,-5.231386727324877084e-02
5.298213370946377410e+01,2.082900000000030971e+01,-5.231386727324875696e-02
5.299113370946377444e+01,2.082900000000030971e+01,-3.531386727324875574e-02
5.301913370946377313e+01,2.082900000000030971e+01,-1.812856009366268020e-02
5.308013370946377307e+01,2.082900000000030971e+01,-1.812856009366268020e-02
5.310013370946377620e+01,2.082900000000030971e+01,-1.812856009366268020e-02
5.314013370946377535e+01,2.082900000000030971e+01,-1.285600936626815627e-04
5.316013370946377847e+01,2.083000000000031093e+01,-1.285600936626815627e-04
5.320113370946377529e+01,2.083100000000031216e+01,-1.285600936626815627e-04
5.322213370946377609e+01,2.083100000000031216e+01,-1.285600936626815627e-04
5.326313370946377290e+01,2.083300000000031105e+01,-1.285600936626815627e-04
5.328413370946377370e+01,2.083300000000031105e+01,-1.285600936626815627e-04
5.338913370946377057e+01,2.083800000000031005e+01,1.687143990633731966e-02
5.341013370946377137e+01,2.083900000000031127e+01,1.687143990633731966e-02
5.343113370946377216e+01,2.084000000000031250e+01,1.687143990633731966e-02
5.347413370946377142e+01,2.084200000000031139e+01,1.687143990633731966e-02
5.351513370946376824e+01,2.084400000000031028e+01,1.687143990633731966e-02
5.353513370946377137e+01,2.084500000000031150e+01,1.687143990633731966e-02
5.357513370946377051e+01,2.084700000000031039e+01,1.687143990633731966e-02
5.359513370946377364e+01,2.084800000000031162e+01,1.687143990633731966e-02
5.363513370946377279e+01,2.085000000000031051e+01,3.487143990633731483e-02
5.367513370946377194e+01,2.085200000000030940e+01,3.487143990633731483e-02
5.371513370946377108e+01,2.085400000000030829e+01,3.487143990633731483e-02
5.375513370946377023e+01,2.085700000000030840e+01,5.187143990633730217e-02
5.377513370946377336e+01,2.085800000000030963e+01,5.187143990633728829e-02
5.381513370946377250e+01,2.086200000000031096e+01,5.187143990633728829e-02
5.383513370946377563e+01,2.086400000000030985e+01,5.187143990633728829e-02
5.387513370946377478e+01,2.086800000000031119e+01,6.987143990633729040e-02
5.389513370946377790e+01,2.087000000000031008e+01,6.987143990633729040e-02
5.395813370946378029e+01,2.087600000000031031e+01,6.987143990633729040e-02
5.397913370946378109e+01,2.087800000000030920e+01,6.987143990633729040e-02
5.401913370946378024e+01,2.088200000000031054e+01,8.687143990633731938e-02
5.405913370946377938e+01,2.088600000000031187e+01,8.687143990633734714e-02
5.407913370946378251e+01,2.088800000000031076e+01,8.687143990633737489e-02
5.411913370946378166e+01,2.089300000000030977e+01,8.687143990633740265e-02
5.413913370946378478e+01,2.089600000000030988e+01,8.687143990633743040e-02
5.417913370946378393e+01,2.090100000000030889e+01,1.048714399063374325e-01
5.420013370946378473e+01,2.090400000000030900e+01,1.048714399063374325e-01
5.424113370946378154e+01,2.091000000000030923e+01,1.048714399063374325e-01
5.428213370946377836e+01,2.091600000000030946e+01,1.048714399063374325e-01
5.432413370946377995e+01,2.092200000000030968e+01,1.048714399063374325e-01
5.436513370946377677e+01,2.092800000000030991e+01,1.218714399063374337e-01
5.438613370946377756e+01,2.093100000000031002e+01,1.218714399063374337e-01
5.442813370946377916e+01,2.093700000000031025e+01,1.218714399063374337e-01
5.447013370946378075e+01,2.094300000000031048e+01,1.218714399063374337e-01
5.449013370946378387e+01,2.094600000000031059e+01,1.218714399063374337e-01
5.453013370946378302e+01,2.095200000000031082e+01,1.218714399063374337e-01
5.457013370946378217e+01,2.095800000000031105e+01,1.218714399063374337e-01
5.459013370946378529e+01,2.096100000000031116e+01,1.218714399063374337e-01
5.463113370946378211e+01,2.096700000000031139e+01,1.218714399063374337e-01
5.467213370946377893e+01,2.097300000000031162e+01,1.218714399063374337e-01
5.469313370946377972e+01,2.097600000000031173e+01,1.048714399063374325e-01
5.473313370946377887e+01,2.098200000000031196e+01,1.048714399063374325e-01
5.475313370946378200e+01,2.098500000000031207e+01,1.048714399063374325e-01
5.479313370946378114e+01,2.099100000000031230e+01,1.048714399063374325e-01
5.481313370946378427e+01,2.099400000000031241e+01,1.048714399063374325e-01
5.485313370946378342e+01,2.100000000000031264e+01,1.048714399063374325e-01
5.489313370946378257e+01,2.100500000000031164e+01,8.687143990633745816e-02
5.495313370946378484e+01,2.101200000000031309e+01,8.687143990633748591e-02
5.499313370946378399e+01,2.101700000000031210e+01,8.687143990633751367e-02
5.503313370946378313e+01,2.102100000000031343e+01,6.987143990633751245e-02
5.507313370946378228e+01,2.102500000000031477e+01,6.987143990633751245e-02
5.509313370946378541e+01,2.102700000000031366e+01,6.987143990633751245e-02
5.513513370946378700e+01,2.103100000000031500e+01,6.987143990633751245e-02
5.517713370946378859e+01,2.103500000000031633e+01,5.187143990633751034e-02
5.519813370946378939e+01,2.103700000000031523e+01,5.187143990633751034e-02
5.524013370946379098e+01,2.104100000000031656e+01,5.187143990633751034e-02
5.526113370946379177e+01,2.104300000000031545e+01,5.187143990633751034e-02
5.530313370946379337e+01,2.104700000000031679e+01,5.187143990633751034e-02
5.534413370946379018e+01,2.105100000000031812e+01,5.187143990633751034e-02
5.538413370946378933e+01,2.105500000000031946e+01,5.187143990633751034e-02
5.540413370946379246e+01,2.105700000000031835e+01,5.187143990633751034e-02
5.542413370946379558e+01,2.105900000000031724e+01,5.187143990633751034e-02
5.546413370946379473e+01,2.106300000000031858e+01,6.987143990633751245e-02
5.550513370946379155e+01,2.106700000000031991e+01,6.987143990633751245e-02
5.552513370946379467e+01,2.106900000000031881e+01,6.987143990633751245e-02
5.556713370946379627e+01,2.107300000000032014e+01,6.987143990633751245e-02
5.560913370946379786e+01,2.107700000000032148e+01,6.987143990633751245e-02
5.567213370946380024e+01,2.108300000000032171e+01,6.987143990633751245e-02
5.569313370946380104e+01,2.108500000000032060e+01,6.987143990633751245e-02
5.571413370946380184e+01,2.108700000000031949e+01,6.987143990633751245e-02
5.575613370946380343e+01,2.109100000000032082e+01,6.987143990633751245e-02
5.579813370946380502e+01,2.109500000000032216e+01,6.987143990633751245e-02
5.581913370946380581e+01,2.109700000000032105e+01,6.987143990633751245e-02
5.586113370946380741e+01,2.110100000000032239e+01,6.987143990633751245e-02
5.588113370946381053e+01,2.110300000000032128e+01,6.987143990633751245e-02
5.590813370946381156e+01,2.110500000000032017e+01,6.987143990633751245e-02
5.592813370946381468e+01,2.110700000000031906e+01,6.987143990633751245e-02
5.595013370946381315e+01,2.110900000000031795e+01,6.987143990633751245e-02
5.596113370946381593e+01,2.111000000000031918e+01,6.987143990633751245e-02
5.598013370946381428e+01,2.111200000000031807e+01,6.987143990633751245e-02
5.598813370946381696e+01,2.111300000000031929e+01,6.987143990633751245e-02
5.599713370946381730e+01,2.111300000000031929e+01,6.987143990633751245e-02
5.599813370946381497e+01,2.111300000000031929e+01,6.987143990633751245e-02
5.599913370946381264e+01,2.111300000000031929e+01,1.048714399063375158e-01
5.600013370946381031e+01,2.111300000000031929e+01,1.738714399063375216e-01
5.600013370946381031e+01,2.111300000000031929e+01,1.738714399063375216e-01
5.600013370946381031e+01,2.111300000000031929e+01,1.738714399063375216e-01
5.600313370946381042e+01,2.111300000000031929e+01,1.738714399063375216e-01
5.600413370946380809e+01,2.111300000000031929e+01,1.738714399063375216e-01
5.600713370946380820e+01,2.111300000000031929e+01,1.738714399063375216e-01
5.600813370946380587e+01,2.111300000000031929e+01,1.738714399063375216e-01
5.601213370946380365e+01,2.111300000000031929e+01,1.568714399063375065e-01
5.601613370946380144e+01,2.111300000000031929e+01,1.568714399063375065e-01
5.601813370946380388e+01,2.111300000000031929e+01,1.568714399063375065e-01
5.602113370946380400e+01,2.111300000000031929e+01,1.398714399063375469e-01
5.602713370946380422e+01,2.111300000000031929e+01,1.218714399063375309e-01
5.603113370946380201e+01,2.111300000000031929e+01,1.218714399063375309e-01
5.603313370946380445e+01,2.111300000000031929e+01,1.048714399063375297e-01
5.603713370946380223e+01,2.111300000000031929e+01,8.687143990633755530e-02
5.603913370946380468e+01,2.111300000000031929e+01,8.687143990633758306e-02
5.604313370946380246e+01,2.111300000000031929e+01,6.987143990633758184e-02
5.604513370946380491e+01,2.111300000000031929e+01,6.987143990633758184e-02
5.604913370946380269e+01,2.111300000000031929e+01,5.187143990633757973e-02
5.605313370946380047e+01,2.111300000000031929e+01,5.187143990633757973e-02
5.605713370946379825e+01,2.111300000000031929e+01,5.187143990633757973e-02
5.606113370946379604e+01,2.111300000000031929e+01,5.187143990633757973e-02
5.606313370946379848e+01,2.111300000000031929e+01,5.187143990633757973e-02
5.606713370946379627e+01,2.111300000000031929e+01,5.187143990633757973e-02
5.607013370946379638e+01,2.111300000000031929e+01,5.187143990633757973e-02
5.607513370946379894e+01,2.111300000000031929e+01,5.187143990633757973e-02
5.607913370946379672e+01,2.111300000000031929e+01,5.187143990633757973e-02
5.608513370946379695e+01,2.111300000000031929e+01,5.187143990633757973e-02
5.608813370946379706e+01,2.111300000000031929e+01,5.187143990633757973e-02
5.609413370946379729e+01,2.111300000000031929e+01,5.187143990633757973e-02
5.609813370946379507e+01,2.111300000000031929e+01,5.187143990633757973e-02
5.610613370946379774e+01,2.111300000000031929e+01,5.187143990633757973e-02
5.611013370946379553e+01,2.111300000000031929e+01,5.187143990633757973e-02
5.611813370946379820e+01,2.111300000000031929e+01,5.187143990633757973e-02
5.612213370946379598e+01,2.111300000000031929e+01,5.187143990633757973e-02
5.613313370946379877e+01,2.111400000000032051e+01,5.187143990633757973e-02
5.614613370946379689e+01,2.111400000000032051e+01,5.187143990633757973e-02
5.615313370946379479e+01,2.111400000000032051e+01,5.187143990633757973e-02
5.616713370946379769e+01,2.111500000000032173e+01,5.187143990633757973e-02
5.618013370946379581e+01,2.111600000000032296e+01,5.187143990633757973e-02
5.619413370946379871e+01,2.111600000000032296e+01,5.187143990633757973e-02
5.620113370946379661e+01,2.111700000000032418e+01,5.187143990633757973e-02
5.620813370946379450e+01,2.111700000000032418e+01,5.187143990633757973e-02
5.622713370946379285e+01,2.111900000000032307e+01,6.987143990633758184e-02
5.625513370946379155e+01,2.112100000000032196e+01,6.987143990633758184e-02
5.627213370946379456e+01,2.112300000000032085e+01,6.987143990633758184e-02
5.631013370946379126e+01,2.112700000000032219e+01,6.987143990633758184e-02
5.635113370946378808e+01,2.113100000000032352e+01,6.987143990633758184e-02
5.637213370946378888e+01,2.113300000000032242e+01,6.987143990633758184e-02
5.643413370946378649e+01,2.113900000000032264e+01,6.987143990633758184e-02
5.645513370946378728e+01,2.114100000000032153e+01,6.987143990633758184e-02
5.649713370946378888e+01,2.114500000000032287e+01,6.987143990633758184e-02
5.651813370946378967e+01,2.114700000000032176e+01,6.987143990633758184e-02
5.656013370946379126e+01,2.115100000000032310e+01,6.987143990633758184e-02
5.660213370946379285e+01,2.115600000000032210e+01,6.987143990633758184e-02
5.662313370946379365e+01,2.115800000000032099e+01,8.687143990633759694e-02
5.666513370946379524e+01,2.116200000000032233e+01,8.687143990633759694e-02
5.672813370946379763e+01,2.116800000000032256e+01,8.687143990633759694e-02
5.674813370946380076e+01,2.117000000000032145e+01,6.987143990633759572e-02
5.676813370946380388e+01,2.117200000000032034e+01,6.987143990633759572e-02
5.680813370946380303e+01,2.117600000000032168e+01,6.987143990633759572e-02
5.682813370946380616e+01,2.117800000000032057e+01,6.987143990633759572e-02
5.690813370946380445e+01,2.118600000000031969e+01,6.987143990633759572e-02
5.692813370946380758e+01,2.118800000000031858e+01,6.987143990633759572e-02
5.694913370946380837e+01,2.119000000000031747e+01,6.987143990633759572e-02
5.699013370946380519e+01,2.119400000000031881e+01,5.187143990633759361e-02
5.702213370946380167e+01,2.119700000000031892e+01,5.187143990633759361e-02
5.703513370946379979e+01,2.119800000000032014e+01,1.398714399063376579e-01
5.703613370946379746e+01,2.119800000000032014e+01,1.918714399063376486e-01
5.703713370946379513e+01,2.119800000000032014e+01,2.788714399063376703e-01
5.703713370946379513e+01,2.119800000000032014e+01,3.488714399063376770e-01
5.703713370946379513e+01,2.119800000000032014e+01,4.538714399063377147e-01
5.703713370946379513e+01,2.119800000000032014e+01,4.888714399063377458e-01
5.703713370946379513e+01,2.119800000000032014e+01,5.928714399063377272e-01
5.703713370946379513e+01,2.119800000000032014e+01,6.458714399063377742e-01
5.703713370946379513e+01,2.119800000000032014e+01,7.498714399063377556e-01
5.703713370946379513e+01,2.119800000000032014e+01,8.898714399063377689e-01
5.703713370946379513e+01,2.119800000000032014e+01,9.248714399063378000e-01
5.703713370946379513e+01,2.119800000000032014e+01,1.011871439906337766e+00
5.703713370946379513e+01,2.119800000000032014e+01,1.064871439906337702e+00
5.703713370946379513e+01,2.119800000000032014e+01,1.133871439906337653e+00
5.703713370946379513e+01,2.119800000000032014e+01,1.168871439906337573e+00
5.703713370946379513e+01,2.119800000000032014e+01,1.238871439906337635e+00
5.703713370946379513e+01,2.119800000000032014e+01,1.273871439906337555e+00
5.703713370946379513e+01,2.119800000000032014e+01,1.343871439906337617e+00
5.703713370946379513e+01,2.119800000000032014e+01,1.413871439906337679e+00
5.703713370946379513e+01,2.119800000000032014e+01,1.465871439906337725e+00
5.703713370946379513e+01,2.119800000000032014e+01,1.500871439906337645e+00
5.703713370946379513e+01,2.119800000000032014e+01,1.552871439906337692e+00
5.703713370946379513e+01,2.119800000000032014e+01,1.605871439906337628e+00
5.703713370946379513e+01,2.119800000000032014e+01,1.640871439906337548e+00
5.703713370946379513e+01,2.119800000000032014e+01,1.674871439906337578e+00
5.703713370946379513e+01,2.119800000000032014e+01,1.709871439906337498e+00
5.703713370946379513e+01,2.119800000000032014e+01,1.744871439906337418e+00
5.703713370946379513e+01,2.119800000000032014e+01,1.797871439906337354e+00
5.703713370946379513e+01,2.119800000000032014e+01,1.832871439906337274e+00
5.703713370946379513e+01,2.119800000000032014e+01,1.849871439906337178e+00
5.703713370946379513e+01,2.119800000000032014e+01,1.901871439906337224e+00
5.703713370946379513e+01,2.119800000000032014e+01,1.936871439906337145e+00
5.703713370946379513e+01,2.119800000000032014e+01,1.936871439906337145e+00
5.703713370946379513e+01,2.119800000000032014e+01,1.971871439906337065e+00
5.703713370946379513e+01,2.119800000000032014e+01,1.989871439906337081e+00
5.703713370946379513e+01,2.119800000000032014e+01,2.006871439906336985e+00
5.703413370946379501e+01,2.120400000000032037e+01,2.041871439906337127e+00
5.701813370946379678e+01,2.122800000000032128e+01,2.146871439906337109e+00
5.699413370946379587e+01,2.125800000000032242e+01,2.268871439906336995e+00
5.698013370946379297e+01,2.127200000000032176e+01,2.338871439906336835e+00
5.695013370946379183e+01,2.129700000000032034e+01,2.477871439906336626e+00
5.689913370946378990e+01,2.132700000000032148e+01,2.652871439906336448e+00
5.686213370946379086e+01,2.134200000000032205e+01,2.774871439906336335e+00
5.684213370946378774e+01,2.134800000000032227e+01,2.844871439906336175e+00
5.680213370946378859e+01,2.135700000000032261e+01,2.949871439906336157e+00
5.676213370946378944e+01,2.136100000000032395e+01,3.053871439906336249e+00
5.672213370946379030e+01,2.136100000000032395e+01,3.140871439906336438e+00
5.670213370946378717e+01,2.136000000000032273e+01,-3.107313867273250096e+00
5.664213370946378490e+01,2.135300000000032128e+01,-3.019313867273250018e+00
5.662213370946378177e+01,2.135000000000032117e+01,-3.002313867273250114e+00
5.660213370946377864e+01,2.134600000000031983e+01,-2.984313867273250320e+00
5.658213370946377552e+01,2.134200000000031849e+01,-2.967313867273250416e+00
5.654213370946377637e+01,2.133300000000031815e+01,-2.932313867273250274e+00
5.650213370946377722e+01,2.132300000000031659e+01,-2.915313867273250370e+00
5.642413370946377427e+01,2.129900000000031568e+01,-2.880313867273250228e+00
5.638513370946377279e+01,2.128600000000031400e+01,-2.845313867273250086e+00
5.636513370946376966e+01,2.127900000000031255e+01,-2.845313867273250086e+00
5.632713370946377296e+01,2.126500000000031321e+01,-2.810313867273249944e+00
5.630813370946377461e+01,2.125800000000031176e+01,-2.810313867273249944e+00
5.627013370946377790e+01,2.124400000000031241e+01,-2.792313867273250150e+00
5.625213370946377722e+01,2.123600000000031329e+01,-2.775313867273250246e+00
5.621413370946378052e+01,2.122000000000031505e+01,-2.775313867273250246e+00
5.617613370946378382e+01,2.120400000000031682e+01,-2.758313867273250342e+00
5.615813370946378313e+01,2.119600000000031770e+01,-2.758313867273250342e+00
5.612113370946378410e+01,2.118000000000031946e+01,-2.740313867273250548e+00
5.606713370946378205e+01,2.115600000000031855e+01,-2.740313867273250548e+00
5.604813370946378370e+01,2.114800000000031943e+01,-2.740313867273250548e+00
5.603013370946378302e+01,2.114000000000032031e+01,-2.740313867273250548e+00
5.601213370946378234e+01,2.113200000000032119e+01,-2.740313867273250548e+00
5.597813370946378342e+01,2.111600000000032296e+01,-2.740313867273250548e+00
5.595013370946378473e+01,2.110300000000032128e+01,-2.758313867273250342e+00
5.593413370946378649e+01,2.109600000000031983e+01,-2.758313867273250342e+00
5.592713370946378859e+01,2.109300000000031972e+01,-2.758313867273250342e+00
5.591713370946379058e+01,2.108900000000031838e+01,-2.758313867273250342e+00
5.590613370946378780e+01,2.108400000000031937e+01,-2.758313867273250342e+00
5.589613370946378978e+01,2.108000000000031804e+01,-2.775313867273250246e+00
5.589213370946379200e+01,2.107900000000031682e+01,-2.775313867273250246e+00
5.588913370946379189e+01,2.107800000000031559e+01,-2.792313867273250150e+00
5.588313370946379166e+01,2.107600000000031670e+01,-2.810313867273249944e+00
5.587513370946378899e+01,2.107400000000031781e+01,-2.827313867273249848e+00
5.587313370946378654e+01,2.107300000000031659e+01,-2.845313867273249642e+00
5.586813370946378399e+01,2.107100000000031770e+01,-2.845313867273249642e+00
5.586413370946378620e+01,2.107000000000031648e+01,-2.845313867273249642e+00
5.585713370946378831e+01,2.106800000000031758e+01,-2.845313867273249642e+00
5.585413370946378819e+01,2.106700000000031636e+01,-2.845313867273249642e+00
5.585413370946378819e+01,2.106700000000031636e+01,-2.845313867273249642e+00
5.585013370946379041e+01,2.106600000000031514e+01,-2.845313867273249642e+00
5.584713370946379030e+01,2.106500000000031392e+01,-2.845313867273249642e+00
5.584113370946379007e+01,2.106300000000031503e+01,-2.845313867273249642e+00
5.583913370946378762e+01,2.106300000000031503e+01,-2.845313867273249642e+00
5.583413370946378507e+01,2.106100000000031613e+01,-2.792313867273249706e+00
5.583013370946378728e+01,2.105900000000031724e+01,-2.723313867273249755e+00
5.582913370946378961e+01,2.105900000000031724e+01,-2.548313867273249933e+00
5.582913370946378961e+01,2.105900000000031724e+01,-2.478313867273250093e+00
5.582913370946378961e+01,2.105900000000031724e+01,-2.339313867273250303e+00
5.582913370946378961e+01,2.105900000000031724e+01,-2.269313867273250462e+00
5.582913370946378961e+01,2.105900000000031724e+01,-2.216313867273250526e+00
5.582713370946378717e+01,2.105700000000031835e+01,-2.216313867273250526e+00
5.582513370946378473e+01,2.105400000000031824e+01,-2.234313867273250320e+00
5.582113370946378694e+01,2.104800000000031801e+01,-2.251313867273250224e+00
5.581513370946378672e+01,2.104000000000031889e+01,-2.286313867273250366e+00
5.581013370946378416e+01,2.103300000000031744e+01,-2.339313867273250303e+00
5.580813370946378171e+01,2.103000000000031733e+01,-2.391313867273250349e+00
5.580713370946378404e+01,2.102900000000031611e+01,-2.426313867273250491e+00
5.580313370946378626e+01,2.102500000000031477e+01,-2.478313867273250537e+00
5.579913370946378848e+01,2.102200000000031466e+01,-2.496313867273250331e+00
5.579713370946378603e+01,2.102000000000031577e+01,-2.461313867273250189e+00
5.579613370946378836e+01,2.101900000000031454e+01,-2.374313867273250001e+00
5.579613370946378836e+01,2.101900000000031454e+01,-2.321313867273250064e+00
5.579613370946378836e+01,2.101900000000031454e+01,-2.216313867273250082e+00
5.579413370946378592e+01,2.101600000000031443e+01,-2.216313867273250082e+00
5.578513370946378558e+01,2.100400000000031397e+01,-2.251313867273250224e+00
5.577913370946378535e+01,2.099700000000031253e+01,-2.269313867273250018e+00
5.576613370946378723e+01,2.098100000000031429e+01,-2.321313867273250064e+00
5.575213370946378433e+01,2.096600000000031372e+01,-2.391313867273249905e+00
5.574413370946378166e+01,2.095900000000031227e+01,-2.426313867273250047e+00
5.573013370946377876e+01,2.094600000000031059e+01,-2.478313867273250093e+00
5.572313370946378086e+01,2.094100000000031159e+01,-2.513313867273250235e+00
5.571113370946378041e+01,2.093200000000031125e+01,-2.496313867273250331e+00
5.570713370946378262e+01,2.092800000000030991e+01,-2.408313867273250253e+00
5.570613370946378495e+01,2.092800000000030991e+01,-2.286313867273250366e+00
5.570713370946378262e+01,2.092900000000031113e+01,-2.164313867273250480e+00
5.570913370946378507e+01,2.093300000000031247e+01,-2.147313867273250576e+00
5.570213370946378717e+01,2.092100000000031201e+01,-2.164313867273250480e+00
5.569713370946378461e+01,2.091300000000031289e+01,-2.182313867273250274e+00
5.568613370946378183e+01,2.089700000000031466e+01,-2.216313867273250082e+00
5.568013370946378160e+01,2.088900000000031554e+01,-2.251313867273250224e+00
5.566613370946377870e+01,2.087300000000031730e+01,-2.321313867273250064e+00
5.565213370946377580e+01,2.085700000000031906e+01,-2.391313867273249905e+00
5.563113370946377501e+01,2.083700000000031949e+01,-2.461313867273249745e+00
5.561713370946377211e+01,2.082500000000031903e+01,-2.496313867273249887e+00
5.558513370946377563e+01,2.080100000000031812e+01,-2.548313867273249933e+00
5.555213370946377438e+01,2.077900000000031966e+01,-2.600313867273249979e+00
5.553513370946377137e+01,2.076800000000032043e+01,-2.635313867273250121e+00
5.550013370946377478e+01,2.074800000000032085e+01,-2.688313867273250057e+00
5.546413370946377341e+01,2.073000000000032017e+01,-2.723313867273250199e+00
5.544513370946377506e+01,2.072100000000031983e+01,-2.740313867273250104e+00
5.540813370946377603e+01,2.070500000000032159e+01,-2.775313867273250246e+00
5.537013370946377933e+01,2.069000000000032102e+01,-2.792313867273250150e+00
5.533213370946378262e+01,2.067600000000032168e+01,-2.827313867273250292e+00
5.531313370946378427e+01,2.066900000000032023e+01,-2.827313867273250292e+00
5.527513370946378757e+01,2.065500000000032088e+01,-2.845313867273250086e+00
5.523713370946379086e+01,2.064200000000031920e+01,-2.862313867273249990e+00
5.521713370946378774e+01,2.063500000000031775e+01,-2.862313867273249990e+00
5.517813370946378626e+01,2.062200000000031608e+01,-2.862313867273249990e+00
5.513913370946378478e+01,2.061000000000031562e+01,-2.880313867273249784e+00
5.511913370946378166e+01,2.060400000000031540e+01,-2.880313867273249784e+00
5.508013370946378018e+01,2.059200000000031494e+01,-2.880313867273249784e+00
5.504113370946377870e+01,2.058000000000031449e+01,-2.897313867273249688e+00
5.500213370946377722e+01,2.056900000000031525e+01,-2.897313867273249688e+00
5.498213370946377410e+01,2.056300000000031503e+01,-2.897313867273249688e+00
5.494313370946377262e+01,2.055200000000031579e+01,-2.915313867273249482e+00
5.492313370946376949e+01,2.054600000000031557e+01,-2.915313867273249482e+00
5.486313370946376722e+01,2.053100000000031500e+01,-2.915313867273249482e+00
5.482313370946376807e+01,2.052100000000031343e+01,-2.932313867273249386e+00
5.479113370946377159e+01,2.051300000000031432e+01,-2.950313867273249180e+00
5.477913370946377114e+01,2.051000000000031420e+01,-3.019313867273249130e+00
5.477713370946376870e+01,2.051000000000031420e+01,-3.107313867273249208e+00
5.477713370946376870e+01,2.051000000000031420e+01,3.123871439906337422e+00
5.477713370946376870e+01,2.051000000000031420e+01,3.036871439906337233e+00
5.477713370946376870e+01,2.051000000000031420e+01,2.931871439906337251e+00
5.477713370946376870e+01,2.051000000000031420e+01,2.879871439906337205e+00
5.477713370946376870e+01,2.051000000000031420e+01,2.791871439906337127e+00
5.477713370946376870e+01,2.051000000000031420e+01,2.757871439906337319e+00
5.477713370946376870e+01,2.051000000000031420e+01,2.617871439906337194e+00
5.477713370946376870e+01,2.051000000000031420e+01,2.582871439906337052e+00
5.477713370946376870e+01,2.051000000000031420e+01,2.495871439906336864e+00
5.477713370946376870e+01,2.051000000000031420e+01,2.460871439906336722e+00
5.477713370946376870e+01,2.051000000000031420e+01,2.390871439906336882e+00
5.477713370946376870e+01,2.051000000000031420e+01,2.320871439906337041e+00
5.477713370946376870e+01,2.051000000000031420e+01,2.285871439906336899e+00
5.477713370946376870e+01,2.051000000000031420e+01,2.233871439906336853e+00
5.477713370946376870e+01,2.051000000000031420e+01,2.198871439906336711e+00
5.477713370946376870e+01,2.051000000000031420e+01,2.146871439906336665e+00
5.477713370946376870e+01,2.051000000000031420e+01,2.076871439906336825e+00
5.477713370946376870e+01,2.051000000000031420e+01,2.023871439906336889e+00
5.477713370946376870e+01,2.051000000000031420e+01,2.006871439906336985e+00
5.477713370946376870e+01,2.051000000000031420e+01,1.936871439906336922e+00
5.477713370946376870e+01,2.051000000000031420e+01,1.901871439906337002e+00
5.477713370946376870e+01,2.051000000000031420e+01,1.866871439906337082e+00
5.477713370946376870e+01,2.051000000000031420e+01,1.832871439906337052e+00
5.477713370946376870e+01,2.051000000000031420e+01,1.814871439906337036e+00
5.477713370946376870e+01,2.051000000000031420e+01,1.762871439906336990e+00
5.477713370946376870e+01,2.051000000000031420e+01,1.727871439906337070e+00
5.477713370946376870e+01,2.051000000000031420e+01,1.674871439906337134e+00
5.477713370946376870e+01,2.051000000000031420e+01,1.640871439906337104e+00
5.477713370946376870e+01,2.051000000000031420e+01,1.622871439906337088e+00
5.477713370946376870e+01,2.051000000000031420e+01,1.587871439906337168e+00
5.477713370946376870e+01,2.051000000000031420e+01,1.570871439906337264e+00
5.477713370946376870e+01,2.051000000000031420e+01,1.552871439906337248e+00
5.477713370946376870e+01,2.051000000000031420e+01,1.517871439906337327e+00
5.477713370946376870e+01,2.051000000000031420e+01,1.517871439906337327e+00
5.477713370946376870e+01,2.051000000000031420e+01,1.482871439906337407e+00
5.477713370946376870e+01,2.051100000000031542e+01,1.465871439906337503e+00
5.477913370946377114e+01,2.052900000000031611e+01,1.395871439906337441e+00
5.478213370946377125e+01,2.054600000000031557e+01,1.343871439906337395e+00
5.479313370946377404e+01,2.058400000000031582e+01,1.203871439906337493e+00
5.480013370946377194e+01,2.060300000000031417e+01,1.151871439906337447e+00
5.481713370946377495e+01,2.063900000000031554e+01,1.011871439906337322e+00
5.485213370946377154e+01,2.068700000000031380e+01,8.198714399063373737e-01
5.487913370946377256e+01,2.071500000000031250e+01,7.148714399063373914e-01
5.491013370946377137e+01,2.074100000000031230e+01,5.928714399063373941e-01
5.492713370946377438e+01,2.075300000000031275e+01,5.408714399063374589e-01
5.496213370946377097e+01,2.077400000000031355e+01,4.538714399063374927e-01
5.499913370946377000e+01,2.079100000000031301e+01,3.658714399063375255e-01
5.503713370946376671e+01,2.080500000000031235e+01,2.968714399063374643e-01
5.505713370946376983e+01,2.081100000000031258e+01,2.618714399063374332e-01
5.509713370946376898e+01,2.082200000000031181e+01,2.088714399063374416e-01
5.511713370946377211e+01,2.082700000000031082e+01,1.918714399063374265e-01
5.515713370946377125e+01,2.083500000000030994e+01,1.568714399063374787e-01
5.519713370946377040e+01,2.084200000000031139e+01,1.218714399063374754e-01
5.521713370946377353e+01,2.084500000000031150e+01,1.218714399063374754e-01
5.525713370946377268e+01,2.085000000000031051e+01,8.687143990633749979e-02
5.531713370946377495e+01,2.085700000000031196e+01,6.987143990633749857e-02
5.533713370946377808e+01,2.085900000000031085e+01,6.987143990633749857e-02
5.535713370946378120e+01,2.086100000000030974e+01,6.987143990633749857e-02
5.539713370946378035e+01,2.086500000000031108e+01,5.187143990633748258e-02
5.541713370946378348e+01,2.086700000000030997e+01,5.187143990633746871e-02
5.545813370946378029e+01,2.087100000000031130e+01,5.187143990633745483e-02
5.549913370946377711e+01,2.087400000000031142e+01,5.187143990633744095e-02
5.551913370946378024e+01,2.087600000000031031e+01,3.487143990633743973e-02
5.555813370946378171e+01,2.087800000000030920e+01,3.487143990633743973e-02
5.557113370946377984e+01,2.087900000000031042e+01,3.487143990633743973e-02
5.560113370946378097e+01,2.088000000000031164e+01,1.687143990633744109e-02
5.561213370946378376e+01,2.088000000000031164e+01,1.687143990633744109e-02
5.563213370946378689e+01,2.088100000000031287e+01,1.687143990633744109e-02
5.564213370946378490e+01,2.088100000000031287e+01,1.687143990633744109e-02
5.566113370946378325e+01,2.088100000000031287e+01,-1.285600936625601320e-04
5.568013370946378160e+01,2.088100000000031287e+01,-1.285600936625601320e-04
5.569013370946377961e+01,2.088100000000031287e+01,-1.285600936625601320e-04
5.570913370946377796e+01,2.088100000000031287e+01,1.687143990633744109e-02
5.573413370946377654e+01,2.088300000000031176e+01,1.738714399063374383e-01
5.573813370946377432e+01,2.088300000000031176e+01,2.268714399063373743e-01
5.574213370946377211e+01,2.088400000000031298e+01,2.968714399063373532e-01
5.576113370946377046e+01,2.089200000000031210e+01,4.888714399063373572e-01
5.577513370946377336e+01,2.090300000000031133e+01,5.928714399063373941e-01
5.578913370946377626e+01,2.091300000000031289e+01,5.758714399063373790e-01
5.579613370946377415e+01,2.091800000000031190e+01,5.758714399063373790e-01
5.581213370946377239e+01,2.093000000000031235e+01,5.238714399063373328e-01
5.583913370946377341e+01,2.094600000000031059e+01,4.358714399063373657e-01
5.584813370946377376e+01,2.095000000000031193e+01,4.008714399063373346e-01
5.585813370946377177e+01,2.095500000000031093e+01,3.658714399063373035e-01
5.587613370946377245e+01,2.096200000000031238e+01,2.968714399063372977e-01
5.588513370946377279e+01,2.096500000000031250e+01,2.618714399063373222e-01
5.590413370946377114e+01,2.097100000000031272e+01,2.968714399063373532e-01
5.591513370946377393e+01,2.097500000000031406e+01,3.318714399063373843e-01
5.593613370946377472e+01,2.098500000000031562e+01,4.538714399063373817e-01
5.594513370946377506e+01,2.099000000000031463e+01,5.058714399063374278e-01
5.600313370946377489e+01,2.105800000000031602e+01,1.064871439906337480e+00
5.601213370946377523e+01,2.107600000000031670e+01,1.133871439906337431e+00
5.601613370946377302e+01,2.108400000000031582e+01,1.116871439906337526e+00
5.602413370946377569e+01,2.110100000000031528e+01,1.151871439906337447e+00
5.602513370946377336e+01,2.110600000000031429e+01,1.168871439906337351e+00
5.602613370946377103e+01,2.110800000000031318e+01,1.186871439906337367e+00
5.602613370946377103e+01,2.110900000000031440e+01,1.203871439906337271e+00
5.602613370946377103e+01,2.110900000000031440e+01,1.238871439906337191e+00
5.602613370946377103e+01,2.110900000000031440e+01,1.256871439906337207e+00
5.602613370946377103e+01,2.110900000000031440e+01,1.273871439906337111e+00
5.602613370946377103e+01,2.110900000000031440e+01,1.308871439906337031e+00
5.602613370946377103e+01,2.110900000000031440e+01,1.308871439906337031e+00
5.602613370946377103e+01,2.110900000000031440e+01,1.343871439906336951e+00
5.602613370946377103e+01,2.110900000000031440e+01,1.360871439906336855e+00
5.602613370946377103e+01,2.110900000000031440e+01,1.378871439906336871e+00
5.602613370946377103e+01,2.110900000000031440e+01,1.413871439906336791e+00
5.602613370946377103e+01,2.110900000000031440e+01,1.430871439906336695e+00
5.602613370946377103e+01,2.110900000000031440e+01,1.448871439906336711e+00
5.602613370946377103e+01,2.110900000000031440e+01,1.482871439906336741e+00
5.602613370946377103e+01,2.110900000000031440e+01,1.500871439906336757e+00
5.602613370946377103e+01,2.110900000000031440e+01,1.517871439906336661e+00
5.602613370946377103e+01,2.110900000000031440e+01,1.552871439906336581e+00
5.602613370946377103e+01,2.110900000000031440e+01,1.552871439906336581e+00
5.602613370946377103e+01,2.110900000000031440e+01,1.552871439906336581e+00
5.602613370946377103e+01,2.110900000000031440e+01,1.552871439906336581e+00
5.602613370946377103e+01,2.110900000000031440e+01,1.552871439906336581e+00
5.602613370946377103e+01,2.110900000000031440e+01,1.552871439906336581e+00
5.602613370946377103e+01,2.110900000000031440e+01,1.552871439906336581e+00
5.602613370946377103e+01,2.110900000000031440e+01,1.552871439906336581e+00
5.602613370946377103e+01,2.110900000000031440e+01,1.552871439906336581e+00
5.602613370946377103e+01,2.110900000000031440e+01,1.552871439906336581e+00
5.602613370946377103e+01,2.110900000000031440e+01,1.552871439906336581e+00
5.602613370946377103e+01,2.110900000000031440e+01,1.552871439906336581e+00
5.602613370946377103e+01,2.110900000000031440e+01,1.535871439906336677e+00
5.602613370946377103e+01,2.110900000000031440e+01,1.535871439906336677e+00
5.602613370946377103e+01,2.110900000000031440e+01,1.535871439906336677e+00
5.602613370946377103e+01,2.110900000000031440e+01,1.535871439906336677e+00
5.602613370946377103e+01,2.110900000000031440e+01,1.535871439906336677e+00
5.602613370946377103e+01,2.110900000000031440e+01,1.535871439906336677e+00
5.602613370946377103e+01,2.110900000000031440e+01,1.535871439906336677e+00
5.602613370946377103e+01,2.110900000000031440e+01,1.535871439906336677e+00
5.602613370946377103e+01,2.110900000000031440e+01,1.535871439906336677e+00
5.602613370946377103e+01,2.110900000000031440e+01,1.535871439906336677e+00
5.602613370946377103e+01,2.110900000000031440e+01,1.535871439906336677e+00
5.602613370946377103e+01,2.110900000000031440e+01,1.535871439906336677e+00
5.602613370946377103e+01,2.110900000000031440e+01,1.535871439906336677e+00
5.602613370946377103e+01,2.110900000000031440e+01,1.535871439906336677e+00
5.602613370946377103e+01,2.110900000000031440e+01,1.535871439906336677e+00
5.602613370946377103e+01,2.110900000000031440e+01,1.535871439906336677e+00
5.602613370946377103e+01,2.110900000000031440e+01,1.535871439906336677e+00
5.602613370946377103e+01,2.110900000000031440e+01,1.535871439906336677e+00
5.602613370946377103e+01,2.110900000000031440e+01,1.535871439906336677e+00
5.602613370946377103e+01,2.110900000000031440e+01,1.535871439906336677e+00
5.602613370946377103e+01,2.110900000000031440e+01,1.535871439906336677e+00
5.602613370946377103e+01,2.110900000000031440e+01,1.535871439906336677e+00
5.602613370946377103e+01,2.110900000000031440e+01,1.535871439906336677e+00
5.602613370946377103e+01,2.110900000000031440e+01,1.535871439906336677e+00
5.602613370946377103e+01,2.110900000000031440e+01,1.535871439906336677e+00
5.602613370946377103e+01,2.110900000000031440e+01,1.535871439906336677e+00
5.602613370946377103e+01,2.110900000000031440e+01,1.535871439906336677e+00
5.602613370946377103e+01,2.110900000000031440e+01,1.535871439906336677e+00
5.602613370946377103e+01,2.110900000000031440e+01,1.535871439906336677e+00
5.602613370946377103e+01,2.110900000000031440e+01,1.535871439906336677e+00
5.602613370946377103e+01,2.110900000000031440e+01,1.535871439906336677e+00
5.602613370946377103e+01,2.110900000000031440e+01,1.535871439906336677e+00
5.602613370946377103e+01,2.110900000000031440e+01,1.535871439906336677e+00
5.602613370946377103e+01,2.110900000000031440e+01,1.535871439906336677e+00
5.602613370946377103e+01,2.110900000000031440e+01,1.535871439906336677e+00
5.602613370946377103e+01,2.110900000000031440e+01,1.535871439906336677e+00
5.602613370946377103e+01,2.110900000000031440e+01,1.535871439906336677e+00
5.602613370946377103e+01,2.110900000000031440e+01,1.535871439906336677e+00
5.602613370946377103e+01,2.110900000000031440e+01,1.535871439906336677e+00
5.602613370946377103e+01,2.110900000000031440e+01,1.535871439906336677e+00
5.602613370946377103e+01,2.110900000000031440e+01,1.535871439906336677e+00
5.602613370946377103e+01,2.110900000000031440e+01,1.535871439906336677e+00
5.602613370946377103e+01,2.110900000000031440e+01,1.535871439906336677e+00
5.602613370946377103e+01,2.110900000000031440e+01,1.535871439906336677e+00
5.602613370946377103e+01,2.110900000000031440e+01,1.535871439906336677e+00
5.602613370946377103e+01,2.110900000000031440e+01,1.535871439906336677e+00
5.602613370946377103e+01,2.110900000000031440e+01,1.535871439906336677e+00
5.602613370946377103e+01,2.110900000000031440e+01,1.535871439906336677e+00
5.602613370946377103e+01,2.110900000000031440e+01,1.535871439906336677e+00
5.602613370946377103e+01,2.110900000000031440e+01,1.535871439906336677e+00
5.602613370946377103e+01,2.110900000000031440e+01,1.535871439906336677e+00
5.602613370946377103e+01,2.110900000000031440e+01,1.535871439906336677e+00
5.602613370946377103e+01,2.110900000000031440e+01,1.535871439906336677e+00
5.602613370946377103e+01,2.110900000000031440e+01,1.535871439906336677e+00
5.602613370946377103e+01,2.110900000000031440e+01,1.535871439906336677e+00
5.602613370946377103e+01,2.110900000000031440e+01,1.535871439906336677e+00
5.602613370946377103e+01,2.110900000000031440e+01,1.535871439906336677e+00
5.602613370946377103e+01,2.110900000000031440e+01,1.535871439906336677e+00
5.602613370946377103e+01,2.110900000000031440e+01,1.535871439906336677e+00
5.602613370946377103e+01,2.110900000000031440e+01,1.535871439906336677e+00
5.602613370946377103e+01,2.110900000000031440e+01,1.535871439906336677e+00
5.602613370946377103e+01,2.110900000000031440e+01,1.535871439906336677e+00
5.602613370946377103e+01,2.110900000000031440e+01,1.535871439906336677e+00
5.602613370946377103e+01,2.110900000000031440e+01,1.535871439906336677e+00
5.602613370946377103e+01,2.110900000000031440e+01,1.535871439906336677e+00
5.602613370946377103e+01,2.110900000000031440e+01,1.535871439906336677e+00
5.602613370946377103e+01,2.110900000000031440e+01,1.535871439906336677e+00
5.602613370946377103e+01,2.110900000000031440e+01,1.535871439906336677e+00
5.602613370946377103e+01,2.110900000000031440e+01,1.535871439906336677e+00
5.602613370946377103e+01,2.110900000000031440e+01,1.535871439906336677e+00
5.602613370946377103e+01,2.110900000000031440e+01,1.535871439906336677e+00
5.602613370946377103e+01,2.110900000000031440e+01,1.535871439906336677e+00
5.602613370946377103e+01,2.110900000000031440e+01,1.535871439906336677e+00
5.602613370946377103e+01,2.110900000000031440e+01,1.535871439906336677e+00
5.602613370946377103e+01,2.110900000000031440e+01,1.535871439906336677e+00
5.602613370946377103e+01,2.110900000000031440e+01,1.535871439906336677e+00
5.602613370946377103e+01,2.110900000000031440e+01,1.535871439906336677e+00
5.602613370946377103e+01,2.110900000000031440e+01,1.535871439906336677e+00
5.602613370946377103e+01,2.110900000000031440e+01,1.535871439906336677e+00
5.602613370946377103e+01,2.110900000000031440e+01,1.535871439906336677e+00
5.602613370946377103e+01,2.110900000000031440e+01,1.535871439906336677e+00
5.602613370946377103e+01,2.110900000000031440e+01,1.535871439906336677e+00
5.602613370946377103e+01,2.110900000000031440e+01,1.535871439906336677e+00
5.602613370946377103e+01,2.110900000000031440e+01,1.535871439906336677e+00
5.602613370946377103e+01,2.110900000000031440e+01,1.535871439906336677e+00
5.602613370946377103e+01,2.110900000000031440e+01,1.535871439906336677e+00
5.602613370946377103e+01,2.110900000000031440e+01,1.535871439906336677e+00
5.602613370946377103e+01,2.110900000000031440e+01,1.535871439906336677e+00
5.602613370946377103e+01,2.110900000000031440e+01,1.535871439906336677e+00
5.602613370946377103e+01,2.110900000000031440e+01,1.535871439906336677e+00
5.602613370946377103e+01,2.110900000000031440e+01,1.535871439906336677e+00
5.602613370946377103e+01,2.110900000000031440e+01,1.535871439906336677e+00
5.602613370946377103e+01,2.110900000000031440e+01,1.535871439906336677e+00
5.602613370946377103e+01,2.110900000000031440e+01,1.535871439906336677e+00
5.602613370946377103e+01,2.110900000000031440e+01,1.535871439906336677e+00
5.602613370946377103e+01,2.110900000000031440e+01,1.535871439906336677e+00
5.602613370946377103e+01,2.110900000000031440e+01,1.535871439906336677e+00
5.602613370946377103e+01,2.110900000000031440e+01,1.535871439906336677e+00
5.602613370946377103e+01,2.110900000000031440e+01,1.535871439906336677e+00
5.602613370946377103e+01,2.110900000000031440e+01,1.535871439906336677e+00
5.602613370946377103e+01,2.110900000000031440e+01,1.535871439906336677e+00
5.602613370946377103e+01,2.110900000000031440e+01,1.535871439906336677e+00
5.602613370946377103e+01,2.110900000000031440e+01,1.535871439906336677e+00
5.602613370946377103e+01,2.110900000000031440e+01,1.535871439906336677e+00
5.602613370946377103e+01,2.110900000000031440e+01,1.535871439906336677e+00
5.602613370946377103e+01,2.110900000000031440e+01,1.535871439906336677e+00
5.602613370946377103e+01,2.110900000000031440e+01,1.535871439906336677e+00
5.602613370946377103e+01,2.110900000000031440e+01,1.535871439906336677e+00
5.602613370946377103e+01,2.110900000000031440e+01,1.535871439906336677e+00
5.602613370946377103e+01,2.110900000000031440e+01,1.535871439906336677e+00
5.602613370946377103e+01,2.110900000000031440e+01,1.535871439906336677e+00
5.602613370946377103e+01,2.110900000000031440e+01,1.535871439906336677e+00
5.602613370946377103e+01,2.110900000000031440e+01,1.535871439906336677e+00
5.602613370946377103e+01,2.110900000000031440e+01,1.535871439906336677e+00
5.602613370946377103e+01,2.110900000000031440e+01,1.535871439906336677e+00
5.602613370946377103e+01,2.110900000000031440e+01,1.535871439906336677e+00
5.602613370946377103e+01,2.110900000000031440e+01,1.535871439906336677e+00
5.602613370946377103e+01,2.110900000000031440e+01,1.535871439906336677e+00
5.602613370946377103e+01,2.110900000000031440e+01,1.535871439906336677e+00
5.602613370946377103e+01,2.110900000000031440e+01,1.535871439906336677e+00
5.602613370946377103e+01,2.110900000000031440e+01,1.535871439906336677e+00
5.602613370946377103e+01,2.110900000000031440e+01,1.535871439906336677e+00
5.602613370946377103e+01,2.110900000000031440e+01,1.535871439906336677e+00
5.602613370946377103e+01,2.110900000000031440e+01,1.535871439906336677e+00
5.602613370946377103e+01,2.110900000000031440e+01,1.535871439906336677e+00
5.602613370946377103e+01,2.110900000000031440e+01,1.535871439906336677e+00
5.602613370946377103e+01,2.110900000000031440e+01,1.535871439906336677e+00
5.602613370946377103e+01,2.110900000000031440e+01,1.535871439906336677e+00
5.602613370946377103e+01,2.110900000000031440e+01,1.535871439906336677e+00
5.602613370946377103e+01,2.110900000000031440e+01,1.535871439906336677e+00
5.602613370946377103e+01,2.110900000000031440e+01,1.535871439906336677e+00
5.602613370946377103e+01,2.110900000000031440e+01,1.535871439906336677e+00
5.602613370946377103e+01,2.110900000000031440e+01,1.535871439906336677e+00
5.602613370946377103e+01,2.110900000000031440e+01,1.535871439906336677e+00
5.602613370946377103e+01,2.110900000000031440e+01,1.535871439906336677e+00
5.602613370946377103e+01,2.110900000000031440e+01,1.535871439906336677e+00
5.602613370946377103e+01,2.110900000000031440e+01,1.535871439906336677e+00
5.602613370946377103e+01,2.110900000000031440e+01,1.535871439906336677e+00
5.602613370946377103e+01,2.110900000000031440e+01,1.535871439906336677e+00
5.602613370946377103e+01,2.110900000000031440e+01,1.535871439906336677e+00
5.602613370946377103e+01,2.110900000000031440e+01,1.535871439906336677e+00
5.602613370946377103e+01,2.110900000000031440e+01,1.535871439906336677e+00
5.602613370946377103e+01,2.110900000000031440e+01,1.535871439906336677e+00
5.602613370946377103e+01,2.110900000000031440e+01,1.535871439906336677e+00
5.602613370946377103e+01,2.110900000000031440e+01,1.535871439906336677e+00
5.602613370946377103e+01,2.110900000000031440e+01,1.535871439906336677e+00
5.602613370946377103e+01,2.110900000000031440e+01,1.535871439906336677e+00
5.602613370946377103e+01,2.110900000000031440e+01,1.535871439906336677e+00
5.602613370946377103e+01,2.110900000000031440e+01,1.535871439906336677e+00
5.602613370946377103e+01,2.110900000000031440e+01,1.535871439906336677e+00
5.602613370946377103e+01,2.110900000000031440e+01,1.535871439906336677e+00
5.602613370946377103e+01,2.110900000000031440e+01,1.535871439906336677e+00
5.602613370946377103e+01,2.110900000000031440e+01,1.535871439906336677e+00
5.602613370946377103e+01,2.110900000000031440e+01,1.535871439906336677e+00
5.602613370946377103e+01,2.110900000000031440e+01,1.535871439906336677e+00
5.602613370946377103e+01,2.110900000000031440e+01,1.535871439906336677e+00
5.602613370946377103e+01,2.110900000000031440e+01,1.535871439906336677e+00
5.602613370946377103e+01,2.110900000000031440e+01,1.535871439906336677e+00
5.602613370946377103e+01,2.110900000000031440e+01,1.535871439906336677e+00
5.602613370946377103e+01,2.110900000000031440e+01,1.535871439906336677e+00
5.602613370946377103e+01,2.110900000000031440e+01,1.535871439906336677e+00
5.602613370946377103e+01,2.110900000000031440e+01,1.535871439906336677e+00
5.602613370946377103e+01,2.110900000000031440e+01,1.535871439906336677e+00
5.602613370946377103e+01,2.110900000000031440e+01,1.535871439906336677e+00
5.602613370946377103e+01,2.110900000000031440e+01,1.535871439906336677e+00
5.602613370946377103e+01,2.110900000000031440e+01,1.535871439906336677e+00
5.602613370946377103e+01,2.110900000000031440e+01,1.535871439906336677e+00
5.602613370946377103e+01,2.110900000000031440e+01,1.535871439906336677e+00
5.602613370946377103e+01,2.110900000000031440e+01,1.535871439906336677e+00
5.602613370946377103e+01,2.110900000000031440e+01,1.535871439906336677e+00
5.602613370946377103e+01,2.110900000000031440e+01,1.535871439906336677e+00
5.602613370946377103e+01,2.110900000000031440e+01,1.535871439906336677e+00
5.602613370946377103e+01,2.110900000000031440e+01,1.535871439906336677e+00
5.602613370946377103e+01,2.110900000000031440e+01,1.535871439906336677e+00
5.602613370946377103e+01,2.110900000000031440e+01,1.535871439906336677e+00
5.602613370946377103e+01,2.110900000000031440e+01,1.535871439906336677e+00
5.602613370946377103e+01,2.110900000000031440e+01,1.535871439906336677e+00
5.602613370946377103e+01,2.110900000000031440e+01,1.535871439906336677e+00
5.602613370946377103e+01,2.110900000000031440e+01,1.535871439906336677e+00
5.602613370946377103e+01,2.110900000000031440e+01,1.535871439906336677e+00
5.602613370946377103e+01,2.110900000000031440e+01,1.535871439906336677e+00
5.602613370946377103e+01,2.110900000000031440e+01,1.535871439906336677e+00
5.602613370946377103e+01,2.110900000000031440e+01,1.535871439906336677e+00
5.602613370946377103e+01,2.110900000000031440e+01,1.535871439906336677e+00
5.602613370946377103e+01,2.110900000000031440e+01,1.535871439906336677e+00
5.602613370946377103e+01,2.110900000000031440e+01,1.535871439906336677e+00
5.602613370946377103e+01,2.110900000000031440e+01,1.535871439906336677e+00
5.602613370946377103e+01,2.110900000000031440e+01,1.535871439906336677e+00
5.602613370946377103e+01,2.110900000000031440e+01,1.535871439906336677e+00
5.602613370946377103e+01,2.110900000000031440e+01,1.535871439906336677e+00
5.602613370946377103e+01,2.110900000000031440e+01,1.535871439906336677e+00
5.602613370946377103e+01,2.110900000000031440e+01,1.535871439906336677e+00
5.602613370946377103e+01,2.110900000000031440e+01,1.535871439906336677e+00
5.602613370946377103e+01,2.110900000000031440e+01,1.535871439906336677e+00
5.602613370946377103e+01,2.110900000000031440e+01,1.535871439906336677e+00
5.602613370946377103e+01,2.110900000000031440e+01,1.535871439906336677e+00
5.602613370946377103e+01,2.110900000000031440e+01,1.535871439906336677e+00
5.602613370946377103e+01,2.110900000000031440e+01,1.535871439906336677e+00
5.602613370946377103e+01,2.110900000000031440e+01,1.535871439906336677e+00
5.602613370946377103e+01,2.110900000000031440e+01,1.535871439906336677e+00
5.602613370946377103e+01,2.110900000000031440e+01,1.535871439906336677e+00
5.602613370946377103e+01,2.110900000000031440e+01,1.535871439906336677e+00
5.602613370946377103e+01,2.110900000000031440e+01,1.535871439906336677e+00
5.602613370946377103e+01,2.110900000000031440e+01,1.535871439906336677e+00
5.602613370946377103e+01,2.110900000000031440e+01,1.535871439906336677e+00
5.602613370946377103e+01,2.110900000000031440e+01,1.535871439906336677e+00
5.602613370946377103e+01,2.110900000000031440e+01,1.535871439906336677e+00
5.602613370946377103e+01,2.110900000000031440e+01,1.535871439906336677e+00
5.602613370946377103e+01,2.110900000000031440e+01,1.535871439906336677e+00
5.602613370946377103e+01,2.110900000000031440e+01,1.535871439906336677e+00
5.602613370946377103e+01,2.110900000000031440e+01,1.535871439906336677e+00
5.602613370946377103e+01,2.110900000000031440e+01,1.535871439906336677e+00
5.602613370946377103e+01,2.110900000000031440e+01,1.535871439906336677e+00
5.602613370946377103e+01,2.110900000000031440e+01,1.535871439906336677e+00
5.602613370946377103e+01,2.110900000000031440e+01,1.535871439906336677e+00
5.602613370946377103e+01,2.110900000000031440e+01,1.535871439906336677e+00
5.602613370946377103e+01,2.110900000000031440e+01,1.535871439906336677e+00
5.602613370946377103e+01,2.110900000000031440e+01,1.535871439906336677e+00
5.602613370946377103e+01,2.110900000000031440e+01,1.535871439906336677e+00
5.602613370946377103e+01,2.110900000000031440e+01,1.535871439906336677e+00
5.602613370946377103e+01,2.110900000000031440e+01,1.535871439906336677e+00
5.602613370946377103e+01,2.110900000000031440e+01,1.535871439906336677e+00
5.602613370946377103e+01,2.110900000000031440e+01,1.535871439906336677e+00
5.602613370946377103e+01,2.110900000000031440e+01,1.535871439906336677e+00
5.602613370946377103e+01,2.110900000000031440e+01,1.535871439906336677e+00
5.602613370946377103e+01,2.110900000000031440e+01,1.535871439906336677e+00
5.602613370946377103e+01,2.110900000000031440e+01,1.535871439906336677e+00
5.602613370946377103e+01,2.110900000000031440e+01,1.535871439906336677e+00
5.602613370946377103e+01,2.110900000000031440e+01,1.535871439906336677e+00
5.602613370946377103e+01,2.110900000000031440e+01,1.535871439906336677e+00
5.602613370946377103e+01,2.110900000000031440e+01,1.535871439906336677e+00
5.602613370946377103e+01,2.110900000000031440e+01,1.535871439906336677e+00
5.602613370946377103e+01,2.110900000000031440e+01,1.535871439906336677e+00
5.602613370946377103e+01,2.110900000000031440e+01,1.535871439906336677e+00
5.602613370946377103e+01,2.110900000000031440e+01,1.535871439906336677e+00
5.602613370946377103e+01,2.110900000000031440e+01,1.535871439906336677e+00
5.602613370946377103e+01,2.110900000000031440e+01,1.535871439906336677e+00
5.602613370946377103e+01,2.110900000000031440e+01,1.535871439906336677e+00
