3.807000000000000028e+01,-1.951999999999999957e+01,0.000000000000000000e+00
3.807000000000000028e+01,-1.951999999999999957e+01,0.000000000000000000e+00
3.807000000000000028e+01,-1.951999999999999957e+01,0.000000000000000000e+00
3.807000000000000028e+01,-1.951999999999999957e+01,0.000000000000000000e+00
3.807000000000000028e+01,-1.951999999999999957e+01,0.000000000000000000e+00
3.807000000000000028e+01,-1.951999999999999957e+01,1.400000000000000133e-01
3.807000000000000028e+01,-1.951999999999999957e+01,3.319999999999999063e-01
3.807000000000000028e+01,-1.951999999999999957e+01,4.889999999999998792e-01
3.807000000000000028e+01,-1.951999999999999957e+01,6.460000000000000187e-01
3.807000000000000028e+01,-1.951999999999999957e+01,8.030000000000000471e-01
3.807000000000000028e+01,-1.951999999999999957e+01,9.250000000000000444e-01
3.808500000000000085e+01,-1.948199999999999932e+01,1.239000000000000101e+00
3.809900000000000375e+01,-1.935899999999999821e+01,1.553000000000000158e+00
3.808900000000000574e+01,-1.923899999999999721e+01,1.675000000000000266e+00
3.806400000000000716e+01,-1.909899999999999665e+01,1.745000000000000329e+00
3.802800000000000580e+01,-1.895899999999999608e+01,1.798000000000000265e+00
3.798700000000000898e+01,-1.881999999999999673e+01,1.833000000000000185e+00
3.795000000000000995e+01,-1.870099999999999696e+01,1.833000000000000185e+00
3.790800000000000836e+01,-1.856599999999999540e+01,1.833000000000000185e+00
3.786600000000000676e+01,-1.842799999999999372e+01,1.815000000000000169e+00
3.783200000000000784e+01,-1.830999999999999517e+01,1.798000000000000265e+00
3.779100000000001103e+01,-1.814999999999999503e+01,1.763000000000000345e+00
3.776450135550847875e+01,-1.802999999999999403e+01,1.745125338877117072e+00
3.772850135550847739e+01,-1.784999999999999432e+01,1.710125338877117152e+00
3.770832250489002746e+01,-1.772999999999999332e+01,1.693307854467652751e+00
3.768732250489002666e+01,-1.758999999999999275e+01,1.675307854467652735e+00
3.767032250489002365e+01,-1.744999999999999218e+01,1.658307854467652831e+00
3.766132250489002331e+01,-1.735499999999999332e+01,1.606307854467652785e+00
3.765232250489002297e+01,-1.721499999999999275e+01,1.623307854467652689e+00
3.764232250489002496e+01,-1.709499999999999176e+01,1.623307854467652689e+00
3.762732250489002439e+01,-1.693499999999999162e+01,1.641307854467652705e+00
3.761532250489002394e+01,-1.681099999999999284e+01,1.641307854467652705e+00
3.759932250489002570e+01,-1.666499999999999204e+01,1.658307854467652609e+00
3.758732250489002524e+01,-1.654299999999999216e+01,1.641307854467652705e+00
3.757232250489002467e+01,-1.639999999999999147e+01,1.641307854467652705e+00
3.755832250489002178e+01,-1.625399999999999068e+01,1.623307854467652689e+00
3.754632250489002132e+01,-1.612899999999999068e+01,1.623307854467652689e+00
3.752832250489002064e+01,-1.594299999999999073e+01,1.641307854467652705e+00
3.751632250489002018e+01,-1.581899999999999018e+01,1.641307854467652705e+00
3.750432250489001973e+01,-1.569399999999999018e+01,1.641307854467652705e+00
3.749032250489001683e+01,-1.554699999999998994e+01,1.641307854467652705e+00
3.747632250489001393e+01,-1.539999999999998970e+01,1.641307854467652705e+00
3.746032250489001569e+01,-1.523099999999998921e+01,1.641307854467652705e+00
3.744832250489001524e+01,-1.510499999999998977e+01,1.641307854467652705e+00
3.743432250489001234e+01,-1.495799999999998953e+01,1.641307854467652705e+00
3.742032250489000944e+01,-1.481099999999998929e+01,1.641307854467652705e+00
3.740832250489000899e+01,-1.468599999999998929e+01,1.641307854467652705e+00
3.739432250489000609e+01,-1.453999999999998849e+01,1.641307854467652705e+00
3.738032250489000319e+01,-1.439999999999998792e+01,1.623307854467652689e+00
3.736932250489000040e+01,-1.427999999999998870e+01,1.623307854467652689e+00
3.736132250488999773e+01,-1.413899999999998869e+01,1.588307854467652769e+00
3.735432250488999983e+01,-1.399899999999998812e+01,1.606307854467652785e+00
3.734732250489000194e+01,-1.387799999999998768e+01,1.606307854467652785e+00
3.733532250489000148e+01,-1.371699999999998809e+01,1.623307854467652689e+00
3.732132250488999858e+01,-1.357399999999998741e+01,1.641307854467652705e+00
3.730932250488999813e+01,-1.345099999999998808e+01,1.641307854467652705e+00
3.729532250488999523e+01,-1.331099999999998751e+01,1.623307854467652689e+00
3.728332250488999478e+01,-1.317099999999998694e+01,1.606307854467652785e+00
3.727832250488999222e+01,-1.306299999999998640e+01,1.571307854467652865e+00
3.727832250488999222e+01,-1.292099999999998694e+01,1.553307854467652849e+00
3.727332250488998966e+01,-1.275999999999998735e+01,1.606307854467652785e+00
3.726032250488999154e+01,-1.261999999999998678e+01,1.658307854467652831e+00
3.724232250488999085e+01,-1.249999999999998757e+01,1.693307854467652751e+00
3.721932250488998761e+01,-1.235999999999998700e+01,1.710307854467652655e+00
3.719532250488998670e+01,-1.223999999999998778e+01,1.745307854467652575e+00
3.716532250488998557e+01,-1.209999999999998721e+01,1.763307854467652591e+00
3.710532250488998329e+01,-1.185999999999998700e+01,1.780307854467652495e+00
3.706832250488998426e+01,-1.171899999999998698e+01,1.798307854467652511e+00
3.703532250488998301e+01,-1.159899999999998776e+01,1.798307854467652511e+00
3.698332250488998341e+01,-1.142099999999998694e+01,1.815307854467652415e+00
3.694732250488998204e+01,-1.130199999999998717e+01,1.833307854467652431e+00
3.689232250488998233e+01,-1.114899999999998670e+01,1.920307854467652398e+00
3.684332250488998284e+01,-1.103699999999998660e+01,2.007307854467652586e+00
3.678532250488998301e+01,-1.092999999999998728e+01,2.077307854467652426e+00
3.669632250488998437e+01,-1.079399999999998805e+01,2.164307854467652614e+00
3.662432250488998164e+01,-1.069699999999998852e+01,2.182307854467652408e+00
3.651032250488998443e+01,-1.055299999999998839e+01,2.216307854467652216e+00
3.643232250488998147e+01,-1.046299999999998853e+01,2.269307854467652152e+00
3.632232250488998204e+01,-1.034599999999998765e+01,2.304307854467652295e+00
3.625232250488998176e+01,-1.027499999999998792e+01,2.321307854467652199e+00
3.616732250488998091e+01,-1.019099999999998829e+01,2.339307854467651993e+00
3.601932250488997767e+01,-1.005499999999998906e+01,2.374307854467652135e+00
3.594432250488997482e+01,-9.989999999999989555e+00,2.391307854467652039e+00
3.582332250488997261e+01,-9.885999999999990351e+00,2.426307854467652181e+00
3.572732250488997607e+01,-9.807999999999990948e+00,2.443307854467652085e+00
3.561532250488997420e+01,-9.721999999999990649e+00,2.461307854467651879e+00
3.550232250488997465e+01,-9.638999999999990465e+00,2.496307854467652021e+00
3.536732250488997664e+01,-9.544999999999991047e+00,2.513307854467651925e+00
3.526632250488997755e+01,-9.478999999999990322e+00,2.531307854467651719e+00
3.514532250488997533e+01,-9.403999999999991033e+00,2.583307854467651765e+00
3.501832250488997289e+01,-9.337999999999990308e+00,2.653307854467651605e+00
3.486932250488997198e+01,-9.271999999999989583e+00,2.688307854467651747e+00
3.473832250488997175e+01,-9.217999999999989313e+00,2.723307854467651890e+00
3.462432250488997454e+01,-9.172999999999989384e+00,2.740307854467651794e+00
3.451032250488997732e+01,-9.130999999999989569e+00,2.758307854467651588e+00
3.437432250488997454e+01,-9.087999999999990308e+00,2.845307854467651776e+00
3.423532250488997164e+01,-9.054999999999990834e+00,2.915307854467651616e+00
3.409532250488997107e+01,-9.031999999999991147e+00,2.984307854467651566e+00
3.397532250488997363e+01,-9.019999999999990692e+00,3.019307854467651708e+00
3.381532250488997704e+01,-9.009999999999990905e+00,3.037307854467651502e+00
3.367532250488997647e+01,-9.006999999999990791e+00,3.107307854467651342e+00
3.353532250488997590e+01,-9.010999999999990351e+00,-3.123877452711935288e+00
3.339532250488997533e+01,-9.017999999999990024e+00,-3.106877452711935383e+00
3.325832250488997488e+01,-9.024999999999989697e+00,-3.123877452711935288e+00
3.313832250488997744e+01,-9.030999999999989925e+00,-3.106877452711935383e+00
3.299632250488997443e+01,-9.042999999999990379e+00,-3.053877452711935447e+00
3.285632250488997386e+01,-9.065999999999990067e+00,-2.983877452711935607e+00
3.269632250488997727e+01,-9.098999999999989541e+00,-2.949877452711935799e+00
3.251432250488997511e+01,-9.143999999999989470e+00,-2.931877452711936005e+00
3.239432250488997767e+01,-9.173999999999988830e+00,-2.931877452711936005e+00
3.225132250488997698e+01,-9.208999999999988972e+00,-2.931877452711936005e+00
3.213032250488997477e+01,-9.239999999999989555e+00,-2.931877452711936005e+00
3.194732250488997494e+01,-9.286999999999990152e+00,-2.931877452711936005e+00
3.180532250488997548e+01,-9.323999999999990962e+00,-2.914877452711936101e+00
3.168632250488997570e+01,-9.354999999999991545e+00,-2.914877452711936101e+00
3.152532250488997434e+01,-9.400999999999990919e+00,-2.896877452711936307e+00
3.137932250488997354e+01,-9.444999999999991402e+00,-2.931877452711936449e+00
3.123232250488997508e+01,-9.486999999999991218e+00,-2.844877452711936261e+00
3.111832250488997431e+01,-9.530999999999991701e+00,-2.757877452711936073e+00
3.099432250488997553e+01,-9.599999999999992539e+00,-2.599877452711936154e+00
3.086532250488997420e+01,-9.698999999999992738e+00,-2.460877452711936364e+00
3.077532250488997434e+01,-9.778999999999992809e+00,-2.425877452711936222e+00
3.067132250488997514e+01,-9.876999999999993562e+00,-2.407877452711936428e+00
3.056032250488997448e+01,-9.986999999999992994e+00,-2.320877452711936240e+00
3.055832250488997559e+01,-9.989999999999993108e+00,-1.849877452711936154e+00
3.055532250488997548e+01,-1.001699999999999235e+01,-1.797877452711936108e+00
3.051932250488997411e+01,-1.011199999999999299e+01,-2.128877452711936069e+00
2.962932250488997354e+01,-1.051299999999999280e+01,-2.931877452711936005e+00
2.836432250488997298e+01,-1.088499999999999268e+01,-2.826877452711936023e+00
2.822832250488997374e+01,-1.093399999999999217e+01,-2.844877452711935817e+00
2.808832250488997317e+01,-1.098299999999999166e+01,-2.844877452711935817e+00
2.796832250488997218e+01,-1.102499999999999147e+01,-2.844877452711935817e+00
2.782832250488997161e+01,-1.107399999999999096e+01,-2.844877452711935817e+00
2.771132250488997073e+01,-1.111599999999999078e+01,-2.844877452711935817e+00
2.759832250488997119e+01,-1.114999999999999147e+01,-2.931877452711936005e+00
2.746032250488996951e+01,-1.118499999999999162e+01,-2.914877452711936101e+00
2.730032250488996937e+01,-1.122699999999999143e+01,-2.914877452711936101e+00
2.714232250488996812e+01,-1.127399999999999203e+01,-2.896877452711936307e+00
2.702232250488996712e+01,-1.131099999999999284e+01,-2.879877452711936403e+00
2.688532250488996667e+01,-1.135499999999999332e+01,-2.861877452711936609e+00
2.676732250488996812e+01,-1.139699999999999314e+01,-2.844877452711936705e+00
2.662832250488996877e+01,-1.144599999999999262e+01,-2.844877452711936705e+00
2.648832250488996820e+01,-1.149499999999999211e+01,-2.826877452711936911e+00
2.635032250488996652e+01,-1.154399999999999160e+01,-2.844877452711936705e+00
2.623032250488996553e+01,-1.158599999999999142e+01,-2.844877452711936705e+00
2.609432250488996630e+01,-1.163499999999999091e+01,-2.844877452711936705e+00
2.593732250488996627e+01,-1.168899999999999118e+01,-2.861877452711936609e+00
2.579732250488996570e+01,-1.173799999999999066e+01,-2.861877452711936609e+00
2.565732250488996513e+01,-1.178599999999999071e+01,-2.861877452711936609e+00
2.551732250488996456e+01,-1.183299999999999130e+01,-2.879877452711936403e+00
2.537932250488996289e+01,-1.187799999999999123e+01,-2.861877452711936609e+00
2.525932250488996189e+01,-1.191999999999999105e+01,-2.861877452711936609e+00
2.511932250488996132e+01,-1.196899999999999054e+01,-2.861877452711936609e+00
2.497932250488996075e+01,-1.201799999999999002e+01,-2.861877452711936609e+00
2.485932250488995976e+01,-1.205999999999998984e+01,-2.861877452711936609e+00
2.467932250488996004e+01,-1.212299999999999045e+01,-2.861877452711936609e+00
2.455832250488996138e+01,-1.216499999999999027e+01,-2.861877452711936609e+00
2.441832250488996081e+01,-1.221399999999998975e+01,-2.861877452711936609e+00
2.429832250488995982e+01,-1.225599999999998957e+01,-2.861877452711936609e+00
2.415832250488995925e+01,-1.230499999999998906e+01,-2.861877452711936609e+00
2.401832250488995868e+01,-1.235399999999998855e+01,-2.861877452711936609e+00
2.387832250488995811e+01,-1.240199999999998859e+01,-2.861877452711936609e+00
2.373832250488995754e+01,-1.245099999999998808e+01,-2.861877452711936609e+00
2.361832250488995655e+01,-1.249299999999998789e+01,-2.861877452711936609e+00
2.347832250488995598e+01,-1.254199999999998738e+01,-2.861877452711936609e+00
2.335832250488995498e+01,-1.258399999999998720e+01,-2.861877452711936609e+00
2.323832250488995399e+01,-1.262599999999998701e+01,-2.861877452711936609e+00
2.305832250488995427e+01,-1.268899999999998762e+01,-2.861877452711936609e+00
2.291832250488995371e+01,-1.273799999999998711e+01,-2.861877452711936609e+00
2.279832250488995271e+01,-1.277999999999998693e+01,-2.861877452711936609e+00
2.267832250488995172e+01,-1.282199999999998674e+01,-2.861877452711936609e+00
2.251832250488995157e+01,-1.287799999999998590e+01,-2.861877452711936609e+00
2.239832250488995058e+01,-1.291999999999998572e+01,-2.861877452711936609e+00
2.225832250488995001e+01,-1.296899999999998521e+01,-2.861877452711936609e+00
2.209832250488994987e+01,-1.302399999999998492e+01,-2.861877452711936609e+00
2.197832250488994887e+01,-1.306599999999998474e+01,-2.861877452711936609e+00
2.177832250488994958e+01,-1.313599999999998502e+01,-2.861877452711936609e+00
2.164132250488994913e+01,-1.318399999999998506e+01,-2.844877452711936705e+00
2.152532250488994947e+01,-1.322199999999998532e+01,-2.896877452711936751e+00
2.138732250488994779e+01,-1.326399999999998514e+01,-2.896877452711936751e+00
2.124832250488994845e+01,-1.330599999999998495e+01,-2.879877452711936847e+00
2.111132250488994799e+01,-1.334999999999998543e+01,-2.861877452711937053e+00
2.099632250488994956e+01,-1.339099999999998580e+01,-2.844877452711937149e+00
2.083632250488994941e+01,-1.344699999999998496e+01,-2.826877452711937355e+00
2.069632250488994885e+01,-1.349599999999998445e+01,-2.826877452711937355e+00
2.057632250488994785e+01,-1.353799999999998427e+01,-2.826877452711937355e+00
2.043632250488994728e+01,-1.358699999999998376e+01,-2.826877452711937355e+00
2.029632250488994671e+01,-1.363599999999998325e+01,-2.826877452711937355e+00
2.017632250488994572e+01,-1.367799999999998306e+01,-2.826877452711937355e+00
2.001632250488994558e+01,-1.373399999999998222e+01,-2.826877452711937355e+00
1.989632250488994458e+01,-1.377599999999998204e+01,-2.826877452711937355e+00
1.977832250488994603e+01,-1.381799999999998185e+01,-2.826877452711937355e+00
1.964532250488994691e+01,-1.386699999999998134e+01,-2.844877452711937149e+00
1.950532250488994634e+01,-1.391599999999998083e+01,-2.844877452711937149e+00
1.924532250488994478e+01,-1.400699999999998013e+01,-2.844877452711937149e+00
1.906532250488994507e+01,-1.406999999999998074e+01,-2.844877452711937149e+00
1.894532250488994407e+01,-1.411199999999998056e+01,-2.844877452711937149e+00
1.880532250488994350e+01,-1.416099999999998005e+01,-2.844877452711937149e+00
1.868532250488994251e+01,-1.420299999999997986e+01,-2.844877452711937149e+00
1.852832250488994248e+01,-1.425899999999997902e+01,-2.844877452711937149e+00
1.841132250488994160e+01,-1.430099999999997884e+01,-2.826877452711937355e+00
1.827132250488994103e+01,-1.434999999999997833e+01,-2.826877452711937355e+00
1.813132250488994046e+01,-1.439999999999997904e+01,-2.826877452711937355e+00
1.801132250488993947e+01,-1.444199999999997885e+01,-2.809877452711937451e+00
1.788032250488993924e+01,-1.448999999999997890e+01,-2.844877452711937593e+00
1.778132250488993904e+01,-1.451999999999997826e+01,-2.914877452711937433e+00
1.764232250488993969e+01,-1.455999999999997740e+01,-2.896877452711937639e+00
1.750432250488993802e+01,-1.460199999999997722e+01,-2.879877452711937735e+00
1.738632250488993947e+01,-1.463799999999997681e+01,-2.879877452711937735e+00
1.722932250488993944e+01,-1.468999999999997641e+01,-2.844877452711937593e+00
1.709532250488993910e+01,-1.473899999999997590e+01,-2.826877452711937799e+00
1.697532250488993810e+01,-1.478099999999997571e+01,-2.826877452711937799e+00
1.681532250488993796e+01,-1.483799999999997610e+01,-2.809877452711937895e+00
1.669532250488993697e+01,-1.488099999999997536e+01,-2.809877452711937895e+00
1.657532250488993597e+01,-1.492499999999997584e+01,-2.809877452711937895e+00
1.643532250488993540e+01,-1.497599999999997600e+01,-2.809877452711937895e+00
1.629532250488993483e+01,-1.502799999999997560e+01,-2.809877452711937895e+00
1.616132250488993449e+01,-1.507799999999997631e+01,-2.809877452711937895e+00
1.604732250488993373e+01,-1.511999999999997613e+01,-2.826877452711937799e+00
1.586732250488993401e+01,-1.518299999999997674e+01,-2.844877452711937593e+00
1.575032250488993313e+01,-1.522499999999997655e+01,-2.826877452711937799e+00
1.561032250488993256e+01,-1.527399999999997604e+01,-2.826877452711937799e+00
1.549632250488993179e+01,-1.531599999999997586e+01,-2.826877452711937799e+00
1.533832250488993232e+01,-1.537299999999997624e+01,-2.809877452711937895e+00
1.521932250488993255e+01,-1.541699999999997672e+01,-2.809877452711937895e+00
1.507932250488993198e+01,-1.546999999999997755e+01,-2.809877452711937895e+00
1.493932250488993141e+01,-1.552399999999997782e+01,-2.791877452711938101e+00
1.475932250488993169e+01,-1.559399999999997810e+01,-2.791877452711938101e+00
1.464532250488993093e+01,-1.563799999999997858e+01,-2.791877452711938101e+00
1.452832250488993004e+01,-1.568599999999997863e+01,-2.774877452711938197e+00
1.436932250488992935e+01,-1.574999999999997868e+01,-2.774877452711938197e+00
1.425132250488992902e+01,-1.579799999999997873e+01,-2.774877452711938197e+00
1.411232250488992968e+01,-1.585499999999997911e+01,-2.774877452711938197e+00
1.397432250488992977e+01,-1.591099999999997827e+01,-2.774877452711938197e+00
1.385532250488993000e+01,-1.595999999999997776e+01,-2.774877452711938197e+00
1.372032250488993022e+01,-1.601599999999997692e+01,-2.757877452711938293e+00
1.358732250488992932e+01,-1.607199999999997786e+01,-2.757877452711938293e+00
1.345332250488992898e+01,-1.613199999999997658e+01,-2.739877452711938499e+00
1.331732250488992975e+01,-1.619499999999997542e+01,-2.739877452711938499e+00
1.318132250488993051e+01,-1.625799999999997425e+01,-2.739877452711938499e+00
1.304732250488993017e+01,-1.632099999999997308e+01,-2.739877452711938499e+00
1.293132250488993051e+01,-1.637499999999997158e+01,-2.739877452711938499e+00
1.277632250488993115e+01,-1.644699999999997075e+01,-2.739877452711938499e+00
1.266132250488993094e+01,-1.650099999999996925e+01,-2.722877452711938595e+00
1.252632250488993115e+01,-1.656399999999996808e+01,-2.722877452711938595e+00
1.241032250488993149e+01,-1.661799999999996658e+01,-2.739877452711938499e+00
1.227632250488993115e+01,-1.668099999999996541e+01,-2.739877452711938499e+00
1.214132250488993137e+01,-1.674399999999996425e+01,-2.722877452711938595e+00
1.202632250488993115e+01,-1.679799999999996274e+01,-2.722877452711938595e+00
1.185432250488993056e+01,-1.687899999999996226e+01,-2.739877452711938499e+00
1.173832250488993090e+01,-1.693499999999996319e+01,-2.739877452711938499e+00
1.160232250488993166e+01,-1.699799999999996203e+01,-2.722877452711938595e+00
1.148632250488993201e+01,-1.705299999999996174e+01,-2.722877452711938595e+00
1.135032250488993277e+01,-1.711599999999996058e+01,-2.722877452711938595e+00
1.121932250488993255e+01,-1.717899999999995941e+01,-2.722877452711938595e+00
1.110732250488993245e+01,-1.723299999999995791e+01,-2.722877452711938595e+00
1.097432250488993333e+01,-1.729799999999995919e+01,-2.704877452711938801e+00
1.086032250488993256e+01,-1.735399999999996012e+01,-2.704877452711938801e+00
1.074532250488993235e+01,-1.741299999999996118e+01,-2.704877452711938801e+00
1.061232250488993145e+01,-1.747999999999996135e+01,-2.704877452711938801e+00
1.047932250488993233e+01,-1.754799999999996274e+01,-2.704877452711938801e+00
1.034632250488993321e+01,-1.761599999999996413e+01,-2.704877452711938801e+00
1.023232250488993245e+01,-1.767499999999996518e+01,-2.704877452711938801e+00
1.009832250488993211e+01,-1.774399999999996425e+01,-2.704877452711938801e+00
9.965322504889932986e+00,-1.781199999999996564e+01,-2.704877452711938801e+00
9.814322504889933185e+00,-1.789199999999996393e+01,-2.652877452711938755e+00
9.705322504889933199e+00,-1.795799999999996288e+01,-2.634877452711938961e+00
9.582322504889933867e+00,-1.803299999999996217e+01,-2.634877452711938961e+00
9.477322504889933441e+00,-1.809299999999996089e+01,-2.652877452711938755e+00
9.372322504889933015e+00,-1.815299999999995961e+01,-2.669877452711938659e+00
9.229322504889932333e+00,-1.823199999999996024e+01,-2.687877452711938453e+00
9.116322504889932787e+00,-1.829099999999996129e+01,-2.687877452711938453e+00
8.983322504889933668e+00,-1.836099999999996157e+01,-2.704877452711938357e+00
8.868322504889933455e+00,-1.841899999999996140e+01,-2.704877452711938357e+00
8.735322504889932560e+00,-1.848799999999996047e+01,-2.704877452711938357e+00
8.602322504889933441e+00,-1.855599999999996186e+01,-2.704877452711938357e+00
8.469322504889934322e+00,-1.862399999999996325e+01,-2.704877452711938357e+00
8.318322504889934521e+00,-1.870099999999996498e+01,-2.704877452711938357e+00
8.203322504889934308e+00,-1.875899999999996481e+01,-2.704877452711938357e+00
8.070322504889933413e+00,-1.882599999999996498e+01,-2.704877452711938357e+00
7.937322504889933406e+00,-1.889399999999996638e+01,-2.704877452711938357e+00
7.804322504889933398e+00,-1.896199999999996777e+01,-2.704877452711938357e+00
7.671322504889933391e+00,-1.902799999999996672e+01,-2.704877452711938357e+00
7.557322504889933512e+00,-1.908499999999996533e+01,-2.704877452711938357e+00
7.406322504889933711e+00,-1.916199999999996706e+01,-2.704877452711938357e+00
7.313322504889933739e+00,-1.920999999999996533e+01,-2.687877452711938453e+00
7.162322504889933938e+00,-1.928899999999996595e+01,-2.687877452711938453e+00
7.051322504889934173e+00,-1.934799999999996700e+01,-2.687877452711938453e+00
6.941322504889933853e+00,-1.940899999999996695e+01,-2.669877452711938659e+00
6.791322504889933498e+00,-1.948999999999996646e+01,-2.669877452711938659e+00
6.664322504889933718e+00,-1.955999999999996675e+01,-2.652877452711938755e+00
6.537322504889933938e+00,-1.963299999999996714e+01,-2.652877452711938755e+00
6.428322504889933953e+00,-1.969799999999996842e+01,-2.634877452711938961e+00
6.269322504889934145e+00,-1.980199999999996763e+01,-2.582877452711938915e+00
6.153322504889934486e+00,-1.988199999999996592e+01,-2.582877452711938915e+00
6.035322504889934159e+00,-1.995899999999996766e+01,-2.599877452711938819e+00
5.933322504889933846e+00,-2.002499999999996660e+01,-2.599877452711938819e+00
5.814322504889934073e+00,-2.010099999999996712e+01,-2.634877452711938961e+00
5.692322504889934187e+00,-2.017199999999996862e+01,-2.652877452711938755e+00
5.585322504889933981e+00,-2.023199999999996734e+01,-2.669877452711938659e+00
5.459322504889933647e+00,-2.029899999999996751e+01,-2.687877452711938453e+00
5.333322504889933313e+00,-2.036199999999996635e+01,-2.739877452711938499e+00
5.202322504889933086e+00,-2.041699999999996606e+01,-2.809877452711938339e+00
5.088322504889933207e+00,-2.045799999999996643e+01,-2.861877452711938385e+00
4.929322504889933398e+00,-2.050199999999996692e+01,-2.949877452711938464e+00
4.789322504889933718e+00,-2.052699999999996550e+01,-3.018877452711938414e+00
4.669322504889933612e+00,-2.054099999999996484e+01,-3.106877452711938492e+00
4.509322504889933469e+00,-2.054399999999996496e+01,3.089307854467647996e+00
4.389322504889933363e+00,-2.053899999999996595e+01,3.037307854467647950e+00
4.209322504889933647e+00,-2.052099999999996527e+01,2.984307854467648013e+00
4.089322504889933541e+00,-2.050399999999996581e+01,2.967307854467648109e+00
3.949322504889933416e+00,-2.048299999999996501e+01,2.932307854467647967e+00
3.884322504889933469e+00,-2.047099999999996456e+01,2.862307854467648127e+00
3.883322504889933580e+00,-2.047099999999996456e+01,2.758307854467648035e+00
3.792322504889933388e+00,-2.042799999999996530e+01,2.618307854467647910e+00
3.689322504889933185e+00,-2.036399999999996524e+01,2.496307854467648024e+00
3.547322504889933281e+00,-2.024999999999996447e+01,2.391307854467648042e+00
3.459322504889933203e+00,-2.016899999999996496e+01,2.321307854467648202e+00
3.362322504889933228e+00,-2.006599999999996342e+01,2.269307854467648156e+00
3.271322504889933036e+00,-1.996099999999996299e+01,2.251307854467648362e+00
3.180322504889932844e+00,-1.985399999999996368e+01,2.216307854467648220e+00
3.089322504889932652e+00,-1.974399999999996425e+01,2.199307854467648315e+00
3.015322504889932809e+00,-1.964799999999996416e+01,2.182307854467648411e+00
2.919322504889932723e+00,-1.951899999999996282e+01,2.147307854467648269e+00
2.850322504889932773e+00,-1.941899999999996140e+01,2.129307854467648475e+00
2.762322504889932695e+00,-1.928299999999996217e+01,2.094307854467648333e+00
2.699322504889932528e+00,-1.917999999999996064e+01,2.077307854467648429e+00
2.629322504889932688e+00,-1.905799999999996075e+01,2.042307854467648287e+00
2.560322504889932738e+00,-1.893199999999995953e+01,2.024307854467648493e+00
2.514322504889932919e+00,-1.883499999999995822e+01,1.955307854467648543e+00
2.455322504889932755e+00,-1.869799999999995777e+01,1.955307854467648543e+00
2.396322504889932592e+00,-1.855899999999995842e+01,1.955307854467648543e+00
2.340322504889932542e+00,-1.842099999999995674e+01,1.937307854467648527e+00
2.282322504889932713e+00,-1.828099999999995617e+01,1.937307854467648527e+00
2.226322504889932663e+00,-1.814799999999995705e+01,1.955307854467648543e+00
2.167322504889932500e+00,-1.801099999999995660e+01,1.955307854467648543e+00
2.116322504889932343e+00,-1.789399999999995572e+01,1.955307854467648543e+00
2.056322504889932290e+00,-1.775699999999995526e+01,1.955307854467648543e+00
2.003322504889932354e+00,-1.763799999999995549e+01,1.955307854467648543e+00
1.934322504889932404e+00,-1.748299999999995435e+01,1.955307854467648543e+00
1.881322504889932468e+00,-1.736499999999995580e+01,1.955307854467648543e+00
1.820322504889932524e+00,-1.722899999999995657e+01,1.955307854467648543e+00
1.759322504889932581e+00,-1.709199999999995612e+01,1.955307854467648543e+00
1.718322504889932656e+00,-1.700099999999995504e+01,1.937307854467648527e+00
1.648322504889932594e+00,-1.683499999999995467e+01,1.937307854467648527e+00
1.600322504889932551e+00,-1.672099999999995390e+01,1.955307854467648543e+00
1.540322504889932498e+00,-1.658499999999995467e+01,1.955307854467648543e+00
1.488322504889932452e+00,-1.646799999999995379e+01,1.955307854467648543e+00
1.427322504889932508e+00,-1.633099999999995333e+01,1.955307854467648543e+00
1.366322504889932565e+00,-1.619599999999995177e+01,1.955307854467648543e+00
1.312322504889932517e+00,-1.607799999999995322e+01,1.972307854467648447e+00
1.249322504889932572e+00,-1.594099999999995276e+01,1.972307854467648447e+00
1.186322504889932627e+00,-1.580399999999995231e+01,1.972307854467648447e+00
1.123322504889932683e+00,-1.566699999999995185e+01,1.972307854467648447e+00
1.072322504889932748e+00,-1.555399999999995231e+01,1.972307854467648447e+00
1.019322504889932812e+00,-1.544199999999995221e+01,1.990307854467648463e+00
9.373225048899328504e-01,-1.527199999999995228e+01,1.990307854467648463e+00
8.883225048899328069e-01,-1.516999999999995197e+01,1.972307854467648447e+00
8.343225048899327589e-01,-1.505499999999995175e+01,1.972307854467648447e+00
7.743225048899327057e-01,-1.492699999999995164e+01,1.990307854467648463e+00
7.123225048899326506e-01,-1.479899999999995153e+01,2.007307854467648589e+00
6.563225048899326008e-01,-1.468499999999995076e+01,2.007307854467648589e+00
5.873225048899326506e-01,-1.455199999999994986e+01,2.007307854467648589e+00
5.193225048899325902e-01,-1.441899999999995075e+01,2.007307854467648589e+00
4.593225048899325924e-01,-1.430499999999994998e+01,2.007307854467648589e+00
3.893225048899325857e-01,-1.417199999999995086e+01,2.024307854467648493e+00
3.193225048899325791e-01,-1.403899999999995174e+01,2.024307854467648493e+00
2.503225048899325733e-01,-1.390699999999995207e+01,2.024307854467648493e+00
1.703225048899325578e-01,-1.375499999999995282e+01,2.024307854467648493e+00
1.003225048899325511e-01,-1.362299999999995315e+01,2.024307854467648493e+00
4.032250488993255333e-02,-1.350899999999995238e+01,2.024307854467648493e+00
-2.567749511006744978e-02,-1.337999999999995282e+01,2.007307854467648589e+00
-9.367749511006745466e-02,-1.324699999999995370e+01,2.007307854467648589e+00
-1.516774951100674507e-01,-1.313299999999995293e+01,2.007307854467648589e+00
-2.196774951100674556e-01,-1.299999999999995381e+01,2.007307854467648589e+00
-2.866774951100674595e-01,-1.286699999999995470e+01,2.007307854467648589e+00
-3.536774951100674635e-01,-1.273399999999995558e+01,2.007307854467648589e+00
-4.116774951100674595e-01,-1.261999999999995481e+01,2.007307854467648589e+00
-4.786774951100674635e-01,-1.248699999999995569e+01,2.007307854467648589e+00
-5.466774951100674684e-01,-1.235299999999995535e+01,2.007307854467648589e+00
-6.206774951100674231e-01,-1.220499999999995566e+01,2.007307854467648589e+00
-6.856774951100674809e-01,-1.207899999999995622e+01,2.024307854467648493e+00
-7.556774951100675430e-01,-1.195399999999995622e+01,2.042307854467648287e+00
-8.256774951100676052e-01,-1.183099999999995688e+01,2.059307854467648191e+00
-8.886774951100675501e-01,-1.172699999999995768e+01,2.094307854467648333e+00
-9.656774951100675075e-01,-1.160799999999995791e+01,2.112307854467648127e+00
-1.046677495110067468e+00,-1.148699999999995747e+01,2.129307854467648031e+00
-1.130677495110067543e+00,-1.136799999999995769e+01,2.147307854467647825e+00
-1.202677495110067607e+00,-1.126799999999995805e+01,2.164307854467647729e+00
-1.275677495110067561e+00,-1.116799999999995840e+01,2.164307854467647729e+00
-1.366677495110067531e+00,-1.104899999999995863e+01,2.182307854467647523e+00
-1.481677495110067522e+00,-1.089799999999995883e+01,2.182307854467647523e+00
-1.553677495110067586e+00,-1.080099999999995930e+01,2.164307854467647729e+00
-1.637677495110067660e+00,-1.068699999999995853e+01,2.147307854467647825e+00
-1.707677495110067722e+00,-1.058699999999995889e+01,2.129307854467648031e+00
-1.797677495110067802e+00,-1.045099999999995966e+01,2.112307854467648127e+00
-1.863677495110067861e+00,-1.034899999999995934e+01,2.094307854467648333e+00
-1.937677495110067927e+00,-1.022699999999995946e+01,2.059307854467648191e+00
-1.997677495110067980e+00,-1.012199999999995903e+01,2.042307854467648287e+00
-2.056677495110068143e+00,-1.001399999999995849e+01,2.024307854467648493e+00
-2.129677495110068097e+00,-9.869999999999958362e+00,2.007307854467648589e+00
-2.183677495110067923e+00,-9.760999999999958376e+00,1.990307854467648685e+00
-2.245677495110067756e+00,-9.617999999999957694e+00,1.955307854467648765e+00
-2.293677495110067799e+00,-9.506999999999957041e+00,1.955307854467648765e+00
-2.367677495110067643e+00,-9.338999999999957780e+00,1.972307854467648669e+00
-2.421677495110067468e+00,-9.226999999999957680e+00,1.990307854467648685e+00
-2.485677495110067525e+00,-9.093999999999958561e+00,1.990307854467648685e+00
-2.549677495110067582e+00,-8.960999999999959442e+00,2.007307854467648589e+00
-2.605677495110067632e+00,-8.846999999999958675e+00,2.007307854467648589e+00
-2.673677495110067692e+00,-8.713999999999959556e+00,2.007307854467648589e+00
-2.730677495110067632e+00,-8.599999999999958789e+00,2.007307854467648589e+00
-2.808677495110067479e+00,-8.446999999999958320e+00,2.007307854467648589e+00
-2.866677495110067309e+00,-8.332999999999957552e+00,2.007307854467648589e+00
-2.934677495110067369e+00,-8.199999999999956657e+00,2.007307854467648589e+00
-2.992677495110067198e+00,-8.085999999999955890e+00,2.007307854467648589e+00
-3.059677495110067369e+00,-7.952999999999955882e+00,2.007307854467648589e+00
-3.146677495110067557e+00,-7.781999999999955620e+00,2.007307854467648589e+00
-3.204677495110067387e+00,-7.667999999999955740e+00,2.007307854467648589e+00
-3.272677495110067447e+00,-7.534999999999955733e+00,2.007307854467648589e+00
-3.339677495110067618e+00,-7.401999999999955726e+00,2.007307854467648589e+00
-3.398677495110067781e+00,-7.286999999999955513e+00,2.007307854467648589e+00
-3.463677495110067728e+00,-7.156999999999955620e+00,2.007307854467648589e+00
-3.520677495110067667e+00,-7.046999999999955300e+00,2.024307854467648493e+00
-3.590677495110067508e+00,-6.913999999999955293e+00,2.024307854467648493e+00
-3.660677495110067348e+00,-6.781999999999955620e+00,2.024307854467648493e+00
-3.730677495110067188e+00,-6.648999999999955612e+00,2.024307854467648493e+00
-3.790677495110067241e+00,-6.535999999999955179e+00,2.024307854467648493e+00
-3.871677495110067202e+00,-6.383999999999955044e+00,2.024307854467648493e+00
-3.941677495110067042e+00,-6.251999999999955371e+00,2.024307854467648493e+00
-4.001677495110066651e+00,-6.137999999999955492e+00,2.024307854467648493e+00
-4.071677495110066936e+00,-6.004999999999955484e+00,2.024307854467648493e+00
-4.141677495110067220e+00,-5.871999999999955477e+00,2.024307854467648493e+00
-4.211677495110067504e+00,-5.738999999999955470e+00,2.024307854467648493e+00
-4.271677495110067113e+00,-5.624999999999955591e+00,2.024307854467648493e+00
-4.341677495110067397e+00,-5.492999999999955918e+00,2.024307854467648493e+00
-4.411677495110067682e+00,-5.361999999999955691e+00,2.042307854467648287e+00
-4.471677495110067291e+00,-5.248999999999955257e+00,2.042307854467648287e+00
-4.541677495110067575e+00,-5.116999999999955584e+00,2.024307854467648493e+00
-4.601677495110067184e+00,-5.003999999999955151e+00,2.024307854467648493e+00
-4.691677495110067042e+00,-4.834999999999955556e+00,2.024307854467648493e+00
-4.751677495110066651e+00,-4.721999999999955122e+00,2.024307854467648493e+00
-4.821677495110066936e+00,-4.588999999999955115e+00,2.042307854467648287e+00
-4.891677495110067220e+00,-4.457999999999954888e+00,2.042307854467648287e+00
-4.935677495110066815e+00,-4.376999999999954483e+00,2.024307854467648493e+00
-5.011677495110066438e+00,-4.233999999999954689e+00,2.042307854467648287e+00
-5.071677495110066047e+00,-4.125999999999955037e+00,2.042307854467648287e+00
-5.131677495110065657e+00,-4.018999999999954831e+00,2.059307854467648191e+00
-5.207677495110065280e+00,-3.890999999999954717e+00,2.077307854467647985e+00
-5.284677495110065237e+00,-3.761999999999954714e+00,2.077307854467647985e+00
-5.361677495110065195e+00,-3.634999999999954490e+00,2.077307854467647985e+00
-5.449677495110065273e+00,-3.489999999999954472e+00,2.077307854467647985e+00
-5.526677495110065230e+00,-3.362999999999954248e+00,2.077307854467647985e+00
-5.603677495110065188e+00,-3.235999999999954468e+00,2.077307854467647985e+00
-5.680677495110065145e+00,-3.109999999999954579e+00,2.077307854467647985e+00
-5.746677495110064982e+00,-3.000999999999954593e+00,2.077307854467647985e+00
-5.834677495110065060e+00,-2.854999999999954685e+00,2.077307854467647985e+00
-5.900677495110064896e+00,-2.746999999999954589e+00,2.077307854467647985e+00
-5.955677495110064612e+00,-2.655999999999954397e+00,2.077307854467647985e+00
-6.043677495110064690e+00,-2.509999999999954490e+00,2.077307854467647985e+00
-6.109677495110064527e+00,-2.401999999999954394e+00,2.077307854467647985e+00
-6.186677495110064484e+00,-2.274999999999954170e+00,2.077307854467647985e+00
-6.252677495110064321e+00,-2.166999999999954074e+00,2.077307854467647985e+00
-6.352677495110063965e+00,-2.002999999999953928e+00,2.077307854467647985e+00
-6.429677495110063923e+00,-1.875999999999953927e+00,2.077307854467647985e+00
-6.495677495110063759e+00,-1.767999999999953831e+00,2.077307854467647985e+00
-6.572677495110063717e+00,-1.640999999999953829e+00,2.077307854467647985e+00
-6.638677495110063553e+00,-1.532999999999953733e+00,2.077307854467647985e+00
-6.726677495110063632e+00,-1.386999999999953825e+00,2.077307854467647985e+00
-6.792677495110063468e+00,-1.278999999999953729e+00,2.077307854467647985e+00
-6.869677495110063425e+00,-1.152999999999953840e+00,2.077307854467647985e+00
-6.935677495110063262e+00,-1.043999999999953854e+00,2.077307854467647985e+00
-7.012677495110063219e+00,-9.179999999999538529e-01,2.077307854467647985e+00
-7.089677495110063177e+00,-7.899999999999538502e-01,2.077307854467647985e+00
-7.155677495110063013e+00,-6.809999999999538645e-01,2.077307854467647985e+00
-7.254677495110063212e+00,-5.179999999999538307e-01,2.077307854467647985e+00
-7.353677495110063411e+00,-3.549999999999537970e-01,2.077307854467647985e+00
-7.430677495110063369e+00,-2.279999999999537952e-01,2.077307854467647985e+00
-7.496677495110063205e+00,-1.189999999999537955e-01,2.077307854467647985e+00
-7.573677495110063163e+00,7.000000000046205373e-03,2.077307854467647985e+00
-7.658677495110063127e+00,1.480000000000462057e-01,2.077307854467647985e+00
-7.713677495110062843e+00,2.400000000000462042e-01,2.059307854467648191e+00
-7.789677495110062466e+00,3.670000000000461782e-01,2.077307854467647985e+00
-7.853677495110062523e+00,4.740000000000461622e-01,2.077307854467647985e+00
-7.949677495110062608e+00,6.280000000000461879e-01,2.094307854467647889e+00
-8.015677495110063333e+00,7.340000000000461711e-01,2.112307854467647683e+00
-8.108677495110063305e+00,8.770000000000461871e-01,2.112307854467647683e+00
-8.178677495110063589e+00,9.830000000000461702e-01,2.112307854467647683e+00
-8.250677495110062765e+00,1.091000000000046155e+00,2.112307854467647683e+00
-8.334677495110062395e+00,1.216000000000046155e+00,2.112307854467647683e+00
-8.418677495110062026e+00,1.342000000000046267e+00,2.112307854467647683e+00
-8.502677495110061656e+00,1.468000000000046157e+00,2.129307854467647587e+00
-8.574677495110060832e+00,1.575000000000046141e+00,2.129307854467647587e+00
-8.646677495110060008e+00,1.683000000000046237e+00,2.129307854467647587e+00
-8.730677495110059638e+00,1.809000000000046349e+00,2.129307854467647587e+00
-8.814677495110059269e+00,1.935000000000046239e+00,2.129307854467647587e+00
-8.922677495110059809e+00,2.097000000000046160e+00,2.129307854467647587e+00
-8.994677495110058985e+00,2.203000000000046033e+00,2.129307854467647587e+00
-9.090677495110059070e+00,2.346000000000045826e+00,2.129307854467647587e+00
-9.162677495110058246e+00,2.452000000000045699e+00,2.129307854467647587e+00
-9.270677495110058786e+00,2.613000000000045731e+00,2.129307854467647587e+00
-9.342677495110057961e+00,2.720000000000045937e+00,2.129307854467647587e+00
-9.414677495110057137e+00,2.828000000000046033e+00,2.129307854467647587e+00
-9.509677495110057777e+00,2.970000000000045937e+00,2.129307854467647587e+00
-9.561677495110057379e+00,3.049000000000046118e+00,2.094307854467647445e+00
-9.638677495110057336e+00,3.175000000000046008e+00,2.094307854467647445e+00
-9.727677495110057748e+00,3.321000000000045915e+00,2.077307854467647541e+00
-9.816677495110058160e+00,3.466000000000045933e+00,2.077307854467647541e+00
-9.882677495110058885e+00,3.575000000000045919e+00,2.077307854467647541e+00
-9.948677495110059610e+00,3.684000000000045905e+00,2.077307854467647541e+00
-1.002667749511005901e+01,3.813000000000045908e+00,2.077307854467647541e+00
-1.010367749511005897e+01,3.940000000000045688e+00,2.077307854467647541e+00
-1.018067749511005893e+01,4.067000000000045468e+00,2.077307854467647541e+00
-1.025767749511005889e+01,4.195000000000045581e+00,2.077307854467647541e+00
-1.034567749511005808e+01,4.340000000000045155e+00,2.077307854467647541e+00
-1.041167749511005880e+01,4.448000000000044807e+00,2.077307854467647541e+00
-1.049967749511005799e+01,4.586000000000044707e+00,2.094307854467647445e+00
-1.056667749511005816e+01,4.692000000000044579e+00,2.112307854467647239e+00
-1.063667749511005844e+01,4.800000000000044231e+00,2.112307854467647239e+00
-1.071967749511005863e+01,4.924000000000043897e+00,2.112307854467647239e+00
-1.078967749511005891e+01,5.031000000000044103e+00,2.112307854467647239e+00
-1.087367749511005854e+01,5.157000000000044437e+00,2.112307854467647239e+00
-1.095667749511005873e+01,5.281000000000044103e+00,2.112307854467647239e+00
-1.104067749511005836e+01,5.407000000000044437e+00,2.112307854467647239e+00
-1.113667749511005844e+01,5.550000000000044231e+00,2.112307854467647239e+00
-1.123267749511005853e+01,5.693000000000044025e+00,2.112307854467647239e+00
-1.130467749511005771e+01,5.800000000000044231e+00,2.129307854467647143e+00
-1.137667749511005688e+01,5.907000000000044437e+00,2.129307854467647143e+00
-1.146067749511005651e+01,6.033000000000044771e+00,2.129307854467647143e+00
-1.154367749511005670e+01,6.157000000000044437e+00,2.112307854467647239e+00
-1.162767749511005633e+01,6.283000000000044771e+00,2.129307854467647143e+00
-1.168767749511005682e+01,6.373000000000044629e+00,2.129307854467647143e+00
-1.178367749511005691e+01,6.516000000000044423e+00,2.129307854467647143e+00
-1.187967749511005700e+01,6.659000000000044217e+00,2.129307854467647143e+00
-1.195167749511005617e+01,6.765000000000044089e+00,2.129307854467647143e+00
-1.201667749511005567e+01,6.861000000000044174e+00,2.094307854467647001e+00
-1.210467749511005486e+01,7.004000000000043968e+00,2.077307854467647097e+00
-1.218267749511005427e+01,7.133000000000043528e+00,2.077307854467647097e+00
-1.224867749511005499e+01,7.242000000000043514e+00,2.077307854467647097e+00
-1.232567749511005495e+01,7.368000000000043848e+00,2.077307854467647097e+00
-1.239667749511005468e+01,7.490000000000043734e+00,2.059307854467647303e+00
-1.245667749511005518e+01,7.597000000000043940e+00,2.042307854467647399e+00
-1.252467749511005479e+01,7.722000000000043940e+00,2.024307854467647605e+00
-1.258267749511005462e+01,7.833000000000043705e+00,2.007307854467647701e+00
-1.267667749511005404e+01,8.014000000000043755e+00,2.042307854467647843e+00
-1.273867749511005343e+01,8.119000000000044182e+00,2.094307854467647889e+00
-1.282067749511005417e+01,8.236000000000045063e+00,2.164307854467647729e+00
-1.289367749511005456e+01,8.332000000000045148e+00,2.182307854467647523e+00
-1.300767749511005533e+01,8.474000000000044608e+00,2.216307854467647331e+00
-1.309867749511005464e+01,8.585000000000045262e+00,2.234307854467647125e+00
-1.317867749511005471e+01,8.681000000000045347e+00,2.234307854467647125e+00
-1.327367749511005535e+01,8.793000000000045446e+00,2.251307854467647029e+00
-1.335667749511005553e+01,8.889000000000045532e+00,2.251307854467647029e+00
-1.346567749511005552e+01,9.014000000000045532e+00,2.251307854467647029e+00
-1.354367749511005492e+01,9.105000000000044835e+00,2.234307854467647125e+00
-1.363467749511005422e+01,9.212000000000044153e+00,2.216307854467647331e+00
-1.372567749511005353e+01,9.323000000000044807e+00,2.199307854467647427e+00
-1.379967749511005337e+01,9.419000000000044892e+00,2.182307854467647523e+00
-1.388867749511005378e+01,9.537000000000045219e+00,2.164307854467647729e+00
-1.396567749511005374e+01,9.640000000000044977e+00,2.164307854467647729e+00
-1.407967749511005451e+01,9.793000000000045446e+00,2.164307854467647729e+00
-1.415567749511005502e+01,9.897000000000044651e+00,2.164307854467647729e+00
-1.424367749511005421e+01,1.001700000000004387e+01,2.164307854467647729e+00
-1.433167749511005340e+01,1.013700000000004309e+01,2.164307854467647729e+00
-1.440667749511005269e+01,1.024100000000004229e+01,2.147307854467647825e+00
-1.447267749511005341e+01,1.033400000000004226e+01,2.112307854467647683e+00
-1.454367749511005314e+01,1.044100000000004158e+01,2.112307854467647683e+00
-1.463867749511005378e+01,1.058500000000004171e+01,2.112307854467647683e+00
-1.470967749511005351e+01,1.069300000000004225e+01,2.112307854467647683e+00
-1.478167749511005269e+01,1.080100000000004279e+01,2.112307854467647683e+00
-1.488767749511005256e+01,1.096200000000004238e+01,2.112307854467647683e+00
-1.495867749511005229e+01,1.107000000000004292e+01,2.112307854467647683e+00
-1.503667749511005169e+01,1.119100000000004336e+01,2.094307854467647889e+00
-1.510267749511005242e+01,1.129400000000004312e+01,2.094307854467647889e+00
-1.518767749511005327e+01,1.143200000000004302e+01,2.094307854467647889e+00
-1.525367749511005400e+01,1.153600000000004222e+01,2.112307854467647683e+00
-1.533067749511005395e+01,1.165400000000004255e+01,2.112307854467647683e+00
-1.541767749511005370e+01,1.179000000000004178e+01,2.094307854467647889e+00
-1.548967749511005287e+01,1.191300000000004111e+01,2.042307854467647843e+00
-1.555267749511005348e+01,1.204000000000004178e+01,1.972307854467647781e+00
-1.559767749511005341e+01,1.215100000000004243e+01,1.902307854467647719e+00
-1.562767749511005277e+01,1.225200000000004330e+01,1.780307854467647832e+00
-1.565467749511005202e+01,1.239200000000004387e+01,1.693307854467647866e+00
-1.567067749511005204e+01,1.253200000000004444e+01,1.588307854467647884e+00
-1.567267749511005270e+01,1.265200000000004366e+01,1.518307854467647822e+00
-1.566467749511005358e+01,1.281200000000004380e+01,1.431307854467647855e+00
-1.564567749511005346e+01,1.295200000000004437e+01,1.361307854467647793e+00
-1.561967749511005366e+01,1.309200000000004493e+01,1.344307854467647889e+00
-1.558967749511005429e+01,1.323400000000004439e+01,1.326307854467647873e+00
-1.556467749511005394e+01,1.335400000000004361e+01,1.326307854467647873e+00
-1.553067749511005324e+01,1.349300000000004296e+01,1.257307854467647923e+00
-1.548267749511005320e+01,1.362800000000004275e+01,1.134307854467647925e+00
-1.542967749511005238e+01,1.373800000000004218e+01,1.047307854467647958e+00
-1.535867749511005265e+01,1.386000000000004206e+01,9.603078544676479922e-01
-1.527967749511005202e+01,1.397900000000004184e+01,9.253078544676478501e-01
-1.519367749511005172e+01,1.410100000000004172e+01,9.253078544676478501e-01
-1.509867749511005108e+01,1.423500000000004206e+01,9.423078544676478652e-01
-1.504267749511005192e+01,1.432500000000004192e+01,1.012307854467647816e+00
-1.498867749511005165e+01,1.443100000000004179e+01,1.099307854467647783e+00
-1.493667749511005205e+01,1.456400000000004269e+01,1.222307854467647781e+00
-1.490167749511005191e+01,1.468300000000004246e+01,1.291307854467647731e+00
-1.486267749511005221e+01,1.486200000000004273e+01,1.361307854467647793e+00
-1.484667749511005219e+01,1.498200000000004195e+01,1.431307854467647855e+00
-1.483767749511005185e+01,1.512200000000004252e+01,1.501307854467647918e+00
-1.483867749511005130e+01,1.526200000000004309e+01,1.588307854467647884e+00
-1.484667749511005042e+01,1.538200000000004231e+01,1.623307854467647804e+00
-1.486067749511004976e+01,1.552500000000004299e+01,1.658307854467647724e+00
-1.487567749511005033e+01,1.566700000000004245e+01,1.658307854467647724e+00
-1.488767749511005078e+01,1.578800000000004289e+01,1.641307854467647820e+00
-1.490567749511005147e+01,1.597500000000004228e+01,1.641307854467647820e+00
-1.491767749511005192e+01,1.609500000000004150e+01,1.641307854467647820e+00
-1.493367749511005194e+01,1.625500000000004164e+01,1.623307854467647804e+00
-1.494367749511005172e+01,1.635500000000004306e+01,1.641307854467647820e+00
-1.495067749511005140e+01,1.651500000000004320e+01,1.518307854467647822e+00
-1.494067749511005161e+01,1.663400000000004297e+01,1.361307854467647793e+00
-1.492767749511005171e+01,1.669400000000004169e+01,1.257307854467647701e+00
-1.490067749511005246e+01,1.676600000000004087e+01,1.134307854467647703e+00
-1.487567749511005211e+01,1.681800000000004047e+01,1.065307854467647752e+00
-1.484267749511005263e+01,1.687600000000004030e+01,1.030307854467647832e+00
-1.480267749511005348e+01,1.694000000000004036e+01,9.423078544676478652e-01
-1.479067749511005303e+01,1.695900000000003871e+01,9.423078544676478652e-01
-1.478967749511005358e+01,1.695500000000003737e+01,1.361307854467647793e+00
-1.478067749511005324e+01,1.700300000000003564e+01,1.257307854467647701e+00
-1.475167749511005333e+01,1.707100000000003703e+01,1.012307854467647594e+00
-1.472867749511005364e+01,1.710400000000003828e+01,8.383078544676476618e-01
-1.469267749511005405e+01,1.714000000000003965e+01,6.633078544676475063e-01
-1.469267749511005405e+01,1.714000000000003965e+01,6.633078544676475063e-01
-1.469267749511005405e+01,1.714000000000003965e+01,6.633078544676475063e-01
-1.469267749511005405e+01,1.714000000000003965e+01,6.633078544676475063e-01
-1.469267749511005405e+01,1.714000000000003965e+01,6.633078544676475063e-01
-1.469267749511005405e+01,1.714000000000003965e+01,6.633078544676475063e-01
-1.469267749511005405e+01,1.714000000000003965e+01,6.633078544676475063e-01
-1.469267749511005405e+01,1.714000000000003965e+01,6.633078544676475063e-01
-1.469267749511005405e+01,1.714000000000003965e+01,6.633078544676475063e-01
-1.469267749511005405e+01,1.714000000000003965e+01,6.633078544676475063e-01
-1.469267749511005405e+01,1.714000000000003965e+01,6.633078544676475063e-01
-1.469267749511005405e+01,1.714000000000003965e+01,6.633078544676475063e-01
-1.469267749511005405e+01,1.714000000000003965e+01,6.633078544676475063e-01
-1.469267749511005405e+01,1.714000000000003965e+01,6.633078544676475063e-01
-1.469267749511005405e+01,1.714000000000003965e+01,6.633078544676475063e-01
-1.469267749511005405e+01,1.714000000000003965e+01,6.633078544676475063e-01
-1.469267749511005405e+01,1.714000000000003965e+01,6.633078544676475063e-01
-1.469267749511005405e+01,1.714000000000003965e+01,6.633078544676475063e-01
-1.469267749511005405e+01,1.714000000000003965e+01,6.633078544676475063e-01
-1.469267749511005405e+01,1.714000000000003965e+01,6.633078544676475063e-01
-1.469267749511005405e+01,1.714000000000003965e+01,6.633078544676475063e-01
-1.469267749511005405e+01,1.714000000000003965e+01,6.633078544676475063e-01
-1.469267749511005405e+01,1.714000000000003965e+01,6.633078544676475063e-01
-1.469267749511005405e+01,1.714000000000003965e+01,6.633078544676475063e-01
-1.469267749511005405e+01,1.714000000000003965e+01,6.633078544676475063e-01
-1.469267749511005405e+01,1.714000000000003965e+01,6.633078544676475063e-01
-1.469267749511005405e+01,1.714000000000003965e+01,6.633078544676475063e-01
-1.469267749511005405e+01,1.714000000000003965e+01,6.633078544676475063e-01
-1.469267749511005405e+01,1.714000000000003965e+01,6.633078544676475063e-01
-1.469267749511005405e+01,1.714000000000003965e+01,6.633078544676475063e-01
-1.469267749511005405e+01,1.714000000000003965e+01,6.633078544676475063e-01
-1.469267749511005405e+01,1.714000000000003965e+01,6.633078544676475063e-01
-1.469267749511005405e+01,1.714000000000003965e+01,6.633078544676475063e-01
-1.469267749511005405e+01,1.714000000000003965e+01,6.633078544676475063e-01
-1.469267749511005405e+01,1.714000000000003965e+01,6.633078544676475063e-01
-1.469267749511005405e+01,1.714000000000003965e+01,6.633078544676475063e-01
-1.469267749511005405e+01,1.714000000000003965e+01,6.633078544676475063e-01
-1.469267749511005405e+01,1.714000000000003965e+01,6.633078544676475063e-01
-1.469267749511005405e+01,1.714000000000003965e+01,6.633078544676475063e-01
-1.469267749511005405e+01,1.714000000000003965e+01,6.633078544676475063e-01
-1.469267749511005405e+01,1.714000000000003965e+01,6.633078544676475063e-01
-1.469267749511005405e+01,1.714000000000003965e+01,6.633078544676475063e-01
-1.469267749511005405e+01,1.714000000000003965e+01,6.633078544676475063e-01
-1.469267749511005405e+01,1.714000000000003965e+01,6.633078544676475063e-01
-1.469267749511005405e+01,1.714000000000003965e+01,6.633078544676475063e-01
-1.469267749511005405e+01,1.714000000000003965e+01,6.633078544676475063e-01
-1.469267749511005405e+01,1.714000000000003965e+01,6.633078544676475063e-01
-1.469267749511005405e+01,1.714000000000003965e+01,6.633078544676475063e-01
-1.469267749511005405e+01,1.714000000000003965e+01,6.813078544676474113e-01
-1.469267749511005405e+01,1.714000000000003965e+01,6.813078544676474113e-01
-1.469267749511005405e+01,1.714000000000003965e+01,6.813078544676474113e-01
-1.469267749511005405e+01,1.714000000000003965e+01,6.813078544676474113e-01
-1.469267749511005405e+01,1.714000000000003965e+01,6.813078544676474113e-01
-1.469267749511005405e+01,1.714000000000003965e+01,6.813078544676474113e-01
-1.469267749511005405e+01,1.714000000000003965e+01,6.813078544676474113e-01
-1.469267749511005405e+01,1.714000000000003965e+01,6.813078544676474113e-01
-1.469267749511005405e+01,1.714000000000003965e+01,6.813078544676474113e-01
-1.469267749511005405e+01,1.714000000000003965e+01,6.813078544676474113e-01
-1.469267749511005405e+01,1.714000000000003965e+01,6.813078544676474113e-01
-1.469267749511005405e+01,1.714000000000003965e+01,6.813078544676474113e-01
-1.469267749511005405e+01,1.714000000000003965e+01,6.813078544676474113e-01
-1.469267749511005405e+01,1.714000000000003965e+01,6.633078544676473953e-01
-1.469267749511005405e+01,1.714000000000003965e+01,5.413078544676473980e-01
-1.469167749511005461e+01,1.714000000000003965e+01,4.543078544676473207e-01
-1.456367749511005449e+01,1.718600000000003902e+01,1.923078544676473101e-01
-1.444367749511005528e+01,1.720100000000003959e+01,-1.769214553235268217e-02
-1.434367749511005563e+01,1.719100000000003803e+01,-2.438774527119386970e-01
-1.417267749511005626e+01,1.712700000000003797e+01,-5.238774527119387514e-01
-1.402067749511005701e+01,1.702800000000003777e+01,-6.978774527119386839e-01
-1.392867749511005648e+01,1.695000000000003837e+01,-7.678774527119387461e-01
-1.382167749511005717e+01,1.685300000000003706e+01,-7.848774527119387612e-01
-1.373267749511005675e+01,1.676900000000003743e+01,-7.848774527119387612e-01
-1.364367749511005634e+01,1.668600000000003902e+01,-7.678774527119387461e-01
-1.351967749511005579e+01,1.658400000000003871e+01,-6.628774527119387638e-01
-1.341767749511005547e+01,1.651900000000003743e+01,-5.578774527119388926e-01
-1.329067749511005481e+01,1.645600000000003860e+01,-4.538774527119389113e-01
-1.317767749511005526e+01,1.641100000000003689e+01,-3.838774527119390156e-01
-1.304267749511005547e+01,1.636500000000003752e+01,-3.138774527119391200e-01
-1.292767749511005526e+01,1.633500000000003638e+01,-2.268774527119391260e-01
-1.282267749511005483e+01,1.632000000000003581e+01,-1.398774527119391320e-01
-1.268267749511005427e+01,1.631000000000003425e+01,-6.987745271193912533e-02
-1.254267749511005370e+01,1.630900000000003303e+01,-1.769214553235240808e-02
-1.240267749511005313e+01,1.631100000000003192e+01,3.078544676475905573e-04
-1.228267749511005391e+01,1.631700000000003214e+01,3.530785446764759389e-02
-1.214067749511005445e+01,1.632600000000003249e+01,5.230785446764759511e-02
-1.200067749511005388e+01,1.634000000000003183e+01,7.030785446764759028e-02
-1.188067749511005466e+01,1.635200000000003229e+01,8.730785446764759150e-02
-1.170067749511005495e+01,1.638100000000003220e+01,1.743078544676475716e-01
-1.158067749511005573e+01,1.640900000000003089e+01,2.273078544676475632e-01
-1.144367749511005528e+01,1.645300000000003138e+01,2.973078544676475699e-01
-1.132967749511005451e+01,1.649600000000003064e+01,3.663078544676475756e-01
-1.120167749511005439e+01,1.655600000000002936e+01,4.363078544676476378e-01
-1.104367749511005492e+01,1.664700000000003044e+01,5.243078544676476049e-01
-1.092367749511005570e+01,1.672500000000002984e+01,5.413078544676476200e-01
-1.086467749511005643e+01,1.676300000000003010e+01,5.413078544676476200e-01
-1.074667749511005610e+01,1.684200000000003072e+01,5.583078544676476351e-01
-1.062867749511005577e+01,1.692500000000002913e+01,5.763078544676476511e-01
-1.052567749511005601e+01,1.699800000000002953e+01,5.763078544676476511e-01
-1.039067749511005623e+01,1.709600000000002851e+01,5.933078544676476662e-01
-1.028867749511005592e+01,1.717300000000003024e+01,5.933078544676476662e-01
-1.017167749511005503e+01,1.725900000000002876e+01,6.113078544676476822e-01
-1.005967749511005493e+01,1.734800000000002740e+01,6.463078544676477133e-01
-9.967677495110054409e+00,1.742600000000002680e+01,6.813078544676477444e-01
-9.832677495110054622e+00,1.754500000000002657e+01,7.153078544676477746e-01
-9.744677495110055432e+00,1.762800000000002498e+01,7.333078544676477906e-01
-9.626677495110055105e+00,1.774100000000002453e+01,7.503078544676478057e-01
-9.556677495110054821e+00,1.781100000000002481e+01,7.683078544676478217e-01
-9.458677495110054068e+00,1.791200000000002390e+01,7.853078544676478367e-01
-9.365677495110054096e+00,1.801700000000002433e+01,8.033078544676478527e-01
-9.287677495110054693e+00,1.810700000000002419e+01,8.203078544676478678e-01
-9.195677495110054167e+00,1.821800000000002484e+01,8.383078544676478838e-01
-9.088677495110054849e+00,1.834600000000002495e+01,8.383078544676478838e-01
-8.983677495110054423e+00,1.847600000000002396e+01,8.383078544676478838e-01
-8.905677495110055020e+00,1.856900000000002393e+01,8.383078544676478838e-01
-8.827677495110055617e+00,1.865900000000002379e+01,8.203078544676478678e-01
-8.736677495110056313e+00,1.876400000000002422e+01,8.033078544676478527e-01
-8.601677495110056526e+00,1.891200000000002390e+01,7.683078544676478217e-01
-8.503677495110055773e+00,1.901100000000002410e+01,7.503078544676478057e-01
-8.403677495110056128e+00,1.910900000000002308e+01,7.333078544676477906e-01
-8.299677495110056924e+00,1.920400000000002194e+01,6.983078544676476485e-01
-8.178677495110056483e+00,1.930800000000002115e+01,6.633078544676475063e-01
-8.068677495110057052e+00,1.939900000000002223e+01,6.283078544676474753e-01
-7.952677495110057393e+00,1.949000000000002331e+01,6.283078544676474753e-01
-7.834677495110057066e+00,1.958100000000002439e+01,6.283078544676474753e-01
-7.738677495110056981e+00,1.965700000000002490e+01,6.283078544676474753e-01
-7.641677495110056562e+00,1.973400000000002663e+01,6.463078544676474912e-01
-7.526677495110056348e+00,1.982500000000002771e+01,6.463078544676474912e-01
-7.427677495110056149e+00,1.990300000000002711e+01,6.463078544676474912e-01
-7.265677495110056228e+00,2.003300000000002612e+01,6.283078544676474753e-01
-7.183677495110056377e+00,2.009800000000002740e+01,6.283078544676474753e-01
-7.048677495110056590e+00,2.020200000000002660e+01,6.283078544676474753e-01
-6.949677495110056391e+00,2.027900000000002834e+01,6.283078544676474753e-01
-6.848677495110056412e+00,2.035700000000002774e+01,6.283078544676474753e-01
-6.730677495110056086e+00,2.044800000000002882e+01,6.283078544676474753e-01
-6.601677495110056526e+00,2.055200000000002802e+01,6.463078544676474912e-01
-6.502677495110056327e+00,2.063000000000002743e+01,6.463078544676474912e-01
-6.407677495110056576e+00,2.070600000000002794e+01,6.463078544676474912e-01
-6.334677495110056178e+00,2.076600000000002666e+01,6.463078544676474912e-01
-6.239677495110056427e+00,2.084300000000002839e+01,6.283078544676474753e-01
-6.086677495110056846e+00,2.096000000000002927e+01,6.283078544676474753e-01
-5.972677495110056967e+00,2.104900000000002791e+01,6.283078544676474753e-01
-5.875677495110056547e+00,2.112200000000002831e+01,5.763078544676474291e-01
-5.743677495110056874e+00,2.121600000000002950e+01,5.763078544676474291e-01
-5.643677495110057230e+00,2.128700000000003101e+01,5.933078544676474442e-01
-5.497677495110057322e+00,2.139500000000003155e+01,6.113078544676474602e-01
-5.401677495110057237e+00,2.146900000000003317e+01,6.283078544676474753e-01
-5.273677495110057123e+00,2.157200000000003470e+01,6.463078544676474912e-01
-5.181677495110057485e+00,2.165000000000003411e+01,6.633078544676475063e-01
-5.091677495110057627e+00,2.172800000000003351e+01,6.813078544676474113e-01
-4.979677495110057528e+00,2.182500000000003482e+01,6.983078544676474264e-01
-4.870677495110057542e+00,2.192300000000003379e+01,6.983078544676474264e-01
-4.765677495110057116e+00,2.201800000000003266e+01,6.983078544676474264e-01
-4.645677495110057009e+00,2.212200000000003186e+01,6.813078544676474113e-01
-4.538677495110056803e+00,2.221300000000003294e+01,6.633078544676473953e-01
-4.442677495110056718e+00,2.229100000000003234e+01,6.463078544676473802e-01
-4.328677495110056839e+00,2.238200000000003342e+01,6.463078544676473802e-01
-4.218677495110056519e+00,2.247300000000003450e+01,6.463078544676473802e-01
-4.123677495110056768e+00,2.255100000000003391e+01,6.633078544676473953e-01
-4.010677495110056334e+00,2.264400000000003388e+01,6.633078544676473953e-01
-3.898677495110056235e+00,2.273900000000003274e+01,6.633078544676473953e-01
-3.789677495110056249e+00,2.283200000000003271e+01,6.633078544676473953e-01
-3.695677495110056388e+00,2.291000000000003212e+01,6.633078544676473953e-01
-3.550677495110056370e+00,2.302700000000003300e+01,6.463078544676473802e-01
-3.452677495110056505e+00,2.310500000000003240e+01,6.463078544676473802e-01
-3.354677495110056640e+00,2.318300000000003180e+01,6.463078544676473802e-01
-3.210677495110056512e+00,2.330000000000003268e+01,6.633078544676473953e-01
-3.117677495110056540e+00,2.337800000000003209e+01,6.633078544676473953e-01
-2.991677495110056650e+00,2.348500000000003141e+01,6.633078544676473953e-01
-2.896677495110056455e+00,2.356400000000003203e+01,6.633078544676473953e-01
-2.786677495110056579e+00,2.365500000000003311e+01,6.633078544676473953e-01
-2.691677495110056384e+00,2.373400000000003374e+01,6.633078544676473953e-01
-2.578677495110056395e+00,2.382600000000003249e+01,6.463078544676473802e-01
-2.462677495110056292e+00,2.391800000000003124e+01,6.463078544676473802e-01
-2.366677495110056206e+00,2.399600000000003064e+01,6.633078544676473953e-01
-2.255677495110055997e+00,2.408800000000002939e+01,6.633078544676473953e-01
-2.159677495110055911e+00,2.416700000000003001e+01,6.633078544676473953e-01
-1.727677495110055972e+00,2.453300000000002967e+01,6.813078544676474113e-01
-1.672677495110056034e+00,2.458100000000002794e+01,6.813078544676474113e-01
-1.544677495110056142e+00,2.468900000000002848e+01,6.813078544676474113e-01
-1.448677495110056057e+00,2.477100000000002922e+01,6.813078544676474113e-01
-1.353677495110056084e+00,2.485300000000002996e+01,6.813078544676474113e-01
-1.209677495110056178e+00,2.497500000000002984e+01,6.813078544676474113e-01
-1.112677495110056203e+00,2.505700000000003058e+01,6.633078544676473953e-01
-9.846774951100562001e-01,2.516500000000003112e+01,6.633078544676473953e-01
-8.886774951100562259e-01,2.524700000000003186e+01,6.633078544676473953e-01
-7.766774951100562374e-01,2.534100000000003305e+01,6.633078544676473953e-01
-6.486774951100562348e-01,2.545000000000003482e+01,6.633078544676473953e-01
-5.366774951100562463e-01,2.554500000000003368e+01,6.633078544676473953e-01
-4.456774951100562765e-01,2.562300000000003308e+01,6.813078544676474113e-01
-3.356774951100562898e-01,2.571800000000003195e+01,6.813078544676474113e-01
-2.236774951100563014e-01,2.581500000000003325e+01,6.983078544676474264e-01
-1.166774951100563035e-01,2.590900000000003445e+01,6.813078544676474113e-01
5.322504889943693862e-03,2.601400000000003487e+01,6.813078544676474113e-01
1.123225048899436918e-01,2.610500000000003595e+01,6.633078544676473953e-01
2.203225048899437044e-01,2.619300000000003692e+01,6.633078544676473953e-01
2.753225048899436977e-01,2.624000000000003752e+01,6.633078544676473953e-01
3.813225048899436809e-01,2.633200000000003627e+01,6.813078544676474113e-01
4.853225048899436622e-01,2.642400000000003502e+01,6.983078544676474264e-01
5.743225048899436302e-01,2.650200000000003442e+01,6.983078544676474264e-01
6.783225048899436116e-01,2.659400000000003317e+01,6.813078544676474113e-01
7.853225048899435956e-01,2.668500000000003425e+01,6.633078544676473953e-01
8.973225048899435841e-01,2.677700000000003300e+01,6.633078544676473953e-01
9.933225048899435583e-01,2.685700000000003129e+01,6.633078544676473953e-01
1.138322504889943465e+00,2.697600000000003106e+01,6.633078544676473953e-01
1.235322504889943440e+00,2.705500000000003169e+01,6.633078544676473953e-01
1.349322504889943541e+00,2.714800000000003166e+01,6.633078544676473953e-01
1.463322504889943643e+00,2.724000000000003041e+01,6.633078544676473953e-01
1.572322504889943628e+00,2.733100000000003149e+01,6.633078544676473953e-01
1.663322504889943598e+00,2.740900000000003089e+01,6.813078544676474113e-01
1.753322504889943678e+00,2.748700000000003030e+01,6.983078544676474264e-01
1.902322504889943700e+00,2.762100000000003064e+01,7.153078544676474415e-01
1.990322504889943778e+00,2.770500000000003027e+01,7.333078544676474575e-01
2.080322504889943858e+00,2.779300000000003124e+01,7.503078544676474726e-01
2.180322504889943946e+00,2.789100000000003021e+01,7.333078544676474575e-01
2.265322504889943911e+00,2.797400000000002862e+01,7.333078544676474575e-01
2.383322504889943794e+00,2.808400000000002805e+01,6.983078544676474264e-01
2.476322504889943765e+00,2.816700000000002646e+01,6.983078544676474264e-01
2.572322504889943851e+00,2.825100000000002609e+01,6.813078544676474113e-01
2.677322504889943833e+00,2.834200000000002717e+01,6.983078544676474264e-01
2.796322504889944049e+00,2.845100000000002893e+01,7.153078544676474415e-01
2.903322504889944256e+00,2.855000000000002913e+01,7.153078544676474415e-01
2.991322504889944334e+00,2.863300000000002754e+01,7.153078544676474415e-01
3.104322504889944323e+00,2.873800000000002797e+01,7.153078544676474415e-01
3.178322504889944167e+00,2.880500000000002814e+01,6.983078544676474264e-01
3.301322504889943943e+00,2.891500000000002757e+01,6.813078544676474113e-01
3.395322504889943804e+00,2.899600000000002709e+01,6.813078544676474113e-01
3.503322504889943900e+00,2.908900000000002706e+01,6.813078544676474113e-01
3.610322504889944106e+00,2.918300000000002825e+01,6.983078544676474264e-01
3.716322504889943978e+00,2.927800000000002711e+01,6.983078544676474264e-01
3.822322504889943851e+00,2.937500000000002842e+01,7.153078544676474415e-01
3.895322504889943804e+00,2.944400000000002748e+01,7.333078544676474575e-01
4.016322504889943801e+00,2.956000000000002714e+01,7.333078544676474575e-01
4.104322504889943879e+00,2.964500000000002800e+01,7.333078544676474575e-01
4.192322504889943957e+00,2.973000000000002885e+01,7.333078544676474575e-01
4.325322504889943964e+00,2.985500000000002885e+01,7.153078544676474415e-01
4.419322504889944270e+00,2.993900000000002848e+01,6.983078544676474264e-01
4.530322504889944035e+00,3.003800000000002868e+01,7.153078544676474415e-01
4.595322504889944426e+00,3.009900000000002862e+01,7.153078544676474415e-01
4.697322504889944739e+00,3.019500000000002871e+01,7.333078544676474575e-01
4.786322504889945151e+00,3.028100000000002723e+01,7.333078544676474575e-01
4.877322504889945343e+00,3.037000000000002586e+01,7.333078544676474575e-01
4.981322504889945435e+00,3.047100000000002495e+01,7.333078544676474575e-01
5.108322504889945215e+00,3.059400000000002606e+01,7.153078544676474415e-01
5.214322504889945087e+00,3.069200000000002504e+01,7.153078544676474415e-01
5.307322504889945058e+00,3.077600000000002467e+01,6.983078544676474264e-01
5.426322504889944831e+00,3.088400000000002521e+01,7.153078544676474415e-01
5.530322504889944923e+00,3.098300000000002541e+01,7.333078544676474575e-01
5.650322504889945030e+00,3.109900000000002507e+01,7.333078544676474575e-01
5.740322504889944888e+00,3.118800000000002370e+01,7.503078544676474726e-01
5.829322504889945300e+00,3.127500000000002345e+01,7.333078544676474575e-01
5.942322504889945733e+00,3.138600000000002410e+01,7.333078544676474575e-01
6.032322504889945591e+00,3.147100000000002495e+01,7.153078544676474415e-01
6.139322504889945797e+00,3.157000000000002515e+01,7.153078544676474415e-01
6.229322504889945655e+00,3.165300000000002356e+01,7.153078544676474415e-01
6.346322504889945648e+00,3.176400000000002422e+01,7.333078544676474575e-01
6.434322504889945726e+00,3.185000000000002274e+01,7.503078544676474726e-01
6.485322504889945883e+00,3.190100000000002112e+01,7.503078544676474726e-01
6.617322504889945556e+00,3.202900000000001768e+01,7.333078544676474575e-01
6.722322504889945982e+00,3.212900000000001910e+01,7.333078544676474575e-01
6.812322504889945840e+00,3.221800000000001774e+01,7.333078544676474575e-01
6.902322504889945698e+00,3.230500000000002103e+01,7.333078544676474575e-01
7.024322504889945584e+00,3.242200000000001836e+01,7.333078544676474575e-01
7.115322504889945776e+00,3.250900000000002166e+01,7.333078544676474575e-01
7.222322504889945982e+00,3.261100000000001842e+01,7.333078544676474575e-01
7.329322504889946188e+00,3.271200000000001751e+01,7.333078544676474575e-01
7.420322504889946380e+00,3.280000000000001847e+01,7.333078544676474575e-01
7.554322504889946721e+00,3.292600000000001614e+01,7.153078544676474415e-01
7.643322504889947133e+00,3.300500000000001677e+01,6.983078544676474264e-01
7.748322504889947560e+00,3.309700000000001552e+01,6.813078544676474113e-01
7.839322504889947751e+00,3.317500000000001847e+01,6.633078544676473953e-01
7.966322504889947531e+00,3.327900000000001768e+01,6.283078544676473642e-01
8.059322504889948391e+00,3.335100000000002041e+01,6.113078544676473491e-01
8.144322504889949244e+00,3.341500000000002046e+01,6.113078544676473491e-01
8.297322504889949712e+00,3.353200000000001779e+01,6.113078544676473491e-01
8.399322504889950025e+00,3.361000000000002075e+01,5.933078544676473332e-01
8.518322504889949798e+00,3.370000000000002416e+01,5.933078544676473332e-01
8.618322504889949442e+00,3.377400000000002223e+01,6.113078544676473491e-01
8.746322504889949556e+00,3.387300000000001887e+01,6.283078544676473642e-01
8.826322504889949627e+00,3.393800000000001660e+01,6.283078544676473642e-01
8.951322504889949627e+00,3.404100000000001813e+01,6.633078544676473953e-01
9.063322504889949727e+00,3.413400000000002166e+01,6.633078544676473953e-01
9.159322504889949812e+00,3.421400000000001995e+01,6.813078544676474113e-01
9.271322504889949911e+00,3.431100000000002126e+01,6.813078544676474113e-01
9.382322504889950565e+00,3.440700000000001779e+01,6.813078544676474113e-01
9.510322504889950679e+00,3.451800000000001489e+01,6.813078544676474113e-01
9.622322504889950778e+00,3.461600000000001387e+01,6.813078544676474113e-01
9.733322504889951432e+00,3.471200000000001040e+01,6.813078544676474113e-01
9.823322504889951290e+00,3.479100000000001103e+01,6.983078544676474264e-01
9.927322504889950494e+00,3.488400000000001455e+01,7.153078544676474415e-01
1.002932250488995081e+01,3.498100000000001586e+01,7.333078544676474575e-01
1.013232250488995057e+01,3.508200000000001495e+01,7.503078544676474726e-01
1.022232250488995042e+01,3.517200000000001836e+01,7.503078544676474726e-01
1.032232250488995007e+01,3.527300000000001745e+01,7.503078544676474726e-01
1.036232250488994922e+01,3.531200000000001893e+01,7.503078544676474726e-01
1.036232250488994922e+01,3.531200000000001893e+01,7.683078544676474886e-01
1.036232250488994922e+01,3.531200000000001893e+01,7.683078544676474886e-01
1.036232250488994922e+01,3.531200000000001893e+01,7.683078544676474886e-01
1.036232250488994922e+01,3.531200000000001893e+01,7.683078544676474886e-01
1.036232250488994922e+01,3.531200000000001893e+01,7.683078544676474886e-01
1.036232250488994922e+01,3.531200000000001893e+01,7.683078544676474886e-01
1.036232250488994922e+01,3.531200000000001893e+01,7.683078544676474886e-01
1.036232250488994922e+01,3.531200000000001893e+01,7.683078544676474886e-01
1.036232250488994922e+01,3.531200000000001893e+01,7.683078544676474886e-01
1.036232250488994922e+01,3.531200000000001893e+01,7.503078544676474726e-01
1.036232250488994922e+01,3.531200000000001893e+01,7.503078544676474726e-01
1.036232250488994922e+01,3.531200000000001893e+01,7.503078544676474726e-01
1.036232250488994922e+01,3.531200000000001893e+01,7.503078544676474726e-01
1.036232250488994922e+01,3.531200000000001893e+01,7.503078544676474726e-01
1.036232250488994922e+01,3.531200000000001893e+01,7.503078544676474726e-01
1.036232250488994922e+01,3.531200000000001893e+01,7.503078544676474726e-01
1.036232250488994922e+01,3.531200000000001893e+01,7.503078544676474726e-01
1.036232250488994922e+01,3.531200000000001893e+01,7.503078544676474726e-01
1.036232250488994922e+01,3.531200000000001893e+01,7.503078544676474726e-01
1.036232250488994922e+01,3.531200000000001893e+01,7.503078544676474726e-01
1.036232250488994922e+01,3.531200000000001893e+01,7.503078544676474726e-01
1.036232250488994922e+01,3.531200000000001893e+01,7.503078544676474726e-01
1.036232250488994922e+01,3.531200000000001893e+01,7.503078544676474726e-01
1.036232250488994922e+01,3.531200000000001893e+01,7.503078544676474726e-01
1.036232250488994922e+01,3.531200000000001893e+01,7.503078544676474726e-01
1.036232250488994922e+01,3.531200000000001893e+01,7.503078544676474726e-01
1.036232250488994922e+01,3.531200000000001893e+01,7.503078544676474726e-01
1.036232250488994922e+01,3.531200000000001893e+01,7.503078544676474726e-01
1.036232250488994922e+01,3.531200000000001893e+01,7.503078544676474726e-01
1.036232250488994922e+01,3.531200000000001893e+01,7.503078544676474726e-01
1.036232250488994922e+01,3.531200000000001893e+01,7.503078544676474726e-01
1.036232250488994922e+01,3.531200000000001893e+01,7.503078544676474726e-01
1.036232250488994922e+01,3.531200000000001893e+01,7.503078544676474726e-01
1.036232250488994922e+01,3.531200000000001893e+01,7.503078544676474726e-01
1.036232250488994922e+01,3.531200000000001893e+01,7.503078544676474726e-01
1.036232250488994922e+01,3.531200000000001893e+01,7.503078544676474726e-01
1.036232250488994922e+01,3.531200000000001893e+01,7.503078544676474726e-01
1.036232250488994922e+01,3.531200000000001893e+01,7.503078544676474726e-01
1.036232250488994922e+01,3.531200000000001893e+01,7.503078544676474726e-01
1.036232250488994922e+01,3.531200000000001893e+01,7.503078544676474726e-01
1.036232250488994922e+01,3.531200000000001893e+01,7.503078544676474726e-01
1.036232250488994922e+01,3.531200000000001893e+01,7.503078544676474726e-01
1.036232250488994922e+01,3.531200000000001893e+01,7.503078544676474726e-01
1.036232250488994922e+01,3.531200000000001893e+01,7.503078544676474726e-01
1.036232250488994922e+01,3.531200000000001893e+01,7.503078544676474726e-01
1.036232250488994922e+01,3.531200000000001893e+01,7.503078544676474726e-01
1.036232250488994922e+01,3.531200000000001893e+01,7.503078544676474726e-01
1.036232250488994922e+01,3.531200000000001893e+01,7.503078544676474726e-01
1.036232250488994922e+01,3.531200000000001893e+01,7.503078544676474726e-01
1.036232250488994922e+01,3.531200000000001893e+01,7.503078544676474726e-01
1.036232250488994922e+01,3.531200000000001893e+01,7.503078544676474726e-01
1.036232250488994922e+01,3.531200000000001893e+01,7.503078544676474726e-01
1.036232250488994922e+01,3.531200000000001893e+01,7.503078544676474726e-01
1.036232250488994922e+01,3.531200000000001893e+01,7.503078544676474726e-01
1.036232250488994922e+01,3.531200000000001893e+01,7.503078544676474726e-01
1.036232250488994922e+01,3.531200000000001893e+01,7.503078544676474726e-01
1.036232250488994922e+01,3.531200000000001893e+01,7.503078544676474726e-01
1.036232250488994922e+01,3.531200000000001893e+01,7.503078544676474726e-01
1.036232250488994922e+01,3.531200000000001893e+01,7.503078544676474726e-01
1.036232250488994922e+01,3.531200000000001893e+01,7.503078544676474726e-01
1.036232250488994922e+01,3.531200000000001893e+01,7.503078544676474726e-01
1.036232250488994922e+01,3.531200000000001893e+01,7.503078544676474726e-01
1.036232250488994922e+01,3.531200000000001893e+01,7.503078544676474726e-01
1.036232250488994922e+01,3.531200000000001893e+01,7.503078544676474726e-01
1.036232250488994922e+01,3.531200000000001893e+01,7.503078544676474726e-01
1.036232250488994922e+01,3.531200000000001893e+01,7.503078544676474726e-01
1.036232250488994922e+01,3.531200000000001893e+01,7.503078544676474726e-01
1.036232250488994922e+01,3.531200000000001893e+01,7.503078544676474726e-01
1.036232250488994922e+01,3.531200000000001893e+01,7.503078544676474726e-01
1.036232250488994922e+01,3.531200000000001893e+01,7.503078544676474726e-01
1.036232250488994922e+01,3.531200000000001893e+01,7.503078544676474726e-01
1.036232250488994922e+01,3.531200000000001893e+01,7.503078544676474726e-01
1.036232250488994922e+01,3.531200000000001893e+01,7.503078544676474726e-01
1.036232250488994922e+01,3.531200000000001893e+01,7.503078544676474726e-01
1.036232250488994922e+01,3.531200000000001893e+01,7.503078544676474726e-01
1.036232250488994922e+01,3.531200000000001893e+01,7.503078544676474726e-01
1.036232250488994922e+01,3.531200000000001893e+01,7.503078544676474726e-01
1.036232250488994922e+01,3.531200000000001893e+01,7.503078544676474726e-01
1.036232250488994922e+01,3.531200000000001893e+01,7.503078544676474726e-01
1.036232250488994922e+01,3.531200000000001893e+01,7.503078544676474726e-01
1.036232250488994922e+01,3.531200000000001893e+01,7.503078544676474726e-01
1.036232250488994922e+01,3.531200000000001893e+01,7.503078544676474726e-01
1.036232250488994922e+01,3.531200000000001893e+01,7.503078544676474726e-01
1.036232250488994922e+01,3.531200000000001893e+01,5.933078544676474442e-01
1.036232250488994922e+01,3.531200000000001893e+01,4.013078544676474402e-01
1.036232250488994922e+01,3.531200000000001893e+01,2.273078544676474522e-01
1.036232250488994922e+01,3.531200000000001893e+01,1.053078544676474548e-01
1.036232250488994922e+01,3.531200000000001893e+01,-6.987745271193926411e-02
1.040432250488994903e+01,3.530800000000002115e+01,-1.918774527119392614e-01
1.053832250488994937e+01,3.526900000000001967e+01,-4.358774527119392284e-01
1.066332250488994937e+01,3.520100000000002183e+01,-6.108774527119391617e-01
1.076032250488994890e+01,3.512800000000002143e+01,-7.148774527119391431e-01
1.086632250488994877e+01,3.503500000000001791e+01,-8.028774527119391102e-01
1.096032250488994819e+01,3.493200000000001637e+01,-9.248774527119391076e-01
1.103232250488994737e+01,3.483400000000001739e+01,-1.029877452711939201e+00
1.110032250488994698e+01,3.470900000000001739e+01,-1.151877452711939309e+00
1.115132250488994714e+01,3.459900000000001796e+01,-1.186877452711939229e+00
1.120932250488994697e+01,3.446100000000001984e+01,-1.203877452711939133e+00
1.127532250488994769e+01,3.430500000000002103e+01,-1.186877452711939229e+00
1.134532250488994798e+01,3.415800000000002257e+01,-1.098877452711939151e+00
1.141032250488994748e+01,3.405400000000002336e+01,-9.948774527119391697e-01
1.149632250488994778e+01,3.394100000000002382e+01,-9.248774527119392186e-01
1.157532250488994841e+01,3.385100000000002041e+01,-8.548774527119391564e-01
1.167332250488994916e+01,3.375100000000001899e+01,-8.198774527119391253e-01
1.175732250488994879e+01,3.366700000000001580e+01,-8.028774527119391102e-01
1.187732250488994801e+01,3.355500000000001393e+01,-7.678774527119390791e-01
1.200232250488994801e+01,3.344300000000001205e+01,-7.678774527119390791e-01
1.209232250488994787e+01,3.336400000000001143e+01,-7.678774527119390791e-01
1.221032250488994819e+01,3.325700000000001211e+01,-7.848774527119390942e-01
1.228332250488994859e+01,3.318700000000001182e+01,-8.028774527119391102e-01
1.238432250488994946e+01,3.308800000000001518e+01,-8.198774527119391253e-01
1.248932250488994988e+01,3.298300000000001830e+01,-8.198774527119391253e-01
1.260832250488994966e+01,3.286300000000002086e+01,-8.378774527119391413e-01
1.271332250488995008e+01,3.275800000000002399e+01,-8.378774527119391413e-01
1.281632250488994984e+01,3.265300000000002711e+01,-8.378774527119391413e-01
1.292132250488995027e+01,3.254800000000003024e+01,-8.378774527119391413e-01
1.300832250488995001e+01,3.245800000000002683e+01,-8.378774527119391413e-01
1.309832250488994987e+01,3.236700000000002575e+01,-8.198774527119391253e-01
1.317832250488994994e+01,3.228900000000002279e+01,-8.028774527119391102e-01
1.327932250488995081e+01,3.219100000000002382e+01,-8.028774527119391102e-01
1.337832250488995101e+01,3.209300000000002484e+01,-8.198774527119391253e-01
1.346232250488995064e+01,3.200800000000002399e+01,-8.378774527119391413e-01
1.359332250488995086e+01,3.187200000000002476e+01,-8.378774527119391413e-01
1.368032250488995061e+01,3.178100000000002368e+01,-8.378774527119391413e-01
1.377732250488995014e+01,3.168000000000002458e+01,-8.378774527119391413e-01
1.387532250488995089e+01,3.158000000000002316e+01,-8.198774527119391253e-01
1.397732250488995120e+01,3.148000000000002174e+01,-8.028774527119391102e-01
1.406732250488995106e+01,3.139200000000002078e+01,-8.028774527119391102e-01
1.415332250488995136e+01,3.130800000000002115e+01,-8.028774527119391102e-01
1.426632250488995091e+01,3.119600000000002282e+01,-8.198774527119391253e-01
1.435132250488995176e+01,3.111000000000002430e+01,-8.378774527119391413e-01
1.445032250488995196e+01,3.100800000000002399e+01,-8.378774527119391413e-01
1.455632250488995183e+01,3.090200000000002234e+01,-7.848774527119390942e-01
1.464332250488995157e+01,3.082100000000002282e+01,-7.848774527119390942e-01
1.474632250488995133e+01,3.072500000000002274e+01,-8.028774527119391102e-01
1.483232250488995163e+01,3.064200000000002433e+01,-8.028774527119391102e-01
1.493132250488995183e+01,3.054400000000002535e+01,-8.198774527119391253e-01
1.502832250488995136e+01,3.044300000000002626e+01,-8.378774527119391413e-01
1.512532250488995089e+01,3.034100000000002595e+01,-8.378774527119391413e-01
1.523732250488995099e+01,3.022500000000002629e+01,-8.198774527119391253e-01
1.532232250488995184e+01,3.014100000000002666e+01,-8.198774527119391253e-01
1.542732250488995227e+01,3.003900000000002635e+01,-8.028774527119391102e-01
1.553232250488995270e+01,2.993700000000002603e+01,-8.028774527119391102e-01
1.563232250488995234e+01,2.984000000000002473e+01,-8.198774527119391253e-01
1.571632250488995197e+01,2.975600000000002510e+01,-8.198774527119391253e-01
1.582032250488995118e+01,2.965200000000002589e+01,-8.378774527119391413e-01
1.593332250488995072e+01,2.953700000000002746e+01,-8.198774527119391253e-01
1.603232250488995092e+01,2.943800000000002726e+01,-8.028774527119391102e-01
1.609732250488995220e+01,2.937900000000002620e+01,-7.498774527119390632e-01
1.620132250488995140e+01,2.928700000000002746e+01,-7.678774527119390791e-01
1.630632250488995183e+01,2.919400000000002748e+01,-7.848774527119390942e-01
1.639232250488995035e+01,2.911000000000002785e+01,-8.198774527119391253e-01
1.650432250488994868e+01,2.899700000000002831e+01,-8.378774527119391413e-01
1.658832250488994831e+01,2.890900000000002734e+01,-8.378774527119391413e-01
1.667132250488994671e+01,2.882500000000002771e+01,-8.198774527119391253e-01
1.677132250488994814e+01,2.872600000000002751e+01,-8.028774527119391102e-01
1.685832250488994788e+01,2.864300000000002910e+01,-7.848774527119390942e-01
1.699432250488994711e+01,2.851700000000002788e+01,-7.848774527119390942e-01
1.709832250488994632e+01,2.842100000000002780e+01,-7.848774527119390942e-01
1.721232250488994708e+01,2.831000000000002714e+01,-8.028774527119391102e-01
1.730132250488994572e+01,2.822100000000002851e+01,-8.198774527119391253e-01
1.741632250488994416e+01,2.810600000000003007e+01,-8.028774527119391102e-01
1.750332250488994390e+01,2.802200000000003044e+01,-8.028774527119391102e-01
1.758432250488994342e+01,2.794700000000003115e+01,-7.498774527119390632e-01
1.767632250488994217e+01,2.787000000000002942e+01,-7.328774527119390481e-01
1.778132250488994259e+01,2.777900000000002834e+01,-7.498774527119390632e-01
1.788732250488994424e+01,2.768800000000002726e+01,-7.498774527119390632e-01
1.797732250488994410e+01,2.760900000000002663e+01,-7.678774527119390791e-01
1.809432250488994498e+01,2.750100000000002609e+01,-8.028774527119391102e-01
1.817932250488994583e+01,2.741700000000002646e+01,-8.198774527119391253e-01
1.828332250488994504e+01,2.731200000000002603e+01,-8.198774527119391253e-01
1.840932250488994626e+01,2.718600000000002481e+01,-8.028774527119391102e-01
1.849632250488994600e+01,2.710200000000002518e+01,-8.028774527119391102e-01
1.859932250488994754e+01,2.700500000000002387e+01,-7.848774527119390942e-01
1.869032250488994862e+01,2.692300000000002314e+01,-7.678774527119390791e-01
1.881432250488994740e+01,2.681500000000002260e+01,-7.678774527119390791e-01
1.890332250488994603e+01,2.673600000000002197e+01,-7.678774527119390791e-01
1.903032250488994492e+01,2.661800000000002342e+01,-8.028774527119391102e-01
1.910532250488994421e+01,2.654900000000002436e+01,-7.848774527119390942e-01
1.921432250488994598e+01,2.645100000000002538e+01,-7.678774527119390791e-01
1.932232250488994652e+01,2.635300000000002640e+01,-7.678774527119390791e-01
1.942632250488994572e+01,2.625900000000002521e+01,-7.848774527119390942e-01
1.951832250488994447e+01,2.617400000000002436e+01,-7.848774527119390942e-01
1.960932250488994555e+01,2.608900000000002350e+01,-7.848774527119390942e-01
1.972832250488994532e+01,2.597900000000002407e+01,-7.848774527119390942e-01
1.983532250488994464e+01,2.588100000000002510e+01,-7.678774527119390791e-01
1.994332250488994518e+01,2.578400000000002379e+01,-7.678774527119390791e-01
2.005432250488994583e+01,2.568500000000002359e+01,-7.678774527119390791e-01
2.014732250488994580e+01,2.560300000000002285e+01,-7.678774527119390791e-01
2.025632250488994757e+01,2.550600000000002154e+01,-7.678774527119390791e-01
2.035132250488994643e+01,2.542200000000002191e+01,-7.678774527119390791e-01
2.046132250488994586e+01,2.532400000000002294e+01,-7.678774527119390791e-01
2.054732250488994438e+01,2.524600000000002353e+01,-7.498774527119390632e-01
2.064132250488994558e+01,2.516500000000002402e+01,-7.498774527119390632e-01
2.076132250488994657e+01,2.506100000000002481e+01,-7.498774527119390632e-01
2.086732250488994822e+01,2.496700000000002362e+01,-7.678774527119390791e-01
2.099032250488994933e+01,2.485500000000002530e+01,-7.848774527119390942e-01
2.108032250488994919e+01,2.477500000000002700e+01,-7.678774527119390791e-01
2.118532250488994961e+01,2.468300000000002825e+01,-7.498774527119390632e-01
2.129632250488995027e+01,2.458700000000002817e+01,-7.498774527119390632e-01
2.139232250488995035e+01,2.450400000000002976e+01,-7.498774527119390632e-01
2.151532250488995146e+01,2.439900000000002933e+01,-7.498774527119390632e-01
2.162232250488995078e+01,2.430500000000002814e+01,-7.678774527119390791e-01
2.173432250488994910e+01,2.420700000000002916e+01,-7.678774527119390791e-01
2.179432250488994782e+01,2.415500000000002956e+01,-6.278774527119390658e-01
2.179732250488994794e+01,2.415400000000002834e+01,-1.918774527119390672e-01
2.181732250488994751e+01,2.415200000000002944e+01,-1.918774527119390672e-01
2.188232250488994879e+01,2.413400000000002876e+01,-4.188774527119391022e-01
2.201532250488994791e+01,2.405500000000002814e+01,-6.808774527119391129e-01
2.210132250488994643e+01,2.398000000000002885e+01,-7.848774527119390942e-01
2.219532250488994762e+01,2.388000000000002743e+01,-8.898774527119390765e-01
2.221532250488994720e+01,2.385800000000002896e+01,-6.108774527119390507e-01
2.221532250488994720e+01,2.385800000000002896e+01,-1.218774527119390605e-01
2.221532250488994720e+01,2.385800000000002896e+01,3.663078544676479087e-01
2.221532250488994720e+01,2.385800000000002896e+01,8.553078544676480099e-01
2.221532250488994720e+01,2.385800000000002896e+01,1.291307854467647953e+00
2.221432250488994598e+01,2.391400000000002990e+01,1.745307854467647912e+00
2.220232250488994552e+01,2.393500000000003070e+01,2.164307854467647729e+00
2.214532250488994691e+01,2.399700000000003186e+01,2.374307854467647694e+00
2.193732250488994850e+01,2.415700000000003200e+01,2.513307854467647928e+00
2.180132250488994927e+01,2.424500000000003297e+01,2.548307854467648070e+00
2.169832250488994774e+01,2.430800000000003180e+01,2.566307854467647864e+00
2.155232250488994694e+01,2.439500000000003155e+01,2.583307854467647768e+00
2.142632250488994572e+01,2.446800000000003195e+01,2.583307854467647768e+00
2.136032250488994677e+01,2.450500000000003098e+01,2.600307854467647672e+00
2.135532250488994777e+01,2.450700000000002987e+01,3.054307854467647854e+00
2.132532250488994663e+01,2.450700000000002987e+01,-3.106877452711938936e+00
2.132232250488994652e+01,2.450700000000002987e+01,-2.774877452711939085e+00
2.132232250488994652e+01,2.450700000000002987e+01,-2.268877452711938858e+00
2.132232250488994652e+01,2.450600000000002865e+01,-1.779877452711938979e+00
2.132232250488994652e+01,2.449600000000002709e+01,-1.238877452711939053e+00
2.134832250488994632e+01,2.445800000000002683e+01,-8.898774527119390765e-01
2.142532250488994805e+01,2.438400000000002521e+01,-7.498774527119390632e-01
2.153532250488994748e+01,2.429600000000002424e+01,-6.628774527119390969e-01
2.165332250488994603e+01,2.421600000000002595e+01,-6.108774527119390507e-01
2.175532250488994634e+01,2.415000000000002700e+01,-5.928774527119390347e-01
2.187632250488994501e+01,2.407600000000002538e+01,-5.578774527119390036e-01
2.199932250488994612e+01,2.400600000000002510e+01,-5.408774527119390996e-01
2.214332250488994447e+01,2.392900000000002336e+01,-5.238774527119390845e-01
2.223332250488994433e+01,2.388400000000002166e+01,-5.058774527119390685e-01
2.239832250488994347e+01,2.380400000000002336e+01,-4.708774527119390374e-01
2.251332250488994191e+01,2.375100000000002254e+01,-4.708774527119390374e-01
2.264532250488994336e+01,2.369200000000002149e+01,-4.708774527119390374e-01
2.277232250488994225e+01,2.363300000000002044e+01,-4.888774527119389979e-01
2.288132250488994401e+01,2.357900000000002194e+01,-5.058774527119389575e-01
2.305032250488994450e+01,2.349200000000002220e+01,-5.058774527119389575e-01
2.318332250488994362e+01,2.342300000000002314e+01,-5.058774527119389575e-01
2.329232250488994538e+01,2.336800000000002342e+01,-5.058774527119389575e-01
2.341932250488994427e+01,2.330500000000002458e+01,-4.888774527119389979e-01
2.353432250488994271e+01,2.325100000000002609e+01,-4.888774527119389979e-01
2.368732250488994140e+01,2.317900000000002692e+01,-4.708774527119389819e-01
2.380032250488994094e+01,2.312500000000002842e+01,-4.888774527119389979e-01
2.393232250488994239e+01,2.306200000000002959e+01,-4.888774527119389979e-01
2.403832250488994404e+01,2.301600000000003021e+01,-4.538774527119390223e-01
2.415132250488994359e+01,2.296800000000003195e+01,-4.358774527119390063e-01
2.432232250488994296e+01,2.290200000000003300e+01,-4.008774527119390307e-01
2.443632250488994373e+01,2.286000000000003141e+01,-3.838774527119390156e-01
2.455032250488994450e+01,2.281800000000002981e+01,-3.658774527119389997e-01
2.468332250488994362e+01,2.276900000000003033e+01,-3.838774527119390156e-01
2.481632250488994273e+01,2.271700000000003072e+01,-4.538774527119390223e-01
2.494332250488994163e+01,2.265700000000003200e+01,-5.238774527119388624e-01
2.505032250488994094e+01,2.259700000000003328e+01,-5.758774527119389086e-01
2.519132250488993918e+01,2.251000000000003354e+01,-5.928774527119389237e-01
2.529432250488994072e+01,2.244600000000003348e+01,-5.758774527119389086e-01
2.539832250488993992e+01,2.238400000000003232e+01,-5.758774527119389086e-01
2.555732250488993884e+01,2.229300000000003124e+01,-5.408774527119388775e-01
2.566532250488993938e+01,2.223300000000003251e+01,-5.238774527119388624e-01
2.579132250488994060e+01,2.216900000000003246e+01,-5.058774527119388464e-01
2.589032250488994080e+01,2.212100000000003419e+01,-4.358774527119388398e-01
2.602432250488994114e+01,2.206500000000003325e+01,-4.358774527119388398e-01
2.613632250488993947e+01,2.201900000000003388e+01,-4.358774527119388398e-01
2.626832250488994092e+01,2.196300000000003294e+01,-4.538774527119388558e-01
2.641532250488993938e+01,2.189900000000003288e+01,-4.708774527119388709e-01
2.654432250488994072e+01,2.183800000000003294e+01,-4.888774527119389979e-01
2.665332250488994248e+01,2.178300000000003322e+01,-5.058774527119389575e-01
2.678332250488994148e+01,2.171700000000003428e+01,-5.058774527119389575e-01
2.691232250488994282e+01,2.165300000000003422e+01,-5.058774527119389575e-01
2.704432250488994427e+01,2.158900000000003416e+01,-4.888774527119389979e-01
2.717432250488994327e+01,2.152700000000003300e+01,-4.708774527119389819e-01
2.753432250488994271e+01,2.137200000000003186e+01,-4.358774527119390063e-01
2.766832250488994305e+01,2.131700000000003214e+01,-4.358774527119390063e-01
2.779932250488994327e+01,2.126100000000003121e+01,-4.538774527119390223e-01
2.790832250488994504e+01,2.121500000000003183e+01,-4.358774527119390063e-01
2.796132250488994586e+01,2.118900000000003203e+01,-5.408774527119390996e-01
2.805732250488994595e+01,2.112800000000003209e+01,-6.458774527119390818e-01
2.816932250488994427e+01,2.104100000000003234e+01,-7.328774527119390481e-01
2.829132250488994416e+01,2.093500000000003070e+01,-7.678774527119390791e-01
2.833632250488994586e+01,2.089600000000002922e+01,-5.928774527119391458e-01
2.833732250488994708e+01,2.089600000000002922e+01,-1.048774527119391564e-01
2.833732250488994708e+01,2.089600000000002922e+01,3.663078544676470205e-01
2.833732250488994708e+01,2.089600000000002922e+01,8.733078544676470267e-01
2.833732250488994708e+01,2.089600000000002922e+01,1.291307854467647065e+00
2.833732250488994708e+01,2.090100000000002822e+01,1.710307854467647104e+00
2.830532250488994706e+01,2.096700000000002717e+01,2.129307854467647143e+00
2.828432250488994626e+01,2.099400000000002819e+01,2.443307854467647200e+00
2.820532250488994563e+01,2.104100000000002879e+01,2.653307854467647164e+00
2.809232250488994609e+01,2.108800000000002939e+01,2.740307854467647353e+00
2.792132250488994671e+01,2.114800000000002811e+01,2.810307854467647193e+00
2.780132250488994572e+01,2.118500000000002714e+01,2.810307854467647193e+00
2.764232250488994680e+01,2.122400000000002862e+01,2.950307854467647317e+00
2.754032250488994649e+01,2.123400000000003018e+01,3.089307854467647552e+00
2.751932250488994569e+01,2.123400000000003018e+01,-2.931877452711939114e+00
2.751932250488994569e+01,2.123400000000003018e+01,-2.442877452711939235e+00
2.751932250488994569e+01,2.123400000000003018e+01,-2.023877452711939195e+00
2.751932250488994569e+01,2.122200000000002973e+01,-1.552877452711939110e+00
2.755132250488994572e+01,2.113200000000002987e+01,-1.046877452711939105e+00
2.768132250488994472e+01,2.101600000000003021e+01,-5.058774527119390685e-01
2.779632250488994316e+01,2.097200000000002973e+01,-2.968774527119391049e-01
2.793632250488994373e+01,2.094300000000002981e+01,-1.918774527119390672e-01
2.807632250488994430e+01,2.092500000000002913e+01,-1.218774527119390605e-01
2.819632250488994529e+01,2.091900000000002890e+01,-8.687745271193905716e-02
2.833632250488994586e+01,2.091500000000002757e+01,-5.187745271193905383e-02
2.845632250488994686e+01,2.091500000000002757e+01,-3.487745271193905261e-02
2.865632250488994615e+01,2.091500000000002757e+01,3.078544676473844504e-04
2.875632250488994757e+01,2.091800000000002768e+01,1.730785446764739402e-02
2.889732250488994580e+01,2.092500000000002913e+01,3.530785446764739266e-02
2.903832250488994404e+01,2.093200000000003058e+01,3.530785446764739266e-02
2.917832250488994461e+01,2.093900000000003203e+01,1.730785446764740096e-02
2.931932250488994285e+01,2.094500000000003226e+01,3.078544676473997377e-04
2.943932250488994384e+01,2.094600000000003348e+01,-1.769214553235259890e-02
2.957132250488994529e+01,2.094600000000003348e+01,-3.487745271193911506e-02
2.966632250488994416e+01,2.094600000000003348e+01,-3.469214553235275972e-02
2.978632250488994515e+01,2.094600000000003348e+01,-5.187745271193947710e-02
2.996632250488994487e+01,2.094500000000003226e+01,-6.987745271193947227e-02
3.008632250488994586e+01,2.094000000000003325e+01,-8.687745271193944574e-02
3.023032250488994421e+01,2.093300000000003180e+01,-1.048774527119394340e-01
3.035532250488994421e+01,2.092700000000003158e+01,-1.048774527119394340e-01
3.051532250488994435e+01,2.091900000000003246e+01,-8.687745271193940411e-02
3.064132250488994558e+01,2.091300000000003223e+01,-8.687745271193939023e-02
3.080932250488994484e+01,2.090500000000003311e+01,-8.687745271193939023e-02
3.095632250488994330e+01,2.089800000000003166e+01,-8.687745271193939023e-02
3.109732250488994154e+01,2.089100000000003021e+01,-8.687745271193939023e-02
3.123932250488994100e+01,2.088400000000002876e+01,-1.048774527119393923e-01
3.138632250488993947e+01,2.087500000000002842e+01,-1.048774527119393923e-01
3.151232250488994069e+01,2.086700000000002930e+01,-1.048774527119393923e-01
3.163132250488994046e+01,2.086000000000002785e+01,-1.048774527119393923e-01
3.175132250488994146e+01,2.085500000000002885e+01,-6.987745271193938901e-02
3.189732250488994225e+01,2.084900000000002862e+01,-6.987745271193938901e-02
3.203732250488994282e+01,2.084200000000002717e+01,-8.687745271193939023e-02
3.219732250488993941e+01,2.083400000000002805e+01,-1.048774527119393923e-01
3.231832250488994163e+01,2.082600000000002893e+01,-1.218774527119393658e-01
3.248332250488994077e+01,2.081100000000002836e+01,-1.218774527119393380e-01
3.260332250488993822e+01,2.080200000000002802e+01,-1.048774527119393368e-01
3.272332250488993566e+01,2.079600000000002780e+01,-1.048774527119393368e-01
3.286832250488993878e+01,2.078900000000002635e+01,-8.687745271193933472e-02
3.299532250488994123e+01,2.078300000000002612e+01,-8.687745271193933472e-02
3.318432250488994129e+01,2.077400000000002578e+01,-8.687745271193933472e-02
3.338632250488993947e+01,2.076400000000002422e+01,-8.687745271193933472e-02
3.352932250488994015e+01,2.075600000000002510e+01,-1.048774527119393368e-01
3.365332250488994248e+01,2.074800000000002598e+01,-1.048774527119393368e-01
3.380632250488994117e+01,2.073900000000002564e+01,-8.687745271193933472e-02
3.390132250488994003e+01,2.073900000000002564e+01,-5.187745271193934526e-02
3.404732250488994083e+01,2.073900000000002564e+01,-3.469214553235275972e-02
3.417132250488994316e+01,2.073900000000002564e+01,-1.769214553235275850e-02
3.435232250488994055e+01,2.073900000000002564e+01,3.078544676472401431e-04
3.447732250488994055e+01,2.074200000000002575e+01,3.078544676472401431e-04
3.461732250488994111e+01,2.074400000000002464e+01,-1.769214553235275850e-02
3.475732250488994168e+01,2.074400000000002464e+01,-5.187745271193947710e-02
3.487732250488993913e+01,2.073900000000002564e+01,-1.048774527119394478e-01
3.501732250488993969e+01,2.072700000000002518e+01,-1.398774527119394651e-01
3.513732250488993714e+01,2.071500000000002473e+01,-1.568774527119394802e-01
3.528132250488993549e+01,2.069600000000002638e+01,-1.738774527119394953e-01
3.542132250488993606e+01,2.067800000000002569e+01,-1.568774527119394802e-01
3.556132250488993662e+01,2.066300000000002512e+01,-1.398774527119394651e-01
3.570132250488993719e+01,2.064900000000002578e+01,-1.218774527119394629e-01
3.586132250488993378e+01,2.063700000000002532e+01,-1.048774527119394340e-01
3.597032250488993554e+01,2.063300000000002399e+01,-5.187745271193944935e-02
3.609032250488993299e+01,2.063300000000002399e+01,-5.187745271193946323e-02
3.623032250488993355e+01,2.063000000000002387e+01,-8.687745271193944574e-02
3.637132250488993179e+01,2.061900000000002464e+01,-1.218774527119394491e-01
3.649332250488993168e+01,2.060700000000002419e+01,-1.398774527119394373e-01
3.663332250488993225e+01,2.059400000000002251e+01,-1.218774527119394352e-01
3.675332250488992969e+01,2.058500000000002217e+01,-1.048774527119394340e-01
3.691332250488992628e+01,2.057700000000002305e+01,-8.687745271193940411e-02
3.703632250488992383e+01,2.057100000000002282e+01,-6.987745271193940289e-02
3.716232250488992150e+01,2.056700000000002149e+01,-6.987745271193940289e-02
3.730932250488991997e+01,2.056300000000002015e+01,-6.987745271193940289e-02
3.747732250488991923e+01,2.055900000000001882e+01,-6.987745271193940289e-02
3.762432250488991770e+01,2.055700000000001992e+01,-6.987745271193940289e-02
3.777132250488991616e+01,2.055600000000001870e+01,-5.187745271193941465e-02
3.791332250488991917e+01,2.055400000000001981e+01,-6.987745271193941676e-02
3.800432250488992025e+01,2.055200000000002092e+01,-5.187745271193942853e-02
3.814632250488992327e+01,2.055200000000002092e+01,-6.987745271193943064e-02
3.828732250488992150e+01,2.054800000000001958e+01,-6.987745271193943064e-02
3.841132250488992383e+01,2.054200000000001936e+01,-8.687745271193940411e-02
3.857932250488992310e+01,2.053400000000002024e+01,-8.687745271193939023e-02
3.870032250488992531e+01,2.052800000000002001e+01,-8.687745271193939023e-02
3.884132250488992355e+01,2.052300000000002100e+01,-6.987745271193938901e-02
3.898132250488992412e+01,2.052300000000002100e+01,-5.187745271193940078e-02
3.916132250488992383e+01,2.052300000000002100e+01,-1.769214553235240808e-02
3.928632250488992383e+01,2.052300000000002100e+01,-1.769214553235240808e-02
3.942732250488992207e+01,2.052300000000002100e+01,-1.769214553235240808e-02
3.954732250488991951e+01,2.052300000000002100e+01,-3.469214553235240583e-02
3.968932250488992253e+01,2.052300000000002100e+01,-3.487745271193822688e-02
3.981332250488992486e+01,2.052300000000002100e+01,-5.187745271193822810e-02
3.996032250488992332e+01,2.052300000000002100e+01,-5.187745271193822810e-02
4.010732250488992179e+01,2.052300000000002100e+01,-5.187745271193822810e-02
4.027632250488991872e+01,2.052300000000002100e+01,-5.187745271193822810e-02
4.038232250488992037e+01,2.052300000000002100e+01,-5.187745271193822810e-02
4.052432250488992338e+01,2.052100000000002211e+01,-6.987745271193822327e-02
4.068532250488992474e+01,2.051400000000002066e+01,-8.687745271193822449e-02
4.082532250488992531e+01,2.050700000000001921e+01,-1.048774527119382266e-01
4.094532250488992275e+01,2.049600000000001998e+01,-1.398774527119382438e-01
4.110532250488991934e+01,2.047500000000001918e+01,-1.918774527119382345e-01
4.122532250488991679e+01,2.045300000000002072e+01,-2.268774527119382378e-01
4.136532250488991735e+01,2.042500000000002203e+01,-2.438774527119382252e-01
4.148532250488991480e+01,2.039800000000002100e+01,-2.788774527119382007e-01
4.162332250488991292e+01,2.035900000000001953e+01,-3.488774527119382074e-01
4.175732250488991326e+01,2.031100000000002126e+01,-4.188774527119382141e-01
4.186832250488991036e+01,2.026300000000002299e+01,-4.888774527119382207e-01
4.199532250488991281e+01,2.019900000000002294e+01,-5.238774527119381963e-01
4.212032250488991281e+01,2.013300000000002399e+01,-5.408774527119382114e-01
4.226132250488991104e+01,2.005200000000002447e+01,-5.758774527119382425e-01
4.238332250488991093e+01,1.997800000000002285e+01,-5.928774527119382576e-01
4.248432250488991002e+01,1.991300000000002157e+01,-6.278774527119382887e-01
4.259932250488991201e+01,1.982900000000002194e+01,-6.628774527119384308e-01
4.269932250488991343e+01,1.975400000000002265e+01,-6.628774527119384308e-01
4.281532250488991309e+01,1.968700000000002248e+01,-4.538774527119384672e-01
4.293132250488991275e+01,1.964600000000002211e+01,-2.968774527119384388e-01
4.305132250488991019e+01,1.962200000000002120e+01,-1.738774527119384405e-01
4.319132250488991076e+01,1.960900000000001953e+01,-1.048774527119384348e-01
4.331132250488990820e+01,1.960700000000002063e+01,-3.469214553235187154e-02
4.345132250488990877e+01,1.960800000000002186e+01,3.078544676481317910e-04
4.365132250488991161e+01,1.961900000000002109e+01,3.530785446764814900e-02
4.381532250488991309e+01,1.963300000000002044e+01,5.230785446764813634e-02
4.393932250488991542e+01,1.964500000000002089e+01,7.030785446764815927e-02
4.408332250488991377e+01,1.965900000000002024e+01,5.230785446764814328e-02
4.420932250488991144e+01,1.967100000000002069e+01,5.230785446764812940e-02
4.437632250488991303e+01,1.968700000000001893e+01,5.230785446764811553e-02
4.451932250488991372e+01,1.970100000000001828e+01,5.230785446764810165e-02
4.465932250488991428e+01,1.971200000000001751e+01,3.530785446764811430e-02
4.479932250488991485e+01,1.972000000000001663e+01,3.530785446764812818e-02
4.491932250488991230e+01,1.972900000000001697e+01,5.230785446764811553e-02
4.505932250488991286e+01,1.974200000000001864e+01,7.030785446764814539e-02
4.521932250488990945e+01,1.975900000000001810e+01,8.730785446764814661e-02
4.537832250488990837e+01,1.978100000000001657e+01,1.223078544676481499e-01
4.551932250488990661e+01,1.980300000000001504e+01,1.223078544676481499e-01
4.566432250488990974e+01,1.982900000000001484e+01,1.403078544676481521e-01
4.580432250488991031e+01,1.985100000000001330e+01,1.223078544676481499e-01
4.592432250488990775e+01,1.986900000000001398e+01,1.223078544676481499e-01
4.608932250488990690e+01,1.989300000000001489e+01,1.053078544676481487e-01
4.621232250488990445e+01,1.991100000000001558e+01,1.053078544676481487e-01
4.633332250488990667e+01,1.993000000000001393e+01,1.403078544676481521e-01
4.647232250488990957e+01,1.996100000000001273e+01,2.443078544676481334e-01
4.660732250488990758e+01,2.000700000000001211e+01,3.493078544676481156e-01
4.673832250488990780e+01,2.006200000000001182e+01,3.843078544676481467e-01
4.715032250488990684e+01,2.024300000000001276e+01,3.663078544676481307e-01
4.728332250488990951e+01,2.029800000000001248e+01,3.493078544676481156e-01
4.739732250488990672e+01,2.034100000000001174e+01,2.973078544676481250e-01
4.753332250488990951e+01,2.038400000000001100e+01,2.623078544676481494e-01
4.769132250488991076e+01,2.043000000000001037e+01,2.273078544676481461e-01
4.781132250488990820e+01,2.046000000000001151e+01,2.093078544676481578e-01
4.795132250488990877e+01,2.049300000000001276e+01,1.743078544676481545e-01
4.807132250488990621e+01,2.051700000000001367e+01,1.223078544676481638e-01
4.821132250488990678e+01,2.053700000000001324e+01,8.730785446764816049e-02
4.835132250488990735e+01,2.055300000000001148e+01,7.030785446764818702e-02
4.887132250488991048e+01,2.059500000000001307e+01,3.530785446764819757e-02
4.899832250488991292e+01,2.060300000000001219e+01,3.530785446764821145e-02
4.916432250488990974e+01,2.061400000000001143e+01,3.530785446764822533e-02
4.939332250488990894e+01,2.063100000000001089e+01,5.230785446764821267e-02
4.954032250488990741e+01,2.064300000000001134e+01,5.230785446764819879e-02
4.968732250488990587e+01,2.065500000000001180e+01,5.230785446764818492e-02
4.983432250488990434e+01,2.066700000000001225e+01,5.230785446764817104e-02
4.998132250488990280e+01,2.067900000000001270e+01,5.230785446764815716e-02
5.010732250488990047e+01,2.069000000000001194e+01,5.230785446764814328e-02
5.029632250488990053e+01,2.070600000000001017e+01,5.230785446764812940e-02
5.042232250488989820e+01,2.071700000000000941e+01,5.230785446764811553e-02
5.056632250488989655e+01,2.072800000000000864e+01,3.530785446764812818e-02
5.069132250488989655e+01,2.073600000000000776e+01,3.530785446764814206e-02
5.080732250488989621e+01,2.074400000000000688e+01,7.030785446764817315e-02
5.095032250488989689e+01,2.075800000000000622e+01,5.230785446764815716e-02
5.109032250488989746e+01,2.076900000000000546e+01,3.530785446764816982e-02
5.121032250488989490e+01,2.077400000000000446e+01,3.078544676481664855e-04
5.135032250488989547e+01,2.077600000000000335e+01,3.078544676481664855e-04
5.149032250488989604e+01,2.078000000000000469e+01,3.078544676481664855e-04
5.161332250488989359e+01,2.078500000000000369e+01,1.730785446764817465e-02
5.180232250488989365e+01,2.079400000000000404e+01,1.730785446764818158e-02
5.192832250488989132e+01,2.080000000000000426e+01,1.730785446764818852e-02
5.205432250488988899e+01,2.080600000000000449e+01,1.730785446764819546e-02
5.222232250488988825e+01,2.081400000000000361e+01,1.730785446764820240e-02
5.234632250488989058e+01,2.082000000000000384e+01,1.730785446764820934e-02
5.248632250488989115e+01,2.082700000000000529e+01,3.078544676482081188e-04
5.260632250488988859e+01,2.082900000000000418e+01,-1.769214553235179052e-02
5.274632250488988916e+01,2.082900000000000418e+01,-3.469214553235179521e-02
5.288832250488989217e+01,2.082900000000000418e+01,-5.187745271193857505e-02
5.299132250488989371e+01,2.082900000000000418e+01,-3.487745271193857383e-02
5.314032250488989462e+01,2.082900000000000418e+01,3.078544676473844504e-04
5.326332250488989217e+01,2.083300000000000551e+01,3.078544676473844504e-04
5.343132250488989143e+01,2.084000000000000696e+01,1.730785446764739402e-02
5.357532250488988979e+01,2.084700000000000841e+01,1.730785446764740096e-02
5.371532250488989035e+01,2.085400000000000986e+01,3.530785446764739960e-02
5.383532250488988780e+01,2.086400000000001143e+01,5.230785446764740082e-02
5.397932250488988615e+01,2.087800000000001077e+01,7.030785446764739599e-02
5.411932250488988672e+01,2.089300000000001134e+01,8.730785446764739721e-02
5.424132250488988660e+01,2.091000000000001080e+01,1.053078544676473993e-01
5.438632250488988973e+01,2.093100000000001160e+01,1.223078544676474005e-01
5.453032250488988808e+01,2.095200000000001239e+01,1.223078544676474005e-01
5.467232250488989109e+01,2.097300000000001319e+01,1.223078544676474005e-01
5.479332250488989331e+01,2.099100000000001387e+01,1.053078544676473993e-01
5.495332250488988990e+01,2.101200000000001467e+01,8.730785446764739721e-02
5.509332250488989047e+01,2.102700000000001523e+01,7.030785446764739599e-02
5.524032250488988893e+01,2.104100000000001458e+01,5.230785446764739388e-02
5.538432250488988728e+01,2.105500000000001393e+01,5.230785446764739388e-02
5.550532250488988950e+01,2.106700000000001438e+01,7.030785446764739599e-02
5.567232250488989109e+01,2.108300000000001262e+01,7.030785446764739599e-02
5.579832250488988876e+01,2.109500000000001307e+01,7.030785446764739599e-02
5.590832250488988819e+01,2.110500000000001464e+01,7.030785446764739599e-02
5.598032250488989092e+01,2.111200000000001609e+01,7.030785446764739599e-02
5.599932250488988927e+01,2.111300000000001731e+01,1.053078544676473993e-01
5.600332250488988706e+01,2.111300000000001731e+01,1.743078544676474051e-01
5.601232250488988740e+01,2.111300000000001731e+01,1.573078544676473900e-01
5.602732250488988797e+01,2.111300000000001731e+01,1.223078544676473867e-01
5.603932250488988842e+01,2.111300000000001731e+01,8.730785446764738333e-02
5.605332250488989132e+01,2.111300000000001731e+01,5.230785446764738000e-02
5.606732250488989422e+01,2.111300000000001731e+01,5.230785446764738000e-02
5.608532250488989490e+01,2.111300000000001731e+01,5.230785446764738000e-02
5.610632250488989570e+01,2.111300000000001731e+01,5.230785446764738000e-02
5.613332250488989672e+01,2.111400000000001853e+01,5.230785446764738000e-02
5.618032250488989376e+01,2.111600000000001742e+01,5.230785446764738000e-02
5.622732250488989081e+01,2.111900000000001754e+01,7.030785446764738211e-02
5.635132250488989314e+01,2.113100000000001799e+01,7.030785446764738211e-02
5.649732250488989393e+01,2.114500000000001734e+01,7.030785446764738211e-02
5.662332250488989160e+01,2.115800000000001901e+01,8.730785446764738333e-02
5.676832250488989473e+01,2.117200000000001836e+01,7.030785446764738211e-02
5.692832250488989132e+01,2.118800000000001660e+01,7.030785446764738211e-02
5.703532250488989064e+01,2.119800000000001816e+01,1.403078544676473471e-01
5.703732250488989308e+01,2.119800000000001816e+01,4.543078544676473207e-01
5.703732250488989308e+01,2.119800000000001816e+01,7.503078544676473616e-01
5.703732250488989308e+01,2.119800000000001816e+01,1.065307854467647308e+00
5.703732250488989308e+01,2.119800000000001816e+01,1.274307854467647383e+00
5.703732250488989308e+01,2.119800000000001816e+01,1.501307854467647473e+00
5.703732250488989308e+01,2.119800000000001816e+01,1.675307854467647406e+00
5.703732250488989308e+01,2.119800000000001816e+01,1.833307854467647324e+00
5.703732250488989308e+01,2.119800000000001816e+01,1.937307854467647417e+00
5.703432250488989297e+01,2.120400000000001839e+01,2.042307854467647399e+00
5.695032250488988979e+01,2.129700000000001836e+01,2.478307854467647342e+00
5.680232250488988655e+01,2.135700000000001708e+01,2.950307854467647317e+00
5.664232250488988996e+01,2.135300000000001575e+01,-3.018877452711939302e+00
5.654232250488988853e+01,2.133300000000001617e+01,-2.931877452711939114e+00
5.636532250488988893e+01,2.127900000000001768e+01,-2.844877452711938925e+00
5.625232250488988939e+01,2.123600000000001842e+01,-2.774877452711939085e+00
5.612132250488988916e+01,2.118000000000001748e+01,-2.739877452711938943e+00
5.601232250488988740e+01,2.113200000000001921e+01,-2.739877452711938943e+00
5.592732250488988655e+01,2.109300000000001774e+01,-2.757877452711938737e+00
5.589232250488988996e+01,2.107900000000001839e+01,-2.774877452711938641e+00
5.587332250488989160e+01,2.107300000000001816e+01,-2.844877452711938481e+00
5.585432250488989325e+01,2.106700000000001793e+01,-2.844877452711938481e+00
5.584132250488989513e+01,2.106300000000001660e+01,-2.844877452711938481e+00
5.582932250488989467e+01,2.105900000000001526e+01,-2.547877452711938329e+00
5.582932250488989467e+01,2.105900000000001526e+01,-2.215877452711938478e+00
5.581532250488989177e+01,2.104000000000001691e+01,-2.285877452711938318e+00
5.580332250488989132e+01,2.102500000000001634e+01,-2.477877452711938489e+00
5.579632250488989342e+01,2.101900000000001612e+01,-2.320877452711938460e+00
5.577932250488989041e+01,2.099700000000001765e+01,-2.268877452711938414e+00
5.573032250488989092e+01,2.094600000000001927e+01,-2.477877452711938489e+00
5.570632250488989001e+01,2.092800000000001859e+01,-2.285877452711938318e+00
5.569732250488988967e+01,2.091300000000001802e+01,-2.181877452711938226e+00
5.565232250488988797e+01,2.085700000000001708e+01,-2.390877452711938300e+00
5.555232250488988655e+01,2.077900000000001768e+01,-2.599877452711938375e+00
5.544532250488988723e+01,2.072100000000001785e+01,-2.739877452711938499e+00
5.531332250488988933e+01,2.066900000000001825e+01,-2.826877452711938687e+00
5.517832250488989132e+01,2.062200000000001765e+01,-2.861877452711938830e+00
5.504132250488989087e+01,2.058000000000001606e+01,-2.896877452711938972e+00
5.492332250488988876e+01,2.054600000000001714e+01,-2.914877452711938766e+00
5.477932250488989041e+01,2.051000000000001577e+01,-3.018877452711938858e+00
5.477732250488988797e+01,2.051000000000001577e+01,2.932307854467647967e+00
5.477732250488988797e+01,2.051000000000001577e+01,2.618307854467647910e+00
5.477732250488988797e+01,2.051000000000001577e+01,2.391307854467648042e+00
5.477732250488988797e+01,2.051000000000001577e+01,2.199307854467647871e+00
5.477732250488988797e+01,2.051000000000001577e+01,2.007307854467647701e+00
5.477732250488988797e+01,2.051000000000001577e+01,1.833307854467647768e+00
5.477732250488988797e+01,2.051000000000001577e+01,1.675307854467647850e+00
5.477732250488988797e+01,2.051000000000001577e+01,1.571307854467647758e+00
5.477732250488988797e+01,2.051000000000001577e+01,1.483307854467647680e+00
5.479332250488988620e+01,2.058400000000001739e+01,1.204307854467647765e+00
5.487932250488988473e+01,2.071500000000001762e+01,7.153078544676477746e-01
5.499932250488988217e+01,2.079100000000001813e+01,3.663078544676477977e-01
5.511732250488988427e+01,2.082700000000001950e+01,1.923078544676478097e-01
5.525732250488988484e+01,2.085000000000001918e+01,8.730785446764778579e-02
5.539732250488988541e+01,2.086500000000001975e+01,5.230785446764776858e-02
5.551932250488988529e+01,2.087600000000001899e+01,3.530785446764778124e-02
5.561232250488988882e+01,2.088000000000002032e+01,1.730785446764778954e-02
5.568032250488988666e+01,2.088100000000002154e+01,3.078544676477883157e-04
5.573832250488988649e+01,2.088300000000002044e+01,2.273078544676477852e-01
5.578932250488988842e+01,2.091300000000002157e+01,5.763078544676477621e-01
5.584832250488988592e+01,2.095000000000002061e+01,4.013078544676477732e-01
5.590432250488988331e+01,2.097100000000002140e+01,2.973078544676477919e-01
5.600332250488987995e+01,2.105800000000002115e+01,1.065307854467647752e+00
5.602532250488987842e+01,2.110600000000001941e+01,1.169307854467647845e+00
5.602632250488987609e+01,2.110900000000001953e+01,1.257307854467647923e+00
5.602632250488987609e+01,2.110900000000001953e+01,1.344307854467647889e+00
5.602632250488987609e+01,2.110900000000001953e+01,1.431307854467647855e+00
5.602632250488987609e+01,2.110900000000001953e+01,1.518307854467647822e+00
5.602632250488987609e+01,2.110900000000001953e+01,1.553307854467647742e+00
5.602632250488987609e+01,2.110900000000001953e+01,1.553307854467647742e+00
5.602632250488987609e+01,2.110900000000001953e+01,1.553307854467647742e+00
5.602632250488987609e+01,2.110900000000001953e+01,1.536307854467647838e+00
5.602632250488987609e+01,2.110900000000001953e+01,1.536307854467647838e+00
5.602632250488987609e+01,2.110900000000001953e+01,1.536307854467647838e+00
5.602632250488987609e+01,2.110900000000001953e+01,1.536307854467647838e+00
5.602632250488987609e+01,2.110900000000001953e+01,1.536307854467647838e+00
5.602632250488987609e+01,2.110900000000001953e+01,1.536307854467647838e+00
5.602632250488987609e+01,2.110900000000001953e+01,1.536307854467647838e+00
5.602632250488987609e+01,2.110900000000001953e+01,1.536307854467647838e+00
5.602632250488987609e+01,2.110900000000001953e+01,1.536307854467647838e+00
5.602632250488987609e+01,2.110900000000001953e+01,1.536307854467647838e+00
5.602632250488987609e+01,2.110900000000001953e+01,1.536307854467647838e+00
5.602632250488987609e+01,2.110900000000001953e+01,1.536307854467647838e+00
5.602632250488987609e+01,2.110900000000001953e+01,1.536307854467647838e+00
5.602632250488987609e+01,2.110900000000001953e+01,1.536307854467647838e+00
5.602632250488987609e+01,2.110900000000001953e+01,1.536307854467647838e+00
5.602632250488987609e+01,2.110900000000001953e+01,1.536307854467647838e+00
5.602632250488987609e+01,2.110900000000001953e+01,1.536307854467647838e+00
5.602632250488987609e+01,2.110900000000001953e+01,1.536307854467647838e+00
5.602632250488987609e+01,2.110900000000001953e+01,1.536307854467647838e+00
5.602632250488987609e+01,2.110900000000001953e+01,1.536307854467647838e+00
5.602632250488987609e+01,2.110900000000001953e+01,1.536307854467647838e+00
5.602632250488987609e+01,2.110900000000001953e+01,1.536307854467647838e+00
5.602632250488987609e+01,2.110900000000001953e+01,1.536307854467647838e+00
5.602632250488987609e+01,2.110900000000001953e+01,1.536307854467647838e+00
5.602632250488987609e+01,2.110900000000001953e+01,1.536307854467647838e+00
5.602632250488987609e+01,2.110900000000001953e+01,1.536307854467647838e+00
5.602632250488987609e+01,2.110900000000001953e+01,1.536307854467647838e+00
5.602632250488987609e+01,2.110900000000001953e+01,1.536307854467647838e+00
5.602632250488987609e+01,2.110900000000001953e+01,1.536307854467647838e+00
5.602632250488987609e+01,2.110900000000001953e+01,1.536307854467647838e+00
5.602632250488987609e+01,2.110900000000001953e+01,1.536307854467647838e+00
5.602632250488987609e+01,2.110900000000001953e+01,1.536307854467647838e+00
5.602632250488987609e+01,2.110900000000001953e+01,1.536307854467647838e+00
5.602632250488987609e+01,2.110900000000001953e+01,1.536307854467647838e+00
5.602632250488987609e+01,2.110900000000001953e+01,1.536307854467647838e+00
5.602632250488987609e+01,2.110900000000001953e+01,1.536307854467647838e+00
5.602632250488987609e+01,2.110900000000001953e+01,1.536307854467647838e+00
5.602632250488987609e+01,2.110900000000001953e+01,1.536307854467647838e+00
5.602632250488987609e+01,2.110900000000001953e+01,1.536307854467647838e+00
5.602632250488987609e+01,2.110900000000001953e+01,1.536307854467647838e+00
5.602632250488987609e+01,2.110900000000001953e+01,1.536307854467647838e+00
5.602632250488987609e+01,2.110900000000001953e+01,1.536307854467647838e+00
5.602632250488987609e+01,2.110900000000001953e+01,1.536307854467647838e+00
5.602632250488987609e+01,2.110900000000001953e+01,1.536307854467647838e+00
5.602632250488987609e+01,2.110900000000001953e+01,1.536307854467647838e+00
5.602632250488987609e+01,2.110900000000001953e+01,1.536307854467647838e+00
5.602632250488987609e+01,2.110900000000001953e+01,1.536307854467647838e+00
5.602632250488987609e+01,2.110900000000001953e+01,1.536307854467647838e+00
5.602632250488987609e+01,2.110900000000001953e+01,1.536307854467647838e+00
5.602632250488987609e+01,2.110900000000001953e+01,1.536307854467647838e+00
5.602632250488987609e+01,2.110900000000001953e+01,1.536307854467647838e+00
5.602632250488987609e+01,2.110900000000001953e+01,1.536307854467647838e+00
5.602632250488987609e+01,2.110900000000001953e+01,1.536307854467647838e+00
5.602632250488987609e+01,2.110900000000001953e+01,1.536307854467647838e+00
5.602632250488987609e+01,2.110900000000001953e+01,1.536307854467647838e+00
5.602632250488987609e+01,2.110900000000001953e+01,1.536307854467647838e+00
5.602632250488987609e+01,2.110900000000001953e+01,1.536307854467647838e+00
5.602632250488987609e+01,2.110900000000001953e+01,1.536307854467647838e+00
5.602632250488987609e+01,2.110900000000001953e+01,1.536307854467647838e+00
