3.807000000000000028e+01,-1.951999999999999957e+01,0.000000000000000000e+00
3.806999999471008778e+01,-1.951999999722465873e+01,0.000000000000000000e+00
3.807000000029802322e+01,-1.951999999489635229e+01,0.000000000000000000e+00
3.807000000029802322e+01,-1.951999999862164259e+01,0.000000000000000000e+00
3.807000000029802322e+01,-1.951999999908730388e+01,0.000000000000000000e+00
3.806995563162529805e+01,-1.952000000188127160e+01,1.399778156703307685e-01
3.806995563209056854e+01,-1.952000000467523932e+01,3.319778156946995296e-01
3.806995563209056854e+01,-1.952000000607222319e+01,4.889778157521504909e-01
3.806995562836527824e+01,-1.952000000933185220e+01,6.459778157586697489e-01
3.806995562650263309e+01,-1.952000000840052962e+01,8.029778157360851765e-01
3.806995563209056854e+01,-1.952000000700354576e+01,9.250232223644628826e-01
3.808495563641190529e+01,-1.948200000589713454e+01,1.239023222296964377e+00
3.809895564615726471e+01,-1.935900000343099236e+01,1.553069045957221839e+00
3.808900168059592062e+01,-1.923900000471621752e+01,1.675046029881795961e+00
3.806404792226074818e+01,-1.909900000365450978e+01,1.745069149439436140e+00
3.802804792113602161e+01,-1.895900000259280205e+01,1.798069149663206190e+00
3.798704791814088821e+01,-1.882000000122934580e+01,1.833069149695802480e+00
3.795009476139133398e+01,-1.870100000407546759e+01,1.833092570354004636e+00
3.790809476375579834e+01,-1.856600000523030758e+01,1.833092570304870605e+00
3.786609476804733276e+01,-1.842800000542774796e+01,1.815092570264823735e+00
3.783209477178752422e+01,-1.831000000750645995e+01,1.798092570214066654e+00
3.779109477810561657e+01,-1.815000000922009349e+01,1.763092570297885686e+00
3.776399912189664576e+01,-1.803000000817701221e+01,1.745092570407037025e+00
3.772799912467598915e+01,-1.785000000754371285e+01,1.710092570341657847e+00
3.770799912512302399e+01,-1.773000000650063157e+01,1.693092576092356527e+00
3.768699911795556545e+01,-1.759000000823289156e+01,1.675092576071619987e+00
3.766999911703169346e+01,-1.745000001043081284e+01,1.658092576195485890e+00
3.766099911928176880e+01,-1.735500000976026058e+01,1.606092576461378485e+00
3.765199911966919899e+01,-1.721500001335516572e+01,1.623092576279304922e+00
3.764199911989271641e+01,-1.709500001510605216e+01,1.623092576162889600e+00
3.762699911370873451e+01,-1.693500001635402441e+01,1.641141947188411443e+00
3.761499911174178123e+01,-1.681100001139566302e+01,1.641141947009600699e+00
3.759899911843240261e+01,-1.666500001028180122e+01,1.658141947118565440e+00
3.758709898299124319e+01,-1.654300001123920083e+01,1.641092014674173427e+00
3.757209898158907890e+01,-1.640000000968575478e+01,1.641092014499008656e+00
3.755809898488223553e+01,-1.625400000996887684e+01,1.623092014575377107e+00
3.754619997445379198e+01,-1.612900000950321555e+01,1.623092014581363207e+00
3.752819997072219849e+01,-1.594300000974908471e+01,1.641092014440800995e+00
3.751619997248053551e+01,-1.581900000665336847e+01,1.641092014324385673e+00
3.750419997610151768e+01,-1.569400000618770719e+01,1.641092014382593334e+00
3.749019997566938400e+01,-1.554700000490993261e+01,1.641092014499008656e+00
3.747619997337460518e+01,-1.540000000363215804e+01,1.641092014615423977e+00
3.746019997075200081e+01,-1.523100000573322177e+01,1.641092014731839299e+00
3.744819996692240238e+01,-1.510500000743195415e+01,1.641092014731839299e+00
3.743419997021555901e+01,-1.495800000708550215e+01,1.641092014499008656e+00
3.742019997350871563e+01,-1.481100000860169530e+01,1.641092014615423977e+00
3.740819997154176235e+01,-1.468600000720471144e+01,1.641092014673631638e+00
3.739419997110962868e+01,-1.454000000795349479e+01,1.641092014731839299e+00
3.738019997067749500e+01,-1.440000000922009349e+01,1.623092014575377107e+00
3.736925282824158501e+01,-1.428000001143664122e+01,1.623065584998379718e+00
3.736125283688306808e+01,-1.413900001067668200e+01,1.588065585005097091e+00
3.735414642662141915e+01,-1.399900001147761941e+01,1.606065584845151273e+00
3.734714642725884914e+01,-1.387800001306459308e+01,1.606065584986936301e+00
3.733514642715454102e+01,-1.371700001135468483e+01,1.623065584921278059e+00
3.732114643231034279e+01,-1.357400000980123878e+01,1.641065584903117269e+00
3.730914643406867981e+01,-1.345100000826641917e+01,1.641065585135947913e+00
3.729514643736183643e+01,-1.331100000860169530e+01,1.623065585095901042e+00
3.728314643353223801e+01,-1.317100001033395529e+01,1.606065584870520979e+00
3.727814643830060959e+01,-1.306300001125782728e+01,1.571065584692405537e+00
3.727814643457531929e+01,-1.292100001452490687e+01,1.553065584739670157e+00
3.727314643561840057e+01,-1.276000001514330506e+01,1.606065584870520979e+00
3.726014643721282482e+01,-1.262000001873821020e+01,1.658065584953874350e+00
3.724214643612504005e+01,-1.250000001932494342e+01,1.693065584928262979e+00
3.721914643608033657e+01,-1.236000002012588084e+01,1.710065584804397076e+00
3.719514643773436546e+01,-1.224000002164393663e+01,1.745065585011616349e+00
3.716514643654227257e+01,-1.210000002174638212e+01,1.763065585109870881e+00
3.710514643788337708e+01,-1.186000002082437277e+01,1.780065585044212639e+00
3.706814644113183022e+01,-1.171900002122856677e+01,1.798065584967844188e+00
3.703514644131064415e+01,-1.159900002158246934e+01,1.798065584851428866e+00
3.698314644396305084e+01,-1.142100002197548747e+01,1.815065584785770625e+00
3.694714644365012646e+01,-1.130200002272613347e+01,1.833065584767609835e+00
3.689203319910946988e+01,-1.114900002256035805e+01,1.920065584917927115e+00
3.684303319826722145e+01,-1.103700002399273217e+01,2.007065584824886173e+00
3.678503319993615150e+01,-1.093000002368353307e+01,2.077065584948286414e+00
3.669603320583701134e+01,-1.079400002304464579e+01,2.164065584714990109e+00
3.662414777507470376e+01,-1.069700002437457442e+01,2.182065584487566490e+00
3.651020521761597593e+01,-1.055300002242438495e+01,2.216036861998580410e+00
3.643232044830302385e+01,-1.046300002234056592e+01,2.269036861821758677e+00
3.632226267581285839e+01,-1.034600002248771489e+01,2.304007975361095806e+00
3.625226267613470554e+01,-1.027500002039596438e+01,2.321007975726388395e+00
3.616726267896592617e+01,-1.019094192150643430e+01,2.339037025609754572e+00
3.601926267892122269e+01,-1.005494192149490118e+01,2.374037025845609605e+00
3.594426267035305500e+01,-9.989941920852288604e+00,2.391037025954574347e+00
3.582326267100870609e+01,-9.885941921267658472e+00,2.426037026161793619e+00
3.572726267017424107e+01,-9.807941920123994350e+00,2.443037026328966022e+00
3.561526267044246197e+01,-9.721941920230165124e+00,2.461037026543635875e+00
3.550226267240941525e+01,-9.638941919896751642e+00,2.496037026401609182e+00
3.536726267822086811e+01,-9.544941919855773449e+00,2.513037026335950941e+00
3.526626267842948437e+01,-9.478941920213401318e+00,2.531037026317790151e+00
3.514526267535984516e+01,-9.403941920958459377e+00,2.583037026226520538e+00
3.501826267316937447e+01,-9.337941919686272740e+00,2.653037026408128440e+00
3.486926267482340336e+01,-9.271822231989906626e+00,2.688037026827029496e+00
3.473826267197728157e+01,-9.217822233447805047e+00,2.723037026822566986e+00
3.462426267191767693e+01,-9.172822231892496347e+00,2.740037026524078101e+00
3.451026267185807228e+01,-9.130761917698373864e+00,2.758006869664084704e+00
3.437426266819238663e+01,-9.087761918548494577e+00,2.845006869814824313e+00
3.423526266962289810e+01,-9.054761919192969799e+00,2.915006869996432215e+00
3.409526267088949680e+01,-9.031761920778080821e+00,2.984006870246957988e+00
3.397526267543435097e+01,-9.019761920906603336e+00,3.019006869755685329e+00
3.381526267156004906e+01,-9.009761920431628823e+00,3.037006869679316878e+00
3.367526267282664776e+01,-9.006700680917337110e+00,3.107037489407491915e+00
3.353526267409324646e+01,-9.010823453838337826e+00,-3.124147817529388860e+00
3.339526267349720001e+01,-9.017823454923927784e+00,-3.107147817616350949e+00
3.325826267525553703e+01,-9.024823456536978483e+00,-3.124147817667108029e+00
3.313826267421245575e+01,-9.030947147001374020e+00,-3.107147817478788543e+00
3.299626267328858376e+01,-9.042947148671373725e+00,-3.054147817310877144e+00
3.285626267828047276e+01,-9.065947148716077209e+00,-2.984147817362099886e+00
3.269626267254352570e+01,-9.098947149468585849e+00,-2.950147817144170403e+00
3.251426266878843307e+01,-9.143947150325402617e+00,-2.932147817104123533e+00
3.239426266774535179e+01,-9.173947150120511651e+00,-2.932147816987708211e+00
3.225126266479492188e+01,-9.208947150036692619e+00,-2.932147816813085228e+00
3.213026266731321812e+01,-9.239947150927037001e+00,-2.932147816987708211e+00
3.194726266525685787e+01,-9.286947150714695454e+00,-2.932147817045915872e+00
3.180526266619563103e+01,-9.323947151424363256e+00,-2.915147817111574113e+00
3.168626266717910767e+01,-9.354947150452062488e+00,-2.915147817344404757e+00
3.152526267245411873e+01,-9.400947151007130742e+00,-2.897147817362565547e+00
3.137926267646253109e+01,-9.444947150535881519e+00,-2.932147817569784820e+00
3.123226268030703068e+01,-9.486947150900959969e+00,-2.845147817453835160e+00
3.111839054284624595e+01,-9.530947151593863964e+00,-2.758147817375199207e+00
3.099439053796231747e+01,-9.599947151727974415e+00,-2.600147817458491772e+00
3.086539053544402122e+01,-9.698947152122855186e+00,-2.461147817724850029e+00
3.077539053559303284e+01,-9.778947152663022280e+00,-2.426147817808669060e+00
3.067139053344726562e+01,-9.876947152893990278e+00,-2.408147817826829851e+00
3.056039053201675415e+01,-9.986947153462097049e+00,-2.321147817827295512e+00
3.055839052982628345e+01,-9.989947153255343437e+00,-1.850147817865945399e+00
3.055539053119719028e+01,-1.001694715511985123e+01,-1.798147817899007350e+00
3.051939053088426590e+01,-1.011194715602323413e+01,-2.129147818312048912e+00
2.962939052842557430e+01,-1.051294715702533722e+01,-2.932147818035446107e+00
2.836439053155481815e+01,-1.088494715816341341e+01,-2.827147818112280220e+00
2.822839053347706795e+01,-1.093394715827889740e+01,-2.845147818559780717e+00
2.808839053660631180e+01,-1.098294715886004269e+01,-2.845147818268742412e+00
2.796839053742587566e+01,-1.102494715922512114e+01,-2.845147818559780717e+00
2.782839053310453892e+01,-1.107394715980626643e+01,-2.845147818443365395e+00
2.771139053814113140e+01,-1.111594715970568359e+01,-2.845147818268742412e+00
2.759839053824543953e+01,-1.114994715945795178e+01,-2.932147818559315056e+00
2.746039053983986378e+01,-1.118494715774431825e+01,-2.915147818799596280e+00
2.730039053782820702e+01,-1.122694715904071927e+01,-2.915147818508557975e+00
2.714239053986966610e+01,-1.127394715812988579e+01,-2.897147818643134087e+00
2.702239054441452026e+01,-1.131094715837389231e+01,-2.880147818359546363e+00
2.688539054431021214e+01,-1.135494715906679630e+01,-2.862147818203084171e+00
2.676739054359495640e+01,-1.139694715826772153e+01,-2.845147818501573056e+00
2.662839053757488728e+01,-1.144594715954735875e+01,-2.845147818792611361e+00
2.648839053884148598e+01,-1.149494715780019760e+01,-2.827147818752564490e+00
2.635039053484797478e+01,-1.154394715977832675e+01,-2.845147819025442004e+00
2.623039053566753864e+01,-1.158594716037623584e+01,-2.845147818967234343e+00
2.609439053758978844e+01,-1.163494716002605855e+01,-2.845147818734403700e+00
2.593739053793251514e+01,-1.168894715979695320e+01,-2.862147818552330136e+00
2.579739053547382355e+01,-1.173794715921394527e+01,-2.862147818610537797e+00
2.565739053674042225e+01,-1.178594716032966971e+01,-2.862147818785160780e+00
2.551739053800702095e+01,-1.183294716081582010e+01,-2.880147818243131042e+00
2.537939053773880005e+01,-1.187794716004282236e+01,-2.862147818203084171e+00
2.525939053483307362e+01,-1.191994715947657824e+01,-2.862147818261291832e+00
2.511939053330570459e+01,-1.196894716052338481e+01,-2.862147818144876510e+00
2.497939053736627102e+01,-1.201794716063886881e+01,-2.862147817912045866e+00
2.485939053725451231e+01,-1.205994715983979404e+01,-2.862147817621007562e+00
2.467939053941518068e+01,-1.212294715829193592e+01,-2.862147817737422884e+00
2.455839053634554148e+01,-1.216494715795852244e+01,-2.862147817679215223e+00
2.441839053574949503e+01,-1.221394715760834515e+01,-2.862147818086668849e+00
2.429839053843170404e+01,-1.225594715890474617e+01,-2.862147818319499493e+00
2.415839053969830275e+01,-1.230494715878739953e+01,-2.862147818435914814e+00
2.401839054282754660e+01,-1.235394715983420610e+01,-2.862147818494122475e+00
2.387839054502546787e+01,-1.240194715955294669e+01,-2.862147818726953119e+00
2.373839054349809885e+01,-1.245094716083258390e+01,-2.862147818494122475e+00
2.361839054524898529e+01,-1.249294716189615428e+01,-2.862147818785160780e+00
2.347839054744690657e+01,-1.254194716201163828e+01,-2.862147818843368441e+00
2.335839054826647043e+01,-1.258394716074690223e+01,-2.862147818901576102e+00
2.323839055188000202e+01,-1.262594716297462583e+01,-2.862147819134406745e+00
2.305839055217802525e+01,-1.268894716538488865e+01,-2.862147819425445050e+00
2.291839055158197880e+01,-1.273794716689735651e+01,-2.862147819600068033e+00
2.279839054867625237e+01,-1.277994716679677367e+01,-2.862147819541860372e+00
2.267839054577052593e+01,-1.282194716483354568e+01,-2.862147819483652711e+00
2.251839054375886917e+01,-1.287794716749340296e+01,-2.862147819367237389e+00
2.239839054364711046e+01,-1.291994716832414269e+01,-2.862147819658275694e+00
2.225839054491370916e+01,-1.296894716611132026e+01,-2.862147819774691015e+00
2.209839054755866528e+01,-1.302394716441631317e+01,-2.862147819483652711e+00
2.197839054930955172e+01,-1.306594716478139162e+01,-2.862147819658275694e+00
2.177839054632931948e+01,-1.313594716321676970e+01,-2.862147819367237389e+00
2.164139054901897907e+01,-1.318394716409966350e+01,-2.845147819840349257e+00
2.152539054770022631e+01,-1.322194716520607471e+01,-2.897147819749079645e+00
2.138739054463803768e+01,-1.326394716557115316e+01,-2.897147819574456662e+00
2.124839054327458143e+01,-1.330594716547057033e+01,-2.880147819116245955e+00
2.111139054130762815e+01,-1.334994716476649046e+01,-2.862147819483652711e+00
2.099639054294675589e+01,-1.339094716217368841e+01,-2.845147819432895631e+00
2.083639054186642170e+01,-1.344694716157391667e+01,-2.827147819567471743e+00
2.069639053847640753e+01,-1.349594716075807810e+01,-2.827147819858510047e+00
2.057639053370803595e+01,-1.353794715972617269e+01,-2.827147819858510047e+00
2.043639053404331207e+01,-1.358694715797901154e+01,-2.827147819625679404e+00
2.029639053717255592e+01,-1.363594715856015682e+01,-2.827147819800302386e+00
2.017639053706079721e+01,-1.367794715752825141e+01,-2.827147819858510047e+00
2.001639053691178560e+01,-1.373394715692847967e+01,-2.827147819858510047e+00
1.989639053773134947e+01,-1.377594715543091297e+01,-2.827147819974925369e+00
1.977839053608477116e+01,-1.381794715346768498e+01,-2.827147819276433438e+00
1.964539053663611412e+01,-1.386694715172052383e+01,-2.845147819141857326e+00
1.950539053697139025e+01,-1.391594715323299170e+01,-2.845147818734403700e+00
1.924539053440093994e+01,-1.400694714998826385e+01,-2.845147818210534751e+00
1.906539053563028574e+01,-1.406994715146720409e+01,-2.845147818210534751e+00
1.894539053644984961e+01,-1.411194715276360512e+01,-2.845147818210534751e+00
1.880539053585380316e+01,-1.416094715194776654e+01,-2.845147818268742412e+00
1.868539053481072187e+01,-1.420294715277850628e+01,-2.845147818094119430e+00
1.852839053515344858e+01,-1.425894715543836355e+01,-2.845147817861288786e+00
1.841139053553342819e+01,-1.430094715673476458e+01,-2.827147817413788289e+00
1.827139053493738174e+01,-1.434994715498760343e+01,-2.827147817530203611e+00
1.813139053527265787e+01,-1.439994715806096792e+01,-2.827147817530203611e+00
1.801139053236693144e+01,-1.444194715609773993e+01,-2.810147817421238869e+00
1.788039053324609995e+01,-1.448994715651497245e+01,-2.845147817162796855e+00
1.778139053098857403e+01,-1.451994715631008148e+01,-2.915147817169781774e+00
1.764239053055644035e+01,-1.455994715495035052e+01,-2.897147816838696599e+00
1.750439052842557430e+01,-1.460194715671241283e+01,-2.880147816846147180e+00
1.738639052864164114e+01,-1.463794715749099851e+01,-2.880147816787939519e+00
1.722939052898436785e+01,-1.468994715670123696e+01,-2.845147816697135568e+00
1.709539052937179804e+01,-1.473894715635105968e+01,-2.827147817006334662e+00
1.697539052832871675e+01,-1.478094715764746070e+01,-2.827147816889919341e+00
1.681539052724838257e+01,-1.483794715814292431e+01,-2.810147816955577582e+00
1.669539052713662386e+01,-1.488094715541228652e+01,-2.810147816897369921e+00
1.657539052702486515e+01,-1.492494715331122279e+01,-2.810147817013785243e+00
1.643539052736014128e+01,-1.497594715328887105e+01,-2.810147816955577582e+00
1.629539052769541740e+01,-1.502794715063646436e+01,-2.810147816780954599e+00
1.616139052715152502e+01,-1.507794715138152242e+01,-2.810147817071992904e+00
1.604739052522927523e+01,-1.511994715128093958e+01,-2.827147816831711680e+00
1.586739052738994360e+01,-1.518294715043157339e+01,-2.845147816988173872e+00
1.575039052404463291e+01,-1.522494714939966798e+01,-2.827147817064542323e+00
1.561039052251726389e+01,-1.527394714951515198e+01,-2.827147817239165306e+00
1.549639052338898182e+01,-1.531594715081155300e+01,-2.827147817355580628e+00
1.533839052449911833e+01,-1.537294715316966176e+01,-2.810147817712277174e+00
1.521939052455127239e+01,-1.541694715432822704e+01,-2.810147818236146122e+00
1.507939052488654852e+01,-1.546994715230539441e+01,-2.810147818352561444e+00
1.493939052335917950e+01,-1.552394715184345841e+01,-2.792147818137891591e+00
1.475939052365720272e+01,-1.559394715307280421e+01,-2.792147818021476269e+00
1.464539052359759808e+01,-1.563794715423136950e+01,-2.792147817963268608e+00
1.452839052490890026e+01,-1.568594715371727943e+01,-2.775147818028926849e+00
1.436939052585512400e+01,-1.574994715489447117e+01,-2.775147817854303867e+00
1.425139052700251341e+01,-1.579794715484604239e+01,-2.775147818261757493e+00
1.411239052936434746e+01,-1.585494715301319957e+01,-2.775147818145342171e+00
1.397439052816480398e+01,-1.591094715194776654e+01,-2.775147817796096206e+00
1.385539052728563547e+01,-1.595994715159758925e+01,-2.775147817912511528e+00
1.372039052657783031e+01,-1.601594715053215623e+01,-2.758147818385623395e+00
1.358739052526652813e+01,-1.607194715086370707e+01,-2.758147818443831056e+00
1.345339052658528090e+01,-1.613194715278223157e+01,-2.740147818345576525e+00
1.331739052478224039e+01,-1.619494715379551053e+01,-2.740147818287368864e+00
1.318139052297919989e+01,-1.625794715434312820e+01,-2.740147818345576525e+00
1.304739052336663008e+01,-1.632094715302810073e+01,-2.740147818229161203e+00
1.293139052484184504e+01,-1.637494715536013246e+01,-2.740147818229161203e+00
1.277639052271842957e+01,-1.644694715272635221e+01,-2.740147818578407168e+00
1.266139052249491215e+01,-1.650094715273007751e+01,-2.723147818702273071e+00
1.252639052178710699e+01,-1.656394714955240488e+01,-2.723147818527650088e+00
1.241039052139967680e+01,-1.661794714955613017e+01,-2.740147818694822490e+00
1.227622936678920240e+01,-1.668086659739792310e+01,-2.740188094405228370e+00
1.214122936595231295e+01,-1.674386659823358059e+01,-2.723188094329088926e+00
1.202622936479747295e+01,-1.679794737852151343e+01,-2.723147703929768237e+00
1.185422936500981450e+01,-1.687894737767055631e+01,-2.740147703734692186e+00
1.173822936462238431e+01,-1.693494737800210714e+01,-2.740147703792899847e+00
1.160222936514765024e+01,-1.699810961939164144e+01,-2.723147703611547232e+00
1.148622936522588134e+01,-1.705327210193548737e+01,-2.723147703495071958e+00
1.135022936575114727e+01,-1.711627210117876530e+01,-2.723147703509312123e+00
1.121922936569899321e+01,-1.717927210079506040e+01,-2.723147703451104462e+00
1.110722936643287539e+01,-1.723327210219576955e+01,-2.723066143890696900e+00
1.097422936651855707e+01,-1.729827210493385792e+01,-2.705066143942531198e+00
1.086022936459630728e+01,-1.735427210805937648e+01,-2.705066144000738859e+00
1.074522936483845115e+01,-1.741327210608869791e+01,-2.705066144408192486e+00
1.061222936445847154e+01,-1.748027210775762796e+01,-2.705066144466400146e+00
1.047922936407849193e+01,-1.754827210446819663e+01,-2.705066144815646112e+00
1.034622936183586717e+01,-1.761627210676670074e+01,-2.705066144932061434e+00
1.023222936131060123e+01,-1.767527210991829634e+01,-2.705066145223099738e+00
1.009822936402633786e+01,-1.774435460475320525e+01,-2.705024898531265265e+00
9.965229361318051815e+00,-1.781235460145398974e+01,-2.705024898517876863e+00
9.814229360315948725e+00,-1.789235460339114070e+01,-2.653024898434523493e+00
9.705229359213262796e+00,-1.795835460210219026e+01,-2.635024898045230657e+00
9.582229357678443193e+00,-1.803335460275411606e+01,-2.635024898278061301e+00
9.477229356300085783e+00,-1.809335460187867284e+01,-2.653024898259900510e+00
9.372229356784373522e+00,-1.815318826432525512e+01,-2.670024898528076562e+00
9.229229358024895191e+00,-1.823235490533525649e+01,-2.688024898657089601e+00
9.116229357663542032e+00,-1.829143830512573032e+01,-2.687983198724099410e+00
8.983229357749223709e+00,-1.836143830697983503e+01,-2.704983199015259743e+00
8.868229358457028866e+00,-1.841943830903619528e+01,-2.704983198782429099e+00
8.735229359008371830e+00,-1.848843830497935414e+01,-2.704983199015259743e+00
8.602229358628392220e+00,-1.855643830215558410e+01,-2.704983198724221438e+00
8.469229356851428747e+00,-1.862435433423351583e+01,-2.705025183323826798e+00
8.318229355849325657e+00,-1.870135433506220579e+01,-2.705025183444377035e+00
8.203229356557130814e+00,-1.875935433665290475e+01,-2.705025183444377035e+00
8.070229355711489916e+00,-1.882635433878749609e+01,-2.705025183095131069e+00
7.937229356262832880e+00,-1.889435433922335505e+01,-2.705025183327961713e+00
7.804229354951530695e+00,-1.896235434105619788e+01,-2.705025183211546391e+00
7.671229355502873659e+00,-1.902835434116423130e+01,-2.705025183095131069e+00
7.557229354511946440e+00,-1.908535434259101748e+01,-2.705025183386169374e+00
7.406229355372488499e+00,-1.916235434357076883e+01,-2.705025183444377035e+00
7.313229355029761791e+00,-1.921043930301772917e+01,-2.688067665251749450e+00
7.162229354958981276e+00,-1.928943930519744754e+01,-2.688152744878581135e+00
7.051229354925453663e+00,-1.934843930369243026e+01,-2.688152745133265853e+00
6.941229354590177536e+00,-1.940943930391222239e+01,-2.670152745267841965e+00
6.791229354217648506e+00,-1.949043930508196354e+01,-2.670152745617087930e+00
6.664229353889822960e+00,-1.956043930724263191e+01,-2.653152745391707867e+00
6.537229354027658701e+00,-1.963343930616974831e+01,-2.653152745449915528e+00
6.428229354321956635e+00,-1.969843930564820766e+01,-2.635152745409868658e+00
6.269229354569688439e+00,-1.980243930453434587e+01,-2.583152745210099965e+00
6.153229353949427605e+00,-1.988261116577990251e+01,-2.583152745660189264e+00
6.035229353234171867e+00,-1.995961116766557097e+01,-2.600152745784725994e+00
5.933229352580383420e+00,-2.002561116823926568e+01,-2.600152745784725994e+00
5.814229352399706841e+00,-2.010161116905510426e+01,-2.635152745817322284e+00
5.692229352658614516e+00,-2.017261116951704025e+01,-2.653152745857369155e+00
5.585229352349415421e+00,-2.023261117236688733e+01,-2.670152745675295591e+00
5.459229352185502648e+00,-2.029961117263883352e+01,-2.688152746181003749e+00
5.333142637306458766e+00,-2.036261117085814476e+01,-2.740196103062313870e+00
5.202142637455835938e+00,-2.041761117056012154e+01,-2.810196103295311332e+00
5.088142638327553868e+00,-2.045861116517335176e+01,-2.862196103611495346e+00
4.929142639040946960e+00,-2.050261116493493319e+01,-2.950196103483904153e+00
4.789142638677731156e+00,-2.052761116251349449e+01,-3.019196103326976299e+00
4.669142638798803091e+00,-2.054161116294562817e+01,-3.107196103257592767e+00
4.509142639115452766e+00,-2.054461116297170520e+01,3.088989204261451960e+00
4.389230106499245387e+00,-2.053961116587743163e+01,3.037032937816118050e+00
4.209230106556788087e+00,-2.052161116711795330e+01,2.984032937558367848e+00
4.089230106445029378e+00,-2.050461116712540388e+01,2.967120612162943871e+00
3.949405699912288181e+00,-2.048361116880550981e+01,2.932120612074395893e+00
3.884405699791386724e+00,-2.047161116823554039e+01,2.862120611825957894e+00
3.883581671790515610e+00,-2.047161116870120168e+01,2.758120611435174396e+00
3.792581671848893166e+00,-2.042861117189750075e+01,2.618120611587073654e+00
3.689758090572907268e+00,-2.036461116792634130e+01,2.496120611622020036e+00
3.547758090076968074e+00,-2.025061117159202695e+01,2.391120611457154155e+00
3.459846509656681057e+00,-2.016961117275059223e+01,2.321076401676176015e+00
3.362935036530516619e+00,-2.006661117356270552e+01,2.269120665104395584e+00
3.271846404382905416e+00,-1.996161117451265454e+01,2.251076349216883710e+00
3.180846404982730746e+00,-1.985461117280647159e+01,2.216076349490322173e+00
3.089757557147046363e+00,-1.974461117433384061e+01,2.199120773181448829e+00
3.015757557470351458e+00,-1.964861117536202073e+01,2.182209743050533834e+00
2.919846626022720937e+00,-1.951961117377504706e+01,2.147254277754880203e+00
2.850846625748090446e+00,-1.941961117368191481e+01,2.129254278028383851e+00
2.762846625759266317e+00,-1.928361117234453559e+01,2.094254278053995222e+00
2.699846626142971218e+00,-1.918061117455363274e+01,2.077254277886822820e+00
2.629846626310609281e+00,-1.905861117364838719e+01,2.042254277912434191e+00
2.560846626060083508e+00,-1.893261117348447442e+01,2.024254277755971998e+00
2.514846625970676541e+00,-1.883561117388308048e+01,1.955254277912899852e+00
2.455846626195125282e+00,-1.869861117471009493e+01,1.955254278029315174e+00
2.396846626652404666e+00,-1.855961117288097739e+01,1.955254278087522835e+00
2.340846626553684473e+00,-1.842161117540672421e+01,1.937254278047475964e+00
2.282846626476384699e+00,-1.828161117760464549e+01,1.937254278047475964e+00
2.226846626494079828e+00,-1.814861118048429489e+01,1.955254278029315174e+00
2.167846626485697925e+00,-1.801161118177697062e+01,1.955254277971107513e+00
2.116846626158803701e+00,-1.789461118169128895e+01,1.955254277971107513e+00
2.056846626219339669e+00,-1.775761118018999696e+01,1.955254278145730495e+00
2.003846626379527152e+00,-1.763861118070781231e+01,1.955254278145730495e+00
1.934846626478247344e+00,-1.748361118277534842e+01,1.955254278262145817e+00
1.881846626522019506e+00,-1.736561118485406041e+01,1.955254278145730495e+00
1.820846626651473343e+00,-1.722961118258535862e+01,1.955254278203938156e+00
1.759846626431681216e+00,-1.709261118387803435e+01,1.955254278203938156e+00
1.718846626230515540e+00,-1.700161118665710092e+01,1.937254278163891286e+00
1.648846626048907638e+00,-1.683561118412762880e+01,1.937254278338514268e+00
1.600846625980921090e+00,-1.672161118406802416e+01,1.955254278378561139e+00
1.540846625925041735e+00,-1.658561118273064494e+01,1.955254278611391783e+00
1.488846625841688365e+00,-1.646861118357628584e+01,1.955254278611391783e+00
1.427846625854726881e+00,-1.633161118440330029e+01,1.955254278494976461e+00
1.366846625809557736e+00,-1.619661118416115642e+01,1.955254278494976461e+00
1.312846625864040107e+00,-1.607861118344590068e+01,1.972254278196487576e+00
1.249846625840291381e+00,-1.594161118287593126e+01,1.972254278429318219e+00
1.186846625932957977e+00,-1.580461118090897799e+01,1.972254278487525880e+00
1.123846625967416912e+00,-1.566761118127033114e+01,1.972254278429318219e+00
1.072846625931560993e+00,-1.555461118230596185e+01,1.972254278487525880e+00
1.019846625975333154e+00,-1.544270354210040530e+01,1.990300458068559930e+00
9.378466260386630893e-01,-1.527270354190841317e+01,1.990300457866396755e+00
8.888466260395944118e-01,-1.517070353962481022e+01,1.972300457826349884e+00
8.348466259776614606e-01,-1.505570354172959924e+01,1.972300457709934562e+00
7.748466260964050889e-01,-1.492770354263484478e+01,1.990300457866396755e+00
7.128466260910499841e-01,-1.479970354540273547e+01,2.007300457975361496e+00
6.568466261960566044e-01,-1.468570354580879211e+01,2.007300458033569157e+00
5.878466261201538146e-01,-1.455270354542881250e+01,2.007300458324607462e+00
5.198466261208523065e-01,-1.441970354644581676e+01,2.007300458382815123e+00
4.599398970693201472e-01,-1.430570354498922825e+01,2.007347093623748524e+00
3.899398971407208592e-01,-1.417270354274660349e+01,2.024347093538381159e+00
3.199398971191840246e-01,-1.403979701507029354e+01,2.024393830283784279e+00
2.509398971451446414e-01,-1.390798412719024135e+01,2.024393829937320533e+00
1.709398971433984116e-01,-1.375598412798717618e+01,2.024393830040935427e+00
1.009398971436894499e-01,-1.362398412730544806e+01,2.024393830040935427e+00
4.093989714056078810e-02,-1.350998412910848856e+01,2.024393830040935427e+00
-2.506010286197124515e-02,-1.338098412845283747e+01,2.007299846444518643e+00
-9.306010285945376381e-02,-1.324798413086682558e+01,2.007299846329260617e+00
-1.510601028421660885e-01,-1.313398413266986609e+01,2.007299846387468278e+00
-2.190601028996752575e-01,-1.300098413461819291e+01,2.007299846445675939e+00
-2.860601028514793143e-01,-1.286798413516953588e+01,2.007299846678506583e+00
-3.530601028614910319e-01,-1.273498413618654013e+01,2.007299846445675939e+00
-4.110601028660312295e-01,-1.262107870522615194e+01,2.007347130383219547e+00
-4.780601028469391167e-01,-1.248788938014722660e+01,2.007347130586669248e+00
-5.460601027880329639e-01,-1.235388937871903181e+01,2.007347130216658115e+00
-6.200601028103847057e-01,-1.220588937844149768e+01,2.007347130216658115e+00
-6.850601029291283339e-01,-1.207988937920890749e+01,2.024347130150999874e+00
-7.550601029070094228e-01,-1.195488937897607684e+01,2.042347130132839084e+00
-8.250601029722020030e-01,-1.183188937907107174e+01,2.059347130008973181e+00
-8.880601029959507287e-01,-1.172788937832228839e+01,2.094347129866946489e+00
-9.650601029861718416e-01,-1.160869868018983730e+01,2.112347130275582074e+00
-1.046060102817136794e+00,-1.148769867932423949e+01,2.129347130190581083e+00
-1.130060102674178779e+00,-1.136860311895499009e+01,2.147299351217461627e+00
-1.202060102717950940e+00,-1.126860311953350902e+01,2.164299351221416146e+00
-1.275060102751012892e+00,-1.116860311874188483e+01,2.164203588074423923e+00
-1.366060102824121714e+00,-1.104960311669856310e+01,2.182203588366974145e+00
-1.481060102931223810e+00,-1.089860311709344387e+01,2.182203588483389467e+00
-1.553060102916788310e+00,-1.080160311679355800e+01,2.164203588443342596e+00
-1.637060103006660938e+00,-1.068750698088969386e+01,2.147155516027954736e+00
-1.707060102722607553e+00,-1.058750698063522577e+01,2.129155515984166414e+00
-1.797060102922841907e+00,-1.045150698162615299e+01,2.112155516166239977e+00
-1.863060103147290647e+00,-1.034950698260217905e+01,2.094155516184400767e+00
-1.937060103286057711e+00,-1.022731394539371585e+01,2.059155516226557125e+00
-1.997060103691183031e+00,-1.012231394625268877e+01,2.042155516333878040e+00
-2.056060103699564934e+00,-1.001431394740939140e+01,2.024155516526661813e+00
-2.129060103208757937e+00,-9.870313947787508368e+00,2.007155516475904733e+00
-2.183060103445313871e+00,-9.761313949013128877e+00,1.990155516599770635e+00
-2.245060103712603450e+00,-9.618313950952142477e+00,1.955155516567174345e+00
-2.293060103780589998e+00,-9.507313950685784221e+00,1.955155516625382006e+00
-2.367060104152187705e+00,-9.339313949458301067e+00,1.972252735186681205e+00
-2.421060104155912995e+00,-9.227313947631046176e+00,1.990252735442481935e+00
-2.485060104052536190e+00,-9.094313946552574635e+00,1.990252735384274274e+00
-2.549060103949159384e+00,-8.961313947802409530e+00,2.007252735609654337e+00
-2.605060104047879577e+00,-8.847313948906958103e+00,2.007252735493239015e+00
-2.673060103901661932e+00,-8.714313947595655918e+00,2.007252735551446676e+00
-2.730060103815048933e+00,-8.600313946837559342e+00,2.007252735667861998e+00
-2.808060103910975158e+00,-8.447313946904614568e+00,2.007252735667861998e+00
-2.866060103755444288e+00,-8.333509902396047053e+00,2.007252735246658037e+00
-2.934060103958472610e+00,-8.200509902788326144e+00,2.007252735318616033e+00
-2.992060104385018349e+00,-8.086509902030229568e+00,2.007252735551446676e+00
-3.059060104424133897e+00,-7.953509903280064464e+00,2.007252735667861998e+00
-3.146060104714706540e+00,-7.782509904354810715e+00,2.007252735609654337e+00
-3.204060104442760348e+00,-7.668509904528036714e+00,2.007252735726069659e+00
-3.272060104878619313e+00,-7.535509905312210321e+00,2.007252735726069659e+00
-3.339060105383396149e+00,-7.402509905397891998e+00,2.007252735900692642e+00
-3.398060105508193374e+00,-7.287509905872866511e+00,2.007252735900692642e+00
-3.463060105917975307e+00,-7.157509905518963933e+00,2.007252736075315624e+00
-3.520060105714946985e+00,-7.047509905416518450e+00,2.024252736126072705e+00
-3.590060105547308922e+00,-6.914509906433522701e+00,2.024252736300695688e+00
-3.660060105845332146e+00,-6.782509906915947795e+00,2.024252736358903348e+00
-3.730060105910524726e+00,-6.649509906303137541e+00,2.024252736300695688e+00
-3.790060105500742793e+00,-6.536509905941784382e+00,2.024252736300695688e+00
-3.871060105739161372e+00,-6.384509907569736242e+00,2.024252736358903348e+00
-3.941060105804353952e+00,-6.252509907935746014e+00,2.024252736533526331e+00
-4.001060106558725238e+00,-6.138509907992556691e+00,2.024252736533526331e+00
-4.071060106623917818e+00,-6.005509907263331115e+00,2.024252736591733992e+00
-4.141060106689110398e+00,-5.872509907116182148e+00,2.024252736417111009e+00
-4.211060107452794909e+00,-5.739509907085448503e+00,2.024252736242488027e+00
-4.271060107043012977e+00,-5.625509907258674502e+00,2.024252736242488027e+00
-4.341060106875374913e+00,-5.493509907624684274e+00,2.024252736126072705e+00
-4.411060107639059424e+00,-5.362509907688945532e+00,2.042252736107911915e+00
-4.471060107462108135e+00,-5.249509908026084304e+00,2.042252736107911915e+00
-4.541060106828808784e+00,-5.117509907460771501e+00,2.024252736126072705e+00
-4.601060105953365564e+00,-5.004509907681494951e+00,2.024252736184280366e+00
-4.691060106270015240e+00,-4.835509907687082887e+00,2.024252736242488027e+00
-4.751060106325894594e+00,-4.722509907907806337e+00,2.024252736067865044e+00
-4.821060106391087174e+00,-4.589509908691979945e+00,2.042252735875081271e+00
-4.891060106456279755e+00,-4.458509908406995237e+00,2.042252735816873610e+00
-4.935060106916353106e+00,-4.377509908284991980e+00,2.024252735776826739e+00
-5.011060107033699751e+00,-4.234509908943437040e+00,2.042252736049704254e+00
-5.071060107555240393e+00,-4.126509909168817103e+00,2.042252736107911915e+00
-5.131060107378289104e+00,-4.019509909092448652e+00,2.059252736216876656e+00
-5.207060107495635748e+00,-3.891509909182786942e+00,2.077252736431546509e+00
-5.284060107544064522e+00,-3.762509909574873745e+00,2.077252736373338848e+00
-5.361060107825323939e+00,-3.635509909363463521e+00,2.077252736315131187e+00
-5.449060106882825494e+00,-3.490509908879175782e+00,2.077252736256923527e+00
-5.526060106465592980e+00,-3.363509908434934914e+00,2.077252736489754170e+00
-5.603060106514021754e+00,-3.236509908107109368e+00,2.077252736722584814e+00
-5.680060105631127954e+00,-3.110509908292442560e+00,2.077252736897207797e+00
-5.746060105506330729e+00,-3.001509908295702189e+00,2.077252737071830779e+00
-5.834060105727985501e+00,-2.855509908753447235e+00,2.077252736897207797e+00
-5.900060106068849564e+00,-2.747509909037034959e+00,2.077252737130038440e+00
-5.955060106003656983e+00,-2.656509909196756780e+00,2.077252737421076745e+00
-6.043060106458142400e+00,-2.510509908897802234e+00,2.077252737537492067e+00
-6.109060106100514531e+00,-2.402509908715728670e+00,2.077252737537492067e+00
-6.186060105683282018e+00,-2.275509908562526107e+00,2.077252737421076745e+00
-6.252060105558484793e+00,-2.167509908496867865e+00,2.077252737421076745e+00
-6.352060105651617050e+00,-2.003509908157866448e+00,2.077252737362869084e+00
-6.429060104768723249e+00,-1.876509908470325172e+00,2.077252737362869084e+00
-6.495060103014111519e+00,-1.768509908462874591e+00,2.077252737537492067e+00
-6.572060103062540293e+00,-1.641509908600710332e+00,2.077252737304661423e+00
-6.638060103636234999e+00,-1.533509908593259752e+00,2.077252737188246101e+00
-6.726060102693736553e+00,-1.387509908498032019e+00,2.077252737304661423e+00
-6.792060101870447397e+00,-1.279509908636100590e+00,2.077252737304661423e+00
-6.869060100987553596e+00,-1.153509908472187817e+00,2.077252736955415457e+00
-6.935060100629925728e+00,-1.044509908359032124e+00,2.077252737130038440e+00
-7.012060100678354502e+00,-9.185099083115346730e-01,2.077252737188246101e+00
-7.089060100261121988e+00,-7.905099083145614713e-01,2.077252737130038440e+00
-7.155060099437832832e+00,-6.815099083760287613e-01,2.077252737188246101e+00
-7.254060100764036179e+00,-5.185099083901150152e-01,2.077252737246453762e+00
-7.353060100227594376e+00,-3.555099084187531844e-01,2.077252737130038440e+00
-7.430060100276023149e+00,-2.285099084183457308e-01,2.077252737188246101e+00
-7.496060099918395281e+00,-1.195099084179673810e-01,2.077252737362869084e+00
-7.573060099501162767e+00,6.490091582463719533e-03,2.077252737479284406e+00
-7.658060099929571152e+00,1.474900915818579961e-01,2.077252737653907388e+00
-7.713060099631547928e+00,2.394900915751350112e-01,2.059252737672068179e+00
-7.789060100447386503e+00,3.664900915900943801e-01,2.077252737770322710e+00
-7.853060100227594376e+00,4.734900915500475094e-01,2.077252737712115049e+00
-7.949060099665075541e+00,6.274900915595935658e-01,2.094252737762872130e+00
-8.015060099307447672e+00,7.334900916030164808e-01,2.112252737744711339e+00
-8.108060098253190517e+00,8.764900914684403688e-01,2.112252737977541983e+00
-8.178060098551213741e+00,9.824900914682075381e-01,2.112252738035749644e+00
-8.250060098245739937e+00,1.090490091388346627e+00,2.112252738152164966e+00
-8.334060098975896835e+00,1.215490091330138966e+00,2.112252737802919000e+00
-8.418060099706053734e+00,1.341490091494051740e+00,2.112252737977541983e+00
-8.502060099970549345e+00,1.467490091425133869e+00,2.129252738028299063e+00
-8.574060101062059402e+00,1.574490091181360185e+00,2.129252738086506724e+00
-8.646060100756585598e+00,1.682490090955980122e+00,2.129252738028299063e+00
-8.730060100555419922e+00,1.808490091178100556e+00,2.129252737795468420e+00
-8.814060099888592958e+00,1.934490091050975025e+00,2.129252737620845437e+00
-8.922060101293027401e+00,2.096490090771112591e+00,2.129252737679053098e+00
-8.994060102384537458e+00,2.202490091207437217e+00,2.129252737562637776e+00
-9.090060102287679911e+00,2.345490091596730053e+00,2.129252737620845437e+00
-9.162060101982206106e+00,2.451490091567393392e+00,2.129252737504430115e+00
-9.270060101989656687e+00,2.612490091647487134e+00,2.129252737446222454e+00
-9.342060101218521595e+00,2.719490092014893889e+00,2.129252737620845437e+00
-9.414060102310031652e+00,2.827490092371590436e+00,2.129252737504430115e+00
-9.509060102514922619e+00,2.969490092480555177e+00,2.129252737737260759e+00
-9.561060102190822363e+00,3.048490092798601836e+00,2.094252737762872130e+00
-9.638060101773589849e+00,3.174490092787891626e+00,2.094252737937495112e+00
-9.727060102857649326e+00,3.320490093086846173e+00,2.077252738003153354e+00
-9.816060103010386229e+00,3.465490093454718590e+00,2.077252737828530371e+00
-9.882060103584080935e+00,3.574490092927590013e+00,2.077252738294191658e+00
-9.948060104157775640e+00,3.683490093098953366e+00,2.077252738410606980e+00
-1.002606010623276234e+01,3.812490092590451241e+00,2.077252738352399319e+00
-1.010306010488420725e+01,3.939490093034692109e+00,2.077252738294191658e+00
-1.018006010539829731e+01,4.066490093129687011e+00,2.077252738410606980e+00
-1.025706010637804866e+01,4.194490093505010009e+00,2.077252738410606980e+00
-1.034506010636687279e+01,4.339490094105713069e+00,2.077252738410606980e+00
-1.041106010647490621e+01,4.447490093647502363e+00,2.077252738352399319e+00
-1.049906010692939162e+01,4.585490093682892621e+00,2.094252738286741078e+00
-1.056606010813266039e+01,4.691490093711763620e+00,2.112252738268580288e+00
-1.063606010749936104e+01,4.799490094184875488e+00,2.112252738384995610e+00
-1.071906010713428259e+01,4.923490093788132071e+00,2.112252738501410931e+00
-1.078906010650098324e+01,5.030490093166008592e+00,2.112252738676033914e+00
-1.087306010583415627e+01,5.156490093097090721e+00,2.112252738850656897e+00
-1.095606010593473911e+01,5.280490093049593270e+00,2.112252738967072219e+00
-1.104006010666489601e+01,5.406490093795582652e+00,2.112252738850656897e+00
-1.113606010749936104e+01,5.549490093486383557e+00,2.112252739025279880e+00
-1.123206010647118092e+01,5.692490092944353819e+00,2.112252739025279880e+00
-1.130406010709702969e+01,5.799490093835629523e+00,2.129252738784998655e+00
-1.137606010772287846e+01,5.906490094261243939e+00,2.129252739076036960e+00
-1.146006010705605149e+01,6.032490093843080103e+00,2.129252739076036960e+00
-1.154306010855361819e+01,6.156490093097090721e+00,2.112252738967072219e+00
-1.162706010974943638e+01,6.282490093028172851e+00,2.129252738901413977e+00
-1.168706010747700930e+01,6.372490092646330595e+00,2.129252738901413977e+00
-1.178306011017411947e+01,6.515490092802792788e+00,2.129252738843206316e+00
-1.187906010914593935e+01,6.658490092027932405e+00,2.129252738901413977e+00
-1.195106010884046555e+01,6.764490092173218727e+00,2.129252739076036960e+00
-1.201606010925024748e+01,6.860490092309191823e+00,2.094252739159855992e+00
-1.210406011017039418e+01,7.003490093629807234e+00,2.077252739167306572e+00
-1.218206011038273573e+01,7.132490093819797039e+00,2.077252739167306572e+00
-1.224806011002510786e+01,7.241490093292668462e+00,2.077252739167306572e+00
-1.232506011007353663e+01,7.367490093223750591e+00,2.077252739050891250e+00
-1.239606011053547263e+01,7.489490093430504203e+00,2.059252739069052041e+00
-1.245606011059135199e+01,7.596490092808380723e+00,2.042252738960087299e+00
-1.252406011195853353e+01,7.721490092808380723e+00,2.024252738745417446e+00
-1.258206011122092605e+01,7.832490093074738979e+00,2.007252738694660366e+00
-1.267606011219322681e+01,8.013490093639120460e+00,2.042252738552633673e+00
-1.273806011211127043e+01,8.118490094784647226e+00,2.094252738519571722e+00
-1.282006011158227921e+01,8.235490094404667616e+00,2.164252738468348980e+00
-1.289306011144071817e+01,8.331490093143656850e+00,2.182252738159149885e+00
-1.300706010963767767e+01,8.473490093601867557e+00,2.216252738144248724e+00
-1.309806010965257883e+01,8.584490093868225813e+00,2.234252738242503256e+00
-1.317806011065840721e+01,8.680490093771368265e+00,2.234252738242503256e+00
-1.327306010946631432e+01,8.792490094434469938e+00,2.251252738467883319e+00
-1.335606011003255844e+01,8.888490093406289816e+00,2.251252738584298640e+00
-1.346506011113524437e+01,9.013490092707797885e+00,2.251252738467883319e+00
-1.354306010995060205e+01,9.104490092489868402e+00,2.234252738417126238e+00
-1.363406011182814837e+01,9.211490091169252992e+00,2.216252738260664046e+00
-1.372506011184304953e+01,9.322490091668441892e+00,2.199252737860661000e+00
-1.379906011372804642e+01,9.418490091105923057e+00,2.182252738042734563e+00
-1.388806011341512203e+01,9.536490090657025576e+00,2.164252738177310675e+00
-1.396506011113524437e+01,9.639490089844912291e+00,2.164252738177310675e+00
-1.407906011212617159e+01,9.792490090709179640e+00,2.164252738235518336e+00
-1.415506011154502630e+01,9.896490089595317841e+00,2.164252738410141319e+00
-1.424306011199951172e+01,1.001649009063839912e+01,2.164252738351933658e+00
-1.433106011059135199e+01,1.013649009098298848e+01,2.164252738119103014e+00
-1.440606011264026165e+01,1.024049009196460247e+01,2.147252738068345934e+00
-1.447206011414527893e+01,1.033349009137600660e+01,2.112252738326787949e+00
-1.454306011367589235e+01,1.044049009191803634e+01,2.112252738326787949e+00
-1.463806011434644461e+01,1.058449009107425809e+01,2.112252738210372627e+00
-1.470906011387705803e+01,1.069249009084887803e+01,2.112252738152164966e+00
-1.478106011264026165e+01,1.080049009062349796e+01,2.112252737977541983e+00
-1.488706011045724154e+01,1.096149009140208364e+01,2.112252738035749644e+00
-1.495806010998785496e+01,1.106949009071104228e+01,2.112252737977541983e+00
-1.503606010973453522e+01,1.119049009052105248e+01,2.094252738053910434e+00
-1.510206011217087507e+01,1.129349009110592306e+01,2.094252738053910434e+00
-1.518706011213362217e+01,1.143149009020999074e+01,2.094252737995702773e+00
-1.525306011270731688e+01,1.153549009142443538e+01,2.112252738268580288e+00
-1.533006011322140694e+01,1.165349009120836854e+01,2.112252738326787949e+00
-1.541706011258065701e+01,1.178949009068310261e+01,2.094252738286741078e+00
-1.548906011320650578e+01,1.191249009128659964e+01,2.042252738261595368e+00
-1.555206011515110731e+01,1.203949009138159454e+01,1.972252738487441093e+00
-1.559706011693924665e+01,1.215049009025096893e+01,1.902252738480456173e+00
-1.562706011720001698e+01,1.225149008980952203e+01,1.780252738157287240e+00
-1.565406011696904898e+01,1.239149008900858462e+01,1.693252738390583545e+00
-1.567006011772900820e+01,1.253149008797481656e+01,1.588252738409209996e+00
-1.567206011898815632e+01,1.265149008855223656e+01,1.518252738373121247e+00
-1.566406011767685413e+01,1.281149008776992559e+01,1.431252738402690738e+00
-1.564506011735647917e+01,1.295149008557200432e+01,1.361252738453913480e+00
-1.561906011682003736e+01,1.309149008616805077e+01,1.344252738403156400e+00
-1.558906011749058962e+01,1.323349008755758405e+01,1.326252738363109529e+00
-1.556406011711806059e+01,1.335349008627235889e+01,1.326252738363109529e+00
-1.553006011713296175e+01,1.349249008810147643e+01,1.257252738461829722e+00
-1.548206011764705181e+01,1.362749008648097515e+01,1.134252738353097811e+00
-1.542906011641025543e+01,1.373749008588492870e+01,1.047252738353563473e+00
-1.535806011781096458e+01,1.385949008632451296e+01,9.602527383249253035e-01
-1.527906011790037155e+01,1.397849008860066533e+01,9.252527383505366743e-01
-1.519306011963635683e+01,1.410049009043723345e+01,9.252527384378481656e-01
-1.509806011710315943e+01,1.423449009051546454e+01,9.422527383721898131e-01
-1.504206011909991503e+01,1.432449009036645293e+01,1.012252738379174843e+00
-1.498806011863052845e+01,1.443049009097740054e+01,1.099252738407813013e+00
-1.493606011942028999e+01,1.456349008856341243e+01,1.222252738400129601e+00
-1.490106012113392353e+01,1.468249008618295193e+01,1.291252738301409408e+00
-1.486206012032926083e+01,1.486149008525535464e+01,1.361252738250186667e+00
-1.484606011863797903e+01,1.498149008629843593e+01,1.431252738140756264e+00
-1.483706011716276407e+01,1.512149008689448237e+01,1.501252738176845014e+00
-1.483806011546403170e+01,1.526149008935317397e+01,1.588252738001756370e+00
-1.484606011584401131e+01,1.538149009179323912e+01,1.623252738208975643e+00
-1.486006011627614498e+01,1.552449009334668517e+01,1.658252738241571933e+00
-1.487506011594086885e+01,1.566649009613320231e+01,1.658252738183364272e+00
-1.488706011883914471e+01,1.578749009687453508e+01,1.641252738249022514e+00
-1.490506011713296175e+01,1.597449009772390127e+01,1.641252738481853157e+00
-1.491706011816859245e+01,1.609449009643867612e+01,1.641252738365437835e+00
-1.493306011613458395e+01,1.625449009612202644e+01,1.623252738558221608e+00
-1.494306011684238911e+01,1.635449009668081999e+01,1.641252738540060818e+00
-1.495006011798977852e+01,1.651449009729549289e+01,1.518252738605951890e+00
-1.494006011914461851e+01,1.663349009957164526e+01,1.361252738628536463e+00
-1.492706011887639761e+01,1.669349009776487947e+01,1.257252738549141213e+00
-1.490006011724472046e+01,1.676549009885638952e+01,1.134252738440409303e+00
-1.487506011500954628e+01,1.681749009806662798e+01,1.065252738422714174e+00
-1.484206011332571507e+01,1.687549009826034307e+01,1.030252738448325545e+00
-1.480206011142581701e+01,1.693949010083451867e+01,9.422527383721898131e-01
-1.479006011039018631e+01,1.695849010068923235e+01,9.422527382557746023e-01
-1.478906011022627354e+01,1.695449010282754898e+01,1.361252738046459854e+00
-1.478006010781973600e+01,1.700249010464176536e+01,1.257252738083479926e+00
-1.475106010865420103e+01,1.707049010414630175e+01,1.012252738146344200e+00
-1.472806010767817497e+01,1.710349010396748781e+01,8.382527382054831833e-01
-1.469206010550260544e+01,1.713949010334908962e+01,6.632527383480919525e-01
-1.469206010457128286e+01,1.713949009962379932e+01,6.632527384208515286e-01
-1.469206010457128286e+01,1.713949009729549289e+01,6.632527384062996134e-01
-1.469206010457128286e+01,1.713949009915813804e+01,6.632527384208515286e-01
-1.469206010270863771e+01,1.713949009543284774e+01,6.632527385081630200e-01
-1.469206010177731514e+01,1.713949009450152516e+01,6.632527384790591896e-01
-1.469206009898334742e+01,1.713949009682983160e+01,6.632527384354034439e-01
-1.469206009898334742e+01,1.713949009776115417e+01,6.632527384062996134e-01
-1.469206009898334742e+01,1.713949009589850903e+01,6.632527383480919525e-01
-1.469206009898334742e+01,1.713949009543284774e+01,6.632527384062996134e-01
-1.469206009805202484e+01,1.713949009450152516e+01,6.632527384645073854e-01
-1.469206009805202484e+01,1.713949009589850903e+01,6.632527385081630200e-01
-1.469206009805202484e+01,1.713949009636417031e+01,6.632527386100264266e-01
-1.469206009805202484e+01,1.713949009496718645e+01,6.632527386973379180e-01
-1.469206009712070227e+01,1.713949009310454130e+01,6.632527387555455789e-01
-1.469206009432673454e+01,1.713949009543284774e+01,6.632527387555455789e-01
-1.469206009339541197e+01,1.713949009357020259e+01,6.632527387700974941e-01
-1.469206009246408939e+01,1.713949009170755744e+01,6.632527386973379180e-01
-1.469206009246408939e+01,1.713949009357020259e+01,6.632527386827860028e-01
-1.469206009246408939e+01,1.713949009170755744e+01,6.632527386827860028e-01
-1.469206009246408939e+01,1.713949009310454130e+01,6.632527386973379180e-01
-1.469206009246408939e+01,1.713949009543284774e+01,6.632527387555455789e-01
-1.469206009153276682e+01,1.713949009310454130e+01,6.632527387118898332e-01
-1.469206008873879910e+01,1.713949009636417031e+01,6.632527387409936637e-01
-1.469206008687615395e+01,1.713949009543284774e+01,6.632527387846494094e-01
-1.469206008687615395e+01,1.713949009496718645e+01,6.632527387555455789e-01
-1.469206008687615395e+01,1.713949009217321873e+01,6.632527387264417484e-01
-1.469206008687615395e+01,1.713949008891358972e+01,6.632527387409936637e-01
-1.469206008687615395e+01,1.713949009263888001e+01,6.632527387555455789e-01
-1.469206008687615395e+01,1.713949009450152516e+01,6.632527387555455789e-01
-1.469206008687615395e+01,1.713949009636417031e+01,6.632527387700974941e-01
-1.469206008687615395e+01,1.713949009496718645e+01,6.632527386391303681e-01
-1.469206008687615395e+01,1.713949009310454130e+01,6.632527387118898332e-01
-1.469206008687615395e+01,1.713949009636417031e+01,6.632527387992013246e-01
-1.469206008501350880e+01,1.713949009543284774e+01,6.632527388865128160e-01
-1.469206008221954107e+01,1.713949009496718645e+01,6.632527389156166464e-01
-1.469206008221954107e+01,1.713949009124189615e+01,6.632527390320319682e-01
-1.469206008221954107e+01,1.713949008984491229e+01,6.632527390902396291e-01
-1.469206008221954107e+01,1.713949008984491229e+01,6.632527391484472901e-01
-1.469206008035689592e+01,1.713949009077623487e+01,6.632527390611357987e-01
-1.469206007942557335e+01,1.713949008798226714e+01,6.632527390756877139e-01
-1.469206007849425077e+01,1.713949008425697684e+01,6.632527390611357987e-01
-1.469206007849425077e+01,1.713949008285999298e+01,6.632527390611357987e-01
-1.469206007849425077e+01,1.713949008239433169e+01,6.632527390756877139e-01
-1.469206007942557335e+01,1.713949007960036397e+01,6.632527389883763336e-01
-1.469206007663160563e+01,1.713949007680639625e+01,6.632527389738243073e-01
-1.469206007476896048e+01,1.713949007354676723e+01,6.632527390029281378e-01
-1.469206007197499275e+01,1.713949007401242852e+01,6.632527389010647312e-01
-1.469206007104367018e+01,1.713949007354676723e+01,6.812527388392481953e-01
-1.469206007011234760e+01,1.713949007354676723e+01,6.812527389120077714e-01
-1.469206007011234760e+01,1.713949007447808981e+01,6.812527388829039410e-01
-1.469206007011234760e+01,1.713949007587507367e+01,6.812527388829039410e-01
-1.469206006918102503e+01,1.713949007494375110e+01,6.812527389702154323e-01
-1.469206006824970245e+01,1.713949007866904140e+01,6.812527391011826694e-01
-1.469206006638705730e+01,1.713949007866904140e+01,6.812527390575269237e-01
-1.469206006266176701e+01,1.713949008006602526e+01,6.812527391011826694e-01
-1.469206006173044443e+01,1.713949007960036397e+01,6.812527391593903303e-01
-1.469206006266176701e+01,1.713949007773771882e+01,6.812527391593903303e-01
-1.469206005986779928e+01,1.713949008192867041e+01,6.812527390720788389e-01
-1.469206005986779928e+01,1.713949008565396070e+01,6.812527391157345846e-01
-1.469206005800515413e+01,1.713949008611962199e+01,6.812527390575269237e-01
-1.469206005707383156e+01,1.713949008891358972e+01,6.632527391193434596e-01
-1.469206005427986383e+01,1.713949009357020259e+01,5.412527391890762374e-01
-1.469106005225330591e+01,1.713949009170755744e+01,4.542527391604380682e-01
-1.456306005455553532e+01,1.718549009319394827e+01,1.922527391470794100e-01
-1.444306005537509918e+01,1.720049009146168828e+01,-1.774726085204747159e-02
-1.434306005481630564e+01,1.719049009028822184e+01,-2.439325680388719775e-01
-1.417206005379557610e+01,1.712649009190499783e+01,-5.239325680449837819e-01
-1.402006005402654409e+01,1.702749008778482676e+01,-6.979325680003967136e-01
-1.392806005571037531e+01,1.694949008524417877e+01,-7.679325678764143959e-01
-1.382106005679816008e+01,1.685249008750542998e+01,-7.849325678107561544e-01
-1.373206005711108446e+01,1.676849008491262794e+01,-7.849325678544119000e-01
-1.364306005556136370e+01,1.668549008341506124e+01,-7.679325678036549307e-01
-1.351906005572527647e+01,1.658349008439108729e+01,-6.629325677786255255e-01
-1.341706005576997995e+01,1.651849008444696665e+01,-5.579325677535962313e-01
-1.329006005637347698e+01,1.645549008483067155e+01,-4.539325678051681634e-01
-1.317706005647778511e+01,1.641049008537083864e+01,-3.839325678272871301e-01
-1.304206005856394768e+01,1.636449008435010910e+01,-3.139325678421300836e-01
-1.292706005834043026e+01,1.633449008315801620e+01,-2.269325678280438019e-01
-1.282206005789339542e+01,1.631949008349329233e+01,-1.399325678321474697e-01
-1.268206005729734898e+01,1.630949008418247104e+01,-6.993256783607648686e-02
-1.254206005716696382e+01,1.630849008681252599e+01,-1.774726065741561234e-02
-1.240206005750223994e+01,1.631049008527770638e+01,2.527393426070556073e-04
-1.228206005785614252e+01,1.631649008346721530e+01,3.525273933792050229e-02
-1.214006005926057696e+01,1.632549008354544640e+01,5.225273934229335282e-02
-1.200006006145849824e+01,1.633949008397758007e+01,7.025273933504649904e-02
-1.188006006134673953e+01,1.635149008547887206e+01,8.725273933305290053e-02
-1.170006006164476275e+01,1.638049008743837476e+01,1.742527392889314797e-01
-1.158006006199866533e+01,1.640849008690565825e+01,2.272527392851770855e-01
-1.144306006282567978e+01,1.645249008713290095e+01,2.972527392921620049e-01
-1.132906006369739771e+01,1.649549008673056960e+01,3.662527393389609642e-01
-1.120106006367132068e+01,1.655549008445814252e+01,4.362527392950141802e-01
-1.104306006338447332e+01,1.664649008680135012e+01,5.242527393565978855e-01
-1.092306006373837590e+01,1.672449008608236909e+01,5.412527394946664572e-01
-1.086406006291508675e+01,1.676249008392915130e+01,5.412527394801145419e-01
-1.074606006173416972e+01,1.684149008151143789e+01,5.582527394872158766e-01
-1.062806006288155913e+01,1.692449008207768202e+01,5.762527395418146625e-01
-1.052506006136536598e+01,1.699749008147045970e+01,5.762527395127108321e-01
-1.039006006205454469e+01,1.709549008030444384e+01,5.932527394907083362e-01
-1.028806006209924817e+01,1.717249008128419518e+01,5.932527394907083362e-01
-1.017106006294488907e+01,1.725849008467048407e+01,6.112527394143398851e-01
-1.005906006321310997e+01,1.734749008668586612e+01,6.462527394614880905e-01
-9.967060063499957323e+00,1.742549008829519153e+01,6.812527395086362958e-01
-9.832060064189136028e+00,1.754449008591473103e+01,7.152527394064236432e-01
-9.744060062803328037e+00,1.762749008508399129e+01,7.332527394028147683e-01
-9.626060063019394875e+00,1.774049008311703801e+01,7.502527394099162139e-01
-9.556060063652694225e+00,1.781049008527770638e+01,7.682527395518263802e-01
-9.458060062490403652e+00,1.791149008786305785e+01,7.852527395589277148e-01
-9.365060061682015657e+00,1.801649008458480239e+01,8.032527395407669246e-01
-9.287060061469674110e+00,1.810649008490145206e+01,8.202527394460048527e-01
-9.195060061290860176e+00,1.821749008446931839e+01,8.382527394569478929e-01
-9.088060061912983656e+00,1.834549008682370186e+01,8.382527395151555538e-01
-8.983060061931610107e+00,1.847549008391797543e+01,8.382527393696364015e-01
-8.905060061719268560e+00,1.856849008472636342e+01,8.382527394569478929e-01
-8.827060061506927013e+00,1.865849008457735181e+01,8.202527395333163440e-01
-8.736060060560703278e+00,1.876349008642137051e+01,8.032527394825592637e-01
-8.601060059852898121e+00,1.891149008832871914e+01,7.682527393917554237e-01
-8.503060059621930122e+00,1.901049008499830961e+01,7.502527394535719596e-01
-8.403060059994459152e+00,1.910849008569493890e+01,7.332527394173666835e-01
-8.299060061108320951e+00,1.920349008357152343e+01,6.982527393411146477e-01
-8.178060060366988182e+00,1.930749008432030678e+01,6.632527392648626119e-01
-8.068060060497373343e+00,1.939849008526653051e+01,6.282527392904739827e-01
-7.952060060575604439e+00,1.948949008760973811e+01,6.282527393050258979e-01
-7.834060060791671276e+00,1.958049008576199412e+01,6.282527392322663218e-01
-7.738060060422867537e+00,1.965649008378386497e+01,6.282527391595067456e-01
-7.641060060355812311e+00,1.973349008616060019e+01,6.462527391267940402e-01
-7.526060059666633606e+00,1.982449008617550135e+01,6.462527390685863793e-01
-7.427060060203075409e+00,1.990249008871614933e+01,6.462527391122421250e-01
-7.265060061123222113e+00,2.003249008674174547e+01,6.282527391740585498e-01
-7.183060062583535910e+00,2.009749008575454354e+01,6.282527391449548304e-01
-7.048060062807053328e+00,2.020149008743464947e+01,6.282527392322663218e-01
-6.949060062412172556e+00,2.027849008934572339e+01,6.282527391449548304e-01
-6.848060062620788813e+00,2.035649009281769395e+01,6.282527391449548304e-01
-6.730060062371194363e+00,2.044749009003862739e+01,6.282527391449548304e-01
-6.601060061715543270e+00,2.055149008845910430e+01,6.462527391413459554e-01
-6.502060062251985073e+00,2.062949008680880070e+01,6.462527390976902097e-01
-6.407060061581432819e+00,2.070549008576199412e+01,6.462527390249306336e-01
-6.334060062188655138e+00,2.076549008814617991e+01,6.462527389958268031e-01
-6.239060061518102884e+00,2.084249008819460869e+01,6.282527390139875934e-01
-6.086060062050819397e+00,2.095949008874595165e+01,6.282527390721952543e-01
-5.972060061525553465e+00,2.104849009076133370e+01,6.282527390576433390e-01
-5.875060061691328883e+00,2.112149008736014366e+01,5.762527390324976295e-01
-5.743060062406584620e+00,2.121549008740112185e+01,5.762527391343610361e-01
-5.643060061847791076e+00,2.128649008926004171e+01,5.932527391705662012e-01
-5.497060061432421207e+00,2.139449008973315358e+01,6.112527391960611567e-01
-5.401060061529278755e+00,2.146849008789286017e+01,6.282527391740585498e-01
-5.273060061736032367e+00,2.157149008894339204e+01,6.462527393159690492e-01
-5.181060062488541007e+00,2.164949008636176586e+01,6.632527393085183576e-01
-5.091060062171891332e+00,2.172749008517712355e+01,6.812527392903575674e-01
-4.979060061741620302e+00,2.182449008384719491e+01,6.982527393120108172e-01
-4.870060061570256948e+00,2.192249008594080806e+01,6.982527393847703934e-01
-4.765060062287375331e+00,2.201749008521437645e+01,6.982527393702184781e-01
-4.645060062408447266e+00,2.212149008410051465e+01,6.812527392612537369e-01
-4.538060062797740102e+00,2.221249008225277066e+01,6.632527393085183576e-01
-4.442060062196105719e+00,2.229049008525907993e+01,6.462527393014170229e-01
-4.328060061670839787e+00,2.238149008434265852e+01,6.462527393596246839e-01
-4.218060062266886234e+00,2.247249008342623711e+01,6.462527393014170229e-01
-4.123060061829164624e+00,2.255049008317291737e+01,6.632527393085183576e-01
-4.010060061933472753e+00,2.264349008398130536e+01,6.632527392939664423e-01
-3.898060062201693654e+00,2.273849008698016405e+01,6.632527393812779337e-01
-3.789060062263160944e+00,2.283149008685722947e+01,6.632527394103817642e-01
-3.695060061756521463e+00,2.290949008474126458e+01,6.632527394394855946e-01
-3.550060061505064368e+00,2.302649008575826883e+01,6.462527393596246839e-01
-3.452060061041265726e+00,2.310449008736759424e+01,6.462527393450727686e-01
-3.354060061275959015e+00,2.318249008804559708e+01,6.462527393450727686e-01
-3.210060060955584049e+00,2.329949008673429489e+01,6.632527393521741033e-01
-3.117060061427764595e+00,2.337749008554965258e+01,6.632527393958298489e-01
-2.991060061496682465e+00,2.348449008772149682e+01,6.632527393812779337e-01
-2.896060060942545533e+00,2.356387806325163936e+01,6.633174039270266498e-01
-2.786060061422176659e+00,2.365513691161485355e+01,6.633174038648192994e-01
-2.691060061100870371e+00,2.373413691157475114e+01,6.633174037997378036e-01
-2.578060061438009143e+00,2.382600737596843388e+01,6.462526351571707961e-01
-2.462060061516240239e+00,2.391800737613812089e+01,6.462526351533597335e-01
-2.366060061496682465e+00,2.399613706040791072e+01,6.631877928807297096e-01
-2.254800533044752253e+00,2.408813706366345286e+01,6.631877928651477294e-01
-2.158800532924942672e+00,2.416713706357404590e+01,6.631877929030451924e-01
-1.726800532662309706e+00,2.453313706163316965e+01,6.811877929867478088e-01
-1.671800532727502286e+00,2.458113706577569246e+01,6.811877930595073849e-01
-1.543800532643217593e+00,2.468913706438615918e+01,6.811877930449554697e-01
-1.447800532740075141e+00,2.477113706432282925e+01,6.811877929721958935e-01
-1.352800532593391836e+00,2.485313706379383802e+01,6.811877929867478088e-01
-1.208800532505847514e+00,2.497539755757439295e+01,6.811877931531450381e-01
-1.111800532380584627e+00,2.505765822230754125e+01,6.631877932294691913e-01
-9.838005324127152562e-01,2.516565822390839458e+01,6.631877931649796665e-01
-8.878005325095728040e-01,2.524765830015111945e+01,6.631877931068018706e-01
-7.758005325158592314e-01,2.534165830072015524e+01,6.631877930049085990e-01
-6.475392584395093243e-01,2.545065829902887344e+01,6.631877929093389357e-01
-5.355392583878710866e-01,2.554578896072823824e+01,6.631224435068271417e-01
-4.445392583147622645e-01,2.562378896027803421e+01,6.811224435077747330e-01
-3.345392583141801879e-01,2.571905061882255339e+01,6.811224436102591984e-01
-2.225392583059147000e-01,2.581605061609297991e+01,6.981224436749471352e-01
-1.155392582950298674e-01,2.591005061194300652e+01,6.811224436823977157e-01
6.460741704358952120e-03,2.601505061239004135e+01,6.811224436969497420e-01
1.134607417043298483e-01,2.610605061613023281e+01,6.631224437878699973e-01
2.214607417117804289e-01,2.619405061472207308e+01,6.631224437005585060e-01
2.764607417193474248e-01,2.624105061683803797e+01,6.631224435986950994e-01
3.824607417336665094e-01,2.633305061887949705e+01,6.811224435077747330e-01
4.864607418130617589e-01,2.642505061998963356e+01,6.981224434421164915e-01
5.754607418784871697e-01,2.650305061973631382e+01,6.981224434857722372e-01
6.794607418705709279e-01,2.659505062270909548e+01,6.811224433040479198e-01
7.864607418305240571e-01,2.668605061899870634e+01,6.631224432785529643e-01
8.984607417951337993e-01,2.677805061638355255e+01,6.631224432785529643e-01
9.944607418146915734e-01,2.685805061366409063e+01,6.631224432348972186e-01
1.139460741600487381e+00,2.697705061361193657e+01,6.631224431912414730e-01
1.236460741783957928e+00,2.705605061631649733e+01,6.631224432640010491e-01
1.350460741552524269e+00,2.714905061759054661e+01,6.631224432785529643e-01
1.464460741553921252e+00,2.724105061590671539e+01,6.631224432931048796e-01
1.573460741783492267e+00,2.733205061499029398e+01,6.631224432348972186e-01
1.664460741565562785e+00,2.741005061846226454e+01,6.811224433185998350e-01
1.754460741532966495e+00,2.748805062100291252e+01,6.981224435003241524e-01
1.903460741275921464e+00,2.762205061595886946e+01,7.151224435510812327e-01
1.991460741264745593e+00,2.770605062041431665e+01,7.331224436493357643e-01
2.081460741232149303e+00,2.779405062086880207e+01,7.501224437291966751e-01
2.181460741325281560e+00,2.789205062109977007e+01,7.331224438239587471e-01
2.266460741404443979e+00,2.797505061514675617e+01,7.331224438094068319e-01
2.384460741537623107e+00,2.808505061641335487e+01,6.981224437622586265e-01
2.477460741298273206e+00,2.816805061697959900e+01,6.981224438786739483e-01
2.573726398016324080e+00,2.825205061491578817e+01,6.811224437482540361e-01
2.678726398036815226e+00,2.834305061306804419e+01,6.981224437331546850e-01
2.797726398450322449e+00,2.845218356086844480e+01,7.151889192703391185e-01
2.904726398061029613e+00,2.855118356365710497e+01,7.150558303140650551e-01
2.992726398049853742e+00,2.863418356049805880e+01,7.150558302964782342e-01
3.105726398061960936e+00,2.873918356373906136e+01,7.150558303110301495e-01
3.179593146804828852e+00,2.880618355982005596e+01,6.982557187079438954e-01
3.302593146683648229e+00,2.891618356388062239e+01,6.812557187367930256e-01
3.396860011732042217e+00,2.899691678892390101e+01,6.812557187573029527e-01
3.504860012326389551e+00,2.908991679083555937e+01,6.812557187513448298e-01
3.611860012402758002e+00,2.918391679041087627e+01,6.981221566526059075e-01
3.717860012315213680e+00,2.927891679201275110e+01,6.981221566093154252e-01
3.823860011762008071e+00,2.937564945647858750e+01,7.152558087032606648e-01
3.896860011853277683e+00,2.944464945420622826e+01,7.331221008371021641e-01
4.017860011663287878e+00,2.956051565076857557e+01,7.330552264735751278e-01
4.105860011884942651e+00,2.964551564585417509e+01,7.330552264465950429e-01
4.193860011640936136e+00,2.973051564488559961e+01,7.330552265048027039e-01
4.326860011555254459e+00,2.985551563363399907e+01,7.150552264502098021e-01
4.420860012061893940e+00,2.993951563630253077e+01,6.980552263994468376e-01
4.531860011629760265e+00,3.003851563110947609e+01,7.150552265084115788e-01
4.596994249054148440e+00,3.009951563552021980e+01,7.151223448736834243e-01
4.698994249338284135e+00,3.019524702192730103e+01,7.328536998447403583e-01
4.787994249258190393e+00,3.028124702256172895e+01,7.328536998247727752e-01
4.878994249273091555e+00,3.037011258124601909e+01,7.329208847296564411e-01
4.982994250021874905e+00,3.047111258096992970e+01,7.329208847659173243e-01
5.109994250116869807e+00,3.059424713101280346e+01,7.149881784362049908e-01
5.215994249796494842e+00,3.069197779669776338e+01,7.149881784840179666e-01
5.308994249207898974e+00,3.077597779408097267e+01,6.979881783336168155e-01
5.427994249621406198e+00,3.088397779408842325e+01,7.149881783698219806e-01
5.531994249671697617e+00,3.098297779634594917e+01,7.329881783953169361e-01
5.651994249317795038e+00,3.109897779580205679e+01,7.329881783225573599e-01
5.741994248703122139e+00,3.118797779642045498e+01,7.499881783005548641e-01
5.830994248855859041e+00,3.127497779950499535e+01,7.329881783080054447e-01
5.943994248984381557e+00,3.138584266182660798e+01,7.329206052959400530e-01
6.033994248835369945e+00,3.147084266133606434e+01,7.149206052708905190e-01
6.140994248678907752e+00,3.156984265986829996e+01,7.149206053727540366e-01
6.230994249461218715e+00,3.165284266043454409e+01,7.149206053873058408e-01
6.347994249314069748e+00,3.176384266000241041e+01,7.329206054128007963e-01
6.435994250699877739e+00,3.184970724602466063e+01,7.499883437174115208e-01
6.486994251143187284e+00,3.190070725046098232e+01,7.499883438140386716e-01
6.618994251824915409e+00,3.202870724722743034e+01,7.329883438505930826e-01
6.724265645464499563e+00,3.212870724219828844e+01,7.329883438155347930e-01
6.814265645109117031e+00,3.221770723816007376e+01,7.329883437778335065e-01
6.904401496795596671e+00,3.230470724217593670e+01,7.330562694854501071e-01
7.026401496957987547e+00,3.242170723900198936e+01,7.330562695133268081e-01
7.117401496041566133e+00,3.250870723929256201e+01,7.330562695278786123e-01
7.224401496816426516e+00,3.261057118429166479e+01,7.329882516361554412e-01
7.331401496659964323e+00,3.271143509319713161e+01,7.330562984139469274e-01
7.422401497140526772e+00,3.279943509213626385e+01,7.330562984861899167e-01
7.556401496753096581e+00,3.292543509323149920e+01,7.150562984315911308e-01
7.645401497371494770e+00,3.300443509500473738e+01,6.980562984099378809e-01
7.750401497818529606e+00,3.309643509425222874e+01,6.810562983737327158e-01
7.841128615723156337e+00,3.317443509772419930e+01,6.630562985208631188e-01
7.968401655099182967e+00,3.327843509614467621e+01,6.280562983759062634e-01
8.061401654966175556e+00,3.335043510235846043e+01,6.110562983667477965e-01
8.146401655394583941e+00,3.341443510632961988e+01,6.110562983812997118e-01
8.299264931543804735e+00,3.353143511060625315e+01,6.111246597372815836e-01
8.401538559021370034e+00,3.360943511221557856e+01,5.931246597418755595e-01
8.520538558252155781e+00,3.369943510927259922e+01,5.931246597901917994e-01
8.620538558810949326e+00,3.377316125068223585e+01,6.111246598550542641e-01
8.748538559768348932e+00,3.387216125149279833e+01,6.281246599246514961e-01
8.828538559842854738e+00,3.393716125283390284e+01,6.281246600410668179e-01
8.953538559842854738e+00,3.404016125202178955e+01,6.631246600736631081e-01
9.065264172606413595e+00,3.413316125422716141e+01,6.631246601653850714e-01
9.161264173220843077e+00,3.421316124778240919e+01,6.811246601428138092e-01
9.273264172486960888e+00,3.431016124039888382e+01,6.811246601573657244e-01
9.384264172986149788e+00,3.440616123285144567e+01,6.811246600700542331e-01
9.512264173477888107e+00,3.451716123428195715e+01,6.811246601864695549e-01
9.624264173209667206e+00,3.461516123451292515e+01,6.811246603174367920e-01
9.735264172777533531e+00,3.471116123534739017e+01,6.811246603465406224e-01
9.825264172628521919e+00,3.479016122967004776e+01,6.981246604264015332e-01
9.929264171514660120e+00,3.488316122908145189e+01,7.151246605353662744e-01
1.003126417146995664e+01,3.497988559626640637e+01,7.331246605707726349e-01
1.013426416972652078e+01,3.508088559843599796e+01,7.501246606261702254e-01
1.022426417050883174e+01,3.517088559642434120e+01,7.501246606407222517e-01
1.032426416827365756e+01,3.527188559528440237e+01,7.501246606407222517e-01
1.036412608061629825e+01,3.531088558770716190e+01,7.500556171080088319e-01
1.036412608064711094e+01,3.531088558118790388e+01,7.680556170089403167e-01
1.036412608157843351e+01,3.531088558305054903e+01,7.680556170089403167e-01
1.036412608250975609e+01,3.531088558398187160e+01,7.680556169943884015e-01
1.036412608297541738e+01,3.531088558863848448e+01,7.680556170089403167e-01
1.036412608390673995e+01,3.531088558584451675e+01,7.680556170089403167e-01
1.036412608344107866e+01,3.531088558305054903e+01,7.680556170380441472e-01
1.036412608390673995e+01,3.531088558491319418e+01,7.680556169943884015e-01
1.036412608250975609e+01,3.531088558025658131e+01,7.680556169798364863e-01
1.036412608344107866e+01,3.531088557746261358e+01,7.680556170671479777e-01
1.036398731809121543e+01,3.531088557839393616e+01,7.499862349965780162e-01
1.036398732010275126e+01,3.531088558305054903e+01,7.499862350086913265e-01
1.036398732103407383e+01,3.531088558491319418e+01,7.499862349504837766e-01
1.036398732010275126e+01,3.531088558025658131e+01,7.499862350377952680e-01
1.036398732010275126e+01,3.531088557559996843e+01,7.499862349795876071e-01
1.036398732056841254e+01,3.531088558211922646e+01,7.499862348922761157e-01
1.036398731963708997e+01,3.531088558211922646e+01,7.499862348195165396e-01
1.036398731730878353e+01,3.531088558025658131e+01,7.499862348486203700e-01
1.036398731730878353e+01,3.531088557746261358e+01,7.499862349504837766e-01
1.036398731637746096e+01,3.531088557653129101e+01,7.499862349795876071e-01
1.036398731591179967e+01,3.531088557466864586e+01,7.499862349504837766e-01
1.036398731544613838e+01,3.531088557746261358e+01,7.499862350086913265e-01
1.036398731404915452e+01,3.531088558025658131e+01,7.499862349941395223e-01
1.036398731125518680e+01,3.531088557932525873e+01,7.499862348922761157e-01
1.036398730892688036e+01,3.531088557280600071e+01,7.499862348777242005e-01
1.036398731078952551e+01,3.531088557373732328e+01,7.499862348922761157e-01
1.036398731125518680e+01,3.531088556442409754e+01,7.499862348631722853e-01
1.036398731078952551e+01,3.531088556535542011e+01,7.499862348195165396e-01
1.036398731078952551e+01,3.531088555883616209e+01,7.499862347322050482e-01
1.036398731125518680e+01,3.531088555883616209e+01,7.499862348195165396e-01
1.036398730939254165e+01,3.531088556069880724e+01,7.499862347758607939e-01
1.036398730846121907e+01,3.531088556349277496e+01,7.499862347758607939e-01
1.036398730520159006e+01,3.531088556349277496e+01,7.499862347467570745e-01
1.036398730566725135e+01,3.531088556535542011e+01,7.499862347758607939e-01
1.036398730473592877e+01,3.531088555883616209e+01,7.499862348195165396e-01
1.036398730427026749e+01,3.531088556163012981e+01,7.499862347176531330e-01
1.036398730240762234e+01,3.531088556908071041e+01,7.499862347613088787e-01
1.036398730194196105e+01,3.531088557187467813e+01,7.499862347758607939e-01
1.036398730287328362e+01,3.531088557094335556e+01,7.499862348195165396e-01
1.036398729961365461e+01,3.531088556442409754e+01,7.499862346303416416e-01
1.036398729914799333e+01,3.531088556535542011e+01,7.499862346157897264e-01
1.036398729868233204e+01,3.531088555883616209e+01,7.499862346739973873e-01
1.036398729635402560e+01,3.531088555790483952e+01,7.499862346448936679e-01
1.036398729681968689e+01,3.531088555417954922e+01,7.499862346157897264e-01
1.036398729635402560e+01,3.531088554952293634e+01,7.499862346303416416e-01
1.036398729728534818e+01,3.531088554766029119e+01,7.499862346303416416e-01
1.036398729449138045e+01,3.531088555324822664e+01,7.499862346012378111e-01
1.036398729309439659e+01,3.531088555883616209e+01,7.499862345575820655e-01
1.036398729169741273e+01,3.531088555883616209e+01,7.499862345284782350e-01
1.036398728983476758e+01,3.531088555883616209e+01,7.499862344848224893e-01
1.036398728843778372e+01,3.531088555976748466e+01,7.499862345866858959e-01
1.036398728797212243e+01,3.531088555976748466e+01,7.499862345430301502e-01
1.036398728797212243e+01,3.531088555790483952e+01,7.499862345284782350e-01
1.036398728843778372e+01,3.531088555697351694e+01,7.499862345575820655e-01
1.036398728797212243e+01,3.531088555231690407e+01,7.499862345139263198e-01
1.036398728843778372e+01,3.531088555697351694e+01,7.499862344993744045e-01
1.036398728797212243e+01,3.531088555231690407e+01,7.499862345575820655e-01
1.036398728657513857e+01,3.531088555697351694e+01,7.499862344557186589e-01
1.036398728657513857e+01,3.531088555138558149e+01,7.499862343975109980e-01
1.036398728750646114e+01,3.531088554486632347e+01,7.499862344120629132e-01
1.036398728657513857e+01,3.531088555138558149e+01,7.499862345284782350e-01
1.036398728750646114e+01,3.531088554486632347e+01,7.499862345430301502e-01
1.036398728657513857e+01,3.531088555324822664e+01,7.499862345866858959e-01
1.036398728657513857e+01,3.531088556163012981e+01,7.499862344557186589e-01
1.036398728657513857e+01,3.531088556628674269e+01,7.499862344120629132e-01
1.036398728797212243e+01,3.531088556163012981e+01,7.499862343393032260e-01
1.036398728704079986e+01,3.531088556721806526e+01,7.499862343247514218e-01
1.036398728704079986e+01,3.531088557280600071e+01,7.499862343538552523e-01
1.036398728610947728e+01,3.531088557373732328e+01,7.499862342810956761e-01
1.036398728424683213e+01,3.531088556628674269e+01,7.499862343975109980e-01
1.036398728331550956e+01,3.531088556256145239e+01,7.499862344557186589e-01
1.036398728098720312e+01,3.531088556069880724e+01,7.499862344411666326e-01
1.036398728238418698e+01,3.531088556163012981e+01,7.499862343393032260e-01
1.036398728098720312e+01,3.531088556535542011e+01,7.499862342956475914e-01
1.036398728238418698e+01,3.531088555976748466e+01,7.499862342228880152e-01
1.036398728191852570e+01,3.531088556069880724e+01,7.499862342228880152e-01
1.036398728005588055e+01,3.531088556256145239e+01,7.499862341792322695e-01
1.036398727865889668e+01,3.531088556163012981e+01,7.499862341501284391e-01
1.036398727679625154e+01,3.531088556628674269e+01,7.499862341937841848e-01
1.036398727679625154e+01,3.531088556442409754e+01,7.499862342374399304e-01
1.036398727539926767e+01,3.531088556814938784e+01,7.499862341355765238e-01
1.036398727679625154e+01,3.531088556535542011e+01,7.499862342083361000e-01
1.036398727679625154e+01,3.531088555790483952e+01,7.499862341792322695e-01
1.036398727539926767e+01,3.531088555604219437e+01,7.499862342228880152e-01
1.036398727633059025e+01,3.531088556069880724e+01,5.929862342454725876e-01
1.036398727539926767e+01,3.531088556349277496e+01,4.009862342354608700e-01
1.036398727726191282e+01,3.531088556442409754e+01,2.269862341854604892e-01
1.036398727772757411e+01,3.531088556628674269e+01,1.049862341787957121e-01
1.036384334705009991e+01,3.531117342761354649e+01,-7.027103733201646441e-02
1.040584334824234247e+01,3.530746139425645680e+01,-1.922710373440744414e-01
1.054027554850702941e+01,3.526846139784902334e+01,-4.361990029818183512e-01
1.066527554811909795e+01,3.520046139229089022e+01,-6.111990029166918248e-01
1.076227554865181446e+01,3.512746139708906412e+01,-7.151990029815351591e-01
1.086827554740011692e+01,3.503446139488369226e+01,-8.030547258122737730e-01
1.096227554697543383e+01,3.493117272429364562e+01,-9.250547257031517256e-01
1.103427554620429873e+01,3.483346142240804966e+01,-1.030054725583069430e+00
1.110227554570883512e+01,3.470846142619848251e+01,-1.152054725534981117e+00
1.115327554708346725e+01,3.459846142865717411e+01,-1.187054725625785068e+00
1.121127554681152105e+01,3.446046142466366291e+01,-1.204054725705645978e+00
1.127770949527501543e+01,3.430446142517030239e+01,-1.186982399838601099e+00
1.134770949650555849e+01,3.415746142249554396e+01,-1.098982399766100571e+00
1.141270948890706372e+01,3.405346142314374447e+01,-9.948376146396089581e-01
1.149870948726311326e+01,3.394046142324805260e+01,-9.248376147006638348e-01
1.157799929310508347e+01,3.385046142246574163e+01,-8.548376149982733763e-01
1.167570933854331905e+01,3.375046142190694809e+01,-8.198376146476555881e-01
1.175970933679491282e+01,3.366646142583340406e+01,-8.028376146685332060e-01
1.187970933783799410e+01,3.355446142423897982e+01,-7.678376147378003225e-01
1.200470933830365539e+01,3.344246142823249102e+01,-7.678376147086964920e-01
1.209470933955162764e+01,3.336346143018454313e+01,-7.678376147086964920e-01
1.221270933793857694e+01,3.325646142847836018e+01,-7.848376147157978266e-01
1.228570933686569333e+01,3.318646142631769180e+01,-8.028376148431561887e-01
1.238670933619141579e+01,3.308746142312884331e+01,-8.198376148357056081e-01
1.249170933756977320e+01,3.298246142454445362e+01,-8.198376147774979472e-01
1.261070933844894171e+01,3.286246142536401749e+01,-8.378376149630639702e-01
1.271570933796465397e+01,3.275746142771095037e+01,-8.378376149339601398e-01
1.281870933808386326e+01,3.265246142912656069e+01,-8.378376148466486484e-01
1.292370933666825294e+01,3.254746143147349358e+01,-8.378376149921678007e-01
1.301070933602750301e+01,3.245746143348515034e+01,-8.378376149630639702e-01
1.310070933587849140e+01,3.236646143533289433e+01,-8.198376148648094386e-01
1.318070933315902948e+01,3.228846143931150436e+01,-8.028376147849485278e-01
1.328170933201909065e+01,3.219046143349260092e+01,-8.028376146976370364e-01
1.338070933334529400e+01,3.209246143233031034e+01,-8.198376145737711340e-01
1.346470933221280575e+01,3.200746143795549870e+01,-8.378376144974025719e-01
1.359570933226495981e+01,3.187146143428981304e+01,-8.378376144682987414e-01
1.368270933255553246e+01,3.178046143613755703e+01,-8.378376144100911915e-01
1.378000203448986838e+01,3.167946143634617329e+01,-8.378376148279415014e-01
1.387829492575748525e+01,3.157946144323796034e+01,-8.198376152243717074e-01
1.398029492609202862e+01,3.147975433194710959e+01,-8.026911696411415109e-01
1.407029492594301701e+01,3.139175432827323675e+01,-8.026911695778835565e-01
1.415658819539172164e+01,3.130775432754307985e+01,-8.026911699079021245e-01
1.426944155689072780e+01,3.119590096850453875e+01,-8.195445290875317257e-01
1.435488174295957720e+01,3.110990096628665924e+01,-8.376178863572482092e-01
1.445373496773708411e+01,3.100790096353739500e+01,-8.375444987743387859e-01
1.456002863006672499e+01,3.090190096013247967e+01,-7.845444991005717794e-01
1.464702862780541182e+01,3.082090095803141594e+01,-7.846913747351348389e-01
1.475002862699329853e+01,3.072490096092224121e+01,-8.026913748180959374e-01
1.483602862618863583e+01,3.064219502342904278e+01,-8.029854397034579261e-01
1.493502862658351660e+01,3.054419502243399620e+01,-8.201325416094834564e-01
1.503202862665057182e+01,3.044319501798599958e+01,-8.381325416848994792e-01
1.512902862671762705e+01,3.034119501896202564e+01,-8.381325415975879878e-01
1.524102862738072872e+01,3.022534228870417294e+01,-8.200589068122993153e-01
1.532602862827479839e+01,3.014104760381804127e+01,-8.199115865915622692e-01
1.543102862685918808e+01,3.003904760628938675e+01,-8.029115865356288850e-01
1.553602862823754549e+01,2.993704760354012251e+01,-8.029115865647327155e-01
1.563602862600237131e+01,2.984004760347306728e+01,-8.199115864990744740e-01
1.572002862673252821e+01,2.975590000797558332e+01,-8.198377875673643622e-01
1.582402862515300512e+01,2.965190001297742128e+01,-8.378377874905709177e-01
1.593702862598001957e+01,2.953690001089125872e+01,-8.198377874796278775e-01
1.603602862544357777e+01,2.943790000770241022e+01,-8.028377875161822885e-01
1.610102862771600485e+01,2.937890000734478235e+01,-7.498377875599544495e-01
1.620502862520515919e+01,2.928675210438103349e+01,-7.679117381915699925e-01
1.631002862285822630e+01,2.919375210534781218e+01,-7.849117382138501853e-01
1.639602862019091845e+01,2.910975209996104240e+01,-8.199117380427196622e-01
1.650802862085402012e+01,2.899675209820270538e+01,-8.379117380536627024e-01
1.659202861972153187e+01,2.890875210147351027e+01,-8.379117380827665329e-01
1.667502861749380827e+01,2.882475210539996624e+01,-8.199117381591349840e-01
1.677502861898392439e+01,2.872575210500508547e+01,-8.029117381665855646e-01
1.686202861834317446e+01,2.864275209885090590e+01,-7.849117381847463548e-01
1.699802861921489239e+01,2.851675209496170282e+01,-7.849117381847463548e-01
1.710202861949801445e+01,2.842075209785252810e+01,-7.849117381556425244e-01
1.721602861769497395e+01,2.830975209455937147e+01,-8.029117382830008864e-01
1.730502861738204956e+01,2.822075209394097328e+01,-8.199117383628617972e-01
1.742002861853688955e+01,2.810575209278613329e+01,-8.029117383703123778e-01
1.750702861603349447e+01,2.802175208739936352e+01,-8.029117384285200387e-01
1.758802861440926790e+01,2.794675209000706673e+01,-7.499117383849807084e-01
1.768002861272543669e+01,2.786975209321826696e+01,-7.329117383924312890e-01
1.778502861317247152e+01,2.777875209692865610e+01,-7.499117383849807084e-01
1.789102861378341913e+01,2.768775210250169039e+01,-7.499117382976692170e-01
1.798102861270308495e+01,2.760875209793448448e+01,-7.679117382940603420e-01
1.809802861232310534e+01,2.750075209792703390e+01,-8.029117384867275886e-01
1.818302861135452986e+01,2.741675210278481245e+01,-8.199117384501732886e-01
1.828702861070632935e+01,2.731175209954380989e+01,-8.199117384210694581e-01
1.841302861087024212e+01,2.718575210683047771e+01,-8.029117383412085474e-01
1.850002861302345991e+01,2.710175211168825626e+01,-8.029117383994162083e-01
1.860302861314266920e+01,2.700475211255252361e+01,-7.849117383593693376e-01
1.869402861595153809e+01,2.692275211215019226e+01,-7.679117383522680029e-01
1.881802861765027046e+01,2.681475210748612881e+01,-7.679117383522680029e-01
1.890702861640602350e+01,2.673575210850685835e+01,-7.679117383522680029e-01
1.903402861580252647e+01,2.661775210872292519e+01,-8.029117382830008864e-01
1.910902861505746841e+01,2.654875210672616959e+01,-7.849117382429540157e-01
1.921802861522883177e+01,2.645075211022049189e+01,-7.679117382649565116e-01
1.932602861430495977e+01,2.635275211092084646e+01,-7.679117382504045963e-01
1.943002861831337214e+01,2.625875211320817471e+01,-7.849117383302655071e-01
1.952202862035483122e+01,2.617375211510807276e+01,-7.849117384175769985e-01
1.961302861943840981e+01,2.608875212073326111e+01,-7.849117384466808289e-01
1.973202861845493317e+01,2.597875212132930756e+01,-7.849117385630961508e-01
1.983902861829847097e+01,2.588075212668627501e+01,-7.679117386287543923e-01
1.994702861830592155e+01,2.578375212848186493e+01,-7.679117386869619422e-01
2.005802862066775560e+01,2.568475212622433901e+01,-7.679117388179292902e-01
2.015102862007915974e+01,2.560275212023407221e+01,-7.679117388470331207e-01
2.026002862304449081e+01,2.550575211923569441e+01,-7.679117388324812055e-01
2.035502862464636564e+01,2.542175211850553751e+01,-7.679117388615850359e-01
2.046502862498164177e+01,2.532375211548060179e+01,-7.679117387742735445e-01
2.055102862697094679e+01,2.524575211387127638e+01,-7.499117388506419957e-01
2.064502862468361855e+01,2.516475211130455136e+01,-7.499117388360900804e-01
2.076502862665802240e+01,2.506075210869312286e+01,-7.499117388360900804e-01
2.087102862820029259e+01,2.496675210911780596e+01,-7.679117388906888664e-01
2.099402862880378962e+01,2.485475210985168815e+01,-7.849117389414459467e-01
2.108402863331139088e+01,2.477475211070850492e+01,-7.679117389925522730e-01
2.118902863189578056e+01,2.468275211052969098e+01,-7.499117389816092327e-01
2.130002863425761461e+01,2.458675210783258080e+01,-7.499117389088496566e-01
2.139602863322943449e+01,2.450375210912898183e+01,-7.499117390252649784e-01
2.151902863662689924e+01,2.439875210961326957e+01,-7.499117390107130632e-01
2.162602863553911448e+01,2.430475210817530751e+01,-7.679117389925522730e-01
2.173802863620221615e+01,2.420675210980698466e+01,-7.679117389488965273e-01
2.179802863486111164e+01,2.415475211339071393e+01,-6.279117389203747734e-01
2.180102863442152739e+01,2.415375211462378502e+01,-1.919117389406892471e-01
2.182102863304316998e+01,2.415175211383029819e+01,-1.919117389224993531e-01
2.188602863345295191e+01,2.413375211367383599e+01,-4.189117389905732125e-01
2.201902863383293152e+01,2.405475211376324296e+01,-6.809117389784660190e-01
2.210502863395959139e+01,2.397975211497396231e+01,-7.849117389851016924e-01
2.219902863726019859e+01,2.387975211534649134e+01,-8.899117390683386475e-01
2.221902864053845406e+01,2.385775211593136191e+01,-6.109117392188636586e-01
2.221902864053845406e+01,2.385775211593136191e+01,-1.219117392247426324e-01
2.221902863960713148e+01,2.385775211453437805e+01,3.662735679972682901e-01
2.221902864240109921e+01,2.385775211500003934e+01,8.552735680423211306e-01
2.221902864426374435e+01,2.385775211500003934e+01,1.291273568087490276e+00
2.221802864596247673e+01,2.391375211812555790e+01,1.745273568201810122e+00
2.220602864492684603e+01,2.393475211970508099e+01,2.164273567788768560e+00
2.214902864210307598e+01,2.399675211682915688e+01,2.374273567635100335e+00
2.194102863781154156e+01,2.415675211464986205e+01,2.513273567135911435e+00
2.180502863880246878e+01,2.424475211650133133e+01,2.548273566877469420e+00
2.170202864054590464e+01,2.430775211472064257e+01,2.566273566801100969e+00
2.155602864269167185e+01,2.439475211454555392e+01,2.583273566968273371e+00
2.143002864066511393e+01,2.446775211393833160e+01,2.583273566793650389e+00
2.136402864009141922e+01,2.450475211581215262e+01,2.600273566727992147e+00
2.135902864020317793e+01,2.450675211800262332e+01,3.054273566696792841e+00
2.132902863807976246e+01,2.450675211846828461e+01,-3.106911740673240274e+00
2.132602863851934671e+01,2.450675211800262332e+01,-2.774911740561947227e+00
2.132602863758802414e+01,2.450675211800262332e+01,-2.268911740742623806e+00
2.132602864038199186e+01,2.450575211830437183e+01,-1.779911740624811500e+00
2.132602863945066929e+01,2.449575212085619569e+01,-1.238911740452749655e+00
2.135202863533049822e+01,2.445775212300941348e+01,-8.899117404071148485e-01
2.142902863118797541e+01,2.438375212438404560e+01,-7.499117404659045860e-01
2.153902863245457411e+01,2.429575212392956018e+01,-6.629117404227145016e-01
2.165702863130718470e+01,2.421575212106108665e+01,-6.109117404121207073e-01
2.175902863033115864e+01,2.414975212095305324e+01,-5.929117402120027691e-01
2.188002862781286240e+01,2.407575212186202407e+01,-5.579117402085103095e-01
2.200302863027900457e+01,2.400575212296098471e+01,-5.409117402305128053e-01
2.214702863059937954e+01,2.392875211965292692e+01,-5.239117403107229620e-01
2.223702863138169050e+01,2.388375212205573916e+01,-5.059117402415722609e-01
2.240202862769365311e+01,2.380375212244689465e+01,-4.709117402526317164e-01
2.251702862698584795e+01,2.375075212121009827e+01,-4.709117402235278860e-01
2.264902862813323736e+01,2.369175212504342198e+01,-4.709117401653201695e-01
2.277602863218635321e+01,2.363275212282314897e+01,-4.889117402199190110e-01
2.288502863608300686e+01,2.357875212095677853e+01,-5.059117401688126847e-01
2.305402863398194313e+01,2.349175211787223816e+01,-5.059117401397088543e-01
2.318702863343060017e+01,2.342275211866945028e+01,-5.059117400960531086e-01
2.329602863360196352e+01,2.336775211803615093e+01,-5.059117400523973629e-01
2.342302863392978907e+01,2.330475211935117841e+01,-4.889117400889517739e-01
2.353802863508462906e+01,2.325075211841613054e+01,-4.889117400889517739e-01
2.369102863594889641e+01,2.317875211685895920e+01,-4.709117401071125641e-01
2.380402863584458828e+01,2.312475211732089520e+01,-4.889117401180556044e-01
2.393602863699197769e+01,2.306175211444497108e+01,-4.889117400598479435e-01
2.404202863294631243e+01,2.301575211714953184e+01,-4.539117401000112295e-01
2.415502863097935915e+01,2.296775211393833160e+01,-4.359117401036201045e-01
2.432602862827479839e+01,2.290175211289897561e+01,-4.009117401728871655e-01
2.444002862740308046e+01,2.285975211439654231e+01,-3.839117401294060983e-01
2.455402862746268511e+01,2.281775211310014129e+01,-3.659117401766707189e-01
2.468702863063663244e+01,2.276875211345031857e+01,-3.839117402167176452e-01
2.482002863194793463e+01,2.271675211098045111e+01,-4.539117402746341567e-01
2.494702863506972790e+01,2.265675211092457175e+01,-5.239117402525153011e-01
2.505402863584458828e+01,2.259675210947170854e+01,-5.759117402049014345e-01
2.519502863846719265e+01,2.250975211011245847e+01,-5.929117401392431930e-01
2.529802863486111164e+01,2.244575210800394416e+01,-5.759117401175899431e-01
2.540202863141894341e+01,2.238375210622325540e+01,-5.759117401757976040e-01
2.556102863140404224e+01,2.229275210853666067e+01,-5.409117402596166357e-01
2.566902862861752510e+01,2.223275211034342647e+01,-5.239117402234114707e-01
2.579502862505614758e+01,2.216875210870057344e+01,-5.059117402415722609e-01
2.589402862451970577e+01,2.212075211061164737e+01,-4.359117402491392568e-01
2.602802862226963043e+01,2.206475211353972554e+01,-4.359117402927950025e-01
2.614002862572669983e+01,2.201875211065635085e+01,-4.359117402782430872e-01
2.627202862687408924e+01,2.196275210846215487e+01,-4.539117402455303263e-01
2.641902862489223480e+01,2.189875210635364056e+01,-4.709117402962874621e-01
2.654802862741053104e+01,2.183775210706517100e+01,-4.889117402781266719e-01
2.665702862851321697e+01,2.178275210829451680e+01,-5.059117402561241761e-01
2.678702862560749054e+01,2.171675211144611239e+01,-5.059117402997799218e-01
2.691602862626314163e+01,2.165275211213156581e+01,-5.059117402997799218e-01
2.704802862554788589e+01,2.158875211235135794e+01,-4.889117403508862481e-01
2.717802863195538521e+01,2.152675211383029819e+01,-4.709117403253912926e-01
2.753802863135933876e+01,2.137175211589783430e+01,-4.359117403801064938e-01
2.767202863097190857e+01,2.131675211666151881e+01,-4.359117403946584091e-01
2.780302863009274006e+01,2.126075211819261312e+01,-4.539117403182899579e-01
2.791202862933278084e+01,2.121475211903452873e+01,-4.359117402491392568e-01
2.796502862870693207e+01,2.118875212175771594e+01,-5.409117402450647205e-01
2.806102862581610680e+01,2.112775212433189154e+01,-6.459117403137497604e-01
2.817302862554788589e+01,2.104075212171301246e+01,-7.329117400950053707e-01
2.829502862133085728e+01,2.093475212343037128e+01,-7.679117399966344237e-01
2.834002861753106117e+01,2.089575212588533759e+01,-5.929117401246912777e-01
2.834102861583232880e+01,2.089575212495401502e+01,-1.049117401271359995e-01
2.834102861583232880e+01,2.089575212821364403e+01,3.662735671168775298e-01
2.834102861955761909e+01,2.089575213100761175e+01,8.732735671219415963e-01
2.834102861955761909e+01,2.089575213054195046e+01,1.291273567097960040e+00
2.834102861769497395e+01,2.090075213275849819e+01,1.710273567296098918e+00
2.830902862362563610e+01,2.096675213472917676e+01,2.129273567232303321e+00
2.828802861832082272e+01,2.099375213775783777e+01,2.443273567361757159e+00
2.820902861841022968e+01,2.104075213661417365e+01,2.653273567208088934e+00
2.809602861478924751e+01,2.108775213453918695e+01,2.740273567091207951e+00
2.792502861097455025e+01,2.114775213552638888e+01,2.810273567214608192e+00
2.780502861365675926e+01,2.118475213414058089e+01,2.810273567272815853e+00
2.764602860994637012e+01,2.122375213447958231e+01,2.950273566879332066e+00
2.754402860999107361e+01,2.123375213239341974e+01,3.089273566612973809e+00
2.752302861027419567e+01,2.123375213192775846e+01,-2.931911740568466485e+00
2.752302860841155052e+01,2.123375213146209717e+01,-2.442911740916315466e+00
2.752302861027419567e+01,2.123375213146209717e+01,-2.023911741038318723e+00
2.752302861027419567e+01,2.122175213228911161e+01,-1.552911741135176271e+00
2.755502861179411411e+01,2.113175213756039739e+01,-1.046911741170333698e+00
2.768502861075103283e+01,2.101575213903561234e+01,-5.059117411728948355e-01
2.780002861656248569e+01,2.097175213927403092e+01,-2.969117411921617378e-01
2.794002861715853214e+01,2.094275214057415724e+01,-1.919117411598563194e-01
2.808002861216664314e+01,2.092475214088335633e+01,-1.219117411528716499e-01
2.820002860948443413e+01,2.091875214176252484e+01,-8.691174116211186629e-02
2.834002861008048058e+01,2.091475213877856731e+01,-5.191174116225738544e-02
2.846002861298620701e+01,2.091475213598459959e+01,-3.491174116516049253e-02
2.866002860851585865e+01,2.091475213458761573e+01,2.735660144583818010e-04
2.876002860628068447e+01,2.091775213694199920e+01,1.727356601577412221e-02
2.890102860890328884e+01,2.092475213808938861e+01,3.527356600534418268e-02
2.904202860593795776e+01,2.093175214016810060e+01,3.527356599988706876e-02
2.918202860467135906e+01,2.093875214224681258e+01,1.727356599894847022e-02
2.932302860356867313e+01,2.094475214136764407e+01,2.735659989800964809e-04
2.944302860461175442e+01,2.094575214246287942e+01,-1.772643400045133613e-02
2.957502860762178898e+01,2.094575214432552457e+01,-3.491174132796004415e-02
2.967002861015498638e+01,2.094575214479118586e+01,-3.472643415170750814e-02
2.979002860747277737e+01,2.094575214339420199e+01,-5.191174132960437587e-02
2.997002860903739929e+01,2.094475214136764407e+01,-6.991174133327149320e-02
3.009002860635519028e+01,2.093975214194506407e+01,-8.691174134946777485e-02
3.023402860574424267e+01,2.093275214172899723e+01,-1.049117413458588999e-01
3.035902860760688782e+01,2.092675214260816574e+01,-1.049117413494968787e-01
3.051902860403060913e+01,2.091875214409083128e+01,-8.691174135856272187e-02
3.064502860233187675e+01,2.091275214496999979e+01,-8.691174136765766889e-02
3.081302859820425510e+01,2.090475214505568147e+01,-8.691174136220070068e-02
3.096002860181033611e+01,2.089775214530527592e+01,-8.691174136765766889e-02
3.110102860257029533e+01,2.089075214369222522e+01,-8.691174136765766889e-02
3.124302860163152218e+01,2.088375214254483581e+01,-1.049117413604108151e-01
3.139002859964966774e+01,2.087475214013829827e+01,-1.049117413676866617e-01
3.151602860167622566e+01,2.086675214208662510e+01,-1.049117413567728363e-01
3.163502860069274902e+01,2.085975214280188084e+01,-1.049117413458588999e-01
3.175502859801054001e+01,2.085475213965401053e+01,-6.991174134054745082e-02
3.190102860145270824e+01,2.084875213960185647e+01,-6.991174134054745082e-02
3.204102859832346439e+01,2.084175213985145092e+01,-8.691174132945889141e-02
3.220102860219776630e+01,2.083375214179977775e+01,-1.049117413240310270e-01
3.232202860154211521e+01,2.082575214188545942e+01,-1.219117413347703405e-01
3.248702860251069069e+01,2.081075214408338070e+01,-1.219117413456842769e-01
3.260702859796583652e+01,2.080175214167684317e+01,-1.049117413349449635e-01
3.272702859528362751e+01,2.079575214162468910e+01,-1.049117413349449635e-01
3.287202859483659267e+01,2.078875214280560613e+01,-8.691174133673484903e-02
3.299902859143912792e+01,2.078275213856250048e+01,-8.691174132582091261e-02
3.318802859261631966e+01,2.077375214034691453e+01,-8.691174131672596559e-02
3.339002859592437744e+01,2.076375213731080294e+01,-8.691174131308798678e-02
3.353302859514951706e+01,2.075575213832780719e+01,-1.049117413276690058e-01
3.365702859684824944e+01,2.074775213655084372e+01,-1.049117413349449635e-01
3.381002859212458134e+01,2.073875213414430618e+01,-8.691174132945889141e-02
3.390502859093248844e+01,2.073875213367864490e+01,-5.191174133506137878e-02
3.405102859251201153e+01,2.073875212995335460e+01,-3.472643416534978988e-02
3.417502860166132450e+01,2.073875212902203202e+01,-1.772643416506980429e-02
3.435602860152721405e+01,2.073875212948769331e+01,2.735658349424241464e-04
3.448102859780192375e+01,2.074175212858244777e+01,2.735658349273251133e-04
3.462102859467267990e+01,2.074375212565064430e+01,-1.772643416552462450e-02
3.476102859526872635e+01,2.074375212471932173e+01,-5.191174134415617314e-02
3.488102859631180763e+01,2.073875212715938687e+01,-1.049117413167550694e-01
3.502102859504520893e+01,2.072675212612375617e+01,-1.399117413166095503e-01
3.514102859236299992e+01,2.071475212648510933e+01,-1.569117412727791261e-01
3.528502858988940716e+01,2.069575213035568595e+01,-1.739117412471387070e-01
3.542502858676016331e+01,2.067775213113054633e+01,-1.569117412727791261e-01
3.556502858735620975e+01,2.066275212680920959e+01,-1.399117412765917834e-01
3.570502858981490135e+01,2.064875213149935007e+01,-1.219117412802006584e-01
3.586502858996391296e+01,2.063675213139504194e+01,-1.049117412694613449e-01
3.597402859292924404e+01,2.063275213260203600e+01,-5.191174126775877085e-02
3.609402859397232533e+01,2.063275213260203600e+01,-5.191174126593978144e-02
3.623402859456837177e+01,2.062975213630124927e+01,-8.691174127307021990e-02
3.637502859719097614e+01,2.061875213636085391e+01,-1.219117412692867219e-01
3.649702859111130238e+01,2.060675213253125548e+01,-1.399117412875057198e-01
3.663702858798205853e+01,2.059375213040038943e+01,-1.219117413093044888e-01
3.675702858529984951e+01,2.058475212939083576e+01,-1.049117413131170906e-01
3.691702858731150627e+01,2.057675212807953358e+01,-8.691174131672596559e-02
3.704002858512103558e+01,2.057075212569907308e+01,-6.991174131326292895e-02
3.716570536393916058e+01,2.056675212504342198e+01,-6.991174114385895200e-02
3.731270536035299301e+01,2.056275212718173862e+01,-6.991174114045861643e-02
3.748070542251691961e+01,2.055875212419778109e+01,-6.991174114595169464e-02
3.762770542502403259e+01,2.055675212526693940e+01,-6.991174115864842720e-02
3.777470543235540390e+01,2.055575212556868792e+01,-5.207354465034184227e-02
3.791670543141663074e+01,2.055375212337821722e+01,-7.007354466622928157e-02
3.800786739468507136e+01,2.055175211979076266e+01,-5.215452436439026174e-02
3.814986739493906498e+01,2.055175211746245623e+01,-7.015452437008207198e-02
3.829086739197373390e+01,2.054775211587548256e+01,-7.015452437735833491e-02
3.841486738808453083e+01,2.054175211582332850e+01,-8.715452438627815934e-02
3.858319174399630214e+01,2.053375211590901017e+01,-8.715452447812517545e-02
3.870419174432754517e+01,2.052775211958214641e+01,-8.715452448450378142e-02
3.884519174508750439e+01,2.052275211876258254e+01,-7.015452447740244679e-02
3.898519174009561539e+01,2.052275211736559868e+01,-5.215452446827839594e-02
3.916519173979759216e+01,2.052275211876258254e+01,-1.796921729010136914e-02
3.929019174352288246e+01,2.052275214405878145e+01,-1.796921728872000190e-02
3.943119174055755138e+01,2.052275217237334104e+01,-1.796921728599860588e-02
3.955119174160063267e+01,2.052275217231363058e+01,-3.496921727673907299e-02
3.969335439289426404e+01,2.052275217603892088e+01,-3.507319940221895194e-02
3.981735439412295818e+01,2.052275217697024345e+01,-5.207319941291643772e-02
3.996402897035815727e+01,2.052275218022987247e+01,-5.207319926957052619e-02
4.011102896742522717e+01,2.052275218116119504e+01,-5.207319927285409406e-02
4.028002896718680859e+01,2.052275218302384019e+01,-5.207319927649223246e-02
4.038570318828831063e+01,2.052275217929854989e+01,-5.207319913694011954e-02
4.052770318649709225e+01,2.052075217803940177e+01,-6.991023778083872708e-02
4.068870319053530693e+01,2.051375217828899622e+01,-8.691023778192175087e-02
4.082870318926870823e+01,2.050675217900425196e+01,-1.049102377837698441e-01
4.094870319031178951e+01,2.049558899017659286e+01,-1.398286607400461568e-01
4.110870319418609142e+01,2.047442578342096198e+01,-1.919102640073776789e-01
4.122870318777859211e+01,2.045242578024044633e+01,-2.270735694692179174e-01
4.136870318837463856e+01,2.042442577844485641e+01,-2.440735694326576777e-01
4.148870318569242954e+01,2.039742578100413084e+01,-2.789101716091834104e-01
4.162670318782329559e+01,2.035842578299343586e+01,-3.489101715313154273e-01
4.176070318743586540e+01,2.031042578350752592e+01,-4.190737076283218565e-01
4.187170318327844143e+01,2.026242578122764826e+01,-4.890737076784716364e-01
4.199870318174362183e+01,2.019842578005045652e+01,-5.240737077256198972e-01
4.212370318733155727e+01,2.013242578227072954e+01,-5.410737077763769776e-01
4.226470318995416164e+01,2.005142578249797225e+01,-5.760737077071097501e-01
4.238670319691300392e+01,1.997742578061297536e+01,-5.930737077724188566e-01
4.248770320042967796e+01,1.991242578206583858e+01,-6.280737076158402488e-01
4.260270320065319538e+01,1.982842577947303653e+01,-6.630737077066441998e-01
4.270253921641985073e+01,1.975342577975243330e+01,-6.631556992969768194e-01
4.281853921338915825e+01,1.968642578227445483e+01,-4.541556993499398232e-01
4.293453921750187874e+01,1.964542577741667628e+01,-2.971556994307320565e-01
4.305453921854496002e+01,1.962158991066012348e+01,-1.740736316373579784e-01
4.319453922472894192e+01,1.960858991323038936e+01,-1.050736316246913549e-01
4.331453922018408775e+01,1.960658991057425737e+01,-3.488832488801563159e-02
4.345453922078013420e+01,1.960758991027250886e+01,1.116751119951686768e-04
4.365453922003507614e+01,1.961858991021290421e+01,3.511167511260282481e-02
4.381853922270238400e+01,1.963258991017937660e+01,5.211167510969971772e-02
4.394237473543926598e+01,1.964409653758240282e+01,7.027615842545202607e-02
4.408637474104762077e+01,1.965809653559699655e+01,5.227615841977240052e-02
4.421221015807912380e+01,1.967009653337299824e+01,5.235845166057307570e-02
4.437921015359461308e+01,1.968609653227031231e+01,5.235845166134822648e-02
4.452221015095710754e+01,1.970009653409942985e+01,5.235845165771024767e-02
4.466221015527844429e+01,1.971109653310850263e+01,3.535845165970386006e-02
4.480221015214920044e+01,1.971926137980906191e+01,3.527602860164000265e-02
4.492221015132963657e+01,1.972826137673109770e+01,5.227602860213664826e-02
4.506221015006303787e+01,1.974126137699931860e+01,7.027602859307080507e-02
4.522188016693242218e+01,1.975826137466356158e+01,8.727602393469993669e-02
4.538088017515838146e+01,1.978026137501001358e+01,1.222760239470517263e-01
4.552188017591834068e+01,1.980226137395948172e+01,1.222760239579656627e-01
4.566688016802072525e+01,1.982826137635856867e+01,1.402760239689087030e-01
4.580688016675412655e+01,1.985026137810200453e+01,1.222760239761558898e-01
4.592688016034662724e+01,1.986826137593016028e+01,1.222760239725175779e-01
4.609188015945255756e+01,1.989226137474179268e+01,1.052760239726924507e-01
4.621488016098737717e+01,1.991026137629523873e+01,1.052760239799681585e-01
4.633588015474379063e+01,1.992909595586200311e+01,1.401932911211867805e-01
4.647488015517592430e+01,1.996009595459327102e+01,2.441932911242473414e-01
4.660988015308976173e+01,2.000609595654532313e+01,3.491932911128969863e-01
4.674088014848530293e+01,2.006109595717862248e+01,3.841932910581817850e-01
4.715288015082478523e+01,2.024209595751017332e+01,3.661932910836185329e-01
4.728588015399873257e+01,2.029709596140310168e+01,3.491932910692412406e-01
4.739988015405833721e+01,2.034009596053510904e+01,2.971932910295436159e-01
4.753588015027344227e+01,2.038309595687314868e+01,2.621932911570183933e-01
4.769388015940785408e+01,2.042909595556557178e+01,2.271932911753538065e-01
4.781388015672564507e+01,2.045909595768898726e+01,2.091932912298943847e-01
4.795388016290962696e+01,2.049209595751017332e+01,1.741932912627816854e-01
4.807388016581535339e+01,2.051609595725312829e+01,1.221932912594639320e-01
4.821388016641139984e+01,2.053609595494344831e+01,8.719329125779007317e-02
4.835388016514480114e+01,2.055209595710039139e+01,7.019329125614603981e-02
4.887388016469776630e+01,2.059409595653414726e+01,3.519329125720105367e-02
4.900088016502559185e+01,2.060209595598280430e+01,3.519329125538206426e-02
4.916688015870749950e+01,2.061309595592319965e+01,3.519329125629155897e-02
4.939588015899062157e+01,2.063009595358744264e+01,5.219329124884097837e-02
4.954288016073405743e+01,2.064209595043212175e+01,5.219329123974603135e-02
4.968988016061484814e+01,2.065409594820812345e+01,5.219329122883209493e-02
4.983688015863299370e+01,2.066609594738110900e+01,5.219329123247007374e-02
4.998388016223907471e+01,2.067809594701975584e+01,5.219329122883209493e-02
5.010988015867769718e+01,2.068909594602882862e+01,5.219329123247007374e-02
5.029888015612959862e+01,2.070509594539180398e+01,5.219329122883209493e-02
5.042488015070557594e+01,2.071609594346955419e+01,5.219329122883209493e-02
5.056888014823198318e+01,2.072709594666957855e+01,3.519329123173520202e-02
5.069388015195727348e+01,2.073509594565257430e+01,3.519329123264469672e-02
5.080988014116883278e+01,2.074309594742953777e+01,7.019329123431816697e-02
5.095288014411926270e+01,2.075709594786167145e+01,5.219329124520299956e-02
5.109288014471530914e+01,2.076809594919905066e+01,3.519329124628711725e-02
5.121288014948368073e+01,2.077309594862163067e+01,1.932912462905278517e-04
5.135288014635443687e+01,2.077509594801813364e+01,1.932912462585534286e-04
5.149288014695048332e+01,2.077909595007076859e+01,1.932912462478952875e-04
5.161588015407323837e+01,2.078409594949334860e+01,1.719329124625801342e-02
5.180488015711307526e+01,2.079309594957157969e+01,1.719329124625801342e-02
5.193088015913963318e+01,2.079909594776108861e+01,1.719329124716750812e-02
5.205688015744090080e+01,2.080509594548493624e+01,1.719329124625801342e-02
5.222488016262650490e+01,2.081309594679623842e+01,1.719329124534851871e-02
5.234888015687465668e+01,2.081909594545140862e+01,1.719329124443902401e-02
5.248888016119599342e+01,2.082609594427049160e+01,1.932912444431167387e-04
5.260888015478849411e+01,2.082809594506397843e+01,-1.780670875541545684e-02
5.274888015910983086e+01,2.082809594646096230e+01,-3.480670874614588683e-02
5.289088015630841255e+01,2.082809594459831715e+01,-5.199201592768076807e-02
5.299388016015291214e+01,2.082809594413265586e+01,-3.499201592785539106e-02
5.314288016408681870e+01,2.082809594552963972e+01,1.932912517510487760e-04
5.326588016748428345e+01,2.083209594571962953e+01,1.932912517617069170e-04
5.343388016149401665e+01,2.083909594686701894e+01,1.719329125080548692e-02
5.357788015902042389e+01,2.084609594987705350e+01,1.719329125080548692e-02
5.371788015961647034e+01,2.085309595149010420e+01,3.519329124446812784e-02
5.383788016065955162e+01,2.086309595266357064e+01,5.219329125247895718e-02
5.398188016191124916e+01,2.087709595263004303e+01,7.019329127251694445e-02
5.412188015878200531e+01,2.089209595136344433e+01,8.719329127779928967e-02
5.424388016015291214e+01,2.090909595182165504e+01,1.051932912560005207e-01
5.438888015225529671e+01,2.093009595060721040e+01,1.221932912558258977e-01
5.453288014978170395e+01,2.095109595032408834e+01,1.221932912594638904e-01
5.467488015070557594e+01,2.097209594957530499e+01,1.221932912485499401e-01
5.479588015004992485e+01,2.099009594880044460e+01,1.051932912523625419e-01
5.495588015392422676e+01,2.101109594991430640e+01,8.719329124141950160e-02
5.509588015079498291e+01,2.102609595144167542e+01,7.019329124341311399e-02
5.524288014695048332e+01,2.104009595373645425e+01,5.219329123974603135e-02
5.538688014820218086e+01,2.105409595323726535e+01,5.219329123792704195e-02
5.550788015127182007e+01,2.106609595566987991e+01,7.019329124341311399e-02
5.567488015815615654e+01,2.108209595736116171e+01,7.019329123795614578e-02
5.580088016018271446e+01,2.109409595560282469e+01,7.019329124341311399e-02
5.591088016331195831e+01,2.110409595351666212e+01,7.019329124159412459e-02
5.598288016021251678e+01,2.111109595233574510e+01,7.019329124887008220e-02
5.600188016518950462e+01,2.111209594877436757e+01,1.051932912560005207e-01
5.600588015466928482e+01,2.111209595110267401e+01,1.741932912591437344e-01
5.601488016173243523e+01,2.111209594970569015e+01,1.571932912884221878e-01
5.602988016605377197e+01,2.111209594970569015e+01,1.221932912849297143e-01
5.604188016057014465e+01,2.111209595017135143e+01,8.719329128871322609e-02
5.605588016286492348e+01,2.111209595017135143e+01,5.219329128522076644e-02
5.606988015398383141e+01,2.111209595017135143e+01,5.219329127976379129e-02
5.608788014948368073e+01,2.111209594970569015e+01,5.219329128522076644e-02
5.610888015106320381e+01,2.111209594830870628e+01,5.219329128340177704e-02
5.613588015735149384e+01,2.111309594847261906e+01,5.219329127248783368e-02
5.618288015946745872e+01,2.111509594880044460e+01,5.219329128340177704e-02
5.622988015785813332e+01,2.111809594929218292e+01,7.019329128161189146e-02
5.635388016700744629e+01,2.113009594846516848e+01,7.019329128161189146e-02
5.649988017231225967e+01,2.114409594424068928e+01,7.019329128888784908e-02
5.662588017433881760e+01,2.115709594357758760e+01,8.719329129235120490e-02
5.677088017016649246e+01,2.117109594773501158e+01,7.019329129616380669e-02
5.693088017031550407e+01,2.118709594756364822e+01,7.019329129434481729e-02
5.703788016736507416e+01,2.119709594547748566e+01,1.401932912522170227e-01
5.703988017514348030e+01,2.119709594780579209e+01,4.541932913271011785e-01
5.703988017886877060e+01,2.119709595106542110e+01,7.501932911982294172e-01
5.703988018631935120e+01,2.119709595479071140e+01,1.065193291258765385e+00
5.703988019376993179e+01,2.119709595898166299e+01,1.274193291348638013e+00
5.703988019749522209e+01,2.119709595851600170e+01,1.501193291391246021e+00
5.703988019376993179e+01,2.119709595758467913e+01,1.675193291564937681e+00
5.703988019004464149e+01,2.119709595805034041e+01,1.833193291793577373e+00
5.703988019376993179e+01,2.119709595851600170e+01,1.937193291960284114e+00
5.703688020631670952e+01,2.120309595903381705e+01,2.042193292058072984e+00
5.695288021117448807e+01,2.129609595937654376e+01,2.478193292103242129e+00
5.680488021671772003e+01,2.135609595710411668e+01,2.950193291821051389e+00
5.664488020911812782e+01,2.135209595831111073e+01,-3.018992015102412552e+00
5.654488021507859230e+01,2.133209595968946815e+01,-2.931992015452124178e+00
5.636788021400570869e+01,2.127809595828875899e+01,-2.844992015394382179e+00
5.625488020479679108e+01,2.123509596195071936e+01,-2.774992015620227903e+00
5.612388021498918533e+01,2.117909595835953951e+01,-2.739992015063762665e+00
5.601488021761178970e+01,2.113109595933929086e+01,-2.739992015121970326e+00
5.592988022044301033e+01,2.109209595993161201e+01,-2.757992015220224857e+00
5.589488022029399872e+01,2.107809595763683319e+01,-2.774992015154566616e+00
5.587588023021817207e+01,2.107209595665335655e+01,-2.844992015336174518e+00
5.585688022896647453e+01,2.106609595660120249e+01,-2.844992015394382179e+00
5.584388023242354393e+01,2.106209595827385783e+01,-2.844992015452589840e+00
5.583188022300601006e+01,2.105809595948085189e+01,-2.547992015432100743e+00
5.583188022673130035e+01,2.105809595994651318e+01,-2.215992015437223017e+00
5.581788022071123123e+01,2.103909595496952534e+01,-2.285992015560623258e+00
5.580588022246956825e+01,2.102409595251083374e+01,-2.477992015599738806e+00
5.579888021945953369e+01,2.101809595106169581e+01,-2.320992015767842531e+00
5.578188021853566170e+01,2.099609595118090510e+01,-2.268992015626281500e+00
5.573288021236658096e+01,2.094509594980627298e+01,-2.477992015657946467e+00
5.570888021215796471e+01,2.092709595058113337e+01,-2.285992015968076885e+00
5.569988021999597549e+01,2.091209595138207078e+01,-2.181992016092408448e+00
5.565488022565841675e+01,2.085609595011919737e+01,-2.390992015774827451e+00
5.555488023161888123e+01,2.077809595037251711e+01,-2.599992015515454113e+00
5.544788023829460144e+01,2.072009594831615686e+01,-2.739992015354800969e+00
5.531588024646043777e+01,2.066809594864025712e+01,-2.826992015354335308e+00
5.518088024482131004e+01,2.062109594652429223e+01,-2.861992015154100955e+00
5.504388024285435677e+01,2.057909594802185893e+01,-2.896992014721035957e+00
5.492588023468852043e+01,2.054509594943374395e+01,-2.914992014819290489e+00
5.478188023343682289e+01,2.050909594818949699e+01,-3.018992014985997230e+00
5.477988023310899734e+01,2.050909595005214214e+01,2.932193291839212179e+00
5.477988024055957794e+01,2.050909595377743244e+01,2.618193291884381324e+00
5.477988024055957794e+01,2.050909595750272274e+01,2.391193291696254164e+00
5.477988024055957794e+01,2.050909595657140017e+01,2.199193291657138616e+00
5.477988024428486824e+01,2.050909595703706145e+01,2.007193291268777102e+00
5.477988024428486824e+01,2.050909595843404531e+01,1.833193291327916086e+00
5.477988025173544884e+01,2.050909596076235175e+01,1.675193291215691715e+00
5.477988025173544884e+01,2.050909595657140017e+01,1.571193291194504127e+00
5.477988025546073914e+01,2.050909595796838403e+01,1.483193291322095320e+00
5.479588025808334351e+01,2.058309595659375191e+01,1.204193291312549263e+00
5.488188024982810020e+01,2.071409595897421241e+01,7.151932912820485599e-01
5.500188026204705238e+01,2.079009596072137356e+01,3.661932912873453461e-01
5.511988025531172752e+01,2.082609596010297537e+01,1.921932912882766964e-01
5.525988025218248367e+01,2.084909595921635628e+01,8.719329129962716252e-02
5.539988024532794952e+01,2.086409595934674144e+01,5.219329129977268861e-02
5.552188023552298546e+01,2.087509595789015293e+01,3.519329129812831525e-02
5.561488023772835732e+01,2.087909595575183630e+01,1.719329129991820082e-02
5.568288024142384529e+01,2.088009595265612006e+01,1.932912999080826921e-04
5.574088023975491524e+01,2.088209594925865531e+01,2.271932913208729865e-01
5.579188022762537003e+01,2.091209594998508692e+01,5.761932913010241464e-01
5.585088023543357849e+01,2.094909595232456923e+01,4.011932912544580176e-01
5.590688023716211319e+01,2.097009595250710845e+01,2.971932912332704291e-01
5.600588022544980049e+01,2.105709595233201981e+01,1.065193291200557724e+00
5.602788022905588150e+01,2.110509594948962331e+01,1.169193291309056804e+00
5.602888023108243942e+01,2.110809595137834549e+01,1.257193291268777102e+00
5.602888022363185883e+01,2.110809595137834549e+01,1.344193291180999950e+00
5.602888022363185883e+01,2.110809595091268420e+01,1.431193291180534288e+00
5.602888021245598793e+01,2.110809594765305519e+01,1.518193291209172457e+00
5.602888020873069763e+01,2.110809594811871648e+01,1.553193291270872578e+00
5.602888020128011703e+01,2.110809594346210361e+01,1.553193291270872578e+00
5.602888020128011703e+01,2.110809594299644232e+01,1.553193291358184069e+00
5.602888019755482674e+01,2.110809594439342618e+01,1.536193291423842311e+00
5.602888019010424614e+01,2.110809594346210361e+01,1.536193291394738480e+00
5.602888019382953644e+01,2.110809594439342618e+01,1.536193291482049972e+00
5.602888019382953644e+01,2.110809594439342618e+01,1.536193291452946141e+00
5.602888019382953644e+01,2.110809594439342618e+01,1.536193291569361463e+00
5.602888019382953644e+01,2.110809594299644232e+01,1.536193291423842311e+00
5.602888019010424614e+01,2.110809594299644232e+01,1.536193291598465294e+00
5.602888018637895584e+01,2.110809594299644232e+01,1.536193291540257633e+00
5.602888017892837524e+01,2.110809594253078103e+01,1.536193291482049972e+00
5.602888017892837524e+01,2.110809594206511974e+01,1.536193291569361463e+00
5.602888017892837524e+01,2.110809594346210361e+01,1.536193291365634650e+00
5.602888017892837524e+01,2.110809594392776489e+01,1.536193291482049972e+00
5.602888017520308495e+01,2.110809594159945846e+01,1.536193291452946141e+00
5.602888016775250435e+01,2.110809594392776489e+01,1.536193291423842311e+00
5.602888016402721405e+01,2.110809594253078103e+01,1.536193291511153802e+00
5.602888015657663345e+01,2.110809594253078103e+01,1.536193291452946141e+00
5.602888015657663345e+01,2.110809594066813588e+01,1.536193291394738480e+00
5.602888015657663345e+01,2.110809594020247459e+01,1.536193291423842311e+00
5.602888015657663345e+01,2.110809594020247459e+01,1.536193291511153802e+00
5.602888014912605286e+01,2.110809594020247459e+01,1.536193291569361463e+00
5.602888014912605286e+01,2.110809594020247459e+01,1.536193291511153802e+00
5.602888014912605286e+01,2.110809594020247459e+01,1.536193291511153802e+00
5.602888014912605286e+01,2.110809593880549073e+01,1.536193291569361463e+00
5.602888014912605286e+01,2.110809593973681331e+01,1.536193291569361463e+00
5.602888014912605286e+01,2.110809593833982944e+01,1.536193291482049972e+00
5.602888015285134315e+01,2.110809593694284558e+01,1.536193291511153802e+00
5.602888014540076256e+01,2.110809593368321657e+01,1.536193291569361463e+00
5.602888014912605286e+01,2.110809593228623271e+01,1.536193291336530820e+00
5.602888014912605286e+01,2.110809593182057142e+01,1.536193291365634650e+00
5.602888014912605286e+01,2.110809593275189400e+01,1.536193291511153802e+00
5.602888015285134315e+01,2.110809593135491014e+01,1.536193291452946141e+00
5.602888014540076256e+01,2.110809592902660370e+01,1.536193291336530820e+00
5.602888014540076256e+01,2.110809592809528112e+01,1.536193291307426989e+00
5.602888014912605286e+01,2.110809592902660370e+01,1.536193291249219328e+00
5.602888014912605286e+01,2.110809592762961984e+01,1.536193291249219328e+00
5.602888014912605286e+01,2.110809592902660370e+01,1.536193291278323159e+00
5.602888014912605286e+01,2.110809592949226499e+01,1.536193291336530820e+00
5.602888014912605286e+01,2.110809592809528112e+01,1.536193291249219328e+00
5.602888014912605286e+01,2.110809592856094241e+01,1.536193291161907837e+00
5.602888014912605286e+01,2.110809592623263597e+01,1.536193291307426989e+00
5.602888014912605286e+01,2.110809592576697469e+01,1.536193291307426989e+00
5.602888014912605286e+01,2.110809592157602310e+01,1.536193291132804006e+00
5.602888014912605286e+01,2.110809591878205538e+01,1.536193291307426989e+00
5.602888014912605286e+01,2.110809591459110379e+01,1.536193291220115498e+00
5.602888014912605286e+01,2.110809591086581349e+01,1.536193291161907837e+00
5.602888014540076256e+01,2.110809590946882963e+01,1.536193291278323159e+00
5.602888014912605286e+01,2.110809590946882963e+01,1.536193291249219328e+00
5.602888014540076256e+01,2.110809590946882963e+01,1.536193291365634650e+00
5.602888014912605286e+01,2.110809590946882963e+01,1.536193291482049972e+00
5.602888014540076256e+01,2.110809590993449092e+01,1.536193291656672955e+00
5.602888014540076256e+01,2.110809591040015221e+01,1.536193291860399768e+00
5.602888014540076256e+01,2.110809590667486191e+01,1.536193291947711259e+00
5.602888014167547226e+01,2.110809590620920062e+01,1.536193291773088276e+00
5.602888013795018196e+01,2.110809590434655547e+01,1.536193291685776785e+00
5.602888014167547226e+01,2.110809590760618448e+01,1.536193291511153802e+00
5.602888013795018196e+01,2.110809590388089418e+01,1.536193291394738480e+00
5.602888013795018196e+01,2.110809590248391032e+01,1.536193291365634650e+00
5.602888014167547226e+01,2.110809590248391032e+01,1.536193291598465294e+00
5.602888013049960136e+01,2.110809590248391032e+01,1.536193291656672955e+00
