3.807000000000000028e+01,-1.951999999999999957e+01,0.000000000000000000e+00
3.806999999471008778e+01,-1.951999999722465873e+01,0.000000000000000000e+00
3.807000000029802322e+01,-1.951999999489635229e+01,0.000000000000000000e+00
3.807000000029802322e+01,-1.951999999862164259e+01,0.000000000000000000e+00
3.807000000029802322e+01,-1.951999999908730388e+01,0.000000000000000000e+00
3.807000000029802322e+01,-1.952000000188127160e+01,0.000000000000000000e+00
3.807000000029802322e+01,-1.952000000467523932e+01,0.000000000000000000e+00
3.807000000029802322e+01,-1.952000000607222319e+01,0.000000000000000000e+00
3.807000000029802322e+01,-1.952000000933185220e+01,0.000000000000000000e+00
3.806999999843537807e+01,-1.952000000840052962e+01,0.000000000000000000e+00
3.806999999284744263e+01,-1.952000000700354576e+01,0.000000000000000000e+00
3.806999998912215233e+01,-1.952000000746920705e+01,0.000000000000000000e+00
3.806999999098479748e+01,-1.952000000886619091e+01,0.000000000000000000e+00
3.806999998912215233e+01,-1.952000000840052962e+01,0.000000000000000000e+00
3.806999999284744263e+01,-1.952000000746920705e+01,0.000000000000000000e+00
3.806999999098479748e+01,-1.952000000933185220e+01,0.000000000000000000e+00
3.806999998725950718e+01,-1.952000000840052962e+01,0.000000000000000000e+00
3.806999998912215233e+01,-1.952000000746920705e+01,0.000000000000000000e+00
3.806999999284744263e+01,-1.952000000840052962e+01,5.199999999786086846e-02
3.806999998912215233e+01,-1.952000000607222319e+01,7.000000000152824253e-02
3.806995256061392752e+01,-1.952000000886619091e+01,1.399762839008508175e-01
3.806995255500078201e+01,-1.952000001026317477e+01,1.739762838915339671e-01
3.806995255127549171e+01,-1.952000001212581992e+01,2.439762838839669712e-01
3.806995255127549171e+01,-1.952000000933185220e+01,2.619762838512543768e-01
3.807004897854716319e+01,-1.952000000886619091e+01,3.319762838334656130e-01
3.807004897855222225e+01,-1.952000000979751348e+01,3.489762838289607316e-01
3.807004898041486740e+01,-1.952000000979751348e+01,4.190249024426696556e-01
3.807004897855222225e+01,-1.952000001166015863e+01,4.190249024686636403e-01
3.807004898041486740e+01,-1.952000001352280378e+01,4.890249024174408432e-01
3.807004897855222225e+01,-1.952000001259148121e+01,5.410249024716904387e-01
3.806999961150644651e+01,-1.952000001072883606e+01,5.930495849947987619e-01
3.806999960727989674e+01,-1.952000000840052962e+01,6.280495850223815069e-01
3.806999961100518703e+01,-1.952000000607222319e+01,6.460495850478764623e-01
3.806994967475741731e+01,-1.952000001026317477e+01,6.980745532686810639e-01
3.806999979516703547e+01,-1.952000001259148121e+01,7.150996151092502418e-01
3.806999979726970196e+01,-1.952000000979751348e+01,7.500996152084553614e-01
3.806999979540705681e+01,-1.952000001119449735e+01,8.030996152083389461e-01
3.806999979540705681e+01,-1.952000001026317477e+01,8.380996152991428971e-01
3.806999979726970196e+01,-1.952000001352280378e+01,8.550996152334846556e-01
3.806994875150402891e+01,-1.952000001259148121e+01,8.901251372458027777e-01
3.806994875520467758e+01,-1.952000001119449735e+01,9.251251372334081680e-01
3.806994875147938728e+01,-1.952000001119449735e+01,9.251251373207196593e-01
3.806994874961674213e+01,-1.952000001072883606e+01,9.951251372694969177e-01
3.807094875350594521e+01,-1.951700000837445259e+01,1.030125137302093208e+00
3.808494875580072403e+01,-1.948200000775977969e+01,1.239125137333758175e+00
3.809194874763488770e+01,-1.945400000829249620e+01,1.344125137518858537e+00
3.809694875217974186e+01,-1.941800000937655568e+01,1.449125137500232086e+00
3.809900125502298351e+01,-1.937900000764057040e+01,1.518098888016627290e+00
3.809900125116109848e+01,-1.935900000529363751e+01,1.553098888136446476e+00
3.809900124743580818e+01,-1.933900000480934978e+01,1.571098888089181855e+00
3.809600125066936016e+01,-1.929900000477209687e+01,1.623098888376262039e+00
3.809400124475359917e+01,-1.927900000242516398e+01,1.641098888416308910e+00
3.808905462630622907e+01,-1.923900000099092722e+01,1.675072197351415104e+00
3.808305462822318077e+01,-1.919900000141933560e+01,1.693072197260335088e+00
3.807605462707579136e+01,-1.915900000231340528e+01,1.710072197311092168e+00
3.806805462576448917e+01,-1.911900000600144267e+01,1.745072197576519102e+00
3.806405462883412838e+01,-1.909900000551715493e+01,1.745126271831031417e+00
3.805405463092029095e+01,-1.905900000408291817e+01,1.780126271652989089e+00
3.804405463300645351e+01,-1.901900000358000398e+01,1.798126271634828299e+00
3.803910923157530277e+01,-1.899899999983608723e+01,1.798153570464353201e+00
3.802810922637581825e+01,-1.895905477284060936e+01,1.798126184346033885e+00
3.802310922183096409e+01,-1.893905477272346616e+01,1.815126184315886348e+00
3.801110922545194626e+01,-1.889905477082356811e+01,1.815126184141263366e+00
3.799910922348499298e+01,-1.886005476955324411e+01,1.815126184024848044e+00
3.798710921406745911e+01,-1.882005476858466864e+01,1.833126184123102576e+00
3.798110920749604702e+01,-1.880005476856604218e+01,1.833126184064894915e+00
3.796910921297967434e+01,-1.876105476636439562e+01,1.833126184297725558e+00
3.795710920915007591e+01,-1.872105476679280400e+01,1.833126184297725558e+00
3.795010920614004135e+01,-1.870105476491153240e+01,1.833182308059044807e+00
3.793810920976102352e+01,-1.866205476224422455e+01,1.833182308240793645e+00
3.793210921250283718e+01,-1.864305475819855928e+01,1.833182308415416628e+00
3.792010921239852905e+01,-1.860505475755780935e+01,1.833182308357208967e+00
3.790810921415686607e+01,-1.856605475628748536e+01,1.833182308415416628e+00
3.789010921493172646e+01,-1.850705475546419621e+01,1.815239252206884313e+00
3.788410920836031437e+01,-1.848705475311726332e+01,1.815239252347964793e+00
3.787210921011865139e+01,-1.844705475168302655e+01,1.815239252522587776e+00
3.786610920913517475e+01,-1.842805475275963545e+01,1.815239252289757133e+00
3.785410921089351177e+01,-1.838905475102365017e+01,1.815239252522587776e+00
3.784810920618474483e+01,-1.837005475489422679e+01,1.815239252522587776e+00
3.784210920706391335e+01,-1.835005475440993905e+01,1.815239252580795437e+00
3.783210920915007591e+01,-1.831005475530400872e+01,1.798239252530038357e+00
3.782110920920968056e+01,-1.827005475619807839e+01,1.798239252588246018e+00
3.781110921129584312e+01,-1.823005475709214807e+01,1.780239252548199147e+00
3.780110921524465084e+01,-1.819005475798621774e+01,1.780239252315368503e+00
3.779110921546816826e+01,-1.815005476074293256e+01,1.763239252322819084e+00
3.778210921213030815e+01,-1.811005476396530867e+01,1.763239252497442067e+00
3.777710921131074429e+01,-1.809005476674064994e+01,1.763239252672065049e+00
3.777310921251773834e+01,-1.807005476951599121e+01,1.763239252497442067e+00
3.776399047606556536e+01,-1.803005477041006088e+01,1.745239252190459389e+00
3.775593095809310284e+01,-1.799005476851016283e+01,1.745209491491995557e+00
3.774793095700442791e+01,-1.795005476614460349e+01,1.728209491760935634e+00
3.773993095569312572e+01,-1.791005476843565702e+01,1.728209491586312652e+00
3.772793095186352730e+01,-1.785005476837977767e+01,1.710209491429850459e+00
3.772093095257878304e+01,-1.781005477113649249e+01,1.710209491488058120e+00
3.771393095329403877e+01,-1.777005477063357830e+01,1.710209491429850459e+00
3.771093094721436501e+01,-1.774999430490930052e+01,1.693239724403333035e+00
3.770799156658635809e+01,-1.772999430866912007e+01,1.693270034329412033e+00
3.770199156552553177e+01,-1.768999430909752846e+01,1.693270034564193338e+00
3.769899156503379345e+01,-1.766999431373551488e+01,1.693270034680608660e+00
3.769293048455686801e+01,-1.762999431090429425e+01,1.675239496109582005e+00
3.768693048506975174e+01,-1.758999430993571877e+01,1.675239496224094182e+00
3.768093048408627510e+01,-1.754999431222677231e+01,1.675239496282301843e+00
3.767593048512935638e+01,-1.750999431265518069e+01,1.658239496173337102e+00
3.767386878612253298e+01,-1.748999431123957038e+01,1.658332056335366733e+00
3.766986878216266632e+01,-1.744999430980533361e+01,1.658332056191284209e+00
3.766786878369748592e+01,-1.742999431025236845e+01,1.658332056074868888e+00
3.766486878879368305e+01,-1.740799431176856160e+01,1.641332056024111807e+00
3.766386878490447998e+01,-1.739499431475996971e+01,1.623332056100480258e+00
3.766086878255009651e+01,-1.735499431565403938e+01,1.606332055875100195e+00
3.765786878205835819e+01,-1.729499431513249874e+01,1.606332055758684874e+00
3.765599428952830863e+01,-1.727499431464821100e+01,1.606332055748262766e+00
3.765399429015815258e+01,-1.723499431507661939e+01,1.606332055875100195e+00
3.765199429169297218e+01,-1.721499431785196066e+01,1.623332055751234293e+00
3.764880470361731568e+01,-1.717499431781470776e+01,1.623363653851176869e+00
3.764780470915138721e+01,-1.715499431826174259e+01,1.623363653896376491e+00
3.764380471035838127e+01,-1.711499431869015098e+01,1.623363653838168830e+00
3.764180471189320087e+01,-1.709499432146549225e+01,1.623363653721753508e+00
3.763867714387112073e+01,-1.705499432189390063e+01,1.623427419006460592e+00
3.763461321102788304e+01,-1.701499431952834129e+01,1.641459383454547005e+00
3.763061321154236794e+01,-1.697499432042241096e+01,1.641459383419714868e+00
3.762661321461200714e+01,-1.693499431805685163e+01,1.641459383594337851e+00
3.762280632557700244e+01,-1.689399431785568595e+01,1.641362848500411475e+00
3.762080632150173187e+01,-1.687299431813880801e+01,1.641362848517019302e+00
3.761880632489919662e+01,-1.685199431981891394e+01,1.641362848633434623e+00
3.761480632238090038e+01,-1.681099432054907084e+01,1.641492496538635271e+00
3.761180631816387177e+01,-1.678999432176351547e+01,1.658492496411781758e+00
3.760767611145056577e+01,-1.674799432279542089e+01,1.658557598242863307e+00
3.760167611390352249e+01,-1.668499432457610965e+01,1.658557598304469138e+00
3.759867611527442932e+01,-1.666499432083219290e+01,1.658557598188053817e+00
3.759467611648142338e+01,-1.662399431830272079e+01,1.658557598246261477e+00
3.759267611615359783e+01,-1.660399432154372334e+01,1.658557598129846156e+00
3.758861029595419723e+01,-1.656399432197213173e+01,1.641656334967672493e+00
3.758661029860377312e+01,-1.654299432085826993e+01,1.641656334802974015e+00
3.758161029964685440e+01,-1.650099432049319148e+01,1.641656334686558694e+00
3.757767653456367185e+01,-1.645999431842938066e+01,1.641689455299727429e+00
3.757574290163619679e+01,-1.643999431794509292e+01,1.641789041930744597e+00
3.757174289599061012e+01,-1.639999431744217873e+01,1.641789041925221682e+00
3.756980955467183492e+01,-1.637999431835487485e+01,1.641689069500827269e+00
3.756580955535173416e+01,-1.633799431659281254e+01,1.641689069336280227e+00
3.755980955809354782e+01,-1.627499431604519486e+01,1.641689069336280227e+00
3.755780955217778683e+01,-1.625399431632831693e+01,1.623689069121610373e+00
3.755380955524742603e+01,-1.621199431782588363e+01,1.623689069238025695e+00
3.755180955491960049e+01,-1.619099431578069925e+01,1.623689069238025695e+00
3.754780955240130424e+01,-1.614999431697651744e+01,1.623689069296233356e+00
3.754580954834818840e+01,-1.612899431865662336e+01,1.623689069412648678e+00
3.753980955295264721e+01,-1.606599431950598955e+01,1.623689069412648678e+00
3.753580955229699612e+01,-1.602399432053789496e+01,1.623689069296233356e+00
3.752980955131351948e+01,-1.596399432234466076e+01,1.641689069394487888e+00
3.752780955284833908e+01,-1.594299432449042797e+01,1.641757271694561426e+00
3.752580955624580383e+01,-1.592199432384222746e+01,1.641757272009272128e+00
3.752180955279312968e+01,-1.588099432503804564e+01,1.641688813855736617e+00
3.751980954781174660e+01,-1.586099432501941919e+01,1.641688814037479460e+00
3.751580954343080521e+01,-1.581899432325735688e+01,1.641688813921064138e+00
3.751401616582164422e+01,-1.579799432074651122e+01,1.641723262817181617e+00
3.751001616567373276e+01,-1.575599431991577148e+01,1.641723262844607234e+00
3.750808530719279332e+01,-1.573599432036280632e+01,1.641619559274349882e+00
3.750408530980348587e+01,-1.569399432092905045e+01,1.641619559202808887e+00
3.750008530355989933e+01,-1.565199432009831071e+01,1.641619559086393565e+00
3.750008530728518963e+01,-1.565199432009831071e+01,1.641619559086393565e+00
3.749415498873013064e+01,-1.558899431908503175e+01,1.641515044069072227e+00
3.749015498720109463e+01,-1.554699431918561459e+01,1.641515044146217406e+00
3.748615498468279839e+01,-1.550499432068318129e+01,1.641515044088009745e+00
3.748208489957409739e+01,-1.546299432171508670e+01,1.641550088052729173e+00
3.748008489698389667e+01,-1.544199432060122490e+01,1.641479871481089647e+00
3.747608489915728569e+01,-1.539999432116746902e+01,1.641479871526826173e+00
3.747408490255475044e+01,-1.537899431912228465e+01,1.641479871526826173e+00
3.747008490376174450e+01,-1.533699431875720620e+01,1.641479871526826173e+00
3.746408490650355816e+01,-1.527299432083964348e+01,1.641479871817864478e+00
3.746008490584790707e+01,-1.523099431861191988e+01,1.641479871934279799e+00
3.745808491110801697e+01,-1.520999431749805808e+01,1.641479871701449156e+00
3.745394261477869691e+01,-1.516799431992694736e+01,1.641479871410351565e+00
3.745194261521100998e+01,-1.514699431974440813e+01,1.641479871410410851e+00
3.744808545075010642e+01,-1.510499431891366839e+01,1.641479871816686087e+00
3.744394236880627602e+01,-1.506299431854858994e+01,1.641479871645112221e+00
3.744194236956536770e+01,-1.504199431836605072e+01,1.641479871468618512e+00
3.743794237077236176e+01,-1.499999431706964970e+01,1.641479871352203190e+00
3.743394237570464611e+01,-1.495799431623890996e+01,1.641479871585033834e+00
3.742994237691164017e+01,-1.491599431680515409e+01,1.641479871585033834e+00
3.742594237439334393e+01,-1.487399431923404336e+01,1.641479871759656817e+00
3.742379772277771366e+01,-1.485299431718885899e+01,1.641479871474233132e+00
3.741979772411286831e+01,-1.481099431589245796e+01,1.641479871701449156e+00
3.741787032275310310e+01,-1.478999431664124131e+01,1.641443571248809352e+00
3.741387032158672810e+01,-1.474899431737139821e+01,1.641443571250420064e+00
3.740987031720578671e+01,-1.470699431514367461e+01,1.641443571075797081e+00
3.740801626719893846e+01,-1.468599431402981281e+01,1.641443571501700616e+00
3.740401627123355865e+01,-1.464399431506171823e+01,1.641443571832496673e+00
3.740001626498997211e+01,-1.460199431423097849e+01,1.641370312010929311e+00
3.739601626433432102e+01,-1.455999431712552905e+01,1.641370312136132270e+00
3.739401626028120518e+01,-1.453999431384727359e+01,1.641370311903301626e+00
3.739008985955298670e+01,-1.449999431241303682e+01,1.641407113829540076e+00
3.738808988329612504e+01,-1.447999431472271681e+01,1.641407113755170677e+00
3.738408988527953625e+01,-1.443999431375414133e+01,1.641407113755121827e+00
3.738008988276124001e+01,-1.439999431557953358e+01,1.623407113715074956e+00
3.737816398506074478e+01,-1.437999431369826198e+01,1.623444167264301408e+00
3.737416399084031582e+01,-1.433999431459233165e+01,1.623444167023990303e+00
3.737116398476064205e+01,-1.429999431269243360e+01,1.623444167082197964e+00
3.736916398257017136e+01,-1.427999431220814586e+01,1.623444167023990303e+00
3.736716398410499096e+01,-1.423999431263655424e+01,1.606444167089648545e+00
3.736408924466798709e+01,-1.419999431073665619e+01,1.606481538420031940e+00
3.736308924667537212e+01,-1.417999431071802974e+01,1.606481538270600140e+00
3.736093925210940370e+01,-1.413899431005120277e+01,1.588481534475444157e+00
3.735993925295770168e+01,-1.411899430956691504e+01,1.588481534621678293e+00
3.735793925635516644e+01,-1.407899430952966213e+01,1.588481534563470632e+00
3.735693926364183426e+01,-1.405899430811405182e+01,1.588481534505262971e+00
3.735393926315009594e+01,-1.399899430619552732e+01,1.606481534778140485e+00
3.735293926112353802e+01,-1.397899430477991700e+01,1.606405899815967597e+00
3.735093925707042217e+01,-1.393899430800229311e+01,1.606405899685341865e+00
3.734993925318121910e+01,-1.391899430938065052e+01,1.606405899743549526e+00
3.734678727149787392e+01,-1.387799431150779128e+01,1.606405899300355600e+00
3.734271117071604351e+01,-1.381699431128799915e+01,1.623367840664754702e+00
3.733971117250621319e+01,-1.377699431031942368e+01,1.623291570814616502e+00
3.733863482700203207e+01,-1.375699430843815207e+01,1.623329742984072510e+00
3.733463483117520809e+01,-1.371699430840089917e+01,1.623329742811620235e+00
3.733063483610749245e+01,-1.367699430976063013e+01,1.641329742851667106e+00
3.732871157613669055e+01,-1.365699430974200368e+01,1.641368110282004134e+00
3.732271157763898373e+01,-1.359499431075528264e+01,1.641368110431358218e+00
3.732071157544851303e+01,-1.357399431103840470e+01,1.641368110431358218e+00
3.731871157139539719e+01,-1.355299431178718805e+01,1.641368110314942896e+00
3.731471157260239124e+01,-1.351099431281909347e+01,1.641368110431358218e+00
3.731271157227456570e+01,-1.349099431326612830e+01,1.641368110314942896e+00
3.730871156975626945e+01,-1.345099431183189154e+01,1.641368110373150557e+00
3.730486675694090337e+01,-1.341099431179463863e+01,1.641368110779257261e+00
3.730086675658822060e+01,-1.337099431129172444e+01,1.641368110547773540e+00
3.729678892429063808e+01,-1.333099431265145540e+01,1.641329196473723329e+00
3.729478892311453819e+01,-1.331099431449547410e+01,1.623329196590930223e+00
3.729078892804682255e+01,-1.327099431445822120e+01,1.623329196590930223e+00
3.728678892739117146e+01,-1.323099431581795216e+01,1.623329196823760867e+00
3.728578892536461353e+01,-1.321099431440234184e+01,1.623329196940176189e+00
3.728247524473046326e+01,-1.317099431389942765e+01,1.606329196375559043e+00
3.728047524020075798e+01,-1.315099431388080120e+01,1.606329196423757821e+00
3.727963255174120860e+01,-1.313199431216344237e+01,1.588329196930722498e+00
3.727863255515694618e+01,-1.310299431020393968e+01,1.571329196798615158e+00
3.727763255126774311e+01,-1.306299431016668677e+01,1.571329196682199836e+00
3.727763254940509796e+01,-1.304299430921673775e+01,1.553329196642152965e+00
3.727763255126774311e+01,-1.300199431134387851e+01,1.553329196845879778e+00
3.727763254754245281e+01,-1.294099431205540895e+01,1.553329196933191270e+00
3.727763255685567856e+01,-1.292099431343376637e+01,1.553329196787672117e+00
3.727663255482912064e+01,-1.288099431293085217e+01,1.571329196798615158e+00
3.727563255466520786e+01,-1.283999431226402521e+01,1.571329196565784514e+00
3.727463255263864994e+01,-1.279999431455507874e+01,1.588329196791164577e+00
3.727239303772103796e+01,-1.275999431591480970e+01,1.606369117039986083e+00
3.726939303986728191e+01,-1.271999431448057294e+01,1.623369116976391524e+00
3.726707275290274168e+01,-1.269999431492760777e+01,1.623369116183053240e+00
3.726307274587452412e+01,-1.265999431489035487e+01,1.641369116143323481e+00
3.725907274335622787e+01,-1.261999431625008583e+01,1.658369116310495883e+00
3.725607274658977985e+01,-1.259999431669712067e+01,1.675369116535875946e+00
3.725007274001836777e+01,-1.255999431619420648e+01,1.675369116419460624e+00
3.724691142624440943e+01,-1.253999431570991874e+01,1.675369116083430976e+00
3.724091142602264881e+01,-1.249999431381002069e+01,1.693369115993846208e+00
3.723491142690181732e+01,-1.245999431400559843e+01,1.693369116110261530e+00
3.722891142219305038e+01,-1.241999431559816003e+01,1.710369116044603288e+00
3.722507366631694481e+01,-1.239999431394971907e+01,1.710369116436920578e+00
3.721807366423308849e+01,-1.235999431321397424e+01,1.710369116452056915e+00
3.721007366664707661e+01,-1.231999431271106005e+01,1.728369116317480803e+00
3.720623660684976386e+01,-1.229999431385658681e+01,1.728369116882999545e+00
3.719823661446571350e+01,-1.225999431428499520e+01,1.728369116899557412e+00
3.719423661194741726e+01,-1.223999431403353810e+01,1.745369116659276187e+00
3.718623661063611507e+01,-1.219999431422911584e+01,1.745369116775691509e+00
3.717723660543560982e+01,-1.215999431395903230e+01,1.745369116542860866e+00
3.716923660226166248e+01,-1.211999431415461004e+01,1.763369116582907736e+00
3.716423659771680832e+01,-1.209999431390315294e+01,1.763369116641115397e+00
3.715423659607768059e+01,-1.205999431293457747e+01,1.763369116408284754e+00
3.714423660002648830e+01,-1.201999431289732456e+01,1.763369116466492414e+00
3.713923660479485989e+01,-1.199999431381002069e+01,1.780369116168003529e+00
3.710423661023378372e+01,-1.185999431321397424e+01,1.780369116284418851e+00
3.709323660470545292e+01,-1.181999431201256812e+01,1.780369116342626512e+00
3.708323660679161549e+01,-1.177899431297555566e+01,1.798369116499088705e+00
3.707723661139607430e+01,-1.175899431295692921e+01,1.798369116673711687e+00
3.706723660975694656e+01,-1.171899431105703115e+01,1.798369116557296365e+00
3.706223661266267300e+01,-1.169899431220255792e+01,1.798369116557296365e+00
3.705123661272227764e+01,-1.165899431239813566e+01,1.798369116731919348e+00
3.704623661749064922e+01,-1.163899431214667857e+01,1.798285685654457122e+00
3.703423662297427654e+01,-1.159899431257508695e+01,1.798285685479640961e+00
3.701123662106692791e+01,-1.151799431280232966e+01,1.815285685588605702e+00
3.700523662380874157e+01,-1.149899431318044662e+01,1.815285685530398041e+00
3.699423662573099136e+01,-1.145999431214295328e+01,1.815369561559349698e+00
3.698223662562668324e+01,-1.142099431226961315e+01,1.815369561489205807e+00
3.697006848481323971e+01,-1.138099431246519089e+01,1.833369561265101089e+00
3.696406848356127739e+01,-1.136099431430920959e+01,1.833369561238214374e+00
3.695206848159432411e+01,-1.132199431420303881e+01,1.833285253444983054e+00
3.694581520947913589e+01,-1.130199431371875107e+01,1.833411890789933274e+00
3.693281521648168564e+01,-1.126299431244842708e+01,1.850411890656687319e+00
3.691881521791219711e+01,-1.122499431297183037e+01,1.867411890474613756e+00
3.690481521934270859e+01,-1.118699431349523365e+01,1.902411890390794724e+00
3.689081521518528461e+01,-1.114899431494995952e+01,1.920411890489049256e+00
3.688381521776318550e+01,-1.112999431416392326e+01,1.920411890489049256e+00
3.686781521327793598e+01,-1.109199431375600398e+01,1.955411890579853207e+00
3.685981521010398865e+01,-1.107399431476369500e+01,1.972411890455987304e+00
3.684181521274149418e+01,-1.103716484607897819e+01,2.007411890401421317e+00
3.683281520940363407e+01,-1.101916484581306577e+01,2.024326480514435200e+00
3.681381521001458168e+01,-1.098316484410315752e+01,2.042326480499468744e+00
3.679381521418690681e+01,-1.094699354782631850e+01,2.059326480288235839e+00
3.678381521441042423e+01,-1.092999354586936533e+01,2.077326480299234390e+00
3.676281520910561085e+01,-1.089599354681558907e+01,2.094326480291783810e+00
3.674081520363688469e+01,-1.086199354706332088e+01,2.112326480273623019e+00
3.670681519992649555e+01,-1.081099354638718069e+01,2.147326480131596327e+00
3.669481520168483257e+01,-1.079399354616180062e+01,2.164326479891315103e+00
3.668281520158052444e+01,-1.077799354656599462e+01,2.164326479949522763e+00
3.667081519961357117e+01,-1.076199354534037411e+01,2.164326479833107442e+00
3.664672870129707150e+01,-1.072899354319088161e+01,2.164283231387216233e+00
3.662272869981825352e+01,-1.069699354330077767e+01,2.182283231290057302e+00
3.658572869934141636e+01,-1.064916691478620869e+01,2.199283231253176485e+00
3.657372869923710823e+01,-1.063316689325236730e+01,2.199196413706183684e+00
3.656072870269417763e+01,-1.061725382022524755e+01,2.199152950394256401e+00
3.650872870534658432e+01,-1.055325382133014500e+01,2.216152950713876635e+00
3.649572870694100857e+01,-1.053825381956994534e+01,2.234152950753923506e+00
3.646972871012985706e+01,-1.050825381930917501e+01,2.251152951212134212e+00
3.645672870986163616e+01,-1.049325381917878985e+01,2.251152951328549534e+00
3.643072870559990406e+01,-1.046325382031500340e+01,2.269240381469703305e+00
3.640372870489954948e+01,-1.043325382005423307e+01,2.286240381188690662e+00
3.638990409531693615e+01,-1.041825381992384791e+01,2.286240381845610070e+00
3.636290409974753857e+01,-1.038925382029265165e+01,2.286152617338923498e+00
3.632090409845113754e+01,-1.034625382046215236e+01,2.304152617289219052e+00
3.630690410174429417e+01,-1.033225382096134126e+01,2.304152617289219052e+00
3.629290410131216049e+01,-1.031725382083095610e+01,2.304152617172803730e+00
3.627890409529209137e+01,-1.030325382086448371e+01,2.321152616990730166e+00
3.625090408697724342e+01,-1.027525382000021636e+01,2.321152616990730166e+00
3.622290409356355667e+01,-1.024725381890311837e+01,2.321152617281768471e+00
3.620790409669280052e+01,-1.023325382079929113e+01,2.339152617088984698e+00
3.617990409955382347e+01,-1.020525382086634636e+01,2.339152616914361715e+00
3.616590410098433495e+01,-1.019116507325547616e+01,2.339196990041127577e+00
3.613690410368144512e+01,-1.016416507330723107e+01,2.356108126116225332e+00
3.607790409773588181e+01,-1.010916507383808494e+01,2.356108126230537891e+00
3.604790409468114376e+01,-1.008216507360339165e+01,2.374108126154169440e+00
3.601790409348905087e+01,-1.005498674224952182e+01,2.374018961967460761e+00
3.600272560353101881e+01,-1.004198674205690622e+01,2.374018961610884215e+00
3.598772560618817806e+01,-1.002898674109019339e+01,2.391018961672671139e+00
3.595772561244666576e+01,-1.000298674125224352e+01,2.391018961847294122e+00
3.594272561185061932e+01,-9.989986741682514548e+00,2.390929383696503319e+00
3.591272561252117157e+01,-9.963986740447580814e+00,2.390929383633192629e+00
3.586672561243176460e+01,-9.924986741738393903e+00,2.407929383392911404e+00
3.585172561556100845e+01,-9.911806876829215796e+00,2.407929383599920925e+00
3.582172561995685101e+01,-9.885806877398863435e+00,2.425929383723996580e+00
3.580572561919689178e+01,-9.872806876199319959e+00,2.425929383607581258e+00
3.577372562140226364e+01,-9.846806875197216868e+00,2.425929383549373597e+00
3.575772561877965927e+01,-9.833716563259280008e+00,2.425793902314077322e+00
3.572572561353445053e+01,-9.807897349935291942e+00,2.442793902176183973e+00
3.569372561387717724e+01,-9.782897350378334522e+00,2.442793901893310249e+00
3.567772561684250832e+01,-9.770169202489904947e+00,2.442839209891541685e+00
3.564572561718523502e+01,-9.746169201796874404e+00,2.460839209845289588e+00
3.561372561194002628e+01,-9.722169200191274285e+00,2.460839209787081927e+00
3.559772561676800251e+01,-9.710260121219278062e+00,2.460884669859257912e+00
3.553272561915218830e+01,-9.662260121898725629e+00,2.477884669613558799e+00
3.551672561652958393e+01,-9.651260121259838343e+00,2.477884669613558799e+00
3.550081686033294659e+01,-9.639260119991376996e+00,2.495930290772025550e+00
3.546681685559451580e+01,-9.615260119782760739e+00,2.495930291013792157e+00
3.543281685374677181e+01,-9.592260017568172259e+00,2.495930290839211807e+00
3.539981684833765030e+01,-9.568260016385465860e+00,2.512930290773510933e+00
3.536581684648990631e+01,-9.545260016107931733e+00,2.512930291122756898e+00
3.534881684184074402e+01,-9.534260017331689596e+00,2.512930290773510933e+00
3.531581684201955795e+01,-9.512260016053915024e+00,2.530930291046388447e+00
3.528181683830916882e+01,-9.490260015707463026e+00,2.530930291221011430e+00
3.526481683924794197e+01,-9.479167944694605552e+00,2.530884255895091250e+00
3.523081683367490768e+01,-9.457260104891121344e+00,2.547746017772853921e+00
3.519681683927774429e+01,-9.435260104713961482e+00,2.547838277522528561e+00
3.517881683632731438e+01,-9.425260104471817613e+00,2.565745903408336748e+00
3.514381684176623821e+01,-9.404260104522109032e+00,2.582745903695467860e+00
3.510781684890389442e+01,-9.384260103572160006e+00,2.599745903920847923e+00
3.507181684859097004e+01,-9.365260103018954396e+00,2.617745904251933098e+00
3.505381684936583042e+01,-9.356260102475062013e+00,2.634745903895236552e+00
3.501681685447692871e+01,-9.338260100921615958e+00,2.652745903818868101e+00
3.499881686083972454e+01,-9.330260100774466991e+00,2.669745903869625181e+00
3.496281686052680016e+01,-9.313260101713240147e+00,2.669745904335286468e+00
3.490581686422228813e+01,-9.288260103203356266e+00,2.687745904375333339e+00
3.486781686544418335e+01,-9.272166824165612553e+00,2.687699265599522214e+00
3.484881686605513096e+01,-9.264166825450956821e+00,2.687699265137780458e+00
3.481081686541438103e+01,-9.248166824690997601e+00,2.704699264722876251e+00
3.477381686680018902e+01,-9.233166823629289865e+00,2.704699264431837946e+00
3.473681687377393246e+01,-9.218166822567582130e+00,2.722699264530092478e+00
3.471781687624752522e+01,-9.209979254898588152e+00,2.722699264813219333e+00
3.468000463202120898e+01,-9.194979252759367228e+00,2.722699265133404101e+00
3.464200463704764843e+01,-9.179979252628982067e+00,2.722699265228584409e+00
3.462300463765859604e+01,-9.172979250783100724e+00,2.739699265453964472e+00
3.460400464199483395e+01,-9.166167574450639677e+00,2.739699265054905020e+00
3.456600464507937431e+01,-9.152167574502527714e+00,2.739699264813680202e+00
3.454700465127825737e+01,-9.145167575450614095e+00,2.757699264562688768e+00
3.450900465808808804e+01,-9.131073101997952080e+00,2.757652027887935287e+00
3.445300466194748878e+01,-9.112073101568967104e+00,2.791557453044079207e+00
3.443309933965728931e+01,-9.105883751000430237e+00,2.809604790482914005e+00
3.439309934154152870e+01,-9.093883750727400184e+00,2.826604790112469345e+00
3.437309933640062809e+01,-9.087883749976754189e+00,2.844604789745062590e+00
3.433309933356940746e+01,-9.076883751433342695e+00,2.861604789621196687e+00
3.429309933446347713e+01,-9.066883750492706895e+00,2.879604789952281862e+00
3.427309933304786682e+01,-9.062883752165362239e+00,2.896604789770208299e+00
3.423409932851791382e+01,-9.054883751319721341e+00,2.914604789926670492e+00
3.421409933269023895e+01,-9.050883751362562180e+00,2.914604789868462831e+00
3.415409933403134346e+01,-9.040883751586079597e+00,2.949604790192097425e+00
3.413409933820366859e+01,-9.037692619457272869e+00,2.966604790617192844e+00
3.409409933723509312e+01,-9.031692618504166603e+00,2.983604790759272873e+00
3.405409933440387249e+01,-9.027788368127765750e+00,3.001652664026289496e+00
3.403409933857619762e+01,-9.025788367493078113e+00,3.001652664097491652e+00
3.399409933760762215e+01,-9.021596453820640349e+00,3.018652664208598235e+00
3.397409933805465698e+01,-9.019596452591940761e+00,3.018652664090041071e+00
3.391409934125840664e+01,-9.014596451073884964e+00,3.036652664188295603e+00
3.385409934073686600e+01,-9.011596451047807932e+00,3.036652664188295603e+00
3.383409934304654598e+01,-9.010596451582387090e+00,3.036652664130087942e+00
3.381409933790564537e+01,-9.009596451884135604e+00,3.036652664246503264e+00
3.377409933321177959e+01,-9.007789497173165572e+00,3.053652664121598637e+00
3.373409933596849442e+01,-9.006982756010694757e+00,3.071652663812557194e+00
3.371409933082759380e+01,-9.006982754915952682e+00,3.088652664097025990e+00
3.367409932613372803e+01,-9.006982754217460752e+00,3.106652663904242218e+00
3.363409932889044285e+01,-9.006982753984630108e+00,3.123652663547545671e+00
3.361409932374954224e+01,-9.006982753984630108e+00,3.140749709036401605e+00
3.357409932278096676e+01,-9.008982753613963723e+00,-3.124435597797855735e+00
3.353409932181239128e+01,-9.010982739176926160e+00,-3.124435597448599111e+00
3.351409932412207127e+01,-9.011982740368694067e+00,-3.124435597623232752e+00
3.347409932687878609e+01,-9.013982739765197039e+00,-3.107435598154552281e+00
3.343409932591021061e+01,-9.015787735382611245e+00,-3.107435597922398429e+00
3.339409932494163513e+01,-9.017787734977900982e+00,-3.107435597805306315e+00
3.336709933169186115e+01,-9.019983109198218330e+00,-3.124533258509613720e+00
3.333709932863712311e+01,-9.020885336140473498e+00,-3.124582144302189501e+00
3.329709932953119278e+01,-9.022885337239131331e+00,-3.124582144140731543e+00
3.325709932856261730e+01,-9.024885335704311728e+00,-3.124582143966108561e+00
3.321709932573139668e+01,-9.026885335100814700e+00,-3.107582144089974463e+00
3.319709932990372181e+01,-9.027885334566235542e+00,-3.107582144031766802e+00
3.315709933079779148e+01,-9.029885335126891732e+00,-3.107582143682520837e+00
3.313709932751953602e+01,-9.031082041281992545e+00,-3.107680476123217961e+00
3.309609932824969292e+01,-9.033082040958106518e+00,-3.089680476172361523e+00
3.307509932667016983e+01,-9.035082040587440133e+00,-3.089680475532077253e+00
3.301509932242333889e+01,-9.041082039242610335e+00,-3.072680475830566138e+00
3.299509932100772858e+01,-9.043082038406282663e+00,-3.054680475732311606e+00
3.291509932279586792e+01,-9.055082038976252079e+00,-3.019680475932545960e+00
3.289509932510554790e+01,-9.058082040632143617e+00,-3.002680475765373558e+00
3.285509932599961758e+01,-9.066082041244953871e+00,-2.984680476016364992e+00
3.285509932599961758e+01,-9.066082042641937733e+00,-2.984680476190987974e+00
3.279509932547807693e+01,-9.078379687573320922e+00,-2.967630866287314095e+00
3.277509932219982147e+01,-9.082379686878994107e+00,-2.967630866274703294e+00
3.273509932309389114e+01,-9.090379685861989856e+00,-2.967630866391118616e+00
3.269509932585060596e+01,-9.099379686173051596e+00,-2.950630866398569196e+00
3.265509932860732079e+01,-9.109379685949534178e+00,-2.950630866456776857e+00
3.261409932933747768e+01,-9.119579037611778460e+00,-2.950630866408835207e+00
3.257409932836890221e+01,-9.129579036962240934e+00,-2.950630866223946214e+00
3.251309932954609394e+01,-9.144579036859795451e+00,-2.932730699390464046e+00
3.249309932626783848e+01,-9.149579036748036742e+00,-2.932730699074454606e+00
3.245309931971132755e+01,-9.159779150674580706e+00,-2.932730699491276294e+00
3.241309931688010693e+01,-9.169779152143746614e+00,-2.932730699132662266e+00
3.239309931546449661e+01,-9.174779152497649193e+00,-2.932730699307285249e+00
3.235109931603074074e+01,-9.184779153438284993e+00,-2.932730698958039284e+00
3.231009931303560734e+01,-9.194779152283445001e+00,-2.932730698899831623e+00
3.227009931392967701e+01,-9.204779151594266295e+00,-2.932730698550585657e+00
3.225009931437671185e+01,-9.209779153810814023e+00,-2.932730698841623962e+00
3.221009930968284607e+01,-9.219779153121635318e+00,-2.932730698434170336e+00
3.219009931571781635e+01,-9.224779153708368540e+00,-2.932831522176173600e+00
3.215009931847453117e+01,-9.234779152087867260e+00,-2.932831522193737328e+00
3.212909932062029839e+01,-9.240779151208698750e+00,-2.932831522135529667e+00
3.208809932135045528e+01,-9.250779150519520044e+00,-2.932831522542983294e+00
3.204809932038187981e+01,-9.260779151460155845e+00,-2.932831522717606276e+00
3.196709931828081608e+01,-9.281779151177033782e+00,-2.932831522601190954e+00
3.194609932042658329e+01,-9.287779150763526559e+00,-2.932730124739443056e+00
3.190509931743144989e+01,-9.298779152566567063e+00,-2.932730124564841390e+00
3.188509931415319443e+01,-9.303677582447065220e+00,-2.932679340673519430e+00
3.184409931674599648e+01,-9.314677582588046789e+00,-2.932679340301547199e+00
3.180409931391477585e+01,-9.324677580967545509e+00,-2.915679340716451406e+00
3.178509931825101376e+01,-9.329677581554278731e+00,-2.915679341182112694e+00
3.174509931914508343e+01,-9.339677580166608095e+00,-2.915679341589566320e+00
3.170509932003915310e+01,-9.350677580805495381e+00,-2.915679341764189303e+00
3.168509931862354279e+01,-9.355881741952631003e+00,-2.915679342138262964e+00
3.164509931579232216e+01,-9.366881741909310222e+00,-2.915679342113435268e+00
3.160509931109845638e+01,-9.377881742781028152e+00,-2.915679342055227607e+00
3.154409931413829327e+01,-9.396086474894364216e+00,-2.897576940711285243e+00
3.152409930713474751e+01,-9.401881554688088727e+00,-2.897576940745652863e+00
3.148430441885684061e+01,-9.413881554501131177e+00,-2.897576940453616690e+00
3.148430441878736019e+01,-9.413881554733961821e+00,-2.897576940187718719e+00
3.140530441887676716e+01,-9.437881554942578077e+00,-2.897576940129511058e+00
3.137830442190170288e+01,-9.445881553459912539e+00,-2.932474077570899951e+00
3.135030442290008068e+01,-9.452675708394236764e+00,-2.932474077539529933e+00
3.133140743369352066e+01,-9.457675709389150143e+00,-2.915422571837265053e+00
3.127140743285417557e+01,-9.474675707984715700e+00,-2.880422571615781635e+00
3.123140743374824524e+01,-9.487675708485767245e+00,-2.845422571641393006e+00
3.119320085138511445e+01,-9.501675709383562207e+00,-2.792422571844992429e+00
3.119320085085928440e+01,-9.501675709150731564e+00,-2.792422572034411132e+00
3.113620085269212723e+01,-9.523468731482127581e+00,-2.775422571903180646e+00
3.111730440795248498e+01,-9.531365177349320206e+00,-2.758319017742953960e+00
3.108130440674722195e+01,-9.549365176353603601e+00,-2.705319017695728689e+00
3.104530440643429756e+01,-9.568365174811333418e+00,-2.653319017437752336e+00
3.102730440720915794e+01,-9.578469019293242681e+00,-2.635267096718313162e+00
3.099330440536141396e+01,-9.600469019263982773e+00,-2.600370996544737690e+00
3.097630440816283226e+01,-9.611469018273055553e+00,-2.583267026517840570e+00
3.094330441020429134e+01,-9.635469018481671810e+00,-2.548267026839312166e+00
3.091130440682172775e+01,-9.660469018621370196e+00,-2.513267026748508215e+00
3.086430440843105316e+01,-9.699469018727540970e+00,-2.461267026956193149e+00
3.083430441096425056e+01,-9.725364653719498875e+00,-2.443319209782465418e+00
3.080430440977215767e+01,-9.752364651765674353e+00,-2.426423641551902932e+00
3.080430440977215767e+01,-9.752364652231335640e+00,-2.426528162744819639e+00
3.077430441416800022e+01,-9.779364651534706354e+00,-2.426528162846807390e+00
3.074430442042648792e+01,-9.807364653097465634e+00,-2.408528162923175842e+00
3.070030442066490650e+01,-9.849364652531221509e+00,-2.408528162573929876e+00
3.068530442006886005e+01,-9.863364653196185827e+00,-2.408528162864968181e+00
3.066401720094848216e+01,-9.871077449422225314e+00,-2.408528159446607919e+00
3.065001720190048218e+01,-9.885077450657263398e+00,-2.408528159430716187e+00
3.059201719798147678e+01,-9.941163405989581037e+00,-2.408475582021015526e+00
3.056601719371974468e+01,-9.967163407709449530e+00,-2.391370355822449945e+00
3.055301719158887863e+01,-9.981163407908752561e+00,-2.321370355901308358e+00
3.055101719126105309e+01,-9.983163407072424889e+00,-2.251264877190372271e+00
3.055101719126105309e+01,-9.984163406770676374e+00,-2.129264877294190228e+00
3.055101719312369823e+01,-9.984163406770676374e+00,-1.990264877327717841e+00
3.055101719498634338e+01,-9.984163407469168305e+00,-1.850264877255540341e+00
3.055101720057427883e+01,-9.984163406072184443e+00,-1.780264877423178405e+00
3.055101720429956913e+01,-9.983989537517038215e+00,-1.710264877246397974e+00
3.055101720243692398e+01,-9.990902469131745178e+00,-1.710423812172573221e+00
3.054801720380783081e+01,-1.001090246881358325e+01,-1.798423812433611602e+00
3.054501720331609249e+01,-1.002390246838331223e+01,-1.833423812408000231e+00
3.053592481850652263e+01,-1.005493231513209906e+01,-1.955370681195075067e+00
3.052092481777071953e+01,-1.008875718963368584e+01,-2.077476995866508691e+00
3.051192481443285942e+01,-1.010575719014741480e+01,-2.129476995847653598e+00
3.049092481471598148e+01,-1.013775719027034938e+01,-2.234476995887234807e+00
2.988292482122778893e+01,-1.044175718957558274e+01,-2.950476995669305325e+00
2.984201770603159787e+01,-1.045163948963530842e+01,-2.950476995374960776e+00
2.962201770953834057e+01,-1.050663949036970735e+01,-2.932476995221804827e+00
2.849601771123707294e+01,-1.082963949046097696e+01,-2.845476995047647506e+00
2.841601771116256714e+01,-1.085763948899693787e+01,-2.827476995065808296e+00
2.839601771160960197e+01,-1.086463948874734342e+01,-2.827476995298638940e+00
2.835701770707964897e+01,-1.087863948941230774e+01,-2.827476995124015957e+00
2.833801770396530628e+01,-1.088563949102535844e+01,-2.827476995124015957e+00
2.830001770146191120e+01,-1.089963949145749211e+01,-2.845476995280478150e+00
2.826101770065724850e+01,-1.091363949212245643e+01,-2.845476995280478150e+00
2.822101769968867302e+01,-1.092763949348591268e+01,-2.845476995513308793e+00
2.818101770244538784e+01,-1.094163949438370764e+01,-2.845476995222270489e+00
2.816101770848035812e+01,-1.094863949413411319e+01,-2.845476994931232184e+00
2.810101770423352718e+01,-1.096963949478231370e+01,-2.845476994873024523e+00
2.808101770095527172e+01,-1.097663949499838054e+01,-2.845476995164062828e+00
2.806101769767701626e+01,-1.098363949474878609e+01,-2.845476995222270489e+00
2.804101770184934139e+01,-1.099063949310220778e+01,-2.845476995164062828e+00
2.800101770088076591e+01,-1.100463949167169631e+01,-2.845476995164062828e+00
2.796101769991219044e+01,-1.101863949070684612e+01,-2.845476995338685811e+00
2.790101770125329494e+01,-1.103963949042372406e+01,-2.845476995222270489e+00
2.788101769983768463e+01,-1.104663949063979089e+01,-2.845476995047647506e+00
2.784101769886910915e+01,-1.106063948990777135e+01,-2.845476995222270489e+00
2.782101769559085369e+01,-1.106763949105516076e+01,-2.845476995222270489e+00
2.778101769462227821e+01,-1.108163949009031057e+01,-2.845476995338685811e+00
2.776201769523322582e+01,-1.108863948960788548e+01,-2.845476995746139437e+00
2.772301769629120827e+01,-1.110263949120417237e+01,-2.845476995746139437e+00
2.770401769876480103e+01,-1.110963949165306985e+01,-2.845476995920762420e+00
2.766601769998669624e+01,-1.112263949168846011e+01,-2.862476995738688856e+00
2.764001770131289959e+01,-1.113063949067145586e+01,-2.897476995887700468e+00
2.761001770012080669e+01,-1.113863949012011290e+01,-2.932476996094919741e+00
2.759101769886910915e+01,-1.114363948977552354e+01,-2.932476995978504419e+00
2.755201769992709160e+01,-1.115363948955200613e+01,-2.932476996036712080e+00
2.751201769895851612e+01,-1.116363949002698064e+01,-2.932476995803881437e+00
2.749201769940555096e+01,-1.116863948991522193e+01,-2.932476995862089097e+00
2.745301769860088825e+01,-1.117863948922604322e+01,-2.915476996335200965e+00
2.743301769532263279e+01,-1.118363948934711516e+01,-2.915476996451616287e+00
2.739301769621670246e+01,-1.119363949028775096e+01,-2.915476996393408626e+00
2.735301769711077213e+01,-1.120363948890008032e+01,-2.915476996568031609e+00
2.729301770217716694e+01,-1.122063948796130717e+01,-2.915476996626239270e+00
2.727301770076155663e+01,-1.122563948831520975e+01,-2.915476996859069914e+00
2.721401770226657391e+01,-1.124363948847167194e+01,-2.897476996819023043e+00
2.717501770332455635e+01,-1.125563948694616556e+01,-2.897476996527984738e+00
2.713501770421862602e+01,-1.126763948658481240e+01,-2.897476996644400060e+00
2.711501770094037056e+01,-1.127363948663696647e+01,-2.880476996768265963e+00
2.707501769997179508e+01,-1.128563948650844395e+01,-2.880476997292134911e+00
2.705501770041882992e+01,-1.129163948725908995e+01,-2.880476997233927250e+00
2.701501770131289959e+01,-1.130463948636315763e+01,-2.880476997175719589e+00
2.695601770281791687e+01,-1.132263948605395854e+01,-2.880476997001096606e+00
2.693701770156621933e+01,-1.132863948633894324e+01,-2.862476996902842075e+00
2.689801770262420177e+01,-1.134163948590867221e+01,-2.862476996902842075e+00
2.687801770493388176e+01,-1.134863948728889227e+01,-2.862476996902842075e+00
2.683801770396530628e+01,-1.136263948795385659e+01,-2.862476996670011431e+00
2.681801770441234112e+01,-1.136963948816992342e+01,-2.862476996553596109e+00
2.677901770547032356e+01,-1.138363948650658131e+01,-2.845476996561046690e+00
2.676001770421862602e+01,-1.139063948625698686e+01,-2.845476996735669672e+00
2.670101770199835300e+01,-1.141163948550820351e+01,-2.845476996735669672e+00
2.668101769499480724e+01,-1.141863948502577841e+01,-2.845476996561046690e+00
2.664101769775152206e+01,-1.143263948475942016e+01,-2.845476996793877333e+00
2.662101769633591175e+01,-1.143963948288001120e+01,-2.845476997084915638e+00
2.658101769164204597e+01,-1.145363948284648359e+01,-2.845476997143123299e+00
2.654101769253611565e+01,-1.146763948420993984e+01,-2.845476997143123299e+00
2.652101768925786018e+01,-1.147463948512449861e+01,-2.845476997143123299e+00
2.648101768642663956e+01,-1.148863948602229357e+01,-2.827476997277699411e+00
2.646101768687367439e+01,-1.149563948530703783e+01,-2.827476996870245785e+00
2.642101768776774406e+01,-1.150963948387652636e+01,-2.827476997277699411e+00
2.638101768866181374e+01,-1.152363948337733746e+01,-2.827476997219491750e+00
2.634301768615841866e+01,-1.153763948287814856e+01,-2.845476997201330960e+00
2.630301768891513348e+01,-1.155163948354311287e+01,-2.845476997375953943e+00
2.628301768936216831e+01,-1.155863948445767164e+01,-2.845476997259538621e+00
2.624301768653094769e+01,-1.157263948349282146e+01,-2.845476997434161603e+00
2.622301768697798252e+01,-1.157963948347605765e+01,-2.845476996968500316e+00
2.618301768600940704e+01,-1.159363948367536068e+01,-2.845476996735669672e+00
2.616401768103241920e+01,-1.160063948319293559e+01,-2.845476996910292655e+00
2.610601768083870411e+01,-1.162163948314264417e+01,-2.845476996677462012e+00
2.608701768144965172e+01,-1.162863948103040457e+01,-2.845476996793877333e+00
2.604901767894625664e+01,-1.164163947920314968e+01,-2.862476997019257396e+00
2.599001768045127392e+01,-1.166163947852328420e+01,-2.862476996844634414e+00
2.595001768134534359e+01,-1.167563947872258723e+01,-2.862476996844634414e+00
2.593001768738031387e+01,-1.168263947893865407e+01,-2.862476996728219092e+00
2.589001768827438354e+01,-1.169663947727531195e+01,-2.862476997135672718e+00
2.587001768499612808e+01,-1.170363947609439492e+01,-2.862476997252088040e+00
2.583001768030226231e+01,-1.171763947838917375e+01,-2.862476997543126345e+00
2.579001768492162228e+01,-1.173163947835564613e+01,-2.862476997659541667e+00
2.575001768395304680e+01,-1.174463947862386703e+01,-2.862476997659541667e+00
2.571001768112182617e+01,-1.175863947928883135e+01,-2.862476997775956988e+00
2.567001768015325069e+01,-1.177263947925530374e+01,-2.862476997543126345e+00
2.565001767873764038e+01,-1.177963947877287865e+01,-2.862476997310295701e+00
2.561001767776906490e+01,-1.179263947904109955e+01,-2.862476997426711023e+00
2.557001767680048943e+01,-1.180663948063738644e+01,-2.862476997252088040e+00
2.555001767352223396e+01,-1.181363948085345328e+01,-2.880476996942888945e+00
2.551001767441630363e+01,-1.182663948205299675e+01,-2.880476997001096606e+00
2.549001767858862877e+01,-1.183363948203623295e+01,-2.880476997233927250e+00
2.545101767778396606e+01,-1.184563948144204915e+01,-2.862476997077465057e+00
2.541201767325401306e+01,-1.185763948224484921e+01,-2.862476997019257396e+00
2.537201767414808273e+01,-1.187163948197849095e+01,-2.862476996961049736e+00
2.535201767459511757e+01,-1.187863948126323521e+01,-2.862476996495388448e+00
2.531201767362654209e+01,-1.189263948099687696e+01,-2.862476996437180787e+00
2.527201767452061176e+01,-1.190663948073051870e+01,-2.862476996378973126e+00
2.525201767496764660e+01,-1.191363948187790811e+01,-2.862476996495388448e+00
2.521201767958700657e+01,-1.192763948254287243e+01,-2.862476996378973126e+00
2.519201767258346081e+01,-1.193463948369026184e+01,-2.862476996495388448e+00
2.515201767161488533e+01,-1.194863948272541165e+01,-2.862476996553596109e+00
2.511201767530292273e+01,-1.196263948222622275e+01,-2.862476996146142483e+00
2.507201767433434725e+01,-1.197663948312401772e+01,-2.862476996262557805e+00
2.505201767664402723e+01,-1.198363948357291520e+01,-2.862476996262557805e+00
2.501201767567545176e+01,-1.199763948400504887e+01,-2.862476996495388448e+00
2.497201767656952143e+01,-1.201163948420435190e+01,-2.862476996495388448e+00
2.495201768167316914e+01,-1.201863948535174131e+01,-2.862476996553596109e+00
2.491201767791062593e+01,-1.203263948694802821e+01,-2.862476996378973126e+00
2.489201768022030592e+01,-1.203963948762975633e+01,-2.862476996204350144e+00
2.485201768204569817e+01,-1.205363948713056743e+01,-2.862476996378973126e+00
2.481201768480241299e+01,-1.206763948639854789e+01,-2.862476996262557805e+00
2.477201768103986979e+01,-1.208163948613218963e+01,-2.862476996320765465e+00
2.475201768334954977e+01,-1.208863948611542583e+01,-2.862476996611803770e+00
2.467201768513768911e+01,-1.211663948697969317e+01,-2.862476996378973126e+00
2.465201768465340137e+01,-1.212363948812708259e+01,-2.862476996437180787e+00
2.461101768352091312e+01,-1.213763948949053884e+01,-2.862476996378973126e+00
2.459101768489927053e+01,-1.214463949133642018e+01,-2.862476996204350144e+00
2.455101768299937248e+01,-1.215863949060440063e+01,-2.862476996320765465e+00
2.451101768109947443e+01,-1.217263949126936495e+01,-2.862476996320765465e+00
2.449101768340915442e+01,-1.217963949101977050e+01,-2.862476996320765465e+00
2.445101768523454666e+01,-1.219363949168473482e+01,-2.862476996378973126e+00
2.441101768612861633e+01,-1.220763949211686850e+01,-2.862476996495388448e+00
2.437101768422871828e+01,-1.222163949045352638e+01,-2.862476996437180787e+00
2.435101768653839827e+01,-1.222863949113525450e+01,-2.862476996204350144e+00
2.431101768929511309e+01,-1.224263949203304946e+01,-2.862476996320765465e+00
2.429101769160479307e+01,-1.224963949155062437e+01,-2.862476996378973126e+00
2.425101769156754017e+01,-1.226363949198275805e+01,-2.862476996437180787e+00
2.421101768873631954e+01,-1.227763949148356915e+01,-2.862476996204350144e+00
2.419101768918335438e+01,-1.228463949123397470e+01,-2.862476996437180787e+00
2.415101768914610147e+01,-1.229863949143327773e+01,-2.862476996437180787e+00
2.409101768676191568e+01,-1.231963949184864759e+01,-2.862476996204350144e+00
2.407101768348366022e+01,-1.232663949276320636e+01,-2.862476996262557805e+00
2.403101768251508474e+01,-1.234063949366100132e+01,-2.862476996204350144e+00
2.401101768296211958e+01,-1.234763949573971331e+01,-2.862476996437180787e+00
2.397101768385618925e+01,-1.236163949687033892e+01,-2.862476996262557805e+00
2.395101768802851439e+01,-1.236763949831947684e+01,-2.862476996320765465e+00
2.391101768892258406e+01,-1.238163949805311859e+01,-2.862476996204350144e+00
2.387101768422871828e+01,-1.239563949732109904e+01,-2.862476996553596109e+00
2.385101768746972084e+01,-1.240263949753716588e+01,-2.862476996611803770e+00
2.381101768929511309e+01,-1.241663949727080762e+01,-2.862476996087934822e+00
2.377101769112050533e+01,-1.243063949816860259e+01,-2.862476995622273535e+00
2.373101768922060728e+01,-1.244463949953205884e+01,-2.862476995622273535e+00
2.371101768687367439e+01,-1.245163949928246439e+01,-2.862476995389442891e+00
2.367101768869906664e+01,-1.246563949994742870e+01,-2.862476995331235230e+00
2.365101769194006920e+01,-1.247263949969783425e+01,-2.862476995564065874e+00
2.361101769376546144e+01,-1.248663949989713728e+01,-2.862476995156612247e+00
2.357101769372820854e+01,-1.250063949893228710e+01,-2.862476995214819908e+00
2.355101769138127565e+01,-1.250763950101099908e+01,-2.862476994807366282e+00
2.349101769085973501e+01,-1.252863950142636895e+01,-2.862476994749158621e+00
2.347101769410073757e+01,-1.253563949931412935e+01,-2.862476994225289673e+00
2.343101769313216209e+01,-1.254963949928060174e+01,-2.862476993992459029e+00
2.341101769357919693e+01,-1.255663949879817665e+01,-2.862476994108874351e+00
2.337101769354194403e+01,-1.257063949923031032e+01,-2.862476994108874351e+00
2.335101769398897886e+01,-1.257763949804939330e+01,-2.862476994225289673e+00
2.331101769208908081e+01,-1.259163949778303504e+01,-2.862476993759628385e+00
2.329101769253611565e+01,-1.259863949846476316e+01,-2.862476993701420724e+00
2.325101768970489502e+01,-1.261263949749991298e+01,-2.862476993817836046e+00
2.323101769201457500e+01,-1.261963950004428625e+01,-2.862476993352174759e+00
2.313101769518107176e+01,-1.265463950019329786e+01,-2.862476993235759437e+00
2.313101769331842661e+01,-1.265463949879631400e+01,-2.862476992711890489e+00
2.309101769607514143e+01,-1.266863949736580253e+01,-2.862476992420852184e+00
2.305101769324392080e+01,-1.268263949826359749e+01,-2.862476992653682828e+00
2.301101769134402275e+01,-1.269663949729874730e+01,-2.862476992362644523e+00
2.299101768992841244e+01,-1.270363949798047543e+01,-2.862476992246229202e+00
2.295101769175380468e+01,-1.271763949934393167e+01,-2.862476991896983236e+00
2.291101769171655178e+01,-1.273163950070738792e+01,-2.862476991780567914e+00
2.289101769216358662e+01,-1.273863950045779347e+01,-2.862476991722360253e+00
2.285101769212633371e+01,-1.275263950135558844e+01,-2.862476991896983236e+00
2.283101769350469112e+01,-1.275963950203731656e+01,-2.862476991605944932e+00
2.279101769719272852e+01,-1.277363950200378895e+01,-2.862476991664152592e+00
2.275101769715547562e+01,-1.278763950290158391e+01,-2.862476991955190897e+00
2.273101769480854273e+01,-1.279463950358331203e+01,-2.862476991780567914e+00
2.269101769849658012e+01,-1.280863950261846185e+01,-2.862476991722360253e+00
2.267101769894361496e+01,-1.281563950330018997e+01,-2.862476991489529610e+00
2.263101769518107176e+01,-1.282963950233533978e+01,-2.862476991198491305e+00
2.259101769700646400e+01,-1.284363950043916702e+01,-2.862476991140283644e+00
2.255101769976317883e+01,-1.285763950040563941e+01,-2.862476991140283644e+00
2.251101770251989365e+01,-1.287163950130343437e+01,-2.862476991373114288e+00
2.249101770110428333e+01,-1.287863950338214636e+01,-2.862476991314906627e+00
2.245101770479232073e+01,-1.289263950474560261e+01,-2.862476991373114288e+00
2.241101770754903555e+01,-1.290663950238376856e+01,-2.862476991431321949e+00
2.239101770892739296e+01,-1.291363950446248055e+01,-2.862476991256698966e+00
2.235101771168410778e+01,-1.292763950349763036e+01,-2.862476991431321949e+00
2.231101771350950003e+01,-1.294163950299844146e+01,-2.862476991082075983e+00
2.229101771581918001e+01,-1.294863950228318572e+01,-2.862476991140283644e+00
2.225101771391928196e+01,-1.296263950271531940e+01,-2.862476991314906627e+00
2.221101771481335163e+01,-1.297663950407877564e+01,-2.862476990965660661e+00
2.219101771712303162e+01,-1.298363950522616506e+01,-2.862476990907453001e+00
2.215101771708577871e+01,-1.299763950565829873e+01,-2.862476990674622357e+00
2.209101771842688322e+01,-1.301763950614258647e+01,-2.862476990965660661e+00
2.207101771701127291e+01,-1.302463950542733073e+01,-2.862476990616414696e+00
2.203101771883666515e+01,-1.303863950585946441e+01,-2.862476990791037679e+00
2.201101771928369999e+01,-1.304563950421288610e+01,-2.862476990849245340e+00
2.197101772110909224e+01,-1.305963950511068106e+01,-2.862476990791037679e+00
2.195101772341877222e+01,-1.306663950625807047e+01,-2.862476990616414696e+00
2.185101772379130125e+01,-1.310163950454443693e+01,-2.862476990732830018e+00
2.181101772468537092e+01,-1.311563950218260288e+01,-2.862476990907453001e+00
2.177101772464811802e+01,-1.312963950214907527e+01,-2.862476990616414696e+00
2.173301772400736809e+01,-1.314363950211554766e+01,-2.862476990674622357e+00
2.169401772134006023e+01,-1.315663950238376856e+01,-2.845476990682072937e+00
2.167401771806180477e+01,-1.316363950166851282e+01,-2.845476990682072937e+00
2.163401771616190672e+01,-1.317763950116932392e+01,-2.845476990449242294e+00
2.159501771721988916e+01,-1.319163950113579631e+01,-2.845476990216411650e+00
2.156801771745085716e+01,-1.320063950214534998e+01,-2.880476990074384958e+00
2.155501771811395884e+01,-1.320463950047269464e+01,-2.897476990008726716e+00
2.151801771949976683e+01,-1.321563949994742870e+01,-2.897476990066934377e+00
2.149801771994680166e+01,-1.322163950139656663e+01,-2.897476990241557360e+00
2.145901771727949381e+01,-1.323363950243219733e+01,-2.897476990183349699e+00
2.142001771647483110e+01,-1.324563950393348932e+01,-2.897476990008726716e+00
2.138001771550625563e+01,-1.325763950264081359e+01,-2.897476990416180342e+00
2.136001771874725819e+01,-1.326363950269296765e+01,-2.880476990598253906e+00
2.132101771980524063e+01,-1.327563950279727578e+01,-2.880476990656461567e+00
2.126101772021502256e+01,-1.329363950295373797e+01,-2.880476990190800279e+00
2.124101771973073483e+01,-1.329963950160890818e+01,-2.880476990132592618e+00
2.122201771941035986e+01,-1.330563950119540095e+01,-2.880476990016177297e+00
2.118201771751046181e+01,-1.331863950053229928e+01,-2.862476989917922765e+00
2.116301771346479654e+01,-1.332463950244709849e+01,-2.862476989976130426e+00
2.110401771310716867e+01,-1.334363949997350574e+01,-2.862476989743299782e+00
2.108501771744340658e+01,-1.335063950112089515e+01,-2.862476989626884460e+00
2.106601771619170904e+01,-1.335663950117304921e+01,-2.862476989161223173e+00
2.102801771741360426e+01,-1.337063950067386031e+01,-2.845476989459712058e+00
2.098901771847158670e+01,-1.338463950110599399e+01,-2.845476989343296736e+00
2.094901771750301123e+01,-1.339863949920982122e+01,-2.845476989401504397e+00
2.090901771653443575e+01,-1.341263949964195490e+01,-2.845476989226881415e+00
2.086901771742850542e+01,-1.342663950053974986e+01,-2.827476989245042205e+00
2.082901771739125252e+01,-1.344063949864357710e+01,-2.827476989070419222e+00
2.078901772014796734e+01,-1.345463949954137206e+01,-2.827476989245042205e+00
2.074901772290468216e+01,-1.346863949717953801e+01,-2.827476989070419222e+00
2.072901772428303957e+01,-1.347563949692994356e+01,-2.827476989070419222e+00
2.068901772145181894e+01,-1.348963949689641595e+01,-2.827476989186834544e+00
2.064901772048324347e+01,-1.350363949639722705e+01,-2.827476988837588578e+00
2.060901772417128086e+01,-1.351763949915766716e+01,-2.827476988895796239e+00
2.058901772275567055e+01,-1.352463949937373400e+01,-2.827476988430134952e+00
2.056901772506535053e+01,-1.353163949958980083e+01,-2.827476988255511969e+00
2.050901772454380989e+01,-1.355263950163498521e+01,-2.827476988313719630e+00
2.048901772312819958e+01,-1.355963950324803591e+01,-2.827476988255511969e+00
2.046901772357523441e+01,-1.356663950392976403e+01,-2.827476988197304308e+00
2.042901771981269121e+01,-1.358063950482755899e+01,-2.827476988139096648e+00
2.040901771839708090e+01,-1.358763950364664197e+01,-2.827476988197304308e+00
2.036901772301644087e+01,-1.360163950361311436e+01,-2.827476987906266004e+00
2.030901772156357765e+01,-1.362263950565829873e+01,-2.827476987557020038e+00
2.028901772014796734e+01,-1.362963950447738171e+01,-2.827476987673435360e+00
2.026901771686971188e+01,-1.363663950609043241e+01,-2.827476987673435360e+00
2.022901771590113640e+01,-1.365063950512558222e+01,-2.827476988022681326e+00
2.018901771865785122e+01,-1.366463950555771589e+01,-2.827476988313719630e+00
2.016901771910488605e+01,-1.367163950391113758e+01,-2.827476988255511969e+00
2.012901771906763315e+01,-1.368563950434327126e+01,-2.827476988022681326e+00
2.010901771858334541e+01,-1.369263950269669294e+01,-2.827476988255511969e+00
2.006901771668344736e+01,-1.370663950406014919e+01,-2.827476987848058343e+00
2.000901771523058414e+01,-1.372763950563967228e+01,-2.827476987382397056e+00
1.998901771381497383e+01,-1.373463950585573912e+01,-2.827476987324189395e+00
1.994901771470904350e+01,-1.374863950535655022e+01,-2.827476987324189395e+00
1.990901771653443575e+01,-1.376263950625434518e+01,-2.827476987324189395e+00
1.988901771791279316e+01,-1.376963950693607330e+01,-2.827476987324189395e+00
1.986901771835982800e+01,-1.377663950761780143e+01,-2.827476987207774073e+00
1.984901771694421768e+01,-1.378363950876519084e+01,-2.827476987265981734e+00
1.980901771876960993e+01,-1.379763951059430838e+01,-2.827476987149566412e+00
1.977101771906018257e+01,-1.381163951009511948e+01,-2.827476986974943429e+00
1.971401771903038025e+01,-1.383263951074331999e+01,-2.827476986974943429e+00
1.969501771777868271e+01,-1.383963951189070940e+01,-2.827476986800320446e+00
1.965701771620661020e+01,-1.385363951092585921e+01,-2.845476987073197961e+00
1.963801771681755781e+01,-1.386063950927928090e+01,-2.845476986723951995e+00
1.959801771584898233e+01,-1.387463951017707586e+01,-2.845476986316498369e+00
1.957801771443337202e+01,-1.388163951225578785e+01,-2.845476986723951995e+00
1.953801771625876427e+01,-1.389563951361924410e+01,-2.845476986200083047e+00
1.949801771622151136e+01,-1.390963951218873262e+01,-2.845476986141875386e+00
1.931801771838217974e+01,-1.397263951180502772e+01,-2.845476986141875386e+00
1.929801771976053715e+01,-1.397963951202109456e+01,-2.845476986141875386e+00
1.927801771927624941e+01,-1.398663951223716140e+01,-2.845476986083667725e+00
1.923801771644502878e+01,-1.400063951127231121e+01,-2.845476986025460064e+00
1.921801771596074104e+01,-1.400763951102271676e+01,-2.845476985676214099e+00
1.911801771540194750e+01,-1.404263951070606709e+01,-2.845476985676214099e+00
1.907801771536469460e+01,-1.405663950880989432e+01,-2.845476985443383455e+00
1.905801771394908428e+01,-1.406363950856029987e+01,-2.845476985676214099e+00
1.903801771346479654e+01,-1.407063950924202800e+01,-2.845476985559798777e+00
1.899801771342754364e+01,-1.408463951060548425e+01,-2.845476985501591116e+00
1.895801771339029074e+01,-1.409863951196894050e+01,-2.845476985792629421e+00
1.893801771569997072e+01,-1.410563951358199120e+01,-2.845476985676214099e+00
1.889801771473139524e+01,-1.411963951168581843e+01,-2.845476985385175794e+00
1.885801771469414234e+01,-1.413363951072096825e+01,-2.845476985792629421e+00
1.883801771327853203e+01,-1.414063951186835766e+01,-2.845476985501591116e+00
1.879801771417260170e+01,-1.415463951090350747e+01,-2.845476985268760473e+00
1.875801771227270365e+01,-1.416863951226696372e+01,-2.845476985326968133e+00
1.871801771130412817e+01,-1.418263951130211353e+01,-2.845476984861306846e+00
1.867801771033555269e+01,-1.419663951173424721e+01,-2.845476984337437898e+00
1.867801770940423012e+01,-1.419663951033726335e+01,-2.845476984046399593e+00
1.863801770936697721e+01,-1.421063950983807445e+01,-2.845476984337437898e+00
1.861801770702004433e+01,-1.421763950679451227e+01,-2.845476983988191932e+00
1.858001770731061697e+01,-1.423163950722664595e+01,-2.845476983929984272e+00
1.852101770788431168e+01,-1.425263950508087873e+01,-2.845476983464322984e+00
1.850201770942658186e+01,-1.425963950715959072e+01,-2.845476983115077019e+00
1.846301770955324173e+01,-1.427363950619474053e+01,-2.827476983366068453e+00
1.842401771154254675e+01,-1.428763950476422906e+01,-2.827476983657106757e+00
1.840401771198958158e+01,-1.429463950311765075e+01,-2.827476983482483774e+00
1.836401771008968353e+01,-1.430863950401544571e+01,-2.827476983424276114e+00
1.832401771191507578e+01,-1.432263950584456325e+01,-2.827476983424276114e+00
1.830401771143078804e+01,-1.432963950466364622e+01,-2.827476983598899096e+00
1.826401771418750286e+01,-1.434363950463011861e+01,-2.827476983482483774e+00
1.824401771463453770e+01,-1.435063950577750802e+01,-2.827476983948145062e+00
1.820401771552860737e+01,-1.436463950667530298e+01,-2.827476983831729740e+00
1.816401771828532219e+01,-1.437963950587436557e+01,-2.827476984064560384e+00
1.812401772011071444e+01,-1.439363950397819281e+01,-2.827476984122768044e+00
1.808401772100478411e+01,-1.440763950208202004e+01,-2.827476984122768044e+00
1.806401772331446409e+01,-1.441463950183242559e+01,-2.827476984006352723e+00
1.802401772513985634e+01,-1.442863950226455927e+01,-2.827476984006352723e+00
1.800401772744953632e+01,-1.443563950201496482e+01,-2.810476983839180321e+00
1.796401772927492857e+01,-1.445063950121402740e+01,-2.810476984246633947e+00
1.792501772940158844e+01,-1.446463949838653207e+01,-2.827476984472014010e+00
1.788701772782951593e+01,-1.447863949835300446e+01,-2.827476984530221671e+00
1.787301772926002741e+01,-1.448363949870690703e+01,-2.845476984453853220e+00
1.785001773014664650e+01,-1.449163950048387051e+01,-2.897476984420791268e+00
1.783301773015409708e+01,-1.449663950037211180e+01,-2.897476984653621912e+00
1.779301773011684418e+01,-1.450763949984684587e+01,-2.915476984286215156e+00
1.777401772700250149e+01,-1.451363949803635478e+01,-2.915476984111592174e+00
1.773401772882789373e+01,-1.452463949611410499e+01,-2.915476984111592174e+00
1.771401772834360600e+01,-1.453063949896022677e+01,-2.897476984653621912e+00
1.767401772551238537e+01,-1.454163949843496084e+01,-2.897476984653621912e+00
1.763501772284507751e+01,-1.455363949714228511e+01,-2.897476984304375947e+00
1.761601772066205740e+01,-1.455963949719443917e+01,-2.897476984828244895e+00
1.757601771969348192e+01,-1.457163949729874730e+01,-2.897476985293906182e+00
1.751701771840453148e+01,-1.458963949512690306e+01,-2.880476985708810389e+00
1.749701771792024374e+01,-1.459563949331641197e+01,-2.880476985767018050e+00
1.747701771743595600e+01,-1.460163949429988861e+01,-2.880476985883433372e+00
1.743801771756261587e+01,-1.461363949393853545e+01,-2.880476985825225711e+00
1.741801771800965071e+01,-1.461963949305936694e+01,-2.880476985708810389e+00
1.737901771999895573e+01,-1.463163949223235250e+01,-2.880476985767018050e+00
1.734001771919429302e+01,-1.464363949280232191e+01,-2.862476985726971179e+00
1.732101771607995033e+01,-1.465063949301838875e+01,-2.862476986018009484e+00
1.728101771697402000e+01,-1.466363949282094836e+01,-2.862476985901594162e+00
1.722201771847903728e+01,-1.468363949237391353e+01,-2.845476986316498369e+00
1.720301771908998489e+01,-1.469063949119299650e+01,-2.845476986549329013e+00
1.714601771719753742e+01,-1.471163949090987444e+01,-2.845476986898574978e+00
1.712701771687716246e+01,-1.471863949345424771e+01,-2.827476987033151090e+00
1.708801771420985460e+01,-1.473263949528336525e+01,-2.827476987033151090e+00
1.706801771093159914e+01,-1.473963949689641595e+01,-2.827476987033151090e+00
1.702801771089434624e+01,-1.475363949965685606e+01,-2.827476987033151090e+00
1.700801770947873592e+01,-1.476063949987292290e+01,-2.827476986625697464e+00
1.696801771037280560e+01,-1.477463950170204043e+01,-2.827476986683905125e+00
1.692801770847290754e+01,-1.478863949887454510e+01,-2.827476986858528107e+00
1.688801770657300949e+01,-1.480263950070366263e+01,-2.810476987040601671e+00
1.684801770467311144e+01,-1.481663950020447373e+01,-2.810476987389847636e+00
1.680801770184189081e+01,-1.483163950126618147e+01,-2.810476987273432314e+00
1.678801770415157080e+01,-1.483863950148224831e+01,-2.810476987157016993e+00
1.674801770411431789e+01,-1.485263950005173683e+01,-2.810476986982394010e+00
1.672801770269870758e+01,-1.486063949950039387e+01,-2.810476987448055297e+00
1.668801770173013210e+01,-1.487463949946686625e+01,-2.810476987797301263e+00
1.666801770217716694e+01,-1.488163950107991695e+01,-2.810476987448055297e+00
1.662801770213991404e+01,-1.489663950260728598e+01,-2.810476987622678280e+00
1.658801770303398371e+01,-1.491063950303941965e+01,-2.810476987797301263e+00
1.656801770254969597e+01,-1.491863950248807669e+01,-2.810476987680885941e+00
1.652801770251244307e+01,-1.493263950198888779e+01,-2.810476987564470619e+00
1.648801770340651274e+01,-1.494663950288668275e+01,-2.810476987506262958e+00
1.646801770385354757e+01,-1.495463950140401721e+01,-2.810476987389847636e+00
1.642801770381629467e+01,-1.496963950106874108e+01,-2.810476987215224653e+00
1.640801770426332951e+01,-1.497663949988782406e+01,-2.810476987506262958e+00
1.636801770515739918e+01,-1.499163949908688664e+01,-2.810476987913716584e+00
1.632801770325750113e+01,-1.500663949875161052e+01,-2.810476988146547228e+00
1.628801770508289337e+01,-1.502163949795067310e+01,-2.810476988204754889e+00
1.624901770707219839e+01,-1.503663949947804213e+01,-2.810476988321170211e+00
1.623001770954579115e+01,-1.504363950062543154e+01,-2.810476988030131906e+00
1.619201770797371864e+01,-1.505763949919492006e+01,-2.810476988146547228e+00
1.615401771012693644e+01,-1.507163949869573116e+01,-2.810476987913716584e+00
1.613501770887523890e+01,-1.507863949751481414e+01,-2.810476987971924245e+00
1.609701770730316639e+01,-1.509263949887827039e+01,-2.827476987964473665e+00
1.607801770605146885e+01,-1.509963950002565980e+01,-2.827476987789850682e+00
1.604001770354807377e+01,-1.511363949906080961e+01,-2.827476987557020038e+00
1.600001770537346601e+01,-1.512763949949294329e+01,-2.827476987848058343e+00
1.594001770671457052e+01,-1.514863949920982122e+01,-2.827476987673435360e+00
1.590001770667731762e+01,-1.516263949777930975e+01,-2.827476987789850682e+00
1.586001770850270987e+01,-1.517663949774578214e+01,-2.845476987480651587e+00
1.584001770615577698e+01,-1.518363949609920382e+01,-2.845476987306028605e+00
1.580101770721375942e+01,-1.519763949373736978e+01,-2.827476987557020038e+00
1.578201770596206188e+01,-1.520463949348777533e+01,-2.827476988139096648e+00
1.574301770515739918e+01,-1.521863949438557029e+01,-2.827476988139096648e+00
1.570301770605146885e+01,-1.523263949295505881e+01,-2.827476988255511969e+00
1.566301770601421595e+01,-1.524663949199020863e+01,-2.827476988546550274e+00
1.562301770783960819e+01,-1.526063949288800359e+01,-2.827476988604757935e+00
1.560301770549267530e+01,-1.526763949263840914e+01,-2.827476988604757935e+00
1.554601770546287298e+01,-1.528863949468359351e+01,-2.827476988546550274e+00
1.552701770514249802e+01,-1.529563949443399906e+01,-2.827476988430134952e+00
1.550801770482212305e+01,-1.530263949511572719e+01,-2.827476988255511969e+00
1.548901770450174809e+01,-1.530963949672877789e+01,-2.827476988080888987e+00
1.545101770665496588e+01,-1.532363949669525027e+01,-2.810476987971924245e+00
1.541101770661771297e+01,-1.533763949712738395e+01,-2.810476988321170211e+00
1.535101770795881748e+01,-1.535863949637860060e+01,-2.810476988030131906e+00
1.533101770840585232e+01,-1.536663949443027377e+01,-2.810476988030131906e+00
1.529101770743727684e+01,-1.538163949595764279e+01,-2.810476987971924245e+00
1.527201770711690187e+01,-1.538863949524238706e+01,-2.810476988262962550e+00
1.523201770614832640e+01,-1.540363949583843350e+01,-2.810476988262962550e+00
1.521201770752668381e+01,-1.541063949605450034e+01,-2.810476988262962550e+00
1.517201770655810833e+01,-1.542563949618488550e+01,-2.810476988321170211e+00
1.515201770607382059e+01,-1.543363949796184897e+01,-2.810476987913716584e+00
1.511201770603656769e+01,-1.544863949762657285e+01,-2.810476988262962550e+00
1.507201770506799221e+01,-1.546363949775695801e+01,-2.810476987913716584e+00
1.503201770316809416e+01,-1.547963949711993337e+01,-2.792476987757254392e+00
1.499201770499348640e+01,-1.549463949585333467e+01,-2.792476987990085036e+00
1.495201770588755608e+01,-1.550963949644938111e+01,-2.792476987990085036e+00
1.493201770633459091e+01,-1.551763949636369944e+01,-2.792476987815462053e+00
1.487201770581305027e+01,-1.554063949501141906e+01,-2.792476988397538662e+00
1.483201770763844252e+01,-1.555663949437439442e+01,-2.792476988164708018e+00
1.481201770901679993e+01,-1.556463949242606759e+01,-2.792476988339331001e+00
1.475201770756393671e+01,-1.558763949060812593e+01,-2.792476988222915679e+00
1.473301770724356174e+01,-1.559463949082419276e+01,-2.792476988572161645e+00
1.469501770939677954e+01,-1.560963948955759406e+01,-2.792476988339331001e+00
1.467601771000772715e+01,-1.561663948977366090e+01,-2.792476988339331001e+00
1.463801771029829979e+01,-1.563163949083536863e+01,-2.792476988572161645e+00
1.460001770965754986e+01,-1.564763949019834399e+01,-2.792476988222915679e+00
1.458101771026849747e+01,-1.565563948964700103e+01,-2.775476988637819886e+00
1.454101771116256714e+01,-1.567163948994129896e+01,-2.775476988928858191e+00
1.452101771160960197e+01,-1.567963949264958501e+01,-2.775476988579612225e+00
1.448101770970970392e+01,-1.569563949108123779e+01,-2.775476988696027547e+00
1.444101770874112844e+01,-1.571163949090987444e+01,-2.775476988987065852e+00
1.440201770793646574e+01,-1.572763949306681752e+01,-2.775476988637819886e+00
1.436201770789921284e+01,-1.574363949242979288e+01,-2.775476988928858191e+00
1.432201770786195993e+01,-1.575963949318975210e+01,-2.775476988812442869e+00
1.428301770426332951e+01,-1.577563949301838875e+01,-2.775476989161688834e+00
1.426301770471036434e+01,-1.578363949293270707e+01,-2.775476989452727139e+00
1.424401770438998938e+01,-1.579163949238136411e+01,-2.775476989336311817e+00
1.422401770669966936e+01,-1.579963949415832758e+01,-2.775476989336311817e+00
1.416501770727336407e+01,-1.582363949390128255e+01,-2.775476989452727139e+00
1.414501770585775375e+01,-1.583163949474692345e+01,-2.775476988987065852e+00
1.410501770302653313e+01,-1.584863949473947287e+01,-2.775476988812442869e+00
1.406501770112663507e+01,-1.586463949596509337e+01,-2.775476988870650530e+00
1.404601770266890526e+01,-1.587263949448242784e+01,-2.775476988812442869e+00
1.400701770093291998e+01,-1.588863949384540319e+01,-2.775476988696027547e+00
1.396701770089566708e+01,-1.590463949413970113e+01,-2.775476988346781582e+00
1.394701769948005676e+01,-1.591263949358835816e+01,-2.775476988521404564e+00
1.390801770146936178e+01,-1.592863949434831738e+01,-2.775476988579612225e+00
1.388801769819110632e+01,-1.593663949472829700e+01,-2.775476988812442869e+00
1.384801769722253084e+01,-1.595363949425518513e+01,-2.775476989161688834e+00
1.380901769828051329e+01,-1.596963949501514435e+01,-2.775476989219896495e+00
1.377001769933849573e+01,-1.598563949530944228e+01,-2.775476989161688834e+00
1.375101770088076591e+01,-1.599363949475809932e+01,-2.775476989452727139e+00
1.371301769930869341e+01,-1.600963949691504240e+01,-2.758476989052724093e+00
1.367501770053058863e+01,-1.602563949627801776e+01,-2.758476989285554737e+00
1.365601770114153624e+01,-1.603363949432969093e+01,-2.758476988994516432e+00
1.361801770143210888e+01,-1.604963949602097273e+01,-2.758476989169139415e+00
1.358001770079135895e+01,-1.606563949584960938e+01,-2.758476989052724093e+00
1.356201770063489676e+01,-1.607363949948921800e+01,-2.758476989169139415e+00
1.352401770185679197e+01,-1.608963949978351593e+01,-2.740476989245507866e+00
1.348501770012080669e+01,-1.610763950133696198e+01,-2.740476989652961493e+00
1.344601770024746656e+01,-1.612563950149342418e+01,-2.740476989536546171e+00
1.342601770069450140e+01,-1.613463950017467141e+01,-2.740476989361923188e+00
1.336801770329475403e+01,-1.616163949901238084e+01,-2.740476989303715527e+00
1.332901770155876875e+01,-1.617963949823752046e+01,-2.740476989652961493e+00
1.331001770216971636e+01,-1.618863949971273541e+01,-2.740476989303715527e+00
1.327201770339161158e+01,-1.620663949986919761e+01,-2.740476989420130849e+00
1.323301770165562630e+01,-1.622463949955999851e+01,-2.740476989652961493e+00
1.319401770085096359e+01,-1.624263950018212199e+01,-2.740476989478338510e+00
1.317401770222932100e+01,-1.625163949979469180e+01,-2.740476989187300205e+00
1.313601770158857107e+01,-1.626963950041681528e+01,-2.740476988721638918e+00
1.309701770078390837e+01,-1.628763949964195490e+01,-2.740476988488808274e+00
1.307801769953221083e+01,-1.629663949832320213e+01,-2.740476988547015935e+00
1.304001769982278347e+01,-1.631463949754834175e+01,-2.740476988547015935e+00
1.300101769994944334e+01,-1.633263949537649751e+01,-2.740476988197769970e+00
1.298101769853383303e+01,-1.634163949592038989e+01,-2.740476988139562309e+00
1.294301769975572824e+01,-1.635963949700817466e+01,-2.740476988314185292e+00
1.292401769943535328e+01,-1.636863949568942189e+01,-2.740476988779846579e+00
1.288501769863069057e+01,-1.638663949491456151e+01,-2.740476988779846579e+00
1.284701770264655352e+01,-1.640463949507102370e+01,-2.740476989303715527e+00
1.280775502912395680e+01,-1.642268146459284495e+01,-2.740476989798869223e+00
1.276849221127668699e+01,-1.644072341160400086e+01,-2.740335450184745891e+00
1.274949221126735210e+01,-1.644972340948879719e+01,-2.740335449983831495e+00
1.271049220953136683e+01,-1.646772341011092067e+01,-2.740335450042039156e+00
1.269122887505784725e+01,-1.647676530418970486e+01,-2.723335450311544115e+00
1.265309717671396861e+01,-1.649478623431451041e+01,-2.723406338388012493e+00
1.261509717535227537e+01,-1.651278623286634684e+01,-2.723548151696169484e+00
1.259509717393666506e+01,-1.652178623387590051e+01,-2.723548151727300137e+00
1.255609717546030879e+01,-1.653978623496368527e+01,-2.723548151436261833e+00
1.251796519198727786e+01,-1.655780711848555953e+01,-2.723619144412938287e+00
1.247996519273146987e+01,-1.657606789327079255e+01,-2.723619144845825346e+00
1.246096519241109490e+01,-1.658506789384409785e+01,-2.723619144759140909e+00
1.242196519253775477e+01,-1.660306789306923747e+01,-2.740619144809897989e+00
1.240209745183079448e+01,-1.661204705389554803e+01,-2.740690293246162756e+00
1.236409745225682855e+01,-1.663004705449566245e+01,-2.740690293314401060e+00
1.232509745378047228e+01,-1.664830855312754920e+01,-2.740690293575271497e+00
1.230609745532274246e+01,-1.665757019696108898e+01,-2.740690293749814987e+00
1.226822997541508897e+01,-1.667554940781396411e+01,-2.740761562317377109e+00
1.223022997565567493e+01,-1.669354940531775355e+01,-2.723761561908759177e+00
1.219222997501492500e+01,-1.671154940547421575e+01,-2.723761561792343855e+00
1.217222997499629855e+01,-1.672054940601810813e+01,-2.723761562141589820e+00
1.213322997558861971e+01,-1.673828700427041127e+01,-2.723761561822936716e+00
1.211422997573390603e+01,-1.674728700285777450e+01,-2.723761561617720872e+00
1.207522997539490461e+01,-1.676502430788430331e+01,-2.723761561299210765e+00
1.203722997568547726e+01,-1.678315570809938961e+01,-2.723690057863526803e+00
1.201822997536510229e+01,-1.679202420833149390e+01,-2.723761605599929414e+00
1.198022997286170721e+01,-1.681002421118319035e+01,-2.723761605971958488e+00
1.196122997254133224e+01,-1.681902421033009887e+01,-2.723761606030166149e+00
1.188422997388988733e+01,-1.685515591917292255e+01,-2.740689962909329314e+00
1.184622997604310513e+01,-1.687315591704100370e+01,-2.740689962985925376e+00
1.182722997711971402e+01,-1.688215591805055737e+01,-2.740689962869510055e+00
1.178709644700588832e+01,-1.690230847965846195e+01,-2.740689963291775388e+00
1.174923005161132750e+01,-1.692015585006719647e+01,-2.740689963029451892e+00
1.173023005062714219e+01,-1.692915585217997432e+01,-2.740689962985925376e+00
1.169123005121946335e+01,-1.694715585280209780e+01,-2.740689962694887072e+00
1.165223004994913936e+01,-1.696515585156157613e+01,-2.740689962869510055e+00
1.161423005070537329e+01,-1.698315584938973188e+01,-2.723689962644129992e+00
1.159423005115240812e+01,-1.699215584993362427e+01,-2.723689962585922331e+00
1.155523005221039057e+01,-1.701115584885701537e+01,-2.723689962818752974e+00
1.153523005405440927e+01,-1.702015584846958518e+01,-2.740689962636679411e+00
1.151623005466535687e+01,-1.702915585041046143e+01,-2.723689962760545313e+00
1.147823005449026823e+01,-1.704715585103258491e+01,-2.723689962585922331e+00
1.143923005508258939e+01,-1.706502311164907937e+01,-2.723762069664161789e+00
1.140023005567491055e+01,-1.708275750368139256e+01,-2.723762069414555231e+00
1.138023005751892924e+01,-1.709175750333815813e+01,-2.740762069413904101e+00
1.134236457095837380e+01,-1.710907227069209213e+01,-2.723762067971692069e+00
1.130436456995084882e+01,-1.712667320880203192e+01,-2.723689831843536524e+00
1.126636457024142146e+01,-1.714467320358380675e+01,-2.723689832026138902e+00
1.124836456868797541e+01,-1.715407263027427831e+01,-2.723617542211906883e+00
1.121163405820991521e+01,-1.717203174877280247e+01,-2.723617542113214274e+00
1.119263405771926045e+01,-1.718103174772113562e+01,-2.723617541894782335e+00
1.115563405817374587e+01,-1.719903174834325910e+01,-2.723617542185820639e+00
1.113663405925035477e+01,-1.720803174842149019e+01,-2.723617541778367013e+00
1.109972410464045289e+01,-1.722592913766755274e+01,-2.723569238763805078e+00
1.106172410491853952e+01,-1.724392913607880473e+01,-2.723569238558411598e+00
1.102372410520911217e+01,-1.726292913779616356e+01,-2.705569238692987710e+00
1.100472410628572106e+01,-1.727192913834005594e+01,-2.705569238925818354e+00
1.096672410517930984e+01,-1.729092913819476962e+01,-2.705569238984026015e+00
1.094772410579025745e+01,-1.729992913594469428e+01,-2.705569238925818354e+00
1.090972410608083010e+01,-1.731892913626506925e+01,-2.705569239042233676e+00
1.089072410482913256e+01,-1.732792913867160678e+01,-2.705569238751195371e+00
1.085272410465404391e+01,-1.734692913666367531e+01,-2.705569238925818354e+00
1.083372410573065281e+01,-1.735692913318052888e+01,-2.705569238692987710e+00
1.079572410648688674e+01,-1.737592913210391998e+01,-2.705569239100441337e+00
1.077672410709783435e+01,-1.738566052487936986e+01,-2.705569238772210561e+00
1.073772410722449422e+01,-1.740566052403301001e+01,-2.705569238867610693e+00
1.068072410812601447e+01,-1.743339167109686372e+01,-2.705569238306945845e+00
1.066172410780563951e+01,-1.744312263758061832e+01,-2.705569237957817563e+00
1.062372410763055086e+01,-1.746212264057248831e+01,-2.705569237994495779e+00
1.060499646393692785e+01,-1.747208216059918229e+01,-2.705569237540816463e+00
1.056699646450579166e+01,-1.749108216259628534e+01,-2.705569237470626831e+00
1.054799646604806185e+01,-1.750108216144144535e+01,-2.705569237412419170e+00
1.050999646633863449e+01,-1.752108215959742665e+01,-2.705569237761665136e+00
1.047226936046619983e+01,-1.754017672585798593e+01,-2.705496128654008015e+00
1.043426935980096459e+01,-1.755917672533541918e+01,-2.705496128764934838e+00
1.039626936102285981e+01,-1.757917672628536820e+01,-2.705496128939557821e+00
1.037726936070248485e+01,-1.758917672792449594e+01,-2.705496129230596125e+00
1.033936050567974085e+01,-1.760807314061303686e+01,-2.705544946004195594e+00
1.032022372460023263e+01,-1.761809328631824911e+01,-2.705618200345073276e+00
1.028222372522577643e+01,-1.763809328805655241e+01,-2.705618200416211039e+00
1.026322372443974018e+01,-1.764709328673779964e+01,-2.705618200125172734e+00
1.022522372333332896e+01,-1.766709328582510352e+01,-2.705618200299795717e+00
1.020622372440993786e+01,-1.767709328839555383e+01,-2.705618200241588056e+00
1.016822372423484921e+01,-1.769609328825026751e+01,-2.705471370087397798e+00
1.012922372482717037e+01,-1.771609328780323267e+01,-2.705471369728911668e+00
1.009122372325509787e+01,-1.773609328875318170e+01,-2.705471369205042720e+00
1.007222372293472290e+01,-1.774509328929707408e+01,-2.705765417999193012e+00
1.003422372369095683e+01,-1.776509328745305538e+01,-2.705765417602378875e+00
9.996223723981529474e+00,-1.778509328933432698e+01,-2.705765417485963553e+00
9.958223724272102118e+00,-1.780409328872337937e+01,-2.705765417485963553e+00
9.939223723020404577e+00,-1.781422942342221560e+01,-2.705691780598923124e+00
9.882223722059279680e+00,-1.784309321608388288e+01,-2.705618112028527644e+00
9.848223722074180841e+00,-1.786109321564435959e+01,-2.688618111889809370e+00
9.807223722338676453e+00,-1.788409321382641792e+01,-2.653618112031836063e+00
9.789223721716552973e+00,-1.789509321330115199e+01,-2.653618112322874367e+00
9.752223720774054527e+00,-1.791709321457892656e+01,-2.653618112381082028e+00
9.734223720151931047e+00,-1.792836634853143352e+01,-2.653618112898582737e+00
9.698223720304667950e+00,-1.795036634849384427e+01,-2.635618113039527088e+00
9.680223727904095909e+00,-1.796163978240333492e+01,-2.635618109726932001e+00
9.644223727751523256e+00,-1.798363978229463100e+01,-2.635618109838105738e+00
9.625854906036350300e+00,-1.799478416648095802e+01,-2.635667418542311680e+00
9.574854905251413584e+00,-1.802578416839241982e+01,-2.635667418362572789e+00
9.558131730513418134e+00,-1.803574435417362665e+01,-2.635667418368983217e+00
9.523131730966269970e+00,-1.805615556285025036e+01,-2.653593356834029304e+00
9.506131730973720551e+00,-1.806615556357428432e+01,-2.653593356721103191e+00
9.470131730660796165e+00,-1.808615556126460433e+01,-2.653445105311958319e+00
9.435131730046123266e+00,-1.810615556268021464e+01,-2.653445105475839227e+00
9.418131727725267410e+00,-1.811615556431934237e+01,-2.653445105534046888e+00
9.383131727576255798e+00,-1.813615556154400110e+01,-2.670445105526596308e+00
9.365131727419793606e+00,-1.814615556271746755e+01,-2.670445105526596308e+00
9.330131727736443281e+00,-1.816615556320175529e+01,-2.670445105177350342e+00
9.294131728820502758e+00,-1.818515556026250124e+01,-2.670445104944519699e+00
9.294131729751825333e+00,-1.818515556072816253e+01,-2.670445104769896716e+00
9.222131730988621712e+00,-1.822515555983409286e+01,-2.688445104926358908e+00
9.204131729435175657e+00,-1.823415556224063039e+01,-2.688445104926358908e+00
9.166131729260087013e+00,-1.825415555993095040e+01,-2.688445105159189552e+00
9.147131729871034622e+00,-1.826415556203573942e+01,-2.688445105100981891e+00
9.109224688884088650e+00,-1.828405036404735640e+01,-2.688494768983460848e+00
9.090503692418593573e+00,-1.829401085395553039e+01,-2.705494769190587512e+00
9.033503692597150803e+00,-1.832414902743517615e+01,-2.705569332382776970e+00
8.995503693353384733e+00,-1.834414902795106173e+01,-2.705420123297341384e+00
8.976503692101687193e+00,-1.835414902679622173e+01,-2.705420123413205147e+00
8.938503692857921124e+00,-1.837314902711659670e+01,-2.705420123354997486e+00
8.919503694400191307e+00,-1.838314903061836958e+01,-2.705420123005751520e+00
8.880503695458173752e+00,-1.840314903017133474e+01,-2.705420123122166842e+00
8.861503694672137499e+00,-1.841214903118088841e+01,-2.705420123296789825e+00
8.842503694817423820e+00,-1.842228770890985601e+01,-2.705494916659170634e+00
8.804503694642335176e+00,-1.844228771002963185e+01,-2.705494917114265263e+00
8.766503694932907820e+00,-1.846128771128132939e+01,-2.705494917230680585e+00
8.728503696154803038e+00,-1.848128771129995584e+01,-2.705494917405303568e+00
8.690503696911036968e+00,-1.850000995503639345e+01,-2.705494917068247407e+00
8.652503696270287037e+00,-1.852000995585694909e+01,-2.705494916765019298e+00
8.633597327728253390e+00,-1.852990416207774160e+01,-2.705544896060788407e+00
8.595597326289862394e+00,-1.854890416190028191e+01,-2.705544896132778376e+00
8.576597326435148716e+00,-1.855890416260808706e+01,-2.705544896074570715e+00
8.538597326260060072e+00,-1.857790416525676847e+01,-2.705544896307401359e+00
8.500597327947616577e+00,-1.859690416557714343e+01,-2.705544896016363055e+00
8.462597327772527933e+00,-1.861690416885539889e+01,-2.705544896423816681e+00
8.443597327917814255e+00,-1.862718315592456264e+01,-2.705394601013320965e+00
8.424597327131778002e+00,-1.863618315709754825e+01,-2.705394601041916758e+00
8.386597326956689358e+00,-1.865646238867561735e+01,-2.705394601635031648e+00
8.311597326770424843e+00,-1.869446238828822970e+01,-2.705394601856824011e+00
8.273597326595336199e+00,-1.871332264596279771e+01,-2.705469874214517567e+00
8.253597326111048460e+00,-1.872332264436408877e+01,-2.705469874024856836e+00
8.234597326256334782e+00,-1.873318276840098306e+01,-2.705545210377497956e+00
8.196597325615584850e+00,-1.875218276586383581e+01,-2.705545210337731987e+00
8.158597325440496206e+00,-1.877218276355415583e+01,-2.705545210337731987e+00
8.120597324799746275e+00,-1.879118276340886950e+01,-2.705545210628770292e+00
8.082597325090318918e+00,-1.881018276326358318e+01,-2.705545210337731987e+00
8.063597323838621378e+00,-1.881918276194483042e+01,-2.705545210454147309e+00
8.025597323663532734e+00,-1.883918276615440845e+01,-2.705545210512354970e+00
7.987597322557121515e+00,-1.885918276337906718e+01,-2.705545210686977953e+00
7.968597322702407837e+00,-1.886818276438862085e+01,-2.705545210570562631e+00
7.930597322992980480e+00,-1.888718276470899582e+01,-2.705545210686977953e+00
7.892597324680536985e+00,-1.890618276642635465e+01,-2.705545210628770292e+00
7.873597324825823307e+00,-1.891618276853114367e+01,-2.705545210570562631e+00
7.835597326047718525e+00,-1.893518276838585734e+01,-2.705545210686977953e+00
7.797597325872629881e+00,-1.895518276607617736e+01,-2.705545210512354970e+00
7.778597327414900064e+00,-1.896418276801705360e+01,-2.705545210512354970e+00
7.740597326774150133e+00,-1.898318276740610600e+01,-2.705545210803393275e+00
7.702597327530384064e+00,-1.900318276416510344e+01,-2.705545210686977953e+00
7.664597327820956707e+00,-1.902104172728930465e+01,-2.705469344700912160e+00
7.645597327034920454e+00,-1.903104172879830003e+01,-2.705469344451557845e+00
7.607597326394170523e+00,-1.905004173051565886e+01,-2.705469344451557845e+00
7.588597326073795557e+00,-1.905904173105955124e+01,-2.705469344509765506e+00
7.550597325898706913e+00,-1.907804173044860363e+01,-2.705469344509765506e+00
7.512502195560943008e+00,-1.909814885804251716e+01,-2.705418663323412520e+00
7.474502196069806814e+00,-1.911800741376499602e+01,-2.705342613444409405e+00
7.436502196360379457e+00,-1.913600741373375058e+01,-2.705342612869571894e+00
7.399502196349203587e+00,-1.915500741545110941e+01,-2.705342612985987216e+00
7.381645145791178031e+00,-1.916398813856994110e+01,-2.705418787808761216e+00
7.362645145505666733e+00,-1.917412986233497563e+01,-2.705494966864727235e+00
7.324645144399255514e+00,-1.919312986359000206e+01,-2.688494967180304229e+00
7.306645144708454609e+00,-1.920312986429780722e+01,-2.688494967180304229e+00
7.268645144999027252e+00,-1.922312986617907882e+01,-2.688494967180304229e+00
7.230645144823938608e+00,-1.924312986619770527e+01,-2.688494967180304229e+00
7.193645143881440163e+00,-1.926212986791506410e+01,-2.688494967180304229e+00
7.155645143240690231e+00,-1.928212986886501312e+01,-2.688494967354927212e+00
7.137358162580214938e+00,-1.929116828771864789e+01,-2.688494967421799942e+00
7.100358163006603718e+00,-1.931116828508675098e+01,-2.688494967587757856e+00
7.081358162686228752e+00,-1.932116828439757228e+01,-2.688494967238511890e+00
7.044358163606375456e+00,-1.934102589704665931e+01,-2.688418485198273089e+00
7.026358163915574551e+00,-1.935102589940652251e+01,-2.670418484834954143e+00
6.990358164068311453e+00,-1.937102590128779411e+01,-2.670418484660331160e+00
6.953358163125813007e+00,-1.939102590084075928e+01,-2.670418484660331160e+00
6.934358164202421904e+00,-1.940202590310946107e+01,-2.670418484369292855e+00
6.896358164492994547e+00,-1.942202590312808752e+01,-2.670265210502909436e+00
6.858358165249228477e+00,-1.944302590284496546e+01,-2.670265210559591651e+00
6.821358163841068745e+00,-1.946302590472623706e+01,-2.670265210617799312e+00
6.784358163829892874e+00,-1.948316883145685807e+01,-2.670188482238548655e+00
6.766358164604753256e+00,-1.949288290123331890e+01,-2.670188482240742900e+00
6.730358165223151445e+00,-1.951288290135562420e+01,-2.670034902551350342e+00
6.675358166452497244e+00,-1.954288290115073323e+01,-2.653034902759827673e+00
6.657309996316245204e+00,-1.955279380215393203e+01,-2.653009276940781369e+00
6.620309997815638781e+00,-1.957379380334168673e+01,-2.653009277011733502e+00
6.566309998277574778e+00,-1.960479380376636982e+01,-2.653009277302771807e+00
6.548309998586773872e+00,-1.961579380603507161e+01,-2.653009277477394789e+00
6.530309999827295542e+00,-1.962579380674287677e+01,-2.652855282235855761e+00
6.494309999980032444e+00,-1.964679380506277084e+01,-2.653009281060082714e+00
6.458406565938187072e+00,-1.966868539207009547e+01,-2.634957925561275616e+00
6.439406565856188536e+00,-1.967968539241701365e+01,-2.634957925532944500e+00
6.421406565699726343e+00,-1.969068539142608643e+01,-2.635112062973994806e+00
6.386406565550714731e+00,-1.971168539207428694e+01,-2.635112062969710678e+00
6.371406565420329571e+00,-1.972068539215251803e+01,-2.634957753789822998e+00
6.314406565390527248e+00,-1.975854146812624634e+01,-2.582880569677340254e+00
6.262406565248966217e+00,-1.979454146604984999e+01,-2.583035004982384475e+00
6.229406565427780151e+00,-1.981754146516323090e+01,-2.583035005431156605e+00
6.212406565435230732e+00,-1.982954146480187774e+01,-2.583035005547571927e+00
6.196406564908102155e+00,-1.984054146707057953e+01,-2.583035005256533623e+00
6.146406564628705382e+00,-1.987454146565869451e+01,-2.583035004907287657e+00
6.129406564636155963e+00,-1.988554146885871887e+01,-2.583035005023702979e+00
6.096406564582139254e+00,-1.990754146967083216e+01,-2.583035005372948945e+00
6.045406564138829708e+00,-1.994039701741004222e+01,-2.599957578290008176e+00
6.028698085019017050e+00,-1.995135919477633379e+01,-2.599957578227025223e+00
5.994698085123673081e+00,-1.997335919272154570e+01,-2.599957578408066183e+00
5.977698085596784949e+00,-1.998435919033363461e+01,-2.599957578349858522e+00
5.943698085844516754e+00,-2.000664861221931901e+01,-2.599957578434095584e+00
5.926698085619136691e+00,-2.001764861261472106e+01,-2.599957578408066183e+00
5.892698086099699140e+00,-2.003964861389249563e+01,-2.617957578331697732e+00
5.875698085408657789e+00,-2.005064861709252000e+01,-2.617957578506320715e+00
5.841698085423558950e+00,-2.007264861837029457e+01,-2.617957578215282410e+00
5.807698084507137537e+00,-2.009364861948415637e+01,-2.634957578207831830e+00
5.773698084289208055e+00,-2.011464861873537302e+01,-2.634957578382454813e+00
5.738698084140196443e+00,-2.013464861828833818e+01,-2.634957578382454813e+00
5.703698083525523543e+00,-2.015464862016960979e+01,-2.652957578306086361e+00
5.685698083369061351e+00,-2.016464861854910851e+01,-2.652957578364294022e+00
5.650698083220049739e+00,-2.018464862089604139e+01,-2.652957578422501683e+00
5.633138108394918575e+00,-2.019459222587532210e+01,-2.669879696857323736e+00
5.597138108452782035e+00,-2.021459222119301558e+01,-2.669879696855787188e+00
5.579138108296319842e+00,-2.022430102945951091e+01,-2.669879696481149534e+00
5.525138107128441334e+00,-2.025330102862790227e+01,-2.687879696371965110e+00
5.507431911124310631e+00,-2.026326350829646472e+01,-2.687879696483033598e+00
5.471578893496887197e+00,-2.028224475336716992e+01,-2.687957734867093329e+00
5.453578893095254898e+00,-2.029124475223943591e+01,-2.687957735033705831e+00
5.417725958352349380e+00,-2.030922602107730768e+01,-2.704879660530512098e+00
5.381431626548006442e+00,-2.032726347854453408e+01,-2.704879660222700100e+00
5.363137064474837068e+00,-2.033630093375180792e+01,-2.722879660204535757e+00
5.327578888688725200e+00,-2.035424480249066193e+01,-2.740114194536871661e+00
5.327726259855383617e+00,-2.035422609346412059e+01,-2.740192415723429420e+00
5.271726259961724281e+00,-2.037922609457746148e+01,-2.758192416105885059e+00
5.234726258786395192e+00,-2.039522609580308199e+01,-2.775192416273057461e+00
5.196578700723351929e+00,-2.040924477423063621e+01,-2.810270726115428719e+00
5.158873838585685156e+00,-2.042320744024960888e+01,-2.827270725853319622e+00
5.140169096777263746e+00,-2.043017012116801823e+01,-2.845427424089271184e+00
5.121169097488746047e+00,-2.043717012228444219e+01,-2.845427423948422074e+00
5.082873459150380135e+00,-2.045020742125281288e+01,-2.862427424004150289e+00
5.062873458489775658e+00,-2.045620741881430149e+01,-2.880427424330264330e+00
5.024021345542938555e+00,-2.046818878863795987e+01,-2.897505885675978110e+00
4.984021345851942897e+00,-2.047918878868222237e+01,-2.915505885845050216e+00
4.923873315934321759e+00,-2.049420740298448251e+01,-2.950427355333196555e+00
4.883873315528035164e+00,-2.050220740074291825e+01,-2.967427355528343469e+00
4.844021489095781341e+00,-2.051018879933214833e+01,-3.002505954361441631e+00
4.823724999094001653e+00,-2.051322598528781427e+01,-3.002505954885336781e+00
4.784021545408442044e+00,-2.051918882488551432e+01,-3.019505954632319522e+00
4.763873196976534885e+00,-2.052220740165286372e+01,-3.037427274618274442e+00
4.723873196635395288e+00,-2.052720740018412471e+01,-3.054584699417685290e+00
4.683873196598142385e+00,-2.053120739758014679e+01,-3.089584699657279998e+00
4.663873195881024003e+00,-2.053320739744231105e+01,-3.107584699871949852e+00
4.623873196542263031e+00,-2.053520739777013659e+01,-3.124584700039122254e+00
4.563873196719214320e+00,-2.053620739886537194e+01,3.123600607272237539e+00
4.543873197166249156e+00,-2.053620740165933967e+01,3.106758342396759076e+00
4.503724381941450083e+00,-2.053622592478524922e+01,3.088679440833246748e+00
4.483724382705986500e+00,-2.053622592799365520e+01,3.088837290829691717e+00
4.443724383367225528e+00,-2.053422593232244253e+01,3.053837290732190013e+00
4.423724383115768433e+00,-2.053322593076154590e+01,3.053837290441151708e+00
4.383724383078515530e+00,-2.053122593276202679e+01,3.036995323209912279e+00
4.363724382827058434e+00,-2.053022593399509788e+01,3.018837248065685763e+00
4.323575202525229422e+00,-2.052624440897616509e+01,3.001916320748508671e+00
4.263276740695425282e+00,-2.052028133659495168e+01,2.983916320192600669e+00
4.203276740619912744e+00,-2.051328133605420589e+01,2.983916320255957544e+00
4.183276740368455648e+00,-2.051128133991733193e+01,2.983916320023126900e+00
4.143276740098372102e+00,-2.050528133800253272e+01,2.966916320379823446e+00
4.123276739381253719e+00,-2.050228133657947183e+01,2.966916320612654090e+00
4.083276738878339529e+00,-2.049628133745864034e+01,2.966916320787277073e+00
4.043426367998096183e+00,-2.049026291612871731e+01,2.949837035603117830e+00
4.023426367901265621e+00,-2.048726291721686721e+01,2.949837035557720810e+00
3.983426367165520787e+00,-2.048126291716471314e+01,2.949837035906966776e+00
3.943426366895437241e+00,-2.047526291990652680e+01,2.931837035692296922e+00
3.904426367720589042e+00,-2.046826291736215353e+01,2.931837035808712244e+00
3.890276430221796478e+00,-2.046628129787072581e+01,2.914757604365387333e+00
3.879276430699974298e+00,-2.046328129991889000e+01,2.879757604387123138e+00
3.878276430768892169e+00,-2.046328130457550287e+01,2.861757604579906911e+00
3.877276430372148752e+00,-2.046328130643814802e+01,2.809757604380138218e+00
3.877276430139318109e+00,-2.046328130457550287e+01,2.809757604205515236e+00
3.877276429906487465e+00,-2.046328130550682545e+01,2.774757603940088302e+00
3.877276430139318109e+00,-2.046328130643814802e+01,2.757757604122161865e+00
3.877276429673656821e+00,-2.046328130504116416e+01,2.739757604256737977e+00
3.856276429956778884e+00,-2.045428130635991693e+01,2.687757604406215250e+00
3.803276430116966367e+00,-2.042928130691871047e+01,2.634757604682818055e+00
3.786276430357247591e+00,-2.042028130544349551e+01,2.617917032523135568e+00
3.751276430208235979e+00,-2.040028130775317550e+01,2.582917032123077661e+00
3.734276430681347847e+00,-2.038928130688145757e+01,2.547917032148689032e+00
3.700276456958418780e+00,-2.036728130608739207e+01,2.512917017760594174e+00
3.683578072299048767e+00,-2.035624475610164552e+01,2.495917018332859616e+00
3.651578072458505630e+00,-2.033224475663155317e+01,2.460917018295731395e+00
3.635578072164207697e+00,-2.032024475745856762e+01,2.460917018237523735e+00
3.587578072212636471e+00,-2.028124475991353393e+01,2.425917018263135105e+00
3.541578071890398860e+00,-2.024224475910887122e+01,2.390917018521577120e+00
3.526578072225674987e+00,-2.022924475837498903e+01,2.373917018587235361e+00
3.497333994953488290e+00,-2.020315360655894565e+01,2.355997029064475612e+00
3.468333995435386896e+00,-2.017515360889956355e+01,2.338997029117308557e+00
3.454485312213902759e+00,-2.016113539418133982e+01,2.321077111822321459e+00
3.426485311938449740e+00,-2.013213539402931929e+01,2.304077111766673625e+00
3.398182472267156307e+00,-2.010317179420138700e+01,2.286077111669337469e+00
3.384182472713291645e+00,-2.008817179454490542e+01,2.286077111610211432e+00
3.357182472478598356e+00,-2.005817179195582867e+01,2.269077111734077334e+00
3.357182472478598356e+00,-2.005817179009318352e+01,2.269077111617662013e+00
3.305182472337037325e+00,-1.999817178957164288e+01,2.251077111577615142e+00
3.292030759374466431e+00,-1.998318994966007978e+01,2.250996843364559741e+00
3.266030759550631046e+00,-1.995318995043635368e+01,2.250996843678876758e+00
3.239878898308392152e+00,-1.992320810041475099e+01,2.234077182791730287e+00
3.214030816842454286e+00,-1.989218996034817266e+01,2.233996817429905857e+00
3.201182819809637259e+00,-1.987717182450449371e+01,2.234077224679810847e+00
3.175182819599285722e+00,-1.984617182472720742e+01,2.216077224526088685e+00
3.148878638389035256e+00,-1.981520805618148273e+01,2.216077224179294092e+00
3.122878638328984380e+00,-1.978420805884525180e+01,2.216077223885804415e+00
3.096878638374619186e+00,-1.975220805732533336e+01,2.199077223776839674e+00
3.083878638572059572e+00,-1.973620805749669671e+01,2.199077223544009030e+00
3.058726297432564856e+00,-1.970422614456349564e+01,2.199157789202254687e+00
3.033726297086104751e+00,-1.967222614539787173e+01,2.182157789182383567e+00
3.021726297098211944e+00,-1.965622614463791251e+01,2.182157789240591228e+00
3.009878867235499023e+00,-1.964020807240192212e+01,2.182238442366019715e+00
2.985878972453765101e+00,-1.960820806042344344e+01,2.182238442357793407e+00
2.961878972244448960e+00,-1.957620805967599154e+01,2.164238442550413311e+00
2.926184436975501235e+00,-1.952717196549395595e+01,2.164238442900169535e+00
2.914184437016956508e+00,-1.951117196492850780e+01,2.147238442616071552e+00
2.902184437145479023e+00,-1.949417196540161967e+01,2.147238442616071552e+00
2.879031531842752845e+00,-1.946118998632992003e+01,2.147157609477634566e+00
2.867031531990505755e+00,-1.944418998342007399e+01,2.129157609364483505e+00
2.845031532109715044e+00,-1.941118998406454921e+01,2.129157609248068184e+00
2.823315837755777657e+00,-1.937715655056268815e+01,2.112157609689297111e+00
2.812315837945789099e+00,-1.936015655240043998e+01,2.112157609371934086e+00
2.790315838064998388e+00,-1.932615655148401856e+01,2.094157609157264233e+00
2.757315837894566357e+00,-1.927515655197203159e+01,2.094157609331887215e+00
2.746315837837755680e+00,-1.925815655430778861e+01,2.094157609622925520e+00
2.736315838061273098e+00,-1.924115655338391662e+01,2.077157609688583761e+00
2.715315838111564517e+00,-1.920715655479580164e+01,2.077157609688583761e+00
2.694315838394686580e+00,-1.917215655511245131e+01,2.077157609630376101e+00
2.684315838501788676e+00,-1.915515655651688576e+01,2.059157609415706247e+00
2.664315838483162224e+00,-1.912015655729919672e+01,2.059157609357498586e+00
2.654315838706679642e+00,-1.910215656040236354e+01,2.059157609415706247e+00
2.624315839027985930e+00,-1.905015656119212508e+01,2.042157609306741506e+00
2.594315838883630931e+00,-1.899615656211972237e+01,2.042157609132118523e+00
2.574315839214250445e+00,-1.896015656040981412e+01,2.024157609092071652e+00
2.564315839204937220e+00,-1.894215655745938420e+01,2.024157609033863991e+00
2.555315838661044836e+00,-1.892415655730292201e+01,2.024157609208486974e+00
2.540315838297829032e+00,-1.889615655876696110e+01,2.007157609274145216e+00
2.532315838383510709e+00,-1.888015655707567930e+01,1.972157609183341265e+00
2.517315838020294905e+00,-1.884615655802190304e+01,1.972157609357964247e+00
2.509315837873145938e+00,-1.882715655537322164e+01,1.955157609365414828e+00
2.492315837764181197e+00,-1.878915655612945557e+01,1.955157609248999506e+00
2.484315837733447552e+00,-1.876915655704215169e+01,1.955157609423622489e+00
2.458315838011913002e+00,-1.871015655575320125e+01,1.955157609423622489e+00
2.450315837981179357e+00,-1.869015655666589737e+01,1.955157609598245472e+00
2.433315837755799294e+00,-1.865115655446425080e+01,1.955157609714660794e+00
2.416315837763249874e+00,-1.861115655442699790e+01,1.955157609831076115e+00
2.408315837499685585e+00,-1.859115655766800046e+01,1.955157609772868454e+00
2.391315837507136166e+00,-1.855115655856207013e+01,1.955157609831076115e+00
2.383315837709233165e+00,-1.853115655574947596e+01,1.937157610082067549e+00
2.367315837647765875e+00,-1.849115655571222305e+01,1.937157610314898193e+00
2.359315837966278195e+00,-1.847215655446052551e+01,1.937157610314898193e+00
2.335315838106907904e+00,-1.841315655456855893e+01,1.937157610664144158e+00
2.327315838425420225e+00,-1.839315655501559377e+01,1.937157610780559480e+00
2.310315838549286127e+00,-1.835315655497834086e+01,1.937157610722351819e+00
2.286315838457085192e+00,-1.829315655678510666e+01,1.937157610722351819e+00
2.277315838611684740e+00,-1.827315655956044793e+01,1.937157610605936497e+00
2.261315838550217450e+00,-1.823415655642747879e+01,1.937157610664144158e+00
2.253315838286653161e+00,-1.821515655517578125e+01,1.937157610605936497e+00
2.237315838574431837e+00,-1.817715655406937003e+01,1.955157610354945064e+00
2.221315838862210512e+00,-1.814015655405819416e+01,1.955157610005699098e+00
2.205315838567912579e+00,-1.810115655325353146e+01,1.955157610063906759e+00
2.196315838606096804e+00,-1.808115655183792114e+01,1.955157609947491437e+00
2.171315838699229062e+00,-1.802215655101463199e+01,1.955157610063906759e+00
2.162315838620997965e+00,-1.800315655209124088e+01,1.955157610063906759e+00
2.154315838823094964e+00,-1.798415654851123691e+01,1.955157610122114420e+00
2.137315838830545545e+00,-1.794415654754266143e+01,1.955157610122114420e+00
2.128315839217975736e+00,-1.792515654675662518e+01,1.955157610063906759e+00
2.111315839109010994e+00,-1.788615654595196247e+01,1.955157610354945064e+00
2.085315838921815157e+00,-1.782715654978528619e+01,1.955157610238529742e+00
2.077315839240327477e+00,-1.780815654946491122e+01,1.955157610238529742e+00
2.059315839549526572e+00,-1.776815655035898089e+01,1.955157610471360385e+00
2.051315839402377605e+00,-1.774915655003860593e+01,1.955157610471360385e+00
2.033315839013084769e+00,-1.770915655093267560e+01,1.955157610471360385e+00
2.024315839284099638e+00,-1.768915654858574271e+01,1.955157610529568046e+00
2.007315839407965541e+00,-1.764915654854848981e+01,1.955157610413152725e+00
1.998315839562565088e+00,-1.763015654776245356e+01,1.955157610645983368e+00
1.981315839453600347e+00,-1.759115654695779085e+01,1.955157610878814012e+00
1.964315839461050928e+00,-1.755315654724836349e+01,1.955157610937021673e+00
1.947315839235670865e+00,-1.751415654690936208e+01,1.955157611053436995e+00
1.929315839312039316e+00,-1.747515654517337680e+01,1.955157610937021673e+00
1.911315839271992445e+00,-1.743515654373914003e+01,1.955157610820606351e+00
1.902315839426591992e+00,-1.741515654278919101e+01,1.955157610820606351e+00
1.885315839434042573e+00,-1.737615654291585088e+01,1.955157610645983368e+00
1.876315839355811477e+00,-1.735715654492378235e+01,1.955157610820606351e+00
1.859315839479677379e+00,-1.731815654737874866e+01,1.955157610878814012e+00
1.850315839517861605e+00,-1.729915654705837369e+01,1.955157610878814012e+00
1.824315839447081089e+00,-1.724015654530376196e+01,1.955157610995229334e+00
1.815315839601680636e+00,-1.722115654870867729e+01,1.955157610878814012e+00
1.798315839609131217e+00,-1.718115654867142439e+01,1.955157610820606351e+00
1.789315839530900121e+00,-1.716215654881671071e+01,1.955157610704191029e+00
1.772315839538350701e+00,-1.712315654987469316e+01,1.955157610878814012e+00
1.754315839498303831e+00,-1.708415655093267560e+01,1.955157611169852316e+00
1.745315839652903378e+00,-1.706415655231103301e+01,1.955157611053436995e+00
1.728315839776769280e+00,-1.702515655150637031e+01,1.955157610820606351e+00
1.722315839724615216e+00,-1.701215655216947198e+01,1.955157610878814012e+00
1.713315839995630085e+00,-1.699315655464306474e+01,1.937157610780559480e+00
1.698315839981660247e+00,-1.695815655170008540e+01,1.937157610780559480e+00
1.690315839834511280e+00,-1.693915654998272657e+01,1.937157610955182463e+00
1.674315840005874634e+00,-1.690215654904022813e+01,1.937157610896974802e+00
1.643315840163268149e+00,-1.682715654931962490e+01,1.937157610605936497e+00
1.635315840248949826e+00,-1.680815654853358865e+01,1.937157610605936497e+00
1.627315839985385537e+00,-1.678915654728189111e+01,1.937157610955182463e+00
1.611315840040333569e+00,-1.675115654617547989e+01,1.955157611053436995e+00
1.595315840095281601e+00,-1.671315654460340738e+01,1.955157610878814012e+00
1.578315840102732182e+00,-1.667415654193609953e+01,1.955157610878814012e+00
1.570315839839167893e+00,-1.665515654208138585e+01,1.955157610878814012e+00
1.553315839788410813e+00,-1.661615654127672315e+01,1.955157611053436995e+00
1.535315839748363942e+00,-1.657715654280036688e+01,1.955157611169852316e+00
1.518315839872229844e+00,-1.653815654385834932e+01,1.955157611111644655e+00
1.509315839968621731e+00,-1.651815654477104545e+01,1.955157611228059977e+00
1.492315839801449329e+00,-1.647915654163807631e+01,1.955157611169852316e+00
1.483315839897841215e+00,-1.646015654085204005e+01,1.955157611286267638e+00
1.466315839788876474e+00,-1.642115654144436121e+01,1.955157611053436995e+00
1.449315839679911733e+00,-1.638215654203668237e+01,1.955157610937021673e+00
1.440315839659888297e+00,-1.636215654248371720e+01,1.955157610995229334e+00
1.422315839736256748e+00,-1.632315654261037707e+01,1.955157611111644655e+00
1.396315839607268572e+00,-1.626515654148533940e+01,1.955157610995229334e+00
1.387474757002274295e+00,-1.624513919911128212e+01,1.955073929648115882e+00
1.378474757308140397e+00,-1.622613920038565993e+01,1.955073929624632001e+00
1.361474757257383317e+00,-1.618782293653989868e+01,1.955073929819917344e+00
1.352474757237359881e+00,-1.616782274680262077e+01,1.972073929733679343e+00
1.334474757488351315e+00,-1.612882274715229869e+01,1.971906390855020508e+00
1.316474757215473801e+00,-1.608882274571806192e+01,1.971906391030643135e+00
1.307474757428281009e+00,-1.606966439418497217e+01,1.971822530201348123e+00
1.289474757621064782e+00,-1.603066439693793654e+01,1.971822530438657850e+00
1.271474757522810251e+00,-1.599066439690068364e+01,1.971822530205827206e+00
1.253474757773801684e+00,-1.595166439749300480e+01,1.971822529972996563e+00
1.244474757520947605e+00,-1.593282296822717470e+01,1.971906493044925934e+00
1.226474757364485413e+00,-1.589298157464446426e+01,1.971822515404741960e+00
1.217474757519084960e+00,-1.587398157501593232e+01,1.971822515537496656e+00
1.199474757362622768e+00,-1.583498157560825348e+01,1.971822515421081334e+00
1.181474757438991219e+00,-1.579598157713189721e+01,1.971822515362873673e+00
1.172474757360760123e+00,-1.577698157960548997e+01,1.971822515362873673e+00
1.154474757437128574e+00,-1.573814050474814508e+01,1.971906643352568045e+00
1.127474757493473589e+00,-1.567914050398394465e+01,1.972074983876956900e+00
1.118474757589865476e+00,-1.565929951635581574e+01,1.972159151294601953e+00
1.109474757569842041e+00,-1.563929951516911387e+01,1.972159151278901845e+00
1.091474757529795170e+00,-1.560098115490579573e+01,1.972159151487883788e+00
1.083474757440853864e+00,-1.558198115788400173e+01,1.971990552406434505e+00
1.067474757379386574e+00,-1.554598115850239992e+01,1.971821955770523882e+00
1.050474757561460137e+00,-1.550914047134992124e+01,1.971906262105642904e+00
1.041474757657852024e+00,-1.549014047253876925e+01,1.971906262042466551e+00
1.023474757734220475e+00,-1.545314047206193209e+01,1.989906261907890439e+00
1.014474757772404701e+00,-1.543382132187754863e+01,1.989906262237831625e+00
9.694747577887028456e-01,-1.533982132328674197e+01,1.989906262489967048e+00
9.601536290680388053e-01,-1.532085565163081853e+01,1.989906262042198337e+00
9.419930115432539885e-01,-1.528287280980621787e+01,1.989990750773775519e+00
9.319930116762407124e-01,-1.526387281157076359e+01,1.989990750735159963e+00
9.169930117786861956e-01,-1.523287281347438693e+01,1.989990750502329320e+00
9.129930118215270340e-01,-1.522587281651794910e+01,1.989990750269498676e+00
9.009930117172189057e-01,-1.519987281598150020e+01,1.971821549065257528e+00
8.829930116771720350e-01,-1.516187281487509608e+01,1.971821549290325493e+00
8.559930116753093898e-01,-1.510387281421571970e+01,1.971821549173910171e+00
8.471540250763557323e-01,-1.508485570067729142e+01,1.971906225800498236e+00
8.381540250265970826e-01,-1.506585569959133863e+01,1.971906225953716785e+00
8.291540250647813082e-01,-1.504685569927096367e+01,1.971906225720886141e+00
8.121540250140242279e-01,-1.501085569942370057e+01,1.971906225604470819e+00
7.953152643324266080e-01,-1.497383861205870126e+01,1.971821442024997095e+00
7.873152643442153931e-01,-1.495583861321210861e+01,1.989821442053653300e+00
7.693152643623761833e-01,-1.491883861273527145e+01,1.989651784464108841e+00
7.611538328319346070e-01,-1.490085568290508533e+01,1.989736659875091851e+00
7.431538328819442540e-01,-1.486485568247735500e+01,1.989736659976188093e+00
7.251538329001050442e-01,-1.482785568106919527e+01,1.989736659801565111e+00
7.071538329473696649e-01,-1.479085568245500326e+01,2.006736659561283886e+00
6.983155056587064813e-01,-1.477183863583455015e+01,2.006651668953627343e+00
6.793155056075192988e-01,-1.473383863363415003e+01,2.006651668925769627e+00
6.604772718607275772e-01,-1.469582160266511828e+01,2.006566635097077445e+00
6.514772718655876815e-01,-1.467682160018011928e+01,2.006566635158378631e+00
6.324772717780433595e-01,-1.463882159860804677e+01,2.006566635158378631e+00
6.224772717687301338e-01,-1.461998266044602168e+01,2.006651762283004015e+00
6.024772718083113432e-01,-1.458182152719795432e+01,2.006736922931487754e+00
5.826393251407022689e-01,-1.454396567430305431e+01,2.006907260028119033e+00
5.636393251479603350e-01,-1.450596567243337631e+01,2.006907259754370898e+00
5.536393252841662616e-01,-1.448696567397564650e+01,2.006907259870786220e+00
5.346393252548296005e-01,-1.444896567286923528e+01,2.006907259870786220e+00
5.146393252653069794e-01,-1.441096567176282406e+01,2.006907259754370898e+00
5.046393252850975841e-01,-1.439196567144244909e+01,2.006907259812578559e+00
4.846393252664711326e-01,-1.435396567173302174e+01,2.006907259928993881e+00
4.745310079832911754e-01,-1.433508470538103552e+01,2.006964174661661104e+00
4.545310080284252763e-01,-1.429708470497280359e+01,2.006964174739550799e+00
4.345310080680064857e-01,-1.425908470386639237e+01,2.006964174914173782e+00
4.146936432694784402e-01,-1.422106776115814952e+01,2.024049622760935474e+00
3.946936432039365172e-01,-1.418306775949895382e+01,2.024049622938036919e+00
3.846936431946232915e-01,-1.416406776010990143e+01,2.024049623054452240e+00
3.646936431323410943e-01,-1.412606775900349021e+01,2.024049623054452240e+00
3.446936431573703885e-01,-1.408806775882840157e+01,2.024049623229075223e+00
3.346936431480571628e-01,-1.406906775850802660e+01,2.024049623403698206e+00
3.146936431003268808e-01,-1.403106775972992182e+01,2.024049623520113528e+00
3.046936430764617398e-01,-1.401206775987520814e+01,2.024049623520113528e+00
2.856936430471250787e-01,-1.397506775986403227e+01,2.024049623403698206e+00
2.655304687338547742e-01,-1.393708465017374287e+01,2.023963918024989095e+00
2.455304687318857759e-01,-1.389908464811742306e+01,2.023963918094523251e+00
2.155304687330499291e-01,-1.384208464855328202e+01,2.023963918152730912e+00
1.955304687508032657e-01,-1.380408464698120952e+01,2.023963917978107929e+00
1.855304687633179128e-01,-1.378508464712649584e+01,2.023963918094523251e+00
1.653670057951021899e-01,-1.374710150794171604e+01,2.023878074737817112e+00
1.555305051990072684e-01,-1.372808465390670563e+01,2.023963934077549709e+00
1.358576251377751898e-01,-1.369105095704726160e+01,2.023963934209812798e+00
1.158576251400518231e-01,-1.365305095724761486e+01,2.023963934276252985e+00
9.585762514325324446e-02,-1.361505095707252622e+01,2.023963934450875968e+00
7.574846006079888339e-02,-1.357717076694343561e+01,2.024021253196950809e+00
6.574846005969448015e-02,-1.355817076936364174e+01,2.024021252989768982e+00
4.574846005925792269e-02,-1.352049670344474386e+01,2.024021252487667955e+00
3.558455237533115351e-02,-1.350151351627031993e+01,2.024107306073121837e+00
1.758455237359157763e-02,-1.346551351435482502e+01,2.007107306097168475e+00
8.420520419924120564e-03,-1.344753031779708508e+01,2.007021192077638627e+00
-1.057947957951910212e-02,-1.341053031804040074e+01,2.007021191879175603e+00
-3.057947958041040692e-02,-1.337253031926229596e+01,2.007021191879175603e+00
-4.957947958246222697e-02,-1.333453031955286860e+01,2.007021191762760282e+00
-6.957947959017474204e-02,-1.329653032077476382e+01,2.007021191937383264e+00
-7.857947959564626217e-02,-1.327753031905740499e+01,2.007021191937383264e+00
-9.857947959244484082e-02,-1.323953031981363893e+01,2.007021191879175603e+00
-1.075794795906404033e-01,-1.322053031995892525e+01,2.007021191879175603e+00
-1.265794795981491916e-01,-1.318253031931817532e+01,2.007021191879175603e+00
-1.365794796220143326e-01,-1.316353032039478421e+01,2.007021191937383264e+00
-1.565794796042609960e-01,-1.312553032115101814e+01,2.007021192228421569e+00
-1.755794795899419114e-01,-1.308753032190725207e+01,2.007021192170213908e+00
-1.955794796012924053e-01,-1.304953032266348600e+01,2.007021192112006247e+00
-2.055794795887777582e-01,-1.303053032280877233e+01,2.007194088079566452e+00
-2.245794795890105888e-01,-1.299253032170236111e+01,2.007194088189862669e+00
-2.439092779823433532e-01,-1.295456375596899434e+01,2.007194087881798428e+00
-2.632391755572123238e-01,-1.291759717465193802e+01,2.007194087358092904e+00
-2.722391755960416049e-01,-1.289859717478975654e+01,2.007194087433163077e+00
-2.922391756001161411e-01,-1.285959717305377126e+01,2.007194087258540094e+00
-3.012391756346914917e-01,-1.284059717273339629e+01,2.007194087549578398e+00
-3.212391757115256041e-01,-1.280259717255830765e+01,2.007194087665993720e+00
-3.399087410371275930e-01,-1.276456381474672597e+01,2.007194088147748356e+00
-3.589087410218780860e-01,-1.272656381549313664e+01,2.007194088015239686e+00
-3.779087410366628319e-01,-1.268856381345540285e+01,2.007194088189862669e+00
-3.979087410843931139e-01,-1.265056381141766906e+01,2.007194088248070329e+00
-4.069087410753127187e-01,-1.263139919225454477e+01,2.007280881891534197e+00
-4.169087411137297750e-01,-1.261239919252693653e+01,2.007280881865881383e+00
-4.269087410648353398e-01,-1.259339919453486800e+01,2.007280881691258401e+00
-4.459087411232758313e-01,-1.255539919342845678e+01,2.007280881574843079e+00
-4.649087410653010011e-01,-1.251739919302053750e+01,2.007280881516635418e+00
-4.839087410364300013e-01,-1.247939919261261821e+01,2.007280881691258401e+00
-4.939087410457432270e-01,-1.246039919159375131e+01,2.007280881691258401e+00
-5.129087410459760576e-01,-1.242139919265173376e+01,2.007280881691258401e+00
-5.329087409481871873e-01,-1.238339919177815318e+01,2.007280881749466062e+00
-5.519087409775238484e-01,-1.234556430068978727e+01,2.007367903208098880e+00
-5.789087409211788327e-01,-1.229056430119089782e+01,2.007541983640393823e+00
-5.979087408923078328e-01,-1.225256430101580918e+01,2.007541983679402620e+00
-6.069087409705389291e-01,-1.223456430155783892e+01,2.007716172842132885e+00
-6.259087409416679293e-01,-1.219756430177949369e+01,2.007716172665823251e+00
-6.437425054491887622e-01,-1.216154772388635941e+01,2.024803335848782915e+00
-6.537425054120831192e-01,-1.214354772237129509e+01,2.024803335720207542e+00
-6.817425054905470461e-01,-1.208954772120341659e+01,2.024803335836622864e+00
-6.907425055105704814e-01,-1.207187880921732592e+01,2.024803335166115659e+00
-7.107425054709892720e-01,-1.203687880863435566e+01,2.042803335119970143e+00
-7.307425054896157235e-01,-1.200087880739010870e+01,2.042803335236385465e+00
-7.407425054989289492e-01,-1.198287880537100136e+01,2.042803335119970143e+00
-7.607425054593477398e-01,-1.194687880435958505e+01,2.042803335411008447e+00
-7.807425053615588695e-01,-1.191187880444340408e+01,2.059803335694596171e+00
-7.907425054581835866e-01,-1.189387880312278867e+01,2.059803335811011493e+00
-8.107425055350176990e-01,-1.185887880367226899e+01,2.059978173304228832e+00
-8.309093616082611211e-01,-1.182389532065792181e+01,2.059890714133590262e+00
-8.419093614793382585e-01,-1.180589532246813178e+01,2.077890714339446276e+00
-8.619093614397570491e-01,-1.177106146680754684e+01,2.077978223259495660e+00
-8.829093613894656301e-01,-1.173706146562471986e+01,2.077978223271202296e+00
-8.939093613298609853e-01,-1.172006146423518658e+01,2.094978223380167037e+00
-9.049093613284640014e-01,-1.170322777612894782e+01,2.095065810380013716e+00
-9.269093612674623728e-01,-1.166922777774743736e+01,2.095065810426604003e+00
-9.489093613228760660e-01,-1.163506133751050697e+01,2.113153459239706322e+00
-9.709093612618744373e-01,-1.160089483041088343e+01,2.113065778621137980e+00
-9.819093611440621316e-01,-1.158389482973143458e+01,2.113065778394229710e+00
-1.004909361188765615e+00,-1.154889483121223748e+01,2.113065778510645032e+00
-1.028909361106343567e+00,-1.151389483176171780e+01,2.130065778386779130e+00
-1.051909361151047051e+00,-1.147989483200944960e+01,2.130065778095740825e+00
-1.063909361197147518e+00,-1.146289483131840825e+01,2.130065778212156147e+00
-1.087574097793895911e+00,-1.142886195509821334e+01,2.130065778441250668e+00
-1.111574097711127251e+00,-1.139486195659264922e+01,2.148065778310410678e+00
-1.135574097861535847e+00,-1.136086195660755038e+01,2.148065778252203017e+00
-1.147574098024051636e+00,-1.134419595288991367e+01,2.148065777920216579e+00
-1.159574098128359765e+00,-1.132753002990224012e+01,2.148065777571223300e+00
-1.183574098162353039e+00,-1.129553002887405455e+01,2.148065777379088104e+00
-1.207238118159777551e+00,-1.126149721585814589e+01,2.164889808197687060e+00
-1.231238118140026927e+00,-1.122866443987161311e+01,2.164801791761135075e+00
-1.243238118127919734e+00,-1.121266443911008537e+01,2.164801791950594634e+00
-1.255238118115812540e+00,-1.119566443841904402e+01,2.164977956203008258e+00
-1.280406323979024874e+00,-1.116168082296014319e+01,2.164889852519059410e+00
-1.306406323914416134e+00,-1.112768082460388541e+01,2.183066119693414464e+00
-1.332406323694158345e+00,-1.109368082485161722e+01,2.183066119614522904e+00
-1.345406323845963925e+00,-1.107668082462623715e+01,2.183066119439899921e+00
-1.371406323625706136e+00,-1.104268082510679960e+01,2.183066119672730565e+00
-1.410406323382630944e+00,-1.099168082629330456e+01,2.183066119556315243e+00
-1.423237793626013881e+00,-1.097466447665822109e+01,2.183154376729256274e+00
-1.436237793765030801e+00,-1.095766447740606964e+01,2.183154376689344645e+00
-1.486237793695181608e+00,-1.089166447659954429e+01,2.183154376223683357e+00
-1.498237793624866754e+00,-1.087566447840072215e+01,2.183154376165475696e+00
-1.522237793542444706e+00,-1.084366447804495692e+01,2.183154376340098679e+00
-1.534237793588545173e+00,-1.082766447705216706e+01,2.183154376340098679e+00
-1.558237793506123126e+00,-1.079449638263824873e+01,2.165065948466720513e+00
-1.570237793435808271e+00,-1.077849638089537621e+01,2.165065948385745287e+00
-1.605787181596741720e+00,-1.072934076265954673e+01,2.165006966904786001e+00
-1.617787181632593274e+00,-1.071334076160565019e+01,2.165006967028602958e+00
-1.641787181375548244e+00,-1.068067736425565606e+01,2.148006966678435603e+00
-1.653787181479856372e+00,-1.066467736451886594e+01,2.148006966861430556e+00
-1.676787181524559855e+00,-1.063134055306059444e+01,2.148006967218608843e+00
-1.700787181267514825e+00,-1.059734055516310036e+01,2.148006967443507165e+00
-1.711787181207910180e+00,-1.058034055610187352e+01,2.130006967112421989e+00
-1.735787181183695793e+00,-1.054634055611677468e+01,2.129829649911196388e+00
-1.746787181356921792e+00,-1.052934055682271719e+01,2.129829649988096207e+00
-1.768787181237712502e+00,-1.049534055637195706e+01,2.113007054313197131e+00
-1.801787181175313890e+00,-1.044434055569581687e+01,2.113007054140325636e+00
-1.812787181115709245e+00,-1.042734055593609810e+01,2.113007054023910314e+00
-1.834787181112915277e+00,-1.039334055758081377e+01,2.095007054042071104e+00
-1.845787181053310633e+00,-1.037634055758826435e+01,2.095007054158486426e+00
-1.867787180934101343e+00,-1.034234055806882679e+01,2.095007054158486426e+00
-1.878617370649275253e+00,-1.032432432740136008e+01,2.094918182681494656e+00
-1.900617370847612619e+00,-1.029049341564088138e+01,2.078007076751030358e+00
-1.910617371206171811e+00,-1.027249341527931392e+01,2.077829226241014737e+00
-1.941617371048778296e+00,-1.022049341537058353e+01,2.059829226287547499e+00
-1.961617371067404747e+00,-1.018549341545440257e+01,2.059829226345755160e+00
-1.971617371076717973e+00,-1.016715481988712710e+01,2.059829226940851132e+00
-1.981617371202446520e+00,-1.015015482134185731e+01,2.059829227044247091e+00
-2.001617371337488294e+00,-1.011481599343410842e+01,2.042829227762770650e+00
-2.021617371588945389e+00,-1.007881599455140531e+01,2.042829227866604924e+00
-2.031617371598258615e+00,-1.006115509863785107e+01,2.042829227214082444e+00
-2.051617371500469744e+00,-1.002515509910881519e+01,2.024829227477312088e+00
-2.060617371462285519e+00,-1.000715509965084493e+01,2.024829227593727410e+00
-2.079617371666245162e+00,-9.971155098406597972e+00,2.024829227651935071e+00
-2.097617371589876711e+00,-9.935155097628012300e+00,2.007829227717593312e+00
-2.124617371591739357e+00,-9.881155097624287009e+00,2.007829227892216295e+00
-2.133617371437139809e+00,-9.863155097933486104e+00,2.007829227834008634e+00
-2.151617371826432645e+00,-9.827155097154900432e+00,1.990829227957874537e+00
-2.160617372137494385e+00,-9.809155097929760814e+00,1.990829228074289858e+00
-2.178617371711879969e+00,-9.772155097685754299e+00,1.990829228132497519e+00
-2.187617371557280421e+00,-9.754325181172470494e+00,1.990739864300198780e+00
-2.202617371338419616e+00,-9.722325004805396631e+00,1.955739864497780145e+00
-2.225617371383123100e+00,-9.668325004400685430e+00,1.937739864573813975e+00
-2.241617371561005712e+00,-9.629984397862049406e+00,1.955739864789130866e+00
-2.249617371475324035e+00,-9.611154704001741322e+00,1.955650395392989349e+00
-2.257617371622473001e+00,-9.592154620056842163e+00,1.955650395539257680e+00
-2.273731495315676199e+00,-9.556278971017116319e+00,1.955710079337658058e+00
-2.289731495198793709e+00,-9.518619845322417561e+00,1.955710078860132040e+00
-2.297731494996696711e+00,-9.500278741220036238e+00,1.955710079308655036e+00
-2.313731495058164001e+00,-9.462449326712803810e+00,1.955799699587484231e+00
-2.321731494856067002e+00,-9.443619881489782486e+00,1.955889334595334539e+00
-2.337731494684703648e+00,-9.406619881512597203e+00,1.973068649039335654e+00
-2.371731494320556521e+00,-9.332619882421568036e+00,1.973068648891057819e+00
-2.389731494244188070e+00,-9.295961488265820805e+00,1.991068652705219710e+00
-2.398731494089588523e+00,-9.276961487485095859e+00,1.991068652423564345e+00
-2.416731494129635394e+00,-9.239961486775428057e+00,1.991068652307149023e+00
-2.425387934715841354e+00,-9.220929383217109532e+00,1.991068652218018320e+00
-2.443387934705242515e+00,-9.182929382659494877e+00,1.991068652307149023e+00
-2.452387934550642967e+00,-9.163929383270442486e+00,1.991068652132526040e+00
-2.479387934319674969e+00,-9.107100514598283070e+00,1.990978794416286446e+00
-2.489387934328988194e+00,-9.088100515538826585e+00,1.990978794405236840e+00
-2.507273261944573228e+00,-9.049975661293668594e+00,1.990918848468830271e+00
-2.516273262212052941e+00,-9.030975661007687449e+00,1.990918848488945514e+00
-2.535273262299597263e+00,-8.992975661996752024e+00,1.990918848372530192e+00
-2.553273262688890100e+00,-8.954975661356002092e+00,2.007918848539702594e+00
-2.562273262883536518e+00,-8.935975662898272276e+00,2.007918848365079612e+00
-2.581273262505419552e+00,-8.897632496707608141e+00,2.007918848676992329e+00
-2.591273262747563422e+00,-8.878632496111094952e+00,2.007918849005363882e+00
-2.609273263253271580e+00,-8.840632496634498239e+00,2.007918849063571543e+00
-2.629273263155482709e+00,-8.802289084481499160e+00,2.007918849549616969e+00
-2.648273263010196388e+00,-8.764289085753262043e+00,2.007918849296402186e+00
-2.667158227223563216e+00,-8.725820227553148456e+00,2.007858729681736509e+00
-2.677158227190375328e+00,-8.706820228835567832e+00,2.007858729746658355e+00
-2.696158227394334972e+00,-8.668992141385789552e+00,2.007768501897771340e+00
-2.706158227170817554e+00,-8.649992140708491206e+00,2.007768501760438085e+00
-2.724158226978033781e+00,-8.611992142163217068e+00,2.007768501644022763e+00
-2.734158227103762329e+00,-8.592992141377180815e+00,2.007768501760438085e+00
-2.763158227084204555e+00,-8.535336351857447212e+00,2.007768501254863835e+00
-2.773158227209933102e+00,-8.516336351865902543e+00,2.007768501294776797e+00
-2.792158227413892746e+00,-8.478508606501343081e+00,2.007858890221910997e+00
-2.812158227083273232e+00,-8.440680904541130403e+00,2.007949299304527369e+00
-2.822158226859755814e+00,-8.422025612546317319e+00,2.007949298538292293e+00
-2.841158226947300136e+00,-8.384025612846016884e+00,2.007949298655148596e+00
-2.851158226607367396e+00,-8.364680693926494826e+00,2.007768329699893162e+00
-2.870158226578496397e+00,-8.326680694473907351e+00,2.007768329640384763e+00
-2.879158226889558136e+00,-8.307680694153532386e+00,2.007768329640384763e+00
-2.899273800946564172e+00,-8.269806377170036527e+00,2.007707951824773573e+00
-2.918273800634779036e+00,-8.231806377414613962e+00,2.007707951823249459e+00
-2.938273800187744200e+00,-8.193806377239525318e+00,2.007707951939664781e+00
-2.957273800042457879e+00,-8.155806375667452812e+00,2.007707951823249459e+00
-2.967273800284601748e+00,-8.136806375347077847e+00,2.007889284349959169e+00
-2.986273800022900105e+00,-8.098806375171989202e+00,2.007889284286648035e+00
-2.996273799682967365e+00,-8.079806375782936811e+00,2.007889284228440374e+00
-3.015273799537681043e+00,-8.041806375375017524e+00,2.007707782344279490e+00
-3.025273799779824913e+00,-8.022806375753134489e+00,2.007526262454923494e+00
-3.054273799643851817e+00,-7.965806375490501523e+00,2.007526262314058840e+00
-3.063273800304159522e+00,-7.946806374937295914e+00,2.007526262430474162e+00
-3.073273800197057426e+00,-7.927806375315412879e+00,2.007526262197643518e+00
-3.112273800303228199e+00,-7.851806375896558166e+00,2.007708026779819299e+00
-3.131389844563128744e+00,-7.813932492385355033e+00,2.007647424294991545e+00
-3.150389844318851829e+00,-7.775759106701189083e+00,2.007738347331277762e+00
-3.160389844560995698e+00,-7.756759107345715165e+00,2.007738347398117185e+00
-3.170389844570308924e+00,-7.737585613405771667e+00,2.007647373355159193e+00
-3.189389843959361315e+00,-7.699585611931979656e+00,2.007647373306099325e+00
-3.208389844279736280e+00,-7.661585611291229725e+00,2.007647373422514647e+00
-3.227389843901619315e+00,-7.623238286991512069e+00,2.007647373941125135e+00
-3.237389842979609966e+00,-7.604238286847248673e+00,2.007647373946383595e+00
-3.257389842998236418e+00,-7.565890765197962331e+00,2.007647374290071340e+00
-3.276389843318611383e+00,-7.527890765340998769e+00,2.007647374179214239e+00
-3.295389843406155705e+00,-7.489890764933079481e+00,2.007647374353837222e+00
-3.305389843182638288e+00,-7.471238667172764636e+00,2.007647374068694202e+00
-3.324389842804521322e+00,-7.433238667203113437e+00,2.007647373946383595e+00
-3.343389842659235001e+00,-7.395238666795194149e+00,2.007647374062798917e+00
-3.353389842435717583e+00,-7.376238666241988540e+00,2.007647373829968274e+00
-3.373389842454344034e+00,-7.337412825170636310e+00,2.007738663438288107e+00
-3.383389842463657260e+00,-7.318412826163694263e+00,2.007738663465715945e+00
-3.402389842784032226e+00,-7.280412825755774975e+00,2.007738663407508284e+00
-3.412389843026176095e+00,-7.261064230939079600e+00,2.007738663818216640e+00
-3.440389842959120870e+00,-7.204064232064411044e+00,2.007738663931377232e+00
-3.449389842804521322e+00,-7.186064232606440783e+00,2.007738663989584893e+00
-3.467389842960983515e+00,-7.149715275305359441e+00,2.007738664516302229e+00
-3.476389843039214611e+00,-7.131715274183079600e+00,2.007738664629869163e+00
-3.495389842893928289e+00,-7.095715274102985859e+00,2.024738664506003261e+00
-3.514389842282980680e+00,-7.058715273858979344e+00,2.024738664389587939e+00
-3.524389841826632619e+00,-7.039715273538604379e+00,2.024738664506003261e+00
-3.544389842078089714e+00,-7.001715273596346378e+00,2.024738664447795600e+00
-3.564389842329546809e+00,-6.963715272722765803e+00,2.024738664214964956e+00
-3.584389842115342617e+00,-6.925715271616354585e+00,2.024738664331380278e+00
-3.594389843055978417e+00,-6.906715271994471550e+00,2.024738663982134312e+00
-3.614389843540266156e+00,-6.868715271353721619e+00,2.024738664040341973e+00
-3.634389843093231320e+00,-6.831715271342545748e+00,2.024738664040341973e+00
-3.644389843102544546e+00,-6.812715271953493357e+00,2.024738664040341973e+00
-3.664389843121170998e+00,-6.774715271312743425e+00,2.024738663982134312e+00
-3.674389842897653580e+00,-6.755715270759537816e+00,2.024738663865718991e+00
-3.694389843381941319e+00,-6.717715271050110459e+00,2.024738663923926651e+00
-3.704389843158423901e+00,-6.698715271428227425e+00,2.024738664273172617e+00
-3.734389843652024865e+00,-6.641715271165594459e+00,2.024738664331380278e+00
-3.744389843894168735e+00,-6.622715271776542068e+00,2.024738664389587939e+00
-3.754389843903481960e+00,-6.603715272387489676e+00,2.024738664506003261e+00
-3.774389843689277768e+00,-6.566715271910652518e+00,2.024738664622418582e+00
-3.794389843475073576e+00,-6.528715272201225162e+00,2.024738664622418582e+00
-3.805389843415468931e+00,-6.509715272812172771e+00,2.024738664389587939e+00
-3.835389843210577965e+00,-6.452715273248031735e+00,2.024738664564210922e+00
-3.855389842996373773e+00,-6.414715272840112448e+00,2.024738664331380278e+00
-3.875389843480661511e+00,-6.376715272897854447e+00,2.024738664331380278e+00
-3.895389843499287963e+00,-6.339715272886678576e+00,2.024738664098549634e+00
-3.905389843508601189e+00,-6.320715272799134254e+00,2.024738664098549634e+00
-3.935389843536540866e+00,-6.263715272420085967e+00,2.024738664040341973e+00
-3.945389843545854092e+00,-6.244715272332541645e+00,2.024738664098549634e+00
-3.955389843089506030e+00,-6.225715272012166679e+00,2.024738663923926651e+00
-3.975389843573793769e+00,-6.187715271371416748e+00,2.024738663749303669e+00
-3.985389843350276351e+00,-6.168715271633118391e+00,2.024738663865718991e+00
-4.005389843834564090e+00,-6.130715271574445069e+00,2.024738663807511330e+00
-4.035389843862503767e+00,-6.073715272010304034e+00,2.024738663923926651e+00
-4.045389843406155705e+00,-6.054715272039175034e+00,2.024738664098549634e+00
-4.065389844123274088e+00,-6.016715271980501711e+00,2.024738663807511330e+00
-4.075389843899756670e+00,-5.997715271427296102e+00,2.024738663807511330e+00
-4.095389844384044409e+00,-5.959715271601453424e+00,2.024738663574680686e+00
-4.115389844169840217e+00,-5.921715271542780101e+00,2.024738663574680686e+00
-4.125389843480661511e+00,-5.902715271455235779e+00,2.024738663632888347e+00
-4.145389843033626676e+00,-5.864715271163731813e+00,2.024738663400057703e+00
-4.155389842810109258e+00,-5.845715270843356848e+00,2.024738663400057703e+00
-4.175389842828735709e+00,-5.807715271366760135e+00,2.024738663400057703e+00
-4.195389842148870230e+00,-5.769715271191671491e+00,2.024738663341850042e+00
-4.215389842400327325e+00,-5.731715271947905421e+00,2.024738663225434721e+00
-4.235389843117445707e+00,-5.693715272122062743e+00,2.024738663109019399e+00
-4.245389843359589577e+00,-5.674715272616595030e+00,2.024738663167227060e+00
-4.265389843611046672e+00,-5.636715272557921708e+00,2.024738663050811738e+00
-4.275389842921867967e+00,-5.617715272121131420e+00,2.024738663283642381e+00
-4.295389842474833131e+00,-5.580715272226370871e+00,2.024738663109019399e+00
-4.305389842251315713e+00,-5.561715271905995905e+00,2.024738663050811738e+00
-4.335389842279255390e+00,-5.504715271410532296e+00,2.024738662992604077e+00
-4.345389842754229903e+00,-5.485715271905064583e+00,2.024738662934396416e+00
-4.365389842307195067e+00,-5.447715272079221904e+00,2.024738662643358111e+00
-4.375389841618016362e+00,-5.429715272039175034e+00,2.024738662468735129e+00
-4.395389841403812170e+00,-5.392715272144414485e+00,2.042738662450574338e+00
-4.415389841189607978e+00,-5.354715271620079875e+00,2.042738662334159017e+00
-4.425389840500429273e+00,-5.335715270484797657e+00,2.042738662508781999e+00
-4.445389840751886368e+00,-5.298715270357206464e+00,2.042738662392366678e+00
-4.455389840994030237e+00,-5.279715269804000854e+00,2.042738662625197321e+00
-4.475389840546995401e+00,-5.241715269628912210e+00,2.042738662566989660e+00
-4.495389839634299278e+00,-5.203715269104577601e+00,2.024738662526942790e+00
-4.515389839420095086e+00,-5.166715269326232374e+00,2.024738662526942790e+00
-4.535389839438721538e+00,-5.128715269733220339e+00,2.024738662643358111e+00
-4.545389838982373476e+00,-5.109715270344167948e+00,2.024738662701565772e+00
-4.565389839233830571e+00,-5.072715269518084824e+00,2.024738662585150450e+00
-4.575389839708805084e+00,-5.053715268266387284e+00,2.024738662410527468e+00
-4.595389839960262179e+00,-5.015715268556959927e+00,2.042738662392366678e+00
-4.605389839271083474e+00,-4.996715268236584961e+00,2.024738662468735129e+00
-4.645389839075505733e+00,-4.921715268632397056e+00,2.024738662410527468e+00
-4.655389839783310890e+00,-4.903715269640088081e+00,2.024738662294112146e+00
-4.675389840034767985e+00,-4.865715270279906690e+00,2.024738662352319807e+00
-4.695389839122071862e+00,-4.827715270919725299e+00,2.024738662468735129e+00
-4.715389839606359601e+00,-4.789715271093882620e+00,2.024738662410527468e+00
-4.725389840081334114e+00,-4.770715270889922976e+00,2.024738662294112146e+00
-4.745389840798452497e+00,-4.732715271064080298e+00,2.024738662468735129e+00
-4.755389840574935079e+00,-4.714715271024033427e+00,2.024738662410527468e+00
-4.775389840360730886e+00,-4.676715270965360105e+00,2.024738662294112146e+00
-4.795389840379357338e+00,-4.638715270557440817e+00,2.042738662217743695e+00
-4.805389840621501207e+00,-4.619715270702727139e+00,2.042738662217743695e+00
-4.825389840640127659e+00,-4.581715270993299782e+00,2.042738662275951356e+00
-4.845389840891584754e+00,-4.543715271633118391e+00,2.024738662468735129e+00
-4.865389840677380562e+00,-4.505715272156521678e+00,2.042738662566989660e+00
-4.875389839755371213e+00,-4.486715272185392678e+00,2.042738662334159017e+00
-4.895389839773997664e+00,-4.450715272454544902e+00,2.042738662275951356e+00
-4.905389840016141534e+00,-4.432715273345820606e+00,2.042738662101328373e+00
-4.925389840267598629e+00,-4.394715273636393249e+00,2.024738662061281502e+00
-4.931389840086922050e+00,-4.384715273859910667e+00,2.024738662061281502e+00
-4.939389840466901660e+00,-4.369715273613110185e+00,2.024738662177696824e+00
-4.958389841020107269e+00,-4.333715273649431765e+00,2.024738661944866180e+00
-4.976389841176569462e+00,-4.298715273616835475e+00,2.024738661770243198e+00
-4.995389841031283140e+00,-4.262715274002403021e+00,2.024738661537412554e+00
-5.015389841282740235e+00,-4.226715274271555245e+00,2.042738661635667086e+00
-5.025389841757714748e+00,-4.208715274813584983e+00,2.042738661693874747e+00
-5.045389842940494418e+00,-4.172715274500660598e+00,2.042738661752082407e+00
-5.055389842484146357e+00,-4.154715274227783084e+00,2.042738661693874747e+00
-5.075389842269942164e+00,-4.118715274380519986e+00,2.042738661752082407e+00
-5.085389841347932816e+00,-4.100715274573303759e+00,2.059738661686424166e+00
-5.105389841133728623e+00,-4.065715274075046182e+00,2.059738661511801183e+00
-5.115389841143041849e+00,-4.047715274034999311e+00,2.059738661278970540e+00
-5.135389842092990875e+00,-4.011715274071320891e+00,2.059738661278970540e+00
-5.167389842215925455e+00,-3.957715273834764957e+00,2.059738661220762879e+00
-5.178389842156320810e+00,-3.938715273863635957e+00,2.059738661104347557e+00
-5.200389842037111521e+00,-3.902715273434296250e+00,2.077738661086186767e+00
-5.211389842443168163e+00,-3.883715273346751928e+00,2.077738661086186767e+00
-5.244389841565862298e+00,-3.828715273411944509e+00,2.077738660969771445e+00
-5.255389841971918941e+00,-3.809715272742323577e+00,2.077738660911563784e+00
-5.266389842145144939e+00,-3.791715272818692029e+00,2.077738660969771445e+00
-5.288389841327443719e+00,-3.754715272341854870e+00,2.077738660853356123e+00
-5.321389840915799141e+00,-3.700715272105298936e+00,2.077738660736940801e+00
-5.332389841554686427e+00,-3.682715272298082709e+00,2.077738660620525479e+00
-5.343389842193573713e+00,-3.664715272374451160e+00,2.077738660678733140e+00
-5.365389842772856355e+00,-3.627715272130444646e+00,2.077738660562317818e+00
-5.376389842946082354e+00,-3.609715271857567132e+00,2.077738660562317818e+00
-5.398389842361211777e+00,-3.573715271893888712e+00,2.077738660504110157e+00
-5.420389843173325062e+00,-3.537715272279456258e+00,2.077738660504110157e+00
-5.453389843460172415e+00,-3.482715272344648838e+00,2.077738660271279514e+00
-5.464389843167737126e+00,-3.464715271722525358e+00,2.077738660154864192e+00
-5.486389843281358480e+00,-3.428715271875262260e+00,2.077738660271279514e+00
-5.519389842869713902e+00,-3.373715272173285484e+00,2.077738660213071853e+00
-5.530389843042939901e+00,-3.355715272366069257e+00,2.077738660154864192e+00
-5.552389842923730612e+00,-3.319715272518806159e+00,2.077738660271279514e+00
-5.574389843037351966e+00,-3.283715272205881774e+00,2.077738660096656531e+00
-5.585389843443408608e+00,-3.265715272631496191e+00,2.077738660271279514e+00
-5.607389842625707388e+00,-3.228715272503904998e+00,2.077738660213071853e+00
-5.618389842798933387e+00,-3.210715272696688771e+00,2.077738659863825887e+00
-5.640389842214062810e+00,-3.174715272965840995e+00,2.077738660038448870e+00
-5.673389841569587588e+00,-3.120715272962115705e+00,2.077738659980241209e+00
-5.684389842441305518e+00,-3.102715272922068834e+00,2.077738660096656531e+00
-5.695389843080192804e+00,-3.084715272882021964e+00,2.077738660213071853e+00
-5.717389843659475446e+00,-3.047715272929053754e+00,2.077738660271279514e+00
-5.728389843134209514e+00,-3.029715273005422205e+00,2.077738659980241209e+00
-5.750389843480661511e+00,-2.993715273041743785e+00,2.077738660096656531e+00
-5.772389843128621578e+00,-2.956715272914152592e+00,2.077738660096656531e+00
-5.783389843069016933e+00,-2.938715272932313383e+00,2.077738660271279514e+00
-5.805389843182638288e+00,-2.901715273095760494e+00,2.077738660096656531e+00
-5.837660555739913271e+00,-2.847654813164683940e+00,2.077738660423666062e+00
-5.848295810162950303e+00,-2.829624591663816968e+00,2.077738660638477786e+00
-5.859295811038464308e+00,-2.811624591704457998e+00,2.077738660678733140e+00
-5.880930860150951567e+00,-2.775594386960059889e+00,2.077738660813023497e+00
-5.902930859476327896e+00,-2.739594387006945908e+00,2.077738660736940801e+00
-5.913930858718231320e+00,-2.720594387152232230e+00,2.077738660562317818e+00
-5.924930859124287963e+00,-2.702594387112185359e+00,2.077738660736940801e+00
-5.946930859005078673e+00,-2.666594386741053313e+00,2.077738660387694836e+00
-5.958296321611830315e+00,-2.648624548635454712e+00,2.077738660311806207e+00
-5.979930754981091390e+00,-2.611594395302099691e+00,2.077738660463550602e+00
-6.012930755270645022e+00,-2.557594395242631435e+00,2.077738660504110157e+00
-6.023930754653272324e+00,-2.539594395253210291e+00,2.077738660271285287e+00
-6.045930753927677870e+00,-2.502594395074993372e+00,2.077738660445902497e+00
-6.056930754333734512e+00,-2.484594395093154162e+00,2.077738660445902497e+00
-6.078930754447355866e+00,-2.448594395071268082e+00,2.077738660387694836e+00
-6.100930754793807864e+00,-2.412594394816551358e+00,2.077738660329487175e+00
-6.111930754967033863e+00,-2.394594395009335130e+00,2.077738660620525479e+00
-6.133930755546316504e+00,-2.358594395045656711e+00,2.077738660620525479e+00
-6.155930756591260433e+00,-2.321594395500142127e+00,2.077738660562317818e+00
-6.177930756472051144e+00,-2.285594395245425403e+00,2.077738660736940801e+00
-6.188930755015462637e+00,-2.267594395321793854e+00,2.077738660736940801e+00
-6.210930754896253347e+00,-2.231594395416323096e+00,2.077738660678733140e+00
-6.232930755009874701e+00,-2.195594395685475320e+00,2.077738660853356123e+00
-6.243930754950270057e+00,-2.177594395645428449e+00,2.077738660911563784e+00
-6.254930754425004125e+00,-2.159594395314343274e+00,2.077738661027979106e+00
-6.276930754305794835e+00,-2.123594395408872515e+00,2.077738661027979106e+00
-6.287930754479020834e+00,-2.105594395543448627e+00,2.077738661202602088e+00
-6.343930755276232958e+00,-2.014594395586755127e+00,2.077738661086186767e+00
-6.354930754750967026e+00,-1.995594395615626127e+00,2.077738661144394428e+00
-6.376930755097419024e+00,-1.959594395826570690e+00,2.077738660969771445e+00
-6.387930755969136953e+00,-1.941594395902939141e+00,2.077738660969771445e+00
-6.409930756781250238e+00,-1.905594395822845399e+00,2.077738660911563784e+00
-6.431930758059024811e+00,-1.868594395811669528e+00,2.077738660911563784e+00
-6.442930758930742741e+00,-1.850594395655207336e+00,2.077738660795148462e+00
-6.464930758811533451e+00,-1.814594395516905934e+00,2.077738660911563784e+00
-6.475930758751928806e+00,-1.796594395476859063e+00,2.077738660795148462e+00
-6.497930759564042091e+00,-1.760594395338557661e+00,2.077738660911563784e+00
-6.519930759444832802e+00,-1.724594395258463919e+00,2.077738660795148462e+00
-6.541930760256946087e+00,-1.687594395421911031e+00,2.077738660911563784e+00
-6.563930760137736797e+00,-1.651594395516440272e+00,2.077738660969771445e+00
-6.574930759146809578e+00,-1.633594395651016384e+00,2.077738660969771445e+00
-6.596930758096277714e+00,-1.597594395687337965e+00,2.077738660853356123e+00
-6.607930758036673069e+00,-1.579594395763706416e+00,2.077738660969771445e+00
-6.629930756986141205e+00,-1.543594395712716505e+00,2.077738660736940801e+00
-6.640930756926536560e+00,-1.525594395818188787e+00,2.077738660795148462e+00
-6.673930756282061338e+00,-1.471594395581632853e+00,2.077738660795148462e+00
-6.684930755756795406e+00,-1.452594395814230666e+00,2.077738660853356123e+00
-6.706930755637586117e+00,-1.416594395763240755e+00,2.077738660620525479e+00
-6.728930757381021976e+00,-1.379594395635649562e+00,2.077738660678733140e+00
-6.750930757261812687e+00,-1.343594395497348160e+00,2.077738660620525479e+00
-6.761930757667869329e+00,-1.325594395486405119e+00,2.077738660445902497e+00
-6.772930758073925972e+00,-1.307594395591877401e+00,2.077738660387694836e+00
-6.794930758420377970e+00,-1.271594395599095151e+00,2.077738660387694836e+00
-6.805930758360773325e+00,-1.253594395646359771e+00,2.077738660271279514e+00
-6.827930758707225323e+00,-1.217594395449850708e+00,2.077738660038448870e+00
-6.849930758588016033e+00,-1.181594395573483780e+00,2.077738659922033548e+00
-6.871930758934468031e+00,-1.145594395668013021e+00,2.077738659980241209e+00
-6.893930758815258741e+00,-1.109594395617023110e+00,2.077738659747410566e+00
-6.904930758755654097e+00,-1.090594395500374958e+00,2.077738659689202905e+00
-6.926930759102106094e+00,-1.054594395391177386e+00,2.077738659514579922e+00
-6.937930758576840162e+00,-1.036594395322026685e+00,2.077738659572787583e+00
-6.959930759388953447e+00,-1.000594395300140604e+00,2.077738659398164600e+00
-6.970930758863687515e+00,-9.825943953474052250e-01,2.077738659630995244e+00
-7.003930758219212294e+00,-9.285943952272646129e-01,2.077738659805618227e+00
-7.014930757228285074e+00,-9.105943953327368945e-01,2.077738659805618227e+00
-7.025930756237357855e+00,-8.925943952635861933e-01,2.077738659805618227e+00
-7.047930756583809853e+00,-8.555943953688256443e-01,2.077738659805618227e+00
-7.069930755998939276e+00,-8.185943954158574343e-01,2.077738659863825887e+00
-7.091930756345391273e+00,-7.825943954376270995e-01,2.077738660038448870e+00
-7.113930756691843271e+00,-7.455943954410031438e-01,2.077738659805618227e+00
-7.124930757097899914e+00,-7.275943954300601035e-01,2.077738659922033548e+00
-7.135930757038295269e+00,-7.095943953463574871e-01,2.077738659922033548e+00
-7.157930757384747267e+00,-6.735943953099194914e-01,2.077738660038448870e+00
-7.179930757731199265e+00,-6.375943952734814957e-01,2.077738659922033548e+00
-7.212930758483707905e+00,-5.825943952659144998e-01,2.077738660038448870e+00
-7.234930757898837328e+00,-5.465943951858207583e-01,2.077738659805618227e+00
-7.256930757779628038e+00,-5.105943952075904235e-01,2.077738659805618227e+00
-7.278930758126080036e+00,-4.745943952584639192e-01,2.077738659689202905e+00
-7.333930757362395525e+00,-3.845943952183006331e-01,2.077738659805618227e+00
-7.344930757302790880e+00,-3.655943951671360992e-01,2.077738659572787583e+00
-7.355930757243186235e+00,-3.475943951998488046e-01,2.077738659339956939e+00
-7.377930758055299520e+00,-3.115943952216184698e-01,2.077738659107126296e+00
-7.399930757470428944e+00,-2.745943952395464294e-01,2.077738659107126296e+00
-7.421930757816880941e+00,-2.385943952322122641e-01,2.077738658932503313e+00
-7.432930756825953722e+00,-2.205943952139932662e-01,2.077738658990710974e+00
-7.454930757172405720e+00,-1.845943951957451645e-01,2.077738659048918635e+00
-7.465930757578462362e+00,-1.665943952066299971e-01,2.077738659048918635e+00
-7.487930756527930498e+00,-1.295943952063680626e-01,2.077738658990710974e+00
-7.498930756002664566e+00,-1.115943952027009800e-01,2.077738659165333956e+00
-7.520930755417793989e+00,-7.559439521173771936e-02,2.077738659048918635e+00
-7.531930756289511919e+00,-5.759439522262255196e-02,2.077738659107126296e+00
-7.553930756170302629e+00,-2.159439522301909165e-02,2.077738659107126296e+00
-7.575930756051093340e+00,1.440560477703911602e-02,2.077738658932503313e+00
-7.596930756699293852e+00,4.840560477714461740e-02,2.077738659048918635e+00
-7.617930756881833076e+00,8.340560477699909825e-02,2.077738658932503313e+00
-7.627930757123976946e+00,1.014056047788471915e-01,2.077738658990710974e+00
-7.660930757410824299e+00,1.554056047971243970e-01,2.077738659048918635e+00
-7.671930758282542229e+00,1.734056047826015856e-01,2.077738659281749278e+00
-7.682930759154260159e+00,1.924056047828344163e-01,2.077738659339956939e+00
-7.693930759094655514e+00,2.114056048012571409e-01,2.077738659281749278e+00
-7.715930758509784937e+00,2.474056047722115181e-01,2.059738659183494747e+00
-7.737930757924914360e+00,2.844056047324556857e-01,2.059738659067079425e+00
-7.759930757805705070e+00,3.204056047470658086e-01,2.059738659299910069e+00
-7.770930758677423000e+00,3.384056047143531032e-01,2.059738659358117729e+00
-7.791930759325623512e+00,3.744056047071353532e-01,2.077738659281749278e+00
-7.813930759206414223e+00,4.104056047362973914e-01,2.059738659125287086e+00
-7.823930758982896805e+00,4.284056046599289402e-01,2.077738658990710974e+00
-7.844930758699774742e+00,4.634056046197656542e-01,2.077738659048918635e+00
-7.855930758640170097e+00,4.814056046161567792e-01,2.077738658990710974e+00
-7.876930758822709322e+00,5.154056047031190246e-01,2.077738659281749278e+00
-7.897930758539587259e+00,5.494056047173216939e-01,2.077738659107126296e+00
-7.940930758602917194e+00,6.184056047204649076e-01,2.094738659157883376e+00
-7.951930758077651262e+00,6.354056046257028356e-01,2.094738659332506359e+00
-7.973930757958441973e+00,6.704056045709876344e-01,2.094738659332506359e+00
-7.984930758830159903e+00,6.884056045237230137e-01,2.094738659332506359e+00
-8.006930758245289326e+00,7.244056044291937724e-01,2.094738659565337002e+00
-8.017930758651345968e+00,7.414056044362951070e-01,2.112738659896422178e+00
-8.040930759627372026e+00,7.764056044543394819e-01,2.112738659896422178e+00
-8.063930760603398085e+00,8.124056043452583253e-01,2.112738660012837499e+00
-8.087930760812014341e+00,8.484056043962482363e-01,2.112738659896422178e+00
-8.110930760391056538e+00,8.844056043890304863e-01,2.112738659721799195e+00
-8.122930760495364666e+00,9.024056043999735266e-01,2.112738659488968551e+00
-8.145930760540068150e+00,9.374056043743621558e-01,2.112738659488968551e+00
-8.157930761110037565e+00,9.554056042979937047e-01,2.112738659547176212e+00
-8.180930761154741049e+00,9.904056042723823339e-01,2.112738659780006856e+00
-8.192930761259049177e+00,1.008405604196013883e+00,2.112738660012837499e+00
-8.216930761002004147e+00,1.044405604217899963e+00,2.112738659896422178e+00
-8.240930761210620403e+00,1.080405604414409027e+00,2.112738660187460482e+00
-8.252930760849267244e+00,1.098405604396248236e+00,2.112738659954629838e+00
-8.276930761989206076e+00,1.133405604457948357e+00,2.112738660245668143e+00
-8.300930761732161045e+00,1.169405604479834437e+00,2.112738660478498787e+00
-8.324930762872099876e+00,1.205405604443512857e+00,2.112738660362083465e+00
-8.336930763442069292e+00,1.223405604425352067e+00,2.112738660420291126e+00
-8.360930762719362974e+00,1.259405604534549639e+00,2.112738660478498787e+00
-8.372930762358009815e+00,1.277405604487285018e+00,2.112738660536706448e+00
-8.396930761169642210e+00,1.313405604480067268e+00,2.112738660478498787e+00
-8.420930760446935892e+00,1.349405604589264840e+00,2.112738660362083465e+00
-8.432930761016905308e+00,1.367405604716623202e+00,2.129738660180009902e+00
-8.456930761225521564e+00,1.403405604796716943e+00,2.129738660063594580e+00
-8.480930760037153959e+00,1.439405604702187702e+00,2.129738659772556275e+00
-8.504930759314447641e+00,1.475405604724073783e+00,2.129738659365102649e+00
-8.516930759884417057e+00,1.493405604793224484e+00,2.129738659190479666e+00
-8.540930759161710739e+00,1.529405604844214395e+00,2.129738659190479666e+00
-8.552930759266018867e+00,1.547405604913365096e+00,2.129738659365102649e+00
-8.576930759008973837e+00,1.582405604945961386e+00,2.129738659365102649e+00
-8.600930758751928806e+00,1.618405604909639806e+00,2.129738659015856683e+00
-8.612930759321898222e+00,1.636405604600440711e+00,2.129738659306894988e+00
-8.636930758133530617e+00,1.672405604855157435e+00,2.129738659074064344e+00
-8.648930757772177458e+00,1.690405604720581323e+00,2.129738659248687327e+00
-8.672930757980793715e+00,1.726405604567844421e+00,2.129738659248687327e+00
-8.708930757828056812e+00,1.780405604396946728e+00,2.129738659306894988e+00
-8.720930757001042366e+00,1.798405604029539973e+00,2.129738659190479666e+00
-8.732930757571011782e+00,1.816405604069586843e+00,2.129738658957649022e+00
-8.756930757313966751e+00,1.852405604207888246e+00,2.129738659423310310e+00
-8.780930759385228157e+00,1.888405604229774326e+00,2.129738659597933292e+00
-8.792930759489536285e+00,1.906405604386236519e+00,2.129738659656140953e+00
-8.816930759232491255e+00,1.942405604117084295e+00,2.129738659481517971e+00
-8.852930758148431778e+00,1.996405604120809585e+00,2.129738659539725631e+00
-8.888930757995694876e+00,2.050405604648403823e+00,2.129738659772556275e+00
-8.900930758100003004e+00,2.068405604572035372e+00,2.129738659714348614e+00
-8.924930760171264410e+00,2.104405604244675487e+00,2.129738659772556275e+00
-8.936930760275572538e+00,2.122405604401137680e+00,2.129738659423310310e+00
-8.960930760484188795e+00,2.158405604423023760e+00,2.129738659597933292e+00
-8.972930759191513062e+00,2.175405604415573180e+00,2.129738659481517971e+00
-8.996930758003145456e+00,2.210405604331754148e+00,2.129738659539725631e+00
-9.008930758107453585e+00,2.228405604080762714e+00,2.129738659539725631e+00
-9.032930759713053703e+00,2.264405604510102421e+00,2.129738659539725631e+00
-9.056930759456008673e+00,2.300405604299157858e+00,2.129738659830763936e+00
-9.092930759303271770e+00,2.353405604371801019e+00,2.129738659888971597e+00
-9.104930758476257324e+00,2.370405604306142777e+00,2.129738660296425223e+00
-9.128930758219212294e+00,2.406405604269821197e+00,2.129738660180009902e+00
-9.140930757857859135e+00,2.424405604077037424e+00,2.129738660121802241e+00
-9.164930757600814104e+00,2.459405604109633714e+00,2.129738660121802241e+00
-9.176930758636444807e+00,2.477405604266095906e+00,2.129738660238217562e+00
-9.212930757552385330e+00,2.531405604269821197e+00,2.129738660180009902e+00
-9.236930759623646736e+00,2.566405604302417487e+00,2.129738660005386919e+00
-9.272930759005248547e+00,2.620405604306142777e+00,2.129738660121802241e+00
-9.284930759109556675e+00,2.638405604811850935e+00,2.129738660180009902e+00
-9.308930757455527782e+00,2.674405604717321694e+00,2.129738660180009902e+00
-9.320930756628513336e+00,2.692405604873783886e+00,2.129738660005386919e+00
-9.344930755905807018e+00,2.727405605022795498e+00,2.129738660005386919e+00
-9.356930755544453859e+00,2.745405604888219386e+00,2.129738659830763936e+00
-9.380930756684392691e+00,2.781405604851897806e+00,2.129738659656140953e+00
-9.392930758185684681e+00,2.799405605008359998e+00,2.129738659597933292e+00
-9.416930757462978363e+00,2.835405604972038418e+00,2.129738659597933292e+00
-9.440930758137255907e+00,2.871405604935716838e+00,2.129738659539725631e+00
-9.475930758751928806e+00,2.924405605066567659e+00,2.129738659656140953e+00
-9.487930756527930498e+00,2.941405605059117079e+00,2.129738659597933292e+00
-9.511930757202208042e+00,2.977405605197418481e+00,2.129738659539725631e+00
-9.534930758643895388e+00,3.012405604997184128e+00,2.129738659481517971e+00
-9.542930760886520147e+00,3.024405605043284595e+00,2.129738659597933292e+00
-9.547930759843438864e+00,3.031405605084728450e+00,2.112738659605383873e+00
-9.563930760137736797e+00,3.056405605166219175e+00,2.094738659390714020e+00
-9.574930760078132153e+00,3.074405605089850724e+00,2.094738659390714020e+00
-9.596930759493261576e+00,3.111405605275649577e+00,2.094738659448921680e+00
-9.629930759314447641e+00,3.165405605221167207e+00,2.094738659216091037e+00
-9.640930759254842997e+00,3.182405605446547270e+00,2.094738659099675715e+00
-9.663930759299546480e+00,3.220405605505220592e+00,2.077738659165333956e+00
-9.696930759586393833e+00,3.274405605625361204e+00,2.077738659281749278e+00
-9.707930760458111763e+00,3.292405605665408075e+00,2.077738659165333956e+00
-9.729930759873241186e+00,3.328405605861917138e+00,2.077738659223541617e+00
-9.751930759754031897e+00,3.364405606407672167e+00,2.077738659281749278e+00
-9.762930758763104677e+00,3.382405606913380325e+00,2.077738659165333956e+00
-9.784930759575217962e+00,3.418405606178566813e+00,2.077738659339956939e+00
-9.818930759560316801e+00,3.473405605880543590e+00,2.077738659165333956e+00
-9.829930759500712156e+00,3.491405606037005782e+00,2.077738659223541617e+00
-9.851930758450180292e+00,3.528405606281012297e+00,2.077738659514579922e+00
-9.862930758390575647e+00,3.546405606088228524e+00,2.077738659514579922e+00
-9.884930758271366358e+00,3.582405605935491621e+00,2.077738659514579922e+00
-9.906930757220834494e+00,3.619405606412328780e+00,2.077738659398164600e+00
-9.917930758558213711e+00,3.637405606568790972e+00,2.077738659572787583e+00
-9.939930757507681847e+00,3.673405606532469392e+00,2.077738659572787583e+00
-9.950930758845061064e+00,3.691405606339685619e+00,2.077738659572787583e+00
-9.983930759131908417e+00,3.746405606274493039e+00,2.077738659572787583e+00
-9.994930759537965059e+00,3.764405606314539909e+00,2.077738659630995244e+00
-1.001693075988441706e+01,3.801405605976469815e+00,2.077738659863825887e+00
-1.002893076045438647e+01,3.820405605831183493e+00,2.077738659863825887e+00
-1.005093076219782233e+01,3.857405605725944042e+00,2.077738659922033548e+00
-1.007293076300993562e+01,3.893405605223961174e+00,2.077738659863825887e+00
-1.008393076434731483e+01,3.911405604914762080e+00,2.077738660096656531e+00
-1.010593076236546040e+01,3.947405605576932430e+00,2.077738660096656531e+00
-1.011693076184019446e+01,3.965405605849809945e+00,2.077738660038448870e+00
-1.014993076259270310e+01,4.019405606202781200e+00,2.077738660038448870e+00
-1.016093076393008232e+01,4.037405606242828071e+00,2.077738659863825887e+00
-1.018293076101690531e+01,4.074405606486834586e+00,2.077738659805618227e+00
-1.019393076281994581e+01,4.092405606177635491e+00,2.077738659514579922e+00
-1.021593076363205910e+01,4.128405605908483267e+00,2.077738659572787583e+00
-1.022693076496943831e+01,4.147405606345273554e+00,2.077738659514579922e+00
-1.025993076479062438e+01,4.202405606280080974e+00,2.077738659456372261e+00
-1.028193076374009252e+01,4.238405607058666646e+00,2.077738659689202905e+00
-1.030393076268956065e+01,4.275405607186257839e+00,2.077738659514579922e+00
-1.033693076157942414e+01,4.329405607772059739e+00,2.077738659398164600e+00
-1.034793076291680336e+01,4.347405607695691288e+00,2.077738659630995244e+00
-1.036993076186627150e+01,4.384405608056113124e+00,2.077738659630995244e+00
-1.038093076366931200e+01,4.402405607979744673e+00,2.077738659456372261e+00
-1.040293076494708657e+01,4.438405607594177127e+00,2.077738659630995244e+00
-1.041393076721578836e+01,4.455405607703141868e+00,2.077738659689202905e+00
-1.043593076849356294e+01,4.490405607153661549e+00,2.094738659623544663e+00
-1.044693076750263572e+01,4.507405607379041612e+00,2.094738659681752324e+00
-1.046893076831474900e+01,4.542405606945976615e+00,2.094738659507129341e+00
-1.050193076860159636e+01,4.593405606690794230e+00,2.094738659448921680e+00
-1.051293076900765300e+01,4.610405606334097683e+00,2.094738659332506359e+00
-1.053493076981976628e+01,4.646405606297776103e+00,2.112738659256137908e+00
-1.054593076836317778e+01,4.663405606173910201e+00,2.112738658848684281e+00
-1.056893076794221997e+01,4.699405606370419264e+00,2.112738658906891942e+00
-1.058093076804652810e+01,4.717405606876127422e+00,2.112738659081514925e+00
-1.060393076902255416e+01,4.753405607887543738e+00,2.112738659081514925e+00
-1.061593076912686229e+01,4.771405608393251896e+00,2.112738659314345568e+00
-1.063893076917156577e+01,4.807405607891269028e+00,2.112738659663591534e+00
-1.066193076875060797e+01,4.842405608040280640e+00,2.112738659372553229e+00
-1.068593076849356294e+01,4.878405608003959060e+00,2.112738659314345568e+00
-1.069793076859787107e+01,4.896405607461929321e+00,2.112738659314345568e+00
-1.072193076927214861e+01,4.931405607028864324e+00,2.112738659430760890e+00
-1.074493076931685209e+01,4.967405607108958066e+00,2.112738659605383873e+00
-1.075693077035248280e+01,4.985405607149004936e+00,2.112738659721799195e+00
-1.077993077272549272e+01,5.020405607298016548e+00,2.112738659488968551e+00
-1.079193077329546213e+01,5.038405607570894063e+00,2.112738659488968551e+00
-1.081593077396973968e+01,5.074405607883818448e+00,2.112738659430760890e+00
-1.083993077324703336e+01,5.110405608545988798e+00,2.112738659430760890e+00
-1.086393077159300447e+01,5.146405608509667218e+00,2.112738659547176212e+00
-1.087593077123165131e+01,5.164405608433298767e+00,2.112738659314345568e+00
-1.089993077097460628e+01,5.199405609164386988e+00,2.112738659488968551e+00
-1.092293077148497105e+01,5.234405609080567956e+00,2.112738659547176212e+00
-1.093493077065795660e+01,5.252405609353445470e+00,2.112738659430760890e+00
-1.095893077040091157e+01,5.288405609899200499e+00,2.112738659430760890e+00
-1.097093076957389712e+01,5.306405610288493335e+00,2.112738659605383873e+00
-1.099493076931685209e+01,5.342405609786510468e+00,2.112738659605383873e+00
-1.101893076905980706e+01,5.378405608935281634e+00,2.112738659663591534e+00
-1.104293076833710074e+01,5.414405609131790698e+00,2.112738659780006856e+00
-1.106693076714873314e+01,5.449405608815141022e+00,2.112738659838214517e+00
-1.111493076616898179e+01,5.521405608858913183e+00,2.112738659838214517e+00
-1.112693076673895121e+01,5.539405609248206019e+00,2.112738659954629838e+00
-1.113893076544627547e+01,5.557405608822591603e+00,2.112738660012837499e+00
-1.115093076461926103e+01,5.575405608746223152e+00,2.112738659954629838e+00
-1.117493076436221600e+01,5.610405609477311373e+00,2.112738659838214517e+00
-1.119893076643347740e+01,5.646405609091743827e+00,2.112738660012837499e+00
-1.123493076628074050e+01,5.700405608862638474e+00,2.112738660129252821e+00
-1.124693076545372605e+01,5.718405609368346632e+00,2.112738659605383873e+00
-1.127093076566234231e+01,5.754405609448440373e+00,2.129738659365102649e+00
-1.128293076390400529e+01,5.772405608906410635e+00,2.129738658957649022e+00
-1.130693076364696026e+01,5.807405608706176281e+00,2.129738659306894988e+00
-1.131893076281994581e+01,5.824405609047971666e+00,2.129738659423310310e+00
-1.134293076302856207e+01,5.860405609826557338e+00,2.129738659423310310e+00
-1.135493076220154762e+01,5.878405610215850174e+00,2.129738659714348614e+00
-1.137893076054751873e+01,5.914405610645189881e+00,2.129738659830763936e+00
-1.140293076029047370e+01,5.950405610492452979e+00,2.129738659597933292e+00
-1.142693076096475124e+01,5.986405611154623330e+00,2.129738659714348614e+00
-1.143893076200038195e+01,6.004405611543916166e+00,2.129738659539725631e+00
-1.146293076220899820e+01,6.040405611624009907e+00,2.129738659539725631e+00
-1.147393076214939356e+01,6.057405612547881901e+00,2.129738659772556275e+00
-1.149793076142668724e+01,6.093405612627975643e+00,2.129738659772556275e+00
-1.152193076210096478e+01,6.129405612824484706e+00,2.129738659772556275e+00
-1.154593076184391975e+01,6.164405612507835031e+00,2.112738659721799195e+00
-1.155793076194822788e+01,6.182405613013543189e+00,2.112738659372553229e+00
-1.156993076065555215e+01,6.200405614101327956e+00,2.112738659372553229e+00
-1.159393076132982969e+01,6.236405614530667663e+00,2.112738659605383873e+00
-1.162993076117709279e+01,6.290405614068731666e+00,2.129738659481517971e+00
-1.164193076221272349e+01,6.308405613992363214e+00,2.129738659423310310e+00
-1.165393076231703162e+01,6.326405614847317338e+00,2.129738659714348614e+00
-1.167793076159432530e+01,6.362405614927411079e+00,2.129738659539725631e+00
-1.168993076262995601e+01,6.380405614618211985e+00,2.129738659481517971e+00
-1.173793076304718852e+01,6.451405614614486694e+00,2.112738659663591534e+00
-1.174993076315149665e+01,6.469405615003779531e+00,2.112738659721799195e+00
-1.177393076336011291e+01,6.505405615083873272e+00,2.112738659488968551e+00
-1.178593076206743717e+01,6.523405615705996752e+00,2.129738659365102649e+00
-1.182193076098337770e+01,6.577405614778399467e+00,2.112738659139722586e+00
-1.183393076062202454e+01,6.595405613770708442e+00,2.129738659190479666e+00
-1.185793075989931822e+01,6.631405613617971539e+00,2.129738659074064344e+00
-1.188193075964227319e+01,6.666405613999813795e+00,2.129738659015856683e+00
-1.189393075741827488e+01,6.684405614156275988e+00,2.129738658957649022e+00
-1.190593075705692172e+01,6.702405615244060755e+00,2.129738659074064344e+00
-1.192993075726553798e+01,6.737405615393072367e+00,2.129738659015856683e+00
-1.195393075840547681e+01,6.772405615309253335e+00,2.129738659132272005e+00
-1.196593075850978494e+01,6.790405615698546171e+00,2.129738659015856683e+00
-1.198893075995147228e+01,6.824405615683645010e+00,2.129738659190479666e+00
-1.200893075810745358e+01,6.853405615547671914e+00,2.094738659274298698e+00
-1.201893075788393617e+01,6.868405616143718362e+00,2.094738659507129341e+00
-1.204093075776472688e+01,6.904405617155134678e+00,2.094738659565337002e+00
-1.206293075857684016e+01,6.940405617235228419e+00,2.094738659448921680e+00
-1.208493075892329216e+01,6.976405616849660873e+00,2.077738659339956939e+00
-1.210693075787276030e+01,7.011405616765841842e+00,2.077738659398164600e+00
-1.211793075827881694e+01,7.029405617155134678e+00,2.077738659514579922e+00
-1.213993075722828507e+01,7.066405616933479905e+00,2.077738659456372261e+00
-1.217293075611814857e+01,7.121405616635456681e+00,2.077738659630995244e+00
-1.218493075668811798e+01,7.140405616955831647e+00,2.077738659747410566e+00
-1.220693075703456998e+01,7.176405616803094745e+00,2.077738659630995244e+00
-1.222893075644969940e+01,7.213405617512762547e+00,2.077738659572787583e+00
-1.223993075639009476e+01,7.231405617669224739e+00,2.077738659281749278e+00
-1.225093075726181269e+01,7.249405617825686932e+00,2.077738659048918635e+00
-1.227293075714260340e+01,7.285405617905780673e+00,2.077738659107126296e+00
-1.228393075801432133e+01,7.303405617130920291e+00,2.077738659048918635e+00
-1.230593075603246689e+01,7.339405617676675320e+00,2.077738659165333956e+00
-1.232793075637891889e+01,7.375405617756769061e+00,2.077738659339956939e+00
-1.234793075639754534e+01,7.409405618207529187e+00,2.077738659281749278e+00
-1.235793075663968921e+01,7.426405618898570538e+00,2.077738659165333956e+00
-1.238893075566738844e+01,7.479405618971213698e+00,2.059738659125287086e+00
-1.239893075544387102e+01,7.497405619360506535e+00,2.059738659183494747e+00
-1.240893075708299875e+01,7.514405618887394667e+00,2.059738659067079425e+00
-1.242893075617030263e+01,7.550405618036165833e+00,2.059738659067079425e+00
-1.243893075408414006e+01,7.568405617261305451e+00,2.042738659132737666e+00
-1.245893075549975038e+01,7.604405616875737906e+00,2.042738659190945327e+00
-1.248893075436353683e+01,7.658405617345124483e+00,2.042738659365568310e+00
-1.249893075181171298e+01,7.675405617337673903e+00,2.024738659267313778e+00
-1.251793075213208795e+01,7.711405617417767644e+00,2.024738659383729100e+00
-1.252693075081333518e+01,7.729405616642907262e+00,2.024738659209106117e+00
-1.254593075066804886e+01,7.765405616257339716e+00,2.024738659034483135e+00
-1.255493074888363481e+01,7.783405615715309978e+00,2.007738659158349037e+00
-1.257493074890226126e+01,7.821405615424737334e+00,2.007738659391179681e+00
-1.258493074961006641e+01,7.840405614115297794e+00,2.007738659507595003e+00
-1.260293074790388346e+01,7.876405613031238317e+00,2.007738659332972020e+00
-1.263893074728548527e+01,7.948405613424256444e+00,2.024738658976275474e+00
-1.265893074870109558e+01,7.984405613271519542e+00,2.024738658859860152e+00
-1.267893074639141560e+01,8.021405613515526056e+00,2.042738658783491701e+00
-1.268893074616789818e+01,8.039405611809343100e+00,2.042738658783491701e+00
-1.270893074572086334e+01,8.074405613355338573e+00,2.059738658950664103e+00
-1.271993074659258127e+01,8.092405613744631410e+00,2.077738658816087991e+00
-1.274093074724078178e+01,8.126405614195391536e+00,2.094738658808637410e+00
-1.275193074811249971e+01,8.143405614420771599e+00,2.112738658732268959e+00
-1.278693075012415648e+01,8.194405614864081144e+00,2.147738658299203962e+00
-1.279893075115978718e+01,8.211405614856630564e+00,2.164738658117130399e+00
-1.282293075229972601e+01,8.243405615212395787e+00,2.164738657942507416e+00
-1.283493075426667929e+01,8.259405615506693721e+00,2.164738657884299755e+00
-1.285893075075000525e+01,8.291405615862458944e+00,2.182738658215384930e+00
-1.288393075019121170e+01,8.323405615752562881e+00,2.182738658215384930e+00
-1.289593075029551983e+01,8.339405615814030170e+00,2.182738658215384930e+00
-1.292093074880540371e+01,8.371405616402626038e+00,2.199738658091519028e+00
-1.293393074814230204e+01,8.387405617162585258e+00,2.199738658324349672e+00
-1.298393074795603752e+01,8.450405617477372289e+00,2.216738658316899091e+00
-1.300993074569851160e+01,8.481405617669224739e+00,2.216738658666145056e+00
-1.303593074716627598e+01,8.513405618956312537e+00,2.216738659015391022e+00
-1.304893075022846460e+01,8.529405618552118540e+00,2.234738659288268536e+00
-1.307493075076490641e+01,8.560405618976801634e+00,2.234738659404683858e+00
-1.310093075223267078e+01,8.592405618168413639e+00,2.234738659637514502e+00
-1.311393075436353683e+01,8.608405618695542216e+00,2.234738659288268536e+00
-1.314093075413256884e+01,8.640405616955831647e+00,2.234738659230060875e+00
-1.316793075390160084e+01,8.672405616845935583e+00,2.234738659579306841e+00
-1.318093075510114431e+01,8.688405617838725448e+00,2.234738659230060875e+00
-1.320793075580149889e+01,8.720405619591474533e+00,2.251738659455440938e+00
-1.323493075650185347e+01,8.752405620180070400e+00,2.251738659513648599e+00
-1.324893075414001942e+01,8.768405620241537690e+00,2.251738659397233278e+00
-1.327593075484037399e+01,8.800405619665980339e+00,2.251738659513648599e+00
-1.330293075181543827e+01,8.832405620254576206e+00,2.251738659513648599e+00
-1.331693075131624937e+01,8.848405621014535427e+00,2.251738659280817956e+00
-1.333093074988573790e+01,8.864405621308833361e+00,2.251738659222610295e+00
-1.335893074702471495e+01,8.896405620966106653e+00,2.251738659164402634e+00
-1.338693074416369200e+01,8.928405620623379946e+00,2.251738659047987312e+00
-1.341393074393272400e+01,8.959405620116740465e+00,2.251738659047987312e+00
-1.344193074479699135e+01,8.991405620006844401e+00,2.251738659280817956e+00
-1.346793074626475573e+01,9.021405620034784079e+00,2.251738659397233278e+00
-1.348093074560165405e+01,9.036405620863661170e+00,2.251738659455440938e+00
-1.350693074613809586e+01,9.066405620891600847e+00,2.234738659404683858e+00
-1.353293074667453766e+01,9.097405621549114585e+00,2.234738659637514502e+00
-1.354593074601143599e+01,9.112405620981007814e+00,2.234738659462891519e+00
-1.357193074654787779e+01,9.142405621474608779e+00,2.234738659404683858e+00
-1.358493074588477612e+01,9.157405621837824583e+00,2.234738659346476197e+00
-1.361093074548989534e+01,9.188405621796846390e+00,2.216738659539259970e+00
-1.363693074602633715e+01,9.219405622221529484e+00,2.216738659888505936e+00
-1.366293074749410152e+01,9.250405621714890003e+00,2.216738660004921257e+00
-1.367593074776232243e+01,9.266405622009187937e+00,2.216738660121336579e+00
-1.370193074736744165e+01,9.298405621899291873e+00,2.199738660303410143e+00
-1.372793074883520603e+01,9.330405622953549027e+00,2.199738660128787160e+00
-1.374093075003474951e+01,9.346405623247846961e+00,2.199738660128787160e+00
-1.376593075040727854e+01,9.378405624302104115e+00,2.182738659961614758e+00
-1.377793074958026409e+01,9.394405625527724624e+00,2.182738659961614758e+00
-1.380193075072020292e+01,9.426405625650659204e+00,2.182738659845199436e+00
-1.382693074829876423e+01,9.459405624074861407e+00,2.182738659961614758e+00
-1.385293074976652861e+01,9.493405623128637671e+00,2.164738660329021513e+00
-1.387893075123429298e+01,9.527405623346567154e+00,2.164738660212606192e+00
-1.389093075040727854e+01,9.544405623571947217e+00,2.164738660329021513e+00
-1.390393075067549944e+01,9.561405623331665993e+00,2.164738660154398531e+00
-1.392993075121194124e+01,9.595405623316764832e+00,2.164738660096190870e+00
-1.395493075251579285e+01,9.629405621672049165e+00,2.164738659979775548e+00
-1.396793075185269117e+01,9.647405621828511357e+00,2.164738659979775548e+00
-1.399293075222522020e+01,9.681405620649456978e+00,2.164738659921567887e+00
-1.403093075286597013e+01,9.732405620161443949e+00,2.164738659863360226e+00
-1.405593075416982174e+01,9.766405619448050857e+00,2.164738659921567887e+00
-1.408193075656890869e+01,9.800405618501827121e+00,2.164738659630529583e+00
-1.410693075694143772e+01,9.835405617486685514e+00,2.164738659572321922e+00
-1.411993075627833605e+01,9.852405616780743003e+00,2.164738659339491278e+00
-1.414493075758218765e+01,9.887405616464093328e+00,2.164738659164868295e+00
-1.415793075785040855e+01,9.904405617387965322e+00,2.164738658990245312e+00
-1.418193075992166996e+01,9.938405616208910942e+00,2.164738658873829991e+00
-1.420793075952678919e+01,9.972405617823824286e+00,2.164738659048452973e+00
-1.421993076056241989e+01,9.989405617117881775e+00,2.164738658815622330e+00
-1.424593076203018427e+01,1.002440561540424824e+01,2.164738659106660634e+00
-1.427093076054006815e+01,1.005840561562217772e+01,2.164738659106660634e+00
-1.429593076091259718e+01,1.009340561646968126e+01,2.164738658757414669e+00
-1.430893076211214066e+01,1.011040561739355326e+01,2.164738658873829991e+00
-1.433393076341599226e+01,1.014440561761148274e+01,2.164738658815622330e+00
-1.434593076538294554e+01,1.016140561667270958e+01,2.164738658815622330e+00
-1.437093076668679714e+01,1.019540561619214714e+01,2.164738658815622330e+00
-1.438393076509237289e+01,1.021340561658143997e+01,2.164738658815622330e+00
-1.440893076453357935e+01,1.024840561533346772e+01,2.147738658706657588e+00
-1.443293076474219561e+01,1.028140561538748443e+01,2.164738658932037652e+00
-1.445293076429516077e+01,1.030940561648458242e+01,2.129738659074064344e+00
-1.446293076500296593e+01,1.032340561691671610e+01,2.129738659190479666e+00
-1.447493076510727406e+01,1.034140561777167022e+01,2.112738659197930247e+00
-1.449893076531589031e+01,1.037640561582520604e+01,2.112738659081514925e+00
-1.450993076711893082e+01,1.039440561598166823e+01,2.112738659139722586e+00
-1.453393076639622450e+01,1.043040561629459262e+01,2.112738659023307264e+00
-1.454593076743185520e+01,1.044840561645105481e+01,2.112738659023307264e+00
-1.456993076764047146e+01,1.048440561629831791e+01,2.112738658965099603e+00
-1.458193076867610216e+01,1.050240561575628817e+01,2.112738658906891942e+00
-1.460593077074736357e+01,1.053840561816468835e+01,2.112738658848684281e+00
-1.464093077089637518e+01,1.059240561816841364e+01,2.112738659139722586e+00
-1.465293077193200588e+01,1.061040561925619841e+01,2.112738659314345568e+00
-1.467693076934665442e+01,1.064640562050044537e+01,2.112738659488968551e+00
-1.468793077114969492e+01,1.066440562065690756e+01,2.112738659488968551e+00
-1.471193077135831118e+01,1.070040561910718679e+01,2.112738659430760890e+00
-1.472393077053129673e+01,1.071840561903081834e+01,2.112738659721799195e+00
-1.474793076980859041e+01,1.075440562143921852e+01,2.112738659256137908e+00
-1.475993077084422112e+01,1.077240562089718878e+01,2.112738659081514925e+00
-1.478393077198415995e+01,1.080840562074445188e+01,2.112738658906891942e+00
-1.480693077389150858e+01,1.084440562012605369e+01,2.112738659139722586e+00
-1.483093077503144741e+01,1.088040561880916357e+01,2.112738659197930247e+00
-1.486593077331781387e+01,1.093340561958029866e+01,2.112738658790476620e+00
-1.488993077445775270e+01,1.096940561896190047e+01,2.112738658441230655e+00
-1.491293077263981104e+01,1.100540561834350228e+01,2.112738658732268959e+00
-1.492493076995015144e+01,1.102340561733581126e+01,2.112738658324815333e+00
-1.494893077202141285e+01,1.105940561741590500e+01,2.112738658266607672e+00
-1.496093077305704355e+01,1.107740561827085912e+01,2.112738658150192350e+00
-1.498393077310174704e+01,1.111340561765246093e+01,2.112738658091984689e+00
-1.500593077298253775e+01,1.114740561787039042e+01,2.112738658150192350e+00
-1.502793077193200588e+01,1.118140561808831990e+01,2.112738658150192350e+00
-1.503893077094107866e+01,1.119840561761520803e+01,2.094738658284768462e+00
-1.506093077082186937e+01,1.123240561829879880e+01,2.094738658226560801e+00
-1.508293077070266008e+01,1.126640561805106699e+01,2.094738658110145479e+00
-1.509393077064305544e+01,1.128340561920776963e+01,2.094738658284768462e+00
-1.510493077151477337e+01,1.130140562122687697e+01,2.094738657993730158e+00
-1.512693077139556408e+01,1.133640562114305794e+01,2.077738657768350095e+00
-1.514893076848238707e+01,1.137140562222339213e+01,2.077738658001180738e+00
-1.516993077006191015e+01,1.140540562197566032e+01,2.077738657942973077e+00
-1.518993077147752047e+01,1.143940562172792852e+01,2.094738657819107175e+00
-1.520093077141791582e+01,1.145640562078915536e+01,2.094738657528068870e+00
-1.522293077036738396e+01,1.149240561993792653e+01,2.094738657237030566e+00
-1.524493077024817467e+01,1.152640561806038022e+01,2.112738657335285097e+00
-1.525593076925724745e+01,1.154340561735443771e+01,2.112738657218869776e+00
-1.527793076727539301e+01,1.157740561850368977e+01,2.112738656986039132e+00
-1.528893076628446579e+01,1.159440561919473112e+01,2.112738657335285097e+00
-1.531093076802790165e+01,1.162840561755001545e+01,2.112738657218869776e+00
-1.533293076697736979e+01,1.166140561713837087e+01,2.112738656927831471e+00
-1.535493076872080564e+01,1.169540561642497778e+01,2.112738656811416149e+00
-1.536593076959252357e+01,1.171240561571903527e+01,2.112738656811416149e+00
-1.538793076761066914e+01,1.174640561523847282e+01,2.094738656887784600e+00
-1.541993076726794243e+01,1.179740561544895172e+01,2.094738656771369278e+00
-1.544193076714873314e+01,1.183140561659820378e+01,2.077738656778819859e+00
-1.545193076692521572e+01,1.184940561489202082e+01,2.077738656662404537e+00
-1.547193076647818089e+01,1.188440561480820179e+01,2.059738656680565327e+00
-1.549193076696246862e+01,1.192040561605244875e+01,2.042738656688015908e+00
-1.551093076635152102e+01,1.195640561589971185e+01,2.007738656713627279e+00
-1.551993076596409082e+01,1.197440561535768211e+01,2.007738656480796635e+00
-1.553793076518923044e+01,1.201040561520494521e+01,1.990738656662870198e+00
-1.555493076611310244e+01,1.204740561475045979e+01,1.972738656448200345e+00
-1.556293076649308205e+01,1.206540561327710748e+01,1.955738656281027943e+00
-1.557893076539039612e+01,1.210240561235696077e+01,1.937738656299188733e+00
-1.558593076467514038e+01,1.212140561081469059e+01,1.920738656423054636e+00
-1.559993076324462891e+01,1.215840561175718904e+01,1.902738656266592443e+00
-1.560593076329678297e+01,1.217540561105124652e+01,1.867738656175788492e+00
-1.561393076367676258e+01,1.220140560995787382e+01,1.815738656150642782e+00
-1.562493076454848051e+01,1.224040561052970588e+01,1.798738656274508685e+00
-1.562993076350539923e+01,1.225940561038441956e+01,1.780738656176254153e+00
-1.563793076109141111e+01,1.229940561065450311e+01,1.745738656260073185e+00
-1.564593076054006815e+01,1.233940561139024794e+01,1.728738656092900783e+00
-1.564993075933307409e+01,1.235940561257302761e+01,1.710738655994646251e+00
-1.565693075768649578e+01,1.239940561237744987e+01,1.693738656060304493e+00
-1.565993075724691153e+01,1.241940561286173761e+01,1.675738656194880605e+00
-1.566593075636774302e+01,1.245940561266615987e+01,1.658738656085915864e+00
-1.566993075888603926e+01,1.249940561293624341e+01,1.623738656169734895e+00
-1.567293075844645500e+01,1.253940561367198825e+01,1.588738656253553927e+00
-1.567393075861036777e+01,1.255940561229363084e+01,1.571738656348315999e+00
-1.567493075877428055e+01,1.259940561046823859e+01,1.553738656395580620e+00
-1.567493075970560312e+01,1.263940561236813664e+01,1.536738656373927370e+00
-1.567493076063692570e+01,1.265940561238676310e+01,1.518738656362984329e+00
-1.567393075954169035e+01,1.271940561244264245e+01,1.483738656301284209e+00
-1.567193075828254223e+01,1.275940561247989535e+01,1.466738656075904146e+00
-1.566893075779080391e+01,1.279940561298280954e+01,1.449738655908731744e+00
-1.566693075746297836e+01,1.281940561346709728e+01,1.431738655810477212e+00
-1.565993075724691153e+01,1.287940561212599277e+01,1.414738655701512471e+00
-1.565793075785040855e+01,1.289940561261028051e+01,1.396738655894296244e+00
-1.565193075779825449e+01,1.293940561404451728e+01,1.379738655843539163e+00
-1.564793075621128082e+01,1.295940561266615987e+01,1.361738655716180801e+00
-1.564093075599521399e+01,1.299940561084076762e+01,1.361738655861699954e+00
-1.563793075550347567e+01,1.301940560992807150e+01,1.361738655832596123e+00
-1.562593075633049011e+01,1.307940561184659600e+01,1.344738655781839043e+00
-1.562193075474351645e+01,1.309940561233088374e+01,1.344738655607216060e+00
-1.561393075715750456e+01,1.313940561190247536e+01,1.326738655421650037e+00
-1.560493075847625732e+01,1.317940561380237341e+01,1.326738655305234715e+00
-1.560093075875192881e+01,1.320040561445057392e+01,1.326738655217923224e+00
-1.559193076007068157e+01,1.324140561278909445e+01,1.326738655334338546e+00
-1.558693075925111771e+01,1.326140561234205961e+01,1.326738655247027054e+00
-1.557893075793981552e+01,1.330140561237931252e+01,1.326738655305234715e+00
-1.557493075728416443e+01,1.332140561332926154e+01,1.326738655188819394e+00
-1.556693076062947512e+01,1.336140561196953058e+01,1.326738655101507902e+00
-1.555793076101690531e+01,1.340140561293810606e+01,1.309738655050750822e+00
-1.555393076315522194e+01,1.342140561435371637e+01,1.309738654934335500e+00
-1.554393076244741678e+01,1.346140561392530799e+01,1.291738654777873307e+00
-1.553293076250702143e+01,1.350040561566129327e+01,1.257738654821878299e+00
-1.552093076147139072e+01,1.353940561693161726e+01,1.222738654789282009e+00
-1.550693076103925705e+01,1.357840561680495739e+01,1.187738654814893380e+00
-1.549993076175451279e+01,1.359740561712533236e+01,1.169738654774846509e+00
-1.548493076208978891e+01,1.363540561776608229e+01,1.134738654684042558e+00
-1.546893076412379742e+01,1.367340561840683222e+01,1.099738654593238607e+00
-1.545993076544255018e+01,1.369140561949461699e+01,1.082738654658896849e+00
-1.544193076714873314e+01,1.372740561841055751e+01,1.047738654713612050e+00
-1.543193076550960541e+01,1.374540561903268099e+01,1.047738654859131202e+00
-1.541293076705187559e+01,1.378140561934560537e+01,1.012738654884742573e+00
-1.539293076749891043e+01,1.381640561949461699e+01,9.957386547757778317e-01
-1.537193076685070992e+01,1.385040561901405454e+01,9.777386547939386219e-01
-1.536093076877295971e+01,1.386740561900660396e+01,9.607386548887006938e-01
-1.534993076603859663e+01,1.388440561899915338e+01,9.607386548304930329e-01
-1.532793076708912849e+01,1.391840561944991350e+01,9.427386548777576536e-01
-1.530493076611310244e+01,1.395240561850368977e+01,9.427386549650691450e-01
-1.528193076513707638e+01,1.398640561755746603e+01,9.257386548561044037e-01
-1.526993076689541340e+01,1.400340561708435416e+01,9.257386548561044037e-01
-1.524493076466023922e+01,1.403840561769902706e+01,9.257386548561044037e-01
-1.522093076445162296e+01,1.407240561721846461e+01,9.257386547978967428e-01
-1.519593076314777136e+01,1.410840561706572771e+01,9.257386548852082342e-01
-1.518393076304346323e+01,1.412540561612695456e+01,9.257386548852082342e-01
-1.515993076469749212e+01,1.415840561501681805e+01,9.257386550016235560e-01
-1.513693076558411121e+01,1.419140561576932669e+01,9.257386550889350474e-01
-1.510093076620250940e+01,1.424240561528131366e+01,9.427386551396921277e-01
-1.508993076533079147e+01,1.425940561760216951e+01,9.607386550051160157e-01
-1.506893076654523611e+01,1.429240561928600073e+01,9.777386548812501132e-01
-1.505793076753616333e+01,1.430940561927855015e+01,9.957386549504008144e-01
-1.504493076540529728e+01,1.433240562025457621e+01,1.012738655001157895e+00
-1.503493076562881470e+01,1.434940562210977077e+01,1.030738654982997105e+00
-1.501693076547235250e+01,1.438440562319010496e+01,1.047738654888235033e+00
-1.500793076399713755e+01,1.440240562334656715e+01,1.065738654899178073e+00
-1.499093076307326555e+01,1.443840562272816896e+01,1.099738654913380742e+00
-1.497493076231330633e+01,1.447540562320500612e+01,1.134738654771354049e+00
-1.496693076472729445e+01,1.449440562166273594e+01,1.152738654869608581e+00
-1.495293076336383820e+01,1.453240562044084072e+01,1.187738655018620193e+00
-1.493893076200038195e+01,1.457140561984851956e+01,1.222738655022112653e+00
-1.492693076469004154e+01,1.461040562018752098e+01,1.239738655072869733e+00
-1.492093076556921005e+01,1.463040561974048615e+01,1.257738654996501282e+00
-1.490893076732754707e+01,1.467040562117472291e+01,1.274738655076362193e+00
-1.490393077023327351e+01,1.469040561979636550e+01,1.291738655127119273e+00
-1.489393077045679092e+01,1.473040562029927969e+01,1.309738655167166144e+00
-1.488093077018857002e+01,1.478940561972558498e+01,1.326738655247027054e+00
-1.487293077073991299e+01,1.482940562069416046e+01,1.344738655199762434e+00
-1.486493076942861080e+01,1.486940562212839723e+01,1.361738655308727175e+00
-1.486193076986819506e+01,1.488940562075003982e+01,1.379738655348774046e+00
-1.486193076986819506e+01,1.488940562075003982e+01,1.379738655203254893e+00
-1.485093076806515455e+01,1.496940562175586820e+01,1.414738655235851184e+00
-1.484893076866865158e+01,1.498940562177449465e+01,1.431738655315712094e+00
-1.484493076987564564e+01,1.502940562227740884e+01,1.449738655210239813e+00
-1.484293076861649752e+01,1.506940562464296818e+01,1.466738655115477741e+00
-1.484193077031522989e+01,1.508940562605857849e+01,1.483738655049819499e+00
-1.483993077185004950e+01,1.512940562516450882e+01,1.501738655002554879e+00
-1.483993077371269464e+01,1.516940562566742301e+01,1.518738655024208128e+00
-1.483993077371269464e+01,1.518940562568604946e+01,1.536738655064254999e+00
-1.483993077650666237e+01,1.522940562572330236e+01,1.553738655173219740e+00
-1.484093077760189772e+01,1.526940562436357141e+01,1.588738655205816031e+00
-1.484193077683448792e+01,1.528940562484785914e+01,1.588738655380439013e+00
-1.484393077809363604e+01,1.532940562581643462e+01,1.606738655420485884e+00
-1.484693077765405178e+01,1.536940562492236495e+01,1.623738655587658286e+00
-1.484893077891319990e+01,1.538940562587231398e+01,1.623738655471242964e+00
-1.485293077956885099e+01,1.542940562637522817e+01,1.641738655569497496e+00
-1.485493078082799911e+01,1.544940562499687076e+01,1.641738655336666852e+00
-1.485893078148365021e+01,1.549040562566369772e+01,1.641738655511289835e+00
-1.486293078213930130e+01,1.553240562556311488e+01,1.658738655329216272e+00
-1.486693078186362982e+01,1.557440562546253204e+01,1.658738655329216272e+00
-1.487193078082054853e+01,1.561440562410280108e+01,1.658738655096385628e+00
-1.487393078114837408e+01,1.563440562412142754e+01,1.658738655154593289e+00
-1.487793077901005745e+01,1.567440562369301915e+01,1.658738655096385628e+00
-1.488193077966570854e+01,1.571440562233328819e+01,1.641738655162043869e+00
-1.488393077906221151e+01,1.573440562374889851e+01,1.641738655394874513e+00
-1.488793078064918518e+01,1.577440562285482883e+01,1.641738655336666852e+00
-1.488993078004568815e+01,1.579540562210604548e+01,1.641738655220251530e+00
-1.489393077883869410e+01,1.583740561967715621e+01,1.641738655336666852e+00
-1.489993077982217073e+01,1.590040561789646745e+01,1.641738655162043869e+00
-1.490393078047782183e+01,1.594240561779588461e+01,1.641738655103836209e+00
-1.490793078113347292e+01,1.598240561829879880e+01,1.641738654987420887e+00
-1.490993078052997589e+01,1.600240561831742525e+01,1.641738655045628548e+00
-1.491393078211694956e+01,1.604240561928600073e+01,1.641738654871005565e+00
-1.491593078337609768e+01,1.606240561930462718e+01,1.641738654696382582e+00
-1.491993078403174877e+01,1.610240561794489622e+01,1.641738654696382582e+00
-1.492393078375607729e+01,1.614240561891347170e+01,1.623738654598128051e+00
-1.492993078101426363e+01,1.620240561896935105e+01,1.623738654481712729e+00
-1.493193078227341175e+01,1.622240561898797750e+01,1.623738654423505068e+00
-1.493593078199774027e+01,1.626240561855956912e+01,1.623738654307089746e+00
-1.493793078232556581e+01,1.628240561857819557e+01,1.623738654307089746e+00
-1.493993077892810106e+01,1.630240561906248331e+01,1.641738654638174921e+00
-1.494393077865242958e+01,1.634240562096238136e+01,1.641738654521759599e+00
-1.494593077711760998e+01,1.636240562051534653e+01,1.641738654463551939e+00
-1.494993077777326107e+01,1.640240561915561557e+01,1.623738654248882085e+00
-1.495193077903240919e+01,1.644240561872720718e+01,1.588738654507324100e+00
-1.495293077640235424e+01,1.648240561736747622e+01,1.553738654445623979e+00
-1.495293077547103167e+01,1.652240561600774527e+01,1.518738654442131519e+00
-1.495193077530711889e+01,1.656240561651065946e+01,1.466738654300570488e+00
-1.494993077591061592e+01,1.658240561699494720e+01,1.449738654308021069e+00
-1.494793077651411295e+01,1.660240561747923493e+01,1.414738654450047761e+00
-1.494293077569454908e+01,1.664140561968088150e+01,1.361738654639339074e+00
-1.494093077629804611e+01,1.665440562041476369e+01,1.344738654792308807e+00
-1.493693077657371759e+01,1.667440562136471272e+01,1.309738654788816348e+00
-1.493293077591806650e+01,1.669240562058985233e+01,1.274738654901739210e+00
-1.492993077356368303e+01,1.670140562113374472e+01,1.257738654880085960e+00
-1.492393077258020639e+01,1.671940561989322305e+01,1.222738654818385839e+00
-1.491793077439069748e+01,1.673740562051534653e+01,1.187738654931308702e+00
-1.491093077324330807e+01,1.675540562206879258e+01,1.152738654956920072e+00
-1.490293077193200588e+01,1.677340562082827091e+01,1.134738654945977032e+00
-1.489893077313899994e+01,1.678240561811253428e+01,1.117738654866116121e+00
-1.489093077275902033e+01,1.679940561903640628e+01,1.099738654913380742e+00
-1.488693077396601439e+01,1.680840561818331480e+01,1.082738654949935153e+00
-1.487793077342212200e+01,1.682540561724454165e+01,1.065738655073801056e+00
-1.487393077462911606e+01,1.683340561995282769e+01,1.065738655073801056e+00
-1.486493077222257853e+01,1.684940561931580305e+01,1.047738655150169507e+00
-1.485493077058345079e+01,1.686640561977401376e+01,1.030738655099412426e+00
-1.484493076987564564e+01,1.688340562116354704e+01,1.030738655215827748e+00
-1.483993076998740435e+01,1.689140562061220407e+01,1.012738655233988538e+00
-1.482993077114224434e+01,1.690740561904385686e+01,9.957386551541276276e-01
-1.482493077032268047e+01,1.691540561662986875e+01,9.957386552414391190e-01
-1.480493077170103788e+01,1.694740561628714204e+01,9.427386552270036191e-01
-1.479993077367544174e+01,1.695440561557188630e+01,9.427386551978997886e-01
-1.479493077192455530e+01,1.696240561828017235e+01,9.257386550307273865e-01
-1.479393076989799738e+01,1.696440561907365918e+01,9.257386551180388778e-01
-1.479293077159672976e+01,1.696640562033280730e+01,9.427386550523806363e-01
-1.479193077329546213e+01,1.696940561896190047e+01,1.082738654920831323e+00
-1.479193077329546213e+01,1.696940561756491661e+01,1.291738654865184799e+00
-1.479193077422678471e+01,1.696740561677142978e+01,1.344738654908724129e+00
-1.479193077329546213e+01,1.696240562014281750e+01,1.361738654988585040e+00
-1.479193077329546213e+01,1.696640561986714602e+01,1.361738654843065888e+00
-1.478893077373504639e+01,1.698140561953186989e+01,1.326738654723158106e+00
-1.478693077433854342e+01,1.699040562054142356e+01,1.309738654701504856e+00
-1.478293077554553747e+01,1.701040561823174357e+01,1.257738654792774469e+00
-1.477293077763170004e+01,1.704040562035515904e+01,1.152738654927816242e+00
-1.476893077604472637e+01,1.705040562292560935e+01,1.117738654982531443e+00
-1.475893077533692122e+01,1.706940562278032303e+01,1.047738655091961846e+00
-1.475393077451735735e+01,1.707840562099590898e+01,1.012738655059365556e+00
-1.474393077380955219e+01,1.709340561833232641e+01,9.607386550051160157e-01
-1.473993077315390110e+01,1.709940561791881919e+01,9.257386548852082342e-01
-1.473393077310174704e+01,1.710740561690181494e+01,8.557386550237424672e-01
-1.473093077354133129e+01,1.711140561522915959e+01,8.387386550894008197e-01
-1.471393077354878187e+01,1.713040561275556684e+01,7.507386551587842405e-01
-1.470693077240139246e+01,1.713740561529994011e+01,7.157386550825320937e-01
-1.469493077229708433e+01,1.714740561554208398e+01,6.637386552320094779e-01
-1.469493077415972948e+01,1.714740561367943883e+01,6.637386553338728845e-01
-1.469493077322840691e+01,1.714740561321377754e+01,6.637386553047690541e-01
-1.469493077509105206e+01,1.714740561274811625e+01,6.637386553484247997e-01
-1.469493077602237463e+01,1.714740561228245497e+01,6.637386554502882063e-01
-1.469493077788501978e+01,1.714740561135113239e+01,6.637386553338728845e-01
-1.469493077881634235e+01,1.714740561041980982e+01,6.637386552174575627e-01
-1.469493078067898750e+01,1.714740561135113239e+01,6.637386552029056475e-01
-1.469493078254163265e+01,1.714740561181679368e+01,6.637386552174575627e-01
-1.469493078254163265e+01,1.714740561181679368e+01,6.637386551301460713e-01
-1.469493078254163265e+01,1.714740561088547111e+01,6.637386551738018170e-01
-1.469493078347295523e+01,1.714740561041980982e+01,6.637386551883537322e-01
-1.469493078440427780e+01,1.714740561228245497e+01,6.637386551446979865e-01
-1.469493078533560038e+01,1.714740561088547111e+01,6.637386551883537322e-01
-1.469493078533560038e+01,1.714740561181679368e+01,6.637386552465613931e-01
-1.469493078440427780e+01,1.714740561088547111e+01,6.637386554066324607e-01
-1.469493078719824553e+01,1.714740561321377754e+01,6.637386554793920368e-01
-1.469493078812956810e+01,1.714740561274811625e+01,6.637386554793920368e-01
-1.469493078812956810e+01,1.714740561088547111e+01,6.637386554648400105e-01
-1.469493078812956810e+01,1.714740561088547111e+01,6.637386553775286302e-01
-1.469493078812956810e+01,1.714740561088547111e+01,6.637386554502882063e-01
-1.469493078812956810e+01,1.714740561135113239e+01,6.637386553775286302e-01
-1.469493078812956810e+01,1.714740561181679368e+01,6.637386554066324607e-01
-1.469493078812956810e+01,1.714740561321377754e+01,6.637386553920805454e-01
-1.469493078906089067e+01,1.714740561041980982e+01,6.637386554357362911e-01
-1.469493079185485840e+01,1.714740561135113239e+01,6.637386554066324607e-01
-1.469493079371750355e+01,1.714740561274811625e+01,6.637386553484247997e-01
-1.469493079371750355e+01,1.714740561321377754e+01,6.637386554066324607e-01
-1.469493079464882612e+01,1.714740561041980982e+01,6.637386554793920368e-01
-1.469493079651147127e+01,1.714740561088547111e+01,6.637386555084957562e-01
-1.469493079558014870e+01,1.714740560948848724e+01,6.637386555084957562e-01
-1.469493079837411642e+01,1.714740560669451952e+01,6.637386554502882063e-01
-1.469493079837411642e+01,1.714740560809150338e+01,6.637386554066324607e-01
-1.469493080023676157e+01,1.714740560809150338e+01,6.637386554357362911e-01
-1.469493080303072929e+01,1.714740560669451952e+01,6.637386554066324607e-01
-1.469493080303072929e+01,1.714740560762584209e+01,6.637386554502882063e-01
-1.469493080489337444e+01,1.714740560855716467e+01,6.637386553920805454e-01
-1.469493080489337444e+01,1.714740560855716467e+01,6.637386554648400105e-01
-1.469493080489337444e+01,1.714740560809150338e+01,6.637386554502882063e-01
-1.469493080489337444e+01,1.714740560622885823e+01,6.637386554211843759e-01
-1.469493080489337444e+01,1.714740560948848724e+01,6.637386553920805454e-01
-1.469493080582469702e+01,1.714740560576319695e+01,6.637386553775286302e-01
-1.469493080675601959e+01,1.714740560529753566e+01,6.637386553920805454e-01
-1.469493080768734217e+01,1.714740560483187437e+01,6.637386553338728845e-01
-1.469493080675601959e+01,1.714740560529753566e+01,6.637386553047690541e-01
-1.469493080768734217e+01,1.714740560483187437e+01,6.637386552902171388e-01
-1.469493080675601959e+01,1.714740560343489051e+01,6.637386552465613931e-01
-1.469493080861866474e+01,1.714740560483187437e+01,6.637386553775286302e-01
-1.469493080954998732e+01,1.714740560343489051e+01,6.637386554502882063e-01
-1.469493081141263247e+01,1.714740560436621308e+01,6.637386553775286302e-01
-1.469493081234395504e+01,1.714740560203790665e+01,6.637386554648400105e-01
-1.469493081420660019e+01,1.714740560110658407e+01,6.637386554357362911e-01
-1.469493081606924534e+01,1.714740560064092278e+01,6.637386553920805454e-01
-1.469493081606924534e+01,1.714740560203790665e+01,6.637386553484247997e-01
-1.469493081700056791e+01,1.714740559924393892e+01,6.637386553193208583e-01
-1.469493081700056791e+01,1.714740559924393892e+01,6.637386553193208583e-01
-1.469493081793189049e+01,1.714740560110658407e+01,6.637386552465613931e-01
-1.469493081979453564e+01,1.714740559831261635e+01,6.637386553047690541e-01
-1.469493081979453564e+01,1.714740559691563249e+01,6.637386552902171388e-01
-1.469493082165718079e+01,1.714740559644997120e+01,6.637386553338728845e-01
-1.469493082165718079e+01,1.714740559831261635e+01,6.637386552174575627e-01
-1.469493082165718079e+01,1.714740559598430991e+01,6.637386551592499018e-01
-1.469493082165718079e+01,1.714740559598430991e+01,6.637386551446979865e-01
-1.469493082165718079e+01,1.714740559738129377e+01,6.637386551883537322e-01
-1.469493082165718079e+01,1.714740559784695506e+01,6.637386551738018170e-01
-1.469493082165718079e+01,1.714740559505298734e+01,6.637386551592499018e-01
-1.469493082165718079e+01,1.714740559784695506e+01,6.637386551883537322e-01
-1.469493082258850336e+01,1.714740559831261635e+01,6.637386551738018170e-01
-1.469493082445114851e+01,1.714740559738129377e+01,6.637386551301460713e-01
-1.469493082351982594e+01,1.714740559784695506e+01,6.637386551446979865e-01
-1.469493082445114851e+01,1.714740559738129377e+01,6.637386551592499018e-01
-1.469493082258850336e+01,1.714740559551864862e+01,6.637386551592499018e-01
-1.469493082351982594e+01,1.714740559877827764e+01,6.637386551155941561e-01
-1.469493082445114851e+01,1.714740560064092278e+01,6.637386551592499018e-01
-1.469493082351982594e+01,1.714740560203790665e+01,6.637386552174575627e-01
-1.469493082445114851e+01,1.714740560017526150e+01,6.637386551010422409e-01
-1.469493082351982594e+01,1.714740559924393892e+01,6.637386551010422409e-01
-1.469493082445114851e+01,1.714740560157224536e+01,6.637386551010422409e-01
-1.469493082351982594e+01,1.714740560203790665e+01,6.637386551010422409e-01
-1.469493082445114851e+01,1.714740559924393892e+01,6.637386549555230886e-01
-1.469493082351982594e+01,1.714740560110658407e+01,6.637386549555230886e-01
-1.469493082538247108e+01,1.714740560017526150e+01,6.637386549118673429e-01
-1.469493082724511623e+01,1.714740559970960021e+01,6.637386548682115972e-01
-1.469493082724511623e+01,1.714740560017526150e+01,6.637386548536596820e-01
-1.469493082724511623e+01,1.714740560110658407e+01,6.637386549409711733e-01
-1.469493082631379366e+01,1.714740560110658407e+01,6.637386549118673429e-01
-1.469493082724511623e+01,1.714740560064092278e+01,6.637386550137307495e-01
-1.469493082910776138e+01,1.714740560110658407e+01,6.637386551592499018e-01
-1.469493083190172911e+01,1.714740559924393892e+01,6.637386551155941561e-01
-1.469493083376437426e+01,1.714740559924393892e+01,6.637386551738018170e-01
-1.469493083283305168e+01,1.714740560017526150e+01,6.637386551592499018e-01
-1.469493083283305168e+01,1.714740560064092278e+01,6.637386551592499018e-01
-1.469493083376437426e+01,1.714740560203790665e+01,6.637386551883537322e-01
-1.469493083655834198e+01,1.714740559877827764e+01,6.637386551883537322e-01
-1.469493083842098713e+01,1.714740559924393892e+01,6.637386551738018170e-01
-1.469493083842098713e+01,1.714740560203790665e+01,6.637386551446979865e-01
-1.469493083842098713e+01,1.714740560110658407e+01,6.637386551155941561e-01
-1.469493083842098713e+01,1.714740559877827764e+01,6.637386552320094779e-01
-1.469493083842098713e+01,1.714740559877827764e+01,6.637386552611133084e-01
-1.469493083842098713e+01,1.714740560017526150e+01,6.637386553629767150e-01
-1.469493083842098713e+01,1.714740560157224536e+01,6.637386553775286302e-01
-1.469493083842098713e+01,1.714740560110658407e+01,6.637386553775286302e-01
-1.469493083935230970e+01,1.714740559877827764e+01,6.637386553775286302e-01
-1.469493083935230970e+01,1.714740560157224536e+01,6.637386553047690541e-01
-1.469493083935230970e+01,1.714740560157224536e+01,6.637386553484247997e-01
-1.469493084028363228e+01,1.714740560064092278e+01,6.637386554357362911e-01
-1.469493084121495485e+01,1.714740559970960021e+01,6.637386554211843759e-01
-1.469493084214627743e+01,1.714740560064092278e+01,6.637386553920805454e-01
-1.469493084400892258e+01,1.714740559924393892e+01,6.637386553338728845e-01
-1.469493084494024515e+01,1.714740559970960021e+01,6.637386552320094779e-01
-1.469493084587156773e+01,1.714740559877827764e+01,6.637386552611133084e-01
-1.469493084866553545e+01,1.714740560017526150e+01,6.637386553629767150e-01
-1.469493084866553545e+01,1.714740559877827764e+01,6.637386554066324607e-01
-1.469493084866553545e+01,1.714740559924393892e+01,6.637386553484247997e-01
-1.469493085052818060e+01,1.714740560157224536e+01,6.637386554357362911e-01
-1.469493085332214832e+01,1.714740560064092278e+01,6.637386553775286302e-01
-1.469493085518479347e+01,1.714740559970960021e+01,6.637386553920805454e-01
-1.469493085518479347e+01,1.714740559970960021e+01,6.637386554793920368e-01
-1.469493085704743862e+01,1.714740559877827764e+01,6.637386554939439520e-01
-1.469493085797876120e+01,1.714740560064092278e+01,6.637386555230477825e-01
-1.469493085891008377e+01,1.714740560064092278e+01,6.637386554939439520e-01
-1.469493086077272892e+01,1.714740560110658407e+01,6.637386554648400105e-01
-1.469493086077272892e+01,1.714740559924393892e+01,6.637386553775286302e-01
-1.469493086170405149e+01,1.714740560250356793e+01,6.637386553775286302e-01
-1.469493086170405149e+01,1.714740560203790665e+01,6.637386553920805454e-01
-1.469493086077272892e+01,1.714740560064092278e+01,6.637386553920805454e-01
-1.469493086170405149e+01,1.714740560110658407e+01,6.637386553484247997e-01
-1.469493086356669664e+01,1.714740560110658407e+01,6.637386554066324607e-01
-1.469493086263537407e+01,1.714740560017526150e+01,6.637386554211843759e-01
-1.469493086356669664e+01,1.714740560157224536e+01,6.637386554648400105e-01
-1.469493086356669664e+01,1.714740560064092278e+01,6.637386554648400105e-01
-1.469493086263537407e+01,1.714740560203790665e+01,6.637386554502882063e-01
-1.469493086449801922e+01,1.714740559924393892e+01,6.637386554939439520e-01
-1.469493086636066437e+01,1.714740560203790665e+01,6.637386555667035282e-01
-1.469493086636066437e+01,1.714740559970960021e+01,6.637386555667035282e-01
-1.469493086636066437e+01,1.714740559924393892e+01,6.637386555812554434e-01
-1.469493086636066437e+01,1.714740559970960021e+01,6.637386557122226804e-01
-1.469493086636066437e+01,1.714740560017526150e+01,6.637386557267745957e-01
-1.469493086636066437e+01,1.714740560017526150e+01,6.637386557704303414e-01
-1.469493086636066437e+01,1.714740559970960021e+01,6.637386557122226804e-01
-1.469493086729198694e+01,1.714740559924393892e+01,6.637386557558784261e-01
-1.469493086822330952e+01,1.714740560064092278e+01,6.637386557267745957e-01
-1.469493087101727724e+01,1.714740560017526150e+01,6.637386557267745957e-01
-1.469493087101727724e+01,1.714740559970960021e+01,6.637386557122226804e-01
-1.469493087101727724e+01,1.714740560017526150e+01,6.637386557849823676e-01
-1.469493087194859982e+01,1.714740560110658407e+01,6.637386557267745957e-01
-1.469493087101727724e+01,1.714740560203790665e+01,6.637386557267745957e-01
-1.469493087194859982e+01,1.714740560017526150e+01,6.637386557413266219e-01
-1.469493087194859982e+01,1.714740559831261635e+01,6.637386557704303414e-01
-1.469493087287992239e+01,1.714740559831261635e+01,6.637386556394632153e-01
-1.469493087567389011e+01,1.714740559598430991e+01,6.637386555958073586e-01
-1.469493087939918041e+01,1.714740559598430991e+01,6.637386556540150195e-01
-1.469493088033050299e+01,1.714740559738129377e+01,6.637386555812554434e-01
-1.469493088126182556e+01,1.714740559831261635e+01,6.637386555812554434e-01
-1.469493088498711586e+01,1.714740559551864862e+01,6.637386556249111891e-01
-1.469493088778108358e+01,1.714740559784695506e+01,6.637386555958073586e-01
-1.469493088964372873e+01,1.714740559831261635e+01,6.637386557122226804e-01
-1.469493089057505131e+01,1.714740559831261635e+01,6.637386557413266219e-01
-1.469493089150637388e+01,1.714740559598430991e+01,6.637386557849823676e-01
-1.469493089057505131e+01,1.714740559831261635e+01,6.637386557413266219e-01
-1.469493089336901903e+01,1.714740559598430991e+01,6.637386557704303414e-01
-1.469493089336901903e+01,1.714740559784695506e+01,6.637386558140860870e-01
-1.469493089430034161e+01,1.714740559831261635e+01,6.637386559450533241e-01
-1.469493089430034161e+01,1.714740559691563249e+01,6.637386559887090698e-01
-1.469493089430034161e+01,1.714740559551864862e+01,6.637386559013975784e-01
-1.469493089430034161e+01,1.714740559691563249e+01,6.637386559159494936e-01
-1.469493089430034161e+01,1.714740559644997120e+01,6.637386558722937480e-01
-1.469493089430034161e+01,1.714740559458732605e+01,6.637386559013975784e-01
-1.469493089430034161e+01,1.714740559319034219e+01,6.637386558868456632e-01
-1.469493089430034161e+01,1.714740559225901961e+01,6.637386558431899175e-01
-1.469493089430034161e+01,1.714740559225901961e+01,6.637386558722937480e-01
-1.469493089430034161e+01,1.714740559319034219e+01,6.637386557849823676e-01
-1.469493089430034161e+01,1.714740559086203575e+01,6.637386557267745957e-01
-1.469493089430034161e+01,1.714740559086203575e+01,6.637386557558784261e-01
-1.469493089430034161e+01,1.714740558993071318e+01,6.637386557267745957e-01
-1.469493089430034161e+01,1.714740558760240674e+01,6.637386556249111891e-01
-1.469493089430034161e+01,1.714740558946505189e+01,6.637386556976707652e-01
-1.469493089430034161e+01,1.714740559132769704e+01,6.637386556976707652e-01
-1.469493089430034161e+01,1.714740559086203575e+01,6.637386557849823676e-01
-1.469493089616298676e+01,1.714740558946505189e+01,6.637386557704303414e-01
-1.469493089802563190e+01,1.714740558853372931e+01,6.637386557995341718e-01
-1.469493089988827705e+01,1.714740558946505189e+01,6.637386557413266219e-01
-1.469493089895695448e+01,1.714740558946505189e+01,6.637386557122226804e-01
-1.469493090081959963e+01,1.714740558806806803e+01,6.637386557413266219e-01
-1.469493090361356735e+01,1.714740558806806803e+01,6.637386556976707652e-01
-1.469493090361356735e+01,1.714740558760240674e+01,6.637386558140860870e-01
-1.469493090547621250e+01,1.714740559039637446e+01,6.637386557995341718e-01
-1.469493090547621250e+01,1.714740558853372931e+01,6.637386556831188500e-01
-1.469493090547621250e+01,1.714740558853372931e+01,6.637386556976707652e-01
-1.469493090547621250e+01,1.714740558899939060e+01,6.637386557122226804e-01
-1.469493090454488993e+01,1.714740559039637446e+01,6.637386556831188500e-01
-1.469493090547621250e+01,1.714740559039637446e+01,6.637386555958073586e-01
-1.469493090547621250e+01,1.714740558993071318e+01,6.637386555958073586e-01
-1.469493090547621250e+01,1.714740558713674545e+01,6.817386554757831618e-01
-1.469493090547621250e+01,1.714740558480843902e+01,6.817386554757831618e-01
-1.469493090640753508e+01,1.714740558480843902e+01,6.817386553884716704e-01
-1.469493090827018023e+01,1.714740558573976159e+01,6.817386554757831618e-01
-1.469493090733885765e+01,1.714740558620542288e+01,6.817386554175755009e-01
-1.469493091013282537e+01,1.714740558667108417e+01,6.817386554030235857e-01
-1.469493091013282537e+01,1.714740558667108417e+01,6.817386554175755009e-01
-1.469493091199547052e+01,1.714740558387711644e+01,6.817386554612312466e-01
-1.469493091478943825e+01,1.714740558387711644e+01,6.817386555048869923e-01
-1.469493091851472855e+01,1.714740558713674545e+01,6.817386555485427380e-01
-1.469493092037737370e+01,1.714740558527410030e+01,6.817386555776465684e-01
-1.469493092037737370e+01,1.714740558667108417e+01,6.817386555776465684e-01
-1.469493092224001884e+01,1.714740558434277773e+01,6.817386556213023141e-01
-1.469493092317134142e+01,1.714740558341145515e+01,6.817386555776465684e-01
-1.469493092410266399e+01,1.714740558248013258e+01,6.817386555630946532e-01
-1.469493092689663172e+01,1.714740558387711644e+01,6.817386554466793314e-01
-1.469493092689663172e+01,1.714740558387711644e+01,6.817386555048869923e-01
-1.469493092875927687e+01,1.714740558713674545e+01,6.817386556358542293e-01
-1.469493093062192202e+01,1.714740558434277773e+01,6.817386556213023141e-01
-1.469493092969059944e+01,1.714740558573976159e+01,6.817386556358542293e-01
-1.469493093155324459e+01,1.714740558341145515e+01,6.817386556358542293e-01
-1.469493093155324459e+01,1.714740558015182614e+01,6.817386556067503989e-01
-1.469493093248456717e+01,1.714740558248013258e+01,6.817386557231657207e-01
-1.469493093341588974e+01,1.714740557968616486e+01,6.817386557231657207e-01
-1.469493093341588974e+01,1.714740557922050357e+01,6.817386557668214664e-01
-1.469493093341588974e+01,1.714740557828918099e+01,6.817386556940618902e-01
-1.469493093527853489e+01,1.714740557782351971e+01,6.817386556940618902e-01
-1.469493093620985746e+01,1.714740557782351971e+01,6.817386556795099750e-01
-1.469493093527853489e+01,1.714740557596087456e+01,6.817386556795099750e-01
-1.469493093807250261e+01,1.714740557409822941e+01,6.817386556067503989e-01
-1.469493093993514776e+01,1.714740557409822941e+01,6.817386557668214664e-01
-1.469493093900382519e+01,1.714740557596087456e+01,6.817386557668214664e-01
-1.469493093900382519e+01,1.714740557316690683e+01,6.817386557813733816e-01
-1.469493093993514776e+01,1.714740557409822941e+01,6.817386558250291273e-01
-1.469493094086647034e+01,1.714740557596087456e+01,6.817386557668214664e-01
-1.469493094366043806e+01,1.714740557270124555e+01,6.817386557377176359e-01
-1.469493094459176064e+01,1.714740557502955198e+01,6.817386557813733816e-01
-1.469493094645440578e+01,1.714740557456389070e+01,6.817386558977887034e-01
-1.469493094831705093e+01,1.714740557596087456e+01,6.817386559705482796e-01
-1.469493095017969608e+01,1.714740557363256812e+01,6.817386560578597710e-01
-1.469493095017969608e+01,1.714740557502955198e+01,6.817386559414444491e-01
-1.469493095204234123e+01,1.714740557549521327e+01,6.817386558250291273e-01
-1.469493095483630896e+01,1.714740557409822941e+01,6.817386558977887034e-01
-1.469493095669895411e+01,1.714740557409822941e+01,6.817386559123406187e-01
-1.469493095669895411e+01,1.714740557502955198e+01,6.817386559414444491e-01
-1.469493095856159925e+01,1.714740557363256812e+01,6.817386558686848730e-01
-1.469493095856159925e+01,1.714740557596087456e+01,6.817386558832367882e-01
-1.469493095763027668e+01,1.714740557409822941e+01,6.817386558686848730e-01
-1.469493095856159925e+01,1.714740557689219713e+01,6.817386559268925339e-01
-1.469493095856159925e+01,1.714740557968616486e+01,6.817386558541329578e-01
-1.469493095949292183e+01,1.714740557828918099e+01,6.817386558395809315e-01
-1.469493096135556698e+01,1.714740557782351971e+01,6.817386558395809315e-01
-1.469493096228688955e+01,1.714740557828918099e+01,6.637386558868456632e-01
-1.469493096135556698e+01,1.714740557828918099e+01,6.287386559124570340e-01
-1.469493096228688955e+01,1.714740557782351971e+01,6.117386559635633603e-01
-1.469493096321821213e+01,1.714740557875484228e+01,5.587386559491278604e-01
-1.469493096508085728e+01,1.714740557922050357e+01,5.417386560438899323e-01
-1.469493096508085728e+01,1.714740557922050357e+01,5.247386561241000891e-01
-1.469493096880614758e+01,1.714740557828918099e+01,5.067386561568127945e-01
-1.469493097066879272e+01,1.714740557922050357e+01,4.717386562260799110e-01
-1.469393096864223480e+01,1.714740557968616486e+01,4.547386562335304916e-01
-1.467593097034841776e+01,1.715640558255836368e+01,4.017386562190949917e-01
-1.462393097206950188e+01,1.717740558180958033e+01,2.977386561542516574e-01
-1.460493097081780434e+01,1.718340558512136340e+01,2.627386561580351554e-01
-1.456593096815049648e+01,1.719340558582916856e+01,1.927386561546882149e-01
-1.452593096811324358e+01,1.720040558278560638e+01,1.227386561658931896e-01
-1.450593096856027842e+01,1.720340558281168342e+01,1.057386561587918550e-01
-1.448593097086995840e+01,1.720640558097511530e+01,7.073865614984242711e-02
-1.444593097083270550e+01,1.720840558083727956e+01,-1.726134384989563841e-02
-1.440593097079545259e+01,1.720740558439865708e+01,-1.044466510174970608e-01
-1.438593097031116486e+01,1.720540558174252510e+01,-1.564466510353668127e-01
-1.434593097120523453e+01,1.719840558292344213e+01,-2.434466510312631726e-01
-1.434593097120523453e+01,1.719840558618307114e+01,-2.434466510312631726e-01
-1.428693096991628408e+01,1.718240558728575706e+01,-3.484466510199127343e-01
-1.424893096834421158e+01,1.716840558545663953e+01,-4.184466510341735557e-01
-1.421093096863478422e+01,1.715240558562800288e+01,-4.704466510156635195e-01
-1.417493097018450499e+01,1.713440558686852455e+01,-5.234466509573394433e-01
-1.412193097174167633e+01,1.710440558660775423e+01,-5.924466509604826570e-01
-1.410493097174912691e+01,1.709340558666735888e+01,-6.104466509714256972e-01
-1.407193097285926342e+01,1.707140558771789074e+01,-6.454466509749182679e-01
-1.402293097320944071e+01,1.703540558880195022e+01,-6.974466510437196121e-01
-1.400693097338080406e+01,1.702240558713674545e+01,-7.144466510799247772e-01
-1.397593097388744354e+01,1.699640558566898108e+01,-7.324466510763159022e-01
-1.394593097362667322e+01,1.697040558466687799e+01,-7.674466511525679380e-01
-1.393093097303062677e+01,1.695740558346733451e+01,-7.674466511089121923e-01
-1.391593097243458033e+01,1.694440558319911361e+01,-7.674466511671198532e-01
-1.388593097217381001e+01,1.691640558280050755e+01,-7.844466510869096965e-01
-1.386993097234517336e+01,1.690240558423101902e+01,-7.844466511887731031e-01
-1.382393097132444382e+01,1.686040558526292443e+01,-7.844466511014616117e-01
-1.380893097259104252e+01,1.684640558343380690e+01,-7.844466511305654421e-01
-1.377893097326159477e+01,1.681840558536350727e+01,-7.844466511160135269e-01
-1.376493097562342882e+01,1.680440558400005102e+01,-7.844466511742212989e-01
-1.373493097350001335e+01,1.677640558639541268e+01,-7.844466511451172464e-01
-1.370593097526580095e+01,1.674940558569505811e+01,-7.844466511596692726e-01
-1.369093097839504480e+01,1.673540558526292443e+01,-7.844466511742212989e-01
-1.366093097906559706e+01,1.670740558486431837e+01,-7.674466511671198532e-01
-1.364593097940087318e+01,1.669340558396652341e+01,-7.674466512253275141e-01
-1.361593098007142544e+01,1.666740558389574289e+01,-7.494466512143844739e-01
-1.358593097794800997e+01,1.664140558335930109e+01,-7.324466511927312240e-01
-1.355393097922205925e+01,1.661540558235719800e+01,-6.974466511164791882e-01
-1.352193098142743111e+01,1.659140558401122689e+01,-6.624466511420905590e-01
-1.350593098159879446e+01,1.657940558344125748e+01,-6.454466512077488005e-01
-1.347193098533898592e+01,1.655740558216348290e+01,-6.104466511751525104e-01
-1.345493098627775908e+01,1.654640558036044240e+01,-5.924466511642094702e-01
-1.341993098799139261e+01,1.652640558080747724e+01,-5.574466511461650953e-01
-1.340193098969757557e+01,1.651640557963401079e+01,-5.404466510080965236e-01
-1.334793099015951157e+01,1.648840558016672730e+01,-4.884466509975027293e-01
-1.332993099000304937e+01,1.647940558008849621e+01,-4.704466509865596890e-01
-1.329293098952621222e+01,1.646340558212250471e+01,-4.534466509503545240e-01
-1.327393099013715982e+01,1.645540558220818639e+01,-4.534466509649064392e-01
-1.323693099059164524e+01,1.643940558144822717e+01,-4.184466509468620643e-01
-1.319893099181354046e+01,1.642540558287873864e+01,-4.004466508631594479e-01
-1.317993099335581064e+01,1.641840558312833309e+01,-3.834466508851619437e-01
-1.314193099271506071e+01,1.640440558083355427e+01,-3.654466509033227339e-01
-1.312293099146336317e+01,1.639740558154881001e+01,-3.654466509251506068e-01
-1.308393098879605532e+01,1.638440557848662138e+01,-3.314466509909834713e-01
-1.304493098799139261e+01,1.637240557931363583e+01,-3.134466510236962322e-01
-1.296493098605424166e+01,1.635040557989850640e+01,-2.784466509765479714e-01
-1.294593098852783442e+01,1.634540557954460382e+01,-2.614466509767225944e-01
-1.293093098886311054e+01,1.634240557951852679e+01,-2.434466509876074269e-01
-1.292993099056184292e+01,1.634240557951852679e+01,-2.264466510096099228e-01
-1.292793099209666252e+01,1.634240558138117194e+01,-2.264466509805060923e-01
-1.288493099249899387e+01,1.633540558209642768e+01,-1.734466509733465223e-01
-1.286493099108338356e+01,1.633240557974204421e+01,-1.734466509951744506e-01
-1.282493099011480808e+01,1.632740557892248034e+01,-1.394466509882477112e-01
-1.276493098959326744e+01,1.632140557980164886e+01,-1.214466509809426498e-01
-1.274493099004030228e+01,1.632040558056905866e+01,-1.044466509629273787e-01
-1.270493099000304937e+01,1.631840557977557182e+01,-8.644665095562231727e-02
-1.268493098765611649e+01,1.631740558193996549e+01,-6.944665097034886936e-02
-1.264493098855018616e+01,1.631640558177605271e+01,-5.144665096668177284e-02
-1.260493099223822355e+01,1.631640558270737529e+01,-3.426134378787537571e-02
-1.258493099268525839e+01,1.631640558037906885e+01,-3.426134379151334758e-02
-1.254493099404498935e+01,1.631640558131039143e+01,-1.726134379077847933e-02
-1.252493099356070161e+01,1.631640558084473014e+01,-1.726134379941868247e-02
-1.248493099445477128e+01,1.631640558131039143e+01,7.386562005322616642e-04
-1.244493099488317966e+01,1.631740557961165905e+01,7.386562005606834820e-04
-1.240493099670857191e+01,1.631840557977557182e+01,7.386562004683128180e-04
-1.238493099668994546e+01,1.631940557947382331e+01,1.773865620180004044e-02
-1.234493099804967642e+01,1.632140557887032628e+01,1.773865620407377719e-02
-1.230493099661543965e+01,1.632340557640418410e+01,1.773865620225478779e-02
-1.228493099706247449e+01,1.632440557610243559e+01,3.573865619637218299e-02
-1.224493099749088287e+01,1.632640557689592242e+01,3.573865619091520784e-02
-1.222493099840357900e+01,1.632840557536110282e+01,3.573865619182470255e-02
-1.218393099913373590e+01,1.633040557522326708e+01,3.573865618909621844e-02
-1.214293099939823151e+01,1.633340557385236025e+01,5.273865618255513255e-02
-1.210293100168928504e+01,1.633740557543933392e+01,5.273865618983109016e-02
-1.206293100211769342e+01,1.634140557469800115e+01,5.273865618983109016e-02
-1.202293100254610181e+01,1.634540557349100709e+01,7.073865617894625757e-02
-1.200293100159615278e+01,1.634740557428449392e+01,7.073865618622221518e-02
-1.198293100111186504e+01,1.634940557414665818e+01,7.073865617712726817e-02
-1.194293099921196699e+01,1.635340557480230927e+01,8.773865617695264518e-02
-1.192293099965900183e+01,1.635540557606145740e+01,8.773865617331466638e-02
-1.188293100101873279e+01,1.635940557392314076e+01,8.773865618422860280e-02
-1.184293100098147988e+01,1.636440557427704334e+01,1.057386561951716430e-01
-1.176293099950999022e+01,1.637640557298436761e+01,1.407386562168539967e-01
-1.174293099902570248e+01,1.638040557270869613e+01,1.407386562423198484e-01
-1.170293100131675601e+01,1.638840557495132089e+01,1.747386562419706024e-01
-1.168293100083246827e+01,1.639240557607263327e+01,1.747386562492465600e-01
-1.164293099986389279e+01,1.640140557568520308e+01,1.927386562347237209e-01
-1.162293100077658892e+01,1.640640557464212179e+01,2.097386562454630343e-01
-1.158293100120499730e+01,1.641640557488426566e+01,2.277386562564061023e-01
-1.154293100209906697e+01,1.642840557452291250e+01,2.447386562707833946e-01
-1.150293100345879793e+01,1.644040557555854321e+01,2.797386562524480369e-01
-1.146493100421503186e+01,1.645340557582676411e+01,2.977386562270112891e-01
-1.144593100342899561e+01,1.646040557511150837e+01,2.977386561396997422e-01
-1.140793100232258439e+01,1.647440557507798076e+01,3.327386560195009224e-01
-1.138893100479617715e+01,1.648140557529404759e+01,3.327386560413288508e-01
-1.135093100694939494e+01,1.649540557526051998e+01,3.497386560338782147e-01
-1.133193100709468126e+01,1.650340557517483830e+01,3.667386560555314645e-01
-1.129493100801482797e+01,1.651940557779744267e+01,3.847386560737504624e-01
-1.125793100753799081e+01,1.653640557965263724e+01,4.197386559244478121e-01
-1.122193100815638900e+01,1.655440558027476072e+01,4.367386557569261640e-01
-1.120393100799992681e+01,1.656340557988733053e+01,4.367386557423741933e-01
-1.114993100846186280e+01,1.659240558231249452e+01,4.717386558040743694e-01
-1.113193100830540061e+01,1.660240558302029967e+01,4.897386558150173541e-01
-1.107993100956082344e+01,1.663340558530762792e+01,5.247386559058213606e-01
-1.104593101236969233e+01,1.665440558409318328e+01,5.247386560076847672e-01
-1.102893101330846548e+01,1.666540558263659477e+01,5.247386558912694454e-01
-1.099493101425468922e+01,1.668740558344870806e+01,5.417386558547149233e-01
-1.096093101426959038e+01,1.670940558519214392e+01,5.417386558692669496e-01
-1.092593101412057877e+01,1.673240558523684740e+01,5.417386558401631191e-01
-1.090593101363629103e+01,1.674540558364242315e+01,5.417386557819554582e-01
-1.090393101191148162e+01,1.674640558473765850e+01,5.417386558401631191e-01
-1.088293101126328111e+01,1.675940558640286326e+01,5.417386557965073735e-01
-1.086693101096898317e+01,1.677040558541193604e+01,5.417386558547149233e-01
-1.083393100881949067e+01,1.679240558622404933e+01,5.587386558472644538e-01
-1.081693100882694125e+01,1.680340558756142855e+01,5.587386558327125385e-01
-1.078293100697919726e+01,1.682640558807179332e+01,5.587386558036087081e-01
-1.074893100652843714e+01,1.684940558765083551e+01,5.587386558763682842e-01
-1.071593100717291236e+01,1.687240558257326484e+01,5.767386558436555788e-01
-1.069893100811168551e+01,1.688440558593720198e+01,5.767386558727594092e-01
-1.064793100906535983e+01,1.692040558671578765e+01,5.767386559018632397e-01
-1.063093101093545556e+01,1.693240558542311192e+01,5.767386558873112135e-01
-1.059693101141601801e+01,1.695640558563172817e+01,5.767386558291036636e-01
-1.057993101049214602e+01,1.696840558899566531e+01,5.767386558436555788e-01
-1.054493100894615054e+01,1.699340558843687177e+01,5.767386557999997221e-01
-1.052793101081624627e+01,1.700540558621287346e+01,5.767386559018632397e-01
-1.047793101007118821e+01,1.704140558373183012e+01,5.937386558798607439e-01
-1.046093100868165493e+01,1.705340558569878340e+01,5.937386557634454221e-01
-1.042693101149052382e+01,1.707740558451041579e+01,5.937386557634454221e-01
-1.039293101197108626e+01,1.710340558364987373e+01,5.937386557488936178e-01
-1.037593101104721427e+01,1.711640558438375592e+01,5.937386557052377611e-01
-1.034193101059645414e+01,1.714240558771416545e+01,5.937386557634454221e-01
-1.032493101106956601e+01,1.715440558874979615e+01,5.937386557052377611e-01
-1.029093101108446717e+01,1.718040559021756053e+01,5.937386557343415916e-01
-1.027393101202324033e+01,1.719340559188276529e+01,5.937386557197896764e-01
-1.023993100970983505e+01,1.721840559039264917e+01,5.937386556906858459e-01
-1.020693101081997156e+01,1.724240559199824929e+01,6.117386556143173948e-01
-1.017393101099878550e+01,1.726640559313818812e+01,6.117386555997654796e-01
-1.015793101163581014e+01,1.727940559200942516e+01,6.117386556143173948e-01
-1.012593101244419813e+01,1.730440559051930904e+01,6.117386556434212252e-01
-1.009393101185560226e+01,1.732940559415146708e+01,6.287386556068668142e-01
-1.006193101080134511e+01,1.735540559235960245e+01,6.467386556469136849e-01
-1.004693101113662124e+01,1.736840559262782335e+01,6.467386555304982521e-01
-1.001593101071193814e+01,1.739440559176728129e+01,6.637386555375996977e-01
-9.985931012313812971e+00,1.742040558950975537e+01,6.817386555485427380e-01
-9.969931012019515038e+00,1.743340558977797627e+01,6.817386555776465684e-01
-9.939931011293083429e+00,1.745940558891743422e+01,6.817386555339908227e-01
-9.909931010566651821e+00,1.748540558712556958e+01,6.987386555701959878e-01
-9.879931007977575064e+00,1.751140558719635010e+01,6.987386555265402421e-01
-9.834931009449064732e+00,1.755240558786317706e+01,7.157386556355049834e-01
-9.819931010715663433e+00,1.756540558906272054e+01,7.157386556937126443e-01
-9.789931009989231825e+00,1.759340558992698789e+01,7.157386556937126443e-01
-9.774931009858846664e+00,1.760740558942779899e+01,7.337386556901037693e-01
-9.746931009925901890e+00,1.763540558982640505e+01,7.337386556609999388e-01
-9.716931009665131569e+00,1.766440559178590775e+01,7.337386556609999388e-01
-9.671931008808314800e+00,1.770640559168532491e+01,7.337386556755518541e-01
-9.657931009307503700e+00,1.772040559118613601e+01,7.337386556464480236e-01
-9.628931008744984865e+00,1.774840559205040336e+01,7.507386559300356366e-01
-9.614931008778512478e+00,1.776240559201687574e+01,7.507386558572761714e-01
-9.600931007415056229e+00,1.777640559198334813e+01,7.507386558863800019e-01
-9.572931006085127592e+00,1.780440559005364776e+01,7.507386558572761714e-01
-9.558931004256010056e+00,1.781840559002012014e+01,7.687386558391153812e-01
-9.516931002959609032e+00,1.786140558682382107e+01,7.687386557954596356e-01
-9.502931002993136644e+00,1.787640558741986752e+01,7.687386557809077203e-01
-9.488931003026664257e+00,1.789040558971464634e+01,7.687386557809077203e-01
-9.460931003093719482e+00,1.791940558981150389e+01,7.857386558025609702e-01
-9.433931001462042332e+00,1.794940558914095163e+01,7.857386558171127744e-01
-9.406931003555655479e+00,1.797940558707341552e+01,8.037386557552963495e-01
-9.380931002087891102e+00,1.800940558733418584e+01,8.037386558135040104e-01
-9.367931001354008913e+00,1.802440559072420001e+01,8.037386559008155018e-01
-9.354931000620126724e+00,1.803940558945760131e+01,8.037386559008155018e-01
-9.328931001946330070e+00,1.806940558925271034e+01,8.207386560679879040e-01
-9.302931001409888268e+00,1.809940558997914195e+01,8.207386560970917344e-01
-9.289931002072989941e+00,1.811440559057518840e+01,8.207386561261955649e-01
-9.263931001070886850e+00,1.814540558820590377e+01,8.387386560498271137e-01
-9.223931000102311373e+00,1.819340558769181371e+01,8.387386561080347747e-01
-9.210931001231074333e+00,1.820940558845177293e+01,8.387386560207232833e-01
-9.197931000962853432e+00,1.822540558921173215e+01,8.387386560207232833e-01
-9.170931001659482718e+00,1.825740558840334415e+01,8.387386561371386051e-01
-9.156931001693010330e+00,1.827340558869764209e+01,8.387386561953462660e-01
-9.103931002318859100e+00,1.833740559080615640e+01,8.387386561371386051e-01
-9.090931001584976912e+00,1.835340558970347047e+01,8.387386561371386051e-01
-9.064931001048535109e+00,1.838640558859333396e+01,8.387386561371386051e-01
-9.050931000616401434e+00,1.840240559028461576e+01,8.387386561953462660e-01
-9.024930999148637056e+00,1.843440558854490519e+01,8.387386562535540380e-01
-8.985931000206619501e+00,1.848340558819472790e+01,8.387386563408654183e-01
-8.972931000404059887e+00,1.849840558972209692e+01,8.387386563699692488e-01
-8.946931000798940659e+00,1.852840559184551239e+01,8.387386564572807401e-01
-8.933931001927703619e+00,1.854440559260547161e+01,8.387386564572807401e-01
-8.907931002788245678e+00,1.857640559179708362e+01,8.387386564863844596e-01
-8.894931002054363489e+00,1.859140558959916234e+01,8.387386565736960620e-01
-8.868931002449244261e+00,1.862140558892861009e+01,8.387386566027998924e-01
-8.842931002844125032e+00,1.865140558779239655e+01,8.207386564463376999e-01
-8.829931003507226706e+00,1.866640558652579784e+01,8.207386564172339805e-01
-8.790931003168225288e+00,1.871140558831393719e+01,8.207386564172339805e-01
-8.777931002900004387e+00,1.872640559030696750e+01,8.207386564463376999e-01
-8.751931002829223871e+00,1.875640559243038297e+01,8.037386563373729587e-01
-8.738931003492325544e+00,1.877140559209510684e+01,8.037386562791652977e-01
-8.711931003723293543e+00,1.880140559142455459e+01,8.037386563373729587e-01
-8.698931003920733929e+00,1.881640559295192361e+01,8.037386561918538064e-01
-8.671931004151701927e+00,1.884640559414401650e+01,7.857386562536703423e-01
-8.603931003250181675e+00,1.891940559446811676e+01,7.687386562756728381e-01
-8.575931003317236900e+00,1.894740559160709381e+01,7.687386562756728381e-01
-8.547931002452969551e+00,1.897640559170395136e+01,7.687386562902247533e-01
-8.533931001555174589e+00,1.899040559353306890e+01,7.507386562356258564e-01
-8.505931001622229815e+00,1.901840559160336852e+01,7.507386562647297978e-01
-8.477931002620607615e+00,1.904640559479594231e+01,7.507386562647297978e-01
-8.449931002687662840e+00,1.907440559426322579e+01,7.337386561412131414e-01
-8.435931001789867878e+00,1.908840559422969818e+01,7.337386561703169718e-01
-8.405931000597774982e+00,1.911640559509396553e+01,7.337386560684535652e-01
-8.376931000500917435e+00,1.914440559595823288e+01,7.157386562030296773e-01
-8.346931001171469688e+00,1.917140559805557132e+01,7.157386562175817035e-01
-8.331931000575423241e+00,1.918540559848770499e+01,7.157386561593739316e-01
-8.301930999848991632e+00,1.921140559995546937e+01,6.987386561522725970e-01
-8.286930999718606472e+00,1.922440560115501285e+01,6.987386561377206817e-01
-8.241930999327450991e+00,1.926340560149401426e+01,6.817386561160674319e-01
-8.226930998731404543e+00,1.927640560362488031e+01,6.817386561451712623e-01
-8.180930999107658863e+00,1.931540560349822044e+01,6.637386561487801373e-01
-8.164931000210344791e+00,1.932840560283511877e+01,6.637386561342282221e-01
-8.117931000422686338e+00,1.936740560224279761e+01,6.467386561562307179e-01
-8.086930999998003244e+00,1.939340560417622328e+01,6.467386560398153961e-01
-8.070931000635027885e+00,1.940640560491010547e+01,6.287386560579761863e-01
-8.038931000512093306e+00,1.943240560404956341e+01,6.287386561452876776e-01
-8.021931000985205173e+00,1.944540560292080045e+01,6.287386560725281015e-01
-7.988931000232696533e+00,1.947140560438856483e+01,6.287386560725281015e-01
-7.954931000713258982e+00,1.949740560306236148e+01,6.287386559997685254e-01
-7.937930999789386988e+00,1.951040560472756624e+01,6.287386559415608644e-01
-7.903930998407304287e+00,1.953640560572966933e+01,6.287386560143204406e-01
-7.852930998895317316e+00,1.957540560467168689e+01,6.287386559415608644e-01
-7.836930998601019382e+00,1.958840560307726264e+01,6.287386559852167212e-01
-7.820930998772382736e+00,1.960140560427680612e+01,6.287386559561127797e-01
-7.788930999115109444e+00,1.962640560604631901e+01,6.287386559852167212e-01
-7.756930999923497438e+00,1.965140560455620289e+01,6.287386559561127797e-01
-7.740930999629199505e+00,1.966440560529008508e+01,6.287386559706646949e-01
-7.725930999498814344e+00,1.967740560416132212e+01,6.287386559415608644e-01
-7.693930998444557190e+00,1.970240560267120600e+01,6.467386559088481590e-01
-7.677930998615920544e+00,1.971540560154244304e+01,6.467386558797443286e-01
-7.643930999096482992e+00,1.974140560114756227e+01,6.467386559234000742e-01
-7.593930998817086220e+00,1.978040560102090240e+01,6.467386558797443286e-01
-7.577930998522788286e+00,1.979340559896081686e+01,6.467386557633291178e-01
-7.561930998694151640e+00,1.980640559922903776e+01,6.467386557487770915e-01
-7.528930999338626862e+00,1.983240560023114085e+01,6.467386557487770915e-01
-7.495930998586118221e+00,1.985840559750795364e+01,6.467386558069847524e-01
-7.479930998291820288e+00,1.987140559731051326e+01,6.467386556760175154e-01
-7.445930998306721449e+00,1.989740560110658407e+01,6.467386556760175154e-01
-7.429930997546762228e+00,1.991040559811517596e+01,6.467386556469136849e-01
-7.396930998656898737e+00,1.993640559865161777e+01,6.467386556760175154e-01
-7.363930996973067522e+00,1.996240559872239828e+01,6.467386556323617697e-01
-7.315930997021496296e+00,2.000140559999272227e+01,6.467386556760175154e-01
-7.267930997535586357e+00,2.004040560219436884e+01,6.287386557087302208e-01
-7.251930998172610998e+00,2.005340560199692845e+01,6.287386557378340513e-01
-7.235930996946990490e+00,2.006640559947118163e+01,6.287386557960417122e-01
-7.218930996488779783e+00,2.007940560020506382e+01,6.287386556796262793e-01
-7.185930997598916292e+00,2.010540560260415077e+01,6.287386555923148990e-01
-7.152930998709052801e+00,2.013140560453757644e+01,6.287386556359706447e-01
-7.101930998265743256e+00,2.017040560254827142e+01,6.287386556505225599e-01
-7.084930997807532549e+00,2.018340560514479876e+01,6.287386556068668142e-01
-7.050930998288094997e+00,2.020940560474991798e+01,6.287386556214187294e-01
-7.033930998295545578e+00,2.022240560781210661e+01,6.287386556505225599e-01
-7.000930998008698225e+00,2.024840561021119356e+01,6.287386555777629837e-01
-6.984930998645722866e+00,2.026140560721978545e+01,6.287386556068668142e-01
-6.951930997893214226e+00,2.028640561038628221e+01,6.287386555777629837e-01
-6.934930997435003519e+00,2.029940561298280954e+01,6.287386556214187294e-01
-6.900930995587259531e+00,2.032540561212226748e+01,6.287386556068668142e-01
-6.867930995300412178e+00,2.035140561219304800e+01,6.287386555777629837e-01
-6.850930994842201471e+00,2.036440561152994633e+01,6.287386556359706447e-01
-6.816930994857102633e+00,2.039040560927242041e+01,6.287386556214187294e-01
-6.765930993948131800e+00,2.042940560961142182e+01,6.287386556359706447e-01
-6.748930993489921093e+00,2.044240561220794916e+01,6.287386556068668142e-01
-6.732930992264300585e+00,2.045540561340749264e+01,6.287386556650744751e-01
-6.700930991675704718e+00,2.048140561534091830e+01,6.287386555923148990e-01
-6.684930992778390646e+00,2.049440561514347792e+01,6.287386556505225599e-01
-6.652930993586778641e+00,2.052040561614558101e+01,6.467386556323617697e-01
-6.603930993936955929e+00,2.055940561695024371e+01,6.467386555887060240e-01
-6.586930993944406509e+00,2.057240561489015818e+01,6.467386555741541088e-01
-6.570930993650108576e+00,2.058540561562404037e+01,6.467386555887060240e-01
-6.537930994294583797e+00,2.061140561522915959e+01,6.467386555013945326e-01
-6.504930993542075157e+00,2.063740561529994011e+01,6.467386555596021935e-01
-6.487930994480848312e+00,2.065040561789646745e+01,6.467386556323617697e-01
-6.454930995125323534e+00,2.067640561610460281e+01,6.467386556760175154e-01
-6.438930996228009462e+00,2.068940561497583985e+01,6.467386556323617697e-01
-6.409930995665490627e+00,2.071340561658143997e+01,6.467386556323617697e-01
-6.402930994983762503e+00,2.071840561833232641e+01,6.467386556614656001e-01
-6.395930994767695665e+00,2.072440561745315790e+01,6.467386556323617697e-01
-6.366930995136499405e+00,2.074840561719611287e+01,6.467386556032579392e-01
-6.336930994875729084e+00,2.077340561943128705e+01,6.467386556760175154e-01
-6.305930994451045990e+00,2.079940562136471272e+01,6.287386557087302208e-01
-6.273930994560942054e+00,2.082440561894327402e+01,6.287386557523859665e-01
-6.257930995430797338e+00,2.083740562060847878e+01,6.287386557523859665e-01
-6.241930994903668761e+00,2.085040561994537711e+01,6.287386557960417122e-01
-6.173930994933471084e+00,2.090240561868995428e+01,6.287386558105936274e-01
-6.139930994482710958e+00,2.092840561969205737e+01,6.287386558688012883e-01
-6.122930995188653469e+00,2.094140562042593956e+01,6.287386558542493731e-01
-6.088930995203554630e+00,2.096740562096238136e+01,6.287386558688012883e-01
-6.054930996615439653e+00,2.099340561917051673e+01,6.287386558542493731e-01
-6.022930996958166361e+00,2.101840562094002962e+01,6.287386558688012883e-01
-6.007405955746826010e+00,2.103138241391904373e+01,6.287386557219615257e-01
-5.975405956152826548e+00,2.105638241488486528e+01,6.287386557960417122e-01
-5.943405956029891968e+00,2.108138241339474916e+01,6.117386558034922928e-01
-5.927405956899747252e+00,2.109338241303339601e+01,6.117386557307327166e-01
-5.895405957940965891e+00,2.111738241231068969e+01,5.937386557197896764e-01
-5.877930602634281243e+00,2.112940560146070723e+01,5.767386557866861496e-01
-5.844455169015211560e+00,2.115342878866059806e+01,5.767386559467405638e-01
-5.810455169063061476e+00,2.117642878787592053e+01,5.767386559891747311e-01
-5.778455169871449471e+00,2.119942879118025303e+01,5.767386559164152660e-01
-5.745455169817432761e+00,2.122342879045754671e+01,5.767386559309670702e-01
-5.729455170454457402e+00,2.123442878946661949e+01,5.767386559455189854e-01
-5.695455170469358563e+00,2.125842879107221961e+01,5.767386559600709006e-01
-5.679455170407891273e+00,2.127042879164218903e+01,5.767386560037267573e-01
-5.645455170655623078e+00,2.129442879091948271e+01,5.937386559235164896e-01
-5.596455170074477792e+00,2.133042879076674581e+01,5.937386559817241505e-01
-5.564455169951543212e+00,2.135442879190668464e+01,5.937386559671722353e-01
-5.532455169595777988e+00,2.137842879164963961e+01,5.937386560108279809e-01
-5.499455169774591923e+00,2.140242879232391715e+01,6.117386560508748516e-01
-5.483455169480293989e+00,2.141542879119515419e+01,6.117386561381863430e-01
-5.451455169357359409e+00,2.144042879203334451e+01,6.117386560508748516e-01
-5.435455168597400188e+00,2.145242879213765264e+01,6.117386560654267669e-01
-5.403455168474465609e+00,2.147642879048362374e+01,6.287386561307357624e-01
-5.371455168584361672e+00,2.150142879039049149e+01,6.287386560870800167e-01
-5.355455168522894382e+00,2.151442879438400269e+01,6.287386560870800167e-01
-5.323455169098451734e+00,2.154042879445478320e+01,6.287386561016319320e-01
-5.275455168914049864e+00,2.157942879293113947e+01,6.467386560980230570e-01
-5.260455169016495347e+00,2.159242879133671522e+01,6.467386560543673113e-01
-5.229455169057473540e+00,2.161842879001051188e+01,6.637386560760205612e-01
-5.213455169694498181e+00,2.163142879260703921e+01,6.637386561342282221e-01
-5.183455169899389148e+00,2.165742878988385201e+01,6.637386561633320525e-01
-5.168455169769003987e+00,2.167042879061773419e+01,6.637386562360916287e-01
-5.138455169741064310e+00,2.169642879161983728e+01,6.817386562761383884e-01
-5.108455169945955276e+00,2.172242879262194037e+01,6.817386562033788122e-01
-5.093455169815570116e+00,2.173542879195883870e+01,6.817386563052423298e-01
-5.061455169459804893e+00,2.176342879096046090e+01,6.817386564653133973e-01
-5.029455169802531600e+00,2.179042879212647676e+01,6.987386564287589863e-01
-4.997455169679597020e+00,2.181842879299074411e+01,6.987386565015185624e-01
-4.981455169850960374e+00,2.183242879621684551e+01,6.987386565015185624e-01
-4.950455169891938567e+00,2.186042879428714514e+01,6.987386564724147320e-01
-4.934455169597640634e+00,2.187442879471927881e+01,6.987386564433107905e-01
-4.903455169871449471e+00,2.190242879651486874e+01,6.987386564433107905e-01
-4.872455169679597020e+00,2.193042879411950707e+01,6.987386564869666472e-01
-4.857455169083550572e+00,2.194442879455164075e+01,6.987386564724147320e-01
-4.827455168589949608e+00,2.197242879308760166e+01,6.987386565160704777e-01
-4.797455169027671218e+00,2.199942879099398851e+01,6.987386565888300538e-01
-4.767455168534070253e+00,2.202542878827080131e+01,6.987386565451743081e-01
-4.737455168738961220e+00,2.205142878880724311e+01,6.987386565742781386e-01
-4.722455168375745416e+00,2.206442879186943173e+01,6.817386565817287192e-01
-4.692455167882144451e+00,2.209042879147455096e+01,6.817386565526248887e-01
-4.647455167025327682e+00,2.212942879088222980e+01,6.817386565235210583e-01
-4.616455167066305876e+00,2.215542878909036517e+01,6.817386565235210583e-01
-4.601455167634412646e+00,2.216842878796160221e+01,6.817386564653133973e-01
-4.570455168373882771e+00,2.219442878430709243e+01,6.637386564543703571e-01
-4.540455168578773737e+00,2.222042878856882453e+01,6.637386564107146114e-01
-4.509455168386921287e+00,2.224642879143357277e+01,6.467386564618210487e-01
-4.493455167626962066e+00,2.225942879077047110e+01,6.467386564618210487e-01
-4.477455167565494776e+00,2.227242878824472427e+01,6.467386563745094463e-01
-4.444455167744308710e+00,2.229842878412455320e+01,6.467386562871979550e-01
-4.411455168388783932e+00,2.232442878372967243e+01,6.467386562871979550e-01
-4.378455167636275291e+00,2.235042878566309810e+01,6.467386562435422093e-01
-4.362455167574808002e+00,2.236342878406867385e+01,6.467386561853345484e-01
-4.330455167917534709e+00,2.238942878367379308e+01,6.467386562144383788e-01
-4.299455168657004833e+00,2.241542878234758973e+01,6.467386562726460397e-01
-4.268455168930813670e+00,2.244142878102138638e+01,6.467386561998864636e-01
-4.252455169102177024e+00,2.245442878082394600e+01,6.467386562580941245e-01
-4.220455168979242444e+00,2.248042878275737166e+01,6.467386561562307179e-01
-4.188455168623477221e+00,2.250642877956852317e+01,6.637386562506435439e-01
-4.173455168493092060e+00,2.251942878216505051e+01,6.637386561924358830e-01
-4.141455168602988124e+00,2.254542877944186330e+01,6.637386561487801373e-01
-4.125455168308690190e+00,2.255842877831310034e+01,6.637386561196763068e-01
-4.093455167952924967e+00,2.258442877698689699e+01,6.637386562215397134e-01
-4.077455168124288321e+00,2.259742877678945661e+01,6.637386561487801373e-01
-4.029455168172717094e+00,2.263742877589538693e+01,6.637386560905724764e-01
-4.012455167947337031e+00,2.265142877353355289e+01,6.637386561196763068e-01
-3.980455167591571808e+00,2.267842877609655261e+01,6.637386560905724764e-01
-3.964455167995765805e+00,2.269142877543345094e+01,6.637386561342282221e-01
-3.932455168338492513e+00,2.271842877520248294e+01,6.637386561051243916e-01
-3.900455168681219220e+00,2.274642877420410514e+01,6.637386560905724764e-01
-3.884455168852582574e+00,2.276042877323925495e+01,6.637386560614686459e-01
-3.852455168729647994e+00,2.278742877067998052e+01,6.817386560578597710e-01
-3.806455168873071671e+00,2.282642877195030451e+01,6.637386560760205612e-01
-3.791455168975517154e+00,2.283942876942455769e+01,6.637386561778839678e-01
-3.776455168845131993e+00,2.285242876829579473e+01,6.637386562942992896e-01
-3.745455168420448899e+00,2.287842876790091395e+01,6.637386563670588657e-01
-3.713455168064683676e+00,2.290442877123132348e+01,6.637386563816107810e-01
-3.697455168236047029e+00,2.291742877336218953e+01,6.637386563816107810e-01
-3.650455168215557933e+00,2.295642877649515867e+01,6.467386562726460397e-01
-3.634455168619751930e+00,2.296942877769470215e+01,6.467386562289902940e-01
-3.602455168729647994e+00,2.299542877962812781e+01,6.467386562726460397e-01
-3.552455168683081865e+00,2.303442877903580666e+01,6.467386562580941245e-01
-3.520455168327316642e+00,2.306042878096923232e+01,6.467386562144383788e-01
-3.503455168334767222e+00,2.307342878077179193e+01,6.467386562580941245e-01
-3.487455168738961220e+00,2.308642877871170640e+01,6.467386562871979550e-01
-3.454455168684944510e+00,2.311242878064513206e+01,6.467386560980230570e-01
-3.421455168165266514e+00,2.313842878118157387e+01,6.467386560834711418e-01
-3.405455168336629868e+00,2.315142878331243992e+01,6.467386560689192265e-01
-3.372455169213935733e+00,2.317742878431454301e+01,6.467386560834711418e-01
-3.356455169152468443e+00,2.319042878737673163e+01,6.467386560398153961e-01
-3.323455169331282377e+00,2.321642878698185086e+01,6.467386559670558199e-01
-3.275455169146880507e+00,2.325542878452688456e+01,6.467386559670558199e-01
-3.259455168852582574e+00,2.326842878153547645e+01,6.467386559816077352e-01
-3.212455168366432190e+00,2.330742877721786499e+01,6.637386559887090698e-01
-3.182455167872831225e+00,2.333342877728864551e+01,6.637386560323648155e-01
-3.166455167811363935e+00,2.334642878128215671e+01,6.637386560469167307e-01
-3.135455167503096163e+00,2.337242877902463078e+01,6.637386560469167307e-01
-3.119455168140120804e+00,2.338542877929285169e+01,6.637386561051243916e-01
-3.073455168050713837e+00,2.342542878165841103e+01,6.637386561487801373e-01
-3.057455167756415904e+00,2.343842877913266420e+01,6.637386560614686459e-01
-3.025455167633481324e+00,2.346542877983301878e+01,6.637386560905724764e-01
-2.993455167510546744e+00,2.349242877773940563e+01,6.637386561487801373e-01
-2.961455167504027486e+00,2.351842877874150872e+01,6.637386561487801373e-01
-2.946455167257227004e+00,2.353142878180369735e+01,6.637386561196763068e-01
-2.930455167079344392e+00,2.354442878300324082e+01,6.637386561196763068e-01
-2.898455166839994490e+00,2.357142877997830510e+01,6.637386560178129002e-01
-2.883455166826024652e+00,2.358491214783873957e+01,6.637386565188571064e-01
-2.852455166983418167e+00,2.361042875167821720e+01,6.637386561862537171e-01
-2.820293820997341161e+00,2.363611404284219830e+01,6.638212047727388709e-01
-2.788293820922262967e+00,2.366211404139176011e+01,6.638212048419518396e-01
-2.756293821264989674e+00,2.368811404099687934e+01,6.638212047837441787e-01
-2.740293821319937706e+00,2.370211404142901301e+01,6.638212048419518396e-01
-2.709293820895254612e+00,2.372811404569074512e+01,6.638212048856075853e-01
-2.693293821183033288e+00,2.374135598388066271e+01,6.639451202574105926e-01
-2.661051569970077413e+00,2.376836735959975044e+01,6.638211839073292486e-01
-2.645051570027135313e+00,2.378185141125884172e+01,6.638211841371248756e-01
-2.597051570308394730e+00,2.382085140794515610e+01,6.468211842147866264e-01
-2.580051570315845311e+00,2.383385140821337700e+01,6.468211842002347112e-01
-2.545809154562460375e+00,2.386086277698300506e+01,6.466971675159813859e-01
-2.529809154220856726e+00,2.387386277783662081e+01,6.466971674963133410e-01
-2.496809154283255339e+00,2.389937836077435307e+01,6.466971672174793850e-01
-2.463809154578484595e+00,2.392489401929500659e+01,6.466971669120032962e-01
-2.447809154866263270e+00,2.393740944109708835e+01,6.466971666500238580e-01
-2.414809154812246561e+00,2.396340943919494748e+01,6.466971665940944858e-01
-2.398809155100025237e+00,2.397689416915696015e+01,6.466971668727879985e-01
-2.367809155257418752e+00,2.400289416965097189e+01,6.636971669358899817e-01
-2.336809155065566301e+00,2.402889416972175241e+01,6.636971669213380665e-01
-2.320809155120514333e+00,2.404189416998997331e+01,6.636971669358899817e-01
-2.272809155052527785e+00,2.408189416863024235e+01,6.636971668922342360e-01
-2.256809154525399208e+00,2.409440907286465006e+01,6.636971666719420071e-01
-2.224809154868125916e+00,2.412040907237678766e+01,6.636971666885074228e-01
-2.208809154457412660e+00,2.413340907404199243e+01,6.636971667321631685e-01
-2.176809154567308724e+00,2.416040907381102443e+01,6.636971667321631685e-01
-2.160809154389426112e+00,2.417340915486369113e+01,6.636971667322054680e-01
-2.112809154088608921e+00,2.421268092238602421e+01,6.638214765161360997e-01
-2.097295215820536018e+00,2.422614390962939979e+01,6.638214764225768283e-01
-2.081295215641148388e+00,2.423914391268044710e+01,6.638214764680014923e-01
-1.729295215918682516e+00,2.453914391528815031e+01,6.818214765226002783e-01
-1.700295215821824968e+00,2.456465808811633522e+01,6.818214763521337485e-01
-1.695295215700753033e+00,2.456817218172842843e+01,6.818214761775318600e-01
-1.687781697443389017e+00,2.457514952437124123e+01,6.818214759575405015e-01
-1.674781697452999651e+00,2.458614952582865953e+01,6.818214759405236691e-01
-1.642781697446480393e+00,2.461339263126843946e+01,6.819459211624211425e-01
-1.626781697501428425e+00,2.462639263365417719e+01,6.819459211110370234e-01
-1.595268491071557992e+00,2.465312685769529821e+01,6.820704174784688600e-01
-1.547268490947317332e+00,2.469412685697898269e+01,6.820704175479477271e-01
-1.531268490885850042e+00,2.470712685631588101e+01,6.820704175479477271e-01
-1.499755518160223788e+00,2.473534747360730179e+01,6.819458630960425483e-01
-1.467755518271587789e+00,2.476334747392684221e+01,6.819458629906874902e-01
-1.451755518210120499e+00,2.477634747419506311e+01,6.819458629470318556e-01
-1.436242751771199755e+00,2.479032485395801189e+01,6.819458627316187238e-01
-1.404755387841712722e+00,2.481686062395097991e+01,6.819458624650018841e-01
-1.388755388034041971e+00,2.483134752052162497e+01,6.819458629167786112e-01
-1.356755388027522713e+00,2.485786060010559240e+01,6.819458624680813097e-01
-1.308755388192366809e+00,2.489886059984564781e+01,6.819458624813705683e-01
-1.260755388240795583e+00,2.493886059755459428e+01,6.819458624959223725e-01
-1.244430203327105966e+00,2.495271326269593004e+01,6.818627107983552538e-01
-1.212918007152035793e+00,2.497969066775389280e+01,6.818627105687009582e-01
-1.180918007099535316e+00,2.500769066670909524e+01,6.818627105094492435e-01
-1.164918006863445044e+00,2.502169066853821278e+01,6.818627105094492435e-01
-1.131918006984051317e+00,2.504869066830724478e+01,6.638627105712657794e-01
-1.115918007038999349e+00,2.506193449813077123e+01,6.637378724698006494e-01
-1.083918007090687752e+00,2.508993449900299311e+01,6.637378724990412593e-01
-1.035918007139116526e+00,2.512993449810892344e+01,6.637378725135931745e-01
-1.019918007077649236e+00,2.514293446748139971e+01,6.637378724408010688e-01
-9.879180070711299777e-01,2.516993446554988623e+01,6.637378724844893441e-01
-9.719180068932473660e-01,2.518393446318805218e+01,6.637378724844893441e-01
-9.399180068285204470e-01,2.521142252405653750e+01,6.637378728981905285e-01
-9.239180068252608180e-01,2.522639873434898661e+01,6.637378738500910869e-01
-8.919180067605338991e-01,2.525388711720395207e+01,6.637378743825046445e-01
-8.759180068154819310e-01,2.526688711903989315e+01,6.637378744344459847e-01
-8.284068973903264688e-01,2.530786457222088615e+01,6.637378743049534568e-01
-8.122439169037437567e-01,2.532152333999291116e+01,6.636545273095830755e-01
-7.802439168735872954e-01,2.534852333739399910e+01,6.636545273358933628e-01
-7.642439168412238359e-01,2.536252333689481020e+01,6.636545273358933628e-01
-7.002439169446006417e-01,2.541652334244617606e+01,6.636545272631367842e-01
-6.842439169122371823e-01,2.542903457956252922e+01,6.636545267502325096e-01
-6.522439169639255852e-01,2.545703457854688168e+01,6.636545268120244145e-01
-6.367333480973834670e-01,2.547150093607739052e+01,6.636545270665143992e-01
-6.047333480673842132e-01,2.549850093480199575e+01,6.636545270303031430e-01
-5.727333480899687856e-01,2.552501190493541117e+01,6.636545265759683510e-01
-5.397540786856016570e-01,2.555205692460953415e+01,6.636545270517173467e-01
-5.087540786771569401e-01,2.557781232871287358e+01,6.815293165101945494e-01
-4.937540786340832710e-01,2.558983370161294246e+01,6.815293156176301936e-01
-4.637540786352474242e-01,2.561583370342850685e+01,6.815293155668769032e-01
-4.487540786212775856e-01,2.562834428450301161e+01,6.815293151194776744e-01
-4.187540786224417388e-01,2.565434428304433823e+01,6.815293151885271072e-01
-4.027540786482859403e-01,2.566734428331255913e+01,6.815293152030790225e-01
-3.547540786385070533e-01,2.570983392968279091e+01,6.815293156357233872e-01
-3.387540786789031699e-01,2.572383392974734306e+01,6.815293156687403098e-01
-3.067540786869358271e-01,2.575232376421389802e+01,6.815293160576328946e-01
-2.747540786949684843e-01,2.577883384959189783e+01,6.815293156000457042e-01
-2.587540787062607706e-01,2.579307888585240960e+01,6.816547060520965484e-01
-2.267540786997415125e-01,2.582107888720929623e+01,6.986547059786971658e-01
-1.967540787300094962e-01,2.584807888325303793e+01,6.816547060006996617e-01
-1.817540787669713609e-01,2.586107888165861368e+01,6.816547060734592378e-01
-1.507540787642938085e-01,2.588707888498902321e+01,6.816547059715958312e-01
-1.197540787688922137e-01,2.591556930034942496e+01,6.816547064831629532e-01
-1.042451160365362312e-01,2.592954684737630799e+01,6.816547062379667565e-01
-7.424511603312566876e-02,2.595554685126990080e+01,6.816547062480822206e-01
-4.324511603408609517e-02,2.598154684994369745e+01,6.816547063062898815e-01
1.754883965986664407e-03,2.602054684329777956e+01,6.816547062335303053e-01
3.175488396846049000e-02,2.604654684010893106e+01,6.636547061498276889e-01
4.675488396605942398e-02,2.605954684317111969e+01,6.636547061352757737e-01
7.775488396146101877e-02,2.608554684091359377e+01,6.636547061498276889e-01
1.087548839568626136e-01,2.611154683772474527e+01,6.636547060916200280e-01
1.247548839528462850e-01,2.612454683426767588e+01,6.636547061352757737e-01
1.567548839593655430e-01,2.615054683294147253e+01,6.466547061427263543e-01
1.887548839440569282e-01,2.617654683534055948e+01,6.636547061061719432e-01
2.167548838915536180e-01,2.619954683538526297e+01,6.636547061061719432e-01
2.227548838563961908e-01,2.620454683806747198e+01,6.636547061643796042e-01
2.417548838711809367e-01,2.622054683696478605e+01,6.636547061061719432e-01
2.567548838269431144e-01,2.623354683350771666e+01,6.636547061061719432e-01
2.717548838263610378e-01,2.624654683005064726e+01,6.636547061498276889e-01
3.017548838106449693e-01,2.627254682965576649e+01,6.816547062044264749e-01
3.167548838100628927e-01,2.628554682899266481e+01,6.816547062626341358e-01
3.467548837652429938e-01,2.631154682487249374e+01,6.816547063062898815e-01
3.777548837242648005e-01,2.633854682743549347e+01,6.816547062771860510e-01
4.067548837338108569e-01,2.636454682704061270e+01,6.816547062480822206e-01
4.367548837035428733e-01,2.639154682774096727e+01,6.986547062551835552e-01
4.517548836884088814e-01,2.640454682614654303e+01,6.986547062697355814e-01
4.817548837745562196e-01,2.643054682668298483e+01,6.986547062260797247e-01
4.967548838467337191e-01,2.644354682974517345e+01,6.986547061969758943e-01
5.257548838853836060e-01,2.646954683028161526e+01,6.986547061969758943e-01
5.407548838993534446e-01,2.648254682589322329e+01,6.986547062697355814e-01
5.707548838981892914e-01,2.650854682642966509e+01,6.986547062551835552e-01
6.007548839261289686e-01,2.653454682230949402e+01,6.986547062551835552e-01
6.297548838774673641e-01,2.656054682657122612e+01,6.986547062697355814e-01
6.597548837598878890e-01,2.658754682634025812e+01,6.816547062044264749e-01
6.747548838029615581e-01,2.660054682660847902e+01,6.816547062335303053e-01
7.057548837328795344e-01,2.662654682900756598e+01,6.816547062189783901e-01
7.357548837899230421e-01,2.665254682954400778e+01,6.816547062335303053e-01
7.507548836583737284e-01,2.666554682981222868e+01,6.816547062626341358e-01
7.817548836173955351e-01,2.669154682848602533e+01,6.636547063535545021e-01
7.977548835333436728e-01,2.670454683061689138e+01,6.636547063826583326e-01
8.297548834234476089e-01,2.673054683301597834e+01,6.636547063390025869e-01
8.617548834299668670e-01,2.675654683075845242e+01,6.636547063098987564e-01
8.937548835529014468e-01,2.678354683052748442e+01,6.636547063826583326e-01
9.257548834430053830e-01,2.681054683402180672e+01,6.636547063098987564e-01
9.417548833880573511e-01,2.682354683429002762e+01,6.636547063972102478e-01
9.737548834527842700e-01,2.685054683499038219e+01,6.636547063972102478e-01
9.897548835142515600e-01,2.686354683805257082e+01,6.636547064408659935e-01
1.021754883578978479e+00,2.688954683486372232e+01,6.636547064117621630e-01
1.086754883523099124e+00,2.694254683610051870e+01,6.636547064845217392e-01
1.102754883468151093e+00,2.695654683560132980e+01,6.636547065136255696e-01
1.134754883591085672e+00,2.698254683334380388e+01,6.636547064845217392e-01
1.150754883536137640e+00,2.699554683361202478e+01,6.636547064845217392e-01
1.182754883659072220e+00,2.702254683338105679e+01,6.636547064845217392e-01
1.215754883596673608e+00,2.704854683298617601e+01,6.636547064554179087e-01
1.231754883541725576e+00,2.706154683511704206e+01,6.636547064990736544e-01
1.264754883362911642e+00,2.708854683395475149e+01,6.636547064554179087e-01
1.280754883366171271e+00,2.710154683794826269e+01,6.636547064117621630e-01
1.313754883478395641e+00,2.712854683678597212e+01,6.636547065136255696e-01
1.345754883543122560e+00,2.715454683918505907e+01,6.636547064990736544e-01
1.377754883724264801e+00,2.718054684624075890e+01,6.636547064699698240e-01
1.410754883720073849e+00,2.720654684677720070e+01,6.636547065427294001e-01
1.426754883548710495e+00,2.721954684518277645e+01,6.636547066445928067e-01
1.459754883428104222e+00,2.724654684402048588e+01,6.636547067464562133e-01
1.475754883489571512e+00,2.725954684335738420e+01,6.636547067755600438e-01
1.506754883390385658e+00,2.728554684668779373e+01,6.636547067755600438e-01
1.522754883451852947e+00,2.729854684881865978e+01,6.636547068337677047e-01
1.568754883366636932e+00,2.733754685055464506e+01,6.636547067755600438e-01
1.583754883264191449e+00,2.735054684709757566e+01,6.636547068919753656e-01
1.614754883456043899e+00,2.737654684763401747e+01,6.636547069210791960e-01
1.644754883483983576e+00,2.740254684910178185e+01,6.816547068592626601e-01
1.659754883381538093e+00,2.741554684750735760e+01,6.816547068883664906e-01
1.689754883642308414e+00,2.744154684897512197e+01,6.816547067719511688e-01
1.704754883656278253e+00,2.745454685110598803e+01,6.816547067428473383e-01
1.734754883567802608e+00,2.748054685071110725e+01,6.816547066555358469e-01
1.749754883814603090e+00,2.749354685377329588e+01,6.986547066189814359e-01
1.779754883842542768e+00,2.751954685151576996e+01,6.986547066044295207e-01
1.809754883754067123e+00,2.754554685205221176e+01,6.986547066771890968e-01
1.854754883679561317e+00,2.758654685597866774e+01,7.156547068298095837e-01
1.898754883790388703e+00,2.762754685897380114e+01,7.156547068298095837e-01
1.913754883804358542e+00,2.764154685754328966e+01,7.156547068880172446e-01
1.942754884017631412e+00,2.766954685654491186e+01,7.336547069426160306e-01
1.956754883984103799e+00,2.768354686070233583e+01,7.336547068989602849e-01
1.986754884244874120e+00,2.771154685970395803e+01,7.336547068844083697e-01
2.001754884491674602e+00,2.772554685827344656e+01,7.336547069135122001e-01
2.031754884752444923e+00,2.775454685930162668e+01,7.336547070008236915e-01
2.046754884766414762e+00,2.776954686269164085e+01,7.336547069717197500e-01
2.076754884561523795e+00,2.779954686481505632e+01,7.506547069788211957e-01
2.106754885055124760e+00,2.782754686195403337e+01,7.336547070008236915e-01
2.134754884988069534e+00,2.785554686468094587e+01,7.336547069280641153e-01
2.162754884921014309e+00,2.788354686088860035e+01,7.336547069717197500e-01
2.176754884887486696e+00,2.789754685759544373e+01,7.336547069862717763e-01
2.205754885100759566e+00,2.792554685939103365e+01,7.336547069862717763e-01
2.219754885183647275e+00,2.793954685889184475e+01,7.336547069717197500e-01
2.247754885000176728e+00,2.796654685866087675e+01,7.336547068989602849e-01
2.261754884617403150e+00,2.798054686374962330e+01,7.336547067825449631e-01
2.290754884597845376e+00,2.800854686461389065e+01,7.156547068007057533e-01
2.305754884961061180e+00,2.802254686411470175e+01,7.156547068007057533e-01
2.335754884989000857e+00,2.805054686404764652e+01,7.156547068589134142e-01
2.379754884983412921e+00,2.809054686687886715e+01,6.986547068372601643e-01
2.394754884997382760e+00,2.810454686637967825e+01,6.986547067936044186e-01
2.425754885422065854e+00,2.813154686801135540e+01,6.986547067790525034e-01
2.440754885436035693e+00,2.814554687123745680e+01,6.986547068954678252e-01
2.472754885209724307e+00,2.817354687396436930e+01,6.986547069682274014e-01
2.488754885387606919e+00,2.818754687625914812e+01,6.986547069536754861e-01
2.520754885277710855e+00,2.821554687619209290e+01,6.986547068954678252e-01
2.536754885572008789e+00,2.822954687755554914e+01,6.816547069029185169e-01
2.568754885927774012e+00,2.825754687748849392e+01,6.816547069174703211e-01
2.614253752766011907e+00,2.829656897224122858e+01,6.986547071199954440e-01
2.628754910898665642e+00,2.830979606726155495e+01,6.987821566198222367e-01
2.658754910924471915e+00,2.833579606655985117e+01,6.990370681384823204e-01
2.673754910705611110e+00,2.834854676786166650e+01,6.989095609764254258e-01
2.703754910267889500e+00,2.837654676940292120e+01,6.991645380412175870e-01
2.748255745778781289e+00,2.841702344099898525e+01,7.159093986140130372e-01
2.762505422319240012e+00,2.843003448027827673e+01,7.157817885962576288e-01
2.792755143353027325e+00,2.845829498755917442e+01,7.155265669185700839e-01
2.838755142991431057e+00,2.850129498261958361e+01,7.152712991571503753e-01
2.853755143354646862e+00,2.851529498118907213e+01,7.150159917305275448e-01
2.884755143080838025e+00,2.854329498298466206e+01,6.806695473767259141e-01
2.899755143444053829e+00,2.855729498434811831e+01,6.806695472914725542e-01
2.929505294102581203e+00,2.858628395855616233e+01,6.806664835519858903e-01
2.944005488515145430e+00,2.859901373034729843e+01,6.806627302877999997e-01
2.974005488678812981e+00,2.862651441597245849e+01,6.806627299635236161e-01
2.987005488364957273e+00,2.863851441536098719e+01,6.806627298792591318e-01
2.993505604430225286e+00,2.864449237913099822e+01,6.806627297386242947e-01
3.012505604419857264e+00,2.866249237768352032e+01,6.806627297773957253e-01
3.054505604435689747e+00,2.870149237755686045e+01,6.806627297919476405e-01
3.099005362448493006e+00,2.874297062631731592e+01,6.806627293138136636e-01
3.114005362847819924e+00,2.875697062723338604e+01,6.806627293408382684e-01
3.129005362279713154e+00,2.876947052836300145e+01,6.806627290323590262e-01
3.158005362143740058e+00,2.879597037755945976e+01,6.636627286178666818e-01
3.173005362506955862e+00,2.880797012395136036e+01,6.636627280477385149e-01
3.203005363000556827e+00,2.883497012313455343e+01,6.636627281259279698e-01
3.249005362857133150e+00,2.887697012349963188e+01,6.636627280677203089e-01
3.265005362918600440e+00,2.889147021007709526e+01,6.636627285066820647e-01
3.297007180822826733e+00,2.891851414555855015e+01,6.466627287925964529e-01
3.328007180243730545e+00,2.894551414903253317e+01,6.466627287591110163e-01
3.343506152058171033e+00,2.895949214295419338e+01,6.466627286623580773e-01
3.359007198458904053e+00,2.897251413678115384e+01,6.466627289140350898e-01
3.390756735310549441e+00,2.899950314715703215e+01,6.466528048889247371e-01
3.407258026356906111e+00,2.901352514189541054e+01,6.466528050536968220e-01
3.439258026424795389e+00,2.904052514117211103e+01,6.466528050223132595e-01
3.468756657717848135e+00,2.906650315496301928e+01,6.466528049618914809e-01
3.498756657820194960e+00,2.909250315558165312e+01,6.466528048767941073e-01
3.528756657848134637e+00,2.911850315332412720e+01,6.466528050368651748e-01
3.558756657410413027e+00,2.914550315495580435e+01,6.466528049350017682e-01
3.574255024346146836e+00,2.915948118325788840e+01,6.636528047653644791e-01
3.605255024507641792e+00,2.918648118339478970e+01,6.636528047674801201e-01
3.620505908887810431e+00,2.919949216194654440e+01,6.636646626354909539e-01
3.650505908997729421e+00,2.922649216093122959e+01,6.636646626429865137e-01
3.665505908662453294e+00,2.924049216322600842e+01,6.636646625847788528e-01
3.712007993560983099e+00,2.928151411982995000e+01,6.636646628544026205e-01
3.727259077204316373e+00,2.929552509653036552e+01,6.636772890132562885e-01
3.758756735415929917e+00,2.932300146408427466e+01,6.636772884668726835e-01
3.788756734458729625e+00,2.935100146289914846e+01,6.806772884447127581e-01
3.817756734555587173e+00,2.937800146173685789e+01,6.806772884010570124e-01
3.832756734685972333e+00,2.939100145921111107e+01,6.806772884592646733e-01
3.847756735049188137e+00,2.940475043634364027e+01,6.806637657815692855e-01
3.876756735378876328e+00,2.943275043647736311e+01,6.806637658010004088e-01
3.890756735578179359e+00,2.944725279049000477e+01,6.986637660943396666e-01
3.921756735071539879e+00,2.947625279333442450e+01,6.986637661175336689e-01
3.951756734866648912e+00,2.950575498764938942e+01,6.986637664433044126e-01
3.967259726207152504e+00,2.951977691149913596e+01,6.986637665375694528e-01
4.011756989140475405e+00,2.956400627364633849e+01,6.986782933352115865e-01
4.026756989769637585e+00,2.957800627220422029e+01,6.986782933236099780e-01
4.056756990030407906e+00,2.960775496878904534e+01,6.986931366770787744e-01
4.071756990393623710e+00,2.962175497133284807e+01,6.986931366554927081e-01
4.099756990792229772e+00,2.964875496737658978e+01,6.986931366991484538e-01
4.114756990922614932e+00,2.966275496315211058e+01,6.986931366554927081e-01
4.159260429190864805e+00,2.970577686198314993e+01,6.986931367843368657e-01
4.173260429175570607e+00,2.971927385364874041e+01,6.986931365044183329e-01
4.188260428840294480e+00,2.973327385261654854e+01,6.986931365536293015e-01
4.217260429169982672e+00,2.976127385348081589e+01,6.806931364408228546e-01
4.277016131569519430e+00,2.981605512627257681e+01,6.806931417423468522e-01
4.292520064249395695e+00,2.983007701249480803e+01,6.806931418690070901e-01
4.323024065723473974e+00,2.985709222179742284e+01,6.806931413585888269e-01
4.339024065993726254e+00,2.987058880334052802e+01,6.806931411478642779e-01
4.370024065952748060e+00,2.989909216988701957e+01,6.636931414763473924e-01
4.401024065911769867e+00,2.992608520005089900e+01,6.636931408422129808e-01
4.417024065740406513e+00,2.993958170393031892e+01,6.636931405734539657e-01
4.449024066096171737e+00,2.996808545774360866e+01,6.636931433076385112e-01
4.480528376333419160e+00,2.999711498283945588e+01,6.636931440160642737e-01
4.511528376257047057e+00,3.002461110798806843e+01,6.636931437749122864e-01
4.528528376249596477e+00,3.003961110953241587e+01,6.806931437749881297e-01
4.529528375482186675e+00,3.004010709032386828e+01,6.806931434765087774e-01
4.548528375104069710e+00,3.005810708925127983e+01,6.806931435421574861e-01
4.563528375234454870e+00,3.007210708782076836e+01,6.806931434839498252e-01
4.593528374796733260e+00,3.010061133262146882e+01,6.806931438405077195e-01
4.606518844490445908e+00,3.011306335484952612e+01,6.806931432583464003e-01
4.636518844403326511e+00,3.014106335677206516e+01,6.806931433966383338e-01
4.665013981122934972e+00,3.016929378134281947e+01,6.987115125700131824e-01
4.694013981148600578e+00,3.019629389230917837e+01,6.987115125958321959e-01
4.723519197011920134e+00,3.022381109457035819e+01,6.987115123857077226e-01
4.738771804875678839e+00,3.023782200538553866e+01,6.987302644714238342e-01
4.768771805102005601e+00,3.026631723665991558e+01,6.987302642602519764e-01
4.784277186028178086e+00,3.028133904799070919e+01,6.987302642523602891e-01
4.815277185756713152e+00,3.031108661092419965e+01,6.987493841524337057e-01
4.830277185654267669e+00,3.032659158075150074e+01,6.987493845139938209e-01
4.860277185216546059e+00,3.035559158213436604e+01,6.987493844790151343e-01
4.875277185579761863e+00,3.037008643275945019e+01,6.987493841967282737e-01
4.920277185970917344e+00,3.041308642923831940e+01,6.987493841152172536e-01
4.949771459520142969e+00,3.044255933309425899e+01,6.987493837453921941e-01
4.964771458879113197e+00,3.045554853847139043e+01,6.987493830415753004e-01
4.978771458845585585e+00,3.046904313423641142e+01,6.987493827708548544e-01
5.034771458944305778e+00,3.052404313720762730e+01,6.987493827327853069e-01
5.063771459041163325e+00,3.055104313697665930e+01,6.987493827182333916e-01
5.077771459240466356e+00,3.056504313461482525e+01,6.987493827327853069e-01
5.105771458940580487e+00,3.059254882286532151e+01,6.807493830619293362e-01
5.150771458633244038e+00,3.063454882241785526e+01,6.807493830128805712e-01
5.165771458763629198e+00,3.064804290803394338e+01,6.807493827019400756e-01
5.181024693444388873e+00,3.066154780033952676e+01,6.807701509382566574e-01
5.211855852790274746e+00,3.068886582856456258e+01,6.807840705424400563e-01
5.226855852408334613e+00,3.070286582503467798e+01,6.637840705661801621e-01
5.257602503755047785e+00,3.073034878953244942e+01,6.637629655552438335e-01
5.289602504810318351e+00,3.075834879372268915e+01,6.637629654724150896e-01
5.304602504707872868e+00,3.077234879322350025e+01,6.637629653851035982e-01
5.334602504968643188e+00,3.080034879501909018e+01,6.807629653194453567e-01
5.364602504763752222e+00,3.082634879183024168e+01,6.807629652757896110e-01
5.378602504963055253e+00,3.083934879209846258e+01,6.807629653776530176e-01
5.423602505354210734e+00,3.088034879229962826e+01,6.807629652757896110e-01
5.438602504786103964e+00,3.089434879086911678e+01,6.807629653339972720e-01
5.467602504650130868e+00,3.092234879638999701e+01,6.987629653303883970e-01
5.482602505013346672e+00,3.093634879682213068e+01,6.987629653012845665e-01
5.527602504007518291e+00,3.097934879455715418e+01,6.987629653740441427e-01
5.557602504035457969e+00,3.100734879542142153e+01,6.987629653303883970e-01
5.587602504994720221e+00,3.103534879256039858e+01,6.987629654176998883e-01
5.632602504920214415e+00,3.108034879155457020e+01,6.987629654904594645e-01
5.647602505516260862e+00,3.109534879028797150e+01,6.987629655195632949e-01
5.662602504948154092e+00,3.111034878995269537e+01,6.987629654031479731e-01
5.692602505674585700e+00,3.113934878818690777e+01,6.987629653594922274e-01
5.707602506270632148e+00,3.115434878412634134e+01,6.987629653303883970e-01
5.737602506764233112e+00,3.118434878066182137e+01,7.157629654248012230e-01
5.752602507127448916e+00,3.119834878016263247e+01,7.157629654393530272e-01
5.782602506456896663e+00,3.122834877762943506e+01,7.157629654539050534e-01
5.812602506019175053e+00,3.125734877772629261e+01,7.157629655412165448e-01
5.826602505752816796e+00,3.127134877257049084e+01,6.987629654759075493e-01
5.854602506384253502e+00,3.129934877622872591e+01,6.987629654904594645e-01
5.896602505818009377e+00,3.134034877456724644e+01,6.987629654322518036e-01
5.911111000350458333e+00,3.135437044866201362e+01,6.987629656259543021e-01
5.940111001022160053e+00,3.138237044494599104e+01,6.987629656068747863e-01
5.968602508261154682e+00,3.141034878297426403e+01,6.807629655914494426e-01
5.983602507505565882e+00,3.142434878461062908e+01,6.807629656250355765e-01
5.998602507403120399e+00,3.143834878690540791e+01,6.807629656977951527e-01
6.029093630428548067e+00,3.146732712661137654e+01,6.807629656060109058e-01
6.044093630043789744e+00,3.148107285598052485e+01,6.807386588069834765e-01
6.075093630002811551e+00,3.150907285884022713e+01,6.807386588043300435e-01
6.120093629229813814e+00,3.155107285548001528e+01,6.807386587752262130e-01
6.136602879721318793e+00,3.156660314001799961e+01,6.807386590774927582e-01
6.168112317491407204e+00,3.159462484301340623e+01,6.807386592599153907e-01
6.198112317360937595e+00,3.162262484338134527e+01,6.807386593281989917e-01
6.213112317491322756e+00,3.163562484458088875e+01,6.807386594155104831e-01
6.227112317690625787e+00,3.164860695551379166e+01,6.807386588493068436e-01
6.255602733761838508e+00,3.167558531978784231e+01,6.807386587562934688e-01
6.270602733362466097e+00,3.168907637954143297e+01,6.987386584304906556e-01
6.300602733623236418e+00,3.171707637887448072e+01,6.987386584223713726e-01
6.343602734152227640e+00,3.175907637737691402e+01,6.987386584369232878e-01
6.358092913180697359e+00,3.177279998173549913e+01,6.987640902478786664e-01
6.386092912871390581e+00,3.180079997889697552e+01,6.987640902661951259e-01
6.416092912666499615e+00,3.183130947004076106e+01,7.157640906243509793e-01
6.431092913262546062e+00,3.184632841548857130e+01,7.157640912953527890e-01
6.443092913832515478e+00,3.185983789937802513e+01,6.987640915775041872e-01
6.448347991820130964e+00,3.186384869794647656e+01,6.987382027099201531e-01
6.455347991082817316e+00,3.187084869761019945e+01,6.987382027436979115e-01
6.482688356413294883e+00,3.189820291057244717e+01,7.157208201743888720e-01
6.512688356451690197e+00,3.192720290832221508e+01,7.157208201679168269e-01
6.542688356246799231e+00,3.195620291121304035e+01,7.157208202552283183e-01
6.586688356474041939e+00,3.199871299629506538e+01,6.987208204883020857e-01
6.614688355475664139e+00,3.202671299409121275e+01,6.987208204518537968e-01
6.629688355140388012e+00,3.204071299079805613e+01,6.987208204373018816e-01
6.659688504237169404e+00,3.207022328547785150e+01,6.987208207792398040e-01
6.674688504543155432e+00,3.208422328066080809e+01,6.987208206701325253e-01
6.719688505399972200e+00,3.212722327839583158e+01,6.987208206410286948e-01
6.734688505064696074e+00,3.214222327619791031e+01,6.987208206992364667e-01
6.764688504859805107e+00,3.217071267468705287e+01,6.987208204302376435e-01
6.779688505455851555e+00,3.218571267463266850e+01,6.987208203936461359e-01
6.809688505250960588e+00,3.221545725059357324e+01,6.986936867563957598e-01
6.839688505977392197e+00,3.224243554554052338e+01,6.986936862789923097e-01
6.854688506107777357e+00,3.225743554532527924e+01,6.986936862085713074e-01
6.884688506368547678e+00,3.228692457865701471e+01,6.986936860765255997e-01
6.899688505567610264e+00,3.230092458333820105e+01,6.986936860921559855e-01
6.929688505362719297e+00,3.232892458047717810e+01,6.986936861503636464e-01
6.960688505787402391e+00,3.235841326748829516e+01,6.986936858437389208e-01
6.991688505280762911e+00,3.238892455378663726e+01,6.986936860785496473e-01
7.021688505075871944e+00,3.241792455594986677e+01,6.986936861067079008e-01
7.036688506603240967e+00,3.243266883133600942e+01,6.986657881200259990e-01
7.066688506398350000e+00,3.246166882943361998e+01,6.986657880770508200e-01
7.081176514225332674e+00,3.247615879271281614e+01,6.986657882313852541e-01
7.112176514230668545e+00,3.250515879318118095e+01,6.986657882662257180e-01
7.142176514025777578e+00,3.253415879141539335e+01,6.986657882662257180e-01
7.173176514450460672e+00,3.256415878888219595e+01,6.986657882225699723e-01
7.189176514279097319e+00,3.257915879040956497e+01,6.986657883244332679e-01
7.219176514074206352e+00,3.260767062394651816e+01,6.986657886096839798e-01
7.249176515266299248e+00,3.263692671181714644e+01,6.986943493978255981e-01
7.264176514931023121e+00,3.265092671569436789e+01,6.986943493684520945e-01
7.295176516287028790e+00,3.267992671485990286e+01,6.986943493975559250e-01
7.326176515314728022e+00,3.270892671309411526e+01,6.986943494557636969e-01
7.341176516376435757e+00,3.272443884267320868e+01,6.986943498204208902e-01
7.356176516506820917e+00,3.273843884468078613e+01,6.986943498486652970e-01
7.386176516301929951e+00,3.276743884105235338e+01,6.986943498486652970e-01
7.417176515329629183e+00,3.279743883665651083e+01,6.986943497322499752e-01
7.447176515590399504e+00,3.282543883193284273e+01,6.986943496303865686e-01
7.477176516316831112e+00,3.285343883093446493e+01,6.986943496158346534e-01
7.521176516544073820e+00,3.289543882943689823e+01,6.806943497067550197e-01
7.551176517270505428e+00,3.292343882564455271e+01,6.806943496922029935e-01
7.566176516003906727e+00,3.293643882311880589e+01,6.806943497649626806e-01
7.594663095143547871e+00,3.296341735194879874e+01,6.636943496997593783e-01
7.624663094524294138e+00,3.298941734898835421e+01,6.636943496851018809e-01
7.639663095586001873e+00,3.300241734832525253e+01,6.636943497287575155e-01
7.669663095846772194e+00,3.302941734623163939e+01,6.636943496414460242e-01
7.699663096107542515e+00,3.305541734490543604e+01,6.466943496197927743e-01
7.729663095902651548e+00,3.308141734544187784e+01,6.466943495615851134e-01
7.744663095567375422e+00,3.309441734291613102e+01,6.466943495761370286e-01
7.790177025223440133e+00,3.313343878951203436e+01,6.286943497105200729e-01
7.806177025660872459e+00,3.314643879141658545e+01,6.286943497252650559e-01
7.821177025325596333e+00,3.315943879261612892e+01,6.286943497398169711e-01
7.835662888034729434e+00,3.317241735573750105e+01,6.286943496818404586e-01
7.867177099150069353e+00,3.319843879315791924e+01,6.116943497033674459e-01
7.899177099112421274e+00,3.322443879488855600e+01,6.116943496308523409e-01
7.947691486585513942e+00,3.326346022229220978e+01,5.936943497360609445e-01
7.963691487442702055e+00,3.327646021731197834e+01,5.936943497508764267e-01
7.979434255646436824e+00,3.328844950256781487e+01,5.936635780814789598e-01
8.011434391919269871e+00,3.331344951041929647e+01,5.936635781399961509e-01
8.042434392496943474e+00,3.333844951447099447e+01,5.766635782638331875e-01
8.055919678466272771e+00,3.334842810164312965e+01,5.766635781828898244e-01
8.063404890406683734e+00,3.335414951748756351e+01,5.766325019153563103e-01
8.076404890511184931e+00,3.336414951924234629e+01,5.766325019212672487e-01
8.108404889702796936e+00,3.338814952131360769e+01,5.766325018630595878e-01
8.140920076659545757e+00,3.341217092680056311e+01,5.766325019876361591e-01
8.174920076038688421e+00,3.343817092664539814e+01,5.766325019503710791e-01
8.208405057409756012e+00,3.346414953641057366e+01,5.766325018841023109e-01
8.276405057404190302e+00,3.351614953670650721e+01,5.766325018630595878e-01
8.292374544673082326e+00,3.352910676108243848e+01,5.766325017159843469e-01
8.309374544303864241e+00,3.354210676159709692e+01,5.766325016447808594e-01
8.326374544296413660e+00,3.355510676279664040e+01,5.766325016738848008e-01
8.360374544747173786e+00,3.358110676612704992e+01,5.766325015865731984e-01
8.394374544732272625e+00,3.360762188685036733e+01,5.586325018429194600e-01
8.445116713035954348e+00,3.364661119432249592e+01,5.586005348539835325e-01
8.462116712704300880e+00,3.365861118957400322e+01,5.586005348450271413e-01
8.496116712689399719e+00,3.368461118917912245e+01,5.586005348886828870e-01
8.513116713147610426e+00,3.369709567221730140e+01,5.586005346796816262e-01
8.547116713598370552e+00,3.372261116488640909e+01,5.586005348211164900e-01
8.564116714522242546e+00,3.373409543601297145e+01,5.586005345487522478e-01
8.597116714343428612e+00,3.375809543207287788e+01,5.766005345940357074e-01
8.613116662517018796e+00,3.377135329092313043e+01,5.765680578506620080e-01
8.645116664003580809e+00,3.379535329155623913e+01,5.765680578479077667e-01
8.677116663660854101e+00,3.382035329006612301e+01,5.765680578042520210e-01
8.709116662386804819e+00,3.384535328485071659e+01,5.765680577751481906e-01
8.741633103405497707e+00,3.387037462557898948e+01,5.935680578388812245e-01
8.773633104749023914e+00,3.389689062585723889e+01,5.935680580734219447e-01
8.789116484798237039e+00,3.390986928890656316e+01,5.935680578711547417e-01
8.805116485338658094e+00,3.392286928556859493e+01,5.935680578986649580e-01
8.821633220021189103e+00,3.393589060874442964e+01,5.935680579843521931e-01
8.868116352180045681e+00,3.397386928480234047e+01,6.115680578821289792e-01
8.883082490961831112e+00,3.398631025088685931e+01,6.115680575345726622e-01
8.930599395297567966e+00,3.402533156852975793e+01,6.285680576822106902e-01
8.946116375672051646e+00,3.403835288115776336e+01,6.285680577840637717e-01
8.978116374462842941e+00,3.406435288302600384e+01,6.285680578293977305e-01
9.010116373188793659e+00,3.409186957463834489e+01,6.285680581057102589e-01
9.042633635128643377e+00,3.411837400956322597e+01,6.285680579297127091e-01
9.058116379425506182e+00,3.413135270305248525e+01,6.285680578602294011e-01
9.073598973127056766e+00,3.414533140107668174e+01,6.285680577874704911e-01
9.105598973575979471e+00,3.417233139928430319e+01,6.465680577966850251e-01
9.121598972473293543e+00,3.418481432129654962e+01,6.465680576369554622e-01
9.153598972596228123e+00,3.421081432513892651e+01,6.465680576948215075e-01
9.185081251702747807e+00,3.423779303532854357e+01,6.465680576965944226e-01
9.216563300082057708e+00,3.426577173608306026e+01,6.465680576820287406e-01
9.247527650574358660e+00,3.429372916866269350e+01,6.465680575674617181e-01
9.264045712273349054e+00,3.430775045461705730e+01,6.465680576348260544e-01
9.296045712660998106e+00,3.433575045596808195e+01,6.465680576220620424e-01
9.327009489501858042e+00,3.436370790212191650e+01,6.465680573783337826e-01
9.342491609364612870e+00,3.437820423600437181e+01,6.465680575941878949e-01
9.373491609003394842e+00,3.440420423354953527e+01,6.465680575638543814e-01
9.405491607729345560e+00,3.443220423534512520e+01,6.465680575784062967e-01
9.420973263421158705e+00,3.444618296851822237e+01,6.465680574784279377e-01
9.452454849621950927e+00,3.447316170741054719e+01,6.465680574784392620e-01
9.500454850494861603e+00,3.451516171172261238e+01,6.465680574765428901e-01
9.531936336116878294e+00,3.454339949893054751e+01,6.466028321614802898e-01
9.563936337362974882e+00,3.457139949686825275e+01,6.466028321738122031e-01
9.579417761234376272e+00,3.458537825479917416e+01,6.466028320884654734e-01
9.611417760141193867e+00,3.461337825376540422e+01,6.466028320719487965e-01
9.626899022779582538e+00,3.462735701885164730e+01,6.466028321030403703e-01
9.658899021334946156e+00,3.465535701904445887e+01,6.466028322029160336e-01
9.691418086146695643e+00,3.468337826061060980e+01,6.466028321863852568e-01
9.722418086603283882e+00,3.470937826018780470e+01,6.466028321738122031e-01
9.752245039354432876e+00,3.473493893186648762e+01,6.465439780839651318e-01
9.766725858923269499e+00,3.474791770433768079e+01,6.465439780578658979e-01
9.796725858934223652e+00,3.477491770219057798e+01,6.635439780366141349e-01
9.811725859995931387e+00,3.478791769966483116e+01,6.635439780802698806e-01
9.841206583975916189e+00,3.481389648172908835e+01,6.635439779922537307e-01
9.856206583790481091e+00,3.482789648324251175e+01,6.635439779929583892e-01
9.885206583887338638e+00,3.485389648843556643e+01,6.805439779709558934e-01
9.914687027740022529e+00,3.488087527409238930e+01,6.805439777956517888e-01
9.944687027484178543e+00,3.490839436266361417e+01,6.805439780944287920e-01
9.973687028046697378e+00,3.493639436550438404e+01,6.805439780291635543e-01
1.000242710900509735e+01,3.496438376380864099e+01,6.985080103466501100e-01
1.001590729787299594e+01,3.497836256928641774e+01,6.985080102867412544e-01
1.002990751095281041e+01,3.499184287665978133e+01,6.985080100641868350e-01
1.005890751210972667e+01,3.501984287425875664e+01,6.985080099984770641e-01
1.008838746809888320e+01,3.504882168805784204e+01,7.155080099155111117e-01
1.011838746722787619e+01,3.507882165620718951e+01,7.155080099328067211e-01
1.013390785157300833e+01,3.509384284158304723e+01,7.155080099937852767e-01
1.016390785248950124e+01,3.512384284194558859e+01,7.155080099182669073e-01
1.017890785261988640e+01,3.513884283881634474e+01,7.155080099328188226e-01
1.020890785288065672e+01,3.516884283721446991e+01,7.155080099473707378e-01
1.023842843511071621e+01,3.519886400769436818e+01,7.155080099646498049e-01
1.026842843601480126e+01,3.522886400483548641e+01,7.155080099328188226e-01
1.028342843567952514e+01,3.524386400822550058e+01,7.155080099619226530e-01
1.030994928902968333e+01,3.526988516869158730e+01,7.155080099791848447e-01
1.031847015704069648e+01,3.527790633181360391e+01,7.155080099937279892e-01
1.033247015718370676e+01,3.529190633073449135e+01,7.155080100201303139e-01
1.034647015621885657e+01,3.530538557809492772e+01,7.155080097660365679e-01
1.034994909039752464e+01,3.530836443464805541e+01,7.155080096682042701e-01
1.034994908887892962e+01,3.530836443416774273e+01,7.155080097145400941e-01
1.034994908934459090e+01,3.530836443416774273e+01,7.155080097145400941e-01
1.034994908794760704e+01,3.530836443789303303e+01,7.335080096818274997e-01
1.034994908655062318e+01,3.530836443509906530e+01,7.335080096527235582e-01
1.034994908655062318e+01,3.530836443696171045e+01,7.335080096963793039e-01
1.034994908748194575e+01,3.530836443416774273e+01,7.335080097109312192e-01
1.034994908655062318e+01,3.530836443323642015e+01,7.335080097691388801e-01
1.034994908655062318e+01,3.530836443789303303e+01,7.335080097836907953e-01
1.034994908748194575e+01,3.530836443509906530e+01,7.335080097836907953e-01
1.034994908794760704e+01,3.530836443416774273e+01,7.335080096818274997e-01
1.034994908748194575e+01,3.530836443044245243e+01,7.335080096527235582e-01
1.034994908655062318e+01,3.530836442857980728e+01,7.335080096090678126e-01
1.034994908561930060e+01,3.530836442951112986e+01,7.335080096818274997e-01
1.034994908422231674e+01,3.530836442671716213e+01,7.335080096236197278e-01
1.034994908189401031e+01,3.530836443044245243e+01,7.335080096963793039e-01
1.034994908189401031e+01,3.530836442764848471e+01,7.335080096527235582e-01
1.034994908096268773e+01,3.530836442857980728e+01,7.335080096672754735e-01
1.034994908096268773e+01,3.530836442671716213e+01,7.335080097109312192e-01
1.034994908096268773e+01,3.530836442951112986e+01,7.335080098127946258e-01
1.034994908003136516e+01,3.530836443044245243e+01,7.335080097691388801e-01
1.034994907863438129e+01,3.530836443416774273e+01,7.335080097836907953e-01
1.034994907584041357e+01,3.530836443696171045e+01,7.335080097545869648e-01
1.034994907584041357e+01,3.530836443696171045e+01,7.335080097836907953e-01
1.034994907444342971e+01,3.530836443416774273e+01,7.335080097982427105e-01
1.034994907304644585e+01,3.530836443696171045e+01,7.335080098127946258e-01
1.034994907211512327e+01,3.530836443416774273e+01,7.335080097254831344e-01
1.034994907211512327e+01,3.530836443323642015e+01,7.335080097109312192e-01
1.034994907164946198e+01,3.530836444254964590e+01,7.335080096818274997e-01
1.034994907118380070e+01,3.530836444441229105e+01,7.335080096672754735e-01
1.034994906978681684e+01,3.530836444627493620e+01,7.335080096236197278e-01
1.034994907071813941e+01,3.530836444534361362e+01,7.335080095945158973e-01
1.034994907071813941e+01,3.530836444254964590e+01,7.335080096527235582e-01
1.034994906978681684e+01,3.530836444161832333e+01,7.335080096963793039e-01
1.034994906978681684e+01,3.530836444906890392e+01,7.335080096236197278e-01
1.034994906885549426e+01,3.530836445186287165e+01,7.335080097109312192e-01
1.034994906792417169e+01,3.530836445186287165e+01,7.335080098710022867e-01
1.034994906932115555e+01,3.530836445372551680e+01,7.335080098855542019e-01
1.034994906792417169e+01,3.530836445093154907e+01,7.335080098127946258e-01
1.034994906792417169e+01,3.530836445093154907e+01,7.155080098455073312e-01
1.034994906885549426e+01,3.530836445093154907e+01,7.155080098455073312e-01
1.034994906792417169e+01,3.530836445186287165e+01,7.155080098164036118e-01
1.034994906792417169e+01,3.530836445093154907e+01,7.155080098891630769e-01
1.034994906792417169e+01,3.530836445000022650e+01,7.155080098309554160e-01
1.034994906885549426e+01,3.530836445279419422e+01,7.155080098600592464e-01
1.034994906838983297e+01,3.530836445000022650e+01,7.155080098600592464e-01
1.034994906792417169e+01,3.530836445093154907e+01,7.155080098455073312e-01
1.034994906838983297e+01,3.530836445186287165e+01,7.155080099328188226e-01
1.034994906885549426e+01,3.530836445186287165e+01,7.155080099037149921e-01
1.034994906745851040e+01,3.530836445093154907e+01,7.155080099037149921e-01
1.034994906652718782e+01,3.530836444813758135e+01,7.155080098600592464e-01
1.034994906792417169e+01,3.530836445000022650e+01,7.155080098018515855e-01
1.034994906792417169e+01,3.530836445000022650e+01,7.155080098455073312e-01
1.034994906792417169e+01,3.530836445372551680e+01,7.155080099619226530e-01
1.034994906838983297e+01,3.530836445093154907e+01,7.155080100346822292e-01
1.034994906792417169e+01,3.530836444813758135e+01,7.155080101656494662e-01
1.034994906978681684e+01,3.530836445000022650e+01,7.155080101802012704e-01
1.034994906978681684e+01,3.530836445186287165e+01,7.155080102966167033e-01
1.034994907025247812e+01,3.530836445186287165e+01,7.155080103693762794e-01
1.034994906932115555e+01,3.530836445186287165e+01,7.155080102675128728e-01
1.034994906885549426e+01,3.530836445093154907e+01,7.155080103548243642e-01
1.034994906652718782e+01,3.530836445000022650e+01,7.155080103402723379e-01
1.034994906699284911e+01,3.530836445093154907e+01,7.155080103257205337e-01
1.034994906699284911e+01,3.530836445279419422e+01,7.155080103257205337e-01
1.034994906652718782e+01,3.530836445372551680e+01,7.155080102675128728e-01
1.034994906606152654e+01,3.530836445093154907e+01,7.155080103402723379e-01
1.034994906559586525e+01,3.530836445186287165e+01,7.155080103548243642e-01
1.034994906513020396e+01,3.530836445279419422e+01,7.155080102966167033e-01
1.034994906419888139e+01,3.530836445372551680e+01,7.155080102675128728e-01
1.034994906513020396e+01,3.530836445093154907e+01,7.155080102966167033e-01
1.034994906419888139e+01,3.530836445093154907e+01,7.155080102529609576e-01
1.034994906466454268e+01,3.530836444627493620e+01,7.155080101365456358e-01
1.034994906373322010e+01,3.530836444627493620e+01,7.155080100637860596e-01
1.034994906326755881e+01,3.530836444813758135e+01,7.155080101656494662e-01
1.034994906093925238e+01,3.530836445279419422e+01,7.155080101656494662e-01
1.034994906140491366e+01,3.530836445372551680e+01,7.155080101656494662e-01
1.034994906140491366e+01,3.530836445186287165e+01,7.155080102384090424e-01
1.034994906047359109e+01,3.530836444813758135e+01,7.155080102238571271e-01
1.034994906000792980e+01,3.530836444720625877e+01,7.155080101947532967e-01
1.034994905861094594e+01,3.530836444627493620e+01,7.155080102093052119e-01
1.034994905814528465e+01,3.530836444348096848e+01,7.155080101802012704e-01
1.034994905767962337e+01,3.530836444348096848e+01,7.155080102675128728e-01
1.034994905674830079e+01,3.530836444254964590e+01,7.155080103402723379e-01
1.034994905674830079e+01,3.530836444068700075e+01,7.155080102820647880e-01
1.034994905814528465e+01,3.530836444254964590e+01,7.155080103111687295e-01
1.034994905861094594e+01,3.530836444441229105e+01,7.155080102529609576e-01
1.034994905814528465e+01,3.530836444906890392e+01,7.155080101802012704e-01
1.034994905721396208e+01,3.530836445000022650e+01,7.155080102820647880e-01
1.034994905674830079e+01,3.530836444906890392e+01,7.155080102238571271e-01
1.034994905674830079e+01,3.530836445000022650e+01,7.155080101365456358e-01
1.034994905674830079e+01,3.530836445465683937e+01,7.155080101074418053e-01
1.034994905674830079e+01,3.530836445186287165e+01,7.155080101510976620e-01
1.034994905814528465e+01,3.530836444906890392e+01,7.155080101947532967e-01
1.034994905674830079e+01,3.530836445000022650e+01,7.155080101656494662e-01
1.034994905674830079e+01,3.530836445372551680e+01,7.155080102529609576e-01
1.034994905767962337e+01,3.530836445000022650e+01,7.155080101947532967e-01
1.034994905628263950e+01,3.530836445558816195e+01,7.155080101802012704e-01
1.034994905488565564e+01,3.530836446490138769e+01,7.155080102384090424e-01
1.034994905348867178e+01,3.530836446303874254e+01,7.155080101656494662e-01
1.034994905348867178e+01,3.530836446583271027e+01,7.155080101802012704e-01
1.034994905302301049e+01,3.530836446862667799e+01,7.155080101656494662e-01
1.034994905302301049e+01,3.530836446490138769e+01,7.155080102529609576e-01
1.034994905395433307e+01,3.530836446583271027e+01,7.155080102675128728e-01
1.034994905395433307e+01,3.530836446490138769e+01,7.155080102966167033e-01
1.034994905441999435e+01,3.530836446397006512e+01,7.155080103839281946e-01
1.034994905395433307e+01,3.530836446676403284e+01,7.155080104275839403e-01
1.034994905302301049e+01,3.530836446676403284e+01,7.155080102966167033e-01
1.034994905255734921e+01,3.530836446862667799e+01,7.155080102966167033e-01
1.034994905209168792e+01,3.530836446583271027e+01,7.155080102820647880e-01
1.034994905162602663e+01,3.530836446397006512e+01,7.155080103839281946e-01
1.034994905116036534e+01,3.530836446676403284e+01,7.155080104712396860e-01
1.034994905209168792e+01,3.530836447142064571e+01,7.155080104275839403e-01
1.034994905162602663e+01,3.530836447142064571e+01,7.155080102966167033e-01
1.034994905069470406e+01,3.530836447235196829e+01,7.155080103402723379e-01
1.034994904790073633e+01,3.530836447421461344e+01,7.155080102529609576e-01
1.034994904696941376e+01,3.530836447328329086e+01,7.155080101947532967e-01
1.034994904696941376e+01,3.530836447235196829e+01,7.155080102238571271e-01
1.034994904603809118e+01,3.530836447514593601e+01,7.155080101510976620e-01
1.034994904603809118e+01,3.530836447980254889e+01,7.155080102384090424e-01
1.034994904557242990e+01,3.530836447980254889e+01,7.155080101802012704e-01
1.034994904557242990e+01,3.530836448166519403e+01,7.155080102238571271e-01
1.034994904650375247e+01,3.530836448259651661e+01,7.155080102820647880e-01
1.034994904510676861e+01,3.530836447793990374e+01,7.155080103402723379e-01
1.034994904417544603e+01,3.530836448166519403e+01,7.155080102675128728e-01
1.034994904510676861e+01,3.530836447980254889e+01,7.155080102384090424e-01
1.034994904277846217e+01,3.530836448166519403e+01,7.155080102093052119e-01
1.034994904184713960e+01,3.530836447793990374e+01,7.155080101947532967e-01
1.034994904277846217e+01,3.530836447980254889e+01,7.155080101947532967e-01
1.034994904184713960e+01,3.530836448073387146e+01,7.155080102093052119e-01
1.034994904184713960e+01,3.530836448632180691e+01,7.155080102238571271e-01
1.034994904277846217e+01,3.530836448818445206e+01,7.155080102093052119e-01
1.034994904277846217e+01,3.530836448725312948e+01,7.155080101510976620e-01
1.034994904277846217e+01,3.530836448725312948e+01,7.155080102238571271e-01
1.034994904184713960e+01,3.530836448911577463e+01,7.155080101947532967e-01
1.034994904231280088e+01,3.530836448911577463e+01,7.155080102238571271e-01
1.034994904231280088e+01,3.530836449004709721e+01,7.155080100928898901e-01
1.034994904138147831e+01,3.530836448818445206e+01,7.155080100928898901e-01
1.034994903998449445e+01,3.530836448911577463e+01,7.155080101802012704e-01
1.034994903998449445e+01,3.530836448632180691e+01,7.155080101802012704e-01
1.034994904091581702e+01,3.530836449004709721e+01,7.155080102966167033e-01
1.034994903951883316e+01,3.530836448818445206e+01,7.155080102820647880e-01
1.034994903765618801e+01,3.530836448818445206e+01,7.155080103984801099e-01
1.034994903719052672e+01,3.530836448911577463e+01,7.155080104275839403e-01
1.034994903719052672e+01,3.530836449097841978e+01,7.155080103693762794e-01
1.034994903719052672e+01,3.530836449004709721e+01,7.155080104130320251e-01
1.034994903812184930e+01,3.530836448818445206e+01,7.155080104130320251e-01
1.034994903812184930e+01,3.530836448911577463e+01,7.155080103984801099e-01
1.034994903765618801e+01,3.530836448911577463e+01,7.155080103984801099e-01
1.034994903719052672e+01,3.530836448818445206e+01,7.155080104712396860e-01
1.034994903625920415e+01,3.530836448911577463e+01,7.155080104275839403e-01
1.034994903625920415e+01,3.530836449377238750e+01,7.155080105148954317e-01
1.034994903719052672e+01,3.530836449377238750e+01,7.155080106022069231e-01
1.034994903625920415e+01,3.530836450029164553e+01,7.155080104566877708e-01
1.034994903625920415e+01,3.530836450308561325e+01,7.155080104130320251e-01
1.034994903672486544e+01,3.530836450308561325e+01,7.155080104421358556e-01
1.034994903579354286e+01,3.530836450774222612e+01,7.155080103548243642e-01
1.034994903532788157e+01,3.530836451053619385e+01,7.155080103548243642e-01
1.034994903346523643e+01,3.530836451146751642e+01,7.155080103257205337e-01
1.034994903299957514e+01,3.530836451239883900e+01,7.155080102384090424e-01
1.034994903393089771e+01,3.530836451053619385e+01,7.155080102529609576e-01
1.034994903206825256e+01,3.530836450867354870e+01,7.155080101802012704e-01
1.034994903160259128e+01,3.530836451612412930e+01,7.155080101656494662e-01
1.034994903206825256e+01,3.530836451891809702e+01,7.155080102529609576e-01
1.034994903067126870e+01,3.530836451891809702e+01,7.155080101219937205e-01
1.034994903160259128e+01,3.530836452171206474e+01,7.155080100783379748e-01
1.034994903067126870e+01,3.530836451798677444e+01,7.155080100492341444e-01
1.034994903067126870e+01,3.530836451426148415e+01,7.155080101802012704e-01
1.034994903067126870e+01,3.530836451053619385e+01,7.155080102384090424e-01
1.034994903160259128e+01,3.530836451146751642e+01,7.155080102384090424e-01
1.034994903160259128e+01,3.530836451333016157e+01,7.155080101510976620e-01
1.034994903113692999e+01,3.530836451239883900e+01,7.155080101802012704e-01
1.034994902927428484e+01,3.530836451053619385e+01,7.155080102966167033e-01
1.034994902973994613e+01,3.530836451239883900e+01,7.155080103402723379e-01
1.034994902834296227e+01,3.530836450960487127e+01,7.155080103548243642e-01
1.034994902648031712e+01,3.530836451146751642e+01,7.155080102675128728e-01
1.034994902601465583e+01,3.530836450960487127e+01,7.155080103111687295e-01
1.034994902601465583e+01,3.530836450960487127e+01,7.155080102675128728e-01
1.034994902508333325e+01,3.530836450587958097e+01,7.155080103111687295e-01
1.034994902554899454e+01,3.530836450774222612e+01,7.155080102966167033e-01
1.034994902461767197e+01,3.530836451239883900e+01,7.155080102966167033e-01
1.034994902461767197e+01,3.530836450960487127e+01,7.155080102820647880e-01
1.034994902368634939e+01,3.530836451053619385e+01,7.155080102675128728e-01
1.034994902228936553e+01,3.530836451053619385e+01,7.155080103111687295e-01
1.034994902135804296e+01,3.530836451239883900e+01,7.155080102529609576e-01
1.034994902135804296e+01,3.530836450867354870e+01,7.155080102820647880e-01
1.034994902135804296e+01,3.530836451426148415e+01,7.155080102529609576e-01
1.034994902182370424e+01,3.530836451239883900e+01,7.155080102529609576e-01
1.034994902135804296e+01,3.530836450960487127e+01,7.155080102529609576e-01
1.034994902089238167e+01,3.530836450960487127e+01,7.155080102238571271e-01
1.034994901902973652e+01,3.530836451146751642e+01,7.155080101947532967e-01
1.034994901809841394e+01,3.530836451705545187e+01,7.155080102384090424e-01
1.034994901763275266e+01,3.530836452171206474e+01,7.155080102384090424e-01
1.034994901763275266e+01,3.530836451891809702e+01,7.155080101365456358e-01
1.034994901856407523e+01,3.530836451984941959e+01,7.155080100637860596e-01
1.034994901623576880e+01,3.530836451705545187e+01,7.155080101219937205e-01
1.034994901670143008e+01,3.530836451984941959e+01,7.155080100783379748e-01
1.034994901670143008e+01,3.530836451984941959e+01,7.155080100928898901e-01
1.034994901670143008e+01,3.530836452078074217e+01,7.155080099764745682e-01
1.034994901577010751e+01,3.530836451798677444e+01,7.155080099764745682e-01
1.034994901623576880e+01,3.530836451798677444e+01,7.155080099619226530e-01
1.034994901670143008e+01,3.530836451705545187e+01,7.155080100201303139e-01
1.034994901530444622e+01,3.530836452078074217e+01,7.155080099182669073e-01
1.034994901344180107e+01,3.530836451426148415e+01,7.155080099910264835e-01
1.034994901297613978e+01,3.530836451705545187e+01,7.155080100055783987e-01
1.034994901157915592e+01,3.530836451891809702e+01,7.155080099037149921e-01
1.034994901064783335e+01,3.530836451705545187e+01,7.155080098455073312e-01
1.034994901064783335e+01,3.530836452264338732e+01,7.155080098891630769e-01
1.034994901018217206e+01,3.530836452636867762e+01,7.155080098455073312e-01
1.034994900971651077e+01,3.530836452171206474e+01,7.155080097290920094e-01
1.034994900831952691e+01,3.530836451612412930e+01,7.155080097727477551e-01
1.034994900925084949e+01,3.530836451891809702e+01,7.155080096854361527e-01
1.034994900925084949e+01,3.530836451984941959e+01,7.155080097436439246e-01
1.034994900831952691e+01,3.530836452264338732e+01,7.155080097727477551e-01
1.034994900925084949e+01,3.530836452730000019e+01,7.155080097581958398e-01
1.034994900925084949e+01,3.530836452636867762e+01,7.155080096999881789e-01
1.034994900925084949e+01,3.530836452264338732e+01,7.155080097290920094e-01
1.034994900925084949e+01,3.530836452916264534e+01,7.155080097145400941e-01
1.034994900925084949e+01,3.530836452543735504e+01,7.155080097145400941e-01
1.034994900925084949e+01,3.530836452730000019e+01,7.155080098018515855e-01
1.034994900831952691e+01,3.530836452636867762e+01,7.155080098891630769e-01
1.034994900878518820e+01,3.530836452171206474e+01,7.155080098018515855e-01
1.034994900831952691e+01,3.530836451798677444e+01,7.155080098018515855e-01
1.034994900831952691e+01,3.530836451705545187e+01,7.155080098891630769e-01
1.034994900878518820e+01,3.530836451984941959e+01,7.155080098455073312e-01
1.034994900878518820e+01,3.530836452264338732e+01,7.155080098600592464e-01
1.034994900785386562e+01,3.530836452543735504e+01,7.155080098746111616e-01
1.034994900738820434e+01,3.530836452916264534e+01,7.155080098164036118e-01
1.034994900692254305e+01,3.530836452450603247e+01,7.155080097581958398e-01
1.034994900692254305e+01,3.530836452636867762e+01,7.155080096854361527e-01
1.034994900645688176e+01,3.530836452078074217e+01,7.155080097872996703e-01
1.034994900785386562e+01,3.530836451798677444e+01,7.155080098018515855e-01
1.034994900645688176e+01,3.530836451984941959e+01,7.155080098455073312e-01
1.034994900785386562e+01,3.530836452450603247e+01,7.155080098455073312e-01
1.034994900785386562e+01,3.530836452823132277e+01,7.155080098746111616e-01
1.034994900645688176e+01,3.530836453102529049e+01,7.155080098455073312e-01
1.034994900738820434e+01,3.530836453288793564e+01,7.155080098455073312e-01
1.034994900645688176e+01,3.530836453195661306e+01,7.155080098891630769e-01
1.034994900645688176e+01,3.530836452916264534e+01,7.155080098309554160e-01
1.034994900645688176e+01,3.530836452543735504e+01,7.155080098600592464e-01
1.034994900738820434e+01,3.530836452357470989e+01,7.155080098891630769e-01
1.034994900599122047e+01,3.530836452450603247e+01,7.155080098455073312e-01
1.034994900459423661e+01,3.530836452543735504e+01,7.155080098018515855e-01
1.034994900366291404e+01,3.530836453009396791e+01,7.155080098746111616e-01
1.034994900273159146e+01,3.530836453288793564e+01,7.155080098746111616e-01
1.034994900226593018e+01,3.530836453754454851e+01,7.155080098600592464e-01
1.034994900226593018e+01,3.530836454033851624e+01,7.155080098891630769e-01
1.034994900086894631e+01,3.530836453847587109e+01,7.155080098746111616e-01
1.034994900180026889e+01,3.530836454126983881e+01,7.155080098309554160e-01
1.034994899993762374e+01,3.530836454126983881e+01,7.155080098164036118e-01
1.034994899854063988e+01,3.530836453940719366e+01,7.155080099182669073e-01
1.034994899807497859e+01,3.530836454313248396e+01,7.155080099182669073e-01
1.034994899807497859e+01,3.530836454220116138e+01,7.155080100201303139e-01
1.034994899760931730e+01,3.530836454220116138e+01,7.155080100055783987e-01
1.034994899621233344e+01,3.530836454033851624e+01,7.155080100346822292e-01
1.034994899481534958e+01,3.530836453847587109e+01,7.155080100637860596e-01
1.034994899388402700e+01,3.530836454033851624e+01,7.155080100346822292e-01
1.034994899388402700e+01,3.530836454126983881e+01,7.155080100637860596e-01
1.034994899434968829e+01,3.530836453940719366e+01,7.155080101365456358e-01
1.034994899388402700e+01,3.530836454220116138e+01,7.155080100928898901e-01
1.034994899481534958e+01,3.530836454313248396e+01,7.155080100637860596e-01
1.034994899295270443e+01,3.530836453568190336e+01,7.155080100928898901e-01
1.034994899155572057e+01,3.530836453288793564e+01,7.155080100201303139e-01
1.034994899248704314e+01,3.530836453288793564e+01,7.155080099473707378e-01
1.034994899155572057e+01,3.530836453381925821e+01,7.155080099619226530e-01
1.034994899248704314e+01,3.530836453195661306e+01,7.155080100055783987e-01
1.034994899341836572e+01,3.530836453288793564e+01,7.155080099328188226e-01
1.034994899341836572e+01,3.530836453288793564e+01,7.155080100055783987e-01
1.034994899295270443e+01,3.530836453102529049e+01,7.155080099764745682e-01
1.034994899155572057e+01,3.530836453847587109e+01,7.155080100346822292e-01
1.034994899155572057e+01,3.530836453847587109e+01,7.155080100928898901e-01
1.034994899155572057e+01,3.530836453847587109e+01,7.155080100346822292e-01
1.034994899155572057e+01,3.530836453847587109e+01,7.155080100783379748e-01
1.034994899155572057e+01,3.530836454033851624e+01,7.155080100346822292e-01
1.034994899248704314e+01,3.530836453568190336e+01,7.155080100928898901e-01
1.034994899155572057e+01,3.530836453381925821e+01,7.155080100928898901e-01
1.034994899155572057e+01,3.530836453475058079e+01,7.155080100928898901e-01
1.034994899155572057e+01,3.530836452916264534e+01,7.155080101074418053e-01
1.034994899295270443e+01,3.530836452636867762e+01,7.155080101074418053e-01
1.034994899295270443e+01,3.530836452171206474e+01,7.155080100201303139e-01
1.034994899155572057e+01,3.530836451798677444e+01,7.155080099764745682e-01
1.034994899248704314e+01,3.530836451705545187e+01,7.155080099764745682e-01
1.034994899155572057e+01,3.530836451798677444e+01,7.155080099619226530e-01
1.034994899155572057e+01,3.530836451612412930e+01,7.155080098309554160e-01
1.034994899248704314e+01,3.530836451612412930e+01,7.155080098309554160e-01
1.034994899155572057e+01,3.530836451612412930e+01,7.155080099037149921e-01
1.034994899109005928e+01,3.530836451891809702e+01,7.155080098600592464e-01
1.034994899062439799e+01,3.530836451705545187e+01,7.155080098746111616e-01
1.034994898922741413e+01,3.530836452171206474e+01,7.155080099328188226e-01
1.034994898829609156e+01,3.530836451891809702e+01,7.155080100055783987e-01
1.034994898969307542e+01,3.530836451705545187e+01,7.155080099328188226e-01
1.034994899015873671e+01,3.530836452171206474e+01,7.155080099619226530e-01
1.034994898969307542e+01,3.530836451891809702e+01,7.155080100055783987e-01
1.034994899015873671e+01,3.530836451705545187e+01,7.155080099764745682e-01
1.034994899062439799e+01,3.530836451984941959e+01,7.155080100055783987e-01
1.034994899015873671e+01,3.530836452171206474e+01,7.155080098891630769e-01
1.034994899062439799e+01,3.530836451612412930e+01,7.155080098455073312e-01
1.034994898922741413e+01,3.530836451519280672e+01,7.155080098455073312e-01
1.034994898736476898e+01,3.530836451426148415e+01,7.155080099473707378e-01
1.034994898503646255e+01,3.530836451146751642e+01,7.155080100055783987e-01
1.034994898363947868e+01,3.530836451519280672e+01,7.155080099473707378e-01
1.034994898177683353e+01,3.530836451984941959e+01,7.155080099619226530e-01
1.034994898037984967e+01,3.530836451984941959e+01,7.155080099328188226e-01
1.034994898131117225e+01,3.530836451984941959e+01,7.155080100201303139e-01
1.034994898131117225e+01,3.530836452171206474e+01,7.155080100346822292e-01
1.034994898084551096e+01,3.530836451612412930e+01,7.155080101219937205e-01
1.034994897991418839e+01,3.530836451891809702e+01,7.155080100201303139e-01
1.034994897851720452e+01,3.530836452171206474e+01,7.155080099910264835e-01
1.034994897851720452e+01,3.530836452078074217e+01,7.155080100201303139e-01
1.034994898037984967e+01,3.530836451426148415e+01,7.155080099764745682e-01
1.034994898084551096e+01,3.530836451239883900e+01,7.155080098891630769e-01
1.034994898037984967e+01,3.530836451146751642e+01,7.155080099328188226e-01
1.034994898037984967e+01,3.530836451146751642e+01,7.155080100055783987e-01
1.034994898131117225e+01,3.530836451612412930e+01,7.155080099328188226e-01
1.034994898131117225e+01,3.530836451798677444e+01,7.155080098891630769e-01
1.034994898037984967e+01,3.530836451798677444e+01,7.155080098309554160e-01
1.034994898131117225e+01,3.530836451239883900e+01,7.155080099182669073e-01
1.034994898131117225e+01,3.530836450960487127e+01,7.155080099328188226e-01
1.034994898084551096e+01,3.530836450960487127e+01,7.155080099182669073e-01
1.034994898037984967e+01,3.530836450867354870e+01,7.155080100055783987e-01
1.034994898037984967e+01,3.530836451239883900e+01,7.155080099910264835e-01
1.034994897991418839e+01,3.530836450681090355e+01,7.155080099619226530e-01
1.034994897898286581e+01,3.530836450308561325e+01,7.155080099619226530e-01
1.034994897805154324e+01,3.530836450401693583e+01,7.155080099182669073e-01
1.034994897618889809e+01,3.530836450401693583e+01,7.155080099473707378e-01
1.034994897572323680e+01,3.530836450215429068e+01,7.155080100055783987e-01
1.034994897572323680e+01,3.530836450681090355e+01,7.155080099328188226e-01
1.034994897479191422e+01,3.530836450308561325e+01,7.155080099619226530e-01
1.034994897479191422e+01,3.530836450681090355e+01,7.155080099619226530e-01
1.034994897572323680e+01,3.530836450308561325e+01,7.155080099619226530e-01
1.034994897572323680e+01,3.530836450308561325e+01,7.155080099764745682e-01
1.034994897525757551e+01,3.530836450774222612e+01,7.155080099764745682e-01
1.034994897339493036e+01,3.530836450960487127e+01,7.155080099182669073e-01
1.034994897246360779e+01,3.530836451053619385e+01,7.155080100201303139e-01
1.034913223131616000e+01,3.530833415184205393e+01,6.804538437872303946e-01
1.034913223190233111e+01,3.530833415035158396e+01,6.464538438449380919e-01
1.034913223190233111e+01,3.530833414848893881e+01,5.934538438741583377e-01
1.034913223283365369e+01,3.530833415221422911e+01,5.584538438415620476e-01
1.034913223190233111e+01,3.530833415407687426e+01,5.064538439182797447e-01
1.034913223236799240e+01,3.530833415687084198e+01,4.714538438856834546e-01
1.034994978203668836e+01,3.530836449958332679e+01,4.195082729386754306e-01
1.034994978178292513e+01,3.530836449563503265e+01,3.665082729348796420e-01
1.034994978131726384e+01,3.530836449656635523e+01,2.975082729244604707e-01
1.034994977992027998e+01,3.530890919679704609e+01,2.795082731298829670e-01
1.034994977945461869e+01,3.530836428363301849e+01,2.275082729266440784e-01
1.034994977945461869e+01,3.530836428329348564e+01,1.925082729394489711e-01
1.035022244671977099e+01,3.530837438316080323e+01,1.575629591557653753e-01
1.035022244602441788e+01,3.530837437696754932e+01,1.225629591681354214e-01
1.035022244649007916e+01,3.530837437603622675e+01,1.055629591573961079e-01
1.034967689924390832e+01,3.530835417440675172e+01,7.056295923924471580e-02
1.034967689821496606e+01,3.530889936401284501e+01,1.756295942751085956e-02
1.034967689914628863e+01,3.530889936257153749e+01,-1.743704057162176468e-02
1.034967690007761121e+01,3.530835394137655925e+01,-3.443704075988799490e-02
1.034913106692530071e+01,3.530833374535060898e+01,-1.046223474242693047e-01
1.034913106635212898e+01,3.530833374056965113e+01,-1.216223474330035970e-01
1.035013106605038047e+01,3.530833374243229628e+01,-1.396223474730504399e-01
1.037313106656074524e+01,3.530578803564338131e+01,-1.916223476924516778e-01
1.039113106625154614e+01,3.530378804169595242e+01,-2.266223476835876882e-01
1.042913106596097350e+01,3.529624219277371111e+01,-2.966223478629522736e-01
1.046813106397166848e+01,3.528524219244718552e+01,-3.666223478503525257e-01
1.048713106382638216e+01,3.527851513327646416e+01,-4.005670674100832440e-01
1.052567746481210698e+01,3.526453531057040180e+01,-4.705670674936399678e-01
1.058067746646702290e+01,3.523798938905839151e+01,-5.585670676080433106e-01
1.059813084553179152e+01,3.522851526410205025e+01,-5.925670674282728090e-01
1.061513084638863802e+01,3.521796903474848506e+01,-6.105670675604397690e-01
1.065013084514066577e+01,3.519596903212368488e+01,-6.455670675786677748e-01
1.066613084636628628e+01,3.518496903218328953e+01,-6.625670675712171942e-01
1.069913084898144007e+01,3.516096902918070555e+01,-6.975670675892615691e-01
1.073113079042236606e+01,3.513596902669703326e+01,-7.325670675636384299e-01
1.074713078979402781e+01,3.512296902853995562e+01,-7.495670675561996177e-01
1.077813078928738832e+01,3.509696903079748154e+01,-7.675670674943830818e-01
1.082313078828155994e+01,3.505796903092414141e+01,-8.025670674978755414e-01
1.083813078841194510e+01,3.504396903421729803e+01,-8.195670674031134695e-01
1.085313078761100769e+01,3.502996903099119663e+01,-8.375670673849526793e-01
1.088113078940659761e+01,3.500196903198957443e+01,-8.545670673775020987e-01
1.089513079030439258e+01,3.498696903046220541e+01,-8.725670672720298171e-01
1.092167815829206745e+01,3.495689492576813961e+01,-9.245670676361119611e-01
1.094713057185958860e+01,3.492587478844982485e+01,-9.595670676594119097e-01
1.095913057122379541e+01,3.491087479144334793e+01,-9.765670677588785820e-01
1.098413057206198573e+01,3.487887479178607464e+01,-1.011567067675059661e+00
1.099613057263195515e+01,3.486187478899955750e+01,-1.029567067686002702e+00
1.101858279871883184e+01,3.482785466439911914e+01,-1.064567067699045300e+00
1.104958279849961400e+01,3.477485466655343771e+01,-1.133567067823605612e+00
1.105958279734477401e+01,3.475685467012226582e+01,-1.151567067776340991e+00
1.107758279703557491e+01,3.472085467260330915e+01,-1.168567067856201902e+00
1.108658279757946730e+01,3.470285467151552439e+01,-1.186567067867144942e+00
1.110458279633894563e+01,3.466685466747730970e+01,-1.203567067830590531e+00
1.111285686451542176e+01,3.464786472334854039e+01,-1.203510652572207684e+00
1.112930861635592450e+01,3.461084462180296839e+01,-1.221510652536434316e+00
1.113730861712247133e+01,3.459284462314099073e+01,-1.221510652656434104e+00
1.116230861749500036e+01,3.453284462913870811e+01,-1.221510652540018782e+00
1.117721155246095144e+01,3.449380443125460260e+01,-1.221510652300078714e+00
1.118730853772123446e+01,3.447429647958472287e+01,-1.221510652779165707e+00
1.119530846367225152e+01,3.445429647720516186e+01,-1.238510652881797736e+00
1.121230846410617232e+01,3.441429647058248520e+01,-1.238510652707191184e+00
1.123603409426160482e+01,3.435528642764241880e+01,-1.238453902861968992e+00
1.125203409371897578e+01,3.431728643272072077e+01,-1.221453902893699706e+00
1.126103409240022302e+01,3.429828643891960382e+01,-1.221453902981011197e+00
1.127775965357529131e+01,3.426027640440688771e+01,-1.203510772711203103e+00
1.130375965591520071e+01,3.420527640637010336e+01,-1.186510772648034617e+00
1.131221061879526069e+01,3.418780486953774300e+01,-1.168510772200182180e+00
1.133021062007173896e+01,3.415180486813187599e+01,-1.133510772371664643e+00
1.134021062031388283e+01,3.413380486518144608e+01,-1.116510772320907563e+00
1.136121062003076077e+01,3.409880486503243446e+01,-1.081510772317415103e+00
1.137221061950549483e+01,3.408180486503988504e+01,-1.064510772324865684e+00
1.139521058367368056e+01,3.404780486369377002e+01,-1.029510772437774779e+00
1.140748530408471240e+01,3.403081489477762744e+01,-1.029567972519312091e+00
1.144403497306051598e+01,3.398283495133379972e+01,-9.945679727683746085e-01
1.145658450681314378e+01,3.396685500512141687e+01,-9.765679730192496910e-01
1.148313411531638017e+01,3.393487504814697076e+01,-9.595679733468102102e-01
1.149613411631435156e+01,3.391932565497175744e+01,-9.415679736110402764e-01
1.152213404995732482e+01,3.388932564885030274e+01,-9.245679737068330795e-01
1.154813404940068722e+01,3.385932565014809370e+01,-9.075679735979065299e-01
1.156158410986164853e+01,3.384430560667547638e+01,-8.895679732521196703e-01
1.159040905593760939e+01,3.381533566193079565e+01,-8.726254990494399788e-01
1.160440905625000596e+01,3.380033565964549780e+01,-8.726254989451263100e-01
1.163295922918484315e+01,3.377235569062084153e+01,-8.546254991384908406e-01
1.166150934844645448e+01,3.374437571839006011e+01,-8.546254993421507073e-01
1.168895912997055220e+01,3.371635569611759564e+01,-8.376254991448562892e-01
1.170350944825733031e+01,3.370237572837181261e+01,-8.376254992331606530e-01
1.173150944989174604e+01,3.367437572777271271e+01,-8.376254991453606635e-01
1.174605990671682143e+01,3.366039574558950420e+01,-8.376254994950459443e-01
1.177505990630015731e+01,3.363239575084298849e+01,-8.196254994836635888e-01
1.182005990529432893e+01,3.359039574861526489e+01,-8.196254995127673082e-01
1.185105990478768945e+01,3.356239574588835239e+01,-8.026254994911141694e-01
1.186605990445241332e+01,3.354839574545621872e+01,-8.026254994329065084e-01
1.189605990331619978e+01,3.352039574552327394e+01,-8.026254993746988475e-01
1.192705990234389901e+01,3.349239574652165174e+01,-8.026254993455950171e-01
1.195905990339815617e+01,3.346439574565738440e+01,-8.026254994620103389e-01
1.199105990398675203e+01,3.343639574572443962e+01,-8.026254994911141694e-01
1.200705990381538868e+01,3.342239574436098337e+01,-8.026254995784256607e-01
1.203705990314483643e+01,3.339639574568718672e+01,-8.026254996657371521e-01
1.205205990280956030e+01,3.338339574635028839e+01,-8.026254996366334327e-01
1.208105990337207913e+01,3.335739574581384659e+01,-8.026254995784256607e-01
1.211105990270152688e+01,3.333039574511349201e+01,-8.026254996366334327e-01
1.212605990329757333e+01,3.331739574205130339e+01,-8.026254996366334327e-01
1.215505990292876959e+01,3.329039573948830366e+01,-8.196254997455980629e-01
1.219905990222468972e+01,3.325039573945105076e+01,-8.196254997747018933e-01
1.221405990328639746e+01,3.323639573901891708e+01,-8.196254997164942324e-01
1.222905990341678262e+01,3.322239574044942856e+01,-8.196254996873904020e-01
1.224405990494415164e+01,3.320839574094861746e+01,-8.376254996692296118e-01
1.227205990348011255e+01,3.318039574101567268e+01,-8.376254996401256703e-01
1.230105990264564753e+01,3.315239573828876019e+01,-8.376254996692296118e-01
1.233005990274250507e+01,3.312439574021846056e+01,-8.376254996110219508e-01
1.234405990270897746e+01,3.311039574071764946e+01,-8.546254996617790312e-01
1.237305990327149630e+01,3.308139573875814676e+01,-8.546254996908828616e-01
1.240305990260094404e+01,3.305139574036002159e+01,-8.546254996617790312e-01
1.243305990099906921e+01,3.302139574196189642e+01,-8.546254996326752007e-01
1.244805990066379309e+01,3.300639574415981770e+01,-8.546254997199866921e-01
1.247805990092456341e+01,3.297639574576169252e+01,-8.546254997199866921e-01
1.249305990105494857e+01,3.296139574795961380e+01,-8.546254998364019029e-01
1.252305990224704146e+01,3.293139574676752090e+01,-8.726254997891373932e-01
1.255305990111082792e+01,3.290139574743807316e+01,-8.726254997309297323e-01
1.259705990087240934e+01,3.285639574937522411e+01,-8.726254997891373932e-01
1.264205990266054869e+01,3.281139574572443962e+01,-8.726254998764487736e-01
1.265705990418791771e+01,3.279639574792236090e+01,-8.726254999346565455e-01
1.268705990444868803e+01,3.276639575231820345e+01,-8.726254998764487736e-01
1.270205990411341190e+01,3.275139575265347958e+01,-8.726254998182412237e-01
1.273205990530550480e+01,3.272139575518667698e+01,-8.726254997018259019e-01
1.274605990573763847e+01,3.270639575272798538e+01,-8.726254996145144105e-01
1.279005990643054247e+01,3.266139575000852346e+01,-8.726254997309297323e-01
1.280505990702658892e+01,3.264639575127512217e+01,-8.726254998764487736e-01
1.282005990575999022e+01,3.263139575067907572e+01,-8.726254999637604870e-01
1.285005990695208311e+01,3.260139575134962797e+01,-8.726255000219680369e-01
1.286505990754812956e+01,3.258639575354754925e+01,-8.726254999637604870e-01
1.291005990747362375e+01,3.254139575269073248e+01,-8.726254999346565455e-01
1.292405990697443485e+01,3.252639575488865376e+01,-8.726254999055527151e-01
1.295305990800261497e+01,3.249639575742185116e+01,-8.726254999055527151e-01
1.296805990673601627e+01,3.248139575682580471e+01,-8.726254998764487736e-01
1.299705990869551897e+01,3.245139575749635696e+01,-8.726254999055527151e-01
1.302705990802496672e+01,3.242139575909823179e+01,-8.726254998473450541e-01
1.304205990768969059e+01,3.240639575943350792e+01,-8.726254999055527151e-01
1.307105990685522556e+01,3.237739575933665037e+01,-8.726254998764487736e-01
1.308705990668386221e+01,3.236039576306939125e+01,-8.546254998655058444e-01
1.310705990623682737e+01,3.234039576258510351e+01,-8.376254997856449336e-01
1.312205990590155125e+01,3.232639576215296984e+01,-8.376254997565411031e-01
1.315205990429967642e+01,3.229739576391875744e+01,-8.376254998438525945e-01
1.316705990396440029e+01,3.228239576518535614e+01,-8.376254999893717468e-01
1.319605990312993526e+01,3.225439576338976622e+01,-8.376255000475794077e-01
1.322605990245938301e+01,3.222639576531946659e+01,-8.376254999893717468e-01
1.324005990289151669e+01,3.221239576488733292e+01,-8.376255000475794077e-01
1.326805990096181631e+01,3.218439576309174299e+01,-8.376254999311639748e-01
1.329605990089476109e+01,3.215639575943350792e+01,-8.376254998438525945e-01
1.332505990006029606e+01,3.212839575670659542e+01,-8.546254999237135053e-01
1.333905989956110716e+01,3.211439576279371977e+01,-8.546254998364019029e-01
1.336705989856272936e+01,3.208639576379209757e+01,-8.546254999237135053e-01
1.339505989849567413e+01,3.205839576479047537e+01,-8.546254997490905225e-01
1.340905989892780781e+01,3.204439576435834169e+01,-8.726254997891373932e-01
1.343705989886075258e+01,3.201639576535671949e+01,-8.726254998473450541e-01
1.345105990022420883e+01,3.200139576569199562e+01,-8.726254999928642064e-01
1.348005990125238895e+01,3.197139576449990273e+01,-8.726255000219680369e-01
1.349405990447849035e+01,3.195639576483517885e+01,-8.726254999346565455e-01
1.356705990526825190e+01,3.188039576448500156e+01,-8.726254999055527151e-01
1.358205990493297577e+01,3.186539576295763254e+01,-8.726254998473450541e-01
1.359605990350246429e+01,3.185039576608687639e+01,-8.726254999637604870e-01
1.362505990453064442e+01,3.182039577048271894e+01,-8.726254999928642064e-01
1.365405990276485682e+01,3.179039577394723892e+01,-8.726255001092794172e-01
1.366878212495967837e+01,3.177438586244411312e+01,-8.725646908977685579e-01
1.369678212609142065e+01,3.174438586551696062e+01,-8.725646908278577030e-01
1.370867076891249958e+01,3.173034621335062866e+01,-8.725646905437596246e-01
1.373694871491782443e+01,3.170135612988516627e+01,-8.726256296570014115e-01
1.376494871638715267e+01,3.167335613258183002e+01,-8.726256296795327216e-01
1.379294882698972025e+01,3.164435613450188001e+01,-8.726256297086548708e-01
1.382094882614910603e+01,3.161563396315555607e+01,-8.725645847885250550e-01
1.383494882658123970e+01,3.160163407108463218e+01,-8.545645846752223385e-01
1.386350517102997770e+01,3.157365389619215534e+01,-8.545645848152280122e-01
1.387667097102437630e+01,3.155962417918332719e+01,-8.545034329612802848e-01
1.390494916189471653e+01,3.153163408726917183e+01,-8.545646432910180001e-01
1.391994916275143623e+01,3.151763409003615379e+01,-8.545646433485671878e-01
1.396494916267693043e+01,3.147391210393515593e+01,-8.375033717616044981e-01
1.398050566924214522e+01,3.145893191022790347e+01,-8.375033717792879084e-01
1.398050566669553518e+01,3.145893191080540419e+01,-8.375033717020414770e-01
1.402550566662102938e+01,3.141493191197514534e+01,-8.375033717311453074e-01
1.405550566595047712e+01,3.138593191094696522e+01,-8.375033717311453074e-01
1.408550566341727972e+01,3.135693191364407539e+01,-8.375033717602491379e-01
1.411506252697663477e+01,3.132895170642877503e+01,-8.375033718956966799e-01
1.412806252390146255e+01,3.131595170497894287e+01,-8.375033719348721206e-01
1.414206252433359623e+01,3.130167338489253481e+01,-8.375649558744767686e-01
1.417006252426654100e+01,3.127367338817566633e+01,-8.545649558654986322e-01
1.419850564792433900e+01,3.124565361329883117e+01,-8.545649557882748493e-01
1.422650568770837332e+01,3.121876728259473310e+01,-8.545649558854656602e-01
1.425506296472272538e+01,3.119078706410210700e+01,-8.546884335983450098e-01
1.426850573267524602e+01,3.117676728843048650e+01,-8.546884336254942927e-01
1.429678442550362405e+01,3.114849871867922460e+01,-8.726884193678308144e-01
1.432466973494206819e+01,3.111945918788033083e+01,-8.726884194146067308e-01
1.433866973221302032e+01,3.110445918794721365e+01,-8.726884192728903145e-01
1.436822735911532334e+01,3.107392175410281965e+01,-8.726884192621243708e-01
1.438222735933959484e+01,3.106003650966418306e+01,-8.726884194728491417e-01
1.441050625581918787e+01,3.103104639108799745e+01,-8.726264196461205325e-01
1.443850625678896904e+01,3.100304639153182507e+01,-8.726264195574913174e-01
1.443850625772029161e+01,3.100304638873785734e+01,-8.726264194992836565e-01
1.447978518883685872e+01,3.096105626336873229e+01,-8.726885275325653168e-01
1.449422721492437205e+01,3.094503651698840230e+01,-8.546885276775362250e-01
1.454422721546143293e+01,3.089703652169555426e+01,-8.196885277866385877e-01
1.455783203973200202e+01,3.088326601188994402e+01,-8.196885304176068088e-01
1.458783204015344381e+01,3.085470815075341378e+01,-8.196885304109283732e-01
1.460183204151690006e+01,3.084170814696699381e+01,-8.196885302895680070e-01
1.462983204051852226e+01,3.081598711441446881e+01,-8.197508649877722764e-01
1.465983204264193773e+01,3.078798711765557528e+01,-8.197508651064708829e-01
1.467483204323798418e+01,3.077498711738735437e+01,-8.197508650482632220e-01
1.471883204299956560e+01,3.073298711795359850e+01,-8.197508650191593915e-01
1.473339066371848816e+01,3.072000684595507636e+01,-8.377508647469353864e-01
1.474839066434651613e+01,3.070600684359669685e+01,-8.377508647390641272e-01
1.477739066444337368e+01,3.067800684645771980e+01,-8.377508648263756186e-01
1.479139066394418478e+01,3.066288989550186983e+01,-8.377508649006180086e-01
1.481939066480845213e+01,3.063644835602600125e+01,-8.377508648329217156e-01
1.486139066517353058e+01,3.059500687177892431e+01,-8.547508647381674152e-01
1.487539066188037395e+01,3.058100686967372894e+01,-8.547508647898212075e-01
1.490439066104590893e+01,3.055272746744805445e+01,-8.546881185946947346e-01
1.491839066054672003e+01,3.053900679235325555e+01,-8.546253329147314171e-01
1.494639066141098738e+01,3.051156561548388879e+01,-8.726253326746888916e-01
1.497339066118001938e+01,3.048356559753344541e+01,-8.726253326167405788e-01
1.498757707819981455e+01,3.046875848051827518e+01,-8.727092001115021036e-01
1.501557707693427801e+01,3.043875847663730383e+01,-8.727092001354321837e-01
1.502957707736641169e+01,3.042431754222668872e+01,-8.897092000032381653e-01
1.505757707543671131e+01,3.039403796382387668e+01,-8.727722104806341363e-01
1.508557707536965609e+01,3.036547880544576117e+01,-8.727722105588046064e-01
1.511313691791509406e+01,3.033565941536137700e+01,-8.727091235291590809e-01
1.512713691964745522e+01,3.032065941859036684e+01,-8.727091235341504216e-01
1.518313691951334476e+01,3.026293909454864206e+01,-8.727722745771089308e-01
1.519713691901415586e+01,3.024765933895107040e+01,-8.727090851794584436e-01
1.522513691894710064e+01,3.021965928956729996e+01,-8.547090742346648007e-01
1.523913691751658916e+01,3.020565928798168898e+01,-8.547090741922147572e-01
1.526713691838085651e+01,3.017765928525477648e+01,-8.547090742795263596e-01
1.529513691924512386e+01,3.015077874327898044e+01,-8.547090740439592382e-01
1.531013691797852516e+01,3.013649880410372361e+01,-8.546456865371001577e-01
1.534013691823929548e+01,3.010693893061598203e+01,-8.376456867897251746e-01
1.537013691663742065e+01,3.007749887982550163e+01,-8.376456865756304326e-01
1.540013691410422325e+01,3.004849888104945421e+01,-8.376456865516956896e-01
1.541513691470026970e+01,3.003477869371960196e+01,-8.375821519478008348e-01
1.544513691309839487e+01,3.000521850969781212e+01,-8.375821523604690677e-01
1.547513691242784262e+01,2.997565830738938786e+01,-8.375821526805449224e-01
1.549013691116124392e+01,2.996065830532461405e+01,-8.375821526278741658e-01
1.552013691142201424e+01,2.993221864309889213e+01,-8.375821522842311628e-01
1.553513691201806068e+01,2.991905926476402655e+01,-8.376458588902914171e-01
1.556313691288232803e+01,2.989205926470458508e+01,-8.376458589918911457e-01
1.559113691281527281e+01,2.986405926849693060e+01,-8.376458589336834848e-01
1.562032391799012387e+01,2.983625270984105171e+01,-8.546033067428762120e-01
1.563432392105460167e+01,2.982225270755589008e+01,-8.546033067686948925e-01
1.566213688224587841e+01,2.979405924386186655e+01,-8.546459050367605226e-01
1.567613688204437494e+01,2.977977886660528739e+01,-8.547098301044995239e-01
1.570413688197731972e+01,2.975177886802703142e+01,-8.547098300477955490e-01
1.573313688300549984e+01,2.972277886886149645e+01,-8.547098299313801162e-01
1.574813688173890114e+01,2.970777891208268073e+01,-8.545817382935784190e-01
1.577813688386231661e+01,2.967665662797144321e+01,-8.725817384108293107e-01
1.580813688412308693e+01,2.964721774082886441e+01,-8.725817383457739052e-01
1.583713688515126705e+01,2.961749829310123161e+01,-8.723892503692988187e-01
1.585113688465207815e+01,2.960277893095261703e+01,-8.724534383896261902e-01
1.587913688458502293e+01,2.957505955121402152e+01,-8.545176511688706844e-01
1.592113688588142395e+01,2.953277879417937513e+01,-8.544534032120383316e-01
1.594913688581436872e+01,2.950534041268437591e+01,-8.544534055891166435e-01
1.596313688717782497e+01,2.949077879689697212e+01,-8.545821266597094512e-01
1.599213688727468252e+01,2.946177879441529512e+01,-8.543246441668099767e-01
1.602013688720762730e+01,2.943462125723277367e+01,-8.373890420679601654e-01
1.604313688818365335e+01,2.941205848420955604e+01,-8.373892782475214069e-01
1.604813688807189465e+01,2.940621575990891756e+01,-8.193247963286601765e-01
1.606913688965141773e+01,2.938665364110411460e+01,-7.843247962279518148e-01
1.608513688948005438e+01,2.937477752773253314e+01,-7.843247962342748680e-01
1.611569926051108581e+01,2.934779712151866349e+01,-7.843247961568933224e-01
1.614451178378481089e+01,2.932188430227730791e+01,-7.843463350889484653e-01
1.615951178502291441e+01,2.930888430494815111e+01,-7.843463350873207673e-01
1.618951178621500731e+01,2.928288430813699961e+01,-8.023463350255042315e-01
1.621951178647577763e+01,2.925688430760055780e+01,-8.023463350255042315e-01
1.624951178580522537e+01,2.923088430892676115e+01,-8.023463349381927401e-01
1.626451178640127182e+01,2.921688431035727262e+01,-8.023463349381927401e-01
1.629451178759336472e+01,2.918960302237444182e+01,-8.194111877858588633e-01
1.632451178599148989e+01,2.916160302329808474e+01,-8.374111877928953618e-01
1.635251178685575724e+01,2.913388431605692475e+01,-8.373462767687914754e-01
1.636651178635656834e+01,2.911988429753974472e+01,-8.373462768213337792e-01
1.638051178678870201e+01,2.910588429775089025e+01,-8.543462768138851970e-01
1.639451178535819054e+01,2.909188430197536945e+01,-8.543462768138851970e-01
1.642194866761485983e+01,2.906358331812351281e+01,-8.542812213568491408e-01
1.644994866754859686e+01,2.903558331727981567e+01,-8.722812212945427746e-01
1.649194866605103016e+01,2.899258331768214703e+01,-8.722812212072312832e-01
1.650594866648316383e+01,2.897730178885036167e+01,-8.722160570946365654e-01
1.653394866827875376e+01,2.894673863487316012e+01,-8.722160569601914437e-01
1.654794866871088743e+01,2.893273864034563303e+01,-8.722160568868275732e-01
1.657594866771250963e+01,2.890373863838613033e+01,-8.722160568868275732e-01
1.658994866814464331e+01,2.888973863888531923e+01,-8.722160567995160818e-01
1.661694866511970758e+01,2.886173863895237446e+01,-8.722160567995160818e-01
1.664494866598397493e+01,2.883373864274471998e+01,-8.542160568467807025e-01
1.665894866455346346e+01,2.881973864138126373e+01,-8.542160567012615502e-01
1.665894866455346346e+01,2.881973863672465086e+01,-8.542160567303653806e-01
1.670094866212457418e+01,2.877773863822221756e+01,-8.542160567594693221e-01
1.672994866222143173e+01,2.874873863998800516e+01,-8.542160567303653806e-01
1.675894866231828928e+01,2.872073864378035069e+01,-8.372160568251273416e-01
1.678794866427779198e+01,2.869273864477872849e+01,-8.372160569124389440e-01
1.680194866377860308e+01,2.867873864062130451e+01,-8.372160569997504354e-01
1.681594866141676903e+01,2.866573864407837391e+01,-8.372160569415427744e-01
1.684594866260886192e+01,2.863773864507675171e+01,-8.192160569305997342e-01
1.687594866193830967e+01,2.860973864607512951e+01,-8.192160570179112256e-01
1.690694866329431534e+01,2.858173864800482988e+01,-8.192160570179112256e-01
1.693694866355508566e+01,2.855373864620923996e+01,-8.192160570470150560e-01
1.698194866348057985e+01,2.851173864770680666e+01,-8.192160570179112256e-01
1.701194866374135017e+01,2.848373864591121674e+01,-8.192160570179112256e-01
1.702594866417348385e+01,2.847073864657431841e+01,-8.192160570761187754e-01
1.705594866629689932e+01,2.844373864773660898e+01,-8.192160571052227169e-01
1.708594866842031479e+01,2.841573864500969648e+01,-8.192160571634303778e-01
1.710094866715371609e+01,2.840173865016549826e+01,-8.192160571634303778e-01
1.712894866708666086e+01,2.837473864946514368e+01,-8.372160572034772485e-01
1.715794866997748613e+01,2.834673864673823118e+01,-8.372160570870619267e-01
1.719994866847991943e+01,2.830473864637315273e+01,-8.372160569997504354e-01
1.722894866671413183e+01,2.827573864441365004e+01,-8.542160571087152876e-01
1.724394866637885571e+01,2.826073864474892616e+01,-8.542160570505075157e-01
1.727394866757094860e+01,2.823073864541947842e+01,-8.542160571378190070e-01
1.728894867002964020e+01,2.821573864296078682e+01,-8.542160571378190070e-01
1.731894867122173309e+01,2.818573864083737135e+01,-8.542160572251304984e-01
1.734694867208600044e+01,2.815773863997310400e+01,-8.542160571960266680e-01
1.738894867431372404e+01,2.811573864147067070e+01,-8.372160571743734181e-01
1.740394867584109306e+01,2.810073863901197910e+01,-8.372160572907887399e-01
1.743294867686927319e+01,2.807273863907903433e+01,-8.372160572616849095e-01
1.744794867653399706e+01,2.805873863771557808e+01,-8.372160572034772485e-01
1.747694867756217718e+01,2.803073863498866558e+01,-8.372160571452695876e-01
1.749094867892563343e+01,2.801673863641917706e+01,-8.372160570579580963e-01
1.751894867885857821e+01,2.798873863648623228e+01,-8.192160571343265474e-01
1.753394867852330208e+01,2.797573863808065653e+01,-8.192160571634303778e-01
1.755794867966324091e+01,2.795373863633722067e+01,-8.192160570470150560e-01
1.757194868102669716e+01,2.794173864088952541e+01,-7.842160570289706811e-01
1.760094868205487728e+01,2.791673863958567381e+01,-7.672160570218693465e-01
1.761694868560880423e+01,2.790373864024877548e+01,-7.672160570509731770e-01
1.764894868526607752e+01,2.787773864157497883e+01,-7.672160569782136008e-01
1.766394868679344654e+01,2.786473863758146763e+01,-7.672160570655250922e-01
1.769394868798553944e+01,2.783873863704502583e+01,-7.672160570509731770e-01
1.770894868765026331e+01,2.782573863677680492e+01,-7.672160569636616856e-01
1.773894868977367878e+01,2.779973864089697599e+01,-7.672160569200059399e-01
1.776894869096577168e+01,2.777373863663524389e+01,-7.842160568397957832e-01
1.779994869045913219e+01,2.774773863516747952e+01,-7.842160567961400375e-01
1.781494869012385607e+01,2.773473863396793604e+01,-7.842160568106919527e-01
1.785994868632405996e+01,2.769573863036930561e+01,-7.842160568252438679e-01
1.787494868505746126e+01,2.768273863475769758e+01,-7.842160567815882333e-01
1.790494868438690901e+01,2.765673862956464291e+01,-8.022160568507388234e-01
1.791994868312031031e+01,2.764273863565176725e+01,-8.022160568507388234e-01
1.794994868058711290e+01,2.761673863697797060e+01,-8.022160568507388234e-01
1.796494867838919163e+01,2.760373863484710455e+01,-8.022160568507388234e-01
1.799394867941737175e+01,2.757773863431066275e+01,-8.192160567559767514e-01
1.802294867951422930e+01,2.755073863174766302e+01,-8.192160567559767514e-01
1.805294867977499962e+01,2.752373863384127617e+01,-8.192160569305997342e-01
1.808194867987185717e+01,2.749573863390833139e+01,-8.372160568833351135e-01
1.811094868276268244e+01,2.746773863025009632e+01,-8.372160567669197917e-01
1.812494867946952581e+01,2.745373862702399492e+01,-8.372160568542312831e-01
1.813894867897033691e+01,2.743973862845450640e+01,-8.542160567885730416e-01
1.816694867797195911e+01,2.741173862852156162e+01,-8.542160568176768720e-01
1.818094867840409279e+01,2.739673862885683775e+01,-8.542160567594693221e-01
1.821094867959618568e+01,2.736673862952739000e+01,-8.542160568467807025e-01
1.824094868265092373e+01,2.733673862833529711e+01,-8.542160568176768720e-01
1.827094868477433920e+01,2.730673862900584936e+01,-8.542160567594693221e-01
1.832694868557155132e+01,2.725073862727731466e+01,-8.542160567594693221e-01
1.834094868879765272e+01,2.723673862870782614e+01,-8.542160568176768720e-01
1.836894868686795235e+01,2.720873862970620394e+01,-8.542160568176768720e-01
1.839694868680089712e+01,2.718073862697929144e+01,-8.372160568542312831e-01
1.841094868816435337e+01,2.716673862654715776e+01,-8.372160568542312831e-01
1.844094868935644627e+01,2.713873862661421299e+01,-8.372160568833351135e-01
1.845494868699461222e+01,2.712473862804472446e+01,-8.372160567378159612e-01
1.848394868522882462e+01,2.709673862811177969e+01,-8.372160568251273416e-01
1.851394868548959494e+01,2.706873863283544779e+01,-8.372160567378159612e-01
1.854294868465512991e+01,2.704073862917721272e+01,-8.192160567559767514e-01
1.855794868245720863e+01,2.702673862874507904e+01,-8.192160568141844124e-01
1.858694868162274361e+01,2.699973863270133734e+01,-8.192160568723920733e-01
1.861694868281483650e+01,2.697373863402754068e+01,-8.022160569380503148e-01
1.863194868434220552e+01,2.695973863080143929e+01,-8.022160569380503148e-01
1.866294868383556604e+01,2.693173863086849451e+01,-8.022160569671541452e-01
1.867794868163764477e+01,2.691773863043636084e+01,-8.022160570544656366e-01
1.870994868129491806e+01,2.688973862770944834e+01,-8.022160571126732975e-01
1.874194868281483650e+01,2.686173862591385841e+01,-8.022160571708809584e-01
1.878694868460297585e+01,2.682273862697184086e+01,-8.022160572581924498e-01
1.880194868426769972e+01,2.680973862670361996e+01,-8.022160572581924498e-01
1.883194868266582489e+01,2.678373862709850073e+01,-8.022160572581924498e-01
1.884694868419319391e+01,2.677073862310498953e+01,-8.022160571708809584e-01
1.887694868538528681e+01,2.674373862333595753e+01,-8.022160571999847889e-01
1.889094868395477533e+01,2.673073862399905920e+01,-8.022160571708809584e-01
1.894994868338108063e+01,2.667673862352967262e+01,-8.192160571052227169e-01
1.896394868288189173e+01,2.666373862326145172e+01,-8.192160571634303778e-01
1.899394868500530720e+01,2.663573862146586180e+01,-8.192160571925342083e-01
1.901794868707656860e+01,2.661273861955851316e+01,-8.372160572325810790e-01
1.902494868542999029e+01,2.660673861578106880e+01,-8.192160572507418692e-01
1.904694868344813585e+01,2.658473862055689096e+01,-8.192160573671571910e-01
1.907794868387281895e+01,2.655673861782997847e+01,-8.192160574544686824e-01
1.909294868446886539e+01,2.654373861756175756e+01,-8.192160575417801738e-01
1.912294868379831314e+01,2.651573861762881279e+01,-8.022160575783345848e-01
1.913894868548959494e+01,2.650173861812800169e+01,-8.022160576656460762e-01
1.916994868777692318e+01,2.647373862098902464e+01,-8.022160576947499067e-01
1.920194868650287390e+01,2.644573862291872501e+01,-8.022160578402690589e-01
1.923294868506491184e+01,2.641773862391710281e+01,-8.022160578693728894e-01
1.926394868455827236e+01,2.638973862305283546e+01,-8.022160578402690589e-01
1.927994868624955416e+01,2.637573862820863724e+01,-8.022160577529575676e-01
1.930994868837296963e+01,2.634773862734436989e+01,-8.022160578111652285e-01
1.932494868990033865e+01,2.633473862241953611e+01,-8.022160577529575676e-01
1.935494869202375412e+01,2.630773862451314926e+01,-8.192160577746108174e-01
1.936994869075715542e+01,2.629373862594366074e+01,-8.192160577164031565e-01
1.941394868865609169e+01,2.625373862963169813e+01,-8.192160577164031565e-01
1.942994868662208319e+01,2.623973863106220961e+01,-8.192160576581954956e-01
1.944494868908077478e+01,2.622573863435536623e+01,-8.192160575999879457e-01
1.947494868841022253e+01,2.619773863442242146e+01,-8.192160575708840042e-01
1.950594868697226048e+01,2.616873863339424133e+01,-8.192160576290916651e-01
1.953594868816435337e+01,2.614073863718658686e+01,-8.192160577164031565e-01
1.955194868519902229e+01,2.612673863302916288e+01,-8.192160576290916651e-01
1.958194868545979261e+01,2.609773862920701504e+01,-8.192160576290916651e-01
1.959694868791848421e+01,2.608373863063752651e+01,-8.192160577164031565e-01
1.962694868911057711e+01,2.605573862977325916e+01,-8.192160578037146479e-01
1.965594868734478951e+01,2.602773862984031439e+01,-8.192160577746108174e-01
1.967094868887215853e+01,2.601473862864077091e+01,-8.192160577164031565e-01
1.971594868786633015e+01,2.597373862657696009e+01,-8.192160578037146479e-01
1.973094868753105402e+01,2.595973862428218126e+01,-8.192160578910261393e-01
1.977694868762046099e+01,2.591773862298578024e+01,-8.022160579275805503e-01
1.980694868694990873e+01,2.588973861653357744e+01,-8.022160580439959832e-01
1.982294868491590023e+01,2.587573861517012119e+01,-8.022160579275805503e-01
1.986894868407398462e+01,2.583373861294239759e+01,-8.022160580730997026e-01
1.988494868483394384e+01,2.581973861623555422e+01,-8.022160580730997026e-01
1.990094868466258049e+01,2.580573861766606569e+01,-8.022160581313073635e-01
1.993094868306070566e+01,2.577873861696571112e+01,-8.022160581895150244e-01
1.997894868254661560e+01,2.573573862202465534e+01,-8.022160582768265158e-01
1.999394868034869432e+01,2.572173862345516682e+01,-8.022160583350341767e-01
2.000994868203997612e+01,2.570773862861096859e+01,-8.022160583350341767e-01
2.004194868355989456e+01,2.567973862867802382e+01,-8.022160583350341767e-01
2.005794868245720863e+01,2.566573862824589014e+01,-8.022160583350341767e-01
2.008994868118315935e+01,2.563773862738162279e+01,-8.022160583350341767e-01
2.011994868237525225e+01,2.561073863040655851e+01,-8.022160582768265158e-01
2.013494868110865355e+01,2.559773863200098276e+01,-8.022160583641380072e-01
2.016594868060201406e+01,2.557073863316327333e+01,-8.022160583641380072e-01
2.021294867992401123e+01,2.552873863372951746e+01,-8.022160583059302352e-01
2.022894867602735758e+01,2.551473863702267408e+01,-8.022160583932418376e-01
2.024394867382943630e+01,2.550073863286525011e+01,-8.022160583932418376e-01
2.027594867721199989e+01,2.547273863293230534e+01,-8.022160584514494985e-01
2.029194867704063654e+01,2.545873863343149424e+01,-8.022160584223456681e-01
2.032394867669790983e+01,2.543073862977325916e+01,-8.022160583641380072e-01
2.033894867543131113e+01,2.541673862654715776e+01,-8.022160583932418376e-01
2.036994867771863937e+01,2.538873862475156784e+01,-8.022160584514494985e-01
2.038594867754727602e+01,2.537473862525075674e+01,-8.022160585096571594e-01
2.041794867813587189e+01,2.534673862438648939e+01,-8.022160584805533290e-01
2.044894867856055498e+01,2.531873862538486719e+01,-8.022160584805533290e-01
2.049494867771863937e+01,2.527673862315714359e+01,-8.022160583932418376e-01
2.050594867579638958e+01,2.526673862617462873e+01,-8.022160584514494985e-01
2.051294867321848869e+01,2.526073862705379725e+01,-8.022160584223456681e-01
2.053494867216795683e+01,2.524073862843215466e+01,-7.842160584259545431e-01
2.056694867368787527e+01,2.521373862773180008e+01,-7.842160583968507126e-01
2.058294867444783449e+01,2.519973862916231155e+01,-7.842160583968507126e-01
2.061394867766648531e+01,2.517273862939327955e+01,-7.842160584405064583e-01
2.062894868012517691e+01,2.515973862912505865e+01,-7.842160583386430517e-01
2.065894867666065693e+01,2.513373862858861685e+01,-7.842160582804353908e-01
2.070394867844879627e+01,2.509473862871527672e+01,-7.842160582658834755e-01
2.071894867997616529e+01,2.508173862984403968e+01,-7.842160582804353908e-01
2.074894868209958076e+01,2.505573862837627530e+01,-7.842160583386430517e-01
2.076394867990165949e+01,2.504273862671107054e+01,-8.022160583059302352e-01
2.080894867796450853e+01,2.500273862900212407e+01,-8.022160582768265158e-01
2.083894867636263371e+01,2.497573862597346306e+01,-8.022160583059302352e-01
2.085494867898523808e+01,2.496173862693831325e+01,-8.022160583350341767e-01
2.088494867458939552e+01,2.493373862840235233e+01,-8.022160583350341767e-01
2.093194867484271526e+01,2.489173863083124161e+01,-8.192160583566874266e-01
2.094694867078214884e+01,2.487773863272741437e+01,-8.192160583566874266e-01
2.097794866934418678e+01,2.484973863093182445e+01,-8.192160582402721047e-01
2.099294866900891066e+01,2.483573863282799721e+01,-8.192160583566874266e-01
2.102294866740703583e+01,2.480973863415420055e+01,-8.022160582477226853e-01
2.103794866893440485e+01,2.479673863388597965e+01,-8.022160582768265158e-01
2.106794866826385260e+01,2.476973863225430250e+01,-8.022160583641380072e-01
2.108294866979122162e+01,2.475673863664269447e+01,-8.022160583059302352e-01
2.112794866971671581e+01,2.471673863334581256e+01,-8.022160583350341767e-01
2.114294866938143969e+01,2.470373863028362393e+01,-8.022160583350341767e-01
2.117294866777956486e+01,2.467773862788453698e+01,-7.842160582804353908e-01
2.120394866541028023e+01,2.465073862951248884e+01,-7.842160583531949669e-01
2.121994866523891687e+01,2.463673862954601645e+01,-7.842160583240912475e-01
2.125194866489619017e+01,2.460973862512037158e+01,-7.842160583095392212e-01
2.128394866175949574e+01,2.458173862518742681e+01,-7.842160582949873060e-01
2.131594866141676903e+01,2.455373862385749817e+01,-7.842160583095392212e-01
2.134794866573065519e+01,2.452673862455412745e+01,-7.842160583386430517e-01
2.137994866538792849e+01,2.449873862788081169e+01,-7.842160582658834755e-01
2.137994866166263819e+01,2.449873862834647298e+01,-7.842160583386430517e-01
2.144194865878671408e+01,2.444573862710967660e+01,-7.842160583531949669e-01
2.145694865752011538e+01,2.443273862777277827e+01,-7.842160582804353908e-01
2.148694865684956312e+01,2.440673862816765904e+01,-7.842160582949873060e-01
2.150294865854084492e+01,2.439373862929642200e+01,-7.842160582367796451e-01
2.153294865880161524e+01,2.436773863062262535e+01,-8.022160580730997026e-01
2.154794865846633911e+01,2.435473863128572702e+01,-8.022160580730997026e-01
2.159394865762442350e+01,2.431373863108456135e+01,-8.022160579566843808e-01
2.160994865745306015e+01,2.429973863298073411e+01,-8.022160580148920417e-01
2.164194865524768829e+01,2.427173863304778934e+01,-8.022160579857882112e-01
2.167394865304231644e+01,2.424373863125219941e+01,-8.022160578984767199e-01
2.168994865287095308e+01,2.422973863407969475e+01,-8.022160578402690589e-01
2.172194865159690380e+01,2.420173863740637898e+01,-8.022160578693728894e-01
2.175294865109026432e+01,2.417373864026740193e+01,-8.022160578984767199e-01
2.176594865228980780e+01,2.416173864109441638e+01,-7.842160579020855948e-01
2.177494865562766790e+01,2.415473864274099469e+01,-7.672160580405034125e-01
2.178194865491241217e+01,2.414973864378407598e+01,-6.622160580882336944e-01
2.178394865524023771e+01,2.414873864594846964e+01,-5.402160580706549808e-01
2.178494865633547306e+01,2.414873864315450191e+01,-4.002160580275813118e-01
2.178494865447282791e+01,2.414873864315450191e+01,-2.262160579848567776e-01
2.178494865540415049e+01,2.414873864501714706e+01,-2.262160579994089704e-01
2.178894865978509188e+01,2.414873864455148578e+01,-2.432160579919582233e-01
2.179194865934550762e+01,2.414773864345625043e+01,-2.262160579848567776e-01
2.180094865988940001e+01,2.414773864019662142e+01,-2.082160580393974669e-01
2.180494866147637367e+01,2.414673864236101508e+01,-2.262160581012722105e-01
2.181594866327941418e+01,2.414573864219710231e+01,-2.782160580536582883e-01
2.182394866459071636e+01,2.414373864373192191e+01,-3.132160580571508035e-01
2.184394866321235895e+01,2.413773864367976785e+01,-3.832160580350318924e-01
2.186994866468012333e+01,2.412873864546418190e+01,-4.532160580420168117e-01
2.190194866806268692e+01,2.411373864533379674e+01,-5.232160580344498158e-01
2.195394866634160280e+01,2.408473864803090692e+01,-6.272160579683259130e-01
2.198694866243749857e+01,2.406173865124583244e+01,-6.972160579025512561e-01
2.200294866133481264e+01,2.404973865067586303e+01,-7.152160578116308898e-01
2.202894866373389959e+01,2.402873865142464638e+01,-7.672160577785689384e-01
2.203694866131991148e+01,2.402173865027725697e+01,-7.672160577203612775e-01
2.205894866120070219e+01,2.400273864809423685e+01,-7.842160578002221882e-01
2.208894866332411766e+01,2.397473865048959851e+01,-8.192160577746108174e-01
2.211694866325706244e+01,2.394673865009099245e+01,-8.542160578363110490e-01
2.213094866462051868e+01,2.393273864965885878e+01,-8.722160577890463173e-01
2.215794866345822811e+01,2.390373864909633994e+01,-9.072160578798502684e-01
2.218294866569340229e+01,2.387473864713683724e+01,-9.242160580761265010e-01
2.219194866530597210e+01,2.386373864626511931e+01,-9.072160580835770816e-01
2.220094866491854191e+01,2.385373864555731416e+01,-8.372160581347998232e-01
2.220194866228848696e+01,2.385273864213377237e+01,-7.672160582587821409e-01
2.220294865965843201e+01,2.385273864166811109e+01,-6.452160582557553425e-01
2.220294866245239973e+01,2.385273864213377237e+01,-5.052160582563374192e-01
2.220294866431504488e+01,2.385273864120244980e+01,-3.662160582825890742e-01
2.220294866245239973e+01,2.385273863980546594e+01,-2.262160582540673481e-01
2.220294866617769003e+01,2.385273863933980465e+01,-1.562160582507205742e-01
2.220294866710901260e+01,2.385273863747715950e+01,-1.703075136583720450e-02
2.220294866617769003e+01,2.385273863980546594e+01,1.229692486194835510e-01
2.220294866897165775e+01,2.385273863840848207e+01,1.929692485973644733e-01
2.220294867269694805e+01,2.385273863887414336e+01,3.319692484947154298e-01
2.220294867176562548e+01,2.385273863887414336e+01,4.019692484580446035e-01
2.220294866897165775e+01,2.385273863561451435e+01,5.419692484429107227e-01
2.220294866897165775e+01,2.385273863421753049e+01,6.809692484966944903e-01
2.220294866990298033e+01,2.385273863514885306e+01,8.209692486270796508e-01
2.220294866804033518e+01,2.385273863468319178e+01,8.909692484885454178e-01
2.220294866710901260e+01,2.385273863514885306e+01,1.047969248465960845e+00
2.220294866524636745e+01,2.385273863608017564e+01,1.187969248217996210e+00
2.220294866617769003e+01,2.385273863514885306e+01,1.256969248264795169e+00
2.220394866820424795e+01,2.386073863459751010e+01,1.396969248045934364e+00
2.220394866727292538e+01,2.386773863388225436e+01,1.448969248071080074e+00
2.220394866727292538e+01,2.388973863236606121e+01,1.588969248114153743e+00
2.220194866880774498e+01,2.390873863408342004e+01,1.710969248146284372e+00
2.220194866601377726e+01,2.391073863441124558e+01,1.850969248160254210e+00
2.220094866864383221e+01,2.391273863613605499e+01,1.972969248308800161e+00
2.219494866952300072e+01,2.392273863777518272e+01,2.077969248406589031e+00
2.218994867242872715e+01,2.392973863752558827e+01,2.129969247907865793e+00
2.218294867407530546e+01,2.393873863946646452e+01,2.164969248231500387e+00
2.216794867441058159e+01,2.395773864071816206e+01,2.251969248347450048e+00
2.215794867370277643e+01,2.396773864189162850e+01,2.286969248554669321e+00
2.213294867891818285e+01,2.399173864210024476e+01,2.339969248627312481e+00
2.210294867958873510e+01,2.401773864356800914e+01,2.373969248903449625e+00
2.207194868288934231e+01,2.404373864410445094e+01,2.391969249118119478e+00
2.194194868486374617e+01,2.414073864649981260e+01,2.478969249001238495e+00
2.192494868487119675e+01,2.415173864504322410e+01,2.478969249466899782e+00
2.189094868209213018e+01,2.417373864166438580e+01,2.496969249681569636e+00
2.185694867931306362e+01,2.419573863968253136e+01,2.496969249739777297e+00
2.182294868212193251e+01,2.421773863863199949e+01,2.513969250081572682e+00
2.178894868120551109e+01,2.423973863990977407e+01,2.513969249732326716e+00
2.177194868214428425e+01,2.425073863565921783e+01,2.513969250197988003e+00
2.173794868402183056e+01,2.427173863677307963e+01,2.531969250121619552e+00
2.172094868216663599e+01,2.428173863468691707e+01,2.531969250063411891e+00
2.168594868108630180e+01,2.430273863580077887e+01,2.531969249830581248e+00
2.163094868138432503e+01,2.433573863608762622e+01,2.548969249415677041e+00
2.159394867997616529e+01,2.435773863364011049e+01,2.548969249357469380e+00
2.157594868354499340e+01,2.436873863311484456e+01,2.548969249415677041e+00
2.153994868230074644e+01,2.438973863655701280e+01,2.548969249473884702e+00
2.148394868336617947e+01,2.442273863544687629e+01,2.548969249590300024e+00
2.146594868414103985e+01,2.443273863196372986e+01,2.548969249881338328e+00
2.144894868507981300e+01,2.444273863360285759e+01,2.548969249823130667e+00
2.141394868865609169e+01,2.446273863548412919e+01,2.548969249532092363e+00
2.139694868959486485e+01,2.447273863432928920e+01,2.548969249706715345e+00
2.136494868993759155e+01,2.449073863448575139e+01,2.548969249648507684e+00
2.134994869027286768e+01,2.449873863533139229e+01,2.565969249641057104e+00
2.134794868994504213e+01,2.449973863875493407e+01,2.565969249932095408e+00
2.134394869208335876e+01,2.450173863954842091e+01,2.635969250113703310e+00
2.134294869098812342e+01,2.450173864234238863e+01,2.688969250011723489e+00
2.134294868912547827e+01,2.450173864001408219e+01,2.827969249745365232e+00
2.134294869285076857e+01,2.450173864234238863e+01,3.019969249900896102e+00
2.134294869378209114e+01,2.450173864187672734e+01,3.072969250264577568e+00
2.133894869219511747e+01,2.450173864047974348e+01,3.072969249973539263e+00
2.133194868825376034e+01,2.450173864047974348e+01,3.054969249991700053e+00
2.131294868793338537e+01,2.450173864047974348e+01,-3.141216057469137013e+00
2.131094868667423725e+01,2.450173864001408219e+01,-3.071216057520359755e+00
2.130994868930429220e+01,2.450173864187672734e+01,-3.001216057746205479e+00
2.130994868837296963e+01,2.450173863908275962e+01,-2.879216057539451867e+00
2.130994869209825993e+01,2.450173863628879189e+01,-2.809216057474259287e+00
2.130994869116693735e+01,2.450173863861709833e+01,-2.600216057850047946e+00
2.130994868837296963e+01,2.450173863908275962e+01,-2.530216057726647705e+00
2.130994869209825993e+01,2.450173864047974348e+01,-2.390216058120131493e+00
2.130994869302958250e+01,2.450173863861709833e+01,-2.303216058178804815e+00
2.130994869209825993e+01,2.450173864001408219e+01,-2.163216058223042637e+00
2.130994869302958250e+01,2.450173864280804992e+01,-2.024216058372985572e+00
2.130994869209825993e+01,2.450173864001408219e+01,-1.954216058424208313e+00
2.130994869116693735e+01,2.450073864404112101e+01,-1.814216058643069118e+00
2.130994868837296963e+01,2.449073864705860615e+01,-1.622216058894991875e+00
2.130994869116693735e+01,2.449073864752426744e+01,-1.552216058800695464e+00
2.130994869023561478e+01,2.449073864566162229e+01,-1.483216058928519487e+00
2.130994869209825993e+01,2.449073864659294486e+01,-1.273216059082187712e+00
2.131094869226217270e+01,2.448673864500597119e+01,-1.151216059166472405e+00
2.131394869368523359e+01,2.448173864511772990e+01,-1.099216059024911374e+00
2.132294869329780340e+01,2.446873864764347672e+01,-9.942160590144339949e-01
2.133594869729131460e+01,2.445273865014314651e+01,-9.242160590656567365e-01
2.134494869876652956e+01,2.444273864850401878e+01,-8.892160591785795987e-01
2.136894869524985552e+01,2.441773864673450589e+01,-8.372160591534338892e-01
2.139794869534671307e+01,2.439173864619806409e+01,-7.842160591826541349e-01
2.141294869221746922e+01,2.437873864639550447e+01,-7.842160592408617958e-01
2.144294868782162666e+01,2.435273864958435297e+01,-7.492160591646097600e-01
2.147494868747889996e+01,2.432673864811658859e+01,-7.322160592011641711e-01
2.149094868730753660e+01,2.431473864708095789e+01,-7.152160591504070908e-01
2.152294868882745504e+01,2.429073864780366421e+01,-6.972160591540159658e-01
2.153994868602603674e+01,2.427873864630237222e+01,-6.972160592558793724e-01
2.157294868677854538e+01,2.425473864190280437e+01,-6.622160593105945736e-01
2.160694869048893452e+01,2.423273864295333624e+01,-6.622160593833541498e-01
2.164094869047403336e+01,2.421073864353820682e+01,-6.452160594053566456e-01
2.167494869045913219e+01,2.418873864598572254e+01,-6.452160594781162217e-01
2.169194868858903646e+01,2.417773864418268204e+01,-6.452160594781162217e-01
2.172594868578016758e+01,2.415573864476755261e+01,-6.272160595253808424e-01
2.174294868577271700e+01,2.414473864901810884e+01,-6.272160594962771230e-01
2.177694868762046099e+01,2.412273864774033427e+01,-6.102160595619353645e-01
2.179394868761301041e+01,2.411173864873126149e+01,-6.102160594600718468e-01
2.184594868682324886e+01,2.408073865063488483e+01,-6.102160594018641859e-01
2.186394868977367878e+01,2.407073864992707968e+01,-5.922160593472654000e-01
2.189894868806004524e+01,2.405073865130543709e+01,-5.922160593472654000e-01
2.193394869100302458e+01,2.403073865035548806e+01,-5.922160593909211457e-01
2.196894869115203619e+01,2.401073864893987775e+01,-5.752160594856832176e-01
2.198694868851453066e+01,2.400073864916339517e+01,-5.752160595584427938e-01
2.200494869239628315e+01,2.399073864659294486e+01,-5.752160595438908786e-01
2.205894869193434715e+01,2.396173864696174860e+01,-5.582160594931337982e-01
2.209494869038462639e+01,2.394273864524438977e+01,-5.582160595076857135e-01
2.213094869069755077e+01,2.392373864352703094e+01,-5.582160595222376287e-01
2.216694868821650743e+01,2.390573864150792360e+01,-5.402160594821907580e-01
2.220294868480414152e+01,2.388773864088580012e+01,-5.402160595258465037e-01
2.222094868496060371e+01,2.387873864034190774e+01,-5.402160594676388428e-01
2.222094868496060371e+01,2.387873864127323031e+01,-5.402160594385350123e-01
2.227494868915528059e+01,2.385173864196985960e+01,-5.232160594750894234e-01
2.231094869133085012e+01,2.383373864507302642e+01,-5.232160595187451690e-01
2.232894869428128004e+01,2.382473864592611790e+01,-5.052160595369059592e-01
2.238594869617372751e+01,2.379873864445835352e+01,-5.052160595223540440e-01
2.240494869370013475e+01,2.378973864298313856e+01,-5.052160594641463831e-01
2.244294869434088469e+01,2.377173864515498281e+01,-5.052160594786982983e-01
2.246294869575649500e+01,2.376273864367976785e+01,-5.052160593913868070e-01
2.250094869546592236e+01,2.374573864182457328e+01,-5.052160594495944679e-01
2.253994869440793991e+01,2.372773864120244980e+01,-5.052160594495944679e-01
2.257794869691133499e+01,2.371073863934725523e+01,-5.052160594204906374e-01
2.259594869706779718e+01,2.370273864036425948e+01,-5.052160594350425526e-01
2.263294869754463434e+01,2.368673864286392927e+01,-5.052160594786982983e-01
2.265094869770109653e+01,2.367773864557966590e+01,-5.052160594641463831e-01
2.268794869352132082e+01,2.366073864558711648e+01,-5.052160594350425526e-01
2.272394869290292263e+01,2.364473864529281855e+01,-5.052160594204906374e-01
2.275994869228452444e+01,2.362773864343762398e+01,-5.232160593732260168e-01
2.279694869183003902e+01,2.360973864421248436e+01,-5.232160594023298472e-01
2.281494869198650122e+01,2.360073864506557584e+01,-5.232160593586741015e-01
2.285094869323074818e+01,2.358273864490911365e+01,-5.232160593877779320e-01
2.286894869618117809e+01,2.357373864855617285e+01,-5.402160594967426732e-01
2.290494869835674763e+01,2.355573864839971066e+01,-5.402160595258465037e-01
2.296194869745522738e+01,2.352673864923417568e+01,-5.402160595258465037e-01
2.299994869809597731e+01,2.350673864642158151e+01,-5.402160595695022494e-01
2.303794870246201754e+01,2.348673864873126149e+01,-5.402160596422618255e-01
2.305694870278239250e+01,2.347673865268006921e+01,-5.402160595403984189e-01
2.309494870249181986e+01,2.345673865079879761e+01,-5.402160595549503341e-01
2.313294870220124722e+01,2.343773865327239037e+01,-5.402160596277099103e-01
2.317094870377331972e+01,2.341773865418508649e+01,-5.402160595549503341e-01
2.318894870486110449e+01,2.340773865301162004e+01,-5.402160596277099103e-01
2.322494870517402887e+01,2.338973865238949656e+01,-5.402160595695022494e-01
2.324294870719313622e+01,2.338073865324258804e+01,-5.402160595840540536e-01
2.327994870860129595e+01,2.336273865075781941e+01,-5.402160595986060798e-01
2.331694871094077826e+01,2.334473865013569593e+01,-5.402160596131579950e-01
2.335294871404767036e+01,2.332673865044489503e+01,-5.232160595624009147e-01
2.338894871808588505e+01,2.330873865028843284e+01,-5.232160596060566604e-01
2.340694871917366982e+01,2.329973865021020174e+01,-5.232160595915047452e-01
2.344494871981441975e+01,2.328173865145072341e+01,-5.232160596060566604e-01
2.346394871734082699e+01,2.327273865137249231e+01,-5.232160595624009147e-01
2.350194871611893177e+01,2.325473865261301398e+01,-5.232160596206085756e-01
2.352194871474057436e+01,2.324573865439742804e+01,-5.232160595187451690e-01
2.356094871740788221e+01,2.322773865377530456e+01,-5.232160594896413386e-01
2.359894871711730957e+01,2.320973865129053593e+01,-5.232160594896413386e-01
2.363694871682673693e+01,2.319173865299671888e+01,-5.232160595332970843e-01
2.367494871374219656e+01,2.317373865051195025e+01,-5.052160595369059592e-01
2.369394871406257153e+01,2.316473865136504173e+01,-5.052160595369059592e-01
2.373194871377199888e+01,2.314673865446820855e+01,-5.052160595223540440e-01
2.375094871409237385e+01,2.313773865485563874e+01,-5.052160595369059592e-01
2.378794871736317873e+01,2.311973865609616041e+01,-5.232160595041932538e-01
2.380594871751964092e+01,2.311073865694925189e+01,-5.232160594750894234e-01
2.384394871909171343e+01,2.309273865912109613e+01,-5.232160595332970843e-01
2.388294871617108583e+01,2.307473865896463394e+01,-5.232160595332970843e-01
2.391994871478527784e+01,2.305673865834251046e+01,-5.232160596060566604e-01
2.393294871225953102e+01,2.305073865735903382e+01,-5.232160595624009147e-01
2.395294871181249619e+01,2.304173865960910916e+01,-5.052160595951136202e-01
2.398794870916754007e+01,2.302673866134136915e+01,-4.882160596171161160e-01
2.402594870980829000e+01,2.301073866290971637e+01,-4.882160596316680312e-01
2.404494871105998755e+01,2.300273865973576903e+01,-4.882160596316680312e-01
2.408294871356338263e+01,2.298673866083845496e+01,-4.702160595916211605e-01
2.410094871465116739e+01,2.297873866045847535e+01,-4.702160595188615844e-01
2.413894871436059475e+01,2.296273866249248385e+01,-4.702160595479654148e-01
2.419594871439039707e+01,2.293973865872249007e+01,-4.532160596136236563e-01
2.423394871130585670e+01,2.292473866092041135e+01,-4.532160596136236563e-01
2.427194870728999376e+01,2.291073866281658411e+01,-4.532160596427274868e-01
2.430994870886206627e+01,2.289673866052180529e+01,-4.352160596463363618e-01
2.432894870545715094e+01,2.288973865937441587e+01,-4.352160596899921075e-01
2.436694870609790087e+01,2.287573865940794349e+01,-4.352160597190959379e-01
2.438594870641827583e+01,2.286873865826055408e+01,-4.182160597410984337e-01
2.442394870985299349e+01,2.285473865922540426e+01,-4.182160597265465185e-01
2.444294871203601360e+01,2.284773866273462772e+01,-4.182160597556503490e-01
2.448094871547073126e+01,2.283373866509646177e+01,-4.182160597993060946e-01
2.451894871704280376e+01,2.281973866606131196e+01,-4.002160598174668849e-01
2.453794872015714645e+01,2.281273866677656770e+01,-4.002160598611226305e-01
2.459594871941953897e+01,2.279173866752535105e+01,-4.002160598465707708e-01
2.461394871957600117e+01,2.278473866917192936e+01,-4.182160599011694457e-01
2.465194871835410595e+01,2.277073866687715054e+01,-4.182160598720655598e-01
2.467094871867448092e+01,2.276373867131769657e+01,-4.182160598575137556e-01
2.470894871838390827e+01,2.274973867135122418e+01,-4.352160598064074293e-01
2.474694871995598078e+01,2.273573866952210665e+01,-4.532160598610062152e-01
2.476594871748238802e+01,2.272773867100477219e+01,-4.702160598826594651e-01
2.480394871719181538e+01,2.271173866931349039e+01,-4.882160598644986749e-01
2.483994871843606234e+01,2.269573866855353117e+01,-5.052160598133923486e-01
2.487694871425628662e+01,2.267873866902664304e+01,-5.232160598097834736e-01
2.489494871348142624e+01,2.266973866801708937e+01,-5.402160599041962996e-01
2.493094870913773775e+01,2.265173866879194975e+01,-5.582160598569316790e-01
2.494894871115684509e+01,2.264173866948112845e+01,-5.752160598203772679e-01
2.498494871053844690e+01,2.262173867039382458e+01,-5.922160598420305178e-01
2.500194871053099632e+01,2.261173867015168071e+01,-5.922160598274786025e-01
2.503794870898127556e+01,2.259173867153003812e+01,-6.102160597947658971e-01
2.505494871363043785e+01,2.258073867112398148e+01,-6.102160597511102624e-01
2.508994871377944946e+01,2.255973866954445839e+01,-6.102160597365582362e-01
2.512594871781766415e+01,2.253773866640403867e+01,-6.272160597582114860e-01
2.517894872277975082e+01,2.250473866565153003e+01,-6.272160597436595708e-01
2.519594871997833252e+01,2.249473866308107972e+01,-6.272160597291076556e-01
2.522994872182607651e+01,2.247273866273462772e+01,-6.102160597220063210e-01
2.524794871732592583e+01,2.246173866279423237e+01,-6.102160598093178123e-01
2.528194871731102467e+01,2.244073866121470928e+01,-6.102160598238697276e-01
2.529894872009754181e+01,2.243073866330087185e+01,-6.102160598384216428e-01
2.533294872194528580e+01,2.240973866404965520e+01,-6.102160598675254732e-01
2.536794872209429741e+01,2.238873866247013211e+01,-6.102160598384216428e-01
2.538594872318208218e+01,2.237873866595327854e+01,-6.102160598966293037e-01
2.543894872441887856e+01,2.234773866273462772e+01,-5.922160599293420091e-01
2.549194872379302979e+01,2.231773866526782513e+01,-5.922160600166535005e-01
2.550894873030483723e+01,2.230773866549134254e+01,-5.922160600166535005e-01
2.554494872689247131e+01,2.228773866780102253e+01,-5.752160600532079116e-01
2.556294872052967548e+01,2.227773866849020123e+01,-5.752160600677599378e-01
2.559894872270524502e+01,2.225773867033421993e+01,-5.752160601259674877e-01
2.561694872379302979e+01,2.224773866962641478e+01,-5.752160600968636572e-01
2.565294872596859932e+01,2.222773867193609476e+01,-5.582160600897623226e-01
2.568894872069358826e+01,2.220873867161571980e+01,-5.582160600897623226e-01
2.572494872473180294e+01,2.219073867192491889e+01,-5.582160601043142378e-01
2.574294872209429741e+01,2.218173867044970393e+01,-5.582160600461065769e-01
2.577894872613251209e+01,2.216373867029324174e+01,-5.402160601224750280e-01
2.581494872458279133e+01,2.214573866873979568e+01,-5.402160600788192824e-01
2.584394872561097145e+01,2.213073866534978151e+01,-5.232160600135102868e-01
2.585094872303307056e+01,2.212773866532370448e+01,-5.052160600753268227e-01
2.587794872373342514e+01,2.211573866475373507e+01,-4.702160600572824478e-01
2.591594872623682022e+01,2.209973866119980812e+01,-4.702160601009381935e-01
2.593494872562587261e+01,2.209173866128548980e+01,-4.702160600718343630e-01
2.599294872581958771e+01,2.206773866433650255e+01,-4.702160601445939392e-01
2.601194872520864010e+01,2.205973866442218423e+01,-4.702160601591458544e-01
2.604894872382283211e+01,2.204473866289481521e+01,-4.702160601882496849e-01
2.606794872507452965e+01,2.203673866251483560e+01,-4.702160602319054306e-01
2.610494872368872166e+01,2.202173866191878915e+01,-4.702160602028016001e-01
2.612394871935248375e+01,2.201373866200447083e+01,-4.702160602464573458e-01
2.614294872246682644e+01,2.200573866255581379e+01,-4.702160603046650622e-01
2.618094871938228607e+01,2.198973866226151586e+01,-4.702160602755612318e-01
2.621894872002303600e+01,2.197373866336420178e+01,-4.882160602282965556e-01
2.625594872422516346e+01,2.195773866586387157e+01,-4.882160603301600177e-01
2.629294872283935547e+01,2.194173866650089622e+01,-4.882160603738157079e-01
2.631194872409105301e+01,2.193373866612091660e+01,-4.882160603447118219e-01
2.634894872829318047e+01,2.191773866722360253e+01,-5.052160603663651273e-01
2.640294872969388962e+01,2.189373866561800241e+01,-5.052160603663651273e-01
2.642194872535765171e+01,2.188573866430670023e+01,-5.052160603663651273e-01
2.647694872319698334e+01,2.185973866702988744e+01,-5.232160603627562523e-01
2.649594872072339058e+01,2.185073866555467248e+01,-5.232160603773081675e-01
2.653194871917366982e+01,2.183273866865783930e+01,-5.232160603918600827e-01
2.656794871762394905e+01,2.181473866896703839e+01,-5.402160604571690783e-01
2.658594871126115322e+01,2.180573866842314601e+01,-5.402160604280652478e-01
2.662194871157407761e+01,2.178773867059499025e+01,-5.402160605008248240e-01
2.664094870910048485e+01,2.177773866942152381e+01,-5.402160605444805697e-01
2.667894870601594448e+01,2.175773866614326835e+01,-5.402160605444805697e-01
2.669794870726764202e+01,2.174773866822943091e+01,-5.402160605153767392e-01
2.673494870588183403e+01,2.172973866760730743e+01,-5.402160606026882306e-01
2.677094870805740356e+01,2.171173866651952267e+01,-5.402160606754479177e-01
2.680694870464503765e+01,2.169373866450041533e+01,-5.402160606172401458e-01
2.682494870387017727e+01,2.168473866721615195e+01,-5.402160606754479177e-01
2.686294870637357235e+01,2.166573866549879313e+01,-5.402160606463438652e-01
2.689994870685040951e+01,2.164773866627365351e+01,-5.402160606463438652e-01
2.693794871121644974e+01,2.162973866704851389e+01,-5.402160606317920610e-01
2.695694871246814728e+01,2.161973866820335388e+01,-5.402160606463438652e-01
2.699494871124625206e+01,2.160173866664990783e+01,-5.232160606101388112e-01
2.703194870986044407e+01,2.158373866882175207e+01,-5.232160605810349807e-01
2.705094871297478676e+01,2.157473866827785969e+01,-5.232160605810349807e-01
2.708894871361553669e+01,2.155673866812139750e+01,-5.232160606246907264e-01
2.712494871206581593e+01,2.153973866766318679e+01,-5.232160606392426416e-01
2.716194871068000793e+01,2.152173866750672460e+01,-5.052160606282996014e-01
2.718094871379435062e+01,2.151273866556584835e+01,-5.052160606282996014e-01
2.746294871158897877e+01,2.139073866745457053e+01,-4.702160607266705483e-01
2.750194870866835117e+01,2.137473866902291775e+01,-4.702160607121185776e-01
2.752194870635867119e+01,2.136673867050558329e+01,-4.702160606975667179e-01
2.756194870546460152e+01,2.135073867114260793e+01,-4.702160606975667179e-01
2.759994870610535145e+01,2.133473867131397128e+01,-4.702160606975667179e-01
2.761794870719313622e+01,2.132773867389187217e+01,-4.702160606539110832e-01
2.765594870969653130e+01,2.131173867406323552e+01,-4.702160606975667179e-01
2.767494870349764824e+01,2.130373867414891720e+01,-4.702160606684628874e-01
2.771194870024919510e+01,2.128773867664858699e+01,-4.702160606830148581e-01
2.776794870011508465e+01,2.126373868249356747e+01,-4.882160606066462405e-01
2.778694870322942734e+01,2.125573868211358786e+01,-4.882160605629906058e-01
2.780594870634377003e+01,2.124773868406191468e+01,-4.882160605920944363e-01
2.784394871257245541e+01,2.123173868516460061e+01,-4.882160605629906058e-01
2.787794870883226395e+01,2.121673868736252189e+01,-4.882160605775425211e-01
2.789594870805740356e+01,2.120973868994042277e+01,-4.702160606684628874e-01
2.789994871057569981e+01,2.120773868961259723e+01,-4.702160606393590569e-01
2.790394870750606060e+01,2.120573869487270713e+01,-4.882160606211982667e-01
2.791694870404899120e+01,2.120073869684711099e+01,-5.052160606282996014e-01
2.794894870184361935e+01,2.118373869592323899e+01,-5.752160605043172836e-01
2.796294869855046272e+01,2.117573869647458196e+01,-5.922160604386590421e-01
2.797794869728386402e+01,2.116673869639635086e+01,-6.102160604350501671e-01
2.801194869540631771e+01,2.114573869667947292e+01,-6.452160604239907116e-01
2.804494869150221348e+01,2.112273869710043073e+01,-6.802160603256197646e-01
2.806094869412481785e+01,2.111073869699612260e+01,-6.972160602017538622e-01
2.810994869843125343e+01,2.107473869808018208e+01,-7.322160602052463219e-01
2.812594869919121265e+01,2.106173869827762246e+01,-7.322160601761424914e-01
2.815694870240986347e+01,2.103573869494721293e+01,-7.672160601505311206e-01
2.818794870376586914e+01,2.100973869487643242e+01,-7.842160600848728791e-01
2.823294869996607304e+01,2.097073869453743100e+01,-8.022160600230563432e-01
2.824794869869947433e+01,2.095773869566619396e+01,-8.022160599939525127e-01
2.827894870005548000e+01,2.092973869387060404e+01,-8.022160599357448518e-01
2.830694870278239250e+01,2.090473869396373630e+01,-8.022160599357448518e-01
2.831594870053231716e+01,2.089673868799582124e+01,-7.842160599102498963e-01
2.832094870321452618e+01,2.089273868454620242e+01,-7.322160597977926955e-01
2.832394870743155479e+01,2.089073868561536074e+01,-6.272160596854519099e-01
2.832494871132075787e+01,2.089073868328705430e+01,-4.882160596898756921e-01
2.832494870945811272e+01,2.089073868095874786e+01,-4.352160596899921075e-01
2.832494870573282242e+01,2.089073868421837687e+01,-2.082160596473840997e-01
2.832494870200753212e+01,2.089073868561536074e+01,-1.392160596660687588e-01
2.832494870014488697e+01,2.089073868561536074e+01,9.692475136233697592e-04
2.832494869641959667e+01,2.089073868608102202e+01,7.096924750112534874e-02
2.832494869828224182e+01,2.089073868701234460e+01,2.099692475021583959e-01
2.832494869269430637e+01,2.089073868468403816e+01,3.319692474979092367e-01
2.832494869269430637e+01,2.089073868654668331e+01,3.499692475015763193e-01
2.832494869083166122e+01,2.089073868375271559e+01,4.899692475300980732e-01
2.832494869083166122e+01,2.089073867956176400e+01,6.119692475622285910e-01
2.832494869083166122e+01,2.089073867909610271e+01,8.389692476775962859e-01
2.832494869083166122e+01,2.089073867909610271e+01,9.079692477534990758e-01
2.832494869083166122e+01,2.089073867909610271e+01,1.047969247651053593e+00
2.832494869083166122e+01,2.089073867676779628e+01,1.117969247687142342e+00
2.832494869083166122e+01,2.089073867723345757e+01,1.256969247566303238e+00
2.832494869269430637e+01,2.089073867676779628e+01,1.326969247573288158e+00
2.832494869269430637e+01,2.089073867583647370e+01,1.466969247325323522e+00
2.832494868896901608e+01,2.089073867630213499e+01,1.536969247303204611e+00
2.832494869083166122e+01,2.089573867712169886e+01,1.675969247298780829e+00
2.831894869543612003e+01,2.091673867590725422e+01,1.867969247454311699e+00
2.831494869291782379e+01,2.092573867831379175e+01,1.937969247461296618e+00
2.830194868892431259e+01,2.094873867696151137e+01,2.042969247675500810e+00
2.829294868558645248e+01,2.096173867490142584e+01,2.094969247700646520e+00
2.827894869260489941e+01,2.098173867445439100e+01,2.216969247499946505e+00
2.827694869041442871e+01,2.098373867524787784e+01,2.286969247565139085e+00
2.827494869008660316e+01,2.098573867604136467e+01,2.373969247797504067e+00
2.827194869332015514e+01,2.098873867746442556e+01,2.408969247830100358e+00
2.825994869694113731e+01,2.099773867661133409e+01,2.478969247662462294e+00
2.824394869990646839e+01,2.100773867452517152e+01,2.531969247793313116e+00
2.820894870162010193e+01,2.102773867221549153e+01,2.600969247403554618e+00
2.819294870272278786e+01,2.103573867306113243e+01,2.618969247268978506e+00
2.817494870536029339e+01,2.104373867530375719e+01,2.635969247668981552e+00
2.813694870285689831e+01,2.105973867326974869e+01,2.670969247585162520e+00
2.809894870221614838e+01,2.107573867263272405e+01,2.688969247508794069e+00
2.807994869723916054e+01,2.108273866958916187e+01,2.705969247326720506e+00
2.804194869846105576e+01,2.109673866908997297e+01,2.723969247366767377e+00
2.800394869968295097e+01,2.111073866952210665e+01,2.740969247359316796e+00
2.792794870026409626e+01,2.113673867052420974e+01,2.757969247468281537e+00
2.790894869714975357e+01,2.114273867337033153e+01,2.775969247217290103e+00
2.786894869431853294e+01,2.115473867440596223e+01,2.775969247042667121e+00
2.784894869662821293e+01,2.116073867399245501e+01,2.775969246984459460e+00
2.780894869752228260e+01,2.117373867705464363e+01,2.775969247391913086e+00
2.778894869610667229e+01,2.117973867477849126e+01,2.775969247391913086e+00
2.774994869716465473e+01,2.119173867581412196e+01,2.792969247209839523e+00
2.772994869761168957e+01,2.119773867260664701e+01,2.810969247075263411e+00
2.768994869478046894e+01,2.120773867005482316e+01,2.845969247224275023e+00
2.762994869612157345e+01,2.121873866906389594e+01,2.915969246823806316e+00
2.760994869656860828e+01,2.122173866769298911e+01,2.932969246583525091e+00
2.756994869932532310e+01,2.122573866881430149e+01,2.967969247023575008e+00
2.755094869993627071e+01,2.122773866727948189e+01,2.984969247190747410e+00
2.752794870361685753e+01,2.122873866790905595e+01,3.054969247430562973e+00
2.752394870482385159e+01,2.122873867163434625e+01,3.124969247553963214e+00
2.751594870537519455e+01,2.122873867256566882e+01,-3.088216059783007950e+00
2.751194871217012405e+01,2.122873867303133011e+01,-3.071216059848666191e+00
2.750694870762526989e+01,2.122873867116868496e+01,-2.966216059576254338e+00
2.750694871135056019e+01,2.122873867489397526e+01,-2.757216059719212353e+00
2.750694870948791504e+01,2.122873867861926556e+01,-2.687216059770435095e+00
2.750694870389997959e+01,2.122873868001624942e+01,-2.547216060280334204e+00
2.750694870389997959e+01,2.122873868001624942e+01,-2.477216059807687998e+00
2.750694870203733444e+01,2.122873868048191071e+01,-2.338216059724800289e+00
2.750694870389997959e+01,2.122873868281021714e+01,-2.268216059484984726e+00
2.750694870389997959e+01,2.122873868281021714e+01,-2.128216059296391904e+00
2.750694870017468929e+01,2.122873868327587843e+01,-2.058216059405822307e+00
2.750694870203733444e+01,2.122873868513852358e+01,-1.919216059439349920e+00
2.750694870203733444e+01,2.122873868606984615e+01,-1.779216059425380081e+00
2.750694870203733444e+01,2.122273868229240179e+01,-1.640216059691738337e+00
2.750694870017468929e+01,2.121673868177458644e+01,-1.587216059735510498e+00
2.750794870220124722e+01,2.119973868317902088e+01,-1.430216059990925714e+00
2.751494870334863663e+01,2.117473868373781443e+01,-1.291216059937141836e+00
2.752094870060682297e+01,2.115973868081346154e+01,-1.221216059901053086e+00
2.753894869983196259e+01,2.112673868238925934e+01,-1.081216059799771756e+00
2.757494870200753212e+01,2.107873868010938168e+01,-8.892160597606562078e-01
2.760294870287179947e+01,2.105273867631331086e+01,-7.672160597285255790e-01
2.763394870795309544e+01,2.102973867673426867e+01,-6.452160597254987806e-01
2.766894870996475220e+01,2.101073867594823241e+01,-5.402160597150215127e-01
2.768694871291518211e+01,2.100173867587000132e+01,-4.882160597480833530e-01
2.772494871541857719e+01,2.098673867853358388e+01,-4.182160597410984337e-01
2.776394871994853020e+01,2.097273867810145020e+01,-3.662160597377805971e-01
2.778394871763885021e+01,2.096673867804929614e+01,-3.312160596979084048e-01
2.782394871674478054e+01,2.095673867920413613e+01,-2.962160596653120592e-01
2.786394872330129147e+01,2.094873867835849524e+01,-2.612160597054753453e-01
2.788394872471690178e+01,2.094473867537453771e+01,-2.612160596909234300e-01
2.792394872196018696e+01,2.093773867515847087e+01,-2.262160597019829689e-01
2.796394871920347214e+01,2.093173867557197809e+01,-2.082160596983158030e-01
2.798394871689379215e+01,2.092873867554590106e+01,-1.912160596875764895e-01
2.802394871413707733e+01,2.092373867379501462e+01,-1.742160597095789853e-01
2.806394871324300766e+01,2.091973867593333125e+01,-1.562160596986359451e-01
2.808394871838390827e+01,2.091873867437243462e+01,-1.392160597424663138e-01
2.810394872166216373e+01,2.091773867746815085e+01,-1.392160597606562078e-01
2.814394872076809406e+01,2.091573867388069630e+01,-1.212160597715410404e-01
2.818394871987402439e+01,2.091373867401853204e+01,-1.212160597715410404e-01
2.822394871897995472e+01,2.091173867322504520e+01,-1.042160597826295998e-01
2.824394871480762959e+01,2.091073867538943887e+01,-1.042160597789916210e-01
2.828394871205091476e+01,2.090973867615684867e+01,-1.042160597717156634e-01
2.832394870929419994e+01,2.090973867615684867e+01,-8.621605976441049091e-02
2.836394870840013027e+01,2.090973867522552609e+01,-8.621605976986757014e-02
2.838394870981574059e+01,2.090973867569118738e+01,-8.621605976622959133e-02
2.842394871078431606e+01,2.090973867708817124e+01,-6.921605977186118253e-02
2.844394871406257153e+01,2.090973867801949382e+01,-6.921605977004219312e-02
2.848394871316850185e+01,2.090973867569118738e+01,-6.903075259833713062e-02
2.852394870854914188e+01,2.090973867801949382e+01,-6.903075260015612002e-02
2.856394870951771736e+01,2.090973867615684867e+01,-5.203075258941680659e-02
2.864394870959222317e+01,2.090973867708817124e+01,-3.403075259484483750e-02
2.866394871100783348e+01,2.090973867708817124e+01,-3.403075258574972395e-02
2.868394871056079865e+01,2.091073867725208402e+01,-3.403075258847820805e-02
2.872394871152937412e+01,2.091173867508769035e+01,-3.403075259211618686e-02
2.874394871294498444e+01,2.091273867338895798e+01,-1.703075259047182044e-02
2.878394871577620506e+01,2.091473867604508996e+01,-1.703075258774333633e-02
2.882394872047007084e+01,2.091673867637291551e+01,-1.703075258592434693e-02
2.884394871816039085e+01,2.091773867839947343e+01,9.692474142610763010e-04
2.888494872115552425e+01,2.091973867826163769e+01,9.692474141900220275e-04
2.892594871856272221e+01,2.092173867952078581e+01,9.692474142752871558e-04
2.896594871953129768e+01,2.092373868357390165e+01,9.692474141189677539e-04
2.900594871491193771e+01,2.092573868436738849e+01,9.692474140763324792e-04
2.902594870887696743e+01,2.092673868639394641e+01,9.692474141331786086e-04
2.906594870798289776e+01,2.092873868905007839e+01,9.692474141189677539e-04
2.910594870336353779e+01,2.093073868891224265e+01,-1.703075258592434693e-02
2.912594870291650295e+01,2.093173868767917156e+01,-1.703075258501485223e-02
2.916594870574772358e+01,2.093373868847265840e+01,-1.703075258637909428e-02
2.918594870530068874e+01,2.093473868817090988e+01,-1.703075258501485223e-02
2.922594870999455452e+01,2.093673869082704186e+01,-1.703075258637909428e-02
2.926594870910048485e+01,2.093873868975788355e+01,-3.403075258665921865e-02
2.930694871395826340e+01,2.093973869364708662e+01,-3.403075258847820805e-02
2.932694871351122856e+01,2.094073869520798326e+01,-3.403075258574972395e-02
2.934694871306419373e+01,2.094073869381099939e+01,-3.403075259029719746e-02
2.938694871030747890e+01,2.094073869427666068e+01,-5.203075258032185957e-02
2.942694870941340923e+01,2.094073869241401553e+01,-5.203075258032185957e-02
2.946694871224462986e+01,2.094073869381099939e+01,-5.203075257850303670e-02
2.948694871179759502e+01,2.094073869334533811e+01,-5.203075256758893374e-02
2.952694871276617050e+01,2.094073869194835424e+01,-6.903075256741431076e-02
2.955894871428608894e+01,2.094073869381099939e+01,-6.921605975367128849e-02
2.955894871614873409e+01,2.094073869427666068e+01,-6.921605975549027789e-02
2.957694871723651886e+01,2.094073869567364454e+01,-5.203075257486489136e-02
2.961394871771335602e+01,2.094073869846761227e+01,-6.903075256559532136e-02
2.965394871681928635e+01,2.094073869707062840e+01,-6.903075257469026837e-02
2.969394871592521667e+01,2.094073869846761227e+01,-6.921605975730926730e-02
2.971394871361553669e+01,2.094073869846761227e+01,-6.921605976276618000e-02
2.975394871085882187e+01,2.094073869800195098e+01,-6.921605975912825670e-02
2.977394871041178703e+01,2.094073869846761227e+01,-8.621605975167734304e-02
2.981394870951771736e+01,2.094073869800195098e+01,-8.621605976259158477e-02
2.989394871145486832e+01,2.094073869707062840e+01,-8.621605975713464431e-02
2.993394871242344379e+01,2.094073869846761227e+01,-1.042160597826295998e-01
2.995394870825111866e+01,2.093973869923502207e+01,-1.042160597862675786e-01
2.999394870735704899e+01,2.093873869953677058e+01,-1.042160597826295998e-01
3.001394871063530445e+01,2.093773869751021266e+01,-1.212160597679030616e-01
3.005394870974123478e+01,2.093573869718238711e+01,-1.212160597460749389e-01
3.007394871115684509e+01,2.093473869701847434e+01,-1.212160597460749389e-01
3.013394871354103088e+01,2.093173869652673602e+01,-1.392160597752081230e-01
3.015494871512055397e+01,2.093073869636282325e+01,-1.392160597752081230e-01
3.019694872014224529e+01,2.092873869882896543e+01,-1.392160597788461018e-01
3.021794872172176838e+01,2.092773870006203651e+01,-1.392160597715703663e-01
3.025994871743023396e+01,2.092573870019987226e+01,-1.392160597679322209e-01
3.028094871714711189e+01,2.092473869957029819e+01,-1.392160597715703663e-01
3.032294871471822262e+01,2.092273869924247265e+01,-1.392160597679322209e-01
3.034294871613383293e+01,2.092173869628459215e+01,-1.392160597570182290e-01
3.038294871710240841e+01,2.091973869781941175e+01,-1.392160597461042926e-01
3.042294871620833874e+01,2.091773869749158621e+01,-1.392160597606562078e-01
3.046294871531426907e+01,2.091573870042338967e+01,-1.212160597569891252e-01
3.050294871255755424e+01,2.091373869823291898e+01,-1.212160597569891252e-01
3.054494871385395527e+01,2.091173869743943214e+01,-1.212160597533511464e-01
3.056594870798289776e+01,2.091073869727551937e+01,-1.212160597533511464e-01
3.058694870583713055e+01,2.090973869943991303e+01,-1.212160597460749389e-01
3.062894870340824127e+01,2.090773869911208749e+01,-1.212160597424372099e-01
3.064994870498776436e+01,2.090673869894817472e+01,-1.212160597387992311e-01
3.069194870255887508e+01,2.090473870187997818e+01,-1.212160597315231070e-01
3.075494870357215405e+01,2.090173870325088501e+01,-1.212160597460749389e-01
3.079694870486855507e+01,2.089973870757967234e+01,-1.212160597606271040e-01
3.083894870802760124e+01,2.089773870538920164e+01,-1.212160597569891252e-01
3.088094870746135712e+01,2.089573870319873095e+01,-1.212160597424372099e-01
3.090194870717823505e+01,2.089473870117217302e+01,-1.212160597424372099e-01
3.094394870288670063e+01,2.089273870084434748e+01,-1.212160597351615021e-01
3.096494870632886887e+01,2.089173870161175728e+01,-1.212160597315231070e-01
3.100494870729744434e+01,2.088973870361223817e+01,-1.212160597424372099e-01
3.104494870454072952e+01,2.088773870188742876e+01,-1.212160597315231070e-01
3.108494870178401470e+01,2.088573870342224836e+01,-1.212160597351615021e-01
3.110494869761168957e+01,2.088473870558664203e+01,-1.212160597351615021e-01
3.116494869813323021e+01,2.088173870742321014e+01,-1.392160596951725893e-01
3.118494869954884052e+01,2.088073870772495866e+01,-1.392160596915346105e-01
3.122694870084524155e+01,2.087873871019110084e+01,-1.392160596915346105e-01
3.124794870056211948e+01,2.087773871142417192e+01,-1.392160596806206740e-01
3.128994869627058506e+01,2.087473871000111103e+01,-1.392160596878966317e-01
3.131094869412481785e+01,2.087373870890587568e+01,-1.392160596842586529e-01
3.137394869700074196e+01,2.086973871150985360e+01,-1.392160597097245045e-01
3.139494869858026505e+01,2.086873871134594083e+01,-1.392160597170004621e-01
3.143694869615137577e+01,2.086573870992287993e+01,-1.392160597279143985e-01
3.147894869744777679e+01,2.086373871145769954e+01,-1.392160597388285570e-01
3.149994869716465473e+01,2.086173871438950300e+01,-1.392160597461042926e-01
3.154294870048761368e+01,2.085973871638998389e+01,-1.392160597351904394e-01
3.156394869834184647e+01,2.085773871699348092e+01,-1.392160597424663138e-01
3.160494870319962502e+01,2.085573871806263924e+01,-1.392160597497422714e-01
3.161894870363175869e+01,2.085473871696740389e+01,-1.392160597642941866e-01
3.163994870707392693e+01,2.085473871743306518e+01,-1.212160597679030616e-01
3.167694870941340923e+01,2.085273871570825577e+01,-1.212160597679030616e-01
3.169794870913028717e+01,2.085173871647566557e+01,-1.212160597751790192e-01
3.173894870840013027e+01,2.084973871707916260e+01,-1.042160597680776846e-01
3.180194870382547379e+01,2.084673871751874685e+01,-1.042160597717156634e-01
3.182294870726764202e+01,2.084573872154578567e+01,-1.042160597753536422e-01
3.186494870670139790e+01,2.084373872075229883e+01,-1.042160597680776846e-01
3.188494870625436306e+01,2.084373872075229883e+01,-1.042160597535257693e-01
3.192494870722293854e+01,2.084173871902748942e+01,-1.042160597462497840e-01
3.194494870677590370e+01,2.084073871653527021e+01,-1.212160597169712473e-01
3.200494870543479919e+01,2.083773871790617704e+01,-1.212160597206093371e-01
3.202494870312511921e+01,2.083673872053623199e+01,-1.212160597424372099e-01
3.208494870364665985e+01,2.083373872283846140e+01,-1.212160597351615021e-01
3.210494870692491531e+01,2.083273871988058090e+01,-1.212160597315231070e-01
3.214494870789349079e+01,2.083073871722444892e+01,-1.392160597279143985e-01
3.218494870327413082e+01,2.082873871549963951e+01,-1.392160597351904394e-01
3.222494870051741600e+01,2.082673871563747525e+01,-1.392160597461042926e-01
3.224494870193302631e+01,2.082573871500790119e+01,-1.392160597533802502e-01
3.228594870120286942e+01,2.082273871358484030e+01,-1.562160597495676484e-01
3.230594870634377003e+01,2.082073871372267604e+01,-1.562160597422916908e-01
3.234794870205223560e+01,2.081773871276527643e+01,-1.562160597386537120e-01
3.236894870363175869e+01,2.081573871197178960e+01,-1.562160597422916908e-01
3.241094870492815971e+01,2.081173871317878366e+01,-1.562160597350157332e-01
3.247094870172441006e+01,2.080573871219530702e+01,-1.562160597495676484e-01
3.249094870127737522e+01,2.080473871529102325e+01,-1.562160597386537120e-01
3.253094870038330555e+01,2.080173871759325266e+01,-1.562160597313777544e-01
3.255094869807362556e+01,2.079973871726542711e+01,-1.562160597422916908e-01
3.259094869531691074e+01,2.079673871770501137e+01,-1.392160597679322209e-01
3.261094869114458561e+01,2.079573871754109859e+01,-1.392160597715703663e-01
3.265094869211316109e+01,2.079373871674761176e+01,-1.392160597715703663e-01
3.267094868980348110e+01,2.079273871891200542e+01,-1.392160597715703663e-01
3.271094868890941143e+01,2.079073871904984117e+01,-1.392160597824840806e-01
3.277194868586957455e+01,2.078773871855810285e+01,-1.212160597824549768e-01
3.279294868558645248e+01,2.078673871560022235e+01,-1.212160597824549768e-01
3.283494868502020836e+01,2.078473871434107423e+01,-1.212160597897309344e-01
3.285594868101179600e+01,2.078373871510848403e+01,-1.212160597933688577e-01
3.289794867672026157e+01,2.078173871710896492e+01,-1.212160598006448708e-01
3.291894867271184921e+01,2.078073871508240700e+01,-1.212160598079207174e-01
3.296194867789745331e+01,2.077873871708288789e+01,-1.212160598079207174e-01
3.298294867388904095e+01,2.077773871785029769e+01,-1.212160598006448708e-01
3.302494867704808712e+01,2.077573871985077858e+01,-1.212160598079207174e-01
3.306694867648184299e+01,2.077373872045427561e+01,-1.212160598042828497e-01
3.312994867376983166e+01,2.077073871949687600e+01,-1.212160597970068920e-01
3.317194867134094238e+01,2.076873871916905046e+01,-1.212160597970068920e-01
3.323394867591559887e+01,2.076573871681466699e+01,-1.212160597788169980e-01
3.331394867412745953e+01,2.076173871802166104e+01,-1.212160597751790192e-01
3.333394867368042469e+01,2.076073871925473213e+01,-1.212160597715410404e-01
3.337394867464900017e+01,2.075873872078955173e+01,-1.212160597679030616e-01
3.343394867517054081e+01,2.075573872122913599e+01,-1.392160597715703663e-01
3.345394867286086082e+01,2.075473872385919094e+01,-1.392160597788461018e-01
3.349594867043197155e+01,2.075173872569575906e+01,-1.392160597824840806e-01
3.351694867387413979e+01,2.075073872366920114e+01,-1.392160597788461018e-01
3.355894867330789566e+01,2.074773872457444668e+01,-1.392160597715703663e-01
3.360094867087900639e+01,2.074473872268572450e+01,-1.392160597388285570e-01
3.362094867043197155e+01,2.074373872438445687e+01,-1.392160597351904394e-01
3.364094866625964642e+01,2.074273872375488281e+01,-1.392160597497422714e-01
3.368094866722822189e+01,2.073973872233182192e+01,-1.392160597315523773e-01
3.374094866402447224e+01,2.073673872603103518e+01,-1.392160597097245045e-01
3.376094866171479225e+01,2.073573872633278370e+01,-1.392160597351904394e-01
3.379394865967333317e+01,2.073373872786760330e+01,-1.212160597315231070e-01
3.380094865709543228e+01,2.073373872693628073e+01,-1.212160597278852947e-01
3.382894865609705448e+01,2.073373872460797429e+01,-8.621605973348778207e-02
3.384894865751266479e+01,2.073373872647061944e+01,-8.621605973166879267e-02
3.388894865848124027e+01,2.073373872647061944e+01,-8.621605973712576088e-02
3.390894865803420544e+01,2.073373872693628073e+01,-6.921605972092947923e-02
3.395094865001738071e+01,2.073373872507363558e+01,-6.921605971911048982e-02
3.399294864945113659e+01,2.073373872507363558e+01,-6.921605971183453221e-02
3.403494864515960217e+01,2.073373872600495815e+01,-6.903075252739654388e-02
3.405594864487648010e+01,2.073373872414231300e+01,-6.903075253649149090e-02
3.409794864803552628e+01,2.073373872367665172e+01,-6.903075253831048030e-02
3.413894863985478878e+01,2.073373872088268399e+01,-6.903075254376714320e-02
3.415894864872097969e+01,2.073373872088268399e+01,-5.203075253848510329e-02
3.419894864782691002e+01,2.073373872553929687e+01,-5.203075254394207150e-02
3.421894864551723003e+01,2.073373872647061944e+01,-5.203075253484712448e-02
3.425894864089787006e+01,2.073373872786760330e+01,-5.203075252939015627e-02
3.433994864113628864e+01,2.073373872740194201e+01,-3.403075253027054714e-02
3.436094864457845688e+01,2.073473872663453221e+01,-3.403075253118004184e-02
3.440294864960014820e+01,2.073573872353881598e+01,-3.403075253118004184e-02
3.444494865275919437e+01,2.073673872277140617e+01,-3.403075252663256833e-02
3.446494864858686924e+01,2.073673872509971261e+01,-3.403075252572307363e-02
3.450494864955544472e+01,2.073773872153833508e+01,-3.403075252390408423e-02
3.452494865469634533e+01,2.073773872526362538e+01,-3.403075252026608460e-02
3.456494865566492081e+01,2.073873872635886073e+01,-3.403075251844711602e-02
3.460494865663349628e+01,2.073873872496187687e+01,-5.203075252211419865e-02
3.464494865946471691e+01,2.073873872635886073e+01,-5.203075252211419865e-02
3.468494865670800209e+01,2.073873872542753816e+01,-6.903075252921564431e-02
3.470494865626096725e+01,2.073873872449621558e+01,-6.921605971729150042e-02
3.474494865164160728e+01,2.073873872542753816e+01,-8.621605971529788803e-02
3.476494864933192730e+01,2.073873872542753816e+01,-1.042160597280599177e-01
3.480494864284992218e+01,2.073673872370272875e+01,-1.212160597206093371e-01
3.482494864612817764e+01,2.073573872307315469e+01,-1.212160597351615021e-01
3.486494863964617252e+01,2.073373872414231300e+01,-1.392160597060867477e-01
3.490494864061474800e+01,2.073073872551321983e+01,-1.562160596877220087e-01
3.494494864344596863e+01,2.072773872315883636e+01,-1.562160596913599875e-01
3.498494864255189896e+01,2.072373872250318527e+01,-1.742160596986650212e-01
3.500494864210486412e+01,2.072173872590065002e+01,-1.742160596913890913e-01
3.504494864307343960e+01,2.071773872245103121e+01,-1.742160596695612185e-01
3.506494864076375961e+01,2.071573872305452824e+01,-1.742160596804751549e-01
3.510494863986968994e+01,2.071173872146755457e+01,-1.912160596693865955e-01
3.512494863942265511e+01,2.070973872439935803e+01,-1.912160596803005319e-01
3.516494863480329514e+01,2.070473872218281031e+01,-1.912160596584726591e-01
3.520594863779842854e+01,2.069973872229456902e+01,-1.912160596730245188e-01
3.524794863723218441e+01,2.069373872131109238e+01,-1.912160596803005319e-01
3.526894863508641720e+01,2.069073872081935406e+01,-2.082160596692119725e-01
3.532894863188266754e+01,2.068273872137069702e+01,-1.912160596584726591e-01
3.534894863329827785e+01,2.067973872320726514e+01,-1.912160596839382887e-01
3.538894863426685333e+01,2.067473872378468513e+01,-1.912160596948524471e-01
3.540894863381981850e+01,2.067273872112855315e+01,-1.912160597239562776e-01
3.544894863292574883e+01,2.066773872030898929e+01,-1.912160597494220737e-01
3.546894863620400429e+01,2.066573872324079275e+01,-1.912160597639740445e-01
3.550894863530993462e+01,2.066173872072249651e+01,-1.912160597530601913e-01
3.554894863627851009e+01,2.065773872239515185e+01,-1.742160597386828158e-01
3.558894862979650497e+01,2.065373872313648462e+01,-1.742160597568727098e-01
3.562894862703979015e+01,2.064973872248083353e+01,-1.742160597677866463e-01
3.564894863590598106e+01,2.064773872029036283e+01,-1.742160597750626039e-01
3.568894863501191139e+01,2.064373872056603432e+01,-1.562160597495676484e-01
3.570894863829016685e+01,2.064173871884122491e+01,-1.562160597313777544e-01
3.576894864253699780e+01,2.063673871569335461e+01,-1.562160597495676484e-01
3.580894863791763783e+01,2.063373871520161629e+01,-1.392160597315523773e-01
3.584894863702356815e+01,2.063173871301114559e+01,-1.392160597315523773e-01
3.586894863471388817e+01,2.062973871221765876e+01,-1.392160597279143985e-01
3.590194863639771938e+01,2.062773871049284935e+01,-1.212160597242473159e-01
3.592094863764941692e+01,2.062773870956152678e+01,-8.621605972984980326e-02
3.595794863626360893e+01,2.062773870956152678e+01,-8.621605974440171849e-02
3.599794863536953926e+01,2.062773871002718806e+01,-6.921605973548139445e-02
3.601794863305985928e+01,2.062773871095851064e+01,-6.921605972092947923e-02
3.605794863589107990e+01,2.062773871002718806e+01,-8.621605972075518931e-02
3.607794863358139992e+01,2.062773871049284935e+01,-8.621605970256496221e-02
3.611794863641262054e+01,2.062773870863020420e+01,-8.621605971347889863e-02
3.615794863551855087e+01,2.062773871002718806e+01,-1.042160597244219389e-01
3.617794863879680634e+01,2.062673870753496885e+01,-1.042160597098698571e-01
3.621794864349067211e+01,2.062473870394751430e+01,-1.212160597096954007e-01
3.625794864259660244e+01,2.062273870455101132e+01,-1.392160597279143985e-01
3.629794864542782307e+01,2.061873870715498924e+01,-1.562160597204636792e-01
3.631794864125549793e+01,2.061773870838806033e+01,-1.562160597241017967e-01
3.635894864425063133e+01,2.061373871192336082e+01,-1.562160597059118472e-01
3.637994864769279957e+01,2.061173871485516429e+01,-1.742160596986650212e-01
3.641994864493608475e+01,2.060773871699348092e+01,-1.742160597023030277e-01
3.646094864606857300e+01,2.060373872006312013e+01,-1.742160597023030277e-01
3.648094864562153816e+01,2.060173871880397201e+01,-1.742160597386828158e-01
3.654094864986836910e+01,2.059573872108012438e+01,-1.562160597277397756e-01
3.656094865128397942e+01,2.059373872168362141e+01,-1.562160597022739239e-01
3.658094865456223488e+01,2.059173872042447329e+01,-1.562160597095497705e-01
3.662094865739345551e+01,2.058873872272670269e+01,-1.562160596986359451e-01
3.664094865508377552e+01,2.058673872100189328e+01,-1.562160596804460511e-01
3.668094865232706070e+01,2.058373872423544526e+01,-1.562160596695321146e-01
3.670094864815473557e+01,2.058273872360587120e+01,-1.392160596988105681e-01
3.674094864539802074e+01,2.057973872171714902e+01,-1.392160596915346105e-01
3.676094864867627621e+01,2.057873872341588140e+01,-1.392160597024486302e-01
3.680094865337014198e+01,2.057673872169107199e+01,-1.392160596951725893e-01
3.684094865247607231e+01,2.057473872322589159e+01,-1.392160596806206740e-01
3.690094865486025810e+01,2.057173872226849198e+01,-1.212160596696773285e-01
3.692094865813851357e+01,2.057073872396722436e+01,-1.212160596551255382e-01
3.696194866113364697e+01,2.056873872457072139e+01,-1.212160596587638639e-01
3.698194866068661213e+01,2.056773872487246990e+01,-1.212160596587638639e-01
3.702394865825772285e+01,2.056573872547596693e+01,-1.042160596771285475e-01
3.704494865611195564e+01,2.056573872361332178e+01,-1.042160596625762992e-01
3.708694865927100182e+01,2.056373872328549623e+01,-1.042160596625762992e-01
3.712894865125417709e+01,2.056173872388899326e+01,-1.042160596443864051e-01
3.714994864538311958e+01,2.056173872109502554e+01,-1.042160596371104475e-01
3.714994864724576473e+01,2.056173871969804168e+01,-1.042160596407485651e-01
3.721294864825904369e+01,2.055973871843889356e+01,-1.042160596553003415e-01
3.725556878659796212e+01,2.055875649140324768e+01,-1.042160595429959258e-01
3.729818898965490348e+01,2.055777426239090389e+01,-1.042160594265914147e-01
3.733894874015357601e+01,2.055673873402038510e+01,-1.042160596542587581e-01
3.738094879231896073e+01,2.055573873741421664e+01,-1.042160596480188051e-01
3.742325895409839376e+01,2.055474761991579058e+01,-1.041241035422892786e-01
3.746525895968079567e+01,2.055374761950224638e+01,-1.041241035454729263e-01
3.750725896283984184e+01,2.055374761903658509e+01,-1.041241035454729263e-01
3.754894870150528163e+01,2.055273873941511198e+01,-1.040320685382293692e-01
3.756994870305061340e+01,2.055273873917758465e+01,-1.040320685533515643e-01
3.761163836527921944e+01,2.055172985943026376e+01,-1.043070206249920029e-01
3.765270749934407490e+01,2.055170323210395011e+01,-1.043991379267727448e-01
3.767401784928932074e+01,2.055071210766209333e+01,-1.044912031490890375e-01
3.771694903566618962e+01,2.055073873545310903e+01,-8.658337086057082965e-02
3.775988042725099803e+01,2.055076536203592852e+01,-8.667559560892636183e-02
3.780188042856752872e+01,2.054976536147296429e+01,-8.686007820992568129e-02
3.782188042066991329e+01,2.054976536007598042e+01,-1.048600782014545985e-01
3.786188041977584362e+01,2.054976535821333528e+01,-1.046754894650417517e-01
3.790188041888177395e+01,2.054876535758376122e+01,-1.046754894741751818e-01
3.792188042029738426e+01,2.054776535695418715e+01,-1.046754894778132439e-01
3.795519100385362776e+01,2.054677422295289091e+01,-1.049525594086552355e-01
3.797556978286479534e+01,2.054675649306779661e+01,-8.713723475831851306e-02
3.799194844414651584e+01,2.054673875647487691e+01,-8.713723472263440462e-02
3.803332703152644712e+01,2.054672102540834544e+01,-8.713723470989727382e-02
3.805332702770829201e+01,2.054672102537006140e+01,-8.713723471191769931e-02
3.809270550457718940e+01,2.054670329435420939e+01,-8.713723468444346809e-02
3.813394868032261087e+01,2.054673874719810200e+01,-1.051372106842781151e-01
3.819588139838008090e+01,2.054576534256981191e+01,-1.050446988652948138e-01
3.821588140353560448e+01,2.054476534295827150e+01,-1.050446988629119005e-01
3.823557054464720295e+01,2.054475648000486032e+01,-1.051372551923055593e-01
3.827619237828584176e+01,2.054277420119121444e+01,-1.051372579404880186e-01
3.831681422513880619e+01,2.054079192169047019e+01,-1.221372579858173713e-01
3.833750329969490878e+01,2.053978306082760241e+01,-1.220446309466385881e-01
3.837981428809505502e+01,2.053779191652695602e+01,-1.219519678415106195e-01
3.840050327793335327e+01,2.053678306137025800e+01,-1.220446525688708705e-01
3.844188118422742662e+01,2.053476534950764432e+01,-1.222300893814845107e-01
3.850425899749249226e+01,2.053174764004601727e+01,-1.222300892909353731e-01
3.852525899745523930e+01,2.053074764087796211e+01,-1.222300892550263751e-01
3.856663686710208339e+01,2.052872993480658437e+01,-1.222300891527375172e-01
3.858763686567544937e+01,2.052772993547841907e+01,-1.222300891458871774e-01
3.862794811744210222e+01,2.052573878817380049e+01,-1.221372484187451951e-01
3.864794812165200710e+01,2.052473879000172019e+01,-1.221372484178573359e-01
3.868857070280923693e+01,2.052275648872116776e+01,-1.221372484468836311e-01
3.870857065763073734e+01,2.052175648710292677e+01,-1.221372484433213973e-01
3.874957065284252167e+01,2.051975648896768689e+01,-1.051372484471357893e-01
3.878925928639420562e+01,2.051874764221264513e+01,-1.052302209812469302e-01
3.882988203870618804e+01,2.051776533305613981e+01,-1.052302210924177805e-01
3.886957061183902340e+01,2.051775648583443967e+01,-8.713719904641215042e-02
3.890957061015069485e+01,2.051775648770853877e+01,-8.713719904881145339e-02
3.892925910125754996e+01,2.051774764504243009e+01,-8.704412112212106534e-02
3.896925910189747810e+01,2.051774764433503151e+01,-8.704412112456372252e-02
3.902925910428166389e+01,2.051774764247238636e+01,-7.004412111746205483e-02
3.904925909824669361e+01,2.051774764154106379e+01,-7.004412112291902304e-02
3.908863589268759142e+01,2.051772995972970648e+01,-6.985881399750272502e-02
3.914863589964807034e+01,2.051772995805367827e+01,-5.285881400595826562e-02
3.916863589733839035e+01,2.051772995479404926e+01,-5.285881400959607790e-02
3.921001253453361812e+01,2.051771227901566874e+01,-5.285881405768994012e-02
3.923101261094601000e+01,2.051771228046296969e+01,-5.285881404597071037e-02
3.927334093976413243e+01,2.051775438934253870e+01,-5.276060667190664299e-02
3.929434094391763210e+01,2.051713117886073334e+01,-5.276060662204910129e-02
3.933371735235979827e+01,2.051711351356365753e+01,-5.276060659855817681e-02
3.937309390146856458e+01,2.051709585430041827e+01,-5.276060657310673724e-02
3.941309389658272266e+01,2.051709585171192884e+01,-5.276060657342895865e-02
3.943309389054775238e+01,2.051709585357457399e+01,-5.276060657888576033e-02
3.947371782558319353e+01,2.051711351920020832e+01,-5.276060661923082096e-02
3.949371782317757607e+01,2.051711352169513702e+01,-5.276060662254167255e-02
3.953371782973408699e+01,2.051742537783046672e+01,-7.004113163229339079e-02
3.957371783070266247e+01,2.051773726356224969e+01,-7.013464090116026950e-02
3.961371782980859280e+01,2.051773726707324386e+01,-7.031994809221953080e-02
3.963371782936155796e+01,2.051773726753890514e+01,-7.031994808858113566e-02
3.967571783997118473e+01,2.051773726847022772e+01,-7.031994808676214626e-02
3.969671784155070782e+01,2.051773726893588901e+01,-8.731994809204479679e-02
3.973803006696645213e+01,2.051774609780728653e+01,-8.760090359660649417e-02
3.973803014219448926e+01,2.051774610026219392e+01,-8.778826630469648007e-02
3.980003014020621777e+01,2.051774609973654151e+01,-8.778826631169067696e-02
3.984203013963997364e+01,2.051774610066786408e+01,-8.778826632078562398e-02
3.988278128362517094e+01,2.051771082706433802e+01,-8.778826639695064271e-02
3.992540598166034727e+01,2.051772846611655865e+01,-8.778826635636713394e-02
3.994640597514808178e+01,2.051772846747189760e+01,-8.778826635170852710e-02
3.998840597644448280e+01,2.051772846421226859e+01,-8.778826636262238026e-02
4.000940597616136074e+01,2.051772846374660730e+01,-8.778826636262238026e-02
4.005109357332071340e+01,2.051771964733190146e+01,-8.769440456506370773e-02
4.009309357777237892e+01,2.051771964551880956e+01,-8.769440456853772048e-02
4.013609357737004757e+01,2.051771964365616441e+01,-8.769440456489974167e-02
4.015709357708692551e+01,2.051771964551880956e+01,-8.769440456671900863e-02
4.019909358024597168e+01,2.051771964319050312e+01,-8.769440457217569929e-02
4.026209357567131519e+01,2.051771964272484183e+01,-8.769440456853772048e-02
4.028278099265300938e+01,2.051771082852466321e+01,-8.760039244760754740e-02
4.030378099344670773e+01,2.051771083055064082e+01,-8.760039245498774108e-02
4.032578099705278873e+01,2.051771083148196340e+01,-8.760039244589279406e-02
4.036715576332073852e+01,2.051769321819699243e+01,-8.760039261835370072e-02
4.040946847540520537e+01,2.051670202378548424e+01,-8.750628126768235371e-02
4.046884313381375620e+01,2.051668441186156144e+01,-1.055062813738869149e-01
4.048853029056927966e+01,2.051567560584505756e+01,-1.056004646109696549e-01
4.050727934745761871e+01,2.051564039641150572e+01,-1.056004646895440380e-01
4.054727934859693050e+01,2.051364039164036512e+01,-1.054120667139709505e-01
4.058727934025228024e+01,2.051264039054512978e+01,-1.224120667138777208e-01
4.064827933534979820e+01,2.050964039331302047e+01,-1.224120667102397420e-01
4.066827933676540852e+01,2.050864039035513997e+01,-1.222234138565603812e-01
4.070827933400869370e+01,2.050726603960504946e+01,-1.402234140587655942e-01
4.070827932655811310e+01,2.050726603716611862e+01,-1.402234140514337923e-01
4.076890560133579555e+01,2.050365772091336325e+01,-1.402234138327746460e-01
4.080890559777617455e+01,2.050103175578031056e+01,-1.402234136730385328e-01
4.084890559688210487e+01,2.049803175777196884e+01,-1.572234136219776701e-01
4.086890560016036034e+01,2.049634475672991840e+01,-1.573178538920970704e-01
4.090890560112893581e+01,2.049203168186843627e+01,-1.574123338044966791e-01
4.092827939241021795e+01,2.048970098801797235e+01,-1.755068382526314419e-01
4.096827939152717590e+01,2.048570098960772157e+01,-1.925068382661265787e-01
4.100827939063310623e+01,2.048070098739117384e+01,-2.095068382550380193e-01
4.106827939301729202e+01,2.047170099103823304e+01,-2.275068382077732876e-01
4.108827939443290234e+01,2.046870099194347858e+01,-2.275068382077732876e-01
4.112796610424020116e+01,2.046169220424251023e+01,-2.446014420777530007e-01
4.114796610549092293e+01,2.045869220187887549e+01,-2.446014420493155817e-01
4.118796610645949841e+01,2.045069220056757331e+01,-2.446014420638675801e-01
4.120796610973775387e+01,2.044669219851493835e+01,-2.626014420384308323e-01
4.124796611815690994e+01,2.043837889402264096e+01,-2.626961478335653744e-01
4.126765264731812266e+01,2.043437010567908629e+01,-2.626014106845547258e-01
4.130765264481306076e+01,2.042511634916531804e+01,-2.796014100317910644e-01
4.134796618349371755e+01,2.041649823189171187e+01,-2.795066207795800506e-01
4.138796618208289146e+01,2.040849823132157326e+01,-2.795066207982017659e-01
4.140796617604792118e+01,2.040287120877052374e+01,-2.975066204747994214e-01
4.144796618446707726e+01,2.039387120585888624e+01,-2.975066204453469254e-01
4.146796618960797787e+01,2.038887120550498366e+01,-3.145066204451723024e-01
4.150859374839240701e+01,2.037794799418672298e+01,-3.324117092695043629e-01
4.152859375067055225e+01,2.037194796298932431e+01,-3.322218331976186101e-01
4.156822142676047349e+01,2.036096552582280950e+01,-3.672218332264883256e-01
4.160722142644226551e+01,2.034896552329882979e+01,-3.842218332283664495e-01
4.164522142335772514e+01,2.033596551977097988e+01,-4.012218332791235298e-01
4.166522142291069031e+01,2.032896552002057433e+01,-4.192218333046185408e-01
4.170322141610085964e+01,2.031496551958844066e+01,-4.362218333117198199e-01
4.174122141487896442e+01,2.030033787071934981e+01,-4.542218330379327873e-01
4.177822142094373703e+01,2.028533787280321121e+01,-4.712218330096221153e-01
4.179622142016887665e+01,2.027765170769926684e+01,-4.891267004027802789e-01
4.183422141708433628e+01,2.026165171107277274e+01,-5.061267002893146127e-01
4.185284954257360113e+01,2.025266925624941550e+01,-5.241267002472389525e-01
4.188884954713284969e+01,2.023561110505433192e+01,-5.244123693000312114e-01
4.192453546190350977e+01,2.021760233536569018e+01,-5.413171332476960362e-01
4.194284961774947362e+01,2.020923903059981797e+01,-5.412219058650583614e-01
4.198047804980782161e+01,2.019025657178465494e+01,-5.592219056639730068e-01
4.203347804024815559e+01,2.016325657209381461e+01,-5.592219056998146698e-01
4.205147803761065006e+01,2.015388467588665833e+01,-5.592219063570437187e-01
4.207010659224111748e+01,2.014490226475130186e+01,-5.760311877304015171e-01
4.210610659234225750e+01,2.012490226421505213e+01,-5.760311876510968432e-01
4.215910659171640873e+01,2.009427400606590908e+01,-5.930311871321133355e-01
4.219510658830404282e+01,2.007427400723099709e+01,-5.930311871197773144e-01
4.221210658736526966e+01,2.006427400512620807e+01,-5.930311870906734839e-01
4.224710658378899097e+01,2.004327400494366884e+01,-6.110311871598241851e-01
4.226410658098757267e+01,2.003390266779850748e+01,-6.110311877149479098e-01
4.231710657849907875e+01,2.000321702353681985e+01,-6.109356479418380781e-01
4.233510657958686352e+01,1.999158831053808072e+01,-6.109356473744309568e-01
4.236910658143460751e+01,1.996958830999210477e+01,-6.279356473387451842e-01
4.238610658422112465e+01,1.995858830725774169e+01,-6.279356473824009299e-01
4.242010658979415894e+01,1.993758830754086375e+01,-6.459356473496882245e-01
4.245410658605396748e+01,1.991558830812573433e+01,-6.629356472549261525e-01
4.247010659053921700e+01,1.990458830585703254e+01,-6.629356471530627459e-01
4.250310658477246761e+01,1.988058830611407757e+01,-6.809356471203500405e-01
4.255231637679811030e+01,1.984480385387720958e+01,-6.979994666142796955e-01
4.256994590977979698e+01,1.983282135956640957e+01,-6.979994665068502968e-01
4.258531643264268496e+01,1.982080385798233024e+01,-6.979994666710159779e-01
4.261800168947690537e+01,1.979679510743463311e+01,-6.979036759650832922e-01
4.263400168158113956e+01,1.978479510545730591e+01,-7.159036760567687452e-01
4.266500168293714523e+01,1.976079510664567351e+01,-7.159036760422168300e-01
4.268468681100837614e+01,1.974452757231797051e+01,-6.979995498445146218e-01
4.269731669519553208e+01,1.973654506863508473e+01,-6.809995496786527269e-01
4.272931669093668461e+01,1.971391556485585994e+01,-6.279995489358997096e-01
4.274631668627262115e+01,1.970391556480899453e+01,-5.929995488841086626e-01
4.280131668411195278e+01,1.967691556550562382e+01,-4.889995488774731003e-01
4.282031668350100517e+01,1.966891556465998292e+01,-4.539995488303247839e-01
4.285800167148886430e+01,1.965490682040710624e+01,-4.010955607173195547e-01
4.287763189575966294e+01,1.964760938122228495e+01,-3.841915965851255277e-01
4.291763189807534218e+01,1.963560938136652112e+01,-3.321915966007509824e-01
4.293794702647473116e+01,1.963030314847430091e+01,-3.141916066537761010e-01
4.297794701531529427e+01,1.962130314903333783e+01,-2.621916067582787946e-01
4.299794701486825943e+01,1.961730314837768674e+01,-2.441916067400597967e-01
4.303731665190038314e+01,1.961160081567344093e+01,-2.092877868246182937e-01
4.307763189155672734e+01,1.960660955029280217e+01,-1.923839753878633374e-01
4.311763188801705837e+01,1.960260954778641462e+01,-1.753839754092041403e-01
4.313763189315795898e+01,1.960060954792425036e+01,-1.573839754128130153e-01
4.317763189226388931e+01,1.959860973034789922e+01,-1.403839754350000857e-01
4.321763188950717449e+01,1.959660973353311419e+01,-1.053839754385990091e-01
4.323763188533484936e+01,1.959660973353311419e+01,-1.053839754349610303e-01
4.327763188816606998e+01,1.959597926995954609e+01,-8.738397479078476027e-02
4.329763188585639000e+01,1.959629462627325580e+01,-7.029503443282929254e-02
4.333763188123703003e+01,1.959629462659358978e+01,-5.329503443317662459e-02
4.337763188220560551e+01,1.959629462659358978e+01,-3.529503443223802606e-02
4.341731632965713317e+01,1.959728589513407471e+01,-3.519859890125223711e-02
4.343731632642447948e+01,1.959728589700534940e+01,-3.519859890366205946e-02
4.353731632418930531e+01,1.960102410997138733e+01,-1.819859775013905542e-02
4.357731632329523563e+01,1.960302411299198866e+01,-1.985977501703928283e-04
4.359731632098555565e+01,1.960402411315590143e+01,-1.985977501846036830e-04
4.363731631450355053e+01,1.960670855598051787e+01,-1.020471665723900033e-04
4.367731631919741631e+01,1.960907741560810180e+01,1.689795333974011826e-02
4.373931631073355675e+01,1.961407741717994213e+01,1.689795333913934883e-02
4.375900052262733197e+01,1.961606869327361835e+01,1.699458428537766949e-02
4.380100052431225777e+01,1.962006869539618492e+01,1.699458428402060226e-02
4.382231632422999468e+01,1.962207741479981848e+01,1.689791806973376526e-02
4.386431632749736309e+01,1.962607741402462125e+01,3.489791807169240201e-02
4.388468456460272193e+01,1.962805997620605325e+01,3.489791764005319152e-02
4.392468456737697124e+01,1.963205997599288821e+01,3.489791764604888158e-02
4.394468457251787186e+01,1.963374416724396809e+01,1.680115527788861654e-02
4.398468457162380219e+01,1.963774416688829660e+01,1.680115527642556117e-02
4.402668457105755806e+01,1.964206009182841228e+01,1.670432555655259471e-02
4.406868456676602364e+01,1.964637604279614891e+01,1.660747304473877278e-02
4.408968456275761127e+01,1.964837604062631726e+01,1.660747304003962199e-02
4.415268455632030964e+01,1.965437603974714875e+01,1.660747303731113789e-02
4.417336843350938125e+01,1.965510336370665456e+01,1.670439007138849533e-02
4.419436843870524712e+01,1.965678740274700687e+01,1.680133465420829628e-02
4.421536844037473202e+01,1.965878740185871720e+01,1.680133465515609714e-02
4.429905222655420971e+01,1.966677869063788719e+01,1.689832080491110444e-02
4.434105222299695015e+01,1.967077869083732367e+01,1.689832080592161209e-02
4.436105221137404442e+01,1.967277869256213307e+01,1.689832081046915846e-02
4.440305221080780029e+01,1.967677869042381644e+01,1.689832080955966376e-02
4.444405221194028854e+01,1.968077869061380625e+01,1.689832080819542171e-02
4.448405221290886402e+01,1.968477869126945734e+01,1.689832080728592700e-02
4.450373579338817365e+01,1.968676998488345831e+01,1.699546227868103943e-02
4.454373578913509846e+01,1.968976998655125499e+01,1.699546227700921008e-02
4.456373579427599907e+01,1.969176998920738697e+01,1.699546227837345214e-02
4.460436872104942552e+01,1.969415466726710662e+01,1.699546342779698418e-02
4.464436872117221355e+01,1.969715467095375061e+01,-4.536572205893221418e-06
4.468405213791611175e+01,1.969914596770764703e+01,9.273074216602817949e-05
4.472405213862657547e+01,1.970114596700295806e+01,9.273074217475139912e-05
4.476405213959515095e+01,1.970382948656870070e+01,1.900322522240662036e-04
4.478405214846134186e+01,1.970451297424294879e+01,2.873579147379107636e-04
4.480405214615166187e+01,1.970519643195795823e+01,3.847076297431711585e-04
4.482405214197933674e+01,1.970651302441894970e+01,2.873274844472551879e-04
4.486373541855550684e+01,1.970950433054023065e+01,1.738472708831764399e-02
4.490373541414737701e+01,1.971350433304905891e+01,1.738472708893823437e-02
4.494373542070388794e+01,1.971650433354079723e+01,1.738472709030247643e-02
4.496373541653156281e+01,1.971850433386862278e+01,1.738472709121197113e-02
4.500436914233586094e+01,1.972252172018873040e+01,3.538472795389302483e-02
4.504436914436519146e+01,1.972652171924710274e+01,3.557975014848095696e-02
4.508436914905905724e+01,1.973115532483058132e+01,3.557975000150873784e-02
4.512436915189027786e+01,1.973515532538294792e+01,3.557974999876023503e-02
4.514436915144324303e+01,1.973683852116145587e+01,5.267732954711774190e-02
4.520436915196478367e+01,1.974383851839229465e+01,5.267732955326209776e-02
4.524368617517671964e+01,1.974821339033150025e+01,5.257968965101855047e-02
4.528368618339300156e+01,1.975321338837966323e+01,7.057968964909377974e-02
4.530368617549538612e+01,1.975621338840574026e+01,7.057968965273175854e-02
4.536368617042899132e+01,1.976489642876162023e+01,8.767739229107204824e-02
4.538368617743253708e+01,1.976789642963558435e+01,8.767739228096615989e-02
4.542368617653846741e+01,1.977389643015339971e+01,8.748186774021027290e-02
4.548468617722392082e+01,1.978389643132686615e+01,8.748186772390909027e-02
4.550468618236482143e+01,1.978689643181860447e+01,8.767742586167046048e-02
4.556668618507683277e+01,1.979757929028772878e+01,1.057752578679748007e-01
4.558668619021773338e+01,1.980089646324960384e+01,1.056774006694219808e-01
4.560705154200861955e+01,1.980551349036168318e+01,1.056773998876150145e-01
4.564905153959989548e+01,1.981351348850876093e+01,1.056773998971038964e-01
4.568905153311789036e+01,1.981951348669826984e+01,1.056773998934659176e-01
4.572936896792245420e+01,1.982652216530030032e+01,1.055794395584317841e-01
4.574936896190047264e+01,1.982952216593548656e+01,8.757943956879898906e-02
4.578936896473169327e+01,1.983615686978522064e+01,8.777544397699577061e-02
4.581000396235766914e+01,1.983822220139019876e+01,8.787346994874047079e-02
4.585032145980148499e+01,1.984423087768066196e+01,8.797152150447465346e-02
4.589032146148383617e+01,1.985023087775334716e+01,8.797152151237241924e-02
4.591053320682758709e+01,1.985344832856524633e+01,8.790611787350645356e-02
4.595053320750594139e+01,1.985881344861887143e+01,7.090611761017803771e-02
4.599153321236371994e+01,1.986544850649443106e+01,7.090611787243246422e-02
4.603353321179747581e+01,1.987176605665439055e+01,7.080795226064366676e-02
4.607553321868181229e+01,1.987776605738326907e+01,7.080795226283953525e-02
4.609653321653604507e+01,1.988076605694368482e+01,7.080795225010660943e-02
4.613853321224451065e+01,1.988676605559885502e+01,7.080795224283065181e-02
4.617853320948779583e+01,1.989276605378836393e+01,7.061136584843487329e-02
4.619853321649134159e+01,1.989576605660840869e+01,7.061136585434724111e-02
4.621726175564702288e+01,1.989873139068484065e+01,7.080799090358624870e-02
4.625857963367536740e+01,1.990442229086981030e+01,8.800466059242288697e-02
4.629857955375394596e+01,1.991042228933892488e+01,1.060046605851777402e-01
4.631857955642044544e+01,1.991442228900268674e+01,1.060046606071409769e-01
4.637921545150057057e+01,1.992643961429903854e+01,1.400046616354403972e-01
4.639921544678509235e+01,1.993112173470779425e+01,1.581030908756316244e-01
4.643921545334160328e+01,1.994012173451483250e+01,1.931030908963293768e-01
4.645821544155478477e+01,1.994512173440307379e+01,2.101030908743268810e-01
4.649721544794738293e+01,1.995712173543870449e+01,2.451030908778193407e-01
4.653621545061469078e+01,1.997012173570692539e+01,2.801030908303800970e-01
4.655521544814109802e+01,1.997712173871695995e+01,2.801030908085522242e-01
4.659321545436978340e+01,1.999112173868343234e+01,3.151030907683888271e-01
4.663121545501053333e+01,2.000612173834815621e+01,3.321030906590749510e-01
4.666821545921266079e+01,2.002212173724547029e+01,3.501030906627420336e-01
4.668621546030044556e+01,2.003012173902243376e+01,3.501030906045344837e-01
4.672421545907855034e+01,2.004612173698842525e+01,3.501030906045344837e-01
4.676221545413136482e+01,2.006212173635140061e+01,3.671030905679799616e-01
4.678121545165777206e+01,2.007112173596397042e+01,3.671030905679799616e-01
4.682121545076370239e+01,2.008912173472344875e+01,3.671030905607040040e-01
4.713621545396745205e+01,2.022712173499166965e+01,3.321030906299711205e-01
4.715521545335650444e+01,2.023512173537164927e+01,3.321030906081432477e-01
4.719321545213460922e+01,2.025112173659726977e+01,3.321030906299711205e-01
4.723121545091271400e+01,2.026712173735722899e+01,3.321030905790394172e-01
4.726921544596552849e+01,2.028212173702195287e+01,3.151030905719380271e-01
4.728821544349193573e+01,2.029012173507362604e+01,3.151030905864899978e-01
4.732621544227004051e+01,2.030412173643708229e+01,2.981030906375963241e-01
4.734521543793380260e+01,2.031112173292785883e+01,2.801030906484811567e-01
4.738321543298661709e+01,2.032512172963470221e+01,2.631030906559316818e-01
4.742121542803943157e+01,2.033812172990292311e+01,2.451030906595406123e-01
4.744021542929112911e+01,2.034412173181772232e+01,2.281030906669909708e-01
4.748021542467176914e+01,2.035612172866240144e+01,2.281030906524392776e-01
4.751921541988849640e+01,2.036812172736972570e+01,2.281030906524392776e-01
4.755821542069315910e+01,2.038012172980234027e+01,2.101030906633241102e-01
4.757821541838347912e+01,2.038612172938883305e+01,2.101030906560481526e-01
4.765721542201936245e+01,2.040812172880396247e+01,1.931030906453087559e-01
4.767721542157232761e+01,2.041412172652781010e+01,1.931030906380328815e-01
4.769721542298793793e+01,2.041912172455340624e+01,1.931030906416708604e-01
4.773721543326973915e+01,2.042912172758951783e+01,1.751030906816594679e-01
4.775721542909741402e+01,2.043412172608077526e+01,1.751030907071253750e-01
4.779721543006598949e+01,2.044412172632291913e+01,1.751030906816594679e-01
4.783721543289721012e+01,2.045412172377109528e+01,1.581030906927480828e-01
4.787721543200314045e+01,2.046412172587588429e+01,1.581030906963861449e-01
4.791721543297171593e+01,2.047312172781676054e+01,1.401030906963570688e-01
4.793721543997526169e+01,2.047712172754108906e+01,1.401030906927189790e-01
4.797721543908119202e+01,2.048612172622233629e+01,1.231030906819794157e-01
4.799721544049680233e+01,2.049012172827497125e+01,1.231030906928936020e-01
4.803721543960273266e+01,2.049812172912061214e+01,1.061030907039821614e-01
4.805721543915569782e+01,2.050112172914668918e+01,8.810309071850465357e-02
4.811721543408930302e+01,2.051012172829359770e+01,7.110309070776565932e-02
4.813721543736755848e+01,2.051312172552570701e+01,7.110309070230869111e-02
4.817721543461084366e+01,2.051912172837182879e+01,7.110309070412768051e-02
4.819721543043851852e+01,2.052112173102796078e+01,5.310309069864160847e-02
4.823721543513238430e+01,2.052612172998487949e+01,5.310309069500362966e-02
4.827721543423831463e+01,2.053112173033878207e+01,5.310309069136575494e-02
4.829753486976822074e+01,2.053313035254357288e+01,3.620268047564643987e-02
4.833753486908972263e+01,2.053713035397231579e+01,3.620268047052370430e-02
4.835753487609326839e+01,2.053913035243749619e+01,3.620268047870922601e-02
4.839753487147390842e+01,2.054313035402446985e+01,1.820268047777062748e-02
4.843753486871719360e+01,2.054713035561144352e+01,1.820268047913486953e-02
4.885753486491739750e+01,2.057913035666570067e+01,1.202680479082118836e-03
4.889953486062586308e+01,2.058213035902008414e+01,1.202680479053697127e-03
4.894253486208617687e+01,2.058413035655394197e+01,1.202680479167383748e-03
4.896353486180305481e+01,2.058613035641610622e+01,1.202680479394757857e-03
4.898453485965728760e+01,2.058713035658001900e+01,1.202680479138962255e-03
4.902653486654162407e+01,2.059013035753741860e+01,1.202680479025275417e-03
4.906853486970067024e+01,2.059313035523518920e+01,1.202680479167383748e-03
4.911053486913442612e+01,2.059513035370036960e+01,1.202680479337914221e-03
4.915053486824035645e+01,2.059813035372644663e+01,1.202680479451600842e-03
4.927453486621379852e+01,2.060713035101071000e+01,1.820268047549689072e-02
4.931653486937284470e+01,2.061013035057112575e+01,1.820268047458739602e-02
4.935853486694395542e+01,2.061313035199418664e+01,1.820268047640638542e-02
4.937953486479818821e+01,2.061513035092502832e+01,1.820268047322315397e-02
4.942153486795723438e+01,2.061813035141676664e+01,1.820268047185891191e-02
4.946353487111628056e+01,2.062213035160675645e+01,1.820268046958517516e-02
4.950553487613797188e+01,2.062513035302981734e+01,1.820268046685669105e-02
4.952653487585484982e+01,2.062713035009801388e+01,1.820268046913042434e-02
4.956853487156331539e+01,2.063013035058975220e+01,1.820268047094941721e-02
4.961053486727178097e+01,2.063413035450503230e+01,1.820268047322315397e-02
4.963153486512601376e+01,2.063613035576418042e+01,1.820268047140416456e-02
4.967353486642241478e+01,2.063913035579025745e+01,1.820268047140416456e-02
4.969453486427664757e+01,2.064113035332411528e+01,1.820268047049466986e-02
4.973653486929833889e+01,2.064513035258278251e+01,1.820268047185891191e-02
4.977853487245738506e+01,2.064813035214319825e+01,1.820268047231365927e-02
4.982053487561643124e+01,2.065113035216927528e+01,1.820268047276840662e-02
4.986253487691283226e+01,2.065513035235926509e+01,1.820268047276840662e-02
4.988353487290441990e+01,2.065613035159185529e+01,1.820268047140416456e-02
4.992553487792611122e+01,2.066013034991919994e+01,1.820268047140416456e-02
4.996753487922251225e+01,2.066313035180792212e+01,1.820268047185891191e-02
4.998853488080203533e+01,2.066513035120442510e+01,1.820268047413264867e-02
5.003053488768637180e+01,2.066913034906610847e+01,1.820268047458739602e-02
5.005153488926589489e+01,2.067013035016134381e+01,1.820268047458739602e-02
5.009353489428758621e+01,2.067413035174831748e+01,1.820268047549689072e-02
5.013553489930927753e+01,2.067813035054132342e+01,1.820268047731588013e-02
5.017753489501774311e+01,2.068113035056740046e+01,1.820268047777062748e-02
5.019853490218520164e+01,2.068313035042956471e+01,1.820268047868012218e-02
5.028253489919006824e+01,2.069013035064563155e+01,1.820268047822537483e-02
5.030353489890694618e+01,2.069213034911081195e+01,1.820268047777062748e-02
5.034553490206599236e+01,2.069513034867122769e+01,1.820268047595163807e-02
5.036653490364551544e+01,2.069713034806773067e+01,1.820268047367790132e-02
5.040853490680456161e+01,2.070113035012036562e+01,1.820268047413264867e-02
5.045153490453958511e+01,2.070413035107776523e+01,1.820268047595163807e-02
5.049253489822149277e+01,2.070813035406172276e+01,1.820268047458739602e-02
5.051253490149974823e+01,2.070913035795092583e+01,1.820268047686113277e-02
5.055253490060567856e+01,2.071213035844266415e+01,1.202680476893647210e-03
5.059453489631414413e+01,2.071513035846874118e+01,1.202680476950490629e-03
5.061553490534424782e+01,2.071613035909831524e+01,1.202680476922068920e-03
5.065753490850329399e+01,2.071913036145269871e+01,1.202680476751538446e-03
5.067753491550683975e+01,2.072013036161661148e+01,1.202680476865225501e-03
5.071953491866588593e+01,2.072313036303967237e+01,1.202680476836803791e-03
5.075453492626547813e+01,2.072513036755844951e+01,1.202680476779960372e-03
5.076353491842746735e+01,2.072513036429882050e+01,1.820268047731588013e-02
5.079353491216897964e+01,2.072813036339357495e+01,3.620268047689023660e-02
5.083453490957617760e+01,2.073213036125525832e+01,3.620268047416175250e-02
5.087653490900993347e+01,2.073613036097958684e+01,3.620268047052376675e-02
5.089653490483760834e+01,2.073813036084175110e+01,3.620268047779973131e-02
5.093653489649295807e+01,2.074213036010041833e+01,1.820268047731588013e-02
5.095653489977121353e+01,2.074413035763427615e+01,1.820268047913486953e-02
5.099653489515185356e+01,2.074813035828992724e+01,1.820268047913486953e-02
5.103653489425778389e+01,2.075113035924732685e+01,1.820268047913486953e-02
5.107653489708900452e+01,2.075313035864382982e+01,1.202680479138962255e-03
5.111653488874435425e+01,2.075513036083430052e+01,-1.679731951753637986e-02
5.113653488084673882e+01,2.075613036192953587e+01,-1.679731951662688169e-02
5.117653487622737885e+01,2.075813035992905498e+01,-3.379731950735731516e-02
5.119653486832976341e+01,2.075813036132603884e+01,-3.379731950917630456e-02
5.123653486743569374e+01,2.075913036148995161e+01,-3.379731951554276748e-02
5.125653486326336861e+01,2.075913036474958062e+01,-3.379731951099529397e-02
5.129653485864400864e+01,2.076013036770746112e+01,-3.379731951463327277e-02
5.133653485774993896e+01,2.076013036631047726e+01,-3.379731951008579927e-02
5.135653486102819443e+01,2.076013036631047726e+01,-3.379731951372377807e-02
5.139653486385941505e+01,2.076113036554306746e+01,-3.379731951281427643e-02
5.145653485879302025e+01,2.076313036261126399e+01,-3.379731951827125158e-02
5.147653486952185631e+01,2.076413036137819290e+01,-3.379731951645226218e-02
5.151653487235307693e+01,2.076513036293908954e+01,-1.679731951253415900e-02
5.153653487190604210e+01,2.076613036170601845e+01,-1.679731951344365370e-02
5.157853487879037857e+01,2.076813036063686013e+01,-1.679731951480789576e-02
5.159953486546874046e+01,2.076913036126643419e+01,-1.679731951435314841e-02
5.164153486862778664e+01,2.077113036019727588e+01,-1.679731951389839759e-02
5.170453486964106560e+01,2.077413035696372390e+01,-1.679731951799112721e-02
5.174653487280011177e+01,2.077613035589456558e+01,-1.679731951799112721e-02
5.178853486105799675e+01,2.077813035622239113e+01,-1.679731951662688169e-02
5.180953487008810043e+01,2.077913035545498133e+01,-1.679731952208385684e-02
5.185153486579656601e+01,2.078113035438582301e+01,-1.679731952117435867e-02
5.187253486365079880e+01,2.078213035408407450e+01,-1.679731952026486397e-02
5.191453485563397408e+01,2.078413035348057747e+01,-1.679731952026486397e-02
5.195653484761714935e+01,2.078613035380840302e+01,-1.679731951844587109e-02
5.197753484174609184e+01,2.078713035490363836e+01,-1.679731952071961132e-02
5.201953484117984772e+01,2.078913035895675421e+01,-1.679731952071961132e-02
5.204053483903408051e+01,2.079013035958632827e+01,-1.679731951981011662e-02
5.208253483846783638e+01,2.079213035851716995e+01,-1.679731952071961132e-02
5.214553483575582504e+01,2.079513035668060184e+01,-1.679731952253860072e-02
5.216653482615947723e+01,2.079613035544753075e+01,-1.679731952663133035e-02
5.220853482931852341e+01,2.079813035391271114e+01,-1.679731952481234095e-02
5.222953482717275620e+01,2.079913035174831748e+01,-1.679731951890062192e-02
5.229253483191132545e+01,2.080213034991174936e+01,-1.679731952117435867e-02
5.231253483146429062e+01,2.080313034867867827e+01,-1.679731952071961132e-02
5.233253483101725578e+01,2.080413034744560719e+01,-1.679731952026486397e-02
5.237253483384847641e+01,2.080613034823909402e+01,-1.679731952162910602e-02
5.243253483623266220e+01,2.080913034826517105e+01,-1.679731951981011662e-02
5.245253483578562737e+01,2.081013034656643867e+01,-3.379731951736175688e-02
5.247253484278917313e+01,2.081113034626469016e+01,-3.379731951827125158e-02
5.251253484189510345e+01,2.081213034363463521e+01,-3.379731952009024099e-02
5.253253483399748802e+01,2.081213034316897392e+01,-3.379731952190923039e-02
5.257253482937812805e+01,2.081313034566119313e+01,-5.179731952193833422e-02
5.259253482520580292e+01,2.081313034798949957e+01,-5.179731952739530243e-02
5.263253482803702354e+01,2.081313034612685442e+01,-5.179731952921429183e-02
5.265253483504056931e+01,2.081313034798949957e+01,-5.179731952921429183e-02
5.271253483369946480e+01,2.081313034566119313e+01,-6.879731953995360527e-02
5.273253484070301056e+01,2.081313034612685442e+01,-6.879731954904855229e-02
5.279253483563661575e+01,2.081313034845516086e+01,-8.598262671876000240e-02
5.281253483518958092e+01,2.081313034659251571e+01,-8.598262672057899181e-02
5.285353484004735947e+01,2.081313034659251571e+01,-8.598262673149292823e-02
5.287453483790159225e+01,2.081313034566119313e+01,-8.598262673513090704e-02
5.291653484478592873e+01,2.081313034798949957e+01,-8.598262673513090704e-02
5.293653484806418419e+01,2.081313034798949957e+01,-8.598262674422585405e-02
5.296853484958410263e+01,2.081313034659251571e+01,-8.598262674422585405e-02
5.297753484919667244e+01,2.081313034612685442e+01,-6.898262675349542405e-02
5.300553485006093979e+01,2.081313034752383828e+01,-5.179731957105104811e-02
5.306653485074639320e+01,2.081313034892082214e+01,-5.179731957105104811e-02
5.308653485402464867e+01,2.081313035078346729e+01,-5.179731956923206565e-02
5.312653484940528870e+01,2.081313034845516086e+01,-3.379731956465548137e-02
5.314653484150767326e+01,2.081413034768775105e+01,-3.379731956192699033e-02
5.318753484636545181e+01,2.081513034598901868e+01,-3.379731956738396548e-02
5.320853483304381371e+01,2.081513034552335739e+01,-3.379731957465993003e-02
5.324953483045101166e+01,2.081713034352287650e+01,-3.379731956738396548e-02
5.327053482830524445e+01,2.081713034072890878e+01,-3.379731957193143899e-02
5.337553483620285988e+01,2.082213034247979522e+01,-1.679731956755858846e-02
5.339653483778238297e+01,2.082313034357503057e+01,-1.679731956801333581e-02
5.341753483936190605e+01,2.082413034560158849e+01,-1.679731956937758133e-02
5.346053483709692955e+01,2.082613034453243017e+01,-1.679731956983232521e-02
5.350153483822941780e+01,2.082813034718856215e+01,-1.679731957119656727e-02
5.352153484523296356e+01,2.082913034921512008e+01,-1.679731957028707257e-02
5.356153484806418419e+01,2.083113034907728434e+01,-1.679731957210606544e-02
5.358153484016656876e+01,2.083213034784421325e+01,-1.679731956573959559e-02
5.362153483182191849e+01,2.083413034724071622e+01,1.202680434033709389e-03
5.366153483092784882e+01,2.083613034663721919e+01,1.202680434062131098e-03
5.370153482630848885e+01,2.083813034463673830e+01,1.202680434005287680e-03
5.374153482541441917e+01,2.084113034280017018e+01,1.820268043184114504e-02
5.376153482124209404e+01,2.084213034389540553e+01,1.820268043184114504e-02
5.380153482034802437e+01,2.084613034734502435e+01,1.820268043002215563e-02
5.382153482735157013e+01,2.084813035000115633e+01,1.820268043138639769e-02
5.386153483018279076e+01,2.085213035112246871e+01,3.620268042595854024e-02
5.388153482973575592e+01,2.085413034725934267e+01,3.620268042232055450e-02
5.394453482329845428e+01,2.086013034544885159e+01,3.620268042232055450e-02
5.396553482860326767e+01,2.086213034810498357e+01,3.620268042141105980e-02
5.400553483143448830e+01,2.086613034736365080e+01,5.320268042123643681e-02
5.404553483426570892e+01,2.087013034895062447e+01,5.320268042305542622e-02
5.406553483754396439e+01,2.087213035067543387e+01,5.320268042487442256e-02
5.410553484410047531e+01,2.087713035428896546e+01,5.320268041214148980e-02
5.412553485110402107e+01,2.088013035152107477e+01,5.320268041032250039e-02
5.416553485393524170e+01,2.088513035001233220e+01,7.120268039216169631e-02
5.418653484806418419e+01,2.088813035096973181e+01,7.120268041217059363e-02
5.422753484547138214e+01,2.089413034869357944e+01,7.120268040853261482e-02
5.426853483542799950e+01,2.090013034688308835e+01,7.120268040125665721e-02
5.431053484231233597e+01,2.090613034507259727e+01,7.120268038852373138e-02
5.435153484344482422e+01,2.091213034326210618e+01,8.820268036652123556e-02
5.437253484874963760e+01,2.091513034515082836e+01,8.820268037925416138e-02
5.441453484818339348e+01,2.092113034566864371e+01,8.820268037925416138e-02
5.445653485134243965e+01,2.092713034199550748e+01,8.820268038107315078e-02
5.447653485462069511e+01,2.093013034388422966e+01,8.820268038289214019e-02
5.451653485745191574e+01,2.093613034440204501e+01,8.820268038653011899e-02
5.455653485655784607e+01,2.094213034445419908e+01,8.820268038834910840e-02
5.457653485983610153e+01,2.094513034354895353e+01,8.820268038107315078e-02
5.461753485724329948e+01,2.095113034034147859e+01,8.820268039744405542e-02
5.465853486210107803e+01,2.095713033992797136e+01,8.820268040472001303e-02
5.467953486368060112e+01,2.096013033902272582e+01,7.120268041035160422e-02
5.471953485533595085e+01,2.096613033814355731e+01,7.120268040671362542e-02
5.473953485488891602e+01,2.096913033723831177e+01,7.120268040671362542e-02
5.477953486144542694e+01,2.097513033496215940e+01,7.120268041217059363e-02
5.479953486844897270e+01,2.097813033824786544e+01,7.120268041217059363e-02
5.483953486010432243e+01,2.098413033830001950e+01,7.120268040853261482e-02
5.487953485548496246e+01,2.098913033492863178e+01,5.320268040668452159e-02
5.493953485786914825e+01,2.099613033700734377e+01,5.320268040850351099e-02
5.497953486070036888e+01,2.100113033782690763e+01,5.320268040668452159e-02
5.501953486353158951e+01,2.100513033987954259e+01,3.620268040140217636e-02
5.505953486263751984e+01,2.100913034006953239e+01,3.620268039867369225e-02
5.507953486591577530e+01,2.101113033853471279e+01,3.620268040231167106e-02
5.512153486162424088e+01,2.101513033639639616e+01,3.620268040413066046e-02
5.516353485733270645e+01,2.101913033798336983e+01,1.820268040091832518e-02
5.518453486263751984e+01,2.102113034017384052e+01,1.820268040364680928e-02
5.522653485834598541e+01,2.102513033989816904e+01,1.820268040137307253e-02
5.524753485992550850e+01,2.102713033976033330e+01,1.820268040273731458e-02
5.528953485935926437e+01,2.103113033808767796e+01,1.820268040228256723e-02
5.533053486049175262e+01,2.103513033967465162e+01,1.820268040319206193e-02
5.537053485959768295e+01,2.103913033800199628e+01,1.820268040228256723e-02
5.539053485915064812e+01,2.104113033879548311e+01,1.820268040273731458e-02
5.541053486615419388e+01,2.104313034052029252e+01,1.820268040319206193e-02
5.545053486526012421e+01,2.104713034024462104e+01,3.620268039685470285e-02
5.549153485521674156e+01,2.105113033903762698e+01,3.620268039867369225e-02
5.551153485849499702e+01,2.105313033703714609e+01,3.620268039867369225e-02
5.555353485792875290e+01,2.105713033955544233e+01,3.620268039594520815e-02
5.559553484991192818e+01,2.106113033881410956e+01,3.620268040140217636e-02
5.565853485092520714e+01,2.106713033840060234e+01,3.620268040140217636e-02
5.567953485623002052e+01,2.106913034012541175e+01,3.620268039867369225e-02
5.570053486153483391e+01,2.107113034138455987e+01,3.620268039776419755e-02
5.574253485724329948e+01,2.107513034157454967e+01,3.620268039776419755e-02
5.578453486040234566e+01,2.107913034176453948e+01,3.620268039412621874e-02
5.580553486198186874e+01,2.108113034348934889e+01,3.620268039230722934e-02
5.584753485396504402e+01,2.108513034274801612e+01,3.620268038775975583e-02
5.586753484606742859e+01,2.108713034354150295e+01,3.620268038685026113e-02
5.589453484490513802e+01,2.108913034247234464e+01,3.620268038139329292e-02
5.591453484073281288e+01,2.109113034140318632e+01,3.620268038594076643e-02
5.593653483688831329e+01,2.109313034126535058e+01,3.620268038503127173e-02
5.594753483682870865e+01,2.109413034142926335e+01,3.620268038139329292e-02
5.596653483062982559e+01,2.109613034129142761e+01,3.620268038048379822e-02
5.597453483194112778e+01,2.109713034145534039e+01,3.620268037320784060e-02
5.598353483527898788e+01,2.109713034378364682e+01,3.620268037138885120e-02
5.598453483358025551e+01,2.109713034471496940e+01,3.620268036866036709e-02
5.598553482815623283e+01,2.109713034424930811e+01,7.120268037215284063e-02
5.598653483763337135e+01,2.109713034238666296e+01,1.402026803734770510e-01
5.598653484135866165e+01,2.109713034518063068e+01,1.402026803771150298e-01
5.598653483763337135e+01,2.109713034378364682e+01,1.402026803734770510e-01
5.598953483626246452e+01,2.109713034844025970e+01,1.402026803734770510e-01
5.599053483083844185e+01,2.109713034844025970e+01,1.402026803734770510e-01
5.599353482574224472e+01,2.109713035216554999e+01,1.402026803953049239e-01
5.599453483149409294e+01,2.109713035263121128e+01,1.402026803916669728e-01
5.599853483960032463e+01,2.109713035216554999e+01,1.232026803918415681e-01
5.600253484025597572e+01,2.109713035216554999e+01,1.232026803882035892e-01
5.600453484430909157e+01,2.109713035309687257e+01,1.232026803809276455e-01
5.600753484666347504e+01,2.109713035263121128e+01,1.062026803883782122e-01
5.601353484764695168e+01,2.109713035402819514e+01,8.820268040653900243e-02
5.601753485202789307e+01,2.109713035589084029e+01,8.820268038834910840e-02
5.601953485980629921e+01,2.109713035495951772e+01,7.120268039034273466e-02
5.602353486791253090e+01,2.109713035775348544e+01,5.320268039940856397e-02
5.602553487569093704e+01,2.109713035542517900e+01,5.320268039213260636e-02
5.602953486889600754e+01,2.109713035542517900e+01,3.620268039139773464e-02
5.603153486549854279e+01,2.109713035728782415e+01,3.620268039048823994e-02
5.603553486615419388e+01,2.109713035402819514e+01,1.820268038818539935e-02
5.603953486308455467e+01,2.109713035216554999e+01,1.820268038818539935e-02
5.604353485628962517e+01,2.109713035169988871e+01,1.820268039045913611e-02
5.604753485694527626e+01,2.109713035449385643e+01,1.820268039227812551e-02
5.604953485727310181e+01,2.109713035635650158e+01,1.820268038954963793e-02
5.605353485420346260e+01,2.109713035868480802e+01,1.820268039227812551e-02
5.605653486028313637e+01,2.109713036101311445e+01,1.820268039182337816e-02
5.606153485551476479e+01,2.109713036008179188e+01,1.820268039045913611e-02
5.606553485989570618e+01,2.109713036147877574e+01,1.820268039364236756e-02
5.607153486087918282e+01,2.109713036101311445e+01,1.820268039409711491e-02
5.607453485578298569e+01,2.109713036054745317e+01,1.820268039455186226e-02
5.608053485304117203e+01,2.109713036008179188e+01,1.820268039637085167e-02
5.608453485369682312e+01,2.109713035868480802e+01,1.820268039591610432e-02
5.609253484755754471e+01,2.109713035821914673e+01,1.820268039591610432e-02
5.609653485938906670e+01,2.109713036008179188e+01,1.820268039546135697e-02
5.610453486070036888e+01,2.109713036194443703e+01,1.820268039546135697e-02
5.610853485763072968e+01,2.109713036473840475e+01,1.820268039546135697e-02
5.611953485012054443e+01,2.109813036303967237e+01,1.820268039500660961e-02
5.613253485038876534e+01,2.109813036443665624e+01,1.820268039455186226e-02
5.613953484967350960e+01,2.109813036443665624e+01,1.820268039455186226e-02
5.615353486314415932e+01,2.109913036460056901e+01,1.820268039500660961e-02
5.616653487458825111e+01,2.110013036662712693e+01,1.820268039591610432e-02
5.618053487688302994e+01,2.110013036755844951e+01,1.820268039591610432e-02
5.618753487616777420e+01,2.110113036818802357e+01,1.820268039500660961e-02
5.619453487545251846e+01,2.110113036632537842e+01,1.820268039273287286e-02
5.621353486925363541e+01,2.110313036339357495e+01,3.620268039139773464e-02
5.624153486266732216e+01,2.110513036279007792e+01,3.620268039230722934e-02
5.625853486359119415e+01,2.110713036218658090e+01,3.620268039412621874e-02
5.629653486981987953e+01,2.111113036377355456e+01,3.620268039412621874e-02
5.633753486350178719e+01,2.111513036396354437e+01,3.620268038775975583e-02
5.635853486135601997e+01,2.111713036429136992e+01,3.620268038139329292e-02
5.642053485289216042e+01,2.112313036480918527e+01,3.620268038412177009e-02
5.644153485819697380e+01,2.112513036280870438e+01,3.620268039503571345e-02
5.648353485390543938e+01,2.112913036299869418e+01,3.620268039048823994e-02
5.650453485548496246e+01,2.113113036332651973e+01,3.620268038775975583e-02
5.654653485119342804e+01,2.113513036537915468e+01,3.620268038230278762e-02
5.658853485435247421e+01,2.114013036573305726e+01,3.620268038594076643e-02
5.660953484848141670e+01,2.114213036606088281e+01,5.320268038121866994e-02
5.665153485536575317e+01,2.114613036485388875e+01,5.320268038121866994e-02
5.671453484892845154e+01,2.115213036816567183e+01,5.320268038303766628e-02
5.673453484848141670e+01,2.115413036802783608e+01,3.620268038139329292e-02
5.675453484058380127e+01,2.115613036882132292e+01,3.620268038594076643e-02
5.679453484341502190e+01,2.116013036761432886e+01,3.620268038775975583e-02
5.681453483924269676e+01,2.116213036654517055e+01,3.620268038866925053e-02
5.689453483000397682e+01,2.117013036645948887e+01,3.620268039048823994e-02
5.691453482583165169e+01,2.117213036492466927e+01,3.620268038866925053e-02
5.693553482368588448e+01,2.117413036245852709e+01,3.620268039594520815e-02
5.697653482481837273e+01,2.117813036171719432e+01,1.820268039773509372e-02
5.700853483378887177e+01,2.118113035988062620e+01,1.820268039864458842e-02
5.702153484150767326e+01,2.118213035864755511e+01,1.062026803992921486e-01
5.702253483980894089e+01,2.118213036097586155e+01,1.582026804098859429e-01
5.702353484928607941e+01,2.118213036051020026e+01,2.452026803803164234e-01
5.702353484928607941e+01,2.118213036190718412e+01,3.152026803581975400e-01
5.702353484183549881e+01,2.118213035957887769e+01,4.202026803250191733e-01
5.702353484928607941e+01,2.118213035585358739e+01,4.552026802848558873e-01
5.702353485673666000e+01,2.118213035631924868e+01,5.592026803496992216e-01
5.702353485301136971e+01,2.118213035864755511e+01,6.122026803495828062e-01
5.702353485673666000e+01,2.118213035771623254e+01,7.162026803998741142e-01
5.702353485301136971e+01,2.118213035678490996e+01,8.562026804429478943e-01
5.702353484928607941e+01,2.118213035725057125e+01,8.912026805046480149e-01
5.702353484556078911e+01,2.118213035771623254e+01,9.782026805332861841e-01
5.702353484556078911e+01,2.118213035725057125e+01,1.031202680635033175e+00
5.702353483811020851e+01,2.118213035678490996e+01,1.100202680536312982e+00
5.702353482693433762e+01,2.118213036051020026e+01,1.135202680627116933e+00
5.702353482320904732e+01,2.118213036097586155e+01,1.205202680459478870e+00
5.702353482320904732e+01,2.118213036237284541e+01,1.240202680404763669e+00
5.702353482320904732e+01,2.118213036237284541e+01,1.310202680382644758e+00
5.702353482320904732e+01,2.118213036144152284e+01,1.380202680302318186e+00
5.702353481575846672e+01,2.118213036330416799e+01,1.432202680094633251e+00
5.702353481203317642e+01,2.118213036144152284e+01,1.467202680098125711e+00
5.702353480830788612e+01,2.118213036376982927e+01,1.519202680210582912e+00
5.702353481203317642e+01,2.118213036749511957e+01,1.572202680079499260e+00
5.702353481575846672e+01,2.118213036842644215e+01,1.607202679966576397e+00
5.702353481203317642e+01,2.118213036982342601e+01,1.641202679777052253e+00
5.702353480830788612e+01,2.118213036749511957e+01,1.676202679926063865e+00
5.702353480830788612e+01,2.118213036749511957e+01,1.711202679842244834e+00
5.702353481203317642e+01,2.118213036656379700e+01,1.764202679856680334e+00
5.702353481203317642e+01,2.118213036749511957e+01,1.799202679831068963e+00
5.702353481575846672e+01,2.118213037028908730e+01,1.816202679765410721e+00
5.702353480830788612e+01,2.118213036935776472e+01,1.868202679906971753e+00
5.702353481203317642e+01,2.118213036842644215e+01,1.903202679764945060e+00
5.702353481575846672e+01,2.118213036889210343e+01,1.903202679881360382e+00
5.702353480458259583e+01,2.118213036749511957e+01,1.938202679972164333e+00
5.702353480830788612e+01,2.118213036749511957e+01,1.956202679721172899e+00
5.702353480830788612e+01,2.118213037122040987e+01,1.973202679539099336e+00
5.702053480222821236e+01,2.118813037034124136e+01,2.008202679397072643e+00
5.700453479588031769e+01,2.121213036961853504e+01,2.113202679436653852e+00
5.698053478449583054e+01,2.124213036941364408e+01,2.235202679352369159e+00
5.696653479337692261e+01,2.125613037077710032e+01,2.305202679242938757e+00
5.693653478845953941e+01,2.128113037208095193e+01,2.444202679034788162e+00
5.688553478196263313e+01,2.131113037373870611e+01,2.619202679197769612e+00
5.684853478521108627e+01,2.132613037433475256e+01,2.741202679113484919e+00
5.682853477820754051e+01,2.133213037112727761e+01,2.811202679178677499e+00
5.678853477910161018e+01,2.134113037073984742e+01,2.916202679043635726e+00
5.674853477627038956e+01,2.134513037186115980e+01,3.020202679093927145e+00
5.670853477343916893e+01,2.134513037092983723e+01,3.107202679035253823e+00
5.668853476271033287e+01,2.134413037169724703e+01,-3.140982627926860005e+00
5.662853475287556648e+01,2.133713036868721247e+01,-3.052982627821620554e+00
5.660853476077318192e+01,2.133413036633282900e+01,-3.035982628294732422e+00
5.658853476122021675e+01,2.133013036428019404e+01,-3.017982628836762160e+00
5.656853476166725159e+01,2.132613036641851068e+01,-3.000982628786005080e+00
5.652853476628661156e+01,2.131713036773726344e+01,-2.965982628869824111e+00
5.648853476718068123e+01,2.130713036796078086e+01,-2.948982629051897675e+00
5.641053476557135582e+01,2.128313036728650331e+01,-2.913982629484962672e+00
5.637153476104140282e+01,2.127013036701828241e+01,-2.878982629510574043e+00
5.635153476148843765e+01,2.126313036633655429e+01,-2.878982629859820008e+00
5.631353475898504257e+01,2.124913036730140448e+01,-2.843982629827223718e+00
5.629453475773334503e+01,2.124213036382570863e+01,-2.843982630060054362e+00
5.625653475522994995e+01,2.122813036106526852e+01,-2.825982630020007491e+00
5.623853475973010063e+01,2.122013036161661148e+01,-2.808982630202081054e+00
5.620053476095199585e+01,2.120413036271929741e+01,-2.808982630085665733e+00
5.616253476962447166e+01,2.118813036428764462e+01,-2.791982629860285670e+00
5.614453476667404175e+01,2.118013036763295531e+01,-2.791982630267739296e+00
5.610753476619720459e+01,2.116413037059828639e+01,-2.773982630227692425e+00
5.605353477597236633e+01,2.114013036852702498e+01,-2.773982629994861782e+00
5.603453476727008820e+01,2.113213037000969052e+01,-2.773982630053069443e+00
5.601653476431965828e+01,2.112413036823272705e+01,-2.773982630053069443e+00
5.599853476509451866e+01,2.111613036924973130e+01,-2.773982630518730730e+00
5.596453476697206497e+01,2.110013036895543337e+01,-2.773982630344107747e+00
5.593653476610779762e+01,2.108713036635890603e+01,-2.791982630151323974e+00
5.592053477093577385e+01,2.108013036800548434e+01,-2.791982629627455026e+00
5.591353477165102959e+01,2.107713036751374602e+01,-2.791982629336416721e+00
5.590353476628661156e+01,2.107313036732375622e+01,-2.791982629569247365e+00
5.589253476262092590e+01,2.106813036696985364e+01,-2.791982629743870348e+00
5.588253476470708847e+01,2.106413036724552512e+01,-2.808982630085665733e+00
5.587853475660085678e+01,2.106313036335632205e+01,-2.808982630202081054e+00
5.587553476542234421e+01,2.106213036319240928e+01,-2.825982630311045796e+00
5.586953476443886757e+01,2.106013036426156759e+01,-2.843982630118262023e+00
5.586153477057814598e+01,2.105813036300241947e+01,-2.860982630110811442e+00
5.585953477025032043e+01,2.105713036516681314e+01,-2.878982629743404686e+00
5.585453476756811142e+01,2.105513036577031016e+01,-2.878982629394158721e+00
5.585053477436304092e+01,2.105413036840036511e+01,-2.878982629044912755e+00
5.584353477880358696e+01,2.105213036667555571e+01,-2.878982629044912755e+00
5.584053478017449379e+01,2.105113036837428808e+01,-2.878982629394158721e+00
5.584053478017449379e+01,2.105113036930561066e+01,-2.878982629277743399e+00
5.583653478696942329e+01,2.105013036960735917e+01,-2.878982629452366382e+00
5.583353478834033012e+01,2.104913036897778511e+01,-2.878982629859820008e+00
5.582753479108214378e+01,2.104713036911562085e+01,-2.878982629510574043e+00
5.582553479075431824e+01,2.104713036818429828e+01,-2.878982629859820008e+00
5.582053478807210922e+01,2.104513036599382758e+01,-2.825982630020007491e+00
5.581653478369116783e+01,2.104313036287203431e+01,-2.756982630118727684e+00
5.581553479284048080e+01,2.104313036473467946e+01,-2.581982630130369216e+00
5.581553479284048080e+01,2.104313036194071174e+01,-2.511982630006968975e+00
5.581553478911519051e+01,2.104313036287203431e+01,-2.372982629807665944e+00
5.581553479284048080e+01,2.104313036380335689e+01,-2.302982629975304008e+00
5.581553479656577110e+01,2.104313036100938916e+01,-2.249982629902660847e+00
5.581353478878736496e+01,2.104113035788759589e+01,-2.249982629786245525e+00
5.581153478473424911e+01,2.103813035786151886e+01,-2.267982629768084735e+00
5.580753478035330772e+01,2.103213035874068737e+01,-2.284982629993464798e+00
5.580153478309512138e+01,2.102413035975769162e+01,-2.319982630142476410e+00
5.579653478041291237e+01,2.101713035907596350e+01,-2.372982630273327231e+00
5.579453477635979652e+01,2.101413036184385419e+01,-2.424982630007434636e+00
5.579353476688265800e+01,2.101313036354258657e+01,-2.459982629865407944e+00
5.578953476622700691e+01,2.100913036288693547e+01,-2.511982629832345992e+00
5.578553476929664612e+01,2.100613036053255200e+01,-2.529982629814185202e+00
5.578353476524353027e+01,2.100413036020472646e+01,-2.494982630014419556e+00
5.578253476321697235e+01,2.100313036143779755e+01,-2.407982629723846912e+00
5.578253475949168205e+01,2.100313036283478141e+01,-2.354982629767619073e+00
5.578253475949168205e+01,2.100313036376610398e+01,-2.249982629844453186e+00
5.578053475916385651e+01,2.100013036653399467e+01,-2.249982630193699151e+00
5.577153475955128670e+01,2.098813036922365427e+01,-2.284982630168087780e+00
5.576553476229310036e+01,2.098113037087023258e+01,-2.302982629917096347e+00
5.575253475829958916e+01,2.096513037197291851e+01,-2.354982630116865039e+00
5.573853476718068123e+01,2.095013037417083979e+01,-2.424982630065642297e+00
5.573053476586937904e+01,2.094313037255778909e+01,-2.459982630040030926e+00
5.571653475612401962e+01,2.093013037461787462e+01,-2.511982629657723010e+00
5.570953475683927536e+01,2.092513037193566561e+01,-2.546982629806734622e+00
5.569753476604819298e+01,2.091613037418574095e+01,-2.529982629639562219e+00
5.569353476911783218e+01,2.091213037446141243e+01,-2.441982629767153412e+00
5.569253477454185486e+01,2.091213037213310599e+01,-2.319982630200684071e+00
5.569353478029370308e+01,2.091313037695363164e+01,-2.197982630168553442e+00
5.569553477317094803e+01,2.091713037528097630e+01,-2.180982630234211683e+00
5.568853478133678436e+01,2.090513037471100688e+01,-2.197982630226761103e+00
5.568353478237986565e+01,2.089713037572801113e+01,-2.215982630557846278e+00
5.567253477871417999e+01,2.088113037822768092e+01,-2.249982630310114473e+00
5.566653477400541306e+01,2.087313037877902389e+01,-2.284982630168087780e+00
5.565253476798534393e+01,2.085713038127869368e+01,-2.354982630000449717e+00
5.563853476941585541e+01,2.084113038331270218e+01,-2.424982630065642297e+00
5.561753477901220322e+01,2.082113038375973701e+01,-2.494982630189042538e+00
5.560353478044271469e+01,2.080913038412109017e+01,-2.529982630221638829e+00
5.557153477519750595e+01,2.078513038530945778e+01,-2.581982630479615182e+00
5.553853477165102959e+01,2.076313038310036063e+01,-2.633982630330137908e+00
5.552153477072715759e+01,2.075213038083165884e+01,-2.668982629664242268e+00
5.548653476685285568e+01,2.073213038314133883e+01,-2.721982630027923733e+00
5.545053476840257645e+01,2.071413038438186049e+01,-2.756982629594858736e+00
5.543153477460145950e+01,2.070513038290664554e+01,-2.773982629994861782e+00
5.539453477039933205e+01,2.068913037888705730e+01,-2.808982630260288715e+00
5.535653476044535637e+01,2.067413037968799472e+01,-2.825982629787176847e+00
5.531853475794196129e+01,2.066013038251549006e+01,-2.860982629819773138e+00
5.529953474923968315e+01,2.065313037997111678e+01,-2.860982630169019103e+00
5.526153474673628807e+01,2.063913038186728954e+01,-2.878982630267273635e+00
5.522353474050760269e+01,2.062613038485869765e+01,-2.895982629968784750e+00
5.520353474095463753e+01,2.061913038557395339e+01,-2.895982629852369428e+00
5.516453473642468452e+01,2.060613038716837764e+01,-2.895982629910577089e+00
5.512553473934531212e+01,2.059413038566708565e+01,-2.913982630299869925e+00
5.510553474351763725e+01,2.058813038375228643e+01,-2.913982630765531212e+00
5.506653473898768425e+01,2.057613038271665573e+01,-2.913982630940154195e+00
5.502753474190831184e+01,2.056413038307800889e+01,-2.930982630816288292e+00
5.498853474110364914e+01,2.055313038127496839e+01,-2.930982630641665310e+00
5.496853474155068398e+01,2.054713038261979818e+01,-2.930982630641665310e+00
5.492953474447131157e+01,2.053613038500770926e+01,-2.948982631089165807e+00
5.490953474119305611e+01,2.053013038262724876e+01,-2.948982631205581129e+00
5.484953474253416061e+01,2.051513038203120232e+01,-2.948982631205581129e+00
5.480953473597764969e+01,2.050513038085773587e+01,-2.965982630965299904e+00
5.477753473818302155e+01,2.049713038234040141e+01,-2.983982630772516131e+00
5.476553474739193916e+01,2.049413038184866309e+01,-3.052982630673795938e+00
5.476353475823998451e+01,2.049413038045167923e+01,-3.140982630313374102e+00
5.476353475451469421e+01,2.049413037905469537e+01,3.090202676947228611e+00
5.476353475823998451e+01,2.049413038091734052e+01,3.003202677064109594e+00
5.476353476196527481e+01,2.049413038045167923e+01,2.898202676908113062e+00
5.476353476569056511e+01,2.049413037952035666e+01,2.846202676999382675e+00
5.476353476196527481e+01,2.049413037952035666e+01,2.758202676603104919e+00
5.476353476569056511e+01,2.049413038045167923e+01,2.724202676734421402e+00
5.476353475823998451e+01,2.049413037812337279e+01,2.584202676662243903e+00
5.476353476196527481e+01,2.049413038091734052e+01,2.549202676920685917e+00
5.476353476569056511e+01,2.049413037812337279e+01,2.462202677153982222e+00
5.476353476196527481e+01,2.049413037952035666e+01,2.427202677354216576e+00
5.476353477314114571e+01,2.049413038091734052e+01,2.357202677172608674e+00
5.476353477314114571e+01,2.049413037858903408e+01,2.287202676758170128e+00
5.476353477314114571e+01,2.049413037719205022e+01,2.252202676609158516e+00
5.476353478059172630e+01,2.049413037532940507e+01,2.200202676758635789e+00
5.476353478431701660e+01,2.049413037532940507e+01,2.165202676667831838e+00
5.476353478804230690e+01,2.049413037672638893e+01,2.113202676584478468e+00
5.476353478431701660e+01,2.049413037719205022e+01,2.043202676461078227e+00
5.476353479176759720e+01,2.049413037626072764e+01,1.990202676679473370e+00
5.476353479921817780e+01,2.049413037579506636e+01,1.973202676512300968e+00
5.476353480294346809e+01,2.049413037626072764e+01,1.903202676679939032e+00
5.476353480294346809e+01,2.049413037439808249e+01,1.868202676472719759e+00
5.476353480294346809e+01,2.049413037579506636e+01,1.833202676498331130e+00
5.476353481411933899e+01,2.049413037812337279e+01,1.799202676455024630e+00
5.476353482156991959e+01,2.049413038045167923e+01,1.781202676298562437e+00
5.476353482156991959e+01,2.049413037765771151e+01,1.729202676273416728e+00
5.476353482156991959e+01,2.049413037579506636e+01,1.694202676473651081e+00
5.476353482156991959e+01,2.049413037765771151e+01,1.641202676401007921e+00
5.476353482156991959e+01,2.049413037486374378e+01,1.607202676241286099e+00
5.476353482156991959e+01,2.049413037439808249e+01,1.589202675968408585e+00
5.476353482156991959e+01,2.049413037393242121e+01,1.554202675935812294e+00
5.476353482156991959e+01,2.049413037113845348e+01,1.537202676117885858e+00
5.476353482156991959e+01,2.049413037206977606e+01,1.519202676106942818e+00
5.476353482902050018e+01,2.049413037020713091e+01,1.484202676103450358e+00
5.476353484019637108e+01,2.049413036927580833e+01,1.484202676190761849e+00
5.476353484019637108e+01,2.049413037067279220e+01,1.449202676158165559e+00
5.476353484019637108e+01,2.049513037269935012e+01,1.432202675990993157e+00
5.476553484424948692e+01,2.051313037239015102e+01,1.362202675954904407e+00
5.476853484660387039e+01,2.053013037145137787e+01,1.310202676104381680e+00
5.477953484654426575e+01,2.056813037116080523e+01,1.170202676323242486e+00
5.478653484582901001e+01,2.058713037334382534e+01,1.118202676414512098e+00
5.480353485047817230e+01,2.062313037598505616e+01,9.782026763132307678e-01
5.483853485435247421e+01,2.067113037407398224e+01,7.862026763323228806e-01
5.486553485319018364e+01,2.069913036935031414e+01,6.812026762636378407e-01
5.489653484895825386e+01,2.072513037035241723e+01,5.592026762460591272e-01
5.491353484615683556e+01,2.073713037185370922e+01,5.072026762354653329e-01
5.494853484630584717e+01,2.075813036924228072e+01,4.202026761922752485e-01
5.498553483933210373e+01,2.077513037016615272e+01,3.322026761888992041e-01
5.502353484183549881e+01,2.078913037106394768e+01,2.632026761784800883e-01
5.504353484511375427e+01,2.079513036971911788e+01,2.282026761677116156e-01
5.508353483676910400e+01,2.080613036872819066e+01,1.752026761532761157e-01
5.510353482887148857e+01,2.081113036908209324e+01,1.582026761570887174e-01
5.514353482797741890e+01,2.081913037039339542e+01,1.232026761463202863e-01
5.518353482708334923e+01,2.082613037247210741e+01,8.820267615374177694e-02
5.520353481918573380e+01,2.082913037389516830e+01,8.820267616465571336e-02
5.524353480711579323e+01,2.083413037611171603e+01,5.320267617207719013e-02
5.530353479832410812e+01,2.084113037493079901e+01,3.620267617316130782e-02
5.532353480532765388e+01,2.084313037572428584e+01,3.620267616952332901e-02
5.534353480860590935e+01,2.084513037605211139e+01,3.620267617407080252e-02
5.538353481143712997e+01,2.084913037670776248e+01,1.820267617040371988e-02
5.540353481471538544e+01,2.085113037703558803e+01,1.820267616903947783e-02
5.544453481212258339e+01,2.085513037675991654e+01,1.820267616722048842e-02
5.548553480580449104e+01,2.085813037632033229e+01,1.820267616722048842e-02
5.550553480908274651e+01,2.086013037851080298e+01,1.202676167295635640e-03
5.554453480243682861e+01,2.086213037883862853e+01,1.202676167167737731e-03
5.555753479897975922e+01,2.086313037853688002e+01,1.202676167082472602e-03
5.558753480017185211e+01,2.086413038009777665e+01,-1.679732383217924507e-02
5.559853480756282806e+01,2.086413037963211536e+01,-1.679732383126975037e-02
5.561853480711579323e+01,2.086513037933036685e+01,-1.679732383263399589e-02
5.562853481248021126e+01,2.086513037886470556e+01,-1.679732382717702421e-02
5.564753481745719910e+01,2.086513037746772170e+01,-3.379732383109512739e-02
5.566653482988476753e+01,2.086513037746772170e+01,-3.379732383655209560e-02
5.567653483152389526e+01,2.086513037793338299e+01,-3.379732383291411679e-02
5.569553484022617340e+01,2.086513038026168942e+01,-1.679732383354348713e-02
5.572053483873605728e+01,2.086713038058951497e+01,1.402026761679735500e-01
5.572453484311699867e+01,2.086713038058951497e+01,1.932026761642191559e-01
5.572853484749794006e+01,2.086813037982210517e+01,2.632026761712040752e-01
5.574753485247492790e+01,2.087613037740811706e+01,4.552026760648004711e-01
5.576153484731912613e+01,2.088713037548586726e+01,5.592026761005399749e-01
5.577553484588861465e+01,2.089713037665933371e+01,5.422026760643348098e-01
5.578253484144806862e+01,2.090213037841022015e+01,5.422026761516463012e-01
5.579853484779596329e+01,2.091413038037717342e+01,4.902026761992601678e-01
5.582553484663367271e+01,2.093013038113713264e+01,4.022026762104360387e-01
5.583453484624624252e+01,2.093413038132712245e+01,3.672026762724271975e-01
5.584453484788537025e+01,2.093913038028404117e+01,3.322026762980385683e-01
5.586253485083580017e+01,2.094613038096576929e+01,2.632026763167231720e-01
5.587153484672307968e+01,2.094913038145750761e+01,2.282026762986788526e-01
5.589053486287593842e+01,2.095513038383796811e+01,2.632026762294117361e-01
5.590153485909104347e+01,2.095913038495928049e+01,2.982026762110763229e-01
5.592253486439585686e+01,2.096913038147613406e+01,4.202026761922752485e-01
5.593153486773371696e+01,2.097413037950173020e+01,4.722026761592132971e-01
5.598953487724065781e+01,2.104213038040325046e+01,1.031202675978420302e+00
5.599853487312793732e+01,2.106013038102537394e+01,1.100202675850596279e+00
5.600253487378358841e+01,2.106813038233667612e+01,1.083202675887150690e+00
5.601053487136960030e+01,2.108513037767261267e+01,1.118202675861539319e+00
5.601153486594557762e+01,2.109013037430122495e+01,1.135202676028711721e+00
5.601253487169742584e+01,2.109213037556037307e+01,1.153202675952343270e+00
5.601253486052155495e+01,2.109313037479296327e+01,1.170202676032204181e+00
5.601253485307097435e+01,2.109313037293031812e+01,1.205202676035696641e+00
5.601253485307097435e+01,2.109313037293031812e+01,1.223202675930224359e+00
5.601253484562039375e+01,2.109313037386164069e+01,1.240202675893669948e+00
5.601253484934568405e+01,2.109313037618994713e+01,1.275202676013577729e+00
5.601253484562039375e+01,2.109313037293031812e+01,1.275202676042681560e+00
5.601253484934568405e+01,2.109313037805259228e+01,1.310202675929758698e+00
5.601253484562039375e+01,2.109313037851825356e+01,1.327202675834996626e+00
5.601253484934568405e+01,2.109313037805259228e+01,1.345202675991458818e+00
5.601253483816981316e+01,2.109313037618994713e+01,1.380202676024055108e+00
5.601253483816981316e+01,2.109313037339597940e+01,1.397202676191227511e+00
5.601253483071923256e+01,2.109313037525862455e+01,1.415202675998443738e+00
5.601253483444452286e+01,2.109313037572428584e+01,1.449202675838023424e+00
5.601253482699394226e+01,2.109313037525862455e+01,1.467202675790758803e+00
5.601253481581807137e+01,2.109313037386164069e+01,1.484202675841515884e+00
5.601253481581807137e+01,2.109313037479296327e+01,1.519202675815904513e+00
5.601253481209278107e+01,2.109313037339597940e+01,1.519202675757696852e+00
5.601253481581807137e+01,2.109313037339597940e+01,1.519202675815904513e+00
5.601253481581807137e+01,2.109313037572428584e+01,1.519202675845008343e+00
5.601253481581807137e+01,2.109313037665560842e+01,1.519202675903216004e+00
5.601253481581807137e+01,2.109313037944957614e+01,1.519202676048735157e+00
5.601253480836749077e+01,2.109313037851825356e+01,1.519202676077838987e+00
5.601253481209278107e+01,2.109313037944957614e+01,1.519202676223358139e+00
5.601253481209278107e+01,2.109313037851825356e+01,1.519202676223358139e+00
5.601253481581807137e+01,2.109313037898391485e+01,1.519202676165150478e+00
5.601253481581807137e+01,2.109313037898391485e+01,1.519202676136046648e+00
5.601253481581807137e+01,2.109313037712126970e+01,1.519202675990527496e+00
5.601253481581807137e+01,2.109313037898391485e+01,1.502202675852458924e+00
5.601253481581807137e+01,2.109313037805259228e+01,1.502202675881562755e+00
5.601253480836749077e+01,2.109313038131222129e+01,1.502202675765147433e+00
5.601253480464220047e+01,2.109313038317486644e+01,1.502202675794251263e+00
5.601253479719161987e+01,2.109313038317486644e+01,1.502202675823355094e+00
5.601253479719161987e+01,2.109313038084656000e+01,1.502202675881562755e+00
5.601253478974103928e+01,2.109313037991523743e+01,1.502202675706939772e+00
5.601253478229045868e+01,2.109313037618994713e+01,1.502202675852458924e+00
5.601253477856516838e+01,2.109313037479296327e+01,1.502202675765147433e+00
5.601253478229045868e+01,2.109313037339597940e+01,1.502202675881562755e+00
5.601253477856516838e+01,2.109313037386164069e+01,1.502202675765147433e+00
5.601253478229045868e+01,2.109313037618994713e+01,1.502202675677835941e+00
5.601253477856516838e+01,2.109313037432730198e+01,1.502202675648732111e+00
5.601253478229045868e+01,2.109313037572428584e+01,1.502202675736043602e+00
5.601253477856516838e+01,2.109313037339597940e+01,1.502202675852458924e+00
5.601253478229045868e+01,2.109313037293031812e+01,1.502202675648732111e+00
5.601253477483987808e+01,2.109313037199899554e+01,1.502202675706939772e+00
5.601253475993871689e+01,2.109313037199899554e+01,1.502202675794251263e+00
5.601253475248813629e+01,2.109313036827370524e+01,1.502202675794251263e+00
5.601253474503755569e+01,2.109313036594539881e+01,1.502202675968874246e+00
5.601253474131226540e+01,2.109313037060201168e+01,1.502202675968874246e+00
5.601253473386168480e+01,2.109313037106767297e+01,1.502202676027081907e+00
5.601253473386168480e+01,2.109313037153333426e+01,1.502202675968874246e+00
5.601253473758697510e+01,2.109313037106767297e+01,1.502202676056185737e+00
5.601253473013639450e+01,2.109313037060201168e+01,1.502202676201704890e+00
5.601253473013639450e+01,2.109313037153333426e+01,1.502202676405431703e+00
5.601253471523523331e+01,2.109313037153333426e+01,1.502202676521847025e+00
5.601253470778465271e+01,2.109313037106767297e+01,1.502202676492743194e+00
5.601253469660878181e+01,2.109313037246465683e+01,1.502202676580054685e+00
5.601253468915820122e+01,2.109313037106767297e+01,1.502202676434535533e+00
5.601253469288349152e+01,2.109313036967068911e+01,1.502202676405431703e+00
5.601253468543291092e+01,2.109313036967068911e+01,1.502202676667366177e+00
5.601253467798233032e+01,2.109313037246465683e+01,1.502202676783781499e+00
5.601253467798233032e+01,2.109313037060201168e+01,1.502202676754677668e+00
5.601253467798233032e+01,2.109313037060201168e+01,1.502202676841989160e+00
5.601253467425704002e+01,2.109313037013635039e+01,1.502202676783781499e+00
5.601253467798233032e+01,2.109313037246465683e+01,1.502202676871092990e+00
5.601253467798233032e+01,2.109313037199899554e+01,1.502202677045715973e+00
5.601253467798233032e+01,2.109313037013635039e+01,1.502202676958404481e+00
5.601253467798233032e+01,2.109313037106767297e+01,1.502202676987508312e+00
5.601253467798233032e+01,2.109313037199899554e+01,1.502202676900196820e+00
5.601253467425704002e+01,2.109313037013635039e+01,1.502202676900196820e+00
5.601253466680645943e+01,2.109313036967068911e+01,1.502202676900196820e+00
5.601253467053174973e+01,2.109313037106767297e+01,1.502202676900196820e+00
5.601253465935587883e+01,2.109313037060201168e+01,1.502202676987508312e+00
5.601253465935587883e+01,2.109313037246465683e+01,1.502202676958404481e+00
5.601253465190529823e+01,2.109313036873936653e+01,1.502202677074819803e+00
5.601253464818000793e+01,2.109313036920502782e+01,1.502202676841989160e+00
5.601253463700413704e+01,2.109313036827370524e+01,1.502202676725573838e+00
5.601253463327884674e+01,2.109313036687672138e+01,1.502202676754677668e+00
5.601253463327884674e+01,2.109313036687672138e+01,1.502202676871092990e+00
5.601253462955355644e+01,2.109313036641106009e+01,1.502202676900196820e+00
5.601253462582826614e+01,2.109313036780804396e+01,1.502202677045715973e+00
5.601253462210297585e+01,2.109313036873936653e+01,1.502202676900196820e+00
5.601253462582826614e+01,2.109313036734238267e+01,1.502202677074819803e+00
5.601253462210297585e+01,2.109313036780804396e+01,1.502202676841989160e+00
5.601253462210297585e+01,2.109313036687672138e+01,1.502202676783781499e+00
5.601253462582826614e+01,2.109313036687672138e+01,1.502202676783781499e+00
5.601253462210297585e+01,2.109313036687672138e+01,1.502202676580054685e+00
5.601253462582826614e+01,2.109313036967068911e+01,1.502202676521847025e+00
5.601253462210297585e+01,2.109313037246465683e+01,1.502202676638262346e+00
5.601253462582826614e+01,2.109313037060201168e+01,1.502202676987508312e+00
5.601253462210297585e+01,2.109313037106767297e+01,1.502202676929300651e+00
5.601253462582826614e+01,2.109313037199899554e+01,1.502202676871092990e+00
5.601253462210297585e+01,2.109313037153333426e+01,1.502202676929300651e+00
5.601253462210297585e+01,2.109313037339597940e+01,1.502202677074819803e+00
5.601253462582826614e+01,2.109313037525862455e+01,1.502202677016612142e+00
5.601253462210297585e+01,2.109313037618994713e+01,1.502202676987508312e+00
5.601253462582826614e+01,2.109313037199899554e+01,1.502202677074819803e+00
5.601253461465239525e+01,2.109313037199899554e+01,1.502202676900196820e+00
5.601253461465239525e+01,2.109313037106767297e+01,1.502202676929300651e+00
5.601253461465239525e+01,2.109313037013635039e+01,1.502202677045715973e+00
5.601253460720181465e+01,2.109313037106767297e+01,1.502202676987508312e+00
5.601253460720181465e+01,2.109313036967068911e+01,1.502202677074819803e+00
5.601253460720181465e+01,2.109313037199899554e+01,1.502202676987508312e+00
5.601253461092710495e+01,2.109313037060201168e+01,1.502202676929300651e+00
5.601253461092710495e+01,2.109313036920502782e+01,1.502202676783781499e+00
5.601253461092710495e+01,2.109313037060201168e+01,1.502202676841989160e+00
5.601253460720181465e+01,2.109313037013635039e+01,1.502202676841989160e+00
5.601253460720181465e+01,2.109313037106767297e+01,1.502202676521847025e+00
5.601253460720181465e+01,2.109313036967068911e+01,1.502202676492743194e+00
5.601253461092710495e+01,2.109313037153333426e+01,1.502202676550950855e+00
5.601253461092710495e+01,2.109313037339597940e+01,1.502202676492743194e+00
5.601253461092710495e+01,2.109313037386164069e+01,1.502202676463639364e+00
5.601253460720181465e+01,2.109313037432730198e+01,1.502202676492743194e+00
5.601253460347652435e+01,2.109313037525862455e+01,1.502202676667366177e+00
5.601253459602594376e+01,2.109313037665560842e+01,1.502202676754677668e+00
5.601253458857536316e+01,2.109313037944957614e+01,1.502202676667366177e+00
5.601253458857536316e+01,2.109313037618994713e+01,1.502202676812885329e+00
5.601253458857536316e+01,2.109313037525862455e+01,1.502202676900196820e+00
5.601253458857536316e+01,2.109313037479296327e+01,1.502202676929300651e+00
5.601253458857536316e+01,2.109313037246465683e+01,1.502202676987508312e+00
5.601253459230065346e+01,2.109313036920502782e+01,1.502202676958404481e+00
5.601253459230065346e+01,2.109313037246465683e+01,1.502202676929300651e+00
5.601253458857536316e+01,2.109313037060201168e+01,1.502202676929300651e+00
5.601253458857536316e+01,2.109313037199899554e+01,1.502202677016612142e+00
5.601253458857536316e+01,2.109313037246465683e+01,1.502202677045715973e+00
5.601253458485007286e+01,2.109313037106767297e+01,1.502202676958404481e+00
5.601253458112478256e+01,2.109313037199899554e+01,1.502202677045715973e+00
5.601253457367420197e+01,2.109313036827370524e+01,1.502202676812885329e+00
5.601253456622362137e+01,2.109313036501407623e+01,1.502202676667366177e+00
5.601253456249833107e+01,2.109313036361709237e+01,1.502202676580054685e+00
5.601253455877304077e+01,2.109313036222010851e+01,1.502202676550950855e+00
5.601253455504775047e+01,2.109313036361709237e+01,1.502202676434535533e+00
5.601253455877304077e+01,2.109313036547973752e+01,1.502202676550950855e+00
5.601253455132246017e+01,2.109313036734238267e+01,1.502202676521847025e+00
5.601253455132246017e+01,2.109313036641106009e+01,1.502202676405431703e+00
5.601253454387187958e+01,2.109313036687672138e+01,1.502202676492743194e+00
5.601253454387187958e+01,2.109313036641106009e+01,1.502202676550950855e+00
5.601253454387187958e+01,2.109313036547973752e+01,1.502202676405431703e+00
5.601253454387187958e+01,2.109313036687672138e+01,1.502202676550950855e+00
5.601253454387187958e+01,2.109313036873936653e+01,1.502202676376327872e+00
5.601253454387187958e+01,2.109313036967068911e+01,1.502202676143497229e+00
5.601253454387187958e+01,2.109313037199899554e+01,1.502202676085289568e+00
5.601253454387187958e+01,2.109313037293031812e+01,1.502202676027081907e+00
5.601253454014658928e+01,2.109313037665560842e+01,1.502202675881562755e+00
5.601253454387187958e+01,2.109313037944957614e+01,1.502202675881562755e+00
5.601253454387187958e+01,2.109313037851825356e+01,1.502202675823355094e+00
5.601253454387187958e+01,2.109313037851825356e+01,1.502202675736043602e+00
5.601253454387187958e+01,2.109313037898391485e+01,1.502202675939770415e+00
5.601253454387187958e+01,2.109313037712126970e+01,1.502202676056185737e+00
5.601253454759716988e+01,2.109313037851825356e+01,1.502202676114393398e+00
5.601253454014658928e+01,2.109313038084656000e+01,1.502202676027081907e+00
5.601253454014658928e+01,2.109313038457185030e+01,1.502202675852458924e+00
5.601253453642129898e+01,2.109313038596883416e+01,1.502202675910666585e+00
5.601253453269600868e+01,2.109313038364052773e+01,1.502202675852458924e+00
5.601253453642129898e+01,2.109313038224354386e+01,1.502202675736043602e+00
5.601253452524542809e+01,2.109313038503751159e+01,1.502202675648732111e+00
5.601253452152013779e+01,2.109313038550317287e+01,1.502202675648732111e+00
5.601253452152013779e+01,2.109313038690015674e+01,1.502202675474109128e+00
5.601253452152013779e+01,2.109313038876280189e+01,1.502202675648732111e+00
5.601253451779484749e+01,2.109313038783147931e+01,1.502202675590524450e+00
5.601253451406955719e+01,2.109313038783147931e+01,1.502202675503212959e+00
5.601253450289368629e+01,2.109313039015978575e+01,1.502202675474109128e+00
5.601253449544310570e+01,2.109313038969412446e+01,1.502202675706939772e+00
5.601253448799252510e+01,2.109313038969412446e+01,1.502202675736043602e+00
5.601253449171781540e+01,2.109313038922846317e+01,1.502202675765147433e+00
5.601253448426723480e+01,2.109313038922846317e+01,1.502202675823355094e+00
5.601253448426723480e+01,2.109313038783147931e+01,1.502202675823355094e+00
5.601253448054194450e+01,2.109313038922846317e+01,1.502202675881562755e+00
5.601253448054194450e+01,2.109313038922846317e+01,1.502202675736043602e+00
5.601253448054194450e+01,2.109313039062544703e+01,1.502202675823355094e+00
5.601253447309136391e+01,2.109313038783147931e+01,1.502202675852458924e+00
5.601253446936607361e+01,2.109313039062544703e+01,1.502202675794251263e+00
5.601253446564078331e+01,2.109313039015978575e+01,1.502202675823355094e+00
5.601253446936607361e+01,2.109313039015978575e+01,1.502202675677835941e+00
5.601253446191549301e+01,2.109313038690015674e+01,1.502202675474109128e+00
5.601253444701433182e+01,2.109313038457185030e+01,1.502202675619628280e+00
5.601253443956375122e+01,2.109313038736581802e+01,1.502202675357693806e+00
5.601253442466259003e+01,2.109313038550317287e+01,1.502202675241278484e+00
5.601253442093729973e+01,2.109313038922846317e+01,1.502202675299486145e+00
5.601253442466259003e+01,2.109313039062544703e+01,1.502202675386797637e+00
5.601253442093729973e+01,2.109313038829714060e+01,1.502202675212174654e+00
5.601253442466259003e+01,2.109313038876280189e+01,1.502202675212174654e+00
5.601253441348671913e+01,2.109313038876280189e+01,1.502202675183070824e+00
5.601253441348671913e+01,2.109313039155676961e+01,1.502202675241278484e+00
5.601253440976142883e+01,2.109313039388507605e+01,1.502202675124863163e+00
5.601253440976142883e+01,2.109313039528205991e+01,1.502202675183070824e+00
5.601253440976142883e+01,2.109313039761036634e+01,1.502202675212174654e+00
5.601253440976142883e+01,2.109313039621338248e+01,1.502202675066655502e+00
5.601253440976142883e+01,2.109313039621338248e+01,1.502202675153966993e+00
5.601253440976142883e+01,2.109313039900735021e+01,1.502202675124863163e+00
5.601253440976142883e+01,2.109313040133565664e+01,1.502202675095759332e+00
5.601253440231084824e+01,2.109313039993867278e+01,1.502202675037551671e+00
5.601253439113497734e+01,2.109313040226697922e+01,1.502202674979344010e+00
5.601253439113497734e+01,2.109313039993867278e+01,1.502202674892032519e+00
5.601253438368439674e+01,2.109313039993867278e+01,1.502202674717409536e+00
5.601253437623381615e+01,2.109313040086999536e+01,1.502202674659201875e+00
5.601253437623381615e+01,2.109313039807602763e+01,1.502202674688305706e+00
5.601253437995910645e+01,2.109313039714470506e+01,1.502202674688305706e+00
5.601253437623381615e+01,2.109313039900735021e+01,1.502202674659201875e+00
5.601253437995910645e+01,2.109313040040433407e+01,1.502202674571890384e+00
5.601253437623381615e+01,2.109313040180131793e+01,1.502202674571890384e+00
5.601253437250852585e+01,2.109313039947301149e+01,1.502202674630098045e+00
5.601253437250852585e+01,2.109313039947301149e+01,1.502202674630098045e+00
5.601253436505794525e+01,2.109313040133565664e+01,1.502202674571890384e+00
5.601253436505794525e+01,2.109313039900735021e+01,1.502202674775617197e+00
5.601253436505794525e+01,2.109313039900735021e+01,1.502202675008447841e+00
5.601253436505794525e+01,2.109313040226697922e+01,1.502202675095759332e+00
5.601253435760736465e+01,2.109313039947301149e+01,1.502202675153966993e+00
5.601253435015678406e+01,2.109313040086999536e+01,1.502202675124863163e+00
5.601253433525562286e+01,2.109313039807602763e+01,1.502202675095759332e+00
5.601253432780504227e+01,2.109313039341941476e+01,1.502202675008447841e+00
5.601253431662917137e+01,2.109313039388507605e+01,1.502202675357693806e+00
5.601253432035446167e+01,2.109313039574772120e+01,1.502202675124863163e+00
5.601253432035446167e+01,2.109313039807602763e+01,1.502202675241278484e+00
5.601253431662917137e+01,2.109313039900735021e+01,1.502202675445005298e+00
5.601253431290388107e+01,2.109313039900735021e+01,1.502202675328589976e+00
5.601253430545330048e+01,2.109313039947301149e+01,1.502202675415901467e+00
5.601253429055213928e+01,2.109313040133565664e+01,1.502202675241278484e+00
5.601253427937626839e+01,2.109313039854168892e+01,1.502202675357693806e+00
5.601253427937626839e+01,2.109313039667904377e+01,1.502202675474109128e+00
5.601253427192568779e+01,2.109313039574772120e+01,1.502202675590524450e+00
5.601253427565097809e+01,2.109313039574772120e+01,1.502202675590524450e+00
5.601253427565097809e+01,2.109313039714470506e+01,1.502202675736043602e+00
5.601253427565097809e+01,2.109313039528205991e+01,1.502202675765147433e+00
5.601253427565097809e+01,2.109313039388507605e+01,1.502202675823355094e+00
5.601253427565097809e+01,2.109313039528205991e+01,1.502202675881562755e+00
5.601253427565097809e+01,2.109313039761036634e+01,1.502202675794251263e+00
5.601253427565097809e+01,2.109313039621338248e+01,1.502202675997978076e+00
5.601253427565097809e+01,2.109313039900735021e+01,1.502202675910666585e+00
5.601253427565097809e+01,2.109313040040433407e+01,1.502202675736043602e+00
5.601253427565097809e+01,2.109313039947301149e+01,1.502202675939770415e+00
5.601253427192568779e+01,2.109313039993867278e+01,1.502202676027081907e+00
5.601253427192568779e+01,2.109313039993867278e+01,1.502202676143497229e+00
5.601253427192568779e+01,2.109313039947301149e+01,1.502202675910666585e+00
5.601253426820039749e+01,2.109313040273264050e+01,1.502202675794251263e+00
5.601253425702452660e+01,2.109313040319830179e+01,1.502202675823355094e+00
5.601253424957394600e+01,2.109313040506094694e+01,1.502202675910666585e+00
5.601253425329923630e+01,2.109313040832057595e+01,1.502202675736043602e+00
5.601253425329923630e+01,2.109313040692359209e+01,1.502202675881562755e+00
5.601253425329923630e+01,2.109313040925189853e+01,1.502202675765147433e+00
5.601253424957394600e+01,2.109313041018322110e+01,1.502202675881562755e+00
5.601253423839807510e+01,2.109313041297718883e+01,1.502202675910666585e+00
5.601253423094749451e+01,2.109313041344285011e+01,1.502202675910666585e+00
5.601253422722220421e+01,2.109313041064888239e+01,1.502202675765147433e+00
5.601253422349691391e+01,2.109313041344285011e+01,1.502202675794251263e+00
5.601253421232104301e+01,2.109313041530549526e+01,1.502202675765147433e+00
5.601253421232104301e+01,2.109313041577115655e+01,1.502202675939770415e+00
5.601253420859575272e+01,2.109313041483983397e+01,1.502202675939770415e+00
5.601253420859575272e+01,2.109313041577115655e+01,1.502202676056185737e+00
5.601253420859575272e+01,2.109313041670247912e+01,1.502202675968874246e+00
5.601253420859575272e+01,2.109313041530549526e+01,1.502202676172601059e+00
5.601253420114517212e+01,2.109313041437417269e+01,1.502202676376327872e+00
5.601253419741988182e+01,2.109313041577115655e+01,1.502202676230808720e+00
5.601253420114517212e+01,2.109313041577115655e+01,1.502202676289016381e+00
5.601253419369459152e+01,2.109313041670247912e+01,1.502202676259912550e+00
5.601253418251872063e+01,2.109313041483983397e+01,1.502202676259912550e+00
5.601253418624401093e+01,2.109313041856512427e+01,1.502202676259912550e+00
5.601253418624401093e+01,2.109313041996210814e+01,1.502202676201704890e+00
5.601253418624401093e+01,2.109313041809946299e+01,1.502202676172601059e+00
5.601253418624401093e+01,2.109313041856512427e+01,1.502202676259912550e+00
5.601253417879343033e+01,2.109313041716814041e+01,1.502202676201704890e+00
5.601253416761755943e+01,2.109313041390851140e+01,1.502202676201704890e+00
5.601253416016697884e+01,2.109313041623681784e+01,1.502202676172601059e+00
5.601253416389226913e+01,2.109313041623681784e+01,1.502202676318120211e+00
5.601253416389226913e+01,2.109313041437417269e+01,1.502202676289016381e+00
5.601253416389226913e+01,2.109313041716814041e+01,1.502202676259912550e+00
