38.07,-19.52,0
38.07,-19.52,0
38.07,-19.52,0
38.07,-19.52,0
38.07,-19.52,0
38.07,-19.52,0
38.07,-19.52,0
38.07,-19.52,0
38.07,-19.52,0
38.07,-19.52,0
38.07,-19.52,0
38.07,-19.52,0
38.07,-19.52,0
38.07,-19.52,0
38.07,-19.52,0
38.07,-19.52,0
38.07,-19.52,0
38.07,-19.52,0
38.07,-19.52,0.052
38.07,-19.52,0.07
38.07,-19.52,0.105
38.07,-19.52,0.174
38.07,-19.52,0.244
38.07,-19.52,0.262
38.07,-19.52,0.297
38.07,-19.52,0.349
38.07,-19.52,0.419
38.07,-19.52,0.419
38.07,-19.52,0.489
38.07,-19.52,0.44735
38.07,-19.52,0.49935
38.07,-19.52,0.53435
38.07,-19.52,0.55235
38.07,-19.52,0.58735
38.07,-19.52,0.62135
38.07,-19.52,0.65635
38.07,-19.52,0.70935
38.07,-19.52,0.72635
38.07,-19.52,0.76135
38.07,-19.52,0.79635
38.07,-19.52,0.83135
38.07,-19.52,0.83135
38.07,-19.52,0.84835
38.0714,-19.5172,0.93635
38.092,-19.4855,1.08043
38.0984,-19.4735,1.13243
38.1161,-19.425,1.29043
38.1207,-19.4065,1.32443
38.1294,-19.3675,1.39443
38.1333,-19.3478,1.41243
38.1333,-19.3478,1.41243
38.1374,-19.2859,1.55312
38.1373,-19.2456,1.58712
38.1363,-19.2051,1.60512
38.1343,-19.1646,1.62212
38.1327,-19.1442,1.64012
38.1363,-19.0836,1.66345
38.1311,-19.0427,1.69845
38.1258,-19.0019,1.71645
38.1231,-18.9814,1.71645
38.1205,-18.961,1.71645
38.1142,-18.92,1.73345
38.1069,-18.8717,1.7527
38.0987,-18.8317,1.7527
38.0947,-18.8112,1.7707
38.0866,-18.7702,1.7707
38.0785,-18.7303,1.7707
38.0744,-18.7098,1.7707
38.07,-18.6913,1.78285
38.0605,-18.6503,1.78285
38.0518,-18.6114,1.78285
38.043,-18.5725,1.78285
38.0344,-18.5327,1.78285
38.03,-18.5132,1.78285
38.0216,-18.4863,1.78972
38.0084,-18.4251,1.77172
37.9995,-18.3853,1.77172
37.9906,-18.3455,1.77172
37.9861,-18.3261,1.77172
37.9817,-18.3057,1.77172
37.9779,-18.2693,1.75554
37.97,-18.2286,1.75554
37.9632,-18.1879,1.73754
37.9597,-18.1676,1.73754
37.9529,-18.1269,1.73754
37.9494,-18.1066,1.72054
37.9518,-18.0924,1.71492
37.9462,-18.0518,1.71492
37.9382,-17.9909,1.69692
37.9359,-17.9706,1.69692
37.9289,-17.9098,1.67992
37.9289,-17.9098,1.67992
37.9197,-17.8424,1.67672
37.9139,-17.7817,1.65872
37.9116,-17.7614,1.65872
37.9091,-17.7211,1.64172
37.9113,-17.7128,1.64999
37.9099,-17.6927,1.64999
37.907,-17.6523,1.64999
37.9041,-17.612,1.63199
37.9013,-17.5716,1.63199
37.8998,-17.5515,1.63199
37.8984,-17.5313,1.63199
37.9009,-17.487,1.60678
37.9004,-17.4468,1.60678
37.9001,-17.4267,1.60678
37.899,-17.4045,1.58978
37.8991,-17.3915,1.57178
37.8996,-17.3514,1.55478
37.9003,-17.3314,1.55478
37.9001,-17.2949,1.55433
37.9013,-17.2347,1.55433
37.9018,-17.1946,1.57133
37.9023,-17.1545,1.57133
37.903,-17.1345,1.57133
37.9028,-17.1144,1.57133
37.9017,-17.0885,1.55813
37.9027,-17.0484,1.55813
37.9027,-17.0082,1.57613
37.9028,-16.968,1.57613
37.9028,-16.9479,1.57613
37.9028,-16.9278,1.57613
37.9021,-16.8711,1.57327
37.9023,-16.85,1.57327
37.9025,-16.8289,1.57327
37.9017,-16.7876,1.59027
37.902,-16.7454,1.59027
37.9022,-16.7244,1.59027
37.902,-16.7111,1.58209
37.9019,-16.6487,1.58209
37.9024,-16.6085,1.58209
37.9028,-16.5683,1.56509
37.9031,-16.5472,1.56509
37.9018,-16.503,1.5794
37.9018,-16.4819,1.5794
37.9017,-16.4417,1.5794
37.9016,-16.4016,1.5794
37.9015,-16.3814,1.5794
37.9016,-16.3604,1.5794
37.9016,-16.3182,1.5794
37.9014,-16.259,1.54981
37.9019,-16.2169,1.54981
37.9022,-16.1958,1.54981
37.9024,-16.1757,1.54981
37.9029,-16.1335,1.54981
37.9036,-16.0996,1.56113
37.9037,-16.0574,1.56113
37.9035,-15.976,1.57913
37.9036,-15.9549,1.57913
37.9036,-15.9338,1.57913
37.9037,-15.9127,1.57913
37.9033,-15.8699,1.56268
37.904,-15.8277,1.56268
37.9044,-15.8066,1.56268
37.9048,-15.7855,1.56268
37.9055,-15.7443,1.56268
37.9062,-15.7021,1.56268
37.9073,-15.6435,1.56838
37.9073,-15.6435,1.56838
37.9081,-15.5803,1.56838
37.9086,-15.5381,1.56838
37.9092,-15.4959,1.56838
37.9095,-15.4748,1.56838
37.9097,-15.4551,1.57267
37.91,-15.4129,1.57267
37.9104,-15.3707,1.57267
37.9107,-15.3285,1.57267
37.9114,-15.2642,1.57267
37.9116,-15.2246,1.57276
37.9117,-15.2035,1.57276
37.9119,-15.1824,1.57276
37.9123,-15.1402,1.57276
37.9126,-15.0981,1.57276
37.913,-15.0559,1.57276
37.9134,-15.034,1.57323
37.9136,-15.0129,1.57323
37.9141,-14.9496,1.57323
37.9144,-14.9074,1.57323
37.9148,-14.8653,1.57323
37.9149,-14.8442,1.57323
37.9149,-14.8442,1.57323
37.9153,-14.797,1.57505
37.9154,-14.7558,1.57505
37.9157,-14.7136,1.57505
37.9158,-14.6925,1.57505
37.916,-14.6503,1.57505
37.9154,-14.6383,1.572
37.9158,-14.5961,1.572
37.9159,-14.576,1.572
37.916,-14.5559,1.572
37.9161,-14.5157,1.572
37.9163,-14.4755,1.572
37.9167,-14.5395,1.56891
37.9169,-14.5194,1.55091
37.9173,-14.4591,1.55091
37.9186,-14.419,1.55091
37.9187,-14.3989,1.55091
37.9199,-14.3789,1.53391
37.921,-14.359,1.53391
37.9234,-14.2956,1.53426
37.9258,-14.2546,1.51626
37.9269,-14.2346,1.51626
37.9281,-14.2146,1.51626
37.9303,-14.1746,1.51626
37.9315,-14.1546,1.53426
37.9325,-14.1309,1.52271
37.9366,-14.0709,1.52271
37.9393,-14.031,1.52271
37.9412,-13.9899,1.52271
37.9433,-13.918,1.53762
37.9447,-13.8981,1.53762
37.9466,-13.858,1.53762
37.9474,-13.8178,1.53762
37.9478,-13.7977,1.53762
37.9486,-13.7575,1.55562
37.9491,-13.7374,1.55562
37.9501,-13.7196,1.55611
37.9506,-13.6985,1.55611
37.9516,-13.6563,1.55611
37.9526,-13.6151,1.55611
37.9534,-13.5749,1.55611
37.9542,-13.5347,1.55611
37.9559,-13.5315,1.54325
37.9572,-13.4913,1.54325
37.9586,-13.4512,1.52525
37.9599,-13.411,1.52525
37.9612,-13.3708,1.52525
37.9629,-13.3509,1.52525
37.9629,-13.3509,1.52525
37.9647,-13.289,1.53095
37.9658,-13.27,1.51295
37.968,-13.2411,1.49595
37.9702,-13.2212,1.49595
37.9736,-13.1813,1.47795
37.9781,-13.1406,1.47795
37.9838,-13.0689,1.4964
37.9875,-13.0291,1.4964
37.9901,-12.9892,1.5144
37.9929,-12.9483,1.5144
37.9956,-12.9083,1.5314
37.9962,-12.8919,1.53568
37.9977,-12.8519,1.55368
37.9972,-12.8117,1.57068
37.9967,-12.7715,1.58868
37.9962,-12.7313,1.60568
37.9949,-12.7111,1.62268
37.9949,-12.7111,1.62268
37.9913,-12.6746,1.60836
37.9894,-12.6342,1.62636
37.9875,-12.5938,1.62636
37.9866,-12.5736,1.64336
37.9837,-12.5331,1.64336
37.9799,-12.5125,1.63976
37.9761,-12.4719,1.65776
37.9742,-12.4516,1.65776
37.9724,-12.4313,1.65776
37.9686,-12.3907,1.67476
37.9648,-12.3501,1.67476
37.9631,-12.3596,1.68748
37.9578,-12.319,1.68748
37.9526,-12.2783,1.70548
37.9463,-12.2376,1.70548
37.9401,-12.1968,1.70548
37.9369,-12.1764,1.72248
37.9157,-12.0401,1.71282
37.9089,-11.9992,1.71282
37.9061,-11.9778,1.71282
37.9024,-11.9773,1.70483
37.8976,-11.9364,1.70483
37.8952,-11.9159,1.70483
37.8927,-11.8954,1.70483
37.887,-11.8544,1.70483
37.8802,-11.8132,1.70483
37.8694,-11.7549,1.72809
37.8658,-11.7354,1.72809
37.8596,-11.6953,1.72809
37.8524,-11.6551,1.72809
37.8489,-11.6346,1.72809
37.8393,-11.6126,1.75697
37.8318,-11.5715,1.75697
37.8242,-11.5314,1.75697
37.8156,-11.4912,1.77397
37.8059,-11.4519,1.79097
37.8011,-11.4322,1.80897
37.8011,-11.4322,1.80897
37.7829,-11.3623,1.84537
37.7711,-11.3228,1.88037
37.7652,-11.304,1.89737
37.7583,-11.2841,1.91537
37.7443,-11.2464,1.94937
37.735,-11.2486,1.92226
37.7208,-11.2099,1.93926
37.7136,-11.1916,1.95726
37.7063,-11.1732,1.95726
37.6815,-11.1178,1.99226
37.6733,-11.0993,2.00926
37.658,-11.0795,2.0372
37.6385,-11.0427,2.0722
37.6188,-11.0079,2.0722
37.5991,-10.9722,2.0722
37.5794,-10.9374,2.0902
37.5695,-10.92,2.0902
37.551,-10.8866,2.08573
37.5196,-10.834,2.10273
37.4765,-10.7637,2.11973
37.4655,-10.7472,2.13773
37.4546,-10.7306,2.13773
37.4411,-10.717,2.11557
37.4206,-10.6831,2.13357
37.399,-10.6489,2.15057
37.3878,-10.6318,2.15057
37.3661,-10.5986,2.15057
37.3548,-10.5814,2.16857
37.3458,-10.5653,2.16123
37.3232,-10.5328,2.16123
37.3007,-10.4993,2.17823
37.2781,-10.4668,2.17823
37.2555,-10.4342,2.17823
37.2432,-10.4178,2.19623
37.2319,-10.4016,2.19623
37.2131,-10.3705,2.18947
37.1896,-10.3387,2.20647
37.1417,-10.2738,2.20647
37.1295,-10.2573,2.22447
37.1171,-10.2417,2.22447
37.1099,-10.2369,2.22451
37.0854,-10.2048,2.22451
37.0606,-10.1738,2.24151
37.0359,-10.1427,2.24151
37.0112,-10.1117,2.24151
36.9865,-10.0806,2.25851
36.9752,-10.0729,2.26033
36.9504,-10.0419,2.26033
36.9247,-10.0107,2.27833
36.8979,-9.9793,2.27833
36.8846,-9.96361,2.27833
36.8712,-9.94792,2.29533
36.8578,-9.93223,2.29533
36.8082,-9.89357,2.30575
36.7808,-9.86444,2.32375
36.7671,-9.84988,2.32375
36.7397,-9.82075,2.32375
36.7009,-9.79289,2.33069
36.6873,-9.77818,2.33069
36.66,-9.74976,2.34869
36.6309,-9.72,2.34869
36.6016,-9.69121,2.34869
36.5735,-9.66163,2.36569
36.5735,-9.66163,2.36569
36.5353,-9.63343,2.35888
36.507,-9.60562,2.37688
36.4778,-9.57762,2.37688
36.4631,-9.56362,2.37688
36.4485,-9.54962,2.37688
36.4339,-9.53562,2.39388
36.4013,-9.51017,2.39959
36.3712,-9.48259,2.41659
36.3399,-9.45579,2.43359
36.3243,-9.4424,2.45159
36.2926,-9.41756,2.46859
36.2984,-9.42958,2.46726
36.2818,-9.41664,2.46726
36.2502,-9.39314,2.48426
36.1845,-9.34355,2.50226
36.1509,-9.31962,2.50226
36.1401,-9.31669,2.53099
36.1058,-9.29373,2.54799
36.0724,-9.27194,2.54799
36.0389,-9.25016,2.56599
36.0218,-9.23868,2.56599
36.0047,-9.2272,2.56599
35.9874,-9.2167,2.56599
35.9998,-9.23181,2.54757
35.9656,-9.21018,2.56457
35.9314,-9.18855,2.56457
35.8971,-9.16692,2.58257
35.8629,-9.14529,2.58257
35.8143,-9.11906,2.60475
35.7961,-9.1088,2.62275
35.7779,-9.09854,2.62275
35.7415,-9.07802,2.65775
35.7049,-9.05847,2.67475
35.6681,-9.0399,2.69275
35.6482,-9.03311,2.69592
35.6297,-9.02455,2.69592
35.5936,-9.00765,2.71392
35.5376,-8.98389,2.74892
35.5189,-8.9763,2.76592
35.5001,-8.9687,2.78292
35.4814,-8.96111,2.78292
35.4614,-8.95708,2.79909
35.3855,-8.93045,2.81609
35.3665,-8.92379,2.81609
35.3094,-8.90479,2.83409
35.2739,-8.89713,2.85351
35.2546,-8.89181,2.85351
35.216,-8.88119,2.85351
35.1774,-8.87057,2.87051
35.1386,-8.86092,2.88851
35.119,-8.85659,2.90551
35.0995,-8.85225,2.90551
35.08,-8.84792,2.92351
35.0398,-8.83897,2.93618
35.0005,-8.83141,2.95418
34.9808,-8.82763,2.95418
34.9415,-8.82007,2.95418
34.9021,-8.81251,2.97118
34.8939,-8.81621,2.96807
34.8349,-8.80469,2.96807
34.8082,-8.80013,2.95107
34.7789,-8.79389,2.95107
34.7395,-8.78621,2.95107
34.7199,-8.78237,2.95107
34.7002,-8.77853,2.95107
34.6422,-8.77102,2.98209
34.6028,-8.76389,2.98209
34.5831,-8.76032,2.98209
34.5624,-8.75653,2.98209
34.5218,-8.75015,3.00009
34.5019,-8.74756,3.00009
34.4829,-8.74453,3.02001
34.3825,-8.73479,3.07301
34.3422,-8.73167,3.09001
34.3014,-8.73051,3.10801
34.3014,-8.73051,3.10801
34.2835,-8.72997,3.08627
34.2428,-8.72723,3.08627
34.2021,-8.72448,3.08627
34.1612,-8.7227,3.10327
34.1199,-8.72189,3.10327
34.1199,-8.72189,3.10327
34.0783,-8.72629,3.09782
33.9949,-8.72395,3.11582
33.9742,-8.72343,3.11582
33.9536,-8.72291,3.11582
33.933,-8.72239,3.11582
33.8886,-8.73449,-3.09676
33.8043,-8.73783,-3.09676
33.7621,-8.73951,-3.09676
33.7415,-8.74044,-3.09676
33.7004,-8.74231,-3.09676
33.7222,-8.72924,3.11698
33.7016,-8.72875,3.11698
33.6604,-8.72775,3.11698
33.6179,-8.72746,3.11698
33.5757,-8.7262,3.11698
33.5345,-8.72521,3.11698
33.4736,-8.73119,3.11868
33.4312,-8.73097,3.11868
33.3887,-8.73075,3.11868
33.3681,-8.73029,3.11868
33.3475,-8.72983,3.11868
33.3257,-8.73007,3.11868
33.2068,-8.73112,3.13721
33.1656,-8.73026,3.13721
33.1241,-8.73037,3.13721
33.1035,-8.72994,3.13721
33.062,-8.73004,3.13721
32.9603,-8.73331,3.12482
32.9176,-8.73359,-3.14037
32.8758,-8.73415,-3.14037
32.8341,-8.7347,-3.14037
32.8341,-8.7347,-3.14037
32.7293,-8.74186,3.11862
32.6812,-8.74153,3.08362
32.6689,-8.74082,3.08362
32.6328,-8.73899,3.10062
32.5704,-8.73735,3.13562
32.5496,-8.73712,-3.12957
32.5675,-8.7344,-3.09183
32.5675,-8.7344,-3.09183
32.5069,-8.73764,-3.05683
32.4864,-8.73967,-3.03983
32.4261,-8.74828,-2.96983
32.4063,-8.75157,-2.95283
32.335,-8.75315,-2.96084
32.295,-8.76118,-2.92584
32.2556,-8.77047,-2.89084
32.2164,-8.78199,-2.85584
32.1779,-8.79478,-2.82084
32.1585,-8.80165,-2.80384
32.0661,-8.84619,-2.73839
32.029,-8.86201,-2.72139
32.029,-8.86201,-2.72139
31.9919,-8.87782,-2.72139
31.9544,-8.89458,-2.70339
31.9544,-8.89458,-2.70339
31.9544,-8.89458,-2.70339
31.9589,-8.92194,-2.6873
31.8679,-8.96596,-2.6873
31.7954,-9.0013,-2.6873
31.8254,-9.02579,-2.67566
31.7991,-9.03958,-2.64166
31.7913,-9.04447,-2.51866
31.791,-9.04543,-2.39666
31.791,-9.04543,-2.25766
31.791,-9.04543,-2.18766
31.791,-9.04543,-2.18766
31.78,-9.05194,-2.21719
31.7772,-9.05839,-2.07719
31.7728,-9.06628,-2.11219
31.7588,-9.08641,-2.20019
31.7384,-9.11141,-2.32219
31.7113,-9.13684,-2.44419
31.7113,-9.13684,-2.44419
31.6809,-9.15977,-2.54919
31.1026,-9.30936,3.08771
31.1076,-9.30045,3.03143
30.8701,-9.2655,3.03425
29.6061,-9.16204,-3.08605
29.5215,-9.1672,-3.06805
29.5004,-9.16848,-3.06805
29.4792,-9.16977,-3.06805
29.4388,-9.17289,-3.06805
29.4116,-9.15647,-3.11083
29.3702,-9.15829,-3.11083
29.3278,-9.15982,-3.11083
29.3066,-9.16058,-3.11083
29.2643,-9.16211,-3.11083
29.2431,-9.16288,-3.11083
29.2888,-9.11458,3.09618
29.2465,-9.11288,3.09618
29.2041,-9.11118,3.09618
29.1618,-9.10948,3.09618
29.1194,-9.10778,3.09618
29.0983,-9.10693,3.09618
29.0918,-9.10532,3.11005
29.0283,-9.10365,3.11005
28.9859,-9.10254,3.11005
28.9435,-9.10142,3.11005
28.9233,-9.10122,3.11005
28.9021,-9.10067,3.11005
28.8592,-9.12121,3.10523
28.8191,-9.11967,3.08823
28.792,-9.11779,3.05323
28.7788,-9.11592,3.03523
28.7416,-9.11231,3.01823
28.7016,-9.10762,3.01823
28.6811,-9.10509,3.01823
28.6791,-9.10292,3.04208
28.638,-9.09885,3.04208
28.598,-9.09511,3.05908
28.5569,-9.09104,3.05908
28.5364,-9.089,3.05908
28.5159,-9.08696,3.05908
28.4877,-9.09299,3.03868
28.3848,-9.08481,3.05668
28.3441,-9.08212,3.05668
28.3025,-9.07908,3.05668
28.2801,-9.08163,3.06393
28.2593,-9.07991,3.06393
28.2177,-9.07646,3.06393
28.1757,-9.07395,3.06393
28.1142,-9.06914,3.06393
28.0943,-9.06779,3.08193
28.0943,-9.06779,3.08193
28.0398,-9.06589,3.06703
27.9975,-9.06368,3.06703
27.9763,-9.06257,3.06703
27.9552,-9.06146,3.06703
27.9147,-9.06001,3.08403
27.8935,-9.0589,3.08403
27.8488,-9.06245,3.07881
27.8276,-9.06124,3.07881
27.7853,-9.0588,3.07881
27.743,-9.05636,3.07881
27.7007,-9.05393,3.07881
27.7005,-9.05657,3.10082
27.6794,-9.05581,3.11882
27.637,-9.05431,3.11882
27.5947,-9.0528,3.11882
27.5523,-9.0513,3.11882
27.5321,-9.05091,3.10082
27.5118,-9.05052,3.10082
27.4683,-9.05011,3.10874
27.4259,-9.04895,3.10874
27.4047,-9.04836,3.10874
27.3836,-9.04778,3.10874
27.3421,-9.04696,3.10874
27.321,-9.04638,3.10874
27.3095,-9.04482,3.10117
27.2289,-9.04236,3.08417
27.1666,-9.03956,3.08417
27.1243,-9.03807,3.08417
27.1201,-9.03901,3.07986
27.0989,-9.03817,3.07986
27.0566,-9.0365,3.07986
27.0142,-9.03483,3.07986
26.9719,-9.03315,3.07986
26.9299,-9.03055,3.07986
26.929,-9.03192,3.07573
26.8867,-9.03008,3.07573
26.8443,-9.02823,3.07573
26.8024,-9.02546,3.07573
26.76,-9.02361,3.07573
26.7388,-9.02269,3.05773
26.7388,-9.02269,3.05773
26.697,-9.02019,3.06513
26.6563,-9.01716,3.08313
26.6156,-9.01413,3.08313
26.5944,-9.01336,3.08313
26.5521,-9.01183,3.08313
26.5226,-9.0159,3.07141
26.4802,-9.01387,3.07141
26.4591,-9.01286,3.07141
26.4379,-9.01184,3.07141
26.3956,-9.00981,3.07141
26.3533,-9.00778,3.07141
26.3124,-9.01159,3.07046
26.2913,-9.01055,3.07046
26.2489,-9.00848,3.07046
26.2066,-9.00641,3.07046
26.1643,-9.00434,3.07046
26.1431,-9.00331,3.07046
26.1431,-9.00331,3.07046
26.0708,-9.00726,3.07342
26.0285,-9.00532,3.07342
25.9862,-9.00337,3.07342
25.965,-9.0024,3.07342
25.9227,-9.00045,3.07342
25.8403,-9.00209,3.07161
25.8191,-9.00107,3.07161
25.797,-8.99969,3.07161
25.7547,-8.99767,3.07161
25.7124,-8.99565,3.07161
25.6037,-8.99287,3.07172
25.5826,-8.99186,3.07172
25.5191,-8.98884,3.07172
25.4767,-8.98682,3.07172
25.4344,-8.9848,3.07172
25.4132,-8.98379,3.07172
25.4132,-8.98379,3.07172
25.3244,-8.98049,3.07165
25.2821,-8.97847,3.07165
25.2397,-8.97645,3.07165
25.2186,-8.97544,3.07165
25.1974,-8.97443,3.07165
25.1762,-8.97342,3.07165
25.1355,-8.97221,3.07086
25.0931,-8.97016,3.07086
25.072,-8.96913,3.07086
25.0508,-8.9681,3.07086
25.0089,-8.96512,3.07086
25.0198,-8.96709,3.06612
24.9775,-8.96484,3.06612
24.9564,-8.96371,3.06612
24.914,-8.96146,3.06612
24.8717,-8.9592,3.06612
24.8506,-8.95808,3.06612
24.8865,-8.96169,3.06437
24.8442,-8.95937,3.06437
24.8019,-8.95704,3.06437
24.7596,-8.95471,3.06437
24.7173,-8.95238,3.06437
24.6961,-8.95122,3.06437
24.6961,-8.95122,3.06437
24.6445,-8.94963,3.06065
24.6022,-8.94715,3.06065
24.5811,-8.9459,3.06065
24.5599,-8.94466,3.06065
24.5176,-8.94218,3.06065
24.523,-8.9445,3.06033
24.5018,-8.94325,3.06033
24.4807,-8.942,3.06033
24.4384,-8.9395,3.06033
24.3538,-8.9345,3.06033
24.3538,-8.9345,3.06033
24.3162,-8.93258,3.05998
24.2739,-8.93007,3.05998
24.2316,-8.92755,3.05998
24.2105,-8.9263,3.05998
24.1893,-8.92504,3.05998
24.1682,-8.92378,3.05998
24.1184,-8.92103,3.0585
24.0973,-8.91974,3.0585
24.055,-8.91716,3.0585
24.0127,-8.91459,3.0585
23.9704,-8.91201,3.0585
23.9376,-8.90408,3.05728
23.9164,-8.90277,3.05728
23.8741,-8.90014,3.05728
23.8318,-8.89751,3.05728
23.7895,-8.89489,3.05728
23.7472,-8.89226,3.05728
23.7472,-8.89226,3.05728
23.6081,-8.87765,3.05913
23.5658,-8.8751,3.05913
23.5235,-8.87255,3.05913
23.5023,-8.87127,3.05913
23.4812,-8.87,3.05913
23.46,-8.86872,3.05913
23.419,-8.86806,3.05485
23.3767,-8.86533,3.05485
23.3555,-8.86396,3.05485
23.3132,-8.86123,3.05485
23.2921,-8.85987,3.05485
23.271,-8.8585,3.05485
23.2156,-8.85481,3.05333
23.1733,-8.85202,3.05333
23.1521,-8.85062,3.05333
23.131,-8.84922,3.05333
23.0887,-8.84643,3.05333
23.0359,-8.84188,3.05256
22.9302,-8.83481,3.05256
22.8879,-8.83198,3.05256
22.8474,-8.82994,3.05256
22.8267,-8.82801,3.05749
22.8064,-8.82674,3.05749
22.7642,-8.82341,3.05749
22.7017,-8.8188,3.05749
22.6734,-8.81614,3.02249
22.6599,-8.81455,3.00549
22.6423,-8.81226,3.00549
22.5625,-8.79807,3.0255
22.5219,-8.79412,3.0255
22.4813,-8.79017,3.0255
22.4605,-8.788,3.0255
22.4398,-8.78583,3.0255
22.3992,-8.78188,3.0425
22.2946,-8.77104,3.03411
22.2739,-8.7687,3.03411
22.254,-8.76675,3.03411
22.2333,-8.76441,3.03411
22.1923,-8.76103,3.05211
22.1716,-8.75869,3.05211
22.1522,-8.75792,3.04993
22.1121,-8.75485,3.04993
22.0721,-8.75178,3.06693
22.0105,-8.74816,3.06693
21.9682,-8.74523,3.06693
21.9342,-8.74363,3.06411
21.8708,-8.73904,3.08211
21.8285,-8.73598,3.08211
21.7862,-8.73292,3.08211
21.7651,-8.7314,3.08211
21.7439,-8.72987,3.08211
21.6969,-8.72701,3.07625
21.6547,-8.7237,3.07625
21.6335,-8.72205,3.07625
21.6124,-8.7204,3.07625
21.5702,-8.71709,3.07625
21.549,-8.71544,3.07625
21.4686,-8.70758,3.08264
21.4263,-8.70455,3.08264
21.3841,-8.70151,3.08264
21.3418,-8.69847,3.08264
21.2995,-8.69544,3.08264
21.2352,-8.69007,3.08805
21.2141,-8.68866,3.08805
21.1718,-8.68586,3.08805
21.1295,-8.68305,3.08805
21.0872,-8.68024,3.08805
21.0661,-8.67884,3.08805
21.0449,-8.67743,3.08805
20.9992,-8.67515,3.09126
20.9569,-8.67248,3.09126
20.8935,-8.66848,3.09126
20.8723,-8.66714,3.09126
20.8512,-8.6658,3.09126
20.83,-8.66447,3.09126
20.8027,-8.66248,3.09427
20.7604,-8.65993,3.09427
20.7181,-8.65739,3.09427
20.6758,-8.65485,3.09427
20.6354,-8.65308,3.09427
20.6151,-8.65219,3.09427
20.5929,-8.65069,3.08831
20.5322,-8.64767,3.08831
20.4918,-8.64566,3.07031
20.4495,-8.64286,3.07031
20.4284,-8.64147,3.07031
20.4072,-8.64007,3.07031
20.3682,-8.63739,3.07167
20.199,-8.62644,3.07167
20.1246,-8.62044,3.06637
20.1034,-8.61896,3.06637
20.0823,-8.61748,3.06637
20.04,-8.61452,3.06637
19.9766,-8.61007,3.06637
19.9766,-8.61007,3.06637
19.8181,-8.59754,3.06642
19.7758,-8.59458,3.06642
19.7335,-8.59162,3.06642
19.6912,-8.58866,3.06642
19.6912,-8.58866,3.06642
19.6912,-8.58866,3.06642
19.593,-8.58106,3.0636
19.5507,-8.57798,3.0636
19.5085,-8.5749,3.0636
19.4873,-8.57336,3.0636
19.4662,-8.57182,3.0636
19.4662,-8.57182,3.0636
19.3833,-8.56554,3.06141
19.3622,-8.56395,3.06141
19.32,-8.56078,3.06141
19.2795,-8.55841,3.06141
19.2593,-8.55722,3.06141
19.2502,-8.55645,3.0581
19.1675,-8.55063,3.0761
19.1473,-8.54938,3.0761
19.1051,-8.54607,3.0761
19.0628,-8.54275,3.0761
19.0628,-8.54275,3.0761
19.0628,-8.54275,3.0761
18.9863,-8.53597,3.07291
18.9441,-8.53253,3.07291
18.9018,-8.52908,3.07291
18.8592,-8.52655,3.07291
18.8592,-8.52655,3.07291
18.8592,-8.52655,3.07291
18.7482,-8.51867,3.0819
18.7059,-8.5156,3.0819
18.6848,-8.51407,3.0989
18.6632,-8.51345,3.0989
18.6421,-8.51192,3.0989
18.6421,-8.51192,3.0989
18.5844,-8.50715,3.08856
18.4972,-8.50264,3.05356
18.467,-8.49956,3.01856
18.4259,-8.49402,3.00056
18.4061,-8.49209,3.00056
18.3857,-8.48886,3.00056
18.3388,-8.48429,3.03224
18.2976,-8.47931,3.03224
18.257,-8.47563,3.03224
18.2371,-8.47398,3.03224
18.2164,-8.47195,3.03224
18.1757,-8.46827,3.03224
18.1131,-8.46131,3.03561
18.0924,-8.45899,3.03561
18.0726,-8.45708,3.03561
18.0311,-8.45245,3.03561
17.9905,-8.44822,3.03561
17.9697,-8.44591,3.05361
17.9648,-8.44411,3.03389
17.9239,-8.44,3.03389
17.8407,-8.43226,3.05089
17.8205,-8.43086,3.05089
17.7801,-8.42807,3.05089
17.7486,-8.426,3.07056
17.7073,-8.42287,3.07056
17.6861,-8.42109,3.07056
17.665,-8.41932,3.07056
17.6228,-8.41577,3.07056
17.5806,-8.41223,3.07056
17.5329,-8.40776,3.07794
17.4906,-8.40452,3.09494
17.4484,-8.40129,3.09494
17.4272,-8.39967,3.09494
17.3846,-8.39735,3.09494
17.3635,-8.39574,3.09494
17.3334,-8.39272,3.09
17.2907,-8.3902,3.09
17.2485,-8.38675,3.09
17.2058,-8.38422,3.09
17.1847,-8.3825,3.09
17.1421,-8.37998,3.09
17.0777,-8.37602,3.09446
17.0354,-8.37276,3.09446
17.0139,-8.37205,3.09446
16.9928,-8.37042,3.09446
16.9501,-8.36809,3.09446
16.9074,-8.36575,3.09446
16.8592,-8.36384,3.09791
16.8165,-8.36165,3.09791
16.7954,-8.36009,3.09791
16.7546,-8.3587,3.09791
16.7141,-8.35639,3.09791
16.6939,-8.35523,3.09791
16.6474,-8.35217,3.0911
16.607,-8.34958,3.0741
16.5666,-8.34699,3.0741
16.5262,-8.34441,3.0741
16.4839,-8.34101,3.0741
16.4609,-8.33798,3.07657
16.4186,-8.33469,3.07657
16.3764,-8.3314,3.05857
16.3552,-8.32975,3.05857
16.3341,-8.3281,3.05857
16.2937,-8.32562,3.07657
16.3479,-8.32748,3.06633
16.3056,-8.32376,3.06633
16.2634,-8.32003,3.06633
16.2423,-8.31817,3.06633
16.2001,-8.31445,3.06633
16.1799,-8.313,3.06633
16.2265,-8.31508,3.07112
16.1861,-8.31237,3.07112
16.1457,-8.30966,3.07112
16.1053,-8.30696,3.08812
16.063,-8.30343,3.08812
16.0419,-8.30167,3.08812
16.1117,-8.30331,3.08648
16.0475,-8.29975,3.08648
16.0062,-8.29657,3.08648
15.9636,-8.29389,3.08648
15.9424,-8.29209,3.08648
15.9213,-8.2903,3.08648
15.9256,-8.2908,3.08902
15.8829,-8.28823,3.08902
15.8403,-8.28566,3.08902
15.7973,-8.28401,3.10702
15.7761,-8.28227,3.10702
15.7546,-8.28144,3.10702
15.6034,-8.27482,3.09296
15.5393,-8.27052,3.09296
15.5178,-8.26938,3.09296
15.4748,-8.26712,3.09296
15.4537,-8.26508,3.09296
15.4057,-8.26119,3.08698
15.3439,-8.25645,3.08698
15.3031,-8.25388,3.08698
15.2623,-8.2513,3.08698
15.2211,-8.24963,3.08698
15.1973,-8.24769,3.09921
15.1758,-8.24633,3.09921
15.1328,-8.2436,3.09921
15.0898,-8.24088,3.09921
15.0468,-8.23815,3.09921
15.0047,-8.23586,3.09921
15.0047,-8.23586,3.09921
14.9776,-8.23459,3.10262
14.9561,-8.2333,3.10262
14.914,-8.23115,3.10262
14.914,-8.23115,3.10262
14.8719,-8.229,3.10262
14.8504,-8.22771,3.10262
14.8509,-8.22869,3.1043
14.8075,-8.22709,3.1043
14.786,-8.22584,3.1043
14.7439,-8.22376,3.1043
14.7018,-8.22168,3.1043
14.7017,-8.22366,3.10827
14.6802,-8.22249,3.10827
14.6381,-8.22058,3.10827
14.5951,-8.21824,3.10827
14.5516,-8.21681,3.10827
14.5095,-8.2149,3.10827
14.5095,-8.2149,3.10827
14.4853,-8.214,3.1137
14.4441,-8.21274,3.1307
14.4029,-8.21147,3.1307
14.3823,-8.21083,3.1307
14.3617,-8.2102,3.1307
14.3411,-8.20957,3.1307
14.3066,-8.20807,3.12219
14.2654,-8.20645,3.14019
14.2225,-8.20622,3.14019
14.2015,-8.20632,3.14019
14.1576,-8.20566,3.14019
14.1314,-8.20666,3.13072
14.1095,-8.20612,3.13072
14.0675,-8.20592,3.13072
14.0254,-8.20571,3.13072
13.9825,-8.20507,3.13072
13.9874,-8.20497,-3.12975
13.9444,-8.20531,-3.12975
13.9024,-8.20606,-3.12975
13.8594,-8.2064,-3.12975
13.8384,-8.20677,-3.12975
13.8174,-8.20714,-3.12975
13.7964,-8.20752,-3.12975
13.7742,-8.20601,-3.12745
13.7321,-8.20686,-3.12745
13.7111,-8.20728,-3.12745
13.6892,-8.20729,-3.12745
13.6261,-8.20856,-3.12745
13.6279,-8.20718,-3.12462
13.5849,-8.20774,-3.12462
13.5639,-8.20822,-3.12462
13.5429,-8.2087,-3.12462
13.4999,-8.20926,-3.10762
13.4579,-8.21023,-3.10762
13.4416,-8.20712,-3.11569
13.4206,-8.20743,-3.11569
13.3557,-8.20754,-3.11569
13.3137,-8.20816,-3.11569
13.2717,-8.20879,-3.11569
13.2506,-8.2091,-3.11569
13.2506,-8.2091,-3.11569
13.1172,-8.2057,3.13064
13.0751,-8.20549,3.13064
13.0322,-8.20485,3.13064
13.0112,-8.20474,3.13064
12.9901,-8.20464,3.13064
12.9691,-8.20453,3.13064
12.8682,-8.20667,-3.10065
12.8463,-8.2069,-3.10065
12.8253,-8.20753,-3.10065
12.7824,-8.20839,-3.10065
12.7394,-8.20924,-3.10065
12.7433,-8.20563,-3.11576
12.7223,-8.20595,-3.11576
12.6803,-8.20657,-3.11576
12.6382,-8.20719,-3.11576
12.5532,-8.20802,-3.13276
12.5532,-8.20802,-3.13276
12.5176,-8.20636,-3.12171
12.4729,-8.20847,-3.12171
12.4309,-8.20956,-3.12171
12.4099,-8.2101,-3.12171
12.3888,-8.21064,-3.12171
12.3669,-8.21078,-3.12171
12.2556,-8.20618,-3.11381
12.2337,-8.20612,-3.11381
12.2126,-8.20648,-3.11381
12.1684,-8.20727,-3.13081
12.1473,-8.20762,-3.11381
12.1263,-8.20797,-3.11381
12.1263,-8.20797,-3.11381
12.043,-8.20683,-3.12818
11.9991,-8.20608,3.13801
11.9571,-8.20618,-3.12818
11.9361,-8.20623,-3.12818
11.915,-8.20628,-3.12818
11.8807,-8.20433,-3.13253
11.8395,-8.20467,-3.13253
11.8185,-8.20463,-3.13253
11.7984,-8.20502,-3.13253
11.7563,-8.20494,-3.13253
11.7353,-8.2049,-3.13253
11.7353,-8.2049,-3.13253
11.7353,-8.2049,-3.13253
11.6178,-8.20448,-3.13263
11.5753,-8.20453,-3.13263
11.5543,-8.20411,-3.13263
11.5328,-8.20458,-3.13263
11.5436,-8.20334,-3.12828
11.5011,-8.20357,-3.12828
11.4796,-8.20414,-3.12828
11.4582,-8.20471,-3.12828
11.4157,-8.20494,-3.12828
11.3718,-8.20563,-3.12828
11.401,-8.20368,-3.12648
11.3795,-8.20429,-3.12648
11.3585,-8.20399,-3.12648
11.3156,-8.2052,-3.12648
11.2731,-8.20551,-3.12648
11.2516,-8.20612,-3.12648
11.2516,-8.20612,-3.12648
11.2516,-8.20612,-3.12648
11.2981,-8.20651,-3.12807
11.1487,-8.20871,-3.12807
11.1273,-8.20929,-3.12807
11.1058,-8.20986,-3.12807
11.0893,-8.20771,-3.12687
11.0463,-8.2089,-3.12687
11.0253,-8.2086,-3.12687
11.0038,-8.2092,-3.12687
10.9609,-8.21039,-3.12687
10.9184,-8.21069,-3.12687
10.9469,-8.21211,-3.12837
10.9255,-8.21267,-3.12837
10.883,-8.21291,-3.12837
10.8401,-8.21404,-3.12837
10.7971,-8.21516,-3.12837
10.7757,-8.21573,-3.12837
10.7766,-8.21334,-3.12884
10.6912,-8.21467,-3.12884
10.6528,-8.21575,-3.11184
10.6058,-8.21822,-3.07684
10.5848,-8.22012,-3.07684
10.5848,-8.22012,-3.07684
10.3714,-8.22188,-3.09135
10.3293,-8.22506,-3.07335
10.3083,-8.22665,-3.07335
10.2873,-8.22824,-3.07335
10.2452,-8.23141,-3.07335
10.2251,-8.23346,-3.07335
10.1876,-8.23256,-3.08176
10.1671,-8.23308,-3.08176
10.1277,-8.23506,-3.09976
10.0865,-8.23611,-3.09976
10.0462,-8.23762,-3.09976
10.0462,-8.23762,-3.09976
10.1293,-8.24199,-3.09471
10.0881,-8.24325,-3.11171
10.0478,-8.24497,-3.11171
10.0071,-8.24534,-3.11171
10.0071,-8.24534,-3.11171
9.96596,-8.2466,-3.12971
9.96907,-8.24825,-3.11254
9.92614,-8.24933,-3.11254
9.92614,-8.24933,-3.11254
9.88321,-8.25041,-3.11254
9.84028,-8.25149,-3.12954
9.81882,-8.25203,-3.12954
9.81882,-8.25203,-3.12954
9.81882,-8.25203,-3.12954
9.81882,-8.25203,-3.12954
9.71993,-8.25588,-3.12522
9.67611,-8.2567,-3.12522
9.60685,-8.25141,3.10604
9.58539,-8.25093,3.10604
9.54246,-8.24996,3.10604
9.50001,-8.24812,3.10604
9.45708,-8.24716,3.10604
9.41464,-8.24532,3.10604
9.41464,-8.24532,3.10604
9.10388,-8.24623,3.09775
9.01853,-8.24272,3.09775
8.99707,-8.24206,3.09775
8.95464,-8.23987,3.09775
8.91221,-8.23768,3.09775
8.91221,-8.23768,3.09775
8.87225,-8.24312,3.10933
8.82931,-8.2423,3.10933
8.78686,-8.2406,3.10933
8.68137,-8.23727,3.10933
8.72174,-8.24033,3.114
8.70027,-8.24002,3.114
8.65646,-8.23891,3.114
8.614,-8.23741,3.114
8.57106,-8.23679,3.114
8.5286,-8.23529,3.114
8.51003,-8.23467,3.11099
8.46757,-8.23304,3.11099
8.42464,-8.23228,3.11099
8.3817,-8.23153,3.11099
8.36072,-8.23028,3.11099
8.33973,-8.22902,3.11099
8.31826,-8.22865,3.11099
8.33492,-8.23058,3.11077
8.24953,-8.22818,3.11077
8.22806,-8.2278,3.11077
8.20659,-8.22742,3.11077
8.14315,-8.22452,3.11077
8.18123,-8.22484,3.11029
8.13926,-8.22231,3.11029
8.11779,-8.22192,3.11029
8.09632,-8.22152,3.11029
8.05435,-8.21899,3.11029
8.0119,-8.21733,3.11029
8.06876,-8.21767,3.11863
8.00435,-8.21703,3.11863
7.98335,-8.21594,3.11863
7.92077,-8.21401,3.11863
7.90066,-8.2134,3.11863
7.87919,-8.21318,3.11863
7.87919,-8.21318,3.11863
7.70561,-8.21162,-3.14059
7.66267,-8.21149,-3.14059
7.61973,-8.21137,-3.14059
7.57814,-8.21083,-3.14059
7.55667,-8.21076,-3.14059
7.60285,-8.21205,-3.11268
7.56082,-8.21357,-3.11268
7.53936,-8.21411,-3.11268
7.51789,-8.21464,-3.11268
7.47676,-8.2166,-3.09468
7.43562,-8.21856,-3.09468
7.44726,-8.21469,-3.11598
7.42579,-8.21477,-3.11598
7.38239,-8.21581,-3.11598
7.31751,-8.21694,-3.11598
7.27546,-8.21756,-3.11598
7.25398,-8.21764,-3.11598
7.22466,-8.21453,-3.11301
7.1835,-8.21574,-3.11301
7.10028,-8.21769,-3.09601
7.0797,-8.21829,-3.09601
7.05912,-8.21889,-3.09601
7.03719,-8.21992,-3.09601
6.90332,-8.22299,-3.10436
6.88273,-8.22342,-3.10436
6.86215,-8.22385,-3.10436
6.84109,-8.22517,-3.10436
6.77705,-8.22865,-3.08636
6.68319,-8.23292,-3.10439
6.6626,-8.23298,-3.10439
6.62492,-8.23503,-3.10439
6.55665,-8.24076,-3.05239
6.51441,-8.24487,-3.05239
6.49373,-8.24716,-3.05239
6.51379,-8.24967,-3.06192
6.47375,-8.25348,-3.06192
6.43419,-8.25642,-3.06192
6.39328,-8.25974,-3.06192
6.35373,-8.26269,-3.06192
6.33352,-8.26391,-3.06192
6.52729,-8.25918,-3.05834
6.46666,-8.26308,-3.07534
6.42625,-8.26567,-3.07534
6.38584,-8.26827,-3.07534
6.36563,-8.26957,-3.07534
6.34542,-8.27086,-3.09334
6.38932,-8.27203,-3.06909
6.34898,-8.2756,-3.06909
6.30911,-8.27829,-3.08609
6.26924,-8.28098,-3.08609
6.24865,-8.28142,-3.08609
6.22895,-8.28232,-3.08609
6.17535,-8.2853,-3.08597
6.13509,-8.28737,-3.08597
6.11452,-8.28818,-3.10297
6.09394,-8.28899,-3.10297
6.05279,-8.29061,-3.10297
6.03221,-8.29142,-3.10297
6.0199,-8.28578,-3.12907
5.99978,-8.28554,-3.12907
5.95908,-8.28594,-3.12907
5.91883,-8.28544,3.13712
5.87858,-8.28495,3.13712
5.87858,-8.28495,3.13712
5.87858,-8.28495,3.13712
5.87769,-8.27763,3.09976
5.81647,-8.27405,3.08176
5.77625,-8.27122,3.06476
5.75616,-8.26869,3.04776
5.73608,-8.26617,3.02976
5.68335,-8.25709,2.97802
5.66331,-8.25423,2.97802
5.64374,-8.25048,2.96102
5.60324,-8.24339,2.94302
5.56322,-8.23543,2.92602
5.54277,-8.23121,2.90802
5.45313,-8.21292,2.88577
5.39395,-8.19661,2.86877
5.3548,-8.18515,2.83377
5.33569,-8.17853,2.83377
5.31658,-8.17191,2.81677
5.27812,-8.15855,2.8133
5.24017,-8.14498,2.7963
5.20266,-8.13052,2.7613
5.18391,-8.12329,2.7433
5.1656,-8.11516,2.7433
5.12899,-8.09891,2.7083
5.09631,-8.07554,2.69571
5.06023,-8.05828,2.67771
5.04219,-8.04964,2.67771
5.02458,-8.04011,2.66071
4.98936,-8.02104,2.64271
4.95414,-8.00197,2.62571
4.95414,-8.00197,2.62571
4.94773,-7.9806,2.58742
4.87915,-7.93863,2.56942
4.82816,-7.90625,2.56942
4.81102,-7.89576,2.56942
4.81102,-7.89576,2.56942
4.81656,-7.88216,2.54078
4.78341,-7.85899,2.54078
4.76683,-7.8474,2.52378
4.75026,-7.83582,2.52378
4.71711,-7.81264,2.52378
4.70053,-7.80105,2.52378
4.66623,-7.76777,2.50591
4.65458,-7.75975,2.48891
4.6483,-7.7544,2.47091
4.64517,-7.75172,2.43591
4.64427,-7.75128,2.38391
4.64427,-7.75128,2.38391
4.64427,-7.75128,2.36591
4.64427,-7.75128,2.33191
4.64427,-7.75128,2.31391
4.62947,-7.73387,2.26191
4.59312,-7.6879,2.20891
4.58191,-7.67228,2.19191
4.58191,-7.67228,2.19191
4.54763,-7.61943,2.14251
4.52625,-7.58503,2.10751
4.51557,-7.56783,2.09051
4.50621,-7.55015,2.07251
4.4875,-7.5148,2.05551
4.47857,-7.49622,2.03751
4.44975,-7.42895,1.97794
4.43459,-7.39225,1.94394
4.41944,-7.35556,1.92594
4.40608,-7.31753,1.90894
4.39778,-7.29369,1.88913
4.38583,-7.25519,1.87213
4.37963,-7.23639,1.87213
4.36813,-7.197,1.85413
4.35752,-7.15806,1.83713
4.35752,-7.15806,1.83713
4.3478,-7.11957,1.83713
4.32485,-7.03867,1.79642
4.31601,-6.99996,1.79642
4.31159,-6.98061,1.79642
4.29881,-6.92168,1.77942
4.29881,-6.92168,1.77942
4.28997,-6.88297,1.77942
4.29097,-6.85056,1.78802
4.28155,-6.81121,1.78802
4.27258,-6.77097,1.77102
4.26809,-6.75085,1.77102
4.26361,-6.73073,1.77102
4.26002,-6.71105,1.77102
4.25092,-6.66957,1.75223
4.2438,-6.63021,1.75223
4.23669,-6.59085,1.75223
4.22958,-6.55148,1.73423
4.21036,-6.43279,1.72395
4.20701,-6.41308,1.70695
4.20411,-6.39247,1.70695
4.20121,-6.37186,1.70695
4.19585,-6.332,1.68895
4.19138,-6.29259,1.68895
4.18737,-6.25229,1.67195
4.20141,-6.3052,1.69497
4.19895,-6.28511,1.69497
4.18906,-6.20472,1.67697
4.1866,-6.18462,1.67697
4.18502,-6.16496,1.65997
4.18256,-6.14486,1.65997
4.18098,-6.1252,1.65997
4.17971,-6.08041,1.63636
4.17723,-6.04018,1.63636
4.17621,-6.01961,1.63636
4.17227,-5.95971,1.61936
4.17126,-5.93914,1.61936
4.18318,-5.97912,1.62383
4.17985,-5.91744,1.60583
4.17853,-5.87675,1.60583
4.1773,-5.84501,1.58883
4.17712,-5.82712,1.55383
4.17852,-5.78999,1.55383
4.1859,-5.80383,1.55162
4.18671,-5.78323,1.55162
4.18788,-5.7407,1.55162
4.18938,-5.67624,1.55162
4.19063,-5.65474,1.55162
4.19097,-5.63281,1.55162
4.19179,-5.61221,1.55162
4.19764,-5.5596,1.54191
4.19965,-5.51619,1.54191
4.2011,-5.4947,1.52391
4.20255,-5.47321,1.52391
4.20503,-5.43112,1.52391
4.20878,-5.38537,1.53218
4.21006,-5.36386,1.53218
4.21043,-5.34194,1.53218
4.21553,-5.25592,1.53218
4.21591,-5.234,1.53218
4.21719,-5.21249,1.53218
4.21789,-5.16317,1.52902
4.21972,-5.12198,1.54702
4.22113,-5.08169,1.54702
4.22205,-5.06109,1.54702
4.22383,-5.01767,1.54702
4.22475,-4.99707,1.54702
4.22675,-4.93915,1.54103
4.22779,-4.91856,1.54103
4.22836,-4.89663,1.54103
4.22997,-4.85412,1.54103
4.23158,-4.81161,1.54103
4.23216,-4.78968,1.54103
4.23293,-4.7625,1.53906
4.23525,-4.69807,1.53906
4.23694,-4.65556,1.53906
4.23817,-4.61171,1.53906
4.23879,-4.58979,1.53906
4.2394,-4.56786,1.53906
4.24032,-4.52412,1.54087
4.24194,-4.48161,1.54087
4.24312,-4.44,1.54087
4.24475,-4.39748,1.54087
4.24532,-4.37556,1.54087
4.24546,-4.35454,1.54087
4.24609,-4.30415,1.53782
4.24784,-4.26164,1.53782
4.24804,-4.24061,1.53782
4.24869,-4.21869,1.53782
4.25,-4.17708,1.53782
4.25154,-4.1556,1.53782
4.25186,-4.0767,1.54131
4.25242,-4.05477,1.54131
4.25403,-4.01226,1.54131
4.25563,-3.96975,1.54131
4.25633,-3.9268,1.54131
4.25765,-3.90461,1.54014
4.25824,-3.88269,1.54014
4.25955,-3.84778,1.54014
4.25971,-3.82676,1.52214
4.26142,-3.78872,1.52214
4.26248,-3.76813,1.52214
4.26416,-3.72786,1.52214
4.26709,-3.6759,1.5229
4.26918,-3.63473,1.5229
4.27127,-3.59355,1.5229
4.27335,-3.55237,1.5409
4.27543,-3.51119,1.5409
4.27558,-3.49017,1.5409
4.28088,-3.44852,1.5369
4.28379,-3.38543,1.5369
4.28468,-3.34248,1.5369
4.28647,-3.29997,1.5369
4.28713,-3.27805,1.5369
4.28825,-3.25747,1.5369
4.29,-3.20691,1.53929
4.29168,-3.1644,1.53929
4.29337,-3.12189,1.53929
4.29398,-3.09997,1.53929
4.29415,-3.07895,1.53929
4.29494,-3.036,1.53929
4.29809,-2.96335,1.54419
4.29816,-2.94233,1.54419
4.29823,-2.9213,1.54419
4.29971,-2.87879,1.56119
4.30029,-2.83583,1.56119
4.30079,-2.81391,1.56119
4.3018,-2.78637,1.54686
4.30299,-2.74343,1.54686
4.305,-2.67858,1.54686
4.30619,-2.63564,1.54686
4.30657,-2.61462,1.54686
4.30738,-2.59271,1.54686
4.30855,-2.5471,1.54602
4.30977,-2.50417,1.54602
4.311,-2.46123,1.54602
4.31139,-2.44021,1.54602
4.31178,-2.41919,1.54602
4.31301,-2.37626,1.54602
4.3161,-2.32331,1.5391
4.31709,-2.3014,1.5391
4.31762,-2.28039,1.5391
4.31959,-2.2388,1.5391
4.32154,-2.19946,1.5391
4.32208,-2.17844,1.5391
4.32193,-2.16554,1.54106
4.32292,-2.12351,1.54106
4.32346,-2.08236,1.55906
4.32549,-1.97817,1.55906
4.32986,-1.83862,1.55921
4.33035,-1.8176,1.55921
4.33044,-1.77511,1.55921
4.33096,-1.74068,1.55921
4.33053,-1.73263,1.55921
4.33056,-1.72145,1.54121
4.33247,-1.66197,1.54121
4.33297,-1.64095,1.54121
4.33537,-1.58252,1.54523
4.33619,-1.54048,1.54523
4.337,-1.49844,1.54523
4.33782,-1.45863,1.54523
4.33909,-1.41793,1.54523
4.33995,-1.39825,1.56323
4.33995,-1.39825,1.56323
4.34113,-1.32299,1.54761
4.34168,-1.28275,1.54761
4.3427,-1.24162,1.54761
4.34297,-1.22149,1.56461
4.34444,-1.17947,1.56461
4.3437,-1.13435,1.56818
4.34413,-1.09186,1.56818
4.3448,-1.07085,1.56818
4.34457,-1.04938,1.56818
4.345,-1.0069,1.56818
4.34454,-0.963958,1.56818
4.34255,-0.928789,1.57405
4.34309,-0.907772,1.57405
4.34238,-0.864836,1.57405
4.34256,-0.822351,1.57405
4.34185,-0.779415,1.57405
4.3415,-0.757948,1.57405
4.3415,-0.757948,1.57405
4.33976,-0.686664,1.5771
4.33892,-0.64373,1.5771
4.33808,-0.600797,1.5771
4.33724,-0.557863,1.5941
4.33682,-0.536395,1.5941
4.33445,-0.5026,1.58026
4.3342,-0.459658,1.58026
4.33395,-0.416717,1.58026
4.33383,-0.395246,1.58026
4.33371,-0.373776,1.58026
4.33346,-0.330834,1.58026
4.33182,-0.344156,1.58096
4.33154,-0.301215,1.58096
4.33141,-0.279746,1.58096
4.33085,-0.193863,1.58096
4.33072,-0.172393,1.58096
4.32859,-0.217664,1.57843
4.32843,-0.174724,1.57843
4.32826,-0.131782,1.57843
4.32763,-0.0897272,1.57843
4.32746,-0.0467854,1.57843
4.32738,-0.0253141,1.57843
4.32738,-0.0253141,1.57843
4.32697,0.0414045,1.58017
4.32673,0.0843459,1.58017
4.32661,0.105817,1.58017
4.32691,0.125939,1.58017
4.32752,0.166184,1.56317
4.32635,0.199817,1.57639
4.32554,0.242751,1.57639
4.32563,0.285237,1.57639
4.32522,0.306703,1.57639
4.3253,0.349189,1.57639
4.3249,0.370657,1.57639
4.32372,0.360062,1.56724
4.32419,0.402545,1.56724
4.32467,0.445027,1.56724
4.32425,0.487967,1.56724
4.32472,0.53045,1.56724
4.32451,0.551919,1.56724
4.32518,0.59768,1.55808
4.32603,0.661627,1.55808
4.32689,0.704104,1.55808
4.32728,0.745696,1.55808
4.32816,0.766701,1.55808
4.32815,0.788171,1.55808
4.33214,0.830961,1.54565
4.33265,0.8739,1.54565
4.33404,0.916363,1.54565
4.33543,0.958824,1.54565
4.33568,0.980295,1.54565
4.33682,1.00129,1.54565
4.33797,1.03637,1.54406
4.33943,1.07883,1.54406
4.34001,1.12177,1.54406
4.34147,1.16423,1.54406
4.34292,1.20669,1.54406
4.34409,1.22768,1.54406
4.34847,1.36355,1.54639
4.34942,1.40737,1.54639
4.35102,1.4713,1.54639
4.35237,1.51376,1.54639
4.35614,1.60134,1.54099
4.35738,1.62233,1.54099
4.35848,1.66391,1.54099
4.35959,1.70549,1.54099
4.36109,1.74571,1.55799
4.36097,1.7663,1.55799
4.36172,1.78641,1.55799
4.36121,1.79518,1.55491
4.36136,1.87618,1.57291
4.36123,1.91737,1.57291
4.36117,1.93796,1.57291
4.36111,1.95855,1.57291
4.36105,1.97914,1.57291
4.35915,2.03857,1.58299
4.35882,2.07887,1.58299
4.3589,2.09947,1.58299
4.3577,2.14027,1.60099
4.35737,2.18058,1.60099
4.35519,2.18716,1.6383
4.35404,2.20685,1.6383
4.34997,2.24714,1.6553
4.34591,2.28743,1.6553
4.34184,2.32772,1.6733
4.33777,2.36802,1.6733
4.33497,2.37661,1.67554
4.33037,2.41824,1.67554
4.32489,2.46032,1.69254
4.31984,2.50106,1.69254
4.31687,2.52166,1.69254
4.31093,2.56285,1.69254
4.31093,2.56285,1.69254
4.3005,2.62199,1.70732
4.29759,2.6426,1.70732
4.29469,2.6632,1.70732
4.28797,2.70263,1.70732
4.28216,2.74384,1.72432
4.28586,2.80486,1.71056
4.28278,2.82462,1.71056
4.27707,2.86502,1.71056
4.27095,2.90678,1.71056
4.26394,2.949,1.72856
4.26044,2.97012,1.72856
4.25693,2.99123,1.72856
4.24958,3.03219,1.72696
4.2357,3.11667,1.72696
4.23223,3.13778,1.72696
4.22876,3.1589,1.72696
4.22182,3.20114,1.72696
4.21232,3.25468,1.72754
4.20619,3.29421,1.72754
4.20312,3.31397,1.72754
4.20005,3.33373,1.70954
4.19438,3.37414,1.70954
4.19391,3.37841,1.71499
4.19073,3.39816,1.71499
4.18755,3.41791,1.69799
4.18167,3.45828,1.69799
4.17666,3.4982,1.69799
4.17124,3.53946,1.69799
4.18038,3.50128,1.66548
4.17797,3.52195,1.66548
4.17402,3.56281,1.66548
4.17095,3.60319,1.64848
4.16636,3.66376,1.64848
4.16482,3.68395,1.64848
4.16482,3.68395,1.64848
4.17524,3.62331,1.62565
4.17237,3.6637,1.62565
4.17142,3.68477,1.62565
4.16998,3.70497,1.60865
4.16847,3.74576,1.60865
4.16791,3.76547,1.60865
4.16973,3.81114,1.61417
4.16868,3.87203,1.59617
4.16782,3.91233,1.59617
4.16696,3.95263,1.57917
4.16658,3.99381,1.57917
4.1701,3.9871,1.58564
4.16977,4.00769,1.56764
4.17001,4.04839,1.56764
4.17024,4.0891,1.56764
4.17136,4.12933,1.55064
4.17247,4.16957,1.55064
4.16888,4.15636,1.55717
4.16973,4.1966,1.54017
4.17059,4.23684,1.54017
4.1719,4.27797,1.54017
4.17233,4.29808,1.54017
4.17397,4.33339,1.50517
4.1757,4.35169,1.48717
4.1796,4.35216,1.50794
4.1832,4.41298,1.52594
4.1859,4.45413,1.52594
4.18771,4.49348,1.52594
4.1904,4.53462,1.52594
4.19122,4.54332,1.51662
4.19276,4.56387,1.51662
4.19585,4.60499,1.51662
4.19847,4.64522,1.53362
4.20195,4.72658,1.53362
4.20195,4.72658,1.53362
4.2049,4.76869,1.56119
4.20536,4.80983,1.56119
4.20581,4.83085,1.56119
4.20626,4.85187,1.56119
4.20716,4.89391,1.56119
4.20761,4.91492,1.56119
4.20626,5.03714,1.55985
4.20674,5.05816,1.55985
4.2077,5.1002,1.55985
4.20776,5.14268,1.55985
4.20871,5.18472,1.57685
4.21278,5.18473,1.54395
4.21308,5.20619,1.54395
4.21454,5.24865,1.54395
4.21688,5.29064,1.54395
4.21746,5.33358,1.54395
4.21863,5.35457,1.54395
4.21892,5.37603,1.54395
4.22012,5.35363,1.54107
4.2217,5.39609,1.54107
4.22205,5.41756,1.54107
4.22328,5.43855,1.54107
4.22486,5.481,1.54107
4.22609,5.50199,1.54107
4.2268,5.49325,1.53774
4.22937,5.57864,1.53774
4.2298,5.6001,1.53774
4.23065,5.64304,1.53774
4.23237,5.68549,1.53774
4.23181,5.67042,1.53948
4.23308,5.69141,1.53948
4.23473,5.73386,1.53948
4.2355,5.77679,1.53948
4.23715,5.81925,1.53948
4.23793,5.86218,1.53948
4.23793,5.86218,1.53948
4.23685,5.8849,1.53591
4.23865,5.92735,1.53591
4.23912,5.94881,1.53591
4.24045,5.96979,1.53591
4.24138,6.01272,1.53591
4.24185,6.03419,1.53591
4.24277,6.06452,1.5348
4.24462,6.10696,1.5348
4.24793,6.2138,1.5348
4.24978,6.25625,1.5348
4.25184,6.34996,1.53599
4.25317,6.37094,1.53599
4.2541,6.41387,1.53599
4.2559,6.45632,1.53599
4.2577,6.49876,1.53599
4.25949,6.54121,1.53599
4.2591,6.54358,1.53778
4.25994,6.58651,1.53778
4.26167,6.62896,1.53778
4.26339,6.67141,1.53778
4.26381,6.69288,1.53778
4.26512,6.71386,1.53778
4.26554,6.73533,1.53778
4.26248,6.72324,1.53248
4.26302,6.7447,1.53248
4.26405,6.76704,1.53248
4.266,6.80948,1.53248
4.26707,6.85241,1.53248
4.26738,6.87166,1.52712
4.26841,6.89176,1.52712
4.26944,6.91186,1.52712
4.2715,6.95206,1.52712
4.27269,6.99274,1.54412
4.27438,7.03431,1.54412
4.27463,7.049,1.54488
4.27526,7.07046,1.54488
4.27717,7.13485,1.54488
4.27844,7.17777,1.54488
4.27908,7.19923,1.54488
4.27972,7.22069,1.54488
4.28035,7.24215,1.54488
4.27938,7.29976,1.54874
4.28048,7.34269,1.54874
4.28104,7.36415,1.54874
4.28159,7.38561,1.54874
4.2827,7.42854,1.54874
4.28114,7.45173,1.55327
4.28159,7.47319,1.55327
4.2825,7.51613,1.55327
4.28294,7.55818,1.55327
4.28385,7.60111,1.55327
4.28343,7.62307,1.55327
4.28433,7.67007,1.55644
4.28511,7.71301,1.55644
4.28588,7.75594,1.55644
4.28579,7.77653,1.55644
4.28657,7.81947,1.55644
4.28696,7.84094,1.55644
4.28877,7.84179,1.55635
4.28955,7.88472,1.55635
4.29033,7.92766,1.55635
4.29111,7.97059,1.55635
4.29189,8.01353,1.55635
4.29228,8.035,1.55635
4.29123,7.97449,1.55362
4.29258,8.03889,1.57162
4.29348,8.08182,1.55362
4.29437,8.12476,1.55362
4.29527,8.16769,1.55362
4.29614,8.21118,1.55417
4.29658,8.23265,1.55417
4.29745,8.27558,1.55417
4.29833,8.31851,1.55417
4.2992,8.36145,1.55417
4.29963,8.38291,1.55417
4.30007,8.40438,1.55417
4.30195,8.51294,1.55494
4.30279,8.55588,1.55494
4.30321,8.57735,1.55494
4.30363,8.59881,1.55494
4.30399,8.64087,1.55494
4.30441,8.66234,1.55494
4.30435,8.69807,1.5566
4.30474,8.71954,1.5566
4.30503,8.7616,1.5566
4.30532,8.80366,1.5746
4.30609,8.84659,1.5746
4.30658,8.88626,1.5627
4.30672,8.90685,1.5627
4.308,8.94977,1.5627
4.30929,8.9927,1.5627
4.31057,9.03562,1.5447
4.31135,9.07767,1.5447
4.31135,9.07767,1.5447
4.31361,9.15986,1.5542
4.314,9.20191,1.5542
4.31444,9.22338,1.5542
4.31487,9.24485,1.5722
4.31575,9.28778,1.5542
4.31704,9.35712,1.5513
4.31755,9.39917,1.5513
4.31856,9.4627,1.5513
4.31955,9.50563,1.5513
4.32055,9.54856,1.5513
4.32158,9.66067,1.54827
4.32214,9.68213,1.54827
4.32278,9.72419,1.54827
4.32391,9.76711,1.54827
4.32447,9.78858,1.54827
4.32504,9.81004,1.56627
4.32616,9.85297,1.56627
4.32826,9.91744,1.52934
4.33019,9.96034,1.54734
4.33117,9.98178,1.54734
4.33163,10.0024,1.54734
4.33256,10.0435,1.54734
4.33338,10.0628,1.54734
4.33267,10.0669,1.55219
4.33304,10.0875,1.53419
4.33486,10.1245,1.53419
4.33718,10.1844,1.53419
4.33878,10.2251,1.53419
4.33951,10.2663,1.55219
4.33985,10.2788,1.54766
4.34031,10.2994,1.54766
4.34122,10.3406,1.54766
4.34214,10.3817,1.54766
4.3426,10.4023,1.56466
4.34255,10.4221,1.56466
4.34347,10.4632,1.56466
4.34377,10.4879,1.56488
4.34341,10.5506,1.56488
4.3435,10.5726,1.56488
4.34309,10.5937,1.56488
4.34278,10.6367,1.58288
4.34237,10.6578,1.58288
4.34145,10.6559,1.57784
4.34135,10.6989,1.57784
4.34074,10.7411,1.57784
4.34034,10.8052,1.57784
4.33974,10.8474,1.57784
4.3392,10.8692,1.57995
4.33885,10.8903,1.57995
4.33866,10.9333,1.57995
4.33797,10.9755,1.57995
4.33727,11.0177,1.57995
4.33708,11.0607,1.57995
4.33638,11.1002,1.5818
4.33561,11.1424,1.5818
4.33495,11.2065,1.5818
4.33457,11.2276,1.5818
4.33418,11.2487,1.5818
4.33379,11.2698,1.5818
4.33196,11.3303,1.58634
4.3315,11.3733,1.58634
4.33102,11.3944,1.58634
4.33053,11.4155,1.58634
4.32669,11.4187,1.59067
4.32612,11.4398,1.59067
4.32554,11.4609,1.59067
4.32547,11.4828,1.59067
4.32432,11.525,1.59067
4.32317,11.5672,1.59067
4.32252,11.6102,1.59067
4.32109,11.5888,1.59019
4.32053,11.6099,1.59019
4.31877,11.6951,1.59019
4.31821,11.7162,1.59019
4.31764,11.7373,1.59019
4.31708,11.7583,1.59019
4.31651,11.7794,1.59019
4.31579,11.7815,1.58562
4.31533,11.8026,1.58562
4.31486,11.8237,1.58562
4.31392,11.8659,1.58562
4.31349,11.909,1.58562
4.31302,11.93,1.58562
4.31383,11.9758,1.58222
4.31315,12.0399,1.58222
4.31236,12.0821,1.58222
4.31156,12.1243,1.58222
4.31077,12.1665,1.58222
4.31168,12.3056,1.583
4.31127,12.3267,1.583
4.31054,12.3908,1.583
4.30971,12.433,1.583
4.3093,12.4541,1.583
4.30889,12.4752,1.583
4.30847,12.4963,1.583
4.30459,12.5306,1.5939
4.30394,12.5517,1.5939
4.3033,12.5728,1.5939
4.30202,12.615,1.5939
4.29972,12.6796,1.5939
4.2984,12.7053,1.60073
4.29653,12.7694,1.60073
4.29496,12.8116,1.60073
4.29339,12.8538,1.60073
4.2923,12.8968,1.60073
4.29257,12.929,1.6025
4.29174,12.9501,1.6025
4.2901,12.9923,1.6025
4.28845,13.0344,1.6025
4.28681,13.0766,1.6025
4.28598,13.0977,1.6025
4.28565,13.1196,1.6025
4.28791,13.193,1.59092
4.28676,13.2351,1.59092
4.28618,13.2562,1.59092
4.2856,13.2773,1.59092
4.28444,13.3195,1.59092
4.28386,13.3406,1.59092
4.28819,13.3499,1.57079
4.28809,13.4351,1.57079
4.28845,13.4571,1.57079
4.28799,13.5204,1.57079
4.28783,13.5415,1.57079
4.28904,13.5083,1.56722
4.28896,13.5294,1.56722
4.2888,13.5716,1.56722
4.28864,13.6137,1.56722
4.28848,13.6559,1.56722
4.28832,13.6981,1.56722
4.28832,13.6981,1.56722
4.28923,13.6552,1.56363
4.28922,13.6974,1.56363
4.28922,13.7185,1.56363
4.28921,13.7396,1.56363
4.28921,13.7818,1.56363
4.2892,13.8029,1.56363
4.28856,13.6881,1.56187
4.28862,13.7303,1.56187
4.28869,13.7725,1.56187
4.28984,13.8375,1.56187
4.2899,13.8797,1.56187
4.28977,13.7907,1.55821
4.28988,13.8118,1.55821
4.2901,13.854,1.55821
4.29032,13.8962,1.55821
4.29054,13.9384,1.55821
4.29095,13.9195,1.56055
4.29107,13.9617,1.56055
4.29119,14.0039,1.56055
4.29132,14.0461,1.56055
4.2915,14.1094,1.56055
4.29175,14.1387,1.56339
4.29175,14.1598,1.56339
4.29175,14.1809,1.56339
4.29228,14.245,1.56339
4.29228,14.2872,1.56339
4.29186,14.2901,1.56428
4.29184,14.3112,1.56428
4.29181,14.3534,1.56428
4.2923,14.3964,1.56428
4.29228,14.4175,1.56428
4.29226,14.4386,1.56428
4.29222,14.4808,1.56428
4.29168,14.4704,1.56506
4.29162,14.5126,1.56506
4.29136,14.5525,1.56506
4.29133,14.5736,1.56506
4.29245,14.6139,1.56506
4.29189,14.6342,1.56506
4.29188,14.628,1.56155
4.29248,14.6711,1.56155
4.29361,14.715,1.56155
4.29369,14.7572,1.54355
4.29429,14.8002,1.54355
4.29433,14.8213,1.54355
4.29471,14.873,1.54899
4.29542,14.9147,1.56699
4.29527,14.9568,1.54899
4.29605,14.9774,1.56699
4.29598,14.9985,1.56699
4.29616,15.0393,1.56699
4.29677,15.0794,1.55026
4.29711,15.1194,1.55026
4.29772,15.1804,1.56726
4.29721,15.2209,1.56726
4.29696,15.2412,1.56726
4.29819,15.3377,1.56585
4.2988,15.3799,1.56585
4.29889,15.4212,1.58385
4.29812,15.4631,1.58385
4.2979,15.5058,1.58385
4.29736,15.5274,1.58385
4.29736,15.5274,1.58385
4.29715,15.6768,1.57643
4.2967,15.7187,1.57643
4.29632,15.7403,1.57643
4.29625,15.7606,1.57643
4.29549,15.8038,1.57643
4.29513,15.8403,1.58387
4.29405,15.8835,1.58387
4.29351,15.9051,1.58387
4.29298,15.9268,1.58387
4.29083,15.9908,1.58387
4.29029,16.0124,1.58387
4.28777,16.045,1.58768
4.28653,16.0882,1.58768
4.28529,16.1315,1.58768
4.28405,16.1747,1.58768
4.28281,16.218,1.58768
4.28219,16.2396,1.60468
4.28219,16.2396,1.60468
4.277,16.2959,1.58858
4.27619,16.3608,1.58858
4.27591,16.3824,1.58858
4.27564,16.4041,1.58858
4.2751,16.4473,1.58858
4.27722,16.4884,1.58334
4.2769,16.5316,1.58334
4.27674,16.5533,1.58334
4.27658,16.5749,1.58334
4.27627,16.6182,1.58334
4.27595,16.6614,1.58334
4.27701,16.6677,1.58284
4.27671,16.711,1.58284
4.27642,16.7543,1.58284
4.27612,16.7975,1.58284
4.27582,16.8408,1.58284
4.27568,16.8624,1.58284
4.27568,16.8624,1.58284
4.27563,16.9534,1.57678
4.27558,17.0183,1.57678
4.27556,17.0399,1.57678
4.27555,17.0615,1.57678
4.27476,17.0825,1.57693
4.27471,17.1257,1.57693
4.27414,17.1465,1.57693
4.27357,17.1673,1.57693
4.27353,17.2106,1.57693
4.27349,17.2539,1.57693
4.27351,17.3007,1.5793
4.27274,17.3647,1.5793
4.27212,17.3855,1.5793
4.27204,17.4072,1.5793
4.2719,17.4504,1.5793
4.27128,17.4712,1.5793
4.27092,17.5042,1.57701
4.27083,17.5907,1.57701
4.27023,17.6331,1.57701
4.27017,17.698,1.57701
4.26985,17.7189,1.57843
4.2698,17.7405,1.57843
4.26969,17.7838,1.57843
4.26903,17.8262,1.57843
4.26898,17.8478,1.57843
4.26893,17.8695,1.57843
4.26882,17.9127,1.57843
4.26853,17.9357,1.58006
4.26836,17.979,1.58006
4.26838,18.0425,1.58006
4.26774,18.0633,1.58006
4.26765,18.0849,1.58006
4.26756,18.1066,1.58006
4.26758,18.1336,1.58295
4.26762,18.1683,1.58295
4.26747,18.1899,1.54795
4.26832,18.2277,1.54795
4.27024,18.2707,1.54795
4.27161,18.3128,1.54795
4.27307,18.3231,1.55307
4.27422,18.3653,1.55307
4.27624,18.451,1.53607
4.27682,18.4721,1.53607
4.27739,18.4932,1.53607
4.27797,18.5143,1.53607
4.28079,18.5364,1.5492
4.28139,18.5786,1.5492
4.28198,18.6432,1.5492
4.28228,18.6643,1.5492
4.28312,18.6863,1.5492
4.2858,18.7254,1.55173
4.2863,18.7676,1.55173
4.28732,18.8107,1.55173
4.28757,18.8318,1.55173
4.28782,18.8529,1.55173
4.28831,18.895,1.55173
4.29049,18.9594,1.55039
4.29077,18.9805,1.55039
4.29104,19.0016,1.55039
4.29181,19.046,1.55039
4.2929,19.089,1.55039
4.29317,19.1101,1.55039
4.29377,19.1342,1.54636
4.29449,19.1763,1.54636
4.29521,19.2185,1.54636
4.29629,19.2818,1.54636
4.29666,19.3029,1.54636
4.29702,19.324,1.54636
4.29821,19.3623,1.54309
4.29907,19.4045,1.54309
4.30004,19.4264,1.54309
4.30186,19.4905,1.54309
4.30272,19.5327,1.54309
4.30453,19.582,1.54452
4.30572,19.6452,1.54452
4.30612,19.6663,1.54452
4.30652,19.6874,1.54452
4.30786,19.7305,1.54452
4.30826,19.7515,1.54452
4.30847,19.7742,1.54555
4.30869,19.8156,1.54555
4.30837,19.8561,1.56255
4.30859,19.8974,1.56255
4.30811,19.9582,1.56255
4.30745,19.9729,1.55094
4.30807,19.994,1.55094
4.30877,20.0353,1.56894
4.30918,20.078,1.56894
4.30896,20.0997,1.56894
4.30959,20.1208,1.56894
4.30915,20.164,1.56894
4.30922,20.1637,1.56375
4.3093,20.2055,1.56375
4.3092,20.2272,1.56375
4.30899,20.2704,1.56375
4.30824,20.3129,1.56375
4.30813,20.3345,1.56375
4.30793,20.2709,1.56497
4.30712,20.3133,1.56497
4.3077,20.356,1.56497
4.30744,20.3993,1.56497
4.30718,20.4425,1.56497
4.30705,20.4642,1.56497
4.30597,20.4935,1.58092
4.30449,20.5359,1.58092
4.30385,20.5778,1.58092
4.30337,20.5994,1.58092
4.3029,20.621,1.58092
4.30195,20.6643,1.58092
4.30027,20.7162,1.58349
4.29921,20.7595,1.58349
4.29815,20.8028,1.58349
4.29762,20.8244,1.58349
4.2955,20.8884,1.58349
4.29592,20.885,1.57346
4.2953,20.9282,1.57346
4.29467,20.9715,1.57346
4.2935,21.0139,1.57346
4.29288,21.0572,1.57346
4.29256,21.0788,1.57346
4.29431,21.0762,1.56477
4.29394,21.1411,1.56477
4.29369,21.1844,1.58177
4.29289,21.2268,1.58177
4.29221,21.2476,1.58177
4.29209,21.2693,1.58177
4.29328,21.3004,1.5668
4.29368,21.3437,1.5668
4.29408,21.3869,1.5668
4.29428,21.4085,1.5668
4.29468,21.4518,1.5668
4.29487,21.4734,1.5668
4.29541,21.4993,1.56661
4.29608,21.5411,1.56661
4.29669,21.606,1.56661
4.2969,21.6277,1.56661
4.29674,21.6701,1.54961
4.29694,21.6917,1.54961
4.29694,21.6917,1.54961
4.29593,21.7763,1.56116
4.29584,21.8196,1.57816
4.2958,21.8412,1.57816
4.29575,21.8628,1.57816
4.29565,21.9061,1.57816
4.29637,21.9946,1.55245
4.29651,22.0163,1.55245
4.29665,22.0379,1.55245
4.29693,22.0812,1.56945
4.29721,22.1244,1.56945
4.29689,22.1379,1.57482
4.29621,22.1811,1.59182
4.29464,22.2452,1.59182
4.2943,22.2668,1.59182
4.29395,22.2884,1.59182
4.29307,22.3092,1.59182
4.29273,22.3309,1.59182
4.29242,22.3747,1.57962
4.29199,22.4157,1.57962
4.29131,22.451,1.54462
4.29124,22.469,1.54462
4.292,22.4901,1.54462
4.29275,22.5112,1.54462
4.29551,22.5089,1.54318
4.29709,22.551,1.52618
4.29811,22.5923,1.52618
4.30023,22.6353,1.52618
4.29933,22.5598,1.53157
4.30055,22.5817,1.53157
4.30228,22.6463,1.53157
4.30295,22.6674,1.53157
4.30484,22.7104,1.53157
4.30552,22.7315,1.53157
4.30619,22.7526,1.53157
4.30685,22.794,1.52852
4.30832,22.8361,1.52852
4.3098,22.8783,1.52852
4.31082,22.898,1.52852
4.31286,22.9374,1.52852
4.3136,22.9585,1.51052
4.318,23.02,1.50905
4.31905,23.0397,1.50905
4.32065,23.0602,1.50905
4.32386,23.1013,1.49205
4.32706,23.1423,1.49205
4.32866,23.1629,1.49205
4.3307,23.2123,1.47338
4.33691,23.2724,1.45538
4.3417,23.3128,1.45538
4.3465,23.3533,1.45538
4.3493,23.3732,1.43838
4.35186,23.3945,1.43838
4.35508,23.3977,1.43085
4.361,23.4376,1.43085
4.37283,23.5172,1.44785
4.37497,23.5377,1.44785
4.37711,23.5581,1.44785
4.38549,23.6537,1.46418
4.38926,23.6939,1.48118
4.39061,23.7149,1.49918
4.39221,23.7346,1.51618
4.39377,23.7751,1.53418
4.39455,23.7953,1.55118
4.39405,23.8665,1.60172
4.39312,23.8864,1.60172
4.39128,23.9264,1.60172
4.38943,23.9664,1.61972
4.38675,24.0069,1.61972
4.38876,24.0415,1.61925
4.38784,24.0614,1.63625
4.38436,24.1025,1.63625
4.37849,24.1827,1.65325
4.37444,24.223,1.65325
4.37444,24.223,1.65325
4.37332,24.2901,1.67099
4.36929,24.3303,1.67099
4.36582,24.3714,1.67099
4.36408,24.392,1.67099
4.36152,24.4131,1.67099
4.35978,24.4336,1.67099
4.35082,24.4842,1.69793
4.3454,24.5257,1.71493
4.34311,24.5462,1.71493
4.33685,24.5882,1.71493
4.33143,24.6298,1.71493
4.32987,24.6492,1.71082
4.32683,24.6702,1.71082
4.32074,24.7123,1.71082
4.31466,24.7544,1.71082
4.30857,24.7965,1.71082
4.30278,24.8372,1.71082
4.30919,24.8591,1.68599
4.30441,24.8999,1.68599
4.29989,24.9394,1.68599
4.29537,24.9788,1.66899
4.29142,25.0191,1.66899
4.28916,25.0388,1.66899
4.28916,25.0388,1.66899
4.29137,25.0852,1.67129
4.28732,25.1254,1.65329
4.28328,25.1657,1.65329
4.28153,25.1862,1.65329
4.27749,25.2265,1.65329
4.28138,25.252,1.64699
4.27745,25.293,1.64699
4.27549,25.3136,1.64699
4.27353,25.3341,1.64699
4.27127,25.374,1.62999
4.26901,25.414,1.62999
4.27296,25.4305,1.62597
4.27059,25.4718,1.60797
4.26662,25.5359,1.60797
4.26613,25.5567,1.60797
4.26481,25.5781,1.60797
4.26349,25.5994,1.60797
4.26216,25.6208,1.60797
4.26164,25.6762,1.60716
4.25986,25.7184,1.60716
4.25808,25.7605,1.60716
4.255,25.8241,1.60716
4.25239,25.8412,1.60641
4.2512,25.8842,1.60641
4.24992,25.9055,1.60641
4.24946,25.9263,1.60641
4.24744,25.9699,1.60641
4.24652,26.0115,1.60641
4.24537,26.0172,1.61165
4.24397,26.0385,1.61165
4.24116,26.1029,1.61165
4.23919,26.145,1.61165
4.23777,26.188,1.61165
4.23637,26.2094,1.61165
4.23637,26.2094,1.61165
4.23479,26.2765,1.61271
4.23278,26.3187,1.61271
4.23191,26.3409,1.61271
4.23104,26.3631,1.59571
4.22872,26.4246,1.61271
4.22872,26.4246,1.61271
4.22739,26.4702,1.56612
4.2276,26.4918,1.54912
4.22782,26.5134,1.54912
4.2285,26.5553,1.54912
4.22893,26.5986,1.54912
4.22915,26.6202,1.54912
4.22915,26.6202,1.54912
4.22969,26.6767,1.55901
4.22969,26.72,1.55901
4.23052,26.7843,1.55901
4.23052,26.8059,1.55901
4.23052,26.8276,1.55901
4.23111,26.8429,1.55565
4.23126,26.8862,1.55565
4.23133,26.9078,1.55565
4.2314,26.9295,1.55565
4.23155,26.9727,1.55565
4.23169,27.016,1.55565
4.23326,27.0247,1.5548
4.23335,27.0464,1.5548
4.23398,27.1315,1.5548
4.23417,27.1748,1.5548
4.23426,27.1964,1.5548
4.23859,27.1871,1.53709
4.23954,27.2303,1.53709
4.24049,27.2736,1.53709
4.24226,27.3163,1.53709
4.2437,27.3567,1.53709
4.24442,27.377,1.53709
4.24619,27.389,1.52221
4.2475,27.4295,1.52221
4.24816,27.4497,1.52221
4.24882,27.4699,1.52221
4.2507,27.5112,1.52221
4.25259,27.5525,1.50521
4.25487,27.5895,1.50932
4.25684,27.6294,1.50932
4.25824,27.649,1.52632
4.26021,27.689,1.52632
4.26249,27.7311,1.52632
4.26307,27.7513,1.54432
4.26187,27.7702,1.5358
4.26336,27.8106,1.5358
4.26486,27.8511,1.5358
4.26635,27.8916,1.5358
4.26727,27.9312,1.5358
4.26802,27.9515,1.5358
4.26574,27.9412,1.54774
4.26675,27.9817,1.52974
4.26909,28.0418,1.52974
4.2696,28.0621,1.51274
4.272,28.1028,1.51274
4.27308,28.0996,1.4912
4.27702,28.1406,1.4742
4.27899,28.1611,1.4562
4.28457,28.201,1.4392
4.29015,28.2408,1.4222
4.29351,28.2616,1.4042
4.29741,28.291,1.40805
4.30449,28.3297,1.37305
4.31353,28.3696,1.35605
4.32282,28.408,1.33805
4.32745,28.4254,1.30305
4.3355,28.4514,1.25105
4.34126,28.4705,1.25105
4.35699,28.5002,1.25021
4.37164,28.5383,1.21521
4.3863,28.5764,1.19821
4.39362,28.5954,1.18021
4.40095,28.6144,1.16321
4.41729,28.6514,1.14521
4.43297,28.6785,1.11806
4.45136,28.7142,1.08306
4.46056,28.7321,1.06606
4.48063,28.7667,1.03106
4.50154,28.8009,1.01306
4.52329,28.8344,0.996057
4.52821,28.8296,0.997282
4.56071,28.88,0.962282
4.58351,28.913,0.945282
4.60717,28.9454,0.928282
4.61941,28.9613,0.910282
4.63166,28.9772,0.910282
4.669,29.0291,0.894812
4.69459,29.0605,0.877812
4.70825,29.0756,0.859812
4.72104,29.0913,0.859812
4.7475,29.1221,0.859812
4.76115,29.1372,0.842812
4.769,29.0963,0.781905
4.82721,29.1534,0.763905
4.84177,29.1677,0.763905
4.87226,29.1966,0.763905
4.90276,29.2254,0.763905
4.89851,29.2058,0.751217
4.91324,29.2199,0.751217
4.94271,29.2481,0.751217
4.97217,29.2764,0.751217
5.00246,29.304,0.734217
5.01719,29.3181,0.734217
5.03274,29.3316,0.734217
5.0581,29.3583,0.700365
5.08982,29.384,0.665365
5.12319,29.4086,0.630365
5.1396,29.4204,0.612365
5.17324,29.4436,0.577365
5.17324,29.4436,0.577365
5.21546,29.4665,0.531225
5.25036,29.4866,0.496225
5.26864,29.496,0.496225
5.30437,29.5155,0.461225
5.34039,29.5336,0.444225
5.35544,29.5316,0.428545
5.3733,29.54,0.410545
5.41068,29.5556,0.393545
5.44806,29.5711,0.375545
5.48626,29.5862,0.375545
5.52446,29.6012,0.358545
5.51335,29.5981,0.356108
5.53428,29.6056,0.356108
5.59287,29.6271,0.356108
5.63389,29.6426,0.356108
5.65342,29.6497,0.356108
5.67295,29.6569,0.356108
5.69192,29.6633,0.356108
5.77872,29.6893,0.366779
5.79748,29.697,0.384779
5.81624,29.7046,0.384779
5.85236,29.7196,0.419779
5.87619,29.731,0.436779
5.90739,29.7425,0.431218
5.9253,29.7517,0.431218
5.96054,29.7692,0.466218
5.99555,29.7882,0.500218
6.03035,29.8085,0.535218
6.04805,29.8191,0.553218
6.06495,29.8303,0.570218
6.08184,29.8414,0.588218
6.186,29.8976,0.609884
6.20305,29.9097,0.627884
6.22011,29.9217,0.627884
6.25342,29.9464,0.661884
6.28595,29.9718,0.679884
6.31857,30.0018,0.670596
6.36604,30.0404,0.688596
6.38186,30.0533,0.705596
6.41273,30.0796,0.723596
6.41273,30.0796,0.723596
6.44283,30.1067,0.740596
6.46054,30.1359,0.800395
6.48839,30.1649,0.818395
6.51466,30.1952,0.835395
6.5278,30.2103,0.852395
6.54094,30.2254,0.870395
6.55408,30.2405,0.870395
6.57747,30.31,0.992262
6.59935,30.3434,1.00926
6.60945,30.3607,1.02726
6.63049,30.3948,1.04426
6.6507,30.4293,1.06226
6.65996,30.4472,1.07926
6.64863,30.473,1.05838
6.6679,30.5083,1.07638
6.68717,30.5436,1.07638
6.707,30.5797,1.07638
6.7274,30.6166,1.09338
6.73723,30.6489,1.0979
6.74596,30.6671,1.0979
6.76507,30.7025,1.0979
6.78418,30.7379,1.0979
6.80329,30.7732,1.0809
6.81285,30.7909,1.0809
6.8224,30.8086,1.0809
6.82858,30.8281,1.10054
6.84808,30.8655,1.10054
6.87733,30.9216,1.10054
6.89683,30.959,1.10054
6.90604,30.9769,1.10054
6.92613,30.9997,1.05764
6.94607,31.0346,1.05764
6.96599,31.0695,1.05764
6.98592,31.1044,1.05764
7.00585,31.1393,1.03964
7.01581,31.1568,1.03964
7.0333,31.1859,1.01495
7.06447,31.2375,1.01495
7.08526,31.2719,1.01495
7.09565,31.2891,1.03295
7.10604,31.3063,1.03295
7.12683,31.3407,1.03295
7.14561,31.3704,0.989228
7.16884,31.4031,0.954228
7.19286,31.4351,0.919228
7.20526,31.4508,0.902228
7.24324,31.4972,0.832228
7.25721,31.5117,0.815228
7.25965,31.5166,0.821274
7.27301,31.5316,0.803273
7.29585,31.5545,0.751273
7.31084,31.5684,0.716273
7.32465,31.5806,0.681274
7.33236,31.5861,0.664274
7.34007,31.5916,0.646274
7.36322,31.6082,0.594274
7.37946,31.6187,0.559274
7.3965,31.6285,0.541274
7.40502,31.6335,0.524273
7.41355,31.6384,0.506273
7.44569,31.6516,0.465031
7.46316,31.6596,0.448031
7.4712,31.6636,0.448031
7.48003,31.6669,0.430031
7.50632,31.6783,0.413031
7.52459,31.6857,0.413031
7.53341,31.689,0.395031
7.54224,31.6924,0.395031
7.5599,31.699,0.378031
7.59521,31.7123,0.325031
7.60344,31.7148,0.325031
7.60885,31.717,0.308031
7.61427,31.7192,0.308031
7.61628,31.7201,0.325031
7.6189,31.7219,0.465031
7.6189,31.7219,0.605031
7.61768,31.7203,0.727031
7.61465,31.7163,0.744031
7.61708,31.7195,0.744031
7.62212,31.7245,0.727031
7.61611,31.7172,0.705803
7.63123,31.7309,0.653803
7.65714,31.749,0.548803
7.66631,31.7547,0.513802
7.67569,31.7589,0.478803
7.69504,31.7682,0.408803
7.71201,31.7743,0.356803
7.71879,31.7767,0.321802
7.72359,31.7782,0.286803
7.73317,31.781,0.234803
7.73936,31.7827,0.199803
7.73905,31.753,0.0423779
7.75466,31.7528,-0.0096221
7.75466,31.7528,-0.0096221
7.75466,31.7528,-0.0096221
7.75466,31.7528,-0.0096221
7.75466,31.7528,-0.0096221
7.75466,31.7528,-0.0096221
7.75466,31.7528,-0.0096221
7.75466,31.7528,-0.0096221
7.75466,31.7528,-0.0096221
7.75466,31.7528,-0.0096221
7.75466,31.7528,-0.0096221
7.75466,31.7528,-0.0096221
7.75466,31.7528,-0.0096221
7.75466,31.7528,-0.0096221
7.75466,31.7528,-0.0096221
7.75466,31.7528,-0.0096221
7.75466,31.7528,-0.0096221
7.75466,31.7528,-0.0096221
7.75466,31.7528,-0.0096221
7.75466,31.7528,-0.0096221
7.75466,31.7528,-0.0096221
7.75466,31.7528,-0.0096221
7.75466,31.7528,-0.0096221
7.75466,31.7528,-0.0096221
7.75466,31.7528,-0.0096221
7.75466,31.7528,-0.0096221
7.75466,31.7528,-0.0096221
7.75466,31.7528,-0.0096221
7.75466,31.7528,-0.0096221
7.75466,31.7528,-0.0096221
7.75466,31.7528,-0.0096221
7.75466,31.7528,-0.0096221
7.75466,31.7528,-0.0096221
7.75466,31.7528,-0.0096221
7.75466,31.7528,-0.0096221
7.75466,31.7528,-0.0096221
7.75466,31.7528,-0.0096221
7.75466,31.7528,-0.0096221
7.75466,31.7528,-0.0096221
7.75466,31.7528,-0.0096221
7.75466,31.7528,-0.0096221
7.75466,31.7528,-0.0096221
7.75466,31.7528,-0.0096221
7.75466,31.7528,-0.0096221
7.75466,31.7528,-0.0096221
7.75466,31.7528,-0.0096221
7.75466,31.7528,-0.0096221
7.75466,31.7528,-0.0096221
7.75466,31.7528,-0.0096221
7.75466,31.7528,-0.0096221
7.75466,31.7528,-0.0096221
7.75466,31.7528,-0.0096221
7.75466,31.7528,-0.0096221
7.75466,31.7528,-0.0096221
7.75466,31.7528,-0.0096221
7.75466,31.7528,-0.0096221
7.75466,31.7528,-0.0096221
7.75466,31.7528,-0.0096221
7.75466,31.7528,-0.0096221
7.75466,31.7528,-0.0096221
7.75466,31.7528,-0.0096221
7.75466,31.7528,-0.0096221
7.75466,31.7528,-0.0096221
7.75466,31.7528,-0.0096221
7.75466,31.7528,-0.0096221
7.75466,31.7528,-0.0096221
7.75466,31.7528,-0.0096221
7.75466,31.7528,-0.0096221
7.75466,31.7528,-0.0096221
7.75466,31.7528,-0.0096221
7.75466,31.7528,-0.0096221
7.75466,31.7528,-0.0096221
7.75466,31.7528,-0.0096221
7.75466,31.7528,-0.0096221
7.75466,31.7528,-0.0096221
7.75466,31.7528,-0.0096221
7.75466,31.7528,-0.0096221
7.75466,31.7528,-0.0096221
7.75466,31.7528,-0.0096221
7.75466,31.7528,-0.0096221
7.75466,31.7528,-0.0096221
7.75466,31.7528,-0.0096221
7.75466,31.7528,-0.0096221
7.75466,31.7528,-0.0096221
7.75466,31.7528,-0.0096221
7.75466,31.7528,-0.0096221
7.75466,31.7528,-0.0096221
7.75466,31.7528,-0.0096221
7.75466,31.7528,-0.0096221
7.75466,31.7528,-0.0096221
7.75466,31.7528,-0.0096221
7.75466,31.7528,-0.0096221
7.75466,31.7528,-0.0096221
7.75466,31.7528,-0.0096221
7.75466,31.7528,-0.0096221
7.75466,31.7528,-0.0096221
7.75466,31.7528,-0.0096221
7.75466,31.7528,-0.0096221
7.75466,31.7528,-0.0096221
7.75466,31.7528,-0.0096221
7.75466,31.7528,-0.0096221
7.75466,31.7528,-0.0096221
7.75466,31.7528,-0.0096221
7.75466,31.7528,-0.0096221
7.75466,31.7528,-0.0096221
7.75466,31.7528,-0.0096221
7.75466,31.7528,-0.0096221
7.75466,31.7528,-0.0096221
7.75466,31.7528,-0.0096221
7.75466,31.7528,-0.0096221
7.75466,31.7528,-0.0096221
7.75466,31.7528,-0.0096221
7.75466,31.7528,-0.0096221
7.75466,31.7528,-0.0096221
7.75466,31.7528,-0.0096221
7.75466,31.7528,-0.0096221
7.75466,31.7528,-0.0096221
7.75466,31.7528,-0.0096221
7.75466,31.7528,-0.0096221
7.75466,31.7528,-0.0096221
7.75466,31.7528,-0.0096221
7.75466,31.7528,-0.0096221
7.75466,31.7528,-0.0096221
7.75466,31.7528,-0.0096221
7.75466,31.7528,-0.0096221
7.75466,31.7528,-0.0096221
7.75466,31.7528,-0.0096221
7.75466,31.7528,-0.0096221
7.75466,31.7528,-0.0096221
7.75466,31.7528,-0.0096221
7.75466,31.7528,-0.0096221
7.75466,31.7528,-0.0096221
7.75466,31.7528,-0.0096221
7.75466,31.7528,-0.0096221
7.75466,31.7528,-0.0096221
7.75466,31.7528,-0.0096221
7.75466,31.7528,-0.0096221
7.75466,31.7528,-0.0096221
7.75466,31.7528,-0.0096221
7.75466,31.7528,-0.0096221
7.75466,31.7528,-0.0096221
7.75466,31.7528,-0.0096221
7.75466,31.7528,-0.0096221
7.75466,31.7528,-0.0096221
7.75466,31.7528,-0.0096221
7.75466,31.7528,-0.0096221
7.75466,31.7528,-0.0096221
7.75466,31.7528,-0.0096221
7.75466,31.7528,-0.0096221
7.75466,31.7528,-0.0096221
7.75466,31.7528,-0.0096221
7.75466,31.7528,-0.0096221
7.75466,31.7528,-0.0096221
7.75466,31.7528,-0.0096221
7.75466,31.7528,-0.0096221
7.75466,31.7528,-0.0096221
7.75466,31.7528,-0.0096221
7.75466,31.7528,-0.0096221
7.75466,31.7528,-0.0096221
7.75466,31.7528,-0.0096221
7.75466,31.7528,-0.0096221
7.75466,31.7528,-0.0096221
7.75466,31.7528,-0.0096221
7.75466,31.7528,-0.0096221
7.75466,31.7528,-0.0096221
7.75466,31.7528,-0.0096221
7.75466,31.7528,-0.0096221
7.75466,31.7528,-0.0096221
7.75466,31.7528,-0.0096221
7.75466,31.7528,-0.0096221
7.75466,31.7528,-0.0096221
7.75466,31.7528,-0.0096221
7.75466,31.7528,-0.0096221
7.75466,31.7528,-0.0096221
7.75466,31.7528,-0.0096221
7.75466,31.7528,-0.0096221
7.75466,31.7528,-0.0096221
7.75466,31.7528,-0.0096221
7.75466,31.7528,-0.0096221
7.75466,31.7528,-0.0096221
7.75466,31.7528,-0.0096221
7.75466,31.7528,-0.0096221
7.75466,31.7528,-0.0096221
7.75466,31.7528,-0.0096221
7.75466,31.7528,-0.0096221
7.75466,31.7528,-0.0096221
7.75466,31.7528,-0.0096221
7.75466,31.7528,-0.0096221
7.75466,31.7528,-0.0096221
7.75466,31.7528,-0.0096221
7.75466,31.7528,-0.0096221
7.75466,31.7528,-0.0096221
7.75466,31.7528,-0.0096221
7.75466,31.7528,-0.0096221
7.75466,31.7528,0.00837791
7.75466,31.7528,0.00837791
7.75466,31.7528,0.00837791
7.75466,31.7528,0.00837791
7.75466,31.7528,0.00837791
7.75466,31.7528,0.00837791
7.75466,31.7528,0.00837791
7.75466,31.7528,0.00837791
7.75466,31.7528,0.00837791
7.75466,31.7528,0.00837791
7.75466,31.7528,0.00837791
7.75466,31.7528,0.00837791
7.75466,31.7528,0.00837791
7.75466,31.7528,0.00837791
7.75466,31.7528,0.00837791
7.75466,31.7528,0.00837791
7.75466,31.7528,0.00837791
7.75466,31.7528,0.00837791
7.75466,31.7528,0.00837791
7.75466,31.7528,0.00837791
7.75466,31.7528,0.00837791
7.75466,31.7528,0.00837791
7.75466,31.7528,0.00837791
7.75466,31.7528,0.00837791
7.75466,31.7528,0.00837791
7.75466,31.7528,0.00837791
7.75466,31.7528,0.00837791
7.75466,31.7528,0.00837791
7.75466,31.7528,0.00837791
7.75466,31.7528,0.00837791
7.75466,31.7528,0.00837791
7.75466,31.7528,0.00837791
7.75466,31.7528,0.00837791
7.75466,31.7528,0.00837791
7.75466,31.7528,0.00837791
7.75466,31.7528,0.00837791
7.75466,31.7528,0.00837791
7.75466,31.7528,0.00837791
7.75466,31.7528,0.00837791
7.75466,31.7528,0.00837791
7.75466,31.7528,0.00837791
7.75466,31.7528,0.00837791
7.75466,31.7528,0.00837791
7.75466,31.7528,0.00837791
7.75466,31.7528,0.00837791
7.75466,31.7528,0.00837791
7.75466,31.7528,0.00837791
7.75466,31.7528,0.00837791
7.75466,31.7528,0.00837791
7.75466,31.7528,0.00837791
7.75466,31.7528,0.00837791
7.75466,31.7528,-0.0096221
7.75466,31.7528,-0.0446221
7.75466,31.7528,-0.0616221
7.75466,31.7528,-0.0796221
7.75466,31.7528,-0.131622
7.75466,31.7528,-0.148622
7.75466,31.7528,-0.166622
7.75466,31.7528,-0.183622
7.75542,31.7522,-0.218622
7.77495,31.7473,-0.271622
7.82812,31.7295,-0.375622
7.84646,31.7217,-0.410622
7.84646,31.7217,-0.410622
7.90091,31.6669,-0.636532
7.91707,31.6547,-0.653532
7.93324,31.6426,-0.688532
7.94798,31.629,-0.723532
7.96272,31.6155,-0.776532
8.00266,31.5706,-0.915717
8.05655,31.5683,-0.822922
8.05655,31.5683,-0.822922
8.09557,31.5212,-0.927922
8.11857,31.4879,-0.997922
8.14042,31.4529,-1.04992
8.15948,31.4175,-1.10292
8.15771,31.3358,-1.11476
8.17572,31.2992,-1.14976
8.1915,31.2628,-1.18476
8.21312,31.206,-1.23676
8.2195,31.1864,-1.25376
8.2195,31.1864,-1.25376
8.2383,31.0604,-1.24502
8.25105,31.0228,-1.26302
8.25742,31.004,-1.26302
8.26329,30.9843,-1.28002
8.27589,30.9445,-1.28002
8.28175,30.9248,-1.28002
8.31067,30.8098,-1.26556
8.31682,30.7902,-1.26556
8.32825,30.7516,-1.26556
8.34056,30.7124,-1.26556
8.35248,30.6746,-1.26556
8.35531,30.6162,-1.28156
8.36115,30.5965,-1.28156
8.37282,30.5571,-1.26456
8.38551,30.5195,-1.24656
8.3982,30.4819,-1.22956
8.40541,30.4626,-1.21156
8.41261,30.4433,-1.19456
8.43067,30.375,-1.15512
8.44837,30.3385,-1.12012
8.45723,30.3203,-1.10212
8.46746,30.3025,-1.08512
8.48705,30.2672,-1.05012
8.49728,30.2494,-1.03312
8.51564,30.2108,-1.00228
8.52739,30.1939,-1.00228
8.55003,30.1605,-0.98528
8.57268,30.1272,-0.95028
8.59724,30.095,-0.93228
8.59592,30.1083,-0.928741
8.60798,30.092,-0.928741
8.63211,30.0595,-0.910741
8.65762,30.0273,-0.876741
8.68368,29.9959,-0.858741
8.71058,29.9639,-0.841741
8.74664,29.9274,-0.806719
8.75754,29.9167,-0.788719
8.75838,29.9161,-0.771719
8.76005,29.915,-0.771719
8.77795,29.8986,-0.736719
8.80729,29.8722,-0.718719
8.83802,29.8461,-0.684719
8.85366,29.8335,-0.684719
8.90506,29.7951,-0.667081
8.92104,29.7831,-0.649081
8.953,29.7589,-0.632081
8.98552,29.7356,-0.614081
9.01861,29.7131,-0.596896
9.03515,29.7019,-0.596896
9.03515,29.7019,-0.596896
9.08837,29.6788,-0.594946
9.12111,29.6558,-0.576946
9.15443,29.6337,-0.576946
9.17138,29.623,-0.576946
9.20469,29.6009,-0.559946
9.23589,29.5962,-0.56069
9.26977,29.5748,-0.56069
9.28671,29.5642,-0.54269
9.30365,29.5535,-0.54269
9.33809,29.5329,-0.54269
9.37278,29.511,-0.54269
9.41151,29.5059,-0.507589
9.4292,29.4963,-0.507589
9.48226,29.4677,-0.507589
9.49995,29.4581,-0.489589
9.53533,29.439,-0.489589
9.55301,29.4295,-0.489589
9.55301,29.4295,-0.489589
9.61846,29.4117,-0.454142
9.65419,29.3933,-0.454142
9.69045,29.3757,-0.436142
9.74567,29.3505,-0.419142
9.76727,29.3539,-0.383846
9.80542,29.3394,-0.349846
9.8245,29.3322,-0.349846
9.84411,29.3259,-0.331846
9.8828,29.3123,-0.314846
9.92201,29.2996,-0.296846
9.94473,29.2991,-0.283011
9.98497,29.2879,-0.248011
10.0042,29.2829,-0.248011
10.0439,29.2745,-0.230011
10.0835,29.2661,-0.195011
10.1033,29.2619,-0.195011
10.1033,29.2619,-0.195011
10.1632,29.2493,-0.18162
10.2029,29.2423,-0.16362
10.2432,29.2361,-0.12862
10.2831,29.2313,-0.11162
10.3031,29.229,-0.11162
10.3031,29.229,-0.11162
10.3749,29.2288,-0.0419901
10.4354,29.2271,-0.00699004
10.4551,29.2264,-0.00699004
10.4956,29.2268,-0.00699004
10.5366,29.2276,0.0148196
10.577,29.2282,0.0148196
10.6189,29.229,0.0148196
10.6356,29.2292,0.0148196
10.645,29.2292,0.0148196
10.6697,29.229,0.0148196
10.6891,29.2298,0.0148196
10.7085,29.2306,0.0148196
10.7971,29.222,0.00315671
10.8382,29.2222,0.00315671
10.8792,29.2224,0.00315671
10.9194,29.2232,0.0211567
10.9402,29.2237,0.0211567
10.961,29.2242,0.0211567
11.0484,29.226,0.0171009
11.09,29.2268,0.0171009
11.1108,29.2273,0.0171009
11.1324,29.2271,0.0171009
11.1746,29.2288,0.0171009
11.1954,29.2293,0.0171009
11.2754,29.2297,0.0304239
11.317,29.2304,0.0304239
11.3384,29.2316,0.0304239
11.3811,29.2339,0.0304239
11.4238,29.2363,0.0304239
11.4493,29.2374,0.0314223
11.4707,29.2386,0.0314223
11.5134,29.241,0.0314223
11.5556,29.2426,0.0314223
11.5964,29.2439,0.0494223
11.6371,29.2452,0.0494223
11.6469,29.253,0.0469299
11.6875,29.2556,0.0469299
11.728,29.2582,0.0639299
11.7691,29.2616,0.0819299
11.7888,29.2639,0.0819299
11.8085,29.2661,0.0819299
11.8291,29.2679,0.0989299
11.8874,29.2908,0.110846
11.9268,29.2951,0.110846
11.9663,29.2995,0.127846
11.986,29.3016,0.127846
12.0458,29.3089,0.144846
12.067,29.3253,0.130646
12.1071,29.3299,0.130646
12.1477,29.3353,0.148646
12.1868,29.3418,0.148646
12.2281,29.348,0.148646
12.2484,29.3507,0.148646
12.2694,29.3519,0.14809
12.3288,29.3611,0.16509
12.3686,29.3671,0.16509
12.3882,29.3703,0.16509
12.4077,29.3736,0.16509
12.4468,29.3801,0.18309
12.4663,29.3834,0.18309
12.5653,29.404,0.183872
12.5848,29.4073,0.183872
12.6049,29.4114,0.200872
12.6638,29.4234,0.200872
12.7032,29.4322,0.218872
12.6991,29.4351,0.208668
12.7184,29.4396,0.208668
12.7571,29.4485,0.208668
12.7958,29.4575,0.225668
12.8344,29.4664,0.225668
12.8538,29.4709,0.225668
12.8737,29.4762,0.225668
12.893,29.4807,0.243668
12.9934,29.5101,0.237098
13.0133,29.5153,0.237098
13.0341,29.5198,0.237098
13.0748,29.5295,0.237098
13.0895,29.5411,0.240174
13.1094,29.5463,0.240174
13.1493,29.5567,0.240174
13.1906,29.5674,0.240174
13.2305,29.5778,0.240174
13.271,29.589,0.240174
13.2598,29.592,0.237315
13.2986,29.6007,0.237315
13.3379,29.6102,0.237315
13.3778,29.6206,0.237315
13.3972,29.6249,0.237315
13.4165,29.6293,0.237315
13.4359,29.6336,0.237315
13.5143,29.6491,0.216736
13.5724,29.662,0.216736
13.5918,29.6663,0.216736
13.6112,29.6706,0.216736
13.6499,29.6792,0.199736
13.6701,29.6829,0.199736
13.6742,29.6804,0.186976
13.7131,29.6885,0.168976
13.8317,29.7088,0.151976
13.8513,29.7115,0.151976
13.8709,29.7141,0.151976
13.9316,29.7243,0.14065
14.0102,29.734,0.12265
14.0495,29.7388,0.12265
14.0888,29.7437,0.10565
14.1084,29.7461,0.10565
14.1289,29.7479,0.10565
14.1889,29.7503,0.0859038
14.2291,29.7531,0.0859038
14.2496,29.7549,0.0859038
14.2694,29.7559,0.0689038
14.309,29.7579,0.0689038
14.3289,29.7588,0.0689038
14.3544,29.7587,0.067732
14.4344,29.7633,0.049732
14.4748,29.7653,0.049732
14.5358,29.768,0.032732
14.5922,29.7687,0.0263294
14.6128,29.7692,0.00832938
14.6334,29.7698,0.00832938
14.6754,29.7703,0.00832938
14.7174,29.7709,0.00832938
14.7602,29.7708,0.00832938
14.7528,29.7648,0.00460214
14.7742,29.7647,0.00460214
14.8598,29.7642,0.00460214
14.8804,29.7647,0.00460214
14.901,29.7652,0.00460214
14.921,29.7649,0.00460214
14.9416,29.7654,0.00460214
14.9905,29.7639,-0.00522667
15.0103,29.7648,-0.00522667
15.0303,29.7643,-0.00522667
15.0716,29.7649,0.0127733
15.1144,29.7643,0.0127733
15.2132,29.7626,-0.0026876
15.2338,29.7626,-0.0026876
15.2751,29.7625,-0.0026876
15.3171,29.7618,-0.0026876
15.3591,29.7611,-0.0026876
15.3797,29.7611,-0.0026876
15.4011,29.7604,-0.0026876
15.4966,29.7601,0.0032528
15.5386,29.7596,0.0032528
15.5806,29.7592,0.0032528
15.6424,29.7595,0.0032528
15.663,29.7596,0.0032528
15.6686,29.7592,0.000216959
15.7098,29.76,0.000216959
15.7518,29.7602,0.000216959
15.7938,29.7603,0.000216959
15.8359,29.7605,0.000216959
15.8573,29.7603,0.000216959
15.8773,29.7596,0.000894298
15.9415,29.759,0.000894298
15.9843,29.7586,0.000894298
16.0264,29.7588,0.000894298
16.047,29.7592,0.000894298
16.067,29.7588,0.000894298
16.1219,29.7571,-0.000451775
16.1647,29.7567,-0.000451775
16.2067,29.7568,-0.000451775
16.2281,29.7566,-0.000451775
16.2709,29.7561,-0.000451775
16.2923,29.7559,-0.000451775
16.3634,29.7553,0.00433417
16.384,29.7557,0.00433417
16.4046,29.7562,0.00433417
16.4459,29.7572,0.00433417
16.4871,29.7582,0.0223342
16.5077,29.7587,0.0223342
16.5026,29.7584,0.0120037
16.566,29.758,0.0120037
16.608,29.7579,0.0120037
16.65,29.7578,0.0120037
16.6714,29.7575,0.0120037
16.6921,29.7578,0.0120037
16.6592,29.7573,0.0134141
16.6969,29.7582,0.0134141
16.7055,29.7578,0.0134141
16.7147,29.7582,0.0134141
16.7317,29.7588,0.0134141
16.7913,29.7602,0.0134141
16.8318,29.7614,-0.00458592
16.806,29.761,0.00859269
16.826,29.7607,0.00859269
16.8672,29.7619,0.00859269
16.9528,29.7618,0.00859269
16.9956,29.7617,0.00859269
17.0135,29.7608,-0.00535316
17.0563,29.7601,-0.00535316
17.0991,29.7595,-0.00535316
17.1397,29.7592,-0.00535316
17.1603,29.7595,-0.00535316
17.1803,29.759,-0.00535316
17.2009,29.7593,-0.00535316
17.2438,29.7582,-0.0178453
17.2838,29.7574,-0.0358453
17.3046,29.7564,-0.0528453
17.3454,29.7549,-0.0528453
17.3864,29.7521,-0.0528453
17.4547,29.7489,-0.0613907
17.4955,29.7471,-0.0613907
17.5148,29.7457,-0.0613907
17.5356,29.7445,-0.0613907
17.5764,29.7427,-0.0613907
17.6179,29.7403,-0.0443907
17.6669,29.7378,-0.0580092
17.7277,29.7346,-0.0580092
17.7676,29.7329,-0.0580092
17.8084,29.7306,-0.0400092
17.829,29.7305,-0.0400092
17.829,29.7305,-0.0400092
17.9502,29.7288,-0.0448781
17.9902,29.7269,-0.0278782
18.0308,29.7258,-0.0278782
18.0514,29.7256,-0.0278782
18.072,29.7255,-0.0278782
18.0926,29.7253,-0.0278782
18.3683,29.7256,-0.00951125
18.4088,29.7259,0.00748877
18.4294,29.7257,0.00748877
18.4492,29.7262,0.00748877
18.4889,29.7271,0.00748877
18.5792,29.727,0.0207344
18.6189,29.7278,0.0207344
18.6387,29.7282,0.0207344
18.6812,29.7292,0.0207344
18.7231,29.7294,0.0377344
18.7444,29.7299,0.0377344
18.7623,29.7314,0.0418093
18.804,29.7332,0.0418093
18.8465,29.7344,0.0418093
18.8883,29.7362,0.0418093
18.93,29.738,0.0418093
18.9505,29.7392,0.0418093
18.9505,29.7392,0.0418093
19.0278,29.7446,0.05034
19.0674,29.7459,0.05034
19.1071,29.7471,0.05034
19.127,29.7477,0.0333401
19.1468,29.7483,0.0333401
19.223,29.7504,0.0393734
19.2634,29.7512,0.0393734
19.2833,29.752,0.0393734
19.3237,29.7528,0.0213734
19.3634,29.7543,0.0213734
19.3911,29.7539,0.0210726
19.4117,29.754,0.00407257
19.4529,29.7543,0.00407257
19.4949,29.7539,0.00407257
19.5369,29.7535,0.00407257
19.5789,29.7531,0.00407257
19.6043,29.7526,0.000100578
19.6456,29.7527,0.000100578
19.686,29.7534,0.000100578
19.7265,29.754,0.000100578
19.7471,29.7541,0.000100578
19.7677,29.7541,0.000100578
19.7883,29.7541,0.000100578
19.84,29.7527,0.00976135
19.8606,29.7526,0.00976135
19.8812,29.7524,0.00976135
19.9224,29.7522,0.00976135
19.9637,29.7519,0.00976135
20.0193,29.7529,0.0192774
20.0413,29.7531,0.0192774
20.0619,29.7532,0.0192774
20.1038,29.7541,0.0192774
20.1456,29.7551,0.0192774
20.1881,29.7568,0.0192774
20.2127,29.7577,0.0238561
20.2333,29.7579,0.0418561
20.3148,29.7606,0.0238561
20.3347,29.7614,0.0238561
20.3545,29.7622,0.0238561
20.3743,29.7629,0.0238561
20.395,29.7631,0.0238561
20.452,29.7619,0.0187409
20.4933,29.7621,0.0187409
20.5337,29.7628,0.00174092
20.5749,29.7629,0.00174092
20.5963,29.7624,0.00174092
20.6228,29.7613,0.00474764
20.6854,29.761,0.00474764
20.7274,29.7607,0.00474764
20.7695,29.7603,0.00474764
20.8115,29.7599,0.00474764
20.8183,29.758,0.00199475
20.8389,29.758,0.00199475
20.8809,29.7575,0.00199475
20.9229,29.757,0.00199475
20.9847,29.7572,0.00199475
21.0053,29.7573,0.00199475
21.0644,29.7569,0.0171393
21.1041,29.7582,0.0171393
21.1247,29.7583,0.0171393
21.1445,29.7589,0.0171393
21.1858,29.759,0.0171393
21.207,29.7598,0.0171393
21.2555,29.7599,0.0135054
21.2761,29.7599,0.0135054
21.3392,29.7613,0.0135054
21.3598,29.7613,0.0135054
21.4003,29.7618,0.0135054
21.4185,29.761,0.0144456
21.4397,29.7617,0.0144456
21.4802,29.7623,0.0144456
21.5206,29.7629,0.0144456
21.5618,29.7629,0.0144456
21.5825,29.7628,0.0144456
21.6031,29.7628,0.0144456
21.653,29.7621,0.0137124
21.6934,29.7627,0.0137124
21.7141,29.7627,0.0137124
21.7347,29.7626,0.0137124
21.7765,29.7633,0.0137124
21.7972,29.7633,0.0137124
21.812,29.7614,-0.0024298
21.8334,29.7608,-0.0024298
21.876,29.7609,-0.0024298
21.918,29.7602,-0.0024298
21.9601,29.7595,-0.0024298
21.9269,29.7597,-0.0015602
21.9483,29.7591,-0.0015602
21.9895,29.7591,-0.0015602
22.03,29.7597,0.0154398
22.0704,29.7603,0.0154398
22.0911,29.7603,0.0154398
22.1123,29.7611,0.0154398
22.1222,29.7592,0.00308143
22.1634,29.7587,0.00308143
22.1841,29.7584,0.00308143
22.2047,29.7582,0.00308143
22.2465,29.7584,0.00308143
22.2672,29.7581,0.00308143
22.2535,29.7571,0.000621557
22.2954,29.7573,0.000621557
22.9731,29.7534,0.0107918
22.9943,29.7537,0.0107918
23.0184,29.7542,0.0107918
23.0291,29.7543,0.0107918
23.0461,29.7543,0.0107918
23.0673,29.7546,0.0107918
23.1887,29.7526,0.01866
23.2306,29.7527,0.01866
23.2937,29.7533,0.01866
23.3143,29.753,0.01866
23.3356,29.7535,0.01866
23.3568,29.7539,0.01866
23.3713,29.7526,0.00282175
23.4131,29.7521,0.00282175
23.4557,29.7524,0.00282175
23.4968,29.7525,0.00282175
23.5386,29.752,0.00282175
23.5599,29.7521,0.00282175
23.6202,29.749,-0.000159923
23.6621,29.7483,-0.000159923
23.7039,29.7477,-0.000159923
23.7465,29.7478,-0.000159923
23.7185,29.7457,0.00143604
23.7398,29.7444,-0.016564
23.7817,29.7439,-0.016564
23.8242,29.744,-0.016564
23.8867,29.7428,-0.016564
23.9073,29.7421,-0.016564
23.9073,29.7421,-0.016564
23.8556,29.7428,0.00464518
23.8975,29.7431,0.00464518
23.9187,29.7436,0.00464518
23.9393,29.7434,0.00464518
23.9812,29.7437,0.00464518
24.0025,29.7442,0.00464518
23.9314,29.7464,0.010946
23.9526,29.7471,0.010946
23.9945,29.7477,0.010946
24.0782,29.7488,0.010946
23.9565,29.7504,0.0179996
23.9777,29.7513,0.0179996
24.0202,29.7529,0.0179996
24.0621,29.7538,0.0179996
24.1039,29.7546,0.0179996
24.1245,29.7547,0.0179996
24.1458,29.7555,0.0179996
24.1182,29.7605,0.0558802
24.1579,29.7626,0.0558802
24.1777,29.7637,0.0558802
24.1975,29.7648,0.0558802
24.2379,29.7663,0.0558802
24.2591,29.7675,0.0558802
24.2739,29.7668,0.046523
24.3163,29.7689,0.046523
24.337,29.7692,0.046523
24.3794,29.7713,0.046523
24.4219,29.7734,0.063523
24.4302,29.7624,0.0332046
24.45,29.7627,0.0162046
24.5103,29.7629,0.0162046
24.5308,29.7639,0.0162046
24.5733,29.7648,0.0162046
24.613,29.7653,0.0162046
24.613,29.7653,0.0162046
24.7211,29.7575,0.00830085
24.7608,29.7577,-0.00969916
24.7806,29.7578,-0.00969916
24.8012,29.7573,-0.00969916
24.8211,29.7574,-0.00969916
24.9464,29.75,-0.0137853
24.9876,29.7488,-0.0307853
25.0288,29.7476,-0.0137853
25.0494,29.747,-0.0137853
25.0728,29.7466,-0.0137853
25.0806,29.7465,-0.0137853
25.0977,29.7463,-0.0137853
25.2191,29.7435,-0.00851668
25.2588,29.7438,0.00948332
25.2985,29.7441,0.00948332
25.3382,29.7444,0.00948332
25.3793,29.7448,0.00948332
25.3991,29.745,0.00948332
25.4182,29.7458,0.00948332
25.7115,29.7416,0.0104649
25.7512,29.7413,0.0104649
25.771,29.7411,0.0104649
25.7909,29.741,0.0104649
25.8298,29.7413,0.0104649
25.8695,29.741,0.0104649
25.9625,29.7392,0.0197139
26.0014,29.7399,0.0197139
26.0219,29.7407,0.00271399
26.0616,29.7407,0.00271399
26.1021,29.7401,0.00271399
26.1418,29.7401,0.00271399
26.159,29.7405,0.00596717
26.1788,29.7406,-0.0120328
26.22,29.7394,-0.0120328
26.2613,29.7383,-0.0120328
26.3025,29.7371,-0.0120328
26.3237,29.7373,-0.0120328
26.3443,29.7367,-0.0120328
26.4128,29.7372,-0.00965316
26.4546,29.7369,-0.00965316
26.4753,29.7364,-0.00965316
26.4959,29.7359,-0.00965316
26.5583,29.7351,-0.00965316
26.6103,29.7325,-0.0107742
26.6309,29.7319,-0.0107742
26.6721,29.7308,-0.0107742
26.714,29.7305,-0.0107742
26.7559,29.7288,-0.0107742
26.7723,29.7282,-0.0156552
26.7943,29.7276,-0.0156552
26.8355,29.7263,-0.0156552
26.8782,29.7251,-0.0156552
26.9194,29.7238,-0.0156552
26.9606,29.7226,-0.0156552
26.9606,29.7226,-0.0156552
27.0181,29.7187,-0.0193775
27.0607,29.7173,-0.0193775
27.0813,29.7166,-0.0193775
27.1019,29.7159,-0.0193775
27.1424,29.7151,-0.0193775
27.1622,29.715,-0.0193775
27.2368,29.7134,-0.0217433
27.2772,29.7126,-0.0217433
27.2971,29.7124,-0.00374328
27.3368,29.7122,-0.00374328
27.3765,29.712,-0.00374328
27.3963,29.7119,-0.00374328
27.3963,29.7119,-0.00374328
27.4508,29.7114,0.0133183
27.4905,29.7112,0.0133183
27.5302,29.7109,0.0133183
27.5706,29.7115,0.0303183
27.6102,29.7126,0.0303183
27.6574,29.7142,0.0255213
27.6977,29.716,0.0435213
27.7174,29.7172,0.0435213
27.738,29.7177,0.0435213
27.779,29.7188,0.0435213
27.8002,29.7201,0.0435213
27.8211,29.7218,0.0510009
27.8635,29.7247,0.0510009
27.9256,29.7275,0.0510009
27.9652,29.7302,0.0510009
28.0047,29.7329,0.0510009
28.0236,29.7351,0.0511078
28.0441,29.7358,0.0511078
28.0836,29.7385,0.0511078
28.1225,29.7404,0.0511078
28.1422,29.7418,0.0511078
28.1627,29.7425,0.0331078
28.203,29.7445,0.0331078
28.252,29.7455,0.0359512
28.3114,29.7469,0.0189512
28.3319,29.7477,0.0189512
28.3518,29.7477,0.0189512
28.3935,29.7485,0.0189512
28.4148,29.7486,0.0189512
28.4363,29.7471,0.0119551
28.4788,29.747,0.0119551
28.5213,29.7469,-0.00504491
28.5638,29.7468,-0.00504491
28.6234,29.7464,0.0119551
28.6484,29.7458,0.00561311
28.6683,29.7455,0.00561311
28.7079,29.745,0.00561311
28.749,29.746,0.00561311
28.7893,29.7462,0.0226131
28.8283,29.7463,0.0226131
28.8846,29.7467,0.020666
28.9476,29.7481,0.020666
28.9681,29.7485,0.020666
28.9886,29.749,0.020666
29.0304,29.7492,0.020666
29.0516,29.7504,0.020666
29.0695,29.7508,0.0277259
29.1106,29.752,0.0277259
29.1488,29.753,0.0277259
29.158,29.7528,0.0277259
29.1841,29.7538,0.0277259
29.2414,29.7553,0.0277259
29.2619,29.7559,0.0277259
29.3413,29.7574,0.0276913
29.3611,29.7572,0.0276913
29.3802,29.7577,0.0276913
29.4206,29.7581,0.0106913
29.461,29.7586,0.0106913
29.4815,29.7591,0.0106913
29.5207,29.758,0.00887572
29.6044,29.7575,-0.00812424
29.6242,29.7573,-0.00812424
29.6667,29.7571,-0.00812424
29.6866,29.7569,-0.00812424
29.7072,29.756,-0.00812424
29.7485,29.7548,-0.00779489
29.7904,29.7539,-0.00779489
29.8301,29.7535,-0.00779489
29.8698,29.7531,-0.00779489
29.8896,29.7529,-0.00779489
29.9095,29.7527,-0.00779489
29.9957,29.7521,0.00817119
30.0368,29.7518,0.00817119
30.0566,29.7516,0.00817119
30.0765,29.7514,0.00817119
30.1175,29.7524,0.00817119
30.1388,29.7523,0.00817119
30.1863,29.752,0.00141377
30.2486,29.7525,0.00141377
30.3109,29.753,0.0184138
30.3314,29.7534,0.0184138
30.3703,29.7534,0.0184138
30.4089,29.753,0.00894378
30.4294,29.7532,0.00894378
30.4689,29.7549,0.0269438
30.5114,29.7554,0.0269438
30.5531,29.7565,0.0269438
30.5736,29.7567,0.0269438
30.5948,29.7577,0.0269438
30.6642,29.7584,0.0241844
30.7066,29.7602,0.0241844
30.7272,29.7603,0.0241844
30.7469,29.7612,0.0241844
30.7866,29.7614,0.0241844
30.8063,29.7622,0.0241844
30.8281,29.7616,0.0227262
30.8691,29.7633,0.0227262
30.9299,29.7643,0.00472615
31.0106,29.7647,0.00472615
31.005,29.764,0.00961737
31.0256,29.7642,0.00961737
31.0673,29.764,0.00961737
31.1091,29.7638,-0.00738265
31.1509,29.7635,-0.00738265
31.1721,29.7631,-0.00738265
31.1934,29.7626,-0.00738265
31.2604,29.762,-0.00271679
31.3022,29.7619,-0.00271679
31.3249,29.7616,0.0142832
31.3263,29.7617,0.0142832
31.3347,29.7621,0.0142832
31.373,29.7626,0.0142832
31.414,29.7632,0.0142832
31.4234,29.7616,0.00187666
31.4439,29.7617,0.00187666
31.5047,29.7625,0.0198767
31.5444,29.7626,0.0198767
31.5847,29.7634,0.0198767
31.6052,29.7634,0.0198767
31.6052,29.7634,0.0198767
31.6678,29.7644,0.015255
31.711,29.7651,0.015255
31.7322,29.7658,0.015255
31.7527,29.7658,0.015255
31.7951,29.7671,0.015255
31.8156,29.7671,0.015255
31.8357,29.7664,0.0202001
31.8993,29.7688,0.0202001
31.9396,29.7696,0.0202001
32.0181,29.7718,0.0202001
32.0242,29.7707,0.0195769
32.0447,29.7708,0.0195769
32.0836,29.7715,0.0195769
32.1649,29.7724,0.00157688
32.1854,29.7724,0.00157688
32.206,29.7725,0.00157688
32.206,29.7725,0.00157688
32.2248,29.7699,-0.0203794
32.2666,29.7691,-0.0203794
32.3091,29.7676,-0.0203794
32.3296,29.7676,-0.0203794
32.3501,29.7675,-0.00337938
32.3706,29.7675,-0.00337938
32.3848,29.7635,-0.00610377
32.4457,29.7624,-0.00610377
32.4662,29.7623,-0.00610377
32.486,29.7629,-0.00610377
32.527,29.7627,0.0118962
32.4942,29.7607,0.00825201
32.536,29.761,0.00825201
32.5975,29.7605,0.00825201
32.6399,29.7616,0.00825201
32.6611,29.7621,0.00825201
32.5817,29.7617,0.0208347
32.6234,29.7626,0.0208347
32.6658,29.7642,0.0208347
32.7082,29.7658,0.0378347
32.7287,29.7659,0.0378347
32.7499,29.7667,0.0378347
32.7711,29.7675,0.0378347
32.7414,29.7673,0.0227604
32.781,29.7689,0.0227604
32.8396,29.7705,0.0227604
32.8594,29.7713,0.0227604
32.8792,29.7721,0.0227604
32.8997,29.7722,0.0227604
32.8135,29.7689,0.0214038
32.8546,29.7691,0.00340379
32.897,29.7693,0.00340379
32.938,29.7695,0.00340379
32.9798,29.769,0.00340379
32.9866,29.7688,0.00901548
33.0072,29.769,0.00901548
33.0709,29.769,0.00901548
33.0914,29.7692,0.00901548
33.1317,29.7688,0.00901548
33.1515,29.7697,0.00901548
33.1714,29.7692,0.00901548
33.3308,29.7718,0.0312422
33.3718,29.7724,0.0312422
33.4319,29.7746,0.0312422
33.4524,29.7749,0.0312422
33.4722,29.7758,0.0312422
33.492,29.7768,0.0312422
33.671,29.7792,0.0281514
33.7127,29.7804,0.0451515
33.7368,29.7814,0.0281514
33.7467,29.7819,0.0281514
33.7848,29.7836,0.0451515
33.8265,29.7848,0.0451515
33.847,29.7851,0.0451515
33.9492,29.784,0.0158253
33.9888,29.7853,0.0158253
34.0093,29.7852,0.0158253
34.0298,29.7852,0.0158253
34.0715,29.7859,0.0158253
34.092,29.7859,0.0158253
34.148,29.7839,0.00725513
34.1685,29.7837,0.00725513
34.2109,29.7847,0.00725513
34.2533,29.7858,0.00725513
34.2944,29.7853,0.00725513
34.3162,29.7871,-0.011864
34.3375,29.7873,-0.011864
34.3792,29.7868,-0.011864
34.4202,29.7856,-0.011864
34.4633,29.7851,-0.011864
34.5065,29.7846,-0.011864
34.5065,29.7846,-0.011864
34.4904,29.7796,-0.0143448
34.5321,29.779,-0.0143448
34.5526,29.7784,-0.0143448
34.5746,29.7777,-0.0143448
34.6368,29.7765,-0.0143448
34.6368,29.7765,-0.0143448
34.5512,29.7709,-0.00465872
34.5922,29.7701,-0.00465872
34.6127,29.7696,-0.00465872
34.6545,29.7694,-0.00465872
34.6969,29.7686,-0.00465872
34.5698,29.7673,0.0051176
34.5911,29.7664,0.0051176
34.6328,29.7666,0.0051176
34.6745,29.7668,0.0051176
34.7177,29.7671,0.0051176
34.7587,29.7666,0.0051176
34.6315,29.7649,-0.000734936
34.7128,29.7641,-0.0187349
34.7538,29.7634,-0.0187349
34.7737,29.7623,-0.0187349
34.7935,29.7626,-0.0187349
34.8133,29.7615,-0.035735
34.7992,29.7607,-0.0180184
34.8395,29.76,-0.0180184
34.8792,29.7585,-0.0350183
34.899,29.7578,-0.0350183
34.9387,29.7563,-0.0350183
34.9586,29.7556,-0.0350183
34.9446,29.7556,-0.0414455
34.985,29.7532,-0.0594455
35.0247,29.7514,-0.0594455
35.0651,29.749,-0.0764455
35.1062,29.7459,-0.0764455
35.1267,29.7444,-0.0764455
34.9035,29.7467,-0.0911315
34.9644,29.7405,-0.109132
35.0048,29.736,-0.109132
35.0444,29.7323,-0.126131
35.0565,29.7304,-0.126131
35.0614,29.7297,-0.126131
35.0876,29.7265,-0.126131
35.0932,29.724,-0.126047
35.1329,29.7189,-0.126047
35.1754,29.7138,-0.126047
35.1967,29.7113,-0.126047
35.2604,29.7036,-0.126047
35.2216,29.7078,-0.125797
35.2641,29.7027,-0.125797
35.3066,29.6976,-0.125797
35.3491,29.6925,-0.125797
35.3916,29.6874,-0.143797
35.4129,29.6849,-0.143797
35.3651,29.6875,-0.138569
35.4282,29.6795,-0.138569
35.4708,29.6746,-0.138569
35.5126,29.669,-0.138569
35.5332,29.6659,-0.138569
35.5537,29.6627,-0.120569
35.5983,29.6601,-0.119222
35.638,29.6552,-0.119222
35.6784,29.6511,-0.119222
35.7188,29.6469,-0.119222
35.7393,29.6452,-0.102222
35.7592,29.6428,-0.102222
35.8328,29.6394,-0.092653
35.8739,29.6364,-0.092653
35.8944,29.6349,-0.092653
35.9547,29.6303,-0.074653
35.9958,29.6273,-0.074653
36.0164,29.6258,-0.074653
36.2369,29.6092,-0.0690703
36.2574,29.6075,-0.0690703
36.3197,29.603,-0.0690703
36.3403,29.6012,-0.0690703
36.3821,29.5985,-0.0690703
36.3824,29.5958,-0.0740067
36.403,29.5939,-0.0740067
36.4447,29.591,-0.0560066
36.4858,29.5873,-0.0560066
36.5276,29.5843,-0.0560066
36.57,29.582,-0.0560066
36.57,29.582,-0.0560066
36.6002,29.5767,-0.0646931
36.6427,29.5741,-0.0646931
36.6851,29.5715,-0.0646931
36.7063,29.5702,-0.0646931
36.7262,29.5688,-0.0646931
36.7467,29.5668,-0.0646931
36.7799,29.5649,-0.0639601
36.8217,29.5616,-0.0639601
36.8853,29.5577,-0.0639601
36.9278,29.5551,-0.0639601
36.9222,29.556,-0.0619056
36.9435,29.5547,-0.0619056
36.9647,29.5535,-0.0619056
37.0071,29.551,-0.0619056
37.0496,29.5485,-0.0619056
37.092,29.5459,-0.0619056
37.1068,29.5464,-0.0635713
37.1464,29.5438,-0.0635713
37.186,29.5412,-0.0635713
37.2263,29.5393,-0.0465713
37.2461,29.538,-0.0465713
37.2659,29.5367,-0.0465713
37.3062,29.5348,-0.0465713
37.3559,29.5305,-0.0301926
37.3963,29.5286,-0.0301926
37.4366,29.5267,-0.0301926
37.4564,29.5268,-0.0301926
37.5172,29.5257,-0.0121926
37.5172,29.5257,-0.0121926
37.5316,29.5259,-0.026934
37.5719,29.5248,-0.026934
37.6334,29.5235,-0.009934
37.6547,29.5233,-0.009934
37.6971,29.5229,-0.009934
37.7183,29.5227,-0.009934
37.746,29.5222,-0.0114039
37.8097,29.5215,-0.0114039
37.8514,29.5217,-0.0114039
37.8938,29.5212,-0.0114039
37.915,29.521,-0.0114039
37.9362,29.5208,-0.0114039
37.9405,29.5224,-0.00734808
37.9603,29.5223,-0.00734808
37.9801,29.5222,-0.00734808
37.985,29.5214,-0.00734808
37.985,29.5214,-0.00734808
37.985,29.5214,-0.00734808
37.985,29.5214,0.0106519
37.985,29.5214,0.0106519
37.985,29.5214,0.0106519
37.985,29.5214,0.0106519
37.985,29.5214,0.0106519
37.985,29.5214,0.0106519
37.985,29.5214,0.0106519
37.985,29.5214,0.0106519
37.985,29.5214,0.0106519
37.985,29.5214,0.0106519
37.985,29.5214,0.0106519
37.985,29.5214,0.0106519
37.985,29.5214,0.0106519
37.985,29.5214,0.0106519
37.985,29.5214,0.0106519
37.985,29.5214,0.0106519
37.985,29.5214,0.0106519
37.985,29.5214,0.0106519
37.985,29.5214,0.0106519
37.985,29.5214,0.0106519
37.985,29.5214,0.0106519
37.985,29.5214,0.0106519
37.985,29.5214,0.0106519
37.985,29.5214,0.0106519
37.985,29.5214,0.0106519
37.985,29.5214,0.0106519
37.985,29.5214,0.0106519
37.985,29.5214,0.0106519
37.985,29.5214,0.0106519
37.985,29.5214,0.0106519
37.985,29.5214,0.0106519
37.985,29.5214,0.0106519
37.985,29.5214,0.0106519
37.985,29.5214,0.0106519
37.985,29.5214,0.0106519
37.985,29.5214,0.0106519
37.985,29.5214,-0.00734808
37.985,29.5214,-0.00734808
37.985,29.5214,-0.00734808
37.985,29.5214,-0.00734808
37.985,29.5214,-0.00734808
37.985,29.5214,-0.00734808
37.985,29.5214,-0.00734808
37.985,29.5214,-0.00734808
37.985,29.5214,-0.00734808
37.985,29.5214,-0.00734808
37.985,29.5214,-0.00734808
37.985,29.5214,-0.00734808
37.985,29.5214,-0.00734808
37.985,29.5214,-0.00734808
37.985,29.5214,-0.00734808
37.985,29.5214,-0.00734808
37.985,29.5214,-0.00734808
37.985,29.5214,-0.00734808
37.985,29.5214,-0.00734808
37.985,29.5214,-0.00734808
37.985,29.5214,-0.00734808
37.985,29.5214,-0.00734808
37.985,29.5214,-0.00734808
37.985,29.5214,-0.00734808
37.985,29.5214,-0.00734808
37.985,29.5214,-0.00734808
37.985,29.5214,-0.00734808
37.985,29.5214,-0.00734808
37.985,29.5214,-0.00734808
37.985,29.5214,-0.00734808
37.985,29.5214,-0.00734808
37.985,29.5214,-0.00734808
37.985,29.5214,-0.00734808
37.985,29.5214,-0.00734808
37.985,29.5214,-0.00734808
37.985,29.5214,-0.00734808
37.985,29.5214,-0.00734808
37.985,29.5214,-0.00734808
37.985,29.5214,-0.00734808
37.985,29.5214,-0.00734808
37.985,29.5214,-0.00734808
37.985,29.5214,-0.00734808
37.985,29.5214,-0.00734808
37.985,29.5214,-0.00734808
37.985,29.5214,-0.00734808
37.985,29.5214,-0.00734808
37.985,29.5214,-0.00734808
37.985,29.5214,-0.00734808
37.985,29.5214,-0.00734808
37.985,29.5214,-0.00734808
37.985,29.5214,-0.00734808
37.985,29.5214,-0.00734808
37.985,29.5214,-0.00734808
37.985,29.5214,-0.00734808
37.985,29.5214,-0.00734808
37.985,29.5214,-0.00734808
37.985,29.5214,-0.00734808
37.985,29.5214,-0.00734808
37.985,29.5214,-0.00734808
37.985,29.5214,-0.00734808
37.985,29.5214,-0.00734808
37.985,29.5214,-0.00734808
37.985,29.5214,-0.00734808
37.985,29.5214,-0.00734808
37.985,29.5214,-0.00734808
37.985,29.5214,-0.00734808
37.985,29.5214,-0.00734808
37.985,29.5214,-0.00734808
37.985,29.5214,-0.00734808
37.985,29.5214,-0.00734808
37.985,29.5214,-0.00734808
37.985,29.5214,-0.00734808
37.985,29.5214,-0.00734808
37.985,29.5214,-0.00734808
37.985,29.5214,-0.00734808
37.985,29.5214,-0.00734808
37.985,29.5214,-0.00734808
37.985,29.5214,-0.00734808
37.985,29.5214,-0.00734808
37.985,29.5214,-0.00734808
37.985,29.5214,-0.00734808
37.985,29.5214,-0.00734808
37.985,29.5214,-0.00734808
37.985,29.5214,-0.00734808
37.985,29.5214,-0.00734808
37.985,29.5214,-0.00734808
37.985,29.5214,-0.00734808
37.985,29.5214,-0.00734808
37.985,29.5214,-0.00734808
37.985,29.5214,-0.00734808
37.985,29.5214,-0.00734808
37.985,29.5214,-0.00734808
37.985,29.5214,-0.00734808
37.985,29.5214,-0.00734808
37.985,29.5214,-0.00734808
37.985,29.5214,-0.00734808
37.985,29.5214,-0.00734808
37.985,29.5214,-0.00734808
37.985,29.5214,-0.00734808
37.985,29.5214,-0.00734808
37.985,29.5214,-0.00734808
37.985,29.5214,-0.00734808
37.985,29.5214,-0.00734808
37.985,29.5214,-0.00734808
37.985,29.5214,-0.00734808
37.985,29.5214,-0.00734808
37.985,29.5214,-0.00734808
37.985,29.5214,-0.00734808
37.985,29.5214,-0.00734808
37.985,29.5214,-0.00734808
37.985,29.5214,-0.00734808
37.985,29.5214,-0.00734808
37.985,29.5214,-0.00734808
37.985,29.5214,-0.00734808
37.985,29.5214,-0.00734808
37.985,29.5214,-0.00734808
37.985,29.5214,-0.00734808
37.985,29.5214,-0.00734808
37.985,29.5214,-0.00734808
37.985,29.5214,-0.00734808
37.985,29.5214,-0.00734808
37.985,29.5214,-0.00734808
37.985,29.5214,-0.00734808
37.985,29.5214,-0.00734808
37.985,29.5214,-0.00734808
37.985,29.5214,-0.00734808
37.985,29.5214,-0.00734808
37.985,29.5214,-0.00734808
37.985,29.5214,-0.00734808
37.985,29.5214,-0.00734808
37.985,29.5214,-0.00734808
37.985,29.5214,-0.00734808
37.985,29.5214,-0.00734808
37.985,29.5214,-0.00734808
37.985,29.5214,-0.00734808
37.985,29.5214,-0.00734808
37.985,29.5214,-0.00734808
37.985,29.5214,-0.00734808
37.985,29.5214,-0.00734808
37.985,29.5214,-0.00734808
37.985,29.5214,-0.00734808
37.985,29.5214,-0.00734808
37.985,29.5214,-0.00734808
37.985,29.5214,-0.00734808
37.985,29.5214,-0.00734808
37.985,29.5214,-0.00734808
37.985,29.5214,-0.00734808
37.985,29.5214,-0.00734808
37.985,29.5214,-0.00734808
37.985,29.5214,-0.00734808
37.985,29.5214,-0.00734808
37.985,29.5214,-0.00734808
37.985,29.5214,-0.00734808
37.985,29.5214,-0.00734808
37.985,29.5214,-0.00734808
37.985,29.5214,-0.00734808
37.985,29.5214,-0.00734808
37.985,29.5214,-0.00734808
37.985,29.5214,-0.00734808
37.985,29.5214,-0.00734808
37.985,29.5214,-0.00734808
37.985,29.5214,-0.00734808
37.985,29.5214,-0.00734808
37.985,29.5214,-0.00734808
37.985,29.5214,-0.00734808
37.985,29.5214,-0.00734808
37.985,29.5214,-0.00734808
37.985,29.5214,-0.00734808
37.985,29.5214,-0.00734808
37.985,29.5214,-0.00734808
37.985,29.5214,-0.00734808
37.985,29.5214,-0.00734808
37.985,29.5214,-0.00734808
37.985,29.5214,-0.00734808
37.985,29.5214,-0.00734808
37.985,29.5214,-0.00734808
37.985,29.5214,-0.00734808
37.985,29.5214,-0.00734808
37.985,29.5214,-0.00734808
37.985,29.5214,-0.00734808
37.985,29.5214,-0.00734808
37.985,29.5214,-0.00734808
37.985,29.5214,-0.00734808
37.985,29.5214,-0.00734808
37.985,29.5214,-0.00734808
37.985,29.5214,-0.00734808
37.985,29.5214,-0.00734808
37.985,29.5214,-0.00734808
37.985,29.5214,-0.00734808
37.985,29.5214,-0.00734808
37.985,29.5214,-0.00734808
37.985,29.5214,-0.00734808
37.985,29.5214,-0.00734808
37.985,29.5214,-0.00734808
37.985,29.5214,-0.00734808
37.985,29.5214,-0.00734808
37.985,29.5214,-0.00734808
37.985,29.5214,-0.00734808
37.985,29.5214,-0.00734808
37.985,29.5214,-0.00734808
37.985,29.5214,-0.00734808
37.985,29.5214,-0.00734808
37.985,29.5214,-0.00734808
37.985,29.5214,-0.00734808
37.985,29.5214,-0.00734808
37.985,29.5214,-0.00734808
37.985,29.5214,-0.00734808
37.985,29.5214,-0.00734808
37.985,29.5214,-0.00734808
37.985,29.5214,-0.00734808
37.985,29.5214,-0.00734808
37.985,29.5214,-0.00734808
37.985,29.5214,-0.00734808
37.985,29.5214,-0.00734808
37.985,29.5214,-0.00734808
37.985,29.5214,-0.00734808
37.985,29.5214,-0.00734808
37.985,29.5214,-0.00734808
37.985,29.5214,-0.00734808
37.985,29.5214,-0.00734808
37.985,29.5214,-0.00734808
37.985,29.5214,-0.00734808
37.985,29.5214,-0.00734808
37.985,29.5214,-0.00734808
37.985,29.5214,-0.00734808
37.985,29.5214,-0.00734808
37.985,29.5214,-0.00734808
37.985,29.5214,-0.00734808
37.985,29.5214,-0.00734808
37.985,29.5214,-0.00734808
37.985,29.5214,-0.00734808
37.985,29.5214,-0.00734808
37.985,29.5214,-0.00734808
37.985,29.5214,-0.00734808
37.985,29.5214,-0.00734808
37.985,29.5214,-0.00734808
37.985,29.5214,-0.00734808
37.985,29.5214,-0.00734808
37.985,29.5214,-0.00734808
37.985,29.5214,-0.00734808
37.985,29.5214,-0.00734808
37.985,29.5214,-0.00734808
37.985,29.5214,-0.00734808
37.985,29.5214,-0.00734808
37.985,29.5214,-0.00734808
37.985,29.5214,-0.00734808
37.985,29.5214,-0.00734808
37.985,29.5214,-0.00734808
37.985,29.5214,-0.00734808
37.985,29.5214,-0.00734808
37.985,29.5214,-0.00734808
37.985,29.5214,-0.00734808
37.985,29.5214,-0.00734808
37.985,29.5214,-0.00734808
37.985,29.5214,-0.00734808
37.985,29.5214,-0.00734808
37.985,29.5214,-0.00734808
37.985,29.5214,-0.00734808
37.985,29.5214,-0.00734808
37.985,29.5214,-0.00734808
37.985,29.5214,-0.00734808
37.985,29.5214,-0.00734808
37.985,29.5214,-0.00734808
37.985,29.5214,-0.00734808
37.985,29.5214,-0.00734808
37.985,29.5214,-0.00734808
37.985,29.5214,-0.00734808
37.985,29.5214,-0.00734808
37.985,29.5214,-0.00734808
37.985,29.5214,-0.00734808
37.985,29.5214,-0.00734808
37.985,29.5214,-0.00734808
37.985,29.5214,-0.00734808
37.985,29.5214,-0.00734808
37.985,29.5214,-0.00734808
37.985,29.5214,-0.00734808
37.985,29.5214,-0.00734808
37.985,29.5214,-0.00734808
37.985,29.5214,-0.00734808
37.985,29.5214,-0.00734808
37.985,29.5214,-0.00734808
37.985,29.5214,-0.00734808
37.985,29.5214,-0.00734808
37.985,29.5214,-0.00734808
37.985,29.5214,-0.00734808
37.985,29.5214,-0.00734808
37.985,29.5214,-0.00734808
37.985,29.5214,-0.00734808
37.985,29.5214,-0.00734808
37.985,29.5214,-0.00734808
37.985,29.5214,-0.00734808
37.985,29.5214,-0.00734808
37.985,29.5214,-0.00734808
37.985,29.5214,-0.00734808
37.985,29.5214,-0.0243481
37.985,29.5214,-0.0763481
37.985,29.5214,-0.129348
37.985,29.5214,-0.164348
37.985,29.5214,-0.199348
37.985,29.5214,-0.251348
37.985,29.5214,-0.303348
37.985,29.5214,-0.356348
37.985,29.5214,-0.425348
37.985,29.5214,-0.443348
37.985,29.5214,-0.495348
37.985,29.5214,-0.530348
37.9658,29.5238,-0.512
37.9658,29.5238,-0.529
37.9658,29.5238,-0.581
37.9658,29.5238,-0.616
37.9658,29.5238,-0.669
37.9658,29.5238,-0.704
37.9658,29.5238,-0.721
37.9658,29.5238,-0.791185
37.9658,29.5238,-0.808185
37.9665,29.5231,-0.826186
37.9724,29.5176,-0.843185
37.9936,29.492,-0.913185
38.0165,29.4609,-0.983185
38.0276,29.4435,-1.01819
38.0276,29.4435,-1.01819
38.0107,29.3864,-1.10878
38.0429,29.312,-1.23178
38.0494,29.2925,-1.26578
38.0552,29.2736,-1.28378
38.061,29.2534,-1.30078
38.0206,29.1922,-1.30551
38.0299,29.1524,-1.34051
38.0378,29.1126,-1.37551
38.0414,29.0923,-1.39251
38.045,29.072,-1.41051
38.0507,29.0327,-1.42751
38.0398,28.956,-1.45655
38.0421,28.9356,-1.47455
38.0437,28.9159,-1.47455
38.0462,28.8757,-1.50955
38.0471,28.8367,-1.56155
38.0468,28.7963,-1.59655
38.0353,28.7464,-1.60844
38.0349,28.7258,-1.62644
38.0319,28.6851,-1.66144
38.0276,28.6443,-1.69644
38.017,28.5838,-1.76544
38.0131,28.5636,-1.78344
38.0131,28.5636,-1.78344
37.9948,28.4902,-1.84414
37.9843,28.4513,-1.86114
37.9776,28.4318,-1.86114
37.9724,28.4123,-1.86114
37.9598,28.3741,-1.87914
37.9525,28.3538,-1.87914
37.9367,28.3333,-1.87302
37.9158,28.2732,-1.87302
37.9029,28.2327,-1.89002
37.8892,28.1914,-1.89002
37.8666,28.1102,-1.88674
37.8601,28.0906,-1.86974
37.8479,28.0508,-1.86974
37.8357,28.011,-1.85174
37.8192,27.9525,-1.83474
37.8141,27.933,-1.81674
37.8141,27.933,-1.81674
37.7962,27.8679,-1.78343
37.7883,27.8279,-1.74843
37.785,27.8079,-1.73143
37.7817,27.7879,-1.71343
37.7767,27.7466,-1.69643
37.7748,27.7267,-1.67843
37.7686,27.6455,-1.64249
37.7675,27.625,-1.62549
37.766,27.5845,-1.60749
37.7651,27.5448,-1.59049
37.7643,27.5052,-1.57349
37.7714,27.4981,-1.57873
37.7712,27.4776,-1.56173
37.7716,27.4373,-1.56173
37.7726,27.3977,-1.54373
37.7737,27.3581,-1.54373
37.7742,27.3383,-1.54373
37.7753,27.2987,-1.52673
37.7764,27.2696,-1.52364
37.7769,27.2498,-1.52364
37.7783,27.2293,-1.50564
37.7828,27.1481,-1.50564
37.7862,27.1065,-1.48864
37.7888,27.0954,-1.49461
37.79,27.0749,-1.49461
37.7943,27.0127,-1.49461
37.7982,26.9704,-1.49461
37.802,26.928,-1.49461
37.8039,26.9069,-1.49461
37.8039,26.9069,-1.49461
37.8105,26.8457,-1.48278
37.814,26.8069,-1.48278
37.8176,26.7667,-1.48278
37.8197,26.747,-1.48278
37.8225,26.7075,-1.49978
37.8246,26.6877,-1.49978
37.827,26.6653,-1.49073
37.8295,26.6251,-1.49073
37.8328,26.5842,-1.50873
37.8346,26.5447,-1.50873
37.8371,26.5044,-1.50873
37.8387,26.484,-1.50873
37.8391,26.4519,-1.518
37.8405,26.4123,-1.535
37.8427,26.3487,-1.535
37.8443,26.3063,-1.535
37.845,26.2851,-1.535
37.8458,26.2639,-1.535
37.847,26.214,-1.53771
37.8484,26.1716,-1.55571
37.8498,26.1292,-1.55571
37.8512,26.0662,-1.55571
37.8519,26.045,-1.55571
37.8562,25.9763,-1.54739
37.858,25.934,-1.54739
37.8589,25.9128,-1.54739
37.8597,25.8916,-1.54739
37.8607,25.8499,-1.54739
37.8616,25.8287,-1.54739
37.8619,25.8149,-1.55461
37.8634,25.7725,-1.55461
37.8648,25.7301,-1.55461
37.8662,25.6877,-1.55461
37.8684,25.6241,-1.55461
37.8682,25.5971,-1.55935
37.8689,25.5759,-1.55935
37.8694,25.5341,-1.55935
37.8699,25.4924,-1.55935
37.8711,25.45,-1.55935
37.8717,25.4288,-1.55935
37.8724,25.4076,-1.55935
37.8726,25.3635,-1.54372
37.8734,25.3352,-1.52672
37.8746,25.3147,-1.52672
37.8752,25.2935,-1.52672
37.877,25.2518,-1.52672
37.8788,25.2115,-1.52672
37.8801,25.1911,-1.52672
37.882,25.1833,-1.53907
37.8826,25.1437,-1.53907
37.8834,25.0843,-1.53907
37.8847,25.044,-1.55607
37.885,25.0242,-1.55607
37.8853,25.0044,-1.55607
37.8856,24.9846,-1.55607
37.8868,24.9303,-1.5673
37.8876,24.8908,-1.5673
37.8873,24.8702,-1.5673
37.8871,24.8497,-1.5673
37.8872,24.808,-1.5673
37.8877,24.7686,-1.57253
37.8873,24.7063,-1.57253
37.8873,24.6646,-1.57253
37.8872,24.6229,-1.57253
37.8872,24.5811,-1.57253
37.8873,24.5528,-1.5811
37.8867,24.5323,-1.5811
37.8856,24.4927,-1.5811
37.8852,24.4524,-1.5811
37.8855,24.4128,-1.5811
37.8857,24.393,-1.5811
37.8851,24.3725,-1.5811
37.8851,24.3216,-1.56197
37.8854,24.282,-1.56197
37.8856,24.2622,-1.56197
37.8858,24.2424,-1.56197
37.8868,24.2021,-1.56197
37.887,24.1809,-1.56197
37.8882,24.1186,-1.54589
37.8882,24.1186,-1.54589
37.8894,24.0557,-1.54589
37.8904,24.014,-1.54589
37.8914,23.9723,-1.54589
37.892,23.92,-1.55542
37.892,23.9002,-1.55542
37.8919,23.862,-1.55542
37.8919,23.8224,-1.57242
37.8925,23.7821,-1.57242
37.8924,23.7425,-1.57242
37.8924,23.7227,-1.57242
37.8925,23.7037,-1.56429
37.8928,23.6641,-1.58229
37.893,23.6231,-1.58229
37.8924,23.6026,-1.58229
37.8926,23.5814,-1.58229
37.8914,23.5403,-1.58229
37.8913,23.4787,-1.58374
37.8915,23.4391,-1.58374
37.8915,23.4391,-1.58374
37.8911,23.3804,-1.58374
37.8905,23.3584,-1.56574
37.8914,23.3097,-1.53074
37.8916,23.2936,-1.54044
37.8928,23.2526,-1.54044
37.8941,23.213,-1.54044
37.8953,23.1748,-1.54044
37.8959,23.1543,-1.54044
37.8978,23.114,-1.54044
37.898,23.0772,-1.53985
37.8991,23.0178,-1.55785
37.8997,22.9973,-1.55785
37.8997,22.9775,-1.55785
37.9002,22.9372,-1.55785
37.9007,22.8983,-1.55785
37.9007,22.8785,-1.55785
37.9016,22.8767,-1.56178
37.903,22.7968,-1.56178
37.9032,22.777,-1.56178
37.9036,22.7374,-1.57978
37.9032,22.6985,-1.57978
37.9027,22.678,-1.57978
37.9027,22.678,-1.57978
37.9005,22.6099,-1.60957
37.8989,22.5688,-1.59256
37.8988,22.5293,-1.59256
37.8973,22.5095,-1.59256
37.8964,22.4692,-1.59256
37.8947,22.4022,-1.59586
37.8939,22.3817,-1.59586
37.8937,22.3619,-1.59586
37.8934,22.3223,-1.57786
37.8931,22.2827,-1.57786
37.8934,22.2604,-1.58112
37.8932,22.2406,-1.58112
37.894,22.1783,-1.56412
37.8935,22.1359,-1.56412
37.8938,22.0942,-1.56412
37.8943,22.0737,-1.56412
37.8943,22.0737,-1.56412
37.8945,22.0508,-1.56846
37.8947,21.9673,-1.56846
37.8948,21.9256,-1.56846
37.8952,21.9051,-1.56846
37.8953,21.8662,-1.56846
37.8945,21.8389,-1.56384
37.8948,21.7986,-1.58084
37.8946,21.7788,-1.58084
37.8944,21.759,-1.58084
37.894,21.7194,-1.58084
37.8936,21.6798,-1.58084
37.8934,21.66,-1.58084
37.8939,21.6741,-1.57675
37.8936,21.6316,-1.59475
37.8933,21.568,-1.59475
37.8923,21.5263,-1.59475
37.8915,21.5058,-1.59475
37.8913,21.486,-1.59475
37.891,21.5095,-1.58246
37.8905,21.4699,-1.58246
37.8903,21.4501,-1.58246
37.89,21.4303,-1.58246
37.8893,21.3695,-1.56546
37.8906,21.4228,-1.56781
37.8905,21.4157,-1.54981
37.891,21.4051,-1.53281
37.8933,21.3669,-1.51481
37.8949,21.3265,-1.51481
37.8964,21.2876,-1.51481
37.8976,21.2678,-1.51481
37.8987,21.248,-1.53281
37.9022,21.2052,-1.52543
37.9048,21.1656,-1.52543
37.9054,21.1451,-1.52543
37.9072,21.1048,-1.54243
37.9078,21.0843,-1.56043
37.9083,21.0638,-1.56043
37.9076,21.0647,-1.56213
37.9073,21.0251,-1.56213
37.907,20.9855,-1.57913
37.9066,20.9459,-1.57913
37.9063,20.9063,-1.59713
37.9059,20.8667,-1.59713
37.9059,20.7613,-1.59514
37.9042,20.7203,-1.59514
37.9032,20.68,-1.59514
37.9023,20.6397,-1.59514
37.9021,20.6199,-1.59514
37.9013,20.6008,-1.59514
37.9012,20.581,-1.59514
37.8999,20.5054,-1.59265
37.8999,20.5054,-1.59265
37.8986,20.446,-1.59265
37.8977,20.405,-1.59265
37.8975,20.3647,-1.57565
37.8964,20.3517,-1.58156
37.8965,20.3312,-1.58156
37.8961,20.2923,-1.58156
37.8964,20.2512,-1.56356
37.8967,20.2102,-1.56356
37.8976,20.1684,-1.56356
37.8976,20.1684,-1.56356
37.8991,20.0805,-1.56076
37.8995,20.0395,-1.56076
37.8997,20.0204,-1.56076
37.9006,20.0006,-1.56076
37.9008,19.98,-1.56076
37.9007,19.9208,-1.5595
37.9005,19.8819,-1.5775
37.9007,19.8614,-1.5775
37.8988,19.7822,-1.5775
37.8983,19.7624,-1.5775
37.8976,19.7504,-1.58407
37.897,19.708,-1.58407
37.8964,19.6656,-1.58407
37.8958,19.6232,-1.58407
37.8953,19.5836,-1.58407
37.895,19.5638,-1.58407
37.8948,19.5873,-1.58744
37.8937,19.5265,-1.57044
37.8945,19.4854,-1.57044
37.8945,19.4451,-1.57044
37.8942,19.4253,-1.57044
37.8938,19.4055,-1.57044
37.8952,19.4473,-1.57589
37.8953,19.4148,-1.57589
37.8959,19.3963,-1.54089
37.8959,19.3787,-1.52389
37.8985,19.3375,-1.52389
37.9011,19.2964,-1.52389
37.9017,19.2765,-1.52389
37.9017,19.2765,-1.52389
37.9021,19.3311,-1.5251
37.9033,19.2915,-1.5251
37.9045,19.2518,-1.5421
37.9063,19.2114,-1.5421
37.9069,19.1915,-1.5421
37.9075,19.1717,-1.5421
37.9087,19.192,-1.53645
37.9101,19.1523,-1.55445
37.9101,19.1318,-1.55445
37.9108,19.112,-1.55445
37.9122,19.0723,-1.55445
37.9129,19.0333,-1.57145
37.9132,18.9942,-1.56276
37.9142,18.9538,-1.56276
37.9139,18.9135,-1.58076
37.9133,18.8937,-1.58076
37.9129,18.8534,-1.58076
37.9124,18.8336,-1.59776
37.9119,18.8138,-1.59776
37.9099,18.7931,-1.59338
37.9094,18.7719,-1.59338
37.908,18.7083,-1.59338
37.907,18.6659,-1.59338
37.9061,18.6263,-1.59338
37.9053,18.5127,-1.60426
37.904,18.4731,-1.60426
37.9027,18.4335,-1.58726
37.902,18.4137,-1.58726
37.902,18.3932,-1.58726
37.9014,18.3529,-1.58726
37.9009,18.2577,-1.59499
37.9006,18.2166,-1.59499
37.9005,18.1961,-1.57699
37.8995,18.1558,-1.57699
37.8993,18.1162,-1.57699
37.8999,18.0964,-1.57699
37.9007,17.9798,-1.57237
37.8999,17.9388,-1.57237
37.8997,17.897,-1.57237
37.9003,17.8545,-1.57237
37.9008,17.812,-1.57237
37.9012,17.7921,-1.57237
37.9027,17.6627,-1.55932
37.9045,17.6031,-1.55932
37.9057,17.5635,-1.55932
37.9062,17.5231,-1.55932
37.9061,17.504,-1.55932
37.9059,17.4644,-1.57632
37.9059,17.3899,-1.57495
37.9057,17.3488,-1.57495
37.9057,17.3297,-1.59295
37.9055,17.3064,-1.57495
37.9042,17.2753,-1.57495
37.9047,17.2335,-1.57495
37.9056,17.2032,-1.57969
37.9054,17.1827,-1.56269
37.9057,17.1409,-1.56269
37.906,17.0991,-1.56269
37.9069,17.0566,-1.56269
37.9074,17.0353,-1.56269
37.9072,17.0148,-1.56269
37.9072,16.9544,-1.56887
37.9065,16.9134,-1.56887
37.9069,16.8935,-1.56887
37.9074,16.8737,-1.56887
37.9067,16.8327,-1.58587
37.9065,16.8135,-1.58587
37.9071,16.8071,-1.57761
37.9075,16.7653,-1.57761
37.907,16.7038,-1.57761
37.9066,16.6613,-1.57761
37.9063,16.6203,-1.57761
37.9074,16.6041,-1.58339
37.9064,16.5829,-1.58339
37.9059,16.5419,-1.58339
37.9053,16.5009,-1.58339
37.9041,16.4606,-1.58339
37.9046,16.4407,-1.58339
37.9043,16.4202,-1.58339
37.9044,16.3552,-1.58397
37.9042,16.2929,-1.56697
37.9039,16.2724,-1.56697
37.904,16.2306,-1.56697
37.9038,16.2101,-1.56697
37.9046,16.1953,-1.57008
37.9045,16.1535,-1.57008
37.9045,16.1118,-1.57008
37.9051,16.0275,-1.57008
37.9048,16.007,-1.57008
37.9048,15.9683,-1.56674
37.9052,15.947,-1.56674
37.906,15.9045,-1.56674
37.9068,15.862,-1.56674
37.907,15.8217,-1.56674
37.9074,15.8018,-1.56674
37.9079,15.782,-1.56674
37.9083,15.7058,-1.57336
37.9085,15.6846,-1.57336
37.9081,15.664,-1.57336
37.9083,15.6428,-1.57336
37.9088,15.6003,-1.57336
37.9091,15.579,-1.57336
37.9087,15.5666,-1.57621
37.9078,15.5256,-1.57621
37.9082,15.483,-1.57621
37.9085,15.4405,-1.57621
37.9083,15.3987,-1.57621
37.9086,15.3422,-1.5824
37.908,15.3216,-1.5824
37.9079,15.2976,-1.5824
37.9074,15.2678,-1.5644
37.9083,15.226,-1.5644
37.9084,15.2047,-1.5644
37.9084,15.1835,-1.5644
37.9087,15.1438,-1.5644
37.9095,15.1129,-1.56337
37.91,15.0533,-1.56337
37.9102,15.0335,-1.56337
37.9103,15.0136,-1.56337
37.9107,14.9739,-1.58137
37.9107,14.9856,-1.57514
37.911,14.9658,-1.57514
37.9108,14.924,-1.57514
37.9099,14.883,-1.57514
37.9098,14.8199,-1.59214
37.9094,14.7994,-1.59214
37.9094,14.7994,-1.59214
37.9103,14.8387,-1.58522
37.9112,14.799,-1.56822
37.9116,14.7792,-1.56822
37.9113,14.7587,-1.56822
37.9122,14.719,-1.56822
37.9118,14.6985,-1.56822
37.9117,14.5484,-1.5816
37.912,14.5087,-1.5636
37.9122,14.4888,-1.5636
37.9123,14.4463,-1.5636
37.9132,14.4045,-1.5636
37.9127,14.2003,-1.57023
37.9125,14.1366,-1.57023
37.9131,14.0947,-1.57023
37.913,14.0522,-1.57023
37.913,14.0522,-1.57023
37.9136,14.0103,-1.57023
37.9129,13.9197,-1.56695
37.9131,13.88,-1.56695
37.9138,13.8594,-1.56695
37.9139,13.8396,-1.56695
37.9141,13.7999,-1.58495
37.9142,13.78,-1.58495
37.9133,13.7503,-1.58599
37.9132,13.7078,-1.58599
37.9132,13.6865,-1.58599
37.9132,13.644,-1.58599
37.9132,13.6015,-1.58599
37.9126,13.6327,-1.58166
37.912,13.6122,-1.58166
37.9123,13.5831,-1.54666
37.9132,13.5746,-1.44166
37.9138,13.5724,-1.31966
37.9144,13.5717,-1.17966
37.9144,13.5717,-1.11066
37.9151,13.5828,-1.0573
37.9164,13.5813,-1.0223
37.9189,13.5769,-1.0223
37.9247,13.57,-1.0043
37.9265,13.5663,-1.0223
37.9298,13.5625,-1.0393
37.9366,13.5499,-1.1093
37.945,13.5308,-1.1793
37.955,13.5052,-1.2493
37.9594,13.4892,-1.2843
37.976,13.4127,-1.4233
37.9786,13.3926,-1.4583
37.9831,13.2987,-1.48191
37.9854,13.2596,-1.53391
37.9858,13.2347,-1.55191
37.986,13.2057,-1.56891
37.9846,13.1646,-1.60391
37.9832,13.1449,-1.62191
37.9805,13.1054,-1.65691
37.9751,13.0747,-1.66695
37.9707,13.0367,-1.68395
37.9686,13.0226,-1.66695
37.9675,13.0135,-1.63195
37.9673,13.0078,-1.52695
37.968,13.0071,-1.40495
37.968,13.0071,-1.26495
37.968,13.0071,-1.12595
37.968,13.0071,-1.12595
37.9764,13.0038,-1.04915
37.9764,13.0038,-0.90996
37.9764,13.0038,-0.76996
37.9764,13.0038,-0.69996
37.9764,13.0038,-0.69996
37.9821,13.0391,-0.467223
37.9821,13.0391,-0.327223
37.9821,13.0391,-0.188223
37.9821,13.0391,-0.118223
37.9825,13.0625,-0.0641697
37.9825,13.0625,0.0928303
37.9825,13.0625,0.23283
37.9825,13.0625,0.30183
37.985,13.064,0.37183
37.9985,12.9806,0.49798
38.0172,12.9921,0.63798
38.0324,13.0038,0.75998
38.0341,13.0048,0.89998
38.0341,13.0048,0.95198
38.0418,13.0157,1.10872
38.0453,13.0236,1.16072
38.0495,13.0342,1.19572
38.0537,13.0448,1.24772
38.0618,13.0704,1.31772
38.0698,13.1041,1.37072
38.0769,13.1432,1.40472
38.0836,13.1831,1.42272
38.0699,13.3163,1.59086
38.0689,13.3559,1.59086
38.0673,13.3964,1.60886
38.0479,13.426,1.61495
38.0461,13.4664,1.63195
38.0452,13.4866,1.63195
38.0433,13.5271,1.63195
38.0407,13.567,1.64995
38.039,13.5866,1.64995
38.039,13.5866,1.64995
38.0194,13.6979,1.66446
38.0159,13.7408,1.66446
38.0145,13.7618,1.66446
38.013,13.7829,1.66446
38.0108,13.8033,1.66446
38.0011,13.8909,1.66337
37.9995,13.9106,1.66337
37.9978,13.9302,1.66337
37.9939,13.9704,1.66337
37.9901,14.0069,1.66337
37.9879,14.0237,1.68037
37.9873,14.0262,1.68103
37.9866,14.0306,1.75103
37.986,14.0314,1.80403
37.986,14.0314,1.94303
37.986,14.0314,2.13503
37.986,14.0314,2.18803
37.986,14.0314,2.18803
37.9797,14.0404,2.17003
37.9756,14.0461,2.18803
37.9641,14.0403,2.1921
37.9608,14.0453,2.2971
37.9602,14.0462,2.4191
37.9602,14.0462,2.5591
37.9602,14.0462,2.6991
37.9443,14.0551,2.70693
37.9443,14.0551,2.84693
37.9443,14.0551,3.00393
37.9443,14.0551,-3.13925
37.9443,14.0551,-3.06925
37.9406,14.0516,-3.02209
37.9406,14.0516,-2.88209
37.9309,14.0463,-2.62009
37.9309,14.0463,-2.55009
37.9303,14.0482,-2.57737
37.9303,14.0482,-2.36737
37.927,14.0457,-2.24537
37.9236,14.041,-2.19337
37.9197,14.0349,-2.14037
37.9152,14.0275,-2.08837
37.9022,14.0004,-1.87614
37.8923,13.9672,-1.82414
37.8879,13.9487,-1.78914
37.88,13.9097,-1.77114
37.8722,13.8708,-1.73614
37.8653,13.8302,-1.71914
37.8712,13.828,-1.73311
37.868,13.8083,-1.73311
37.8621,13.7679,-1.71511
37.8562,13.7275,-1.68011
37.8526,13.6872,-1.68011
37.8507,13.667,-1.66311
37.8489,13.6469,-1.66311
37.8508,13.6135,-1.64577
37.8478,13.5731,-1.62777
37.8463,13.553,-1.62777
37.8449,13.5328,-1.62777
37.8419,13.4924,-1.61077
37.8413,13.4727,-1.61077
37.8393,13.4086,-1.59427
37.8385,13.3683,-1.59427
37.8379,13.3486,-1.59427
37.837,13.2877,-1.57727
37.8368,13.2671,-1.57727
37.8369,13.2544,-1.5844
37.8369,13.1931,-1.5674
37.8372,13.1524,-1.5674
37.8375,13.1117,-1.5674
37.8387,13.0715,-1.5494
37.8387,13.0715,-1.5494
37.8411,13.0186,-1.55307
37.8411,13.0186,-1.55307
37.8416,12.9984,-1.53607
37.8431,12.9381,-1.53607
37.8441,12.8979,-1.51807
37.846,12.8773,-1.51807
37.8501,12.874,-1.53294
37.8514,12.832,-1.53294
37.8525,12.8101,-1.53294
37.8548,12.7685,-1.53294
37.8565,12.7256,-1.53294
37.8632,12.777,-1.52847
37.8644,12.7573,-1.52847
37.8656,12.7377,-1.52847
37.8676,12.697,-1.52847
37.8695,12.6563,-1.52847
37.8719,12.617,-1.52847
37.8741,12.5898,-1.53302
37.8754,12.55,-1.55102
37.8762,12.5089,-1.55102
37.8767,12.4687,-1.55102
37.8769,12.4485,-1.56802
37.8771,12.4284,-1.56802
37.8786,12.3513,-1.55914
37.8785,12.3084,-1.55914
37.8785,12.2655,-1.55914
37.8784,12.244,-1.55914
37.8784,12.201,-1.55914
37.8777,12.1921,-1.57123
37.8771,12.1492,-1.57123
37.8764,12.1286,-1.57123
37.8765,12.1085,-1.57123
37.8768,12.0682,-1.57123
37.8776,12.0271,-1.57123
37.8787,11.9635,-1.57438
37.8789,11.9232,-1.55738
37.879,11.9031,-1.55738
37.8792,11.8629,-1.55738
37.8802,11.8208,-1.55738
37.8807,11.7998,-1.55738
37.8807,11.7998,-1.55738
37.8838,11.7275,-1.56037
37.8852,11.6845,-1.56037
37.8861,11.6425,-1.56037
37.887,11.6004,-1.56037
37.8875,11.5794,-1.56037
37.8889,11.5606,-1.55426
37.8893,11.5185,-1.55426
37.8895,11.4975,-1.55426
37.8898,11.4765,-1.57226
37.8893,11.4362,-1.57226
37.8898,11.3942,-1.57226
37.8921,11.4037,-1.55758
37.8931,11.3616,-1.55758
37.8932,11.3415,-1.55758
37.8947,11.3053,-1.53958
37.897,11.2673,-1.52258
37.8999,11.2262,-1.52258
37.9013,11.2056,-1.52258
37.9013,11.2056,-1.52258
37.9051,11.0683,-1.51333
37.9076,11.0271,-1.51333
37.9122,10.9658,-1.49633
37.9156,10.9251,-1.49633
37.9193,10.901,-1.51124
37.923,10.8607,-1.49324
37.9248,10.8405,-1.49324
37.9267,10.8204,-1.49324
37.9303,10.78,-1.47624
37.934,10.7397,-1.47624
37.9351,10.7991,-1.47572
37.9369,10.779,-1.47572
37.9406,10.7386,-1.45772
37.9443,10.6983,-1.45772
37.9503,10.6369,-1.45772
37.9517,10.6177,-1.47572
37.9517,10.6177,-1.47572
37.9561,10.6259,-1.46226
37.9604,10.5857,-1.47926
37.9646,10.5454,-1.49726
37.9658,10.5248,-1.51426
37.967,10.5042,-1.51426
37.9683,10.4836,-1.53226
37.9697,10.3922,-1.57203
37.9695,10.3721,-1.58903
37.9693,10.352,-1.60703
37.968,10.3113,-1.62403
37.9657,10.2702,-1.64103
37.9641,10.2365,-1.64104
37.963,10.2159,-1.64104
37.9594,10.1753,-1.65904
37.9559,10.1346,-1.65904
37.9519,10.0926,-1.67604
37.9478,10.0506,-1.67604
37.9408,9.99115,-1.6626
37.9374,9.95134,-1.6626
37.9335,9.91018,-1.6456
37.93,9.87037,-1.6456
37.9287,9.85069,-1.6456
37.9265,9.83056,-1.6456
37.9252,9.81088,-1.6456
37.9203,9.76109,-1.65937
37.9156,9.69987,-1.64137
37.9129,9.65965,-1.64137
37.9102,9.61943,-1.64137
37.907,9.57461,-1.64473
37.9055,9.55408,-1.64473
37.9039,9.53355,-1.64473
37.9008,9.49248,-1.64473
37.8978,9.45141,-1.62773
37.8956,9.41076,-1.62773
37.8956,9.41076,-1.62773
37.8944,9.34524,-1.62225
37.8934,9.30501,-1.60425
37.8923,9.26477,-1.60425
37.891,9.23215,-1.58725
37.8913,9.22454,-1.56925
37.8914,9.21245,-1.55225
37.8919,9.19499,-1.53425
37.8934,9.127,-1.54285
37.8957,9.06427,-1.54285
37.8963,9.04367,-1.54285
37.8979,9.02348,-1.54285
37.8987,8.98318,-1.54285
37.8999,8.97149,-1.53462
37.9016,8.95132,-1.53462
37.9032,8.91012,-1.53462
37.9048,8.86892,-1.53462
37.9064,8.82772,-1.55262
37.9075,8.78742,-1.55262
37.9075,8.78742,-1.55262
37.9093,8.73669,-1.5462
37.9108,8.69641,-1.5632
37.9118,8.65702,-1.5632
37.9132,8.61674,-1.5632
37.9132,8.59571,-1.5632
37.9119,8.53754,-1.59107
37.9107,8.49731,-1.59107
37.9101,8.47719,-1.59107
37.9089,8.43696,-1.60807
37.9077,8.39673,-1.60807
37.9066,8.37527,-1.59888
37.9057,8.35382,-1.59888
37.9039,8.31091,-1.59888
37.9035,8.26977,-1.59888
37.9027,8.22953,-1.59888
37.9018,8.18929,-1.59888
37.9004,8.16596,-1.60635
37.8992,8.12349,-1.60635
37.8985,8.08235,-1.60635
37.8982,8.0403,-1.60635
37.8972,8.01886,-1.60635
37.897,7.99784,-1.58935
37.8969,7.97681,-1.58935
37.8963,7.90481,-1.60035
37.8956,7.86277,-1.60035
37.8949,7.82297,-1.60035
37.8945,7.80195,-1.60035
37.8934,7.76081,-1.58235
37.8945,7.45821,-1.56141
37.8954,7.41606,-1.56141
37.896,7.39453,-1.56141
37.8966,7.373,-1.56141
37.8973,7.35147,-1.56141
37.8992,7.29959,-1.54794
37.9003,7.25837,-1.54794
37.9008,7.23776,-1.54794
37.9013,7.21715,-1.54794
37.9022,7.13016,-1.5528
37.903,7.10955,-1.5528
37.9037,7.08895,-1.5528
37.9045,7.06835,-1.5528
37.9062,7.0106,-1.5528
37.9067,6.99761,-1.5348
37.9073,6.98686,-1.5348
37.9072,6.98239,-1.5528
37.9079,6.97611,-1.5528
37.9063,6.93231,-1.6398
37.9063,6.93231,-1.6398
37.9059,6.92684,-1.64259
37.9028,6.88976,-1.67759
37.894,6.82993,-1.73059
37.8902,6.8103,-1.74759
37.883,6.77014,-1.76559
37.8744,6.73044,-1.78259
37.8634,6.68494,-1.85068
37.8522,6.64605,-1.86768
37.8348,6.58909,-1.88568
37.8291,6.5701,-1.88568
37.8224,6.55071,-1.88568
37.8161,6.5304,-1.88568
37.8082,6.51676,-1.89012
37.7996,6.48898,-1.87212
37.7979,6.48056,-1.76812
37.7977,6.47833,-1.64612
37.7977,6.47833,-1.52312
37.7977,6.47833,-1.38412
37.7981,6.50514,-1.43228
37.7981,6.50514,-1.29328
37.7981,6.50514,-1.15309
37.7981,6.50514,-1.01409
37.7981,6.50514,-0.909095
37.7994,6.50423,-0.856376
37.7994,6.50423,-0.716376
37.7994,6.50423,-0.594376
37.7994,6.50423,-0.367376
37.7998,6.51153,-0.428957
37.7998,6.51153,-0.358957
37.7998,6.51153,-0.218957
37.7998,6.51153,-0.0799573
37.7998,6.51153,-0.00995727
37.7998,6.51153,0.0600427
37.8001,6.52264,0.158279
37.805,6.52326,0.297279
37.8251,6.53179,0.489279
37.8336,6.53686,0.559279
37.8437,6.54417,0.611279
37.8718,6.59703,0.711713
37.89,6.6133,0.833713
37.8918,6.61552,0.903713
37.8927,6.61664,0.956713
37.8962,6.62108,1.02571
37.9037,6.63406,1.09571
37.9117,6.65113,1.14871
37.9206,6.69059,1.27959
37.9249,6.70471,1.29659
37.9339,6.74119,1.33159
37.9422,6.78159,1.36659
37.9504,6.82199,1.38459
37.9535,6.84199,1.40159
37.9567,6.86199,1.40159
37.9598,6.882,1.41959
37.9605,6.98953,1.50356
37.9617,7.00942,1.52156
37.9626,7.03029,1.52156
37.9644,7.07201,1.52156
37.9593,7.09208,1.51288
37.9604,7.11294,1.51288
37.9626,7.15464,1.52988
37.965,7.19537,1.54788
37.9653,7.2366,1.58288
37.9636,7.27736,1.63488
37.9583,7.27851,1.64322
37.9541,7.3186,1.67722
37.9492,7.35749,1.71222
37.9449,7.38012,1.78222
37.944,7.38402,1.85222
37.9433,7.38694,1.90422
37.9413,7.3957,1.93922
37.9401,7.40057,2.04422
37.9401,7.40057,2.11422
37.9329,7.36054,2.16097
37.9329,7.36054,2.36997
37.9329,7.36054,2.50997
37.9329,7.36054,2.64897
37.9308,7.36487,2.60875
37.9308,7.36487,2.67875
37.9308,7.36487,2.81875
37.9308,7.36487,2.95775
37.9308,7.36487,3.09775
37.9308,7.36487,3.09775
37.9178,7.37333,-2.9609
37.9011,7.37017,-2.8039
37.8772,7.36003,-2.6649
37.863,7.35217,-2.5949
37.863,7.35217,-2.5949
37.7748,7.30606,-2.25898
37.7527,7.27488,-2.13698
37.734,7.24113,-2.01498
37.734,7.24113,-2.01498
37.7001,7.20803,-1.91693
37.6879,7.16904,-1.84693
37.6768,7.12912,-1.79493
37.6723,7.10873,-1.75993
37.6687,7.08842,-1.74193
37.6652,7.06811,-1.72493
37.6553,7.0205,-1.67082
37.652,6.98002,-1.63582
37.6509,6.95983,-1.63582
37.6486,6.91945,-1.60082
37.6473,6.87916,-1.58382
37.6497,6.86523,-1.58189
37.6495,6.84513,-1.56389
37.6513,6.80512,-1.54689
37.6531,6.76511,-1.52889
37.6548,6.7251,-1.52889
37.6566,6.68508,-1.51189
37.6581,6.65562,-1.51313
37.6608,6.6157,-1.51313
37.6645,6.57587,-1.49513
37.6682,6.53604,-1.49513
37.6701,6.51613,-1.49513
37.6719,6.49622,-1.49513
37.6757,6.45639,-1.47813
37.6858,6.43669,-1.48304
37.6893,6.39684,-1.48304
37.6928,6.357,-1.46604
37.6998,6.2773,-1.44804
37.7016,6.25738,-1.44804
37.7036,6.23,-1.44922
37.7063,6.21017,-1.44922
37.7108,6.1704,-1.43222
37.7162,6.13072,-1.43222
37.7217,6.09105,-1.43222
37.7244,6.07121,-1.41422
37.7271,6.05137,-1.41422
37.7347,5.99085,-1.41535
37.7401,5.95117,-1.41535
37.7455,5.91148,-1.41535
37.7482,5.89164,-1.41535
37.7509,5.8718,-1.41535
37.7537,5.85196,-1.41535
37.7671,5.78299,-1.4321
37.7726,5.74331,-1.4321
37.7753,5.72347,-1.4321
37.7808,5.68379,-1.4321
37.7862,5.64412,-1.4491
37.7923,5.62973,-1.43833
37.7943,5.60883,-1.43833
37.7992,5.56912,-1.43833
37.8031,5.52931,-1.45633
37.807,5.4895,-1.45633
37.8109,5.44969,-1.45633
37.8128,5.40697,-1.4639
37.8164,5.36713,-1.4809
37.8192,5.33526,-1.48108
37.8192,5.33526,-1.48108
37.8209,5.31733,-1.4639
37.8242,5.28048,-1.4809
37.8278,5.24064,-1.4809
37.8296,5.22073,-1.4809
37.8302,5.21068,-1.47958
37.8339,5.17084,-1.47958
37.8375,5.13101,-1.49658
37.8412,5.09118,-1.49658
37.8467,5.03143,-1.49658
37.8485,5.01151,-1.49658
37.8509,4.97903,-1.50571
37.8539,4.93913,-1.50571
37.8549,4.91913,-1.52271
37.8559,4.89913,-1.52271
37.8579,4.85913,-1.52271
37.8589,4.83913,-1.52271
37.859,4.82886,-1.53803
37.8613,4.76683,-1.55603
37.8628,4.72481,-1.55603
37.8644,4.68279,-1.55603
37.8652,4.66178,-1.55603
37.866,4.64078,-1.55603
37.867,4.58226,-1.55556
37.8685,4.54224,-1.55556
37.8699,4.50221,-1.55556
37.8713,4.46219,-1.53756
37.872,4.44218,-1.53756
37.8727,4.42216,-1.53756
37.8758,4.37764,-1.54609
37.8764,4.35662,-1.54609
37.877,4.33561,-1.54609
37.8782,4.29358,-1.54609
37.8795,4.25155,-1.54609
37.8801,4.23053,-1.54609
37.8826,4.14498,-1.54182
37.884,4.10295,-1.54182
37.8854,4.06093,-1.54182
37.8861,4.03992,-1.54182
37.8868,4.01891,-1.54182
37.888,3.9582,-1.54037
37.8893,3.91817,-1.54037
37.8906,3.87815,-1.54037
37.892,3.83812,-1.54037
37.8926,3.8181,-1.54037
37.8933,3.79809,-1.54037
37.8956,3.74676,-1.55283
37.8973,3.70474,-1.55283
37.8982,3.68374,-1.55283
37.898,3.66264,-1.55283
37.8997,3.62063,-1.55283
37.9006,3.59962,-1.55283
37.9019,3.65114,-1.56527
37.9023,3.56693,-1.56527
37.9029,3.54591,-1.56527
37.9031,3.50381,-1.56527
37.9044,3.46078,-1.56527
37.9035,3.53051,-1.56998
37.904,3.50949,-1.56998
37.9044,3.47543,-1.56998
37.9059,3.45448,-1.55198
37.9065,3.41744,-1.55198
37.907,3.39642,-1.55198
37.907,3.39642,-1.55198
37.9084,3.33436,-1.53498
37.9087,3.31624,-1.55127
37.909,3.27419,-1.55127
37.9101,3.25422,-1.55127
37.9102,3.2342,-1.55127
37.9104,3.19415,-1.56827
37.9105,3.17412,-1.56827
37.9107,3.07664,-1.56323
37.9117,2.97652,-1.56323
37.9117,2.97652,-1.56323
37.9123,2.91645,-1.58123
37.9124,2.89642,-1.58123
37.9124,2.89642,-1.58123
37.9156,2.7907,-1.56938
37.9159,2.72957,-1.58638
37.9154,2.70948,-1.58638
37.9149,2.68839,-1.58638
37.9149,2.64628,-1.58638
37.9136,2.60001,-1.58498
37.9126,2.55983,-1.58498
37.9125,2.51971,-1.58498
37.9119,2.49962,-1.58498
37.9119,2.45951,-1.58498
37.9123,2.43949,-1.56798
37.911,2.41959,-1.57756
37.9115,2.37954,-1.57756
37.9121,2.3395,-1.57756
37.9126,2.29945,-1.57756
37.9135,2.23838,-1.55956
37.9137,2.22088,-1.56909
37.9139,2.19986,-1.56909
37.9141,2.15781,-1.56909
37.9144,2.11577,-1.56909
37.9145,2.09474,-1.56909
37.9146,2.07372,-1.56909
37.915,2.03067,-1.56909
37.9153,2.0173,-1.56802
37.9157,1.97525,-1.56802
37.9161,1.91218,-1.56802
37.9164,1.87014,-1.56802
37.9166,1.84911,-1.56802
37.9173,1.74812,-1.56448
37.9176,1.70807,-1.56448
37.918,1.66802,-1.56448
37.9191,1.59251,-1.57208
37.9194,1.57249,-1.57208
37.9189,1.5514,-1.57208
37.9198,1.50936,-1.57208
37.9197,1.46725,-1.57208
37.9201,1.44623,-1.57208
37.9196,1.42515,-1.57208
37.9209,1.39999,-1.57648
37.9205,1.35988,-1.57648
37.9214,1.29981,-1.57648
37.9217,1.27979,-1.57648
37.922,1.25977,-1.57648
37.9223,1.23975,-1.55848
37.923,1.22877,-1.54148
37.9234,1.10274,-1.54954
37.925,1.06277,-1.54954
37.9265,1.0228,-1.53254
37.9281,0.980827,-1.53254
37.9297,0.938858,-1.53254
37.9305,0.917873,-1.53236
37.932,0.895031,-1.52535
37.9339,0.853075,-1.52535
37.9358,0.812117,-1.52535
37.9367,0.792137,-1.50835
37.9376,0.772158,-1.50835
37.9394,0.732199,-1.50835
37.9387,0.767659,-1.50719
37.9415,0.707725,-1.48919
37.9445,0.665817,-1.48919
37.9475,0.623909,-1.48919
37.9484,0.602932,-1.48919
37.9483,0.589037,-1.49029
37.9512,0.549124,-1.49029
37.953,0.509166,-1.49029
37.9558,0.469252,-1.49029
37.9576,0.429294,-1.50829
37.9594,0.389335,-1.50829
37.9594,0.389335,-1.50829
37.9563,0.359756,-1.51662
37.9585,0.319815,-1.53362
37.9596,0.299844,-1.55162
37.9597,0.27982,-1.55162
37.9598,0.23977,-1.56862
37.96,0.199721,-1.58662
37.9578,0.16983,-1.59932
37.9571,0.129723,-1.59932
37.9563,0.10964,-1.59932
37.9546,0.0694746,-1.61732
37.953,0.0293088,-1.61732
37.9522,0.00922605,-1.61732
37.9522,0.00922605,-1.61732
37.9455,-0.0193358,-1.63307
37.9429,-0.0595634,-1.63307
37.9403,-0.100789,-1.63307
37.9369,-0.143073,-1.63307
37.9351,-0.164215,-1.65007
37.9351,-0.164215,-1.65007
37.9289,-0.248658,-1.61676
37.927,-0.288922,-1.61676
37.9265,-0.309016,-1.61676
37.925,-0.329187,-1.61676
37.9241,-0.369375,-1.61676
37.9234,-0.386437,-1.62194
37.9222,-0.42662,-1.60494
37.9211,-0.466803,-1.60494
37.9205,-0.486894,-1.60494
37.9193,-0.527077,-1.60494
37.9188,-0.547169,-1.60494
37.918,-0.568602,-1.60024
37.9156,-0.648873,-1.60024
37.9149,-0.688979,-1.58324
37.9152,-0.729028,-1.58324
37.9144,-0.74911,-1.58324
37.9144,-0.74911,-1.58324
37.9151,-0.85725,-1.53219
37.9171,-0.894192,-1.53219
37.9194,-0.93413,-1.51519
37.9205,-0.954099,-1.51519
37.9216,-0.974068,-1.51519
37.9238,-1.01401,-1.53219
37.9258,-1.05741,-1.54265
37.9276,-1.09737,-1.56065
37.9275,-1.11739,-1.56065
37.9273,-1.15744,-1.57765
37.9272,-1.19749,-1.59565
37.9261,-1.21756,-1.61265
37.9264,-1.31842,-1.60652
37.9255,-1.35852,-1.60652
37.9236,-1.40067,-1.62452
37.9217,-1.44082,-1.62452
37.9198,-1.48197,-1.62452
37.9188,-1.50205,-1.62452
37.9188,-1.50205,-1.62452
37.9114,-1.58823,-1.63104
37.9099,-1.60828,-1.63104
37.9094,-1.6283,-1.63104
37.9065,-1.66839,-1.63104
37.9046,-1.70846,-1.63104
37.9039,-1.70666,-1.63081
37.9021,-1.72668,-1.63081
37.9005,-1.7667,-1.63081
37.8989,-1.80672,-1.63081
37.8973,-1.84674,-1.63081
37.8957,-1.88676,-1.61281
37.8956,-1.88537,-1.60318
37.8944,-1.9254,-1.60318
37.8932,-1.96643,-1.60318
37.8921,-2.00846,-1.58618
37.8925,-2.02946,-1.58618
37.8919,-2.05047,-1.58618
37.8913,-2.07149,-1.58618
37.8928,-2.09981,-1.59154
37.8928,-2.09981,-1.59154
37.8917,-2.16284,-1.59154
37.8913,-2.20485,-1.59154
37.8909,-2.24686,-1.59154
37.8899,-2.25756,-1.58591
37.8902,-2.32057,-1.58591
37.89,-2.36258,-1.58591
37.8898,-2.4046,-1.58591
37.8907,-2.44659,-1.58591
37.8907,-2.44659,-1.58591
37.8925,-2.50678,-1.57495
37.8928,-2.54879,-1.57495
37.8941,-2.59077,-1.57495
37.8937,-2.61179,-1.57495
37.8944,-2.63278,-1.55695
37.8976,-2.65528,-1.57544
37.8971,-2.69729,-1.57544
37.8976,-2.73828,-1.59344
37.8981,-2.77828,-1.59344
37.8974,-2.79829,-1.59344
37.8969,-2.8383,-1.59344
37.8979,-2.83213,-1.5839
37.8984,-2.85312,-1.5659
37.8988,-2.87012,-1.5659
37.8992,-2.89111,-1.5659
37.9002,-2.9321,-1.5659
37.901,-2.97209,-1.5659
37.9019,-3.01208,-1.5839
37.9026,-2.99808,-1.58199
37.9026,-3.03809,-1.58199
37.9026,-3.0781,-1.58199
37.9015,-3.11814,-1.58199
37.9005,-3.15818,-1.59899
37.9,-3.17919,-1.59899
37.9,-3.17919,-1.59899
37.8976,-3.19971,-1.5944
37.8968,-3.24175,-1.5944
37.8956,-3.30481,-1.5944
37.8952,-3.32583,-1.5944
37.8948,-3.34685,-1.5944
37.8929,-3.27743,-1.59772
37.8919,-3.31747,-1.59772
37.8914,-3.33748,-1.59772
37.8909,-3.3575,-1.59772
37.8899,-3.39754,-1.59772
37.8889,-3.43858,-1.58072
37.8887,-3.40019,-1.58427
37.8885,-3.44021,-1.58427
37.8894,-3.4802,-1.56627
37.8898,-3.50019,-1.56627
37.8907,-3.54018,-1.56627
37.8916,-3.58017,-1.56627
37.8919,-3.62157,-1.55802
37.8925,-3.66157,-1.55802
37.893,-3.70157,-1.55784
37.8938,-3.76156,-1.54084
37.894,-3.78156,-1.54084
37.894,-3.78156,-1.54084
37.8945,-3.79417,-1.54115
37.895,-3.83616,-1.54115
37.8953,-3.85716,-1.54115
37.8958,-3.89716,-1.54115
37.896,-3.91716,-1.54115
37.8963,-3.93715,-1.54115
37.897,-3.96199,-1.53732
37.8973,-3.98198,-1.53732
37.898,-4.02198,-1.53732
37.8986,-4.06197,-1.55432
37.8993,-4.10197,-1.55432
37.8996,-4.12196,-1.55432
37.9001,-4.15601,-1.55231
37.9009,-4.19701,-1.55231
37.9017,-4.239,-1.56931
37.9025,-4.27999,-1.56931
37.9025,-4.27999,-1.56931
37.9036,-4.34198,-1.56931
37.9048,-4.37705,-1.56338
37.9059,-4.41903,-1.56338
37.9069,-4.46102,-1.56338
37.9074,-4.48202,-1.56338
37.9079,-4.50301,-1.56338
37.909,-4.545,-1.56338
37.9082,-4.5426,-1.57408
37.9088,-4.5846,-1.57408
37.9091,-4.6056,-1.57408
37.9097,-4.64859,-1.57408
37.9103,-4.69059,-1.57408
37.9106,-4.71159,-1.57408
37.9088,-4.67916,-1.58939
37.9087,-4.72116,-1.58939
37.9087,-4.76416,-1.58939
37.9086,-4.80616,-1.58939
37.9075,-4.84816,-1.58939
37.907,-4.82554,-1.6116
37.9069,-4.84554,-1.6116
37.9056,-4.88553,-1.6116
37.9034,-4.92552,-1.6116
37.9022,-4.96551,-1.6286
37.9,-5.0065,-1.6286
37.8939,-4.97429,-1.63526
37.8914,-5.01426,-1.65326
37.8914,-5.01426,-1.65326
37.8877,-5.07422,-1.65326
37.8852,-5.11419,-1.65326
37.8829,-5.13417,-1.67026
37.8792,-5.08168,-1.68241
37.8743,-5.12157,-1.68241
37.8693,-5.16146,-1.70041
37.8643,-5.20135,-1.71741
37.8583,-5.24121,-1.73441
37.8548,-5.26113,-1.73441
37.8472,-5.24705,-1.71189
37.8381,-5.30721,-1.72889
37.8328,-5.3473,-1.72889
37.8254,-5.38742,-1.72889
37.8217,-5.40748,-1.74689
37.8181,-5.42755,-1.74689
37.816,-5.42172,-1.7407
37.8089,-5.46189,-1.7577
37.8018,-5.50206,-1.7577
37.7983,-5.52214,-1.7577
37.7901,-5.56233,-1.7757
37.7866,-5.58242,-1.7757
37.7844,-5.56897,-1.79969
37.7743,-5.60895,-1.81669
37.7633,-5.64893,-1.83469
37.7522,-5.68791,-1.86969
37.7401,-5.72689,-1.88669
37.7341,-5.74588,-1.88669
37.7371,-5.71865,-1.87493
37.7177,-5.7772,-1.90993
37.7048,-5.81556,-1.92793
37.6908,-5.85296,-1.94493
37.6832,-5.87117,-1.96293
37.6758,-5.89038,-1.96293
37.658,-5.92354,-1.97539
37.6418,-5.96039,-1.97539
37.6256,-5.99724,-1.99239
37.6175,-6.01567,-1.99239
37.6004,-6.05356,-2.01039
37.5923,-6.07099,-2.01039
37.582,-6.05084,-2.07249
37.5626,-6.0866,-2.07249
37.5329,-6.14023,-2.08949
37.5022,-6.19285,-2.10649
37.492,-6.21072,-2.10649
37.4848,-6.19673,-2.13156
37.4625,-6.23092,-2.13156
37.4412,-6.26414,-2.14956
37.4083,-6.31594,-2.14956
37.3966,-6.33352,-2.14956
37.385,-6.35009,-2.16656
37.3572,-6.4131,-2.11502
37.3367,-6.44739,-2.13302
37.3152,-6.4817,-2.15002
37.3044,-6.49785,-2.15002
37.2926,-6.51501,-2.16802
37.2691,-6.54835,-2.16802
37.1862,-6.66655,-2.16678
37.1747,-6.68293,-2.16678
37.1633,-6.7003,-2.16678
37.1403,-6.73306,-2.18478
37.1173,-6.76482,-2.18478
37.103,-6.78529,-2.16678
37.0864,-6.79853,-2.16369
37.0757,-6.81373,-2.12869
37.0553,-6.84811,-2.07569
37.0293,-6.9036,-1.97169
37.0217,-6.92274,-1.93669
37.015,-6.94186,-1.91869
37.0017,-6.98011,-1.86669
36.991,-7.00624,-1.82434
36.9862,-7.02628,-1.80634
36.9814,-7.04632,-1.77134
36.9737,-7.08639,-1.73634
36.9681,-7.12644,-1.70134
36.9634,-7.16648,-1.68434
36.9634,-7.16648,-1.68434
36.9445,-7.23274,-1.67881
36.9417,-7.27269,-1.66181
36.9389,-7.31264,-1.62681
36.9384,-7.33263,-1.62681
36.938,-7.35263,-1.60881
36.9372,-7.39262,-1.59163
36.9511,-7.43533,-1.57149
36.9504,-7.47533,-1.55349
36.95,-7.49532,-1.55349
36.9503,-7.53533,-1.55349
36.9653,-7.6274,-1.51791
36.9674,-7.6674,-1.49991
36.9694,-7.7074,-1.49991
36.9724,-7.7474,-1.49991
36.9755,-7.78739,-1.48291
36.9765,-7.80739,-1.48291
37.0007,-7.85081,-1.48158
37.0068,-7.9128,-1.48158
37.0109,-7.95479,-1.48158
37.015,-7.99678,-1.46358
37.017,-8.01777,-1.46358
37.0191,-8.03777,-1.46358
37.0529,-8.0363,-1.50185
37.0561,-8.07636,-1.50185
37.0594,-8.11843,-1.50185
37.061,-8.13946,-1.50185
37.0642,-8.18153,-1.50185
37.0659,-8.20256,-1.50185
37.0646,-8.24453,-1.47597
37.0689,-8.28649,-1.47597
37.0732,-8.32846,-1.47597
37.0819,-8.4124,-1.47597
37.084,-8.43338,-1.47597
37.0851,-8.45174,-1.47255
37.0918,-8.51366,-1.47255
37.0963,-8.55462,-1.47255
37.1007,-8.59457,-1.47255
37.1029,-8.61454,-1.47255
37.1052,-8.63452,-1.47255
37.0914,-8.67515,-1.46814
37.095,-8.7151,-1.46814
37.0987,-8.75505,-1.48514
37.1013,-8.79501,-1.48514
37.1026,-8.81499,-1.48514
37.1039,-8.83497,-1.48514
37.0992,-8.83251,-1.48892
37.1027,-8.87247,-1.48892
37.1052,-8.91245,-1.48892
37.1086,-8.95241,-1.47192
37.1131,-8.99236,-1.47192
37.1143,-9.01235,-1.47192
37.1203,-9.02939,-1.47986
37.1244,-9.06938,-1.47986
37.1307,-9.12935,-1.46186
37.1348,-9.16934,-1.46186
37.139,-9.20932,-1.46186
37.1463,-9.19939,-1.47096
37.152,-9.25953,-1.47096
37.1561,-9.29863,-1.47096
37.1603,-9.33873,-1.45296
37.1628,-9.3588,-1.45296
37.1654,-9.37886,-1.45296
37.1653,-9.39361,-1.41942
37.1711,-9.43364,-1.41942
37.1779,-9.47368,-1.41942
37.1837,-9.51472,-1.41942
37.1875,-9.53574,-1.41942
37.1763,-9.56469,-1.38812
37.1836,-9.60564,-1.38812
37.1919,-9.64758,-1.38812
37.2024,-9.7085,-1.38812
37.2097,-9.74844,-1.38812
37.2104,-9.78291,-1.39906
37.2137,-9.80287,-1.39906
37.2203,-9.84277,-1.39906
37.2269,-9.88268,-1.39906
37.2335,-9.92259,-1.39906
37.2368,-9.94254,-1.39906
37.2401,-9.96249,-1.41606
37.244,-9.99665,-1.42196
37.2504,-10.0386,-1.42196
37.2567,-10.0805,-1.42196
37.2599,-10.1015,-1.42196
37.2631,-10.1225,-1.42196
37.2663,-10.1435,-1.42196
37.2865,-10.2184,-1.45095
37.2917,-10.2585,-1.45095
37.2969,-10.2986,-1.43395
37.302,-10.3398,-1.43395
37.3082,-10.3799,-1.41595
37.3215,-10.4335,-1.39487
37.3259,-10.4537,-1.37687
37.3292,-10.4738,-1.35987
37.3379,-10.5131,-1.32487
37.3486,-10.5525,-1.28987
37.3603,-10.5919,-1.25487
37.3764,-10.6279,-1.26111
37.3826,-10.6472,-1.24311
37.4024,-10.705,-1.20911
37.4169,-10.7426,-1.19111
37.4242,-10.7609,-1.19111
37.4315,-10.7802,-1.19111
37.4387,-10.7995,-1.19111
37.4613,-10.8403,-1.16264
37.4781,-10.8808,-1.16264
37.5927,-11.1533,-1.19362
37.6002,-11.1725,-1.19362
37.6153,-11.2109,-1.19362
37.6379,-11.2684,-1.19362
37.652,-11.3068,-1.21062
37.6596,-11.3259,-1.21062
37.6596,-11.3259,-1.21062
37.6889,-11.4128,-1.25766
37.7015,-11.4513,-1.27466
37.7132,-11.4897,-1.29266
37.7185,-11.5089,-1.30966
37.7238,-11.5291,-1.30966
37.729,-11.5493,-1.30966
37.7432,-11.6029,-1.32254
37.7486,-11.6231,-1.32254
37.7638,-11.6826,-1.33954
37.7736,-11.7229,-1.33954
37.7776,-11.7474,-1.35594
37.7816,-11.7676,-1.35594
37.7897,-11.808,-1.37394
37.7978,-11.8485,-1.37394
37.806,-11.8889,-1.39094
37.81,-11.9091,-1.39094
37.8141,-11.9293,-1.39094
37.823,-11.9877,-1.4141
37.8299,-12.0281,-1.4311
37.8328,-12.0483,-1.4311
37.8358,-12.0685,-1.4481
37.8407,-12.1088,-1.4661
37.8426,-12.1289,-1.4661
37.843,-12.1748,-1.48121
37.845,-12.1949,-1.48121
37.848,-12.2351,-1.49921
37.8509,-12.2753,-1.49921
37.8539,-12.3155,-1.49921
37.8491,-12.3092,-1.49999
37.8504,-12.3292,-1.49999
37.8531,-12.3694,-1.49999
37.8557,-12.4095,-1.51799
37.8583,-12.4496,-1.51799
37.8648,-12.8546,-1.54423
37.866,-12.8967,-1.54423
37.8657,-12.9069,-1.54676
37.8657,-12.9289,-1.54676
37.8668,-12.971,-1.54676
37.8678,-13.0131,-1.54676
37.8689,-13.0552,-1.54676
37.869,-13.0973,-1.54676
37.8696,-13.112,-1.55113
37.8723,-13.2564,-1.53413
37.8723,-13.2774,-1.53413
37.8732,-13.2985,-1.53413
37.8749,-13.377,-1.54932
37.8751,-13.4191,-1.54932
37.8764,-13.4612,-1.54932
37.876,-13.4823,-1.54932
37.8772,-13.5244,-1.54932
37.8776,-13.5661,-1.54625
37.879,-13.6083,-1.54625
37.8797,-13.6294,-1.54625
37.8794,-13.6504,-1.54625
37.8807,-13.6926,-1.54625
37.8821,-13.7347,-1.54625
37.8833,-13.7932,-1.54796
37.8836,-13.8353,-1.54796
37.8842,-13.8564,-1.54796
37.8845,-13.8985,-1.54796
37.8858,-13.9407,-1.54796
37.8865,-13.9618,-1.54796
37.8858,-13.9908,-1.54735
37.8871,-14.033,-1.54735
37.8874,-14.0751,-1.54735
37.8887,-14.1172,-1.54735
37.8901,-14.1594,-1.54735
37.8897,-14.1804,-1.54735
37.8917,-14.2302,-1.54128
37.8938,-14.3145,-1.54128
37.8946,-14.3356,-1.54128
37.8944,-14.3566,-1.54128
37.896,-14.3988,-1.54128
37.8979,-14.4392,-1.54731
37.8982,-14.4823,-1.54731
37.8988,-14.5034,-1.54731
37.8993,-14.5435,-1.54731
37.8998,-14.5836,-1.56431
37.8994,-14.6046,-1.56431
37.9,-14.6269,-1.55424
37.9007,-14.669,-1.55424
37.9005,-14.71,-1.55424
37.9013,-14.7521,-1.55424
37.9014,-14.7872,-1.55424
37.9009,-14.7962,-1.53724
37.9023,-14.8263,-1.51924
37.904,-14.8694,-1.53438
37.9051,-14.9115,-1.53438
37.9057,-14.9316,-1.53438
37.9063,-14.9517,-1.53438
37.9076,-14.9919,-1.55238
37.9088,-15.0321,-1.55238
37.9092,-15.0536,-1.52835
37.9106,-15.1137,-1.54535
37.9107,-15.1338,-1.56335
37.9109,-15.1738,-1.56335
37.9111,-15.2139,-1.58035
37.9102,-15.2338,-1.58035
37.9102,-15.2338,-1.58035
37.9086,-15.2993,-1.58161
37.9078,-15.3393,-1.58161
37.906,-15.3793,-1.58161
37.9051,-15.3992,-1.58161
37.9051,-15.4193,-1.58161
37.9043,-15.4593,-1.58161
37.9034,-15.5141,-1.58406
37.9025,-15.5541,-1.56706
37.9025,-15.5741,-1.56706
37.9025,-15.5951,-1.56706
37.9025,-15.6372,-1.56706
37.9025,-15.6582,-1.56706
37.9019,-15.7156,-1.57147
37.9016,-15.7787,-1.57147
37.9014,-15.8208,-1.57147
37.9013,-15.8418,-1.57147
37.9012,-15.8628,-1.57147
37.902,-15.893,-1.56893
37.9019,-15.935,-1.56893
37.9018,-15.977,-1.56893
37.9017,-15.9981,-1.56893
37.9017,-16.0191,-1.56893
37.9016,-16.0611,-1.56893
37.8956,-16.0728,-1.58388
37.8945,-16.1359,-1.58388
37.8942,-16.1569,-1.58388
37.8938,-16.1779,-1.58388
37.8931,-16.2199,-1.58388
37.8927,-16.241,-1.58388
37.8909,-16.1946,-1.58648
37.8901,-16.2356,-1.58648
37.8894,-16.2757,-1.58648
37.8883,-16.3357,-1.58648
37.8876,-16.3758,-1.60348
37.8871,-16.2912,-1.59677
37.8869,-16.3112,-1.59677
37.8845,-16.3511,-1.59677
37.883,-16.3911,-1.61477
37.8818,-16.4111,-1.61477
37.8806,-16.431,-1.61477
37.8782,-16.4709,-1.61477
37.8769,-16.4909,-1.61477
37.8753,-16.5504,-1.62908
37.8718,-16.6103,-1.64626
37.8706,-16.6303,-1.64626
37.8695,-16.6503,-1.64626
37.867,-16.6922,-1.64626
37.867,-16.7056,-1.64512
37.8658,-16.7266,-1.64512
37.8636,-16.7655,-1.64512
37.8623,-16.7875,-1.62812
37.8607,-16.8154,-1.61094
37.8572,-16.8763,-1.61094
37.8561,-16.8963,-1.61094
37.8561,-16.8963,-1.61094
37.852,-16.9417,-1.59648
37.8505,-16.9827,-1.59648
37.8493,-17.0037,-1.59648
37.849,-17.0247,-1.59648
37.8475,-17.0657,-1.59648
37.8529,-17.0651,-1.6043
37.8516,-17.1282,-1.5873
37.8507,-17.1702,-1.5873
37.8497,-17.2133,-1.5873
37.8489,-17.2543,-1.5873
37.8524,-17.2526,-1.60249
37.8517,-17.2726,-1.60249
37.8504,-17.3126,-1.60249
37.849,-17.3526,-1.58449
37.8477,-17.3927,-1.58449
37.847,-17.4127,-1.58449
37.8463,-17.4327,-1.58449
37.8445,-17.495,-1.56834
37.8451,-17.5352,-1.56834
37.8454,-17.5553,-1.56834
37.8457,-17.5754,-1.55034
37.8463,-17.6156,-1.55034
37.8465,-17.6367,-1.55034
37.8463,-17.6938,-1.55403
37.8468,-17.734,-1.53703
37.847,-17.7541,-1.53703
37.8474,-17.7943,-1.53703
37.8489,-17.8346,-1.53703
37.8519,-17.8518,-1.53517
37.8531,-17.872,-1.51717
37.8546,-17.9133,-1.51717
37.857,-17.9546,-1.51717
37.8595,-17.996,-1.51717
37.8618,-18.0383,-1.51717
37.8618,-18.0383,-1.51717
37.8627,-18.1091,-1.51369
37.8645,-18.1515,-1.51369
37.8663,-18.1939,-1.51369
37.8673,-18.2141,-1.51369
37.8683,-18.2343,-1.51369
37.8693,-18.2545,-1.51369
37.8735,-18.2996,-1.51138
37.8755,-18.341,-1.51138
37.8764,-18.3622,-1.51138
37.8784,-18.4036,-1.52838
37.8805,-18.444,-1.52838
37.8824,-18.3958,-1.51588
37.8837,-18.416,-1.51588
37.8863,-18.4564,-1.51588
37.8889,-18.4967,-1.51588
37.8904,-18.537,-1.53388
37.892,-18.5773,-1.53388
37.8959,-18.5381,-1.5313
37.8966,-18.5783,-1.5483
37.8973,-18.6185,-1.5483
37.8976,-18.6385,-1.5483
37.8979,-18.6596,-1.5483
37.8981,-18.6807,-1.5483
37.8987,-18.7267,-1.56415
37.8994,-18.7689,-1.56415
37.8997,-18.79,-1.56415
37.9003,-18.8322,-1.56415
37.901,-18.8734,-1.56415
37.9012,-18.8775,-1.57304
37.9014,-18.8976,-1.57304
37.9018,-18.9378,-1.57304
37.9022,-18.978,-1.55504
37.9026,-19.0192,-1.55504
37.9028,-19.0393,-1.55504
37.9029,-19.0604,-1.55504
37.9024,-19.0504,-1.55579
37.9028,-19.1348,-1.55579
37.9029,-19.1559,-1.55579
37.903,-19.177,-1.55579
37.9031,-19.1981,-1.55579
37.9032,-19.2192,-1.55579
37.9042,-19.3204,-1.56481
37.904,-19.3626,-1.56481
37.904,-19.3827,-1.56481
37.9035,-19.3977,-1.56481
37.9033,-19.4298,-1.56481
37.9031,-19.4519,-1.56481
37.9031,-19.463,-1.56481
37.9031,-19.473,-1.56481
37.9051,-19.5252,-1.56291
37.9042,-19.5342,-1.56291
37.9041,-19.5352,-1.56291
37.904,-19.5362,-1.52791
37.9039,-19.5372,-1.49291
37.9039,-19.5372,-1.45891
37.9039,-19.5372,-1.45891
37.9037,-19.5401,-1.45891
37.9036,-19.5411,-1.45891
37.9035,-19.5421,-1.45891
37.9032,-19.5451,-1.45891
37.9028,-19.5491,-1.47591
37.9024,-19.5531,-1.47591
37.9022,-19.5551,-1.47591
37.902,-19.5571,-1.47591
37.9013,-19.564,-1.51091
37.9009,-19.568,-1.51091
37.9007,-19.57,-1.52791
37.9006,-19.572,-1.52791
37.9002,-19.576,-1.54591
37.8998,-19.58,-1.56291
37.8996,-19.5819,-1.56291
37.8994,-19.5839,-1.56291
37.899,-19.5879,-1.58091
37.8984,-19.5939,-1.58091
37.898,-19.5979,-1.58091
37.8978,-19.5999,-1.58091
37.8976,-19.6018,-1.58091
37.8972,-19.6068,-1.58091
37.8967,-19.6118,-1.58091
37.8963,-19.6158,-1.58091
37.8957,-19.6218,-1.58091
37.8954,-19.6247,-1.58091
37.8948,-19.6307,-1.58091
37.8944,-19.6347,-1.58091
37.8937,-19.6427,-1.58091
37.8933,-19.6466,-1.58091
37.8929,-19.6506,-1.58091
37.8921,-19.6586,-1.58091
37.892,-19.6696,-1.58091
37.8908,-19.6826,-1.58091
37.8901,-19.6895,-1.58091
37.8897,-19.7036,-1.58091
37.8895,-19.7166,-1.58091
37.8886,-19.7501,-1.57978
37.8879,-19.7571,-1.57978
37.8876,-19.7711,-1.57978
37.8877,-19.7902,-1.56178
37.887,-19.8183,-1.56178
37.8874,-19.8354,-1.56178
37.8877,-19.8535,-1.56178
37.8878,-19.8937,-1.56178
37.8878,-19.9359,-1.56178
37.8895,-20.0981,-1.56974
37.8893,-20.1192,-1.56974
37.8891,-20.1403,-1.56974
37.8887,-20.1825,-1.56974
37.8883,-20.2247,-1.56974
37.8881,-20.2458,-1.56974
37.8892,-20.2683,-1.56241
37.8892,-20.3105,-1.54541
37.889,-20.3949,-1.54541
37.8891,-20.415,-1.56241
37.8891,-20.4351,-1.56241
37.8892,-20.4552,-1.56241
37.8888,-20.5008,-1.55959
37.8891,-20.5611,-1.55959
37.8892,-20.5812,-1.55959
37.8894,-20.6224,-1.55959
37.8895,-20.6636,-1.57759
37.889,-20.6893,-1.57678
37.8888,-20.7023,-1.48878
37.8887,-20.7033,-1.43678
37.8886,-20.7043,-1.40178
37.8886,-20.7043,-1.27978
37.8886,-20.7043,-1.17478
37.8886,-20.7043,-1.13978
37.8886,-20.7043,-1.08778
37.8887,-20.6723,-1.05215
37.8887,-20.6723,-0.948147
37.8887,-20.6723,-0.808147
37.8887,-20.6723,-0.773147
37.8887,-20.6723,-0.721147
37.8887,-20.6723,-0.633147
37.8887,-20.6723,-0.599147
37.8891,-20.6469,-0.541176
37.8891,-20.6469,-0.471176
37.8891,-20.6469,-0.401176
37.8891,-20.6469,-0.331176
37.8891,-20.6469,-0.261176
37.8891,-20.6469,-0.244176
37.8891,-20.6469,-0.174176
37.8891,-20.6469,-0.122176
37.8891,-20.6469,-0.0691763
37.8891,-20.6469,-0.0341763
37.8891,-20.6469,-0.0341763
37.8894,-20.6462,0.0773121
37.8894,-20.6462,0.112312
37.8894,-20.6462,0.165312
37.8894,-20.6462,0.182312
37.8894,-20.6462,0.217312
37.8894,-20.6462,0.269312
37.8894,-20.6462,0.304312
37.8894,-20.6462,0.304312
37.8894,-20.6462,0.322312
37.8894,-20.6462,0.357312
37.8894,-20.6462,0.374312
37.8956,-20.6438,0.409312
37.9211,-20.6302,0.514312
37.9211,-20.6302,0.514312
37.9842,-20.7275,0.604499
38.0147,-20.703,0.743498
38.0541,-20.6589,0.918498
38.0541,-20.6589,0.918498
38.0987,-20.678,1.09767
38.1159,-20.6408,1.20267
38.1282,-20.6025,1.30667
38.1324,-20.583,1.35967
38.1398,-20.5436,1.42867
38.142,-20.5237,1.46367
38.1334,-20.4609,1.45471
38.1377,-20.4207,1.48971
38.14,-20.38,1.52471
38.1414,-20.339,1.55971
38.1419,-20.2978,1.57671
38.1236,-20.3273,1.59366
38.1211,-20.2657,1.62866
38.1175,-20.2244,1.64566
38.1136,-20.1841,1.68066
38.1116,-20.164,1.68066
38.1097,-20.1438,1.69866
38.1023,-20.174,1.70677
38.0969,-20.1331,1.70677
38.0914,-20.0922,1.72377
38.0884,-20.0728,1.72377
38.0827,-20.0329,1.74178
38.0797,-20.0134,1.74178
38.0626,-20.0329,1.79605
38.0547,-19.9934,1.79605
38.0466,-19.9548,1.79605
38.0381,-19.9182,1.79605
38.0312,-19.8881,1.77805
38.0277,-19.871,1.77805
38.0262,-19.8635,1.77805
38.0244,-19.8529,1.77805
38.0219,-19.8411,1.77805
38.0129,-19.7936,1.80161
38.0117,-19.7893,1.78461
38.0111,-19.7821,1.76761
38.0102,-19.7758,1.74961
38.0097,-19.7676,1.73261
38.0091,-19.7654,1.71461
38.0085,-19.7633,1.71461
38.0079,-19.756,1.71461
38.0072,-19.7488,1.71461
38.0068,-19.7456,1.71461
38.0068,-19.7456,1.71461
38.0062,-19.7435,1.71461
38.0061,-19.7384,1.71461
38.0053,-19.7321,1.71461
38.0056,-19.7302,1.71461
38.0052,-19.727,1.73261
38.0034,-19.7206,1.83661
38.0036,-19.7196,2.01161
38.0036,-19.7196,2.08161
38.0036,-19.7196,2.15161
38.0036,-19.7196,2.29061
38.0063,-19.5818,2.17985
38.0063,-19.5818,2.19785
38.0029,-19.5764,2.17985
37.9985,-19.5707,2.16285
37.9929,-19.5624,2.12785
37.9879,-19.5554,2.07485
37.9864,-19.5538,2.03985
37.9851,-19.5512,1.98785
37.9826,-19.5461,1.93585
37.9811,-19.5414,1.91785
37.9799,-19.5388,1.95285
37.9793,-19.5376,1.98785
37.9793,-19.5376,2.09285
37.9793,-19.5376,2.19785
37.9771,-19.5347,2.19785
37.9737,-19.5293,2.17985
37.964,-19.5143,2.14485
37.9532,-19.4968,2.09285
37.9436,-19.4786,2.02285
37.9396,-19.4688,1.98785
37.9353,-19.4599,1.95285
37.9294,-19.4431,1.90085
37.9249,-19.4288,1.91785
37.9224,-19.4237,2.00585
37.9227,-19.4227,2.12785
37.9227,-19.4227,2.19785
37.9265,-19.4272,2.26685
37.9174,-19.4167,2.24985
37.9115,-19.4093,2.23185
37.9115,-19.4093,2.23185
37.881,-19.378,2.18714
37.87,-19.3598,2.11714
37.859,-19.3416,2.04714
37.8538,-19.3316,2.01214
37.8392,-19.2985,1.94214
37.826,-19.2608,1.89014
37.8151,-19.2226,1.83814
37.8083,-19.2028,1.84599
37.7982,-19.1638,1.79299
37.7943,-19.1441,1.77599
37.7866,-19.1036,1.74099
37.7809,-19.0637,1.70599
37.7765,-19.0231,1.68899
37.7765,-19.0231,1.68899
37.7851,-18.963,1.63489
37.7824,-18.9226,1.61689
37.7806,-18.8825,1.59989
37.7795,-18.8613,1.59989
37.778,-18.8203,1.59989
37.778,-18.8203,1.59989
37.7816,-18.7499,1.58
37.7812,-18.7091,1.58
37.7808,-18.6892,1.58
37.7807,-18.6683,1.563
37.7811,-18.6069,1.563
37.7823,-18.6048,1.57013
37.783,-18.5842,1.55213
37.7849,-18.5015,1.55213
37.7864,-18.4603,1.53513
37.7875,-18.4273,1.51713
37.788,-18.4149,1.44813
37.7882,-18.414,1.39513
37.7885,-18.413,1.30813
37.7885,-18.413,1.22113
37.7885,-18.413,1.11613
37.7885,-18.413,1.06413
37.7885,-18.413,1.06413
37.7932,-18.379,0.972971
37.7932,-18.379,0.919971
37.7932,-18.379,0.797971
37.7932,-18.379,0.745971
37.7932,-18.379,0.675971
37.7932,-18.379,0.605971
37.7932,-18.379,0.535971
37.8124,-18.332,0.562231
37.8124,-18.332,0.527231
37.8124,-18.332,0.47523
37.8124,-18.332,0.42323
37.8124,-18.332,0.353231
37.8124,-18.332,0.335231
37.8124,-18.332,0.283231
37.8124,-18.332,0.213231
37.8124,-18.332,0.178231
37.8124,-18.332,0.14323
37.8124,-18.332,0.126231
37.8124,-18.332,0.0912305
37.8124,-18.332,0.0392305
37.8555,-18.329,0.0308522
37.8555,-18.329,-0.0391478
37.8555,-18.329,-0.0561479
37.8555,-18.329,-0.0911478
37.8555,-18.329,-0.126148
37.8555,-18.329,-0.143148
37.8555,-18.329,-0.161148
37.8555,-18.329,-0.178148
37.8555,-18.329,-0.196148
37.8555,-18.329,-0.231148
37.8565,-18.3292,-0.248148
37.8622,-18.3312,-0.283148
37.8901,-18.3403,-0.370148
37.9079,-18.3486,-0.440148
37.9451,-18.3678,-0.492749
37.9792,-18.3885,-0.614749
38.0373,-18.4425,-0.876749
38.0606,-18.4737,-0.981749
38.076,-18.4883,-0.995397
38.087,-18.5058,-1.0654
38.1133,-18.5614,-1.2044
38.1257,-18.6002,-1.2924
38.1349,-18.6396,-1.3614
38.1385,-18.6602,-1.3964
38.142,-18.6808,-1.4314
38.1192,-18.6887,-1.45191
38.1228,-18.7294,-1.48691
38.1254,-18.7699,-1.52191
38.1263,-18.7901,-1.52191
38.1269,-18.8304,-1.55691
38.1277,-18.8506,-1.55691
38.1139,-18.9017,-1.63104
38.1126,-18.9217,-1.63104
38.1113,-18.9418,-1.63104
38.1086,-18.9819,-1.64904
38.1058,-19.023,-1.64904
38.1044,-19.044,-1.64904
38.1075,-19.0429,-1.64628
38.104,-19.0829,-1.66328
38.1008,-19.1148,-1.66328
38.097,-19.1445,-1.68128
38.0952,-19.1554,-1.68128
38.0946,-19.1654,-1.68128
38.0913,-19.1852,-1.68128
38.0882,-19.2039,-1.69828
38.0852,-19.2227,-1.69828
38.0835,-19.2325,-1.69828
38.0835,-19.2325,-1.69828
38.0794,-19.2787,-1.52559
38.0788,-19.2827,-1.47259
38.0791,-19.2868,-1.40259
38.0839,-19.3069,-1.21059
38.0951,-19.2989,-1.23665
38.1006,-19.3152,-1.25365
38.1033,-19.3233,-1.25365
38.1068,-19.3327,-1.27165
38.1177,-19.3726,-1.39365
38.1189,-19.3824,-1.42865
38.1208,-19.3934,-1.46365
38.122,-19.4032,-1.49765
38.1226,-19.4221,-1.56765
38.1228,-19.4421,-1.53265
38.1234,-19.4538,-1.49765
38.125,-19.4657,-1.44565
38.1291,-19.4868,-1.32365
38.1869,-19.5691,-0.735327
38.2029,-19.5877,-0.686512
38.2105,-19.594,-0.669512
38.2248,-19.6062,-0.669512
38.236,-19.6144,-0.634512
38.2377,-19.6159,-0.616512
38.2386,-19.6162,-0.599512
38.2386,-19.6162,-0.581512
38.2386,-19.6162,-0.546512
38.2386,-19.6162,-0.529512
38.2386,-19.6162,-0.494512
38.2386,-19.6162,-0.494512
38.2386,-19.6162,-0.477512
38.2386,-19.6162,-0.442512
38.2386,-19.6162,-0.424512
38.2386,-19.6162,-0.389512
38.2386,-19.6162,-0.372512
38.2386,-19.6162,-0.354512
38.2386,-19.6162,-0.320512
38.2386,-19.6162,-0.302512
38.2386,-19.6162,-0.285512
38.2386,-19.6162,-0.267512
38.2386,-19.6162,-0.250512
38.2386,-19.6162,-0.250512
38.2386,-19.6162,-0.250512
38.2386,-19.6162,-0.250512
38.2386,-19.6162,-0.250512
38.2386,-19.6162,-0.250512
38.2386,-19.6162,-0.250512
38.2386,-19.6162,-0.250512
38.2386,-19.6162,-0.250512
38.2386,-19.6162,-0.250512
38.2386,-19.6162,-0.250512
38.2386,-19.6162,-0.250512
38.2386,-19.6162,-0.267512
38.2386,-19.6162,-0.267512
38.2386,-19.6162,-0.267512
38.2386,-19.6162,-0.267512
38.2386,-19.6162,-0.267512
38.2386,-19.6162,-0.267512
38.2386,-19.6162,-0.267512
38.2386,-19.6162,-0.267512
38.2386,-19.6162,-0.267512
38.2386,-19.6162,-0.267512
38.2386,-19.6162,-0.267512
38.2386,-19.6162,-0.267512
38.2386,-19.6162,-0.267512
38.2386,-19.6162,-0.267512
38.2386,-19.6162,-0.267512
38.2386,-19.6162,-0.267512
38.2386,-19.6162,-0.267512
38.2386,-19.6162,-0.267512
38.2386,-19.6162,-0.267512
38.2386,-19.6162,-0.267512
38.2386,-19.6162,-0.267512
38.2386,-19.6162,-0.267512
38.2386,-19.6162,-0.267512
38.2386,-19.6162,-0.267512
38.2386,-19.6162,-0.267512
38.2386,-19.6162,-0.267512
38.2386,-19.6162,-0.267512
38.2386,-19.6162,-0.267512
38.2386,-19.6162,-0.267512
38.2386,-19.6162,-0.267512
38.2386,-19.6162,-0.267512
38.2386,-19.6162,-0.267512
38.2386,-19.6162,-0.267512
38.2386,-19.6162,-0.267512
38.2386,-19.6162,-0.267512
38.2386,-19.6162,-0.267512
38.2386,-19.6162,-0.267512
38.2386,-19.6162,-0.267512
38.2386,-19.6162,-0.267512
38.2386,-19.6162,-0.267512
38.2386,-19.6162,-0.267512
38.2386,-19.6162,-0.267512
38.2386,-19.6162,-0.267512
38.2386,-19.6162,-0.267512
38.2386,-19.6162,-0.267512
38.2386,-19.6162,-0.267512
38.2386,-19.6162,-0.267512
38.2386,-19.6162,-0.267512
38.2386,-19.6162,-0.267512
38.2386,-19.6162,-0.267512
38.2386,-19.6162,-0.267512
38.2386,-19.6162,-0.267512
38.2386,-19.6162,-0.267512
38.2386,-19.6162,-0.267512
38.2386,-19.6162,-0.267512
38.2386,-19.6162,-0.267512
38.2386,-19.6162,-0.267512
38.2386,-19.6162,-0.267512
38.2386,-19.6162,-0.267512
38.2386,-19.6162,-0.267512
38.2386,-19.6162,-0.267512
38.2386,-19.6162,-0.267512
38.2386,-19.6162,-0.267512
38.2386,-19.6162,-0.267512
38.2386,-19.6162,-0.267512
38.2386,-19.6162,-0.267512
38.2386,-19.6162,-0.267512
38.2386,-19.6162,-0.267512
38.2386,-19.6162,-0.267512
38.2386,-19.6162,-0.267512
38.2386,-19.6162,-0.267512
38.2386,-19.6162,-0.267512
38.2386,-19.6162,-0.267512
38.2386,-19.6162,-0.267512
38.2386,-19.6162,-0.267512
38.2386,-19.6162,-0.267512
38.2386,-19.6162,-0.267512
38.2386,-19.6162,-0.267512
38.2386,-19.6162,-0.267512
38.2386,-19.6162,-0.267512
38.2386,-19.6162,-0.267512
38.2386,-19.6162,-0.267512
38.2386,-19.6162,-0.267512
38.2386,-19.6162,-0.267512
38.2386,-19.6162,-0.267512
38.2386,-19.6162,-0.267512
38.2386,-19.6162,-0.267512
38.2386,-19.6162,-0.267512
38.2386,-19.6162,-0.267512
38.2386,-19.6162,-0.267512
38.2386,-19.6162,-0.267512
38.2386,-19.6162,-0.267512
38.2386,-19.6162,-0.267512
38.2386,-19.6162,-0.267512
38.2386,-19.6162,-0.267512
38.2386,-19.6162,-0.267512
38.2386,-19.6162,-0.267512
38.2386,-19.6162,-0.267512
38.2386,-19.6162,-0.267512
38.2386,-19.6162,-0.267512
38.2386,-19.6162,-0.267512
38.2386,-19.6162,-0.267512
38.2386,-19.6162,-0.267512
38.2386,-19.6162,-0.267512
38.2386,-19.6162,-0.267512
38.2386,-19.6162,-0.267512
38.2386,-19.6162,-0.267512
38.2386,-19.6162,-0.267512
38.2386,-19.6162,-0.267512
38.2386,-19.6162,-0.267512
38.2386,-19.6162,-0.267512
38.2386,-19.6162,-0.267512
38.2386,-19.6162,-0.267512
38.2386,-19.6162,-0.267512
38.2386,-19.6162,-0.267512
38.2386,-19.6162,-0.267512
38.2386,-19.6162,-0.267512
38.2386,-19.6162,-0.267512
38.2386,-19.6162,-0.267512
38.2386,-19.6162,-0.267512
38.2386,-19.6162,-0.267512
38.2386,-19.6162,-0.267512
38.2386,-19.6162,-0.267512
38.2386,-19.6162,-0.267512
38.2386,-19.6162,-0.267512
38.2386,-19.6162,-0.267512
38.2386,-19.6162,-0.267512
38.2386,-19.6162,-0.267512
38.2386,-19.6162,-0.267512
38.2386,-19.6162,-0.267512
38.2386,-19.6162,-0.267512
38.2386,-19.6162,-0.267512
38.2386,-19.6162,-0.267512
38.2386,-19.6162,-0.267512
38.2386,-19.6162,-0.267512
38.2386,-19.6162,-0.267512
38.2386,-19.6162,-0.267512
38.2386,-19.6162,-0.267512
38.2386,-19.6162,-0.267512
38.2386,-19.6162,-0.267512
38.2386,-19.6162,-0.267512
38.2386,-19.6162,-0.267512
38.2386,-19.6162,-0.267512
38.2386,-19.6162,-0.267512
38.2386,-19.6162,-0.267512
38.2386,-19.6162,-0.267512
38.2386,-19.6162,-0.267512
38.2386,-19.6162,-0.267512
38.2386,-19.6162,-0.267512
38.2386,-19.6162,-0.267512
38.2386,-19.6162,-0.267512
38.2386,-19.6162,-0.267512
38.2386,-19.6162,-0.267512
38.2386,-19.6162,-0.267512
38.2386,-19.6162,-0.267512
38.2386,-19.6162,-0.267512
38.2386,-19.6162,-0.267512
38.2386,-19.6162,-0.267512
38.2386,-19.6162,-0.267512
38.2386,-19.6162,-0.267512
38.2386,-19.6162,-0.267512
38.2386,-19.6162,-0.267512
38.2386,-19.6162,-0.267512
38.2386,-19.6162,-0.267512
38.2386,-19.6162,-0.267512
38.2386,-19.6162,-0.267512
38.2386,-19.6162,-0.267512
38.2386,-19.6162,-0.267512
38.2386,-19.6162,-0.267512
38.2386,-19.6162,-0.267512
38.2386,-19.6162,-0.267512
38.2386,-19.6162,-0.267512
38.2386,-19.6162,-0.267512
38.2386,-19.6162,-0.267512
38.2386,-19.6162,-0.267512
38.2386,-19.6162,-0.267512
38.2386,-19.6162,-0.267512
38.2386,-19.6162,-0.267512
38.2386,-19.6162,-0.267512
38.2386,-19.6162,-0.267512
38.2386,-19.6162,-0.267512
38.2386,-19.6162,-0.267512
38.2386,-19.6162,-0.267512
38.2386,-19.6162,-0.267512
38.2386,-19.6162,-0.267512
38.2386,-19.6162,-0.267512
38.2386,-19.6162,-0.267512
38.2386,-19.6162,-0.267512
38.2386,-19.6162,-0.267512
38.2386,-19.6162,-0.267512
38.2386,-19.6162,-0.267512
38.2386,-19.6162,-0.267512
38.2386,-19.6162,-0.267512
38.2386,-19.6162,-0.267512
38.2386,-19.6162,-0.267512
38.2386,-19.6162,-0.267512
38.2386,-19.6162,-0.267512
38.2386,-19.6162,-0.267512
38.2386,-19.6162,-0.267512
38.2386,-19.6162,-0.267512
38.2386,-19.6162,-0.267512
38.2386,-19.6162,-0.267512
38.2386,-19.6162,-0.267512
38.2386,-19.6162,-0.267512
38.2386,-19.6162,-0.267512
38.2386,-19.6162,-0.267512
38.2386,-19.6162,-0.267512
38.2386,-19.6162,-0.267512
38.2386,-19.6162,-0.267512
38.2386,-19.6162,-0.267512
38.2386,-19.6162,-0.267512
38.2386,-19.6162,-0.267512
38.2386,-19.6162,-0.267512
38.2386,-19.6162,-0.267512
38.2386,-19.6162,-0.267512
38.2386,-19.6162,-0.267512
38.2386,-19.6162,-0.267512
38.2386,-19.6162,-0.267512
38.2386,-19.6162,-0.267512
38.2386,-19.6162,-0.267512
38.2386,-19.6162,-0.267512
38.2386,-19.6162,-0.267512
38.2386,-19.6162,-0.267512
38.2386,-19.6162,-0.267512
38.2386,-19.6162,-0.267512
38.2386,-19.6162,-0.267512
38.2386,-19.6162,-0.267512
38.2386,-19.6162,-0.267512
38.2386,-19.6162,-0.267512
38.2386,-19.6162,-0.267512
38.2386,-19.6162,-0.267512
38.2386,-19.6162,-0.267512
38.2386,-19.6162,-0.267512
38.2386,-19.6162,-0.267512
38.2386,-19.6162,-0.267512
38.2386,-19.6162,-0.267512
38.2386,-19.6162,-0.267512
