time,x,y,z,xref,yref,zref,ux,uy,uz
1.8e-05,-1.685,0.6689,0.0007063,3.922e-06,3.922e-06,0.003922,-5.882e-05,3.663e-06,0.01961
0.01725,-1.592,0.6348,0.0005253,3.922e-06,3.922e-06,0.003922,-5.882e-05,3.663e-06,0.01961
0.026783,-1.553,0.6055,0.0004436,3.922e-06,3.922e-06,0.003922,-5.882e-05,3.663e-06,0.01961
0.036792,-1.538,0.5811,0.0003356,3.922e-06,3.922e-06,0.003922,-5.882e-05,3.663e-06,0.01961
0.046782,-1.499,0.5322,0.0002685,3.922e-06,3.922e-06,0.003922,-5.882e-05,3.663e-06,0.01961
0.056783,-1.494,0.4883,0.0001926,3.922e-06,3.922e-06,0.003922,-5.882e-05,3.663e-06,0.01961
0.066782,-1.47,0.4492,0.0001226,3.922e-06,3.922e-06,0.003922,-5.882e-05,3.663e-06,0.01961
0.076782,-1.46,0.4248,4.378e-05,3.922e-06,3.922e-06,0.003922,-5.882e-05,3.663e-06,0.01961
0.086783,-1.484,0.3613,-5.837e-06,3.922e-06,3.922e-06,0.003922,-5.882e-05,3.663e-06,0.01961
0.096783,-1.494,0.3076,-4.086e-05,3.922e-06,3.922e-06,0.003922,-5.882e-05,3.663e-06,0.01961
0.106783,-1.543,0.249,-8.756e-05,3.922e-06,3.922e-06,0.003922,-5.882e-05,3.663e-06,0.01961
0.116781,-1.597,0.1953,-0.000108,3.922e-06,3.922e-06,0.003922,-5.882e-05,3.663e-06,0.01961
0.126782,-1.68,0.1367,-0.0001284,3.922e-06,3.922e-06,0.003922,-5.882e-05,3.663e-06,0.01961
0.136783,-1.753,0.06348,-0.0001284,3.922e-06,3.922e-06,0.003922,-5.882e-05,3.663e-06,0.01961
0.146782,-1.855,0.03418,-0.0001488,3.922e-06,3.922e-06,0.003922,-5.882e-05,3.663e-06,0.01961
0.156783,-1.958,-0.03906,-0.0001313,3.922e-06,3.922e-06,0.003922,-5.882e-05,3.663e-06,0.01961
0.166782,-2.051,-0.09766,-0.0001138,3.922e-06,3.922e-06,0.003922,-5.882e-05,3.663e-06,0.01961
0.176782,-2.168,-0.1465,-9.048e-05,3.922e-06,3.922e-06,0.003922,-5.882e-05,3.663e-06,0.01961
0.186782,-2.275,-0.2246,-4.086e-05,3.922e-06,3.922e-06,0.003922,-5.882e-05,3.663e-06,0.01961
0.196782,-2.397,-0.2637,-2.919e-06,3.922e-06,3.922e-06,0.003922,-5.882e-05,3.663e-06,0.01961
0.206782,-2.515,-0.3369,6.129e-05,3.922e-06,3.922e-06,0.003922,-5.882e-05,3.663e-06,0.01961
0.216782,-2.637,-0.3857,0.0001313,3.922e-06,3.922e-06,0.003922,-5.882e-05,3.663e-06,0.01961
0.226783,-2.764,-0.4346,0.0002043,3.922e-06,3.922e-06,0.003922,-5.882e-05,3.663e-06,0.01961
0.236783,-2.91,-0.4883,0.0002889,3.922e-06,3.922e-06,0.003922,-5.882e-05,3.663e-06,0.01961
0.246783,-3.027,-0.5371,0.0003853,3.922e-06,3.922e-06,0.003922,-5.882e-05,3.663e-06,0.01961
0.256782,-3.164,-0.5713,0.0004728,3.922e-06,3.922e-06,0.003922,-5.882e-05,3.663e-06,0.01961
0.266783,-3.301,-0.6055,0.000575,3.922e-06,3.922e-06,0.003922,-5.882e-05,3.663e-06,0.01961
0.276782,-3.418,-0.6201,0.0006713,3.922e-06,3.922e-06,0.003922,-5.882e-05,3.663e-06,0.01961
0.286782,-3.54,-0.6689,0.0007939,3.922e-06,3.922e-06,0.003922,-5.882e-05,3.663e-06,0.01961
0.296782,-3.647,-0.6982,0.0009164,3.922e-06,3.922e-06,0.003922,-5.882e-05,3.663e-06,0.01961
0.306783,-3.774,-0.7178,0.00103,3.922e-06,3.922e-06,0.003922,-5.882e-05,3.663e-06,0.01961
0.316782,-3.877,-0.7324,0.001162,3.922e-06,3.922e-06,0.003922,-5.882e-05,3.663e-06,0.01961
0.326782,-3.984,-0.7324,0.001284,3.922e-06,3.922e-06,0.003922,-5.882e-05,3.663e-06,0.01961
0.336783,-4.087,-0.7422,0.001407,3.922e-06,3.922e-06,0.003922,-5.882e-05,3.663e-06,0.01961
0.346782,-4.155,-0.7324,0.001532,3.922e-06,3.922e-06,0.003922,-5.882e-05,3.663e-06,0.01961
0.356782,-4.263,-0.7275,0.001652,3.922e-06,3.922e-06,0.003922,-5.882e-05,3.663e-06,0.01961
0.366782,-4.321,-0.7129,0.001766,3.922e-06,3.922e-06,0.003922,-5.882e-05,3.663e-06,0.01961
0.376782,-4.38,-0.6934,0.001882,3.922e-06,3.922e-06,0.003922,-5.882e-05,3.663e-06,0.01961
0.386783,-4.429,-0.6592,0.001988,3.922e-06,3.922e-06,0.003922,-5.882e-05,3.663e-06,0.01961
0.396782,-4.473,-0.6201,0.002093,3.922e-06,3.922e-06,0.003922,-5.882e-05,3.663e-06,0.01961
0.406783,-4.502,-0.6006,0.002204,3.922e-06,3.922e-06,0.003922,-5.882e-05,3.663e-06,0.01961
0.416782,-4.521,-0.5615,0.002303,3.922e-06,3.922e-06,0.003922,-5.882e-05,3.663e-06,0.01961
0.426782,-4.517,-0.5273,0.002393,3.922e-06,3.922e-06,0.003922,-5.882e-05,3.663e-06,0.01961
0.436783,-4.521,-0.4834,0.002472,3.922e-06,3.922e-06,0.003922,-5.882e-05,3.663e-06,0.01961
0.446782,-4.482,-0.415,0.002536,3.922e-06,3.922e-06,0.003922,-5.882e-05,3.663e-06,0.01961
0.456782,-4.478,-0.3662,0.002603,3.922e-06,3.922e-06,0.003922,-5.882e-05,3.663e-06,0.01961
0.466784,-4.429,-0.3076,0.002659,3.922e-06,3.922e-06,0.003922,-5.882e-05,3.663e-06,0.01961
0.476783,-4.39,-0.2393,0.002694,3.922e-06,3.922e-06,0.003922,-5.882e-05,3.663e-06,0.01961
0.486782,-4.341,-0.1807,0.002717,3.922e-06,3.922e-06,0.003922,-5.882e-05,3.663e-06,0.01961
0.496782,-4.258,-0.1025,0.002741,3.922e-06,3.922e-06,0.003922,-5.882e-05,3.663e-06,0.01961
0.506782,-4.18,-0.03906,0.002746,3.922e-06,3.922e-06,0.003922,-5.882e-05,3.663e-06,0.01961
0.516783,-4.077,0.01953,0.002755,3.922e-06,3.922e-06,0.003922,-5.882e-05,3.663e-06,0.01961
0.526783,-3.989,0.09277,0.002743,3.922e-06,3.922e-06,0.003922,-5.882e-05,3.663e-06,0.01961
0.536782,-3.882,0.1465,0.002732,3.922e-06,3.922e-06,0.003922,-5.882e-05,3.663e-06,0.01961
0.546782,-3.755,0.21,0.002708,3.922e-06,3.922e-06,0.003922,-5.882e-05,3.663e-06,0.01961
0.556783,-3.652,0.2783,0.002656,3.922e-06,3.922e-06,0.003922,-5.882e-05,3.663e-06,0.01961
0.566782,-3.521,0.3467,0.002615,3.922e-06,3.922e-06,0.003922,-5.882e-05,3.663e-06,0.01961
0.576782,-3.394,0.4102,0.002542,3.922e-06,3.922e-06,0.003922,-5.882e-05,3.663e-06,0.01961
0.586782,-3.271,0.4639,0.002475,3.922e-06,3.922e-06,0.003922,-5.882e-05,3.663e-06,0.01961
0.596783,-3.125,0.5322,0.002384,3.922e-06,3.922e-06,0.003922,-5.882e-05,3.663e-06,0.01961
0.606783,-2.988,0.5859,0.002282,3.922e-06,3.922e-06,0.003922,-5.882e-05,3.663e-06,0.01961
0.616782,-2.842,0.6299,0.002189,3.922e-06,3.922e-06,0.003922,-5.882e-05,3.663e-06,0.01961
0.626783,-2.705,0.6738,0.002084,3.922e-06,3.922e-06,0.003922,-5.882e-05,3.663e-06,0.01961
0.636782,-2.573,0.7178,0.00197,3.922e-06,3.922e-06,0.003922,-5.882e-05,3.663e-06,0.01961
0.646781,-2.427,0.7471,0.001859,3.922e-06,3.922e-06,0.003922,-5.882e-05,3.663e-06,0.01961
0.656783,-2.305,0.7715,0.001742,3.922e-06,3.922e-06,0.003922,-5.882e-05,3.663e-06,0.01961
0.666782,-2.168,0.8057,0.001608,3.922e-06,3.922e-06,0.003922,-5.882e-05,3.663e-06,0.01961
0.676782,-2.041,0.8301,0.001471,3.922e-06,3.922e-06,0.003922,-5.882e-05,3.663e-06,0.01961
0.686784,-1.938,0.8398,0.00134,3.922e-06,3.922e-06,0.003922,-5.882e-05,3.663e-06,0.01961
0.696783,-1.821,0.8594,0.001202,3.922e-06,3.922e-06,0.003922,-5.882e-05,3.663e-06,0.01961
0.706783,-1.714,0.8447,0.001071,3.922e-06,3.922e-06,0.003922,-5.882e-05,3.663e-06,0.01961
0.716783,-1.616,0.8398,0.0009398,3.922e-06,3.922e-06,0.003922,-5.882e-05,3.663e-06,0.01961
0.726784,-1.519,0.8398,0.0008026,3.922e-06,3.922e-06,0.003922,-5.882e-05,3.663e-06,0.01961
0.736782,-1.421,0.8252,0.0006684,3.922e-06,3.922e-06,0.003922,-5.882e-05,3.663e-06,0.01961
0.746782,-1.309,0.8008,0.0005516,3.922e-06,3.922e-06,0.003922,-5.882e-05,3.663e-06,0.01961
0.756782,-1.211,0.7715,0.0004261,3.922e-06,3.922e-06,0.003922,-5.882e-05,3.663e-06,0.01961
0.766782,-1.113,0.7422,0.0003123,3.922e-06,3.922e-06,0.003922,-5.882e-05,3.663e-06,0.01961
0.776782,-1.021,0.7129,0.0002043,3.922e-06,3.922e-06,0.003922,-5.882e-05,3.663e-06,0.01961
0.786782,-0.9277,0.6738,8.756e-05,3.922e-06,3.922e-06,0.003922,-5.882e-05,3.663e-06,0.01961
0.796782,-0.8105,0.6348,-1.167e-05,3.922e-06,3.922e-06,0.003922,-5.882e-05,3.663e-06,0.01961
0.806782,-0.7324,0.6006,-0.0001109,3.922e-06,3.922e-06,0.003922,-5.882e-05,3.663e-06,0.01961
0.816781,-0.6543,0.5518,-0.0001897,3.922e-06,3.922e-06,0.003922,-5.882e-05,3.663e-06,0.01961
0.826781,-0.5713,0.5078,-0.0002685,3.922e-06,3.922e-06,0.003922,-5.882e-05,3.663e-06,0.01961
0.836782,-0.5078,0.4492,-0.0003298,3.922e-06,3.922e-06,0.003922,-5.882e-05,3.663e-06,0.01961
0.846781,-0.4443,0.4199,-0.0004174,3.922e-06,3.922e-06,0.003922,-5.882e-05,3.663e-06,0.01961
0.856783,-0.3955,0.3564,-0.0004553,3.922e-06,3.922e-06,0.003922,-5.882e-05,3.663e-06,0.01961
0.866782,-0.3516,0.3125,-0.0005137,3.922e-06,3.922e-06,0.003922,-5.882e-05,3.663e-06,0.01961
0.876783,-0.3076,0.2539,-0.0005312,3.922e-06,3.922e-06,0.003922,-5.882e-05,3.663e-06,0.01961
0.886782,-0.2979,0.2051,-0.0005604,3.922e-06,3.922e-06,0.003922,-5.882e-05,3.663e-06,0.01961
0.896782,-0.2734,0.1562,-0.0005925,3.922e-06,3.922e-06,0.003922,-5.882e-05,3.663e-06,0.01961
0.906782,-0.2881,0.1025,-0.0005983,3.922e-06,3.922e-06,0.003922,-5.882e-05,3.663e-06,0.01961
0.916783,-0.3027,0.05371,-0.0005983,3.922e-06,3.922e-06,0.003922,-5.882e-05,3.663e-06,0.01961
0.926781,-0.3223,0.01953,-0.0006129,3.922e-06,3.922e-06,0.003922,-5.882e-05,3.663e-06,0.01961
0.936783,-0.3613,-0.03906,-0.0005983,3.922e-06,3.922e-06,0.003922,-5.882e-05,3.663e-06,0.01961
0.946782,-0.4199,-0.07812,-0.0005808,3.922e-06,3.922e-06,0.003922,-5.882e-05,3.663e-06,0.01961
0.956783,-0.4932,-0.127,-0.0005604,3.922e-06,3.922e-06,0.003922,-5.882e-05,3.663e-06,0.01961
0.966783,-0.5762,-0.1611,-0.0005283,3.922e-06,3.922e-06,0.003922,-5.882e-05,3.663e-06,0.01961
0.976781,-0.6885,-0.2246,-0.0004728,3.922e-06,3.922e-06,0.003922,-5.882e-05,3.663e-06,0.01961
0.986781,-0.8252,-0.2539,-0.0004407,3.922e-06,3.922e-06,0.003922,-5.882e-05,3.663e-06,0.01961
0.996782,-0.9521,-0.2881,-0.0003853,3.922e-06,3.922e-06,0.003922,-5.882e-05,3.663e-06,0.01961
1.006783,-1.113,-0.3369,-0.0003269,3.922e-06,3.922e-06,0.003922,-5.882e-05,3.663e-06,0.01961
1.016782,-1.279,-0.376,-0.0002568,3.922e-06,3.922e-06,0.003922,-5.882e-05,3.663e-06,0.01961
1.026782,-1.494,-0.4199,-0.0001868,3.922e-06,3.922e-06,0.003922,-5.882e-05,3.663e-06,0.01961
1.036782,-1.719,-0.4688,-0.0001022,3.922e-06,3.922e-06,0.003922,-5.882e-05,3.663e-06,0.01961
1.046783,-1.914,-0.5029,-2.043e-05,3.922e-06,3.922e-06,0.003922,-5.882e-05,3.663e-06,0.01961
1.056782,-2.144,-0.5371,6.713e-05,3.922e-06,3.922e-06,0.003922,-5.882e-05,3.663e-06,0.01961
1.066782,-2.339,-0.5713,0.0001693,3.922e-06,3.922e-06,0.003922,-5.882e-05,3.663e-06,0.01961
1.076782,-2.539,-0.6055,0.0002714,3.922e-06,3.922e-06,0.003922,-5.882e-05,3.663e-06,0.01961
1.086782,-2.725,-0.6543,0.0003882,3.922e-06,3.922e-06,0.003922,-5.882e-05,3.663e-06,0.01961
1.096782,-2.896,-0.6738,0.0004962,3.922e-06,3.922e-06,0.003922,-5.882e-05,3.663e-06,0.01961
1.106782,-3.076,-0.708,0.0006158,3.922e-06,3.922e-06,0.003922,-5.882e-05,3.663e-06,0.01961
1.116782,-3.242,-0.7227,0.0007326,3.922e-06,3.922e-06,0.003922,-5.882e-05,3.663e-06,0.01961
1.126783,-3.394,-0.7422,0.000861,3.922e-06,3.922e-06,0.003922,-5.882e-05,3.663e-06,0.01961
1.136783,-3.535,-0.7568,0.0009836,3.922e-06,3.922e-06,0.003922,-5.882e-05,3.663e-06,0.01961
1.146782,-3.677,-0.7568,0.001115,3.922e-06,3.922e-06,0.003922,-5.882e-05,3.663e-06,0.01961
1.156783,-3.804,-0.7715,0.00124,3.922e-06,3.922e-06,0.003922,-5.882e-05,3.663e-06,0.01961
1.166782,-3.906,-0.7666,0.001372,3.922e-06,3.922e-06,0.003922,-5.882e-05,3.663e-06,0.01961
1.176782,-4.023,-0.7617,0.0015,3.922e-06,3.922e-06,0.003922,-5.882e-05,3.663e-06,0.01961
1.186782,-4.126,-0.7471,0.00162,3.922e-06,3.922e-06,0.003922,-5.882e-05,3.663e-06,0.01961
1.196782,-4.189,-0.7275,0.001737,3.922e-06,3.922e-06,0.003922,-5.882e-05,3.663e-06,0.01961
1.206783,-4.282,-0.708,0.001856,3.922e-06,3.922e-06,0.003922,-5.882e-05,3.663e-06,0.01961
1.216782,-4.331,-0.6836,0.001979,3.922e-06,3.922e-06,0.003922,-5.882e-05,3.663e-06,0.01961
1.226782,-4.385,-0.6543,0.00209,3.922e-06,3.922e-06,0.003922,-5.882e-05,3.663e-06,0.01961
1.236781,-4.414,-0.625,0.002201,3.922e-06,3.922e-06,0.003922,-5.882e-05,3.663e-06,0.01961
1.246782,-4.443,-0.5762,0.002294,3.922e-06,3.922e-06,0.003922,-5.882e-05,3.663e-06,0.01961
1.256782,-4.468,-0.5371,0.002384,3.922e-06,3.922e-06,0.003922,-5.882e-05,3.663e-06,0.01961
1.266782,-4.468,-0.4785,0.002457,3.922e-06,3.922e-06,0.003922,-5.882e-05,3.663e-06,0.01961
1.276782,-4.453,-0.4297,0.002539,3.922e-06,3.922e-06,0.003922,-5.882e-05,3.663e-06,0.01961
1.286782,-4.448,-0.3613,0.002589,3.922e-06,3.922e-06,0.003922,-5.882e-05,3.663e-06,0.01961
1.296781,-4.399,-0.3027,0.002635,3.922e-06,3.922e-06,0.003922,-5.882e-05,3.663e-06,0.01961
1.306783,-4.355,-0.2588,0.002697,3.922e-06,3.922e-06,0.003922,-5.882e-05,3.663e-06,0.01961
1.316782,-4.297,-0.1855,0.00272,3.922e-06,3.922e-06,0.003922,-5.882e-05,3.663e-06,0.01961
1.326782,-4.219,-0.1172,0.002749,3.922e-06,3.922e-06,0.003922,-5.882e-05,3.663e-06,0.01961
1.336783,-4.15,-0.05859,0.002758,3.922e-06,3.922e-06,0.003922,-5.882e-05,3.663e-06,0.01961
1.346783,-4.043,0.0,0.002781,3.922e-06,3.922e-06,0.003922,-5.882e-05,3.663e-06,0.01961
1.356782,-3.975,0.07812,0.002761,3.922e-06,3.922e-06,0.003922,-5.882e-05,3.663e-06,0.01961
1.366782,-3.872,0.1514,0.002726,3.922e-06,3.922e-06,0.003922,-5.882e-05,3.663e-06,0.01961
1.376782,-3.765,0.2197,0.002697,3.922e-06,3.922e-06,0.003922,-5.882e-05,3.663e-06,0.01961
1.386782,-3.633,0.2783,0.002656,3.922e-06,3.922e-06,0.003922,-5.882e-05,3.663e-06,0.01961
1.396781,-3.511,0.3711,0.002586,3.922e-06,3.922e-06,0.003922,-5.882e-05,3.663e-06,0.01961
1.406783,-3.379,0.415,0.00253,3.922e-06,3.922e-06,0.003922,-5.882e-05,3.663e-06,0.01961
1.416782,-3.242,0.4736,0.002463,3.922e-06,3.922e-06,0.003922,-5.882e-05,3.663e-06,0.01961
1.426782,-3.11,0.5322,0.002379,3.922e-06,3.922e-06,0.003922,-5.882e-05,3.663e-06,0.01961
1.436781,-2.969,0.5713,0.002294,3.922e-06,3.922e-06,0.003922,-5.882e-05,3.663e-06,0.01961
1.446784,-2.832,0.6299,0.002198,3.922e-06,3.922e-06,0.003922,-5.882e-05,3.663e-06,0.01961
1.456781,-2.69,0.6592,0.002101,3.922e-06,3.922e-06,0.003922,-5.882e-05,3.663e-06,0.01961
1.466782,-2.559,0.7178,0.001976,3.922e-06,3.922e-06,0.003922,-5.882e-05,3.663e-06,0.01961
1.476782,-2.422,0.752,0.001859,3.922e-06,3.922e-06,0.003922,-5.882e-05,3.663e-06,0.01961
1.486782,-2.295,0.7861,0.001728,3.922e-06,3.922e-06,0.003922,-5.882e-05,3.663e-06,0.01961
1.496783,-2.158,0.8203,0.001605,3.922e-06,3.922e-06,0.003922,-5.882e-05,3.663e-06,0.01961
1.506782,-2.046,0.8252,0.001477,3.922e-06,3.922e-06,0.003922,-5.882e-05,3.663e-06,0.01961
1.516782,-1.914,0.835,0.001343,3.922e-06,3.922e-06,0.003922,-5.882e-05,3.663e-06,0.01961
1.526783,-1.802,0.8496,0.001202,3.922e-06,3.922e-06,0.003922,-5.882e-05,3.663e-06,0.01961
1.536783,-1.704,0.8447,0.001068,3.922e-06,3.922e-06,0.003922,-5.882e-05,3.663e-06,0.01961
1.546782,-1.597,0.8447,0.0009485,3.922e-06,3.922e-06,0.003922,-5.882e-05,3.663e-06,0.01961
1.556782,-1.519,0.8398,0.0007968,3.922e-06,3.922e-06,0.003922,-5.882e-05,3.663e-06,0.01961
1.566782,-1.406,0.8203,0.0006654,3.922e-06,3.922e-06,0.003922,-5.882e-05,3.663e-06,0.01961
1.576782,-1.304,0.8057,0.0005458,3.922e-06,3.922e-06,0.003922,-5.882e-05,3.663e-06,0.01961
1.586782,-1.206,0.7764,0.0004174,3.922e-06,3.922e-06,0.003922,-5.882e-05,3.663e-06,0.01961
1.596783,-1.084,0.7422,0.0003065,3.922e-06,3.922e-06,0.003922,-5.882e-05,3.663e-06,0.01961
1.606782,-1.001,0.7227,0.0001839,3.922e-06,3.922e-06,0.003922,-5.882e-05,3.663e-06,0.01961
1.616783,-0.8936,0.6836,7.588e-05,3.922e-06,3.922e-06,0.003922,-5.882e-05,3.663e-06,0.01961
1.626782,-0.8057,0.6299,-1.167e-05,3.922e-06,3.922e-06,0.003922,-5.882e-05,3.663e-06,0.01961
1.636783,-0.7129,0.5811,-0.0001051,3.922e-06,3.922e-06,0.003922,-5.882e-05,3.663e-06,0.01961
1.646781,-0.6152,0.5469,-0.0001868,3.922e-06,3.922e-06,0.003922,-5.882e-05,3.663e-06,0.01961
1.656782,-0.5469,0.5029,-0.0002773,3.922e-06,3.922e-06,0.003922,-5.882e-05,3.663e-06,0.01961
1.666783,-0.4688,0.4541,-0.0003415,3.922e-06,3.922e-06,0.003922,-5.882e-05,3.663e-06,0.01961
1.676782,-0.4053,0.4199,-0.0004144,3.922e-06,3.922e-06,0.003922,-5.882e-05,3.663e-06,0.01961
1.686782,-0.3613,0.3711,-0.0004757,3.922e-06,3.922e-06,0.003922,-5.882e-05,3.663e-06,0.01961
1.696782,-0.3027,0.3223,-0.0005224,3.922e-06,3.922e-06,0.003922,-5.882e-05,3.663e-06,0.01961
1.706782,-0.2783,0.2588,-0.0005487,3.922e-06,3.922e-06,0.003922,-5.882e-05,3.663e-06,0.01961
1.716783,-0.2393,0.2197,-0.0005866,3.922e-06,3.922e-06,0.003922,-5.882e-05,3.663e-06,0.01961
1.726782,-0.21,0.166,-0.0006041,3.922e-06,3.922e-06,0.003922,-5.882e-05,3.663e-06,0.01961
1.736782,-0.2197,0.1123,-0.0006158,3.922e-06,3.922e-06,0.003922,-5.882e-05,3.663e-06,0.01961
1.746781,-0.2148,0.06348,-0.0006129,3.922e-06,3.922e-06,0.003922,-5.882e-05,3.663e-06,0.01961
1.756783,-0.249,0.01953,-0.0006217,3.922e-06,3.922e-06,0.003922,-5.882e-05,3.663e-06,0.01961
1.766782,-0.2832,-0.0293,-0.0006158,3.922e-06,3.922e-06,0.003922,-5.882e-05,3.663e-06,0.01961
1.776783,-0.332,-0.06836,-0.0006012,3.922e-06,3.922e-06,0.003922,-5.882e-05,3.663e-06,0.01961
1.786783,-0.3955,-0.1172,-0.0005779,3.922e-06,3.922e-06,0.003922,-5.882e-05,3.663e-06,0.01961
1.796782,-0.4785,-0.1416,-0.0005575,3.922e-06,3.922e-06,0.003922,-5.882e-05,3.663e-06,0.01961
1.806783,-0.5664,-0.21,-0.0005078,3.922e-06,3.922e-06,0.003922,-5.882e-05,3.663e-06,0.01961
1.816782,-0.6689,-0.2441,-0.0004611,3.922e-06,3.922e-06,0.003922,-5.882e-05,3.663e-06,0.01961
1.826782,-0.7959,-0.2832,-0.0004086,3.922e-06,3.922e-06,0.003922,-5.882e-05,3.663e-06,0.01961
1.836783,-0.9521,-0.3223,-0.0003532,3.922e-06,3.922e-06,0.003922,-5.882e-05,3.663e-06,0.01961
1.846782,-1.118,-0.3564,-0.000286,3.922e-06,3.922e-06,0.003922,-5.882e-05,3.663e-06,0.01961
1.856782,-1.304,-0.4004,-0.0002189,3.922e-06,3.922e-06,0.003922,-5.882e-05,3.663e-06,0.01961
1.866782,-1.509,-0.4395,-0.0001401,3.922e-06,3.922e-06,0.003922,-5.882e-05,3.663e-06,0.01961
1.876782,-1.729,-0.4688,-7.005e-05,3.922e-06,3.922e-06,0.003922,-5.882e-05,3.663e-06,0.01961
1.886782,-1.958,-0.5078,1.459e-05,3.922e-06,3.922e-06,0.003922,-5.882e-05,3.663e-06,0.01961
1.896781,-2.158,-0.542,0.0001109,3.922e-06,3.922e-06,0.003922,-5.882e-05,3.663e-06,0.01961
1.906782,-2.373,-0.5859,0.000216,3.922e-06,3.922e-06,0.003922,-5.882e-05,3.663e-06,0.01961
1.916782,-2.554,-0.6104,0.0003152,3.922e-06,3.922e-06,0.003922,-5.882e-05,3.663e-06,0.01961
1.926782,-2.749,-0.6494,0.000429,3.922e-06,3.922e-06,0.003922,-5.882e-05,3.663e-06,0.01961
1.936782,-2.93,-0.6787,0.000537,3.922e-06,3.922e-06,0.003922,-5.882e-05,3.663e-06,0.01961
1.946782,-3.091,-0.7031,0.0006654,3.922e-06,3.922e-06,0.003922,-5.882e-05,3.663e-06,0.01961
1.956782,-3.257,-0.7178,0.0007822,3.922e-06,3.922e-06,0.003922,-5.882e-05,3.663e-06,0.01961
1.966781,-3.398,-0.7324,0.0009048,3.922e-06,3.922e-06,0.003922,-5.882e-05,3.663e-06,0.01961
1.976782,-3.545,-0.7373,0.001022,3.922e-06,3.922e-06,0.003922,-5.882e-05,3.663e-06,0.01961
1.986782,-3.677,-0.7568,0.001153,3.922e-06,3.922e-06,0.003922,-5.882e-05,3.663e-06,0.01961
1.996782,-3.809,-0.7373,0.001273,3.922e-06,3.922e-06,0.003922,-5.882e-05,3.663e-06,0.01961
2.006782,-3.916,-0.7666,0.001418,3.922e-06,3.922e-06,0.003922,-5.882e-05,3.663e-06,0.01961
2.016783,-4.014,-0.7422,0.001526,3.922e-06,3.922e-06,0.003922,-5.882e-05,3.663e-06,0.01961
2.026782,-4.106,-0.7373,0.001658,3.922e-06,3.922e-06,0.003922,-5.882e-05,3.663e-06,0.01961
2.036781,-4.189,-0.7129,0.001772,3.922e-06,3.922e-06,0.003922,-5.882e-05,3.663e-06,0.01961
2.046783,-4.277,-0.6787,0.001882,3.922e-06,3.922e-06,0.003922,-5.882e-05,3.663e-06,0.01961
2.056782,-4.331,-0.6592,0.002002,3.922e-06,3.922e-06,0.003922,-5.882e-05,3.663e-06,0.01961
2.066782,-4.37,-0.625,0.002107,3.922e-06,3.922e-06,0.003922,-5.882e-05,3.663e-06,0.01961
2.076782,-4.399,-0.5811,0.002195,3.922e-06,3.922e-06,0.003922,-5.882e-05,3.663e-06,0.01961
2.086782,-4.419,-0.5518,0.002291,3.922e-06,3.922e-06,0.003922,-5.882e-05,3.663e-06,0.01961
2.096783,-4.438,-0.4932,0.00237,3.922e-06,3.922e-06,0.003922,-5.882e-05,3.663e-06,0.01961
2.106783,-4.429,-0.4639,0.002463,3.922e-06,3.922e-06,0.003922,-5.882e-05,3.663e-06,0.01961
2.116782,-4.399,-0.4004,0.002528,3.922e-06,3.922e-06,0.003922,-5.882e-05,3.663e-06,0.01961
2.126782,-4.39,-0.3467,0.002592,3.922e-06,3.922e-06,0.003922,-5.882e-05,3.663e-06,0.01961
2.136782,-4.355,-0.2832,0.00263,3.922e-06,3.922e-06,0.003922,-5.882e-05,3.663e-06,0.01961
2.146782,-4.312,-0.2246,0.002679,3.922e-06,3.922e-06,0.003922,-5.882e-05,3.663e-06,0.01961
2.156783,-4.253,-0.166,0.002711,3.922e-06,3.922e-06,0.003922,-5.882e-05,3.663e-06,0.01961
2.166783,-4.175,-0.09277,0.002723,3.922e-06,3.922e-06,0.003922,-5.882e-05,3.663e-06,0.01961
2.176782,-4.097,-0.02441,0.002723,3.922e-06,3.922e-06,0.003922,-5.882e-05,3.663e-06,0.01961
2.186783,-4.019,0.04395,0.002723,3.922e-06,3.922e-06,0.003922,-5.882e-05,3.663e-06,0.01961
2.196783,-3.916,0.1123,0.002708,3.922e-06,3.922e-06,0.003922,-5.882e-05,3.663e-06,0.01961
2.206783,-3.804,0.1562,0.002703,3.922e-06,3.922e-06,0.003922,-5.882e-05,3.663e-06,0.01961
2.216783,-3.682,0.2295,0.002668,3.922e-06,3.922e-06,0.003922,-5.882e-05,3.663e-06,0.01961
2.226783,-3.579,0.3027,0.002612,3.922e-06,3.922e-06,0.003922,-5.882e-05,3.663e-06,0.01961
2.236783,-3.462,0.3564,0.00256,3.922e-06,3.922e-06,0.003922,-5.882e-05,3.663e-06,0.01961
2.246782,-3.325,0.4199,0.002501,3.922e-06,3.922e-06,0.003922,-5.882e-05,3.663e-06,0.01961
2.256782,-3.208,0.4834,0.002414,3.922e-06,3.922e-06,0.003922,-5.882e-05,3.663e-06,0.01961
2.266783,-3.062,0.542,0.002332,3.922e-06,3.922e-06,0.003922,-5.882e-05,3.663e-06,0.01961
2.276783,-2.925,0.5908,0.002239,3.922e-06,3.922e-06,0.003922,-5.882e-05,3.663e-06,0.01961
2.286783,-2.788,0.6396,0.002133,3.922e-06,3.922e-06,0.003922,-5.882e-05,3.663e-06,0.01961
2.296782,-2.646,0.6836,0.002028,3.922e-06,3.922e-06,0.003922,-5.882e-05,3.663e-06,0.01961
2.306782,-2.52,0.7031,0.001932,3.922e-06,3.922e-06,0.003922,-5.882e-05,3.663e-06,0.01961
2.316783,-2.388,0.7422,0.001812,3.922e-06,3.922e-06,0.003922,-5.882e-05,3.663e-06,0.01961
2.326782,-2.256,0.7764,0.001687,3.922e-06,3.922e-06,0.003922,-5.882e-05,3.663e-06,0.01961
2.336782,-2.134,0.791,0.001561,3.922e-06,3.922e-06,0.003922,-5.882e-05,3.663e-06,0.01961
2.346783,-1.997,0.8203,0.001433,3.922e-06,3.922e-06,0.003922,-5.882e-05,3.663e-06,0.01961
2.356783,-1.904,0.8252,0.001296,3.922e-06,3.922e-06,0.003922,-5.882e-05,3.663e-06,0.01961
2.366782,-1.802,0.8398,0.001162,3.922e-06,3.922e-06,0.003922,-5.882e-05,3.663e-06,0.01961
2.376782,-1.694,0.8398,0.001024,3.922e-06,3.922e-06,0.003922,-5.882e-05,3.663e-06,0.01961
2.386782,-1.606,0.8301,0.000896,3.922e-06,3.922e-06,0.003922,-5.882e-05,3.663e-06,0.01961
2.396783,-1.509,0.8203,0.0007647,3.922e-06,3.922e-06,0.003922,-5.882e-05,3.663e-06,0.01961
2.406782,-1.411,0.7959,0.000645,3.922e-06,3.922e-06,0.003922,-5.882e-05,3.663e-06,0.01961
2.416783,-1.309,0.7812,0.0005137,3.922e-06,3.922e-06,0.003922,-5.882e-05,3.663e-06,0.01961
2.426783,-1.221,0.7422,0.0004115,3.922e-06,3.922e-06,0.003922,-5.882e-05,3.663e-06,0.01961
2.436783,-1.133,0.7227,0.0002831,3.922e-06,3.922e-06,0.003922,-5.882e-05,3.663e-06,0.01961
2.446782,-1.016,0.6885,0.0001751,3.922e-06,3.922e-06,0.003922,-5.882e-05,3.663e-06,0.01961
2.456782,-0.9473,0.6396,8.172e-05,3.922e-06,3.922e-06,0.003922,-5.882e-05,3.663e-06,0.01961
2.466782,-0.8496,0.6152,-2.627e-05,3.922e-06,3.922e-06,0.003922,-5.882e-05,3.663e-06,0.01961
2.476782,-0.7764,0.5762,-0.0001197,3.922e-06,3.922e-06,0.003922,-5.882e-05,3.663e-06,0.01961
2.486782,-0.708,0.5273,-0.0001955,3.922e-06,3.922e-06,0.003922,-5.882e-05,3.663e-06,0.01961
2.496782,-0.625,0.4785,-0.0002685,3.922e-06,3.922e-06,0.003922,-5.882e-05,3.663e-06,0.01961
2.506783,-0.5859,0.4199,-0.000324,3.922e-06,3.922e-06,0.003922,-5.882e-05,3.663e-06,0.01961
2.516783,-0.5322,0.3809,-0.0003882,3.922e-06,3.922e-06,0.003922,-5.882e-05,3.663e-06,0.01961
2.526783,-0.4932,0.3223,-0.0004349,3.922e-06,3.922e-06,0.003922,-5.882e-05,3.663e-06,0.01961
2.536781,-0.4688,0.2783,-0.0004786,3.922e-06,3.922e-06,0.003922,-5.882e-05,3.663e-06,0.01961
2.546782,-0.4541,0.2393,-0.0005195,3.922e-06,3.922e-06,0.003922,-5.882e-05,3.663e-06,0.01961
2.556782,-0.4443,0.1904,-0.0005429,3.922e-06,3.922e-06,0.003922,-5.882e-05,3.663e-06,0.01961
2.566782,-0.4443,0.1318,-0.0005545,3.922e-06,3.922e-06,0.003922,-5.882e-05,3.663e-06,0.01961
2.576782,-0.4688,0.07324,-0.0005575,3.922e-06,3.922e-06,0.003922,-5.882e-05,3.663e-06,0.01961
2.586783,-0.5127,0.01953,-0.0005604,3.922e-06,3.922e-06,0.003922,-5.882e-05,3.663e-06,0.01961
2.596783,-0.5615,-0.01465,-0.0005633,3.922e-06,3.922e-06,0.003922,-5.882e-05,3.663e-06,0.01961
2.606782,-0.625,-0.07812,-0.000537,3.922e-06,3.922e-06,0.003922,-5.882e-05,3.663e-06,0.01961
2.616782,-0.7031,-0.1221,-0.0005049,3.922e-06,3.922e-06,0.003922,-5.882e-05,3.663e-06,0.01961
2.626782,-0.8057,-0.1709,-0.0004728,3.922e-06,3.922e-06,0.003922,-5.882e-05,3.663e-06,0.01961
2.636782,-0.9277,-0.2148,-0.0004407,3.922e-06,3.922e-06,0.003922,-5.882e-05,3.663e-06,0.01961
2.646783,-1.064,-0.2637,-0.0003882,3.922e-06,3.922e-06,0.003922,-5.882e-05,3.663e-06,0.01961
2.656781,-1.221,-0.3174,-0.0003327,3.922e-06,3.922e-06,0.003922,-5.882e-05,3.663e-06,0.01961
2.666783,-1.401,-0.3516,-0.0002743,3.922e-06,3.922e-06,0.003922,-5.882e-05,3.663e-06,0.01961
2.676782,-1.602,-0.4004,-0.0001985,3.922e-06,3.922e-06,0.003922,-5.882e-05,3.663e-06,0.01961
2.686782,-1.812,-0.4492,-0.0001255,3.922e-06,3.922e-06,0.003922,-5.882e-05,3.663e-06,0.01961
2.696781,-2.012,-0.5029,-3.21e-05,3.922e-06,3.922e-06,0.003922,-5.882e-05,3.663e-06,0.01961
2.706783,-2.241,-0.5371,4.378e-05,3.922e-06,3.922e-06,0.003922,-5.882e-05,3.663e-06,0.01961
2.716783,-2.422,-0.5762,0.0001518,3.922e-06,3.922e-06,0.003922,-5.882e-05,3.663e-06,0.01961
2.726783,-2.612,-0.6152,0.0002481,3.922e-06,3.922e-06,0.003922,-5.882e-05,3.663e-06,0.01961
2.736781,-2.808,-0.6445,0.0003561,3.922e-06,3.922e-06,0.003922,-5.882e-05,3.663e-06,0.01961
2.746782,-2.969,-0.6738,0.0004699,3.922e-06,3.922e-06,0.003922,-5.882e-05,3.663e-06,0.01961
2.756783,-3.145,-0.708,0.0005866,3.922e-06,3.922e-06,0.003922,-5.882e-05,3.663e-06,0.01961
2.766783,-3.296,-0.7275,0.0007151,3.922e-06,3.922e-06,0.003922,-5.882e-05,3.663e-06,0.01961
2.776783,-3.457,-0.7568,0.0008464,3.922e-06,3.922e-06,0.003922,-5.882e-05,3.663e-06,0.01961
2.786782,-3.589,-0.7764,0.0009806,3.922e-06,3.922e-06,0.003922,-5.882e-05,3.663e-06,0.01961
2.796782,-3.74,-0.7764,0.001103,3.922e-06,3.922e-06,0.003922,-5.882e-05,3.663e-06,0.01961
2.806783,-3.867,-0.7959,0.001235,3.922e-06,3.922e-06,0.003922,-5.882e-05,3.663e-06,0.01961
2.816782,-3.979,-0.7812,0.001372,3.922e-06,3.922e-06,0.003922,-5.882e-05,3.663e-06,0.01961
2.826782,-4.092,-0.7861,0.0015,3.922e-06,3.922e-06,0.003922,-5.882e-05,3.663e-06,0.01961
2.836782,-4.194,-0.7715,0.001626,3.922e-06,3.922e-06,0.003922,-5.882e-05,3.663e-06,0.01961
2.846783,-4.258,-0.7568,0.001766,3.922e-06,3.922e-06,0.003922,-5.882e-05,3.663e-06,0.01961
2.856782,-4.346,-0.7422,0.001877,3.922e-06,3.922e-06,0.003922,-5.882e-05,3.663e-06,0.01961
2.866782,-4.399,-0.708,0.001999,3.922e-06,3.922e-06,0.003922,-5.882e-05,3.663e-06,0.01961
2.876782,-4.458,-0.6738,0.002113,3.922e-06,3.922e-06,0.003922,-5.882e-05,3.663e-06,0.01961
2.886782,-4.487,-0.6445,0.002224,3.922e-06,3.922e-06,0.003922,-5.882e-05,3.663e-06,0.01961
2.896782,-4.507,-0.6006,0.002332,3.922e-06,3.922e-06,0.003922,-5.882e-05,3.663e-06,0.01961
2.906782,-4.541,-0.5469,0.002405,3.922e-06,3.922e-06,0.003922,-5.882e-05,3.663e-06,0.01961
2.916781,-4.536,-0.4932,0.002495,3.922e-06,3.922e-06,0.003922,-5.882e-05,3.663e-06,0.01961
2.926783,-4.536,-0.4443,0.002571,3.922e-06,3.922e-06,0.003922,-5.882e-05,3.663e-06,0.01961
2.936782,-4.497,-0.3857,0.002635,3.922e-06,3.922e-06,0.003922,-5.882e-05,3.663e-06,0.01961
2.946782,-4.468,-0.3125,0.002685,3.922e-06,3.922e-06,0.003922,-5.882e-05,3.663e-06,0.01961
2.956782,-4.424,-0.2588,0.002735,3.922e-06,3.922e-06,0.003922,-5.882e-05,3.663e-06,0.01961
2.966782,-4.355,-0.1953,0.002781,3.922e-06,3.922e-06,0.003922,-5.882e-05,3.663e-06,0.01961
2.976782,-4.292,-0.1416,0.002814,3.922e-06,3.922e-06,0.003922,-5.882e-05,3.663e-06,0.01961
2.986782,-4.219,-0.06836,0.002825,3.922e-06,3.922e-06,0.003922,-5.882e-05,3.663e-06,0.01961
2.996782,-4.121,0.01953,0.002808,3.922e-06,3.922e-06,0.003922,-5.882e-05,3.663e-06,0.01961
3.006783,-4.033,0.08301,0.002802,3.922e-06,3.922e-06,0.003922,-5.882e-05,3.663e-06,0.01961
3.016783,-3.906,0.1514,0.00279,3.922e-06,3.922e-06,0.003922,-5.882e-05,3.663e-06,0.01961
3.026783,-3.799,0.2344,0.002743,3.922e-06,3.922e-06,0.003922,-5.882e-05,3.663e-06,0.01961
3.036783,-3.682,0.293,0.002703,3.922e-06,3.922e-06,0.003922,-5.882e-05,3.663e-06,0.01961
3.046782,-3.54,0.3613,0.002662,3.922e-06,3.922e-06,0.003922,-5.882e-05,3.663e-06,0.01961
3.056781,-3.423,0.4199,0.002589,3.922e-06,3.922e-06,0.003922,-5.882e-05,3.663e-06,0.01961
3.066783,-3.267,0.4785,0.002525,3.922e-06,3.922e-06,0.003922,-5.882e-05,3.663e-06,0.01961
3.076782,-3.135,0.542,0.002437,3.922e-06,3.922e-06,0.003922,-5.882e-05,3.663e-06,0.01961
3.086783,-2.983,0.5859,0.002349,3.922e-06,3.922e-06,0.003922,-5.882e-05,3.663e-06,0.01961
3.096782,-2.827,0.6494,0.002244,3.922e-06,3.922e-06,0.003922,-5.882e-05,3.663e-06,0.01961
3.106782,-2.7,0.6934,0.002131,3.922e-06,3.922e-06,0.003922,-5.882e-05,3.663e-06,0.01961
3.116782,-2.559,0.7373,0.002017,3.922e-06,3.922e-06,0.003922,-5.882e-05,3.663e-06,0.01961
3.126783,-2.407,0.7959,0.001882,3.922e-06,3.922e-06,0.003922,-5.882e-05,3.663e-06,0.01961
3.136783,-2.28,0.8105,0.001754,3.922e-06,3.922e-06,0.003922,-5.882e-05,3.663e-06,0.01961
3.146783,-2.139,0.8398,0.001623,3.922e-06,3.922e-06,0.003922,-5.882e-05,3.663e-06,0.01961
3.156782,-2.002,0.8545,0.001494,3.922e-06,3.922e-06,0.003922,-5.882e-05,3.663e-06,0.01961
3.166782,-1.875,0.8789,0.001351,3.922e-06,3.922e-06,0.003922,-5.882e-05,3.663e-06,0.01961
3.176782,-1.768,0.8838,0.001217,3.922e-06,3.922e-06,0.003922,-5.882e-05,3.663e-06,0.01961
3.186781,-1.67,0.874,0.001083,3.922e-06,3.922e-06,0.003922,-5.882e-05,3.663e-06,0.01961
3.196782,-1.567,0.8887,0.000931,3.922e-06,3.922e-06,0.003922,-5.882e-05,3.663e-06,0.01961
3.206782,-1.46,0.874,0.0007968,3.922e-06,3.922e-06,0.003922,-5.882e-05,3.663e-06,0.01961
3.216783,-1.343,0.8643,0.0006508,3.922e-06,3.922e-06,0.003922,-5.882e-05,3.663e-06,0.01961
3.226782,-1.226,0.8398,0.0005224,3.922e-06,3.922e-06,0.003922,-5.882e-05,3.663e-06,0.01961
3.236783,-1.099,0.8057,0.0004028,3.922e-06,3.922e-06,0.003922,-5.882e-05,3.663e-06,0.01961
3.246784,-0.9717,0.7764,0.0002831,3.922e-06,3.922e-06,0.003922,-5.882e-05,3.663e-06,0.01961
3.256783,-0.8643,0.7373,0.0001664,3.922e-06,3.922e-06,0.003922,-5.882e-05,3.663e-06,0.01961
3.266783,-0.7422,0.708,5.253e-05,3.922e-06,3.922e-06,0.003922,-5.882e-05,3.663e-06,0.01961
3.276782,-0.6445,0.6738,-5.837e-05,3.922e-06,3.922e-06,0.003922,-5.882e-05,3.663e-06,0.01961
3.286782,-0.542,0.6348,-0.0001634,3.922e-06,3.922e-06,0.003922,-5.882e-05,3.663e-06,0.01961
3.296783,-0.4297,0.6006,-0.0002539,3.922e-06,3.922e-06,0.003922,-5.882e-05,3.663e-06,0.01961
3.306782,-0.3271,0.5371,-0.0003327,3.922e-06,3.922e-06,0.003922,-5.882e-05,3.663e-06,0.01961
3.316781,-0.2197,0.5127,-0.0004203,3.922e-06,3.922e-06,0.003922,-5.882e-05,3.663e-06,0.01961
3.326783,-0.1318,0.459,-0.0004845,3.922e-06,3.922e-06,0.003922,-5.882e-05,3.663e-06,0.01961
3.336783,-0.04883,0.4053,-0.0005458,3.922e-06,3.922e-06,0.003922,-5.882e-05,3.663e-06,0.01961
3.346782,0.04883,0.3467,-0.0005866,3.922e-06,3.922e-06,0.003922,-5.882e-05,3.663e-06,0.01961
3.356782,0.1025,0.2979,-0.0006363,3.922e-06,3.922e-06,0.003922,-5.882e-05,3.663e-06,0.01961
3.366782,0.1465,0.2686,-0.0006859,3.922e-06,3.922e-06,0.003922,-5.882e-05,3.663e-06,0.01961
3.376782,0.21,0.21,-0.0007034,3.922e-06,3.922e-06,0.003922,-5.882e-05,3.663e-06,0.01961
3.386782,0.2588,0.1758,-0.0007384,3.922e-06,3.922e-06,0.003922,-5.882e-05,3.663e-06,0.01961
3.396781,0.3076,0.1367,-0.0007618,3.922e-06,3.922e-06,0.003922,-5.882e-05,3.663e-06,0.01961
3.406781,0.3223,0.07324,-0.0007559,3.922e-06,3.922e-06,0.003922,-5.882e-05,3.663e-06,0.01961
3.416783,0.3516,0.04883,-0.0007705,3.922e-06,3.922e-06,0.003922,-5.882e-05,3.663e-06,0.01961
3.426783,0.3613,0.009766,-0.0007588,3.922e-06,3.922e-06,0.003922,-5.882e-05,3.663e-06,0.01961
3.436782,0.3613,-0.04395,-0.0007442,3.922e-06,3.922e-06,0.003922,-5.882e-05,3.663e-06,0.01961
3.446782,0.3613,-0.07812,-0.0007238,3.922e-06,3.922e-06,0.003922,-5.882e-05,3.663e-06,0.01961
3.456782,0.3418,-0.1123,-0.0007034,3.922e-06,3.922e-06,0.003922,-5.882e-05,3.663e-06,0.01961
3.466781,0.3125,-0.127,-0.0006859,3.922e-06,3.922e-06,0.003922,-5.882e-05,3.663e-06,0.01961
3.476782,0.2686,-0.1611,-0.0006508,3.922e-06,3.922e-06,0.003922,-5.882e-05,3.663e-06,0.01961
3.486781,0.2246,-0.1904,-0.0006217,3.922e-06,3.922e-06,0.003922,-5.882e-05,3.663e-06,0.01961
3.496783,0.166,-0.2051,-0.0005808,3.922e-06,3.922e-06,0.003922,-5.882e-05,3.663e-06,0.01961
3.506783,0.1074,-0.2393,-0.0005399,3.922e-06,3.922e-06,0.003922,-5.882e-05,3.663e-06,0.01961
3.516782,0.03906,-0.2637,-0.0004845,3.922e-06,3.922e-06,0.003922,-5.882e-05,3.663e-06,0.01961
3.526782,-0.03906,-0.2832,-0.0004349,3.922e-06,3.922e-06,0.003922,-5.882e-05,3.663e-06,0.01961
3.536783,-0.1465,-0.3076,-0.0003794,3.922e-06,3.922e-06,0.003922,-5.882e-05,3.663e-06,0.01961
3.546783,-0.2344,-0.3125,-0.000324,3.922e-06,3.922e-06,0.003922,-5.882e-05,3.663e-06,0.01961
3.556782,-0.3662,-0.3467,-0.0002568,3.922e-06,3.922e-06,0.003922,-5.882e-05,3.663e-06,0.01961
3.566782,-0.4883,-0.3564,-0.0001926,3.922e-06,3.922e-06,0.003922,-5.882e-05,3.663e-06,0.01961
3.576782,-0.6348,-0.3711,-0.0001313,3.922e-06,3.922e-06,0.003922,-5.882e-05,3.663e-06,0.01961
3.586782,-0.7959,-0.3906,-6.713e-05,3.922e-06,3.922e-06,0.003922,-5.882e-05,3.663e-06,0.01961
3.596781,-0.957,-0.3857,-5.837e-06,3.922e-06,3.922e-06,0.003922,-5.882e-05,3.663e-06,0.01961
3.606782,-1.133,-0.415,7.88e-05,3.922e-06,3.922e-06,0.003922,-5.882e-05,3.663e-06,0.01961
3.616782,-1.328,-0.4199,0.0001459,3.922e-06,3.922e-06,0.003922,-5.882e-05,3.663e-06,0.01961
3.626782,-1.533,-0.4346,0.0002247,3.922e-06,3.922e-06,0.003922,-5.882e-05,3.663e-06,0.01961
3.636781,-1.772,-0.4688,0.0003094,3.922e-06,3.922e-06,0.003922,-5.882e-05,3.663e-06,0.01961
3.646782,-1.968,-0.459,0.0003765,3.922e-06,3.922e-06,0.003922,-5.882e-05,3.663e-06,0.01961
3.656782,-2.168,-0.4932,0.0004728,3.922e-06,3.922e-06,0.003922,-5.882e-05,3.663e-06,0.01961
3.666782,-2.344,-0.5078,0.0005575,3.922e-06,3.922e-06,0.003922,-5.882e-05,3.663e-06,0.01961
3.676783,-2.52,-0.5078,0.0006392,3.922e-06,3.922e-06,0.003922,-5.882e-05,3.663e-06,0.01961
3.686782,-2.686,-0.5322,0.0007355,3.922e-06,3.922e-06,0.003922,-5.882e-05,3.663e-06,0.01961
3.696782,-2.822,-0.5322,0.000826,3.922e-06,3.922e-06,0.003922,-5.882e-05,3.663e-06,0.01961
3.706783,-2.988,-0.5371,0.0009048,3.922e-06,3.922e-06,0.003922,-5.882e-05,3.663e-06,0.01961
3.716782,-3.101,-0.5469,0.001004,3.922e-06,3.922e-06,0.003922,-5.882e-05,3.663e-06,0.01961
3.726781,-3.213,-0.5469,0.001097,3.922e-06,3.922e-06,0.003922,-5.882e-05,3.663e-06,0.01961
3.736782,-3.34,-0.5566,0.001191,3.922e-06,3.922e-06,0.003922,-5.882e-05,3.663e-06,0.01961
3.746783,-3.438,-0.542,0.001281,3.922e-06,3.922e-06,0.003922,-5.882e-05,3.663e-06,0.01961
3.756783,-3.511,-0.5566,0.001383,3.922e-06,3.922e-06,0.003922,-5.882e-05,3.663e-06,0.01961
3.766782,-3.608,-0.5371,0.001471,3.922e-06,3.922e-06,0.003922,-5.882e-05,3.663e-06,0.01961
3.776781,-3.687,-0.5176,0.001556,3.922e-06,3.922e-06,0.003922,-5.882e-05,3.663e-06,0.01961
3.786782,-3.755,-0.5127,0.001643,3.922e-06,3.922e-06,0.003922,-5.882e-05,3.663e-06,0.01961
3.796782,-3.799,-0.4736,0.00171,3.922e-06,3.922e-06,0.003922,-5.882e-05,3.663e-06,0.01961
3.806782,-3.857,-0.4688,0.001801,3.922e-06,3.922e-06,0.003922,-5.882e-05,3.663e-06,0.01961
3.816782,-3.877,-0.4297,0.001868,3.922e-06,3.922e-06,0.003922,-5.882e-05,3.663e-06,0.01961
3.826782,-3.916,-0.4004,0.001932,3.922e-06,3.922e-06,0.003922,-5.882e-05,3.663e-06,0.01961
3.836782,-3.936,-0.376,0.001999,3.922e-06,3.922e-06,0.003922,-5.882e-05,3.663e-06,0.01961
3.846781,-3.936,-0.3418,0.002069,3.922e-06,3.922e-06,0.003922,-5.882e-05,3.663e-06,0.01961
3.856781,-3.936,-0.3174,0.002125,3.922e-06,3.922e-06,0.003922,-5.882e-05,3.663e-06,0.01961
3.866782,-3.931,-0.2686,0.002166,3.922e-06,3.922e-06,0.003922,-5.882e-05,3.663e-06,0.01961
3.876782,-3.921,-0.2148,0.002198,3.922e-06,3.922e-06,0.003922,-5.882e-05,3.663e-06,0.01961
3.886782,-3.896,-0.1807,0.002236,3.922e-06,3.922e-06,0.003922,-5.882e-05,3.663e-06,0.01961
3.896782,-3.862,-0.127,0.00225,3.922e-06,3.922e-06,0.003922,-5.882e-05,3.663e-06,0.01961
3.906783,-3.823,-0.09277,0.002271,3.922e-06,3.922e-06,0.003922,-5.882e-05,3.663e-06,0.01961
3.916782,-3.765,-0.03418,0.002277,3.922e-06,3.922e-06,0.003922,-5.882e-05,3.663e-06,0.01961
3.926782,-3.706,0.004883,0.002291,3.922e-06,3.922e-06,0.003922,-5.882e-05,3.663e-06,0.01961
3.936782,-3.647,0.05371,0.002277,3.922e-06,3.922e-06,0.003922,-5.882e-05,3.663e-06,0.01961
3.946781,-3.569,0.1074,0.002265,3.922e-06,3.922e-06,0.003922,-5.882e-05,3.663e-06,0.01961
3.956783,-3.491,0.1318,0.002262,3.922e-06,3.922e-06,0.003922,-5.882e-05,3.663e-06,0.01961
3.966783,-3.423,0.1904,0.002224,3.922e-06,3.922e-06,0.003922,-5.882e-05,3.663e-06,0.01961
3.976782,-3.345,0.2344,0.002186,3.922e-06,3.922e-06,0.003922,-5.882e-05,3.663e-06,0.01961
3.986783,-3.252,0.2734,0.002142,3.922e-06,3.922e-06,0.003922,-5.882e-05,3.663e-06,0.01961
3.996782,-3.149,0.3174,0.002101,3.922e-06,3.922e-06,0.003922,-5.882e-05,3.663e-06,0.01961
4.006782,-3.062,0.3613,0.002037,3.922e-06,3.922e-06,0.003922,-5.882e-05,3.663e-06,0.01961
4.016781,-2.974,0.4004,0.001976,3.922e-06,3.922e-06,0.003922,-5.882e-05,3.663e-06,0.01961
4.026783,-2.876,0.4346,0.001909,3.922e-06,3.922e-06,0.003922,-5.882e-05,3.663e-06,0.01961
4.036783,-2.798,0.4639,0.001839,3.922e-06,3.922e-06,0.003922,-5.882e-05,3.663e-06,0.01961
4.046782,-2.686,0.4932,0.001766,3.922e-06,3.922e-06,0.003922,-5.882e-05,3.663e-06,0.01961
4.056782,-2.598,0.5078,0.001693,3.922e-06,3.922e-06,0.003922,-5.882e-05,3.663e-06,0.01961
4.066783,-2.51,0.5469,0.001591,3.922e-06,3.922e-06,0.003922,-5.882e-05,3.663e-06,0.01961
4.076783,-2.422,0.5664,0.001506,3.922e-06,3.922e-06,0.003922,-5.882e-05,3.663e-06,0.01961
4.086782,-2.339,0.5713,0.001416,3.922e-06,3.922e-06,0.003922,-5.882e-05,3.663e-06,0.01961
4.096782,-2.251,0.6006,0.001308,3.922e-06,3.922e-06,0.003922,-5.882e-05,3.663e-06,0.01961
4.106782,-2.168,0.5811,0.001243,3.922e-06,3.922e-06,0.003922,-5.882e-05,3.663e-06,0.01961
4.116783,-2.104,0.6006,0.001132,3.922e-06,3.922e-06,0.003922,-5.882e-05,3.663e-06,0.01961
4.126782,-2.036,0.5908,0.001051,3.922e-06,3.922e-06,0.003922,-5.882e-05,3.663e-06,0.01961
4.136782,-1.992,0.5762,0.0009602,3.922e-06,3.922e-06,0.003922,-5.882e-05,3.663e-06,0.01961
4.146782,-1.919,0.5664,0.0008756,3.922e-06,3.922e-06,0.003922,-5.882e-05,3.663e-06,0.01961
4.156782,-1.885,0.5566,0.0007763,3.922e-06,3.922e-06,0.003922,-5.882e-05,3.663e-06,0.01961
4.166783,-1.846,0.5518,0.0006888,3.922e-06,3.922e-06,0.003922,-5.882e-05,3.663e-06,0.01961
4.176782,-1.816,0.5371,0.0005983,3.922e-06,3.922e-06,0.003922,-5.882e-05,3.663e-06,0.01961
4.186781,-1.787,0.4932,0.0005341,3.922e-06,3.922e-06,0.003922,-5.882e-05,3.663e-06,0.01961
4.196782,-1.758,0.459,0.000467,3.922e-06,3.922e-06,0.003922,-5.882e-05,3.663e-06,0.01961
4.206782,-1.777,0.4248,0.000394,3.922e-06,3.922e-06,0.003922,-5.882e-05,3.663e-06,0.01961
4.216783,-1.763,0.3906,0.0003386,3.922e-06,3.922e-06,0.003922,-5.882e-05,3.663e-06,0.01961
4.226782,-1.782,0.3564,0.0002831,3.922e-06,3.922e-06,0.003922,-5.882e-05,3.663e-06,0.01961
4.236783,-1.807,0.3125,0.0002422,3.922e-06,3.922e-06,0.003922,-5.882e-05,3.663e-06,0.01961
4.246782,-1.831,0.2686,0.0001985,3.922e-06,3.922e-06,0.003922,-5.882e-05,3.663e-06,0.01961
4.256782,-1.875,0.2246,0.0001518,3.922e-06,3.922e-06,0.003922,-5.882e-05,3.663e-06,0.01961
4.266782,-1.919,0.1758,0.0001372,3.922e-06,3.922e-06,0.003922,-5.882e-05,3.663e-06,0.01961
4.276782,-1.973,0.127,0.0001167,3.922e-06,3.922e-06,0.003922,-5.882e-05,3.663e-06,0.01961
4.286782,-2.026,0.07324,0.0001051,3.922e-06,3.922e-06,0.003922,-5.882e-05,3.663e-06,0.01961
4.296782,-2.09,0.03418,0.0001022,3.922e-06,3.922e-06,0.003922,-5.882e-05,3.663e-06,0.01961
4.306782,-2.178,-0.0293,0.0001138,3.922e-06,3.922e-06,0.003922,-5.882e-05,3.663e-06,0.01961
4.316783,-2.241,-0.06836,0.0001226,3.922e-06,3.922e-06,0.003922,-5.882e-05,3.663e-06,0.01961
4.326782,-2.344,-0.127,0.0001547,3.922e-06,3.922e-06,0.003922,-5.882e-05,3.663e-06,0.01961
4.336783,-2.446,-0.1807,0.0001897,3.922e-06,3.922e-06,0.003922,-5.882e-05,3.663e-06,0.01961
4.346782,-2.539,-0.21,0.000216,3.922e-06,3.922e-06,0.003922,-5.882e-05,3.663e-06,0.01961
4.356782,-2.632,-0.2734,0.0002714,3.922e-06,3.922e-06,0.003922,-5.882e-05,3.663e-06,0.01961
4.366783,-2.729,-0.3174,0.000324,3.922e-06,3.922e-06,0.003922,-5.882e-05,3.663e-06,0.01961
4.376782,-2.832,-0.3564,0.0003911,3.922e-06,3.922e-06,0.003922,-5.882e-05,3.663e-06,0.01961
4.386782,-2.949,-0.4102,0.0004641,3.922e-06,3.922e-06,0.003922,-5.882e-05,3.663e-06,0.01961
4.396782,-3.052,-0.4297,0.0005312,3.922e-06,3.922e-06,0.003922,-5.882e-05,3.663e-06,0.01961
4.406782,-3.159,-0.4785,0.0006187,3.922e-06,3.922e-06,0.003922,-5.882e-05,3.663e-06,0.01961
4.416782,-3.257,-0.498,0.0007005,3.922e-06,3.922e-06,0.003922,-5.882e-05,3.663e-06,0.01961
4.426782,-3.369,-0.5225,0.0007909,3.922e-06,3.922e-06,0.003922,-5.882e-05,3.663e-06,0.01961
4.436783,-3.467,-0.5518,0.0008873,3.922e-06,3.922e-06,0.003922,-5.882e-05,3.663e-06,0.01961
4.446783,-3.545,-0.5762,0.0009894,3.922e-06,3.922e-06,0.003922,-5.882e-05,3.663e-06,0.01961
4.456783,-3.672,-0.5859,0.001077,3.922e-06,3.922e-06,0.003922,-5.882e-05,3.663e-06,0.01961
4.466782,-3.75,-0.5957,0.001179,3.922e-06,3.922e-06,0.003922,-5.882e-05,3.663e-06,0.01961
4.476783,-3.838,-0.6006,0.001281,3.922e-06,3.922e-06,0.003922,-5.882e-05,3.663e-06,0.01961
4.486783,-3.921,-0.6104,0.001386,3.922e-06,3.922e-06,0.003922,-5.882e-05,3.663e-06,0.01961
4.496782,-3.97,-0.5957,0.001491,3.922e-06,3.922e-06,0.003922,-5.882e-05,3.663e-06,0.01961
4.506783,-4.053,-0.5908,0.001582,3.922e-06,3.922e-06,0.003922,-5.882e-05,3.663e-06,0.01961
4.516781,-4.106,-0.5811,0.001696,3.922e-06,3.922e-06,0.003922,-5.882e-05,3.663e-06,0.01961
4.526783,-4.155,-0.5713,0.001792,3.922e-06,3.922e-06,0.003922,-5.882e-05,3.663e-06,0.01961
4.536782,-4.209,-0.542,0.001877,3.922e-06,3.922e-06,0.003922,-5.882e-05,3.663e-06,0.01961
4.546782,-4.224,-0.5176,0.001967,3.922e-06,3.922e-06,0.003922,-5.882e-05,3.663e-06,0.01961
4.556782,-4.248,-0.498,0.002061,3.922e-06,3.922e-06,0.003922,-5.882e-05,3.663e-06,0.01961
4.566783,-4.253,-0.4541,0.002125,3.922e-06,3.922e-06,0.003922,-5.882e-05,3.663e-06,0.01961
4.576782,-4.263,-0.4199,0.002198,3.922e-06,3.922e-06,0.003922,-5.882e-05,3.663e-06,0.01961
4.586782,-4.258,-0.3906,0.002277,3.922e-06,3.922e-06,0.003922,-5.882e-05,3.663e-06,0.01961
4.596782,-4.238,-0.3467,0.002341,3.922e-06,3.922e-06,0.003922,-5.882e-05,3.663e-06,0.01961
4.606782,-4.224,-0.2979,0.002382,3.922e-06,3.922e-06,0.003922,-5.882e-05,3.663e-06,0.01961
4.616782,-4.194,-0.2393,0.002431,3.922e-06,3.922e-06,0.003922,-5.882e-05,3.663e-06,0.01961
4.626782,-4.15,-0.1953,0.002466,3.922e-06,3.922e-06,0.003922,-5.882e-05,3.663e-06,0.01961
4.636783,-4.106,-0.1367,0.002481,3.922e-06,3.922e-06,0.003922,-5.882e-05,3.663e-06,0.01961
4.646782,-4.028,-0.07324,0.002495,3.922e-06,3.922e-06,0.003922,-5.882e-05,3.663e-06,0.01961
4.656783,-3.965,-0.04395,0.002522,3.922e-06,3.922e-06,0.003922,-5.882e-05,3.663e-06,0.01961
4.666782,-3.887,0.03418,0.002507,3.922e-06,3.922e-06,0.003922,-5.882e-05,3.663e-06,0.01961
4.676782,-3.809,0.07812,0.00251,3.922e-06,3.922e-06,0.003922,-5.882e-05,3.663e-06,0.01961
4.686782,-3.74,0.1416,0.002475,3.922e-06,3.922e-06,0.003922,-5.882e-05,3.663e-06,0.01961
4.696782,-3.613,0.1953,0.002457,3.922e-06,3.922e-06,0.003922,-5.882e-05,3.663e-06,0.01961
4.706782,-3.521,0.2344,0.002428,3.922e-06,3.922e-06,0.003922,-5.882e-05,3.663e-06,0.01961
4.716781,-3.418,0.3076,0.002373,3.922e-06,3.922e-06,0.003922,-5.882e-05,3.663e-06,0.01961
4.726783,-3.311,0.3516,0.002323,3.922e-06,3.922e-06,0.003922,-5.882e-05,3.663e-06,0.01961
4.736783,-3.208,0.4053,0.002256,3.922e-06,3.922e-06,0.003922,-5.882e-05,3.663e-06,0.01961
4.746783,-3.096,0.459,0.002189,3.922e-06,3.922e-06,0.003922,-5.882e-05,3.663e-06,0.01961
4.756782,-2.974,0.4932,0.002107,3.922e-06,3.922e-06,0.003922,-5.882e-05,3.663e-06,0.01961
4.766782,-2.847,0.5371,0.002023,3.922e-06,3.922e-06,0.003922,-5.882e-05,3.663e-06,0.01961
4.776782,-2.729,0.5713,0.001941,3.922e-06,3.922e-06,0.003922,-5.882e-05,3.663e-06,0.01961
4.786783,-2.622,0.6006,0.001845,3.922e-06,3.922e-06,0.003922,-5.882e-05,3.663e-06,0.01961
4.796782,-2.485,0.6348,0.001751,3.922e-06,3.922e-06,0.003922,-5.882e-05,3.663e-06,0.01961
4.806783,-2.407,0.6592,0.00164,3.922e-06,3.922e-06,0.003922,-5.882e-05,3.663e-06,0.01961
4.816782,-2.29,0.6836,0.001541,3.922e-06,3.922e-06,0.003922,-5.882e-05,3.663e-06,0.01961
4.826781,-2.192,0.6982,0.001424,3.922e-06,3.922e-06,0.003922,-5.882e-05,3.663e-06,0.01961
4.836783,-2.09,0.7129,0.001308,3.922e-06,3.922e-06,0.003922,-5.882e-05,3.663e-06,0.01961
4.846783,-2.007,0.7227,0.0012,3.922e-06,3.922e-06,0.003922,-5.882e-05,3.663e-06,0.01961
4.856781,-1.909,0.7031,0.001092,3.922e-06,3.922e-06,0.003922,-5.882e-05,3.663e-06,0.01961
4.866783,-1.831,0.708,0.0009777,3.922e-06,3.922e-06,0.003922,-5.882e-05,3.663e-06,0.01961
4.876782,-1.763,0.6982,0.0008668,3.922e-06,3.922e-06,0.003922,-5.882e-05,3.663e-06,0.01961
4.886783,-1.694,0.6836,0.000753,3.922e-06,3.922e-06,0.003922,-5.882e-05,3.663e-06,0.01961
4.896783,-1.611,0.6592,0.0006625,3.922e-06,3.922e-06,0.003922,-5.882e-05,3.663e-06,0.01961
4.906783,-1.597,0.6445,0.0005458,3.922e-06,3.922e-06,0.003922,-5.882e-05,3.663e-06,0.01961
4.916782,-1.562,0.6152,0.0004524,3.922e-06,3.922e-06,0.003922,-5.882e-05,3.663e-06,0.01961
4.926782,-1.514,0.5811,0.000359,3.922e-06,3.922e-06,0.003922,-5.882e-05,3.663e-06,0.01961
4.936783,-1.484,0.542,0.0002831,3.922e-06,3.922e-06,0.003922,-5.882e-05,3.663e-06,0.01961
4.946783,-1.46,0.5127,0.0001985,3.922e-06,3.922e-06,0.003922,-5.882e-05,3.663e-06,0.01961
4.956782,-1.436,0.4541,0.0001313,3.922e-06,3.922e-06,0.003922,-5.882e-05,3.663e-06,0.01961
4.966783,-1.431,0.4199,5.545e-05,3.922e-06,3.922e-06,0.003922,-5.882e-05,3.663e-06,0.01961
4.976782,-1.44,0.3711,0.0,3.922e-06,3.922e-06,0.003922,-5.882e-05,3.663e-06,0.01961
4.986783,-1.465,0.3271,-5.253e-05,3.922e-06,3.922e-06,0.003922,-5.882e-05,3.663e-06,0.01961
4.996782,-1.494,0.2686,-8.172e-05,3.922e-06,3.922e-06,0.003922,-5.882e-05,3.663e-06,0.01961
5.006782,-1.548,0.2002,-0.0001022,3.922e-06,3.922e-06,0.003922,-5.882e-05,3.663e-06,0.01961
5.016783,-1.616,0.1562,-0.0001343,3.922e-06,3.922e-06,0.003922,-5.882e-05,3.663e-06,0.01961
5.026782,-1.709,0.1025,-0.0001518,3.922e-06,3.922e-06,0.003922,-5.882e-05,3.663e-06,0.01961
5.036782,-1.797,0.03906,-0.0001605,3.922e-06,3.922e-06,0.003922,-5.882e-05,3.663e-06,0.01961
5.046782,-1.885,-0.0293,-0.0001401,3.922e-06,3.922e-06,0.003922,-5.882e-05,3.663e-06,0.01961
5.056782,-2.002,-0.07812,-0.0001343,3.922e-06,3.922e-06,0.003922,-5.882e-05,3.663e-06,0.01961
5.066782,-2.109,-0.1416,-0.0001051,3.922e-06,3.922e-06,0.003922,-5.882e-05,3.663e-06,0.01961
5.076783,-2.222,-0.2002,-7.296e-05,3.922e-06,3.922e-06,0.003922,-5.882e-05,3.663e-06,0.01961
5.086782,-2.339,-0.2588,-2.335e-05,3.922e-06,3.922e-06,0.003922,-5.882e-05,3.663e-06,0.01961
5.096782,-2.466,-0.3027,2.627e-05,3.922e-06,3.922e-06,0.003922,-5.882e-05,3.663e-06,0.01961
5.106783,-2.603,-0.376,0.0001022,3.922e-06,3.922e-06,0.003922,-5.882e-05,3.663e-06,0.01961
5.116782,-2.72,-0.4199,0.0001722,3.922e-06,3.922e-06,0.003922,-5.882e-05,3.663e-06,0.01961
5.126781,-2.861,-0.4736,0.0002481,3.922e-06,3.922e-06,0.003922,-5.882e-05,3.663e-06,0.01961
5.136781,-2.993,-0.5225,0.0003415,3.922e-06,3.922e-06,0.003922,-5.882e-05,3.663e-06,0.01961
5.146781,-3.115,-0.5518,0.000429,3.922e-06,3.922e-06,0.003922,-5.882e-05,3.663e-06,0.01961
5.156782,-3.252,-0.6104,0.0005458,3.922e-06,3.922e-06,0.003922,-5.882e-05,3.663e-06,0.01961
5.166781,-3.379,-0.6396,0.0006479,3.922e-06,3.922e-06,0.003922,-5.882e-05,3.663e-06,0.01961
5.176783,-3.511,-0.6494,0.0007472,3.922e-06,3.922e-06,0.003922,-5.882e-05,3.663e-06,0.01961
5.186781,-3.628,-0.6885,0.0008668,3.922e-06,3.922e-06,0.003922,-5.882e-05,3.663e-06,0.01961
5.196782,-3.74,-0.7129,0.0009952,3.922e-06,3.922e-06,0.003922,-5.882e-05,3.663e-06,0.01961
5.206782,-3.867,-0.7129,0.001097,3.922e-06,3.922e-06,0.003922,-5.882e-05,3.663e-06,0.01961
5.216783,-3.95,-0.7324,0.00124,3.922e-06,3.922e-06,0.003922,-5.882e-05,3.663e-06,0.01961
5.226782,-4.062,-0.7471,0.001375,3.922e-06,3.922e-06,0.003922,-5.882e-05,3.663e-06,0.01961
5.236783,-4.16,-0.7471,0.001497,3.922e-06,3.922e-06,0.003922,-5.882e-05,3.663e-06,0.01961
5.246782,-4.248,-0.7324,0.00162,3.922e-06,3.922e-06,0.003922,-5.882e-05,3.663e-06,0.01961
5.256782,-4.321,-0.7227,0.001734,3.922e-06,3.922e-06,0.003922,-5.882e-05,3.663e-06,0.01961
5.266781,-4.37,-0.6885,0.001847,3.922e-06,3.922e-06,0.003922,-5.882e-05,3.663e-06,0.01961
5.276783,-4.429,-0.6934,0.001973,3.922e-06,3.922e-06,0.003922,-5.882e-05,3.663e-06,0.01961
5.286783,-4.473,-0.6445,0.002072,3.922e-06,3.922e-06,0.003922,-5.882e-05,3.663e-06,0.01961
5.296782,-4.507,-0.6104,0.002171,3.922e-06,3.922e-06,0.003922,-5.882e-05,3.663e-06,0.01961
5.306783,-4.541,-0.5811,0.002279,3.922e-06,3.922e-06,0.003922,-5.882e-05,3.663e-06,0.01961
5.316783,-4.531,-0.5371,0.002376,3.922e-06,3.922e-06,0.003922,-5.882e-05,3.663e-06,0.01961
5.326783,-4.536,-0.4883,0.002457,3.922e-06,3.922e-06,0.003922,-5.882e-05,3.663e-06,0.01961
5.336782,-4.526,-0.4346,0.00253,3.922e-06,3.922e-06,0.003922,-5.882e-05,3.663e-06,0.01961
5.346783,-4.502,-0.376,0.002598,3.922e-06,3.922e-06,0.003922,-5.882e-05,3.663e-06,0.01961
5.356782,-4.473,-0.332,0.002653,3.922e-06,3.922e-06,0.003922,-5.882e-05,3.663e-06,0.01961
5.366782,-4.404,-0.2588,0.002694,3.922e-06,3.922e-06,0.003922,-5.882e-05,3.663e-06,0.01961
5.376782,-4.36,-0.2002,0.002732,3.922e-06,3.922e-06,0.003922,-5.882e-05,3.663e-06,0.01961
5.386782,-4.292,-0.1367,0.002758,3.922e-06,3.922e-06,0.003922,-5.882e-05,3.663e-06,0.01961
5.396782,-4.214,-0.07324,0.002784,3.922e-06,3.922e-06,0.003922,-5.882e-05,3.663e-06,0.01961
5.406782,-4.126,-0.01953,0.00279,3.922e-06,3.922e-06,0.003922,-5.882e-05,3.663e-06,0.01961
5.416782,-4.019,0.05859,0.002779,3.922e-06,3.922e-06,0.003922,-5.882e-05,3.663e-06,0.01961
5.426783,-3.926,0.1367,0.002741,3.922e-06,3.922e-06,0.003922,-5.882e-05,3.663e-06,0.01961
5.436782,-3.813,0.2002,0.002729,3.922e-06,3.922e-06,0.003922,-5.882e-05,3.663e-06,0.01961
5.446784,-3.691,0.2734,0.002679,3.922e-06,3.922e-06,0.003922,-5.882e-05,3.663e-06,0.01961
5.456783,-3.569,0.332,0.00263,3.922e-06,3.922e-06,0.003922,-5.882e-05,3.663e-06,0.01961
5.466783,-3.438,0.3955,0.002568,3.922e-06,3.922e-06,0.003922,-5.882e-05,3.663e-06,0.01961
5.476782,-3.306,0.4541,0.002504,3.922e-06,3.922e-06,0.003922,-5.882e-05,3.663e-06,0.01961
5.486783,-3.164,0.5127,0.002422,3.922e-06,3.922e-06,0.003922,-5.882e-05,3.663e-06,0.01961
5.496782,-3.018,0.5713,0.002338,3.922e-06,3.922e-06,0.003922,-5.882e-05,3.663e-06,0.01961
5.506783,-2.891,0.6201,0.002241,3.922e-06,3.922e-06,0.003922,-5.882e-05,3.663e-06,0.01961
5.516782,-2.744,0.6592,0.002139,3.922e-06,3.922e-06,0.003922,-5.882e-05,3.663e-06,0.01961
5.526783,-2.607,0.6982,0.002028,3.922e-06,3.922e-06,0.003922,-5.882e-05,3.663e-06,0.01961
5.536781,-2.461,0.7471,0.0019,3.922e-06,3.922e-06,0.003922,-5.882e-05,3.663e-06,0.01961
5.546782,-2.329,0.7959,0.001769,3.922e-06,3.922e-06,0.003922,-5.882e-05,3.663e-06,0.01961
5.556783,-2.202,0.8154,0.00164,3.922e-06,3.922e-06,0.003922,-5.882e-05,3.663e-06,0.01961
5.566782,-2.065,0.8301,0.001512,3.922e-06,3.922e-06,0.003922,-5.882e-05,3.663e-06,0.01961
5.576781,-1.958,0.8447,0.001383,3.922e-06,3.922e-06,0.003922,-5.882e-05,3.663e-06,0.01961
5.586782,-1.831,0.8496,0.001255,3.922e-06,3.922e-06,0.003922,-5.882e-05,3.663e-06,0.01961
5.596783,-1.719,0.8594,0.001118,3.922e-06,3.922e-06,0.003922,-5.882e-05,3.663e-06,0.01961
5.606782,-1.631,0.8594,0.0009748,3.922e-06,3.922e-06,0.003922,-5.882e-05,3.663e-06,0.01961
5.616783,-1.528,0.8545,0.0008406,3.922e-06,3.922e-06,0.003922,-5.882e-05,3.663e-06,0.01961
5.626782,-1.44,0.835,0.0007063,3.922e-06,3.922e-06,0.003922,-5.882e-05,3.663e-06,0.01961
5.636782,-1.328,0.8105,0.0005808,3.922e-06,3.922e-06,0.003922,-5.882e-05,3.663e-06,0.01961
5.646781,-1.211,0.8105,0.0004436,3.922e-06,3.922e-06,0.003922,-5.882e-05,3.663e-06,0.01961
5.656782,-1.113,0.7666,0.0003298,3.922e-06,3.922e-06,0.003922,-5.882e-05,3.663e-06,0.01961
5.666782,-0.9961,0.7324,0.0002189,3.922e-06,3.922e-06,0.003922,-5.882e-05,3.663e-06,0.01961
5.676781,-0.9033,0.6982,0.0001051,3.922e-06,3.922e-06,0.003922,-5.882e-05,3.663e-06,0.01961
5.686783,-0.8105,0.6592,2.919e-06,3.922e-06,3.922e-06,0.003922,-5.882e-05,3.663e-06,0.01961
5.696782,-0.6982,0.6152,-9.048e-05,3.922e-06,3.922e-06,0.003922,-5.882e-05,3.663e-06,0.01961
5.706782,-0.6152,0.5664,-0.0001722,3.922e-06,3.922e-06,0.003922,-5.882e-05,3.663e-06,0.01961
5.716783,-0.5371,0.5273,-0.0002598,3.922e-06,3.922e-06,0.003922,-5.882e-05,3.663e-06,0.01961
5.726782,-0.4688,0.4834,-0.0003386,3.922e-06,3.922e-06,0.003922,-5.882e-05,3.663e-06,0.01961
5.736781,-0.4004,0.4492,-0.0004174,3.922e-06,3.922e-06,0.003922,-5.882e-05,3.663e-06,0.01961
5.746782,-0.3223,0.3711,-0.0004465,3.922e-06,3.922e-06,0.003922,-5.882e-05,3.663e-06,0.01961
5.756782,-0.2881,0.3467,-0.0005283,3.922e-06,3.922e-06,0.003922,-5.882e-05,3.663e-06,0.01961
5.766784,-0.2197,0.2979,-0.0005604,3.922e-06,3.922e-06,0.003922,-5.882e-05,3.663e-06,0.01961
5.776782,-0.1904,0.2344,-0.0005866,3.922e-06,3.922e-06,0.003922,-5.882e-05,3.663e-06,0.01961
5.786782,-0.166,0.1904,-0.0006158,3.922e-06,3.922e-06,0.003922,-5.882e-05,3.663e-06,0.01961
5.796782,-0.1562,0.1367,-0.0006246,3.922e-06,3.922e-06,0.003922,-5.882e-05,3.663e-06,0.01961
5.806782,-0.1562,0.09277,-0.0006479,3.922e-06,3.922e-06,0.003922,-5.882e-05,3.663e-06,0.01961
5.816784,-0.1758,0.04395,-0.0006392,3.922e-06,3.922e-06,0.003922,-5.882e-05,3.663e-06,0.01961
5.826782,-0.1855,0.0,-0.0006392,3.922e-06,3.922e-06,0.003922,-5.882e-05,3.663e-06,0.01961
5.836782,-0.2295,-0.03418,-0.0006392,3.922e-06,3.922e-06,0.003922,-5.882e-05,3.663e-06,0.01961
5.846782,-0.2686,-0.07812,-0.0006187,3.922e-06,3.922e-06,0.003922,-5.882e-05,3.663e-06,0.01961
5.856782,-0.3369,-0.1416,-0.0005837,3.922e-06,3.922e-06,0.003922,-5.882e-05,3.663e-06,0.01961
5.866782,-0.4102,-0.1709,-0.0005516,3.922e-06,3.922e-06,0.003922,-5.882e-05,3.663e-06,0.01961
5.876782,-0.5029,-0.2197,-0.0005049,3.922e-06,3.922e-06,0.003922,-5.882e-05,3.663e-06,0.01961
5.886783,-0.6201,-0.2539,-0.0004611,3.922e-06,3.922e-06,0.003922,-5.882e-05,3.663e-06,0.01961
5.896781,-0.7373,-0.2979,-0.0004028,3.922e-06,3.922e-06,0.003922,-5.882e-05,3.663e-06,0.01961
5.906782,-0.9033,-0.3369,-0.0003444,3.922e-06,3.922e-06,0.003922,-5.882e-05,3.663e-06,0.01961
5.916783,-1.064,-0.3613,-0.0002889,3.922e-06,3.922e-06,0.003922,-5.882e-05,3.663e-06,0.01961
5.926782,-1.24,-0.4053,-0.000216,3.922e-06,3.922e-06,0.003922,-5.882e-05,3.663e-06,0.01961
5.936782,-1.445,-0.4346,-0.0001459,3.922e-06,3.922e-06,0.003922,-5.882e-05,3.663e-06,0.01961
5.946783,-1.66,-0.4736,-5.545e-05,3.922e-06,3.922e-06,0.003922,-5.882e-05,3.663e-06,0.01961
5.956782,-1.89,-0.5127,2.919e-05,3.922e-06,3.922e-06,0.003922,-5.882e-05,3.663e-06,0.01961
5.966783,-2.104,-0.5469,0.0001255,3.922e-06,3.922e-06,0.003922,-5.882e-05,3.663e-06,0.01961
5.976782,-2.314,-0.5859,0.0002218,3.922e-06,3.922e-06,0.003922,-5.882e-05,3.663e-06,0.01961
5.986782,-2.51,-0.6152,0.0003269,3.922e-06,3.922e-06,0.003922,-5.882e-05,3.663e-06,0.01961
5.996782,-2.686,-0.6445,0.0004436,3.922e-06,3.922e-06,0.003922,-5.882e-05,3.663e-06,0.01961
6.006783,-2.891,-0.6592,0.000537,3.922e-06,3.922e-06,0.003922,-5.882e-05,3.663e-06,0.01961
6.016782,-3.062,-0.6738,0.0006538,3.922e-06,3.922e-06,0.003922,-5.882e-05,3.663e-06,0.01961
6.026782,-3.213,-0.7031,0.0007734,3.922e-06,3.922e-06,0.003922,-5.882e-05,3.663e-06,0.01961
6.036783,-3.369,-0.7227,0.000896,3.922e-06,3.922e-06,0.003922,-5.882e-05,3.663e-06,0.01961
6.046782,-3.496,-0.7275,0.001024,3.922e-06,3.922e-06,0.003922,-5.882e-05,3.663e-06,0.01961
6.056782,-3.643,-0.7471,0.001153,3.922e-06,3.922e-06,0.003922,-5.882e-05,3.663e-06,0.01961
6.066782,-3.76,-0.7422,0.001273,3.922e-06,3.922e-06,0.003922,-5.882e-05,3.663e-06,0.01961
6.076782,-3.882,-0.7471,0.001401,3.922e-06,3.922e-06,0.003922,-5.882e-05,3.663e-06,0.01961
6.086781,-3.979,-0.7324,0.001521,3.922e-06,3.922e-06,0.003922,-5.882e-05,3.663e-06,0.01961
6.096782,-4.058,-0.7129,0.001637,3.922e-06,3.922e-06,0.003922,-5.882e-05,3.663e-06,0.01961
6.106782,-4.16,-0.6982,0.001754,3.922e-06,3.922e-06,0.003922,-5.882e-05,3.663e-06,0.01961
6.116783,-4.219,-0.6689,0.001859,3.922e-06,3.922e-06,0.003922,-5.882e-05,3.663e-06,0.01961
6.126783,-4.287,-0.6445,0.001973,3.922e-06,3.922e-06,0.003922,-5.882e-05,3.663e-06,0.01961
6.136782,-4.331,-0.6152,0.002078,3.922e-06,3.922e-06,0.003922,-5.882e-05,3.663e-06,0.01961
6.146781,-4.365,-0.5713,0.002177,3.922e-06,3.922e-06,0.003922,-5.882e-05,3.663e-06,0.01961
6.156783,-4.395,-0.5371,0.002262,3.922e-06,3.922e-06,0.003922,-5.882e-05,3.663e-06,0.01961
6.166782,-4.395,-0.4883,0.002352,3.922e-06,3.922e-06,0.003922,-5.882e-05,3.663e-06,0.01961
6.176783,-4.399,-0.4492,0.002431,3.922e-06,3.922e-06,0.003922,-5.882e-05,3.663e-06,0.01961
6.186782,-4.395,-0.3955,0.002498,3.922e-06,3.922e-06,0.003922,-5.882e-05,3.663e-06,0.01961
6.196783,-4.36,-0.3369,0.002554,3.922e-06,3.922e-06,0.003922,-5.882e-05,3.663e-06,0.01961
6.206782,-4.346,-0.2783,0.002603,3.922e-06,3.922e-06,0.003922,-5.882e-05,3.663e-06,0.01961
6.216783,-4.282,-0.21,0.002635,3.922e-06,3.922e-06,0.003922,-5.882e-05,3.663e-06,0.01961
6.226782,-4.214,-0.1611,0.002676,3.922e-06,3.922e-06,0.003922,-5.882e-05,3.663e-06,0.01961
6.236783,-4.15,-0.1025,0.0027,3.922e-06,3.922e-06,0.003922,-5.882e-05,3.663e-06,0.01961
6.246782,-4.082,-0.02441,0.002691,3.922e-06,3.922e-06,0.003922,-5.882e-05,3.663e-06,0.01961
6.256782,-3.984,0.0293,0.002703,3.922e-06,3.922e-06,0.003922,-5.882e-05,3.663e-06,0.01961
6.266782,-3.887,0.09766,0.002694,3.922e-06,3.922e-06,0.003922,-5.882e-05,3.663e-06,0.01961
6.276783,-3.794,0.166,0.002659,3.922e-06,3.922e-06,0.003922,-5.882e-05,3.663e-06,0.01961
6.286783,-3.691,0.2246,0.002638,3.922e-06,3.922e-06,0.003922,-5.882e-05,3.663e-06,0.01961
6.296782,-3.569,0.2979,0.00258,3.922e-06,3.922e-06,0.003922,-5.882e-05,3.663e-06,0.01961
6.306781,-3.462,0.3613,0.002525,3.922e-06,3.922e-06,0.003922,-5.882e-05,3.663e-06,0.01961
6.316782,-3.315,0.415,0.002469,3.922e-06,3.922e-06,0.003922,-5.882e-05,3.663e-06,0.01961
6.326782,-3.193,0.4736,0.002396,3.922e-06,3.922e-06,0.003922,-5.882e-05,3.663e-06,0.01961
6.336782,-3.057,0.5273,0.002312,3.922e-06,3.922e-06,0.003922,-5.882e-05,3.663e-06,0.01961
6.346781,-2.925,0.5762,0.002224,3.922e-06,3.922e-06,0.003922,-5.882e-05,3.663e-06,0.01961
6.356782,-2.808,0.6152,0.002133,3.922e-06,3.922e-06,0.003922,-5.882e-05,3.663e-06,0.01961
6.366783,-2.661,0.6592,0.002031,3.922e-06,3.922e-06,0.003922,-5.882e-05,3.663e-06,0.01961
6.376783,-2.529,0.6982,0.00192,3.922e-06,3.922e-06,0.003922,-5.882e-05,3.663e-06,0.01961
6.386782,-2.407,0.7324,0.001801,3.922e-06,3.922e-06,0.003922,-5.882e-05,3.663e-06,0.01961
6.396781,-2.28,0.7764,0.001672,3.922e-06,3.922e-06,0.003922,-5.882e-05,3.663e-06,0.01961
6.406782,-2.158,0.7764,0.001561,3.922e-06,3.922e-06,0.003922,-5.882e-05,3.663e-06,0.01961
6.416782,-2.031,0.8008,0.00143,3.922e-06,3.922e-06,0.003922,-5.882e-05,3.663e-06,0.01961
6.426782,-1.924,0.8203,0.001293,3.922e-06,3.922e-06,0.003922,-5.882e-05,3.663e-06,0.01961
6.436781,-1.816,0.8154,0.001165,3.922e-06,3.922e-06,0.003922,-5.882e-05,3.663e-06,0.01961
6.446783,-1.714,0.8301,0.001036,3.922e-06,3.922e-06,0.003922,-5.882e-05,3.663e-06,0.01961
6.456781,-1.621,0.791,0.0009223,3.922e-06,3.922e-06,0.003922,-5.882e-05,3.663e-06,0.01961
6.466782,-1.543,0.8154,0.0007734,3.922e-06,3.922e-06,0.003922,-5.882e-05,3.663e-06,0.01961
6.476782,-1.45,0.7812,0.0006596,3.922e-06,3.922e-06,0.003922,-5.882e-05,3.663e-06,0.01961
6.486783,-1.372,0.7666,0.000537,3.922e-06,3.922e-06,0.003922,-5.882e-05,3.663e-06,0.01961
6.496782,-1.274,0.752,0.0004144,3.922e-06,3.922e-06,0.003922,-5.882e-05,3.663e-06,0.01961
6.506782,-1.211,0.7227,0.0002889,3.922e-06,3.922e-06,0.003922,-5.882e-05,3.663e-06,0.01961
6.516782,-1.104,0.6787,0.0001985,3.922e-06,3.922e-06,0.003922,-5.882e-05,3.663e-06,0.01961
6.526783,-1.025,0.6543,8.756e-05,3.922e-06,3.922e-06,0.003922,-5.882e-05,3.663e-06,0.01961
6.536781,-0.9424,0.5957,5.837e-06,3.922e-06,3.922e-06,0.003922,-5.882e-05,3.663e-06,0.01961
6.546782,-0.8643,0.5566,-7.588e-05,3.922e-06,3.922e-06,0.003922,-5.882e-05,3.663e-06,0.01961
6.556781,-0.8057,0.498,-0.0001488,3.922e-06,3.922e-06,0.003922,-5.882e-05,3.663e-06,0.01961
6.566782,-0.7422,0.4688,-0.0002364,3.922e-06,3.922e-06,0.003922,-5.882e-05,3.663e-06,0.01961
6.576783,-0.7178,0.415,-0.0002977,3.922e-06,3.922e-06,0.003922,-5.882e-05,3.663e-06,0.01961
6.586783,-0.6787,0.3613,-0.0003444,3.922e-06,3.922e-06,0.003922,-5.882e-05,3.663e-06,0.01961
6.596783,-0.6396,0.3125,-0.000394,3.922e-06,3.922e-06,0.003922,-5.882e-05,3.663e-06,0.01961
6.606782,-0.6299,0.2588,-0.0004349,3.922e-06,3.922e-06,0.003922,-5.882e-05,3.663e-06,0.01961
6.616783,-0.6201,0.2197,-0.0004728,3.922e-06,3.922e-06,0.003922,-5.882e-05,3.663e-06,0.01961
6.626783,-0.6445,0.1562,-0.0004874,3.922e-06,3.922e-06,0.003922,-5.882e-05,3.663e-06,0.01961
6.636781,-0.6689,0.1074,-0.0005049,3.922e-06,3.922e-06,0.003922,-5.882e-05,3.663e-06,0.01961
6.646782,-0.708,0.06348,-0.0005049,3.922e-06,3.922e-06,0.003922,-5.882e-05,3.663e-06,0.01961
6.656783,-0.7764,-0.004883,-0.0004932,3.922e-06,3.922e-06,0.003922,-5.882e-05,3.663e-06,0.01961
6.666782,-0.8301,-0.05371,-0.0004757,3.922e-06,3.922e-06,0.003922,-5.882e-05,3.663e-06,0.01961
6.676782,-0.9277,-0.1123,-0.0004524,3.922e-06,3.922e-06,0.003922,-5.882e-05,3.663e-06,0.01961
6.686782,-1.05,-0.1611,-0.0004261,3.922e-06,3.922e-06,0.003922,-5.882e-05,3.663e-06,0.01961
6.696783,-1.172,-0.2051,-0.0003911,3.922e-06,3.922e-06,0.003922,-5.882e-05,3.663e-06,0.01961
6.706782,-1.323,-0.2539,-0.000359,3.922e-06,3.922e-06,0.003922,-5.882e-05,3.663e-06,0.01961
6.716782,-1.494,-0.3027,-0.0002948,3.922e-06,3.922e-06,0.003922,-5.882e-05,3.663e-06,0.01961
6.726781,-1.699,-0.3516,-0.0002335,3.922e-06,3.922e-06,0.003922,-5.882e-05,3.663e-06,0.01961
6.736782,-1.89,-0.415,-0.0001547,3.922e-06,3.922e-06,0.003922,-5.882e-05,3.663e-06,0.01961
6.746783,-2.085,-0.4639,-7.296e-05,3.922e-06,3.922e-06,0.003922,-5.882e-05,3.663e-06,0.01961
6.756782,-2.271,-0.5322,2.919e-05,3.922e-06,3.922e-06,0.003922,-5.882e-05,3.663e-06,0.01961
6.766783,-2.456,-0.5566,0.0001051,3.922e-06,3.922e-06,0.003922,-5.882e-05,3.663e-06,0.01961
6.776782,-2.642,-0.5957,0.0001926,3.922e-06,3.922e-06,0.003922,-5.882e-05,3.663e-06,0.01961
6.786782,-2.827,-0.6396,0.0003123,3.922e-06,3.922e-06,0.003922,-5.882e-05,3.663e-06,0.01961
6.796783,-2.988,-0.6689,0.0004261,3.922e-06,3.922e-06,0.003922,-5.882e-05,3.663e-06,0.01961
6.806782,-3.179,-0.708,0.0005516,3.922e-06,3.922e-06,0.003922,-5.882e-05,3.663e-06,0.01961
6.816782,-3.315,-0.7324,0.0006713,3.922e-06,3.922e-06,0.003922,-5.882e-05,3.663e-06,0.01961
6.826782,-3.472,-0.752,0.0007851,3.922e-06,3.922e-06,0.003922,-5.882e-05,3.663e-06,0.01961
6.836782,-3.618,-0.7666,0.0009164,3.922e-06,3.922e-06,0.003922,-5.882e-05,3.663e-06,0.01961
6.846782,-3.74,-0.8008,0.001068,3.922e-06,3.922e-06,0.003922,-5.882e-05,3.663e-06,0.01961
6.856782,-3.882,-0.8154,0.001197,3.922e-06,3.922e-06,0.003922,-5.882e-05,3.663e-06,0.01961
6.866783,-3.999,-0.8057,0.001337,3.922e-06,3.922e-06,0.003922,-5.882e-05,3.663e-06,0.01961
6.876782,-4.111,-0.7959,0.001462,3.922e-06,3.922e-06,0.003922,-5.882e-05,3.663e-06,0.01961
6.886781,-4.214,-0.791,0.001596,3.922e-06,3.922e-06,0.003922,-5.882e-05,3.663e-06,0.01961
6.896782,-4.287,-0.7812,0.001731,3.922e-06,3.922e-06,0.003922,-5.882e-05,3.663e-06,0.01961
6.906781,-4.395,-0.7666,0.001856,3.922e-06,3.922e-06,0.003922,-5.882e-05,3.663e-06,0.01961
6.916782,-4.443,-0.7324,0.001976,3.922e-06,3.922e-06,0.003922,-5.882e-05,3.663e-06,0.01961
6.926782,-4.507,-0.7031,0.002093,3.922e-06,3.922e-06,0.003922,-5.882e-05,3.663e-06,0.01961
6.936782,-4.546,-0.6738,0.002215,3.922e-06,3.922e-06,0.003922,-5.882e-05,3.663e-06,0.01961
6.946782,-4.561,-0.6201,0.002314,3.922e-06,3.922e-06,0.003922,-5.882e-05,3.663e-06,0.01961
6.956782,-4.58,-0.6055,0.002437,3.922e-06,3.922e-06,0.003922,-5.882e-05,3.663e-06,0.01961
6.966782,-4.595,-0.5322,0.002507,3.922e-06,3.922e-06,0.003922,-5.882e-05,3.663e-06,0.01961
6.976783,-4.59,-0.4785,0.002592,3.922e-06,3.922e-06,0.003922,-5.882e-05,3.663e-06,0.01961
6.986784,-4.58,-0.4199,0.002662,3.922e-06,3.922e-06,0.003922,-5.882e-05,3.663e-06,0.01961
6.996783,-4.526,-0.3564,0.00272,3.922e-06,3.922e-06,0.003922,-5.882e-05,3.663e-06,0.01961
7.006783,-4.487,-0.3027,0.002776,3.922e-06,3.922e-06,0.003922,-5.882e-05,3.663e-06,0.01961
7.016784,-4.429,-0.2246,0.002814,3.922e-06,3.922e-06,0.003922,-5.882e-05,3.663e-06,0.01961
7.026783,-4.37,-0.1611,0.00284,3.922e-06,3.922e-06,0.003922,-5.882e-05,3.663e-06,0.01961
7.036782,-4.287,-0.09766,0.002866,3.922e-06,3.922e-06,0.003922,-5.882e-05,3.663e-06,0.01961
7.046782,-4.18,-0.01465,0.002872,3.922e-06,3.922e-06,0.003922,-5.882e-05,3.663e-06,0.01961
7.056782,-4.087,0.04395,0.002866,3.922e-06,3.922e-06,0.003922,-5.882e-05,3.663e-06,0.01961
7.066783,-3.984,0.1367,0.00284,3.922e-06,3.922e-06,0.003922,-5.882e-05,3.663e-06,0.01961
7.076783,-3.877,0.1953,0.002814,3.922e-06,3.922e-06,0.003922,-5.882e-05,3.663e-06,0.01961
7.086782,-3.75,0.2686,0.002776,3.922e-06,3.922e-06,0.003922,-5.882e-05,3.663e-06,0.01961
7.096783,-3.613,0.3418,0.00272,3.922e-06,3.922e-06,0.003922,-5.882e-05,3.663e-06,0.01961
7.106782,-3.477,0.4004,0.002656,3.922e-06,3.922e-06,0.003922,-5.882e-05,3.663e-06,0.01961
7.116782,-3.33,0.4736,0.002592,3.922e-06,3.922e-06,0.003922,-5.882e-05,3.663e-06,0.01961
7.126782,-3.198,0.5322,0.002504,3.922e-06,3.922e-06,0.003922,-5.882e-05,3.663e-06,0.01961
7.136782,-3.047,0.5908,0.002414,3.922e-06,3.922e-06,0.003922,-5.882e-05,3.663e-06,0.01961
7.146782,-2.896,0.6494,0.002312,3.922e-06,3.922e-06,0.003922,-5.882e-05,3.663e-06,0.01961
7.156781,-2.764,0.7031,0.002192,3.922e-06,3.922e-06,0.003922,-5.882e-05,3.663e-06,0.01961
7.166782,-2.593,0.7471,0.002081,3.922e-06,3.922e-06,0.003922,-5.882e-05,3.663e-06,0.01961
7.176783,-2.456,0.7861,0.001955,3.922e-06,3.922e-06,0.003922,-5.882e-05,3.663e-06,0.01961
7.186783,-2.31,0.8252,0.001824,3.922e-06,3.922e-06,0.003922,-5.882e-05,3.663e-06,0.01961
7.196781,-2.178,0.8545,0.001693,3.922e-06,3.922e-06,0.003922,-5.882e-05,3.663e-06,0.01961
7.206783,-2.021,0.8496,0.001573,3.922e-06,3.922e-06,0.003922,-5.882e-05,3.663e-06,0.01961
7.216782,-1.899,0.8984,0.001418,3.922e-06,3.922e-06,0.003922,-5.882e-05,3.663e-06,0.01961
7.226782,-1.787,0.9082,0.001273,3.922e-06,3.922e-06,0.003922,-5.882e-05,3.663e-06,0.01961
7.236782,-1.675,0.9082,0.001127,3.922e-06,3.922e-06,0.003922,-5.882e-05,3.663e-06,0.01961
7.246783,-1.558,0.9131,0.0009806,3.922e-06,3.922e-06,0.003922,-5.882e-05,3.663e-06,0.01961
7.256782,-1.46,0.9131,0.0008289,3.922e-06,3.922e-06,0.003922,-5.882e-05,3.663e-06,0.01961
7.266783,-1.318,0.9033,0.0006888,3.922e-06,3.922e-06,0.003922,-5.882e-05,3.663e-06,0.01961
7.276783,-1.196,0.874,0.0005575,3.922e-06,3.922e-06,0.003922,-5.882e-05,3.663e-06,0.01961
7.286782,-1.074,0.8447,0.0004203,3.922e-06,3.922e-06,0.003922,-5.882e-05,3.663e-06,0.01961
7.296782,-0.9326,0.8154,0.0003006,3.922e-06,3.922e-06,0.003922,-5.882e-05,3.663e-06,0.01961
7.306783,-0.8301,0.791,0.0001693,3.922e-06,3.922e-06,0.003922,-5.882e-05,3.663e-06,0.01961
7.316782,-0.6738,0.7568,5.253e-05,3.922e-06,3.922e-06,0.003922,-5.882e-05,3.663e-06,0.01961
7.326782,-0.5518,0.7178,-5.837e-05,3.922e-06,3.922e-06,0.003922,-5.882e-05,3.663e-06,0.01961
7.336782,-0.4395,0.6787,-0.0001722,3.922e-06,3.922e-06,0.003922,-5.882e-05,3.663e-06,0.01961
7.346782,-0.3027,0.6396,-0.0002714,3.922e-06,3.922e-06,0.003922,-5.882e-05,3.663e-06,0.01961
7.356782,-0.21,0.5957,-0.0003619,3.922e-06,3.922e-06,0.003922,-5.882e-05,3.663e-06,0.01961
7.366782,-0.06348,0.5566,-0.0004495,3.922e-06,3.922e-06,0.003922,-5.882e-05,3.663e-06,0.01961
7.376782,0.05371,0.5078,-0.0005253,3.922e-06,3.922e-06,0.003922,-5.882e-05,3.663e-06,0.01961
7.386782,0.1562,0.4639,-0.0005896,3.922e-06,3.922e-06,0.003922,-5.882e-05,3.663e-06,0.01961
7.396781,0.2734,0.4102,-0.0006479,3.922e-06,3.922e-06,0.003922,-5.882e-05,3.663e-06,0.01961
7.406783,0.3564,0.3613,-0.0007092,3.922e-06,3.922e-06,0.003922,-5.882e-05,3.663e-06,0.01961
7.416782,0.4639,0.332,-0.0007588,3.922e-06,3.922e-06,0.003922,-5.882e-05,3.663e-06,0.01961
7.426783,0.5371,0.2832,-0.0007968,3.922e-06,3.922e-06,0.003922,-5.882e-05,3.663e-06,0.01961
7.436781,0.6299,0.2441,-0.0008347,3.922e-06,3.922e-06,0.003922,-5.882e-05,3.663e-06,0.01961
7.446782,0.708,0.1953,-0.0008522,3.922e-06,3.922e-06,0.003922,-5.882e-05,3.663e-06,0.01961
7.456781,0.7666,0.1514,-0.0008668,3.922e-06,3.922e-06,0.003922,-5.882e-05,3.663e-06,0.01961
7.466782,0.8398,0.1318,-0.0008902,3.922e-06,3.922e-06,0.003922,-5.882e-05,3.663e-06,0.01961
7.476783,0.8984,0.07812,-0.0008902,3.922e-06,3.922e-06,0.003922,-5.882e-05,3.663e-06,0.01961
7.486783,0.9619,0.04395,-0.0008902,3.922e-06,3.922e-06,0.003922,-5.882e-05,3.663e-06,0.01961
7.496781,1.016,0.01953,-0.0008843,3.922e-06,3.922e-06,0.003922,-5.882e-05,3.663e-06,0.01961
7.506783,1.05,-0.01953,-0.0008727,3.922e-06,3.922e-06,0.003922,-5.882e-05,3.663e-06,0.01961
7.516783,1.099,-0.0293,-0.0008697,3.922e-06,3.922e-06,0.003922,-5.882e-05,3.663e-06,0.01961
7.526783,1.128,-0.05859,-0.0008581,3.922e-06,3.922e-06,0.003922,-5.882e-05,3.663e-06,0.01961
7.536781,1.172,-0.07812,-0.0008376,3.922e-06,3.922e-06,0.003922,-5.882e-05,3.663e-06,0.01961
7.546782,1.221,-0.08789,-0.0008172,3.922e-06,3.922e-06,0.003922,-5.882e-05,3.663e-06,0.01961
7.556782,1.24,-0.1025,-0.0008055,3.922e-06,3.922e-06,0.003922,-5.882e-05,3.663e-06,0.01961
7.566782,1.294,-0.1123,-0.0007705,3.922e-06,3.922e-06,0.003922,-5.882e-05,3.663e-06,0.01961
7.576782,1.313,-0.1318,-0.0007355,3.922e-06,3.922e-06,0.003922,-5.882e-05,3.663e-06,0.01961
7.586782,1.343,-0.1367,-0.0007092,3.922e-06,3.922e-06,0.003922,-5.882e-05,3.663e-06,0.01961
7.596783,1.396,-0.127,-0.0006888,3.922e-06,3.922e-06,0.003922,-5.882e-05,3.663e-06,0.01961
7.606781,1.411,-0.1367,-0.0006538,3.922e-06,3.922e-06,0.003922,-5.882e-05,3.663e-06,0.01961
7.616782,1.479,-0.1318,-0.0006187,3.922e-06,3.922e-06,0.003922,-5.882e-05,3.663e-06,0.01961
7.626782,1.504,-0.1318,-0.0005954,3.922e-06,3.922e-06,0.003922,-5.882e-05,3.663e-06,0.01961
7.636783,1.558,-0.1123,-0.0005779,3.922e-06,3.922e-06,0.003922,-5.882e-05,3.663e-06,0.01961
7.646782,1.606,-0.09766,-0.0005516,3.922e-06,3.922e-06,0.003922,-5.882e-05,3.663e-06,0.01961
7.656782,1.655,-0.07324,-0.0005458,3.922e-06,3.922e-06,0.003922,-5.882e-05,3.663e-06,0.01961
7.666783,1.748,-0.06836,-0.0005137,3.922e-06,3.922e-06,0.003922,-5.882e-05,3.663e-06,0.01961
7.676782,1.826,-0.05859,-0.0004962,3.922e-06,3.922e-06,0.003922,-5.882e-05,3.663e-06,0.01961
7.686782,1.929,-0.03906,-0.0004816,3.922e-06,3.922e-06,0.003922,-5.882e-05,3.663e-06,0.01961
7.696781,2.002,-0.004883,-0.0004728,3.922e-06,3.922e-06,0.003922,-5.882e-05,3.663e-06,0.01961
7.706782,2.09,0.01953,-0.0004757,3.922e-06,3.922e-06,0.003922,-5.882e-05,3.663e-06,0.01961
7.716782,2.178,0.04395,-0.0004641,3.922e-06,3.922e-06,0.003922,-5.882e-05,3.663e-06,0.01961
7.726782,2.246,0.07812,-0.0004816,3.922e-06,3.922e-06,0.003922,-5.882e-05,3.663e-06,0.01961
7.736782,2.339,0.1074,-0.0004962,3.922e-06,3.922e-06,0.003922,-5.882e-05,3.663e-06,0.01961
7.746782,2.441,0.1465,-0.0005108,3.922e-06,3.922e-06,0.003922,-5.882e-05,3.663e-06,0.01961
7.756783,2.534,0.1611,-0.0005312,3.922e-06,3.922e-06,0.003922,-5.882e-05,3.663e-06,0.01961
7.766782,2.617,0.21,-0.0005604,3.922e-06,3.922e-06,0.003922,-5.882e-05,3.663e-06,0.01961
7.776782,2.69,0.2295,-0.0005896,3.922e-06,3.922e-06,0.003922,-5.882e-05,3.663e-06,0.01961
7.786781,2.788,0.2588,-0.0006217,3.922e-06,3.922e-06,0.003922,-5.882e-05,3.663e-06,0.01961
7.796782,2.876,0.293,-0.0006684,3.922e-06,3.922e-06,0.003922,-5.882e-05,3.663e-06,0.01961
7.806781,2.959,0.3076,-0.0007005,3.922e-06,3.922e-06,0.003922,-5.882e-05,3.663e-06,0.01961
7.816783,3.052,0.3467,-0.0007705,3.922e-06,3.922e-06,0.003922,-5.882e-05,3.663e-06,0.01961
7.826782,3.125,0.3809,-0.0008289,3.922e-06,3.922e-06,0.003922,-5.882e-05,3.663e-06,0.01961
7.836782,3.213,0.3906,-0.0008785,3.922e-06,3.922e-06,0.003922,-5.882e-05,3.663e-06,0.01961
7.846783,3.301,0.4199,-0.0009398,3.922e-06,3.922e-06,0.003922,-5.882e-05,3.663e-06,0.01961
7.856782,3.384,0.4395,-0.001016,3.922e-06,3.922e-06,0.003922,-5.882e-05,3.663e-06,0.01961
7.866782,3.467,0.459,-0.001077,3.922e-06,3.922e-06,0.003922,-5.882e-05,3.663e-06,0.01961
7.876782,3.53,0.459,-0.001138,3.922e-06,3.922e-06,0.003922,-5.882e-05,3.663e-06,0.01961
7.886781,3.613,0.4639,-0.001208,3.922e-06,3.922e-06,0.003922,-5.882e-05,3.663e-06,0.01961
7.896781,3.687,0.4785,-0.001278,3.922e-06,3.922e-06,0.003922,-5.882e-05,3.663e-06,0.01961
7.906782,3.75,0.4688,-0.001348,3.922e-06,3.922e-06,0.003922,-5.882e-05,3.663e-06,0.01961
7.916783,3.809,0.4883,-0.00143,3.922e-06,3.922e-06,0.003922,-5.882e-05,3.663e-06,0.01961
7.926781,3.862,0.4785,-0.0015,3.922e-06,3.922e-06,0.003922,-5.882e-05,3.663e-06,0.01961
7.936782,3.906,0.4736,-0.001573,3.922e-06,3.922e-06,0.003922,-5.882e-05,3.663e-06,0.01961
7.946781,3.97,0.4688,-0.001643,3.922e-06,3.922e-06,0.003922,-5.882e-05,3.663e-06,0.01961
7.956781,4.004,0.4395,-0.001699,3.922e-06,3.922e-06,0.003922,-5.882e-05,3.663e-06,0.01961
7.966783,4.048,0.4443,-0.00178,3.922e-06,3.922e-06,0.003922,-5.882e-05,3.663e-06,0.01961
7.976783,4.053,0.4248,-0.001845,3.922e-06,3.922e-06,0.003922,-5.882e-05,3.663e-06,0.01961
7.986783,4.072,0.3955,-0.001894,3.922e-06,3.922e-06,0.003922,-5.882e-05,3.663e-06,0.01961
7.996782,4.097,0.376,-0.001955,3.922e-06,3.922e-06,0.003922,-5.882e-05,3.663e-06,0.01961
8.006783,4.082,0.3564,-0.002017,3.922e-06,3.922e-06,0.003922,-5.882e-05,3.663e-06,0.01961
8.016783,4.097,0.3271,-0.002055,3.922e-06,3.922e-06,0.003922,-5.882e-05,3.663e-06,0.01961
8.026782,4.082,0.293,-0.002098,3.922e-06,3.922e-06,0.003922,-5.882e-05,3.663e-06,0.01961
8.036782,4.072,0.2734,-0.002136,3.922e-06,3.922e-06,0.003922,-5.882e-05,3.663e-06,0.01961
8.046782,4.058,0.2344,-0.002171,3.922e-06,3.922e-06,0.003922,-5.882e-05,3.663e-06,0.01961
8.056782,4.019,0.2051,-0.002209,3.922e-06,3.922e-06,0.003922,-5.882e-05,3.663e-06,0.01961
8.066782,3.994,0.1514,-0.002209,3.922e-06,3.922e-06,0.003922,-5.882e-05,3.663e-06,0.01961
8.076783,3.95,0.1074,-0.002221,3.922e-06,3.922e-06,0.003922,-5.882e-05,3.663e-06,0.01961
8.086782,3.906,0.07324,-0.002227,3.922e-06,3.922e-06,0.003922,-5.882e-05,3.663e-06,0.01961
8.096783,3.862,0.04395,-0.002236,3.922e-06,3.922e-06,0.003922,-5.882e-05,3.663e-06,0.01961
8.106782,3.784,0.009766,-0.002239,3.922e-06,3.922e-06,0.003922,-5.882e-05,3.663e-06,0.01961
8.116782,3.74,-0.03418,-0.002215,3.922e-06,3.922e-06,0.003922,-5.882e-05,3.663e-06,0.01961
8.126782,3.667,-0.07812,-0.002206,3.922e-06,3.922e-06,0.003922,-5.882e-05,3.663e-06,0.01961
8.136782,3.608,-0.1074,-0.002186,3.922e-06,3.922e-06,0.003922,-5.882e-05,3.663e-06,0.01961
8.146781,3.54,-0.1514,-0.002148,3.922e-06,3.922e-06,0.003922,-5.882e-05,3.663e-06,0.01961
8.156782,3.457,-0.2002,-0.002104,3.922e-06,3.922e-06,0.003922,-5.882e-05,3.663e-06,0.01961
8.166782,3.379,-0.2246,-0.002066,3.922e-06,3.922e-06,0.003922,-5.882e-05,3.663e-06,0.01961
8.176783,3.306,-0.2734,-0.002014,3.922e-06,3.922e-06,0.003922,-5.882e-05,3.663e-06,0.01961
8.186781,3.218,-0.293,-0.001967,3.922e-06,3.922e-06,0.003922,-5.882e-05,3.663e-06,0.01961
8.196781,3.135,-0.3174,-0.001909,3.922e-06,3.922e-06,0.003922,-5.882e-05,3.663e-06,0.01961
8.206782,3.037,-0.3418,-0.001853,3.922e-06,3.922e-06,0.003922,-5.882e-05,3.663e-06,0.01961
8.216782,2.993,-0.3662,-0.001789,3.922e-06,3.922e-06,0.003922,-5.882e-05,3.663e-06,0.01961
8.226783,2.891,-0.3955,-0.001719,3.922e-06,3.922e-06,0.003922,-5.882e-05,3.663e-06,0.01961
8.236782,2.822,-0.4004,-0.001655,3.922e-06,3.922e-06,0.003922,-5.882e-05,3.663e-06,0.01961
8.246782,2.754,-0.415,-0.001579,3.922e-06,3.922e-06,0.003922,-5.882e-05,3.663e-06,0.01961
8.256783,2.671,-0.4395,-0.001497,3.922e-06,3.922e-06,0.003922,-5.882e-05,3.663e-06,0.01961
8.266783,2.612,-0.4492,-0.001413,3.922e-06,3.922e-06,0.003922,-5.882e-05,3.663e-06,0.01961
8.276782,2.529,-0.4541,-0.001345,3.922e-06,3.922e-06,0.003922,-5.882e-05,3.663e-06,0.01961
8.286781,2.48,-0.4541,-0.001273,3.922e-06,3.922e-06,0.003922,-5.882e-05,3.663e-06,0.01961
8.296782,2.427,-0.4492,-0.001185,3.922e-06,3.922e-06,0.003922,-5.882e-05,3.663e-06,0.01961
8.306783,2.373,-0.4541,-0.001094,3.922e-06,3.922e-06,0.003922,-5.882e-05,3.663e-06,0.01961
8.316782,2.324,-0.4346,-0.001033,3.922e-06,3.922e-06,0.003922,-5.882e-05,3.663e-06,0.01961
8.326787,2.28,-0.4346,-0.0009515,3.922e-06,3.922e-06,0.003922,-5.882e-05,3.663e-06,0.01961
8.336782,2.256,-0.4102,-0.0008873,3.922e-06,3.922e-06,0.003922,-5.882e-05,3.663e-06,0.01961
8.346783,2.236,-0.3857,-0.0008172,3.922e-06,3.922e-06,0.003922,-5.882e-05,3.663e-06,0.01961
8.356781,2.207,-0.3809,-0.0007384,3.922e-06,3.922e-06,0.003922,-5.882e-05,3.663e-06,0.01961
8.366783,2.212,-0.3467,-0.000683,3.922e-06,3.922e-06,0.003922,-5.882e-05,3.663e-06,0.01961
8.376782,2.188,-0.3223,-0.0006304,3.922e-06,3.922e-06,0.003922,-5.882e-05,3.663e-06,0.01961
8.386782,2.197,-0.2881,-0.0005779,3.922e-06,3.922e-06,0.003922,-5.882e-05,3.663e-06,0.01961
8.396782,2.202,-0.249,-0.0005312,3.922e-06,3.922e-06,0.003922,-5.882e-05,3.663e-06,0.01961
8.406782,2.217,-0.2148,-0.000502,3.922e-06,3.922e-06,0.003922,-5.882e-05,3.663e-06,0.01961
8.416782,2.256,-0.1709,-0.0004728,3.922e-06,3.922e-06,0.003922,-5.882e-05,3.663e-06,0.01961
8.426783,2.271,-0.1416,-0.0004349,3.922e-06,3.922e-06,0.003922,-5.882e-05,3.663e-06,0.01961
8.436782,2.329,-0.1025,-0.0004086,3.922e-06,3.922e-06,0.003922,-5.882e-05,3.663e-06,0.01961
8.446783,2.373,-0.05371,-0.0003969,3.922e-06,3.922e-06,0.003922,-5.882e-05,3.663e-06,0.01961
8.456781,2.397,-0.0293,-0.0003794,3.922e-06,3.922e-06,0.003922,-5.882e-05,3.663e-06,0.01961
8.466783,2.476,0.0293,-0.0003882,3.922e-06,3.922e-06,0.003922,-5.882e-05,3.663e-06,0.01961
8.476783,2.534,0.06836,-0.000394,3.922e-06,3.922e-06,0.003922,-5.882e-05,3.663e-06,0.01961
8.486783,2.603,0.1123,-0.0004057,3.922e-06,3.922e-06,0.003922,-5.882e-05,3.663e-06,0.01961
8.496782,2.681,0.166,-0.0004261,3.922e-06,3.922e-06,0.003922,-5.882e-05,3.663e-06,0.01961
8.506782,2.744,0.1758,-0.0004436,3.922e-06,3.922e-06,0.003922,-5.882e-05,3.663e-06,0.01961
8.516782,2.842,0.2441,-0.0004932,3.922e-06,3.922e-06,0.003922,-5.882e-05,3.663e-06,0.01961
8.526781,2.925,0.2783,-0.0005312,3.922e-06,3.922e-06,0.003922,-5.882e-05,3.663e-06,0.01961
8.536782,3.013,0.3174,-0.0005779,3.922e-06,3.922e-06,0.003922,-5.882e-05,3.663e-06,0.01961
8.546782,3.11,0.3516,-0.0006246,3.922e-06,3.922e-06,0.003922,-5.882e-05,3.663e-06,0.01961
8.556782,3.169,0.3906,-0.0006946,3.922e-06,3.922e-06,0.003922,-5.882e-05,3.663e-06,0.01961
8.566782,3.267,0.4248,-0.000753,3.922e-06,3.922e-06,0.003922,-5.882e-05,3.663e-06,0.01961
8.576782,3.364,0.4395,-0.0008143,3.922e-06,3.922e-06,0.003922,-5.882e-05,3.663e-06,0.01961
8.586783,3.447,0.4736,-0.0008902,3.922e-06,3.922e-06,0.003922,-5.882e-05,3.663e-06,0.01961
8.596781,3.535,0.5078,-0.0009719,3.922e-06,3.922e-06,0.003922,-5.882e-05,3.663e-06,0.01961
8.606781,3.613,0.5176,-0.001054,3.922e-06,3.922e-06,0.003922,-5.882e-05,3.663e-06,0.01961
8.616782,3.716,0.5322,-0.001124,3.922e-06,3.922e-06,0.003922,-5.882e-05,3.663e-06,0.01961
8.626781,3.794,0.542,-0.001214,3.922e-06,3.922e-06,0.003922,-5.882e-05,3.663e-06,0.01961
8.636782,3.882,0.5566,-0.001302,3.922e-06,3.922e-06,0.003922,-5.882e-05,3.663e-06,0.01961
8.646782,3.945,0.5615,-0.001389,3.922e-06,3.922e-06,0.003922,-5.882e-05,3.663e-06,0.01961
8.656783,3.994,0.5615,-0.001474,3.922e-06,3.922e-06,0.003922,-5.882e-05,3.663e-06,0.01961
8.666783,4.062,0.5713,-0.001567,3.922e-06,3.922e-06,0.003922,-5.882e-05,3.663e-06,0.01961
8.676783,4.111,0.542,-0.00164,3.922e-06,3.922e-06,0.003922,-5.882e-05,3.663e-06,0.01961
8.686782,4.165,0.5518,-0.001731,3.922e-06,3.922e-06,0.003922,-5.882e-05,3.663e-06,0.01961
8.696782,4.209,0.5371,-0.00181,3.922e-06,3.922e-06,0.003922,-5.882e-05,3.663e-06,0.01961
8.706781,4.229,0.5176,-0.001903,3.922e-06,3.922e-06,0.003922,-5.882e-05,3.663e-06,0.01961
8.716783,4.272,0.5029,-0.00197,3.922e-06,3.922e-06,0.003922,-5.882e-05,3.663e-06,0.01961
8.726783,4.287,0.4639,-0.00204,3.922e-06,3.922e-06,0.003922,-5.882e-05,3.663e-06,0.01961
8.736783,4.302,0.4346,-0.002101,3.922e-06,3.922e-06,0.003922,-5.882e-05,3.663e-06,0.01961
8.746783,4.312,0.4102,-0.002163,3.922e-06,3.922e-06,0.003922,-5.882e-05,3.663e-06,0.01961
8.756783,4.292,0.3613,-0.002215,3.922e-06,3.922e-06,0.003922,-5.882e-05,3.663e-06,0.01961
8.766782,4.292,0.3271,-0.002253,3.922e-06,3.922e-06,0.003922,-5.882e-05,3.663e-06,0.01961
8.776783,4.263,0.293,-0.002309,3.922e-06,3.922e-06,0.003922,-5.882e-05,3.663e-06,0.01961
8.786782,4.233,0.2637,-0.002349,3.922e-06,3.922e-06,0.003922,-5.882e-05,3.663e-06,0.01961
8.796782,4.199,0.2246,-0.002384,3.922e-06,3.922e-06,0.003922,-5.882e-05,3.663e-06,0.01961
8.806782,4.16,0.1562,-0.002396,3.922e-06,3.922e-06,0.003922,-5.882e-05,3.663e-06,0.01961
8.816783,4.111,0.127,-0.002422,3.922e-06,3.922e-06,0.003922,-5.882e-05,3.663e-06,0.01961
8.826782,4.053,0.07324,-0.002425,3.922e-06,3.922e-06,0.003922,-5.882e-05,3.663e-06,0.01961
8.836781,3.994,0.01465,-0.002414,3.922e-06,3.922e-06,0.003922,-5.882e-05,3.663e-06,0.01961
8.846782,3.916,-0.01953,-0.002408,3.922e-06,3.922e-06,0.003922,-5.882e-05,3.663e-06,0.01961
8.856782,3.838,-0.07324,-0.002393,3.922e-06,3.922e-06,0.003922,-5.882e-05,3.663e-06,0.01961
8.866783,3.76,-0.1123,-0.002373,3.922e-06,3.922e-06,0.003922,-5.882e-05,3.663e-06,0.01961
8.876782,3.677,-0.1514,-0.002347,3.922e-06,3.922e-06,0.003922,-5.882e-05,3.663e-06,0.01961
8.886782,3.589,-0.1953,-0.002312,3.922e-06,3.922e-06,0.003922,-5.882e-05,3.663e-06,0.01961
8.896783,3.496,-0.2441,-0.002265,3.922e-06,3.922e-06,0.003922,-5.882e-05,3.663e-06,0.01961
8.906782,3.389,-0.2832,-0.002218,3.922e-06,3.922e-06,0.003922,-5.882e-05,3.663e-06,0.01961
8.916781,3.315,-0.3271,-0.002148,3.922e-06,3.922e-06,0.003922,-5.882e-05,3.663e-06,0.01961
8.926783,3.218,-0.376,-0.002081,3.922e-06,3.922e-06,0.003922,-5.882e-05,3.663e-06,0.01961
8.936782,3.115,-0.3955,-0.002014,3.922e-06,3.922e-06,0.003922,-5.882e-05,3.663e-06,0.01961
8.946782,3.018,-0.4297,-0.001932,3.922e-06,3.922e-06,0.003922,-5.882e-05,3.663e-06,0.01961
8.956782,2.91,-0.4736,-0.001853,3.922e-06,3.922e-06,0.003922,-5.882e-05,3.663e-06,0.01961
8.966783,2.812,-0.4736,-0.001789,3.922e-06,3.922e-06,0.003922,-5.882e-05,3.663e-06,0.01961
8.976782,2.725,-0.5029,-0.001696,3.922e-06,3.922e-06,0.003922,-5.882e-05,3.663e-06,0.01961
8.986783,2.632,-0.5176,-0.001605,3.922e-06,3.922e-06,0.003922,-5.882e-05,3.663e-06,0.01961
8.996782,2.554,-0.5273,-0.001512,3.922e-06,3.922e-06,0.003922,-5.882e-05,3.663e-06,0.01961
9.006783,2.461,-0.5566,-0.00141,3.922e-06,3.922e-06,0.003922,-5.882e-05,3.663e-06,0.01961
9.016782,2.397,-0.5615,-0.00131,3.922e-06,3.922e-06,0.003922,-5.882e-05,3.663e-06,0.01961
9.026782,2.31,-0.5615,-0.001223,3.922e-06,3.922e-06,0.003922,-5.882e-05,3.663e-06,0.01961
9.036782,2.246,-0.5518,-0.001127,3.922e-06,3.922e-06,0.003922,-5.882e-05,3.663e-06,0.01961
9.046782,2.192,-0.5371,-0.001036,3.922e-06,3.922e-06,0.003922,-5.882e-05,3.663e-06,0.01961
9.056782,2.134,-0.5371,-0.0009427,3.922e-06,3.922e-06,0.003922,-5.882e-05,3.663e-06,0.01961
9.066782,2.09,-0.5127,-0.0008522,3.922e-06,3.922e-06,0.003922,-5.882e-05,3.663e-06,0.01961
9.076782,2.056,-0.498,-0.0007676,3.922e-06,3.922e-06,0.003922,-5.882e-05,3.663e-06,0.01961
9.086782,2.021,-0.4688,-0.0006917,3.922e-06,3.922e-06,0.003922,-5.882e-05,3.663e-06,0.01961
9.096782,2.007,-0.4443,-0.0006071,3.922e-06,3.922e-06,0.003922,-5.882e-05,3.663e-06,0.01961
9.106782,1.987,-0.4102,-0.0005458,3.922e-06,3.922e-06,0.003922,-5.882e-05,3.663e-06,0.01961
9.116783,1.992,-0.3711,-0.0004699,3.922e-06,3.922e-06,0.003922,-5.882e-05,3.663e-06,0.01961
9.126781,1.982,-0.3516,-0.0004028,3.922e-06,3.922e-06,0.003922,-5.882e-05,3.663e-06,0.01961
9.136782,2.007,-0.3027,-0.0003532,3.922e-06,3.922e-06,0.003922,-5.882e-05,3.663e-06,0.01961
9.146783,2.031,-0.2539,-0.0003094,3.922e-06,3.922e-06,0.003922,-5.882e-05,3.663e-06,0.01961
9.156782,2.046,-0.21,-0.0002685,3.922e-06,3.922e-06,0.003922,-5.882e-05,3.663e-06,0.01961
9.166782,2.104,-0.1611,-0.0002452,3.922e-06,3.922e-06,0.003922,-5.882e-05,3.663e-06,0.01961
9.176783,2.148,-0.1221,-0.0002101,3.922e-06,3.922e-06,0.003922,-5.882e-05,3.663e-06,0.01961
9.186783,2.207,-0.07324,-0.0001868,3.922e-06,3.922e-06,0.003922,-5.882e-05,3.663e-06,0.01961
9.196783,2.275,-0.01465,-0.0001868,3.922e-06,3.922e-06,0.003922,-5.882e-05,3.663e-06,0.01961
9.206781,2.349,0.02441,-0.000178,3.922e-06,3.922e-06,0.003922,-5.882e-05,3.663e-06,0.01961
9.216782,2.432,0.09277,-0.0002072,3.922e-06,3.922e-06,0.003922,-5.882e-05,3.663e-06,0.01961
9.226783,2.495,0.1367,-0.0002131,3.922e-06,3.922e-06,0.003922,-5.882e-05,3.663e-06,0.01961
9.236783,2.593,0.1953,-0.0002481,3.922e-06,3.922e-06,0.003922,-5.882e-05,3.663e-06,0.01961
9.246782,2.681,0.2539,-0.0002831,3.922e-06,3.922e-06,0.003922,-5.882e-05,3.663e-06,0.01961
9.256781,2.788,0.293,-0.000324,3.922e-06,3.922e-06,0.003922,-5.882e-05,3.663e-06,0.01961
9.266784,2.891,0.3369,-0.0003648,3.922e-06,3.922e-06,0.003922,-5.882e-05,3.663e-06,0.01961
9.276782,2.993,0.3857,-0.000429,3.922e-06,3.922e-06,0.003922,-5.882e-05,3.663e-06,0.01961
9.286782,3.105,0.4297,-0.0004932,3.922e-06,3.922e-06,0.003922,-5.882e-05,3.663e-06,0.01961
9.296782,3.213,0.4639,-0.0005662,3.922e-06,3.922e-06,0.003922,-5.882e-05,3.663e-06,0.01961
9.306784,3.32,0.4883,-0.0006333,3.922e-06,3.922e-06,0.003922,-5.882e-05,3.663e-06,0.01961
9.316783,3.423,0.542,-0.0007326,3.922e-06,3.922e-06,0.003922,-5.882e-05,3.663e-06,0.01961
9.326782,3.54,0.5713,-0.0008172,3.922e-06,3.922e-06,0.003922,-5.882e-05,3.663e-06,0.01961
9.336782,3.633,0.6055,-0.0009164,3.922e-06,3.922e-06,0.003922,-5.882e-05,3.663e-06,0.01961
9.346781,3.735,0.625,-0.001013,3.922e-06,3.922e-06,0.003922,-5.882e-05,3.663e-06,0.01961
9.356782,3.828,0.6396,-0.001112,3.922e-06,3.922e-06,0.003922,-5.882e-05,3.663e-06,0.01961
9.366782,3.945,0.6494,-0.0012,3.922e-06,3.922e-06,0.003922,-5.882e-05,3.663e-06,0.01961
9.376781,4.028,0.6689,-0.001319,3.922e-06,3.922e-06,0.003922,-5.882e-05,3.663e-06,0.01961
9.386783,4.126,0.6738,-0.001421,3.922e-06,3.922e-06,0.003922,-5.882e-05,3.663e-06,0.01961
9.396783,4.199,0.6641,-0.001521,3.922e-06,3.922e-06,0.003922,-5.882e-05,3.663e-06,0.01961
9.406783,4.253,0.6689,-0.001631,3.922e-06,3.922e-06,0.003922,-5.882e-05,3.663e-06,0.01961
9.416782,4.326,0.6592,-0.001734,3.922e-06,3.922e-06,0.003922,-5.882e-05,3.663e-06,0.01961
9.426782,4.38,0.6348,-0.001824,3.922e-06,3.922e-06,0.003922,-5.882e-05,3.663e-06,0.01961
9.436782,4.434,0.6348,-0.001932,3.922e-06,3.922e-06,0.003922,-5.882e-05,3.663e-06,0.01961
9.446782,4.468,0.6152,-0.002028,3.922e-06,3.922e-06,0.003922,-5.882e-05,3.663e-06,0.01961
9.456781,4.492,0.5811,-0.002116,3.922e-06,3.922e-06,0.003922,-5.882e-05,3.663e-06,0.01961
9.466782,4.541,0.5371,-0.002189,3.922e-06,3.922e-06,0.003922,-5.882e-05,3.663e-06,0.01961
9.476783,4.531,0.5029,-0.002274,3.922e-06,3.922e-06,0.003922,-5.882e-05,3.663e-06,0.01961
9.486783,4.541,0.4688,-0.002344,3.922e-06,3.922e-06,0.003922,-5.882e-05,3.663e-06,0.01961
9.496782,4.531,0.4248,-0.002408,3.922e-06,3.922e-06,0.003922,-5.882e-05,3.663e-06,0.01961
9.506783,4.502,0.376,-0.002457,3.922e-06,3.922e-06,0.003922,-5.882e-05,3.663e-06,0.01961
9.516784,4.473,0.3418,-0.002525,3.922e-06,3.922e-06,0.003922,-5.882e-05,3.663e-06,0.01961
9.526782,4.438,0.2881,-0.002563,3.922e-06,3.922e-06,0.003922,-5.882e-05,3.663e-06,0.01961
9.536783,4.395,0.2295,-0.002592,3.922e-06,3.922e-06,0.003922,-5.882e-05,3.663e-06,0.01961
9.546782,4.365,0.1855,-0.002621,3.922e-06,3.922e-06,0.003922,-5.882e-05,3.663e-06,0.01961
9.556782,4.282,0.127,-0.002641,3.922e-06,3.922e-06,0.003922,-5.882e-05,3.663e-06,0.01961
9.566783,4.238,0.06836,-0.002644,3.922e-06,3.922e-06,0.003922,-5.882e-05,3.663e-06,0.01961
9.576782,4.131,0.004883,-0.002641,3.922e-06,3.922e-06,0.003922,-5.882e-05,3.663e-06,0.01961
9.586782,4.053,-0.03906,-0.002635,3.922e-06,3.922e-06,0.003922,-5.882e-05,3.663e-06,0.01961
9.596783,3.97,-0.1074,-0.0026,3.922e-06,3.922e-06,0.003922,-5.882e-05,3.663e-06,0.01961
9.606783,3.853,-0.1562,-0.00258,3.922e-06,3.922e-06,0.003922,-5.882e-05,3.663e-06,0.01961
9.616783,3.765,-0.2148,-0.002525,3.922e-06,3.922e-06,0.003922,-5.882e-05,3.663e-06,0.01961
9.626782,3.643,-0.2783,-0.00249,3.922e-06,3.922e-06,0.003922,-5.882e-05,3.663e-06,0.01961
9.636783,3.525,-0.3174,-0.00244,3.922e-06,3.922e-06,0.003922,-5.882e-05,3.663e-06,0.01961
9.646782,3.423,-0.3662,-0.00237,3.922e-06,3.922e-06,0.003922,-5.882e-05,3.663e-06,0.01961
9.656781,3.291,-0.415,-0.002303,3.922e-06,3.922e-06,0.003922,-5.882e-05,3.663e-06,0.01961
9.666782,3.188,-0.4639,-0.002206,3.922e-06,3.922e-06,0.003922,-5.882e-05,3.663e-06,0.01961
9.676783,3.066,-0.498,-0.002139,3.922e-06,3.922e-06,0.003922,-5.882e-05,3.663e-06,0.01961
9.686783,2.949,-0.542,-0.002037,3.922e-06,3.922e-06,0.003922,-5.882e-05,3.663e-06,0.01961
9.696783,2.827,-0.5713,-0.001941,3.922e-06,3.922e-06,0.003922,-5.882e-05,3.663e-06,0.01961
9.706782,2.715,-0.6055,-0.001842,3.922e-06,3.922e-06,0.003922,-5.882e-05,3.663e-06,0.01961
9.716783,2.593,-0.6152,-0.001737,3.922e-06,3.922e-06,0.003922,-5.882e-05,3.663e-06,0.01961
9.726783,2.49,-0.6494,-0.001623,3.922e-06,3.922e-06,0.003922,-5.882e-05,3.663e-06,0.01961
9.736782,2.383,-0.6641,-0.001509,3.922e-06,3.922e-06,0.003922,-5.882e-05,3.663e-06,0.01961
9.746781,2.29,-0.6689,-0.001398,3.922e-06,3.922e-06,0.003922,-5.882e-05,3.663e-06,0.01961
9.756782,2.192,-0.6787,-0.001284,3.922e-06,3.922e-06,0.003922,-5.882e-05,3.663e-06,0.01961
9.766782,2.119,-0.6592,-0.001179,3.922e-06,3.922e-06,0.003922,-5.882e-05,3.663e-06,0.01961
9.776782,2.041,-0.6738,-0.001054,3.922e-06,3.922e-06,0.003922,-5.882e-05,3.663e-06,0.01961
9.786782,1.968,-0.6641,-0.0009398,3.922e-06,3.922e-06,0.003922,-5.882e-05,3.663e-06,0.01961
9.796782,1.904,-0.6445,-0.0008318,3.922e-06,3.922e-06,0.003922,-5.882e-05,3.663e-06,0.01961
9.806784,1.851,-0.6299,-0.0007267,3.922e-06,3.922e-06,0.003922,-5.882e-05,3.663e-06,0.01961
9.816783,1.797,-0.6006,-0.0006187,3.922e-06,3.922e-06,0.003922,-5.882e-05,3.663e-06,0.01961
9.826784,1.743,-0.5762,-0.0005224,3.922e-06,3.922e-06,0.003922,-5.882e-05,3.663e-06,0.01961
9.836782,1.714,-0.5371,-0.000429,3.922e-06,3.922e-06,0.003922,-5.882e-05,3.663e-06,0.01961
9.846783,1.685,-0.5029,-0.0003444,3.922e-06,3.922e-06,0.003922,-5.882e-05,3.663e-06,0.01961
9.856782,1.655,-0.4688,-0.0002598,3.922e-06,3.922e-06,0.003922,-5.882e-05,3.663e-06,0.01961
9.866782,1.646,-0.4102,-0.0001985,3.922e-06,3.922e-06,0.003922,-5.882e-05,3.663e-06,0.01961
9.876782,1.646,-0.376,-0.0001226,3.922e-06,3.922e-06,0.003922,-5.882e-05,3.663e-06,0.01961
9.886782,1.655,-0.3174,-7.005e-05,3.922e-06,3.922e-06,0.003922,-5.882e-05,3.663e-06,0.01961
9.896783,1.675,-0.2588,-2.627e-05,3.922e-06,3.922e-06,0.003922,-5.882e-05,3.663e-06,0.01961
9.906781,1.694,-0.2148,1.751e-05,3.922e-06,3.922e-06,0.003922,-5.882e-05,3.663e-06,0.01961
9.916781,1.763,-0.1562,4.67e-05,3.922e-06,3.922e-06,0.003922,-5.882e-05,3.663e-06,0.01961
9.926782,1.826,-0.09766,6.713e-05,3.922e-06,3.922e-06,0.003922,-5.882e-05,3.663e-06,0.01961
9.936783,1.924,-0.03906,7.88e-05,3.922e-06,3.922e-06,0.003922,-5.882e-05,3.663e-06,0.01961
9.946782,2.012,0.004883,9.34e-05,3.922e-06,3.922e-06,0.003922,-5.882e-05,3.663e-06,0.01961
9.956781,2.119,0.07812,6.129e-05,3.922e-06,3.922e-06,0.003922,-5.882e-05,3.663e-06,0.01961
9.966784,2.227,0.1416,6.421e-05,3.922e-06,3.922e-06,0.003922,-5.882e-05,3.663e-06,0.01961
9.976784,2.334,0.2051,2.043e-05,3.922e-06,3.922e-06,0.003922,-5.882e-05,3.663e-06,0.01961
9.986783,2.466,0.2734,-1.459e-05,3.922e-06,3.922e-06,0.003922,-5.882e-05,3.663e-06,0.01961
9.996781,2.583,0.332,-6.421e-05,3.922e-06,3.922e-06,0.003922,-5.882e-05,3.663e-06,0.01961
10.006783,2.705,0.3711,-0.0001051,3.922e-06,3.922e-06,0.003922,-5.882e-05,3.663e-06,0.01961
10.016783,2.837,0.4443,-0.0001926,3.922e-06,3.922e-06,0.003922,-5.882e-05,3.663e-06,0.01961
10.026783,2.964,0.4883,-0.0002627,3.922e-06,3.922e-06,0.003922,-5.882e-05,3.663e-06,0.01961
10.036782,3.11,0.5469,-0.0003502,3.922e-06,3.922e-06,0.003922,-5.882e-05,3.663e-06,0.01961
10.046783,3.247,0.5908,-0.0004407,3.922e-06,3.922e-06,0.003922,-5.882e-05,3.663e-06,0.01961
10.056784,3.379,0.6348,-0.0005458,3.922e-06,3.922e-06,0.003922,-5.882e-05,3.663e-06,0.01961
10.066782,3.511,0.6738,-0.0006392,3.922e-06,3.922e-06,0.003922,-5.882e-05,3.663e-06,0.01961
10.076782,3.643,0.7031,-0.0007588,3.922e-06,3.922e-06,0.003922,-5.882e-05,3.663e-06,0.01961
10.086782,3.779,0.7324,-0.0008639,3.922e-06,3.922e-06,0.003922,-5.882e-05,3.663e-06,0.01961
10.096783,3.901,0.7617,-0.0009865,3.922e-06,3.922e-06,0.003922,-5.882e-05,3.663e-06,0.01961
10.106782,3.999,0.7861,-0.001121,3.922e-06,3.922e-06,0.003922,-5.882e-05,3.663e-06,0.01961
10.116781,4.131,0.8105,-0.001249,3.922e-06,3.922e-06,0.003922,-5.882e-05,3.663e-06,0.01961
10.126782,4.233,0.8008,-0.00136,3.922e-06,3.922e-06,0.003922,-5.882e-05,3.663e-06,0.01961
10.136783,4.341,0.8105,-0.001494,3.922e-06,3.922e-06,0.003922,-5.882e-05,3.663e-06,0.01961
10.146783,4.429,0.8105,-0.00162,3.922e-06,3.922e-06,0.003922,-5.882e-05,3.663e-06,0.01961
10.156782,4.512,0.791,-0.001742,3.922e-06,3.922e-06,0.003922,-5.882e-05,3.663e-06,0.01961
10.166782,4.609,0.7861,-0.001868,3.922e-06,3.922e-06,0.003922,-5.882e-05,3.663e-06,0.01961
10.176783,4.668,0.7568,-0.001985,3.922e-06,3.922e-06,0.003922,-5.882e-05,3.663e-06,0.01961
10.186783,4.712,0.7373,-0.002101,3.922e-06,3.922e-06,0.003922,-5.882e-05,3.663e-06,0.01961
10.196782,4.751,0.7178,-0.002224,3.922e-06,3.922e-06,0.003922,-5.882e-05,3.663e-06,0.01961
10.206781,4.785,0.6738,-0.002323,3.922e-06,3.922e-06,0.003922,-5.882e-05,3.663e-06,0.01961
10.216784,4.81,0.6348,-0.002411,3.922e-06,3.922e-06,0.003922,-5.882e-05,3.663e-06,0.01961
10.226782,4.8,0.6055,-0.002522,3.922e-06,3.922e-06,0.003922,-5.882e-05,3.663e-06,0.01961
10.236782,4.81,0.542,-0.002595,3.922e-06,3.922e-06,0.003922,-5.882e-05,3.663e-06,0.01961
10.246781,4.805,0.498,-0.002676,3.922e-06,3.922e-06,0.003922,-5.882e-05,3.663e-06,0.01961
10.256783,4.771,0.4297,-0.002735,3.922e-06,3.922e-06,0.003922,-5.882e-05,3.663e-06,0.01961
10.266782,4.736,0.3906,-0.002805,3.922e-06,3.922e-06,0.003922,-5.882e-05,3.663e-06,0.01961
10.276782,4.683,0.3125,-0.002837,3.922e-06,3.922e-06,0.003922,-5.882e-05,3.663e-06,0.01961
10.286782,4.624,0.2441,-0.002869,3.922e-06,3.922e-06,0.003922,-5.882e-05,3.663e-06,0.01961
10.296782,4.556,0.1807,-0.002895,3.922e-06,3.922e-06,0.003922,-5.882e-05,3.663e-06,0.01961
10.306782,4.468,0.1025,-0.002901,3.922e-06,3.922e-06,0.003922,-5.882e-05,3.663e-06,0.01961
10.316782,4.385,0.04883,-0.00291,3.922e-06,3.922e-06,0.003922,-5.882e-05,3.663e-06,0.01961
10.326782,4.282,-0.02441,-0.002913,3.922e-06,3.922e-06,0.003922,-5.882e-05,3.663e-06,0.01961
10.336782,4.175,-0.09277,-0.002886,3.922e-06,3.922e-06,0.003922,-5.882e-05,3.663e-06,0.01961
10.346782,4.072,-0.166,-0.002851,3.922e-06,3.922e-06,0.003922,-5.882e-05,3.663e-06,0.01961
10.356782,3.95,-0.2393,-0.002811,3.922e-06,3.922e-06,0.003922,-5.882e-05,3.663e-06,0.01961
10.366781,3.813,-0.293,-0.002761,3.922e-06,3.922e-06,0.003922,-5.882e-05,3.663e-06,0.01961
10.376783,3.677,-0.3613,-0.002697,3.922e-06,3.922e-06,0.003922,-5.882e-05,3.663e-06,0.01961
10.386782,3.535,-0.4199,-0.002627,3.922e-06,3.922e-06,0.003922,-5.882e-05,3.663e-06,0.01961
10.396782,3.398,-0.4834,-0.002539,3.922e-06,3.922e-06,0.003922,-5.882e-05,3.663e-06,0.01961
10.406781,3.252,-0.5371,-0.002452,3.922e-06,3.922e-06,0.003922,-5.882e-05,3.663e-06,0.01961
10.416781,3.125,-0.5908,-0.002344,3.922e-06,3.922e-06,0.003922,-5.882e-05,3.663e-06,0.01961
10.426783,2.959,-0.6299,-0.002247,3.922e-06,3.922e-06,0.003922,-5.882e-05,3.663e-06,0.01961
10.436783,2.822,-0.6787,-0.002128,3.922e-06,3.922e-06,0.003922,-5.882e-05,3.663e-06,0.01961
10.446781,2.69,-0.7178,-0.002008,3.922e-06,3.922e-06,0.003922,-5.882e-05,3.663e-06,0.01961
10.456782,2.554,-0.7568,-0.00188,3.922e-06,3.922e-06,0.003922,-5.882e-05,3.663e-06,0.01961
10.466784,2.427,-0.7812,-0.001745,3.922e-06,3.922e-06,0.003922,-5.882e-05,3.663e-06,0.01961
10.476781,2.28,-0.7959,-0.001617,3.922e-06,3.922e-06,0.003922,-5.882e-05,3.663e-06,0.01961
10.486781,2.158,-0.8057,-0.001486,3.922e-06,3.922e-06,0.003922,-5.882e-05,3.663e-06,0.01961
10.496782,2.036,-0.8154,-0.001343,3.922e-06,3.922e-06,0.003922,-5.882e-05,3.663e-06,0.01961
10.506783,1.919,-0.835,-0.001197,3.922e-06,3.922e-06,0.003922,-5.882e-05,3.663e-06,0.01961
10.516783,1.826,-0.8105,-0.001068,3.922e-06,3.922e-06,0.003922,-5.882e-05,3.663e-06,0.01961
10.526782,1.738,-0.8252,-0.0009223,3.922e-06,3.922e-06,0.003922,-5.882e-05,3.663e-06,0.01961
10.536783,1.631,-0.8008,-0.000788,3.922e-06,3.922e-06,0.003922,-5.882e-05,3.663e-06,0.01961
10.546782,1.523,-0.7764,-0.0006596,3.922e-06,3.922e-06,0.003922,-5.882e-05,3.663e-06,0.01961
10.556783,1.401,-0.7715,-0.0005253,3.922e-06,3.922e-06,0.003922,-5.882e-05,3.663e-06,0.01961
10.566782,1.313,-0.7373,-0.0003911,3.922e-06,3.922e-06,0.003922,-5.882e-05,3.663e-06,0.01961
10.576782,1.182,-0.708,-0.0002831,3.922e-06,3.922e-06,0.003922,-5.882e-05,3.663e-06,0.01961
10.586783,1.084,-0.6543,-0.0001839,3.922e-06,3.922e-06,0.003922,-5.882e-05,3.663e-06,0.01961
10.596783,0.9814,-0.6152,-7.296e-05,3.922e-06,3.922e-06,0.003922,-5.882e-05,3.663e-06,0.01961
10.606782,0.874,-0.5908,3.502e-05,3.922e-06,3.922e-06,0.003922,-5.882e-05,3.663e-06,0.01961
10.616783,0.791,-0.5371,0.0001197,3.922e-06,3.922e-06,0.003922,-5.882e-05,3.663e-06,0.01961
10.626783,0.6934,-0.4883,0.0001926,3.922e-06,3.922e-06,0.003922,-5.882e-05,3.663e-06,0.01961
10.636783,0.6152,-0.4443,0.0002773,3.922e-06,3.922e-06,0.003922,-5.882e-05,3.663e-06,0.01961
10.646782,0.5371,-0.3906,0.0003473,3.922e-06,3.922e-06,0.003922,-5.882e-05,3.663e-06,0.01961
10.656782,0.4736,-0.3467,0.0004057,3.922e-06,3.922e-06,0.003922,-5.882e-05,3.663e-06,0.01961
10.666782,0.4297,-0.3076,0.0004699,3.922e-06,3.922e-06,0.003922,-5.882e-05,3.663e-06,0.01961
10.676784,0.3516,-0.249,0.0004962,3.922e-06,3.922e-06,0.003922,-5.882e-05,3.663e-06,0.01961
10.686783,0.3174,-0.1904,0.0005341,3.922e-06,3.922e-06,0.003922,-5.882e-05,3.663e-06,0.01961
10.696783,0.2881,-0.1416,0.0005575,3.922e-06,3.922e-06,0.003922,-5.882e-05,3.663e-06,0.01961
10.706782,0.2686,-0.09766,0.000575,3.922e-06,3.922e-06,0.003922,-5.882e-05,3.663e-06,0.01961
10.716783,0.2637,-0.04395,0.0005866,3.922e-06,3.922e-06,0.003922,-5.882e-05,3.663e-06,0.01961
10.726783,0.249,-0.004883,0.0005896,3.922e-06,3.922e-06,0.003922,-5.882e-05,3.663e-06,0.01961
10.736782,0.2832,0.04395,0.0005896,3.922e-06,3.922e-06,0.003922,-5.882e-05,3.663e-06,0.01961
10.746782,0.3125,0.08789,0.0005808,3.922e-06,3.922e-06,0.003922,-5.882e-05,3.663e-06,0.01961
10.756782,0.3369,0.1318,0.0005633,3.922e-06,3.922e-06,0.003922,-5.882e-05,3.663e-06,0.01961
10.766782,0.4053,0.1709,0.0005487,3.922e-06,3.922e-06,0.003922,-5.882e-05,3.663e-06,0.01961
10.776784,0.4541,0.2197,0.000502,3.922e-06,3.922e-06,0.003922,-5.882e-05,3.663e-06,0.01961
10.786783,0.5371,0.2539,0.0004611,3.922e-06,3.922e-06,0.003922,-5.882e-05,3.663e-06,0.01961
10.796782,0.6396,0.2979,0.0004144,3.922e-06,3.922e-06,0.003922,-5.882e-05,3.663e-06,0.01961
10.806782,0.752,0.3271,0.0003707,3.922e-06,3.922e-06,0.003922,-5.882e-05,3.663e-06,0.01961
10.816782,0.9033,0.3613,0.000324,3.922e-06,3.922e-06,0.003922,-5.882e-05,3.663e-06,0.01961
10.826782,1.03,0.3955,0.0002539,3.922e-06,3.922e-06,0.003922,-5.882e-05,3.663e-06,0.01961
10.836782,1.201,0.4297,0.0001897,3.922e-06,3.922e-06,0.003922,-5.882e-05,3.663e-06,0.01961
10.846782,1.377,0.4736,0.000108,3.922e-06,3.922e-06,0.003922,-5.882e-05,3.663e-06,0.01961
10.856782,1.572,0.4834,4.67e-05,3.922e-06,3.922e-06,0.003922,-5.882e-05,3.663e-06,0.01961
10.866782,1.792,0.5469,-5.545e-05,3.922e-06,3.922e-06,0.003922,-5.882e-05,3.663e-06,0.01961
10.876782,2.031,0.5713,-0.0001372,3.922e-06,3.922e-06,0.003922,-5.882e-05,3.663e-06,0.01961
10.886783,2.271,0.6006,-0.0002306,3.922e-06,3.922e-06,0.003922,-5.882e-05,3.663e-06,0.01961
10.896782,2.476,0.6348,-0.0003327,3.922e-06,3.922e-06,0.003922,-5.882e-05,3.663e-06,0.01961
10.906783,2.681,0.6543,-0.000432,3.922e-06,3.922e-06,0.003922,-5.882e-05,3.663e-06,0.01961
10.916781,2.861,0.6885,-0.0005341,3.922e-06,3.922e-06,0.003922,-5.882e-05,3.663e-06,0.01961
10.926782,3.047,0.7129,-0.0006508,3.922e-06,3.922e-06,0.003922,-5.882e-05,3.663e-06,0.01961
10.936782,3.237,0.7324,-0.0007559,3.922e-06,3.922e-06,0.003922,-5.882e-05,3.663e-06,0.01961
10.946782,3.403,0.7422,-0.0008727,3.922e-06,3.922e-06,0.003922,-5.882e-05,3.663e-06,0.01961
10.956783,3.55,0.752,-0.0009923,3.922e-06,3.922e-06,0.003922,-5.882e-05,3.663e-06,0.01961
10.966784,3.701,0.7617,-0.0011,3.922e-06,3.922e-06,0.003922,-5.882e-05,3.663e-06,0.01961
10.976783,3.813,0.7764,-0.001243,3.922e-06,3.922e-06,0.003922,-5.882e-05,3.663e-06,0.01961
10.986783,3.955,0.8008,-0.001378,3.922e-06,3.922e-06,0.003922,-5.882e-05,3.663e-06,0.01961
10.996783,4.072,0.7812,-0.001488,3.922e-06,3.922e-06,0.003922,-5.882e-05,3.663e-06,0.01961
11.006783,4.17,0.7666,-0.001611,3.922e-06,3.922e-06,0.003922,-5.882e-05,3.663e-06,0.01961
11.016782,4.272,0.7617,-0.001737,3.922e-06,3.922e-06,0.003922,-5.882e-05,3.663e-06,0.01961
11.026782,4.346,0.7324,-0.001842,3.922e-06,3.922e-06,0.003922,-5.882e-05,3.663e-06,0.01961
11.036782,4.414,0.7178,-0.001955,3.922e-06,3.922e-06,0.003922,-5.882e-05,3.663e-06,0.01961
11.046783,4.478,0.6934,-0.002061,3.922e-06,3.922e-06,0.003922,-5.882e-05,3.663e-06,0.01961
11.056782,4.526,0.6445,-0.002154,3.922e-06,3.922e-06,0.003922,-5.882e-05,3.663e-06,0.01961
11.066781,4.546,0.6348,-0.002265,3.922e-06,3.922e-06,0.003922,-5.882e-05,3.663e-06,0.01961
11.076782,4.57,0.5762,-0.002349,3.922e-06,3.922e-06,0.003922,-5.882e-05,3.663e-06,0.01961
11.086782,4.604,0.5469,-0.00244,3.922e-06,3.922e-06,0.003922,-5.882e-05,3.663e-06,0.01961
11.096783,4.609,0.498,-0.002513,3.922e-06,3.922e-06,0.003922,-5.882e-05,3.663e-06,0.01961
11.106783,4.604,0.4297,-0.002568,3.922e-06,3.922e-06,0.003922,-5.882e-05,3.663e-06,0.01961
11.116783,4.575,0.3857,-0.002633,3.922e-06,3.922e-06,0.003922,-5.882e-05,3.663e-06,0.01961
11.126782,4.531,0.3271,-0.002682,3.922e-06,3.922e-06,0.003922,-5.882e-05,3.663e-06,0.01961
11.136782,4.497,0.2686,-0.002714,3.922e-06,3.922e-06,0.003922,-5.882e-05,3.663e-06,0.01961
11.146782,4.443,0.2197,-0.002752,3.922e-06,3.922e-06,0.003922,-5.882e-05,3.663e-06,0.01961
11.156782,4.37,0.1514,-0.002773,3.922e-06,3.922e-06,0.003922,-5.882e-05,3.663e-06,0.01961
11.166782,4.307,0.08789,-0.002779,3.922e-06,3.922e-06,0.003922,-5.882e-05,3.663e-06,0.01961
11.176782,4.209,0.01465,-0.002779,3.922e-06,3.922e-06,0.003922,-5.882e-05,3.663e-06,0.01961
11.186782,4.136,-0.03906,-0.00277,3.922e-06,3.922e-06,0.003922,-5.882e-05,3.663e-06,0.01961
11.196782,4.033,-0.1025,-0.002749,3.922e-06,3.922e-06,0.003922,-5.882e-05,3.663e-06,0.01961
11.206781,3.921,-0.1855,-0.0027,3.922e-06,3.922e-06,0.003922,-5.882e-05,3.663e-06,0.01961
11.216783,3.818,-0.249,-0.00265,3.922e-06,3.922e-06,0.003922,-5.882e-05,3.663e-06,0.01961
11.226781,3.687,-0.3027,-0.002612,3.922e-06,3.922e-06,0.003922,-5.882e-05,3.663e-06,0.01961
11.236782,3.574,-0.3516,-0.00256,3.922e-06,3.922e-06,0.003922,-5.882e-05,3.663e-06,0.01961
11.246781,3.433,-0.4053,-0.002481,3.922e-06,3.922e-06,0.003922,-5.882e-05,3.663e-06,0.01961
11.256782,3.301,-0.459,-0.002405,3.922e-06,3.922e-06,0.003922,-5.882e-05,3.663e-06,0.01961
11.266781,3.188,-0.5029,-0.002326,3.922e-06,3.922e-06,0.003922,-5.882e-05,3.663e-06,0.01961
11.276784,3.042,-0.5615,-0.002221,3.922e-06,3.922e-06,0.003922,-5.882e-05,3.663e-06,0.01961
11.286782,2.92,-0.5908,-0.002125,3.922e-06,3.922e-06,0.003922,-5.882e-05,3.663e-06,0.01961
11.296782,2.793,-0.6348,-0.002011,3.922e-06,3.922e-06,0.003922,-5.882e-05,3.663e-06,0.01961
11.306782,2.661,-0.6738,-0.001897,3.922e-06,3.922e-06,0.003922,-5.882e-05,3.663e-06,0.01961
11.316783,2.544,-0.6885,-0.001792,3.922e-06,3.922e-06,0.003922,-5.882e-05,3.663e-06,0.01961
11.326783,2.412,-0.7275,-0.001658,3.922e-06,3.922e-06,0.003922,-5.882e-05,3.663e-06,0.01961
11.336782,2.3,-0.7324,-0.001535,3.922e-06,3.922e-06,0.003922,-5.882e-05,3.663e-06,0.01961
11.346783,2.188,-0.7471,-0.00141,3.922e-06,3.922e-06,0.003922,-5.882e-05,3.663e-06,0.01961
11.356782,2.075,-0.7568,-0.001284,3.922e-06,3.922e-06,0.003922,-5.882e-05,3.663e-06,0.01961
11.366782,1.997,-0.7422,-0.001165,3.922e-06,3.922e-06,0.003922,-5.882e-05,3.663e-06,0.01961
11.376782,1.895,-0.752,-0.001036,3.922e-06,3.922e-06,0.003922,-5.882e-05,3.663e-06,0.01961
11.386782,1.831,-0.7373,-0.0009077,3.922e-06,3.922e-06,0.003922,-5.882e-05,3.663e-06,0.01961
11.396782,1.753,-0.7178,-0.0007822,3.922e-06,3.922e-06,0.003922,-5.882e-05,3.663e-06,0.01961
11.406783,1.665,-0.7031,-0.0006654,3.922e-06,3.922e-06,0.003922,-5.882e-05,3.663e-06,0.01961
11.416782,1.602,-0.6787,-0.0005399,3.922e-06,3.922e-06,0.003922,-5.882e-05,3.663e-06,0.01961
11.426782,1.504,-0.6543,-0.000429,3.922e-06,3.922e-06,0.003922,-5.882e-05,3.663e-06,0.01961
11.436783,1.436,-0.6055,-0.0003386,3.922e-06,3.922e-06,0.003922,-5.882e-05,3.663e-06,0.01961
11.446782,1.362,-0.5762,-0.0002364,3.922e-06,3.922e-06,0.003922,-5.882e-05,3.663e-06,0.01961
11.456781,1.299,-0.5225,-0.0001518,3.922e-06,3.922e-06,0.003922,-5.882e-05,3.663e-06,0.01961
11.466783,1.24,-0.4785,-6.713e-05,3.922e-06,3.922e-06,0.003922,-5.882e-05,3.663e-06,0.01961
11.476781,1.201,-0.4443,1.167e-05,3.922e-06,3.922e-06,0.003922,-5.882e-05,3.663e-06,0.01961
11.486783,1.162,-0.3906,8.464e-05,3.922e-06,3.922e-06,0.003922,-5.882e-05,3.663e-06,0.01961
11.496782,1.138,-0.3418,0.000143,3.922e-06,3.922e-06,0.003922,-5.882e-05,3.663e-06,0.01961
11.506782,1.118,-0.293,0.0001955,3.922e-06,3.922e-06,0.003922,-5.882e-05,3.663e-06,0.01961
11.516782,1.118,-0.2441,0.0002422,3.922e-06,3.922e-06,0.003922,-5.882e-05,3.663e-06,0.01961
11.526782,1.104,-0.1953,0.0002802,3.922e-06,3.922e-06,0.003922,-5.882e-05,3.663e-06,0.01961
11.536783,1.138,-0.1318,0.0002948,3.922e-06,3.922e-06,0.003922,-5.882e-05,3.663e-06,0.01961
11.546782,1.182,-0.07812,0.0003181,3.922e-06,3.922e-06,0.003922,-5.882e-05,3.663e-06,0.01961
11.556782,1.23,-0.01465,0.0003181,3.922e-06,3.922e-06,0.003922,-5.882e-05,3.663e-06,0.01961
11.566782,1.304,0.05371,0.0003035,3.922e-06,3.922e-06,0.003922,-5.882e-05,3.663e-06,0.01961
11.576782,1.401,0.08789,0.0003152,3.922e-06,3.922e-06,0.003922,-5.882e-05,3.663e-06,0.01961
11.586782,1.523,0.1611,0.0002831,3.922e-06,3.922e-06,0.003922,-5.882e-05,3.663e-06,0.01961
11.596783,1.655,0.21,0.0002598,3.922e-06,3.922e-06,0.003922,-5.882e-05,3.663e-06,0.01961
11.606782,1.812,0.2588,0.0002247,3.922e-06,3.922e-06,0.003922,-5.882e-05,3.663e-06,0.01961
11.616782,1.978,0.3223,0.000181,3.922e-06,3.922e-06,0.003922,-5.882e-05,3.663e-06,0.01961
11.626782,2.153,0.3662,0.0001226,3.922e-06,3.922e-06,0.003922,-5.882e-05,3.663e-06,0.01961
11.636782,2.329,0.4443,4.67e-05,3.922e-06,3.922e-06,0.003922,-5.882e-05,3.663e-06,0.01961
11.646784,2.495,0.498,-3.21e-05,3.922e-06,3.922e-06,0.003922,-5.882e-05,3.663e-06,0.01961
11.656783,2.686,0.542,-0.0001138,3.922e-06,3.922e-06,0.003922,-5.882e-05,3.663e-06,0.01961
11.666781,2.842,0.6152,-0.0002218,3.922e-06,3.922e-06,0.003922,-5.882e-05,3.663e-06,0.01961
11.676783,3.013,0.6445,-0.0003123,3.922e-06,3.922e-06,0.003922,-5.882e-05,3.663e-06,0.01961
11.686782,3.179,0.6885,-0.0004144,3.922e-06,3.922e-06,0.003922,-5.882e-05,3.663e-06,0.01961
11.696781,3.35,0.7373,-0.0005341,3.922e-06,3.922e-06,0.003922,-5.882e-05,3.663e-06,0.01961
11.706781,3.501,0.7617,-0.0006479,3.922e-06,3.922e-06,0.003922,-5.882e-05,3.663e-06,0.01961
11.716782,3.667,0.7959,-0.0007676,3.922e-06,3.922e-06,0.003922,-5.882e-05,3.663e-06,0.01961
11.726782,3.799,0.8252,-0.0009048,3.922e-06,3.922e-06,0.003922,-5.882e-05,3.663e-06,0.01961
11.736784,3.945,0.8447,-0.001036,3.922e-06,3.922e-06,0.003922,-5.882e-05,3.663e-06,0.01961
11.746783,4.072,0.8594,-0.001176,3.922e-06,3.922e-06,0.003922,-5.882e-05,3.663e-06,0.01961
11.756782,4.209,0.8643,-0.00131,3.922e-06,3.922e-06,0.003922,-5.882e-05,3.663e-06,0.01961
11.766783,4.331,0.8789,-0.001451,3.922e-06,3.922e-06,0.003922,-5.882e-05,3.663e-06,0.01961
11.776782,4.429,0.874,-0.001594,3.922e-06,3.922e-06,0.003922,-5.882e-05,3.663e-06,0.01961
11.786782,4.536,0.8594,-0.001716,3.922e-06,3.922e-06,0.003922,-5.882e-05,3.663e-06,0.01961
11.796782,4.614,0.8496,-0.001853,3.922e-06,3.922e-06,0.003922,-5.882e-05,3.663e-06,0.01961
11.806783,4.683,0.8252,-0.001979,3.922e-06,3.922e-06,0.003922,-5.882e-05,3.663e-06,0.01961
11.816783,4.761,0.8057,-0.002104,3.922e-06,3.922e-06,0.003922,-5.882e-05,3.663e-06,0.01961
11.826782,4.805,0.7812,-0.002241,3.922e-06,3.922e-06,0.003922,-5.882e-05,3.663e-06,0.01961
11.836782,4.858,0.7324,-0.002347,3.922e-06,3.922e-06,0.003922,-5.882e-05,3.663e-06,0.01961
11.846783,4.883,0.7031,-0.002463,3.922e-06,3.922e-06,0.003922,-5.882e-05,3.663e-06,0.01961
11.856783,4.902,0.6543,-0.002563,3.922e-06,3.922e-06,0.003922,-5.882e-05,3.663e-06,0.01961
11.866782,4.922,0.6055,-0.002653,3.922e-06,3.922e-06,0.003922,-5.882e-05,3.663e-06,0.01961
11.876782,4.902,0.5322,-0.002726,3.922e-06,3.922e-06,0.003922,-5.882e-05,3.663e-06,0.01961
11.886783,4.883,0.4883,-0.002811,3.922e-06,3.922e-06,0.003922,-5.882e-05,3.663e-06,0.01961
11.896782,4.834,0.4199,-0.002878,3.922e-06,3.922e-06,0.003922,-5.882e-05,3.663e-06,0.01961
11.906782,4.78,0.3564,-0.002924,3.922e-06,3.922e-06,0.003922,-5.882e-05,3.663e-06,0.01961
11.916781,4.727,0.3027,-0.00298,3.922e-06,3.922e-06,0.003922,-5.882e-05,3.663e-06,0.01961
11.926783,4.663,0.2148,-0.003,3.922e-06,3.922e-06,0.003922,-5.882e-05,3.663e-06,0.01961
11.936782,4.585,0.1514,-0.003021,3.922e-06,3.922e-06,0.003922,-5.882e-05,3.663e-06,0.01961
11.946782,4.497,0.06836,-0.003024,3.922e-06,3.922e-06,0.003922,-5.882e-05,3.663e-06,0.01961
11.956782,4.385,-0.01465,-0.003015,3.922e-06,3.922e-06,0.003922,-5.882e-05,3.663e-06,0.01961
11.966783,4.268,-0.07324,-0.003003,3.922e-06,3.922e-06,0.003922,-5.882e-05,3.663e-06,0.01961
11.976783,4.15,-0.1611,-0.002965,3.922e-06,3.922e-06,0.003922,-5.882e-05,3.663e-06,0.01961
11.986782,4.033,-0.2295,-0.002924,3.922e-06,3.922e-06,0.003922,-5.882e-05,3.663e-06,0.01961
11.996781,3.892,-0.293,-0.002884,3.922e-06,3.922e-06,0.003922,-5.882e-05,3.663e-06,0.01961
12.006783,3.74,-0.3662,-0.002816,3.922e-06,3.922e-06,0.003922,-5.882e-05,3.663e-06,0.01961
12.016783,3.599,-0.4199,-0.002746,3.922e-06,3.922e-06,0.003922,-5.882e-05,3.663e-06,0.01961
12.026782,3.447,-0.498,-0.00265,3.922e-06,3.922e-06,0.003922,-5.882e-05,3.663e-06,0.01961
12.036782,3.311,-0.5518,-0.002563,3.922e-06,3.922e-06,0.003922,-5.882e-05,3.663e-06,0.01961
12.046782,3.154,-0.6152,-0.002455,3.922e-06,3.922e-06,0.003922,-5.882e-05,3.663e-06,0.01961
12.056782,2.993,-0.6689,-0.002341,3.922e-06,3.922e-06,0.003922,-5.882e-05,3.663e-06,0.01961
12.066782,2.837,-0.708,-0.002218,3.922e-06,3.922e-06,0.003922,-5.882e-05,3.663e-06,0.01961
12.076782,2.676,-0.7617,-0.002087,3.922e-06,3.922e-06,0.003922,-5.882e-05,3.663e-06,0.01961
12.086782,2.544,-0.791,-0.001955,3.922e-06,3.922e-06,0.003922,-5.882e-05,3.663e-06,0.01961
12.096783,2.397,-0.8252,-0.001818,3.922e-06,3.922e-06,0.003922,-5.882e-05,3.663e-06,0.01961
12.106782,2.246,-0.8496,-0.001681,3.922e-06,3.922e-06,0.003922,-5.882e-05,3.663e-06,0.01961
12.116782,2.134,-0.8691,-0.001529,3.922e-06,3.922e-06,0.003922,-5.882e-05,3.663e-06,0.01961
12.126781,1.992,-0.874,-0.001395,3.922e-06,3.922e-06,0.003922,-5.882e-05,3.663e-06,0.01961
12.136782,1.875,-0.8838,-0.001237,3.922e-06,3.922e-06,0.003922,-5.882e-05,3.663e-06,0.01961
12.146781,1.763,-0.8789,-0.001092,3.922e-06,3.922e-06,0.003922,-5.882e-05,3.663e-06,0.01961
12.156783,1.631,-0.8789,-0.0009398,3.922e-06,3.922e-06,0.003922,-5.882e-05,3.663e-06,0.01961
12.166782,1.519,-0.8545,-0.0007997,3.922e-06,3.922e-06,0.003922,-5.882e-05,3.663e-06,0.01961
12.176783,1.372,-0.8545,-0.0006479,3.922e-06,3.922e-06,0.003922,-5.882e-05,3.663e-06,0.01961
12.186783,1.245,-0.8154,-0.0005166,3.922e-06,3.922e-06,0.003922,-5.882e-05,3.663e-06,0.01961
12.196782,1.099,-0.7959,-0.0003765,3.922e-06,3.922e-06,0.003922,-5.882e-05,3.663e-06,0.01961
12.206781,0.9668,-0.7666,-0.000251,3.922e-06,3.922e-06,0.003922,-5.882e-05,3.663e-06,0.01961
12.216782,0.8301,-0.7324,-0.0001226,3.922e-06,3.922e-06,0.003922,-5.882e-05,3.663e-06,0.01961
12.226783,0.6787,-0.6934,-1.459e-05,3.922e-06,3.922e-06,0.003922,-5.882e-05,3.663e-06,0.01961
12.236782,0.542,-0.6543,0.000108,3.922e-06,3.922e-06,0.003922,-5.882e-05,3.663e-06,0.01961
12.246782,0.4102,-0.625,0.000216,3.922e-06,3.922e-06,0.003922,-5.882e-05,3.663e-06,0.01961
12.256783,0.2734,-0.5811,0.0003123,3.922e-06,3.922e-06,0.003922,-5.882e-05,3.663e-06,0.01961
12.266783,0.1416,-0.5078,0.0003853,3.922e-06,3.922e-06,0.003922,-5.882e-05,3.663e-06,0.01961
12.276782,0.004883,-0.4785,0.0004728,3.922e-06,3.922e-06,0.003922,-5.882e-05,3.663e-06,0.01961
12.286781,-0.1025,-0.4248,0.0005399,3.922e-06,3.922e-06,0.003922,-5.882e-05,3.663e-06,0.01961
12.296782,-0.2197,-0.3809,0.00061,3.922e-06,3.922e-06,0.003922,-5.882e-05,3.663e-06,0.01961
12.306783,-0.3369,-0.3467,0.0006713,3.922e-06,3.922e-06,0.003922,-5.882e-05,3.663e-06,0.01961
12.316783,-0.4297,-0.293,0.0007296,3.922e-06,3.922e-06,0.003922,-5.882e-05,3.663e-06,0.01961
12.326782,-0.5469,-0.2539,0.0007588,3.922e-06,3.922e-06,0.003922,-5.882e-05,3.663e-06,0.01961
12.336783,-0.6543,-0.21,0.0007968,3.922e-06,3.922e-06,0.003922,-5.882e-05,3.663e-06,0.01961
12.346783,-0.7568,-0.1709,0.0008347,3.922e-06,3.922e-06,0.003922,-5.882e-05,3.663e-06,0.01961
12.356782,-0.8545,-0.1318,0.0008551,3.922e-06,3.922e-06,0.003922,-5.882e-05,3.663e-06,0.01961
12.366782,-0.9277,-0.1025,0.0008902,3.922e-06,3.922e-06,0.003922,-5.882e-05,3.663e-06,0.01961
12.376782,-1.035,-0.06348,0.0008843,3.922e-06,3.922e-06,0.003922,-5.882e-05,3.663e-06,0.01961
12.386783,-1.108,-0.0293,0.0008989,3.922e-06,3.922e-06,0.003922,-5.882e-05,3.663e-06,0.01961
12.396782,-1.211,-0.01465,0.0009077,3.922e-06,3.922e-06,0.003922,-5.882e-05,3.663e-06,0.01961
12.406782,-1.289,0.009766,0.0009048,3.922e-06,3.922e-06,0.003922,-5.882e-05,3.663e-06,0.01961
12.416782,-1.367,0.04395,0.0008989,3.922e-06,3.922e-06,0.003922,-5.882e-05,3.663e-06,0.01961
12.426783,-1.455,0.05371,0.000896,3.922e-06,3.922e-06,0.003922,-5.882e-05,3.663e-06,0.01961
12.436783,-1.538,0.08301,0.0008756,3.922e-06,3.922e-06,0.003922,-5.882e-05,3.663e-06,0.01961
12.446782,-1.631,0.06836,0.0008756,3.922e-06,3.922e-06,0.003922,-5.882e-05,3.663e-06,0.01961
12.456781,-1.704,0.08789,0.0008522,3.922e-06,3.922e-06,0.003922,-5.882e-05,3.663e-06,0.01961
12.466783,-1.787,0.1074,0.0008376,3.922e-06,3.922e-06,0.003922,-5.882e-05,3.663e-06,0.01961
12.476784,-1.841,0.08789,0.0008318,3.922e-06,3.922e-06,0.003922,-5.882e-05,3.663e-06,0.01961
12.486782,-1.909,0.1025,0.0008143,3.922e-06,3.922e-06,0.003922,-5.882e-05,3.663e-06,0.01961
12.496782,-1.968,0.08301,0.0008085,3.922e-06,3.922e-06,0.003922,-5.882e-05,3.663e-06,0.01961
12.506782,-2.041,0.07812,0.0007939,3.922e-06,3.922e-06,0.003922,-5.882e-05,3.663e-06,0.01961
12.516783,-2.075,0.07324,0.000788,3.922e-06,3.922e-06,0.003922,-5.882e-05,3.663e-06,0.01961
12.526782,-2.129,0.06348,0.0007705,3.922e-06,3.922e-06,0.003922,-5.882e-05,3.663e-06,0.01961
12.536782,-2.183,0.06836,0.0007559,3.922e-06,3.922e-06,0.003922,-5.882e-05,3.663e-06,0.01961
12.546782,-2.236,0.05859,0.0007442,3.922e-06,3.922e-06,0.003922,-5.882e-05,3.663e-06,0.01961
12.556783,-2.295,0.03418,0.0007413,3.922e-06,3.922e-06,0.003922,-5.882e-05,3.663e-06,0.01961
12.566782,-2.334,0.01465,0.0007588,3.922e-06,3.922e-06,0.003922,-5.882e-05,3.663e-06,0.01961
12.576781,-2.388,0.004883,0.0007472,3.922e-06,3.922e-06,0.003922,-5.882e-05,3.663e-06,0.01961
12.586782,-2.427,-0.009766,0.000753,3.922e-06,3.922e-06,0.003922,-5.882e-05,3.663e-06,0.01961
12.596783,-2.48,-0.03418,0.0007676,3.922e-06,3.922e-06,0.003922,-5.882e-05,3.663e-06,0.01961
12.606782,-2.534,-0.06348,0.0007822,3.922e-06,3.922e-06,0.003922,-5.882e-05,3.663e-06,0.01961
12.616783,-2.578,-0.06348,0.0007822,3.922e-06,3.922e-06,0.003922,-5.882e-05,3.663e-06,0.01961
12.626783,-2.632,-0.09766,0.0008143,3.922e-06,3.922e-06,0.003922,-5.882e-05,3.663e-06,0.01961
12.636783,-2.686,-0.09766,0.0008143,3.922e-06,3.922e-06,0.003922,-5.882e-05,3.663e-06,0.01961
12.646783,-2.729,-0.1123,0.0008376,3.922e-06,3.922e-06,0.003922,-5.882e-05,3.663e-06,0.01961
12.656783,-2.788,-0.1367,0.0008639,3.922e-06,3.922e-06,0.003922,-5.882e-05,3.663e-06,0.01961
12.666783,-2.822,-0.1416,0.0008873,3.922e-06,3.922e-06,0.003922,-5.882e-05,3.663e-06,0.01961
12.676783,-2.891,-0.1758,0.000931,3.922e-06,3.922e-06,0.003922,-5.882e-05,3.663e-06,0.01961
12.686784,-2.925,-0.1807,0.0009602,3.922e-06,3.922e-06,0.003922,-5.882e-05,3.663e-06,0.01961
12.696782,-2.979,-0.1807,0.0009894,3.922e-06,3.922e-06,0.003922,-5.882e-05,3.663e-06,0.01961
12.706782,-3.032,-0.1953,0.001024,3.922e-06,3.922e-06,0.003922,-5.882e-05,3.663e-06,0.01961
12.716783,-3.066,-0.2148,0.001062,3.922e-06,3.922e-06,0.003922,-5.882e-05,3.663e-06,0.01961
12.726783,-3.125,-0.2295,0.001103,3.922e-06,3.922e-06,0.003922,-5.882e-05,3.663e-06,0.01961
12.736782,-3.149,-0.2246,0.001135,3.922e-06,3.922e-06,0.003922,-5.882e-05,3.663e-06,0.01961
12.746783,-3.198,-0.2295,0.001176,3.922e-06,3.922e-06,0.003922,-5.882e-05,3.663e-06,0.01961
12.756783,-3.237,-0.2393,0.001223,3.922e-06,3.922e-06,0.003922,-5.882e-05,3.663e-06,0.01961
12.766782,-3.281,-0.2344,0.001261,3.922e-06,3.922e-06,0.003922,-5.882e-05,3.663e-06,0.01961
12.776782,-3.325,-0.2441,0.00131,3.922e-06,3.922e-06,0.003922,-5.882e-05,3.663e-06,0.01961
12.786781,-3.335,-0.2393,0.001345,3.922e-06,3.922e-06,0.003922,-5.882e-05,3.663e-06,0.01961
12.796782,-3.369,-0.2295,0.001383,3.922e-06,3.922e-06,0.003922,-5.882e-05,3.663e-06,0.01961
12.806783,-3.394,-0.2197,0.001418,3.922e-06,3.922e-06,0.003922,-5.882e-05,3.663e-06,0.01961
12.816783,-3.408,-0.21,0.001459,3.922e-06,3.922e-06,0.003922,-5.882e-05,3.663e-06,0.01961
12.826782,-3.438,-0.2197,0.0015,3.922e-06,3.922e-06,0.003922,-5.882e-05,3.663e-06,0.01961
12.836782,-3.442,-0.2002,0.001532,3.922e-06,3.922e-06,0.003922,-5.882e-05,3.663e-06,0.01961
12.846783,-3.452,-0.1904,0.001567,3.922e-06,3.922e-06,0.003922,-5.882e-05,3.663e-06,0.01961
12.856781,-3.457,-0.1807,0.001605,3.922e-06,3.922e-06,0.003922,-5.882e-05,3.663e-06,0.01961
12.866782,-3.447,-0.1562,0.001629,3.922e-06,3.922e-06,0.003922,-5.882e-05,3.663e-06,0.01961
12.876782,-3.462,-0.1514,0.001655,3.922e-06,3.922e-06,0.003922,-5.882e-05,3.663e-06,0.01961
12.886782,-3.462,-0.1221,0.001675,3.922e-06,3.922e-06,0.003922,-5.882e-05,3.663e-06,0.01961
12.896782,-3.447,-0.1025,0.001693,3.922e-06,3.922e-06,0.003922,-5.882e-05,3.663e-06,0.01961
12.906782,-3.438,-0.08301,0.00171,3.922e-06,3.922e-06,0.003922,-5.882e-05,3.663e-06,0.01961
12.916781,-3.408,-0.06348,0.001728,3.922e-06,3.922e-06,0.003922,-5.882e-05,3.663e-06,0.01961
12.926783,-3.398,-0.04395,0.001728,3.922e-06,3.922e-06,0.003922,-5.882e-05,3.663e-06,0.01961
12.936781,-3.364,-0.02441,0.001745,3.922e-06,3.922e-06,0.003922,-5.882e-05,3.663e-06,0.01961
12.946782,-3.34,-0.004883,0.001751,3.922e-06,3.922e-06,0.003922,-5.882e-05,3.663e-06,0.01961
12.956782,-3.32,0.01465,0.001751,3.922e-06,3.922e-06,0.003922,-5.882e-05,3.663e-06,0.01961
12.966782,-3.267,0.0293,0.00176,3.922e-06,3.922e-06,0.003922,-5.882e-05,3.663e-06,0.01961
12.976784,-3.247,0.05371,0.001742,3.922e-06,3.922e-06,0.003922,-5.882e-05,3.663e-06,0.01961
12.986781,-3.218,0.08789,0.001725,3.922e-06,3.922e-06,0.003922,-5.882e-05,3.663e-06,0.01961
12.996783,-3.174,0.1172,0.001704,3.922e-06,3.922e-06,0.003922,-5.882e-05,3.663e-06,0.01961
13.006783,-3.145,0.1416,0.001681,3.922e-06,3.922e-06,0.003922,-5.882e-05,3.663e-06,0.01961
13.016782,-3.081,0.1562,0.001664,3.922e-06,3.922e-06,0.003922,-5.882e-05,3.663e-06,0.01961
13.026782,-3.042,0.1611,0.001649,3.922e-06,3.922e-06,0.003922,-5.882e-05,3.663e-06,0.01961
13.036782,-2.993,0.1953,0.001611,3.922e-06,3.922e-06,0.003922,-5.882e-05,3.663e-06,0.01961
13.046782,-2.949,0.2002,0.001594,3.922e-06,3.922e-06,0.003922,-5.882e-05,3.663e-06,0.01961
13.056783,-2.91,0.2197,0.001556,3.922e-06,3.922e-06,0.003922,-5.882e-05,3.663e-06,0.01961
13.066783,-2.856,0.2441,0.001521,3.922e-06,3.922e-06,0.003922,-5.882e-05,3.663e-06,0.01961
13.076783,-2.827,0.249,0.001477,3.922e-06,3.922e-06,0.003922,-5.882e-05,3.663e-06,0.01961
13.086783,-2.773,0.2637,0.001439,3.922e-06,3.922e-06,0.003922,-5.882e-05,3.663e-06,0.01961
13.096783,-2.729,0.2881,0.001389,3.922e-06,3.922e-06,0.003922,-5.882e-05,3.663e-06,0.01961
13.106783,-2.69,0.2783,0.001354,3.922e-06,3.922e-06,0.003922,-5.882e-05,3.663e-06,0.01961
13.116783,-2.642,0.2979,0.001308,3.922e-06,3.922e-06,0.003922,-5.882e-05,3.663e-06,0.01961
13.126781,-2.612,0.3027,0.001252,3.922e-06,3.922e-06,0.003922,-5.882e-05,3.663e-06,0.01961
13.136783,-2.568,0.2881,0.001232,3.922e-06,3.922e-06,0.003922,-5.882e-05,3.663e-06,0.01961
13.146782,-2.539,0.2979,0.001182,3.922e-06,3.922e-06,0.003922,-5.882e-05,3.663e-06,0.01961
13.156782,-2.51,0.293,0.001141,3.922e-06,3.922e-06,0.003922,-5.882e-05,3.663e-06,0.01961
13.166782,-2.485,0.293,0.001094,3.922e-06,3.922e-06,0.003922,-5.882e-05,3.663e-06,0.01961
13.176783,-2.48,0.2783,0.001054,3.922e-06,3.922e-06,0.003922,-5.882e-05,3.663e-06,0.01961
13.186782,-2.437,0.2832,0.001007,3.922e-06,3.922e-06,0.003922,-5.882e-05,3.663e-06,0.01961
13.196782,-2.427,0.2734,0.0009661,3.922e-06,3.922e-06,0.003922,-5.882e-05,3.663e-06,0.01961
13.206782,-2.417,0.2588,0.0009281,3.922e-06,3.922e-06,0.003922,-5.882e-05,3.663e-06,0.01961
13.216783,-2.402,0.249,0.0008902,3.922e-06,3.922e-06,0.003922,-5.882e-05,3.663e-06,0.01961
13.226782,-2.393,0.2197,0.000861,3.922e-06,3.922e-06,0.003922,-5.882e-05,3.663e-06,0.01961
13.236782,-2.388,0.2051,0.0008376,3.922e-06,3.922e-06,0.003922,-5.882e-05,3.663e-06,0.01961
13.246783,-2.402,0.1904,0.0008055,3.922e-06,3.922e-06,0.003922,-5.882e-05,3.663e-06,0.01961
13.256783,-2.412,0.1758,0.0007734,3.922e-06,3.922e-06,0.003922,-5.882e-05,3.663e-06,0.01961
13.266782,-2.417,0.1562,0.0007618,3.922e-06,3.922e-06,0.003922,-5.882e-05,3.663e-06,0.01961
13.276782,-2.432,0.1172,0.000753,3.922e-06,3.922e-06,0.003922,-5.882e-05,3.663e-06,0.01961
13.286782,-2.461,0.1172,0.0007238,3.922e-06,3.922e-06,0.003922,-5.882e-05,3.663e-06,0.01961
13.296782,-2.48,0.08789,0.0007121,3.922e-06,3.922e-06,0.003922,-5.882e-05,3.663e-06,0.01961
13.306782,-2.5,0.05859,0.0007092,3.922e-06,3.922e-06,0.003922,-5.882e-05,3.663e-06,0.01961
13.316783,-2.52,0.03418,0.0007063,3.922e-06,3.922e-06,0.003922,-5.882e-05,3.663e-06,0.01961
13.326782,-2.573,0.004883,0.000718,3.922e-06,3.922e-06,0.003922,-5.882e-05,3.663e-06,0.01961
13.336782,-2.603,-0.01953,0.0007238,3.922e-06,3.922e-06,0.003922,-5.882e-05,3.663e-06,0.01961
13.346783,-2.646,-0.03906,0.0007151,3.922e-06,3.922e-06,0.003922,-5.882e-05,3.663e-06,0.01961
13.356782,-2.695,-0.05859,0.0007355,3.922e-06,3.922e-06,0.003922,-5.882e-05,3.663e-06,0.01961
13.366784,-2.734,-0.07324,0.0007472,3.922e-06,3.922e-06,0.003922,-5.882e-05,3.663e-06,0.01961
13.376783,-2.788,-0.1123,0.0007822,3.922e-06,3.922e-06,0.003922,-5.882e-05,3.663e-06,0.01961
13.386782,-2.822,-0.1221,0.0007968,3.922e-06,3.922e-06,0.003922,-5.882e-05,3.663e-06,0.01961
13.396783,-2.876,-0.1514,0.000823,3.922e-06,3.922e-06,0.003922,-5.882e-05,3.663e-06,0.01961
13.406782,-2.93,-0.1709,0.0008581,3.922e-06,3.922e-06,0.003922,-5.882e-05,3.663e-06,0.01961
13.416782,-2.964,-0.1904,0.0008989,3.922e-06,3.922e-06,0.003922,-5.882e-05,3.663e-06,0.01961
13.426783,-3.008,-0.2148,0.000931,3.922e-06,3.922e-06,0.003922,-5.882e-05,3.663e-06,0.01961
13.436782,-3.071,-0.2197,0.0009631,3.922e-06,3.922e-06,0.003922,-5.882e-05,3.663e-06,0.01961
13.446783,-3.135,-0.2344,0.001016,3.922e-06,3.922e-06,0.003922,-5.882e-05,3.663e-06,0.01961
13.456781,-3.169,-0.249,0.001054,3.922e-06,3.922e-06,0.003922,-5.882e-05,3.663e-06,0.01961
13.466782,-3.218,-0.2539,0.0011,3.922e-06,3.922e-06,0.003922,-5.882e-05,3.663e-06,0.01961
13.476782,-3.262,-0.2734,0.00115,3.922e-06,3.922e-06,0.003922,-5.882e-05,3.663e-06,0.01961
13.486782,-3.306,-0.2734,0.001197,3.922e-06,3.922e-06,0.003922,-5.882e-05,3.663e-06,0.01961
13.496781,-3.35,-0.2783,0.001243,3.922e-06,3.922e-06,0.003922,-5.882e-05,3.663e-06,0.01961
13.506782,-3.398,-0.2832,0.001293,3.922e-06,3.922e-06,0.003922,-5.882e-05,3.663e-06,0.01961
13.516782,-3.418,-0.2832,0.001348,3.922e-06,3.922e-06,0.003922,-5.882e-05,3.663e-06,0.01961
13.526783,-3.472,-0.2686,0.00138,3.922e-06,3.922e-06,0.003922,-5.882e-05,3.663e-06,0.01961
13.536781,-3.491,-0.2637,0.00143,3.922e-06,3.922e-06,0.003922,-5.882e-05,3.663e-06,0.01961
13.546782,-3.521,-0.2588,0.001483,3.922e-06,3.922e-06,0.003922,-5.882e-05,3.663e-06,0.01961
13.556782,-3.55,-0.2637,0.001526,3.922e-06,3.922e-06,0.003922,-5.882e-05,3.663e-06,0.01961
13.566782,-3.55,-0.2393,0.001567,3.922e-06,3.922e-06,0.003922,-5.882e-05,3.663e-06,0.01961
13.576782,-3.589,-0.2344,0.001608,3.922e-06,3.922e-06,0.003922,-5.882e-05,3.663e-06,0.01961
13.586781,-3.564,-0.2197,0.001655,3.922e-06,3.922e-06,0.003922,-5.882e-05,3.663e-06,0.01961
13.596783,-3.574,-0.2051,0.001693,3.922e-06,3.922e-06,0.003922,-5.882e-05,3.663e-06,0.01961
13.606782,-3.584,-0.1855,0.001722,3.922e-06,3.922e-06,0.003922,-5.882e-05,3.663e-06,0.01961
13.616783,-3.564,-0.1709,0.001763,3.922e-06,3.922e-06,0.003922,-5.882e-05,3.663e-06,0.01961
13.626782,-3.574,-0.1465,0.00178,3.922e-06,3.922e-06,0.003922,-5.882e-05,3.663e-06,0.01961
13.636782,-3.55,-0.1123,0.001801,3.922e-06,3.922e-06,0.003922,-5.882e-05,3.663e-06,0.01961
13.646782,-3.535,-0.1074,0.001824,3.922e-06,3.922e-06,0.003922,-5.882e-05,3.663e-06,0.01961
13.656782,-3.516,-0.06348,0.001827,3.922e-06,3.922e-06,0.003922,-5.882e-05,3.663e-06,0.01961
13.666782,-3.491,-0.03906,0.001839,3.922e-06,3.922e-06,0.003922,-5.882e-05,3.663e-06,0.01961
13.676782,-3.462,-0.01953,0.001845,3.922e-06,3.922e-06,0.003922,-5.882e-05,3.663e-06,0.01961
13.686782,-3.418,0.009766,0.001853,3.922e-06,3.922e-06,0.003922,-5.882e-05,3.663e-06,0.01961
13.696782,-3.389,0.0293,0.001853,3.922e-06,3.922e-06,0.003922,-5.882e-05,3.663e-06,0.01961
13.706782,-3.34,0.06348,0.001842,3.922e-06,3.922e-06,0.003922,-5.882e-05,3.663e-06,0.01961
13.716783,-3.296,0.09766,0.00183,3.922e-06,3.922e-06,0.003922,-5.882e-05,3.663e-06,0.01961
13.726783,-3.276,0.127,0.001798,3.922e-06,3.922e-06,0.003922,-5.882e-05,3.663e-06,0.01961
13.736782,-3.208,0.1416,0.001792,3.922e-06,3.922e-06,0.003922,-5.882e-05,3.663e-06,0.01961
13.746781,-3.149,0.1709,0.001769,3.922e-06,3.922e-06,0.003922,-5.882e-05,3.663e-06,0.01961
13.756783,-3.096,0.1904,0.001742,3.922e-06,3.922e-06,0.003922,-5.882e-05,3.663e-06,0.01961
13.766782,-3.032,0.2148,0.001716,3.922e-06,3.922e-06,0.003922,-5.882e-05,3.663e-06,0.01961
13.776782,-3.018,0.2393,0.001672,3.922e-06,3.922e-06,0.003922,-5.882e-05,3.663e-06,0.01961
13.786781,-2.939,0.249,0.001649,3.922e-06,3.922e-06,0.003922,-5.882e-05,3.663e-06,0.01961
13.796782,-2.891,0.2686,0.001605,3.922e-06,3.922e-06,0.003922,-5.882e-05,3.663e-06,0.01961
13.806782,-2.832,0.2979,0.001547,3.922e-06,3.922e-06,0.003922,-5.882e-05,3.663e-06,0.01961
13.816782,-2.773,0.3076,0.001515,3.922e-06,3.922e-06,0.003922,-5.882e-05,3.663e-06,0.01961
13.826783,-2.729,0.3271,0.001448,3.922e-06,3.922e-06,0.003922,-5.882e-05,3.663e-06,0.01961
13.836782,-2.666,0.332,0.00141,3.922e-06,3.922e-06,0.003922,-5.882e-05,3.663e-06,0.01961
13.846781,-2.622,0.3369,0.001366,3.922e-06,3.922e-06,0.003922,-5.882e-05,3.663e-06,0.01961
13.856783,-2.573,0.3369,0.001313,3.922e-06,3.922e-06,0.003922,-5.882e-05,3.663e-06,0.01961
13.866783,-2.524,0.3564,0.001255,3.922e-06,3.922e-06,0.003922,-5.882e-05,3.663e-06,0.01961
13.876783,-2.476,0.3369,0.001214,3.922e-06,3.922e-06,0.003922,-5.882e-05,3.663e-06,0.01961
13.886782,-2.446,0.3418,0.001159,3.922e-06,3.922e-06,0.003922,-5.882e-05,3.663e-06,0.01961
13.896782,-2.417,0.3418,0.0011,3.922e-06,3.922e-06,0.003922,-5.882e-05,3.663e-06,0.01961
13.906783,-2.388,0.3418,0.001042,3.922e-06,3.922e-06,0.003922,-5.882e-05,3.663e-06,0.01961
13.916781,-2.358,0.3467,0.0009806,3.922e-06,3.922e-06,0.003922,-5.882e-05,3.663e-06,0.01961
13.926783,-2.339,0.332,0.000931,3.922e-06,3.922e-06,0.003922,-5.882e-05,3.663e-06,0.01961
13.936783,-2.31,0.3223,0.0008873,3.922e-06,3.922e-06,0.003922,-5.882e-05,3.663e-06,0.01961
13.946783,-2.295,0.293,0.0008551,3.922e-06,3.922e-06,0.003922,-5.882e-05,3.663e-06,0.01961
13.956781,-2.29,0.2783,0.0008114,3.922e-06,3.922e-06,0.003922,-5.882e-05,3.663e-06,0.01961
13.966782,-2.285,0.2686,0.0007618,3.922e-06,3.922e-06,0.003922,-5.882e-05,3.663e-06,0.01961
13.976783,-2.3,0.2441,0.0007238,3.922e-06,3.922e-06,0.003922,-5.882e-05,3.663e-06,0.01961
13.986783,-2.295,0.2148,0.0007063,3.922e-06,3.922e-06,0.003922,-5.882e-05,3.663e-06,0.01961
13.996782,-2.305,0.2002,0.0006684,3.922e-06,3.922e-06,0.003922,-5.882e-05,3.663e-06,0.01961
14.006783,-2.324,0.1758,0.0006479,3.922e-06,3.922e-06,0.003922,-5.882e-05,3.663e-06,0.01961
14.016783,-2.324,0.1465,0.0006363,3.922e-06,3.922e-06,0.003922,-5.882e-05,3.663e-06,0.01961
14.026782,-2.378,0.1172,0.0006129,3.922e-06,3.922e-06,0.003922,-5.882e-05,3.663e-06,0.01961
14.036782,-2.393,0.09766,0.0005983,3.922e-06,3.922e-06,0.003922,-5.882e-05,3.663e-06,0.01961
14.046782,-2.417,0.04883,0.0006071,3.922e-06,3.922e-06,0.003922,-5.882e-05,3.663e-06,0.01961
14.056782,-2.461,0.02441,0.0006012,3.922e-06,3.922e-06,0.003922,-5.882e-05,3.663e-06,0.01961
14.066783,-2.51,0.009766,0.0006012,3.922e-06,3.922e-06,0.003922,-5.882e-05,3.663e-06,0.01961
14.076782,-2.554,-0.03418,0.0006129,3.922e-06,3.922e-06,0.003922,-5.882e-05,3.663e-06,0.01961
14.086782,-2.593,-0.04883,0.0006158,3.922e-06,3.922e-06,0.003922,-5.882e-05,3.663e-06,0.01961
14.096782,-2.661,-0.08301,0.0006363,3.922e-06,3.922e-06,0.003922,-5.882e-05,3.663e-06,0.01961
14.106783,-2.705,-0.1172,0.0006625,3.922e-06,3.922e-06,0.003922,-5.882e-05,3.663e-06,0.01961
14.116782,-2.764,-0.127,0.0006771,3.922e-06,3.922e-06,0.003922,-5.882e-05,3.663e-06,0.01961
14.126782,-2.822,-0.1758,0.0007238,3.922e-06,3.922e-06,0.003922,-5.882e-05,3.663e-06,0.01961
14.136783,-2.871,-0.1904,0.0007501,3.922e-06,3.922e-06,0.003922,-5.882e-05,3.663e-06,0.01961
14.146783,-2.939,-0.2148,0.000788,3.922e-06,3.922e-06,0.003922,-5.882e-05,3.663e-06,0.01961
14.156783,-3.008,-0.2441,0.0008406,3.922e-06,3.922e-06,0.003922,-5.882e-05,3.663e-06,0.01961
14.166782,-3.057,-0.2588,0.0008902,3.922e-06,3.922e-06,0.003922,-5.882e-05,3.663e-06,0.01961
14.176783,-3.115,-0.2832,0.000934,3.922e-06,3.922e-06,0.003922,-5.882e-05,3.663e-06,0.01961
14.186783,-3.174,-0.2881,0.0009836,3.922e-06,3.922e-06,0.003922,-5.882e-05,3.663e-06,0.01961
14.196782,-3.242,-0.2979,0.001027,3.922e-06,3.922e-06,0.003922,-5.882e-05,3.663e-06,0.01961
14.206782,-3.296,-0.3174,0.001089,3.922e-06,3.922e-06,0.003922,-5.882e-05,3.663e-06,0.01961
14.216784,-3.345,-0.3223,0.001141,3.922e-06,3.922e-06,0.003922,-5.882e-05,3.663e-06,0.01961
14.226783,-3.418,-0.3271,0.001205,3.922e-06,3.922e-06,0.003922,-5.882e-05,3.663e-06,0.01961
14.236782,-3.452,-0.3369,0.001264,3.922e-06,3.922e-06,0.003922,-5.882e-05,3.663e-06,0.01961
14.246781,-3.501,-0.3369,0.001313,3.922e-06,3.922e-06,0.003922,-5.882e-05,3.663e-06,0.01961
14.256782,-3.545,-0.3418,0.001386,3.922e-06,3.922e-06,0.003922,-5.882e-05,3.663e-06,0.01961
14.266784,-3.574,-0.3369,0.001448,3.922e-06,3.922e-06,0.003922,-5.882e-05,3.663e-06,0.01961
14.276782,-3.633,-0.3174,0.001483,3.922e-06,3.922e-06,0.003922,-5.882e-05,3.663e-06,0.01961
14.286782,-3.633,-0.3076,0.00155,3.922e-06,3.922e-06,0.003922,-5.882e-05,3.663e-06,0.01961
14.296782,-3.667,-0.3027,0.001599,3.922e-06,3.922e-06,0.003922,-5.882e-05,3.663e-06,0.01961
14.306783,-3.677,-0.293,0.001655,3.922e-06,3.922e-06,0.003922,-5.882e-05,3.663e-06,0.01961
14.316783,-3.691,-0.2783,0.001704,3.922e-06,3.922e-06,0.003922,-5.882e-05,3.663e-06,0.01961
14.326782,-3.701,-0.2734,0.001757,3.922e-06,3.922e-06,0.003922,-5.882e-05,3.663e-06,0.01961
14.336782,-3.706,-0.2393,0.001798,3.922e-06,3.922e-06,0.003922,-5.882e-05,3.663e-06,0.01961
14.346782,-3.711,-0.2197,0.001839,3.922e-06,3.922e-06,0.003922,-5.882e-05,3.663e-06,0.01961
14.356781,-3.706,-0.1904,0.001865,3.922e-06,3.922e-06,0.003922,-5.882e-05,3.663e-06,0.01961
14.366781,-3.687,-0.1514,0.001885,3.922e-06,3.922e-06,0.003922,-5.882e-05,3.663e-06,0.01961
14.376782,-3.662,-0.1514,0.001932,3.922e-06,3.922e-06,0.003922,-5.882e-05,3.663e-06,0.01961
14.386783,-3.638,-0.1025,0.001941,3.922e-06,3.922e-06,0.003922,-5.882e-05,3.663e-06,0.01961
14.396783,-3.618,-0.07324,0.001953,3.922e-06,3.922e-06,0.003922,-5.882e-05,3.663e-06,0.01961
14.406782,-3.579,-0.04883,0.001967,3.922e-06,3.922e-06,0.003922,-5.882e-05,3.663e-06,0.01961
14.416782,-3.535,-0.009766,0.001976,3.922e-06,3.922e-06,0.003922,-5.882e-05,3.663e-06,0.01961
14.426783,-3.521,0.02441,0.00197,3.922e-06,3.922e-06,0.003922,-5.882e-05,3.663e-06,0.01961
14.436783,-3.447,0.04883,0.001973,3.922e-06,3.922e-06,0.003922,-5.882e-05,3.663e-06,0.01961
14.446782,-3.408,0.07812,0.001964,3.922e-06,3.922e-06,0.003922,-5.882e-05,3.663e-06,0.01961
14.456781,-3.354,0.1172,0.001947,3.922e-06,3.922e-06,0.003922,-5.882e-05,3.663e-06,0.01961
14.466784,-3.296,0.1514,0.001926,3.922e-06,3.922e-06,0.003922,-5.882e-05,3.663e-06,0.01961
14.476783,-3.252,0.1855,0.001891,3.922e-06,3.922e-06,0.003922,-5.882e-05,3.663e-06,0.01961
14.486782,-3.164,0.2051,0.001868,3.922e-06,3.922e-06,0.003922,-5.882e-05,3.663e-06,0.01961
14.49678,-3.101,0.2295,0.001842,3.922e-06,3.922e-06,0.003922,-5.882e-05,3.663e-06,0.01961
14.506782,-3.052,0.2637,0.001795,3.922e-06,3.922e-06,0.003922,-5.882e-05,3.663e-06,0.01961
14.516782,-2.974,0.293,0.001757,3.922e-06,3.922e-06,0.003922,-5.882e-05,3.663e-06,0.01961
14.526782,-2.896,0.2979,0.001713,3.922e-06,3.922e-06,0.003922,-5.882e-05,3.663e-06,0.01961
14.536782,-2.856,0.3369,0.001652,3.922e-06,3.922e-06,0.003922,-5.882e-05,3.663e-06,0.01961
14.546782,-2.788,0.3516,0.001596,3.922e-06,3.922e-06,0.003922,-5.882e-05,3.663e-06,0.01961
14.556782,-2.72,0.3711,0.001544,3.922e-06,3.922e-06,0.003922,-5.882e-05,3.663e-06,0.01961
14.566783,-2.651,0.4004,0.001477,3.922e-06,3.922e-06,0.003922,-5.882e-05,3.663e-06,0.01961
14.576782,-2.603,0.4004,0.001418,3.922e-06,3.922e-06,0.003922,-5.882e-05,3.663e-06,0.01961
14.586782,-2.52,0.415,0.001357,3.922e-06,3.922e-06,0.003922,-5.882e-05,3.663e-06,0.01961
14.596783,-2.471,0.4053,0.001305,3.922e-06,3.922e-06,0.003922,-5.882e-05,3.663e-06,0.01961
14.606782,-2.412,0.415,0.001235,3.922e-06,3.922e-06,0.003922,-5.882e-05,3.663e-06,0.01961
14.616782,-2.368,0.4248,0.001167,3.922e-06,3.922e-06,0.003922,-5.882e-05,3.663e-06,0.01961
14.626782,-2.329,0.415,0.001097,3.922e-06,3.922e-06,0.003922,-5.882e-05,3.663e-06,0.01961
14.636783,-2.285,0.415,0.001045,3.922e-06,3.922e-06,0.003922,-5.882e-05,3.663e-06,0.01961
14.646782,-2.256,0.415,0.0009719,3.922e-06,3.922e-06,0.003922,-5.882e-05,3.663e-06,0.01961
14.656782,-2.217,0.3809,0.0009252,3.922e-06,3.922e-06,0.003922,-5.882e-05,3.663e-06,0.01961
14.666781,-2.197,0.3906,0.0008551,3.922e-06,3.922e-06,0.003922,-5.882e-05,3.663e-06,0.01961
14.676784,-2.173,0.3662,0.0007997,3.922e-06,3.922e-06,0.003922,-5.882e-05,3.663e-06,0.01961
14.686782,-2.144,0.3516,0.0007472,3.922e-06,3.922e-06,0.003922,-5.882e-05,3.663e-06,0.01961
14.696782,-2.144,0.3223,0.0007063,3.922e-06,3.922e-06,0.003922,-5.882e-05,3.663e-06,0.01961
14.706782,-2.139,0.2979,0.0006596,3.922e-06,3.922e-06,0.003922,-5.882e-05,3.663e-06,0.01961
14.716784,-2.144,0.2783,0.0006217,3.922e-06,3.922e-06,0.003922,-5.882e-05,3.663e-06,0.01961
14.726783,-2.158,0.2393,0.0005837,3.922e-06,3.922e-06,0.003922,-5.882e-05,3.663e-06,0.01961
14.736782,-2.163,0.2246,0.0005399,3.922e-06,3.922e-06,0.003922,-5.882e-05,3.663e-06,0.01961
14.746781,-2.192,0.1855,0.0005195,3.922e-06,3.922e-06,0.003922,-5.882e-05,3.663e-06,0.01961
14.756783,-2.222,0.1709,0.0004874,3.922e-06,3.922e-06,0.003922,-5.882e-05,3.663e-06,0.01961
14.766783,-2.256,0.1367,0.0004699,3.922e-06,3.922e-06,0.003922,-5.882e-05,3.663e-06,0.01961
14.776781,-2.295,0.08789,0.0004728,3.922e-06,3.922e-06,0.003922,-5.882e-05,3.663e-06,0.01961
14.786782,-2.319,0.04883,0.0004699,3.922e-06,3.922e-06,0.003922,-5.882e-05,3.663e-06,0.01961
14.796783,-2.378,0.01465,0.0004641,3.922e-06,3.922e-06,0.003922,-5.882e-05,3.663e-06,0.01961
14.806783,-2.432,-0.02441,0.0004641,3.922e-06,3.922e-06,0.003922,-5.882e-05,3.663e-06,0.01961
14.816782,-2.48,-0.04395,0.0004786,3.922e-06,3.922e-06,0.003922,-5.882e-05,3.663e-06,0.01961
14.826781,-2.549,-0.08789,0.0004903,3.922e-06,3.922e-06,0.003922,-5.882e-05,3.663e-06,0.01961
14.836782,-2.612,-0.1123,0.0005195,3.922e-06,3.922e-06,0.003922,-5.882e-05,3.663e-06,0.01961
14.846781,-2.676,-0.1514,0.0005429,3.922e-06,3.922e-06,0.003922,-5.882e-05,3.663e-06,0.01961
14.856781,-2.739,-0.1855,0.0005837,3.922e-06,3.922e-06,0.003922,-5.882e-05,3.663e-06,0.01961
14.866782,-2.803,-0.2197,0.0006246,3.922e-06,3.922e-06,0.003922,-5.882e-05,3.663e-06,0.01961
14.876782,-2.886,-0.2539,0.0006713,3.922e-06,3.922e-06,0.003922,-5.882e-05,3.663e-06,0.01961
14.886783,-2.959,-0.2686,0.0007151,3.922e-06,3.922e-06,0.003922,-5.882e-05,3.663e-06,0.01961
14.896782,-3.037,-0.3027,0.0007676,3.922e-06,3.922e-06,0.003922,-5.882e-05,3.663e-06,0.01961
14.906782,-3.115,-0.3174,0.0008201,3.922e-06,3.922e-06,0.003922,-5.882e-05,3.663e-06,0.01961
14.916781,-3.184,-0.332,0.0008814,3.922e-06,3.922e-06,0.003922,-5.882e-05,3.663e-06,0.01961
14.926782,-3.247,-0.3711,0.0009515,3.922e-06,3.922e-06,0.003922,-5.882e-05,3.663e-06,0.01961
14.936783,-3.315,-0.376,0.00101,3.922e-06,3.922e-06,0.003922,-5.882e-05,3.663e-06,0.01961
14.946781,-3.389,-0.3955,0.001074,3.922e-06,3.922e-06,0.003922,-5.882e-05,3.663e-06,0.01961
14.956782,-3.452,-0.4004,0.001141,3.922e-06,3.922e-06,0.003922,-5.882e-05,3.663e-06,0.01961
14.966783,-3.511,-0.4102,0.001217,3.922e-06,3.922e-06,0.003922,-5.882e-05,3.663e-06,0.01961
14.976783,-3.574,-0.415,0.001296,3.922e-06,3.922e-06,0.003922,-5.882e-05,3.663e-06,0.01961
14.986782,-3.618,-0.415,0.00136,3.922e-06,3.922e-06,0.003922,-5.882e-05,3.663e-06,0.01961
14.996782,-3.687,-0.4102,0.001433,3.922e-06,3.922e-06,0.003922,-5.882e-05,3.663e-06,0.01961
15.006783,-3.726,-0.4053,0.001497,3.922e-06,3.922e-06,0.003922,-5.882e-05,3.663e-06,0.01961
15.016782,-3.75,-0.3955,0.001567,3.922e-06,3.922e-06,0.003922,-5.882e-05,3.663e-06,0.01961
15.026782,-3.799,-0.376,0.001629,3.922e-06,3.922e-06,0.003922,-5.882e-05,3.663e-06,0.01961
15.036782,-3.818,-0.3662,0.001699,3.922e-06,3.922e-06,0.003922,-5.882e-05,3.663e-06,0.01961
15.046782,-3.843,-0.3516,0.001757,3.922e-06,3.922e-06,0.003922,-5.882e-05,3.663e-06,0.01961
15.056783,-3.857,-0.332,0.001812,3.922e-06,3.922e-06,0.003922,-5.882e-05,3.663e-06,0.01961
15.066781,-3.853,-0.3076,0.001877,3.922e-06,3.922e-06,0.003922,-5.882e-05,3.663e-06,0.01961
15.076782,-3.867,-0.2832,0.001918,3.922e-06,3.922e-06,0.003922,-5.882e-05,3.663e-06,0.01961
15.086782,-3.848,-0.2539,0.001976,3.922e-06,3.922e-06,0.003922,-5.882e-05,3.663e-06,0.01961
15.096782,-3.857,-0.2246,0.002005,3.922e-06,3.922e-06,0.003922,-5.882e-05,3.663e-06,0.01961
15.106782,-3.843,-0.1855,0.002031,3.922e-06,3.922e-06,0.003922,-5.882e-05,3.663e-06,0.01961
15.116782,-3.813,-0.1562,0.002069,3.922e-06,3.922e-06,0.003922,-5.882e-05,3.663e-06,0.01961
15.126783,-3.799,-0.1074,0.002075,3.922e-06,3.922e-06,0.003922,-5.882e-05,3.663e-06,0.01961
15.136782,-3.735,-0.08301,0.00211,3.922e-06,3.922e-06,0.003922,-5.882e-05,3.663e-06,0.01961
15.146782,-3.701,-0.05371,0.002119,3.922e-06,3.922e-06,0.003922,-5.882e-05,3.663e-06,0.01961
15.156781,-3.652,-0.009766,0.002125,3.922e-06,3.922e-06,0.003922,-5.882e-05,3.663e-06,0.01961
15.166783,-3.594,0.01953,0.002133,3.922e-06,3.922e-06,0.003922,-5.882e-05,3.663e-06,0.01961
15.176782,-3.525,0.05371,0.002128,3.922e-06,3.922e-06,0.003922,-5.882e-05,3.663e-06,0.01961
15.186783,-3.472,0.1074,0.002107,3.922e-06,3.922e-06,0.003922,-5.882e-05,3.663e-06,0.01961
15.196781,-3.418,0.1465,0.002078,3.922e-06,3.922e-06,0.003922,-5.882e-05,3.663e-06,0.01961
15.206782,-3.34,0.1855,0.002052,3.922e-06,3.922e-06,0.003922,-5.882e-05,3.663e-06,0.01961
15.216783,-3.271,0.2246,0.002026,3.922e-06,3.922e-06,0.003922,-5.882e-05,3.663e-06,0.01961
15.226783,-3.203,0.249,0.00199,3.922e-06,3.922e-06,0.003922,-5.882e-05,3.663e-06,0.01961
15.236782,-3.12,0.3076,0.001932,3.922e-06,3.922e-06,0.003922,-5.882e-05,3.663e-06,0.01961
15.246782,-3.032,0.3271,0.001888,3.922e-06,3.922e-06,0.003922,-5.882e-05,3.663e-06,0.01961
15.256782,-2.954,0.3467,0.001842,3.922e-06,3.922e-06,0.003922,-5.882e-05,3.663e-06,0.01961
15.266781,-2.866,0.376,0.001783,3.922e-06,3.922e-06,0.003922,-5.882e-05,3.663e-06,0.01961
15.276782,-2.783,0.3809,0.001734,3.922e-06,3.922e-06,0.003922,-5.882e-05,3.663e-06,0.01961
15.286782,-2.71,0.4297,0.001652,3.922e-06,3.922e-06,0.003922,-5.882e-05,3.663e-06,0.01961
15.296783,-2.637,0.4395,0.001588,3.922e-06,3.922e-06,0.003922,-5.882e-05,3.663e-06,0.01961
15.306782,-2.563,0.459,0.001512,3.922e-06,3.922e-06,0.003922,-5.882e-05,3.663e-06,0.01961
15.316782,-2.485,0.4883,0.001427,3.922e-06,3.922e-06,0.003922,-5.882e-05,3.663e-06,0.01961
15.326782,-2.427,0.4932,0.001354,3.922e-06,3.922e-06,0.003922,-5.882e-05,3.663e-06,0.01961
15.336782,-2.334,0.498,0.001284,3.922e-06,3.922e-06,0.003922,-5.882e-05,3.663e-06,0.01961
15.346783,-2.28,0.498,0.0012,3.922e-06,3.922e-06,0.003922,-5.882e-05,3.663e-06,0.01961
15.356782,-2.222,0.498,0.001127,3.922e-06,3.922e-06,0.003922,-5.882e-05,3.663e-06,0.01961
15.366782,-2.178,0.5029,0.001045,3.922e-06,3.922e-06,0.003922,-5.882e-05,3.663e-06,0.01961
15.376782,-2.124,0.4785,0.000969,3.922e-06,3.922e-06,0.003922,-5.882e-05,3.663e-06,0.01961
15.386782,-2.075,0.4785,0.0009048,3.922e-06,3.922e-06,0.003922,-5.882e-05,3.663e-06,0.01961
15.396782,-2.046,0.4639,0.000826,3.922e-06,3.922e-06,0.003922,-5.882e-05,3.663e-06,0.01961
15.406782,-2.017,0.4541,0.000753,3.922e-06,3.922e-06,0.003922,-5.882e-05,3.663e-06,0.01961
15.416782,-1.992,0.4346,0.0006917,3.922e-06,3.922e-06,0.003922,-5.882e-05,3.663e-06,0.01961
15.426783,-1.982,0.3955,0.0006304,3.922e-06,3.922e-06,0.003922,-5.882e-05,3.663e-06,0.01961
15.436782,-1.978,0.3906,0.0005662,3.922e-06,3.922e-06,0.003922,-5.882e-05,3.663e-06,0.01961
15.446782,-1.968,0.3467,0.0005166,3.922e-06,3.922e-06,0.003922,-5.882e-05,3.663e-06,0.01961
15.456782,-1.978,0.3174,0.000467,3.922e-06,3.922e-06,0.003922,-5.882e-05,3.663e-06,0.01961
15.466783,-1.992,0.2881,0.0004203,3.922e-06,3.922e-06,0.003922,-5.882e-05,3.663e-06,0.01961
15.476781,-2.017,0.2441,0.0003882,3.922e-06,3.922e-06,0.003922,-5.882e-05,3.663e-06,0.01961
15.486782,-2.041,0.2246,0.0003502,3.922e-06,3.922e-06,0.003922,-5.882e-05,3.663e-06,0.01961
15.496782,-2.075,0.1709,0.0003298,3.922e-06,3.922e-06,0.003922,-5.882e-05,3.663e-06,0.01961
15.506783,-2.114,0.1416,0.0003065,3.922e-06,3.922e-06,0.003922,-5.882e-05,3.663e-06,0.01961
15.516782,-2.163,0.1025,0.0002977,3.922e-06,3.922e-06,0.003922,-5.882e-05,3.663e-06,0.01961
15.526782,-2.217,0.04395,0.000286,3.922e-06,3.922e-06,0.003922,-5.882e-05,3.663e-06,0.01961
15.536784,-2.275,0.01465,0.0002919,3.922e-06,3.922e-06,0.003922,-5.882e-05,3.663e-06,0.01961
15.546782,-2.344,-0.03418,0.0003065,3.922e-06,3.922e-06,0.003922,-5.882e-05,3.663e-06,0.01961
15.556782,-2.412,-0.08301,0.0003152,3.922e-06,3.922e-06,0.003922,-5.882e-05,3.663e-06,0.01961
15.566782,-2.49,-0.1172,0.0003502,3.922e-06,3.922e-06,0.003922,-5.882e-05,3.663e-06,0.01961
15.576782,-2.568,-0.1709,0.0003853,3.922e-06,3.922e-06,0.003922,-5.882e-05,3.663e-06,0.01961
15.586782,-2.637,-0.2002,0.0004115,3.922e-06,3.922e-06,0.003922,-5.882e-05,3.663e-06,0.01961
15.596782,-2.734,-0.2393,0.0004524,3.922e-06,3.922e-06,0.003922,-5.882e-05,3.663e-06,0.01961
15.606783,-2.812,-0.2832,0.0005078,3.922e-06,3.922e-06,0.003922,-5.882e-05,3.663e-06,0.01961
15.616783,-2.9,-0.3076,0.0005575,3.922e-06,3.922e-06,0.003922,-5.882e-05,3.663e-06,0.01961
15.626783,-2.993,-0.3564,0.0006275,3.922e-06,3.922e-06,0.003922,-5.882e-05,3.663e-06,0.01961
15.636783,-3.066,-0.376,0.0006888,3.922e-06,3.922e-06,0.003922,-5.882e-05,3.663e-06,0.01961
15.646782,-3.169,-0.4102,0.0007618,3.922e-06,3.922e-06,0.003922,-5.882e-05,3.663e-06,0.01961
15.656781,-3.262,-0.4248,0.000823,3.922e-06,3.922e-06,0.003922,-5.882e-05,3.663e-06,0.01961
15.666784,-3.345,-0.4492,0.0009106,3.922e-06,3.922e-06,0.003922,-5.882e-05,3.663e-06,0.01961
15.676782,-3.433,-0.4639,0.0009865,3.922e-06,3.922e-06,0.003922,-5.882e-05,3.663e-06,0.01961
15.686782,-3.501,-0.4736,0.001062,3.922e-06,3.922e-06,0.003922,-5.882e-05,3.663e-06,0.01961
15.696783,-3.599,-0.4834,0.001141,3.922e-06,3.922e-06,0.003922,-5.882e-05,3.663e-06,0.01961
15.706782,-3.652,-0.498,0.001235,3.922e-06,3.922e-06,0.003922,-5.882e-05,3.663e-06,0.01961
15.716782,-3.716,-0.498,0.001325,3.922e-06,3.922e-06,0.003922,-5.882e-05,3.663e-06,0.01961
15.726782,-3.774,-0.5176,0.001424,3.922e-06,3.922e-06,0.003922,-5.882e-05,3.663e-06,0.01961
15.736782,-3.843,-0.4932,0.001497,3.922e-06,3.922e-06,0.003922,-5.882e-05,3.663e-06,0.01961
15.746782,-3.896,-0.4932,0.001585,3.922e-06,3.922e-06,0.003922,-5.882e-05,3.663e-06,0.01961
15.756782,-3.936,-0.4785,0.001658,3.922e-06,3.922e-06,0.003922,-5.882e-05,3.663e-06,0.01961
15.766782,-3.97,-0.4541,0.001737,3.922e-06,3.922e-06,0.003922,-5.882e-05,3.663e-06,0.01961
15.776783,-4.009,-0.4395,0.001807,3.922e-06,3.922e-06,0.003922,-5.882e-05,3.663e-06,0.01961
15.786781,-4.023,-0.4199,0.001888,3.922e-06,3.922e-06,0.003922,-5.882e-05,3.663e-06,0.01961
15.796782,-4.048,-0.4004,0.001953,3.922e-06,3.922e-06,0.003922,-5.882e-05,3.663e-06,0.01961
15.806782,-4.062,-0.3662,0.00202,3.922e-06,3.922e-06,0.003922,-5.882e-05,3.663e-06,0.01961
15.816781,-4.043,-0.3271,0.002078,3.922e-06,3.922e-06,0.003922,-5.882e-05,3.663e-06,0.01961
15.826782,-4.048,-0.3027,0.002131,3.922e-06,3.922e-06,0.003922,-5.882e-05,3.663e-06,0.01961
15.836782,-4.019,-0.2637,0.00218,3.922e-06,3.922e-06,0.003922,-5.882e-05,3.663e-06,0.01961
15.846783,-4.009,-0.2246,0.002218,3.922e-06,3.922e-06,0.003922,-5.882e-05,3.663e-06,0.01961
15.856782,-3.97,-0.1709,0.002236,3.922e-06,3.922e-06,0.003922,-5.882e-05,3.663e-06,0.01961
15.866783,-3.926,-0.1172,0.002256,3.922e-06,3.922e-06,0.003922,-5.882e-05,3.663e-06,0.01961
15.876782,-3.892,-0.09766,0.002297,3.922e-06,3.922e-06,0.003922,-5.882e-05,3.663e-06,0.01961
15.886783,-3.823,-0.04395,0.002306,3.922e-06,3.922e-06,0.003922,-5.882e-05,3.663e-06,0.01961
15.896783,-3.77,0.0,0.002309,3.922e-06,3.922e-06,0.003922,-5.882e-05,3.663e-06,0.01961
15.906782,-3.706,0.04395,0.002306,3.922e-06,3.922e-06,0.003922,-5.882e-05,3.663e-06,0.01961
15.916782,-3.628,0.09766,0.002291,3.922e-06,3.922e-06,0.003922,-5.882e-05,3.663e-06,0.01961
15.926783,-3.56,0.1367,0.002277,3.922e-06,3.922e-06,0.003922,-5.882e-05,3.663e-06,0.01961
15.936782,-3.477,0.1904,0.002247,3.922e-06,3.922e-06,0.003922,-5.882e-05,3.663e-06,0.01961
15.946783,-3.394,0.2344,0.002209,3.922e-06,3.922e-06,0.003922,-5.882e-05,3.663e-06,0.01961
15.956782,-3.306,0.2783,0.002166,3.922e-06,3.922e-06,0.003922,-5.882e-05,3.663e-06,0.01961
15.966782,-3.198,0.3271,0.002116,3.922e-06,3.922e-06,0.003922,-5.882e-05,3.663e-06,0.01961
15.976782,-3.105,0.3467,0.002075,3.922e-06,3.922e-06,0.003922,-5.882e-05,3.663e-06,0.01961
15.986782,-3.008,0.4004,0.002002,3.922e-06,3.922e-06,0.003922,-5.882e-05,3.663e-06,0.01961
15.996781,-2.915,0.4199,0.001944,3.922e-06,3.922e-06,0.003922,-5.882e-05,3.663e-06,0.01961
16.006781,-2.817,0.459,0.001871,3.922e-06,3.922e-06,0.003922,-5.882e-05,3.663e-06,0.01961
16.016781,-2.72,0.5029,0.001786,3.922e-06,3.922e-06,0.003922,-5.882e-05,3.663e-06,0.01961
16.026783,-2.627,0.5078,0.001713,3.922e-06,3.922e-06,0.003922,-5.882e-05,3.663e-06,0.01961
16.036783,-2.52,0.542,0.001629,3.922e-06,3.922e-06,0.003922,-5.882e-05,3.663e-06,0.01961
16.046782,-2.451,0.5566,0.001535,3.922e-06,3.922e-06,0.003922,-5.882e-05,3.663e-06,0.01961
16.056782,-2.354,0.5811,0.001442,3.922e-06,3.922e-06,0.003922,-5.882e-05,3.663e-06,0.01961
16.066784,-2.275,0.6006,0.001343,3.922e-06,3.922e-06,0.003922,-5.882e-05,3.663e-06,0.01961
16.076782,-2.192,0.5957,0.001255,3.922e-06,3.922e-06,0.003922,-5.882e-05,3.663e-06,0.01961
16.086782,-2.119,0.6104,0.001156,3.922e-06,3.922e-06,0.003922,-5.882e-05,3.663e-06,0.01961
16.096783,-2.056,0.5908,0.001068,3.922e-06,3.922e-06,0.003922,-5.882e-05,3.663e-06,0.01961
16.106783,-1.992,0.5908,0.0009748,3.922e-06,3.922e-06,0.003922,-5.882e-05,3.663e-06,0.01961
16.116783,-1.924,0.5762,0.0008931,3.922e-06,3.922e-06,0.003922,-5.882e-05,3.663e-06,0.01961
16.126781,-1.895,0.5859,0.0007793,3.922e-06,3.922e-06,0.003922,-5.882e-05,3.663e-06,0.01961
16.136782,-1.846,0.5615,0.0007034,3.922e-06,3.922e-06,0.003922,-5.882e-05,3.663e-06,0.01961
16.146782,-1.816,0.5322,0.0006246,3.922e-06,3.922e-06,0.003922,-5.882e-05,3.663e-06,0.01961
16.156782,-1.792,0.5029,0.0005429,3.922e-06,3.922e-06,0.003922,-5.882e-05,3.663e-06,0.01961
16.16678,-1.763,0.4785,0.0004699,3.922e-06,3.922e-06,0.003922,-5.882e-05,3.663e-06,0.01961
16.176783,-1.763,0.4395,0.0004028,3.922e-06,3.922e-06,0.003922,-5.882e-05,3.663e-06,0.01961
16.186783,-1.763,0.4199,0.0003386,3.922e-06,3.922e-06,0.003922,-5.882e-05,3.663e-06,0.01961
16.196783,-1.768,0.3711,0.0002831,3.922e-06,3.922e-06,0.003922,-5.882e-05,3.663e-06,0.01961
16.206781,-1.792,0.332,0.0002306,3.922e-06,3.922e-06,0.003922,-5.882e-05,3.663e-06,0.01961
16.216782,-1.816,0.293,0.0001897,3.922e-06,3.922e-06,0.003922,-5.882e-05,3.663e-06,0.01961
16.226782,-1.855,0.2344,0.0001576,3.922e-06,3.922e-06,0.003922,-5.882e-05,3.663e-06,0.01961
16.236782,-1.89,0.2051,0.0001167,3.922e-06,3.922e-06,0.003922,-5.882e-05,3.663e-06,0.01961
16.246782,-1.958,0.1416,0.000108,3.922e-06,3.922e-06,0.003922,-5.882e-05,3.663e-06,0.01961
16.256783,-2.012,0.08789,9.923e-05,3.922e-06,3.922e-06,0.003922,-5.882e-05,3.663e-06,0.01961
16.266783,-2.07,0.0293,0.0001022,3.922e-06,3.922e-06,0.003922,-5.882e-05,3.663e-06,0.01961
16.276783,-2.153,-0.01465,9.923e-05,3.922e-06,3.922e-06,0.003922,-5.882e-05,3.663e-06,0.01961
16.286783,-2.217,-0.06348,0.0001197,3.922e-06,3.922e-06,0.003922,-5.882e-05,3.663e-06,0.01961
16.296782,-2.319,-0.1172,0.000143,3.922e-06,3.922e-06,0.003922,-5.882e-05,3.663e-06,0.01961
16.306782,-2.422,-0.1611,0.0001634,3.922e-06,3.922e-06,0.003922,-5.882e-05,3.663e-06,0.01961
16.316782,-2.51,-0.21,0.0002101,3.922e-06,3.922e-06,0.003922,-5.882e-05,3.663e-06,0.01961
16.326782,-2.598,-0.2637,0.0002539,3.922e-06,3.922e-06,0.003922,-5.882e-05,3.663e-06,0.01961
16.336782,-2.7,-0.3076,0.0003094,3.922e-06,3.922e-06,0.003922,-5.882e-05,3.663e-06,0.01961
16.346783,-2.817,-0.3564,0.0003677,3.922e-06,3.922e-06,0.003922,-5.882e-05,3.663e-06,0.01961
16.356783,-2.925,-0.3955,0.0004378,3.922e-06,3.922e-06,0.003922,-5.882e-05,3.663e-06,0.01961
16.366783,-3.027,-0.4199,0.0005049,3.922e-06,3.922e-06,0.003922,-5.882e-05,3.663e-06,0.01961
16.376783,-3.145,-0.4736,0.0005954,3.922e-06,3.922e-06,0.003922,-5.882e-05,3.663e-06,0.01961
16.386782,-3.228,-0.498,0.0006859,3.922e-06,3.922e-06,0.003922,-5.882e-05,3.663e-06,0.01961
16.396782,-3.35,-0.5273,0.0007676,3.922e-06,3.922e-06,0.003922,-5.882e-05,3.663e-06,0.01961
16.406782,-3.452,-0.5518,0.0008581,3.922e-06,3.922e-06,0.003922,-5.882e-05,3.663e-06,0.01961
16.416782,-3.545,-0.5664,0.0009515,3.922e-06,3.922e-06,0.003922,-5.882e-05,3.663e-06,0.01961
16.426783,-3.652,-0.5908,0.001048,3.922e-06,3.922e-06,0.003922,-5.882e-05,3.663e-06,0.01961
16.436783,-3.73,-0.6006,0.001162,3.922e-06,3.922e-06,0.003922,-5.882e-05,3.663e-06,0.01961
16.446783,-3.823,-0.6104,0.001267,3.922e-06,3.922e-06,0.003922,-5.882e-05,3.663e-06,0.01961
16.456781,-3.916,-0.6152,0.001369,3.922e-06,3.922e-06,0.003922,-5.882e-05,3.663e-06,0.01961
16.466782,-3.97,-0.6055,0.001471,3.922e-06,3.922e-06,0.003922,-5.882e-05,3.663e-06,0.01961
16.476784,-4.033,-0.6104,0.001576,3.922e-06,3.922e-06,0.003922,-5.882e-05,3.663e-06,0.01961
16.486782,-4.097,-0.5957,0.001684,3.922e-06,3.922e-06,0.003922,-5.882e-05,3.663e-06,0.01961
16.496782,-4.155,-0.5762,0.001772,3.922e-06,3.922e-06,0.003922,-5.882e-05,3.663e-06,0.01961
16.506783,-4.199,-0.5566,0.001859,3.922e-06,3.922e-06,0.003922,-5.882e-05,3.663e-06,0.01961
16.516783,-4.229,-0.5371,0.001958,3.922e-06,3.922e-06,0.003922,-5.882e-05,3.663e-06,0.01961
16.526781,-4.253,-0.5029,0.002037,3.922e-06,3.922e-06,0.003922,-5.882e-05,3.663e-06,0.01961
16.536783,-4.253,-0.4785,0.002131,3.922e-06,3.922e-06,0.003922,-5.882e-05,3.663e-06,0.01961
16.546783,-4.277,-0.4395,0.002195,3.922e-06,3.922e-06,0.003922,-5.882e-05,3.663e-06,0.01961
16.556782,-4.277,-0.4004,0.002268,3.922e-06,3.922e-06,0.003922,-5.882e-05,3.663e-06,0.01961
16.566782,-4.248,-0.3564,0.002329,3.922e-06,3.922e-06,0.003922,-5.882e-05,3.663e-06,0.01961
16.576782,-4.243,-0.3027,0.002379,3.922e-06,3.922e-06,0.003922,-5.882e-05,3.663e-06,0.01961
16.586782,-4.194,-0.2637,0.002431,3.922e-06,3.922e-06,0.003922,-5.882e-05,3.663e-06,0.01961
16.596783,-4.18,-0.21,0.002463,3.922e-06,3.922e-06,0.003922,-5.882e-05,3.663e-06,0.01961
16.606783,-4.126,-0.1514,0.00249,3.922e-06,3.922e-06,0.003922,-5.882e-05,3.663e-06,0.01961
16.616783,-4.062,-0.09766,0.00251,3.922e-06,3.922e-06,0.003922,-5.882e-05,3.663e-06,0.01961
16.626781,-3.999,-0.04395,0.002522,3.922e-06,3.922e-06,0.003922,-5.882e-05,3.663e-06,0.01961
16.636782,-3.896,0.01953,0.002519,3.922e-06,3.922e-06,0.003922,-5.882e-05,3.663e-06,0.01961
16.646782,-3.838,0.06836,0.002504,3.922e-06,3.922e-06,0.003922,-5.882e-05,3.663e-06,0.01961
16.656782,-3.755,0.1221,0.002498,3.922e-06,3.922e-06,0.003922,-5.882e-05,3.663e-06,0.01961
16.666782,-3.643,0.1807,0.002484,3.922e-06,3.922e-06,0.003922,-5.882e-05,3.663e-06,0.01961
16.676783,-3.564,0.2344,0.002434,3.922e-06,3.922e-06,0.003922,-5.882e-05,3.663e-06,0.01961
16.686783,-3.457,0.3076,0.00239,3.922e-06,3.922e-06,0.003922,-5.882e-05,3.663e-06,0.01961
16.696783,-3.345,0.3418,0.002341,3.922e-06,3.922e-06,0.003922,-5.882e-05,3.663e-06,0.01961
16.706781,-3.228,0.3906,0.002282,3.922e-06,3.922e-06,0.003922,-5.882e-05,3.663e-06,0.01961
16.716782,-3.105,0.4443,0.002212,3.922e-06,3.922e-06,0.003922,-5.882e-05,3.663e-06,0.01961
16.726782,-2.998,0.4883,0.002128,3.922e-06,3.922e-06,0.003922,-5.882e-05,3.663e-06,0.01961
16.736782,-2.866,0.5273,0.002061,3.922e-06,3.922e-06,0.003922,-5.882e-05,3.663e-06,0.01961
16.746782,-2.744,0.5615,0.001973,3.922e-06,3.922e-06,0.003922,-5.882e-05,3.663e-06,0.01961
16.756783,-2.642,0.5908,0.001877,3.922e-06,3.922e-06,0.003922,-5.882e-05,3.663e-06,0.01961
16.766783,-2.529,0.6299,0.001772,3.922e-06,3.922e-06,0.003922,-5.882e-05,3.663e-06,0.01961
16.776781,-2.422,0.6445,0.001684,3.922e-06,3.922e-06,0.003922,-5.882e-05,3.663e-06,0.01961
16.786783,-2.305,0.6885,0.001561,3.922e-06,3.922e-06,0.003922,-5.882e-05,3.663e-06,0.01961
16.796782,-2.212,0.6982,0.001456,3.922e-06,3.922e-06,0.003922,-5.882e-05,3.663e-06,0.01961
16.806782,-2.109,0.708,0.001345,3.922e-06,3.922e-06,0.003922,-5.882e-05,3.663e-06,0.01961
16.816784,-2.012,0.7227,0.001229,3.922e-06,3.922e-06,0.003922,-5.882e-05,3.663e-06,0.01961
16.826784,-1.919,0.708,0.001118,3.922e-06,3.922e-06,0.003922,-5.882e-05,3.663e-06,0.01961
16.836782,-1.826,0.7129,0.001007,3.922e-06,3.922e-06,0.003922,-5.882e-05,3.663e-06,0.01961
16.846783,-1.768,0.708,0.0008902,3.922e-06,3.922e-06,0.003922,-5.882e-05,3.663e-06,0.01961
16.856783,-1.694,0.6934,0.0007851,3.922e-06,3.922e-06,0.003922,-5.882e-05,3.663e-06,0.01961
16.866781,-1.65,0.6836,0.0006713,3.922e-06,3.922e-06,0.003922,-5.882e-05,3.663e-06,0.01961
16.876781,-1.597,0.6494,0.000572,3.922e-06,3.922e-06,0.003922,-5.882e-05,3.663e-06,0.01961
16.886782,-1.548,0.6396,0.000467,3.922e-06,3.922e-06,0.003922,-5.882e-05,3.663e-06,0.01961
16.896784,-1.514,0.6006,0.0003677,3.922e-06,3.922e-06,0.003922,-5.882e-05,3.663e-06,0.01961
16.906782,-1.475,0.5762,0.0002773,3.922e-06,3.922e-06,0.003922,-5.882e-05,3.663e-06,0.01961
16.916782,-1.445,0.5225,0.0002043,3.922e-06,3.922e-06,0.003922,-5.882e-05,3.663e-06,0.01961
16.926783,-1.426,0.4736,0.0001255,3.922e-06,3.922e-06,0.003922,-5.882e-05,3.663e-06,0.01961
16.936783,-1.411,0.4395,5.837e-05,3.922e-06,3.922e-06,0.003922,-5.882e-05,3.663e-06,0.01961
16.946783,-1.421,0.3857,8.756e-06,3.922e-06,3.922e-06,0.003922,-5.882e-05,3.663e-06,0.01961
16.956781,-1.431,0.332,-3.21e-05,3.922e-06,3.922e-06,0.003922,-5.882e-05,3.663e-06,0.01961
16.966784,-1.465,0.2832,-8.172e-05,3.922e-06,3.922e-06,0.003922,-5.882e-05,3.663e-06,0.01961
16.976782,-1.509,0.2246,-0.0001226,3.922e-06,3.922e-06,0.003922,-5.882e-05,3.663e-06,0.01961
16.986782,-1.553,0.1709,-0.000143,3.922e-06,3.922e-06,0.003922,-5.882e-05,3.663e-06,0.01961
16.996782,-1.65,0.1221,-0.0001693,3.922e-06,3.922e-06,0.003922,-5.882e-05,3.663e-06,0.01961
17.006783,-1.738,0.06348,-0.0001751,3.922e-06,3.922e-06,0.003922,-5.882e-05,3.663e-06,0.01961
17.016783,-1.831,-0.004883,-0.0001664,3.922e-06,3.922e-06,0.003922,-5.882e-05,3.663e-06,0.01961
17.026783,-1.948,-0.06836,-0.0001547,3.922e-06,3.922e-06,0.003922,-5.882e-05,3.663e-06,0.01961
17.036781,-2.041,-0.1221,-0.0001284,3.922e-06,3.922e-06,0.003922,-5.882e-05,3.663e-06,0.01961
17.046782,-2.163,-0.1904,-9.048e-05,3.922e-06,3.922e-06,0.003922,-5.882e-05,3.663e-06,0.01961
17.056782,-2.285,-0.2441,-4.086e-05,3.922e-06,3.922e-06,0.003922,-5.882e-05,3.663e-06,0.01961
17.066782,-2.412,-0.3076,1.167e-05,3.922e-06,3.922e-06,0.003922,-5.882e-05,3.663e-06,0.01961
17.076782,-2.544,-0.3564,5.545e-05,3.922e-06,3.922e-06,0.003922,-5.882e-05,3.663e-06,0.01961
17.086782,-2.671,-0.4004,0.0001255,3.922e-06,3.922e-06,0.003922,-5.882e-05,3.663e-06,0.01961
17.096781,-2.808,-0.459,0.0002072,3.922e-06,3.922e-06,0.003922,-5.882e-05,3.663e-06,0.01961
17.106783,-2.935,-0.5078,0.0002977,3.922e-06,3.922e-06,0.003922,-5.882e-05,3.663e-06,0.01961
17.116781,-3.062,-0.5615,0.0003969,3.922e-06,3.922e-06,0.003922,-5.882e-05,3.663e-06,0.01961
17.126781,-3.208,-0.6006,0.0004962,3.922e-06,3.922e-06,0.003922,-5.882e-05,3.663e-06,0.01961
17.136782,-3.34,-0.6299,0.0006041,3.922e-06,3.922e-06,0.003922,-5.882e-05,3.663e-06,0.01961
17.146782,-3.467,-0.6641,0.0007151,3.922e-06,3.922e-06,0.003922,-5.882e-05,3.663e-06,0.01961
17.156782,-3.589,-0.6982,0.0008376,3.922e-06,3.922e-06,0.003922,-5.882e-05,3.663e-06,0.01961
17.166782,-3.711,-0.708,0.0009456,3.922e-06,3.922e-06,0.003922,-5.882e-05,3.663e-06,0.01961
17.176783,-3.833,-0.7275,0.001062,3.922e-06,3.922e-06,0.003922,-5.882e-05,3.663e-06,0.01961
17.186783,-3.916,-0.7373,0.0012,3.922e-06,3.922e-06,0.003922,-5.882e-05,3.663e-06,0.01961
17.196783,-4.043,-0.7471,0.001322,3.922e-06,3.922e-06,0.003922,-5.882e-05,3.663e-06,0.01961
17.206781,-4.136,-0.7422,0.001442,3.922e-06,3.922e-06,0.003922,-5.882e-05,3.663e-06,0.01961
17.216782,-4.219,-0.7422,0.00157,3.922e-06,3.922e-06,0.003922,-5.882e-05,3.663e-06,0.01961
17.226782,-4.302,-0.7324,0.001696,3.922e-06,3.922e-06,0.003922,-5.882e-05,3.663e-06,0.01961
17.236782,-4.365,-0.7129,0.001812,3.922e-06,3.922e-06,0.003922,-5.882e-05,3.663e-06,0.01961
17.246782,-4.429,-0.6934,0.001938,3.922e-06,3.922e-06,0.003922,-5.882e-05,3.663e-06,0.01961
17.256783,-4.473,-0.6641,0.002043,3.922e-06,3.922e-06,0.003922,-5.882e-05,3.663e-06,0.01961
17.266783,-4.507,-0.6348,0.002157,3.922e-06,3.922e-06,0.003922,-5.882e-05,3.663e-06,0.01961
17.276781,-4.536,-0.6006,0.00225,3.922e-06,3.922e-06,0.003922,-5.882e-05,3.663e-06,0.01961
17.286783,-4.556,-0.542,0.002338,3.922e-06,3.922e-06,0.003922,-5.882e-05,3.663e-06,0.01961
17.296782,-4.551,-0.5127,0.002431,3.922e-06,3.922e-06,0.003922,-5.882e-05,3.663e-06,0.01961
17.306782,-4.531,-0.4639,0.002519,3.922e-06,3.922e-06,0.003922,-5.882e-05,3.663e-06,0.01961
17.316782,-4.526,-0.4053,0.002583,3.922e-06,3.922e-06,0.003922,-5.882e-05,3.663e-06,0.01961
17.326782,-4.497,-0.3613,0.002656,3.922e-06,3.922e-06,0.003922,-5.882e-05,3.663e-06,0.01961
17.336782,-4.448,-0.2832,0.002685,3.922e-06,3.922e-06,0.003922,-5.882e-05,3.663e-06,0.01961
17.346783,-4.395,-0.2197,0.002726,3.922e-06,3.922e-06,0.003922,-5.882e-05,3.663e-06,0.01961
17.356781,-4.331,-0.1465,0.002755,3.922e-06,3.922e-06,0.003922,-5.882e-05,3.663e-06,0.01961
17.366781,-4.253,-0.09277,0.002781,3.922e-06,3.922e-06,0.003922,-5.882e-05,3.663e-06,0.01961
17.376781,-4.165,-0.0293,0.00279,3.922e-06,3.922e-06,0.003922,-5.882e-05,3.663e-06,0.01961
17.386784,-4.058,0.03906,0.00279,3.922e-06,3.922e-06,0.003922,-5.882e-05,3.663e-06,0.01961
17.396784,-3.97,0.1074,0.002767,3.922e-06,3.922e-06,0.003922,-5.882e-05,3.663e-06,0.01961
17.406782,-3.848,0.1807,0.002746,3.922e-06,3.922e-06,0.003922,-5.882e-05,3.663e-06,0.01961
17.416782,-3.74,0.249,0.002711,3.922e-06,3.922e-06,0.003922,-5.882e-05,3.663e-06,0.01961
17.426783,-3.618,0.3027,0.002671,3.922e-06,3.922e-06,0.003922,-5.882e-05,3.663e-06,0.01961
17.436783,-3.491,0.376,0.002609,3.922e-06,3.922e-06,0.003922,-5.882e-05,3.663e-06,0.01961
17.446783,-3.359,0.4346,0.002539,3.922e-06,3.922e-06,0.003922,-5.882e-05,3.663e-06,0.01961
17.456783,-3.228,0.4932,0.002466,3.922e-06,3.922e-06,0.003922,-5.882e-05,3.663e-06,0.01961
17.466784,-3.076,0.5615,0.002367,3.922e-06,3.922e-06,0.003922,-5.882e-05,3.663e-06,0.01961
17.476782,-2.944,0.6152,0.002274,3.922e-06,3.922e-06,0.003922,-5.882e-05,3.663e-06,0.01961
17.486782,-2.798,0.6494,0.002186,3.922e-06,3.922e-06,0.003922,-5.882e-05,3.663e-06,0.01961
17.496782,-2.661,0.6934,0.002069,3.922e-06,3.922e-06,0.003922,-5.882e-05,3.663e-06,0.01961
17.506783,-2.51,0.7324,0.001955,3.922e-06,3.922e-06,0.003922,-5.882e-05,3.663e-06,0.01961
17.516783,-2.368,0.7715,0.001833,3.922e-06,3.922e-06,0.003922,-5.882e-05,3.663e-06,0.01961
17.526783,-2.241,0.7959,0.001704,3.922e-06,3.922e-06,0.003922,-5.882e-05,3.663e-06,0.01961
17.536783,-2.104,0.835,0.001564,3.922e-06,3.922e-06,0.003922,-5.882e-05,3.663e-06,0.01961
17.546783,-1.992,0.8447,0.00143,3.922e-06,3.922e-06,0.003922,-5.882e-05,3.663e-06,0.01961
17.556782,-1.865,0.8594,0.001293,3.922e-06,3.922e-06,0.003922,-5.882e-05,3.663e-06,0.01961
17.566782,-1.753,0.8643,0.001159,3.922e-06,3.922e-06,0.003922,-5.882e-05,3.663e-06,0.01961
17.576782,-1.65,0.8691,0.001016,3.922e-06,3.922e-06,0.003922,-5.882e-05,3.663e-06,0.01961
17.586782,-1.562,0.874,0.0008756,3.922e-06,3.922e-06,0.003922,-5.882e-05,3.663e-06,0.01961
17.596783,-1.465,0.8447,0.000753,3.922e-06,3.922e-06,0.003922,-5.882e-05,3.663e-06,0.01961
17.606783,-1.343,0.835,0.0006187,3.922e-06,3.922e-06,0.003922,-5.882e-05,3.663e-06,0.01961
17.616781,-1.24,0.8154,0.0004903,3.922e-06,3.922e-06,0.003922,-5.882e-05,3.663e-06,0.01961
17.626783,-1.133,0.7764,0.0003765,3.922e-06,3.922e-06,0.003922,-5.882e-05,3.663e-06,0.01961
17.636782,-1.021,0.752,0.0002481,3.922e-06,3.922e-06,0.003922,-5.882e-05,3.663e-06,0.01961
17.646782,-0.918,0.7129,0.0001343,3.922e-06,3.922e-06,0.003922,-5.882e-05,3.663e-06,0.01961
17.656782,-0.8154,0.6738,3.21e-05,3.922e-06,3.922e-06,0.003922,-5.882e-05,3.663e-06,0.01961
17.666782,-0.7129,0.6396,-7.005e-05,3.922e-06,3.922e-06,0.003922,-5.882e-05,3.663e-06,0.01961
17.676783,-0.6201,0.5859,-0.0001576,3.922e-06,3.922e-06,0.003922,-5.882e-05,3.663e-06,0.01961
17.686781,-0.5273,0.542,-0.0002306,3.922e-06,3.922e-06,0.003922,-5.882e-05,3.663e-06,0.01961
17.696781,-0.4492,0.498,-0.000324,3.922e-06,3.922e-06,0.003922,-5.882e-05,3.663e-06,0.01961
17.706781,-0.3711,0.459,-0.000394,3.922e-06,3.922e-06,0.003922,-5.882e-05,3.663e-06,0.01961
17.716782,-0.293,0.415,-0.0004611,3.922e-06,3.922e-06,0.003922,-5.882e-05,3.663e-06,0.01961
17.726784,-0.2393,0.3613,-0.0005108,3.922e-06,3.922e-06,0.003922,-5.882e-05,3.663e-06,0.01961
17.736782,-0.166,0.3076,-0.0005604,3.922e-06,3.922e-06,0.003922,-5.882e-05,3.663e-06,0.01961
17.746782,-0.1416,0.2539,-0.0005954,3.922e-06,3.922e-06,0.003922,-5.882e-05,3.663e-06,0.01961
17.756783,-0.1025,0.21,-0.0006246,3.922e-06,3.922e-06,0.003922,-5.882e-05,3.663e-06,0.01961
17.766781,-0.06836,0.166,-0.000645,3.922e-06,3.922e-06,0.003922,-5.882e-05,3.663e-06,0.01961
17.776781,-0.06348,0.1172,-0.0006625,3.922e-06,3.922e-06,0.003922,-5.882e-05,3.663e-06,0.01961
17.786781,-0.04883,0.06348,-0.0006596,3.922e-06,3.922e-06,0.003922,-5.882e-05,3.663e-06,0.01961
17.796782,-0.07812,0.02441,-0.0006684,3.922e-06,3.922e-06,0.003922,-5.882e-05,3.663e-06,0.01961
17.806782,-0.08789,-0.01953,-0.0006596,3.922e-06,3.922e-06,0.003922,-5.882e-05,3.663e-06,0.01961
17.816782,-0.1221,-0.04883,-0.0006508,3.922e-06,3.922e-06,0.003922,-5.882e-05,3.663e-06,0.01961
17.826782,-0.1807,-0.09766,-0.0006363,3.922e-06,3.922e-06,0.003922,-5.882e-05,3.663e-06,0.01961
17.836782,-0.2344,-0.127,-0.0006129,3.922e-06,3.922e-06,0.003922,-5.882e-05,3.663e-06,0.01961
17.846783,-0.3027,-0.1904,-0.0005575,3.922e-06,3.922e-06,0.003922,-5.882e-05,3.663e-06,0.01961
17.856781,-0.3906,-0.2197,-0.0005195,3.922e-06,3.922e-06,0.003922,-5.882e-05,3.663e-06,0.01961
17.866783,-0.4932,-0.2588,-0.0004728,3.922e-06,3.922e-06,0.003922,-5.882e-05,3.663e-06,0.01961
17.876783,-0.6152,-0.3027,-0.0004144,3.922e-06,3.922e-06,0.003922,-5.882e-05,3.663e-06,0.01961
17.886784,-0.7617,-0.3223,-0.0003619,3.922e-06,3.922e-06,0.003922,-5.882e-05,3.663e-06,0.01961
17.896782,-0.9131,-0.3613,-0.0003035,3.922e-06,3.922e-06,0.003922,-5.882e-05,3.663e-06,0.01961
17.906782,-1.079,-0.3906,-0.0002306,3.922e-06,3.922e-06,0.003922,-5.882e-05,3.663e-06,0.01961
17.916784,-1.27,-0.4248,-0.0001576,3.922e-06,3.922e-06,0.003922,-5.882e-05,3.663e-06,0.01961
17.926783,-1.489,-0.4688,-7.296e-05,3.922e-06,3.922e-06,0.003922,-5.882e-05,3.663e-06,0.01961
17.936783,-1.724,-0.4883,5.837e-06,3.922e-06,3.922e-06,0.003922,-5.882e-05,3.663e-06,0.01961
17.946781,-1.929,-0.5273,9.631e-05,3.922e-06,3.922e-06,0.003922,-5.882e-05,3.663e-06,0.01961
17.956783,-2.148,-0.5615,0.0001955,3.922e-06,3.922e-06,0.003922,-5.882e-05,3.663e-06,0.01961
17.966782,-2.354,-0.5811,0.0002919,3.922e-06,3.922e-06,0.003922,-5.882e-05,3.663e-06,0.01961
17.976782,-2.573,-0.6152,0.0003911,3.922e-06,3.922e-06,0.003922,-5.882e-05,3.663e-06,0.01961
17.986782,-2.739,-0.6348,0.0004991,3.922e-06,3.922e-06,0.003922,-5.882e-05,3.663e-06,0.01961
17.996782,-2.915,-0.6689,0.0006158,3.922e-06,3.922e-06,0.003922,-5.882e-05,3.663e-06,0.01961
18.006783,-3.081,-0.6592,0.0007151,3.922e-06,3.922e-06,0.003922,-5.882e-05,3.663e-06,0.01961
18.016781,-3.237,-0.6934,0.0008435,3.922e-06,3.922e-06,0.003922,-5.882e-05,3.663e-06,0.01961
18.026783,-3.374,-0.7129,0.0009661,3.922e-06,3.922e-06,0.003922,-5.882e-05,3.663e-06,0.01961
18.036783,-3.511,-0.7178,0.001089,3.922e-06,3.922e-06,0.003922,-5.882e-05,3.663e-06,0.01961
18.046782,-3.647,-0.7275,0.001208,3.922e-06,3.922e-06,0.003922,-5.882e-05,3.663e-06,0.01961
18.056782,-3.76,-0.7129,0.001322,3.922e-06,3.922e-06,0.003922,-5.882e-05,3.663e-06,0.01961
18.066782,-3.867,-0.7178,0.001459,3.922e-06,3.922e-06,0.003922,-5.882e-05,3.663e-06,0.01961
18.076782,-3.965,-0.708,0.001564,3.922e-06,3.922e-06,0.003922,-5.882e-05,3.663e-06,0.01961
18.086782,-4.043,-0.6885,0.001681,3.922e-06,3.922e-06,0.003922,-5.882e-05,3.663e-06,0.01961
18.096783,-4.136,-0.6689,0.001783,3.922e-06,3.922e-06,0.003922,-5.882e-05,3.663e-06,0.01961
18.106781,-4.185,-0.6348,0.001894,3.922e-06,3.922e-06,0.003922,-5.882e-05,3.663e-06,0.01961
18.116781,-4.243,-0.6055,0.001996,3.922e-06,3.922e-06,0.003922,-5.882e-05,3.663e-06,0.01961
18.126783,-4.292,-0.5713,0.002084,3.922e-06,3.922e-06,0.003922,-5.882e-05,3.663e-06,0.01961
18.136782,-4.326,-0.542,0.002186,3.922e-06,3.922e-06,0.003922,-5.882e-05,3.663e-06,0.01961
18.146784,-4.336,-0.5078,0.002274,3.922e-06,3.922e-06,0.003922,-5.882e-05,3.663e-06,0.01961
18.156782,-4.341,-0.4492,0.002349,3.922e-06,3.922e-06,0.003922,-5.882e-05,3.663e-06,0.01961
18.166782,-4.326,-0.4053,0.002434,3.922e-06,3.922e-06,0.003922,-5.882e-05,3.663e-06,0.01961
18.176783,-4.331,-0.3662,0.00249,3.922e-06,3.922e-06,0.003922,-5.882e-05,3.663e-06,0.01961
18.186783,-4.277,-0.3027,0.002542,3.922e-06,3.922e-06,0.003922,-5.882e-05,3.663e-06,0.01961
18.196781,-4.258,-0.2393,0.002577,3.922e-06,3.922e-06,0.003922,-5.882e-05,3.663e-06,0.01961
18.206781,-4.204,-0.1807,0.002603,3.922e-06,3.922e-06,0.003922,-5.882e-05,3.663e-06,0.01961
18.216782,-4.146,-0.1221,0.002635,3.922e-06,3.922e-06,0.003922,-5.882e-05,3.663e-06,0.01961
18.226782,-4.077,-0.05859,0.002638,3.922e-06,3.922e-06,0.003922,-5.882e-05,3.663e-06,0.01961
18.236782,-3.984,0.0,0.00265,3.922e-06,3.922e-06,0.003922,-5.882e-05,3.663e-06,0.01961
18.246782,-3.906,0.05371,0.002647,3.922e-06,3.922e-06,0.003922,-5.882e-05,3.663e-06,0.01961
18.256783,-3.813,0.1221,0.002633,3.922e-06,3.922e-06,0.003922,-5.882e-05,3.663e-06,0.01961
18.266783,-3.721,0.1953,0.0026,3.922e-06,3.922e-06,0.003922,-5.882e-05,3.663e-06,0.01961
18.276783,-3.608,0.2441,0.002568,3.922e-06,3.922e-06,0.003922,-5.882e-05,3.663e-06,0.01961
18.286783,-3.481,0.3076,0.002519,3.922e-06,3.922e-06,0.003922,-5.882e-05,3.663e-06,0.01961
18.296783,-3.374,0.3613,0.00246,3.922e-06,3.922e-06,0.003922,-5.882e-05,3.663e-06,0.01961
18.306782,-3.257,0.4297,0.002384,3.922e-06,3.922e-06,0.003922,-5.882e-05,3.663e-06,0.01961
18.316782,-3.12,0.4736,0.00232,3.922e-06,3.922e-06,0.003922,-5.882e-05,3.663e-06,0.01961
18.326782,-3.008,0.5273,0.002233,3.922e-06,3.922e-06,0.003922,-5.882e-05,3.663e-06,0.01961
18.336782,-2.856,0.5664,0.002163,3.922e-06,3.922e-06,0.003922,-5.882e-05,3.663e-06,0.01961
18.346781,-2.744,0.6201,0.002049,3.922e-06,3.922e-06,0.003922,-5.882e-05,3.663e-06,0.01961
18.356783,-2.612,0.6641,0.00195,3.922e-06,3.922e-06,0.003922,-5.882e-05,3.663e-06,0.01961
18.366783,-2.49,0.6934,0.001839,3.922e-06,3.922e-06,0.003922,-5.882e-05,3.663e-06,0.01961
18.376783,-2.373,0.7178,0.001725,3.922e-06,3.922e-06,0.003922,-5.882e-05,3.663e-06,0.01961
18.386782,-2.222,0.7373,0.001614,3.922e-06,3.922e-06,0.003922,-5.882e-05,3.663e-06,0.01961
18.396782,-2.129,0.7666,0.001477,3.922e-06,3.922e-06,0.003922,-5.882e-05,3.663e-06,0.01961
18.406782,-2.007,0.7812,0.00136,3.922e-06,3.922e-06,0.003922,-5.882e-05,3.663e-06,0.01961
18.416782,-1.904,0.7861,0.001237,3.922e-06,3.922e-06,0.003922,-5.882e-05,3.663e-06,0.01961
18.426783,-1.831,0.7812,0.001115,3.922e-06,3.922e-06,0.003922,-5.882e-05,3.663e-06,0.01961
18.436781,-1.704,0.7812,0.0009982,3.922e-06,3.922e-06,0.003922,-5.882e-05,3.663e-06,0.01961
18.446783,-1.641,0.7764,0.000861,3.922e-06,3.922e-06,0.003922,-5.882e-05,3.663e-06,0.01961
18.456781,-1.562,0.7764,0.0007355,3.922e-06,3.922e-06,0.003922,-5.882e-05,3.663e-06,0.01961
18.466784,-1.489,0.7568,0.0006158,3.922e-06,3.922e-06,0.003922,-5.882e-05,3.663e-06,0.01961
18.476782,-1.406,0.7129,0.0005078,3.922e-06,3.922e-06,0.003922,-5.882e-05,3.663e-06,0.01961
18.486782,-1.343,0.708,0.0003853,3.922e-06,3.922e-06,0.003922,-5.882e-05,3.663e-06,0.01961
18.496782,-1.26,0.6543,0.0002948,3.922e-06,3.922e-06,0.003922,-5.882e-05,3.663e-06,0.01961
18.506783,-1.177,0.625,0.0001955,3.922e-06,3.922e-06,0.003922,-5.882e-05,3.663e-06,0.01961
18.516783,-1.118,0.5908,0.0001022,3.922e-06,3.922e-06,0.003922,-5.882e-05,3.663e-06,0.01961
18.526783,-1.069,0.5322,2.627e-05,3.922e-06,3.922e-06,0.003922,-5.882e-05,3.663e-06,0.01961
18.536781,-1.03,0.5127,-7.588e-05,3.922e-06,3.922e-06,0.003922,-5.882e-05,3.663e-06,0.01961
18.546782,-0.9717,0.4492,-0.0001284,3.922e-06,3.922e-06,0.003922,-5.882e-05,3.663e-06,0.01961
18.556782,-0.9424,0.4102,-0.0002014,3.922e-06,3.922e-06,0.003922,-5.882e-05,3.663e-06,0.01961
18.566784,-0.9229,0.3662,-0.0002598,3.922e-06,3.922e-06,0.003922,-5.882e-05,3.663e-06,0.01961
18.576782,-0.9131,0.3125,-0.0003035,3.922e-06,3.922e-06,0.003922,-5.882e-05,3.663e-06,0.01961
18.586782,-0.9131,0.2441,-0.000324,3.922e-06,3.922e-06,0.003922,-5.882e-05,3.663e-06,0.01961
18.596783,-0.9326,0.1904,-0.000359,3.922e-06,3.922e-06,0.003922,-5.882e-05,3.663e-06,0.01961
18.606783,-0.9717,0.1465,-0.0003853,3.922e-06,3.922e-06,0.003922,-5.882e-05,3.663e-06,0.01961
18.616783,-1.021,0.09277,-0.0003998,3.922e-06,3.922e-06,0.003922,-5.882e-05,3.663e-06,0.01961
18.626781,-1.089,0.0293,-0.0003911,3.922e-06,3.922e-06,0.003922,-5.882e-05,3.663e-06,0.01961
18.636782,-1.177,-0.02441,-0.0003823,3.922e-06,3.922e-06,0.003922,-5.882e-05,3.663e-06,0.01961
18.646782,-1.284,-0.08301,-0.0003765,3.922e-06,3.922e-06,0.003922,-5.882e-05,3.663e-06,0.01961
18.656782,-1.406,-0.127,-0.0003502,3.922e-06,3.922e-06,0.003922,-5.882e-05,3.663e-06,0.01961
18.666782,-1.543,-0.1953,-0.0003065,3.922e-06,3.922e-06,0.003922,-5.882e-05,3.663e-06,0.01961
18.676783,-1.729,-0.249,-0.0002714,3.922e-06,3.922e-06,0.003922,-5.882e-05,3.663e-06,0.01961
18.686783,-1.899,-0.293,-0.0002189,3.922e-06,3.922e-06,0.003922,-5.882e-05,3.663e-06,0.01961
18.696781,-2.061,-0.376,-0.0001372,3.922e-06,3.922e-06,0.003922,-5.882e-05,3.663e-06,0.01961
18.706783,-2.227,-0.415,-8.172e-05,3.922e-06,3.922e-06,0.003922,-5.882e-05,3.663e-06,0.01961
18.716782,-2.402,-0.4688,0.0,3.922e-06,3.922e-06,0.003922,-5.882e-05,3.663e-06,0.01961
18.726784,-2.578,-0.5176,8.172e-05,3.922e-06,3.922e-06,0.003922,-5.882e-05,3.663e-06,0.01961
18.736782,-2.739,-0.5518,0.0001751,3.922e-06,3.922e-06,0.003922,-5.882e-05,3.663e-06,0.01961
18.746782,-2.905,-0.6055,0.0002831,3.922e-06,3.922e-06,0.003922,-5.882e-05,3.663e-06,0.01961
18.756783,-3.062,-0.6445,0.0003911,3.922e-06,3.922e-06,0.003922,-5.882e-05,3.663e-06,0.01961
18.766783,-3.213,-0.6787,0.0005078,3.922e-06,3.922e-06,0.003922,-5.882e-05,3.663e-06,0.01961
18.776783,-3.374,-0.7275,0.0006333,3.922e-06,3.922e-06,0.003922,-5.882e-05,3.663e-06,0.01961
18.786783,-3.491,-0.7568,0.0007705,3.922e-06,3.922e-06,0.003922,-5.882e-05,3.663e-06,0.01961
18.796783,-3.652,-0.7812,0.000896,3.922e-06,3.922e-06,0.003922,-5.882e-05,3.663e-06,0.01961
18.806782,-3.784,-0.7959,0.001033,3.922e-06,3.922e-06,0.003922,-5.882e-05,3.663e-06,0.01961
18.816784,-3.911,-0.8008,0.001165,3.922e-06,3.922e-06,0.003922,-5.882e-05,3.663e-06,0.01961
18.826782,-4.043,-0.8057,0.00129,3.922e-06,3.922e-06,0.003922,-5.882e-05,3.663e-06,0.01961
18.836782,-4.131,-0.8057,0.001436,3.922e-06,3.922e-06,0.003922,-5.882e-05,3.663e-06,0.01961
18.846783,-4.238,-0.8057,0.001567,3.922e-06,3.922e-06,0.003922,-5.882e-05,3.663e-06,0.01961
18.856783,-4.331,-0.7861,0.001693,3.922e-06,3.922e-06,0.003922,-5.882e-05,3.663e-06,0.01961
18.866781,-4.409,-0.7715,0.001824,3.922e-06,3.922e-06,0.003922,-5.882e-05,3.663e-06,0.01961
18.876781,-4.478,-0.752,0.001953,3.922e-06,3.922e-06,0.003922,-5.882e-05,3.663e-06,0.01961
18.886782,-4.536,-0.708,0.002069,3.922e-06,3.922e-06,0.003922,-5.882e-05,3.663e-06,0.01961
18.896782,-4.58,-0.6934,0.002201,3.922e-06,3.922e-06,0.003922,-5.882e-05,3.663e-06,0.01961
18.906782,-4.609,-0.6494,0.002306,3.922e-06,3.922e-06,0.003922,-5.882e-05,3.663e-06,0.01961
18.916782,-4.624,-0.6104,0.002411,3.922e-06,3.922e-06,0.003922,-5.882e-05,3.663e-06,0.01961
18.926783,-4.639,-0.5664,0.002504,3.922e-06,3.922e-06,0.003922,-5.882e-05,3.663e-06,0.01961
18.936783,-4.624,-0.498,0.00258,3.922e-06,3.922e-06,0.003922,-5.882e-05,3.663e-06,0.01961
18.946781,-4.614,-0.4443,0.002653,3.922e-06,3.922e-06,0.003922,-5.882e-05,3.663e-06,0.01961
18.956783,-4.575,-0.3857,0.002723,3.922e-06,3.922e-06,0.003922,-5.882e-05,3.663e-06,0.01961
18.966782,-4.536,-0.3271,0.002784,3.922e-06,3.922e-06,0.003922,-5.882e-05,3.663e-06,0.01961
18.976782,-4.487,-0.2588,0.002825,3.922e-06,3.922e-06,0.003922,-5.882e-05,3.663e-06,0.01961
18.986782,-4.404,-0.1953,0.002878,3.922e-06,3.922e-06,0.003922,-5.882e-05,3.663e-06,0.01961
18.996782,-4.355,-0.1221,0.002884,3.922e-06,3.922e-06,0.003922,-5.882e-05,3.663e-06,0.01961
19.006783,-4.248,-0.04395,0.002892,3.922e-06,3.922e-06,0.003922,-5.882e-05,3.663e-06,0.01961
19.016783,-4.155,0.03906,0.002881,3.922e-06,3.922e-06,0.003922,-5.882e-05,3.663e-06,0.01961
19.026783,-4.043,0.09766,0.002878,3.922e-06,3.922e-06,0.003922,-5.882e-05,3.663e-06,0.01961
19.036781,-3.926,0.1758,0.002851,3.922e-06,3.922e-06,0.003922,-5.882e-05,3.663e-06,0.01961
19.046782,-3.813,0.2441,0.002814,3.922e-06,3.922e-06,0.003922,-5.882e-05,3.663e-06,0.01961
19.056784,-3.677,0.3174,0.002764,3.922e-06,3.922e-06,0.003922,-5.882e-05,3.663e-06,0.01961
19.066782,-3.54,0.3906,0.002703,3.922e-06,3.922e-06,0.003922,-5.882e-05,3.663e-06,0.01961
19.076782,-3.394,0.4492,0.002644,3.922e-06,3.922e-06,0.003922,-5.882e-05,3.663e-06,0.01961
19.086782,-3.242,0.5176,0.002563,3.922e-06,3.922e-06,0.003922,-5.882e-05,3.663e-06,0.01961
19.096783,-3.125,0.5811,0.002463,3.922e-06,3.922e-06,0.003922,-5.882e-05,3.663e-06,0.01961
19.106781,-2.954,0.6348,0.002361,3.922e-06,3.922e-06,0.003922,-5.882e-05,3.663e-06,0.01961
19.116783,-2.808,0.6934,0.002247,3.922e-06,3.922e-06,0.003922,-5.882e-05,3.663e-06,0.01961
19.126781,-2.651,0.7324,0.002139,3.922e-06,3.922e-06,0.003922,-5.882e-05,3.663e-06,0.01961
19.136782,-2.5,0.791,0.002008,3.922e-06,3.922e-06,0.003922,-5.882e-05,3.663e-06,0.01961
19.146782,-2.349,0.8154,0.00188,3.922e-06,3.922e-06,0.003922,-5.882e-05,3.663e-06,0.01961
19.156782,-2.207,0.8496,0.001748,3.922e-06,3.922e-06,0.003922,-5.882e-05,3.663e-06,0.01961
19.166782,-2.07,0.8789,0.001611,3.922e-06,3.922e-06,0.003922,-5.882e-05,3.663e-06,0.01961
19.176783,-1.938,0.8887,0.001474,3.922e-06,3.922e-06,0.003922,-5.882e-05,3.663e-06,0.01961
19.186783,-1.807,0.918,0.001319,3.922e-06,3.922e-06,0.003922,-5.882e-05,3.663e-06,0.01961
19.196783,-1.694,0.9229,0.001176,3.922e-06,3.922e-06,0.003922,-5.882e-05,3.663e-06,0.01961
19.206783,-1.587,0.9229,0.001024,3.922e-06,3.922e-06,0.003922,-5.882e-05,3.663e-06,0.01961
19.216784,-1.465,0.8984,0.0008843,3.922e-06,3.922e-06,0.003922,-5.882e-05,3.663e-06,0.01961
19.226784,-1.343,0.9033,0.0007355,3.922e-06,3.922e-06,0.003922,-5.882e-05,3.663e-06,0.01961
19.236784,-1.191,0.8887,0.0006041,3.922e-06,3.922e-06,0.003922,-5.882e-05,3.663e-06,0.01961
19.24678,-1.084,0.8643,0.0004611,3.922e-06,3.922e-06,0.003922,-5.882e-05,3.663e-06,0.01961
19.256781,-0.9424,0.8398,0.0003269,3.922e-06,3.922e-06,0.003922,-5.882e-05,3.663e-06,0.01961
19.266783,-0.8057,0.8154,0.0001985,3.922e-06,3.922e-06,0.003922,-5.882e-05,3.663e-06,0.01961
19.276783,-0.6738,0.7715,7.588e-05,3.922e-06,3.922e-06,0.003922,-5.882e-05,3.663e-06,0.01961
19.286781,-0.5371,0.7568,-5.545e-05,3.922e-06,3.922e-06,0.003922,-5.882e-05,3.663e-06,0.01961
19.296783,-0.3955,0.7031,-0.0001547,3.922e-06,3.922e-06,0.003922,-5.882e-05,3.663e-06,0.01961
19.306782,-0.2734,0.6738,-0.0002685,3.922e-06,3.922e-06,0.003922,-5.882e-05,3.663e-06,0.01961
19.316782,-0.1416,0.6201,-0.0003561,3.922e-06,3.922e-06,0.003922,-5.882e-05,3.663e-06,0.01961
19.326782,-0.01465,0.5762,-0.0004436,3.922e-06,3.922e-06,0.003922,-5.882e-05,3.663e-06,0.01961
19.336782,0.1172,0.542,-0.0005341,3.922e-06,3.922e-06,0.003922,-5.882e-05,3.663e-06,0.01961
19.346783,0.2344,0.4932,-0.0006041,3.922e-06,3.922e-06,0.003922,-5.882e-05,3.663e-06,0.01961
19.356781,0.3516,0.4443,-0.0006654,3.922e-06,3.922e-06,0.003922,-5.882e-05,3.663e-06,0.01961
19.366781,0.4639,0.4004,-0.0007209,3.922e-06,3.922e-06,0.003922,-5.882e-05,3.663e-06,0.01961
19.376781,0.5664,0.3516,-0.0007793,3.922e-06,3.922e-06,0.003922,-5.882e-05,3.663e-06,0.01961
19.386784,0.6787,0.3027,-0.0008085,3.922e-06,3.922e-06,0.003922,-5.882e-05,3.663e-06,0.01961
19.396784,0.7666,0.2783,-0.0008697,3.922e-06,3.922e-06,0.003922,-5.882e-05,3.663e-06,0.01961
19.406782,0.8594,0.2393,-0.0009018,3.922e-06,3.922e-06,0.003922,-5.882e-05,3.663e-06,0.01961
19.416782,0.9521,0.1904,-0.0009106,3.922e-06,3.922e-06,0.003922,-5.882e-05,3.663e-06,0.01961
19.426783,1.04,0.1562,-0.0009427,3.922e-06,3.922e-06,0.003922,-5.882e-05,3.663e-06,0.01961
19.436783,1.143,0.127,-0.0009544,3.922e-06,3.922e-06,0.003922,-5.882e-05,3.663e-06,0.01961
19.446783,1.206,0.08789,-0.0009573,3.922e-06,3.922e-06,0.003922,-5.882e-05,3.663e-06,0.01961
19.456781,1.284,0.05859,-0.0009602,3.922e-06,3.922e-06,0.003922,-5.882e-05,3.663e-06,0.01961
19.466784,1.362,0.02441,-0.0009515,3.922e-06,3.922e-06,0.003922,-5.882e-05,3.663e-06,0.01961
19.476782,1.431,0.004883,-0.0009515,3.922e-06,3.922e-06,0.003922,-5.882e-05,3.663e-06,0.01961
19.486782,1.499,0.004883,-0.0009544,3.922e-06,3.922e-06,0.003922,-5.882e-05,3.663e-06,0.01961
19.496782,1.567,-0.02441,-0.000934,3.922e-06,3.922e-06,0.003922,-5.882e-05,3.663e-06,0.01961
19.506783,1.655,-0.0293,-0.0009281,3.922e-06,3.922e-06,0.003922,-5.882e-05,3.663e-06,0.01961
19.516781,1.748,-0.05371,-0.0009048,3.922e-06,3.922e-06,0.003922,-5.882e-05,3.663e-06,0.01961
19.526783,1.821,-0.05859,-0.000896,3.922e-06,3.922e-06,0.003922,-5.882e-05,3.663e-06,0.01961
19.536783,1.899,-0.05859,-0.0008668,3.922e-06,3.922e-06,0.003922,-5.882e-05,3.663e-06,0.01961
19.546782,1.973,-0.06348,-0.000861,3.922e-06,3.922e-06,0.003922,-5.882e-05,3.663e-06,0.01961
19.556782,2.056,-0.06348,-0.0008376,3.922e-06,3.922e-06,0.003922,-5.882e-05,3.663e-06,0.01961
19.566782,2.119,-0.04395,-0.0008318,3.922e-06,3.922e-06,0.003922,-5.882e-05,3.663e-06,0.01961
19.576782,2.178,-0.04883,-0.0008114,3.922e-06,3.922e-06,0.003922,-5.882e-05,3.663e-06,0.01961
19.586782,2.251,-0.03906,-0.0007939,3.922e-06,3.922e-06,0.003922,-5.882e-05,3.663e-06,0.01961
19.596781,2.295,-0.0293,-0.0007939,3.922e-06,3.922e-06,0.003922,-5.882e-05,3.663e-06,0.01961
19.606781,2.363,0.004883,-0.0007968,3.922e-06,3.922e-06,0.003922,-5.882e-05,3.663e-06,0.01961
19.616783,2.412,0.009766,-0.0007822,3.922e-06,3.922e-06,0.003922,-5.882e-05,3.663e-06,0.01961
19.626781,2.476,0.02441,-0.0007822,3.922e-06,3.922e-06,0.003922,-5.882e-05,3.663e-06,0.01961
19.636782,2.524,0.04395,-0.0007705,3.922e-06,3.922e-06,0.003922,-5.882e-05,3.663e-06,0.01961
19.646782,2.563,0.05859,-0.0007822,3.922e-06,3.922e-06,0.003922,-5.882e-05,3.663e-06,0.01961
19.656782,2.637,0.07812,-0.000788,3.922e-06,3.922e-06,0.003922,-5.882e-05,3.663e-06,0.01961
19.666782,2.695,0.09766,-0.0007968,3.922e-06,3.922e-06,0.003922,-5.882e-05,3.663e-06,0.01961
19.676783,2.744,0.1318,-0.000823,3.922e-06,3.922e-06,0.003922,-5.882e-05,3.663e-06,0.01961
19.686783,2.822,0.1465,-0.0008347,3.922e-06,3.922e-06,0.003922,-5.882e-05,3.663e-06,0.01961
19.696781,2.856,0.1465,-0.0008522,3.922e-06,3.922e-06,0.003922,-5.882e-05,3.663e-06,0.01961
19.706781,2.92,0.1904,-0.0008931,3.922e-06,3.922e-06,0.003922,-5.882e-05,3.663e-06,0.01961
19.716782,2.979,0.2051,-0.0009106,3.922e-06,3.922e-06,0.003922,-5.882e-05,3.663e-06,0.01961
19.726782,3.042,0.2148,-0.0009369,3.922e-06,3.922e-06,0.003922,-5.882e-05,3.663e-06,0.01961
19.736782,3.101,0.249,-0.0009836,3.922e-06,3.922e-06,0.003922,-5.882e-05,3.663e-06,0.01961
19.74678,3.135,0.249,-0.001004,3.922e-06,3.922e-06,0.003922,-5.882e-05,3.663e-06,0.01961
19.756783,3.198,0.2686,-0.001045,3.922e-06,3.922e-06,0.003922,-5.882e-05,3.663e-06,0.01961
19.766783,3.257,0.2734,-0.00108,3.922e-06,3.922e-06,0.003922,-5.882e-05,3.663e-06,0.01961
19.776783,3.301,0.293,-0.001129,3.922e-06,3.922e-06,0.003922,-5.882e-05,3.663e-06,0.01961
19.786783,3.354,0.3076,-0.001173,3.922e-06,3.922e-06,0.003922,-5.882e-05,3.663e-06,0.01961
19.796782,3.413,0.3076,-0.00122,3.922e-06,3.922e-06,0.003922,-5.882e-05,3.663e-06,0.01961
19.806784,3.467,0.3271,-0.001264,3.922e-06,3.922e-06,0.003922,-5.882e-05,3.663e-06,0.01961
19.816782,3.501,0.3271,-0.001313,3.922e-06,3.922e-06,0.003922,-5.882e-05,3.663e-06,0.01961
19.826782,3.55,0.3223,-0.00136,3.922e-06,3.922e-06,0.003922,-5.882e-05,3.663e-06,0.01961
19.836782,3.599,0.332,-0.001407,3.922e-06,3.922e-06,0.003922,-5.882e-05,3.663e-06,0.01961
19.846781,3.628,0.3174,-0.001442,3.922e-06,3.922e-06,0.003922,-5.882e-05,3.663e-06,0.01961
19.856781,3.652,0.3174,-0.001491,3.922e-06,3.922e-06,0.003922,-5.882e-05,3.663e-06,0.01961
19.866783,3.677,0.2979,-0.001532,3.922e-06,3.922e-06,0.003922,-5.882e-05,3.663e-06,0.01961
19.876781,3.706,0.3027,-0.001585,3.922e-06,3.922e-06,0.003922,-5.882e-05,3.663e-06,0.01961
19.886782,3.735,0.293,-0.001614,3.922e-06,3.922e-06,0.003922,-5.882e-05,3.663e-06,0.01961
19.896782,3.74,0.293,-0.001678,3.922e-06,3.922e-06,0.003922,-5.882e-05,3.663e-06,0.01961
19.906782,3.765,0.2783,-0.001713,3.922e-06,3.922e-06,0.003922,-5.882e-05,3.663e-06,0.01961
19.916782,3.774,0.2588,-0.001748,3.922e-06,3.922e-06,0.003922,-5.882e-05,3.663e-06,0.01961
19.926783,3.774,0.2393,-0.00178,3.922e-06,3.922e-06,0.003922,-5.882e-05,3.663e-06,0.01961
19.936781,3.784,0.2295,-0.001818,3.922e-06,3.922e-06,0.003922,-5.882e-05,3.663e-06,0.01961
19.946781,3.765,0.2051,-0.001833,3.922e-06,3.922e-06,0.003922,-5.882e-05,3.663e-06,0.01961
19.956781,3.77,0.1807,-0.001859,3.922e-06,3.922e-06,0.003922,-5.882e-05,3.663e-06,0.01961
19.966782,3.74,0.1611,-0.001882,3.922e-06,3.922e-06,0.003922,-5.882e-05,3.663e-06,0.01961
19.976782,3.716,0.1367,-0.001903,3.922e-06,3.922e-06,0.003922,-5.882e-05,3.663e-06,0.01961
19.986782,3.721,0.1074,-0.001906,3.922e-06,3.922e-06,0.003922,-5.882e-05,3.663e-06,0.01961
19.996782,3.677,0.08789,-0.00192,3.922e-06,3.922e-06,0.003922,-5.882e-05,3.663e-06,0.01961
20.006783,3.657,0.06836,-0.001929,3.922e-06,3.922e-06,0.003922,-5.882e-05,3.663e-06,0.01961
20.016781,3.623,0.03906,-0.001929,3.922e-06,3.922e-06,0.003922,-5.882e-05,3.663e-06,0.01961
20.026783,3.589,0.009766,-0.00192,3.922e-06,3.922e-06,0.003922,-5.882e-05,3.663e-06,0.01961
20.036783,3.55,-0.02441,-0.001903,3.922e-06,3.922e-06,0.003922,-5.882e-05,3.663e-06,0.01961
20.046783,3.501,-0.03906,-0.001909,3.922e-06,3.922e-06,0.003922,-5.882e-05,3.663e-06,0.01961
20.056784,3.467,-0.05859,-0.001885,3.922e-06,3.922e-06,0.003922,-5.882e-05,3.663e-06,0.01961
20.066782,3.413,-0.08789,-0.001865,3.922e-06,3.922e-06,0.003922,-5.882e-05,3.663e-06,0.01961
20.076782,3.369,-0.1123,-0.001839,3.922e-06,3.922e-06,0.003922,-5.882e-05,3.663e-06,0.01961
20.086782,3.311,-0.1318,-0.001821,3.922e-06,3.922e-06,0.003922,-5.882e-05,3.663e-06,0.01961
20.096783,3.252,-0.1611,-0.001786,3.922e-06,3.922e-06,0.003922,-5.882e-05,3.663e-06,0.01961
20.106781,3.218,-0.1758,-0.001751,3.922e-06,3.922e-06,0.003922,-5.882e-05,3.663e-06,0.01961
20.116783,3.159,-0.2002,-0.001716,3.922e-06,3.922e-06,0.003922,-5.882e-05,3.663e-06,0.01961
20.126781,3.115,-0.21,-0.001678,3.922e-06,3.922e-06,0.003922,-5.882e-05,3.663e-06,0.01961
20.136782,3.052,-0.2246,-0.001637,3.922e-06,3.922e-06,0.003922,-5.882e-05,3.663e-06,0.01961
20.146782,2.993,-0.2441,-0.001591,3.922e-06,3.922e-06,0.003922,-5.882e-05,3.663e-06,0.01961
20.156782,2.944,-0.249,-0.001541,3.922e-06,3.922e-06,0.003922,-5.882e-05,3.663e-06,0.01961
20.166782,2.896,-0.2588,-0.0015,3.922e-06,3.922e-06,0.003922,-5.882e-05,3.663e-06,0.01961
20.176783,2.856,-0.2734,-0.001448,3.922e-06,3.922e-06,0.003922,-5.882e-05,3.663e-06,0.01961
20.186783,2.812,-0.2637,-0.001407,3.922e-06,3.922e-06,0.003922,-5.882e-05,3.663e-06,0.01961
20.196781,2.759,-0.2832,-0.001348,3.922e-06,3.922e-06,0.003922,-5.882e-05,3.663e-06,0.01961
20.206783,2.725,-0.2783,-0.001299,3.922e-06,3.922e-06,0.003922,-5.882e-05,3.663e-06,0.01961
20.216782,2.695,-0.2832,-0.00124,3.922e-06,3.922e-06,0.003922,-5.882e-05,3.663e-06,0.01961
20.226782,2.671,-0.2734,-0.001197,3.922e-06,3.922e-06,0.003922,-5.882e-05,3.663e-06,0.01961
20.236782,2.651,-0.2637,-0.001153,3.922e-06,3.922e-06,0.003922,-5.882e-05,3.663e-06,0.01961
20.246782,2.612,-0.2734,-0.001092,3.922e-06,3.922e-06,0.003922,-5.882e-05,3.663e-06,0.01961
20.256783,2.588,-0.2588,-0.001045,3.922e-06,3.922e-06,0.003922,-5.882e-05,3.663e-06,0.01961
20.266783,2.573,-0.2441,-0.001001,3.922e-06,3.922e-06,0.003922,-5.882e-05,3.663e-06,0.01961
20.276783,2.554,-0.2295,-0.000969,3.922e-06,3.922e-06,0.003922,-5.882e-05,3.663e-06,0.01961
20.286781,2.578,-0.21,-0.0009164,3.922e-06,3.922e-06,0.003922,-5.882e-05,3.663e-06,0.01961
20.296783,2.563,-0.1953,-0.0008814,3.922e-06,3.922e-06,0.003922,-5.882e-05,3.663e-06,0.01961
20.306782,2.554,-0.1758,-0.0008551,3.922e-06,3.922e-06,0.003922,-5.882e-05,3.663e-06,0.01961
20.316782,2.559,-0.1514,-0.000826,3.922e-06,3.922e-06,0.003922,-5.882e-05,3.663e-06,0.01961
20.326782,2.568,-0.1416,-0.0007939,3.922e-06,3.922e-06,0.003922,-5.882e-05,3.663e-06,0.01961
20.336781,2.583,-0.09277,-0.000788,3.922e-06,3.922e-06,0.003922,-5.882e-05,3.663e-06,0.01961
20.346781,2.603,-0.08301,-0.000753,3.922e-06,3.922e-06,0.003922,-5.882e-05,3.663e-06,0.01961
20.356783,2.637,-0.04883,-0.0007442,3.922e-06,3.922e-06,0.003922,-5.882e-05,3.663e-06,0.01961
20.366783,2.656,-0.02441,-0.0007384,3.922e-06,3.922e-06,0.003922,-5.882e-05,3.663e-06,0.01961
20.376783,2.695,0.004883,-0.0007355,3.922e-06,3.922e-06,0.003922,-5.882e-05,3.663e-06,0.01961
20.386784,2.729,0.03906,-0.0007384,3.922e-06,3.922e-06,0.003922,-5.882e-05,3.663e-06,0.01961
20.396782,2.773,0.06348,-0.0007472,3.922e-06,3.922e-06,0.003922,-5.882e-05,3.663e-06,0.01961
20.406782,2.822,0.09277,-0.0007501,3.922e-06,3.922e-06,0.003922,-5.882e-05,3.663e-06,0.01961
20.416782,2.861,0.1123,-0.0007618,3.922e-06,3.922e-06,0.003922,-5.882e-05,3.663e-06,0.01961
20.426783,2.905,0.1318,-0.0007705,3.922e-06,3.922e-06,0.003922,-5.882e-05,3.663e-06,0.01961
20.436783,2.954,0.1758,-0.0008055,3.922e-06,3.922e-06,0.003922,-5.882e-05,3.663e-06,0.01961
20.446783,3.008,0.1953,-0.0008289,3.922e-06,3.922e-06,0.003922,-5.882e-05,3.663e-06,0.01961
20.456783,3.081,0.2197,-0.0008551,3.922e-06,3.922e-06,0.003922,-5.882e-05,3.663e-06,0.01961
20.466782,3.135,0.2539,-0.000896,3.922e-06,3.922e-06,0.003922,-5.882e-05,3.663e-06,0.01961
20.476782,3.188,0.2539,-0.0009223,3.922e-06,3.922e-06,0.003922,-5.882e-05,3.663e-06,0.01961
20.486782,3.257,0.2979,-0.0009719,3.922e-06,3.922e-06,0.003922,-5.882e-05,3.663e-06,0.01961
20.496782,3.315,0.293,-0.001007,3.922e-06,3.922e-06,0.003922,-5.882e-05,3.663e-06,0.01961
20.506783,3.369,0.3174,-0.001057,3.922e-06,3.922e-06,0.003922,-5.882e-05,3.663e-06,0.01961
20.516783,3.423,0.3271,-0.001103,3.922e-06,3.922e-06,0.003922,-5.882e-05,3.663e-06,0.01961
20.526783,3.467,0.3418,-0.001165,3.922e-06,3.922e-06,0.003922,-5.882e-05,3.663e-06,0.01961
20.536783,3.535,0.3613,-0.00122,3.922e-06,3.922e-06,0.003922,-5.882e-05,3.663e-06,0.01961
20.546783,3.564,0.3613,-0.001261,3.922e-06,3.922e-06,0.003922,-5.882e-05,3.663e-06,0.01961
20.556782,3.628,0.376,-0.001328,3.922e-06,3.922e-06,0.003922,-5.882e-05,3.663e-06,0.01961
20.566782,3.672,0.3809,-0.00138,3.922e-06,3.922e-06,0.003922,-5.882e-05,3.663e-06,0.01961
20.576782,3.706,0.3711,-0.001436,3.922e-06,3.922e-06,0.003922,-5.882e-05,3.663e-06,0.01961
20.586782,3.755,0.3857,-0.001494,3.922e-06,3.922e-06,0.003922,-5.882e-05,3.663e-06,0.01961
20.596783,3.789,0.3711,-0.001547,3.922e-06,3.922e-06,0.003922,-5.882e-05,3.663e-06,0.01961
20.606783,3.833,0.3662,-0.001602,3.922e-06,3.922e-06,0.003922,-5.882e-05,3.663e-06,0.01961
20.616781,3.853,0.3467,-0.001649,3.922e-06,3.922e-06,0.003922,-5.882e-05,3.663e-06,0.01961
20.626781,3.867,0.3369,-0.001702,3.922e-06,3.922e-06,0.003922,-5.882e-05,3.663e-06,0.01961
20.636782,3.887,0.3271,-0.001745,3.922e-06,3.922e-06,0.003922,-5.882e-05,3.663e-06,0.01961
20.646782,3.901,0.3125,-0.001801,3.922e-06,3.922e-06,0.003922,-5.882e-05,3.663e-06,0.01961
20.656782,3.906,0.3027,-0.001842,3.922e-06,3.922e-06,0.003922,-5.882e-05,3.663e-06,0.01961
20.666782,3.916,0.2783,-0.00188,3.922e-06,3.922e-06,0.003922,-5.882e-05,3.663e-06,0.01961
20.676783,3.911,0.2539,-0.00192,3.922e-06,3.922e-06,0.003922,-5.882e-05,3.663e-06,0.01961
20.686783,3.916,0.2246,-0.00195,3.922e-06,3.922e-06,0.003922,-5.882e-05,3.663e-06,0.01961
20.696781,3.892,0.1953,-0.001973,3.922e-06,3.922e-06,0.003922,-5.882e-05,3.663e-06,0.01961
20.706783,3.877,0.1758,-0.001999,3.922e-06,3.922e-06,0.003922,-5.882e-05,3.663e-06,0.01961
20.716784,3.848,0.1416,-0.002011,3.922e-06,3.922e-06,0.003922,-5.882e-05,3.663e-06,0.01961
20.726782,3.813,0.1172,-0.002034,3.922e-06,3.922e-06,0.003922,-5.882e-05,3.663e-06,0.01961
20.736782,3.799,0.08301,-0.002037,3.922e-06,3.922e-06,0.003922,-5.882e-05,3.663e-06,0.01961
20.746782,3.745,0.04883,-0.002037,3.922e-06,3.922e-06,0.003922,-5.882e-05,3.663e-06,0.01961
20.756783,3.711,0.03418,-0.002052,3.922e-06,3.922e-06,0.003922,-5.882e-05,3.663e-06,0.01961
20.766781,3.662,-0.004883,-0.002037,3.922e-06,3.922e-06,0.003922,-5.882e-05,3.663e-06,0.01961
20.776783,3.608,-0.03418,-0.002037,3.922e-06,3.922e-06,0.003922,-5.882e-05,3.663e-06,0.01961
20.786783,3.574,-0.06836,-0.002008,3.922e-06,3.922e-06,0.003922,-5.882e-05,3.663e-06,0.01961
20.796782,3.516,-0.1025,-0.00199,3.922e-06,3.922e-06,0.003922,-5.882e-05,3.663e-06,0.01961
20.806782,3.452,-0.127,-0.001964,3.922e-06,3.922e-06,0.003922,-5.882e-05,3.663e-06,0.01961
20.816782,3.389,-0.1514,-0.001935,3.922e-06,3.922e-06,0.003922,-5.882e-05,3.663e-06,0.01961
20.826782,3.32,-0.1855,-0.0019,3.922e-06,3.922e-06,0.003922,-5.882e-05,3.663e-06,0.01961
20.836782,3.276,-0.21,-0.001856,3.922e-06,3.922e-06,0.003922,-5.882e-05,3.663e-06,0.01961
20.846781,3.208,-0.2344,-0.001827,3.922e-06,3.922e-06,0.003922,-5.882e-05,3.663e-06,0.01961
20.856783,3.14,-0.249,-0.001783,3.922e-06,3.922e-06,0.003922,-5.882e-05,3.663e-06,0.01961
20.866783,3.076,-0.2686,-0.001737,3.922e-06,3.922e-06,0.003922,-5.882e-05,3.663e-06,0.01961
20.876781,3.013,-0.2979,-0.001678,3.922e-06,3.922e-06,0.003922,-5.882e-05,3.663e-06,0.01961
20.886782,2.954,-0.3076,-0.001623,3.922e-06,3.922e-06,0.003922,-5.882e-05,3.663e-06,0.01961
20.896782,2.891,-0.3125,-0.001579,3.922e-06,3.922e-06,0.003922,-5.882e-05,3.663e-06,0.01961
20.906782,2.837,-0.332,-0.001509,3.922e-06,3.922e-06,0.003922,-5.882e-05,3.663e-06,0.01961
20.916782,2.778,-0.3418,-0.001451,3.922e-06,3.922e-06,0.003922,-5.882e-05,3.663e-06,0.01961
20.926781,2.72,-0.3516,-0.001389,3.922e-06,3.922e-06,0.003922,-5.882e-05,3.663e-06,0.01961
20.936783,2.681,-0.3418,-0.001331,3.922e-06,3.922e-06,0.003922,-5.882e-05,3.663e-06,0.01961
20.946783,2.617,-0.3418,-0.001278,3.922e-06,3.922e-06,0.003922,-5.882e-05,3.663e-06,0.01961
20.956781,2.578,-0.3369,-0.001214,3.922e-06,3.922e-06,0.003922,-5.882e-05,3.663e-06,0.01961
20.966782,2.549,-0.3369,-0.00115,3.922e-06,3.922e-06,0.003922,-5.882e-05,3.663e-06,0.01961
20.976782,2.52,-0.3369,-0.001092,3.922e-06,3.922e-06,0.003922,-5.882e-05,3.663e-06,0.01961
20.986782,2.5,-0.3174,-0.001033,3.922e-06,3.922e-06,0.003922,-5.882e-05,3.663e-06,0.01961
20.996782,2.471,-0.3223,-0.0009661,3.922e-06,3.922e-06,0.003922,-5.882e-05,3.663e-06,0.01961
21.006781,2.441,-0.293,-0.0009223,3.922e-06,3.922e-06,0.003922,-5.882e-05,3.663e-06,0.01961
21.016783,2.427,-0.2734,-0.0008727,3.922e-06,3.922e-06,0.003922,-5.882e-05,3.663e-06,0.01961
21.026781,2.412,-0.2637,-0.000823,3.922e-06,3.922e-06,0.003922,-5.882e-05,3.663e-06,0.01961
21.036781,2.427,-0.2344,-0.0007763,3.922e-06,3.922e-06,0.003922,-5.882e-05,3.663e-06,0.01961
21.046782,2.417,-0.2051,-0.000753,3.922e-06,3.922e-06,0.003922,-5.882e-05,3.663e-06,0.01961
21.056782,2.437,-0.1807,-0.0007092,3.922e-06,3.922e-06,0.003922,-5.882e-05,3.663e-06,0.01961
21.066782,2.456,-0.1562,-0.00068,3.922e-06,3.922e-06,0.003922,-5.882e-05,3.663e-06,0.01961
21.076782,2.461,-0.127,-0.0006538,3.922e-06,3.922e-06,0.003922,-5.882e-05,3.663e-06,0.01961
21.086782,2.51,-0.09277,-0.0006333,3.922e-06,3.922e-06,0.003922,-5.882e-05,3.663e-06,0.01961
21.096783,2.524,-0.06836,-0.0006217,3.922e-06,3.922e-06,0.003922,-5.882e-05,3.663e-06,0.01961
21.106783,2.563,-0.0293,-0.0006071,3.922e-06,3.922e-06,0.003922,-5.882e-05,3.663e-06,0.01961
21.116783,2.607,0.004883,-0.0006041,3.922e-06,3.922e-06,0.003922,-5.882e-05,3.663e-06,0.01961
21.126783,2.642,0.03906,-0.00061,3.922e-06,3.922e-06,0.003922,-5.882e-05,3.663e-06,0.01961
21.136782,2.686,0.08789,-0.0006275,3.922e-06,3.922e-06,0.003922,-5.882e-05,3.663e-06,0.01961
21.146782,2.749,0.1074,-0.0006304,3.922e-06,3.922e-06,0.003922,-5.882e-05,3.663e-06,0.01961
21.156784,2.817,0.1416,-0.000645,3.922e-06,3.922e-06,0.003922,-5.882e-05,3.663e-06,0.01961
21.166782,2.891,0.1709,-0.0006625,3.922e-06,3.922e-06,0.003922,-5.882e-05,3.663e-06,0.01961
21.176783,2.944,0.1953,-0.0006888,3.922e-06,3.922e-06,0.003922,-5.882e-05,3.663e-06,0.01961
21.186781,3.003,0.2393,-0.0007238,3.922e-06,3.922e-06,0.003922,-5.882e-05,3.663e-06,0.01961
21.196781,3.081,0.2588,-0.0007647,3.922e-06,3.922e-06,0.003922,-5.882e-05,3.663e-06,0.01961
21.206781,3.135,0.3027,-0.0008143,3.922e-06,3.922e-06,0.003922,-5.882e-05,3.663e-06,0.01961
21.216782,3.208,0.3174,-0.0008522,3.922e-06,3.922e-06,0.003922,-5.882e-05,3.663e-06,0.01961
21.226782,3.271,0.3369,-0.0009048,3.922e-06,3.922e-06,0.003922,-5.882e-05,3.663e-06,0.01961
21.236782,3.359,0.3711,-0.0009573,3.922e-06,3.922e-06,0.003922,-5.882e-05,3.663e-06,0.01961
21.246782,3.418,0.3809,-0.001019,3.922e-06,3.922e-06,0.003922,-5.882e-05,3.663e-06,0.01961
21.256783,3.486,0.4004,-0.00108,3.922e-06,3.922e-06,0.003922,-5.882e-05,3.663e-06,0.01961
21.266785,3.555,0.4199,-0.001141,3.922e-06,3.922e-06,0.003922,-5.882e-05,3.663e-06,0.01961
21.276783,3.613,0.415,-0.001197,3.922e-06,3.922e-06,0.003922,-5.882e-05,3.663e-06,0.01961
21.286783,3.687,0.4346,-0.001261,3.922e-06,3.922e-06,0.003922,-5.882e-05,3.663e-06,0.01961
21.296782,3.721,0.4443,-0.00134,3.922e-06,3.922e-06,0.003922,-5.882e-05,3.663e-06,0.01961
21.306782,3.779,0.4492,-0.001407,3.922e-06,3.922e-06,0.003922,-5.882e-05,3.663e-06,0.01961
21.316782,3.838,0.4395,-0.001465,3.922e-06,3.922e-06,0.003922,-5.882e-05,3.663e-06,0.01961
21.326782,3.877,0.4395,-0.001541,3.922e-06,3.922e-06,0.003922,-5.882e-05,3.663e-06,0.01961
21.336782,3.931,0.4541,-0.001617,3.922e-06,3.922e-06,0.003922,-5.882e-05,3.663e-06,0.01961
21.346783,3.965,0.4248,-0.001672,3.922e-06,3.922e-06,0.003922,-5.882e-05,3.663e-06,0.01961
21.356781,4.004,0.4199,-0.001739,3.922e-06,3.922e-06,0.003922,-5.882e-05,3.663e-06,0.01961
21.366781,4.033,0.4004,-0.001795,3.922e-06,3.922e-06,0.003922,-5.882e-05,3.663e-06,0.01961
21.376781,4.043,0.3809,-0.001853,3.922e-06,3.922e-06,0.003922,-5.882e-05,3.663e-06,0.01961
21.386782,4.058,0.3711,-0.001906,3.922e-06,3.922e-06,0.003922,-5.882e-05,3.663e-06,0.01961
21.396782,4.058,0.3418,-0.001953,3.922e-06,3.922e-06,0.003922,-5.882e-05,3.663e-06,0.01961
21.406782,4.062,0.3125,-0.001996,3.922e-06,3.922e-06,0.003922,-5.882e-05,3.663e-06,0.01961
21.416782,4.053,0.2832,-0.00204,3.922e-06,3.922e-06,0.003922,-5.882e-05,3.663e-06,0.01961
21.426783,4.038,0.2637,-0.002087,3.922e-06,3.922e-06,0.003922,-5.882e-05,3.663e-06,0.01961
21.436783,4.033,0.2441,-0.002131,3.922e-06,3.922e-06,0.003922,-5.882e-05,3.663e-06,0.01961
21.446783,4.009,0.1953,-0.002145,3.922e-06,3.922e-06,0.003922,-5.882e-05,3.663e-06,0.01961
21.456783,3.975,0.166,-0.002166,3.922e-06,3.922e-06,0.003922,-5.882e-05,3.663e-06,0.01961
21.466782,3.936,0.1172,-0.002171,3.922e-06,3.922e-06,0.003922,-5.882e-05,3.663e-06,0.01961
21.476782,3.901,0.08789,-0.002189,3.922e-06,3.922e-06,0.003922,-5.882e-05,3.663e-06,0.01961
21.486782,3.867,0.05371,-0.002186,3.922e-06,3.922e-06,0.003922,-5.882e-05,3.663e-06,0.01961
21.496782,3.799,0.004883,-0.002186,3.922e-06,3.922e-06,0.003922,-5.882e-05,3.663e-06,0.01961
21.506783,3.75,-0.02441,-0.002177,3.922e-06,3.922e-06,0.003922,-5.882e-05,3.663e-06,0.01961
21.516783,3.682,-0.05859,-0.002166,3.922e-06,3.922e-06,0.003922,-5.882e-05,3.663e-06,0.01961
21.526783,3.618,-0.09766,-0.002148,3.922e-06,3.922e-06,0.003922,-5.882e-05,3.663e-06,0.01961
21.536783,3.569,-0.127,-0.002119,3.922e-06,3.922e-06,0.003922,-5.882e-05,3.663e-06,0.01961
21.546782,3.486,-0.1611,-0.002093,3.922e-06,3.922e-06,0.003922,-5.882e-05,3.663e-06,0.01961
21.556782,3.413,-0.1953,-0.002055,3.922e-06,3.922e-06,0.003922,-5.882e-05,3.663e-06,0.01961
21.566782,3.35,-0.2344,-0.002008,3.922e-06,3.922e-06,0.003922,-5.882e-05,3.663e-06,0.01961
21.576782,3.271,-0.2686,-0.001964,3.922e-06,3.922e-06,0.003922,-5.882e-05,3.663e-06,0.01961
21.586782,3.184,-0.2832,-0.001909,3.922e-06,3.922e-06,0.003922,-5.882e-05,3.663e-06,0.01961
21.596781,3.115,-0.3271,-0.00185,3.922e-06,3.922e-06,0.003922,-5.882e-05,3.663e-06,0.01961
21.606781,3.027,-0.3418,-0.001795,3.922e-06,3.922e-06,0.003922,-5.882e-05,3.663e-06,0.01961
21.616783,2.954,-0.3613,-0.001731,3.922e-06,3.922e-06,0.003922,-5.882e-05,3.663e-06,0.01961
21.626781,2.876,-0.3711,-0.001672,3.922e-06,3.922e-06,0.003922,-5.882e-05,3.663e-06,0.01961
21.636782,2.812,-0.376,-0.001617,3.922e-06,3.922e-06,0.003922,-5.882e-05,3.663e-06,0.01961
21.646784,2.729,-0.4102,-0.001524,3.922e-06,3.922e-06,0.003922,-5.882e-05,3.663e-06,0.01961
21.656782,2.681,-0.415,-0.001453,3.922e-06,3.922e-06,0.003922,-5.882e-05,3.663e-06,0.01961
21.66678,2.607,-0.4297,-0.001375,3.922e-06,3.922e-06,0.003922,-5.882e-05,3.663e-06,0.01961
21.676783,2.544,-0.4297,-0.001305,3.922e-06,3.922e-06,0.003922,-5.882e-05,3.663e-06,0.01961
21.686783,2.476,-0.4199,-0.001235,3.922e-06,3.922e-06,0.003922,-5.882e-05,3.663e-06,0.01961
21.696781,2.437,-0.4248,-0.001153,3.922e-06,3.922e-06,0.003922,-5.882e-05,3.663e-06,0.01961
21.706781,2.402,-0.415,-0.00108,3.922e-06,3.922e-06,0.003922,-5.882e-05,3.663e-06,0.01961
21.716782,2.354,-0.4004,-0.001013,3.922e-06,3.922e-06,0.003922,-5.882e-05,3.663e-06,0.01961
21.726784,2.324,-0.3906,-0.0009456,3.922e-06,3.922e-06,0.003922,-5.882e-05,3.663e-06,0.01961
21.736782,2.285,-0.3711,-0.0008785,3.922e-06,3.922e-06,0.003922,-5.882e-05,3.663e-06,0.01961
21.746782,2.271,-0.3564,-0.0008201,3.922e-06,3.922e-06,0.003922,-5.882e-05,3.663e-06,0.01961
21.756783,2.261,-0.3369,-0.0007559,3.922e-06,3.922e-06,0.003922,-5.882e-05,3.663e-06,0.01961
21.766783,2.256,-0.3125,-0.0007005,3.922e-06,3.922e-06,0.003922,-5.882e-05,3.663e-06,0.01961
21.776783,2.256,-0.2832,-0.0006508,3.922e-06,3.922e-06,0.003922,-5.882e-05,3.663e-06,0.01961
21.786783,2.266,-0.2539,-0.0006012,3.922e-06,3.922e-06,0.003922,-5.882e-05,3.663e-06,0.01961
21.796782,2.271,-0.2246,-0.0005575,3.922e-06,3.922e-06,0.003922,-5.882e-05,3.663e-06,0.01961
21.806782,2.295,-0.1953,-0.0005137,3.922e-06,3.922e-06,0.003922,-5.882e-05,3.663e-06,0.01961
21.816782,2.319,-0.1416,-0.000502,3.922e-06,3.922e-06,0.003922,-5.882e-05,3.663e-06,0.01961
21.826782,2.354,-0.1074,-0.0004786,3.922e-06,3.922e-06,0.003922,-5.882e-05,3.663e-06,0.01961
21.836782,2.412,-0.07812,-0.0004495,3.922e-06,3.922e-06,0.003922,-5.882e-05,3.663e-06,0.01961
21.846783,2.446,-0.03418,-0.0004495,3.922e-06,3.922e-06,0.003922,-5.882e-05,3.663e-06,0.01961
21.856781,2.49,0.004883,-0.0004378,3.922e-06,3.922e-06,0.003922,-5.882e-05,3.663e-06,0.01961
21.866781,2.559,0.04883,-0.0004465,3.922e-06,3.922e-06,0.003922,-5.882e-05,3.663e-06,0.01961
21.876781,2.617,0.08789,-0.0004582,3.922e-06,3.922e-06,0.003922,-5.882e-05,3.663e-06,0.01961
21.886782,2.686,0.1367,-0.0004757,3.922e-06,3.922e-06,0.003922,-5.882e-05,3.663e-06,0.01961
21.896782,2.739,0.1709,-0.0004991,3.922e-06,3.922e-06,0.003922,-5.882e-05,3.663e-06,0.01961
21.906782,2.827,0.2051,-0.0005195,3.922e-06,3.922e-06,0.003922,-5.882e-05,3.663e-06,0.01961
21.916782,2.896,0.2441,-0.0005604,3.922e-06,3.922e-06,0.003922,-5.882e-05,3.663e-06,0.01961
21.926783,2.979,0.2783,-0.0006012,3.922e-06,3.922e-06,0.003922,-5.882e-05,3.663e-06,0.01961
21.936783,3.071,0.3223,-0.000645,3.922e-06,3.922e-06,0.003922,-5.882e-05,3.663e-06,0.01961
21.946783,3.149,0.3564,-0.0007063,3.922e-06,3.922e-06,0.003922,-5.882e-05,3.663e-06,0.01961
21.956781,3.242,0.3857,-0.0007676,3.922e-06,3.922e-06,0.003922,-5.882e-05,3.663e-06,0.01961
21.966782,3.32,0.4053,-0.000823,3.922e-06,3.922e-06,0.003922,-5.882e-05,3.663e-06,0.01961
21.976782,3.408,0.4395,-0.0008931,3.922e-06,3.922e-06,0.003922,-5.882e-05,3.663e-06,0.01961
21.986782,3.501,0.459,-0.0009515,3.922e-06,3.922e-06,0.003922,-5.882e-05,3.663e-06,0.01961
21.996782,3.569,0.4834,-0.001042,3.922e-06,3.922e-06,0.003922,-5.882e-05,3.663e-06,0.01961
22.006783,3.647,0.5029,-0.001112,3.922e-06,3.922e-06,0.003922,-5.882e-05,3.663e-06,0.01961
22.016783,3.721,0.5078,-0.001191,3.922e-06,3.922e-06,0.003922,-5.882e-05,3.663e-06,0.01961
22.026783,3.794,0.5225,-0.001278,3.922e-06,3.922e-06,0.003922,-5.882e-05,3.663e-06,0.01961
22.036783,3.887,0.5322,-0.001354,3.922e-06,3.922e-06,0.003922,-5.882e-05,3.663e-06,0.01961
22.046782,3.936,0.5371,-0.001439,3.922e-06,3.922e-06,0.003922,-5.882e-05,3.663e-06,0.01961
22.056782,3.994,0.5371,-0.001521,3.922e-06,3.922e-06,0.003922,-5.882e-05,3.663e-06,0.01961
22.066782,4.053,0.5225,-0.001594,3.922e-06,3.922e-06,0.003922,-5.882e-05,3.663e-06,0.01961
22.076782,4.092,0.5176,-0.001681,3.922e-06,3.922e-06,0.003922,-5.882e-05,3.663e-06,0.01961
22.086782,4.141,0.5078,-0.001757,3.922e-06,3.922e-06,0.003922,-5.882e-05,3.663e-06,0.01961
22.096781,4.175,0.4883,-0.001833,3.922e-06,3.922e-06,0.003922,-5.882e-05,3.663e-06,0.01961
22.106781,4.204,0.4785,-0.001909,3.922e-06,3.922e-06,0.003922,-5.882e-05,3.663e-06,0.01961
22.116781,4.224,0.4639,-0.001979,3.922e-06,3.922e-06,0.003922,-5.882e-05,3.663e-06,0.01961
22.126781,4.233,0.4248,-0.00204,3.922e-06,3.922e-06,0.003922,-5.882e-05,3.663e-06,0.01961
22.136784,4.248,0.3955,-0.00209,3.922e-06,3.922e-06,0.003922,-5.882e-05,3.663e-06,0.01961
22.146782,4.248,0.3662,-0.002154,3.922e-06,3.922e-06,0.003922,-5.882e-05,3.663e-06,0.01961
22.156782,4.243,0.332,-0.002198,3.922e-06,3.922e-06,0.003922,-5.882e-05,3.663e-06,0.01961
22.166782,4.229,0.293,-0.002241,3.922e-06,3.922e-06,0.003922,-5.882e-05,3.663e-06,0.01961
22.176783,4.209,0.2539,-0.002277,3.922e-06,3.922e-06,0.003922,-5.882e-05,3.663e-06,0.01961
22.186783,4.155,0.2295,-0.002323,3.922e-06,3.922e-06,0.003922,-5.882e-05,3.663e-06,0.01961
22.196781,4.126,0.1807,-0.002338,3.922e-06,3.922e-06,0.003922,-5.882e-05,3.663e-06,0.01961
22.206783,4.092,0.1367,-0.002352,3.922e-06,3.922e-06,0.003922,-5.882e-05,3.663e-06,0.01961
22.216784,4.038,0.07812,-0.002358,3.922e-06,3.922e-06,0.003922,-5.882e-05,3.663e-06,0.01961
22.226782,3.984,0.04395,-0.002367,3.922e-06,3.922e-06,0.003922,-5.882e-05,3.663e-06,0.01961
22.236782,3.936,-0.004883,-0.002355,3.922e-06,3.922e-06,0.003922,-5.882e-05,3.663e-06,0.01961
22.246782,3.853,-0.05371,-0.002349,3.922e-06,3.922e-06,0.003922,-5.882e-05,3.663e-06,0.01961
22.256783,3.784,-0.09277,-0.002326,3.922e-06,3.922e-06,0.003922,-5.882e-05,3.663e-06,0.01961
22.266783,3.687,-0.1367,-0.0023,3.922e-06,3.922e-06,0.003922,-5.882e-05,3.663e-06,0.01961
22.276781,3.599,-0.1709,-0.002274,3.922e-06,3.922e-06,0.003922,-5.882e-05,3.663e-06,0.01961
22.286781,3.525,-0.21,-0.002236,3.922e-06,3.922e-06,0.003922,-5.882e-05,3.663e-06,0.01961
22.296782,3.428,-0.2539,-0.002192,3.922e-06,3.922e-06,0.003922,-5.882e-05,3.663e-06,0.01961
22.306782,3.345,-0.2881,-0.002136,3.922e-06,3.922e-06,0.003922,-5.882e-05,3.663e-06,0.01961
22.316782,3.257,-0.332,-0.002081,3.922e-06,3.922e-06,0.003922,-5.882e-05,3.663e-06,0.01961
22.326782,3.164,-0.376,-0.002005,3.922e-06,3.922e-06,0.003922,-5.882e-05,3.663e-06,0.01961
22.336781,3.071,-0.3906,-0.001941,3.922e-06,3.922e-06,0.003922,-5.882e-05,3.663e-06,0.01961
22.346783,2.983,-0.4395,-0.001856,3.922e-06,3.922e-06,0.003922,-5.882e-05,3.663e-06,0.01961
22.356783,2.886,-0.4541,-0.00178,3.922e-06,3.922e-06,0.003922,-5.882e-05,3.663e-06,0.01961
22.366781,2.783,-0.4736,-0.001696,3.922e-06,3.922e-06,0.003922,-5.882e-05,3.663e-06,0.01961
22.376783,2.69,-0.4932,-0.00162,3.922e-06,3.922e-06,0.003922,-5.882e-05,3.663e-06,0.01961
22.386784,2.612,-0.5029,-0.001532,3.922e-06,3.922e-06,0.003922,-5.882e-05,3.663e-06,0.01961
22.396782,2.529,-0.5078,-0.001462,3.922e-06,3.922e-06,0.003922,-5.882e-05,3.663e-06,0.01961
22.406782,2.466,-0.5176,-0.001363,3.922e-06,3.922e-06,0.003922,-5.882e-05,3.663e-06,0.01961
22.416782,2.388,-0.5225,-0.001273,3.922e-06,3.922e-06,0.003922,-5.882e-05,3.663e-06,0.01961
22.426783,2.319,-0.5225,-0.001179,3.922e-06,3.922e-06,0.003922,-5.882e-05,3.663e-06,0.01961
22.436783,2.266,-0.5029,-0.001103,3.922e-06,3.922e-06,0.003922,-5.882e-05,3.663e-06,0.01961
22.446781,2.212,-0.5029,-0.001007,3.922e-06,3.922e-06,0.003922,-5.882e-05,3.663e-06,0.01961
22.456781,2.173,-0.498,-0.0009106,3.922e-06,3.922e-06,0.003922,-5.882e-05,3.663e-06,0.01961
22.466782,2.124,-0.4834,-0.000826,3.922e-06,3.922e-06,0.003922,-5.882e-05,3.663e-06,0.01961
22.476782,2.09,-0.459,-0.000753,3.922e-06,3.922e-06,0.003922,-5.882e-05,3.663e-06,0.01961
22.486782,2.08,-0.4248,-0.0006859,3.922e-06,3.922e-06,0.003922,-5.882e-05,3.663e-06,0.01961
22.496782,2.061,-0.415,-0.0005983,3.922e-06,3.922e-06,0.003922,-5.882e-05,3.663e-06,0.01961
22.506781,2.056,-0.376,-0.0005399,3.922e-06,3.922e-06,0.003922,-5.882e-05,3.663e-06,0.01961
22.516783,2.056,-0.3467,-0.0004816,3.922e-06,3.922e-06,0.003922,-5.882e-05,3.663e-06,0.01961
22.526783,2.075,-0.3076,-0.000429,3.922e-06,3.922e-06,0.003922,-5.882e-05,3.663e-06,0.01961
22.536783,2.08,-0.2539,-0.0003823,3.922e-06,3.922e-06,0.003922,-5.882e-05,3.663e-06,0.01961
22.546782,2.114,-0.2246,-0.0003386,3.922e-06,3.922e-06,0.003922,-5.882e-05,3.663e-06,0.01961
22.556784,2.148,-0.1758,-0.0003006,3.922e-06,3.922e-06,0.003922,-5.882e-05,3.663e-06,0.01961
22.566782,2.188,-0.127,-0.0002802,3.922e-06,3.922e-06,0.003922,-5.882e-05,3.663e-06,0.01961
22.576782,2.236,-0.08301,-0.0002627,3.922e-06,3.922e-06,0.003922,-5.882e-05,3.663e-06,0.01961
22.586782,2.305,-0.03906,-0.0002422,3.922e-06,3.922e-06,0.003922,-5.882e-05,3.663e-06,0.01961
22.596783,2.358,0.009766,-0.0002481,3.922e-06,3.922e-06,0.003922,-5.882e-05,3.663e-06,0.01961
22.606781,2.441,0.07324,-0.0002598,3.922e-06,3.922e-06,0.003922,-5.882e-05,3.663e-06,0.01961
22.616781,2.52,0.1172,-0.0002685,3.922e-06,3.922e-06,0.003922,-5.882e-05,3.663e-06,0.01961
22.626783,2.588,0.1611,-0.0002919,3.922e-06,3.922e-06,0.003922,-5.882e-05,3.663e-06,0.01961
22.636784,2.681,0.2246,-0.0003327,3.922e-06,3.922e-06,0.003922,-5.882e-05,3.663e-06,0.01961
22.646782,2.783,0.2441,-0.0003473,3.922e-06,3.922e-06,0.003922,-5.882e-05,3.663e-06,0.01961
22.656782,2.861,0.3125,-0.0004115,3.922e-06,3.922e-06,0.003922,-5.882e-05,3.663e-06,0.01961
22.666782,2.964,0.3467,-0.0004553,3.922e-06,3.922e-06,0.003922,-5.882e-05,3.663e-06,0.01961
22.676783,3.062,0.3906,-0.0005166,3.922e-06,3.922e-06,0.003922,-5.882e-05,3.663e-06,0.01961
22.686783,3.164,0.4346,-0.0005837,3.922e-06,3.922e-06,0.003922,-5.882e-05,3.663e-06,0.01961
22.696781,3.276,0.4639,-0.0006538,3.922e-06,3.922e-06,0.003922,-5.882e-05,3.663e-06,0.01961
22.706783,3.379,0.5029,-0.0007326,3.922e-06,3.922e-06,0.003922,-5.882e-05,3.663e-06,0.01961
22.716782,3.486,0.5322,-0.0008143,3.922e-06,3.922e-06,0.003922,-5.882e-05,3.663e-06,0.01961
22.726782,3.579,0.5566,-0.0008989,3.922e-06,3.922e-06,0.003922,-5.882e-05,3.663e-06,0.01961
22.736782,3.677,0.5908,-0.0009952,3.922e-06,3.922e-06,0.003922,-5.882e-05,3.663e-06,0.01961
22.746782,3.755,0.6006,-0.001086,3.922e-06,3.922e-06,0.003922,-5.882e-05,3.663e-06,0.01961
22.756783,3.867,0.6152,-0.001173,3.922e-06,3.922e-06,0.003922,-5.882e-05,3.663e-06,0.01961
22.766783,3.95,0.6348,-0.001284,3.922e-06,3.922e-06,0.003922,-5.882e-05,3.663e-06,0.01961
22.776783,4.033,0.6494,-0.001389,3.922e-06,3.922e-06,0.003922,-5.882e-05,3.663e-06,0.01961
22.786783,4.121,0.6494,-0.001483,3.922e-06,3.922e-06,0.003922,-5.882e-05,3.663e-06,0.01961
22.796783,4.175,0.6396,-0.001582,3.922e-06,3.922e-06,0.003922,-5.882e-05,3.663e-06,0.01961
22.806782,4.248,0.625,-0.001664,3.922e-06,3.922e-06,0.003922,-5.882e-05,3.663e-06,0.01961
22.816782,4.316,0.6152,-0.001769,3.922e-06,3.922e-06,0.003922,-5.882e-05,3.663e-06,0.01961
22.826782,4.355,0.6006,-0.001862,3.922e-06,3.922e-06,0.003922,-5.882e-05,3.663e-06,0.01961
22.836782,4.404,0.5908,-0.001953,3.922e-06,3.922e-06,0.003922,-5.882e-05,3.663e-06,0.01961
22.846781,4.424,0.5566,-0.002043,3.922e-06,3.922e-06,0.003922,-5.882e-05,3.663e-06,0.01961
22.856781,4.438,0.5371,-0.002125,3.922e-06,3.922e-06,0.003922,-5.882e-05,3.663e-06,0.01961
22.866783,4.453,0.498,-0.002198,3.922e-06,3.922e-06,0.003922,-5.882e-05,3.663e-06,0.01961
22.876781,4.473,0.4639,-0.002271,3.922e-06,3.922e-06,0.003922,-5.882e-05,3.663e-06,0.01961
22.886782,4.468,0.4443,-0.002347,3.922e-06,3.922e-06,0.003922,-5.882e-05,3.663e-06,0.01961
22.896782,4.443,0.3809,-0.002393,3.922e-06,3.922e-06,0.003922,-5.882e-05,3.663e-06,0.01961
22.906782,4.434,0.3369,-0.00244,3.922e-06,3.922e-06,0.003922,-5.882e-05,3.663e-06,0.01961
22.916782,4.404,0.2979,-0.00249,3.922e-06,3.922e-06,0.003922,-5.882e-05,3.663e-06,0.01961
22.926783,4.36,0.2441,-0.002513,3.922e-06,3.922e-06,0.003922,-5.882e-05,3.663e-06,0.01961
22.936781,4.307,0.2002,-0.002548,3.922e-06,3.922e-06,0.003922,-5.882e-05,3.663e-06,0.01961
22.946783,4.263,0.1367,-0.002563,3.922e-06,3.922e-06,0.003922,-5.882e-05,3.663e-06,0.01961
22.956783,4.194,0.08789,-0.002571,3.922e-06,3.922e-06,0.003922,-5.882e-05,3.663e-06,0.01961
22.966782,4.116,0.0293,-0.002577,3.922e-06,3.922e-06,0.003922,-5.882e-05,3.663e-06,0.01961
22.976782,4.043,-0.01953,-0.002577,3.922e-06,3.922e-06,0.003922,-5.882e-05,3.663e-06,0.01961
22.986782,3.975,-0.06836,-0.00256,3.922e-06,3.922e-06,0.003922,-5.882e-05,3.663e-06,0.01961
22.996782,3.867,-0.1318,-0.002525,3.922e-06,3.922e-06,0.003922,-5.882e-05,3.663e-06,0.01961
23.006783,3.774,-0.1904,-0.002487,3.922e-06,3.922e-06,0.003922,-5.882e-05,3.663e-06,0.01961
23.016783,3.672,-0.2441,-0.002449,3.922e-06,3.922e-06,0.003922,-5.882e-05,3.663e-06,0.01961
23.026783,3.555,-0.2881,-0.002399,3.922e-06,3.922e-06,0.003922,-5.882e-05,3.663e-06,0.01961
23.036783,3.452,-0.3223,-0.002344,3.922e-06,3.922e-06,0.003922,-5.882e-05,3.663e-06,0.01961
23.046783,3.33,-0.3711,-0.002282,3.922e-06,3.922e-06,0.003922,-5.882e-05,3.663e-06,0.01961
23.056782,3.237,-0.4199,-0.002204,3.922e-06,3.922e-06,0.003922,-5.882e-05,3.663e-06,0.01961
23.066782,3.115,-0.4541,-0.002133,3.922e-06,3.922e-06,0.003922,-5.882e-05,3.663e-06,0.01961
23.076782,3.003,-0.4932,-0.002046,3.922e-06,3.922e-06,0.003922,-5.882e-05,3.663e-06,0.01961
23.086782,2.905,-0.5225,-0.001953,3.922e-06,3.922e-06,0.003922,-5.882e-05,3.663e-06,0.01961
23.096781,2.793,-0.5664,-0.001853,3.922e-06,3.922e-06,0.003922,-5.882e-05,3.663e-06,0.01961
23.106783,2.676,-0.5762,-0.00176,3.922e-06,3.922e-06,0.003922,-5.882e-05,3.663e-06,0.01961
23.116783,2.568,-0.6006,-0.001655,3.922e-06,3.922e-06,0.003922,-5.882e-05,3.663e-06,0.01961
23.126781,2.476,-0.625,-0.001544,3.922e-06,3.922e-06,0.003922,-5.882e-05,3.663e-06,0.01961
23.136782,2.388,-0.625,-0.001442,3.922e-06,3.922e-06,0.003922,-5.882e-05,3.663e-06,0.01961
23.146784,2.275,-0.6396,-0.001331,3.922e-06,3.922e-06,0.003922,-5.882e-05,3.663e-06,0.01961
23.156782,2.202,-0.6348,-0.001226,3.922e-06,3.922e-06,0.003922,-5.882e-05,3.663e-06,0.01961
23.166782,2.119,-0.6348,-0.001118,3.922e-06,3.922e-06,0.003922,-5.882e-05,3.663e-06,0.01961
23.176783,2.061,-0.6348,-0.001004,3.922e-06,3.922e-06,0.003922,-5.882e-05,3.663e-06,0.01961
23.186781,2.002,-0.6152,-0.0008989,3.922e-06,3.922e-06,0.003922,-5.882e-05,3.663e-06,0.01961
23.196781,1.938,-0.6055,-0.0007968,3.922e-06,3.922e-06,0.003922,-5.882e-05,3.663e-06,0.01961
23.206781,1.89,-0.5713,-0.0007005,3.922e-06,3.922e-06,0.003922,-5.882e-05,3.663e-06,0.01961
23.216784,1.851,-0.5518,-0.0005983,3.922e-06,3.922e-06,0.003922,-5.882e-05,3.663e-06,0.01961
23.226784,1.821,-0.5176,-0.0005166,3.922e-06,3.922e-06,0.003922,-5.882e-05,3.663e-06,0.01961
23.236782,1.807,-0.4785,-0.0004261,3.922e-06,3.922e-06,0.003922,-5.882e-05,3.663e-06,0.01961
23.246782,1.797,-0.4541,-0.0003502,3.922e-06,3.922e-06,0.003922,-5.882e-05,3.663e-06,0.01961
23.256783,1.792,-0.4053,-0.0002773,3.922e-06,3.922e-06,0.003922,-5.882e-05,3.663e-06,0.01961
23.266783,1.797,-0.3564,-0.0002189,3.922e-06,3.922e-06,0.003922,-5.882e-05,3.663e-06,0.01961
23.276783,1.821,-0.3174,-0.0001547,3.922e-06,3.922e-06,0.003922,-5.882e-05,3.663e-06,0.01961
23.286783,1.865,-0.2637,-0.0001051,3.922e-06,3.922e-06,0.003922,-5.882e-05,3.663e-06,0.01961
23.296782,1.899,-0.2148,-7.88e-05,3.922e-06,3.922e-06,0.003922,-5.882e-05,3.663e-06,0.01961
23.306782,1.963,-0.1514,-4.086e-05,3.922e-06,3.922e-06,0.003922,-5.882e-05,3.663e-06,0.01961
23.316784,2.017,-0.09277,-2.335e-05,3.922e-06,3.922e-06,0.003922,-5.882e-05,3.663e-06,0.01961
23.326782,2.095,-0.03906,-8.756e-06,3.922e-06,3.922e-06,0.003922,-5.882e-05,3.663e-06,0.01961
23.336782,2.188,0.02441,-8.756e-06,3.922e-06,3.922e-06,0.003922,-5.882e-05,3.663e-06,0.01961
23.346781,2.261,0.08789,-2.043e-05,3.922e-06,3.922e-06,0.003922,-5.882e-05,3.663e-06,0.01961
23.356781,2.368,0.1465,-3.794e-05,3.922e-06,3.922e-06,0.003922,-5.882e-05,3.663e-06,0.01961
23.366781,2.485,0.1953,-6.129e-05,3.922e-06,3.922e-06,0.003922,-5.882e-05,3.663e-06,0.01961
23.376781,2.573,0.2539,-0.0001022,3.922e-06,3.922e-06,0.003922,-5.882e-05,3.663e-06,0.01961
23.386782,2.686,0.3174,-0.0001488,3.922e-06,3.922e-06,0.003922,-5.882e-05,3.663e-06,0.01961
23.396784,2.803,0.376,-0.000216,3.922e-06,3.922e-06,0.003922,-5.882e-05,3.663e-06,0.01961
23.406782,2.92,0.4248,-0.0002685,3.922e-06,3.922e-06,0.003922,-5.882e-05,3.663e-06,0.01961
23.416782,3.037,0.4785,-0.0003444,3.922e-06,3.922e-06,0.003922,-5.882e-05,3.663e-06,0.01961
23.426781,3.174,0.5225,-0.0004261,3.922e-06,3.922e-06,0.003922,-5.882e-05,3.663e-06,0.01961
23.436783,3.291,0.5762,-0.0005166,3.922e-06,3.922e-06,0.003922,-5.882e-05,3.663e-06,0.01961
23.446783,3.403,0.6152,-0.0006129,3.922e-06,3.922e-06,0.003922,-5.882e-05,3.663e-06,0.01961
23.456783,3.55,0.6445,-0.0007092,3.922e-06,3.922e-06,0.003922,-5.882e-05,3.663e-06,0.01961
23.466784,3.667,0.6836,-0.0008201,3.922e-06,3.922e-06,0.003922,-5.882e-05,3.663e-06,0.01961
23.476784,3.784,0.7031,-0.0009252,3.922e-06,3.922e-06,0.003922,-5.882e-05,3.663e-06,0.01961
23.486782,3.906,0.7227,-0.001024,3.922e-06,3.922e-06,0.003922,-5.882e-05,3.663e-06,0.01961
23.496782,4.009,0.7275,-0.001138,3.922e-06,3.922e-06,0.003922,-5.882e-05,3.663e-06,0.01961
23.506783,4.116,0.7666,-0.001278,3.922e-06,3.922e-06,0.003922,-5.882e-05,3.663e-06,0.01961
23.516783,4.214,0.7666,-0.001395,3.922e-06,3.922e-06,0.003922,-5.882e-05,3.663e-06,0.01961
23.526783,4.307,0.7764,-0.001526,3.922e-06,3.922e-06,0.003922,-5.882e-05,3.663e-06,0.01961
23.536781,4.409,0.7568,-0.001629,3.922e-06,3.922e-06,0.003922,-5.882e-05,3.663e-06,0.01961
23.546782,4.468,0.7568,-0.001757,3.922e-06,3.922e-06,0.003922,-5.882e-05,3.663e-06,0.01961
23.556782,4.541,0.752,-0.001877,3.922e-06,3.922e-06,0.003922,-5.882e-05,3.663e-06,0.01961
23.566782,4.604,0.7227,-0.001979,3.922e-06,3.922e-06,0.003922,-5.882e-05,3.663e-06,0.01961
23.576782,4.644,0.6836,-0.002084,3.922e-06,3.922e-06,0.003922,-5.882e-05,3.663e-06,0.01961
23.586782,4.683,0.6738,-0.002189,3.922e-06,3.922e-06,0.003922,-5.882e-05,3.663e-06,0.01961
23.596783,4.712,0.625,-0.002285,3.922e-06,3.922e-06,0.003922,-5.882e-05,3.663e-06,0.01961
23.606783,4.741,0.6006,-0.00239,3.922e-06,3.922e-06,0.003922,-5.882e-05,3.663e-06,0.01961
23.616783,4.741,0.5566,-0.002472,3.922e-06,3.922e-06,0.003922,-5.882e-05,3.663e-06,0.01961
23.626781,4.736,0.5029,-0.002554,3.922e-06,3.922e-06,0.003922,-5.882e-05,3.663e-06,0.01961
23.636784,4.712,0.4688,-0.002627,3.922e-06,3.922e-06,0.003922,-5.882e-05,3.663e-06,0.01961
23.646782,4.692,0.3955,-0.002673,3.922e-06,3.922e-06,0.003922,-5.882e-05,3.663e-06,0.01961
23.656782,4.653,0.3467,-0.002729,3.922e-06,3.922e-06,0.003922,-5.882e-05,3.663e-06,0.01961
23.666782,4.609,0.2832,-0.002776,3.922e-06,3.922e-06,0.003922,-5.882e-05,3.663e-06,0.01961
23.676783,4.546,0.2246,-0.002802,3.922e-06,3.922e-06,0.003922,-5.882e-05,3.663e-06,0.01961
23.686783,4.463,0.1709,-0.002825,3.922e-06,3.922e-06,0.003922,-5.882e-05,3.663e-06,0.01961
23.696781,4.385,0.09277,-0.002837,3.922e-06,3.922e-06,0.003922,-5.882e-05,3.663e-06,0.01961
23.706781,4.307,0.03418,-0.00284,3.922e-06,3.922e-06,0.003922,-5.882e-05,3.663e-06,0.01961
23.716784,4.209,-0.03906,-0.002825,3.922e-06,3.922e-06,0.003922,-5.882e-05,3.663e-06,0.01961
23.726782,4.126,-0.1025,-0.002808,3.922e-06,3.922e-06,0.003922,-5.882e-05,3.663e-06,0.01961
23.736784,4.014,-0.1709,-0.002767,3.922e-06,3.922e-06,0.003922,-5.882e-05,3.663e-06,0.01961
23.746782,3.862,-0.2344,-0.002723,3.922e-06,3.922e-06,0.003922,-5.882e-05,3.663e-06,0.01961
23.756783,3.76,-0.2979,-0.002673,3.922e-06,3.922e-06,0.003922,-5.882e-05,3.663e-06,0.01961
23.766783,3.623,-0.3564,-0.002606,3.922e-06,3.922e-06,0.003922,-5.882e-05,3.663e-06,0.01961
23.776781,3.496,-0.4053,-0.002548,3.922e-06,3.922e-06,0.003922,-5.882e-05,3.663e-06,0.01961
23.786781,3.369,-0.4639,-0.002469,3.922e-06,3.922e-06,0.003922,-5.882e-05,3.663e-06,0.01961
23.796783,3.218,-0.5176,-0.002379,3.922e-06,3.922e-06,0.003922,-5.882e-05,3.663e-06,0.01961
23.806782,3.091,-0.5615,-0.002282,3.922e-06,3.922e-06,0.003922,-5.882e-05,3.663e-06,0.01961
23.816782,2.959,-0.6104,-0.002177,3.922e-06,3.922e-06,0.003922,-5.882e-05,3.663e-06,0.01961
23.826782,2.817,-0.6494,-0.002066,3.922e-06,3.922e-06,0.003922,-5.882e-05,3.663e-06,0.01961
23.836781,2.695,-0.6885,-0.001947,3.922e-06,3.922e-06,0.003922,-5.882e-05,3.663e-06,0.01961
23.846783,2.554,-0.7227,-0.001821,3.922e-06,3.922e-06,0.003922,-5.882e-05,3.663e-06,0.01961
23.856783,2.427,-0.7373,-0.001707,3.922e-06,3.922e-06,0.003922,-5.882e-05,3.663e-06,0.01961
23.866781,2.295,-0.7617,-0.001573,3.922e-06,3.922e-06,0.003922,-5.882e-05,3.663e-06,0.01961
23.876781,2.183,-0.7812,-0.001442,3.922e-06,3.922e-06,0.003922,-5.882e-05,3.663e-06,0.01961
23.886782,2.085,-0.7764,-0.00131,3.922e-06,3.922e-06,0.003922,-5.882e-05,3.663e-06,0.01961
23.896782,1.968,-0.7861,-0.001179,3.922e-06,3.922e-06,0.003922,-5.882e-05,3.663e-06,0.01961
23.906782,1.89,-0.7764,-0.001045,3.922e-06,3.922e-06,0.003922,-5.882e-05,3.663e-06,0.01961
23.916782,1.797,-0.7666,-0.0009194,3.922e-06,3.922e-06,0.003922,-5.882e-05,3.663e-06,0.01961
23.926783,1.719,-0.7568,-0.000788,3.922e-06,3.922e-06,0.003922,-5.882e-05,3.663e-06,0.01961
23.936781,1.631,-0.7373,-0.0006596,3.922e-06,3.922e-06,0.003922,-5.882e-05,3.663e-06,0.01961
23.946781,1.528,-0.7227,-0.0005312,3.922e-06,3.922e-06,0.003922,-5.882e-05,3.663e-06,0.01961
23.956783,1.436,-0.6787,-0.000432,3.922e-06,3.922e-06,0.003922,-5.882e-05,3.663e-06,0.01961
23.966782,1.343,-0.6445,-0.0003181,3.922e-06,3.922e-06,0.003922,-5.882e-05,3.663e-06,0.01961
23.976782,1.27,-0.6006,-0.0002189,3.922e-06,3.922e-06,0.003922,-5.882e-05,3.663e-06,0.01961
23.986782,1.191,-0.5566,-0.0001226,3.922e-06,3.922e-06,0.003922,-5.882e-05,3.663e-06,0.01961
23.996782,1.128,-0.5371,-2.335e-05,3.922e-06,3.922e-06,0.003922,-5.882e-05,3.663e-06,0.01961
24.006783,1.05,-0.4785,5.253e-05,3.922e-06,3.922e-06,0.003922,-5.882e-05,3.663e-06,0.01961
24.016783,0.9961,-0.4346,0.0001255,3.922e-06,3.922e-06,0.003922,-5.882e-05,3.663e-06,0.01961
24.026783,0.9473,-0.3857,0.0001955,3.922e-06,3.922e-06,0.003922,-5.882e-05,3.663e-06,0.01961
24.036783,0.918,-0.3369,0.0002627,3.922e-06,3.922e-06,0.003922,-5.882e-05,3.663e-06,0.01961
24.046782,0.8691,-0.2734,0.0002889,3.922e-06,3.922e-06,0.003922,-5.882e-05,3.663e-06,0.01961
24.056782,0.8691,-0.2197,0.0003386,3.922e-06,3.922e-06,0.003922,-5.882e-05,3.663e-06,0.01961
24.066782,0.8447,-0.166,0.0003677,3.922e-06,3.922e-06,0.003922,-5.882e-05,3.663e-06,0.01961
24.076782,0.8691,-0.1123,0.0003911,3.922e-06,3.922e-06,0.003922,-5.882e-05,3.663e-06,0.01961
24.086782,0.8838,-0.04883,0.0004028,3.922e-06,3.922e-06,0.003922,-5.882e-05,3.663e-06,0.01961
24.096783,0.918,-0.004883,0.0004057,3.922e-06,3.922e-06,0.003922,-5.882e-05,3.663e-06,0.01961
24.106783,0.9961,0.04883,0.0004115,3.922e-06,3.922e-06,0.003922,-5.882e-05,3.663e-06,0.01961
24.116783,1.055,0.09277,0.0004028,3.922e-06,3.922e-06,0.003922,-5.882e-05,3.663e-06,0.01961
24.126783,1.143,0.1465,0.0003794,3.922e-06,3.922e-06,0.003922,-5.882e-05,3.663e-06,0.01961
24.136784,1.27,0.2002,0.0003561,3.922e-06,3.922e-06,0.003922,-5.882e-05,3.663e-06,0.01961
24.146784,1.372,0.2588,0.0003065,3.922e-06,3.922e-06,0.003922,-5.882e-05,3.663e-06,0.01961
24.156782,1.543,0.3125,0.0002685,3.922e-06,3.922e-06,0.003922,-5.882e-05,3.663e-06,0.01961
24.166782,1.709,0.3711,0.0002101,3.922e-06,3.922e-06,0.003922,-5.882e-05,3.663e-06,0.01961
24.176783,1.914,0.4102,0.0001518,3.922e-06,3.922e-06,0.003922,-5.882e-05,3.663e-06,0.01961
24.186783,2.129,0.4639,7.88e-05,3.922e-06,3.922e-06,0.003922,-5.882e-05,3.663e-06,0.01961
24.196783,2.319,0.5029,1.167e-05,3.922e-06,3.922e-06,0.003922,-5.882e-05,3.663e-06,0.01961
24.206781,2.52,0.5615,-8.172e-05,3.922e-06,3.922e-06,0.003922,-5.882e-05,3.663e-06,0.01961
24.216782,2.705,0.6104,-0.0001751,3.922e-06,3.922e-06,0.003922,-5.882e-05,3.663e-06,0.01961
24.226782,2.871,0.6543,-0.0002802,3.922e-06,3.922e-06,0.003922,-5.882e-05,3.663e-06,0.01961
24.236782,3.066,0.6934,-0.0003911,3.922e-06,3.922e-06,0.003922,-5.882e-05,3.663e-06,0.01961
24.246782,3.223,0.7324,-0.0005049,3.922e-06,3.922e-06,0.003922,-5.882e-05,3.663e-06,0.01961
24.256783,3.389,0.7812,-0.0006275,3.922e-06,3.922e-06,0.003922,-5.882e-05,3.663e-06,0.01961
24.266781,3.56,0.8057,-0.0007618,3.922e-06,3.922e-06,0.003922,-5.882e-05,3.663e-06,0.01961
24.276783,3.721,0.835,-0.0008873,3.922e-06,3.922e-06,0.003922,-5.882e-05,3.663e-06,0.01961
24.286781,3.877,0.8398,-0.001016,3.922e-06,3.922e-06,0.003922,-5.882e-05,3.663e-06,0.01961
24.296783,4.009,0.8545,-0.001159,3.922e-06,3.922e-06,0.003922,-5.882e-05,3.663e-06,0.01961
24.306782,4.146,0.8691,-0.001284,3.922e-06,3.922e-06,0.003922,-5.882e-05,3.663e-06,0.01961
24.316782,4.258,0.8691,-0.001424,3.922e-06,3.922e-06,0.003922,-5.882e-05,3.663e-06,0.01961
24.326782,4.38,0.874,-0.001564,3.922e-06,3.922e-06,0.003922,-5.882e-05,3.663e-06,0.01961
24.336782,4.492,0.8691,-0.001699,3.922e-06,3.922e-06,0.003922,-5.882e-05,3.663e-06,0.01961
24.346783,4.565,0.8545,-0.001845,3.922e-06,3.922e-06,0.003922,-5.882e-05,3.663e-06,0.01961
24.356783,4.653,0.835,-0.001964,3.922e-06,3.922e-06,0.003922,-5.882e-05,3.663e-06,0.01961
24.366783,4.717,0.8057,-0.002093,3.922e-06,3.922e-06,0.003922,-5.882e-05,3.663e-06,0.01961
24.376783,4.78,0.7764,-0.002215,3.922e-06,3.922e-06,0.003922,-5.882e-05,3.663e-06,0.01961
24.386784,4.834,0.7324,-0.002317,3.922e-06,3.922e-06,0.003922,-5.882e-05,3.663e-06,0.01961
24.396782,4.858,0.6982,-0.002443,3.922e-06,3.922e-06,0.003922,-5.882e-05,3.663e-06,0.01961
24.406782,4.873,0.6543,-0.002536,3.922e-06,3.922e-06,0.003922,-5.882e-05,3.663e-06,0.01961
24.416782,4.878,0.6006,-0.002633,3.922e-06,3.922e-06,0.003922,-5.882e-05,3.663e-06,0.01961
24.426783,4.863,0.542,-0.002714,3.922e-06,3.922e-06,0.003922,-5.882e-05,3.663e-06,0.01961
24.436783,4.858,0.4883,-0.002787,3.922e-06,3.922e-06,0.003922,-5.882e-05,3.663e-06,0.01961
24.446781,4.834,0.4199,-0.002849,3.922e-06,3.922e-06,0.003922,-5.882e-05,3.663e-06,0.01961
24.456783,4.78,0.3564,-0.002901,3.922e-06,3.922e-06,0.003922,-5.882e-05,3.663e-06,0.01961
24.466784,4.722,0.293,-0.002951,3.922e-06,3.922e-06,0.003922,-5.882e-05,3.663e-06,0.01961
24.476784,4.658,0.2197,-0.002977,3.922e-06,3.922e-06,0.003922,-5.882e-05,3.663e-06,0.01961
24.486782,4.585,0.1465,-0.002994,3.922e-06,3.922e-06,0.003922,-5.882e-05,3.663e-06,0.01961
24.49678,4.478,0.06836,-0.003,3.922e-06,3.922e-06,0.003922,-5.882e-05,3.663e-06,0.01961
24.506783,4.38,0.004883,-0.003003,3.922e-06,3.922e-06,0.003922,-5.882e-05,3.663e-06,0.01961
24.516783,4.272,-0.06836,-0.002986,3.922e-06,3.922e-06,0.003922,-5.882e-05,3.663e-06,0.01961
24.526783,4.146,-0.1416,-0.002962,3.922e-06,3.922e-06,0.003922,-5.882e-05,3.663e-06,0.01961
24.536781,4.028,-0.21,-0.002922,3.922e-06,3.922e-06,0.003922,-5.882e-05,3.663e-06,0.01961
24.546783,3.901,-0.2979,-0.002857,3.922e-06,3.922e-06,0.003922,-5.882e-05,3.663e-06,0.01961
24.556782,3.765,-0.3564,-0.002808,3.922e-06,3.922e-06,0.003922,-5.882e-05,3.663e-06,0.01961
24.566782,3.608,-0.4297,-0.002729,3.922e-06,3.922e-06,0.003922,-5.882e-05,3.663e-06,0.01961
24.576782,3.472,-0.498,-0.002638,3.922e-06,3.922e-06,0.003922,-5.882e-05,3.663e-06,0.01961
24.586782,3.33,-0.5469,-0.002548,3.922e-06,3.922e-06,0.003922,-5.882e-05,3.663e-06,0.01961
24.596783,3.159,-0.6104,-0.002449,3.922e-06,3.922e-06,0.003922,-5.882e-05,3.663e-06,0.01961
24.606783,3.003,-0.6494,-0.002344,3.922e-06,3.922e-06,0.003922,-5.882e-05,3.663e-06,0.01961
24.616783,2.861,-0.7031,-0.002215,3.922e-06,3.922e-06,0.003922,-5.882e-05,3.663e-06,0.01961
24.626783,2.695,-0.7422,-0.002104,3.922e-06,3.922e-06,0.003922,-5.882e-05,3.663e-06,0.01961
24.636782,2.563,-0.7764,-0.001964,3.922e-06,3.922e-06,0.003922,-5.882e-05,3.663e-06,0.01961
24.646782,2.427,-0.8252,-0.001818,3.922e-06,3.922e-06,0.003922,-5.882e-05,3.663e-06,0.01961
24.656782,2.275,-0.8301,-0.00169,3.922e-06,3.922e-06,0.003922,-5.882e-05,3.663e-06,0.01961
24.666782,2.144,-0.8545,-0.001544,3.922e-06,3.922e-06,0.003922,-5.882e-05,3.663e-06,0.01961
24.676781,2.017,-0.8838,-0.001389,3.922e-06,3.922e-06,0.003922,-5.882e-05,3.663e-06,0.01961
24.686781,1.904,-0.8789,-0.001243,3.922e-06,3.922e-06,0.003922,-5.882e-05,3.663e-06,0.01961
24.696781,1.792,-0.8887,-0.001089,3.922e-06,3.922e-06,0.003922,-5.882e-05,3.663e-06,0.01961
24.706781,1.67,-0.8643,-0.0009573,3.922e-06,3.922e-06,0.003922,-5.882e-05,3.663e-06,0.01961
24.716784,1.533,-0.8643,-0.0008085,3.922e-06,3.922e-06,0.003922,-5.882e-05,3.663e-06,0.01961
24.726782,1.406,-0.8398,-0.0006713,3.922e-06,3.922e-06,0.003922,-5.882e-05,3.663e-06,0.01961
24.736782,1.27,-0.8105,-0.0005283,3.922e-06,3.922e-06,0.003922,-5.882e-05,3.663e-06,0.01961
24.746782,1.143,-0.791,-0.0004028,3.922e-06,3.922e-06,0.003922,-5.882e-05,3.663e-06,0.01961
24.756783,1.016,-0.7568,-0.0002685,3.922e-06,3.922e-06,0.003922,-5.882e-05,3.663e-06,0.01961
24.766783,0.8789,-0.7275,-0.000143,3.922e-06,3.922e-06,0.003922,-5.882e-05,3.663e-06,0.01961
24.776783,0.7471,-0.6885,-2.919e-05,3.922e-06,3.922e-06,0.003922,-5.882e-05,3.663e-06,0.01961
24.786783,0.6104,-0.6348,7.296e-05,3.922e-06,3.922e-06,0.003922,-5.882e-05,3.663e-06,0.01961
24.796783,0.4785,-0.6152,0.0001868,3.922e-06,3.922e-06,0.003922,-5.882e-05,3.663e-06,0.01961
24.806784,0.3467,-0.5615,0.0002831,3.922e-06,3.922e-06,0.003922,-5.882e-05,3.663e-06,0.01961
24.816782,0.2246,-0.5176,0.0003677,3.922e-06,3.922e-06,0.003922,-5.882e-05,3.663e-06,0.01961
24.826782,0.1025,-0.4688,0.0004465,3.922e-06,3.922e-06,0.003922,-5.882e-05,3.663e-06,0.01961
24.836782,-0.009766,-0.4248,0.0005195,3.922e-06,3.922e-06,0.003922,-5.882e-05,3.663e-06,0.01961
24.846783,-0.127,-0.376,0.000572,3.922e-06,3.922e-06,0.003922,-5.882e-05,3.663e-06,0.01961
24.856781,-0.2197,-0.332,0.0006392,3.922e-06,3.922e-06,0.003922,-5.882e-05,3.663e-06,0.01961
24.866783,-0.3271,-0.2881,0.0006917,3.922e-06,3.922e-06,0.003922,-5.882e-05,3.663e-06,0.01961
24.876783,-0.4248,-0.249,0.0007501,3.922e-06,3.922e-06,0.003922,-5.882e-05,3.663e-06,0.01961
24.886782,-0.5225,-0.2002,0.0007734,3.922e-06,3.922e-06,0.003922,-5.882e-05,3.663e-06,0.01961
24.896782,-0.6055,-0.1709,0.0008114,3.922e-06,3.922e-06,0.003922,-5.882e-05,3.663e-06,0.01961
24.906782,-0.6885,-0.1221,0.000826,3.922e-06,3.922e-06,0.003922,-5.882e-05,3.663e-06,0.01961
24.916782,-0.7666,-0.07812,0.0008289,3.922e-06,3.922e-06,0.003922,-5.882e-05,3.663e-06,0.01961
24.926783,-0.8398,-0.04395,0.0008435,3.922e-06,3.922e-06,0.003922,-5.882e-05,3.663e-06,0.01961
24.936781,-0.9082,-0.01465,0.0008551,3.922e-06,3.922e-06,0.003922,-5.882e-05,3.663e-06,0.01961
24.946781,-0.9766,-0.004883,0.0008727,3.922e-06,3.922e-06,0.003922,-5.882e-05,3.663e-06,0.01961
24.956781,-1.03,0.03418,0.0008551,3.922e-06,3.922e-06,0.003922,-5.882e-05,3.663e-06,0.01961
24.966784,-1.113,0.06348,0.0008406,3.922e-06,3.922e-06,0.003922,-5.882e-05,3.663e-06,0.01961
24.976782,-1.167,0.08789,0.0008289,3.922e-06,3.922e-06,0.003922,-5.882e-05,3.663e-06,0.01961
24.986782,-1.211,0.1123,0.0008114,3.922e-06,3.922e-06,0.003922,-5.882e-05,3.663e-06,0.01961
24.996782,-1.274,0.1221,0.0007909,3.922e-06,3.922e-06,0.003922,-5.882e-05,3.663e-06,0.01961
25.006784,-1.338,0.1465,0.0007676,3.922e-06,3.922e-06,0.003922,-5.882e-05,3.663e-06,0.01961
25.016783,-1.396,0.1465,0.0007501,3.922e-06,3.922e-06,0.003922,-5.882e-05,3.663e-06,0.01961
25.026781,-1.47,0.1367,0.0007384,3.922e-06,3.922e-06,0.003922,-5.882e-05,3.663e-06,0.01961
25.036783,-1.514,0.1611,0.0007034,3.922e-06,3.922e-06,0.003922,-5.882e-05,3.663e-06,0.01961
25.046783,-1.577,0.1318,0.0007005,3.922e-06,3.922e-06,0.003922,-5.882e-05,3.663e-06,0.01961
25.056782,-1.65,0.1416,0.0006713,3.922e-06,3.922e-06,0.003922,-5.882e-05,3.663e-06,0.01961
25.066782,-1.733,0.1367,0.0006479,3.922e-06,3.922e-06,0.003922,-5.882e-05,3.663e-06,0.01961
25.076782,-1.802,0.127,0.0006246,3.922e-06,3.922e-06,0.003922,-5.882e-05,3.663e-06,0.01961
25.086782,-1.855,0.127,0.0006071,3.922e-06,3.922e-06,0.003922,-5.882e-05,3.663e-06,0.01961
25.096783,-1.934,0.1123,0.0005808,3.922e-06,3.922e-06,0.003922,-5.882e-05,3.663e-06,0.01961
25.106781,-1.978,0.07812,0.0005896,3.922e-06,3.922e-06,0.003922,-5.882e-05,3.663e-06,0.01961
25.116783,-2.046,0.05859,0.0005779,3.922e-06,3.922e-06,0.003922,-5.882e-05,3.663e-06,0.01961
25.126783,-2.104,0.03418,0.0005779,3.922e-06,3.922e-06,0.003922,-5.882e-05,3.663e-06,0.01961
25.136782,-2.163,0.01953,0.000572,3.922e-06,3.922e-06,0.003922,-5.882e-05,3.663e-06,0.01961
25.146782,-2.227,-0.01465,0.0005837,3.922e-06,3.922e-06,0.003922,-5.882e-05,3.663e-06,0.01961
25.156782,-2.295,-0.01953,0.0005866,3.922e-06,3.922e-06,0.003922,-5.882e-05,3.663e-06,0.01961
25.166782,-2.363,-0.04883,0.0005925,3.922e-06,3.922e-06,0.003922,-5.882e-05,3.663e-06,0.01961
25.176783,-2.427,-0.07324,0.0006071,3.922e-06,3.922e-06,0.003922,-5.882e-05,3.663e-06,0.01961
25.186781,-2.495,-0.09766,0.0006275,3.922e-06,3.922e-06,0.003922,-5.882e-05,3.663e-06,0.01961
25.196783,-2.559,-0.1318,0.0006538,3.922e-06,3.922e-06,0.003922,-5.882e-05,3.663e-06,0.01961
25.206783,-2.612,-0.1562,0.000683,3.922e-06,3.922e-06,0.003922,-5.882e-05,3.663e-06,0.01961
25.216782,-2.69,-0.1709,0.0007092,3.922e-06,3.922e-06,0.003922,-5.882e-05,3.663e-06,0.01961
25.226782,-2.754,-0.2002,0.0007442,3.922e-06,3.922e-06,0.003922,-5.882e-05,3.663e-06,0.01961
25.236782,-2.822,-0.2148,0.000788,3.922e-06,3.922e-06,0.003922,-5.882e-05,3.663e-06,0.01961
25.246782,-2.91,-0.2295,0.0008143,3.922e-06,3.922e-06,0.003922,-5.882e-05,3.663e-06,0.01961
25.256783,-2.949,-0.249,0.0008668,3.922e-06,3.922e-06,0.003922,-5.882e-05,3.663e-06,0.01961
25.266783,-3.027,-0.2734,0.0009135,3.922e-06,3.922e-06,0.003922,-5.882e-05,3.663e-06,0.01961
25.276783,-3.091,-0.2783,0.0009485,3.922e-06,3.922e-06,0.003922,-5.882e-05,3.663e-06,0.01961
25.286783,-3.14,-0.293,0.001007,3.922e-06,3.922e-06,0.003922,-5.882e-05,3.663e-06,0.01961
25.296782,-3.218,-0.2979,0.001048,3.922e-06,3.922e-06,0.003922,-5.882e-05,3.663e-06,0.01961
25.306782,-3.257,-0.3174,0.001121,3.922e-06,3.922e-06,0.003922,-5.882e-05,3.663e-06,0.01961
25.316782,-3.311,-0.3223,0.001173,3.922e-06,3.922e-06,0.003922,-5.882e-05,3.663e-06,0.01961
25.326782,-3.359,-0.332,0.001235,3.922e-06,3.922e-06,0.003922,-5.882e-05,3.663e-06,0.01961
25.336782,-3.418,-0.3271,0.001293,3.922e-06,3.922e-06,0.003922,-5.882e-05,3.663e-06,0.01961
25.346783,-3.472,-0.332,0.001334,3.922e-06,3.922e-06,0.003922,-5.882e-05,3.663e-06,0.01961
25.356781,-3.496,-0.3174,0.001389,3.922e-06,3.922e-06,0.003922,-5.882e-05,3.663e-06,0.01961
25.366783,-3.535,-0.3369,0.001456,3.922e-06,3.922e-06,0.003922,-5.882e-05,3.663e-06,0.01961
25.376783,-3.564,-0.3076,0.0015,3.922e-06,3.922e-06,0.003922,-5.882e-05,3.663e-06,0.01961
25.386784,-3.579,-0.293,0.001556,3.922e-06,3.922e-06,0.003922,-5.882e-05,3.663e-06,0.01961
25.396782,-3.618,-0.2979,0.001614,3.922e-06,3.922e-06,0.003922,-5.882e-05,3.663e-06,0.01961
25.406782,-3.628,-0.2686,0.001649,3.922e-06,3.922e-06,0.003922,-5.882e-05,3.663e-06,0.01961
25.416782,-3.643,-0.2637,0.001713,3.922e-06,3.922e-06,0.003922,-5.882e-05,3.663e-06,0.01961
25.426785,-3.662,-0.2393,0.001742,3.922e-06,3.922e-06,0.003922,-5.882e-05,3.663e-06,0.01961
25.436783,-3.643,-0.2051,0.001769,3.922e-06,3.922e-06,0.003922,-5.882e-05,3.663e-06,0.01961
25.446781,-3.647,-0.1953,0.001815,3.922e-06,3.922e-06,0.003922,-5.882e-05,3.663e-06,0.01961
25.456783,-3.638,-0.1514,0.001833,3.922e-06,3.922e-06,0.003922,-5.882e-05,3.663e-06,0.01961
25.466782,-3.623,-0.1465,0.001868,3.922e-06,3.922e-06,0.003922,-5.882e-05,3.663e-06,0.01961
25.476782,-3.613,-0.1172,0.001888,3.922e-06,3.922e-06,0.003922,-5.882e-05,3.663e-06,0.01961
25.486782,-3.569,-0.09277,0.001909,3.922e-06,3.922e-06,0.003922,-5.882e-05,3.663e-06,0.01961
25.496782,-3.56,-0.04883,0.001903,3.922e-06,3.922e-06,0.003922,-5.882e-05,3.663e-06,0.01961
25.506783,-3.511,-0.0293,0.001932,3.922e-06,3.922e-06,0.003922,-5.882e-05,3.663e-06,0.01961
25.516783,-3.486,0.0,0.001929,3.922e-06,3.922e-06,0.003922,-5.882e-05,3.663e-06,0.01961
25.526781,-3.442,0.0293,0.001926,3.922e-06,3.922e-06,0.003922,-5.882e-05,3.663e-06,0.01961
25.536783,-3.394,0.06836,0.001918,3.922e-06,3.922e-06,0.003922,-5.882e-05,3.663e-06,0.01961
25.546782,-3.33,0.07324,0.001923,3.922e-06,3.922e-06,0.003922,-5.882e-05,3.663e-06,0.01961
25.556782,-3.281,0.1221,0.001894,3.922e-06,3.922e-06,0.003922,-5.882e-05,3.663e-06,0.01961
25.566782,-3.232,0.1514,0.001868,3.922e-06,3.922e-06,0.003922,-5.882e-05,3.663e-06,0.01961
25.576782,-3.169,0.1807,0.001847,3.922e-06,3.922e-06,0.003922,-5.882e-05,3.663e-06,0.01961
25.586782,-3.115,0.21,0.001815,3.922e-06,3.922e-06,0.003922,-5.882e-05,3.663e-06,0.01961
25.596781,-3.066,0.2246,0.001789,3.922e-06,3.922e-06,0.003922,-5.882e-05,3.663e-06,0.01961
25.606783,-2.993,0.2588,0.001742,3.922e-06,3.922e-06,0.003922,-5.882e-05,3.663e-06,0.01961
25.616783,-2.939,0.2832,0.001693,3.922e-06,3.922e-06,0.003922,-5.882e-05,3.663e-06,0.01961
25.626781,-2.876,0.3076,0.001649,3.922e-06,3.922e-06,0.003922,-5.882e-05,3.663e-06,0.01961
25.636782,-2.803,0.3223,0.001605,3.922e-06,3.922e-06,0.003922,-5.882e-05,3.663e-06,0.01961
25.646784,-2.754,0.3369,0.001547,3.922e-06,3.922e-06,0.003922,-5.882e-05,3.663e-06,0.01961
25.656782,-2.69,0.3564,0.001494,3.922e-06,3.922e-06,0.003922,-5.882e-05,3.663e-06,0.01961
25.666782,-2.632,0.3662,0.001436,3.922e-06,3.922e-06,0.003922,-5.882e-05,3.663e-06,0.01961
25.676781,-2.568,0.3711,0.001383,3.922e-06,3.922e-06,0.003922,-5.882e-05,3.663e-06,0.01961
25.686783,-2.52,0.3857,0.001322,3.922e-06,3.922e-06,0.003922,-5.882e-05,3.663e-06,0.01961
25.696783,-2.471,0.3809,0.00127,3.922e-06,3.922e-06,0.003922,-5.882e-05,3.663e-06,0.01961
25.706781,-2.417,0.3857,0.001208,3.922e-06,3.922e-06,0.003922,-5.882e-05,3.663e-06,0.01961
25.716782,-2.378,0.3906,0.001138,3.922e-06,3.922e-06,0.003922,-5.882e-05,3.663e-06,0.01961
25.726782,-2.344,0.4004,0.001071,3.922e-06,3.922e-06,0.003922,-5.882e-05,3.663e-06,0.01961
25.736782,-2.305,0.3955,0.001004,3.922e-06,3.922e-06,0.003922,-5.882e-05,3.663e-06,0.01961
25.746782,-2.271,0.376,0.0009573,3.922e-06,3.922e-06,0.003922,-5.882e-05,3.663e-06,0.01961
25.756783,-2.236,0.3662,0.0009077,3.922e-06,3.922e-06,0.003922,-5.882e-05,3.663e-06,0.01961
25.766785,-2.222,0.3418,0.0008551,3.922e-06,3.922e-06,0.003922,-5.882e-05,3.663e-06,0.01961
25.776781,-2.207,0.332,0.0008055,3.922e-06,3.922e-06,0.003922,-5.882e-05,3.663e-06,0.01961
25.786783,-2.197,0.3125,0.0007559,3.922e-06,3.922e-06,0.003922,-5.882e-05,3.663e-06,0.01961
25.796782,-2.183,0.2832,0.0007151,3.922e-06,3.922e-06,0.003922,-5.882e-05,3.663e-06,0.01961
25.806782,-2.192,0.2783,0.0006625,3.922e-06,3.922e-06,0.003922,-5.882e-05,3.663e-06,0.01961
25.816782,-2.197,0.249,0.0006333,3.922e-06,3.922e-06,0.003922,-5.882e-05,3.663e-06,0.01961
25.826782,-2.202,0.2246,0.0005954,3.922e-06,3.922e-06,0.003922,-5.882e-05,3.663e-06,0.01961
25.836782,-2.217,0.2051,0.0005662,3.922e-06,3.922e-06,0.003922,-5.882e-05,3.663e-06,0.01961
25.846783,-2.266,0.1709,0.0005312,3.922e-06,3.922e-06,0.003922,-5.882e-05,3.663e-06,0.01961
25.856783,-2.271,0.127,0.000537,3.922e-06,3.922e-06,0.003922,-5.882e-05,3.663e-06,0.01961
25.866783,-2.31,0.09766,0.0005195,3.922e-06,3.922e-06,0.003922,-5.882e-05,3.663e-06,0.01961
25.876783,-2.349,0.06836,0.0005049,3.922e-06,3.922e-06,0.003922,-5.882e-05,3.663e-06,0.01961
25.886784,-2.383,0.04395,0.000502,3.922e-06,3.922e-06,0.003922,-5.882e-05,3.663e-06,0.01961
25.896782,-2.437,-0.01465,0.0005312,3.922e-06,3.922e-06,0.003922,-5.882e-05,3.663e-06,0.01961
25.906782,-2.5,-0.02441,0.0005137,3.922e-06,3.922e-06,0.003922,-5.882e-05,3.663e-06,0.01961
25.916782,-2.554,-0.06836,0.0005312,3.922e-06,3.922e-06,0.003922,-5.882e-05,3.663e-06,0.01961
25.926783,-2.598,-0.09766,0.0005487,3.922e-06,3.922e-06,0.003922,-5.882e-05,3.663e-06,0.01961
25.936783,-2.656,-0.127,0.0005779,3.922e-06,3.922e-06,0.003922,-5.882e-05,3.663e-06,0.01961
25.946781,-2.744,-0.1562,0.0005954,3.922e-06,3.922e-06,0.003922,-5.882e-05,3.663e-06,0.01961
25.956781,-2.788,-0.1904,0.0006421,3.922e-06,3.922e-06,0.003922,-5.882e-05,3.663e-06,0.01961
25.966782,-2.866,-0.2197,0.000683,3.922e-06,3.922e-06,0.003922,-5.882e-05,3.663e-06,0.01961
25.976784,-2.93,-0.2441,0.0007267,3.922e-06,3.922e-06,0.003922,-5.882e-05,3.663e-06,0.01961
25.986782,-2.998,-0.2686,0.0007705,3.922e-06,3.922e-06,0.003922,-5.882e-05,3.663e-06,0.01961
25.996782,-3.057,-0.3076,0.0008347,3.922e-06,3.922e-06,0.003922,-5.882e-05,3.663e-06,0.01961
26.006781,-3.13,-0.3076,0.0008697,3.922e-06,3.922e-06,0.003922,-5.882e-05,3.663e-06,0.01961
26.016783,-3.203,-0.332,0.000934,3.922e-06,3.922e-06,0.003922,-5.882e-05,3.663e-06,0.01961
26.026783,-3.267,-0.3467,0.0009982,3.922e-06,3.922e-06,0.003922,-5.882e-05,3.663e-06,0.01961
26.036783,-3.32,-0.3662,0.001062,3.922e-06,3.922e-06,0.003922,-5.882e-05,3.663e-06,0.01961
26.046782,-3.394,-0.3857,0.001132,3.922e-06,3.922e-06,0.003922,-5.882e-05,3.663e-06,0.01961
26.056782,-3.447,-0.3809,0.001191,3.922e-06,3.922e-06,0.003922,-5.882e-05,3.663e-06,0.01961
26.066784,-3.506,-0.3955,0.001261,3.922e-06,3.922e-06,0.003922,-5.882e-05,3.663e-06,0.01961
26.076782,-3.56,-0.3809,0.001319,3.922e-06,3.922e-06,0.003922,-5.882e-05,3.663e-06,0.01961
26.086782,-3.608,-0.3857,0.001392,3.922e-06,3.922e-06,0.003922,-5.882e-05,3.663e-06,0.01961
26.096783,-3.677,-0.376,0.001448,3.922e-06,3.922e-06,0.003922,-5.882e-05,3.663e-06,0.01961
26.106783,-3.691,-0.3613,0.001512,3.922e-06,3.922e-06,0.003922,-5.882e-05,3.663e-06,0.01961
26.116783,-3.73,-0.3662,0.001579,3.922e-06,3.922e-06,0.003922,-5.882e-05,3.663e-06,0.01961
26.126781,-3.755,-0.3516,0.00164,3.922e-06,3.922e-06,0.003922,-5.882e-05,3.663e-06,0.01961
26.136782,-3.774,-0.332,0.001699,3.922e-06,3.922e-06,0.003922,-5.882e-05,3.663e-06,0.01961
26.146782,-3.784,-0.332,0.001763,3.922e-06,3.922e-06,0.003922,-5.882e-05,3.663e-06,0.01961
26.156782,-3.799,-0.293,0.00181,3.922e-06,3.922e-06,0.003922,-5.882e-05,3.663e-06,0.01961
26.166782,-3.809,-0.2832,0.001859,3.922e-06,3.922e-06,0.003922,-5.882e-05,3.663e-06,0.01961
26.176783,-3.813,-0.2441,0.001894,3.922e-06,3.922e-06,0.003922,-5.882e-05,3.663e-06,0.01961
26.186783,-3.809,-0.21,0.001935,3.922e-06,3.922e-06,0.003922,-5.882e-05,3.663e-06,0.01961
26.196781,-3.77,-0.2051,0.001982,3.922e-06,3.922e-06,0.003922,-5.882e-05,3.663e-06,0.01961
26.206781,-3.76,-0.1416,0.00199,3.922e-06,3.922e-06,0.003922,-5.882e-05,3.663e-06,0.01961
26.216782,-3.74,-0.1221,0.00202,3.922e-06,3.922e-06,0.003922,-5.882e-05,3.663e-06,0.01961
26.226782,-3.696,-0.09766,0.002049,3.922e-06,3.922e-06,0.003922,-5.882e-05,3.663e-06,0.01961
26.236782,-3.662,-0.05859,0.002063,3.922e-06,3.922e-06,0.003922,-5.882e-05,3.663e-06,0.01961
26.246782,-3.643,-0.0293,0.002069,3.922e-06,3.922e-06,0.003922,-5.882e-05,3.663e-06,0.01961
26.256783,-3.579,0.009766,0.002078,3.922e-06,3.922e-06,0.003922,-5.882e-05,3.663e-06,0.01961
26.266783,-3.535,0.04395,0.002069,3.922e-06,3.922e-06,0.003922,-5.882e-05,3.663e-06,0.01961
26.276783,-3.467,0.08301,0.002058,3.922e-06,3.922e-06,0.003922,-5.882e-05,3.663e-06,0.01961
26.286783,-3.408,0.1367,0.002026,3.922e-06,3.922e-06,0.003922,-5.882e-05,3.663e-06,0.01961
26.296782,-3.345,0.1611,0.002008,3.922e-06,3.922e-06,0.003922,-5.882e-05,3.663e-06,0.01961
26.306782,-3.276,0.2002,0.001982,3.922e-06,3.922e-06,0.003922,-5.882e-05,3.663e-06,0.01961
26.316782,-3.208,0.2246,0.001953,3.922e-06,3.922e-06,0.003922,-5.882e-05,3.663e-06,0.01961
26.326782,-3.14,0.2539,0.001915,3.922e-06,3.922e-06,0.003922,-5.882e-05,3.663e-06,0.01961
26.336782,-3.066,0.293,0.001874,3.922e-06,3.922e-06,0.003922,-5.882e-05,3.663e-06,0.01961
26.346783,-2.983,0.2979,0.001842,3.922e-06,3.922e-06,0.003922,-5.882e-05,3.663e-06,0.01961
26.356783,-2.905,0.332,0.001786,3.922e-06,3.922e-06,0.003922,-5.882e-05,3.663e-06,0.01961
26.366783,-2.837,0.3711,0.001716,3.922e-06,3.922e-06,0.003922,-5.882e-05,3.663e-06,0.01961
26.376781,-2.754,0.4004,0.001652,3.922e-06,3.922e-06,0.003922,-5.882e-05,3.663e-06,0.01961
26.386782,-2.69,0.4248,0.001588,3.922e-06,3.922e-06,0.003922,-5.882e-05,3.663e-06,0.01961
26.396782,-2.612,0.4248,0.001521,3.922e-06,3.922e-06,0.003922,-5.882e-05,3.663e-06,0.01961
26.406782,-2.539,0.4492,0.001456,3.922e-06,3.922e-06,0.003922,-5.882e-05,3.663e-06,0.01961
26.41678,-2.471,0.4492,0.001383,3.922e-06,3.922e-06,0.003922,-5.882e-05,3.663e-06,0.01961
26.426783,-2.437,0.4688,0.001305,3.922e-06,3.922e-06,0.003922,-5.882e-05,3.663e-06,0.01961
26.436783,-2.344,0.4639,0.001243,3.922e-06,3.922e-06,0.003922,-5.882e-05,3.663e-06,0.01961
26.446783,-2.29,0.4541,0.001182,3.922e-06,3.922e-06,0.003922,-5.882e-05,3.663e-06,0.01961
26.456781,-2.236,0.4639,0.0011,3.922e-06,3.922e-06,0.003922,-5.882e-05,3.663e-06,0.01961
26.466784,-2.207,0.4639,0.001022,3.922e-06,3.922e-06,0.003922,-5.882e-05,3.663e-06,0.01961
26.476782,-2.163,0.4639,0.0009456,3.922e-06,3.922e-06,0.003922,-5.882e-05,3.663e-06,0.01961
26.486782,-2.119,0.4541,0.0008756,3.922e-06,3.922e-06,0.003922,-5.882e-05,3.663e-06,0.01961
26.496784,-2.095,0.4346,0.0008114,3.922e-06,3.922e-06,0.003922,-5.882e-05,3.663e-06,0.01961
26.506783,-2.056,0.4053,0.0007559,3.922e-06,3.922e-06,0.003922,-5.882e-05,3.663e-06,0.01961
26.516783,-2.051,0.3809,0.0006917,3.922e-06,3.922e-06,0.003922,-5.882e-05,3.663e-06,0.01961
26.526783,-2.036,0.3711,0.0006333,3.922e-06,3.922e-06,0.003922,-5.882e-05,3.663e-06,0.01961
26.536781,-2.036,0.3516,0.0005837,3.922e-06,3.922e-06,0.003922,-5.882e-05,3.663e-06,0.01961
26.546782,-2.046,0.3174,0.0005312,3.922e-06,3.922e-06,0.003922,-5.882e-05,3.663e-06,0.01961
26.556782,-2.046,0.2881,0.0004874,3.922e-06,3.922e-06,0.003922,-5.882e-05,3.663e-06,0.01961
26.566782,-2.065,0.2441,0.0004582,3.922e-06,3.922e-06,0.003922,-5.882e-05,3.663e-06,0.01961
26.576782,-2.09,0.2197,0.0004203,3.922e-06,3.922e-06,0.003922,-5.882e-05,3.663e-06,0.01961
26.586782,-2.104,0.1807,0.000394,3.922e-06,3.922e-06,0.003922,-5.882e-05,3.663e-06,0.01961
26.596783,-2.139,0.1367,0.0003853,3.922e-06,3.922e-06,0.003922,-5.882e-05,3.663e-06,0.01961
26.606781,-2.183,0.09277,0.0003765,3.922e-06,3.922e-06,0.003922,-5.882e-05,3.663e-06,0.01961
26.616783,-2.241,0.05371,0.0003648,3.922e-06,3.922e-06,0.003922,-5.882e-05,3.663e-06,0.01961
26.626783,-2.295,0.02441,0.000359,3.922e-06,3.922e-06,0.003922,-5.882e-05,3.663e-06,0.01961
26.636784,-2.354,-0.009766,0.0003648,3.922e-06,3.922e-06,0.003922,-5.882e-05,3.663e-06,0.01961
26.646782,-2.437,-0.04395,0.0003648,3.922e-06,3.922e-06,0.003922,-5.882e-05,3.663e-06,0.01961
26.656782,-2.476,-0.08789,0.0003853,3.922e-06,3.922e-06,0.003922,-5.882e-05,3.663e-06,0.01961
26.666782,-2.559,-0.1318,0.0004144,3.922e-06,3.922e-06,0.003922,-5.882e-05,3.663e-06,0.01961
26.676783,-2.632,-0.1709,0.0004465,3.922e-06,3.922e-06,0.003922,-5.882e-05,3.663e-06,0.01961
26.686781,-2.7,-0.2148,0.0004932,3.922e-06,3.922e-06,0.003922,-5.882e-05,3.663e-06,0.01961
26.696781,-2.783,-0.2539,0.0005341,3.922e-06,3.922e-06,0.003922,-5.882e-05,3.663e-06,0.01961
26.706781,-2.861,-0.2783,0.0005837,3.922e-06,3.922e-06,0.003922,-5.882e-05,3.663e-06,0.01961
26.716784,-2.954,-0.3125,0.0006421,3.922e-06,3.922e-06,0.003922,-5.882e-05,3.663e-06,0.01961
26.726782,-3.032,-0.3418,0.0006946,3.922e-06,3.922e-06,0.003922,-5.882e-05,3.663e-06,0.01961
26.736782,-3.12,-0.3613,0.0007501,3.922e-06,3.922e-06,0.003922,-5.882e-05,3.663e-06,0.01961
26.746782,-3.218,-0.376,0.0008085,3.922e-06,3.922e-06,0.003922,-5.882e-05,3.663e-06,0.01961
26.756783,-3.286,-0.3955,0.0008873,3.922e-06,3.922e-06,0.003922,-5.882e-05,3.663e-06,0.01961
26.766783,-3.359,-0.4297,0.0009661,3.922e-06,3.922e-06,0.003922,-5.882e-05,3.663e-06,0.01961
26.776783,-3.433,-0.4541,0.001051,3.922e-06,3.922e-06,0.003922,-5.882e-05,3.663e-06,0.01961
26.786781,-3.506,-0.4541,0.001124,3.922e-06,3.922e-06,0.003922,-5.882e-05,3.663e-06,0.01961
26.796782,-3.579,-0.4736,0.001205,3.922e-06,3.922e-06,0.003922,-5.882e-05,3.663e-06,0.01961
26.806782,-3.638,-0.4736,0.00129,3.922e-06,3.922e-06,0.003922,-5.882e-05,3.663e-06,0.01961
26.816782,-3.706,-0.4688,0.00136,3.922e-06,3.922e-06,0.003922,-5.882e-05,3.663e-06,0.01961
26.826782,-3.765,-0.4688,0.001439,3.922e-06,3.922e-06,0.003922,-5.882e-05,3.663e-06,0.01961
26.836782,-3.813,-0.459,0.001521,3.922e-06,3.922e-06,0.003922,-5.882e-05,3.663e-06,0.01961
26.846783,-3.862,-0.4492,0.001594,3.922e-06,3.922e-06,0.003922,-5.882e-05,3.663e-06,0.01961
26.856781,-3.887,-0.4395,0.001675,3.922e-06,3.922e-06,0.003922,-5.882e-05,3.663e-06,0.01961
26.866781,-3.926,-0.4248,0.001745,3.922e-06,3.922e-06,0.003922,-5.882e-05,3.663e-06,0.01961
26.876783,-3.95,-0.4102,0.001818,3.922e-06,3.922e-06,0.003922,-5.882e-05,3.663e-06,0.01961
26.886784,-3.965,-0.3809,0.00188,3.922e-06,3.922e-06,0.003922,-5.882e-05,3.663e-06,0.01961
26.896782,-3.97,-0.3711,0.001958,3.922e-06,3.922e-06,0.003922,-5.882e-05,3.663e-06,0.01961
26.906782,-3.979,-0.3223,0.002002,3.922e-06,3.922e-06,0.003922,-5.882e-05,3.663e-06,0.01961
26.916782,-3.984,-0.293,0.002046,3.922e-06,3.922e-06,0.003922,-5.882e-05,3.663e-06,0.01961
26.926783,-3.965,-0.2588,0.002098,3.922e-06,3.922e-06,0.003922,-5.882e-05,3.663e-06,0.01961
26.936781,-3.945,-0.2197,0.002128,3.922e-06,3.922e-06,0.003922,-5.882e-05,3.663e-06,0.01961
26.946781,-3.926,-0.1953,0.002171,3.922e-06,3.922e-06,0.003922,-5.882e-05,3.663e-06,0.01961
26.956783,-3.882,-0.1465,0.002198,3.922e-06,3.922e-06,0.003922,-5.882e-05,3.663e-06,0.01961
26.966782,-3.843,-0.1123,0.002224,3.922e-06,3.922e-06,0.003922,-5.882e-05,3.663e-06,0.01961
26.976782,-3.804,-0.05371,0.002224,3.922e-06,3.922e-06,0.003922,-5.882e-05,3.663e-06,0.01961
26.986782,-3.75,-0.01465,0.002239,3.922e-06,3.922e-06,0.003922,-5.882e-05,3.663e-06,0.01961
26.996782,-3.691,0.01953,0.002244,3.922e-06,3.922e-06,0.003922,-5.882e-05,3.663e-06,0.01961
27.006783,-3.623,0.07324,0.00223,3.922e-06,3.922e-06,0.003922,-5.882e-05,3.663e-06,0.01961
27.016781,-3.555,0.1123,0.002209,3.922e-06,3.922e-06,0.003922,-5.882e-05,3.663e-06,0.01961
27.026783,-3.481,0.1611,0.002186,3.922e-06,3.922e-06,0.003922,-5.882e-05,3.663e-06,0.01961
27.036781,-3.398,0.21,0.002154,3.922e-06,3.922e-06,0.003922,-5.882e-05,3.663e-06,0.01961
27.046782,-3.33,0.2441,0.002116,3.922e-06,3.922e-06,0.003922,-5.882e-05,3.663e-06,0.01961
27.056782,-3.232,0.2832,0.00209,3.922e-06,3.922e-06,0.003922,-5.882e-05,3.663e-06,0.01961
27.066782,-3.145,0.3174,0.002037,3.922e-06,3.922e-06,0.003922,-5.882e-05,3.663e-06,0.01961
27.076782,-3.057,0.3516,0.001982,3.922e-06,3.922e-06,0.003922,-5.882e-05,3.663e-06,0.01961
27.086782,-2.959,0.3906,0.001926,3.922e-06,3.922e-06,0.003922,-5.882e-05,3.663e-06,0.01961
27.096783,-2.881,0.4199,0.001862,3.922e-06,3.922e-06,0.003922,-5.882e-05,3.663e-06,0.01961
27.106783,-2.788,0.459,0.001775,3.922e-06,3.922e-06,0.003922,-5.882e-05,3.663e-06,0.01961
27.116783,-2.695,0.459,0.001725,3.922e-06,3.922e-06,0.003922,-5.882e-05,3.663e-06,0.01961
27.126781,-2.603,0.5029,0.001629,3.922e-06,3.922e-06,0.003922,-5.882e-05,3.663e-06,0.01961
27.136782,-2.515,0.5176,0.001559,3.922e-06,3.922e-06,0.003922,-5.882e-05,3.663e-06,0.01961
27.146782,-2.437,0.5371,0.001465,3.922e-06,3.922e-06,0.003922,-5.882e-05,3.663e-06,0.01961
27.156782,-2.344,0.542,0.001395,3.922e-06,3.922e-06,0.003922,-5.882e-05,3.663e-06,0.01961
27.166782,-2.275,0.5518,0.001302,3.922e-06,3.922e-06,0.003922,-5.882e-05,3.663e-06,0.01961
27.176783,-2.212,0.5566,0.001217,3.922e-06,3.922e-06,0.003922,-5.882e-05,3.663e-06,0.01961
27.186783,-2.134,0.5566,0.001129,3.922e-06,3.922e-06,0.003922,-5.882e-05,3.663e-06,0.01961
27.196781,-2.075,0.5518,0.001042,3.922e-06,3.922e-06,0.003922,-5.882e-05,3.663e-06,0.01961
27.206781,-2.021,0.5518,0.0009573,3.922e-06,3.922e-06,0.003922,-5.882e-05,3.663e-06,0.01961
27.216782,-1.973,0.5469,0.0008551,3.922e-06,3.922e-06,0.003922,-5.882e-05,3.663e-06,0.01961
27.226782,-1.934,0.5273,0.0007793,3.922e-06,3.922e-06,0.003922,-5.882e-05,3.663e-06,0.01961
27.236782,-1.89,0.5078,0.0006975,3.922e-06,3.922e-06,0.003922,-5.882e-05,3.663e-06,0.01961
27.246782,-1.88,0.4785,0.0006333,3.922e-06,3.922e-06,0.003922,-5.882e-05,3.663e-06,0.01961
27.256783,-1.851,0.459,0.0005604,3.922e-06,3.922e-06,0.003922,-5.882e-05,3.663e-06,0.01961
27.266783,-1.841,0.4248,0.0004903,3.922e-06,3.922e-06,0.003922,-5.882e-05,3.663e-06,0.01961
27.276781,-1.841,0.4004,0.0004261,3.922e-06,3.922e-06,0.003922,-5.882e-05,3.663e-06,0.01961
27.286781,-1.846,0.3662,0.0003736,3.922e-06,3.922e-06,0.003922,-5.882e-05,3.663e-06,0.01961
27.296782,-1.87,0.3271,0.000321,3.922e-06,3.922e-06,0.003922,-5.882e-05,3.663e-06,0.01961
27.306782,-1.88,0.293,0.0002773,3.922e-06,3.922e-06,0.003922,-5.882e-05,3.663e-06,0.01961
27.316782,-1.914,0.2441,0.0002364,3.922e-06,3.922e-06,0.003922,-5.882e-05,3.663e-06,0.01961
27.326782,-1.943,0.2002,0.0002101,3.922e-06,3.922e-06,0.003922,-5.882e-05,3.663e-06,0.01961
27.336782,-1.992,0.1562,0.0001897,3.922e-06,3.922e-06,0.003922,-5.882e-05,3.663e-06,0.01961
27.346783,-2.036,0.09766,0.000181,3.922e-06,3.922e-06,0.003922,-5.882e-05,3.663e-06,0.01961
27.356781,-2.1,0.05371,0.000181,3.922e-06,3.922e-06,0.003922,-5.882e-05,3.663e-06,0.01961
27.366783,-2.173,0.009766,0.0001722,3.922e-06,3.922e-06,0.003922,-5.882e-05,3.663e-06,0.01961
27.376783,-2.241,-0.03906,0.000181,3.922e-06,3.922e-06,0.003922,-5.882e-05,3.663e-06,0.01961
27.386784,-2.314,-0.08301,0.0002014,3.922e-06,3.922e-06,0.003922,-5.882e-05,3.663e-06,0.01961
27.396782,-2.427,-0.1318,0.0002218,3.922e-06,3.922e-06,0.003922,-5.882e-05,3.663e-06,0.01961
27.406782,-2.495,-0.1758,0.0002539,3.922e-06,3.922e-06,0.003922,-5.882e-05,3.663e-06,0.01961
27.416782,-2.593,-0.2197,0.0002919,3.922e-06,3.922e-06,0.003922,-5.882e-05,3.663e-06,0.01961
27.426783,-2.686,-0.2686,0.0003444,3.922e-06,3.922e-06,0.003922,-5.882e-05,3.663e-06,0.01961
27.436781,-2.778,-0.3027,0.0003969,3.922e-06,3.922e-06,0.003922,-5.882e-05,3.663e-06,0.01961
27.446783,-2.876,-0.3467,0.0004524,3.922e-06,3.922e-06,0.003922,-5.882e-05,3.663e-06,0.01961
27.456783,-2.954,-0.3906,0.0005312,3.922e-06,3.922e-06,0.003922,-5.882e-05,3.663e-06,0.01961
27.466782,-3.076,-0.4297,0.0006041,3.922e-06,3.922e-06,0.003922,-5.882e-05,3.663e-06,0.01961
27.476782,-3.164,-0.4639,0.000683,3.922e-06,3.922e-06,0.003922,-5.882e-05,3.663e-06,0.01961
27.486782,-3.267,-0.4834,0.0007618,3.922e-06,3.922e-06,0.003922,-5.882e-05,3.663e-06,0.01961
27.496782,-3.389,-0.5078,0.0008406,3.922e-06,3.922e-06,0.003922,-5.882e-05,3.663e-06,0.01961
27.506783,-3.467,-0.5273,0.0009398,3.922e-06,3.922e-06,0.003922,-5.882e-05,3.663e-06,0.01961
27.516783,-3.564,-0.542,0.001027,3.922e-06,3.922e-06,0.003922,-5.882e-05,3.663e-06,0.01961
27.526783,-3.647,-0.5566,0.001124,3.922e-06,3.922e-06,0.003922,-5.882e-05,3.663e-06,0.01961
27.536781,-3.726,-0.5615,0.001214,3.922e-06,3.922e-06,0.003922,-5.882e-05,3.663e-06,0.01961
27.546782,-3.823,-0.5762,0.001319,3.922e-06,3.922e-06,0.003922,-5.882e-05,3.663e-06,0.01961
27.556782,-3.867,-0.5762,0.001418,3.922e-06,3.922e-06,0.003922,-5.882e-05,3.663e-06,0.01961
27.566784,-3.945,-0.5762,0.001515,3.922e-06,3.922e-06,0.003922,-5.882e-05,3.663e-06,0.01961
27.576782,-3.999,-0.5566,0.001608,3.922e-06,3.922e-06,0.003922,-5.882e-05,3.663e-06,0.01961
27.586782,-4.048,-0.542,0.001702,3.922e-06,3.922e-06,0.003922,-5.882e-05,3.663e-06,0.01961
27.596783,-4.106,-0.5225,0.001786,3.922e-06,3.922e-06,0.003922,-5.882e-05,3.663e-06,0.01961
27.606783,-4.126,-0.5029,0.001874,3.922e-06,3.922e-06,0.003922,-5.882e-05,3.663e-06,0.01961
27.616783,-4.175,-0.4834,0.001955,3.922e-06,3.922e-06,0.003922,-5.882e-05,3.663e-06,0.01961
27.626781,-4.175,-0.4541,0.002031,3.922e-06,3.922e-06,0.003922,-5.882e-05,3.663e-06,0.01961
27.636782,-4.185,-0.4102,0.002096,3.922e-06,3.922e-06,0.003922,-5.882e-05,3.663e-06,0.01961
27.646782,-4.185,-0.3955,0.00218,3.922e-06,3.922e-06,0.003922,-5.882e-05,3.663e-06,0.01961
27.656782,-4.17,-0.3467,0.002239,3.922e-06,3.922e-06,0.003922,-5.882e-05,3.663e-06,0.01961
27.666782,-4.17,-0.3174,0.002294,3.922e-06,3.922e-06,0.003922,-5.882e-05,3.663e-06,0.01961
27.676783,-4.141,-0.2637,0.002329,3.922e-06,3.922e-06,0.003922,-5.882e-05,3.663e-06,0.01961
27.686781,-4.111,-0.2148,0.002379,3.922e-06,3.922e-06,0.003922,-5.882e-05,3.663e-06,0.01961
27.696781,-4.062,-0.1758,0.002411,3.922e-06,3.922e-06,0.003922,-5.882e-05,3.663e-06,0.01961
27.706783,-4.009,-0.1172,0.002425,3.922e-06,3.922e-06,0.003922,-5.882e-05,3.663e-06,0.01961
27.716782,-3.96,-0.07324,0.002437,3.922e-06,3.922e-06,0.003922,-5.882e-05,3.663e-06,0.01961
27.726782,-3.892,-0.01465,0.002446,3.922e-06,3.922e-06,0.003922,-5.882e-05,3.663e-06,0.01961
27.736782,-3.818,0.05371,0.002434,3.922e-06,3.922e-06,0.003922,-5.882e-05,3.663e-06,0.01961
27.746782,-3.735,0.08301,0.002434,3.922e-06,3.922e-06,0.003922,-5.882e-05,3.663e-06,0.01961
27.756783,-3.643,0.1562,0.002399,3.922e-06,3.922e-06,0.003922,-5.882e-05,3.663e-06,0.01961
27.766781,-3.555,0.1904,0.002382,3.922e-06,3.922e-06,0.003922,-5.882e-05,3.663e-06,0.01961
27.776783,-3.462,0.249,0.002344,3.922e-06,3.922e-06,0.003922,-5.882e-05,3.663e-06,0.01961
27.786781,-3.359,0.3027,0.002297,3.922e-06,3.922e-06,0.003922,-5.882e-05,3.663e-06,0.01961
27.796783,-3.271,0.3564,0.002233,3.922e-06,3.922e-06,0.003922,-5.882e-05,3.663e-06,0.01961
27.806782,-3.149,0.3906,0.002186,3.922e-06,3.922e-06,0.003922,-5.882e-05,3.663e-06,0.01961
27.816782,-3.052,0.4346,0.002113,3.922e-06,3.922e-06,0.003922,-5.882e-05,3.663e-06,0.01961
27.826782,-2.93,0.4785,0.002037,3.922e-06,3.922e-06,0.003922,-5.882e-05,3.663e-06,0.01961
27.836782,-2.822,0.5225,0.001953,3.922e-06,3.922e-06,0.003922,-5.882e-05,3.663e-06,0.01961
27.846783,-2.734,0.5518,0.001871,3.922e-06,3.922e-06,0.003922,-5.882e-05,3.663e-06,0.01961
27.856781,-2.598,0.5811,0.001786,3.922e-06,3.922e-06,0.003922,-5.882e-05,3.663e-06,0.01961
27.866783,-2.5,0.5957,0.001699,3.922e-06,3.922e-06,0.003922,-5.882e-05,3.663e-06,0.01961
27.876781,-2.402,0.625,0.001591,3.922e-06,3.922e-06,0.003922,-5.882e-05,3.663e-06,0.01961
27.886782,-2.29,0.6445,0.001488,3.922e-06,3.922e-06,0.003922,-5.882e-05,3.663e-06,0.01961
27.896782,-2.207,0.6494,0.001389,3.922e-06,3.922e-06,0.003922,-5.882e-05,3.663e-06,0.01961
27.906782,-2.114,0.6787,0.001278,3.922e-06,3.922e-06,0.003922,-5.882e-05,3.663e-06,0.01961
27.916782,-2.026,0.6738,0.00117,3.922e-06,3.922e-06,0.003922,-5.882e-05,3.663e-06,0.01961
27.926783,-1.943,0.6738,0.001068,3.922e-06,3.922e-06,0.003922,-5.882e-05,3.663e-06,0.01961
27.936783,-1.875,0.6787,0.0009602,3.922e-06,3.922e-06,0.003922,-5.882e-05,3.663e-06,0.01961
27.946783,-1.812,0.6543,0.0008551,3.922e-06,3.922e-06,0.003922,-5.882e-05,3.663e-06,0.01961
27.956783,-1.753,0.6348,0.0007676,3.922e-06,3.922e-06,0.003922,-5.882e-05,3.663e-06,0.01961
27.966782,-1.714,0.6201,0.0006596,3.922e-06,3.922e-06,0.003922,-5.882e-05,3.663e-06,0.01961
27.976782,-1.67,0.5957,0.0005691,3.922e-06,3.922e-06,0.003922,-5.882e-05,3.663e-06,0.01961
27.986782,-1.641,0.5762,0.0004757,3.922e-06,3.922e-06,0.003922,-5.882e-05,3.663e-06,0.01961
27.996782,-1.621,0.5371,0.0003911,3.922e-06,3.922e-06,0.003922,-5.882e-05,3.663e-06,0.01961
28.006783,-1.592,0.5127,0.0003006,3.922e-06,3.922e-06,0.003922,-5.882e-05,3.663e-06,0.01961
28.016781,-1.592,0.4639,0.0002393,3.922e-06,3.922e-06,0.003922,-5.882e-05,3.663e-06,0.01961
28.026783,-1.597,0.4297,0.0001693,3.922e-06,3.922e-06,0.003922,-5.882e-05,3.663e-06,0.01961
28.036781,-1.606,0.376,0.0001167,3.922e-06,3.922e-06,0.003922,-5.882e-05,3.663e-06,0.01961
28.046782,-1.65,0.3223,6.713e-05,3.922e-06,3.922e-06,0.003922,-5.882e-05,3.663e-06,0.01961
28.056782,-1.67,0.2783,1.459e-05,3.922e-06,3.922e-06,0.003922,-5.882e-05,3.663e-06,0.01961
28.066782,-1.743,0.2246,-1.459e-05,3.922e-06,3.922e-06,0.003922,-5.882e-05,3.663e-06,0.01961
28.076782,-1.787,0.1709,-3.502e-05,3.922e-06,3.922e-06,0.003922,-5.882e-05,3.663e-06,0.01961
28.086782,-1.855,0.127,-5.837e-05,3.922e-06,3.922e-06,0.003922,-5.882e-05,3.663e-06,0.01961
28.096781,-1.924,0.06348,-6.421e-05,3.922e-06,3.922e-06,0.003922,-5.882e-05,3.663e-06,0.01961
28.106783,-2.007,0.004883,-4.962e-05,3.922e-06,3.922e-06,0.003922,-5.882e-05,3.663e-06,0.01961
28.116781,-2.1,-0.06348,-4.086e-05,3.922e-06,3.922e-06,0.003922,-5.882e-05,3.663e-06,0.01961
28.126781,-2.188,-0.1074,-2.627e-05,3.922e-06,3.922e-06,0.003922,-5.882e-05,3.663e-06,0.01961
28.136782,-2.28,-0.1758,1.751e-05,3.922e-06,3.922e-06,0.003922,-5.882e-05,3.663e-06,0.01961
28.146782,-2.412,-0.2441,6.713e-05,3.922e-06,3.922e-06,0.003922,-5.882e-05,3.663e-06,0.01961
28.156782,-2.515,-0.2881,0.0001109,3.922e-06,3.922e-06,0.003922,-5.882e-05,3.663e-06,0.01961
28.166782,-2.637,-0.3418,0.0001634,3.922e-06,3.922e-06,0.003922,-5.882e-05,3.663e-06,0.01961
28.176783,-2.754,-0.3857,0.0002277,3.922e-06,3.922e-06,0.003922,-5.882e-05,3.663e-06,0.01961
28.186783,-2.871,-0.4297,0.0003065,3.922e-06,3.922e-06,0.003922,-5.882e-05,3.663e-06,0.01961
28.196781,-2.998,-0.4736,0.0003794,3.922e-06,3.922e-06,0.003922,-5.882e-05,3.663e-06,0.01961
28.206781,-3.12,-0.5029,0.0004699,3.922e-06,3.922e-06,0.003922,-5.882e-05,3.663e-06,0.01961
28.216782,-3.242,-0.5615,0.0005662,3.922e-06,3.922e-06,0.003922,-5.882e-05,3.663e-06,0.01961
28.226784,-3.359,-0.5957,0.0006713,3.922e-06,3.922e-06,0.003922,-5.882e-05,3.663e-06,0.01961
28.236784,-3.472,-0.625,0.0007822,3.922e-06,3.922e-06,0.003922,-5.882e-05,3.663e-06,0.01961
28.246782,-3.589,-0.6445,0.0008814,3.922e-06,3.922e-06,0.003922,-5.882e-05,3.663e-06,0.01961
28.256781,-3.687,-0.6689,0.001013,3.922e-06,3.922e-06,0.003922,-5.882e-05,3.663e-06,0.01961
28.266785,-3.809,-0.6885,0.001124,3.922e-06,3.922e-06,0.003922,-5.882e-05,3.663e-06,0.01961
28.276781,-3.906,-0.6836,0.001223,3.922e-06,3.922e-06,0.003922,-5.882e-05,3.663e-06,0.01961
28.286783,-3.999,-0.6836,0.00134,3.922e-06,3.922e-06,0.003922,-5.882e-05,3.663e-06,0.01961
28.296782,-4.082,-0.7031,0.001465,3.922e-06,3.922e-06,0.003922,-5.882e-05,3.663e-06,0.01961
28.306782,-4.16,-0.6885,0.001582,3.922e-06,3.922e-06,0.003922,-5.882e-05,3.663e-06,0.01961
28.316782,-4.229,-0.6836,0.001699,3.922e-06,3.922e-06,0.003922,-5.882e-05,3.663e-06,0.01961
28.32678,-4.282,-0.6641,0.00181,3.922e-06,3.922e-06,0.003922,-5.882e-05,3.663e-06,0.01961
28.336781,-4.331,-0.6348,0.001915,3.922e-06,3.922e-06,0.003922,-5.882e-05,3.663e-06,0.01961
28.346783,-4.39,-0.6152,0.002014,3.922e-06,3.922e-06,0.003922,-5.882e-05,3.663e-06,0.01961
28.356783,-4.409,-0.5811,0.002119,3.922e-06,3.922e-06,0.003922,-5.882e-05,3.663e-06,0.01961
28.366783,-4.443,-0.5518,0.002215,3.922e-06,3.922e-06,0.003922,-5.882e-05,3.663e-06,0.01961
28.376781,-4.448,-0.5078,0.002294,3.922e-06,3.922e-06,0.003922,-5.882e-05,3.663e-06,0.01961
28.386782,-4.443,-0.459,0.002367,3.922e-06,3.922e-06,0.003922,-5.882e-05,3.663e-06,0.01961
28.396782,-4.443,-0.415,0.002437,3.922e-06,3.922e-06,0.003922,-5.882e-05,3.663e-06,0.01961
28.406782,-4.395,-0.3613,0.002504,3.922e-06,3.922e-06,0.003922,-5.882e-05,3.663e-06,0.01961
28.416782,-4.38,-0.3076,0.00256,3.922e-06,3.922e-06,0.003922,-5.882e-05,3.663e-06,0.01961
28.426783,-4.336,-0.249,0.0026,3.922e-06,3.922e-06,0.003922,-5.882e-05,3.663e-06,0.01961
28.436783,-4.277,-0.1904,0.002641,3.922e-06,3.922e-06,0.003922,-5.882e-05,3.663e-06,0.01961
28.446783,-4.229,-0.1416,0.002673,3.922e-06,3.922e-06,0.003922,-5.882e-05,3.663e-06,0.01961
28.456783,-4.15,-0.06836,0.002685,3.922e-06,3.922e-06,0.003922,-5.882e-05,3.663e-06,0.01961
28.466784,-4.072,0.0,0.002682,3.922e-06,3.922e-06,0.003922,-5.882e-05,3.663e-06,0.01961
28.476782,-3.989,0.05371,0.002685,3.922e-06,3.922e-06,0.003922,-5.882e-05,3.663e-06,0.01961
28.486782,-3.877,0.127,0.002662,3.922e-06,3.922e-06,0.003922,-5.882e-05,3.663e-06,0.01961
28.496782,-3.789,0.1904,0.002621,3.922e-06,3.922e-06,0.003922,-5.882e-05,3.663e-06,0.01961
28.506783,-3.667,0.2539,0.002598,3.922e-06,3.922e-06,0.003922,-5.882e-05,3.663e-06,0.01961
28.516783,-3.545,0.3076,0.002557,3.922e-06,3.922e-06,0.003922,-5.882e-05,3.663e-06,0.01961
28.526783,-3.428,0.3662,0.002501,3.922e-06,3.922e-06,0.003922,-5.882e-05,3.663e-06,0.01961
28.536781,-3.291,0.4248,0.002443,3.922e-06,3.922e-06,0.003922,-5.882e-05,3.663e-06,0.01961
28.546782,-3.188,0.4736,0.002367,3.922e-06,3.922e-06,0.003922,-5.882e-05,3.663e-06,0.01961
28.556782,-3.047,0.5322,0.002285,3.922e-06,3.922e-06,0.003922,-5.882e-05,3.663e-06,0.01961
28.566782,-2.915,0.5811,0.002189,3.922e-06,3.922e-06,0.003922,-5.882e-05,3.663e-06,0.01961
28.576782,-2.773,0.6299,0.002087,3.922e-06,3.922e-06,0.003922,-5.882e-05,3.663e-06,0.01961
28.586781,-2.642,0.6787,0.001982,3.922e-06,3.922e-06,0.003922,-5.882e-05,3.663e-06,0.01961
28.596783,-2.505,0.6934,0.001885,3.922e-06,3.922e-06,0.003922,-5.882e-05,3.663e-06,0.01961
28.606781,-2.383,0.7324,0.00176,3.922e-06,3.922e-06,0.003922,-5.882e-05,3.663e-06,0.01961
28.616781,-2.261,0.7568,0.00164,3.922e-06,3.922e-06,0.003922,-5.882e-05,3.663e-06,0.01961
28.626781,-2.139,0.7812,0.001515,3.922e-06,3.922e-06,0.003922,-5.882e-05,3.663e-06,0.01961
28.636784,-2.021,0.8008,0.001389,3.922e-06,3.922e-06,0.003922,-5.882e-05,3.663e-06,0.01961
28.646782,-1.919,0.7959,0.001267,3.922e-06,3.922e-06,0.003922,-5.882e-05,3.663e-06,0.01961
28.656782,-1.807,0.8154,0.001132,3.922e-06,3.922e-06,0.003922,-5.882e-05,3.663e-06,0.01961
28.666782,-1.719,0.8057,0.001007,3.922e-06,3.922e-06,0.003922,-5.882e-05,3.663e-06,0.01961
28.676783,-1.636,0.8008,0.0008785,3.922e-06,3.922e-06,0.003922,-5.882e-05,3.663e-06,0.01961
28.686783,-1.548,0.8008,0.0007501,3.922e-06,3.922e-06,0.003922,-5.882e-05,3.663e-06,0.01961
28.696783,-1.475,0.7715,0.0006275,3.922e-06,3.922e-06,0.003922,-5.882e-05,3.663e-06,0.01961
28.706783,-1.387,0.752,0.0005137,3.922e-06,3.922e-06,0.003922,-5.882e-05,3.663e-06,0.01961
28.716784,-1.299,0.7178,0.0003998,3.922e-06,3.922e-06,0.003922,-5.882e-05,3.663e-06,0.01961
28.726782,-1.221,0.6836,0.0002948,3.922e-06,3.922e-06,0.003922,-5.882e-05,3.663e-06,0.01961
28.736784,-1.138,0.6543,0.0001897,3.922e-06,3.922e-06,0.003922,-5.882e-05,3.663e-06,0.01961
28.746782,-1.074,0.6104,9.923e-05,3.922e-06,3.922e-06,0.003922,-5.882e-05,3.663e-06,0.01961
28.756783,-0.9863,0.5811,5.837e-06,3.922e-06,3.922e-06,0.003922,-5.882e-05,3.663e-06,0.01961
28.766783,-0.9473,0.5371,-8.464e-05,3.922e-06,3.922e-06,0.003922,-5.882e-05,3.663e-06,0.01961
28.776783,-0.8838,0.4834,-0.0001518,3.922e-06,3.922e-06,0.003922,-5.882e-05,3.663e-06,0.01961
28.786781,-0.835,0.4395,-0.0002218,3.922e-06,3.922e-06,0.003922,-5.882e-05,3.663e-06,0.01961
28.796782,-0.8154,0.3809,-0.0002831,3.922e-06,3.922e-06,0.003922,-5.882e-05,3.663e-06,0.01961
28.806782,-0.7764,0.332,-0.000324,3.922e-06,3.922e-06,0.003922,-5.882e-05,3.663e-06,0.01961
28.816782,-0.7715,0.2832,-0.0003677,3.922e-06,3.922e-06,0.003922,-5.882e-05,3.663e-06,0.01961
28.826782,-0.7812,0.2295,-0.0003998,3.922e-06,3.922e-06,0.003922,-5.882e-05,3.663e-06,0.01961
28.836782,-0.7959,0.1855,-0.0004378,3.922e-06,3.922e-06,0.003922,-5.882e-05,3.663e-06,0.01961
28.846783,-0.835,0.127,-0.0004553,3.922e-06,3.922e-06,0.003922,-5.882e-05,3.663e-06,0.01961
28.856783,-0.8643,0.07324,-0.0004524,3.922e-06,3.922e-06,0.003922,-5.882e-05,3.663e-06,0.01961
28.866781,-0.9375,0.009766,-0.0004495,3.922e-06,3.922e-06,0.003922,-5.882e-05,3.663e-06,0.01961
28.876783,-1.016,-0.0293,-0.0004436,3.922e-06,3.922e-06,0.003922,-5.882e-05,3.663e-06,0.01961
28.886782,-1.108,-0.08789,-0.0004232,3.922e-06,3.922e-06,0.003922,-5.882e-05,3.663e-06,0.01961
28.896782,-1.23,-0.1514,-0.0003882,3.922e-06,3.922e-06,0.003922,-5.882e-05,3.663e-06,0.01961
28.906782,-1.362,-0.21,-0.0003386,3.922e-06,3.922e-06,0.003922,-5.882e-05,3.663e-06,0.01961
28.916782,-1.538,-0.2637,-0.0003035,3.922e-06,3.922e-06,0.003922,-5.882e-05,3.663e-06,0.01961
28.926783,-1.724,-0.3174,-0.0002481,3.922e-06,3.922e-06,0.003922,-5.882e-05,3.663e-06,0.01961
28.936783,-1.909,-0.3613,-0.0001868,3.922e-06,3.922e-06,0.003922,-5.882e-05,3.663e-06,0.01961
28.946783,-2.109,-0.415,-0.0001226,3.922e-06,3.922e-06,0.003922,-5.882e-05,3.663e-06,0.01961
28.956781,-2.275,-0.4688,-3.794e-05,3.922e-06,3.922e-06,0.003922,-5.882e-05,3.663e-06,0.01961
28.966782,-2.461,-0.5225,4.962e-05,3.922e-06,3.922e-06,0.003922,-5.882e-05,3.663e-06,0.01961
28.976784,-2.632,-0.5664,0.0001459,3.922e-06,3.922e-06,0.003922,-5.882e-05,3.663e-06,0.01961
28.986782,-2.793,-0.6055,0.000251,3.922e-06,3.922e-06,0.003922,-5.882e-05,3.663e-06,0.01961
28.996782,-2.974,-0.6543,0.0003648,3.922e-06,3.922e-06,0.003922,-5.882e-05,3.663e-06,0.01961
29.006783,-3.115,-0.6934,0.0004845,3.922e-06,3.922e-06,0.003922,-5.882e-05,3.663e-06,0.01961
29.016781,-3.296,-0.7227,0.0005954,3.922e-06,3.922e-06,0.003922,-5.882e-05,3.663e-06,0.01961
29.026783,-3.438,-0.752,0.0007326,3.922e-06,3.922e-06,0.003922,-5.882e-05,3.663e-06,0.01961
29.036781,-3.579,-0.7715,0.0008581,3.922e-06,3.922e-06,0.003922,-5.882e-05,3.663e-06,0.01961
29.046782,-3.726,-0.7959,0.0009894,3.922e-06,3.922e-06,0.003922,-5.882e-05,3.663e-06,0.01961
29.056782,-3.853,-0.7959,0.001121,3.922e-06,3.922e-06,0.003922,-5.882e-05,3.663e-06,0.01961
29.066782,-3.979,-0.8154,0.001264,3.922e-06,3.922e-06,0.003922,-5.882e-05,3.663e-06,0.01961
29.076782,-4.092,-0.8105,0.001395,3.922e-06,3.922e-06,0.003922,-5.882e-05,3.663e-06,0.01961
29.086782,-4.185,-0.8057,0.001532,3.922e-06,3.922e-06,0.003922,-5.882e-05,3.663e-06,0.01961
29.096781,-4.287,-0.8057,0.001669,3.922e-06,3.922e-06,0.003922,-5.882e-05,3.663e-06,0.01961
29.106781,-4.37,-0.7812,0.001801,3.922e-06,3.922e-06,0.003922,-5.882e-05,3.663e-06,0.01961
29.116783,-4.448,-0.7617,0.001923,3.922e-06,3.922e-06,0.003922,-5.882e-05,3.663e-06,0.01961
29.126783,-4.507,-0.7275,0.002046,3.922e-06,3.922e-06,0.003922,-5.882e-05,3.663e-06,0.01961
29.136784,-4.556,-0.6885,0.00216,3.922e-06,3.922e-06,0.003922,-5.882e-05,3.663e-06,0.01961
29.146782,-4.595,-0.6592,0.002268,3.922e-06,3.922e-06,0.003922,-5.882e-05,3.663e-06,0.01961
29.156782,-4.604,-0.6152,0.002376,3.922e-06,3.922e-06,0.003922,-5.882e-05,3.663e-06,0.01961
29.166782,-4.624,-0.5664,0.002469,3.922e-06,3.922e-06,0.003922,-5.882e-05,3.663e-06,0.01961
29.176783,-4.614,-0.5176,0.002563,3.922e-06,3.922e-06,0.003922,-5.882e-05,3.663e-06,0.01961
29.186783,-4.614,-0.4541,0.002638,3.922e-06,3.922e-06,0.003922,-5.882e-05,3.663e-06,0.01961
29.196781,-4.585,-0.4053,0.002706,3.922e-06,3.922e-06,0.003922,-5.882e-05,3.663e-06,0.01961
29.206781,-4.546,-0.3271,0.002758,3.922e-06,3.922e-06,0.003922,-5.882e-05,3.663e-06,0.01961
29.216784,-4.487,-0.2783,0.002822,3.922e-06,3.922e-06,0.003922,-5.882e-05,3.663e-06,0.01961
29.226782,-4.434,-0.2051,0.002851,3.922e-06,3.922e-06,0.003922,-5.882e-05,3.663e-06,0.01961
29.236782,-4.351,-0.1123,0.00286,3.922e-06,3.922e-06,0.003922,-5.882e-05,3.663e-06,0.01961
29.246782,-4.277,-0.05859,0.002884,3.922e-06,3.922e-06,0.003922,-5.882e-05,3.663e-06,0.01961
29.256783,-4.165,0.01465,0.002892,3.922e-06,3.922e-06,0.003922,-5.882e-05,3.663e-06,0.01961
29.266785,-4.067,0.08301,0.002875,3.922e-06,3.922e-06,0.003922,-5.882e-05,3.663e-06,0.01961
29.276781,-3.96,0.1562,0.002851,3.922e-06,3.922e-06,0.003922,-5.882e-05,3.663e-06,0.01961
29.286781,-3.813,0.2344,0.002819,3.922e-06,3.922e-06,0.003922,-5.882e-05,3.663e-06,0.01961
29.296783,-3.726,0.2979,0.002779,3.922e-06,3.922e-06,0.003922,-5.882e-05,3.663e-06,0.01961
29.306782,-3.574,0.3809,0.002711,3.922e-06,3.922e-06,0.003922,-5.882e-05,3.663e-06,0.01961
29.316782,-3.433,0.4395,0.00265,3.922e-06,3.922e-06,0.003922,-5.882e-05,3.663e-06,0.01961
29.326782,-3.286,0.5029,0.002574,3.922e-06,3.922e-06,0.003922,-5.882e-05,3.663e-06,0.01961
29.336782,-3.14,0.5713,0.002481,3.922e-06,3.922e-06,0.003922,-5.882e-05,3.663e-06,0.01961
29.346783,-2.979,0.625,0.002376,3.922e-06,3.922e-06,0.003922,-5.882e-05,3.663e-06,0.01961
29.356783,-2.832,0.6836,0.002277,3.922e-06,3.922e-06,0.003922,-5.882e-05,3.663e-06,0.01961
29.366781,-2.681,0.7227,0.002157,3.922e-06,3.922e-06,0.003922,-5.882e-05,3.663e-06,0.01961
29.376783,-2.539,0.7715,0.002034,3.922e-06,3.922e-06,0.003922,-5.882e-05,3.663e-06,0.01961
29.386784,-2.388,0.8105,0.001915,3.922e-06,3.922e-06,0.003922,-5.882e-05,3.663e-06,0.01961
29.396782,-2.256,0.8496,0.001775,3.922e-06,3.922e-06,0.003922,-5.882e-05,3.663e-06,0.01961
29.406782,-2.104,0.8838,0.001634,3.922e-06,3.922e-06,0.003922,-5.882e-05,3.663e-06,0.01961
29.416782,-1.968,0.8887,0.0015,3.922e-06,3.922e-06,0.003922,-5.882e-05,3.663e-06,0.01961
29.426783,-1.846,0.9082,0.00136,3.922e-06,3.922e-06,0.003922,-5.882e-05,3.663e-06,0.01961
29.436783,-1.724,0.9229,0.001208,3.922e-06,3.922e-06,0.003922,-5.882e-05,3.663e-06,0.01961
29.446781,-1.621,0.9229,0.001057,3.922e-06,3.922e-06,0.003922,-5.882e-05,3.663e-06,0.01961
29.456781,-1.489,0.9131,0.0009194,3.922e-06,3.922e-06,0.003922,-5.882e-05,3.663e-06,0.01961
29.466784,-1.367,0.9033,0.0007734,3.922e-06,3.922e-06,0.003922,-5.882e-05,3.663e-06,0.01961
29.476782,-1.23,0.8936,0.0006363,3.922e-06,3.922e-06,0.003922,-5.882e-05,3.663e-06,0.01961
29.486782,-1.099,0.874,0.0004874,3.922e-06,3.922e-06,0.003922,-5.882e-05,3.663e-06,0.01961
29.496784,-0.9717,0.8398,0.0003561,3.922e-06,3.922e-06,0.003922,-5.882e-05,3.663e-06,0.01961
29.506783,-0.8496,0.8252,0.0002277,3.922e-06,3.922e-06,0.003922,-5.882e-05,3.663e-06,0.01961
29.516783,-0.708,0.7861,0.000108,3.922e-06,3.922e-06,0.003922,-5.882e-05,3.663e-06,0.01961
29.526781,-0.5762,0.7422,-8.756e-06,3.922e-06,3.922e-06,0.003922,-5.882e-05,3.663e-06,0.01961
29.536781,-0.4443,0.7324,-0.0001401,3.922e-06,3.922e-06,0.003922,-5.882e-05,3.663e-06,0.01961
29.546783,-0.3125,0.6592,-0.0002218,3.922e-06,3.922e-06,0.003922,-5.882e-05,3.663e-06,0.01961
29.556782,-0.1709,0.6348,-0.0003356,3.922e-06,3.922e-06,0.003922,-5.882e-05,3.663e-06,0.01961
29.566782,-0.05371,0.5859,-0.0004203,3.922e-06,3.922e-06,0.003922,-5.882e-05,3.663e-06,0.01961
29.576782,0.07324,0.542,-0.000502,3.922e-06,3.922e-06,0.003922,-5.882e-05,3.663e-06,0.01961
29.586782,0.2002,0.498,-0.0005808,3.922e-06,3.922e-06,0.003922,-5.882e-05,3.663e-06,0.01961
29.596783,0.3125,0.4443,-0.0006392,3.922e-06,3.922e-06,0.003922,-5.882e-05,3.663e-06,0.01961
29.606783,0.4443,0.4004,-0.0007034,3.922e-06,3.922e-06,0.003922,-5.882e-05,3.663e-06,0.01961
29.616783,0.5225,0.3613,-0.0007618,3.922e-06,3.922e-06,0.003922,-5.882e-05,3.663e-06,0.01961
29.626783,0.6348,0.3223,-0.0008085,3.922e-06,3.922e-06,0.003922,-5.882e-05,3.663e-06,0.01961
29.636784,0.7275,0.2783,-0.0008435,3.922e-06,3.922e-06,0.003922,-5.882e-05,3.663e-06,0.01961
29.646782,0.8154,0.2393,-0.0008873,3.922e-06,3.922e-06,0.003922,-5.882e-05,3.663e-06,0.01961
29.656782,0.9082,0.21,-0.0009106,3.922e-06,3.922e-06,0.003922,-5.882e-05,3.663e-06,0.01961
29.666782,1.006,0.1562,-0.0009252,3.922e-06,3.922e-06,0.003922,-5.882e-05,3.663e-06,0.01961
29.676783,1.089,0.127,-0.0009427,3.922e-06,3.922e-06,0.003922,-5.882e-05,3.663e-06,0.01961
29.686781,1.167,0.08789,-0.0009398,3.922e-06,3.922e-06,0.003922,-5.882e-05,3.663e-06,0.01961
29.696781,1.245,0.04883,-0.000934,3.922e-06,3.922e-06,0.003922,-5.882e-05,3.663e-06,0.01961
29.706781,1.323,0.04395,-0.0009544,3.922e-06,3.922e-06,0.003922,-5.882e-05,3.663e-06,0.01961
29.716782,1.372,0.009766,-0.0009515,3.922e-06,3.922e-06,0.003922,-5.882e-05,3.663e-06,0.01961
29.726782,1.45,-0.009766,-0.0009427,3.922e-06,3.922e-06,0.003922,-5.882e-05,3.663e-06,0.01961
29.736782,1.523,-0.01953,-0.0009252,3.922e-06,3.922e-06,0.003922,-5.882e-05,3.663e-06,0.01961
29.746782,1.592,-0.04395,-0.0009223,3.922e-06,3.922e-06,0.003922,-5.882e-05,3.663e-06,0.01961
29.756783,1.68,-0.03906,-0.0009106,3.922e-06,3.922e-06,0.003922,-5.882e-05,3.663e-06,0.01961
29.766783,1.753,-0.06348,-0.0008843,3.922e-06,3.922e-06,0.003922,-5.882e-05,3.663e-06,0.01961
29.776783,1.841,-0.06836,-0.0008668,3.922e-06,3.922e-06,0.003922,-5.882e-05,3.663e-06,0.01961
29.786783,1.919,-0.06348,-0.0008522,3.922e-06,3.922e-06,0.003922,-5.882e-05,3.663e-06,0.01961
29.796782,1.987,-0.07324,-0.000826,3.922e-06,3.922e-06,0.003922,-5.882e-05,3.663e-06,0.01961
29.806782,2.051,-0.06348,-0.0008055,3.922e-06,3.922e-06,0.003922,-5.882e-05,3.663e-06,0.01961
29.816782,2.109,-0.05371,-0.0007939,3.922e-06,3.922e-06,0.003922,-5.882e-05,3.663e-06,0.01961
29.826782,2.173,-0.03906,-0.0007909,3.922e-06,3.922e-06,0.003922,-5.882e-05,3.663e-06,0.01961
29.836782,2.241,-0.01465,-0.0007851,3.922e-06,3.922e-06,0.003922,-5.882e-05,3.663e-06,0.01961
29.846783,2.3,-0.01465,-0.0007763,3.922e-06,3.922e-06,0.003922,-5.882e-05,3.663e-06,0.01961
29.856783,2.373,0.009766,-0.0007734,3.922e-06,3.922e-06,0.003922,-5.882e-05,3.663e-06,0.01961
29.866783,2.417,0.01953,-0.0007588,3.922e-06,3.922e-06,0.003922,-5.882e-05,3.663e-06,0.01961
29.876783,2.466,0.03906,-0.0007647,3.922e-06,3.922e-06,0.003922,-5.882e-05,3.663e-06,0.01961
29.886784,2.534,0.05371,-0.0007559,3.922e-06,3.922e-06,0.003922,-5.882e-05,3.663e-06,0.01961
29.896782,2.568,0.08301,-0.0007705,3.922e-06,3.922e-06,0.003922,-5.882e-05,3.663e-06,0.01961
29.906782,2.646,0.09766,-0.0007734,3.922e-06,3.922e-06,0.003922,-5.882e-05,3.663e-06,0.01961
29.916782,2.7,0.1221,-0.0007997,3.922e-06,3.922e-06,0.003922,-5.882e-05,3.663e-06,0.01961
29.926783,2.764,0.127,-0.0007997,3.922e-06,3.922e-06,0.003922,-5.882e-05,3.663e-06,0.01961
29.936783,2.827,0.166,-0.0008289,3.922e-06,3.922e-06,0.003922,-5.882e-05,3.663e-06,0.01961
29.946783,2.891,0.1709,-0.0008464,3.922e-06,3.922e-06,0.003922,-5.882e-05,3.663e-06,0.01961
29.956781,2.959,0.2051,-0.0008814,3.922e-06,3.922e-06,0.003922,-5.882e-05,3.663e-06,0.01961
29.966782,2.998,0.2148,-0.0009018,3.922e-06,3.922e-06,0.003922,-5.882e-05,3.663e-06,0.01961
29.976782,3.057,0.2344,-0.000934,3.922e-06,3.922e-06,0.003922,-5.882e-05,3.663e-06,0.01961
29.986782,3.12,0.2637,-0.0009719,3.922e-06,3.922e-06,0.003922,-5.882e-05,3.663e-06,0.01961
29.996784,3.179,0.2637,-0.001007,3.922e-06,3.922e-06,0.003922,-5.882e-05,3.663e-06,0.01961
30.006781,3.252,0.2832,-0.001048,3.922e-06,3.922e-06,0.003922,-5.882e-05,3.663e-06,0.01961
30.016783,3.291,0.3027,-0.0011,3.922e-06,3.922e-06,0.003922,-5.882e-05,3.663e-06,0.01961
30.026781,3.35,0.3076,-0.001138,3.922e-06,3.922e-06,0.003922,-5.882e-05,3.663e-06,0.01961
30.036781,3.413,0.3223,-0.001188,3.922e-06,3.922e-06,0.003922,-5.882e-05,3.663e-06,0.01961
30.046782,3.452,0.3271,-0.001246,3.922e-06,3.922e-06,0.003922,-5.882e-05,3.663e-06,0.01961
30.056782,3.491,0.3271,-0.001281,3.922e-06,3.922e-06,0.003922,-5.882e-05,3.663e-06,0.01961
30.066784,3.54,0.332,-0.001328,3.922e-06,3.922e-06,0.003922,-5.882e-05,3.663e-06,0.01961
30.076782,3.579,0.3271,-0.001375,3.922e-06,3.922e-06,0.003922,-5.882e-05,3.663e-06,0.01961
30.086782,3.623,0.3369,-0.001427,3.922e-06,3.922e-06,0.003922,-5.882e-05,3.663e-06,0.01961
30.096781,3.657,0.3271,-0.001477,3.922e-06,3.922e-06,0.003922,-5.882e-05,3.663e-06,0.01961
30.106783,3.687,0.3418,-0.001535,3.922e-06,3.922e-06,0.003922,-5.882e-05,3.663e-06,0.01961
30.116783,3.721,0.3271,-0.001579,3.922e-06,3.922e-06,0.003922,-5.882e-05,3.663e-06,0.01961
30.126781,3.745,0.3076,-0.001614,3.922e-06,3.922e-06,0.003922,-5.882e-05,3.663e-06,0.01961
30.136782,3.76,0.2979,-0.001664,3.922e-06,3.922e-06,0.003922,-5.882e-05,3.663e-06,0.01961
30.146782,3.77,0.2881,-0.001704,3.922e-06,3.922e-06,0.003922,-5.882e-05,3.663e-06,0.01961
30.156782,3.789,0.2783,-0.001748,3.922e-06,3.922e-06,0.003922,-5.882e-05,3.663e-06,0.01961
30.166782,3.794,0.2539,-0.001777,3.922e-06,3.922e-06,0.003922,-5.882e-05,3.663e-06,0.01961
30.176783,3.799,0.2393,-0.001812,3.922e-06,3.922e-06,0.003922,-5.882e-05,3.663e-06,0.01961
30.186783,3.794,0.2344,-0.001853,3.922e-06,3.922e-06,0.003922,-5.882e-05,3.663e-06,0.01961
30.196781,3.779,0.21,-0.001885,3.922e-06,3.922e-06,0.003922,-5.882e-05,3.663e-06,0.01961
30.206783,3.784,0.1855,-0.001897,3.922e-06,3.922e-06,0.003922,-5.882e-05,3.663e-06,0.01961
30.216782,3.765,0.1465,-0.001909,3.922e-06,3.922e-06,0.003922,-5.882e-05,3.663e-06,0.01961
30.226782,3.75,0.1172,-0.00192,3.922e-06,3.922e-06,0.003922,-5.882e-05,3.663e-06,0.01961
30.236782,3.726,0.1025,-0.001938,3.922e-06,3.922e-06,0.003922,-5.882e-05,3.663e-06,0.01961
30.246782,3.687,0.06836,-0.001947,3.922e-06,3.922e-06,0.003922,-5.882e-05,3.663e-06,0.01961
30.256783,3.672,0.04395,-0.001938,3.922e-06,3.922e-06,0.003922,-5.882e-05,3.663e-06,0.01961
30.266783,3.618,0.0293,-0.001955,3.922e-06,3.922e-06,0.003922,-5.882e-05,3.663e-06,0.01961
30.276783,3.579,0.004883,-0.001947,3.922e-06,3.922e-06,0.003922,-5.882e-05,3.663e-06,0.01961
30.286781,3.54,-0.02441,-0.001938,3.922e-06,3.922e-06,0.003922,-5.882e-05,3.663e-06,0.01961
30.296782,3.486,-0.06836,-0.001909,3.922e-06,3.922e-06,0.003922,-5.882e-05,3.663e-06,0.01961
30.306782,3.447,-0.08301,-0.001894,3.922e-06,3.922e-06,0.003922,-5.882e-05,3.663e-06,0.01961
30.316784,3.394,-0.1074,-0.00188,3.922e-06,3.922e-06,0.003922,-5.882e-05,3.663e-06,0.01961
30.326782,3.35,-0.1367,-0.001845,3.922e-06,3.922e-06,0.003922,-5.882e-05,3.663e-06,0.01961
30.336782,3.296,-0.1562,-0.001824,3.922e-06,3.922e-06,0.003922,-5.882e-05,3.663e-06,0.01961
30.346783,3.242,-0.1807,-0.001783,3.922e-06,3.922e-06,0.003922,-5.882e-05,3.663e-06,0.01961
30.356781,3.184,-0.1855,-0.001757,3.922e-06,3.922e-06,0.003922,-5.882e-05,3.663e-06,0.01961
30.366783,3.13,-0.21,-0.00171,3.922e-06,3.922e-06,0.003922,-5.882e-05,3.663e-06,0.01961
30.376781,3.066,-0.2344,-0.001667,3.922e-06,3.922e-06,0.003922,-5.882e-05,3.663e-06,0.01961
30.386782,3.018,-0.2539,-0.001617,3.922e-06,3.922e-06,0.003922,-5.882e-05,3.663e-06,0.01961
30.396782,2.969,-0.2734,-0.001567,3.922e-06,3.922e-06,0.003922,-5.882e-05,3.663e-06,0.01961
30.406782,2.93,-0.2783,-0.001515,3.922e-06,3.922e-06,0.003922,-5.882e-05,3.663e-06,0.01961
30.416782,2.866,-0.2881,-0.001471,3.922e-06,3.922e-06,0.003922,-5.882e-05,3.663e-06,0.01961
30.426781,2.822,-0.293,-0.001418,3.922e-06,3.922e-06,0.003922,-5.882e-05,3.663e-06,0.01961
30.436783,2.783,-0.293,-0.001366,3.922e-06,3.922e-06,0.003922,-5.882e-05,3.663e-06,0.01961
30.446781,2.72,-0.293,-0.001319,3.922e-06,3.922e-06,0.003922,-5.882e-05,3.663e-06,0.01961
30.456781,2.7,-0.2979,-0.001264,3.922e-06,3.922e-06,0.003922,-5.882e-05,3.663e-06,0.01961
30.466782,2.651,-0.293,-0.001214,3.922e-06,3.922e-06,0.003922,-5.882e-05,3.663e-06,0.01961
30.476782,2.632,-0.2832,-0.001165,3.922e-06,3.922e-06,0.003922,-5.882e-05,3.663e-06,0.01961
30.486782,2.603,-0.2783,-0.001112,3.922e-06,3.922e-06,0.003922,-5.882e-05,3.663e-06,0.01961
30.49678,2.568,-0.2734,-0.001062,3.922e-06,3.922e-06,0.003922,-5.882e-05,3.663e-06,0.01961
30.506783,2.554,-0.249,-0.001019,3.922e-06,3.922e-06,0.003922,-5.882e-05,3.663e-06,0.01961
30.516783,2.534,-0.249,-0.0009631,3.922e-06,3.922e-06,0.003922,-5.882e-05,3.663e-06,0.01961
30.526783,2.52,-0.2295,-0.0009223,3.922e-06,3.922e-06,0.003922,-5.882e-05,3.663e-06,0.01961
30.536783,2.515,-0.21,-0.0008873,3.922e-06,3.922e-06,0.003922,-5.882e-05,3.663e-06,0.01961
30.546782,2.51,-0.1904,-0.0008551,3.922e-06,3.922e-06,0.003922,-5.882e-05,3.663e-06,0.01961
30.556782,2.529,-0.1514,-0.0008318,3.922e-06,3.922e-06,0.003922,-5.882e-05,3.663e-06,0.01961
30.566784,2.539,-0.1514,-0.0007851,3.922e-06,3.922e-06,0.003922,-5.882e-05,3.663e-06,0.01961
30.576782,2.559,-0.1172,-0.0007618,3.922e-06,3.922e-06,0.003922,-5.882e-05,3.663e-06,0.01961
30.586782,2.578,-0.1025,-0.0007355,3.922e-06,3.922e-06,0.003922,-5.882e-05,3.663e-06,0.01961
30.596783,2.593,-0.07812,-0.000718,3.922e-06,3.922e-06,0.003922,-5.882e-05,3.663e-06,0.01961
30.606783,2.637,-0.04883,-0.0007092,3.922e-06,3.922e-06,0.003922,-5.882e-05,3.663e-06,0.01961
30.616783,2.646,-0.01953,-0.0007063,3.922e-06,3.922e-06,0.003922,-5.882e-05,3.663e-06,0.01961
30.626783,2.69,0.01953,-0.0007063,3.922e-06,3.922e-06,0.003922,-5.882e-05,3.663e-06,0.01961
30.636782,2.734,0.04883,-0.0007034,3.922e-06,3.922e-06,0.003922,-5.882e-05,3.663e-06,0.01961
30.646782,2.783,0.06836,-0.0007063,3.922e-06,3.922e-06,0.003922,-5.882e-05,3.663e-06,0.01961
30.656782,2.832,0.1123,-0.0007355,3.922e-06,3.922e-06,0.003922,-5.882e-05,3.663e-06,0.01961
30.666782,2.881,0.1221,-0.0007384,3.922e-06,3.922e-06,0.003922,-5.882e-05,3.663e-06,0.01961
30.676783,2.93,0.1562,-0.0007647,3.922e-06,3.922e-06,0.003922,-5.882e-05,3.663e-06,0.01961
30.686783,2.988,0.1855,-0.000788,3.922e-06,3.922e-06,0.003922,-5.882e-05,3.663e-06,0.01961
30.696783,3.032,0.2148,-0.000826,3.922e-06,3.922e-06,0.003922,-5.882e-05,3.663e-06,0.01961
30.706781,3.101,0.2441,-0.0008493,3.922e-06,3.922e-06,0.003922,-5.882e-05,3.663e-06,0.01961
30.716782,3.154,0.2539,-0.0008814,3.922e-06,3.922e-06,0.003922,-5.882e-05,3.663e-06,0.01961
30.726782,3.218,0.293,-0.0009369,3.922e-06,3.922e-06,0.003922,-5.882e-05,3.663e-06,0.01961
30.736782,3.281,0.3076,-0.0009777,3.922e-06,3.922e-06,0.003922,-5.882e-05,3.663e-06,0.01961
30.746782,3.33,0.3271,-0.00103,3.922e-06,3.922e-06,0.003922,-5.882e-05,3.663e-06,0.01961
30.756783,3.403,0.3418,-0.001074,3.922e-06,3.922e-06,0.003922,-5.882e-05,3.663e-06,0.01961
30.766783,3.457,0.3516,-0.001132,3.922e-06,3.922e-06,0.003922,-5.882e-05,3.663e-06,0.01961
30.776781,3.525,0.3613,-0.001176,3.922e-06,3.922e-06,0.003922,-5.882e-05,3.663e-06,0.01961
30.786781,3.579,0.376,-0.00124,3.922e-06,3.922e-06,0.003922,-5.882e-05,3.663e-06,0.01961
30.796782,3.618,0.3857,-0.001305,3.922e-06,3.922e-06,0.003922,-5.882e-05,3.663e-06,0.01961
30.806782,3.672,0.3906,-0.001354,3.922e-06,3.922e-06,0.003922,-5.882e-05,3.663e-06,0.01961
30.816784,3.726,0.3857,-0.001407,3.922e-06,3.922e-06,0.003922,-5.882e-05,3.663e-06,0.01961
30.826782,3.755,0.3857,-0.001471,3.922e-06,3.922e-06,0.003922,-5.882e-05,3.663e-06,0.01961
30.836782,3.799,0.376,-0.001526,3.922e-06,3.922e-06,0.003922,-5.882e-05,3.663e-06,0.01961
30.846783,3.838,0.3711,-0.001582,3.922e-06,3.922e-06,0.003922,-5.882e-05,3.663e-06,0.01961
30.856781,3.862,0.3857,-0.001652,3.922e-06,3.922e-06,0.003922,-5.882e-05,3.663e-06,0.01961
30.866781,3.896,0.3516,-0.00169,3.922e-06,3.922e-06,0.003922,-5.882e-05,3.663e-06,0.01961
30.876781,3.921,0.3418,-0.001739,3.922e-06,3.922e-06,0.003922,-5.882e-05,3.663e-06,0.01961
30.886784,3.931,0.332,-0.001795,3.922e-06,3.922e-06,0.003922,-5.882e-05,3.663e-06,0.01961
30.89678,3.936,0.2979,-0.001827,3.922e-06,3.922e-06,0.003922,-5.882e-05,3.663e-06,0.01961
30.906782,3.931,0.2979,-0.00188,3.922e-06,3.922e-06,0.003922,-5.882e-05,3.663e-06,0.01961
30.916782,3.945,0.2686,-0.001923,3.922e-06,3.922e-06,0.003922,-5.882e-05,3.663e-06,0.01961
30.926783,3.936,0.2588,-0.001967,3.922e-06,3.922e-06,0.003922,-5.882e-05,3.663e-06,0.01961
30.936783,3.921,0.2246,-0.001996,3.922e-06,3.922e-06,0.003922,-5.882e-05,3.663e-06,0.01961
30.946783,3.911,0.1904,-0.002014,3.922e-06,3.922e-06,0.003922,-5.882e-05,3.663e-06,0.01961
30.956781,3.906,0.1465,-0.002017,3.922e-06,3.922e-06,0.003922,-5.882e-05,3.663e-06,0.01961
30.966782,3.857,0.1367,-0.002055,3.922e-06,3.922e-06,0.003922,-5.882e-05,3.663e-06,0.01961
30.976782,3.828,0.09766,-0.002061,3.922e-06,3.922e-06,0.003922,-5.882e-05,3.663e-06,0.01961
30.986782,3.789,0.06836,-0.002075,3.922e-06,3.922e-06,0.003922,-5.882e-05,3.663e-06,0.01961
30.996782,3.75,0.03418,-0.002072,3.922e-06,3.922e-06,0.003922,-5.882e-05,3.663e-06,0.01961
31.006783,3.716,0.01953,-0.002081,3.922e-06,3.922e-06,0.003922,-5.882e-05,3.663e-06,0.01961
31.016783,3.652,-0.02441,-0.002066,3.922e-06,3.922e-06,0.003922,-5.882e-05,3.663e-06,0.01961
31.026783,3.604,-0.04883,-0.002052,3.922e-06,3.922e-06,0.003922,-5.882e-05,3.663e-06,0.01961
31.036781,3.55,-0.08301,-0.002031,3.922e-06,3.922e-06,0.003922,-5.882e-05,3.663e-06,0.01961
31.046782,3.477,-0.1123,-0.002014,3.922e-06,3.922e-06,0.003922,-5.882e-05,3.663e-06,0.01961
31.056782,3.428,-0.1416,-0.001988,3.922e-06,3.922e-06,0.003922,-5.882e-05,3.663e-06,0.01961
31.066782,3.359,-0.1855,-0.001941,3.922e-06,3.922e-06,0.003922,-5.882e-05,3.663e-06,0.01961
31.076782,3.296,-0.2051,-0.001906,3.922e-06,3.922e-06,0.003922,-5.882e-05,3.663e-06,0.01961
31.086782,3.237,-0.2295,-0.001862,3.922e-06,3.922e-06,0.003922,-5.882e-05,3.663e-06,0.01961
31.096783,3.159,-0.2588,-0.001818,3.922e-06,3.922e-06,0.003922,-5.882e-05,3.663e-06,0.01961
31.106783,3.101,-0.2734,-0.001766,3.922e-06,3.922e-06,0.003922,-5.882e-05,3.663e-06,0.01961
31.116783,3.032,-0.293,-0.001719,3.922e-06,3.922e-06,0.003922,-5.882e-05,3.663e-06,0.01961
31.126781,2.969,-0.3076,-0.001664,3.922e-06,3.922e-06,0.003922,-5.882e-05,3.663e-06,0.01961
31.136782,2.91,-0.3223,-0.001605,3.922e-06,3.922e-06,0.003922,-5.882e-05,3.663e-06,0.01961
31.146782,2.842,-0.3516,-0.001538,3.922e-06,3.922e-06,0.003922,-5.882e-05,3.663e-06,0.01961
31.156782,2.773,-0.332,-0.0015,3.922e-06,3.922e-06,0.003922,-5.882e-05,3.663e-06,0.01961
31.166782,2.725,-0.3662,-0.001421,3.922e-06,3.922e-06,0.003922,-5.882e-05,3.663e-06,0.01961
31.176783,2.671,-0.3613,-0.00136,3.922e-06,3.922e-06,0.003922,-5.882e-05,3.663e-06,0.01961
31.186783,2.627,-0.3564,-0.001296,3.922e-06,3.922e-06,0.003922,-5.882e-05,3.663e-06,0.01961
31.196781,2.573,-0.3662,-0.001229,3.922e-06,3.922e-06,0.003922,-5.882e-05,3.663e-06,0.01961
31.206781,2.539,-0.3564,-0.001162,3.922e-06,3.922e-06,0.003922,-5.882e-05,3.663e-06,0.01961
31.216782,2.48,-0.3516,-0.001106,3.922e-06,3.922e-06,0.003922,-5.882e-05,3.663e-06,0.01961
31.226782,2.461,-0.3369,-0.001048,3.922e-06,3.922e-06,0.003922,-5.882e-05,3.663e-06,0.01961
31.236784,2.441,-0.3223,-0.0009865,3.922e-06,3.922e-06,0.003922,-5.882e-05,3.663e-06,0.01961
31.246782,2.412,-0.3223,-0.0009281,3.922e-06,3.922e-06,0.003922,-5.882e-05,3.663e-06,0.01961
31.256784,2.417,-0.3027,-0.0008668,3.922e-06,3.922e-06,0.003922,-5.882e-05,3.663e-06,0.01961
31.266783,2.388,-0.2832,-0.000826,3.922e-06,3.922e-06,0.003922,-5.882e-05,3.663e-06,0.01961
31.276783,2.383,-0.2539,-0.0007793,3.922e-06,3.922e-06,0.003922,-5.882e-05,3.663e-06,0.01961
31.286781,2.397,-0.2295,-0.0007326,3.922e-06,3.922e-06,0.003922,-5.882e-05,3.663e-06,0.01961
31.296783,2.383,-0.2051,-0.0006946,3.922e-06,3.922e-06,0.003922,-5.882e-05,3.663e-06,0.01961
31.306784,2.407,-0.1709,-0.0006625,3.922e-06,3.922e-06,0.003922,-5.882e-05,3.663e-06,0.01961
31.316784,2.417,-0.1416,-0.0006363,3.922e-06,3.922e-06,0.003922,-5.882e-05,3.663e-06,0.01961
31.326782,2.446,-0.1221,-0.0006071,3.922e-06,3.922e-06,0.003922,-5.882e-05,3.663e-06,0.01961
31.336782,2.485,-0.08301,-0.0005954,3.922e-06,3.922e-06,0.003922,-5.882e-05,3.663e-06,0.01961
31.346783,2.51,-0.04883,-0.0005837,3.922e-06,3.922e-06,0.003922,-5.882e-05,3.663e-06,0.01961
31.356783,2.568,-0.02441,-0.0005575,3.922e-06,3.922e-06,0.003922,-5.882e-05,3.663e-06,0.01961
31.366781,2.607,0.01465,-0.0005633,3.922e-06,3.922e-06,0.003922,-5.882e-05,3.663e-06,0.01961
31.376783,2.646,0.05371,-0.000575,3.922e-06,3.922e-06,0.003922,-5.882e-05,3.663e-06,0.01961
31.386784,2.71,0.09766,-0.0005896,3.922e-06,3.922e-06,0.003922,-5.882e-05,3.663e-06,0.01961
31.396782,2.759,0.1172,-0.0005954,3.922e-06,3.922e-06,0.003922,-5.882e-05,3.663e-06,0.01961
31.406782,2.832,0.166,-0.0006275,3.922e-06,3.922e-06,0.003922,-5.882e-05,3.663e-06,0.01961
31.416782,2.891,0.1953,-0.0006538,3.922e-06,3.922e-06,0.003922,-5.882e-05,3.663e-06,0.01961
31.426783,2.964,0.2295,-0.0006859,3.922e-06,3.922e-06,0.003922,-5.882e-05,3.663e-06,0.01961
31.436783,3.042,0.2539,-0.0007151,3.922e-06,3.922e-06,0.003922,-5.882e-05,3.663e-06,0.01961
31.446781,3.105,0.2783,-0.0007501,3.922e-06,3.922e-06,0.003922,-5.882e-05,3.663e-06,0.01961
31.456781,3.193,0.3076,-0.0007939,3.922e-06,3.922e-06,0.003922,-5.882e-05,3.663e-06,0.01961
31.466784,3.252,0.3369,-0.0008581,3.922e-06,3.922e-06,0.003922,-5.882e-05,3.663e-06,0.01961
31.476782,3.325,0.3711,-0.0009135,3.922e-06,3.922e-06,0.003922,-5.882e-05,3.663e-06,0.01961
31.486782,3.398,0.3857,-0.0009748,3.922e-06,3.922e-06,0.003922,-5.882e-05,3.663e-06,0.01961
31.496782,3.452,0.4053,-0.001033,3.922e-06,3.922e-06,0.003922,-5.882e-05,3.663e-06,0.01961
31.506783,3.55,0.4199,-0.001097,3.922e-06,3.922e-06,0.003922,-5.882e-05,3.663e-06,0.01961
31.516783,3.599,0.4395,-0.00117,3.922e-06,3.922e-06,0.003922,-5.882e-05,3.663e-06,0.01961
31.526781,3.677,0.4492,-0.001229,3.922e-06,3.922e-06,0.003922,-5.882e-05,3.663e-06,0.01961
31.536781,3.74,0.459,-0.001305,3.922e-06,3.922e-06,0.003922,-5.882e-05,3.663e-06,0.01961
31.546782,3.789,0.4541,-0.001369,3.922e-06,3.922e-06,0.003922,-5.882e-05,3.663e-06,0.01961
31.55678,3.843,0.4639,-0.001439,3.922e-06,3.922e-06,0.003922,-5.882e-05,3.663e-06,0.01961
31.566782,3.901,0.4639,-0.001521,3.922e-06,3.922e-06,0.003922,-5.882e-05,3.663e-06,0.01961
31.576782,3.94,0.4639,-0.001585,3.922e-06,3.922e-06,0.003922,-5.882e-05,3.663e-06,0.01961
31.586782,3.979,0.459,-0.001658,3.922e-06,3.922e-06,0.003922,-5.882e-05,3.663e-06,0.01961
31.596783,3.999,0.4346,-0.001722,3.922e-06,3.922e-06,0.003922,-5.882e-05,3.663e-06,0.01961
31.606781,4.053,0.4102,-0.001769,3.922e-06,3.922e-06,0.003922,-5.882e-05,3.663e-06,0.01961
31.616783,4.067,0.4004,-0.001845,3.922e-06,3.922e-06,0.003922,-5.882e-05,3.663e-06,0.01961
31.626781,4.087,0.3857,-0.0019,3.922e-06,3.922e-06,0.003922,-5.882e-05,3.663e-06,0.01961
31.636782,4.102,0.3662,-0.001955,3.922e-06,3.922e-06,0.003922,-5.882e-05,3.663e-06,0.01961
31.646782,4.092,0.3467,-0.002017,3.922e-06,3.922e-06,0.003922,-5.882e-05,3.663e-06,0.01961
31.656782,4.092,0.3174,-0.002052,3.922e-06,3.922e-06,0.003922,-5.882e-05,3.663e-06,0.01961
31.666782,4.092,0.2881,-0.002104,3.922e-06,3.922e-06,0.003922,-5.882e-05,3.663e-06,0.01961
31.676783,4.077,0.2588,-0.002136,3.922e-06,3.922e-06,0.003922,-5.882e-05,3.663e-06,0.01961
31.686783,4.058,0.2148,-0.00216,3.922e-06,3.922e-06,0.003922,-5.882e-05,3.663e-06,0.01961
31.696781,4.028,0.1709,-0.00218,3.922e-06,3.922e-06,0.003922,-5.882e-05,3.663e-06,0.01961
31.706781,3.994,0.1465,-0.002201,3.922e-06,3.922e-06,0.003922,-5.882e-05,3.663e-06,0.01961
31.716782,3.94,0.1074,-0.002212,3.922e-06,3.922e-06,0.003922,-5.882e-05,3.663e-06,0.01961
31.726784,3.901,0.06836,-0.002221,3.922e-06,3.922e-06,0.003922,-5.882e-05,3.663e-06,0.01961
31.736782,3.853,0.03906,-0.00223,3.922e-06,3.922e-06,0.003922,-5.882e-05,3.663e-06,0.01961
31.746782,3.799,0.0,-0.00223,3.922e-06,3.922e-06,0.003922,-5.882e-05,3.663e-06,0.01961
31.756783,3.75,-0.03906,-0.002215,3.922e-06,3.922e-06,0.003922,-5.882e-05,3.663e-06,0.01961
31.766783,3.672,-0.08789,-0.002186,3.922e-06,3.922e-06,0.003922,-5.882e-05,3.663e-06,0.01961
31.776781,3.613,-0.1221,-0.002166,3.922e-06,3.922e-06,0.003922,-5.882e-05,3.663e-06,0.01961
31.786783,3.535,-0.1611,-0.002136,3.922e-06,3.922e-06,0.003922,-5.882e-05,3.663e-06,0.01961
31.796783,3.447,-0.1953,-0.002101,3.922e-06,3.922e-06,0.003922,-5.882e-05,3.663e-06,0.01961
31.806782,3.394,-0.2295,-0.002052,3.922e-06,3.922e-06,0.003922,-5.882e-05,3.663e-06,0.01961
31.816782,3.296,-0.2588,-0.002014,3.922e-06,3.922e-06,0.003922,-5.882e-05,3.663e-06,0.01961
31.826782,3.218,-0.2881,-0.001964,3.922e-06,3.922e-06,0.003922,-5.882e-05,3.663e-06,0.01961
31.836782,3.145,-0.332,-0.001894,3.922e-06,3.922e-06,0.003922,-5.882e-05,3.663e-06,0.01961
31.846783,3.052,-0.3418,-0.00185,3.922e-06,3.922e-06,0.003922,-5.882e-05,3.663e-06,0.01961
31.856781,2.974,-0.3467,-0.001798,3.922e-06,3.922e-06,0.003922,-5.882e-05,3.663e-06,0.01961
31.866783,2.9,-0.3906,-0.001707,3.922e-06,3.922e-06,0.003922,-5.882e-05,3.663e-06,0.01961
31.876783,2.832,-0.4102,-0.001634,3.922e-06,3.922e-06,0.003922,-5.882e-05,3.663e-06,0.01961
31.886784,2.754,-0.4248,-0.001561,3.922e-06,3.922e-06,0.003922,-5.882e-05,3.663e-06,0.01961
31.896782,2.681,-0.4395,-0.001488,3.922e-06,3.922e-06,0.003922,-5.882e-05,3.663e-06,0.01961
31.906782,2.612,-0.4297,-0.001424,3.922e-06,3.922e-06,0.003922,-5.882e-05,3.663e-06,0.01961
31.916782,2.534,-0.4443,-0.001337,3.922e-06,3.922e-06,0.003922,-5.882e-05,3.663e-06,0.01961
31.926783,2.48,-0.4443,-0.001261,3.922e-06,3.922e-06,0.003922,-5.882e-05,3.663e-06,0.01961
31.936783,2.437,-0.4443,-0.001182,3.922e-06,3.922e-06,0.003922,-5.882e-05,3.663e-06,0.01961
31.946783,2.388,-0.4492,-0.0011,3.922e-06,3.922e-06,0.003922,-5.882e-05,3.663e-06,0.01961
31.956783,2.349,-0.4395,-0.001019,3.922e-06,3.922e-06,0.003922,-5.882e-05,3.663e-06,0.01961
31.966782,2.3,-0.4199,-0.0009602,3.922e-06,3.922e-06,0.003922,-5.882e-05,3.663e-06,0.01961
31.976782,2.275,-0.4053,-0.0008843,3.922e-06,3.922e-06,0.003922,-5.882e-05,3.663e-06,0.01961
31.986782,2.241,-0.3809,-0.0008201,3.922e-06,3.922e-06,0.003922,-5.882e-05,3.663e-06,0.01961
31.996782,2.227,-0.3662,-0.0007618,3.922e-06,3.922e-06,0.003922,-5.882e-05,3.663e-06,0.01961
32.006783,2.212,-0.332,-0.0006946,3.922e-06,3.922e-06,0.003922,-5.882e-05,3.663e-06,0.01961
32.016781,2.212,-0.3174,-0.0006392,3.922e-06,3.922e-06,0.003922,-5.882e-05,3.663e-06,0.01961
32.026783,2.217,-0.2734,-0.0005954,3.922e-06,3.922e-06,0.003922,-5.882e-05,3.663e-06,0.01961
32.036781,2.236,-0.249,-0.0005429,3.922e-06,3.922e-06,0.003922,-5.882e-05,3.663e-06,0.01961
32.046783,2.236,-0.2148,-0.0005108,3.922e-06,3.922e-06,0.003922,-5.882e-05,3.663e-06,0.01961
32.056782,2.275,-0.1758,-0.0004699,3.922e-06,3.922e-06,0.003922,-5.882e-05,3.663e-06,0.01961
32.06678,2.3,-0.1367,-0.0004465,3.922e-06,3.922e-06,0.003922,-5.882e-05,3.663e-06,0.01961
32.076782,2.334,-0.09277,-0.0004261,3.922e-06,3.922e-06,0.003922,-5.882e-05,3.663e-06,0.01961
32.086784,2.378,-0.05371,-0.0004144,3.922e-06,3.922e-06,0.003922,-5.882e-05,3.663e-06,0.01961
32.096783,2.432,-0.01465,-0.0004057,3.922e-06,3.922e-06,0.003922,-5.882e-05,3.663e-06,0.01961
32.106781,2.52,0.02441,-0.0003969,3.922e-06,3.922e-06,0.003922,-5.882e-05,3.663e-06,0.01961
32.116783,2.559,0.07324,-0.0004144,3.922e-06,3.922e-06,0.003922,-5.882e-05,3.663e-06,0.01961
32.126781,2.632,0.1123,-0.0004232,3.922e-06,3.922e-06,0.003922,-5.882e-05,3.663e-06,0.01961
32.136784,2.705,0.1611,-0.0004465,3.922e-06,3.922e-06,0.003922,-5.882e-05,3.663e-06,0.01961
32.146782,2.764,0.1855,-0.0004582,3.922e-06,3.922e-06,0.003922,-5.882e-05,3.663e-06,0.01961
32.15678,2.861,0.2393,-0.0005108,3.922e-06,3.922e-06,0.003922,-5.882e-05,3.663e-06,0.01961
32.166782,2.93,0.2734,-0.0005487,3.922e-06,3.922e-06,0.003922,-5.882e-05,3.663e-06,0.01961
32.176785,3.013,0.3223,-0.0006041,3.922e-06,3.922e-06,0.003922,-5.882e-05,3.663e-06,0.01961
32.186783,3.115,0.3564,-0.0006508,3.922e-06,3.922e-06,0.003922,-5.882e-05,3.663e-06,0.01961
32.196781,3.198,0.3809,-0.0007034,3.922e-06,3.922e-06,0.003922,-5.882e-05,3.663e-06,0.01961
32.206783,3.301,0.4199,-0.0007763,3.922e-06,3.922e-06,0.003922,-5.882e-05,3.663e-06,0.01961
32.216782,3.379,0.4346,-0.0008318,3.922e-06,3.922e-06,0.003922,-5.882e-05,3.663e-06,0.01961
32.226784,3.462,0.4639,-0.0009077,3.922e-06,3.922e-06,0.003922,-5.882e-05,3.663e-06,0.01961
32.236782,3.55,0.4883,-0.0009836,3.922e-06,3.922e-06,0.003922,-5.882e-05,3.663e-06,0.01961
32.246784,3.628,0.498,-0.001057,3.922e-06,3.922e-06,0.003922,-5.882e-05,3.663e-06,0.01961
32.256783,3.701,0.5322,-0.001144,3.922e-06,3.922e-06,0.003922,-5.882e-05,3.663e-06,0.01961
32.266781,3.789,0.542,-0.001237,3.922e-06,3.922e-06,0.003922,-5.882e-05,3.663e-06,0.01961
32.276783,3.872,0.5518,-0.001316,3.922e-06,3.922e-06,0.003922,-5.882e-05,3.663e-06,0.01961
32.286781,3.94,0.5566,-0.001404,3.922e-06,3.922e-06,0.003922,-5.882e-05,3.663e-06,0.01961
32.296783,3.989,0.5469,-0.00148,3.922e-06,3.922e-06,0.003922,-5.882e-05,3.663e-06,0.01961
32.306782,4.058,0.5518,-0.001564,3.922e-06,3.922e-06,0.003922,-5.882e-05,3.663e-06,0.01961
32.316784,4.111,0.5322,-0.001643,3.922e-06,3.922e-06,0.003922,-5.882e-05,3.663e-06,0.01961
32.326782,4.165,0.5322,-0.001731,3.922e-06,3.922e-06,0.003922,-5.882e-05,3.663e-06,0.01961
32.336781,4.194,0.5176,-0.001815,3.922e-06,3.922e-06,0.003922,-5.882e-05,3.663e-06,0.01961
32.346783,4.229,0.4932,-0.001891,3.922e-06,3.922e-06,0.003922,-5.882e-05,3.663e-06,0.01961
32.356781,4.292,0.4736,-0.001953,3.922e-06,3.922e-06,0.003922,-5.882e-05,3.663e-06,0.01961
32.366783,4.287,0.4541,-0.002034,3.922e-06,3.922e-06,0.003922,-5.882e-05,3.663e-06,0.01961
32.376781,4.297,0.4297,-0.002101,3.922e-06,3.922e-06,0.003922,-5.882e-05,3.663e-06,0.01961
32.386784,4.292,0.4004,-0.00216,3.922e-06,3.922e-06,0.003922,-5.882e-05,3.663e-06,0.01961
32.396782,4.287,0.3564,-0.002209,3.922e-06,3.922e-06,0.003922,-5.882e-05,3.663e-06,0.01961
32.406784,4.272,0.332,-0.002271,3.922e-06,3.922e-06,0.003922,-5.882e-05,3.663e-06,0.01961
32.416782,4.248,0.2881,-0.0023,3.922e-06,3.922e-06,0.003922,-5.882e-05,3.663e-06,0.01961
32.426781,4.219,0.2441,-0.002341,3.922e-06,3.922e-06,0.003922,-5.882e-05,3.663e-06,0.01961
32.436783,4.18,0.2051,-0.002367,3.922e-06,3.922e-06,0.003922,-5.882e-05,3.663e-06,0.01961
32.446781,4.141,0.1611,-0.00239,3.922e-06,3.922e-06,0.003922,-5.882e-05,3.663e-06,0.01961
32.456783,4.102,0.1221,-0.002405,3.922e-06,3.922e-06,0.003922,-5.882e-05,3.663e-06,0.01961
32.466782,4.053,0.06348,-0.002411,3.922e-06,3.922e-06,0.003922,-5.882e-05,3.663e-06,0.01961
32.476784,3.979,0.01465,-0.002408,3.922e-06,3.922e-06,0.003922,-5.882e-05,3.663e-06,0.01961
32.486782,3.901,-0.03418,-0.002396,3.922e-06,3.922e-06,0.003922,-5.882e-05,3.663e-06,0.01961
32.496784,3.823,-0.08789,-0.002373,3.922e-06,3.922e-06,0.003922,-5.882e-05,3.663e-06,0.01961
32.506783,3.755,-0.1074,-0.002364,3.922e-06,3.922e-06,0.003922,-5.882e-05,3.663e-06,0.01961
32.516781,3.657,-0.166,-0.002326,3.922e-06,3.922e-06,0.003922,-5.882e-05,3.663e-06,0.01961
32.526783,3.579,-0.2002,-0.002297,3.922e-06,3.922e-06,0.003922,-5.882e-05,3.663e-06,0.01961
32.536785,3.486,-0.2539,-0.002241,3.922e-06,3.922e-06,0.003922,-5.882e-05,3.663e-06,0.01961
32.546783,3.394,-0.293,-0.002198,3.922e-06,3.922e-06,0.003922,-5.882e-05,3.663e-06,0.01961
32.556782,3.301,-0.3271,-0.002136,3.922e-06,3.922e-06,0.003922,-5.882e-05,3.663e-06,0.01961
32.566784,3.208,-0.3662,-0.002078,3.922e-06,3.922e-06,0.003922,-5.882e-05,3.663e-06,0.01961
32.576782,3.105,-0.4053,-0.001996,3.922e-06,3.922e-06,0.003922,-5.882e-05,3.663e-06,0.01961
32.586781,3.003,-0.4297,-0.001923,3.922e-06,3.922e-06,0.003922,-5.882e-05,3.663e-06,0.01961
32.596783,2.91,-0.4639,-0.001845,3.922e-06,3.922e-06,0.003922,-5.882e-05,3.663e-06,0.01961
32.606781,2.817,-0.4883,-0.001751,3.922e-06,3.922e-06,0.003922,-5.882e-05,3.663e-06,0.01961
32.616783,2.715,-0.498,-0.001681,3.922e-06,3.922e-06,0.003922,-5.882e-05,3.663e-06,0.01961
32.626781,2.637,-0.5225,-0.001579,3.922e-06,3.922e-06,0.003922,-5.882e-05,3.663e-06,0.01961
32.636784,2.544,-0.5225,-0.001506,3.922e-06,3.922e-06,0.003922,-5.882e-05,3.663e-06,0.01961
32.646782,2.461,-0.5469,-0.001404,3.922e-06,3.922e-06,0.003922,-5.882e-05,3.663e-06,0.01961
32.656784,2.383,-0.5371,-0.001308,3.922e-06,3.922e-06,0.003922,-5.882e-05,3.663e-06,0.01961
32.666782,2.31,-0.5566,-0.001208,3.922e-06,3.922e-06,0.003922,-5.882e-05,3.663e-06,0.01961
32.676781,2.256,-0.5469,-0.001115,3.922e-06,3.922e-06,0.003922,-5.882e-05,3.663e-06,0.01961
32.686783,2.197,-0.5371,-0.001022,3.922e-06,3.922e-06,0.003922,-5.882e-05,3.663e-06,0.01961
32.696781,2.139,-0.5322,-0.000931,3.922e-06,3.922e-06,0.003922,-5.882e-05,3.663e-06,0.01961
32.706783,2.08,-0.4883,-0.0008668,3.922e-06,3.922e-06,0.003922,-5.882e-05,3.663e-06,0.01961
32.716782,2.056,-0.4932,-0.0007676,3.922e-06,3.922e-06,0.003922,-5.882e-05,3.663e-06,0.01961
32.726784,2.041,-0.459,-0.0006917,3.922e-06,3.922e-06,0.003922,-5.882e-05,3.663e-06,0.01961
32.736782,2.021,-0.4346,-0.0006129,3.922e-06,3.922e-06,0.003922,-5.882e-05,3.663e-06,0.01961
32.746784,2.002,-0.4004,-0.0005487,3.922e-06,3.922e-06,0.003922,-5.882e-05,3.663e-06,0.01961
32.756783,2.007,-0.3662,-0.0004728,3.922e-06,3.922e-06,0.003922,-5.882e-05,3.663e-06,0.01961
32.766781,2.012,-0.3418,-0.0004086,3.922e-06,3.922e-06,0.003922,-5.882e-05,3.663e-06,0.01961
32.776783,2.026,-0.2979,-0.0003561,3.922e-06,3.922e-06,0.003922,-5.882e-05,3.663e-06,0.01961
32.786781,2.046,-0.2539,-0.0003094,3.922e-06,3.922e-06,0.003922,-5.882e-05,3.663e-06,0.01961
32.79678,2.075,-0.2051,-0.0002831,3.922e-06,3.922e-06,0.003922,-5.882e-05,3.663e-06,0.01961
32.806782,2.139,-0.166,-0.0002422,3.922e-06,3.922e-06,0.003922,-5.882e-05,3.663e-06,0.01961
32.816784,2.163,-0.1172,-0.0002247,3.922e-06,3.922e-06,0.003922,-5.882e-05,3.663e-06,0.01961
32.826782,2.222,-0.05371,-0.000216,3.922e-06,3.922e-06,0.003922,-5.882e-05,3.663e-06,0.01961
32.836781,2.31,-0.01465,-0.0001985,3.922e-06,3.922e-06,0.003922,-5.882e-05,3.663e-06,0.01961
32.846783,2.354,0.04395,-0.0002072,3.922e-06,3.922e-06,0.003922,-5.882e-05,3.663e-06,0.01961
32.856781,2.461,0.09277,-0.0002131,3.922e-06,3.922e-06,0.003922,-5.882e-05,3.663e-06,0.01961
32.866783,2.524,0.1367,-0.0002335,3.922e-06,3.922e-06,0.003922,-5.882e-05,3.663e-06,0.01961
32.876781,2.607,0.1855,-0.0002539,3.922e-06,3.922e-06,0.003922,-5.882e-05,3.663e-06,0.01961
32.886784,2.705,0.249,-0.0003006,3.922e-06,3.922e-06,0.003922,-5.882e-05,3.663e-06,0.01961
32.896782,2.793,0.3027,-0.0003532,3.922e-06,3.922e-06,0.003922,-5.882e-05,3.663e-06,0.01961
32.906784,2.905,0.3613,-0.0004028,3.922e-06,3.922e-06,0.003922,-5.882e-05,3.663e-06,0.01961
32.916782,3.003,0.3857,-0.0004553,3.922e-06,3.922e-06,0.003922,-5.882e-05,3.663e-06,0.01961
32.926781,3.125,0.4248,-0.0005137,3.922e-06,3.922e-06,0.003922,-5.882e-05,3.663e-06,0.01961
32.936783,3.223,0.4639,-0.0005866,3.922e-06,3.922e-06,0.003922,-5.882e-05,3.663e-06,0.01961
32.946781,3.33,0.498,-0.0006596,3.922e-06,3.922e-06,0.003922,-5.882e-05,3.663e-06,0.01961
32.956783,3.447,0.5469,-0.0007559,3.922e-06,3.922e-06,0.003922,-5.882e-05,3.663e-06,0.01961
32.966782,3.54,0.5713,-0.0008406,3.922e-06,3.922e-06,0.003922,-5.882e-05,3.663e-06,0.01961
32.976784,3.652,0.5957,-0.000931,3.922e-06,3.922e-06,0.003922,-5.882e-05,3.663e-06,0.01961
32.986782,3.75,0.6201,-0.001027,3.922e-06,3.922e-06,0.003922,-5.882e-05,3.663e-06,0.01961
32.996784,3.843,0.625,-0.001124,3.922e-06,3.922e-06,0.003922,-5.882e-05,3.663e-06,0.01961
33.006783,3.936,0.6592,-0.00124,3.922e-06,3.922e-06,0.003922,-5.882e-05,3.663e-06,0.01961
33.016781,4.028,0.6543,-0.001325,3.922e-06,3.922e-06,0.003922,-5.882e-05,3.663e-06,0.01961
33.026783,4.126,0.6641,-0.00143,3.922e-06,3.922e-06,0.003922,-5.882e-05,3.663e-06,0.01961
33.036781,4.194,0.6592,-0.001535,3.922e-06,3.922e-06,0.003922,-5.882e-05,3.663e-06,0.01961
33.046783,4.253,0.6592,-0.001649,3.922e-06,3.922e-06,0.003922,-5.882e-05,3.663e-06,0.01961
33.056782,4.341,0.6494,-0.001745,3.922e-06,3.922e-06,0.003922,-5.882e-05,3.663e-06,0.01961
33.066784,4.37,0.6348,-0.001842,3.922e-06,3.922e-06,0.003922,-5.882e-05,3.663e-06,0.01961
33.076782,4.419,0.6201,-0.001941,3.922e-06,3.922e-06,0.003922,-5.882e-05,3.663e-06,0.01961
33.086781,4.453,0.5908,-0.002028,3.922e-06,3.922e-06,0.003922,-5.882e-05,3.663e-06,0.01961
33.096783,4.487,0.5615,-0.002113,3.922e-06,3.922e-06,0.003922,-5.882e-05,3.663e-06,0.01961
33.106781,4.526,0.5273,-0.002195,3.922e-06,3.922e-06,0.003922,-5.882e-05,3.663e-06,0.01961
33.116783,4.521,0.498,-0.002279,3.922e-06,3.922e-06,0.003922,-5.882e-05,3.663e-06,0.01961
33.126781,4.531,0.459,-0.002338,3.922e-06,3.922e-06,0.003922,-5.882e-05,3.663e-06,0.01961
33.136784,4.517,0.415,-0.002408,3.922e-06,3.922e-06,0.003922,-5.882e-05,3.663e-06,0.01961
33.146782,4.492,0.3809,-0.002469,3.922e-06,3.922e-06,0.003922,-5.882e-05,3.663e-06,0.01961
33.156784,4.458,0.3271,-0.002507,3.922e-06,3.922e-06,0.003922,-5.882e-05,3.663e-06,0.01961
33.166782,4.419,0.2734,-0.002554,3.922e-06,3.922e-06,0.003922,-5.882e-05,3.663e-06,0.01961
33.176781,4.38,0.2295,-0.002589,3.922e-06,3.922e-06,0.003922,-5.882e-05,3.663e-06,0.01961
33.186783,4.326,0.1855,-0.002621,3.922e-06,3.922e-06,0.003922,-5.882e-05,3.663e-06,0.01961
33.196781,4.268,0.1074,-0.002621,3.922e-06,3.922e-06,0.003922,-5.882e-05,3.663e-06,0.01961
33.206783,4.214,0.05859,-0.002627,3.922e-06,3.922e-06,0.003922,-5.882e-05,3.663e-06,0.01961
33.216782,4.131,0.0,-0.002627,3.922e-06,3.922e-06,0.003922,-5.882e-05,3.663e-06,0.01961
33.226784,4.048,-0.05859,-0.002606,3.922e-06,3.922e-06,0.003922,-5.882e-05,3.663e-06,0.01961
33.236782,3.94,-0.1074,-0.002589,3.922e-06,3.922e-06,0.003922,-5.882e-05,3.663e-06,0.01961
33.246784,3.843,-0.1709,-0.002557,3.922e-06,3.922e-06,0.003922,-5.882e-05,3.663e-06,0.01961
33.256783,3.721,-0.2051,-0.002528,3.922e-06,3.922e-06,0.003922,-5.882e-05,3.663e-06,0.01961
33.266781,3.608,-0.2734,-0.002472,3.922e-06,3.922e-06,0.003922,-5.882e-05,3.663e-06,0.01961
33.276783,3.521,-0.3174,-0.002417,3.922e-06,3.922e-06,0.003922,-5.882e-05,3.663e-06,0.01961
33.286781,3.403,-0.3711,-0.002355,3.922e-06,3.922e-06,0.003922,-5.882e-05,3.663e-06,0.01961
33.296783,3.291,-0.4199,-0.002279,3.922e-06,3.922e-06,0.003922,-5.882e-05,3.663e-06,0.01961
33.306782,3.198,-0.4639,-0.002195,3.922e-06,3.922e-06,0.003922,-5.882e-05,3.663e-06,0.01961
33.31678,3.047,-0.5029,-0.002119,3.922e-06,3.922e-06,0.003922,-5.882e-05,3.663e-06,0.01961
33.326782,2.93,-0.5371,-0.00202,3.922e-06,3.922e-06,0.003922,-5.882e-05,3.663e-06,0.01961
33.336781,2.812,-0.5713,-0.00192,3.922e-06,3.922e-06,0.003922,-5.882e-05,3.663e-06,0.01961
33.346783,2.69,-0.6006,-0.001824,3.922e-06,3.922e-06,0.003922,-5.882e-05,3.663e-06,0.01961
33.356785,2.583,-0.6152,-0.00171,3.922e-06,3.922e-06,0.003922,-5.882e-05,3.663e-06,0.01961
33.366783,2.48,-0.6396,-0.001608,3.922e-06,3.922e-06,0.003922,-5.882e-05,3.663e-06,0.01961
33.376781,2.388,-0.6494,-0.0015,3.922e-06,3.922e-06,0.003922,-5.882e-05,3.663e-06,0.01961
33.386784,2.295,-0.6592,-0.001389,3.922e-06,3.922e-06,0.003922,-5.882e-05,3.663e-06,0.01961
33.396782,2.197,-0.6738,-0.00127,3.922e-06,3.922e-06,0.003922,-5.882e-05,3.663e-06,0.01961
33.406784,2.119,-0.6641,-0.001156,3.922e-06,3.922e-06,0.003922,-5.882e-05,3.663e-06,0.01961
33.416782,2.031,-0.6738,-0.001033,3.922e-06,3.922e-06,0.003922,-5.882e-05,3.663e-06,0.01961
33.426785,1.963,-0.6494,-0.000931,3.922e-06,3.922e-06,0.003922,-5.882e-05,3.663e-06,0.01961
33.436783,1.899,-0.6396,-0.0008172,3.922e-06,3.922e-06,0.003922,-5.882e-05,3.663e-06,0.01961
33.446785,1.851,-0.6152,-0.0007209,3.922e-06,3.922e-06,0.003922,-5.882e-05,3.663e-06,0.01961
33.456783,1.821,-0.5908,-0.00061,3.922e-06,3.922e-06,0.003922,-5.882e-05,3.663e-06,0.01961
33.466782,1.768,-0.5566,-0.0005253,3.922e-06,3.922e-06,0.003922,-5.882e-05,3.663e-06,0.01961
33.476784,1.743,-0.5273,-0.000432,3.922e-06,3.922e-06,0.003922,-5.882e-05,3.663e-06,0.01961
33.486782,1.724,-0.498,-0.0003356,3.922e-06,3.922e-06,0.003922,-5.882e-05,3.663e-06,0.01961
33.49678,1.689,-0.4541,-0.0002627,3.922e-06,3.922e-06,0.003922,-5.882e-05,3.663e-06,0.01961
33.506783,1.67,-0.3906,-0.0002043,3.922e-06,3.922e-06,0.003922,-5.882e-05,3.663e-06,0.01961
33.516781,1.66,-0.3564,-0.0001343,3.922e-06,3.922e-06,0.003922,-5.882e-05,3.663e-06,0.01961
33.526783,1.689,-0.2979,-8.464e-05,3.922e-06,3.922e-06,0.003922,-5.882e-05,3.663e-06,0.01961
33.536781,1.719,-0.2588,-2.919e-05,3.922e-06,3.922e-06,0.003922,-5.882e-05,3.663e-06,0.01961
33.546783,1.768,-0.2051,5.837e-06,3.922e-06,3.922e-06,0.003922,-5.882e-05,3.663e-06,0.01961
33.556782,1.821,-0.1318,2.627e-05,3.922e-06,3.922e-06,0.003922,-5.882e-05,3.663e-06,0.01961
33.56678,1.895,-0.07812,3.794e-05,3.922e-06,3.922e-06,0.003922,-5.882e-05,3.663e-06,0.01961
33.576782,1.997,-0.01953,5.837e-05,3.922e-06,3.922e-06,0.003922,-5.882e-05,3.663e-06,0.01961
33.586781,2.08,0.03418,6.421e-05,3.922e-06,3.922e-06,0.003922,-5.882e-05,3.663e-06,0.01961
33.596783,2.183,0.09277,5.253e-05,3.922e-06,3.922e-06,0.003922,-5.882e-05,3.663e-06,0.01961
33.606781,2.285,0.1709,1.459e-05,3.922e-06,3.922e-06,0.003922,-5.882e-05,3.663e-06,0.01961
33.616783,2.393,0.21,0.0,3.922e-06,3.922e-06,0.003922,-5.882e-05,3.663e-06,0.01961
33.626781,2.52,0.2832,-4.378e-05,3.922e-06,3.922e-06,0.003922,-5.882e-05,3.663e-06,0.01961
33.636784,2.627,0.3418,-0.0001022,3.922e-06,3.922e-06,0.003922,-5.882e-05,3.663e-06,0.01961
33.646782,2.754,0.4053,-0.0001722,3.922e-06,3.922e-06,0.003922,-5.882e-05,3.663e-06,0.01961
33.65678,2.905,0.4492,-0.0002189,3.922e-06,3.922e-06,0.003922,-5.882e-05,3.663e-06,0.01961
33.666782,3.037,0.4932,-0.0002948,3.922e-06,3.922e-06,0.003922,-5.882e-05,3.663e-06,0.01961
33.676781,3.169,0.5518,-0.0003853,3.922e-06,3.922e-06,0.003922,-5.882e-05,3.663e-06,0.01961
33.686783,3.296,0.6055,-0.0004874,3.922e-06,3.922e-06,0.003922,-5.882e-05,3.663e-06,0.01961
33.696781,3.428,0.6348,-0.000575,3.922e-06,3.922e-06,0.003922,-5.882e-05,3.663e-06,0.01961
33.706783,3.56,0.6738,-0.0006859,3.922e-06,3.922e-06,0.003922,-5.882e-05,3.663e-06,0.01961
33.716782,3.677,0.6982,-0.0007939,3.922e-06,3.922e-06,0.003922,-5.882e-05,3.663e-06,0.01961
33.726784,3.804,0.7422,-0.0009135,3.922e-06,3.922e-06,0.003922,-5.882e-05,3.663e-06,0.01961
33.736782,3.931,0.7617,-0.001033,3.922e-06,3.922e-06,0.003922,-5.882e-05,3.663e-06,0.01961
33.74678,4.058,0.7812,-0.001159,3.922e-06,3.922e-06,0.003922,-5.882e-05,3.663e-06,0.01961
33.756783,4.175,0.7861,-0.001267,3.922e-06,3.922e-06,0.003922,-5.882e-05,3.663e-06,0.01961
33.766781,4.263,0.791,-0.001401,3.922e-06,3.922e-06,0.003922,-5.882e-05,3.663e-06,0.01961
33.776783,4.37,0.7959,-0.001529,3.922e-06,3.922e-06,0.003922,-5.882e-05,3.663e-06,0.01961
33.786781,4.458,0.791,-0.00164,3.922e-06,3.922e-06,0.003922,-5.882e-05,3.663e-06,0.01961
33.796783,4.531,0.7861,-0.00178,3.922e-06,3.922e-06,0.003922,-5.882e-05,3.663e-06,0.01961
33.806782,4.609,0.7812,-0.001903,3.922e-06,3.922e-06,0.003922,-5.882e-05,3.663e-06,0.01961
33.81678,4.653,0.7471,-0.002023,3.922e-06,3.922e-06,0.003922,-5.882e-05,3.663e-06,0.01961
33.826782,4.707,0.7324,-0.002133,3.922e-06,3.922e-06,0.003922,-5.882e-05,3.663e-06,0.01961
33.836781,4.756,0.6982,-0.002247,3.922e-06,3.922e-06,0.003922,-5.882e-05,3.663e-06,0.01961
33.846783,4.78,0.6592,-0.002347,3.922e-06,3.922e-06,0.003922,-5.882e-05,3.663e-06,0.01961
33.856781,4.8,0.625,-0.002443,3.922e-06,3.922e-06,0.003922,-5.882e-05,3.663e-06,0.01961
33.866783,4.805,0.5664,-0.002525,3.922e-06,3.922e-06,0.003922,-5.882e-05,3.663e-06,0.01961
33.876781,4.81,0.5225,-0.002606,3.922e-06,3.922e-06,0.003922,-5.882e-05,3.663e-06,0.01961
33.88678,4.775,0.4688,-0.002679,3.922e-06,3.922e-06,0.003922,-5.882e-05,3.663e-06,0.01961
33.896782,4.746,0.415,-0.002746,3.922e-06,3.922e-06,0.003922,-5.882e-05,3.663e-06,0.01961
33.90678,4.697,0.3662,-0.002805,3.922e-06,3.922e-06,0.003922,-5.882e-05,3.663e-06,0.01961
33.916782,4.653,0.293,-0.002837,3.922e-06,3.922e-06,0.003922,-5.882e-05,3.663e-06,0.01961
33.926781,4.59,0.2246,-0.002875,3.922e-06,3.922e-06,0.003922,-5.882e-05,3.663e-06,0.01961
33.936783,4.517,0.1562,-0.002892,3.922e-06,3.922e-06,0.003922,-5.882e-05,3.663e-06,0.01961
33.946781,4.438,0.08789,-0.002898,3.922e-06,3.922e-06,0.003922,-5.882e-05,3.663e-06,0.01961
33.956783,4.365,0.01465,-0.002889,3.922e-06,3.922e-06,0.003922,-5.882e-05,3.663e-06,0.01961
33.966782,4.248,-0.05371,-0.002886,3.922e-06,3.922e-06,0.003922,-5.882e-05,3.663e-06,0.01961
33.97678,4.131,-0.1123,-0.002863,3.922e-06,3.922e-06,0.003922,-5.882e-05,3.663e-06,0.01961
33.986782,4.023,-0.1807,-0.002831,3.922e-06,3.922e-06,0.003922,-5.882e-05,3.663e-06,0.01961
33.996784,3.892,-0.249,-0.002784,3.922e-06,3.922e-06,0.003922,-5.882e-05,3.663e-06,0.01961
34.006783,3.774,-0.3174,-0.002726,3.922e-06,3.922e-06,0.003922,-5.882e-05,3.663e-06,0.01961
34.016785,3.628,-0.3711,-0.002671,3.922e-06,3.922e-06,0.003922,-5.882e-05,3.663e-06,0.01961
34.026783,3.496,-0.4297,-0.002592,3.922e-06,3.922e-06,0.003922,-5.882e-05,3.663e-06,0.01961
34.036785,3.354,-0.4932,-0.00251,3.922e-06,3.922e-06,0.003922,-5.882e-05,3.663e-06,0.01961
34.046783,3.208,-0.5518,-0.002414,3.922e-06,3.922e-06,0.003922,-5.882e-05,3.663e-06,0.01961
34.056782,3.081,-0.6055,-0.0023,3.922e-06,3.922e-06,0.003922,-5.882e-05,3.663e-06,0.01961
34.066784,2.92,-0.6494,-0.002201,3.922e-06,3.922e-06,0.003922,-5.882e-05,3.663e-06,0.01961
34.076782,2.788,-0.6836,-0.002084,3.922e-06,3.922e-06,0.003922,-5.882e-05,3.663e-06,0.01961
34.086784,2.642,-0.7129,-0.001967,3.922e-06,3.922e-06,0.003922,-5.882e-05,3.663e-06,0.01961
34.096783,2.51,-0.7471,-0.001842,3.922e-06,3.922e-06,0.003922,-5.882e-05,3.663e-06,0.01961
34.106781,2.378,-0.7568,-0.001719,3.922e-06,3.922e-06,0.003922,-5.882e-05,3.663e-06,0.01961
34.116783,2.246,-0.8008,-0.001573,3.922e-06,3.922e-06,0.003922,-5.882e-05,3.663e-06,0.01961
34.126781,2.139,-0.8057,-0.001439,3.922e-06,3.922e-06,0.003922,-5.882e-05,3.663e-06,0.01961
34.136784,2.031,-0.8154,-0.001299,3.922e-06,3.922e-06,0.003922,-5.882e-05,3.663e-06,0.01961
34.146782,1.904,-0.8203,-0.001159,3.922e-06,3.922e-06,0.003922,-5.882e-05,3.663e-06,0.01961
34.15678,1.816,-0.8008,-0.001039,3.922e-06,3.922e-06,0.003922,-5.882e-05,3.663e-06,0.01961
34.166782,1.704,-0.8008,-0.0008873,3.922e-06,3.922e-06,0.003922,-5.882e-05,3.663e-06,0.01961
34.176781,1.616,-0.7861,-0.0007559,3.922e-06,3.922e-06,0.003922,-5.882e-05,3.663e-06,0.01961
34.186783,1.504,-0.7617,-0.0006275,3.922e-06,3.922e-06,0.003922,-5.882e-05,3.663e-06,0.01961
34.196781,1.396,-0.7324,-0.0005078,3.922e-06,3.922e-06,0.003922,-5.882e-05,3.663e-06,0.01961
34.206783,1.304,-0.7129,-0.0003707,3.922e-06,3.922e-06,0.003922,-5.882e-05,3.663e-06,0.01961
34.216782,1.187,-0.6787,-0.0002627,3.922e-06,3.922e-06,0.003922,-5.882e-05,3.663e-06,0.01961
34.226784,1.089,-0.6445,-0.0001459,3.922e-06,3.922e-06,0.003922,-5.882e-05,3.663e-06,0.01961
34.236782,0.9814,-0.6055,-4.378e-05,3.922e-06,3.922e-06,0.003922,-5.882e-05,3.663e-06,0.01961
34.24678,0.8838,-0.5615,5.253e-05,3.922e-06,3.922e-06,0.003922,-5.882e-05,3.663e-06,0.01961
34.256783,0.8154,-0.5078,0.0001313,3.922e-06,3.922e-06,0.003922,-5.882e-05,3.663e-06,0.01961
34.266781,0.7129,-0.459,0.0001955,3.922e-06,3.922e-06,0.003922,-5.882e-05,3.663e-06,0.01961
34.276783,0.6543,-0.4053,0.0002714,3.922e-06,3.922e-06,0.003922,-5.882e-05,3.663e-06,0.01961
34.286785,0.5811,-0.3613,0.0003356,3.922e-06,3.922e-06,0.003922,-5.882e-05,3.663e-06,0.01961
34.296783,0.5273,-0.3174,0.0003969,3.922e-06,3.922e-06,0.003922,-5.882e-05,3.663e-06,0.01961
34.306782,0.4785,-0.2637,0.0004465,3.922e-06,3.922e-06,0.003922,-5.882e-05,3.663e-06,0.01961
34.31678,0.4297,-0.2197,0.0004903,3.922e-06,3.922e-06,0.003922,-5.882e-05,3.663e-06,0.01961
34.326782,0.4102,-0.1611,0.0005166,3.922e-06,3.922e-06,0.003922,-5.882e-05,3.663e-06,0.01961
34.336781,0.3906,-0.1221,0.0005458,3.922e-06,3.922e-06,0.003922,-5.882e-05,3.663e-06,0.01961
34.346783,0.376,-0.06836,0.0005545,3.922e-06,3.922e-06,0.003922,-5.882e-05,3.663e-06,0.01961
34.356781,0.3955,-0.004883,0.0005487,3.922e-06,3.922e-06,0.003922,-5.882e-05,3.663e-06,0.01961
34.366783,0.4053,0.02441,0.0005545,3.922e-06,3.922e-06,0.003922,-5.882e-05,3.663e-06,0.01961
34.376781,0.4443,0.08301,0.0005399,3.922e-06,3.922e-06,0.003922,-5.882e-05,3.663e-06,0.01961
34.386784,0.4932,0.127,0.0005283,3.922e-06,3.922e-06,0.003922,-5.882e-05,3.663e-06,0.01961
34.396782,0.5518,0.166,0.0005108,3.922e-06,3.922e-06,0.003922,-5.882e-05,3.663e-06,0.01961
34.406784,0.6299,0.2295,0.000467,3.922e-06,3.922e-06,0.003922,-5.882e-05,3.663e-06,0.01961
34.416782,0.7129,0.2588,0.000432,3.922e-06,3.922e-06,0.003922,-5.882e-05,3.663e-06,0.01961
34.426781,0.8301,0.3027,0.0003911,3.922e-06,3.922e-06,0.003922,-5.882e-05,3.663e-06,0.01961
34.436783,0.9521,0.3369,0.0003415,3.922e-06,3.922e-06,0.003922,-5.882e-05,3.663e-06,0.01961
34.446785,1.089,0.3613,0.0002919,3.922e-06,3.922e-06,0.003922,-5.882e-05,3.663e-06,0.01961
34.456783,1.26,0.4297,0.0002072,3.922e-06,3.922e-06,0.003922,-5.882e-05,3.663e-06,0.01961
34.466782,1.445,0.4492,0.0001518,3.922e-06,3.922e-06,0.003922,-5.882e-05,3.663e-06,0.01961
34.47678,1.66,0.4932,7.588e-05,3.922e-06,3.922e-06,0.003922,-5.882e-05,3.663e-06,0.01961
34.486782,1.885,0.5273,-2.919e-06,3.922e-06,3.922e-06,0.003922,-5.882e-05,3.663e-06,0.01961
34.496784,2.104,0.5566,-9.048e-05,3.922e-06,3.922e-06,0.003922,-5.882e-05,3.663e-06,0.01961
34.506783,2.349,0.5957,-0.0001693,3.922e-06,3.922e-06,0.003922,-5.882e-05,3.663e-06,0.01961
34.516785,2.534,0.6348,-0.0002831,3.922e-06,3.922e-06,0.003922,-5.882e-05,3.663e-06,0.01961
34.526783,2.739,0.6738,-0.000394,3.922e-06,3.922e-06,0.003922,-5.882e-05,3.663e-06,0.01961
34.536781,2.92,0.6836,-0.0004903,3.922e-06,3.922e-06,0.003922,-5.882e-05,3.663e-06,0.01961
34.546783,3.105,0.7227,-0.0006129,3.922e-06,3.922e-06,0.003922,-5.882e-05,3.663e-06,0.01961
34.556782,3.291,0.7422,-0.0007209,3.922e-06,3.922e-06,0.003922,-5.882e-05,3.663e-06,0.01961
34.56678,3.447,0.7715,-0.0008551,3.922e-06,3.922e-06,0.003922,-5.882e-05,3.663e-06,0.01961
34.576782,3.618,0.791,-0.0009748,3.922e-06,3.922e-06,0.003922,-5.882e-05,3.663e-06,0.01961
34.586781,3.755,0.8057,-0.0011,3.922e-06,3.922e-06,0.003922,-5.882e-05,3.663e-06,0.01961
34.596783,3.882,0.8105,-0.001235,3.922e-06,3.922e-06,0.003922,-5.882e-05,3.663e-06,0.01961
34.606781,4.014,0.8154,-0.00136,3.922e-06,3.922e-06,0.003922,-5.882e-05,3.663e-06,0.01961
34.616783,4.131,0.8008,-0.001483,3.922e-06,3.922e-06,0.003922,-5.882e-05,3.663e-06,0.01961
34.626781,4.238,0.8154,-0.00162,3.922e-06,3.922e-06,0.003922,-5.882e-05,3.663e-06,0.01961
34.636784,4.341,0.7959,-0.001739,3.922e-06,3.922e-06,0.003922,-5.882e-05,3.663e-06,0.01961
34.646782,4.429,0.7666,-0.001856,3.922e-06,3.922e-06,0.003922,-5.882e-05,3.663e-06,0.01961
34.65678,4.521,0.7568,-0.001979,3.922e-06,3.922e-06,0.003922,-5.882e-05,3.663e-06,0.01961
34.666782,4.575,0.7178,-0.002087,3.922e-06,3.922e-06,0.003922,-5.882e-05,3.663e-06,0.01961
34.676781,4.609,0.6934,-0.002195,3.922e-06,3.922e-06,0.003922,-5.882e-05,3.663e-06,0.01961
34.686783,4.648,0.6543,-0.002297,3.922e-06,3.922e-06,0.003922,-5.882e-05,3.663e-06,0.01961
34.696781,4.663,0.6152,-0.002396,3.922e-06,3.922e-06,0.003922,-5.882e-05,3.663e-06,0.01961
34.706783,4.668,0.5811,-0.002484,3.922e-06,3.922e-06,0.003922,-5.882e-05,3.663e-06,0.01961
34.716782,4.688,0.5078,-0.002554,3.922e-06,3.922e-06,0.003922,-5.882e-05,3.663e-06,0.01961
34.726784,4.683,0.4736,-0.002638,3.922e-06,3.922e-06,0.003922,-5.882e-05,3.663e-06,0.01961
34.736782,4.668,0.4053,-0.002688,3.922e-06,3.922e-06,0.003922,-5.882e-05,3.663e-06,0.01961
34.746784,4.634,0.3467,-0.002746,3.922e-06,3.922e-06,0.003922,-5.882e-05,3.663e-06,0.01961
34.756783,4.585,0.2979,-0.00279,3.922e-06,3.922e-06,0.003922,-5.882e-05,3.663e-06,0.01961
34.766781,4.526,0.2148,-0.002816,3.922e-06,3.922e-06,0.003922,-5.882e-05,3.663e-06,0.01961
34.776783,4.453,0.166,-0.00284,3.922e-06,3.922e-06,0.003922,-5.882e-05,3.663e-06,0.01961
34.786781,4.38,0.09277,-0.002849,3.922e-06,3.922e-06,0.003922,-5.882e-05,3.663e-06,0.01961
34.79678,4.277,0.03418,-0.00286,3.922e-06,3.922e-06,0.003922,-5.882e-05,3.663e-06,0.01961
34.806782,4.185,-0.0293,-0.002846,3.922e-06,3.922e-06,0.003922,-5.882e-05,3.663e-06,0.01961
34.816784,4.082,-0.1074,-0.002816,3.922e-06,3.922e-06,0.003922,-5.882e-05,3.663e-06,0.01961
34.826782,3.989,-0.1709,-0.002787,3.922e-06,3.922e-06,0.003922,-5.882e-05,3.663e-06,0.01961
34.836784,3.872,-0.2344,-0.002746,3.922e-06,3.922e-06,0.003922,-5.882e-05,3.663e-06,0.01961
34.846783,3.735,-0.3027,-0.002688,3.922e-06,3.922e-06,0.003922,-5.882e-05,3.663e-06,0.01961
34.856781,3.604,-0.3516,-0.002635,3.922e-06,3.922e-06,0.003922,-5.882e-05,3.663e-06,0.01961
34.866783,3.467,-0.4199,-0.002563,3.922e-06,3.922e-06,0.003922,-5.882e-05,3.663e-06,0.01961
34.876781,3.34,-0.4785,-0.002469,3.922e-06,3.922e-06,0.003922,-5.882e-05,3.663e-06,0.01961
34.886784,3.193,-0.5322,-0.002382,3.922e-06,3.922e-06,0.003922,-5.882e-05,3.663e-06,0.01961
34.896782,3.057,-0.5811,-0.002279,3.922e-06,3.922e-06,0.003922,-5.882e-05,3.663e-06,0.01961
34.906784,2.935,-0.6201,-0.002174,3.922e-06,3.922e-06,0.003922,-5.882e-05,3.663e-06,0.01961
34.916782,2.788,-0.6641,-0.002066,3.922e-06,3.922e-06,0.003922,-5.882e-05,3.663e-06,0.01961
34.926781,2.666,-0.6934,-0.001947,3.922e-06,3.922e-06,0.003922,-5.882e-05,3.663e-06,0.01961
34.936783,2.524,-0.7275,-0.001827,3.922e-06,3.922e-06,0.003922,-5.882e-05,3.663e-06,0.01961
34.946781,2.393,-0.7617,-0.00169,3.922e-06,3.922e-06,0.003922,-5.882e-05,3.663e-06,0.01961
34.956783,2.271,-0.7568,-0.001576,3.922e-06,3.922e-06,0.003922,-5.882e-05,3.663e-06,0.01961
34.966782,2.139,-0.791,-0.001433,3.922e-06,3.922e-06,0.003922,-5.882e-05,3.663e-06,0.01961
34.976784,2.036,-0.791,-0.001293,3.922e-06,3.922e-06,0.003922,-5.882e-05,3.663e-06,0.01961
34.986782,1.938,-0.7861,-0.001167,3.922e-06,3.922e-06,0.003922,-5.882e-05,3.663e-06,0.01961
34.996784,1.851,-0.7861,-0.001036,3.922e-06,3.922e-06,0.003922,-5.882e-05,3.663e-06,0.01961
35.006783,1.768,-0.7764,-0.0009018,3.922e-06,3.922e-06,0.003922,-5.882e-05,3.663e-06,0.01961
35.016781,1.67,-0.7715,-0.0007647,3.922e-06,3.922e-06,0.003922,-5.882e-05,3.663e-06,0.01961
35.026783,1.572,-0.7373,-0.000645,3.922e-06,3.922e-06,0.003922,-5.882e-05,3.663e-06,0.01961
35.036781,1.475,-0.7178,-0.0005166,3.922e-06,3.922e-06,0.003922,-5.882e-05,3.663e-06,0.01961
35.04678,1.372,-0.6982,-0.0003969,3.922e-06,3.922e-06,0.003922,-5.882e-05,3.663e-06,0.01961
35.056782,1.289,-0.6592,-0.0002831,3.922e-06,3.922e-06,0.003922,-5.882e-05,3.663e-06,0.01961
35.066784,1.187,-0.6152,-0.0001897,3.922e-06,3.922e-06,0.003922,-5.882e-05,3.663e-06,0.01961
35.076782,1.108,-0.5762,-9.048e-05,3.922e-06,3.922e-06,0.003922,-5.882e-05,3.663e-06,0.01961
35.086781,1.03,-0.5322,-2.919e-06,3.922e-06,3.922e-06,0.003922,-5.882e-05,3.663e-06,0.01961
35.096783,0.9521,-0.4932,8.464e-05,3.922e-06,3.922e-06,0.003922,-5.882e-05,3.663e-06,0.01961
35.106781,0.9033,-0.4346,0.0001605,3.922e-06,3.922e-06,0.003922,-5.882e-05,3.663e-06,0.01961
35.116783,0.8154,-0.3906,0.0002247,3.922e-06,3.922e-06,0.003922,-5.882e-05,3.663e-06,0.01961
35.126781,0.7812,-0.3418,0.0003006,3.922e-06,3.922e-06,0.003922,-5.882e-05,3.663e-06,0.01961
35.136784,0.7373,-0.2979,0.0003473,3.922e-06,3.922e-06,0.003922,-5.882e-05,3.663e-06,0.01961
35.146782,0.6982,-0.2441,0.0003882,3.922e-06,3.922e-06,0.003922,-5.882e-05,3.663e-06,0.01961
35.15678,0.6836,-0.1758,0.0004115,3.922e-06,3.922e-06,0.003922,-5.882e-05,3.663e-06,0.01961
35.166782,0.6738,-0.1367,0.0004378,3.922e-06,3.922e-06,0.003922,-5.882e-05,3.663e-06,0.01961
35.176781,0.6982,-0.07324,0.0004524,3.922e-06,3.922e-06,0.003922,-5.882e-05,3.663e-06,0.01961
35.186783,0.7178,-0.02441,0.000467,3.922e-06,3.922e-06,0.003922,-5.882e-05,3.663e-06,0.01961
35.196781,0.7422,0.004883,0.0004757,3.922e-06,3.922e-06,0.003922,-5.882e-05,3.663e-06,0.01961
35.206783,0.8057,0.07812,0.0004582,3.922e-06,3.922e-06,0.003922,-5.882e-05,3.663e-06,0.01961
35.216782,0.874,0.1074,0.0004524,3.922e-06,3.922e-06,0.003922,-5.882e-05,3.663e-06,0.01961
35.226784,0.9521,0.1758,0.0004232,3.922e-06,3.922e-06,0.003922,-5.882e-05,3.663e-06,0.01961
35.236782,1.06,0.2246,0.0003823,3.922e-06,3.922e-06,0.003922,-5.882e-05,3.663e-06,0.01961
35.246784,1.182,0.2734,0.0003415,3.922e-06,3.922e-06,0.003922,-5.882e-05,3.663e-06,0.01961
35.256783,1.333,0.3418,0.0002831,3.922e-06,3.922e-06,0.003922,-5.882e-05,3.663e-06,0.01961
35.266781,1.484,0.376,0.0002364,3.922e-06,3.922e-06,0.003922,-5.882e-05,3.663e-06,0.01961
35.276783,1.689,0.4248,0.0001722,3.922e-06,3.922e-06,0.003922,-5.882e-05,3.663e-06,0.01961
35.286781,1.899,0.459,0.000108,3.922e-06,3.922e-06,0.003922,-5.882e-05,3.663e-06,0.01961
35.296783,2.104,0.5029,3.21e-05,3.922e-06,3.922e-06,0.003922,-5.882e-05,3.663e-06,0.01961
35.306782,2.319,0.5518,-5.253e-05,3.922e-06,3.922e-06,0.003922,-5.882e-05,3.663e-06,0.01961
35.316784,2.5,0.6006,-0.0001547,3.922e-06,3.922e-06,0.003922,-5.882e-05,3.663e-06,0.01961
35.326782,2.71,0.6543,-0.0002539,3.922e-06,3.922e-06,0.003922,-5.882e-05,3.663e-06,0.01961
35.336781,2.905,0.6885,-0.000359,3.922e-06,3.922e-06,0.003922,-5.882e-05,3.663e-06,0.01961
35.346783,3.076,0.7227,-0.0004757,3.922e-06,3.922e-06,0.003922,-5.882e-05,3.663e-06,0.01961
35.356781,3.257,0.7568,-0.0005896,3.922e-06,3.922e-06,0.003922,-5.882e-05,3.663e-06,0.01961
35.366783,3.423,0.7764,-0.0007063,3.922e-06,3.922e-06,0.003922,-5.882e-05,3.663e-06,0.01961
35.376781,3.584,0.8008,-0.0008347,3.922e-06,3.922e-06,0.003922,-5.882e-05,3.663e-06,0.01961
35.386784,3.745,0.8252,-0.0009602,3.922e-06,3.922e-06,0.003922,-5.882e-05,3.663e-06,0.01961
35.396782,3.887,0.835,-0.001094,3.922e-06,3.922e-06,0.003922,-5.882e-05,3.663e-06,0.01961
35.406784,4.038,0.8398,-0.001217,3.922e-06,3.922e-06,0.003922,-5.882e-05,3.663e-06,0.01961
35.416786,4.146,0.8594,-0.001372,3.922e-06,3.922e-06,0.003922,-5.882e-05,3.663e-06,0.01961
35.426781,4.277,0.8545,-0.001497,3.922e-06,3.922e-06,0.003922,-5.882e-05,3.663e-06,0.01961
35.436783,4.38,0.8545,-0.00164,3.922e-06,3.922e-06,0.003922,-5.882e-05,3.663e-06,0.01961
35.446781,4.473,0.835,-0.001766,3.922e-06,3.922e-06,0.003922,-5.882e-05,3.663e-06,0.01961
35.456783,4.561,0.835,-0.001912,3.922e-06,3.922e-06,0.003922,-5.882e-05,3.663e-06,0.01961
35.466782,4.639,0.791,-0.002017,3.922e-06,3.922e-06,0.003922,-5.882e-05,3.663e-06,0.01961
35.476784,4.692,0.7764,-0.002145,3.922e-06,3.922e-06,0.003922,-5.882e-05,3.663e-06,0.01961
35.486782,4.746,0.7373,-0.002262,3.922e-06,3.922e-06,0.003922,-5.882e-05,3.663e-06,0.01961
35.49678,4.79,0.6934,-0.00237,3.922e-06,3.922e-06,0.003922,-5.882e-05,3.663e-06,0.01961
35.506783,4.829,0.6543,-0.002469,3.922e-06,3.922e-06,0.003922,-5.882e-05,3.663e-06,0.01961
35.516785,4.819,0.6104,-0.002565,3.922e-06,3.922e-06,0.003922,-5.882e-05,3.663e-06,0.01961
35.526783,4.829,0.5615,-0.00265,3.922e-06,3.922e-06,0.003922,-5.882e-05,3.663e-06,0.01961
35.536781,4.814,0.5078,-0.002732,3.922e-06,3.922e-06,0.003922,-5.882e-05,3.663e-06,0.01961
35.54678,4.79,0.4395,-0.002796,3.922e-06,3.922e-06,0.003922,-5.882e-05,3.663e-06,0.01961
35.556782,4.756,0.3809,-0.002849,3.922e-06,3.922e-06,0.003922,-5.882e-05,3.663e-06,0.01961
35.56678,4.702,0.3076,-0.002886,3.922e-06,3.922e-06,0.003922,-5.882e-05,3.663e-06,0.01961
35.576782,4.639,0.249,-0.00293,3.922e-06,3.922e-06,0.003922,-5.882e-05,3.663e-06,0.01961
35.586781,4.561,0.1709,-0.002951,3.922e-06,3.922e-06,0.003922,-5.882e-05,3.663e-06,0.01961
35.596783,4.468,0.09766,-0.002962,3.922e-06,3.922e-06,0.003922,-5.882e-05,3.663e-06,0.01961
35.606785,4.385,0.0293,-0.002957,3.922e-06,3.922e-06,0.003922,-5.882e-05,3.663e-06,0.01961
35.616783,4.277,-0.04395,-0.002951,3.922e-06,3.922e-06,0.003922,-5.882e-05,3.663e-06,0.01961
35.626781,4.175,-0.1025,-0.002939,3.922e-06,3.922e-06,0.003922,-5.882e-05,3.663e-06,0.01961
35.636784,4.053,-0.1758,-0.002901,3.922e-06,3.922e-06,0.003922,-5.882e-05,3.663e-06,0.01961
35.646782,3.936,-0.2686,-0.002843,3.922e-06,3.922e-06,0.003922,-5.882e-05,3.663e-06,0.01961
35.656784,3.799,-0.3174,-0.002793,3.922e-06,3.922e-06,0.003922,-5.882e-05,3.663e-06,0.01961
35.666782,3.643,-0.3906,-0.002729,3.922e-06,3.922e-06,0.003922,-5.882e-05,3.663e-06,0.01961
35.676781,3.511,-0.4541,-0.002638,3.922e-06,3.922e-06,0.003922,-5.882e-05,3.663e-06,0.01961
35.686783,3.359,-0.5176,-0.002557,3.922e-06,3.922e-06,0.003922,-5.882e-05,3.663e-06,0.01961
35.696781,3.208,-0.5713,-0.002466,3.922e-06,3.922e-06,0.003922,-5.882e-05,3.663e-06,0.01961
35.706779,3.076,-0.625,-0.002349,3.922e-06,3.922e-06,0.003922,-5.882e-05,3.663e-06,0.01961
35.716782,2.915,-0.6689,-0.002247,3.922e-06,3.922e-06,0.003922,-5.882e-05,3.663e-06,0.01961
35.726784,2.769,-0.708,-0.002131,3.922e-06,3.922e-06,0.003922,-5.882e-05,3.663e-06,0.01961
35.736782,2.627,-0.7471,-0.002002,3.922e-06,3.922e-06,0.003922,-5.882e-05,3.663e-06,0.01961
35.74678,2.495,-0.7812,-0.001871,3.922e-06,3.922e-06,0.003922,-5.882e-05,3.663e-06,0.01961
35.756783,2.354,-0.8057,-0.001731,3.922e-06,3.922e-06,0.003922,-5.882e-05,3.663e-06,0.01961
35.766781,2.202,-0.8252,-0.001599,3.922e-06,3.922e-06,0.003922,-5.882e-05,3.663e-06,0.01961
35.776783,2.095,-0.8447,-0.001445,3.922e-06,3.922e-06,0.003922,-5.882e-05,3.663e-06,0.01961
35.786781,1.968,-0.8545,-0.001302,3.922e-06,3.922e-06,0.003922,-5.882e-05,3.663e-06,0.01961
35.796783,1.855,-0.8643,-0.001153,3.922e-06,3.922e-06,0.003922,-5.882e-05,3.663e-06,0.01961
35.806782,1.753,-0.8496,-0.001024,3.922e-06,3.922e-06,0.003922,-5.882e-05,3.663e-06,0.01961
35.81678,1.631,-0.8496,-0.0008756,3.922e-06,3.922e-06,0.003922,-5.882e-05,3.663e-06,0.01961
35.826782,1.528,-0.8252,-0.0007355,3.922e-06,3.922e-06,0.003922,-5.882e-05,3.663e-06,0.01961
35.836784,1.396,-0.8057,-0.0006012,3.922e-06,3.922e-06,0.003922,-5.882e-05,3.663e-06,0.01961
35.846783,1.27,-0.7861,-0.0004641,3.922e-06,3.922e-06,0.003922,-5.882e-05,3.663e-06,0.01961
35.856785,1.157,-0.7373,-0.0003502,3.922e-06,3.922e-06,0.003922,-5.882e-05,3.663e-06,0.01961
35.866783,1.011,-0.7178,-0.0002277,3.922e-06,3.922e-06,0.003922,-5.882e-05,3.663e-06,0.01961
35.876781,0.8936,-0.6885,-9.34e-05,3.922e-06,3.922e-06,0.003922,-5.882e-05,3.663e-06,0.01961
35.886784,0.7715,-0.6396,2.919e-06,3.922e-06,3.922e-06,0.003922,-5.882e-05,3.663e-06,0.01961
35.896782,0.6641,-0.6006,0.000108,3.922e-06,3.922e-06,0.003922,-5.882e-05,3.663e-06,0.01961
35.90678,0.5566,-0.5469,0.0001985,3.922e-06,3.922e-06,0.003922,-5.882e-05,3.663e-06,0.01961
35.916782,0.4248,-0.5078,0.0002831,3.922e-06,3.922e-06,0.003922,-5.882e-05,3.663e-06,0.01961
35.926785,0.3369,-0.459,0.0003619,3.922e-06,3.922e-06,0.003922,-5.882e-05,3.663e-06,0.01961
35.936783,0.2295,-0.4102,0.0004349,3.922e-06,3.922e-06,0.003922,-5.882e-05,3.663e-06,0.01961
35.946781,0.1367,-0.376,0.0005049,3.922e-06,3.922e-06,0.003922,-5.882e-05,3.663e-06,0.01961
35.956779,0.05859,-0.3125,0.0005487,3.922e-06,3.922e-06,0.003922,-5.882e-05,3.663e-06,0.01961
35.966782,-0.03906,-0.2734,0.0006012,3.922e-06,3.922e-06,0.003922,-5.882e-05,3.663e-06,0.01961
35.976784,-0.09766,-0.2295,0.0006508,3.922e-06,3.922e-06,0.003922,-5.882e-05,3.663e-06,0.01961
35.986782,-0.1758,-0.1807,0.0006771,3.922e-06,3.922e-06,0.003922,-5.882e-05,3.663e-06,0.01961
35.99678,-0.2393,-0.1318,0.0006917,3.922e-06,3.922e-06,0.003922,-5.882e-05,3.663e-06,0.01961
36.006783,-0.2832,-0.08301,0.0007092,3.922e-06,3.922e-06,0.003922,-5.882e-05,3.663e-06,0.01961
36.016781,-0.3369,-0.06348,0.0007355,3.922e-06,3.922e-06,0.003922,-5.882e-05,3.663e-06,0.01961
36.026783,-0.3711,-0.009766,0.0007326,3.922e-06,3.922e-06,0.003922,-5.882e-05,3.663e-06,0.01961
36.036781,-0.4053,0.01953,0.0007384,3.922e-06,3.922e-06,0.003922,-5.882e-05,3.663e-06,0.01961
36.046783,-0.4199,0.05859,0.0007296,3.922e-06,3.922e-06,0.003922,-5.882e-05,3.663e-06,0.01961
36.056782,-0.4346,0.09766,0.000718,3.922e-06,3.922e-06,0.003922,-5.882e-05,3.663e-06,0.01961
36.06678,-0.4346,0.1221,0.0006975,3.922e-06,3.922e-06,0.003922,-5.882e-05,3.663e-06,0.01961
36.076782,-0.4443,0.1514,0.0006859,3.922e-06,3.922e-06,0.003922,-5.882e-05,3.663e-06,0.01961
36.086781,-0.4395,0.1807,0.0006508,3.922e-06,3.922e-06,0.003922,-5.882e-05,3.663e-06,0.01961
36.096783,-0.4346,0.2051,0.0006187,3.922e-06,3.922e-06,0.003922,-5.882e-05,3.663e-06,0.01961
36.106781,-0.4102,0.2393,0.0005808,3.922e-06,3.922e-06,0.003922,-5.882e-05,3.663e-06,0.01961
36.116783,-0.3857,0.2539,0.0005429,3.922e-06,3.922e-06,0.003922,-5.882e-05,3.663e-06,0.01961
36.126781,-0.3271,0.2637,0.0005108,3.922e-06,3.922e-06,0.003922,-5.882e-05,3.663e-06,0.01961
36.136784,-0.2979,0.2783,0.000467,3.922e-06,3.922e-06,0.003922,-5.882e-05,3.663e-06,0.01961
36.146782,-0.2588,0.2881,0.0004232,3.922e-06,3.922e-06,0.003922,-5.882e-05,3.663e-06,0.01961
36.156784,-0.2051,0.3125,0.0003677,3.922e-06,3.922e-06,0.003922,-5.882e-05,3.663e-06,0.01961
36.166782,-0.1514,0.3076,0.0003269,3.922e-06,3.922e-06,0.003922,-5.882e-05,3.663e-06,0.01961
36.176785,-0.09277,0.3223,0.0002773,3.922e-06,3.922e-06,0.003922,-5.882e-05,3.663e-06,0.01961
36.186783,-0.02441,0.3271,0.0002247,3.922e-06,3.922e-06,0.003922,-5.882e-05,3.663e-06,0.01961
36.196781,0.04883,0.332,0.0001722,3.922e-06,3.922e-06,0.003922,-5.882e-05,3.663e-06,0.01961
36.206779,0.1514,0.3369,0.0001255,3.922e-06,3.922e-06,0.003922,-5.882e-05,3.663e-06,0.01961
36.216782,0.2295,0.332,7.005e-05,3.922e-06,3.922e-06,0.003922,-5.882e-05,3.663e-06,0.01961
36.226784,0.3076,0.3418,2.043e-05,3.922e-06,3.922e-06,0.003922,-5.882e-05,3.663e-06,0.01961
36.236782,0.4102,0.3467,-3.794e-05,3.922e-06,3.922e-06,0.003922,-5.882e-05,3.663e-06,0.01961
36.246784,0.5078,0.332,-8.172e-05,3.922e-06,3.922e-06,0.003922,-5.882e-05,3.663e-06,0.01961
36.256783,0.6152,0.3369,-0.0001372,3.922e-06,3.922e-06,0.003922,-5.882e-05,3.663e-06,0.01961
36.266781,0.7227,0.3418,-0.0001955,3.922e-06,3.922e-06,0.003922,-5.882e-05,3.663e-06,0.01961
36.276783,0.8496,0.3467,-0.0002481,3.922e-06,3.922e-06,0.003922,-5.882e-05,3.663e-06,0.01961
36.286781,0.9863,0.3271,-0.0002889,3.922e-06,3.922e-06,0.003922,-5.882e-05,3.663e-06,0.01961
36.296783,1.118,0.3467,-0.0003502,3.922e-06,3.922e-06,0.003922,-5.882e-05,3.663e-06,0.01961
36.306782,1.26,0.3516,-0.0004057,3.922e-06,3.922e-06,0.003922,-5.882e-05,3.663e-06,0.01961
36.31678,1.421,0.332,-0.0004436,3.922e-06,3.922e-06,0.003922,-5.882e-05,3.663e-06,0.01961
36.326782,1.592,0.3418,-0.0004962,3.922e-06,3.922e-06,0.003922,-5.882e-05,3.663e-06,0.01961
36.336781,1.777,0.3418,-0.0005487,3.922e-06,3.922e-06,0.003922,-5.882e-05,3.663e-06,0.01961
36.346783,1.958,0.3467,-0.0005983,3.922e-06,3.922e-06,0.003922,-5.882e-05,3.663e-06,0.01961
36.356781,2.104,0.3662,-0.0006538,3.922e-06,3.922e-06,0.003922,-5.882e-05,3.663e-06,0.01961
36.366783,2.275,0.3613,-0.0007092,3.922e-06,3.922e-06,0.003922,-5.882e-05,3.663e-06,0.01961
36.376785,2.437,0.3809,-0.0007647,3.922e-06,3.922e-06,0.003922,-5.882e-05,3.663e-06,0.01961
36.386784,2.578,0.3857,-0.000823,3.922e-06,3.922e-06,0.003922,-5.882e-05,3.663e-06,0.01961
36.396782,2.71,0.3857,-0.0008785,3.922e-06,3.922e-06,0.003922,-5.882e-05,3.663e-06,0.01961
36.406784,2.842,0.4004,-0.0009398,3.922e-06,3.922e-06,0.003922,-5.882e-05,3.663e-06,0.01961
36.416782,2.944,0.3955,-0.0009923,3.922e-06,3.922e-06,0.003922,-5.882e-05,3.663e-06,0.01961
36.426785,3.062,0.4102,-0.001054,3.922e-06,3.922e-06,0.003922,-5.882e-05,3.663e-06,0.01961
36.436783,3.14,0.4102,-0.001118,3.922e-06,3.922e-06,0.003922,-5.882e-05,3.663e-06,0.01961
36.446781,3.232,0.4102,-0.001179,3.922e-06,3.922e-06,0.003922,-5.882e-05,3.663e-06,0.01961
36.456783,3.315,0.4297,-0.001252,3.922e-06,3.922e-06,0.003922,-5.882e-05,3.663e-06,0.01961
36.466782,3.403,0.4248,-0.001316,3.922e-06,3.922e-06,0.003922,-5.882e-05,3.663e-06,0.01961
36.47678,3.477,0.415,-0.001375,3.922e-06,3.922e-06,0.003922,-5.882e-05,3.663e-06,0.01961
36.486782,3.545,0.4102,-0.001436,3.922e-06,3.922e-06,0.003922,-5.882e-05,3.663e-06,0.01961
36.496784,3.604,0.4053,-0.001494,3.922e-06,3.922e-06,0.003922,-5.882e-05,3.663e-06,0.01961
36.506783,3.657,0.3906,-0.001544,3.922e-06,3.922e-06,0.003922,-5.882e-05,3.663e-06,0.01961
36.516781,3.696,0.3711,-0.001605,3.922e-06,3.922e-06,0.003922,-5.882e-05,3.663e-06,0.01961
36.526783,3.74,0.3613,-0.001658,3.922e-06,3.922e-06,0.003922,-5.882e-05,3.663e-06,0.01961
36.536781,3.765,0.3467,-0.001713,3.922e-06,3.922e-06,0.003922,-5.882e-05,3.663e-06,0.01961
36.546783,3.789,0.3271,-0.001757,3.922e-06,3.922e-06,0.003922,-5.882e-05,3.663e-06,0.01961
36.556782,3.823,0.3223,-0.00181,3.922e-06,3.922e-06,0.003922,-5.882e-05,3.663e-06,0.01961
36.566784,3.828,0.2979,-0.001853,3.922e-06,3.922e-06,0.003922,-5.882e-05,3.663e-06,0.01961
36.576782,3.843,0.2734,-0.001891,3.922e-06,3.922e-06,0.003922,-5.882e-05,3.663e-06,0.01961
36.586784,3.843,0.249,-0.001929,3.922e-06,3.922e-06,0.003922,-5.882e-05,3.663e-06,0.01961
36.596783,3.833,0.2197,-0.001953,3.922e-06,3.922e-06,0.003922,-5.882e-05,3.663e-06,0.01961
36.606781,3.823,0.2002,-0.001988,3.922e-06,3.922e-06,0.003922,-5.882e-05,3.663e-06,0.01961
36.616783,3.809,0.1611,-0.002002,3.922e-06,3.922e-06,0.003922,-5.882e-05,3.663e-06,0.01961
36.626781,3.789,0.1367,-0.00202,3.922e-06,3.922e-06,0.003922,-5.882e-05,3.663e-06,0.01961
36.636784,3.76,0.1074,-0.002034,3.922e-06,3.922e-06,0.003922,-5.882e-05,3.663e-06,0.01961
36.646782,3.726,0.07812,-0.002043,3.922e-06,3.922e-06,0.003922,-5.882e-05,3.663e-06,0.01961
36.656784,3.696,0.04883,-0.002046,3.922e-06,3.922e-06,0.003922,-5.882e-05,3.663e-06,0.01961
36.666782,3.652,0.009766,-0.002046,3.922e-06,3.922e-06,0.003922,-5.882e-05,3.663e-06,0.01961
36.676781,3.608,-0.01953,-0.002031,3.922e-06,3.922e-06,0.003922,-5.882e-05,3.663e-06,0.01961
36.686783,3.569,-0.04883,-0.00202,3.922e-06,3.922e-06,0.003922,-5.882e-05,3.663e-06,0.01961
36.696781,3.506,-0.08301,-0.001999,3.922e-06,3.922e-06,0.003922,-5.882e-05,3.663e-06,0.01961
36.706783,3.467,-0.1123,-0.001973,3.922e-06,3.922e-06,0.003922,-5.882e-05,3.663e-06,0.01961
36.716782,3.394,-0.1465,-0.001944,3.922e-06,3.922e-06,0.003922,-5.882e-05,3.663e-06,0.01961
36.72678,3.33,-0.166,-0.001915,3.922e-06,3.922e-06,0.003922,-5.882e-05,3.663e-06,0.01961
36.736782,3.267,-0.1953,-0.00188,3.922e-06,3.922e-06,0.003922,-5.882e-05,3.663e-06,0.01961
36.746784,3.198,-0.2148,-0.001847,3.922e-06,3.922e-06,0.003922,-5.882e-05,3.663e-06,0.01961
36.756783,3.154,-0.2441,-0.001789,3.922e-06,3.922e-06,0.003922,-5.882e-05,3.663e-06,0.01961
36.766781,3.091,-0.2588,-0.001754,3.922e-06,3.922e-06,0.003922,-5.882e-05,3.663e-06,0.01961
36.776783,3.027,-0.2734,-0.001702,3.922e-06,3.922e-06,0.003922,-5.882e-05,3.663e-06,0.01961
36.786781,2.969,-0.2979,-0.001643,3.922e-06,3.922e-06,0.003922,-5.882e-05,3.663e-06,0.01961
36.796783,2.896,-0.3125,-0.001588,3.922e-06,3.922e-06,0.003922,-5.882e-05,3.663e-06,0.01961
36.806782,2.842,-0.3271,-0.001524,3.922e-06,3.922e-06,0.003922,-5.882e-05,3.663e-06,0.01961
36.81678,2.788,-0.3369,-0.001477,3.922e-06,3.922e-06,0.003922,-5.882e-05,3.663e-06,0.01961
36.826782,2.729,-0.332,-0.001416,3.922e-06,3.922e-06,0.003922,-5.882e-05,3.663e-06,0.01961
36.836781,2.681,-0.3418,-0.001348,3.922e-06,3.922e-06,0.003922,-5.882e-05,3.663e-06,0.01961
36.846783,2.637,-0.3467,-0.00129,3.922e-06,3.922e-06,0.003922,-5.882e-05,3.663e-06,0.01961
36.856781,2.593,-0.3369,-0.001229,3.922e-06,3.922e-06,0.003922,-5.882e-05,3.663e-06,0.01961
36.866783,2.554,-0.3467,-0.001165,3.922e-06,3.922e-06,0.003922,-5.882e-05,3.663e-06,0.01961
36.876781,2.524,-0.3369,-0.0011,3.922e-06,3.922e-06,0.003922,-5.882e-05,3.663e-06,0.01961
36.886784,2.49,-0.332,-0.001039,3.922e-06,3.922e-06,0.003922,-5.882e-05,3.663e-06,0.01961
36.896782,2.461,-0.3223,-0.0009836,3.922e-06,3.922e-06,0.003922,-5.882e-05,3.663e-06,0.01961
36.906784,2.437,-0.3027,-0.000931,3.922e-06,3.922e-06,0.003922,-5.882e-05,3.663e-06,0.01961
36.916782,2.432,-0.293,-0.0008785,3.922e-06,3.922e-06,0.003922,-5.882e-05,3.663e-06,0.01961
36.926781,2.412,-0.2539,-0.0008406,3.922e-06,3.922e-06,0.003922,-5.882e-05,3.663e-06,0.01961
36.936783,2.407,-0.2246,-0.0008026,3.922e-06,3.922e-06,0.003922,-5.882e-05,3.663e-06,0.01961
36.946781,2.417,-0.21,-0.0007588,3.922e-06,3.922e-06,0.003922,-5.882e-05,3.663e-06,0.01961
36.956783,2.417,-0.1758,-0.0007267,3.922e-06,3.922e-06,0.003922,-5.882e-05,3.663e-06,0.01961
36.966782,2.427,-0.1758,-0.000683,3.922e-06,3.922e-06,0.003922,-5.882e-05,3.663e-06,0.01961
36.976784,2.456,-0.1416,-0.0006538,3.922e-06,3.922e-06,0.003922,-5.882e-05,3.663e-06,0.01961
36.986782,2.485,-0.1123,-0.0006275,3.922e-06,3.922e-06,0.003922,-5.882e-05,3.663e-06,0.01961
36.996784,2.51,-0.07812,-0.0006187,3.922e-06,3.922e-06,0.003922,-5.882e-05,3.663e-06,0.01961
37.006783,2.549,-0.0293,-0.00061,3.922e-06,3.922e-06,0.003922,-5.882e-05,3.663e-06,0.01961
37.016781,2.578,-0.009766,-0.0005983,3.922e-06,3.922e-06,0.003922,-5.882e-05,3.663e-06,0.01961
37.026783,2.627,0.03418,-0.0006012,3.922e-06,3.922e-06,0.003922,-5.882e-05,3.663e-06,0.01961
37.036781,2.681,0.06348,-0.00061,3.922e-06,3.922e-06,0.003922,-5.882e-05,3.663e-06,0.01961
37.046783,2.729,0.1025,-0.0006246,3.922e-06,3.922e-06,0.003922,-5.882e-05,3.663e-06,0.01961
37.056782,2.812,0.1172,-0.0006246,3.922e-06,3.922e-06,0.003922,-5.882e-05,3.663e-06,0.01961
37.066784,2.856,0.1611,-0.0006596,3.922e-06,3.922e-06,0.003922,-5.882e-05,3.663e-06,0.01961
37.076782,2.925,0.1855,-0.0006713,3.922e-06,3.922e-06,0.003922,-5.882e-05,3.663e-06,0.01961
37.086781,2.983,0.2148,-0.0007063,3.922e-06,3.922e-06,0.003922,-5.882e-05,3.663e-06,0.01961
37.096783,3.047,0.2539,-0.0007413,3.922e-06,3.922e-06,0.003922,-5.882e-05,3.663e-06,0.01961
37.106781,3.13,0.2783,-0.0007822,3.922e-06,3.922e-06,0.003922,-5.882e-05,3.663e-06,0.01961
37.116783,3.174,0.3076,-0.0008347,3.922e-06,3.922e-06,0.003922,-5.882e-05,3.663e-06,0.01961
37.126781,3.257,0.3418,-0.0008873,3.922e-06,3.922e-06,0.003922,-5.882e-05,3.663e-06,0.01961
37.136784,3.325,0.3662,-0.0009485,3.922e-06,3.922e-06,0.003922,-5.882e-05,3.663e-06,0.01961
37.146782,3.403,0.3809,-0.001001,3.922e-06,3.922e-06,0.003922,-5.882e-05,3.663e-06,0.01961
37.156784,3.477,0.4053,-0.001059,3.922e-06,3.922e-06,0.003922,-5.882e-05,3.663e-06,0.01961
37.166782,3.545,0.4053,-0.001118,3.922e-06,3.922e-06,0.003922,-5.882e-05,3.663e-06,0.01961
37.176781,3.608,0.4248,-0.001182,3.922e-06,3.922e-06,0.003922,-5.882e-05,3.663e-06,0.01961
37.186783,3.662,0.4297,-0.00124,3.922e-06,3.922e-06,0.003922,-5.882e-05,3.663e-06,0.01961
37.196781,3.721,0.4297,-0.001313,3.922e-06,3.922e-06,0.003922,-5.882e-05,3.663e-06,0.01961
37.206783,3.774,0.4443,-0.001378,3.922e-06,3.922e-06,0.003922,-5.882e-05,3.663e-06,0.01961
37.216782,3.809,0.4492,-0.001456,3.922e-06,3.922e-06,0.003922,-5.882e-05,3.663e-06,0.01961
37.226784,3.877,0.4492,-0.001524,3.922e-06,3.922e-06,0.003922,-5.882e-05,3.663e-06,0.01961
37.236782,3.926,0.4443,-0.001591,3.922e-06,3.922e-06,0.003922,-5.882e-05,3.663e-06,0.01961
37.24678,3.96,0.4248,-0.001655,3.922e-06,3.922e-06,0.003922,-5.882e-05,3.663e-06,0.01961
37.256783,3.999,0.415,-0.001707,3.922e-06,3.922e-06,0.003922,-5.882e-05,3.663e-06,0.01961
37.266781,4.028,0.3955,-0.001769,3.922e-06,3.922e-06,0.003922,-5.882e-05,3.663e-06,0.01961
37.276783,4.038,0.3906,-0.001836,3.922e-06,3.922e-06,0.003922,-5.882e-05,3.663e-06,0.01961
37.286781,4.062,0.3662,-0.001888,3.922e-06,3.922e-06,0.003922,-5.882e-05,3.663e-06,0.01961
37.296783,4.058,0.3418,-0.00195,3.922e-06,3.922e-06,0.003922,-5.882e-05,3.663e-06,0.01961
37.306782,4.067,0.3271,-0.001993,3.922e-06,3.922e-06,0.003922,-5.882e-05,3.663e-06,0.01961
37.316784,4.062,0.3027,-0.002049,3.922e-06,3.922e-06,0.003922,-5.882e-05,3.663e-06,0.01961
37.326782,4.062,0.2734,-0.002078,3.922e-06,3.922e-06,0.003922,-5.882e-05,3.663e-06,0.01961
37.336781,4.043,0.2393,-0.00211,3.922e-06,3.922e-06,0.003922,-5.882e-05,3.663e-06,0.01961
37.346783,4.019,0.2051,-0.002136,3.922e-06,3.922e-06,0.003922,-5.882e-05,3.663e-06,0.01961
37.356781,3.999,0.166,-0.002157,3.922e-06,3.922e-06,0.003922,-5.882e-05,3.663e-06,0.01961
37.366783,3.965,0.1221,-0.002166,3.922e-06,3.922e-06,0.003922,-5.882e-05,3.663e-06,0.01961
37.376781,3.926,0.1025,-0.002189,3.922e-06,3.922e-06,0.003922,-5.882e-05,3.663e-06,0.01961
37.386784,3.877,0.06836,-0.002195,3.922e-06,3.922e-06,0.003922,-5.882e-05,3.663e-06,0.01961
37.396782,3.823,0.02441,-0.002195,3.922e-06,3.922e-06,0.003922,-5.882e-05,3.663e-06,0.01961
37.40678,3.779,-0.01465,-0.00218,3.922e-06,3.922e-06,0.003922,-5.882e-05,3.663e-06,0.01961
37.416782,3.696,-0.05859,-0.002163,3.922e-06,3.922e-06,0.003922,-5.882e-05,3.663e-06,0.01961
37.426781,3.643,-0.08301,-0.002157,3.922e-06,3.922e-06,0.003922,-5.882e-05,3.663e-06,0.01961
37.436783,3.574,-0.1123,-0.002142,3.922e-06,3.922e-06,0.003922,-5.882e-05,3.663e-06,0.01961
37.446781,3.516,-0.1562,-0.00211,3.922e-06,3.922e-06,0.003922,-5.882e-05,3.663e-06,0.01961
37.456783,3.447,-0.1855,-0.002066,3.922e-06,3.922e-06,0.003922,-5.882e-05,3.663e-06,0.01961
37.466782,3.354,-0.2148,-0.002043,3.922e-06,3.922e-06,0.003922,-5.882e-05,3.663e-06,0.01961
37.476784,3.291,-0.2588,-0.001976,3.922e-06,3.922e-06,0.003922,-5.882e-05,3.663e-06,0.01961
37.486782,3.213,-0.2832,-0.001926,3.922e-06,3.922e-06,0.003922,-5.882e-05,3.663e-06,0.01961
37.496784,3.125,-0.3174,-0.001871,3.922e-06,3.922e-06,0.003922,-5.882e-05,3.663e-06,0.01961
37.506783,3.057,-0.3223,-0.001818,3.922e-06,3.922e-06,0.003922,-5.882e-05,3.663e-06,0.01961
37.516781,2.969,-0.3467,-0.001769,3.922e-06,3.922e-06,0.003922,-5.882e-05,3.663e-06,0.01961
37.526783,2.91,-0.3809,-0.001684,3.922e-06,3.922e-06,0.003922,-5.882e-05,3.663e-06,0.01961
37.536781,2.832,-0.3906,-0.00162,3.922e-06,3.922e-06,0.003922,-5.882e-05,3.663e-06,0.01961
37.546783,2.764,-0.4102,-0.00155,3.922e-06,3.922e-06,0.003922,-5.882e-05,3.663e-06,0.01961
37.556782,2.7,-0.4199,-0.001471,3.922e-06,3.922e-06,0.003922,-5.882e-05,3.663e-06,0.01961
37.566784,2.627,-0.4346,-0.001395,3.922e-06,3.922e-06,0.003922,-5.882e-05,3.663e-06,0.01961
37.576782,2.559,-0.4346,-0.001316,3.922e-06,3.922e-06,0.003922,-5.882e-05,3.663e-06,0.01961
37.586781,2.505,-0.4248,-0.001252,3.922e-06,3.922e-06,0.003922,-5.882e-05,3.663e-06,0.01961
37.596783,2.456,-0.4297,-0.001173,3.922e-06,3.922e-06,0.003922,-5.882e-05,3.663e-06,0.01961
37.606781,2.422,-0.4199,-0.001097,3.922e-06,3.922e-06,0.003922,-5.882e-05,3.663e-06,0.01961
37.616783,2.363,-0.4102,-0.00103,3.922e-06,3.922e-06,0.003922,-5.882e-05,3.663e-06,0.01961
37.626781,2.329,-0.3906,-0.0009661,3.922e-06,3.922e-06,0.003922,-5.882e-05,3.663e-06,0.01961
37.636784,2.3,-0.3857,-0.0008931,3.922e-06,3.922e-06,0.003922,-5.882e-05,3.663e-06,0.01961
37.646782,2.29,-0.376,-0.000826,3.922e-06,3.922e-06,0.003922,-5.882e-05,3.663e-06,0.01961
37.65678,2.271,-0.3418,-0.0007647,3.922e-06,3.922e-06,0.003922,-5.882e-05,3.663e-06,0.01961
37.666782,2.246,-0.3125,-0.0007209,3.922e-06,3.922e-06,0.003922,-5.882e-05,3.663e-06,0.01961
37.676781,2.256,-0.2881,-0.0006567,3.922e-06,3.922e-06,0.003922,-5.882e-05,3.663e-06,0.01961
37.686783,2.246,-0.2588,-0.00061,3.922e-06,3.922e-06,0.003922,-5.882e-05,3.663e-06,0.01961
37.696781,2.261,-0.2441,-0.0005604,3.922e-06,3.922e-06,0.003922,-5.882e-05,3.663e-06,0.01961
37.706783,2.28,-0.1904,-0.000537,3.922e-06,3.922e-06,0.003922,-5.882e-05,3.663e-06,0.01961
37.716782,2.305,-0.1562,-0.0005108,3.922e-06,3.922e-06,0.003922,-5.882e-05,3.663e-06,0.01961
37.726784,2.339,-0.1172,-0.0004816,3.922e-06,3.922e-06,0.003922,-5.882e-05,3.663e-06,0.01961
37.736782,2.388,-0.08301,-0.0004553,3.922e-06,3.922e-06,0.003922,-5.882e-05,3.663e-06,0.01961
37.74678,2.427,-0.05371,-0.0004378,3.922e-06,3.922e-06,0.003922,-5.882e-05,3.663e-06,0.01961
37.756783,2.476,-0.009766,-0.0004349,3.922e-06,3.922e-06,0.003922,-5.882e-05,3.663e-06,0.01961
37.766781,2.52,0.03418,-0.0004349,3.922e-06,3.922e-06,0.003922,-5.882e-05,3.663e-06,0.01961
37.776783,2.593,0.08301,-0.0004465,3.922e-06,3.922e-06,0.003922,-5.882e-05,3.663e-06,0.01961
37.786781,2.651,0.127,-0.000467,3.922e-06,3.922e-06,0.003922,-5.882e-05,3.663e-06,0.01961
37.796783,2.734,0.1562,-0.0004816,3.922e-06,3.922e-06,0.003922,-5.882e-05,3.663e-06,0.01961
37.806782,2.812,0.2051,-0.0005166,3.922e-06,3.922e-06,0.003922,-5.882e-05,3.663e-06,0.01961
37.816784,2.881,0.2393,-0.0005487,3.922e-06,3.922e-06,0.003922,-5.882e-05,3.663e-06,0.01961
37.826782,2.969,0.2734,-0.0005837,3.922e-06,3.922e-06,0.003922,-5.882e-05,3.663e-06,0.01961
37.836781,3.042,0.3076,-0.0006246,3.922e-06,3.922e-06,0.003922,-5.882e-05,3.663e-06,0.01961
37.846783,3.12,0.3418,-0.00068,3.922e-06,3.922e-06,0.003922,-5.882e-05,3.663e-06,0.01961
37.856781,3.213,0.376,-0.0007326,3.922e-06,3.922e-06,0.003922,-5.882e-05,3.663e-06,0.01961
37.866783,3.291,0.4004,-0.0007968,3.922e-06,3.922e-06,0.003922,-5.882e-05,3.663e-06,0.01961
37.876781,3.389,0.4443,-0.0008697,3.922e-06,3.922e-06,0.003922,-5.882e-05,3.663e-06,0.01961
37.886784,3.472,0.4639,-0.0009427,3.922e-06,3.922e-06,0.003922,-5.882e-05,3.663e-06,0.01961
37.896782,3.555,0.4834,-0.001016,3.922e-06,3.922e-06,0.003922,-5.882e-05,3.663e-06,0.01961
37.90678,3.638,0.4932,-0.001083,3.922e-06,3.922e-06,0.003922,-5.882e-05,3.663e-06,0.01961
37.916782,3.711,0.5078,-0.001167,3.922e-06,3.922e-06,0.003922,-5.882e-05,3.663e-06,0.01961
37.926781,3.784,0.5225,-0.001249,3.922e-06,3.922e-06,0.003922,-5.882e-05,3.663e-06,0.01961
37.936783,3.853,0.5273,-0.001325,3.922e-06,3.922e-06,0.003922,-5.882e-05,3.663e-06,0.01961
37.946781,3.916,0.5371,-0.001416,3.922e-06,3.922e-06,0.003922,-5.882e-05,3.663e-06,0.01961
37.956783,3.989,0.5371,-0.001494,3.922e-06,3.922e-06,0.003922,-5.882e-05,3.663e-06,0.01961
37.966782,4.038,0.5322,-0.001579,3.922e-06,3.922e-06,0.003922,-5.882e-05,3.663e-06,0.01961
37.976784,4.102,0.5273,-0.001661,3.922e-06,3.922e-06,0.003922,-5.882e-05,3.663e-06,0.01961
37.986782,4.131,0.5078,-0.001734,3.922e-06,3.922e-06,0.003922,-5.882e-05,3.663e-06,0.01961
37.996784,4.17,0.4932,-0.001815,3.922e-06,3.922e-06,0.003922,-5.882e-05,3.663e-06,0.01961
38.006783,4.209,0.4834,-0.001888,3.922e-06,3.922e-06,0.003922,-5.882e-05,3.663e-06,0.01961
38.016781,4.214,0.4541,-0.001955,3.922e-06,3.922e-06,0.003922,-5.882e-05,3.663e-06,0.01961
38.026783,4.238,0.4443,-0.002028,3.922e-06,3.922e-06,0.003922,-5.882e-05,3.663e-06,0.01961
38.036781,4.248,0.415,-0.002093,3.922e-06,3.922e-06,0.003922,-5.882e-05,3.663e-06,0.01961
38.046783,4.258,0.376,-0.002145,3.922e-06,3.922e-06,0.003922,-5.882e-05,3.663e-06,0.01961
38.056782,4.258,0.3516,-0.002201,3.922e-06,3.922e-06,0.003922,-5.882e-05,3.663e-06,0.01961
38.066784,4.248,0.3125,-0.002247,3.922e-06,3.922e-06,0.003922,-5.882e-05,3.663e-06,0.01961
38.076782,4.219,0.2686,-0.002277,3.922e-06,3.922e-06,0.003922,-5.882e-05,3.663e-06,0.01961
38.086781,4.189,0.2246,-0.002309,3.922e-06,3.922e-06,0.003922,-5.882e-05,3.663e-06,0.01961
38.096783,4.155,0.1758,-0.002329,3.922e-06,3.922e-06,0.003922,-5.882e-05,3.663e-06,0.01961
38.106781,4.111,0.1514,-0.002355,3.922e-06,3.922e-06,0.003922,-5.882e-05,3.663e-06,0.01961
38.116783,4.058,0.09766,-0.002364,3.922e-06,3.922e-06,0.003922,-5.882e-05,3.663e-06,0.01961
38.126781,3.999,0.05371,-0.002376,3.922e-06,3.922e-06,0.003922,-5.882e-05,3.663e-06,0.01961
38.136784,3.931,0.01953,-0.002382,3.922e-06,3.922e-06,0.003922,-5.882e-05,3.663e-06,0.01961
38.146782,3.867,-0.0293,-0.002364,3.922e-06,3.922e-06,0.003922,-5.882e-05,3.663e-06,0.01961
38.15678,3.799,-0.07324,-0.002349,3.922e-06,3.922e-06,0.003922,-5.882e-05,3.663e-06,0.01961
38.166782,3.706,-0.1221,-0.002323,3.922e-06,3.922e-06,0.003922,-5.882e-05,3.663e-06,0.01961
38.176781,3.647,-0.1611,-0.002291,3.922e-06,3.922e-06,0.003922,-5.882e-05,3.663e-06,0.01961
38.186783,3.555,-0.21,-0.00225,3.922e-06,3.922e-06,0.003922,-5.882e-05,3.663e-06,0.01961
38.196781,3.462,-0.2539,-0.002204,3.922e-06,3.922e-06,0.003922,-5.882e-05,3.663e-06,0.01961
38.206783,3.369,-0.2832,-0.002151,3.922e-06,3.922e-06,0.003922,-5.882e-05,3.663e-06,0.01961
38.216782,3.271,-0.3271,-0.002096,3.922e-06,3.922e-06,0.003922,-5.882e-05,3.663e-06,0.01961
38.226784,3.179,-0.3516,-0.00204,3.922e-06,3.922e-06,0.003922,-5.882e-05,3.663e-06,0.01961
38.236782,3.086,-0.3906,-0.00197,3.922e-06,3.922e-06,0.003922,-5.882e-05,3.663e-06,0.01961
38.24678,2.988,-0.4199,-0.001894,3.922e-06,3.922e-06,0.003922,-5.882e-05,3.663e-06,0.01961
38.256783,2.905,-0.4492,-0.001812,3.922e-06,3.922e-06,0.003922,-5.882e-05,3.663e-06,0.01961
38.266781,2.827,-0.4883,-0.001722,3.922e-06,3.922e-06,0.003922,-5.882e-05,3.663e-06,0.01961
38.276783,2.729,-0.4883,-0.001652,3.922e-06,3.922e-06,0.003922,-5.882e-05,3.663e-06,0.01961
38.286781,2.642,-0.5078,-0.001559,3.922e-06,3.922e-06,0.003922,-5.882e-05,3.663e-06,0.01961
38.296783,2.549,-0.5127,-0.001477,3.922e-06,3.922e-06,0.003922,-5.882e-05,3.663e-06,0.01961
38.306782,2.48,-0.5176,-0.001386,3.922e-06,3.922e-06,0.003922,-5.882e-05,3.663e-06,0.01961
38.31678,2.378,-0.5225,-0.001299,3.922e-06,3.922e-06,0.003922,-5.882e-05,3.663e-06,0.01961
38.326782,2.334,-0.5225,-0.001202,3.922e-06,3.922e-06,0.003922,-5.882e-05,3.663e-06,0.01961
38.336781,2.275,-0.5273,-0.001106,3.922e-06,3.922e-06,0.003922,-5.882e-05,3.663e-06,0.01961
38.346783,2.222,-0.5176,-0.001024,3.922e-06,3.922e-06,0.003922,-5.882e-05,3.663e-06,0.01961
38.356781,2.178,-0.5029,-0.000934,3.922e-06,3.922e-06,0.003922,-5.882e-05,3.663e-06,0.01961
38.366783,2.139,-0.5078,-0.0008376,3.922e-06,3.922e-06,0.003922,-5.882e-05,3.663e-06,0.01961
38.376781,2.104,-0.4736,-0.0007588,3.922e-06,3.922e-06,0.003922,-5.882e-05,3.663e-06,0.01961
38.386784,2.075,-0.4443,-0.0006917,3.922e-06,3.922e-06,0.003922,-5.882e-05,3.663e-06,0.01961
38.396782,2.051,-0.4248,-0.0006158,3.922e-06,3.922e-06,0.003922,-5.882e-05,3.663e-06,0.01961
38.40678,2.051,-0.3809,-0.0005575,3.922e-06,3.922e-06,0.003922,-5.882e-05,3.663e-06,0.01961
38.416782,2.041,-0.3613,-0.0004845,3.922e-06,3.922e-06,0.003922,-5.882e-05,3.663e-06,0.01961
38.426781,2.046,-0.3027,-0.0004407,3.922e-06,3.922e-06,0.003922,-5.882e-05,3.663e-06,0.01961
38.436783,2.075,-0.2832,-0.0003794,3.922e-06,3.922e-06,0.003922,-5.882e-05,3.663e-06,0.01961
38.446781,2.1,-0.2295,-0.0003415,3.922e-06,3.922e-06,0.003922,-5.882e-05,3.663e-06,0.01961
38.456783,2.124,-0.1855,-0.0003035,3.922e-06,3.922e-06,0.003922,-5.882e-05,3.663e-06,0.01961
38.466782,2.173,-0.1562,-0.0002656,3.922e-06,3.922e-06,0.003922,-5.882e-05,3.663e-06,0.01961
38.476784,2.212,-0.09277,-0.0002598,3.922e-06,3.922e-06,0.003922,-5.882e-05,3.663e-06,0.01961
38.486782,2.266,-0.04395,-0.000251,3.922e-06,3.922e-06,0.003922,-5.882e-05,3.663e-06,0.01961
38.49678,2.334,-0.01465,-0.0002306,3.922e-06,3.922e-06,0.003922,-5.882e-05,3.663e-06,0.01961
38.506783,2.407,0.06348,-0.0002539,3.922e-06,3.922e-06,0.003922,-5.882e-05,3.663e-06,0.01961
38.516785,2.48,0.1025,-0.0002627,3.922e-06,3.922e-06,0.003922,-5.882e-05,3.663e-06,0.01961
38.526783,2.578,0.1514,-0.0002773,3.922e-06,3.922e-06,0.003922,-5.882e-05,3.663e-06,0.01961
38.536781,2.656,0.2002,-0.0003035,3.922e-06,3.922e-06,0.003922,-5.882e-05,3.663e-06,0.01961
38.546783,2.744,0.249,-0.0003415,3.922e-06,3.922e-06,0.003922,-5.882e-05,3.663e-06,0.01961
38.556782,2.847,0.3027,-0.0003853,3.922e-06,3.922e-06,0.003922,-5.882e-05,3.663e-06,0.01961
38.56678,2.91,0.3467,-0.0004436,3.922e-06,3.922e-06,0.003922,-5.882e-05,3.663e-06,0.01961
38.576782,3.037,0.3809,-0.0004903,3.922e-06,3.922e-06,0.003922,-5.882e-05,3.663e-06,0.01961
38.586784,3.13,0.4297,-0.0005575,3.922e-06,3.922e-06,0.003922,-5.882e-05,3.663e-06,0.01961
38.596783,3.252,0.459,-0.0006304,3.922e-06,3.922e-06,0.003922,-5.882e-05,3.663e-06,0.01961
38.606781,3.354,0.5127,-0.000718,3.922e-06,3.922e-06,0.003922,-5.882e-05,3.663e-06,0.01961
38.616783,3.452,0.5273,-0.0007851,3.922e-06,3.922e-06,0.003922,-5.882e-05,3.663e-06,0.01961
38.626781,3.569,0.5664,-0.0008785,3.922e-06,3.922e-06,0.003922,-5.882e-05,3.663e-06,0.01961
38.636784,3.662,0.5811,-0.0009631,3.922e-06,3.922e-06,0.003922,-5.882e-05,3.663e-06,0.01961
38.646782,3.745,0.6006,-0.001057,3.922e-06,3.922e-06,0.003922,-5.882e-05,3.663e-06,0.01961
38.65678,3.853,0.6152,-0.001144,3.922e-06,3.922e-06,0.003922,-5.882e-05,3.663e-06,0.01961
38.666782,3.931,0.625,-0.001246,3.922e-06,3.922e-06,0.003922,-5.882e-05,3.663e-06,0.01961
38.676785,4.023,0.6445,-0.001354,3.922e-06,3.922e-06,0.003922,-5.882e-05,3.663e-06,0.01961
38.686783,4.102,0.6445,-0.001453,3.922e-06,3.922e-06,0.003922,-5.882e-05,3.663e-06,0.01961
38.696781,4.17,0.6396,-0.001553,3.922e-06,3.922e-06,0.003922,-5.882e-05,3.663e-06,0.01961
38.706783,4.258,0.625,-0.001646,3.922e-06,3.922e-06,0.003922,-5.882e-05,3.663e-06,0.01961
38.716782,4.297,0.6299,-0.001757,3.922e-06,3.922e-06,0.003922,-5.882e-05,3.663e-06,0.01961
38.72678,4.346,0.6152,-0.001839,3.922e-06,3.922e-06,0.003922,-5.882e-05,3.663e-06,0.01961
38.736782,4.395,0.5908,-0.001932,3.922e-06,3.922e-06,0.003922,-5.882e-05,3.663e-06,0.01961
38.74678,4.429,0.5762,-0.002028,3.922e-06,3.922e-06,0.003922,-5.882e-05,3.663e-06,0.01961
38.756783,4.458,0.5469,-0.002107,3.922e-06,3.922e-06,0.003922,-5.882e-05,3.663e-06,0.01961
38.766781,4.478,0.5029,-0.002177,3.922e-06,3.922e-06,0.003922,-5.882e-05,3.663e-06,0.01961
38.776783,4.482,0.4834,-0.002265,3.922e-06,3.922e-06,0.003922,-5.882e-05,3.663e-06,0.01961
38.786781,4.487,0.4346,-0.002326,3.922e-06,3.922e-06,0.003922,-5.882e-05,3.663e-06,0.01961
38.796783,4.473,0.3955,-0.002387,3.922e-06,3.922e-06,0.003922,-5.882e-05,3.663e-06,0.01961
38.806782,4.443,0.3564,-0.00244,3.922e-06,3.922e-06,0.003922,-5.882e-05,3.663e-06,0.01961
38.816784,4.419,0.3027,-0.002481,3.922e-06,3.922e-06,0.003922,-5.882e-05,3.663e-06,0.01961
38.826782,4.385,0.2637,-0.002525,3.922e-06,3.922e-06,0.003922,-5.882e-05,3.663e-06,0.01961
38.836781,4.336,0.2148,-0.002554,3.922e-06,3.922e-06,0.003922,-5.882e-05,3.663e-06,0.01961
38.846783,4.272,0.166,-0.00258,3.922e-06,3.922e-06,0.003922,-5.882e-05,3.663e-06,0.01961
38.856781,4.219,0.09766,-0.002583,3.922e-06,3.922e-06,0.003922,-5.882e-05,3.663e-06,0.01961
38.866783,4.15,0.04395,-0.002592,3.922e-06,3.922e-06,0.003922,-5.882e-05,3.663e-06,0.01961
38.876781,4.077,-0.01465,-0.002577,3.922e-06,3.922e-06,0.003922,-5.882e-05,3.663e-06,0.01961
38.886784,3.989,-0.06348,-0.002568,3.922e-06,3.922e-06,0.003922,-5.882e-05,3.663e-06,0.01961
38.896782,3.901,-0.1172,-0.002545,3.922e-06,3.922e-06,0.003922,-5.882e-05,3.663e-06,0.01961
38.90678,3.799,-0.166,-0.002513,3.922e-06,3.922e-06,0.003922,-5.882e-05,3.663e-06,0.01961
38.916782,3.701,-0.2246,-0.002472,3.922e-06,3.922e-06,0.003922,-5.882e-05,3.663e-06,0.01961
38.926781,3.589,-0.2734,-0.00242,3.922e-06,3.922e-06,0.003922,-5.882e-05,3.663e-06,0.01961
38.936783,3.477,-0.3076,-0.002382,3.922e-06,3.922e-06,0.003922,-5.882e-05,3.663e-06,0.01961
38.946781,3.369,-0.3662,-0.002312,3.922e-06,3.922e-06,0.003922,-5.882e-05,3.663e-06,0.01961
38.956783,3.276,-0.4004,-0.002244,3.922e-06,3.922e-06,0.003922,-5.882e-05,3.663e-06,0.01961
38.966782,3.145,-0.4541,-0.002157,3.922e-06,3.922e-06,0.003922,-5.882e-05,3.663e-06,0.01961
38.97678,3.032,-0.4932,-0.002066,3.922e-06,3.922e-06,0.003922,-5.882e-05,3.663e-06,0.01961
38.986782,2.92,-0.5322,-0.001979,3.922e-06,3.922e-06,0.003922,-5.882e-05,3.663e-06,0.01961
38.996784,2.808,-0.5664,-0.00188,3.922e-06,3.922e-06,0.003922,-5.882e-05,3.663e-06,0.01961
39.006783,2.7,-0.5859,-0.001777,3.922e-06,3.922e-06,0.003922,-5.882e-05,3.663e-06,0.01961
39.016781,2.588,-0.6006,-0.001687,3.922e-06,3.922e-06,0.003922,-5.882e-05,3.663e-06,0.01961
39.026783,2.49,-0.625,-0.001576,3.922e-06,3.922e-06,0.003922,-5.882e-05,3.663e-06,0.01961
39.036781,2.393,-0.6348,-0.001474,3.922e-06,3.922e-06,0.003922,-5.882e-05,3.663e-06,0.01961
39.046783,2.3,-0.6445,-0.00136,3.922e-06,3.922e-06,0.003922,-5.882e-05,3.663e-06,0.01961
39.056782,2.227,-0.6445,-0.001246,3.922e-06,3.922e-06,0.003922,-5.882e-05,3.663e-06,0.01961
39.06678,2.134,-0.6543,-0.001135,3.922e-06,3.922e-06,0.003922,-5.882e-05,3.663e-06,0.01961
39.076782,2.061,-0.6396,-0.001027,3.922e-06,3.922e-06,0.003922,-5.882e-05,3.663e-06,0.01961
39.086784,1.992,-0.6348,-0.0009164,3.922e-06,3.922e-06,0.003922,-5.882e-05,3.663e-06,0.01961
39.096783,1.934,-0.6055,-0.000823,3.922e-06,3.922e-06,0.003922,-5.882e-05,3.663e-06,0.01961
39.106781,1.899,-0.6006,-0.0007063,3.922e-06,3.922e-06,0.003922,-5.882e-05,3.663e-06,0.01961
39.116783,1.851,-0.5566,-0.0006333,3.922e-06,3.922e-06,0.003922,-5.882e-05,3.663e-06,0.01961
39.126785,1.841,-0.5273,-0.0005341,3.922e-06,3.922e-06,0.003922,-5.882e-05,3.663e-06,0.01961
39.136784,1.797,-0.5029,-0.0004407,3.922e-06,3.922e-06,0.003922,-5.882e-05,3.663e-06,0.01961
39.146782,1.782,-0.4639,-0.0003619,3.922e-06,3.922e-06,0.003922,-5.882e-05,3.663e-06,0.01961
39.15678,1.777,-0.4199,-0.0002831,3.922e-06,3.922e-06,0.003922,-5.882e-05,3.663e-06,0.01961
39.166782,1.763,-0.3809,-0.0002189,3.922e-06,3.922e-06,0.003922,-5.882e-05,3.663e-06,0.01961
39.176781,1.782,-0.3174,-0.0001693,3.922e-06,3.922e-06,0.003922,-5.882e-05,3.663e-06,0.01961
39.186783,1.812,-0.2783,-0.0001167,3.922e-06,3.922e-06,0.003922,-5.882e-05,3.663e-06,0.01961
39.196781,1.851,-0.2246,-7.588e-05,3.922e-06,3.922e-06,0.003922,-5.882e-05,3.663e-06,0.01961
39.206783,1.909,-0.1611,-4.378e-05,3.922e-06,3.922e-06,0.003922,-5.882e-05,3.663e-06,0.01961
39.216782,1.963,-0.1221,-8.756e-06,3.922e-06,3.922e-06,0.003922,-5.882e-05,3.663e-06,0.01961
39.226784,2.046,-0.04883,-5.837e-06,3.922e-06,3.922e-06,0.003922,-5.882e-05,3.663e-06,0.01961
39.236782,2.129,0.0,8.756e-06,3.922e-06,3.922e-06,0.003922,-5.882e-05,3.663e-06,0.01961
39.246784,2.217,0.06348,-8.756e-06,3.922e-06,3.922e-06,0.003922,-5.882e-05,3.663e-06,0.01961
39.256783,2.314,0.1318,-1.751e-05,3.922e-06,3.922e-06,0.003922,-5.882e-05,3.663e-06,0.01961
39.266781,2.407,0.1904,-4.67e-05,3.922e-06,3.922e-06,0.003922,-5.882e-05,3.663e-06,0.01961
39.276783,2.524,0.249,-7.88e-05,3.922e-06,3.922e-06,0.003922,-5.882e-05,3.663e-06,0.01961
39.286781,2.632,0.3027,-0.0001255,3.922e-06,3.922e-06,0.003922,-5.882e-05,3.663e-06,0.01961
39.296783,2.759,0.3516,-0.0001722,3.922e-06,3.922e-06,0.003922,-5.882e-05,3.663e-06,0.01961
39.306782,2.881,0.4053,-0.0002277,3.922e-06,3.922e-06,0.003922,-5.882e-05,3.663e-06,0.01961
39.316784,2.998,0.4639,-0.0003123,3.922e-06,3.922e-06,0.003922,-5.882e-05,3.663e-06,0.01961
39.326782,3.135,0.5176,-0.0003853,3.922e-06,3.922e-06,0.003922,-5.882e-05,3.663e-06,0.01961
39.336781,3.252,0.5566,-0.0004699,3.922e-06,3.922e-06,0.003922,-5.882e-05,3.663e-06,0.01961
39.346783,3.369,0.6006,-0.0005662,3.922e-06,3.922e-06,0.003922,-5.882e-05,3.663e-06,0.01961
39.356781,3.501,0.6445,-0.0006771,3.922e-06,3.922e-06,0.003922,-5.882e-05,3.663e-06,0.01961
39.366783,3.608,0.6885,-0.0007939,3.922e-06,3.922e-06,0.003922,-5.882e-05,3.663e-06,0.01961
39.376781,3.76,0.6982,-0.0008785,3.922e-06,3.922e-06,0.003922,-5.882e-05,3.663e-06,0.01961
39.38678,3.882,0.7178,-0.0009894,3.922e-06,3.922e-06,0.003922,-5.882e-05,3.663e-06,0.01961
39.396782,3.989,0.7471,-0.001112,3.922e-06,3.922e-06,0.003922,-5.882e-05,3.663e-06,0.01961
39.40678,4.097,0.7617,-0.001226,3.922e-06,3.922e-06,0.003922,-5.882e-05,3.663e-06,0.01961
39.416782,4.189,0.752,-0.001343,3.922e-06,3.922e-06,0.003922,-5.882e-05,3.663e-06,0.01961
39.426781,4.292,0.7764,-0.001474,3.922e-06,3.922e-06,0.003922,-5.882e-05,3.663e-06,0.01961
39.436783,4.375,0.7715,-0.001599,3.922e-06,3.922e-06,0.003922,-5.882e-05,3.663e-06,0.01961
39.446785,4.453,0.7666,-0.001719,3.922e-06,3.922e-06,0.003922,-5.882e-05,3.663e-06,0.01961
39.456783,4.531,0.7666,-0.001845,3.922e-06,3.922e-06,0.003922,-5.882e-05,3.663e-06,0.01961
39.466782,4.585,0.7422,-0.001964,3.922e-06,3.922e-06,0.003922,-5.882e-05,3.663e-06,0.01961
39.476784,4.658,0.7178,-0.002072,3.922e-06,3.922e-06,0.003922,-5.882e-05,3.663e-06,0.01961
39.486782,4.692,0.6836,-0.002169,3.922e-06,3.922e-06,0.003922,-5.882e-05,3.663e-06,0.01961
39.49678,4.717,0.6494,-0.002265,3.922e-06,3.922e-06,0.003922,-5.882e-05,3.663e-06,0.01961
39.506783,4.746,0.6201,-0.002367,3.922e-06,3.922e-06,0.003922,-5.882e-05,3.663e-06,0.01961
39.516781,4.746,0.5664,-0.002457,3.922e-06,3.922e-06,0.003922,-5.882e-05,3.663e-06,0.01961
39.526783,4.756,0.5273,-0.002536,3.922e-06,3.922e-06,0.003922,-5.882e-05,3.663e-06,0.01961
39.536781,4.731,0.4834,-0.002621,3.922e-06,3.922e-06,0.003922,-5.882e-05,3.663e-06,0.01961
39.546783,4.722,0.4199,-0.002676,3.922e-06,3.922e-06,0.003922,-5.882e-05,3.663e-06,0.01961
39.556782,4.697,0.3613,-0.00272,3.922e-06,3.922e-06,0.003922,-5.882e-05,3.663e-06,0.01961
39.566784,4.639,0.2979,-0.00277,3.922e-06,3.922e-06,0.003922,-5.882e-05,3.663e-06,0.01961
39.576782,4.58,0.2539,-0.002816,3.922e-06,3.922e-06,0.003922,-5.882e-05,3.663e-06,0.01961
39.586784,4.512,0.1807,-0.002828,3.922e-06,3.922e-06,0.003922,-5.882e-05,3.663e-06,0.01961
39.596783,4.434,0.1172,-0.002851,3.922e-06,3.922e-06,0.003922,-5.882e-05,3.663e-06,0.01961
39.606785,4.355,0.05859,-0.002857,3.922e-06,3.922e-06,0.003922,-5.882e-05,3.663e-06,0.01961
39.616783,4.258,-0.01465,-0.002854,3.922e-06,3.922e-06,0.003922,-5.882e-05,3.663e-06,0.01961
39.626781,4.15,-0.08301,-0.002828,3.922e-06,3.922e-06,0.003922,-5.882e-05,3.663e-06,0.01961
39.636784,4.038,-0.1514,-0.002802,3.922e-06,3.922e-06,0.003922,-5.882e-05,3.663e-06,0.01961
39.646782,3.931,-0.2246,-0.002755,3.922e-06,3.922e-06,0.003922,-5.882e-05,3.663e-06,0.01961
39.656784,3.809,-0.2734,-0.002708,3.922e-06,3.922e-06,0.003922,-5.882e-05,3.663e-06,0.01961
39.666782,3.677,-0.3467,-0.002647,3.922e-06,3.922e-06,0.003922,-5.882e-05,3.663e-06,0.01961
39.676781,3.55,-0.3955,-0.002577,3.922e-06,3.922e-06,0.003922,-5.882e-05,3.663e-06,0.01961
39.686783,3.403,-0.4639,-0.002498,3.922e-06,3.922e-06,0.003922,-5.882e-05,3.663e-06,0.01961
39.696781,3.267,-0.5029,-0.002422,3.922e-06,3.922e-06,0.003922,-5.882e-05,3.663e-06,0.01961
39.706783,3.13,-0.5469,-0.002332,3.922e-06,3.922e-06,0.003922,-5.882e-05,3.663e-06,0.01961
39.716782,2.974,-0.6006,-0.002227,3.922e-06,3.922e-06,0.003922,-5.882e-05,3.663e-06,0.01961
39.72678,2.861,-0.6445,-0.00211,3.922e-06,3.922e-06,0.003922,-5.882e-05,3.663e-06,0.01961
39.736782,2.725,-0.6836,-0.001993,3.922e-06,3.922e-06,0.003922,-5.882e-05,3.663e-06,0.01961
39.74678,2.588,-0.7275,-0.001865,3.922e-06,3.922e-06,0.003922,-5.882e-05,3.663e-06,0.01961
39.756783,2.466,-0.7324,-0.001751,3.922e-06,3.922e-06,0.003922,-5.882e-05,3.663e-06,0.01961
39.766785,2.319,-0.752,-0.001631,3.922e-06,3.922e-06,0.003922,-5.882e-05,3.663e-06,0.01961
39.776783,2.212,-0.7666,-0.001494,3.922e-06,3.922e-06,0.003922,-5.882e-05,3.663e-06,0.01961
39.786781,2.1,-0.7812,-0.001357,3.922e-06,3.922e-06,0.003922,-5.882e-05,3.663e-06,0.01961
39.796783,1.992,-0.7959,-0.001223,3.922e-06,3.922e-06,0.003922,-5.882e-05,3.663e-06,0.01961
39.806782,1.895,-0.791,-0.001086,3.922e-06,3.922e-06,0.003922,-5.882e-05,3.663e-06,0.01961
39.816784,1.807,-0.7861,-0.0009573,3.922e-06,3.922e-06,0.003922,-5.882e-05,3.663e-06,0.01961
39.826782,1.724,-0.7617,-0.0008289,3.922e-06,3.922e-06,0.003922,-5.882e-05,3.663e-06,0.01961
39.836781,1.621,-0.752,-0.0006888,3.922e-06,3.922e-06,0.003922,-5.882e-05,3.663e-06,0.01961
39.846783,1.528,-0.7227,-0.000575,3.922e-06,3.922e-06,0.003922,-5.882e-05,3.663e-06,0.01961
39.856781,1.436,-0.6934,-0.0004582,3.922e-06,3.922e-06,0.003922,-5.882e-05,3.663e-06,0.01961
39.866783,1.333,-0.6689,-0.0003356,3.922e-06,3.922e-06,0.003922,-5.882e-05,3.663e-06,0.01961
39.876781,1.255,-0.6152,-0.000251,3.922e-06,3.922e-06,0.003922,-5.882e-05,3.663e-06,0.01961
39.88678,1.167,-0.5762,-0.000143,3.922e-06,3.922e-06,0.003922,-5.882e-05,3.663e-06,0.01961
39.896782,1.089,-0.5469,-4.086e-05,3.922e-06,3.922e-06,0.003922,-5.882e-05,3.663e-06,0.01961
39.90678,1.021,-0.5078,5.253e-05,3.922e-06,3.922e-06,0.003922,-5.882e-05,3.663e-06,0.01961
39.916782,0.9473,-0.4492,0.0001109,3.922e-06,3.922e-06,0.003922,-5.882e-05,3.663e-06,0.01961
39.926781,0.8887,-0.4102,0.0001985,3.922e-06,3.922e-06,0.003922,-5.882e-05,3.663e-06,0.01961
39.936783,0.8447,-0.3613,0.0002568,3.922e-06,3.922e-06,0.003922,-5.882e-05,3.663e-06,0.01961
39.946785,0.791,-0.3027,0.0003065,3.922e-06,3.922e-06,0.003922,-5.882e-05,3.663e-06,0.01961
39.956783,0.7715,-0.249,0.0003532,3.922e-06,3.922e-06,0.003922,-5.882e-05,3.663e-06,0.01961
39.966782,0.7666,-0.2197,0.0004028,3.922e-06,3.922e-06,0.003922,-5.882e-05,3.663e-06,0.01961
39.976784,0.752,-0.1318,0.0004057,3.922e-06,3.922e-06,0.003922,-5.882e-05,3.663e-06,0.01961
39.986782,0.7617,-0.09277,0.0004349,3.922e-06,3.922e-06,0.003922,-5.882e-05,3.663e-06,0.01961
39.996784,0.7861,-0.03906,0.0004407,3.922e-06,3.922e-06,0.003922,-5.882e-05,3.663e-06,0.01961
40.006783,0.8301,0.01465,0.0004465,3.922e-06,3.922e-06,0.003922,-5.882e-05,3.663e-06,0.01961
40.016781,0.8789,0.05859,0.0004378,3.922e-06,3.922e-06,0.003922,-5.882e-05,3.663e-06,0.01961
40.026783,0.9521,0.1123,0.000432,3.922e-06,3.922e-06,0.003922,-5.882e-05,3.663e-06,0.01961
40.036781,1.025,0.166,0.0004115,3.922e-06,3.922e-06,0.003922,-5.882e-05,3.663e-06,0.01961
40.04678,1.138,0.2197,0.0003707,3.922e-06,3.922e-06,0.003922,-5.882e-05,3.663e-06,0.01961
40.056782,1.265,0.2832,0.000324,3.922e-06,3.922e-06,0.003922,-5.882e-05,3.663e-06,0.01961
40.066784,1.426,0.3125,0.0002889,3.922e-06,3.922e-06,0.003922,-5.882e-05,3.663e-06,0.01961
40.076782,1.587,0.3809,0.0002218,3.922e-06,3.922e-06,0.003922,-5.882e-05,3.663e-06,0.01961
40.086781,1.782,0.4102,0.0001693,3.922e-06,3.922e-06,0.003922,-5.882e-05,3.663e-06,0.01961
40.096783,1.992,0.4639,9.34e-05,3.922e-06,3.922e-06,0.003922,-5.882e-05,3.663e-06,0.01961
40.106781,2.207,0.5273,1.459e-05,3.922e-06,3.922e-06,0.003922,-5.882e-05,3.663e-06,0.01961
40.116783,2.427,0.542,-5.837e-05,3.922e-06,3.922e-06,0.003922,-5.882e-05,3.663e-06,0.01961
40.126781,2.593,0.6152,-0.0001634,3.922e-06,3.922e-06,0.003922,-5.882e-05,3.663e-06,0.01961
40.136784,2.783,0.6543,-0.0002627,3.922e-06,3.922e-06,0.003922,-5.882e-05,3.663e-06,0.01961
40.146782,2.979,0.6982,-0.0003765,3.922e-06,3.922e-06,0.003922,-5.882e-05,3.663e-06,0.01961
40.156784,3.159,0.7373,-0.0004932,3.922e-06,3.922e-06,0.003922,-5.882e-05,3.663e-06,0.01961
40.166782,3.325,0.7617,-0.00061,3.922e-06,3.922e-06,0.003922,-5.882e-05,3.663e-06,0.01961
40.176785,3.496,0.791,-0.0007326,3.922e-06,3.922e-06,0.003922,-5.882e-05,3.663e-06,0.01961
40.186783,3.652,0.8105,-0.0008581,3.922e-06,3.922e-06,0.003922,-5.882e-05,3.663e-06,0.01961
40.196781,3.804,0.835,-0.0009923,3.922e-06,3.922e-06,0.003922,-5.882e-05,3.663e-06,0.01961
40.206783,3.95,0.8496,-0.001121,3.922e-06,3.922e-06,0.003922,-5.882e-05,3.663e-06,0.01961
40.216782,4.072,0.8594,-0.001258,3.922e-06,3.922e-06,0.003922,-5.882e-05,3.663e-06,0.01961
40.226784,4.214,0.8691,-0.001404,3.922e-06,3.922e-06,0.003922,-5.882e-05,3.663e-06,0.01961
40.236782,4.326,0.874,-0.001541,3.922e-06,3.922e-06,0.003922,-5.882e-05,3.663e-06,0.01961
40.24678,4.424,0.8643,-0.001675,3.922e-06,3.922e-06,0.003922,-5.882e-05,3.663e-06,0.01961
40.256783,4.521,0.8496,-0.001804,3.922e-06,3.922e-06,0.003922,-5.882e-05,3.663e-06,0.01961
40.266781,4.59,0.8301,-0.001941,3.922e-06,3.922e-06,0.003922,-5.882e-05,3.663e-06,0.01961
40.276783,4.692,0.8008,-0.002058,3.922e-06,3.922e-06,0.003922,-5.882e-05,3.663e-06,0.01961
40.286781,4.746,0.7715,-0.002177,3.922e-06,3.922e-06,0.003922,-5.882e-05,3.663e-06,0.01961
40.29678,4.795,0.7373,-0.002297,3.922e-06,3.922e-06,0.003922,-5.882e-05,3.663e-06,0.01961
40.306782,4.834,0.6982,-0.002399,3.922e-06,3.922e-06,0.003922,-5.882e-05,3.663e-06,0.01961
40.31678,4.849,0.6445,-0.002501,3.922e-06,3.922e-06,0.003922,-5.882e-05,3.663e-06,0.01961
40.326782,4.844,0.6152,-0.0026,3.922e-06,3.922e-06,0.003922,-5.882e-05,3.663e-06,0.01961
40.336781,4.839,0.5518,-0.002688,3.922e-06,3.922e-06,0.003922,-5.882e-05,3.663e-06,0.01961
40.346783,4.824,0.498,-0.002761,3.922e-06,3.922e-06,0.003922,-5.882e-05,3.663e-06,0.01961
40.356781,4.8,0.4443,-0.002834,3.922e-06,3.922e-06,0.003922,-5.882e-05,3.663e-06,0.01961
40.366783,4.766,0.3711,-0.002889,3.922e-06,3.922e-06,0.003922,-5.882e-05,3.663e-06,0.01961
40.376781,4.707,0.3125,-0.002933,3.922e-06,3.922e-06,0.003922,-5.882e-05,3.663e-06,0.01961
40.386784,4.648,0.2295,-0.002954,3.922e-06,3.922e-06,0.003922,-5.882e-05,3.663e-06,0.01961
40.396782,4.58,0.1709,-0.002986,3.922e-06,3.922e-06,0.003922,-5.882e-05,3.663e-06,0.01961
40.40678,4.487,0.08301,-0.002977,3.922e-06,3.922e-06,0.003922,-5.882e-05,3.663e-06,0.01961
40.416782,4.385,0.0,-0.002974,3.922e-06,3.922e-06,0.003922,-5.882e-05,3.663e-06,0.01961
40.426785,4.282,-0.05371,-0.002974,3.922e-06,3.922e-06,0.003922,-5.882e-05,3.663e-06,0.01961
40.436783,4.15,-0.1318,-0.002945,3.922e-06,3.922e-06,0.003922,-5.882e-05,3.663e-06,0.01961
40.446781,4.038,-0.1953,-0.002916,3.922e-06,3.922e-06,0.003922,-5.882e-05,3.663e-06,0.01961
40.456783,3.921,-0.2734,-0.00286,3.922e-06,3.922e-06,0.003922,-5.882e-05,3.663e-06,0.01961
40.466782,3.784,-0.3516,-0.002793,3.922e-06,3.922e-06,0.003922,-5.882e-05,3.663e-06,0.01961
40.476784,3.638,-0.4053,-0.002732,3.922e-06,3.922e-06,0.003922,-5.882e-05,3.663e-06,0.01961
40.486782,3.496,-0.4736,-0.002644,3.922e-06,3.922e-06,0.003922,-5.882e-05,3.663e-06,0.01961
40.49678,3.335,-0.5322,-0.002563,3.922e-06,3.922e-06,0.003922,-5.882e-05,3.663e-06,0.01961
40.506783,3.188,-0.5713,-0.002466,3.922e-06,3.922e-06,0.003922,-5.882e-05,3.663e-06,0.01961
40.516781,3.018,-0.6396,-0.002358,3.922e-06,3.922e-06,0.003922,-5.882e-05,3.663e-06,0.01961
40.526783,2.876,-0.6738,-0.002239,3.922e-06,3.922e-06,0.003922,-5.882e-05,3.663e-06,0.01961
40.536781,2.739,-0.7227,-0.002116,3.922e-06,3.922e-06,0.003922,-5.882e-05,3.663e-06,0.01961
40.546783,2.588,-0.7812,-0.001973,3.922e-06,3.922e-06,0.003922,-5.882e-05,3.663e-06,0.01961
40.556782,2.456,-0.791,-0.00185,3.922e-06,3.922e-06,0.003922,-5.882e-05,3.663e-06,0.01961
40.566784,2.29,-0.8057,-0.001728,3.922e-06,3.922e-06,0.003922,-5.882e-05,3.663e-06,0.01961
40.576782,2.173,-0.835,-0.00157,3.922e-06,3.922e-06,0.003922,-5.882e-05,3.663e-06,0.01961
40.586781,2.046,-0.8643,-0.001418,3.922e-06,3.922e-06,0.003922,-5.882e-05,3.663e-06,0.01961
40.596783,1.929,-0.8691,-0.001275,3.922e-06,3.922e-06,0.003922,-5.882e-05,3.663e-06,0.01961
40.606781,1.826,-0.8691,-0.001121,3.922e-06,3.922e-06,0.003922,-5.882e-05,3.663e-06,0.01961
40.616783,1.714,-0.8789,-0.000969,3.922e-06,3.922e-06,0.003922,-5.882e-05,3.663e-06,0.01961
40.626781,1.592,-0.8447,-0.0008435,3.922e-06,3.922e-06,0.003922,-5.882e-05,3.663e-06,0.01961
40.636784,1.46,-0.835,-0.0006946,3.922e-06,3.922e-06,0.003922,-5.882e-05,3.663e-06,0.01961
40.646782,1.328,-0.8057,-0.0005662,3.922e-06,3.922e-06,0.003922,-5.882e-05,3.663e-06,0.01961
40.65678,1.211,-0.7812,-0.0004261,3.922e-06,3.922e-06,0.003922,-5.882e-05,3.663e-06,0.01961
40.666782,1.074,-0.7568,-0.0003065,3.922e-06,3.922e-06,0.003922,-5.882e-05,3.663e-06,0.01961
40.676781,0.9473,-0.7178,-0.000181,3.922e-06,3.922e-06,0.003922,-5.882e-05,3.663e-06,0.01961
40.686783,0.835,-0.6885,-6.421e-05,3.922e-06,3.922e-06,0.003922,-5.882e-05,3.663e-06,0.01961
40.696781,0.6885,-0.6445,4.67e-05,3.922e-06,3.922e-06,0.003922,-5.882e-05,3.663e-06,0.01961
40.706783,0.5664,-0.5957,0.000143,3.922e-06,3.922e-06,0.003922,-5.882e-05,3.663e-06,0.01961
40.716782,0.4492,-0.5713,0.0002598,3.922e-06,3.922e-06,0.003922,-5.882e-05,3.663e-06,0.01961
40.726784,0.3271,-0.5127,0.0003327,3.922e-06,3.922e-06,0.003922,-5.882e-05,3.663e-06,0.01961
40.736782,0.21,-0.459,0.0004057,3.922e-06,3.922e-06,0.003922,-5.882e-05,3.663e-06,0.01961
40.74678,0.1025,-0.4199,0.0004757,3.922e-06,3.922e-06,0.003922,-5.882e-05,3.663e-06,0.01961
40.756783,0.004883,-0.3613,0.000537,3.922e-06,3.922e-06,0.003922,-5.882e-05,3.663e-06,0.01961
40.766781,-0.1172,-0.3271,0.0006012,3.922e-06,3.922e-06,0.003922,-5.882e-05,3.663e-06,0.01961
40.776783,-0.1758,-0.2734,0.0006508,3.922e-06,3.922e-06,0.003922,-5.882e-05,3.663e-06,0.01961
40.786781,-0.2686,-0.2393,0.0006946,3.922e-06,3.922e-06,0.003922,-5.882e-05,3.663e-06,0.01961
40.796783,-0.3516,-0.1953,0.0007296,3.922e-06,3.922e-06,0.003922,-5.882e-05,3.663e-06,0.01961
40.806782,-0.4199,-0.1416,0.0007501,3.922e-06,3.922e-06,0.003922,-5.882e-05,3.663e-06,0.01961
40.816784,-0.5078,-0.1025,0.0007647,3.922e-06,3.922e-06,0.003922,-5.882e-05,3.663e-06,0.01961
40.826782,-0.5518,-0.05371,0.0007734,3.922e-06,3.922e-06,0.003922,-5.882e-05,3.663e-06,0.01961
40.836784,-0.6104,-0.01953,0.0007851,3.922e-06,3.922e-06,0.003922,-5.882e-05,3.663e-06,0.01961
40.846783,-0.6543,-0.004883,0.0007997,3.922e-06,3.922e-06,0.003922,-5.882e-05,3.663e-06,0.01961
40.856781,-0.708,0.03418,0.0007968,3.922e-06,3.922e-06,0.003922,-5.882e-05,3.663e-06,0.01961
40.866783,-0.7422,0.05371,0.0007968,3.922e-06,3.922e-06,0.003922,-5.882e-05,3.663e-06,0.01961
40.876781,-0.7715,0.09766,0.0007705,3.922e-06,3.922e-06,0.003922,-5.882e-05,3.663e-06,0.01961
40.886784,-0.8057,0.1172,0.0007588,3.922e-06,3.922e-06,0.003922,-5.882e-05,3.663e-06,0.01961
40.896782,-0.8301,0.1416,0.0007384,3.922e-06,3.922e-06,0.003922,-5.882e-05,3.663e-06,0.01961
40.90678,-0.8691,0.1709,0.0007063,3.922e-06,3.922e-06,0.003922,-5.882e-05,3.663e-06,0.01961
40.916782,-0.8984,0.1953,0.0006654,3.922e-06,3.922e-06,0.003922,-5.882e-05,3.663e-06,0.01961
40.926785,-0.8887,0.2051,0.0006421,3.922e-06,3.922e-06,0.003922,-5.882e-05,3.663e-06,0.01961
40.936783,-0.9082,0.2051,0.0006187,3.922e-06,3.922e-06,0.003922,-5.882e-05,3.663e-06,0.01961
40.946781,-0.9277,0.2148,0.0005866,3.922e-06,3.922e-06,0.003922,-5.882e-05,3.663e-06,0.01961
40.956779,-0.9375,0.2246,0.0005604,3.922e-06,3.922e-06,0.003922,-5.882e-05,3.663e-06,0.01961
40.966782,-0.9375,0.2002,0.0005429,3.922e-06,3.922e-06,0.003922,-5.882e-05,3.663e-06,0.01961
40.976784,-0.9619,0.2344,0.0004903,3.922e-06,3.922e-06,0.003922,-5.882e-05,3.663e-06,0.01961
40.986782,-0.9766,0.2197,0.0004582,3.922e-06,3.922e-06,0.003922,-5.882e-05,3.663e-06,0.01961
40.996784,-0.9961,0.2246,0.0004174,3.922e-06,3.922e-06,0.003922,-5.882e-05,3.663e-06,0.01961
41.006783,-1.006,0.2148,0.0003853,3.922e-06,3.922e-06,0.003922,-5.882e-05,3.663e-06,0.01961
41.016781,-1.05,0.21,0.0003473,3.922e-06,3.922e-06,0.003922,-5.882e-05,3.663e-06,0.01961
41.026783,-1.055,0.1904,0.0003327,3.922e-06,3.922e-06,0.003922,-5.882e-05,3.663e-06,0.01961
41.036781,-1.099,0.1758,0.0003035,3.922e-06,3.922e-06,0.003922,-5.882e-05,3.663e-06,0.01961
41.046783,-1.123,0.1611,0.0002773,3.922e-06,3.922e-06,0.003922,-5.882e-05,3.663e-06,0.01961
41.056782,-1.162,0.1562,0.0002539,3.922e-06,3.922e-06,0.003922,-5.882e-05,3.663e-06,0.01961
41.066784,-1.24,0.1318,0.0002335,3.922e-06,3.922e-06,0.003922,-5.882e-05,3.663e-06,0.01961
41.076782,-1.274,0.1025,0.0002277,3.922e-06,3.922e-06,0.003922,-5.882e-05,3.663e-06,0.01961
41.086784,-1.353,0.07812,0.000216,3.922e-06,3.922e-06,0.003922,-5.882e-05,3.663e-06,0.01961
41.096783,-1.431,0.05371,0.0002043,3.922e-06,3.922e-06,0.003922,-5.882e-05,3.663e-06,0.01961
41.106781,-1.528,0.03418,0.0002043,3.922e-06,3.922e-06,0.003922,-5.882e-05,3.663e-06,0.01961
41.116783,-1.65,-0.004883,0.0002101,3.922e-06,3.922e-06,0.003922,-5.882e-05,3.663e-06,0.01961
41.126781,-1.733,-0.03418,0.0002218,3.922e-06,3.922e-06,0.003922,-5.882e-05,3.663e-06,0.01961
41.13678,-1.86,-0.06348,0.0002335,3.922e-06,3.922e-06,0.003922,-5.882e-05,3.663e-06,0.01961
41.146782,-1.968,-0.09766,0.0002539,3.922e-06,3.922e-06,0.003922,-5.882e-05,3.663e-06,0.01961
41.156784,-2.08,-0.1318,0.0002773,3.922e-06,3.922e-06,0.003922,-5.882e-05,3.663e-06,0.01961
41.166782,-2.192,-0.1709,0.0003065,3.922e-06,3.922e-06,0.003922,-5.882e-05,3.663e-06,0.01961
41.176785,-2.29,-0.1953,0.0003386,3.922e-06,3.922e-06,0.003922,-5.882e-05,3.663e-06,0.01961
41.186783,-2.397,-0.249,0.0003882,3.922e-06,3.922e-06,0.003922,-5.882e-05,3.663e-06,0.01961
41.196781,-2.51,-0.2783,0.0004407,3.922e-06,3.922e-06,0.003922,-5.882e-05,3.663e-06,0.01961
41.206783,-2.603,-0.3125,0.0004932,3.922e-06,3.922e-06,0.003922,-5.882e-05,3.663e-06,0.01961
41.216782,-2.734,-0.332,0.0005341,3.922e-06,3.922e-06,0.003922,-5.882e-05,3.663e-06,0.01961
41.226784,-2.822,-0.3662,0.0006071,3.922e-06,3.922e-06,0.003922,-5.882e-05,3.663e-06,0.01961
41.236782,-2.935,-0.4004,0.0006771,3.922e-06,3.922e-06,0.003922,-5.882e-05,3.663e-06,0.01961
41.246784,-3.037,-0.415,0.0007413,3.922e-06,3.922e-06,0.003922,-5.882e-05,3.663e-06,0.01961
41.256783,-3.115,-0.4346,0.0008143,3.922e-06,3.922e-06,0.003922,-5.882e-05,3.663e-06,0.01961
41.266781,-3.228,-0.4492,0.0008814,3.922e-06,3.922e-06,0.003922,-5.882e-05,3.663e-06,0.01961
41.276783,-3.301,-0.4639,0.0009719,3.922e-06,3.922e-06,0.003922,-5.882e-05,3.663e-06,0.01961
41.286781,-3.394,-0.4834,0.001054,3.922e-06,3.922e-06,0.003922,-5.882e-05,3.663e-06,0.01961
41.29678,-3.472,-0.5029,0.001144,3.922e-06,3.922e-06,0.003922,-5.882e-05,3.663e-06,0.01961
41.306782,-3.545,-0.4932,0.001217,3.922e-06,3.922e-06,0.003922,-5.882e-05,3.663e-06,0.01961
41.316784,-3.633,-0.5029,0.001305,3.922e-06,3.922e-06,0.003922,-5.882e-05,3.663e-06,0.01961
41.326782,-3.691,-0.498,0.001389,3.922e-06,3.922e-06,0.003922,-5.882e-05,3.663e-06,0.01961
41.336784,-3.75,-0.4932,0.001465,3.922e-06,3.922e-06,0.003922,-5.882e-05,3.663e-06,0.01961
41.346783,-3.809,-0.4834,0.00155,3.922e-06,3.922e-06,0.003922,-5.882e-05,3.663e-06,0.01961
41.356781,-3.843,-0.4736,0.001631,3.922e-06,3.922e-06,0.003922,-5.882e-05,3.663e-06,0.01961
41.366783,-3.887,-0.4688,0.001719,3.922e-06,3.922e-06,0.003922,-5.882e-05,3.663e-06,0.01961
41.376785,-3.926,-0.4346,0.001777,3.922e-06,3.922e-06,0.003922,-5.882e-05,3.663e-06,0.01961
41.386784,-3.95,-0.415,0.00185,3.922e-06,3.922e-06,0.003922,-5.882e-05,3.663e-06,0.01961
41.396782,-3.97,-0.3955,0.001915,3.922e-06,3.922e-06,0.003922,-5.882e-05,3.663e-06,0.01961
41.406784,-3.975,-0.3662,0.001988,3.922e-06,3.922e-06,0.003922,-5.882e-05,3.663e-06,0.01961
41.416782,-4.004,-0.3174,0.002026,3.922e-06,3.922e-06,0.003922,-5.882e-05,3.663e-06,0.01961
41.426781,-3.975,-0.2979,0.00209,3.922e-06,3.922e-06,0.003922,-5.882e-05,3.663e-06,0.01961
41.436783,-3.97,-0.2539,0.002122,3.922e-06,3.922e-06,0.003922,-5.882e-05,3.663e-06,0.01961
41.446781,-3.945,-0.2197,0.002169,3.922e-06,3.922e-06,0.003922,-5.882e-05,3.663e-06,0.01961
41.456783,-3.901,-0.1855,0.002204,3.922e-06,3.922e-06,0.003922,-5.882e-05,3.663e-06,0.01961
41.466782,-3.857,-0.1562,0.002239,3.922e-06,3.922e-06,0.003922,-5.882e-05,3.663e-06,0.01961
41.47678,-3.828,-0.09277,0.002244,3.922e-06,3.922e-06,0.003922,-5.882e-05,3.663e-06,0.01961
41.486782,-3.784,-0.05859,0.002262,3.922e-06,3.922e-06,0.003922,-5.882e-05,3.663e-06,0.01961
41.49678,-3.73,-0.009766,0.002265,3.922e-06,3.922e-06,0.003922,-5.882e-05,3.663e-06,0.01961
41.506783,-3.667,0.03906,0.002256,3.922e-06,3.922e-06,0.003922,-5.882e-05,3.663e-06,0.01961
41.516781,-3.604,0.06836,0.002253,3.922e-06,3.922e-06,0.003922,-5.882e-05,3.663e-06,0.01961
41.526783,-3.521,0.1416,0.002224,3.922e-06,3.922e-06,0.003922,-5.882e-05,3.663e-06,0.01961
41.536781,-3.457,0.1807,0.002198,3.922e-06,3.922e-06,0.003922,-5.882e-05,3.663e-06,0.01961
41.546783,-3.369,0.2148,0.002171,3.922e-06,3.922e-06,0.003922,-5.882e-05,3.663e-06,0.01961
41.556782,-3.271,0.2637,0.002128,3.922e-06,3.922e-06,0.003922,-5.882e-05,3.663e-06,0.01961
41.56678,-3.188,0.2832,0.002096,3.922e-06,3.922e-06,0.003922,-5.882e-05,3.663e-06,0.01961
41.576782,-3.101,0.3467,0.002028,3.922e-06,3.922e-06,0.003922,-5.882e-05,3.663e-06,0.01961
41.586784,-3.018,0.376,0.001973,3.922e-06,3.922e-06,0.003922,-5.882e-05,3.663e-06,0.01961
41.596783,-2.92,0.4102,0.001909,3.922e-06,3.922e-06,0.003922,-5.882e-05,3.663e-06,0.01961
41.606781,-2.822,0.4492,0.001842,3.922e-06,3.922e-06,0.003922,-5.882e-05,3.663e-06,0.01961
41.616783,-2.729,0.459,0.001786,3.922e-06,3.922e-06,0.003922,-5.882e-05,3.663e-06,0.01961
41.626781,-2.642,0.5078,0.001678,3.922e-06,3.922e-06,0.003922,-5.882e-05,3.663e-06,0.01961
41.63678,-2.554,0.5127,0.001611,3.922e-06,3.922e-06,0.003922,-5.882e-05,3.663e-06,0.01961
41.646782,-2.466,0.5371,0.001524,3.922e-06,3.922e-06,0.003922,-5.882e-05,3.663e-06,0.01961
41.656784,-2.378,0.5469,0.001448,3.922e-06,3.922e-06,0.003922,-5.882e-05,3.663e-06,0.01961
41.666782,-2.305,0.5615,0.001348,3.922e-06,3.922e-06,0.003922,-5.882e-05,3.663e-06,0.01961
41.676785,-2.231,0.5713,0.001264,3.922e-06,3.922e-06,0.003922,-5.882e-05,3.663e-06,0.01961
41.686783,-2.168,0.5762,0.001167,3.922e-06,3.922e-06,0.003922,-5.882e-05,3.663e-06,0.01961
41.696781,-2.09,0.5811,0.001077,3.922e-06,3.922e-06,0.003922,-5.882e-05,3.663e-06,0.01961
41.706779,-2.026,0.5811,0.0009836,3.922e-06,3.922e-06,0.003922,-5.882e-05,3.663e-06,0.01961
41.716782,-1.973,0.5566,0.0009135,3.922e-06,3.922e-06,0.003922,-5.882e-05,3.663e-06,0.01961
41.726784,-1.919,0.542,0.000823,3.922e-06,3.922e-06,0.003922,-5.882e-05,3.663e-06,0.01961
41.736782,-1.895,0.5176,0.0007413,3.922e-06,3.922e-06,0.003922,-5.882e-05,3.663e-06,0.01961
41.746784,-1.865,0.498,0.0006625,3.922e-06,3.922e-06,0.003922,-5.882e-05,3.663e-06,0.01961
41.756783,-1.836,0.4834,0.0005808,3.922e-06,3.922e-06,0.003922,-5.882e-05,3.663e-06,0.01961
41.766781,-1.812,0.4541,0.0005078,3.922e-06,3.922e-06,0.003922,-5.882e-05,3.663e-06,0.01961
41.776783,-1.792,0.4248,0.0004495,3.922e-06,3.922e-06,0.003922,-5.882e-05,3.663e-06,0.01961
41.786781,-1.816,0.3955,0.0003794,3.922e-06,3.922e-06,0.003922,-5.882e-05,3.663e-06,0.01961
41.796783,-1.821,0.3613,0.000321,3.922e-06,3.922e-06,0.003922,-5.882e-05,3.663e-06,0.01961
41.806782,-1.831,0.3223,0.0002714,3.922e-06,3.922e-06,0.003922,-5.882e-05,3.663e-06,0.01961
41.816784,-1.86,0.2881,0.000216,3.922e-06,3.922e-06,0.003922,-5.882e-05,3.663e-06,0.01961
41.826782,-1.895,0.2441,0.0001926,3.922e-06,3.922e-06,0.003922,-5.882e-05,3.663e-06,0.01961
41.836781,-1.934,0.1807,0.000178,3.922e-06,3.922e-06,0.003922,-5.882e-05,3.663e-06,0.01961
41.846783,-1.987,0.1318,0.0001634,3.922e-06,3.922e-06,0.003922,-5.882e-05,3.663e-06,0.01961
41.856781,-2.046,0.09277,0.0001401,3.922e-06,3.922e-06,0.003922,-5.882e-05,3.663e-06,0.01961
41.866783,-2.129,0.05371,0.0001255,3.922e-06,3.922e-06,0.003922,-5.882e-05,3.663e-06,0.01961
41.876781,-2.168,-0.004883,0.000143,3.922e-06,3.922e-06,0.003922,-5.882e-05,3.663e-06,0.01961
41.886784,-2.251,-0.04883,0.0001518,3.922e-06,3.922e-06,0.003922,-5.882e-05,3.663e-06,0.01961
41.896782,-2.334,-0.1074,0.000178,3.922e-06,3.922e-06,0.003922,-5.882e-05,3.663e-06,0.01961
41.906784,-2.422,-0.1514,0.0002043,3.922e-06,3.922e-06,0.003922,-5.882e-05,3.663e-06,0.01961
41.916782,-2.529,-0.21,0.0002481,3.922e-06,3.922e-06,0.003922,-5.882e-05,3.663e-06,0.01961
41.926781,-2.598,-0.2539,0.0002977,3.922e-06,3.922e-06,0.003922,-5.882e-05,3.663e-06,0.01961
41.936783,-2.71,-0.293,0.0003415,3.922e-06,3.922e-06,0.003922,-5.882e-05,3.663e-06,0.01961
41.946781,-2.812,-0.332,0.0003969,3.922e-06,3.922e-06,0.003922,-5.882e-05,3.663e-06,0.01961
41.956783,-2.91,-0.376,0.000467,3.922e-06,3.922e-06,0.003922,-5.882e-05,3.663e-06,0.01961
41.966782,-3.003,-0.4346,0.0005487,3.922e-06,3.922e-06,0.003922,-5.882e-05,3.663e-06,0.01961
41.976784,-3.11,-0.4395,0.0006012,3.922e-06,3.922e-06,0.003922,-5.882e-05,3.663e-06,0.01961
41.986782,-3.223,-0.4736,0.00068,3.922e-06,3.922e-06,0.003922,-5.882e-05,3.663e-06,0.01961
41.996784,-3.32,-0.5078,0.0007763,3.922e-06,3.922e-06,0.003922,-5.882e-05,3.663e-06,0.01961
42.006783,-3.408,-0.5273,0.0008639,3.922e-06,3.922e-06,0.003922,-5.882e-05,3.663e-06,0.01961
42.016781,-3.521,-0.5469,0.0009515,3.922e-06,3.922e-06,0.003922,-5.882e-05,3.663e-06,0.01961
42.026783,-3.594,-0.5566,0.001051,3.922e-06,3.922e-06,0.003922,-5.882e-05,3.663e-06,0.01961
42.036781,-3.691,-0.5811,0.001159,3.922e-06,3.922e-06,0.003922,-5.882e-05,3.663e-06,0.01961
42.04678,-3.779,-0.5811,0.001252,3.922e-06,3.922e-06,0.003922,-5.882e-05,3.663e-06,0.01961
42.056782,-3.857,-0.5859,0.001348,3.922e-06,3.922e-06,0.003922,-5.882e-05,3.663e-06,0.01961
42.066784,-3.931,-0.5811,0.001436,3.922e-06,3.922e-06,0.003922,-5.882e-05,3.663e-06,0.01961
42.076782,-3.984,-0.5762,0.001544,3.922e-06,3.922e-06,0.003922,-5.882e-05,3.663e-06,0.01961
42.086784,-4.043,-0.5713,0.001643,3.922e-06,3.922e-06,0.003922,-5.882e-05,3.663e-06,0.01961
42.096783,-4.092,-0.5469,0.001734,3.922e-06,3.922e-06,0.003922,-5.882e-05,3.663e-06,0.01961
42.106781,-4.131,-0.5371,0.001833,3.922e-06,3.922e-06,0.003922,-5.882e-05,3.663e-06,0.01961
42.116783,-4.17,-0.5176,0.001915,3.922e-06,3.922e-06,0.003922,-5.882e-05,3.663e-06,0.01961
42.126781,-4.199,-0.4785,0.001993,3.922e-06,3.922e-06,0.003922,-5.882e-05,3.663e-06,0.01961
42.136784,-4.219,-0.4492,0.002069,3.922e-06,3.922e-06,0.003922,-5.882e-05,3.663e-06,0.01961
42.146782,-4.219,-0.4199,0.002148,3.922e-06,3.922e-06,0.003922,-5.882e-05,3.663e-06,0.01961
42.156784,-4.214,-0.3857,0.002215,3.922e-06,3.922e-06,0.003922,-5.882e-05,3.663e-06,0.01961
42.166782,-4.209,-0.3467,0.002268,3.922e-06,3.922e-06,0.003922,-5.882e-05,3.663e-06,0.01961
42.176781,-4.175,-0.3027,0.002326,3.922e-06,3.922e-06,0.003922,-5.882e-05,3.663e-06,0.01961
42.186783,-4.16,-0.2637,0.002376,3.922e-06,3.922e-06,0.003922,-5.882e-05,3.663e-06,0.01961
42.196781,-4.106,-0.21,0.002405,3.922e-06,3.922e-06,0.003922,-5.882e-05,3.663e-06,0.01961
42.206783,-4.062,-0.1562,0.00244,3.922e-06,3.922e-06,0.003922,-5.882e-05,3.663e-06,0.01961
42.216782,-4.028,-0.1025,0.002449,3.922e-06,3.922e-06,0.003922,-5.882e-05,3.663e-06,0.01961
42.226784,-3.95,-0.03418,0.002449,3.922e-06,3.922e-06,0.003922,-5.882e-05,3.663e-06,0.01961
42.236782,-3.892,0.004883,0.002463,3.922e-06,3.922e-06,0.003922,-5.882e-05,3.663e-06,0.01961
42.24678,-3.813,0.05859,0.002457,3.922e-06,3.922e-06,0.003922,-5.882e-05,3.663e-06,0.01961
42.256783,-3.726,0.127,0.002431,3.922e-06,3.922e-06,0.003922,-5.882e-05,3.663e-06,0.01961
42.266785,-3.647,0.166,0.00242,3.922e-06,3.922e-06,0.003922,-5.882e-05,3.663e-06,0.01961
42.276783,-3.53,0.2295,0.002382,3.922e-06,3.922e-06,0.003922,-5.882e-05,3.663e-06,0.01961
42.286781,-3.428,0.2637,0.002352,3.922e-06,3.922e-06,0.003922,-5.882e-05,3.663e-06,0.01961
42.296783,-3.335,0.3174,0.002303,3.922e-06,3.922e-06,0.003922,-5.882e-05,3.663e-06,0.01961
42.306782,-3.223,0.3711,0.002244,3.922e-06,3.922e-06,0.003922,-5.882e-05,3.663e-06,0.01961
42.316784,-3.13,0.415,0.002183,3.922e-06,3.922e-06,0.003922,-5.882e-05,3.663e-06,0.01961
42.326782,-3.003,0.4639,0.00211,3.922e-06,3.922e-06,0.003922,-5.882e-05,3.663e-06,0.01961
42.336781,-2.896,0.498,0.002031,3.922e-06,3.922e-06,0.003922,-5.882e-05,3.663e-06,0.01961
42.346783,-2.783,0.5371,0.001944,3.922e-06,3.922e-06,0.003922,-5.882e-05,3.663e-06,0.01961
42.356781,-2.661,0.5713,0.001859,3.922e-06,3.922e-06,0.003922,-5.882e-05,3.663e-06,0.01961
42.366783,-2.578,0.6055,0.001748,3.922e-06,3.922e-06,0.003922,-5.882e-05,3.663e-06,0.01961
42.376781,-2.446,0.6348,0.001658,3.922e-06,3.922e-06,0.003922,-5.882e-05,3.663e-06,0.01961
42.386784,-2.349,0.6396,0.00157,3.922e-06,3.922e-06,0.003922,-5.882e-05,3.663e-06,0.01961
42.396782,-2.246,0.6592,0.001462,3.922e-06,3.922e-06,0.003922,-5.882e-05,3.663e-06,0.01961
42.406784,-2.148,0.6787,0.001351,3.922e-06,3.922e-06,0.003922,-5.882e-05,3.663e-06,0.01961
42.416782,-2.065,0.6836,0.001235,3.922e-06,3.922e-06,0.003922,-5.882e-05,3.663e-06,0.01961
42.426781,-1.963,0.6885,0.001135,3.922e-06,3.922e-06,0.003922,-5.882e-05,3.663e-06,0.01961
42.436783,-1.899,0.6836,0.001024,3.922e-06,3.922e-06,0.003922,-5.882e-05,3.663e-06,0.01961
42.446781,-1.826,0.6787,0.0009135,3.922e-06,3.922e-06,0.003922,-5.882e-05,3.663e-06,0.01961
42.456783,-1.763,0.6689,0.0008085,3.922e-06,3.922e-06,0.003922,-5.882e-05,3.663e-06,0.01961
42.466782,-1.714,0.6445,0.0007151,3.922e-06,3.922e-06,0.003922,-5.882e-05,3.663e-06,0.01961
42.476784,-1.655,0.6348,0.0006071,3.922e-06,3.922e-06,0.003922,-5.882e-05,3.663e-06,0.01961
42.486782,-1.621,0.5957,0.0005224,3.922e-06,3.922e-06,0.003922,-5.882e-05,3.663e-06,0.01961
42.49678,-1.602,0.5713,0.0004261,3.922e-06,3.922e-06,0.003922,-5.882e-05,3.663e-06,0.01961
42.506783,-1.562,0.5371,0.0003473,3.922e-06,3.922e-06,0.003922,-5.882e-05,3.663e-06,0.01961
42.516781,-1.572,0.5078,0.000251,3.922e-06,3.922e-06,0.003922,-5.882e-05,3.663e-06,0.01961
42.526783,-1.548,0.4688,0.0001839,3.922e-06,3.922e-06,0.003922,-5.882e-05,3.663e-06,0.01961
42.536781,-1.548,0.415,0.0001255,3.922e-06,3.922e-06,0.003922,-5.882e-05,3.663e-06,0.01961
42.546783,-1.558,0.376,6.713e-05,3.922e-06,3.922e-06,0.003922,-5.882e-05,3.663e-06,0.01961
42.556782,-1.572,0.332,8.756e-06,3.922e-06,3.922e-06,0.003922,-5.882e-05,3.663e-06,0.01961
42.566784,-1.621,0.2588,-1.167e-05,3.922e-06,3.922e-06,0.003922,-5.882e-05,3.663e-06,0.01961
42.576782,-1.68,0.2148,-4.962e-05,3.922e-06,3.922e-06,0.003922,-5.882e-05,3.663e-06,0.01961
42.586781,-1.753,0.1514,-7.005e-05,3.922e-06,3.922e-06,0.003922,-5.882e-05,3.663e-06,0.01961
42.596783,-1.821,0.09766,-8.172e-05,3.922e-06,3.922e-06,0.003922,-5.882e-05,3.663e-06,0.01961
42.606781,-1.895,0.04395,-9.048e-05,3.922e-06,3.922e-06,0.003922,-5.882e-05,3.663e-06,0.01961
42.616783,-1.987,-0.02441,-7.588e-05,3.922e-06,3.922e-06,0.003922,-5.882e-05,3.663e-06,0.01961
42.626781,-2.08,-0.07812,-6.421e-05,3.922e-06,3.922e-06,0.003922,-5.882e-05,3.663e-06,0.01961
42.636784,-2.188,-0.1172,-5.837e-05,3.922e-06,3.922e-06,0.003922,-5.882e-05,3.663e-06,0.01961
42.646782,-2.295,-0.1807,-1.751e-05,3.922e-06,3.922e-06,0.003922,-5.882e-05,3.663e-06,0.01961
42.656784,-2.402,-0.2441,2.627e-05,3.922e-06,3.922e-06,0.003922,-5.882e-05,3.663e-06,0.01961
42.666782,-2.529,-0.3076,8.464e-05,3.922e-06,3.922e-06,0.003922,-5.882e-05,3.663e-06,0.01961
42.676781,-2.637,-0.3613,0.0001576,3.922e-06,3.922e-06,0.003922,-5.882e-05,3.663e-06,0.01961
42.686783,-2.769,-0.415,0.0002189,3.922e-06,3.922e-06,0.003922,-5.882e-05,3.663e-06,0.01961
42.696781,-2.886,-0.459,0.0003035,3.922e-06,3.922e-06,0.003922,-5.882e-05,3.663e-06,0.01961
42.706783,-3.013,-0.4883,0.0003736,3.922e-06,3.922e-06,0.003922,-5.882e-05,3.663e-06,0.01961
42.716782,-3.154,-0.5322,0.000467,3.922e-06,3.922e-06,0.003922,-5.882e-05,3.663e-06,0.01961
42.726784,-3.262,-0.5713,0.0005691,3.922e-06,3.922e-06,0.003922,-5.882e-05,3.663e-06,0.01961
42.736782,-3.394,-0.6152,0.0006771,3.922e-06,3.922e-06,0.003922,-5.882e-05,3.663e-06,0.01961
42.74678,-3.501,-0.6396,0.0007822,3.922e-06,3.922e-06,0.003922,-5.882e-05,3.663e-06,0.01961
42.756783,-3.613,-0.6641,0.0008989,3.922e-06,3.922e-06,0.003922,-5.882e-05,3.663e-06,0.01961
42.766781,-3.735,-0.6934,0.001022,3.922e-06,3.922e-06,0.003922,-5.882e-05,3.663e-06,0.01961
42.776783,-3.833,-0.6934,0.001129,3.922e-06,3.922e-06,0.003922,-5.882e-05,3.663e-06,0.01961
42.786781,-3.936,-0.708,0.001246,3.922e-06,3.922e-06,0.003922,-5.882e-05,3.663e-06,0.01961
42.796783,-4.028,-0.7129,0.001372,3.922e-06,3.922e-06,0.003922,-5.882e-05,3.663e-06,0.01961
42.806782,-4.116,-0.7031,0.001488,3.922e-06,3.922e-06,0.003922,-5.882e-05,3.663e-06,0.01961
42.816784,-4.214,-0.6885,0.001594,3.922e-06,3.922e-06,0.003922,-5.882e-05,3.663e-06,0.01961
42.826782,-4.253,-0.6885,0.001725,3.922e-06,3.922e-06,0.003922,-5.882e-05,3.663e-06,0.01961
42.836781,-4.331,-0.6641,0.00183,3.922e-06,3.922e-06,0.003922,-5.882e-05,3.663e-06,0.01961
42.846783,-4.38,-0.6494,0.001947,3.922e-06,3.922e-06,0.003922,-5.882e-05,3.663e-06,0.01961
42.856781,-4.414,-0.6201,0.002049,3.922e-06,3.922e-06,0.003922,-5.882e-05,3.663e-06,0.01961
42.866783,-4.458,-0.5908,0.002148,3.922e-06,3.922e-06,0.003922,-5.882e-05,3.663e-06,0.01961
42.876781,-4.458,-0.5469,0.002247,3.922e-06,3.922e-06,0.003922,-5.882e-05,3.663e-06,0.01961
42.886784,-4.468,-0.5078,0.002332,3.922e-06,3.922e-06,0.003922,-5.882e-05,3.663e-06,0.01961
42.896782,-4.478,-0.4688,0.002411,3.922e-06,3.922e-06,0.003922,-5.882e-05,3.663e-06,0.01961
42.90678,-4.468,-0.415,0.002484,3.922e-06,3.922e-06,0.003922,-5.882e-05,3.663e-06,0.01961
42.916782,-4.458,-0.3564,0.002536,3.922e-06,3.922e-06,0.003922,-5.882e-05,3.663e-06,0.01961
42.926781,-4.395,-0.3125,0.002609,3.922e-06,3.922e-06,0.003922,-5.882e-05,3.663e-06,0.01961
42.936783,-4.365,-0.249,0.002635,3.922e-06,3.922e-06,0.003922,-5.882e-05,3.663e-06,0.01961
42.946785,-4.297,-0.1904,0.002671,3.922e-06,3.922e-06,0.003922,-5.882e-05,3.663e-06,0.01961
42.956783,-4.229,-0.1318,0.002708,3.922e-06,3.922e-06,0.003922,-5.882e-05,3.663e-06,0.01961
42.966785,-4.15,-0.09277,0.002735,3.922e-06,3.922e-06,0.003922,-5.882e-05,3.663e-06,0.01961
42.976784,-4.072,0.01465,0.002711,3.922e-06,3.922e-06,0.003922,-5.882e-05,3.663e-06,0.01961
42.986782,-3.989,0.06348,0.002714,3.922e-06,3.922e-06,0.003922,-5.882e-05,3.663e-06,0.01961
42.99678,-3.882,0.1318,0.002694,3.922e-06,3.922e-06,0.003922,-5.882e-05,3.663e-06,0.01961
43.006783,-3.765,0.2002,0.002668,3.922e-06,3.922e-06,0.003922,-5.882e-05,3.663e-06,0.01961
43.016785,-3.662,0.2686,0.002609,3.922e-06,3.922e-06,0.003922,-5.882e-05,3.663e-06,0.01961
43.026783,-3.54,0.332,0.002571,3.922e-06,3.922e-06,0.003922,-5.882e-05,3.663e-06,0.01961
43.036781,-3.413,0.376,0.002519,3.922e-06,3.922e-06,0.003922,-5.882e-05,3.663e-06,0.01961
43.046783,-3.281,0.4395,0.002455,3.922e-06,3.922e-06,0.003922,-5.882e-05,3.663e-06,0.01961
43.056782,-3.145,0.498,0.002373,3.922e-06,3.922e-06,0.003922,-5.882e-05,3.663e-06,0.01961
43.066784,-3.018,0.5273,0.002306,3.922e-06,3.922e-06,0.003922,-5.882e-05,3.663e-06,0.01961
43.076782,-2.876,0.6104,0.002186,3.922e-06,3.922e-06,0.003922,-5.882e-05,3.663e-06,0.01961
43.086784,-2.759,0.6494,0.002087,3.922e-06,3.922e-06,0.003922,-5.882e-05,3.663e-06,0.01961
43.096783,-2.622,0.6885,0.001982,3.922e-06,3.922e-06,0.003922,-5.882e-05,3.663e-06,0.01961
43.106781,-2.476,0.7324,0.001862,3.922e-06,3.922e-06,0.003922,-5.882e-05,3.663e-06,0.01961
43.116783,-2.349,0.7324,0.001757,3.922e-06,3.922e-06,0.003922,-5.882e-05,3.663e-06,0.01961
43.126781,-2.222,0.7764,0.001626,3.922e-06,3.922e-06,0.003922,-5.882e-05,3.663e-06,0.01961
43.136784,-2.109,0.791,0.001503,3.922e-06,3.922e-06,0.003922,-5.882e-05,3.663e-06,0.01961
43.146782,-1.982,0.8105,0.001375,3.922e-06,3.922e-06,0.003922,-5.882e-05,3.663e-06,0.01961
43.15678,-1.87,0.8252,0.001243,3.922e-06,3.922e-06,0.003922,-5.882e-05,3.663e-06,0.01961
43.166782,-1.787,0.8252,0.001112,3.922e-06,3.922e-06,0.003922,-5.882e-05,3.663e-06,0.01961
43.176785,-1.685,0.835,0.0009719,3.922e-06,3.922e-06,0.003922,-5.882e-05,3.663e-06,0.01961
43.186783,-1.606,0.8203,0.0008435,3.922e-06,3.922e-06,0.003922,-5.882e-05,3.663e-06,0.01961
43.196781,-1.504,0.8008,0.000718,3.922e-06,3.922e-06,0.003922,-5.882e-05,3.663e-06,0.01961
43.206783,-1.406,0.791,0.0005896,3.922e-06,3.922e-06,0.003922,-5.882e-05,3.663e-06,0.01961
43.216782,-1.333,0.7568,0.0004757,3.922e-06,3.922e-06,0.003922,-5.882e-05,3.663e-06,0.01961
43.226784,-1.221,0.7324,0.0003648,3.922e-06,3.922e-06,0.003922,-5.882e-05,3.663e-06,0.01961
43.236782,-1.147,0.6934,0.0002598,3.922e-06,3.922e-06,0.003922,-5.882e-05,3.663e-06,0.01961
43.246784,-1.055,0.6641,0.0001518,3.922e-06,3.922e-06,0.003922,-5.882e-05,3.663e-06,0.01961
43.256786,-0.9766,0.6201,6.129e-05,3.922e-06,3.922e-06,0.003922,-5.882e-05,3.663e-06,0.01961
43.266781,-0.9082,0.5811,-3.21e-05,3.922e-06,3.922e-06,0.003922,-5.882e-05,3.663e-06,0.01961
43.276783,-0.8252,0.5371,-0.0001167,3.922e-06,3.922e-06,0.003922,-5.882e-05,3.663e-06,0.01961
43.286781,-0.7764,0.4883,-0.0002014,3.922e-06,3.922e-06,0.003922,-5.882e-05,3.663e-06,0.01961
43.296783,-0.7227,0.4443,-0.0002714,3.922e-06,3.922e-06,0.003922,-5.882e-05,3.663e-06,0.01961
43.306782,-0.6641,0.4004,-0.000324,3.922e-06,3.922e-06,0.003922,-5.882e-05,3.663e-06,0.01961
43.31678,-0.6299,0.332,-0.0003648,3.922e-06,3.922e-06,0.003922,-5.882e-05,3.663e-06,0.01961
43.326782,-0.6006,0.2979,-0.0004232,3.922e-06,3.922e-06,0.003922,-5.882e-05,3.663e-06,0.01961
43.336781,-0.6006,0.2393,-0.0004553,3.922e-06,3.922e-06,0.003922,-5.882e-05,3.663e-06,0.01961
43.346783,-0.6104,0.1904,-0.0004816,3.922e-06,3.922e-06,0.003922,-5.882e-05,3.663e-06,0.01961
43.356785,-0.6201,0.1416,-0.0004991,3.922e-06,3.922e-06,0.003922,-5.882e-05,3.663e-06,0.01961
43.366783,-0.6396,0.06836,-0.0004962,3.922e-06,3.922e-06,0.003922,-5.882e-05,3.663e-06,0.01961
43.376781,-0.6934,0.03418,-0.0005078,3.922e-06,3.922e-06,0.003922,-5.882e-05,3.663e-06,0.01961
43.386784,-0.7568,-0.02441,-0.0005049,3.922e-06,3.922e-06,0.003922,-5.882e-05,3.663e-06,0.01961
43.396782,-0.8301,-0.08301,-0.0004786,3.922e-06,3.922e-06,0.003922,-5.882e-05,3.663e-06,0.01961
43.40678,-0.9229,-0.127,-0.0004553,3.922e-06,3.922e-06,0.003922,-5.882e-05,3.663e-06,0.01961
43.416782,-1.03,-0.1855,-0.0004203,3.922e-06,3.922e-06,0.003922,-5.882e-05,3.663e-06,0.01961
43.426781,-1.172,-0.2246,-0.0003823,3.922e-06,3.922e-06,0.003922,-5.882e-05,3.663e-06,0.01961
43.436783,-1.343,-0.2832,-0.0003298,3.922e-06,3.922e-06,0.003922,-5.882e-05,3.663e-06,0.01961
43.446781,-1.514,-0.3223,-0.0002831,3.922e-06,3.922e-06,0.003922,-5.882e-05,3.663e-06,0.01961
43.456783,-1.709,-0.3662,-0.0002218,3.922e-06,3.922e-06,0.003922,-5.882e-05,3.663e-06,0.01961
43.466782,-1.934,-0.415,-0.0001605,3.922e-06,3.922e-06,0.003922,-5.882e-05,3.663e-06,0.01961
43.476784,-2.114,-0.459,-7.296e-05,3.922e-06,3.922e-06,0.003922,-5.882e-05,3.663e-06,0.01961
43.486782,-2.305,-0.5225,2.335e-05,3.922e-06,3.922e-06,0.003922,-5.882e-05,3.663e-06,0.01961
43.496784,-2.495,-0.5615,0.0001197,3.922e-06,3.922e-06,0.003922,-5.882e-05,3.663e-06,0.01961
43.506783,-2.671,-0.6104,0.0002277,3.922e-06,3.922e-06,0.003922,-5.882e-05,3.663e-06,0.01961
43.516781,-2.852,-0.6592,0.0003444,3.922e-06,3.922e-06,0.003922,-5.882e-05,3.663e-06,0.01961
43.526783,-3.013,-0.6885,0.0004553,3.922e-06,3.922e-06,0.003922,-5.882e-05,3.663e-06,0.01961
43.536781,-3.184,-0.7227,0.000572,3.922e-06,3.922e-06,0.003922,-5.882e-05,3.663e-06,0.01961
43.546783,-3.34,-0.7471,0.0006975,3.922e-06,3.922e-06,0.003922,-5.882e-05,3.663e-06,0.01961
43.556782,-3.491,-0.7617,0.000826,3.922e-06,3.922e-06,0.003922,-5.882e-05,3.663e-06,0.01961
43.566784,-3.633,-0.7861,0.0009485,3.922e-06,3.922e-06,0.003922,-5.882e-05,3.663e-06,0.01961
43.576782,-3.774,-0.7812,0.001077,3.922e-06,3.922e-06,0.003922,-5.882e-05,3.663e-06,0.01961
43.586781,-3.901,-0.8057,0.001223,3.922e-06,3.922e-06,0.003922,-5.882e-05,3.663e-06,0.01961
43.596783,-4.019,-0.8057,0.001357,3.922e-06,3.922e-06,0.003922,-5.882e-05,3.663e-06,0.01961
43.606781,-4.116,-0.8008,0.001491,3.922e-06,3.922e-06,0.003922,-5.882e-05,3.663e-06,0.01961
43.616783,-4.238,-0.8057,0.001631,3.922e-06,3.922e-06,0.003922,-5.882e-05,3.663e-06,0.01961
43.626781,-4.312,-0.7861,0.001766,3.922e-06,3.922e-06,0.003922,-5.882e-05,3.663e-06,0.01961
43.63678,-4.39,-0.7471,0.001871,3.922e-06,3.922e-06,0.003922,-5.882e-05,3.663e-06,0.01961
43.646782,-4.448,-0.7227,0.001999,3.922e-06,3.922e-06,0.003922,-5.882e-05,3.663e-06,0.01961
43.65678,-4.502,-0.6885,0.002119,3.922e-06,3.922e-06,0.003922,-5.882e-05,3.663e-06,0.01961
43.666782,-4.531,-0.6689,0.002239,3.922e-06,3.922e-06,0.003922,-5.882e-05,3.663e-06,0.01961
43.676781,-4.565,-0.6201,0.002338,3.922e-06,3.922e-06,0.003922,-5.882e-05,3.663e-06,0.01961
43.686783,-4.59,-0.5811,0.002431,3.922e-06,3.922e-06,0.003922,-5.882e-05,3.663e-06,0.01961
43.696781,-4.585,-0.5176,0.002513,3.922e-06,3.922e-06,0.003922,-5.882e-05,3.663e-06,0.01961
43.706783,-4.575,-0.4639,0.002606,3.922e-06,3.922e-06,0.003922,-5.882e-05,3.663e-06,0.01961
43.716782,-4.556,-0.4199,0.002682,3.922e-06,3.922e-06,0.003922,-5.882e-05,3.663e-06,0.01961
43.726784,-4.517,-0.3516,0.002732,3.922e-06,3.922e-06,0.003922,-5.882e-05,3.663e-06,0.01961
43.736782,-4.473,-0.2832,0.002773,3.922e-06,3.922e-06,0.003922,-5.882e-05,3.663e-06,0.01961
43.74678,-4.414,-0.21,0.002808,3.922e-06,3.922e-06,0.003922,-5.882e-05,3.663e-06,0.01961
43.756783,-4.336,-0.1416,0.00284,3.922e-06,3.922e-06,0.003922,-5.882e-05,3.663e-06,0.01961
43.766781,-4.258,-0.08301,0.002863,3.922e-06,3.922e-06,0.003922,-5.882e-05,3.663e-06,0.01961
43.776783,-4.16,-0.004883,0.002863,3.922e-06,3.922e-06,0.003922,-5.882e-05,3.663e-06,0.01961
43.786781,-4.077,0.06836,0.002849,3.922e-06,3.922e-06,0.003922,-5.882e-05,3.663e-06,0.01961
43.796783,-3.96,0.1416,0.002834,3.922e-06,3.922e-06,0.003922,-5.882e-05,3.663e-06,0.01961
43.806782,-3.848,0.2197,0.002796,3.922e-06,3.922e-06,0.003922,-5.882e-05,3.663e-06,0.01961
43.81678,-3.716,0.2734,0.002767,3.922e-06,3.922e-06,0.003922,-5.882e-05,3.663e-06,0.01961
43.826782,-3.584,0.3564,0.002711,3.922e-06,3.922e-06,0.003922,-5.882e-05,3.663e-06,0.01961
43.836784,-3.457,0.415,0.002641,3.922e-06,3.922e-06,0.003922,-5.882e-05,3.663e-06,0.01961
43.846783,-3.315,0.4834,0.002563,3.922e-06,3.922e-06,0.003922,-5.882e-05,3.663e-06,0.01961
43.856781,-3.154,0.5518,0.002478,3.922e-06,3.922e-06,0.003922,-5.882e-05,3.663e-06,0.01961
43.866783,-3.032,0.6006,0.002384,3.922e-06,3.922e-06,0.003922,-5.882e-05,3.663e-06,0.01961
43.876781,-2.876,0.6494,0.002294,3.922e-06,3.922e-06,0.003922,-5.882e-05,3.663e-06,0.01961
43.886784,-2.72,0.7031,0.002174,3.922e-06,3.922e-06,0.003922,-5.882e-05,3.663e-06,0.01961
43.896782,-2.583,0.7471,0.002058,3.922e-06,3.922e-06,0.003922,-5.882e-05,3.663e-06,0.01961
43.906784,-2.422,0.791,0.001935,3.922e-06,3.922e-06,0.003922,-5.882e-05,3.663e-06,0.01961
43.916782,-2.285,0.8154,0.001804,3.922e-06,3.922e-06,0.003922,-5.882e-05,3.663e-06,0.01961
43.926785,-2.144,0.8643,0.001661,3.922e-06,3.922e-06,0.003922,-5.882e-05,3.663e-06,0.01961
43.936783,-2.012,0.8691,0.001529,3.922e-06,3.922e-06,0.003922,-5.882e-05,3.663e-06,0.01961
43.946781,-1.89,0.8887,0.001383,3.922e-06,3.922e-06,0.003922,-5.882e-05,3.663e-06,0.01961
43.956783,-1.758,0.8984,0.001246,3.922e-06,3.922e-06,0.003922,-5.882e-05,3.663e-06,0.01961
43.966782,-1.66,0.9033,0.0011,3.922e-06,3.922e-06,0.003922,-5.882e-05,3.663e-06,0.01961
43.976784,-1.533,0.9033,0.0009631,3.922e-06,3.922e-06,0.003922,-5.882e-05,3.663e-06,0.01961
43.986782,-1.426,0.8936,0.0008114,3.922e-06,3.922e-06,0.003922,-5.882e-05,3.663e-06,0.01961
43.996784,-1.309,0.8838,0.0006742,3.922e-06,3.922e-06,0.003922,-5.882e-05,3.663e-06,0.01961
44.006783,-1.182,0.8691,0.0005341,3.922e-06,3.922e-06,0.003922,-5.882e-05,3.663e-06,0.01961
44.016781,-1.069,0.8496,0.0003853,3.922e-06,3.922e-06,0.003922,-5.882e-05,3.663e-06,0.01961
44.026783,-0.9326,0.8203,0.0002656,3.922e-06,3.922e-06,0.003922,-5.882e-05,3.663e-06,0.01961
44.036781,-0.8057,0.7812,0.0001459,3.922e-06,3.922e-06,0.003922,-5.882e-05,3.663e-06,0.01961
44.046783,-0.6787,0.7422,3.21e-05,3.922e-06,3.922e-06,0.003922,-5.882e-05,3.663e-06,0.01961
44.056782,-0.5322,0.7031,-7.296e-05,3.922e-06,3.922e-06,0.003922,-5.882e-05,3.663e-06,0.01961
44.066784,-0.415,0.6445,-0.0001664,3.922e-06,3.922e-06,0.003922,-5.882e-05,3.663e-06,0.01961
44.076782,-0.2881,0.625,-0.0002743,3.922e-06,3.922e-06,0.003922,-5.882e-05,3.663e-06,0.01961
44.086781,-0.1904,0.5811,-0.0003707,3.922e-06,3.922e-06,0.003922,-5.882e-05,3.663e-06,0.01961
44.096783,-0.06836,0.542,-0.0004495,3.922e-06,3.922e-06,0.003922,-5.882e-05,3.663e-06,0.01961
44.106781,0.03906,0.498,-0.0005312,3.922e-06,3.922e-06,0.003922,-5.882e-05,3.663e-06,0.01961
44.116783,0.1318,0.4492,-0.0006041,3.922e-06,3.922e-06,0.003922,-5.882e-05,3.663e-06,0.01961
44.126781,0.2393,0.4053,-0.0006538,3.922e-06,3.922e-06,0.003922,-5.882e-05,3.663e-06,0.01961
44.136784,0.332,0.3467,-0.0007034,3.922e-06,3.922e-06,0.003922,-5.882e-05,3.663e-06,0.01961
44.146782,0.4297,0.3027,-0.0007472,3.922e-06,3.922e-06,0.003922,-5.882e-05,3.663e-06,0.01961
44.156784,0.5225,0.2588,-0.0007793,3.922e-06,3.922e-06,0.003922,-5.882e-05,3.663e-06,0.01961
44.166782,0.5762,0.2148,-0.0008172,3.922e-06,3.922e-06,0.003922,-5.882e-05,3.663e-06,0.01961
44.176781,0.6592,0.1758,-0.0008318,3.922e-06,3.922e-06,0.003922,-5.882e-05,3.663e-06,0.01961
44.186783,0.7227,0.1416,-0.0008522,3.922e-06,3.922e-06,0.003922,-5.882e-05,3.663e-06,0.01961
44.196781,0.7764,0.1074,-0.0008727,3.922e-06,3.922e-06,0.003922,-5.882e-05,3.663e-06,0.01961
44.206783,0.8301,0.07324,-0.0008727,3.922e-06,3.922e-06,0.003922,-5.882e-05,3.663e-06,0.01961
44.216782,0.874,0.01953,-0.0008639,3.922e-06,3.922e-06,0.003922,-5.882e-05,3.663e-06,0.01961
44.226784,0.9277,0.004883,-0.000861,3.922e-06,3.922e-06,0.003922,-5.882e-05,3.663e-06,0.01961
44.236782,0.9619,-0.03418,-0.0008551,3.922e-06,3.922e-06,0.003922,-5.882e-05,3.663e-06,0.01961
44.24678,0.9961,-0.05859,-0.0008376,3.922e-06,3.922e-06,0.003922,-5.882e-05,3.663e-06,0.01961
44.256783,1.03,-0.06836,-0.000823,3.922e-06,3.922e-06,0.003922,-5.882e-05,3.663e-06,0.01961
44.266781,1.05,-0.09277,-0.0008085,3.922e-06,3.922e-06,0.003922,-5.882e-05,3.663e-06,0.01961
44.276783,1.079,-0.1123,-0.0007793,3.922e-06,3.922e-06,0.003922,-5.882e-05,3.663e-06,0.01961
44.286781,1.094,-0.1318,-0.0007501,3.922e-06,3.922e-06,0.003922,-5.882e-05,3.663e-06,0.01961
44.296783,1.113,-0.1221,-0.0007326,3.922e-06,3.922e-06,0.003922,-5.882e-05,3.663e-06,0.01961
44.306782,1.133,-0.1465,-0.0006946,3.922e-06,3.922e-06,0.003922,-5.882e-05,3.663e-06,0.01961
44.316784,1.143,-0.1611,-0.0006567,3.922e-06,3.922e-06,0.003922,-5.882e-05,3.663e-06,0.01961
44.326782,1.182,-0.1562,-0.0006304,3.922e-06,3.922e-06,0.003922,-5.882e-05,3.663e-06,0.01961
44.336781,1.182,-0.1709,-0.0005925,3.922e-06,3.922e-06,0.003922,-5.882e-05,3.663e-06,0.01961
44.346783,1.191,-0.1611,-0.0005662,3.922e-06,3.922e-06,0.003922,-5.882e-05,3.663e-06,0.01961
44.356781,1.221,-0.1611,-0.0005253,3.922e-06,3.922e-06,0.003922,-5.882e-05,3.663e-06,0.01961
44.366783,1.24,-0.166,-0.0004874,3.922e-06,3.922e-06,0.003922,-5.882e-05,3.663e-06,0.01961
44.376781,1.265,-0.1367,-0.0004728,3.922e-06,3.922e-06,0.003922,-5.882e-05,3.663e-06,0.01961
44.38678,1.289,-0.1318,-0.0004436,3.922e-06,3.922e-06,0.003922,-5.882e-05,3.663e-06,0.01961
44.396782,1.333,-0.1123,-0.0004203,3.922e-06,3.922e-06,0.003922,-5.882e-05,3.663e-06,0.01961
44.406784,1.382,-0.1025,-0.000394,3.922e-06,3.922e-06,0.003922,-5.882e-05,3.663e-06,0.01961
44.416782,1.426,-0.09277,-0.0003677,3.922e-06,3.922e-06,0.003922,-5.882e-05,3.663e-06,0.01961
44.426781,1.484,-0.07324,-0.0003444,3.922e-06,3.922e-06,0.003922,-5.882e-05,3.663e-06,0.01961
44.436783,1.548,-0.05371,-0.0003386,3.922e-06,3.922e-06,0.003922,-5.882e-05,3.663e-06,0.01961
44.446781,1.621,-0.0293,-0.0003298,3.922e-06,3.922e-06,0.003922,-5.882e-05,3.663e-06,0.01961
44.456783,1.704,0.004883,-0.0003269,3.922e-06,3.922e-06,0.003922,-5.882e-05,3.663e-06,0.01961
44.466782,1.797,0.0293,-0.0003269,3.922e-06,3.922e-06,0.003922,-5.882e-05,3.663e-06,0.01961
44.476784,1.914,0.06836,-0.0003356,3.922e-06,3.922e-06,0.003922,-5.882e-05,3.663e-06,0.01961
44.486782,2.031,0.09766,-0.0003473,3.922e-06,3.922e-06,0.003922,-5.882e-05,3.663e-06,0.01961
44.49678,2.144,0.1318,-0.000359,3.922e-06,3.922e-06,0.003922,-5.882e-05,3.663e-06,0.01961
44.506783,2.256,0.1611,-0.0003736,3.922e-06,3.922e-06,0.003922,-5.882e-05,3.663e-06,0.01961
44.516781,2.373,0.1855,-0.0003969,3.922e-06,3.922e-06,0.003922,-5.882e-05,3.663e-06,0.01961
44.526783,2.48,0.2295,-0.000429,3.922e-06,3.922e-06,0.003922,-5.882e-05,3.663e-06,0.01961
44.536781,2.563,0.2588,-0.000467,3.922e-06,3.922e-06,0.003922,-5.882e-05,3.663e-06,0.01961
44.546783,2.676,0.293,-0.0005049,3.922e-06,3.922e-06,0.003922,-5.882e-05,3.663e-06,0.01961
44.556782,2.778,0.332,-0.0005545,3.922e-06,3.922e-06,0.003922,-5.882e-05,3.663e-06,0.01961
44.566784,2.866,0.3564,-0.0006041,3.922e-06,3.922e-06,0.003922,-5.882e-05,3.663e-06,0.01961
44.576782,2.998,0.3955,-0.0006713,3.922e-06,3.922e-06,0.003922,-5.882e-05,3.663e-06,0.01961
44.586781,3.096,0.4199,-0.0007267,3.922e-06,3.922e-06,0.003922,-5.882e-05,3.663e-06,0.01961
44.596783,3.193,0.4443,-0.0008026,3.922e-06,3.922e-06,0.003922,-5.882e-05,3.663e-06,0.01961
44.606781,3.286,0.4736,-0.0008756,3.922e-06,3.922e-06,0.003922,-5.882e-05,3.663e-06,0.01961
44.616783,3.394,0.4785,-0.0009427,3.922e-06,3.922e-06,0.003922,-5.882e-05,3.663e-06,0.01961
44.626781,3.491,0.5127,-0.001027,3.922e-06,3.922e-06,0.003922,-5.882e-05,3.663e-06,0.01961
44.636784,3.564,0.5225,-0.001097,3.922e-06,3.922e-06,0.003922,-5.882e-05,3.663e-06,0.01961
44.646782,3.647,0.5322,-0.001179,3.922e-06,3.922e-06,0.003922,-5.882e-05,3.663e-06,0.01961
44.656784,3.735,0.5566,-0.00127,3.922e-06,3.922e-06,0.003922,-5.882e-05,3.663e-06,0.01961
44.666782,3.804,0.5469,-0.001354,3.922e-06,3.922e-06,0.003922,-5.882e-05,3.663e-06,0.01961
44.676781,3.882,0.5469,-0.001427,3.922e-06,3.922e-06,0.003922,-5.882e-05,3.663e-06,0.01961
44.686783,3.94,0.542,-0.001515,3.922e-06,3.922e-06,0.003922,-5.882e-05,3.663e-06,0.01961
44.696781,4.009,0.542,-0.001596,3.922e-06,3.922e-06,0.003922,-5.882e-05,3.663e-06,0.01961
44.706783,4.058,0.5273,-0.001675,3.922e-06,3.922e-06,0.003922,-5.882e-05,3.663e-06,0.01961
44.716782,4.102,0.5176,-0.001763,3.922e-06,3.922e-06,0.003922,-5.882e-05,3.663e-06,0.01961
44.726784,4.146,0.5029,-0.001827,3.922e-06,3.922e-06,0.003922,-5.882e-05,3.663e-06,0.01961
44.736782,4.175,0.4834,-0.001903,3.922e-06,3.922e-06,0.003922,-5.882e-05,3.663e-06,0.01961
44.746784,4.199,0.4541,-0.00197,3.922e-06,3.922e-06,0.003922,-5.882e-05,3.663e-06,0.01961
44.756783,4.219,0.4395,-0.002037,3.922e-06,3.922e-06,0.003922,-5.882e-05,3.663e-06,0.01961
44.766785,4.219,0.4004,-0.002093,3.922e-06,3.922e-06,0.003922,-5.882e-05,3.663e-06,0.01961
44.776783,4.224,0.3809,-0.002157,3.922e-06,3.922e-06,0.003922,-5.882e-05,3.663e-06,0.01961
44.786781,4.214,0.332,-0.002201,3.922e-06,3.922e-06,0.003922,-5.882e-05,3.663e-06,0.01961
44.79678,4.204,0.2979,-0.002241,3.922e-06,3.922e-06,0.003922,-5.882e-05,3.663e-06,0.01961
44.806782,4.194,0.2588,-0.002274,3.922e-06,3.922e-06,0.003922,-5.882e-05,3.663e-06,0.01961
44.816784,4.141,0.2197,-0.002312,3.922e-06,3.922e-06,0.003922,-5.882e-05,3.663e-06,0.01961
44.826782,4.111,0.1758,-0.002332,3.922e-06,3.922e-06,0.003922,-5.882e-05,3.663e-06,0.01961
44.836781,4.058,0.1318,-0.002352,3.922e-06,3.922e-06,0.003922,-5.882e-05,3.663e-06,0.01961
44.846783,4.009,0.08789,-0.002361,3.922e-06,3.922e-06,0.003922,-5.882e-05,3.663e-06,0.01961
44.856781,3.945,0.05859,-0.00237,3.922e-06,3.922e-06,0.003922,-5.882e-05,3.663e-06,0.01961
44.866783,3.882,0.004883,-0.002361,3.922e-06,3.922e-06,0.003922,-5.882e-05,3.663e-06,0.01961
44.876781,3.833,-0.03906,-0.002344,3.922e-06,3.922e-06,0.003922,-5.882e-05,3.663e-06,0.01961
44.88678,3.75,-0.09277,-0.00232,3.922e-06,3.922e-06,0.003922,-5.882e-05,3.663e-06,0.01961
44.896782,3.672,-0.1318,-0.0023,3.922e-06,3.922e-06,0.003922,-5.882e-05,3.663e-06,0.01961
44.906784,3.594,-0.1758,-0.002262,3.922e-06,3.922e-06,0.003922,-5.882e-05,3.663e-06,0.01961
44.916782,3.506,-0.2344,-0.002212,3.922e-06,3.922e-06,0.003922,-5.882e-05,3.663e-06,0.01961
44.926785,3.418,-0.2441,-0.002177,3.922e-06,3.922e-06,0.003922,-5.882e-05,3.663e-06,0.01961
44.936783,3.32,-0.2979,-0.002119,3.922e-06,3.922e-06,0.003922,-5.882e-05,3.663e-06,0.01961
44.946781,3.223,-0.3467,-0.002058,3.922e-06,3.922e-06,0.003922,-5.882e-05,3.663e-06,0.01961
44.956783,3.149,-0.3564,-0.002005,3.922e-06,3.922e-06,0.003922,-5.882e-05,3.663e-06,0.01961
44.966782,3.057,-0.3955,-0.001935,3.922e-06,3.922e-06,0.003922,-5.882e-05,3.663e-06,0.01961
44.976784,2.964,-0.415,-0.001859,3.922e-06,3.922e-06,0.003922,-5.882e-05,3.663e-06,0.01961
44.986782,2.886,-0.4541,-0.001772,3.922e-06,3.922e-06,0.003922,-5.882e-05,3.663e-06,0.01961
44.996784,2.783,-0.4736,-0.001696,3.922e-06,3.922e-06,0.003922,-5.882e-05,3.663e-06,0.01961
45.006783,2.686,-0.4883,-0.001605,3.922e-06,3.922e-06,0.003922,-5.882e-05,3.663e-06,0.01961
45.016785,2.598,-0.498,-0.001532,3.922e-06,3.922e-06,0.003922,-5.882e-05,3.663e-06,0.01961
45.026779,2.529,-0.5029,-0.001448,3.922e-06,3.922e-06,0.003922,-5.882e-05,3.663e-06,0.01961
45.036781,2.441,-0.5176,-0.001348,3.922e-06,3.922e-06,0.003922,-5.882e-05,3.663e-06,0.01961
45.04678,2.378,-0.5078,-0.001264,3.922e-06,3.922e-06,0.003922,-5.882e-05,3.663e-06,0.01961
45.056782,2.314,-0.5078,-0.001173,3.922e-06,3.922e-06,0.003922,-5.882e-05,3.663e-06,0.01961
45.066784,2.256,-0.5176,-0.00108,3.922e-06,3.922e-06,0.003922,-5.882e-05,3.663e-06,0.01961
45.076782,2.207,-0.498,-0.0009952,3.922e-06,3.922e-06,0.003922,-5.882e-05,3.663e-06,0.01961
45.086781,2.168,-0.498,-0.0009018,3.922e-06,3.922e-06,0.003922,-5.882e-05,3.663e-06,0.01961
45.096783,2.129,-0.4785,-0.000823,3.922e-06,3.922e-06,0.003922,-5.882e-05,3.663e-06,0.01961
45.106781,2.1,-0.4541,-0.0007413,3.922e-06,3.922e-06,0.003922,-5.882e-05,3.663e-06,0.01961
45.116783,2.056,-0.4297,-0.0006742,3.922e-06,3.922e-06,0.003922,-5.882e-05,3.663e-06,0.01961
45.126781,2.061,-0.3906,-0.0006041,3.922e-06,3.922e-06,0.003922,-5.882e-05,3.663e-06,0.01961
45.136784,2.051,-0.3564,-0.0005458,3.922e-06,3.922e-06,0.003922,-5.882e-05,3.663e-06,0.01961
45.146782,2.056,-0.3271,-0.0004786,3.922e-06,3.922e-06,0.003922,-5.882e-05,3.663e-06,0.01961
45.156784,2.07,-0.2979,-0.0004174,3.922e-06,3.922e-06,0.003922,-5.882e-05,3.663e-06,0.01961
45.166782,2.075,-0.2539,-0.0003794,3.922e-06,3.922e-06,0.003922,-5.882e-05,3.663e-06,0.01961
45.176781,2.119,-0.2197,-0.0003356,3.922e-06,3.922e-06,0.003922,-5.882e-05,3.663e-06,0.01961
45.186783,2.148,-0.1709,-0.0003065,3.922e-06,3.922e-06,0.003922,-5.882e-05,3.663e-06,0.01961
45.196781,2.192,-0.1221,-0.0002802,3.922e-06,3.922e-06,0.003922,-5.882e-05,3.663e-06,0.01961
45.206783,2.241,-0.07812,-0.0002568,3.922e-06,3.922e-06,0.003922,-5.882e-05,3.663e-06,0.01961
45.216782,2.285,-0.02441,-0.0002598,3.922e-06,3.922e-06,0.003922,-5.882e-05,3.663e-06,0.01961
45.226784,2.354,0.0293,-0.0002568,3.922e-06,3.922e-06,0.003922,-5.882e-05,3.663e-06,0.01961
45.236782,2.432,0.07324,-0.0002568,3.922e-06,3.922e-06,0.003922,-5.882e-05,3.663e-06,0.01961
45.24678,2.51,0.1318,-0.0002802,3.922e-06,3.922e-06,0.003922,-5.882e-05,3.663e-06,0.01961
45.256783,2.598,0.1807,-0.0003006,3.922e-06,3.922e-06,0.003922,-5.882e-05,3.663e-06,0.01961
45.266781,2.681,0.2197,-0.000324,3.922e-06,3.922e-06,0.003922,-5.882e-05,3.663e-06,0.01961
45.276783,2.783,0.2539,-0.0003473,3.922e-06,3.922e-06,0.003922,-5.882e-05,3.663e-06,0.01961
45.286781,2.871,0.3027,-0.0004028,3.922e-06,3.922e-06,0.003922,-5.882e-05,3.663e-06,0.01961
45.296783,2.974,0.3467,-0.0004553,3.922e-06,3.922e-06,0.003922,-5.882e-05,3.663e-06,0.01961
45.306782,3.076,0.3955,-0.0005195,3.922e-06,3.922e-06,0.003922,-5.882e-05,3.663e-06,0.01961
45.316784,3.174,0.4297,-0.0005925,3.922e-06,3.922e-06,0.003922,-5.882e-05,3.663e-06,0.01961
45.326782,3.281,0.4834,-0.0006654,3.922e-06,3.922e-06,0.003922,-5.882e-05,3.663e-06,0.01961
45.336784,3.369,0.5029,-0.0007355,3.922e-06,3.922e-06,0.003922,-5.882e-05,3.663e-06,0.01961
45.346783,3.472,0.542,-0.000826,3.922e-06,3.922e-06,0.003922,-5.882e-05,3.663e-06,0.01961
45.356781,3.584,0.5615,-0.0008989,3.922e-06,3.922e-06,0.003922,-5.882e-05,3.663e-06,0.01961
45.366783,3.677,0.5811,-0.0009923,3.922e-06,3.922e-06,0.003922,-5.882e-05,3.663e-06,0.01961
45.376781,3.784,0.6104,-0.001094,3.922e-06,3.922e-06,0.003922,-5.882e-05,3.663e-06,0.01961
45.386784,3.857,0.6104,-0.001179,3.922e-06,3.922e-06,0.003922,-5.882e-05,3.663e-06,0.01961
45.396782,3.95,0.6152,-0.001275,3.922e-06,3.922e-06,0.003922,-5.882e-05,3.663e-06,0.01961
45.406784,4.033,0.6348,-0.00138,3.922e-06,3.922e-06,0.003922,-5.882e-05,3.663e-06,0.01961
45.416782,4.102,0.6348,-0.00148,3.922e-06,3.922e-06,0.003922,-5.882e-05,3.663e-06,0.01961
45.426785,4.18,0.6445,-0.001591,3.922e-06,3.922e-06,0.003922,-5.882e-05,3.663e-06,0.01961
45.436783,4.238,0.6299,-0.001678,3.922e-06,3.922e-06,0.003922,-5.882e-05,3.663e-06,0.01961
45.446781,4.297,0.6348,-0.001789,3.922e-06,3.922e-06,0.003922,-5.882e-05,3.663e-06,0.01961
45.456783,4.351,0.6055,-0.001871,3.922e-06,3.922e-06,0.003922,-5.882e-05,3.663e-06,0.01961
45.466782,4.395,0.5811,-0.001958,3.922e-06,3.922e-06,0.003922,-5.882e-05,3.663e-06,0.01961
45.476784,4.424,0.5615,-0.00204,3.922e-06,3.922e-06,0.003922,-5.882e-05,3.663e-06,0.01961
45.486782,4.448,0.5273,-0.002125,3.922e-06,3.922e-06,0.003922,-5.882e-05,3.663e-06,0.01961
45.49678,4.463,0.4883,-0.002198,3.922e-06,3.922e-06,0.003922,-5.882e-05,3.663e-06,0.01961
45.506783,4.463,0.459,-0.002268,3.922e-06,3.922e-06,0.003922,-5.882e-05,3.663e-06,0.01961
45.516781,4.463,0.4102,-0.00232,3.922e-06,3.922e-06,0.003922,-5.882e-05,3.663e-06,0.01961
45.526783,4.458,0.3809,-0.002387,3.922e-06,3.922e-06,0.003922,-5.882e-05,3.663e-06,0.01961
45.536781,4.424,0.3369,-0.00244,3.922e-06,3.922e-06,0.003922,-5.882e-05,3.663e-06,0.01961
45.546783,4.399,0.293,-0.002487,3.922e-06,3.922e-06,0.003922,-5.882e-05,3.663e-06,0.01961
45.556782,4.355,0.2441,-0.002525,3.922e-06,3.922e-06,0.003922,-5.882e-05,3.663e-06,0.01961
45.566784,4.307,0.1855,-0.002542,3.922e-06,3.922e-06,0.003922,-5.882e-05,3.663e-06,0.01961
45.576782,4.243,0.1416,-0.002565,3.922e-06,3.922e-06,0.003922,-5.882e-05,3.663e-06,0.01961
45.586784,4.185,0.07812,-0.002571,3.922e-06,3.922e-06,0.003922,-5.882e-05,3.663e-06,0.01961
45.596783,4.106,0.0293,-0.002568,3.922e-06,3.922e-06,0.003922,-5.882e-05,3.663e-06,0.01961
45.606781,4.033,-0.02441,-0.002563,3.922e-06,3.922e-06,0.003922,-5.882e-05,3.663e-06,0.01961
45.616783,3.94,-0.08301,-0.002548,3.922e-06,3.922e-06,0.003922,-5.882e-05,3.663e-06,0.01961
45.626781,3.862,-0.1318,-0.002519,3.922e-06,3.922e-06,0.003922,-5.882e-05,3.663e-06,0.01961
45.636784,3.76,-0.1855,-0.002487,3.922e-06,3.922e-06,0.003922,-5.882e-05,3.663e-06,0.01961
45.646782,3.667,-0.2295,-0.002449,3.922e-06,3.922e-06,0.003922,-5.882e-05,3.663e-06,0.01961
45.656784,3.569,-0.2881,-0.002393,3.922e-06,3.922e-06,0.003922,-5.882e-05,3.663e-06,0.01961
45.666782,3.447,-0.3369,-0.002338,3.922e-06,3.922e-06,0.003922,-5.882e-05,3.663e-06,0.01961
45.676785,3.35,-0.3711,-0.002277,3.922e-06,3.922e-06,0.003922,-5.882e-05,3.663e-06,0.01961
45.686783,3.228,-0.4248,-0.002189,3.922e-06,3.922e-06,0.003922,-5.882e-05,3.663e-06,0.01961
45.696781,3.101,-0.459,-0.002119,3.922e-06,3.922e-06,0.003922,-5.882e-05,3.663e-06,0.01961
45.706779,3.003,-0.4834,-0.00204,3.922e-06,3.922e-06,0.003922,-5.882e-05,3.663e-06,0.01961
45.716782,2.866,-0.5225,-0.001947,3.922e-06,3.922e-06,0.003922,-5.882e-05,3.663e-06,0.01961
45.726784,2.773,-0.5469,-0.001862,3.922e-06,3.922e-06,0.003922,-5.882e-05,3.663e-06,0.01961
45.736782,2.671,-0.5859,-0.001748,3.922e-06,3.922e-06,0.003922,-5.882e-05,3.663e-06,0.01961
45.746784,2.568,-0.6055,-0.001649,3.922e-06,3.922e-06,0.003922,-5.882e-05,3.663e-06,0.01961
45.756783,2.456,-0.6201,-0.001538,3.922e-06,3.922e-06,0.003922,-5.882e-05,3.663e-06,0.01961
45.766781,2.373,-0.6299,-0.001439,3.922e-06,3.922e-06,0.003922,-5.882e-05,3.663e-06,0.01961
45.776783,2.285,-0.6396,-0.001316,3.922e-06,3.922e-06,0.003922,-5.882e-05,3.663e-06,0.01961
45.786781,2.183,-0.6348,-0.001214,3.922e-06,3.922e-06,0.003922,-5.882e-05,3.663e-06,0.01961
45.796783,2.114,-0.6299,-0.001109,3.922e-06,3.922e-06,0.003922,-5.882e-05,3.663e-06,0.01961
45.806782,2.041,-0.6104,-0.00101,3.922e-06,3.922e-06,0.003922,-5.882e-05,3.663e-06,0.01961
45.816784,1.973,-0.6006,-0.0009106,3.922e-06,3.922e-06,0.003922,-5.882e-05,3.663e-06,0.01961
45.826782,1.943,-0.5859,-0.0008026,3.922e-06,3.922e-06,0.003922,-5.882e-05,3.663e-06,0.01961
45.836784,1.89,-0.5762,-0.0006946,3.922e-06,3.922e-06,0.003922,-5.882e-05,3.663e-06,0.01961
45.846783,1.87,-0.5566,-0.0005925,3.922e-06,3.922e-06,0.003922,-5.882e-05,3.663e-06,0.01961
45.856781,1.836,-0.5225,-0.0005049,3.922e-06,3.922e-06,0.003922,-5.882e-05,3.663e-06,0.01961
45.866783,1.812,-0.4834,-0.000429,3.922e-06,3.922e-06,0.003922,-5.882e-05,3.663e-06,0.01961
45.876781,1.807,-0.4395,-0.0003415,3.922e-06,3.922e-06,0.003922,-5.882e-05,3.663e-06,0.01961
45.88678,1.787,-0.4004,-0.0002802,3.922e-06,3.922e-06,0.003922,-5.882e-05,3.663e-06,0.01961
45.896782,1.787,-0.3418,-0.0002277,3.922e-06,3.922e-06,0.003922,-5.882e-05,3.663e-06,0.01961
45.906784,1.826,-0.3125,-0.0001576,3.922e-06,3.922e-06,0.003922,-5.882e-05,3.663e-06,0.01961
45.916782,1.855,-0.2637,-0.0001109,3.922e-06,3.922e-06,0.003922,-5.882e-05,3.663e-06,0.01961
45.926785,1.914,-0.2002,-7.588e-05,3.922e-06,3.922e-06,0.003922,-5.882e-05,3.663e-06,0.01961
45.936783,1.963,-0.1465,-4.378e-05,3.922e-06,3.922e-06,0.003922,-5.882e-05,3.663e-06,0.01961
45.946781,2.031,-0.08789,-2.627e-05,3.922e-06,3.922e-06,0.003922,-5.882e-05,3.663e-06,0.01961
45.956783,2.109,-0.03418,-8.756e-06,3.922e-06,3.922e-06,0.003922,-5.882e-05,3.663e-06,0.01961
45.966782,2.178,0.02441,-1.167e-05,3.922e-06,3.922e-06,0.003922,-5.882e-05,3.663e-06,0.01961
45.976784,2.275,0.09766,-2.919e-05,3.922e-06,3.922e-06,0.003922,-5.882e-05,3.663e-06,0.01961
45.986782,2.373,0.1465,-4.67e-05,3.922e-06,3.922e-06,0.003922,-5.882e-05,3.663e-06,0.01961
45.996784,2.48,0.21,-7.588e-05,3.922e-06,3.922e-06,0.003922,-5.882e-05,3.663e-06,0.01961
46.006783,2.583,0.2637,-0.000108,3.922e-06,3.922e-06,0.003922,-5.882e-05,3.663e-06,0.01961
46.016785,2.705,0.3076,-0.0001459,3.922e-06,3.922e-06,0.003922,-5.882e-05,3.663e-06,0.01961
46.026783,2.817,0.3613,-0.0001955,3.922e-06,3.922e-06,0.003922,-5.882e-05,3.663e-06,0.01961
46.036781,2.93,0.4297,-0.0002773,3.922e-06,3.922e-06,0.003922,-5.882e-05,3.663e-06,0.01961
46.04678,3.047,0.4785,-0.0003502,3.922e-06,3.922e-06,0.003922,-5.882e-05,3.663e-06,0.01961
46.056782,3.169,0.5225,-0.000429,3.922e-06,3.922e-06,0.003922,-5.882e-05,3.663e-06,0.01961
46.066784,3.291,0.5664,-0.0005224,3.922e-06,3.922e-06,0.003922,-5.882e-05,3.663e-06,0.01961
46.076782,3.428,0.6152,-0.0006217,3.922e-06,3.922e-06,0.003922,-5.882e-05,3.663e-06,0.01961
46.086784,3.555,0.6396,-0.0007151,3.922e-06,3.922e-06,0.003922,-5.882e-05,3.663e-06,0.01961
46.096783,3.672,0.6787,-0.000823,3.922e-06,3.922e-06,0.003922,-5.882e-05,3.663e-06,0.01961
46.106781,3.799,0.6982,-0.0009252,3.922e-06,3.922e-06,0.003922,-5.882e-05,3.663e-06,0.01961
46.116783,3.906,0.7275,-0.001054,3.922e-06,3.922e-06,0.003922,-5.882e-05,3.663e-06,0.01961
46.126781,4.023,0.7471,-0.001156,3.922e-06,3.922e-06,0.003922,-5.882e-05,3.663e-06,0.01961
46.13678,4.111,0.7568,-0.001281,3.922e-06,3.922e-06,0.003922,-5.882e-05,3.663e-06,0.01961
46.146782,4.214,0.7666,-0.001404,3.922e-06,3.922e-06,0.003922,-5.882e-05,3.663e-06,0.01961
46.156784,4.316,0.7715,-0.001524,3.922e-06,3.922e-06,0.003922,-5.882e-05,3.663e-06,0.01961
46.166782,4.395,0.7568,-0.001646,3.922e-06,3.922e-06,0.003922,-5.882e-05,3.663e-06,0.01961
46.176781,4.468,0.7568,-0.001763,3.922e-06,3.922e-06,0.003922,-5.882e-05,3.663e-06,0.01961
46.186783,4.536,0.7324,-0.001874,3.922e-06,3.922e-06,0.003922,-5.882e-05,3.663e-06,0.01961
46.196781,4.614,0.708,-0.001979,3.922e-06,3.922e-06,0.003922,-5.882e-05,3.663e-06,0.01961
46.206783,4.648,0.6982,-0.002096,3.922e-06,3.922e-06,0.003922,-5.882e-05,3.663e-06,0.01961
46.216782,4.668,0.6543,-0.002195,3.922e-06,3.922e-06,0.003922,-5.882e-05,3.663e-06,0.01961
46.226784,4.717,0.6299,-0.002297,3.922e-06,3.922e-06,0.003922,-5.882e-05,3.663e-06,0.01961
46.236782,4.727,0.6006,-0.002399,3.922e-06,3.922e-06,0.003922,-5.882e-05,3.663e-06,0.01961
46.246784,4.731,0.5518,-0.002478,3.922e-06,3.922e-06,0.003922,-5.882e-05,3.663e-06,0.01961
46.256783,4.727,0.5127,-0.002557,3.922e-06,3.922e-06,0.003922,-5.882e-05,3.663e-06,0.01961
46.266781,4.707,0.4492,-0.002618,3.922e-06,3.922e-06,0.003922,-5.882e-05,3.663e-06,0.01961
46.276783,4.697,0.4053,-0.002685,3.922e-06,3.922e-06,0.003922,-5.882e-05,3.663e-06,0.01961
46.286781,4.653,0.3271,-0.002717,3.922e-06,3.922e-06,0.003922,-5.882e-05,3.663e-06,0.01961
46.296783,4.595,0.2783,-0.002767,3.922e-06,3.922e-06,0.003922,-5.882e-05,3.663e-06,0.01961
46.306782,4.531,0.2197,-0.002805,3.922e-06,3.922e-06,0.003922,-5.882e-05,3.663e-06,0.01961
46.31678,4.453,0.1514,-0.002816,3.922e-06,3.922e-06,0.003922,-5.882e-05,3.663e-06,0.01961
46.326782,4.38,0.08789,-0.002828,3.922e-06,3.922e-06,0.003922,-5.882e-05,3.663e-06,0.01961
46.336781,4.282,0.02441,-0.002831,3.922e-06,3.922e-06,0.003922,-5.882e-05,3.663e-06,0.01961
46.346783,4.199,-0.03418,-0.002825,3.922e-06,3.922e-06,0.003922,-5.882e-05,3.663e-06,0.01961
46.356781,4.097,-0.09766,-0.002802,3.922e-06,3.922e-06,0.003922,-5.882e-05,3.663e-06,0.01961
46.366783,3.984,-0.1709,-0.002767,3.922e-06,3.922e-06,0.003922,-5.882e-05,3.663e-06,0.01961
46.376781,3.877,-0.2344,-0.002723,3.922e-06,3.922e-06,0.003922,-5.882e-05,3.663e-06,0.01961
46.386784,3.745,-0.3027,-0.002671,3.922e-06,3.922e-06,0.003922,-5.882e-05,3.663e-06,0.01961
46.396782,3.613,-0.3564,-0.002609,3.922e-06,3.922e-06,0.003922,-5.882e-05,3.663e-06,0.01961
46.40678,3.486,-0.4199,-0.00253,3.922e-06,3.922e-06,0.003922,-5.882e-05,3.663e-06,0.01961
46.416782,3.34,-0.4785,-0.002446,3.922e-06,3.922e-06,0.003922,-5.882e-05,3.663e-06,0.01961
46.426781,3.213,-0.5176,-0.00237,3.922e-06,3.922e-06,0.003922,-5.882e-05,3.663e-06,0.01961
46.436783,3.071,-0.5664,-0.002271,3.922e-06,3.922e-06,0.003922,-5.882e-05,3.663e-06,0.01961
46.446781,2.939,-0.6055,-0.002171,3.922e-06,3.922e-06,0.003922,-5.882e-05,3.663e-06,0.01961
46.456783,2.812,-0.6396,-0.002063,3.922e-06,3.922e-06,0.003922,-5.882e-05,3.663e-06,0.01961
46.466782,2.686,-0.6934,-0.001935,3.922e-06,3.922e-06,0.003922,-5.882e-05,3.663e-06,0.01961
46.476784,2.554,-0.7129,-0.001821,3.922e-06,3.922e-06,0.003922,-5.882e-05,3.663e-06,0.01961
46.486782,2.417,-0.7324,-0.001699,3.922e-06,3.922e-06,0.003922,-5.882e-05,3.663e-06,0.01961
46.496784,2.3,-0.7617,-0.001559,3.922e-06,3.922e-06,0.003922,-5.882e-05,3.663e-06,0.01961
46.506783,2.178,-0.7715,-0.001436,3.922e-06,3.922e-06,0.003922,-5.882e-05,3.663e-06,0.01961
46.516781,2.056,-0.7764,-0.001308,3.922e-06,3.922e-06,0.003922,-5.882e-05,3.663e-06,0.01961
46.526783,1.973,-0.7812,-0.001162,3.922e-06,3.922e-06,0.003922,-5.882e-05,3.663e-06,0.01961
46.536781,1.88,-0.7812,-0.001039,3.922e-06,3.922e-06,0.003922,-5.882e-05,3.663e-06,0.01961
46.546783,1.792,-0.7666,-0.0009164,3.922e-06,3.922e-06,0.003922,-5.882e-05,3.663e-06,0.01961
46.556782,1.709,-0.7471,-0.0007851,3.922e-06,3.922e-06,0.003922,-5.882e-05,3.663e-06,0.01961
46.566784,1.611,-0.7324,-0.0006596,3.922e-06,3.922e-06,0.003922,-5.882e-05,3.663e-06,0.01961
46.576782,1.548,-0.708,-0.0005341,3.922e-06,3.922e-06,0.003922,-5.882e-05,3.663e-06,0.01961
46.586781,1.436,-0.6787,-0.0004232,3.922e-06,3.922e-06,0.003922,-5.882e-05,3.663e-06,0.01961
46.596783,1.348,-0.6396,-0.0003152,3.922e-06,3.922e-06,0.003922,-5.882e-05,3.663e-06,0.01961
46.606781,1.27,-0.6055,-0.0002072,3.922e-06,3.922e-06,0.003922,-5.882e-05,3.663e-06,0.01961
46.616783,1.182,-0.5664,-0.0001109,3.922e-06,3.922e-06,0.003922,-5.882e-05,3.663e-06,0.01961
46.626781,1.123,-0.5176,-2.919e-05,3.922e-06,3.922e-06,0.003922,-5.882e-05,3.663e-06,0.01961
46.636784,1.06,-0.4688,4.67e-05,3.922e-06,3.922e-06,0.003922,-5.882e-05,3.663e-06,0.01961
46.646782,1.011,-0.4199,0.0001197,3.922e-06,3.922e-06,0.003922,-5.882e-05,3.663e-06,0.01961
46.656784,0.9668,-0.3711,0.0001868,3.922e-06,3.922e-06,0.003922,-5.882e-05,3.663e-06,0.01961
46.666782,0.918,-0.3223,0.0002364,3.922e-06,3.922e-06,0.003922,-5.882e-05,3.663e-06,0.01961
46.676781,0.8984,-0.2734,0.0003006,3.922e-06,3.922e-06,0.003922,-5.882e-05,3.663e-06,0.01961
46.686783,0.874,-0.2246,0.0003386,3.922e-06,3.922e-06,0.003922,-5.882e-05,3.663e-06,0.01961
46.696785,0.8789,-0.1709,0.0003736,3.922e-06,3.922e-06,0.003922,-5.882e-05,3.663e-06,0.01961
46.706783,0.8838,-0.1074,0.0003882,3.922e-06,3.922e-06,0.003922,-5.882e-05,3.663e-06,0.01961
46.716782,0.9082,-0.05859,0.0004028,3.922e-06,3.922e-06,0.003922,-5.882e-05,3.663e-06,0.01961
46.726784,0.9668,-0.004883,0.0004028,3.922e-06,3.922e-06,0.003922,-5.882e-05,3.663e-06,0.01961
46.736782,1.016,0.04883,0.0003998,3.922e-06,3.922e-06,0.003922,-5.882e-05,3.663e-06,0.01961
46.746784,1.104,0.1025,0.000394,3.922e-06,3.922e-06,0.003922,-5.882e-05,3.663e-06,0.01961
46.756783,1.196,0.1611,0.0003707,3.922e-06,3.922e-06,0.003922,-5.882e-05,3.663e-06,0.01961
46.766781,1.309,0.2051,0.0003415,3.922e-06,3.922e-06,0.003922,-5.882e-05,3.663e-06,0.01961
46.776783,1.45,0.2637,0.0003035,3.922e-06,3.922e-06,0.003922,-5.882e-05,3.663e-06,0.01961
46.786785,1.602,0.3125,0.0002568,3.922e-06,3.922e-06,0.003922,-5.882e-05,3.663e-06,0.01961
46.796783,1.782,0.3662,0.0002043,3.922e-06,3.922e-06,0.003922,-5.882e-05,3.663e-06,0.01961
46.806782,1.978,0.4199,0.0001343,3.922e-06,3.922e-06,0.003922,-5.882e-05,3.663e-06,0.01961
46.816784,2.168,0.4688,5.837e-05,3.922e-06,3.922e-06,0.003922,-5.882e-05,3.663e-06,0.01961
46.826782,2.378,0.5225,-1.751e-05,3.922e-06,3.922e-06,0.003922,-5.882e-05,3.663e-06,0.01961
46.836781,2.568,0.5664,-0.0001051,3.922e-06,3.922e-06,0.003922,-5.882e-05,3.663e-06,0.01961
46.846783,2.754,0.625,-0.0002072,3.922e-06,3.922e-06,0.003922,-5.882e-05,3.663e-06,0.01961
46.856781,2.959,0.6641,-0.0003035,3.922e-06,3.922e-06,0.003922,-5.882e-05,3.663e-06,0.01961
46.866783,3.11,0.6934,-0.0004028,3.922e-06,3.922e-06,0.003922,-5.882e-05,3.663e-06,0.01961
46.876781,3.296,0.7373,-0.0005224,3.922e-06,3.922e-06,0.003922,-5.882e-05,3.663e-06,0.01961
46.88678,3.428,0.7715,-0.0006567,3.922e-06,3.922e-06,0.003922,-5.882e-05,3.663e-06,0.01961
46.896782,3.604,0.8057,-0.0007851,3.922e-06,3.922e-06,0.003922,-5.882e-05,3.663e-06,0.01961
46.90678,3.76,0.8398,-0.0009194,3.922e-06,3.922e-06,0.003922,-5.882e-05,3.663e-06,0.01961
46.916782,3.901,0.8496,-0.001054,3.922e-06,3.922e-06,0.003922,-5.882e-05,3.663e-06,0.01961
46.926781,4.048,0.8789,-0.001191,3.922e-06,3.922e-06,0.003922,-5.882e-05,3.663e-06,0.01961
46.936783,4.175,0.874,-0.001325,3.922e-06,3.922e-06,0.003922,-5.882e-05,3.663e-06,0.01961
46.946781,4.307,0.8643,-0.001453,3.922e-06,3.922e-06,0.003922,-5.882e-05,3.663e-06,0.01961
46.956779,4.409,0.8691,-0.001594,3.922e-06,3.922e-06,0.003922,-5.882e-05,3.663e-06,0.01961
46.966782,4.497,0.8594,-0.001731,3.922e-06,3.922e-06,0.003922,-5.882e-05,3.663e-06,0.01961
46.976784,4.6,0.8447,-0.001862,3.922e-06,3.922e-06,0.003922,-5.882e-05,3.663e-06,0.01961
46.986782,4.673,0.8203,-0.001996,3.922e-06,3.922e-06,0.003922,-5.882e-05,3.663e-06,0.01961
46.996784,4.712,0.8008,-0.002122,3.922e-06,3.922e-06,0.003922,-5.882e-05,3.663e-06,0.01961
47.006783,4.785,0.7715,-0.002244,3.922e-06,3.922e-06,0.003922,-5.882e-05,3.663e-06,0.01961
47.016781,4.819,0.7373,-0.002358,3.922e-06,3.922e-06,0.003922,-5.882e-05,3.663e-06,0.01961
47.026783,4.883,0.6787,-0.002452,3.922e-06,3.922e-06,0.003922,-5.882e-05,3.663e-06,0.01961
47.036781,4.883,0.6396,-0.002563,3.922e-06,3.922e-06,0.003922,-5.882e-05,3.663e-06,0.01961
47.046783,4.893,0.5908,-0.00265,3.922e-06,3.922e-06,0.003922,-5.882e-05,3.663e-06,0.01961
47.056782,4.878,0.5322,-0.002732,3.922e-06,3.922e-06,0.003922,-5.882e-05,3.663e-06,0.01961
47.066784,4.854,0.4639,-0.002802,3.922e-06,3.922e-06,0.003922,-5.882e-05,3.663e-06,0.01961
47.076782,4.814,0.4248,-0.002878,3.922e-06,3.922e-06,0.003922,-5.882e-05,3.663e-06,0.01961
47.086784,4.751,0.3418,-0.002919,3.922e-06,3.922e-06,0.003922,-5.882e-05,3.663e-06,0.01961
47.096783,4.702,0.2783,-0.002954,3.922e-06,3.922e-06,0.003922,-5.882e-05,3.663e-06,0.01961
47.106781,4.629,0.21,-0.002992,3.922e-06,3.922e-06,0.003922,-5.882e-05,3.663e-06,0.01961
47.116783,4.536,0.1367,-0.003012,3.922e-06,3.922e-06,0.003922,-5.882e-05,3.663e-06,0.01961
47.126781,4.482,0.04883,-0.002994,3.922e-06,3.922e-06,0.003922,-5.882e-05,3.663e-06,0.01961
47.136784,4.365,-0.02441,-0.002994,3.922e-06,3.922e-06,0.003922,-5.882e-05,3.663e-06,0.01961
47.146782,4.253,-0.08301,-0.002986,3.922e-06,3.922e-06,0.003922,-5.882e-05,3.663e-06,0.01961
47.15678,4.126,-0.1611,-0.002948,3.922e-06,3.922e-06,0.003922,-5.882e-05,3.663e-06,0.01961
47.166782,3.989,-0.2393,-0.002901,3.922e-06,3.922e-06,0.003922,-5.882e-05,3.663e-06,0.01961
47.176781,3.862,-0.3076,-0.002846,3.922e-06,3.922e-06,0.003922,-5.882e-05,3.663e-06,0.01961
47.186783,3.706,-0.376,-0.002781,3.922e-06,3.922e-06,0.003922,-5.882e-05,3.663e-06,0.01961
47.196781,3.579,-0.4395,-0.002717,3.922e-06,3.922e-06,0.003922,-5.882e-05,3.663e-06,0.01961
47.206783,3.433,-0.498,-0.00263,3.922e-06,3.922e-06,0.003922,-5.882e-05,3.663e-06,0.01961
47.216782,3.276,-0.5664,-0.002536,3.922e-06,3.922e-06,0.003922,-5.882e-05,3.663e-06,0.01961
47.226784,3.115,-0.6152,-0.002437,3.922e-06,3.922e-06,0.003922,-5.882e-05,3.663e-06,0.01961
47.236782,2.974,-0.6738,-0.002314,3.922e-06,3.922e-06,0.003922,-5.882e-05,3.663e-06,0.01961
47.246784,2.817,-0.7129,-0.002192,3.922e-06,3.922e-06,0.003922,-5.882e-05,3.663e-06,0.01961
47.256783,2.666,-0.7422,-0.002072,3.922e-06,3.922e-06,0.003922,-5.882e-05,3.663e-06,0.01961
47.266781,2.51,-0.8008,-0.001926,3.922e-06,3.922e-06,0.003922,-5.882e-05,3.663e-06,0.01961
47.276783,2.378,-0.8252,-0.001801,3.922e-06,3.922e-06,0.003922,-5.882e-05,3.663e-06,0.01961
47.286785,2.227,-0.8545,-0.001649,3.922e-06,3.922e-06,0.003922,-5.882e-05,3.663e-06,0.01961
47.296783,2.114,-0.8643,-0.001512,3.922e-06,3.922e-06,0.003922,-5.882e-05,3.663e-06,0.01961
47.306782,1.987,-0.874,-0.00136,3.922e-06,3.922e-06,0.003922,-5.882e-05,3.663e-06,0.01961
47.316784,1.875,-0.8887,-0.001205,3.922e-06,3.922e-06,0.003922,-5.882e-05,3.663e-06,0.01961
47.326782,1.748,-0.874,-0.001068,3.922e-06,3.922e-06,0.003922,-5.882e-05,3.663e-06,0.01961
47.336781,1.626,-0.8691,-0.0009223,3.922e-06,3.922e-06,0.003922,-5.882e-05,3.663e-06,0.01961
47.346783,1.504,-0.8545,-0.0007734,3.922e-06,3.922e-06,0.003922,-5.882e-05,3.663e-06,0.01961
47.356785,1.367,-0.835,-0.0006333,3.922e-06,3.922e-06,0.003922,-5.882e-05,3.663e-06,0.01961
47.366783,1.235,-0.8203,-0.0004962,3.922e-06,3.922e-06,0.003922,-5.882e-05,3.663e-06,0.01961
47.376781,1.104,-0.7764,-0.0003707,3.922e-06,3.922e-06,0.003922,-5.882e-05,3.663e-06,0.01961
47.386784,0.9668,-0.7568,-0.0002393,3.922e-06,3.922e-06,0.003922,-5.882e-05,3.663e-06,0.01961
47.396782,0.8398,-0.7275,-0.0001109,3.922e-06,3.922e-06,0.003922,-5.882e-05,3.663e-06,0.01961
47.40678,0.708,-0.6787,2.919e-06,3.922e-06,3.922e-06,0.003922,-5.882e-05,3.663e-06,0.01961
47.416782,0.5615,-0.6396,0.0001022,3.922e-06,3.922e-06,0.003922,-5.882e-05,3.663e-06,0.01961
47.426781,0.4541,-0.6006,0.0002189,3.922e-06,3.922e-06,0.003922,-5.882e-05,3.663e-06,0.01961
47.436783,0.3076,-0.5615,0.0003035,3.922e-06,3.922e-06,0.003922,-5.882e-05,3.663e-06,0.01961
47.446781,0.1758,-0.5078,0.0003853,3.922e-06,3.922e-06,0.003922,-5.882e-05,3.663e-06,0.01961
47.456783,0.07324,-0.4688,0.000467,3.922e-06,3.922e-06,0.003922,-5.882e-05,3.663e-06,0.01961
47.466782,-0.04883,-0.4248,0.0005399,3.922e-06,3.922e-06,0.003922,-5.882e-05,3.663e-06,0.01961
47.476784,-0.1611,-0.3711,0.0006012,3.922e-06,3.922e-06,0.003922,-5.882e-05,3.663e-06,0.01961
47.486782,-0.2637,-0.3271,0.0006567,3.922e-06,3.922e-06,0.003922,-5.882e-05,3.663e-06,0.01961
47.49678,-0.3662,-0.293,0.000718,3.922e-06,3.922e-06,0.003922,-5.882e-05,3.663e-06,0.01961
47.506783,-0.4639,-0.2344,0.0007501,3.922e-06,3.922e-06,0.003922,-5.882e-05,3.663e-06,0.01961
47.516781,-0.5615,-0.21,0.0007997,3.922e-06,3.922e-06,0.003922,-5.882e-05,3.663e-06,0.01961
47.526783,-0.6494,-0.1562,0.0008201,3.922e-06,3.922e-06,0.003922,-5.882e-05,3.663e-06,0.01961
47.536785,-0.7373,-0.1123,0.0008318,3.922e-06,3.922e-06,0.003922,-5.882e-05,3.663e-06,0.01961
47.546783,-0.8154,-0.09277,0.0008493,3.922e-06,3.922e-06,0.003922,-5.882e-05,3.663e-06,0.01961
47.556782,-0.8838,-0.04395,0.0008493,3.922e-06,3.922e-06,0.003922,-5.882e-05,3.663e-06,0.01961
47.566784,-0.9668,-0.01465,0.0008551,3.922e-06,3.922e-06,0.003922,-5.882e-05,3.663e-06,0.01961
47.576782,-1.021,0.01953,0.0008581,3.922e-06,3.922e-06,0.003922,-5.882e-05,3.663e-06,0.01961
47.586781,-1.094,0.03906,0.0008581,3.922e-06,3.922e-06,0.003922,-5.882e-05,3.663e-06,0.01961
47.596783,-1.157,0.06836,0.0008493,3.922e-06,3.922e-06,0.003922,-5.882e-05,3.663e-06,0.01961
47.606781,-1.226,0.08789,0.0008376,3.922e-06,3.922e-06,0.003922,-5.882e-05,3.663e-06,0.01961
47.616783,-1.284,0.08789,0.0008347,3.922e-06,3.922e-06,0.003922,-5.882e-05,3.663e-06,0.01961
47.626781,-1.338,0.127,0.0007909,3.922e-06,3.922e-06,0.003922,-5.882e-05,3.663e-06,0.01961
47.636784,-1.421,0.1221,0.0007851,3.922e-06,3.922e-06,0.003922,-5.882e-05,3.663e-06,0.01961
47.646782,-1.475,0.1367,0.0007647,3.922e-06,3.922e-06,0.003922,-5.882e-05,3.663e-06,0.01961
47.65678,-1.538,0.1416,0.0007413,3.922e-06,3.922e-06,0.003922,-5.882e-05,3.663e-06,0.01961
47.666782,-1.616,0.1367,0.0007238,3.922e-06,3.922e-06,0.003922,-5.882e-05,3.663e-06,0.01961
47.676781,-1.689,0.1367,0.0007063,3.922e-06,3.922e-06,0.003922,-5.882e-05,3.663e-06,0.01961
47.686783,-1.768,0.127,0.000683,3.922e-06,3.922e-06,0.003922,-5.882e-05,3.663e-06,0.01961
47.696781,-1.826,0.1172,0.0006713,3.922e-06,3.922e-06,0.003922,-5.882e-05,3.663e-06,0.01961
47.706779,-1.88,0.1172,0.000645,3.922e-06,3.922e-06,0.003922,-5.882e-05,3.663e-06,0.01961
47.716782,-1.953,0.07812,0.000645,3.922e-06,3.922e-06,0.003922,-5.882e-05,3.663e-06,0.01961
47.726784,-2.012,0.08301,0.0006217,3.922e-06,3.922e-06,0.003922,-5.882e-05,3.663e-06,0.01961
47.736782,-2.07,0.07324,0.0006041,3.922e-06,3.922e-06,0.003922,-5.882e-05,3.663e-06,0.01961
47.74678,-2.124,0.04883,0.00061,3.922e-06,3.922e-06,0.003922,-5.882e-05,3.663e-06,0.01961
47.756783,-2.188,0.03418,0.0006041,3.922e-06,3.922e-06,0.003922,-5.882e-05,3.663e-06,0.01961
47.766781,-2.256,0.004883,0.0006071,3.922e-06,3.922e-06,0.003922,-5.882e-05,3.663e-06,0.01961
47.776783,-2.29,-0.01465,0.0006158,3.922e-06,3.922e-06,0.003922,-5.882e-05,3.663e-06,0.01961
47.786781,-2.368,-0.05371,0.0006333,3.922e-06,3.922e-06,0.003922,-5.882e-05,3.663e-06,0.01961
47.796783,-2.427,-0.06348,0.0006333,3.922e-06,3.922e-06,0.003922,-5.882e-05,3.663e-06,0.01961
47.806782,-2.49,-0.08789,0.0006538,3.922e-06,3.922e-06,0.003922,-5.882e-05,3.663e-06,0.01961
47.816784,-2.559,-0.1172,0.0006742,3.922e-06,3.922e-06,0.003922,-5.882e-05,3.663e-06,0.01961
47.826782,-2.617,-0.1221,0.0006917,3.922e-06,3.922e-06,0.003922,-5.882e-05,3.663e-06,0.01961
47.836784,-2.671,-0.1514,0.000718,3.922e-06,3.922e-06,0.003922,-5.882e-05,3.663e-06,0.01961
47.846783,-2.734,-0.1709,0.0007501,3.922e-06,3.922e-06,0.003922,-5.882e-05,3.663e-06,0.01961
47.856781,-2.798,-0.1953,0.000788,3.922e-06,3.922e-06,0.003922,-5.882e-05,3.663e-06,0.01961
47.866783,-2.876,-0.2197,0.000826,3.922e-06,3.922e-06,0.003922,-5.882e-05,3.663e-06,0.01961
47.876781,-2.944,-0.2197,0.0008551,3.922e-06,3.922e-06,0.003922,-5.882e-05,3.663e-06,0.01961
47.886784,-2.993,-0.2588,0.0009106,3.922e-06,3.922e-06,0.003922,-5.882e-05,3.663e-06,0.01961
47.896782,-3.047,-0.2637,0.0009544,3.922e-06,3.922e-06,0.003922,-5.882e-05,3.663e-06,0.01961
47.90678,-3.115,-0.2734,0.001001,3.922e-06,3.922e-06,0.003922,-5.882e-05,3.663e-06,0.01961
47.916782,-3.169,-0.2881,0.001042,3.922e-06,3.922e-06,0.003922,-5.882e-05,3.663e-06,0.01961
47.926781,-3.228,-0.2783,0.001086,3.922e-06,3.922e-06,0.003922,-5.882e-05,3.663e-06,0.01961
47.936783,-3.267,-0.3125,0.001162,3.922e-06,3.922e-06,0.003922,-5.882e-05,3.663e-06,0.01961
47.946781,-3.325,-0.3076,0.001205,3.922e-06,3.922e-06,0.003922,-5.882e-05,3.663e-06,0.01961
47.956783,-3.374,-0.3076,0.001258,3.922e-06,3.922e-06,0.003922,-5.882e-05,3.663e-06,0.01961
47.966782,-3.418,-0.3223,0.001319,3.922e-06,3.922e-06,0.003922,-5.882e-05,3.663e-06,0.01961
47.97678,-3.442,-0.3125,0.001375,3.922e-06,3.922e-06,0.003922,-5.882e-05,3.663e-06,0.01961
47.986782,-3.496,-0.3076,0.001418,3.922e-06,3.922e-06,0.003922,-5.882e-05,3.663e-06,0.01961
47.99678,-3.521,-0.293,0.001471,3.922e-06,3.922e-06,0.003922,-5.882e-05,3.663e-06,0.01961
48.006783,-3.545,-0.293,0.001524,3.922e-06,3.922e-06,0.003922,-5.882e-05,3.663e-06,0.01961
48.016781,-3.569,-0.2783,0.001564,3.922e-06,3.922e-06,0.003922,-5.882e-05,3.663e-06,0.01961
48.026783,-3.584,-0.2539,0.001605,3.922e-06,3.922e-06,0.003922,-5.882e-05,3.663e-06,0.01961
48.036781,-3.613,-0.2588,0.001658,3.922e-06,3.922e-06,0.003922,-5.882e-05,3.663e-06,0.01961
48.046783,-3.618,-0.2344,0.001702,3.922e-06,3.922e-06,0.003922,-5.882e-05,3.663e-06,0.01961
48.056782,-3.608,-0.2197,0.001745,3.922e-06,3.922e-06,0.003922,-5.882e-05,3.663e-06,0.01961
48.066784,-3.608,-0.2002,0.001775,3.922e-06,3.922e-06,0.003922,-5.882e-05,3.663e-06,0.01961
48.076782,-3.589,-0.1758,0.001812,3.922e-06,3.922e-06,0.003922,-5.882e-05,3.663e-06,0.01961
48.086781,-3.599,-0.1465,0.001833,3.922e-06,3.922e-06,0.003922,-5.882e-05,3.663e-06,0.01961
48.096783,-3.579,-0.1221,0.00185,3.922e-06,3.922e-06,0.003922,-5.882e-05,3.663e-06,0.01961
48.106781,-3.555,-0.09277,0.001865,3.922e-06,3.922e-06,0.003922,-5.882e-05,3.663e-06,0.01961
48.116783,-3.545,-0.06348,0.001877,3.922e-06,3.922e-06,0.003922,-5.882e-05,3.663e-06,0.01961
48.126781,-3.506,-0.0293,0.00188,3.922e-06,3.922e-06,0.003922,-5.882e-05,3.663e-06,0.01961
48.136784,-3.477,-0.009766,0.001891,3.922e-06,3.922e-06,0.003922,-5.882e-05,3.663e-06,0.01961
48.146782,-3.428,0.01465,0.0019,3.922e-06,3.922e-06,0.003922,-5.882e-05,3.663e-06,0.01961
48.15678,-3.384,0.04883,0.001882,3.922e-06,3.922e-06,0.003922,-5.882e-05,3.663e-06,0.01961
48.166782,-3.35,0.06348,0.001888,3.922e-06,3.922e-06,0.003922,-5.882e-05,3.663e-06,0.01961
48.176781,-3.286,0.1025,0.001877,3.922e-06,3.922e-06,0.003922,-5.882e-05,3.663e-06,0.01961
48.186783,-3.252,0.1318,0.001842,3.922e-06,3.922e-06,0.003922,-5.882e-05,3.663e-06,0.01961
48.196781,-3.188,0.166,0.001827,3.922e-06,3.922e-06,0.003922,-5.882e-05,3.663e-06,0.01961
48.206783,-3.12,0.1904,0.001795,3.922e-06,3.922e-06,0.003922,-5.882e-05,3.663e-06,0.01961
48.216782,-3.076,0.21,0.00176,3.922e-06,3.922e-06,0.003922,-5.882e-05,3.663e-06,0.01961
48.226784,-3.003,0.2344,0.001737,3.922e-06,3.922e-06,0.003922,-5.882e-05,3.663e-06,0.01961
48.236782,-2.964,0.2588,0.001696,3.922e-06,3.922e-06,0.003922,-5.882e-05,3.663e-06,0.01961
48.246784,-2.905,0.2881,0.001646,3.922e-06,3.922e-06,0.003922,-5.882e-05,3.663e-06,0.01961
48.256783,-2.842,0.3076,0.001602,3.922e-06,3.922e-06,0.003922,-5.882e-05,3.663e-06,0.01961
48.266781,-2.788,0.3174,0.00155,3.922e-06,3.922e-06,0.003922,-5.882e-05,3.663e-06,0.01961
48.276783,-2.72,0.332,0.001503,3.922e-06,3.922e-06,0.003922,-5.882e-05,3.663e-06,0.01961
48.286781,-2.671,0.3467,0.001448,3.922e-06,3.922e-06,0.003922,-5.882e-05,3.663e-06,0.01961
48.296787,-2.617,0.3564,0.001392,3.922e-06,3.922e-06,0.003922,-5.882e-05,3.663e-06,0.01961
48.306782,-2.549,0.3613,0.00134,3.922e-06,3.922e-06,0.003922,-5.882e-05,3.663e-06,0.01961
48.316784,-2.515,0.3613,0.001287,3.922e-06,3.922e-06,0.003922,-5.882e-05,3.663e-06,0.01961
48.326782,-2.471,0.376,0.001226,3.922e-06,3.922e-06,0.003922,-5.882e-05,3.663e-06,0.01961
48.336784,-2.441,0.3711,0.001165,3.922e-06,3.922e-06,0.003922,-5.882e-05,3.663e-06,0.01961
48.346783,-2.383,0.376,0.001106,3.922e-06,3.922e-06,0.003922,-5.882e-05,3.663e-06,0.01961
48.356781,-2.344,0.3662,0.001051,3.922e-06,3.922e-06,0.003922,-5.882e-05,3.663e-06,0.01961
48.366783,-2.324,0.3613,0.0009952,3.922e-06,3.922e-06,0.003922,-5.882e-05,3.663e-06,0.01961
48.376781,-2.3,0.3662,0.0009369,3.922e-06,3.922e-06,0.003922,-5.882e-05,3.663e-06,0.01961
48.386784,-2.266,0.332,0.0008931,3.922e-06,3.922e-06,0.003922,-5.882e-05,3.663e-06,0.01961
48.396782,-2.251,0.3174,0.0008493,3.922e-06,3.922e-06,0.003922,-5.882e-05,3.663e-06,0.01961
48.40678,-2.236,0.3076,0.0007997,3.922e-06,3.922e-06,0.003922,-5.882e-05,3.663e-06,0.01961
48.416782,-2.246,0.2881,0.000753,3.922e-06,3.922e-06,0.003922,-5.882e-05,3.663e-06,0.01961
48.426781,-2.246,0.2832,0.0006975,3.922e-06,3.922e-06,0.003922,-5.882e-05,3.663e-06,0.01961
48.436783,-2.241,0.249,0.0006684,3.922e-06,3.922e-06,0.003922,-5.882e-05,3.663e-06,0.01961
48.446781,-2.251,0.2197,0.0006392,3.922e-06,3.922e-06,0.003922,-5.882e-05,3.663e-06,0.01961
48.456783,-2.256,0.1904,0.0006158,3.922e-06,3.922e-06,0.003922,-5.882e-05,3.663e-06,0.01961
48.466782,-2.271,0.1611,0.0005866,3.922e-06,3.922e-06,0.003922,-5.882e-05,3.663e-06,0.01961
48.476784,-2.29,0.1465,0.0005575,3.922e-06,3.922e-06,0.003922,-5.882e-05,3.663e-06,0.01961
48.486782,-2.324,0.1025,0.0005575,3.922e-06,3.922e-06,0.003922,-5.882e-05,3.663e-06,0.01961
48.49678,-2.363,0.07812,0.0005458,3.922e-06,3.922e-06,0.003922,-5.882e-05,3.663e-06,0.01961
48.506783,-2.402,0.03906,0.0005399,3.922e-06,3.922e-06,0.003922,-5.882e-05,3.663e-06,0.01961
48.516781,-2.456,0.009766,0.0005487,3.922e-06,3.922e-06,0.003922,-5.882e-05,3.663e-06,0.01961
48.526783,-2.5,-0.01465,0.0005458,3.922e-06,3.922e-06,0.003922,-5.882e-05,3.663e-06,0.01961
48.536781,-2.544,-0.04883,0.0005604,3.922e-06,3.922e-06,0.003922,-5.882e-05,3.663e-06,0.01961
48.54678,-2.607,-0.07812,0.000572,3.922e-06,3.922e-06,0.003922,-5.882e-05,3.663e-06,0.01961
48.556782,-2.661,-0.1123,0.0006012,3.922e-06,3.922e-06,0.003922,-5.882e-05,3.663e-06,0.01961
48.56678,-2.725,-0.1416,0.0006246,3.922e-06,3.922e-06,0.003922,-5.882e-05,3.663e-06,0.01961
48.576782,-2.773,-0.166,0.0006538,3.922e-06,3.922e-06,0.003922,-5.882e-05,3.663e-06,0.01961
48.586781,-2.832,-0.21,0.0007034,3.922e-06,3.922e-06,0.003922,-5.882e-05,3.663e-06,0.01961
48.596783,-2.9,-0.2295,0.0007384,3.922e-06,3.922e-06,0.003922,-5.882e-05,3.663e-06,0.01961
48.606781,-2.969,-0.2588,0.000788,3.922e-06,3.922e-06,0.003922,-5.882e-05,3.663e-06,0.01961
48.616783,-3.057,-0.2832,0.0008289,3.922e-06,3.922e-06,0.003922,-5.882e-05,3.663e-06,0.01961
48.626781,-3.115,-0.2881,0.0008756,3.922e-06,3.922e-06,0.003922,-5.882e-05,3.663e-06,0.01961
48.636784,-3.174,-0.3027,0.0009223,3.922e-06,3.922e-06,0.003922,-5.882e-05,3.663e-06,0.01961
48.646782,-3.228,-0.3271,0.0009865,3.922e-06,3.922e-06,0.003922,-5.882e-05,3.663e-06,0.01961
48.656784,-3.291,-0.3369,0.001042,3.922e-06,3.922e-06,0.003922,-5.882e-05,3.663e-06,0.01961
48.666782,-3.359,-0.3516,0.001103,3.922e-06,3.922e-06,0.003922,-5.882e-05,3.663e-06,0.01961
48.676785,-3.394,-0.3613,0.00117,3.922e-06,3.922e-06,0.003922,-5.882e-05,3.663e-06,0.01961
48.686783,-3.462,-0.376,0.001235,3.922e-06,3.922e-06,0.003922,-5.882e-05,3.663e-06,0.01961
48.696781,-3.506,-0.3711,0.001296,3.922e-06,3.922e-06,0.003922,-5.882e-05,3.663e-06,0.01961
48.706783,-3.56,-0.376,0.001375,3.922e-06,3.922e-06,0.003922,-5.882e-05,3.663e-06,0.01961
48.716782,-3.613,-0.3809,0.001427,3.922e-06,3.922e-06,0.003922,-5.882e-05,3.663e-06,0.01961
48.72678,-3.643,-0.3516,0.001477,3.922e-06,3.922e-06,0.003922,-5.882e-05,3.663e-06,0.01961
48.736782,-3.687,-0.3516,0.001541,3.922e-06,3.922e-06,0.003922,-5.882e-05,3.663e-06,0.01961
48.746784,-3.706,-0.3271,0.001594,3.922e-06,3.922e-06,0.003922,-5.882e-05,3.663e-06,0.01961
48.756783,-3.721,-0.3223,0.001655,3.922e-06,3.922e-06,0.003922,-5.882e-05,3.663e-06,0.01961
48.766781,-3.745,-0.3125,0.001713,3.922e-06,3.922e-06,0.003922,-5.882e-05,3.663e-06,0.01961
48.776783,-3.75,-0.293,0.001769,3.922e-06,3.922e-06,0.003922,-5.882e-05,3.663e-06,0.01961
48.786781,-3.77,-0.2686,0.00181,3.922e-06,3.922e-06,0.003922,-5.882e-05,3.663e-06,0.01961
48.796783,-3.765,-0.249,0.001859,3.922e-06,3.922e-06,0.003922,-5.882e-05,3.663e-06,0.01961
48.806782,-3.76,-0.2197,0.001894,3.922e-06,3.922e-06,0.003922,-5.882e-05,3.663e-06,0.01961
48.81678,-3.76,-0.2002,0.001932,3.922e-06,3.922e-06,0.003922,-5.882e-05,3.663e-06,0.01961
48.826782,-3.74,-0.1611,0.001958,3.922e-06,3.922e-06,0.003922,-5.882e-05,3.663e-06,0.01961
48.836781,-3.721,-0.1318,0.001982,3.922e-06,3.922e-06,0.003922,-5.882e-05,3.663e-06,0.01961
48.846783,-3.682,-0.09277,0.001996,3.922e-06,3.922e-06,0.003922,-5.882e-05,3.663e-06,0.01961
48.856781,-3.647,-0.06836,0.002011,3.922e-06,3.922e-06,0.003922,-5.882e-05,3.663e-06,0.01961
48.866783,-3.608,-0.04883,0.002034,3.922e-06,3.922e-06,0.003922,-5.882e-05,3.663e-06,0.01961
48.876781,-3.564,0.009766,0.002017,3.922e-06,3.922e-06,0.003922,-5.882e-05,3.663e-06,0.01961
48.886784,-3.535,0.0293,0.002031,3.922e-06,3.922e-06,0.003922,-5.882e-05,3.663e-06,0.01961
48.896782,-3.467,0.07324,0.002017,3.922e-06,3.922e-06,0.003922,-5.882e-05,3.663e-06,0.01961
48.906784,-3.408,0.1074,0.002002,3.922e-06,3.922e-06,0.003922,-5.882e-05,3.663e-06,0.01961
48.916782,-3.35,0.1367,0.001985,3.922e-06,3.922e-06,0.003922,-5.882e-05,3.663e-06,0.01961
48.926781,-3.291,0.1807,0.001955,3.922e-06,3.922e-06,0.003922,-5.882e-05,3.663e-06,0.01961
48.936783,-3.223,0.1953,0.001935,3.922e-06,3.922e-06,0.003922,-5.882e-05,3.663e-06,0.01961
48.946781,-3.149,0.2344,0.001897,3.922e-06,3.922e-06,0.003922,-5.882e-05,3.663e-06,0.01961
48.956783,-3.081,0.2686,0.001856,3.922e-06,3.922e-06,0.003922,-5.882e-05,3.663e-06,0.01961
48.966782,-3.018,0.2832,0.001818,3.922e-06,3.922e-06,0.003922,-5.882e-05,3.663e-06,0.01961
48.97678,-2.949,0.332,0.00176,3.922e-06,3.922e-06,0.003922,-5.882e-05,3.663e-06,0.01961
48.986782,-2.876,0.3418,0.001713,3.922e-06,3.922e-06,0.003922,-5.882e-05,3.663e-06,0.01961
48.99678,-2.808,0.3613,0.001661,3.922e-06,3.922e-06,0.003922,-5.882e-05,3.663e-06,0.01961
49.006783,-2.729,0.3857,0.001602,3.922e-06,3.922e-06,0.003922,-5.882e-05,3.663e-06,0.01961
49.016781,-2.671,0.4004,0.001532,3.922e-06,3.922e-06,0.003922,-5.882e-05,3.663e-06,0.01961
49.026783,-2.588,0.415,0.001474,3.922e-06,3.922e-06,0.003922,-5.882e-05,3.663e-06,0.01961
49.036781,-2.534,0.4297,0.001401,3.922e-06,3.922e-06,0.003922,-5.882e-05,3.663e-06,0.01961
49.04678,-2.461,0.4395,0.001337,3.922e-06,3.922e-06,0.003922,-5.882e-05,3.663e-06,0.01961
49.056782,-2.402,0.4443,0.00127,3.922e-06,3.922e-06,0.003922,-5.882e-05,3.663e-06,0.01961
49.066784,-2.349,0.4395,0.001202,3.922e-06,3.922e-06,0.003922,-5.882e-05,3.663e-06,0.01961
49.076782,-2.29,0.4443,0.001138,3.922e-06,3.922e-06,0.003922,-5.882e-05,3.663e-06,0.01961
49.086781,-2.251,0.4443,0.001062,3.922e-06,3.922e-06,0.003922,-5.882e-05,3.663e-06,0.01961
49.096783,-2.217,0.4346,0.0009923,3.922e-06,3.922e-06,0.003922,-5.882e-05,3.663e-06,0.01961
49.106781,-2.183,0.4297,0.0009194,3.922e-06,3.922e-06,0.003922,-5.882e-05,3.663e-06,0.01961
49.116783,-2.148,0.415,0.0008581,3.922e-06,3.922e-06,0.003922,-5.882e-05,3.663e-06,0.01961
49.126781,-2.119,0.4004,0.0007997,3.922e-06,3.922e-06,0.003922,-5.882e-05,3.663e-06,0.01961
49.136784,-2.1,0.3809,0.0007384,3.922e-06,3.922e-06,0.003922,-5.882e-05,3.663e-06,0.01961
49.146782,-2.085,0.3662,0.0006859,3.922e-06,3.922e-06,0.003922,-5.882e-05,3.663e-06,0.01961
49.156784,-2.075,0.3369,0.0006333,3.922e-06,3.922e-06,0.003922,-5.882e-05,3.663e-06,0.01961
49.166782,-2.08,0.3027,0.0005896,3.922e-06,3.922e-06,0.003922,-5.882e-05,3.663e-06,0.01961
49.176781,-2.09,0.2881,0.0005487,3.922e-06,3.922e-06,0.003922,-5.882e-05,3.663e-06,0.01961
49.186783,-2.104,0.2441,0.0005137,3.922e-06,3.922e-06,0.003922,-5.882e-05,3.663e-06,0.01961
49.196781,-2.124,0.2246,0.0004728,3.922e-06,3.922e-06,0.003922,-5.882e-05,3.663e-06,0.01961
49.206783,-2.144,0.21,0.000432,3.922e-06,3.922e-06,0.003922,-5.882e-05,3.663e-06,0.01961
49.216782,-2.178,0.1514,0.0004144,3.922e-06,3.922e-06,0.003922,-5.882e-05,3.663e-06,0.01961
49.226784,-2.207,0.1074,0.0004203,3.922e-06,3.922e-06,0.003922,-5.882e-05,3.663e-06,0.01961
49.236782,-2.261,0.07324,0.0004057,3.922e-06,3.922e-06,0.003922,-5.882e-05,3.663e-06,0.01961
49.246784,-2.305,0.03906,0.0003998,3.922e-06,3.922e-06,0.003922,-5.882e-05,3.663e-06,0.01961
49.256783,-2.363,0.0,0.0004115,3.922e-06,3.922e-06,0.003922,-5.882e-05,3.663e-06,0.01961
49.266781,-2.422,-0.04395,0.0004174,3.922e-06,3.922e-06,0.003922,-5.882e-05,3.663e-06,0.01961
49.276783,-2.485,-0.07812,0.0004349,3.922e-06,3.922e-06,0.003922,-5.882e-05,3.663e-06,0.01961
49.286781,-2.554,-0.1123,0.0004465,3.922e-06,3.922e-06,0.003922,-5.882e-05,3.663e-06,0.01961
49.296783,-2.617,-0.1514,0.0004786,3.922e-06,3.922e-06,0.003922,-5.882e-05,3.663e-06,0.01961
49.306782,-2.686,-0.1758,0.000502,3.922e-06,3.922e-06,0.003922,-5.882e-05,3.663e-06,0.01961
49.316784,-2.769,-0.2197,0.0005487,3.922e-06,3.922e-06,0.003922,-5.882e-05,3.663e-06,0.01961
49.326782,-2.842,-0.2441,0.0005896,3.922e-06,3.922e-06,0.003922,-5.882e-05,3.663e-06,0.01961
49.336784,-2.92,-0.2881,0.000645,3.922e-06,3.922e-06,0.003922,-5.882e-05,3.663e-06,0.01961
49.346783,-2.993,-0.3076,0.0006946,3.922e-06,3.922e-06,0.003922,-5.882e-05,3.663e-06,0.01961
49.356781,-3.076,-0.3418,0.0007734,3.922e-06,3.922e-06,0.003922,-5.882e-05,3.663e-06,0.01961
49.366783,-3.159,-0.3613,0.0008085,3.922e-06,3.922e-06,0.003922,-5.882e-05,3.663e-06,0.01961
49.376781,-3.228,-0.3955,0.0009048,3.922e-06,3.922e-06,0.003922,-5.882e-05,3.663e-06,0.01961
49.38678,-3.315,-0.4053,0.0009573,3.922e-06,3.922e-06,0.003922,-5.882e-05,3.663e-06,0.01961
49.396782,-3.379,-0.4004,0.001022,3.922e-06,3.922e-06,0.003922,-5.882e-05,3.663e-06,0.01961
49.406784,-3.452,-0.4248,0.001094,3.922e-06,3.922e-06,0.003922,-5.882e-05,3.663e-06,0.01961
49.416782,-3.525,-0.4443,0.001176,3.922e-06,3.922e-06,0.003922,-5.882e-05,3.663e-06,0.01961
49.426781,-3.569,-0.4541,0.001258,3.922e-06,3.922e-06,0.003922,-5.882e-05,3.663e-06,0.01961
49.436783,-3.652,-0.4541,0.001325,3.922e-06,3.922e-06,0.003922,-5.882e-05,3.663e-06,0.01961
49.446781,-3.706,-0.4492,0.001407,3.922e-06,3.922e-06,0.003922,-5.882e-05,3.663e-06,0.01961
49.456783,-3.75,-0.4395,0.001483,3.922e-06,3.922e-06,0.003922,-5.882e-05,3.663e-06,0.01961
49.466782,-3.804,-0.4297,0.00155,3.922e-06,3.922e-06,0.003922,-5.882e-05,3.663e-06,0.01961
49.476784,-3.843,-0.4004,0.001611,3.922e-06,3.922e-06,0.003922,-5.882e-05,3.663e-06,0.01961
49.486782,-3.877,-0.4004,0.001687,3.922e-06,3.922e-06,0.003922,-5.882e-05,3.663e-06,0.01961
49.496784,-3.887,-0.3857,0.00176,3.922e-06,3.922e-06,0.003922,-5.882e-05,3.663e-06,0.01961
49.506783,-3.906,-0.3711,0.001827,3.922e-06,3.922e-06,0.003922,-5.882e-05,3.663e-06,0.01961
49.516785,-3.926,-0.3516,0.001888,3.922e-06,3.922e-06,0.003922,-5.882e-05,3.663e-06,0.01961
49.526783,-3.921,-0.3223,0.001947,3.922e-06,3.922e-06,0.003922,-5.882e-05,3.663e-06,0.01961
49.536781,-3.931,-0.2979,0.001993,3.922e-06,3.922e-06,0.003922,-5.882e-05,3.663e-06,0.01961
49.546783,-3.926,-0.2588,0.002037,3.922e-06,3.922e-06,0.003922,-5.882e-05,3.663e-06,0.01961
49.556782,-3.911,-0.2197,0.002078,3.922e-06,3.922e-06,0.003922,-5.882e-05,3.663e-06,0.01961
49.566784,-3.887,-0.1953,0.00211,3.922e-06,3.922e-06,0.003922,-5.882e-05,3.663e-06,0.01961
49.576782,-3.857,-0.1416,0.002133,3.922e-06,3.922e-06,0.003922,-5.882e-05,3.663e-06,0.01961
49.586781,-3.813,-0.1221,0.002163,3.922e-06,3.922e-06,0.003922,-5.882e-05,3.663e-06,0.01961
49.596783,-3.774,-0.07812,0.00218,3.922e-06,3.922e-06,0.003922,-5.882e-05,3.663e-06,0.01961
49.606781,-3.726,-0.03906,0.002192,3.922e-06,3.922e-06,0.003922,-5.882e-05,3.663e-06,0.01961
49.616783,-3.677,0.004883,0.002192,3.922e-06,3.922e-06,0.003922,-5.882e-05,3.663e-06,0.01961
49.626781,-3.613,0.05859,0.00218,3.922e-06,3.922e-06,0.003922,-5.882e-05,3.663e-06,0.01961
49.63678,-3.55,0.09277,0.002174,3.922e-06,3.922e-06,0.003922,-5.882e-05,3.663e-06,0.01961
49.646782,-3.477,0.1367,0.002154,3.922e-06,3.922e-06,0.003922,-5.882e-05,3.663e-06,0.01961
49.656784,-3.413,0.1807,0.002128,3.922e-06,3.922e-06,0.003922,-5.882e-05,3.663e-06,0.01961
49.666782,-3.33,0.21,0.002101,3.922e-06,3.922e-06,0.003922,-5.882e-05,3.663e-06,0.01961
49.676781,-3.242,0.2539,0.002066,3.922e-06,3.922e-06,0.003922,-5.882e-05,3.663e-06,0.01961
49.686783,-3.169,0.293,0.002011,3.922e-06,3.922e-06,0.003922,-5.882e-05,3.663e-06,0.01961
49.696781,-3.076,0.3223,0.00197,3.922e-06,3.922e-06,0.003922,-5.882e-05,3.663e-06,0.01961
49.706783,-2.988,0.3516,0.001918,3.922e-06,3.922e-06,0.003922,-5.882e-05,3.663e-06,0.01961
49.716782,-2.91,0.3809,0.001862,3.922e-06,3.922e-06,0.003922,-5.882e-05,3.663e-06,0.01961
49.726784,-2.837,0.4248,0.001792,3.922e-06,3.922e-06,0.003922,-5.882e-05,3.663e-06,0.01961
49.736782,-2.734,0.4346,0.001728,3.922e-06,3.922e-06,0.003922,-5.882e-05,3.663e-06,0.01961
49.74678,-2.651,0.4688,0.001646,3.922e-06,3.922e-06,0.003922,-5.882e-05,3.663e-06,0.01961
49.756783,-2.573,0.4883,0.001564,3.922e-06,3.922e-06,0.003922,-5.882e-05,3.663e-06,0.01961
49.766785,-2.49,0.4932,0.001494,3.922e-06,3.922e-06,0.003922,-5.882e-05,3.663e-06,0.01961
49.776783,-2.402,0.5225,0.001413,3.922e-06,3.922e-06,0.003922,-5.882e-05,3.663e-06,0.01961
49.786781,-2.334,0.5176,0.001334,3.922e-06,3.922e-06,0.003922,-5.882e-05,3.663e-06,0.01961
49.79678,-2.28,0.5371,0.001243,3.922e-06,3.922e-06,0.003922,-5.882e-05,3.663e-06,0.01961
49.806782,-2.192,0.5371,0.001159,3.922e-06,3.922e-06,0.003922,-5.882e-05,3.663e-06,0.01961
49.816784,-2.158,0.5371,0.001074,3.922e-06,3.922e-06,0.003922,-5.882e-05,3.663e-06,0.01961
49.826782,-2.095,0.5322,0.0009982,3.922e-06,3.922e-06,0.003922,-5.882e-05,3.663e-06,0.01961
49.836781,-2.056,0.5127,0.0009194,3.922e-06,3.922e-06,0.003922,-5.882e-05,3.663e-06,0.01961
49.846783,-2.007,0.5078,0.0008318,3.922e-06,3.922e-06,0.003922,-5.882e-05,3.663e-06,0.01961
49.856781,-1.953,0.4736,0.0007676,3.922e-06,3.922e-06,0.003922,-5.882e-05,3.663e-06,0.01961
49.866783,-1.938,0.4736,0.00068,3.922e-06,3.922e-06,0.003922,-5.882e-05,3.663e-06,0.01961
49.876781,-1.909,0.4541,0.00061,3.922e-06,3.922e-06,0.003922,-5.882e-05,3.663e-06,0.01961
49.886784,-1.909,0.4248,0.0005399,3.922e-06,3.922e-06,0.003922,-5.882e-05,3.663e-06,0.01961
49.896782,-1.88,0.3906,0.0004932,3.922e-06,3.922e-06,0.003922,-5.882e-05,3.663e-06,0.01961
49.90678,-1.89,0.3613,0.0004349,3.922e-06,3.922e-06,0.003922,-5.882e-05,3.663e-06,0.01961
49.916782,-1.904,0.3174,0.0003882,3.922e-06,3.922e-06,0.003922,-5.882e-05,3.663e-06,0.01961
49.926785,-1.909,0.2832,0.0003444,3.922e-06,3.922e-06,0.003922,-5.882e-05,3.663e-06,0.01961
49.936783,-1.948,0.2393,0.0003181,3.922e-06,3.922e-06,0.003922,-5.882e-05,3.663e-06,0.01961
49.946781,-1.987,0.21,0.0002714,3.922e-06,3.922e-06,0.003922,-5.882e-05,3.663e-06,0.01961
49.956779,-2.021,0.166,0.000251,3.922e-06,3.922e-06,0.003922,-5.882e-05,3.663e-06,0.01961
49.966782,-2.07,0.127,0.0002247,3.922e-06,3.922e-06,0.003922,-5.882e-05,3.663e-06,0.01961
49.976784,-2.129,0.09277,0.0002247,3.922e-06,3.922e-06,0.003922,-5.882e-05,3.663e-06,0.01961
49.986782,-2.188,0.0293,0.0002218,3.922e-06,3.922e-06,0.003922,-5.882e-05,3.663e-06,0.01961
49.99678,-2.236,-0.01953,0.0002306,3.922e-06,3.922e-06,0.003922,-5.882e-05,3.663e-06,0.01961
50.006783,-2.324,-0.07324,0.000251,3.922e-06,3.922e-06,0.003922,-5.882e-05,3.663e-06,0.01961
50.016785,-2.397,-0.1123,0.0002627,3.922e-06,3.922e-06,0.003922,-5.882e-05,3.663e-06,0.01961
50.026783,-2.485,-0.1465,0.000286,3.922e-06,3.922e-06,0.003922,-5.882e-05,3.663e-06,0.01961
50.036781,-2.583,-0.2002,0.0003327,3.922e-06,3.922e-06,0.003922,-5.882e-05,3.663e-06,0.01961
50.046783,-2.666,-0.2441,0.0003794,3.922e-06,3.922e-06,0.003922,-5.882e-05,3.663e-06,0.01961
50.056782,-2.754,-0.2783,0.0004174,3.922e-06,3.922e-06,0.003922,-5.882e-05,3.663e-06,0.01961
50.066784,-2.852,-0.3174,0.0004699,3.922e-06,3.922e-06,0.003922,-5.882e-05,3.663e-06,0.01961
50.076782,-2.944,-0.3418,0.0005312,3.922e-06,3.922e-06,0.003922,-5.882e-05,3.663e-06,0.01961
50.086781,-3.032,-0.3955,0.0006041,3.922e-06,3.922e-06,0.003922,-5.882e-05,3.663e-06,0.01961
50.096783,-3.13,-0.4199,0.0006742,3.922e-06,3.922e-06,0.003922,-5.882e-05,3.663e-06,0.01961
50.106781,-3.223,-0.4443,0.0007501,3.922e-06,3.922e-06,0.003922,-5.882e-05,3.663e-06,0.01961
50.116783,-3.311,-0.4785,0.0008406,3.922e-06,3.922e-06,0.003922,-5.882e-05,3.663e-06,0.01961
50.126781,-3.418,-0.4785,0.0009135,3.922e-06,3.922e-06,0.003922,-5.882e-05,3.663e-06,0.01961
50.136784,-3.496,-0.5029,0.0009952,3.922e-06,3.922e-06,0.003922,-5.882e-05,3.663e-06,0.01961
50.146782,-3.584,-0.5225,0.001097,3.922e-06,3.922e-06,0.003922,-5.882e-05,3.663e-06,0.01961
50.15678,-3.672,-0.5322,0.001182,3.922e-06,3.922e-06,0.003922,-5.882e-05,3.663e-06,0.01961
50.166782,-3.735,-0.5322,0.001264,3.922e-06,3.922e-06,0.003922,-5.882e-05,3.663e-06,0.01961
50.176781,-3.809,-0.5371,0.001366,3.922e-06,3.922e-06,0.003922,-5.882e-05,3.663e-06,0.01961
50.186783,-3.877,-0.542,0.001456,3.922e-06,3.922e-06,0.003922,-5.882e-05,3.663e-06,0.01961
50.196781,-3.926,-0.5322,0.001553,3.922e-06,3.922e-06,0.003922,-5.882e-05,3.663e-06,0.01961
50.206783,-3.984,-0.5273,0.001643,3.922e-06,3.922e-06,0.003922,-5.882e-05,3.663e-06,0.01961
50.216782,-4.043,-0.5127,0.001725,3.922e-06,3.922e-06,0.003922,-5.882e-05,3.663e-06,0.01961
50.22678,-4.053,-0.4883,0.001818,3.922e-06,3.922e-06,0.003922,-5.882e-05,3.663e-06,0.01961
50.236782,-4.106,-0.4688,0.001888,3.922e-06,3.922e-06,0.003922,-5.882e-05,3.663e-06,0.01961
50.24678,-4.116,-0.4346,0.001958,3.922e-06,3.922e-06,0.003922,-5.882e-05,3.663e-06,0.01961
50.256783,-4.126,-0.4053,0.002028,3.922e-06,3.922e-06,0.003922,-5.882e-05,3.663e-06,0.01961
50.266781,-4.136,-0.3906,0.002107,3.922e-06,3.922e-06,0.003922,-5.882e-05,3.663e-06,0.01961
50.276783,-4.116,-0.3467,0.002171,3.922e-06,3.922e-06,0.003922,-5.882e-05,3.663e-06,0.01961
50.286781,-4.116,-0.3076,0.002218,3.922e-06,3.922e-06,0.003922,-5.882e-05,3.663e-06,0.01961
50.296783,-4.097,-0.2588,0.002265,3.922e-06,3.922e-06,0.003922,-5.882e-05,3.663e-06,0.01961
50.306782,-4.067,-0.2197,0.002303,3.922e-06,3.922e-06,0.003922,-5.882e-05,3.663e-06,0.01961
50.31678,-4.033,-0.1855,0.002341,3.922e-06,3.922e-06,0.003922,-5.882e-05,3.663e-06,0.01961
50.326782,-3.989,-0.09766,0.002341,3.922e-06,3.922e-06,0.003922,-5.882e-05,3.663e-06,0.01961
50.336784,-3.945,-0.07812,0.00237,3.922e-06,3.922e-06,0.003922,-5.882e-05,3.663e-06,0.01961
50.346783,-3.862,-0.02441,0.002379,3.922e-06,3.922e-06,0.003922,-5.882e-05,3.663e-06,0.01961
50.356781,-3.794,0.01953,0.002387,3.922e-06,3.922e-06,0.003922,-5.882e-05,3.663e-06,0.01961
50.366783,-3.73,0.06348,0.002379,3.922e-06,3.922e-06,0.003922,-5.882e-05,3.663e-06,0.01961
50.376781,-3.633,0.1221,0.002358,3.922e-06,3.922e-06,0.003922,-5.882e-05,3.663e-06,0.01961
50.38678,-3.569,0.1611,0.002344,3.922e-06,3.922e-06,0.003922,-5.882e-05,3.663e-06,0.01961
50.396782,-3.472,0.2197,0.002306,3.922e-06,3.922e-06,0.003922,-5.882e-05,3.663e-06,0.01961
50.406784,-3.379,0.2686,0.002262,3.922e-06,3.922e-06,0.003922,-5.882e-05,3.663e-06,0.01961
50.416782,-3.291,0.3076,0.002215,3.922e-06,3.922e-06,0.003922,-5.882e-05,3.663e-06,0.01961
50.426785,-3.164,0.3613,0.002151,3.922e-06,3.922e-06,0.003922,-5.882e-05,3.663e-06,0.01961
50.436783,-3.086,0.3906,0.002098,3.922e-06,3.922e-06,0.003922,-5.882e-05,3.663e-06,0.01961
50.446781,-2.969,0.4346,0.002034,3.922e-06,3.922e-06,0.003922,-5.882e-05,3.663e-06,0.01961
50.456783,-2.866,0.4736,0.001961,3.922e-06,3.922e-06,0.003922,-5.882e-05,3.663e-06,0.01961
50.466782,-2.773,0.5029,0.001882,3.922e-06,3.922e-06,0.003922,-5.882e-05,3.663e-06,0.01961
50.476784,-2.661,0.5469,0.001789,3.922e-06,3.922e-06,0.003922,-5.882e-05,3.663e-06,0.01961
50.486782,-2.568,0.5664,0.001699,3.922e-06,3.922e-06,0.003922,-5.882e-05,3.663e-06,0.01961
50.49678,-2.461,0.5811,0.001617,3.922e-06,3.922e-06,0.003922,-5.882e-05,3.663e-06,0.01961
50.506783,-2.368,0.6201,0.001503,3.922e-06,3.922e-06,0.003922,-5.882e-05,3.663e-06,0.01961
50.516781,-2.271,0.6201,0.001421,3.922e-06,3.922e-06,0.003922,-5.882e-05,3.663e-06,0.01961
50.526783,-2.168,0.6348,0.001316,3.922e-06,3.922e-06,0.003922,-5.882e-05,3.663e-06,0.01961
50.536781,-2.104,0.6396,0.001211,3.922e-06,3.922e-06,0.003922,-5.882e-05,3.663e-06,0.01961
50.546783,-2.017,0.6348,0.001121,3.922e-06,3.922e-06,0.003922,-5.882e-05,3.663e-06,0.01961
50.556782,-1.958,0.6396,0.001016,3.922e-06,3.922e-06,0.003922,-5.882e-05,3.663e-06,0.01961
50.56678,-1.899,0.625,0.0009164,3.922e-06,3.922e-06,0.003922,-5.882e-05,3.663e-06,0.01961
50.576782,-1.831,0.6299,0.0008055,3.922e-06,3.922e-06,0.003922,-5.882e-05,3.663e-06,0.01961
50.586784,-1.792,0.6104,0.0007151,3.922e-06,3.922e-06,0.003922,-5.882e-05,3.663e-06,0.01961
50.596783,-1.743,0.5762,0.0006363,3.922e-06,3.922e-06,0.003922,-5.882e-05,3.663e-06,0.01961
50.606781,-1.709,0.5566,0.0005399,3.922e-06,3.922e-06,0.003922,-5.882e-05,3.663e-06,0.01961
50.616783,-1.689,0.5225,0.000467,3.922e-06,3.922e-06,0.003922,-5.882e-05,3.663e-06,0.01961
50.626781,-1.68,0.498,0.0003882,3.922e-06,3.922e-06,0.003922,-5.882e-05,3.663e-06,0.01961
50.636784,-1.68,0.459,0.0003181,3.922e-06,3.922e-06,0.003922,-5.882e-05,3.663e-06,0.01961
50.646782,-1.68,0.4199,0.000251,3.922e-06,3.922e-06,0.003922,-5.882e-05,3.663e-06,0.01961
50.656784,-1.689,0.3711,0.0001897,3.922e-06,3.922e-06,0.003922,-5.882e-05,3.663e-06,0.01961
50.666782,-1.714,0.3369,0.0001313,3.922e-06,3.922e-06,0.003922,-5.882e-05,3.663e-06,0.01961
50.676785,-1.758,0.3076,7.296e-05,3.922e-06,3.922e-06,0.003922,-5.882e-05,3.663e-06,0.01961
50.686783,-1.782,0.2393,5.253e-05,3.922e-06,3.922e-06,0.003922,-5.882e-05,3.663e-06,0.01961
50.696781,-1.816,0.1855,3.502e-05,3.922e-06,3.922e-06,0.003922,-5.882e-05,3.663e-06,0.01961
50.706783,-1.895,0.1318,2.043e-05,3.922e-06,3.922e-06,0.003922,-5.882e-05,3.663e-06,0.01961
50.716782,-1.978,0.07324,8.756e-06,3.922e-06,3.922e-06,0.003922,-5.882e-05,3.663e-06,0.01961
50.72678,-2.051,0.03906,-2.919e-06,3.922e-06,3.922e-06,0.003922,-5.882e-05,3.663e-06,0.01961
50.736782,-2.134,-0.04395,2.043e-05,3.922e-06,3.922e-06,0.003922,-5.882e-05,3.663e-06,0.01961
50.746784,-2.207,-0.08789,4.086e-05,3.922e-06,3.922e-06,0.003922,-5.882e-05,3.663e-06,0.01961
50.756783,-2.31,-0.1465,6.421e-05,3.922e-06,3.922e-06,0.003922,-5.882e-05,3.663e-06,0.01961
50.766781,-2.412,-0.2051,9.923e-05,3.922e-06,3.922e-06,0.003922,-5.882e-05,3.663e-06,0.01961
50.776783,-2.495,-0.2637,0.0001605,3.922e-06,3.922e-06,0.003922,-5.882e-05,3.663e-06,0.01961
50.786781,-2.627,-0.3076,0.0002043,3.922e-06,3.922e-06,0.003922,-5.882e-05,3.663e-06,0.01961
50.79678,-2.729,-0.3516,0.0002627,3.922e-06,3.922e-06,0.003922,-5.882e-05,3.663e-06,0.01961
50.806782,-2.842,-0.4004,0.0003327,3.922e-06,3.922e-06,0.003922,-5.882e-05,3.663e-06,0.01961
50.81678,-2.964,-0.4443,0.0004115,3.922e-06,3.922e-06,0.003922,-5.882e-05,3.663e-06,0.01961
50.826782,-3.086,-0.4736,0.0004816,3.922e-06,3.922e-06,0.003922,-5.882e-05,3.663e-06,0.01961
50.836781,-3.198,-0.5225,0.0005837,3.922e-06,3.922e-06,0.003922,-5.882e-05,3.663e-06,0.01961
50.846783,-3.311,-0.542,0.0006654,3.922e-06,3.922e-06,0.003922,-5.882e-05,3.663e-06,0.01961
50.856781,-3.413,-0.5762,0.0007705,3.922e-06,3.922e-06,0.003922,-5.882e-05,3.663e-06,0.01961
50.866783,-3.53,-0.6055,0.0008727,3.922e-06,3.922e-06,0.003922,-5.882e-05,3.663e-06,0.01961
50.876781,-3.628,-0.6201,0.0009777,3.922e-06,3.922e-06,0.003922,-5.882e-05,3.663e-06,0.01961
50.88678,-3.73,-0.6543,0.001094,3.922e-06,3.922e-06,0.003922,-5.882e-05,3.663e-06,0.01961
50.896782,-3.823,-0.6494,0.0012,3.922e-06,3.922e-06,0.003922,-5.882e-05,3.663e-06,0.01961
50.906784,-3.921,-0.6592,0.00131,3.922e-06,3.922e-06,0.003922,-5.882e-05,3.663e-06,0.01961
50.916782,-3.999,-0.6543,0.001413,3.922e-06,3.922e-06,0.003922,-5.882e-05,3.663e-06,0.01961
50.926785,-4.077,-0.6543,0.001532,3.922e-06,3.922e-06,0.003922,-5.882e-05,3.663e-06,0.01961
50.936783,-4.155,-0.6445,0.001637,3.922e-06,3.922e-06,0.003922,-5.882e-05,3.663e-06,0.01961
50.946781,-4.204,-0.6201,0.001737,3.922e-06,3.922e-06,0.003922,-5.882e-05,3.663e-06,0.01961
50.956783,-4.258,-0.6152,0.001847,3.922e-06,3.922e-06,0.003922,-5.882e-05,3.663e-06,0.01961
50.966782,-4.307,-0.5908,0.001953,3.922e-06,3.922e-06,0.003922,-5.882e-05,3.663e-06,0.01961
50.976784,-4.336,-0.5469,0.002037,3.922e-06,3.922e-06,0.003922,-5.882e-05,3.663e-06,0.01961
50.986782,-4.355,-0.5371,0.002145,3.922e-06,3.922e-06,0.003922,-5.882e-05,3.663e-06,0.01961
50.99678,-4.375,-0.4932,0.002221,3.922e-06,3.922e-06,0.003922,-5.882e-05,3.663e-06,0.01961
51.006783,-4.38,-0.4492,0.002294,3.922e-06,3.922e-06,0.003922,-5.882e-05,3.663e-06,0.01961
51.016781,-4.365,-0.4102,0.002361,3.922e-06,3.922e-06,0.003922,-5.882e-05,3.663e-06,0.01961
51.026783,-4.331,-0.3613,0.002428,3.922e-06,3.922e-06,0.003922,-5.882e-05,3.663e-06,0.01961
51.036781,-4.331,-0.3076,0.002478,3.922e-06,3.922e-06,0.003922,-5.882e-05,3.663e-06,0.01961
51.046783,-4.297,-0.2588,0.00253,3.922e-06,3.922e-06,0.003922,-5.882e-05,3.663e-06,0.01961
51.056782,-4.229,-0.2002,0.002563,3.922e-06,3.922e-06,0.003922,-5.882e-05,3.663e-06,0.01961
51.066784,-4.175,-0.1514,0.002595,3.922e-06,3.922e-06,0.003922,-5.882e-05,3.663e-06,0.01961
51.076782,-4.126,-0.06836,0.002598,3.922e-06,3.922e-06,0.003922,-5.882e-05,3.663e-06,0.01961
51.086784,-4.053,-0.02441,0.002618,3.922e-06,3.922e-06,0.003922,-5.882e-05,3.663e-06,0.01961
51.096783,-3.955,0.0293,0.002618,3.922e-06,3.922e-06,0.003922,-5.882e-05,3.663e-06,0.01961
51.106781,-3.872,0.1025,0.002598,3.922e-06,3.922e-06,0.003922,-5.882e-05,3.663e-06,0.01961
51.116783,-3.779,0.1611,0.002577,3.922e-06,3.922e-06,0.003922,-5.882e-05,3.663e-06,0.01961
51.126781,-3.647,0.21,0.002557,3.922e-06,3.922e-06,0.003922,-5.882e-05,3.663e-06,0.01961
51.136784,-3.56,0.2734,0.002504,3.922e-06,3.922e-06,0.003922,-5.882e-05,3.663e-06,0.01961
51.146782,-3.438,0.332,0.002457,3.922e-06,3.922e-06,0.003922,-5.882e-05,3.663e-06,0.01961
51.15678,-3.315,0.3906,0.002399,3.922e-06,3.922e-06,0.003922,-5.882e-05,3.663e-06,0.01961
51.166782,-3.213,0.4443,0.002332,3.922e-06,3.922e-06,0.003922,-5.882e-05,3.663e-06,0.01961
51.176781,-3.071,0.5029,0.002244,3.922e-06,3.922e-06,0.003922,-5.882e-05,3.663e-06,0.01961
51.186783,-2.959,0.542,0.002169,3.922e-06,3.922e-06,0.003922,-5.882e-05,3.663e-06,0.01961
51.196781,-2.827,0.5859,0.002078,3.922e-06,3.922e-06,0.003922,-5.882e-05,3.663e-06,0.01961
51.206779,-2.69,0.6201,0.001979,3.922e-06,3.922e-06,0.003922,-5.882e-05,3.663e-06,0.01961
51.216782,-2.578,0.6592,0.001874,3.922e-06,3.922e-06,0.003922,-5.882e-05,3.663e-06,0.01961
51.22678,-2.461,0.6982,0.001763,3.922e-06,3.922e-06,0.003922,-5.882e-05,3.663e-06,0.01961
51.236782,-2.329,0.708,0.001658,3.922e-06,3.922e-06,0.003922,-5.882e-05,3.663e-06,0.01961
51.24678,-2.207,0.7324,0.00155,3.922e-06,3.922e-06,0.003922,-5.882e-05,3.663e-06,0.01961
51.256783,-2.114,0.7471,0.001427,3.922e-06,3.922e-06,0.003922,-5.882e-05,3.663e-06,0.01961
51.266781,-2.012,0.752,0.001308,3.922e-06,3.922e-06,0.003922,-5.882e-05,3.663e-06,0.01961
51.276783,-1.909,0.7764,0.001179,3.922e-06,3.922e-06,0.003922,-5.882e-05,3.663e-06,0.01961
51.286781,-1.821,0.7764,0.001048,3.922e-06,3.922e-06,0.003922,-5.882e-05,3.663e-06,0.01961
51.29678,-1.729,0.7715,0.000931,3.922e-06,3.922e-06,0.003922,-5.882e-05,3.663e-06,0.01961
51.306782,-1.646,0.7568,0.0008172,3.922e-06,3.922e-06,0.003922,-5.882e-05,3.663e-06,0.01961
51.316784,-1.577,0.7422,0.0006917,3.922e-06,3.922e-06,0.003922,-5.882e-05,3.663e-06,0.01961
51.326782,-1.499,0.7129,0.0005896,3.922e-06,3.922e-06,0.003922,-5.882e-05,3.663e-06,0.01961
51.336781,-1.455,0.6836,0.0004845,3.922e-06,3.922e-06,0.003922,-5.882e-05,3.663e-06,0.01961
51.346783,-1.382,0.6641,0.0003794,3.922e-06,3.922e-06,0.003922,-5.882e-05,3.663e-06,0.01961
51.356781,-1.323,0.6348,0.0002743,3.922e-06,3.922e-06,0.003922,-5.882e-05,3.663e-06,0.01961
51.366783,-1.274,0.5957,0.000178,3.922e-06,3.922e-06,0.003922,-5.882e-05,3.663e-06,0.01961
51.376781,-1.226,0.5615,7.88e-05,3.922e-06,3.922e-06,0.003922,-5.882e-05,3.663e-06,0.01961
51.386784,-1.172,0.5029,2.043e-05,3.922e-06,3.922e-06,0.003922,-5.882e-05,3.663e-06,0.01961
51.396782,-1.138,0.4639,-5.545e-05,3.922e-06,3.922e-06,0.003922,-5.882e-05,3.663e-06,0.01961
51.40678,-1.118,0.4102,-0.0001197,3.922e-06,3.922e-06,0.003922,-5.882e-05,3.663e-06,0.01961
51.416782,-1.104,0.3564,-0.0001693,3.922e-06,3.922e-06,0.003922,-5.882e-05,3.663e-06,0.01961
51.426781,-1.108,0.3174,-0.0002218,3.922e-06,3.922e-06,0.003922,-5.882e-05,3.663e-06,0.01961
51.436783,-1.138,0.2588,-0.0002598,3.922e-06,3.922e-06,0.003922,-5.882e-05,3.663e-06,0.01961
51.446781,-1.157,0.2051,-0.000286,3.922e-06,3.922e-06,0.003922,-5.882e-05,3.663e-06,0.01961
51.456783,-1.206,0.1562,-0.0003123,3.922e-06,3.922e-06,0.003922,-5.882e-05,3.663e-06,0.01961
51.466782,-1.265,0.09277,-0.000321,3.922e-06,3.922e-06,0.003922,-5.882e-05,3.663e-06,0.01961
51.476784,-1.343,0.03906,-0.000324,3.922e-06,3.922e-06,0.003922,-5.882e-05,3.663e-06,0.01961
51.486782,-1.45,-0.0293,-0.0003123,3.922e-06,3.922e-06,0.003922,-5.882e-05,3.663e-06,0.01961
51.496784,-1.572,-0.08301,-0.0002948,3.922e-06,3.922e-06,0.003922,-5.882e-05,3.663e-06,0.01961
51.506783,-1.714,-0.1514,-0.0002627,3.922e-06,3.922e-06,0.003922,-5.882e-05,3.663e-06,0.01961
51.516781,-1.87,-0.21,-0.0002277,3.922e-06,3.922e-06,0.003922,-5.882e-05,3.663e-06,0.01961
51.526783,-2.017,-0.2588,-0.0001839,3.922e-06,3.922e-06,0.003922,-5.882e-05,3.663e-06,0.01961
51.536781,-2.168,-0.3223,-0.0001313,3.922e-06,3.922e-06,0.003922,-5.882e-05,3.663e-06,0.01961
51.546783,-2.319,-0.376,-6.421e-05,3.922e-06,3.922e-06,0.003922,-5.882e-05,3.663e-06,0.01961
51.556782,-2.476,-0.4346,1.167e-05,3.922e-06,3.922e-06,0.003922,-5.882e-05,3.663e-06,0.01961
51.566784,-2.627,-0.4834,9.048e-05,3.922e-06,3.922e-06,0.003922,-5.882e-05,3.663e-06,0.01961
51.576782,-2.793,-0.5371,0.0001897,3.922e-06,3.922e-06,0.003922,-5.882e-05,3.663e-06,0.01961
51.586781,-2.93,-0.5908,0.0002889,3.922e-06,3.922e-06,0.003922,-5.882e-05,3.663e-06,0.01961
51.596783,-3.081,-0.6299,0.0003998,3.922e-06,3.922e-06,0.003922,-5.882e-05,3.663e-06,0.01961
51.606781,-3.232,-0.6592,0.0005049,3.922e-06,3.922e-06,0.003922,-5.882e-05,3.663e-06,0.01961
51.616783,-3.384,-0.7129,0.0006363,3.922e-06,3.922e-06,0.003922,-5.882e-05,3.663e-06,0.01961
51.626781,-3.511,-0.7324,0.0007588,3.922e-06,3.922e-06,0.003922,-5.882e-05,3.663e-06,0.01961
51.63678,-3.657,-0.7568,0.0008697,3.922e-06,3.922e-06,0.003922,-5.882e-05,3.663e-06,0.01961
51.646782,-3.784,-0.7715,0.0009982,3.922e-06,3.922e-06,0.003922,-5.882e-05,3.663e-06,0.01961
51.656784,-3.911,-0.7812,0.001124,3.922e-06,3.922e-06,0.003922,-5.882e-05,3.663e-06,0.01961
51.666782,-4.019,-0.7959,0.001267,3.922e-06,3.922e-06,0.003922,-5.882e-05,3.663e-06,0.01961
51.676781,-4.121,-0.791,0.001398,3.922e-06,3.922e-06,0.003922,-5.882e-05,3.663e-06,0.01961
51.686783,-4.233,-0.791,0.001529,3.922e-06,3.922e-06,0.003922,-5.882e-05,3.663e-06,0.01961
51.696781,-4.312,-0.7812,0.001667,3.922e-06,3.922e-06,0.003922,-5.882e-05,3.663e-06,0.01961
51.706779,-4.399,-0.7715,0.001807,3.922e-06,3.922e-06,0.003922,-5.882e-05,3.663e-06,0.01961
51.716782,-4.473,-0.752,0.00192,3.922e-06,3.922e-06,0.003922,-5.882e-05,3.663e-06,0.01961
51.726784,-4.517,-0.7178,0.00204,3.922e-06,3.922e-06,0.003922,-5.882e-05,3.663e-06,0.01961
51.736782,-4.575,-0.6836,0.002154,3.922e-06,3.922e-06,0.003922,-5.882e-05,3.663e-06,0.01961
51.74678,-4.595,-0.6445,0.002262,3.922e-06,3.922e-06,0.003922,-5.882e-05,3.663e-06,0.01961
51.756783,-4.614,-0.6152,0.002373,3.922e-06,3.922e-06,0.003922,-5.882e-05,3.663e-06,0.01961
51.766781,-4.629,-0.5713,0.002466,3.922e-06,3.922e-06,0.003922,-5.882e-05,3.663e-06,0.01961
51.776783,-4.624,-0.498,0.002536,3.922e-06,3.922e-06,0.003922,-5.882e-05,3.663e-06,0.01961
51.786781,-4.609,-0.4492,0.002615,3.922e-06,3.922e-06,0.003922,-5.882e-05,3.663e-06,0.01961
51.796783,-4.575,-0.3955,0.0027,3.922e-06,3.922e-06,0.003922,-5.882e-05,3.663e-06,0.01961
51.806782,-4.536,-0.332,0.002755,3.922e-06,3.922e-06,0.003922,-5.882e-05,3.663e-06,0.01961
51.816784,-4.497,-0.2783,0.002808,3.922e-06,3.922e-06,0.003922,-5.882e-05,3.663e-06,0.01961
51.826782,-4.414,-0.1953,0.002834,3.922e-06,3.922e-06,0.003922,-5.882e-05,3.663e-06,0.01961
51.836781,-4.365,-0.1318,0.00286,3.922e-06,3.922e-06,0.003922,-5.882e-05,3.663e-06,0.01961
51.846783,-4.263,-0.04883,0.002872,3.922e-06,3.922e-06,0.003922,-5.882e-05,3.663e-06,0.01961
51.856781,-4.165,0.01465,0.002875,3.922e-06,3.922e-06,0.003922,-5.882e-05,3.663e-06,0.01961
51.866783,-4.072,0.08789,0.002854,3.922e-06,3.922e-06,0.003922,-5.882e-05,3.663e-06,0.01961
51.876781,-3.936,0.1562,0.002846,3.922e-06,3.922e-06,0.003922,-5.882e-05,3.663e-06,0.01961
51.886784,-3.843,0.2344,0.002799,3.922e-06,3.922e-06,0.003922,-5.882e-05,3.663e-06,0.01961
51.896782,-3.706,0.2979,0.002764,3.922e-06,3.922e-06,0.003922,-5.882e-05,3.663e-06,0.01961
51.90678,-3.569,0.3711,0.002708,3.922e-06,3.922e-06,0.003922,-5.882e-05,3.663e-06,0.01961
51.916782,-3.442,0.4346,0.002635,3.922e-06,3.922e-06,0.003922,-5.882e-05,3.663e-06,0.01961
51.926781,-3.291,0.5078,0.00256,3.922e-06,3.922e-06,0.003922,-5.882e-05,3.663e-06,0.01961
51.936783,-3.149,0.5518,0.002478,3.922e-06,3.922e-06,0.003922,-5.882e-05,3.663e-06,0.01961
51.946781,-2.983,0.6299,0.002367,3.922e-06,3.922e-06,0.003922,-5.882e-05,3.663e-06,0.01961
51.956783,-2.842,0.6738,0.002268,3.922e-06,3.922e-06,0.003922,-5.882e-05,3.663e-06,0.01961
51.966782,-2.69,0.708,0.002163,3.922e-06,3.922e-06,0.003922,-5.882e-05,3.663e-06,0.01961
51.97678,-2.549,0.7715,0.002034,3.922e-06,3.922e-06,0.003922,-5.882e-05,3.663e-06,0.01961
51.986782,-2.412,0.7959,0.001918,3.922e-06,3.922e-06,0.003922,-5.882e-05,3.663e-06,0.01961
51.99678,-2.251,0.8447,0.00178,3.922e-06,3.922e-06,0.003922,-5.882e-05,3.663e-06,0.01961
52.006783,-2.119,0.8643,0.001649,3.922e-06,3.922e-06,0.003922,-5.882e-05,3.663e-06,0.01961
52.016781,-1.987,0.8838,0.001503,3.922e-06,3.922e-06,0.003922,-5.882e-05,3.663e-06,0.01961
52.026783,-1.865,0.9131,0.001343,3.922e-06,3.922e-06,0.003922,-5.882e-05,3.663e-06,0.01961
52.036781,-1.738,0.9033,0.00122,3.922e-06,3.922e-06,0.003922,-5.882e-05,3.663e-06,0.01961
52.046783,-1.616,0.9131,0.001065,3.922e-06,3.922e-06,0.003922,-5.882e-05,3.663e-06,0.01961
52.056782,-1.509,0.9082,0.0009194,3.922e-06,3.922e-06,0.003922,-5.882e-05,3.663e-06,0.01961
52.066784,-1.392,0.8984,0.0007793,3.922e-06,3.922e-06,0.003922,-5.882e-05,3.663e-06,0.01961
52.076782,-1.25,0.8789,0.000645,3.922e-06,3.922e-06,0.003922,-5.882e-05,3.663e-06,0.01961
52.086781,-1.147,0.8691,0.0004903,3.922e-06,3.922e-06,0.003922,-5.882e-05,3.663e-06,0.01961
52.096783,-1.006,0.835,0.0003765,3.922e-06,3.922e-06,0.003922,-5.882e-05,3.663e-06,0.01961
52.106785,-0.8838,0.8105,0.0002422,3.922e-06,3.922e-06,0.003922,-5.882e-05,3.663e-06,0.01961
52.116783,-0.7568,0.7715,0.0001197,3.922e-06,3.922e-06,0.003922,-5.882e-05,3.663e-06,0.01961
52.126781,-0.6152,0.752,0.0,3.922e-06,3.922e-06,0.003922,-5.882e-05,3.663e-06,0.01961
52.136784,-0.4932,0.7129,-0.0001167,3.922e-06,3.922e-06,0.003922,-5.882e-05,3.663e-06,0.01961
52.146782,-0.3564,0.6787,-0.0002247,3.922e-06,3.922e-06,0.003922,-5.882e-05,3.663e-06,0.01961
52.156784,-0.2295,0.625,-0.0003123,3.922e-06,3.922e-06,0.003922,-5.882e-05,3.663e-06,0.01961
52.166782,-0.1074,0.5762,-0.0003998,3.922e-06,3.922e-06,0.003922,-5.882e-05,3.663e-06,0.01961
52.176781,0.01465,0.542,-0.0004874,3.922e-06,3.922e-06,0.003922,-5.882e-05,3.663e-06,0.01961
52.186783,0.1172,0.4834,-0.0005545,3.922e-06,3.922e-06,0.003922,-5.882e-05,3.663e-06,0.01961
52.196781,0.2295,0.4443,-0.0006246,3.922e-06,3.922e-06,0.003922,-5.882e-05,3.663e-06,0.01961
52.206783,0.3223,0.3955,-0.0006859,3.922e-06,3.922e-06,0.003922,-5.882e-05,3.663e-06,0.01961
52.216782,0.415,0.3418,-0.0007296,3.922e-06,3.922e-06,0.003922,-5.882e-05,3.663e-06,0.01961
52.226784,0.5322,0.3076,-0.0007734,3.922e-06,3.922e-06,0.003922,-5.882e-05,3.663e-06,0.01961
52.236782,0.6152,0.2637,-0.0008201,3.922e-06,3.922e-06,0.003922,-5.882e-05,3.663e-06,0.01961
52.24678,0.7031,0.2246,-0.0008493,3.922e-06,3.922e-06,0.003922,-5.882e-05,3.663e-06,0.01961
52.256783,0.7764,0.1807,-0.0008668,3.922e-06,3.922e-06,0.003922,-5.882e-05,3.663e-06,0.01961
52.266785,0.8496,0.1367,-0.0008902,3.922e-06,3.922e-06,0.003922,-5.882e-05,3.663e-06,0.01961
52.276783,0.918,0.1123,-0.0009048,3.922e-06,3.922e-06,0.003922,-5.882e-05,3.663e-06,0.01961
52.286781,0.9814,0.07324,-0.0009077,3.922e-06,3.922e-06,0.003922,-5.882e-05,3.663e-06,0.01961
52.296783,1.055,0.04395,-0.000896,3.922e-06,3.922e-06,0.003922,-5.882e-05,3.663e-06,0.01961
52.306782,1.094,0.01465,-0.0009048,3.922e-06,3.922e-06,0.003922,-5.882e-05,3.663e-06,0.01961
52.316784,1.138,-0.01465,-0.000896,3.922e-06,3.922e-06,0.003922,-5.882e-05,3.663e-06,0.01961
52.326782,1.206,-0.0293,-0.0008843,3.922e-06,3.922e-06,0.003922,-5.882e-05,3.663e-06,0.01961
52.336781,1.245,-0.05371,-0.0008756,3.922e-06,3.922e-06,0.003922,-5.882e-05,3.663e-06,0.01961
52.346783,1.299,-0.08301,-0.0008435,3.922e-06,3.922e-06,0.003922,-5.882e-05,3.663e-06,0.01961
52.356781,1.343,-0.08301,-0.0008347,3.922e-06,3.922e-06,0.003922,-5.882e-05,3.663e-06,0.01961
52.366783,1.382,-0.09766,-0.0008114,3.922e-06,3.922e-06,0.003922,-5.882e-05,3.663e-06,0.01961
52.376781,1.445,-0.1172,-0.0007734,3.922e-06,3.922e-06,0.003922,-5.882e-05,3.663e-06,0.01961
52.386784,1.479,-0.127,-0.0007501,3.922e-06,3.922e-06,0.003922,-5.882e-05,3.663e-06,0.01961
52.396782,1.519,-0.1172,-0.0007296,3.922e-06,3.922e-06,0.003922,-5.882e-05,3.663e-06,0.01961
52.40678,1.572,-0.1221,-0.0006975,3.922e-06,3.922e-06,0.003922,-5.882e-05,3.663e-06,0.01961
52.416782,1.611,-0.1123,-0.0006859,3.922e-06,3.922e-06,0.003922,-5.882e-05,3.663e-06,0.01961
52.426781,1.694,-0.1123,-0.0006421,3.922e-06,3.922e-06,0.003922,-5.882e-05,3.663e-06,0.01961
52.436783,1.753,-0.1025,-0.0006392,3.922e-06,3.922e-06,0.003922,-5.882e-05,3.663e-06,0.01961
52.446781,1.831,-0.07812,-0.0006246,3.922e-06,3.922e-06,0.003922,-5.882e-05,3.663e-06,0.01961
52.456783,1.904,-0.07324,-0.0005954,3.922e-06,3.922e-06,0.003922,-5.882e-05,3.663e-06,0.01961
52.466782,1.978,-0.05859,-0.0005866,3.922e-06,3.922e-06,0.003922,-5.882e-05,3.663e-06,0.01961
52.476784,2.065,-0.0293,-0.0005691,3.922e-06,3.922e-06,0.003922,-5.882e-05,3.663e-06,0.01961
52.486782,2.134,-0.009766,-0.0005604,3.922e-06,3.922e-06,0.003922,-5.882e-05,3.663e-06,0.01961
52.49678,2.207,0.02441,-0.0005691,3.922e-06,3.922e-06,0.003922,-5.882e-05,3.663e-06,0.01961
52.506783,2.275,0.04883,-0.0005633,3.922e-06,3.922e-06,0.003922,-5.882e-05,3.663e-06,0.01961
52.516785,2.358,0.06836,-0.0005691,3.922e-06,3.922e-06,0.003922,-5.882e-05,3.663e-06,0.01961
52.526783,2.441,0.09766,-0.0005662,3.922e-06,3.922e-06,0.003922,-5.882e-05,3.663e-06,0.01961
52.536781,2.5,0.1172,-0.0005866,3.922e-06,3.922e-06,0.003922,-5.882e-05,3.663e-06,0.01961
52.546783,2.588,0.1611,-0.00061,3.922e-06,3.922e-06,0.003922,-5.882e-05,3.663e-06,0.01961
52.556782,2.676,0.1807,-0.0006304,3.922e-06,3.922e-06,0.003922,-5.882e-05,3.663e-06,0.01961
52.56678,2.734,0.21,-0.0006625,3.922e-06,3.922e-06,0.003922,-5.882e-05,3.663e-06,0.01961
52.576782,2.817,0.2441,-0.0006975,3.922e-06,3.922e-06,0.003922,-5.882e-05,3.663e-06,0.01961
52.586784,2.9,0.2637,-0.0007296,3.922e-06,3.922e-06,0.003922,-5.882e-05,3.663e-06,0.01961
52.596783,2.988,0.293,-0.0007705,3.922e-06,3.922e-06,0.003922,-5.882e-05,3.663e-06,0.01961
52.606781,3.047,0.3174,-0.0008172,3.922e-06,3.922e-06,0.003922,-5.882e-05,3.663e-06,0.01961
52.616783,3.125,0.3369,-0.0008727,3.922e-06,3.922e-06,0.003922,-5.882e-05,3.663e-06,0.01961
52.626785,3.218,0.3516,-0.0009135,3.922e-06,3.922e-06,0.003922,-5.882e-05,3.663e-06,0.01961
52.63678,3.281,0.376,-0.0009719,3.922e-06,3.922e-06,0.003922,-5.882e-05,3.663e-06,0.01961
52.646782,3.369,0.4004,-0.001036,3.922e-06,3.922e-06,0.003922,-5.882e-05,3.663e-06,0.01961
52.65678,3.442,0.4102,-0.001094,3.922e-06,3.922e-06,0.003922,-5.882e-05,3.663e-06,0.01961
52.666782,3.506,0.4199,-0.001153,3.922e-06,3.922e-06,0.003922,-5.882e-05,3.663e-06,0.01961
52.676781,3.589,0.4297,-0.001217,3.922e-06,3.922e-06,0.003922,-5.882e-05,3.663e-06,0.01961
52.686783,3.643,0.4346,-0.001284,3.922e-06,3.922e-06,0.003922,-5.882e-05,3.663e-06,0.01961
52.696781,3.696,0.4443,-0.001354,3.922e-06,3.922e-06,0.003922,-5.882e-05,3.663e-06,0.01961
52.706783,3.745,0.4297,-0.001413,3.922e-06,3.922e-06,0.003922,-5.882e-05,3.663e-06,0.01961
52.716782,3.794,0.4297,-0.00148,3.922e-06,3.922e-06,0.003922,-5.882e-05,3.663e-06,0.01961
52.726784,3.838,0.4443,-0.001556,3.922e-06,3.922e-06,0.003922,-5.882e-05,3.663e-06,0.01961
52.736782,3.887,0.4199,-0.001611,3.922e-06,3.922e-06,0.003922,-5.882e-05,3.663e-06,0.01961
52.74678,3.926,0.4199,-0.001669,3.922e-06,3.922e-06,0.003922,-5.882e-05,3.663e-06,0.01961
52.756783,3.945,0.4053,-0.001737,3.922e-06,3.922e-06,0.003922,-5.882e-05,3.663e-06,0.01961
52.766781,3.97,0.3809,-0.001792,3.922e-06,3.922e-06,0.003922,-5.882e-05,3.663e-06,0.01961
52.776783,3.994,0.376,-0.00185,3.922e-06,3.922e-06,0.003922,-5.882e-05,3.663e-06,0.01961
52.786781,3.994,0.3418,-0.001897,3.922e-06,3.922e-06,0.003922,-5.882e-05,3.663e-06,0.01961
52.796783,4.004,0.332,-0.001953,3.922e-06,3.922e-06,0.003922,-5.882e-05,3.663e-06,0.01961
52.806782,4.004,0.3125,-0.001996,3.922e-06,3.922e-06,0.003922,-5.882e-05,3.663e-06,0.01961
52.816784,4.004,0.2686,-0.002028,3.922e-06,3.922e-06,0.003922,-5.882e-05,3.663e-06,0.01961
52.826782,3.999,0.2539,-0.002069,3.922e-06,3.922e-06,0.003922,-5.882e-05,3.663e-06,0.01961
52.836781,3.979,0.21,-0.002093,3.922e-06,3.922e-06,0.003922,-5.882e-05,3.663e-06,0.01961
52.846783,3.955,0.1855,-0.002113,3.922e-06,3.922e-06,0.003922,-5.882e-05,3.663e-06,0.01961
52.856781,3.931,0.1465,-0.002125,3.922e-06,3.922e-06,0.003922,-5.882e-05,3.663e-06,0.01961
52.866783,3.877,0.1074,-0.002145,3.922e-06,3.922e-06,0.003922,-5.882e-05,3.663e-06,0.01961
52.876781,3.848,0.08789,-0.00216,3.922e-06,3.922e-06,0.003922,-5.882e-05,3.663e-06,0.01961
52.88678,3.804,0.03418,-0.002148,3.922e-06,3.922e-06,0.003922,-5.882e-05,3.663e-06,0.01961
52.896782,3.75,0.009766,-0.002151,3.922e-06,3.922e-06,0.003922,-5.882e-05,3.663e-06,0.01961
52.90678,3.696,-0.02441,-0.002142,3.922e-06,3.922e-06,0.003922,-5.882e-05,3.663e-06,0.01961
52.916782,3.638,-0.05859,-0.002131,3.922e-06,3.922e-06,0.003922,-5.882e-05,3.663e-06,0.01961
52.926781,3.569,-0.1025,-0.002098,3.922e-06,3.922e-06,0.003922,-5.882e-05,3.663e-06,0.01961
52.936783,3.516,-0.1514,-0.002063,3.922e-06,3.922e-06,0.003922,-5.882e-05,3.663e-06,0.01961
52.946781,3.442,-0.166,-0.00204,3.922e-06,3.922e-06,0.003922,-5.882e-05,3.663e-06,0.01961
52.956783,3.359,-0.1953,-0.002014,3.922e-06,3.922e-06,0.003922,-5.882e-05,3.663e-06,0.01961
52.966782,3.291,-0.2344,-0.001967,3.922e-06,3.922e-06,0.003922,-5.882e-05,3.663e-06,0.01961
52.976784,3.223,-0.2539,-0.001918,3.922e-06,3.922e-06,0.003922,-5.882e-05,3.663e-06,0.01961
52.986782,3.14,-0.2783,-0.001877,3.922e-06,3.922e-06,0.003922,-5.882e-05,3.663e-06,0.01961
52.996784,3.086,-0.3076,-0.00181,3.922e-06,3.922e-06,0.003922,-5.882e-05,3.663e-06,0.01961
53.006783,3.008,-0.3369,-0.001751,3.922e-06,3.922e-06,0.003922,-5.882e-05,3.663e-06,0.01961
53.016785,2.939,-0.3516,-0.00169,3.922e-06,3.922e-06,0.003922,-5.882e-05,3.663e-06,0.01961
53.026783,2.861,-0.3516,-0.001631,3.922e-06,3.922e-06,0.003922,-5.882e-05,3.663e-06,0.01961
53.036781,2.808,-0.3955,-0.001553,3.922e-06,3.922e-06,0.003922,-5.882e-05,3.663e-06,0.01961
53.046783,2.725,-0.3857,-0.001494,3.922e-06,3.922e-06,0.003922,-5.882e-05,3.663e-06,0.01961
53.056782,2.661,-0.4053,-0.001418,3.922e-06,3.922e-06,0.003922,-5.882e-05,3.663e-06,0.01961
53.066784,2.598,-0.4053,-0.001348,3.922e-06,3.922e-06,0.003922,-5.882e-05,3.663e-06,0.01961
53.076782,2.559,-0.3906,-0.001287,3.922e-06,3.922e-06,0.003922,-5.882e-05,3.663e-06,0.01961
53.086781,2.495,-0.4004,-0.001214,3.922e-06,3.922e-06,0.003922,-5.882e-05,3.663e-06,0.01961
53.096783,2.451,-0.3955,-0.001138,3.922e-06,3.922e-06,0.003922,-5.882e-05,3.663e-06,0.01961
53.106781,2.412,-0.3955,-0.001062,3.922e-06,3.922e-06,0.003922,-5.882e-05,3.663e-06,0.01961
53.116783,2.373,-0.3809,-0.001001,3.922e-06,3.922e-06,0.003922,-5.882e-05,3.663e-06,0.01961
53.126781,2.354,-0.3662,-0.0009281,3.922e-06,3.922e-06,0.003922,-5.882e-05,3.663e-06,0.01961
53.136784,2.314,-0.3467,-0.0008756,3.922e-06,3.922e-06,0.003922,-5.882e-05,3.663e-06,0.01961
53.146782,2.305,-0.3418,-0.0008055,3.922e-06,3.922e-06,0.003922,-5.882e-05,3.663e-06,0.01961
53.15678,2.29,-0.3174,-0.0007501,3.922e-06,3.922e-06,0.003922,-5.882e-05,3.663e-06,0.01961
53.166782,2.29,-0.2832,-0.0007063,3.922e-06,3.922e-06,0.003922,-5.882e-05,3.663e-06,0.01961
53.176781,2.285,-0.249,-0.0006625,3.922e-06,3.922e-06,0.003922,-5.882e-05,3.663e-06,0.01961
53.186783,2.29,-0.2197,-0.0006246,3.922e-06,3.922e-06,0.003922,-5.882e-05,3.663e-06,0.01961
53.196781,2.31,-0.1953,-0.0005779,3.922e-06,3.922e-06,0.003922,-5.882e-05,3.663e-06,0.01961
53.206783,2.339,-0.1611,-0.0005487,3.922e-06,3.922e-06,0.003922,-5.882e-05,3.663e-06,0.01961
53.216782,2.363,-0.1318,-0.0005166,3.922e-06,3.922e-06,0.003922,-5.882e-05,3.663e-06,0.01961
53.226784,2.393,-0.08301,-0.0005049,3.922e-06,3.922e-06,0.003922,-5.882e-05,3.663e-06,0.01961
53.236782,2.432,-0.04883,-0.0004903,3.922e-06,3.922e-06,0.003922,-5.882e-05,3.663e-06,0.01961
53.246784,2.48,-0.009766,-0.0004816,3.922e-06,3.922e-06,0.003922,-5.882e-05,3.663e-06,0.01961
53.256783,2.534,0.02441,-0.0004786,3.922e-06,3.922e-06,0.003922,-5.882e-05,3.663e-06,0.01961
53.266781,2.593,0.06348,-0.0004874,3.922e-06,3.922e-06,0.003922,-5.882e-05,3.663e-06,0.01961
53.276783,2.666,0.1025,-0.0004932,3.922e-06,3.922e-06,0.003922,-5.882e-05,3.663e-06,0.01961
53.286781,2.705,0.1465,-0.0005195,3.922e-06,3.922e-06,0.003922,-5.882e-05,3.663e-06,0.01961
53.296783,2.798,0.1807,-0.0005341,3.922e-06,3.922e-06,0.003922,-5.882e-05,3.663e-06,0.01961
53.306782,2.866,0.2148,-0.0005516,3.922e-06,3.922e-06,0.003922,-5.882e-05,3.663e-06,0.01961
53.316784,2.935,0.2539,-0.00061,3.922e-06,3.922e-06,0.003922,-5.882e-05,3.663e-06,0.01961
53.326782,3.022,0.2832,-0.000645,3.922e-06,3.922e-06,0.003922,-5.882e-05,3.663e-06,0.01961
53.336781,3.086,0.3271,-0.0006975,3.922e-06,3.922e-06,0.003922,-5.882e-05,3.663e-06,0.01961
53.346783,3.179,0.3613,-0.0007559,3.922e-06,3.922e-06,0.003922,-5.882e-05,3.663e-06,0.01961
53.356781,3.267,0.3857,-0.0008026,3.922e-06,3.922e-06,0.003922,-5.882e-05,3.663e-06,0.01961
53.366783,3.345,0.4053,-0.0008668,3.922e-06,3.922e-06,0.003922,-5.882e-05,3.663e-06,0.01961
53.376781,3.438,0.4297,-0.0009252,3.922e-06,3.922e-06,0.003922,-5.882e-05,3.663e-06,0.01961
53.386784,3.491,0.4492,-0.001004,3.922e-06,3.922e-06,0.003922,-5.882e-05,3.663e-06,0.01961
53.396782,3.589,0.4639,-0.001062,3.922e-06,3.922e-06,0.003922,-5.882e-05,3.663e-06,0.01961
53.40678,3.652,0.4785,-0.001147,3.922e-06,3.922e-06,0.003922,-5.882e-05,3.663e-06,0.01961
53.416782,3.711,0.5029,-0.001232,3.922e-06,3.922e-06,0.003922,-5.882e-05,3.663e-06,0.01961
53.426785,3.794,0.5176,-0.001308,3.922e-06,3.922e-06,0.003922,-5.882e-05,3.663e-06,0.01961
53.436783,3.838,0.5176,-0.001389,3.922e-06,3.922e-06,0.003922,-5.882e-05,3.663e-06,0.01961
53.446781,3.926,0.5176,-0.001465,3.922e-06,3.922e-06,0.003922,-5.882e-05,3.663e-06,0.01961
53.456783,3.979,0.5176,-0.001544,3.922e-06,3.922e-06,0.003922,-5.882e-05,3.663e-06,0.01961
53.466782,4.019,0.498,-0.001614,3.922e-06,3.922e-06,0.003922,-5.882e-05,3.663e-06,0.01961
53.476784,4.092,0.4785,-0.001672,3.922e-06,3.922e-06,0.003922,-5.882e-05,3.663e-06,0.01961
53.486782,4.111,0.4785,-0.001763,3.922e-06,3.922e-06,0.003922,-5.882e-05,3.663e-06,0.01961
53.496784,4.141,0.4639,-0.00183,3.922e-06,3.922e-06,0.003922,-5.882e-05,3.663e-06,0.01961
53.506783,4.17,0.4395,-0.001891,3.922e-06,3.922e-06,0.003922,-5.882e-05,3.663e-06,0.01961
53.516781,4.189,0.4248,-0.00197,3.922e-06,3.922e-06,0.003922,-5.882e-05,3.663e-06,0.01961
53.526783,4.194,0.4053,-0.002031,3.922e-06,3.922e-06,0.003922,-5.882e-05,3.663e-06,0.01961
53.536781,4.185,0.376,-0.002098,3.922e-06,3.922e-06,0.003922,-5.882e-05,3.663e-06,0.01961
53.546783,4.189,0.3516,-0.002142,3.922e-06,3.922e-06,0.003922,-5.882e-05,3.663e-06,0.01961
53.556782,4.199,0.3125,-0.00218,3.922e-06,3.922e-06,0.003922,-5.882e-05,3.663e-06,0.01961
53.56678,4.175,0.2734,-0.002221,3.922e-06,3.922e-06,0.003922,-5.882e-05,3.663e-06,0.01961
53.576782,4.146,0.2539,-0.002268,3.922e-06,3.922e-06,0.003922,-5.882e-05,3.663e-06,0.01961
53.586784,4.121,0.1807,-0.002271,3.922e-06,3.922e-06,0.003922,-5.882e-05,3.663e-06,0.01961
53.596783,4.087,0.1611,-0.002306,3.922e-06,3.922e-06,0.003922,-5.882e-05,3.663e-06,0.01961
53.606781,4.033,0.1172,-0.002314,3.922e-06,3.922e-06,0.003922,-5.882e-05,3.663e-06,0.01961
53.616783,3.979,0.07324,-0.00232,3.922e-06,3.922e-06,0.003922,-5.882e-05,3.663e-06,0.01961
53.626781,3.921,0.03906,-0.002326,3.922e-06,3.922e-06,0.003922,-5.882e-05,3.663e-06,0.01961
53.636784,3.857,-0.01465,-0.00232,3.922e-06,3.922e-06,0.003922,-5.882e-05,3.663e-06,0.01961
53.646782,3.789,-0.04883,-0.002306,3.922e-06,3.922e-06,0.003922,-5.882e-05,3.663e-06,0.01961
53.656784,3.721,-0.09766,-0.002279,3.922e-06,3.922e-06,0.003922,-5.882e-05,3.663e-06,0.01961
53.666782,3.643,-0.1416,-0.002253,3.922e-06,3.922e-06,0.003922,-5.882e-05,3.663e-06,0.01961
53.676781,3.569,-0.1807,-0.002218,3.922e-06,3.922e-06,0.003922,-5.882e-05,3.663e-06,0.01961
53.686783,3.467,-0.2295,-0.002174,3.922e-06,3.922e-06,0.003922,-5.882e-05,3.663e-06,0.01961
53.696781,3.389,-0.2588,-0.002131,3.922e-06,3.922e-06,0.003922,-5.882e-05,3.663e-06,0.01961
53.706779,3.301,-0.2881,-0.002084,3.922e-06,3.922e-06,0.003922,-5.882e-05,3.663e-06,0.01961
53.716782,3.203,-0.332,-0.00202,3.922e-06,3.922e-06,0.003922,-5.882e-05,3.663e-06,0.01961
53.726784,3.125,-0.3467,-0.001967,3.922e-06,3.922e-06,0.003922,-5.882e-05,3.663e-06,0.01961
53.736782,3.047,-0.3906,-0.001891,3.922e-06,3.922e-06,0.003922,-5.882e-05,3.663e-06,0.01961
53.74678,2.949,-0.4102,-0.001821,3.922e-06,3.922e-06,0.003922,-5.882e-05,3.663e-06,0.01961
53.756783,2.866,-0.4395,-0.001745,3.922e-06,3.922e-06,0.003922,-5.882e-05,3.663e-06,0.01961
53.766781,2.778,-0.4541,-0.001667,3.922e-06,3.922e-06,0.003922,-5.882e-05,3.663e-06,0.01961
53.776783,2.7,-0.4688,-0.001582,3.922e-06,3.922e-06,0.003922,-5.882e-05,3.663e-06,0.01961
53.786781,2.607,-0.4932,-0.001503,3.922e-06,3.922e-06,0.003922,-5.882e-05,3.663e-06,0.01961
53.796783,2.539,-0.4883,-0.001416,3.922e-06,3.922e-06,0.003922,-5.882e-05,3.663e-06,0.01961
53.806782,2.466,-0.498,-0.001325,3.922e-06,3.922e-06,0.003922,-5.882e-05,3.663e-06,0.01961
53.816784,2.397,-0.5176,-0.001232,3.922e-06,3.922e-06,0.003922,-5.882e-05,3.663e-06,0.01961
53.826782,2.344,-0.4883,-0.001159,3.922e-06,3.922e-06,0.003922,-5.882e-05,3.663e-06,0.01961
53.836781,2.275,-0.4883,-0.001068,3.922e-06,3.922e-06,0.003922,-5.882e-05,3.663e-06,0.01961
53.846783,2.261,-0.4834,-0.0009865,3.922e-06,3.922e-06,0.003922,-5.882e-05,3.663e-06,0.01961
53.856781,2.202,-0.4688,-0.0009048,3.922e-06,3.922e-06,0.003922,-5.882e-05,3.663e-06,0.01961
53.866783,2.163,-0.4541,-0.000826,3.922e-06,3.922e-06,0.003922,-5.882e-05,3.663e-06,0.01961
53.876781,2.139,-0.415,-0.0007588,3.922e-06,3.922e-06,0.003922,-5.882e-05,3.663e-06,0.01961
53.886784,2.114,-0.4199,-0.0006684,3.922e-06,3.922e-06,0.003922,-5.882e-05,3.663e-06,0.01961
53.896782,2.1,-0.3662,-0.0006187,3.922e-06,3.922e-06,0.003922,-5.882e-05,3.663e-06,0.01961
53.90678,2.104,-0.3418,-0.0005575,3.922e-06,3.922e-06,0.003922,-5.882e-05,3.663e-06,0.01961
53.916782,2.104,-0.3125,-0.000502,3.922e-06,3.922e-06,0.003922,-5.882e-05,3.663e-06,0.01961
53.926781,2.114,-0.2637,-0.0004611,3.922e-06,3.922e-06,0.003922,-5.882e-05,3.663e-06,0.01961
53.936783,2.129,-0.2393,-0.0004057,3.922e-06,3.922e-06,0.003922,-5.882e-05,3.663e-06,0.01961
53.946781,2.178,-0.1953,-0.0003677,3.922e-06,3.922e-06,0.003922,-5.882e-05,3.663e-06,0.01961
53.956783,2.202,-0.1514,-0.0003415,3.922e-06,3.922e-06,0.003922,-5.882e-05,3.663e-06,0.01961
53.966782,2.241,-0.1074,-0.000321,3.922e-06,3.922e-06,0.003922,-5.882e-05,3.663e-06,0.01961
53.976784,2.29,-0.04883,-0.0003065,3.922e-06,3.922e-06,0.003922,-5.882e-05,3.663e-06,0.01961
53.986782,2.339,-0.01465,-0.0003006,3.922e-06,3.922e-06,0.003922,-5.882e-05,3.663e-06,0.01961
53.99678,2.417,0.04395,-0.0003035,3.922e-06,3.922e-06,0.003922,-5.882e-05,3.663e-06,0.01961
54.006783,2.495,0.08301,-0.0003123,3.922e-06,3.922e-06,0.003922,-5.882e-05,3.663e-06,0.01961
54.016785,2.563,0.127,-0.000321,3.922e-06,3.922e-06,0.003922,-5.882e-05,3.663e-06,0.01961
54.026783,2.646,0.1758,-0.0003444,3.922e-06,3.922e-06,0.003922,-5.882e-05,3.663e-06,0.01961
54.036781,2.734,0.2197,-0.0003794,3.922e-06,3.922e-06,0.003922,-5.882e-05,3.663e-06,0.01961
54.046783,2.822,0.2686,-0.0004057,3.922e-06,3.922e-06,0.003922,-5.882e-05,3.663e-06,0.01961
54.056782,2.905,0.3125,-0.0004611,3.922e-06,3.922e-06,0.003922,-5.882e-05,3.663e-06,0.01961
54.066784,2.993,0.3467,-0.0005078,3.922e-06,3.922e-06,0.003922,-5.882e-05,3.663e-06,0.01961
54.076782,3.115,0.3857,-0.0005691,3.922e-06,3.922e-06,0.003922,-5.882e-05,3.663e-06,0.01961
54.086781,3.184,0.4395,-0.0006479,3.922e-06,3.922e-06,0.003922,-5.882e-05,3.663e-06,0.01961
54.096783,3.296,0.4639,-0.0007092,3.922e-06,3.922e-06,0.003922,-5.882e-05,3.663e-06,0.01961
54.106785,3.403,0.4932,-0.000788,3.922e-06,3.922e-06,0.003922,-5.882e-05,3.663e-06,0.01961
54.116783,3.506,0.5176,-0.0008668,3.922e-06,3.922e-06,0.003922,-5.882e-05,3.663e-06,0.01961
54.126781,3.604,0.5469,-0.0009485,3.922e-06,3.922e-06,0.003922,-5.882e-05,3.663e-06,0.01961
54.13678,3.701,0.5518,-0.001022,3.922e-06,3.922e-06,0.003922,-5.882e-05,3.663e-06,0.01961
54.146782,3.779,0.5908,-0.001132,3.922e-06,3.922e-06,0.003922,-5.882e-05,3.663e-06,0.01961
54.15678,3.862,0.6006,-0.00122,3.922e-06,3.922e-06,0.003922,-5.882e-05,3.663e-06,0.01961
54.166782,3.94,0.6152,-0.001322,3.922e-06,3.922e-06,0.003922,-5.882e-05,3.663e-06,0.01961
54.176781,4.028,0.6152,-0.00141,3.922e-06,3.922e-06,0.003922,-5.882e-05,3.663e-06,0.01961
54.186783,4.097,0.6152,-0.001509,3.922e-06,3.922e-06,0.003922,-5.882e-05,3.663e-06,0.01961
54.196781,4.175,0.6104,-0.001599,3.922e-06,3.922e-06,0.003922,-5.882e-05,3.663e-06,0.01961
54.206783,4.214,0.6006,-0.001693,3.922e-06,3.922e-06,0.003922,-5.882e-05,3.663e-06,0.01961
54.216782,4.277,0.5908,-0.001783,3.922e-06,3.922e-06,0.003922,-5.882e-05,3.663e-06,0.01961
54.226784,4.326,0.5811,-0.001874,3.922e-06,3.922e-06,0.003922,-5.882e-05,3.663e-06,0.01961
54.236782,4.365,0.5371,-0.001953,3.922e-06,3.922e-06,0.003922,-5.882e-05,3.663e-06,0.01961
54.246784,4.375,0.5322,-0.002034,3.922e-06,3.922e-06,0.003922,-5.882e-05,3.663e-06,0.01961
54.256783,4.39,0.498,-0.002116,3.922e-06,3.922e-06,0.003922,-5.882e-05,3.663e-06,0.01961
54.266781,4.404,0.4785,-0.002195,3.922e-06,3.922e-06,0.003922,-5.882e-05,3.663e-06,0.01961
54.276783,4.424,0.4395,-0.002256,3.922e-06,3.922e-06,0.003922,-5.882e-05,3.663e-06,0.01961
54.286781,4.409,0.3906,-0.002312,3.922e-06,3.922e-06,0.003922,-5.882e-05,3.663e-06,0.01961
54.296783,4.404,0.3516,-0.002364,3.922e-06,3.922e-06,0.003922,-5.882e-05,3.663e-06,0.01961
54.306782,4.37,0.3076,-0.002408,3.922e-06,3.922e-06,0.003922,-5.882e-05,3.663e-06,0.01961
54.31678,4.346,0.2637,-0.002446,3.922e-06,3.922e-06,0.003922,-5.882e-05,3.663e-06,0.01961
54.326782,4.312,0.2148,-0.002472,3.922e-06,3.922e-06,0.003922,-5.882e-05,3.663e-06,0.01961
54.336781,4.238,0.1611,-0.002495,3.922e-06,3.922e-06,0.003922,-5.882e-05,3.663e-06,0.01961
54.346783,4.194,0.127,-0.002525,3.922e-06,3.922e-06,0.003922,-5.882e-05,3.663e-06,0.01961
54.356781,4.126,0.07324,-0.002533,3.922e-06,3.922e-06,0.003922,-5.882e-05,3.663e-06,0.01961
54.366783,4.062,0.009766,-0.002519,3.922e-06,3.922e-06,0.003922,-5.882e-05,3.663e-06,0.01961
54.376781,3.989,-0.03418,-0.002507,3.922e-06,3.922e-06,0.003922,-5.882e-05,3.663e-06,0.01961
54.386784,3.896,-0.08301,-0.002501,3.922e-06,3.922e-06,0.003922,-5.882e-05,3.663e-06,0.01961
54.396782,3.813,-0.1318,-0.002469,3.922e-06,3.922e-06,0.003922,-5.882e-05,3.663e-06,0.01961
54.406784,3.711,-0.1904,-0.002431,3.922e-06,3.922e-06,0.003922,-5.882e-05,3.663e-06,0.01961
54.416782,3.608,-0.2393,-0.002387,3.922e-06,3.922e-06,0.003922,-5.882e-05,3.663e-06,0.01961
54.426785,3.521,-0.2881,-0.002332,3.922e-06,3.922e-06,0.003922,-5.882e-05,3.663e-06,0.01961
54.436783,3.408,-0.332,-0.002277,3.922e-06,3.922e-06,0.003922,-5.882e-05,3.663e-06,0.01961
54.446781,3.306,-0.376,-0.002215,3.922e-06,3.922e-06,0.003922,-5.882e-05,3.663e-06,0.01961
54.456783,3.198,-0.4102,-0.002145,3.922e-06,3.922e-06,0.003922,-5.882e-05,3.663e-06,0.01961
54.466782,3.091,-0.4492,-0.002066,3.922e-06,3.922e-06,0.003922,-5.882e-05,3.663e-06,0.01961
54.476784,2.983,-0.4688,-0.001993,3.922e-06,3.922e-06,0.003922,-5.882e-05,3.663e-06,0.01961
54.486782,2.871,-0.5127,-0.001897,3.922e-06,3.922e-06,0.003922,-5.882e-05,3.663e-06,0.01961
54.49678,2.778,-0.5371,-0.001801,3.922e-06,3.922e-06,0.003922,-5.882e-05,3.663e-06,0.01961
54.506783,2.666,-0.5664,-0.001696,3.922e-06,3.922e-06,0.003922,-5.882e-05,3.663e-06,0.01961
54.516781,2.563,-0.5859,-0.001602,3.922e-06,3.922e-06,0.003922,-5.882e-05,3.663e-06,0.01961
54.526783,2.49,-0.6055,-0.001491,3.922e-06,3.922e-06,0.003922,-5.882e-05,3.663e-06,0.01961
54.536781,2.378,-0.625,-0.001386,3.922e-06,3.922e-06,0.003922,-5.882e-05,3.663e-06,0.01961
54.546783,2.295,-0.6006,-0.001302,3.922e-06,3.922e-06,0.003922,-5.882e-05,3.663e-06,0.01961
54.556782,2.222,-0.6055,-0.001194,3.922e-06,3.922e-06,0.003922,-5.882e-05,3.663e-06,0.01961
54.56678,2.148,-0.6055,-0.001089,3.922e-06,3.922e-06,0.003922,-5.882e-05,3.663e-06,0.01961
54.576782,2.095,-0.6055,-0.0009719,3.922e-06,3.922e-06,0.003922,-5.882e-05,3.663e-06,0.01961
54.586781,2.002,-0.5957,-0.0008785,3.922e-06,3.922e-06,0.003922,-5.882e-05,3.663e-06,0.01961
54.596783,1.978,-0.5615,-0.0007822,3.922e-06,3.922e-06,0.003922,-5.882e-05,3.663e-06,0.01961
54.606781,1.924,-0.5469,-0.0006888,3.922e-06,3.922e-06,0.003922,-5.882e-05,3.663e-06,0.01961
54.616783,1.895,-0.5176,-0.0006071,3.922e-06,3.922e-06,0.003922,-5.882e-05,3.663e-06,0.01961
54.626781,1.885,-0.4834,-0.0005195,3.922e-06,3.922e-06,0.003922,-5.882e-05,3.663e-06,0.01961
54.636784,1.875,-0.4541,-0.0004378,3.922e-06,3.922e-06,0.003922,-5.882e-05,3.663e-06,0.01961
54.646782,1.87,-0.4053,-0.0003794,3.922e-06,3.922e-06,0.003922,-5.882e-05,3.663e-06,0.01961
54.65678,1.885,-0.376,-0.0003035,3.922e-06,3.922e-06,0.003922,-5.882e-05,3.663e-06,0.01961
54.666782,1.89,-0.3271,-0.0002481,3.922e-06,3.922e-06,0.003922,-5.882e-05,3.663e-06,0.01961
54.676781,1.924,-0.2783,-0.0001955,3.922e-06,3.922e-06,0.003922,-5.882e-05,3.663e-06,0.01961
54.686783,1.958,-0.2393,-0.000143,3.922e-06,3.922e-06,0.003922,-5.882e-05,3.663e-06,0.01961
54.696785,1.997,-0.166,-0.0001255,3.922e-06,3.922e-06,0.003922,-5.882e-05,3.663e-06,0.01961
54.706783,2.051,-0.1221,-9.34e-05,3.922e-06,3.922e-06,0.003922,-5.882e-05,3.663e-06,0.01961
54.716782,2.119,-0.05859,-8.756e-05,3.922e-06,3.922e-06,0.003922,-5.882e-05,3.663e-06,0.01961
54.72678,2.202,-0.004883,-7.588e-05,3.922e-06,3.922e-06,0.003922,-5.882e-05,3.663e-06,0.01961
54.736782,2.275,0.04883,-7.296e-05,3.922e-06,3.922e-06,0.003922,-5.882e-05,3.663e-06,0.01961
54.746784,2.358,0.1074,-9.048e-05,3.922e-06,3.922e-06,0.003922,-5.882e-05,3.663e-06,0.01961
54.756783,2.451,0.1562,-0.0001109,3.922e-06,3.922e-06,0.003922,-5.882e-05,3.663e-06,0.01961
54.766781,2.554,0.2148,-0.0001372,3.922e-06,3.922e-06,0.003922,-5.882e-05,3.663e-06,0.01961
54.776783,2.656,0.2686,-0.0001722,3.922e-06,3.922e-06,0.003922,-5.882e-05,3.663e-06,0.01961
54.786781,2.759,0.332,-0.0002277,3.922e-06,3.922e-06,0.003922,-5.882e-05,3.663e-06,0.01961
54.796783,2.876,0.3857,-0.0002889,3.922e-06,3.922e-06,0.003922,-5.882e-05,3.663e-06,0.01961
54.806782,2.988,0.4297,-0.0003502,3.922e-06,3.922e-06,0.003922,-5.882e-05,3.663e-06,0.01961
54.816784,3.105,0.4785,-0.000429,3.922e-06,3.922e-06,0.003922,-5.882e-05,3.663e-06,0.01961
54.826782,3.228,0.5225,-0.0005049,3.922e-06,3.922e-06,0.003922,-5.882e-05,3.663e-06,0.01961
54.836781,3.34,0.5713,-0.0006071,3.922e-06,3.922e-06,0.003922,-5.882e-05,3.663e-06,0.01961
54.846783,3.477,0.5957,-0.00068,3.922e-06,3.922e-06,0.003922,-5.882e-05,3.663e-06,0.01961
54.856781,3.589,0.6299,-0.0007822,3.922e-06,3.922e-06,0.003922,-5.882e-05,3.663e-06,0.01961
54.866783,3.701,0.6543,-0.0008785,3.922e-06,3.922e-06,0.003922,-5.882e-05,3.663e-06,0.01961
54.876781,3.823,0.6885,-0.0009894,3.922e-06,3.922e-06,0.003922,-5.882e-05,3.663e-06,0.01961
54.886784,3.94,0.6934,-0.001092,3.922e-06,3.922e-06,0.003922,-5.882e-05,3.663e-06,0.01961
54.896782,4.038,0.7324,-0.001226,3.922e-06,3.922e-06,0.003922,-5.882e-05,3.663e-06,0.01961
54.90678,4.136,0.7324,-0.001334,3.922e-06,3.922e-06,0.003922,-5.882e-05,3.663e-06,0.01961
54.916782,4.224,0.7324,-0.001445,3.922e-06,3.922e-06,0.003922,-5.882e-05,3.663e-06,0.01961
54.926785,4.307,0.7373,-0.001564,3.922e-06,3.922e-06,0.003922,-5.882e-05,3.663e-06,0.01961
54.936783,4.37,0.7227,-0.001669,3.922e-06,3.922e-06,0.003922,-5.882e-05,3.663e-06,0.01961
54.946781,4.453,0.7129,-0.00178,3.922e-06,3.922e-06,0.003922,-5.882e-05,3.663e-06,0.01961
54.956783,4.512,0.7031,-0.001897,3.922e-06,3.922e-06,0.003922,-5.882e-05,3.663e-06,0.01961
54.966782,4.561,0.6787,-0.002002,3.922e-06,3.922e-06,0.003922,-5.882e-05,3.663e-06,0.01961
54.976784,4.604,0.6641,-0.00211,3.922e-06,3.922e-06,0.003922,-5.882e-05,3.663e-06,0.01961
54.986782,4.624,0.6348,-0.002212,3.922e-06,3.922e-06,0.003922,-5.882e-05,3.663e-06,0.01961
54.99678,4.658,0.5957,-0.002297,3.922e-06,3.922e-06,0.003922,-5.882e-05,3.663e-06,0.01961
55.006783,4.673,0.5615,-0.002387,3.922e-06,3.922e-06,0.003922,-5.882e-05,3.663e-06,0.01961
55.016781,4.663,0.5029,-0.002455,3.922e-06,3.922e-06,0.003922,-5.882e-05,3.663e-06,0.01961
55.026783,4.673,0.4492,-0.002513,3.922e-06,3.922e-06,0.003922,-5.882e-05,3.663e-06,0.01961
55.036781,4.634,0.4004,-0.00258,3.922e-06,3.922e-06,0.003922,-5.882e-05,3.663e-06,0.01961
55.046783,4.609,0.3613,-0.002641,3.922e-06,3.922e-06,0.003922,-5.882e-05,3.663e-06,0.01961
55.056782,4.565,0.3076,-0.002694,3.922e-06,3.922e-06,0.003922,-5.882e-05,3.663e-06,0.01961
55.066784,4.512,0.2441,-0.002723,3.922e-06,3.922e-06,0.003922,-5.882e-05,3.663e-06,0.01961
55.076782,4.453,0.1904,-0.002749,3.922e-06,3.922e-06,0.003922,-5.882e-05,3.663e-06,0.01961
55.086784,4.39,0.1172,-0.002758,3.922e-06,3.922e-06,0.003922,-5.882e-05,3.663e-06,0.01961
55.096783,4.307,0.06836,-0.002776,3.922e-06,3.922e-06,0.003922,-5.882e-05,3.663e-06,0.01961
55.106781,4.214,-0.004883,-0.002761,3.922e-06,3.922e-06,0.003922,-5.882e-05,3.663e-06,0.01961
55.116779,4.111,-0.06836,-0.002749,3.922e-06,3.922e-06,0.003922,-5.882e-05,3.663e-06,0.01961
55.126781,4.019,-0.127,-0.002723,3.922e-06,3.922e-06,0.003922,-5.882e-05,3.663e-06,0.01961
55.136784,3.892,-0.1855,-0.002688,3.922e-06,3.922e-06,0.003922,-5.882e-05,3.663e-06,0.01961
55.146782,3.794,-0.2441,-0.002647,3.922e-06,3.922e-06,0.003922,-5.882e-05,3.663e-06,0.01961
55.15678,3.667,-0.3027,-0.002598,3.922e-06,3.922e-06,0.003922,-5.882e-05,3.663e-06,0.01961
55.166782,3.545,-0.3613,-0.002536,3.922e-06,3.922e-06,0.003922,-5.882e-05,3.663e-06,0.01961
55.176781,3.433,-0.4102,-0.002463,3.922e-06,3.922e-06,0.003922,-5.882e-05,3.663e-06,0.01961
55.186783,3.296,-0.4736,-0.002379,3.922e-06,3.922e-06,0.003922,-5.882e-05,3.663e-06,0.01961
55.196781,3.164,-0.5176,-0.002282,3.922e-06,3.922e-06,0.003922,-5.882e-05,3.663e-06,0.01961
55.206783,3.022,-0.5664,-0.002186,3.922e-06,3.922e-06,0.003922,-5.882e-05,3.663e-06,0.01961
55.216782,2.891,-0.6006,-0.00209,3.922e-06,3.922e-06,0.003922,-5.882e-05,3.663e-06,0.01961
55.226784,2.773,-0.6299,-0.001988,3.922e-06,3.922e-06,0.003922,-5.882e-05,3.663e-06,0.01961
55.236782,2.651,-0.6641,-0.001877,3.922e-06,3.922e-06,0.003922,-5.882e-05,3.663e-06,0.01961
55.24678,2.529,-0.6885,-0.001751,3.922e-06,3.922e-06,0.003922,-5.882e-05,3.663e-06,0.01961
55.256783,2.402,-0.7178,-0.001629,3.922e-06,3.922e-06,0.003922,-5.882e-05,3.663e-06,0.01961
55.266781,2.285,-0.7324,-0.001506,3.922e-06,3.922e-06,0.003922,-5.882e-05,3.663e-06,0.01961
55.276783,2.192,-0.7373,-0.00138,3.922e-06,3.922e-06,0.003922,-5.882e-05,3.663e-06,0.01961
55.286781,2.08,-0.752,-0.001249,3.922e-06,3.922e-06,0.003922,-5.882e-05,3.663e-06,0.01961
55.296783,1.997,-0.7422,-0.001127,3.922e-06,3.922e-06,0.003922,-5.882e-05,3.663e-06,0.01961
55.306782,1.904,-0.7373,-0.001001,3.922e-06,3.922e-06,0.003922,-5.882e-05,3.663e-06,0.01961
55.31678,1.821,-0.7227,-0.0008843,3.922e-06,3.922e-06,0.003922,-5.882e-05,3.663e-06,0.01961
55.326782,1.753,-0.6982,-0.0007647,3.922e-06,3.922e-06,0.003922,-5.882e-05,3.663e-06,0.01961
55.336784,1.68,-0.6934,-0.0006363,3.922e-06,3.922e-06,0.003922,-5.882e-05,3.663e-06,0.01961
55.346783,1.606,-0.6592,-0.0005283,3.922e-06,3.922e-06,0.003922,-5.882e-05,3.663e-06,0.01961
55.356781,1.538,-0.6348,-0.0004144,3.922e-06,3.922e-06,0.003922,-5.882e-05,3.663e-06,0.01961
55.366783,1.46,-0.6006,-0.0003152,3.922e-06,3.922e-06,0.003922,-5.882e-05,3.663e-06,0.01961
55.376781,1.406,-0.5518,-0.0002189,3.922e-06,3.922e-06,0.003922,-5.882e-05,3.663e-06,0.01961
55.386784,1.338,-0.5176,-0.0001343,3.922e-06,3.922e-06,0.003922,-5.882e-05,3.663e-06,0.01961
55.396782,1.289,-0.4688,-5.837e-05,3.922e-06,3.922e-06,0.003922,-5.882e-05,3.663e-06,0.01961
55.406784,1.245,-0.4199,1.167e-05,3.922e-06,3.922e-06,0.003922,-5.882e-05,3.663e-06,0.01961
55.416782,1.216,-0.3711,7.296e-05,3.922e-06,3.922e-06,0.003922,-5.882e-05,3.663e-06,0.01961
55.426781,1.201,-0.3174,0.0001401,3.922e-06,3.922e-06,0.003922,-5.882e-05,3.663e-06,0.01961
55.436783,1.187,-0.2832,0.0001955,3.922e-06,3.922e-06,0.003922,-5.882e-05,3.663e-06,0.01961
55.446781,1.206,-0.2148,0.0002306,3.922e-06,3.922e-06,0.003922,-5.882e-05,3.663e-06,0.01961
55.456783,1.221,-0.1611,0.0002568,3.922e-06,3.922e-06,0.003922,-5.882e-05,3.663e-06,0.01961
55.466782,1.255,-0.1025,0.0002743,3.922e-06,3.922e-06,0.003922,-5.882e-05,3.663e-06,0.01961
55.476784,1.313,-0.04883,0.0002948,3.922e-06,3.922e-06,0.003922,-5.882e-05,3.663e-06,0.01961
55.486782,1.377,0.009766,0.000286,3.922e-06,3.922e-06,0.003922,-5.882e-05,3.663e-06,0.01961
55.49678,1.475,0.06836,0.000286,3.922e-06,3.922e-06,0.003922,-5.882e-05,3.663e-06,0.01961
55.506783,1.597,0.1318,0.0002627,3.922e-06,3.922e-06,0.003922,-5.882e-05,3.663e-06,0.01961
55.516785,1.709,0.1855,0.0002422,3.922e-06,3.922e-06,0.003922,-5.882e-05,3.663e-06,0.01961
55.526783,1.904,0.2393,0.0002131,3.922e-06,3.922e-06,0.003922,-5.882e-05,3.663e-06,0.01961
55.536781,2.026,0.3027,0.0001547,3.922e-06,3.922e-06,0.003922,-5.882e-05,3.663e-06,0.01961
55.546783,2.217,0.3613,0.0001109,3.922e-06,3.922e-06,0.003922,-5.882e-05,3.663e-06,0.01961
55.556782,2.378,0.4102,4.378e-05,3.922e-06,3.922e-06,0.003922,-5.882e-05,3.663e-06,0.01961
55.56678,2.549,0.4785,-2.919e-05,3.922e-06,3.922e-06,0.003922,-5.882e-05,3.663e-06,0.01961
55.576782,2.705,0.542,-0.0001197,3.922e-06,3.922e-06,0.003922,-5.882e-05,3.663e-06,0.01961
55.586781,2.866,0.5811,-0.0001985,3.922e-06,3.922e-06,0.003922,-5.882e-05,3.663e-06,0.01961
55.596783,3.037,0.6445,-0.0003094,3.922e-06,3.922e-06,0.003922,-5.882e-05,3.663e-06,0.01961
55.606781,3.203,0.6738,-0.0004057,3.922e-06,3.922e-06,0.003922,-5.882e-05,3.663e-06,0.01961
55.616783,3.364,0.7178,-0.0005195,3.922e-06,3.922e-06,0.003922,-5.882e-05,3.663e-06,0.01961
55.626781,3.516,0.7617,-0.0006421,3.922e-06,3.922e-06,0.003922,-5.882e-05,3.663e-06,0.01961
55.636784,3.662,0.7861,-0.0007647,3.922e-06,3.922e-06,0.003922,-5.882e-05,3.663e-06,0.01961
55.646782,3.809,0.8203,-0.0009018,3.922e-06,3.922e-06,0.003922,-5.882e-05,3.663e-06,0.01961
55.656784,3.95,0.8398,-0.001027,3.922e-06,3.922e-06,0.003922,-5.882e-05,3.663e-06,0.01961
55.666782,4.082,0.8545,-0.001159,3.922e-06,3.922e-06,0.003922,-5.882e-05,3.663e-06,0.01961
55.676781,4.214,0.874,-0.001299,3.922e-06,3.922e-06,0.003922,-5.882e-05,3.663e-06,0.01961
55.686783,4.302,0.8691,-0.001433,3.922e-06,3.922e-06,0.003922,-5.882e-05,3.663e-06,0.01961
55.696781,4.443,0.8789,-0.001579,3.922e-06,3.922e-06,0.003922,-5.882e-05,3.663e-06,0.01961
55.706783,4.526,0.8643,-0.001707,3.922e-06,3.922e-06,0.003922,-5.882e-05,3.663e-06,0.01961
55.716782,4.629,0.8496,-0.001842,3.922e-06,3.922e-06,0.003922,-5.882e-05,3.663e-06,0.01961
55.726784,4.702,0.8203,-0.001955,3.922e-06,3.922e-06,0.003922,-5.882e-05,3.663e-06,0.01961
55.736782,4.771,0.8008,-0.002104,3.922e-06,3.922e-06,0.003922,-5.882e-05,3.663e-06,0.01961
55.746784,4.814,0.7764,-0.002218,3.922e-06,3.922e-06,0.003922,-5.882e-05,3.663e-06,0.01961
55.756783,4.854,0.752,-0.002341,3.922e-06,3.922e-06,0.003922,-5.882e-05,3.663e-06,0.01961
55.766781,4.893,0.7178,-0.002455,3.922e-06,3.922e-06,0.003922,-5.882e-05,3.663e-06,0.01961
55.776783,4.917,0.6592,-0.002548,3.922e-06,3.922e-06,0.003922,-5.882e-05,3.663e-06,0.01961
55.786781,4.917,0.6104,-0.002647,3.922e-06,3.922e-06,0.003922,-5.882e-05,3.663e-06,0.01961
55.796783,4.917,0.5518,-0.00272,3.922e-06,3.922e-06,0.003922,-5.882e-05,3.663e-06,0.01961
55.806782,4.893,0.4883,-0.002796,3.922e-06,3.922e-06,0.003922,-5.882e-05,3.663e-06,0.01961
55.816784,4.858,0.4248,-0.002863,3.922e-06,3.922e-06,0.003922,-5.882e-05,3.663e-06,0.01961
55.826782,4.829,0.3613,-0.002913,3.922e-06,3.922e-06,0.003922,-5.882e-05,3.663e-06,0.01961
55.836781,4.727,0.293,-0.002959,3.922e-06,3.922e-06,0.003922,-5.882e-05,3.663e-06,0.01961
55.846783,4.673,0.2246,-0.002992,3.922e-06,3.922e-06,0.003922,-5.882e-05,3.663e-06,0.01961
55.856781,4.59,0.1611,-0.003018,3.922e-06,3.922e-06,0.003922,-5.882e-05,3.663e-06,0.01961
55.866783,4.492,0.08789,-0.00303,3.922e-06,3.922e-06,0.003922,-5.882e-05,3.663e-06,0.01961
55.876781,4.409,0.009766,-0.003015,3.922e-06,3.922e-06,0.003922,-5.882e-05,3.663e-06,0.01961
55.886784,4.287,-0.07324,-0.003,3.922e-06,3.922e-06,0.003922,-5.882e-05,3.663e-06,0.01961
55.896782,4.18,-0.1416,-0.002974,3.922e-06,3.922e-06,0.003922,-5.882e-05,3.663e-06,0.01961
55.906784,4.043,-0.2197,-0.002933,3.922e-06,3.922e-06,0.003922,-5.882e-05,3.663e-06,0.01961
55.916782,3.906,-0.293,-0.002881,3.922e-06,3.922e-06,0.003922,-5.882e-05,3.663e-06,0.01961
55.926781,3.77,-0.3564,-0.002822,3.922e-06,3.922e-06,0.003922,-5.882e-05,3.663e-06,0.01961
55.936783,3.623,-0.4297,-0.002749,3.922e-06,3.922e-06,0.003922,-5.882e-05,3.663e-06,0.01961
55.946781,3.472,-0.4932,-0.002662,3.922e-06,3.922e-06,0.003922,-5.882e-05,3.663e-06,0.01961
55.956783,3.33,-0.5469,-0.002574,3.922e-06,3.922e-06,0.003922,-5.882e-05,3.663e-06,0.01961
55.966782,3.174,-0.6055,-0.002469,3.922e-06,3.922e-06,0.003922,-5.882e-05,3.663e-06,0.01961
55.97678,3.018,-0.6543,-0.002358,3.922e-06,3.922e-06,0.003922,-5.882e-05,3.663e-06,0.01961
55.986782,2.852,-0.7031,-0.00225,3.922e-06,3.922e-06,0.003922,-5.882e-05,3.663e-06,0.01961
55.996784,2.72,-0.7471,-0.00211,3.922e-06,3.922e-06,0.003922,-5.882e-05,3.663e-06,0.01961
56.006783,2.554,-0.7812,-0.001982,3.922e-06,3.922e-06,0.003922,-5.882e-05,3.663e-06,0.01961
56.016781,2.412,-0.8154,-0.001845,3.922e-06,3.922e-06,0.003922,-5.882e-05,3.663e-06,0.01961
56.026783,2.28,-0.8301,-0.001707,3.922e-06,3.922e-06,0.003922,-5.882e-05,3.663e-06,0.01961
56.036781,2.134,-0.8545,-0.001567,3.922e-06,3.922e-06,0.003922,-5.882e-05,3.663e-06,0.01961
56.046783,2.012,-0.8691,-0.00141,3.922e-06,3.922e-06,0.003922,-5.882e-05,3.663e-06,0.01961
56.056782,1.895,-0.8936,-0.001249,3.922e-06,3.922e-06,0.003922,-5.882e-05,3.663e-06,0.01961
56.066784,1.787,-0.8887,-0.001106,3.922e-06,3.922e-06,0.003922,-5.882e-05,3.663e-06,0.01961
56.076782,1.66,-0.874,-0.0009602,3.922e-06,3.922e-06,0.003922,-5.882e-05,3.663e-06,0.01961
56.086784,1.533,-0.8838,-0.0007997,3.922e-06,3.922e-06,0.003922,-5.882e-05,3.663e-06,0.01961
56.096783,1.392,-0.8398,-0.0006713,3.922e-06,3.922e-06,0.003922,-5.882e-05,3.663e-06,0.01961
56.106781,1.255,-0.8252,-0.0005283,3.922e-06,3.922e-06,0.003922,-5.882e-05,3.663e-06,0.01961
56.116783,1.118,-0.7812,-0.0004057,3.922e-06,3.922e-06,0.003922,-5.882e-05,3.663e-06,0.01961
56.126781,0.9912,-0.7617,-0.0002685,3.922e-06,3.922e-06,0.003922,-5.882e-05,3.663e-06,0.01961
56.136784,0.8496,-0.7373,-0.0001401,3.922e-06,3.922e-06,0.003922,-5.882e-05,3.663e-06,0.01961
56.146782,0.7178,-0.6982,-2.043e-05,3.922e-06,3.922e-06,0.003922,-5.882e-05,3.663e-06,0.01961
56.156784,0.5713,-0.6592,8.756e-05,3.922e-06,3.922e-06,0.003922,-5.882e-05,3.663e-06,0.01961
56.166782,0.4297,-0.6201,0.0001955,3.922e-06,3.922e-06,0.003922,-5.882e-05,3.663e-06,0.01961
56.176781,0.3027,-0.5664,0.0002889,3.922e-06,3.922e-06,0.003922,-5.882e-05,3.663e-06,0.01961
56.186783,0.1465,-0.5225,0.0003648,3.922e-06,3.922e-06,0.003922,-5.882e-05,3.663e-06,0.01961
56.196781,0.04395,-0.4785,0.0004553,3.922e-06,3.922e-06,0.003922,-5.882e-05,3.663e-06,0.01961
56.206783,-0.08789,-0.4297,0.0005312,3.922e-06,3.922e-06,0.003922,-5.882e-05,3.663e-06,0.01961
56.216782,-0.2002,-0.3906,0.0006012,3.922e-06,3.922e-06,0.003922,-5.882e-05,3.663e-06,0.01961
56.226784,-0.3076,-0.3369,0.0006538,3.922e-06,3.922e-06,0.003922,-5.882e-05,3.663e-06,0.01961
56.236782,-0.4297,-0.2979,0.0007034,3.922e-06,3.922e-06,0.003922,-5.882e-05,3.663e-06,0.01961
56.246784,-0.5322,-0.2637,0.0007676,3.922e-06,3.922e-06,0.003922,-5.882e-05,3.663e-06,0.01961
56.256783,-0.6299,-0.2246,0.0008026,3.922e-06,3.922e-06,0.003922,-5.882e-05,3.663e-06,0.01961
56.266781,-0.7324,-0.1807,0.0008435,3.922e-06,3.922e-06,0.003922,-5.882e-05,3.663e-06,0.01961
56.276783,-0.8301,-0.1367,0.0008581,3.922e-06,3.922e-06,0.003922,-5.882e-05,3.663e-06,0.01961
56.286781,-0.918,-0.1025,0.0008785,3.922e-06,3.922e-06,0.003922,-5.882e-05,3.663e-06,0.01961
56.296783,-1.001,-0.06348,0.0008843,3.922e-06,3.922e-06,0.003922,-5.882e-05,3.663e-06,0.01961
56.306782,-1.094,-0.0293,0.0008902,3.922e-06,3.922e-06,0.003922,-5.882e-05,3.663e-06,0.01961
56.316784,-1.177,-0.009766,0.000896,3.922e-06,3.922e-06,0.003922,-5.882e-05,3.663e-06,0.01961
56.326782,-1.26,0.01465,0.0009048,3.922e-06,3.922e-06,0.003922,-5.882e-05,3.663e-06,0.01961
56.336781,-1.333,0.01953,0.0009135,3.922e-06,3.922e-06,0.003922,-5.882e-05,3.663e-06,0.01961
56.346783,-1.416,0.06348,0.0008902,3.922e-06,3.922e-06,0.003922,-5.882e-05,3.663e-06,0.01961
56.356785,-1.499,0.06836,0.0008843,3.922e-06,3.922e-06,0.003922,-5.882e-05,3.663e-06,0.01961
56.366783,-1.587,0.07324,0.0008785,3.922e-06,3.922e-06,0.003922,-5.882e-05,3.663e-06,0.01961
56.376781,-1.67,0.1025,0.0008522,3.922e-06,3.922e-06,0.003922,-5.882e-05,3.663e-06,0.01961
56.386784,-1.753,0.1074,0.000826,3.922e-06,3.922e-06,0.003922,-5.882e-05,3.663e-06,0.01961
56.396782,-1.812,0.1221,0.0008085,3.922e-06,3.922e-06,0.003922,-5.882e-05,3.663e-06,0.01961
56.406784,-1.89,0.1074,0.0008055,3.922e-06,3.922e-06,0.003922,-5.882e-05,3.663e-06,0.01961
56.416782,-1.948,0.09766,0.000788,3.922e-06,3.922e-06,0.003922,-5.882e-05,3.663e-06,0.01961
56.426785,-2.007,0.09766,0.0007793,3.922e-06,3.922e-06,0.003922,-5.882e-05,3.663e-06,0.01961
56.436783,-2.065,0.08789,0.0007618,3.922e-06,3.922e-06,0.003922,-5.882e-05,3.663e-06,0.01961
56.446781,-2.114,0.07324,0.0007647,3.922e-06,3.922e-06,0.003922,-5.882e-05,3.663e-06,0.01961
56.456783,-2.163,0.06836,0.0007501,3.922e-06,3.922e-06,0.003922,-5.882e-05,3.663e-06,0.01961
56.466782,-2.217,0.04883,0.0007472,3.922e-06,3.922e-06,0.003922,-5.882e-05,3.663e-06,0.01961
56.476784,-2.266,0.03906,0.0007442,3.922e-06,3.922e-06,0.003922,-5.882e-05,3.663e-06,0.01961
56.486782,-2.31,0.009766,0.0007501,3.922e-06,3.922e-06,0.003922,-5.882e-05,3.663e-06,0.01961
56.49678,-2.358,0.0,0.0007501,3.922e-06,3.922e-06,0.003922,-5.882e-05,3.663e-06,0.01961
56.506783,-2.422,-0.01465,0.0007501,3.922e-06,3.922e-06,0.003922,-5.882e-05,3.663e-06,0.01961
56.516781,-2.48,-0.0293,0.000753,3.922e-06,3.922e-06,0.003922,-5.882e-05,3.663e-06,0.01961
56.526783,-2.505,-0.04395,0.0007618,3.922e-06,3.922e-06,0.003922,-5.882e-05,3.663e-06,0.01961
56.536781,-2.568,-0.06836,0.0007734,3.922e-06,3.922e-06,0.003922,-5.882e-05,3.663e-06,0.01961
56.546783,-2.607,-0.08789,0.0007997,3.922e-06,3.922e-06,0.003922,-5.882e-05,3.663e-06,0.01961
56.556782,-2.676,-0.1025,0.0008085,3.922e-06,3.922e-06,0.003922,-5.882e-05,3.663e-06,0.01961
56.566784,-2.725,-0.1172,0.0008318,3.922e-06,3.922e-06,0.003922,-5.882e-05,3.663e-06,0.01961
56.576782,-2.773,-0.127,0.0008522,3.922e-06,3.922e-06,0.003922,-5.882e-05,3.663e-06,0.01961
56.586781,-2.827,-0.1514,0.0008814,3.922e-06,3.922e-06,0.003922,-5.882e-05,3.663e-06,0.01961
56.596783,-2.871,-0.1611,0.0009135,3.922e-06,3.922e-06,0.003922,-5.882e-05,3.663e-06,0.01961
56.606781,-2.92,-0.1807,0.0009369,3.922e-06,3.922e-06,0.003922,-5.882e-05,3.663e-06,0.01961
56.616783,-2.974,-0.1953,0.0009748,3.922e-06,3.922e-06,0.003922,-5.882e-05,3.663e-06,0.01961
56.626781,-3.013,-0.1953,0.001004,3.922e-06,3.922e-06,0.003922,-5.882e-05,3.663e-06,0.01961
56.636784,-3.071,-0.2295,0.001062,3.922e-06,3.922e-06,0.003922,-5.882e-05,3.663e-06,0.01961
56.646782,-3.11,-0.2344,0.0011,3.922e-06,3.922e-06,0.003922,-5.882e-05,3.663e-06,0.01961
56.65678,-3.159,-0.2344,0.001135,3.922e-06,3.922e-06,0.003922,-5.882e-05,3.663e-06,0.01961
56.666782,-3.198,-0.2344,0.00117,3.922e-06,3.922e-06,0.003922,-5.882e-05,3.663e-06,0.01961
56.676781,-3.237,-0.2344,0.001211,3.922e-06,3.922e-06,0.003922,-5.882e-05,3.663e-06,0.01961
56.686783,-3.281,-0.2344,0.00124,3.922e-06,3.922e-06,0.003922,-5.882e-05,3.663e-06,0.01961
56.696781,-3.306,-0.2344,0.001284,3.922e-06,3.922e-06,0.003922,-5.882e-05,3.663e-06,0.01961
56.706783,-3.34,-0.2393,0.001334,3.922e-06,3.922e-06,0.003922,-5.882e-05,3.663e-06,0.01961
56.716782,-3.369,-0.2344,0.001372,3.922e-06,3.922e-06,0.003922,-5.882e-05,3.663e-06,0.01961
56.726784,-3.374,-0.2344,0.001427,3.922e-06,3.922e-06,0.003922,-5.882e-05,3.663e-06,0.01961
56.736782,-3.403,-0.2441,0.001474,3.922e-06,3.922e-06,0.003922,-5.882e-05,3.663e-06,0.01961
56.74678,-3.428,-0.2197,0.001503,3.922e-06,3.922e-06,0.003922,-5.882e-05,3.663e-06,0.01961
56.756783,-3.452,-0.21,0.001538,3.922e-06,3.922e-06,0.003922,-5.882e-05,3.663e-06,0.01961
56.766781,-3.462,-0.1904,0.001567,3.922e-06,3.922e-06,0.003922,-5.882e-05,3.663e-06,0.01961
56.776783,-3.452,-0.1758,0.001599,3.922e-06,3.922e-06,0.003922,-5.882e-05,3.663e-06,0.01961
56.786781,-3.486,-0.1514,0.001614,3.922e-06,3.922e-06,0.003922,-5.882e-05,3.663e-06,0.01961
56.79678,-3.457,-0.1465,0.001652,3.922e-06,3.922e-06,0.003922,-5.882e-05,3.663e-06,0.01961
56.806782,-3.467,-0.1318,0.001678,3.922e-06,3.922e-06,0.003922,-5.882e-05,3.663e-06,0.01961
56.816784,-3.452,-0.1123,0.001702,3.922e-06,3.922e-06,0.003922,-5.882e-05,3.663e-06,0.01961
56.826782,-3.428,-0.1025,0.001728,3.922e-06,3.922e-06,0.003922,-5.882e-05,3.663e-06,0.01961
56.836781,-3.438,-0.07812,0.001739,3.922e-06,3.922e-06,0.003922,-5.882e-05,3.663e-06,0.01961
56.846783,-3.418,-0.04395,0.001739,3.922e-06,3.922e-06,0.003922,-5.882e-05,3.663e-06,0.01961
56.856785,-3.384,-0.03418,0.001751,3.922e-06,3.922e-06,0.003922,-5.882e-05,3.663e-06,0.01961
56.866783,-3.364,-0.009766,0.00176,3.922e-06,3.922e-06,0.003922,-5.882e-05,3.663e-06,0.01961
56.876781,-3.32,0.01465,0.001757,3.922e-06,3.922e-06,0.003922,-5.882e-05,3.663e-06,0.01961
56.886784,-3.315,0.03906,0.001751,3.922e-06,3.922e-06,0.003922,-5.882e-05,3.663e-06,0.01961
56.896782,-3.252,0.06836,0.001739,3.922e-06,3.922e-06,0.003922,-5.882e-05,3.663e-06,0.01961
56.90678,-3.223,0.07812,0.001739,3.922e-06,3.922e-06,0.003922,-5.882e-05,3.663e-06,0.01961
56.916782,-3.179,0.09766,0.001728,3.922e-06,3.922e-06,0.003922,-5.882e-05,3.663e-06,0.01961
56.926781,-3.145,0.1318,0.001707,3.922e-06,3.922e-06,0.003922,-5.882e-05,3.663e-06,0.01961
56.936783,-3.105,0.1514,0.001678,3.922e-06,3.922e-06,0.003922,-5.882e-05,3.663e-06,0.01961
56.946781,-3.057,0.166,0.001669,3.922e-06,3.922e-06,0.003922,-5.882e-05,3.663e-06,0.01961
56.956783,-3.018,0.1904,0.001623,3.922e-06,3.922e-06,0.003922,-5.882e-05,3.663e-06,0.01961
56.966782,-2.969,0.2051,0.001599,3.922e-06,3.922e-06,0.003922,-5.882e-05,3.663e-06,0.01961
56.976784,-2.925,0.2246,0.001564,3.922e-06,3.922e-06,0.003922,-5.882e-05,3.663e-06,0.01961
56.986782,-2.856,0.2295,0.001538,3.922e-06,3.922e-06,0.003922,-5.882e-05,3.663e-06,0.01961
56.99678,-2.827,0.2637,0.001486,3.922e-06,3.922e-06,0.003922,-5.882e-05,3.663e-06,0.01961
57.006783,-2.778,0.2686,0.001448,3.922e-06,3.922e-06,0.003922,-5.882e-05,3.663e-06,0.01961
57.016781,-2.734,0.2686,0.001416,3.922e-06,3.922e-06,0.003922,-5.882e-05,3.663e-06,0.01961
57.026783,-2.69,0.2783,0.001375,3.922e-06,3.922e-06,0.003922,-5.882e-05,3.663e-06,0.01961
57.036781,-2.651,0.2881,0.001334,3.922e-06,3.922e-06,0.003922,-5.882e-05,3.663e-06,0.01961
57.046783,-2.612,0.3027,0.001281,3.922e-06,3.922e-06,0.003922,-5.882e-05,3.663e-06,0.01961
57.056782,-2.578,0.293,0.001237,3.922e-06,3.922e-06,0.003922,-5.882e-05,3.663e-06,0.01961
57.066784,-2.544,0.293,0.001197,3.922e-06,3.922e-06,0.003922,-5.882e-05,3.663e-06,0.01961
57.076782,-2.51,0.3027,0.001141,3.922e-06,3.922e-06,0.003922,-5.882e-05,3.663e-06,0.01961
57.086781,-2.5,0.3076,0.00108,3.922e-06,3.922e-06,0.003922,-5.882e-05,3.663e-06,0.01961
57.096783,-2.441,0.2832,0.001062,3.922e-06,3.922e-06,0.003922,-5.882e-05,3.663e-06,0.01961
57.106781,-2.432,0.2881,0.00101,3.922e-06,3.922e-06,0.003922,-5.882e-05,3.663e-06,0.01961
57.116783,-2.417,0.2686,0.0009777,3.922e-06,3.922e-06,0.003922,-5.882e-05,3.663e-06,0.01961
57.126781,-2.402,0.2637,0.0009398,3.922e-06,3.922e-06,0.003922,-5.882e-05,3.663e-06,0.01961
57.136784,-2.388,0.2295,0.0009164,3.922e-06,3.922e-06,0.003922,-5.882e-05,3.663e-06,0.01961
57.146782,-2.378,0.2344,0.0008668,3.922e-06,3.922e-06,0.003922,-5.882e-05,3.663e-06,0.01961
57.156784,-2.388,0.21,0.0008318,3.922e-06,3.922e-06,0.003922,-5.882e-05,3.663e-06,0.01961
57.166782,-2.393,0.2148,0.0007939,3.922e-06,3.922e-06,0.003922,-5.882e-05,3.663e-06,0.01961
57.176781,-2.407,0.1904,0.0007734,3.922e-06,3.922e-06,0.003922,-5.882e-05,3.663e-06,0.01961
57.186783,-2.422,0.166,0.0007384,3.922e-06,3.922e-06,0.003922,-5.882e-05,3.663e-06,0.01961
57.196781,-2.422,0.1416,0.0007296,3.922e-06,3.922e-06,0.003922,-5.882e-05,3.663e-06,0.01961
57.206783,-2.437,0.1025,0.0007267,3.922e-06,3.922e-06,0.003922,-5.882e-05,3.663e-06,0.01961
57.216782,-2.461,0.08301,0.0007121,3.922e-06,3.922e-06,0.003922,-5.882e-05,3.663e-06,0.01961
57.22678,-2.485,0.05859,0.0007092,3.922e-06,3.922e-06,0.003922,-5.882e-05,3.663e-06,0.01961
57.236782,-2.529,0.03418,0.0007034,3.922e-06,3.922e-06,0.003922,-5.882e-05,3.663e-06,0.01961
57.24678,-2.554,0.01465,0.0007005,3.922e-06,3.922e-06,0.003922,-5.882e-05,3.663e-06,0.01961
57.256783,-2.598,0.0,0.0006975,3.922e-06,3.922e-06,0.003922,-5.882e-05,3.663e-06,0.01961
57.266785,-2.637,-0.03906,0.0007121,3.922e-06,3.922e-06,0.003922,-5.882e-05,3.663e-06,0.01961
57.276783,-2.671,-0.05371,0.000718,3.922e-06,3.922e-06,0.003922,-5.882e-05,3.663e-06,0.01961
57.286781,-2.715,-0.08789,0.0007413,3.922e-06,3.922e-06,0.003922,-5.882e-05,3.663e-06,0.01961
57.296783,-2.769,-0.1025,0.0007588,3.922e-06,3.922e-06,0.003922,-5.882e-05,3.663e-06,0.01961
57.306782,-2.817,-0.1318,0.000788,3.922e-06,3.922e-06,0.003922,-5.882e-05,3.663e-06,0.01961
57.316784,-2.861,-0.1465,0.0008143,3.922e-06,3.922e-06,0.003922,-5.882e-05,3.663e-06,0.01961
57.326782,-2.915,-0.1611,0.0008406,3.922e-06,3.922e-06,0.003922,-5.882e-05,3.663e-06,0.01961
57.336784,-2.974,-0.1855,0.0008697,3.922e-06,3.922e-06,0.003922,-5.882e-05,3.663e-06,0.01961
57.346783,-3.008,-0.2002,0.0009106,3.922e-06,3.922e-06,0.003922,-5.882e-05,3.663e-06,0.01961
57.356785,-3.071,-0.2197,0.0009485,3.922e-06,3.922e-06,0.003922,-5.882e-05,3.663e-06,0.01961
57.366783,-3.12,-0.2344,0.0009894,3.922e-06,3.922e-06,0.003922,-5.882e-05,3.663e-06,0.01961
57.376781,-3.159,-0.249,0.001039,3.922e-06,3.922e-06,0.003922,-5.882e-05,3.663e-06,0.01961
57.386784,-3.213,-0.2686,0.001089,3.922e-06,3.922e-06,0.003922,-5.882e-05,3.663e-06,0.01961
57.396782,-3.257,-0.2783,0.001138,3.922e-06,3.922e-06,0.003922,-5.882e-05,3.663e-06,0.01961
57.40678,-3.315,-0.2832,0.001188,3.922e-06,3.922e-06,0.003922,-5.882e-05,3.663e-06,0.01961
57.416782,-3.364,-0.2734,0.001229,3.922e-06,3.922e-06,0.003922,-5.882e-05,3.663e-06,0.01961
57.426781,-3.394,-0.2783,0.001278,3.922e-06,3.922e-06,0.003922,-5.882e-05,3.663e-06,0.01961
57.436783,-3.428,-0.2979,0.001343,3.922e-06,3.922e-06,0.003922,-5.882e-05,3.663e-06,0.01961
57.446781,-3.467,-0.2637,0.001366,3.922e-06,3.922e-06,0.003922,-5.882e-05,3.663e-06,0.01961
57.456783,-3.496,-0.2832,0.00143,3.922e-06,3.922e-06,0.003922,-5.882e-05,3.663e-06,0.01961
57.466782,-3.525,-0.2734,0.001474,3.922e-06,3.922e-06,0.003922,-5.882e-05,3.663e-06,0.01961
57.476784,-3.545,-0.2686,0.001526,3.922e-06,3.922e-06,0.003922,-5.882e-05,3.663e-06,0.01961
57.486782,-3.555,-0.2686,0.001585,3.922e-06,3.922e-06,0.003922,-5.882e-05,3.663e-06,0.01961
57.49678,-3.574,-0.2344,0.001608,3.922e-06,3.922e-06,0.003922,-5.882e-05,3.663e-06,0.01961
57.506783,-3.589,-0.2246,0.001649,3.922e-06,3.922e-06,0.003922,-5.882e-05,3.663e-06,0.01961
57.516781,-3.594,-0.2051,0.001684,3.922e-06,3.922e-06,0.003922,-5.882e-05,3.663e-06,0.01961
57.526783,-3.594,-0.1807,0.001713,3.922e-06,3.922e-06,0.003922,-5.882e-05,3.663e-06,0.01961
57.536781,-3.594,-0.1709,0.001754,3.922e-06,3.922e-06,0.003922,-5.882e-05,3.663e-06,0.01961
57.546783,-3.574,-0.1416,0.001772,3.922e-06,3.922e-06,0.003922,-5.882e-05,3.663e-06,0.01961
57.556782,-3.564,-0.1221,0.001795,3.922e-06,3.922e-06,0.003922,-5.882e-05,3.663e-06,0.01961
57.566784,-3.54,-0.1025,0.001827,3.922e-06,3.922e-06,0.003922,-5.882e-05,3.663e-06,0.01961
57.576782,-3.521,-0.08789,0.00185,3.922e-06,3.922e-06,0.003922,-5.882e-05,3.663e-06,0.01961
57.586781,-3.501,-0.06836,0.001871,3.922e-06,3.922e-06,0.003922,-5.882e-05,3.663e-06,0.01961
57.596783,-3.477,-0.01465,0.001856,3.922e-06,3.922e-06,0.003922,-5.882e-05,3.663e-06,0.01961
57.606781,-3.452,0.004883,0.001859,3.922e-06,3.922e-06,0.003922,-5.882e-05,3.663e-06,0.01961
57.616783,-3.398,0.0293,0.001856,3.922e-06,3.922e-06,0.003922,-5.882e-05,3.663e-06,0.01961
57.626781,-3.359,0.05859,0.001853,3.922e-06,3.922e-06,0.003922,-5.882e-05,3.663e-06,0.01961
57.636784,-3.33,0.08789,0.001833,3.922e-06,3.922e-06,0.003922,-5.882e-05,3.663e-06,0.01961
57.646782,-3.262,0.1123,0.001827,3.922e-06,3.922e-06,0.003922,-5.882e-05,3.663e-06,0.01961
57.65678,-3.223,0.1367,0.001812,3.922e-06,3.922e-06,0.003922,-5.882e-05,3.663e-06,0.01961
57.666782,-3.174,0.1611,0.001792,3.922e-06,3.922e-06,0.003922,-5.882e-05,3.663e-06,0.01961
57.676781,-3.115,0.1953,0.00176,3.922e-06,3.922e-06,0.003922,-5.882e-05,3.663e-06,0.01961
57.686783,-3.057,0.2002,0.001739,3.922e-06,3.922e-06,0.003922,-5.882e-05,3.663e-06,0.01961
57.696781,-3.008,0.2441,0.001696,3.922e-06,3.922e-06,0.003922,-5.882e-05,3.663e-06,0.01961
57.706783,-2.959,0.2539,0.001655,3.922e-06,3.922e-06,0.003922,-5.882e-05,3.663e-06,0.01961
57.716782,-2.886,0.2783,0.001617,3.922e-06,3.922e-06,0.003922,-5.882e-05,3.663e-06,0.01961
57.726784,-2.827,0.293,0.001579,3.922e-06,3.922e-06,0.003922,-5.882e-05,3.663e-06,0.01961
57.736782,-2.783,0.3076,0.001518,3.922e-06,3.922e-06,0.003922,-5.882e-05,3.663e-06,0.01961
57.74678,-2.729,0.3271,0.001474,3.922e-06,3.922e-06,0.003922,-5.882e-05,3.663e-06,0.01961
57.756783,-2.681,0.3271,0.001433,3.922e-06,3.922e-06,0.003922,-5.882e-05,3.663e-06,0.01961
57.766781,-2.627,0.3418,0.001378,3.922e-06,3.922e-06,0.003922,-5.882e-05,3.663e-06,0.01961
57.776783,-2.573,0.3613,0.001313,3.922e-06,3.922e-06,0.003922,-5.882e-05,3.663e-06,0.01961
57.786785,-2.534,0.3467,0.001275,3.922e-06,3.922e-06,0.003922,-5.882e-05,3.663e-06,0.01961
57.796783,-2.49,0.3711,0.001208,3.922e-06,3.922e-06,0.003922,-5.882e-05,3.663e-06,0.01961
57.806782,-2.451,0.3467,0.001165,3.922e-06,3.922e-06,0.003922,-5.882e-05,3.663e-06,0.01961
57.81678,-2.407,0.3467,0.001112,3.922e-06,3.922e-06,0.003922,-5.882e-05,3.663e-06,0.01961
57.826782,-2.368,0.3467,0.001059,3.922e-06,3.922e-06,0.003922,-5.882e-05,3.663e-06,0.01961
57.836784,-2.354,0.3369,0.001004,3.922e-06,3.922e-06,0.003922,-5.882e-05,3.663e-06,0.01961
57.846783,-2.319,0.332,0.0009456,3.922e-06,3.922e-06,0.003922,-5.882e-05,3.663e-06,0.01961
57.856781,-2.314,0.3174,0.0008989,3.922e-06,3.922e-06,0.003922,-5.882e-05,3.663e-06,0.01961
57.866783,-2.3,0.3076,0.0008522,3.922e-06,3.922e-06,0.003922,-5.882e-05,3.663e-06,0.01961
57.876781,-2.275,0.293,0.0008085,3.922e-06,3.922e-06,0.003922,-5.882e-05,3.663e-06,0.01961
57.886784,-2.266,0.2588,0.0007822,3.922e-06,3.922e-06,0.003922,-5.882e-05,3.663e-06,0.01961
57.896782,-2.271,0.2588,0.0007296,3.922e-06,3.922e-06,0.003922,-5.882e-05,3.663e-06,0.01961
57.906784,-2.28,0.2197,0.0007063,3.922e-06,3.922e-06,0.003922,-5.882e-05,3.663e-06,0.01961
57.916782,-2.29,0.2002,0.0006742,3.922e-06,3.922e-06,0.003922,-5.882e-05,3.663e-06,0.01961
57.926781,-2.3,0.1855,0.000645,3.922e-06,3.922e-06,0.003922,-5.882e-05,3.663e-06,0.01961
57.936779,-2.324,0.1514,0.0006275,3.922e-06,3.922e-06,0.003922,-5.882e-05,3.663e-06,0.01961
57.946781,-2.334,0.1221,0.0006129,3.922e-06,3.922e-06,0.003922,-5.882e-05,3.663e-06,0.01961
57.956783,-2.378,0.09277,0.0005954,3.922e-06,3.922e-06,0.003922,-5.882e-05,3.663e-06,0.01961
57.966782,-2.417,0.07324,0.0005808,3.922e-06,3.922e-06,0.003922,-5.882e-05,3.663e-06,0.01961
57.976784,-2.446,0.04883,0.000575,3.922e-06,3.922e-06,0.003922,-5.882e-05,3.663e-06,0.01961
57.986782,-2.505,0.009766,0.0005808,3.922e-06,3.922e-06,0.003922,-5.882e-05,3.663e-06,0.01961
57.996784,-2.52,-0.01465,0.0005866,3.922e-06,3.922e-06,0.003922,-5.882e-05,3.663e-06,0.01961
58.006783,-2.583,-0.05859,0.00061,3.922e-06,3.922e-06,0.003922,-5.882e-05,3.663e-06,0.01961
58.016781,-2.637,-0.09277,0.0006333,3.922e-06,3.922e-06,0.003922,-5.882e-05,3.663e-06,0.01961
58.026783,-2.69,-0.1172,0.0006479,3.922e-06,3.922e-06,0.003922,-5.882e-05,3.663e-06,0.01961
58.036781,-2.759,-0.1465,0.0006742,3.922e-06,3.922e-06,0.003922,-5.882e-05,3.663e-06,0.01961
58.046783,-2.808,-0.1611,0.0006946,3.922e-06,3.922e-06,0.003922,-5.882e-05,3.663e-06,0.01961
58.056782,-2.876,-0.2002,0.0007384,3.922e-06,3.922e-06,0.003922,-5.882e-05,3.663e-06,0.01961
58.06678,-2.925,-0.21,0.0007676,3.922e-06,3.922e-06,0.003922,-5.882e-05,3.663e-06,0.01961
58.076782,-2.983,-0.2441,0.000823,3.922e-06,3.922e-06,0.003922,-5.882e-05,3.663e-06,0.01961
58.086781,-3.042,-0.2734,0.0008756,3.922e-06,3.922e-06,0.003922,-5.882e-05,3.663e-06,0.01961
58.096783,-3.105,-0.2783,0.0009106,3.922e-06,3.922e-06,0.003922,-5.882e-05,3.663e-06,0.01961
58.106781,-3.169,-0.3027,0.0009661,3.922e-06,3.922e-06,0.003922,-5.882e-05,3.663e-06,0.01961
58.116783,-3.232,-0.3076,0.001022,3.922e-06,3.922e-06,0.003922,-5.882e-05,3.663e-06,0.01961
58.126781,-3.286,-0.3174,0.001077,3.922e-06,3.922e-06,0.003922,-5.882e-05,3.663e-06,0.01961
58.13678,-3.364,-0.3369,0.001138,3.922e-06,3.922e-06,0.003922,-5.882e-05,3.663e-06,0.01961
58.146782,-3.398,-0.3271,0.001179,3.922e-06,3.922e-06,0.003922,-5.882e-05,3.663e-06,0.01961
58.15678,-3.452,-0.3369,0.001243,3.922e-06,3.922e-06,0.003922,-5.882e-05,3.663e-06,0.01961
58.166782,-3.501,-0.3369,0.001299,3.922e-06,3.922e-06,0.003922,-5.882e-05,3.663e-06,0.01961
58.176785,-3.535,-0.3369,0.001363,3.922e-06,3.922e-06,0.003922,-5.882e-05,3.663e-06,0.01961
58.186783,-3.589,-0.3516,0.001433,3.922e-06,3.922e-06,0.003922,-5.882e-05,3.663e-06,0.01961
58.196781,-3.618,-0.3369,0.001486,3.922e-06,3.922e-06,0.003922,-5.882e-05,3.663e-06,0.01961
58.206783,-3.647,-0.3271,0.001541,3.922e-06,3.922e-06,0.003922,-5.882e-05,3.663e-06,0.01961
58.216782,-3.677,-0.3076,0.001591,3.922e-06,3.922e-06,0.003922,-5.882e-05,3.663e-06,0.01961
58.22678,-3.696,-0.2979,0.001649,3.922e-06,3.922e-06,0.003922,-5.882e-05,3.663e-06,0.01961
58.236782,-3.716,-0.293,0.001704,3.922e-06,3.922e-06,0.003922,-5.882e-05,3.663e-06,0.01961
58.246784,-3.721,-0.2686,0.001745,3.922e-06,3.922e-06,0.003922,-5.882e-05,3.663e-06,0.01961
58.256783,-3.726,-0.2441,0.001789,3.922e-06,3.922e-06,0.003922,-5.882e-05,3.663e-06,0.01961
58.266781,-3.721,-0.2295,0.00183,3.922e-06,3.922e-06,0.003922,-5.882e-05,3.663e-06,0.01961
58.276783,-3.721,-0.1904,0.001856,3.922e-06,3.922e-06,0.003922,-5.882e-05,3.663e-06,0.01961
58.286785,-3.726,-0.1758,0.001897,3.922e-06,3.922e-06,0.003922,-5.882e-05,3.663e-06,0.01961
58.296783,-3.672,-0.1465,0.001926,3.922e-06,3.922e-06,0.003922,-5.882e-05,3.663e-06,0.01961
58.306782,-3.667,-0.1221,0.001958,3.922e-06,3.922e-06,0.003922,-5.882e-05,3.663e-06,0.01961
58.316784,-3.643,-0.08301,0.00197,3.922e-06,3.922e-06,0.003922,-5.882e-05,3.663e-06,0.01961
58.326782,-3.608,-0.05371,0.001985,3.922e-06,3.922e-06,0.003922,-5.882e-05,3.663e-06,0.01961
58.336781,-3.569,-0.01465,0.001973,3.922e-06,3.922e-06,0.003922,-5.882e-05,3.663e-06,0.01961
58.346783,-3.516,0.009766,0.001993,3.922e-06,3.922e-06,0.003922,-5.882e-05,3.663e-06,0.01961
58.356781,-3.481,0.03906,0.001988,3.922e-06,3.922e-06,0.003922,-5.882e-05,3.663e-06,0.01961
58.366783,-3.428,0.07324,0.001973,3.922e-06,3.922e-06,0.003922,-5.882e-05,3.663e-06,0.01961
58.376781,-3.359,0.1123,0.001964,3.922e-06,3.922e-06,0.003922,-5.882e-05,3.663e-06,0.01961
58.386784,-3.301,0.1367,0.001944,3.922e-06,3.922e-06,0.003922,-5.882e-05,3.663e-06,0.01961
58.396782,-3.257,0.1709,0.001929,3.922e-06,3.922e-06,0.003922,-5.882e-05,3.663e-06,0.01961
58.406784,-3.198,0.2051,0.001888,3.922e-06,3.922e-06,0.003922,-5.882e-05,3.663e-06,0.01961
58.416782,-3.13,0.2393,0.00185,3.922e-06,3.922e-06,0.003922,-5.882e-05,3.663e-06,0.01961
58.426781,-3.057,0.2637,0.001812,3.922e-06,3.922e-06,0.003922,-5.882e-05,3.663e-06,0.01961
58.436783,-2.993,0.293,0.001763,3.922e-06,3.922e-06,0.003922,-5.882e-05,3.663e-06,0.01961
58.446781,-2.92,0.3223,0.001722,3.922e-06,3.922e-06,0.003922,-5.882e-05,3.663e-06,0.01961
58.456783,-2.856,0.3271,0.001678,3.922e-06,3.922e-06,0.003922,-5.882e-05,3.663e-06,0.01961
58.466782,-2.783,0.3467,0.001629,3.922e-06,3.922e-06,0.003922,-5.882e-05,3.663e-06,0.01961
58.476784,-2.715,0.3711,0.00157,3.922e-06,3.922e-06,0.003922,-5.882e-05,3.663e-06,0.01961
58.486782,-2.661,0.376,0.001515,3.922e-06,3.922e-06,0.003922,-5.882e-05,3.663e-06,0.01961
58.49678,-2.598,0.4053,0.001448,3.922e-06,3.922e-06,0.003922,-5.882e-05,3.663e-06,0.01961
58.506783,-2.549,0.4199,0.001372,3.922e-06,3.922e-06,0.003922,-5.882e-05,3.663e-06,0.01961
58.516781,-2.485,0.4199,0.001308,3.922e-06,3.922e-06,0.003922,-5.882e-05,3.663e-06,0.01961
58.526783,-2.422,0.4297,0.00124,3.922e-06,3.922e-06,0.003922,-5.882e-05,3.663e-06,0.01961
58.536781,-2.383,0.4346,0.001173,3.922e-06,3.922e-06,0.003922,-5.882e-05,3.663e-06,0.01961
58.546783,-2.324,0.4297,0.001115,3.922e-06,3.922e-06,0.003922,-5.882e-05,3.663e-06,0.01961
58.556782,-2.28,0.415,0.001062,3.922e-06,3.922e-06,0.003922,-5.882e-05,3.663e-06,0.01961
58.566784,-2.241,0.4053,0.0009982,3.922e-06,3.922e-06,0.003922,-5.882e-05,3.663e-06,0.01961
58.576782,-2.207,0.4102,0.0009252,3.922e-06,3.922e-06,0.003922,-5.882e-05,3.663e-06,0.01961
58.586784,-2.202,0.3906,0.0008668,3.922e-06,3.922e-06,0.003922,-5.882e-05,3.663e-06,0.01961
58.596783,-2.158,0.3711,0.0008201,3.922e-06,3.922e-06,0.003922,-5.882e-05,3.663e-06,0.01961
58.606781,-2.148,0.3516,0.0007559,3.922e-06,3.922e-06,0.003922,-5.882e-05,3.663e-06,0.01961
58.616783,-2.134,0.3369,0.0007034,3.922e-06,3.922e-06,0.003922,-5.882e-05,3.663e-06,0.01961
58.626781,-2.119,0.3174,0.0006479,3.922e-06,3.922e-06,0.003922,-5.882e-05,3.663e-06,0.01961
58.636784,-2.139,0.2881,0.00061,3.922e-06,3.922e-06,0.003922,-5.882e-05,3.663e-06,0.01961
58.646782,-2.124,0.2539,0.0005808,3.922e-06,3.922e-06,0.003922,-5.882e-05,3.663e-06,0.01961
58.656784,-2.153,0.2344,0.000537,3.922e-06,3.922e-06,0.003922,-5.882e-05,3.663e-06,0.01961
58.666782,-2.178,0.1953,0.0005166,3.922e-06,3.922e-06,0.003922,-5.882e-05,3.663e-06,0.01961
58.676781,-2.188,0.1758,0.0004845,3.922e-06,3.922e-06,0.003922,-5.882e-05,3.663e-06,0.01961
58.686783,-2.231,0.127,0.0004757,3.922e-06,3.922e-06,0.003922,-5.882e-05,3.663e-06,0.01961
58.696781,-2.256,0.1025,0.0004524,3.922e-06,3.922e-06,0.003922,-5.882e-05,3.663e-06,0.01961
58.706783,-2.314,0.06348,0.0004436,3.922e-06,3.922e-06,0.003922,-5.882e-05,3.663e-06,0.01961
58.716782,-2.358,0.03418,0.0004436,3.922e-06,3.922e-06,0.003922,-5.882e-05,3.663e-06,0.01961
58.726784,-2.402,-0.004883,0.0004524,3.922e-06,3.922e-06,0.003922,-5.882e-05,3.663e-06,0.01961
58.736782,-2.471,-0.03906,0.0004495,3.922e-06,3.922e-06,0.003922,-5.882e-05,3.663e-06,0.01961
58.746784,-2.529,-0.07812,0.0004816,3.922e-06,3.922e-06,0.003922,-5.882e-05,3.663e-06,0.01961
58.756783,-2.593,-0.1221,0.0005078,3.922e-06,3.922e-06,0.003922,-5.882e-05,3.663e-06,0.01961
58.766781,-2.656,-0.1514,0.0005312,3.922e-06,3.922e-06,0.003922,-5.882e-05,3.663e-06,0.01961
58.776783,-2.725,-0.1758,0.0005604,3.922e-06,3.922e-06,0.003922,-5.882e-05,3.663e-06,0.01961
58.786781,-2.788,-0.2246,0.0006041,3.922e-06,3.922e-06,0.003922,-5.882e-05,3.663e-06,0.01961
58.796783,-2.886,-0.2295,0.0006304,3.922e-06,3.922e-06,0.003922,-5.882e-05,3.663e-06,0.01961
58.806782,-2.949,-0.2734,0.0006917,3.922e-06,3.922e-06,0.003922,-5.882e-05,3.663e-06,0.01961
58.816784,-3.022,-0.293,0.0007384,3.922e-06,3.922e-06,0.003922,-5.882e-05,3.663e-06,0.01961
58.826782,-3.086,-0.3223,0.0007997,3.922e-06,3.922e-06,0.003922,-5.882e-05,3.663e-06,0.01961
58.836784,-3.164,-0.3369,0.0008522,3.922e-06,3.922e-06,0.003922,-5.882e-05,3.663e-06,0.01961
58.846783,-3.237,-0.3711,0.0009281,3.922e-06,3.922e-06,0.003922,-5.882e-05,3.663e-06,0.01961
58.856781,-3.311,-0.3857,0.0009923,3.922e-06,3.922e-06,0.003922,-5.882e-05,3.663e-06,0.01961
58.866783,-3.384,-0.3955,0.001059,3.922e-06,3.922e-06,0.003922,-5.882e-05,3.663e-06,0.01961
58.876781,-3.452,-0.4053,0.001129,3.922e-06,3.922e-06,0.003922,-5.882e-05,3.663e-06,0.01961
58.88678,-3.53,-0.4053,0.001191,3.922e-06,3.922e-06,0.003922,-5.882e-05,3.663e-06,0.01961
58.896782,-3.569,-0.415,0.001278,3.922e-06,3.922e-06,0.003922,-5.882e-05,3.663e-06,0.01961
58.90678,-3.623,-0.4248,0.001343,3.922e-06,3.922e-06,0.003922,-5.882e-05,3.663e-06,0.01961
58.916782,-3.677,-0.4199,0.001416,3.922e-06,3.922e-06,0.003922,-5.882e-05,3.663e-06,0.01961
58.926785,-3.716,-0.4053,0.001477,3.922e-06,3.922e-06,0.003922,-5.882e-05,3.663e-06,0.01961
58.936783,-3.755,-0.4248,0.001567,3.922e-06,3.922e-06,0.003922,-5.882e-05,3.663e-06,0.01961
58.946781,-3.789,-0.3955,0.001631,3.922e-06,3.922e-06,0.003922,-5.882e-05,3.663e-06,0.01961
58.956783,-3.833,-0.3809,0.00169,3.922e-06,3.922e-06,0.003922,-5.882e-05,3.663e-06,0.01961
58.966782,-3.857,-0.3613,0.001754,3.922e-06,3.922e-06,0.003922,-5.882e-05,3.663e-06,0.01961
58.976784,-3.877,-0.332,0.00181,3.922e-06,3.922e-06,0.003922,-5.882e-05,3.663e-06,0.01961
58.986782,-3.882,-0.3271,0.001877,3.922e-06,3.922e-06,0.003922,-5.882e-05,3.663e-06,0.01961
58.99678,-3.867,-0.2881,0.001912,3.922e-06,3.922e-06,0.003922,-5.882e-05,3.663e-06,0.01961
59.006783,-3.877,-0.2686,0.001964,3.922e-06,3.922e-06,0.003922,-5.882e-05,3.663e-06,0.01961
59.016781,-3.872,-0.2393,0.002011,3.922e-06,3.922e-06,0.003922,-5.882e-05,3.663e-06,0.01961
59.026783,-3.853,-0.2051,0.002046,3.922e-06,3.922e-06,0.003922,-5.882e-05,3.663e-06,0.01961
59.036781,-3.833,-0.1709,0.002072,3.922e-06,3.922e-06,0.003922,-5.882e-05,3.663e-06,0.01961
59.046783,-3.799,-0.1367,0.00211,3.922e-06,3.922e-06,0.003922,-5.882e-05,3.663e-06,0.01961
59.056782,-3.77,-0.09277,0.002119,3.922e-06,3.922e-06,0.003922,-5.882e-05,3.663e-06,0.01961
59.066784,-3.73,-0.05859,0.002142,3.922e-06,3.922e-06,0.003922,-5.882e-05,3.663e-06,0.01961
59.076782,-3.667,-0.01953,0.002139,3.922e-06,3.922e-06,0.003922,-5.882e-05,3.663e-06,0.01961
59.086781,-3.623,0.01953,0.002136,3.922e-06,3.922e-06,0.003922,-5.882e-05,3.663e-06,0.01961
59.096783,-3.569,0.06836,0.002131,3.922e-06,3.922e-06,0.003922,-5.882e-05,3.663e-06,0.01961
59.106781,-3.501,0.09766,0.002119,3.922e-06,3.922e-06,0.003922,-5.882e-05,3.663e-06,0.01961
59.116783,-3.433,0.1367,0.002098,3.922e-06,3.922e-06,0.003922,-5.882e-05,3.663e-06,0.01961
59.126781,-3.359,0.1855,0.002078,3.922e-06,3.922e-06,0.003922,-5.882e-05,3.663e-06,0.01961
59.136784,-3.291,0.2148,0.002037,3.922e-06,3.922e-06,0.003922,-5.882e-05,3.663e-06,0.01961
59.146782,-3.213,0.2539,0.002008,3.922e-06,3.922e-06,0.003922,-5.882e-05,3.663e-06,0.01961
59.15678,-3.14,0.293,0.001961,3.922e-06,3.922e-06,0.003922,-5.882e-05,3.663e-06,0.01961
59.166782,-3.042,0.3223,0.001912,3.922e-06,3.922e-06,0.003922,-5.882e-05,3.663e-06,0.01961
59.176781,-2.969,0.3418,0.001868,3.922e-06,3.922e-06,0.003922,-5.882e-05,3.663e-06,0.01961
59.186783,-2.881,0.376,0.001801,3.922e-06,3.922e-06,0.003922,-5.882e-05,3.663e-06,0.01961
59.196781,-2.803,0.4102,0.001742,3.922e-06,3.922e-06,0.003922,-5.882e-05,3.663e-06,0.01961
59.206783,-2.729,0.4248,0.001681,3.922e-06,3.922e-06,0.003922,-5.882e-05,3.663e-06,0.01961
59.216782,-2.642,0.4492,0.001608,3.922e-06,3.922e-06,0.003922,-5.882e-05,3.663e-06,0.01961
59.226784,-2.563,0.4736,0.001532,3.922e-06,3.922e-06,0.003922,-5.882e-05,3.663e-06,0.01961
59.236782,-2.495,0.4834,0.001448,3.922e-06,3.922e-06,0.003922,-5.882e-05,3.663e-06,0.01961
59.24678,-2.422,0.4932,0.00138,3.922e-06,3.922e-06,0.003922,-5.882e-05,3.663e-06,0.01961
59.256783,-2.354,0.5029,0.001302,3.922e-06,3.922e-06,0.003922,-5.882e-05,3.663e-06,0.01961
59.266781,-2.295,0.5127,0.001217,3.922e-06,3.922e-06,0.003922,-5.882e-05,3.663e-06,0.01961
59.276783,-2.227,0.5078,0.001144,3.922e-06,3.922e-06,0.003922,-5.882e-05,3.663e-06,0.01961
59.286781,-2.163,0.4883,0.001074,3.922e-06,3.922e-06,0.003922,-5.882e-05,3.663e-06,0.01961
59.296783,-2.119,0.5029,0.0009806,3.922e-06,3.922e-06,0.003922,-5.882e-05,3.663e-06,0.01961
59.306782,-2.085,0.4932,0.0009106,3.922e-06,3.922e-06,0.003922,-5.882e-05,3.663e-06,0.01961
59.316784,-2.041,0.4736,0.0008406,3.922e-06,3.922e-06,0.003922,-5.882e-05,3.663e-06,0.01961
59.326782,-2.007,0.4688,0.0007618,3.922e-06,3.922e-06,0.003922,-5.882e-05,3.663e-06,0.01961
59.336784,-1.997,0.4443,0.0006859,3.922e-06,3.922e-06,0.003922,-5.882e-05,3.663e-06,0.01961
59.346783,-1.973,0.4199,0.0006304,3.922e-06,3.922e-06,0.003922,-5.882e-05,3.663e-06,0.01961
59.356781,-1.963,0.3955,0.0005662,3.922e-06,3.922e-06,0.003922,-5.882e-05,3.663e-06,0.01961
59.366783,-1.958,0.3662,0.0005078,3.922e-06,3.922e-06,0.003922,-5.882e-05,3.663e-06,0.01961
59.376781,-1.953,0.3369,0.0004611,3.922e-06,3.922e-06,0.003922,-5.882e-05,3.663e-06,0.01961
59.386784,-1.958,0.2881,0.000432,3.922e-06,3.922e-06,0.003922,-5.882e-05,3.663e-06,0.01961
59.396782,-1.973,0.2637,0.0003823,3.922e-06,3.922e-06,0.003922,-5.882e-05,3.663e-06,0.01961
59.40678,-2.012,0.2246,0.0003415,3.922e-06,3.922e-06,0.003922,-5.882e-05,3.663e-06,0.01961
59.416782,-2.051,0.1807,0.0003269,3.922e-06,3.922e-06,0.003922,-5.882e-05,3.663e-06,0.01961
59.426785,-2.08,0.1465,0.0003006,3.922e-06,3.922e-06,0.003922,-5.882e-05,3.663e-06,0.01961
59.436783,-2.144,0.1074,0.0002773,3.922e-06,3.922e-06,0.003922,-5.882e-05,3.663e-06,0.01961
59.446781,-2.192,0.07324,0.0002714,3.922e-06,3.922e-06,0.003922,-5.882e-05,3.663e-06,0.01961
59.456783,-2.246,0.02441,0.0002685,3.922e-06,3.922e-06,0.003922,-5.882e-05,3.663e-06,0.01961
59.466782,-2.31,-0.03418,0.0002948,3.922e-06,3.922e-06,0.003922,-5.882e-05,3.663e-06,0.01961
59.476784,-2.363,-0.06836,0.0003006,3.922e-06,3.922e-06,0.003922,-5.882e-05,3.663e-06,0.01961
59.486782,-2.466,-0.1123,0.0003269,3.922e-06,3.922e-06,0.003922,-5.882e-05,3.663e-06,0.01961
59.49678,-2.529,-0.1611,0.0003736,3.922e-06,3.922e-06,0.003922,-5.882e-05,3.663e-06,0.01961
59.506783,-2.622,-0.1904,0.0003853,3.922e-06,3.922e-06,0.003922,-5.882e-05,3.663e-06,0.01961
59.516781,-2.705,-0.2344,0.000432,3.922e-06,3.922e-06,0.003922,-5.882e-05,3.663e-06,0.01961
59.526783,-2.788,-0.2637,0.0004728,3.922e-06,3.922e-06,0.003922,-5.882e-05,3.663e-06,0.01961
59.536781,-2.886,-0.3125,0.0005341,3.922e-06,3.922e-06,0.003922,-5.882e-05,3.663e-06,0.01961
59.546783,-2.959,-0.3418,0.0005983,3.922e-06,3.922e-06,0.003922,-5.882e-05,3.663e-06,0.01961
59.556782,-3.062,-0.3711,0.0006654,3.922e-06,3.922e-06,0.003922,-5.882e-05,3.663e-06,0.01961
59.566784,-3.145,-0.4004,0.0007238,3.922e-06,3.922e-06,0.003922,-5.882e-05,3.663e-06,0.01961
59.576782,-3.232,-0.4248,0.0008026,3.922e-06,3.922e-06,0.003922,-5.882e-05,3.663e-06,0.01961
59.586784,-3.335,-0.4492,0.0008697,3.922e-06,3.922e-06,0.003922,-5.882e-05,3.663e-06,0.01961
59.596783,-3.398,-0.4639,0.0009602,3.922e-06,3.922e-06,0.003922,-5.882e-05,3.663e-06,0.01961
59.606781,-3.496,-0.4834,0.001045,3.922e-06,3.922e-06,0.003922,-5.882e-05,3.663e-06,0.01961
59.616783,-3.579,-0.498,0.001127,3.922e-06,3.922e-06,0.003922,-5.882e-05,3.663e-06,0.01961
59.626781,-3.647,-0.498,0.001214,3.922e-06,3.922e-06,0.003922,-5.882e-05,3.663e-06,0.01961
59.636784,-3.711,-0.5225,0.00131,3.922e-06,3.922e-06,0.003922,-5.882e-05,3.663e-06,0.01961
59.646782,-3.779,-0.5078,0.001389,3.922e-06,3.922e-06,0.003922,-5.882e-05,3.663e-06,0.01961
59.65678,-3.843,-0.5127,0.001474,3.922e-06,3.922e-06,0.003922,-5.882e-05,3.663e-06,0.01961
59.666782,-3.896,-0.5078,0.001561,3.922e-06,3.922e-06,0.003922,-5.882e-05,3.663e-06,0.01961
59.676781,-3.94,-0.4932,0.001649,3.922e-06,3.922e-06,0.003922,-5.882e-05,3.663e-06,0.01961
59.686783,-3.984,-0.4932,0.001742,3.922e-06,3.922e-06,0.003922,-5.882e-05,3.663e-06,0.01961
59.696781,-4.014,-0.4541,0.001801,3.922e-06,3.922e-06,0.003922,-5.882e-05,3.663e-06,0.01961
59.706783,-4.048,-0.4297,0.001874,3.922e-06,3.922e-06,0.003922,-5.882e-05,3.663e-06,0.01961
59.716782,-4.062,-0.4053,0.001947,3.922e-06,3.922e-06,0.003922,-5.882e-05,3.663e-06,0.01961
59.726784,-4.067,-0.3711,0.002011,3.922e-06,3.922e-06,0.003922,-5.882e-05,3.663e-06,0.01961
59.736782,-4.087,-0.3467,0.002069,3.922e-06,3.922e-06,0.003922,-5.882e-05,3.663e-06,0.01961
59.746784,-4.062,-0.3174,0.002133,3.922e-06,3.922e-06,0.003922,-5.882e-05,3.663e-06,0.01961
59.756783,-4.048,-0.2881,0.002189,3.922e-06,3.922e-06,0.003922,-5.882e-05,3.663e-06,0.01961
59.766781,-4.028,-0.2393,0.002218,3.922e-06,3.922e-06,0.003922,-5.882e-05,3.663e-06,0.01961
59.776783,-3.989,-0.1953,0.002262,3.922e-06,3.922e-06,0.003922,-5.882e-05,3.663e-06,0.01961
59.786781,-3.97,-0.1514,0.002279,3.922e-06,3.922e-06,0.003922,-5.882e-05,3.663e-06,0.01961
59.796783,-3.916,-0.1074,0.002312,3.922e-06,3.922e-06,0.003922,-5.882e-05,3.663e-06,0.01961
59.806782,-3.867,-0.05859,0.002312,3.922e-06,3.922e-06,0.003922,-5.882e-05,3.663e-06,0.01961
59.81678,-3.804,-0.01465,0.002326,3.922e-06,3.922e-06,0.003922,-5.882e-05,3.663e-06,0.01961
59.826782,-3.726,0.03418,0.002323,3.922e-06,3.922e-06,0.003922,-5.882e-05,3.663e-06,0.01961
59.836784,-3.662,0.07812,0.002314,3.922e-06,3.922e-06,0.003922,-5.882e-05,3.663e-06,0.01961
59.846783,-3.574,0.127,0.0023,3.922e-06,3.922e-06,0.003922,-5.882e-05,3.663e-06,0.01961
59.856781,-3.511,0.1709,0.002277,3.922e-06,3.922e-06,0.003922,-5.882e-05,3.663e-06,0.01961
59.866783,-3.423,0.2197,0.002244,3.922e-06,3.922e-06,0.003922,-5.882e-05,3.663e-06,0.01961
59.876781,-3.335,0.2734,0.002195,3.922e-06,3.922e-06,0.003922,-5.882e-05,3.663e-06,0.01961
59.886784,-3.242,0.3223,0.002136,3.922e-06,3.922e-06,0.003922,-5.882e-05,3.663e-06,0.01961
59.896782,-3.14,0.3662,0.002081,3.922e-06,3.922e-06,0.003922,-5.882e-05,3.663e-06,0.01961
59.906784,-3.047,0.3857,0.002037,3.922e-06,3.922e-06,0.003922,-5.882e-05,3.663e-06,0.01961
59.916782,-2.944,0.4248,0.00197,3.922e-06,3.922e-06,0.003922,-5.882e-05,3.663e-06,0.01961
59.926785,-2.837,0.4639,0.001897,3.922e-06,3.922e-06,0.003922,-5.882e-05,3.663e-06,0.01961
59.936783,-2.749,0.4834,0.001827,3.922e-06,3.922e-06,0.003922,-5.882e-05,3.663e-06,0.01961
59.946781,-2.642,0.5225,0.001742,3.922e-06,3.922e-06,0.003922,-5.882e-05,3.663e-06,0.01961
59.956783,-2.559,0.542,0.001658,3.922e-06,3.922e-06,0.003922,-5.882e-05,3.663e-06,0.01961
59.966782,-2.471,0.5664,0.001564,3.922e-06,3.922e-06,0.003922,-5.882e-05,3.663e-06,0.01961
59.976784,-2.368,0.5908,0.001468,3.922e-06,3.922e-06,0.003922,-5.882e-05,3.663e-06,0.01961
59.986782,-2.29,0.6006,0.001369,3.922e-06,3.922e-06,0.003922,-5.882e-05,3.663e-06,0.01961
59.996784,-2.202,0.6104,0.001275,3.922e-06,3.922e-06,0.003922,-5.882e-05,3.663e-06,0.01961
