time,x,y,z,xref,yref,zref,ux,uy,uz
1.9e-05,2.251,-0.1562,-0.0004495,6.072e-07,6.072e-07,0.0006072,-1.221e-06,-1.221e-06,0.01961
0.010234,2.305,-0.1123,-0.0003882,0.0002998,0.0002998,0.2998,0.0002991,0.0002991,0.3333
0.020241,2.378,-0.05371,-0.0003123,0.0004778,0.0004778,0.4778,0.0004774,0.0004774,0.4902
0.030234,2.446,0.0293,-0.0002306,0.0004732,0.0004732,0.4732,0.0004725,0.0004725,0.4902
0.040234,2.534,0.08789,-0.0001693,0.0002879,0.0002879,0.2879,0.0002869,0.0002869,0.2941
0.050234,2.598,0.1562,-0.0001664,-7.351e-06,-7.351e-06,-0.007351,-8.547e-06,-8.547e-06,0.01961
0.060234,2.7,0.2051,-0.0002101,-0.0002998,-0.0002998,-0.2998,-0.0003016,-0.0003016,-0.2941
0.070234,2.754,0.2344,-0.000324,-0.0004777,-0.0004777,-0.4777,-0.0004799,-0.0004799,-0.451
0.080234,2.842,0.2686,-0.0004611,-0.0004732,-0.0004732,-0.4732,-0.000475,-0.000475,-0.451
0.090234,2.91,0.2832,-0.0005604,-0.0002879,-0.0002879,-0.2879,-0.0002894,-0.0002894,-0.2549
0.100234,2.983,0.3125,-0.0006363,7.342e-06,7.342e-06,0.007342,6.105e-06,6.105e-06,0.01961
0.110234,3.081,0.3662,-0.0006654,0.0002998,0.0002998,0.2998,0.0002991,0.0002991,0.3333
0.120234,3.184,0.4102,-0.0006596,0.0004777,0.0004777,0.4777,0.0004774,0.0004774,0.4902
0.130234,3.311,0.4688,-0.0006392,0.0004732,0.0004732,0.4732,0.0004725,0.0004725,0.4902
0.140234,3.438,0.5225,-0.0006479,0.0002879,0.0002879,0.2879,0.0002869,0.0002869,0.2941
0.150234,3.54,0.5469,-0.0007005,-7.339e-06,-7.339e-06,-0.007339,-8.547e-06,-8.547e-06,0.01961
0.160234,3.638,0.5908,-0.0008318,-0.0002998,-0.0002998,-0.2998,-0.0003016,-0.0003016,-0.2941
0.170234,3.716,0.5908,-0.0009836,-0.0004777,-0.0004777,-0.4777,-0.0004799,-0.0004799,-0.451
0.180235,3.784,0.5957,-0.001173,-0.0004732,-0.0004732,-0.4732,-0.000475,-0.000475,-0.451
0.190234,3.853,0.5957,-0.00134,-0.0002879,-0.0002879,-0.2879,-0.0002894,-0.0002894,-0.2549
0.200234,3.921,0.5762,-0.001453,7.34e-06,7.34e-06,0.00734,6.105e-06,6.105e-06,0.01961
0.210234,4.004,0.5957,-0.001521,0.0002998,0.0002998,0.2998,0.0002991,0.0002991,0.3333
0.220233,4.102,0.5957,-0.001535,0.0004777,0.0004777,0.4777,0.0004774,0.0004774,0.4902
0.230234,4.185,0.6152,-0.001547,0.0004732,0.0004732,0.4732,0.0004725,0.0004725,0.4902
0.240234,4.268,0.6348,-0.001573,0.0002879,0.0002879,0.2879,0.0002869,0.0002869,0.2941
0.250235,4.316,0.6299,-0.001649,-7.371e-06,-7.371e-06,-0.007371,-8.547e-06,-8.547e-06,0.01961
0.260234,4.385,0.6055,-0.001757,-0.0002998,-0.0002998,-0.2998,-0.0003016,-0.0003016,-0.2941
0.270233,4.39,0.5908,-0.001938,-0.0004777,-0.0004777,-0.4777,-0.0004799,-0.0004799,-0.451
0.280234,4.404,0.542,-0.002104,-0.0004732,-0.0004732,-0.4732,-0.000475,-0.000475,-0.451
0.290234,4.404,0.498,-0.002253,-0.0002879,-0.0002879,-0.2879,-0.0002894,-0.0002894,-0.2549
0.300234,4.404,0.4492,-0.002349,7.342e-06,7.342e-06,0.007342,6.105e-06,6.105e-06,0.01961
0.310235,4.429,0.4053,-0.00237,0.0002998,0.0002998,0.2998,0.0002991,0.0002991,0.3333
0.320235,4.419,0.3809,-0.002367,0.0004778,0.0004778,0.4778,0.0004774,0.0004774,0.4902
0.330234,4.419,0.3564,-0.002329,0.0004732,0.0004732,0.4732,0.0004725,0.0004725,0.4902
0.340234,4.414,0.3369,-0.002312,0.0002879,0.0002879,0.2879,0.0002869,0.0002869,0.2941
0.350234,4.39,0.2979,-0.002329,-7.341e-06,-7.341e-06,-0.007341,-8.547e-06,-8.547e-06,0.01961
0.360234,4.336,0.2637,-0.002396,-0.0002998,-0.0002998,-0.2998,-0.0003016,-0.0003016,-0.2941
0.370233,4.277,0.1953,-0.002498,-0.0004777,-0.0004777,-0.4777,-0.0004799,-0.0004799,-0.451
0.380234,4.209,0.1318,-0.002603,-0.0004732,-0.0004732,-0.4732,-0.000475,-0.000475,-0.451
0.390235,4.136,0.04883,-0.002668,-0.0002879,-0.0002879,-0.2879,-0.0002894,-0.0002894,-0.2549
0.400234,4.033,-0.009766,-0.002703,7.363e-06,7.363e-06,0.007363,6.105e-06,6.105e-06,0.01961
0.410234,3.994,-0.08301,-0.002635,0.0002998,0.0002998,0.2998,0.0002991,0.0002991,0.3333
0.420234,3.892,-0.1221,-0.002548,0.0004778,0.0004778,0.4778,0.0004774,0.0004774,0.4902
0.430233,3.833,-0.1514,-0.002431,0.0004732,0.0004732,0.4732,0.0004725,0.0004725,0.4902
0.440235,3.74,-0.1709,-0.002341,0.0002879,0.0002879,0.2879,0.0002869,0.0002869,0.2941
0.450233,3.643,-0.2148,-0.002271,-7.333e-06,-7.333e-06,-0.007333,-8.547e-06,-8.547e-06,0.01961
0.460234,3.564,-0.2637,-0.002244,-0.0002998,-0.0002998,-0.2998,-0.0003016,-0.0003016,-0.2941
0.470234,3.423,-0.3076,-0.002277,-0.0004777,-0.0004777,-0.4777,-0.0004799,-0.0004799,-0.451
0.480235,3.306,-0.376,-0.002291,-0.0004732,-0.0004732,-0.4732,-0.000475,-0.000475,-0.451
0.490234,3.179,-0.4395,-0.002291,-0.0002879,-0.0002879,-0.2879,-0.0002894,-0.0002894,-0.2549
0.500234,3.057,-0.4932,-0.002241,7.355e-06,7.355e-06,0.007355,6.105e-06,6.105e-06,0.01961
0.510233,2.949,-0.5225,-0.002116,0.0002998,0.0002998,0.2998,0.0002991,0.0002991,0.3333
0.520234,2.842,-0.5518,-0.001941,0.0004777,0.0004777,0.4777,0.0004774,0.0004774,0.4902
0.530235,2.754,-0.5518,-0.001763,0.0004732,0.0004732,0.4732,0.0004725,0.0004725,0.4902
0.540234,2.676,-0.5713,-0.001582,0.0002879,0.0002879,0.2879,0.0002869,0.0002869,0.2941
0.550234,2.568,-0.5713,-0.001468,-7.352e-06,-7.352e-06,-0.007352,-8.547e-06,-8.547e-06,0.01961
0.560234,2.476,-0.5664,-0.001407,-0.0002998,-0.0002998,-0.2998,-0.0003016,-0.0003016,-0.2941
0.570234,2.373,-0.5908,-0.00138,-0.0004777,-0.0004777,-0.4777,-0.0004799,-0.0004799,-0.451
0.580234,2.28,-0.6152,-0.001363,-0.0004732,-0.0004732,-0.4732,-0.000475,-0.000475,-0.451
0.590234,2.183,-0.6494,-0.001313,-0.0002879,-0.0002879,-0.2879,-0.0002894,-0.0002894,-0.2549
0.600235,2.095,-0.6592,-0.001232,7.371e-06,7.371e-06,0.007371,6.105e-06,6.105e-06,0.01961
0.610234,2.036,-0.6494,-0.001086,0.0002998,0.0002998,0.2998,0.0002991,0.0002991,0.3333
0.620233,1.982,-0.6299,-0.0009077,0.0004777,0.0004777,0.4777,0.0004774,0.0004774,0.4902
0.630234,1.943,-0.5859,-0.0007151,0.0004732,0.0004732,0.4732,0.0004725,0.0004725,0.4902
0.640235,1.919,-0.5371,-0.0005633,0.0002879,0.0002879,0.2879,0.0002869,0.0002869,0.2941
0.650233,1.89,-0.498,-0.0004495,-7.334e-06,-7.334e-06,-0.007334,-8.547e-06,-8.547e-06,0.01961
0.660234,1.885,-0.4639,-0.0003969,-0.0002998,-0.0002998,-0.2998,-0.0003016,-0.0003016,-0.2941
0.670233,1.865,-0.4492,-0.0003853,-0.0004777,-0.0004777,-0.4777,-0.0004799,-0.0004799,-0.451
0.680235,1.846,-0.4199,-0.0004086,-0.0004732,-0.0004732,-0.4732,-0.000475,-0.000475,-0.451
0.690234,1.836,-0.4053,-0.0003998,-0.0002879,-0.0002879,-0.2879,-0.0002894,-0.0002894,-0.2549
0.700233,1.826,-0.376,-0.0003619,7.333e-06,7.333e-06,0.007333,6.105e-06,6.105e-06,0.01961
0.710235,1.855,-0.3271,-0.0002714,0.0002998,0.0002998,0.2998,0.0002991,0.0002991,0.3333
0.720233,1.89,-0.2637,-0.0001576,0.0004777,0.0004777,0.4777,0.0004774,0.0004774,0.4902
0.730235,1.968,-0.1855,-3.502e-05,0.0004732,0.0004732,0.4732,0.0004725,0.0004725,0.4902
0.740234,2.041,-0.1074,5.545e-05,0.0002879,0.0002879,0.2879,0.0002869,0.0002869,0.2941
0.750234,2.114,-0.03418,7.88e-05,-7.339e-06,-7.339e-06,-0.007339,-8.547e-06,-8.547e-06,0.01961
0.760234,2.197,0.01953,7.588e-05,-0.0002998,-0.0002998,-0.2998,-0.0003016,-0.0003016,-0.2941
0.770234,2.256,0.06348,-8.756e-06,-0.0004777,-0.0004777,-0.4777,-0.0004799,-0.0004799,-0.451
0.780235,2.334,0.1025,-0.000108,-0.0004732,-0.0004732,-0.4732,-0.000475,-0.000475,-0.451
0.790234,2.412,0.1367,-0.0001955,-0.0002879,-0.0002879,-0.2879,-0.0002894,-0.0002894,-0.2549
0.800234,2.5,0.1758,-0.0002422,7.358e-06,7.358e-06,0.007358,6.105e-06,6.105e-06,0.01961
0.810234,2.603,0.2441,-0.0002539,0.0002998,0.0002998,0.2998,0.0002991,0.0002991,0.3333
0.820235,2.729,0.3076,-0.0002306,0.0004778,0.0004778,0.4778,0.0004774,0.0004774,0.4902
0.830235,2.856,0.3809,-0.0001985,0.0004732,0.0004732,0.4732,0.0004725,0.0004725,0.4902
0.840235,2.998,0.459,-0.0002043,0.0002879,0.0002879,0.2879,0.0002869,0.0002869,0.2941
0.850234,3.125,0.5127,-0.0002539,-7.343e-06,-7.343e-06,-0.007343,-8.547e-06,-8.547e-06,0.01961
0.860234,3.252,0.5615,-0.0003619,-0.0002998,-0.0002998,-0.2998,-0.0003016,-0.0003016,-0.2941
0.870234,3.354,0.5859,-0.0005283,-0.0004777,-0.0004777,-0.4777,-0.0004799,-0.0004799,-0.451
0.880234,3.462,0.6055,-0.0007121,-0.0004732,-0.0004732,-0.4732,-0.000475,-0.000475,-0.451
0.890234,3.569,0.6201,-0.0008873,-0.0002879,-0.0002879,-0.2879,-0.0002894,-0.0002894,-0.2549
0.900233,3.667,0.6348,-0.00101,7.334e-06,7.334e-06,0.007334,6.105e-06,6.105e-06,0.01961
0.910234,3.789,0.6689,-0.001094,0.0002998,0.0002998,0.2998,0.0002991,0.0002991,0.3333
0.920234,3.906,0.6934,-0.001129,0.0004777,0.0004777,0.4777,0.0004774,0.0004774,0.4902
0.930234,4.038,0.7275,-0.00115,0.0004732,0.0004732,0.4732,0.0004725,0.0004725,0.4902
0.940234,4.16,0.7617,-0.001202,0.0002879,0.0002879,0.2879,0.0002869,0.0002869,0.2941
0.950234,4.248,0.7812,-0.00129,-7.341e-06,-7.341e-06,-0.007341,-8.547e-06,-8.547e-06,0.01961
0.960234,4.341,0.8008,-0.001459,-0.0002998,-0.0002998,-0.2998,-0.0003016,-0.0003016,-0.2941
0.970234,4.409,0.7666,-0.001643,-0.0004777,-0.0004777,-0.4777,-0.0004799,-0.0004799,-0.451
0.980234,4.468,0.7275,-0.001839,-0.0004732,-0.0004732,-0.4732,-0.000475,-0.000475,-0.451
0.990236,4.521,0.7031,-0.002026,-0.0002879,-0.0002879,-0.2879,-0.0002894,-0.0002894,-0.2549
1.000233,4.561,0.6592,-0.002151,7.33e-06,7.33e-06,0.00733,6.105e-06,6.105e-06,0.01961
1.010234,4.609,0.6445,-0.002227,0.0002998,0.0002998,0.2998,0.0002991,0.0002991,0.3333
1.020234,4.658,0.6104,-0.002241,0.0004777,0.0004777,0.4777,0.0004774,0.0004774,0.4902
1.030235,4.683,0.6104,-0.002256,0.0004732,0.0004732,0.4732,0.0004725,0.0004725,0.4902
1.040234,4.717,0.5908,-0.002279,0.0002879,0.0002879,0.2879,0.0002869,0.0002869,0.2941
1.050233,4.722,0.5664,-0.002341,-7.336e-06,-7.336e-06,-0.007336,-8.547e-06,-8.547e-06,0.01961
1.060234,4.736,0.5225,-0.002446,-0.0002998,-0.0002998,-0.2998,-0.0003016,-0.0003016,-0.2941
1.070234,4.697,0.4492,-0.002583,-0.0004777,-0.0004777,-0.4777,-0.0004799,-0.0004799,-0.451
1.080235,4.648,0.3809,-0.002732,-0.0004732,-0.0004732,-0.4732,-0.000475,-0.000475,-0.451
1.090235,4.59,0.293,-0.002837,-0.0002879,-0.0002879,-0.2879,-0.0002894,-0.0002894,-0.2549
1.100233,4.507,0.2197,-0.002895,7.331e-06,7.331e-06,0.007331,6.105e-06,6.105e-06,0.01961
1.110233,4.463,0.1562,-0.002878,0.0002998,0.0002998,0.2998,0.0002991,0.0002991,0.3333
1.120235,4.395,0.1123,-0.002831,0.0004778,0.0004778,0.4778,0.0004774,0.0004774,0.4902
1.130233,4.331,0.06836,-0.002749,0.0004732,0.0004732,0.4732,0.0004725,0.0004725,0.4902
1.140233,4.268,0.0293,-0.002679,0.0002879,0.0002879,0.2879,0.0002869,0.0002869,0.2941
1.150235,4.17,-0.01953,-0.00265,-7.374e-06,-7.374e-06,-0.007374,-8.547e-06,-8.547e-06,0.01961
1.160234,4.072,-0.07812,-0.002665,-0.0002998,-0.0002998,-0.2998,-0.0003016,-0.0003016,-0.2941
1.170234,3.955,-0.166,-0.002694,-0.0004777,-0.0004777,-0.4777,-0.0004799,-0.0004799,-0.451
1.180233,3.809,-0.2441,-0.002738,-0.0004732,-0.0004732,-0.4732,-0.000475,-0.000475,-0.451
1.190233,3.672,-0.3223,-0.002749,-0.0002879,-0.0002879,-0.2879,-0.0002894,-0.0002894,-0.2549
1.200234,3.53,-0.4004,-0.002703,7.339e-06,7.339e-06,0.007339,6.105e-06,6.105e-06,0.01961
1.210234,3.398,-0.4541,-0.002598,0.0002998,0.0002998,0.2998,0.0002991,0.0002991,0.3333
1.220234,3.276,-0.498,-0.002443,0.0004778,0.0004778,0.4778,0.0004774,0.0004774,0.4902
1.230235,3.169,-0.5225,-0.002268,0.0004732,0.0004732,0.4732,0.0004725,0.0004725,0.4902
1.240233,3.071,-0.5615,-0.002093,0.0002879,0.0002879,0.2879,0.0002869,0.0002869,0.2941
1.250233,2.93,-0.5908,-0.001967,-7.33e-06,-7.33e-06,-0.00733,-8.547e-06,-8.547e-06,0.01961
1.260233,2.798,-0.6152,-0.001888,-0.0002998,-0.0002998,-0.2998,-0.0003016,-0.0003016,-0.2941
1.270234,2.651,-0.6641,-0.00185,-0.0004777,-0.0004777,-0.4777,-0.0004799,-0.0004799,-0.451
1.280233,2.51,-0.7031,-0.001824,-0.0004732,-0.0004732,-0.4732,-0.000475,-0.000475,-0.451
1.290234,2.368,-0.7471,-0.001772,-0.0002879,-0.0002879,-0.2879,-0.0002894,-0.0002894,-0.2549
1.300234,2.246,-0.7812,-0.001658,7.358e-06,7.358e-06,0.007358,6.105e-06,6.105e-06,0.01961
1.310236,2.153,-0.7861,-0.001506,0.0002999,0.0002999,0.2999,0.0002991,0.0002991,0.3333
1.320235,2.046,-0.7959,-0.00129,0.0004778,0.0004778,0.4778,0.0004774,0.0004774,0.4902
1.330234,1.973,-0.7666,-0.001077,0.0004732,0.0004732,0.4732,0.0004725,0.0004725,0.4902
1.340233,1.895,-0.7471,-0.0008727,0.0002879,0.0002879,0.2879,0.0002869,0.0002869,0.2941
1.350234,1.826,-0.7275,-0.0007267,-7.364e-06,-7.364e-06,-0.007364,-8.547e-06,-8.547e-06,0.01961
1.360234,1.758,-0.6836,-0.0006508,-0.0002998,-0.0002998,-0.2998,-0.0003016,-0.0003016,-0.2941
1.370234,1.641,-0.6836,-0.0006012,-0.0004778,-0.0004778,-0.4778,-0.0004799,-0.0004799,-0.451
1.380234,1.548,-0.6738,-0.0005808,-0.0004732,-0.0004732,-0.4732,-0.000475,-0.000475,-0.451
1.390234,1.465,-0.6641,-0.0005341,-0.0002879,-0.0002879,-0.2879,-0.0002894,-0.0002894,-0.2549
1.400234,1.377,-0.6543,-0.0004436,7.352e-06,7.352e-06,0.007352,6.105e-06,6.105e-06,0.01961
1.410234,1.299,-0.6152,-0.0003065,0.0002998,0.0002998,0.2998,0.0002991,0.0002991,0.3333
1.420234,1.235,-0.5664,-0.000143,0.0004777,0.0004777,0.4777,0.0004774,0.0004774,0.4902
1.430234,1.196,-0.498,3.21e-05,0.0004732,0.0004732,0.4732,0.0004725,0.0004725,0.4902
1.440234,1.157,-0.4248,0.0001839,0.0002879,0.0002879,0.2879,0.0002869,0.0002869,0.2941
1.450234,1.123,-0.3564,0.0002568,-7.35e-06,-7.35e-06,-0.00735,-8.547e-06,-8.547e-06,0.01961
1.460233,1.113,-0.3027,0.000286,-0.0002998,-0.0002998,-0.2998,-0.0003016,-0.0003016,-0.2941
1.470234,1.084,-0.2734,0.0002568,-0.0004777,-0.0004777,-0.4777,-0.0004799,-0.0004799,-0.451
1.480235,1.055,-0.2295,0.0002043,-0.0004732,-0.0004732,-0.4732,-0.000475,-0.000475,-0.451
1.490234,1.04,-0.2002,0.0001751,-0.0002879,-0.0002879,-0.2879,-0.0002894,-0.0002894,-0.2549
1.500234,1.055,-0.166,0.0001839,7.353e-06,7.353e-06,0.007353,6.105e-06,6.105e-06,0.01961
1.510234,1.094,-0.1074,0.0002364,0.0002998,0.0002998,0.2998,0.0002991,0.0002991,0.3333
1.520234,1.143,-0.04395,0.0003181,0.0004777,0.0004777,0.4777,0.0004774,0.0004774,0.4902
1.530235,1.23,0.03906,0.0003998,0.0004732,0.0004732,0.4732,0.0004725,0.0004725,0.4902
1.540235,1.333,0.1172,0.0004582,0.0002879,0.0002879,0.2879,0.0002869,0.0002869,0.2941
1.550233,1.45,0.1953,0.0004495,-7.329e-06,-7.329e-06,-0.007329,-8.547e-06,-8.547e-06,0.01961
1.560235,1.597,0.249,0.0003853,-0.0002998,-0.0002998,-0.2998,-0.0003016,-0.0003016,-0.2941
1.570233,1.738,0.2979,0.0002656,-0.0004777,-0.0004777,-0.4777,-0.0004799,-0.0004799,-0.451
1.580233,1.904,0.3223,0.000143,-0.0004732,-0.0004732,-0.4732,-0.000475,-0.000475,-0.451
1.590234,2.056,0.3564,1.751e-05,-0.0002879,-0.0002879,-0.2879,-0.0002894,-0.0002894,-0.2549
1.600233,2.222,0.4004,-7.588e-05,7.335e-06,7.335e-06,0.007335,6.105e-06,6.105e-06,0.01961
1.610234,2.402,0.4639,-0.0001197,0.0002998,0.0002998,0.2998,0.0002991,0.0002991,0.3333
1.620234,2.598,0.5176,-0.0001226,0.0004778,0.0004778,0.4778,0.0004774,0.0004774,0.4902
1.630234,2.793,0.5957,-0.0001197,0.0004732,0.0004732,0.4732,0.0004725,0.0004725,0.4902
1.640233,2.969,0.6592,-0.0001518,0.0002879,0.0002879,0.2879,0.0002869,0.0002869,0.2941
1.650233,3.149,0.7227,-0.0002481,-7.326e-06,-7.326e-06,-0.007326,-8.547e-06,-8.547e-06,0.01961
1.660233,3.345,0.7617,-0.0003853,-0.0002998,-0.0002998,-0.2998,-0.0003016,-0.0003016,-0.2941
1.670234,3.472,0.7812,-0.0005837,-0.0004778,-0.0004778,-0.4778,-0.0004799,-0.0004799,-0.451
1.680233,3.618,0.7959,-0.0007939,-0.0004732,-0.0004732,-0.4732,-0.000475,-0.000475,-0.451
1.690234,3.76,0.8008,-0.0009894,-0.0002879,-0.0002879,-0.2879,-0.0002894,-0.0002894,-0.2549
1.700234,3.882,0.8008,-0.001135,7.351e-06,7.351e-06,0.007351,6.105e-06,6.105e-06,0.01961
1.710234,4.019,0.8301,-0.001258,0.0002998,0.0002998,0.2998,0.0002991,0.0002991,0.3333
1.720234,4.15,0.8447,-0.00131,0.0004778,0.0004778,0.4778,0.0004774,0.0004774,0.4902
1.730235,4.292,0.8691,-0.001357,0.0004732,0.0004732,0.4732,0.0004725,0.0004725,0.4902
1.740234,4.419,0.8984,-0.001442,0.0002879,0.0002879,0.2879,0.0002869,0.0002869,0.2941
1.750233,4.531,0.9082,-0.001559,-7.319e-06,-7.319e-06,-0.007319,-8.547e-06,-8.547e-06,0.01961
1.760233,4.634,0.8984,-0.001725,-0.0002998,-0.0002998,-0.2998,-0.0003016,-0.0003016,-0.2941
1.770235,4.692,0.8594,-0.001932,-0.0004778,-0.0004778,-0.4778,-0.0004799,-0.0004799,-0.451
1.780235,4.761,0.8154,-0.002139,-0.0004732,-0.0004732,-0.4732,-0.000475,-0.000475,-0.451
1.790234,4.8,0.7666,-0.002335,-0.0002879,-0.0002879,-0.2879,-0.0002894,-0.0002894,-0.2549
1.800233,4.824,0.7178,-0.002472,7.333e-06,7.333e-06,0.007333,6.105e-06,6.105e-06,0.01961
1.810235,4.854,0.6738,-0.002542,0.0002998,0.0002998,0.2998,0.0002991,0.0002991,0.3333
1.820234,4.873,0.6396,-0.002583,0.0004777,0.0004777,0.4777,0.0004774,0.0004774,0.4902
1.830233,4.912,0.6104,-0.00258,0.0004732,0.0004732,0.4732,0.0004725,0.0004725,0.4902
1.840234,4.922,0.5811,-0.002603,0.0002879,0.0002879,0.2879,0.0002869,0.0002869,0.2941
1.850234,4.917,0.5371,-0.002665,-7.357e-06,-7.357e-06,-0.007357,-8.547e-06,-8.547e-06,0.01961
1.860235,4.893,0.4785,-0.002761,-0.0002998,-0.0002998,-0.2998,-0.0003016,-0.0003016,-0.2941
1.870234,4.839,0.3857,-0.002886,-0.0004777,-0.0004777,-0.4777,-0.0004799,-0.0004799,-0.451
1.880234,4.761,0.3027,-0.003015,-0.0004732,-0.0004732,-0.4732,-0.000475,-0.000475,-0.451
1.890234,4.668,0.2197,-0.003126,-0.0002879,-0.0002879,-0.2879,-0.0002894,-0.0002894,-0.2549
1.900234,4.57,0.1221,-0.003158,7.348e-06,7.348e-06,0.007348,6.105e-06,6.105e-06,0.01961
1.910233,4.492,0.04395,-0.003126,0.0002998,0.0002998,0.2998,0.0002991,0.0002991,0.3333
1.920234,4.37,-0.01465,-0.003059,0.0004777,0.0004777,0.4777,0.0004774,0.0004774,0.4902
1.930234,4.302,-0.06348,-0.002954,0.0004732,0.0004732,0.4732,0.0004725,0.0004725,0.4902
1.940235,4.194,-0.1123,-0.002866,0.0002879,0.0002879,0.2879,0.0002869,0.0002869,0.2941
1.950233,4.082,-0.1855,-0.002796,-7.336e-06,-7.336e-06,-0.007336,-8.547e-06,-8.547e-06,0.01961
1.960233,3.965,-0.249,-0.002787,-0.0002998,-0.0002998,-0.2998,-0.0003016,-0.0003016,-0.2941
1.970234,3.799,-0.3369,-0.002793,-0.0004777,-0.0004777,-0.4777,-0.0004799,-0.0004799,-0.451
1.980234,3.638,-0.4199,-0.002814,-0.0004732,-0.0004732,-0.4732,-0.000475,-0.000475,-0.451
1.990233,3.467,-0.5029,-0.002796,-0.0002879,-0.0002879,-0.2879,-0.0002894,-0.0002894,-0.2549
2.000233,3.311,-0.5811,-0.002732,7.334e-06,7.334e-06,0.007334,6.105e-06,6.105e-06,0.01961
2.010234,3.169,-0.6494,-0.002574,0.0002998,0.0002998,0.2998,0.0002991,0.0002991,0.3333
2.020235,2.998,-0.6787,-0.002402,0.0004778,0.0004778,0.4778,0.0004774,0.0004774,0.4902
2.030235,2.876,-0.7031,-0.002195,0.0004732,0.0004732,0.4732,0.0004725,0.0004725,0.4902
2.040235,2.734,-0.7275,-0.002002,0.0002879,0.0002879,0.2879,0.0002869,0.0002869,0.2941
2.050235,2.603,-0.752,-0.001859,-7.385e-06,-7.385e-06,-0.007385,-8.547e-06,-8.547e-06,0.01961
2.060233,2.446,-0.7715,-0.001754,-0.0002998,-0.0002998,-0.2998,-0.0003016,-0.0003016,-0.2941
2.070234,2.295,-0.8252,-0.001678,-0.0004777,-0.0004777,-0.4777,-0.0004799,-0.0004799,-0.451
2.080234,2.148,-0.8594,-0.00162,-0.0004732,-0.0004732,-0.4732,-0.000475,-0.000475,-0.451
2.090234,1.997,-0.9033,-0.001535,-0.0002879,-0.0002879,-0.2879,-0.0002894,-0.0002894,-0.2549
2.100234,1.865,-0.9277,-0.001404,7.361e-06,7.361e-06,0.007361,6.105e-06,6.105e-06,0.01961
2.110234,1.748,-0.918,-0.001226,0.0002998,0.0002998,0.2998,0.0002991,0.0002991,0.3333
2.120234,1.621,-0.9131,-0.001001,0.0004777,0.0004777,0.4777,0.0004774,0.0004774,0.4902
2.130234,1.523,-0.8789,-0.0007559,0.0004732,0.0004732,0.4732,0.0004725,0.0004725,0.4902
2.140234,1.406,-0.8447,-0.0005487,0.0002879,0.0002879,0.2879,0.0002869,0.0002869,0.2941
2.150233,1.27,-0.8008,-0.0003998,-7.33e-06,-7.33e-06,-0.00733,-8.547e-06,-8.547e-06,0.01961
2.160233,1.143,-0.7666,-0.0002919,-0.0002998,-0.0002998,-0.2998,-0.0003016,-0.0003016,-0.2941
2.170234,0.9912,-0.7568,-0.0002335,-0.0004777,-0.0004777,-0.4777,-0.0004799,-0.0004799,-0.451
2.180234,0.8447,-0.7471,-0.0001897,-0.0004732,-0.0004732,-0.4732,-0.000475,-0.000475,-0.451
2.190234,0.6689,-0.7275,-0.0001459,-0.0002879,-0.0002879,-0.2879,-0.0002894,-0.0002894,-0.2549
2.200234,0.5176,-0.7031,-5.253e-05,7.343e-06,7.343e-06,0.007343,6.105e-06,6.105e-06,0.01961
2.210233,0.3857,-0.6494,7.588e-05,0.0002998,0.0002998,0.2998,0.0002991,0.0002991,0.3333
2.220235,0.2539,-0.6152,0.0002598,0.0004778,0.0004778,0.4778,0.0004774,0.0004774,0.4902
2.230234,0.1416,-0.5469,0.0004465,0.0004732,0.0004732,0.4732,0.0004725,0.0004725,0.4902
2.240234,0.01465,-0.4785,0.0005925,0.0002879,0.0002879,0.2879,0.0002869,0.0002869,0.2941
2.250233,-0.09766,-0.415,0.0006888,-7.327e-06,-7.327e-06,-0.007327,-8.547e-06,-8.547e-06,0.01961
2.260233,-0.2051,-0.3662,0.0007267,-0.0002998,-0.0002998,-0.2998,-0.0003016,-0.0003016,-0.2941
2.270234,-0.3418,-0.3271,0.0006946,-0.0004778,-0.0004778,-0.4778,-0.0004799,-0.0004799,-0.451
2.280235,-0.4736,-0.3076,0.0006654,-0.0004732,-0.0004732,-0.4732,-0.000475,-0.000475,-0.451
2.290235,-0.6104,-0.2881,0.000645,-0.0002879,-0.0002879,-0.2879,-0.0002894,-0.0002894,-0.2549
2.300234,-0.7275,-0.2734,0.0006771,7.356e-06,7.356e-06,0.007356,6.105e-06,6.105e-06,0.01961
2.310234,-0.8398,-0.21,0.0007238,0.0002998,0.0002998,0.2998,0.0002991,0.0002991,0.3333
2.320234,-0.9424,-0.1807,0.0008406,0.0004778,0.0004778,0.4778,0.0004774,0.0004774,0.4902
2.330235,-1.011,-0.1221,0.0009602,0.0004732,0.0004732,0.4732,0.0004725,0.0004725,0.4902
2.340233,-1.104,-0.05859,0.001036,0.0002879,0.0002879,0.2879,0.0002869,0.0002869,0.2941
2.350234,-1.187,-0.01465,0.001062,-7.347e-06,-7.347e-06,-0.007347,-8.547e-06,-8.547e-06,0.01961
2.360235,-1.255,0.009766,0.001039,-0.0002998,-0.0002998,-0.2998,-0.0003016,-0.0003016,-0.2941
2.370234,-1.372,0.009766,0.0009631,-0.0004778,-0.0004778,-0.4778,-0.0004799,-0.0004799,-0.451
2.380234,-1.479,0.0293,0.0008668,-0.0004732,-0.0004732,-0.4732,-0.000475,-0.000475,-0.451
2.390234,-1.587,0.01953,0.0008026,-0.0002879,-0.0002879,-0.2879,-0.0002894,-0.0002894,-0.2549
2.400233,-1.704,0.009766,0.0007822,7.323e-06,7.323e-06,0.007323,6.105e-06,6.105e-06,0.01961
2.410234,-1.777,0.01465,0.0008172,0.0002998,0.0002998,0.2998,0.0002991,0.0002991,0.3333
2.420233,-1.855,0.03418,0.0008873,0.0004777,0.0004777,0.4777,0.0004774,0.0004774,0.4902
2.430234,-1.919,0.07812,0.0009485,0.0004732,0.0004732,0.4732,0.0004725,0.0004725,0.4902
2.440233,-1.968,0.1123,0.0009952,0.0002879,0.0002879,0.2879,0.0002869,0.0002869,0.2941
2.450234,-2.021,0.1172,0.001004,-7.366e-06,-7.366e-06,-0.007366,-8.547e-06,-8.547e-06,0.01961
2.460234,-2.056,0.1074,0.0009777,-0.0002998,-0.0002998,-0.2998,-0.0003016,-0.0003016,-0.2941
2.470234,-2.114,0.08789,0.0008902,-0.0004777,-0.0004777,-0.4777,-0.0004799,-0.0004799,-0.451
2.480234,-2.188,0.05859,0.0007909,-0.0004732,-0.0004732,-0.4732,-0.000475,-0.000475,-0.451
2.490234,-2.261,0.03418,0.0007209,-0.0002879,-0.0002879,-0.2879,-0.0002894,-0.0002894,-0.2549
2.500233,-2.319,0.004883,0.0006946,7.335e-06,7.335e-06,0.007335,6.105e-06,6.105e-06,0.01961
2.510234,-2.358,0.01465,0.0007151,0.0002998,0.0002998,0.2998,0.0002991,0.0002991,0.3333
2.520235,-2.393,0.0,0.0007909,0.0004778,0.0004778,0.4778,0.0004774,0.0004774,0.4902
2.530234,-2.422,0.01465,0.0008785,0.0004732,0.0004732,0.4732,0.0004725,0.0004725,0.4902
2.540234,-2.441,0.01953,0.0009485,0.0002879,0.0002879,0.2879,0.0002869,0.0002869,0.2941
2.550234,-2.485,0.01953,0.0009719,-7.356e-06,-7.356e-06,-0.007356,-8.547e-06,-8.547e-06,0.01961
2.560234,-2.515,0.009766,0.0009485,-0.0002998,-0.0002998,-0.2998,-0.0003016,-0.0003016,-0.2941
2.570235,-2.568,-0.02441,0.0008843,-0.0004778,-0.0004778,-0.4778,-0.0004799,-0.0004799,-0.451
2.580234,-2.632,-0.05859,0.0008085,-0.0004732,-0.0004732,-0.4732,-0.000475,-0.000475,-0.451
2.590234,-2.7,-0.09277,0.0007559,-0.0002879,-0.0002879,-0.2879,-0.0002894,-0.0002894,-0.2549
2.600234,-2.754,-0.1318,0.0007559,7.354e-06,7.354e-06,0.007354,6.105e-06,6.105e-06,0.01961
2.610234,-2.788,-0.1367,0.0008085,0.0002998,0.0002998,0.2998,0.0002991,0.0002991,0.3333
2.620234,-2.832,-0.1367,0.0008989,0.0004777,0.0004777,0.4777,0.0004774,0.0004774,0.4902
2.630235,-2.847,-0.127,0.001007,0.0004732,0.0004732,0.4732,0.0004725,0.0004725,0.4902
2.640234,-2.876,-0.1221,0.001103,0.0002879,0.0002879,0.2879,0.0002869,0.0002869,0.2941
2.650234,-2.905,-0.1221,0.00115,-7.345e-06,-7.345e-06,-0.007345,-8.547e-06,-8.547e-06,0.01961
2.660234,-2.939,-0.1221,0.001147,-0.0002998,-0.0002998,-0.2998,-0.0003016,-0.0003016,-0.2941
2.670234,-2.998,-0.1514,0.001103,-0.0004777,-0.0004777,-0.4777,-0.0004799,-0.0004799,-0.451
2.680233,-3.057,-0.166,0.001036,-0.0004732,-0.0004732,-0.4732,-0.000475,-0.000475,-0.451
2.690234,-3.11,-0.2002,0.001007,-0.0002879,-0.0002879,-0.2879,-0.0002894,-0.0002894,-0.2549
2.700234,-3.154,-0.2197,0.001013,7.351e-06,7.351e-06,0.007351,6.105e-06,6.105e-06,0.01961
2.710233,-3.179,-0.2197,0.001077,0.0002998,0.0002998,0.2998,0.0002991,0.0002991,0.3333
2.720234,-3.218,-0.2197,0.001194,0.0004777,0.0004777,0.4777,0.0004774,0.0004774,0.4902
2.730233,-3.228,-0.2002,0.001325,0.0004732,0.0004732,0.4732,0.0004725,0.0004725,0.4902
2.740234,-3.232,-0.1709,0.001421,0.0002879,0.0002879,0.2879,0.0002869,0.0002869,0.2941
2.750233,-3.267,-0.1611,0.00148,-7.335e-06,-7.335e-06,-0.007335,-8.547e-06,-8.547e-06,0.01961
2.760234,-3.271,-0.1562,0.001486,-0.0002998,-0.0002998,-0.2998,-0.0003016,-0.0003016,-0.2941
2.770234,-3.311,-0.1709,0.001439,-0.0004777,-0.0004777,-0.4777,-0.0004799,-0.0004799,-0.451
2.780235,-3.345,-0.1758,0.00138,-0.0004732,-0.0004732,-0.4732,-0.000475,-0.000475,-0.451
2.790235,-3.364,-0.1758,0.001331,-0.0002879,-0.0002879,-0.2879,-0.0002894,-0.0002894,-0.2549
2.800234,-3.398,-0.2002,0.001348,7.356e-06,7.356e-06,0.007356,6.105e-06,6.105e-06,0.01961
2.810234,-3.394,-0.1807,0.00141,0.0002998,0.0002998,0.2998,0.0002991,0.0002991,0.3333
2.820234,-3.398,-0.1758,0.001524,0.0004777,0.0004777,0.4777,0.0004774,0.0004774,0.4902
2.830234,-3.379,-0.1318,0.001637,0.0004732,0.0004732,0.4732,0.0004725,0.0004725,0.4902
2.840234,-3.364,-0.08789,0.00171,0.0002879,0.0002879,0.2879,0.0002869,0.0002869,0.2941
2.850235,-3.354,-0.06836,0.001757,-7.37e-06,-7.37e-06,-0.00737,-8.547e-06,-8.547e-06,0.01961
2.860234,-3.33,-0.04395,0.001737,-0.0002998,-0.0002998,-0.2998,-0.0003016,-0.0003016,-0.2941
2.870234,-3.34,-0.04883,0.001672,-0.0004778,-0.0004778,-0.4778,-0.0004799,-0.0004799,-0.451
2.880234,-3.34,-0.04395,0.001596,-0.0004732,-0.0004732,-0.4732,-0.000475,-0.000475,-0.451
2.890233,-3.335,-0.05371,0.001538,-0.0002879,-0.0002879,-0.2879,-0.0002894,-0.0002894,-0.2549
2.900233,-3.34,-0.05371,0.001526,7.331e-06,7.331e-06,0.007331,6.105e-06,6.105e-06,0.01961
2.910233,-3.306,-0.0293,0.001564,0.0002998,0.0002998,0.2998,0.0002991,0.0002991,0.3333
2.920233,-3.281,0.0,0.001637,0.0004777,0.0004777,0.4777,0.0004774,0.0004774,0.4902
2.930235,-3.232,0.04395,0.001713,0.0004732,0.0004732,0.4732,0.0004725,0.0004725,0.4902
2.940234,-3.184,0.08301,0.001783,0.0002879,0.0002879,0.2879,0.0002869,0.0002869,0.2941
2.950235,-3.145,0.1123,0.001789,-7.397e-06,-7.397e-06,-0.007397,-8.547e-06,-8.547e-06,0.01961
2.960233,-3.101,0.1367,0.001739,-0.0002998,-0.0002998,-0.2998,-0.0003016,-0.0003016,-0.2941
2.970234,-3.086,0.1465,0.001643,-0.0004778,-0.0004778,-0.4778,-0.0004799,-0.0004799,-0.451
2.980234,-3.062,0.1367,0.001544,-0.0004732,-0.0004732,-0.4732,-0.000475,-0.000475,-0.451
2.990233,-3.042,0.1367,0.001453,-0.0002879,-0.0002879,-0.2879,-0.0002894,-0.0002894,-0.2549
3.000234,-3.013,0.127,0.001413,7.35e-06,7.35e-06,0.00735,6.105e-06,6.105e-06,0.01961
3.010234,-2.974,0.1465,0.001424,0.0002998,0.0002998,0.2998,0.0002991,0.0002991,0.3333
3.020234,-2.935,0.166,0.001483,0.0004778,0.0004778,0.4778,0.0004774,0.0004774,0.4902
3.030233,-2.876,0.2051,0.001526,0.0004732,0.0004732,0.4732,0.0004725,0.0004725,0.4902
3.040235,-2.822,0.2295,0.001564,0.0002879,0.0002879,0.2879,0.0002869,0.0002869,0.2941
3.050233,-2.778,0.249,0.001553,-7.334e-06,-7.334e-06,-0.007334,-8.547e-06,-8.547e-06,0.01961
3.060233,-2.729,0.2783,0.001477,-0.0002998,-0.0002998,-0.2998,-0.0003016,-0.0003016,-0.2941
3.070234,-2.705,0.2686,0.001363,-0.0004777,-0.0004777,-0.4777,-0.0004799,-0.0004799,-0.451
3.080234,-2.69,0.2539,0.001243,-0.0004732,-0.0004732,-0.4732,-0.000475,-0.000475,-0.451
3.090234,-2.676,0.2246,0.001144,-0.0002879,-0.0002879,-0.2879,-0.0002894,-0.0002894,-0.2549
3.100235,-2.656,0.2002,0.001094,7.392e-06,7.392e-06,0.007392,6.105e-06,6.105e-06,0.01961
3.110234,-2.627,0.2246,0.001077,0.0002998,0.0002998,0.2998,0.0002991,0.0002991,0.3333
3.120234,-2.603,0.2197,0.001121,0.0004778,0.0004778,0.4778,0.0004774,0.0004774,0.4902
3.130234,-2.559,0.249,0.001165,0.0004732,0.0004732,0.4732,0.0004725,0.0004725,0.4902
3.140233,-2.524,0.2637,0.001197,0.0002879,0.0002879,0.2879,0.0002869,0.0002869,0.2941
3.150234,-2.5,0.2686,0.001182,-7.368e-06,-7.368e-06,-0.007368,-8.547e-06,-8.547e-06,0.01961
3.160233,-2.471,0.2686,0.001115,-0.0002998,-0.0002998,-0.2998,-0.0003016,-0.0003016,-0.2941
3.170234,-2.476,0.2344,0.001013,-0.0004778,-0.0004778,-0.4778,-0.0004799,-0.0004799,-0.451
3.180233,-2.485,0.2148,0.0008902,-0.0004732,-0.0004732,-0.4732,-0.000475,-0.000475,-0.451
3.190234,-2.515,0.1709,0.0007997,-0.0002879,-0.0002879,-0.2879,-0.0002894,-0.0002894,-0.2549
3.200234,-2.52,0.1416,0.000753,7.359e-06,7.359e-06,0.007359,6.105e-06,6.105e-06,0.01961
3.210234,-2.515,0.127,0.0007676,0.0002998,0.0002998,0.2998,0.0002991,0.0002991,0.3333
3.220234,-2.52,0.127,0.0008114,0.0004777,0.0004777,0.4777,0.0004774,0.0004774,0.4902
3.230234,-2.51,0.1318,0.0008873,0.0004732,0.0004732,0.4732,0.0004725,0.0004725,0.4902
3.240234,-2.5,0.1318,0.0009398,0.0002879,0.0002879,0.2879,0.0002869,0.0002869,0.2941
3.250235,-2.515,0.1221,0.0009573,-7.388e-06,-7.388e-06,-0.007388,-8.547e-06,-8.547e-06,0.01961
3.260234,-2.534,0.127,0.0008902,-0.0002998,-0.0002998,-0.2998,-0.0003016,-0.0003016,-0.2941
3.270234,-2.568,0.07812,0.000826,-0.0004777,-0.0004777,-0.4777,-0.0004799,-0.0004799,-0.451
3.280234,-2.598,0.0293,0.0007442,-0.0004732,-0.0004732,-0.4732,-0.000475,-0.000475,-0.451
3.290234,-2.661,-0.004883,0.0006742,-0.0002879,-0.0002879,-0.2879,-0.0002894,-0.0002894,-0.2549
3.300233,-2.7,-0.04883,0.0006654,7.326e-06,7.326e-06,0.007326,6.105e-06,6.105e-06,0.01961
3.310233,-2.729,-0.04883,0.0006888,0.0002998,0.0002998,0.2998,0.0002991,0.0002991,0.3333
3.320234,-2.759,-0.08301,0.0008026,0.0004777,0.0004777,0.4777,0.0004774,0.0004774,0.4902
3.330235,-2.773,-0.06836,0.0008902,0.0004732,0.0004732,0.4732,0.0004725,0.0004725,0.4902
3.340235,-2.803,-0.06348,0.000969,0.0002879,0.0002879,0.2879,0.0002869,0.0002869,0.2941
3.350234,-2.827,-0.07812,0.001019,-7.362e-06,-7.362e-06,-0.007362,-8.547e-06,-8.547e-06,0.01961
3.360234,-2.852,-0.09277,0.001013,-0.0002998,-0.0002998,-0.2998,-0.0003016,-0.0003016,-0.2941
3.370234,-2.93,-0.1123,0.0009515,-0.0004777,-0.0004777,-0.4777,-0.0004799,-0.0004799,-0.451
3.380234,-2.974,-0.1416,0.0008931,-0.0004732,-0.0004732,-0.4732,-0.000475,-0.000475,-0.451
3.390234,-3.042,-0.1904,0.0008639,-0.0002879,-0.0002879,-0.2879,-0.0002894,-0.0002894,-0.2549
3.400233,-3.091,-0.2148,0.0008756,7.324e-06,7.324e-06,0.007324,6.105e-06,6.105e-06,0.01961
3.410234,-3.135,-0.2148,0.000931,0.0002998,0.0002998,0.2998,0.0002991,0.0002991,0.3333
3.420234,-3.174,-0.2295,0.001059,0.0004777,0.0004777,0.4777,0.0004774,0.0004774,0.4902
3.430234,-3.184,-0.2148,0.001182,0.0004732,0.0004732,0.4732,0.0004725,0.0004725,0.4902
3.440235,-3.218,-0.2051,0.001293,0.0002879,0.0002879,0.2879,0.0002869,0.0002869,0.2941
3.450234,-3.232,-0.1855,0.001348,-7.36e-06,-7.36e-06,-0.00736,-8.547e-06,-8.547e-06,0.01961
3.460234,-3.257,-0.2002,0.001375,-0.0002998,-0.0002998,-0.2998,-0.0003016,-0.0003016,-0.2941
3.470234,-3.311,-0.21,0.001328,-0.0004777,-0.0004777,-0.4777,-0.0004799,-0.0004799,-0.451
3.480234,-3.354,-0.2246,0.001275,-0.0004732,-0.0004732,-0.4732,-0.000475,-0.000475,-0.451
3.490234,-3.398,-0.2441,0.001246,-0.0002879,-0.0002879,-0.2879,-0.0002894,-0.0002894,-0.2549
3.500235,-3.442,-0.2441,0.001261,7.388e-06,7.388e-06,0.007388,6.105e-06,6.105e-06,0.01961
3.510234,-3.452,-0.2441,0.00134,0.0002998,0.0002998,0.2998,0.0002991,0.0002991,0.3333
3.520234,-3.472,-0.2246,0.001448,0.0004777,0.0004777,0.4777,0.0004774,0.0004774,0.4902
3.530234,-3.467,-0.1953,0.001579,0.0004732,0.0004732,0.4732,0.0004725,0.0004725,0.4902
3.540234,-3.452,-0.1758,0.00169,0.0002879,0.0002879,0.2879,0.0002869,0.0002869,0.2941
3.550234,-3.452,-0.1465,0.001737,-7.342e-06,-7.342e-06,-0.007342,-8.547e-06,-8.547e-06,0.01961
3.560234,-3.452,-0.1221,0.001731,-0.0002998,-0.0002998,-0.2998,-0.0003016,-0.0003016,-0.2941
3.570235,-3.467,-0.127,0.00169,-0.0004778,-0.0004778,-0.4778,-0.0004799,-0.0004799,-0.451
3.580234,-3.477,-0.1074,0.001608,-0.0004732,-0.0004732,-0.4732,-0.000475,-0.000475,-0.451
3.590234,-3.486,-0.127,0.00157,-0.0002879,-0.0002879,-0.2879,-0.0002894,-0.0002894,-0.2549
3.600234,-3.477,-0.127,0.00157,7.363e-06,7.363e-06,0.007363,6.105e-06,6.105e-06,0.01961
3.610235,-3.442,-0.1123,0.001626,0.0002998,0.0002998,0.2998,0.0002991,0.0002991,0.3333
3.620235,-3.433,-0.08789,0.001719,0.0004778,0.0004778,0.4778,0.0004774,0.0004774,0.4902
3.630234,-3.398,-0.03418,0.00181,0.0004732,0.0004732,0.4732,0.0004725,0.0004725,0.4902
3.640234,-3.359,0.009766,0.00188,0.0002879,0.0002879,0.2879,0.0002869,0.0002869,0.2941
3.650234,-3.315,0.03906,0.001909,-7.346e-06,-7.346e-06,-0.007346,-8.547e-06,-8.547e-06,0.01961
3.660234,-3.281,0.09277,0.001847,-0.0002998,-0.0002998,-0.2998,-0.0003016,-0.0003016,-0.2941
3.670233,-3.271,0.09277,0.001775,-0.0004777,-0.0004777,-0.4777,-0.0004799,-0.0004799,-0.451
3.680234,-3.237,0.08789,0.001684,-0.0004732,-0.0004732,-0.4732,-0.000475,-0.000475,-0.451
3.690234,-3.218,0.08301,0.001605,-0.0002879,-0.0002879,-0.2879,-0.0002894,-0.0002894,-0.2549
3.700234,-3.188,0.08789,0.001564,7.36e-06,7.36e-06,0.00736,6.105e-06,6.105e-06,0.01961
3.710233,-3.145,0.1074,0.001591,0.0002998,0.0002998,0.2998,0.0002991,0.0002991,0.3333
3.720234,-3.105,0.1465,0.001631,0.0004777,0.0004777,0.4777,0.0004774,0.0004774,0.4902
3.730234,-3.027,0.1953,0.00169,0.0004732,0.0004732,0.4732,0.0004725,0.0004725,0.4902
3.740235,-2.974,0.2197,0.001734,0.0002879,0.0002879,0.2879,0.0002869,0.0002869,0.2941
3.750233,-2.91,0.2539,0.001719,-7.328e-06,-7.328e-06,-0.007328,-8.547e-06,-8.547e-06,0.01961
3.760235,-2.856,0.2686,0.001655,-0.0002998,-0.0002998,-0.2998,-0.0003016,-0.0003016,-0.2941
3.770234,-2.822,0.2734,0.001535,-0.0004778,-0.0004778,-0.4778,-0.0004799,-0.0004799,-0.451
3.780234,-2.788,0.2686,0.00141,-0.0004732,-0.0004732,-0.4732,-0.000475,-0.000475,-0.451
3.790234,-2.764,0.2539,0.001305,-0.0002879,-0.0002879,-0.2879,-0.0002894,-0.0002894,-0.2549
3.800234,-2.739,0.249,0.001243,7.357e-06,7.357e-06,0.007357,6.105e-06,6.105e-06,0.01961
3.810234,-2.695,0.2588,0.001232,0.0002998,0.0002998,0.2998,0.0002991,0.0002991,0.3333
3.820234,-2.651,0.2588,0.001273,0.0004778,0.0004778,0.4778,0.0004774,0.0004774,0.4902
3.830234,-2.593,0.3027,0.001305,0.0004732,0.0004732,0.4732,0.0004725,0.0004725,0.4902
3.840234,-2.539,0.3223,0.001322,0.0002879,0.0002879,0.2879,0.0002869,0.0002869,0.2941
3.850235,-2.505,0.332,0.001299,-7.378e-06,-7.378e-06,-0.007378,-8.547e-06,-8.547e-06,0.01961
3.860234,-2.451,0.3271,0.001232,-0.0002998,-0.0002998,-0.2998,-0.0003016,-0.0003016,-0.2941
3.870234,-2.461,0.3125,0.001097,-0.0004777,-0.0004777,-0.4777,-0.0004799,-0.0004799,-0.451
3.880234,-2.437,0.2881,0.0009777,-0.0004732,-0.0004732,-0.4732,-0.000475,-0.000475,-0.451
3.890234,-2.446,0.2539,0.0008697,-0.0002879,-0.0002879,-0.2879,-0.0002894,-0.0002894,-0.2549
3.900234,-2.446,0.2295,0.0008114,7.354e-06,7.354e-06,0.007354,6.105e-06,6.105e-06,0.01961
3.910234,-2.437,0.2246,0.0008055,0.0002998,0.0002998,0.2998,0.0002991,0.0002991,0.3333
3.920234,-2.412,0.2002,0.0008581,0.0004777,0.0004777,0.4777,0.0004774,0.0004774,0.4902
3.930233,-2.378,0.2197,0.0008989,0.0004732,0.0004732,0.4732,0.0004725,0.0004725,0.4902
3.940233,-2.378,0.2246,0.0009369,0.0002879,0.0002879,0.2879,0.0002869,0.0002869,0.2941
3.950234,-2.378,0.2148,0.000931,-7.367e-06,-7.367e-06,-0.007367,-8.547e-06,-8.547e-06,0.01961
3.960233,-2.378,0.1953,0.0008843,-0.0002998,-0.0002998,-0.2998,-0.0003016,-0.0003016,-0.2941
3.970234,-2.402,0.1611,0.000788,-0.0004777,-0.0004777,-0.4777,-0.0004799,-0.0004799,-0.451
3.980234,-2.441,0.127,0.0006742,-0.0004732,-0.0004732,-0.4732,-0.000475,-0.000475,-0.451
3.990234,-2.485,0.07812,0.0005954,-0.0002879,-0.0002879,-0.2879,-0.0002894,-0.0002894,-0.2549
4.000234,-2.524,0.05859,0.0005516,7.344e-06,7.344e-06,0.007344,6.105e-06,6.105e-06,0.01961
4.010234,-2.544,0.01953,0.0005925,0.0002998,0.0002998,0.2998,0.0002991,0.0002991,0.3333
4.020235,-2.568,0.0,0.0006684,0.0004778,0.0004778,0.4778,0.0004774,0.0004774,0.4902
4.030234,-2.583,0.0,0.0007588,0.0004732,0.0004732,0.4732,0.0004725,0.0004725,0.4902
4.040234,-2.603,-0.004883,0.0008347,0.0002879,0.0002879,0.2879,0.0002869,0.0002869,0.2941
4.050235,-2.646,-0.01465,0.0008697,-7.38e-06,-7.38e-06,-0.00738,-8.547e-06,-8.547e-06,0.01961
4.060234,-2.686,-0.0293,0.0008493,-0.0002998,-0.0002998,-0.2998,-0.0003016,-0.0003016,-0.2941
4.070234,-2.749,-0.06836,0.0007851,-0.0004777,-0.0004777,-0.4777,-0.0004799,-0.0004799,-0.451
4.080234,-2.803,-0.1123,0.0007267,-0.0004732,-0.0004732,-0.4732,-0.000475,-0.000475,-0.451
4.090234,-2.871,-0.1562,0.00068,-0.0002879,-0.0002879,-0.2879,-0.0002894,-0.0002894,-0.2549
4.100234,-2.925,-0.2051,0.0006975,7.341e-06,7.341e-06,0.007341,6.105e-06,6.105e-06,0.01961
4.110233,-2.974,-0.21,0.0007559,0.0002998,0.0002998,0.2998,0.0002991,0.0002991,0.3333
4.120234,-3.013,-0.2441,0.0008931,0.0004778,0.0004778,0.4778,0.0004774,0.0004774,0.4902
4.130233,-3.052,-0.2246,0.00101,0.0004732,0.0004732,0.4732,0.0004725,0.0004725,0.4902
4.140234,-3.091,-0.2148,0.001112,0.0002879,0.0002879,0.2879,0.0002869,0.0002869,0.2941
4.150234,-3.135,-0.2148,0.001182,-7.347e-06,-7.347e-06,-0.007347,-8.547e-06,-8.547e-06,0.01961
4.160233,-3.174,-0.21,0.001176,-0.0002998,-0.0002998,-0.2998,-0.0003016,-0.0003016,-0.2941
4.170233,-3.237,-0.2441,0.001156,-0.0004777,-0.0004777,-0.4777,-0.0004799,-0.0004799,-0.451
4.180234,-3.296,-0.2686,0.001115,-0.0004732,-0.0004732,-0.4732,-0.000475,-0.000475,-0.451
4.190234,-3.345,-0.2979,0.001097,-0.0002879,-0.0002879,-0.2879,-0.0002894,-0.0002894,-0.2549
4.200233,-3.413,-0.3271,0.001135,7.338e-06,7.338e-06,0.007338,6.105e-06,6.105e-06,0.01961
4.210233,-3.442,-0.3125,0.001214,0.0002998,0.0002998,0.2998,0.0002991,0.0002991,0.3333
4.220234,-3.472,-0.3125,0.00134,0.0004777,0.0004777,0.4777,0.0004774,0.0004774,0.4902
4.230235,-3.486,-0.2783,0.001483,0.0004732,0.0004732,0.4732,0.0004725,0.0004725,0.4902
4.240234,-3.491,-0.2539,0.001588,0.0002879,0.0002879,0.2879,0.0002869,0.0002869,0.2941
4.250235,-3.516,-0.2197,0.00164,-7.374e-06,-7.374e-06,-0.007374,-8.547e-06,-8.547e-06,0.01961
4.260235,-3.521,-0.2051,0.001655,-0.0002998,-0.0002998,-0.2998,-0.0003016,-0.0003016,-0.2941
4.270234,-3.569,-0.2051,0.001611,-0.0004778,-0.0004778,-0.4778,-0.0004799,-0.0004799,-0.451
4.280233,-3.574,-0.2246,0.001588,-0.0004732,-0.0004732,-0.4732,-0.000475,-0.000475,-0.451
4.290234,-3.608,-0.2295,0.001556,-0.0002879,-0.0002879,-0.2879,-0.0002894,-0.0002894,-0.2549
4.300233,-3.618,-0.2295,0.001573,7.335e-06,7.335e-06,0.007335,6.105e-06,6.105e-06,0.01961
4.310235,-3.618,-0.21,0.001643,0.0002998,0.0002998,0.2998,0.0002991,0.0002991,0.3333
4.320234,-3.599,-0.1904,0.001745,0.0004778,0.0004778,0.4778,0.0004774,0.0004774,0.4902
4.330235,-3.569,-0.127,0.001847,0.0004732,0.0004732,0.4732,0.0004725,0.0004725,0.4902
4.340234,-3.53,-0.08789,0.001941,0.0002879,0.0002879,0.2879,0.0002869,0.0002869,0.2941
4.350234,-3.501,-0.05371,0.001982,-7.341e-06,-7.341e-06,-0.007341,-8.547e-06,-8.547e-06,0.01961
4.360234,-3.481,-0.01953,0.001955,-0.0002998,-0.0002998,-0.2998,-0.0003016,-0.0003016,-0.2941
4.370234,-3.477,0.0,0.001874,-0.0004777,-0.0004777,-0.4777,-0.0004799,-0.0004799,-0.451
4.380234,-3.442,0.004883,0.001807,-0.0004732,-0.0004732,-0.4732,-0.000475,-0.000475,-0.451
4.390234,-3.433,0.0,0.001742,-0.0002879,-0.0002879,-0.2879,-0.0002894,-0.0002894,-0.2549
4.400234,-3.403,0.01465,0.00171,7.362e-06,7.362e-06,0.007362,6.105e-06,6.105e-06,0.01961
4.410233,-3.354,0.05371,0.001728,0.0002998,0.0002998,0.2998,0.0002991,0.0002991,0.3333
4.420234,-3.301,0.07812,0.001798,0.0004777,0.0004777,0.4777,0.0004774,0.0004774,0.4902
4.430234,-3.228,0.127,0.001871,0.0004732,0.0004732,0.4732,0.0004725,0.0004725,0.4902
4.440234,-3.174,0.1709,0.00192,0.0002879,0.0002879,0.2879,0.0002869,0.0002869,0.2941
4.450234,-3.101,0.21,0.001918,-7.353e-06,-7.353e-06,-0.007353,-8.547e-06,-8.547e-06,0.01961
4.460233,-3.052,0.249,0.001845,-0.0002998,-0.0002998,-0.2998,-0.0003016,-0.0003016,-0.2941
4.470234,-3.008,0.2441,0.001742,-0.0004777,-0.0004777,-0.4777,-0.0004799,-0.0004799,-0.451
4.480234,-2.969,0.2637,0.001605,-0.0004732,-0.0004732,-0.4732,-0.000475,-0.000475,-0.451
4.490234,-2.935,0.2588,0.001497,-0.0002879,-0.0002879,-0.2879,-0.0002894,-0.0002894,-0.2549
4.500233,-2.886,0.2637,0.001436,7.329e-06,7.329e-06,0.007329,6.105e-06,6.105e-06,0.01961
4.510234,-2.827,0.2783,0.001421,0.0002998,0.0002998,0.2998,0.0002991,0.0002991,0.3333
4.520235,-2.759,0.2832,0.001471,0.0004778,0.0004778,0.4778,0.0004774,0.0004774,0.4902
4.530234,-2.695,0.3223,0.001506,0.0004732,0.0004732,0.4732,0.0004725,0.0004725,0.4902
4.540234,-2.622,0.3564,0.001521,0.0002879,0.0002879,0.2879,0.0002869,0.0002869,0.2941
4.550234,-2.568,0.3857,0.001483,-7.35e-06,-7.35e-06,-0.00735,-8.547e-06,-8.547e-06,0.01961
4.560235,-2.515,0.3955,0.001389,-0.0002998,-0.0002998,-0.2998,-0.0003016,-0.0003016,-0.2941
4.570233,-2.48,0.3711,0.001267,-0.0004777,-0.0004777,-0.4777,-0.0004799,-0.0004799,-0.451
4.580234,-2.461,0.3711,0.001112,-0.0004732,-0.0004732,-0.4732,-0.000475,-0.000475,-0.451
4.590235,-2.437,0.332,0.0009982,-0.0002879,-0.0002879,-0.2879,-0.0002894,-0.0002894,-0.2549
4.600234,-2.417,0.3076,0.000931,7.341e-06,7.341e-06,0.007341,6.105e-06,6.105e-06,0.01961
4.610233,-2.383,0.3027,0.0009164,0.0002998,0.0002998,0.2998,0.0002991,0.0002991,0.3333
4.620234,-2.358,0.3027,0.0009456,0.0004778,0.0004778,0.4778,0.0004774,0.0004774,0.4902
4.630233,-2.314,0.3271,0.000969,0.0004732,0.0004732,0.4732,0.0004725,0.0004725,0.4902
4.640234,-2.285,0.3369,0.0009894,0.0002879,0.0002879,0.2879,0.0002869,0.0002869,0.2941
4.650235,-2.256,0.332,0.0009631,-7.377e-06,-7.377e-06,-0.007377,-8.547e-06,-8.547e-06,0.01961
4.660233,-2.241,0.3125,0.000896,-0.0002998,-0.0002998,-0.2998,-0.0003016,-0.0003016,-0.2941
4.670235,-2.266,0.2881,0.0007734,-0.0004778,-0.0004778,-0.4778,-0.0004799,-0.0004799,-0.451
4.680233,-2.275,0.2344,0.0006596,-0.0004732,-0.0004732,-0.4732,-0.000475,-0.000475,-0.451
4.690233,-2.314,0.1904,0.0005604,-0.0002879,-0.0002879,-0.2879,-0.0002894,-0.0002894,-0.2549
4.700234,-2.334,0.1465,0.0005137,7.353e-06,7.353e-06,0.007353,6.105e-06,6.105e-06,0.01961
4.710234,-2.344,0.1318,0.0005224,0.0002998,0.0002998,0.2998,0.0002991,0.0002991,0.3333
4.720234,-2.368,0.1074,0.0005808,0.0004778,0.0004778,0.4778,0.0004774,0.0004774,0.4902
4.730235,-2.373,0.1025,0.0006567,0.0004732,0.0004732,0.4732,0.0004725,0.0004725,0.4902
4.740234,-2.393,0.1074,0.0007034,0.0002879,0.0002879,0.2879,0.0002869,0.0002869,0.2941
4.750234,-2.412,0.07812,0.0007355,-7.359e-06,-7.359e-06,-0.007359,-8.547e-06,-8.547e-06,0.01961
4.760234,-2.446,0.04395,0.0007034,-0.0002998,-0.0002998,-0.2998,-0.0003016,-0.0003016,-0.2941
4.770234,-2.505,0.009766,0.0006187,-0.0004777,-0.0004777,-0.4777,-0.0004799,-0.0004799,-0.451
4.780234,-2.573,-0.03906,0.0005575,-0.0004732,-0.0004732,-0.4732,-0.000475,-0.000475,-0.451
4.790234,-2.646,-0.09277,0.0004962,-0.0002879,-0.0002879,-0.2879,-0.0002894,-0.0002894,-0.2549
4.800234,-2.71,-0.127,0.0004932,7.35e-06,7.35e-06,0.00735,6.105e-06,6.105e-06,0.01961
4.810235,-2.764,-0.166,0.0005633,0.0002998,0.0002998,0.2998,0.0002991,0.0002991,0.3333
4.820234,-2.798,-0.1855,0.0006596,0.0004778,0.0004778,0.4778,0.0004774,0.0004774,0.4902
4.830234,-2.852,-0.1855,0.000788,0.0004732,0.0004732,0.4732,0.0004725,0.0004725,0.4902
4.840234,-2.886,-0.1855,0.0008814,0.0002879,0.0002879,0.2879,0.0002869,0.0002869,0.2941
4.850234,-2.944,-0.1953,0.0009515,-7.341e-06,-7.341e-06,-0.007341,-8.547e-06,-8.547e-06,0.01961
4.860233,-3.003,-0.2197,0.000969,-0.0002998,-0.0002998,-0.2998,-0.0003016,-0.0003016,-0.2941
4.870233,-3.086,-0.249,0.0009281,-0.0004777,-0.0004777,-0.4777,-0.0004799,-0.0004799,-0.451
4.880234,-3.159,-0.2783,0.0008989,-0.0004732,-0.0004732,-0.4732,-0.000475,-0.000475,-0.451
4.890235,-3.237,-0.3223,0.0008814,-0.0002879,-0.0002879,-0.2879,-0.0002894,-0.0002894,-0.2549
4.900233,-3.296,-0.3467,0.0009135,7.332e-06,7.332e-06,0.007332,6.105e-06,6.105e-06,0.01961
4.910234,-3.354,-0.3613,0.001013,0.0002998,0.0002998,0.2998,0.0002991,0.0002991,0.3333
4.920234,-3.413,-0.3613,0.001129,0.0004778,0.0004778,0.4778,0.0004774,0.0004774,0.4902
4.930233,-3.438,-0.3369,0.00129,0.0004732,0.0004732,0.4732,0.0004725,0.0004725,0.4902
4.940234,-3.477,-0.3223,0.001416,0.0002879,0.0002879,0.2879,0.0002869,0.0002869,0.2941
4.950234,-3.501,-0.3125,0.001494,-7.353e-06,-7.353e-06,-0.007353,-8.547e-06,-8.547e-06,0.01961
4.960233,-3.54,-0.3027,0.001518,-0.0002998,-0.0002998,-0.2998,-0.0003016,-0.0003016,-0.2941
4.970235,-3.584,-0.3223,0.001521,-0.0004778,-0.0004778,-0.4778,-0.0004799,-0.0004799,-0.451
4.980235,-3.628,-0.3223,0.001471,-0.0004732,-0.0004732,-0.4732,-0.000475,-0.000475,-0.451
4.990233,-3.682,-0.3369,0.001459,-0.0002879,-0.0002879,-0.2879,-0.0002894,-0.0002894,-0.2549
5.000234,-3.711,-0.3418,0.001494,7.344e-06,7.344e-06,0.007344,6.105e-06,6.105e-06,0.01961
5.010233,-3.726,-0.3223,0.001582,0.0002998,0.0002998,0.2998,0.0002991,0.0002991,0.3333
5.020233,-3.75,-0.293,0.001693,0.0004777,0.0004777,0.4777,0.0004774,0.0004774,0.4902
5.030234,-3.726,-0.2539,0.001833,0.0004732,0.0004732,0.4732,0.0004725,0.0004725,0.4902
5.040233,-3.716,-0.21,0.001941,0.0002879,0.0002879,0.2879,0.0002869,0.0002869,0.2941
5.050234,-3.696,-0.1709,0.002002,-7.365e-06,-7.365e-06,-0.007365,-8.547e-06,-8.547e-06,0.01961
5.060233,-3.682,-0.127,0.00199,-0.0002998,-0.0002998,-0.2998,-0.0003016,-0.0003016,-0.2941
5.070233,-3.691,-0.1172,0.001938,-0.0004777,-0.0004777,-0.4777,-0.0004799,-0.0004799,-0.451
5.080234,-3.662,-0.1221,0.001882,-0.0004732,-0.0004732,-0.4732,-0.000475,-0.000475,-0.451
5.090234,-3.662,-0.1123,0.001836,-0.0002879,-0.0002879,-0.2879,-0.0002894,-0.0002894,-0.2549
5.100234,-3.638,-0.09766,0.001833,7.342e-06,7.342e-06,0.007342,6.105e-06,6.105e-06,0.01961
5.110233,-3.594,-0.06836,0.00188,0.0002998,0.0002998,0.2998,0.0002991,0.0002991,0.3333
5.120234,-3.54,-0.0293,0.001958,0.0004777,0.0004777,0.4777,0.0004774,0.0004774,0.4902
5.130234,-3.486,0.03418,0.002046,0.0004732,0.0004732,0.4732,0.0004725,0.0004725,0.4902
5.140235,-3.428,0.08789,0.002101,0.0002879,0.0002879,0.2879,0.0002869,0.0002869,0.2941
5.150234,-3.364,0.1367,0.002107,-7.363e-06,-7.363e-06,-0.007363,-8.547e-06,-8.547e-06,0.01961
5.160234,-3.306,0.1709,0.002055,-0.0002998,-0.0002998,-0.2998,-0.0003016,-0.0003016,-0.2941
5.170234,-3.252,0.1807,0.001955,-0.0004778,-0.0004778,-0.4778,-0.0004799,-0.0004799,-0.451
5.180233,-3.213,0.21,0.00183,-0.0004732,-0.0004732,-0.4732,-0.000475,-0.000475,-0.451
5.190233,-3.164,0.2002,0.001737,-0.0002879,-0.0002879,-0.2879,-0.0002894,-0.0002894,-0.2549
5.200233,-3.105,0.2051,0.00169,7.339e-06,7.339e-06,0.007339,6.105e-06,6.105e-06,0.01961
5.210234,-3.042,0.2441,0.001681,0.0002998,0.0002998,0.2998,0.0002991,0.0002991,0.3333
5.220235,-2.964,0.2686,0.001716,0.0004778,0.0004778,0.4778,0.0004774,0.0004774,0.4902
5.230234,-2.881,0.3271,0.001751,0.0004732,0.0004732,0.4732,0.0004725,0.0004725,0.4902
5.240233,-2.798,0.3662,0.001754,0.0002879,0.0002879,0.2879,0.0002869,0.0002869,0.2941
5.250235,-2.72,0.4102,0.001713,-7.375e-06,-7.375e-06,-0.007375,-8.547e-06,-8.547e-06,0.01961
5.260233,-2.651,0.4248,0.001626,-0.0002998,-0.0002998,-0.2998,-0.0003016,-0.0003016,-0.2941
5.270233,-2.588,0.4053,0.001506,-0.0004777,-0.0004777,-0.4777,-0.0004799,-0.0004799,-0.451
5.280235,-2.549,0.4102,0.001348,-0.0004732,-0.0004732,-0.4732,-0.000475,-0.000475,-0.451
5.290234,-2.515,0.4004,0.001211,-0.0002879,-0.0002879,-0.2879,-0.0002894,-0.0002894,-0.2549
5.300234,-2.466,0.3906,0.001127,7.366e-06,7.366e-06,0.007366,6.105e-06,6.105e-06,0.01961
5.310234,-2.417,0.3955,0.001092,0.0002998,0.0002998,0.2998,0.0002991,0.0002991,0.3333
5.320233,-2.354,0.3955,0.0011,0.0004777,0.0004777,0.4777,0.0004774,0.0004774,0.4902
5.330234,-2.285,0.4199,0.001127,0.0004732,0.0004732,0.4732,0.0004725,0.0004725,0.4902
5.340234,-2.241,0.4346,0.001129,0.0002879,0.0002879,0.2879,0.0002869,0.0002869,0.2941
5.350234,-2.188,0.4395,0.001092,-7.357e-06,-7.357e-06,-0.007357,-8.547e-06,-8.547e-06,0.01961
5.360234,-2.153,0.4297,0.0009982,-0.0002998,-0.0002998,-0.2998,-0.0003016,-0.0003016,-0.2941
5.370234,-2.148,0.3906,0.0008697,-0.0004777,-0.0004777,-0.4777,-0.0004799,-0.0004799,-0.451
5.380234,-2.148,0.376,0.0007092,-0.0004732,-0.0004732,-0.4732,-0.000475,-0.000475,-0.451
5.390234,-2.158,0.3223,0.0005983,-0.0002879,-0.0002879,-0.2879,-0.0002894,-0.0002894,-0.2549
5.400234,-2.168,0.2832,0.0005283,7.348e-06,7.348e-06,0.007348,6.105e-06,6.105e-06,0.01961
5.410234,-2.163,0.2637,0.0005166,0.0002998,0.0002998,0.2998,0.0002991,0.0002991,0.3333
5.420235,-2.168,0.249,0.0005487,0.0004778,0.0004778,0.4778,0.0004774,0.0004774,0.4902
5.430233,-2.134,0.2344,0.00061,0.0004732,0.0004732,0.4732,0.0004725,0.0004725,0.4902
5.440233,-2.153,0.2197,0.0006479,0.0002879,0.0002879,0.2879,0.0002869,0.0002869,0.2941
5.450233,-2.173,0.21,0.0006479,-7.324e-06,-7.324e-06,-0.007324,-8.547e-06,-8.547e-06,0.01961
5.460235,-2.192,0.1807,0.0005866,-0.0002998,-0.0002998,-0.2998,-0.0003016,-0.0003016,-0.2941
5.470234,-2.256,0.1465,0.0004816,-0.0004778,-0.0004778,-0.4778,-0.0004799,-0.0004799,-0.451
5.480234,-2.295,0.07812,0.0003998,-0.0004732,-0.0004732,-0.4732,-0.000475,-0.000475,-0.451
5.490234,-2.363,0.02441,0.000324,-0.0002879,-0.0002879,-0.2879,-0.0002894,-0.0002894,-0.2549
5.500233,-2.432,-0.02441,0.0003065,7.33e-06,7.33e-06,0.00733,6.105e-06,6.105e-06,0.01961
5.510233,-2.476,-0.05859,0.0003473,0.0002998,0.0002998,0.2998,0.0002991,0.0002991,0.3333
5.520233,-2.544,-0.08789,0.0004378,0.0004777,0.0004777,0.4777,0.0004774,0.0004774,0.4902
5.530235,-2.568,-0.1123,0.0005633,0.0004732,0.0004732,0.4732,0.0004725,0.0004725,0.4902
5.540234,-2.627,-0.1123,0.0006421,0.0002879,0.0002879,0.2879,0.0002869,0.0002869,0.2941
5.550234,-2.681,-0.1318,0.0006975,-7.366e-06,-7.366e-06,-0.007366,-8.547e-06,-8.547e-06,0.01961
5.560234,-2.744,-0.166,0.0007005,-0.0002998,-0.0002998,-0.2998,-0.0003016,-0.0003016,-0.2941
5.570233,-2.842,-0.2148,0.0006596,-0.0004777,-0.0004777,-0.4777,-0.0004799,-0.0004799,-0.451
5.580235,-2.93,-0.2539,0.0006217,-0.0004732,-0.0004732,-0.4732,-0.000475,-0.000475,-0.451
5.590234,-3.027,-0.3076,0.0006071,-0.0002879,-0.0002879,-0.2879,-0.0002894,-0.0002894,-0.2549
5.600234,-3.101,-0.3516,0.0006479,7.342e-06,7.342e-06,0.007342,6.105e-06,6.105e-06,0.01961
5.610234,-3.164,-0.376,0.0007442,0.0002998,0.0002998,0.2998,0.0002991,0.0002991,0.3333
5.620233,-3.252,-0.3809,0.0008697,0.0004777,0.0004777,0.4777,0.0004774,0.0004774,0.4902
5.630234,-3.296,-0.3662,0.001024,0.0004732,0.0004732,0.4732,0.0004725,0.0004725,0.4902
5.640234,-3.35,-0.3711,0.001167,0.0002879,0.0002879,0.2879,0.0002869,0.0002869,0.2941
5.650233,-3.408,-0.3662,0.001252,-7.333e-06,-7.333e-06,-0.007333,-8.547e-06,-8.547e-06,0.01961
5.660233,-3.462,-0.3613,0.001281,-0.0002998,-0.0002998,-0.2998,-0.0003016,-0.0003016,-0.2941
5.670234,-3.53,-0.3857,0.001273,-0.0004777,-0.0004777,-0.4777,-0.0004799,-0.0004799,-0.451
5.680234,-3.613,-0.4053,0.001264,-0.0004732,-0.0004732,-0.4732,-0.000475,-0.000475,-0.451
5.690233,-3.687,-0.4395,0.001273,-0.0002879,-0.0002879,-0.2879,-0.0002894,-0.0002894,-0.2549
5.700234,-3.74,-0.4492,0.001328,7.369e-06,7.369e-06,0.007369,6.105e-06,6.105e-06,0.01961
5.710234,-3.77,-0.4395,0.001433,0.0002998,0.0002998,0.2998,0.0002991,0.0002991,0.3333
5.720234,-3.799,-0.4346,0.001591,0.0004777,0.0004777,0.4777,0.0004774,0.0004774,0.4902
5.730234,-3.823,-0.3809,0.001728,0.0004732,0.0004732,0.4732,0.0004725,0.0004725,0.4902
5.740234,-3.828,-0.3418,0.001853,0.0002879,0.0002879,0.2879,0.0002869,0.0002869,0.2941
5.750234,-3.833,-0.3027,0.001932,-7.36e-06,-7.36e-06,-0.00736,-8.547e-06,-8.547e-06,0.01961
5.760234,-3.838,-0.2881,0.001964,-0.0002998,-0.0002998,-0.2998,-0.0003016,-0.0003016,-0.2941
5.770233,-3.867,-0.2881,0.001947,-0.0004777,-0.0004777,-0.4777,-0.0004799,-0.0004799,-0.451
5.780233,-3.862,-0.2734,0.001909,-0.0004732,-0.0004732,-0.4732,-0.000475,-0.000475,-0.451
5.790234,-3.877,-0.2588,0.001874,-0.0002879,-0.0002879,-0.2879,-0.0002894,-0.0002894,-0.2549
5.800234,-3.877,-0.2441,0.001891,7.366e-06,7.366e-06,0.007366,6.105e-06,6.105e-06,0.01961
5.810234,-3.867,-0.2051,0.001958,0.0002998,0.0002998,0.2998,0.0002991,0.0002991,0.3333
5.820235,-3.838,-0.1611,0.002058,0.0004778,0.0004778,0.4778,0.0004774,0.0004774,0.4902
5.830234,-3.77,-0.1025,0.002171,0.0004732,0.0004732,0.4732,0.0004725,0.0004725,0.4902
5.840235,-3.716,-0.04395,0.002241,0.0002879,0.0002879,0.2879,0.0002869,0.0002869,0.2941
5.850234,-3.652,0.004883,0.002279,-7.357e-06,-7.357e-06,-0.007357,-8.547e-06,-8.547e-06,0.01961
5.860234,-3.589,0.04883,0.002244,-0.0002998,-0.0002998,-0.2998,-0.0003016,-0.0003016,-0.2941
5.870235,-3.574,0.07324,0.00216,-0.0004778,-0.0004778,-0.4778,-0.0004799,-0.0004799,-0.451
5.880234,-3.511,0.09277,0.002069,-0.0004732,-0.0004732,-0.4732,-0.000475,-0.000475,-0.451
5.890234,-3.462,0.1074,0.001985,-0.0002879,-0.0002879,-0.2879,-0.0002894,-0.0002894,-0.2549
5.900234,-3.408,0.1318,0.001944,7.363e-06,7.363e-06,0.007363,6.105e-06,6.105e-06,0.01961
5.910234,-3.34,0.1758,0.001944,0.0002998,0.0002998,0.2998,0.0002991,0.0002991,0.3333
5.920233,-3.257,0.21,0.00199,0.0004777,0.0004777,0.4777,0.0004774,0.0004774,0.4902
5.930233,-3.149,0.2734,0.00204,0.0004732,0.0004732,0.4732,0.0004725,0.0004725,0.4902
5.940234,-3.057,0.332,0.002046,0.0002879,0.0002879,0.2879,0.0002869,0.0002869,0.2941
5.950233,-2.949,0.3711,0.002023,-7.339e-06,-7.339e-06,-0.007339,-8.547e-06,-8.547e-06,0.01961
5.960235,-2.891,0.4199,0.00192,-0.0002998,-0.0002998,-0.2998,-0.0003016,-0.0003016,-0.2941
5.970234,-2.808,0.4004,0.001807,-0.0004778,-0.0004778,-0.4778,-0.0004799,-0.0004799,-0.451
5.980234,-2.739,0.415,0.001649,-0.0004732,-0.0004732,-0.4732,-0.000475,-0.000475,-0.451
5.990233,-2.695,0.4248,0.001503,-0.0002879,-0.0002879,-0.2879,-0.0002894,-0.0002894,-0.2549
6.000234,-2.622,0.4248,0.00141,7.36e-06,7.36e-06,0.00736,6.105e-06,6.105e-06,0.01961
6.010233,-2.529,0.4492,0.001363,0.0002998,0.0002998,0.2998,0.0002991,0.0002991,0.3333
6.020233,-2.461,0.459,0.001369,0.0004777,0.0004777,0.4777,0.0004774,0.0004774,0.4902
6.030235,-2.368,0.4932,0.00138,0.0004732,0.0004732,0.4732,0.0004725,0.0004725,0.4902
6.040235,-2.285,0.5225,0.001363,0.0002879,0.0002879,0.2879,0.0002869,0.0002869,0.2941
6.050234,-2.217,0.5322,0.001316,-7.351e-06,-7.351e-06,-0.007351,-8.547e-06,-8.547e-06,0.01961
6.060234,-2.158,0.5371,0.0012,-0.0002998,-0.0002998,-0.2998,-0.0003016,-0.0003016,-0.2941
6.070233,-2.129,0.5127,0.001051,-0.0004777,-0.0004777,-0.4777,-0.0004799,-0.0004799,-0.451
6.080234,-2.095,0.4932,0.0008843,-0.0004732,-0.0004732,-0.4732,-0.000475,-0.000475,-0.451
6.090234,-2.08,0.4541,0.0007355,-0.0002879,-0.0002879,-0.2879,-0.0002894,-0.0002894,-0.2549
6.100233,-2.051,0.4297,0.0006392,7.327e-06,7.327e-06,0.007327,6.105e-06,6.105e-06,0.01961
6.110234,-2.021,0.415,0.0006041,0.0002998,0.0002998,0.2998,0.0002991,0.0002991,0.3333
6.120234,-1.997,0.3955,0.0006158,0.0004778,0.0004778,0.4778,0.0004774,0.0004774,0.4902
6.130235,-1.953,0.4004,0.0006392,0.0004732,0.0004732,0.4732,0.0004725,0.0004725,0.4902
6.140234,-1.953,0.3906,0.0006538,0.0002879,0.0002879,0.2879,0.0002869,0.0002869,0.2941
6.150235,-1.934,0.3711,0.0006187,-7.378e-06,-7.378e-06,-0.007378,-8.547e-06,-8.547e-06,0.01961
6.160233,-1.938,0.3467,0.0005429,-0.0002998,-0.0002998,-0.2998,-0.0003016,-0.0003016,-0.2941
6.170234,-1.978,0.293,0.0004261,-0.0004778,-0.0004778,-0.4778,-0.0004799,-0.0004799,-0.451
6.180233,-2.012,0.2393,0.0003006,-0.0004732,-0.0004732,-0.4732,-0.000475,-0.000475,-0.451
6.190234,-2.061,0.1758,0.0002072,-0.0002879,-0.0002879,-0.2879,-0.0002894,-0.0002894,-0.2549
6.200234,-2.109,0.1172,0.0001664,7.354e-06,7.354e-06,0.007354,6.105e-06,6.105e-06,0.01961
6.210234,-2.148,0.07812,0.0001868,0.0002998,0.0002998,0.2998,0.0002991,0.0002991,0.3333
6.220233,-2.197,0.03906,0.0002598,0.0004777,0.0004777,0.4777,0.0004774,0.0004774,0.4902
6.230235,-2.227,0.0293,0.0003444,0.0004732,0.0004732,0.4732,0.0004725,0.0004725,0.4902
6.240233,-2.285,0.004883,0.0004115,0.0002879,0.0002879,0.2879,0.0002869,0.0002869,0.2941
6.250234,-2.349,-0.02441,0.0004436,-7.346e-06,-7.346e-06,-0.007346,-8.547e-06,-8.547e-06,0.01961
6.260233,-2.417,-0.06348,0.000432,-0.0002998,-0.0002998,-0.2998,-0.0003016,-0.0003016,-0.2941
6.270233,-2.505,-0.1172,0.0003794,-0.0004777,-0.0004777,-0.4777,-0.0004799,-0.0004799,-0.451
6.280235,-2.593,-0.1709,0.000321,-0.0004732,-0.0004732,-0.4732,-0.000475,-0.000475,-0.451
6.290234,-2.7,-0.249,0.0003065,-0.0002879,-0.0002879,-0.2879,-0.0002894,-0.0002894,-0.2549
6.300233,-2.788,-0.2979,0.0003327,7.337e-06,7.337e-06,0.007337,6.105e-06,6.105e-06,0.01961
6.310234,-2.876,-0.332,0.0004144,0.0002998,0.0002998,0.2998,0.0002991,0.0002991,0.3333
6.320233,-2.974,-0.3613,0.0005516,0.0004777,0.0004777,0.4777,0.0004774,0.0004774,0.4902
6.330235,-3.042,-0.3613,0.0006946,0.0004732,0.0004732,0.4732,0.0004725,0.0004725,0.4902
6.340233,-3.105,-0.3809,0.0008376,0.0002879,0.0002879,0.2879,0.0002869,0.0002869,0.2941
6.350234,-3.184,-0.3857,0.0009281,-7.358e-06,-7.358e-06,-0.007358,-8.547e-06,-8.547e-06,0.01961
6.360235,-3.271,-0.4053,0.000969,-0.0002998,-0.0002998,-0.2998,-0.0003016,-0.0003016,-0.2941
6.370234,-3.369,-0.4443,0.000969,-0.0004778,-0.0004778,-0.4778,-0.0004799,-0.0004799,-0.451
6.380233,-3.462,-0.4736,0.0009661,-0.0004732,-0.0004732,-0.4732,-0.000475,-0.000475,-0.451
6.390234,-3.564,-0.5176,0.0009894,-0.0002879,-0.0002879,-0.2879,-0.0002894,-0.0002894,-0.2549
6.400234,-3.652,-0.5371,0.001048,7.364e-06,7.364e-06,0.007364,6.105e-06,6.105e-06,0.01961
6.410234,-3.73,-0.5469,0.001176,0.0002998,0.0002998,0.2998,0.0002991,0.0002991,0.3333
6.420233,-3.784,-0.542,0.00134,0.0004777,0.0004777,0.4777,0.0004774,0.0004774,0.4902
6.430233,-3.823,-0.498,0.0015,0.0004732,0.0004732,0.4732,0.0004725,0.0004725,0.4902
6.440235,-3.872,-0.4785,0.001661,0.0002879,0.0002879,0.2879,0.0002869,0.0002869,0.2941
6.450234,-3.901,-0.4541,0.001766,-7.37e-06,-7.37e-06,-0.00737,-8.547e-06,-8.547e-06,0.01961
6.460234,-3.94,-0.4395,0.00181,-0.0002998,-0.0002998,-0.2998,-0.0003016,-0.0003016,-0.2941
6.470233,-3.999,-0.4443,0.001818,-0.0004777,-0.0004777,-0.4777,-0.0004799,-0.0004799,-0.451
6.480235,-4.028,-0.4395,0.001812,-0.0004732,-0.0004732,-0.4732,-0.000475,-0.000475,-0.451
6.490233,-4.082,-0.4346,0.00181,-0.0002879,-0.0002879,-0.2879,-0.0002894,-0.0002894,-0.2549
6.500233,-4.097,-0.415,0.001853,7.331e-06,7.331e-06,0.007331,6.105e-06,6.105e-06,0.01961
6.510234,-4.097,-0.3857,0.00195,0.0002998,0.0002998,0.2998,0.0002991,0.0002991,0.3333
6.520234,-4.082,-0.3467,0.002084,0.0004777,0.0004777,0.4777,0.0004774,0.0004774,0.4902
6.530235,-4.043,-0.2881,0.002227,0.0004732,0.0004732,0.4732,0.0004725,0.0004725,0.4902
6.540234,-4.019,-0.2246,0.002326,0.0002879,0.0002879,0.2879,0.0002869,0.0002869,0.2941
6.550233,-3.975,-0.1758,0.00239,-7.337e-06,-7.337e-06,-0.007337,-8.547e-06,-8.547e-06,0.01961
6.560234,-3.936,-0.127,0.002387,-0.0002998,-0.0002998,-0.2998,-0.0003016,-0.0003016,-0.2941
6.570234,-3.901,-0.09277,0.002326,-0.0004777,-0.0004777,-0.4777,-0.0004799,-0.0004799,-0.451
6.580235,-3.867,-0.06348,0.002259,-0.0004732,-0.0004732,-0.4732,-0.000475,-0.000475,-0.451
6.590233,-3.843,-0.04395,0.002198,-0.0002879,-0.0002879,-0.2879,-0.0002894,-0.0002894,-0.2549
6.600233,-3.774,0.0,0.002177,7.328e-06,7.328e-06,0.007328,6.105e-06,6.105e-06,0.01961
6.610234,-3.711,0.04395,0.002198,0.0002998,0.0002998,0.2998,0.0002991,0.0002991,0.3333
6.620234,-3.633,0.09277,0.002265,0.0004777,0.0004777,0.4777,0.0004774,0.0004774,0.4902
6.630233,-3.525,0.166,0.002332,0.0004732,0.0004732,0.4732,0.0004725,0.0004725,0.4902
6.640234,-3.428,0.2295,0.002367,0.0002879,0.0002879,0.2879,0.0002869,0.0002869,0.2941
6.650234,-3.325,0.293,0.002341,-7.349e-06,-7.349e-06,-0.007349,-8.547e-06,-8.547e-06,0.01961
6.660233,-3.237,0.3418,0.002268,-0.0002998,-0.0002998,-0.2998,-0.0003016,-0.0003016,-0.2941
6.670234,-3.14,0.3613,0.002148,-0.0004777,-0.0004777,-0.4777,-0.0004799,-0.0004799,-0.451
6.680233,-3.062,0.4004,0.001988,-0.0004732,-0.0004732,-0.4732,-0.000475,-0.000475,-0.451
6.690234,-2.993,0.4102,0.00185,-0.0002879,-0.0002879,-0.2879,-0.0002894,-0.0002894,-0.2549
6.700233,-2.896,0.4199,0.001772,7.325e-06,7.325e-06,0.007325,6.105e-06,6.105e-06,0.01961
6.710233,-2.812,0.4492,0.001731,0.0002998,0.0002998,0.2998,0.0002991,0.0002991,0.3333
6.720235,-2.69,0.4785,0.001728,0.0004778,0.0004778,0.4778,0.0004774,0.0004774,0.4902
6.730233,-2.573,0.542,0.001731,0.0004732,0.0004732,0.4732,0.0004725,0.0004725,0.4902
6.740234,-2.476,0.5762,0.001713,0.0002879,0.0002879,0.2879,0.0002869,0.0002869,0.2941
6.750234,-2.363,0.6152,0.001637,-7.346e-06,-7.346e-06,-0.007346,-8.547e-06,-8.547e-06,0.01961
6.760233,-2.28,0.6348,0.001506,-0.0002998,-0.0002998,-0.2998,-0.0003016,-0.0003016,-0.2941
6.770235,-2.222,0.625,0.00134,-0.0004778,-0.0004778,-0.4778,-0.0004799,-0.0004799,-0.451
6.780235,-2.144,0.6055,0.001167,-0.0004732,-0.0004732,-0.4732,-0.000475,-0.000475,-0.451
6.790234,-2.09,0.5811,0.0009952,-0.0002879,-0.0002879,-0.2879,-0.0002894,-0.0002894,-0.2549
6.800234,-2.021,0.5664,0.0008785,7.367e-06,7.367e-06,0.007367,6.105e-06,6.105e-06,0.01961
6.810233,-1.973,0.5566,0.000823,0.0002998,0.0002998,0.2998,0.0002991,0.0002991,0.3333
6.820234,-1.924,0.5566,0.0008026,0.0004777,0.0004777,0.4777,0.0004774,0.0004774,0.4902
6.830234,-1.865,0.5762,0.0007997,0.0004732,0.0004732,0.4732,0.0004725,0.0004725,0.4902
6.840233,-1.807,0.5811,0.0007734,0.0002879,0.0002879,0.2879,0.0002869,0.0002869,0.2941
6.850235,-1.763,0.5615,0.0007209,-7.373e-06,-7.373e-06,-0.007373,-8.547e-06,-8.547e-06,0.01961
6.860234,-1.729,0.5322,0.0006071,-0.0002998,-0.0002998,-0.2998,-0.0003016,-0.0003016,-0.2941
6.870234,-1.733,0.4883,0.0004611,-0.0004778,-0.0004778,-0.4778,-0.0004799,-0.0004799,-0.451
6.880234,-1.743,0.4443,0.0003065,-0.0004732,-0.0004732,-0.4732,-0.000475,-0.000475,-0.451
6.890234,-1.777,0.3711,0.000178,-0.0002879,-0.0002879,-0.2879,-0.0002894,-0.0002894,-0.2549
6.900234,-1.792,0.3174,0.000108,7.364e-06,7.364e-06,0.007364,6.105e-06,6.105e-06,0.01961
6.910234,-1.821,0.2734,9.048e-05,0.0002998,0.0002998,0.2998,0.0002991,0.0002991,0.3333
6.920234,-1.86,0.2441,0.0001167,0.0004777,0.0004777,0.4777,0.0004774,0.0004774,0.4902
6.930234,-1.87,0.2295,0.0001751,0.0004732,0.0004732,0.4732,0.0004725,0.0004725,0.4902
6.940234,-1.899,0.1855,0.0002277,0.0002879,0.0002879,0.2879,0.0002869,0.0002869,0.2941
6.950234,-1.943,0.1562,0.0002277,-7.355e-06,-7.355e-06,-0.007355,-8.547e-06,-8.547e-06,0.01961
6.960234,-1.997,0.1025,0.0001897,-0.0002998,-0.0002998,-0.2998,-0.0003016,-0.0003016,-0.2941
6.970233,-2.095,0.03906,0.0001109,-0.0004777,-0.0004777,-0.4777,-0.0004799,-0.0004799,-0.451
6.980234,-2.183,-0.03906,4.378e-05,-0.0004732,-0.0004732,-0.4732,-0.000475,-0.000475,-0.451
6.990233,-2.285,-0.1123,-1.459e-05,-0.0002879,-0.0002879,-0.2879,-0.0002894,-0.0002894,-0.2549
7.000234,-2.388,-0.1807,-2.919e-06,7.346e-06,7.346e-06,0.007346,6.105e-06,6.105e-06,0.01961
7.010234,-2.48,-0.2197,6.129e-05,0.0002998,0.0002998,0.2998,0.0002991,0.0002991,0.3333
7.020234,-2.573,-0.2686,0.0001868,0.0004778,0.0004778,0.4778,0.0004774,0.0004774,0.4902
7.030235,-2.661,-0.2832,0.0003152,0.0004732,0.0004732,0.4732,0.0004725,0.0004725,0.4902
7.040235,-2.749,-0.3076,0.0004407,0.0002879,0.0002879,0.2879,0.0002869,0.0002869,0.2941
7.050234,-2.837,-0.3418,0.0005283,-7.367e-06,-7.367e-06,-0.007367,-8.547e-06,-8.547e-06,0.01961
7.060234,-2.939,-0.376,0.0005633,-0.0002998,-0.0002998,-0.2998,-0.0003016,-0.0003016,-0.2941
7.070234,-3.071,-0.4346,0.0005691,-0.0004777,-0.0004777,-0.4777,-0.0004799,-0.0004799,-0.451
7.080234,-3.193,-0.4883,0.0005691,-0.0004732,-0.0004732,-0.4732,-0.000475,-0.000475,-0.451
7.090234,-3.325,-0.5469,0.0005983,-0.0002879,-0.0002879,-0.2879,-0.0002894,-0.0002894,-0.2549
7.100234,-3.433,-0.5762,0.0006654,7.358e-06,7.358e-06,0.007358,6.105e-06,6.105e-06,0.01961
7.110233,-3.53,-0.6104,0.0007968,0.0002998,0.0002998,0.2998,0.0002991,0.0002991,0.3333
7.120234,-3.638,-0.6055,0.0009573,0.0004777,0.0004777,0.4777,0.0004774,0.0004774,0.4902
7.130234,-3.701,-0.6055,0.001159,0.0004732,0.0004732,0.4732,0.0004725,0.0004725,0.4902
7.140234,-3.774,-0.6006,0.001334,0.0002879,0.0002879,0.2879,0.0002869,0.0002869,0.2941
7.150233,-3.848,-0.5908,0.001459,-7.334e-06,-7.334e-06,-0.007334,-8.547e-06,-8.547e-06,0.01961
7.160233,-3.921,-0.5859,0.001532,-0.0002998,-0.0002998,-0.2998,-0.0003016,-0.0003016,-0.2941
7.170234,-4.014,-0.5859,0.00155,-0.0004777,-0.0004777,-0.4777,-0.0004799,-0.0004799,-0.451
7.180235,-4.092,-0.6006,0.00157,-0.0004732,-0.0004732,-0.4732,-0.000475,-0.000475,-0.451
7.190235,-4.16,-0.6152,0.001605,-0.0002879,-0.0002879,-0.2879,-0.0002894,-0.0002894,-0.2549
7.200233,-4.224,-0.6055,0.001681,7.34e-06,7.34e-06,0.00734,6.105e-06,6.105e-06,0.01961
7.210234,-4.258,-0.5908,0.001812,0.0002998,0.0002998,0.2998,0.0002991,0.0002991,0.3333
7.220234,-4.277,-0.5566,0.001976,0.0004777,0.0004777,0.4777,0.0004774,0.0004774,0.4902
7.230233,-4.272,-0.5078,0.002154,0.0004732,0.0004732,0.4732,0.0004725,0.0004725,0.4902
7.240234,-4.272,-0.4443,0.002294,0.0002879,0.0002879,0.2879,0.0002869,0.0002869,0.2941
7.250234,-4.272,-0.3857,0.002387,-7.346e-06,-7.346e-06,-0.007346,-8.547e-06,-8.547e-06,0.01961
7.260234,-4.263,-0.3418,0.002417,-0.0002998,-0.0002998,-0.2998,-0.0003016,-0.0003016,-0.2941
7.270235,-4.258,-0.3174,0.002405,-0.0004778,-0.0004778,-0.4778,-0.0004799,-0.0004799,-0.451
7.280234,-4.243,-0.2734,0.002355,-0.0004732,-0.0004732,-0.4732,-0.000475,-0.000475,-0.451
7.290236,-4.229,-0.2539,0.002332,-0.0002879,-0.0002879,-0.2879,-0.0002894,-0.0002894,-0.2549
7.300234,-4.194,-0.21,0.002347,7.367e-06,7.367e-06,0.007367,6.105e-06,6.105e-06,0.01961
7.310235,-4.136,-0.166,0.002411,0.0002998,0.0002998,0.2998,0.0002991,0.0002991,0.3333
7.320233,-4.062,-0.1123,0.002513,0.0004777,0.0004777,0.4777,0.0004774,0.0004774,0.4902
7.330234,-3.97,-0.01465,0.002598,0.0004732,0.0004732,0.4732,0.0004725,0.0004725,0.4902
7.340234,-3.877,0.05859,0.002665,0.0002879,0.0002879,0.2879,0.0002869,0.0002869,0.2941
7.350234,-3.784,0.1318,0.002673,-7.358e-06,-7.358e-06,-0.007358,-8.547e-06,-8.547e-06,0.01961
7.360234,-3.696,0.2002,0.002603,-0.0002998,-0.0002998,-0.2998,-0.0003016,-0.0003016,-0.2941
7.370234,-3.608,0.2295,0.002507,-0.0004777,-0.0004777,-0.4777,-0.0004799,-0.0004799,-0.451
7.380234,-3.506,0.2734,0.002379,-0.0004732,-0.0004732,-0.4732,-0.000475,-0.000475,-0.451
7.390234,-3.418,0.3027,0.002259,-0.0002879,-0.0002879,-0.2879,-0.0002894,-0.0002894,-0.2549
7.400233,-3.311,0.3369,0.002195,7.335e-06,7.335e-06,0.007335,6.105e-06,6.105e-06,0.01961
7.410233,-3.203,0.3857,0.002163,0.0002998,0.0002998,0.2998,0.0002991,0.0002991,0.3333
7.420234,-3.086,0.4395,0.002163,0.0004777,0.0004777,0.4777,0.0004774,0.0004774,0.4902
7.430234,-2.944,0.5225,0.002166,0.0004732,0.0004732,0.4732,0.0004725,0.0004725,0.4902
7.440234,-2.808,0.5762,0.002148,0.0002879,0.0002879,0.2879,0.0002869,0.0002869,0.2941
7.450234,-2.676,0.6348,0.002072,-7.371e-06,-7.371e-06,-0.007371,-8.547e-06,-8.547e-06,0.01961
7.460233,-2.554,0.6592,0.001944,-0.0002998,-0.0002998,-0.2998,-0.0003016,-0.0003016,-0.2941
7.470233,-2.451,0.6689,0.001766,-0.0004777,-0.0004777,-0.4777,-0.0004799,-0.0004799,-0.451
7.480233,-2.344,0.6738,0.001579,-0.0004732,-0.0004732,-0.4732,-0.000475,-0.000475,-0.451
7.490233,-2.261,0.6738,0.001398,-0.0002879,-0.0002879,-0.2879,-0.0002894,-0.0002894,-0.2549
7.500233,-2.173,0.6885,0.001258,7.332e-06,7.332e-06,0.007332,6.105e-06,6.105e-06,0.01961
7.510234,-2.07,0.6885,0.001182,0.0002998,0.0002998,0.2998,0.0002991,0.0002991,0.3333
7.520234,-1.982,0.708,0.001138,0.0004777,0.0004777,0.4777,0.0004774,0.0004774,0.4902
7.530234,-1.87,0.7422,0.001103,0.0004732,0.0004732,0.4732,0.0004725,0.0004725,0.4902
7.540234,-1.777,0.7568,0.001054,0.0002879,0.0002879,0.2879,0.0002869,0.0002869,0.2941
7.550233,-1.694,0.7568,0.0009661,-7.338e-06,-7.338e-06,-0.007338,-8.547e-06,-8.547e-06,0.01961
7.560234,-1.621,0.7324,0.0008318,-0.0002998,-0.0002998,-0.2998,-0.0003016,-0.0003016,-0.2941
7.570233,-1.587,0.6934,0.0006479,-0.0004777,-0.0004777,-0.4777,-0.0004799,-0.0004799,-0.451
7.580234,-1.553,0.6641,0.0004524,-0.0004732,-0.0004732,-0.4732,-0.000475,-0.000475,-0.451
7.590234,-1.519,0.6055,0.0002889,-0.0002879,-0.0002879,-0.2879,-0.0002894,-0.0002894,-0.2549
7.600234,-1.494,0.5566,0.000181,7.344e-06,7.344e-06,0.007344,6.105e-06,6.105e-06,0.01961
7.610234,-1.46,0.5225,0.0001255,0.0002998,0.0002998,0.2998,0.0002991,0.0002991,0.3333
7.620234,-1.426,0.4932,0.0001197,0.0004777,0.0004777,0.4777,0.0004774,0.0004774,0.4902
7.630234,-1.377,0.4639,0.0001459,0.0004732,0.0004732,0.4732,0.0004725,0.0004725,0.4902
7.640234,-1.367,0.4395,0.0001401,0.0002879,0.0002879,0.2879,0.0002869,0.0002869,0.2941
7.650234,-1.343,0.415,9.34e-05,-7.365e-06,-7.365e-06,-0.007365,-8.547e-06,-8.547e-06,0.01961
7.660233,-1.357,0.3564,2.043e-05,-0.0002998,-0.0002998,-0.2998,-0.0003016,-0.0003016,-0.2941
7.670233,-1.387,0.2881,-9.048e-05,-0.0004777,-0.0004777,-0.4777,-0.0004799,-0.0004799,-0.451
7.680235,-1.44,0.21,-0.0002043,-0.0004732,-0.0004732,-0.4732,-0.000475,-0.000475,-0.451
7.690235,-1.553,0.1416,-0.0003065,-0.0002879,-0.0002879,-0.2879,-0.0002894,-0.0002894,-0.2549
7.700234,-1.636,0.07324,-0.0003415,7.371e-06,7.371e-06,0.007371,6.105e-06,6.105e-06,0.01961
7.710235,-1.729,0.004883,-0.0003065,0.0002998,0.0002998,0.2998,0.0002991,0.0002991,0.3333
7.720234,-1.826,-0.04395,-0.0002247,0.0004777,0.0004777,0.4777,0.0004774,0.0004774,0.4902
7.730234,-1.904,-0.08301,-0.0001167,0.0004732,0.0004732,0.4732,0.0004725,0.0004725,0.4902
7.740234,-2.026,-0.127,-2.043e-05,0.0002879,0.0002879,0.2879,0.0002869,0.0002869,0.2941
7.750234,-2.134,-0.1709,3.794e-05,-7.347e-06,-7.347e-06,-0.007347,-8.547e-06,-8.547e-06,0.01961
7.760234,-2.256,-0.2295,5.253e-05,-0.0002998,-0.0002998,-0.2998,-0.0003016,-0.0003016,-0.2941
7.770234,-2.402,-0.293,2.335e-05,-0.0004778,-0.0004778,-0.4778,-0.0004799,-0.0004799,-0.451
7.780234,-2.544,-0.376,1.751e-05,-0.0004732,-0.0004732,-0.4732,-0.000475,-0.000475,-0.451
7.790234,-2.71,-0.4395,-2.919e-06,-0.0002879,-0.0002879,-0.2879,-0.0002894,-0.0002894,-0.2549
7.800233,-2.852,-0.5078,7.005e-05,7.338e-06,7.338e-06,0.007338,6.105e-06,6.105e-06,0.01961
7.810234,-2.983,-0.5615,0.0001955,0.0002998,0.0002998,0.2998,0.0002991,0.0002991,0.3333
7.820234,-3.12,-0.6152,0.0003853,0.0004777,0.0004777,0.4777,0.0004774,0.0004774,0.4902
7.830235,-3.237,-0.6006,0.0005516,0.0004732,0.0004732,0.4732,0.0004725,0.0004725,0.4902
7.840234,-3.34,-0.6348,0.0007442,0.0002879,0.0002879,0.2879,0.0002869,0.0002869,0.2941
7.850234,-3.467,-0.6445,0.0008756,-7.359e-06,-7.359e-06,-0.007359,-8.547e-06,-8.547e-06,0.01961
7.860234,-3.589,-0.6689,0.0009661,-0.0002998,-0.0002998,-0.2998,-0.0003016,-0.0003016,-0.2941
7.870234,-3.726,-0.7031,0.0009982,-0.0004777,-0.0004777,-0.4777,-0.0004799,-0.0004799,-0.451
7.880234,-3.848,-0.7373,0.001051,-0.0004732,-0.0004732,-0.4732,-0.000475,-0.000475,-0.451
7.890234,-3.984,-0.7812,0.001103,-0.0002879,-0.0002879,-0.2879,-0.0002894,-0.0002894,-0.2549
7.900234,-4.087,-0.7959,0.001211,7.35e-06,7.35e-06,0.00735,6.105e-06,6.105e-06,0.01961
7.910234,-4.189,-0.7959,0.001375,0.0002998,0.0002998,0.2998,0.0002991,0.0002991,0.3333
7.920234,-4.268,-0.7861,0.001579,0.0004778,0.0004778,0.4778,0.0004774,0.0004774,0.4902
7.930234,-4.331,-0.7422,0.001792,0.0004732,0.0004732,0.4732,0.0004725,0.0004725,0.4902
7.940234,-4.375,-0.7031,0.001976,0.0002879,0.0002879,0.2879,0.0002869,0.0002869,0.2941
7.950235,-4.424,-0.6592,0.002107,-7.386e-06,-7.386e-06,-0.007386,-8.547e-06,-8.547e-06,0.01961
7.960235,-4.468,-0.625,0.002183,-0.0002998,-0.0002998,-0.2998,-0.0003016,-0.0003016,-0.2941
7.970234,-4.531,-0.6152,0.002221,-0.0004778,-0.0004778,-0.4778,-0.0004799,-0.0004799,-0.451
7.980234,-4.551,-0.5908,0.002227,-0.0004732,-0.0004732,-0.4732,-0.000475,-0.000475,-0.451
7.990233,-4.58,-0.5762,0.002262,-0.0002879,-0.0002879,-0.2879,-0.0002894,-0.0002894,-0.2549
8.000235,-4.595,-0.542,0.002332,7.377e-06,7.377e-06,0.007377,6.105e-06,6.105e-06,0.01961
8.010235,-4.58,-0.4932,0.002443,0.0002998,0.0002998,0.2998,0.0002991,0.0002991,0.3333
8.020233,-4.565,-0.4248,0.002589,0.0004777,0.0004777,0.4777,0.0004774,0.0004774,0.4902
8.030233,-4.492,-0.3369,0.002723,0.0004732,0.0004732,0.4732,0.0004725,0.0004725,0.4902
8.040235,-4.443,-0.2588,0.00284,0.0002879,0.0002879,0.2879,0.0002869,0.0002869,0.2941
8.050234,-4.375,-0.1758,0.002898,-7.353e-06,-7.353e-06,-0.007353,-8.547e-06,-8.547e-06,0.01961
8.060234,-4.297,-0.1123,0.002895,-0.0002998,-0.0002998,-0.2998,-0.0003016,-0.0003016,-0.2941
8.070233,-4.248,-0.05371,0.002831,-0.0004777,-0.0004777,-0.4777,-0.0004799,-0.0004799,-0.451
8.080235,-4.155,0.0,0.002746,-0.0004732,-0.0004732,-0.4732,-0.000475,-0.000475,-0.451
8.090235,-4.082,0.02441,0.002694,-0.0002879,-0.0002879,-0.2879,-0.0002894,-0.0002894,-0.2549
8.100234,-3.979,0.08789,0.002653,7.359e-06,7.359e-06,0.007359,6.105e-06,6.105e-06,0.01961
8.110234,-3.877,0.1611,0.002653,0.0002998,0.0002998,0.2998,0.0002991,0.0002991,0.3333
8.120234,-3.745,0.2393,0.002685,0.0004778,0.0004778,0.4778,0.0004774,0.0004774,0.4902
8.130233,-3.594,0.332,0.002726,0.0004732,0.0004732,0.4732,0.0004725,0.0004725,0.4902
8.140234,-3.467,0.415,0.002732,0.0002879,0.0002879,0.2879,0.0002869,0.0002869,0.2941
8.150233,-3.311,0.4932,0.002682,-7.335e-06,-7.335e-06,-0.007335,-8.547e-06,-8.547e-06,0.01961
8.160234,-3.159,0.5615,0.002565,-0.0002998,-0.0002998,-0.2998,-0.0003016,-0.0003016,-0.2941
8.170235,-3.037,0.6006,0.002399,-0.0004778,-0.0004778,-0.4778,-0.0004799,-0.0004799,-0.451
8.180234,-2.881,0.6201,0.002233,-0.0004732,-0.0004732,-0.4732,-0.000475,-0.000475,-0.451
8.190235,-2.783,0.6543,0.002043,-0.0002879,-0.0002879,-0.2879,-0.0002894,-0.0002894,-0.2549
8.200233,-2.646,0.6836,0.001912,7.341e-06,7.341e-06,0.007341,6.105e-06,6.105e-06,0.01961
8.210234,-2.505,0.7227,0.001827,0.0002998,0.0002998,0.2998,0.0002991,0.0002991,0.3333
8.220234,-2.358,0.7617,0.001777,0.0004777,0.0004777,0.4777,0.0004774,0.0004774,0.4902
8.230234,-2.197,0.8252,0.001725,0.0004732,0.0004732,0.4732,0.0004725,0.0004725,0.4902
8.240234,-2.07,0.874,0.001658,0.0002879,0.0002879,0.2879,0.0002869,0.0002869,0.2941
8.250235,-1.919,0.9082,0.001538,-7.377e-06,-7.377e-06,-0.007377,-8.547e-06,-8.547e-06,0.01961
8.260234,-1.802,0.9082,0.001378,-0.0002998,-0.0002998,-0.2998,-0.0003016,-0.0003016,-0.2941
8.270233,-1.704,0.8936,0.001165,-0.0004777,-0.0004777,-0.4777,-0.0004799,-0.0004799,-0.451
8.280235,-1.611,0.874,0.0009485,-0.0004732,-0.0004732,-0.4732,-0.000475,-0.000475,-0.451
8.290234,-1.533,0.8398,0.0007296,-0.0002879,-0.0002879,-0.2879,-0.0002894,-0.0002894,-0.2549
8.300233,-1.436,0.8252,0.000572,7.323e-06,7.323e-06,0.007323,6.105e-06,6.105e-06,0.01961
8.310233,-1.333,0.8057,0.0004699,0.0002998,0.0002998,0.2998,0.0002991,0.0002991,0.3333
8.320234,-1.221,0.7812,0.000429,0.0004778,0.0004778,0.4778,0.0004774,0.0004774,0.4902
8.330234,-1.099,0.8057,0.0003648,0.0004732,0.0004732,0.4732,0.0004725,0.0004725,0.4902
8.340234,-0.9473,0.7666,0.0003386,0.0002879,0.0002879,0.2879,0.0002869,0.0002869,0.2941
8.350236,-0.8252,0.7568,0.0002393,-7.419e-06,-7.419e-06,-0.007419,-8.547e-06,-8.547e-06,0.01961
8.360235,-0.7129,0.7129,9.923e-05,-0.0002998,-0.0002998,-0.2998,-0.0003016,-0.0003016,-0.2941
8.370234,-0.6201,0.6543,-7.588e-05,-0.0004777,-0.0004777,-0.4777,-0.0004799,-0.0004799,-0.451
8.380234,-0.5371,0.6104,-0.0002568,-0.0004732,-0.0004732,-0.4732,-0.000475,-0.000475,-0.451
8.390233,-0.4688,0.542,-0.0004174,-0.0002879,-0.0002879,-0.2879,-0.0002894,-0.0002894,-0.2549
8.400233,-0.3809,0.4688,-0.000502,7.335e-06,7.335e-06,0.007335,6.105e-06,6.105e-06,0.01961
8.410233,-0.3076,0.4248,-0.0005487,0.0002998,0.0002998,0.2998,0.0002991,0.0002991,0.3333
8.420233,-0.2148,0.376,-0.0005253,0.0004777,0.0004777,0.4777,0.0004774,0.0004774,0.4902
8.430234,-0.1465,0.3613,-0.0004962,0.0004732,0.0004732,0.4732,0.0004725,0.0004725,0.4902
8.440234,-0.07324,0.3271,-0.0004757,0.0002879,0.0002879,0.2879,0.0002869,0.0002869,0.2941
8.450233,0.004883,0.2979,-0.0004845,-7.341e-06,-7.341e-06,-0.007341,-8.547e-06,-8.547e-06,0.01961
8.460234,0.05371,0.2539,-0.0005633,-0.0002998,-0.0002998,-0.2998,-0.0003016,-0.0003016,-0.2941
8.470234,0.06836,0.1904,-0.0006567,-0.0004777,-0.0004777,-0.4777,-0.0004799,-0.0004799,-0.451
8.480234,0.08789,0.1416,-0.0007676,-0.0004732,-0.0004732,-0.4732,-0.000475,-0.000475,-0.451
8.490235,0.07324,0.06348,-0.0008376,-0.0002879,-0.0002879,-0.2879,-0.0002894,-0.0002894,-0.2549
8.500234,0.07812,0.0,-0.0008522,7.348e-06,7.348e-06,0.007348,6.105e-06,6.105e-06,0.01961
8.510234,0.06348,-0.04395,-0.0008085,0.0002998,0.0002998,0.2998,0.0002991,0.0002991,0.3333
8.520234,0.05859,-0.08301,-0.000718,0.0004778,0.0004778,0.4778,0.0004774,0.0004774,0.4902
8.530235,0.04883,-0.09766,-0.0006012,0.0004732,0.0004732,0.4732,0.0004725,0.0004725,0.4902
8.540235,0.0,-0.1123,-0.0005166,0.0002879,0.0002879,0.2879,0.0002869,0.0002869,0.2941
8.550234,-0.04395,-0.127,-0.0004699,-7.354e-06,-7.354e-06,-0.007354,-8.547e-06,-8.547e-06,0.01961
8.560233,-0.1074,-0.1611,-0.0004641,-0.0002998,-0.0002998,-0.2998,-0.0003016,-0.0003016,-0.2941
8.570234,-0.1904,-0.2148,-0.0004903,-0.0004778,-0.0004778,-0.4778,-0.0004799,-0.0004799,-0.451
8.580235,-0.2979,-0.2539,-0.0005429,-0.0004732,-0.0004732,-0.4732,-0.000475,-0.000475,-0.451
8.590235,-0.4248,-0.3174,-0.0005516,-0.0002879,-0.0002879,-0.2879,-0.0002894,-0.0002894,-0.2549
8.600234,-0.5615,-0.3613,-0.0005137,7.36e-06,7.36e-06,0.00736,6.105e-06,6.105e-06,0.01961
8.610233,-0.7031,-0.3906,-0.0004174,0.0002998,0.0002998,0.2998,0.0002991,0.0002991,0.3333
8.620234,-0.8545,-0.4004,-0.0002802,0.0004778,0.0004778,0.4778,0.0004774,0.0004774,0.4902
8.630234,-1.001,-0.415,-0.0001051,0.0004732,0.0004732,0.4732,0.0004725,0.0004725,0.4902
8.640233,-1.187,-0.4199,3.21e-05,0.0002879,0.0002879,0.2879,0.0002869,0.0002869,0.2941
8.650233,-1.382,-0.415,0.0001226,-7.336e-06,-7.336e-06,-0.007336,-8.547e-06,-8.547e-06,0.01961
8.660234,-1.597,-0.4443,0.0001751,-0.0002998,-0.0002998,-0.2998,-0.0003016,-0.0003016,-0.2941
8.670234,-1.836,-0.5029,0.0001985,-0.0004777,-0.0004777,-0.4777,-0.0004799,-0.0004799,-0.451
8.680234,-2.07,-0.5322,0.0001897,-0.0004732,-0.0004732,-0.4732,-0.000475,-0.000475,-0.451
8.690233,-2.3,-0.5859,0.000216,-0.0002879,-0.0002879,-0.2879,-0.0002894,-0.0002894,-0.2549
8.700233,-2.495,-0.6201,0.0003006,7.342e-06,7.342e-06,0.007342,6.105e-06,6.105e-06,0.01961
8.710234,-2.686,-0.6494,0.0004436,0.0002998,0.0002998,0.2998,0.0002991,0.0002991,0.3333
8.720234,-2.847,-0.6445,0.0006071,0.0004777,0.0004777,0.4777,0.0004774,0.0004774,0.4902
8.730234,-2.979,-0.6592,0.0008318,0.0004732,0.0004732,0.4732,0.0004725,0.0004725,0.4902
8.740234,-3.14,-0.6494,0.001001,0.0002879,0.0002879,0.2879,0.0002869,0.0002869,0.2941
8.750234,-3.257,-0.6299,0.001121,-7.348e-06,-7.348e-06,-0.007348,-8.547e-06,-8.547e-06,0.01961
8.760233,-3.398,-0.6299,0.001194,-0.0002998,-0.0002998,-0.2998,-0.0003016,-0.0003016,-0.2941
8.770234,-3.535,-0.6543,0.001235,-0.0004778,-0.0004778,-0.4778,-0.0004799,-0.0004799,-0.451
8.780234,-3.652,-0.6592,0.001252,-0.0004732,-0.0004732,-0.4732,-0.000475,-0.000475,-0.451
8.790234,-3.789,-0.6934,0.00131,-0.0002879,-0.0002879,-0.2879,-0.0002894,-0.0002894,-0.2549
8.800234,-3.887,-0.6885,0.001401,7.354e-06,7.354e-06,0.007354,6.105e-06,6.105e-06,0.01961
8.810234,-3.97,-0.6836,0.001544,0.0002998,0.0002998,0.2998,0.0002991,0.0002991,0.3333
8.820234,-4.033,-0.6592,0.001731,0.0004778,0.0004778,0.4778,0.0004774,0.0004774,0.4902
8.830234,-4.077,-0.5957,0.001903,0.0004732,0.0004732,0.4732,0.0004725,0.0004725,0.4902
8.840233,-4.121,-0.542,0.002058,0.0002879,0.0002879,0.2879,0.0002869,0.0002869,0.2941
8.850234,-4.136,-0.5127,0.00218,-7.36e-06,-7.36e-06,-0.00736,-8.547e-06,-8.547e-06,0.01961
8.860233,-4.165,-0.4639,0.002224,-0.0002998,-0.0002998,-0.2998,-0.0003016,-0.0003016,-0.2941
8.870234,-4.199,-0.4443,0.00223,-0.0004777,-0.0004777,-0.4777,-0.0004799,-0.0004799,-0.451
8.880234,-4.229,-0.4053,0.002204,-0.0004732,-0.0004732,-0.4732,-0.000475,-0.000475,-0.451
8.890234,-4.224,-0.4053,0.002224,-0.0002879,-0.0002879,-0.2879,-0.0002894,-0.0002894,-0.2549
8.900235,-4.229,-0.3564,0.002256,7.396e-06,7.396e-06,0.007396,6.105e-06,6.105e-06,0.01961
8.910233,-4.209,-0.3125,0.002332,0.0002998,0.0002998,0.2998,0.0002991,0.0002991,0.3333
8.920234,-4.165,-0.2539,0.002449,0.0004777,0.0004777,0.4777,0.0004774,0.0004774,0.4902
8.930236,-4.106,-0.1611,0.002563,0.0004732,0.0004732,0.4732,0.0004725,0.0004725,0.4902
8.940233,-4.033,-0.08789,0.002644,0.0002879,0.0002879,0.2879,0.0002869,0.0002869,0.2941
8.950233,-3.955,-0.004883,0.002676,-7.342e-06,-7.342e-06,-0.007342,-8.547e-06,-8.547e-06,0.01961
8.960234,-3.882,0.03418,0.002656,-0.0002998,-0.0002998,-0.2998,-0.0003016,-0.0003016,-0.2941
8.970234,-3.818,0.07812,0.00258,-0.0004777,-0.0004777,-0.4778,-0.0004799,-0.0004799,-0.451
8.980234,-3.745,0.1318,0.002469,-0.0004732,-0.0004732,-0.4732,-0.000475,-0.000475,-0.451
8.990234,-3.667,0.1562,0.002379,-0.0002879,-0.0002879,-0.2879,-0.0002894,-0.0002894,-0.2549
9.000235,-3.574,0.2051,0.002323,7.378e-06,7.378e-06,0.007378,6.105e-06,6.105e-06,0.01961
9.010234,-3.472,0.2588,0.002306,0.0002998,0.0002998,0.2998,0.0002991,0.0002991,0.3333
9.020233,-3.364,0.332,0.002323,0.0004777,0.0004777,0.4777,0.0004774,0.0004774,0.4902
9.030234,-3.223,0.4004,0.002358,0.0004732,0.0004732,0.4732,0.0004725,0.0004725,0.4902
9.040234,-3.091,0.4639,0.002358,0.0002879,0.0002879,0.2879,0.0002869,0.0002869,0.2941
9.050234,-2.949,0.5225,0.002306,-7.354e-06,-7.354e-06,-0.007354,-8.547e-06,-8.547e-06,0.01961
9.060234,-2.837,0.5811,0.00218,-0.0002998,-0.0002998,-0.2998,-0.0003016,-0.0003016,-0.2941
9.070234,-2.725,0.5957,0.00202,-0.0004778,-0.0004778,-0.4778,-0.0004799,-0.0004799,-0.451
9.080235,-2.627,0.6104,0.001842,-0.0004732,-0.0004732,-0.4732,-0.000475,-0.000475,-0.451
9.090234,-2.534,0.625,0.001664,-0.0002879,-0.0002879,-0.2879,-0.0002894,-0.0002894,-0.2549
9.100234,-2.422,0.6396,0.001538,7.36e-06,7.36e-06,0.00736,6.105e-06,6.105e-06,0.01961
9.110234,-2.314,0.6689,0.001456,0.0002998,0.0002998,0.2998,0.0002991,0.0002991,0.3333
9.120234,-2.202,0.6787,0.001436,0.0004778,0.0004778,0.4778,0.0004774,0.0004774,0.4902
9.130234,-2.08,0.7324,0.001395,0.0004732,0.0004732,0.4732,0.0004725,0.0004725,0.4902
9.140234,-1.963,0.7471,0.001348,0.0002879,0.0002879,0.2879,0.0002869,0.0002869,0.2941
9.150234,-1.86,0.7715,0.001255,-7.366e-06,-7.366e-06,-0.007366,-8.547e-06,-8.547e-06,0.01961
9.160234,-1.777,0.7666,0.001103,-0.0002998,-0.0002998,-0.2998,-0.0003016,-0.0003016,-0.2941
9.170234,-1.724,0.7422,0.0009194,-0.0004777,-0.0004777,-0.4777,-0.0004799,-0.0004799,-0.451
9.180235,-1.66,0.7227,0.0007063,-0.0004732,-0.0004732,-0.4732,-0.000475,-0.000475,-0.451
9.190233,-1.626,0.6738,0.0005341,-0.0002879,-0.0002879,-0.2879,-0.0002894,-0.0002894,-0.2549
9.200233,-1.577,0.6396,0.0004086,7.342e-06,7.342e-06,0.007342,6.105e-06,6.105e-06,0.01961
9.210233,-1.533,0.6006,0.0003502,0.0002998,0.0002998,0.2998,0.0002991,0.0002991,0.3333
9.220233,-1.479,0.5811,0.000324,0.0004777,0.0004777,0.4777,0.0004774,0.0004774,0.4902
9.230234,-1.426,0.5908,0.0003094,0.0004732,0.0004732,0.4732,0.0004725,0.0004725,0.4902
9.240234,-1.372,0.5615,0.0002948,0.0002879,0.0002879,0.2879,0.0002869,0.0002869,0.2941
9.250234,-1.328,0.5273,0.0002481,-7.348e-06,-7.348e-06,-0.007348,-8.547e-06,-8.547e-06,0.01961
9.260234,-1.309,0.4883,0.0001459,-0.0002998,-0.0002998,-0.2998,-0.0003016,-0.0003016,-0.2941
9.270233,-1.313,0.4395,-2.919e-06,-0.0004777,-0.0004777,-0.4777,-0.0004799,-0.0004799,-0.451
9.280233,-1.333,0.3711,-0.0001547,-0.0004732,-0.0004732,-0.4732,-0.000475,-0.000475,-0.451
9.290234,-1.372,0.2783,-0.000251,-0.0002879,-0.0002879,-0.2879,-0.0002894,-0.0002894,-0.2549
9.300233,-1.416,0.2051,-0.0003006,7.324e-06,7.324e-06,0.007324,6.105e-06,6.105e-06,0.01961
9.310235,-1.475,0.1514,-0.0002919,0.0002998,0.0002998,0.2998,0.0002991,0.0002991,0.3333
9.320233,-1.533,0.09766,-0.0002335,0.0004777,0.0004777,0.4777,0.0004774,0.0004774,0.4902
9.330234,-1.597,0.06836,-0.0001518,0.0004732,0.0004732,0.4732,0.0004725,0.0004725,0.4902
9.340235,-1.689,0.02441,-7.88e-05,0.0002879,0.0002879,0.2879,0.0002869,0.0002869,0.2941
9.350234,-1.797,-0.009766,-6.713e-05,-7.36e-06,-7.36e-06,-0.00736,-8.547e-06,-8.547e-06,0.01961
9.360234,-1.909,-0.06348,-7.88e-05,-0.0002998,-0.0002998,-0.2998,-0.0003016,-0.0003016,-0.2941
9.370234,-2.046,-0.1465,-0.0001197,-0.0004777,-0.0004777,-0.4777,-0.0004799,-0.0004799,-0.451
9.380234,-2.183,-0.2197,-0.0001722,-0.0004732,-0.0004732,-0.4732,-0.000475,-0.000475,-0.451
9.390235,-2.334,-0.3076,-0.000181,-0.0002879,-0.0002879,-0.2879,-0.0002894,-0.0002894,-0.2549
9.400234,-2.471,-0.3809,-0.0001372,7.366e-06,7.366e-06,0.007366,6.105e-06,6.105e-06,0.01961
9.410234,-2.612,-0.4443,-3.21e-05,0.0002998,0.0002998,0.2998,0.0002991,0.0002991,0.3333
9.420233,-2.744,-0.4834,0.0001197,0.0004777,0.0004777,0.4777,0.0004774,0.0004774,0.4902
9.430235,-2.856,-0.5078,0.0002977,0.0004732,0.0004732,0.4732,0.0004725,0.0004725,0.4902
9.440233,-2.983,-0.542,0.0004611,0.0002879,0.0002879,0.2879,0.0002869,0.0002869,0.2941
9.450233,-3.11,-0.5615,0.0005779,-7.342e-06,-7.342e-06,-0.007342,-8.547e-06,-8.547e-06,0.01961
9.460235,-3.247,-0.5908,0.0006392,-0.0002998,-0.0002998,-0.2998,-0.0003016,-0.0003016,-0.2941
9.470234,-3.413,-0.6396,0.0006771,-0.0004778,-0.0004778,-0.4778,-0.0004799,-0.0004799,-0.451
9.480234,-3.53,-0.6836,0.0007121,-0.0004732,-0.0004732,-0.4732,-0.000475,-0.000475,-0.451
9.490234,-3.682,-0.7422,0.0007705,-0.0002879,-0.0002879,-0.2879,-0.0002894,-0.0002894,-0.2549
9.500234,-3.813,-0.7666,0.0008697,7.348e-06,7.348e-06,0.007348,6.105e-06,6.105e-06,0.01961
9.510234,-3.936,-0.7861,0.001033,0.0002998,0.0002998,0.2998,0.0002991,0.0002991,0.3333
9.520233,-4.033,-0.7861,0.001235,0.0004777,0.0004777,0.4777,0.0004774,0.0004774,0.4902
9.530235,-4.102,-0.7764,0.001462,0.0004732,0.0004732,0.4732,0.0004725,0.0004725,0.4902
9.540234,-4.18,-0.7471,0.001646,0.0002879,0.0002879,0.2879,0.0002869,0.0002869,0.2941
9.550234,-4.263,-0.7178,0.001798,-7.354e-06,-7.354e-06,-0.007354,-8.547e-06,-8.547e-06,0.01961
9.560234,-4.326,-0.708,0.001888,-0.0002998,-0.0002998,-0.2998,-0.0003016,-0.0003016,-0.2941
9.570234,-4.409,-0.6934,0.001926,-0.0004778,-0.0004778,-0.4778,-0.0004799,-0.0004799,-0.451
9.580235,-4.487,-0.6885,0.001961,-0.0004732,-0.0004732,-0.4732,-0.000475,-0.000475,-0.451
9.590235,-4.551,-0.6787,0.002002,-0.0002879,-0.0002879,-0.2879,-0.0002894,-0.0002894,-0.2549
9.600234,-4.58,-0.6592,0.002087,7.36e-06,7.36e-06,0.00736,6.105e-06,6.105e-06,0.01961
9.610234,-4.609,-0.6152,0.002218,0.0002998,0.0002998,0.2998,0.0002991,0.0002991,0.3333
9.620234,-4.6,-0.5713,0.002393,0.0004777,0.0004777,0.4777,0.0004774,0.0004774,0.4902
9.630235,-4.575,-0.5029,0.002571,0.0004732,0.0004732,0.4732,0.0004725,0.0004725,0.4902
9.640234,-4.546,-0.4297,0.002711,0.0002879,0.0002879,0.2879,0.0002869,0.0002869,0.2941
9.650233,-4.507,-0.3516,0.002796,-7.337e-06,-7.337e-06,-0.007337,-8.547e-06,-8.547e-06,0.01961
9.660233,-4.468,-0.2881,0.002814,-0.0002998,-0.0002998,-0.2998,-0.0003016,-0.0003016,-0.2941
9.670234,-4.434,-0.2344,0.002776,-0.0004777,-0.0004777,-0.4777,-0.0004799,-0.0004799,-0.451
9.680233,-4.39,-0.1807,0.002717,-0.0004732,-0.0004732,-0.4732,-0.000475,-0.000475,-0.451
9.690233,-4.341,-0.1416,0.002679,-0.0002879,-0.0002879,-0.2879,-0.0002894,-0.0002894,-0.2549
9.700233,-4.263,-0.08789,0.002676,7.343e-06,7.343e-06,0.007343,6.105e-06,6.105e-06,0.01961
9.710233,-4.17,-0.01953,0.002714,0.0002998,0.0002998,0.2998,0.0002991,0.0002991,0.3333
9.720235,-4.062,0.05859,0.002781,0.0004778,0.0004778,0.4778,0.0004774,0.0004774,0.4902
9.730235,-3.911,0.1465,0.002851,0.0004732,0.0004732,0.4732,0.0004725,0.0004725,0.4902
9.740234,-3.799,0.2393,0.002892,0.0002879,0.0002879,0.2879,0.0002869,0.0002869,0.2941
9.750234,-3.657,0.3174,0.002863,-7.349e-06,-7.349e-06,-0.007349,-8.547e-06,-8.547e-06,0.01961
9.760234,-3.535,0.3906,0.00277,-0.0002998,-0.0002998,-0.2998,-0.0003016,-0.0003016,-0.2941
9.770233,-3.408,0.4492,0.002624,-0.0004777,-0.0004777,-0.4777,-0.0004799,-0.0004799,-0.451
9.780234,-3.276,0.4883,0.002466,-0.0004732,-0.0004732,-0.4732,-0.000475,-0.000475,-0.451
9.790234,-3.169,0.5273,0.002306,-0.0002879,-0.0002879,-0.2879,-0.0002894,-0.0002894,-0.2549
9.800235,-3.022,0.5762,0.002195,7.385e-06,7.385e-06,0.007385,6.105e-06,6.105e-06,0.01961
9.810233,-2.881,0.6055,0.002139,0.0002998,0.0002998,0.2998,0.0002991,0.0002991,0.3333
9.820233,-2.725,0.6689,0.002104,0.0004777,0.0004777,0.4777,0.0004774,0.0004774,0.4902
9.830235,-2.554,0.7324,0.002081,0.0004732,0.0004732,0.4732,0.0004725,0.0004725,0.4902
9.840234,-2.407,0.7861,0.002026,0.0002879,0.0002879,0.2879,0.0002869,0.0002869,0.2941
9.850234,-2.251,0.8447,0.001909,-7.361e-06,-7.361e-06,-0.007361,-8.547e-06,-8.547e-06,0.01961
9.860233,-2.124,0.874,0.001739,-0.0002998,-0.0002998,-0.2998,-0.0003016,-0.0003016,-0.2941
9.870234,-1.997,0.8838,0.001526,-0.0004777,-0.0004777,-0.4777,-0.0004799,-0.0004799,-0.451
9.880234,-1.89,0.8838,0.001299,-0.0004732,-0.0004732,-0.4732,-0.000475,-0.000475,-0.451
9.890235,-1.792,0.8545,0.001106,-0.0002879,-0.0002879,-0.2879,-0.0002894,-0.0002894,-0.2549
9.900234,-1.694,0.8545,0.000934,7.367e-06,7.367e-06,0.007367,6.105e-06,6.105e-06,0.01961
9.910234,-1.592,0.8398,0.0008318,0.0002998,0.0002998,0.2998,0.0002991,0.0002991,0.3333
9.920233,-1.489,0.8447,0.0007705,0.0004777,0.0004777,0.4777,0.0004774,0.0004774,0.4902
9.930234,-1.348,0.8643,0.0007092,0.0004732,0.0004732,0.4732,0.0004725,0.0004725,0.4902
9.940233,-1.226,0.8545,0.0006479,0.0002879,0.0002879,0.2879,0.0002869,0.0002869,0.2941
9.950233,-1.089,0.8447,0.0005458,-7.343e-06,-7.343e-06,-0.007343,-8.547e-06,-8.547e-06,0.01961
9.960239,-0.9717,0.8154,0.0003882,-0.0003,-0.0003,-0.3,-0.0003016,-0.0003016,-0.2941
9.970234,-0.8545,0.7764,0.0001868,-0.0004778,-0.0004778,-0.4778,-0.0004799,-0.0004799,-0.451
9.980234,-0.7422,0.7178,-2.919e-06,-0.0004732,-0.0004732,-0.4732,-0.000475,-0.000475,-0.451
9.990233,-0.6592,0.6396,-0.0001693,-0.0002879,-0.0002879,-0.2879,-0.0002894,-0.0002894,-0.2549
10.000234,-0.5713,0.6006,-0.0002977,7.349e-06,7.349e-06,0.007349,6.105e-06,6.105e-06,0.01961
10.010233,-0.4785,0.5566,-0.000359,0.0002998,0.0002998,0.2998,0.0002991,0.0002991,0.3333
10.020233,-0.3662,0.5176,-0.0003648,0.0004777,0.0004777,0.4777,0.0004774,0.0004774,0.4902
10.030233,-0.249,0.5029,-0.0003561,0.0004732,0.0004732,0.4732,0.0004725,0.0004725,0.4902
10.040234,-0.1611,0.4785,-0.0003648,0.0002879,0.0002879,0.2879,0.0002869,0.0002869,0.2941
10.050234,-0.05371,0.4492,-0.0004028,-7.355e-06,-7.355e-06,-0.007355,-8.547e-06,-8.547e-06,0.01961
10.060237,0.01953,0.3955,-0.0004845,-0.0002999,-0.0002999,-0.2999,-0.0003016,-0.0003016,-0.2941
10.070234,0.09277,0.3271,-0.0006012,-0.0004778,-0.0004778,-0.4778,-0.0004799,-0.0004799,-0.451
10.080235,0.1367,0.2686,-0.0007296,-0.0004732,-0.0004732,-0.4732,-0.000475,-0.000475,-0.451
10.090235,0.1709,0.1855,-0.0008143,-0.0002879,-0.0002879,-0.2879,-0.0002894,-0.0002894,-0.2549
10.100234,0.2002,0.1416,-0.0008727,7.361e-06,7.361e-06,0.007361,6.105e-06,6.105e-06,0.01961
10.110234,0.2295,0.08789,-0.0008493,0.0002998,0.0002998,0.2998,0.0002991,0.0002991,0.3333
10.120234,0.249,0.05859,-0.0007851,0.0004778,0.0004778,0.4778,0.0004774,0.0004774,0.4902
10.130234,0.2881,0.03906,-0.0006946,0.0004732,0.0004732,0.4732,0.0004725,0.0004725,0.4902
10.140234,0.3027,0.01465,-0.0006246,0.0002879,0.0002879,0.2879,0.0002869,0.0002869,0.2941
10.150233,0.3174,0.0,-0.0005983,-7.337e-06,-7.337e-06,-0.007337,-8.547e-06,-8.547e-06,0.01961
10.160233,0.3027,-0.04395,-0.0006071,-0.0002998,-0.0002998,-0.2998,-0.0003016,-0.0003016,-0.2941
10.170234,0.2686,-0.09277,-0.0006567,-0.0004777,-0.0004777,-0.4777,-0.0004799,-0.0004799,-0.451
10.180234,0.2197,-0.1367,-0.000718,-0.0004732,-0.0004732,-0.4732,-0.000475,-0.000475,-0.451
10.190234,0.1514,-0.2002,-0.000753,-0.0002879,-0.0002879,-0.2879,-0.0002894,-0.0002894,-0.2549
10.200233,0.09277,-0.2295,-0.0007413,7.343e-06,7.343e-06,0.007343,6.105e-06,6.105e-06,0.01961
10.210234,0.01953,-0.2686,-0.0006567,0.0002998,0.0002998,0.2998,0.0002991,0.0002991,0.3333
10.220235,-0.04883,-0.2832,-0.000537,0.0004778,0.0004778,0.4778,0.0004774,0.0004774,0.4902
10.230233,-0.1221,-0.2783,-0.0003969,0.0004732,0.0004732,0.4732,0.0004725,0.0004725,0.4902
10.240234,-0.2148,-0.293,-0.0002743,0.0002879,0.0002879,0.2879,0.0002869,0.0002869,0.2941
10.250234,-0.3027,-0.2979,-0.0001868,-7.349e-06,-7.349e-06,-0.007349,-8.547e-06,-8.547e-06,0.01961
10.260234,-0.4248,-0.3125,-0.000178,-0.0002998,-0.0002998,-0.2998,-0.0003016,-0.0003016,-0.2941
10.270234,-0.5713,-0.3467,-0.0001751,-0.0004778,-0.0004778,-0.4778,-0.0004799,-0.0004799,-0.451
10.280233,-0.7275,-0.3711,-0.0002014,-0.0004732,-0.0004732,-0.4732,-0.000475,-0.000475,-0.451
10.290234,-0.9131,-0.4199,-0.0001955,-0.0002879,-0.0002879,-0.2879,-0.0002894,-0.0002894,-0.2549
10.300235,-1.094,-0.4541,-0.0001401,7.385e-06,7.385e-06,0.007385,6.105e-06,6.105e-06,0.01961
10.310234,-1.299,-0.4736,-3.502e-05,0.0002998,0.0002998,0.2998,0.0002991,0.0002991,0.3333
10.320233,-1.504,-0.4834,0.0001226,0.0004777,0.0004777,0.4777,0.0004774,0.0004774,0.4902
10.330234,-1.704,-0.4736,0.0002889,0.0004732,0.0004732,0.4732,0.0004725,0.0004725,0.4902
10.340234,-1.914,-0.4736,0.0004349,0.0002879,0.0002879,0.2879,0.0002869,0.0002869,0.2941
10.350233,-2.119,-0.4688,0.0005458,-7.331e-06,-7.331e-06,-0.007331,-8.547e-06,-8.547e-06,0.01961
10.360234,-2.305,-0.4834,0.0005954,-0.0002998,-0.0002998,-0.2998,-0.0003016,-0.0003016,-0.2941
10.370234,-2.49,-0.5176,0.0006187,-0.0004778,-0.0004778,-0.4778,-0.0004799,-0.0004799,-0.451
10.380235,-2.666,-0.5469,0.0006187,-0.0004732,-0.0004732,-0.4732,-0.000475,-0.000475,-0.451
10.390234,-2.852,-0.5957,0.0006596,-0.0002879,-0.0002879,-0.2879,-0.0002894,-0.0002894,-0.2549
10.400233,-3.003,-0.6152,0.0007296,7.337e-06,7.337e-06,0.007337,6.105e-06,6.105e-06,0.01961
10.410233,-3.145,-0.625,0.0008668,0.0002998,0.0002998,0.2998,0.0002991,0.0002991,0.3333
10.420235,-3.271,-0.6152,0.001042,0.0004778,0.0004778,0.4778,0.0004774,0.0004774,0.4902
10.430235,-3.364,-0.5908,0.001229,0.0004732,0.0004732,0.4732,0.0004725,0.0004725,0.4902
10.440233,-3.457,-0.5664,0.001383,0.0002879,0.0002879,0.2879,0.0002869,0.0002869,0.2941
10.450233,-3.54,-0.5469,0.001506,-7.343e-06,-7.343e-06,-0.007343,-8.547e-06,-8.547e-06,0.01961
10.460235,-3.643,-0.5322,0.001561,-0.0002998,-0.0002998,-0.2998,-0.0003016,-0.0003016,-0.2941
10.470234,-3.735,-0.5371,0.001588,-0.0004778,-0.0004778,-0.4778,-0.0004799,-0.0004799,-0.451
10.480234,-3.823,-0.542,0.001594,-0.0004732,-0.0004732,-0.4732,-0.000475,-0.000475,-0.451
10.490234,-3.901,-0.5518,0.00162,-0.0002879,-0.0002879,-0.2879,-0.0002894,-0.0002894,-0.2549
10.500235,-3.95,-0.5322,0.001678,7.379e-06,7.379e-06,0.007379,6.105e-06,6.105e-06,0.01961
10.510233,-3.994,-0.5127,0.001804,0.0002998,0.0002998,0.2998,0.0002991,0.0002991,0.3333
10.520233,-4.019,-0.459,0.001941,0.0004777,0.0004777,0.4777,0.0004774,0.0004774,0.4902
10.530234,-4.019,-0.4053,0.002101,0.0004732,0.0004732,0.4732,0.0004725,0.0004725,0.4902
10.540234,-4.014,-0.3662,0.002244,0.0002879,0.0002879,0.2879,0.0002869,0.0002869,0.2941
10.550234,-4.004,-0.293,0.002309,-7.355e-06,-7.355e-06,-0.007355,-8.547e-06,-8.547e-06,0.01961
10.560235,-3.989,-0.2588,0.002329,-0.0002998,-0.0002998,-0.2998,-0.0003016,-0.0003016,-0.2941
10.570234,-3.989,-0.2344,0.002303,-0.0004778,-0.0004778,-0.4778,-0.0004799,-0.0004799,-0.451
10.580234,-3.984,-0.1953,0.002253,-0.0004732,-0.0004732,-0.4732,-0.000475,-0.000475,-0.451
10.590235,-3.965,-0.1807,0.002218,-0.0002879,-0.0002879,-0.2879,-0.0002894,-0.0002894,-0.2549
10.600234,-3.926,-0.1367,0.002206,7.361e-06,7.361e-06,0.007361,6.105e-06,6.105e-06,0.01961
10.610234,-3.882,-0.08789,0.002256,0.0002998,0.0002998,0.2998,0.0002991,0.0002991,0.3333
10.620234,-3.813,-0.03418,0.002341,0.0004777,0.0004777,0.4777,0.0004774,0.0004774,0.4902
10.630234,-3.726,0.04395,0.002422,0.0004732,0.0004732,0.4732,0.0004725,0.0004725,0.4902
10.640233,-3.633,0.1025,0.002487,0.0002879,0.0002879,0.2879,0.0002869,0.0002869,0.2941
10.650234,-3.535,0.1758,0.002484,-7.367e-06,-7.367e-06,-0.007367,-8.547e-06,-8.547e-06,0.01961
10.660233,-3.452,0.2295,0.002417,-0.0002998,-0.0002998,-0.2998,-0.0003016,-0.0003016,-0.2941
10.670233,-3.389,0.2686,0.002303,-0.0004777,-0.0004777,-0.4777,-0.0004799,-0.0004799,-0.451
10.680233,-3.296,0.293,0.002174,-0.0004732,-0.0004732,-0.4732,-0.000475,-0.000475,-0.451
10.690234,-3.237,0.3174,0.002052,-0.0002879,-0.0002879,-0.2879,-0.0002894,-0.0002894,-0.2549
10.700234,-3.125,0.3467,0.001979,7.373e-06,7.373e-06,0.007373,6.105e-06,6.105e-06,0.01961
10.710233,-3.037,0.3857,0.001944,0.0002998,0.0002998,0.2998,0.0002991,0.0002991,0.3333
10.720234,-2.925,0.4443,0.001944,0.0004778,0.0004778,0.4778,0.0004774,0.0004774,0.4902
10.730234,-2.798,0.4932,0.001961,0.0004732,0.0004732,0.4732,0.0004725,0.0004725,0.4902
10.740233,-2.69,0.5322,0.001958,0.0002879,0.0002879,0.2879,0.0002869,0.0002869,0.2941
10.750235,-2.554,0.5859,0.001888,-7.379e-06,-7.379e-06,-0.007379,-8.547e-06,-8.547e-06,0.01961
10.760234,-2.476,0.6152,0.001757,-0.0002998,-0.0002998,-0.2998,-0.0003016,-0.0003016,-0.2941
10.770233,-2.383,0.6152,0.001596,-0.0004777,-0.0004777,-0.4777,-0.0004799,-0.0004799,-0.451
10.780234,-2.305,0.6348,0.001392,-0.0004732,-0.0004732,-0.4732,-0.000475,-0.000475,-0.451
10.790235,-2.246,0.6201,0.001217,-0.0002879,-0.0002879,-0.2879,-0.0002894,-0.0002894,-0.2549
10.800235,-2.168,0.6152,0.001109,7.385e-06,7.385e-06,0.007385,6.105e-06,6.105e-06,0.01961
10.810234,-2.08,0.6006,0.001048,0.0002998,0.0002998,0.2998,0.0002991,0.0002991,0.3333
10.820233,-2.002,0.6152,0.001024,0.0004777,0.0004777,0.4777,0.0004774,0.0004774,0.4902
10.830234,-1.914,0.6348,0.001013,0.0004732,0.0004732,0.4732,0.0004725,0.0004725,0.4902
10.840234,-1.826,0.6201,0.001004,0.0002879,0.0002879,0.2879,0.0002869,0.0002869,0.2941
10.850234,-1.777,0.6396,0.0009135,-7.362e-06,-7.362e-06,-0.007362,-8.547e-06,-8.547e-06,0.01961
10.860234,-1.738,0.6299,0.0007734,-0.0002998,-0.0002998,-0.2998,-0.0003016,-0.0003016,-0.2941
10.870234,-1.709,0.5908,0.00061,-0.0004777,-0.0004777,-0.4777,-0.0004799,-0.0004799,-0.451
10.880234,-1.694,0.5469,0.0004349,-0.0004732,-0.0004732,-0.4732,-0.000475,-0.000475,-0.451
10.890234,-1.699,0.4736,0.0003035,-0.0002879,-0.0002879,-0.2879,-0.0002894,-0.0002894,-0.2549
10.900234,-1.699,0.4346,0.0002072,7.368e-06,7.368e-06,0.007368,6.105e-06,6.105e-06,0.01961
10.910234,-1.709,0.3955,0.0001751,0.0002998,0.0002998,0.2998,0.0002991,0.0002991,0.3333
10.920235,-1.699,0.3613,0.0001897,0.0004778,0.0004778,0.4778,0.0004774,0.0004774,0.4902
10.930235,-1.709,0.3516,0.0002218,0.0004732,0.0004732,0.4732,0.0004725,0.0004725,0.4902
10.940234,-1.724,0.3223,0.0002393,0.0002879,0.0002879,0.2879,0.0002869,0.0002869,0.2941
10.950234,-1.738,0.293,0.0002218,-7.374e-06,-7.374e-06,-0.007374,-8.547e-06,-8.547e-06,0.01961
10.960234,-1.792,0.2441,0.0001518,-0.0002998,-0.0002998,-0.2998,-0.0003016,-0.0003016,-0.2941
10.970233,-1.851,0.1758,5.837e-05,-0.0004777,-0.0004777,-0.4777,-0.0004799,-0.0004799,-0.451
10.980235,-1.929,0.1025,-3.502e-05,-0.0004732,-0.0004732,-0.4732,-0.000475,-0.000475,-0.451
10.990235,-2.036,0.0293,-0.0001226,-0.0002879,-0.0002879,-0.2879,-0.0002894,-0.0002894,-0.2549
11.000234,-2.109,-0.04395,-0.0001284,7.35e-06,7.35e-06,0.00735,6.105e-06,6.105e-06,0.01961
11.010234,-2.202,-0.1074,-7.296e-05,0.0002998,0.0002998,0.2998,0.0002991,0.0002991,0.3333
11.020234,-2.29,-0.1465,2.335e-05,0.0004778,0.0004778,0.4778,0.0004774,0.0004774,0.4902
11.030235,-2.368,-0.1758,0.0001459,0.0004732,0.0004732,0.4732,0.0004725,0.0004725,0.4902
11.040234,-2.461,-0.21,0.0002539,0.0002879,0.0002879,0.2879,0.0002869,0.0002869,0.2941
11.050234,-2.539,-0.2344,0.0003094,-7.356e-06,-7.356e-06,-0.007356,-8.547e-06,-8.547e-06,0.01961
11.060235,-2.656,-0.2881,0.0003415,-0.0002998,-0.0002998,-0.2998,-0.0003016,-0.0003016,-0.2941
11.070234,-2.778,-0.3613,0.0003386,-0.0004778,-0.0004778,-0.4778,-0.0004799,-0.0004799,-0.451
11.080235,-2.905,-0.4248,0.000324,-0.0004732,-0.0004732,-0.4732,-0.000475,-0.000475,-0.451
11.090233,-3.027,-0.5029,0.0003502,-0.0002879,-0.0002879,-0.2879,-0.0002894,-0.0002894,-0.2549
11.100233,-3.154,-0.5371,0.0004028,7.332e-06,7.332e-06,0.007332,6.105e-06,6.105e-06,0.01961
11.110235,-3.286,-0.5762,0.0005312,0.0002998,0.0002998,0.2998,0.0002991,0.0002991,0.3333
11.120233,-3.394,-0.5664,0.0006742,0.0004777,0.0004777,0.4777,0.0004774,0.0004774,0.4902
11.130235,-3.481,-0.5859,0.0008814,0.0004732,0.0004732,0.4732,0.0004725,0.0004725,0.4902
11.140235,-3.574,-0.5908,0.001051,0.0002879,0.0002879,0.2879,0.0002869,0.0002869,0.2941
11.150233,-3.657,-0.5957,0.001179,-7.338e-06,-7.338e-06,-0.007338,-8.547e-06,-8.547e-06,0.01961
11.160233,-3.76,-0.6152,0.001261,-0.0002998,-0.0002998,-0.2998,-0.0003016,-0.0003016,-0.2941
11.170234,-3.857,-0.6348,0.001299,-0.0004777,-0.0004777,-0.4777,-0.0004799,-0.0004799,-0.451
11.180234,-3.965,-0.6592,0.001319,-0.0004732,-0.0004732,-0.4732,-0.000475,-0.000475,-0.451
11.190234,-4.077,-0.6787,0.001363,-0.0002879,-0.0002879,-0.2879,-0.0002894,-0.0002894,-0.2549
11.200235,-4.141,-0.6787,0.001453,7.404e-06,7.404e-06,0.007404,6.105e-06,6.105e-06,0.01961
11.210235,-4.214,-0.6738,0.001594,0.0002998,0.0002998,0.2998,0.0002991,0.0002991,0.3333
11.220234,-4.258,-0.6445,0.001769,0.0004778,0.0004778,0.4778,0.0004774,0.0004774,0.4902
11.230234,-4.277,-0.5957,0.001953,0.0004732,0.0004732,0.4732,0.0004725,0.0004725,0.4902
11.240234,-4.321,-0.5518,0.002116,0.0002879,0.0002879,0.2879,0.0002869,0.0002869,0.2941
11.250234,-4.312,-0.5078,0.002241,-7.35e-06,-7.35e-06,-0.00735,-8.547e-06,-8.547e-06,0.01961
11.260234,-4.341,-0.4736,0.002294,-0.0002998,-0.0002998,-0.2998,-0.0003016,-0.0003016,-0.2941
11.270233,-4.355,-0.4395,0.002294,-0.0004777,-0.0004777,-0.4777,-0.0004799,-0.0004799,-0.451
11.280234,-4.37,-0.4199,0.002282,-0.0004732,-0.0004732,-0.4732,-0.000475,-0.000475,-0.451
11.290235,-4.38,-0.4053,0.002277,-0.0002879,-0.0002879,-0.2879,-0.0002894,-0.0002894,-0.2549
11.300234,-4.351,-0.3662,0.002317,7.356e-06,7.356e-06,0.007356,6.105e-06,6.105e-06,0.01961
11.310234,-4.331,-0.3223,0.002396,0.0002998,0.0002998,0.2998,0.0002991,0.0002991,0.3333
11.320234,-4.272,-0.2539,0.002513,0.0004778,0.0004778,0.4778,0.0004774,0.0004774,0.4902
11.330235,-4.194,-0.1807,0.002644,0.0004732,0.0004732,0.4732,0.0004725,0.0004725,0.4902
11.340234,-4.131,-0.09277,0.002717,0.0002879,0.0002879,0.2879,0.0002869,0.0002869,0.2941
11.350234,-4.048,-0.01953,0.002755,-7.362e-06,-7.362e-06,-0.007362,-8.547e-06,-8.547e-06,0.01961
11.360233,-3.975,0.04395,0.002723,-0.0002998,-0.0002998,-0.2998,-0.0003016,-0.0003016,-0.2941
11.370234,-3.892,0.09277,0.002641,-0.0004777,-0.0004777,-0.4777,-0.0004799,-0.0004799,-0.451
11.380235,-3.809,0.1465,0.002525,-0.0004732,-0.0004732,-0.4732,-0.000475,-0.000475,-0.451
11.390235,-3.74,0.1855,0.002431,-0.0002879,-0.0002879,-0.2879,-0.0002894,-0.0002894,-0.2549
11.400234,-3.613,0.2197,0.002376,7.368e-06,7.368e-06,0.007368,6.105e-06,6.105e-06,0.01961
11.410233,-3.521,0.2637,0.002373,0.0002998,0.0002998,0.2998,0.0002991,0.0002991,0.3333
11.420234,-3.389,0.3369,0.002393,0.0004777,0.0004777,0.4777,0.0004774,0.0004774,0.4902
11.430234,-3.247,0.4199,0.002417,0.0004732,0.0004732,0.4732,0.0004725,0.0004725,0.4902
11.440235,-3.11,0.4834,0.002414,0.0002879,0.0002879,0.2879,0.0002869,0.0002869,0.2941
11.450233,-2.979,0.5615,0.002341,-7.344e-06,-7.344e-06,-0.007344,-8.547e-06,-8.547e-06,0.01961
11.460234,-2.861,0.6006,0.002224,-0.0002998,-0.0002998,-0.2998,-0.0003016,-0.0003016,-0.2941
11.470235,-2.734,0.6299,0.002055,-0.0004778,-0.0004778,-0.4778,-0.0004799,-0.0004799,-0.451
11.480235,-2.627,0.6445,0.001865,-0.0004732,-0.0004732,-0.4732,-0.000475,-0.000475,-0.451
11.490234,-2.539,0.6592,0.001684,-0.0002879,-0.0002879,-0.2879,-0.0002894,-0.0002894,-0.2549
11.500234,-2.402,0.6641,0.00157,7.35e-06,7.35e-06,0.00735,6.105e-06,6.105e-06,0.01961
11.510233,-2.295,0.6738,0.001491,0.0002998,0.0002998,0.2998,0.0002991,0.0002991,0.3333
11.520234,-2.178,0.7178,0.001448,0.0004778,0.0004778,0.4778,0.0004774,0.0004774,0.4902
11.530235,-2.046,0.7617,0.001404,0.0004732,0.0004732,0.4732,0.0004725,0.0004725,0.4902
11.540234,-1.938,0.7812,0.00136,0.0002879,0.0002879,0.2879,0.0002869,0.0002869,0.2941
11.550235,-1.826,0.8154,0.001246,-7.386e-06,-7.386e-06,-0.007386,-8.547e-06,-8.547e-06,0.01961
11.560233,-1.738,0.8008,0.001092,-0.0002998,-0.0002998,-0.2998,-0.0003016,-0.0003016,-0.2941
11.570234,-1.665,0.7861,0.000896,-0.0004778,-0.0004778,-0.4778,-0.0004799,-0.0004799,-0.451
11.580234,-1.611,0.7422,0.0007034,-0.0004732,-0.0004732,-0.4732,-0.000475,-0.000475,-0.451
11.590234,-1.567,0.7031,0.0005195,-0.0002879,-0.0002879,-0.2879,-0.0002894,-0.0002894,-0.2549
11.600234,-1.489,0.6689,0.0003823,7.362e-06,7.362e-06,0.007362,6.105e-06,6.105e-06,0.01961
11.610235,-1.45,0.6348,0.0003152,0.0002998,0.0002998,0.2998,0.0002991,0.0002991,0.3333
11.620234,-1.377,0.6201,0.0002889,0.0004778,0.0004778,0.4778,0.0004774,0.0004774,0.4902
11.630234,-1.309,0.6104,0.0002743,0.0004732,0.0004732,0.4732,0.0004725,0.0004725,0.4902
11.640233,-1.25,0.6006,0.0002364,0.0002879,0.0002879,0.2879,0.0002869,0.0002869,0.2941
11.650233,-1.177,0.5615,0.0001955,-7.338e-06,-7.338e-06,-0.007338,-8.547e-06,-8.547e-06,0.01961
11.660233,-1.143,0.5176,8.172e-05,-0.0002998,-0.0002998,-0.2998,-0.0003016,-0.0003016,-0.2941
11.670234,-1.099,0.4541,-5.545e-05,-0.0004777,-0.0004777,-0.4777,-0.0004799,-0.0004799,-0.451
11.680233,-1.133,0.3906,-0.0002072,-0.0004732,-0.0004732,-0.4732,-0.000475,-0.000475,-0.451
11.690234,-1.138,0.3076,-0.000321,-0.0002879,-0.0002879,-0.2879,-0.0002894,-0.0002894,-0.2549
11.700233,-1.177,0.2588,-0.0003882,7.344e-06,7.344e-06,0.007344,6.105e-06,6.105e-06,0.01961
11.710235,-1.206,0.1855,-0.0003765,0.0002998,0.0002998,0.2998,0.0002991,0.0002991,0.3333
11.720235,-1.24,0.1465,-0.0003327,0.0004778,0.0004778,0.4778,0.0004774,0.0004774,0.4902
11.730233,-1.279,0.1172,-0.0002568,0.0004732,0.0004732,0.4732,0.0004725,0.0004725,0.4902
11.740234,-1.348,0.06348,-0.0001839,0.0002879,0.0002879,0.2879,0.0002869,0.0002869,0.2941
11.750234,-1.421,0.02441,-0.0001547,-7.35e-06,-7.35e-06,-0.00735,-8.547e-06,-8.547e-06,0.01961
11.760234,-1.543,-0.0293,-0.0001839,-0.0002998,-0.0002998,-0.2998,-0.0003016,-0.0003016,-0.2941
11.770234,-1.68,-0.1025,-0.0002364,-0.0004778,-0.0004778,-0.4778,-0.0004799,-0.0004799,-0.451
11.780233,-1.841,-0.1855,-0.0002773,-0.0004732,-0.0004732,-0.4732,-0.000475,-0.000475,-0.451
11.790235,-2.021,-0.2734,-0.0003035,-0.0002879,-0.0002879,-0.2879,-0.0002894,-0.0002894,-0.2549
11.800234,-2.163,-0.3369,-0.0002802,7.356e-06,7.356e-06,0.007356,6.105e-06,6.105e-06,0.01961
11.810234,-2.329,-0.3955,-0.0001839,0.0002998,0.0002998,0.2998,0.0002991,0.0002991,0.3333
11.820234,-2.461,-0.4395,-3.794e-05,0.0004778,0.0004778,0.4778,0.0004774,0.0004774,0.4902
11.830235,-2.593,-0.4736,0.0001343,0.0004732,0.0004732,0.4732,0.0004725,0.0004725,0.4902
11.840234,-2.744,-0.5078,0.0002831,0.0002879,0.0002879,0.2879,0.0002869,0.0002869,0.2941
11.850234,-2.871,-0.5371,0.0004115,-7.362e-06,-7.362e-06,-0.007362,-8.547e-06,-8.547e-06,0.01961
11.860233,-3.027,-0.5811,0.0004757,-0.0002998,-0.0002998,-0.2998,-0.0003016,-0.0003016,-0.2941
11.870234,-3.184,-0.6299,0.0005137,-0.0004777,-0.0004777,-0.4777,-0.0004799,-0.0004799,-0.451
11.880235,-3.359,-0.6836,0.0005429,-0.0004732,-0.0004732,-0.4732,-0.000475,-0.000475,-0.451
11.890233,-3.501,-0.7471,0.0005896,-0.0002879,-0.0002879,-0.2879,-0.0002894,-0.0002894,-0.2549
11.900233,-3.643,-0.7764,0.0006975,7.338e-06,7.338e-06,0.007338,6.105e-06,6.105e-06,0.01961
11.910233,-3.789,-0.8057,0.000861,0.0002998,0.0002998,0.2998,0.0002991,0.0002991,0.3333
11.920234,-3.896,-0.8057,0.001071,0.0004777,0.0004777,0.4777,0.0004774,0.0004774,0.4902
11.930235,-3.989,-0.7861,0.001284,0.0004732,0.0004732,0.4732,0.0004725,0.0004725,0.4902
11.940235,-4.082,-0.791,0.001503,0.0002879,0.0002879,0.2879,0.0002869,0.0002869,0.2941
11.950234,-4.165,-0.7666,0.001658,-7.374e-06,-7.374e-06,-0.007374,-8.547e-06,-8.547e-06,0.01961
11.960235,-4.277,-0.7568,0.001745,-0.0002998,-0.0002998,-0.2998,-0.0003016,-0.0003016,-0.2941
11.970233,-4.365,-0.7373,0.001786,-0.0004777,-0.0004777,-0.4777,-0.0004799,-0.0004799,-0.451
11.980234,-4.443,-0.7422,0.001833,-0.0004732,-0.0004732,-0.4732,-0.000475,-0.000475,-0.451
11.990233,-4.517,-0.752,0.001891,-0.0002879,-0.0002879,-0.2879,-0.0002894,-0.0002894,-0.2549
12.000234,-4.575,-0.7227,0.001982,7.351e-06,7.351e-06,0.007351,6.105e-06,6.105e-06,0.01961
12.010235,-4.619,-0.7031,0.002136,0.0002998,0.0002998,0.2998,0.0002991,0.0002991,0.3333
12.020235,-4.634,-0.6396,0.002306,0.0004778,0.0004778,0.4778,0.0004774,0.0004774,0.4902
12.030234,-4.624,-0.5811,0.002501,0.0004732,0.0004732,0.4732,0.0004725,0.0004725,0.4902
12.040234,-4.609,-0.5078,0.002653,0.0002879,0.0002879,0.2879,0.0002869,0.0002869,0.2941
12.050234,-4.575,-0.4395,0.002755,-7.357e-06,-7.357e-06,-0.007357,-8.547e-06,-8.547e-06,0.01961
12.060233,-4.565,-0.3711,0.002784,-0.0002998,-0.0002998,-0.2998,-0.0003016,-0.0003016,-0.2941
12.070233,-4.536,-0.3174,0.002764,-0.0004777,-0.0004777,-0.4777,-0.0004799,-0.0004799,-0.451
12.080234,-4.502,-0.2734,0.002726,-0.0004732,-0.0004732,-0.4732,-0.000475,-0.000475,-0.451
12.090235,-4.448,-0.2344,0.002697,-0.0002879,-0.0002879,-0.2879,-0.0002894,-0.0002894,-0.2549
12.100235,-4.385,-0.1807,0.00272,7.393e-06,7.393e-06,0.007393,6.105e-06,6.105e-06,0.01961
12.110234,-4.316,-0.1221,0.002776,0.0002998,0.0002998,0.2998,0.0002991,0.0002991,0.3333
12.120234,-4.214,-0.0293,0.002846,0.0004778,0.0004778,0.4778,0.0004774,0.0004774,0.4902
12.130234,-4.102,0.06836,0.002924,0.0004732,0.0004732,0.4732,0.0004725,0.0004725,0.4902
12.140234,-3.979,0.1562,0.002965,0.0002879,0.0002879,0.2879,0.0002869,0.0002869,0.2941
12.150233,-3.838,0.2637,0.002945,-7.339e-06,-7.339e-06,-0.007339,-8.547e-06,-8.547e-06,0.01961
12.160234,-3.706,0.3125,0.002886,-0.0002998,-0.0002998,-0.2998,-0.0003016,-0.0003016,-0.2941
12.170235,-3.579,0.376,0.002752,-0.0004778,-0.0004778,-0.4778,-0.0004799,-0.0004799,-0.451
12.180235,-3.457,0.4199,0.002606,-0.0004732,-0.0004732,-0.4732,-0.000475,-0.000475,-0.451
12.190234,-3.345,0.4639,0.002452,-0.0002879,-0.0002879,-0.2879,-0.0002894,-0.0002894,-0.2549
12.200234,-3.203,0.5225,0.002349,7.375e-06,7.375e-06,0.007375,6.105e-06,6.105e-06,0.01961
12.210235,-3.066,0.5615,0.0023,0.0002998,0.0002998,0.2998,0.0002991,0.0002991,0.3333
12.220234,-2.9,0.6299,0.002268,0.0004778,0.0004778,0.4778,0.0004774,0.0004774,0.4902
12.230234,-2.729,0.7129,0.002241,0.0004732,0.0004732,0.4732,0.0004725,0.0004725,0.4902
12.240234,-2.568,0.7666,0.002195,0.0002879,0.0002879,0.2879,0.0002869,0.0002869,0.2941
12.250234,-2.402,0.8301,0.00209,-7.351e-06,-7.351e-06,-0.007351,-8.547e-06,-8.547e-06,0.01961
12.260234,-2.266,0.8643,0.001923,-0.0002998,-0.0002998,-0.2998,-0.0003016,-0.0003016,-0.2941
12.270233,-2.134,0.8838,0.001707,-0.0004777,-0.0004777,-0.4777,-0.0004799,-0.0004799,-0.451
12.280234,-2.017,0.8936,0.001471,-0.0004732,-0.0004732,-0.4732,-0.000475,-0.000475,-0.451
12.290235,-1.904,0.8789,0.00127,-0.0002879,-0.0002879,-0.2879,-0.0002894,-0.0002894,-0.2549
12.300233,-1.787,0.8789,0.0011,7.327e-06,7.327e-06,0.007327,6.105e-06,6.105e-06,0.01961
12.310233,-1.675,0.874,0.0009982,0.0002998,0.0002998,0.2998,0.0002991,0.0002991,0.3333
12.320233,-1.562,0.8838,0.0009252,0.0004777,0.0004777,0.4777,0.0004774,0.0004774,0.4902
12.330234,-1.416,0.9033,0.0008756,0.0004732,0.0004732,0.4732,0.0004725,0.0004725,0.4902
12.340234,-1.279,0.9033,0.0007968,0.0002879,0.0002879,0.2879,0.0002869,0.0002869,0.2941
12.350234,-1.133,0.9082,0.0006771,-7.363e-06,-7.363e-06,-0.007363,-8.547e-06,-8.547e-06,0.01961
12.360233,-1.011,0.8838,0.0005137,-0.0002998,-0.0002998,-0.2998,-0.0003016,-0.0003016,-0.2941
12.370234,-0.8838,0.8447,0.0003035,-0.0004778,-0.0004778,-0.4778,-0.0004799,-0.0004799,-0.451
12.380235,-0.7666,0.7959,9.048e-05,-0.0004732,-0.0004732,-0.4732,-0.000475,-0.000475,-0.451
12.390234,-0.6494,0.7373,-9.631e-05,-0.0002879,-0.0002879,-0.2879,-0.0002894,-0.0002894,-0.2549
12.400235,-0.5273,0.6885,-0.0002277,7.399e-06,7.399e-06,0.007399,6.105e-06,6.105e-06,0.01961
12.410233,-0.415,0.6396,-0.0003006,0.0002998,0.0002998,0.2998,0.0002991,0.0002991,0.3333
12.420234,-0.2783,0.6006,-0.0003123,0.0004777,0.0004777,0.4777,0.0004774,0.0004774,0.4902
12.430233,-0.1367,0.5859,-0.0003181,0.0004732,0.0004732,0.4732,0.0004725,0.0004725,0.4902
12.440233,-0.009766,0.5615,-0.0003356,0.0002879,0.0002879,0.2879,0.0002869,0.0002869,0.2941
12.450233,0.1221,0.5322,-0.000394,-7.345e-06,-7.345e-06,-0.007345,-8.547e-06,-8.547e-06,0.01961
12.460234,0.2246,0.4883,-0.0004991,-0.0002998,-0.0002998,-0.2998,-0.0003016,-0.0003016,-0.2941
12.470234,0.332,0.4346,-0.0006363,-0.0004778,-0.0004778,-0.4778,-0.0004799,-0.0004799,-0.451
12.480233,0.4199,0.3711,-0.0007822,-0.0004732,-0.0004732,-0.4732,-0.000475,-0.000475,-0.451
12.490233,0.4932,0.3027,-0.0008989,-0.0002879,-0.0002879,-0.2879,-0.0002894,-0.0002894,-0.2549
12.500235,0.5713,0.2588,-0.0009602,7.381e-06,7.381e-06,0.007381,6.105e-06,6.105e-06,0.01961
12.510235,0.6396,0.2002,-0.0009515,0.0002998,0.0002998,0.2998,0.0002991,0.0002991,0.3333
12.520234,0.7422,0.1611,-0.0008931,0.0004778,0.0004778,0.4778,0.0004774,0.0004774,0.4902
12.530234,0.8252,0.1611,-0.0008347,0.0004732,0.0004732,0.4732,0.0004725,0.0004725,0.4902
12.540234,0.9082,0.1367,-0.0007705,0.0002879,0.0002879,0.2879,0.0002869,0.0002869,0.2941
12.550233,0.9863,0.1367,-0.0007705,-7.327e-06,-7.327e-06,-0.007327,-8.547e-06,-8.547e-06,0.01961
12.560234,1.064,0.09277,-0.0008055,-0.0002998,-0.0002998,-0.2998,-0.0003016,-0.0003016,-0.2941
12.570233,1.113,0.04395,-0.0008727,-0.0004777,-0.0004777,-0.4777,-0.0004799,-0.0004799,-0.451
12.580235,1.157,0.004883,-0.0009602,-0.0004732,-0.0004732,-0.4732,-0.000475,-0.000475,-0.451
12.590235,1.191,-0.05371,-0.001007,-0.0002879,-0.0002879,-0.2879,-0.0002894,-0.0002894,-0.2549
12.600234,1.23,-0.08789,-0.001007,7.363e-06,7.363e-06,0.007363,6.105e-06,6.105e-06,0.01961
12.610234,1.255,-0.1172,-0.0009544,0.0002998,0.0002998,0.2998,0.0002991,0.0002991,0.3333
12.620234,1.309,-0.1172,-0.000861,0.0004778,0.0004778,0.4778,0.0004774,0.0004774,0.4902
12.630233,1.362,-0.09766,-0.0007559,0.0004732,0.0004732,0.4732,0.0004725,0.0004725,0.4902
12.640233,1.426,-0.08301,-0.0006742,0.0002879,0.0002879,0.2879,0.0002869,0.0002869,0.2941
12.650233,1.504,-0.07324,-0.0006246,-7.339e-06,-7.339e-06,-0.007339,-8.547e-06,-8.547e-06,0.01961
12.660233,1.548,-0.07812,-0.0006333,-0.0002998,-0.0002998,-0.2998,-0.0003016,-0.0003016,-0.2941
12.670235,1.592,-0.08789,-0.0006859,-0.0004778,-0.0004778,-0.4778,-0.0004799,-0.0004799,-0.451
12.680234,1.641,-0.1123,-0.0007501,-0.0004732,-0.0004732,-0.4732,-0.000475,-0.000475,-0.451
12.690235,1.675,-0.127,-0.0007968,-0.0002879,-0.0002879,-0.2879,-0.0002894,-0.0002894,-0.2549
12.700234,1.738,-0.1318,-0.0007851,7.375e-06,7.375e-06,0.007375,6.105e-06,6.105e-06,0.01961
12.710236,1.792,-0.1318,-0.0007238,0.0002999,0.0002999,0.2999,0.0002991,0.0002991,0.3333
12.720234,1.875,-0.09766,-0.0006333,0.0004778,0.0004778,0.4778,0.0004774,0.0004774,0.4902
12.730234,1.978,-0.06836,-0.0005283,0.0004732,0.0004732,0.4732,0.0004725,0.0004725,0.4902
12.740233,2.07,-0.009766,-0.000467,0.0002879,0.0002879,0.2879,0.0002869,0.0002869,0.2941
12.750234,2.173,0.01465,-0.0004174,-7.351e-06,-7.351e-06,-0.007351,-8.547e-06,-8.547e-06,0.01961
12.760234,2.222,0.04395,-0.0004524,-0.0002998,-0.0002998,-0.2998,-0.0003016,-0.0003016,-0.2941
12.770234,2.3,0.06348,-0.0005341,-0.0004778,-0.0004778,-0.4778,-0.0004799,-0.0004799,-0.451
12.780235,2.349,0.06348,-0.0006217,-0.0004732,-0.0004732,-0.4732,-0.000475,-0.000475,-0.451
12.790235,2.393,0.06836,-0.0007005,-0.0002879,-0.0002879,-0.2879,-0.0002894,-0.0002894,-0.2549
12.800234,2.471,0.09766,-0.0007472,7.357e-06,7.357e-06,0.007357,6.105e-06,6.105e-06,0.01961
12.810234,2.539,0.1074,-0.000718,0.0002998,0.0002998,0.2998,0.0002991,0.0002991,0.3333
12.820233,2.632,0.1611,-0.0006684,0.0004777,0.0004777,0.4777,0.0004774,0.0004774,0.4902
12.830234,2.729,0.2051,-0.0006071,0.0004732,0.0004732,0.4732,0.0004725,0.0004725,0.4902
12.840233,2.817,0.2295,-0.0005545,0.0002879,0.0002879,0.2879,0.0002869,0.0002869,0.2941
12.850235,2.925,0.293,-0.0005779,-7.393e-06,-7.393e-06,-0.007393,-8.547e-06,-8.547e-06,0.01961
12.860234,2.998,0.3125,-0.0006567,-0.0002998,-0.0002998,-0.2998,-0.0003016,-0.0003016,-0.2941
12.870233,3.062,0.3271,-0.0007763,-0.0004777,-0.0004777,-0.4777,-0.0004799,-0.0004799,-0.451
12.880235,3.13,0.3369,-0.0009135,-0.0004732,-0.0004732,-0.4732,-0.000475,-0.000475,-0.451
12.890234,3.169,0.3369,-0.001039,-0.0002879,-0.0002879,-0.2879,-0.0002894,-0.0002894,-0.2549
12.900233,3.247,0.3369,-0.0011,7.339e-06,7.339e-06,0.007339,6.105e-06,6.105e-06,0.01961
12.910234,3.315,0.3516,-0.001135,0.0002998,0.0002998,0.2998,0.0002991,0.0002991,0.3333
12.920235,3.403,0.3809,-0.001115,0.0004778,0.0004778,0.4778,0.0004774,0.0004774,0.4902
12.930233,3.491,0.415,-0.001086,0.0004732,0.0004732,0.4732,0.0004725,0.0004725,0.4902
12.940234,3.569,0.4395,-0.001089,0.0002879,0.0002879,0.2879,0.0002869,0.0002869,0.2941
12.950234,3.633,0.4736,-0.001135,-7.375e-06,-7.375e-06,-0.007375,-8.547e-06,-8.547e-06,0.01961
12.960235,3.696,0.4639,-0.001229,-0.0002998,-0.0002998,-0.2998,-0.0003016,-0.0003016,-0.2941
12.970233,3.745,0.4736,-0.001378,-0.0004777,-0.0004777,-0.4777,-0.0004799,-0.0004799,-0.451
12.980233,3.779,0.4443,-0.001529,-0.0004732,-0.0004732,-0.4732,-0.000475,-0.000475,-0.451
12.990234,3.804,0.4102,-0.001655,-0.0002879,-0.0002879,-0.2879,-0.0002894,-0.0002894,-0.2549
13.000235,3.838,0.4053,-0.001748,7.381e-06,7.381e-06,0.007381,6.105e-06,6.105e-06,0.01961
13.010235,3.867,0.3809,-0.001775,0.0002998,0.0002998,0.2998,0.0002991,0.0002991,0.3333
13.020234,3.921,0.376,-0.001748,0.0004778,0.0004778,0.4778,0.0004774,0.0004774,0.4902
13.030234,3.96,0.376,-0.001713,0.0004732,0.0004732,0.4732,0.0004725,0.0004725,0.4902
13.040235,3.989,0.3857,-0.001707,0.0002879,0.0002879,0.2879,0.0002869,0.0002869,0.2941
13.050234,4.023,0.3809,-0.001731,-7.357e-06,-7.357e-06,-0.007357,-8.547e-06,-8.547e-06,0.01961
13.060234,4.023,0.3613,-0.001827,-0.0002998,-0.0002998,-0.2998,-0.0003016,-0.0003016,-0.2941
13.070234,4.023,0.3271,-0.001944,-0.0004778,-0.0004778,-0.4778,-0.0004799,-0.0004799,-0.451
13.080235,4.009,0.2881,-0.002072,-0.0004732,-0.0004732,-0.4732,-0.000475,-0.000475,-0.451
13.090234,3.975,0.2295,-0.002174,-0.0002879,-0.0002879,-0.2879,-0.0002894,-0.0002894,-0.2549
13.100234,3.96,0.1904,-0.002224,7.364e-06,7.364e-06,0.007364,6.105e-06,6.105e-06,0.01961
13.110234,3.916,0.1416,-0.002201,0.0002998,0.0002998,0.2998,0.0002991,0.0002991,0.3333
13.120234,3.901,0.127,-0.002151,0.0004777,0.0004777,0.4777,0.0004774,0.0004774,0.4902
13.130233,3.887,0.1172,-0.002078,0.0004732,0.0004732,0.4732,0.0004725,0.0004725,0.4902
13.140233,3.857,0.1123,-0.002031,0.0002879,0.0002879,0.2879,0.0002869,0.0002869,0.2941
13.150234,3.838,0.1025,-0.002023,-7.37e-06,-7.37e-06,-0.00737,-8.547e-06,-8.547e-06,0.01961
13.160233,3.779,0.04883,-0.002037,-0.0002998,-0.0002998,-0.2998,-0.0003016,-0.0003016,-0.2941
13.170234,3.711,0.004883,-0.002098,-0.0004777,-0.0004777,-0.4777,-0.0004799,-0.0004799,-0.451
13.180234,3.647,-0.06348,-0.002169,-0.0004732,-0.0004732,-0.4732,-0.000475,-0.000475,-0.451
13.190235,3.55,-0.1123,-0.002221,-0.0002879,-0.0002879,-0.2879,-0.0002894,-0.0002894,-0.2549
13.200233,3.491,-0.1611,-0.002215,7.346e-06,7.346e-06,0.007346,6.105e-06,6.105e-06,0.01961
13.210234,3.408,-0.2002,-0.002145,0.0002998,0.0002998,0.2998,0.0002991,0.0002991,0.3333
13.220234,3.359,-0.2148,-0.00204,0.0004778,0.0004778,0.4778,0.0004774,0.0004774,0.4902
13.230234,3.311,-0.2197,-0.001915,0.0004732,0.0004732,0.4732,0.0004725,0.0004725,0.4902
13.240233,3.257,-0.2295,-0.001801,0.0002879,0.0002879,0.2879,0.0002869,0.0002869,0.2941
13.250235,3.223,-0.2539,-0.001719,-7.382e-06,-7.382e-06,-0.007382,-8.547e-06,-8.547e-06,0.01961
13.260234,3.12,-0.2686,-0.001704,-0.0002998,-0.0002998,-0.2998,-0.0003016,-0.0003016,-0.2941
13.270234,3.042,-0.2881,-0.001734,-0.0004778,-0.0004778,-0.4778,-0.0004799,-0.0004799,-0.451
13.280234,2.954,-0.332,-0.001757,-0.0004732,-0.0004732,-0.4732,-0.000475,-0.000475,-0.451
13.290234,2.852,-0.3857,-0.00176,-0.0002879,-0.0002879,-0.2879,-0.0002894,-0.0002894,-0.2549
13.300233,2.788,-0.4004,-0.001716,7.328e-06,7.328e-06,0.007328,6.105e-06,6.105e-06,0.01961
13.310233,2.71,-0.4248,-0.001608,0.0002998,0.0002998,0.2998,0.0002991,0.0002991,0.3333
13.320235,2.671,-0.415,-0.001468,0.0004778,0.0004778,0.4778,0.0004774,0.0004774,0.4902
13.330235,2.627,-0.3955,-0.00131,0.0004732,0.0004732,0.4732,0.0004725,0.0004725,0.4902
13.340235,2.578,-0.3906,-0.001165,0.0002879,0.0002879,0.2879,0.0002869,0.0002869,0.2941
13.350234,2.549,-0.3711,-0.001071,-7.364e-06,-7.364e-06,-0.007364,-8.547e-06,-8.547e-06,0.01961
13.360234,2.495,-0.3613,-0.001042,-0.0002998,-0.0002998,-0.2998,-0.0003016,-0.0003016,-0.2941
13.370234,2.446,-0.3613,-0.001054,-0.0004778,-0.0004778,-0.4778,-0.0004799,-0.0004799,-0.451
13.380235,2.393,-0.376,-0.001071,-0.0004732,-0.0004732,-0.4732,-0.000475,-0.000475,-0.451
13.390233,2.344,-0.3955,-0.001068,-0.0002879,-0.0002879,-0.2879,-0.0002894,-0.0002894,-0.2549
13.400234,2.314,-0.3809,-0.001036,7.37e-06,7.37e-06,0.00737,6.105e-06,6.105e-06,0.01961
13.410234,2.29,-0.376,-0.0009369,0.0002998,0.0002998,0.2998,0.0002991,0.0002991,0.3333
13.420234,2.29,-0.3418,-0.0007997,0.0004777,0.0004777,0.4777,0.0004774,0.0004774,0.4902
13.430234,2.3,-0.293,-0.0006596,0.0004732,0.0004732,0.4732,0.0004725,0.0004725,0.4902
13.440234,2.31,-0.2539,-0.0005399,0.0002879,0.0002879,0.2879,0.0002869,0.0002869,0.2941
13.450234,2.329,-0.2002,-0.0004874,-7.376e-06,-7.376e-06,-0.007376,-8.547e-06,-8.547e-06,0.01961
13.460234,2.339,-0.166,-0.0004845,-0.0002998,-0.0002998,-0.2998,-0.0003016,-0.0003016,-0.2941
13.470234,2.354,-0.1367,-0.0005312,-0.0004778,-0.0004778,-0.4778,-0.0004799,-0.0004799,-0.451
13.480234,2.363,-0.1221,-0.0005925,-0.0004732,-0.0004732,-0.4732,-0.000475,-0.000475,-0.451
13.490234,2.383,-0.1172,-0.0006363,-0.0002879,-0.0002879,-0.2879,-0.0002894,-0.0002894,-0.2549
13.500234,2.427,-0.09277,-0.0006421,7.352e-06,7.352e-06,0.007352,6.105e-06,6.105e-06,0.01961
13.510233,2.446,-0.06348,-0.0005983,0.0002998,0.0002998,0.2998,0.0002991,0.0002991,0.3333
13.520233,2.515,-0.009766,-0.0005166,0.0004777,0.0004777,0.4777,0.0004774,0.0004774,0.4902
13.530233,2.583,0.05859,-0.0004349,0.0004732,0.0004732,0.4732,0.0004725,0.0004725,0.4902
13.540234,2.656,0.1172,-0.0003794,0.0002879,0.0002879,0.2879,0.0002869,0.0002869,0.2941
13.550234,2.734,0.166,-0.0003707,-7.358e-06,-7.358e-06,-0.007358,-8.547e-06,-8.547e-06,0.01961
13.560233,2.803,0.2051,-0.0004349,-0.0002998,-0.0002998,-0.2998,-0.0003016,-0.0003016,-0.2941
13.570234,2.871,0.2344,-0.0005429,-0.0004778,-0.0004778,-0.4778,-0.0004799,-0.0004799,-0.451
13.580234,2.925,0.2441,-0.0006567,-0.0004732,-0.0004732,-0.4732,-0.000475,-0.000475,-0.451
13.590234,2.983,0.2637,-0.0007763,-0.0002879,-0.0002879,-0.2879,-0.0002894,-0.0002894,-0.2549
13.600234,3.047,0.2979,-0.0008464,7.364e-06,7.364e-06,0.007364,6.105e-06,6.105e-06,0.01961
13.610233,3.135,0.3027,-0.0008464,0.0002998,0.0002998,0.2998,0.0002991,0.0002991,0.3333
13.620234,3.218,0.3418,-0.000826,0.0004777,0.0004777,0.4777,0.0004774,0.0004774,0.4902
13.630235,3.32,0.4004,-0.0008026,0.0004732,0.0004732,0.4732,0.0004725,0.0004725,0.4902
13.640234,3.418,0.4346,-0.0007939,0.0002879,0.0002879,0.2879,0.0002869,0.0002869,0.2941
13.650235,3.516,0.4834,-0.0008435,-7.4e-06,-7.4e-06,-0.0074,-8.547e-06,-8.547e-06,0.01961
13.660233,3.594,0.498,-0.0009573,-0.0002998,-0.0002998,-0.2998,-0.0003016,-0.0003016,-0.2941
13.670234,3.662,0.5029,-0.0011,-0.0004777,-0.0004777,-0.4777,-0.0004799,-0.0004799,-0.451
13.680235,3.711,0.4932,-0.001264,-0.0004732,-0.0004732,-0.4732,-0.000475,-0.000475,-0.451
13.690234,3.765,0.4688,-0.001401,-0.0002879,-0.0002879,-0.2879,-0.0002894,-0.0002894,-0.2549
13.700233,3.818,0.4883,-0.001515,7.346e-06,7.346e-06,0.007346,6.105e-06,6.105e-06,0.01961
13.710234,3.862,0.4785,-0.001556,0.0002998,0.0002998,0.2998,0.0002991,0.0002991,0.3333
13.720234,3.936,0.4834,-0.00155,0.0004778,0.0004778,0.4778,0.0004774,0.0004774,0.4902
13.730235,4.004,0.498,-0.001535,0.0004732,0.0004732,0.4732,0.0004725,0.0004725,0.4902
13.740235,4.062,0.5176,-0.001556,0.0002879,0.0002879,0.2879,0.0002869,0.0002869,0.2941
13.750235,4.126,0.5176,-0.001591,-7.382e-06,-7.382e-06,-0.007382,-8.547e-06,-8.547e-06,0.01961
13.760235,4.16,0.498,-0.001702,-0.0002998,-0.0002998,-0.2998,-0.0003016,-0.0003016,-0.2941
13.770233,4.175,0.4688,-0.001847,-0.0004777,-0.0004777,-0.4777,-0.0004799,-0.0004799,-0.451
13.780233,4.175,0.4346,-0.002008,-0.0004732,-0.0004732,-0.4732,-0.000475,-0.000475,-0.451
13.790235,4.17,0.3809,-0.002125,-0.0002879,-0.0002879,-0.2879,-0.0002894,-0.0002894,-0.2549
13.800234,4.16,0.3467,-0.002204,7.358e-06,7.358e-06,0.007358,6.105e-06,6.105e-06,0.01961
13.810235,4.146,0.3076,-0.002224,0.0002998,0.0002998,0.2998,0.0002991,0.0002991,0.3333
13.820234,4.16,0.3125,-0.002204,0.0004778,0.0004778,0.4778,0.0004774,0.0004774,0.4902
13.830235,4.165,0.2832,-0.002151,0.0004732,0.0004732,0.4732,0.0004725,0.0004725,0.4902
13.840233,4.165,0.2441,-0.002104,0.0002879,0.0002879,0.2879,0.0002869,0.0002869,0.2941
13.850233,4.131,0.2441,-0.002122,-7.334e-06,-7.334e-06,-0.007334,-8.547e-06,-8.547e-06,0.01961
13.860233,4.087,0.1953,-0.002177,-0.0002998,-0.0002998,-0.2998,-0.0003016,-0.0003016,-0.2941
13.870234,4.048,0.1416,-0.002262,-0.0004777,-0.0004777,-0.4777,-0.0004799,-0.0004799,-0.451
13.880234,3.975,0.08789,-0.002364,-0.0004732,-0.0004732,-0.4732,-0.000475,-0.000475,-0.451
13.890234,3.901,0.02441,-0.00244,-0.0002879,-0.0002879,-0.2879,-0.0002894,-0.0002894,-0.2549
13.900234,3.848,-0.03906,-0.002446,7.37e-06,7.37e-06,0.00737,6.105e-06,6.105e-06,0.01961
13.910234,3.779,-0.08301,-0.002402,0.0002998,0.0002998,0.2998,0.0002991,0.0002991,0.3333
13.920234,3.716,-0.1123,-0.002309,0.0004777,0.0004777,0.4777,0.0004774,0.0004774,0.4902
13.930235,3.662,-0.127,-0.002198,0.0004732,0.0004732,0.4732,0.0004725,0.0004725,0.4902
13.940233,3.589,-0.1611,-0.00209,0.0002879,0.0002879,0.2879,0.0002869,0.0002869,0.2941
13.950233,3.521,-0.1807,-0.00202,-7.346e-06,-7.346e-06,-0.007346,-8.547e-06,-8.547e-06,0.01961
13.960234,3.433,-0.2148,-0.00202,-0.0002998,-0.0002998,-0.2998,-0.0003016,-0.0003016,-0.2941
13.970234,3.335,-0.2588,-0.002046,-0.0004778,-0.0004778,-0.4778,-0.0004799,-0.0004799,-0.451
13.980234,3.232,-0.3125,-0.002078,-0.0004732,-0.0004732,-0.4732,-0.000475,-0.000475,-0.451
13.990235,3.12,-0.3711,-0.002087,-0.0002879,-0.0002879,-0.2879,-0.0002894,-0.0002894,-0.2549
14.000234,3.022,-0.3906,-0.002058,7.352e-06,7.352e-06,0.007352,6.105e-06,6.105e-06,0.01961
14.010234,2.93,-0.4395,-0.001944,0.0002998,0.0002998,0.2998,0.0002991,0.0002991,0.3333
14.020233,2.876,-0.4541,-0.001783,0.0004777,0.0004777,0.4777,0.0004774,0.0004774,0.4902
14.030233,2.798,-0.4492,-0.001623,0.0004732,0.0004732,0.4732,0.0004725,0.0004725,0.4902
14.040235,2.725,-0.4492,-0.001474,0.0002879,0.0002879,0.2879,0.0002869,0.0002869,0.2941
14.050234,2.666,-0.4395,-0.001363,-7.358e-06,-7.358e-06,-0.007358,-8.547e-06,-8.547e-06,0.01961
14.060235,2.578,-0.4541,-0.001313,-0.0002998,-0.0002998,-0.2998,-0.0003016,-0.0003016,-0.2941
14.070233,2.51,-0.4688,-0.00131,-0.0004777,-0.0004777,-0.4777,-0.0004799,-0.0004799,-0.451
14.080234,2.422,-0.5078,-0.001305,-0.0004732,-0.0004732,-0.4732,-0.000475,-0.000475,-0.451
14.090235,2.339,-0.5029,-0.001305,-0.0002879,-0.0002879,-0.2879,-0.0002894,-0.0002894,-0.2549
14.100234,2.305,-0.5273,-0.001226,7.364e-06,7.364e-06,0.007364,6.105e-06,6.105e-06,0.01961
14.110234,2.227,-0.5176,-0.001118,0.0002998,0.0002998,0.2998,0.0002991,0.0002991,0.3333
14.120234,2.207,-0.4883,-0.0009631,0.0004778,0.0004778,0.4778,0.0004774,0.0004774,0.4902
14.130234,2.183,-0.4541,-0.0007909,0.0004732,0.0004732,0.4732,0.0004725,0.0004725,0.4902
14.140235,2.168,-0.4102,-0.0006508,0.0002879,0.0002879,0.2879,0.0002869,0.0002869,0.2941
14.150233,2.163,-0.3662,-0.0005545,-7.34e-06,-7.34e-06,-0.00734,-8.547e-06,-8.547e-06,0.01961
14.160233,2.148,-0.3369,-0.0005399,-0.0002998,-0.0002998,-0.2998,-0.0003016,-0.0003016,-0.2941
14.170235,2.119,-0.3125,-0.0005516,-0.0004778,-0.0004778,-0.4778,-0.0004799,-0.0004799,-0.451
14.180233,2.119,-0.3125,-0.0005779,-0.0004732,-0.0004732,-0.4732,-0.000475,-0.000475,-0.451
14.190234,2.114,-0.3027,-0.0005896,-0.0002879,-0.0002879,-0.2879,-0.0002894,-0.0002894,-0.2549
14.200234,2.104,-0.2588,-0.0005808,7.376e-06,7.376e-06,0.007376,6.105e-06,6.105e-06,0.01961
14.210234,2.139,-0.2441,-0.0004903,0.0002998,0.0002998,0.2998,0.0002991,0.0002991,0.3333
14.220234,2.192,-0.1807,-0.0003882,0.0004778,0.0004778,0.4778,0.0004774,0.0004774,0.4902
14.230235,2.241,-0.1221,-0.0002714,0.0004732,0.0004732,0.4732,0.0004725,0.0004725,0.4902
14.240234,2.319,-0.05371,-0.0001955,0.0002879,0.0002879,0.2879,0.0002869,0.0002869,0.2941
14.250235,2.393,0.009766,-0.0001664,-7.382e-06,-7.382e-06,-0.007382,-8.547e-06,-8.547e-06,0.01961
14.260234,2.432,0.06348,-0.0002101,-0.0002998,-0.0002998,-0.2998,-0.0003016,-0.0003016,-0.2941
14.270234,2.505,0.08789,-0.0002802,-0.0004778,-0.0004778,-0.4778,-0.0004799,-0.0004799,-0.451
14.280234,2.559,0.1123,-0.0003823,-0.0004732,-0.0004732,-0.4732,-0.000475,-0.000475,-0.451
14.290234,2.617,0.1318,-0.000467,-0.0002879,-0.0002879,-0.2879,-0.0002894,-0.0002894,-0.2549
14.300234,2.695,0.1709,-0.0005108,7.359e-06,7.359e-06,0.007359,6.105e-06,6.105e-06,0.01961
14.310234,2.769,0.2051,-0.0005195,0.0002998,0.0002998,0.2998,0.0002991,0.0002991,0.3333
14.320234,2.881,0.2734,-0.0004845,0.0004778,0.0004778,0.4778,0.0004774,0.0004774,0.4902
14.330234,2.983,0.3223,-0.0004495,0.0004732,0.0004732,0.4732,0.0004725,0.0004725,0.4902
14.340235,3.096,0.4004,-0.0004553,0.0002879,0.0002879,0.2879,0.0002869,0.0002869,0.2941
14.350233,3.223,0.459,-0.0004932,-7.335e-06,-7.335e-06,-0.007335,-8.547e-06,-8.547e-06,0.01961
14.360233,3.311,0.4785,-0.0005896,-0.0002998,-0.0002998,-0.2998,-0.0003016,-0.0003016,-0.2941
14.370234,3.398,0.5078,-0.0007384,-0.0004777,-0.0004777,-0.4777,-0.0004799,-0.0004799,-0.451
14.380235,3.472,0.5078,-0.0009018,-0.0004732,-0.0004732,-0.4732,-0.000475,-0.000475,-0.451
14.390234,3.545,0.5029,-0.001045,-0.0002879,-0.0002879,-0.2879,-0.0002894,-0.0002894,-0.2549
14.400234,3.633,0.5273,-0.001165,7.371e-06,7.371e-06,0.007371,6.105e-06,6.105e-06,0.01961
14.410233,3.716,0.5322,-0.001214,0.0002998,0.0002998,0.2998,0.0002991,0.0002991,0.3333
14.420235,3.818,0.5615,-0.001235,0.0004778,0.0004778,0.4778,0.0004774,0.0004774,0.4902
14.430234,3.916,0.6006,-0.001237,0.0004732,0.0004732,0.4732,0.0004725,0.0004725,0.4902
14.440234,3.999,0.625,-0.00127,0.0002879,0.0002879,0.2879,0.0002869,0.0002869,0.2941
14.450234,4.111,0.6299,-0.001328,-7.377e-06,-7.377e-06,-0.007377,-8.547e-06,-8.547e-06,0.01961
14.460235,4.155,0.6445,-0.001477,-0.0002998,-0.0002998,-0.2998,-0.0003016,-0.0003016,-0.2941
14.470235,4.219,0.6152,-0.001631,-0.0004778,-0.0004778,-0.4778,-0.0004799,-0.0004799,-0.451
14.480234,4.248,0.5908,-0.00181,-0.0004732,-0.0004732,-0.4732,-0.000475,-0.000475,-0.451
14.490235,4.272,0.542,-0.001961,-0.0002879,-0.0002879,-0.2879,-0.0002894,-0.0002894,-0.2549
14.500234,4.312,0.5225,-0.002075,7.353e-06,7.353e-06,0.007353,6.105e-06,6.105e-06,0.01961
14.510233,4.331,0.4883,-0.002122,0.0002998,0.0002998,0.2998,0.0002991,0.0002991,0.3333
14.520233,4.365,0.4785,-0.002119,0.0004777,0.0004777,0.4777,0.0004774,0.0004774,0.4902
14.530234,4.395,0.4688,-0.002104,0.0004732,0.0004732,0.4732,0.0004725,0.0004725,0.4902
14.540234,4.424,0.4443,-0.002096,0.0002879,0.0002879,0.2879,0.0002869,0.0002869,0.2941
14.550234,4.424,0.4395,-0.002145,-7.359e-06,-7.359e-06,-0.007359,-8.547e-06,-8.547e-06,0.01961
14.560235,4.39,0.4004,-0.002233,-0.0002998,-0.0002998,-0.2998,-0.0003016,-0.0003016,-0.2941
14.570235,4.37,0.3467,-0.002358,-0.0004778,-0.0004778,-0.4778,-0.0004799,-0.0004799,-0.451
14.580235,4.331,0.2881,-0.002492,-0.0004732,-0.0004732,-0.4732,-0.000475,-0.000475,-0.451
14.590234,4.277,0.2051,-0.002583,-0.0002879,-0.0002879,-0.2879,-0.0002894,-0.0002894,-0.2549
14.600233,4.219,0.1367,-0.002615,7.335e-06,7.335e-06,0.007335,6.105e-06,6.105e-06,0.01961
14.610233,4.175,0.07324,-0.002595,0.0002998,0.0002998,0.2998,0.0002991,0.0002991,0.3333
14.620234,4.121,0.05371,-0.002533,0.0004777,0.0004777,0.4777,0.0004774,0.0004774,0.4902
14.630235,4.072,0.0293,-0.002457,0.0004732,0.0004732,0.4732,0.0004725,0.0004725,0.4902
14.640235,3.994,-0.004883,-0.002382,0.0002879,0.0002879,0.2879,0.0002869,0.0002869,0.2941
14.650234,3.936,-0.03418,-0.002347,-7.371e-06,-7.371e-06,-0.007371,-8.547e-06,-8.547e-06,0.01961
14.660233,3.843,-0.09766,-0.002349,-0.0002998,-0.0002998,-0.2998,-0.0003016,-0.0003016,-0.2941
14.670234,3.75,-0.1514,-0.002396,-0.0004777,-0.0004777,-0.4777,-0.0004799,-0.0004799,-0.451
14.680234,3.628,-0.2295,-0.00244,-0.0004732,-0.0004732,-0.4732,-0.000475,-0.000475,-0.451
14.690233,3.511,-0.2979,-0.00246,-0.0002879,-0.0002879,-0.2879,-0.0002894,-0.0002894,-0.2549
14.700233,3.394,-0.3467,-0.002422,7.347e-06,7.347e-06,0.007347,6.105e-06,6.105e-06,0.01961
14.710234,3.291,-0.4004,-0.002317,0.0002998,0.0002998,0.2998,0.0002991,0.0002991,0.3333
14.720235,3.198,-0.4199,-0.00218,0.0004778,0.0004778,0.4778,0.0004774,0.0004774,0.4902
14.730234,3.105,-0.4395,-0.002017,0.0004732,0.0004732,0.4732,0.0004725,0.0004725,0.4902
14.740234,3.018,-0.4346,-0.001882,0.0002879,0.0002879,0.2879,0.0002869,0.0002869,0.2941
14.750233,2.935,-0.4639,-0.001763,-7.323e-06,-7.323e-06,-0.007323,-8.547e-06,-8.547e-06,0.01961
14.760234,2.827,-0.498,-0.00171,-0.0002998,-0.0002998,-0.2998,-0.0003016,-0.0003016,-0.2941
14.770234,2.72,-0.5273,-0.00169,-0.0004778,-0.0004778,-0.4778,-0.0004799,-0.0004799,-0.451
14.780234,2.588,-0.5713,-0.001681,-0.0004732,-0.0004732,-0.4732,-0.000475,-0.000475,-0.451
14.790236,2.471,-0.6152,-0.001646,-0.0002879,-0.0002879,-0.2879,-0.0002894,-0.0002894,-0.2549
14.800234,2.383,-0.6299,-0.001559,7.359e-06,7.359e-06,0.007359,6.105e-06,6.105e-06,0.01961
14.810234,2.29,-0.6445,-0.001424,0.0002998,0.0002998,0.2998,0.0002991,0.0002991,0.3333
14.820233,2.227,-0.6201,-0.001255,0.0004777,0.0004777,0.4777,0.0004774,0.0004774,0.4902
14.830234,2.173,-0.6104,-0.001054,0.0004732,0.0004732,0.4732,0.0004725,0.0004725,0.4902
14.840234,2.119,-0.5811,-0.0008873,0.0002879,0.0002879,0.2879,0.0002869,0.0002869,0.2941
14.850234,2.075,-0.5371,-0.0007763,-7.365e-06,-7.365e-06,-0.007365,-8.547e-06,-8.547e-06,0.01961
14.860233,2.017,-0.5322,-0.0007063,-0.0002998,-0.0002998,-0.2998,-0.0003016,-0.0003016,-0.2941
14.870234,1.978,-0.5176,-0.0006888,-0.0004777,-0.0004777,-0.4777,-0.0004799,-0.0004799,-0.451
14.880234,1.924,-0.5078,-0.0006859,-0.0004732,-0.0004732,-0.4732,-0.000475,-0.000475,-0.451
14.890234,1.885,-0.5127,-0.0006654,-0.0002879,-0.0002879,-0.2879,-0.0002894,-0.0002894,-0.2549
14.900234,1.875,-0.4883,-0.0006071,7.371e-06,7.371e-06,0.007371,6.105e-06,6.105e-06,0.01961
14.910233,1.87,-0.4541,-0.0005078,0.0002998,0.0002998,0.2998,0.0002991,0.0002991,0.3333
14.920234,1.885,-0.4004,-0.0003619,0.0004777,0.0004777,0.4777,0.0004774,0.0004774,0.4902
14.930234,1.909,-0.3418,-0.0002131,0.0004732,0.0004732,0.4732,0.0004725,0.0004725,0.4902
14.940233,1.948,-0.2734,-9.048e-05,0.0002879,0.0002879,0.2879,0.0002869,0.0002869,0.2941
14.950234,2.002,-0.2051,-2.919e-05,-7.377e-06,-7.377e-06,-0.007377,-8.547e-06,-8.547e-06,0.01961
14.960238,2.046,-0.1611,-2.919e-05,-0.0002999,-0.0002999,-0.2999,-0.0003016,-0.0003016,-0.2941
14.970234,2.08,-0.1074,-8.172e-05,-0.0004778,-0.0004778,-0.4778,-0.0004799,-0.0004799,-0.451
14.980235,2.119,-0.06836,-0.0001547,-0.0004732,-0.0004732,-0.4732,-0.000475,-0.000475,-0.451
14.990234,2.163,-0.03906,-0.000216,-0.0002879,-0.0002879,-0.2879,-0.0002894,-0.0002894,-0.2549
15.000234,2.256,-0.009766,-0.0002247,7.353e-06,7.353e-06,0.007353,6.105e-06,6.105e-06,0.01961
15.010234,2.329,0.04395,-0.0002072,0.0002998,0.0002998,0.2998,0.0002991,0.0002991,0.3333
15.020233,2.427,0.1172,-0.0001459,0.0004777,0.0004777,0.4777,0.0004774,0.0004774,0.4902
15.030234,2.539,0.2002,-9.048e-05,0.0004732,0.0004732,0.4732,0.0004725,0.0004725,0.4902
15.040235,2.656,0.2734,-5.837e-05,0.0002879,0.0002879,0.2879,0.0002869,0.0002869,0.2941
15.050235,2.778,0.3516,-9.048e-05,-7.389e-06,-7.389e-06,-0.007389,-8.547e-06,-8.547e-06,0.01961
15.060234,2.886,0.4004,-0.0001839,-0.0002998,-0.0002998,-0.2998,-0.0003016,-0.0003016,-0.2941
15.070234,2.993,0.4443,-0.000321,-0.0004778,-0.0004778,-0.4778,-0.0004799,-0.0004799,-0.451
15.080234,3.091,0.4688,-0.0004786,-0.0004732,-0.0004732,-0.4732,-0.000475,-0.000475,-0.451
15.090234,3.184,0.4834,-0.0006246,-0.0002879,-0.0002879,-0.2879,-0.0002894,-0.0002894,-0.2549
15.100234,3.311,0.5029,-0.0007121,7.365e-06,7.365e-06,0.007365,6.105e-06,6.105e-06,0.01961
15.110234,3.408,0.5273,-0.0007676,0.0002998,0.0002998,0.2998,0.0002991,0.0002991,0.3333
15.120234,3.53,0.5957,-0.0007968,0.0004778,0.0004778,0.4778,0.0004774,0.0004774,0.4902
15.130234,3.657,0.6445,-0.0008085,0.0004732,0.0004732,0.4732,0.0004725,0.0004725,0.4902
15.140234,3.789,0.6885,-0.0008493,0.0002879,0.0002879,0.2879,0.0002869,0.0002869,0.2941
15.150234,3.921,0.7373,-0.0009427,-7.371e-06,-7.371e-06,-0.007371,-8.547e-06,-8.547e-06,0.01961
15.160233,4.019,0.7422,-0.001083,-0.0002998,-0.0002998,-0.2998,-0.0003016,-0.0003016,-0.2941
15.170233,4.116,0.7373,-0.001267,-0.0004777,-0.0004777,-0.4777,-0.0004799,-0.0004799,-0.451
15.180235,4.194,0.7275,-0.001471,-0.0004732,-0.0004732,-0.4732,-0.000475,-0.000475,-0.451
15.190234,4.253,0.6982,-0.001649,-0.0002879,-0.0002879,-0.2879,-0.0002894,-0.0002894,-0.2549
15.200233,4.316,0.6934,-0.001783,7.347e-06,7.347e-06,0.007347,6.105e-06,6.105e-06,0.01961
15.210235,4.395,0.6592,-0.001847,0.0002998,0.0002998,0.2998,0.0002991,0.0002991,0.3333
15.220234,4.453,0.6738,-0.001897,0.0004778,0.0004778,0.4778,0.0004774,0.0004774,0.4902
15.230234,4.521,0.6787,-0.00192,0.0004732,0.0004732,0.4732,0.0004725,0.0004725,0.4902
15.240235,4.585,0.6738,-0.001955,0.0002879,0.0002879,0.2879,0.0002869,0.0002869,0.2941
15.250233,4.639,0.6641,-0.002034,-7.323e-06,-7.323e-06,-0.007323,-8.547e-06,-8.547e-06,0.01961
15.260233,4.648,0.6152,-0.002145,-0.0002998,-0.0002998,-0.2998,-0.0003016,-0.0003016,-0.2941
15.270233,4.673,0.5713,-0.002312,-0.0004777,-0.0004777,-0.4777,-0.0004799,-0.0004799,-0.451
15.280233,4.658,0.5127,-0.002478,-0.0004732,-0.0004732,-0.4732,-0.000475,-0.000475,-0.451
15.290234,4.629,0.4443,-0.002615,-0.0002879,-0.0002879,-0.2879,-0.0002894,-0.0002894,-0.2549
15.300234,4.604,0.3906,-0.0027,7.359e-06,7.359e-06,0.007359,6.105e-06,6.105e-06,0.01961
15.310234,4.561,0.332,-0.002726,0.0002998,0.0002998,0.2998,0.0002991,0.0002991,0.3333
15.320234,4.541,0.293,-0.002694,0.0004778,0.0004778,0.4778,0.0004774,0.0004774,0.4902
15.330235,4.507,0.2539,-0.002647,0.0004732,0.0004732,0.4732,0.0004725,0.0004725,0.4902
15.340234,4.458,0.2197,-0.002609,0.0002879,0.0002879,0.2879,0.0002869,0.0002869,0.2941
15.350234,4.414,0.1709,-0.002598,-7.365e-06,-7.365e-06,-0.007365,-8.547e-06,-8.547e-06,0.01961
15.360234,4.336,0.1074,-0.002644,-0.0002998,-0.0002998,-0.2998,-0.0003016,-0.0003016,-0.2941
15.370234,4.243,0.03906,-0.002717,-0.0004777,-0.0004777,-0.4777,-0.0004799,-0.0004799,-0.451
15.380234,4.131,-0.03906,-0.002796,-0.0004732,-0.0004732,-0.4732,-0.000475,-0.000475,-0.451
15.390235,4.014,-0.127,-0.00284,-0.0002879,-0.0002879,-0.2879,-0.0002894,-0.0002894,-0.2549
15.400234,3.911,-0.21,-0.002822,7.372e-06,7.372e-06,0.007372,6.105e-06,6.105e-06,0.01961
15.410233,3.774,-0.2588,-0.002761,0.0002998,0.0002998,0.2998,0.0002991,0.0002991,0.3333
15.420235,3.682,-0.3125,-0.002624,0.0004778,0.0004778,0.4778,0.0004774,0.0004774,0.4902
15.430234,3.569,-0.3467,-0.002478,0.0004732,0.0004732,0.4732,0.0004725,0.0004725,0.4902
15.440233,3.462,-0.376,-0.002344,0.0002879,0.0002879,0.2879,0.0002869,0.0002869,0.2941
15.450233,3.35,-0.4053,-0.00225,-7.348e-06,-7.348e-06,-0.007348,-8.547e-06,-8.547e-06,0.01961
15.460235,3.203,-0.4639,-0.002189,-0.0002998,-0.0002998,-0.2998,-0.0003016,-0.0003016,-0.2941
15.470235,3.086,-0.5176,-0.002174,-0.0004778,-0.0004778,-0.4778,-0.0004799,-0.0004799,-0.451
15.480234,2.93,-0.5859,-0.002166,-0.0004732,-0.0004732,-0.4732,-0.000475,-0.000475,-0.451
15.490234,2.788,-0.6494,-0.002113,-0.0002879,-0.0002879,-0.2879,-0.0002894,-0.0002894,-0.2549
15.500235,2.651,-0.6738,-0.002037,7.384e-06,7.384e-06,0.007384,6.105e-06,6.105e-06,0.01961
15.510234,2.51,-0.7031,-0.001894,0.0002998,0.0002998,0.2998,0.0002991,0.0002991,0.3333
15.520233,2.422,-0.7227,-0.00169,0.0004777,0.0004777,0.4777,0.0004774,0.0004774,0.4902
15.530233,2.329,-0.7129,-0.00148,0.0004732,0.0004732,0.4732,0.0004725,0.0004725,0.4902
15.540235,2.241,-0.708,-0.001293,0.0002879,0.0002879,0.2879,0.0002869,0.0002869,0.2941
15.550234,2.163,-0.7031,-0.001141,-7.36e-06,-7.36e-06,-0.00736,-8.547e-06,-8.547e-06,0.01961
15.560235,2.051,-0.708,-0.001045,-0.0002998,-0.0002998,-0.2998,-0.0003016,-0.0003016,-0.2941
15.570233,1.963,-0.7031,-0.001007,-0.0004777,-0.0004777,-0.4777,-0.0004799,-0.0004799,-0.451
15.580235,1.855,-0.7227,-0.0009661,-0.0004732,-0.0004732,-0.4732,-0.000475,-0.000475,-0.451
15.590234,1.748,-0.7227,-0.0009194,-0.0002879,-0.0002879,-0.2879,-0.0002894,-0.0002894,-0.2549
15.600234,1.689,-0.7275,-0.0008143,7.366e-06,7.366e-06,0.007366,6.105e-06,6.105e-06,0.01961
15.610234,1.616,-0.7031,-0.0006625,0.0002998,0.0002998,0.2998,0.0002991,0.0002991,0.3333
15.620234,1.548,-0.6494,-0.0004932,0.0004778,0.0004778,0.4778,0.0004774,0.0004774,0.4902
15.630234,1.499,-0.5957,-0.0003006,0.0004732,0.0004732,0.4732,0.0004725,0.0004725,0.4902
15.640233,1.455,-0.542,-0.0001343,0.0002879,0.0002879,0.2879,0.0002869,0.0002869,0.2941
15.650234,1.421,-0.4736,-3.794e-05,-7.372e-06,-7.372e-06,-0.007372,-8.547e-06,-8.547e-06,0.01961
15.660233,1.377,-0.4541,3.21e-05,-0.0002998,-0.0002998,-0.2998,-0.0003016,-0.0003016,-0.2941
15.670234,1.318,-0.3955,1.167e-05,-0.0004777,-0.0004777,-0.4777,-0.0004799,-0.0004799,-0.451
15.680234,1.27,-0.3711,-8.756e-06,-0.0004732,-0.0004732,-0.4732,-0.000475,-0.000475,-0.451
15.690234,1.235,-0.3418,-2.043e-05,-0.0002879,-0.0002879,-0.2879,-0.0002894,-0.0002894,-0.2549
15.700234,1.221,-0.293,2.919e-06,7.378e-06,7.378e-06,0.007378,6.105e-06,6.105e-06,0.01961
15.710234,1.226,-0.2637,8.756e-05,0.0002998,0.0002998,0.2998,0.0002991,0.0002991,0.3333
15.720234,1.26,-0.1904,0.0001985,0.0004778,0.0004778,0.4778,0.0004774,0.0004774,0.4902
15.730234,1.309,-0.1172,0.0003065,0.0004732,0.0004732,0.4732,0.0004725,0.0004725,0.4902
15.740233,1.387,-0.03906,0.0003998,0.0002879,0.0002879,0.2879,0.0002869,0.0002869,0.2941
15.750234,1.479,0.03418,0.0004203,-7.354e-06,-7.354e-06,-0.007354,-8.547e-06,-8.547e-06,0.01961
15.760234,1.558,0.1025,0.0003619,-0.0002998,-0.0002998,-0.2998,-0.0003016,-0.0003016,-0.2941
15.770233,1.685,0.1611,0.0002656,-0.0004777,-0.0004777,-0.4777,-0.0004799,-0.0004799,-0.451
15.780234,1.802,0.1855,0.0001605,-0.0004732,-0.0004732,-0.4732,-0.000475,-0.000475,-0.451
15.790235,1.938,0.2246,5.545e-05,-0.0002879,-0.0002879,-0.2879,-0.0002894,-0.0002894,-0.2549
15.800235,2.095,0.2734,-5.837e-06,7.39e-06,7.39e-06,0.00739,6.105e-06,6.105e-06,0.01961
15.810235,2.241,0.3174,-2.043e-05,0.0002998,0.0002998,0.2998,0.0002991,0.0002991,0.3333
15.820233,2.417,0.3906,-5.837e-06,0.0004777,0.0004777,0.4777,0.0004774,0.0004774,0.4902
15.830234,2.588,0.4639,1.167e-05,0.0004732,0.0004732,0.4732,0.0004725,0.0004725,0.4902
15.840234,2.759,0.5518,-1.167e-05,0.0002879,0.0002879,0.2879,0.0002869,0.0002869,0.2941
15.850234,2.959,0.6201,-7.588e-05,-7.366e-06,-7.366e-06,-0.007366,-8.547e-06,-8.547e-06,0.01961
15.860234,3.096,0.6689,-0.0002218,-0.0002998,-0.0002998,-0.2998,-0.0003016,-0.0003016,-0.2941
15.870234,3.257,0.708,-0.000394,-0.0004778,-0.0004778,-0.4778,-0.0004799,-0.0004799,-0.451
15.880234,3.403,0.7275,-0.0006012,-0.0004732,-0.0004732,-0.4732,-0.000475,-0.000475,-0.451
15.890234,3.525,0.7275,-0.0007793,-0.0002879,-0.0002879,-0.2879,-0.0002894,-0.0002894,-0.2549
15.900233,3.662,0.752,-0.0009223,7.342e-06,7.342e-06,0.007342,6.105e-06,6.105e-06,0.01961
15.910233,3.799,0.7861,-0.00103,0.0002998,0.0002998,0.2998,0.0002991,0.0002991,0.3333
15.920235,3.94,0.8252,-0.001083,0.0004778,0.0004778,0.4778,0.0004774,0.0004774,0.4902
15.930233,4.087,0.8496,-0.001121,0.0004732,0.0004732,0.4732,0.0004725,0.0004725,0.4902
15.940233,4.233,0.8838,-0.001191,0.0002879,0.0002879,0.2879,0.0002869,0.0002869,0.2941
15.950234,4.37,0.8984,-0.001302,-7.378e-06,-7.378e-06,-0.007378,-8.547e-06,-8.547e-06,0.01961
15.960235,4.468,0.9033,-0.001483,-0.0002998,-0.0002998,-0.2998,-0.0003016,-0.0003016,-0.2941
15.970235,4.565,0.8838,-0.001684,-0.0004778,-0.0004778,-0.4778,-0.0004799,-0.0004799,-0.451
15.980233,4.634,0.8398,-0.001906,-0.0004732,-0.0004732,-0.4732,-0.000475,-0.000475,-0.451
15.990234,4.697,0.8057,-0.00211,-0.0002879,-0.0002879,-0.2879,-0.0002894,-0.0002894,-0.2549
16.000235,4.736,0.7666,-0.002247,7.384e-06,7.384e-06,0.007384,6.105e-06,6.105e-06,0.01961
16.010233,4.775,0.7324,-0.002332,0.0002998,0.0002998,0.2998,0.0002991,0.0002991,0.3333
16.020233,4.844,0.7178,-0.002379,0.0004777,0.0004777,0.4777,0.0004774,0.0004774,0.4902
16.030233,4.893,0.6982,-0.002405,0.0004732,0.0004732,0.4732,0.0004725,0.0004725,0.4902
16.040234,4.922,0.6689,-0.002431,0.0002879,0.0002879,0.2879,0.0002869,0.0002869,0.2941
16.050234,4.941,0.6299,-0.002495,-7.36e-06,-7.36e-06,-0.00736,-8.547e-06,-8.547e-06,0.01961
16.060232,4.941,0.5615,-0.002609,-0.0002998,-0.0002998,-0.2998,-0.0003016,-0.0003016,-0.2941
16.070234,4.893,0.5078,-0.002761,-0.0004778,-0.0004778,-0.4778,-0.0004799,-0.0004799,-0.451
16.080235,4.834,0.4248,-0.002922,-0.0004732,-0.0004732,-0.4732,-0.000475,-0.000475,-0.451
16.090233,4.766,0.3418,-0.003041,-0.0002879,-0.0002879,-0.2879,-0.0002894,-0.0002894,-0.2549
16.100233,4.712,0.2637,-0.003105,7.336e-06,7.336e-06,0.007336,6.105e-06,6.105e-06,0.01961
16.110233,4.629,0.1904,-0.003108,0.0002998,0.0002998,0.2998,0.0002991,0.0002991,0.3333
16.120234,4.575,0.127,-0.003044,0.0004777,0.0004777,0.4777,0.0004774,0.0004774,0.4902
16.130234,4.497,0.06836,-0.002959,0.0004732,0.0004732,0.4732,0.0004725,0.0004725,0.4902
16.140234,4.404,0.02441,-0.002895,0.0002879,0.0002879,0.2879,0.0002869,0.0002869,0.2941
16.150234,4.316,-0.03906,-0.002846,-7.372e-06,-7.372e-06,-0.007372,-8.547e-06,-8.547e-06,0.01961
16.160233,4.18,-0.1221,-0.002851,-0.0002998,-0.0002998,-0.2998,-0.0003016,-0.0003016,-0.2941
16.170233,4.058,-0.2002,-0.002884,-0.0004777,-0.0004777,-0.4777,-0.0004799,-0.0004799,-0.451
16.180233,3.896,-0.293,-0.002927,-0.0004732,-0.0004732,-0.4732,-0.000475,-0.000475,-0.451
16.190237,3.73,-0.3809,-0.002933,-0.0002878,-0.0002878,-0.2878,-0.0002894,-0.0002894,-0.2549
16.200233,3.594,-0.459,-0.002878,7.348e-06,7.348e-06,0.007348,6.105e-06,6.105e-06,0.01961
16.210232,3.433,-0.5371,-0.002749,0.0002998,0.0002998,0.2998,0.0002991,0.0002991,0.3333
16.220236,3.291,-0.5762,-0.002589,0.0004778,0.0004778,0.4778,0.0004774,0.0004774,0.4902
16.230234,3.145,-0.6152,-0.002396,0.0004732,0.0004732,0.4732,0.0004725,0.0004725,0.4902
16.240234,3.018,-0.6445,-0.002215,0.0002879,0.0002879,0.2879,0.0002869,0.0002869,0.2941
16.250235,2.861,-0.6592,-0.00209,-7.384e-06,-7.384e-06,-0.007384,-8.547e-06,-8.547e-06,0.01961
16.260235,2.734,-0.7275,-0.001979,-0.0002998,-0.0002998,-0.2998,-0.0003016,-0.0003016,-0.2941
16.270235,2.568,-0.752,-0.001935,-0.0004778,-0.0004778,-0.4778,-0.0004799,-0.0004799,-0.451
16.280233,2.407,-0.8203,-0.001877,-0.0004732,-0.0004732,-0.4732,-0.000475,-0.000475,-0.451
16.290234,2.256,-0.8643,-0.001807,-0.0002879,-0.0002879,-0.2879,-0.0002894,-0.0002894,-0.2549
16.300234,2.109,-0.8887,-0.001678,7.36e-06,7.36e-06,0.00736,6.105e-06,6.105e-06,0.01961
16.310234,1.978,-0.9082,-0.001497,0.0002998,0.0002998,0.2998,0.0002991,0.0002991,0.3333
16.320232,1.87,-0.9033,-0.00127,0.0004777,0.0004777,0.4777,0.0004774,0.0004774,0.4902
16.330235,1.768,-0.8838,-0.001039,0.0004732,0.0004732,0.4732,0.0004725,0.0004725,0.4902
16.340233,1.67,-0.8496,-0.000826,0.0002879,0.0002879,0.2879,0.0002869,0.0002869,0.2941
16.350235,1.548,-0.8154,-0.0006596,-7.396e-06,-7.396e-06,-0.007396,-8.547e-06,-8.547e-06,0.01961
16.360235,1.44,-0.8203,-0.0005487,-0.0002998,-0.0002998,-0.2998,-0.0003016,-0.0003016,-0.2941
16.370234,1.304,-0.791,-0.0004903,-0.0004777,-0.0004777,-0.4777,-0.0004799,-0.0004799,-0.451
16.380234,1.133,-0.7959,-0.0004465,-0.0004732,-0.0004732,-0.4732,-0.000475,-0.000475,-0.451
16.390234,0.9766,-0.7861,-0.0003765,-0.0002879,-0.0002879,-0.2879,-0.0002894,-0.0002894,-0.2549
16.400234,0.8398,-0.752,-0.0002802,7.372e-06,7.372e-06,0.007372,6.105e-06,6.105e-06,0.01961
16.410233,0.6787,-0.7275,-0.0001226,0.0002998,0.0002998,0.2998,0.0002991,0.0002991,0.3333
16.420233,0.5762,-0.6689,6.129e-05,0.0004777,0.0004777,0.4777,0.0004774,0.0004774,0.4902
16.430235,0.459,-0.6006,0.0002452,0.0004732,0.0004732,0.4732,0.0004725,0.0004725,0.4902
16.440235,0.3467,-0.5371,0.0004086,0.0002879,0.0002879,0.2879,0.0002869,0.0002869,0.2941
16.450233,0.2246,-0.4736,0.0005108,-7.348e-06,-7.348e-06,-0.007348,-8.547e-06,-8.547e-06,0.01961
16.460236,0.1221,-0.4492,0.000575,-0.0002999,-0.0002999,-0.2999,-0.0003016,-0.0003016,-0.2941
16.470234,-0.004883,-0.4004,0.0005691,-0.0004778,-0.0004778,-0.4778,-0.0004799,-0.0004799,-0.451
16.480234,-0.1416,-0.376,0.000537,-0.0004732,-0.0004732,-0.4732,-0.000475,-0.000475,-0.451
16.490234,-0.2783,-0.3467,0.0005283,-0.0002879,-0.0002879,-0.2879,-0.0002894,-0.0002894,-0.2549
16.500233,-0.376,-0.3125,0.0005545,7.325e-06,7.325e-06,0.007325,6.105e-06,6.105e-06,0.01961
16.510235,-0.5029,-0.2783,0.0006304,0.0002998,0.0002998,0.2998,0.0002991,0.0002991,0.3333
16.520235,-0.5664,-0.2197,0.0007472,0.0004778,0.0004778,0.4778,0.0004774,0.0004774,0.4902
16.530233,-0.6396,-0.166,0.0008668,0.0004732,0.0004732,0.4732,0.0004725,0.0004725,0.4902
16.540234,-0.7129,-0.1074,0.0009573,0.0002879,0.0002879,0.2879,0.0002869,0.0002869,0.2941
16.550234,-0.7812,-0.05371,0.0009952,-7.361e-06,-7.361e-06,-0.007361,-8.547e-06,-8.547e-06,0.01961
16.560232,-0.874,-0.009766,0.0009573,-0.0002998,-0.0002998,-0.2998,-0.0003016,-0.0003016,-0.2941
16.570232,-0.9326,0.004883,0.0009018,-0.0004777,-0.0004777,-0.4777,-0.0004799,-0.0004799,-0.451
16.580235,-1.021,0.01465,0.0008085,-0.0004732,-0.0004732,-0.4732,-0.000475,-0.000475,-0.451
16.590235,-1.108,0.02441,0.0007355,-0.0002879,-0.0002879,-0.2879,-0.0002894,-0.0002894,-0.2549
16.600235,-1.177,0.03418,0.0007092,7.397e-06,7.397e-06,0.007397,6.105e-06,6.105e-06,0.01961
16.610233,-1.255,0.03418,0.0007413,0.0002998,0.0002998,0.2998,0.0002991,0.0002991,0.3333
16.620234,-1.299,0.07812,0.0007968,0.0004777,0.0004777,0.4777,0.0004774,0.0004774,0.4902
16.630234,-1.357,0.1123,0.0008697,0.0004732,0.0004732,0.4732,0.0004725,0.0004725,0.4902
16.640234,-1.401,0.1416,0.0009223,0.0002879,0.0002879,0.2879,0.0002869,0.0002869,0.2941
16.650234,-1.45,0.1709,0.0009164,-7.373e-06,-7.373e-06,-0.007373,-8.547e-06,-8.547e-06,0.01961
16.660234,-1.523,0.1758,0.0008581,-0.0002998,-0.0002998,-0.2998,-0.0003016,-0.0003016,-0.2941
16.670235,-1.602,0.166,0.0007647,-0.0004778,-0.0004778,-0.4778,-0.0004799,-0.0004799,-0.451
16.680237,-1.709,0.1318,0.0006596,-0.0004732,-0.0004732,-0.4732,-0.000475,-0.000475,-0.451
16.690233,-1.782,0.1172,0.0005575,-0.0002879,-0.0002879,-0.2879,-0.0002894,-0.0002894,-0.2549
16.700233,-1.851,0.09277,0.0005341,7.349e-06,7.349e-06,0.007349,6.105e-06,6.105e-06,0.01961
16.710236,-1.919,0.06348,0.0005545,0.0002999,0.0002999,0.2999,0.0002991,0.0002991,0.3333
16.720234,-1.963,0.07324,0.0006129,0.0004778,0.0004778,0.4778,0.0004774,0.0004774,0.4902
16.730234,-2.012,0.07324,0.0006975,0.0004732,0.0004732,0.4732,0.0004725,0.0004725,0.4902
16.740234,-2.065,0.08789,0.0007472,0.0002879,0.0002879,0.2879,0.0002869,0.0002869,0.2941
16.750233,-2.104,0.09766,0.0007501,-7.325e-06,-7.325e-06,-0.007325,-8.547e-06,-8.547e-06,0.01961
16.760233,-2.163,0.07812,0.0007092,-0.0002998,-0.0002998,-0.2998,-0.0003016,-0.0003016,-0.2941
16.770235,-2.207,0.03906,0.0006392,-0.0004778,-0.0004778,-0.4778,-0.0004799,-0.0004799,-0.451
16.780233,-2.295,-0.01465,0.0005633,-0.0004732,-0.0004732,-0.4732,-0.000475,-0.000475,-0.451
16.790234,-2.378,-0.05859,0.0005078,-0.0002879,-0.0002879,-0.2879,-0.0002894,-0.0002894,-0.2549
16.800234,-2.441,-0.09277,0.0004932,7.361e-06,7.361e-06,0.007361,6.105e-06,6.105e-06,0.01961
16.810232,-2.51,-0.127,0.0005545,0.0002998,0.0002998,0.2998,0.0002991,0.0002991,0.3333
16.820234,-2.563,-0.127,0.000645,0.0004778,0.0004778,0.4778,0.0004774,0.0004774,0.4902
16.830233,-2.617,-0.1221,0.0007501,0.0004732,0.0004732,0.4732,0.0004725,0.0004725,0.4902
16.840235,-2.656,-0.1367,0.0008551,0.0002879,0.0002879,0.2879,0.0002869,0.0002869,0.2941
16.850235,-2.705,-0.1367,0.000896,-7.397e-06,-7.397e-06,-0.007397,-8.547e-06,-8.547e-06,0.01961
16.860235,-2.769,-0.1562,0.0008902,-0.0002999,-0.0002999,-0.2999,-0.0003016,-0.0003016,-0.2941
16.870234,-2.832,-0.1904,0.0008581,-0.0004777,-0.0004777,-0.4777,-0.0004799,-0.0004799,-0.451
16.880234,-2.925,-0.2344,0.0008114,-0.0004732,-0.0004732,-0.4732,-0.000475,-0.000475,-0.451
16.890234,-3.003,-0.2637,0.0007968,-0.0002879,-0.0002879,-0.2879,-0.0002894,-0.0002894,-0.2549
16.900234,-3.066,-0.293,0.0008172,7.373e-06,7.373e-06,0.007373,6.105e-06,6.105e-06,0.01961
16.910234,-3.14,-0.3125,0.0008931,0.0002998,0.0002998,0.2998,0.0002991,0.0002991,0.3333
16.920235,-3.174,-0.293,0.00101,0.0004778,0.0004778,0.4778,0.0004774,0.0004774,0.4902
16.930235,-3.218,-0.293,0.00115,0.0004732,0.0004732,0.4732,0.0004725,0.0004725,0.4902
16.940233,-3.247,-0.2832,0.001273,0.0002879,0.0002879,0.2879,0.0002869,0.0002869,0.2941
16.950233,-3.271,-0.2686,0.001348,-7.349e-06,-7.349e-06,-0.007349,-8.547e-06,-8.547e-06,0.01961
16.960234,-3.34,-0.2637,0.001357,-0.0002998,-0.0002998,-0.2998,-0.0003016,-0.0003016,-0.2941
16.970234,-3.379,-0.2881,0.001348,-0.0004778,-0.0004778,-0.4778,-0.0004799,-0.0004799,-0.451
16.980234,-3.447,-0.2979,0.001302,-0.0004732,-0.0004732,-0.4732,-0.000475,-0.000475,-0.451
16.990234,-3.501,-0.3125,0.001284,-0.0002879,-0.0002879,-0.2879,-0.0002894,-0.0002894,-0.2549
17.000235,-3.55,-0.3125,0.001313,7.385e-06,7.385e-06,0.007385,6.105e-06,6.105e-06,0.01961
17.010235,-3.569,-0.3223,0.001398,0.0002998,0.0002998,0.2998,0.0002991,0.0002991,0.3333
17.020235,-3.584,-0.2881,0.001518,0.0004778,0.0004778,0.4778,0.0004774,0.0004774,0.4902
17.030233,-3.579,-0.2734,0.001664,0.0004732,0.0004732,0.4732,0.0004725,0.0004725,0.4902
17.040234,-3.574,-0.2393,0.00178,0.0002879,0.0002879,0.2879,0.0002869,0.0002869,0.2941
17.050234,-3.574,-0.1904,0.00183,-7.361e-06,-7.361e-06,-0.007361,-8.547e-06,-8.547e-06,0.01961
17.060234,-3.579,-0.1758,0.001839,-0.0002998,-0.0002998,-0.2998,-0.0003016,-0.0003016,-0.2941
17.070234,-3.589,-0.166,0.001795,-0.0004778,-0.0004778,-0.4778,-0.0004799,-0.0004799,-0.451
17.080233,-3.599,-0.1709,0.001739,-0.0004732,-0.0004732,-0.4732,-0.000475,-0.000475,-0.451
17.090233,-3.599,-0.1562,0.001687,-0.0002879,-0.0002879,-0.2879,-0.0002894,-0.0002894,-0.2549
17.100233,-3.594,-0.1465,0.001696,7.337e-06,7.337e-06,0.007337,6.105e-06,6.105e-06,0.01961
17.110233,-3.589,-0.1318,0.001748,0.0002998,0.0002998,0.2998,0.0002991,0.0002991,0.3333
17.120235,-3.55,-0.08301,0.001836,0.0004778,0.0004778,0.4778,0.0004774,0.0004774,0.4902
17.130234,-3.496,-0.04395,0.001938,0.0004732,0.0004732,0.4732,0.0004725,0.0004725,0.4902
17.140234,-3.452,-0.004883,0.00202,0.0002879,0.0002879,0.2879,0.0002869,0.0002869,0.2941
17.150234,-3.394,0.04883,0.002031,-7.373e-06,-7.373e-06,-0.007373,-8.547e-06,-8.547e-06,0.01961
17.160234,-3.354,0.06836,0.001996,-0.0002998,-0.0002998,-0.2998,-0.0003016,-0.0003016,-0.2941
17.170233,-3.325,0.09766,0.001906,-0.0004777,-0.0004777,-0.4777,-0.0004799,-0.0004799,-0.451
17.180233,-3.296,0.09766,0.00181,-0.0004732,-0.0004732,-0.4732,-0.000475,-0.000475,-0.451
17.190235,-3.267,0.1025,0.001731,-0.0002879,-0.0002879,-0.2879,-0.0002894,-0.0002894,-0.2549
17.200233,-3.223,0.1221,0.001687,7.349e-06,7.349e-06,0.007349,6.105e-06,6.105e-06,0.01961
17.210234,-3.184,0.1367,0.001693,0.0002998,0.0002998,0.2998,0.0002991,0.0002991,0.3333
17.220234,-3.11,0.1855,0.001734,0.0004778,0.0004778,0.4778,0.0004774,0.0004774,0.4902
17.230234,-3.032,0.2295,0.001783,0.0004732,0.0004732,0.4732,0.0004725,0.0004725,0.4902
17.240234,-2.949,0.2686,0.001818,0.0002879,0.0002879,0.2879,0.0002869,0.0002869,0.2941
17.250233,-2.881,0.3174,0.001789,-7.325e-06,-7.325e-06,-0.007325,-8.547e-06,-8.547e-06,0.01961
17.260235,-2.822,0.332,0.001704,-0.0002998,-0.0002998,-0.2998,-0.0003016,-0.0003016,-0.2941
17.270235,-2.764,0.3418,0.001585,-0.0004778,-0.0004778,-0.4778,-0.0004799,-0.0004799,-0.451
17.280233,-2.744,0.332,0.001451,-0.0004732,-0.0004732,-0.4732,-0.000475,-0.000475,-0.451
17.290234,-2.695,0.3223,0.001334,-0.0002879,-0.0002879,-0.2879,-0.0002894,-0.0002894,-0.2549
17.300234,-2.646,0.3223,0.001258,7.361e-06,7.361e-06,0.007361,6.105e-06,6.105e-06,0.01961
17.310234,-2.598,0.3174,0.001243,0.0002998,0.0002998,0.2998,0.0002991,0.0002991,0.3333
17.320232,-2.539,0.3467,0.001258,0.0004777,0.0004777,0.4777,0.0004774,0.0004774,0.4902
17.330233,-2.48,0.3662,0.001287,0.0004732,0.0004732,0.4732,0.0004725,0.0004725,0.4902
17.340235,-2.412,0.3857,0.001302,0.0002879,0.0002879,0.2879,0.0002869,0.0002869,0.2941
17.350233,-2.363,0.4053,0.001264,-7.337e-06,-7.337e-06,-0.007337,-8.547e-06,-8.547e-06,0.01961
17.360235,-2.334,0.3906,0.001176,-0.0002999,-0.0002999,-0.2999,-0.0003016,-0.0003016,-0.2941
17.370232,-2.305,0.3857,0.001039,-0.0004777,-0.0004777,-0.4777,-0.0004799,-0.0004799,-0.451
17.380234,-2.3,0.3418,0.0009077,-0.0004732,-0.0004732,-0.4732,-0.000475,-0.000475,-0.451
17.390234,-2.3,0.3271,0.0007705,-0.0002879,-0.0002879,-0.2879,-0.0002894,-0.0002894,-0.2549
17.400234,-2.29,0.2832,0.0007151,7.373e-06,7.373e-06,0.007373,6.105e-06,6.105e-06,0.01961
17.410234,-2.29,0.2832,0.0006859,0.0002998,0.0002998,0.2998,0.0002991,0.0002991,0.3333
17.420235,-2.266,0.2734,0.0007267,0.0004778,0.0004778,0.4778,0.0004774,0.0004774,0.4902
17.430235,-2.241,0.2588,0.0007851,0.0004732,0.0004732,0.4732,0.0004725,0.0004725,0.4902
17.440235,-2.217,0.2588,0.0008114,0.0002879,0.0002879,0.2879,0.0002869,0.0002869,0.2941
17.450233,-2.222,0.2637,0.0007909,-7.349e-06,-7.349e-06,-0.007349,-8.547e-06,-8.547e-06,0.01961
17.460234,-2.251,0.2393,0.0007267,-0.0002998,-0.0002998,-0.2998,-0.0003016,-0.0003016,-0.2941
17.470234,-2.271,0.2051,0.0006275,-0.0004778,-0.0004778,-0.4778,-0.0004799,-0.0004799,-0.451
17.480234,-2.305,0.1416,0.0005283,-0.0004732,-0.0004732,-0.4732,-0.000475,-0.000475,-0.451
17.490234,-2.349,0.09277,0.0004436,-0.0002879,-0.0002879,-0.2879,-0.0002894,-0.0002894,-0.2549
17.500235,-2.383,0.04883,0.0004144,7.385e-06,7.385e-06,0.007385,6.105e-06,6.105e-06,0.01961
17.510235,-2.441,0.01953,0.0004378,0.0002998,0.0002998,0.2998,0.0002991,0.0002991,0.3333
17.520233,-2.466,0.0,0.0005224,0.0004777,0.0004777,0.4777,0.0004774,0.0004774,0.4902
17.530233,-2.495,-0.02441,0.0006217,0.0004732,0.0004732,0.4732,0.0004725,0.0004725,0.4902
17.540234,-2.534,-0.0293,0.0006946,0.0002879,0.0002879,0.2879,0.0002869,0.0002869,0.2941
17.550234,-2.568,-0.03418,0.0007267,-7.361e-06,-7.361e-06,-0.007361,-8.547e-06,-8.547e-06,0.01961
17.560234,-2.646,-0.05859,0.0006975,-0.0002998,-0.0002998,-0.2998,-0.0003016,-0.0003016,-0.2941
17.570234,-2.681,-0.1123,0.0006654,-0.0004778,-0.0004778,-0.4778,-0.0004799,-0.0004799,-0.451
17.580235,-2.773,-0.1562,0.0006041,-0.0004732,-0.0004732,-0.4732,-0.000475,-0.000475,-0.451
17.590233,-2.852,-0.2148,0.000575,-0.0002879,-0.0002879,-0.2879,-0.0002894,-0.0002894,-0.2549
17.600233,-2.93,-0.249,0.0005954,7.337e-06,7.337e-06,0.007337,6.105e-06,6.105e-06,0.01961
17.610235,-3.003,-0.2734,0.0006596,0.0002999,0.0002999,0.2999,0.0002991,0.0002991,0.3333
17.620234,-3.037,-0.293,0.0008026,0.0004777,0.0004777,0.4777,0.0004774,0.0004774,0.4902
17.630234,-3.096,-0.2881,0.000934,0.0004732,0.0004732,0.4732,0.0004725,0.0004725,0.4902
17.640234,-3.14,-0.2832,0.001051,0.0002879,0.0002879,0.2879,0.0002869,0.0002869,0.2941
17.650234,-3.188,-0.2783,0.001124,-7.373e-06,-7.373e-06,-0.007373,-8.547e-06,-8.547e-06,0.01961
17.660234,-3.267,-0.293,0.001141,-0.0002998,-0.0002998,-0.2998,-0.0003016,-0.0003016,-0.2941
17.670235,-3.325,-0.3125,0.001121,-0.0004778,-0.0004778,-0.4778,-0.0004799,-0.0004799,-0.451
17.680235,-3.394,-0.3516,0.001103,-0.0004732,-0.0004732,-0.4732,-0.000475,-0.000475,-0.451
17.690233,-3.467,-0.3809,0.0011,-0.0002879,-0.0002879,-0.2879,-0.0002894,-0.0002894,-0.2549
17.700233,-3.525,-0.3955,0.001144,7.35e-06,7.35e-06,0.00735,6.105e-06,6.105e-06,0.01961
17.710234,-3.584,-0.4004,0.001237,0.0002998,0.0002998,0.2998,0.0002991,0.0002991,0.3333
17.720234,-3.608,-0.3809,0.001378,0.0004778,0.0004778,0.4778,0.0004774,0.0004774,0.4902
17.730234,-3.638,-0.3564,0.001524,0.0004732,0.0004732,0.4732,0.0004725,0.0004725,0.4902
17.740232,-3.647,-0.3271,0.001655,0.0002879,0.0002879,0.2879,0.0002869,0.0002869,0.2941
17.750235,-3.662,-0.2979,0.001731,-7.386e-06,-7.386e-06,-0.007386,-8.547e-06,-8.547e-06,0.01961
17.760235,-3.696,-0.293,0.00176,-0.0002998,-0.0002998,-0.2998,-0.0003016,-0.0003016,-0.2941
17.770233,-3.696,-0.2881,0.001734,-0.0004777,-0.0004777,-0.4777,-0.0004799,-0.0004799,-0.451
17.780233,-3.745,-0.293,0.001702,-0.0004732,-0.0004732,-0.4732,-0.000475,-0.000475,-0.451
17.790234,-3.77,-0.2881,0.001675,-0.0002879,-0.0002879,-0.2879,-0.0002894,-0.0002894,-0.2549
17.800234,-3.774,-0.2783,0.001704,7.362e-06,7.362e-06,0.007362,6.105e-06,6.105e-06,0.01961
17.810234,-3.784,-0.2441,0.001757,0.0002998,0.0002998,0.2998,0.0002991,0.0002991,0.3333
17.820234,-3.76,-0.2148,0.001888,0.0004778,0.0004778,0.4778,0.0004774,0.0004774,0.4902
17.830235,-3.726,-0.1758,0.002005,0.0004732,0.0004732,0.4732,0.0004725,0.0004725,0.4902
17.840235,-3.682,-0.1172,0.002093,0.0002879,0.0002879,0.2879,0.0002869,0.0002869,0.2941
17.850233,-3.643,-0.06836,0.002133,-7.338e-06,-7.338e-06,-0.007338,-8.547e-06,-8.547e-06,0.01961
17.860235,-3.628,-0.03906,0.002116,-0.0002999,-0.0002999,-0.2999,-0.0003016,-0.0003016,-0.2941
17.870234,-3.579,-0.01465,0.002049,-0.0004777,-0.0004777,-0.4777,-0.0004799,-0.0004799,-0.451
17.880234,-3.574,0.0,0.001961,-0.0004732,-0.0004732,-0.4732,-0.000475,-0.000475,-0.451
17.890234,-3.54,0.004883,0.001894,-0.0002879,-0.0002879,-0.2879,-0.0002894,-0.0002894,-0.2549
17.900234,-3.501,0.03906,0.001868,7.374e-06,7.374e-06,0.007374,6.105e-06,6.105e-06,0.01961
17.910234,-3.447,0.06348,0.001888,0.0002998,0.0002998,0.2998,0.0002991,0.0002991,0.3333
17.920233,-3.369,0.1172,0.001944,0.0004777,0.0004777,0.4777,0.0004774,0.0004774,0.4902
17.930235,-3.296,0.166,0.002008,0.0004732,0.0004732,0.4732,0.0004725,0.0004725,0.4902
17.940235,-3.213,0.2148,0.002058,0.0002879,0.0002879,0.2879,0.0002869,0.0002869,0.2941
17.950233,-3.13,0.2637,0.002043,-7.35e-06,-7.35e-06,-0.00735,-8.547e-06,-8.547e-06,0.01961
17.960234,-3.057,0.2832,0.001979,-0.0002998,-0.0002998,-0.2998,-0.0003016,-0.0003016,-0.2941
17.970234,-3.003,0.3027,0.001859,-0.0004778,-0.0004778,-0.4778,-0.0004799,-0.0004799,-0.451
17.980232,-2.959,0.3174,0.001713,-0.0004732,-0.0004732,-0.4732,-0.000475,-0.000475,-0.451
17.990234,-2.9,0.3174,0.001594,-0.0002879,-0.0002879,-0.2879,-0.0002894,-0.0002894,-0.2549
18.000233,-2.832,0.3271,0.001521,7.326e-06,7.326e-06,0.007326,6.105e-06,6.105e-06,0.01961
18.010233,-2.769,0.332,0.001503,0.0002998,0.0002998,0.2998,0.0002991,0.0002991,0.3333
18.020235,-2.671,0.3662,0.001515,0.0004778,0.0004778,0.4778,0.0004774,0.0004774,0.4902
18.030233,-2.607,0.4053,0.001538,0.0004732,0.0004732,0.4732,0.0004725,0.0004725,0.4902
18.040234,-2.515,0.4395,0.001544,0.0002879,0.0002879,0.2879,0.0002869,0.0002869,0.2941
18.050234,-2.451,0.4785,0.001488,-7.362e-06,-7.362e-06,-0.007362,-8.547e-06,-8.547e-06,0.01961
18.060234,-2.402,0.4736,0.001383,-0.0002998,-0.0002998,-0.2998,-0.0003016,-0.0003016,-0.2941
18.070234,-2.349,0.4639,0.001249,-0.0004778,-0.0004778,-0.4778,-0.0004799,-0.0004799,-0.451
18.080233,-2.31,0.4395,0.001086,-0.0004732,-0.0004732,-0.4732,-0.000475,-0.000475,-0.451
18.090233,-2.275,0.4102,0.0009544,-0.0002879,-0.0002879,-0.2879,-0.0002894,-0.0002894,-0.2549
18.100235,-2.261,0.3906,0.0008727,7.398e-06,7.398e-06,0.007398,6.105e-06,6.105e-06,0.01961
18.110233,-2.217,0.3662,0.0008493,0.0002998,0.0002998,0.2998,0.0002991,0.0002991,0.3333
18.120234,-2.158,0.3857,0.0008493,0.0004777,0.0004777,0.4777,0.0004774,0.0004774,0.4902
18.130234,-2.134,0.3906,0.0008697,0.0004732,0.0004732,0.4732,0.0004725,0.0004725,0.4902
18.140234,-2.104,0.4053,0.0008785,0.0002879,0.0002879,0.2879,0.0002869,0.0002869,0.2941
18.150234,-2.065,0.4004,0.0008406,-7.374e-06,-7.374e-06,-0.007374,-8.547e-06,-8.547e-06,0.01961
18.160234,-2.075,0.376,0.0007618,-0.0002998,-0.0002998,-0.2998,-0.0003016,-0.0003016,-0.2941
18.170235,-2.065,0.3271,0.000645,-0.0004778,-0.0004778,-0.4778,-0.0004799,-0.0004799,-0.451
18.180235,-2.09,0.2783,0.0005049,-0.0004732,-0.0004732,-0.4732,-0.000475,-0.000475,-0.451
18.190233,-2.119,0.2295,0.0004028,-0.0002879,-0.0002879,-0.2879,-0.0002894,-0.0002894,-0.2549
18.200233,-2.144,0.1855,0.0003532,7.35e-06,7.35e-06,0.00735,6.105e-06,6.105e-06,0.01961
18.210234,-2.188,0.1514,0.0003502,0.0002998,0.0002998,0.2998,0.0002991,0.0002991,0.3333
18.220234,-2.202,0.1221,0.0004174,0.0004778,0.0004778,0.4778,0.0004774,0.0004774,0.4902
18.230232,-2.222,0.1172,0.0004786,0.0004732,0.0004732,0.4732,0.0004725,0.0004725,0.4902
18.240234,-2.251,0.1025,0.0005341,0.0002879,0.0002879,0.2879,0.0002869,0.0002869,0.2941
18.250235,-2.275,0.09277,0.0005399,-7.386e-06,-7.386e-06,-0.007386,-8.547e-06,-8.547e-06,0.01961
18.260233,-2.329,0.03418,0.0005195,-0.0002998,-0.0002998,-0.2998,-0.0003016,-0.0003016,-0.2941
18.270235,-2.393,-0.004883,0.0004524,-0.0004778,-0.0004778,-0.4778,-0.0004799,-0.0004799,-0.451
18.280233,-2.476,-0.07324,0.0003853,-0.0004732,-0.0004732,-0.4732,-0.000475,-0.000475,-0.451
18.290234,-2.559,-0.127,0.0003269,-0.0002879,-0.0002879,-0.2879,-0.0002894,-0.0002894,-0.2549
18.300234,-2.642,-0.1758,0.0003444,7.362e-06,7.362e-06,0.007362,6.105e-06,6.105e-06,0.01961
18.310234,-2.729,-0.2197,0.0004144,0.0002998,0.0002998,0.2998,0.0002991,0.0002991,0.3333
18.320234,-2.778,-0.2246,0.0005224,0.0004778,0.0004778,0.4778,0.0004774,0.0004774,0.4902
18.330235,-2.847,-0.2393,0.0006479,0.0004732,0.0004732,0.4732,0.0004725,0.0004725,0.4902
18.340235,-2.891,-0.249,0.0007647,0.0002879,0.0002879,0.2879,0.0002869,0.0002869,0.2941
18.350235,-2.959,-0.2588,0.0008376,-7.398e-06,-7.398e-06,-0.007398,-8.547e-06,-8.547e-06,0.01961
18.360235,-3.037,-0.293,0.0008581,-0.0002999,-0.0002999,-0.2999,-0.0003016,-0.0003016,-0.2941
18.370234,-3.115,-0.3369,0.000861,-0.0004777,-0.0004777,-0.4777,-0.0004799,-0.0004799,-0.451
18.380234,-3.228,-0.376,0.0008289,-0.0004732,-0.0004732,-0.4732,-0.000475,-0.000475,-0.451
18.390234,-3.315,-0.415,0.0008289,-0.0002879,-0.0002879,-0.2879,-0.0002894,-0.0002894,-0.2549
18.400234,-3.389,-0.4395,0.0008785,7.374e-06,7.374e-06,0.007374,6.105e-06,6.105e-06,0.01961
18.410233,-3.477,-0.4541,0.0009748,0.0002998,0.0002998,0.2998,0.0002991,0.0002991,0.3333
18.420235,-3.521,-0.4492,0.001127,0.0004778,0.0004778,0.4778,0.0004774,0.0004774,0.4902
18.430233,-3.574,-0.4395,0.001296,0.0004732,0.0004732,0.4732,0.0004725,0.0004725,0.4902
18.440233,-3.628,-0.4248,0.001442,0.0002879,0.0002879,0.2879,0.0002869,0.0002869,0.2941
18.450233,-3.652,-0.4053,0.001538,-7.35e-06,-7.35e-06,-0.00735,-8.547e-06,-8.547e-06,0.01961
18.460234,-3.711,-0.4004,0.001567,-0.0002998,-0.0002998,-0.2998,-0.0003016,-0.0003016,-0.2941
18.470234,-3.75,-0.4102,0.001585,-0.0004778,-0.0004778,-0.4778,-0.0004799,-0.0004799,-0.451
18.480234,-3.823,-0.415,0.001553,-0.0004732,-0.0004732,-0.4732,-0.000475,-0.000475,-0.451
18.490232,-3.872,-0.4248,0.001559,-0.0002879,-0.0002879,-0.2879,-0.0002894,-0.0002894,-0.2549
18.500235,-3.911,-0.4199,0.001602,7.386e-06,7.386e-06,0.007386,6.105e-06,6.105e-06,0.01961
18.510233,-3.936,-0.4053,0.001699,0.0002998,0.0002998,0.2998,0.0002991,0.0002991,0.3333
18.520235,-3.916,-0.3662,0.001836,0.0004778,0.0004778,0.4778,0.0004774,0.0004774,0.4902
18.530233,-3.921,-0.3223,0.001985,0.0004732,0.0004732,0.4732,0.0004725,0.0004725,0.4902
18.540234,-3.906,-0.2734,0.002101,0.0002879,0.0002879,0.2879,0.0002869,0.0002869,0.2941
18.550234,-3.892,-0.2246,0.002166,-7.362e-06,-7.362e-06,-0.007362,-8.547e-06,-8.547e-06,0.01961
18.560234,-3.882,-0.1904,0.002171,-0.0002998,-0.0002998,-0.2998,-0.0003016,-0.0003016,-0.2941
18.570234,-3.862,-0.1611,0.002131,-0.0004778,-0.0004778,-0.4778,-0.0004799,-0.0004799,-0.451
18.580235,-3.848,-0.1465,0.002066,-0.0004732,-0.0004732,-0.4732,-0.000475,-0.000475,-0.451
18.590233,-3.838,-0.1367,0.002023,-0.0002879,-0.0002879,-0.2879,-0.0002894,-0.0002894,-0.2549
18.600233,-3.799,-0.1172,0.002031,7.338e-06,7.338e-06,0.007338,6.105e-06,6.105e-06,0.01961
18.610233,-3.755,-0.07812,0.002072,0.0002998,0.0002998,0.2998,0.0002991,0.0002991,0.3333
18.620234,-3.682,-0.01953,0.002154,0.0004777,0.0004777,0.4777,0.0004774,0.0004774,0.4902
18.630234,-3.623,0.03906,0.002236,0.0004732,0.0004732,0.4732,0.0004725,0.0004725,0.4902
18.640232,-3.54,0.1123,0.002288,0.0002879,0.0002879,0.2879,0.0002869,0.0002869,0.2941
18.650234,-3.452,0.166,0.002288,-7.374e-06,-7.374e-06,-0.007374,-8.547e-06,-8.547e-06,0.01961
18.660234,-3.389,0.21,0.002227,-0.0002998,-0.0002998,-0.2998,-0.0003016,-0.0003016,-0.2941
18.670235,-3.315,0.2393,0.002122,-0.0004778,-0.0004778,-0.4778,-0.0004799,-0.0004799,-0.451
18.680233,-3.252,0.249,0.001999,-0.0004732,-0.0004732,-0.4732,-0.000475,-0.000475,-0.451
18.690235,-3.188,0.2588,0.001897,-0.0002879,-0.0002879,-0.2879,-0.0002894,-0.0002894,-0.2549
18.700233,-3.115,0.2832,0.001833,7.35e-06,7.35e-06,0.00735,6.105e-06,6.105e-06,0.01961
18.710234,-3.037,0.3076,0.001807,0.0002998,0.0002998,0.2998,0.0002991,0.0002991,0.3333
18.720234,-2.944,0.3516,0.001833,0.0004778,0.0004778,0.4778,0.0004774,0.0004774,0.4902
18.730234,-2.847,0.4102,0.00185,0.0004732,0.0004732,0.4732,0.0004725,0.0004725,0.4902
18.740234,-2.744,0.459,0.001842,0.0002879,0.0002879,0.2879,0.0002869,0.0002869,0.2941
18.750235,-2.642,0.5078,0.001789,-7.386e-06,-7.386e-06,-0.007386,-8.547e-06,-8.547e-06,0.01961
18.760235,-2.559,0.5127,0.001684,-0.0002998,-0.0002998,-0.2998,-0.0003016,-0.0003016,-0.2941
18.770233,-2.49,0.5273,0.001524,-0.0004777,-0.0004777,-0.4777,-0.0004799,-0.0004799,-0.451
18.780235,-2.437,0.5127,0.001363,-0.0004732,-0.0004732,-0.4732,-0.000475,-0.000475,-0.451
18.790234,-2.373,0.498,0.00122,-0.0002879,-0.0002879,-0.2879,-0.0002894,-0.0002894,-0.2549
18.800234,-2.314,0.4932,0.001121,7.362e-06,7.362e-06,0.007362,6.105e-06,6.105e-06,0.01961
18.810234,-2.266,0.498,0.001059,0.0002998,0.0002998,0.2998,0.0002991,0.0002991,0.3333
18.820234,-2.173,0.5078,0.001059,0.0004778,0.0004778,0.4778,0.0004774,0.0004774,0.4902
18.830235,-2.119,0.5225,0.001065,0.0004732,0.0004732,0.4732,0.0004725,0.0004725,0.4902
18.840233,-2.041,0.5371,0.001051,0.0002879,0.0002879,0.2879,0.0002869,0.0002869,0.2941
18.850233,-1.987,0.542,0.0009894,-7.339e-06,-7.339e-06,-0.007339,-8.547e-06,-8.547e-06,0.01961
18.860235,-1.953,0.5176,0.0008814,-0.0002999,-0.0002999,-0.2999,-0.0003016,-0.0003016,-0.2941
18.870234,-1.938,0.498,0.0007326,-0.0004777,-0.0004777,-0.4777,-0.0004799,-0.0004799,-0.451
18.880234,-1.934,0.4492,0.0005779,-0.0004732,-0.0004732,-0.4732,-0.000475,-0.000475,-0.451
18.890234,-1.934,0.4053,0.0004407,-0.0002879,-0.0002879,-0.2879,-0.0002894,-0.0002894,-0.2549
18.900234,-1.934,0.3564,0.0003707,7.375e-06,7.375e-06,0.007375,6.105e-06,6.105e-06,0.01961
18.910234,-1.948,0.3174,0.0003502,0.0002998,0.0002998,0.2998,0.0002991,0.0002991,0.3333
18.920235,-1.943,0.3174,0.0003619,0.0004778,0.0004778,0.4778,0.0004774,0.0004774,0.4902
18.930233,-1.948,0.293,0.0004057,0.0004732,0.0004732,0.4732,0.0004725,0.0004725,0.4902
18.940235,-1.943,0.2686,0.0004407,0.0002879,0.0002879,0.2879,0.0002869,0.0002869,0.2941
18.950233,-1.958,0.249,0.000432,-7.351e-06,-7.351e-06,-0.007351,-8.547e-06,-8.547e-06,0.01961
18.960234,-2.002,0.1953,0.0003794,-0.0002998,-0.0002998,-0.2998,-0.0003016,-0.0003016,-0.2941
18.970234,-2.061,0.1514,0.000286,-0.0004778,-0.0004778,-0.4778,-0.0004799,-0.0004799,-0.451
18.980234,-2.144,0.08301,0.000181,-0.0004732,-0.0004732,-0.4732,-0.000475,-0.000475,-0.451
18.990234,-2.207,0.01465,0.0001167,-0.0002879,-0.0002879,-0.2879,-0.0002894,-0.0002894,-0.2549
19.000237,-2.28,-0.04395,0.0001022,7.447e-06,7.447e-06,0.007447,6.105e-06,6.105e-06,0.01961
19.010233,-2.363,-0.09766,0.000143,0.0002998,0.0002998,0.2998,0.0002991,0.0002991,0.3333
19.020233,-2.412,-0.1172,0.0002422,0.0004777,0.0004777,0.4777,0.0004774,0.0004774,0.4902
19.030235,-2.49,-0.1465,0.0003532,0.0004732,0.0004732,0.4732,0.0004725,0.0004725,0.4902
19.040234,-2.544,-0.1807,0.0004699,0.0002879,0.0002879,0.2879,0.0002869,0.0002869,0.2941
19.050234,-2.627,-0.2002,0.0005224,-7.363e-06,-7.363e-06,-0.007363,-8.547e-06,-8.547e-06,0.01961
19.060234,-2.71,-0.2393,0.0005341,-0.0002998,-0.0002998,-0.2998,-0.0003016,-0.0003016,-0.2941
19.070234,-2.812,-0.2783,0.0005108,-0.0004778,-0.0004778,-0.4778,-0.0004799,-0.0004799,-0.451
19.080235,-2.925,-0.3467,0.0004903,-0.0004732,-0.0004732,-0.4732,-0.000475,-0.000475,-0.451
19.090233,-3.037,-0.3906,0.0004728,-0.0002879,-0.0002879,-0.2879,-0.0002894,-0.0002894,-0.2549
19.100233,-3.14,-0.4395,0.0005283,7.339e-06,7.339e-06,0.007339,6.105e-06,6.105e-06,0.01961
19.110233,-3.242,-0.4736,0.0006392,0.0002998,0.0002998,0.2998,0.0002991,0.0002991,0.3333
19.120234,-3.32,-0.4834,0.0007968,0.0004777,0.0004777,0.4777,0.0004774,0.0004774,0.4902
19.130234,-3.398,-0.498,0.0009719,0.0004732,0.0004732,0.4732,0.0004725,0.0004725,0.4902
19.140234,-3.467,-0.4834,0.001124,0.0002879,0.0002879,0.2879,0.0002869,0.0002869,0.2941
19.150234,-3.54,-0.4785,0.001226,-7.375e-06,-7.375e-06,-0.007375,-8.547e-06,-8.547e-06,0.01961
19.160234,-3.618,-0.4932,0.001281,-0.0002998,-0.0002998,-0.2998,-0.0003016,-0.0003016,-0.2941
19.170235,-3.701,-0.5078,0.001296,-0.0004778,-0.0004778,-0.4778,-0.0004799,-0.0004799,-0.451
19.180233,-3.794,-0.5322,0.001296,-0.0004732,-0.0004732,-0.4732,-0.000475,-0.000475,-0.451
19.190233,-3.872,-0.5566,0.001328,-0.0002879,-0.0002879,-0.2879,-0.0002894,-0.0002894,-0.2549
19.200233,-3.921,-0.5664,0.001395,7.351e-06,7.351e-06,0.007351,6.105e-06,6.105e-06,0.01961
19.210234,-4.004,-0.5664,0.001524,0.0002998,0.0002998,0.2998,0.0002991,0.0002991,0.3333
19.220234,-4.033,-0.5322,0.001678,0.0004778,0.0004778,0.4778,0.0004774,0.0004774,0.4902
19.230234,-4.048,-0.5029,0.001859,0.0004732,0.0004732,0.4732,0.0004725,0.0004725,0.4902
19.240234,-4.062,-0.4395,0.001993,0.0002879,0.0002879,0.2879,0.0002869,0.0002869,0.2941
19.250235,-4.077,-0.3906,0.002084,-7.387e-06,-7.387e-06,-0.007387,-8.547e-06,-8.547e-06,0.01961
19.260233,-4.082,-0.3809,0.002128,-0.0002998,-0.0002998,-0.2998,-0.0003016,-0.0003016,-0.2941
19.270233,-4.097,-0.3467,0.002113,-0.0004777,-0.0004777,-0.4777,-0.0004799,-0.0004799,-0.451
19.280233,-4.121,-0.3418,0.002084,-0.0004732,-0.0004732,-0.4732,-0.000475,-0.000475,-0.451
19.290234,-4.121,-0.3271,0.002078,-0.0002879,-0.0002879,-0.2879,-0.0002894,-0.0002894,-0.2549
19.300234,-4.111,-0.3076,0.00211,7.363e-06,7.363e-06,0.007363,6.105e-06,6.105e-06,0.01961
19.310234,-4.082,-0.2686,0.00218,0.0002998,0.0002998,0.2998,0.0002991,0.0002991,0.3333
19.320234,-4.058,-0.1904,0.002274,0.0004778,0.0004778,0.4778,0.0004774,0.0004774,0.4902
19.330235,-3.989,-0.1367,0.002399,0.0004732,0.0004732,0.4732,0.0004725,0.0004725,0.4902
19.340233,-3.916,-0.07812,0.00249,0.0002879,0.0002879,0.2879,0.0002869,0.0002869,0.2941
19.350233,-3.843,0.0,0.002507,-7.339e-06,-7.339e-06,-0.007339,-8.547e-06,-8.547e-06,0.01961
19.360233,-3.779,0.05371,0.002475,-0.0002998,-0.0002998,-0.2998,-0.0003016,-0.0003016,-0.2941
19.370234,-3.721,0.1074,0.002384,-0.0004777,-0.0004777,-0.4777,-0.0004799,-0.0004799,-0.451
19.380234,-3.652,0.1123,0.002297,-0.0004732,-0.0004732,-0.4732,-0.000475,-0.000475,-0.451
19.390234,-3.584,0.1367,0.002206,-0.0002879,-0.0002879,-0.2879,-0.0002894,-0.0002894,-0.2549
19.400234,-3.501,0.1758,0.00216,7.375e-06,7.375e-06,0.007375,6.105e-06,6.105e-06,0.01961
19.410233,-3.423,0.2197,0.002154,0.0002998,0.0002998,0.2998,0.0002991,0.0002991,0.3333
19.420235,-3.315,0.2832,0.002183,0.0004778,0.0004778,0.4778,0.0004774,0.0004774,0.4902
19.430233,-3.203,0.3516,0.002204,0.0004732,0.0004732,0.4732,0.0004725,0.0004725,0.4902
19.440233,-3.086,0.4102,0.002215,0.0002879,0.0002879,0.2879,0.0002869,0.0002869,0.2941
19.450233,-2.969,0.4639,0.002171,-7.351e-06,-7.351e-06,-0.007351,-8.547e-06,-8.547e-06,0.01961
19.460234,-2.861,0.498,0.002069,-0.0002998,-0.0002998,-0.2998,-0.0003016,-0.0003016,-0.2941
19.470234,-2.764,0.5273,0.00192,-0.0004778,-0.0004778,-0.4778,-0.0004799,-0.0004799,-0.451
19.480234,-2.69,0.5322,0.001742,-0.0004732,-0.0004732,-0.4732,-0.000475,-0.000475,-0.451
19.490234,-2.598,0.5322,0.001591,-0.0002879,-0.0002879,-0.2879,-0.0002894,-0.0002894,-0.2549
19.500235,-2.505,0.5469,0.00148,7.387e-06,7.387e-06,0.007387,6.105e-06,6.105e-06,0.01961
19.510233,-2.437,0.5615,0.001416,0.0002998,0.0002998,0.2998,0.0002991,0.0002991,0.3333
19.520235,-2.31,0.5957,0.001398,0.0004778,0.0004778,0.4778,0.0004774,0.0004774,0.4902
19.530233,-2.197,0.6201,0.001383,0.0004732,0.0004732,0.4732,0.0004725,0.0004725,0.4902
19.540234,-2.109,0.6543,0.001351,0.0002879,0.0002879,0.2879,0.0002869,0.0002869,0.2941
19.550234,-2.021,0.6641,0.001278,-7.363e-06,-7.363e-06,-0.007363,-8.547e-06,-8.547e-06,0.01961
19.560234,-1.958,0.6738,0.001129,-0.0002998,-0.0002998,-0.2998,-0.0003016,-0.0003016,-0.2941
19.570234,-1.904,0.6592,0.0009631,-0.0004778,-0.0004778,-0.4778,-0.0004799,-0.0004799,-0.451
19.580235,-1.865,0.6055,0.0007851,-0.0004732,-0.0004732,-0.4732,-0.000475,-0.000475,-0.451
19.590235,-1.826,0.5859,0.0006158,-0.0002879,-0.0002879,-0.2879,-0.0002894,-0.0002894,-0.2549
19.600233,-1.787,0.5469,0.0005049,7.339e-06,7.339e-06,0.007339,6.105e-06,6.105e-06,0.01961
19.610233,-1.758,0.5029,0.0004641,0.0002998,0.0002998,0.2998,0.0002991,0.0002991,0.3333
19.620234,-1.733,0.5127,0.0004407,0.0004777,0.0004777,0.4777,0.0004774,0.0004774,0.4902
19.630234,-1.704,0.4834,0.0004641,0.0004732,0.0004732,0.4732,0.0004725,0.0004725,0.4902
19.640234,-1.665,0.4785,0.0004611,0.0002879,0.0002879,0.2879,0.0002869,0.0002869,0.2941
19.650232,-1.665,0.4492,0.0004115,-7.315e-06,-7.315e-06,-0.007315,-8.547e-06,-8.547e-06,0.01961
19.660234,-1.685,0.4102,0.0003181,-0.0002998,-0.0002998,-0.2998,-0.0003016,-0.0003016,-0.2941
19.670235,-1.694,0.3564,0.0001926,-0.0004778,-0.0004778,-0.4778,-0.0004799,-0.0004799,-0.451
19.680235,-1.768,0.293,5.545e-05,-0.0004732,-0.0004732,-0.4732,-0.000475,-0.000475,-0.451
19.690233,-1.816,0.2246,-4.962e-05,-0.0002879,-0.0002879,-0.2879,-0.0002894,-0.0002894,-0.2549
19.700233,-1.865,0.1514,-8.756e-05,7.351e-06,7.351e-06,0.007351,6.105e-06,6.105e-06,0.01961
19.710234,-1.938,0.1025,-8.464e-05,0.0002998,0.0002998,0.2998,0.0002991,0.0002991,0.3333
19.720234,-1.963,0.04395,8.756e-06,0.0004778,0.0004778,0.4778,0.0004774,0.0004774,0.4902
19.730234,-2.036,0.01465,8.464e-05,0.0004732,0.0004732,0.4732,0.0004725,0.0004725,0.4902
19.740234,-2.109,-0.01465,0.0001576,0.0002879,0.0002879,0.2879,0.0002869,0.0002869,0.2941
19.750233,-2.188,-0.04883,0.0001955,-7.327e-06,-7.327e-06,-0.007327,-8.547e-06,-8.547e-06,0.01961
19.760233,-2.275,-0.1025,0.000181,-0.0002998,-0.0002998,-0.2998,-0.0003016,-0.0003016,-0.2941
19.770233,-2.378,-0.1758,0.0001547,-0.0004777,-0.0004777,-0.4777,-0.0004799,-0.0004799,-0.451
19.780235,-2.52,-0.2441,9.631e-05,-0.0004732,-0.0004732,-0.4732,-0.000475,-0.000475,-0.451
19.790236,-2.632,-0.3125,8.464e-05,-0.0002879,-0.0002879,-0.2879,-0.0002894,-0.0002894,-0.2549
19.800234,-2.744,-0.376,0.0001226,7.363e-06,7.363e-06,0.007363,6.105e-06,6.105e-06,0.01961
19.810234,-2.866,-0.4199,0.0002189,0.0002998,0.0002998,0.2998,0.0002991,0.0002991,0.3333
19.820234,-2.954,-0.4492,0.0003736,0.0004778,0.0004778,0.4778,0.0004774,0.0004774,0.4902
19.830235,-3.062,-0.4883,0.0005604,0.0004732,0.0004732,0.4732,0.0004725,0.0004725,0.4902
19.840233,-3.164,-0.4932,0.0007034,0.0002879,0.0002879,0.2879,0.0002869,0.0002869,0.2941
19.850235,-3.262,-0.5078,0.0008143,-7.399e-06,-7.399e-06,-0.007399,-8.547e-06,-8.547e-06,0.01961
19.860233,-3.384,-0.5322,0.0008727,-0.0002998,-0.0002998,-0.2998,-0.0003016,-0.0003016,-0.2941
19.870234,-3.477,-0.5664,0.0008931,-0.0004777,-0.0004777,-0.4777,-0.0004799,-0.0004799,-0.451
19.880234,-3.628,-0.6006,0.000896,-0.0004732,-0.0004732,-0.4732,-0.000475,-0.000475,-0.451
19.890234,-3.726,-0.6445,0.0009456,-0.0002879,-0.0002879,-0.2879,-0.0002894,-0.0002894,-0.2549
19.900234,-3.828,-0.6787,0.001042,7.375e-06,7.375e-06,0.007375,6.105e-06,6.105e-06,0.01961
19.910234,-3.931,-0.6934,0.001191,0.0002998,0.0002998,0.2998,0.0002991,0.0002991,0.3333
19.920233,-3.984,-0.6934,0.001392,0.0004777,0.0004777,0.4777,0.0004774,0.0004774,0.4902
19.930233,-4.058,-0.6592,0.001573,0.0004732,0.0004732,0.4732,0.0004725,0.0004725,0.4902
19.940233,-4.106,-0.6201,0.001745,0.0002879,0.0002879,0.2879,0.0002869,0.0002869,0.2941
19.950233,-4.165,-0.5908,0.001871,-7.352e-06,-7.352e-06,-0.007352,-8.547e-06,-8.547e-06,0.01961
19.960236,-4.224,-0.5811,0.001938,-0.0002999,-0.0002999,-0.2999,-0.0003016,-0.0003016,-0.2941
19.970234,-4.258,-0.5518,0.001958,-0.0004778,-0.0004778,-0.4778,-0.0004799,-0.0004799,-0.451
19.980234,-4.316,-0.5566,0.001967,-0.0004732,-0.0004732,-0.4732,-0.000475,-0.000475,-0.451
19.990234,-4.351,-0.542,0.001988,-0.0002879,-0.0002879,-0.2879,-0.0002894,-0.0002894,-0.2549
20.000235,-4.375,-0.5322,0.002063,7.388e-06,7.388e-06,0.007388,6.105e-06,6.105e-06,0.01961
20.010233,-4.399,-0.4932,0.002171,0.0002998,0.0002998,0.2998,0.0002991,0.0002991,0.3333
20.020233,-4.375,-0.4248,0.002314,0.0004777,0.0004777,0.4777,0.0004774,0.0004774,0.4902
20.030233,-4.341,-0.3711,0.002469,0.0004732,0.0004732,0.4732,0.0004725,0.0004725,0.4902
20.040234,-4.292,-0.2979,0.002586,0.0002879,0.0002879,0.2879,0.0002869,0.0002869,0.2941
20.050234,-4.253,-0.2295,0.002647,-7.364e-06,-7.364e-06,-0.007364,-8.547e-06,-8.547e-06,0.01961
20.060234,-4.209,-0.1758,0.002659,-0.0002998,-0.0002998,-0.2998,-0.0003016,-0.0003016,-0.2941
20.070234,-4.131,-0.1318,0.002606,-0.0004778,-0.0004778,-0.4778,-0.0004799,-0.0004799,-0.451
20.080233,-4.121,-0.09277,0.002539,-0.0004732,-0.0004732,-0.4732,-0.000475,-0.000475,-0.451
20.090233,-4.058,-0.05859,0.002484,-0.0002879,-0.0002879,-0.2879,-0.0002894,-0.0002894,-0.2549
20.100233,-3.994,-0.009766,0.00246,7.34e-06,7.34e-06,0.00734,6.105e-06,6.105e-06,0.01961
20.110233,-3.901,0.04395,0.00249,0.0002998,0.0002998,0.2998,0.0002991,0.0002991,0.3333
20.120235,-3.779,0.127,0.002536,0.0004778,0.0004778,0.4778,0.0004774,0.0004774,0.4902
20.130234,-3.677,0.21,0.002592,0.0004732,0.0004732,0.4732,0.0004725,0.0004725,0.4902
20.140234,-3.545,0.293,0.002618,0.0002879,0.0002879,0.2879,0.0002869,0.0002869,0.2941
20.150234,-3.423,0.3564,0.002595,-7.376e-06,-7.376e-06,-0.007376,-8.547e-06,-8.547e-06,0.01961
20.160233,-3.301,0.4004,0.00251,-0.0002998,-0.0002998,-0.2998,-0.0003016,-0.0003016,-0.2941
20.170235,-3.188,0.459,0.002358,-0.0004778,-0.0004778,-0.4778,-0.0004799,-0.0004799,-0.451
20.180233,-3.086,0.4736,0.002212,-0.0004732,-0.0004732,-0.4732,-0.000475,-0.000475,-0.451
20.190233,-2.979,0.498,0.002063,-0.0002879,-0.0002879,-0.2879,-0.0002894,-0.0002894,-0.2549
20.200235,-2.876,0.5371,0.001944,7.412e-06,7.412e-06,0.007412,6.105e-06,6.105e-06,0.01961
20.210236,-2.759,0.5762,0.001874,0.0002999,0.0002999,0.2999,0.0002991,0.0002991,0.3333
20.220234,-2.622,0.6396,0.001833,0.0004778,0.0004778,0.4778,0.0004774,0.0004774,0.4902
20.230234,-2.476,0.6787,0.001827,0.0004732,0.0004732,0.4732,0.0004725,0.0004725,0.4902
20.240234,-2.334,0.7178,0.001795,0.0002879,0.0002879,0.2879,0.0002869,0.0002869,0.2941
20.250235,-2.212,0.7568,0.001702,-7.388e-06,-7.388e-06,-0.007388,-8.547e-06,-8.547e-06,0.01961
20.260233,-2.109,0.7617,0.001559,-0.0002998,-0.0002998,-0.2998,-0.0003016,-0.0003016,-0.2941
20.270235,-1.987,0.7715,0.00136,-0.0004778,-0.0004778,-0.4778,-0.0004799,-0.0004799,-0.451
20.280235,-1.934,0.7568,0.001147,-0.0004732,-0.0004732,-0.4732,-0.000475,-0.000475,-0.451
20.290236,-1.855,0.7471,0.0009515,-0.0002879,-0.0002879,-0.2879,-0.0002894,-0.0002894,-0.2549
20.300234,-1.772,0.7275,0.0008114,7.364e-06,7.364e-06,0.007364,6.105e-06,6.105e-06,0.01961
20.310234,-1.704,0.708,0.0007209,0.0002998,0.0002998,0.2998,0.0002991,0.0002991,0.3333
20.320234,-1.602,0.7031,0.0006975,0.0004778,0.0004778,0.4778,0.0004774,0.0004774,0.4902
20.330235,-1.553,0.7031,0.0006684,0.0004732,0.0004732,0.4732,0.0004725,0.0004725,0.4902
20.340233,-1.465,0.6982,0.0006304,0.0002879,0.0002879,0.2879,0.0002869,0.0002869,0.2941
20.350235,-1.387,0.6885,0.0005458,-7.4e-06,-7.4e-06,-0.0074,-8.547e-06,-8.547e-06,0.01961
20.360233,-1.323,0.6641,0.0004057,-0.0002998,-0.0002998,-0.2998,-0.0003016,-0.0003016,-0.2941
20.370234,-1.255,0.6152,0.0002364,-0.0004777,-0.0004777,-0.4777,-0.0004799,-0.0004799,-0.451
20.380234,-1.255,0.5566,6.421e-05,-0.0004732,-0.0004732,-0.4732,-0.000475,-0.000475,-0.451
20.390234,-1.221,0.498,-9.048e-05,-0.0002879,-0.0002879,-0.2879,-0.0002894,-0.0002894,-0.2549
20.400232,-1.201,0.4297,-0.0001693,7.316e-06,7.316e-06,0.007316,6.105e-06,6.105e-06,0.01961
20.410234,-1.196,0.3711,-0.0001955,0.0002998,0.0002998,0.2998,0.0002991,0.0002991,0.3333
20.420235,-1.187,0.3418,-0.000178,0.0004778,0.0004778,0.4778,0.0004774,0.0004774,0.4902
20.430235,-1.167,0.2979,-0.0001372,0.0004732,0.0004732,0.4732,0.0004725,0.0004725,0.4902
20.440233,-1.177,0.2783,-0.0001109,0.0002879,0.0002879,0.2879,0.0002869,0.0002869,0.2941
20.450235,-1.201,0.2441,-0.0001226,-7.412e-06,-7.412e-06,-0.007412,-8.547e-06,-8.547e-06,0.01961
20.460234,-1.25,0.1807,-0.0001751,-0.0002998,-0.0002998,-0.2998,-0.0003016,-0.0003016,-0.2941
20.470234,-1.318,0.1221,-0.0002656,-0.0004778,-0.0004778,-0.4778,-0.0004799,-0.0004799,-0.451
20.480234,-1.421,0.03418,-0.0003532,-0.0004732,-0.0004732,-0.4732,-0.000475,-0.000475,-0.451
20.490234,-1.533,-0.04883,-0.0004086,-0.0002879,-0.0002879,-0.2879,-0.0002894,-0.0002894,-0.2549
20.500233,-1.675,-0.127,-0.0004028,7.328e-06,7.328e-06,0.007328,6.105e-06,6.105e-06,0.01961
20.510233,-1.826,-0.1904,-0.0003415,0.0002998,0.0002998,0.2998,0.0002991,0.0002991,0.3333
20.520233,-1.938,-0.2295,-0.0002306,0.0004777,0.0004777,0.4777,0.0004774,0.0004774,0.4902
20.530233,-2.08,-0.2686,-9.631e-05,0.0004732,0.0004732,0.4732,0.0004725,0.0004725,0.4902
20.540234,-2.207,-0.3027,2.043e-05,0.0002879,0.0002879,0.2879,0.0002869,0.0002869,0.2941
20.550236,-2.363,-0.3418,9.923e-05,-7.424e-06,-7.424e-06,-0.007424,-8.547e-06,-8.547e-06,0.01961
20.560234,-2.5,-0.4053,0.0001459,-0.0002998,-0.0002998,-0.2998,-0.0003016,-0.0003016,-0.2941
20.570234,-2.656,-0.4688,0.0001664,-0.0004778,-0.0004778,-0.4778,-0.0004799,-0.0004799,-0.451
20.580235,-2.832,-0.542,0.0001634,-0.0004732,-0.0004732,-0.4732,-0.000475,-0.000475,-0.451
20.590235,-2.993,-0.6055,0.0001955,-0.0002879,-0.0002879,-0.2879,-0.0002894,-0.0002894,-0.2549
20.600233,-3.159,-0.6641,0.000286,7.34e-06,7.34e-06,0.00734,6.105e-06,6.105e-06,0.01961
20.610233,-3.301,-0.7031,0.000429,0.0002998,0.0002998,0.2998,0.0002991,0.0002991,0.3333
20.620235,-3.438,-0.7178,0.0006187,0.0004778,0.0004778,0.4778,0.0004774,0.0004774,0.4902
20.630236,-3.56,-0.7227,0.000823,0.0004732,0.0004732,0.4732,0.0004725,0.0004725,0.4902
20.640234,-3.652,-0.7227,0.001016,0.0002879,0.0002879,0.2879,0.0002869,0.0002869,0.2941
20.650234,-3.779,-0.7373,0.00117,-7.376e-06,-7.376e-06,-0.007376,-8.547e-06,-8.547e-06,0.01961
20.660233,-3.896,-0.7422,0.001264,-0.0002998,-0.0002998,-0.2998,-0.0003016,-0.0003016,-0.2941
20.670233,-4.009,-0.7715,0.001331,-0.0004777,-0.0004777,-0.4777,-0.0004799,-0.0004799,-0.451
20.680233,-4.146,-0.7959,0.00138,-0.0004732,-0.0004732,-0.4732,-0.000475,-0.000475,-0.451
20.690235,-4.258,-0.8008,0.001436,-0.0002879,-0.0002879,-0.2879,-0.0002894,-0.0002894,-0.2549
20.700235,-4.355,-0.7959,0.001535,7.412e-06,7.412e-06,0.007412,6.105e-06,6.105e-06,0.01961
20.710234,-4.438,-0.791,0.001702,0.0002998,0.0002998,0.2998,0.0002991,0.0002991,0.3333
20.720234,-4.478,-0.7568,0.001897,0.0004778,0.0004778,0.4778,0.0004774,0.0004774,0.4902
20.730234,-4.507,-0.7178,0.002113,0.0004732,0.0004732,0.4732,0.0004725,0.0004725,0.4902
20.740234,-4.541,-0.6592,0.002294,0.0002879,0.0002879,0.2879,0.0002869,0.0002869,0.2941
20.750235,-4.565,-0.6006,0.002411,-7.388e-06,-7.388e-06,-0.007388,-8.547e-06,-8.547e-06,0.01961
20.760233,-4.595,-0.5615,0.002487,-0.0002998,-0.0002998,-0.2998,-0.0003016,-0.0003016,-0.2941
20.770235,-4.624,-0.5127,0.002498,-0.0004778,-0.0004778,-0.4778,-0.0004799,-0.0004799,-0.451
20.780235,-4.629,-0.498,0.002504,-0.0004732,-0.0004732,-0.4732,-0.000475,-0.000475,-0.451
20.790234,-4.619,-0.4541,0.002504,-0.0002879,-0.0002879,-0.2879,-0.0002894,-0.0002894,-0.2549
20.800234,-4.6,-0.415,0.002557,7.364e-06,7.364e-06,0.007364,6.105e-06,6.105e-06,0.01961
20.810234,-4.556,-0.3564,0.002644,0.0002998,0.0002998,0.2998,0.0002991,0.0002991,0.3333
20.820234,-4.473,-0.2881,0.002781,0.0004778,0.0004778,0.4778,0.0004774,0.0004774,0.4902
20.830235,-4.424,-0.1904,0.002892,0.0004732,0.0004732,0.4732,0.0004725,0.0004725,0.4902
20.840233,-4.316,-0.09277,0.00298,0.0002879,0.0002879,0.2879,0.0002869,0.0002869,0.2941
20.850233,-4.219,-0.009766,0.003006,-7.34e-06,-7.34e-06,-0.00734,-8.547e-06,-8.547e-06,0.01961
20.860235,-4.126,0.05371,0.002986,-0.0002999,-0.0002999,-0.2999,-0.0003016,-0.0003016,-0.2941
20.870234,-4.014,0.1123,0.002886,-0.0004777,-0.0004777,-0.4777,-0.0004799,-0.0004799,-0.451
20.880234,-3.945,0.1709,0.00277,-0.0004732,-0.0004732,-0.4732,-0.000475,-0.000475,-0.451
20.890234,-3.818,0.2246,0.002665,-0.0002879,-0.0002879,-0.2879,-0.0002894,-0.0002894,-0.2549
20.900234,-3.711,0.2734,0.002606,7.376e-06,7.376e-06,0.007376,6.105e-06,6.105e-06,0.01961
20.910234,-3.574,0.332,0.002589,0.0002998,0.0002998,0.2998,0.0002991,0.0002991,0.3333
20.920233,-3.428,0.4297,0.00258,0.0004777,0.0004777,0.4777,0.0004774,0.0004774,0.4902
20.930233,-3.257,0.4883,0.002612,0.0004732,0.0004732,0.4732,0.0004725,0.0004725,0.4902
20.940233,-3.101,0.5957,0.002571,0.0002879,0.0002879,0.2879,0.0002869,0.0002869,0.2941
20.950233,-2.939,0.6592,0.002492,-7.352e-06,-7.352e-06,-0.007352,-8.547e-06,-8.547e-06,0.01961
20.960234,-2.798,0.7129,0.002352,-0.0002998,-0.0002998,-0.2998,-0.0003016,-0.0003016,-0.2941
20.970234,-2.642,0.752,0.002157,-0.0004778,-0.0004778,-0.4778,-0.0004799,-0.0004799,-0.451
20.980234,-2.539,0.7666,0.001955,-0.0004732,-0.0004732,-0.4732,-0.000475,-0.000475,-0.451
20.990234,-2.397,0.7764,0.001772,-0.0002879,-0.0002879,-0.2879,-0.0002894,-0.0002894,-0.2549
21.000235,-2.256,0.791,0.001623,7.388e-06,7.388e-06,0.007388,6.105e-06,6.105e-06,0.01961
21.010233,-2.139,0.8301,0.001503,0.0002998,0.0002998,0.2998,0.0002991,0.0002991,0.3333
21.020233,-1.973,0.8545,0.001456,0.0004777,0.0004777,0.4777,0.0004774,0.0004774,0.4902
21.030233,-1.851,0.8984,0.001383,0.0004732,0.0004732,0.4732,0.0004725,0.0004725,0.4902
21.040234,-1.699,0.9277,0.00131,0.0002879,0.0002879,0.2879,0.0002869,0.0002869,0.2941
21.050234,-1.582,0.9424,0.001182,-7.364e-06,-7.364e-06,-0.007364,-8.547e-06,-8.547e-06,0.01961
21.060232,-1.465,0.9326,0.001013,-0.0002998,-0.0002998,-0.2998,-0.0003016,-0.0003016,-0.2941
21.070232,-1.348,0.918,0.0007968,-0.0004777,-0.0004777,-0.4777,-0.0004799,-0.0004799,-0.451
21.080233,-1.26,0.874,0.0005662,-0.0004732,-0.0004732,-0.4732,-0.000475,-0.000475,-0.451
21.090235,-1.143,0.8301,0.0003765,-0.0002879,-0.0002879,-0.2879,-0.0002894,-0.0002894,-0.2549
21.100235,-1.03,0.7959,0.0002131,7.4e-06,7.4e-06,0.0074,6.105e-06,6.105e-06,0.01961
21.110235,-0.9033,0.7617,0.0001197,0.0002999,0.0002999,0.2999,0.0002991,0.0002991,0.3333
21.120235,-0.7568,0.7471,7.296e-05,0.0004778,0.0004778,0.4778,0.0004774,0.0004774,0.4902
21.130234,-0.6299,0.7422,2.919e-05,0.0004732,0.0004732,0.4732,0.0004725,0.0004725,0.4902
21.140234,-0.4736,0.7227,-5.837e-06,0.0002879,0.0002879,0.2879,0.0002869,0.0002869,0.2941
21.150234,-0.3564,0.6836,-7.588e-05,-7.377e-06,-7.377e-06,-0.007377,-8.547e-06,-8.547e-06,0.01961
21.160234,-0.2148,0.6396,-0.0002014,-0.0002998,-0.0002998,-0.2998,-0.0003016,-0.0003016,-0.2941
21.170233,-0.09766,0.5908,-0.0003677,-0.0004777,-0.0004777,-0.4777,-0.0004799,-0.0004799,-0.451
21.180235,-0.009766,0.5176,-0.0005312,-0.0004732,-0.0004732,-0.4732,-0.000475,-0.000475,-0.451
21.190233,0.09277,0.4541,-0.0006742,-0.0002879,-0.0002879,-0.2879,-0.0002894,-0.0002894,-0.2549
21.200233,0.1709,0.4199,-0.0007793,7.353e-06,7.353e-06,0.007353,6.105e-06,6.105e-06,0.01961
21.210234,0.2637,0.3418,-0.0007822,0.0002998,0.0002998,0.2998,0.0002991,0.0002991,0.3333
21.220234,0.3613,0.3271,-0.0007676,0.0004778,0.0004778,0.4778,0.0004774,0.0004774,0.4902
21.230234,0.4639,0.293,-0.0007151,0.0004732,0.0004732,0.4732,0.0004725,0.0004725,0.4902
21.240234,0.5713,0.2686,-0.0006771,0.0002879,0.0002879,0.2879,0.0002869,0.0002869,0.2941
21.250235,0.6543,0.2441,-0.0006888,-7.389e-06,-7.389e-06,-0.007389,-8.547e-06,-8.547e-06,0.01961
21.260233,0.7227,0.2051,-0.0007472,-0.0002998,-0.0002998,-0.2998,-0.0003016,-0.0003016,-0.2941
21.270233,0.8057,0.1562,-0.0008376,-0.0004777,-0.0004777,-0.4777,-0.0004799,-0.0004799,-0.451
21.280233,0.835,0.1025,-0.0009456,-0.0004732,-0.0004732,-0.4732,-0.000475,-0.000475,-0.451
21.290234,0.8789,0.04395,-0.00101,-0.0002879,-0.0002879,-0.2879,-0.0002894,-0.0002894,-0.2549
21.300234,0.918,-0.009766,-0.001022,7.365e-06,7.365e-06,0.007365,6.105e-06,6.105e-06,0.01961
21.310234,0.9375,-0.04395,-0.0009806,0.0002998,0.0002998,0.2998,0.0002991,0.0002991,0.3333
21.320234,1.001,-0.05371,-0.0008989,0.0004778,0.0004778,0.4778,0.0004774,0.0004774,0.4902
21.330235,1.04,-0.05371,-0.0007997,0.0004732,0.0004732,0.4732,0.0004725,0.0004725,0.4902
21.340235,1.099,-0.05371,-0.0007034,0.0002879,0.0002879,0.2879,0.0002869,0.0002869,0.2941
21.350235,1.138,-0.05859,-0.0006684,-7.401e-06,-7.401e-06,-0.007401,-8.547e-06,-8.547e-06,0.01961
21.360233,1.172,-0.07812,-0.0006771,-0.0002998,-0.0002998,-0.2998,-0.0003016,-0.0003016,-0.2941
21.370234,1.206,-0.1025,-0.0007151,-0.0004777,-0.0004777,-0.4777,-0.0004799,-0.0004799,-0.451
21.380234,1.206,-0.1465,-0.0007734,-0.0004732,-0.0004732,-0.4732,-0.000475,-0.000475,-0.451
21.390234,1.211,-0.1611,-0.0008172,-0.0002879,-0.0002879,-0.2879,-0.0002894,-0.0002894,-0.2549
21.400234,1.221,-0.1855,-0.0008026,7.377e-06,7.377e-06,0.007377,6.105e-06,6.105e-06,0.01961
21.410234,1.235,-0.1953,-0.0007326,0.0002998,0.0002998,0.2998,0.0002991,0.0002991,0.3333
21.420233,1.26,-0.166,-0.0006421,0.0004777,0.0004777,0.4777,0.0004774,0.0004774,0.4902
21.430233,1.304,-0.1465,-0.0005224,0.0004732,0.0004732,0.4732,0.0004725,0.0004725,0.4902
21.440233,1.357,-0.1172,-0.0004261,0.0002879,0.0002879,0.2879,0.0002869,0.0002869,0.2941
21.450233,1.416,-0.1025,-0.0003736,-7.353e-06,-7.353e-06,-0.007353,-8.547e-06,-8.547e-06,0.01961
21.460236,1.45,-0.08789,-0.0003882,-0.0002999,-0.0002999,-0.2999,-0.0003016,-0.0003016,-0.2941
21.470234,1.519,-0.09277,-0.000432,-0.0004778,-0.0004778,-0.4778,-0.0004799,-0.0004799,-0.451
21.480234,1.523,-0.09766,-0.0004962,-0.0004732,-0.0004732,-0.4732,-0.000475,-0.000475,-0.451
21.490234,1.572,-0.1025,-0.0005429,-0.0002879,-0.0002879,-0.2879,-0.0002894,-0.0002894,-0.2549
21.500235,1.621,-0.09277,-0.0005458,7.389e-06,7.389e-06,0.007389,6.105e-06,6.105e-06,0.01961
21.510235,1.699,-0.07324,-0.0005049,0.0002998,0.0002998,0.2998,0.0002991,0.0002991,0.3333
21.520235,1.802,-0.01953,-0.0004349,0.0004778,0.0004778,0.4778,0.0004774,0.0004774,0.4902
21.530233,1.909,0.01953,-0.0003356,0.0004732,0.0004732,0.4732,0.0004725,0.0004725,0.4902
21.540234,2.036,0.07812,-0.0002743,0.0002879,0.0002879,0.2879,0.0002869,0.0002869,0.2941
21.550234,2.144,0.1172,-0.0002568,-7.365e-06,-7.365e-06,-0.007365,-8.547e-06,-8.547e-06,0.01961
21.560232,2.241,0.1416,-0.0002948,-0.0002998,-0.0002998,-0.2998,-0.0003016,-0.0003016,-0.2941
21.570234,2.339,0.1709,-0.0003911,-0.0004778,-0.0004778,-0.4778,-0.0004799,-0.0004799,-0.451
21.580235,2.407,0.1758,-0.0005049,-0.0004732,-0.0004732,-0.4732,-0.000475,-0.000475,-0.451
21.590235,2.49,0.1904,-0.0005896,-0.0002879,-0.0002879,-0.2879,-0.0002894,-0.0002894,-0.2549
21.600235,2.573,0.21,-0.0006508,7.401e-06,7.401e-06,0.007401,6.105e-06,6.105e-06,0.01961
21.610235,2.666,0.2393,-0.0006567,0.0002999,0.0002999,0.2999,0.0002991,0.0002991,0.3333
21.620234,2.773,0.2979,-0.0006304,0.0004777,0.0004777,0.4777,0.0004774,0.0004774,0.4902
21.630238,2.886,0.3369,-0.0005896,0.0004732,0.0004732,0.4732,0.0004725,0.0004725,0.4902
21.640234,3.022,0.3906,-0.000575,0.0002879,0.0002879,0.2879,0.0002869,0.0002869,0.2941
21.650234,3.12,0.4248,-0.00061,-7.377e-06,-7.377e-06,-0.007377,-8.547e-06,-8.547e-06,0.01961
21.660234,3.223,0.4541,-0.0007121,-0.0002998,-0.0002998,-0.2998,-0.0003016,-0.0003016,-0.2941
21.670233,3.311,0.4639,-0.0008464,-0.0004777,-0.0004777,-0.4777,-0.0004799,-0.0004799,-0.451
21.680235,3.369,0.4541,-0.001001,-0.0004732,-0.0004732,-0.4732,-0.000475,-0.000475,-0.451
21.690233,3.447,0.4639,-0.001147,-0.0002879,-0.0002879,-0.2879,-0.0002894,-0.0002894,-0.2549
21.700233,3.511,0.4443,-0.001235,7.353e-06,7.353e-06,0.007353,6.105e-06,6.105e-06,0.01961
21.710234,3.589,0.4639,-0.001287,0.0002998,0.0002998,0.2998,0.0002991,0.0002991,0.3333
21.720234,3.687,0.4883,-0.001287,0.0004778,0.0004778,0.4778,0.0004774,0.0004774,0.4902
21.730234,3.77,0.5029,-0.00127,0.0004732,0.0004732,0.4732,0.0004725,0.0004725,0.4902
21.740232,3.862,0.5371,-0.001284,0.0002879,0.0002879,0.2879,0.0002869,0.0002869,0.2941
21.750233,3.926,0.5518,-0.001345,-7.329e-06,-7.329e-06,-0.007329,-8.547e-06,-8.547e-06,0.01961
21.760235,3.979,0.5518,-0.001471,-0.0002998,-0.0002998,-0.2998,-0.0003016,-0.0003016,-0.2941
21.770233,4.033,0.5273,-0.001602,-0.0004777,-0.0004777,-0.4777,-0.0004799,-0.0004799,-0.451
21.780235,4.053,0.5078,-0.001789,-0.0004732,-0.0004732,-0.4732,-0.000475,-0.000475,-0.451
21.790236,4.067,0.4688,-0.001926,-0.0002879,-0.0002879,-0.2879,-0.0002894,-0.0002894,-0.2549
21.800234,4.097,0.4346,-0.002011,7.365e-06,7.365e-06,0.007365,6.105e-06,6.105e-06,0.01961
21.810232,4.131,0.3906,-0.002031,0.0002998,0.0002998,0.2998,0.0002991,0.0002991,0.3333
21.820234,4.146,0.3809,-0.002011,0.0004778,0.0004778,0.4778,0.0004774,0.0004774,0.4902
21.830233,4.17,0.376,-0.001985,0.0004732,0.0004732,0.4732,0.0004725,0.0004725,0.4902
21.840235,4.18,0.376,-0.001973,0.0002879,0.0002879,0.2879,0.0002869,0.0002869,0.2941
21.850233,4.189,0.3564,-0.002002,-7.341e-06,-7.341e-06,-0.007341,-8.547e-06,-8.547e-06,0.01961
21.860233,4.17,0.3271,-0.002081,-0.0002998,-0.0002998,-0.2998,-0.0003016,-0.0003016,-0.2941
21.870235,4.141,0.2881,-0.002201,-0.0004778,-0.0004778,-0.4778,-0.0004799,-0.0004799,-0.451
21.880234,4.102,0.2148,-0.002312,-0.0004732,-0.0004732,-0.4732,-0.000475,-0.000475,-0.451
21.890234,4.062,0.166,-0.002405,-0.0002879,-0.0002879,-0.2879,-0.0002894,-0.0002894,-0.2549
21.900234,3.999,0.1074,-0.00244,7.377e-06,7.377e-06,0.007377,6.105e-06,6.105e-06,0.01961
21.910234,3.955,0.05371,-0.002414,0.0002998,0.0002998,0.2998,0.0002991,0.0002991,0.3333
21.920233,3.911,0.03418,-0.002344,0.0004777,0.0004777,0.4777,0.0004774,0.0004774,0.4902
21.930233,3.862,-0.004883,-0.002244,0.0004732,0.0004732,0.4732,0.0004725,0.0004725,0.4902
21.940233,3.828,-0.01465,-0.002169,0.0002879,0.0002879,0.2879,0.0002869,0.0002869,0.2941
21.950235,3.765,-0.03906,-0.002136,-7.413e-06,-7.413e-06,-0.007413,-8.547e-06,-8.547e-06,0.01961
21.960234,3.687,-0.09766,-0.002136,-0.0002998,-0.0002998,-0.2998,-0.0003016,-0.0003016,-0.2941
21.970234,3.604,-0.1172,-0.002198,-0.0004778,-0.0004778,-0.4778,-0.0004799,-0.0004799,-0.451
21.980234,3.501,-0.1953,-0.002247,-0.0004732,-0.0004732,-0.4732,-0.000475,-0.000475,-0.451
21.990234,3.408,-0.2588,-0.002262,-0.0002879,-0.0002879,-0.2879,-0.0002894,-0.0002894,-0.2549
22.000237,3.301,-0.3125,-0.00223,7.449e-06,7.449e-06,0.007449,6.105e-06,6.105e-06,0.01961
22.010235,3.218,-0.3467,-0.002142,0.0002998,0.0002998,0.2998,0.0002991,0.0002991,0.3333
22.020235,3.145,-0.3613,-0.002005,0.0004778,0.0004778,0.4778,0.0004774,0.0004774,0.4902
22.030235,3.076,-0.3711,-0.001859,0.0004732,0.0004732,0.4732,0.0004725,0.0004725,0.4902
22.040234,3.003,-0.3809,-0.001719,0.0002879,0.0002879,0.2879,0.0002869,0.0002869,0.2941
22.050234,2.925,-0.3809,-0.001631,-7.365e-06,-7.365e-06,-0.007365,-8.547e-06,-8.547e-06,0.01961
22.060234,2.827,-0.4004,-0.001591,-0.0002998,-0.0002998,-0.2998,-0.0003016,-0.0003016,-0.2941
22.070232,2.764,-0.4346,-0.00157,-0.0004777,-0.0004777,-0.4777,-0.0004799,-0.0004799,-0.451
22.080235,2.666,-0.4834,-0.001579,-0.0004732,-0.0004732,-0.4732,-0.000475,-0.000475,-0.451
22.090235,2.559,-0.5029,-0.001567,-0.0002879,-0.0002879,-0.2879,-0.0002894,-0.0002894,-0.2549
22.100235,2.476,-0.5273,-0.0015,7.401e-06,7.401e-06,0.007401,6.105e-06,6.105e-06,0.01961
22.110235,2.402,-0.5322,-0.001383,0.0002999,0.0002999,0.2999,0.0002991,0.0002991,0.3333
22.120235,2.354,-0.5127,-0.001226,0.0004778,0.0004778,0.4778,0.0004774,0.0004774,0.4902
22.130234,2.305,-0.4834,-0.001065,0.0004732,0.0004732,0.4732,0.0004725,0.0004725,0.4902
22.140234,2.285,-0.4541,-0.0009048,0.0002879,0.0002879,0.2879,0.0002869,0.0002869,0.2941
22.150234,2.246,-0.4346,-0.0008026,-7.377e-06,-7.377e-06,-0.007377,-8.547e-06,-8.547e-06,0.01961
22.160236,2.212,-0.4199,-0.0007501,-0.0002999,-0.0002999,-0.2999,-0.0003016,-0.0003016,-0.2941
22.170235,2.168,-0.4102,-0.000753,-0.0004778,-0.0004778,-0.4778,-0.0004799,-0.0004799,-0.451
22.180235,2.124,-0.4053,-0.0007734,-0.0004732,-0.0004732,-0.4732,-0.000475,-0.000475,-0.451
22.190233,2.09,-0.4004,-0.0007734,-0.0002879,-0.0002879,-0.2879,-0.0002894,-0.0002894,-0.2549
22.200233,2.08,-0.3809,-0.0007326,7.353e-06,7.353e-06,0.007353,6.105e-06,6.105e-06,0.01961
22.210234,2.08,-0.3564,-0.0006392,0.0002998,0.0002998,0.2998,0.0002991,0.0002991,0.3333
22.220234,2.104,-0.2979,-0.0005224,0.0004778,0.0004778,0.4778,0.0004774,0.0004774,0.4902
22.230234,2.124,-0.2393,-0.000394,0.0004732,0.0004732,0.4732,0.0004725,0.0004725,0.4902
22.240234,2.188,-0.1807,-0.0002773,0.0002879,0.0002879,0.2879,0.0002869,0.0002869,0.2941
22.250235,2.222,-0.1318,-0.0002189,-7.389e-06,-7.389e-06,-0.007389,-8.547e-06,-8.547e-06,0.01961
22.260233,2.266,-0.08789,-0.0002277,-0.0002998,-0.0002998,-0.2998,-0.0003016,-0.0003016,-0.2941
22.270235,2.3,-0.05371,-0.0002831,-0.0004778,-0.0004778,-0.4778,-0.0004799,-0.0004799,-0.451
22.280233,2.314,-0.02441,-0.0003736,-0.0004732,-0.0004732,-0.4732,-0.000475,-0.000475,-0.451
22.290234,2.378,-0.004883,-0.000429,-0.0002879,-0.0002879,-0.2879,-0.0002894,-0.0002894,-0.2549
22.300234,2.437,0.0293,-0.0004582,7.366e-06,7.366e-06,0.007366,6.105e-06,6.105e-06,0.01961
22.310234,2.505,0.06348,-0.0004261,0.0002998,0.0002998,0.2998,0.0002991,0.0002991,0.3333
22.320232,2.598,0.1318,-0.0003794,0.0004777,0.0004777,0.4777,0.0004774,0.0004774,0.4902
22.330235,2.7,0.1855,-0.0003094,0.0004732,0.0004732,0.4732,0.0004725,0.0004725,0.4902
22.340233,2.793,0.2637,-0.0002773,0.0002879,0.0002879,0.2879,0.0002869,0.0002869,0.2941
22.350233,2.886,0.3271,-0.0003065,-7.342e-06,-7.342e-06,-0.007342,-8.547e-06,-8.547e-06,0.01961
22.360235,2.988,0.3662,-0.0003911,-0.0002999,-0.0002999,-0.2999,-0.0003016,-0.0003016,-0.2941
22.370234,3.071,0.4053,-0.0005224,-0.0004777,-0.0004777,-0.4777,-0.0004799,-0.0004799,-0.451
22.380234,3.13,0.415,-0.00068,-0.0004732,-0.0004732,-0.4732,-0.000475,-0.000475,-0.451
22.390234,3.237,0.4297,-0.0008085,-0.0002879,-0.0002879,-0.2879,-0.0002894,-0.0002894,-0.2549
22.400234,3.335,0.4395,-0.0008931,7.378e-06,7.378e-06,0.007378,6.105e-06,6.105e-06,0.01961
22.410234,3.433,0.4639,-0.0009398,0.0002998,0.0002998,0.2998,0.0002991,0.0002991,0.3333
22.420235,3.525,0.5078,-0.0009485,0.0004778,0.0004778,0.4778,0.0004774,0.0004774,0.4902
22.430235,3.633,0.5371,-0.0009369,0.0004732,0.0004732,0.4732,0.0004725,0.0004725,0.4902
22.440235,3.745,0.5957,-0.0009631,0.0002879,0.0002879,0.2879,0.0002869,0.0002869,0.2941
22.450233,3.838,0.6201,-0.001036,-7.354e-06,-7.354e-06,-0.007354,-8.547e-06,-8.547e-06,0.01961
22.460234,3.921,0.6299,-0.001156,-0.0002998,-0.0002998,-0.2998,-0.0003016,-0.0003016,-0.2941
22.470234,3.999,0.6201,-0.001325,-0.0004778,-0.0004778,-0.4778,-0.0004799,-0.0004799,-0.451
22.480234,4.048,0.5957,-0.001509,-0.0004732,-0.0004732,-0.4732,-0.000475,-0.000475,-0.451
22.490234,4.106,0.5859,-0.001672,-0.0002879,-0.0002879,-0.2879,-0.0002894,-0.0002894,-0.2549
22.500235,4.16,0.5664,-0.001786,7.39e-06,7.39e-06,0.00739,6.105e-06,6.105e-06,0.01961
22.510235,4.209,0.5518,-0.001842,0.0002998,0.0002998,0.2998,0.0002991,0.0002991,0.3333
22.520233,4.263,0.5615,-0.001853,0.0004777,0.0004777,0.4777,0.0004774,0.0004774,0.4902
22.530233,4.316,0.5469,-0.001847,0.0004732,0.0004732,0.4732,0.0004725,0.0004725,0.4902
22.540234,4.365,0.5566,-0.001877,0.0002879,0.0002879,0.2879,0.0002869,0.0002869,0.2941
22.550234,4.404,0.5469,-0.001935,-7.366e-06,-7.366e-06,-0.007366,-8.547e-06,-8.547e-06,0.01961
22.560234,4.424,0.5127,-0.002031,-0.0002998,-0.0002998,-0.2998,-0.0003016,-0.0003016,-0.2941
22.570234,4.434,0.4639,-0.002169,-0.0004778,-0.0004778,-0.4778,-0.0004799,-0.0004799,-0.451
22.580235,4.399,0.4053,-0.00232,-0.0004732,-0.0004732,-0.4732,-0.000475,-0.000475,-0.451
22.590233,4.365,0.3516,-0.002443,-0.0002879,-0.0002879,-0.2879,-0.0002894,-0.0002894,-0.2549
22.600233,4.326,0.2979,-0.002522,7.342e-06,7.342e-06,0.007342,6.105e-06,6.105e-06,0.01961
22.610235,4.312,0.249,-0.002525,0.0002999,0.0002999,0.2999,0.0002991,0.0002991,0.3333
22.620234,4.282,0.2246,-0.002487,0.0004777,0.0004777,0.4778,0.0004774,0.0004774,0.4902
22.630234,4.248,0.1855,-0.002422,0.0004732,0.0004732,0.4732,0.0004725,0.0004725,0.4902
22.640234,4.229,0.1709,-0.002379,0.0002879,0.0002879,0.2879,0.0002869,0.0002869,0.2941
22.650234,4.175,0.1367,-0.002373,-7.378e-06,-7.378e-06,-0.007378,-8.547e-06,-8.547e-06,0.01961
22.660234,4.111,0.07812,-0.002402,-0.0002998,-0.0002998,-0.2998,-0.0003016,-0.0003016,-0.2941
22.670235,4.033,0.01953,-0.002472,-0.0004778,-0.0004778,-0.4778,-0.0004799,-0.0004799,-0.451
22.680235,3.916,-0.06836,-0.002533,-0.0004732,-0.0004732,-0.4732,-0.000475,-0.000475,-0.451
22.690235,3.818,-0.127,-0.002586,-0.0002879,-0.0002879,-0.2879,-0.0002894,-0.0002894,-0.2549
22.700233,3.716,-0.2002,-0.002574,7.354e-06,7.354e-06,0.007354,6.105e-06,6.105e-06,0.01961
22.710234,3.613,-0.2393,-0.002507,0.0002998,0.0002998,0.2998,0.0002991,0.0002991,0.3333
22.720236,3.535,-0.2783,-0.002387,0.0004778,0.0004778,0.4778,0.0004774,0.0004774,0.4902
22.730234,3.447,-0.3076,-0.002247,0.0004732,0.0004732,0.4732,0.0004725,0.0004725,0.4902
22.740234,3.364,-0.3223,-0.002113,0.0002879,0.0002879,0.2879,0.0002869,0.0002869,0.2941
22.750233,3.262,-0.3564,-0.002023,-7.33e-06,-7.33e-06,-0.00733,-8.547e-06,-8.547e-06,0.01961
22.760233,3.149,-0.3857,-0.00199,-0.0002998,-0.0002998,-0.2998,-0.0003016,-0.0003016,-0.2941
22.770235,3.052,-0.4346,-0.001979,-0.0004778,-0.0004778,-0.4778,-0.0004799,-0.0004799,-0.451
22.780235,2.925,-0.4932,-0.001979,-0.0004732,-0.0004732,-0.4732,-0.000475,-0.000475,-0.451
22.790234,2.808,-0.5322,-0.001964,-0.0002879,-0.0002879,-0.2879,-0.0002894,-0.0002894,-0.2549
22.800234,2.69,-0.5811,-0.001888,7.366e-06,7.366e-06,0.007366,6.105e-06,6.105e-06,0.01961
22.810234,2.593,-0.6006,-0.001757,0.0002998,0.0002998,0.2998,0.0002991,0.0002991,0.3333
22.820234,2.51,-0.6055,-0.001573,0.0004778,0.0004778,0.4778,0.0004774,0.0004774,0.4902
22.830233,2.417,-0.6055,-0.001375,0.0004732,0.0004732,0.4732,0.0004725,0.0004725,0.4902
22.840235,2.349,-0.5811,-0.001214,0.0002879,0.0002879,0.2879,0.0002869,0.0002869,0.2941
22.850235,2.285,-0.5713,-0.001097,-7.402e-06,-7.402e-06,-0.007402,-8.547e-06,-8.547e-06,0.01961
22.860233,2.217,-0.5664,-0.00103,-0.0002998,-0.0002998,-0.2998,-0.0003016,-0.0003016,-0.2941
22.870234,2.139,-0.5615,-0.001004,-0.0004778,-0.0004778,-0.4778,-0.0004799,-0.0004799,-0.451
22.880234,2.056,-0.5908,-0.0009865,-0.0004732,-0.0004732,-0.4732,-0.000475,-0.000475,-0.451
22.890234,2.002,-0.5908,-0.0009573,-0.0002879,-0.0002879,-0.2879,-0.0002894,-0.0002894,-0.2549
22.900234,1.938,-0.5859,-0.0008843,7.378e-06,7.378e-06,0.007378,6.105e-06,6.105e-06,0.01961
22.910234,1.895,-0.5518,-0.0007647,0.0002998,0.0002998,0.2998,0.0002991,0.0002991,0.3333
22.920235,1.895,-0.5176,-0.0005954,0.0004778,0.0004778,0.4778,0.0004774,0.0004774,0.4902
22.930235,1.875,-0.4541,-0.0004436,0.0004732,0.0004732,0.4732,0.0004725,0.0004725,0.4902
22.940233,1.904,-0.3955,-0.0003065,0.0002879,0.0002879,0.2879,0.0002869,0.0002869,0.2941
22.950233,1.919,-0.3467,-0.0002072,-7.354e-06,-7.354e-06,-0.007354,-8.547e-06,-8.547e-06,0.01961
22.960234,1.934,-0.3076,-0.0001722,-0.0002998,-0.0002998,-0.2998,-0.0003016,-0.0003016,-0.2941
22.970234,1.943,-0.2734,-0.0001955,-0.0004778,-0.0004778,-0.4778,-0.0004799,-0.0004799,-0.451
22.980234,1.958,-0.249,-0.0002422,-0.0004732,-0.0004732,-0.4732,-0.000475,-0.000475,-0.451
22.990234,1.987,-0.2148,-0.0002743,-0.0002879,-0.0002879,-0.2879,-0.0002894,-0.0002894,-0.2549
23.000235,2.021,-0.1855,-0.0002568,7.39e-06,7.39e-06,0.00739,6.105e-06,6.105e-06,0.01961
23.010233,2.075,-0.127,-0.0002072,0.0002998,0.0002998,0.2998,0.0002991,0.0002991,0.3333
23.020233,2.163,-0.04883,-0.0001226,0.0004777,0.0004777,0.4777,0.0004774,0.0004774,0.4902
23.030235,2.227,0.0293,-4.962e-05,0.0004732,0.0004732,0.4732,0.0004725,0.0004725,0.4902
23.040234,2.363,0.09766,2.627e-05,0.0002879,0.0002879,0.2879,0.0002869,0.0002869,0.2941
23.050234,2.451,0.166,3.21e-05,-7.366e-06,-7.366e-06,-0.007366,-8.547e-06,-8.547e-06,0.01961
23.060234,2.549,0.2148,-2.335e-05,-0.0002998,-0.0002998,-0.2998,-0.0003016,-0.0003016,-0.2941
23.070234,2.642,0.2686,-0.0001372,-0.0004778,-0.0004778,-0.4778,-0.0004799,-0.0004799,-0.451
23.080233,2.715,0.2979,-0.0002714,-0.0004732,-0.0004732,-0.4732,-0.000475,-0.000475,-0.451
23.090233,2.808,0.3418,-0.0004028,-0.0002879,-0.0002879,-0.2879,-0.0002894,-0.0002894,-0.2549
23.100235,2.905,0.3662,-0.0004757,7.402e-06,7.402e-06,0.007402,6.105e-06,6.105e-06,0.01961
23.110233,3.032,0.415,-0.0005108,0.0002998,0.0002998,0.2998,0.0002991,0.0002991,0.3333
23.120234,3.159,0.4688,-0.0005049,0.0004778,0.0004778,0.4778,0.0004774,0.0004774,0.4902
23.130234,3.286,0.5225,-0.0004932,0.0004732,0.0004732,0.4732,0.0004725,0.0004725,0.4902
23.140234,3.438,0.6006,-0.0005312,0.0002879,0.0002879,0.2879,0.0002869,0.0002869,0.2941
23.150234,3.56,0.6348,-0.0006012,-7.378e-06,-7.378e-06,-0.007378,-8.547e-06,-8.547e-06,0.01961
23.160234,3.667,0.6689,-0.0007326,-0.0002998,-0.0002998,-0.2998,-0.0003016,-0.0003016,-0.2941
23.170235,3.774,0.6934,-0.0009194,-0.0004778,-0.0004778,-0.4778,-0.0004799,-0.0004799,-0.451
23.180233,3.857,0.7031,-0.001127,-0.0004732,-0.0004732,-0.4732,-0.000475,-0.000475,-0.451
23.190235,3.96,0.6836,-0.001287,-0.0002879,-0.0002879,-0.2879,-0.0002894,-0.0002894,-0.2549
23.200233,4.038,0.6787,-0.001421,7.354e-06,7.354e-06,0.007354,6.105e-06,6.105e-06,0.01961
23.210234,4.136,0.6836,-0.001497,0.0002998,0.0002998,0.2998,0.0002991,0.0002991,0.3333
23.220234,4.233,0.7031,-0.001535,0.0004778,0.0004778,0.4778,0.0004774,0.0004774,0.4902
23.230236,4.326,0.708,-0.001559,0.0004732,0.0004732,0.4732,0.0004725,0.0004725,0.4902
23.240234,4.424,0.7373,-0.001605,0.0002879,0.0002879,0.2879,0.0002869,0.0002869,0.2941
23.250233,4.478,0.7422,-0.001702,-7.33e-06,-7.33e-06,-0.00733,-8.547e-06,-8.547e-06,0.01961
23.260235,4.546,0.7178,-0.001839,-0.0002998,-0.0002998,-0.2998,-0.0003016,-0.0003016,-0.2941
23.270235,4.585,0.6885,-0.002017,-0.0004778,-0.0004778,-0.4778,-0.0004799,-0.0004799,-0.451
23.280233,4.58,0.6396,-0.002209,-0.0004732,-0.0004732,-0.4732,-0.000475,-0.000475,-0.451
23.290234,4.614,0.5859,-0.002358,-0.0002879,-0.0002879,-0.2879,-0.0002894,-0.0002894,-0.2549
23.300234,4.619,0.5273,-0.002466,7.366e-06,7.366e-06,0.007366,6.105e-06,6.105e-06,0.01961
23.310234,4.619,0.4834,-0.00251,0.0002998,0.0002998,0.2998,0.0002991,0.0002991,0.3333
23.320234,4.629,0.4541,-0.002513,0.0004778,0.0004778,0.4778,0.0004774,0.0004774,0.4902
23.330235,4.624,0.4248,-0.002487,0.0004732,0.0004732,0.4732,0.0004725,0.0004725,0.4902
23.340235,4.614,0.4053,-0.002478,0.0002879,0.0002879,0.2879,0.0002869,0.0002869,0.2941
23.350233,4.595,0.3613,-0.00251,-7.343e-06,-7.343e-06,-0.007343,-8.547e-06,-8.547e-06,0.01961
23.360233,4.551,0.3076,-0.002583,-0.0002998,-0.0002998,-0.2998,-0.0003016,-0.0003016,-0.2941
23.370234,4.482,0.2393,-0.002685,-0.0004778,-0.0004778,-0.4778,-0.0004799,-0.0004799,-0.451
23.380234,4.399,0.1367,-0.002776,-0.0004732,-0.0004732,-0.4732,-0.000475,-0.000475,-0.451
23.390234,4.312,0.07324,-0.002866,-0.0002879,-0.0002879,-0.2879,-0.0002894,-0.0002894,-0.2549
23.400234,4.209,-0.004883,-0.002884,7.379e-06,7.379e-06,0.007379,6.105e-06,6.105e-06,0.01961
23.410234,4.116,-0.06348,-0.002849,0.0002998,0.0002998,0.2998,0.0002991,0.0002991,0.3333
23.420233,4.028,-0.1123,-0.002758,0.0004777,0.0004777,0.4777,0.0004774,0.0004774,0.4902
23.430233,3.936,-0.1514,-0.002641,0.0004732,0.0004732,0.4732,0.0004725,0.0004725,0.4902
23.440235,3.862,-0.1904,-0.00253,0.0002879,0.0002879,0.2879,0.0002869,0.0002869,0.2941
23.450233,3.745,-0.2393,-0.00246,-7.355e-06,-7.355e-06,-0.007355,-8.547e-06,-8.547e-06,0.01961
23.460234,3.633,-0.293,-0.002437,-0.0002998,-0.0002998,-0.2998,-0.0003016,-0.0003016,-0.2941
23.470234,3.506,-0.3613,-0.002443,-0.0004778,-0.0004778,-0.4778,-0.0004799,-0.0004799,-0.451
23.480234,3.335,-0.4346,-0.002455,-0.0004732,-0.0004732,-0.4732,-0.000475,-0.000475,-0.451
23.490236,3.208,-0.5127,-0.002425,-0.0002878,-0.0002878,-0.2878,-0.0002894,-0.0002894,-0.2549
23.500235,3.062,-0.5615,-0.00237,7.391e-06,7.391e-06,0.007391,6.105e-06,6.105e-06,0.01961
23.510235,2.935,-0.6104,-0.00223,0.0002998,0.0002998,0.2998,0.0002991,0.0002991,0.3333
23.520233,2.817,-0.625,-0.002066,0.0004777,0.0004777,0.4777,0.0004774,0.0004774,0.4902
23.530233,2.715,-0.6543,-0.001856,0.0004732,0.0004732,0.4732,0.0004725,0.0004725,0.4902
23.540234,2.617,-0.6543,-0.001678,0.0002879,0.0002879,0.2879,0.0002869,0.0002869,0.2941
23.550234,2.485,-0.6592,-0.001541,-7.367e-06,-7.367e-06,-0.007367,-8.547e-06,-8.547e-06,0.01961
23.560234,2.373,-0.6787,-0.001448,-0.0002998,-0.0002998,-0.2998,-0.0003016,-0.0003016,-0.2941
23.570234,2.261,-0.6885,-0.001416,-0.0004778,-0.0004778,-0.4778,-0.0004799,-0.0004799,-0.451
23.580236,2.148,-0.7373,-0.001366,-0.0004732,-0.0004732,-0.4732,-0.000475,-0.000475,-0.451
23.590235,2.036,-0.752,-0.00131,-0.0002879,-0.0002879,-0.2879,-0.0002894,-0.0002894,-0.2549
23.600233,1.929,-0.7666,-0.001205,7.343e-06,7.343e-06,0.007343,6.105e-06,6.105e-06,0.01961
23.610235,1.86,-0.7568,-0.001051,0.0002999,0.0002999,0.2999,0.0002991,0.0002991,0.3333
23.620234,1.792,-0.7275,-0.0008551,0.0004778,0.0004778,0.4778,0.0004774,0.0004774,0.4902
23.630234,1.758,-0.708,-0.0006333,0.0004732,0.0004732,0.4732,0.0004725,0.0004725,0.4902
23.640234,1.685,-0.6445,-0.0004641,0.0002879,0.0002879,0.2879,0.0002869,0.0002869,0.2941
23.650234,1.616,-0.6006,-0.0003473,-7.379e-06,-7.379e-06,-0.007379,-8.547e-06,-8.547e-06,0.01961
23.660234,1.558,-0.5713,-0.0002656,-0.0002998,-0.0002998,-0.2998,-0.0003016,-0.0003016,-0.2941
23.670235,1.499,-0.5322,-0.0002568,-0.0004778,-0.0004778,-0.4778,-0.0004799,-0.0004799,-0.451
23.680233,1.416,-0.5225,-0.000251,-0.0004732,-0.0004732,-0.4732,-0.000475,-0.000475,-0.451
23.690233,1.362,-0.4932,-0.0002422,-0.0002879,-0.0002879,-0.2879,-0.0002894,-0.0002894,-0.2549
23.700233,1.304,-0.4688,-0.000181,7.355e-06,7.355e-06,0.007355,6.105e-06,6.105e-06,0.01961
23.710234,1.27,-0.4199,-8.172e-05,0.0002998,0.0002998,0.2998,0.0002991,0.0002991,0.3333
23.720234,1.26,-0.3564,5.545e-05,0.0004778,0.0004778,0.4778,0.0004774,0.0004774,0.4902
23.730232,1.279,-0.2979,0.0002014,0.0004732,0.0004732,0.4732,0.0004725,0.0004725,0.4902
23.740234,1.294,-0.2051,0.0003094,0.0002879,0.0002879,0.2879,0.0002869,0.0002869,0.2941
23.750235,1.328,-0.1416,0.0003677,-7.391e-06,-7.391e-06,-0.007391,-8.547e-06,-8.547e-06,0.01961
23.760235,1.377,-0.08301,0.0003444,-0.0002998,-0.0002998,-0.2998,-0.0003016,-0.0003016,-0.2941
23.770233,1.431,-0.02441,0.0002831,-0.0004777,-0.0004777,-0.4777,-0.0004799,-0.0004799,-0.451
23.780233,1.479,-0.004883,0.0002043,-0.0004732,-0.0004732,-0.4732,-0.000475,-0.000475,-0.451
23.790234,1.567,0.04883,0.0001197,-0.0002879,-0.0002879,-0.2879,-0.0002894,-0.0002894,-0.2549
23.800234,1.66,0.08789,8.756e-05,7.367e-06,7.367e-06,0.007367,6.105e-06,6.105e-06,0.01961
23.810234,1.802,0.1367,0.0001051,0.0002998,0.0002998,0.2998,0.0002991,0.0002991,0.3333
23.820234,1.968,0.21,0.0001518,0.0004778,0.0004778,0.4778,0.0004774,0.0004774,0.4902
23.830235,2.139,0.2832,0.0001985,0.0004732,0.0004732,0.4732,0.0004725,0.0004725,0.4902
23.840235,2.295,0.3809,0.0002014,0.0002879,0.0002879,0.2879,0.0002869,0.0002869,0.2941
23.850233,2.471,0.4541,0.0001576,-7.343e-06,-7.343e-06,-0.007343,-8.547e-06,-8.547e-06,0.01961
23.860233,2.627,0.5127,4.962e-05,-0.0002998,-0.0002998,-0.2998,-0.0003016,-0.0003016,-0.2941
23.870234,2.783,0.5615,-0.000108,-0.0004778,-0.0004778,-0.4778,-0.0004799,-0.0004799,-0.451
23.880234,2.925,0.5859,-0.0002889,-0.0004732,-0.0004732,-0.4732,-0.000475,-0.000475,-0.451
23.890234,3.076,0.6152,-0.0004524,-0.0002879,-0.0002879,-0.2879,-0.0002894,-0.0002894,-0.2549
23.900234,3.218,0.6299,-0.0005633,7.379e-06,7.379e-06,0.007379,6.105e-06,6.105e-06,0.01961
23.910234,3.364,0.6689,-0.0006333,0.0002998,0.0002998,0.2998,0.0002991,0.0002991,0.3333
23.920235,3.521,0.7275,-0.0006917,0.0004778,0.0004778,0.4778,0.0004774,0.0004774,0.4902
23.930233,3.682,0.7764,-0.0007209,0.0004732,0.0004732,0.4732,0.0004725,0.0004725,0.4902
23.940233,3.848,0.8301,-0.0007822,0.0002879,0.0002879,0.2879,0.0002869,0.0002869,0.2941
23.950233,3.989,0.8643,-0.000896,-7.355e-06,-7.355e-06,-0.007355,-8.547e-06,-8.547e-06,0.01961
23.960234,4.121,0.8887,-0.001065,-0.0002998,-0.0002998,-0.2998,-0.0003016,-0.0003016,-0.2941
23.970234,4.248,0.8838,-0.001275,-0.0004778,-0.0004778,-0.4778,-0.0004799,-0.0004799,-0.451
23.980234,4.321,0.8691,-0.0015,-0.0004732,-0.0004732,-0.4732,-0.000475,-0.000475,-0.451
23.990234,4.419,0.8496,-0.001702,-0.0002879,-0.0002879,-0.2879,-0.0002894,-0.0002894,-0.2549
24.000235,4.507,0.8203,-0.001853,7.391e-06,7.391e-06,0.007391,6.105e-06,6.105e-06,0.01961
24.010233,4.595,0.8057,-0.001953,0.0002998,0.0002998,0.2998,0.0002991,0.0002991,0.3333
24.020233,4.678,0.8105,-0.002014,0.0004777,0.0004777,0.4777,0.0004774,0.0004774,0.4902
24.030233,4.751,0.8057,-0.002058,0.0004732,0.0004732,0.4732,0.0004725,0.0004725,0.4902
24.040234,4.834,0.791,-0.002098,0.0002879,0.0002879,0.2879,0.0002869,0.0002869,0.2941
24.050236,4.893,0.7666,-0.002198,-7.427e-06,-7.427e-06,-0.007427,-8.547e-06,-8.547e-06,0.01961
24.060232,4.917,0.7324,-0.002338,-0.0002998,-0.0002998,-0.2998,-0.0003016,-0.0003016,-0.2941
24.070232,4.917,0.6787,-0.00251,-0.0004777,-0.0004777,-0.4777,-0.0004799,-0.0004799,-0.451
24.080235,4.893,0.5957,-0.002688,-0.0004732,-0.0004732,-0.4732,-0.000475,-0.000475,-0.451
24.090233,4.883,0.5225,-0.00284,-0.0002879,-0.0002879,-0.2879,-0.0002894,-0.0002894,-0.2549
24.100233,4.839,0.4395,-0.002933,7.343e-06,7.343e-06,0.007343,6.105e-06,6.105e-06,0.01961
24.110233,4.81,0.3906,-0.002971,0.0002998,0.0002998,0.2998,0.0002991,0.0002991,0.3333
24.120234,4.775,0.3369,-0.002948,0.0004778,0.0004778,0.4778,0.0004774,0.0004774,0.4902
24.130234,4.717,0.2881,-0.002895,0.0004732,0.0004732,0.4732,0.0004725,0.0004725,0.4902
24.140234,4.678,0.2393,-0.00286,0.0002879,0.0002879,0.2879,0.0002869,0.0002869,0.2941
24.150232,4.609,0.1758,-0.002863,-7.319e-06,-7.319e-06,-0.007319,-8.547e-06,-8.547e-06,0.01961
24.160234,4.521,0.1074,-0.002901,-0.0002998,-0.0002998,-0.2998,-0.0003016,-0.0003016,-0.2941
24.170235,4.399,0.0293,-0.002977,-0.0004778,-0.0004778,-0.4778,-0.0004799,-0.0004799,-0.451
24.180233,4.263,-0.06836,-0.003044,-0.0004732,-0.0004732,-0.4732,-0.000475,-0.000475,-0.451
24.190233,4.131,-0.1562,-0.003094,-0.0002879,-0.0002879,-0.2879,-0.0002894,-0.0002894,-0.2549
24.200233,4.004,-0.249,-0.003067,7.355e-06,7.355e-06,0.007355,6.105e-06,6.105e-06,0.01961
24.210234,3.872,-0.3223,-0.002986,0.0002998,0.0002998,0.2998,0.0002991,0.0002991,0.3333
24.220234,3.76,-0.3857,-0.002837,0.0004778,0.0004778,0.4778,0.0004774,0.0004774,0.4902
24.230234,3.623,-0.4443,-0.002668,0.0004732,0.0004732,0.4732,0.0004725,0.0004725,0.4902
24.240234,3.481,-0.4639,-0.00253,0.0002879,0.0002879,0.2879,0.0002869,0.0002869,0.2941
24.250235,3.335,-0.5225,-0.002411,-7.391e-06,-7.391e-06,-0.007391,-8.547e-06,-8.547e-06,0.01961
24.260233,3.193,-0.5811,-0.002341,-0.0002998,-0.0002998,-0.2998,-0.0003016,-0.0003016,-0.2941
24.270233,3.022,-0.625,-0.002312,-0.0004777,-0.0004777,-0.4777,-0.0004799,-0.0004799,-0.451
24.280233,2.861,-0.7129,-0.002271,-0.0004732,-0.0004732,-0.4732,-0.000475,-0.000475,-0.451
24.290234,2.695,-0.7617,-0.002224,-0.0002879,-0.0002879,-0.2879,-0.0002894,-0.0002894,-0.2549
24.300234,2.534,-0.8252,-0.002096,7.367e-06,7.367e-06,0.007367,6.105e-06,6.105e-06,0.01961
24.310234,2.383,-0.8594,-0.001929,0.0002998,0.0002998,0.2998,0.0002991,0.0002991,0.3333
24.320234,2.246,-0.8643,-0.001713,0.0004778,0.0004778,0.4778,0.0004774,0.0004774,0.4902
24.330235,2.124,-0.8643,-0.001491,0.0004732,0.0004732,0.4732,0.0004725,0.0004725,0.4902
24.340235,2.031,-0.8594,-0.001264,0.0002879,0.0002879,0.2879,0.0002869,0.0002869,0.2941
24.350235,1.909,-0.8447,-0.001109,-7.403e-06,-7.403e-06,-0.007403,-8.547e-06,-8.547e-06,0.01961
24.360233,1.812,-0.8496,-0.0009865,-0.0002998,-0.0002998,-0.2998,-0.0003016,-0.0003016,-0.2941
24.370234,1.689,-0.8496,-0.0009164,-0.0004778,-0.0004778,-0.4778,-0.0004799,-0.0004799,-0.451
24.380234,1.533,-0.8545,-0.000861,-0.0004732,-0.0004732,-0.4732,-0.000475,-0.000475,-0.451
24.390234,1.411,-0.8594,-0.000788,-0.0002879,-0.0002879,-0.2879,-0.0002894,-0.0002894,-0.2549
24.400234,1.25,-0.8594,-0.0006625,7.379e-06,7.379e-06,0.007379,6.105e-06,6.105e-06,0.01961
24.410234,1.108,-0.8252,-0.000502,0.0002998,0.0002998,0.2998,0.0002991,0.0002991,0.3333
24.420235,0.9863,-0.7764,-0.0003035,0.0004778,0.0004778,0.4778,0.0004774,0.0004774,0.4902
24.430235,0.8691,-0.7373,-8.172e-05,0.0004732,0.0004732,0.4732,0.0004725,0.0004725,0.4902
24.440233,0.7422,-0.6543,9.048e-05,0.0002879,0.0002879,0.2879,0.0002869,0.0002869,0.2941
24.450233,0.6299,-0.6201,0.0002277,-7.355e-06,-7.355e-06,-0.007355,-8.547e-06,-8.547e-06,0.01961
24.460234,0.498,-0.5713,0.0002948,-0.0002998,-0.0002998,-0.2998,-0.0003016,-0.0003016,-0.2941
24.470234,0.3711,-0.5518,0.0003269,-0.0004778,-0.0004778,-0.4778,-0.0004799,-0.0004799,-0.451
24.480236,0.2246,-0.5273,0.0003269,-0.0004732,-0.0004732,-0.4732,-0.000475,-0.000475,-0.451
24.490234,0.07812,-0.4785,0.0003181,-0.0002879,-0.0002879,-0.2879,-0.0002894,-0.0002894,-0.2549
24.500233,-0.05859,-0.4639,0.0003823,7.332e-06,7.332e-06,0.007332,6.105e-06,6.105e-06,0.01961
24.510233,-0.166,-0.4199,0.0004845,0.0002998,0.0002998,0.2998,0.0002991,0.0002991,0.3333
24.520233,-0.2686,-0.3516,0.0006071,0.0004777,0.0004777,0.4777,0.0004774,0.0004774,0.4902
24.530233,-0.3711,-0.2832,0.0007413,0.0004732,0.0004732,0.4732,0.0004725,0.0004725,0.4902
24.540234,-0.4297,-0.2246,0.000861,0.0002879,0.0002879,0.2879,0.0002869,0.0002869,0.2941
24.550234,-0.5078,-0.1758,0.0009223,-7.368e-06,-7.368e-06,-0.007368,-8.547e-06,-8.547e-06,0.01961
24.560234,-0.6006,-0.1221,0.0009106,-0.0002998,-0.0002998,-0.2998,-0.0003016,-0.0003016,-0.2941
24.570234,-0.6934,-0.09277,0.0008581,-0.0004778,-0.0004778,-0.4778,-0.0004799,-0.0004799,-0.451
24.580235,-0.8008,-0.09277,0.0007997,-0.0004732,-0.0004732,-0.4732,-0.000475,-0.000475,-0.451
24.590235,-0.8838,-0.06836,0.0007267,-0.0002879,-0.0002879,-0.2879,-0.0002894,-0.0002894,-0.2549
24.600233,-0.9717,-0.05371,0.000718,7.344e-06,7.344e-06,0.007344,6.105e-06,6.105e-06,0.01961
24.610233,-1.045,-0.02441,0.000753,0.0002998,0.0002998,0.2998,0.0002991,0.0002991,0.3333
24.620234,-1.104,0.01953,0.000823,0.0004778,0.0004778,0.4778,0.0004774,0.0004774,0.4902
24.630236,-1.157,0.04883,0.0009135,0.0004732,0.0004732,0.4732,0.0004725,0.0004725,0.4902
24.640234,-1.201,0.1025,0.0009661,0.0002879,0.0002879,0.2879,0.0002869,0.0002869,0.2941
24.650234,-1.265,0.127,0.0009719,-7.38e-06,-7.38e-06,-0.00738,-8.547e-06,-8.547e-06,0.01961
24.660234,-1.313,0.1465,0.0009164,-0.0002998,-0.0002998,-0.2998,-0.0003016,-0.0003016,-0.2941
24.670233,-1.382,0.1562,0.000826,-0.0004777,-0.0004777,-0.4777,-0.0004799,-0.0004799,-0.451
24.680233,-1.465,0.127,0.0007209,-0.0004732,-0.0004732,-0.4732,-0.000475,-0.000475,-0.451
24.690233,-1.543,0.1172,0.0006275,-0.0002879,-0.0002879,-0.2879,-0.0002894,-0.0002894,-0.2549
24.700233,-1.636,0.1025,0.0005896,7.356e-06,7.356e-06,0.007356,6.105e-06,6.105e-06,0.01961
24.710236,-1.704,0.1025,0.0006012,0.0002999,0.0002999,0.2999,0.0002991,0.0002991,0.3333
24.720234,-1.758,0.1074,0.0006654,0.0004778,0.0004778,0.4778,0.0004774,0.0004774,0.4902
24.730234,-1.807,0.1074,0.0007413,0.0004732,0.0004732,0.4732,0.0004725,0.0004725,0.4902
24.740234,-1.865,0.1465,0.0007734,0.0002879,0.0002879,0.2879,0.0002869,0.0002869,0.2941
24.750235,-1.909,0.1367,0.0007793,-7.392e-06,-7.392e-06,-0.007392,-8.547e-06,-8.547e-06,0.01961
24.760233,-1.968,0.1172,0.0007413,-0.0002998,-0.0002998,-0.2998,-0.0003016,-0.0003016,-0.2941
24.770235,-2.036,0.09766,0.0006538,-0.0004778,-0.0004778,-0.4778,-0.0004799,-0.0004799,-0.451
24.780233,-2.124,0.05371,0.0005545,-0.0004732,-0.0004732,-0.4732,-0.000475,-0.000475,-0.451
24.790234,-2.173,0.009766,0.0004903,-0.0002879,-0.0002879,-0.2879,-0.0002894,-0.0002894,-0.2549
24.800234,-2.266,-0.0293,0.0004728,7.368e-06,7.368e-06,0.007368,6.105e-06,6.105e-06,0.01961
24.810234,-2.314,-0.05859,0.0005195,0.0002998,0.0002998,0.2998,0.0002991,0.0002991,0.3333
24.820234,-2.363,-0.06836,0.0005925,0.0004778,0.0004778,0.4778,0.0004774,0.0004774,0.4902
24.830235,-2.427,-0.06348,0.0006888,0.0004732,0.0004732,0.4732,0.0004725,0.0004725,0.4902
24.840235,-2.461,-0.05371,0.0007705,0.0002879,0.0002879,0.2879,0.0002869,0.0002869,0.2941
24.850233,-2.515,-0.07324,0.0008143,-7.344e-06,-7.344e-06,-0.007344,-8.547e-06,-8.547e-06,0.01961
24.860233,-2.573,-0.09277,0.0008026,-0.0002998,-0.0002998,-0.2998,-0.0003016,-0.0003016,-0.2941
24.870234,-2.646,-0.1172,0.0007501,-0.0004778,-0.0004778,-0.4778,-0.0004799,-0.0004799,-0.451
24.880234,-2.744,-0.1562,0.000683,-0.0004732,-0.0004732,-0.4732,-0.000475,-0.000475,-0.451
24.890234,-2.812,-0.21,0.0006654,-0.0002879,-0.0002879,-0.2879,-0.0002894,-0.0002894,-0.2549
24.900234,-2.881,-0.249,0.000683,7.38e-06,7.38e-06,0.00738,6.105e-06,6.105e-06,0.01961
24.910233,-2.949,-0.2637,0.0007501,0.0002998,0.0002998,0.2998,0.0002991,0.0002991,0.3333
24.920235,-2.998,-0.2637,0.0008727,0.0004778,0.0004778,0.4778,0.0004774,0.0004774,0.4902
24.930233,-3.057,-0.2686,0.00101,0.0004732,0.0004732,0.4732,0.0004725,0.0004725,0.4902
24.940233,-3.081,-0.249,0.001118,0.0002879,0.0002879,0.2879,0.0002869,0.0002869,0.2941
24.950235,-3.13,-0.2588,0.001194,-7.416e-06,-7.416e-06,-0.007416,-8.547e-06,-8.547e-06,0.01961
24.960234,-3.184,-0.2588,0.0012,-0.0002998,-0.0002998,-0.2998,-0.0003016,-0.0003016,-0.2941
24.970234,-3.237,-0.2783,0.001179,-0.0004778,-0.0004778,-0.4778,-0.0004799,-0.0004799,-0.451
24.980234,-3.32,-0.3174,0.001147,-0.0004732,-0.0004732,-0.4732,-0.000475,-0.000475,-0.451
24.990234,-3.374,-0.3271,0.001127,-0.0002879,-0.0002879,-0.2879,-0.0002894,-0.0002894,-0.2549
25.000235,-3.438,-0.3516,0.001167,7.392e-06,7.392e-06,0.007392,6.105e-06,6.105e-06,0.01961
25.010233,-3.481,-0.3418,0.001249,0.0002998,0.0002998,0.2998,0.0002991,0.0002991,0.3333
25.020233,-3.501,-0.332,0.00138,0.0004777,0.0004777,0.4777,0.0004774,0.0004774,0.4902
25.030235,-3.506,-0.3027,0.001518,0.0004732,0.0004732,0.4732,0.0004725,0.0004725,0.4902
25.040236,-3.525,-0.2637,0.001626,0.0002879,0.0002879,0.2879,0.0002869,0.0002869,0.2941
25.050236,-3.535,-0.2539,0.001704,-7.428e-06,-7.428e-06,-0.007428,-8.547e-06,-8.547e-06,0.01961
25.060234,-3.555,-0.2344,0.001716,-0.0002998,-0.0002998,-0.2998,-0.0003016,-0.0003016,-0.2941
25.070234,-3.564,-0.2246,0.001684,-0.0004778,-0.0004778,-0.4778,-0.0004799,-0.0004799,-0.451
25.080235,-3.599,-0.249,0.001646,-0.0004732,-0.0004732,-0.4732,-0.000475,-0.000475,-0.451
25.090233,-3.633,-0.2295,0.001605,-0.0002879,-0.0002879,-0.2879,-0.0002894,-0.0002894,-0.2549
25.100233,-3.638,-0.2295,0.00162,7.344e-06,7.344e-06,0.007344,6.105e-06,6.105e-06,0.01961
25.110233,-3.633,-0.1953,0.001678,0.0002998,0.0002998,0.2998,0.0002991,0.0002991,0.3333
25.120235,-3.618,-0.1709,0.001792,0.0004778,0.0004778,0.4778,0.0004774,0.0004774,0.4902
25.130234,-3.589,-0.1318,0.001897,0.0004732,0.0004732,0.4732,0.0004725,0.0004725,0.4902
25.140234,-3.53,-0.08301,0.001988,0.0002879,0.0002879,0.2879,0.0002869,0.0002869,0.2941
25.150234,-3.511,-0.03906,0.00202,-7.38e-06,-7.38e-06,-0.00738,-8.547e-06,-8.547e-06,0.01961
25.160234,-3.477,-0.009766,0.001993,-0.0002998,-0.0002998,-0.2998,-0.0003016,-0.0003016,-0.2941
25.170235,-3.457,0.01465,0.001923,-0.0004778,-0.0004778,-0.4778,-0.0004799,-0.0004799,-0.451
25.180235,-3.442,0.009766,0.001839,-0.0004732,-0.0004732,-0.4732,-0.000475,-0.000475,-0.451
25.190235,-3.408,0.03906,0.00176,-0.0002879,-0.0002879,-0.2879,-0.0002894,-0.0002894,-0.2549
25.200233,-3.384,0.03906,0.001734,7.356e-06,7.356e-06,0.007356,6.105e-06,6.105e-06,0.01961
25.210234,-3.33,0.06836,0.001754,0.0002998,0.0002998,0.2998,0.0002991,0.0002991,0.3333
25.220234,-3.257,0.1074,0.001812,0.0004778,0.0004778,0.4778,0.0004774,0.0004774,0.4902
25.230234,-3.213,0.1562,0.00188,0.0004732,0.0004732,0.4732,0.0004725,0.0004725,0.4902
25.240234,-3.11,0.2051,0.00192,0.0002879,0.0002879,0.2879,0.0002869,0.0002869,0.2941
25.250235,-3.062,0.2393,0.001915,-7.392e-06,-7.392e-06,-0.007392,-8.547e-06,-8.547e-06,0.01961
25.260235,-3.003,0.2783,0.001836,-0.0002998,-0.0002998,-0.2998,-0.0003016,-0.0003016,-0.2941
25.270235,-2.954,0.2832,0.001731,-0.0004778,-0.0004778,-0.4778,-0.0004799,-0.0004799,-0.451
25.280235,-2.925,0.2832,0.001591,-0.0004732,-0.0004732,-0.4732,-0.000475,-0.000475,-0.451
25.290234,-2.861,0.2734,0.001488,-0.0002879,-0.0002879,-0.2879,-0.0002894,-0.0002894,-0.2549
25.300234,-2.822,0.2783,0.001418,7.368e-06,7.368e-06,0.007368,6.105e-06,6.105e-06,0.01961
25.310236,-2.778,0.293,0.001404,0.0002999,0.0002999,0.2999,0.0002991,0.0002991,0.3333
25.320234,-2.695,0.3174,0.001436,0.0004778,0.0004778,0.4778,0.0004774,0.0004774,0.4902
25.330235,-2.627,0.3369,0.001477,0.0004732,0.0004732,0.4732,0.0004725,0.0004725,0.4902
25.340235,-2.563,0.3955,0.001465,0.0002879,0.0002879,0.2879,0.0002869,0.0002869,0.2941
25.350233,-2.5,0.4004,0.001439,-7.344e-06,-7.344e-06,-0.007344,-8.547e-06,-8.547e-06,0.01961
25.360235,-2.451,0.4053,0.001343,-0.0002999,-0.0002999,-0.2999,-0.0003016,-0.0003016,-0.2941
25.370234,-2.412,0.4053,0.001205,-0.0004778,-0.0004778,-0.4778,-0.0004799,-0.0004799,-0.451
25.380234,-2.373,0.3613,0.001074,-0.0004732,-0.0004732,-0.4732,-0.000475,-0.000475,-0.451
25.390234,-2.358,0.332,0.0009631,-0.0002879,-0.0002879,-0.2879,-0.0002894,-0.0002894,-0.2549
25.400234,-2.354,0.3174,0.0008697,7.38e-06,7.38e-06,0.00738,6.105e-06,6.105e-06,0.01961
25.410234,-2.324,0.3076,0.0008551,0.0002998,0.0002998,0.2998,0.0002991,0.0002991,0.3333
25.420233,-2.295,0.3174,0.0008697,0.0004777,0.0004777,0.4777,0.0004774,0.0004774,0.4902
25.430233,-2.261,0.3125,0.0009135,0.0004732,0.0004732,0.4732,0.0004725,0.0004725,0.4902
25.440233,-2.217,0.3369,0.0009252,0.0002879,0.0002879,0.2879,0.0002869,0.0002869,0.2941
25.450233,-2.207,0.3223,0.0009048,-7.356e-06,-7.356e-06,-0.007356,-8.547e-06,-8.547e-06,0.01961
25.460234,-2.202,0.3125,0.000826,-0.0002998,-0.0002998,-0.2998,-0.0003016,-0.0003016,-0.2941
25.470234,-2.212,0.2637,0.0007267,-0.0004778,-0.0004778,-0.4778,-0.0004799,-0.0004799,-0.451
25.480234,-2.241,0.2148,0.0006071,-0.0004732,-0.0004732,-0.4732,-0.000475,-0.000475,-0.451
25.490234,-2.261,0.1758,0.0005078,-0.0002879,-0.0002879,-0.2879,-0.0002894,-0.0002894,-0.2549
25.500233,-2.305,0.1318,0.0004611,7.332e-06,7.332e-06,0.007332,6.105e-06,6.105e-06,0.01961
25.510233,-2.334,0.1221,0.000467,0.0002998,0.0002998,0.2998,0.0002991,0.0002991,0.3333
25.520233,-2.339,0.09277,0.0005283,0.0004777,0.0004777,0.4777,0.0004774,0.0004774,0.4902
25.530233,-2.358,0.07324,0.00061,0.0004732,0.0004732,0.4732,0.0004725,0.0004725,0.4902
25.540234,-2.373,0.06836,0.0006742,0.0002879,0.0002879,0.2879,0.0002869,0.0002869,0.2941
25.550234,-2.412,0.04883,0.0006946,-7.368e-06,-7.368e-06,-0.007368,-8.547e-06,-8.547e-06,0.01961
25.560236,-2.461,0.01465,0.0006654,-0.0002999,-0.0002999,-0.2999,-0.0003016,-0.0003016,-0.2941
25.570234,-2.52,-0.009766,0.0005925,-0.0004778,-0.0004778,-0.4778,-0.0004799,-0.0004799,-0.451
25.580235,-2.598,-0.08301,0.0005312,-0.0004732,-0.0004732,-0.4732,-0.000475,-0.000475,-0.451
25.590233,-2.656,-0.127,0.0004786,-0.0002879,-0.0002879,-0.2879,-0.0002894,-0.0002894,-0.2549
25.600235,-2.744,-0.166,0.0004786,7.404e-06,7.404e-06,0.007404,6.105e-06,6.105e-06,0.01961
25.610235,-2.798,-0.1953,0.0005458,0.0002999,0.0002999,0.2999,0.0002991,0.0002991,0.3333
25.620234,-2.837,-0.2148,0.0006567,0.0004778,0.0004778,0.4778,0.0004774,0.0004774,0.4902
25.630234,-2.905,-0.2246,0.0007851,0.0004732,0.0004732,0.4732,0.0004725,0.0004725,0.4902
25.640234,-2.949,-0.2197,0.0008989,0.0002879,0.0002879,0.2879,0.0002869,0.0002869,0.2941
25.650234,-3.003,-0.2344,0.0009631,-7.38e-06,-7.38e-06,-0.00738,-8.547e-06,-8.547e-06,0.01961
25.660233,-3.066,-0.249,0.0009748,-0.0002998,-0.0002998,-0.2998,-0.0003016,-0.0003016,-0.2941
25.670233,-3.135,-0.2783,0.0009544,-0.0004777,-0.0004777,-0.4777,-0.0004799,-0.0004799,-0.451
25.680235,-3.228,-0.3076,0.0009135,-0.0004732,-0.0004732,-0.4732,-0.000475,-0.000475,-0.451
25.690235,-3.301,-0.3467,0.0009048,-0.0002879,-0.0002879,-0.2879,-0.0002894,-0.0002894,-0.2549
25.700233,-3.369,-0.3955,0.0009602,7.357e-06,7.357e-06,0.007357,6.105e-06,6.105e-06,0.01961
25.710234,-3.423,-0.3955,0.001054,0.0002998,0.0002998,0.2998,0.0002991,0.0002991,0.3333
25.720234,-3.467,-0.3955,0.001191,0.0004778,0.0004778,0.4778,0.0004774,0.0004774,0.4902
25.730234,-3.506,-0.3809,0.001354,0.0004732,0.0004732,0.4732,0.0004725,0.0004725,0.4902
25.740234,-3.535,-0.3418,0.001474,0.0002879,0.0002879,0.2879,0.0002869,0.0002869,0.2941
25.750233,-3.579,-0.3271,0.001547,-7.333e-06,-7.333e-06,-0.007333,-8.547e-06,-8.547e-06,0.01961
25.760233,-3.604,-0.3223,0.001576,-0.0002998,-0.0002998,-0.2998,-0.0003016,-0.0003016,-0.2941
25.770235,-3.647,-0.3174,0.001556,-0.0004778,-0.0004778,-0.4778,-0.0004799,-0.0004799,-0.451
25.780233,-3.701,-0.3418,0.001535,-0.0004732,-0.0004732,-0.4732,-0.000475,-0.000475,-0.451
25.790234,-3.735,-0.3369,0.001518,-0.0002879,-0.0002879,-0.2879,-0.0002894,-0.0002894,-0.2549
25.800234,-3.77,-0.3564,0.001564,7.369e-06,7.369e-06,0.007369,6.105e-06,6.105e-06,0.01961
25.810234,-3.784,-0.3271,0.001643,0.0002998,0.0002998,0.2998,0.0002991,0.0002991,0.3333
25.820234,-3.779,-0.293,0.001769,0.0004778,0.0004778,0.4778,0.0004774,0.0004774,0.4902
25.830233,-3.765,-0.2588,0.001903,0.0004732,0.0004732,0.4732,0.0004725,0.0004725,0.4902
25.840233,-3.73,-0.2051,0.002011,0.0002879,0.0002879,0.2879,0.0002869,0.0002869,0.2941
25.850233,-3.721,-0.1709,0.002061,-7.345e-06,-7.345e-06,-0.007345,-8.547e-06,-8.547e-06,0.01961
25.860235,-3.706,-0.1416,0.002061,-0.0002999,-0.0002999,-0.2999,-0.0003016,-0.0003016,-0.2941
25.870234,-3.696,-0.1123,0.002005,-0.0004778,-0.0004778,-0.4778,-0.0004799,-0.0004799,-0.451
25.880234,-3.691,-0.1221,0.00195,-0.0004732,-0.0004732,-0.4732,-0.000475,-0.000475,-0.451
25.890234,-3.677,-0.09277,0.001885,-0.0002879,-0.0002879,-0.2879,-0.0002894,-0.0002894,-0.2549
25.900234,-3.647,-0.07324,0.001882,7.381e-06,7.381e-06,0.007381,6.105e-06,6.105e-06,0.01961
25.910233,-3.604,-0.04883,0.001918,0.0002998,0.0002998,0.2998,0.0002991,0.0002991,0.3333
25.920235,-3.54,0.004883,0.00199,0.0004778,0.0004778,0.4778,0.0004774,0.0004774,0.4902
25.930233,-3.477,0.05371,0.002078,0.0004732,0.0004732,0.4732,0.0004725,0.0004725,0.4902
25.940235,-3.394,0.1172,0.002136,0.0002879,0.0002879,0.2879,0.0002869,0.0002869,0.2941
25.950233,-3.345,0.166,0.002131,-7.357e-06,-7.357e-06,-0.007357,-8.547e-06,-8.547e-06,0.01961
25.960236,-3.267,0.2002,0.002075,-0.0002999,-0.0002999,-0.2999,-0.0003016,-0.0003016,-0.2941
25.970234,-3.218,0.2246,0.001964,-0.0004778,-0.0004778,-0.4778,-0.0004799,-0.0004799,-0.451
25.980234,-3.179,0.2295,0.001839,-0.0004732,-0.0004732,-0.4732,-0.000475,-0.000475,-0.451
25.990234,-3.115,0.2539,0.001725,-0.0002879,-0.0002879,-0.2879,-0.0002894,-0.0002894,-0.2549
26.000235,-3.057,0.249,0.001678,7.393e-06,7.393e-06,0.007393,6.105e-06,6.105e-06,0.01961
26.010235,-2.983,0.2734,0.001672,0.0002998,0.0002998,0.2998,0.0002991,0.0002991,0.3333
26.020235,-2.905,0.3125,0.001696,0.0004778,0.0004778,0.4778,0.0004774,0.0004774,0.4902
26.030233,-2.827,0.3467,0.001734,0.0004732,0.0004732,0.4732,0.0004725,0.0004725,0.4902
26.040234,-2.72,0.3857,0.001748,0.0002879,0.0002879,0.2879,0.0002869,0.0002869,0.2941
26.050234,-2.656,0.4346,0.001684,-7.369e-06,-7.369e-06,-0.007369,-8.547e-06,-8.547e-06,0.01961
26.060234,-2.578,0.4297,0.001602,-0.0002998,-0.0002998,-0.2998,-0.0003016,-0.0003016,-0.2941
26.070232,-2.524,0.4492,0.001451,-0.0004777,-0.0004777,-0.4777,-0.0004799,-0.0004799,-0.451
26.080233,-2.48,0.4297,0.001296,-0.0004732,-0.0004732,-0.4732,-0.000475,-0.000475,-0.451
26.090233,-2.427,0.4248,0.001162,-0.0002879,-0.0002879,-0.2879,-0.0002894,-0.0002894,-0.2549
26.100235,-2.388,0.3955,0.00108,7.405e-06,7.405e-06,0.007405,6.105e-06,6.105e-06,0.01961
26.110233,-2.339,0.4053,0.001036,0.0002998,0.0002998,0.2998,0.0002991,0.0002991,0.3333
26.120234,-2.275,0.4199,0.001045,0.0004778,0.0004778,0.4778,0.0004774,0.0004774,0.4902
26.130236,-2.227,0.4297,0.001057,0.0004732,0.0004732,0.4732,0.0004725,0.0004725,0.4902
26.140234,-2.188,0.4541,0.001062,0.0002879,0.0002879,0.2879,0.0002869,0.0002869,0.2941
26.150234,-2.139,0.4395,0.001027,-7.381e-06,-7.381e-06,-0.007381,-8.547e-06,-8.547e-06,0.01961
26.160234,-2.1,0.4346,0.0009252,-0.0002998,-0.0002998,-0.2998,-0.0003016,-0.0003016,-0.2941
26.170233,-2.09,0.4053,0.000788,-0.0004777,-0.0004777,-0.4777,-0.0004799,-0.0004799,-0.451
26.180235,-2.095,0.3613,0.0006479,-0.0004732,-0.0004732,-0.4732,-0.000475,-0.000475,-0.451
26.190233,-2.104,0.3125,0.0005399,-0.0002879,-0.0002879,-0.2879,-0.0002894,-0.0002894,-0.2549
26.200232,-2.114,0.2686,0.0004611,7.297e-06,7.297e-06,0.007297,6.105e-06,6.105e-06,0.01961
26.210234,-2.119,0.249,0.0004495,0.0002998,0.0002998,0.2998,0.0002991,0.0002991,0.3333
26.220234,-2.124,0.2344,0.0004845,0.0004778,0.0004778,0.4778,0.0004774,0.0004774,0.4902
26.230234,-2.124,0.2295,0.0005341,0.0004732,0.0004732,0.4732,0.0004725,0.0004725,0.4902
26.240234,-2.124,0.2148,0.0005779,0.0002879,0.0002879,0.2879,0.0002869,0.0002869,0.2941
26.250235,-2.148,0.1855,0.0005808,-7.393e-06,-7.393e-06,-0.007393,-8.547e-06,-8.547e-06,0.01961
26.260235,-2.183,0.1562,0.0005283,-0.0002998,-0.0002998,-0.2998,-0.0003016,-0.0003016,-0.2941
26.270233,-2.231,0.1123,0.0004349,-0.0004777,-0.0004777,-0.4777,-0.0004799,-0.0004799,-0.451
26.280233,-2.3,0.04395,0.0003532,-0.0004732,-0.0004732,-0.4732,-0.000475,-0.000475,-0.451
26.290236,-2.363,-0.01465,0.0002948,-0.0002879,-0.0002879,-0.2879,-0.0002894,-0.0002894,-0.2549
26.300234,-2.441,-0.07324,0.0002773,7.369e-06,7.369e-06,0.007369,6.105e-06,6.105e-06,0.01961
26.310232,-2.5,-0.1025,0.000321,0.0002998,0.0002998,0.2998,0.0002991,0.0002991,0.3333
26.320234,-2.554,-0.1318,0.0004203,0.0004778,0.0004778,0.4778,0.0004774,0.0004774,0.4902
26.330233,-2.617,-0.1514,0.0005341,0.0004732,0.0004732,0.4732,0.0004725,0.0004725,0.4902
26.340235,-2.676,-0.1562,0.0006363,0.0002879,0.0002879,0.2879,0.0002869,0.0002869,0.2941
26.350233,-2.739,-0.1855,0.0006946,-7.345e-06,-7.345e-06,-0.007345,-8.547e-06,-8.547e-06,0.01961
26.360233,-2.803,-0.21,0.0007034,-0.0002998,-0.0002998,-0.2998,-0.0003016,-0.0003016,-0.2941
26.370234,-2.886,-0.249,0.0006684,-0.0004778,-0.0004778,-0.4778,-0.0004799,-0.0004799,-0.451
26.380234,-2.979,-0.3027,0.0006363,-0.0004732,-0.0004732,-0.4732,-0.000475,-0.000475,-0.451
26.390234,-3.081,-0.3467,0.0006275,-0.0002879,-0.0002879,-0.2879,-0.0002894,-0.0002894,-0.2549
26.400234,-3.169,-0.3857,0.0006625,7.381e-06,7.381e-06,0.007381,6.105e-06,6.105e-06,0.01961
26.410233,-3.247,-0.4102,0.0007618,0.0002998,0.0002998,0.2998,0.0002991,0.0002991,0.3333
26.420235,-3.315,-0.4199,0.0009106,0.0004778,0.0004778,0.4778,0.0004774,0.0004774,0.4902
26.430235,-3.374,-0.4102,0.001065,0.0004732,0.0004732,0.4732,0.0004725,0.0004725,0.4902
26.440233,-3.413,-0.4102,0.001217,0.0002879,0.0002879,0.2879,0.0002869,0.0002869,0.2941
26.450235,-3.486,-0.4053,0.001308,-7.417e-06,-7.417e-06,-0.007417,-8.547e-06,-8.547e-06,0.01961
26.460234,-3.55,-0.4004,0.00134,-0.0002998,-0.0002998,-0.2998,-0.0003016,-0.0003016,-0.2941
26.470234,-3.618,-0.415,0.00134,-0.0004778,-0.0004778,-0.4778,-0.0004799,-0.0004799,-0.451
26.480234,-3.691,-0.4443,0.001334,-0.0004732,-0.0004732,-0.4732,-0.000475,-0.000475,-0.451
26.490234,-3.755,-0.4492,0.001328,-0.0002879,-0.0002879,-0.2879,-0.0002894,-0.0002894,-0.2549
26.500235,-3.823,-0.4688,0.001398,7.393e-06,7.393e-06,0.007393,6.105e-06,6.105e-06,0.01961
26.510233,-3.848,-0.4541,0.001503,0.0002998,0.0002998,0.2998,0.0002991,0.0002991,0.3333
26.520233,-3.872,-0.4346,0.001652,0.0004777,0.0004777,0.4777,0.0004774,0.0004774,0.4902
26.530233,-3.892,-0.4004,0.001815,0.0004732,0.0004732,0.4732,0.0004725,0.0004725,0.4902
26.540234,-3.887,-0.3516,0.001944,0.0002879,0.0002879,0.2879,0.0002869,0.0002869,0.2941
26.550234,-3.896,-0.3174,0.002017,-7.369e-06,-7.369e-06,-0.007369,-8.547e-06,-8.547e-06,0.01961
26.560234,-3.892,-0.2734,0.002028,-0.0002998,-0.0002998,-0.2998,-0.0003016,-0.0003016,-0.2941
26.570234,-3.906,-0.2637,0.002005,-0.0004778,-0.0004778,-0.4778,-0.0004799,-0.0004799,-0.451
26.580235,-3.926,-0.2637,0.001973,-0.0004732,-0.0004732,-0.4732,-0.000475,-0.000475,-0.451
26.590235,-3.926,-0.249,0.00195,-0.0002879,-0.0002879,-0.2879,-0.0002894,-0.0002894,-0.2549
26.600233,-3.916,-0.2246,0.001953,7.345e-06,7.345e-06,0.007345,6.105e-06,6.105e-06,0.01961
26.610233,-3.887,-0.1953,0.002028,0.0002998,0.0002998,0.2998,0.0002991,0.0002991,0.3333
26.620234,-3.838,-0.1514,0.002131,0.0004778,0.0004778,0.4778,0.0004774,0.0004774,0.4902
26.630234,-3.789,-0.08789,0.00223,0.0004732,0.0004732,0.4732,0.0004725,0.0004725,0.4902
26.640234,-3.726,-0.009766,0.002297,0.0002879,0.0002879,0.2879,0.0002869,0.0002869,0.2941
26.650234,-3.657,0.03906,0.002329,-7.381e-06,-7.381e-06,-0.007381,-8.547e-06,-8.547e-06,0.01961
26.660233,-3.589,0.08301,0.002291,-0.0002998,-0.0002998,-0.2998,-0.0003016,-0.0003016,-0.2941
26.670235,-3.545,0.1172,0.002198,-0.0004778,-0.0004778,-0.4778,-0.0004799,-0.0004799,-0.451
26.680233,-3.501,0.1318,0.002096,-0.0004732,-0.0004732,-0.4732,-0.000475,-0.000475,-0.451
26.690233,-3.413,0.1416,0.002017,-0.0002879,-0.0002879,-0.2879,-0.0002894,-0.0002894,-0.2549
26.700233,-3.374,0.1562,0.001973,7.357e-06,7.357e-06,0.007357,6.105e-06,6.105e-06,0.01961
26.710234,-3.291,0.21,0.001961,0.0002998,0.0002998,0.2998,0.0002991,0.0002991,0.3333
26.720234,-3.203,0.2686,0.00199,0.0004778,0.0004778,0.4778,0.0004774,0.0004774,0.4902
26.730234,-3.11,0.3174,0.002026,0.0004732,0.0004732,0.4732,0.0004725,0.0004725,0.4902
26.740234,-3.003,0.3857,0.002028,0.0002879,0.0002879,0.2879,0.0002869,0.0002869,0.2941
26.750235,-2.91,0.4053,0.002014,-7.393e-06,-7.393e-06,-0.007393,-8.547e-06,-8.547e-06,0.01961
26.760233,-2.808,0.4443,0.001906,-0.0002998,-0.0002998,-0.2998,-0.0003016,-0.0003016,-0.2941
26.770235,-2.734,0.4639,0.001763,-0.0004778,-0.0004778,-0.4778,-0.0004799,-0.0004799,-0.451
26.780233,-2.671,0.459,0.001605,-0.0004732,-0.0004732,-0.4732,-0.000475,-0.000475,-0.451
26.790234,-2.593,0.4541,0.001468,-0.0002879,-0.0002879,-0.2879,-0.0002894,-0.0002894,-0.2549
26.800234,-2.544,0.4639,0.001369,7.369e-06,7.369e-06,0.007369,6.105e-06,6.105e-06,0.01961
26.810234,-2.456,0.4785,0.001322,0.0002998,0.0002998,0.2998,0.0002991,0.0002991,0.3333
26.820232,-2.368,0.498,0.001313,0.0004777,0.0004777,0.4777,0.0004774,0.0004774,0.4902
26.830233,-2.285,0.5273,0.001319,0.0004732,0.0004732,0.4732,0.0004725,0.0004725,0.4902
26.840235,-2.202,0.5664,0.00129,0.0002879,0.0002879,0.2879,0.0002869,0.0002869,0.2941
26.850235,-2.139,0.5615,0.00124,-7.405e-06,-7.405e-06,-0.007405,-8.547e-06,-8.547e-06,0.01961
26.860235,-2.075,0.5664,0.001115,-0.0002999,-0.0002999,-0.2999,-0.0003016,-0.0003016,-0.2941
26.870235,-2.041,0.542,0.0009631,-0.0004778,-0.0004778,-0.4778,-0.0004799,-0.0004799,-0.451
26.880236,-2.017,0.5078,0.0007968,-0.0004732,-0.0004732,-0.4732,-0.000475,-0.000475,-0.451
26.890234,-1.997,0.4834,0.0006421,-0.0002879,-0.0002879,-0.2879,-0.0002894,-0.0002894,-0.2549
26.900234,-1.982,0.4346,0.0005575,7.382e-06,7.382e-06,0.007382,6.105e-06,6.105e-06,0.01961
26.910234,-1.958,0.4248,0.0005195,0.0002998,0.0002998,0.2998,0.0002991,0.0002991,0.3333
26.920233,-1.929,0.4004,0.0005341,0.0004777,0.0004777,0.4777,0.0004774,0.0004774,0.4902
26.930233,-1.909,0.4004,0.0005545,0.0004732,0.0004732,0.4732,0.0004725,0.0004725,0.4902
26.940233,-1.885,0.3955,0.0005604,0.0002879,0.0002879,0.2879,0.0002869,0.0002869,0.2941
26.950233,-1.88,0.3662,0.0005341,-7.358e-06,-7.358e-06,-0.007358,-8.547e-06,-8.547e-06,0.01961
26.960234,-1.895,0.332,0.000467,-0.0002998,-0.0002998,-0.2998,-0.0003016,-0.0003016,-0.2941
26.970234,-1.934,0.2783,0.0003532,-0.0004778,-0.0004778,-0.4778,-0.0004799,-0.0004799,-0.451
26.980234,-1.992,0.2246,0.0002218,-0.0004732,-0.0004732,-0.4732,-0.000475,-0.000475,-0.451
26.990234,-2.021,0.1465,0.0001459,-0.0002879,-0.0002879,-0.2879,-0.0002894,-0.0002894,-0.2549
27.000235,-2.1,0.08301,0.000108,7.394e-06,7.394e-06,0.007394,6.105e-06,6.105e-06,0.01961
27.010235,-2.153,0.05859,0.0001197,0.0002998,0.0002998,0.2998,0.0002991,0.0002991,0.3333
27.020233,-2.197,0.01465,0.0001926,0.0004777,0.0004777,0.4777,0.0004774,0.0004774,0.4902
27.030235,-2.236,-0.01953,0.0002948,0.0004732,0.0004732,0.4732,0.0004725,0.0004725,0.4902
27.040234,-2.28,-0.03418,0.0003765,0.0002879,0.0002879,0.2879,0.0002869,0.0002869,0.2941
27.050234,-2.363,-0.06836,0.0004144,-7.37e-06,-7.37e-06,-0.00737,-8.547e-06,-8.547e-06,0.01961
27.060234,-2.441,-0.1074,0.0004028,-0.0002998,-0.0002998,-0.2998,-0.0003016,-0.0003016,-0.2941
27.070232,-2.544,-0.1562,0.000359,-0.0004777,-0.0004777,-0.4777,-0.0004799,-0.0004799,-0.451
27.080235,-2.646,-0.2246,0.0003094,-0.0004732,-0.0004732,-0.4732,-0.000475,-0.000475,-0.451
27.090237,-2.739,-0.2979,0.0003035,-0.0002878,-0.0002878,-0.2878,-0.0002894,-0.0002894,-0.2549
27.100233,-2.856,-0.3467,0.0003269,7.346e-06,7.346e-06,0.007346,6.105e-06,6.105e-06,0.01961
27.110233,-2.959,-0.3809,0.0004174,0.0002998,0.0002998,0.2998,0.0002991,0.0002991,0.3333
27.120234,-3.037,-0.4102,0.0005633,0.0004778,0.0004778,0.4778,0.0004774,0.0004774,0.4902
27.130234,-3.125,-0.415,0.0007209,0.0004732,0.0004732,0.4732,0.0004725,0.0004725,0.4902
27.140234,-3.193,-0.415,0.0008581,0.0002879,0.0002879,0.2879,0.0002869,0.0002869,0.2941
27.150234,-3.281,-0.4248,0.0009544,-7.382e-06,-7.382e-06,-0.007382,-8.547e-06,-8.547e-06,0.01961
27.160234,-3.359,-0.4492,0.001013,-0.0002998,-0.0002998,-0.2998,-0.0003016,-0.0003016,-0.2941
27.170233,-3.457,-0.4785,0.001019,-0.0004777,-0.0004777,-0.4777,-0.0004799,-0.0004799,-0.451
27.180233,-3.569,-0.5176,0.001022,-0.0004732,-0.0004732,-0.4732,-0.000475,-0.000475,-0.451
27.190235,-3.657,-0.5469,0.001045,-0.0002879,-0.0002879,-0.2879,-0.0002894,-0.0002894,-0.2549
27.200233,-3.755,-0.5664,0.001109,7.358e-06,7.358e-06,0.007358,6.105e-06,6.105e-06,0.01961
27.210234,-3.823,-0.5811,0.001249,0.0002998,0.0002998,0.2998,0.0002991,0.0002991,0.3333
27.220234,-3.882,-0.5566,0.00141,0.0004778,0.0004778,0.4778,0.0004774,0.0004774,0.4902
27.230234,-3.931,-0.5371,0.001588,0.0004732,0.0004732,0.4732,0.0004725,0.0004725,0.4902
27.240234,-3.955,-0.498,0.001742,0.0002879,0.0002879,0.2879,0.0002869,0.0002869,0.2941
27.250235,-3.994,-0.4834,0.001856,-7.394e-06,-7.394e-06,-0.007394,-8.547e-06,-8.547e-06,0.01961
27.260235,-4.028,-0.4492,0.001897,-0.0002998,-0.0002998,-0.2998,-0.0003016,-0.0003016,-0.2941
27.270235,-4.058,-0.4443,0.001906,-0.0004778,-0.0004778,-0.4778,-0.0004799,-0.0004799,-0.451
27.280233,-4.102,-0.4443,0.001894,-0.0004732,-0.0004732,-0.4732,-0.000475,-0.000475,-0.451
27.290234,-4.126,-0.4346,0.001903,-0.0002879,-0.0002879,-0.2879,-0.0002894,-0.0002894,-0.2549
27.300234,-4.155,-0.4346,0.001955,7.37e-06,7.37e-06,0.00737,6.105e-06,6.105e-06,0.01961
27.310234,-4.146,-0.3857,0.002043,0.0002998,0.0002998,0.2998,0.0002991,0.0002991,0.3333
27.320234,-4.131,-0.3418,0.002171,0.0004778,0.0004778,0.4778,0.0004774,0.0004774,0.4902
27.330235,-4.097,-0.2686,0.0023,0.0004732,0.0004732,0.4732,0.0004725,0.0004725,0.4902
27.340235,-4.048,-0.2051,0.002414,0.0002879,0.0002879,0.2879,0.0002869,0.0002869,0.2941
27.350233,-4.009,-0.1562,0.002475,-7.346e-06,-7.346e-06,-0.007346,-8.547e-06,-8.547e-06,0.01961
27.360233,-3.955,-0.1074,0.002469,-0.0002998,-0.0002998,-0.2998,-0.0003016,-0.0003016,-0.2941
27.370234,-3.926,-0.06348,0.002402,-0.0004778,-0.0004778,-0.4778,-0.0004799,-0.0004799,-0.451
27.380234,-3.882,-0.03418,0.00232,-0.0004732,-0.0004732,-0.4732,-0.000475,-0.000475,-0.451
27.390234,-3.828,-0.004883,0.002253,-0.0002879,-0.0002879,-0.2879,-0.0002894,-0.0002894,-0.2549
27.400234,-3.76,0.01953,0.002239,7.382e-06,7.382e-06,0.007382,6.105e-06,6.105e-06,0.01961
27.410234,-3.687,0.08301,0.002247,0.0002998,0.0002998,0.2998,0.0002991,0.0002991,0.3333
27.420235,-3.594,0.1416,0.002297,0.0004778,0.0004778,0.4778,0.0004774,0.0004774,0.4902
27.430233,-3.491,0.21,0.002358,0.0004732,0.0004732,0.4732,0.0004725,0.0004725,0.4902
27.440233,-3.369,0.2881,0.00239,0.0002879,0.0002879,0.2879,0.0002869,0.0002869,0.2941
27.450233,-3.281,0.332,0.00237,-7.358e-06,-7.358e-06,-0.007358,-8.547e-06,-8.547e-06,0.01961
27.460234,-3.174,0.4004,0.002265,-0.0002998,-0.0002998,-0.2998,-0.0003016,-0.0003016,-0.2941
27.470234,-3.076,0.4297,0.002133,-0.0004778,-0.0004778,-0.4778,-0.0004799,-0.0004799,-0.451
27.480234,-2.998,0.4346,0.001982,-0.0004732,-0.0004732,-0.4732,-0.000475,-0.000475,-0.451
27.490234,-2.9,0.4541,0.001847,-0.0002879,-0.0002879,-0.2879,-0.0002894,-0.0002894,-0.2549
27.500235,-2.827,0.4639,0.001748,7.394e-06,7.394e-06,0.007394,6.105e-06,6.105e-06,0.01961
27.510233,-2.71,0.5029,0.001699,0.0002998,0.0002998,0.2998,0.0002991,0.0002991,0.3333
27.520235,-2.603,0.5322,0.00169,0.0004778,0.0004778,0.4778,0.0004774,0.0004774,0.4902
27.530233,-2.485,0.5811,0.001687,0.0004732,0.0004732,0.4732,0.0004725,0.0004725,0.4902
27.540234,-2.373,0.6299,0.001658,0.0002879,0.0002879,0.2879,0.0002869,0.0002869,0.2941
27.550234,-2.271,0.6641,0.001561,-7.37e-06,-7.37e-06,-0.00737,-8.547e-06,-8.547e-06,0.01961
27.560234,-2.183,0.6787,0.001436,-0.0002998,-0.0002998,-0.2998,-0.0003016,-0.0003016,-0.2941
27.570234,-2.104,0.6641,0.001267,-0.0004778,-0.0004778,-0.4778,-0.0004799,-0.0004799,-0.451
27.580233,-2.051,0.6348,0.00108,-0.0004732,-0.0004732,-0.4732,-0.000475,-0.000475,-0.451
27.590233,-1.987,0.6201,0.0009164,-0.0002879,-0.0002879,-0.2879,-0.0002894,-0.0002894,-0.2549
27.600233,-1.943,0.5762,0.0008085,7.346e-06,7.346e-06,0.007346,6.105e-06,6.105e-06,0.01961
27.610235,-1.87,0.5859,0.0007267,0.0002999,0.0002999,0.2999,0.0002991,0.0002991,0.3333
27.620234,-1.816,0.5811,0.000718,0.0004778,0.0004778,0.4778,0.0004774,0.0004774,0.4902
27.630234,-1.768,0.5811,0.0007005,0.0004732,0.0004732,0.4732,0.0004725,0.0004725,0.4902
27.640234,-1.704,0.5811,0.0006888,0.0002879,0.0002879,0.2879,0.0002869,0.0002869,0.2941
27.650234,-1.665,0.5615,0.0006275,-7.382e-06,-7.382e-06,-0.007382,-8.547e-06,-8.547e-06,0.01961
27.660234,-1.65,0.5469,0.000502,-0.0002998,-0.0002998,-0.2998,-0.0003016,-0.0003016,-0.2941
27.670235,-1.655,0.4932,0.0003619,-0.0004778,-0.0004778,-0.4778,-0.0004799,-0.0004799,-0.451
27.680235,-1.675,0.4248,0.0002131,-0.0004732,-0.0004732,-0.4732,-0.000475,-0.000475,-0.451
27.690233,-1.709,0.3662,8.464e-05,-0.0002879,-0.0002879,-0.2879,-0.0002894,-0.0002894,-0.2549
27.700233,-1.748,0.3027,1.167e-05,7.358e-06,7.358e-06,0.007358,6.105e-06,6.105e-06,0.01961
27.710234,-1.777,0.2637,0.0,0.0002998,0.0002998,0.2998,0.0002991,0.0002991,0.3333
27.720234,-1.807,0.2148,4.086e-05,0.0004778,0.0004778,0.4778,0.0004774,0.0004774,0.4902
27.730234,-1.836,0.1904,9.923e-05,0.0004732,0.0004732,0.4732,0.0004725,0.0004725,0.4902
27.740234,-1.86,0.166,0.0001459,0.0002879,0.0002879,0.2879,0.0002869,0.0002869,0.2941
27.750235,-1.934,0.1025,0.0001664,-7.394e-06,-7.394e-06,-0.007394,-8.547e-06,-8.547e-06,0.01961
27.760233,-2.002,0.07324,0.0001138,-0.0002998,-0.0002998,-0.2998,-0.0003016,-0.0003016,-0.2941
27.770233,-2.095,-0.004883,5.837e-05,-0.0004777,-0.0004777,-0.4777,-0.0004799,-0.0004799,-0.451
27.780233,-2.197,-0.07812,-1.167e-05,-0.0004732,-0.0004732,-0.4732,-0.000475,-0.000475,-0.451
27.790234,-2.314,-0.1611,-4.962e-05,-0.0002879,-0.0002879,-0.2879,-0.0002894,-0.0002894,-0.2549
27.800234,-2.432,-0.2295,-3.502e-05,7.37e-06,7.37e-06,0.00737,6.105e-06,6.105e-06,0.01961
27.810234,-2.524,-0.2686,2.919e-05,0.0002998,0.0002998,0.2998,0.0002991,0.0002991,0.3333
27.820234,-2.632,-0.3125,0.0001605,0.0004778,0.0004778,0.4778,0.0004774,0.0004774,0.4902
27.830235,-2.715,-0.3418,0.0003065,0.0004732,0.0004732,0.4732,0.0004725,0.0004725,0.4902
27.840233,-2.812,-0.3662,0.0004465,0.0002879,0.0002879,0.2879,0.0002869,0.0002869,0.2941
27.850233,-2.915,-0.4102,0.0005458,-7.346e-06,-7.346e-06,-0.007346,-8.547e-06,-8.547e-06,0.01961
27.860233,-3.018,-0.4346,0.0005808,-0.0002998,-0.0002998,-0.2998,-0.0003016,-0.0003016,-0.2941
27.870234,-3.149,-0.4883,0.0005954,-0.0004778,-0.0004778,-0.4778,-0.0004799,-0.0004799,-0.451
27.880234,-3.276,-0.5322,0.0005954,-0.0004732,-0.0004732,-0.4732,-0.000475,-0.000475,-0.451
27.890234,-3.408,-0.5859,0.0006304,-0.0002879,-0.0002879,-0.2879,-0.0002894,-0.0002894,-0.2549
27.900234,-3.53,-0.6299,0.0007063,7.382e-06,7.382e-06,0.007382,6.105e-06,6.105e-06,0.01961
27.910234,-3.638,-0.6494,0.0008464,0.0002998,0.0002998,0.2998,0.0002991,0.0002991,0.3333
27.920235,-3.73,-0.6689,0.001039,0.0004778,0.0004778,0.4778,0.0004774,0.0004774,0.4902
27.930235,-3.809,-0.6641,0.00124,0.0004732,0.0004732,0.4732,0.0004725,0.0004725,0.4902
27.940233,-3.887,-0.6348,0.001413,0.0002879,0.0002879,0.2879,0.0002869,0.0002869,0.2941
27.950233,-3.95,-0.625,0.001538,-7.359e-06,-7.359e-06,-0.007359,-8.547e-06,-8.547e-06,0.01961
27.960234,-4.023,-0.6104,0.001608,-0.0002998,-0.0002998,-0.2998,-0.0003016,-0.0003016,-0.2941
27.970232,-4.111,-0.6201,0.001649,-0.0004777,-0.0004777,-0.4777,-0.0004799,-0.0004799,-0.451
27.980234,-4.194,-0.625,0.001669,-0.0004732,-0.0004732,-0.4732,-0.000475,-0.000475,-0.451
27.990234,-4.258,-0.625,0.001693,-0.0002879,-0.0002879,-0.2879,-0.0002894,-0.0002894,-0.2549
28.000235,-4.326,-0.6201,0.00178,7.395e-06,7.395e-06,0.007395,6.105e-06,6.105e-06,0.01961
28.010235,-4.355,-0.5957,0.001915,0.0002998,0.0002998,0.2998,0.0002991,0.0002991,0.3333
28.020233,-4.365,-0.5615,0.00209,0.0004777,0.0004777,0.4777,0.0004774,0.0004774,0.4902
28.030233,-4.365,-0.5029,0.002259,0.0004732,0.0004732,0.4732,0.0004725,0.0004725,0.4902
28.040234,-4.346,-0.4297,0.002396,0.0002879,0.0002879,0.2879,0.0002869,0.0002869,0.2941
28.050234,-4.341,-0.3809,0.002487,-7.371e-06,-7.371e-06,-0.007371,-8.547e-06,-8.547e-06,0.01961
28.060234,-4.321,-0.3271,0.002519,-0.0002998,-0.0002998,-0.2998,-0.0003016,-0.0003016,-0.2941
28.070234,-4.316,-0.3027,0.002501,-0.0004778,-0.0004778,-0.4778,-0.0004799,-0.0004799,-0.451
28.080233,-4.282,-0.2686,0.00246,-0.0004732,-0.0004732,-0.4732,-0.000475,-0.000475,-0.451
28.090235,-4.263,-0.2246,0.002431,-0.0002879,-0.0002879,-0.2879,-0.0002894,-0.0002894,-0.2549
28.100233,-4.214,-0.21,0.002457,7.347e-06,7.347e-06,0.007347,6.105e-06,6.105e-06,0.01961
28.110233,-4.141,-0.1367,0.002504,0.0002998,0.0002998,0.2998,0.0002991,0.0002991,0.3333
28.120234,-4.082,-0.06348,0.002583,0.0004778,0.0004778,0.4778,0.0004774,0.0004774,0.4902
28.130234,-3.965,0.01953,0.002668,0.0004732,0.0004732,0.4732,0.0004725,0.0004725,0.4902
28.140234,-3.862,0.1123,0.002723,0.0002879,0.0002879,0.2879,0.0002869,0.0002869,0.2941
28.150234,-3.765,0.1855,0.002708,-7.383e-06,-7.383e-06,-0.007383,-8.547e-06,-8.547e-06,0.01961
28.160234,-3.652,0.2441,0.002656,-0.0002998,-0.0002998,-0.2998,-0.0003016,-0.0003016,-0.2941
28.170235,-3.56,0.2832,0.002545,-0.0004778,-0.0004778,-0.4778,-0.0004799,-0.0004799,-0.451
28.180235,-3.462,0.3223,0.002405,-0.0004732,-0.0004732,-0.4732,-0.000475,-0.000475,-0.451
28.190235,-3.359,0.3516,0.002291,-0.0002879,-0.0002879,-0.2879,-0.0002894,-0.0002894,-0.2549
28.200233,-3.257,0.3857,0.002206,7.359e-06,7.359e-06,0.007359,6.105e-06,6.105e-06,0.01961
28.210232,-3.115,0.4346,0.002169,0.0002998,0.0002998,0.2998,0.0002991,0.0002991,0.3333
28.220234,-3.003,0.5127,0.002145,0.0004778,0.0004778,0.4778,0.0004774,0.0004774,0.4902
28.230234,-2.847,0.5762,0.002148,0.0004732,0.0004732,0.4732,0.0004725,0.0004725,0.4902
28.240234,-2.7,0.6299,0.002125,0.0002879,0.0002879,0.2879,0.0002869,0.0002869,0.2941
28.250235,-2.578,0.6836,0.002031,-7.395e-06,-7.395e-06,-0.007395,-8.547e-06,-8.547e-06,0.01961
28.260233,-2.441,0.7178,0.0019,-0.0002998,-0.0002998,-0.2998,-0.0003016,-0.0003016,-0.2941
28.270233,-2.339,0.7178,0.001719,-0.0004777,-0.0004777,-0.4777,-0.0004799,-0.0004799,-0.451
28.280233,-2.236,0.7373,0.001506,-0.0004732,-0.0004732,-0.4732,-0.000475,-0.000475,-0.451
28.290234,-2.148,0.7227,0.001328,-0.0002879,-0.0002879,-0.2879,-0.0002894,-0.0002894,-0.2549
28.300234,-2.051,0.7129,0.001191,7.371e-06,7.371e-06,0.007371,6.105e-06,6.105e-06,0.01961
28.310236,-1.948,0.7275,0.0011,0.0002999,0.0002999,0.2999,0.0002991,0.0002991,0.3333
28.320234,-1.855,0.7422,0.001051,0.0004778,0.0004778,0.4778,0.0004774,0.0004774,0.4902
28.330235,-1.758,0.7666,0.001016,0.0004732,0.0004732,0.4732,0.0004725,0.0004725,0.4902
28.340235,-1.646,0.7861,0.0009573,0.0002879,0.0002879,0.2879,0.0002869,0.0002869,0.2941
28.350233,-1.572,0.7715,0.0008668,-7.347e-06,-7.347e-06,-0.007347,-8.547e-06,-8.547e-06,0.01961
28.360233,-1.489,0.752,0.0007296,-0.0002998,-0.0002998,-0.2998,-0.0003016,-0.0003016,-0.2941
28.370234,-1.431,0.7178,0.0005341,-0.0004778,-0.0004778,-0.4778,-0.0004799,-0.0004799,-0.451
28.380234,-1.392,0.6787,0.0003356,-0.0004732,-0.0004732,-0.4732,-0.000475,-0.000475,-0.451
28.390234,-1.343,0.625,0.0001693,-0.0002879,-0.0002879,-0.2879,-0.0002894,-0.0002894,-0.2549
28.400234,-1.299,0.5566,6.129e-05,7.383e-06,7.383e-06,0.007383,6.105e-06,6.105e-06,0.01961
28.410234,-1.25,0.5176,8.756e-06,0.0002998,0.0002998,0.2998,0.0002991,0.0002991,0.3333
28.420235,-1.216,0.4883,0.0,0.0004778,0.0004778,0.4778,0.0004774,0.0004774,0.4902
28.430233,-1.167,0.4639,2.043e-05,0.0004732,0.0004732,0.4732,0.0004725,0.0004725,0.4902
28.440233,-1.128,0.4443,2.043e-05,0.0002879,0.0002879,0.2879,0.0002869,0.0002869,0.2941
28.450233,-1.108,0.4053,-1.751e-05,-7.359e-06,-7.359e-06,-0.007359,-8.547e-06,-8.547e-06,0.01961
28.460234,-1.084,0.3564,-9.34e-05,-0.0002998,-0.0002998,-0.2998,-0.0003016,-0.0003016,-0.2941
28.470234,-1.113,0.2979,-0.0002218,-0.0004778,-0.0004778,-0.4778,-0.0004799,-0.0004799,-0.451
28.480234,-1.152,0.2197,-0.0003386,-0.0004732,-0.0004732,-0.4732,-0.000475,-0.000475,-0.451
28.490232,-1.206,0.1416,-0.0004203,-0.0002879,-0.0002879,-0.2879,-0.0002894,-0.0002894,-0.2549
28.500235,-1.284,0.05859,-0.0004436,7.395e-06,7.395e-06,0.007395,6.105e-06,6.105e-06,0.01961
28.510235,-1.377,0.01465,-0.000432,0.0002998,0.0002998,0.2998,0.0002991,0.0002991,0.3333
28.520233,-1.475,-0.04883,-0.0003386,0.0004777,0.0004777,0.4777,0.0004774,0.0004774,0.4902
28.530233,-1.582,-0.06836,-0.0002393,0.0004732,0.0004732,0.4732,0.0004725,0.0004725,0.4902
28.540234,-1.704,-0.1172,-0.0001401,0.0002879,0.0002879,0.2879,0.0002869,0.0002869,0.2941
28.550234,-1.846,-0.166,-8.464e-05,-7.371e-06,-7.371e-06,-0.007371,-8.547e-06,-8.547e-06,0.01961
28.560234,-1.978,-0.2002,-9.34e-05,-0.0002998,-0.0002998,-0.2998,-0.0003016,-0.0003016,-0.2941
28.570234,-2.148,-0.2881,-9.923e-05,-0.0004778,-0.0004778,-0.4778,-0.0004799,-0.0004799,-0.451
28.580235,-2.31,-0.3711,-0.0001197,-0.0004732,-0.0004732,-0.4732,-0.000475,-0.000475,-0.451
28.590235,-2.476,-0.4541,-0.0001051,-0.0002879,-0.0002879,-0.2879,-0.0002894,-0.0002894,-0.2549
28.600233,-2.646,-0.5176,-4.962e-05,7.347e-06,7.347e-06,0.007347,6.105e-06,6.105e-06,0.01961
28.610233,-2.793,-0.5615,6.713e-05,0.0002998,0.0002998,0.2998,0.0002991,0.0002991,0.3333
28.620234,-2.949,-0.5957,0.0002393,0.0004778,0.0004778,0.4778,0.0004774,0.0004774,0.4902
28.630234,-3.076,-0.6152,0.000432,0.0004732,0.0004732,0.4732,0.0004725,0.0004725,0.4902
28.640234,-3.203,-0.6396,0.0006158,0.0002879,0.0002879,0.2879,0.0002869,0.0002869,0.2941
28.650234,-3.354,-0.6641,0.0007472,-7.383e-06,-7.383e-06,-0.007383,-8.547e-06,-8.547e-06,0.01961
28.660233,-3.472,-0.6836,0.0008318,-0.0002998,-0.0002998,-0.2998,-0.0003016,-0.0003016,-0.2941
28.670235,-3.628,-0.7275,0.0008902,-0.0004778,-0.0004778,-0.4778,-0.0004799,-0.0004799,-0.451
28.680235,-3.765,-0.7666,0.000931,-0.0004732,-0.0004732,-0.4732,-0.000475,-0.000475,-0.451
28.690233,-3.906,-0.8105,0.001004,-0.0002879,-0.0002879,-0.2879,-0.0002894,-0.0002894,-0.2549
28.700233,-4.038,-0.8447,0.001112,7.359e-06,7.359e-06,0.007359,6.105e-06,6.105e-06,0.01961
28.710234,-4.146,-0.8252,0.001267,0.0002998,0.0002998,0.2998,0.0002991,0.0002991,0.3333
28.720234,-4.243,-0.8203,0.00148,0.0004778,0.0004778,0.4778,0.0004774,0.0004774,0.4902
28.730234,-4.307,-0.7861,0.001704,0.0004732,0.0004732,0.4732,0.0004725,0.0004725,0.4902
28.740232,-4.37,-0.752,0.001903,0.0002879,0.0002879,0.2879,0.0002869,0.0002869,0.2941
28.750235,-4.438,-0.7178,0.002046,-7.395e-06,-7.395e-06,-0.007395,-8.547e-06,-8.547e-06,0.01961
28.760233,-4.478,-0.6934,0.002139,-0.0002998,-0.0002998,-0.2998,-0.0003016,-0.0003016,-0.2941
28.770233,-4.546,-0.6641,0.002171,-0.0004777,-0.0004777,-0.4777,-0.0004799,-0.0004799,-0.451
28.780235,-4.604,-0.6396,0.002189,-0.0004732,-0.0004732,-0.4732,-0.000475,-0.000475,-0.451
28.790234,-4.639,-0.6348,0.002236,-0.0002879,-0.0002879,-0.2879,-0.0002894,-0.0002894,-0.2549
28.800234,-4.653,-0.6104,0.002317,7.371e-06,7.371e-06,0.007371,6.105e-06,6.105e-06,0.01961
28.810234,-4.639,-0.5566,0.002437,0.0002998,0.0002998,0.2998,0.0002991,0.0002991,0.3333
28.820234,-4.639,-0.4834,0.00258,0.0004778,0.0004778,0.4778,0.0004774,0.0004774,0.4902
28.830235,-4.575,-0.4102,0.002755,0.0004732,0.0004732,0.4732,0.0004725,0.0004725,0.4902
28.840233,-4.526,-0.3223,0.002869,0.0002879,0.0002879,0.2879,0.0002869,0.0002869,0.2941
28.850233,-4.478,-0.2393,0.00293,-7.347e-06,-7.347e-06,-0.007347,-8.547e-06,-8.547e-06,0.01961
28.860233,-4.399,-0.166,0.002939,-0.0002998,-0.0002998,-0.2998,-0.0003016,-0.0003016,-0.2941
28.870234,-4.341,-0.1172,0.002889,-0.0004778,-0.0004778,-0.4778,-0.0004799,-0.0004799,-0.451
28.880236,-4.277,-0.05859,0.002811,-0.0004732,-0.0004732,-0.4732,-0.000475,-0.000475,-0.451
28.890234,-4.209,-0.009766,0.002749,-0.0002879,-0.0002879,-0.2879,-0.0002894,-0.0002894,-0.2549
28.900234,-4.111,0.03906,0.002726,7.383e-06,7.383e-06,0.007383,6.105e-06,6.105e-06,0.01961
28.910234,-4.004,0.1074,0.002746,0.0002998,0.0002998,0.2998,0.0002991,0.0002991,0.3333
28.920235,-3.872,0.1855,0.00279,0.0004778,0.0004778,0.4778,0.0004774,0.0004774,0.4902
28.930233,-3.73,0.2979,0.002819,0.0004732,0.0004732,0.4732,0.0004725,0.0004725,0.4902
28.940235,-3.584,0.3711,0.00284,0.0002879,0.0002879,0.2879,0.0002869,0.0002869,0.2941
28.950233,-3.433,0.4688,0.002781,-7.359e-06,-7.359e-06,-0.007359,-8.547e-06,-8.547e-06,0.01961
28.960234,-3.291,0.542,0.002671,-0.0002998,-0.0002998,-0.2998,-0.0003016,-0.0003016,-0.2941
28.970236,-3.154,0.5859,0.002507,-0.0004778,-0.0004778,-0.4778,-0.0004799,-0.0004799,-0.451
28.980234,-3.008,0.6152,0.002335,-0.0004732,-0.0004732,-0.4732,-0.000475,-0.000475,-0.451
28.990234,-2.881,0.6494,0.002163,-0.0002879,-0.0002879,-0.2879,-0.0002894,-0.0002894,-0.2549
29.000233,-2.749,0.6787,0.002028,7.335e-06,7.335e-06,0.007335,6.105e-06,6.105e-06,0.01961
29.010233,-2.588,0.7324,0.001947,0.0002998,0.0002998,0.2998,0.0002991,0.0002991,0.3333
29.020233,-2.446,0.7715,0.001894,0.0004777,0.0004777,0.4777,0.0004774,0.0004774,0.4902
29.030233,-2.266,0.835,0.001853,0.0004732,0.0004732,0.4732,0.0004725,0.0004725,0.4902
29.040234,-2.114,0.8887,0.001777,0.0002879,0.0002879,0.2879,0.0002869,0.0002869,0.2941
29.050234,-1.973,0.918,0.001661,-7.371e-06,-7.371e-06,-0.007371,-8.547e-06,-8.547e-06,0.01961
29.060234,-1.841,0.9521,0.001471,-0.0002998,-0.0002998,-0.2998,-0.0003016,-0.0003016,-0.2941
29.070234,-1.729,0.9326,0.00127,-0.0004778,-0.0004778,-0.4778,-0.0004799,-0.0004799,-0.451
29.080236,-1.636,0.9131,0.001033,-0.0004732,-0.0004732,-0.4732,-0.000475,-0.000475,-0.451
29.090235,-1.548,0.8936,0.0008143,-0.0002879,-0.0002879,-0.2879,-0.0002894,-0.0002894,-0.2549
29.100233,-1.431,0.8643,0.0006596,7.348e-06,7.348e-06,0.007348,6.105e-06,6.105e-06,0.01961
29.110233,-1.318,0.8545,0.0005516,0.0002998,0.0002998,0.2998,0.0002991,0.0002991,0.3333
29.120234,-1.201,0.8447,0.0004845,0.0004778,0.0004778,0.4778,0.0004774,0.0004774,0.4902
29.130234,-1.04,0.8398,0.0004465,0.0004732,0.0004732,0.4732,0.0004725,0.0004725,0.4902
29.140234,-0.8936,0.8252,0.0003911,0.0002879,0.0002879,0.2879,0.0002869,0.0002869,0.2941
29.150234,-0.7568,0.8105,0.0002802,-7.384e-06,-7.384e-06,-0.007384,-8.547e-06,-8.547e-06,0.01961
29.160234,-0.6152,0.7812,0.0001313,-0.0002998,-0.0002998,-0.2998,-0.0003016,-0.0003016,-0.2941
29.170235,-0.5029,0.7324,-5.837e-05,-0.0004778,-0.0004778,-0.4778,-0.0004799,-0.0004799,-0.451
29.180233,-0.3857,0.6689,-0.0002568,-0.0004732,-0.0004732,-0.4732,-0.000475,-0.000475,-0.451
29.190233,-0.2783,0.6006,-0.0004174,-0.0002879,-0.0002879,-0.2879,-0.0002894,-0.0002894,-0.2549
29.200233,-0.1807,0.5469,-0.0005253,7.36e-06,7.36e-06,0.00736,6.105e-06,6.105e-06,0.01961
29.210234,-0.04883,0.498,-0.0005662,0.0002998,0.0002998,0.2998,0.0002991,0.0002991,0.3333
29.220234,0.06836,0.4541,-0.0005662,0.0004778,0.0004778,0.4778,0.0004774,0.0004774,0.4902
29.230234,0.1709,0.4541,-0.0005575,0.0004732,0.0004732,0.4732,0.0004725,0.0004725,0.4902
29.240234,0.2881,0.415,-0.0005429,0.0002879,0.0002879,0.2879,0.0002869,0.0002869,0.2941
29.250235,0.4004,0.3857,-0.0005808,-7.396e-06,-7.396e-06,-0.007396,-8.547e-06,-8.547e-06,0.01961
29.260233,0.5078,0.3467,-0.0006567,-0.0002998,-0.0002998,-0.2998,-0.0003016,-0.0003016,-0.2941
29.270235,0.5859,0.2881,-0.0007705,-0.0004778,-0.0004778,-0.4778,-0.0004799,-0.0004799,-0.451
29.280233,0.6592,0.2246,-0.0008843,-0.0004732,-0.0004732,-0.4732,-0.000475,-0.000475,-0.451
29.290236,0.7031,0.1562,-0.0009719,-0.0002879,-0.0002879,-0.2879,-0.0002894,-0.0002894,-0.2549
29.300234,0.752,0.1025,-0.001013,7.372e-06,7.372e-06,0.007372,6.105e-06,6.105e-06,0.01961
29.310234,0.8105,0.07324,-0.0009923,0.0002998,0.0002998,0.2998,0.0002991,0.0002991,0.3333
29.320234,0.8594,0.04395,-0.0009223,0.0004778,0.0004778,0.4778,0.0004774,0.0004774,0.4902
29.330233,0.9521,0.03906,-0.0008406,0.0004732,0.0004732,0.4732,0.0004725,0.0004725,0.4902
29.340235,1.006,0.02441,-0.0007647,0.0002879,0.0002879,0.2879,0.0002869,0.0002869,0.2941
29.350233,1.06,0.004883,-0.0007296,-7.348e-06,-7.348e-06,-0.007348,-8.547e-06,-8.547e-06,0.01961
29.360233,1.118,-0.009766,-0.000753,-0.0002998,-0.0002998,-0.2998,-0.0003016,-0.0003016,-0.2941
29.370234,1.157,-0.05371,-0.0008026,-0.0004778,-0.0004778,-0.4778,-0.0004799,-0.0004799,-0.451
29.380234,1.167,-0.08301,-0.0008785,-0.0004732,-0.0004732,-0.4732,-0.000475,-0.000475,-0.451
29.390232,1.177,-0.127,-0.0009194,-0.0002879,-0.0002879,-0.2879,-0.0002894,-0.0002894,-0.2549
29.400234,1.187,-0.1562,-0.0009194,7.384e-06,7.384e-06,0.007384,6.105e-06,6.105e-06,0.01961
29.410233,1.211,-0.1562,-0.0008639,0.0002998,0.0002998,0.2998,0.0002991,0.0002991,0.3333
29.420233,1.245,-0.1611,-0.000753,0.0004777,0.0004777,0.4777,0.0004774,0.0004774,0.4902
29.430233,1.304,-0.1465,-0.0006304,0.0004732,0.0004732,0.4732,0.0004725,0.0004725,0.4902
29.440235,1.348,-0.1221,-0.0005399,0.0002879,0.0002879,0.2879,0.0002869,0.0002869,0.2941
29.450235,1.392,-0.1074,-0.0004903,-7.42e-06,-7.42e-06,-0.00742,-8.547e-06,-8.547e-06,0.01961
29.460234,1.426,-0.1025,-0.0004962,-0.0002998,-0.0002998,-0.2998,-0.0003016,-0.0003016,-0.2941
29.470234,1.455,-0.1221,-0.0005341,-0.0004778,-0.0004778,-0.4778,-0.0004799,-0.0004799,-0.451
29.480234,1.484,-0.1172,-0.0006071,-0.0004732,-0.0004732,-0.4732,-0.000475,-0.000475,-0.451
29.490234,1.509,-0.1367,-0.0006479,-0.0002879,-0.0002879,-0.2879,-0.0002894,-0.0002894,-0.2549
29.500233,1.562,-0.1367,-0.0006421,7.336e-06,7.336e-06,0.007336,6.105e-06,6.105e-06,0.01961
29.510235,1.616,-0.127,-0.0005866,0.0002998,0.0002998,0.2998,0.0002991,0.0002991,0.3333
29.520233,1.689,-0.1025,-0.0004932,0.0004777,0.0004777,0.4777,0.0004774,0.0004774,0.4902
29.530233,1.797,-0.04395,-0.000394,0.0004732,0.0004732,0.4732,0.0004725,0.0004725,0.4902
29.540234,1.895,-0.004883,-0.0003123,0.0002879,0.0002879,0.2879,0.0002869,0.0002869,0.2941
29.550234,1.997,0.04883,-0.0002948,-7.372e-06,-7.372e-06,-0.007372,-8.547e-06,-8.547e-06,0.01961
29.560234,2.095,0.08301,-0.0003269,-0.0002998,-0.0002998,-0.2998,-0.0003016,-0.0003016,-0.2941
29.570234,2.163,0.08789,-0.0004028,-0.0004778,-0.0004778,-0.4778,-0.0004799,-0.0004799,-0.451
29.580233,2.256,0.09766,-0.0004991,-0.0004732,-0.0004732,-0.4732,-0.000475,-0.000475,-0.451
29.590235,2.324,0.1025,-0.0005837,-0.0002879,-0.0002879,-0.2879,-0.0002894,-0.0002894,-0.2549
29.600233,2.402,0.1172,-0.0006187,7.348e-06,7.348e-06,0.007348,6.105e-06,6.105e-06,0.01961
29.610233,2.505,0.1562,-0.0006129,0.0002998,0.0002998,0.2998,0.0002991,0.0002991,0.3333
29.620234,2.607,0.1758,-0.0005487,0.0004778,0.0004778,0.4778,0.0004774,0.0004774,0.4902
29.630236,2.7,0.2539,-0.0005166,0.0004732,0.0004732,0.4732,0.0004725,0.0004725,0.4902
29.640234,2.812,0.3027,-0.0004874,0.0002879,0.0002879,0.2879,0.0002869,0.0002869,0.2941
29.650234,2.92,0.3613,-0.0005253,-7.384e-06,-7.384e-06,-0.007384,-8.547e-06,-8.547e-06,0.01961
29.660234,3.022,0.3857,-0.0006071,-0.0002998,-0.0002998,-0.2998,-0.0003016,-0.0003016,-0.2941
29.670233,3.096,0.3955,-0.0007384,-0.0004777,-0.0004777,-0.4777,-0.0004799,-0.0004799,-0.451
29.680235,3.164,0.3955,-0.0008668,-0.0004732,-0.0004732,-0.4732,-0.000475,-0.000475,-0.451
29.690233,3.237,0.3906,-0.001001,-0.0002879,-0.0002879,-0.2879,-0.0002894,-0.0002894,-0.2549
29.700235,3.315,0.4004,-0.001089,7.42e-06,7.42e-06,0.00742,6.105e-06,6.105e-06,0.01961
29.710234,3.398,0.415,-0.001118,0.0002998,0.0002998,0.2998,0.0002991,0.0002991,0.3333
29.720234,3.486,0.4443,-0.001121,0.0004778,0.0004778,0.4778,0.0004774,0.0004774,0.4902
29.730234,3.589,0.4834,-0.001097,0.0004732,0.0004732,0.4732,0.0004725,0.0004725,0.4902
29.740234,3.672,0.5127,-0.001121,0.0002879,0.0002879,0.2879,0.0002869,0.0002869,0.2941
29.750233,3.755,0.5273,-0.00117,-7.336e-06,-7.336e-06,-0.007336,-8.547e-06,-8.547e-06,0.01961
29.760235,3.828,0.5371,-0.001275,-0.0002998,-0.0002998,-0.2998,-0.0003016,-0.0003016,-0.2941
29.770233,3.857,0.5225,-0.001427,-0.0004777,-0.0004777,-0.4777,-0.0004799,-0.0004799,-0.451
29.780235,3.916,0.5029,-0.001591,-0.0004732,-0.0004732,-0.4732,-0.000475,-0.000475,-0.451
29.790234,3.936,0.4639,-0.001734,-0.0002879,-0.0002879,-0.2879,-0.0002894,-0.0002894,-0.2549
29.800234,3.979,0.4492,-0.00183,7.372e-06,7.372e-06,0.007372,6.105e-06,6.105e-06,0.01961
29.810234,4.014,0.415,-0.001856,0.0002998,0.0002998,0.2998,0.0002991,0.0002991,0.3333
29.820234,4.058,0.4199,-0.001856,0.0004778,0.0004778,0.4778,0.0004774,0.0004774,0.4902
29.830235,4.111,0.4297,-0.00183,0.0004732,0.0004732,0.4732,0.0004725,0.0004725,0.4902
29.840235,4.141,0.4199,-0.001824,0.0002879,0.0002879,0.2879,0.0002869,0.0002869,0.2941
29.850233,4.15,0.4102,-0.001859,-7.348e-06,-7.348e-06,-0.007348,-8.547e-06,-8.547e-06,0.01961
29.860235,4.165,0.3906,-0.00195,-0.0002999,-0.0002999,-0.2999,-0.0003016,-0.0003016,-0.2941
29.870235,4.15,0.3418,-0.002069,-0.0004778,-0.0004778,-0.4778,-0.0004799,-0.0004799,-0.451
29.880234,4.116,0.2979,-0.002198,-0.0004732,-0.0004732,-0.4732,-0.000475,-0.000475,-0.451
29.890234,4.077,0.2393,-0.002309,-0.0002879,-0.0002879,-0.2879,-0.0002894,-0.0002894,-0.2549
29.900232,4.053,0.1904,-0.002355,7.324e-06,7.324e-06,0.007324,6.105e-06,6.105e-06,0.01961
29.910233,4.019,0.1514,-0.002349,0.0002998,0.0002998,0.2998,0.0002991,0.0002991,0.3333
29.920235,3.994,0.1074,-0.002279,0.0004778,0.0004778,0.4778,0.0004774,0.0004774,0.4902
29.930233,3.984,0.09766,-0.002198,0.0004732,0.0004732,0.4732,0.0004725,0.0004725,0.4902
29.940233,3.936,0.07812,-0.002145,0.0002879,0.0002879,0.2879,0.0002869,0.0002869,0.2941
29.950233,3.882,0.05859,-0.002128,-7.36e-06,-7.36e-06,-0.00736,-8.547e-06,-8.547e-06,0.01961
29.960239,3.833,0.01953,-0.002157,-0.0003,-0.0003,-0.3,-0.0003016,-0.0003016,-0.2941
29.970238,3.745,-0.03418,-0.002215,-0.0004778,-0.0004778,-0.4778,-0.0004799,-0.0004799,-0.451
29.980234,3.677,-0.09766,-0.002279,-0.0004732,-0.0004732,-0.4732,-0.000475,-0.000475,-0.451
29.990232,3.574,-0.1562,-0.002326,-0.0002879,-0.0002879,-0.2879,-0.0002894,-0.0002894,-0.2549
30.000233,3.496,-0.2148,-0.002306,7.336e-06,7.336e-06,0.007336,6.105e-06,6.105e-06,0.01961
30.010233,3.413,-0.2588,-0.002224,0.0002998,0.0002998,0.2998,0.0002991,0.0002991,0.3333
30.020233,3.34,-0.2881,-0.002104,0.0004777,0.0004777,0.4777,0.0004774,0.0004774,0.4902
30.030233,3.262,-0.2783,-0.001976,0.0004732,0.0004732,0.4732,0.0004725,0.0004725,0.4902
30.040236,3.203,-0.3027,-0.001845,0.0002879,0.0002879,0.2879,0.0002869,0.0002869,0.2941
30.050234,3.12,-0.3076,-0.001769,-7.372e-06,-7.372e-06,-0.007372,-8.547e-06,-8.547e-06,0.01961
30.060234,3.037,-0.3418,-0.001734,-0.0002998,-0.0002998,-0.2998,-0.0003016,-0.0003016,-0.2941
30.070234,2.944,-0.376,-0.001751,-0.0004778,-0.0004778,-0.4778,-0.0004799,-0.0004799,-0.451
30.080235,2.856,-0.4102,-0.001763,-0.0004732,-0.0004732,-0.4732,-0.000475,-0.000475,-0.451
30.090233,2.744,-0.4541,-0.001757,-0.0002879,-0.0002879,-0.2879,-0.0002894,-0.0002894,-0.2549
30.100233,2.671,-0.4834,-0.00169,7.348e-06,7.348e-06,0.007348,6.105e-06,6.105e-06,0.01961
30.110233,2.588,-0.5029,-0.001567,0.0002998,0.0002998,0.2998,0.0002991,0.0002991,0.3333
30.120234,2.529,-0.5078,-0.00141,0.0004778,0.0004778,0.4778,0.0004774,0.0004774,0.4902
30.130234,2.471,-0.4639,-0.001255,0.0004732,0.0004732,0.4732,0.0004725,0.0004725,0.4902
30.140234,2.432,-0.4541,-0.001103,0.0002879,0.0002879,0.2879,0.0002869,0.0002869,0.2941
30.150232,2.388,-0.4346,-0.001001,-7.324e-06,-7.324e-06,-0.007324,-8.547e-06,-8.547e-06,0.01961
30.160234,2.344,-0.4199,-0.0009602,-0.0002998,-0.0002998,-0.2998,-0.0003016,-0.0003016,-0.2941
30.170235,2.285,-0.4297,-0.0009544,-0.0004778,-0.0004778,-0.4778,-0.0004799,-0.0004799,-0.451
30.180235,2.241,-0.4248,-0.0009748,-0.0004732,-0.0004732,-0.4732,-0.000475,-0.000475,-0.451
30.190233,2.183,-0.4346,-0.0009631,-0.0002879,-0.0002879,-0.2879,-0.0002894,-0.0002894,-0.2549
30.200233,2.158,-0.4297,-0.0009048,7.36e-06,7.36e-06,0.00736,6.105e-06,6.105e-06,0.01961
30.210234,2.139,-0.415,-0.0007997,0.0002998,0.0002998,0.2998,0.0002991,0.0002991,0.3333
30.220234,2.129,-0.3711,-0.0006684,0.0004778,0.0004778,0.4778,0.0004774,0.0004774,0.4902
30.230236,2.139,-0.3027,-0.000537,0.0004732,0.0004732,0.4732,0.0004725,0.0004725,0.4902
30.240232,2.183,-0.2588,-0.0004144,0.0002879,0.0002879,0.2879,0.0002869,0.0002869,0.2941
30.250233,2.212,-0.2148,-0.0003386,-7.337e-06,-7.337e-06,-0.007337,-8.547e-06,-8.547e-06,0.01961
30.260233,2.227,-0.1758,-0.0003356,-0.0002998,-0.0002998,-0.2998,-0.0003016,-0.0003016,-0.2941
30.270233,2.241,-0.1514,-0.0003794,-0.0004777,-0.0004777,-0.4777,-0.0004799,-0.0004799,-0.451
30.280235,2.285,-0.1318,-0.000432,-0.0004732,-0.0004732,-0.4732,-0.000475,-0.000475,-0.451
30.290234,2.285,-0.1172,-0.0004816,-0.0002879,-0.0002879,-0.2879,-0.0002894,-0.0002894,-0.2549
30.300236,2.314,-0.07812,-0.0004932,7.432e-06,7.432e-06,0.007432,6.105e-06,6.105e-06,0.01961
30.310234,2.373,-0.03418,-0.0004582,0.0002998,0.0002998,0.2998,0.0002991,0.0002991,0.3333
30.320234,2.441,0.01953,-0.0003823,0.0004778,0.0004778,0.4778,0.0004774,0.0004774,0.4902
30.330235,2.539,0.09766,-0.0003152,0.0004732,0.0004732,0.4732,0.0004725,0.0004725,0.4902
30.340235,2.622,0.1562,-0.0002598,0.0002879,0.0002879,0.2879,0.0002869,0.0002869,0.2941
30.350235,2.715,0.2148,-0.0002568,-7.409e-06,-7.409e-06,-0.007409,-8.547e-06,-8.547e-06,0.01961
30.360233,2.788,0.2588,-0.000324,-0.0002998,-0.0002998,-0.2998,-0.0003016,-0.0003016,-0.2941
30.370234,2.866,0.2881,-0.0004407,-0.0004778,-0.0004778,-0.4778,-0.0004799,-0.0004799,-0.451
30.380234,2.959,0.3027,-0.0005604,-0.0004732,-0.0004732,-0.4732,-0.000475,-0.000475,-0.451
30.390234,3.003,0.3223,-0.0006888,-0.0002879,-0.0002879,-0.2879,-0.0002894,-0.0002894,-0.2549
30.400232,3.096,0.3467,-0.0007618,7.325e-06,7.325e-06,0.007325,6.105e-06,6.105e-06,0.01961
30.410234,3.179,0.3809,-0.0007968,0.0002998,0.0002998,0.2998,0.0002991,0.0002991,0.3333
30.420233,3.291,0.4199,-0.0007909,0.0004777,0.0004777,0.4777,0.0004774,0.0004774,0.4902
30.430233,3.403,0.498,-0.0007909,0.0004732,0.0004732,0.4732,0.0004725,0.0004725,0.4902
30.440233,3.496,0.5322,-0.0007909,0.0002879,0.0002879,0.2879,0.0002869,0.0002869,0.2941
30.450233,3.618,0.5615,-0.0008464,-7.361e-06,-7.361e-06,-0.007361,-8.547e-06,-8.547e-06,0.01961
30.460234,3.716,0.5811,-0.0009631,-0.0002998,-0.0002998,-0.2998,-0.0003016,-0.0003016,-0.2941
30.470234,3.784,0.5811,-0.001121,-0.0004778,-0.0004778,-0.4778,-0.0004799,-0.0004799,-0.451
30.480234,3.857,0.5713,-0.001296,-0.0004732,-0.0004732,-0.4732,-0.000475,-0.000475,-0.451
30.490234,3.896,0.5664,-0.001462,-0.0002879,-0.0002879,-0.2879,-0.0002894,-0.0002894,-0.2549
30.500233,3.97,0.5518,-0.00157,7.337e-06,7.337e-06,0.007337,6.105e-06,6.105e-06,0.01961
30.510235,4.033,0.5518,-0.001626,0.0002999,0.0002999,0.2999,0.0002991,0.0002991,0.3333
30.520233,4.102,0.5566,-0.001643,0.0004777,0.0004777,0.4777,0.0004774,0.0004774,0.4902
30.530235,4.175,0.5811,-0.001643,0.0004732,0.0004732,0.4732,0.0004725,0.0004725,0.4902
30.540236,4.243,0.5615,-0.001646,0.0002879,0.0002879,0.2879,0.0002869,0.0002869,0.2941
30.550234,4.307,0.5713,-0.001719,-7.373e-06,-7.373e-06,-0.007373,-8.547e-06,-8.547e-06,0.01961
30.560234,4.331,0.5566,-0.001839,-0.0002998,-0.0002998,-0.2998,-0.0003016,-0.0003016,-0.2941
30.570234,4.341,0.5176,-0.00199,-0.0004778,-0.0004778,-0.4778,-0.0004799,-0.0004799,-0.451
30.580233,4.341,0.4785,-0.002145,-0.0004732,-0.0004732,-0.4732,-0.000475,-0.000475,-0.451
30.590233,4.341,0.4004,-0.002265,-0.0002879,-0.0002879,-0.2879,-0.0002894,-0.0002894,-0.2549
30.600233,4.326,0.376,-0.002358,7.349e-06,7.349e-06,0.007349,6.105e-06,6.105e-06,0.01961
30.610235,4.312,0.332,-0.002382,0.0002999,0.0002999,0.2999,0.0002991,0.0002991,0.3333
30.620234,4.302,0.3076,-0.002358,0.0004778,0.0004778,0.4778,0.0004774,0.0004774,0.4902
30.630236,4.292,0.2979,-0.002314,0.0004732,0.0004732,0.4732,0.0004725,0.0004725,0.4902
30.640234,4.297,0.2539,-0.002274,0.0002879,0.0002879,0.2879,0.0002869,0.0002869,0.2941
30.650234,4.263,0.2441,-0.002288,-7.385e-06,-7.385e-06,-0.007385,-8.547e-06,-8.547e-06,0.01961
30.660234,4.199,0.1904,-0.002344,-0.0002998,-0.0002998,-0.2998,-0.0003016,-0.0003016,-0.2941
30.670235,4.131,0.1221,-0.002428,-0.0004778,-0.0004778,-0.4778,-0.0004799,-0.0004799,-0.451
30.680235,4.053,0.06836,-0.002525,-0.0004732,-0.0004732,-0.4732,-0.000475,-0.000475,-0.451
30.690235,3.965,0.0,-0.0026,-0.0002879,-0.0002879,-0.2879,-0.0002894,-0.0002894,-0.2549
30.700235,3.911,-0.06836,-0.002598,7.421e-06,7.421e-06,0.007421,6.105e-06,6.105e-06,0.01961
30.710234,3.813,-0.127,-0.002539,0.0002998,0.0002998,0.2998,0.0002991,0.0002991,0.3333
30.720234,3.745,-0.1709,-0.002431,0.0004778,0.0004778,0.4778,0.0004774,0.0004774,0.4902
30.730234,3.667,-0.1855,-0.002314,0.0004732,0.0004732,0.4732,0.0004725,0.0004725,0.4902
30.740234,3.569,-0.21,-0.002209,0.0002879,0.0002879,0.2879,0.0002869,0.0002869,0.2941
30.750235,3.491,-0.2393,-0.002133,-7.397e-06,-7.397e-06,-0.007397,-8.547e-06,-8.547e-06,0.01961
30.760235,3.398,-0.2832,-0.00211,-0.0002999,-0.0002999,-0.2999,-0.0003016,-0.0003016,-0.2941
30.770235,3.291,-0.3369,-0.002122,-0.0004778,-0.0004778,-0.4778,-0.0004799,-0.0004799,-0.451
30.780233,3.174,-0.376,-0.002154,-0.0004732,-0.0004732,-0.4732,-0.000475,-0.000475,-0.451
30.790236,3.047,-0.459,-0.002128,-0.0002879,-0.0002879,-0.2879,-0.0002894,-0.0002894,-0.2549
30.800234,2.939,-0.498,-0.002072,7.373e-06,7.373e-06,0.007373,6.105e-06,6.105e-06,0.01961
30.810234,2.832,-0.5371,-0.00195,0.0002998,0.0002998,0.2998,0.0002991,0.0002991,0.3333
30.820234,2.744,-0.5469,-0.001783,0.0004778,0.0004778,0.4778,0.0004774,0.0004774,0.4902
30.830235,2.671,-0.5371,-0.001605,0.0004732,0.0004732,0.4732,0.0004725,0.0004725,0.4902
30.840235,2.583,-0.542,-0.001436,0.0002879,0.0002879,0.2879,0.0002869,0.0002869,0.2941
30.850233,2.51,-0.5322,-0.001328,-7.349e-06,-7.349e-06,-0.007349,-8.547e-06,-8.547e-06,0.01961
30.860233,2.422,-0.5371,-0.00127,-0.0002998,-0.0002998,-0.2998,-0.0003016,-0.0003016,-0.2941
30.870234,2.339,-0.5469,-0.001249,-0.0004778,-0.0004778,-0.4778,-0.0004799,-0.0004799,-0.451
30.880234,2.246,-0.5713,-0.001237,-0.0004732,-0.0004732,-0.4732,-0.000475,-0.000475,-0.451
30.890234,2.158,-0.5957,-0.001208,-0.0002879,-0.0002879,-0.2879,-0.0002894,-0.0002894,-0.2549
30.900234,2.1,-0.6104,-0.001109,7.385e-06,7.385e-06,0.007385,6.105e-06,6.105e-06,0.01961
30.910233,2.036,-0.5908,-0.0009923,0.0002998,0.0002998,0.2998,0.0002991,0.0002991,0.3333
30.920235,2.002,-0.5615,-0.000826,0.0004778,0.0004778,0.4778,0.0004774,0.0004774,0.4902
30.930233,1.987,-0.5127,-0.000645,0.0004732,0.0004732,0.4732,0.0004725,0.0004725,0.4902
30.940233,1.968,-0.459,-0.0005078,0.0002879,0.0002879,0.2879,0.0002869,0.0002869,0.2941
30.950233,1.968,-0.4053,-0.0004086,-7.361e-06,-7.361e-06,-0.007361,-8.547e-06,-8.547e-06,0.01961
30.960234,1.958,-0.3857,-0.0003677,-0.0002998,-0.0002998,-0.2998,-0.0003016,-0.0003016,-0.2941
30.970234,1.958,-0.3613,-0.0003707,-0.0004778,-0.0004778,-0.4778,-0.0004799,-0.0004799,-0.451
30.980234,1.958,-0.3418,-0.000394,-0.0004732,-0.0004732,-0.4732,-0.000475,-0.000475,-0.451
30.990234,1.938,-0.3174,-0.0004115,-0.0002879,-0.0002879,-0.2879,-0.0002894,-0.0002894,-0.2549
31.000235,1.963,-0.2832,-0.0003853,7.397e-06,7.397e-06,0.007397,6.105e-06,6.105e-06,0.01961
31.010233,1.992,-0.2393,-0.0003123,0.0002998,0.0002998,0.2998,0.0002991,0.0002991,0.3333
31.020235,2.061,-0.1758,-0.0002101,0.0004778,0.0004778,0.4778,0.0004774,0.0004774,0.4902
31.030233,2.119,-0.09277,-0.0001022,0.0004732,0.0004732,0.4732,0.0004725,0.0004725,0.4902
31.040236,2.202,-0.0293,-2.335e-05,0.0002879,0.0002879,0.2879,0.0002869,0.0002869,0.2941
31.050234,2.295,0.04883,-5.837e-06,-7.373e-06,-7.373e-06,-0.007373,-8.547e-06,-8.547e-06,0.01961
31.060234,2.358,0.09277,-3.502e-05,-0.0002998,-0.0002998,-0.2998,-0.0003016,-0.0003016,-0.2941
31.070234,2.441,0.1367,-0.0001255,-0.0004778,-0.0004778,-0.4778,-0.0004799,-0.0004799,-0.451
31.080235,2.515,0.1709,-0.0002335,-0.0004732,-0.0004732,-0.4732,-0.000475,-0.000475,-0.451
31.090233,2.583,0.2051,-0.0003415,-0.0002879,-0.0002879,-0.2879,-0.0002894,-0.0002894,-0.2549
31.100235,2.686,0.2393,-0.0003823,7.409e-06,7.409e-06,0.007409,6.105e-06,6.105e-06,0.01961
31.110233,2.778,0.293,-0.0004115,0.0002998,0.0002998,0.2998,0.0002991,0.0002991,0.3333
31.120235,2.9,0.3613,-0.000394,0.0004778,0.0004778,0.4778,0.0004774,0.0004774,0.4902
31.130234,3.037,0.4199,-0.0003648,0.0004732,0.0004732,0.4732,0.0004725,0.0004725,0.4902
31.140234,3.159,0.4834,-0.0003707,0.0002879,0.0002879,0.2879,0.0002869,0.0002869,0.2941
31.150234,3.286,0.5518,-0.0004349,-7.385e-06,-7.385e-06,-0.007385,-8.547e-06,-8.547e-06,0.01961
31.160233,3.394,0.5713,-0.000537,-0.0002998,-0.0002998,-0.2998,-0.0003016,-0.0003016,-0.2941
31.170235,3.491,0.6006,-0.0007005,-0.0004778,-0.0004778,-0.4778,-0.0004799,-0.0004799,-0.451
31.180235,3.574,0.6152,-0.0008931,-0.0004732,-0.0004732,-0.4732,-0.000475,-0.000475,-0.451
31.190235,3.667,0.6201,-0.001065,-0.0002879,-0.0002879,-0.2879,-0.0002894,-0.0002894,-0.2549
31.200233,3.784,0.6201,-0.001179,7.361e-06,7.361e-06,0.007361,6.105e-06,6.105e-06,0.01961
31.210234,3.877,0.6299,-0.001249,0.0002998,0.0002998,0.2998,0.0002991,0.0002991,0.3333
31.220234,3.975,0.6592,-0.001281,0.0004778,0.0004778,0.4778,0.0004774,0.0004774,0.4902
31.230234,4.092,0.6787,-0.001287,0.0004732,0.0004732,0.4732,0.0004725,0.0004725,0.4902
31.240234,4.189,0.7129,-0.001343,0.0002879,0.0002879,0.2879,0.0002869,0.0002869,0.2941
31.250235,4.287,0.7373,-0.00143,-7.397e-06,-7.397e-06,-0.007397,-8.547e-06,-8.547e-06,0.01961
31.260233,4.355,0.7275,-0.001576,-0.0002998,-0.0002998,-0.2998,-0.0003016,-0.0003016,-0.2941
31.270233,4.419,0.708,-0.001757,-0.0004777,-0.0004777,-0.4777,-0.0004799,-0.0004799,-0.451
31.280233,4.448,0.6689,-0.001955,-0.0004732,-0.0004732,-0.4732,-0.000475,-0.000475,-0.451
31.290234,4.482,0.6152,-0.002116,-0.0002879,-0.0002879,-0.2879,-0.0002894,-0.0002894,-0.2549
31.300234,4.526,0.5811,-0.002224,7.373e-06,7.373e-06,0.007373,6.105e-06,6.105e-06,0.01961
31.310234,4.536,0.5469,-0.002285,0.0002998,0.0002998,0.2998,0.0002991,0.0002991,0.3333
31.320234,4.57,0.5322,-0.002294,0.0004778,0.0004778,0.4778,0.0004774,0.0004774,0.4902
31.330235,4.59,0.5176,-0.002288,0.0004732,0.0004732,0.4732,0.0004725,0.0004725,0.4902
31.340235,4.595,0.4932,-0.002294,0.0002879,0.0002879,0.2879,0.0002869,0.0002869,0.2941
31.350233,4.6,0.4688,-0.002344,-7.35e-06,-7.35e-06,-0.00735,-8.547e-06,-8.547e-06,0.01961
31.360233,4.585,0.4199,-0.002443,-0.0002998,-0.0002998,-0.2998,-0.0003016,-0.0003016,-0.2941
31.370235,4.541,0.3564,-0.00256,-0.0004778,-0.0004778,-0.4778,-0.0004799,-0.0004799,-0.451
31.380236,4.473,0.2783,-0.002679,-0.0004732,-0.0004732,-0.4732,-0.000475,-0.000475,-0.451
31.390234,4.404,0.2002,-0.002779,-0.0002879,-0.0002879,-0.2879,-0.0002894,-0.0002894,-0.2549
31.400234,4.341,0.1416,-0.002834,7.385e-06,7.385e-06,0.007385,6.105e-06,6.105e-06,0.01961
31.410234,4.263,0.07324,-0.002808,0.0002998,0.0002998,0.2998,0.0002991,0.0002991,0.3333
31.420233,4.204,0.02441,-0.002726,0.0004777,0.0004777,0.4777,0.0004774,0.0004774,0.4902
31.430233,4.141,-0.01953,-0.00263,0.0004732,0.0004732,0.4732,0.0004725,0.0004725,0.4902
31.440233,4.058,-0.05371,-0.002551,0.0002879,0.0002879,0.2879,0.0002869,0.0002869,0.2941
31.450233,3.984,-0.09766,-0.002504,-7.362e-06,-7.362e-06,-0.007362,-8.547e-06,-8.547e-06,0.01961
31.460234,3.867,-0.1709,-0.002495,-0.0002998,-0.0002998,-0.2998,-0.0003016,-0.0003016,-0.2941
31.470234,3.75,-0.2197,-0.002536,-0.0004778,-0.0004778,-0.4778,-0.0004799,-0.0004799,-0.451
31.480232,3.618,-0.2979,-0.002568,-0.0004732,-0.0004732,-0.4732,-0.000475,-0.000475,-0.451
31.490234,3.472,-0.3662,-0.002577,-0.0002879,-0.0002879,-0.2879,-0.0002894,-0.0002894,-0.2549
31.500235,3.354,-0.4297,-0.00253,7.398e-06,7.398e-06,0.007398,6.105e-06,6.105e-06,0.01961
31.510233,3.213,-0.4932,-0.002411,0.0002998,0.0002998,0.2998,0.0002991,0.0002991,0.3333
31.520233,3.115,-0.5176,-0.002253,0.0004777,0.0004777,0.4777,0.0004774,0.0004774,0.4902
31.530233,3.018,-0.542,-0.002069,0.0004732,0.0004732,0.4732,0.0004725,0.0004725,0.4902
31.540234,2.91,-0.5615,-0.001903,0.0002879,0.0002879,0.2879,0.0002869,0.0002869,0.2941
31.550234,2.798,-0.5713,-0.001783,-7.374e-06,-7.374e-06,-0.007374,-8.547e-06,-8.547e-06,0.01961
31.560232,2.676,-0.6104,-0.001704,-0.0002998,-0.0002998,-0.2998,-0.0003016,-0.0003016,-0.2941
31.570232,2.554,-0.6348,-0.001669,-0.0004777,-0.0004777,-0.4777,-0.0004799,-0.0004799,-0.451
31.580235,2.412,-0.6738,-0.001646,-0.0004732,-0.0004732,-0.4732,-0.000475,-0.000475,-0.451
31.590235,2.29,-0.7129,-0.001596,-0.0002879,-0.0002879,-0.2879,-0.0002894,-0.0002894,-0.2549
31.600235,2.197,-0.7373,-0.001494,7.41e-06,7.41e-06,0.00741,6.105e-06,6.105e-06,0.01961
31.610235,2.095,-0.7471,-0.001343,0.0002999,0.0002999,0.2999,0.0002991,0.0002991,0.3333
31.620234,2.017,-0.7324,-0.001144,0.0004778,0.0004778,0.4778,0.0004774,0.0004774,0.4902
31.630234,1.953,-0.7031,-0.0009369,0.0004732,0.0004732,0.4732,0.0004725,0.0004725,0.4902
31.640234,1.895,-0.6641,-0.0007559,0.0002879,0.0002879,0.2879,0.0002869,0.0002869,0.2941
31.650234,1.855,-0.6299,-0.0006217,-7.386e-06,-7.386e-06,-0.007386,-8.547e-06,-8.547e-06,0.01961
31.660234,1.787,-0.6104,-0.0005458,-0.0002998,-0.0002998,-0.2998,-0.0003016,-0.0003016,-0.2941
31.670235,1.733,-0.5908,-0.0005195,-0.0004778,-0.0004778,-0.4778,-0.0004799,-0.0004799,-0.451
31.680235,1.66,-0.5811,-0.0005108,-0.0004732,-0.0004732,-0.4732,-0.000475,-0.000475,-0.451
31.690233,1.592,-0.5762,-0.0004757,-0.0002879,-0.0002879,-0.2879,-0.0002894,-0.0002894,-0.2549
31.700233,1.558,-0.5518,-0.0003998,7.362e-06,7.362e-06,0.007362,6.105e-06,6.105e-06,0.01961
31.710234,1.499,-0.5127,-0.0002802,0.0002998,0.0002998,0.2998,0.0002991,0.0002991,0.3333
31.720234,1.489,-0.4395,-0.0001459,0.0004778,0.0004778,0.4778,0.0004774,0.0004774,0.4902
31.730234,1.484,-0.376,5.837e-06,0.0004732,0.0004732,0.4732,0.0004725,0.0004725,0.4902
31.740234,1.484,-0.3027,0.0001284,0.0002879,0.0002879,0.2879,0.0002869,0.0002869,0.2941
31.750235,1.533,-0.2246,0.0001926,-7.398e-06,-7.398e-06,-0.007398,-8.547e-06,-8.547e-06,0.01961
31.760235,1.553,-0.1807,0.0002014,-0.0002999,-0.0002999,-0.2999,-0.0003016,-0.0003016,-0.2941
31.770235,1.592,-0.127,0.0001518,-0.0004778,-0.0004778,-0.4778,-0.0004799,-0.0004799,-0.451
31.780233,1.641,-0.1025,9.34e-05,-0.0004732,-0.0004732,-0.4732,-0.000475,-0.000475,-0.451
31.790234,1.694,-0.06836,3.21e-05,-0.0002879,-0.0002879,-0.2879,-0.0002894,-0.0002894,-0.2549
31.800234,1.772,-0.01465,2.335e-05,7.374e-06,7.374e-06,0.007374,6.105e-06,6.105e-06,0.01961
31.810234,1.89,0.03906,4.378e-05,0.0002998,0.0002998,0.2998,0.0002991,0.0002991,0.3333
31.820232,2.026,0.1221,0.0001022,0.0004777,0.0004777,0.4777,0.0004774,0.0004774,0.4902
31.830235,2.168,0.1953,0.0001664,0.0004732,0.0004732,0.4732,0.0004725,0.0004725,0.4902
31.840233,2.314,0.293,0.000178,0.0002879,0.0002879,0.2879,0.0002869,0.0002869,0.2941
31.850233,2.476,0.3711,0.0001547,-7.35e-06,-7.35e-06,-0.00735,-8.547e-06,-8.547e-06,0.01961
31.860235,2.607,0.4199,6.713e-05,-0.0002999,-0.0002999,-0.2999,-0.0003016,-0.0003016,-0.2941
31.870234,2.749,0.4736,-7.88e-05,-0.0004778,-0.0004778,-0.4778,-0.0004799,-0.0004799,-0.451
31.880234,2.871,0.5029,-0.0002306,-0.0004732,-0.0004732,-0.4732,-0.000475,-0.000475,-0.451
31.890234,2.983,0.5322,-0.0003911,-0.0002879,-0.0002879,-0.2879,-0.0002894,-0.0002894,-0.2549
31.900234,3.125,0.5713,-0.0005049,7.386e-06,7.386e-06,0.007386,6.105e-06,6.105e-06,0.01961
31.910234,3.271,0.6055,-0.000572,0.0002998,0.0002998,0.2998,0.0002991,0.0002991,0.3333
31.920233,3.433,0.6689,-0.0006071,0.0004777,0.0004777,0.4777,0.0004774,0.0004774,0.4902
31.930235,3.579,0.7227,-0.0006304,0.0004732,0.0004732,0.4732,0.0004725,0.0004725,0.4902
31.940235,3.74,0.7764,-0.000683,0.0002879,0.0002879,0.2879,0.0002869,0.0002869,0.2941
31.950233,3.887,0.8154,-0.0007822,-7.362e-06,-7.362e-06,-0.007362,-8.547e-06,-8.547e-06,0.01961
31.960234,4.014,0.8398,-0.0009485,-0.0002998,-0.0002998,-0.2998,-0.0003016,-0.0003016,-0.2941
31.970234,4.116,0.8496,-0.00115,-0.0004778,-0.0004778,-0.4778,-0.0004799,-0.0004799,-0.451
31.980234,4.214,0.835,-0.001363,-0.0004732,-0.0004732,-0.4732,-0.000475,-0.000475,-0.451
31.990234,4.312,0.8252,-0.00157,-0.0002879,-0.0002879,-0.2879,-0.0002894,-0.0002894,-0.2549
32.000233,4.399,0.8057,-0.001716,7.338e-06,7.338e-06,0.007338,6.105e-06,6.105e-06,0.01961
32.010235,4.468,0.8105,-0.001833,0.0002999,0.0002999,0.2999,0.0002991,0.0002991,0.3333
32.020233,4.6,0.7959,-0.001868,0.0004777,0.0004777,0.4777,0.0004774,0.0004774,0.4902
32.030235,4.678,0.8008,-0.001909,0.0004732,0.0004732,0.4732,0.0004725,0.0004725,0.4902
32.040234,4.761,0.8008,-0.001964,0.0002879,0.0002879,0.2879,0.0002869,0.0002869,0.2941
32.050232,4.819,0.791,-0.002058,-7.314e-06,-7.314e-06,-0.007314,-8.547e-06,-8.547e-06,0.01961
32.060234,4.854,0.752,-0.002215,-0.0002998,-0.0002998,-0.2998,-0.0003016,-0.0003016,-0.2941
32.070232,4.858,0.7129,-0.002399,-0.0004777,-0.0004777,-0.4777,-0.0004799,-0.0004799,-0.451
32.080235,4.858,0.6348,-0.002571,-0.0004732,-0.0004732,-0.4732,-0.000475,-0.000475,-0.451
32.090233,4.849,0.5713,-0.002735,-0.0002879,-0.0002879,-0.2879,-0.0002894,-0.0002894,-0.2549
32.100235,4.839,0.5029,-0.002837,7.41e-06,7.41e-06,0.00741,6.105e-06,6.105e-06,0.01961
32.110233,4.79,0.4443,-0.002875,0.0002998,0.0002998,0.2998,0.0002991,0.0002991,0.3333
32.120235,4.79,0.3955,-0.002857,0.0004778,0.0004778,0.4778,0.0004774,0.0004774,0.4902
32.130234,4.761,0.3369,-0.002811,0.0004732,0.0004732,0.4732,0.0004725,0.0004725,0.4902
32.140236,4.712,0.3076,-0.002799,0.0002878,0.0002878,0.2878,0.0002869,0.0002869,0.2941
32.150234,4.668,0.2441,-0.002793,-7.386e-06,-7.386e-06,-0.007386,-8.547e-06,-8.547e-06,0.01961
32.160236,4.565,0.1953,-0.002872,-0.0002999,-0.0002999,-0.2999,-0.0003016,-0.0003016,-0.2941
32.170235,4.478,0.1025,-0.002939,-0.0004778,-0.0004778,-0.4778,-0.0004799,-0.0004799,-0.451
32.180233,4.36,0.009766,-0.003027,-0.0004732,-0.0004732,-0.4732,-0.000475,-0.000475,-0.451
32.190235,4.243,-0.08789,-0.003073,-0.0002879,-0.0002879,-0.2879,-0.0002894,-0.0002894,-0.2549
32.200233,4.131,-0.1709,-0.00307,7.362e-06,7.362e-06,0.007362,6.105e-06,6.105e-06,0.01961
32.210232,3.97,-0.2539,-0.002992,0.0002998,0.0002998,0.2998,0.0002991,0.0002991,0.3333
32.220234,3.857,-0.3125,-0.002854,0.0004778,0.0004778,0.4778,0.0004774,0.0004774,0.4902
32.230232,3.74,-0.3613,-0.002708,0.0004732,0.0004732,0.4732,0.0004725,0.0004725,0.4902
32.240234,3.623,-0.3955,-0.002574,0.0002879,0.0002879,0.2879,0.0002869,0.0002869,0.2941
32.250237,3.496,-0.4395,-0.002475,-7.458e-06,-7.458e-06,-0.007458,-8.547e-06,-8.547e-06,0.01961
32.260235,3.33,-0.4883,-0.002434,-0.0002999,-0.0002999,-0.2999,-0.0003016,-0.0003016,-0.2941
32.270233,3.198,-0.5518,-0.002402,-0.0004777,-0.0004777,-0.4777,-0.0004799,-0.0004799,-0.451
32.280235,3.018,-0.6396,-0.002376,-0.0004732,-0.0004732,-0.4732,-0.000475,-0.000475,-0.451
32.290234,2.847,-0.708,-0.002323,-0.0002879,-0.0002879,-0.2879,-0.0002894,-0.0002894,-0.2549
32.300232,2.7,-0.7666,-0.002204,7.314e-06,7.314e-06,0.007314,6.105e-06,6.105e-06,0.01961
32.310234,2.539,-0.8008,-0.002061,0.0002998,0.0002998,0.2998,0.0002991,0.0002991,0.3333
32.320236,2.427,-0.8252,-0.001839,0.0004778,0.0004778,0.4778,0.0004774,0.0004774,0.4902
32.330235,2.29,-0.8203,-0.001626,0.0004732,0.0004732,0.4732,0.0004725,0.0004725,0.4902
32.340233,2.192,-0.8154,-0.001421,0.0002879,0.0002879,0.2879,0.0002869,0.0002869,0.2941
32.350231,2.075,-0.8154,-0.001258,-7.29e-06,-7.29e-06,-0.00729,-8.547e-06,-8.547e-06,0.01961
32.360233,1.943,-0.8154,-0.001153,-0.0002998,-0.0002998,-0.2998,-0.0003016,-0.0003016,-0.2941
32.370235,1.855,-0.835,-0.001074,-0.0004778,-0.0004778,-0.4778,-0.0004799,-0.0004799,-0.451
32.380234,1.714,-0.8496,-0.001019,-0.0004732,-0.0004732,-0.4732,-0.000475,-0.000475,-0.451
32.390232,1.577,-0.8594,-0.0009398,-0.0002879,-0.0002879,-0.2879,-0.0002894,-0.0002894,-0.2549
32.400234,1.44,-0.8545,-0.000823,7.386e-06,7.386e-06,0.007386,6.105e-06,6.105e-06,0.01961
32.410233,1.313,-0.835,-0.0006567,0.0002998,0.0002998,0.2998,0.0002991,0.0002991,0.3333
32.420235,1.201,-0.791,-0.0004524,0.0004778,0.0004778,0.4778,0.0004774,0.0004774,0.4902
32.430233,1.084,-0.7471,-0.0002422,0.0004732,0.0004732,0.4732,0.0004725,0.0004725,0.4902
32.440235,0.9863,-0.6885,-5.253e-05,0.0002879,0.0002879,0.2879,0.0002869,0.0002869,0.2941
32.450233,0.8789,-0.6348,8.172e-05,-7.362e-06,-7.362e-06,-0.007362,-8.547e-06,-8.547e-06,0.01961
32.460236,0.7568,-0.6055,0.0001605,-0.0002999,-0.0002999,-0.2999,-0.0003016,-0.0003016,-0.2941
32.470234,0.6396,-0.5713,0.0001897,-0.0004778,-0.0004778,-0.4778,-0.0004799,-0.0004799,-0.451
32.480232,0.498,-0.5371,0.0001839,-0.0004732,-0.0004732,-0.4732,-0.000475,-0.000475,-0.451
32.490234,0.3857,-0.5176,0.0002014,-0.0002879,-0.0002879,-0.2879,-0.0002894,-0.0002894,-0.2549
32.500233,0.2588,-0.4736,0.0002481,7.339e-06,7.339e-06,0.007339,6.105e-06,6.105e-06,0.01961
32.510235,0.1562,-0.4395,0.0003502,0.0002999,0.0002999,0.2999,0.0002991,0.0002991,0.3333
32.520233,0.08301,-0.3809,0.0004991,0.0004777,0.0004777,0.4777,0.0004774,0.0004774,0.4902
32.530235,0.0,-0.3174,0.0006392,0.0004732,0.0004732,0.4732,0.0004725,0.0004725,0.4902
32.540234,-0.06348,-0.2441,0.0007501,0.0002879,0.0002879,0.2879,0.0002869,0.0002869,0.2941
32.550236,-0.127,-0.1758,0.0008055,-7.434e-06,-7.434e-06,-0.007434,-8.547e-06,-8.547e-06,0.01961
32.560234,-0.1807,-0.1367,0.0008055,-0.0002998,-0.0002998,-0.2998,-0.0003016,-0.0003016,-0.2941
32.570236,-0.249,-0.09766,0.0007442,-0.0004778,-0.0004778,-0.4778,-0.0004799,-0.0004799,-0.451
32.580235,-0.3076,-0.07812,0.0006713,-0.0004732,-0.0004732,-0.4732,-0.000475,-0.000475,-0.451
32.590233,-0.376,-0.06348,0.0006246,-0.0002879,-0.0002879,-0.2879,-0.0002894,-0.0002894,-0.2549
32.600235,-0.4443,-0.03906,0.0006012,7.411e-06,7.411e-06,0.007411,6.105e-06,6.105e-06,0.01961
32.610233,-0.4688,0.0,0.0006275,0.0002998,0.0002998,0.2998,0.0002991,0.0002991,0.3333
32.620235,-0.4688,0.04883,0.0006975,0.0004778,0.0004778,0.4778,0.0004774,0.0004774,0.4902
32.630234,-0.4785,0.1025,0.0007734,0.0004732,0.0004732,0.4732,0.0004725,0.0004725,0.4902
32.640232,-0.4688,0.1562,0.000826,0.0002879,0.0002879,0.2879,0.0002869,0.0002869,0.2941
32.650234,-0.4541,0.1953,0.0008172,-7.387e-06,-7.387e-06,-0.007387,-8.547e-06,-8.547e-06,0.01961
32.660233,-0.4443,0.2148,0.0007588,-0.0002998,-0.0002998,-0.2998,-0.0003016,-0.0003016,-0.2941
32.670235,-0.4346,0.2344,0.0006479,-0.0004778,-0.0004778,-0.4778,-0.0004799,-0.0004799,-0.451
32.680233,-0.4492,0.2246,0.0005283,-0.0004732,-0.0004732,-0.4732,-0.000475,-0.000475,-0.451
32.690235,-0.4297,0.2246,0.000429,-0.0002879,-0.0002879,-0.2879,-0.0002894,-0.0002894,-0.2549
32.700233,-0.4199,0.2344,0.0003736,7.363e-06,7.363e-06,0.007363,6.105e-06,6.105e-06,0.01961
32.710236,-0.3955,0.2393,0.0003619,0.0002999,0.0002999,0.2999,0.0002991,0.0002991,0.3333
32.720234,-0.3467,0.2734,0.0003794,0.0004778,0.0004778,0.4778,0.0004774,0.0004774,0.4902
32.730236,-0.2881,0.3076,0.0004174,0.0004732,0.0004732,0.4732,0.0004725,0.0004725,0.4902
32.740234,-0.2148,0.3369,0.0004407,0.0002879,0.0002879,0.2879,0.0002869,0.0002869,0.2941
32.750233,-0.1416,0.3467,0.0004232,-7.339e-06,-7.339e-06,-0.007339,-8.547e-06,-8.547e-06,0.01961
32.760235,-0.07812,0.3564,0.0003356,-0.0002999,-0.0002999,-0.2999,-0.0003016,-0.0003016,-0.2941
32.770233,-0.01465,0.3467,0.0002189,-0.0004777,-0.0004777,-0.4777,-0.0004799,-0.0004799,-0.451
32.780235,0.0293,0.3271,7.88e-05,-0.0004732,-0.0004732,-0.4732,-0.000475,-0.000475,-0.451
32.790234,0.09277,0.3076,-4.086e-05,-0.0002879,-0.0002879,-0.2879,-0.0002894,-0.0002894,-0.2549
32.800236,0.1514,0.2979,-0.0001167,7.435e-06,7.435e-06,0.007435,6.105e-06,6.105e-06,0.01961
32.810234,0.2246,0.2881,-0.0001284,0.0002998,0.0002998,0.2998,0.0002991,0.0002991,0.3333
32.820236,0.332,0.2979,-0.0001022,0.0004778,0.0004778,0.4778,0.0004774,0.0004774,0.4902
32.830235,0.4346,0.3076,-5.545e-05,0.0004732,0.0004732,0.4732,0.0004725,0.0004725,0.4902
32.840233,0.542,0.3369,-3.794e-05,0.0002879,0.0002879,0.2879,0.0002869,0.0002869,0.2941
32.850235,0.6592,0.3418,-6.421e-05,-7.411e-06,-7.411e-06,-0.007411,-8.547e-06,-8.547e-06,0.01961
32.860233,0.7666,0.3418,-0.000143,-0.0002998,-0.0002998,-0.2998,-0.0003016,-0.0003016,-0.2941
32.870232,0.8789,0.3467,-0.0002802,-0.0004777,-0.0004777,-0.4777,-0.0004799,-0.0004799,-0.451
32.880234,0.9912,0.2979,-0.0003969,-0.0004732,-0.0004732,-0.4732,-0.000475,-0.000475,-0.451
32.890236,1.099,0.2881,-0.0005166,-0.0002878,-0.0002878,-0.2878,-0.0002894,-0.0002894,-0.2549
32.900234,1.221,0.2588,-0.0005691,7.387e-06,7.387e-06,0.007387,6.105e-06,6.105e-06,0.01961
32.910233,1.357,0.2588,-0.0005808,0.0002998,0.0002998,0.2998,0.0002991,0.0002991,0.3333
32.920235,1.528,0.2637,-0.000537,0.0004778,0.0004778,0.4778,0.0004774,0.0004774,0.4902
32.930233,1.689,0.2832,-0.0004874,0.0004732,0.0004732,0.4732,0.0004725,0.0004725,0.4902
32.940235,1.885,0.3271,-0.0004845,0.0002879,0.0002879,0.2879,0.0002869,0.0002869,0.2941
32.950233,2.056,0.3564,-0.0005166,-7.363e-06,-7.363e-06,-0.007363,-8.547e-06,-8.547e-06,0.01961
32.960236,2.212,0.3564,-0.0005896,-0.0002999,-0.0002999,-0.2999,-0.0003016,-0.0003016,-0.2941
32.970234,2.368,0.3564,-0.0007121,-0.0004778,-0.0004778,-0.4778,-0.0004799,-0.0004799,-0.451
32.980236,2.466,0.3369,-0.0008493,-0.0004732,-0.0004732,-0.4732,-0.000475,-0.000475,-0.451
32.990234,2.588,0.3223,-0.0009661,-0.0002879,-0.0002879,-0.2879,-0.0002894,-0.0002894,-0.2549
33.000233,2.7,0.3076,-0.001027,7.339e-06,7.339e-06,0.007339,6.105e-06,6.105e-06,0.01961
33.010235,2.788,0.3076,-0.001045,0.0002999,0.0002999,0.2999,0.0002991,0.0002991,0.3333
33.020233,2.915,0.3467,-0.001033,0.0004777,0.0004777,0.4777,0.0004774,0.0004774,0.4902
33.030235,3.013,0.376,-0.00101,0.0004732,0.0004732,0.4732,0.0004725,0.0004725,0.4902
33.040234,3.135,0.4004,-0.0009865,0.0002879,0.0002879,0.2879,0.0002869,0.0002869,0.2941
33.050232,3.232,0.415,-0.001016,-7.315e-06,-7.315e-06,-0.007315,-8.547e-06,-8.547e-06,0.01961
33.060234,3.315,0.4199,-0.001115,-0.0002998,-0.0002998,-0.2998,-0.0003016,-0.0003016,-0.2941
33.070232,3.379,0.4199,-0.001252,-0.0004777,-0.0004777,-0.4777,-0.0004799,-0.0004799,-0.451
33.080235,3.428,0.3857,-0.001392,-0.0004732,-0.0004732,-0.4732,-0.000475,-0.000475,-0.451
33.090233,3.477,0.3564,-0.001503,-0.0002879,-0.0002879,-0.2879,-0.0002894,-0.0002894,-0.2549
33.100235,3.516,0.3418,-0.001585,7.411e-06,7.411e-06,0.007411,6.105e-06,6.105e-06,0.01961
33.110233,3.564,0.3271,-0.001602,0.0002998,0.0002998,0.2998,0.0002991,0.0002991,0.3333
33.120235,3.638,0.3369,-0.001582,0.0004778,0.0004778,0.4778,0.0004774,0.0004774,0.4902
33.130234,3.682,0.332,-0.001541,0.0004732,0.0004732,0.4732,0.0004725,0.0004725,0.4902
33.140232,3.735,0.3564,-0.001532,0.0002879,0.0002879,0.2879,0.0002869,0.0002869,0.2941
33.150234,3.76,0.3516,-0.001559,-7.387e-06,-7.387e-06,-0.007387,-8.547e-06,-8.547e-06,0.01961
33.160233,3.794,0.332,-0.001631,-0.0002998,-0.0002998,-0.2998,-0.0003016,-0.0003016,-0.2941
33.170235,3.799,0.3076,-0.001754,-0.0004778,-0.0004778,-0.4778,-0.0004799,-0.0004799,-0.451
33.180233,3.779,0.2637,-0.001882,-0.0004732,-0.0004732,-0.4732,-0.000475,-0.000475,-0.451
33.190235,3.77,0.2246,-0.001976,-0.0002879,-0.0002879,-0.2879,-0.0002894,-0.0002894,-0.2549
33.200233,3.755,0.1855,-0.002031,7.363e-06,7.363e-06,0.007363,6.105e-06,6.105e-06,0.01961
33.210236,3.75,0.1758,-0.002031,0.0002999,0.0002999,0.2999,0.0002991,0.0002991,0.3333
33.220234,3.75,0.1514,-0.00197,0.0004778,0.0004778,0.4778,0.0004774,0.0004774,0.4902
33.230232,3.75,0.1416,-0.001909,0.0004732,0.0004732,0.4732,0.0004725,0.0004725,0.4902
33.240234,3.755,0.1416,-0.001847,0.0002879,0.0002879,0.2879,0.0002869,0.0002869,0.2941
33.250237,3.735,0.1318,-0.001842,-7.459e-06,-7.459e-06,-0.007459,-8.547e-06,-8.547e-06,0.01961
33.260235,3.701,0.08789,-0.001868,-0.0002999,-0.0002999,-0.2999,-0.0003016,-0.0003016,-0.2941
33.270233,3.672,0.05859,-0.00195,-0.0004777,-0.0004777,-0.4777,-0.0004799,-0.0004799,-0.451
33.280231,3.574,0.009766,-0.002046,-0.0004732,-0.0004732,-0.4732,-0.000475,-0.000475,-0.451
33.290234,3.545,-0.03418,-0.002104,-0.0002879,-0.0002879,-0.2879,-0.0002894,-0.0002894,-0.2549
33.300236,3.477,-0.08301,-0.002101,7.435e-06,7.435e-06,0.007435,6.105e-06,6.105e-06,0.01961
33.310234,3.442,-0.1123,-0.002052,0.0002998,0.0002998,0.2998,0.0002991,0.0002991,0.3333
33.320236,3.408,-0.127,-0.001953,0.0004778,0.0004778,0.4778,0.0004774,0.0004774,0.4902
33.330235,3.364,-0.1514,-0.001821,0.0004732,0.0004732,0.4732,0.0004725,0.0004725,0.4902
33.340233,3.34,-0.1367,-0.001739,0.0002879,0.0002879,0.2879,0.0002869,0.0002869,0.2941
33.350235,3.276,-0.1562,-0.001678,-7.411e-06,-7.411e-06,-0.007411,-8.547e-06,-8.547e-06,0.01961
33.360233,3.223,-0.166,-0.001678,-0.0002998,-0.0002998,-0.2998,-0.0003016,-0.0003016,-0.2941
33.370235,3.154,-0.1953,-0.001716,-0.0004778,-0.0004778,-0.4778,-0.0004799,-0.0004799,-0.451
33.380234,3.071,-0.2393,-0.001757,-0.0004732,-0.0004732,-0.4732,-0.000475,-0.000475,-0.451
33.390236,3.003,-0.2734,-0.001777,-0.0002878,-0.0002878,-0.2878,-0.0002894,-0.0002894,-0.2549
33.400234,2.935,-0.3125,-0.001748,7.387e-06,7.387e-06,0.007387,6.105e-06,6.105e-06,0.01961
33.410233,2.871,-0.332,-0.001655,0.0002998,0.0002998,0.2998,0.0002991,0.0002991,0.3333
33.420235,2.847,-0.3271,-0.001524,0.0004778,0.0004778,0.4778,0.0004774,0.0004774,0.4902
33.430233,2.798,-0.3125,-0.001389,0.0004732,0.0004732,0.4732,0.0004725,0.0004725,0.4902
33.440235,2.778,-0.2881,-0.001267,0.0002879,0.0002879,0.2879,0.0002869,0.0002869,0.2941
33.450233,2.734,-0.2783,-0.001194,-7.363e-06,-7.363e-06,-0.007363,-8.547e-06,-8.547e-06,0.01961
33.460236,2.695,-0.2783,-0.001167,-0.0002999,-0.0002999,-0.2999,-0.0003016,-0.0003016,-0.2941
33.470234,2.646,-0.2832,-0.001188,-0.0004778,-0.0004778,-0.4778,-0.0004799,-0.0004799,-0.451
33.480232,2.583,-0.3027,-0.001232,-0.0004732,-0.0004732,-0.4732,-0.000475,-0.000475,-0.451
33.490234,2.554,-0.3271,-0.001226,-0.0002879,-0.0002879,-0.2879,-0.0002894,-0.0002894,-0.2549
33.500233,2.505,-0.3418,-0.001194,7.339e-06,7.339e-06,0.007339,6.105e-06,6.105e-06,0.01961
33.510235,2.485,-0.3271,-0.001097,0.0002999,0.0002999,0.2999,0.0002991,0.0002991,0.3333
33.520233,2.476,-0.293,-0.0009836,0.0004777,0.0004777,0.4777,0.0004774,0.0004774,0.4902
33.530235,2.471,-0.2686,-0.0008406,0.0004732,0.0004732,0.4732,0.0004725,0.0004725,0.4902
33.540234,2.485,-0.2051,-0.0007442,0.0002879,0.0002879,0.2879,0.0002869,0.0002869,0.2941
33.550236,2.51,-0.1758,-0.0006888,-7.435e-06,-7.435e-06,-0.007435,-8.547e-06,-8.547e-06,0.01961
33.560234,2.52,-0.1514,-0.0006888,-0.0002998,-0.0002998,-0.2998,-0.0003016,-0.0003016,-0.2941
33.570232,2.52,-0.1367,-0.0007267,-0.0004777,-0.0004777,-0.4777,-0.0004799,-0.0004799,-0.451
33.580235,2.515,-0.1465,-0.0007822,-0.0004732,-0.0004732,-0.4732,-0.000475,-0.000475,-0.451
33.590237,2.52,-0.1416,-0.0008172,-0.0002878,-0.0002878,-0.2878,-0.0002894,-0.0002894,-0.2549
33.600235,2.52,-0.127,-0.000826,7.411e-06,7.411e-06,0.007411,6.105e-06,6.105e-06,0.01961
33.610233,2.544,-0.08789,-0.000788,0.0002998,0.0002998,0.2998,0.0002991,0.0002991,0.3333
33.620232,2.588,-0.0293,-0.0007121,0.0004777,0.0004777,0.4777,0.0004774,0.0004774,0.4902
33.630234,2.642,-0.004883,-0.0005983,0.0004732,0.0004732,0.4732,0.0004725,0.0004725,0.4902
33.640236,2.725,0.04883,-0.000537,0.0002878,0.0002878,0.2878,0.0002869,0.0002869,0.2941
33.650234,2.759,0.09766,-0.0005253,-7.387e-06,-7.387e-06,-0.007387,-8.547e-06,-8.547e-06,0.01961
33.660236,2.822,0.1318,-0.000572,-0.0002999,-0.0002999,-0.2999,-0.0003016,-0.0003016,-0.2941
33.670235,2.861,0.1465,-0.0006567,-0.0004778,-0.0004778,-0.4778,-0.0004799,-0.0004799,-0.451
33.680233,2.9,0.1465,-0.0007647,-0.0004732,-0.0004732,-0.4732,-0.000475,-0.000475,-0.451
33.690231,2.939,0.1807,-0.0008785,-0.000288,-0.000288,-0.288,-0.0002894,-0.0002894,-0.2549
33.700233,2.983,0.1807,-0.0009164,7.364e-06,7.364e-06,0.007364,6.105e-06,6.105e-06,0.01961
33.710236,3.057,0.21,-0.0009164,0.0002999,0.0002999,0.2999,0.0002991,0.0002991,0.3333
33.720234,3.125,0.249,-0.0008843,0.0004778,0.0004778,0.4778,0.0004774,0.0004774,0.4902
33.730236,3.203,0.2881,-0.0008406,0.0004732,0.0004732,0.4732,0.0004725,0.0004725,0.4902
33.740234,3.306,0.3369,-0.0008114,0.0002879,0.0002879,0.2879,0.0002869,0.0002869,0.2941
33.750233,3.364,0.3662,-0.0008522,-7.34e-06,-7.34e-06,-0.00734,-8.547e-06,-8.547e-06,0.01961
33.760235,3.433,0.3955,-0.000934,-0.0002999,-0.0002999,-0.2999,-0.0003016,-0.0003016,-0.2941
33.770233,3.481,0.4004,-0.001065,-0.0004777,-0.0004777,-0.4777,-0.0004799,-0.0004799,-0.451
33.780235,3.516,0.3906,-0.001214,-0.0004732,-0.0004732,-0.4732,-0.000475,-0.000475,-0.451
33.790234,3.579,0.3809,-0.00134,-0.0002879,-0.0002879,-0.2879,-0.0002894,-0.0002894,-0.2549
33.800236,3.613,0.3613,-0.001418,7.436e-06,7.436e-06,0.007436,6.105e-06,6.105e-06,0.01961
33.810234,3.677,0.3711,-0.001445,0.0002998,0.0002998,0.2998,0.0002991,0.0002991,0.3333
33.820232,3.73,0.3857,-0.001436,0.0004777,0.0004777,0.4777,0.0004774,0.0004774,0.4902
33.830235,3.779,0.4004,-0.001407,0.0004732,0.0004732,0.4732,0.0004725,0.0004725,0.4902
33.840233,3.838,0.4395,-0.001413,0.0002879,0.0002879,0.2879,0.0002869,0.0002869,0.2941
33.850235,3.892,0.4395,-0.001448,-7.412e-06,-7.412e-06,-0.007412,-8.547e-06,-8.547e-06,0.01961
33.860233,3.931,0.4346,-0.001541,-0.0002998,-0.0002998,-0.2998,-0.0003016,-0.0003016,-0.2941
33.870235,3.955,0.415,-0.001675,-0.0004778,-0.0004778,-0.4778,-0.0004799,-0.0004799,-0.451
33.880234,3.96,0.3809,-0.001821,-0.0004732,-0.0004732,-0.4732,-0.000475,-0.000475,-0.451
33.890236,3.965,0.3418,-0.001938,-0.0002878,-0.0002878,-0.2878,-0.0002894,-0.0002894,-0.2549
33.900234,3.96,0.3027,-0.002005,7.388e-06,7.388e-06,0.007388,6.105e-06,6.105e-06,0.01961
33.910233,3.975,0.2832,-0.00202,0.0002998,0.0002998,0.2998,0.0002991,0.0002991,0.3333
33.920235,3.979,0.2686,-0.001982,0.0004778,0.0004778,0.4778,0.0004774,0.0004774,0.4902
33.930233,3.979,0.2686,-0.001935,0.0004732,0.0004732,0.4732,0.0004725,0.0004725,0.4902
33.940235,3.999,0.2686,-0.001903,0.0002879,0.0002879,0.2879,0.0002869,0.0002869,0.2941
33.950233,3.984,0.249,-0.00192,-7.364e-06,-7.364e-06,-0.007364,-8.547e-06,-8.547e-06,0.01961
33.960236,3.975,0.2246,-0.001982,-0.0002999,-0.0002999,-0.2999,-0.0003016,-0.0003016,-0.2941
33.970234,3.936,0.1709,-0.002066,-0.0004778,-0.0004778,-0.4778,-0.0004799,-0.0004799,-0.451
33.980232,3.877,0.1172,-0.002171,-0.0004732,-0.0004732,-0.4732,-0.000475,-0.000475,-0.451
33.990234,3.823,0.07324,-0.00225,-0.0002879,-0.0002879,-0.2879,-0.0002894,-0.0002894,-0.2549
34.000233,3.76,0.01465,-0.002268,7.34e-06,7.34e-06,0.00734,6.105e-06,6.105e-06,0.01961
34.010235,3.721,-0.01953,-0.00223,0.0002999,0.0002999,0.2999,0.0002991,0.0002991,0.3333
34.020233,3.677,-0.04395,-0.002148,0.0004777,0.0004777,0.4777,0.0004774,0.0004774,0.4902
34.030231,3.643,-0.05859,-0.00204,0.0004732,0.0004732,0.4732,0.0004725,0.0004725,0.4902
34.040234,3.618,-0.06836,-0.001955,0.0002879,0.0002879,0.2879,0.0002869,0.0002869,0.2941
34.050236,3.555,-0.08789,-0.001918,-7.436e-06,-7.436e-06,-0.007436,-8.547e-06,-8.547e-06,0.01961
34.060234,3.486,-0.1123,-0.001926,-0.0002998,-0.0002998,-0.2998,-0.0003016,-0.0003016,-0.2941
34.070236,3.403,-0.1611,-0.001961,-0.0004778,-0.0004778,-0.4778,-0.0004799,-0.0004799,-0.451
34.080235,3.325,-0.21,-0.00202,-0.0004732,-0.0004732,-0.4732,-0.000475,-0.000475,-0.451
34.090233,3.232,-0.249,-0.002043,-0.0002879,-0.0002879,-0.2879,-0.0002894,-0.0002894,-0.2549
34.100235,3.159,-0.3076,-0.001999,7.412e-06,7.412e-06,0.007412,6.105e-06,6.105e-06,0.01961
34.110233,3.096,-0.3271,-0.001918,0.0002998,0.0002998,0.2998,0.0002991,0.0002991,0.3333
34.120235,3.027,-0.3418,-0.001789,0.0004778,0.0004778,0.4778,0.0004774,0.0004774,0.4902
34.130234,2.979,-0.332,-0.001649,0.0004732,0.0004732,0.4732,0.0004725,0.0004725,0.4902
34.140236,2.944,-0.3271,-0.001518,0.0002878,0.0002878,0.2878,0.0002869,0.0002869,0.2941
34.150234,2.871,-0.332,-0.001433,-7.388e-06,-7.388e-06,-0.007388,-8.547e-06,-8.547e-06,0.01961
34.160233,2.812,-0.332,-0.001404,-0.0002998,-0.0002998,-0.2998,-0.0003016,-0.0003016,-0.2941
34.170231,2.729,-0.3564,-0.00141,-0.0004777,-0.0004777,-0.4777,-0.0004799,-0.0004799,-0.451
34.180233,2.651,-0.3809,-0.001433,-0.0004732,-0.0004732,-0.4732,-0.000475,-0.000475,-0.451
34.190235,2.578,-0.4102,-0.001424,-0.0002879,-0.0002879,-0.2879,-0.0002894,-0.0002894,-0.2549
34.200233,2.5,-0.4199,-0.001392,7.364e-06,7.364e-06,0.007364,6.105e-06,6.105e-06,0.01961
34.210236,2.48,-0.4248,-0.001275,0.0002999,0.0002999,0.2999,0.0002991,0.0002991,0.3333
34.220234,2.446,-0.415,-0.001129,0.0004778,0.0004778,0.4778,0.0004774,0.0004774,0.4902
34.230236,2.427,-0.3809,-0.0009748,0.0004732,0.0004732,0.4732,0.0004725,0.0004725,0.4902
34.240234,2.407,-0.3369,-0.0008522,0.0002879,0.0002879,0.2879,0.0002869,0.0002869,0.2941
34.250233,2.397,-0.3223,-0.0007705,-7.34e-06,-7.34e-06,-0.00734,-8.547e-06,-8.547e-06,0.01961
34.260235,2.368,-0.2832,-0.0007472,-0.0002999,-0.0002999,-0.2999,-0.0003016,-0.0003016,-0.2941
34.270233,2.344,-0.2881,-0.0007618,-0.0004777,-0.0004777,-0.4777,-0.0004799,-0.0004799,-0.451
34.280235,2.329,-0.2783,-0.0008055,-0.0004732,-0.0004732,-0.4732,-0.000475,-0.000475,-0.451
34.290234,2.31,-0.2686,-0.000826,-0.0002879,-0.0002879,-0.2879,-0.0002894,-0.0002894,-0.2549
34.300236,2.305,-0.2686,-0.0007997,7.436e-06,7.436e-06,0.007436,6.105e-06,6.105e-06,0.01961
34.310234,2.329,-0.2295,-0.0007355,0.0002998,0.0002998,0.2998,0.0002991,0.0002991,0.3333
34.320232,2.344,-0.2002,-0.0006158,0.0004777,0.0004777,0.4777,0.0004774,0.0004774,0.4902
34.330235,2.388,-0.1367,-0.0005108,0.0004732,0.0004732,0.4732,0.0004725,0.0004725,0.4902
34.340233,2.437,-0.08301,-0.0004086,0.0002879,0.0002879,0.2879,0.0002869,0.0002869,0.2941
34.350235,2.48,-0.03418,-0.0003823,-7.412e-06,-7.412e-06,-0.007412,-8.547e-06,-8.547e-06,0.01961
34.360233,2.539,0.004883,-0.0003998,-0.0002998,-0.0002998,-0.2998,-0.0003016,-0.0003016,-0.2941
34.370235,2.578,0.03418,-0.0004845,-0.0004778,-0.0004778,-0.4778,-0.0004799,-0.0004799,-0.451
34.380234,2.607,0.05371,-0.0005779,-0.0004732,-0.0004732,-0.4732,-0.000475,-0.000475,-0.451
34.390232,2.656,0.06836,-0.0006538,-0.0002879,-0.0002879,-0.2879,-0.0002894,-0.0002894,-0.2549
34.400234,2.7,0.07324,-0.00068,7.388e-06,7.388e-06,0.007388,6.105e-06,6.105e-06,0.01961
34.410233,2.759,0.1172,-0.0006713,0.0002998,0.0002998,0.2998,0.0002991,0.0002991,0.3333
34.420235,2.827,0.1709,-0.0006217,0.0004778,0.0004778,0.4778,0.0004774,0.0004774,0.4902
34.430233,2.92,0.2295,-0.0005691,0.0004732,0.0004732,0.4732,0.0004725,0.0004725,0.4902
34.440235,3.018,0.2881,-0.0005429,0.0002879,0.0002879,0.2879,0.0002869,0.0002869,0.2941
34.450233,3.115,0.3174,-0.0005545,-7.364e-06,-7.364e-06,-0.007364,-8.547e-06,-8.547e-06,0.01961
34.460232,3.198,0.3662,-0.0006479,-0.0002998,-0.0002998,-0.2998,-0.0003016,-0.0003016,-0.2941
34.470234,3.242,0.3809,-0.0007793,-0.0004778,-0.0004778,-0.4778,-0.0004799,-0.0004799,-0.451
34.480236,3.32,0.3857,-0.0009194,-0.0004732,-0.0004732,-0.4732,-0.000475,-0.000475,-0.451
34.490234,3.384,0.3906,-0.001048,-0.0002879,-0.0002879,-0.2879,-0.0002894,-0.0002894,-0.2549
34.500233,3.433,0.3955,-0.001138,7.34e-06,7.34e-06,0.00734,6.105e-06,6.105e-06,0.01961
34.510235,3.516,0.4102,-0.001162,0.0002999,0.0002999,0.2999,0.0002991,0.0002991,0.3333
34.520233,3.604,0.4395,-0.001165,0.0004777,0.0004777,0.4777,0.0004774,0.0004774,0.4902
34.530235,3.687,0.459,-0.001141,0.0004732,0.0004732,0.4732,0.0004725,0.0004725,0.4902
34.540234,3.774,0.5078,-0.001159,0.0002879,0.0002879,0.2879,0.0002869,0.0002869,0.2941
34.550236,3.843,0.5176,-0.001214,-7.436e-06,-7.436e-06,-0.007436,-8.547e-06,-8.547e-06,0.01961
34.560234,3.911,0.5176,-0.00131,-0.0002998,-0.0002998,-0.2998,-0.0003016,-0.0003016,-0.2941
34.570232,3.955,0.5078,-0.001471,-0.0004777,-0.0004777,-0.4777,-0.0004799,-0.0004799,-0.451
34.580235,3.984,0.4932,-0.001634,-0.0004732,-0.0004732,-0.4732,-0.000475,-0.000475,-0.451
34.590233,4.009,0.4541,-0.001769,-0.0002879,-0.0002879,-0.2879,-0.0002894,-0.0002894,-0.2549
34.600235,4.043,0.4199,-0.001856,7.412e-06,7.412e-06,0.007412,6.105e-06,6.105e-06,0.01961
34.610233,4.072,0.4199,-0.0019,0.0002998,0.0002998,0.2998,0.0002991,0.0002991,0.3333
34.620235,4.102,0.4199,-0.001897,0.0004778,0.0004778,0.4778,0.0004774,0.0004774,0.4902
34.630234,4.15,0.4248,-0.001882,0.0004732,0.0004732,0.4732,0.0004725,0.0004725,0.4902
34.640232,4.189,0.4102,-0.001859,0.0002879,0.0002879,0.2879,0.0002869,0.0002869,0.2941
34.650234,4.194,0.3955,-0.001891,-7.388e-06,-7.388e-06,-0.007388,-8.547e-06,-8.547e-06,0.01961
34.660233,4.204,0.376,-0.001976,-0.0002998,-0.0002998,-0.2998,-0.0003016,-0.0003016,-0.2941
34.670235,4.17,0.3271,-0.002104,-0.0004778,-0.0004778,-0.4778,-0.0004799,-0.0004799,-0.451
34.680233,4.141,0.2832,-0.002236,-0.0004732,-0.0004732,-0.4732,-0.000475,-0.000475,-0.451
34.690235,4.106,0.2197,-0.002329,-0.0002879,-0.0002879,-0.2879,-0.0002894,-0.0002894,-0.2549
34.700233,4.053,0.1562,-0.002376,7.364e-06,7.364e-06,0.007364,6.105e-06,6.105e-06,0.01961
34.710236,4.038,0.127,-0.002367,0.0002999,0.0002999,0.2999,0.0002991,0.0002991,0.3333
34.720234,3.994,0.09277,-0.002312,0.0004778,0.0004778,0.4778,0.0004774,0.0004774,0.4902
34.730232,3.955,0.07812,-0.002233,0.0004732,0.0004732,0.4732,0.0004725,0.0004725,0.4902
34.740234,3.945,0.05859,-0.002166,0.0002879,0.0002879,0.2879,0.0002869,0.0002869,0.2941
34.750233,3.882,0.02441,-0.002136,-7.34e-06,-7.34e-06,-0.00734,-8.547e-06,-8.547e-06,0.01961
34.760235,3.823,-0.004883,-0.002157,-0.0002999,-0.0002999,-0.2999,-0.0003016,-0.0003016,-0.2941
34.770233,3.75,-0.05859,-0.002221,-0.0004777,-0.0004777,-0.4777,-0.0004799,-0.0004799,-0.451
34.780235,3.657,-0.1123,-0.002288,-0.0004732,-0.0004732,-0.4732,-0.000475,-0.000475,-0.451
34.790234,3.56,-0.1807,-0.002326,-0.0002879,-0.0002879,-0.2879,-0.0002894,-0.0002894,-0.2549
34.800236,3.467,-0.2295,-0.002314,7.436e-06,7.436e-06,0.007436,6.105e-06,6.105e-06,0.01961
34.810234,3.408,-0.2783,-0.002224,0.0002998,0.0002998,0.2998,0.0002991,0.0002991,0.3333
34.820232,3.315,-0.2979,-0.002104,0.0004777,0.0004777,0.4777,0.0004774,0.0004774,0.4902
34.830235,3.242,-0.3027,-0.001964,0.0004732,0.0004732,0.4732,0.0004725,0.0004725,0.4902
34.840233,3.174,-0.3125,-0.001839,0.0002879,0.0002879,0.2879,0.0002869,0.0002869,0.2941
34.850235,3.096,-0.3271,-0.00176,-7.412e-06,-7.412e-06,-0.007412,-8.547e-06,-8.547e-06,0.01961
34.860233,3.032,-0.3613,-0.00171,-0.0002998,-0.0002998,-0.2998,-0.0003016,-0.0003016,-0.2941
34.870232,2.91,-0.3857,-0.001734,-0.0004777,-0.0004777,-0.4777,-0.0004799,-0.0004799,-0.451
34.880234,2.827,-0.4346,-0.001734,-0.0004732,-0.0004732,-0.4732,-0.000475,-0.000475,-0.451
34.890236,2.729,-0.459,-0.001734,-0.0002878,-0.0002878,-0.2878,-0.0002894,-0.0002894,-0.2549
34.900234,2.632,-0.5078,-0.001658,7.389e-06,7.389e-06,0.007389,6.105e-06,6.105e-06,0.01961
34.910233,2.549,-0.5078,-0.001544,0.0002998,0.0002998,0.2998,0.0002991,0.0002991,0.3333
34.920235,2.485,-0.5127,-0.00138,0.0004778,0.0004778,0.4778,0.0004774,0.0004774,0.4902
34.930233,2.446,-0.4834,-0.001208,0.0004732,0.0004732,0.4732,0.0004725,0.0004725,0.4902
34.940235,2.412,-0.4639,-0.001059,0.0002879,0.0002879,0.2879,0.0002869,0.0002869,0.2941
34.950233,2.358,-0.4395,-0.0009748,-7.365e-06,-7.365e-06,-0.007365,-8.547e-06,-8.547e-06,0.01961
34.960236,2.319,-0.4297,-0.0009223,-0.0002999,-0.0002999,-0.2999,-0.0003016,-0.0003016,-0.2941
34.970234,2.261,-0.4395,-0.0009106,-0.0004778,-0.0004778,-0.4778,-0.0004799,-0.0004799,-0.451
34.980232,2.217,-0.4395,-0.0009223,-0.0004732,-0.0004732,-0.4732,-0.000475,-0.000475,-0.451
34.990234,2.163,-0.4443,-0.0009048,-0.0002879,-0.0002879,-0.2879,-0.0002894,-0.0002894,-0.2549
35.000233,2.119,-0.4395,-0.0008668,7.341e-06,7.341e-06,0.007341,6.105e-06,6.105e-06,0.01961
35.010235,2.124,-0.4053,-0.0007647,0.0002999,0.0002999,0.2999,0.0002991,0.0002991,0.3333
35.020233,2.119,-0.3613,-0.0006363,0.0004777,0.0004777,0.4777,0.0004774,0.0004774,0.4902
35.030235,2.144,-0.3076,-0.0004932,0.0004732,0.0004732,0.4732,0.0004725,0.0004725,0.4902
35.040234,2.178,-0.2539,-0.0003765,0.0002879,0.0002879,0.2879,0.0002869,0.0002869,0.2941
35.050236,2.202,-0.21,-0.0003035,-7.437e-06,-7.437e-06,-0.007437,-8.547e-06,-8.547e-06,0.01961
35.060234,2.227,-0.1611,-0.0003035,-0.0002998,-0.0002998,-0.2998,-0.0003016,-0.0003016,-0.2941
35.070232,2.251,-0.1416,-0.0003502,-0.0004777,-0.0004777,-0.4777,-0.0004799,-0.0004799,-0.451
35.080235,2.261,-0.1123,-0.0004174,-0.0004732,-0.0004732,-0.4732,-0.000475,-0.000475,-0.451
35.090233,2.285,-0.08789,-0.0004699,-0.0002879,-0.0002879,-0.2879,-0.0002894,-0.0002894,-0.2549
35.100235,2.329,-0.05859,-0.0004786,7.413e-06,7.413e-06,0.007413,6.105e-06,6.105e-06,0.01961
35.110233,2.388,0.0,-0.0004553,0.0002998,0.0002998,0.2998,0.0002991,0.0002991,0.3333
35.120235,2.461,0.03418,-0.0003707,0.0004778,0.0004778,0.4778,0.0004774,0.0004774,0.4902
35.130234,2.568,0.1123,-0.0003006,0.0004732,0.0004732,0.4732,0.0004725,0.0004725,0.4902
35.140236,2.656,0.1758,-0.000251,0.0002878,0.0002878,0.2878,0.0002869,0.0002869,0.2941
35.150234,2.754,0.2246,-0.000251,-7.389e-06,-7.389e-06,-0.007389,-8.547e-06,-8.547e-06,0.01961
35.160233,2.832,0.2783,-0.000321,-0.0002998,-0.0002998,-0.2998,-0.0003016,-0.0003016,-0.2941
35.170235,2.9,0.3076,-0.0004436,-0.0004778,-0.0004778,-0.4778,-0.0004799,-0.0004799,-0.451
35.180233,2.983,0.332,-0.0005837,-0.0004732,-0.0004732,-0.4732,-0.000475,-0.000475,-0.451
35.190235,3.062,0.3467,-0.0007005,-0.0002879,-0.0002879,-0.2879,-0.0002894,-0.0002894,-0.2549
35.200233,3.14,0.3613,-0.0007822,7.365e-06,7.365e-06,0.007365,6.105e-06,6.105e-06,0.01961
35.210232,3.242,0.4004,-0.0008143,0.0002998,0.0002998,0.2998,0.0002991,0.0002991,0.3333
35.220234,3.345,0.4346,-0.0008085,0.0004778,0.0004778,0.4778,0.0004774,0.0004774,0.4902
35.230232,3.457,0.4883,-0.0007997,0.0004732,0.0004732,0.4732,0.0004725,0.0004725,0.4902
35.240234,3.564,0.5371,-0.0007997,0.0002879,0.0002879,0.2879,0.0002869,0.0002869,0.2941
35.250233,3.667,0.5664,-0.0008697,-7.341e-06,-7.341e-06,-0.007341,-8.547e-06,-8.547e-06,0.01961
35.260235,3.76,0.6055,-0.0009952,-0.0002999,-0.0002999,-0.2999,-0.0003016,-0.0003016,-0.2941
35.270233,3.813,0.6055,-0.00117,-0.0004777,-0.0004777,-0.4777,-0.0004799,-0.0004799,-0.451
35.280235,3.901,0.5957,-0.001345,-0.0004732,-0.0004732,-0.4732,-0.000475,-0.000475,-0.451
35.290234,3.965,0.5713,-0.001503,-0.0002879,-0.0002879,-0.2879,-0.0002894,-0.0002894,-0.2549
35.300236,4.019,0.5615,-0.001617,7.437e-06,7.437e-06,0.007437,6.105e-06,6.105e-06,0.01961
35.310234,4.092,0.5469,-0.001661,0.0002998,0.0002998,0.2998,0.0002991,0.0002991,0.3333
35.320236,4.155,0.5469,-0.001678,0.0004778,0.0004778,0.4778,0.0004774,0.0004774,0.4902
35.330235,4.224,0.5664,-0.001684,0.0004732,0.0004732,0.4732,0.0004725,0.0004725,0.4902
35.340233,4.282,0.5713,-0.001699,0.0002879,0.0002879,0.2879,0.0002869,0.0002869,0.2941
35.350235,4.316,0.5762,-0.001766,-7.413e-06,-7.413e-06,-0.007413,-8.547e-06,-8.547e-06,0.01961
35.360233,4.365,0.5566,-0.001885,-0.0002998,-0.0002998,-0.2998,-0.0003016,-0.0003016,-0.2941
35.370235,4.37,0.5078,-0.002031,-0.0004778,-0.0004778,-0.4778,-0.0004799,-0.0004799,-0.451
35.380234,4.38,0.4639,-0.002189,-0.0004732,-0.0004732,-0.4732,-0.000475,-0.000475,-0.451
35.390232,4.37,0.4102,-0.002326,-0.0002879,-0.0002879,-0.2879,-0.0002894,-0.0002894,-0.2549
35.400234,4.341,0.3564,-0.002402,7.389e-06,7.389e-06,0.007389,6.105e-06,6.105e-06,0.01961
35.410233,4.331,0.3223,-0.002425,0.0002998,0.0002998,0.2998,0.0002991,0.0002991,0.3333
35.420235,4.326,0.2881,-0.002402,0.0004778,0.0004778,0.4778,0.0004774,0.0004774,0.4902
35.430233,4.312,0.2783,-0.002347,0.0004732,0.0004732,0.4732,0.0004725,0.0004725,0.4902
35.440235,4.292,0.2441,-0.002309,0.0002879,0.0002879,0.2879,0.0002869,0.0002869,0.2941
35.450233,4.253,0.2051,-0.002314,-7.365e-06,-7.365e-06,-0.007365,-8.547e-06,-8.547e-06,0.01961
35.460236,4.209,0.1709,-0.002376,-0.0002999,-0.0002999,-0.2999,-0.0003016,-0.0003016,-0.2941
35.470234,4.116,0.1074,-0.002455,-0.0004778,-0.0004778,-0.4778,-0.0004799,-0.0004799,-0.451
35.480236,4.058,0.04395,-0.002545,-0.0004732,-0.0004732,-0.4732,-0.000475,-0.000475,-0.451
35.490234,3.96,-0.04395,-0.002598,-0.0002879,-0.0002879,-0.2879,-0.0002894,-0.0002894,-0.2549
35.500233,3.867,-0.1123,-0.002595,7.341e-06,7.341e-06,0.007341,6.105e-06,6.105e-06,0.01961
35.510235,3.779,-0.1465,-0.002554,0.0002999,0.0002999,0.2999,0.0002991,0.0002991,0.3333
35.520233,3.687,-0.1758,-0.002457,0.0004777,0.0004777,0.4777,0.0004774,0.0004774,0.4902
35.530235,3.638,-0.2148,-0.002312,0.0004732,0.0004732,0.4732,0.0004725,0.0004725,0.4902
35.540234,3.55,-0.2393,-0.002204,0.0002879,0.0002879,0.2879,0.0002869,0.0002869,0.2941
35.550236,3.462,-0.2686,-0.002131,-7.437e-06,-7.437e-06,-0.007437,-8.547e-06,-8.547e-06,0.01961
35.560234,3.369,-0.3125,-0.002098,-0.0002998,-0.0002998,-0.2998,-0.0003016,-0.0003016,-0.2941
35.570232,3.252,-0.376,-0.002096,-0.0004777,-0.0004777,-0.4777,-0.0004799,-0.0004799,-0.451
35.580235,3.13,-0.4248,-0.002113,-0.0004732,-0.0004732,-0.4732,-0.000475,-0.000475,-0.451
35.590233,2.998,-0.4883,-0.002104,-0.0002879,-0.0002879,-0.2879,-0.0002894,-0.0002894,-0.2549
35.600235,2.881,-0.5225,-0.002043,7.413e-06,7.413e-06,0.007413,6.105e-06,6.105e-06,0.01961
35.610233,2.783,-0.5469,-0.001926,0.0002998,0.0002998,0.2998,0.0002991,0.0002991,0.3333
35.620232,2.676,-0.5469,-0.001775,0.0004777,0.0004777,0.4777,0.0004774,0.0004774,0.4902
35.630234,2.632,-0.5566,-0.00157,0.0004732,0.0004732,0.4732,0.0004725,0.0004725,0.4902
35.640236,2.539,-0.5518,-0.001413,0.0002878,0.0002878,0.2878,0.0002869,0.0002869,0.2941
35.650234,2.471,-0.5518,-0.001284,-7.389e-06,-7.389e-06,-0.007389,-8.547e-06,-8.547e-06,0.01961
35.660233,2.378,-0.5469,-0.00122,-0.0002998,-0.0002998,-0.2998,-0.0003016,-0.0003016,-0.2941
35.670235,2.28,-0.5713,-0.001197,-0.0004778,-0.0004778,-0.4778,-0.0004799,-0.0004799,-0.451
35.680233,2.197,-0.5957,-0.00117,-0.0004732,-0.0004732,-0.4732,-0.000475,-0.000475,-0.451
35.690235,2.114,-0.5957,-0.001153,-0.0002879,-0.0002879,-0.2879,-0.0002894,-0.0002894,-0.2549
35.700233,2.046,-0.6152,-0.001071,7.365e-06,7.365e-06,0.007365,6.105e-06,6.105e-06,0.01961
35.710236,2.002,-0.5859,-0.0009456,0.0002999,0.0002999,0.2999,0.0002991,0.0002991,0.3333
35.720234,1.963,-0.5664,-0.0007734,0.0004778,0.0004778,0.4778,0.0004774,0.0004774,0.4902
35.730232,1.958,-0.5176,-0.0005896,0.0004732,0.0004732,0.4732,0.0004725,0.0004725,0.4902
35.740234,1.948,-0.459,-0.0004524,0.0002879,0.0002879,0.2879,0.0002869,0.0002869,0.2941
35.750233,1.943,-0.4102,-0.0003444,-7.341e-06,-7.341e-06,-0.007341,-8.547e-06,-8.547e-06,0.01961
35.760235,1.948,-0.3711,-0.0003152,-0.0002999,-0.0002999,-0.2999,-0.0003016,-0.0003016,-0.2941
35.770233,1.929,-0.3467,-0.0003298,-0.0004777,-0.0004777,-0.4777,-0.0004799,-0.0004799,-0.451
35.780235,1.938,-0.3271,-0.0003532,-0.0004732,-0.0004732,-0.4732,-0.000475,-0.000475,-0.451
35.790234,1.929,-0.3027,-0.0003736,-0.0002879,-0.0002879,-0.2879,-0.0002894,-0.0002894,-0.2549
35.800236,1.968,-0.2734,-0.0003473,7.437e-06,7.437e-06,0.007437,6.105e-06,6.105e-06,0.01961
35.810234,2.007,-0.2246,-0.0002773,0.0002998,0.0002998,0.2998,0.0002991,0.0002991,0.3333
35.820232,2.07,-0.1611,-0.000178,0.0004777,0.0004777,0.4777,0.0004774,0.0004774,0.4902
35.830235,2.139,-0.08789,-5.837e-05,0.0004732,0.0004732,0.4732,0.0004725,0.0004725,0.4902
35.840233,2.212,-0.009766,8.756e-06,0.0002879,0.0002879,0.2879,0.0002869,0.0002869,0.2941
35.850235,2.305,0.06836,2.043e-05,-7.413e-06,-7.413e-06,-0.007413,-8.547e-06,-8.547e-06,0.01961
35.860233,2.388,0.1172,-1.751e-05,-0.0002998,-0.0002998,-0.2998,-0.0003016,-0.0003016,-0.2941
35.870235,2.466,0.166,-0.0001197,-0.0004778,-0.0004778,-0.4778,-0.0004799,-0.0004799,-0.451
35.880234,2.549,0.2002,-0.0002277,-0.0004732,-0.0004732,-0.4732,-0.000475,-0.000475,-0.451
35.890232,2.627,0.2295,-0.0003327,-0.0002879,-0.0002879,-0.2879,-0.0002894,-0.0002894,-0.2549
35.900234,2.729,0.2637,-0.0003911,7.389e-06,7.389e-06,0.007389,6.105e-06,6.105e-06,0.01961
35.910233,2.832,0.3174,-0.0004086,0.0002998,0.0002998,0.2998,0.0002991,0.0002991,0.3333
35.920235,2.944,0.3662,-0.0003882,0.0004778,0.0004778,0.4778,0.0004774,0.0004774,0.4902
35.930233,3.081,0.4492,-0.0003823,0.0004732,0.0004732,0.4732,0.0004725,0.0004725,0.4902
35.940235,3.198,0.5029,-0.0003823,0.0002879,0.0002879,0.2879,0.0002869,0.0002869,0.2941
35.950233,3.335,0.5664,-0.0004524,-7.366e-06,-7.366e-06,-0.007366,-8.547e-06,-8.547e-06,0.01961
35.960236,3.457,0.6006,-0.000572,-0.0002999,-0.0002999,-0.2999,-0.0003016,-0.0003016,-0.2941
35.970234,3.55,0.6299,-0.0007472,-0.0004778,-0.0004778,-0.4778,-0.0004799,-0.0004799,-0.451
35.980236,3.647,0.6494,-0.0009369,-0.0004732,-0.0004732,-0.4732,-0.000475,-0.000475,-0.451
35.990234,3.74,0.625,-0.001092,-0.0002879,-0.0002879,-0.2879,-0.0002894,-0.0002894,-0.2549
36.000233,3.838,0.6445,-0.001232,7.342e-06,7.342e-06,0.007342,6.105e-06,6.105e-06,0.01961
36.010235,3.94,0.6543,-0.00129,0.0002999,0.0002999,0.2999,0.0002991,0.0002991,0.3333
36.020233,4.038,0.6787,-0.001331,0.0004777,0.0004777,0.4777,0.0004774,0.0004774,0.4902
36.030235,4.16,0.7129,-0.001363,0.0004732,0.0004732,0.4732,0.0004725,0.0004725,0.4902
36.040234,4.268,0.7227,-0.001395,0.0002879,0.0002879,0.2879,0.0002869,0.0002869,0.2941
36.050232,4.351,0.7422,-0.001491,-7.318e-06,-7.318e-06,-0.007318,-8.547e-06,-8.547e-06,0.01961
36.060234,4.414,0.7373,-0.001637,-0.0002998,-0.0002998,-0.2998,-0.0003016,-0.0003016,-0.2941
36.070232,4.463,0.6982,-0.001812,-0.0004777,-0.0004777,-0.4777,-0.0004799,-0.0004799,-0.451
36.080235,4.521,0.6543,-0.00199,-0.0004732,-0.0004732,-0.4732,-0.000475,-0.000475,-0.451
36.090233,4.521,0.6152,-0.002169,-0.0002879,-0.0002879,-0.2879,-0.0002894,-0.0002894,-0.2549
36.100235,4.551,0.5762,-0.002285,7.414e-06,7.414e-06,0.007414,6.105e-06,6.105e-06,0.01961
36.110237,4.565,0.5518,-0.002347,0.0002999,0.0002999,0.2999,0.0002991,0.0002991,0.3333
36.120235,4.6,0.5225,-0.002355,0.0004778,0.0004778,0.4778,0.0004774,0.0004774,0.4902
36.130234,4.639,0.498,-0.002344,0.0004732,0.0004732,0.4732,0.0004725,0.0004725,0.4902
36.140232,4.629,0.4688,-0.002335,0.0002879,0.0002879,0.2879,0.0002869,0.0002869,0.2941
36.150234,4.634,0.4443,-0.002387,-7.39e-06,-7.39e-06,-0.00739,-8.547e-06,-8.547e-06,0.01961
36.160233,4.6,0.4004,-0.002478,-0.0002998,-0.0002998,-0.2998,-0.0003016,-0.0003016,-0.2941
36.170235,4.556,0.3223,-0.002592,-0.0004778,-0.0004778,-0.4778,-0.0004799,-0.0004799,-0.451
36.180233,4.487,0.2686,-0.002738,-0.0004732,-0.0004732,-0.4732,-0.000475,-0.000475,-0.451
36.190235,4.409,0.1758,-0.002822,-0.0002879,-0.0002879,-0.2879,-0.0002894,-0.0002894,-0.2549
36.200233,4.341,0.1123,-0.002866,7.366e-06,7.366e-06,0.007366,6.105e-06,6.105e-06,0.01961
36.210236,4.258,0.04395,-0.002834,0.0002999,0.0002999,0.2999,0.0002991,0.0002991,0.3333
36.220234,4.199,-0.01953,-0.002746,0.0004778,0.0004778,0.4778,0.0004774,0.0004774,0.4902
36.230232,4.126,-0.05371,-0.002644,0.0004732,0.0004732,0.4732,0.0004725,0.0004725,0.4902
36.240234,4.038,-0.08789,-0.002565,0.0002879,0.0002879,0.2879,0.0002869,0.0002869,0.2941
36.250233,3.94,-0.127,-0.002516,-7.342e-06,-7.342e-06,-0.007342,-8.547e-06,-8.547e-06,0.01961
36.260235,3.838,-0.1855,-0.002516,-0.0002999,-0.0002999,-0.2999,-0.0003016,-0.0003016,-0.2941
36.270233,3.701,-0.249,-0.002542,-0.0004777,-0.0004777,-0.4777,-0.0004799,-0.0004799,-0.451
36.280235,3.564,-0.3174,-0.002574,-0.0004732,-0.0004732,-0.4732,-0.000475,-0.000475,-0.451
36.290234,3.438,-0.4053,-0.002568,-0.0002879,-0.0002879,-0.2879,-0.0002894,-0.0002894,-0.2549
36.300232,3.306,-0.4736,-0.002507,7.318e-06,7.318e-06,0.007318,6.105e-06,6.105e-06,0.01961
36.310234,3.179,-0.5273,-0.002387,0.0002998,0.0002998,0.2998,0.0002991,0.0002991,0.3333
36.320232,3.052,-0.5615,-0.002227,0.0004777,0.0004777,0.4777,0.0004774,0.0004774,0.4902
36.330235,2.949,-0.5713,-0.00204,0.0004732,0.0004732,0.4732,0.0004725,0.0004725,0.4902
36.340237,2.837,-0.5908,-0.001868,0.0002878,0.0002878,0.2878,0.0002869,0.0002869,0.2941
36.350235,2.715,-0.6006,-0.001739,-7.414e-06,-7.414e-06,-0.007414,-8.547e-06,-8.547e-06,0.01961
36.360233,2.603,-0.6201,-0.001667,-0.0002998,-0.0002998,-0.2998,-0.0003016,-0.0003016,-0.2941
36.370232,2.476,-0.6641,-0.001629,-0.0004777,-0.0004777,-0.4777,-0.0004799,-0.0004799,-0.451
36.380234,2.358,-0.6885,-0.001599,-0.0004732,-0.0004732,-0.4732,-0.000475,-0.000475,-0.451
36.390236,2.231,-0.7373,-0.001544,-0.0002878,-0.0002878,-0.2878,-0.0002894,-0.0002894,-0.2549
36.400234,2.129,-0.7568,-0.001433,7.39e-06,7.39e-06,0.00739,6.105e-06,6.105e-06,0.01961
36.410233,2.026,-0.7617,-0.001278,0.0002998,0.0002998,0.2998,0.0002991,0.0002991,0.3333
36.420235,1.948,-0.7471,-0.001083,0.0004778,0.0004778,0.4778,0.0004774,0.0004774,0.4902
36.430233,1.895,-0.7031,-0.0008785,0.0004732,0.0004732,0.4732,0.0004725,0.0004725,0.4902
36.440235,1.836,-0.6787,-0.0006859,0.0002879,0.0002879,0.2879,0.0002869,0.0002869,0.2941
36.450233,1.782,-0.6348,-0.0005604,-7.366e-06,-7.366e-06,-0.007366,-8.547e-06,-8.547e-06,0.01961
36.460232,1.729,-0.6055,-0.0004845,-0.0002998,-0.0002998,-0.2998,-0.0003016,-0.0003016,-0.2941
36.470234,1.65,-0.5957,-0.0004524,-0.0004778,-0.0004778,-0.4778,-0.0004799,-0.0004799,-0.451
36.480236,1.597,-0.5859,-0.000432,-0.0004732,-0.0004732,-0.4732,-0.000475,-0.000475,-0.451
36.490234,1.519,-0.5713,-0.0004086,-0.0002879,-0.0002879,-0.2879,-0.0002894,-0.0002894,-0.2549
36.500233,1.46,-0.5371,-0.0003386,7.342e-06,7.342e-06,0.007342,6.105e-06,6.105e-06,0.01961
36.510235,1.411,-0.4932,-0.0002306,0.0002999,0.0002999,0.2999,0.0002991,0.0002991,0.3333
36.520233,1.392,-0.4395,-8.464e-05,0.0004778,0.0004778,0.4778,0.0004774,0.0004774,0.4902
36.530235,1.406,-0.3613,6.421e-05,0.0004732,0.0004732,0.4732,0.0004725,0.0004725,0.4902
36.540234,1.401,-0.2881,0.0001839,0.0002879,0.0002879,0.2879,0.0002869,0.0002869,0.2941
36.550232,1.436,-0.2197,0.0002539,-7.318e-06,-7.318e-06,-0.007318,-8.547e-06,-8.547e-06,0.01961
36.560234,1.46,-0.166,0.0002598,-0.0002998,-0.0002998,-0.2998,-0.0003016,-0.0003016,-0.2941
36.570232,1.494,-0.127,0.000216,-0.0004777,-0.0004777,-0.4777,-0.0004799,-0.0004799,-0.451
36.580235,1.538,-0.07812,0.0001401,-0.0004732,-0.0004732,-0.4732,-0.000475,-0.000475,-0.451
36.590233,1.587,-0.05371,8.756e-05,-0.0002879,-0.0002879,-0.2879,-0.0002894,-0.0002894,-0.2549
36.600235,1.665,-0.004883,6.421e-05,7.414e-06,7.414e-06,0.007414,6.105e-06,6.105e-06,0.01961
36.610233,1.772,0.05859,8.172e-05,0.0002998,0.0002998,0.2998,0.0002991,0.0002991,0.3333
36.620232,1.919,0.127,0.0001401,0.0004777,0.0004777,0.4777,0.0004774,0.0004774,0.4902
36.630234,2.075,0.2148,0.0001985,0.0004732,0.0004732,0.4732,0.0004725,0.0004725,0.4902
36.640232,2.231,0.293,0.0002277,0.0002879,0.0002879,0.2879,0.0002869,0.0002869,0.2941
36.650234,2.393,0.376,0.0001955,-7.39e-06,-7.39e-06,-0.00739,-8.547e-06,-8.547e-06,0.01961
36.660236,2.554,0.4297,0.0001051,-0.0002999,-0.0002999,-0.2999,-0.0003016,-0.0003016,-0.2941
36.670235,2.681,0.4736,-3.794e-05,-0.0004778,-0.0004778,-0.4778,-0.0004799,-0.0004799,-0.451
36.680233,2.817,0.5225,-0.0002131,-0.0004732,-0.0004732,-0.4732,-0.000475,-0.000475,-0.451
36.690235,2.954,0.5371,-0.000359,-0.0002879,-0.0002879,-0.2879,-0.0002894,-0.0002894,-0.2549
36.700233,3.105,0.5811,-0.0004816,7.366e-06,7.366e-06,0.007366,6.105e-06,6.105e-06,0.01961
36.710232,3.237,0.6152,-0.0005429,0.0002998,0.0002998,0.2998,0.0002991,0.0002991,0.3333
36.720234,3.394,0.6738,-0.0005837,0.0004778,0.0004778,0.4778,0.0004774,0.0004774,0.4902
36.730232,3.569,0.7324,-0.0006041,0.0004732,0.0004732,0.4732,0.0004725,0.0004725,0.4902
36.740234,3.721,0.7861,-0.0006625,0.0002879,0.0002879,0.2879,0.0002869,0.0002869,0.2941
36.750237,3.867,0.8203,-0.000753,-7.462e-06,-7.462e-06,-0.007462,-8.547e-06,-8.547e-06,0.01961
36.760235,3.994,0.8545,-0.0009281,-0.0002999,-0.0002999,-0.2999,-0.0003016,-0.0003016,-0.2941
36.770233,4.116,0.8594,-0.001141,-0.0004778,-0.0004778,-0.4778,-0.0004799,-0.0004799,-0.451
36.780231,4.233,0.8496,-0.001357,-0.0004732,-0.0004732,-0.4732,-0.000475,-0.000475,-0.451
36.790234,4.297,0.8398,-0.001573,-0.0002879,-0.0002879,-0.2879,-0.0002894,-0.0002894,-0.2549
36.800232,4.419,0.8203,-0.001716,7.318e-06,7.318e-06,0.007318,6.105e-06,6.105e-06,0.01961
36.810234,4.507,0.8008,-0.001807,0.0002998,0.0002998,0.2998,0.0002991,0.0002991,0.3333
36.820232,4.595,0.8105,-0.001862,0.0004777,0.0004777,0.4777,0.0004774,0.0004774,0.4902
36.830235,4.692,0.8105,-0.001903,0.0004732,0.0004732,0.4732,0.0004725,0.0004725,0.4902
36.840233,4.751,0.8252,-0.001979,0.0002879,0.0002879,0.2879,0.0002869,0.0002869,0.2941
36.850235,4.849,0.8057,-0.002072,-7.414e-06,-7.414e-06,-0.007414,-8.547e-06,-8.547e-06,0.01961
36.860233,4.873,0.7617,-0.002218,-0.0002998,-0.0002998,-0.2998,-0.0003016,-0.0003016,-0.2941
36.870235,4.897,0.7227,-0.002411,-0.0004778,-0.0004778,-0.4778,-0.0004799,-0.0004799,-0.451
36.880234,4.897,0.6396,-0.00258,-0.0004732,-0.0004732,-0.4732,-0.000475,-0.000475,-0.451
36.890232,4.878,0.5664,-0.002735,-0.0002879,-0.0002879,-0.2879,-0.0002894,-0.0002894,-0.2549
36.900234,4.873,0.5029,-0.002843,7.39e-06,7.39e-06,0.00739,6.105e-06,6.105e-06,0.01961
36.910233,4.839,0.4395,-0.002884,0.0002998,0.0002998,0.2998,0.0002991,0.0002991,0.3333
36.920235,4.814,0.3955,-0.002872,0.0004778,0.0004778,0.4778,0.0004774,0.0004774,0.4902
36.930233,4.795,0.3564,-0.002843,0.0004732,0.0004732,0.4732,0.0004725,0.0004725,0.4902
36.940235,4.736,0.3076,-0.002819,0.0002879,0.0002879,0.2879,0.0002869,0.0002869,0.2941
36.950233,4.688,0.2539,-0.002828,-7.366e-06,-7.366e-06,-0.007366,-8.547e-06,-8.547e-06,0.01961
36.960232,4.604,0.1855,-0.002884,-0.0002998,-0.0002998,-0.2998,-0.0003016,-0.0003016,-0.2941
36.970234,4.507,0.1025,-0.002968,-0.0004778,-0.0004778,-0.4778,-0.0004799,-0.0004799,-0.451
36.980236,4.39,0.004883,-0.003047,-0.0004732,-0.0004732,-0.4732,-0.000475,-0.000475,-0.451
36.990234,4.248,-0.08789,-0.003105,-0.0002879,-0.0002879,-0.2879,-0.0002894,-0.0002894,-0.2549
37.000233,4.131,-0.1807,-0.003085,7.342e-06,7.342e-06,0.007342,6.105e-06,6.105e-06,0.01961
37.010235,3.994,-0.249,-0.003018,0.0002999,0.0002999,0.2999,0.0002991,0.0002991,0.3333
37.020237,3.882,-0.3223,-0.002889,0.0004778,0.0004778,0.4778,0.0004774,0.0004774,0.4902
37.030235,3.765,-0.3516,-0.002746,0.0004732,0.0004732,0.4732,0.0004725,0.0004725,0.4902
37.040234,3.633,-0.4004,-0.002606,0.0002879,0.0002879,0.2879,0.0002869,0.0002869,0.2941
37.050236,3.496,-0.4395,-0.00251,-7.438e-06,-7.438e-06,-0.007438,-8.547e-06,-8.547e-06,0.01961
37.060234,3.345,-0.5127,-0.002443,-0.0002998,-0.0002998,-0.2998,-0.0003016,-0.0003016,-0.2941
37.070232,3.188,-0.5713,-0.002428,-0.0004777,-0.0004777,-0.4777,-0.0004799,-0.0004799,-0.451
37.080235,3.022,-0.6445,-0.002402,-0.0004732,-0.0004732,-0.4732,-0.000475,-0.000475,-0.451
37.090233,2.832,-0.7129,-0.002349,-0.0002879,-0.0002879,-0.2879,-0.0002894,-0.0002894,-0.2549
37.100235,2.686,-0.752,-0.002256,7.414e-06,7.414e-06,0.007414,6.105e-06,6.105e-06,0.01961
37.110233,2.544,-0.8203,-0.002075,0.0002998,0.0002998,0.2998,0.0002991,0.0002991,0.3333
37.120232,2.412,-0.835,-0.001862,0.0004777,0.0004777,0.4777,0.0004774,0.0004774,0.4902
37.130234,2.3,-0.835,-0.001634,0.0004732,0.0004732,0.4732,0.0004725,0.0004725,0.4902
37.140232,2.168,-0.8398,-0.001416,0.0002879,0.0002879,0.2879,0.0002869,0.0002869,0.2941
37.150234,2.056,-0.8252,-0.001264,-7.391e-06,-7.391e-06,-0.007391,-8.547e-06,-8.547e-06,0.01961
37.160236,1.929,-0.8398,-0.001147,-0.0002999,-0.0002999,-0.2999,-0.0003016,-0.0003016,-0.2941
37.170235,1.826,-0.8496,-0.001077,-0.0004778,-0.0004778,-0.4778,-0.0004799,-0.0004799,-0.451
37.180233,1.68,-0.8447,-0.00103,-0.0004732,-0.0004732,-0.4732,-0.000475,-0.000475,-0.451
37.190235,1.538,-0.8789,-0.0009456,-0.0002879,-0.0002879,-0.2879,-0.0002894,-0.0002894,-0.2549
37.200233,1.406,-0.8643,-0.000826,7.367e-06,7.367e-06,0.007367,6.105e-06,6.105e-06,0.01961
37.210236,1.27,-0.8594,-0.000645,0.0002999,0.0002999,0.2999,0.0002991,0.0002991,0.3333
37.220234,1.143,-0.8154,-0.0004349,0.0004778,0.0004778,0.4778,0.0004774,0.0004774,0.4902
37.230236,1.035,-0.7666,-0.0002189,0.0004732,0.0004732,0.4732,0.0004725,0.0004725,0.4902
37.240234,0.9082,-0.708,-3.21e-05,0.0002879,0.0002879,0.2879,0.0002869,0.0002869,0.2941
37.250233,0.8008,-0.6445,0.0001022,-7.343e-06,-7.343e-06,-0.007343,-8.547e-06,-8.547e-06,0.01961
37.260235,0.6689,-0.6104,0.0001722,-0.0002999,-0.0002999,-0.2999,-0.0003016,-0.0003016,-0.2941
37.270233,0.542,-0.5762,0.0001985,-0.0004778,-0.0004778,-0.4778,-0.0004799,-0.0004799,-0.451
37.280235,0.4053,-0.5518,0.0002014,-0.0004732,-0.0004732,-0.4732,-0.000475,-0.000475,-0.451
37.290234,0.2734,-0.5469,0.0002335,-0.0002879,-0.0002879,-0.2879,-0.0002894,-0.0002894,-0.2549
37.300236,0.1367,-0.5078,0.0003006,7.439e-06,7.439e-06,0.007439,6.105e-06,6.105e-06,0.01961
37.310234,0.01465,-0.4639,0.0003998,0.0002998,0.0002998,0.2998,0.0002991,0.0002991,0.3333
37.320236,-0.08789,-0.4004,0.000537,0.0004778,0.0004778,0.4778,0.0004774,0.0004774,0.4902
37.330235,-0.1709,-0.332,0.00068,0.0004732,0.0004732,0.4732,0.0004725,0.0004725,0.4902
37.340233,-0.2588,-0.2588,0.0007909,0.0002879,0.0002879,0.2879,0.0002869,0.0002869,0.2941
37.350235,-0.3223,-0.21,0.0008668,-7.415e-06,-7.415e-06,-0.007415,-8.547e-06,-8.547e-06,0.01961
37.360233,-0.4102,-0.1562,0.0008522,-0.0002998,-0.0002998,-0.2998,-0.0003016,-0.0003016,-0.2941
37.370232,-0.4932,-0.1318,0.0008114,-0.0004777,-0.0004777,-0.4777,-0.0004799,-0.0004799,-0.451
37.380234,-0.5762,-0.1074,0.0007413,-0.0004732,-0.0004732,-0.4732,-0.000475,-0.000475,-0.451
37.390232,-0.6689,-0.1074,0.0006975,-0.0002879,-0.0002879,-0.2879,-0.0002894,-0.0002894,-0.2549
37.400234,-0.7422,-0.08301,0.0006975,7.391e-06,7.391e-06,0.007391,6.105e-06,6.105e-06,0.01961
37.410233,-0.8252,-0.04395,0.0007121,0.0002998,0.0002998,0.2998,0.0002991,0.0002991,0.3333
37.420235,-0.8594,0.004883,0.000788,0.0004778,0.0004778,0.4778,0.0004774,0.0004774,0.4902
37.430233,-0.9033,0.04395,0.0008727,0.0004732,0.0004732,0.4732,0.0004725,0.0004725,0.4902
37.440235,-0.9375,0.09766,0.0009252,0.0002879,0.0002879,0.2879,0.0002869,0.0002869,0.2941
37.450233,-0.9619,0.1514,0.0009223,-7.367e-06,-7.367e-06,-0.007367,-8.547e-06,-8.547e-06,0.01961
37.460236,-0.9961,0.1562,0.0008785,-0.0002999,-0.0002999,-0.2999,-0.0003016,-0.0003016,-0.2941
37.470234,-1.03,0.1709,0.0007822,-0.0004778,-0.0004778,-0.4778,-0.0004799,-0.0004799,-0.451
37.480236,-1.084,0.1611,0.0006713,-0.0004732,-0.0004732,-0.4732,-0.000475,-0.000475,-0.451
37.490234,-1.157,0.1514,0.0005779,-0.0002879,-0.0002879,-0.2879,-0.0002894,-0.0002894,-0.2549
37.500233,-1.191,0.1416,0.0005341,7.343e-06,7.343e-06,0.007343,6.105e-06,6.105e-06,0.01961
37.510235,-1.245,0.1465,0.0005341,0.0002999,0.0002999,0.2999,0.0002991,0.0002991,0.3333
37.520233,-1.279,0.1807,0.000575,0.0004778,0.0004778,0.4778,0.0004774,0.0004774,0.4902
37.530235,-1.309,0.1855,0.000645,0.0004732,0.0004732,0.4732,0.0004725,0.0004725,0.4902
37.540234,-1.328,0.1904,0.0006946,0.0002879,0.0002879,0.2879,0.0002869,0.0002869,0.2941
37.550232,-1.362,0.2051,0.0006888,-7.319e-06,-7.319e-06,-0.007319,-8.547e-06,-8.547e-06,0.01961
37.560234,-1.421,0.1904,0.0006304,-0.0002998,-0.0002998,-0.2998,-0.0003016,-0.0003016,-0.2941
37.570232,-1.489,0.1758,0.0005312,-0.0004777,-0.0004777,-0.4777,-0.0004799,-0.0004799,-0.451
37.580235,-1.577,0.1416,0.0004144,-0.0004732,-0.0004732,-0.4732,-0.000475,-0.000475,-0.451
37.590233,-1.68,0.09766,0.0003327,-0.0002879,-0.0002879,-0.2879,-0.0002894,-0.0002894,-0.2549
37.600235,-1.763,0.06348,0.0002977,7.415e-06,7.415e-06,0.007415,6.105e-06,6.105e-06,0.01961
37.610233,-1.846,0.03418,0.000324,0.0002998,0.0002998,0.2998,0.0002991,0.0002991,0.3333
37.620235,-1.899,0.0293,0.0003882,0.0004778,0.0004778,0.4778,0.0004774,0.0004774,0.4902
37.630234,-1.958,0.02441,0.0004728,0.0004732,0.0004732,0.4732,0.0004725,0.0004725,0.4902
37.640236,-2.017,0.01465,0.0005458,0.0002878,0.0002878,0.2878,0.0002869,0.0002869,0.2941
37.650234,-2.095,0.02441,0.0005575,-7.391e-06,-7.391e-06,-0.007391,-8.547e-06,-8.547e-06,0.01961
37.660233,-2.178,-0.01465,0.0005399,-0.0002998,-0.0002998,-0.2998,-0.0003016,-0.0003016,-0.2941
37.670235,-2.256,-0.07324,0.0004962,-0.0004778,-0.0004778,-0.4778,-0.0004799,-0.0004799,-0.451
37.680233,-2.363,-0.1123,0.0004174,-0.0004732,-0.0004732,-0.4732,-0.000475,-0.000475,-0.451
37.690235,-2.461,-0.1709,0.0003794,-0.0002879,-0.0002879,-0.2879,-0.0002894,-0.0002894,-0.2549
37.700233,-2.534,-0.2051,0.0003882,7.367e-06,7.367e-06,0.007367,6.105e-06,6.105e-06,0.01961
37.710232,-2.622,-0.2539,0.0004699,0.0002998,0.0002998,0.2998,0.0002991,0.0002991,0.3333
37.720234,-2.695,-0.2686,0.0005896,0.0004778,0.0004778,0.4778,0.0004774,0.0004774,0.4902
37.730236,-2.773,-0.2686,0.0007209,0.0004732,0.0004732,0.4732,0.0004725,0.0004725,0.4902
37.740234,-2.842,-0.2686,0.0008318,0.0002879,0.0002879,0.2879,0.0002869,0.0002869,0.2941
37.750233,-2.9,-0.2734,0.0009048,-7.343e-06,-7.343e-06,-0.007343,-8.547e-06,-8.547e-06,0.01961
37.760235,-2.993,-0.293,0.0009194,-0.0002999,-0.0002999,-0.2999,-0.0003016,-0.0003016,-0.2941
37.770233,-3.066,-0.3174,0.0009018,-0.0004778,-0.0004778,-0.4778,-0.0004799,-0.0004799,-0.451
37.780231,-3.164,-0.3711,0.0008902,-0.0004732,-0.0004732,-0.4732,-0.000475,-0.000475,-0.451
37.790234,-3.252,-0.4004,0.0008814,-0.0002879,-0.0002879,-0.2879,-0.0002894,-0.0002894,-0.2549
37.800232,-3.32,-0.4248,0.000934,7.319e-06,7.319e-06,0.007319,6.105e-06,6.105e-06,0.01961
37.810234,-3.413,-0.4297,0.001024,0.0002998,0.0002998,0.2998,0.0002991,0.0002991,0.3333
37.820232,-3.457,-0.4248,0.001173,0.0004777,0.0004777,0.4777,0.0004774,0.0004774,0.4902
37.830235,-3.501,-0.4102,0.001325,0.0004732,0.0004732,0.4732,0.0004725,0.0004725,0.4902
37.840237,-3.54,-0.4004,0.001471,0.0002878,0.0002878,0.2878,0.0002869,0.0002869,0.2941
37.850235,-3.574,-0.3564,0.001538,-7.415e-06,-7.415e-06,-0.007415,-8.547e-06,-8.547e-06,0.01961
37.860233,-3.613,-0.3613,0.001579,-0.0002998,-0.0002998,-0.2998,-0.0003016,-0.0003016,-0.2941
37.870235,-3.667,-0.376,0.001585,-0.0004778,-0.0004778,-0.4778,-0.0004799,-0.0004799,-0.451
37.880234,-3.721,-0.3809,0.001556,-0.0004732,-0.0004732,-0.4732,-0.000475,-0.000475,-0.451
37.890236,-3.77,-0.3809,0.001547,-0.0002878,-0.0002878,-0.2878,-0.0002894,-0.0002894,-0.2549
37.900234,-3.804,-0.376,0.001582,7.391e-06,7.391e-06,0.007391,6.105e-06,6.105e-06,0.01961
37.910233,-3.828,-0.3613,0.001669,0.0002998,0.0002998,0.2998,0.0002991,0.0002991,0.3333
37.920235,-3.818,-0.3223,0.001798,0.0004778,0.0004778,0.4778,0.0004774,0.0004774,0.4902
37.930233,-3.804,-0.2783,0.001932,0.0004732,0.0004732,0.4732,0.0004725,0.0004725,0.4902
37.940235,-3.779,-0.2344,0.002049,0.0002879,0.0002879,0.2879,0.0002869,0.0002869,0.2941
37.950237,-3.77,-0.1807,0.002104,-7.487e-06,-7.487e-06,-0.007487,-8.547e-06,-8.547e-06,0.01961
37.960232,-3.745,-0.166,0.002113,-0.0002998,-0.0002998,-0.2998,-0.0003016,-0.0003016,-0.2941
37.970234,-3.726,-0.127,0.002058,-0.0004778,-0.0004778,-0.4778,-0.0004799,-0.0004799,-0.451
37.980232,-3.73,-0.1221,0.001996,-0.0004732,-0.0004732,-0.4732,-0.000475,-0.000475,-0.451
37.990234,-3.716,-0.1074,0.001944,-0.0002879,-0.0002879,-0.2879,-0.0002894,-0.0002894,-0.2549
38.000233,-3.677,-0.06836,0.001923,7.343e-06,7.343e-06,0.007343,6.105e-06,6.105e-06,0.01961
38.010231,-3.643,-0.05859,0.001982,0.0002998,0.0002998,0.2998,0.0002991,0.0002991,0.3333
38.020233,-3.579,0.004883,0.002049,0.0004778,0.0004778,0.4778,0.0004774,0.0004774,0.4902
38.030231,-3.501,0.05371,0.002133,0.0004732,0.0004732,0.4732,0.0004725,0.0004725,0.4902
38.040234,-3.428,0.1074,0.002192,0.0002879,0.0002879,0.2879,0.0002869,0.0002869,0.2941
38.050236,-3.354,0.166,0.002192,-7.439e-06,-7.439e-06,-0.007439,-8.547e-06,-8.547e-06,0.01961
38.060234,-3.291,0.1904,0.002145,-0.0002998,-0.0002998,-0.2998,-0.0003016,-0.0003016,-0.2941
38.070232,-3.232,0.2344,0.002023,-0.0004777,-0.0004777,-0.4777,-0.0004799,-0.0004799,-0.451
38.080235,-3.179,0.2441,0.001897,-0.0004732,-0.0004732,-0.4732,-0.000475,-0.000475,-0.451
38.090233,-3.12,0.249,0.001786,-0.0002879,-0.0002879,-0.2879,-0.0002894,-0.0002894,-0.2549
38.100235,-3.052,0.2686,0.001725,7.415e-06,7.415e-06,0.007415,6.105e-06,6.105e-06,0.01961
38.110233,-2.983,0.2832,0.001716,0.0002998,0.0002998,0.2998,0.0002991,0.0002991,0.3333
38.120232,-2.891,0.3223,0.001739,0.0004777,0.0004777,0.4777,0.0004774,0.0004774,0.4902
38.130234,-2.798,0.3809,0.001757,0.0004732,0.0004732,0.4732,0.0004725,0.0004725,0.4902
38.140236,-2.705,0.4248,0.001754,0.0002878,0.0002878,0.2878,0.0002869,0.0002869,0.2941
38.150234,-2.627,0.4639,0.001719,-7.391e-06,-7.391e-06,-0.007391,-8.547e-06,-8.547e-06,0.01961
38.160233,-2.568,0.4883,0.001594,-0.0002998,-0.0002998,-0.2998,-0.0003016,-0.0003016,-0.2941
38.170235,-2.495,0.4883,0.001453,-0.0004778,-0.0004778,-0.4778,-0.0004799,-0.0004799,-0.451
38.180233,-2.446,0.4639,0.001305,-0.0004732,-0.0004732,-0.4732,-0.000475,-0.000475,-0.451
38.190235,-2.393,0.4541,0.001162,-0.0002879,-0.0002879,-0.2879,-0.0002894,-0.0002894,-0.2549
38.200233,-2.329,0.4443,0.001068,7.367e-06,7.367e-06,0.007367,6.105e-06,6.105e-06,0.01961
38.210236,-2.295,0.4346,0.001027,0.0002999,0.0002999,0.2999,0.0002991,0.0002991,0.3333
38.220234,-2.222,0.4443,0.001039,0.0004778,0.0004778,0.4778,0.0004774,0.0004774,0.4902
38.230232,-2.173,0.459,0.001054,0.0004732,0.0004732,0.4732,0.0004725,0.0004725,0.4902
38.240234,-2.114,0.4785,0.001042,0.0002879,0.0002879,0.2879,0.0002869,0.0002869,0.2941
38.250233,-2.056,0.4736,0.0009952,-7.344e-06,-7.344e-06,-0.007344,-8.547e-06,-8.547e-06,0.01961
38.260235,-2.036,0.459,0.000896,-0.0002999,-0.0002999,-0.2999,-0.0003016,-0.0003016,-0.2941
38.270233,-2.007,0.4297,0.0007588,-0.0004778,-0.0004778,-0.4778,-0.0004799,-0.0004799,-0.451
38.280235,-2.031,0.3906,0.0006012,-0.0004732,-0.0004732,-0.4732,-0.000475,-0.000475,-0.451
38.290234,-2.031,0.3467,0.0004816,-0.0002879,-0.0002879,-0.2879,-0.0002894,-0.0002894,-0.2549
38.300236,-2.036,0.3076,0.0004115,7.439e-06,7.439e-06,0.007439,6.105e-06,6.105e-06,0.01961
38.310234,-2.061,0.2734,0.0004028,0.0002998,0.0002998,0.2998,0.0002991,0.0002991,0.3333
38.320232,-2.061,0.2686,0.0004203,0.0004777,0.0004777,0.4777,0.0004774,0.0004774,0.4902
38.330235,-2.061,0.2344,0.0004874,0.0004732,0.0004732,0.4732,0.0004725,0.0004725,0.4902
38.340233,-2.061,0.249,0.0005049,0.0002879,0.0002879,0.2879,0.0002869,0.0002869,0.2941
38.350235,-2.075,0.2051,0.0005137,-7.416e-06,-7.416e-06,-0.007416,-8.547e-06,-8.547e-06,0.01961
38.360233,-2.109,0.166,0.0004641,-0.0002998,-0.0002998,-0.2998,-0.0003016,-0.0003016,-0.2941
38.370232,-2.163,0.1172,0.0003765,-0.0004777,-0.0004777,-0.4777,-0.0004799,-0.0004799,-0.451
38.380234,-2.241,0.04883,0.0002831,-0.0004732,-0.0004732,-0.4732,-0.000475,-0.000475,-0.451
38.390232,-2.31,-0.009766,0.0002218,-0.0002879,-0.0002879,-0.2879,-0.0002894,-0.0002894,-0.2549
38.400234,-2.383,-0.06348,0.0002072,7.392e-06,7.392e-06,0.007392,6.105e-06,6.105e-06,0.01961
38.410233,-2.456,-0.1123,0.0002568,0.0002998,0.0002998,0.2998,0.0002991,0.0002991,0.3333
38.420235,-2.51,-0.1318,0.0003502,0.0004778,0.0004778,0.4778,0.0004774,0.0004774,0.4902
38.430233,-2.573,-0.1514,0.0004641,0.0004732,0.0004732,0.4732,0.0004725,0.0004725,0.4902
38.440235,-2.627,-0.1758,0.000572,0.0002879,0.0002879,0.2879,0.0002869,0.0002869,0.2941
38.450233,-2.69,-0.1904,0.0006275,-7.368e-06,-7.368e-06,-0.007368,-8.547e-06,-8.547e-06,0.01961
38.460236,-2.778,-0.2441,0.0006596,-0.0002999,-0.0002999,-0.2999,-0.0003016,-0.0003016,-0.2941
38.470234,-2.866,-0.2637,0.0006129,-0.0004778,-0.0004778,-0.4778,-0.0004799,-0.0004799,-0.451
38.480236,-2.974,-0.3223,0.0005866,-0.0004732,-0.0004732,-0.4732,-0.000475,-0.000475,-0.451
38.490234,-3.086,-0.376,0.0005779,-0.0002879,-0.0002879,-0.2879,-0.0002894,-0.0002894,-0.2549
38.500233,-3.164,-0.4102,0.0006246,7.344e-06,7.344e-06,0.007344,6.105e-06,6.105e-06,0.01961
38.510235,-3.257,-0.4346,0.0007238,0.0002999,0.0002999,0.2999,0.0002991,0.0002991,0.3333
38.520233,-3.33,-0.4395,0.0008697,0.0004778,0.0004778,0.4778,0.0004774,0.0004774,0.4902
38.530231,-3.394,-0.4395,0.001039,0.0004732,0.0004732,0.4732,0.0004725,0.0004725,0.4902
38.540234,-3.442,-0.4395,0.001188,0.0002879,0.0002879,0.2879,0.0002869,0.0002869,0.2941
38.550236,-3.506,-0.4395,0.001293,-7.44e-06,-7.44e-06,-0.00744,-8.547e-06,-8.547e-06,0.01961
38.560234,-3.574,-0.4541,0.001348,-0.0002998,-0.0002998,-0.2998,-0.0003016,-0.0003016,-0.2941
38.570232,-3.638,-0.4541,0.001345,-0.0004777,-0.0004777,-0.4777,-0.0004799,-0.0004799,-0.451
38.580235,-3.74,-0.4883,0.001343,-0.0004732,-0.0004732,-0.4732,-0.000475,-0.000475,-0.451
38.590233,-3.809,-0.4932,0.001345,-0.0002879,-0.0002879,-0.2879,-0.0002894,-0.0002894,-0.2549
38.600235,-3.862,-0.4932,0.001398,7.416e-06,7.416e-06,0.007416,6.105e-06,6.105e-06,0.01961
38.610233,-3.911,-0.5078,0.001532,0.0002998,0.0002998,0.2998,0.0002991,0.0002991,0.3333
38.620235,-3.926,-0.4688,0.001678,0.0004778,0.0004778,0.4778,0.0004774,0.0004774,0.4902
38.630234,-3.95,-0.4346,0.001839,0.0004732,0.0004732,0.4732,0.0004725,0.0004725,0.4902
38.640232,-3.95,-0.3906,0.001967,0.0002879,0.0002879,0.2879,0.0002869,0.0002869,0.2941
38.650234,-3.965,-0.3564,0.002063,-7.392e-06,-7.392e-06,-0.007392,-8.547e-06,-8.547e-06,0.01961
38.660233,-3.975,-0.3271,0.002081,-0.0002998,-0.0002998,-0.2998,-0.0003016,-0.0003016,-0.2941
38.670235,-3.97,-0.3076,0.002072,-0.0004778,-0.0004778,-0.4778,-0.0004799,-0.0004799,-0.451
38.680233,-4.004,-0.293,0.002023,-0.0004732,-0.0004732,-0.4732,-0.000475,-0.000475,-0.451
38.690231,-3.989,-0.2734,0.001996,-0.000288,-0.000288,-0.288,-0.0002894,-0.0002894,-0.2549
38.700233,-3.979,-0.249,0.002026,7.368e-06,7.368e-06,0.007368,6.105e-06,6.105e-06,0.01961
38.710232,-3.95,-0.2246,0.002084,0.0002998,0.0002998,0.2998,0.0002991,0.0002991,0.3333
38.720234,-3.896,-0.1611,0.002186,0.0004778,0.0004778,0.4778,0.0004774,0.0004774,0.4902
38.730232,-3.848,-0.1025,0.002297,0.0004732,0.0004732,0.4732,0.0004725,0.0004725,0.4902
38.740234,-3.779,-0.0293,0.00237,0.0002879,0.0002879,0.2879,0.0002869,0.0002869,0.2941
38.750233,-3.716,0.03418,0.002393,-7.344e-06,-7.344e-06,-0.007344,-8.547e-06,-8.547e-06,0.01961
38.760235,-3.657,0.07324,0.002358,-0.0002999,-0.0002999,-0.2999,-0.0003016,-0.0003016,-0.2941
38.770233,-3.599,0.1123,0.002262,-0.0004778,-0.0004778,-0.4778,-0.0004799,-0.0004799,-0.451
38.780231,-3.555,0.1367,0.002163,-0.0004732,-0.0004732,-0.4732,-0.000475,-0.000475,-0.451
38.790234,-3.477,0.1562,0.002075,-0.0002879,-0.0002879,-0.2879,-0.0002894,-0.0002894,-0.2549
38.800232,-3.398,0.1758,0.002031,7.32e-06,7.32e-06,0.00732,6.105e-06,6.105e-06,0.01961
38.810234,-3.32,0.2197,0.00202,0.0002998,0.0002998,0.2998,0.0002991,0.0002991,0.3333
38.820236,-3.223,0.2734,0.002061,0.0004778,0.0004778,0.4778,0.0004774,0.0004774,0.4902
38.830235,-3.13,0.332,0.002087,0.0004732,0.0004732,0.4732,0.0004725,0.0004725,0.4902
38.840233,-3.013,0.4004,0.002093,0.0002879,0.0002879,0.2879,0.0002869,0.0002869,0.2941
38.850235,-2.91,0.4443,0.002052,-7.416e-06,-7.416e-06,-0.007416,-8.547e-06,-8.547e-06,0.01961
38.860233,-2.822,0.4834,0.001944,-0.0002998,-0.0002998,-0.2998,-0.0003016,-0.0003016,-0.2941
38.870235,-2.739,0.5176,0.001786,-0.0004778,-0.0004778,-0.4778,-0.0004799,-0.0004799,-0.451
38.880234,-2.661,0.4932,0.001637,-0.0004732,-0.0004732,-0.4732,-0.000475,-0.000475,-0.451
38.890232,-2.583,0.498,0.001491,-0.0002879,-0.0002879,-0.2879,-0.0002894,-0.0002894,-0.2549
38.900234,-2.505,0.4932,0.001398,7.392e-06,7.392e-06,0.007392,6.105e-06,6.105e-06,0.01961
38.910233,-2.432,0.5078,0.00134,0.0002998,0.0002998,0.2998,0.0002991,0.0002991,0.3333
38.920235,-2.339,0.542,0.001334,0.0004778,0.0004778,0.4778,0.0004774,0.0004774,0.4902
38.930233,-2.251,0.5566,0.001325,0.0004732,0.0004732,0.4732,0.0004725,0.0004725,0.4902
38.940235,-2.158,0.5957,0.001302,0.0002879,0.0002879,0.2879,0.0002869,0.0002869,0.2941
38.950233,-2.08,0.6055,0.001232,-7.368e-06,-7.368e-06,-0.007368,-8.547e-06,-8.547e-06,0.01961
38.960236,-2.012,0.6055,0.001103,-0.0002999,-0.0002999,-0.2999,-0.0003016,-0.0003016,-0.2941
38.970234,-1.968,0.6006,0.000934,-0.0004778,-0.0004778,-0.4778,-0.0004799,-0.0004799,-0.451
38.980236,-1.953,0.5469,0.0007822,-0.0004732,-0.0004732,-0.4732,-0.000475,-0.000475,-0.451
38.990234,-1.919,0.5029,0.0006304,-0.0002879,-0.0002879,-0.2879,-0.0002894,-0.0002894,-0.2549
39.000233,-1.899,0.4736,0.0005341,7.344e-06,7.344e-06,0.007344,6.105e-06,6.105e-06,0.01961
39.010235,-1.875,0.4443,0.0004932,0.0002999,0.0002999,0.2999,0.0002991,0.0002991,0.3333
39.020233,-1.841,0.4443,0.0004845,0.0004778,0.0004778,0.4778,0.0004774,0.0004774,0.4902
39.030235,-1.821,0.4248,0.0005137,0.0004732,0.0004732,0.4732,0.0004725,0.0004725,0.4902
39.040234,-1.802,0.4199,0.0005166,0.0002879,0.0002879,0.2879,0.0002869,0.0002869,0.2941
39.050236,-1.807,0.3906,0.0004845,-7.44e-06,-7.44e-06,-0.00744,-8.547e-06,-8.547e-06,0.01961
39.060234,-1.816,0.3516,0.0003998,-0.0002998,-0.0002998,-0.2998,-0.0003016,-0.0003016,-0.2941
39.070236,-1.851,0.3076,0.0002773,-0.0004778,-0.0004778,-0.4778,-0.0004799,-0.0004799,-0.451
39.080235,-1.89,0.2197,0.0001722,-0.0004732,-0.0004732,-0.4732,-0.000475,-0.000475,-0.451
39.090233,-1.958,0.1807,6.129e-05,-0.0002879,-0.0002879,-0.2879,-0.0002894,-0.0002894,-0.2549
39.100235,-2.021,0.1123,2.335e-05,7.416e-06,7.416e-06,0.007416,6.105e-06,6.105e-06,0.01961
39.110233,-2.08,0.04883,5.545e-05,0.0002998,0.0002998,0.2998,0.0002991,0.0002991,0.3333
39.120235,-2.139,0.03906,0.0001051,0.0004778,0.0004778,0.4778,0.0004774,0.0004774,0.4902
39.130234,-2.192,-0.009766,0.0002131,0.0004732,0.0004732,0.4732,0.0004725,0.0004725,0.4902
39.140232,-2.236,-0.0293,0.0002889,0.0002879,0.0002879,0.2879,0.0002869,0.0002869,0.2941
39.150234,-2.31,-0.06836,0.0003356,-7.392e-06,-7.392e-06,-0.007392,-8.547e-06,-8.547e-06,0.01961
39.160233,-2.402,-0.1123,0.000321,-0.0002998,-0.0002998,-0.2998,-0.0003016,-0.0003016,-0.2941
39.170235,-2.5,-0.1562,0.0002714,-0.0004778,-0.0004778,-0.4778,-0.0004799,-0.0004799,-0.451
39.180233,-2.627,-0.2393,0.0002393,-0.0004732,-0.0004732,-0.4732,-0.000475,-0.000475,-0.451
39.190235,-2.72,-0.3027,0.0002218,-0.0002879,-0.0002879,-0.2879,-0.0002894,-0.0002894,-0.2549
39.200233,-2.827,-0.3564,0.0002568,7.368e-06,7.368e-06,0.007368,6.105e-06,6.105e-06,0.01961
39.210232,-2.93,-0.415,0.0003648,0.0002998,0.0002998,0.2998,0.0002991,0.0002991,0.3333
39.220234,-3.013,-0.4346,0.0005166,0.0004778,0.0004778,0.4778,0.0004774,0.0004774,0.4902
39.230236,-3.11,-0.4541,0.00068,0.0004732,0.0004732,0.4732,0.0004725,0.0004725,0.4902
39.240234,-3.193,-0.459,0.0008201,0.0002879,0.0002879,0.2879,0.0002869,0.0002869,0.2941
39.250233,-3.281,-0.459,0.0009135,-7.344e-06,-7.344e-06,-0.007344,-8.547e-06,-8.547e-06,0.01961
39.260235,-3.389,-0.4883,0.0009719,-0.0002999,-0.0002999,-0.2999,-0.0003016,-0.0003016,-0.2941
39.270233,-3.472,-0.5225,0.0009982,-0.0004778,-0.0004778,-0.4778,-0.0004799,-0.0004799,-0.451
39.280235,-3.594,-0.5566,0.0009923,-0.0004732,-0.0004732,-0.4732,-0.000475,-0.000475,-0.451
39.290234,-3.701,-0.5859,0.001024,-0.0002879,-0.0002879,-0.2879,-0.0002894,-0.0002894,-0.2549
39.300232,-3.789,-0.6104,0.001103,7.321e-06,7.321e-06,0.007321,6.105e-06,6.105e-06,0.01961
39.310234,-3.872,-0.6152,0.001237,0.0002998,0.0002998,0.2998,0.0002991,0.0002991,0.3333
39.320232,-3.926,-0.6006,0.00141,0.0004777,0.0004777,0.4777,0.0004774,0.0004774,0.4902
39.330235,-3.979,-0.5811,0.001602,0.0004732,0.0004732,0.4732,0.0004725,0.0004725,0.4902
39.340237,-4.019,-0.5469,0.001763,0.0002878,0.0002878,0.2878,0.0002869,0.0002869,0.2941
39.350235,-4.058,-0.5078,0.001865,-7.416e-06,-7.416e-06,-0.007416,-8.547e-06,-8.547e-06,0.01961
39.360233,-4.097,-0.4932,0.00192,-0.0002998,-0.0002998,-0.2998,-0.0003016,-0.0003016,-0.2941
39.370235,-4.136,-0.4785,0.001938,-0.0004778,-0.0004778,-0.4778,-0.0004799,-0.0004799,-0.451
39.380234,-4.185,-0.4834,0.001932,-0.0004732,-0.0004732,-0.4732,-0.000475,-0.000475,-0.451
39.390236,-4.214,-0.4688,0.001944,-0.0002878,-0.0002878,-0.2878,-0.0002894,-0.0002894,-0.2549
39.400234,-4.238,-0.4541,0.001996,7.392e-06,7.392e-06,0.007392,6.105e-06,6.105e-06,0.01961
39.410233,-4.238,-0.415,0.002093,0.0002998,0.0002998,0.2998,0.0002991,0.0002991,0.3333
39.420235,-4.214,-0.3613,0.00223,0.0004778,0.0004778,0.4778,0.0004774,0.0004774,0.4902
39.430237,-4.189,-0.2979,0.002358,0.0004732,0.0004732,0.4732,0.0004725,0.0004725,0.4902
39.440235,-4.131,-0.2344,0.002481,0.0002879,0.0002879,0.2879,0.0002869,0.0002869,0.2941
39.450233,-4.087,-0.1758,0.002536,-7.369e-06,-7.369e-06,-0.007369,-8.547e-06,-8.547e-06,0.01961
39.460236,-4.048,-0.1172,0.002528,-0.0002999,-0.0002999,-0.2999,-0.0003016,-0.0003016,-0.2941
39.470234,-3.984,-0.07324,0.002475,-0.0004778,-0.0004778,-0.4778,-0.0004799,-0.0004799,-0.451
39.480236,-3.965,-0.05371,0.002405,-0.0004732,-0.0004732,-0.4732,-0.000475,-0.000475,-0.451
39.490234,-3.896,-0.01953,0.002338,-0.0002879,-0.0002879,-0.2879,-0.0002894,-0.0002894,-0.2549
39.500233,-3.838,0.02441,0.002309,7.345e-06,7.345e-06,0.007345,6.105e-06,6.105e-06,0.01961
39.510235,-3.755,0.07812,0.002323,0.0002999,0.0002999,0.2999,0.0002991,0.0002991,0.3333
39.520233,-3.657,0.1514,0.00237,0.0004778,0.0004778,0.4778,0.0004774,0.0004774,0.4902
39.530235,-3.545,0.2197,0.002437,0.0004732,0.0004732,0.4732,0.0004725,0.0004725,0.4902
39.540234,-3.413,0.2881,0.002466,0.0002879,0.0002879,0.2879,0.0002869,0.0002869,0.2941
39.550236,-3.311,0.3516,0.00244,-7.441e-06,-7.441e-06,-0.007441,-8.547e-06,-8.547e-06,0.01961
39.560234,-3.203,0.3955,0.002352,-0.0002998,-0.0002998,-0.2998,-0.0003016,-0.0003016,-0.2941
39.570232,-3.11,0.4395,0.002212,-0.0004777,-0.0004777,-0.4777,-0.0004799,-0.0004799,-0.451
39.580235,-3.027,0.4736,0.002031,-0.0004732,-0.0004732,-0.4732,-0.000475,-0.000475,-0.451
39.590233,-2.92,0.4834,0.001903,-0.0002879,-0.0002879,-0.2879,-0.0002894,-0.0002894,-0.2549
39.600235,-2.822,0.5078,0.001795,7.417e-06,7.417e-06,0.007417,6.105e-06,6.105e-06,0.01961
39.610233,-2.72,0.5322,0.001745,0.0002998,0.0002998,0.2998,0.0002991,0.0002991,0.3333
39.620232,-2.583,0.5762,0.001725,0.0004777,0.0004777,0.4777,0.0004774,0.0004774,0.4902
39.630234,-2.456,0.5957,0.001739,0.0004732,0.0004732,0.4732,0.0004725,0.0004725,0.4902
39.640236,-2.344,0.6689,0.001684,0.0002878,0.0002878,0.2878,0.0002869,0.0002869,0.2941
39.650234,-2.236,0.6836,0.001614,-7.393e-06,-7.393e-06,-0.007393,-8.547e-06,-8.547e-06,0.01961
39.660233,-2.148,0.7031,0.001468,-0.0002998,-0.0002998,-0.2998,-0.0003016,-0.0003016,-0.2941
39.670235,-2.061,0.708,0.001284,-0.0004778,-0.0004778,-0.4778,-0.0004799,-0.0004799,-0.451
39.680233,-1.987,0.6787,0.001089,-0.0004732,-0.0004732,-0.4732,-0.000475,-0.000475,-0.451
39.690235,-1.924,0.6738,0.0009048,-0.0002879,-0.0002879,-0.2879,-0.0002894,-0.0002894,-0.2549
39.700233,-1.865,0.6348,0.000788,7.369e-06,7.369e-06,0.007369,6.105e-06,6.105e-06,0.01961
39.710232,-1.807,0.6299,0.0007151,0.0002998,0.0002998,0.2998,0.0002991,0.0002991,0.3333
39.720234,-1.729,0.6201,0.0006975,0.0004778,0.0004778,0.4778,0.0004774,0.0004774,0.4902
39.730232,-1.694,0.625,0.00068,0.0004732,0.0004732,0.4732,0.0004725,0.0004725,0.4902
39.740234,-1.611,0.6201,0.0006567,0.0002879,0.0002879,0.2879,0.0002869,0.0002869,0.2941
39.750233,-1.582,0.6104,0.000575,-7.345e-06,-7.345e-06,-0.007345,-8.547e-06,-8.547e-06,0.01961
39.760235,-1.553,0.5859,0.0004524,-0.0002999,-0.0002999,-0.2999,-0.0003016,-0.0003016,-0.2941
39.770233,-1.538,0.5322,0.0003094,-0.0004778,-0.0004778,-0.4778,-0.0004799,-0.0004799,-0.451
39.780235,-1.553,0.4639,0.0001459,-0.0004732,-0.0004732,-0.4732,-0.000475,-0.000475,-0.451
39.790234,-1.558,0.3955,2.335e-05,-0.0002879,-0.0002879,-0.2879,-0.0002894,-0.0002894,-0.2549
39.800236,-1.602,0.3369,-5.837e-05,7.441e-06,7.441e-06,0.007441,6.105e-06,6.105e-06,0.01961
39.810234,-1.636,0.2832,-7.005e-05,0.0002998,0.0002998,0.2998,0.0002991,0.0002991,0.3333
39.820232,-1.66,0.249,-4.086e-05,0.0004777,0.0004777,0.4777,0.0004774,0.0004774,0.4902
39.830235,-1.709,0.21,2.335e-05,0.0004732,0.0004732,0.4732,0.0004725,0.0004725,0.4902
39.840233,-1.753,0.2051,4.378e-05,0.0002879,0.0002879,0.2879,0.0002869,0.0002869,0.2941
39.850235,-1.802,0.1465,5.837e-05,-7.417e-06,-7.417e-06,-0.007417,-8.547e-06,-8.547e-06,0.01961
39.860233,-1.88,0.08789,2.043e-05,-0.0002998,-0.0002998,-0.2998,-0.0003016,-0.0003016,-0.2941
39.870235,-1.978,0.01465,-4.67e-05,-0.0004778,-0.0004778,-0.4778,-0.0004799,-0.0004799,-0.451
39.880234,-2.104,-0.06836,-0.0001197,-0.0004732,-0.0004732,-0.4732,-0.000475,-0.000475,-0.451
39.890232,-2.192,-0.1562,-0.0001488,-0.0002879,-0.0002879,-0.2879,-0.0002894,-0.0002894,-0.2549
39.900234,-2.334,-0.2246,-0.000143,7.393e-06,7.393e-06,0.007393,6.105e-06,6.105e-06,0.01961
39.910233,-2.441,-0.2832,-5.837e-05,0.0002998,0.0002998,0.2998,0.0002991,0.0002991,0.3333
39.920235,-2.539,-0.3125,5.545e-05,0.0004778,0.0004778,0.4778,0.0004774,0.0004774,0.4902
39.930233,-2.661,-0.3418,0.0001955,0.0004732,0.0004732,0.4732,0.0004725,0.0004725,0.4902
39.940235,-2.744,-0.376,0.0003502,0.0002879,0.0002879,0.2879,0.0002869,0.0002869,0.2941
39.950233,-2.847,-0.4248,0.0004465,-7.369e-06,-7.369e-06,-0.007369,-8.547e-06,-8.547e-06,0.01961
39.960236,-2.974,-0.4639,0.0004991,-0.0002999,-0.0002999,-0.2999,-0.0003016,-0.0003016,-0.2941
39.970234,-3.11,-0.5078,0.0005078,-0.0004778,-0.0004778,-0.4778,-0.0004799,-0.0004799,-0.451
39.980232,-3.276,-0.5664,0.0005137,-0.0004732,-0.0004732,-0.4732,-0.000475,-0.000475,-0.451
39.990234,-3.403,-0.6152,0.0005487,-0.0002879,-0.0002879,-0.2879,-0.0002894,-0.0002894,-0.2549
40.000233,-3.53,-0.6787,0.000645,7.345e-06,7.345e-06,0.007345,6.105e-06,6.105e-06,0.01961
40.010235,-3.647,-0.6934,0.000788,0.0002999,0.0002999,0.2999,0.0002991,0.0002991,0.3333
40.020233,-3.74,-0.6982,0.0009777,0.0004778,0.0004778,0.4778,0.0004774,0.0004774,0.4902
40.030231,-3.823,-0.7031,0.001182,0.0004732,0.0004732,0.4732,0.0004725,0.0004725,0.4902
40.040234,-3.916,-0.6787,0.001372,0.0002879,0.0002879,0.2879,0.0002869,0.0002869,0.2941
40.050236,-3.999,-0.6738,0.001509,-7.441e-06,-7.441e-06,-0.007441,-8.547e-06,-8.547e-06,0.01961
40.060234,-4.087,-0.6641,0.001591,-0.0002998,-0.0002998,-0.2998,-0.0003016,-0.0003016,-0.2941
40.070232,-4.175,-0.6689,0.001634,-0.0004777,-0.0004777,-0.4777,-0.0004799,-0.0004799,-0.451
40.080235,-4.258,-0.6836,0.001658,-0.0004732,-0.0004732,-0.4732,-0.000475,-0.000475,-0.451
40.090233,-4.331,-0.6738,0.001699,-0.0002879,-0.0002879,-0.2879,-0.0002894,-0.0002894,-0.2549
40.100235,-4.399,-0.6738,0.001789,7.417e-06,7.417e-06,0.007417,6.105e-06,6.105e-06,0.01961
40.110233,-4.443,-0.6592,0.001935,0.0002998,0.0002998,0.2998,0.0002991,0.0002991,0.3333
40.120235,-4.448,-0.6152,0.002113,0.0004778,0.0004778,0.4778,0.0004774,0.0004774,0.4902
40.130234,-4.468,-0.5566,0.002285,0.0004732,0.0004732,0.4732,0.0004725,0.0004725,0.4902
40.140236,-4.443,-0.5029,0.00246,0.0002878,0.0002878,0.2878,0.0002869,0.0002869,0.2941
40.150234,-4.448,-0.4297,0.002539,-7.393e-06,-7.393e-06,-0.007393,-8.547e-06,-8.547e-06,0.01961
40.160233,-4.434,-0.3906,0.002586,-0.0002998,-0.0002998,-0.2998,-0.0003016,-0.0003016,-0.2941
40.170235,-4.419,-0.3271,0.00256,-0.0004778,-0.0004778,-0.4778,-0.0004799,-0.0004799,-0.451
40.180233,-4.395,-0.3027,0.002528,-0.0004732,-0.0004732,-0.4732,-0.000475,-0.000475,-0.451
40.190231,-4.355,-0.2637,0.00251,-0.000288,-0.000288,-0.288,-0.0002894,-0.0002894,-0.2549
40.200233,-4.326,-0.2295,0.002525,7.369e-06,7.369e-06,0.007369,6.105e-06,6.105e-06,0.01961
40.210236,-4.253,-0.1709,0.002589,0.0002999,0.0002999,0.2999,0.0002991,0.0002991,0.3333
40.220234,-4.175,-0.08789,0.002676,0.0004778,0.0004778,0.4778,0.0004774,0.0004774,0.4902
40.230232,-4.097,0.004883,0.002761,0.0004732,0.0004732,0.4732,0.0004725,0.0004725,0.4902
40.240234,-3.95,0.07812,0.002834,0.0002879,0.0002879,0.2879,0.0002869,0.0002869,0.2941
40.250233,-3.853,0.166,0.002822,-7.345e-06,-7.345e-06,-0.007345,-8.547e-06,-8.547e-06,0.01961
40.260235,-3.75,0.2246,0.002764,-0.0002999,-0.0002999,-0.2999,-0.0003016,-0.0003016,-0.2941
40.270233,-3.647,0.2783,0.002647,-0.0004778,-0.0004778,-0.4778,-0.0004799,-0.0004799,-0.451
40.280235,-3.555,0.3223,0.00251,-0.0004732,-0.0004732,-0.4732,-0.000475,-0.000475,-0.451
40.290234,-3.428,0.3613,0.002396,-0.0002879,-0.0002879,-0.2879,-0.0002894,-0.0002894,-0.2549
40.300232,-3.325,0.4004,0.002303,7.321e-06,7.321e-06,0.007321,6.105e-06,6.105e-06,0.01961
40.310234,-3.184,0.4639,0.002259,0.0002998,0.0002998,0.2998,0.0002991,0.0002991,0.3333
40.320232,-3.042,0.5176,0.002256,0.0004777,0.0004777,0.4777,0.0004774,0.0004774,0.4902
40.330235,-2.896,0.5908,0.002244,0.0004732,0.0004732,0.4732,0.0004725,0.0004725,0.4902
40.340233,-2.729,0.6689,0.002206,0.0002879,0.0002879,0.2879,0.0002869,0.0002869,0.2941
40.350235,-2.593,0.708,0.002128,-7.417e-06,-7.417e-06,-0.007417,-8.547e-06,-8.547e-06,0.01961
40.360233,-2.471,0.752,0.001973,-0.0002998,-0.0002998,-0.2998,-0.0003016,-0.0003016,-0.2941
40.370235,-2.339,0.7666,0.001789,-0.0004778,-0.0004778,-0.4778,-0.0004799,-0.0004799,-0.451
40.380238,-2.236,0.7715,0.001576,-0.0004732,-0.0004732,-0.4732,-0.000475,-0.000475,-0.451
40.390232,-2.134,0.7715,0.001392,-0.0002879,-0.0002879,-0.2879,-0.0002894,-0.0002894,-0.2549
40.400234,-2.026,0.7666,0.001237,7.393e-06,7.393e-06,0.007393,6.105e-06,6.105e-06,0.01961
40.410233,-1.919,0.7764,0.001144,0.0002998,0.0002998,0.2998,0.0002991,0.0002991,0.3333
40.420235,-1.812,0.8008,0.001086,0.0004778,0.0004778,0.4778,0.0004774,0.0004774,0.4902
40.430233,-1.699,0.8252,0.001036,0.0004732,0.0004732,0.4732,0.0004725,0.0004725,0.4902
40.440235,-1.572,0.8203,0.0009952,0.0002879,0.0002879,0.2879,0.0002869,0.0002869,0.2941
40.450233,-1.475,0.8252,0.0008843,-7.369e-06,-7.369e-06,-0.007369,-8.547e-06,-8.547e-06,0.01961
40.460236,-1.387,0.8203,0.0007121,-0.0002999,-0.0002999,-0.2999,-0.0003016,-0.0003016,-0.2941
40.470234,-1.304,0.7812,0.0005224,-0.0004778,-0.0004778,-0.4778,-0.0004799,-0.0004799,-0.451
40.480232,-1.245,0.7373,0.0003152,-0.0004732,-0.0004732,-0.4732,-0.000475,-0.000475,-0.451
40.490234,-1.182,0.7031,0.0001255,-0.0002879,-0.0002879,-0.2879,-0.0002894,-0.0002894,-0.2549
40.500233,-1.094,0.6299,1.459e-05,7.346e-06,7.346e-06,0.007346,6.105e-06,6.105e-06,0.01961
40.510235,-1.025,0.6006,-4.962e-05,0.0002999,0.0002999,0.2999,0.0002991,0.0002991,0.3333
40.520233,-0.9424,0.5664,-6.713e-05,0.0004778,0.0004778,0.4778,0.0004774,0.0004774,0.4902
40.530235,-0.8691,0.5322,-5.253e-05,0.0004732,0.0004732,0.4732,0.0004725,0.0004725,0.4902
40.540237,-0.7715,0.5127,-6.713e-05,0.0002878,0.0002878,0.2878,0.0002869,0.0002869,0.2941
40.550236,-0.7178,0.4688,-0.0001051,-7.441e-06,-7.441e-06,-0.007441,-8.547e-06,-8.547e-06,0.01961
40.560234,-0.6689,0.4297,-0.0002043,-0.0002998,-0.0002998,-0.2998,-0.0003016,-0.0003016,-0.2941
40.570236,-0.6348,0.3711,-0.0003356,-0.0004778,-0.0004778,-0.4778,-0.0004799,-0.0004799,-0.451
40.580235,-0.6396,0.3027,-0.000467,-0.0004732,-0.0004732,-0.4732,-0.000475,-0.000475,-0.451
40.590237,-0.625,0.2246,-0.0005691,-0.0002878,-0.0002878,-0.2878,-0.0002894,-0.0002894,-0.2549
40.600231,-0.6543,0.1465,-0.00061,7.298e-06,7.298e-06,0.007298,6.105e-06,6.105e-06,0.01961
40.610233,-0.6738,0.09766,-0.0005954,0.0002998,0.0002998,0.2998,0.0002991,0.0002991,0.3333
40.620235,-0.7031,0.04883,-0.0005283,0.0004778,0.0004778,0.4778,0.0004774,0.0004774,0.4902
40.630234,-0.7373,0.01953,-0.0004407,0.0004732,0.0004732,0.4732,0.0004725,0.0004725,0.4902
40.640232,-0.7715,-0.01465,-0.0003561,0.0002879,0.0002879,0.2879,0.0002869,0.0002869,0.2941
40.650234,-0.8545,-0.04395,-0.0003356,-7.394e-06,-7.394e-06,-0.007394,-8.547e-06,-8.547e-06,0.01961
40.660233,-0.9473,-0.08301,-0.0003473,-0.0002998,-0.0002998,-0.2998,-0.0003016,-0.0003016,-0.2941
40.670235,-1.069,-0.1416,-0.0003911,-0.0004778,-0.0004778,-0.4778,-0.0004799,-0.0004799,-0.451
40.680233,-1.221,-0.2246,-0.000432,-0.0004732,-0.0004732,-0.4732,-0.000475,-0.000475,-0.451
40.690231,-1.396,-0.293,-0.0004553,-0.000288,-0.000288,-0.288,-0.0002894,-0.0002894,-0.2549
40.700233,-1.592,-0.3613,-0.0004174,7.37e-06,7.37e-06,0.00737,6.105e-06,6.105e-06,0.01961
40.710232,-1.797,-0.415,-0.0003065,0.0002998,0.0002998,0.2998,0.0002991,0.0002991,0.3333
40.720234,-1.982,-0.459,-0.0001634,0.0004778,0.0004778,0.4778,0.0004774,0.0004774,0.4902
40.730232,-2.158,-0.4883,1.167e-05,0.0004732,0.0004732,0.4732,0.0004725,0.0004725,0.4902
40.740234,-2.319,-0.5029,0.0001664,0.0002879,0.0002879,0.2879,0.0002869,0.0002869,0.2941
40.750233,-2.5,-0.542,0.0002831,-7.346e-06,-7.346e-06,-0.007346,-8.547e-06,-8.547e-06,0.01961
40.760235,-2.681,-0.5762,0.0003502,-0.0002999,-0.0002999,-0.2999,-0.0003016,-0.0003016,-0.2941
40.770233,-2.866,-0.6299,0.0003853,-0.0004778,-0.0004778,-0.4778,-0.0004799,-0.0004799,-0.451
40.780235,-3.062,-0.6885,0.0004115,-0.0004732,-0.0004732,-0.4732,-0.000475,-0.000475,-0.451
40.790234,-3.223,-0.7471,0.0004757,-0.0002879,-0.0002879,-0.2879,-0.0002894,-0.0002894,-0.2549
40.800232,-3.418,-0.7861,0.000572,7.322e-06,7.322e-06,0.007322,6.105e-06,6.105e-06,0.01961
40.810234,-3.56,-0.8008,0.0007326,0.0002998,0.0002998,0.2998,0.0002991,0.0002991,0.3333
40.820232,-3.696,-0.8154,0.0009456,0.0004777,0.0004777,0.4777,0.0004774,0.0004774,0.4902
40.830235,-3.809,-0.8154,0.00117,0.0004732,0.0004732,0.4732,0.0004725,0.0004725,0.4902
40.840237,-3.901,-0.7764,0.001366,0.0002878,0.0002878,0.2878,0.0002869,0.0002869,0.2941
40.850235,-4.009,-0.7715,0.001518,-7.418e-06,-7.418e-06,-0.007418,-8.547e-06,-8.547e-06,0.01961
40.860233,-4.116,-0.752,0.001611,-0.0002998,-0.0002998,-0.2998,-0.0003016,-0.0003016,-0.2941
40.870235,-4.224,-0.7666,0.001678,-0.0004778,-0.0004778,-0.4778,-0.0004799,-0.0004799,-0.451
40.880234,-4.336,-0.7764,0.001719,-0.0004732,-0.0004732,-0.4732,-0.000475,-0.000475,-0.451
40.890236,-4.419,-0.7715,0.001789,-0.0002878,-0.0002878,-0.2878,-0.0002894,-0.0002894,-0.2549
40.900234,-4.487,-0.7666,0.00188,7.394e-06,7.394e-06,0.007394,6.105e-06,6.105e-06,0.01961
40.910233,-4.546,-0.7275,0.002031,0.0002998,0.0002998,0.2998,0.0002991,0.0002991,0.3333
40.920235,-4.575,-0.6738,0.002218,0.0004778,0.0004778,0.4778,0.0004774,0.0004774,0.4902
40.930233,-4.595,-0.6152,0.002399,0.0004732,0.0004732,0.4732,0.0004725,0.0004725,0.4902
40.940235,-4.575,-0.5371,0.002563,0.0002879,0.0002879,0.2879,0.0002869,0.0002869,0.2941
40.950233,-4.57,-0.4883,0.002682,-7.37e-06,-7.37e-06,-0.00737,-8.547e-06,-8.547e-06,0.01961
40.960236,-4.551,-0.415,0.002717,-0.0002999,-0.0002999,-0.2999,-0.0003016,-0.0003016,-0.2941
40.970234,-4.536,-0.376,0.002714,-0.0004778,-0.0004778,-0.4778,-0.0004799,-0.0004799,-0.451
40.980232,-4.521,-0.3369,0.002682,-0.0004732,-0.0004732,-0.4732,-0.000475,-0.000475,-0.451
40.990234,-4.482,-0.2881,0.002668,-0.0002879,-0.0002879,-0.2879,-0.0002894,-0.0002894,-0.2549
41.000233,-4.438,-0.2295,0.002671,7.346e-06,7.346e-06,0.007346,6.105e-06,6.105e-06,0.01961
41.010235,-4.36,-0.1758,0.002741,0.0002999,0.0002999,0.2999,0.0002991,0.0002991,0.3333
41.020233,-4.272,-0.08789,0.002825,0.0004778,0.0004778,0.4778,0.0004774,0.0004774,0.4902
41.030235,-4.165,0.0,0.002919,0.0004732,0.0004732,0.4732,0.0004725,0.0004725,0.4902
41.040234,-4.043,0.09766,0.00298,0.0002879,0.0002879,0.2879,0.0002869,0.0002869,0.2941
41.050236,-3.931,0.1807,0.002971,-7.442e-06,-7.442e-06,-0.007442,-8.547e-06,-8.547e-06,0.01961
41.060234,-3.809,0.2637,0.002907,-0.0002998,-0.0002998,-0.2998,-0.0003016,-0.0003016,-0.2941
41.070232,-3.691,0.3223,0.00279,-0.0004777,-0.0004777,-0.4777,-0.0004799,-0.0004799,-0.451
41.080235,-3.584,0.3711,0.002644,-0.0004732,-0.0004732,-0.4732,-0.000475,-0.000475,-0.451
41.090233,-3.452,0.4248,0.002501,-0.0002879,-0.0002879,-0.2879,-0.0002894,-0.0002894,-0.2549
41.100231,-3.32,0.459,0.002411,7.298e-06,7.298e-06,0.007298,6.105e-06,6.105e-06,0.01961
41.110237,-3.169,0.5127,0.002364,0.0002999,0.0002999,0.2999,0.0002991,0.0002991,0.3333
41.120235,-3.008,0.5811,0.002352,0.0004778,0.0004778,0.4778,0.0004774,0.0004774,0.4902
41.130234,-2.852,0.6641,0.002332,0.0004732,0.0004732,0.4732,0.0004725,0.0004725,0.4902
41.140236,-2.69,0.7373,0.002285,0.0002878,0.0002878,0.2878,0.0002869,0.0002869,0.2941
41.150234,-2.534,0.791,0.002177,-7.394e-06,-7.394e-06,-0.007394,-8.547e-06,-8.547e-06,0.01961
41.160233,-2.383,0.8398,0.002023,-0.0002998,-0.0002998,-0.2998,-0.0003016,-0.0003016,-0.2941
41.170235,-2.251,0.8594,0.001812,-0.0004778,-0.0004778,-0.4778,-0.0004799,-0.0004799,-0.451
41.180233,-2.129,0.8594,0.001591,-0.0004732,-0.0004732,-0.4732,-0.000475,-0.000475,-0.451
41.190235,-2.007,0.8643,0.001392,-0.0002879,-0.0002879,-0.2879,-0.0002894,-0.0002894,-0.2549
41.200233,-1.885,0.8594,0.00122,7.37e-06,7.37e-06,0.00737,6.105e-06,6.105e-06,0.01961
41.210236,-1.772,0.8643,0.001115,0.0002999,0.0002999,0.2999,0.0002991,0.0002991,0.3333
41.220234,-1.65,0.8838,0.001048,0.0004778,0.0004778,0.4778,0.0004774,0.0004774,0.4902
41.230232,-1.533,0.9033,0.0009952,0.0004732,0.0004732,0.4732,0.0004725,0.0004725,0.4902
41.240234,-1.387,0.9229,0.0009135,0.0002879,0.0002879,0.2879,0.0002869,0.0002869,0.2941
41.250233,-1.255,0.918,0.0007909,-7.346e-06,-7.346e-06,-0.007346,-8.547e-06,-8.547e-06,0.01961
41.260235,-1.123,0.9082,0.0006129,-0.0002999,-0.0002999,-0.2999,-0.0003016,-0.0003016,-0.2941
41.270233,-0.9961,0.8594,0.0004174,-0.0004778,-0.0004778,-0.4778,-0.0004799,-0.0004799,-0.451
41.280235,-0.8887,0.8057,0.0002043,-0.0004732,-0.0004732,-0.4732,-0.000475,-0.000475,-0.451
41.290234,-0.7715,0.752,1.459e-05,-0.0002879,-0.0002879,-0.2879,-0.0002894,-0.0002894,-0.2549
41.300232,-0.6592,0.7031,-0.0001284,7.322e-06,7.322e-06,0.007322,6.105e-06,6.105e-06,0.01961
41.310234,-0.542,0.6641,-0.0001985,0.0002998,0.0002998,0.2998,0.0002991,0.0002991,0.3333
41.320236,-0.4053,0.6299,-0.0002277,0.0004778,0.0004778,0.4778,0.0004774,0.0004774,0.4902
41.330235,-0.2686,0.625,-0.0002481,0.0004732,0.0004732,0.4732,0.0004725,0.0004725,0.4902
41.340233,-0.127,0.6104,-0.0002714,0.0002879,0.0002879,0.2879,0.0002869,0.0002869,0.2941
41.350235,0.0,0.5664,-0.000321,-7.418e-06,-7.418e-06,-0.007418,-8.547e-06,-8.547e-06,0.01961
41.360233,0.1221,0.5322,-0.0004407,-0.0002998,-0.0002998,-0.2998,-0.0003016,-0.0003016,-0.2941
41.370232,0.2197,0.459,-0.000572,-0.0004777,-0.0004777,-0.4777,-0.0004799,-0.0004799,-0.451
41.380234,0.2979,0.4004,-0.0007238,-0.0004732,-0.0004732,-0.4732,-0.000475,-0.000475,-0.451
41.390232,0.376,0.332,-0.0008406,-0.0002879,-0.0002879,-0.2879,-0.0002894,-0.0002894,-0.2549
41.400234,0.4492,0.2783,-0.0009106,7.394e-06,7.394e-06,0.007394,6.105e-06,6.105e-06,0.01961
41.410233,0.542,0.2344,-0.0009135,0.0002998,0.0002998,0.2998,0.0002991,0.0002991,0.3333
41.420235,0.6348,0.1953,-0.0008639,0.0004778,0.0004778,0.4778,0.0004774,0.0004774,0.4902
41.430233,0.7227,0.1758,-0.0007968,0.0004732,0.0004732,0.4732,0.0004725,0.0004725,0.4902
41.440235,0.8203,0.1709,-0.0007559,0.0002879,0.0002879,0.2879,0.0002869,0.0002869,0.2941
41.450233,0.8887,0.1318,-0.0007413,-7.37e-06,-7.37e-06,-0.00737,-8.547e-06,-8.547e-06,0.01961
41.460236,0.957,0.1123,-0.0007851,-0.0002999,-0.0002999,-0.2999,-0.0003016,-0.0003016,-0.2941
41.470234,0.9961,0.06836,-0.000861,-0.0004778,-0.0004778,-0.4778,-0.0004799,-0.0004799,-0.451
41.480232,1.025,0.01953,-0.0009515,-0.0004732,-0.0004732,-0.4732,-0.000475,-0.000475,-0.451
41.490234,1.064,-0.0293,-0.001001,-0.0002879,-0.0002879,-0.2879,-0.0002894,-0.0002894,-0.2549
41.500233,1.094,-0.08301,-0.00101,7.346e-06,7.346e-06,0.007346,6.105e-06,6.105e-06,0.01961
41.510235,1.138,-0.1074,-0.0009485,0.0002999,0.0002999,0.2999,0.0002991,0.0002991,0.3333
41.520233,1.177,-0.1074,-0.0008639,0.0004778,0.0004778,0.4778,0.0004774,0.0004774,0.4902
41.530235,1.221,-0.1025,-0.0007501,0.0004732,0.0004732,0.4732,0.0004725,0.0004725,0.4902
41.540234,1.279,-0.09277,-0.0006538,0.0002879,0.0002879,0.2879,0.0002869,0.0002869,0.2941
41.550236,1.318,-0.07812,-0.0006275,-7.442e-06,-7.442e-06,-0.007442,-8.547e-06,-8.547e-06,0.01961
41.560234,1.377,-0.08789,-0.0006217,-0.0002998,-0.0002998,-0.2998,-0.0003016,-0.0003016,-0.2941
41.570236,1.396,-0.1123,-0.0006684,-0.0004778,-0.0004778,-0.4778,-0.0004799,-0.0004799,-0.451
41.580235,1.421,-0.1318,-0.0007296,-0.0004732,-0.0004732,-0.4732,-0.000475,-0.000475,-0.451
41.590233,1.45,-0.1562,-0.0007676,-0.0002879,-0.0002879,-0.2879,-0.0002894,-0.0002894,-0.2549
41.600235,1.475,-0.1758,-0.0007588,7.418e-06,7.418e-06,0.007418,6.105e-06,6.105e-06,0.01961
41.610233,1.519,-0.1611,-0.0006946,0.0002998,0.0002998,0.2998,0.0002991,0.0002991,0.3333
41.620235,1.577,-0.1416,-0.0005954,0.0004778,0.0004778,0.4778,0.0004774,0.0004774,0.4902
41.630234,1.636,-0.09277,-0.0004962,0.0004732,0.0004732,0.4732,0.0004725,0.0004725,0.4902
41.640232,1.729,-0.04883,-0.0004144,0.0002879,0.0002879,0.2879,0.0002869,0.0002869,0.2941
41.650234,1.812,-0.01953,-0.0003794,-7.394e-06,-7.394e-06,-0.007394,-8.547e-06,-8.547e-06,0.01961
41.660233,1.919,-0.009766,-0.0003853,-0.0002998,-0.0002998,-0.2998,-0.0003016,-0.0003016,-0.2941
41.670235,1.992,0.004883,-0.0004582,-0.0004778,-0.0004778,-0.4778,-0.0004799,-0.0004799,-0.451
41.680233,2.061,0.009766,-0.0005429,-0.0004732,-0.0004732,-0.4732,-0.000475,-0.000475,-0.451
41.690235,2.124,0.01465,-0.0006041,-0.0002879,-0.0002879,-0.2879,-0.0002894,-0.0002894,-0.2549
41.700233,2.183,0.02441,-0.0006304,7.371e-06,7.371e-06,0.007371,6.105e-06,6.105e-06,0.01961
41.710236,2.266,0.05371,-0.0005983,0.0002999,0.0002999,0.2999,0.0002991,0.0002991,0.3333
41.720234,2.368,0.1025,-0.0005458,0.0004778,0.0004778,0.4778,0.0004774,0.0004774,0.4902
41.730232,2.471,0.1611,-0.0004728,0.0004732,0.0004732,0.4732,0.0004725,0.0004725,0.4902
41.740234,2.588,0.21,-0.0004261,0.0002879,0.0002879,0.2879,0.0002869,0.0002869,0.2941
41.750233,2.69,0.2393,-0.000429,-7.347e-06,-7.347e-06,-0.007347,-8.547e-06,-8.547e-06,0.01961
41.760235,2.783,0.2637,-0.0004845,-0.0002999,-0.0002999,-0.2999,-0.0003016,-0.0003016,-0.2941
41.770233,2.847,0.2979,-0.0006158,-0.0004778,-0.0004778,-0.4778,-0.0004799,-0.0004799,-0.451
41.780235,2.92,0.3076,-0.0007618,-0.0004732,-0.0004732,-0.4732,-0.000475,-0.000475,-0.451
41.790234,2.988,0.3174,-0.0008639,-0.0002879,-0.0002879,-0.2879,-0.0002894,-0.0002894,-0.2549
41.800236,3.062,0.3174,-0.000934,7.443e-06,7.443e-06,0.007443,6.105e-06,6.105e-06,0.01961
41.810234,3.145,0.3564,-0.0009631,0.0002998,0.0002998,0.2998,0.0002991,0.0002991,0.3333
41.820236,3.232,0.376,-0.0009398,0.0004778,0.0004778,0.4778,0.0004774,0.0004774,0.4902
41.830235,3.34,0.415,-0.0009135,0.0004732,0.0004732,0.4732,0.0004725,0.0004725,0.4902
41.840233,3.442,0.459,-0.0009135,0.0002879,0.0002879,0.2879,0.0002869,0.0002869,0.2941
41.850235,3.535,0.4688,-0.0009485,-7.419e-06,-7.419e-06,-0.007419,-8.547e-06,-8.547e-06,0.01961
41.860233,3.604,0.5078,-0.001074,-0.0002998,-0.0002998,-0.2998,-0.0003016,-0.0003016,-0.2941
41.870235,3.657,0.4932,-0.001208,-0.0004778,-0.0004778,-0.4778,-0.0004799,-0.0004799,-0.451
41.880234,3.711,0.4834,-0.001375,-0.0004732,-0.0004732,-0.4732,-0.000475,-0.000475,-0.451
41.890232,3.76,0.4785,-0.001518,-0.0002879,-0.0002879,-0.2879,-0.0002894,-0.0002894,-0.2549
41.900234,3.809,0.4395,-0.001599,7.395e-06,7.395e-06,0.007395,6.105e-06,6.105e-06,0.01961
41.910233,3.862,0.4492,-0.001643,0.0002998,0.0002998,0.2998,0.0002991,0.0002991,0.3333
41.920235,3.921,0.4395,-0.001637,0.0004778,0.0004778,0.4778,0.0004774,0.0004774,0.4902
41.930233,3.965,0.4492,-0.001617,0.0004732,0.0004732,0.4732,0.0004725,0.0004725,0.4902
41.940231,4.033,0.4639,-0.00162,0.000288,0.000288,0.288,0.0002869,0.0002869,0.2941
41.950233,4.058,0.4541,-0.001649,-7.371e-06,-7.371e-06,-0.007371,-8.547e-06,-8.547e-06,0.01961
41.960236,4.082,0.4541,-0.001757,-0.0002999,-0.0002999,-0.2999,-0.0003016,-0.0003016,-0.2941
41.970234,4.092,0.415,-0.001894,-0.0004778,-0.0004778,-0.4778,-0.0004799,-0.0004799,-0.451
41.980232,4.082,0.3711,-0.002031,-0.0004732,-0.0004732,-0.4732,-0.000475,-0.000475,-0.451
41.990234,4.072,0.3271,-0.002154,-0.0002879,-0.0002879,-0.2879,-0.0002894,-0.0002894,-0.2549
42.000233,4.058,0.2832,-0.002221,7.347e-06,7.347e-06,0.007347,6.105e-06,6.105e-06,0.01961
42.010235,4.058,0.2441,-0.002218,0.0002999,0.0002999,0.2999,0.0002991,0.0002991,0.3333
42.020233,4.043,0.2197,-0.002177,0.0004778,0.0004778,0.4778,0.0004774,0.0004774,0.4902
42.030235,4.038,0.21,-0.002128,0.0004732,0.0004732,0.4732,0.0004725,0.0004725,0.4902
42.040234,4.019,0.2051,-0.002084,0.0002879,0.0002879,0.2879,0.0002869,0.0002869,0.2941
42.050232,3.999,0.1758,-0.002078,-7.323e-06,-7.323e-06,-0.007323,-8.547e-06,-8.547e-06,0.01961
42.060234,3.955,0.1465,-0.002128,-0.0002998,-0.0002998,-0.2998,-0.0003016,-0.0003016,-0.2941
42.070236,3.892,0.08789,-0.002201,-0.0004778,-0.0004778,-0.4778,-0.0004799,-0.0004799,-0.451
42.080235,3.833,0.01953,-0.002282,-0.0004732,-0.0004732,-0.4732,-0.000475,-0.000475,-0.451
42.090233,3.77,-0.03906,-0.002341,-0.0002879,-0.0002879,-0.2879,-0.0002894,-0.0002894,-0.2549
42.100235,3.677,-0.09766,-0.002344,7.419e-06,7.419e-06,0.007419,6.105e-06,6.105e-06,0.01961
42.110233,3.613,-0.127,-0.002297,0.0002998,0.0002998,0.2998,0.0002991,0.0002991,0.3333
42.120235,3.55,-0.166,-0.002186,0.0004778,0.0004778,0.4778,0.0004774,0.0004774,0.4902
42.130234,3.496,-0.1709,-0.002072,0.0004732,0.0004732,0.4732,0.0004725,0.0004725,0.4902
42.140232,3.442,-0.1855,-0.001967,0.0002879,0.0002879,0.2879,0.0002869,0.0002869,0.2941
42.150234,3.369,-0.2002,-0.001906,-7.395e-06,-7.395e-06,-0.007395,-8.547e-06,-8.547e-06,0.01961
42.160233,3.306,-0.2344,-0.001888,-0.0002998,-0.0002998,-0.2998,-0.0003016,-0.0003016,-0.2941
42.170235,3.208,-0.2783,-0.001909,-0.0004778,-0.0004778,-0.4778,-0.0004799,-0.0004799,-0.451
42.180233,3.11,-0.332,-0.001935,-0.0004732,-0.0004732,-0.4732,-0.000475,-0.000475,-0.451
42.190235,3.013,-0.3613,-0.001958,-0.0002879,-0.0002879,-0.2879,-0.0002894,-0.0002894,-0.2549
42.200233,2.905,-0.4199,-0.001894,7.371e-06,7.371e-06,0.007371,6.105e-06,6.105e-06,0.01961
42.210236,2.837,-0.4297,-0.001795,0.0002999,0.0002999,0.2999,0.0002991,0.0002991,0.3333
42.220234,2.764,-0.4395,-0.001643,0.0004778,0.0004778,0.4778,0.0004774,0.0004774,0.4902
42.230232,2.72,-0.4297,-0.001483,0.0004732,0.0004732,0.4732,0.0004725,0.0004725,0.4902
42.240234,2.666,-0.415,-0.001343,0.0002879,0.0002879,0.2879,0.0002869,0.0002869,0.2941
42.250233,2.607,-0.4199,-0.00124,-7.347e-06,-7.347e-06,-0.007347,-8.547e-06,-8.547e-06,0.01961
42.260235,2.549,-0.4199,-0.001194,-0.0002999,-0.0002999,-0.2999,-0.0003016,-0.0003016,-0.2941
42.270233,2.471,-0.4297,-0.0012,-0.0004778,-0.0004778,-0.4778,-0.0004799,-0.0004799,-0.451
42.280235,2.402,-0.4443,-0.0012,-0.0004732,-0.0004732,-0.4732,-0.000475,-0.000475,-0.451
42.290234,2.339,-0.4492,-0.001202,-0.0002879,-0.0002879,-0.2879,-0.0002894,-0.0002894,-0.2549
42.300236,2.285,-0.4639,-0.001144,7.443e-06,7.443e-06,0.007443,6.105e-06,6.105e-06,0.01961
42.310234,2.251,-0.4443,-0.001039,0.0002998,0.0002998,0.2998,0.0002991,0.0002991,0.3333
42.320232,2.231,-0.4248,-0.0008931,0.0004777,0.0004777,0.4777,0.0004774,0.0004774,0.4902
42.330235,2.222,-0.376,-0.0007384,0.0004732,0.0004732,0.4732,0.0004725,0.0004725,0.4902
42.340233,2.227,-0.3418,-0.0005983,0.0002879,0.0002879,0.2879,0.0002869,0.0002869,0.2941
42.350235,2.217,-0.2979,-0.0005224,-7.419e-06,-7.419e-06,-0.007419,-8.547e-06,-8.547e-06,0.01961
42.360233,2.217,-0.2539,-0.0005195,-0.0002998,-0.0002998,-0.2998,-0.0003016,-0.0003016,-0.2941
42.370235,2.202,-0.2393,-0.0005399,-0.0004778,-0.0004778,-0.4778,-0.0004799,-0.0004799,-0.451
42.380234,2.217,-0.2246,-0.0005808,-0.0004732,-0.0004732,-0.4732,-0.000475,-0.000475,-0.451
42.390232,2.222,-0.21,-0.00061,-0.0002879,-0.0002879,-0.2879,-0.0002894,-0.0002894,-0.2549
42.400234,2.236,-0.1904,-0.0006012,7.395e-06,7.395e-06,0.007395,6.105e-06,6.105e-06,0.01961
42.410236,2.285,-0.1465,-0.0005487,0.0002999,0.0002999,0.2999,0.0002991,0.0002991,0.3333
42.420235,2.319,-0.1074,-0.0004436,0.0004778,0.0004778,0.4778,0.0004774,0.0004774,0.4902
42.430233,2.393,-0.05371,-0.0003356,0.0004732,0.0004732,0.4732,0.0004725,0.0004725,0.4902
42.440231,2.456,0.02441,-0.0002656,0.000288,0.000288,0.288,0.0002869,0.0002869,0.2941
42.450233,2.524,0.06836,-0.0002481,-7.371e-06,-7.371e-06,-0.007371,-8.547e-06,-8.547e-06,0.01961
42.460232,2.598,0.1318,-0.0002977,-0.0002998,-0.0002998,-0.2998,-0.0003016,-0.0003016,-0.2941
42.470234,2.651,0.1562,-0.0003911,-0.0004778,-0.0004778,-0.4778,-0.0004799,-0.0004799,-0.451
42.480236,2.72,0.1807,-0.0005049,-0.0004732,-0.0004732,-0.4732,-0.000475,-0.000475,-0.451
42.490234,2.778,0.2002,-0.0006041,-0.0002879,-0.0002879,-0.2879,-0.0002894,-0.0002894,-0.2549
42.500233,2.856,0.21,-0.000645,7.347e-06,7.347e-06,0.007347,6.105e-06,6.105e-06,0.01961
42.510235,2.949,0.249,-0.0006538,0.0002999,0.0002999,0.2999,0.0002991,0.0002991,0.3333
42.520233,3.037,0.3027,-0.0006363,0.0004778,0.0004778,0.4778,0.0004774,0.0004774,0.4902
42.530235,3.149,0.3613,-0.0006012,0.0004732,0.0004732,0.4732,0.0004725,0.0004725,0.4902
42.540234,3.247,0.4248,-0.0006012,0.0002879,0.0002879,0.2879,0.0002869,0.0002869,0.2941
42.550232,3.335,0.459,-0.0006363,-7.323e-06,-7.323e-06,-0.007323,-8.547e-06,-8.547e-06,0.01961
42.560234,3.452,0.498,-0.0007442,-0.0002998,-0.0002998,-0.2998,-0.0003016,-0.0003016,-0.2941
42.570232,3.506,0.5029,-0.000896,-0.0004777,-0.0004777,-0.4777,-0.0004799,-0.0004799,-0.451
42.580235,3.564,0.5127,-0.001065,-0.0004732,-0.0004732,-0.4732,-0.000475,-0.000475,-0.451
42.590233,3.647,0.498,-0.001205,-0.0002879,-0.0002879,-0.2879,-0.0002894,-0.0002894,-0.2549
42.600235,3.711,0.498,-0.001313,7.419e-06,7.419e-06,0.007419,6.105e-06,6.105e-06,0.01961
42.610233,3.804,0.5078,-0.001351,0.0002998,0.0002998,0.2998,0.0002991,0.0002991,0.3333
42.620235,3.867,0.5371,-0.00138,0.0004778,0.0004778,0.4778,0.0004774,0.0004774,0.4902
42.630234,3.96,0.5713,-0.00138,0.0004732,0.0004732,0.4732,0.0004725,0.0004725,0.4902
42.640232,4.038,0.5811,-0.001389,0.0002879,0.0002879,0.2879,0.0002869,0.0002869,0.2941
42.650234,4.106,0.5811,-0.001453,-7.395e-06,-7.395e-06,-0.007395,-8.547e-06,-8.547e-06,0.01961
42.660233,4.16,0.5908,-0.001582,-0.0002998,-0.0002998,-0.2998,-0.0003016,-0.0003016,-0.2941
42.670235,4.194,0.5664,-0.001742,-0.0004778,-0.0004778,-0.4778,-0.0004799,-0.0004799,-0.451
42.680233,4.229,0.5225,-0.001897,-0.0004732,-0.0004732,-0.4732,-0.000475,-0.000475,-0.451
42.690235,4.229,0.4785,-0.002037,-0.0002879,-0.0002879,-0.2879,-0.0002894,-0.0002894,-0.2549
42.700233,4.243,0.4346,-0.002128,7.371e-06,7.371e-06,0.007371,6.105e-06,6.105e-06,0.01961
42.710232,4.268,0.4248,-0.002177,0.0002998,0.0002998,0.2998,0.0002991,0.0002991,0.3333
42.720234,4.282,0.4004,-0.002166,0.0004778,0.0004778,0.4778,0.0004774,0.0004774,0.4902
42.730232,4.302,0.3857,-0.002125,0.0004732,0.0004732,0.4732,0.0004725,0.0004725,0.4902
42.740234,4.307,0.376,-0.002113,0.0002879,0.0002879,0.2879,0.0002869,0.0002869,0.2941
42.750233,4.297,0.3516,-0.002145,-7.347e-06,-7.347e-06,-0.007347,-8.547e-06,-8.547e-06,0.01961
42.760235,4.282,0.3174,-0.00223,-0.0002999,-0.0002999,-0.2999,-0.0003016,-0.0003016,-0.2941
42.770233,4.224,0.2637,-0.002332,-0.0004778,-0.0004778,-0.4778,-0.0004799,-0.0004799,-0.451
42.780235,4.185,0.1953,-0.002434,-0.0004732,-0.0004732,-0.4732,-0.000475,-0.000475,-0.451
42.790234,4.121,0.1416,-0.002533,-0.0002879,-0.0002879,-0.2879,-0.0002894,-0.0002894,-0.2549
42.800236,4.058,0.05859,-0.002548,7.443e-06,7.443e-06,0.007443,6.105e-06,6.105e-06,0.01961
42.810234,4.004,0.01465,-0.002519,0.0002998,0.0002998,0.2998,0.0002991,0.0002991,0.3333
42.820236,3.94,-0.0293,-0.002443,0.0004778,0.0004778,0.4778,0.0004774,0.0004774,0.4902
42.830235,3.887,-0.04395,-0.002341,0.0004732,0.0004732,0.4732,0.0004725,0.0004725,0.4902
42.840233,3.823,-0.06836,-0.002265,0.0002879,0.0002879,0.2879,0.0002869,0.0002869,0.2941
42.850235,3.75,-0.1025,-0.002212,-7.419e-06,-7.419e-06,-0.007419,-8.547e-06,-8.547e-06,0.01961
42.860233,3.662,-0.127,-0.002233,-0.0002998,-0.0002998,-0.2998,-0.0003016,-0.0003016,-0.2941
42.870232,3.55,-0.2051,-0.002247,-0.0004777,-0.0004777,-0.4777,-0.0004799,-0.0004799,-0.451
42.880234,3.457,-0.2588,-0.002291,-0.0004732,-0.0004732,-0.4732,-0.000475,-0.000475,-0.451
42.890236,3.354,-0.3223,-0.002303,-0.0002878,-0.0002878,-0.2878,-0.0002894,-0.0002894,-0.2549
42.900234,3.247,-0.3809,-0.002262,7.396e-06,7.396e-06,0.007396,6.105e-06,6.105e-06,0.01961
42.910236,3.159,-0.4199,-0.002154,0.0002999,0.0002999,0.2999,0.0002991,0.0002991,0.3333
42.920235,3.042,-0.4346,-0.002014,0.0004778,0.0004778,0.4778,0.0004774,0.0004774,0.4902
42.930233,2.964,-0.4395,-0.00185,0.0004732,0.0004732,0.4732,0.0004725,0.0004725,0.4902
42.940235,2.886,-0.4492,-0.001702,0.0002879,0.0002879,0.2879,0.0002869,0.0002869,0.2941
42.950233,2.803,-0.4688,-0.001594,-7.372e-06,-7.372e-06,-0.007372,-8.547e-06,-8.547e-06,0.01961
42.960232,2.715,-0.4541,-0.001559,-0.0002998,-0.0002998,-0.2998,-0.0003016,-0.0003016,-0.2941
42.970234,2.617,-0.5078,-0.001532,-0.0004778,-0.0004778,-0.4778,-0.0004799,-0.0004799,-0.451
42.980232,2.515,-0.5371,-0.001521,-0.0004732,-0.0004732,-0.4732,-0.000475,-0.000475,-0.451
42.990234,2.422,-0.5713,-0.001488,-0.0002879,-0.0002879,-0.2879,-0.0002894,-0.0002894,-0.2549
43.000233,2.334,-0.5957,-0.001404,7.348e-06,7.348e-06,0.007348,6.105e-06,6.105e-06,0.01961
43.010231,2.275,-0.5957,-0.001275,0.0002998,0.0002998,0.2998,0.0002991,0.0002991,0.3333
43.020233,2.207,-0.5762,-0.001112,0.0004778,0.0004778,0.4778,0.0004774,0.0004774,0.4902
43.030231,2.173,-0.5322,-0.0009485,0.0004732,0.0004732,0.4732,0.0004725,0.0004725,0.4902
43.040234,2.134,-0.498,-0.0007851,0.0002879,0.0002879,0.2879,0.0002869,0.0002869,0.2941
43.050236,2.104,-0.4736,-0.0006742,-7.444e-06,-7.444e-06,-0.007444,-8.547e-06,-8.547e-06,0.01961
43.060234,2.075,-0.4443,-0.0006304,-0.0002998,-0.0002998,-0.2998,-0.0003016,-0.0003016,-0.2941
43.070232,2.026,-0.4395,-0.0006187,-0.0004777,-0.0004777,-0.4777,-0.0004799,-0.0004799,-0.451
43.080235,2.007,-0.4199,-0.0006392,-0.0004732,-0.0004732,-0.4732,-0.000475,-0.000475,-0.451
43.090233,1.982,-0.4199,-0.0006304,-0.0002879,-0.0002879,-0.2879,-0.0002894,-0.0002894,-0.2549
43.100235,1.963,-0.3906,-0.0005896,7.42e-06,7.42e-06,0.00742,6.105e-06,6.105e-06,0.01961
43.110233,1.978,-0.3418,-0.0005108,0.0002998,0.0002998,0.2998,0.0002991,0.0002991,0.3333
43.120232,1.987,-0.2979,-0.0003765,0.0004777,0.0004777,0.4777,0.0004774,0.0004774,0.4902
43.130234,2.056,-0.2393,-0.0002393,0.0004732,0.0004732,0.4732,0.0004725,0.0004725,0.4902
43.140232,2.109,-0.1709,-0.0001401,0.0002879,0.0002879,0.2879,0.0002869,0.0002869,0.2941
43.150234,2.153,-0.1123,-8.756e-05,-7.396e-06,-7.396e-06,-0.007396,-8.547e-06,-8.547e-06,0.01961
43.160236,2.212,-0.06836,-8.756e-05,-0.0002999,-0.0002999,-0.2999,-0.0003016,-0.0003016,-0.2941
43.170235,2.256,-0.0293,-0.0001547,-0.0004778,-0.0004778,-0.4778,-0.0004799,-0.0004799,-0.451
43.180233,2.305,0.009766,-0.0002452,-0.0004732,-0.0004732,-0.4732,-0.000475,-0.000475,-0.451
43.190235,2.358,0.03418,-0.000321,-0.0002879,-0.0002879,-0.2879,-0.0002894,-0.0002894,-0.2549
43.200233,2.432,0.07324,-0.0003532,7.372e-06,7.372e-06,0.007372,6.105e-06,6.105e-06,0.01961
43.210236,2.52,0.1318,-0.0003386,0.0002999,0.0002999,0.2999,0.0002991,0.0002991,0.3333
43.220234,2.617,0.1758,-0.000286,0.0004778,0.0004778,0.4778,0.0004774,0.0004774,0.4902
43.230232,2.729,0.2637,-0.0002393,0.0004732,0.0004732,0.4732,0.0004725,0.0004725,0.4902
43.240234,2.852,0.3271,-0.000216,0.0002879,0.0002879,0.2879,0.0002869,0.0002869,0.2941
43.250233,2.959,0.3955,-0.0002598,-7.348e-06,-7.348e-06,-0.007348,-8.547e-06,-8.547e-06,0.01961
43.260235,3.076,0.4346,-0.0003444,-0.0002999,-0.0002999,-0.2999,-0.0003016,-0.0003016,-0.2941
43.270233,3.154,0.4785,-0.0005078,-0.0004778,-0.0004778,-0.4778,-0.0004799,-0.0004799,-0.451
43.280235,3.262,0.498,-0.0006684,-0.0004732,-0.0004732,-0.4732,-0.000475,-0.000475,-0.451
43.290234,3.34,0.5029,-0.0008114,-0.0002879,-0.0002879,-0.2879,-0.0002894,-0.0002894,-0.2549
43.300236,3.442,0.5127,-0.0009106,7.444e-06,7.444e-06,0.007444,6.105e-06,6.105e-06,0.01961
43.310234,3.545,0.5518,-0.000969,0.0002998,0.0002998,0.2998,0.0002991,0.0002991,0.3333
43.320232,3.643,0.5811,-0.0009894,0.0004777,0.0004777,0.4777,0.0004774,0.0004774,0.4902
43.330235,3.784,0.6299,-0.0009982,0.0004732,0.0004732,0.4732,0.0004725,0.0004725,0.4902
43.340233,3.896,0.6689,-0.001036,0.0002879,0.0002879,0.2879,0.0002869,0.0002869,0.2941
43.350235,4.009,0.6934,-0.001118,-7.42e-06,-7.42e-06,-0.00742,-8.547e-06,-8.547e-06,0.01961
43.360233,4.102,0.7031,-0.001255,-0.0002998,-0.0002998,-0.2998,-0.0003016,-0.0003016,-0.2941
43.370235,4.136,0.7031,-0.001445,-0.0004778,-0.0004778,-0.4778,-0.0004799,-0.0004799,-0.451
43.380234,4.214,0.6738,-0.001629,-0.0004732,-0.0004732,-0.4732,-0.000475,-0.000475,-0.451
43.390236,4.272,0.6348,-0.001789,-0.0002878,-0.0002878,-0.2878,-0.0002894,-0.0002894,-0.2549
43.400234,4.312,0.6104,-0.001912,7.396e-06,7.396e-06,0.007396,6.105e-06,6.105e-06,0.01961
43.410236,4.37,0.6104,-0.001985,0.0002999,0.0002999,0.2999,0.0002991,0.0002991,0.3333
43.420235,4.434,0.5762,-0.001988,0.0004778,0.0004778,0.4778,0.0004774,0.0004774,0.4902
43.430233,4.473,0.5957,-0.002005,0.0004732,0.0004732,0.4732,0.0004725,0.0004725,0.4902
43.440235,4.521,0.5859,-0.002026,0.0002879,0.0002879,0.2879,0.0002869,0.0002869,0.2941
43.450233,4.551,0.5664,-0.00209,-7.372e-06,-7.372e-06,-0.007372,-8.547e-06,-8.547e-06,0.01961
43.460236,4.57,0.5371,-0.002198,-0.0002999,-0.0002999,-0.2999,-0.0003016,-0.0003016,-0.2941
43.470234,4.541,0.4785,-0.002338,-0.0004778,-0.0004778,-0.4778,-0.0004799,-0.0004799,-0.451
43.480232,4.521,0.4102,-0.002487,-0.0004732,-0.0004732,-0.4732,-0.000475,-0.000475,-0.451
43.490234,4.482,0.3418,-0.002606,-0.0002879,-0.0002879,-0.2879,-0.0002894,-0.0002894,-0.2549
43.500233,4.438,0.2832,-0.002676,7.348e-06,7.348e-06,0.007348,6.105e-06,6.105e-06,0.01961
43.510235,4.39,0.2344,-0.002685,0.0002999,0.0002999,0.2999,0.0002991,0.0002991,0.3333
43.520233,4.346,0.1904,-0.002644,0.0004778,0.0004778,0.4778,0.0004774,0.0004774,0.4902
43.530235,4.326,0.1611,-0.002568,0.0004732,0.0004732,0.4732,0.0004725,0.0004725,0.4902
43.540234,4.268,0.1221,-0.002513,0.0002879,0.0002879,0.2879,0.0002869,0.0002869,0.2941
43.550232,4.224,0.07812,-0.002495,-7.324e-06,-7.324e-06,-0.007324,-8.547e-06,-8.547e-06,0.01961
43.560234,4.141,0.0293,-0.002525,-0.0002998,-0.0002998,-0.2998,-0.0003016,-0.0003016,-0.2941
43.570232,4.033,-0.04395,-0.002586,-0.0004777,-0.0004777,-0.4777,-0.0004799,-0.0004799,-0.451
43.580235,3.916,-0.127,-0.002638,-0.0004732,-0.0004732,-0.4732,-0.000475,-0.000475,-0.451
43.590233,3.794,-0.2002,-0.002679,-0.0002879,-0.0002879,-0.2879,-0.0002894,-0.0002894,-0.2549
43.600235,3.672,-0.2539,-0.002665,7.42e-06,7.42e-06,0.00742,6.105e-06,6.105e-06,0.01961
43.610233,3.579,-0.3174,-0.002568,0.0002998,0.0002998,0.2998,0.0002991,0.0002991,0.3333
43.620235,3.472,-0.3564,-0.002446,0.0004778,0.0004778,0.4778,0.0004774,0.0004774,0.4902
43.630234,3.374,-0.3809,-0.002285,0.0004732,0.0004732,0.4732,0.0004725,0.0004725,0.4902
43.640232,3.271,-0.415,-0.002136,0.0002879,0.0002879,0.2879,0.0002869,0.0002869,0.2941
43.650234,3.169,-0.4541,-0.002028,-7.396e-06,-7.396e-06,-0.007396,-8.547e-06,-8.547e-06,0.01961
43.660233,3.062,-0.4834,-0.001976,-0.0002998,-0.0002998,-0.2998,-0.0003016,-0.0003016,-0.2941
43.670235,2.9,-0.5273,-0.001961,-0.0004778,-0.0004778,-0.4778,-0.0004799,-0.0004799,-0.451
43.680233,2.773,-0.5713,-0.001953,-0.0004732,-0.0004732,-0.4732,-0.000475,-0.000475,-0.451
43.690235,2.637,-0.6299,-0.001918,-0.0002879,-0.0002879,-0.2879,-0.0002894,-0.0002894,-0.2549
43.700233,2.529,-0.6592,-0.001833,7.372e-06,7.372e-06,0.007372,6.105e-06,6.105e-06,0.01961
43.710236,2.432,-0.6787,-0.001687,0.0002999,0.0002999,0.2999,0.0002991,0.0002991,0.3333
43.720234,2.339,-0.6885,-0.0015,0.0004778,0.0004778,0.4778,0.0004774,0.0004774,0.4902
43.730236,2.266,-0.6738,-0.001293,0.0004732,0.0004732,0.4732,0.0004725,0.0004725,0.4902
43.740234,2.178,-0.6445,-0.001118,0.0002879,0.0002879,0.2879,0.0002869,0.0002869,0.2941
43.750233,2.109,-0.6396,-0.000969,-7.348e-06,-7.348e-06,-0.007348,-8.547e-06,-8.547e-06,0.01961
43.760235,2.031,-0.6201,-0.0009048,-0.0002999,-0.0002999,-0.2999,-0.0003016,-0.0003016,-0.2941
43.770233,1.934,-0.6201,-0.0008727,-0.0004778,-0.0004778,-0.4778,-0.0004799,-0.0004799,-0.451
43.780235,1.885,-0.6299,-0.0008406,-0.0004732,-0.0004732,-0.4732,-0.000475,-0.000475,-0.451
43.790234,1.821,-0.6299,-0.0008085,-0.0002879,-0.0002879,-0.2879,-0.0002894,-0.0002894,-0.2549
43.800236,1.763,-0.6201,-0.0007267,7.444e-06,7.444e-06,0.007444,6.105e-06,6.105e-06,0.01961
43.810234,1.719,-0.5908,-0.0005954,0.0002998,0.0002998,0.2998,0.0002991,0.0002991,0.3333
43.820236,1.68,-0.5518,-0.0004261,0.0004778,0.0004778,0.4778,0.0004774,0.0004774,0.4902
43.830235,1.68,-0.4883,-0.0002568,0.0004732,0.0004732,0.4732,0.0004725,0.0004725,0.4902
43.840233,1.655,-0.4199,-0.0001138,0.0002879,0.0002879,0.2879,0.0002869,0.0002869,0.2941
43.850231,1.665,-0.3564,-2.627e-05,-7.301e-06,-7.301e-06,-0.007301,-8.547e-06,-8.547e-06,0.01961
43.860233,1.68,-0.3076,2.919e-06,-0.0002998,-0.0002998,-0.2998,-0.0003016,-0.0003016,-0.2941
43.870235,1.689,-0.2881,-1.167e-05,-0.0004778,-0.0004778,-0.4778,-0.0004799,-0.0004799,-0.451
43.880234,1.704,-0.2295,-7.005e-05,-0.0004732,-0.0004732,-0.4732,-0.000475,-0.000475,-0.451
43.890232,1.733,-0.21,-9.923e-05,-0.0002879,-0.0002879,-0.2879,-0.0002894,-0.0002894,-0.2549
43.900234,1.777,-0.166,-9.048e-05,7.396e-06,7.396e-06,0.007396,6.105e-06,6.105e-06,0.01961
43.910233,1.86,-0.1172,-3.502e-05,0.0002998,0.0002998,0.2998,0.0002991,0.0002991,0.3333
43.920235,1.924,-0.03906,4.086e-05,0.0004778,0.0004778,0.4778,0.0004774,0.0004774,0.4902
43.930233,2.056,0.05371,0.0001226,0.0004732,0.0004732,0.4732,0.0004725,0.0004725,0.4902
43.940235,2.178,0.1318,0.000181,0.0002879,0.0002879,0.2879,0.0002869,0.0002869,0.2941
43.950233,2.3,0.2246,0.0001693,-7.373e-06,-7.373e-06,-0.007373,-8.547e-06,-8.547e-06,0.01961
43.960236,2.427,0.2832,9.923e-05,-0.0002999,-0.0002999,-0.2999,-0.0003016,-0.0003016,-0.2941
43.970234,2.534,0.3076,-2.919e-06,-0.0004778,-0.0004778,-0.4778,-0.0004799,-0.0004799,-0.451
43.980236,2.651,0.3613,-0.0001518,-0.0004732,-0.0004732,-0.4732,-0.000475,-0.000475,-0.451
43.990234,2.749,0.3809,-0.0002685,-0.0002879,-0.0002879,-0.2879,-0.0002894,-0.0002894,-0.2549
44.000233,2.866,0.4297,-0.0003677,7.349e-06,7.349e-06,0.007349,6.105e-06,6.105e-06,0.01961
44.010235,3.013,0.4736,-0.0004057,0.0002999,0.0002999,0.2999,0.0002991,0.0002991,0.3333
44.020233,3.14,0.5371,-0.0004232,0.0004778,0.0004778,0.4778,0.0004774,0.0004774,0.4902
44.030235,3.306,0.6104,-0.0004261,0.0004732,0.0004732,0.4732,0.0004725,0.0004725,0.4902
44.040234,3.442,0.6738,-0.0004699,0.0002879,0.0002879,0.2879,0.0002869,0.0002869,0.2941
44.050232,3.594,0.7227,-0.0005516,-7.325e-06,-7.325e-06,-0.007325,-8.547e-06,-8.547e-06,0.01961
44.060234,3.735,0.7568,-0.0006975,-0.0002998,-0.0002998,-0.2998,-0.0003016,-0.0003016,-0.2941
44.070232,3.843,0.7617,-0.0008814,-0.0004777,-0.0004777,-0.4777,-0.0004799,-0.0004799,-0.451
44.080235,3.955,0.7715,-0.001097,-0.0004732,-0.0004732,-0.4732,-0.000475,-0.000475,-0.451
44.090233,4.038,0.7617,-0.001284,-0.0002879,-0.0002879,-0.2879,-0.0002894,-0.0002894,-0.2549
44.100235,4.146,0.7666,-0.001433,7.421e-06,7.421e-06,0.007421,6.105e-06,6.105e-06,0.01961
44.110233,4.248,0.7764,-0.001529,0.0002998,0.0002998,0.2998,0.0002991,0.0002991,0.3333
44.120235,4.36,0.7715,-0.00157,0.0004778,0.0004778,0.4778,0.0004774,0.0004774,0.4902
44.130234,4.492,0.8008,-0.001611,0.0004732,0.0004732,0.4732,0.0004725,0.0004725,0.4902
44.140236,4.565,0.8105,-0.001678,0.0002878,0.0002878,0.2878,0.0002869,0.0002869,0.2941
44.150234,4.644,0.8105,-0.001775,-7.397e-06,-7.397e-06,-0.007397,-8.547e-06,-8.547e-06,0.01961
44.160233,4.717,0.791,-0.001929,-0.0002998,-0.0002998,-0.2998,-0.0003016,-0.0003016,-0.2941
44.170235,4.731,0.7568,-0.002122,-0.0004778,-0.0004778,-0.4778,-0.0004799,-0.0004799,-0.451
44.180233,4.771,0.6982,-0.002309,-0.0004732,-0.0004732,-0.4732,-0.000475,-0.000475,-0.451
44.190235,4.766,0.6396,-0.002484,-0.0002879,-0.0002879,-0.2879,-0.0002894,-0.0002894,-0.2549
44.200233,4.775,0.5811,-0.002595,7.373e-06,7.373e-06,0.007373,6.105e-06,6.105e-06,0.01961
44.210236,4.79,0.5371,-0.00265,0.0002999,0.0002999,0.2999,0.0002991,0.0002991,0.3333
44.220234,4.775,0.498,-0.002662,0.0004778,0.0004778,0.4778,0.0004774,0.0004774,0.4902
44.230232,4.795,0.4736,-0.002644,0.0004732,0.0004732,0.4732,0.0004725,0.0004725,0.4902
44.240234,4.78,0.4248,-0.002627,0.0002879,0.0002879,0.2879,0.0002869,0.0002869,0.2941
44.250233,4.751,0.3857,-0.002668,-7.349e-06,-7.349e-06,-0.007349,-8.547e-06,-8.547e-06,0.01961
44.260235,4.688,0.3271,-0.002741,-0.0002999,-0.0002999,-0.2999,-0.0003016,-0.0003016,-0.2941
44.270233,4.6,0.2441,-0.002849,-0.0004778,-0.0004778,-0.4778,-0.0004799,-0.0004799,-0.451
44.280235,4.521,0.166,-0.002959,-0.0004732,-0.0004732,-0.4732,-0.000475,-0.000475,-0.451
44.290234,4.419,0.06348,-0.003035,-0.0002879,-0.0002879,-0.2879,-0.0002894,-0.0002894,-0.2549
44.300232,4.316,-0.02441,-0.003044,7.325e-06,7.325e-06,0.007325,6.105e-06,6.105e-06,0.01961
44.310234,4.219,-0.09277,-0.003,0.0002998,0.0002998,0.2998,0.0002991,0.0002991,0.3333
44.320232,4.116,-0.1611,-0.002901,0.0004777,0.0004777,0.4777,0.0004774,0.0004774,0.4902
44.330235,4.009,-0.1953,-0.002773,0.0004732,0.0004732,0.4732,0.0004725,0.0004725,0.4902
44.340233,3.906,-0.2393,-0.002668,0.0002879,0.0002879,0.2879,0.0002869,0.0002869,0.2941
44.350235,3.779,-0.3027,-0.00258,-7.421e-06,-7.421e-06,-0.007421,-8.547e-06,-8.547e-06,0.01961
44.360233,3.647,-0.3418,-0.002563,-0.0002998,-0.0002998,-0.2998,-0.0003016,-0.0003016,-0.2941
44.370235,3.491,-0.415,-0.00256,-0.0004778,-0.0004778,-0.4778,-0.0004799,-0.0004799,-0.451
44.380234,3.34,-0.4834,-0.002574,-0.0004732,-0.0004732,-0.4732,-0.000475,-0.000475,-0.451
44.390236,3.188,-0.5762,-0.002533,-0.0002878,-0.0002878,-0.2878,-0.0002894,-0.0002894,-0.2549
44.400234,3.022,-0.6396,-0.002446,7.397e-06,7.397e-06,0.007397,6.105e-06,6.105e-06,0.01961
44.410233,2.881,-0.6836,-0.002303,0.0002998,0.0002998,0.2998,0.0002991,0.0002991,0.3333
44.420235,2.749,-0.7227,-0.002104,0.0004778,0.0004778,0.4778,0.0004774,0.0004774,0.4902
44.430233,2.622,-0.7275,-0.0019,0.0004732,0.0004732,0.4732,0.0004725,0.0004725,0.4902
44.440235,2.5,-0.7324,-0.00171,0.0002879,0.0002879,0.2879,0.0002869,0.0002869,0.2941
44.450233,2.383,-0.7471,-0.001556,-7.373e-06,-7.373e-06,-0.007373,-8.547e-06,-8.547e-06,0.01961
44.460232,2.266,-0.7666,-0.001448,-0.0002998,-0.0002998,-0.2998,-0.0003016,-0.0003016,-0.2941
44.470234,2.134,-0.7861,-0.001398,-0.0004778,-0.0004778,-0.4778,-0.0004799,-0.0004799,-0.451
44.480232,2.007,-0.8252,-0.001331,-0.0004732,-0.0004732,-0.4732,-0.000475,-0.000475,-0.451
44.490234,1.87,-0.8447,-0.001264,-0.0002879,-0.0002879,-0.2879,-0.0002894,-0.0002894,-0.2549
44.500233,1.768,-0.8545,-0.00115,7.349e-06,7.349e-06,0.007349,6.105e-06,6.105e-06,0.01961
44.510235,1.655,-0.8496,-0.0009748,0.0002999,0.0002999,0.2999,0.0002991,0.0002991,0.3333
44.520233,1.558,-0.8203,-0.0007588,0.0004778,0.0004778,0.4778,0.0004774,0.0004774,0.4902
44.530235,1.46,-0.7568,-0.0005633,0.0004732,0.0004732,0.4732,0.0004725,0.0004725,0.4902
44.540234,1.372,-0.7275,-0.0003561,0.0002879,0.0002879,0.2879,0.0002869,0.0002869,0.2941
44.550236,1.284,-0.6787,-0.000216,-7.445e-06,-7.445e-06,-0.007445,-8.547e-06,-8.547e-06,0.01961
44.560234,1.172,-0.6445,-0.0001313,-0.0002998,-0.0002998,-0.2998,-0.0003016,-0.0003016,-0.2941
44.570232,1.05,-0.6201,-0.0001022,-0.0004777,-0.0004777,-0.4777,-0.0004799,-0.0004799,-0.451
44.580235,0.9424,-0.5908,-9.048e-05,-0.0004732,-0.0004732,-0.4732,-0.000475,-0.000475,-0.451
44.590233,0.8301,-0.5762,-6.713e-05,-0.0002879,-0.0002879,-0.2879,-0.0002894,-0.0002894,-0.2549
44.600235,0.7275,-0.5469,5.837e-06,7.421e-06,7.421e-06,0.007421,6.105e-06,6.105e-06,0.01961
44.610233,0.6348,-0.4932,0.0001138,0.0002998,0.0002998,0.2998,0.0002991,0.0002991,0.3333
44.620232,0.5664,-0.4443,0.0002714,0.0004777,0.0004777,0.4777,0.0004774,0.0004774,0.4902
44.630234,0.5078,-0.3711,0.0004232,0.0004732,0.0004732,0.4732,0.0004725,0.0004725,0.4902
44.640232,0.459,-0.3174,0.0005516,0.0002879,0.0002879,0.2879,0.0002869,0.0002869,0.2941
44.650234,0.4248,-0.2393,0.0006187,-7.397e-06,-7.397e-06,-0.007397,-8.547e-06,-8.547e-06,0.01961
44.660233,0.3809,-0.1855,0.0006217,-0.0002998,-0.0002998,-0.2998,-0.0003016,-0.0003016,-0.2941
44.670235,0.332,-0.1465,0.0005691,-0.0004778,-0.0004778,-0.4778,-0.0004799,-0.0004799,-0.451
44.680233,0.293,-0.1074,0.0004962,-0.0004732,-0.0004732,-0.4732,-0.000475,-0.000475,-0.451
44.690235,0.2637,-0.09277,0.0004553,-0.0002879,-0.0002879,-0.2879,-0.0002894,-0.0002894,-0.2549
44.700233,0.2441,-0.06348,0.0004436,7.373e-06,7.373e-06,0.007373,6.105e-06,6.105e-06,0.01961
44.710236,0.2588,-0.01465,0.0004786,0.0002999,0.0002999,0.2999,0.0002991,0.0002991,0.3333
44.720234,0.2783,0.03906,0.0005487,0.0004778,0.0004778,0.4778,0.0004774,0.0004774,0.4902
44.730232,0.3369,0.1123,0.0006217,0.0004732,0.0004732,0.4732,0.0004725,0.0004725,0.4902
44.740234,0.3857,0.1758,0.0006596,0.0002879,0.0002879,0.2879,0.0002869,0.0002869,0.2941
44.750233,0.4736,0.2295,0.0006567,-7.349e-06,-7.349e-06,-0.007349,-8.547e-06,-8.547e-06,0.01961
44.760235,0.5566,0.2686,0.0005925,-0.0002999,-0.0002999,-0.2999,-0.0003016,-0.0003016,-0.2941
44.770233,0.6396,0.293,0.0004757,-0.0004778,-0.0004778,-0.4778,-0.0004799,-0.0004799,-0.451
44.780235,0.7324,0.3174,0.0003415,-0.0004732,-0.0004732,-0.4732,-0.000475,-0.000475,-0.451
44.790234,0.8252,0.3271,0.0002189,-0.0002879,-0.0002879,-0.2879,-0.0002894,-0.0002894,-0.2549
44.800232,0.9521,0.3467,0.0001313,7.325e-06,7.325e-06,0.007325,6.105e-06,6.105e-06,0.01961
44.810234,1.099,0.376,0.0001109,0.0002998,0.0002998,0.2998,0.0002991,0.0002991,0.3333
44.820232,1.27,0.4248,0.0001167,0.0004777,0.0004777,0.4777,0.0004774,0.0004774,0.4902
44.830235,1.489,0.4932,0.0001197,0.0004732,0.0004732,0.4732,0.0004725,0.0004725,0.4902
44.840233,1.719,0.542,0.0001109,0.0002879,0.0002879,0.2879,0.0002869,0.0002869,0.2941
44.850235,1.973,0.6006,4.086e-05,-7.421e-06,-7.421e-06,-0.007421,-8.547e-06,-8.547e-06,0.01961
44.860233,2.207,0.625,-7.88e-05,-0.0002998,-0.0002998,-0.2998,-0.0003016,-0.0003016,-0.2941
44.870235,2.417,0.6299,-0.0002422,-0.0004778,-0.0004778,-0.4778,-0.0004799,-0.0004799,-0.451
44.880234,2.607,0.6494,-0.000432,-0.0004732,-0.0004732,-0.4732,-0.000475,-0.000475,-0.451
44.890236,2.778,0.6445,-0.0006071,-0.0002878,-0.0002878,-0.2878,-0.0002894,-0.0002894,-0.2549
44.900234,2.964,0.6738,-0.0007384,7.397e-06,7.397e-06,0.007397,6.105e-06,6.105e-06,0.01961
44.910233,3.13,0.6885,-0.0008201,0.0002998,0.0002998,0.2998,0.0002991,0.0002991,0.3333
44.920235,3.301,0.7178,-0.000861,0.0004778,0.0004778,0.4778,0.0004774,0.0004774,0.4902
44.930233,3.481,0.7764,-0.0009048,0.0004732,0.0004732,0.4732,0.0004725,0.0004725,0.4902
44.940235,3.652,0.7861,-0.0009427,0.0002879,0.0002879,0.2879,0.0002869,0.0002869,0.2941
44.950233,3.804,0.8154,-0.001045,-7.373e-06,-7.373e-06,-0.007373,-8.547e-06,-8.547e-06,0.01961
44.960236,3.936,0.8252,-0.001205,-0.0002999,-0.0002999,-0.2999,-0.0003016,-0.0003016,-0.2941
44.970234,4.053,0.7959,-0.001392,-0.0004778,-0.0004778,-0.4778,-0.0004799,-0.0004799,-0.451
44.980236,4.146,0.7666,-0.001594,-0.0004732,-0.0004732,-0.4732,-0.000475,-0.000475,-0.451
44.990234,4.209,0.7422,-0.001795,-0.0002879,-0.0002879,-0.2879,-0.0002894,-0.0002894,-0.2549
45.000233,4.302,0.7227,-0.001938,7.349e-06,7.349e-06,0.007349,6.105e-06,6.105e-06,0.01961
45.010235,4.365,0.6982,-0.002017,0.0002999,0.0002999,0.2999,0.0002991,0.0002991,0.3333
45.020233,4.448,0.6836,-0.002058,0.0004778,0.0004778,0.4778,0.0004774,0.0004774,0.4902
45.030235,4.517,0.6738,-0.002061,0.0004732,0.0004732,0.4732,0.0004725,0.0004725,0.4902
45.040234,4.58,0.6494,-0.002093,0.0002879,0.0002879,0.2879,0.0002869,0.0002869,0.2941
45.050236,4.624,0.6396,-0.002174,-7.445e-06,-7.445e-06,-0.007445,-8.547e-06,-8.547e-06,0.01961
45.060234,4.634,0.5957,-0.002294,-0.0002998,-0.0002998,-0.2998,-0.0003016,-0.0003016,-0.2941
45.070232,4.614,0.542,-0.002452,-0.0004777,-0.0004777,-0.4777,-0.0004799,-0.0004799,-0.451
45.080235,4.619,0.4688,-0.002609,-0.0004732,-0.0004732,-0.4732,-0.000475,-0.000475,-0.451
45.090237,4.58,0.3857,-0.002735,-0.0002878,-0.0002878,-0.2878,-0.0002894,-0.0002894,-0.2549
45.100235,4.546,0.3271,-0.002805,7.421e-06,7.421e-06,0.007421,6.105e-06,6.105e-06,0.01961
45.110233,4.497,0.2637,-0.002816,0.0002998,0.0002998,0.2998,0.0002991,0.0002991,0.3333
45.120232,4.458,0.2148,-0.002776,0.0004777,0.0004777,0.4777,0.0004774,0.0004774,0.4902
45.130234,4.399,0.1855,-0.002717,0.0004732,0.0004732,0.4732,0.0004725,0.0004725,0.4902
45.140232,4.355,0.1416,-0.002668,0.0002879,0.0002879,0.2879,0.0002869,0.0002869,0.2941
45.150234,4.282,0.08301,-0.002641,-7.398e-06,-7.398e-06,-0.007398,-8.547e-06,-8.547e-06,0.01961
45.160233,4.204,0.02441,-0.002673,-0.0002998,-0.0002998,-0.2998,-0.0003016,-0.0003016,-0.2941
45.170235,4.092,-0.05859,-0.002729,-0.0004778,-0.0004778,-0.4778,-0.0004799,-0.0004799,-0.451
45.180237,3.994,-0.1367,-0.002784,-0.0004732,-0.0004732,-0.4732,-0.000475,-0.000475,-0.451
45.190235,3.853,-0.2344,-0.002808,-0.0002879,-0.0002879,-0.2879,-0.0002894,-0.0002894,-0.2549
45.200233,3.721,-0.3076,-0.002784,7.374e-06,7.374e-06,0.007374,6.105e-06,6.105e-06,0.01961
45.210236,3.599,-0.3662,-0.002691,0.0002999,0.0002999,0.2999,0.0002991,0.0002991,0.3333
45.220234,3.477,-0.415,-0.002545,0.0004778,0.0004778,0.4778,0.0004774,0.0004774,0.4902
45.230232,3.369,-0.4297,-0.00239,0.0004732,0.0004732,0.4732,0.0004725,0.0004725,0.4902
45.240234,3.252,-0.4736,-0.002241,0.0002879,0.0002879,0.2879,0.0002869,0.0002869,0.2941
45.250233,3.14,-0.4932,-0.002133,-7.35e-06,-7.35e-06,-0.00735,-8.547e-06,-8.547e-06,0.01961
45.260235,3.008,-0.5469,-0.002063,-0.0002999,-0.0002999,-0.2999,-0.0003016,-0.0003016,-0.2941
45.270233,2.861,-0.6006,-0.002037,-0.0004778,-0.0004778,-0.4778,-0.0004799,-0.0004799,-0.451
45.280235,2.725,-0.6494,-0.002014,-0.0004732,-0.0004732,-0.4732,-0.000475,-0.000475,-0.451
45.290237,2.568,-0.7031,-0.001964,-0.0002878,-0.0002878,-0.2878,-0.0002894,-0.0002894,-0.2549
45.300232,2.437,-0.7471,-0.001856,7.326e-06,7.326e-06,0.007326,6.105e-06,6.105e-06,0.01961
45.310234,2.319,-0.7666,-0.001702,0.0002998,0.0002998,0.2998,0.0002991,0.0002991,0.3333
45.320232,2.212,-0.7666,-0.001509,0.0004777,0.0004777,0.4777,0.0004774,0.0004774,0.4902
45.330235,2.139,-0.752,-0.00129,0.0004732,0.0004732,0.4732,0.0004725,0.0004725,0.4902
45.340233,2.051,-0.7373,-0.001097,0.0002879,0.0002879,0.2879,0.0002869,0.0002869,0.2941
45.350235,1.973,-0.7178,-0.0009456,-7.422e-06,-7.422e-06,-0.007422,-8.547e-06,-8.547e-06,0.01961
45.360233,1.885,-0.708,-0.0008551,-0.0002998,-0.0002998,-0.2998,-0.0003016,-0.0003016,-0.2941
45.370235,1.782,-0.708,-0.0008055,-0.0004778,-0.0004778,-0.4778,-0.0004799,-0.0004799,-0.451
45.380234,1.694,-0.7031,-0.0007793,-0.0004732,-0.0004732,-0.4732,-0.000475,-0.000475,-0.451
45.390236,1.602,-0.7178,-0.000718,-0.0002878,-0.0002878,-0.2878,-0.0002894,-0.0002894,-0.2549
45.400234,1.504,-0.6982,-0.0006217,7.398e-06,7.398e-06,0.007398,6.105e-06,6.105e-06,0.01961
45.410233,1.426,-0.6689,-0.0004816,0.0002998,0.0002998,0.2998,0.0002991,0.0002991,0.3333
45.420235,1.353,-0.6152,-0.0003152,0.0004778,0.0004778,0.4778,0.0004774,0.0004774,0.4902
45.430233,1.318,-0.5518,-0.0001226,0.0004732,0.0004732,0.4732,0.0004725,0.0004725,0.4902
45.440231,1.255,-0.498,3.502e-05,0.000288,0.000288,0.288,0.0002869,0.0002869,0.2941
45.450233,1.226,-0.4346,0.0001343,-7.374e-06,-7.374e-06,-0.007374,-8.547e-06,-8.547e-06,0.01961
45.460236,1.182,-0.3857,0.0001605,-0.0002999,-0.0002999,-0.2999,-0.0003016,-0.0003016,-0.2941
45.470234,1.128,-0.3516,0.0001605,-0.0004778,-0.0004778,-0.4778,-0.0004799,-0.0004799,-0.451
45.480236,1.089,-0.3027,0.0001167,-0.0004732,-0.0004732,-0.4732,-0.000475,-0.000475,-0.451
45.490234,1.069,-0.3027,0.0001138,-0.0002879,-0.0002879,-0.2879,-0.0002894,-0.0002894,-0.2549
45.500237,1.055,-0.2441,0.0001255,7.47e-06,7.47e-06,0.00747,6.105e-06,6.105e-06,0.01961
45.510235,1.064,-0.1904,0.0001868,0.0002999,0.0002999,0.2999,0.0002991,0.0002991,0.3333
45.520233,1.084,-0.127,0.000286,0.0004778,0.0004778,0.4778,0.0004774,0.0004774,0.4902
45.530235,1.152,-0.04395,0.0003882,0.0004732,0.0004732,0.4732,0.0004725,0.0004725,0.4902
45.540234,1.221,0.02441,0.0004582,0.0002879,0.0002879,0.2879,0.0002869,0.0002869,0.2941
45.550232,1.323,0.1025,0.0004699,-7.326e-06,-7.326e-06,-0.007326,-8.547e-06,-8.547e-06,0.01961
45.560234,1.416,0.1611,0.0004174,-0.0002998,-0.0002998,-0.2998,-0.0003016,-0.0003016,-0.2941
45.570232,1.533,0.2002,0.0003181,-0.0004777,-0.0004777,-0.4777,-0.0004799,-0.0004799,-0.451
45.580235,1.665,0.2441,0.0001985,-0.0004732,-0.0004732,-0.4732,-0.000475,-0.000475,-0.451
45.590233,1.797,0.2783,8.172e-05,-0.0002879,-0.0002879,-0.2879,-0.0002894,-0.0002894,-0.2549
45.600235,2.007,0.3076,2.335e-05,7.422e-06,7.422e-06,0.007422,6.105e-06,6.105e-06,0.01961
45.610233,2.163,0.3613,-2.919e-06,0.0002998,0.0002998,0.2998,0.0002991,0.0002991,0.3333
45.620232,2.349,0.4395,-2.919e-06,0.0004777,0.0004777,0.4777,0.0004774,0.0004774,0.4902
45.630234,2.534,0.5225,-2.919e-06,0.0004732,0.0004732,0.4732,0.0004725,0.0004725,0.4902
45.640236,2.725,0.5908,-2.335e-05,0.0002878,0.0002878,0.2878,0.0002869,0.0002869,0.2941
45.650234,2.91,0.6543,-9.631e-05,-7.398e-06,-7.398e-06,-0.007398,-8.547e-06,-8.547e-06,0.01961
45.660233,3.081,0.7031,-0.0002306,-0.0002998,-0.0002998,-0.2998,-0.0003016,-0.0003016,-0.2941
45.670235,3.242,0.7324,-0.0004144,-0.0004778,-0.0004778,-0.4778,-0.0004799,-0.0004799,-0.451
45.680233,3.398,0.752,-0.0006217,-0.0004732,-0.0004732,-0.4732,-0.000475,-0.000475,-0.451
45.690235,3.525,0.752,-0.0008055,-0.0002879,-0.0002879,-0.2879,-0.0002894,-0.0002894,-0.2549
45.700233,3.662,0.7764,-0.0009515,7.374e-06,7.374e-06,0.007374,6.105e-06,6.105e-06,0.01961
45.710232,3.809,0.791,-0.001051,0.0002998,0.0002998,0.2998,0.0002991,0.0002991,0.3333
45.720234,3.955,0.8252,-0.001109,0.0004778,0.0004778,0.4778,0.0004774,0.0004774,0.4902
45.730232,4.111,0.874,-0.001167,0.0004732,0.0004732,0.4732,0.0004725,0.0004725,0.4902
45.740234,4.258,0.8838,-0.00122,0.0002879,0.0002879,0.2879,0.0002869,0.0002869,0.2941
45.750237,4.399,0.9082,-0.001345,-7.47e-06,-7.47e-06,-0.00747,-8.547e-06,-8.547e-06,0.01961
45.760235,4.502,0.9131,-0.001524,-0.0002999,-0.0002999,-0.2999,-0.0003016,-0.0003016,-0.2941
45.770233,4.58,0.8838,-0.001728,-0.0004778,-0.0004778,-0.4778,-0.0004799,-0.0004799,-0.451
45.780235,4.653,0.8496,-0.001941,-0.0004732,-0.0004732,-0.4732,-0.000475,-0.000475,-0.451
45.790234,4.702,0.8008,-0.002145,-0.0002879,-0.0002879,-0.2879,-0.0002894,-0.0002894,-0.2549
45.800232,4.756,0.7666,-0.002291,7.326e-06,7.326e-06,0.007326,6.105e-06,6.105e-06,0.01961
45.810234,4.79,0.7324,-0.002382,0.0002998,0.0002998,0.2998,0.0002991,0.0002991,0.3333
45.820232,4.849,0.7031,-0.002417,0.0004777,0.0004777,0.4777,0.0004774,0.0004774,0.4902
45.830235,4.907,0.6885,-0.002437,0.0004732,0.0004732,0.4732,0.0004725,0.0004725,0.4902
45.840233,4.932,0.6396,-0.002446,0.0002879,0.0002879,0.2879,0.0002869,0.0002869,0.2941
45.850235,4.932,0.6201,-0.002533,-7.422e-06,-7.422e-06,-0.007422,-8.547e-06,-8.547e-06,0.01961
45.860233,4.927,0.5664,-0.002653,-0.0002998,-0.0002998,-0.2998,-0.0003016,-0.0003016,-0.2941
45.870232,4.888,0.4932,-0.002796,-0.0004777,-0.0004777,-0.4777,-0.0004799,-0.0004799,-0.451
45.880234,4.834,0.4053,-0.002939,-0.0004732,-0.0004732,-0.4732,-0.000475,-0.000475,-0.451
45.890236,4.741,0.3223,-0.003065,-0.0002878,-0.0002878,-0.2878,-0.0002894,-0.0002894,-0.2549
45.900234,4.697,0.2344,-0.003117,7.398e-06,7.398e-06,0.007398,6.105e-06,6.105e-06,0.01961
45.910236,4.614,0.166,-0.003114,0.0002999,0.0002999,0.2999,0.0002991,0.0002991,0.3333
45.920235,4.546,0.09766,-0.003053,0.0004778,0.0004778,0.4778,0.0004774,0.0004774,0.4902
45.930233,4.468,0.04883,-0.002965,0.0004732,0.0004732,0.4732,0.0004725,0.0004725,0.4902
45.940235,4.37,-0.009766,-0.002892,0.0002879,0.0002879,0.2879,0.0002869,0.0002869,0.2941
45.950233,4.272,-0.05371,-0.002857,-7.374e-06,-7.374e-06,-0.007374,-8.547e-06,-8.547e-06,0.01961
45.960232,4.146,-0.1318,-0.002857,-0.0002998,-0.0002998,-0.2998,-0.0003016,-0.0003016,-0.2941
45.970234,4.009,-0.2246,-0.002886,-0.0004778,-0.0004778,-0.4778,-0.0004799,-0.0004799,-0.451
45.980236,3.857,-0.3174,-0.002913,-0.0004732,-0.0004732,-0.4732,-0.000475,-0.000475,-0.451
45.990234,3.696,-0.415,-0.00291,-0.0002879,-0.0002879,-0.2879,-0.0002894,-0.0002894,-0.2549
46.000237,3.53,-0.4834,-0.002854,7.47e-06,7.47e-06,0.00747,6.105e-06,6.105e-06,0.01961
46.010235,3.394,-0.5518,-0.002729,0.0002999,0.0002999,0.2999,0.0002991,0.0002991,0.3333
46.020233,3.237,-0.6055,-0.002557,0.0004778,0.0004778,0.4778,0.0004774,0.0004774,0.4902
46.030235,3.105,-0.625,-0.002373,0.0004732,0.0004732,0.4732,0.0004725,0.0004725,0.4902
46.040234,2.949,-0.6543,-0.002189,0.0002879,0.0002879,0.2879,0.0002869,0.0002869,0.2941
46.050232,2.822,-0.6885,-0.00204,-7.326e-06,-7.326e-06,-0.007326,-8.547e-06,-8.547e-06,0.01961
46.060234,2.671,-0.7324,-0.001947,-0.0002998,-0.0002998,-0.2998,-0.0003016,-0.0003016,-0.2941
46.070232,2.51,-0.7715,-0.001894,-0.0004777,-0.0004777,-0.4777,-0.0004799,-0.0004799,-0.451
46.080235,2.363,-0.8301,-0.001833,-0.0004732,-0.0004732,-0.4732,-0.000475,-0.000475,-0.451
46.090233,2.188,-0.8789,-0.001754,-0.0002879,-0.0002879,-0.2879,-0.0002894,-0.0002894,-0.2549
46.100235,2.056,-0.9033,-0.001629,7.422e-06,7.422e-06,0.007422,6.105e-06,6.105e-06,0.01961
46.110233,1.929,-0.918,-0.001448,0.0002998,0.0002998,0.2998,0.0002991,0.0002991,0.3333
46.120235,1.831,-0.9131,-0.001217,0.0004778,0.0004778,0.4778,0.0004774,0.0004774,0.4902
46.130234,1.724,-0.8789,-0.0009923,0.0004732,0.0004732,0.4732,0.0004725,0.0004725,0.4902
46.140232,1.597,-0.8496,-0.0007822,0.0002879,0.0002879,0.2879,0.0002869,0.0002869,0.2941
46.150234,1.509,-0.835,-0.0005954,-7.398e-06,-7.398e-06,-0.007398,-8.547e-06,-8.547e-06,0.01961
46.160233,1.372,-0.8057,-0.0004991,-0.0002998,-0.0002998,-0.2998,-0.0003016,-0.0003016,-0.2941
46.170235,1.226,-0.7959,-0.0004349,-0.0004778,-0.0004778,-0.4778,-0.0004799,-0.0004799,-0.451
46.180237,1.084,-0.7861,-0.0003882,-0.0004732,-0.0004732,-0.4732,-0.000475,-0.000475,-0.451
46.190235,0.9082,-0.7666,-0.0003473,-0.0002879,-0.0002879,-0.2879,-0.0002894,-0.0002894,-0.2549
46.200233,0.7715,-0.752,-0.0002306,7.374e-06,7.374e-06,0.007374,6.105e-06,6.105e-06,0.01961
46.210232,0.6201,-0.7129,-8.464e-05,0.0002998,0.0002998,0.2998,0.0002991,0.0002991,0.3333
46.220234,0.4883,-0.6689,0.0001051,0.0004778,0.0004778,0.4778,0.0004774,0.0004774,0.4902
46.230232,0.3662,-0.5957,0.0002948,0.0004732,0.0004732,0.4732,0.0004725,0.0004725,0.4902
46.240234,0.2588,-0.5371,0.0004495,0.0002879,0.0002879,0.2879,0.0002869,0.0002869,0.2941
46.250233,0.1465,-0.4688,0.0005545,-7.351e-06,-7.351e-06,-0.007351,-8.547e-06,-8.547e-06,0.01961
46.260235,0.02441,-0.4297,0.0006129,-0.0002999,-0.0002999,-0.2999,-0.0003016,-0.0003016,-0.2941
46.270233,-0.1025,-0.3955,0.0006012,-0.0004778,-0.0004778,-0.4778,-0.0004799,-0.0004799,-0.451
46.280235,-0.2393,-0.3711,0.000575,-0.0004732,-0.0004732,-0.4732,-0.000475,-0.000475,-0.451
46.290234,-0.3809,-0.3418,0.0005575,-0.0002879,-0.0002879,-0.2879,-0.0002894,-0.0002894,-0.2549
46.300232,-0.4883,-0.3125,0.0005866,7.327e-06,7.327e-06,0.007327,6.105e-06,6.105e-06,0.01961
46.310234,-0.6006,-0.2832,0.0006742,0.0002998,0.0002998,0.2998,0.0002991,0.0002991,0.3333
46.320236,-0.6885,-0.2197,0.0007763,0.0004778,0.0004778,0.4778,0.0004774,0.0004774,0.4902
46.330235,-0.7617,-0.1709,0.0009048,0.0004732,0.0004732,0.4732,0.0004725,0.0004725,0.4902
46.340233,-0.8447,-0.1172,0.001001,0.0002879,0.0002879,0.2879,0.0002869,0.0002869,0.2941
46.350235,-0.9229,-0.06348,0.001033,-7.423e-06,-7.423e-06,-0.007423,-8.547e-06,-8.547e-06,0.01961
46.360233,-1.016,-0.01953,0.0009894,-0.0002998,-0.0002998,-0.2998,-0.0003016,-0.0003016,-0.2941
46.370235,-1.099,0.004883,0.0009281,-0.0004778,-0.0004778,-0.4778,-0.0004799,-0.0004799,-0.451
46.380234,-1.191,0.009766,0.0008406,-0.0004732,-0.0004732,-0.4732,-0.000475,-0.000475,-0.451
46.390232,-1.284,0.009766,0.0007676,-0.0002879,-0.0002879,-0.2879,-0.0002894,-0.0002894,-0.2549
46.400234,-1.367,0.01465,0.0007472,7.399e-06,7.399e-06,0.007399,6.105e-06,6.105e-06,0.01961
46.410233,-1.47,0.0293,0.0007705,0.0002998,0.0002998,0.2998,0.0002991,0.0002991,0.3333
46.420235,-1.543,0.04883,0.0008435,0.0004778,0.0004778,0.4778,0.0004774,0.0004774,0.4902
46.430237,-1.611,0.08301,0.0009223,0.0004732,0.0004732,0.4732,0.0004725,0.0004725,0.4902
46.440235,-1.68,0.1221,0.0009573,0.0002879,0.0002879,0.2879,0.0002869,0.0002869,0.2941
46.450233,-1.733,0.1416,0.0009719,-7.375e-06,-7.375e-06,-0.007375,-8.547e-06,-8.547e-06,0.01961
46.460232,-1.816,0.1367,0.0009194,-0.0002998,-0.0002998,-0.2998,-0.0003016,-0.0003016,-0.2941
46.470234,-1.88,0.1318,0.000823,-0.0004778,-0.0004778,-0.4778,-0.0004799,-0.0004799,-0.451
46.480236,-1.968,0.1025,0.0007238,-0.0004732,-0.0004732,-0.4732,-0.000475,-0.000475,-0.451
46.490234,-2.041,0.06836,0.0006508,-0.0002879,-0.0002879,-0.2879,-0.0002894,-0.0002894,-0.2549
46.500237,-2.109,0.04883,0.0006187,7.471e-06,7.471e-06,0.007471,6.105e-06,6.105e-06,0.01961
46.510235,-2.158,0.0293,0.000645,0.0002999,0.0002999,0.2999,0.0002991,0.0002991,0.3333
46.520233,-2.202,0.0293,0.0007121,0.0004778,0.0004778,0.4778,0.0004774,0.0004774,0.4902
46.530235,-2.231,0.04883,0.000788,0.0004732,0.0004732,0.4732,0.0004725,0.0004725,0.4902
46.540234,-2.275,0.04883,0.0008551,0.0002879,0.0002879,0.2879,0.0002869,0.0002869,0.2941
46.550236,-2.295,0.06348,0.0008639,-7.447e-06,-7.447e-06,-0.007447,-8.547e-06,-8.547e-06,0.01961
46.560234,-2.349,0.0293,0.0008435,-0.0002998,-0.0002998,-0.2998,-0.0003016,-0.0003016,-0.2941
46.570232,-2.412,0.004883,0.0007734,-0.0004777,-0.0004777,-0.4777,-0.0004799,-0.0004799,-0.451
46.580235,-2.471,-0.04395,0.0007005,-0.0004732,-0.0004732,-0.4732,-0.000475,-0.000475,-0.451
46.590237,-2.549,-0.08301,0.000645,-0.0002878,-0.0002878,-0.2878,-0.0002894,-0.0002894,-0.2549
46.600235,-2.612,-0.1025,0.0006275,7.423e-06,7.423e-06,0.007423,6.105e-06,6.105e-06,0.01961
46.610233,-2.676,-0.127,0.00068,0.0002998,0.0002998,0.2998,0.0002991,0.0002991,0.3333
46.620235,-2.705,-0.127,0.0007763,0.0004778,0.0004778,0.4778,0.0004774,0.0004774,0.4902
46.630234,-2.729,-0.1221,0.0008843,0.0004732,0.0004732,0.4732,0.0004725,0.0004725,0.4902
46.640232,-2.764,-0.127,0.0009806,0.0002879,0.0002879,0.2879,0.0002869,0.0002869,0.2941
46.650234,-2.822,-0.1172,0.001024,-7.399e-06,-7.399e-06,-0.007399,-8.547e-06,-8.547e-06,0.01961
46.660233,-2.866,-0.1465,0.00103,-0.0002998,-0.0002998,-0.2998,-0.0003016,-0.0003016,-0.2941
46.670235,-2.925,-0.166,0.0009894,-0.0004778,-0.0004778,-0.4778,-0.0004799,-0.0004799,-0.451
46.680233,-2.983,-0.1953,0.0009398,-0.0004732,-0.0004732,-0.4732,-0.000475,-0.000475,-0.451
46.690235,-3.076,-0.2246,0.0008931,-0.0002879,-0.0002879,-0.2879,-0.0002894,-0.0002894,-0.2549
46.700233,-3.12,-0.249,0.0009164,7.375e-06,7.375e-06,0.007375,6.105e-06,6.105e-06,0.01961
46.710236,-3.169,-0.2637,0.0009894,0.0002999,0.0002999,0.2999,0.0002991,0.0002991,0.3333
46.720234,-3.193,-0.2539,0.001106,0.0004778,0.0004778,0.4778,0.0004774,0.0004774,0.4902
46.730232,-3.213,-0.2344,0.001235,0.0004732,0.0004732,0.4732,0.0004725,0.0004725,0.4902
46.740234,-3.237,-0.2344,0.001357,0.0002879,0.0002879,0.2879,0.0002869,0.0002869,0.2941
46.750237,-3.262,-0.21,0.001413,-7.471e-06,-7.471e-06,-0.007471,-8.547e-06,-8.547e-06,0.01961
46.760235,-3.301,-0.2148,0.00143,-0.0002999,-0.0002999,-0.2999,-0.0003016,-0.0003016,-0.2941
46.770233,-3.335,-0.2197,0.001392,-0.0004778,-0.0004778,-0.4778,-0.0004799,-0.0004799,-0.451
46.780235,-3.384,-0.2344,0.001343,-0.0004732,-0.0004732,-0.4732,-0.000475,-0.000475,-0.451
46.790234,-3.442,-0.2441,0.001305,-0.0002879,-0.0002879,-0.2879,-0.0002894,-0.0002894,-0.2549
46.800232,-3.452,-0.2637,0.00134,7.327e-06,7.327e-06,0.007327,6.105e-06,6.105e-06,0.01961
46.810234,-3.486,-0.2539,0.001407,0.0002998,0.0002998,0.2998,0.0002991,0.0002991,0.3333
46.820236,-3.481,-0.2344,0.001518,0.0004778,0.0004778,0.4778,0.0004774,0.0004774,0.4902
46.830235,-3.462,-0.1904,0.001643,0.0004732,0.0004732,0.4732,0.0004725,0.0004725,0.4902
46.840233,-3.457,-0.166,0.001745,0.0002879,0.0002879,0.2879,0.0002869,0.0002869,0.2941
46.850235,-3.447,-0.1318,0.001795,-7.423e-06,-7.423e-06,-0.007423,-8.547e-06,-8.547e-06,0.01961
46.860233,-3.457,-0.1074,0.00178,-0.0002998,-0.0002998,-0.2998,-0.0003016,-0.0003016,-0.2941
46.870235,-3.457,-0.1025,0.001731,-0.0004778,-0.0004778,-0.4778,-0.0004799,-0.0004799,-0.451
46.880234,-3.462,-0.1025,0.001658,-0.0004732,-0.0004732,-0.4732,-0.000475,-0.000475,-0.451
46.890236,-3.452,-0.1074,0.001608,-0.0002878,-0.0002878,-0.2878,-0.0002894,-0.0002894,-0.2549
46.900234,-3.433,-0.09277,0.001602,7.399e-06,7.399e-06,0.007399,6.105e-06,6.105e-06,0.01961
46.910233,-3.438,-0.08301,0.001649,0.0002998,0.0002998,0.2998,0.0002991,0.0002991,0.3333
46.920235,-3.398,-0.05371,0.001739,0.0004778,0.0004778,0.4778,0.0004774,0.0004774,0.4902
46.930233,-3.345,-0.004883,0.001827,0.0004732,0.0004732,0.4732,0.0004725,0.0004725,0.4902
46.940235,-3.32,0.04395,0.001882,0.0002879,0.0002879,0.2879,0.0002869,0.0002869,0.2941
46.950233,-3.267,0.08789,0.001897,-7.375e-06,-7.375e-06,-0.007375,-8.547e-06,-8.547e-06,0.01961
46.960236,-3.228,0.1123,0.001856,-0.0002999,-0.0002999,-0.2999,-0.0003016,-0.0003016,-0.2941
46.970234,-3.193,0.127,0.001766,-0.0004778,-0.0004778,-0.4778,-0.0004799,-0.0004799,-0.451
46.980236,-3.164,0.1123,0.001675,-0.0004732,-0.0004732,-0.4732,-0.000475,-0.000475,-0.451
46.990234,-3.14,0.1074,0.001585,-0.0002879,-0.0002879,-0.2879,-0.0002894,-0.0002894,-0.2549
47.000233,-3.105,0.1221,0.001553,7.351e-06,7.351e-06,0.007351,6.105e-06,6.105e-06,0.01961
47.010235,-3.062,0.1416,0.001547,0.0002999,0.0002999,0.2999,0.0002991,0.0002991,0.3333
47.020233,-3.013,0.1758,0.001594,0.0004778,0.0004778,0.4778,0.0004774,0.0004774,0.4902
47.030235,-2.944,0.2197,0.001646,0.0004732,0.0004732,0.4732,0.0004725,0.0004725,0.4902
47.040234,-2.896,0.2539,0.001678,0.0002879,0.0002879,0.2879,0.0002869,0.0002869,0.2941
47.050232,-2.817,0.2979,0.001652,-7.327e-06,-7.327e-06,-0.007327,-8.547e-06,-8.547e-06,0.01961
47.060234,-2.778,0.293,0.001591,-0.0002998,-0.0002998,-0.2998,-0.0003016,-0.0003016,-0.2941
47.070232,-2.734,0.293,0.001477,-0.0004777,-0.0004777,-0.4777,-0.0004799,-0.0004799,-0.451
47.080235,-2.715,0.2832,0.001348,-0.0004732,-0.0004732,-0.4732,-0.000475,-0.000475,-0.451
47.090233,-2.7,0.2637,0.001237,-0.0002879,-0.0002879,-0.2879,-0.0002894,-0.0002894,-0.2549
47.100235,-2.661,0.2734,0.001162,7.423e-06,7.423e-06,0.007423,6.105e-06,6.105e-06,0.01961
47.110233,-2.627,0.2686,0.001156,0.0002998,0.0002998,0.2998,0.0002991,0.0002991,0.3333
47.120235,-2.568,0.2881,0.001179,0.0004778,0.0004778,0.4778,0.0004774,0.0004774,0.4902
47.130234,-2.52,0.3027,0.00122,0.0004732,0.0004732,0.4732,0.0004725,0.0004725,0.4902
47.140236,-2.48,0.3125,0.001249,0.0002878,0.0002878,0.2878,0.0002869,0.0002869,0.2941
47.150234,-2.437,0.3369,0.00122,-7.399e-06,-7.399e-06,-0.007399,-8.547e-06,-8.547e-06,0.01961
47.160236,-2.412,0.3271,0.001141,-0.0002999,-0.0002999,-0.2999,-0.0003016,-0.0003016,-0.2941
47.170235,-2.402,0.3076,0.001036,-0.0004778,-0.0004778,-0.4778,-0.0004799,-0.0004799,-0.451
47.180233,-2.397,0.2686,0.0009018,-0.0004732,-0.0004732,-0.4732,-0.000475,-0.000475,-0.451
47.190235,-2.422,0.2344,0.0007939,-0.0002879,-0.0002879,-0.2879,-0.0002894,-0.0002894,-0.2549
47.200233,-2.407,0.2246,0.0007296,7.375e-06,7.375e-06,0.007375,6.105e-06,6.105e-06,0.01961
47.210232,-2.407,0.1904,0.0007355,0.0002998,0.0002998,0.2998,0.0002991,0.0002991,0.3333
47.220234,-2.397,0.1904,0.0007822,0.0004778,0.0004778,0.4778,0.0004774,0.0004774,0.4902
47.230236,-2.378,0.1953,0.0008406,0.0004732,0.0004732,0.4732,0.0004725,0.0004725,0.4902
47.240234,-2.378,0.1807,0.0008873,0.0002879,0.0002879,0.2879,0.0002869,0.0002869,0.2941
47.250237,-2.368,0.1855,0.0008843,-7.471e-06,-7.471e-06,-0.007471,-8.547e-06,-8.547e-06,0.01961
47.260235,-2.393,0.166,0.0008289,-0.0002999,-0.0002999,-0.2999,-0.0003016,-0.0003016,-0.2941
47.270233,-2.422,0.1367,0.0007355,-0.0004778,-0.0004778,-0.4778,-0.0004799,-0.0004799,-0.451
47.280235,-2.466,0.08301,0.0006421,-0.0004732,-0.0004732,-0.4732,-0.000475,-0.000475,-0.451
47.290234,-2.515,0.03418,0.0005633,-0.0002879,-0.0002879,-0.2879,-0.0002894,-0.0002894,-0.2549
47.300232,-2.554,0.0,0.0005487,7.327e-06,7.327e-06,0.007327,6.105e-06,6.105e-06,0.01961
47.310234,-2.593,-0.0293,0.0005779,0.0002998,0.0002998,0.2998,0.0002991,0.0002991,0.3333
47.320232,-2.612,-0.04395,0.0006654,0.0004777,0.0004777,0.4777,0.0004774,0.0004774,0.4902
47.330235,-2.642,-0.04395,0.0007618,0.0004732,0.0004732,0.4732,0.0004725,0.0004725,0.4902
47.340233,-2.666,-0.05859,0.0008551,0.0002879,0.0002879,0.2879,0.0002869,0.0002869,0.2941
47.350235,-2.7,-0.05859,0.0008814,-7.423e-06,-7.423e-06,-0.007423,-8.547e-06,-8.547e-06,0.01961
47.360233,-2.764,-0.08301,0.0008639,-0.0002998,-0.0002998,-0.2998,-0.0003016,-0.0003016,-0.2941
47.370232,-2.817,-0.1123,0.0008172,-0.0004777,-0.0004777,-0.4777,-0.0004799,-0.0004799,-0.451
47.380234,-2.881,-0.1562,0.0007618,-0.0004732,-0.0004732,-0.4732,-0.000475,-0.000475,-0.451
47.390236,-2.949,-0.2051,0.0007296,-0.0002878,-0.0002878,-0.2878,-0.0002894,-0.0002894,-0.2549
47.400234,-2.988,-0.2393,0.000753,7.399e-06,7.399e-06,0.007399,6.105e-06,6.105e-06,0.01961
47.410233,-3.076,-0.2588,0.000826,0.0002998,0.0002998,0.2998,0.0002991,0.0002991,0.3333
47.420235,-3.105,-0.2637,0.0009427,0.0004778,0.0004778,0.4778,0.0004774,0.0004774,0.4902
47.430233,-3.145,-0.2539,0.001071,0.0004732,0.0004732,0.4732,0.0004725,0.0004725,0.4902
47.440231,-3.179,-0.2344,0.001167,0.0002879,0.0002879,0.2879,0.0002869,0.0002869,0.2941
47.450233,-3.218,-0.2295,0.00124,-7.376e-06,-7.376e-06,-0.007376,-8.547e-06,-8.547e-06,0.01961
47.460236,-3.257,-0.2393,0.001255,-0.0002999,-0.0002999,-0.2999,-0.0003016,-0.0003016,-0.2941
47.470234,-3.315,-0.2588,0.001232,-0.0004778,-0.0004778,-0.4778,-0.0004799,-0.0004799,-0.451
47.480236,-3.369,-0.2832,0.001191,-0.0004732,-0.0004732,-0.4732,-0.000475,-0.000475,-0.451
47.490234,-3.433,-0.3223,0.001191,-0.0002879,-0.0002879,-0.2879,-0.0002894,-0.0002894,-0.2549
47.500233,-3.472,-0.3271,0.001214,7.352e-06,7.352e-06,0.007352,6.105e-06,6.105e-06,0.01961
47.510235,-3.525,-0.3223,0.001296,0.0002999,0.0002999,0.2999,0.0002991,0.0002991,0.3333
47.520233,-3.54,-0.3076,0.001418,0.0004778,0.0004778,0.4778,0.0004774,0.0004774,0.4902
47.530235,-3.54,-0.2832,0.001559,0.0004732,0.0004732,0.4732,0.0004725,0.0004725,0.4902
47.540234,-3.545,-0.2393,0.001658,0.0002879,0.0002879,0.2879,0.0002869,0.0002869,0.2941
47.550236,-3.56,-0.2197,0.001737,-7.448e-06,-7.448e-06,-0.007448,-8.547e-06,-8.547e-06,0.01961
47.560234,-3.569,-0.21,0.001742,-0.0002998,-0.0002998,-0.2998,-0.0003016,-0.0003016,-0.2941
47.570236,-3.584,-0.2002,0.001704,-0.0004778,-0.0004778,-0.4778,-0.0004799,-0.0004799,-0.451
47.580235,-3.604,-0.21,0.001652,-0.0004732,-0.0004732,-0.4732,-0.000475,-0.000475,-0.451
47.590233,-3.633,-0.2051,0.001614,-0.0002879,-0.0002879,-0.2879,-0.0002894,-0.0002894,-0.2549
47.600235,-3.623,-0.1953,0.001631,7.424e-06,7.424e-06,0.007424,6.105e-06,6.105e-06,0.01961
47.610233,-3.628,-0.1758,0.001684,0.0002998,0.0002998,0.2998,0.0002991,0.0002991,0.3333
47.620232,-3.594,-0.1416,0.001789,0.0004777,0.0004777,0.4777,0.0004774,0.0004774,0.4902
47.630234,-3.555,-0.09277,0.001894,0.0004732,0.0004732,0.4732,0.0004725,0.0004725,0.4902
47.640236,-3.511,-0.04883,0.001964,0.0002878,0.0002878,0.2878,0.0002869,0.0002869,0.2941
47.650234,-3.467,-0.004883,0.002002,-7.4e-06,-7.4e-06,-0.0074,-8.547e-06,-8.547e-06,0.01961
47.660233,-3.442,0.01465,0.001985,-0.0002998,-0.0002998,-0.2998,-0.0003016,-0.0003016,-0.2941
47.670235,-3.408,0.03418,0.001909,-0.0004778,-0.0004778,-0.4778,-0.0004799,-0.0004799,-0.451
47.680233,-3.389,0.04395,0.001812,-0.0004732,-0.0004732,-0.4732,-0.000475,-0.000475,-0.451
47.690235,-3.379,0.04395,0.001737,-0.0002879,-0.0002879,-0.2879,-0.0002894,-0.0002894,-0.2549
47.700233,-3.325,0.06348,0.001713,7.376e-06,7.376e-06,0.007376,6.105e-06,6.105e-06,0.01961
47.710236,-3.286,0.08301,0.001728,0.0002999,0.0002999,0.2999,0.0002991,0.0002991,0.3333
47.720234,-3.228,0.1221,0.001783,0.0004778,0.0004778,0.4778,0.0004774,0.0004774,0.4902
47.730236,-3.164,0.1758,0.001842,0.0004732,0.0004732,0.4732,0.0004725,0.0004725,0.4902
47.740234,-3.086,0.2148,0.001885,0.0002879,0.0002879,0.2879,0.0002869,0.0002869,0.2941
47.750233,-3.003,0.2539,0.001877,-7.352e-06,-7.352e-06,-0.007352,-8.547e-06,-8.547e-06,0.01961
47.760235,-2.959,0.2734,0.001801,-0.0002999,-0.0002999,-0.2999,-0.0003016,-0.0003016,-0.2941
47.770233,-2.91,0.2881,0.001687,-0.0004778,-0.0004778,-0.4778,-0.0004799,-0.0004799,-0.451
47.780235,-2.876,0.2979,0.00155,-0.0004732,-0.0004732,-0.4732,-0.000475,-0.000475,-0.451
47.790234,-2.832,0.2783,0.001436,-0.0002879,-0.0002879,-0.2879,-0.0002894,-0.0002894,-0.2549
47.800236,-2.783,0.2832,0.001378,7.448e-06,7.448e-06,0.007448,6.105e-06,6.105e-06,0.01961
47.810234,-2.739,0.2881,0.001354,0.0002998,0.0002998,0.2998,0.0002991,0.0002991,0.3333
47.820232,-2.671,0.3125,0.00138,0.0004777,0.0004777,0.4777,0.0004774,0.0004774,0.4902
47.830235,-2.598,0.3467,0.001418,0.0004732,0.0004732,0.4732,0.0004725,0.0004725,0.4902
47.840233,-2.539,0.3711,0.00143,0.0002879,0.0002879,0.2879,0.0002869,0.0002869,0.2941
47.850235,-2.48,0.4053,0.001386,-7.424e-06,-7.424e-06,-0.007424,-8.547e-06,-8.547e-06,0.01961
47.860233,-2.437,0.3955,0.001305,-0.0002998,-0.0002998,-0.2998,-0.0003016,-0.0003016,-0.2941
47.870232,-2.402,0.3857,0.00117,-0.0004777,-0.0004777,-0.4777,-0.0004799,-0.0004799,-0.451
47.880234,-2.388,0.3613,0.001027,-0.0004732,-0.0004732,-0.4732,-0.000475,-0.000475,-0.451
47.890232,-2.378,0.3271,0.0009077,-0.0002879,-0.0002879,-0.2879,-0.0002894,-0.0002894,-0.2549
47.900234,-2.358,0.3125,0.0008406,7.4e-06,7.4e-06,0.0074,6.105e-06,6.105e-06,0.01961
47.910233,-2.324,0.2783,0.0008289,0.0002998,0.0002998,0.2998,0.0002991,0.0002991,0.3333
47.920235,-2.305,0.293,0.0008522,0.0004778,0.0004778,0.4778,0.0004774,0.0004774,0.4902
47.930233,-2.28,0.3076,0.0008843,0.0004732,0.0004732,0.4732,0.0004725,0.0004725,0.4902
47.940235,-2.251,0.3223,0.000896,0.0002879,0.0002879,0.2879,0.0002869,0.0002869,0.2941
47.950233,-2.241,0.332,0.0008639,-7.376e-06,-7.376e-06,-0.007376,-8.547e-06,-8.547e-06,0.01961
47.960232,-2.251,0.2832,0.0008172,-0.0002998,-0.0002998,-0.2998,-0.0003016,-0.0003016,-0.2941
47.970234,-2.241,0.2539,0.0007092,-0.0004778,-0.0004778,-0.4778,-0.0004799,-0.0004799,-0.451
47.980236,-2.275,0.2002,0.0005983,-0.0004732,-0.0004732,-0.4732,-0.000475,-0.000475,-0.451
47.990234,-2.305,0.1465,0.0005078,-0.0002879,-0.0002879,-0.2879,-0.0002894,-0.0002894,-0.2549
48.000233,-2.358,0.1172,0.000467,7.352e-06,7.352e-06,0.007352,6.105e-06,6.105e-06,0.01961
48.010235,-2.383,0.07324,0.0004903,0.0002999,0.0002999,0.2999,0.0002991,0.0002991,0.3333
48.020233,-2.397,0.05859,0.0005487,0.0004778,0.0004778,0.4778,0.0004774,0.0004774,0.4902
48.030235,-2.417,0.06348,0.0006217,0.0004732,0.0004732,0.4732,0.0004725,0.0004725,0.4902
48.040234,-2.437,0.04883,0.0006946,0.0002879,0.0002879,0.2879,0.0002869,0.0002869,0.2941
48.050236,-2.461,0.03418,0.0007267,-7.448e-06,-7.448e-06,-0.007448,-8.547e-06,-8.547e-06,0.01961
48.060234,-2.524,0.009766,0.0006859,-0.0002998,-0.0002998,-0.2998,-0.0003016,-0.0003016,-0.2941
48.070232,-2.578,-0.04395,0.0006392,-0.0004777,-0.0004777,-0.4777,-0.0004799,-0.0004799,-0.451
48.080235,-2.651,-0.09277,0.0005662,-0.0004732,-0.0004732,-0.4732,-0.000475,-0.000475,-0.451
48.090233,-2.729,-0.1465,0.0005224,-0.0002879,-0.0002879,-0.2879,-0.0002894,-0.0002894,-0.2549
48.100235,-2.788,-0.1709,0.0005166,7.424e-06,7.424e-06,0.007424,6.105e-06,6.105e-06,0.01961
48.110233,-2.856,-0.2246,0.0005983,0.0002998,0.0002998,0.2998,0.0002991,0.0002991,0.3333
48.120235,-2.896,-0.2246,0.0007092,0.0004778,0.0004778,0.4778,0.0004774,0.0004774,0.4902
48.130234,-2.939,-0.2295,0.0008376,0.0004732,0.0004732,0.4732,0.0004725,0.0004725,0.4902
48.140236,-3.003,-0.2295,0.0009456,0.0002878,0.0002878,0.2878,0.0002869,0.0002869,0.2941
48.150234,-3.047,-0.2393,0.00103,-7.4e-06,-7.4e-06,-0.0074,-8.547e-06,-8.547e-06,0.01961
48.160236,-3.12,-0.2637,0.001039,-0.0002999,-0.0002999,-0.2999,-0.0003016,-0.0003016,-0.2941
48.170235,-3.184,-0.2734,0.001001,-0.0004778,-0.0004778,-0.4778,-0.0004799,-0.0004799,-0.451
48.180233,-3.267,-0.3174,0.0009748,-0.0004732,-0.0004732,-0.4732,-0.000475,-0.000475,-0.451
48.190235,-3.345,-0.3564,0.0009661,-0.0002879,-0.0002879,-0.2879,-0.0002894,-0.0002894,-0.2549
48.200233,-3.389,-0.3711,0.001007,7.376e-06,7.376e-06,0.007376,6.105e-06,6.105e-06,0.01961
48.210232,-3.447,-0.3955,0.001109,0.0002998,0.0002998,0.2998,0.0002991,0.0002991,0.3333
48.220234,-3.491,-0.3711,0.001237,0.0004778,0.0004778,0.4778,0.0004774,0.0004774,0.4902
48.230232,-3.53,-0.3516,0.001389,0.0004732,0.0004732,0.4732,0.0004725,0.0004725,0.4902
48.240234,-3.564,-0.3369,0.001515,0.0002879,0.0002879,0.2879,0.0002869,0.0002869,0.2941
48.250233,-3.594,-0.293,0.001585,-7.352e-06,-7.352e-06,-0.007352,-8.547e-06,-8.547e-06,0.01961
48.260235,-3.608,-0.3125,0.001626,-0.0002999,-0.0002999,-0.2999,-0.0003016,-0.0003016,-0.2941
48.270233,-3.647,-0.3027,0.001599,-0.0004778,-0.0004778,-0.4778,-0.0004799,-0.0004799,-0.451
48.280235,-3.687,-0.3125,0.001564,-0.0004732,-0.0004732,-0.4732,-0.000475,-0.000475,-0.451
48.290234,-3.735,-0.3223,0.00155,-0.0002879,-0.0002879,-0.2879,-0.0002894,-0.0002894,-0.2549
48.300232,-3.735,-0.3271,0.001599,7.328e-06,7.328e-06,0.007328,6.105e-06,6.105e-06,0.01961
48.310234,-3.774,-0.3027,0.001661,0.0002998,0.0002998,0.2998,0.0002991,0.0002991,0.3333
48.320232,-3.76,-0.2637,0.001783,0.0004777,0.0004777,0.4777,0.0004774,0.0004774,0.4902
48.330235,-3.735,-0.2148,0.001906,0.0004732,0.0004732,0.4732,0.0004725,0.0004725,0.4902
48.340233,-3.716,-0.1758,0.002014,0.0002879,0.0002879,0.2879,0.0002869,0.0002869,0.2941
48.350235,-3.672,-0.1318,0.002061,-7.424e-06,-7.424e-06,-0.007424,-8.547e-06,-8.547e-06,0.01961
48.360233,-3.662,-0.1025,0.002052,-0.0002998,-0.0002998,-0.2998,-0.0003016,-0.0003016,-0.2941
48.370235,-3.647,-0.08301,0.002002,-0.0004778,-0.0004778,-0.4778,-0.0004799,-0.0004799,-0.451
48.380234,-3.633,-0.07812,0.001932,-0.0004732,-0.0004732,-0.4732,-0.000475,-0.000475,-0.451
48.390232,-3.623,-0.06836,0.001874,-0.0002879,-0.0002879,-0.2879,-0.0002894,-0.0002894,-0.2549
48.400234,-3.579,-0.04883,0.001859,7.4e-06,7.4e-06,0.0074,6.105e-06,6.105e-06,0.01961
48.410233,-3.535,-0.01953,0.001897,0.0002998,0.0002998,0.2998,0.0002991,0.0002991,0.3333
48.420235,-3.481,0.03418,0.001958,0.0004778,0.0004778,0.4778,0.0004774,0.0004774,0.4902
48.430233,-3.418,0.08301,0.00204,0.0004732,0.0004732,0.4732,0.0004725,0.0004725,0.4902
48.440235,-3.345,0.1318,0.002096,0.0002878,0.0002878,0.2878,0.0002869,0.0002869,0.2941
48.450233,-3.262,0.1855,0.002093,-7.376e-06,-7.376e-06,-0.007376,-8.547e-06,-8.547e-06,0.01961
48.460236,-3.218,0.2197,0.002031,-0.0002999,-0.0002999,-0.2999,-0.0003016,-0.0003016,-0.2941
48.470234,-3.154,0.2441,0.00192,-0.0004778,-0.0004778,-0.4778,-0.0004799,-0.0004799,-0.451
48.480232,-3.11,0.2393,0.001801,-0.0004732,-0.0004732,-0.4732,-0.000475,-0.000475,-0.451
48.490234,-3.062,0.2539,0.001684,-0.0002879,-0.0002879,-0.2879,-0.0002894,-0.0002894,-0.2549
48.500233,-2.993,0.2686,0.001623,7.353e-06,7.353e-06,0.007353,6.105e-06,6.105e-06,0.01961
48.510235,-2.939,0.2832,0.001608,0.0002999,0.0002999,0.2999,0.0002991,0.0002991,0.3333
48.520233,-2.852,0.3223,0.001634,0.0004778,0.0004778,0.4778,0.0004774,0.0004774,0.4902
48.530235,-2.769,0.3613,0.001669,0.0004732,0.0004732,0.4732,0.0004725,0.0004725,0.4902
48.540234,-2.681,0.3955,0.001672,0.0002879,0.0002879,0.2879,0.0002869,0.0002869,0.2941
48.550236,-2.593,0.4346,0.001634,-7.448e-06,-7.448e-06,-0.007448,-8.547e-06,-8.547e-06,0.01961
48.560234,-2.544,0.4395,0.001541,-0.0002998,-0.0002998,-0.2998,-0.0003016,-0.0003016,-0.2941
48.570236,-2.49,0.4443,0.001386,-0.0004778,-0.0004778,-0.4778,-0.0004799,-0.0004799,-0.451
48.580235,-2.446,0.4248,0.001229,-0.0004732,-0.0004732,-0.4732,-0.000475,-0.000475,-0.451
48.590233,-2.412,0.4053,0.001109,-0.0002879,-0.0002879,-0.2879,-0.0002894,-0.0002894,-0.2549
48.600235,-2.358,0.3955,0.001019,7.424e-06,7.424e-06,0.007424,6.105e-06,6.105e-06,0.01961
48.610233,-2.329,0.3809,0.0009952,0.0002998,0.0002998,0.2998,0.0002991,0.0002991,0.3333
48.620235,-2.271,0.4004,0.001004,0.0004778,0.0004778,0.4778,0.0004774,0.0004774,0.4902
48.630234,-2.222,0.415,0.001022,0.0004732,0.0004732,0.4732,0.0004725,0.0004725,0.4902
48.640232,-2.173,0.4297,0.001022,0.0002879,0.0002879,0.2879,0.0002869,0.0002869,0.2941
48.650234,-2.129,0.4346,0.0009748,-7.401e-06,-7.401e-06,-0.007401,-8.547e-06,-8.547e-06,0.01961
48.660233,-2.109,0.4053,0.0008843,-0.0002998,-0.0002998,-0.2998,-0.0003016,-0.0003016,-0.2941
48.670235,-2.109,0.3809,0.0007588,-0.0004778,-0.0004778,-0.4778,-0.0004799,-0.0004799,-0.451
48.680233,-2.119,0.332,0.0006246,-0.0004732,-0.0004732,-0.4732,-0.000475,-0.000475,-0.451
48.690235,-2.139,0.2832,0.0005166,-0.0002878,-0.0002878,-0.2878,-0.0002894,-0.0002894,-0.2549
48.700233,-2.148,0.249,0.0004465,7.377e-06,7.377e-06,0.007377,6.105e-06,6.105e-06,0.01961
48.710236,-2.173,0.2197,0.0004378,0.0002999,0.0002999,0.2999,0.0002991,0.0002991,0.3333
48.720234,-2.168,0.21,0.0004757,0.0004778,0.0004778,0.4778,0.0004774,0.0004774,0.4902
48.730232,-2.168,0.1953,0.0005399,0.0004732,0.0004732,0.4732,0.0004725,0.0004725,0.4902
48.740234,-2.178,0.1709,0.0005925,0.0002879,0.0002879,0.2879,0.0002869,0.0002869,0.2941
48.750233,-2.202,0.166,0.0005896,-7.353e-06,-7.353e-06,-0.007353,-8.547e-06,-8.547e-06,0.01961
48.760235,-2.251,0.127,0.0005429,-0.0002999,-0.0002999,-0.2999,-0.0003016,-0.0003016,-0.2941
48.770233,-2.29,0.07812,0.0004699,-0.0004778,-0.0004778,-0.4778,-0.0004799,-0.0004799,-0.451
48.780235,-2.368,0.01465,0.0003882,-0.0004732,-0.0004732,-0.4732,-0.000475,-0.000475,-0.451
48.790234,-2.446,-0.03906,0.0003181,-0.0002879,-0.0002879,-0.2879,-0.0002894,-0.0002894,-0.2549
48.800236,-2.51,-0.08301,0.0003123,7.449e-06,7.449e-06,0.007449,6.105e-06,6.105e-06,0.01961
48.810234,-2.573,-0.1318,0.0003707,0.0002998,0.0002998,0.2998,0.0002991,0.0002991,0.3333
48.820232,-2.622,-0.1465,0.0004611,0.0004777,0.0004777,0.4777,0.0004774,0.0004774,0.4902
48.830235,-2.681,-0.166,0.0005866,0.0004732,0.0004732,0.4732,0.0004725,0.0004725,0.4902
48.840233,-2.734,-0.1855,0.0006946,0.0002879,0.0002879,0.2879,0.0002869,0.0002869,0.2941
48.850235,-2.793,-0.2002,0.0007559,-7.425e-06,-7.425e-06,-0.007425,-8.547e-06,-8.547e-06,0.01961
48.860233,-2.871,-0.2295,0.0007647,-0.0002998,-0.0002998,-0.2998,-0.0003016,-0.0003016,-0.2941
48.870232,-2.949,-0.2539,0.0007296,-0.0004777,-0.0004777,-0.4777,-0.0004799,-0.0004799,-0.451
48.880234,-3.047,-0.3027,0.0006917,-0.0004732,-0.0004732,-0.4732,-0.000475,-0.000475,-0.451
48.890236,-3.145,-0.3662,0.0006975,-0.0002878,-0.0002878,-0.2878,-0.0002894,-0.0002894,-0.2549
48.900234,-3.223,-0.3906,0.0007355,7.401e-06,7.401e-06,0.007401,6.105e-06,6.105e-06,0.01961
48.910233,-3.315,-0.4199,0.0008406,0.0002998,0.0002998,0.2998,0.0002991,0.0002991,0.3333
48.920235,-3.354,-0.4199,0.0009806,0.0004778,0.0004778,0.4778,0.0004774,0.0004774,0.4902
48.930233,-3.413,-0.415,0.001144,0.0004732,0.0004732,0.4732,0.0004725,0.0004725,0.4902
48.940235,-3.457,-0.4004,0.001275,0.0002878,0.0002878,0.2878,0.0002869,0.0002869,0.2941
48.950233,-3.516,-0.3711,0.001354,-7.377e-06,-7.377e-06,-0.007377,-8.547e-06,-8.547e-06,0.01961
48.960236,-3.574,-0.3955,0.001407,-0.0002999,-0.0002999,-0.2999,-0.0003016,-0.0003016,-0.2941
48.970234,-3.638,-0.3955,0.001398,-0.0004778,-0.0004778,-0.4778,-0.0004799,-0.0004799,-0.451
48.980232,-3.706,-0.4199,0.001386,-0.0004732,-0.0004732,-0.4732,-0.000475,-0.000475,-0.451
48.990234,-3.765,-0.4395,0.001395,-0.0002879,-0.0002879,-0.2879,-0.0002894,-0.0002894,-0.2549
49.000233,-3.799,-0.4346,0.001439,7.353e-06,7.353e-06,0.007353,6.105e-06,6.105e-06,0.01961
49.010235,-3.853,-0.4297,0.001538,0.0002999,0.0002999,0.2999,0.0002991,0.0002991,0.3333
49.020233,-3.867,-0.4053,0.001687,0.0004778,0.0004778,0.4778,0.0004774,0.0004774,0.4902
49.030235,-3.877,-0.3662,0.001845,0.0004732,0.0004732,0.4732,0.0004725,0.0004725,0.4902
49.040234,-3.882,-0.3174,0.001961,0.0002879,0.0002879,0.2879,0.0002869,0.0002869,0.2941
49.050232,-3.867,-0.2783,0.002037,-7.329e-06,-7.329e-06,-0.007329,-8.547e-06,-8.547e-06,0.01961
49.060234,-3.882,-0.2393,0.002043,-0.0002998,-0.0002998,-0.2998,-0.0003016,-0.0003016,-0.2941
49.070232,-3.862,-0.2295,0.002023,-0.0004777,-0.0004777,-0.4777,-0.0004799,-0.0004799,-0.451
49.080235,-3.862,-0.2246,0.001982,-0.0004732,-0.0004732,-0.4732,-0.000475,-0.000475,-0.451
49.090233,-3.872,-0.2197,0.001955,-0.0002879,-0.0002879,-0.2879,-0.0002894,-0.0002894,-0.2549
49.100235,-3.857,-0.1904,0.001958,7.425e-06,7.425e-06,0.007425,6.105e-06,6.105e-06,0.01961
49.110233,-3.838,-0.1611,0.002017,0.0002998,0.0002998,0.2998,0.0002991,0.0002991,0.3333
49.120235,-3.784,-0.1025,0.002107,0.0004778,0.0004778,0.4778,0.0004774,0.0004774,0.4902
49.130234,-3.73,-0.04395,0.002204,0.0004732,0.0004732,0.4732,0.0004725,0.0004725,0.4902
49.140236,-3.662,0.03418,0.002262,0.0002878,0.0002878,0.2878,0.0002869,0.0002869,0.2941
49.150234,-3.579,0.07324,0.002297,-7.401e-06,-7.401e-06,-0.007401,-8.547e-06,-8.547e-06,0.01961
49.160233,-3.516,0.1074,0.002253,-0.0002998,-0.0002998,-0.2998,-0.0003016,-0.0003016,-0.2941
49.170235,-3.467,0.1416,0.002163,-0.0004778,-0.0004778,-0.4778,-0.0004799,-0.0004799,-0.451
49.180233,-3.418,0.1514,0.002055,-0.0004732,-0.0004732,-0.4732,-0.000475,-0.000475,-0.451
49.190235,-3.369,0.1709,0.00197,-0.0002878,-0.0002878,-0.2878,-0.0002894,-0.0002894,-0.2549
49.200233,-3.291,0.1953,0.001912,7.377e-06,7.377e-06,0.007377,6.105e-06,6.105e-06,0.01961
49.210232,-3.232,0.2441,0.001885,0.0002998,0.0002998,0.2998,0.0002991,0.0002991,0.3333
49.220234,-3.13,0.2881,0.001923,0.0004778,0.0004778,0.4778,0.0004774,0.0004774,0.4902
49.230236,-3.022,0.3271,0.001964,0.0004732,0.0004732,0.4732,0.0004725,0.0004725,0.4902
49.240234,-2.925,0.3857,0.001973,0.0002879,0.0002879,0.2879,0.0002869,0.0002869,0.2941
49.250233,-2.827,0.4248,0.001941,-7.353e-06,-7.353e-06,-0.007353,-8.547e-06,-8.547e-06,0.01961
49.260235,-2.764,0.4541,0.001845,-0.0002999,-0.0002999,-0.2999,-0.0003016,-0.0003016,-0.2941
49.270233,-2.676,0.4736,0.001693,-0.0004778,-0.0004778,-0.4778,-0.0004799,-0.0004799,-0.451
49.280235,-2.617,0.4785,0.001526,-0.0004732,-0.0004732,-0.4732,-0.000475,-0.000475,-0.451
49.290234,-2.554,0.4688,0.001383,-0.0002879,-0.0002879,-0.2879,-0.0002894,-0.0002894,-0.2549
49.300236,-2.48,0.459,0.001287,7.449e-06,7.449e-06,0.007449,6.105e-06,6.105e-06,0.01961
49.310234,-2.437,0.4688,0.001246,0.0002998,0.0002998,0.2998,0.0002991,0.0002991,0.3333
49.320236,-2.334,0.4932,0.00124,0.0004778,0.0004778,0.4778,0.0004774,0.0004774,0.4902
49.330235,-2.256,0.5029,0.001258,0.0004732,0.0004732,0.4732,0.0004725,0.0004725,0.4902
49.340233,-2.188,0.5371,0.00124,0.0002879,0.0002879,0.2879,0.0002869,0.0002869,0.2941
49.350235,-2.124,0.5518,0.001179,-7.425e-06,-7.425e-06,-0.007425,-8.547e-06,-8.547e-06,0.01961
49.360233,-2.07,0.5371,0.001065,-0.0002998,-0.0002998,-0.2998,-0.0003016,-0.0003016,-0.2941
49.370235,-2.031,0.5273,0.0009106,-0.0004778,-0.0004778,-0.4778,-0.0004799,-0.0004799,-0.451
49.380234,-2.012,0.4834,0.0007472,-0.0004732,-0.0004732,-0.4732,-0.000475,-0.000475,-0.451
49.390236,-2.002,0.4492,0.0006071,-0.0002878,-0.0002878,-0.2878,-0.0002894,-0.0002894,-0.2549
49.400234,-1.982,0.4102,0.0005224,7.401e-06,7.401e-06,0.007401,6.105e-06,6.105e-06,0.01961
49.410233,-1.992,0.3809,0.0004962,0.0002998,0.0002998,0.2998,0.0002991,0.0002991,0.3333
49.420235,-1.953,0.3662,0.0005078,0.0004778,0.0004778,0.4778,0.0004774,0.0004774,0.4902
49.430233,-1.953,0.3564,0.0005458,0.0004732,0.0004732,0.4732,0.0004725,0.0004725,0.4902
49.440235,-1.929,0.3516,0.0005545,0.0002878,0.0002878,0.2878,0.0002869,0.0002869,0.2941
49.450233,-1.919,0.3369,0.0005312,-7.377e-06,-7.377e-06,-0.007377,-8.547e-06,-8.547e-06,0.01961
49.460232,-1.982,0.2979,0.0004524,-0.0002998,-0.0002998,-0.2998,-0.0003016,-0.0003016,-0.2941
49.470234,-1.997,0.2441,0.0003502,-0.0004778,-0.0004778,-0.4778,-0.0004799,-0.0004799,-0.451
49.480236,-2.036,0.1807,0.0002393,-0.0004732,-0.0004732,-0.4732,-0.000475,-0.000475,-0.451
49.490234,-2.109,0.1123,0.0001605,-0.0002879,-0.0002879,-0.2879,-0.0002894,-0.0002894,-0.2549
49.500233,-2.173,0.06348,0.0001284,7.353e-06,7.353e-06,0.007353,6.105e-06,6.105e-06,0.01961
49.510235,-2.236,0.009766,0.0001547,0.0002999,0.0002999,0.2999,0.0002991,0.0002991,0.3333
49.520233,-2.271,-0.01953,0.0002364,0.0004778,0.0004778,0.4778,0.0004774,0.0004774,0.4902
49.530235,-2.329,-0.05859,0.0003386,0.0004732,0.0004732,0.4732,0.0004725,0.0004725,0.4902
49.540234,-2.383,-0.06348,0.0004115,0.0002879,0.0002879,0.2879,0.0002869,0.0002869,0.2941
49.550236,-2.437,-0.09766,0.0004641,-7.449e-06,-7.449e-06,-0.007449,-8.547e-06,-8.547e-06,0.01961
49.560234,-2.534,-0.1318,0.0004524,-0.0002998,-0.0002998,-0.2998,-0.0003016,-0.0003016,-0.2941
49.570232,-2.617,-0.1904,0.0004232,-0.0004777,-0.0004777,-0.4777,-0.0004799,-0.0004799,-0.451
49.580235,-2.729,-0.2588,0.0003853,-0.0004732,-0.0004732,-0.4732,-0.000475,-0.000475,-0.451
49.590233,-2.837,-0.3125,0.0003677,-0.0002879,-0.0002879,-0.2879,-0.0002894,-0.0002894,-0.2549
49.600235,-2.939,-0.3564,0.0004057,7.425e-06,7.425e-06,0.007425,6.105e-06,6.105e-06,0.01961
49.610233,-3.022,-0.415,0.0005049,0.0002998,0.0002998,0.2998,0.0002991,0.0002991,0.3333
49.620232,-3.105,-0.415,0.0006421,0.0004777,0.0004777,0.4777,0.0004774,0.0004774,0.4902
49.630234,-3.184,-0.4346,0.0008085,0.0004732,0.0004732,0.4732,0.0004725,0.0004725,0.4902
49.640236,-3.267,-0.4248,0.0009427,0.0002878,0.0002878,0.2878,0.0002869,0.0002869,0.2941
49.650234,-3.335,-0.4248,0.001045,-7.401e-06,-7.401e-06,-0.007401,-8.547e-06,-8.547e-06,0.01961
49.660233,-3.418,-0.4492,0.001089,-0.0002998,-0.0002998,-0.2998,-0.0003016,-0.0003016,-0.2941
49.670235,-3.516,-0.4736,0.001112,-0.0004778,-0.0004778,-0.4778,-0.0004799,-0.0004799,-0.451
49.680237,-3.613,-0.5078,0.001103,-0.0004732,-0.0004732,-0.4732,-0.000475,-0.000475,-0.451
49.690235,-3.701,-0.5371,0.001121,-0.0002878,-0.0002878,-0.2878,-0.0002894,-0.0002894,-0.2549
49.700233,-3.774,-0.5469,0.001185,7.378e-06,7.378e-06,0.007378,6.105e-06,6.105e-06,0.01961
49.710232,-3.857,-0.5469,0.001296,0.0002998,0.0002998,0.2998,0.0002991,0.0002991,0.3333
49.720234,-3.896,-0.5322,0.001471,0.0004778,0.0004778,0.4778,0.0004774,0.0004774,0.4902
49.730232,-3.931,-0.5176,0.001658,0.0004732,0.0004732,0.4732,0.0004725,0.0004725,0.4902
49.740234,-3.955,-0.4834,0.00181,0.0002879,0.0002879,0.2879,0.0002869,0.0002869,0.2941
49.750233,-3.975,-0.4443,0.001909,-7.354e-06,-7.354e-06,-0.007354,-8.547e-06,-8.547e-06,0.01961
49.760235,-4.004,-0.4346,0.001955,-0.0002999,-0.0002999,-0.2999,-0.0003016,-0.0003016,-0.2941
49.770237,-4.043,-0.4199,0.001958,-0.0004778,-0.0004778,-0.4778,-0.0004799,-0.0004799,-0.451
49.780235,-4.082,-0.4053,0.001926,-0.0004732,-0.0004732,-0.4732,-0.000475,-0.000475,-0.451
49.790234,-4.106,-0.3955,0.001923,-0.0002879,-0.0002879,-0.2879,-0.0002894,-0.0002894,-0.2549
49.800232,-4.111,-0.3809,0.001973,7.33e-06,7.33e-06,0.00733,6.105e-06,6.105e-06,0.01961
49.810234,-4.116,-0.3418,0.002049,0.0002998,0.0002998,0.2998,0.0002991,0.0002991,0.3333
49.820232,-4.082,-0.2881,0.00218,0.0004777,0.0004777,0.4777,0.0004774,0.0004774,0.4902
49.830235,-4.038,-0.2295,0.002309,0.0004732,0.0004732,0.4732,0.0004725,0.0004725,0.4902
49.840233,-3.989,-0.1611,0.002402,0.0002879,0.0002879,0.2879,0.0002869,0.0002869,0.2941
49.850235,-3.931,-0.09766,0.002452,-7.426e-06,-7.426e-06,-0.007426,-8.547e-06,-8.547e-06,0.01961
49.860233,-3.887,-0.07324,0.002446,-0.0002998,-0.0002998,-0.2998,-0.0003016,-0.0003016,-0.2941
49.870235,-3.838,-0.02441,0.002379,-0.0004778,-0.0004778,-0.4778,-0.0004799,-0.0004799,-0.451
49.880234,-3.794,0.0,0.002288,-0.0004732,-0.0004732,-0.4732,-0.000475,-0.000475,-0.451
49.890232,-3.735,0.0293,0.002218,-0.0002879,-0.0002879,-0.2879,-0.0002894,-0.0002894,-0.2549
49.900234,-3.672,0.06348,0.002186,7.402e-06,7.402e-06,0.007402,6.105e-06,6.105e-06,0.01961
49.910233,-3.604,0.09766,0.002206,0.0002998,0.0002998,0.2998,0.0002991,0.0002991,0.3333
49.920235,-3.506,0.1709,0.002247,0.0004778,0.0004778,0.4778,0.0004774,0.0004774,0.4902
49.930233,-3.408,0.2344,0.002294,0.0004732,0.0004732,0.4732,0.0004725,0.0004725,0.4902
49.940235,-3.286,0.3076,0.002314,0.0002878,0.0002878,0.2878,0.0002869,0.0002869,0.2941
49.950233,-3.179,0.3809,0.002279,-7.378e-06,-7.378e-06,-0.007378,-8.547e-06,-8.547e-06,0.01961
49.960236,-3.086,0.4004,0.002204,-0.0002999,-0.0002999,-0.2999,-0.0003016,-0.0003016,-0.2941
49.970234,-2.988,0.4297,0.002063,-0.0004778,-0.0004778,-0.4778,-0.0004799,-0.0004799,-0.451
49.980232,-2.915,0.4541,0.0019,-0.0004732,-0.0004732,-0.4732,-0.000475,-0.000475,-0.451
49.990234,-2.832,0.4541,0.001766,-0.0002879,-0.0002879,-0.2879,-0.0002894,-0.0002894,-0.2549
50.000233,-2.744,0.4883,0.001658,7.354e-06,7.354e-06,0.007354,6.105e-06,6.105e-06,0.01961
50.010235,-2.646,0.498,0.001617,0.0002999,0.0002999,0.2999,0.0002991,0.0002991,0.3333
50.020233,-2.539,0.5518,0.001582,0.0004778,0.0004778,0.4778,0.0004774,0.0004774,0.4902
50.030235,-2.422,0.5762,0.001594,0.0004732,0.0004732,0.4732,0.0004725,0.0004725,0.4902
50.040234,-2.31,0.6104,0.001573,0.0002879,0.0002879,0.2879,0.0002869,0.0002869,0.2941
50.050232,-2.217,0.6396,0.001494,-7.33e-06,-7.33e-06,-0.00733,-8.547e-06,-8.547e-06,0.01961
50.060234,-2.148,0.6543,0.001357,-0.0002998,-0.0002998,-0.2998,-0.0003016,-0.0003016,-0.2941
50.070236,-2.07,0.6445,0.001188,-0.0004778,-0.0004778,-0.4778,-0.0004799,-0.0004799,-0.451
50.080235,-2.021,0.6152,0.001007,-0.0004732,-0.0004732,-0.4732,-0.000475,-0.000475,-0.451
50.090233,-1.973,0.5908,0.0008406,-0.0002879,-0.0002879,-0.2879,-0.0002894,-0.0002894,-0.2549
50.100235,-1.919,0.5811,0.0007151,7.426e-06,7.426e-06,0.007426,6.105e-06,6.105e-06,0.01961
50.110233,-1.87,0.542,0.0006742,0.0002998,0.0002998,0.2998,0.0002991,0.0002991,0.3333
50.120235,-1.812,0.542,0.0006538,0.0004778,0.0004778,0.4778,0.0004774,0.0004774,0.4902
50.130234,-1.782,0.5371,0.0006538,0.0004732,0.0004732,0.4732,0.0004725,0.0004725,0.4902
50.140232,-1.738,0.5371,0.0006508,0.0002879,0.0002879,0.2879,0.0002869,0.0002869,0.2941
50.150234,-1.704,0.5273,0.0005866,-7.402e-06,-7.402e-06,-0.007402,-8.547e-06,-8.547e-06,0.01961
50.160233,-1.685,0.4932,0.0004786,-0.0002998,-0.0002998,-0.2998,-0.0003016,-0.0003016,-0.2941
50.170235,-1.704,0.4492,0.0003386,-0.0004778,-0.0004778,-0.4778,-0.0004799,-0.0004799,-0.451
50.180233,-1.729,0.3809,0.0001926,-0.0004732,-0.0004732,-0.4732,-0.000475,-0.000475,-0.451
50.190231,-1.763,0.3125,7.88e-05,-0.0002879,-0.0002879,-0.2879,-0.0002894,-0.0002894,-0.2549
50.200233,-1.797,0.2588,1.751e-05,7.378e-06,7.378e-06,0.007378,6.105e-06,6.105e-06,0.01961
50.210236,-1.846,0.2002,1.459e-05,0.0002999,0.0002999,0.2999,0.0002991,0.0002991,0.3333
50.220234,-1.87,0.1807,5.545e-05,0.0004778,0.0004778,0.4778,0.0004774,0.0004774,0.4902
50.230232,-1.924,0.1416,0.0001255,0.0004732,0.0004732,0.4732,0.0004725,0.0004725,0.4902
50.240234,-1.973,0.1074,0.000181,0.0002879,0.0002879,0.2879,0.0002869,0.0002869,0.2941
50.250233,-2.021,0.07812,0.0001955,-7.354e-06,-7.354e-06,-0.007354,-8.547e-06,-8.547e-06,0.01961
50.260235,-2.104,0.01953,0.0001751,-0.0002999,-0.0002999,-0.2999,-0.0003016,-0.0003016,-0.2941
50.270233,-2.183,-0.03906,0.0001109,-0.0004778,-0.0004778,-0.4778,-0.0004799,-0.0004799,-0.451
50.280235,-2.3,-0.1221,5.253e-05,-0.0004732,-0.0004732,-0.4732,-0.000475,-0.000475,-0.451
50.290234,-2.407,-0.1953,1.751e-05,-0.0002879,-0.0002879,-0.2879,-0.0002894,-0.0002894,-0.2549
50.300232,-2.515,-0.2637,3.502e-05,7.33e-06,7.33e-06,0.00733,6.105e-06,6.105e-06,0.01961
50.310234,-2.637,-0.3125,0.0001138,0.0002998,0.0002998,0.2998,0.0002991,0.0002991,0.3333
50.320232,-2.72,-0.3418,0.0002452,0.0004777,0.0004777,0.4777,0.0004774,0.0004774,0.4902
50.330235,-2.822,-0.3711,0.0003998,0.0004732,0.0004732,0.4732,0.0004725,0.0004725,0.4902
50.340233,-2.9,-0.3857,0.0005341,0.0002879,0.0002879,0.2879,0.0002869,0.0002869,0.2941
50.350235,-2.998,-0.415,0.0006333,-7.426e-06,-7.426e-06,-0.007426,-8.547e-06,-8.547e-06,0.01961
50.360233,-3.115,-0.4492,0.00068,-0.0002998,-0.0002998,-0.2998,-0.0003016,-0.0003016,-0.2941
50.370235,-3.228,-0.498,0.0006975,-0.0004778,-0.0004778,-0.4778,-0.0004799,-0.0004799,-0.451
50.380234,-3.364,-0.5469,0.0006917,-0.0004732,-0.0004732,-0.4732,-0.000475,-0.000475,-0.451
50.390232,-3.491,-0.5957,0.0007326,-0.0002879,-0.0002879,-0.2879,-0.0002894,-0.0002894,-0.2549
50.400234,-3.594,-0.6299,0.0008114,7.402e-06,7.402e-06,0.007402,6.105e-06,6.105e-06,0.01961
50.410233,-3.701,-0.6543,0.0009544,0.0002998,0.0002998,0.2998,0.0002991,0.0002991,0.3333
50.420235,-3.774,-0.6445,0.001132,0.0004778,0.0004778,0.4778,0.0004774,0.0004774,0.4902
50.430233,-3.853,-0.6348,0.001319,0.0004732,0.0004732,0.4732,0.0004725,0.0004725,0.4902
50.440235,-3.926,-0.6104,0.001491,0.0002878,0.0002878,0.2878,0.0002869,0.0002869,0.2941
50.450233,-3.984,-0.5859,0.00162,-7.378e-06,-7.378e-06,-0.007378,-8.547e-06,-8.547e-06,0.01961
50.460232,-4.048,-0.6006,0.001707,-0.0002998,-0.0002998,-0.2998,-0.0003016,-0.0003016,-0.2941
50.470234,-4.116,-0.5957,0.001739,-0.0004778,-0.0004778,-0.4778,-0.0004799,-0.0004799,-0.451
50.480232,-4.199,-0.5957,0.001739,-0.0004732,-0.0004732,-0.4732,-0.000475,-0.000475,-0.451
50.490234,-4.258,-0.5811,0.00176,-0.0002879,-0.0002879,-0.2879,-0.0002894,-0.0002894,-0.2549
50.500233,-4.307,-0.5762,0.001836,7.354e-06,7.354e-06,0.007354,6.105e-06,6.105e-06,0.01961
50.510235,-4.346,-0.5566,0.001961,0.0002999,0.0002999,0.2999,0.0002991,0.0002991,0.3333
50.520233,-4.341,-0.5029,0.002122,0.0004778,0.0004778,0.4778,0.0004774,0.0004774,0.4902
50.530235,-4.321,-0.4492,0.002288,0.0004732,0.0004732,0.4732,0.0004725,0.0004725,0.4902
50.540234,-4.302,-0.3857,0.002422,0.0002879,0.0002879,0.2879,0.0002869,0.0002869,0.2941
50.550236,-4.277,-0.3271,0.002504,-7.45e-06,-7.45e-06,-0.00745,-8.547e-06,-8.547e-06,0.01961
50.560234,-4.258,-0.2783,0.002525,-0.0002998,-0.0002998,-0.2998,-0.0003016,-0.0003016,-0.2941
50.570232,-4.233,-0.2441,0.002501,-0.0004777,-0.0004777,-0.4777,-0.0004799,-0.0004799,-0.451
50.580235,-4.219,-0.2051,0.002443,-0.0004732,-0.0004732,-0.4732,-0.000475,-0.000475,-0.451
50.590237,-4.175,-0.1758,0.002405,-0.0002878,-0.0002878,-0.2878,-0.0002894,-0.0002894,-0.2549
50.600235,-4.121,-0.127,0.002405,7.426e-06,7.426e-06,0.007426,6.105e-06,6.105e-06,0.01961
50.610233,-4.058,-0.08789,0.002463,0.0002998,0.0002998,0.2998,0.0002991,0.0002991,0.3333
50.620235,-3.96,-0.009766,0.002542,0.0004778,0.0004778,0.4778,0.0004774,0.0004774,0.4902
50.630234,-3.872,0.06348,0.002621,0.0004732,0.0004732,0.4732,0.0004725,0.0004725,0.4902
50.640232,-3.76,0.1465,0.002665,0.0002879,0.0002879,0.2879,0.0002869,0.0002869,0.2941
50.650234,-3.647,0.2295,0.002653,-7.402e-06,-7.402e-06,-0.007402,-8.547e-06,-8.547e-06,0.01961
50.660233,-3.545,0.2783,0.002589,-0.0002998,-0.0002998,-0.2998,-0.0003016,-0.0003016,-0.2941
50.670235,-3.433,0.3223,0.002469,-0.0004778,-0.0004778,-0.4778,-0.0004799,-0.0004799,-0.451
50.680233,-3.354,0.3516,0.002323,-0.0004732,-0.0004732,-0.4732,-0.000475,-0.000475,-0.451
50.690235,-3.252,0.3906,0.002192,-0.0002878,-0.0002878,-0.2878,-0.0002894,-0.0002894,-0.2549
50.700233,-3.145,0.4199,0.00211,7.378e-06,7.378e-06,0.007378,6.105e-06,6.105e-06,0.01961
50.710236,-3.022,0.4639,0.002055,0.0002999,0.0002999,0.2999,0.0002991,0.0002991,0.3333
50.720234,-2.881,0.5273,0.00204,0.0004778,0.0004778,0.4778,0.0004774,0.0004774,0.4902
50.730236,-2.759,0.5811,0.002043,0.0004732,0.0004732,0.4732,0.0004725,0.0004725,0.4902
50.740234,-2.617,0.6543,0.002008,0.0002879,0.0002879,0.2879,0.0002869,0.0002869,0.2941
50.750233,-2.485,0.6934,0.001923,-7.354e-06,-7.354e-06,-0.007354,-8.547e-06,-8.547e-06,0.01961
50.760235,-2.368,0.7129,0.001786,-0.0002999,-0.0002999,-0.2999,-0.0003016,-0.0003016,-0.2941
50.770233,-2.261,0.7324,0.001599,-0.0004778,-0.0004778,-0.4778,-0.0004799,-0.0004799,-0.451
50.780235,-2.178,0.7178,0.001404,-0.0004732,-0.0004732,-0.4732,-0.000475,-0.000475,-0.451
50.790234,-2.1,0.7031,0.001226,-0.0002879,-0.0002879,-0.2879,-0.0002894,-0.0002894,-0.2549
50.800232,-1.997,0.7031,0.001086,7.331e-06,7.331e-06,0.007331,6.105e-06,6.105e-06,0.01961
50.810234,-1.914,0.6885,0.001016,0.0002998,0.0002998,0.2998,0.0002991,0.0002991,0.3333
50.820232,-1.831,0.7373,0.0009456,0.0004777,0.0004777,0.4777,0.0004774,0.0004774,0.4902
50.830235,-1.729,0.7324,0.0009223,0.0004732,0.0004732,0.4732,0.0004725,0.0004725,0.4902
50.840233,-1.646,0.7422,0.0008785,0.0002879,0.0002879,0.2879,0.0002869,0.0002869,0.2941
50.850235,-1.562,0.7275,0.0007997,-7.426e-06,-7.426e-06,-0.007426,-8.547e-06,-8.547e-06,0.01961
50.860233,-1.504,0.6934,0.0006625,-0.0002998,-0.0002998,-0.2998,-0.0003016,-0.0003016,-0.2941
50.870235,-1.445,0.6689,0.0004845,-0.0004778,-0.0004778,-0.4778,-0.0004799,-0.0004799,-0.451
50.880234,-1.426,0.6152,0.0002977,-0.0004732,-0.0004732,-0.4732,-0.000475,-0.000475,-0.451
50.890232,-1.392,0.5664,0.0001284,-0.0002879,-0.0002879,-0.2879,-0.0002894,-0.0002894,-0.2549
50.900234,-1.377,0.5127,2.335e-05,7.403e-06,7.403e-06,0.007403,6.105e-06,6.105e-06,0.01961
50.910233,-1.353,0.459,-1.459e-05,0.0002998,0.0002998,0.2998,0.0002991,0.0002991,0.3333
50.920235,-1.318,0.4395,-2.043e-05,0.0004778,0.0004778,0.4778,0.0004774,0.0004774,0.4902
50.930233,-1.294,0.4053,1.459e-05,0.0004732,0.0004732,0.4732,0.0004725,0.0004725,0.4902
50.940235,-1.265,0.376,2.919e-05,0.0002878,0.0002878,0.2878,0.0002869,0.0002869,0.2941
50.950233,-1.274,0.3418,2.919e-06,-7.379e-06,-7.379e-06,-0.007379,-8.547e-06,-8.547e-06,0.01961
50.960236,-1.313,0.2881,-7.588e-05,-0.0002999,-0.0002999,-0.2999,-0.0003016,-0.0003016,-0.2941
50.970234,-1.353,0.2344,-0.0001868,-0.0004778,-0.0004778,-0.4778,-0.0004799,-0.0004799,-0.451
50.980232,-1.436,0.1416,-0.0002831,-0.0004732,-0.0004732,-0.4732,-0.000475,-0.000475,-0.451
50.990234,-1.528,0.06836,-0.000359,-0.0002879,-0.0002879,-0.2879,-0.0002894,-0.0002894,-0.2549
51.000233,-1.626,-0.009766,-0.0003765,7.355e-06,7.355e-06,0.007355,6.105e-06,6.105e-06,0.01961
51.010235,-1.763,-0.06836,-0.0003415,0.0002999,0.0002999,0.2999,0.0002991,0.0002991,0.3333
51.020233,-1.86,-0.1367,-0.0002218,0.0004778,0.0004778,0.4778,0.0004774,0.0004774,0.4902
51.030235,-1.982,-0.166,-0.0001197,0.0004732,0.0004732,0.4732,0.0004725,0.0004725,0.4902
51.040234,-2.09,-0.1953,-1.751e-05,0.0002879,0.0002879,0.2879,0.0002869,0.0002869,0.2941
51.050232,-2.217,-0.2295,4.378e-05,-7.331e-06,-7.331e-06,-0.007331,-8.547e-06,-8.547e-06,0.01961
51.060234,-2.344,-0.3027,7.88e-05,-0.0002998,-0.0002998,-0.2998,-0.0003016,-0.0003016,-0.2941
51.070236,-2.505,-0.3613,6.421e-05,-0.0004778,-0.0004778,-0.4778,-0.0004799,-0.0004799,-0.451
51.080235,-2.666,-0.4443,5.837e-05,-0.0004732,-0.0004732,-0.4732,-0.000475,-0.000475,-0.451
51.090233,-2.817,-0.5176,7.88e-05,-0.0002879,-0.0002879,-0.2879,-0.0002894,-0.0002894,-0.2549
51.100235,-2.969,-0.5811,0.0001547,7.427e-06,7.427e-06,0.007427,6.105e-06,6.105e-06,0.01961
51.110233,-3.12,-0.6396,0.0002948,0.0002998,0.0002998,0.2998,0.0002991,0.0002991,0.3333
51.120232,-3.252,-0.6445,0.0004582,0.0004777,0.0004777,0.4777,0.0004774,0.0004774,0.4902
51.130238,-3.374,-0.6641,0.0006654,0.0004732,0.0004732,0.4732,0.0004725,0.0004725,0.4902
51.140232,-3.472,-0.6689,0.0008406,0.0002879,0.0002879,0.2879,0.0002869,0.0002869,0.2941
51.150234,-3.599,-0.6836,0.0009923,-7.403e-06,-7.403e-06,-0.007403,-8.547e-06,-8.547e-06,0.01961
51.160233,-3.716,-0.7178,0.001086,-0.0002998,-0.0002998,-0.2998,-0.0003016,-0.0003016,-0.2941
51.170235,-3.833,-0.7324,0.001135,-0.0004778,-0.0004778,-0.4778,-0.0004799,-0.0004799,-0.451
51.180237,-3.984,-0.7666,0.001173,-0.0004732,-0.0004732,-0.4732,-0.000475,-0.000475,-0.451
51.190235,-4.106,-0.7812,0.001232,-0.0002878,-0.0002878,-0.2878,-0.0002894,-0.0002894,-0.2549
51.200233,-4.209,-0.8057,0.001348,7.379e-06,7.379e-06,0.007379,6.105e-06,6.105e-06,0.01961
51.210236,-4.302,-0.7959,0.001497,0.0002999,0.0002999,0.2999,0.0002991,0.0002991,0.3333
51.220234,-4.37,-0.7666,0.001696,0.0004778,0.0004778,0.4778,0.0004774,0.0004774,0.4902
51.230232,-4.429,-0.7324,0.001915,0.0004732,0.0004732,0.4732,0.0004725,0.0004725,0.4902
51.240234,-4.453,-0.6836,0.002101,0.0002879,0.0002879,0.2879,0.0002869,0.0002869,0.2941
51.250233,-4.492,-0.6396,0.002241,-7.355e-06,-7.355e-06,-0.007355,-8.547e-06,-8.547e-06,0.01961
51.260235,-4.531,-0.6104,0.002317,-0.0002999,-0.0002999,-0.2999,-0.0003016,-0.0003016,-0.2941
51.270233,-4.565,-0.5713,0.002344,-0.0004778,-0.0004778,-0.4778,-0.0004799,-0.0004799,-0.451
51.280235,-4.6,-0.5615,0.002347,-0.0004732,-0.0004732,-0.4732,-0.000475,-0.000475,-0.451
51.290234,-4.609,-0.5322,0.00237,-0.0002879,-0.0002879,-0.2879,-0.0002894,-0.0002894,-0.2549
51.300232,-4.609,-0.498,0.002428,7.331e-06,7.331e-06,0.007331,6.105e-06,6.105e-06,0.01961
51.310234,-4.59,-0.4443,0.00253,0.0002998,0.0002998,0.2998,0.0002991,0.0002991,0.3333
51.320232,-4.526,-0.3662,0.002668,0.0004777,0.0004777,0.4777,0.0004774,0.0004774,0.4902
51.330235,-4.473,-0.293,0.002811,0.0004732,0.0004732,0.4732,0.0004725,0.0004725,0.4902
51.340233,-4.404,-0.2002,0.002913,0.0002879,0.0002879,0.2879,0.0002869,0.0002869,0.2941
51.350235,-4.321,-0.1074,0.002951,-7.427e-06,-7.427e-06,-0.007427,-8.547e-06,-8.547e-06,0.01961
51.360233,-4.238,-0.04883,0.002939,-0.0002998,-0.0002998,-0.2998,-0.0003016,-0.0003016,-0.2941
51.370235,-4.155,0.004883,0.002886,-0.0004778,-0.0004778,-0.4778,-0.0004799,-0.0004799,-0.451
51.380234,-4.082,0.06836,0.002767,-0.0004732,-0.0004732,-0.4732,-0.000475,-0.000475,-0.451
51.390232,-3.994,0.1074,0.002691,-0.0002879,-0.0002879,-0.2879,-0.0002894,-0.0002894,-0.2549
51.400234,-3.882,0.1709,0.002641,7.403e-06,7.403e-06,0.007403,6.105e-06,6.105e-06,0.01961
51.410233,-3.77,0.2246,0.002644,0.0002998,0.0002998,0.2998,0.0002991,0.0002991,0.3333
51.420235,-3.623,0.3174,0.002668,0.0004778,0.0004778,0.4778,0.0004774,0.0004774,0.4902
51.430233,-3.477,0.4053,0.002682,0.0004732,0.0004732,0.4732,0.0004725,0.0004725,0.4902
51.440235,-3.32,0.4883,0.002679,0.0002878,0.0002878,0.2878,0.0002869,0.0002869,0.2941
51.450233,-3.154,0.5664,0.002612,-7.379e-06,-7.379e-06,-0.007379,-8.547e-06,-8.547e-06,0.01961
51.460232,-3.032,0.625,0.002478,-0.0002998,-0.0002998,-0.2998,-0.0003016,-0.0003016,-0.2941
51.470234,-2.881,0.6738,0.002306,-0.0004778,-0.0004778,-0.4778,-0.0004799,-0.0004799,-0.451
51.480232,-2.749,0.6787,0.002131,-0.0004732,-0.0004732,-0.4732,-0.000475,-0.000475,-0.451
51.490234,-2.617,0.7129,0.001941,-0.0002879,-0.0002879,-0.2879,-0.0002894,-0.0002894,-0.2549
51.500233,-2.485,0.7373,0.001783,7.355e-06,7.355e-06,0.007355,6.105e-06,6.105e-06,0.01961
51.510235,-2.358,0.7568,0.001713,0.0002999,0.0002999,0.2999,0.0002991,0.0002991,0.3333
51.520233,-2.192,0.8057,0.001649,0.0004778,0.0004778,0.4778,0.0004774,0.0004774,0.4902
51.530235,-2.056,0.8643,0.001585,0.0004732,0.0004732,0.4732,0.0004725,0.0004725,0.4902
51.540234,-1.904,0.9033,0.001521,0.0002879,0.0002879,0.2879,0.0002869,0.0002869,0.2941
51.550232,-1.772,0.918,0.001416,-7.331e-06,-7.331e-06,-0.007331,-8.547e-06,-8.547e-06,0.01961
51.560234,-1.67,0.9229,0.001232,-0.0002998,-0.0002998,-0.2998,-0.0003016,-0.0003016,-0.2941
51.570236,-1.562,0.918,0.001001,-0.0004778,-0.0004778,-0.4778,-0.0004799,-0.0004799,-0.451
51.580235,-1.484,0.8789,0.0007851,-0.0004732,-0.0004732,-0.4732,-0.000475,-0.000475,-0.451
51.590233,-1.387,0.8545,0.0005808,-0.0002879,-0.0002879,-0.2879,-0.0002894,-0.0002894,-0.2549
51.600235,-1.27,0.8154,0.0004261,7.427e-06,7.427e-06,0.007427,6.105e-06,6.105e-06,0.01961
51.610233,-1.177,0.7812,0.0003327,0.0002998,0.0002998,0.2998,0.0002991,0.0002991,0.3333
51.620232,-1.045,0.7861,0.0002685,0.0004777,0.0004777,0.4777,0.0004774,0.0004774,0.4902
51.630234,-0.9082,0.7617,0.0002422,0.0004732,0.0004732,0.4732,0.0004725,0.0004725,0.4902
51.640232,-0.7715,0.752,0.0001985,0.0002879,0.0002879,0.2879,0.0002869,0.0002869,0.2941
51.650234,-0.6396,0.7275,0.000108,-7.403e-06,-7.403e-06,-0.007403,-8.547e-06,-8.547e-06,0.01961
51.660233,-0.5176,0.6836,-2.627e-05,-0.0002998,-0.0002998,-0.2998,-0.0003016,-0.0003016,-0.2941
51.670235,-0.4102,0.6348,-0.0001955,-0.0004778,-0.0004778,-0.4778,-0.0004799,-0.0004799,-0.451
51.680233,-0.3369,0.5762,-0.0003882,-0.0004732,-0.0004732,-0.4732,-0.000475,-0.000475,-0.451
51.690235,-0.249,0.5029,-0.0005253,-0.0002878,-0.0002878,-0.2878,-0.0002894,-0.0002894,-0.2549
51.700233,-0.166,0.4492,-0.0006246,7.379e-06,7.379e-06,0.007379,6.105e-06,6.105e-06,0.01961
51.710232,-0.08301,0.3906,-0.0006479,0.0002998,0.0002998,0.2998,0.0002991,0.0002991,0.3333
51.720234,0.0,0.376,-0.0006421,0.0004778,0.0004778,0.4778,0.0004774,0.0004774,0.4902
51.730236,0.1074,0.3223,-0.0005837,0.0004732,0.0004732,0.4732,0.0004725,0.0004725,0.4902
51.740234,0.1904,0.3076,-0.0005633,0.0002879,0.0002879,0.2879,0.0002869,0.0002869,0.2941
51.750237,0.2588,0.2734,-0.000575,-7.475e-06,-7.475e-06,-0.007475,-8.547e-06,-8.547e-06,0.01961
51.760235,0.3027,0.2344,-0.0006421,-0.0002999,-0.0002999,-0.2999,-0.0003016,-0.0003016,-0.2941
51.770233,0.3564,0.1807,-0.0007238,-0.0004778,-0.0004778,-0.4778,-0.0004799,-0.0004799,-0.451
51.780235,0.3711,0.1123,-0.0008347,-0.0004732,-0.0004732,-0.4732,-0.000475,-0.000475,-0.451
51.790234,0.3809,0.05859,-0.0009106,-0.0002879,-0.0002879,-0.2879,-0.0002894,-0.0002894,-0.2549
51.800232,0.3955,-0.004883,-0.0009252,7.331e-06,7.331e-06,0.007331,6.105e-06,6.105e-06,0.01961
51.810234,0.3906,-0.04883,-0.0008814,0.0002998,0.0002998,0.2998,0.0002991,0.0002991,0.3333
51.820232,0.4199,-0.07812,-0.000788,0.0004777,0.0004777,0.4777,0.0004774,0.0004774,0.4902
51.830235,0.4004,-0.08789,-0.0006771,0.0004732,0.0004732,0.4732,0.0004725,0.0004725,0.4902
51.840237,0.4199,-0.08789,-0.0005925,0.0002878,0.0002878,0.2878,0.0002869,0.0002869,0.2941
51.850235,0.3906,-0.1123,-0.0005399,-7.427e-06,-7.427e-06,-0.007427,-8.547e-06,-8.547e-06,0.01961
51.860233,0.3662,-0.1367,-0.0005458,-0.0002998,-0.0002998,-0.2998,-0.0003016,-0.0003016,-0.2941
51.870232,0.3125,-0.1611,-0.0005954,-0.0004777,-0.0004777,-0.4777,-0.0004799,-0.0004799,-0.451
51.880234,0.249,-0.2295,-0.0006217,-0.0004732,-0.0004732,-0.4732,-0.000475,-0.000475,-0.451
51.890232,0.1807,-0.2637,-0.0006508,-0.0002879,-0.0002879,-0.2879,-0.0002894,-0.0002894,-0.2549
51.900234,0.09277,-0.2979,-0.0006217,7.403e-06,7.403e-06,0.007403,6.105e-06,6.105e-06,0.01961
51.910236,0.0,-0.3223,-0.0005312,0.0002999,0.0002999,0.2999,0.0002991,0.0002991,0.3333
51.920235,-0.06836,-0.3223,-0.0004028,0.0004778,0.0004778,0.4778,0.0004774,0.0004774,0.4902
51.930233,-0.166,-0.3271,-0.0002481,0.0004732,0.0004732,0.4732,0.0004725,0.0004725,0.4902
51.940235,-0.2441,-0.3125,-0.0001313,0.0002878,0.0002878,0.2878,0.0002869,0.0002869,0.2941
51.950233,-0.3564,-0.3027,-5.545e-05,-7.379e-06,-7.379e-06,-0.007379,-8.547e-06,-8.547e-06,0.01961
51.960232,-0.4834,-0.3223,-2.335e-05,-0.0002998,-0.0002998,-0.2998,-0.0003016,-0.0003016,-0.2941
51.970234,-0.6152,-0.3418,-2.919e-05,-0.0004778,-0.0004778,-0.4778,-0.0004799,-0.0004799,-0.451
51.980236,-0.7861,-0.3809,-5.253e-05,-0.0004732,-0.0004732,-0.4732,-0.000475,-0.000475,-0.451
51.990234,-0.9668,-0.4053,-6.129e-05,-0.0002879,-0.0002879,-0.2879,-0.0002894,-0.0002894,-0.2549
52.000237,-1.167,-0.4297,-1.167e-05,7.475e-06,7.475e-06,0.007475,6.105e-06,6.105e-06,0.01961
52.010235,-1.377,-0.4541,0.0001022,0.0002999,0.0002999,0.2999,0.0002991,0.0002991,0.3333
52.020233,-1.562,-0.4492,0.0002539,0.0004778,0.0004778,0.4778,0.0004774,0.0004774,0.4902
52.030235,-1.777,-0.4346,0.0004057,0.0004732,0.0004732,0.4732,0.0004725,0.0004725,0.4902
52.040234,-1.948,-0.4248,0.0005516,0.0002879,0.0002879,0.2879,0.0002869,0.0002869,0.2941
52.050236,-2.129,-0.4053,0.0006363,-7.451e-06,-7.451e-06,-0.007451,-8.547e-06,-8.547e-06,0.01961
52.060234,-2.305,-0.4443,0.0007005,-0.0002998,-0.0002998,-0.2998,-0.0003016,-0.0003016,-0.2941
52.070232,-2.485,-0.4443,0.0006888,-0.0004777,-0.0004777,-0.4777,-0.0004799,-0.0004799,-0.451
52.080235,-2.656,-0.5078,0.0007063,-0.0004732,-0.0004732,-0.4732,-0.000475,-0.000475,-0.451
52.090237,-2.812,-0.5225,0.0007151,-0.0002878,-0.0002878,-0.2878,-0.0002894,-0.0002894,-0.2549
52.100235,-2.959,-0.5566,0.0007997,7.428e-06,7.428e-06,0.007428,6.105e-06,6.105e-06,0.01961
52.110233,-3.091,-0.5518,0.0009048,0.0002998,0.0002998,0.2998,0.0002991,0.0002991,0.3333
52.120235,-3.198,-0.5273,0.001057,0.0004778,0.0004778,0.4778,0.0004774,0.0004774,0.4902
52.130234,-3.301,-0.5176,0.001237,0.0004732,0.0004732,0.4732,0.0004725,0.0004725,0.4902
52.140232,-3.369,-0.4932,0.001392,0.0002879,0.0002879,0.2879,0.0002869,0.0002869,0.2941
52.150234,-3.447,-0.4736,0.0015,-7.404e-06,-7.404e-06,-0.007404,-8.547e-06,-8.547e-06,0.01961
52.160233,-3.53,-0.4639,0.001544,-0.0002998,-0.0002998,-0.2998,-0.0003016,-0.0003016,-0.2941
52.170235,-3.594,-0.4541,0.001553,-0.0004778,-0.0004778,-0.4778,-0.0004799,-0.0004799,-0.451
52.180233,-3.687,-0.4785,0.001559,-0.0004732,-0.0004732,-0.4732,-0.000475,-0.000475,-0.451
52.190235,-3.75,-0.4688,0.001561,-0.0002878,-0.0002878,-0.2878,-0.0002894,-0.0002894,-0.2549
52.200233,-3.809,-0.4639,0.001614,7.38e-06,7.38e-06,0.00738,6.105e-06,6.105e-06,0.01961
52.210236,-3.853,-0.4395,0.001713,0.0002999,0.0002999,0.2999,0.0002991,0.0002991,0.3333
52.220234,-3.872,-0.3857,0.001847,0.0004778,0.0004778,0.4778,0.0004774,0.0004774,0.4902
52.230232,-3.872,-0.3516,0.002005,0.0004732,0.0004732,0.4732,0.0004725,0.0004725,0.4902
52.240234,-3.853,-0.2979,0.002128,0.0002879,0.0002879,0.2879,0.0002869,0.0002869,0.2941
52.250233,-3.828,-0.249,0.002198,-7.356e-06,-7.356e-06,-0.007356,-8.547e-06,-8.547e-06,0.01961
52.260235,-3.833,-0.2246,0.002209,-0.0002999,-0.0002999,-0.2999,-0.0003016,-0.0003016,-0.2941
52.270233,-3.828,-0.1758,0.00216,-0.0004778,-0.0004778,-0.4778,-0.0004799,-0.0004799,-0.451
52.280235,-3.828,-0.1807,0.002122,-0.0004732,-0.0004732,-0.4732,-0.000475,-0.000475,-0.451
52.290234,-3.813,-0.1514,0.002072,-0.0002879,-0.0002879,-0.2879,-0.0002894,-0.0002894,-0.2549
52.300236,-3.784,-0.1074,0.002058,7.452e-06,7.452e-06,0.007452,6.105e-06,6.105e-06,0.01961
52.310234,-3.735,-0.08301,0.00211,0.0002998,0.0002998,0.2998,0.0002991,0.0002991,0.3333
52.320232,-3.682,-0.009766,0.002174,0.0004777,0.0004777,0.4777,0.0004774,0.0004774,0.4902
52.330235,-3.594,0.03418,0.002271,0.0004732,0.0004732,0.4732,0.0004725,0.0004725,0.4902
52.340233,-3.525,0.1074,0.002326,0.0002879,0.0002879,0.2879,0.0002869,0.0002869,0.2941
52.350235,-3.442,0.166,0.002326,-7.428e-06,-7.428e-06,-0.007428,-8.547e-06,-8.547e-06,0.01961
52.360233,-3.369,0.21,0.002262,-0.0002998,-0.0002998,-0.2998,-0.0003016,-0.0003016,-0.2941
52.370235,-3.315,0.2637,0.002145,-0.0004778,-0.0004778,-0.4778,-0.0004799,-0.0004799,-0.451
52.380234,-3.252,0.2637,0.002023,-0.0004732,-0.0004732,-0.4732,-0.000475,-0.000475,-0.451
52.390236,-3.164,0.2783,0.00192,-0.0002878,-0.0002878,-0.2878,-0.0002894,-0.0002894,-0.2549
52.400234,-3.096,0.2979,0.00185,7.404e-06,7.404e-06,0.007404,6.105e-06,6.105e-06,0.01961
52.410236,-3.008,0.3271,0.001833,0.0002999,0.0002999,0.2999,0.0002991,0.0002991,0.3333
52.420235,-2.91,0.3906,0.001833,0.0004778,0.0004778,0.4778,0.0004774,0.0004774,0.4902
52.430233,-2.812,0.4395,0.001856,0.0004732,0.0004732,0.4732,0.0004725,0.0004725,0.4902
52.440235,-2.69,0.4834,0.001859,0.0002878,0.0002878,0.2878,0.0002869,0.0002869,0.2941
52.450233,-2.603,0.5127,0.001801,-7.38e-06,-7.38e-06,-0.00738,-8.547e-06,-8.547e-06,0.01961
52.460236,-2.524,0.542,0.001681,-0.0002999,-0.0002999,-0.2999,-0.0003016,-0.0003016,-0.2941
52.470234,-2.437,0.5469,0.001532,-0.0004778,-0.0004778,-0.4778,-0.0004799,-0.0004799,-0.451
52.480236,-2.388,0.542,0.001351,-0.0004732,-0.0004732,-0.4732,-0.000475,-0.000475,-0.451
52.490234,-2.319,0.5322,0.001205,-0.0002879,-0.0002879,-0.2879,-0.0002894,-0.0002894,-0.2549
52.500233,-2.261,0.5176,0.0011,7.356e-06,7.356e-06,0.007356,6.105e-06,6.105e-06,0.01961
52.510235,-2.202,0.5127,0.001051,0.0002999,0.0002999,0.2999,0.0002991,0.0002991,0.3333
52.520233,-2.119,0.5371,0.00103,0.0004778,0.0004778,0.4778,0.0004774,0.0004774,0.4902
52.530235,-2.061,0.5518,0.00103,0.0004732,0.0004732,0.4732,0.0004725,0.0004725,0.4902
52.540234,-1.982,0.5566,0.001022,0.0002879,0.0002879,0.2879,0.0002869,0.0002869,0.2941
52.550232,-1.924,0.5566,0.0009573,-7.332e-06,-7.332e-06,-0.007332,-8.547e-06,-8.547e-06,0.01961
52.560234,-1.88,0.5371,0.0008464,-0.0002998,-0.0002998,-0.2998,-0.0003016,-0.0003016,-0.2941
52.570232,-1.865,0.5176,0.0006888,-0.0004777,-0.0004777,-0.4777,-0.0004799,-0.0004799,-0.451
52.580235,-1.87,0.4541,0.0005458,-0.0004732,-0.0004732,-0.4732,-0.000475,-0.000475,-0.451
52.590233,-1.875,0.415,0.0003998,-0.0002879,-0.0002879,-0.2879,-0.0002894,-0.0002894,-0.2549
52.600235,-1.88,0.376,0.0003094,7.428e-06,7.428e-06,0.007428,6.105e-06,6.105e-06,0.01961
52.610233,-1.885,0.332,0.0002919,0.0002998,0.0002998,0.2998,0.0002991,0.0002991,0.3333
52.620232,-1.88,0.3174,0.0003152,0.0004777,0.0004777,0.4777,0.0004774,0.0004774,0.4902
52.630234,-1.88,0.293,0.000359,0.0004732,0.0004732,0.4732,0.0004725,0.0004725,0.4902
52.640232,-1.885,0.2734,0.000394,0.0002879,0.0002879,0.2879,0.0002869,0.0002869,0.2941
52.650234,-1.919,0.2441,0.0003823,-7.404e-06,-7.404e-06,-0.007404,-8.547e-06,-8.547e-06,0.01961
52.660233,-1.968,0.2002,0.000321,-0.0002998,-0.0002998,-0.2998,-0.0003016,-0.0003016,-0.2941
52.670235,-2.012,0.1465,0.0002335,-0.0004778,-0.0004778,-0.4778,-0.0004799,-0.0004799,-0.451
52.680233,-2.109,0.08301,0.0001226,-0.0004732,-0.0004732,-0.4732,-0.000475,-0.000475,-0.451
52.690235,-2.168,0.009766,6.421e-05,-0.0002878,-0.0002878,-0.2878,-0.0002894,-0.0002894,-0.2549
52.700233,-2.246,-0.05371,4.962e-05,7.38e-06,7.38e-06,0.00738,6.105e-06,6.105e-06,0.01961
52.710236,-2.329,-0.1074,0.0001022,0.0002999,0.0002999,0.2999,0.0002991,0.0002991,0.3333
52.720234,-2.402,-0.1221,0.0001839,0.0004778,0.0004778,0.4778,0.0004774,0.0004774,0.4902
52.730232,-2.471,-0.166,0.0003123,0.0004732,0.0004732,0.4732,0.0004725,0.0004725,0.4902
52.740234,-2.534,-0.1904,0.0004232,0.0002879,0.0002879,0.2879,0.0002869,0.0002869,0.2941
52.750233,-2.627,-0.2197,0.0004816,-7.356e-06,-7.356e-06,-0.007356,-8.547e-06,-8.547e-06,0.01961
52.760235,-2.72,-0.2539,0.0004962,-0.0002999,-0.0002999,-0.2999,-0.0003016,-0.0003016,-0.2941
52.770233,-2.812,-0.2979,0.0004728,-0.0004778,-0.0004778,-0.4778,-0.0004799,-0.0004799,-0.451
52.780235,-2.93,-0.3662,0.0004495,-0.0004732,-0.0004732,-0.4732,-0.000475,-0.000475,-0.451
52.790234,-3.057,-0.4248,0.0004582,-0.0002879,-0.0002879,-0.2879,-0.0002894,-0.0002894,-0.2549
52.800232,-3.164,-0.4785,0.0005166,7.332e-06,7.332e-06,0.007332,6.105e-06,6.105e-06,0.01961
52.810234,-3.276,-0.5078,0.0006304,0.0002998,0.0002998,0.2998,0.0002991,0.0002991,0.3333
52.820232,-3.35,-0.5078,0.0007793,0.0004777,0.0004777,0.4777,0.0004774,0.0004774,0.4902
52.830235,-3.438,-0.5078,0.0009544,0.0004732,0.0004732,0.4732,0.0004725,0.0004725,0.4902
52.840233,-3.501,-0.5127,0.001121,0.0002879,0.0002879,0.2879,0.0002869,0.0002869,0.2941
52.850235,-3.584,-0.5078,0.001232,-7.428e-06,-7.428e-06,-0.007428,-8.547e-06,-8.547e-06,0.01961
52.860233,-3.662,-0.5273,0.001296,-0.0002998,-0.0002998,-0.2998,-0.0003016,-0.0003016,-0.2941
52.870235,-3.745,-0.5322,0.00131,-0.0004778,-0.0004778,-0.4778,-0.0004799,-0.0004799,-0.451
52.880234,-3.857,-0.5518,0.001305,-0.0004732,-0.0004732,-0.4732,-0.000475,-0.000475,-0.451
52.890236,-3.921,-0.5811,0.001351,-0.0002878,-0.0002878,-0.2878,-0.0002894,-0.0002894,-0.2549
52.900234,-3.999,-0.5957,0.001427,7.404e-06,7.404e-06,0.007404,6.105e-06,6.105e-06,0.01961
52.910233,-4.058,-0.5859,0.001553,0.0002998,0.0002998,0.2998,0.0002991,0.0002991,0.3333
52.920235,-4.087,-0.5518,0.001716,0.0004778,0.0004778,0.4778,0.0004774,0.0004774,0.4902
52.930233,-4.126,-0.4932,0.001871,0.0004732,0.0004732,0.4732,0.0004725,0.0004725,0.4902
52.940235,-4.121,-0.4688,0.00204,0.0002878,0.0002878,0.2878,0.0002869,0.0002869,0.2941
52.950233,-4.141,-0.4199,0.002136,-7.38e-06,-7.38e-06,-0.00738,-8.547e-06,-8.547e-06,0.01961
52.960236,-4.15,-0.4053,0.002183,-0.0002999,-0.0002999,-0.2999,-0.0003016,-0.0003016,-0.2941
52.970234,-4.16,-0.3662,0.002169,-0.0004778,-0.0004778,-0.4778,-0.0004799,-0.0004799,-0.451
52.980232,-4.185,-0.3662,0.002157,-0.0004732,-0.0004732,-0.4732,-0.000475,-0.000475,-0.451
52.990234,-4.175,-0.3369,0.002136,-0.0002879,-0.0002879,-0.2879,-0.0002894,-0.0002894,-0.2549
53.000233,-4.165,-0.3125,0.002166,7.356e-06,7.356e-06,0.007356,6.105e-06,6.105e-06,0.01961
53.010235,-4.146,-0.2588,0.002227,0.0002999,0.0002999,0.2999,0.0002991,0.0002991,0.3333
53.020233,-4.077,-0.2002,0.002349,0.0004778,0.0004778,0.4778,0.0004774,0.0004774,0.4902
53.030235,-4.023,-0.1465,0.002463,0.0004732,0.0004732,0.4732,0.0004725,0.0004725,0.4902
53.040234,-3.95,-0.05859,0.002539,0.0002879,0.0002879,0.2879,0.0002869,0.0002869,0.2941
53.050232,-3.877,-0.004883,0.002577,-7.333e-06,-7.333e-06,-0.007333,-8.547e-06,-8.547e-06,0.01961
53.060234,-3.804,0.05859,0.002539,-0.0002998,-0.0002998,-0.2998,-0.0003016,-0.0003016,-0.2941
53.070232,-3.73,0.09766,0.002455,-0.0004777,-0.0004777,-0.4777,-0.0004799,-0.0004799,-0.451
53.080235,-3.672,0.127,0.002347,-0.0004732,-0.0004732,-0.4732,-0.000475,-0.000475,-0.451
53.090233,-3.599,0.1562,0.002262,-0.0002879,-0.0002879,-0.2879,-0.0002894,-0.0002894,-0.2549
53.100235,-3.525,0.2002,0.002201,7.428e-06,7.428e-06,0.007428,6.105e-06,6.105e-06,0.01961
53.110233,-3.428,0.2441,0.002192,0.0002998,0.0002998,0.2998,0.0002991,0.0002991,0.3333
53.120235,-3.296,0.3076,0.002218,0.0004778,0.0004778,0.4778,0.0004774,0.0004774,0.4902
53.130234,-3.179,0.3662,0.00225,0.0004732,0.0004732,0.4732,0.0004725,0.0004725,0.4902
53.140232,-3.066,0.4395,0.002256,0.0002879,0.0002879,0.2879,0.0002869,0.0002869,0.2941
53.150234,-2.954,0.4883,0.002206,-7.405e-06,-7.405e-06,-0.007405,-8.547e-06,-8.547e-06,0.01961
53.160233,-2.847,0.5371,0.002087,-0.0002998,-0.0002998,-0.2998,-0.0003016,-0.0003016,-0.2941
53.170235,-2.729,0.5664,0.001932,-0.0004778,-0.0004778,-0.4778,-0.0004799,-0.0004799,-0.451
53.180233,-2.661,0.5664,0.00176,-0.0004732,-0.0004732,-0.4732,-0.000475,-0.000475,-0.451
53.190235,-2.554,0.5713,0.001599,-0.0002878,-0.0002878,-0.2878,-0.0002894,-0.0002894,-0.2549
53.200233,-2.471,0.5762,0.001483,7.381e-06,7.381e-06,0.007381,6.105e-06,6.105e-06,0.01961
53.210232,-2.368,0.5908,0.001424,0.0002998,0.0002998,0.2998,0.0002991,0.0002991,0.3333
53.220234,-2.261,0.6396,0.001383,0.0004778,0.0004778,0.4778,0.0004774,0.0004774,0.4902
53.230232,-2.148,0.6543,0.001369,0.0004732,0.0004732,0.4732,0.0004725,0.0004725,0.4902
53.240234,-2.046,0.6836,0.001345,0.0002879,0.0002879,0.2879,0.0002869,0.0002869,0.2941
53.250233,-1.963,0.6982,0.001252,-7.357e-06,-7.357e-06,-0.007357,-8.547e-06,-8.547e-06,0.01961
53.260235,-1.89,0.7031,0.001106,-0.0002999,-0.0002999,-0.2999,-0.0003016,-0.0003016,-0.2941
53.270233,-1.821,0.6787,0.0009398,-0.0004778,-0.0004778,-0.4778,-0.0004799,-0.0004799,-0.451
53.280235,-1.787,0.6445,0.0007413,-0.0004732,-0.0004732,-0.4732,-0.000475,-0.000475,-0.451
53.290234,-1.738,0.6055,0.0005779,-0.0002879,-0.0002879,-0.2879,-0.0002894,-0.0002894,-0.2549
53.300236,-1.724,0.5762,0.0004582,7.453e-06,7.453e-06,0.007453,6.105e-06,6.105e-06,0.01961
53.310234,-1.689,0.5371,0.0004144,0.0002998,0.0002998,0.2998,0.0002991,0.0002991,0.3333
53.320236,-1.655,0.5225,0.0003998,0.0004778,0.0004778,0.4778,0.0004774,0.0004774,0.4902
53.330235,-1.631,0.5078,0.0004057,0.0004732,0.0004732,0.4732,0.0004725,0.0004725,0.4902
53.340233,-1.592,0.498,0.000394,0.0002879,0.0002879,0.2879,0.0002869,0.0002869,0.2941
53.350235,-1.587,0.4736,0.0003444,-7.429e-06,-7.429e-06,-0.007429,-8.547e-06,-8.547e-06,0.01961
53.360233,-1.592,0.4248,0.0002568,-0.0002998,-0.0002998,-0.2998,-0.0003016,-0.0003016,-0.2941
53.370235,-1.626,0.3662,0.0001284,-0.0004778,-0.0004778,-0.4778,-0.0004799,-0.0004799,-0.451
53.380234,-1.689,0.2979,-8.756e-06,-0.0004732,-0.0004732,-0.4732,-0.000475,-0.000475,-0.451
53.390236,-1.738,0.2295,-0.0001138,-0.0002878,-0.0002878,-0.2878,-0.0002894,-0.0002894,-0.2549
53.400234,-1.807,0.1514,-0.0001518,7.405e-06,7.405e-06,0.007405,6.105e-06,6.105e-06,0.01961
53.410233,-1.88,0.1025,-0.000143,0.0002998,0.0002998,0.2998,0.0002991,0.0002991,0.3333
53.420235,-1.919,0.05371,-7.296e-05,0.0004778,0.0004778,0.4778,0.0004774,0.0004774,0.4902
53.430233,-2.002,0.0293,0.0,0.0004732,0.0004732,0.4732,0.0004725,0.0004725,0.4902
53.440235,-2.061,-0.01465,9.34e-05,0.0002878,0.0002878,0.2878,0.0002869,0.0002869,0.2941
53.450233,-2.144,-0.05859,0.0001284,-7.381e-06,-7.381e-06,-0.007381,-8.547e-06,-8.547e-06,0.01961
53.460236,-2.246,-0.1221,0.0001255,-0.0002999,-0.0002999,-0.2999,-0.0003016,-0.0003016,-0.2941
53.470234,-2.354,-0.1709,7.588e-05,-0.0004778,-0.0004778,-0.4778,-0.0004799,-0.0004799,-0.451
53.480236,-2.485,-0.2734,5.545e-05,-0.0004732,-0.0004732,-0.4732,-0.000475,-0.000475,-0.451
53.490234,-2.617,-0.3369,3.21e-05,-0.0002879,-0.0002879,-0.2879,-0.0002894,-0.0002894,-0.2549
53.500233,-2.749,-0.3955,7.005e-05,7.357e-06,7.357e-06,0.007357,6.105e-06,6.105e-06,0.01961
53.510235,-2.856,-0.4541,0.0001839,0.0002999,0.0002999,0.2999,0.0002991,0.0002991,0.3333
53.520233,-2.969,-0.4736,0.0003327,0.0004778,0.0004778,0.4778,0.0004774,0.0004774,0.4902
53.530235,-3.062,-0.5127,0.0005108,0.0004732,0.0004732,0.4732,0.0004725,0.0004725,0.4902
53.540234,-3.164,-0.5176,0.0006654,0.0002879,0.0002879,0.2879,0.0002869,0.0002869,0.2941
53.550236,-3.281,-0.542,0.0007909,-7.453e-06,-7.453e-06,-0.007453,-8.547e-06,-8.547e-06,0.01961
53.560234,-3.408,-0.5713,0.0008551,-0.0002998,-0.0002998,-0.2998,-0.0003016,-0.0003016,-0.2941
53.570232,-3.535,-0.5908,0.0008727,-0.0004777,-0.0004777,-0.4777,-0.0004799,-0.0004799,-0.451
53.580235,-3.647,-0.6494,0.0009018,-0.0004732,-0.0004732,-0.4732,-0.000475,-0.000475,-0.451
53.590233,-3.765,-0.6836,0.0009515,-0.0002879,-0.0002879,-0.2879,-0.0002894,-0.0002894,-0.2549
53.600235,-3.882,-0.7129,0.001045,7.429e-06,7.429e-06,0.007429,6.105e-06,6.105e-06,0.01961
53.610233,-3.989,-0.7227,0.001197,0.0002998,0.0002998,0.2998,0.0002991,0.0002991,0.3333
53.620235,-4.062,-0.7031,0.001386,0.0004778,0.0004778,0.4778,0.0004774,0.0004774,0.4902
53.630234,-4.126,-0.6885,0.001594,0.0004732,0.0004732,0.4732,0.0004725,0.0004725,0.4902
53.640236,-4.175,-0.6445,0.001772,0.0002878,0.0002878,0.2878,0.0002869,0.0002869,0.2941
53.650234,-4.229,-0.625,0.001903,-7.405e-06,-7.405e-06,-0.007405,-8.547e-06,-8.547e-06,0.01961
53.660233,-4.277,-0.6104,0.001982,-0.0002998,-0.0002998,-0.2998,-0.0003016,-0.0003016,-0.2941
53.670235,-4.331,-0.5908,0.002002,-0.0004778,-0.0004778,-0.4778,-0.0004799,-0.0004799,-0.451
53.680233,-4.395,-0.5908,0.002014,-0.0004732,-0.0004732,-0.4732,-0.000475,-0.000475,-0.451
53.690235,-4.419,-0.5762,0.002049,-0.0002878,-0.0002878,-0.2878,-0.0002894,-0.0002894,-0.2549
53.700233,-4.463,-0.5518,0.002116,7.381e-06,7.381e-06,0.007381,6.105e-06,6.105e-06,0.01961
53.710232,-4.468,-0.498,0.002224,0.0002998,0.0002998,0.2998,0.0002991,0.0002991,0.3333
53.720234,-4.438,-0.4395,0.002373,0.0004778,0.0004778,0.4778,0.0004774,0.0004774,0.4902
53.730236,-4.414,-0.3857,0.002533,0.0004732,0.0004732,0.4732,0.0004725,0.0004725,0.4902
53.740234,-4.37,-0.2979,0.002641,0.0002879,0.0002879,0.2879,0.0002869,0.0002869,0.2941
53.750233,-4.312,-0.2393,0.00272,-7.357e-06,-7.357e-06,-0.007357,-8.547e-06,-8.547e-06,0.01961
53.760235,-4.272,-0.1807,0.002729,-0.0002999,-0.0002999,-0.2999,-0.0003016,-0.0003016,-0.2941
53.770233,-4.214,-0.1221,0.002676,-0.0004778,-0.0004778,-0.4778,-0.0004799,-0.0004799,-0.451
53.780235,-4.16,-0.09766,0.002612,-0.0004732,-0.0004732,-0.4732,-0.000475,-0.000475,-0.451
53.790234,-4.111,-0.04883,0.002548,-0.0002879,-0.0002879,-0.2879,-0.0002894,-0.0002894,-0.2549
53.800232,-4.038,0.0,0.002528,7.333e-06,7.333e-06,0.007333,6.105e-06,6.105e-06,0.01961
53.810234,-3.94,0.06348,0.002548,0.0002998,0.0002998,0.2998,0.0002991,0.0002991,0.3333
53.820232,-3.818,0.1416,0.002603,0.0004777,0.0004777,0.4777,0.0004774,0.0004774,0.4902
53.830235,-3.701,0.2246,0.00265,0.0004732,0.0004732,0.4732,0.0004725,0.0004725,0.4902
53.840233,-3.56,0.2979,0.002694,0.0002879,0.0002879,0.2879,0.0002869,0.0002869,0.2941
53.850235,-3.442,0.3711,0.002659,-7.429e-06,-7.429e-06,-0.007429,-8.547e-06,-8.547e-06,0.01961
53.860233,-3.315,0.4297,0.002565,-0.0002998,-0.0002998,-0.2998,-0.0003016,-0.0003016,-0.2941
53.870235,-3.213,0.4834,0.002417,-0.0004778,-0.0004778,-0.4778,-0.0004799,-0.0004799,-0.451
53.880234,-3.086,0.498,0.00225,-0.0004732,-0.0004732,-0.4732,-0.000475,-0.000475,-0.451
53.890236,-2.979,0.542,0.002093,-0.0002878,-0.0002878,-0.2878,-0.0002894,-0.0002894,-0.2549
53.900234,-2.856,0.5713,0.00197,7.405e-06,7.405e-06,0.007405,6.105e-06,6.105e-06,0.01961
53.910233,-2.72,0.6104,0.001912,0.0002998,0.0002998,0.2998,0.0002991,0.0002991,0.3333
53.920235,-2.593,0.6543,0.001888,0.0004778,0.0004778,0.4778,0.0004774,0.0004774,0.4902
53.930237,-2.432,0.6934,0.001868,0.0004732,0.0004732,0.4732,0.0004725,0.0004725,0.4902
53.940235,-2.3,0.7715,0.001804,0.0002878,0.0002878,0.2878,0.0002869,0.0002869,0.2941
53.950233,-2.168,0.7959,0.00171,-7.381e-06,-7.381e-06,-0.007381,-8.547e-06,-8.547e-06,0.01961
53.960232,-2.056,0.8203,0.001544,-0.0002998,-0.0002998,-0.2998,-0.0003016,-0.0003016,-0.2941
53.970234,-1.948,0.8203,0.001345,-0.0004778,-0.0004778,-0.4778,-0.0004799,-0.0004799,-0.451
53.980232,-1.87,0.8105,0.001118,-0.0004732,-0.0004732,-0.4732,-0.000475,-0.000475,-0.451
53.990234,-1.782,0.7861,0.0009369,-0.0002879,-0.0002879,-0.2879,-0.0002894,-0.0002894,-0.2549
54.000233,-1.704,0.7568,0.0007909,7.357e-06,7.357e-06,0.007357,6.105e-06,6.105e-06,0.01961
54.010235,-1.631,0.752,0.0006975,0.0002999,0.0002999,0.2999,0.0002991,0.0002991,0.3333
54.020233,-1.533,0.7471,0.0006538,0.0004778,0.0004778,0.4778,0.0004774,0.0004774,0.4902
54.030235,-1.436,0.7324,0.0006363,0.0004732,0.0004732,0.4732,0.0004725,0.0004725,0.4902
54.040234,-1.353,0.7617,0.0005662,0.0002879,0.0002879,0.2879,0.0002869,0.0002869,0.2941
54.050236,-1.26,0.7275,0.0004845,-7.453e-06,-7.453e-06,-0.007453,-8.547e-06,-8.547e-06,0.01961
54.060234,-1.187,0.6934,0.0003444,-0.0002998,-0.0002998,-0.2998,-0.0003016,-0.0003016,-0.2941
54.070232,-1.118,0.6543,0.0001722,-0.0004777,-0.0004777,-0.4777,-0.0004799,-0.0004799,-0.451
54.080235,-1.06,0.5762,5.837e-06,-0.0004732,-0.0004732,-0.4732,-0.000475,-0.000475,-0.451
54.090233,-1.006,0.5176,-0.0001518,-0.0002879,-0.0002879,-0.2879,-0.0002894,-0.0002894,-0.2549
54.100235,-0.9814,0.4541,-0.0002452,7.429e-06,7.429e-06,0.007429,6.105e-06,6.105e-06,0.01961
54.110233,-0.9473,0.4053,-0.0002802,0.0002998,0.0002998,0.2998,0.0002991,0.0002991,0.3333
54.120232,-0.9033,0.3711,-0.0002685,0.0004777,0.0004777,0.4777,0.0004774,0.0004774,0.4902
54.130234,-0.874,0.332,-0.0002247,0.0004732,0.0004732,0.4732,0.0004725,0.0004725,0.4902
54.140236,-0.835,0.3125,-0.0002101,0.0002878,0.0002878,0.2878,0.0002869,0.0002869,0.2941
54.150234,-0.835,0.2783,-0.0002335,-7.405e-06,-7.405e-06,-0.007405,-8.547e-06,-8.547e-06,0.01961
54.160236,-0.8496,0.2295,-0.0002948,-0.0002999,-0.0002999,-0.2999,-0.0003016,-0.0003016,-0.2941
54.170235,-0.8789,0.1562,-0.0003794,-0.0004778,-0.0004778,-0.4778,-0.0004799,-0.0004799,-0.451
54.180233,-0.9668,0.07812,-0.0004816,-0.0004732,-0.0004732,-0.4732,-0.000475,-0.000475,-0.451
54.190235,-1.045,0.009766,-0.0005516,-0.0002878,-0.0002878,-0.2878,-0.0002894,-0.0002894,-0.2549
54.200233,-1.143,-0.07324,-0.0005458,7.381e-06,7.381e-06,0.007381,6.105e-06,6.105e-06,0.01961
54.210236,-1.245,-0.1221,-0.0004962,0.0002999,0.0002999,0.2999,0.0002991,0.0002991,0.3333
54.220234,-1.372,-0.1709,-0.000394,0.0004778,0.0004778,0.4778,0.0004774,0.0004774,0.4902
54.230232,-1.514,-0.1953,-0.0002802,0.0004732,0.0004732,0.4732,0.0004725,0.0004725,0.4902
54.240234,-1.641,-0.2344,-0.0001605,0.0002879,0.0002879,0.2879,0.0002869,0.0002869,0.2941
54.250233,-1.816,-0.2832,-8.172e-05,-7.358e-06,-7.358e-06,-0.007358,-8.547e-06,-8.547e-06,0.01961
54.260235,-1.992,-0.332,-5.545e-05,-0.0002999,-0.0002999,-0.2999,-0.0003016,-0.0003016,-0.2941
54.270233,-2.178,-0.3906,-5.545e-05,-0.0004778,-0.0004778,-0.4778,-0.0004799,-0.0004799,-0.451
54.280235,-2.368,-0.4785,-5.837e-05,-0.0004732,-0.0004732,-0.4732,-0.000475,-0.000475,-0.451
54.290234,-2.554,-0.5371,-4.67e-05,-0.0002879,-0.0002879,-0.2879,-0.0002894,-0.0002894,-0.2549
54.300232,-2.739,-0.6104,3.794e-05,7.334e-06,7.334e-06,0.007334,6.105e-06,6.105e-06,0.01961
54.310234,-2.905,-0.6445,0.0001664,0.0002998,0.0002998,0.2998,0.0002991,0.0002991,0.3333
54.320232,-3.057,-0.6787,0.000359,0.0004777,0.0004777,0.4777,0.0004774,0.0004774,0.4902
54.330235,-3.213,-0.6934,0.0005545,0.0004732,0.0004732,0.4732,0.0004725,0.0004725,0.4902
54.340233,-3.325,-0.7031,0.000753,0.0002879,0.0002879,0.2879,0.0002869,0.0002869,0.2941
54.350235,-3.481,-0.7227,0.0009048,-7.43e-06,-7.43e-06,-0.00743,-8.547e-06,-8.547e-06,0.01961
54.360237,-3.618,-0.7422,0.0009952,-0.0002999,-0.0002999,-0.2999,-0.0003016,-0.0003016,-0.2941
54.370235,-3.76,-0.7617,0.001051,-0.0004778,-0.0004778,-0.4778,-0.0004799,-0.0004799,-0.451
54.380234,-3.926,-0.8105,0.001106,-0.0004732,-0.0004732,-0.4732,-0.000475,-0.000475,-0.451
54.390232,-4.043,-0.8154,0.001156,-0.0002879,-0.0002879,-0.2879,-0.0002894,-0.0002894,-0.2549
54.400234,-4.165,-0.8496,0.00129,7.406e-06,7.406e-06,0.007406,6.105e-06,6.105e-06,0.01961
54.410233,-4.277,-0.8496,0.001459,0.0002998,0.0002998,0.2998,0.0002991,0.0002991,0.3333
54.420235,-4.346,-0.8154,0.001667,0.0004778,0.0004778,0.4778,0.0004774,0.0004774,0.4902
54.430233,-4.414,-0.7764,0.00188,0.0004732,0.0004732,0.4732,0.0004725,0.0004725,0.4902
54.440235,-4.448,-0.7324,0.002081,0.0002878,0.0002878,0.2878,0.0002869,0.0002869,0.2941
54.450233,-4.517,-0.6934,0.002218,-7.382e-06,-7.382e-06,-0.007382,-8.547e-06,-8.547e-06,0.01961
54.460232,-4.551,-0.6396,0.002291,-0.0002998,-0.0002998,-0.2998,-0.0003016,-0.0003016,-0.2941
54.470234,-4.59,-0.625,0.002332,-0.0004778,-0.0004778,-0.4778,-0.0004799,-0.0004799,-0.451
54.480236,-4.639,-0.6006,0.002347,-0.0004732,-0.0004732,-0.4732,-0.000475,-0.000475,-0.451
54.490234,-4.648,-0.5713,0.002379,-0.0002879,-0.0002879,-0.2879,-0.0002894,-0.0002894,-0.2549
54.500233,-4.663,-0.5469,0.002446,7.358e-06,7.358e-06,0.007358,6.105e-06,6.105e-06,0.01961
54.510235,-4.644,-0.4932,0.00256,0.0002999,0.0002999,0.2999,0.0002991,0.0002991,0.3333
54.520233,-4.609,-0.4053,0.002697,0.0004778,0.0004778,0.4778,0.0004774,0.0004774,0.4902
54.530235,-4.561,-0.3174,0.002831,0.0004732,0.0004732,0.4732,0.0004725,0.0004725,0.4902
54.540234,-4.473,-0.2246,0.002945,0.0002879,0.0002879,0.2879,0.0002869,0.0002869,0.2941
54.550236,-4.395,-0.1514,0.003,-7.454e-06,-7.454e-06,-0.007454,-8.547e-06,-8.547e-06,0.01961
54.560234,-4.312,-0.07324,0.002986,-0.0002998,-0.0002998,-0.2998,-0.0003016,-0.0003016,-0.2941
54.570236,-4.233,-0.01953,0.002927,-0.0004778,-0.0004778,-0.4778,-0.0004799,-0.0004799,-0.451
54.580235,-4.16,0.0293,0.002837,-0.0004732,-0.0004732,-0.4732,-0.000475,-0.000475,-0.451
54.590233,-4.058,0.08301,0.002767,-0.0002879,-0.0002879,-0.2879,-0.0002894,-0.0002894,-0.2549
54.600235,-3.975,0.1465,0.002714,7.43e-06,7.43e-06,0.00743,6.105e-06,6.105e-06,0.01961
54.610233,-3.838,0.2148,0.002711,0.0002998,0.0002998,0.2998,0.0002991,0.0002991,0.3333
54.620235,-3.691,0.2979,0.002738,0.0004778,0.0004778,0.4778,0.0004774,0.0004774,0.4902
54.630234,-3.54,0.376,0.002776,0.0004732,0.0004732,0.4732,0.0004725,0.0004725,0.4902
54.640236,-3.384,0.4736,0.002764,0.0002878,0.0002878,0.2878,0.0002869,0.0002869,0.2941
54.650234,-3.223,0.5469,0.002708,-7.406e-06,-7.406e-06,-0.007406,-8.547e-06,-8.547e-06,0.01961
54.660233,-3.086,0.6152,0.002577,-0.0002998,-0.0002998,-0.2998,-0.0003016,-0.0003016,-0.2941
54.670235,-2.944,0.6641,0.002408,-0.0004778,-0.0004778,-0.4778,-0.0004799,-0.0004799,-0.451
54.680233,-2.822,0.6934,0.002201,-0.0004732,-0.0004732,-0.4732,-0.000475,-0.000475,-0.451
54.690235,-2.666,0.7324,0.002014,-0.0002878,-0.0002878,-0.2878,-0.0002894,-0.0002894,-0.2549
54.700233,-2.529,0.752,0.001877,7.382e-06,7.382e-06,0.007382,6.105e-06,6.105e-06,0.01961
54.710236,-2.388,0.7861,0.00178,0.0002999,0.0002999,0.2999,0.0002991,0.0002991,0.3333
54.720234,-2.222,0.8301,0.001722,0.0004778,0.0004778,0.4778,0.0004774,0.0004774,0.4902
54.730232,-2.061,0.8643,0.001675,0.0004732,0.0004732,0.4732,0.0004725,0.0004725,0.4902
54.740234,-1.909,0.918,0.001602,0.0002879,0.0002879,0.2879,0.0002869,0.0002869,0.2941
54.750233,-1.787,0.9473,0.001471,-7.358e-06,-7.358e-06,-0.007358,-8.547e-06,-8.547e-06,0.01961
54.760235,-1.67,0.957,0.001287,-0.0002999,-0.0002999,-0.2999,-0.0003016,-0.0003016,-0.2941
54.770233,-1.558,0.9668,0.001054,-0.0004778,-0.0004778,-0.4778,-0.0004799,-0.0004799,-0.451
54.780235,-1.45,0.9082,0.0008376,-0.0004732,-0.0004732,-0.4732,-0.000475,-0.000475,-0.451
54.790234,-1.343,0.8936,0.0006187,-0.0002879,-0.0002879,-0.2879,-0.0002894,-0.0002894,-0.2549
54.800232,-1.226,0.8594,0.0004524,7.334e-06,7.334e-06,0.007334,6.105e-06,6.105e-06,0.01961
54.810234,-1.104,0.8301,0.0003561,0.0002998,0.0002998,0.2998,0.0002991,0.0002991,0.3333
54.820236,-0.9668,0.8301,0.0002919,0.0004778,0.0004778,0.4778,0.0004774,0.0004774,0.4902
54.830235,-0.8154,0.7959,0.0002685,0.0004732,0.0004732,0.4732,0.0004725,0.0004725,0.4902
54.840237,-0.6592,0.8154,0.0001926,0.0002878,0.0002878,0.2878,0.0002869,0.0002869,0.2941
54.850235,-0.5078,0.7812,9.631e-05,-7.43e-06,-7.43e-06,-0.00743,-8.547e-06,-8.547e-06,0.01961
54.860233,-0.3613,0.752,-4.962e-05,-0.0002998,-0.0002998,-0.2998,-0.0003016,-0.0003016,-0.2941
54.870235,-0.2295,0.6836,-0.0002189,-0.0004778,-0.0004778,-0.4778,-0.0004799,-0.0004799,-0.451
54.880234,-0.1074,0.6104,-0.0004028,-0.0004732,-0.0004732,-0.4732,-0.000475,-0.000475,-0.451
54.890232,-0.01465,0.5664,-0.000575,-0.0002879,-0.0002879,-0.2879,-0.0002894,-0.0002894,-0.2549
54.900234,0.08301,0.4932,-0.0006596,7.406e-06,7.406e-06,0.007406,6.105e-06,6.105e-06,0.01961
54.910233,0.2148,0.4541,-0.0007063,0.0002998,0.0002998,0.2998,0.0002991,0.0002991,0.3333
54.920235,0.3369,0.4199,-0.0006946,0.0004778,0.0004778,0.4778,0.0004774,0.0004774,0.4902
54.930233,0.4639,0.4053,-0.0006771,0.0004732,0.0004732,0.4732,0.0004725,0.0004725,0.4902
54.940235,0.6055,0.3809,-0.0006567,0.0002878,0.0002878,0.2878,0.0002869,0.0002869,0.2941
54.950233,0.7178,0.3467,-0.000683,-7.382e-06,-7.382e-06,-0.007382,-8.547e-06,-8.547e-06,0.01961
54.960236,0.8105,0.3076,-0.0007559,-0.0002999,-0.0002999,-0.2999,-0.0003016,-0.0003016,-0.2941
54.970234,0.918,0.2588,-0.0008639,-0.0004778,-0.0004778,-0.4778,-0.0004799,-0.0004799,-0.451
54.980236,0.9717,0.2051,-0.0009865,-0.0004732,-0.0004732,-0.4732,-0.000475,-0.000475,-0.451
54.990234,1.06,0.1416,-0.001059,-0.0002879,-0.0002879,-0.2879,-0.0002894,-0.0002894,-0.2549
55.000237,1.128,0.09277,-0.0011,7.478e-06,7.478e-06,0.007478,6.105e-06,6.105e-06,0.01961
55.010235,1.206,0.06348,-0.00108,0.0002999,0.0002999,0.2999,0.0002991,0.0002991,0.3333
55.020233,1.304,0.03906,-0.0009952,0.0004778,0.0004778,0.4778,0.0004774,0.0004774,0.4902
55.030235,1.401,0.0293,-0.0009077,0.0004732,0.0004732,0.4732,0.0004725,0.0004725,0.4902
55.040234,1.494,0.04395,-0.0008406,0.0002879,0.0002879,0.2879,0.0002869,0.0002869,0.2941
55.050236,1.567,0.02441,-0.0008143,-7.454e-06,-7.454e-06,-0.007454,-8.547e-06,-8.547e-06,0.01961
55.060234,1.65,0.02441,-0.0008464,-0.0002998,-0.0002998,-0.2998,-0.0003016,-0.0003016,-0.2941
55.070232,1.738,-0.004883,-0.0009048,-0.0004777,-0.0004777,-0.4777,-0.0004799,-0.0004799,-0.451
55.080235,1.792,-0.0293,-0.0009894,-0.0004732,-0.0004732,-0.4732,-0.000475,-0.000475,-0.451
55.090233,1.88,-0.06348,-0.001033,-0.0002879,-0.0002879,-0.2879,-0.0002894,-0.0002894,-0.2549
55.100235,1.934,-0.09277,-0.00103,7.43e-06,7.43e-06,0.00743,6.105e-06,6.105e-06,0.01961
55.110233,2.007,-0.09277,-0.0009836,0.0002998,0.0002998,0.2998,0.0002991,0.0002991,0.3333
55.120232,2.085,-0.07324,-0.0008931,0.0004777,0.0004777,0.4777,0.0004774,0.0004774,0.4902
55.130234,2.163,-0.03906,-0.0007968,0.0004732,0.0004732,0.4732,0.0004725,0.0004725,0.4902
55.140236,2.261,-0.01465,-0.0007121,0.0002878,0.0002878,0.2878,0.0002869,0.0002869,0.2941
55.150234,2.31,0.01953,-0.0006946,-7.406e-06,-7.406e-06,-0.007406,-8.547e-06,-8.547e-06,0.01961
55.160233,2.373,0.0293,-0.0007121,-0.0002998,-0.0002998,-0.2998,-0.0003016,-0.0003016,-0.2941
55.170235,2.417,0.0293,-0.0007822,-0.0004778,-0.0004778,-0.4778,-0.0004799,-0.0004799,-0.451
55.180233,2.456,0.01465,-0.0008581,-0.0004732,-0.0004732,-0.4732,-0.000475,-0.000475,-0.451
55.190235,2.495,0.02441,-0.000934,-0.0002878,-0.0002878,-0.2878,-0.0002894,-0.0002894,-0.2549
55.200233,2.524,0.01465,-0.0009485,7.382e-06,7.382e-06,0.007382,6.105e-06,6.105e-06,0.01961
55.210232,2.588,0.03418,-0.0009252,0.0002998,0.0002998,0.2998,0.0002991,0.0002991,0.3333
55.220234,2.637,0.09277,-0.0008785,0.0004778,0.0004778,0.4778,0.0004774,0.0004774,0.4902
55.230232,2.715,0.09766,-0.0007763,0.0004732,0.0004732,0.4732,0.0004725,0.0004725,0.4902
55.240234,2.803,0.1611,-0.0007355,0.0002879,0.0002879,0.2879,0.0002869,0.0002869,0.2941
55.250233,2.861,0.1807,-0.0007267,-7.358e-06,-7.358e-06,-0.007358,-8.547e-06,-8.547e-06,0.01961
55.260235,2.91,0.1953,-0.0007763,-0.0002999,-0.0002999,-0.2999,-0.0003016,-0.0003016,-0.2941
55.270233,2.959,0.21,-0.0008814,-0.0004778,-0.0004778,-0.4778,-0.0004799,-0.0004799,-0.451
55.280235,3.008,0.1855,-0.0009865,-0.0004732,-0.0004732,-0.4732,-0.000475,-0.000475,-0.451
55.290234,3.037,0.1953,-0.00108,-0.0002879,-0.0002879,-0.2879,-0.0002894,-0.0002894,-0.2549
55.300236,3.071,0.1953,-0.001138,7.454e-06,7.454e-06,0.007454,6.105e-06,6.105e-06,0.01961
55.310234,3.125,0.2295,-0.001153,0.0002998,0.0002998,0.2998,0.0002991,0.0002991,0.3333
55.320232,3.198,0.2393,-0.001097,0.0004777,0.0004777,0.4777,0.0004774,0.0004774,0.4902
55.330235,3.247,0.2832,-0.001062,0.0004732,0.0004732,0.4732,0.0004725,0.0004725,0.4902
55.340233,3.325,0.3125,-0.001027,0.0002879,0.0002879,0.2879,0.0002869,0.0002869,0.2941
55.350235,3.379,0.3223,-0.001042,-7.43e-06,-7.43e-06,-0.00743,-8.547e-06,-8.547e-06,0.01961
55.360233,3.442,0.3271,-0.001118,-0.0002998,-0.0002998,-0.2998,-0.0003016,-0.0003016,-0.2941
55.370235,3.472,0.332,-0.001246,-0.0004778,-0.0004778,-0.4778,-0.0004799,-0.0004799,-0.451
55.380234,3.481,0.3076,-0.001372,-0.0004732,-0.0004732,-0.4732,-0.000475,-0.000475,-0.451
55.390236,3.53,0.2881,-0.00148,-0.0002878,-0.0002878,-0.2878,-0.0002894,-0.0002894,-0.2549
55.400234,3.545,0.2783,-0.001556,7.406e-06,7.406e-06,0.007406,6.105e-06,6.105e-06,0.01961
55.410233,3.584,0.2783,-0.001567,0.0002998,0.0002998,0.2998,0.0002991,0.0002991,0.3333
55.420235,3.623,0.2783,-0.001526,0.0004778,0.0004778,0.4778,0.0004774,0.0004774,0.4902
55.430233,3.662,0.293,-0.001483,0.0004732,0.0004732,0.4732,0.0004725,0.0004725,0.4902
55.440235,3.701,0.3125,-0.001465,0.0002878,0.0002878,0.2878,0.0002869,0.0002869,0.2941
55.450233,3.726,0.3125,-0.00148,-7.383e-06,-7.383e-06,-0.007383,-8.547e-06,-8.547e-06,0.01961
55.460232,3.75,0.3174,-0.001556,-0.0002998,-0.0002998,-0.2998,-0.0003016,-0.0003016,-0.2941
55.470234,3.75,0.2881,-0.001669,-0.0004778,-0.0004778,-0.4778,-0.0004799,-0.0004799,-0.451
55.480236,3.735,0.2441,-0.001792,-0.0004732,-0.0004732,-0.4732,-0.000475,-0.000475,-0.451
55.490234,3.735,0.2197,-0.001888,-0.0002879,-0.0002879,-0.2879,-0.0002894,-0.0002894,-0.2549
55.500233,3.726,0.1709,-0.001932,7.359e-06,7.359e-06,0.007359,6.105e-06,6.105e-06,0.01961
55.510235,3.721,0.1465,-0.001918,0.0002999,0.0002999,0.2999,0.0002991,0.0002991,0.3333
55.520233,3.716,0.1514,-0.001871,0.0004778,0.0004778,0.4778,0.0004774,0.0004774,0.4902
55.530235,3.711,0.1416,-0.001804,0.0004732,0.0004732,0.4732,0.0004725,0.0004725,0.4902
55.540234,3.711,0.1514,-0.001757,0.0002879,0.0002879,0.2879,0.0002869,0.0002869,0.2941
55.550232,3.696,0.1367,-0.001748,-7.335e-06,-7.335e-06,-0.007335,-8.547e-06,-8.547e-06,0.01961
55.560234,3.677,0.1172,-0.001786,-0.0002998,-0.0002998,-0.2998,-0.0003016,-0.0003016,-0.2941
55.570232,3.647,0.08301,-0.001865,-0.0004777,-0.0004777,-0.4777,-0.0004799,-0.0004799,-0.451
55.580235,3.608,0.0293,-0.00195,-0.0004732,-0.0004732,-0.4732,-0.000475,-0.000475,-0.451
55.590233,3.564,-0.02441,-0.002005,-0.0002879,-0.0002879,-0.2879,-0.0002894,-0.0002894,-0.2549
55.600235,3.496,-0.05859,-0.002023,7.431e-06,7.431e-06,0.007431,6.105e-06,6.105e-06,0.01961
55.610233,3.447,-0.08301,-0.001976,0.0002998,0.0002998,0.2998,0.0002991,0.0002991,0.3333
55.620232,3.428,-0.09277,-0.001888,0.0004777,0.0004777,0.4777,0.0004774,0.0004774,0.4902
55.630234,3.384,-0.08789,-0.001786,0.0004732,0.0004732,0.4732,0.0004725,0.0004725,0.4902
55.640232,3.374,-0.07812,-0.001702,0.0002879,0.0002879,0.2879,0.0002869,0.0002869,0.2941
55.650234,3.315,-0.09766,-0.001646,-7.407e-06,-7.407e-06,-0.007407,-8.547e-06,-8.547e-06,0.01961
55.660233,3.281,-0.1172,-0.001649,-0.0002998,-0.0002998,-0.2998,-0.0003016,-0.0003016,-0.2941
55.670235,3.218,-0.1416,-0.001693,-0.0004778,-0.0004778,-0.4778,-0.0004799,-0.0004799,-0.451
55.680233,3.145,-0.1855,-0.001745,-0.0004732,-0.0004732,-0.4732,-0.000475,-0.000475,-0.451
55.690235,3.096,-0.2197,-0.001772,-0.0002878,-0.0002878,-0.2878,-0.0002894,-0.0002894,-0.2549
55.700233,3.013,-0.249,-0.001763,7.383e-06,7.383e-06,0.007383,6.105e-06,6.105e-06,0.01961
55.710236,2.979,-0.2686,-0.001678,0.0002999,0.0002999,0.2999,0.0002991,0.0002991,0.3333
55.720234,2.935,-0.2686,-0.001556,0.0004778,0.0004778,0.4778,0.0004774,0.0004774,0.4902
55.730236,2.905,-0.249,-0.001433,0.0004732,0.0004732,0.4732,0.0004725,0.0004725,0.4902
55.740234,2.905,-0.249,-0.001296,0.0002879,0.0002879,0.2879,0.0002869,0.0002869,0.2941
55.750233,2.852,-0.2344,-0.001246,-7.359e-06,-7.359e-06,-0.007359,-8.547e-06,-8.547e-06,0.01961
55.760235,2.817,-0.2295,-0.001223,-0.0002999,-0.0002999,-0.2999,-0.0003016,-0.0003016,-0.2941
55.770233,2.764,-0.2393,-0.001258,-0.0004778,-0.0004778,-0.4778,-0.0004799,-0.0004799,-0.451
55.780231,2.705,-0.2637,-0.001296,-0.0004732,-0.0004732,-0.4732,-0.000475,-0.000475,-0.451
55.790234,2.656,-0.2588,-0.001334,-0.0002879,-0.0002879,-0.2879,-0.0002894,-0.0002894,-0.2549
55.800236,2.627,-0.2881,-0.001287,7.455e-06,7.455e-06,0.007455,6.105e-06,6.105e-06,0.01961
55.810234,2.612,-0.2832,-0.001208,0.0002998,0.0002998,0.2998,0.0002991,0.0002991,0.3333
55.820236,2.593,-0.2588,-0.001089,0.0004778,0.0004778,0.4778,0.0004774,0.0004774,0.4902
55.830235,2.593,-0.2393,-0.0009485,0.0004732,0.0004732,0.4732,0.0004725,0.0004725,0.4902
55.840233,2.598,-0.1855,-0.0008493,0.0002879,0.0002879,0.2879,0.0002869,0.0002869,0.2941
55.850235,2.607,-0.1611,-0.0007997,-7.431e-06,-7.431e-06,-0.007431,-8.547e-06,-8.547e-06,0.01961
55.860233,2.612,-0.1318,-0.0008055,-0.0002998,-0.0002998,-0.2998,-0.0003016,-0.0003016,-0.2941
55.870232,2.612,-0.1318,-0.0008464,-0.0004777,-0.0004777,-0.4777,-0.0004799,-0.0004799,-0.451
55.880234,2.593,-0.1465,-0.0009018,-0.0004732,-0.0004732,-0.4732,-0.000475,-0.000475,-0.451
55.890232,2.603,-0.1416,-0.0009398,-0.0002879,-0.0002879,-0.2879,-0.0002894,-0.0002894,-0.2549
55.900234,2.588,-0.1318,-0.0009427,7.407e-06,7.407e-06,0.007407,6.105e-06,6.105e-06,0.01961
55.910233,2.612,-0.1123,-0.0008931,0.0002998,0.0002998,0.2998,0.0002991,0.0002991,0.3333
55.920235,2.642,-0.06348,-0.0008085,0.0004778,0.0004778,0.4778,0.0004774,0.0004774,0.4902
55.930233,2.681,-0.01953,-0.0007121,0.0004732,0.0004732,0.4732,0.0004725,0.0004725,0.4902
55.940235,2.734,0.03906,-0.000645,0.0002878,0.0002878,0.2878,0.0002869,0.0002869,0.2941
55.950233,2.793,0.06836,-0.0006217,-7.383e-06,-7.383e-06,-0.007383,-8.547e-06,-8.547e-06,0.01961
55.960232,2.837,0.09766,-0.0006625,-0.0002998,-0.0002998,-0.2998,-0.0003016,-0.0003016,-0.2941
55.970234,2.866,0.1074,-0.0007413,-0.0004778,-0.0004778,-0.4778,-0.0004799,-0.0004799,-0.451
55.980236,2.886,0.1074,-0.0008406,-0.0004732,-0.0004732,-0.4732,-0.000475,-0.000475,-0.451
55.990234,2.949,0.1074,-0.0009164,-0.0002879,-0.0002879,-0.2879,-0.0002894,-0.0002894,-0.2549
56.000233,2.949,0.1318,-0.0009777,7.359e-06,7.359e-06,0.007359,6.105e-06,6.105e-06,0.01961
56.010235,3.018,0.1562,-0.0009661,0.0002999,0.0002999,0.2999,0.0002991,0.0002991,0.3333
56.020233,3.076,0.1904,-0.0009194,0.0004778,0.0004778,0.4778,0.0004774,0.0004774,0.4902
56.030231,3.149,0.2295,-0.0008697,0.0004732,0.0004732,0.4732,0.0004725,0.0004725,0.4902
56.040234,3.213,0.2783,-0.0008376,0.0002879,0.0002879,0.2879,0.0002869,0.0002869,0.2941
56.050232,3.271,0.3027,-0.0008522,-7.335e-06,-7.335e-06,-0.007335,-8.547e-06,-8.547e-06,0.01961
56.060234,3.335,0.3271,-0.000934,-0.0002998,-0.0002998,-0.2998,-0.0003016,-0.0003016,-0.2941
56.070232,3.384,0.332,-0.001054,-0.0004777,-0.0004777,-0.4777,-0.0004799,-0.0004799,-0.451
56.080235,3.418,0.3174,-0.001188,-0.0004732,-0.0004732,-0.4732,-0.000475,-0.000475,-0.451
56.090233,3.462,0.3174,-0.001302,-0.0002879,-0.0002879,-0.2879,-0.0002894,-0.0002894,-0.2549
56.100235,3.491,0.3027,-0.001372,7.431e-06,7.431e-06,0.007431,6.105e-06,6.105e-06,0.01961
56.110233,3.545,0.3125,-0.001392,0.0002998,0.0002998,0.2998,0.0002991,0.0002991,0.3333
56.120235,3.608,0.3271,-0.001366,0.0004778,0.0004778,0.4778,0.0004774,0.0004774,0.4902
56.130234,3.662,0.3516,-0.00134,0.0004732,0.0004732,0.4732,0.0004725,0.0004725,0.4902
56.140232,3.701,0.3906,-0.001328,0.0002879,0.0002879,0.2879,0.0002869,0.0002869,0.2941
56.150234,3.76,0.3857,-0.001343,-7.407e-06,-7.407e-06,-0.007407,-8.547e-06,-8.547e-06,0.01961
56.160233,3.799,0.4053,-0.001451,-0.0002998,-0.0002998,-0.2998,-0.0003016,-0.0003016,-0.2941
56.170235,3.823,0.3662,-0.001561,-0.0004778,-0.0004778,-0.4778,-0.0004799,-0.0004799,-0.451
56.180233,3.828,0.3369,-0.001707,-0.0004732,-0.0004732,-0.4732,-0.000475,-0.000475,-0.451
56.190235,3.833,0.3076,-0.001824,-0.0002878,-0.0002878,-0.2878,-0.0002894,-0.0002894,-0.2549
56.200233,3.833,0.2588,-0.001871,7.383e-06,7.383e-06,0.007383,6.105e-06,6.105e-06,0.01961
56.210236,3.843,0.2539,-0.001888,0.0002999,0.0002999,0.2999,0.0002991,0.0002991,0.3333
56.220234,3.853,0.2588,-0.001856,0.0004778,0.0004778,0.4778,0.0004774,0.0004774,0.4902
56.230232,3.867,0.249,-0.001804,0.0004732,0.0004732,0.4732,0.0004725,0.0004725,0.4902
56.240234,3.896,0.2637,-0.001777,0.0002879,0.0002879,0.2879,0.0002869,0.0002869,0.2941
56.250237,3.892,0.249,-0.001786,-7.479e-06,-7.479e-06,-0.007479,-8.547e-06,-8.547e-06,0.01961
56.260235,3.887,0.2246,-0.001839,-0.0002999,-0.0002999,-0.2999,-0.0003016,-0.0003016,-0.2941
56.270233,3.853,0.1855,-0.001938,-0.0004778,-0.0004778,-0.4778,-0.0004799,-0.0004799,-0.451
56.280235,3.818,0.1318,-0.00204,-0.0004732,-0.0004732,-0.4732,-0.000475,-0.000475,-0.451
56.290234,3.76,0.09277,-0.002116,-0.0002879,-0.0002879,-0.2879,-0.0002894,-0.0002894,-0.2549
56.300236,3.721,0.03906,-0.002145,7.455e-06,7.455e-06,0.007455,6.105e-06,6.105e-06,0.01961
56.310234,3.682,0.01953,-0.002119,0.0002998,0.0002998,0.2998,0.0002991,0.0002991,0.3333
56.320236,3.657,0.0,-0.00204,0.0004778,0.0004778,0.4778,0.0004774,0.0004774,0.4902
56.330235,3.623,-0.004883,-0.001958,0.0004732,0.0004732,0.4732,0.0004725,0.0004725,0.4902
56.340233,3.608,-0.004883,-0.001885,0.0002879,0.0002879,0.2879,0.0002869,0.0002869,0.2941
56.350235,3.569,-0.03906,-0.001833,-7.431e-06,-7.431e-06,-0.007431,-8.547e-06,-8.547e-06,0.01961
56.360233,3.511,-0.05371,-0.001853,-0.0002998,-0.0002998,-0.2998,-0.0003016,-0.0003016,-0.2941
56.370232,3.442,-0.09277,-0.001903,-0.0004777,-0.0004777,-0.4777,-0.0004799,-0.0004799,-0.451
56.380234,3.359,-0.1514,-0.001958,-0.0004732,-0.0004732,-0.4732,-0.000475,-0.000475,-0.451
56.390236,3.291,-0.1807,-0.001999,-0.0002878,-0.0002878,-0.2878,-0.0002894,-0.0002894,-0.2549
56.400234,3.223,-0.2295,-0.001982,7.407e-06,7.407e-06,0.007407,6.105e-06,6.105e-06,0.01961
56.410233,3.169,-0.249,-0.001906,0.0002998,0.0002998,0.2998,0.0002991,0.0002991,0.3333
56.420235,3.125,-0.2686,-0.001783,0.0004778,0.0004778,0.4778,0.0004774,0.0004774,0.4902
56.430233,3.081,-0.2734,-0.001646,0.0004732,0.0004732,0.4732,0.0004725,0.0004725,0.4902
56.440235,3.018,-0.249,-0.001535,0.0002878,0.0002878,0.2878,0.0002869,0.0002869,0.2941
56.450233,2.969,-0.2539,-0.001468,-7.383e-06,-7.383e-06,-0.007383,-8.547e-06,-8.547e-06,0.01961
56.460232,2.92,-0.2637,-0.001442,-0.0002998,-0.0002998,-0.2998,-0.0003016,-0.0003016,-0.2941
56.470234,2.861,-0.2783,-0.001465,-0.0004778,-0.0004778,-0.4778,-0.0004799,-0.0004799,-0.451
56.480232,2.788,-0.3125,-0.001497,-0.0004732,-0.0004732,-0.4732,-0.000475,-0.000475,-0.451
56.490234,2.734,-0.3516,-0.001491,-0.0002879,-0.0002879,-0.2879,-0.0002894,-0.0002894,-0.2549
56.500233,2.661,-0.3711,-0.001459,7.36e-06,7.36e-06,0.00736,6.105e-06,6.105e-06,0.01961
56.510235,2.627,-0.3662,-0.001366,0.0002999,0.0002999,0.2999,0.0002991,0.0002991,0.3333
56.520233,2.593,-0.3564,-0.001232,0.0004778,0.0004778,0.4778,0.0004774,0.0004774,0.4902
56.530235,2.568,-0.3223,-0.001089,0.0004732,0.0004732,0.4732,0.0004725,0.0004725,0.4902
56.540234,2.544,-0.2881,-0.0009661,0.0002879,0.0002879,0.2879,0.0002869,0.0002869,0.2941
56.550232,2.539,-0.2686,-0.0009018,-7.336e-06,-7.336e-06,-0.007336,-8.547e-06,-8.547e-06,0.01961
56.560234,2.52,-0.249,-0.0008785,-0.0002998,-0.0002998,-0.2998,-0.0003016,-0.0003016,-0.2941
56.570232,2.495,-0.249,-0.0009048,-0.0004777,-0.0004777,-0.4777,-0.0004799,-0.0004799,-0.451
56.580235,2.471,-0.2588,-0.0009398,-0.0004732,-0.0004732,-0.4732,-0.000475,-0.000475,-0.451
56.590237,2.461,-0.2734,-0.0009515,-0.0002878,-0.0002878,-0.2878,-0.0002894,-0.0002894,-0.2549
56.600235,2.437,-0.2686,-0.000934,7.431e-06,7.431e-06,0.007431,6.105e-06,6.105e-06,0.01961
56.610233,2.427,-0.2295,-0.0008727,0.0002998,0.0002998,0.2998,0.0002991,0.0002991,0.3333
56.620232,2.441,-0.1904,-0.0007705,0.0004777,0.0004777,0.4777,0.0004774,0.0004774,0.4902
56.630234,2.485,-0.1416,-0.0006567,0.0004732,0.0004732,0.4732,0.0004725,0.0004725,0.4902
56.640236,2.524,-0.07812,-0.0005691,0.0002878,0.0002878,0.2878,0.0002869,0.0002869,0.2941
56.650234,2.563,-0.05859,-0.0005137,-7.408e-06,-7.408e-06,-0.007408,-8.547e-06,-8.547e-06,0.01961
56.660233,2.598,-0.01465,-0.0005429,-0.0002998,-0.0002998,-0.2998,-0.0003016,-0.0003016,-0.2941
56.670235,2.622,0.0,-0.0006041,-0.0004778,-0.0004778,-0.4778,-0.0004799,-0.0004799,-0.451
56.680233,2.637,0.009766,-0.0006975,-0.0004732,-0.0004732,-0.4732,-0.000475,-0.000475,-0.451
56.690235,2.681,0.01953,-0.0007559,-0.0002878,-0.0002878,-0.2878,-0.0002894,-0.0002894,-0.2549
56.700233,2.7,0.03906,-0.0007968,7.384e-06,7.384e-06,0.007384,6.105e-06,6.105e-06,0.01961
56.710232,2.759,0.07324,-0.0007734,0.0002998,0.0002998,0.2998,0.0002991,0.0002991,0.3333
56.720234,2.837,0.1172,-0.0007092,0.0004778,0.0004778,0.4778,0.0004774,0.0004774,0.4902
56.730236,2.905,0.1562,-0.0006421,0.0004732,0.0004732,0.4732,0.0004725,0.0004725,0.4902
56.740234,2.974,0.2344,-0.0006158,0.0002879,0.0002879,0.2879,0.0002869,0.0002869,0.2941
56.750233,3.042,0.249,-0.0006071,-7.36e-06,-7.36e-06,-0.00736,-8.547e-06,-8.547e-06,0.01961
56.760235,3.12,0.2979,-0.0006946,-0.0002999,-0.0002999,-0.2999,-0.0003016,-0.0003016,-0.2941
56.770233,3.159,0.3027,-0.0008055,-0.0004778,-0.0004778,-0.4778,-0.0004799,-0.0004799,-0.451
56.780235,3.208,0.3076,-0.0009485,-0.0004732,-0.0004732,-0.4732,-0.000475,-0.000475,-0.451
56.790234,3.271,0.3125,-0.001054,-0.0002879,-0.0002879,-0.2879,-0.0002894,-0.0002894,-0.2549
56.800236,3.34,0.3125,-0.001124,7.456e-06,7.456e-06,0.007456,6.105e-06,6.105e-06,0.01961
56.810234,3.408,0.3223,-0.001141,0.0002998,0.0002998,0.2998,0.0002991,0.0002991,0.3333
56.820232,3.467,0.3516,-0.001127,0.0004777,0.0004777,0.4777,0.0004774,0.0004774,0.4902
56.830235,3.53,0.3857,-0.0011,0.0004732,0.0004732,0.4732,0.0004725,0.0004725,0.4902
56.840233,3.618,0.4297,-0.001094,0.0002879,0.0002879,0.2879,0.0002869,0.0002869,0.2941
56.850231,3.682,0.4541,-0.001141,-7.312e-06,-7.312e-06,-0.007312,-8.547e-06,-8.547e-06,0.01961
56.860233,3.755,0.4639,-0.001246,-0.0002998,-0.0002998,-0.2998,-0.0003016,-0.0003016,-0.2941
56.870232,3.799,0.4492,-0.00138,-0.0004777,-0.0004777,-0.4777,-0.0004799,-0.0004799,-0.451
56.880234,3.818,0.4199,-0.001529,-0.0004732,-0.0004732,-0.4732,-0.000475,-0.000475,-0.451
56.890236,3.857,0.4053,-0.001667,-0.0002878,-0.0002878,-0.2878,-0.0002894,-0.0002894,-0.2549
56.900234,3.862,0.376,-0.001742,7.408e-06,7.408e-06,0.007408,6.105e-06,6.105e-06,0.01961
56.910233,3.906,0.3662,-0.001766,0.0002998,0.0002998,0.2998,0.0002991,0.0002991,0.3333
56.920235,3.945,0.3711,-0.001754,0.0004778,0.0004778,0.4778,0.0004774,0.0004774,0.4902
56.930233,3.984,0.3711,-0.001722,0.0004732,0.0004732,0.4732,0.0004725,0.0004725,0.4902
56.940231,4.023,0.3955,-0.001725,0.0002879,0.0002879,0.2879,0.0002869,0.0002869,0.2941
56.950233,4.033,0.3809,-0.001754,-7.384e-06,-7.384e-06,-0.007384,-8.547e-06,-8.547e-06,0.01961
56.960232,4.048,0.3613,-0.00183,-0.0002998,-0.0002998,-0.2998,-0.0003016,-0.0003016,-0.2941
56.970234,4.048,0.3174,-0.001941,-0.0004778,-0.0004778,-0.4778,-0.0004799,-0.0004799,-0.451
56.980232,4.019,0.2734,-0.002075,-0.0004732,-0.0004732,-0.4732,-0.000475,-0.000475,-0.451
56.990234,3.984,0.2246,-0.00216,-0.0002879,-0.0002879,-0.2879,-0.0002894,-0.0002894,-0.2549
57.000233,3.94,0.1855,-0.002233,7.36e-06,7.36e-06,0.00736,6.105e-06,6.105e-06,0.01961
57.010235,3.926,0.1416,-0.002212,0.0002999,0.0002999,0.2999,0.0002991,0.0002991,0.3333
57.020233,3.906,0.127,-0.002157,0.0004778,0.0004778,0.4778,0.0004774,0.0004774,0.4902
57.030235,3.892,0.1123,-0.002087,0.0004732,0.0004732,0.4732,0.0004725,0.0004725,0.4902
57.040234,3.892,0.09766,-0.002014,0.0002879,0.0002879,0.2879,0.0002869,0.0002869,0.2941
57.050232,3.843,0.07812,-0.002011,-7.336e-06,-7.336e-06,-0.007336,-8.547e-06,-8.547e-06,0.01961
57.060234,3.799,0.04395,-0.002034,-0.0002998,-0.0002998,-0.2998,-0.0003016,-0.0003016,-0.2941
57.070232,3.726,0.004883,-0.002104,-0.0004777,-0.0004777,-0.4777,-0.0004799,-0.0004799,-0.451
57.080235,3.647,-0.05859,-0.00218,-0.0004732,-0.0004732,-0.4732,-0.000475,-0.000475,-0.451
57.090233,3.584,-0.1025,-0.00223,-0.0002879,-0.0002879,-0.2879,-0.0002894,-0.0002894,-0.2549
57.100235,3.506,-0.1611,-0.002221,7.432e-06,7.432e-06,0.007432,6.105e-06,6.105e-06,0.01961
57.110233,3.438,-0.1953,-0.002154,0.0002998,0.0002998,0.2998,0.0002991,0.0002991,0.3333
57.120235,3.389,-0.2197,-0.002043,0.0004778,0.0004778,0.4778,0.0004774,0.0004774,0.4902
57.130234,3.325,-0.2344,-0.001909,0.0004732,0.0004732,0.4732,0.0004725,0.0004725,0.4902
57.140236,3.271,-0.2295,-0.001801,0.0002878,0.0002878,0.2878,0.0002869,0.0002869,0.2941
57.150234,3.198,-0.2441,-0.001734,-7.408e-06,-7.408e-06,-0.007408,-8.547e-06,-8.547e-06,0.01961
57.160233,3.135,-0.2637,-0.001716,-0.0002998,-0.0002998,-0.2998,-0.0003016,-0.0003016,-0.2941
57.170235,3.047,-0.3076,-0.001728,-0.0004778,-0.0004778,-0.4778,-0.0004799,-0.0004799,-0.451
57.180233,2.954,-0.3369,-0.001769,-0.0004732,-0.0004732,-0.4732,-0.000475,-0.000475,-0.451
57.190231,2.886,-0.3809,-0.001757,-0.0002879,-0.0002879,-0.2879,-0.0002894,-0.0002894,-0.2549
57.200233,2.798,-0.415,-0.00171,7.384e-06,7.384e-06,0.007384,6.105e-06,6.105e-06,0.01961
57.210236,2.729,-0.4297,-0.001605,0.0002999,0.0002999,0.2999,0.0002991,0.0002991,0.3333
57.220234,2.666,-0.4248,-0.001459,0.0004778,0.0004778,0.4778,0.0004774,0.0004774,0.4902
57.230236,2.617,-0.4004,-0.00131,0.0004732,0.0004732,0.4732,0.0004725,0.0004725,0.4902
57.240234,2.598,-0.376,-0.001176,0.0002879,0.0002879,0.2879,0.0002869,0.0002869,0.2941
57.250233,2.544,-0.3662,-0.001083,-7.36e-06,-7.36e-06,-0.00736,-8.547e-06,-8.547e-06,0.01961
57.260235,2.505,-0.3564,-0.001051,-0.0002999,-0.0002999,-0.2999,-0.0003016,-0.0003016,-0.2941
57.270233,2.446,-0.376,-0.001048,-0.0004778,-0.0004778,-0.4778,-0.0004799,-0.0004799,-0.451
57.280235,2.397,-0.3809,-0.001077,-0.0004732,-0.0004732,-0.4732,-0.000475,-0.000475,-0.451
57.290234,2.363,-0.3955,-0.001065,-0.0002879,-0.0002879,-0.2879,-0.0002894,-0.0002894,-0.2549
57.300236,2.314,-0.4004,-0.001019,7.456e-06,7.456e-06,0.007456,6.105e-06,6.105e-06,0.01961
57.310234,2.285,-0.3662,-0.0009398,0.0002998,0.0002998,0.2998,0.0002991,0.0002991,0.3333
57.320232,2.285,-0.3271,-0.0008143,0.0004777,0.0004777,0.4777,0.0004774,0.0004774,0.4902
57.330235,2.295,-0.2979,-0.0006684,0.0004732,0.0004732,0.4732,0.0004725,0.0004725,0.4902
57.340237,2.314,-0.2295,-0.0005575,0.0002878,0.0002878,0.2878,0.0002869,0.0002869,0.2941
57.350235,2.329,-0.1953,-0.0004962,-7.432e-06,-7.432e-06,-0.007432,-8.547e-06,-8.547e-06,0.01961
57.360233,2.363,-0.1611,-0.0004903,-0.0002998,-0.0002998,-0.2998,-0.0003016,-0.0003016,-0.2941
57.370235,2.363,-0.1416,-0.0005283,-0.0004778,-0.0004778,-0.4778,-0.0004799,-0.0004799,-0.451
57.380234,2.363,-0.1367,-0.0005866,-0.0004732,-0.0004732,-0.4732,-0.000475,-0.000475,-0.451
57.390232,2.397,-0.1221,-0.0006333,-0.0002879,-0.0002879,-0.2879,-0.0002894,-0.0002894,-0.2549
57.400234,2.422,-0.09766,-0.000645,7.408e-06,7.408e-06,0.007408,6.105e-06,6.105e-06,0.01961
57.410233,2.466,-0.04883,-0.0006071,0.0002998,0.0002998,0.2998,0.0002991,0.0002991,0.3333
57.420235,2.52,-0.009766,-0.0005253,0.0004778,0.0004778,0.4778,0.0004774,0.0004774,0.4902
57.430233,2.588,0.03906,-0.000429,0.0004732,0.0004732,0.4732,0.0004725,0.0004725,0.4902
57.440235,2.671,0.1123,-0.0003794,0.0002878,0.0002878,0.2878,0.0002869,0.0002869,0.2941
57.450233,2.744,0.166,-0.0003794,-7.384e-06,-7.384e-06,-0.007384,-8.547e-06,-8.547e-06,0.01961
57.460236,2.812,0.2051,-0.0004378,-0.0002999,-0.0002999,-0.2999,-0.0003016,-0.0003016,-0.2941
57.470234,2.881,0.2344,-0.0005399,-0.0004778,-0.0004778,-0.4778,-0.0004799,-0.0004799,-0.451
57.480232,2.925,0.2441,-0.0006625,-0.0004732,-0.0004732,-0.4732,-0.000475,-0.000475,-0.451
57.490234,2.998,0.2637,-0.0007676,-0.0002879,-0.0002879,-0.2879,-0.0002894,-0.0002894,-0.2549
57.500233,3.052,0.2783,-0.0008376,7.36e-06,7.36e-06,0.00736,6.105e-06,6.105e-06,0.01961
57.510235,3.14,0.3076,-0.0008522,0.0002999,0.0002999,0.2999,0.0002991,0.0002991,0.3333
57.520233,3.223,0.3467,-0.0008347,0.0004778,0.0004778,0.4778,0.0004774,0.0004774,0.4902
57.530235,3.32,0.3906,-0.0008114,0.0004732,0.0004732,0.4732,0.0004725,0.0004725,0.4902
57.540234,3.418,0.4443,-0.0007909,0.0002879,0.0002879,0.2879,0.0002869,0.0002869,0.2941
57.550236,3.506,0.4785,-0.0008493,-7.456e-06,-7.456e-06,-0.007456,-8.547e-06,-8.547e-06,0.01961
57.560234,3.594,0.5029,-0.0009573,-0.0002999,-0.0002999,-0.2999,-0.0003016,-0.0003016,-0.2941
57.570236,3.662,0.5029,-0.001106,-0.0004778,-0.0004778,-0.4778,-0.0004799,-0.0004799,-0.451
57.580235,3.706,0.4932,-0.00127,-0.0004732,-0.0004732,-0.4732,-0.000475,-0.000475,-0.451
57.590233,3.765,0.4785,-0.001407,-0.0002879,-0.0002879,-0.2879,-0.0002894,-0.0002894,-0.2549
57.600235,3.818,0.459,-0.0015,7.432e-06,7.432e-06,0.007432,6.105e-06,6.105e-06,0.01961
57.610233,3.877,0.4639,-0.001547,0.0002998,0.0002998,0.2998,0.0002991,0.0002991,0.3333
57.620232,3.94,0.4834,-0.00155,0.0004777,0.0004777,0.4777,0.0004774,0.0004774,0.4902
57.630234,4.014,0.4883,-0.001529,0.0004732,0.0004732,0.4732,0.0004725,0.0004725,0.4902
57.640236,4.072,0.5225,-0.001559,0.0002878,0.0002878,0.2878,0.0002869,0.0002869,0.2941
57.650234,4.121,0.5127,-0.001602,-7.408e-06,-7.408e-06,-0.007408,-8.547e-06,-8.547e-06,0.01961
57.660233,4.16,0.5029,-0.001707,-0.0002998,-0.0002998,-0.2998,-0.0003016,-0.0003016,-0.2941
57.670235,4.18,0.4688,-0.001856,-0.0004778,-0.0004778,-0.4778,-0.0004799,-0.0004799,-0.451
57.680233,4.189,0.4248,-0.002005,-0.0004732,-0.0004732,-0.4732,-0.000475,-0.000475,-0.451
57.690231,4.18,0.3857,-0.002133,-0.0002879,-0.0002879,-0.2879,-0.0002894,-0.0002894,-0.2549
57.700233,4.165,0.3369,-0.002206,7.385e-06,7.385e-06,0.007385,6.105e-06,6.105e-06,0.01961
57.710236,4.16,0.3174,-0.00223,0.0002999,0.0002999,0.2999,0.0002991,0.0002991,0.3333
57.720234,4.165,0.3027,-0.002206,0.0004778,0.0004778,0.4778,0.0004774,0.0004774,0.4902
57.730232,4.18,0.2734,-0.002151,0.0004732,0.0004732,0.4732,0.0004725,0.0004725,0.4902
57.740234,4.17,0.2637,-0.002122,0.0002879,0.0002879,0.2879,0.0002869,0.0002869,0.2941
57.750233,4.141,0.2344,-0.002128,-7.361e-06,-7.361e-06,-0.007361,-8.547e-06,-8.547e-06,0.01961
57.760235,4.102,0.1904,-0.002174,-0.0002999,-0.0002999,-0.2999,-0.0003016,-0.0003016,-0.2941
57.770233,4.048,0.1367,-0.002265,-0.0004778,-0.0004778,-0.4778,-0.0004799,-0.0004799,-0.451
57.780235,3.984,0.08789,-0.00237,-0.0004732,-0.0004732,-0.4732,-0.000475,-0.000475,-0.451
57.790234,3.916,0.02441,-0.00244,-0.0002879,-0.0002879,-0.2879,-0.0002894,-0.0002894,-0.2549
57.800232,3.828,-0.03418,-0.002457,7.337e-06,7.337e-06,0.007337,6.105e-06,6.105e-06,0.01961
57.810234,3.774,-0.07812,-0.002405,0.0002999,0.0002999,0.2999,0.0002991,0.0002991,0.3333
57.820232,3.716,-0.1172,-0.002309,0.0004777,0.0004777,0.4777,0.0004774,0.0004774,0.4902
57.830235,3.662,-0.1367,-0.002198,0.0004732,0.0004732,0.4732,0.0004725,0.0004725,0.4902
57.840233,3.604,-0.1514,-0.002093,0.0002879,0.0002879,0.2879,0.0002869,0.0002869,0.2941
57.850235,3.516,-0.1807,-0.002037,-7.433e-06,-7.433e-06,-0.007433,-8.547e-06,-8.547e-06,0.01961
57.860233,3.442,-0.21,-0.002028,-0.0002998,-0.0002998,-0.2998,-0.0003016,-0.0003016,-0.2941
57.870235,3.345,-0.2588,-0.002049,-0.0004778,-0.0004778,-0.4778,-0.0004799,-0.0004799,-0.451
57.880234,3.237,-0.3125,-0.00209,-0.0004732,-0.0004732,-0.4732,-0.000475,-0.000475,-0.451
57.890236,3.13,-0.3662,-0.002096,-0.0002878,-0.0002878,-0.2878,-0.0002894,-0.0002894,-0.2549
57.900234,3.037,-0.4297,-0.002034,7.409e-06,7.409e-06,0.007409,6.105e-06,6.105e-06,0.01961
57.910236,2.949,-0.4541,-0.001926,0.0002999,0.0002999,0.2999,0.0002991,0.0002991,0.3333
57.920235,2.856,-0.459,-0.001795,0.0004778,0.0004778,0.4778,0.0004774,0.0004774,0.4902
57.930233,2.788,-0.4541,-0.00162,0.0004732,0.0004732,0.4732,0.0004725,0.0004725,0.4902
57.940235,2.734,-0.4443,-0.001471,0.0002878,0.0002878,0.2878,0.0002869,0.0002869,0.2941
57.950233,2.656,-0.4395,-0.001378,-7.385e-06,-7.385e-06,-0.007385,-8.547e-06,-8.547e-06,0.01961
57.960236,2.593,-0.4443,-0.001325,-0.0002999,-0.0002999,-0.2999,-0.0003016,-0.0003016,-0.2941
57.970234,2.505,-0.4736,-0.00131,-0.0004778,-0.0004778,-0.4778,-0.0004799,-0.0004799,-0.451
57.980236,2.422,-0.4932,-0.001316,-0.0004732,-0.0004732,-0.4732,-0.000475,-0.000475,-0.451
57.990234,2.349,-0.5127,-0.001299,-0.0002879,-0.0002879,-0.2879,-0.0002894,-0.0002894,-0.2549
58.000233,2.28,-0.5322,-0.001229,7.361e-06,7.361e-06,0.007361,6.105e-06,6.105e-06,0.01961
58.010235,2.222,-0.5176,-0.001112,0.0002999,0.0002999,0.2999,0.0002991,0.0002991,0.3333
58.020233,2.192,-0.4932,-0.0009573,0.0004778,0.0004778,0.4778,0.0004774,0.0004774,0.4902
58.030235,2.173,-0.4541,-0.0007909,0.0004732,0.0004732,0.4732,0.0004725,0.0004725,0.4902
58.040234,2.183,-0.3955,-0.0006567,0.0002879,0.0002879,0.2879,0.0002869,0.0002869,0.2941
58.050236,2.158,-0.3711,-0.0005633,-7.457e-06,-7.457e-06,-0.007457,-8.547e-06,-8.547e-06,0.01961
58.060234,2.153,-0.3467,-0.0005253,-0.0002999,-0.0002999,-0.2999,-0.0003016,-0.0003016,-0.2941
58.070232,2.134,-0.3223,-0.0005487,-0.0004777,-0.0004777,-0.4777,-0.0004799,-0.0004799,-0.451
58.080235,2.109,-0.3125,-0.0005779,-0.0004732,-0.0004732,-0.4732,-0.000475,-0.000475,-0.451
58.090233,2.104,-0.2979,-0.0005866,-0.0002879,-0.0002879,-0.2879,-0.0002894,-0.0002894,-0.2549
58.100235,2.104,-0.2686,-0.000575,7.433e-06,7.433e-06,0.007433,6.105e-06,6.105e-06,0.01961
58.110233,2.144,-0.2344,-0.0004932,0.0002998,0.0002998,0.2998,0.0002991,0.0002991,0.3333
58.120235,2.188,-0.1807,-0.0003911,0.0004778,0.0004778,0.4778,0.0004774,0.0004774,0.4902
58.130234,2.241,-0.1221,-0.0002714,0.0004732,0.0004732,0.4732,0.0004725,0.0004725,0.4902
58.140232,2.324,-0.05371,-0.0001897,0.0002879,0.0002879,0.2879,0.0002869,0.0002869,0.2941
58.150234,2.373,-0.004883,-0.0001401,-7.409e-06,-7.409e-06,-0.007409,-8.547e-06,-8.547e-06,0.01961
58.160233,2.446,0.05371,-0.0001868,-0.0002998,-0.0002998,-0.2998,-0.0003016,-0.0003016,-0.2941
58.170235,2.5,0.09277,-0.0002802,-0.0004778,-0.0004778,-0.4778,-0.0004799,-0.0004799,-0.451
58.180233,2.554,0.1221,-0.0003882,-0.0004732,-0.0004732,-0.4732,-0.000475,-0.000475,-0.451
58.190235,2.622,0.1465,-0.0004699,-0.0002878,-0.0002878,-0.2878,-0.0002894,-0.0002894,-0.2549
58.200233,2.695,0.1709,-0.0005166,7.385e-06,7.385e-06,0.007385,6.105e-06,6.105e-06,0.01961
58.210236,2.783,0.2295,-0.0005283,0.0002999,0.0002999,0.2999,0.0002991,0.0002991,0.3333
58.220234,2.881,0.2734,-0.0004903,0.0004778,0.0004778,0.4778,0.0004774,0.0004774,0.4902
58.230232,2.988,0.3271,-0.0004465,0.0004732,0.0004732,0.4732,0.0004725,0.0004725,0.4902
58.240234,3.11,0.4004,-0.0004436,0.0002879,0.0002879,0.2879,0.0002869,0.0002869,0.2941
58.250233,3.193,0.4541,-0.0004962,-7.361e-06,-7.361e-06,-0.007361,-8.547e-06,-8.547e-06,0.01961
58.260235,3.315,0.5029,-0.0006041,-0.0002999,-0.0002999,-0.2999,-0.0003016,-0.0003016,-0.2941
58.270233,3.403,0.5127,-0.0007472,-0.0004778,-0.0004778,-0.4778,-0.0004799,-0.0004799,-0.451
58.280235,3.477,0.5127,-0.0009106,-0.0004732,-0.0004732,-0.4732,-0.000475,-0.000475,-0.451
58.290234,3.56,0.5176,-0.001059,-0.0002879,-0.0002879,-0.2879,-0.0002894,-0.0002894,-0.2549
58.300236,3.628,0.5322,-0.001179,7.457e-06,7.457e-06,0.007457,6.105e-06,6.105e-06,0.01961
58.310234,3.726,0.5371,-0.001217,0.0002999,0.0002999,0.2999,0.0002991,0.0002991,0.3333
58.320236,3.818,0.5664,-0.001235,0.0004778,0.0004778,0.4778,0.0004774,0.0004774,0.4902
58.330235,3.916,0.5957,-0.00124,0.0004732,0.0004732,0.4732,0.0004725,0.0004725,0.4902
58.340233,4.014,0.6348,-0.001275,0.0002879,0.0002879,0.2879,0.0002869,0.0002869,0.2941
58.350235,4.111,0.625,-0.001325,-7.433e-06,-7.433e-06,-0.007433,-8.547e-06,-8.547e-06,0.01961
58.360237,4.175,0.6543,-0.001483,-0.0002999,-0.0002999,-0.2999,-0.0003016,-0.0003016,-0.2941
58.370232,4.209,0.6201,-0.00164,-0.0004777,-0.0004777,-0.4777,-0.0004799,-0.0004799,-0.451
58.380234,4.263,0.5859,-0.001815,-0.0004732,-0.0004732,-0.4732,-0.000475,-0.000475,-0.451
58.390236,4.292,0.5469,-0.001964,-0.0002878,-0.0002878,-0.2878,-0.0002894,-0.0002894,-0.2549
58.400234,4.292,0.5127,-0.002069,7.409e-06,7.409e-06,0.007409,6.105e-06,6.105e-06,0.01961
58.410233,4.341,0.498,-0.002128,0.0002998,0.0002998,0.2998,0.0002991,0.0002991,0.3333
58.420235,4.37,0.4785,-0.002131,0.0004778,0.0004778,0.4778,0.0004774,0.0004774,0.4902
58.430233,4.404,0.4785,-0.002116,0.0004732,0.0004732,0.4732,0.0004725,0.0004725,0.4902
58.440235,4.424,0.459,-0.002104,0.0002878,0.0002878,0.2878,0.0002869,0.0002869,0.2941
58.450233,4.434,0.415,-0.002136,-7.385e-06,-7.385e-06,-0.007385,-8.547e-06,-8.547e-06,0.01961
58.460232,4.429,0.3955,-0.002239,-0.0002998,-0.0002998,-0.2998,-0.0003016,-0.0003016,-0.2941
58.470234,4.39,0.3418,-0.002364,-0.0004778,-0.0004778,-0.4778,-0.0004799,-0.0004799,-0.451
58.480236,4.336,0.2734,-0.002487,-0.0004732,-0.0004732,-0.4732,-0.000475,-0.000475,-0.451
58.490234,4.287,0.2148,-0.002595,-0.0002879,-0.0002879,-0.2879,-0.0002894,-0.0002894,-0.2549
58.500233,4.199,0.1367,-0.002633,7.361e-06,7.361e-06,0.007361,6.105e-06,6.105e-06,0.01961
58.510235,4.155,0.1074,-0.002624,0.0002999,0.0002999,0.2999,0.0002991,0.0002991,0.3333
58.520233,4.116,0.05859,-0.002554,0.0004778,0.0004778,0.4778,0.0004774,0.0004774,0.4902
58.530235,4.067,0.01953,-0.002457,0.0004732,0.0004732,0.4732,0.0004725,0.0004725,0.4902
58.540234,4.014,-0.004883,-0.002382,0.0002879,0.0002879,0.2879,0.0002869,0.0002869,0.2941
58.550236,3.916,-0.03906,-0.002355,-7.457e-06,-7.457e-06,-0.007457,-8.547e-06,-8.547e-06,0.01961
58.560234,3.843,-0.08789,-0.002352,-0.0002999,-0.0002999,-0.2999,-0.0003016,-0.0003016,-0.2941
58.570232,3.745,-0.1562,-0.002396,-0.0004777,-0.0004777,-0.4777,-0.0004799,-0.0004799,-0.451
58.580235,3.633,-0.2051,-0.00246,-0.0004732,-0.0004732,-0.4732,-0.000475,-0.000475,-0.451
58.590233,3.511,-0.2832,-0.002472,-0.0002879,-0.0002879,-0.2879,-0.0002894,-0.0002894,-0.2549
58.600235,3.384,-0.3467,-0.002434,7.433e-06,7.433e-06,0.007433,6.105e-06,6.105e-06,0.01961
58.610233,3.301,-0.3906,-0.002335,0.0002998,0.0002998,0.2998,0.0002991,0.0002991,0.3333
58.620235,3.198,-0.4297,-0.00218,0.0004778,0.0004778,0.4778,0.0004774,0.0004774,0.4902
58.630234,3.11,-0.4443,-0.00202,0.0004732,0.0004732,0.4732,0.0004725,0.0004725,0.4902
58.640236,3.018,-0.459,-0.001871,0.0002878,0.0002878,0.2878,0.0002869,0.0002869,0.2941
58.650234,2.92,-0.4639,-0.001777,-7.409e-06,-7.409e-06,-0.007409,-8.547e-06,-8.547e-06,0.01961
58.660233,2.822,-0.4932,-0.001713,-0.0002998,-0.0002998,-0.2998,-0.0003016,-0.0003016,-0.2941
58.670235,2.7,-0.5273,-0.001693,-0.0004778,-0.0004778,-0.4778,-0.0004799,-0.0004799,-0.451
58.680233,2.593,-0.5615,-0.00169,-0.0004732,-0.0004732,-0.4732,-0.000475,-0.000475,-0.451
58.690235,2.476,-0.6055,-0.001646,-0.0002878,-0.0002878,-0.2878,-0.0002894,-0.0002894,-0.2549
58.700233,2.378,-0.6348,-0.001561,7.385e-06,7.385e-06,0.007385,6.105e-06,6.105e-06,0.01961
58.710236,2.305,-0.6396,-0.001427,0.0002999,0.0002999,0.2999,0.0002991,0.0002991,0.3333
58.720234,2.227,-0.6396,-0.00124,0.0004778,0.0004778,0.4778,0.0004774,0.0004774,0.4902
58.730232,2.163,-0.6152,-0.001051,0.0004732,0.0004732,0.4732,0.0004725,0.0004725,0.4902
58.740234,2.114,-0.5713,-0.0008902,0.0002879,0.0002879,0.2879,0.0002869,0.0002869,0.2941
58.750233,2.065,-0.5615,-0.0007559,-7.361e-06,-7.361e-06,-0.007361,-8.547e-06,-8.547e-06,0.01961
58.760235,2.021,-0.5176,-0.0007092,-0.0002999,-0.0002999,-0.2999,-0.0003016,-0.0003016,-0.2941
58.770233,1.968,-0.5225,-0.0006859,-0.0004778,-0.0004778,-0.4778,-0.0004799,-0.0004799,-0.451
58.780235,1.924,-0.5225,-0.000683,-0.0004732,-0.0004732,-0.4732,-0.000475,-0.000475,-0.451
58.790234,1.89,-0.5176,-0.0006596,-0.0002879,-0.0002879,-0.2879,-0.0002894,-0.0002894,-0.2549
58.800236,1.865,-0.5029,-0.0006012,7.457e-06,7.457e-06,0.007457,6.105e-06,6.105e-06,0.01961
58.810234,1.855,-0.4492,-0.0004962,0.0002999,0.0002999,0.2999,0.0002991,0.0002991,0.3333
58.820232,1.865,-0.4004,-0.000359,0.0004777,0.0004777,0.4777,0.0004774,0.0004774,0.4902
58.830235,1.904,-0.3418,-0.0002101,0.0004732,0.0004732,0.4732,0.0004725,0.0004725,0.4902
58.840233,1.948,-0.2539,-9.923e-05,0.0002879,0.0002879,0.2879,0.0002869,0.0002869,0.2941
58.850235,1.968,-0.1904,-4.086e-05,-7.433e-06,-7.433e-06,-0.007433,-8.547e-06,-8.547e-06,0.01961
58.860233,2.041,-0.1514,-2.043e-05,-0.0002998,-0.0002998,-0.2998,-0.0003016,-0.0003016,-0.2941
58.870232,2.07,-0.1123,-7.296e-05,-0.0004777,-0.0004777,-0.4777,-0.0004799,-0.0004799,-0.451
58.880234,2.124,-0.07812,-0.0001488,-0.0004732,-0.0004732,-0.4732,-0.000475,-0.000475,-0.451
58.890232,2.178,-0.04395,-0.0001985,-0.0002879,-0.0002879,-0.2879,-0.0002894,-0.0002894,-0.2549
58.900234,2.231,-0.009766,-0.0002189,7.41e-06,7.41e-06,0.00741,6.105e-06,6.105e-06,0.01961
58.910233,2.31,0.06836,-0.0002131,0.0002998,0.0002998,0.2998,0.0002991,0.0002991,0.3333
58.920235,2.422,0.1221,-0.000143,0.0004778,0.0004778,0.4778,0.0004774,0.0004774,0.4902
58.930233,2.539,0.2051,-9.048e-05,0.0004732,0.0004732,0.4732,0.0004725,0.0004725,0.4902
58.940235,2.656,0.2832,-5.837e-05,0.0002878,0.0002878,0.2878,0.0002869,0.0002869,0.2941
58.950233,2.773,0.3418,-8.756e-05,-7.386e-06,-7.386e-06,-0.007386,-8.547e-06,-8.547e-06,0.01961
58.960232,2.886,0.4053,-0.0001751,-0.0002998,-0.0002998,-0.2998,-0.0003016,-0.0003016,-0.2941
58.970234,2.988,0.4346,-0.0003094,-0.0004778,-0.0004778,-0.4778,-0.0004799,-0.0004799,-0.451
58.980236,3.091,0.459,-0.000467,-0.0004732,-0.0004732,-0.4732,-0.000475,-0.000475,-0.451
58.990234,3.188,0.4834,-0.0006129,-0.0002879,-0.0002879,-0.2879,-0.0002894,-0.0002894,-0.2549
59.000233,3.286,0.5127,-0.0007267,7.362e-06,7.362e-06,0.007362,6.105e-06,6.105e-06,0.01961
59.010235,3.423,0.5615,-0.0007822,0.0002999,0.0002999,0.2999,0.0002991,0.0002991,0.3333
59.020233,3.54,0.5957,-0.0008055,0.0004778,0.0004778,0.4778,0.0004774,0.0004774,0.4902
59.030235,3.682,0.6445,-0.0008114,0.0004732,0.0004732,0.4732,0.0004725,0.0004725,0.4902
59.040234,3.804,0.6934,-0.0008493,0.0002879,0.0002879,0.2879,0.0002869,0.0002869,0.2941
59.050236,3.921,0.7227,-0.0009369,-7.458e-06,-7.458e-06,-0.007458,-8.547e-06,-8.547e-06,0.01961
59.060234,4.038,0.7422,-0.00108,-0.0002999,-0.0002999,-0.2999,-0.0003016,-0.0003016,-0.2941
59.070232,4.111,0.752,-0.001278,-0.0004777,-0.0004777,-0.4777,-0.0004799,-0.0004799,-0.451
59.080235,4.194,0.7324,-0.00148,-0.0004732,-0.0004732,-0.4732,-0.000475,-0.000475,-0.451
59.090233,4.268,0.7129,-0.001658,-0.0002879,-0.0002879,-0.2879,-0.0002894,-0.0002894,-0.2549
59.100235,4.326,0.6885,-0.001792,7.434e-06,7.434e-06,0.007434,6.105e-06,6.105e-06,0.01961
59.110233,4.404,0.6836,-0.001871,0.0002998,0.0002998,0.2998,0.0002991,0.0002991,0.3333
59.120232,4.473,0.6689,-0.0019,0.0004777,0.0004777,0.4777,0.0004774,0.0004774,0.4902
59.130234,4.546,0.6738,-0.001912,0.0004732,0.0004732,0.4732,0.0004725,0.0004725,0.4902
59.140232,4.604,0.6787,-0.001961,0.0002879,0.0002879,0.2879,0.0002869,0.0002869,0.2941
59.150234,4.639,0.6543,-0.00204,-7.41e-06,-7.41e-06,-0.00741,-8.547e-06,-8.547e-06,0.01961
59.160233,4.673,0.6299,-0.002163,-0.0002998,-0.0002998,-0.2998,-0.0003016,-0.0003016,-0.2941
59.170235,4.673,0.5859,-0.002329,-0.0004778,-0.0004778,-0.4778,-0.0004799,-0.0004799,-0.451
59.180233,4.663,0.5176,-0.002492,-0.0004732,-0.0004732,-0.4732,-0.000475,-0.000475,-0.451
59.190235,4.624,0.4492,-0.00263,-0.0002878,-0.0002878,-0.2878,-0.0002894,-0.0002894,-0.2549
59.200233,4.609,0.3711,-0.002706,7.386e-06,7.386e-06,0.007386,6.105e-06,6.105e-06,0.01961
59.210236,4.58,0.332,-0.002729,0.0002999,0.0002999,0.2999,0.0002991,0.0002991,0.3333
59.220234,4.536,0.2881,-0.002703,0.0004778,0.0004778,0.4778,0.0004774,0.0004774,0.4902
59.230232,4.512,0.2637,-0.002659,0.0004732,0.0004732,0.4732,0.0004725,0.0004725,0.4902
59.240234,4.473,0.2246,-0.002621,0.0002879,0.0002879,0.2879,0.0002869,0.0002869,0.2941
59.250233,4.414,0.166,-0.002609,-7.362e-06,-7.362e-06,-0.007362,-8.547e-06,-8.547e-06,0.01961
59.260235,4.341,0.1221,-0.002656,-0.0002999,-0.0002999,-0.2999,-0.0003016,-0.0003016,-0.2941
59.270233,4.253,0.03418,-0.002729,-0.0004778,-0.0004778,-0.4778,-0.0004799,-0.0004799,-0.451
59.280235,4.146,-0.04395,-0.002802,-0.0004732,-0.0004732,-0.4732,-0.000475,-0.000475,-0.451
59.290234,4.019,-0.1367,-0.002849,-0.0002879,-0.0002879,-0.2879,-0.0002894,-0.0002894,-0.2549
59.300236,3.892,-0.2148,-0.002831,7.458e-06,7.458e-06,0.007458,6.105e-06,6.105e-06,0.01961
59.310234,3.784,-0.2686,-0.002749,0.0002999,0.0002999,0.2999,0.0002991,0.0002991,0.3333
59.320232,3.667,-0.3174,-0.00263,0.0004777,0.0004777,0.4777,0.0004774,0.0004774,0.4902
59.330235,3.569,-0.3467,-0.002487,0.0004732,0.0004732,0.4732,0.0004725,0.0004725,0.4902
59.340233,3.467,-0.3857,-0.002338,0.0002879,0.0002879,0.2879,0.0002869,0.0002869,0.2941
59.350235,3.354,-0.4297,-0.002244,-7.434e-06,-7.434e-06,-0.007434,-8.547e-06,-8.547e-06,0.01961
59.360233,3.228,-0.4736,-0.002189,-0.0002998,-0.0002998,-0.2998,-0.0003016,-0.0003016,-0.2941
59.370232,3.071,-0.5225,-0.002177,-0.0004777,-0.0004777,-0.4777,-0.0004799,-0.0004799,-0.451
59.380234,2.935,-0.5859,-0.002163,-0.0004732,-0.0004732,-0.4732,-0.000475,-0.000475,-0.451
59.390232,2.788,-0.6348,-0.002128,-0.0002879,-0.0002879,-0.2879,-0.0002894,-0.0002894,-0.2549
59.400234,2.646,-0.6885,-0.00204,7.41e-06,7.41e-06,0.00741,6.105e-06,6.105e-06,0.01961
59.410233,2.544,-0.7275,-0.001868,0.0002998,0.0002998,0.2998,0.0002991,0.0002991,0.3333
59.420235,2.417,-0.7324,-0.001684,0.0004778,0.0004778,0.4778,0.0004774,0.0004774,0.4902
59.430233,2.319,-0.7227,-0.001477,0.0004732,0.0004732,0.4732,0.0004725,0.0004725,0.4902
59.440235,2.227,-0.708,-0.00129,0.0002878,0.0002878,0.2878,0.0002869,0.0002869,0.2941
59.450233,2.129,-0.7129,-0.001141,-7.386e-06,-7.386e-06,-0.007386,-8.547e-06,-8.547e-06,0.01961
59.460236,2.041,-0.7031,-0.001048,-0.0002999,-0.0002999,-0.2999,-0.0003016,-0.0003016,-0.2941
59.470234,1.938,-0.7129,-0.001001,-0.0004778,-0.0004778,-0.4778,-0.0004799,-0.0004799,-0.451
59.480232,1.851,-0.7227,-0.0009661,-0.0004732,-0.0004732,-0.4732,-0.000475,-0.000475,-0.451
59.490234,1.768,-0.7324,-0.0009077,-0.0002879,-0.0002879,-0.2879,-0.0002894,-0.0002894,-0.2549
59.500233,1.67,-0.7227,-0.0008172,7.362e-06,7.362e-06,0.007362,6.105e-06,6.105e-06,0.01961
59.510235,1.592,-0.6982,-0.0006625,0.0002999,0.0002999,0.2999,0.0002991,0.0002991,0.3333
59.520233,1.533,-0.6689,-0.0004728,0.0004778,0.0004778,0.4778,0.0004774,0.0004774,0.4902
59.530235,1.475,-0.5957,-0.0002948,0.0004732,0.0004732,0.4732,0.0004725,0.0004725,0.4902
59.540234,1.431,-0.5322,-0.0001313,0.0002879,0.0002879,0.2879,0.0002869,0.0002869,0.2941
59.550236,1.382,-0.4932,-1.751e-05,-7.458e-06,-7.458e-06,-0.007458,-8.547e-06,-8.547e-06,0.01961
59.560234,1.338,-0.4297,2.335e-05,-0.0002999,-0.0002999,-0.2999,-0.0003016,-0.0003016,-0.2941
59.570232,1.294,-0.4102,2.919e-05,-0.0004777,-0.0004777,-0.4777,-0.0004799,-0.0004799,-0.451
59.580235,1.255,-0.3711,-2.919e-06,-0.0004732,-0.0004732,-0.4732,-0.000475,-0.000475,-0.451
59.590237,1.221,-0.3418,-8.756e-06,-0.0002878,-0.0002878,-0.2878,-0.0002894,-0.0002894,-0.2549
59.600235,1.191,-0.3223,3.21e-05,7.434e-06,7.434e-06,0.007434,6.105e-06,6.105e-06,0.01961
59.610233,1.201,-0.2686,0.0001109,0.0002998,0.0002998,0.2998,0.0002991,0.0002991,0.3333
59.620235,1.216,-0.2002,0.0002131,0.0004778,0.0004778,0.4778,0.0004774,0.0004774,0.4902
59.630234,1.27,-0.1172,0.0003152,0.0004732,0.0004732,0.4732,0.0004725,0.0004725,0.4902
59.640232,1.348,-0.03418,0.0003969,0.0002879,0.0002879,0.2879,0.0002869,0.0002869,0.2941
59.650234,1.426,0.0293,0.0004203,-7.41e-06,-7.41e-06,-0.00741,-8.547e-06,-8.547e-06,0.01961
59.660233,1.523,0.09766,0.0003823,-0.0002998,-0.0002998,-0.2998,-0.0003016,-0.0003016,-0.2941
59.670235,1.631,0.1318,0.0002948,-0.0004778,-0.0004778,-0.4778,-0.0004799,-0.0004799,-0.451
59.680233,1.753,0.1758,0.0001839,-0.0004732,-0.0004732,-0.4732,-0.000475,-0.000475,-0.451
59.690235,1.88,0.21,8.464e-05,-0.0002878,-0.0002878,-0.2878,-0.0002894,-0.0002894,-0.2549
59.700233,2.026,0.2686,0.0,7.386e-06,7.386e-06,0.007386,6.105e-06,6.105e-06,0.01961
59.710232,2.183,0.3369,-2.335e-05,0.0002998,0.0002998,0.2998,0.0002991,0.0002991,0.3333
59.720234,2.368,0.3857,8.756e-06,0.0004778,0.0004778,0.4778,0.0004774,0.0004774,0.4902
59.730232,2.549,0.4639,2.335e-05,0.0004732,0.0004732,0.4732,0.0004725,0.0004725,0.4902
59.740234,2.725,0.5469,1.167e-05,0.0002879,0.0002879,0.2879,0.0002869,0.0002869,0.2941
59.750233,2.915,0.6055,-5.837e-05,-7.362e-06,-7.362e-06,-0.007362,-8.547e-06,-8.547e-06,0.01961
59.760235,3.081,0.6543,-0.0001839,-0.0002999,-0.0002999,-0.2999,-0.0003016,-0.0003016,-0.2941
59.770233,3.208,0.6934,-0.0003707,-0.0004778,-0.0004778,-0.4778,-0.0004799,-0.0004799,-0.451
59.780235,3.354,0.7178,-0.000572,-0.0004732,-0.0004732,-0.4732,-0.000475,-0.000475,-0.451
59.790234,3.496,0.7324,-0.0007618,-0.0002879,-0.0002879,-0.2879,-0.0002894,-0.0002894,-0.2549
59.800236,3.628,0.7373,-0.0008989,7.458e-06,7.458e-06,0.007458,6.105e-06,6.105e-06,0.01961
59.810234,3.779,0.7764,-0.0009894,0.0002999,0.0002999,0.2999,0.0002991,0.0002991,0.3333
59.820232,3.931,0.8008,-0.001048,0.0004777,0.0004777,0.4777,0.0004774,0.0004774,0.4902
59.830235,4.077,0.8496,-0.001094,0.0004732,0.0004732,0.4732,0.0004725,0.0004725,0.4902
59.840233,4.219,0.8838,-0.001167,0.0002879,0.0002879,0.2879,0.0002869,0.0002869,0.2941
59.850235,4.351,0.8887,-0.00127,-7.434e-06,-7.434e-06,-0.007434,-8.547e-06,-8.547e-06,0.01961
59.860233,4.453,0.9082,-0.001453,-0.0002998,-0.0002998,-0.2998,-0.0003016,-0.0003016,-0.2941
59.870235,4.526,0.8838,-0.001667,-0.0004778,-0.0004778,-0.4778,-0.0004799,-0.0004799,-0.451
59.880234,4.609,0.8398,-0.001882,-0.0004732,-0.0004732,-0.4732,-0.000475,-0.000475,-0.451
59.890232,4.673,0.8105,-0.002087,-0.0002879,-0.0002879,-0.2879,-0.0002894,-0.0002894,-0.2549
59.900234,4.727,0.7617,-0.002224,7.41e-06,7.41e-06,0.00741,6.105e-06,6.105e-06,0.01961
59.910233,4.785,0.752,-0.002326,0.0002998,0.0002998,0.2998,0.0002991,0.0002991,0.3333
59.920235,4.839,0.7129,-0.002355,0.0004778,0.0004778,0.4778,0.0004774,0.0004774,0.4902
59.930233,4.883,0.6982,-0.002379,0.0004732,0.0004732,0.4732,0.0004725,0.0004725,0.4902
59.940235,4.922,0.6787,-0.002414,0.0002878,0.0002878,0.2878,0.0002869,0.0002869,0.2941
59.950233,4.927,0.6494,-0.002501,-7.386e-06,-7.386e-06,-0.007386,-8.547e-06,-8.547e-06,0.01961
59.960236,4.927,0.5957,-0.002618,-0.0002999,-0.0002999,-0.2999,-0.0003016,-0.0003016,-0.2941
59.970234,4.907,0.5127,-0.002761,-0.0004778,-0.0004778,-0.4778,-0.0004799,-0.0004799,-0.451
59.980232,4.844,0.4346,-0.002916,-0.0004732,-0.0004732,-0.4732,-0.000475,-0.000475,-0.451
59.990234,4.79,0.3418,-0.00303,-0.0002879,-0.0002879,-0.2879,-0.0002894,-0.0002894,-0.2549
60.000233,4.722,0.2539,-0.003091,7.363e-06,7.363e-06,0.007363,6.105e-06,6.105e-06,0.01961
