3.807000000000000028e+01,-1.951999999999999957e+01,0.000000000000000000e+00
3.807096835412503566e+01,-1.951904583819505845e+01,0.000000000000000000e+00
3.807096835403353907e+01,-1.951904583818395622e+01,0.000000000000000000e+00
3.807096835388801992e+01,-1.951904583819850814e+01,0.000000000000000000e+00
3.807096835385891609e+01,-1.951904583819850814e+01,0.000000000000000000e+00
3.807096835380070843e+01,-1.951904583818395622e+01,0.000000000000000000e+00
3.807096835380070843e+01,-1.951904583821306005e+01,0.000000000000000000e+00
3.807096835374250077e+01,-1.951904583819123218e+01,0.000000000000000000e+00
3.807096835377160460e+01,-1.951904583815485239e+01,0.000000000000000000e+00
3.807096835368429311e+01,-1.951904583812574856e+01,0.000000000000000000e+00
3.807096835371339694e+01,-1.951904583811119664e+01,0.000000000000000000e+00
3.807096835368429311e+01,-1.951904583811119664e+01,0.000000000000000000e+00
3.807096835365518928e+01,-1.951904583811119664e+01,0.000000000000000000e+00
3.807237349219050060e+01,-1.951779843920951052e+01,0.000000000000000000e+00
3.807237349220667966e+01,-1.951779843921394786e+01,0.000000000000000000e+00
3.807237349209026434e+01,-1.951779843920667190e+01,0.000000000000000000e+00
3.807237349209026434e+01,-1.951779843920667190e+01,0.000000000000000000e+00
3.807237349214847200e+01,-1.951779843919211999e+01,0.000000000000000000e+00
3.807471007695267673e+01,-1.951779843914118828e+01,5.174593455463643438e-02
3.807472389388091472e+01,-1.951779843910480849e+01,1.063985133163171913e-02
3.807631247571030286e+01,-1.951640661985911507e+01,8.063983508493863250e-02
3.807624982593807772e+01,-1.951499700828102846e+01,1.146398357048517558e-01
3.807624982591369189e+01,-1.951499700828571804e+01,1.846398357051270978e-01
3.807623593851899813e+01,-1.951499700829299400e+01,2.026398358336268801e-01
3.807448143041570887e+01,-1.951499700830754591e+01,2.726398516534253580e-01
3.807099388339808854e+01,-1.951499700830754591e+01,2.896398821951032820e-01
3.807275714954624846e+01,-1.951499700832209783e+01,3.596398671843210604e-01
3.807275057477643543e+01,-1.951499700832937378e+01,3.596398672386716955e-01
3.806918828539998145e+01,-1.951499700831482187e+01,4.296398959552577557e-01
3.806917349643066473e+01,-1.951499700828571804e+01,4.816398960709407095e-01
3.806914662891890799e+01,-1.951343515618782831e+01,5.336398962751002228e-01
3.807101791336595653e+01,-1.951343515620828839e+01,5.686398823012945858e-01
3.807292292866765138e+01,-1.951343515621556435e+01,5.866398684172183797e-01
3.807286275316415214e+01,-1.951343515623011626e+01,6.386398688445451555e-01
3.807386465307169487e+01,-1.951343515622284031e+01,6.555882164007018620e-01
3.807189455181153903e+01,-1.951507470332616379e+01,6.905882334798425504e-01
3.807191030414055177e+01,-1.951340148180183576e+01,7.435882333440069214e-01
3.806595203865514776e+01,-1.951254654454956139e+01,7.785314892635140094e-01
3.806188273698768398e+01,-1.951254654453805415e+01,7.955315223151673276e-01
3.806081480008160867e+01,-1.951083487537762906e+01,8.305912613076792406e-01
3.805772684406304052e+01,-1.951083487540017813e+01,8.655295408757698317e-01
3.805672067979541850e+01,-1.951083487540745409e+01,8.655918886913628318e-01
3.805674635384517757e+01,-1.951080590042250407e+01,9.355918884906306854e-01
3.806304691973866028e+01,-1.950869805445219285e+01,9.704593692291323404e-01
3.807494609196912450e+01,-1.947550371547494308e+01,1.179459393073490903e+00
3.808298510734910991e+01,-1.944750371544796508e+01,1.284528349021523130e+00
3.808577143758400751e+01,-1.941334230384017800e+01,1.389528368087536769e+00
3.807672695047420319e+01,-1.937434230380313238e+01,1.458527387525861752e+00
3.807332455634049495e+01,-1.935342013304460096e+01,1.493526882251277277e+00
3.806604967823741958e+01,-1.933482297097829772e+01,1.511526908821354764e+00
3.806875731801095242e+01,-1.929482309581732480e+01,1.563601517375390548e+00
3.807243780307824466e+01,-1.927673631255258968e+01,1.581524964872530470e+00
3.806053749139868358e+01,-1.923483603181232482e+01,1.615524966495364145e+00
3.805453795151240826e+01,-1.919580749772459782e+01,1.633445917809763115e+00
3.804984992563576895e+01,-1.915387897307433462e+01,1.650603977719553805e+00
3.804170058488975315e+01,-1.911387897008387071e+01,1.685603978019476479e+00
3.804704911004099444e+01,-1.909387915585655904e+01,1.685603959495896254e+00
3.803343453388681894e+01,-1.905387908511988826e+01,1.720687356119665168e+00
3.802108200191334220e+01,-1.901387903975920679e+01,1.738687354915718686e+00
3.802330075513234675e+01,-1.899188584547109926e+01,1.738687329998762632e+00
3.801477558470617879e+01,-1.895189478737410482e+01,1.738686804688531984e+00
3.801222984337113786e+01,-1.893189483262026940e+01,1.755686793732218254e+00
3.800146471964090722e+01,-1.889189485509024991e+01,1.755773695599847972e+00
3.799070851658931502e+01,-1.885289487738736369e+01,1.755685677193594030e+00
3.797242865572620474e+01,-1.881495836388899789e+01,1.773776086516521744e+00
3.796520309891558753e+01,-1.879495834252151099e+01,1.773684444898182777e+00
3.795573087195357687e+01,-1.875595838599760157e+01,1.773684446968222028e+00
3.793986019777898377e+01,-1.871595832020483385e+01,1.773776976236258074e+00
3.793549754680676500e+01,-1.869701642041713541e+01,1.773870752546652829e+00
3.793393732586229561e+01,-1.865801659325242667e+01,1.773870734389399795e+00
3.792414679560902613e+01,-1.863901653129371994e+01,1.773966054059622266e+00
3.791347125177634325e+01,-1.860101655265384579e+01,1.773868547774620996e+00
3.790018070217513468e+01,-1.856201653206997548e+01,1.773771162054393002e+00
3.788349800708645887e+01,-1.850301655279734803e+01,1.755673581821339813e+00
3.785886321916012065e+01,-1.848192340246699317e+01,1.755772482885417540e+00
3.784418010114145403e+01,-1.844192336124261899e+01,1.755772881659108053e+00
3.783143884383134292e+01,-1.842071865664011554e+01,1.755872562653384206e+00
3.780871145381276222e+01,-1.838171849564673010e+01,1.755872442699117908e+00
3.780406895727685423e+01,-1.836049147201867626e+01,1.755769878686567198e+00
3.778991221588566418e+01,-1.834049135240107020e+01,1.755769811288357074e+00
3.778959573640608482e+01,-1.830049149277767029e+01,1.738664987126411487e+00
3.778134898624153237e+01,-1.826049153226930954e+01,1.738873926052011631e+00
3.777280113206092693e+01,-1.822049155282926947e+01,1.720768400872029202e+00
3.776708245342182124e+01,-1.817819461363512801e+01,1.720662435128749834e+00
3.775853061107180508e+01,-1.813819463367135754e+01,1.703770142118289144e+00
3.775940735947235538e+01,-1.809819476919761527e+01,1.703662039416354412e+00
3.775585632566519934e+01,-1.807819478886802145e+01,1.703771368041990808e+00
3.775896995822910185e+01,-1.805819488441405340e+01,1.703661461089850171e+00
3.775864827181809602e+01,-1.801819499972149430e+01,1.685661453806550858e+00
3.775936350526513507e+01,-1.797582995412018647e+01,1.685661399403009852e+00
3.775135830220458644e+01,-1.793582995405952474e+01,1.668437322196699268e+00
3.774040065334307315e+01,-1.789821585721538000e+01,1.668437355020026658e+00
3.772262099903488064e+01,-1.783821578345957093e+01,1.650667375709587992e+00
3.772305743051224169e+01,-1.779821587737602329e+01,1.650553914768285058e+00
3.772352856391784570e+01,-1.775821597080014413e+01,1.650439711258221198e+00
3.772647694399059759e+01,-1.773821604444398403e+01,1.633439803084145936e+00
3.772647009218872682e+01,-1.771821608111513768e+01,1.633439848844923992e+00
3.772647476646570652e+01,-1.767821615402726465e+01,1.633439939764349536e+00
3.772650064641470635e+01,-1.765821619038929313e+01,1.633439985141917239e+00
3.772060897147325420e+01,-1.761821619167602293e+01,1.615439986749550361e+00
3.772078760007924814e+01,-1.757821626458396125e+01,1.615440077681850051e+00
3.772098677465587002e+01,-1.753821633704611571e+01,1.615440168071487603e+00
3.771752869389330698e+01,-1.749821635491126415e+01,1.598318261567255094e+00
3.771556436144818036e+01,-1.747821635531208528e+01,1.598318261976577448e+00
3.771468441331322907e+01,-1.743821639080385921e+01,1.598318297531059473e+00
3.771581405917695662e+01,-1.741821642606803522e+01,1.598318332874484771e+00
3.771277836197754141e+01,-1.739621642563844262e+01,1.581318332472759547e+00
3.771023463429929734e+01,-1.738321640852139893e+01,1.563192735565310132e+00
3.771041016620716846e+01,-1.734321644336865376e+01,1.546192586410481962e+00
3.771059795153627903e+01,-1.728321647806175676e+01,1.546192455564295853e+00
3.772131656708795333e+01,-1.726572340860083088e+01,1.546192743410855330e+00
3.772254296863543033e+01,-1.722572344314126269e+01,1.546192805336982001e+00
3.771899308285086505e+01,-1.720572342668060983e+01,1.563061838416315519e+00
3.771766955689754042e+01,-1.716572344432255193e+01,1.562930237912456333e+00
3.770866529618767515e+01,-1.714572336080001591e+01,1.563058199918662794e+00
3.770953339342541000e+01,-1.710572341117860518e+01,1.563187160201118919e+00
3.770754345125919826e+01,-1.708572341127865357e+01,1.563450617023011358e+00
3.771105198409100012e+01,-1.704572347749165218e+01,1.563450771576212928e+00
3.771365100308012330e+01,-1.700572354411017884e+01,1.581450927010903840e+00
3.771297142206568509e+01,-1.696572357736620873e+01,1.581451004594816911e+00
3.771230617909034777e+01,-1.692572361048735274e+01,1.581451081895074884e+00
3.771165392231750246e+01,-1.688472364347679289e+01,1.581451158885788688e+00
3.771301300427546721e+01,-1.686372367631072322e+01,1.581451235529912180e+00
3.771101186897941204e+01,-1.684272367626170563e+01,1.581451235504336639e+00
3.771376330398676657e+01,-1.680172374127186075e+01,1.581451387179746204e+00
3.771751446191077406e+01,-1.678072380579618184e+01,1.598451537683638346e+00
3.771693639842789736e+01,-1.673872383824993548e+01,1.598451613393515824e+00
3.771773609817928019e+01,-1.667572390225043577e+01,1.598451762693836153e+00
3.771817033043713252e+01,-1.665572393431539666e+01,1.598451837530833863e+00
3.771761719864423412e+01,-1.661472396630521686e+01,1.598451912088743931e+00
3.771564667631216139e+01,-1.659472396657869453e+01,1.598451912719972556e+00
3.771164867038315549e+01,-1.655472396657936329e+01,1.581451912762740886e+00
3.771311946631311685e+01,-1.653372399804353066e+01,1.581451986194172488e+00
3.771159402293857710e+01,-1.649172402930956949e+01,1.581452059176721381e+00
3.771108087858886648e+01,-1.645072406046209323e+01,1.581452131890826784e+00
3.771260059486068883e+01,-1.643072409169752035e+01,1.581452204768843739e+00
3.771213259266758655e+01,-1.639072412281923619e+01,1.581452277382394689e+00
3.771367819857042036e+01,-1.637072415382722923e+01,1.581452349763822873e+00
3.771322136636724309e+01,-1.632872418459072961e+01,1.581452421587907109e+00
3.771433500544770823e+01,-1.626572424598841593e+01,1.581452564788297099e+00
3.771593644992509553e+01,-1.624472427683472375e+01,1.563452636785826799e+00
3.771554922348621375e+01,-1.620272430756832094e+01,1.563452708515038037e+00
3.770294266034233033e+01,-1.618172421789567395e+01,1.563452499356655423e+00
3.768115351864940266e+01,-1.614072406852612218e+01,1.563452150937622243e+00
3.767917616495229538e+01,-1.611972406869578478e+01,1.563452151374716825e+00
3.766611522284809155e+01,-1.605672401019087658e+01,1.563452014929482159e+00
3.766581577038132167e+01,-1.601472404061088284e+01,1.563452085958450199e+00
3.765622086750612851e+01,-1.595472401125110729e+01,1.581452017408601307e+00
3.765605659120761572e+01,-1.593372402614456718e+01,1.581603475796867997e+00
3.765589800060065784e+01,-1.591272404098626403e+01,1.581755518108917791e+00
3.765918622212176103e+01,-1.587172409939523199e+01,1.581755611061005151e+00
3.765904095040108501e+01,-1.585172411416057692e+01,1.581908806913367993e+00
3.765872323131568322e+01,-1.580972414326652498e+01,1.581908842269484916e+00
3.765673922694530518e+01,-1.578872414338754915e+01,1.581908842421214656e+00
3.765642385359034705e+01,-1.574672417216241271e+01,1.581908877348203735e+00
3.765813092175334020e+01,-1.572672420092723300e+01,1.581908912267771194e+00
3.765599378109428841e+01,-1.568472421528406713e+01,1.582065004452963386e+00
3.765943039661200231e+01,-1.564272427228845608e+01,1.582065051308669590e+00
3.765945096153411953e+01,-1.564272427243510144e+01,1.582065051436610359e+00
3.765907069549559338e+01,-1.557972431496800247e+01,1.582222850939104308e+00
3.765883813571001326e+01,-1.553772434333131969e+01,1.582222862900495519e+00
3.765861647931590284e+01,-1.549572437155645410e+01,1.582222874820327974e+00
3.765836494510014631e+01,-1.545372439943940357e+01,1.582222886575369136e+00
3.765638466385563277e+01,-1.542961842928956884e+01,1.582222850349715992e+00
3.765617611126029374e+01,-1.538761845710926934e+01,1.582222862097780736e+00
3.765797547574826609e+01,-1.536661848483776893e+01,1.582222873802596741e+00
3.765778482494114598e+01,-1.532461851244356232e+01,1.582222885466035178e+00
3.765942504885823894e+01,-1.526061856754058255e+01,1.582222908721804489e+00
3.765927304297434830e+01,-1.521861859511963111e+01,1.582222920365760954e+00
3.765729272759719493e+01,-1.519761859524652081e+01,1.582222920422839518e+00
3.765714372635950724e+01,-1.515561862253535885e+01,1.582222931934767596e+00
3.765902211062135052e+01,-1.513461864987617034e+01,1.582222943464103304e+00
3.765891012044134101e+01,-1.509261867711686200e+01,1.582222954956633121e+00
3.765879278654239215e+01,-1.505061870414870384e+01,1.582222966368260320e+00
3.765681317163664232e+01,-1.502961870427975022e+01,1.582222966425895549e+00
3.765672610012976662e+01,-1.498761873123831023e+01,1.582222977798513508e+00
3.765664872851240830e+01,-1.494561875807583817e+01,1.582222989133690305e+00
3.765658059420790238e+01,-1.490361878483467351e+01,1.582223000429246129e+00
3.765652227435776922e+01,-1.486161881148916208e+01,1.582223011691807013e+00
3.765847058354614774e+01,-1.484061883805453874e+01,1.582223022906099175e+00
3.765843329863803035e+01,-1.479861886459600129e+01,1.582223034104155879e+00
3.765646575764228032e+01,-1.477761886477462383e+01,1.582223034191692523e+00
3.765644541472117623e+01,-1.473661889111441781e+01,1.582223045315910515e+00
3.765644619857168607e+01,-1.469625839843132731e+01,1.582050776813885173e+00
3.765844684597672654e+01,-1.467525842462051955e+01,1.582050787871029929e+00
3.765845692592439775e+01,-1.463325845073597264e+01,1.582050798893849919e+00
3.765847661007823888e+01,-1.459125847676598831e+01,1.582050809881991871e+00
3.766052304955678665e+01,-1.454925851573675999e+01,1.582224146263886855e+00
3.765856400066257947e+01,-1.452925851597017548e+01,1.582224146247769969e+00
3.765863095398677984e+01,-1.448925854188267692e+01,1.582224144751710693e+00
3.765668802671017801e+01,-1.446925854222905983e+01,1.582224144731825266e+00
3.765677812175586325e+01,-1.442925856802438744e+01,1.582224143243795345e+00
3.765291329628131933e+01,-1.438925856886356769e+01,1.564220064230433360e+00
3.765718382792256591e+01,-1.436925860802852561e+01,1.564393243900797703e+00
3.765332494160497134e+01,-1.432925860889355896e+01,1.564388894381534501e+00
3.765443798848848189e+01,-1.428925863430710130e+01,1.564384717856378559e+00
3.765862247470493429e+01,-1.426925867231877376e+01,1.564559589938902207e+00
3.766492628778757989e+01,-1.422925872309559736e+01,1.547559789955107457e+00
3.766616094526140301e+01,-1.419252885479561854e+01,1.547559934814965565e+00
3.766526174380113190e+01,-1.417252885539256368e+01,1.547559937219402659e+00
3.765920841413690567e+01,-1.413152883095034973e+01,1.529559841061415959e+00
3.765825809781510713e+01,-1.411152883124978885e+01,1.529559842233451095e+00
3.765630949334475019e+01,-1.407483092506743283e+01,1.529559886434264993e+00
3.765941208792264661e+01,-1.405483094941006250e+01,1.529559982301118559e+00
3.766483839423104030e+01,-1.400161631701934262e+01,1.547560265776595001e+00
3.766594005749627883e+01,-1.398161632934742826e+01,1.547742645184693844e+00
3.765351015495645015e+01,-1.393818204407694594e+01,1.548287413744291019e+00
3.766315464928455015e+01,-1.391818210601556061e+01,1.548102074124112715e+00
3.766880575636643869e+01,-1.387718215606892436e+01,1.548102458928336089e+00
3.766283956346683226e+01,-1.381962501731026371e+01,1.565283452328853464e+00
3.765569119869488190e+01,-1.377962499350669567e+01,1.564911905661520164e+00
3.764003328641260993e+01,-1.375962490986053055e+01,1.564722954387324449e+00
3.762154785573157056e+01,-1.371608856554498601e+01,1.564537980767716441e+00
3.761345255916987185e+01,-1.367608854238794081e+01,1.582537815854517138e+00
3.761583408130591266e+01,-1.365253872976507310e+01,1.582537947646496912e+00
3.761424765983515783e+01,-1.359053875444085513e+01,1.582538123694122278e+00
3.761655841208341400e+01,-1.356597546550424305e+01,1.582538251233198023e+00
3.761471215322761452e+01,-1.354497546632166838e+01,1.582538257306805418e+00
3.761514117080822928e+01,-1.350297549075565939e+01,1.582538431489024733e+00
3.761331368891571714e+01,-1.348646398896375942e+01,1.582538480368558265e+00
3.761377104099928914e+01,-1.344646401330521535e+01,1.582538654031495406e+00
3.761425173661843502e+01,-1.340646403768562500e+01,1.582538827796342140e+00
3.761472618497750631e+01,-1.336646406192731895e+01,1.582539000515870820e+00
3.761520724020066098e+01,-1.332646408606857413e+01,1.582539172694924057e+00
3.759167860589347754e+01,-1.330646397047926754e+01,1.564538349261749728e+00
3.758794968767426781e+01,-1.326646397190828708e+01,1.564538359580298410e+00
3.758861283157170874e+01,-1.322646399667996953e+01,1.564538536311907535e+00
3.759660817915349185e+01,-1.320826287276126720e+01,1.564731595061845448e+00
3.760814000397594725e+01,-1.316705657185626954e+01,1.547597608458036067e+00
3.761054840974379232e+01,-1.314705665253089428e+01,1.547207263073900219e+00
3.759878472134930405e+01,-1.312805645640319163e+01,1.529403957407170944e+00
3.759750118600188529e+01,-1.309905645123668627e+01,1.512400973084290001e+00
3.761164950768655757e+01,-1.305905672477266677e+01,1.512594264691659252e+00
3.760729381142344607e+01,-1.303905664645953699e+01,1.494594071518960954e+00
3.760734203093009853e+01,-1.299805664729956511e+01,1.494594073647399046e+00
3.760738038009119322e+01,-1.293705664799147570e+01,1.494594075330551997e+00
3.760741880796626191e+01,-1.291705664864428016e+01,1.494594077010547917e+00
3.759725891022927868e+01,-1.287705648681529169e+01,1.512590931522098670e+00
3.757191679354580316e+01,-1.283605605866076615e+01,1.512392044127386148e+00
3.759548310017437700e+01,-1.279605648886813896e+01,1.529195319996851321e+00
3.760928299440821831e+01,-1.275591481599504462e+01,1.546995454803623105e+00
3.759074272834197927e+01,-1.271217182655058942e+01,1.564191901278255692e+00
3.758888251250323975e+01,-1.268837291583234261e+01,1.564191887048736573e+00
3.758047509366220140e+01,-1.264649333188895142e+01,1.582394018997723695e+00
3.758571000257234829e+01,-1.260649349017447918e+01,1.599394523779757771e+00
3.755094034078585707e+01,-1.258649294788004447e+01,1.616392794575444158e+00
3.754709362643118453e+01,-1.254649298447522199e+01,1.616190296417668426e+00
3.754625064178702587e+01,-1.252636828240425615e+01,1.615987347016568654e+00
3.754458861795119162e+01,-1.248636835549126189e+01,1.633987552689754041e+00
3.754494378402556265e+01,-1.244661858234073115e+01,1.634188984942655409e+00
3.754592259153707090e+01,-1.240661875746322451e+01,1.651390772198492396e+00
3.752611991728205254e+01,-1.238470901289416481e+01,1.651385994455957684e+00
3.750999381436980684e+01,-1.234088937848267165e+01,1.651387291880590746e+00
3.749276887285664372e+01,-1.230467337849593257e+01,1.669386971277790899e+00
3.749324852969280641e+01,-1.228467348904220557e+01,1.669387136228343227e+00
3.748516515717685849e+01,-1.224076517138427178e+01,1.669387112165961362e+00
3.748338051530067361e+01,-1.222076522562410084e+01,1.686591307213315627e+00
3.748221708665870011e+01,-1.218448365156491242e+01,1.686796125861850015e+00
3.745912924702247437e+01,-1.214625898778685986e+01,1.686170647508441478e+00
3.747191791986303855e+01,-1.210625949055380524e+01,1.703961705301499263e+00
3.746921144829231309e+01,-1.208625954578209871e+01,1.703751905020394419e+00
3.747549744267035265e+01,-1.204233413323725088e+01,1.703962625917469831e+00
3.747483710372851107e+01,-1.200614893241536585e+01,1.703962936040725573e+00
3.746048021872094580e+01,-1.198614870973089452e+01,1.720962631992664971e+00
3.741859841094837691e+01,-1.184755715948767296e+01,1.721067936470404902e+00
3.741885998327307306e+01,-1.181064946344621625e+01,1.721403425943032639e+00
3.738535567459123143e+01,-1.176955926309922873e+01,1.739402490047796235e+00
3.738395105902304039e+01,-1.174953094723925595e+01,1.739401004259608197e+00
3.738090055681398383e+01,-1.169768658305927822e+01,1.739610754224174549e+00
3.738054605634769700e+01,-1.167375267817024387e+01,1.739610944072521592e+00
3.736759623870342040e+01,-1.163360387682267749e+01,1.739895984013962060e+00
3.739439721857944932e+01,-1.158002734948869339e+01,1.740217953736505230e+00
3.738444171915822523e+01,-1.154216937016180999e+01,1.740218037669387652e+00
3.735311968460614906e+01,-1.145835151006590635e+01,1.756578235728566195e+00
3.735557535600516132e+01,-1.143513082987804985e+01,1.756578529853939585e+00
3.733284518714841482e+01,-1.139503988532728584e+01,1.756934916479234055e+00
3.732279376183753783e+01,-1.136131821270863718e+01,1.757360682690717546e+00
3.731217278383969926e+01,-1.132102504114767960e+01,1.775000516805401718e+00
3.730619137880709246e+01,-1.130102998879235976e+01,1.774999750251520680e+00
3.728436621237522530e+01,-1.125668226042742326e+01,1.774636620484771443e+00
3.728048164442527224e+01,-1.123723951564425150e+01,1.774852821995527075e+00
3.727733090516035475e+01,-1.119853822368435559e+01,1.791996102972516880e+00
3.727345964820747781e+01,-1.116120099921725206e+01,1.809360435388487343e+00
3.725107498639449943e+01,-1.112102482096569211e+01,1.844360224967591666e+00
3.721835344754101271e+01,-1.108636410764151492e+01,1.862359715062978927e+00
3.721339176417264838e+01,-1.105950850522974171e+01,1.862357229766118172e+00
3.720088334000772079e+01,-1.102681709803257526e+01,1.896555399899120253e+00
3.718575919065299473e+01,-1.101142155803307787e+01,1.913409687466201881e+00
3.716853124396140373e+01,-1.097011265475371644e+01,1.948334041000856498e+00
3.715110624205276224e+01,-1.094658512198133948e+01,1.965333640199565579e+00
3.712995882980974471e+01,-1.090662584602575969e+01,1.982680073360145068e+00
3.711411292576296717e+01,-1.086821657984944522e+01,2.000124113049822849e+00
3.709267996128424016e+01,-1.084780614343402760e+01,2.018050323457319273e+00
3.707457525272899090e+01,-1.081168316464908763e+01,2.034679269609125374e+00
3.704985004756259315e+01,-1.077169683724233273e+01,2.052660919010669716e+00
3.701371950717163628e+01,-1.072013916177071202e+01,2.087875170850070461e+00
3.699884847274005040e+01,-1.070688936150643400e+01,2.104728404937902475e+00
3.698479010341319650e+01,-1.068866441307698345e+01,2.104731333175885233e+00
3.697237738157510734e+01,-1.067391768654001005e+01,2.104882158657103819e+00
3.694837738151545636e+01,-1.063918422331106051e+01,2.105107898041467696e+00
3.690907693599632466e+01,-1.060172660478508178e+01,2.123551071102844023e+00
3.685461138865971975e+01,-1.053905613813098618e+01,2.140996797763153658e+00
3.685369695022194492e+01,-1.053079176833091779e+01,2.140997441071310181e+00
3.684738733660388021e+01,-1.051268493294204553e+01,2.140771232827755721e+00
3.679327204887957947e+01,-1.044453468995612333e+01,2.157996903381673270e+00
3.679217667571334260e+01,-1.043283048307553251e+01,2.176376745209094743e+00
3.677290052540499943e+01,-1.040782415591925947e+01,2.193603632737218589e+00
3.676457059261895211e+01,-1.039031922660381468e+01,2.193451760187500543e+00
3.674078546830555325e+01,-1.036252065640854525e+01,2.211451898206310940e+00
3.671380281340934459e+01,-1.032896196352763418e+01,2.228451845235869033e+00
3.670350165333666581e+01,-1.031230938270224051e+01,2.228529454962609346e+00
3.666616763649066257e+01,-1.028145051675148913e+01,2.228455749139521380e+00
3.662868947728068036e+01,-1.024293086777695372e+01,2.246456022948661424e+00
3.661776691189002264e+01,-1.023197947651549455e+01,2.247066393507202164e+00
3.660669700646854352e+01,-1.020915541718130903e+01,2.246912968838613800e+00
3.660323026342713604e+01,-1.019508860466667066e+01,2.264065802442827735e+00
3.657979351312232552e+01,-1.017512194843760120e+01,2.264066120714724129e+00
3.654722884782790970e+01,-1.014251959667350356e+01,2.264065861842905925e+00
3.653450903738284694e+01,-1.013781726684092099e+01,2.281603732755518976e+00
3.650583049384877654e+01,-1.011085790392254147e+01,2.281219886716606471e+00
3.649184234518282466e+01,-1.009688335512113611e+01,2.281221209519902260e+00
3.645689222311640521e+01,-1.005829791626964109e+01,2.298609667256667155e+00
3.640256520375124438e+01,-1.000431350528385543e+01,2.298609846446020732e+00
3.637018080515247220e+01,-9.965803285179889670e+00,2.316841308391964560e+00
3.634622091613541528e+01,-9.935217119704056188e+00,2.317012125556004332e+00
3.633413675420842281e+01,-9.926361786261097109e+00,2.317181643157012250e+00
3.632365615999554365e+01,-9.917830388093161531e+00,2.334181949164239711e+00
3.630075732002470801e+01,-9.893222909088446926e+00,2.333948697653007720e+00
3.629117073670225579e+01,-9.881927447708598322e+00,2.333950521704406089e+00
3.624975458937262118e+01,-9.855327690630808490e+00,2.333950086228014698e+00
3.620376099787150537e+01,-9.819931054675794968e+00,2.350950184005244470e+00
3.619333473837973258e+01,-9.805984353740651471e+00,2.351185348545404175e+00
3.616199551863533657e+01,-9.783375137918651987e+00,2.369342396724351207e+00
3.614608679115517020e+01,-9.766641616078715060e+00,2.369342324163838942e+00
3.610408393457131382e+01,-9.743459141658577849e+00,2.369420796749525771e+00
3.608652480677334751e+01,-9.717728013956220323e+00,2.369262067336065591e+00
3.604294981685707455e+01,-9.687415122226420650e+00,2.386261527116808612e+00
3.600639810353921888e+01,-9.668824684946505599e+00,2.386261479063066293e+00
3.599046563883989336e+01,-9.658164203884133769e+00,2.385944191456693453e+00
3.595104458778229883e+01,-9.651380137308034790e+00,2.403258880221940785e+00
3.591995605582621920e+01,-9.625667502142714937e+00,2.402927984970424369e+00
3.590326032452798444e+01,-9.615376488154277368e+00,2.403263756802457518e+00
3.583608355461939965e+01,-9.568348117180809353e+00,2.420417502046415592e+00
3.582469447113727767e+01,-9.561602554597051551e+00,2.421249789869656333e+00
3.580408527719459499e+01,-9.553744942164689391e+00,2.439943019261793911e+00
3.577470868199708320e+01,-9.529832712446923537e+00,2.440013640336808010e+00
3.574312040929497414e+01,-9.514305944060053477e+00,2.441360934180938358e+00
3.580417547305557235e+01,-9.446649039456380237e+00,2.451790074220848492e+00
3.576423594451228638e+01,-9.421670697898585800e+00,2.451377546383922468e+00
3.575461375940072628e+01,-9.412184679614234994e+00,2.451673981038925643e+00
3.571767943525244249e+01,-9.387674301858403680e+00,2.469205291467114094e+00
3.568779051161321547e+01,-9.366382221837360689e+00,2.469376531826537491e+00
3.566882422295429222e+01,-9.355958327072485758e+00,2.469442102313417209e+00
3.563077776282050024e+01,-9.333268946864947679e+00,2.486275341243942005e+00
3.559886550561694918e+01,-9.312556285320122029e+00,2.486506843001510703e+00
3.557891236572881155e+01,-9.303174045697282679e+00,2.504573066449970131e+00
3.554603658683825529e+01,-9.281564149143880726e+00,2.521512552824453302e+00
3.551003658678382635e+01,-9.261539551705407547e+00,2.538508870735327161e+00
3.547544726906212276e+01,-9.245343784735863935e+00,2.557221435254236841e+00
3.545946463942026128e+01,-9.238603824242284546e+00,2.574688323551104219e+00
3.542455252700719370e+01,-9.219958136744828892e+00,2.592629269887400056e+00
3.540857546107382348e+01,-9.213258720566305016e+00,2.609846732365698418e+00
3.537401994202328837e+01,-9.201087003158143318e+00,2.610620891805153665e+00
3.531707065668507539e+01,-9.174078289138421383e+00,2.628344352960523711e+00
3.528322412805540154e+01,-9.160743195621440904e+00,2.628778263352272937e+00
3.527671514904905337e+01,-9.158777236030720914e+00,2.629805255541164399e+00
3.523453572553399482e+01,-9.140067677196929807e+00,2.646372399571905731e+00
3.519892163832579968e+01,-9.125929894064011449e+00,2.646428537451416041e+00
3.516055292163492396e+01,-9.112093717309168284e+00,2.664719615326909263e+00
3.514574412711083085e+01,-9.102650236627143343e+00,2.664609299659168595e+00
3.511194539829111960e+01,-9.086175867762754876e+00,2.664498032767292024e+00
3.508241765850929283e+01,-9.070364058368383553e+00,2.664549959914640276e+00
3.506207201721841926e+01,-9.064554520169920693e+00,2.681586251411417710e+00
3.504730710718702369e+01,-9.058172942334120847e+00,2.681739871575736345e+00
3.501569145178994802e+01,-9.048353534635150908e+00,2.682364287908828970e+00
3.499462453737135803e+01,-9.038832079924345564e+00,2.700157984610065842e+00
3.496089529556721232e+01,-9.015649367782128110e+00,2.699285715315499434e+00
3.490060269785972480e+01,-8.993782290871182639e+00,2.732596897313960493e+00
3.487917658593611492e+01,-8.993386610421431726e+00,2.750852550969237864e+00
3.484570763853046316e+01,-8.980118495543520041e+00,2.767692933178160786e+00
3.482429513050337988e+01,-8.977600560097977578e+00,2.786248361446250321e+00
3.478285134838629489e+01,-8.961099708684026055e+00,2.802507540485346560e+00
3.474936848389954491e+01,-8.950922831754091646e+00,2.820613505034407886e+00
3.473373717443289621e+01,-8.945293354620440951e+00,2.837518621126649876e+00
3.469690634399823637e+01,-8.936463842095006882e+00,2.855470319037002547e+00
3.467908042055140783e+01,-8.936198864183987567e+00,2.855915910464204899e+00
3.462785995503673320e+01,-8.927468981430845218e+00,2.891223381496981215e+00
3.460794410118140974e+01,-8.924481099844498999e+00,2.908226315134694762e+00
3.457091015180831306e+01,-8.920435548616250543e+00,2.925188735699204123e+00
3.453310762514140464e+01,-8.914417922192882315e+00,2.942872930517358654e+00
3.451754402368401742e+01,-8.913032434242582625e+00,2.943023896568295328e+00
3.447754402359714732e+01,-8.910214963857782777e+00,2.960299724389657161e+00
3.446644290262720745e+01,-8.909517409948039202e+00,2.960608083407753721e+00
3.440644290251657367e+01,-8.897382871932860482e+00,2.977893787113147894e+00
3.434644290248979814e+01,-8.892049125722712333e+00,2.977662227914137816e+00
3.433094279108146907e+01,-8.891674427850714935e+00,2.977813623418685385e+00
3.430653134393736536e+01,-8.892471676207261311e+00,2.977900539450953676e+00
3.426801616460529942e+01,-8.891480413109180247e+00,2.995134576749897359e+00
3.423236134908298567e+01,-8.891131629374330103e+00,3.013284165067844800e+00
3.421460521146813250e+01,-8.892659225845122251e+00,3.030474347414512160e+00
3.417460521144676022e+01,-8.892659225846728077e+00,3.048474347414412478e+00
3.412933571137697442e+01,-8.886612221360245201e+00,3.064803934143175645e+00
3.411395414513931001e+01,-8.889709948336783185e+00,3.082183932252321235e+00
3.407847042606228882e+01,-8.893557790416885211e+00,3.100279109539801237e+00
3.403847042599227279e+01,-8.895559962687473288e+00,3.100279307449517852e+00
3.402309255381789654e+01,-8.897177143277653855e+00,3.100428470718841645e+00
3.398688825796089930e+01,-8.901780013613199927e+00,3.117850607646183381e+00
3.394688825798220932e+01,-8.906307852580082951e+00,3.118075423648421829e+00
3.390688825791585259e+01,-8.908307852561847540e+00,3.118075423647496791e+00
3.387988825788488612e+01,-8.910289716771172763e+00,3.101073835906050569e+00
3.384988825782784261e+01,-8.908697853990798166e+00,3.100848681277518892e+00
3.380988825779058971e+01,-8.908096445969050592e+00,3.100624432292315991e+00
3.376988825775333680e+01,-8.912618421529803214e+00,3.100840178351826015e+00
3.372988825771608390e+01,-8.909352007664512740e+00,3.117393059074585526e+00
3.370988825766835362e+01,-8.910294807407451501e+00,3.117388239167438790e+00
3.366988825757289305e+01,-8.908336613159811179e+00,3.117231164351124573e+00
3.364988825755426660e+01,-8.907997970212681693e+00,3.117294806043751976e+00
3.361121103562997803e+01,-8.916849896809692311e+00,3.135906454005327859e+00
3.359253648970091177e+01,-8.923088466169337707e+00,3.136300260017539365e+00
3.353096174513287764e+01,-8.930731352399096323e+00,-3.129903290891804080e+00
3.351252416708351944e+01,-8.935175723360996969e+00,-3.111731798264358417e+00
3.343252416703035124e+01,-8.951176211350260203e+00,-3.076229293796881148e+00
3.341252416695351712e+01,-8.952850048411928441e+00,-3.059513581010999239e+00
3.337252416691626422e+01,-8.958147951614725102e+00,-3.041726833922019146e+00
3.337252416697447188e+01,-8.958147951594582992e+00,-3.041726833917891781e+00
3.331015106657709168e+01,-8.968496199523999124e+00,-3.024903288544824154e+00
3.329015106655424461e+01,-8.972465024907680942e+00,-3.024905698372154284e+00
3.325013582192440253e+01,-8.977720032751744128e+00,-3.025116756139314855e+00
3.321013582195155323e+01,-8.986693244104948519e+00,-3.008118799003611343e+00
3.317013582191430032e+01,-8.996693244102061726e+00,-3.008118799000840227e+00
3.312913582185865380e+01,-9.003927545132807353e+00,-3.008326904492976350e+00
3.309073982202492203e+01,-9.015024578484039708e+00,-3.008087019775183446e+00
3.302973982208641246e+01,-9.032792984396092351e+00,-2.989881447255577029e+00
3.300973982206778601e+01,-9.036397018573346429e+00,-2.989794159978270471e+00
3.297438200977599365e+01,-9.052531652015295194e+00,-2.989251504987054719e+00
3.293438200972741470e+01,-9.056966612588915666e+00,-2.989656758561746397e+00
3.291924625413963668e+01,-9.059728355638611674e+00,-2.989721411896127723e+00
3.288515920597512121e+01,-9.069714459254912597e+00,-2.989691480260890710e+00
3.284253493745033126e+01,-9.081361904993823231e+00,-2.989735029732220273e+00
3.280497599248939622e+01,-9.093077163141041197e+00,-2.989952497464036352e+00
3.277994940056202466e+01,-9.097494803618694448e+00,-2.990093704920943285e+00
3.273833344335017159e+01,-9.097642599169693867e+00,-2.990945457653581663e+00
3.272321356752913601e+01,-9.100328753440281915e+00,-2.991009728966579573e+00
3.267424539677544715e+01,-9.101121255470678406e+00,-2.991955101943614803e+00
3.265324539679568261e+01,-9.101310471634556976e+00,-2.992355135625546669e+00
3.261698900056149597e+01,-9.100262732753295225e+00,-2.993017202580132707e+00
3.257697663008511313e+01,-9.110109347945162028e+00,-2.993027880538804197e+00
3.249350863699358172e+01,-9.132350661880620279e+00,-2.992992692487447925e+00
3.247496815270071124e+01,-9.134126459866767078e+00,-2.993228115579734894e+00
3.242393314522485070e+01,-9.149884626522958087e+00,-2.993107854440421267e+00
3.239736482012775554e+01,-9.150160675259719767e+00,-2.993683471501858318e+00
3.236299916373663166e+01,-9.168823326540161744e+00,-2.992913139695196012e+00
3.232965153444963846e+01,-9.180549615994618051e+00,-2.975534976189790459e+00
3.230552575831726614e+01,-9.182000317184513705e+00,-2.975867110423423778e+00
3.227437585711224699e+01,-9.195343167929577177e+00,-2.975367183524225911e+00
3.223683279982894589e+01,-9.209467328450614332e+00,-2.975317286102786341e+00
3.221933659061960498e+01,-9.216213861020408515e+00,-2.975156343908907264e+00
3.218100260308440852e+01,-9.222393154791836523e+00,-2.975295767774998712e+00
3.213419884407831972e+01,-9.225600229990588375e+00,-2.975648861964980352e+00
3.207153066746428749e+01,-9.239301060836783819e+00,-2.958088844607378309e+00
3.204297891979790336e+01,-9.242277076683937054e+00,-2.958718447505125138e+00
3.199458288812516571e+01,-9.254297212007113416e+00,-2.959156085172630846e+00
3.199458146215641463e+01,-9.260259987871277687e+00,-2.958374863804737576e+00
3.191390218617898000e+01,-9.283066177494863069e+00,-2.958618788885404971e+00
3.188433060667262708e+01,-9.292297201628697323e+00,-2.993589693802205076e+00
3.184536593035939234e+01,-9.293027517712330265e+00,-2.993837107236889228e+00
3.182636593034840189e+01,-9.290305420228582634e+00,-2.977518457047203970e+00
3.177145505941756198e+01,-9.309283116572727224e+00,-2.942094533549658664e+00
3.172171381907978116e+01,-9.324555551912888873e+00,-2.906890965877903632e+00
3.168371381904580630e+01,-9.332284212436475102e+00,-2.854265813485242997e+00
3.168115377815066935e+01,-9.330458501253175996e+00,-2.854423239759619424e+00
3.162584267410406724e+01,-9.348962339696829105e+00,-2.837671734280660996e+00
3.160684267411124893e+01,-9.363236152444788019e+00,-2.820302521551337094e+00
3.157430235108405725e+01,-9.383712500634121767e+00,-2.767233659951918057e+00
3.153824002054270537e+01,-9.402582526266296981e+00,-2.715242412530591842e+00
3.152196114509836278e+01,-9.416850297698752925e+00,-2.697105529901254517e+00
3.149732198685720874e+01,-9.441809150090719527e+00,-2.662112891114269519e+00
3.148712859083049054e+01,-9.453005067296665231e+00,-2.645333729369180542e+00
3.144188042083649748e+01,-9.471557978214848461e+00,-2.611020876635124832e+00
3.141487695384612877e+01,-9.501765545291574355e+00,-2.575844220694321951e+00
3.135895719592921793e+01,-9.539249075921439669e+00,-2.524172289043201456e+00
3.132895719584485050e+01,-9.562108355885815314e+00,-2.506348865211888377e+00
3.128572414814950164e+01,-9.584427068994150645e+00,-2.489644387592822028e+00
3.128012546717571851e+01,-9.586884115296726350e+00,-2.489612207855706583e+00
3.125529069484329625e+01,-9.614397165035269310e+00,-2.489487451560189246e+00
3.121743890985548120e+01,-9.643237147881535520e+00,-2.471587329567466185e+00
3.117081344495918671e+01,-9.671714354446828921e+00,-2.472597761300022068e+00
3.114786577140855428e+01,-9.679887766772806046e+00,-2.473063388430010168e+00
3.103433536019313621e+01,-9.620267148447119610e+00,-2.479263043280603540e+00
3.102055992871106938e+01,-9.635602267288266631e+00,-2.478963755700261284e+00
3.095783359239110055e+01,-9.689380202489346061e+00,-2.479163676576354725e+00
3.093489354245850009e+01,-9.715946568328062583e+00,-2.461930089508212571e+00
3.091731921411642503e+01,-9.734476975022438694e+00,-2.391996596321789958e+00
3.091226574653553527e+01,-9.734542863831546100e+00,-2.322524975436908168e+00
3.091829404196916187e+01,-9.739425075630077089e+00,-2.200068914579829116e+00
3.092275811408941166e+01,-9.736246437148784239e+00,-2.061153396881100441e+00
3.092429369084300816e+01,-9.737969433090464477e+00,-1.921191207611409268e+00
3.092902690283883871e+01,-9.734622331225448733e+00,-1.850824426123585775e+00
3.093353175510676678e+01,-9.727251052186845826e+00,-1.781341013519353256e+00
3.093353175514494069e+01,-9.728717071906691771e+00,-1.781617063326675021e+00
3.092425350316629817e+01,-9.748912858838004070e+00,-1.870090164353380047e+00
3.092742716367142108e+01,-9.763103586755612184e+00,-1.904774386699036759e+00
3.067385993935312527e+01,-9.671093105107257060e+00,-2.036917942958090588e+00
3.065752052922000814e+01,-9.706188497682889604e+00,-2.158736851921029043e+00
3.064852052919741254e+01,-9.723188497679075226e+00,-2.210736851920046320e+00
3.063420175352104735e+01,-9.753994651783090220e+00,-2.315989224684436021e+00
3.002470535705752397e+01,-1.005569160260959904e+01,-3.032501299673266981e+00
2.998645130943112846e+01,-1.006323789703869487e+01,-3.032879257160517650e+00
2.977060602852523985e+01,-1.010989776953670471e+01,-3.015194638337264976e+00
2.864460602856706828e+01,-1.043280585761780266e+01,-2.928198775956060373e+00
2.856602791005872888e+01,-1.045957459243348175e+01,-2.910075949699025610e+00
2.854602311935741454e+01,-1.046644029850493496e+01,-2.910234630758937069e+00
2.850773934668113085e+01,-1.056115843941762655e+01,-2.906861523291892180e+00
2.848895956826846287e+01,-1.056809572742005265e+01,-2.906861057105770030e+00
2.845934232833314326e+01,-1.057954331872678466e+01,-2.925075777849487135e+00
2.842313490119766328e+01,-1.059268221023237189e+01,-2.925456307535824418e+00
2.838173471791620273e+01,-1.060723942280590215e+01,-2.925303169571277451e+00
2.834818780811133365e+01,-1.061943775388586175e+01,-2.925058457044369842e+00
2.832267887056931599e+01,-1.062816927507831011e+01,-2.924441426944528022e+00
2.825508867278157510e+01,-1.065180470850181038e+01,-2.924300876592030640e+00
2.823307753990193092e+01,-1.065900877816753223e+01,-2.924303865794133372e+00
2.822172512387911070e+01,-1.066364085483477098e+01,-2.924285994362250118e+00
2.820598120714474888e+01,-1.066948099745353318e+01,-2.924277240567454861e+00
2.816814277370534469e+01,-1.068248200113381152e+01,-2.924270504544762339e+00
2.813167940193104144e+01,-1.069524391555799703e+01,-2.924655234074470478e+00
2.807384878723538790e+01,-1.071610205315388420e+01,-2.924651173442226249e+00
2.805170725145437416e+01,-1.072367022452171526e+01,-2.923938285920853364e+00
2.800957860842440184e+01,-1.073870637701730324e+01,-2.923940562809769883e+00
2.799175271078924254e+01,-1.074513048767605383e+01,-2.924176524777225783e+00
2.795177251359914550e+01,-1.075963008454837144e+01,-2.924417710572849494e+00
2.793277251359540969e+01,-1.076663008455216186e+01,-2.923951249599837876e+00
2.789089903709153617e+01,-1.078155579675514808e+01,-2.924832456811166104e+00
2.787118183868602017e+01,-1.078892269686410721e+01,-2.924994659191367585e+00
2.783103497399460835e+01,-1.080191787759181743e+01,-2.941998036629638325e+00
2.780503497400786728e+01,-1.080991787760649459e+01,-2.976998036625445820e+00
2.777503497397992760e+01,-1.081791787758993451e+01,-3.011998036622571817e+00
2.775601226219296436e+01,-1.082409442189165460e+01,-3.011999006276793178e+00
2.771703343445552292e+01,-1.083408313714723548e+01,-3.011998960478551535e+00
2.767703343443281483e+01,-1.084408313714448013e+01,-3.011998960473647458e+00
2.765703343441418838e+01,-1.084908313713094685e+01,-3.011998960466371500e+00
2.761803343436622526e+01,-1.085908313712934614e+01,-2.994998960467455618e+00
2.759803343437670264e+01,-1.086408313712672680e+01,-2.994998960463817639e+00
2.755803343441220932e+01,-1.087408313712512609e+01,-2.994998960464727134e+00
2.751803343436040450e+01,-1.088408313712352538e+01,-2.994998960461089155e+00
2.745803343436273281e+01,-1.090108313711607479e+01,-2.994998960451084713e+00
2.743803343431500252e+01,-1.090608313710617949e+01,-2.994998960442899261e+00
2.737903343424841296e+01,-1.092408313710984658e+01,-2.976998960444689146e+00
2.734003343422955368e+01,-1.093608313711956725e+01,-2.976998960445598641e+00
2.730003343417774886e+01,-1.094808313712564996e+01,-2.976998960440141673e+00
2.728003343414457049e+01,-1.095408313711959636e+01,-2.959998960433949833e+00
2.724003343418007717e+01,-1.096608313711112714e+01,-2.959998960431221349e+00
2.722003343411779497e+01,-1.097208313710507355e+01,-2.959998960424854886e+00
2.718003343406599015e+01,-1.098508313709680806e+01,-2.959998960420307412e+00
2.712103343404305633e+01,-1.100308313707864727e+01,-2.959998960421216907e+00
2.710203343398461584e+01,-1.100908313706531771e+01,-2.941998960423006793e+00
2.706303343398030847e+01,-1.102208313706069021e+01,-2.941998960418459319e+00
2.704303343397623394e+01,-1.102908313704756438e+01,-2.941998960420278308e+00
2.700303343393898103e+01,-1.104308313703586464e+01,-2.941998960422097298e+00
2.698303343387669884e+01,-1.105008313702637679e+01,-2.941998960413911846e+00
2.694403343390149530e+01,-1.106408313702195301e+01,-2.924998960407720006e+00
2.692503343384305481e+01,-1.107108313703065505e+01,-2.924998960402263037e+00
2.686603343383467291e+01,-1.109208313702401938e+01,-2.924998960400444048e+00
2.684603343374328688e+01,-1.109908313700725557e+01,-2.924998960395896574e+00
2.680603343372058589e+01,-1.111308313701738371e+01,-2.924998960389530112e+00
2.678603343364375178e+01,-1.112008313701153384e+01,-2.924998960390439606e+00
2.674603343362105079e+01,-1.113408313701438601e+01,-2.924998960385892133e+00
2.670603343355469406e+01,-1.114808313700996223e+01,-2.924998960381344659e+00
2.668603343344875611e+01,-1.115508313700775034e+01,-2.924998960373159207e+00
2.664603343341150321e+01,-1.116908313699241262e+01,-2.906998960369492124e+00
2.662603343333466910e+01,-1.117608313698656275e+01,-2.906998960373130103e+00
2.658603343331196811e+01,-1.119008313698941492e+01,-2.906998960374949093e+00
2.654603343330381904e+01,-1.120408313696316327e+01,-2.906998960374039598e+00
2.650803343327424955e+01,-1.121808313695146353e+01,-2.924998960365883249e+00
2.646803343325154856e+01,-1.123208313694340177e+01,-2.924998960362245271e+00
2.644803343320381828e+01,-1.123908313694846584e+01,-2.924998960364973755e+00
2.640803343316656537e+01,-1.125308313692221418e+01,-2.924998960363154765e+00
2.638803343313338701e+01,-1.126008313694546814e+01,-2.924998960359516786e+00
2.634803343305247836e+01,-1.127408313696287223e+01,-2.924998960353150323e+00
2.632903343303769361e+01,-1.128108313692428055e+01,-2.924998960354969313e+00
2.627103343303315341e+01,-1.130208313693219679e+01,-2.924998960355878808e+00
2.625203343309112824e+01,-1.130908313692270895e+01,-2.924998960352240829e+00
2.621403343309066258e+01,-1.132208313690716750e+01,-2.941998960346609238e+00
2.615503343306772877e+01,-1.134208313691488001e+01,-2.941998960347518732e+00
2.611503343307413161e+01,-1.135608313688862836e+01,-2.941998960346609238e+00
2.609503343307005707e+01,-1.136308313689733041e+01,-2.941998960346609238e+00
2.605503343303280417e+01,-1.137708313689290662e+01,-2.941998960344790248e+00
2.603503343299962580e+01,-1.138408313688341877e+01,-2.941998960342971259e+00
2.599503343297692481e+01,-1.139808313688990893e+01,-2.941998960340242775e+00
2.595503343301243149e+01,-1.141208313687820919e+01,-2.941998960335695301e+00
2.591503343297517858e+01,-1.142508313684811583e+01,-2.941998960331147828e+00
2.587503343292337377e+01,-1.143908313683641609e+01,-2.941998960326600354e+00
2.583503343291522469e+01,-1.145308313680288848e+01,-2.941998960322052881e+00
2.581503343289659824e+01,-1.146008313679703861e+01,-2.941998960321143386e+00
2.577503343285934534e+01,-1.147308313677422120e+01,-2.941998960316595912e+00
2.573503343285119627e+01,-1.148708313676979742e+01,-2.941998960316595912e+00
2.571503343286167365e+01,-1.149408313677122351e+01,-2.959998960311168048e+00
2.567503343289718032e+01,-1.150708313674840610e+01,-2.959998960312077543e+00
2.565503343287855387e+01,-1.151408313676074613e+01,-2.959998960304801585e+00
2.561603343287424650e+01,-1.152608313674863894e+01,-2.941998960300225008e+00
2.557703343282628339e+01,-1.153808313676199759e+01,-2.941998960300225008e+00
2.553703343283268623e+01,-1.155208313675393583e+01,-2.941998960304772481e+00
2.551703343278495595e+01,-1.155908313672625809e+01,-2.941998960297496524e+00
2.547703343274770305e+01,-1.157308313671819633e+01,-2.941998960287492082e+00
2.543703343275410589e+01,-1.158708313669922063e+01,-2.941998960285673093e+00
2.541703343273547944e+01,-1.159408313668973278e+01,-2.941998960288401577e+00
2.537703343269822653e+01,-1.160808313668530900e+01,-2.941998960287492082e+00
2.535703343269415200e+01,-1.161508313668673509e+01,-2.941998960283854103e+00
2.531703343267145101e+01,-1.162908313665320748e+01,-2.941998960280216124e+00
2.527703343266330194e+01,-1.164308313661967986e+01,-2.941998960275668651e+00
2.523703343262604903e+01,-1.165708313664072193e+01,-2.941998960278397135e+00
2.521703343263652641e+01,-1.166408313664214802e+01,-2.941998960274759156e+00
2.517703343261382543e+01,-1.167808313662317232e+01,-2.941998960270211683e+00
2.513703343257657252e+01,-1.169208313659692067e+01,-2.941998960265664209e+00
2.511703343257249799e+01,-1.169908313660198473e+01,-2.941998960255659767e+00
2.507703343256434891e+01,-1.171308313659392297e+01,-2.941998960250202799e+00
2.505703343257482629e+01,-1.172008313657715917e+01,-2.941998960244745831e+00
2.501703343258122914e+01,-1.173408313656909741e+01,-2.941998960239288863e+00
2.497703343260218389e+01,-1.174808313656103564e+01,-2.941998960238379368e+00
2.493703343262313865e+01,-1.176208313656024984e+01,-2.941998960232922400e+00
2.491703343264816795e+01,-1.176908313655803795e+01,-2.941998960230193916e+00
2.483703343263186980e+01,-1.179708313656738028e+01,-2.941998960227465432e+00
2.481703343262779526e+01,-1.180408313656880637e+01,-2.941998960223827453e+00
2.477603343267401215e+01,-1.181808313654983067e+01,-2.941998960221098969e+00
2.475603343269904144e+01,-1.182508313655125676e+01,-2.941998960216551495e+00
2.471603343263268471e+01,-1.183908313654319500e+01,-2.941998960210185032e+00
2.467603343265363947e+01,-1.185308313652785728e+01,-2.941998960212004022e+00
2.465603343262046110e+01,-1.186008313650381751e+01,-2.941998960210185032e+00
2.461603343265596777e+01,-1.187408313649575575e+01,-2.941998960205637559e+00
2.457603343261871487e+01,-1.188808313649133197e+01,-2.941998960204728064e+00
2.453603343259601388e+01,-1.190208313649054617e+01,-2.941998960205637559e+00
2.451603343250462785e+01,-1.190908313647378236e+01,-2.941998960201999580e+00
2.447603343246737495e+01,-1.192308313647299656e+01,-2.941998960195633117e+00
2.445603343246330041e+01,-1.193008313645623275e+01,-2.941998960191085644e+00
2.441603343242604751e+01,-1.194408313645544695e+01,-2.941998960187447665e+00
2.437603343243245035e+01,-1.195808313644010923e+01,-2.941998960187447665e+00
2.435603343238472007e+01,-1.196508313643789734e+01,-2.941998960186538170e+00
2.431603343234746717e+01,-1.197908313643711153e+01,-2.941998960186538170e+00
2.425603343236434739e+01,-1.200008313640137203e+01,-2.941998960180171707e+00
2.423603343231661711e+01,-1.200708313637369429e+01,-2.941998960181081202e+00
2.419603343227936421e+01,-1.202108313634744263e+01,-2.941998960178352718e+00
2.417603343224618584e+01,-1.202808313633795478e+01,-2.941998960179262212e+00
2.413603343217982911e+01,-1.204208313630806515e+01,-2.941998960173805244e+00
2.411603343211754691e+01,-1.204808313629109762e+01,-2.941998960171986255e+00
2.407603343210939784e+01,-1.206208313629031181e+01,-2.941998960166529287e+00
2.403603343210124876e+01,-1.207608313627497409e+01,-2.941998960166529287e+00
2.401603343208262231e+01,-1.208308313625457231e+01,-2.941998960165619792e+00
2.397603343204536941e+01,-1.209708313623559661e+01,-2.941998960164710297e+00
2.393603343202266842e+01,-1.211108313623481081e+01,-2.941998960158343834e+00
2.389603343202907126e+01,-1.212508313621219713e+01,-2.941998960156524845e+00
2.387603343202499673e+01,-1.213208313618815737e+01,-2.941998960155615350e+00
2.383603343201684766e+01,-1.214608313616554369e+01,-2.941998960158343834e+00
2.381603343196911737e+01,-1.215308313615605584e+01,-2.941998960157434340e+00
2.377603343197552022e+01,-1.216708313614435610e+01,-2.941998960152886866e+00
2.373603343198192306e+01,-1.218108313611446647e+01,-2.941998960143791919e+00
2.371603343191964086e+01,-1.218808313608678873e+01,-2.941998960142882424e+00
2.365603343190741725e+01,-1.220908313609106699e+01,-2.941998960137425456e+00
2.363603343188879080e+01,-1.221608313607066520e+01,-2.941998960136515961e+00
2.359603343189519364e+01,-1.223008313607715536e+01,-2.941998960133787477e+00
2.357603343186201528e+01,-1.223708313606402953e+01,-2.941998960131058993e+00
2.353603343182476237e+01,-1.225108313606324373e+01,-2.941998960124692530e+00
2.351603343179158401e+01,-1.225808313606466982e+01,-2.941998960122873541e+00
2.347603343176888302e+01,-1.227208313606752199e+01,-2.941998960119235562e+00
2.345603343173570465e+01,-1.227908313605075818e+01,-2.941998960118326067e+00
2.341603343171300367e+01,-1.229308313603178249e+01,-2.941998960111959605e+00
2.339603343169437721e+01,-1.230008313602593262e+01,-2.941998960112869099e+00
2.329603343170310836e+01,-1.233508313599668327e+01,-2.941998960105593142e+00
2.329603343170310836e+01,-1.233508313599304529e+01,-2.941998960105593142e+00
2.325603343170951121e+01,-1.234908313597770757e+01,-2.941998960101955163e+00
2.321603343167225830e+01,-1.236308313596600783e+01,-2.941998960103774152e+00
2.317603343167866115e+01,-1.237708313595067011e+01,-2.941998960101955163e+00
2.315603343161637895e+01,-1.238408313595209620e+01,-2.941998960102864658e+00
2.311603343160822988e+01,-1.239808313594767242e+01,-2.941998960101045668e+00
2.307603343157097697e+01,-1.241208313593961066e+01,-2.941998960094679205e+00
2.305603343153779861e+01,-1.241908313592284685e+01,-2.941998960094679205e+00
2.301603343150054570e+01,-1.243308313591478509e+01,-2.941998960096498195e+00
2.299603343151102308e+01,-1.244008313589074533e+01,-2.941998960094679205e+00
2.295603343144466635e+01,-1.245408313588268356e+01,-2.941998960092860216e+00
2.291603343145106919e+01,-1.246808313586734585e+01,-2.941998960090131732e+00
2.289603343146154657e+01,-1.247508313585785800e+01,-2.941998960085584258e+00
2.285603343139518984e+01,-1.248908313585343421e+01,-2.941998960084674763e+00
2.283603343134745955e+01,-1.249608313582575647e+01,-2.941998960084674763e+00
2.279603343131020665e+01,-1.251008313580678077e+01,-2.941998960086493753e+00
2.275603343128750566e+01,-1.252408313580235699e+01,-2.941998960081946279e+00
2.271603343126480468e+01,-1.253808313579065725e+01,-2.941998960075579816e+00
2.267603343128575943e+01,-1.255208313577895751e+01,-2.941998960069213354e+00
2.265603343125258107e+01,-1.255908313576946966e+01,-2.941998960066484869e+00
2.261603343124443199e+01,-1.257308313574685599e+01,-2.941998960063756385e+00
2.257603343122173101e+01,-1.258708313574243221e+01,-2.941998960061027901e+00
2.255603343120310456e+01,-1.259408313571839244e+01,-2.941998960061937396e+00
2.251603343118040357e+01,-1.260808313571760664e+01,-2.941998960060118407e+00
2.247603343115770258e+01,-1.262208313569499296e+01,-2.941998960061027901e+00
2.245603343116817996e+01,-1.262908313566731522e+01,-2.941998960061937396e+00
2.241603343110182323e+01,-1.264308313567380537e+01,-2.941998960058299417e+00
2.237603343109367415e+01,-1.265708313566210563e+01,-2.941998960055570933e+00
2.235603343107504770e+01,-1.266408313565625576e+01,-2.941998960059208912e+00
2.231603343100869097e+01,-1.267808313565910794e+01,-2.941998960052842449e+00
2.225603343099646736e+01,-1.269808313564499258e+01,-2.941998960051023460e+00
2.223603343094873708e+01,-1.270508313561367686e+01,-2.941998960051023460e+00
2.219603343091148417e+01,-1.271908313562744297e+01,-2.941998960050113965e+00
2.217603343089285772e+01,-1.272608313560704119e+01,-2.941998960043747502e+00
2.213603343084105290e+01,-1.274008313559534145e+01,-2.941998960041928513e+00
2.211603343083697837e+01,-1.274708313558221562e+01,-2.941998960041019018e+00
2.201603343081660569e+01,-1.278208313556024223e+01,-2.941998960040109523e+00
2.197603343076480087e+01,-1.279608313553399057e+01,-2.941998960035562050e+00
2.193603343081485946e+01,-1.281008313550773892e+01,-2.941998960029195587e+00
2.189803343077073805e+01,-1.282408313548512524e+01,-2.941998960024648113e+00
2.185903343076643068e+01,-1.283708313548413571e+01,-2.924998960018456273e+00
2.183903343079145998e+01,-1.284408313546737190e+01,-2.924998960017546779e+00
2.179903343072510324e+01,-1.285808313547750004e+01,-2.924998960018456273e+00
2.176003343074989971e+01,-1.287208313548399019e+01,-2.924998960015727789e+00
2.173303343073348515e+01,-1.288108313545671990e+01,-2.959998960012853786e+00
2.172003343071264680e+01,-1.288508313543570694e+01,-2.976998960008131689e+00
2.168303343071602285e+01,-1.289608313540520612e+01,-2.976998960009950679e+00
2.166303343066829257e+01,-1.290208313541734242e+01,-2.976998960004493711e+00
2.162403343066398520e+01,-1.291408313539068331e+01,-2.976998960003584216e+00
2.158503343064512592e+01,-1.292608313537493814e+01,-2.976998960005403205e+00
2.154503343057876918e+01,-1.293808313535919297e+01,-2.976998959997217753e+00
2.152503343056014273e+01,-1.294408313534586341e+01,-2.959998959992844902e+00
2.148603343054128345e+01,-1.295608313531556632e+01,-2.959998959988297429e+00
2.142603343052905984e+01,-1.297408313530104351e+01,-2.959998959986478440e+00
2.140603343052498531e+01,-1.298008313529498992e+01,-2.959998959977383493e+00
2.138703343049564864e+01,-1.298608313527802238e+01,-2.959998959979202482e+00
2.134703343045839574e+01,-1.299908313524792902e+01,-2.941998959975535399e+00
2.132803343048726674e+01,-1.300508313522004755e+01,-2.941998959973716410e+00
2.126903343044978101e+01,-1.302408313520572847e+01,-2.941998959966440452e+00
2.125003343042044435e+01,-1.303108313519987860e+01,-2.941998959961892979e+00
2.123103343042021152e+01,-1.303708313516835915e+01,-2.941998959958255000e+00
2.119303343037609011e+01,-1.305108313516757335e+01,-2.924998959952972655e+00
2.115403343035723083e+01,-1.306508313516678754e+01,-2.924998959949334676e+00
2.111403343029087409e+01,-1.307908313514417387e+01,-2.924998959948425181e+00
2.107403343028272502e+01,-1.309308313513611211e+01,-2.924998959943877708e+00
2.103403343028912786e+01,-1.310708313510622247e+01,-2.906998959942939109e+00
2.099403343031008262e+01,-1.312108313509452273e+01,-2.906998959942029614e+00
2.095403343028738163e+01,-1.313508313507918501e+01,-2.906998959936572646e+00
2.091403343027923256e+01,-1.314908313505293336e+01,-2.906998959934753657e+00
2.089403343026060611e+01,-1.315608313503253157e+01,-2.906998959932934667e+00
2.085403343023790512e+01,-1.317008313503902173e+01,-2.906998959930206183e+00
2.081403343022975605e+01,-1.318408313502732199e+01,-2.906998959928387194e+00
2.077403343019250315e+01,-1.319808313500834629e+01,-2.906998959922930226e+00
2.075403343018842861e+01,-1.320508313499522046e+01,-2.906998959919292247e+00
2.073403343016980216e+01,-1.321208313500392251e+01,-2.906998959920201742e+00
2.067403343018668238e+01,-1.323308313498273492e+01,-2.906998959915654268e+00
2.065403343018260784e+01,-1.324008313498779899e+01,-2.906998959912016289e+00
2.063403343014942948e+01,-1.324708313495648326e+01,-2.906998959909287805e+00
2.059403343011217657e+01,-1.326108313494842150e+01,-2.906998959910197300e+00
2.057403343007899821e+01,-1.326808313494620961e+01,-2.906998959905649826e+00
2.053403343005629722e+01,-1.328208313493450987e+01,-2.906998959903830837e+00
2.047403343002952170e+01,-1.330308313493878813e+01,-2.906998959896554879e+00
2.045403343002544716e+01,-1.331008313492566231e+01,-2.906998959892916901e+00
2.043403343002137262e+01,-1.331708313491253648e+01,-2.906998959891097911e+00
2.039403342996956781e+01,-1.333108313489719876e+01,-2.906998959883821954e+00
2.035403342994686682e+01,-1.334508313490368892e+01,-2.906998959882002964e+00
2.033403342991368845e+01,-1.335208313488328713e+01,-2.906998959875636501e+00
2.029403342987643555e+01,-1.336608313487158739e+01,-2.906998959875636501e+00
2.027403342987236101e+01,-1.337308313484390965e+01,-2.906998959874727007e+00
2.023403342982055619e+01,-1.338708313482857193e+01,-2.906998959867451049e+00
2.017403342982288450e+01,-1.340808313480738434e+01,-2.906998959865632060e+00
2.015403342978970613e+01,-1.341508313476879266e+01,-2.906998959864722565e+00
2.011403342981066089e+01,-1.342908313473890303e+01,-2.906998959859265597e+00
2.007403342981706373e+01,-1.344308313470173744e+01,-2.906998959854718123e+00
2.005403342978388537e+01,-1.345008313469588757e+01,-2.906998959853808628e+00
2.003403342975070700e+01,-1.345708313468276174e+01,-2.906998959851080144e+00
2.001403342974663246e+01,-1.346408313466599793e+01,-2.906998959851080144e+00
1.997403342970937956e+01,-1.347808313465429819e+01,-2.906998959846532671e+00
1.993603342969436198e+01,-1.349208313464987441e+01,-2.906998959844713681e+00
1.987903342965000775e+01,-1.351308313462141086e+01,-2.906998959841075703e+00
1.986003342963522300e+01,-1.352008313460828504e+01,-2.906998959840166208e+00
1.982203342964930926e+01,-1.353408313462205115e+01,-2.924998959832009859e+00
1.980303342963452451e+01,-1.354108313459437340e+01,-2.924998959833828849e+00
1.976303342959727161e+01,-1.355508313457539771e+01,-2.924998959833828849e+00
1.974303342962230090e+01,-1.356208313455135794e+01,-2.924998959830190870e+00
1.970303342957049608e+01,-1.357608313451783033e+01,-2.924998959822005418e+00
1.966303342956234701e+01,-1.359008313447338878e+01,-2.924998959822005418e+00
1.948303342955478001e+01,-1.365308313443892985e+01,-2.924998959822914912e+00
1.946303342953615356e+01,-1.366008313442216604e+01,-2.924998959821095923e+00
1.944303342950297520e+01,-1.366708313443086809e+01,-2.924998959814729460e+00
1.940303342949482612e+01,-1.368108313443008228e+01,-2.924998959814729460e+00
1.938303342949075159e+01,-1.368808313443878433e+01,-2.924998959812910471e+00
1.928303342948493082e+01,-1.372308313443136285e+01,-2.924998959812910471e+00
1.924303342944767792e+01,-1.373708313442330109e+01,-2.924998959810181987e+00
1.922303342944360338e+01,-1.374408313441017526e+01,-2.924998959804725018e+00
1.920303342941042501e+01,-1.375108313439704943e+01,-2.924998959800177545e+00
1.916303342937317211e+01,-1.376508313438898767e+01,-2.924998959796539566e+00
1.912303342935047112e+01,-1.377908313434454612e+01,-2.924998959793811082e+00
1.910303342934639659e+01,-1.378608313432050636e+01,-2.924998959789263608e+00
1.906303342930914368e+01,-1.380008313430153066e+01,-2.924998959781987651e+00
1.902303342930099461e+01,-1.381408313430438284e+01,-2.924998959772892704e+00
1.900303342926781625e+01,-1.382108313428034307e+01,-2.924998959774711693e+00
1.896303342921601143e+01,-1.383508313426864333e+01,-2.924998959767435736e+00
1.892303342923696619e+01,-1.384908313427149551e+01,-2.924998959770164220e+00
1.888303342919971328e+01,-1.386308313427798566e+01,-2.924998959767435736e+00
1.884303342916246038e+01,-1.387708313428083784e+01,-2.924998959767435736e+00
1.884303342914790846e+01,-1.387708313426628592e+01,-2.924998959768345230e+00
1.880303342912520748e+01,-1.389108313425458618e+01,-2.924998959766526241e+00
1.878303342910658102e+01,-1.389808313424146036e+01,-2.924998959761069273e+00
1.874503342910611536e+01,-1.391208313420793274e+01,-2.924998959757431294e+00
1.868603342905407771e+01,-1.393308313420129707e+01,-2.924998959751064831e+00
1.866703342908294871e+01,-1.394008313417725731e+01,-2.924998959750155336e+00
1.862803342903498560e+01,-1.395408313413281576e+01,-2.906998959743759769e+00
1.858903342904523015e+01,-1.396808313411747804e+01,-2.906998959740121791e+00
1.856903342904115561e+01,-1.397508313409343828e+01,-2.906998959731936338e+00
1.852903342900390271e+01,-1.398908313405991066e+01,-2.906998959732845833e+00
1.848903342901030555e+01,-1.400308313404457294e+01,-2.906998959732845833e+00
1.846903342897712719e+01,-1.401008313403508510e+01,-2.906998959734664822e+00
1.842903342893987428e+01,-1.402408313406340312e+01,-2.906998959729207854e+00
1.840903342890669592e+01,-1.403108313406119123e+01,-2.906998959726479370e+00
1.836903342888399493e+01,-1.404508313406040543e+01,-2.906998959725569875e+00
1.832903342886129394e+01,-1.406008313406709931e+01,-2.906998959725569875e+00
1.828903342883859295e+01,-1.407408313407358946e+01,-2.906998959728298360e+00
1.824903342880134005e+01,-1.408808313404733781e+01,-2.906998959726479370e+00
1.822903342876816168e+01,-1.409508313402329804e+01,-2.906998959729207854e+00
1.818903342877456453e+01,-1.410908313398977043e+01,-2.906998959724660381e+00
1.816903342877048999e+01,-1.411608313397664460e+01,-2.889998959716649551e+00
1.812903342873323709e+01,-1.413108313395059668e+01,-2.889998959709373594e+00
1.809003342871437781e+01,-1.414508313396436279e+01,-2.906998959705560992e+00
1.805203342871391214e+01,-1.415908313397085294e+01,-2.906998959704651497e+00
1.803803342871833593e+01,-1.416408313396459562e+01,-2.924998959701042622e+00
1.801503342865908053e+01,-1.417208313396622543e+01,-2.976998959694356017e+00
1.799803342860832345e+01,-1.417708313397088205e+01,-2.976998959689808544e+00
1.795803342858562246e+01,-1.418808313397312304e+01,-2.994998959688928153e+00
1.793903342855628580e+01,-1.419408313394887955e+01,-2.994998959685290174e+00
1.789903342851903290e+01,-1.420508313394748257e+01,-2.994998959681652195e+00
1.787903342847130261e+01,-1.421108313394142897e+01,-2.976998959680713597e+00
1.783903342844860163e+01,-1.422208313392548007e+01,-2.976998959679804102e+00
1.780003342844429426e+01,-1.423408313393156277e+01,-2.976998959673437639e+00
1.778103342842950951e+01,-1.424008313391459524e+01,-2.976998959672528144e+00
1.774103342839225661e+01,-1.425208313386610826e+01,-2.976998959667071176e+00
1.768203342839842662e+01,-1.427008313384430949e+01,-2.959998959660879336e+00
1.766203342835069634e+01,-1.427608313385644578e+01,-2.959998959656331863e+00
1.764203342833206989e+01,-1.428208313383947825e+01,-2.959998959649965400e+00
1.760303342832776252e+01,-1.429408313382737106e+01,-2.959998959649055905e+00
1.758303342830913607e+01,-1.430008313382131746e+01,-2.959998959640870453e+00
1.754403342827572487e+01,-1.431208313378738239e+01,-2.959998959639051463e+00
1.750503342827141751e+01,-1.432408313377163722e+01,-2.941998959633565391e+00
1.748603342824208084e+01,-1.433108313377670129e+01,-2.941998959629017918e+00
1.744603342820482794e+01,-1.434408313377207378e+01,-2.941998959621741960e+00
1.738703342821099795e+01,-1.436408313379433821e+01,-2.924998959622826078e+00
1.736803342822531704e+01,-1.437108313378848834e+01,-2.924998959616459615e+00
1.731103342821006663e+01,-1.439208313378185267e+01,-2.924998959614640626e+00
1.729203342819528189e+01,-1.439908313377236482e+01,-2.906998959612792532e+00
1.725303342819097452e+01,-1.441308313377521699e+01,-2.906998959603697585e+00
1.723303342817234807e+01,-1.442008313375845319e+01,-2.906998959603697585e+00
1.719303342816419899e+01,-1.443408313375766738e+01,-2.906998959601878596e+00
1.717303342811646871e+01,-1.444108313371907570e+01,-2.906998959600059607e+00
1.713303342810831964e+01,-1.445508313372192788e+01,-2.906998959597331122e+00
1.709303342811472248e+01,-1.446908313370659016e+01,-2.906998959591874154e+00
1.705303342810657341e+01,-1.448308313372399425e+01,-2.889998959587501304e+00
1.701303342811297625e+01,-1.449708313370138058e+01,-2.889998959585682314e+00
1.697303342810482718e+01,-1.451208313367169467e+01,-2.889998959583863325e+00
1.695303342808620073e+01,-1.451908313365856884e+01,-2.889998959575677873e+00
1.691303342806349974e+01,-1.453308313364323112e+01,-2.889998959572949389e+00
1.689303342804487329e+01,-1.454108313362667104e+01,-2.889998959573858883e+00
1.685303342802217230e+01,-1.455508313359314343e+01,-2.889998959568401915e+00
1.683303342800354585e+01,-1.456208313358001760e+01,-2.889998959567492420e+00
1.679303342800994869e+01,-1.457708313358307350e+01,-2.889998959566582926e+00
1.675303342798724771e+01,-1.459108313357137376e+01,-2.889998959562944947e+00
1.673303342798317317e+01,-1.459908313356572762e+01,-2.889998959562035452e+00
1.669303342794592027e+01,-1.461308313352856203e+01,-2.889998959558397473e+00
1.665303342792321928e+01,-1.462708313350231037e+01,-2.889998959557487979e+00
1.663303342789004091e+01,-1.463508313350394019e+01,-2.889998959552031010e+00
1.659303342788189184e+01,-1.465008313348153024e+01,-2.889998959550212021e+00
1.657303342786326539e+01,-1.465708313348295633e+01,-2.889998959541117074e+00
1.653303342786966823e+01,-1.467208313349692617e+01,-2.889998959541117074e+00
1.649303342787607107e+01,-1.468708313347087824e+01,-2.889998959538388590e+00
1.645303342785337009e+01,-1.470208313345574425e+01,-2.889998959538388590e+00
1.641403342787816655e+01,-1.471708313342242036e+01,-2.889998959542936063e+00
1.639503342783427797e+01,-1.472408313340201857e+01,-2.889998959544755053e+00
1.635703342779015657e+01,-1.473808313340123277e+01,-2.889998959539298085e+00
1.631903342776058707e+01,-1.475208313338225707e+01,-2.889998959537479095e+00
1.630003342774580233e+01,-1.475908313338004518e+01,-2.889998959531112632e+00
1.626203342773078475e+01,-1.477308313336470746e+01,-2.906998959530028515e+00
1.624303342773055192e+01,-1.478008313338068547e+01,-2.906998959529119020e+00
1.620503342767187860e+01,-1.479408313338353764e+01,-2.906998959523662052e+00
1.616503342767828144e+01,-1.480808313337183790e+01,-2.906998959523662052e+00
1.610503342762240209e+01,-1.482908313338703010e+01,-2.906998959517295589e+00
1.606503342762880493e+01,-1.484308313336441643e+01,-2.906998959510929126e+00
1.602503342762065586e+01,-1.485708313333088881e+01,-2.924998959506410756e+00
1.600503342761658132e+01,-1.486408313331048703e+01,-2.924998959504591767e+00
1.596603342761227395e+01,-1.487808313329514931e+01,-2.906998959502743674e+00
1.594703342758293729e+01,-1.488508313326383359e+01,-2.906998959502743674e+00
1.590803342752042226e+01,-1.489908313324485789e+01,-2.906998959503653168e+00
1.586803342749772128e+01,-1.491308313321496826e+01,-2.906998959505472158e+00
1.582803342747502029e+01,-1.492708313318507862e+01,-2.906998959505472158e+00
1.578803342747414717e+01,-1.494108313316974090e+01,-2.906998959501834179e+00
1.576803342745552072e+01,-1.494808313316752901e+01,-2.906998959497286705e+00
1.571103342744027032e+01,-1.496908313316816930e+01,-2.906998959493648726e+00
1.569203342742548557e+01,-1.497608313314412953e+01,-2.906998959490920242e+00
1.567303342739614891e+01,-1.498308313313464168e+01,-2.906998959493648726e+00
1.565403342737408821e+01,-1.499008313312879181e+01,-2.906998959495467716e+00
1.561603342739545042e+01,-1.500408313310617814e+01,-2.889998959490185371e+00
1.557603342736547347e+01,-1.501808313310539233e+01,-2.889998959486547392e+00
1.551603342736052582e+01,-1.503908313308056677e+01,-2.889998959481090424e+00
1.549603342731279554e+01,-1.504708313307128265e+01,-2.889998959476542950e+00
1.545603342727554264e+01,-1.506208313304523472e+01,-2.889998959473814466e+00
1.543703342728258576e+01,-1.506908313303574687e+01,-2.889998959470176487e+00
1.539703342728171265e+01,-1.508408313303880277e+01,-2.889998959470176487e+00
1.537703342727036215e+01,-1.509108313305114280e+01,-2.889998959470176487e+00
1.533703342726948904e+01,-1.510608313302509487e+01,-2.889998959471995477e+00
1.531703342725086259e+01,-1.511408313301217277e+01,-2.889998959474723961e+00
1.527703342723543756e+01,-1.512908313301886665e+01,-2.889998959472904971e+00
1.523703342722728848e+01,-1.514408313300373266e+01,-2.889998959472904971e+00
1.519703342724096728e+01,-1.516008313299971633e+01,-2.871998959470147383e+00
1.515703342723281821e+01,-1.517508313301732414e+01,-2.871998959469237889e+00
1.511703342718101339e+01,-1.519008313300946611e+01,-2.871998959471056878e+00
1.509703342719876673e+01,-1.519808313297835412e+01,-2.871998959464690415e+00
1.503703342718654312e+01,-1.522108313295757398e+01,-2.871998959466509405e+00
1.499703342716384213e+01,-1.523708313294628169e+01,-2.871998959461052436e+00
1.497703342713793973e+01,-1.524508313292244566e+01,-2.871998959455595468e+00
1.491703342713299207e+01,-1.526808313291985542e+01,-2.871998959451047995e+00
1.489803342711093137e+01,-1.527508313291764352e+01,-2.871998959449229005e+00
1.486003342709591379e+01,-1.529008313290978549e+01,-2.871998959441043553e+00
1.484103342711750884e+01,-1.529708313287846977e+01,-2.871998959440134058e+00
1.480303342710249126e+01,-1.531208313288152567e+01,-2.871998959437405574e+00
1.476503342705109389e+01,-1.532808313287023338e+01,-2.871998959436496079e+00
1.474603342702175723e+01,-1.533608313284639735e+01,-2.854998959433942218e+00
1.470603342702088412e+01,-1.535208313281327719e+01,-2.854998959432123229e+00
1.468603342698770575e+01,-1.536008313280035509e+01,-2.854998959428485250e+00
1.464603342697955668e+01,-1.537608313278178684e+01,-2.854998959423028282e+00
1.460603342695685569e+01,-1.539208313276321860e+01,-2.854998959422118787e+00
1.456703342693072045e+01,-1.540808313276284025e+01,-2.854998959417571314e+00
1.452703342690074351e+01,-1.542408313271153020e+01,-2.854998959416661819e+00
1.448703342688531848e+01,-1.544008313269296195e+01,-2.854998959413933335e+00
1.444803342686645919e+01,-1.545608313268530765e+01,-2.854998959414842830e+00
1.442803342684783274e+01,-1.546408313267602352e+01,-2.854998959413023840e+00
1.440903342681122012e+01,-1.547208313266673940e+01,-2.854998959408476367e+00
1.438903342682897346e+01,-1.548008313267200720e+01,-2.854998959401200409e+00
1.433003342682786752e+01,-1.550408313264779281e+01,-2.854998959398471925e+00
1.431003342678013723e+01,-1.551208313265669858e+01,-2.854998959391195967e+00
1.427003342675743625e+01,-1.552908313262014417e+01,-2.854998959386648494e+00
1.423003342675656313e+01,-1.554508313260885188e+01,-2.854998959382101020e+00
1.421103342674177838e+01,-1.555308313259229180e+01,-2.854998959384829504e+00
1.417203342673747102e+01,-1.556908313255917164e+01,-2.854998959384829504e+00
1.413203342673659790e+01,-1.558508313255515532e+01,-2.854998959382101020e+00
1.411203342671069549e+01,-1.559308313250585343e+01,-2.854998959384829504e+00
1.407303342670638813e+01,-1.560908313250547508e+01,-2.854998959382101020e+00
1.405303342667320976e+01,-1.561708313249982893e+01,-2.854998959383010515e+00
1.401303342664323281e+01,-1.563408313248874038e+01,-2.854998959380282031e+00
1.397403342660982162e+01,-1.565008313248836203e+01,-2.854998959382101020e+00
1.393503342656913446e+01,-1.566608313246979378e+01,-2.854998959381191526e+00
1.391603342653252184e+01,-1.567408313244959572e+01,-2.854998959378463042e+00
1.387803342654660810e+01,-1.569008313245649333e+01,-2.837998959373180696e+00
1.384003342654614244e+01,-1.570608313243792509e+01,-2.837998959364995244e+00
1.382103342651680578e+01,-1.571408313240681309e+01,-2.837998959360447770e+00
1.378303342648723628e+01,-1.573008313242826262e+01,-2.837998959355900297e+00
1.374503342645039083e+01,-1.574608313241333235e+01,-2.837998959352262318e+00
1.372703342641761992e+01,-1.575408313239677227e+01,-2.837998959349533834e+00
1.368903342639532639e+01,-1.577008313238184201e+01,-2.819998959350414225e+00
1.365003342642739881e+01,-1.578808313236368122e+01,-2.819998959346776246e+00
1.361103342641581548e+01,-1.580608313236734830e+01,-2.819998959344957257e+00
1.359103342638991307e+01,-1.581508313234371599e+01,-2.819998959346776246e+00
1.353303342639264883e+01,-1.584208313229464693e+01,-2.819998959345866751e+00
1.349403342640289338e+01,-1.586008313226193422e+01,-2.819998959336771804e+00
1.347503342641721247e+01,-1.586908313223102596e+01,-2.819998959338590794e+00
1.343703342640219489e+01,-1.588708313219831325e+01,-2.819998959336771804e+00
1.339803342639788752e+01,-1.590508313219470438e+01,-2.819998959338590794e+00
1.335903342640085611e+01,-1.592308313214743976e+01,-2.819998959333133826e+00
1.333903342637495371e+01,-1.593208313213108340e+01,-2.819998959327676857e+00
1.330103342633810826e+01,-1.595008313209109474e+01,-2.819998959324948373e+00
1.326203342628286919e+01,-1.596808313208020991e+01,-2.819998959326767363e+00
1.324303342624625657e+01,-1.597708313206385355e+01,-2.819998959326767363e+00
1.320503342626034282e+01,-1.599508313203114085e+01,-2.819998959329495847e+00
1.316603342627058737e+01,-1.601308313203480793e+01,-2.819998959330405341e+00
1.314603342624468496e+01,-1.602208313200389966e+01,-2.819998959330405341e+00
1.310803342620056355e+01,-1.604008313200029079e+01,-2.819998959325857868e+00
1.308903342619305477e+01,-1.604908313196938252e+01,-2.819998959324038879e+00
1.305003342617419548e+01,-1.606708313195849769e+01,-2.819998959324038879e+00
1.301203342615917791e+01,-1.608508313194761286e+01,-2.819998959324038879e+00
1.297303342613304267e+01,-1.610308313195127994e+01,-2.819998959324948373e+00
1.293403342613601126e+01,-1.612108313194767106e+01,-2.819998959323129384e+00
1.291503342609939864e+01,-1.613008313191676280e+01,-2.819998959314943932e+00
1.287603342607326340e+01,-1.614808313191315392e+01,-2.819998959314034437e+00
1.285703342608758248e+01,-1.615708313186769374e+01,-2.802998959311480576e+00
1.284164507448531545e+01,-1.617312853911907666e+01,-2.802984016842721804e+00
1.280364184776083647e+01,-1.618867761766639290e+01,-2.802610485559748454e+00
1.278865344403879512e+01,-1.619645008640392092e+01,-2.801987776825896947e+00
1.274838915355571523e+01,-1.621235240553016865e+01,-2.801589251916973833e+00
1.256926475595321158e+01,-1.625267985775534996e+01,-2.801685436539650631e+00
1.253126475594763178e+01,-1.626816236220676970e+01,-2.801311325763194304e+00
1.251204993525322884e+01,-1.626443326644120546e+01,-2.800560756067480561e+00
1.247330608971007493e+01,-1.628745609996511234e+01,-2.817927635357633687e+00
1.245330608967924491e+01,-1.628880415274021232e+01,-2.818292286310435379e+00
1.241530608969333116e+01,-1.630941311371531199e+01,-2.818660767889223706e+00
1.237630608968902379e+01,-1.633507884919374931e+01,-2.817551668099258055e+00
1.235769539544344298e+01,-1.635433854472979220e+01,-2.817924612984468169e+00
1.231926888785033114e+01,-1.636470509231956072e+01,-2.817176525407115495e+00
1.228126888784026960e+01,-1.638781188518951382e+01,-2.800177041975439707e+00
1.224372460410543084e+01,-1.639820815212587490e+01,-2.799427260132437034e+00
1.222372460410406347e+01,-1.640464108306762725e+01,-2.799796125222649312e+00
1.218472460407792823e+01,-1.643286530821192670e+01,-2.799800155464017504e+00
1.216676761563165954e+01,-1.643677370765620083e+01,-2.799798127684768101e+00
1.212776761562417960e+01,-1.645219762541060149e+01,-2.799421818015281005e+00
1.209089606597679989e+01,-1.648562917666487593e+01,-2.799427920859257402e+00
1.207305326028836490e+01,-1.648441610873016216e+01,-2.799423852193775097e+00
1.203505326027516276e+01,-1.648708548784497196e+01,-2.799417790720337251e+00
1.201476711245002349e+01,-1.648585662761544057e+01,-2.799413776707351253e+00
1.193711597704741223e+01,-1.652955019798088188e+01,-2.815660773943471806e+00
1.189845586808229250e+01,-1.656821140653909907e+01,-2.815293613473412560e+00
1.187945586804562481e+01,-1.659268164344521779e+01,-2.814554053967729175e+00
1.183945586805202765e+01,-1.659717679284451108e+01,-2.814549832881203528e+00
1.180215330028045884e+01,-1.661520472319672947e+01,-2.814920471079929598e+00
1.178315330028272001e+01,-1.662934297860729771e+01,-2.814922607139449529e+00
1.174558370223844683e+01,-1.665764775558156785e+01,-2.814926793630909696e+00
1.170732516920478439e+01,-1.668078280053966367e+01,-2.816054715115885010e+00
1.167081984589072441e+01,-1.667807439459630814e+01,-2.799045830872761265e+00
1.165081984585413011e+01,-1.668193013491293186e+01,-2.799043656007186520e+00
1.161181984583527083e+01,-1.668014704931440306e+01,-2.799034886885940487e+00
1.159181984582392033e+01,-1.667875934978917485e+01,-2.816034439300996617e+00
1.157442178051616288e+01,-1.667737229922675368e+01,-2.799029861801808572e+00
1.153474283064131534e+01,-1.667980135991550483e+01,-2.799023275525890586e+00
1.149574283062247559e+01,-1.668217608339726254e+01,-2.799016573186981827e+00
1.145927241420835330e+01,-1.668197340127620620e+01,-2.799762255604975270e+00
1.143927241419441998e+01,-1.668048272405808419e+01,-2.816757719011435679e+00
1.140127241419395432e+01,-1.668289544427377180e+01,-2.799750991715272974e+00
1.136591210694529330e+01,-1.668517982610233474e+01,-2.800120542226238740e+00
1.132791210692812456e+01,-1.668231450021903228e+01,-2.800868507056359036e+00
1.130898980750611216e+01,-1.669133467343211308e+01,-2.800487962131540609e+00
1.127198980749381008e+01,-1.673534260244901617e+01,-2.800497468346696106e+00
1.125298980747174937e+01,-1.674427222266811910e+01,-2.801259330657499547e+00
1.121693840686750754e+01,-1.677265674485204983e+01,-2.800882752137567433e+00
1.120079081908494878e+01,-1.678679388889832325e+01,-2.799744017194392143e+00
1.116379081908235094e+01,-1.682564079545191404e+01,-2.799753520414363095e+00
1.112677314019167696e+01,-1.682525705028134766e+01,-2.800505034824273043e+00
1.108877314017445315e+01,-1.682843414744828792e+01,-2.782497767806298761e+00
1.106977314015239244e+01,-1.682677788348701142e+01,-2.782492883168234954e+00
1.103177314016647870e+01,-1.684831217499132450e+01,-2.782113697597818014e+00
1.101173400544671921e+01,-1.684666896361694555e+01,-2.781723945305823786e+00
1.097373400541982846e+01,-1.683665218474222769e+01,-2.782857598574095537e+00
1.095473400541231968e+01,-1.682989329768231812e+01,-2.782850104160960125e+00
1.091673400540457806e+01,-1.682774504070126653e+01,-2.782840066143152047e+00
1.089773400539706927e+01,-1.682705278946654204e+01,-2.782835000850088392e+00
1.085973400538205169e+01,-1.683026600480114965e+01,-2.782827536489242526e+00
1.084073400538181886e+01,-1.683759615662713216e+01,-2.783976778452560197e+00
1.080173400537023554e+01,-1.683112668972773562e+01,-2.783963899328531610e+00
1.074473400536226109e+01,-1.683265089464927300e+01,-2.783951041837867457e+00
1.072573400536202826e+01,-1.683200746210035348e+01,-2.783945882956957441e+00
1.068773400533973472e+01,-1.683781237069273118e+01,-2.784322749793367358e+00
1.066873400531767402e+01,-1.683193100211992999e+01,-2.784314999134898549e+00
1.063073400530265644e+01,-1.683244650294307121e+01,-2.784689675070131099e+00
1.060938185573927761e+01,-1.683187252200781359e+01,-2.784684713585726001e+00
1.057138185573421651e+01,-1.683330093620927670e+01,-2.784291156284389057e+00
1.053338185573375085e+01,-1.683371886502104076e+01,-2.783897298802392672e+00
1.049538185571145732e+01,-1.683141670149900193e+01,-2.783886670663301643e+00
1.045856554623492762e+01,-1.683279278270483204e+01,-2.783873926387041120e+00
1.043956554623582633e+01,-1.683209023377475688e+01,-2.783868551376781131e+00
1.040156554622808471e+01,-1.683244723105950769e+01,-2.783473624014860981e+00
1.038256554622057592e+01,-1.683173198091040845e+01,-2.783468207398420713e+00
1.034456554622011026e+01,-1.682767660855658320e+01,-2.783070003339040532e+00
1.032800258721520770e+01,-1.683126215937140557e+01,-2.783067010536504515e+00
1.029000258720770944e+01,-1.682717523974859830e+01,-2.782668254535066055e+00
1.027224790353374217e+01,-1.683167207318353320e+01,-2.783048845203906829e+00
1.023418212891805545e+01,-1.682662549812494035e+01,-2.782649591625683705e+00
1.019518212888942799e+01,-1.683055941874420824e+01,-2.782641312472600159e+00
1.015718212889623828e+01,-1.682648601497081486e+01,-2.782241503815879646e+00
1.013811765830146072e+01,-1.683012111658290166e+01,-2.782236222342908682e+00
1.010011765827221097e+01,-1.682874138337385261e+01,-2.782227978193101414e+00
1.006211765825719340e+01,-1.683529509067867025e+01,-2.782608802819408478e+00
1.002411765823489986e+01,-1.682738474087098268e+01,-2.782594785905673884e+00
1.000377535093698533e+01,-1.682651321596094718e+01,-2.782194873647484190e+00
9.949408362740069123e+00,-1.683670169968659991e+01,-2.783353800972396819e+00
9.913169204355577691e+00,-1.684299587661590536e+01,-2.766088760694663584e+00
9.872169204332749359e+00,-1.686059157987434176e+01,-2.731085842163164745e+00
9.852806361900773524e+00,-1.686080362395798815e+01,-2.730688376267268236e+00
9.814434988771521873e+00,-1.686116630180352516e+01,-2.729502592100574443e+00
9.796434988755208906e+00,-1.686141706866660073e+01,-2.729496930823276379e+00
9.757643341099212719e+00,-1.686185128311175774e+01,-2.710706269668158974e+00
9.738247852820830275e+00,-1.686469087466477390e+01,-2.709921152249525900e+00
9.702247852808795869e+00,-1.686498354094160490e+01,-2.709909670343737975e+00
9.687013506942514951e+00,-1.686505446883688109e+01,-2.709903520593018644e+00
9.633160872925218499e+00,-1.691195768757880913e+01,-2.709912288752057030e+00
9.616160872916225344e+00,-1.691109961291522978e+01,-2.709906577116688808e+00
9.581160872912732884e+00,-1.693105009245484638e+01,-2.727902780450412124e+00
9.564160872912907507e+00,-1.693010399372327512e+01,-2.727897157112356030e+00
9.531004266976788486e+00,-1.695537821991746696e+01,-2.727899491776991425e+00
9.496004266955424100e+00,-1.697791550691772500e+01,-2.728294916062607545e+00
9.476066262368675552e+00,-1.698234366045146615e+01,-2.728292062831581433e+00
9.442517855491706413e+00,-1.701827071552424542e+01,-2.745692733983992273e+00
9.424517855484737083e+00,-1.703894445410736935e+01,-2.745699183413504496e+00
9.389517855488520581e+00,-1.705872821922767102e+01,-2.745699070182682444e+00
9.354991671751291094e+00,-1.708572086021494840e+01,-2.746487113413769166e+00
9.357935432215558791e+00,-1.708298188413078833e+01,-2.746092501217006987e+00
9.285935432206315454e+00,-1.710045719435779432e+01,-2.764064044531056918e+00
9.264898369922898169e+00,-1.713826556215790120e+01,-2.765236128700620633e+00
9.223843203738580243e+00,-1.690554374034449125e+01,-2.765148624468506622e+00
9.201809881960810955e+00,-1.691542696312851390e+01,-2.765543431630499427e+00
9.160731204408405048e+00,-1.693542715476104377e+01,-2.766307365930706474e+00
9.141736630545469922e+00,-1.694542715440914193e+01,-2.782523455536898283e+00
9.084736630524275824e+00,-1.697588990022895672e+01,-2.781732893080329561e+00
9.046736630516534206e+00,-1.699562582769386410e+01,-2.781337106124827319e+00
9.027736630509025417e+00,-1.700562582767452113e+01,-2.724432726630240609e+00
8.992838396558367364e+00,-1.702462564312777005e+01,-2.724432331324829093e+00
8.970679450205500061e+00,-1.703396350263620107e+01,-2.724432701679851743e+00
8.931679450201045256e+00,-1.705396350257797167e+01,-2.724432701674231794e+00
8.909492517341924156e+00,-1.706296368719710088e+01,-2.724433097307320750e+00
8.890492517326492816e+00,-1.707372740100542785e+01,-2.724433121390557044e+00
8.852492517304199282e+00,-1.709371944178849745e+01,-2.724433121162262328e+00
8.814492517296457663e+00,-1.711187656965631021e+01,-2.724433098661055652e+00
8.779679665848956205e+00,-1.713188764471480496e+01,-2.724432716488820017e+00
8.741679665836272761e+00,-1.715178015012892843e+01,-2.724432737132670201e+00
8.703679665813979227e+00,-1.717085052733111539e+01,-2.724432716964791723e+00
8.691130090662749552e+00,-1.718010462417110773e+01,-2.724411326557717228e+00
8.653130090671766084e+00,-1.719910462413099594e+01,-2.724411326558765722e+00
8.634130090649705380e+00,-1.720811431222695731e+01,-2.724411310578779055e+00
8.596232983362801505e+00,-1.722604913555416317e+01,-2.724411282491881359e+00
8.558232983355992474e+00,-1.724399079289554138e+01,-2.724411267040627305e+00
8.520232983370078728e+00,-1.726507342273944445e+01,-2.724411282125126732e+00
8.501232983355293982e+00,-1.727618019929077420e+01,-2.724411296874846844e+00
8.482232983340509236e+00,-1.728631124992534751e+01,-2.724411311320214857e+00
8.444232983318215702e+00,-1.730631124990759417e+01,-2.724411311318363005e+00
8.369232983299298212e+00,-1.734431124990078388e+01,-2.724411311318363005e+00
8.331232983277004678e+00,-1.736331124987918884e+01,-2.724411311314725026e+00
8.311232983272930142e+00,-1.737331124988122610e+01,-2.724411311307449068e+00
8.292232983265421353e+00,-1.738455464332103517e+01,-2.724411324444316218e+00
8.254232983257679734e+00,-1.740481919537320010e+01,-2.724411337360839624e+00
8.219613439451540771e+00,-1.742481903406016386e+01,-2.724410982154904737e+00
8.181613439439388458e+00,-1.744381903405155754e+01,-2.724410982151312055e+00
8.147102843368982050e+00,-1.746281886995516075e+01,-2.724410620783396464e+00
8.131508909028879017e+00,-1.747047242102253506e+01,-2.724410258436062549e+00
8.096941082334478068e+00,-1.749183772561053729e+01,-2.724409920010526065e+00
8.058941082323144656e+00,-1.751047235402565860e+01,-2.724409908381611345e+00
8.039941082322911825e+00,-1.751947235403349623e+01,-2.724409908384586743e+00
8.005424327250702632e+00,-1.753991264908903958e+01,-2.724409571835666899e+00
7.969178532648180990e+00,-1.755891256999032279e+01,-2.724332961347404769e+00
7.946671020522536821e+00,-1.756603641209406064e+01,-2.724333279644064021e+00
7.912179984752966355e+00,-1.758503625602179810e+01,-2.724332941483326387e+00
7.874179984755755868e+00,-1.760806246020895216e+01,-2.724332963564054300e+00
7.855156674745098044e+00,-1.761706246118795605e+01,-2.724332965777378934e+00
7.813463915695848527e+00,-1.763760425778130880e+01,-2.724333325250910764e+00
7.771818056649857809e+00,-1.765760441555666205e+01,-2.724333667266519932e+00
7.737416073881785650e+00,-1.767721378705083879e+01,-2.724333342693630033e+00
7.711097767530099567e+00,-1.768881745209764134e+01,-2.724334030660959360e+00
7.676777347266372509e+00,-1.770623049874433619e+01,-2.724333682101453658e+00
7.655884570912013132e+00,-1.771361895260740837e+01,-2.724246527985481503e+00
7.621515577621855719e+00,-1.773100323581268611e+01,-2.724246194629655893e+00
7.587231539422504945e+00,-1.774773776491158372e+01,-2.724245846109723423e+00
7.556641182858346184e+00,-1.776944496289458542e+01,-2.724245204512880214e+00
7.518641182854480576e+00,-1.778748139117157834e+01,-2.724245204719017988e+00
7.481629543121731452e+00,-1.780648139163770693e+01,-2.724245205727502839e+00
7.467357805226765954e+00,-1.781548124031983349e+01,-2.724244883975107889e+00
7.448357805231353268e+00,-1.782212438624232931e+01,-2.724244865611356481e+00
7.406616006378147432e+00,-1.784287883791068197e+01,-2.707245193979870290e+00
7.388616006359370658e+00,-1.785030822109887794e+01,-2.707342498739711001e+00
7.350547938697986616e+00,-1.787034060486186249e+01,-2.707342504511467407e+00
7.314426509134697163e+00,-1.788856120238957104e+01,-2.707244419359768450e+00
7.262165671645647080e+00,-1.790577986265827803e+01,-2.707245658200843508e+00
7.224165671646915143e+00,-1.792577986262040213e+01,-2.707245658200918115e+00
7.202339047519527249e+00,-1.793483723481954684e+01,-2.707245965778814156e+00
7.165339047507586656e+00,-1.795301068411166057e+01,-2.707245963546295986e+00
7.138627875967464398e+00,-1.796115323808641051e+01,-2.707246573676747481e+00
7.105452672000813763e+00,-1.798115309285218544e+01,-2.707246271711924557e+00
7.091261152170956983e+00,-1.799306154299626570e+01,-2.689245975005328138e+00
7.055217388558775227e+00,-1.801306154464507614e+01,-2.689245978420271133e+00
7.014424118795303364e+00,-1.803499443400211888e+01,-2.689246274908354106e+00
6.987652240003976445e+00,-1.804612438180211953e+01,-2.689246874589572567e+00
6.943767957415571068e+00,-1.806808090759393437e+01,-2.689139530900269914e+00
6.905762161159509027e+00,-1.808908090779893740e+01,-2.689139531352913615e+00
6.872678804692260002e+00,-1.810810064901970051e+01,-2.689030197386758747e+00
6.833659111593608948e+00,-1.812810072227368607e+01,-2.688920533719317607e+00
6.823470853225399146e+00,-1.813512878682144347e+01,-2.688809396974531918e+00
6.791436901669342774e+00,-1.815517044591356211e+01,-2.688809101159410186e+00
6.736436901650449727e+00,-1.818619250411368071e+01,-2.671923052375210883e+00
6.720413875416359595e+00,-1.819619243395369068e+01,-2.671809693531599361e+00
6.683378907284557080e+00,-1.821722677546452118e+01,-2.671809695524598904e+00
6.627373965696255809e+00,-1.824928815439311336e+01,-2.672040054104565243e+00
6.609373965686245356e+00,-1.825825768815077410e+01,-2.672040082635080527e+00
6.591359189956448539e+00,-1.826825768866908106e+01,-2.672040083579052983e+00
6.547294426363992059e+00,-1.828925796710312923e+01,-2.672040597445643595e+00
6.507239830580667572e+00,-1.831337781801673970e+01,-2.654040825705102247e+00
6.500409060485618618e+00,-1.832437740225210021e+01,-2.654040058503830402e+00
6.478486621359417441e+00,-1.833555277114607662e+01,-2.654040302169287990e+00
6.453557786968352694e+00,-1.835874192759421675e+01,-2.654159458648966741e+00
6.438549371209572492e+00,-1.836774192788544724e+01,-2.654159459189750603e+00
6.385625264165695647e+00,-1.840358499319593477e+01,-2.602159226557440697e+00
6.319225178171071988e+00,-1.843958551501821574e+01,-2.602282160068494665e+00
6.286132015804675177e+00,-1.846042910492638711e+01,-2.602282193105332375e+00
6.265028338029611454e+00,-1.847242925210174391e+01,-2.602282459776851020e+00
6.251091199299233736e+00,-1.848123815118225011e+01,-2.602158579349782563e+00
6.196949986221562234e+00,-1.851753657163886757e+01,-2.602158808591464201e+00
6.175874504365799211e+00,-1.852639083154830857e+01,-2.602159120749041321e+00
6.157386681474809720e+00,-1.855074895298772475e+01,-2.602284169276085635e+00
6.110553474930133788e+00,-1.858261087533870182e+01,-2.619155877208706240e+00
6.081106697179214038e+00,-1.859247885358502117e+01,-2.619029288075729767e+00
6.053325921321224712e+00,-1.861222344099544657e+01,-2.619157278967214619e+00
6.042518018338577157e+00,-1.861870310138098006e+01,-2.619026663007598010e+00
6.012799221459925292e+00,-1.864302876546025800e+01,-2.619026317593871500e+00
5.987458466910866584e+00,-1.866221941114800131e+01,-2.619158634290517540e+00
5.953448686846654070e+00,-1.867954445107558925e+01,-2.637158774732943023e+00
5.930145006488763748e+00,-1.869527551471620797e+01,-2.637026946636741087e+00
5.891959963159628444e+00,-1.871495531086958408e+01,-2.637027277561311944e+00
5.849504724939110112e+00,-1.873954604297900417e+01,-2.654162019315290610e+00
5.819804531045036811e+00,-1.875816614951365224e+01,-2.654161829813678875e+00
5.784870697181955457e+00,-1.877816614730956957e+01,-2.654161825716533141e+00
5.750112580421089525e+00,-1.879577483991673859e+01,-2.672161887738215835e+00
5.732286666441975598e+00,-1.880339623418788264e+01,-2.672161952884057445e+00
5.817359065830238762e+00,-1.888597941905278432e+01,-2.672152646016956457e+00
5.792199207673546013e+00,-1.889535387261003052e+01,-2.689153098815558085e+00
5.756371931827378496e+00,-1.891332295395987728e+01,-2.689153149907381302e+00
5.734705767404349785e+00,-1.892603074218263615e+01,-2.689153288014488830e+00
5.681033439690512665e+00,-1.895497047409090641e+01,-2.707153270403633183e+00
5.667032024292300463e+00,-1.896423950118584045e+01,-2.707153056816933745e+00
5.629239808127300293e+00,-1.898459537905478456e+01,-2.707153123264874672e+00
5.603716513671927579e+00,-1.899701214814453820e+01,-2.707153464093384088e+00
5.563924089264885353e+00,-1.901569291318140031e+01,-2.724153663024397432e+00
5.531648588306315339e+00,-1.903298261060567143e+01,-2.724153470004520017e+00
5.505992683352680217e+00,-1.904334061988556570e+01,-2.742153866853190181e+00
5.469992170932629350e+00,-1.906134071022704290e+01,-2.759153866879417549e+00
5.469991726403267585e+00,-1.906134078813476762e+01,-2.759153866899431762e+00
5.429056241087663714e+00,-1.908371529621307872e+01,-2.777153099645430334e+00
5.368774991521453543e+00,-1.910374929927102983e+01,-2.794154278504323408e+00
5.312685334571632723e+00,-1.912086565565418184e+01,-2.829303279413434069e+00
5.013225178688567318e+00,-1.917964935400245352e+01,-2.846167352104257198e+00
4.994225178677879740e+00,-1.918664935399283422e+01,-2.864167352105141617e+00
4.975433089951491361e+00,-1.919364884859599485e+01,-2.864314706749583550e+00
4.937433089944534004e+00,-1.920664884857978905e+01,-2.881314706743069110e+00
4.918308049016879124e+00,-1.921264777755838793e+01,-2.899464016426383850e+00
4.878662766454542776e+00,-1.922464841032099159e+01,-2.916169493220653663e+00
4.838301098300149761e+00,-1.923564870613643052e+01,-2.934320597954186649e+00
4.777908799094867653e+00,-1.925064898132401936e+01,-2.969472981595295824e+00
4.737908799092110712e+00,-1.925864898128202185e+01,-2.986472981591759890e+00
4.697464470727305219e+00,-1.926664922393325341e+01,-3.021319517485115735e+00
4.676998174017765741e+00,-1.926964945316849054e+01,-3.021166126760276960e+00
4.637961287095723861e+00,-1.927564902260471413e+01,-3.038166112109870642e+00
4.617961287087382516e+00,-1.927864902258443180e+01,-3.056471223422928762e+00
4.579029413515414149e+00,-1.928364861839290612e+01,-3.073471209673849014e+00
4.539581025036727446e+00,-1.928764842452818229e+01,-3.108626953472191534e+00
4.518998500859114031e+00,-1.928964861560316280e+01,-3.126782863990373862e+00
4.480168380197820710e+00,-1.929164825578003573e+01,3.139402476519717045e+00
4.420775024572212608e+00,-1.929264808015125254e+01,3.104245290011351077e+00
4.402654245496032459e+00,-1.929264756635347666e+01,3.086778069463015584e+00
4.361998345189260107e+00,-1.929264773620689866e+01,3.068621167727875854e+00
4.344618810310957535e+00,-1.929264709132606725e+01,3.068621248797544165e+00
4.304618810314423172e+00,-1.929064709130761912e+01,3.033356765041959058e+00
4.284618810310348636e+00,-1.928964709128922550e+01,3.033356765035932767e+00
4.245318907767950734e+00,-1.928764694147880476e+01,3.016195834559011413e+00
4.225318907763721654e+00,-1.928664694143662928e+01,2.998195834557918715e+00
4.184569621825183106e+00,-1.928264708892146828e+01,2.981356847369820873e+00
4.125315989872382794e+00,-1.927918785069009999e+01,2.963518712575875735e+00
4.062280072895403826e+00,-1.926968765095369562e+01,2.963518619322214054e+00
4.042280072884750552e+00,-1.926768765097222058e+01,2.963518619325441250e+00
3.999107973794982396e+00,-1.926168818924622883e+01,2.946518571640611484e+00
3.976678537254041856e+00,-1.925868858771988812e+01,2.946682261600511499e+00
3.934238304001359321e+00,-1.925268897506415655e+01,2.946517008017784267e+00
3.896723982373834883e+00,-1.924668859282951416e+01,2.929351139457221809e+00
3.871716028399052600e+00,-1.924624251084332727e+01,2.929351082332513290e+00
3.831716028393202578e+00,-1.923510458166930093e+01,2.929350996584012101e+00
3.792587505413592908e+00,-1.923039354805203516e+01,2.911352085428874137e+00
3.756263591197279261e+00,-1.922078620648521152e+01,2.911183609993770904e+00
3.743150932651819307e+00,-1.921878608849385017e+01,2.894015542530322005e+00
3.733953427856688378e+00,-1.921837433250544791e+01,2.859015615721080206e+00
3.733868009602764104e+00,-1.922099889096730863e+01,2.841184405584583406e+00
3.732883139518426319e+00,-1.922099888909229293e+01,2.789184405645009246e+00
3.732894803778318060e+00,-1.922099888765446707e+01,2.789184405685792179e+00
3.735807520483881206e+00,-1.922099854659837703e+01,2.754012369899172974e+00
3.736763605464934912e+00,-1.922099843729283819e+01,2.736842273868598241e+00
3.736763605464147986e+00,-1.922099843728210544e+01,2.718842273865448078e+00
3.716096361156218109e+00,-1.921289090760763685e+01,2.666900521797545220e+00
3.660151190930561071e+00,-1.918789115981113014e+01,2.614071332926073410e+00
3.642177480127310574e+00,-1.917889124140593538e+01,2.596898903126137803e+00
3.605135037713845136e+00,-1.916024543515442602e+01,2.561725667913409055e+00
3.584045345590112230e+00,-1.915060425790915133e+01,2.526551969386691798e+00
3.549006797724667983e+00,-1.912860433971100349e+01,2.491376957972450956e+00
3.530961698541670746e+00,-1.911760442041952501e+01,2.474551836090568724e+00
3.507508512288227021e+00,-1.909360377318880708e+01,2.439551884238247315e+00
3.490436996693509819e+00,-1.908434594599350120e+01,2.439375017286838254e+00
3.447803538263396916e+00,-1.904395295739612237e+01,2.404374762391555453e+00
3.409455987584061543e+00,-1.900770660910996313e+01,2.369553018850637738e+00
3.392279132586765389e+00,-1.899470676209714526e+01,2.352553044440274910e+00
3.361250839324036122e+00,-1.896870683307811944e+01,2.334376650070867587e+00
3.332251738036496658e+00,-1.893929325117228757e+01,2.317556494558319358e+00
3.320517747633097816e+00,-1.892529309997454945e+01,2.299556431110322485e+00
3.291397012541665834e+00,-1.889629317347235471e+01,2.282374794198610779e+00
3.263390955706373830e+00,-1.886729317386703997e+01,2.264374794324042650e+00
3.247068832210149303e+00,-1.885229332119351042e+01,2.264374843435038809e+00
3.220093347754589885e+00,-1.882086200660944186e+01,2.247558207511614725e+00
3.220118053072786868e+00,-1.881798604850469303e+01,2.247560027210955269e+00
3.112538686345362571e+00,-1.875798941150844712e+01,2.238509397010984170e+00
3.103772332936874268e+00,-1.874153681234733071e+01,2.239143006421022708e+00
3.076110353706368095e+00,-1.871153680869442582e+01,2.238901510700159747e+00
3.050113907086160481e+00,-1.868153680865393440e+01,2.221902012378338398e+00
3.024163868891730722e+00,-1.865053680876200559e+01,2.221807478126392343e+00
2.992417838810898623e+00,-1.863257675990947959e+01,2.219302795900327752e+00
2.966564915564608551e+00,-1.860157675991831994e+01,2.201245536606170283e+00
2.940564915565119009e+00,-1.857347612838450956e+01,2.201245647624360480e+00
2.914057895575573820e+00,-1.853948896215094422e+01,2.201245392802553713e+00
2.888057895570455003e+00,-1.850449011905699237e+01,2.184245279380657934e+00
2.875057895571444533e+00,-1.848699666764796845e+01,2.184309043785984894e+00
2.850057895566351363e+00,-1.845499666762043489e+01,2.184309043785106041e+00
2.825851225335785255e+00,-1.842305755963174008e+01,2.167309140889447594e+00
2.813851225329926820e+00,-1.840705755962699186e+01,2.167309140886573005e+00
2.801851225322025130e+00,-1.839105755960918032e+01,2.167309140882935026e+00
2.777851225320773665e+00,-1.835905755961721297e+01,2.167309140882025531e+00
2.753851225321341190e+00,-1.832705755961796967e+01,2.149309140881086932e+00
2.717851225317645003e+00,-1.827805755956796929e+01,2.149309140881086932e+00
2.705851225315200281e+00,-1.826205755951377796e+01,2.132309140880352061e+00
2.693851225314574549e+00,-1.824505755949940067e+01,2.132309140878533071e+00
2.670851225315345800e+00,-1.821205755950359162e+01,2.132309140877623577e+00
2.658851225316539058e+00,-1.819505755943828262e+01,2.114309140874865989e+00
2.636851225317514036e+00,-1.816205755940609379e+01,2.114309140874865989e+00
2.614851225313032046e+00,-1.812805755939916708e+01,2.097309140869583644e+00
2.603851225312610040e+00,-1.811105755938478978e+01,2.097309140868674149e+00
2.581851225308128051e+00,-1.807705755939969094e+01,2.079309140865916561e+00
2.548851225306862034e+00,-1.802605755938566290e+01,2.079309140866826056e+00
2.537851225306440028e+00,-1.800905755936400965e+01,2.079309140868645045e+00
2.527851225302583771e+00,-1.799205755937146023e+01,2.062309140871548152e+00
2.506851225303762476e+00,-1.795805755932087777e+01,2.062309140870638657e+00
2.485851225304941181e+00,-1.792305755930283340e+01,2.062309140867000679e+00
2.475851225297446945e+00,-1.790605755929573206e+01,2.044309140866062080e+00
2.455851225293372408e+00,-1.787105755929951556e+01,2.044309140866971575e+00
2.445851225293154130e+00,-1.785305755930312444e+01,2.044309140863333596e+00
2.415851225287042325e+00,-1.780105755927797873e+01,2.027309140863508219e+00
2.385851225286387489e+00,-1.774705755927425344e+01,2.027309140864417714e+00
2.365851225285950932e+00,-1.771105755921598757e+01,2.009309140864388610e+00
2.355851225285732653e+00,-1.769305755917594070e+01,2.009309140868026589e+00
2.346851225283899112e+00,-1.767505755915772170e+01,2.009309140868026589e+00
2.331851225284481188e+00,-1.764705755913746543e+01,1.992309140866382222e+00
2.323851225282851374e+00,-1.763105755914875772e+01,1.957309140863344510e+00
2.308851225277976482e+00,-1.759705755913455505e+01,1.957309140865618247e+00
2.300851225278165657e+00,-1.757805755911977030e+01,1.940309140863519133e+00
2.283851225271064322e+00,-1.754005755912658060e+01,1.940309140860790649e+00
2.275851225269434508e+00,-1.752005755907157436e+01,1.940309140859881154e+00
2.249851225267775590e+00,-1.746105755906319246e+01,1.940309140857152670e+00
2.241851225262507796e+00,-1.744105755904456601e+01,1.940309140858971659e+00
2.224851225264501409e+00,-1.740205755901843077e+01,1.940309140857152670e+00
2.207851225257400074e+00,-1.736205755901028169e+01,1.940309140858516912e+00
2.199851225253951270e+00,-1.734205755899893120e+01,1.940309140858971659e+00
2.182851225254125893e+00,-1.730205755904171383e+01,1.940309140856243175e+00
2.174851225252496079e+00,-1.728205755900853546e+01,1.922309140856668819e+00
2.158851225247417460e+00,-1.724205755897128256e+01,1.922309140852576093e+00
2.150851225249425624e+00,-1.722305755894194590e+01,1.922309140848483366e+00
2.126851225249993149e+00,-1.716405755894083995e+01,1.922309140846209630e+00
2.118851225250182324e+00,-1.714405755889310967e+01,1.922309140846664377e+00
2.101851225252175936e+00,-1.710405755887040868e+01,1.922309140843481146e+00
2.077851225247286493e+00,-1.704405755887273699e+01,1.922309140841662156e+00
2.068851225241814973e+00,-1.702405755885411054e+01,1.922309140841207409e+00
2.052851225240374333e+00,-1.698505755884980317e+01,1.922309140840752661e+00
2.044851225238744519e+00,-1.696605755882774247e+01,1.922309140838933672e+00
2.028851225233665900e+00,-1.692805755882727681e+01,1.940309140838053281e+00
2.012851225230406271e+00,-1.689105755880882498e+01,1.940309140834870050e+00
1.996851225225327653e+00,-1.685205755875358591e+01,1.940309140831686818e+00
1.987851225221675122e+00,-1.683205755873495946e+01,1.940309140828503587e+00
1.962851225218400941e+00,-1.677305755871930160e+01,1.940309140827139345e+00
1.953851225215657905e+00,-1.675405755871179281e+01,1.940309140823956113e+00
1.945851225214028091e+00,-1.673505755869700806e+01,1.940309140818953892e+00
1.928851225209655240e+00,-1.669505755869613495e+01,1.940309140818499145e+00
1.919851225205093215e+00,-1.667605755867407424e+01,1.940309140816225408e+00
1.902851225201629859e+00,-1.663705755864793900e+01,1.940309140813951672e+00
1.876851225198151951e+00,-1.657805755863228114e+01,1.940309140810768440e+00
1.868851225197431631e+00,-1.655905755861022044e+01,1.940309140810768440e+00
1.850851225192855054e+00,-1.651905755861662328e+01,1.940309140811677935e+00
1.842851225191225240e+00,-1.650005755862366641e+01,1.940309140811223187e+00
1.824851225191196136e+00,-1.646005755861551734e+01,1.940309140810768440e+00
1.815851225192091078e+00,-1.644005755861144280e+01,1.940309140810768440e+00
1.798851225188627723e+00,-1.640005755860329373e+01,1.940309140808039956e+00
1.789851225188613171e+00,-1.638105755859578494e+01,1.940309140808039956e+00
1.772851225187878299e+00,-1.634205755857692566e+01,1.940309140805311472e+00
1.754585645307308983e+00,-1.630405654121308245e+01,1.940437033784744747e+00
1.740172688765621922e+00,-1.626138976971561334e+01,1.940436971227564200e+00
1.724753127232822925e+00,-1.623289220883500050e+01,1.940437294299273807e+00
1.701550675080713670e+00,-1.618920780714332253e+01,1.940437120525265513e+00
1.695190062649446494e+00,-1.616902226910258733e+01,1.940437152522071385e+00
1.676806790803333724e+00,-1.611915875652366736e+01,1.940304733927486369e+00
1.669129297962211878e+00,-1.609273474674426652e+01,1.940171667539096978e+00
1.652030987934173023e+00,-1.605539282691252367e+01,1.940039374998281607e+00
1.639024633057499347e+00,-1.602899787864970804e+01,1.940172230275423626e+00
1.612987261437110353e+00,-1.598430066853658182e+01,1.940172645364014237e+00
1.603987261431939260e+00,-1.596349963647356418e+01,1.940037417724330471e+00
1.589749732122026415e+00,-1.592712398321021006e+01,1.940037576302977573e+00
1.583476443625442043e+00,-1.591880106739261969e+01,1.940037916761392589e+00
1.566476443623287196e+00,-1.587978522004573456e+01,1.940037916348237523e+00
1.553990366449071958e+00,-1.583352561691397220e+01,1.940037851574582417e+00
1.550559192987997381e+00,-1.581535200890000681e+01,1.939900435863967543e+00
1.533559192988832365e+00,-1.576901759893327259e+01,1.939900267677789669e+00
1.530413322298464829e+00,-1.576696174684578544e+01,1.939900599076884280e+00
1.524205446420717758e+00,-1.575498139885102233e+01,1.921900837574674670e+00
1.512057352461410042e+00,-1.572349103029577577e+01,1.921900996739506207e+00
1.501208979658694043e+00,-1.569719308658342882e+01,1.921900753329547795e+00
1.485208979655908479e+00,-1.566175450852841422e+01,1.922044170009485908e+00
1.454208979653230926e+00,-1.559213262165435587e+01,1.921902443765295843e+00
1.449153914481337901e+00,-1.556750587630042304e+01,1.921757005880479374e+00
1.441151256372992462e+00,-1.553719216671195902e+01,1.921757105668043586e+00
1.428045808020071306e+00,-1.549549829369698095e+01,1.939757150585938783e+00
1.409113546234983305e+00,-1.546478119873197876e+01,1.939757154860658028e+00
1.392113546233304078e+00,-1.541828456834205063e+01,1.939757051484250816e+00
1.387061970479999795e+00,-1.539916751925540694e+01,1.939757145051529630e+00
1.363980845799007025e+00,-1.535246452026534136e+01,1.939756845239395622e+00
1.345980845801932446e+00,-1.531338155374446153e+01,1.939756844106353073e+00
1.333395452661172875e+00,-1.527052674550502864e+01,1.939905385964241891e+00
1.321226594803635912e+00,-1.525430176571211227e+01,1.939905327521575629e+00
1.301163100268798667e+00,-1.521715114402420177e+01,1.940057177647221964e+00
1.292075407901950967e+00,-1.519431694675262889e+01,1.940057112298407827e+00
1.278120579260182854e+00,-1.515890477408067838e+01,1.940057272793950460e+00
1.264130288908266619e+00,-1.512368996990169556e+01,1.940057434148309001e+00
1.255048916254760449e+00,-1.510365329903423337e+01,1.940057430873545208e+00
1.238574460551080225e+00,-1.505694719173956742e+01,1.940209511884758209e+00
1.218747824892490561e+00,-1.500256185967566225e+01,1.940209791245795845e+00
1.205027637974108501e+00,-1.498240806968935956e+01,1.940364939829262170e+00
1.192896639205732079e+00,-1.496720360119990900e+01,1.940364878630552070e+00
1.166256899868484354e+00,-1.491766203330208818e+01,1.940364325981243088e+00
1.157194306044644572e+00,-1.489387881485630949e+01,1.957364264075228233e+00
1.142351591954188672e+00,-1.485858841003639519e+01,1.957364441487929874e+00
1.130693247009443958e+00,-1.481858840580614434e+01,1.957364679029072629e+00
1.131229591594840045e+00,-1.479958839947941485e+01,1.957365033264411025e+00
1.109868312122863632e+00,-1.476437548750400452e+01,1.957364968159310381e+00
1.095087951444664531e+00,-1.472437548538933605e+01,1.957365085793086878e+00
1.070516267017606049e+00,-1.467753873108081564e+01,1.957364726988006565e+00
1.054977967886056245e+00,-1.465067860799669575e+01,1.957364371375639900e+00
1.030353942082596230e+00,-1.461241143698350875e+01,1.957522346772321065e+00
1.018006322162128052e+00,-1.458171418167724021e+01,1.957522084634572002e+00
9.882900638683460581e-01,-1.454271418898941270e+01,1.957361908707901055e+00
9.733547588711827236e-01,-1.450791630397098331e+01,1.957362077295456970e+00
9.610519692118574264e-01,-1.448496770608628381e+01,1.957361903834348160e+00
9.463817878918303617e-01,-1.444987313251317396e+01,1.957362076654136862e+00
9.226792491668361906e-01,-1.439082091305723310e+01,1.957362199366460054e+00
9.085574820361244086e-01,-1.436677242855115288e+01,1.957527342289684169e+00
9.062503975935873868e-01,-1.434671246696590252e+01,1.957527611272806611e+00
8.882587797489733816e-01,-1.431260152504007266e+01,1.957527658070275844e+00
8.785588138210462805e-01,-1.427969753236170725e+01,1.957525895404210514e+00
8.658984790741481863e-01,-1.423759623738605562e+01,1.957692873713403392e+00
8.521870626304891561e-01,-1.419650017786562834e+01,1.957692989724310939e+00
8.517172778533227406e-01,-1.416960721161675529e+01,1.957859226758168480e+00
8.336428578975531023e-01,-1.414050062813163855e+01,1.975859269620237946e+00
8.245169659526787598e-01,-1.412345883384394973e+01,1.976025216923354977e+00
7.759791936969698822e-01,-1.402945879117338635e+01,1.976025082729065963e+00
7.599520237289603131e-01,-1.402022454062792534e+01,1.975856454413722929e+00
7.384697794093154632e-01,-1.397418183132829483e+01,1.975856326750053737e+00
7.177820154883414183e-01,-1.396314562230171319e+01,1.975855927303729054e+00
7.132378366621306975e-01,-1.394012500544160105e+01,1.976194079406479398e+00
7.127288855432241110e-01,-1.394095442756241354e+01,1.976194157085890968e+00
6.936026313418762745e-01,-1.390883744580269443e+01,1.958364785707782607e+00
6.756026313405527617e-01,-1.387283434003308713e+01,1.958193460446004952e+00
6.485084139009213988e-01,-1.380658525253111968e+01,1.958193509299726909e+00
6.466260473207937620e-01,-1.379166943595406458e+01,1.958193737216167296e+00
6.429494740268931752e-01,-1.377266949584160294e+01,1.958019424586270762e+00
6.338698002286057287e-01,-1.374751574692969136e+01,1.957845672404277648e+00
6.168698002275050385e-01,-1.370740262447197644e+01,1.957845710766296765e+00
5.961912252051734251e-01,-1.368053491528784527e+01,1.958021671385884455e+00
5.917844361409762000e-01,-1.365852914325838086e+01,1.976021856901740925e+00
5.774304730269617103e-01,-1.361944344958885011e+01,1.976196923437018471e+00
5.767243898024798643e-01,-1.359935606562936172e+01,1.976021514286382397e+00
5.568852400659638491e-01,-1.356129342104883939e+01,1.976022234541986000e+00
5.350897141867242413e-01,-1.352429338048909102e+01,1.976022081467375902e+00
5.192921382938933128e-01,-1.349116415727330853e+01,1.993515065748126425e+00
5.101331006147310498e-01,-1.347622411357278871e+01,1.993514972278563002e+00
4.948650191550517663e-01,-1.344229731098342207e+01,1.993515046100867716e+00
4.777176856550767736e-01,-1.340014646018575917e+01,1.993336580118693302e+00
4.724351641628152243e-01,-1.338530157635895534e+01,1.993336662926541214e+00
4.534351641627836216e-01,-1.335135577475400481e+01,1.993336577539325027e+00
4.396269886112633141e-01,-1.332819128218956273e+01,1.993336492343938060e+00
4.195199912791117702e-01,-1.329432432174234968e+01,1.993336401022980597e+00
3.995199912790212693e-01,-1.325632432173370034e+01,1.993336401014857984e+00
3.805199912790158123e-01,-1.321404090261724384e+01,1.993336490104647529e+00
3.724196666394589683e-01,-1.319910387869380486e+01,1.993519317254382583e+00
3.610112478825417970e-01,-1.316110395405331523e+01,1.993517346105224464e+00
3.409215635153965418e-01,-1.311894200928123055e+01,1.993517428863432306e+00
3.309215635160853708e-01,-1.309994200927758357e+01,1.993517428864834073e+00
3.109215635158761870e-01,-1.306607848801357008e+01,1.993517344148291404e+00
2.931345956576195122e-01,-1.306159280376564347e+01,1.993700786255935942e+00
2.652649718097558895e-01,-1.302780931891992999e+01,1.993700429619508885e+00
2.471982267242739117e-01,-1.298766350342857301e+01,1.994071332679739239e+00
2.231559377933033106e-01,-1.294544293481322228e+01,2.011071327867684388e+00
2.031559377930989285e-01,-1.290532050203431425e+01,2.011259775623173596e+00
1.931559377927669630e-01,-1.289058066671537084e+01,2.011259649587929133e+00
1.672677127320628399e-01,-1.284410389546353670e+01,2.011070580860064183e+00
1.510712959267043187e-01,-1.280402750878766405e+01,2.011258194593489534e+00
1.370276180115944098e-01,-1.278922342656647793e+01,2.011257958186039030e+00
1.170276180114910858e-01,-1.275110289999218338e+01,2.011257962089984197e+00
1.070276180113864939e-01,-1.273643925292163637e+01,2.011257821927241007e+00
9.588419154747856998e-02,-1.269935370882227410e+01,2.011258015762198426e+00
7.176125652407774891e-02,-1.265704250978778767e+01,2.011258054556380515e+00
5.167840008601062157e-02,-1.261679411107849447e+01,2.011448520957577646e+00
2.167840008598886925e-02,-1.254265654832535759e+01,2.011449123498000091e+00
-2.329064092625078228e-03,-1.250672302728094287e+01,2.011641876449739019e+00
-6.323660345984022726e-03,-1.248772308062365965e+01,2.011449852247823245e+00
-2.835557265807512814e-02,-1.244966638259473335e+01,2.011255083203938199e+00
-3.434307245137551562e-02,-1.242636398314900248e+01,2.011255312846994325e+00
-5.036337412951934905e-02,-1.239572624075097629e+01,2.011061035535564478e+00
-7.448165245497231912e-02,-1.235344708222760346e+01,2.011061060463525951e+00
-9.066221818426065115e-02,-1.230695920841324842e+01,2.011061386506928450e+00
-1.045433644307384169e-01,-1.226890263697321082e+01,2.011256712345879549e+00
-1.186851843722726146e-01,-1.224123375883601561e+01,2.011256873682742086e+00
-1.449945140437168822e-01,-1.220110673226211162e+01,2.011254718151136878e+00
-1.468252257526521387e-01,-1.217337993666204987e+01,2.011255117527705139e+00
-1.710946341631656431e-01,-1.213952380208270831e+01,1.994648146010985501e+00
-1.822126654545156987e-01,-1.212355678803334058e+01,1.995042383627875893e+00
-2.053778490939867918e-01,-1.207779637547290186e+01,1.995042673325529314e+00
-2.233435786121276134e-01,-1.203753782453479815e+01,1.995040624352286240e+00
-2.424224205337810467e-01,-1.198432259251847043e+01,1.994840502486830092e+00
-2.708549978105817546e-01,-1.194627008557326775e+01,1.994840460605957100e+00
-2.819651319545401491e-01,-1.193162323861317731e+01,1.994638408045385614e+00
-3.019651319541480916e-01,-1.190458156514859134e+01,1.994437428072121765e+00
-3.109651319541626435e-01,-1.188118989848360663e+01,1.994437602894315820e+00
-3.259634970037326163e-01,-1.184754795035284936e+01,1.994437436944497932e+00
-3.445412498873127172e-01,-1.183503935098165627e+01,1.994235093167080475e+00
-3.645412498874520679e-01,-1.178826487634772846e+01,1.994235410638478756e+00
-3.856696583037914072e-01,-1.174799671806029444e+01,1.993827367865777633e+00
-4.057685355814442674e-01,-1.171878820567549617e+01,1.993827022670277227e+00
-4.158231947620594782e-01,-1.169314522264131462e+01,1.993621820842659265e+00
-4.391669436477713129e-01,-1.165948306830889791e+01,1.993621644238477097e+00
-4.625056441605089885e-01,-1.161931188472314780e+01,1.993825365493967716e+00
-4.859096236808606029e-01,-1.158669811820303153e+01,1.993825173348206192e+00
-4.992768804683641037e-01,-1.156763806451467325e+01,1.993825183226176634e+00
-5.064379670210760187e-01,-1.152414691317348705e+01,1.993825365340682554e+00
-5.069287665467608894e-01,-1.150289532040392793e+01,1.994031664658016512e+00
-5.312652430174696905e-01,-1.147596883618509800e+01,1.994238796168791739e+00
-5.547350340670624824e-01,-1.142906611012798201e+01,1.994239202502359198e+00
-5.782005935095291260e-01,-1.139544720826958546e+01,1.994239013763118074e+00
-5.928664258911733320e-01,-1.137082403995468560e+01,1.994238410346151902e+00
-6.172680573420258332e-01,-1.133056430567220652e+01,1.994447700261750001e+00
-6.219204951808325887e-01,-1.130705757642804166e+01,1.994447878214246295e+00
-6.298283281352710095e-01,-1.128808651008908548e+01,1.994238629065907320e+00
-6.487100874155129482e-01,-1.126231345472544376e+01,1.994025996316340477e+00
-6.766069008619852720e-01,-1.121310202172955250e+01,1.994237097764364197e+00
-7.045824009882393213e-01,-1.117062625378604324e+01,1.993813071924652292e+00
-7.235824009862881212e-01,-1.113705063788922978e+01,1.993812863533314106e+00
-7.247282896026163712e-01,-1.113155698138867855e+01,1.993812066413419792e+00
-7.504420748143936226e-01,-1.107895618324568332e+01,1.993598893577160691e+00
-7.704639911472691560e-01,-1.104096254078446293e+01,1.993598893753306678e+00
-7.984743345234254219e-01,-1.100521029671298479e+01,1.993384202250596315e+00
-8.233204161747190719e-01,-1.095021032611982292e+01,1.993595832872375739e+00
-8.423204161726971506e-01,-1.091222510451482641e+01,1.994021911806143299e+00
-8.423689919611864196e-01,-1.091225711283520461e+01,1.993592675889553911e+00
-8.479377579006837085e-01,-1.088438522248623919e+01,1.993591956690994094e+00
-8.749875652181871022e-01,-1.084616211206965275e+01,2.010373919617358229e+00
-8.761029371723358938e-01,-1.081683289141077609e+01,2.010588594136016649e+00
-9.018575995643475229e-01,-1.076512338396483059e+01,2.010586193588423498e+00
-9.154362230271125833e-01,-1.075165930917995816e+01,2.010586112708289352e+00
-9.354362230283186364e-01,-1.070296100654940119e+01,2.028586828717731549e+00
-9.623533093342733213e-01,-1.066926170969533416e+01,2.028151628255659311e+00
-9.792044767420907680e-01,-1.065812201752883048e+01,2.028152159409474464e+00
-9.992300382455745478e-01,-1.063124833307501582e+01,2.028151686964771105e+00
-1.019304724567486442e+00,-1.059161994562969511e+01,2.045149481724521490e+00
-1.022443162258749982e+00,-1.057820230354764668e+01,2.045365874237381032e+00
-1.042443162255949574e+00,-1.055705437668083491e+01,2.045365161060310299e+00
-1.057906185546830136e+00,-1.052661155608674726e+01,2.045364700476558717e+00
-1.066608114110722871e+00,-1.049940978531759583e+01,2.063583973682857398e+00
-1.088842281797986145e+00,-1.047817985232083871e+01,2.063361275455670274e+00
-1.107649287386358594e+00,-1.043497026977428099e+01,2.063140374851044623e+00
-1.125689841684972770e+00,-1.027344358276436687e+01,2.080809838026589809e+00
-1.146085662089920465e+00,-1.025644346468078361e+01,2.080810424720051177e+00
-1.161152468553003914e+00,-1.022244385335443795e+01,2.080141377149864912e+00
-1.176074331620959201e+00,-1.018844394159745903e+01,2.098362554862692964e+00
-1.202809843380791888e+00,-1.015444443205477221e+01,2.097916667357065279e+00
-1.204486473489986276e+00,-1.013692871338937884e+01,2.097916031734133657e+00
-1.229934239859014733e+00,-1.010192868323426296e+01,2.097691840938467944e+00
-1.263367718092547776e+00,-1.006631910712660627e+01,2.114243181359606094e+00
-1.295725939266670679e+00,-1.003231899270516436e+01,2.114243907412941326e+00
-1.317219096559167912e+00,-1.001531887706852686e+01,2.114244641087041909e+00
-1.346039027193652871e+00,-9.981318818582911589e+00,2.114245012153392000e+00
-1.381948293485983914e+00,-9.947318674639959113e+00,2.132019725534354038e+00
-1.405948293483561429e+00,-9.913318674636684591e+00,2.132019725532700249e+00
-1.417968706241294896e+00,-9.896318674388400183e+00,2.132017776631067285e+00
-1.429968706241197651e+00,-9.879318674382375320e+00,2.132017776626526029e+00
-1.453968706238811137e+00,-9.846422128386103978e+00,2.132017776827120681e+00
-1.487398252698072021e+00,-9.812422016573066230e+00,2.149018581371716419e+00
-1.511398252696380951e+00,-9.780371396884815383e+00,2.149018581182303045e+00
-1.528199368142742820e+00,-9.764371340371193142e+00,2.149018987752140841e+00
-1.540199368140747538e+00,-9.748374197566830546e+00,2.148552864981206678e+00
-1.560250863635258112e+00,-9.714340292596380877e+00,2.148552449048519275e+00
-1.586250863630084496e+00,-9.678208848312806367e+00,2.167466964501734594e+00
-1.612250863632652909e+00,-9.642028644211999122e+00,2.168376569200241910e+00
-1.625250863631663378e+00,-9.624471269213636049e+00,2.168147239702479467e+00
-1.651250863630593813e+00,-9.590434526099922863e+00,2.168147231117693696e+00
-1.692646612526558458e+00,-9.540019764224242138e+00,2.167206516349400314e+00
-1.705646612521377392e+00,-9.541892136241791889e+00,2.144555952546844058e+00
-1.718646612521297357e+00,-9.524851102605786934e+00,2.144554707962013307e+00
-1.768646612522388750e+00,-9.455790316807968665e+00,2.144262245269187073e+00
-1.775632986923847634e+00,-9.440407590053503384e+00,2.144482228347134090e+00
-1.799632986923825229e+00,-9.408407590039132629e+00,2.144482228348351782e+00
-1.811632986923541466e+00,-9.391730080404432357e+00,2.144260010900230107e+00
-1.835632986922064447e+00,-9.359380717274305539e+00,2.126481480205927088e+00
-1.847632986923599674e+00,-9.342727694710786679e+00,2.126262469042397907e+00
-1.883632986921838892e+00,-9.293727694708650233e+00,2.126262469044377212e+00
-1.890539508862483009e+00,-9.277727751042712967e+00,2.126262080234619933e+00
-1.914539508856250905e+00,-9.245405941391670268e+00,2.109074451307112241e+00
-1.926539508852329163e+00,-9.229405941376171540e+00,2.109074451303968090e+00
-1.939324909033846911e+00,-9.195693428516467094e+00,2.109263931109717660e+00
-1.968184636251033126e+00,-9.161693375497440783e+00,2.109264296914313608e+00
-1.979184636251375196e+00,-9.144693375503265997e+00,2.091264296910594567e+00
-2.008036524600978812e+00,-9.109193004822241591e+00,2.091235010487282331e+00
-2.019036524601688143e+00,-9.093676690465050783e+00,2.091263621372284387e+00
-2.035873713650395267e+00,-9.059664213844044411e+00,2.074263002124056232e+00
-2.068873713646098622e+00,-9.007127305046878973e+00,2.074234733475821990e+00
-2.079873713642882649e+00,-8.988566292872215868e+00,2.074206669633988920e+00
-2.099320724027052609e+00,-8.955342927346022108e+00,2.056223074611916779e+00
-2.115241502219272984e+00,-8.938342875105050211e+00,2.056223449608462595e+00
-2.137241502216056688e+00,-8.902751844292659200e+00,2.056196645871199102e+00
-2.148241502214659704e+00,-8.885546984863493591e+00,2.055997999854318525e+00
-2.165038032894393005e+00,-8.851547039534510830e+00,2.038997607299302128e+00
-2.169826228348965547e+00,-8.834355738616087805e+00,2.038795937861757945e+00
-2.200826228347068536e+00,-8.783176149241050723e+00,2.021019418109589072e+00
-2.220826228347505094e+00,-8.746504263930756196e+00,2.020994021032672450e+00
-2.230826228345904383e+00,-8.726742691503812210e+00,2.020967764036885495e+00
-2.235586565100571743e+00,-8.710582049920464698e+00,2.021194186098933532e+00
-2.255586565097473795e+00,-8.674715953822641268e+00,2.004397804587413123e+00
-2.275586565092453384e+00,-8.637835106006404473e+00,2.004600572971631411e+00
-2.285586565094490652e+00,-8.619824292010216382e+00,2.004603076112155602e+00
-2.305586565091289231e+00,-8.583824291992641520e+00,1.986603076113169664e+00
-2.314586565089484793e+00,-8.565813606652751488e+00,1.986602932532069543e+00
-2.336132274628321071e+00,-8.533352542170741017e+00,1.986865833938961545e+00
-2.351513786782531312e+00,-8.495534573859076843e+00,1.969627800942352236e+00
-2.378513786779876682e+00,-8.438762191134632218e+00,1.969810017825949666e+00
-2.387513786776253255e+00,-8.421693371956491703e+00,1.970039954170984542e+00
-2.405513786770825391e+00,-8.383826301036194195e+00,1.953016821198826802e+00
-2.409184150282311254e+00,-8.363024676294518400e+00,1.953200723279939099e+00
-2.427184150279572350e+00,-8.326024676272936631e+00,1.953200723275131168e+00
-2.436184150277767912e+00,-8.311800559401625321e+00,1.953245445628698951e+00
-2.456263834042407446e+00,-8.278839149570822897e+00,1.918014645898048265e+00
-2.479263834035009495e+00,-8.222902813931078470e+00,1.899990353782319730e+00
-2.495263834027355188e+00,-8.182964808884030106e+00,1.917968398152238851e+00
-2.503263834027166013e+00,-8.160024969388548044e+00,1.917924392380785381e+00
-2.511263834019700880e+00,-8.139057944135242195e+00,1.918345097919223585e+00
-2.527263834017503541e+00,-8.103057944132160628e+00,1.918345097918063402e+00
-2.548396953625309269e+00,-8.065022845136120111e+00,1.918345079675616072e+00
-2.556396953621515422e+00,-8.044011961432950386e+00,1.918090936355306475e+00
-2.572396953615680104e+00,-8.005004887201470964e+00,1.918303294373477907e+00
-2.580396953615490929e+00,-7.984990936116401983e+00,1.918069499736588135e+00
-2.596396953607836622e+00,-7.947983360274879949e+00,1.934622263519358176e+00
-2.630396953605668386e+00,-7.871932094643759648e+00,1.934602846552743616e+00
-2.648396953605697490e+00,-7.835984616501066036e+00,1.952838102729795189e+00
-2.657396953607531032e+00,-7.820102558600961373e+00,1.952644259463382603e+00
-2.675396953600284178e+00,-7.783121876995631183e+00,1.952644446990369431e+00
-2.684396953594841762e+00,-7.769346774955766755e+00,1.952920237677778781e+00
-2.702396953591232887e+00,-7.731346774959092727e+00,1.952920237675698445e+00
-2.711396953585790470e+00,-7.713422331517490349e+00,1.953156165084582563e+00
-2.738396953576739179e+00,-7.656436809673572874e+00,1.953156007277217387e+00
-2.748396953575138468e+00,-7.638501264363421583e+00,1.953392772944148925e+00
-2.766396953576986562e+00,-7.594029465404639190e+00,1.953334194560309767e+00
-2.775396953577001113e+00,-7.575048370909983397e+00,1.953334363748081337e+00
-2.794396953571776976e+00,-7.532714221069873872e+00,1.953296009025923485e+00
-2.812396953568168101e+00,-7.494717414504307840e+00,1.969838665092172869e+00
-2.821396953564544674e+00,-7.480156107999109238e+00,1.969877087120621262e+00
-2.840396953564777505e+00,-7.445507759046035012e+00,1.969675570306016477e+00
-2.850396953564995783e+00,-7.427645000033250788e+00,1.969455947837792875e+00
-2.868396953559567919e+00,-7.387417620899880077e+00,1.969437279277019837e+00
-2.888396953560004476e+00,-7.346041650960835057e+00,1.969641773566356724e+00
-2.907396953556599328e+00,-7.301271780510223408e+00,1.969586159631699696e+00
-2.926396953555013170e+00,-7.257558862533783461e+00,1.969305680932246450e+00
-2.936396953557050438e+00,-7.240864144870621466e+00,1.969786986547294338e+00
-2.955396953551826300e+00,-7.231385928465025259e+00,1.969553925774285119e+00
-2.965396953552044579e+00,-7.212619189805892006e+00,1.970019618550905127e+00
-2.983396953546616714e+00,-7.174619189789154916e+00,1.970019618549940787e+00
-2.993396953546834993e+00,-7.155619189783465117e+00,1.969550121956448185e+00
-3.022396953543648124e+00,-7.098082246913635984e+00,1.969550120092130152e+00
-3.032396953540228424e+00,-7.079082246906182263e+00,1.969550120088115364e+00
-3.051396953535004286e+00,-7.041082246898440644e+00,1.969550120085386880e+00
-3.071396953528164886e+00,-7.003082246890699025e+00,1.969550120082658395e+00
-3.081396953524745186e+00,-6.984082246885009226e+00,1.969550120081294153e+00
-3.100396953524978017e+00,-6.946082246879086597e+00,1.969550120079929911e+00
-3.110396953517920338e+00,-6.927082246869758819e+00,1.969550120079020417e+00
-3.129396953512696200e+00,-6.889082246862017200e+00,1.969550120076746680e+00
-3.138396953512710752e+00,-6.870082246859965380e+00,1.969550120074927690e+00
-3.158396953511328320e+00,-6.832082246855861740e+00,1.969550120073108701e+00
-3.177396953504285193e+00,-6.794082246844482142e+00,1.969550120072653954e+00
-3.197396953502902761e+00,-6.756082246836740524e+00,1.969550120071289712e+00
-3.216396953506773571e+00,-6.718082246830817894e+00,1.969550120070834964e+00
-3.226396953506991849e+00,-6.699082246825128095e+00,1.969550120065377996e+00
-3.245396953499948722e+00,-6.661082246813748498e+00,1.969550120064013754e+00
-3.255396953500167001e+00,-6.642082246800782741e+00,1.969550120063104259e+00
-3.274396953494942863e+00,-6.604082246793041122e+00,1.969550120062649512e+00
-3.284396953491523163e+00,-6.585082246794627281e+00,1.969550120061740017e+00
-3.313396953490155283e+00,-6.528082246788471821e+00,1.969550120060375775e+00
-3.322396953484712867e+00,-6.509082246786420001e+00,1.969550120057647291e+00
-3.332396953483112156e+00,-6.490082246782549191e+00,1.969550120057192544e+00
-3.371396953478324576e+00,-6.414082246774341911e+00,1.969550120051735576e+00
-3.390396953474919428e+00,-6.376082246779333218e+00,1.969550120050826081e+00
-3.409396953473333269e+00,-6.338082246769772610e+00,1.969550120050826081e+00
-3.419396953469913569e+00,-6.319082246758625843e+00,1.969550120049007091e+00
-3.429396953466493869e+00,-6.300082246752936044e+00,1.969550120049461839e+00
-3.448396953459450742e+00,-6.262082246734280488e+00,1.969550120048097597e+00
-3.467396953456045594e+00,-6.224082246722900891e+00,1.969550120048552344e+00
-3.486396953450821456e+00,-6.186082246715159272e+00,1.969550120044459618e+00
-3.496396953452858725e+00,-6.167082246704012505e+00,1.969550120044914365e+00
-3.516396953451476293e+00,-6.129082246698089875e+00,1.969550120041731134e+00
-3.535396953448071145e+00,-6.091082246690348256e+00,1.969550120041731134e+00
-3.554396953446484986e+00,-6.053082246688063606e+00,1.969550120039912144e+00
-3.564396953450341243e+00,-6.034082246678735828e+00,1.969550120039457397e+00
-3.583396953445117106e+00,-5.996082246672813199e+00,1.969550120036728913e+00
-3.602396953438073979e+00,-5.958082246675985516e+00,1.969550120036728913e+00
-3.612396953440111247e+00,-5.939082246664838749e+00,1.969550120035819418e+00
-3.632396953440547804e+00,-5.900082246664169361e+00,1.969550120035364671e+00
-3.642396953435309115e+00,-5.881082246656660573e+00,1.969550120031726692e+00
-3.661396953433722956e+00,-5.843082246645280975e+00,1.969550120030362450e+00
-3.671396953433941235e+00,-5.824082246646867134e+00,1.969550120027179219e+00
-3.699396953434188617e+00,-5.767082246646168642e+00,1.969550120026269724e+00
-3.708396953434203169e+00,-5.749082246644320549e+00,1.969550120023086492e+00
-3.726396953436051263e+00,-5.713082246629710426e+00,1.969550120020358008e+00
-3.735396953428789857e+00,-5.695082246613310417e+00,1.969550120018539019e+00
-3.754396953430841677e+00,-5.659082246609614231e+00,1.986550120018364396e+00
-3.773396953427436529e+00,-5.622082246605714317e+00,1.986550120016545407e+00
-3.783396953418559860e+00,-5.603082246610938455e+00,1.986550120016545407e+00
-3.803396953420815407e+00,-5.565082246601377847e+00,1.986550120015635912e+00
-3.823396953412157018e+00,-5.527082246595455217e+00,1.986550120015635912e+00
-3.843396953408955596e+00,-5.489082246585894609e+00,1.986550120015635912e+00
-3.853396953392802970e+00,-5.470082246574747842e+00,1.986550120014726417e+00
-3.873396953391420539e+00,-5.432082246581558138e+00,1.986550120009269449e+00
-3.893396953391857096e+00,-5.395082246572201257e+00,1.986550120008359954e+00
-3.903396953390256385e+00,-5.376082246568330447e+00,1.986550120007450460e+00
-3.923396953387054964e+00,-5.338082246569683775e+00,1.986550120005631470e+00
-3.933396953385454253e+00,-5.319082246567631955e+00,1.986550120007450460e+00
-3.953396953387709800e+00,-5.281082246554433368e+00,1.986550120005631470e+00
-3.963396953386109089e+00,-5.262082246546924580e+00,1.986550120006540965e+00
-3.993396953381306957e+00,-5.205082246546226088e+00,1.986550120007450460e+00
-4.003396953376068268e+00,-5.186082246545993257e+00,1.986550120003812481e+00
-4.013396953378105536e+00,-5.167082246540303458e+00,1.986550120003812481e+00
-4.033396953371266136e+00,-5.130082246530946577e+00,1.986550120000174502e+00
-4.053396953360788757e+00,-5.092082246521385969e+00,1.986550119996536523e+00
-4.064396953366667731e+00,-5.073082246515696170e+00,1.986550119996536523e+00
-4.094396953376417514e+00,-5.016082246511359699e+00,1.986550119998355513e+00
-4.114396953373216093e+00,-4.978082246499980101e+00,1.986550120000174502e+00
-4.134396953370014671e+00,-4.940082246494057472e+00,1.986550119997446018e+00
-4.154396953363175271e+00,-4.903082246490157559e+00,1.986550119998355513e+00
-4.164396953365212539e+00,-4.884082246488105739e+00,1.986550119997446018e+00
-4.194396953360410407e+00,-4.827082246487407247e+00,1.986550119996536523e+00
-4.204396953355171718e+00,-4.808082246479898458e+00,1.986550119997446018e+00
-4.214396953353571007e+00,-4.789082246474208659e+00,1.986550119998355513e+00
-4.234396953354007564e+00,-4.751082246468286030e+00,1.986550119999265007e+00
-4.244396953352406854e+00,-4.732082246455320274e+00,1.986550119999265007e+00
-4.264396953352843411e+00,-4.694082246454854612e+00,1.986550119997446018e+00
-4.294396953340765322e+00,-4.637082246448699152e+00,1.986550119992898544e+00
-4.304396953335526632e+00,-4.618082246448466321e+00,1.986550119991989050e+00
-4.324396953328687232e+00,-4.580082246440724703e+00,1.986550119994717534e+00
-4.334396953330724500e+00,-4.561082246433215914e+00,1.986550119991989050e+00
-4.354396953327523079e+00,-4.523082246432750253e+00,1.986550119993808039e+00
-4.374396953320683679e+00,-4.485082246434103581e+00,1.986550119989260565e+00
-4.384396953319082968e+00,-4.466082246432051761e+00,1.986550119985622587e+00
-4.404396953315881547e+00,-4.428082246426129132e+00,1.986550119986532081e+00
-4.414396953299728921e+00,-4.409082246424077312e+00,1.986550119982894103e+00
-4.434396953285613563e+00,-4.371082246425430640e+00,1.986550119979256124e+00
-4.454396953278774163e+00,-4.333082246428602957e+00,1.986550119976527640e+00
-4.474396953268296784e+00,-4.295082246417223359e+00,1.986550119971980166e+00
-4.494396953257819405e+00,-4.257082246414938709e+00,1.986550119971980166e+00
-4.504396953248942737e+00,-4.238082246409248910e+00,1.986550119965613703e+00
-4.524396953238465358e+00,-4.200082246406964259e+00,1.986550119965613703e+00
-4.534396953236864647e+00,-4.181082246406731429e+00,1.986550119961975724e+00
-4.554396953233663226e+00,-4.144082246395555558e+00,1.986550119960156735e+00
-4.564396953228424536e+00,-4.125082246395322727e+00,1.986550119960156735e+00
-4.594396953209070489e+00,-4.068082246392805246e+00,1.986550119959247240e+00
-4.604396953214745736e+00,-4.049082246387115447e+00,1.986550119958337746e+00
-4.624396953207906336e+00,-4.011082246383011807e+00,1.986550119956518756e+00
-4.634396953202667646e+00,-3.993082246377525735e+00,1.986550119951061788e+00
-4.654396953203104204e+00,-3.956082246371806832e+00,2.004550119950181397e+00
-4.674396953196264803e+00,-3.918082246368612687e+00,2.004550119946543418e+00
-4.684396953187388135e+00,-3.899082246363832382e+00,2.004550119943814934e+00
-4.704396953184186714e+00,-3.862082246365389437e+00,2.004550119942905440e+00
-4.714396953178948024e+00,-3.843082246353333176e+00,2.004550119940176955e+00
-4.734396953172108624e+00,-3.805082246349229536e+00,2.004550119932900998e+00
-4.754396953176183160e+00,-3.767082246344216401e+00,1.986550119931052905e+00
-4.774396953172981739e+00,-3.730082246338497498e+00,1.986550119927414926e+00
-4.794396953169780318e+00,-3.692082246333484363e+00,1.986550119927414926e+00
-4.804396953168179607e+00,-3.673082246333251533e+00,1.986550119924686442e+00
-4.824396953164978186e+00,-3.636082246324804146e+00,1.986550119925595936e+00
-4.834396953163377475e+00,-3.617082246321842831e+00,1.986550119924686442e+00
-4.854396953156538075e+00,-3.579082246315920202e+00,2.004550119927444030e+00
-4.864396953147661407e+00,-3.560082246310230403e+00,1.986550119923776947e+00
-4.904396953141258564e+00,-3.485082246310412302e+00,1.986550119920138968e+00
-4.914396953139657853e+00,-3.467082246304926230e+00,1.986550119916500989e+00
-4.934396953140094411e+00,-3.429082246301732084e+00,1.986550119913772505e+00
-4.954396953133255010e+00,-3.391082246300356928e+00,1.986550119911953516e+00
-4.974396953122777632e+00,-3.353082246297162783e+00,1.986550119909225032e+00
-4.984396953110262984e+00,-3.334082246296020458e+00,1.986550119904677558e+00
-5.004396953103423584e+00,-3.296082246291916817e+00,1.986550119901949074e+00
-5.014396953109098831e+00,-3.278082246286430745e+00,1.986550119901039579e+00
-5.034396953105897410e+00,-3.240082246281417611e+00,1.986550119901039579e+00
-5.054396953099058010e+00,-3.202082246278223465e+00,2.004550119902887673e+00
-5.064396953097457299e+00,-3.183082246266167203e+00,2.004550119897430704e+00
-5.084396953101531835e+00,-3.145082246269339521e+00,2.004550119895611715e+00
-5.104396953101968393e+00,-3.107082246269783354e+00,1.986550119894673117e+00
-5.124396953098766971e+00,-3.069082246262041735e+00,2.004550119892883231e+00
-5.134396953089890303e+00,-3.050082246258170926e+00,2.004550119892883231e+00
-5.154396953086688882e+00,-3.014082246258112718e+00,2.004550119893792726e+00
-5.164396953077812213e+00,-2.996082246250807657e+00,2.004550119894702220e+00
-5.184396953060058877e+00,-2.958082246250341996e+00,1.986550119895582611e+00
-5.190396953061281238e+00,-2.948082246251942706e+00,1.986550119891944632e+00
-5.198396953066549031e+00,-2.933082246250705793e+00,1.986550119893763622e+00
-5.217396953059505904e+00,-2.897082246248828596e+00,1.986550119891944632e+00
-5.235396953059535008e+00,-2.862082246241698158e+00,1.986550119891035138e+00
-5.254396953052491881e+00,-2.826082246239820961e+00,1.986550119887397159e+00
-5.274396953049290460e+00,-2.790082246240672248e+00,2.004550119887426263e+00
-5.284396953047689749e+00,-2.772082246231548197e+00,2.004550119886516768e+00
-5.304396953044488328e+00,-2.736082246234218474e+00,2.004550119883788284e+00
-5.314396953039249638e+00,-2.718082246226003917e+00,2.004550119885607273e+00
-5.334396953036048217e+00,-2.682082246222307731e+00,2.004550119887426263e+00
-5.344396953030809527e+00,-2.664082246220459638e+00,2.021550119887251640e+00
-5.364396953027608106e+00,-2.629082246218786167e+00,2.021550119883613661e+00
-5.374396953007817501e+00,-2.611082246217847569e+00,2.021550119883613661e+00
-5.394396953015530016e+00,-2.575082246215060877e+00,2.021550119878156693e+00
-5.426396953011135338e+00,-2.521082246212245082e+00,2.021550119876337703e+00
-5.437396953006100375e+00,-2.502082246213831240e+00,2.021550119876337703e+00
-5.459396953003306407e+00,-2.466082246210135054e+00,2.039550119872728828e+00
-5.470396952983719530e+00,-2.447082246207173739e+00,2.039550119868181355e+00
-5.503396952972252620e+00,-2.392082246204154217e+00,2.039550119864543376e+00
-5.514396952967217658e+00,-2.373082246200283407e+00,2.039550119863633881e+00
-5.525396952958544716e+00,-2.355082246201163798e+00,2.039550119859086408e+00
-5.547396952959388727e+00,-2.318082246200901864e+00,2.039550119859086408e+00
-5.580396952940645861e+00,-2.264082246199905057e+00,2.039550119857267418e+00
-5.591396952931972919e+00,-2.246082246197147470e+00,2.039550119857267418e+00
-5.602396952923299978e+00,-2.228082246194389882e+00,2.039550119857267418e+00
-5.624396952924143989e+00,-2.191082246192308958e+00,2.039550119854538934e+00
-5.635396952915471047e+00,-2.173082246185913391e+00,2.039550119849991461e+00
-5.657396952898125164e+00,-2.137082246186764678e+00,2.039550119849081966e+00
-5.679396952902607154e+00,-2.101082246182158997e+00,2.039550119848172471e+00
-5.712396952898416203e+00,-2.046082246178229980e+00,2.039550119845443987e+00
-5.723396952893381240e+00,-2.028082246175472392e+00,2.039550119843624998e+00
-5.745396952901501209e+00,-1.992082246170866711e+00,2.039550119840896514e+00
-5.778396952897310257e+00,-1.937082246171030420e+00,2.039550119837258535e+00
-5.789396952892275294e+00,-1.919082246169182326e+00,2.039550119837258535e+00
-5.811396952885843348e+00,-1.883082246168214624e+00,2.039550119833620556e+00
-5.820023890396059052e+00,-1.847082327048056305e+00,2.039549539104920761e+00
-5.817639906814076056e+00,-1.829082407834967006e+00,2.039548959019700014e+00
-5.819548143086806569e+00,-1.792082528881961734e+00,2.039548089883627124e+00
-5.823845409004839269e+00,-1.774082569184440406e+00,2.039547800492408136e+00
-5.819013498971522758e+00,-1.738082730219649985e+00,2.039546644243702467e+00
-5.858718981551473526e+00,-1.684082690048859021e+00,2.039546932644700661e+00
-5.866358334000211450e+00,-1.666082710138880874e+00,2.039254938501033454e+00
-5.877354152828650591e+00,-1.648082710164029407e+00,2.039254938327118793e+00
-5.892627634416985671e+00,-1.611082750224599014e+00,2.039254671509941996e+00
-5.910355798870168265e+00,-1.593082710227745391e+00,2.039254937877996721e+00
-5.932354596997722496e+00,-1.557082710231354028e+00,2.039254937833704595e+00
-5.961094814607505121e+00,-1.520082670315532347e+00,2.039255203667101224e+00
-5.978840971073362986e+00,-1.502082630441478051e+00,2.039255469232571283e+00
-5.994086356098523360e+00,-1.465082670287928712e+00,2.039255203832697649e+00
-6.040601687607622949e+00,-1.411082590703788275e+00,2.039255733859571595e+00
-6.051601687602669699e+00,-1.393082590703215828e+00,2.039255733861864428e+00
-6.062601687586720800e+00,-1.375082590703186725e+00,2.039255733860954933e+00
-6.084601687580288853e+00,-1.339082590704492759e+00,2.039255733861864428e+00
-6.106601687570218928e+00,-1.303082590704434551e+00,2.039255733861864428e+00
-6.117601687572459923e+00,-1.284082590701927984e+00,2.039255733860954933e+00
-6.128601687571062939e+00,-1.266082590701444133e+00,2.039255733857316955e+00
-6.150601687564630993e+00,-1.230082590699566936e+00,2.039255733854588470e+00
-6.161601687552320072e+00,-1.212082590697718842e+00,2.039255733854588470e+00
-6.183601687534974189e+00,-1.175082590696547413e+00,2.039255733852769481e+00
-6.216601687530783238e+00,-1.121082590696914849e+00,2.039255733849131502e+00
-6.227601687533024233e+00,-1.103082590695976251e+00,2.039255733847312513e+00
-6.249601687530230265e+00,-1.066082590695714316e+00,2.039255733845493523e+00
-6.260601687514281366e+00,-1.048082590695230465e+00,2.039255733847312513e+00
-6.282601687515125377e+00,-1.012082590693353268e+00,2.039255733846403018e+00
-6.304601687501417473e+00,-9.760825906921581918e-01,2.039255733840946050e+00
-6.315601687500020489e+00,-9.580825906925838353e-01,2.039255733838217566e+00
-6.337601687493588543e+00,-9.220825906932077487e-01,2.039255733837308071e+00
-6.359601687487156596e+00,-8.850825906936279353e-01,2.039255733836398576e+00
-6.381601687477086671e+00,-8.490825906928876066e-01,2.039255733835489082e+00
-6.392601687472051708e+00,-8.310825906919490080e-01,2.039255733836398576e+00
-6.414601687472895719e+00,-7.950825906925729214e-01,2.039255733835489082e+00
-6.436601687481015688e+00,-7.590825906918325927e-01,2.039255733834579587e+00
-6.447601687472342746e+00,-7.410825906911213679e-01,2.039255733832760598e+00
-6.458601687463669805e+00,-7.230825906913196377e-01,2.039255733831851103e+00
-6.480601687457237858e+00,-6.870825906914888037e-01,2.039255733835489082e+00
-6.491601687434013002e+00,-6.690825906916870736e-01,2.039255733839127060e+00
-6.547601687423593830e+00,-5.780825906913378276e-01,2.039255733833670092e+00
-6.558601687418558868e+00,-5.590825906906502496e-01,2.039255733830941608e+00
-6.580601687412126921e+00,-5.230825906905920419e-01,2.039255733827303629e+00
-6.591601687396178022e+00,-5.050825906903355644e-01,2.039255733825484640e+00
-6.613601687393384054e+00,-4.690825906897089226e-01,2.039255733822756156e+00
-6.635601687390590087e+00,-4.320825906886511802e-01,2.039255733824575145e+00
-6.646601687389193103e+00,-4.140825906875988949e-01,2.039255733824575145e+00
-6.668601687390037114e+00,-3.780825906865175057e-01,2.039255733822756156e+00
-6.679601687381364172e+00,-3.600825906868294624e-01,2.039255733819118177e+00
-6.701601687374932226e+00,-3.240825906865438810e-01,2.039255733816389693e+00
-6.723601687368500279e+00,-2.880825906865993602e-01,2.039255733817299188e+00
-6.745601687369344290e+00,-2.510825906863374257e-01,2.039255733817299188e+00
-6.767601687370188301e+00,-2.150825906863929049e-01,2.039255733819118177e+00
-6.778601687346963445e+00,-1.970825906865343313e-01,2.039255733816389693e+00
-6.800601687336893519e+00,-1.610825906861919066e-01,2.039255733810932725e+00
-6.811601687346410472e+00,-1.430825906860491159e-01,2.039255733807294746e+00
-6.833601687329064589e+00,-1.070825906861330168e-01,2.039255733800018788e+00
-6.844601687316753669e+00,-8.908259068627444321e-02,2.039255733800018788e+00
-6.877601687319838675e+00,-3.508259068620134258e-02,2.039255733803656767e+00
-6.888601687318441691e+00,-1.608259068622430732e-02,2.039255733804566262e+00
-6.910601687301095808e+00,1.991740931374863521e-02,2.039255733801837778e+00
-6.932601687301939819e+00,5.691740931368372003e-02,2.039255733798199799e+00
-6.954601687295507872e+00,9.291740931354297572e-02,2.039255733797290304e+00
-6.965601687297748867e+00,1.109174093133447059e-01,2.039255733795471315e+00
-6.976601687296351884e+00,1.289174093134306531e-01,2.039255733795471315e+00
-6.998601687282643979e+00,1.649174093131478003e-01,2.039255733794561820e+00
-7.009601687284884974e+00,1.829174093130063738e-01,2.039255733793652325e+00
-7.031601687282091007e+00,2.189174093130077381e-01,2.039255733791833336e+00
-7.053601687257469166e+00,2.549174093129522589e-01,2.039255733792742831e+00
-7.075601687247399241e+00,2.909174093126694061e-01,2.039255733790923841e+00
-7.097601687244605273e+00,3.269174093129549874e-01,2.039255733790014347e+00
-7.108601687235932332e+00,3.459174093127330707e-01,2.039255733781828894e+00
-7.130601687236776343e+00,3.819174093122228442e-01,2.039255733781828894e+00
-7.141601687217189465e+00,3.999174093122519480e-01,2.039255733782738389e+00
-7.163601687199843582e+00,4.359174093115143478e-01,2.039255733780009905e+00
-7.174601687191170640e+00,4.539174093115434516e-01,2.039255733779100410e+00
-7.207601687190617668e+00,5.079174093102665211e-01,2.039255733776371926e+00
-7.218601687178306747e+00,5.259174093087040092e-01,2.039255733772733947e+00
-7.229601687184185721e+00,5.439174093085057393e-01,2.039255733770005463e+00
-7.251601687185029732e+00,5.809174093085403001e-01,2.039255733765457990e+00
-7.273601687167683849e+00,6.179174093083474872e-01,2.039255733764548495e+00
-7.295601687164889881e+00,6.539174093084056949e-01,2.039255733765457990e+00
-7.317601687169371871e+00,6.909174093070760136e-01,2.039255733761820011e+00
-7.328601687157060951e+00,7.089174093059682491e-01,2.039255733759091527e+00
-7.339601687144750031e+00,7.269174093059973529e-01,2.039255733759091527e+00
-7.361601687134680105e+00,7.629174093051460659e-01,2.039255733755453548e+00
-7.383601687139162095e+00,7.989174093022484158e-01,2.039255733755453548e+00
-7.416601687127695186e+00,8.539174093004930910e-01,2.039255733755453548e+00
-7.438601687135815155e+00,8.899174092994144303e-01,2.039255733754544053e+00
-7.460601687125745229e+00,9.259174092990178906e-01,2.039255733754544053e+00
-7.482601687112037325e+00,9.619174092988487246e-01,2.039255733749996580e+00
-7.537601687112328364e+00,1.051917409296038386e+00,2.039255733750906074e+00
-7.548601687118207337e+00,1.070917409297635459e+00,2.039255733744539612e+00
-7.559601687109534396e+00,1.088917409296755068e+00,2.039255733742720622e+00
-7.581601687099464471e+00,1.124917409296358528e+00,2.039255733739082643e+00
-7.603601687093032524e+00,1.161917409294801473e+00,2.039255733737263654e+00
-7.625601687090238556e+00,1.197917409292585944e+00,2.039255733729987696e+00
-7.636601687070651678e+00,1.215917409291250806e+00,2.039255733729078202e+00
-7.658601687067857711e+00,1.251917409289490024e+00,2.039255733728168707e+00
-7.669601687062822748e+00,1.269917409288609633e+00,2.039255733726349717e+00
-7.691601687056390801e+00,1.306917409289326315e+00,2.039255733722711739e+00
-7.702601687051355839e+00,1.324917409289355419e+00,2.039255733718164265e+00
-7.724601687052199850e+00,1.360917409291232616e+00,2.039255733717254770e+00
-7.735601687043526908e+00,1.378917409288987983e+00,2.039255733715435781e+00
-7.757601687044370919e+00,1.414917409288136696e+00,2.039255733711797802e+00
-7.779601687030663015e+00,1.450917409284102177e+00,2.039255733709069318e+00
-7.800601687031303300e+00,1.484917409286026668e+00,2.039255733704521845e+00
-7.821601687021029647e+00,1.519917409282243170e+00,2.039255733704521845e+00
-7.831601687015790958e+00,1.537917409280908032e+00,2.039255733704521845e+00
-7.864601687007962028e+00,1.591917409278266859e+00,2.039255733705431339e+00
-7.875601687002927065e+00,1.609917409278295963e+00,2.039255733704521845e+00
-7.886601686986978166e+00,1.628917409276255057e+00,2.039255733705431339e+00
-7.897601686981943203e+00,1.647917409275123646e+00,2.039255733704521845e+00
-7.919601686990063172e+00,1.683917409272908117e+00,2.021255733699945267e+00
-7.941601687001821119e+00,1.720917409268167830e+00,2.021255733698126278e+00
-7.963601687006303109e+00,1.756917409266407049e+00,2.021255733699035773e+00
-7.974601687004906125e+00,1.774917409265071910e+00,2.021255733693578804e+00
-7.995601686998270452e+00,1.810917409261037392e+00,2.039255733692698414e+00
-8.017601686995476484e+00,1.846917409260186105e+00,2.021255733689031331e+00
-8.027601686982961837e+00,1.864917409260215209e+00,2.039255733684512961e+00
-8.048601686983602121e+00,1.899917409256886458e+00,2.039255733683603466e+00
-8.059601686974929180e+00,1.917917409255551320e+00,2.039255733680874982e+00
-8.080601686975569464e+00,1.951917409252928337e+00,2.039255733679965488e+00
-8.101601686983485706e+00,1.985917409249850607e+00,2.039255733679055993e+00
-8.144601686966780107e+00,2.054917409248446347e+00,2.056255733677062381e+00
-8.155601686943555251e+00,2.071917409242814756e+00,2.056255733677971875e+00
-8.177601686948037241e+00,2.106917409239031258e+00,2.056255733678881370e+00
-8.188601686939364299e+00,2.124917409235422383e+00,2.056255733675243391e+00
-8.210601686943846289e+00,2.160917409229114128e+00,2.056255733670695918e+00
-8.221601686957001220e+00,2.177917409227120515e+00,2.074255733669815527e+00
-8.244601686972600874e+00,2.212917409226974996e+00,2.074255733666177548e+00
-8.267601686959096696e+00,2.248917409222485730e+00,2.074255733667996537e+00
-8.291601686942158267e+00,2.284917409221634443e+00,2.074255733663449064e+00
-8.314601686957757920e+00,2.320917409218964167e+00,2.074255733663449064e+00
-8.326601686952926684e+00,2.338917409218083776e+00,2.074255733665268053e+00
-8.349601686953974422e+00,2.373917409216119268e+00,2.074255733664358559e+00
-8.361601686956419144e+00,2.391917409212510393e+00,2.074255733660720580e+00
-8.384601686957466882e+00,2.426917409211455379e+00,2.074255733658901590e+00
-8.396601686959911603e+00,2.444917409212393977e+00,2.074255733657992096e+00
-8.420601686942973174e+00,2.480917409212452185e+00,2.074255733655263612e+00
-8.444601686926034745e+00,2.516917409211600898e+00,2.074255733654354117e+00
-8.456601686928479467e+00,2.534917409207992023e+00,2.074255733649806643e+00
-8.480601686918816995e+00,2.569917409205118020e+00,2.074255733647987654e+00
-8.504601686916430481e+00,2.605917409199719259e+00,2.074255733644349675e+00
-8.528601686899492051e+00,2.641917409199777467e+00,2.074255733645259170e+00
-8.540601686887384858e+00,2.659917409197987581e+00,2.074255733644349675e+00
-8.564601686884998344e+00,2.695917409203502757e+00,2.074255733643440180e+00
-8.576601686887443066e+00,2.713917409198074893e+00,2.074255733642530686e+00
-8.600601686870504636e+00,2.749917409197223606e+00,2.074255733641621191e+00
-8.624601686882670037e+00,2.785917409200010297e+00,2.074255733640711696e+00
-8.636601686856010929e+00,2.803917409194582433e+00,2.091255733641446568e+00
-8.660601686853624415e+00,2.839917409193731146e+00,2.091255733635080105e+00
-8.684601686836685985e+00,2.875917409191060869e+00,2.091255733632351621e+00
-8.708601686805195641e+00,2.911917409187481098e+00,2.091255733628713642e+00
-8.720601686793088447e+00,2.929917409181143739e+00,2.091255733627804148e+00
-8.744601686783425976e+00,2.965917409182111442e+00,2.091255733624166169e+00
-8.756601686771318782e+00,2.983917409173955093e+00,2.091255733619618695e+00
-8.780601686754380353e+00,3.018917409169262100e+00,2.091255733620528190e+00
-8.804601686744717881e+00,3.054917409171139298e+00,2.091255733614161727e+00
-8.816601686732610688e+00,3.072917409169349412e+00,2.091255733610523748e+00
-8.840601686722948216e+00,3.108917409163950651e+00,2.091255733605066780e+00
-8.852601686739944853e+00,3.126917409164889250e+00,2.091255733602338296e+00
-8.876601686730282381e+00,3.162917409168585436e+00,2.091255733598700317e+00
-8.912601686730340589e+00,3.216917409159577801e+00,2.091255733596881328e+00
-8.924601686710957438e+00,3.234917409156878421e+00,2.091255733595062338e+00
-8.936601686713402160e+00,3.252917409156907524e+00,2.091255733589605370e+00
-8.960601686696463730e+00,3.288917409160603711e+00,2.091255733588695875e+00
-8.984601686679525301e+00,3.324917409157933434e+00,2.091255733586876886e+00
-8.996601686681970023e+00,3.342917409151596075e+00,2.091255733585967391e+00
-9.020601686686859466e+00,3.378917409152563778e+00,2.091255733581419918e+00
-9.056601686665089801e+00,3.432917409148103616e+00,2.091255733581419918e+00
-9.092601686657872051e+00,3.486917409144552948e+00,2.091255733578691434e+00
-9.104601686638488900e+00,3.504917409138215589e+00,2.091255733578691434e+00
-9.128601686621550471e+00,3.540917409135545313e+00,2.091255733575962950e+00
-9.140601686616719235e+00,3.558917409140121890e+00,2.091255733574143960e+00
-9.164601686607056763e+00,3.594917409139270603e+00,2.091255733567777497e+00
-9.176601686587673612e+00,3.611917409138186486e+00,2.091255733563230024e+00
-9.200601686578011140e+00,3.646917409135312482e+00,2.091255733557773056e+00
-9.212601686573179904e+00,3.664917409134432091e+00,2.091255733553225582e+00
-9.236601686578069348e+00,3.700917409132671310e+00,2.091255733551406593e+00
-9.260601686575682834e+00,3.736917409135458001e+00,2.091255733547768614e+00
-9.296601686561189126e+00,3.789917409131703607e+00,2.091255733545040130e+00
-9.308601686570909806e+00,3.806917409129709995e+00,2.091255733545040130e+00
-9.332601686553971376e+00,3.842917409130677697e+00,2.091255733545040130e+00
-9.344601686527312268e+00,3.860917409131616296e+00,2.091255733544130635e+00
-9.368601686524925753e+00,3.895917409127832798e+00,2.091255733536854677e+00
-9.380601686534646433e+00,3.913917409120585944e+00,2.091255733536854677e+00
-9.416601686534704641e+00,3.967917409121582750e+00,2.091255733533216699e+00
-9.440601686510490254e+00,4.002917409112342284e+00,2.091255733531397709e+00
-9.476601686488720588e+00,4.056917409112429596e+00,2.091255733525940741e+00
-9.488601686469337437e+00,4.074917409108820721e+00,2.091255733522302762e+00
-9.512601686481502838e+00,4.110917409105240949e+00,2.091255733520483773e+00
-9.524601686483947560e+00,4.128917409094356117e+00,2.091255733521393267e+00
-9.548601686481561046e+00,4.163917409097848576e+00,2.091255733520483773e+00
-9.560601686454901937e+00,4.181917409096058691e+00,2.091255733518664783e+00
-9.584601686437963508e+00,4.217917409096116899e+00,2.091255733515026805e+00
-9.596601686425856315e+00,4.235917409088870045e+00,2.091255733511388826e+00
-9.620601686416193843e+00,4.271917409076195327e+00,2.091255733510479331e+00
-9.644601686391979456e+00,4.307917409072615555e+00,2.091255733507750847e+00
-9.679601686388195958e+00,4.360917409061585204e+00,2.091255733507750847e+00
-9.691601686397916637e+00,4.377917409054134623e+00,2.091255733505022363e+00
-9.715601686388254166e+00,4.413917409057830810e+00,2.091255733505022363e+00
-9.738601686389301904e+00,4.448917409050409333e+00,2.091255733501384384e+00
-9.746601686369103845e+00,4.460917409047397086e+00,2.091255733501384384e+00
-9.751601686366484500e+00,4.467917409043366206e+00,2.074255733497921028e+00
-9.767601686333364341e+00,4.492917409041183419e+00,2.056255733496982430e+00
-9.778601686302863527e+00,4.510917409033936565e+00,2.056255733496072935e+00
-9.800601686285517644e+00,4.547917409021465573e+00,2.056255733492434956e+00
-9.833601686266774777e+00,4.601917409012457938e+00,2.056255733488796977e+00
-9.844601686250825878e+00,4.618917409015921294e+00,2.056255733491525461e+00
-9.867601686237321701e+00,4.656917409012748976e+00,2.039255733492609579e+00
-9.900601686225854792e+00,4.710917409007379320e+00,2.039255733489881095e+00
-9.911601686217181850e+00,4.728917409000132466e+00,2.039255733484424127e+00
-9.933601686207111925e+00,4.764917408994733705e+00,2.039255733484424127e+00
-9.955601686182490084e+00,4.800917408996610902e+00,2.039255733483514632e+00
-9.966601686188369058e+00,4.818917408991183038e+00,2.039255733482605137e+00
-9.988601686171023175e+00,4.854917408985784277e+00,2.039255733484424127e+00
-1.002260168617067393e+01,4.909917408982437337e+00,2.039255733486243116e+00
-1.003360168615472503e+01,4.927917408978828462e+00,2.039255733483514632e+00
-1.005560168614465510e+01,4.964917408966357470e+00,2.039255733484424127e+00
-1.006660168613598216e+01,4.982917408960929606e+00,2.039255733482605137e+00
-1.008860168613318820e+01,5.018917408953711856e+00,2.039255733479876653e+00
-1.011060168613039423e+01,5.055917408952154801e+00,2.039255733478967159e+00
-1.012160168611444533e+01,5.073917408941269969e+00,2.039255733475329180e+00
-1.014360168610437540e+01,5.109917408937690197e+00,2.039255733473510190e+00
-1.015460168611025438e+01,5.127917408932262333e+00,2.039255733475329180e+00
-1.018760168611333938e+01,5.182917408930734382e+00,2.039255733474419685e+00
-1.019860168609011453e+01,5.200917408921668539e+00,2.039255733471691201e+00
-1.022060168606549269e+01,5.237917408920111484e+00,2.039255733468962717e+00
-1.023260168603883358e+01,5.256917408918525325e+00,2.039255733466234233e+00
-1.025460168601421174e+01,5.293917408913330291e+00,2.039255733464415243e+00
-1.027660168601141777e+01,5.329917408911569510e+00,2.039255733465324738e+00
-1.028760168598819291e+01,5.347917408906141645e+00,2.039255733463505749e+00
-1.030960168596357107e+01,5.383917408891647938e+00,2.039255733465324738e+00
-1.032060168595489813e+01,5.401917408880763105e+00,2.039255733464415243e+00
-1.035360168592160335e+01,5.455917408877212438e+00,2.039255733458958275e+00
-1.036460168589837849e+01,5.473917408882698510e+00,2.039255733458048780e+00
-1.038660168587375665e+01,5.510917408886598423e+00,2.039255733454410802e+00
-1.039760168587235967e+01,5.528917408886627527e+00,2.039255733452591812e+00
-1.041960168584773783e+01,5.564917408888504724e+00,2.039255733450772823e+00
-1.043060168585361680e+01,5.583917408883280586e+00,2.039255733447134844e+00
-1.046360168586397776e+01,5.638917408872657688e+00,2.039255733440768381e+00
-1.048560168583207997e+01,5.674917408869077917e+00,2.039255733443496865e+00
-1.050760168582201004e+01,5.711917408860244905e+00,2.039255733442587371e+00
-1.054060168580326717e+01,5.765917408849418280e+00,2.039255733438949392e+00
-1.055160168580187019e+01,5.783917408854904352e+00,2.039255733441677876e+00
-1.057360168577724835e+01,5.820917408844252350e+00,2.039255733441677876e+00
-1.058460168576129945e+01,5.838917408838824485e+00,2.039255733441677876e+00
-1.060660168573667761e+01,5.874917408844339661e+00,2.039255733441677876e+00
-1.061760168571345275e+01,5.891917408845984028e+00,2.039255733442587371e+00
-1.063960168568155495e+01,5.926917408853114466e+00,2.056255733438774769e+00
-1.065060168565833010e+01,5.943917408847482875e+00,2.056255733434227295e+00
-1.067260168562643230e+01,5.978917408834604430e+00,2.056255733435136790e+00
-1.070560168563679326e+01,6.029917408826804603e+00,2.056255733435136790e+00
-1.071660168560629245e+01,6.046917408822992002e+00,2.056255733434227295e+00
-1.073860168558894657e+01,6.082917408821231220e+00,2.074255733433346904e+00
-1.074960168558754958e+01,6.099917408815599629e+00,2.074255733431527915e+00
-1.077260168559587328e+01,6.135917408812019858e+00,2.074255733426980441e+00
-1.078460168558376608e+01,6.153917408813867951e+00,2.074255733421523473e+00
-1.080760168558481382e+01,6.189917408804831211e+00,2.074255733420613979e+00
-1.081960168558725854e+01,6.207917408801222336e+00,2.074255733417885494e+00
-1.084260168560285820e+01,6.243917408784909640e+00,2.074255733418794989e+00
-1.086560168558935402e+01,6.278917408781126142e+00,2.074255733416976000e+00
-1.088960168557969155e+01,6.314917408773908392e+00,2.074255733413338021e+00
-1.090160168557486031e+01,6.332917408766661538e+00,2.074255733414247516e+00
-1.092560168552881805e+01,6.367917408770153997e+00,2.074255733413338021e+00
-1.094860168550076196e+01,6.403917408759298269e+00,2.074255733407881053e+00
-1.096060168549593072e+01,6.421917408761146362e+00,2.074255733406062063e+00
-1.098360168547515059e+01,6.456917408755543875e+00,2.074255733402424084e+00
-1.099560168548487127e+01,6.474917408746478031e+00,2.074255733403333579e+00
-1.101960168546793284e+01,6.510917408759269165e+00,2.074255733403333579e+00
-1.104360168545099441e+01,6.546917408759327373e+00,2.074255733402424084e+00
-1.106760168541950407e+01,6.582917408764842548e+00,2.074255733396967116e+00
-1.107960168540739687e+01,6.600917408761233673e+00,2.074255733395148127e+00
-1.110360168540501036e+01,6.635917408744717250e+00,2.074255733395148127e+00
-1.112660168541333405e+01,6.670917408737295773e+00,2.074255733395148127e+00
-1.113860168540122686e+01,6.688917408717315993e+00,2.074255733392419643e+00
-1.116260168539156439e+01,6.724917408708279254e+00,2.074255733390600653e+00
-1.117460168537218124e+01,6.742917408702851390e+00,2.074255733392419643e+00
-1.119860168536251877e+01,6.778917408691995661e+00,2.074255733389691159e+00
-1.122260168536740821e+01,6.814917408684777911e+00,2.074255733386962675e+00
-1.124660168537229765e+01,6.850917408675741171e+00,2.074255733389691159e+00
-1.127060168539173901e+01,6.885917408655586769e+00,2.074255733390600653e+00
-1.131860168539424194e+01,6.957917408639332280e+00,2.074255733386962675e+00
-1.133060168536758283e+01,6.975917408633904415e+00,2.074255733382415201e+00
-1.134260168534819968e+01,6.993917408626657561e+00,2.074255733380596212e+00
-1.135460168533609249e+01,7.011917408615772729e+00,2.074255733379686717e+00
-1.137860168533370597e+01,7.046917408610170241e+00,2.074255733376958233e+00
-1.140260168532404350e+01,7.082917408597495523e+00,2.074255733374229749e+00
-1.143860168531682575e+01,7.136917408586668898e+00,2.074255733368772781e+00
-1.145060168533382239e+01,7.154917408573965076e+00,2.074255733368772781e+00
-1.147460168530960800e+01,7.190917408563109348e+00,2.091255733366779168e+00
-1.148660168529750081e+01,7.208917408550405526e+00,2.091255733364050684e+00
-1.151060168527328642e+01,7.243917408544803038e+00,2.091255733361322200e+00
-1.152260168526117923e+01,7.260917408524619532e+00,2.091255733361322200e+00
-1.154660168525879271e+01,7.296917408513763803e+00,2.091255733360412705e+00
-1.155860168524668552e+01,7.314917408521068865e+00,2.091255733359503211e+00
-1.158260168523702305e+01,7.350917408512032125e+00,2.091255733357684221e+00
-1.160660168522736058e+01,7.386917408512090333e+00,2.091255733359503211e+00
-1.163060168521042215e+01,7.422917408526700456e+00,2.091255733358593716e+00
-1.164260168521286687e+01,7.440917408519453602e+00,2.091255733352227253e+00
-1.166660168521048035e+01,7.476917408508597873e+00,2.091255733350408264e+00
-1.167760168517270358e+01,7.493917408508423250e+00,2.091255733350408264e+00
-1.170160168516304111e+01,7.529917408493929543e+00,2.091255733349498769e+00
-1.172560168516065460e+01,7.565917408479435835e+00,2.091255733343132306e+00
-1.174960168517282000e+01,7.600917408461100422e+00,2.074255733340578445e+00
-1.176160168513888493e+01,7.618917408457491547e+00,2.074255733339668950e+00
-1.177360168514132965e+01,7.636917408444787725e+00,2.074255733336940466e+00
-1.179760168513166718e+01,7.672917408439388964e+00,2.074255733337849961e+00
-1.183360168513172539e+01,7.726917408435838297e+00,2.091255733332218369e+00
-1.184560168511234224e+01,7.744917408417677507e+00,2.091255733329489885e+00
-1.185760168512933888e+01,7.762917408414068632e+00,2.091255733326761401e+00
-1.188160168510512449e+01,7.798917408406850882e+00,2.091255733324942412e+00
-1.189360168510029325e+01,7.816917408399604028e+00,2.091255733324032917e+00
-1.194160168508824427e+01,7.887917408399516717e+00,2.074255733318750572e+00
-1.195360168507613707e+01,7.905917408395907842e+00,2.074255733316022088e+00
-1.197760168504464673e+01,7.941917408385052113e+00,2.074255733312384109e+00
-1.198960168502526358e+01,7.959917408377805259e+00,2.091255733308571507e+00
-1.202560168504714966e+01,8.013917408374254592e+00,2.074255733309655625e+00
-1.203760168505687034e+01,8.031917408363369759e+00,2.091255733304024034e+00
-1.206160168501810404e+01,8.067917408352514030e+00,2.091255733302205044e+00
-1.208560168500116561e+01,8.102917408341454575e+00,2.091255733301295550e+00
-1.209760168496723054e+01,8.120917408330569742e+00,2.091255733298567066e+00
-1.210960168494057143e+01,8.138917408326960867e+00,2.091255733292200603e+00
-1.213360168491635704e+01,8.173917408323177369e+00,2.091255733291291108e+00
-1.215760168491397053e+01,8.208917408308479935e+00,2.091255733287653129e+00
-1.216960168489458738e+01,8.226917408315784996e+00,2.091255733286743634e+00
-1.219260168487380724e+01,8.260917408304521814e+00,2.091255733285834140e+00
-1.221260168484877795e+01,8.289917408310429892e+00,2.056255733284160669e+00
-1.222260168484353926e+01,8.304917408306209836e+00,2.056255733282341680e+00
-1.224460168479708955e+01,8.340917408298992086e+00,2.056255733277794207e+00
-1.226660168479429558e+01,8.376917408299050294e+00,2.056255733275975217e+00
-1.228860168476967374e+01,8.412917408288194565e+00,2.039255733277968829e+00
-1.231060168475960381e+01,8.447917408284411067e+00,2.039255733272511861e+00
-1.232160168478003470e+01,8.465917408273526235e+00,2.039255733273421356e+00
-1.234360168477724073e+01,8.502917408270150190e+00,2.039255733267054893e+00
-1.237660168475849787e+01,8.557917408263165271e+00,2.039255733262507420e+00
-1.238860168475366663e+01,8.576917408259760123e+00,2.039255733261597925e+00
-1.241060168473632075e+01,8.612917408241628436e+00,2.039255733259778935e+00
-1.243260168471897487e+01,8.649917408238252392e+00,2.039255733257050451e+00
-1.244360168472485384e+01,8.667917408234643517e+00,2.039255733257050451e+00
-1.245460168470890494e+01,8.685917408234672621e+00,2.039255733257050451e+00
-1.247660168469883502e+01,8.721917408238368807e+00,2.039255733255231462e+00
-1.248760168470471399e+01,8.739917408245673869e+00,2.039255733250683988e+00
-1.250960168470919598e+01,8.775917408227542182e+00,2.039255733251593483e+00
-1.253160168469912605e+01,8.811917408234876348e+00,2.039255733247955504e+00
-1.255160168468137272e+01,8.845917408219975187e+00,2.039255733247955504e+00
-1.256160168466158211e+01,8.862917408216162585e+00,2.039255733246136515e+00
-1.259260168467153562e+01,8.915917408205132233e+00,2.021255733245197916e+00
-1.260260168463719310e+01,8.933917408194247400e+00,2.021255733242469432e+00
-1.261260168463195441e+01,8.950917408179520862e+00,2.021255733238831453e+00
-1.263260168460692512e+01,8.986917408172303112e+00,2.021255733238831453e+00
-1.264260168459441047e+01,9.004917408154142322e+00,2.004255733236277592e+00
-1.266260168461303692e+01,9.040917408150562551e+00,2.004255733233549108e+00
-1.269260168460459681e+01,9.094917408136097947e+00,2.004255733232639614e+00
-1.270260168462118600e+01,9.111917408135923324e+00,1.986255733228063036e+00
-1.272160168461414287e+01,9.147917408125067595e+00,1.986255733228063036e+00
-1.273060168459051056e+01,9.165917408114182763e+00,1.986255733228063036e+00
-1.274960168459074339e+01,9.201917408088775119e+00,1.986255733228972531e+00
-1.275860168458893895e+01,9.219917408092442201e+00,1.969255733225509175e+00
-1.277860168457846157e+01,9.257917408081993926e+00,1.969255733224144933e+00
-1.278860168453684309e+01,9.276917408085864736e+00,1.969255733223235438e+00
-1.280660168451140635e+01,9.312917408075009007e+00,1.969255733221871196e+00
-1.284260168450418860e+01,9.384917408053297549e+00,1.986255733221696573e+00
-1.286260168447188335e+01,9.420917408046079800e+00,1.986255733222606068e+00
-1.288260168445413001e+01,9.457917408035427798e+00,2.004255733224454161e+00
-1.289260168444889132e+01,9.475917408020904986e+00,2.004255733226273151e+00
-1.291260168443113798e+01,9.510917408017121488e+00,2.021255733226098528e+00
-1.292360168444429291e+01,9.528917408020788571e+00,2.039255733224308642e+00
-1.294460168441582937e+01,9.562917408016801346e+00,2.056255733225043514e+00
-1.295560168439988047e+01,9.579917408002074808e+00,2.074255733224163123e+00
-1.299060168437426910e+01,9.630917407990637003e+00,2.109255733225836593e+00
-1.300260168437671382e+01,9.647917407983186422e+00,2.126255733222933486e+00
-1.302660168438160326e+01,9.679917407971515786e+00,2.126255733222023991e+00
-1.303860168437677203e+01,9.695917407956585521e+00,2.126255733219295507e+00
-1.306260168438166147e+01,9.727917407952190842e+00,2.144255733215686632e+00
-1.308760168436856475e+01,9.759917407944158185e+00,2.144255733215686632e+00
-1.309960168436373351e+01,9.775917407921951963e+00,2.144255733213867643e+00
-1.312460168435063679e+01,9.807917407935747178e+00,2.161255733211874031e+00
-1.313760168434237130e+01,9.823917407924454892e+00,2.161255733210055041e+00
-1.318760168431617785e+01,9.886917407919099787e+00,2.178255733208970923e+00
-1.321360168431419879e+01,9.917917407896311488e+00,2.178255733208061429e+00
-1.323960168428311590e+01,9.949917407891916810e+00,2.178255733201694966e+00
-1.325260168428212637e+01,9.965917407884262502e+00,2.196255733201724070e+00
-1.327860168428014731e+01,9.996917407865112182e+00,2.196255733203543059e+00
-1.330460168424178846e+01,1.002891740785344155e+01,2.196255733199905080e+00
-1.331760168419714319e+01,1.004491740784578724e+01,2.196255733198086091e+00
-1.334460168421355775e+01,1.007691740783411660e+01,2.196255733192629123e+00
-1.337160168422269635e+01,1.010891740782244597e+01,2.196255733188991144e+00
-1.338460168419987895e+01,1.012491740781842964e+01,2.196255733182624681e+00
-1.341160168417263776e+01,1.015691740781403496e+01,2.213255733178812079e+00
-1.343860168414539658e+01,1.018891740780600230e+01,2.213255733176993090e+00
-1.345260168413369684e+01,1.020491740778015810e+01,2.213255733172445616e+00
-1.347960168411373161e+01,1.023691740777576342e+01,2.213255733172445616e+00
-1.350660168410831830e+01,1.026891740776045481e+01,2.213255733172445616e+00
-1.352060168412572239e+01,1.028491740773097263e+01,2.213255733174264606e+00
-1.353460168409947073e+01,1.030091740771968034e+01,2.213255733171536122e+00
-1.356260168407607125e+01,1.033291740771528566e+01,2.213255733168807637e+00
-1.359060168410360347e+01,1.036491740769270109e+01,2.213255733165169659e+00
-1.361760168410546612e+01,1.039591740768446471e+01,2.213255733165169659e+00
-1.364560168409661856e+01,1.042791740770553588e+01,2.213255733164260164e+00
-1.367160168408736354e+01,1.045791740769709577e+01,2.213255733163350669e+00
-1.368460168404999422e+01,1.047291740770015167e+01,2.213255733159712690e+00
-1.371060168404073920e+01,1.050291740769171156e+01,2.196255733161706303e+00
-1.373660168401693227e+01,1.053391740767983720e+01,2.196255733160796808e+00
-1.374960168400139082e+01,1.054891740766470321e+01,2.196255733156249335e+00
-1.377560168399213580e+01,1.057891740767081501e+01,2.196255733153520850e+00
-1.378860168398387032e+01,1.059391740765931900e+01,2.196255733148063882e+00
-1.381460168398916721e+01,1.062491740764380665e+01,2.178255733144396800e+00
-1.384060168396536028e+01,1.065591740764284623e+01,2.178255733141668316e+00
-1.386660168397065718e+01,1.068691740763824782e+01,2.178255733141668316e+00
-1.387960168396239169e+01,1.070291740762695554e+01,2.178255733140758821e+00
-1.390560168395313667e+01,1.073491740761892288e+01,2.161255733138204960e+00
-1.393160168393660570e+01,1.076691740761816618e+01,2.161255733136385970e+00
-1.394460168389923638e+01,1.078291740760323592e+01,2.161255733133657486e+00
-1.396960168387886370e+01,1.081491740759156528e+01,2.144255733132013120e+00
-1.398160168386675650e+01,1.083091740758391097e+01,2.144255733130194130e+00
-1.400560168384254212e+01,1.086291740756132640e+01,2.144255733130194130e+00
-1.403060168382216943e+01,1.089591740756804938e+01,2.144255733126556152e+00
-1.405660168382746633e+01,1.092991740756770014e+01,2.126255733126527048e+00
-1.408260168382548727e+01,1.096391740755279898e+01,2.126255733121979574e+00
-1.409460168382065604e+01,1.098091740751988254e+01,2.126255733123798564e+00
-1.410760168381966650e+01,1.099791740750879399e+01,2.126255733120160585e+00
-1.413360168379585957e+01,1.103191740749753080e+01,2.126255733116522606e+00
-1.415860168380459072e+01,1.106591740747535368e+01,2.126255733115613111e+00
-1.417160168379632523e+01,1.108391740747174481e+01,2.126255733113794122e+00
-1.419660168377595255e+01,1.111791740744592971e+01,2.126255733114703617e+00
-1.423460168376914226e+01,1.116891740744176786e+01,2.126255733112884627e+00
-1.425960168376332149e+01,1.120291740742686670e+01,2.126255733111975132e+00
-1.428560168376134243e+01,1.123691740741924150e+01,2.126255733112884627e+00
-1.431060168375552166e+01,1.127191740740454406e+01,2.126255733111065638e+00
-1.432360168373270426e+01,1.128891740738617955e+01,2.126255733113794122e+00
-1.434860168373415945e+01,1.132391740735693020e+01,2.126255733109246648e+00
-1.436160168372589396e+01,1.134091740735675558e+01,2.126255733107427659e+00
-1.438560168371623149e+01,1.137491740734185441e+01,2.126255733105608670e+00
-1.441160168370697647e+01,1.140891740732331527e+01,2.126255733103789680e+00
-1.442360168368031736e+01,1.142591740730858874e+01,2.126255733103789680e+00
-1.444960168367106235e+01,1.146091740731208120e+01,2.126255733101970691e+00
-1.447460168362886179e+01,1.149491740731900791e+01,2.126255733100151701e+00
-1.449960168362304103e+01,1.152991740730067249e+01,2.126255733099242207e+00
-1.451260168357111979e+01,1.154691740727139404e+01,2.126255733095604228e+00
-1.453760168353619520e+01,1.158091740726013086e+01,2.126255733097423217e+00
-1.454960168354591588e+01,1.159791740724904230e+01,2.126255733091966249e+00
-1.457460168354737107e+01,1.163191740724141710e+01,2.126255733088328270e+00
-1.458760168355365749e+01,1.164991740724144620e+01,2.126255733088328270e+00
-1.461260168357694056e+01,1.168491740725221462e+01,2.109255733084864914e+00
-1.463660168357455404e+01,1.171791740725529962e+01,2.126255733084690291e+00
-1.465660168357862858e+01,1.174591740723917610e+01,2.091255733082107326e+00
-1.466660168358066585e+01,1.175991740722383838e+01,2.091255733078469348e+00
-1.467860168354673078e+01,1.177791740720203961e+01,2.074255733077734476e+00
-1.470260168352251640e+01,1.181291740721644601e+01,2.074255733075005992e+00
-1.471360168349929154e+01,1.183091740719464724e+01,2.074255733072277508e+00
-1.473760168350418098e+01,1.186691740718015353e+01,2.074255733066820540e+00
-1.474960168344841804e+01,1.188491740717290668e+01,2.074255733067730034e+00
-1.477360168339509983e+01,1.192091740715841297e+01,2.074255733065001550e+00
-1.478560168339754455e+01,1.193891740712570027e+01,2.074255733065911045e+00
-1.480960168338060612e+01,1.197491740712575847e+01,2.074255733062273066e+00
-1.484460168337682262e+01,1.202891740712948376e+01,2.074255733054997108e+00
-1.485660168335743947e+01,1.204691740711132297e+01,2.074255733049540140e+00
-1.488060168334050104e+01,1.208291740707863937e+01,2.074255733044992667e+00
-1.489160168333182810e+01,1.210091740707503050e+01,2.074255733041354688e+00
-1.491560168332944158e+01,1.213691740704234689e+01,2.074255733041354688e+00
-1.492760168333188631e+01,1.215491740703873802e+01,2.074255733039535698e+00
-1.495160168331494788e+01,1.219091740704607219e+01,2.074255733043173677e+00
-1.496360168328101281e+01,1.220891740702427342e+01,2.074255733044083172e+00
-1.498760168328590225e+01,1.224491740700614173e+01,2.074255733035897720e+00
-1.501060168330150191e+01,1.228091740699528600e+01,2.074255733033169236e+00
-1.503460168328456348e+01,1.231691740697715431e+01,2.074255733030440751e+00
-1.506960168326622806e+01,1.236991740696612396e+01,2.074255733024983783e+00
-1.509360168327111751e+01,1.240591740696254419e+01,2.074255733027712267e+00
-1.511660168327216525e+01,1.244191740696624038e+01,2.074255733025893278e+00
-1.512860168324550614e+01,1.245991740695535555e+01,2.074255733021345804e+00
-1.515260168324311962e+01,1.249591740694449982e+01,2.074255733018617320e+00
-1.516460168320190860e+01,1.251391740694089094e+01,2.074255733017707826e+00
-1.518760168317385251e+01,1.254991740691184532e+01,2.074255733018617320e+00
-1.520960168312012684e+01,1.258391740690058214e+01,2.074255733018617320e+00
-1.523160168309550500e+01,1.261791740689659491e+01,2.074255733014979342e+00
-1.524260168305772822e+01,1.263491740689642029e+01,2.056255733013131248e+00
-1.526460168305493426e+01,1.266891740687424317e+01,2.056255733010402764e+00
-1.528660168303031242e+01,1.270291740686297999e+01,2.056255733011312259e+00
-1.529760168304346735e+01,1.271991740684461547e+01,2.056255733006764785e+00
-1.530860168302751845e+01,1.273791740682281670e+01,2.056255733003126807e+00
-1.533060168302472448e+01,1.277291740682630916e+01,2.039255733002391935e+00
-1.535260168298555072e+01,1.280791740680797375e+01,2.039255733002391935e+00
-1.537360168297163909e+01,1.284191740679307259e+01,2.039255733002391935e+00
-1.539360168297571363e+01,1.287591740676361951e+01,2.056255732999488828e+00
-1.540460168298886856e+01,1.289291740675616893e+01,2.056255732995850849e+00
-1.542660168298607459e+01,1.292891740675622714e+01,2.056255732991303375e+00
-1.544860168294690084e+01,1.296291740673041204e+01,2.074255732989513490e+00
-1.545960168294550385e+01,1.297991740672659944e+01,2.074255732987694500e+00
-1.548160168290633010e+01,1.301391740669714636e+01,2.074255732985875511e+00
-1.549260168285400141e+01,1.303091740667150589e+01,2.074255732982237532e+00
-1.551460168283665553e+01,1.306491740666024270e+01,2.074255732980418543e+00
-1.553660168283386156e+01,1.309791740665968973e+01,2.074255732975871069e+00
-1.555860168280923972e+01,1.313191740663751261e+01,2.074255732974961575e+00
-1.556960168277146295e+01,1.314891740664461395e+01,2.074255732974961575e+00
-1.559160168274684111e+01,1.318291740663698874e+01,2.056255732974932471e+00
-1.562360168273880845e+01,1.323391740663282690e+01,2.056255732970384997e+00
-1.564560168274329044e+01,1.326791740659609786e+01,2.039255732971469115e+00
-1.565560168273805175e+01,1.328591740658157505e+01,2.039255732967831136e+00
-1.567560168269847054e+01,1.332091740657779155e+01,2.021255732966892538e+00
-1.569560168268799316e+01,1.335691740656693582e+01,2.004255732963429182e+00
-1.571460168268822599e+01,1.339291740655608010e+01,1.969255732960391470e+00
-1.572360168266459368e+01,1.341091740655247122e+01,1.969255732958572480e+00
-1.574160168264643289e+01,1.344691740653797751e+01,1.952255732956928114e+00
-1.575860168263170635e+01,1.348391740653460147e+01,1.934255732951442042e+00
-1.576660168262606021e+01,1.350191740653463057e+01,1.917255732949797675e+00
-1.578260168257838814e+01,1.353891740652761655e+01,1.899255732946130593e+00
-1.578960168257617624e+01,1.355791740654240130e+01,1.882255732944486226e+00
-1.580360168252082076e+01,1.359491740652083536e+01,1.864255732940819144e+00
-1.580960168251476716e+01,1.361191740651702275e+01,1.829255732940509915e+00
-1.581760168250184506e+01,1.363791740650412976e+01,1.777255732939011068e+00
-1.582860168247134425e+01,1.367691740652298904e+01,1.760255732936002460e+00
-1.583360168249055278e+01,1.369591740649775602e+01,1.742255732936428103e+00
-1.584160168247763067e+01,1.373591740648771520e+01,1.707255732936573622e+00
-1.584960168242105283e+01,1.377591740649586427e+01,1.690255732934019761e+00
-1.585360168237821199e+01,1.379591740649266285e+01,1.672255732931716921e+00
-1.586060168239055201e+01,1.383591740649353596e+01,1.655255732931891544e+00
-1.586360168238752522e+01,1.385591740648669656e+01,1.637255732930498198e+00
-1.586960168236691970e+01,1.389591740647665574e+01,1.620255732928853831e+00
-1.587360168233863078e+01,1.393591740646661492e+01,1.585255732929908845e+00
-1.587660168235015590e+01,1.397591740644566016e+01,1.550255732930509112e+00
-1.587760168236854952e+01,1.399591740642063087e+01,1.533255732927955250e+00
-1.587860168235783931e+01,1.403591740641059005e+01,1.515255732927471399e+00
-1.587860168237239122e+01,1.407591740637872135e+01,1.498255732927646022e+00
-1.587860168234328739e+01,1.409591740637188195e+01,1.480255732925797929e+00
-1.587760168233944569e+01,1.415591740636955365e+01,1.445255732923669711e+00
-1.587560168231721036e+01,1.419591740634859889e+01,1.428255732920206356e+00
-1.587260168229113333e+01,1.423591740636038594e+01,1.411255732917652495e+00
-1.587060168228344992e+01,1.425591740633535665e+01,1.393255732917623391e+00
-1.586360168230021372e+01,1.431591740630756249e+01,1.376255732917343266e+00
-1.586160168227797840e+01,1.433591740630072309e+01,1.358255732918223657e+00
-1.585560168226948008e+01,1.437591740629795822e+01,1.341255732919307775e+00
-1.585160168225411326e+01,1.439591740629475680e+01,1.323255732918823924e+00
-1.584460168222722132e+01,1.443591740628471598e+01,1.323255732917914429e+00
-1.584160168218659237e+01,1.445591740626332466e+01,1.323255732916095440e+00
-1.582960168219869956e+01,1.451591740625372040e+01,1.306255732913541578e+00
-1.582560168218333274e+01,1.453591740622869111e+01,1.306255732912177336e+00
-1.581760168218170293e+01,1.457591740621137433e+01,1.288255732911238738e+00
-1.580860168216167949e+01,1.461591740620860946e+01,1.288255732911238738e+00
-1.580460168218996841e+01,1.463691740619833581e+01,1.288255732908965001e+00
-1.579560168217722094e+01,1.467791740616667084e+01,1.288255732907146012e+00
-1.579060168216528837e+01,1.469791740618529730e+01,1.288255732905327022e+00
-1.578260168217821047e+01,1.473791740617889445e+01,1.288255732903962780e+00
-1.577860168211918790e+01,1.475791740616841707e+01,1.288255732903508033e+00
-1.577060168211755808e+01,1.479791740615837625e+01,1.288255732903053286e+00
-1.576160168209753465e+01,1.483791740615197341e+01,1.271255732902318414e+00
-1.575760168207489187e+01,1.485791740614877199e+01,1.271255732901408919e+00
-1.574760168203647481e+01,1.489791740612417925e+01,1.253255732900470321e+00
-1.573660168201604392e+01,1.493691740610302077e+01,1.219255732900819567e+00
-1.572460168199177133e+01,1.497591740609277622e+01,1.184255732899600844e+00
-1.571060168195981532e+01,1.501491740608616965e+01,1.149255732897927373e+00
-1.570360168194019934e+01,1.503391740607912652e+01,1.131255732896534028e+00
-1.568860168192622950e+01,1.507191740608686814e+01,1.096255732897589041e+00
-1.567260168192296987e+01,1.510991740609097178e+01,1.061255732896370318e+00
-1.566360168193205027e+01,1.512791740606917301e+01,1.044255732893816457e+00
-1.564560168192110723e+01,1.516391740606195526e+01,1.009255732895326219e+00
-1.563560168193362188e+01,1.518191740602924256e+01,1.009255732893961977e+00
-1.561660168191156117e+01,1.521791740599655895e+01,9.742557328929706273e-01
-1.559660168185655493e+01,1.525291740598549950e+01,9.572557328933726239e-01
-1.557560168182681082e+01,1.528691740597059834e+01,9.392557328928887728e-01
-1.556460168182093184e+01,1.530391740595223382e+01,9.222557328910170327e-01
-1.555360168181505287e+01,1.532091740596297313e+01,9.222557328891980433e-01
-1.553160168179601897e+01,1.535491740593352006e+01,9.042557328889415658e-01
-1.550860168176586740e+01,1.538891740592225688e+01,9.042557328871225764e-01
-1.548560168174299179e+01,1.542291740590735571e+01,8.872557328870697146e-01
-1.547360168171144323e+01,1.543991740590354311e+01,8.872557328854782099e-01
-1.544860168170998804e+01,1.547491740589248366e+01,8.872557328841139679e-01
-1.542460168169054668e+01,1.550891740588849643e+01,8.872557328845687152e-01
-1.539960168166726362e+01,1.554491740587036475e+01,8.872557328852508363e-01
-1.538760168165026698e+01,1.556191740584836225e+01,8.872557328857055836e-01
-1.536360168166720541e+01,1.559491740582961938e+01,8.872557328838865942e-01
-1.534060168165160576e+01,1.562791740581815247e+01,8.872557328827497258e-01
-1.530460168163699564e+01,1.567891740581399063e+01,9.042557328803013661e-01
-1.529360168164566858e+01,1.569591740578107419e+01,9.222557328789662279e-01
-1.527260168163775234e+01,1.572891740576596931e+01,9.392557328778821102e-01
-1.526160168161004549e+01,1.574591740576579468e+01,9.572557328779112140e-01
-1.524860168157465523e+01,1.576891740573773859e+01,9.742557328779639647e-01
-1.523860168155079009e+01,1.578591740571573609e+01,9.922557328759467055e-01
-1.522060168156167492e+01,1.582091740569012472e+01,1.009255732873953093e+00
-1.521160168155620340e+01,1.583891740567196393e+01,1.027255732871253713e+00
-1.519460168152727420e+01,1.587491740563564235e+01,1.061255732871813962e+00
-1.517860168152401457e+01,1.591191740563226631e+01,1.096255732871668442e+00
-1.517060168148600496e+01,1.593091740564705105e+01,1.114255732871697546e+00
-1.515660168146132492e+01,1.596891740565479267e+01,1.149255732869733038e+00
-1.514260168142936891e+01,1.600791740563727217e+01,1.184255732869132771e+00
-1.513060168139054440e+01,1.604691740566340741e+01,1.201255732870777138e+00
-1.512460168140387395e+01,1.606691740560199833e+01,1.219255732869896747e+00
-1.511260168137960136e+01,1.610691740558104357e+01,1.236255732868357882e+00
-1.510760168138949666e+01,1.612691740557056619e+01,1.253255732866364269e+00
-1.509760168135835556e+01,1.616691740555688739e+01,1.271255732865938626e+00
-1.508460168133751722e+01,1.622591740554344142e+01,1.288255732864399761e+00
-1.507660168132133549e+01,1.626591740552248666e+01,1.306255732863064623e+00
-1.506860168131970568e+01,1.630591740550880786e+01,1.323255732859706768e+00
-1.506560168132273247e+01,1.632591740549105452e+01,1.341255732858371630e+00
-1.506560168127907673e+01,1.632591740545467474e+01,1.341255732856552640e+00
-1.505460168124409392e+01,1.640591740540548926e+01,1.376255732855042879e+00
-1.505260168121458264e+01,1.642591740538773593e+01,1.393255732852594519e+00
-1.504860168118466390e+01,1.646591740538860904e+01,1.411255732851259381e+00
-1.504660168118425645e+01,1.650591740535310237e+01,1.428255732847446779e+00
-1.504560168118769070e+01,1.652591740535717690e+01,1.445255732848636399e+00
-1.504360168116545537e+01,1.656591740536532598e+01,1.463255732848210755e+00
-1.504360168116545537e+01,1.660591740536619909e+01,1.480255732847581385e+00
-1.504360168113635154e+01,1.662591740534116980e+01,1.498255732847610489e+00
-1.504360168111452367e+01,1.666591740532021504e+01,1.515255732843343139e+00
-1.504460168109653750e+01,1.670591740529926028e+01,1.550255732839559641e+00
-1.504560168106399942e+01,1.672591740530333482e+01,1.550255732840014389e+00
-1.504760168106440688e+01,1.676591740527510410e+01,1.568255732838679251e+00
-1.505060168106138008e+01,1.680591740525414934e+01,1.585255732836685638e+00
-1.505260168102540774e+01,1.682591740524367196e+01,1.585255732837595133e+00
-1.505660168101894669e+01,1.686591740522999316e+01,1.603255732834895753e+00
-1.505860168099025032e+01,1.688591740521223983e+01,1.603255732831712521e+00
-1.506260168097651331e+01,1.692691740517329890e+01,1.603255732833986258e+00
-1.506660168096277630e+01,1.696891740516002756e+01,1.620255732834266382e+00
-1.507060168091993546e+01,1.701091740514675621e+01,1.620255732831083151e+00
-1.507560168092459207e+01,1.705091740511852549e+01,1.620255732826535677e+00
-1.507760168091044761e+01,1.707091740511532407e+01,1.620255732825626183e+00
-1.508160168092581443e+01,1.711091740510892123e+01,1.620255732823807193e+00
-1.508560168093390530e+01,1.715091740510251839e+01,1.603255732820343837e+00
-1.508760168091976084e+01,1.717091740505566122e+01,1.603255732818070101e+00
-1.509160168090602383e+01,1.721091740505653434e+01,1.603255732815796364e+00
-1.509360168090643128e+01,1.723191740504989866e+01,1.603255732816251111e+00
-1.509760168089269428e+01,1.727391740507300710e+01,1.603255732817615353e+00
-1.510360168090846855e+01,1.733691740509675583e+01,1.603255732814432122e+00
-1.510760168090928346e+01,1.737891740503982874e+01,1.603255732811703638e+00
-1.511160168091737432e+01,1.741891740503342589e+01,1.603255732807156164e+00
-1.511360168090322986e+01,1.743891740503750043e+01,1.603255732804882427e+00
-1.511760168088221690e+01,1.747891740501654567e+01,1.603255732805337175e+00
-1.511960168085352052e+01,1.749891740498424042e+01,1.603255732804882427e+00
-1.512360168083250755e+01,1.753891740495600970e+01,1.603255732803518185e+00
-1.512760168082604650e+01,1.757891740493505495e+01,1.585255732803034334e+00
-1.513360168082726886e+01,1.763891740490362281e+01,1.585255732800305850e+00
-1.513560168080584845e+01,1.765891740489314543e+01,1.585255732798486861e+00
-1.513960168075573165e+01,1.769891740487946663e+01,1.585255732800305850e+00
-1.514160168077069102e+01,1.771891740484716138e+01,1.585255732798032113e+00
-1.514360168075654656e+01,1.773891740482940804e+01,1.603255732800334954e+00
-1.514760168074280955e+01,1.777891740481572924e+01,1.603255732799425459e+00
-1.514960168071411317e+01,1.779891740481980378e+01,1.603255732798970712e+00
-1.515360168074403191e+01,1.783891740479884902e+01,1.585255732800305850e+00
-1.515560168073716341e+01,1.787891740478517022e+01,1.550255732798177633e+00
-1.515660168071190128e+01,1.791891740474966355e+01,1.515255732798323152e+00
-1.515660168069734937e+01,1.795891740469960496e+01,1.480255732794830692e+00
-1.515560168066440383e+01,1.799891740467865020e+01,1.428255732792422350e+00
-1.515360168066399638e+01,1.801891740468272474e+01,1.411255732790323236e+00
-1.515160168066358892e+01,1.803891740464314353e+01,1.376255732788649766e+00
-1.514660168064438039e+01,1.807791740463289898e+01,1.323255732789220929e+00
-1.514460168062214507e+01,1.809091740463190945e+01,1.306255732787121815e+00
-1.514060168062860612e+01,1.811091740459232824e+01,1.271255732784993597e+00
-1.513660168059868738e+01,1.812891740458144341e+01,1.236255732783774874e+00
-1.513360168062354205e+01,1.813791740456508705e+01,1.219255732782130508e+00
-1.512760168060049182e+01,1.815591740456875414e+01,1.184255732779547543e+00
-1.512160168056288967e+01,1.817391740452876547e+01,1.149255732779238315e+00
-1.511460168055782560e+01,1.819191740453970851e+01,1.114255732778929087e+00
-1.510660168056347175e+01,1.820991740452882368e+01,1.096255732778899983e+00
-1.510260168058448471e+01,1.821891740449791541e+01,1.079255732780893595e+00
-1.509460168054647511e+01,1.823591740447591292e+01,1.061255732779954997e+00
-1.509060168055293616e+01,1.824491740445955656e+01,1.044255732776491641e+00
-1.508160168053291272e+01,1.826191740443027811e+01,1.027255732776666264e+00
-1.507760168049571803e+01,1.826991740439552814e+01,1.027255732774847274e+00
-1.506860168049024651e+01,1.828591740434785606e+01,1.009255732772999181e+00
-1.505860168047365732e+01,1.830291740433312953e+01,9.922557327727190568e-01
-1.504860168044251623e+01,1.831991740431112703e+01,9.922557327722643095e-01
-1.504360168044513557e+01,1.832791740428365301e+01,9.742557327715530846e-01
-1.503360168041399447e+01,1.834391740427236073e+01,9.572557327699087182e-01
-1.502860168039478594e+01,1.835191740425943863e+01,9.572557327685444761e-01
-1.500860168036160758e+01,1.838391740422957810e+01,9.042557327684335178e-01
-1.500360168036422692e+01,1.839091740422009025e+01,9.042557327670692757e-01
-1.499860168034501839e+01,1.839891740422899602e+01,8.872557327672437877e-01
-1.499760168034845265e+01,1.840091740420757560e+01,8.872557327665617777e-01
-1.499660168032278307e+01,1.840291740418615518e+01,9.042557327647956500e-01
-1.499560168032621732e+01,1.840591740421223221e+01,1.044255732765122957e+00
-1.499560168029711349e+01,1.840591740417585243e+01,1.253255732764955610e+00
-1.499560168026800966e+01,1.840391740413178923e+01,1.306255732766203437e+00
-1.499560168026800966e+01,1.839891740411258070e+01,1.323255732761481340e+00
-1.499560168027528562e+01,1.840291740409884369e+01,1.323255732762845582e+00
-1.499260168025648454e+01,1.841791740409826161e+01,1.288255732759807870e+00
-1.499060168026335305e+01,1.842691740410373313e+01,1.271255732757708756e+00
-1.498660168024798622e+01,1.844691740410780767e+01,1.219255732756209909e+00
-1.497660168023867300e+01,1.847691740407026373e+01,1.114255732755736972e+00
-1.497260168019420234e+01,1.848691740405047312e+01,1.079255732754972996e+00
-1.496260168017761316e+01,1.850591740406525787e+01,1.009255732754354540e+00
-1.495760168015840463e+01,1.851491740405617747e+01,9.742557327526810695e-01
-1.494760168013453949e+01,1.852991740403376753e+01,9.222557327516369696e-01
-1.494360168012644863e+01,1.853591740402043797e+01,8.872557327506456204e-01
-1.493760168011067435e+01,1.854391740402934374e+01,8.172557327513914061e-01
-1.493460168006276945e+01,1.854791740400105482e+01,8.002557327502017870e-01
-1.491760168005566811e+01,1.856691740400128765e+01,7.122557327506910951e-01
-1.491060168005788000e+01,1.857391740396997193e+01,6.772557327506092406e-01
-1.489860168004815932e+01,1.858391740390652558e+01,6.252557327493377670e-01
-1.489860168000450358e+01,1.858391740388469771e+01,6.252557327493377670e-01
-1.489860168000450358e+01,1.858391740388469771e+01,6.252557327488830197e-01
-1.489860168000450358e+01,1.858391740389197366e+01,6.252557327477461513e-01
-1.489860168000450358e+01,1.858391740388469771e+01,6.252557327463819092e-01
-1.489860167999722762e+01,1.858391740385559388e+01,6.252557327456997882e-01
-1.489860167995357187e+01,1.858391740384831792e+01,6.252557327452450409e-01
-1.489860167993901996e+01,1.858391740382649004e+01,6.252557327450176672e-01
-1.489860167991719209e+01,1.858391740384831792e+01,6.252557327443355462e-01
-1.489860167990264017e+01,1.858391740384104196e+01,6.252557327436534251e-01
-1.489860167989536421e+01,1.858391740380466217e+01,6.252557327438807988e-01
-1.489860167987353634e+01,1.858391740381193813e+01,6.252557327438807988e-01
-1.489860167985170847e+01,1.858391740380466217e+01,6.252557327429713041e-01
-1.489860167981532868e+01,1.858391740378283430e+01,6.252557327425165568e-01
-1.489860167981532868e+01,1.858391740373190260e+01,6.252557327416071731e-01
-1.489860167981532868e+01,1.858391740369552281e+01,6.252557327418344357e-01
-1.489860167979350081e+01,1.858391740368824685e+01,6.252557327413796884e-01
-1.489860167976439698e+01,1.858391740369552281e+01,6.252557327413796884e-01
-1.489860167975712102e+01,1.858391740371007472e+01,6.252557327411522037e-01
-1.489860167976439698e+01,1.858391740368097089e+01,6.252557327413796884e-01
-1.489860167977167293e+01,1.858391740363731515e+01,6.252557327406975674e-01
-1.489860167975712102e+01,1.858391740363731515e+01,6.252557327391059516e-01
-1.489860167976439698e+01,1.858391740365186706e+01,6.252557327375143359e-01
-1.489860167977894889e+01,1.858391740363731515e+01,6.252557327372869622e-01
-1.489860167974984506e+01,1.858391740362276323e+01,6.252557327368322149e-01
-1.489860167970618932e+01,1.858391740361548727e+01,6.252557327368322149e-01
-1.489860167969891336e+01,1.858391740358638344e+01,6.252557327359227202e-01
-1.489860167966980953e+01,1.858391740358638344e+01,6.252557327354679728e-01
-1.489860167967708549e+01,1.858391740353545174e+01,6.252557327341037308e-01
-1.489860167966980953e+01,1.858391740351362387e+01,6.252557327336489834e-01
-1.489860167966253357e+01,1.858391740347724408e+01,6.252557327336489834e-01
-1.489860167962615378e+01,1.858391740349179599e+01,6.252557327331942361e-01
-1.489860167960432591e+01,1.858391740349179599e+01,6.252557327318299940e-01
-1.489860167958977399e+01,1.858391740349179599e+01,6.252557327313752467e-01
-1.489860167959704995e+01,1.858391740346269216e+01,6.252557327313752467e-01
-1.489860167958249804e+01,1.858391740346996812e+01,6.252557327300110046e-01
-1.489860167958977399e+01,1.858391740345541621e+01,6.252557327295562573e-01
-1.489860167958977399e+01,1.858391740344086429e+01,6.252557327293288836e-01
-1.489860167958977399e+01,1.858391740341903642e+01,6.252557327288741362e-01
-1.489860167958977399e+01,1.858391740339720855e+01,6.252557327291015099e-01
-1.489860167957522208e+01,1.858391740333900088e+01,6.252557327293288836e-01
-1.489860167953884229e+01,1.858391740330989705e+01,6.252557327300110046e-01
-1.489860167952429038e+01,1.858391740325168939e+01,6.252557327295562573e-01
-1.489860167949518654e+01,1.858391740322258556e+01,6.252557327281920152e-01
-1.489860167948791059e+01,1.858391740317892982e+01,6.252557327281920152e-01
-1.489860167946608271e+01,1.858391740318620577e+01,6.252557327281920152e-01
-1.489860167946608271e+01,1.858391740317892982e+01,6.252557327277372679e-01
-1.489860167945880676e+01,1.858391740319348173e+01,6.252557327272825205e-01
-1.489860167943697888e+01,1.858391740317165386e+01,6.252557327259182784e-01
-1.489860167940059910e+01,1.858391740316437790e+01,6.252557327252361574e-01
-1.489860167936421931e+01,1.858391740314982599e+01,6.252557327245540364e-01
-1.489860167937149527e+01,1.858391740313527407e+01,6.252557327247814101e-01
-1.489860167934239144e+01,1.858391740310617024e+01,6.252557327243266627e-01
-1.489860167932783952e+01,1.858391740309161833e+01,6.252557327240991780e-01
-1.489860167932783952e+01,1.858391740308434237e+01,6.252557327243266627e-01
-1.489860167932783952e+01,1.858391740306251450e+01,6.252557327243266627e-01
-1.489860167932783952e+01,1.858391740304796258e+01,6.252557327240991780e-01
-1.489860167931328760e+01,1.858391740299703088e+01,6.252557327240991780e-01
-1.489860167928418377e+01,1.858391740296792705e+01,6.252557327234171680e-01
-1.489860167925507994e+01,1.858391740293154726e+01,6.252557327222802996e-01
-1.489860167921142420e+01,1.858391740292427130e+01,6.252557327209160576e-01
-1.489860167920414824e+01,1.858391740288061555e+01,6.252557327202339366e-01
-1.489860167917504441e+01,1.858391740288061555e+01,6.252557327200065629e-01
-1.489860167913866462e+01,1.858391740287333960e+01,6.252557327195518155e-01
-1.489860167911683675e+01,1.858391740288061555e+01,6.252557327193244419e-01
-1.489860167908773292e+01,1.858391740284423577e+01,6.252557327188696945e-01
-1.489860167906590505e+01,1.858391740284423577e+01,6.252557327186423208e-01
-1.489860167905135313e+01,1.858391740284423577e+01,6.252557327175054525e-01
-1.489860167904407717e+01,1.858391740284423577e+01,6.252557327179601998e-01
-1.489860167903680122e+01,1.858391740286606364e+01,6.252557327170508161e-01
-1.489860167900769738e+01,1.858391740285151172e+01,6.252557327170508161e-01
-1.489860167896404164e+01,1.858391740280785598e+01,6.252557327172780788e-01
-1.489860167894948972e+01,1.858391740280785598e+01,6.252557327159138367e-01
-1.489860167892766185e+01,1.858391740281513194e+01,6.252557327152317157e-01
-1.489860167889855802e+01,1.858391740280785598e+01,6.252557327143222210e-01
-1.489860167887673015e+01,1.858391740276420023e+01,6.252557327138674736e-01
-1.489860167886945419e+01,1.858391740274237236e+01,6.252557327136401000e-01
-1.489860167884762632e+01,1.858391740273509640e+01,6.252557327131853526e-01
-1.489860167886217823e+01,1.858391740269144066e+01,6.252557327127306053e-01
-1.489860167883307440e+01,1.858391740268416470e+01,6.252557327127306053e-01
-1.489860167878941866e+01,1.858391740266233683e+01,6.252557327111388785e-01
-1.489860167876031483e+01,1.858391740266233683e+01,6.252557327102294948e-01
-1.489860167876031483e+01,1.858391740266961278e+01,6.252557327100021212e-01
-1.489860167874576291e+01,1.858391740266961278e+01,6.252557327102294948e-01
-1.489860167870210717e+01,1.858391740264778491e+01,6.252557327093200001e-01
-1.489860167868755525e+01,1.858391740264778491e+01,6.252557327090926265e-01
-1.489860167870938312e+01,1.858391740261868108e+01,6.252557327090926265e-01
-1.489860167870938312e+01,1.858391740264050895e+01,6.252557327079557581e-01
-1.489860167870938312e+01,1.858391740262595704e+01,6.252557327075010107e-01
-1.489860167872393504e+01,1.858391740256047342e+01,6.252557327072736371e-01
-1.489860167870210717e+01,1.858391740255319746e+01,6.252557327063641424e-01
-1.489860167868755525e+01,1.858391740253864555e+01,6.252557327047725266e-01
-1.489860167868027929e+01,1.858391740248771384e+01,6.252557327052272740e-01
-1.489860167868755525e+01,1.858391740245133406e+01,6.252557327052272740e-01
-1.489860167870210717e+01,1.858391740240040235e+01,6.252557327043177793e-01
-1.489860167868755525e+01,1.858391740236402256e+01,6.252557327049999003e-01
-1.489860167869483121e+01,1.858391740232764278e+01,6.252557327052272740e-01
-1.489860167866572738e+01,1.858391740229126299e+01,6.252557327038630319e-01
-1.489860167862207163e+01,1.858391740226215916e+01,6.252557327027261636e-01
-1.489860167863662355e+01,1.858391740224760724e+01,6.252557327024989009e-01
-1.489860167862934759e+01,1.858391740225488320e+01,6.252557327015892952e-01
-1.489860167860024376e+01,1.858391740221122745e+01,6.252557327011344368e-01
-1.489860167859296780e+01,1.858391740218939958e+01,6.252557327011344368e-01
-1.489860167860024376e+01,1.858391740219667554e+01,6.252557327020440425e-01
-1.489860167860751972e+01,1.858391740217484767e+01,6.252557327018166689e-01
-1.489860167857841589e+01,1.858391740213119192e+01,6.252557327011344368e-01
-1.489860167853476014e+01,1.858391740211664001e+01,6.252557327009071741e-01
-1.489860167849838035e+01,1.858391740208753617e+01,6.252557326990881847e-01
-1.489860167849838035e+01,1.858391740205843234e+01,6.252557326977239427e-01
-1.489860167847655248e+01,1.858391740202932851e+01,6.252557326972691953e-01
-1.489860167846927652e+01,1.858391740198567277e+01,6.252557326965869633e-01
-1.489860167845472461e+01,1.858391740197839681e+01,6.252557326954502059e-01
-1.489860167843289673e+01,1.858391740194929298e+01,6.252557326943133376e-01
-1.489860167842562078e+01,1.858391740192746511e+01,6.252557326940859639e-01
-1.489860167842562078e+01,1.858391740189836128e+01,6.252557326934038429e-01
-1.489860167842562078e+01,1.858391740187653340e+01,6.252557326927217218e-01
-1.489860167841106886e+01,1.858391740186198149e+01,6.252557326918122271e-01
-1.489860167840379290e+01,1.858391740184742957e+01,6.252557326915848535e-01
-1.489860167838196503e+01,1.858391740185470553e+01,6.252557326915848535e-01
-1.489860167835286120e+01,1.858391740181832574e+01,6.252557326911301061e-01
-1.489860167832375737e+01,1.858391740183287766e+01,6.252557326909027324e-01
-1.489860167833103333e+01,1.858391740177467000e+01,6.252557326904479851e-01
-1.489860167832375737e+01,1.858391740173101425e+01,6.252557326899932377e-01
-1.489860167832375737e+01,1.858391740170918638e+01,6.252557326893111167e-01
-1.489860167831648141e+01,1.858391740170191042e+01,6.252557326884016220e-01
-1.489860167830192950e+01,1.858391740169463446e+01,6.252557326877195010e-01
-1.489860167828737758e+01,1.858391740168735851e+01,6.252557326877195010e-01
-1.489860167829465354e+01,1.858391740166553063e+01,6.252557326870373799e-01
-1.489860167827282567e+01,1.858391740162915085e+01,6.252557326861278852e-01
-1.489860167823644588e+01,1.858391740157094318e+01,6.252557326849910169e-01
-1.489860167824372184e+01,1.858391740156366723e+01,6.252557326843088958e-01
-1.489860167820734205e+01,1.858391740154183935e+01,6.252557326836267748e-01
-1.489860167818551417e+01,1.858391740154183935e+01,6.252557326836267748e-01
-1.489860167814913439e+01,1.858391740150545957e+01,6.252557326838541485e-01
-1.489860167817096226e+01,1.858391740146907978e+01,6.252557326827172801e-01
-1.489860167816368630e+01,1.858391740143997595e+01,6.252557326818077854e-01
-1.489860167814913439e+01,1.858391740142542403e+01,6.252557326808982907e-01
-1.489860167817096226e+01,1.858391740140359616e+01,6.252557326802161697e-01
-1.489860167815641034e+01,1.858391740138176829e+01,6.252557326795340487e-01
-1.489860167811275460e+01,1.858391740134538850e+01,6.252557326797614223e-01
-1.489860167812730651e+01,1.858391740135266446e+01,6.252557326790793013e-01
-1.489860167811275460e+01,1.858391740132356063e+01,6.252557326781698066e-01
-1.489860167812003056e+01,1.858391740128718084e+01,6.252557326779425440e-01
-1.489860167811275460e+01,1.858391740128718084e+01,6.252557326783971803e-01
-1.489860167812730651e+01,1.858391740129445679e+01,6.252557326772603119e-01
-1.489860167810547864e+01,1.858391740126535296e+01,6.252557326768055646e-01
-1.489860167806909885e+01,1.858391740121442126e+01,6.252557326768055646e-01
-1.489860167801816715e+01,1.858391740117076552e+01,6.252557326774876856e-01
-1.489860167801089119e+01,1.858391740116348956e+01,6.252557326774876856e-01
-1.489860167797451140e+01,1.858391740114893764e+01,6.252557326772603119e-01
-1.489860167794540757e+01,1.858391740110528190e+01,6.252557326761234435e-01
-1.489860167794540757e+01,1.858391740107617807e+01,6.252557326752139488e-01
-1.489860167793085566e+01,1.858391740106162615e+01,6.252557326736223331e-01
-1.489860167789447587e+01,1.858391740109072998e+01,6.252557326727128384e-01
-1.489860167786537204e+01,1.858391740107617807e+01,6.252557326727128384e-01
-1.489860167785809608e+01,1.858391740103979828e+01,6.252557326715759700e-01
-1.489860167785809608e+01,1.858391740103979828e+01,6.252557326704391016e-01
-1.489860167787264800e+01,1.858391740102524636e+01,6.252557326697569806e-01
-1.489860167783626821e+01,1.858391740100341849e+01,6.252557326695296069e-01
-1.489860167782899225e+01,1.858391740101069445e+01,6.252557326688474859e-01
-1.489860167780716438e+01,1.858391740098159062e+01,6.252557326683927386e-01
-1.489860167779988842e+01,1.858391740093065891e+01,6.252557326672558702e-01
-1.489860167777806055e+01,1.858391740093793487e+01,6.252557326656642545e-01
-1.489860167777078459e+01,1.858391740095248679e+01,6.252557326652095071e-01
-1.489860167778533651e+01,1.858391740092338296e+01,6.252557326647547598e-01
-1.489860167775623268e+01,1.858391740089427913e+01,6.252557326638452651e-01
-1.489860167771257693e+01,1.858391740087245125e+01,6.252557326622536493e-01
-1.489860167769802501e+01,1.858391740085789934e+01,6.252557326611167809e-01
-1.489860167768347310e+01,1.858391740083607147e+01,6.252557326597525389e-01
-1.489860167763981735e+01,1.858391740082151955e+01,6.252557326588430442e-01
-1.489860167766164523e+01,1.858391740081424359e+01,6.252557326581609232e-01
-1.489860167766164523e+01,1.858391740079241572e+01,6.252557326579336605e-01
-1.489860167764709331e+01,1.858391740076331189e+01,6.252557326577061758e-01
-1.489860167761798948e+01,1.858391740077058785e+01,6.252557326567966811e-01
-1.489860167760343757e+01,1.858391740073420806e+01,6.252557326561145601e-01
-1.489860167760343757e+01,1.858391740069782827e+01,6.252557326552050654e-01
-1.489860167760343757e+01,1.858391740067600040e+01,6.252557326549776917e-01
-1.489860167759616161e+01,1.858391740066144848e+01,6.252557326542955707e-01
-1.489860167755250586e+01,1.858391740066872444e+01,6.252557326545229444e-01
-1.489860167755978182e+01,1.858391740063234465e+01,6.252557326549776917e-01
-1.489860167755250586e+01,1.858391740062506869e+01,6.252557326542955707e-01
-1.489860167757433373e+01,1.858391740061779274e+01,6.252557326542955707e-01
-1.489860167755978182e+01,1.858391740060324082e+01,6.252557326536134497e-01
-1.489860167753067799e+01,1.858391740059596486e+01,6.252557326531587023e-01
-1.489860167751612607e+01,1.858391740056686103e+01,6.252557326517944603e-01
-1.489860167750157416e+01,1.858391740055230912e+01,6.252557326506575919e-01
-1.489860167750885012e+01,1.858391740056686103e+01,6.252557326497480972e-01
-1.489860167747247033e+01,1.858391740057413699e+01,6.252557326490659761e-01
-1.489860167745064246e+01,1.858391740057413699e+01,6.252557326488386025e-01
-1.489860167743609054e+01,1.858391740057413699e+01,6.252557326479292188e-01
-1.489860167742153862e+01,1.858391740055230912e+01,6.252557326472469867e-01
-1.489860167738515884e+01,1.858391740056686103e+01,6.252557326463374920e-01
-1.489860167740698671e+01,1.858391740057413699e+01,6.252557326449732500e-01
-1.489860167739971075e+01,1.858391740058868891e+01,6.432557326447749801e-01
-1.489860167737060692e+01,1.858391740056686103e+01,6.432557326434107381e-01
-1.489860167733422713e+01,1.858391740055230912e+01,6.432557326427286171e-01
-1.489860167728329543e+01,1.858391740055230912e+01,6.432557326425012434e-01
-1.489860167724691564e+01,1.858391740057413699e+01,6.432557326409095166e-01
-1.489860167719598394e+01,1.858391740058141295e+01,6.432557326400001330e-01
-1.489860167717415607e+01,1.858391740055958508e+01,6.432557326388632646e-01
-1.489860167717415607e+01,1.858391740053048125e+01,6.432557326384085172e-01
-1.489860167715960415e+01,1.858391740050865337e+01,6.432557326377263962e-01
-1.489860167713777628e+01,1.858391740047954954e+01,6.432557326370443862e-01
-1.489860167712322436e+01,1.858391740047227358e+01,6.432557326361347805e-01
-1.489860167709412053e+01,1.858391740045044571e+01,6.432557326361347805e-01
-1.489860167708684457e+01,1.858391740042134188e+01,6.432557326354526595e-01
-1.489860167706501670e+01,1.858391740040678997e+01,6.432557326343157911e-01
-1.489860167705774074e+01,1.858391740036313422e+01,6.432557326334062964e-01
-1.489860167704318883e+01,1.858391740034858231e+01,6.432557326327241753e-01
-1.489860167703591287e+01,1.858391740029765060e+01,6.432557326331789227e-01
-1.489860167699953308e+01,1.858391740027582273e+01,6.432557326322694280e-01
-1.489860167698498117e+01,1.858391740026127081e+01,6.432557326322694280e-01
-1.489860167697042925e+01,1.858391740025399486e+01,6.432557326315873070e-01
-1.489860167694132542e+01,1.858391740024671890e+01,6.432557326318145696e-01
-1.489860167691222159e+01,1.858391740023944294e+01,6.432557326309051859e-01
-1.489860167689039372e+01,1.858391740023944294e+01,6.432557326306778123e-01
-1.489860167688311776e+01,1.858391740021761507e+01,6.432557326311325596e-01
-1.489860167686128989e+01,1.858391740018123528e+01,6.432557326309051859e-01
-1.489860167683946202e+01,1.858391740015940741e+01,6.432557326311325596e-01
-1.489860167683946202e+01,1.858391740013030358e+01,6.432557326309051859e-01
-1.489860167682491010e+01,1.858391740012302762e+01,6.432557326304504386e-01
-1.489860167681035819e+01,1.858391740012302762e+01,6.432557326297683176e-01
-1.489860167679580627e+01,1.858391740009392379e+01,6.432557326302230649e-01
-1.489860167677397840e+01,1.858391740007937187e+01,6.432557326293135702e-01
-1.489860167674487457e+01,1.858391740005754400e+01,6.432557326281767018e-01
-1.489860167672304669e+01,1.858391740000661230e+01,6.432557326274945808e-01
-1.489860167670849478e+01,1.858391739999933634e+01,6.432557326268124598e-01
-1.489860167670121882e+01,1.858391739998478442e+01,6.432557326254482177e-01
-1.489860167669394286e+01,1.858391739996295655e+01,6.432557326254482177e-01
-1.489860167670121882e+01,1.858391739993385272e+01,6.432557326240839757e-01
-1.489860167670849478e+01,1.858391739991930081e+01,6.432557326224923600e-01
-1.489860167668666691e+01,1.858391739992657676e+01,6.432557326220376126e-01
-1.489860167664301116e+01,1.858391739991930081e+01,6.432557326213554916e-01
-1.489860167665756308e+01,1.858391739991202485e+01,6.432557326204458858e-01
-1.489860167665028712e+01,1.858391739987564506e+01,6.432557326195365022e-01
-1.489860167661390733e+01,1.858391739983198931e+01,6.432557326188543811e-01
-1.489860167662845924e+01,1.858391739982471336e+01,6.432557326186270075e-01
-1.489860167659207946e+01,1.858391739980288548e+01,6.432557326183996338e-01
-1.489860167658480350e+01,1.858391739975922974e+01,6.432557326183996338e-01
-1.489860167657025158e+01,1.858391739973740187e+01,6.432557326181721491e-01
-1.489860167654842371e+01,1.858391739969374612e+01,6.432557326168080181e-01
-1.489860167651931988e+01,1.858391739966464229e+01,6.432557326154437760e-01
-1.489860167650476797e+01,1.858391739963553846e+01,6.432557326147616550e-01
-1.489860167650476797e+01,1.858391739963553846e+01,6.432557326140795340e-01
-1.489860167650476797e+01,1.858391739960643463e+01,6.432557326133974129e-01
-1.489860167650476797e+01,1.858391739960643463e+01,6.252557326133684201e-01
-1.489860167650476797e+01,1.858391739958460676e+01,5.902557326130590809e-01
-1.489860167648294009e+01,1.858391739957005484e+01,5.732557326123242092e-01
-1.489860167647566414e+01,1.858391739954822697e+01,5.202557326113037561e-01
-1.489860167646838818e+01,1.858391739951184718e+01,5.032557326103415107e-01
-1.489860167648294009e+01,1.858391739949729526e+01,4.862557326099476440e-01
-1.489860167646111222e+01,1.858391739946819143e+01,4.682557326096912220e-01
-1.489860167645383626e+01,1.858391739945363952e+01,4.332557326096093675e-01
-1.489760167644271860e+01,1.858391739941725973e+01,4.162557326093292431e-01
-1.487960167644632747e+01,1.859291739937907550e+01,3.632557326088772243e-01
-1.482760167642118176e+01,1.861391739934333600e+01,2.592557326090627612e-01
-1.480860167642822489e+01,1.861991739933000645e+01,2.242557326085261593e-01
-1.476960167643846944e+01,1.862991739928111201e+01,1.542557326082487634e-01
-1.472960167643032037e+01,1.863691739925707225e+01,8.425573260788610241e-02
-1.470960167641896987e+01,1.863991739924676949e+01,6.725573260763439976e-02
-1.468960167641489534e+01,1.864291739920736291e+01,3.225573260761649408e-02
-1.464960167637764243e+01,1.864491739922232227e+01,-5.574426739228499628e-02
-1.460960167636221740e+01,1.864391739923303248e+01,-1.429295745719514343e-01
-1.458960167635814287e+01,1.864191739921079716e+01,-1.949295745719155093e-01
-1.454960167633544188e+01,1.863491739917662926e+01,-2.819295745722456559e-01
-1.454960167632816592e+01,1.863491739914752543e+01,-2.819295745719045954e-01
-1.449060167631250806e+01,1.861891739909333410e+01,-3.869295745720365276e-01
-1.445260167628293857e+01,1.860491739905410213e+01,-4.569295745717454338e-01
-1.441460167626792099e+01,1.858891739905811846e+01,-5.089295745710842311e-01
-1.437860167627513874e+01,1.857091739904717542e+01,-5.619295745700583211e-01
-1.432560167623887537e+01,1.854091739904833958e+01,-6.309295745707004244e-01
-1.430860167619539425e+01,1.852991739901335677e+01,-6.489295745709569019e-01
-1.427560167619230924e+01,1.850791739900159882e+01,-6.839295745696745144e-01
-1.422660167616413673e+01,1.847191739900881657e+01,-7.359295745691269985e-01
-1.421060167615360115e+01,1.845891739902435802e+01,-7.529295745682702545e-01
-1.417960167615092359e+01,1.843291739901906112e+01,-7.709295745669351163e-01
-1.414960167613025988e+01,1.840691739897010848e+01,-8.059295745670169708e-01
-1.413460167612356599e+01,1.839391739894199418e+01,-8.059295745658801025e-01
-1.411960167609504424e+01,1.838091739892115584e+01,-8.059295745656528398e-01
-1.408960167607438052e+01,1.835291739892272744e+01,-8.229295745650233584e-01
-1.407360167604929302e+01,1.833891739890532335e+01,-8.229295745643412374e-01
-1.402760167603264563e+01,1.829691739886038704e+01,-8.229295745627496217e-01
-1.401260167605505558e+01,1.828291739885025891e+01,-8.229295745627496217e-01
-1.398260167604166782e+01,1.825491739884455455e+01,-8.229295745622948743e-01
-1.396860167600971181e+01,1.824091739882715046e+01,-8.229295745602485113e-01
-1.393860167599632405e+01,1.821291739879961824e+01,-8.229295745600211376e-01
-1.390960167597222608e+01,1.818591739875409985e+01,-8.229295745600211376e-01
-1.389460167596553219e+01,1.817191739875124767e+01,-8.229295745570652798e-01
-1.386460167594486848e+01,1.814391739873826737e+01,-8.059295745563304081e-01
-1.384960167593817459e+01,1.812991739868448349e+01,-8.059295745549661660e-01
-1.381960167591751087e+01,1.810391739866463467e+01,-7.879295745526633254e-01
-1.378960167590412311e+01,1.807791739865206182e+01,-7.709295745539748168e-01
-1.375760167589760385e+01,1.805191739866131684e+01,-7.359295745538929623e-01
-1.372560167587653268e+01,1.802791739865642739e+01,-7.009295745524468657e-01
-1.370960167587327305e+01,1.801591739860305097e+01,-6.839295745514846203e-01
-1.367560167585179443e+01,1.799391739856946515e+01,-6.489295745511753921e-01
-1.365860167584469309e+01,1.798291739854175830e+01,-6.309295745504641673e-01
-1.362360167581937276e+01,1.796291739853040781e+01,-5.959295745499275654e-01
-1.360560167583753355e+01,1.795291739852837054e+01,-5.789295745496474410e-01
-1.355160167583380826e+01,1.792491739852266619e+01,-5.269295745495127248e-01
-1.353360167580103735e+01,1.791591739851719467e+01,-5.089295745494837320e-01
-1.349660167576803360e+01,1.789991739851393504e+01,-4.919295745495446126e-01
-1.347760167576052481e+01,1.789191739850502927e+01,-4.919295745494309813e-01
-1.344060167574207298e+01,1.787591739846538985e+01,-4.569295745488943794e-01
-1.340260167571250349e+01,1.786191739843343385e+01,-4.389295745484104727e-01
-1.338360167571954662e+01,1.785491739842836978e+01,-4.219295745477893433e-01
-1.334560167571180500e+01,1.784091739841096569e+01,-4.039295745469644316e-01
-1.332660167568246834e+01,1.783391739837679779e+01,-4.039295745469644316e-01
-1.328760167567088502e+01,1.782091739834140753e+01,-3.699295745474273645e-01
-1.324860167567385361e+01,1.780891739831713494e+01,-3.519295745469435133e-01
-1.316860167567210738e+01,1.778691739829082508e+01,-3.169295745475437798e-01
-1.314960167565732263e+01,1.778191739827161655e+01,-2.999295745480594633e-01
-1.313460167565062875e+01,1.777891739824553952e+01,-2.819295745483714200e-01
-1.313360167565406300e+01,1.777891739823826356e+01,-2.649295745478639219e-01
-1.313160167561727576e+01,1.777891739822371164e+01,-2.649295745475228614e-01
-1.308860167559760157e+01,1.777191739818226779e+01,-2.119295745475255899e-01
-1.306860167556442320e+01,1.776891739818529459e+01,-2.119295745471845016e-01
-1.302860167557082605e+01,1.776391739814425819e+01,-1.779295745466811240e-01
-1.296860167560225818e+01,1.775791739810665604e+01,-1.599295745466520202e-01
-1.294860167559818365e+01,1.775691739806643454e+01,-1.429295745469403300e-01
-1.290860167557548266e+01,1.775491739803692326e+01,-1.249295745469112262e-01
-1.288860167556413217e+01,1.775391739800397772e+01,-1.079295745468584755e-01
-1.284860167554870714e+01,1.775291739795648027e+01,-8.992957454682937168e-02
-1.280860167554055806e+01,1.775291739792010048e+01,-7.274426736722716669e-02
-1.278860167552920757e+01,1.775291739787644474e+01,-7.274426736719874498e-02
-1.274860167552833445e+01,1.775291739785461687e+01,-5.574426736713178343e-02
-1.272860167551698396e+01,1.775291739784006495e+01,-5.574426736711757258e-02
-1.268860167550883489e+01,1.775291739784006495e+01,-3.774426736711689045e-02
-1.264860167546430603e+01,1.775391739780752687e+01,-3.774426736707425789e-02
-1.260860167544888100e+01,1.775491739781136857e+01,-3.774426736704583618e-02
-1.258860167545208242e+01,1.775591739782248624e+01,-2.074426736698598006e-02
-1.254860167545848526e+01,1.775791739780106582e+01,-2.074426736694334750e-02
-1.250860167542850832e+01,1.775991739775054157e+01,-2.074426736692913664e-02
-1.248860167543170974e+01,1.776091739776165923e+01,-2.744267366926678164e-03
-1.244860167542356066e+01,1.776291739774023881e+01,-2.744267366928454521e-03
-1.242860167541221017e+01,1.776491739774792222e+01,-2.744267366921349094e-03
-1.238760167539294343e+01,1.776691739774105372e+01,-2.744267366917795947e-03
-1.234660167539550457e+01,1.776991739774530288e+01,1.425573263308877077e-02
-1.230660167538007954e+01,1.777391739773156587e+01,1.425573263306034733e-02
-1.226660167539375834e+01,1.777791739768872503e+01,1.425573263305679635e-02
-1.222660167539288523e+01,1.778191739762405632e+01,3.225573263295444110e-02
-1.220660167538153473e+01,1.778391739761718782e+01,3.225573263300418603e-02
-1.218660167537018424e+01,1.778591739757393952e+01,3.225573263300418603e-02
-1.214660167534020729e+01,1.778991739755292656e+01,4.925573263291482817e-02
-1.212660167533613276e+01,1.779191739750967827e+01,4.925573263280114134e-02
-1.208660167532798368e+01,1.779591739752504509e+01,4.925573263277271963e-02
-1.204660167531255865e+01,1.780091739748604596e+01,6.725573263250339551e-02
-1.196660167529626051e+01,1.781291739748849068e+01,1.022557326323010329e-01
-1.194660167529218597e+01,1.781691739745292580e+01,1.022557326322726112e-01
-1.190660167528403690e+01,1.782491739744000370e+01,1.362557326323212692e-01
-1.188660167527268641e+01,1.782891739743354265e+01,1.362557326321507389e-01
-1.184660167527908925e+01,1.783791739743901417e+01,1.542557326324072164e-01
-1.182660167526773876e+01,1.784291739742184291e+01,1.712557326317778461e-01
-1.178660167526686564e+01,1.785291739740205230e+01,1.892557326313522026e-01
-1.174660167525144061e+01,1.786491739738266915e+01,2.062557326310638928e-01
-1.170660167524329154e+01,1.787691739737056196e+01,2.412557326304636263e-01
-1.166860167523554992e+01,1.788991739738412434e+01,2.592557326294127606e-01
-1.164960167522076517e+01,1.789691739736008458e+01,2.592557326286168973e-01
-1.161160167520574760e+01,1.791091739736293675e+01,2.942557326291534991e-01
-1.159260167519096285e+01,1.791791739731706912e+01,2.942557326286987518e-01
-1.155460167519777315e+01,1.793191739729809342e+01,3.112557326285241288e-01
-1.153560167517571244e+01,1.793991739729972323e+01,3.282557326289179400e-01
-1.149860167517181253e+01,1.795591739730298286e+01,3.462557326283786097e-01
-1.146160167515336070e+01,1.797291739730280824e+01,3.812557326289152115e-01
-1.142560167516057845e+01,1.799091739728464745e+01,3.982557326289679622e-01
-1.140760167514963541e+01,1.799991739727556705e+01,3.982557326280584675e-01
-1.135360167515318608e+01,1.802891739727056120e+01,4.332557326271171960e-01
-1.133560167514951900e+01,1.803891739727259846e+01,4.512557326268051838e-01
-1.128360167516075308e+01,1.806991739723889623e+01,4.862557326257502255e-01
-1.124960167516110232e+01,1.809091739720315672e+01,4.862557326255227963e-01
-1.123260167515400099e+01,1.810191739720175974e+01,4.862557326248406753e-01
-1.119860167514707427e+01,1.812391739722079365e+01,5.032557326233018102e-01
-1.116460167513287161e+01,1.814591739720344776e+01,5.032557326235291839e-01
-1.112960167512210319e+01,1.816891739719721954e+01,5.032557326226196892e-01
-1.110960167511075269e+01,1.818191739719623001e+01,5.032557326226196892e-01
-1.110760167511034524e+01,1.818291739717824385e+01,5.032557326223923155e-01
-1.108660167509515304e+01,1.819591739715542644e+01,5.032557326219375682e-01
-1.107060167508461745e+01,1.820691739714675350e+01,5.032557326221649419e-01
-1.103760167508153245e+01,1.822891739712213166e+01,5.202557326215355715e-01
-1.102060167506715516e+01,1.823991739709163085e+01,5.202557326213081978e-01
-1.098660167504567653e+01,1.826291739709267858e+01,5.202557326197165821e-01
-1.095260167502419790e+01,1.828591739707189845e+01,5.202557326194892084e-01
-1.091960167502111290e+01,1.830891739706567023e+01,5.382557326183814439e-01
-1.090260167498490773e+01,1.832091739707539091e+01,5.382557326179266965e-01
-1.085160167497815564e+01,1.835691739702451741e+01,5.382557326170173129e-01
-1.083460167495650239e+01,1.836891739702696213e+01,5.382557326163350808e-01
-1.080060167494957568e+01,1.839291739700274775e+01,5.382557326147434651e-01
-1.078360167492792243e+01,1.840491739699791651e+01,5.382557326140613441e-01
-1.074860167491715401e+01,1.842991739701392362e+01,5.382557326147434651e-01
-1.073160167490277672e+01,1.844191739696543664e+01,5.382557326145160914e-01
-1.068160167490714230e+01,1.847791739698004676e+01,5.552557326138868321e-01
-1.066460167491459288e+01,1.848991739696066361e+01,5.552557326138868321e-01
-1.063060167492221808e+01,1.851391739696555305e+01,5.552557326136593474e-01
-1.059660167492256733e+01,1.853991739694174612e+01,5.552557326141140948e-01
-1.057960167489363812e+01,1.855291739691892872e+01,5.552557326141140948e-01
-1.054560167487943545e+01,1.857891739690239774e+01,5.552557326138868321e-01
-1.052860167486505816e+01,1.859091739689029055e+01,5.552557326138868321e-01
-1.049460167484357953e+01,1.861691739688103553e+01,5.552557326129772264e-01
-1.047760167483647820e+01,1.862991739684366621e+01,5.552557326116129843e-01
-1.044360167483682744e+01,1.865491739680146566e+01,5.552557326107034896e-01
-1.041060167482646648e+01,1.867891739678452723e+01,5.732557326102778461e-01
-1.037760167482338147e+01,1.870291739674576093e+01,5.732557326095957251e-01
-1.036160167481284589e+01,1.871591739675932331e+01,5.732557326086862304e-01
-1.032960167480632663e+01,1.874091739676077850e+01,5.732557326073219883e-01
-1.029760167481435928e+01,1.876591739674040582e+01,5.902557326064652443e-01
-1.026560167479328811e+01,1.879191739673842676e+01,6.082557326055848534e-01
-1.025060167477204232e+01,1.880491739670833340e+01,6.082557326046753587e-01
-1.021960167476208881e+01,1.883091739667725051e+01,6.252557326049554831e-01
-1.018960167473414913e+01,1.885691739666799549e+01,6.432557326040750922e-01
-1.017360167471633758e+01,1.886991739664517809e+01,6.432557326036203449e-01
-1.014360167471750174e+01,1.889591739663592307e+01,6.432557326027108502e-01
-1.011360167469683802e+01,1.892191739661939209e+01,6.602557326025362272e-01
-1.008360167469800217e+01,1.894791739660286112e+01,6.602557326011719852e-01
-1.003860167470702436e+01,1.898891739658574807e+01,6.772557326009973622e-01
-1.002360167470033048e+01,1.900191739658475854e+01,6.772557325994057464e-01
-9.993601674694218673e+00,1.902991739656135906e+01,6.772557325996331201e-01
-9.978601674702076707e+00,1.904391739654238336e+01,6.952557326005717186e-01
-9.950601674689096399e+00,1.907191739655536367e+01,6.952557325992074766e-01
-9.920601674697536509e+00,1.910091739652852993e+01,6.952557326001169713e-01
-9.875601674684730824e+00,1.914291739650798263e+01,6.952557325987527292e-01
-9.861601674667326733e+00,1.915691739649628289e+01,6.952557325976158609e-01
-9.832601674657780677e+00,1.918491739647288341e+01,7.122557325976686116e-01
-9.818601674647652544e+00,1.919891739644663176e+01,7.122557325967592279e-01
-9.804601674630248453e+00,1.921291739642765606e+01,7.122557325963043695e-01
-9.776601674624544103e+00,1.924091739644063637e+01,7.122557325958496222e-01
-9.762601674607140012e+00,1.925491739642893663e+01,7.302557325958787260e-01
-9.720601674598583486e+00,1.929791739644861082e+01,7.302557325958787260e-01
-9.706601674603007268e+00,1.931291739641164895e+01,7.302557325965608470e-01
-9.692601674585603178e+00,1.932691739637084538e+01,7.302557325958787260e-01
-9.664601674587174784e+00,1.935591739635856356e+01,7.472557325943397499e-01
-9.637601674570760224e+00,1.938591739633557154e+01,7.472557325925208715e-01
-9.610601674568897579e+00,1.941591739631985547e+01,7.652557325911857333e-01
-9.584601674556324724e+00,1.944591739628231153e+01,7.652557325907309860e-01
-9.571601674542762339e+00,1.946091739625990158e+01,7.652557325893667439e-01
-9.558601674543751869e+00,1.947591739625204355e+01,7.652557325898214913e-01
-9.532601674553006887e+00,1.950591739624360343e+01,7.822557325880552526e-01
-9.506601674569537863e+00,1.953591739622061141e+01,7.822557325878278789e-01
-9.493601674563251436e+00,1.955091739619092550e+01,7.822557325869183842e-01
-9.467601674557954539e+00,1.958191739617177518e+01,8.002557325855833570e-01
-9.427601674542529508e+00,1.962991739616700215e+01,8.002557325844463776e-01
-9.414601674536243081e+00,1.964591739617753774e+01,8.002557325833095092e-01
-9.401601674529956654e+00,1.966191739614441758e+01,8.002557325819452672e-01
-9.374601674498990178e+00,1.969391739613638492e+01,8.002557325814905198e-01
-9.360601674481586087e+00,1.970991739607416093e+01,8.002557325819452672e-01
-9.307601674459874630e+00,1.977391739607264753e+01,8.002557325808083988e-01
-9.294601674460864160e+00,1.978991739607590716e+01,8.002557325796715304e-01
-9.268601674448291305e+00,1.982291739604261238e+01,8.002557325773977936e-01
-9.254601674423611257e+00,1.983891739602404414e+01,8.002557325785346620e-01
-9.228601674425590318e+00,1.987091739598690765e+01,8.002557325767156726e-01
-9.189601674421282951e+00,1.991991739594232058e+01,8.002557325764882989e-01
-9.176601674407720566e+00,1.993491739589808276e+01,8.002557325760335516e-01
-9.150601674380595796e+00,1.996491739587509073e+01,8.002557325758061779e-01
-9.137601674374309368e+00,1.998091739586379845e+01,8.002557325751240569e-01
-9.111601674347184598e+00,2.001291739585576579e+01,8.002557325739871885e-01
-9.098601674319070298e+00,2.002791739579697605e+01,8.002557325737598148e-01
-9.072601674291945528e+00,2.005791739574488020e+01,8.002557325739871885e-01
-9.046601674279372673e+00,2.008791739572916413e+01,7.822557325737308220e-01
-9.033601674243982416e+00,2.010291739569947822e+01,7.822557325739580847e-01
-8.994601674232399091e+00,2.014791739566862816e+01,7.822557325739580847e-01
-8.981601674197008833e+00,2.016291739561711438e+01,7.822557325732759637e-01
-8.955601674198987894e+00,2.019291739556501852e+01,7.652557325716315972e-01
-8.942601674185425509e+00,2.020791739555716049e+01,7.652557325707221025e-01
-8.915601674176286906e+00,2.023791739557782421e+01,7.652557325707221025e-01
-8.902601674177276436e+00,2.025291739556996617e+01,7.652557325704947289e-01
-8.875601674153585918e+00,2.028291739553242223e+01,7.472557325711477461e-01
-8.807601674147008453e+00,2.035591739552182844e+01,7.302557325706402480e-01
-8.779601674126752187e+00,2.038391739553480875e+01,7.302557325688212586e-01
-8.751601674121047836e+00,2.041291739550069906e+01,7.302557325674570166e-01
-8.737601674103643745e+00,2.042691739546717145e+01,7.122557325676552864e-01
-8.709601674090663437e+00,2.045491739542922005e+01,7.122557325683374074e-01
-8.681601674084959086e+00,2.048291739539126866e+01,7.122557325676552864e-01
-8.653601674064702820e+00,2.051091739536786918e+01,6.952557325662382937e-01
-8.639601674069126602e+00,2.052491739537799731e+01,6.952557325657835463e-01
-8.609601674092118628e+00,2.055291739536187379e+01,6.952557325653287990e-01
-8.580601674097124487e+00,2.058091739531664643e+01,6.772557325648449478e-01
-8.550601674083736725e+00,2.060791739528940525e+01,6.772557325632533320e-01
-8.535601674084318802e+00,2.062191739525587764e+01,6.772557325639354531e-01
-8.505601674078206997e+00,2.064791739528300241e+01,6.602557325634279550e-01
-8.490601674078789074e+00,2.066091739527473692e+01,6.602557325627458340e-01
-8.445601674051431473e+00,2.069991739523538854e+01,6.432557325615562149e-01
-8.430601674059289508e+00,2.071291739519801922e+01,6.432557325620109623e-01
-8.384601674042642117e+00,2.075191739521687850e+01,6.252557325612997374e-01
-8.368601674039382488e+00,2.076491739517223323e+01,6.252557325603902427e-01
-8.321601674026169349e+00,2.080391739514743676e+01,6.082557325596554820e-01
-8.290601674001663923e+00,2.082991739511635387e+01,6.082557325596554820e-01
-8.274601673983852379e+00,2.084291739515174413e+01,5.902557325587167725e-01
-8.242601673991885036e+00,2.086891739514248911e+01,5.902557325573525304e-01
-8.225601673984783702e+00,2.088191739512694767e+01,5.902557325571251567e-01
-8.192601673988974653e+00,2.090791739509586478e+01,5.902557325559882884e-01
-8.158601673974771984e+00,2.093391739507205784e+01,5.902557325548514200e-01
-8.141601673960394692e+00,2.094691739500558469e+01,5.902557325537145516e-01
-8.107601673946192022e+00,2.097291739495267393e+01,5.902557325528050569e-01
-8.056601673932163976e+00,2.101191739492787747e+01,5.902557325528050569e-01
-8.040601673936180305e+00,2.102491739487595623e+01,5.902557325525776832e-01
-8.024601673940196633e+00,2.103791739487496670e+01,5.902557325514408149e-01
-7.992601673940953333e+00,2.106291739488369785e+01,5.902557325514408149e-01
-7.960601673948985990e+00,2.108791739483422134e+01,5.902557325514408149e-01
-7.944601673953002319e+00,2.110091739482595585e+01,5.902557325514408149e-01
-7.929601673946308438e+00,2.111391739477403462e+01,5.902557325518955622e-01
-7.897601673943427159e+00,2.113891739478276577e+01,6.082557325510151713e-01
-7.881601673936529551e+00,2.115191739475994837e+01,6.082557325503330503e-01
-7.847601673929602839e+00,2.117791739472158952e+01,6.082557325501056766e-01
-7.797601673923054477e+00,2.121691739469679305e+01,6.082557325498783030e-01
-7.781601673901604954e+00,2.122991739468125161e+01,6.082557325482866872e-01
-7.765601673876517452e+00,2.124291739460750250e+01,6.082557325466951825e-01
-7.732601673866156489e+00,2.126891739455459174e+01,6.082557325460130615e-01
-7.699601673852157546e+00,2.129491739454533672e+01,6.082557325455582031e-01
-7.683601673827070044e+00,2.130791739452979527e+01,6.082557325448760821e-01
-7.649601673820143333e+00,2.133391739447688451e+01,6.082557325451034558e-01
-7.633601673813245725e+00,2.134691739446134306e+01,6.082557325444213348e-01
-7.600601673802884761e+00,2.137291739448846783e+01,6.082557325441939611e-01
-7.567601673803437734e+00,2.139891739447921282e+01,6.082557325437392137e-01
-7.519601673797296826e+00,2.143791739444714040e+01,6.082557325432844664e-01
-7.471601673787517939e+00,2.147691739443689585e+01,5.902557325437101099e-01
-7.455601673773344373e+00,2.148991739441407844e+01,5.902557325425731305e-01
-7.439601673766446766e+00,2.150291739438398508e+01,5.902557325414363731e-01
-7.422601673766621388e+00,2.151591739433933981e+01,5.902557325418911205e-01
-7.389601673748984467e+00,2.154191739431553287e+01,5.902557325416637468e-01
-7.356601673767727334e+00,2.156791739426262211e+01,5.902557325407542521e-01
-7.305601673764613224e+00,2.160691739425965352e+01,5.902557325402995048e-01
-7.288601673757511890e+00,2.161991739425866399e+01,5.902557325396173837e-01
-7.254601673736033263e+00,2.164591739422030514e+01,5.902557325391626364e-01
-7.237601673725293949e+00,2.165891739424114348e+01,5.902557325375710207e-01
-7.204601673718570964e+00,2.168491739423188847e+01,5.902557325371162733e-01
-7.188601673711673357e+00,2.169791739419451915e+01,5.902557325366615260e-01
-7.155601673704950372e+00,2.172291739413049072e+01,5.902557325357520313e-01
-7.138601673701487016e+00,2.173591739410039736e+01,5.902557325357520313e-01
-7.104601673698198283e+00,2.176191739412024617e+01,5.902557325346151629e-01
-7.071601673687837319e+00,2.178791739412554307e+01,5.902557325341604155e-01
-7.054601673680735985e+00,2.180091739411727758e+01,5.902557325330235471e-01
-7.020601673681085231e+00,2.182691739410074661e+01,5.902557325321141635e-01
-6.969601673677971121e+00,2.186591739406867418e+01,5.902557325318866788e-01
-6.952601673670869786e+00,2.187891739406040870e+01,5.902557325316593051e-01
-6.936601673667610157e+00,2.189191739403031534e+01,5.902557325314319314e-01
-6.904601673650176963e+00,2.191791739405016415e+01,5.902557325314319314e-01
-6.888601673654193291e+00,2.193091739403462270e+01,5.902557325305224367e-01
-6.856601673651312012e+00,2.195691739403991960e+01,6.082557325296420458e-01
-6.807601673652243335e+00,2.199591739405150292e+01,6.082557325291872985e-01
-6.790601673652417958e+00,2.200891739409416914e+01,6.082557325294147832e-01
-6.774601673641882371e+00,2.202191739408590365e+01,6.082557325298694195e-01
-6.741601673635159386e+00,2.204791739408392459e+01,6.082557325285051775e-01
-6.708601673639350338e+00,2.207391739406011766e+01,6.082557325285051775e-01
-6.691601673624973046e+00,2.208691739405185217e+01,6.082557325289599248e-01
-6.658601673618250061e+00,2.211291739401349332e+01,6.082557325275956828e-01
-6.642601673600438517e+00,2.212591739397612400e+01,6.082557325273683091e-01
-6.613601673594530439e+00,2.214991739393008174e+01,6.082557325271409354e-01
-6.606601673589466373e+00,2.215491739390563453e+01,6.082557325262314407e-01
-6.599601673580764327e+00,2.216091739392140880e+01,6.082557325244124513e-01
-6.570601673571218271e+00,2.218491739392629825e+01,6.082557325239577040e-01
-6.540601673565106466e+00,2.220991739392047748e+01,6.082557325225934619e-01
-6.509601673551514978e+00,2.223591739391122246e+01,5.902557325216548634e-01
-6.477601673548633698e+00,2.226091739393450553e+01,5.902557325202906213e-01
-6.461601673552650027e+00,2.227391739388986025e+01,5.902557325205179950e-01
-6.445601673545752419e+00,2.228691739387431880e+01,5.902557325202906213e-01
-6.377601673535536975e+00,2.233891739387036068e+01,5.902557325198358740e-01
-6.343601673535886221e+00,2.236491739389020950e+01,5.902557325189263793e-01
-6.326601673514232971e+00,2.237791739387466805e+01,5.902557325173347635e-01
-6.292601673510944238e+00,2.240391739388724091e+01,5.902557325161978952e-01
-6.258601673493103590e+00,2.242991739386343397e+01,5.902557325159705215e-01
-6.226601673497498268e+00,2.245491739387216512e+01,5.902557325155157741e-01
-6.210601673483324703e+00,2.246791739384207176e+01,5.902557325152884005e-01
-6.178601673473167466e+00,2.249291739385807887e+01,5.902557325146062794e-01
-6.146601673463010229e+00,2.251791739381587831e+01,5.732557325138714077e-01
-6.130601673463388579e+00,2.252991739381104708e+01,5.732557325131892867e-01
-6.098601673464145279e+00,2.255391739383776439e+01,5.552557325129328092e-01
-6.081601673453405965e+00,2.256591739383293316e+01,5.382557325110610691e-01
-6.048601673446682980e+00,2.258991739381599473e+01,5.382557325101515744e-01
-6.051671999229959908e+00,2.261291745906937223e+01,5.382561669886355427e-01
-6.056744722184402185e+00,2.263591752425221770e+01,5.382566012489171658e-01
-6.048462392720873382e+00,2.265991756767270360e+01,5.382568906220326355e-01
-6.057183466788372606e+00,2.267091761106113168e+01,5.382571798720605649e-01
-6.060269022173956799e+00,2.269491767618212918e+01,5.382576135490375613e-01
-6.056632635029426837e+00,2.270691769784727043e+01,5.382577580478010715e-01
-6.059728556338484395e+00,2.273091776284182330e+01,5.552581913572546268e-01
-6.060164574762768375e+00,2.276691784946140729e+01,5.552587684825590619e-01
-6.052890461901219155e+00,2.279091789274770719e+01,5.552590569751122418e-01
-6.057983239894520366e+00,2.281491795765178665e+01,5.552594895143034837e-01
-6.049714218276327493e+00,2.283891800089650204e+01,5.732597777405196160e-01
-6.058448869629575739e+00,2.285191804419859452e+01,5.732600658472298827e-01
-6.051186707884746774e+00,2.287691808744408917e+01,5.732603538274075872e-01
-6.059928210359101897e+00,2.288891813069142245e+01,5.732606416888591516e-01
-6.052672899720466404e+00,2.291291817386034779e+01,5.902609294255303229e-01
-6.057793898394477239e+00,2.293791823863895019e+01,5.902613608336449991e-01
-6.054169333990881974e+00,2.295091826020773951e+01,5.902615045751369305e-01
-6.059300564529165989e+00,2.297691832493199016e+01,5.902619356155083263e-01
-6.048434347072563888e+00,2.301591838958032099e+01,6.082623664437870614e-01
-6.058192842842641035e+00,2.302891843267243388e+01,6.082626535311188576e-01
-6.051954506298496739e+00,2.305491847575449782e+01,6.252629404934381130e-01
-6.060719735459751512e+00,2.306791851873639487e+01,6.252632273351254044e-01
-6.055488416637814453e+00,2.309391856178260483e+01,6.252635140573511441e-01
-6.052874925438215925e+00,2.310691858329194304e+01,6.252636573630803163e-01
-6.060039284459895370e+00,2.313291864771766981e+01,6.432640870928558741e-01
-6.054818129560849194e+00,2.315891869070368969e+01,6.432643734495573362e-01
-6.052209711311751228e+00,2.317191871216770593e+01,6.432645165728687608e-01
-6.057389371235238684e+00,2.319991877663377267e+01,6.432649457569057372e-01
-6.050178300649955432e+00,2.322691881956351878e+01,6.602652317464270393e-01
-6.055365524889047002e+00,2.325491888391706397e+01,6.602656605354713104e-01
-6.051763026385936328e+00,2.326891890540986907e+01,6.602658034036921197e-01
-6.057960456393513660e+00,2.329691896972738263e+01,6.602662318312642054e-01
-6.054361330034347510e+00,2.331091899117647159e+01,6.602663745810016804e-01
-6.060568929791239512e+00,2.333891905542131084e+01,6.602668026444689087e-01
-6.054376666058520762e+00,2.336691909827313296e+01,6.602670878900566143e-01
-6.051782663756509528e+00,2.338091911962787606e+01,6.602672304562959837e-01
-6.059005577397156728e+00,2.340891918377468173e+01,6.602676579773718579e-01
-6.053823489937510516e+00,2.343591922652614201e+01,6.602679428604391054e-01
-6.048644647185201784e+00,2.346191926922295679e+01,6.602682276224295377e-01
-6.055880166985888380e+00,2.348791933333847126e+01,6.602686545701716980e-01
-6.053293723495673184e+00,2.350091935466258164e+01,6.432687968249207744e-01
-6.060539394844954408e+00,2.352691941870828529e+01,6.432692234113965846e-01
-6.052787561660030846e+00,2.356591948273860027e+01,6.432696497881068565e-01
-6.059038093932941571e+00,2.359191954674786373e+01,6.432700759529124124e-01
-6.056456651503833832e+00,2.360491956809211800e+01,6.432702179480115356e-01
-6.050297981998085106e+00,2.363091961071294733e+01,6.252705018277283644e-01
-6.057563750780072809e+00,2.365691967460228184e+01,6.252709274529948402e-01
-6.051410034506111479e+00,2.368291971716079303e+01,6.082712110719424858e-01
-6.060259818175255830e+00,2.369591975970637066e+01,6.082714945730587353e-01
-6.056686840682981909e+00,2.370891978100650022e+01,6.082716362691049650e-01
-6.048545091505651783e+00,2.373491982350963525e+01,6.082719195492320985e-01
-6.052836232162498220e+00,2.376091988730317794e+01,6.082723442763330324e-01
-6.057129785909433295e+00,2.378691995102897394e+01,6.082727687936452243e-01
-6.053562673986291109e+00,2.379991997226891343e+01,6.082729102397403942e-01
-6.058866313955369343e+00,2.382592003594806584e+01,6.082733343995020414e-01
-6.052737853028518522e+00,2.385192007840543127e+01,6.082736170429214884e-01
-6.059048937703363613e+00,2.387792014198384294e+01,6.082740408142873756e-01
-6.055487686736327646e+00,2.389092016318945610e+01,6.082741820114037079e-01
-6.060808882086703875e+00,2.391692022674306628e+01,6.082746054241799927e-01
-6.053692105278472013e+00,2.394292026908496851e+01,6.252748875700255837e-01
-6.051135937898073358e+00,2.395592029023963576e+01,6.252750285899366656e-01
-6.056472300399136088e+00,2.398192035365963193e+01,6.252754514694386367e-01
-6.052919458487739490e+00,2.399492037478721684e+01,6.252755923692165929e-01
-6.058265890358663697e+00,2.402092043821524925e+01,6.252760148921490124e-01
-6.054716400772839791e+00,2.403392045930576160e+01,6.252761556726281755e-01
-6.056496438353120126e+00,2.407392054373850598e+01,6.252767182371979926e-01
-6.051945853991034241e+00,2.408792056479278898e+01,6.252768588485061452e-01
-6.057299085314024722e+00,2.411492062811656112e+01,6.252772805083074426e-01
-6.053751860257312600e+00,2.412792064919154456e+01,6.252774210031422086e-01
-6.059115137066915402e+00,2.415492071243609118e+01,6.252778423086990944e-01
-6.052026413328372101e+00,2.418292075453485523e+01,6.252781230502428844e-01
-6.060941149820211926e+00,2.419692079665521334e+01,6.252784036735941076e-01
-6.053859139328157113e+00,2.422392083874514057e+01,6.432786841787665466e-01
-6.057685778816746414e+00,2.426292092295489411e+01,6.252792447733163117e-01
-6.055145049927985745e+00,2.427592094394060496e+01,6.252793848722919545e-01
-6.052606888650118755e+00,2.428892096495250996e+01,6.252795249223940255e-01
-6.058997336322346605e+00,2.431492102800194033e+01,6.252799448967285567e-01
-6.051926726344801999e+00,2.434092107004324390e+01,6.252802247515243383e-01
-6.060859566111505004e+00,2.435392111204341603e+01,6.252805044899306663e-01
-6.051262495654620821e+00,2.439292117501017643e+01,6.082809239058112327e-01
-6.060200241359248174e+00,2.440592121696410999e+01,6.082812033901282556e-01
-6.053141229558304026e+00,2.443192125891931710e+01,6.082814827558398196e-01
-6.059224596916735983e+00,2.447092135320887607e+01,6.077132903085392668e-01
-6.052159332107553524e+00,2.449692139507784461e+01,6.077134880071370926e-01
-6.060097521500653173e+00,2.450992143688163694e+01,6.077136856235797469e-01
-6.056568725332083680e+00,2.452292145778750054e+01,6.077137843945051854e-01
-6.060987265383684708e+00,2.454892152055585441e+01,6.077140805800183010e-01
-6.052935371391114927e+00,2.457492156237039183e+01,6.077142779470222633e-01
-6.049411632773843195e+00,2.458792158325925925e+01,6.077143765929610142e-01
-6.053845246159868410e+00,2.461392164591671516e+01,6.077146724061380789e-01
-6.050324845097399873e+00,2.462692166674490579e+01,6.077147709691274047e-01
-6.054768463894739661e+00,2.465292172934546855e+01,6.077150665333285184e-01
-6.056667359772310633e+00,2.469192181272364195e+01,6.077154601964034342e-01
-6.053146561748230958e+00,2.470492183359229443e+01,6.077155585931260928e-01
-6.056041272770603001e+00,2.474392191687030618e+01,6.247159517888033475e-01
-6.050996460521117726e+00,2.476992195849667766e+01,6.247161483381551417e-01
-6.059955050091092588e+00,2.478292200013317270e+01,6.247163448061269220e-01
-6.053916864394751407e+00,2.480892204174655191e+01,6.247165411909122446e-01
-6.050399978475686780e+00,2.482192206252849331e+01,6.247166393466669909e-01
-6.054310116293009081e+00,2.486192214558412061e+01,6.247170315756634951e-01
-6.050792088380992695e+00,2.487492216639687115e+01,6.247171296143527730e-01
-6.056242829587059617e+00,2.490192222864052241e+01,6.247174236039089168e-01
-6.049212411589456551e+00,2.492892227010492334e+01,6.247176195073576022e-01
-6.054670470670046711e+00,2.495492233233157364e+01,6.247179132292026704e-01
-6.052158171591117686e+00,2.496792235306957863e+01,6.247180110944684506e-01
-6.048648469674499317e+00,2.498092237381974456e+01,6.247181089271349741e-01
-6.054124177502171023e+00,2.500792243593273767e+01,6.247184023004912490e-01
-6.051617800597008490e+00,2.502092245662546688e+01,6.247185000506104702e-01
-6.058103481467062679e+00,2.504692251864895169e+01,6.247187931777674619e-01
-6.051096344984494557e+00,2.507292256001768394e+01,6.247189885060483450e-01
-6.056589307477293183e+00,2.509892262201624646e+01,6.247192813673378975e-01
-6.049587023679528386e+00,2.512492266330923130e+01,6.247194765187961130e-01
-6.058588104593721546e+00,2.513892270465138168e+01,6.247196715888094776e-01
-6.052592416070944559e+00,2.516492274594483547e+01,6.247198665757528468e-01
-6.049096762923686477e+00,2.517792276654017769e+01,6.247199640321510206e-01
-6.054614561877158962e+00,2.520492282845052046e+01,6.247202562790771241e-01
-6.051122221963782799e+00,2.521792284902584313e+01,6.247203536533491031e-01
-5.990590604008163567e+00,2.525692282834195979e+01,6.077202561444355888e-01
-5.973581446031571041e+00,2.526992282833035475e+01,6.077202560722475555e-01
-5.914550775728666387e+00,2.529692278709550735e+01,6.077200615227011937e-01
-5.873528907678061017e+00,2.530992274588432878e+01,6.077198671487695769e-01
-5.803009192342318379e+00,2.533592268419239346e+01,6.077195758509369439e-01
-5.770009192328870995e+00,2.536192268420563778e+01,6.077195758502966783e-01
-5.754009192332887324e+00,2.537492268416099250e+01,6.077195758487050625e-01
-5.721009192329802318e+00,2.540092268412990961e+01,6.077195758484776889e-01
-5.705009192326542689e+00,2.541392268415074795e+01,6.077195758471134468e-01
-5.674009192320227157e+00,2.543992268415604485e+01,6.247195758458019554e-01
-5.643009192306635669e+00,2.546592268413951388e+01,6.247195758442103397e-01
-5.627009192299738061e+00,2.547892268410942052e+01,6.247195758435282187e-01
-5.579009192286321195e+00,2.551892268409574172e+01,6.247195758433008450e-01
-5.563009192272147629e+00,2.553192268405837240e+01,6.247195758428460977e-01
-5.531009192258352414e+00,2.555792268406366929e+01,6.247195758414818556e-01
-5.515009192255092785e+00,2.557092268399719615e+01,6.247195758410271083e-01
-5.483009192244935548e+00,2.559792268395540304e+01,6.247195758403449872e-01
-5.467009192241675919e+00,2.561092268390348181e+01,6.247195758403449872e-01
-5.419009192242810968e+00,2.565092268388980301e+01,6.247195758396628662e-01
-5.403009192254103255e+00,2.566392268393246923e+01,6.247195758382986241e-01
-5.387009192239929689e+00,2.567692268389509991e+01,6.247195758389807452e-01
-5.035009192230063491e+00,2.597692268388345838e+01,6.427195758385551017e-01
-5.006009192220517434e+00,2.600292268384509953e+01,6.427195758369634859e-01
-5.001009192215860821e+00,2.600692268384591443e+01,6.427195758360539912e-01
-4.993009192206955049e+00,2.601392268380732276e+01,6.427195758351444965e-01
-4.980009192211582558e+00,2.602492268379137386e+01,6.427195758344623755e-01
-4.948009192219615215e+00,2.605192268377868459e+01,6.427195758335528808e-01
-4.932009192212717608e+00,2.606492268374131527e+01,6.427195758337802545e-01
-4.900009192198922392e+00,2.609192268372135004e+01,6.427195758340076281e-01
-4.852009192200057441e+00,2.613292268367513316e+01,6.427195758342350018e-01
-4.836009192196797812e+00,2.614592268368141958e+01,6.427195758337802545e-01
-4.804009192193916533e+00,2.617392268371622777e+01,6.427195758335528808e-01
-4.772009192187397275e+00,2.620192268372193212e+01,6.427195758326433861e-01
-4.756009192184137646e+00,2.621492268369911471e+01,6.427195758317338914e-01
-4.740009192180878017e+00,2.622892268368013902e+01,6.427195758305970230e-01
-4.709009192178200465e+00,2.625592268360924209e+01,6.427195758294601546e-01
-4.693009192182216793e+00,2.626992268358299043e+01,6.427195758294601546e-01
-4.661009192182973493e+00,2.629692268357757712e+01,6.427195758294601546e-01
-4.613009192173194606e+00,2.633792268351680832e+01,6.427195758290054073e-01
-4.565009192163415719e+00,2.637792268350312952e+01,6.427195758283232863e-01
-4.549009192160156090e+00,2.639192268346232595e+01,6.427195758274137916e-01
-4.517009192153636832e+00,2.641892268347874051e+01,6.427195758262769232e-01
-4.485009192150755553e+00,2.644692268341168528e+01,6.427195758251400548e-01
-4.469009192132944008e+00,2.646092268339998554e+01,6.427195758242305601e-01
-4.436009192118945066e+00,2.648792268339457223e+01,6.247195758237467089e-01
-4.420009192115685437e+00,2.650092268337175483e+01,6.247195758230645879e-01
-4.388009192101890221e+00,2.652892268331925152e+01,6.247195758226098405e-01
-4.340009192103025271e+00,2.656892268326191697e+01,6.247195758212455985e-01
-4.324009192110679578e+00,2.658192268323182361e+01,6.247195758214729722e-01
-4.292009192100522341e+00,2.660892268324096221e+01,6.247195758207908511e-01
-4.276009192100900691e+00,2.662292268322198652e+01,6.247195758198813564e-01
-4.244009192101657391e+00,2.664992268320929725e+01,6.247195758191992354e-01
-4.228009192091121804e+00,2.666392268321942538e+01,6.247195758182896297e-01
-4.196009192095516482e+00,2.669092268321401207e+01,6.247195758171527613e-01
-4.180009192088618875e+00,2.670392268317664275e+01,6.247195758171527613e-01
-4.132009192093391903e+00,2.674492268313770182e+01,6.247195758162433776e-01
-4.116009192101046210e+00,2.675792268313671229e+01,6.247195758153338829e-01
-4.084009192090888973e+00,2.678492268314585090e+01,6.247195758151065093e-01
-4.068009192083991366e+00,2.679892268306139158e+01,6.247195758151065093e-01
-4.004009192074590828e+00,2.685292268306511687e+01,6.247195758146516509e-01
-3.988009192078607157e+00,2.686592268304229947e+01,6.247195758141970146e-01
-3.956009192072087899e+00,2.689392268300434807e+01,6.247195758128327725e-01
-3.940009192070647259e+00,2.690792268296354450e+01,6.247195758121505405e-01
-3.908009192069584969e+00,2.693492268294357928e+01,6.247195758114685304e-01
-3.876009192073979648e+00,2.696192268291633809e+01,6.247195758105590357e-01
-3.844009192071098369e+00,2.698892268290364882e+01,6.247195758096495410e-01
-3.813009192066601827e+00,2.701492268289439380e+01,6.427195758094512712e-01
-3.798009192069002893e+00,2.702792268288612831e+01,6.427195758083144028e-01
-3.768009192068348057e+00,2.705392268288414925e+01,6.427195758080870291e-01
-3.753009192067111144e+00,2.706692268291226355e+01,6.427195758078596555e-01
-3.723009192064637318e+00,2.709292268291028449e+01,6.427195758074049081e-01
-3.707009192063196679e+00,2.710592268286563922e+01,6.427195758069501608e-01
-3.659009192064331728e+00,2.714792268285236787e+01,6.427195758060406661e-01
-3.643009192057434120e+00,2.716192268283339217e+01,6.427195758049037977e-01
-3.611009192050914862e+00,2.718992268281726865e+01,6.427195758033121820e-01
-3.579009192051671562e+00,2.721692268279002747e+01,6.427195758028574346e-01
-3.563009192052049912e+00,2.723092268274922390e+01,6.427195758014931926e-01
-3.556479659517508551e+00,2.725892272296080066e+01,6.597197658938716014e-01
-3.551926914601329699e+00,2.728592276318432397e+01,6.427199557149638753e-01
-3.549666334872600082e+00,2.729892278326516220e+01,6.427200506919074074e-01
-3.556894236765183237e+00,2.732492284362088952e+01,6.427203355443366073e-01
-3.551381623457680714e+00,2.735292288387279669e+01,6.427205253599255208e-01
-3.548133334672761485e+00,2.736692290392364058e+01,6.427206202761150955e-01
-3.530887277197257923e+00,2.739292292396707040e+01,6.427207151600543567e-01
-3.509265145659022256e+00,2.739330498230236088e+01,6.427207846311130401e-01
-3.464156276073341534e+00,2.744261131534656428e+01,6.423291182963052348e-01
-3.433583516965445170e+00,2.745442842667598171e+01,6.245259206555091591e-01
-3.230985099885724132e+00,2.749209879328812534e+01,6.245240931689661767e-01
-3.199985099879995687e+00,2.760648536291413535e+01,6.245235189704089196e-01
-3.168985099882775103e+00,2.763261550396605060e+01,6.201834128910258537e-01
-3.152985099883153453e+00,2.764526642052066308e+01,6.201834447070351253e-01
-3.120985099874815205e+00,2.767126642051880481e+01,6.031834447064738924e-01
-3.089658171836305645e+00,2.769678713829608085e+01,6.201834682712825675e-01
-3.061658171835006215e+00,2.771978713825228624e+01,6.201834682701701240e-01
-3.055658171835602843e+00,2.772478713819145923e+01,6.201834682692606293e-01
-3.036658171831732034e+00,2.774140762571485297e+01,6.201834506218630860e-01
-3.021658171825038153e+00,2.775506911254191067e+01,6.201834340838437987e-01
-3.006658171823801240e+00,2.776806911253515864e+01,6.201834340831737791e-01
-2.976658171823146404e+00,2.779333156163986374e+01,6.381834489292035340e-01
-2.960620557176761203e+00,2.780633156734477396e+01,6.381834486944373275e-01
-2.930620557179281604e+00,2.783477925637188122e+01,6.381834074579815219e-01
-2.899620557176604052e+00,2.786093138716280748e+01,6.381834206634210416e-01
-2.870620557174333953e+00,2.788694903308775608e+01,6.381834204066759719e-01
-2.840620557173679117e+00,2.791486589614995140e+01,6.551834079980453085e-01
-2.825620557174261194e+00,2.792786448659677134e+01,6.551834080152569850e-01
-2.795620557168149389e+00,2.795482071239963417e+01,6.551833965742146493e-01
-2.780620557161455508e+00,2.796979282932743516e+01,6.551833742748357503e-01
-2.750294007630682103e+00,2.799580706195583346e+01,6.551833739401436985e-01
-2.734614686507547354e+00,2.800933291644148682e+01,6.551839538132216978e-01
-2.704614686506829457e+00,2.803533291642088443e+01,6.551839538126387197e-01
-2.673194375080090168e+00,2.806242633390533570e+01,6.551839435047239757e-01
-2.644194375076040160e+00,2.808842633394669974e+01,6.551839435039710224e-01
-2.615669643847412740e+00,2.811542632989910473e+01,6.381839398120934259e-01
-2.600669643843502854e+00,2.812845949499186560e+01,6.381839394332704529e-01
-2.571199520852292864e+00,2.815445949109429336e+01,6.381839358854497490e-01
-2.542760428840932452e+00,2.817929403809910482e+01,6.381839447194279646e-01
-2.527760428840338136e+00,2.819106688516441750e+01,6.381839572359719881e-01
-2.493508406454649329e+00,2.821708853747867707e+01,6.201839638159517554e-01
-2.477508406453125644e+00,2.823008853747887770e+01,6.201839638158617163e-01
-2.445508406452063355e+00,2.825737775994376122e+01,6.201839519300783587e-01
-2.413508406445544097e+00,2.828208334957284009e+01,6.201839634920532918e-01
-2.381508406440843828e+00,2.830978864769925707e+01,6.202602696740132648e-01
-2.349508406437962549e+00,2.833409494992575262e+01,6.202603030137253670e-01
-2.333508406436521909e+00,2.834782863235865591e+01,6.203381384604541582e-01
-2.303279672645784260e+00,2.837622295879365453e+01,6.203381246968073803e-01
-2.287279672646036488e+00,2.838922295872907853e+01,6.203381246969001950e-01
-2.255279672644974198e+00,2.841666020097496670e+01,6.203381141905984775e-01
-2.190279672646283871e+00,2.846826607657586905e+01,6.203381241225106590e-01
-2.174279672644843231e+00,2.848008621874355839e+01,6.202542727385836896e-01
-2.142279672643780941e+00,2.850910318959864753e+01,6.202542402260976528e-01
-2.128207066179164109e+00,2.852511222532821122e+01,6.202542057513166229e-01
-2.096207066177157685e+00,2.855059799999264669e+01,6.202542213117999692e-01
-2.063207066175891669e+00,2.857659799998509698e+01,6.202542213104607072e-01
-2.047207066174451029e+00,2.859271976658072845e+01,6.202541906521834569e-01
-2.012167703154374543e+00,2.861820814850143080e+01,6.202542079029065292e-01
-1.996167703151513706e+00,2.863202553717054855e+01,6.201628805013398305e-01
-1.963167703149338195e+00,2.865986142979690143e+01,6.202543858098042984e-01
-1.929047373561146861e+00,2.868667654289249214e+01,6.201613131805960855e-01
-1.897047373562600114e+00,2.871271433102882042e+01,6.201613129894061327e-01
-1.864047373559515108e+00,2.873871433098975103e+01,6.201613129890120035e-01
-1.845894144452959296e+00,2.875171433373107632e+01,6.201613155450893533e-01
-1.812894144455640344e+00,2.878211337128547598e+01,6.201612993122184170e-01
-1.799070034608859947e+00,2.879173775644873601e+01,6.201613126446541280e-01
-1.770222899191242316e+00,2.881773775378258406e+01,6.201613102249895482e-01
-1.751991814605614595e+00,2.883247533033022592e+01,6.201613048341829693e-01
-1.705991814607841661e+00,2.887323858039108160e+01,6.201627483232174942e-01
-1.690991814604785759e+00,2.888450710693442858e+01,6.201627698899054852e-01
-1.657705926086044945e+00,2.891055075423284393e+01,6.201627717546459584e-01
-1.627705926085582178e+00,2.893479015266439092e+01,6.381627929511226593e-01
-1.612705926086164254e+00,2.894240328588876920e+01,6.381628567433527133e-01
-1.582705926086418913e+00,2.896844032370798061e+01,6.381628563119883246e-01
-1.567705926086091495e+00,2.897876052553679926e+01,6.382700485155393677e-01
-1.537705926085436658e+00,2.900023739518042731e+01,6.381653890200549295e-01
-1.522705926085109240e+00,2.900860406527811364e+01,6.554868096108733555e-01
-1.492705926086273394e+00,2.903461184226576464e+01,6.554868101258883861e-01
-1.460259625709262377e+00,2.905873872337387098e+01,6.554866898960968191e-01
-1.417696787055773955e+00,2.909402675684581396e+01,6.727071678880551797e-01
-1.373696787053631851e+00,2.913508408135901462e+01,6.727071733917890928e-01
-1.361143380950929238e+00,2.914908407898060005e+01,6.727071712202656872e-01
-1.332143380950583378e+00,2.912389193949477928e+01,6.908137608365682025e-01
-1.318143380950459687e+00,2.913789193946286105e+01,6.908137608361357707e-01
-1.288143380948895356e+00,2.916605533660309035e+01,6.907004738824011891e-01
-1.275685713877926286e+00,2.917985695691974968e+01,6.905872842747730056e-01
-1.248217441753856516e+00,2.920885695464758669e+01,6.903617939846742324e-01
-1.230635085050265198e+00,2.922385695691628626e+01,6.903617960966833556e-01
-1.198035866240826808e+00,2.925357262295817407e+01,7.074789405896979577e-01
-1.168035866242462362e+00,2.928218380282959643e+01,6.904789474062925647e-01
-1.137405409781229837e+00,2.930985797642933477e+01,6.903611442486711214e-01
-1.106727786589473350e+00,2.933785797869884959e+01,6.903611463318027885e-01
-1.092727786587602168e+00,2.935185797869780799e+01,6.903611463312701035e-01
-1.063727786585332069e+00,2.937947626349430763e+01,6.904810964510810223e-01
-1.049727786584298883e+00,2.939347626343806041e+01,6.904810964515490923e-01
-1.024406366960030734e+00,2.942006499734704050e+01,6.903586399353039971e-01
-1.010406366956885904e+00,2.943493507251174535e+01,6.903586545063583602e-01
-9.805036859270989114e-01,2.946413275398537124e+01,6.724414381511119032e-01
-9.655036859267056570e-01,2.947813275396038080e+01,6.724414381501446769e-01
-9.327028252603929426e-01,2.950613274195726987e+01,6.724414362371673448e-01
-8.887028252593154320e-01,2.954515324516966146e+01,6.554414271013312421e-01
-8.736718638622721356e-01,2.955764753872476902e+01,6.553162589582577358e-01
-8.398552087464062899e-01,2.958620418367424776e+01,6.554443074610948328e-01
-8.220202641087177575e-01,2.960073353218845682e+01,6.558272056680600759e-01
-7.871457396694132580e-01,2.962659319848136263e+01,6.558272388195994784e-01
-7.711457396690093447e-01,2.964059319849911844e+01,6.558272388183468138e-01
-7.420243086794393594e-01,2.966972575829757375e+01,6.558272236606076389e-01
-7.245447280493845232e-01,2.968430985065050010e+01,6.390859497179006699e-01
-6.925447280500520719e-01,2.971230985065631103e+01,6.390859497171277326e-01
-6.446265980862097011e-01,2.975010420026090330e+01,6.560859641917322627e-01
-6.296265980854514055e-01,2.976188666781563796e+01,6.560867936375766041e-01
-5.996288532231983659e-01,2.978664626550087391e+01,6.560858835496927721e-01
-5.846288532243306690e-01,2.979964626548462547e+01,6.560858835496219399e-01
-5.546288532241305802e-01,2.982700392752386875e+01,6.559515530805425376e-01
-5.125978731272310407e-01,2.986700393836185441e+01,6.729515458794996796e-01
-5.016100094702868883e-01,2.988333005364646411e+01,6.728149639734622989e-01
-4.746376762215805400e-01,2.991133006449893017e+01,6.728149567696961597e-01
-4.286376762217969372e-01,2.995434626605893769e+01,6.730883712568442867e-01
-4.136376762214695191e-01,2.997112352444446159e+01,6.730883986403048969e-01
-3.826376762208383298e-01,2.999912458923439118e+01,6.730883986503896077e-01
-3.676376762207382853e-01,3.001099554385132961e+01,6.732268375466374799e-01
-3.345218612660499913e-01,3.003784013464425229e+01,6.733654010269236601e-01
-3.195218612654571189e-01,3.005037877422070025e+01,6.733653684675610096e-01
-2.895218612652570300e-01,3.008059286941541188e+01,6.732244655488830443e-01
-2.765218612648823182e-01,3.009409673488642412e+01,6.732245074774001470e-01
-2.662917394056776299e-01,3.009782986248521297e+01,6.733666356208923842e-01
-2.353831770404338219e-01,3.011279139547727368e+01,6.733665606844141394e-01
-1.933831770402321126e-01,3.015256481641744557e+01,6.732232225184435759e-01
-1.483831770400456662e-01,3.019536965702286224e+01,6.733674742868297480e-01
-1.333831770400593086e-01,3.020778481510051705e+01,6.733674047744705460e-01
-1.183831770400161076e-01,3.021918245026892436e+01,6.733673359615848231e-01
-8.938317703996290220e-02,3.024779842231301075e+01,6.563674039321477638e-01
-7.438317704003338804e-02,3.026079842229228234e+01,6.563674039311990782e-01
-4.438317703994698604e-02,3.028861642070861038e+01,6.562202949685619346e-01
1.616822960050612323e-03,3.033061642068787478e+01,6.562202949683070274e-01
1.761682296003641568e-02,3.033956829942902189e+01,6.562200676554107437e-01
4.815309569838253922e-02,3.036829127629847136e+01,6.393687005276272872e-01
7.915309569835926595e-02,3.039443499023552064e+01,6.392188815524648682e-01
9.515309569815144641e-02,3.041102137779290615e+01,6.390690716947443617e-01
1.112125287551490732e-01,3.042401040758817743e+01,6.390690805873923130e-01
1.432125287548160486e-01,3.044660304220534641e+01,6.389157327952457166e-01
1.592125287545513856e-01,3.045705303400831809e+01,6.389156105354848458e-01
1.912125287541357466e-01,3.048316063471977699e+01,6.387631062921048652e-01
2.212125287541084617e-01,3.050916063464683248e+01,6.387631062927994208e-01
2.512125287537987917e-01,3.053694277896603637e+01,6.387631541362743803e-01
2.812125287532580842e-01,3.056017313659891954e+01,6.386118459237314360e-01
3.112125287525486783e-01,3.065119545470604834e+01,6.490584631611688859e-01
3.272125287521703285e-01,3.066387770145201586e+01,6.662730520993489503e-01
3.582125287518920231e-01,3.069087797694171016e+01,6.662730085599376517e-01
3.732125287515373202e-01,3.070524028664168981e+01,6.660639200376217151e-01
4.032125287506005407e-01,3.073224028659024043e+01,6.660639200372315827e-01
4.182125287500184641e-01,3.074624028658581665e+01,6.660639200379135927e-01
4.642125287496128294e-01,3.078724028655415168e+01,6.660639200374589564e-01
4.792125287494855002e-01,3.080124028653517598e+01,6.660639200360947143e-01
5.112125287496382953e-01,3.082924028651177650e+01,6.660639200351852196e-01
5.412125287484741420e-01,3.085724028649565298e+01,6.830639200352379703e-01
5.702125287475610094e-01,3.088424028646113584e+01,6.830639200341011019e-01
5.852125287465241854e-01,3.089724028644559439e+01,6.830639200327368599e-01
6.002125287450326141e-01,3.090971152596065608e+01,6.832503122445539034e-01
6.292121997319839455e-01,3.094084996376155416e+01,6.828762099079982439e-01
6.449244766950904539e-01,3.095484996372080388e+01,7.008762156903755036e-01
6.759635975965283539e-01,3.098226221186643414e+01,7.010573799709526321e-01
7.060058568354541375e-01,3.100811221219523617e+01,7.014092707331190946e-01
7.192397628639447538e-01,3.102051864073012055e+01,7.015836322468432806e-01
7.679482973364327725e-01,3.106624294321259327e+01,7.013987662183531757e-01
7.823310421329238151e-01,3.108300120388299703e+01,7.011676580506915890e-01
8.108020596615855835e-01,3.111189401145703215e+01,7.013123374020311385e-01
8.258020596622372977e-01,3.112673388271000974e+01,7.011349810542085725e-01
8.563531622999409620e-01,3.115519852320247196e+01,7.010206030588469472e-01
8.675889890902179769e-01,3.117263765213231608e+01,7.006855962783413716e-01
9.115889890881589963e-01,3.118278890241080603e+01,7.038277463359016162e-01
9.216781825217077451e-01,3.119678884160313714e+01,7.038277371573936625e-01
9.356905271470022933e-01,3.121078882657934628e+01,7.037279606002762034e-01
9.687419684657665453e-01,3.123878888680665611e+01,6.857279838226734148e-01
1.029781260549616162e+00,3.129425030988344858e+01,6.857278939529500850e-01
1.046857148302150931e+00,3.130825033948798364e+01,6.857279053637485022e-01
1.074785452401117780e+00,3.133625031050208776e+01,6.857278942021169943e-01
1.094947321859278233e+00,3.135025036749141236e+01,6.857279161797525946e-01
1.123856237094392307e+00,3.137761522355562960e+01,6.687279751554807694e-01
1.151571763881575894e+00,3.140561518026485288e+01,6.688343542931755037e-01
1.161173973598280007e+00,3.141961509744139747e+01,6.688343002530220405e-01
1.193165300844191812e+00,3.144761509729041649e+01,6.688343001814488487e-01
1.228486355693363397e+00,3.147561515114566433e+01,6.688343353700516580e-01
1.259486355691478821e+00,3.150361515114491340e+01,6.688343353700929583e-01
1.276492338904218204e+00,3.151861515116543444e+01,6.858343354169550432e-01
1.276335648682444202e+00,3.151961513740796406e+01,6.859441209614404178e-01
1.290695589466110516e+00,3.153761508341296249e+01,6.859440697302209289e-01
1.305650858571353101e+00,3.155161508287449124e+01,6.859440692439238152e-01
1.331044095711773734e+00,3.157863103436741525e+01,6.859440681214711288e-01
1.340388242149064046e+00,3.158965275736499834e+01,6.859441107746484523e-01
1.365640121137662089e+00,3.161714951084542946e+01,6.858295549716554307e-01
1.389912249914123654e+00,3.164514946004491591e+01,7.038295068089787110e-01
1.417724476878102768e+00,3.167214944747729533e+01,7.039449783857999465e-01
1.444322536551412961e+00,3.170014942241106226e+01,7.039449464175685511e-01
1.459322536551553640e+00,3.171418867429431288e+01,7.039449452381767447e-01
1.482013082638399704e+00,3.174380216082088424e+01,7.040623319756943443e-01
1.499397788182376123e+00,3.175762667718977283e+01,7.040623867102638878e-01
1.530397788181289798e+00,3.178762667717819568e+01,7.040623867103477096e-01
1.547878643681187549e+00,3.180262670116299262e+01,7.040624174184995088e-01
1.580330287122092336e+00,3.183162672452893460e+01,7.040624473458810817e-01
1.605301598425916243e+00,3.184599722802942523e+01,7.041836444266461603e-01
1.650273261349829879e+00,3.188899722772328715e+01,7.041836440888604720e-01
1.677723666565011262e+00,3.191899720436782317e+01,7.041836142013143673e-01
1.692679090809162012e+00,3.193299720390164609e+01,7.041836136845904814e-01
1.709260811902962640e+00,3.194699722703316169e+01,7.041836431636596672e-01
1.770458407531074085e+00,3.200199727281204076e+01,7.041837017532004417e-01
1.799458407530437398e+00,3.202899727284966502e+01,7.041837017522993847e-01
1.813458407529651595e+00,3.204299727280158550e+01,7.041837017522993847e-01
1.841458407528079988e+00,3.206999727280344814e+01,6.861837017513607861e-01
1.886458407529971737e+00,3.211199727274652105e+01,6.861837017504512914e-01
1.901458407528480166e+00,3.212599727269844152e+01,6.861837017481775547e-01
1.916458407526988594e+00,3.213999727269401774e+01,6.861837017484049284e-01
1.947458407525118673e+00,3.216799727262696251e+01,6.861837017477228073e-01
1.962458407524536597e+00,3.218199727254977915e+01,6.691837017472153093e-01
1.993458407518119202e+00,3.220999727251182776e+01,6.691837017453964309e-01
2.025458407515543513e+00,3.223799727250298019e+01,6.691837017451689462e-01
2.040458407516780426e+00,3.225199727242579684e+01,6.691837017447141989e-01
2.070458407517435262e+00,3.227999727241694927e+01,6.861837017436300812e-01
2.100458407516271109e+00,3.230599727237131447e+01,6.861837017424931018e-01
2.114458407513666316e+00,3.231899727231939323e+01,6.861837017415837181e-01
2.159458407510101097e+00,3.235999727225862443e+01,6.861837017406743344e-01
2.174458407511338009e+00,3.237399727223964874e+01,6.861837017397647287e-01
2.203458407508151140e+00,3.240199727220169734e+01,7.041837017379748431e-01
2.218458407509388053e+00,3.241599727212451398e+01,7.041837017388843378e-01
2.263458407509460812e+00,3.245899727211508434e+01,7.041837017379748431e-01
2.293458407504658680e+00,3.248699727203347720e+01,7.041837017384295905e-01
2.323458407499856548e+00,3.251499727203918155e+01,7.041837017372927221e-01
2.368458407499929308e+00,3.255999727197922766e+01,7.041837017361558537e-01
2.383458407493890263e+00,3.257499727199319750e+01,7.041837017366106011e-01
2.398458407495127176e+00,3.258999727190530393e+01,7.041837017354737327e-01
2.428458407492144033e+00,3.261899727187119424e+01,7.041837017336547433e-01
2.443458407486104988e+00,3.263399727178330068e+01,7.041837017320631276e-01
2.473458407479483867e+00,3.266399727168027312e+01,7.211837017302968889e-01
2.488458407475263812e+00,3.267799727167584933e+01,7.211837017314337572e-01
2.518458407472280669e+00,3.270799727158737369e+01,7.211837017314337572e-01
2.548458407467478537e+00,3.273699727158236783e+01,7.211837017321159893e-01
2.562458407463054755e+00,3.275099727159249596e+01,7.041837017309262592e-01
2.590458407463302137e+00,3.277899727155454457e+01,7.041837017309262592e-01
2.632458407457306748e+00,3.281999727150832769e+01,7.041837017295620171e-01
2.646458407460158924e+00,3.283399727150390390e+01,7.041837017291072698e-01
2.675458407455153065e+00,3.286199727149505634e+01,7.041837017293346435e-01
2.704458407453785185e+00,3.288999727147165686e+01,6.861837017283960449e-01
2.719458407447746140e+00,3.290399727140902542e+01,6.861837017263496818e-01
2.734458407445345074e+00,3.291799727140460163e+01,6.861837017249854398e-01
2.765458407437108690e+00,3.294699727138504386e+01,6.861837017240759451e-01
2.780458407432888635e+00,3.296099727133696433e+01,6.861837017229391877e-01
2.811458407428290229e+00,3.298899727126990911e+01,6.861837017222569557e-01
2.856458407421087031e+00,3.303099727124208584e+01,6.861837017213474610e-01
2.872458407422527671e+00,3.304599727121239994e+01,6.861837017202105926e-01
2.903458407419748255e+00,3.307399727115989663e+01,6.861837017204379663e-01
2.933458407413127134e+00,3.310199727112194523e+01,6.861837017183916032e-01
2.948458407408907078e+00,3.311499727109912783e+01,6.861837017181642295e-01
2.962458407408121275e+00,3.312899727106560022e+01,6.861837017183916032e-01
2.991458407401296427e+00,3.315599727102380712e+01,6.861837017174821085e-01
3.006458407393438392e+00,3.316999727099027950e+01,7.041837017170564650e-01
3.036458407390455250e+00,3.319799727099598385e+01,7.041837017156921119e-01
3.079458407395577524e+00,3.323999727098271251e+01,7.041837017147827282e-01
3.094458407387719490e+00,3.325399727096373681e+01,7.041837017141006072e-01
3.122458407382509904e+00,3.328199727096944116e+01,7.041837017125089915e-01
3.152458407386802719e+00,3.331199727095372509e+01,7.211837017114249848e-01
3.167458407378944685e+00,3.332599727090564556e+01,7.211837017109701264e-01
3.179458407375932438e+00,3.333899727088282816e+01,7.041837017102352547e-01
3.184458407375132083e+00,3.334299727088364307e+01,7.041837017095531337e-01
3.191458407369282213e+00,3.334999727082322352e+01,7.041837017095531337e-01
3.218458407367506879e+00,3.337699727078143042e+01,7.211837017098332581e-01
3.248458407366342726e+00,3.340599727074732073e+01,7.211837017100606317e-01
3.278458407361540594e+00,3.343499727071321104e+01,7.211837017098332581e-01
3.322458407354133669e+00,3.347699727068538778e+01,7.041837017095531337e-01
3.350458407348924084e+00,3.350499727067654021e+01,7.041837017086437500e-01
3.365458407341066049e+00,3.351899727065756451e+01,7.041837017093257600e-01
3.395458407336263917e+00,3.354799727062345482e+01,7.041837017088709016e-01
3.410458407335681841e+00,3.356199727054627147e+01,7.041837017086437500e-01
3.455458407326659653e+00,3.360499727060960140e+01,7.041837017084162653e-01
3.470458407318801619e+00,3.361999727059446741e+01,7.041837017072793969e-01
3.500458407317637466e+00,3.364899727061856538e+01,7.041837017056877812e-01
3.515458407315236400e+00,3.366399727058887947e+01,7.041837017059151549e-01
3.545458407310434268e+00,3.369399727051495574e+01,7.041837017052330339e-01
3.575458407307451125e+00,3.372199727049155626e+01,7.041837017047782865e-01
3.583233504979016715e+00,3.373699723752717716e+01,7.041836595566055568e-01
3.616902646824948775e+00,3.376699725412399999e+01,7.041836808181054508e-01
3.631902571525938317e+00,3.378099725412869248e+01,7.041836808180264029e-01
3.665731295252518507e+00,3.380911897541048461e+01,7.041837023520419736e-01
3.711427135539401956e+00,3.383665749293731295e+01,7.041837931687032759e-01
3.727860739689963232e+00,3.386793074236825163e+01,7.043558156241035428e-01
3.757970430001972506e+00,3.389690465690279808e+01,7.043521709507325479e-01
3.763891971710167983e+00,3.391313845005589656e+01,7.043510808172610549e-01
3.790464391925330911e+00,3.393967381279883000e+01,7.043511288914586776e-01
3.805543174082266944e+00,3.395618453484499355e+01,7.043510729025093120e-01
3.842832194573096771e+00,3.398602076400871397e+01,7.043510680000307778e-01
3.887858110881797113e+00,3.401376569670308925e+01,7.045255234519871568e-01
3.926382063755733842e+00,3.404756533369891969e+01,7.047002952126990571e-01
3.927477376519933117e+00,3.406760804611846538e+01,7.047001048548849900e-01
3.957580240696958018e+00,3.409560804388195265e+01,7.047001050706956926e-01
3.983853606118571644e+00,3.412078505146519802e+01,7.045239098765381236e-01
3.998915503757749068e+00,3.413737510202765435e+01,7.045238177822771286e-01
4.029915503746451577e+00,3.416896629424419984e+01,7.045237262567579650e-01
4.060915503749129130e+00,3.419536158049280772e+01,7.045238175290021720e-01
4.077902490468241936e+00,3.421297025850194018e+01,7.043438761184295238e-01
4.092934578993506989e+00,3.422564675735504380e+01,7.045244945851047991e-01
4.123099328058807522e+00,3.424809171393921758e+01,7.043451651300939309e-01
4.162024812558954956e+00,3.428074665264776399e+01,7.043450913093441956e-01
4.192109889938456568e+00,3.430342389373387846e+01,7.043453225552072094e-01
4.233809882472542974e+00,3.433141026886630698e+01,7.043453847026451831e-01
4.277888470644551688e+00,3.436808962671531731e+01,6.863456123380839990e-01
4.307956319194594208e+00,3.439475017663627909e+01,6.861623692117345685e-01
4.326892697662955811e+00,3.440645139554952436e+01,6.863461559783536892e-01
4.356059254921855306e+00,3.443884670942296111e+01,6.693458792830073723e-01
4.386345000552620554e+00,3.446743362726441973e+01,6.693457486406989565e-01
4.405361411484939538e+00,3.448043354874359068e+01,6.693457690680397754e-01
4.443350080230478838e+00,3.451014636771691357e+01,6.693456729354557710e-01
4.473431146934035318e+00,3.453614636612962130e+01,6.523456733423830256e-01
4.511413586167947187e+00,3.455939083009085522e+01,6.523458499635880203e-01
4.522569462334155688e+00,3.456965860152891423e+01,6.523459654296134280e-01
4.571593081546602377e+00,3.460727337586808972e+01,6.341596780252490850e-01
4.587593081541854190e+00,3.462301642805328328e+01,6.341595315569692470e-01
4.598645140602910075e+00,3.463878784700236935e+01,6.341593652835649797e-01
4.617688447733916846e+00,3.464902290097857929e+01,6.341595305637761637e-01
4.640753367695876541e+00,3.467224329315251907e+01,6.171596375235183229e-01
4.672753367693076143e+00,3.470385294617346261e+01,6.171593461359916599e-01
4.728927826897768583e+00,3.474285279568433538e+01,5.991593852971150991e-01
4.736932970912576479e+00,3.475304423052222091e+01,5.991594911343304242e-01
4.757021598715529542e+00,3.477069569122621573e+01,5.991592228252540231e-01
4.789117873767557043e+00,3.478568786977056959e+01,5.989680960825800593e-01
4.828307003308288436e+00,3.481210875988554676e+01,5.821594317389755524e-01
4.852745375529011085e+00,3.482495983707087817e+01,5.819674378387480473e-01
4.864909151554623001e+00,3.482523749503040733e+01,5.819677812537537021e-01
4.877909151546191424e+00,3.483812190328581693e+01,5.819676119735949227e-01
4.905813558350256898e+00,3.486501746214081976e+01,5.819674378739824183e-01
4.921557924150780750e+00,3.489046686395553820e+01,5.821609865854029398e-01
4.955557924149616156e+00,3.491932477439601001e+01,5.821608084112311898e-01
4.989557924145628931e+00,3.494240315171892064e+01,5.821609894068201507e-01
5.057557924130378524e+00,3.499728862601829604e+01,5.821608117695530327e-01
5.083089904528839575e+00,3.501317140601039313e+01,5.821606460827418728e-01
5.108489077958798141e+00,3.502324715824951085e+01,5.821608343363801064e-01
5.121463791384196718e+00,3.503619927525698330e+01,5.821608322408470260e-01
5.151288608267212688e+00,3.506514467926089651e+01,5.821606502039281539e-01
5.181103353731312033e+00,3.508808908134261628e+01,5.641608274552775137e-01
5.238451718170883176e+00,3.512412367986902950e+01,5.643595009702268017e-01
5.247034363070065766e+00,3.514194981713227151e+01,5.643591753186389948e-01
5.276811892820131966e+00,3.517385551023609480e+01,5.643588380808075566e-01
5.289577694577353384e+00,3.519874265648672917e+01,5.643581543431719361e-01
5.319399482789482825e+00,3.522062250677129214e+01,5.643583438512141948e-01
5.340684758081230221e+00,3.522804299906544401e+01,5.645583863474994413e-01
5.369542219408484307e+00,3.525202413526451295e+01,5.825583961321019189e-01
5.392087970782088568e+00,3.526191713733665267e+01,5.827598937880901220e-01
5.428393942799258909e+00,3.528591706769472580e+01,5.827598705137764235e-01
5.458380982545431692e+00,3.531395599175503008e+01,5.825581250750688778e-01
5.486132973961382220e+00,3.534640432556070522e+01,5.823549281744520023e-01
5.522516696829347538e+00,3.536518575105003492e+01,5.993552940503106274e-01
5.550190390395009388e+00,3.538795479418818957e+01,5.993555399799690431e-01
5.570539952016916985e+00,3.540555648263300270e+01,5.995590794552043690e-01
5.582283313802047786e+00,3.542776455109380862e+01,5.995585713144155893e-01
5.602663670335114254e+00,3.543431922375745557e+01,5.995589130713623316e-01
5.654039239021097174e+00,3.547531464573294357e+01,6.175587008673915079e-01
5.674511115828852148e+00,3.548511308224899352e+01,6.175588493654666777e-01
5.721511115822067950e+00,3.552099205763777690e+01,6.345590298652498129e-01
5.730653986924898469e+00,3.553276837446677661e+01,6.344220513139496864e-01
5.771551180248992274e+00,3.556185505028154381e+01,6.344217810787929901e-01
5.794759281710704535e+00,3.558885528275700239e+01,6.344218668587678911e-01
5.822335201274357885e+00,3.558744305323698853e+01,6.348401696838299468e-01
5.847220721423587619e+00,3.559412333510421433e+01,6.348392650812499927e-01
5.867686979202191289e+00,3.563865820199106338e+01,6.344367500846033181e-01
5.890796925422370656e+00,3.566878602783776131e+01,6.524378272556246028e-01
5.909033613166080556e+00,3.567864869976334319e+01,6.526466956362816374e-01
5.941033613158651860e+00,3.570464869972784072e+01,6.526466956361218763e-01
5.973033613146981224e+00,3.573164869971515145e+01,6.526466956354397553e-01
6.005033613138948567e+00,3.575964869970630389e+01,6.526466956356671290e-01
6.037033613141829846e+00,3.578764869968290441e+01,6.526466956349850079e-01
6.053033613141451497e+00,3.580164869970758446e+01,6.526466956343028869e-01
6.085033613137056818e+00,3.582964869966963306e+01,6.526466956333933922e-01
6.117033613136300119e+00,3.585764869960257784e+01,6.526466956320291501e-01
6.133033613125007832e+00,3.587164869949629065e+01,6.526466956311196554e-01
6.164033613124047406e+00,3.589764869947975967e+01,6.526466956302101607e-01
6.196033613130566664e+00,3.592564869941270445e+01,6.526466956290732924e-01
6.212033613126550335e+00,3.593964869939372875e+01,6.526466956283911713e-01
6.244033613129431615e+00,3.596664869936648756e+01,6.526466956270269293e-01
6.292033613117382629e+00,3.600864869932411239e+01,6.526466956272543030e-01
6.324033613091160078e+00,3.603664869930071291e+01,6.526466956272543030e-01
6.356033613094041357e+00,3.606464869926276151e+01,6.526466956258900609e-01
6.372033613086387049e+00,3.607864869925833773e+01,6.526466956245258189e-01
6.404033613071078435e+00,3.610664869924949016e+01,6.526466956240710715e-01
6.420033613048872212e+00,3.612064869915775489e+01,6.526466956236163242e-01
6.452033613040839555e+00,3.614864869911980350e+01,6.526466956245258189e-01
6.484033613036444876e+00,3.617664869911095593e+01,6.526466956233889505e-01
6.515033613042760408e+00,3.620264869909442496e+01,6.526466956227068295e-01
6.545033613052510191e+00,3.622864869906334206e+01,6.526466956222520821e-01
6.560033613044652157e+00,3.624164869905507658e+01,6.526466956204330927e-01
6.590033613050763961e+00,3.626864869899873156e+01,6.696466956184394803e-01
6.605033613050181884e+00,3.628164869900501799e+01,6.696466956177573593e-01
6.635033613045379752e+00,3.630764869894483127e+01,6.696466956170752383e-01
6.650033613030245760e+00,3.632164869896951132e+01,6.696466956173026119e-01
6.679033613021601923e+00,3.634764869895298034e+01,6.866466956169006153e-01
6.709033613009523833e+00,3.637464869889663532e+01,6.866466956157637469e-01
6.739033612997445744e+00,3.640164869889849797e+01,6.866466956141721312e-01
6.768033612999715842e+00,3.642964869888965040e+01,6.866466956143995048e-01
6.797033612998347962e+00,3.645764869880804326e+01,7.046466956142012350e-01
6.811033612979372265e+00,3.647164869874541182e+01,7.046466956135190030e-01
6.825033612953120610e+00,3.648564869869733229e+01,7.046466956130643666e-01
6.854033612944476772e+00,3.651364869863027707e+01,7.046466956126096193e-01
6.884033612936036661e+00,3.654264869855251163e+01,7.216466956117528753e-01
6.914033612923958572e+00,3.657264869852224365e+01,7.216466956110707542e-01
6.929033612934290431e+00,3.658764869846345391e+01,7.216466956110707542e-01
6.959033612940402236e+00,3.661764869843318593e+01,7.216466956106160069e-01
6.974033612932544202e+00,3.663264869837439619e+01,7.216466956097065122e-01
7.004033612916828133e+00,3.666264869835868012e+01,7.216466956099338859e-01
7.033033612908184296e+00,3.669264869831386022e+01,7.216466956090243912e-01
7.063033612888830248e+00,3.672264869826904032e+01,7.216466956090243912e-01
7.078033612877334235e+00,3.673764869823935442e+01,7.216466956094791385e-01
7.104033612868079217e+00,3.676364869819371961e+01,7.216466956083422701e-01
7.112033612851519138e+00,3.677164869816624559e+01,7.216466956090243912e-01
7.126033612836181419e+00,3.678564869811816607e+01,7.216466956083422701e-01
7.140033612824481679e+00,3.679964869804098271e+01,7.216466956090243912e-01
7.144033612803468714e+00,3.680264869805250783e+01,7.216466956099338859e-01
7.144033612814382650e+00,3.680264869800885208e+01,7.216466956085696438e-01
7.144033612810744671e+00,3.680264869796519633e+01,7.216466956078875228e-01
7.144033612796192756e+00,3.680264869796519633e+01,7.396466956056428899e-01
7.144033612792554777e+00,3.680264869796519633e+01,7.396466956058702635e-01
7.144033612778002862e+00,3.680264869792154059e+01,7.396466956060976372e-01
7.144033612763450947e+00,3.680264869792154059e+01,7.396466956054155162e-01
7.144033612756174989e+00,3.680264869792154059e+01,7.396466956047333952e-01
7.144033612741623074e+00,3.680264869789243676e+01,7.396466956031417794e-01
7.144033612730709137e+00,3.680264869786333293e+01,7.396466956020049111e-01
7.144033612716157222e+00,3.680264869783422910e+01,7.396466956022322847e-01
7.144033612723433180e+00,3.680264869776146952e+01,7.396466956004132953e-01
7.144033612716157222e+00,3.680264869776146952e+01,7.396466955999585480e-01
7.144033612723433180e+00,3.680264869770326186e+01,7.396466955988216796e-01
7.144033612708881265e+00,3.680264869760139845e+01,7.396466955972300639e-01
7.144033612694329349e+00,3.680264869760139845e+01,7.396466955967753165e-01
7.144033612694329349e+00,3.680264869755774271e+01,7.396466955954110745e-01
7.144033612683415413e+00,3.680264869757229462e+01,7.396466955951837008e-01
7.144033612676139455e+00,3.680264869757229462e+01,7.396466955947289534e-01
7.144033612672501476e+00,3.680264869755774271e+01,7.396466955949563271e-01
7.144033612672501476e+00,3.680264869752863888e+01,7.396466955935920851e-01
7.144033612672501476e+00,3.680264869747043122e+01,7.396466955938194587e-01
7.144033612679777434e+00,3.680264869747043122e+01,7.396466955926825904e-01
7.144033612668863498e+00,3.680264869745587930e+01,7.396466955913184593e-01
7.144033612654311582e+00,3.680264869749953505e+01,7.396466955894993589e-01
7.144033612643397646e+00,3.680264869742677547e+01,7.396466955879077432e-01
7.144033612636121688e+00,3.680264869733946398e+01,7.396466955881351169e-01
7.144033612617931794e+00,3.680264869735401589e+01,7.396466955869982485e-01
7.144033612607017858e+00,3.680264869733946398e+01,7.396466955863161274e-01
7.144033612585189985e+00,3.680264869735401589e+01,7.396466955863161274e-01
7.144033612588827964e+00,3.680264869736856781e+01,7.396466955856340064e-01
7.144033612592465943e+00,3.680264869732491206e+01,7.396466955851792591e-01
7.144033612585189985e+00,3.680264869728125632e+01,7.396466955842697644e-01
7.144033612585189985e+00,3.680264869722304866e+01,7.396466955835876433e-01
7.144033612574276049e+00,3.680264869719394483e+01,7.396466955840423907e-01
7.144033612563362112e+00,3.680264869712118525e+01,7.396466955831328960e-01
7.144033612559724133e+00,3.680264869713573717e+01,7.396466955826781486e-01
7.144033612567000091e+00,3.680264869710663334e+01,7.396466955810864219e-01
7.144033612552448176e+00,3.680264869704842567e+01,7.396466955799496645e-01
7.144033612545172218e+00,3.680264869700476993e+01,7.216466955792384397e-01
7.144033612548810197e+00,3.680264869693201035e+01,7.216466955785563187e-01
7.144033612545172218e+00,3.680264869688835461e+01,7.216466955787836923e-01
7.144033612545172218e+00,3.680264869684469886e+01,7.216466955778740866e-01
7.144033612537896261e+00,3.680264869684469886e+01,7.216466955760552082e-01
7.144033612530620303e+00,3.680264869684469886e+01,7.216466955758278345e-01
7.144033612519706367e+00,3.680264869687380269e+01,7.216466955744635925e-01
7.144033612508792430e+00,3.680264869683014695e+01,7.216466955735539868e-01
7.144033612486964557e+00,3.680264869675738737e+01,7.216466955721898557e-01
7.144033612486964557e+00,3.680264869664097205e+01,7.216466955715077347e-01
7.144033612479688600e+00,3.680264869667007588e+01,7.216466955715077347e-01
7.144033612476050621e+00,3.680264869664097205e+01,7.216466955701434927e-01
7.144033612468774663e+00,3.680264869661186822e+01,7.216466955687792506e-01
7.144033612454222748e+00,3.680264869659731630e+01,7.216466955685518769e-01
7.144033612446946790e+00,3.680264869656821247e+01,7.216466955671876349e-01
7.144033612446946790e+00,3.680264869659731630e+01,7.216466955658233928e-01
7.144033612446946790e+00,3.680264869656821247e+01,7.216466955660507665e-01
7.144033612439670833e+00,3.680264869651000481e+01,7.216466955649138981e-01
7.144033612436032854e+00,3.680264869653910864e+01,7.216466955642317771e-01
7.144033612450584769e+00,3.680264869651000481e+01,7.216466955619580403e-01
7.144033612454222748e+00,3.680264869652455673e+01,7.216466955619580403e-01
7.144033612454222748e+00,3.680264869651000481e+01,7.216466955615032930e-01
7.144033612457860727e+00,3.680264869651000481e+01,7.216466955601390509e-01
7.144033612457860727e+00,3.680264869656821247e+01,7.216466955605937983e-01
7.144033612446946790e+00,3.680264869658276439e+01,7.216466955587748089e-01
7.144033612439670833e+00,3.680264869649545290e+01,7.216466955578653142e-01
7.144033612439670833e+00,3.680264869646634907e+01,7.216466955571831932e-01
7.144033612432394875e+00,3.680264869642269332e+01,7.216466955567285568e-01
7.144033612425118918e+00,3.680264869640814140e+01,7.216466955544547091e-01
7.144033612414204981e+00,3.680264869632082991e+01,7.216466955528630933e-01
7.144033612417842960e+00,3.680264869627717417e+01,7.216466955526357197e-01
7.144033612406929024e+00,3.680264869626262225e+01,7.216466955512714776e-01
7.144033612403291045e+00,3.680264869621896651e+01,7.216466955501346092e-01
7.144033612392377108e+00,3.680264869624807034e+01,7.216466955487703672e-01
7.144033612396015087e+00,3.680264869614620693e+01,7.216466955471787514e-01
7.144033612381463172e+00,3.680264869617531076e+01,7.216466955478608725e-01
7.144033612366911257e+00,3.680264869610255118e+01,7.216466955480882461e-01
7.144033612355997320e+00,3.680264869604434352e+01,7.216466955476336098e-01
7.144033612348721363e+00,3.680264869600068778e+01,7.216466955471787514e-01
7.144033612345083384e+00,3.680264869597158395e+01,7.216466955460418831e-01
7.144033612334169447e+00,3.680264869592792820e+01,7.216466955449050147e-01
7.144033612330531469e+00,3.680264869585516863e+01,7.216466955444502673e-01
7.144033612330531469e+00,3.680264869578240905e+01,7.216466955446776410e-01
7.144033612319617532e+00,3.680264869568054564e+01,7.216466955428587626e-01
7.144033612315979553e+00,3.680264869557868224e+01,7.216466955424039043e-01
7.144033612305065617e+00,3.680264869553502649e+01,7.216466955424039043e-01
7.144033612312341575e+00,3.680264869553502649e+01,7.216466955419491569e-01
7.144033612305065617e+00,3.680264869543316308e+01,7.216466955419491569e-01
7.144033612305065617e+00,3.680264869541861117e+01,7.216466955401301675e-01
7.144033612297789659e+00,3.680264869537495542e+01,7.216466955389932991e-01
7.144033612286875723e+00,3.680264869537495542e+01,7.216466955374016834e-01
7.144033612286875723e+00,3.680264869533129968e+01,7.216466955383111781e-01
7.144033612286875723e+00,3.680264869524398819e+01,7.216466955362648150e-01
7.144033612283237744e+00,3.680264869522943627e+01,7.216466955360374413e-01
7.144033612265047850e+00,3.680264869522943627e+01,7.216466955342184519e-01
7.144033612272323808e+00,3.680264869520033244e+01,7.216466955321721999e-01
7.144033612261409871e+00,3.680264869520033244e+01,7.216466955312625942e-01
7.144033612254133914e+00,3.680264869518578053e+01,7.216466955301257258e-01
7.144033612235944020e+00,3.680264869512757286e+01,7.216466955301257258e-01
7.144033612254133914e+00,3.680264869511302095e+01,7.216466955301257258e-01
7.144033612243219977e+00,3.680264869509846903e+01,7.216466955294436048e-01
7.144033612235944020e+00,3.680264869505481329e+01,7.216466955294436048e-01
7.144033612239581998e+00,3.680264869495294988e+01,7.216466955294436048e-01
7.144033612217754126e+00,3.680264869493839797e+01,7.216466955298983521e-01
7.144033612210478168e+00,3.680264869482198264e+01,7.216466955292162311e-01
7.144033612199564232e+00,3.680264869485108647e+01,7.216466955283066254e-01
7.144033612192288274e+00,3.680264869488019031e+01,7.216466955262603733e-01
7.144033612185012316e+00,3.680264869483653456e+01,7.216466955258056259e-01
7.144033612181374338e+00,3.680264869480743073e+01,7.216466955251235049e-01
7.144033612177736359e+00,3.680264869476377498e+01,7.216466955253508786e-01
7.144033612185012316e+00,3.680264869466191158e+01,7.216466955246687576e-01
7.144033612174098380e+00,3.680264869458915200e+01,7.216466955233045155e-01
7.144033612177736359e+00,3.680264869453094434e+01,7.216466955244412729e-01
7.144033612177736359e+00,3.680264869450184051e+01,7.216466955239866365e-01
7.144033612185012316e+00,3.680264869445818476e+01,7.216466955239866365e-01
7.144033612166822422e+00,3.680264869441452902e+01,7.216466955239866365e-01
7.144033612163184443e+00,3.680264869441452902e+01,7.216466955244412729e-01
7.144033612159546465e+00,3.680264869434176944e+01,7.216466955235318892e-01
7.144033612148632528e+00,3.680264869428356178e+01,7.216466955233045155e-01
7.144033612141356571e+00,3.680264869429811370e+01,7.216466955221676471e-01
7.144033612134080613e+00,3.680264869431266561e+01,7.216466955217128998e-01
7.144033612141356571e+00,3.680264869425445795e+01,7.216466955205760314e-01
7.144033612126804655e+00,3.680264869423990604e+01,7.216466955194391630e-01
7.144033612104976783e+00,3.680264869419625029e+01,7.216466955176201736e-01
7.144033612090424867e+00,3.680264869416714646e+01,7.216466955173928000e-01
7.144033612072234973e+00,3.680264869409438688e+01,7.216466955167106789e-01
7.144033612061321037e+00,3.680264869406528305e+01,7.216466955167106789e-01
7.144033612054045079e+00,3.680264869409438688e+01,7.216466955160285579e-01
7.144033612057683058e+00,3.680264869409438688e+01,7.216466955169380526e-01
7.144033612043131143e+00,3.680264869402162731e+01,7.216466955146643159e-01
7.144033612035855185e+00,3.680264869396341965e+01,7.216466955133000738e-01
7.144033612028579228e+00,3.680264869393431582e+01,7.216466955126179528e-01
7.144033612024941249e+00,3.680264869387610815e+01,7.216466955117084581e-01
7.144033612028579228e+00,3.680264869386155624e+01,7.216466955107989634e-01
7.144033612024941249e+00,3.680264869377424475e+01,7.216466955094347213e-01
7.144033612028579228e+00,3.680264869367238134e+01,7.216466955096620950e-01
7.144033612017665291e+00,3.680264869364327751e+01,7.216466955089798629e-01
7.144033612003113376e+00,3.680264869354141410e+01,7.216466955078431056e-01
7.144033611988561461e+00,3.680264869349775836e+01,7.216466955067062372e-01
7.144033611981285503e+00,3.680264869349775836e+01,7.216466955048872478e-01
7.144033611988561461e+00,3.680264869346865453e+01,7.216466955032957431e-01
7.144033611981285503e+00,3.680264869336679112e+01,7.216466955023861374e-01
7.144033611988561461e+00,3.680264869329403155e+01,7.216466955005671480e-01
7.144033611981285503e+00,3.680264869319216814e+01,7.216466954985208959e-01
7.144033611984923482e+00,3.680264869317761622e+01,7.216466954971565428e-01
7.144033611977647524e+00,3.680264869309030473e+01,7.216466954964744218e-01
7.144033611974009546e+00,3.680264869307575282e+01,7.216466954969291692e-01
7.144033611966733588e+00,3.680264869303209707e+01,7.216466954964744218e-01
7.144033611966733588e+00,3.680264869301754516e+01,7.216466954953375534e-01
7.144033611963095609e+00,3.680264869293023366e+01,7.216466954948828061e-01
7.144033611966733588e+00,3.680264869290112983e+01,7.216466954944280587e-01
7.144033611970371567e+00,3.680264869284292217e+01,7.216466954932911904e-01
7.144033611952181673e+00,3.680264869279926643e+01,7.216466954921543220e-01
7.144033611944905715e+00,3.680264869275561068e+01,7.216466954928364430e-01
7.144033611933991779e+00,3.680264869274105877e+01,7.216466954921543220e-01
7.144033611915801885e+00,3.680264869268285111e+01,7.216466954912448273e-01
7.144033611901249969e+00,3.680264869265374728e+01,7.216466954914722010e-01
7.144033611886698054e+00,3.680264869266829919e+01,7.216466954921543220e-01
7.144033611879422097e+00,3.680264869259553961e+01,7.216466954919269483e-01
7.144033611879422097e+00,3.680264869263919536e+01,7.216466954896532116e-01
7.144033611872146139e+00,3.680264869261009153e+01,7.216466954891984642e-01
7.144033611857594224e+00,3.680264869258098770e+01,7.216466954889710905e-01
7.144033611843042308e+00,3.680264869258098770e+01,7.216466954873794748e-01
7.144033611828490393e+00,3.680264869258098770e+01,7.216466954869247274e-01
7.144033611813938478e+00,3.680264869253733195e+01,7.216466954866973538e-01
7.144033611806662520e+00,3.680264869253733195e+01,7.216466954857878591e-01
7.144033611817576457e+00,3.680264869252278004e+01,7.216466954846509907e-01
7.144033611813938478e+00,3.680264869243546855e+01,7.216466954839688697e-01
7.144033611799386563e+00,3.680264869234815706e+01,7.216466954828320013e-01
7.144033611788472626e+00,3.680264869230450131e+01,7.216466954814677592e-01
7.144033611777558690e+00,3.680264869227539748e+01,7.216466954801034062e-01
7.144033611763006775e+00,3.680264869223174173e+01,7.216466954789666488e-01
7.144033611770282732e+00,3.680264869220263790e+01,7.216466954776024068e-01
7.144033611777558690e+00,3.680264869220263790e+01,7.216466954771476594e-01
7.144033611773920711e+00,3.680264869221718982e+01,7.216466954760107910e-01
7.144033611759368796e+00,3.680264869214443024e+01,7.216466954746465490e-01
7.144033611748454859e+00,3.680264869211532641e+01,7.216466954741918016e-01
7.144033611748454859e+00,3.680264869211532641e+01,7.216466954726001859e-01
7.144033611741178902e+00,3.680264869211532641e+01,7.216466954721454385e-01
7.144033611737540923e+00,3.680264869208622258e+01,7.216466954714633175e-01
7.144033611726626987e+00,3.680264869212987833e+01,7.216466954712359438e-01
7.144033611733902944e+00,3.680264869207167067e+01,7.216466954698717018e-01
7.144033611730264965e+00,3.680264869204256684e+01,7.216466954680527124e-01
7.144033611722989008e+00,3.680264869202801492e+01,7.216466954673705914e-01
7.144033611701161135e+00,3.680264869201346301e+01,7.216466954664610967e-01
7.144033611701161135e+00,3.680264869196980726e+01,7.216466954664610967e-01
7.144033611693885177e+00,3.680264869195525534e+01,7.216466954678253387e-01
7.144033611690247199e+00,3.680264869195525534e+01,7.216466954678253387e-01
7.144033611679333262e+00,3.680264869195525534e+01,7.216466954666884703e-01
7.144033611672057305e+00,3.680264869195525534e+01,7.216466954662337230e-01
7.144033611661143368e+00,3.680264869194070343e+01,7.216466954653242283e-01
7.144033611657505389e+00,3.680264869188249577e+01,7.216466954637326126e-01
7.144033611661143368e+00,3.680264869186794385e+01,7.216466954632778652e-01
7.144033611661143368e+00,3.680264869189704768e+01,7.216466954616862495e-01
7.144033611661143368e+00,3.680264869186794385e+01,7.216466954610041284e-01
7.144033611657505389e+00,3.680264869188249577e+01,7.216466954603220074e-01
7.144033611672057305e+00,3.680264869180973619e+01,7.216466954598672601e-01
7.144033611653867410e+00,3.680264869182428811e+01,7.216466954598672601e-01
7.144033611650229432e+00,3.680264869180973619e+01,7.216466954598672601e-01
7.144033611646591453e+00,3.680264869183884002e+01,7.216466954589577654e-01
7.144033611642953474e+00,3.680264869175152853e+01,7.216466954573661496e-01
7.144033611646591453e+00,3.680264869172242470e+01,7.216466954573661496e-01
7.144033611635677516e+00,3.680264869167876896e+01,7.216466954582756443e-01
7.144033611628401559e+00,3.680264869172242470e+01,7.216466954575935233e-01
7.144033611628401559e+00,3.680264869166421704e+01,7.216466954566840286e-01
7.144033611632039538e+00,3.680264869162056129e+01,7.216466954564566549e-01
7.144033611613849644e+00,3.680264869157690555e+01,7.216466954560019076e-01
7.144033611617487622e+00,3.680264869151869789e+01,7.216466954546376655e-01
7.144033611610211665e+00,3.680264869150414597e+01,7.216466954530460498e-01
7.144033611595659750e+00,3.680264869153324980e+01,7.216466954532734235e-01
7.144033611602935707e+00,3.680264869147504214e+01,7.216466954523639288e-01
7.144033611584745813e+00,3.680264869147504214e+01,7.216466954523639288e-01
7.144033611573831877e+00,3.680264869144593831e+01,7.216466954519091814e-01
7.144033611566555919e+00,3.680264869143138640e+01,7.216466954514544341e-01
7.144033611552004004e+00,3.680264869141683448e+01,7.216466954503174547e-01
7.144033611552004004e+00,3.680264869138773065e+01,7.216466954498629294e-01
7.144033611555641983e+00,3.680264869137317874e+01,7.216466954494081820e-01
7.144033611559279962e+00,3.680264869135862682e+01,7.216466954480438289e-01
7.144033611555641983e+00,3.680264869127131533e+01,7.216466954473617079e-01
7.144033611552004004e+00,3.680264869121310767e+01,7.216466954457700922e-01
7.144033611548366025e+00,3.680264869116945192e+01,7.216466954450880822e-01
7.144033611537452089e+00,3.680264869118400384e+01,7.216466954448605975e-01
7.144033611526538152e+00,3.680264869118400384e+01,7.216466954439511028e-01
7.144033611533814110e+00,3.680264869122765958e+01,7.216466954441784765e-01
7.144033611533814110e+00,3.680264869121310767e+01,7.216466954425868607e-01
7.144033611530176131e+00,3.680264869121310767e+01,7.216466954423594871e-01
7.144033611504710279e+00,3.680264869124221150e+01,7.216466954409952450e-01
7.144033611486520385e+00,3.680264869124221150e+01,7.216466954403132350e-01
7.144033611475606449e+00,3.680264869127131533e+01,7.216466954400857503e-01
7.144033611461054534e+00,3.680264869124221150e+01,7.216466954398583766e-01
7.144033611450140597e+00,3.680264869127131533e+01,7.216466954389488819e-01
7.144033611446502618e+00,3.680264869124221150e+01,7.216466954384941346e-01
7.144033611431950703e+00,3.680264869122765958e+01,7.216466954378120136e-01
7.144033611417398788e+00,3.680264869121310767e+01,7.216466954378120136e-01
7.144033611395570915e+00,3.680264869121310767e+01,7.216466954375846399e-01
7.144033611377381021e+00,3.680264869119855575e+01,7.216466954359930241e-01
7.144033611370105064e+00,3.680264869116945192e+01,7.216466954359930241e-01
7.144033611355553148e+00,3.680264869112579618e+01,7.216466954359930241e-01
7.144033611341001233e+00,3.680264869111124426e+01,7.216466954348561558e-01
7.144033611337363254e+00,3.680264869102393277e+01,7.216466954344014084e-01
7.144033611333725275e+00,3.680264869092206936e+01,7.216466954321276717e-01
7.144033611330087297e+00,3.680264869086386170e+01,7.216466954321276717e-01
7.144033611322811339e+00,3.680264869092206936e+01,7.216466954321276717e-01
7.144033611315535381e+00,3.680264869084930979e+01,7.216466954321276717e-01
7.144033611326449318e+00,3.680264869079110213e+01,7.216466954321276717e-01
7.144033611326449318e+00,3.680264869086386170e+01,7.216466954312181770e-01
7.144033611326449318e+00,3.680264869086386170e+01,7.216466954300813086e-01
7.144033611319173360e+00,3.680264869084930979e+01,7.216466954284896929e-01
7.144033611315535381e+00,3.680264869071834255e+01,7.216466954289444402e-01
7.144033611319173360e+00,3.680264869071834255e+01,7.216466954271254508e-01
7.144033611311897403e+00,3.680264869068923872e+01,7.216466954259885824e-01
7.144033611300983466e+00,3.680264869070379063e+01,7.216466954259885824e-01
7.144033611300983466e+00,3.680264869070379063e+01,7.216466954255338351e-01
7.144033611300983466e+00,3.680264869063103106e+01,7.216466954253065724e-01
7.144033611293707509e+00,3.680264869058737531e+01,7.216466954255338351e-01
7.144033611275517615e+00,3.680264869052916765e+01,7.216466954243969667e-01
7.144033611260965699e+00,3.680264869048551191e+01,7.216466954239422193e-01
7.144033611257327721e+00,3.680264869042730425e+01,7.216466954225779773e-01
7.144033611250051763e+00,3.680264869036909658e+01,7.216466954209863616e-01
7.144033611231861869e+00,3.680264869031088892e+01,7.216466954200768669e-01
7.144033611239137826e+00,3.680264869032544084e+01,7.216466954205317252e-01
7.144033611231861869e+00,3.680264869032544084e+01,7.216466954207589879e-01
7.144033611231861869e+00,3.680264869032544084e+01,7.216466954203042405e-01
7.144033611231861869e+00,3.680264869032544084e+01,7.216466954193947458e-01
7.144033611239137826e+00,3.680264869026723318e+01,7.216466954189399985e-01
7.144033611228223890e+00,3.680264869026723318e+01,7.216466954182578775e-01
7.144033611220947932e+00,3.680264869032544084e+01,7.216466954173483828e-01
7.144033611210033996e+00,3.680264869032544084e+01,7.216466954153020197e-01
7.144033611202758038e+00,3.680264869028178509e+01,7.216466954137104040e-01
7.144033611213671975e+00,3.680264869026723318e+01,7.216466954123461619e-01
7.144033611213671975e+00,3.680264869028178509e+01,7.216466954109819198e-01
7.144033611213671975e+00,3.680264869025268126e+01,7.216466954100724251e-01
7.144033611220947932e+00,3.680264869022357743e+01,7.216466954107545462e-01
7.144033611202758038e+00,3.680264869023812935e+01,7.216466954105271725e-01
7.144033611206396017e+00,3.680264869017992169e+01,7.216466954091629304e-01
7.144033611184568144e+00,3.680264869009261020e+01,7.216466954084808094e-01
7.144033611184568144e+00,3.680264869009261020e+01,7.216466954071165674e-01
7.144033611184568144e+00,3.680264869004895445e+01,7.216466954075713147e-01
7.144033611180930166e+00,3.680264869001985062e+01,7.216466954055249516e-01
7.144033611170016229e+00,3.680264868999074679e+01,7.216466954034785886e-01
7.144033611166378250e+00,3.680264868997619487e+01,7.216466954027964675e-01
7.144033611151826335e+00,3.680264868999074679e+01,7.216466954027964675e-01
7.144033611148188356e+00,3.680264868997619487e+01,7.216466954039333359e-01
7.144033611129998462e+00,3.680264868996164296e+01,7.216466954023417202e-01
7.144033611133636441e+00,3.680264868999074679e+01,7.216466954016594881e-01
7.144033611111808568e+00,3.680264868994709104e+01,7.216466954021142355e-01
7.144033611108170589e+00,3.680264868988888338e+01,7.216466954005227308e-01
7.144033611097256653e+00,3.680264868981612381e+01,7.216466953996132361e-01
7.144033611100894632e+00,3.680264868978701998e+01,7.216466953982489940e-01
7.144033611100894632e+00,3.680264868974336423e+01,7.216466953973393883e-01
7.144033611100894632e+00,3.680264868971426040e+01,7.216466953962026309e-01
7.144033611100894632e+00,3.680264868967060465e+01,7.216466953959753683e-01
7.144033611108170589e+00,3.680264868965605274e+01,7.216466953962026309e-01
7.144033611100894632e+00,3.680264868967060465e+01,7.216466953962026309e-01
7.144033611108170589e+00,3.680264868959784508e+01,7.216466953966573783e-01
7.144033611097256653e+00,3.680264868964150082e+01,7.216466953964301156e-01
7.144033611097256653e+00,3.680264868959784508e+01,7.216466953950657626e-01
7.144033611089980695e+00,3.680264868959784508e+01,7.216466953952931362e-01
7.144033611089980695e+00,3.680264868962694891e+01,7.216466953943836415e-01
7.144033611086342717e+00,3.680264868961239699e+01,7.216466953932467732e-01
7.144033611082704738e+00,3.680264868958329316e+01,7.216466953930193995e-01
7.144033611071790801e+00,3.680264868949598167e+01,7.216466953937015205e-01
7.144033611057238886e+00,3.680264868948142976e+01,7.216466953937015205e-01
7.144033611060876865e+00,3.680264868945232593e+01,7.216466953941562679e-01
7.144033611064514844e+00,3.680264868937956635e+01,7.216466953937015205e-01
7.144033611053600907e+00,3.680264868930680677e+01,7.216466953934741468e-01
7.144033611053600907e+00,3.680264868929225486e+01,7.216466953907456627e-01
7.144033611053600907e+00,3.680264868924859911e+01,7.216466953900635417e-01
7.144033611060876865e+00,3.680264868924859911e+01,7.216466953889266733e-01
7.144033611064514844e+00,3.680264868929225486e+01,7.216466953884719260e-01
7.144033611046324950e+00,3.680264868923404720e+01,7.216466953882445523e-01
7.144033611039048992e+00,3.680264868921949528e+01,7.216466953877898050e-01
7.144033611035411013e+00,3.680264868913218379e+01,7.216466953864255629e-01
7.144033611031773034e+00,3.680264868907397613e+01,7.216466953855160682e-01
7.144033611017221119e+00,3.680264868905942421e+01,7.216466953839244525e-01
7.144033611017221119e+00,3.680264868901576847e+01,7.216466953836970788e-01
7.144033611020859098e+00,3.680264868900121655e+01,7.216466953830149578e-01
7.144033611006307183e+00,3.680264868895756081e+01,7.216466953827875841e-01
7.144033610991755268e+00,3.680264868889935315e+01,7.216466953816507157e-01
7.144033611002669204e+00,3.680264868888480123e+01,7.216466953814233420e-01
7.144033610995393246e+00,3.680264868879748974e+01,7.216466953814233420e-01
7.144033610988117289e+00,3.680264868881204166e+01,7.216466953816507157e-01
7.144033610984479310e+00,3.680264868873928208e+01,7.216466953807412210e-01
7.144033610977203352e+00,3.680264868871017825e+01,7.216466953798317263e-01
7.144033610973565374e+00,3.680264868863741867e+01,7.216466953789222316e-01
7.144033610973565374e+00,3.680264868863741867e+01,7.216466953786948579e-01
7.144033610973565374e+00,3.680264868859376293e+01,7.216466953780127369e-01
7.144033610977203352e+00,3.680264868853555527e+01,7.216466953768758685e-01
7.144033610980841331e+00,3.680264868846279569e+01,7.216466953766484949e-01
7.144033610966289416e+00,3.680264868847734760e+01,7.216466953766484949e-01
7.144033610962651437e+00,3.680264868837548420e+01,7.216466953752842528e-01
7.144033610955375480e+00,3.680264868839003611e+01,7.216466953759663738e-01
7.144033610944461543e+00,3.680264868830272462e+01,7.216466953759663738e-01
7.144033610937185585e+00,3.680264868827362079e+01,7.216466953759663738e-01
7.144033610922633670e+00,3.680264868822996505e+01,6.866466953772487614e-01
7.144033610915357713e+00,3.680264868821541313e+01,6.526466953775978963e-01
7.144033610908081755e+00,3.680264868812810164e+01,5.996466953770323016e-01
7.144033610904443776e+00,3.680264868817175739e+01,5.646466953762683261e-01
7.144033610900805797e+00,3.680264868814265355e+01,5.126466953756789735e-01
7.144033610889891861e+00,3.680264868809899781e+01,4.776466953738918164e-01
7.144033610882615903e+00,3.680264868808444589e+01,4.256466953737572112e-01
7.144033610860788031e+00,3.680264868801168632e+01,3.726466953733051923e-01
7.144033610871701967e+00,3.680264868801168632e+01,3.036466953742547048e-01
7.144033610857150052e+00,3.680264868795347866e+01,2.856466953738845405e-01
7.144033610846236115e+00,3.680264868799713440e+01,2.336466953738067787e-01
7.144033610838960158e+00,3.680264868798258249e+01,1.986466953735543939e-01
7.144033610828046221e+00,3.680264868793892674e+01,1.636466953735862262e-01
7.144033610828046221e+00,3.680264868789527100e+01,1.286466953736180585e-01
7.144033610824408242e+00,3.680264868788071908e+01,1.116466953735937295e-01
7.144033610817132285e+00,3.680264868786616717e+01,7.664669537356871842e-02
7.144033610828046221e+00,3.680264868780795950e+01,2.364669537350039263e-02
7.144033610820770264e+00,3.680264868773519993e+01,-1.135330462653527661e-02
7.144033610831684200e+00,3.680264868767699227e+01,-2.835330462652763117e-02
7.144033610820770264e+00,3.680264868763333652e+01,-9.853861180613415760e-02
7.144033610831684200e+00,3.680264868761878461e+01,-1.155386118058459033e-01
7.145033610828249948e+00,3.680264868761878461e+01,-1.335386118058181637e-01
7.168033610818383750e+00,3.680064868755289353e+01,-1.855386118051001731e-01
7.186033610818412853e+00,3.679864868754521012e+01,-2.205386118054093458e-01
7.224033610818878515e+00,3.679164868754742201e+01,-2.905386118047772470e-01
7.263033610819547903e+00,3.678064868756337091e+01,-3.605386118035767140e-01
7.282033610827056691e+00,3.677364868747827131e+01,-3.945386118025453470e-01
7.320033610812970437e+00,3.675964868743903935e+01,-4.645386118016858745e-01
7.375033610816899454e+00,3.673364868736825883e+01,-5.525386118013102532e-01
7.393033610806014622e+00,3.672364868734439369e+01,-5.865386118014157546e-01
7.410033610794926062e+00,3.671364868724776898e+01,-6.045386118007627374e-01
7.445033610791142564e+00,3.669164868717780337e+01,-6.395386118001624709e-01
7.461033610787126236e+00,3.668064868715009652e+01,-6.565386118002152216e-01
7.494033610786573263e+00,3.665664868713065516e+01,-6.915386117987054604e-01
7.526033610782178584e+00,3.663164868710737210e+01,-7.265386117983325676e-01
7.542033610785438213e+00,3.661864868708653376e+01,-7.435386117974758236e-01
7.573033610784477787e+00,3.659264868704485707e+01,-7.615386117965954327e-01
7.618033610782731557e+00,3.655364868698234204e+01,-7.965386117964499135e-01
7.633033610771235544e+00,3.653964868694311008e+01,-8.135386117980942799e-01
7.648033610767015489e+00,3.652564868687477428e+01,-8.315386117967591417e-01
7.676033610769081861e+00,3.649764868676720653e+01,-8.485386117938560346e-01
7.690033610753744142e+00,3.648264868678234052e+01,-8.665386117927482701e-01
7.716033610744489124e+00,3.645364868671458680e+01,-9.185386117935649963e-01
7.742033610753424000e+00,3.642264868672646116e+01,-9.535386117911457404e-01
7.754033610752230743e+00,3.640764868671249133e+01,-9.705386117896068754e-01
7.779033610739134019e+00,3.637564868663321249e+01,-1.005538611789233983e+00
7.791033610737940762e+00,3.635864868661155924e+01,-1.023538611789263086e+00
7.814033610731712542e+00,3.632464868656825274e+01,-1.058538611788208073e+00
7.845033610730752116e+00,3.627164868653926533e+01,-1.127538611786803813e+00
7.855033610714599490e+00,3.625364868652832229e+01,-1.145538611784559180e+00
7.873033610703714658e+00,3.621764868641912472e+01,-1.162538611783929809e+00
7.882033610690996284e+00,3.619964868639362976e+01,-1.180538611782139924e+00
7.900033610676473472e+00,3.616364868632808793e+01,-1.197538611782420048e+00
7.908033610678103287e+00,3.614464868629875127e+01,-1.197538611782420048e+00
7.925033610677928664e+00,3.610764868628757540e+01,-1.215538611781084910e+00
7.933033610694110394e+00,3.608964868618932087e+01,-1.215538611779265921e+00
7.958033610666461755e+00,3.602964868607523385e+01,-1.215538611776992184e+00
7.974033610655169468e+00,3.599064868605637457e+01,-1.215538611777446931e+00
7.983033610646089073e+00,3.597164868599793408e+01,-1.215538611777446931e+00
7.991033610640442930e+00,3.595164868593565188e+01,-1.232538611776362814e+00
8.008033610654820222e+00,3.591164868585474323e+01,-1.232538611775453319e+00
8.032033610659709666e+00,3.585264868584636133e+01,-1.232538611773634329e+00
8.048033610648417380e+00,3.581464868586044759e+01,-1.215538611773354205e+00
8.057033610646612942e+00,3.579564868584566284e+01,-1.215538611773354205e+00
8.074033610646438319e+00,3.575764868584519718e+01,-1.197538611771506112e+00
8.100436120703081500e+00,3.570874921447339290e+01,-1.180538051752232143e+00
8.109818779386898768e+00,3.570845126464983110e+01,-1.162536425860080547e+00
8.132499599510870425e+00,3.567179592613442907e+01,-1.127184257810346146e+00
8.134847249928863988e+00,3.565959677559290952e+01,-1.110183667501782434e+00
8.152062389276229837e+00,3.563037255808313120e+01,-1.074830045015752411e+00
8.170775240415185436e+00,3.563071535566063375e+01,-1.057828544823804062e+00
8.178576231319036438e+00,3.550244720151906108e+01,-1.022836978003991648e+00
8.183025076816628385e+00,3.548556870800723573e+01,-1.022482867742053880e+00
8.242105534001403555e+00,3.543756905497826182e+01,-9.874831188744872534e-01
8.277197121865823348e+00,3.542156940153888200e+01,-9.694833697595295341e-01
8.280241405896500595e+00,3.538956905744311854e+01,-9.524831207127649746e-01
8.301105353651731633e+00,3.537456917513848254e+01,-9.344832059044139161e-01
8.323311822853250774e+00,3.534455858017418706e+01,-9.171282906455919814e-01
8.333925563824557514e+00,3.531455835047423619e+01,-9.001280737629073769e-01
8.347967717498754325e+00,3.529955835103714179e+01,-8.821280743560381277e-01
8.368265022048518631e+00,3.527020874023133246e+01,-8.654844165692056057e-01
8.370695303211658000e+00,3.525520856827558447e+01,-8.658400587212738975e-01
8.383326139263914456e+00,3.522720834022496206e+01,-8.478397926669740681e-01
8.407572901631093387e+00,3.519838305594657157e+01,-8.474832424911515893e-01
8.427971998816227384e+00,3.517120391615941344e+01,-8.304831136533271652e-01
8.442064939526549239e+00,3.515720391748415352e+01,-8.304831155602870885e-01
8.458485798094917740e+00,3.512920374661963763e+01,-8.301257288653705046e-01
8.457085338623498316e+00,3.511613226758634454e+01,-8.301253880257082329e-01
8.478444697147590858e+00,3.508908579053053955e+01,-8.121252310680836528e-01
8.504175717005120205e+00,3.504709089577097103e+01,-8.124822739720877207e-01
8.527509986760470895e+00,3.502111559095099125e+01,-7.954821136104357482e-01
8.527088239447698115e+00,3.500711536504323362e+01,-7.954816982471371034e-01
8.564869069064805274e+00,3.497805595995686900e+01,-7.954818855311909243e-01
8.572671488351668145e+00,3.495114458623047682e+01,-7.954812840929426088e-01
8.604728367382229237e+00,3.492314458701009983e+01,-7.954812856177488900e-01
8.652259493838119653e+00,3.489400620830019051e+01,-7.954816808573578202e-01
8.660506863268944144e+00,3.487885448472347605e+01,-7.954814534645948676e-01
8.659451131613943531e+00,3.485167860170511034e+01,-7.954806044754689776e-01
8.666826839860751974e+00,3.483748249385821794e+01,-7.954803818640178159e-01
8.695832230109335370e+00,3.481148249391646488e+01,-7.954803820069247244e-01
8.733689197532640947e+00,3.478448260750349164e+01,-7.954805909146629439e-01
8.733202517515097796e+00,3.477022249159531242e+01,-7.954801614110147412e-01
8.762291917031765465e+00,3.474322249285731345e+01,-8.124801637810982191e-01
8.814141173242784788e+00,3.470454006752145659e+01,-8.124803895517024310e-01
8.813621220110150034e+00,3.469187829004684431e+01,-8.124799969193912119e-01
8.813101692222639727e+00,3.467923722478788306e+01,-8.124796046264088911e-01
8.835985654824483504e+00,3.466661066782936729e+01,-8.304798295867058533e-01
8.840658141679250903e+00,3.463722453565576842e+01,-8.304791986770707624e-01
8.897855153616085033e+00,3.460922493869406225e+01,-8.301169588972530100e-01
8.919026335260351601e+00,3.458123772928264827e+01,-8.301167795212159861e-01
8.917361041489428430e+00,3.457012278645875369e+01,-8.471164530769145218e-01
8.938535001743906250e+00,3.454258511927227460e+01,-8.478434033673504233e-01
8.866818157033900860e+00,3.451110607386105755e+01,-8.478403862964701831e-01
8.896662741654909112e+00,3.448260237342271495e+01,-8.482045187452464940e-01
8.911662741636973806e+00,3.446760237340640742e+01,-8.482045187454332336e-01
8.941922082987296960e+00,3.443682991850312902e+01,-8.474732055267255593e-01
8.956622120354699845e+00,3.442336412722240624e+01,-8.471088028570494810e-01
8.984960484582206419e+00,3.439336412660302500e+01,-8.662044679053705343e-01
9.015687329919549242e+00,3.436410504522168452e+01,-8.658368923938937201e-01
9.059676220839349980e+00,3.431910504519796490e+01,-8.658368680284409535e-01
9.104689849150318537e+00,3.427571875693660530e+01,-8.658368332838242143e-01
9.119689849147107452e+00,3.426071875690831803e+01,-8.658368332839927461e-01
9.149689849138667341e+00,3.423071875688037835e+01,-8.658368332837653725e-01
9.161768566742455988e+00,3.421571875642942473e+01,-8.658366662856447071e-01
9.192790621145409347e+00,3.418738984132951941e+01,-8.658366856037161829e-01
9.206790621130494401e+00,3.417238984131836332e+01,-8.658366856034261927e-01
9.249681599512820540e+00,3.412738984114584895e+01,-8.658366356897234661e-01
9.261268100077597154e+00,3.411238984077068181e+01,-8.658364922322356882e-01
9.276856419627243611e+00,3.409738984081442936e+01,-8.662044502897937592e-01
9.306844903038387073e+00,3.406738984075379761e+01,-8.662044496194262200e-01
9.321844903024611995e+00,3.405238984074094333e+01,-8.662044496179532871e-01
9.366844903022865765e+00,3.400738984065537807e+01,-8.662044496168164187e-01
9.380186826615052098e+00,3.399238984055794077e+01,-8.665725517241815723e-01
9.410541643453305127e+00,3.396238984060365595e+01,-8.665726413625154390e-01
9.424852637301809111e+00,3.394738984050407993e+01,-8.669406786587307012e-01
9.453160189435738658e+00,3.391738984044904015e+01,-8.673088732372518095e-01
9.481719108622876035e+00,3.388738984034247892e+01,-8.673087903486704775e-01
9.496729377570060748e+00,3.387238984029750100e+01,-8.673087909158029296e-01
9.524229882352006626e+00,3.384338984017734475e+01,-8.673087112830221157e-01
9.538713726207289412e+00,3.382638984005633631e+01,-8.493086337435470368e-01
9.557168070558349271e+00,3.380638983995196156e+01,-8.323085575125176439e-01
9.571379624737993197e+00,3.379238983987175260e+01,-8.326773941284536518e-01
9.602210370800095873e+00,3.376338983990932974e+01,-8.323053058469471743e-01
9.611542541313779608e+00,3.374838983959072891e+01,-8.326743525089188580e-01
9.639715333717628454e+00,3.372236198637214954e+01,-8.323016863342430627e-01
9.668027141691935000e+00,3.369436198620218192e+01,-8.323015136488981502e-01
9.685476333157092554e+00,3.368036198634268885e+01,-8.323018560956982892e-01
9.715223725914487574e+00,3.365033387425001621e+01,-8.323044296791071162e-01
9.740590643549948524e+00,3.362031824333156038e+01,-8.326759751567400780e-01
9.769590643532865215e+00,3.359637075434059028e+01,-8.496759186817279819e-01
9.780006713183812650e+00,3.358237075414619000e+01,-8.496756501030666708e-01
9.808026908071949990e+00,3.355437075412277892e+01,-8.496756515772293517e-01
9.836026908065832686e+00,3.352637075410166290e+01,-8.496756515769448015e-01
9.850066761920141190e+00,3.350923876230870491e+01,-8.673035699744314764e-01
9.880941136946102432e+00,3.348123876240833141e+01,-8.669331427152017211e-01
9.892056505369298591e+00,3.346623876221380556e+01,-8.665602467775198603e-01
9.919121025552822601e+00,3.343305766163557280e+01,-8.669351629274508753e-01
9.933151173391769007e+00,3.341912063543149003e+01,-8.673103694852448697e-01
1.000819012304765288e+01,3.334526272762148125e+01,-8.673104948834156058e-01
1.002319012303632917e+01,3.333026272761344444e+01,-8.673104948825312022e-01
1.004129719442707547e+01,3.331090677356587548e+01,-8.673105338330590053e-01
1.007132927337642947e+01,3.328090677355640281e+01,-8.676876062255975963e-01
1.010033788574324554e+01,3.325090677352301327e+01,-8.676907094407876331e-01
1.011324768866999158e+01,3.323490932139347365e+01,-8.676907208361466228e-01
1.014336962868770442e+01,3.320267497918998600e+01,-8.676906589719999285e-01
1.015851110216594577e+01,3.318867497916786391e+01,-8.684447915280700814e-01
1.018439878073947469e+01,3.315743311880957123e+01,-8.684448049364488220e-01
1.021241949688517181e+01,3.313169400054409408e+01,-8.684520390378187571e-01
1.024041949686943553e+01,3.310269400043762289e+01,-8.684520390381749166e-01
1.027292667789348002e+01,3.307369400050059483e+01,-8.692094994262334895e-01
1.028361073235896050e+01,3.306199787883331709e+01,-8.515932628364861756e-01
1.031161073234397918e+01,3.303169852257484962e+01,-8.515932144420355066e-01
1.032678604989429694e+01,3.301652343681791280e+01,-8.508384022797480517e-01
1.035022259668965283e+01,3.298852343665934228e+01,-8.508400243101182925e-01
1.036064327085435188e+01,3.297685773208445426e+01,-8.508404721199877008e-01
1.040564327085303375e+01,3.293285773202660494e+01,-8.338404721177994361e-01
1.042299925496361723e+01,3.291667051826809143e+01,-8.334621004139290967e-01
1.042301498729842635e+01,3.291665849288724388e+01,-8.334620987720787744e-01
1.047159376998804881e+01,3.287144862521480349e+01,-8.326978958976603007e-01
1.049800712582745099e+01,3.284244862508672469e+01,-8.330781968822486006e-01
1.052923050244709557e+01,3.281344862512258231e+01,-8.341998303027531314e-01
1.056066878918599805e+01,3.278544862508731939e+01,-8.341995989689123814e-01
1.057612227943514149e+01,3.277365983026828644e+01,-8.345794404473700911e-01
1.058765647934208509e+01,3.275965983020517314e+01,-8.345796677693326782e-01
1.061566768851362319e+01,3.273900272599900774e+01,-8.515798068372160134e-01
1.064466768850252265e+01,3.271100272591866087e+01,-8.515798068365256768e-01
1.066889363446634853e+01,3.268051640384489076e+01,-8.512002918597904033e-01
1.069691136503102591e+01,3.265500342263567291e+01,-8.512003363379981868e-01
1.070964722445148354e+01,3.264349557857681106e+01,-8.508201403292278142e-01
1.073764870195983612e+01,3.261799902521718053e+01,-8.688201858996648097e-01
1.076664870195236290e+01,3.258649930902606684e+01,-8.688201406239626223e-01
1.078586343640188083e+01,3.257402169037793982e+01,-8.688196476791136824e-01
1.081355599940512668e+01,3.255036031116199524e+01,-8.688201468327625410e-01
1.082887252307930659e+01,3.253281332595630460e+01,-8.692026306340310260e-01
1.085953147257935925e+01,3.250383211744092193e+01,-8.692023120374103851e-01
1.088887932462502484e+01,3.247966436715602612e+01,-8.699633638873307540e-01
1.089563689702404226e+01,3.247966562878768570e+01,-8.703455280442699005e-01
1.093393858219346093e+01,3.243767155818686376e+01,-8.703458395345661236e-01
1.094893858218711102e+01,3.241908041507457483e+01,-8.523459575688666634e-01
1.099756945102635797e+01,3.236848096481393355e+01,-8.177299442246311889e-01
1.100709797396604728e+01,3.235840554136740366e+01,-8.181133476782830316e-01
1.103432644505716986e+01,3.232777953865371501e+01,-8.181131419092254609e-01
1.104685255565072488e+01,3.231346725633558492e+01,-8.173442338878715852e-01
1.107485255563369719e+01,3.228877454042286388e+01,-8.169549086530519810e-01
1.110345465774512874e+01,3.226078191407720652e+01,-8.165697558327611461e-01
1.111284851487960523e+01,3.225044321163801442e+01,-8.173389461725230065e-01
1.115826424876220635e+01,3.220709213317419994e+01,-8.165648864817577346e-01
1.117230279364960843e+01,3.219947972195066654e+01,-8.345617906308306910e-01
1.118158662708518314e+01,3.218003257806842754e+01,-8.337657550538014606e-01
1.121059567022669512e+01,3.213983093529612489e+01,-8.318101498539690608e-01
1.122892931795879434e+01,3.212853022393903757e+01,-8.329640922748624554e-01
1.125397862728364018e+01,3.210015586833250723e+01,-8.318071988715431964e-01
1.129890098302283796e+01,3.206073869880644622e+01,-8.487918559314863165e-01
1.130988348900746665e+01,3.204666458482864044e+01,-8.487923103614058995e-01
1.133888348900654819e+01,3.201866458477161359e+01,-8.487923103607499797e-01
1.135288348902395228e+01,3.200466458477603737e+01,-8.487923103584762430e-01
1.138088348901510471e+01,3.197666458471212536e+01,-8.667923103589600942e-01
1.140788348901696736e+01,3.194866458469186909e+01,-8.667923103587327205e-01
1.142188348900526762e+01,3.193366458469245117e+01,-8.667923103569136201e-01
1.144988348898914410e+01,3.190366458462085575e+01,-8.667923103555494890e-01
1.146388348901382415e+01,3.188866458460688591e+01,-8.837923103546927450e-01
1.149188348902680445e+01,3.185866458456439432e+01,-8.667923103535031260e-01
1.151988348901795689e+01,3.183066458450048231e+01,-8.667923103537304996e-01
1.154688348900526762e+01,3.180166458447638433e+01,-8.667923103516841365e-01
1.156088348897901597e+01,3.178666458450607024e+01,-8.667923103510020155e-01
1.161688348896859679e+01,3.172866458445787430e+01,-8.667923103516841365e-01
1.163088348894234514e+01,3.171366458442935254e+01,-8.667923103507746418e-01
1.165888348891894566e+01,3.168566458436544053e+01,-8.487923103505181643e-01
1.167288348889996996e+01,3.167166458434076048e+01,-8.487923103496086696e-01
1.170088348888384644e+01,3.164366458434960805e+01,-8.487923103496086696e-01
1.172888348888955079e+01,3.161566458434390370e+01,-8.487923103496086696e-01
1.174388348888896871e+01,3.160166458431922365e+01,-8.487923103486991749e-01
1.177388348886597669e+01,3.157266458428057376e+01,-8.317923103461453138e-01
1.180388348884298466e+01,3.154266458422353026e+01,-8.317923103468274348e-01
1.183388348882726859e+01,3.151366458418488037e+01,-8.317923103459179401e-01
1.184888348881213460e+01,3.149966458413109649e+01,-8.317923103452358191e-01
1.187888348878186662e+01,3.147066458409244660e+01,-8.317923103443263244e-01
1.190888348877342651e+01,3.144166458406834863e+01,-8.317923103434168297e-01
1.192388348874374060e+01,3.142666458406165475e+01,-8.317923103436442034e-01
1.195388348873530049e+01,3.139766458401572891e+01,-8.317923103436442034e-01
1.196888348873471841e+01,3.138366458396922098e+01,-8.317923103438715771e-01
1.199688348874769872e+01,3.135666458395280642e+01,-8.317923103436442034e-01
1.202488348873157520e+01,3.132866458393255016e+01,-8.317923103438715771e-01
1.205388348869746551e+01,3.130066458390501793e+01,-8.487923103416505910e-01
1.206788348870031768e+01,3.128666458384395810e+01,-8.487923103411958436e-01
1.209588348869874608e+01,3.125866458382370183e+01,-8.487923103391494806e-01
1.210988348867249442e+01,3.124466458382812561e+01,-8.487923103391494806e-01
1.213788348865637090e+01,3.121666458383697318e+01,-8.487923103384673595e-01
1.216688348865864100e+01,3.118766458381287521e+01,-8.487923103375578648e-01
1.218188348863623105e+01,3.117266458376252558e+01,-8.487923103359662491e-01
1.221188348862051498e+01,3.114266458369093016e+01,-8.667923103357679793e-01
1.224188348860479891e+01,3.111266458362661069e+01,-8.667923103355406056e-01
1.227088348859251710e+01,3.108266458362777485e+01,-8.667923103334942425e-01
1.228488348858081736e+01,3.106766458357742522e+01,-8.667923103307657584e-01
1.231288348856469383e+01,3.103966458356444491e+01,-8.487923103293724125e-01
1.235488348856597440e+01,3.099766458351950860e+01,-8.487923103289176652e-01
1.238288348856440280e+01,3.096966458352108020e+01,-8.487923103280081705e-01
1.239688348855997901e+01,3.095566458348912420e+01,-8.487923103282355441e-01
1.242588348855497316e+01,3.092666458343592240e+01,-8.487923103270986758e-01
1.245388348855340155e+01,3.089866458343749400e+01,-8.317923103275006724e-01
1.247688348853262141e+01,3.087666458343301201e+01,-8.317923103252269357e-01
1.248188348850817420e+01,3.087166458343563136e+01,-8.137923103249704582e-01
1.250288348847971065e+01,3.085266458344995044e+01,-7.787923103230696142e-01
1.251888348845386645e+01,3.083966458340728423e+01,-7.787923103217053722e-01
1.254888348842359846e+01,3.082226353415195064e+01,-7.787899458317157908e-01
1.257788348841131665e+01,3.079305785811114049e+01,-7.787907313803413833e-01
1.259288348839618266e+01,3.078327309409317891e+01,-7.787899475549983075e-01
1.262106751028429308e+01,3.076045617498063578e+01,-7.971867922990354405e-01
1.265106751026905840e+01,3.074088640410457174e+01,-7.979844061058055660e-01
1.268106751027517021e+01,3.072291130003911519e+01,-7.983758276674308707e-01
1.269606751024548430e+01,3.070548522664383384e+01,-7.983789077135945433e-01
1.272606751023704419e+01,3.068171650005122686e+01,-8.145701135149048255e-01
1.275606751023588004e+01,3.064223283488692573e+01,-8.321672498830667841e-01
1.278406751020520460e+01,3.061736194453675708e+01,-8.321664591038689940e-01
1.279806751020078082e+01,3.060326641046562912e+01,-8.321613263451476117e-01
1.281206751015997725e+01,3.058428578949343901e+01,-8.503560351814272167e-01
1.282606751017738134e+01,3.057029294520519613e+01,-8.511444132069787560e-01
1.285406751017580973e+01,3.060211690706686838e+01,-8.342819424832819131e-01
1.288206751018879004e+01,3.057636713949732155e+01,-8.528235082760219354e-01
1.292406751016096678e+01,3.052855806398325100e+01,-8.516772662520030179e-01
1.293806751013471512e+01,3.052048800805780360e+01,-8.533132244564232138e-01
1.296606751012586756e+01,3.049044874282240514e+01,-8.531791090327319749e-01
1.298006751009961590e+01,3.047635307784157277e+01,-8.531569495487530963e-01
1.300806751008349238e+01,3.045190842222575967e+01,-8.542017017306527960e-01
1.301831407029413157e+01,3.043055252815690892e+01,-8.525295429957346904e-01
1.304531407028844114e+01,3.039758254780457136e+01,-8.512366659919008427e-01
1.307331407028686954e+01,3.036587801158843902e+01,-8.323194504886578526e-01
1.308731407028244575e+01,3.034199900305878117e+01,-8.301340262597906028e-01
1.308731407025334192e+01,3.034686590877429424e+01,-8.313985961419448900e-01
1.312931407021824270e+01,3.030105327364445245e+01,-8.306718567534943087e-01
1.315042700694383804e+01,3.027696434119357605e+01,-8.317302341155800027e-01
1.318325594493730257e+01,3.025262768845139760e+01,-8.156221881740446378e-01
1.321625483353381547e+01,3.022819416586686359e+01,-8.164895766580195779e-01
1.323025483353558229e+01,3.021535357735479010e+01,-8.163738615751373606e-01
1.324820375425014873e+01,3.020359242128227351e+01,-8.167504717492730659e-01
1.327414992384865222e+01,3.018298911852551214e+01,-8.002749870984984248e-01
1.330414992386067752e+01,3.015491292900615861e+01,-8.000006450612825448e-01
1.333514992387790699e+01,3.012684241841082766e+01,-7.999863392052275479e-01
1.336514992386219092e+01,3.010261067686208847e+01,-8.006101566660771551e-01
1.341014992386772064e+01,3.029791996904016216e+01,-8.482342094437075319e-01
1.344418464800709501e+01,3.026991996104272431e+01,-8.490397550753009392e-01
1.345216599592496998e+01,3.025691997280122791e+01,-8.488972591479001517e-01
1.348620704332274656e+01,3.022951658650161377e+01,-8.486310009704245427e-01
1.351620704331435263e+01,3.020197664686648764e+01,-8.486314640733392256e-01
1.352919755046098693e+01,3.018848148902934625e+01,-8.484951714626505215e-01
1.355721195806844293e+01,3.016176441831452593e+01,-8.660870301725046572e-01
1.358621195804153103e+01,3.013407148900601484e+01,-8.659473627420833930e-01
1.363028026450185592e+01,3.009207148505747753e+01,-8.658014996257851204e-01
1.365725434453631593e+01,3.006272582777027935e+01,-8.825222895928682698e-01
1.367225434455031063e+01,3.004734525503676679e+01,-8.823809363410165529e-01
1.369404396811249214e+01,3.001656801441695777e+01,-8.823799964322258660e-01
1.371327080084886241e+01,3.000276505105149027e+01,-8.825226162487092019e-01
1.374327080083457986e+01,2.997275901204772808e+01,-8.822371267712607601e-01
1.376721382003893801e+01,2.994432466892931188e+01,-8.820929113639019992e-01
1.380921382004453335e+01,2.990319452548723689e+01,-8.650931073075226463e-01
1.382421382000029553e+01,2.988771463736421552e+01,-8.649494574324406715e-01
1.384306557968382378e+01,2.986034935075539209e+01,-8.649503353457899113e-01
1.386586798313176949e+01,2.984337860687018207e+01,-8.654039243246379742e-01
1.389695279407182404e+01,2.981537861809979972e+01,-8.655502716318411727e-01
1.391724584828678957e+01,2.980137726364549877e+01,-8.656971228151456588e-01
1.389077388456200524e+01,2.977390124713073760e+01,-8.478509615200999772e-01
1.390577388458768837e+01,2.976032732380156176e+01,-8.479980760136544005e-01
1.392956414634140216e+01,2.973777234426338723e+01,-8.476990584889576574e-01
1.394356414632784436e+01,2.972577234422351466e+01,-8.126990584896702785e-01
1.397285953501491207e+01,2.970206785397057558e+01,-7.952114556133595968e-01
1.398885953499848256e+01,2.968907435547948381e+01,-7.955214236962502294e-01
1.402085953496862203e+01,2.966307288853604263e+01,-7.955287410189965103e-01
1.403585953496803995e+01,2.964945567976826979e+01,-7.953783524251021309e-01
1.406544337828012736e+01,2.962407801322400047e+01,-7.950728964787325825e-01
1.408088486503358894e+01,2.961296601936294692e+01,-7.953816294270854570e-01
1.411088486503285822e+01,2.958890207345648804e+01,-7.955361477016141825e-01
1.414088486502441810e+01,2.956485588018828992e+01,-8.123806814208363036e-01
1.417137272624602673e+01,2.953551472954729107e+01,-8.123786784978815900e-01
1.418637272624619072e+01,2.952251472954230849e+01,-8.123786784969979635e-01
1.423137272626627237e+01,2.948215304085008981e+01,-8.123785159722142213e-01
1.424693935536556566e+01,2.947053064787506216e+01,-8.122211651328706816e-01
1.427460624400753453e+01,2.944171188390993521e+01,-8.299063484018781578e-01
1.428960624402679969e+01,2.942771188385086134e+01,-8.302166615469828148e-01
1.431960624403291149e+01,2.940169900120297442e+01,-8.298931423604585245e-01
1.433524063284935934e+01,2.938869626082509612e+01,-8.300511214322996434e-01
1.436424063285812736e+01,2.936269626078137662e+01,-8.470511214306952752e-01
1.439324063287494937e+01,2.933268616970261178e+01,-8.470508214683527548e-01
1.442324063286650926e+01,2.930492600545880677e+01,-8.468877354075982078e-01
1.445224063284695148e+01,2.927846868094052368e+01,-8.648878706688449824e-01
1.447981024541345185e+01,2.924889606091464600e+01,-8.648877926527820392e-01
1.449381024536705809e+01,2.923646458563447936e+01,-8.642317482285511998e-01
1.450781024535535835e+01,2.922249109352371832e+01,-8.812295273425958531e-01
1.453581024532468291e+01,2.919449109348352067e+01,-8.812295273414747498e-01
1.454981024529843125e+01,2.918354991351539951e+01,-8.813921262748882768e-01
1.457981024528271519e+01,2.915601919531303921e+01,-8.815546561065843445e-01
1.460981024528155103e+01,2.912603700233081128e+01,-8.815546579441373432e-01
1.463981024528038688e+01,2.909936837682581512e+01,-8.812211533801824759e-01
1.469497863291092976e+01,2.903834340326421426e+01,-8.810545192955764326e-01
1.470897863288701046e+01,2.902097436945396680e+01,-8.810541908858555704e-01
1.473529253116621796e+01,2.899213754032317070e+01,-8.812215722915220928e-01
1.476329253115545725e+01,2.896586106872915778e+01,-8.642217224146088173e-01
1.477729253114375751e+01,2.895012219496268102e+01,-8.642215736286946726e-01
1.480729253111348953e+01,2.892213020347305985e+01,-8.642215743008080375e-01
1.482129253110906575e+01,2.890813261893902109e+01,-8.642215744982879588e-01
1.485029253113316372e+01,2.888013261889864225e+01,-8.642215744989698578e-01
1.488029253111744765e+01,2.885213261884928215e+01,-8.642215744962413737e-01
1.490929253110516584e+01,2.882413261882174993e+01,-8.462215744946206541e-01
1.492429253108275589e+01,2.881013261878251797e+01,-8.462215744943932805e-01
1.495329253109957790e+01,2.878313261875155149e+01,-8.462215744953027752e-01
1.498329253108386183e+01,2.875713261875353055e+01,-8.292215744947952771e-01
1.499829253109055571e+01,2.874313261867791880e+01,-8.292215744927488030e-01
1.502929253110778518e+01,2.871513261867221445e+01,-8.292215744927488030e-01
1.504429253107809927e+01,2.870113261863298248e+01,-8.292215744916120457e-01
1.507629253107006662e+01,2.867313261862000218e+01,-8.292215744895656826e-01
1.510829253105475800e+01,2.864513261856336612e+01,-8.292215744888835616e-01
1.515329253103845986e+01,2.860613261853723088e+01,-8.292215744895656826e-01
1.516829253102332586e+01,2.859313261850911658e+01,-8.292215744875193195e-01
1.519829253100033384e+01,2.856713261848199181e+01,-8.292215744884288142e-01
1.521329253097792389e+01,2.855413261848298134e+01,-8.292215744888835616e-01
1.524329253094037995e+01,2.852713261848839466e+01,-8.292215744893383089e-01
1.525729253093595617e+01,2.851413261847483227e+01,-8.292215744895656826e-01
1.531629253092251020e+01,2.846013261846383102e+01,-8.462215744900731806e-01
1.533029253090353450e+01,2.844713261842844076e+01,-8.462215744896184333e-01
1.536029253088781843e+01,2.841913261839363258e+01,-8.462215744884815649e-01
1.538429253085632809e+01,2.839613261834892910e+01,-8.642215744866916793e-01
1.539129253083956428e+01,2.839013261830405099e+01,-8.462215744859804545e-01
1.541329253085132223e+01,2.836813261826318922e+01,-8.462215744873446965e-01
1.544429253086855169e+01,2.834013261818472529e+01,-8.462215744864352018e-01
1.545929253085341770e+01,2.832713261816388695e+01,-8.462215744857530808e-01
1.548929253084497759e+01,2.829913261815090664e+01,-8.292215744845634617e-01
1.550529253083368530e+01,2.828513261812622659e+01,-8.292215744825170987e-01
1.553629253079998307e+01,2.825713261813507415e+01,-8.292215744804707356e-01
1.556829253078467445e+01,2.822913261807843810e+01,-8.292215744804707356e-01
1.559929253077280009e+01,2.820113261808728566e+01,-8.292215744806979982e-01
1.563029253074637381e+01,2.817313261801609769e+01,-8.292215744786517462e-01
1.564629253074963344e+01,2.815913261801324552e+01,-8.292215744781969988e-01
1.567629253074119333e+01,2.813113261797116138e+01,-8.292215744763780094e-01
1.569129253071878338e+01,2.811813261796487495e+01,-8.292215744747863937e-01
1.572129253073944710e+01,2.809113261791208060e+01,-8.462215744739296497e-01
1.573629253070976119e+01,2.807713261785102077e+01,-8.462215744721106603e-01
1.578029253067506943e+01,2.803713261782104382e+01,-8.462215744707464182e-01
1.579629253067832906e+01,2.802313261776725994e+01,-8.462215744702916709e-01
1.581129253069229890e+01,2.800913261769164819e+01,-8.462215744700642972e-01
1.584129253069113474e+01,2.798113261769321980e+01,-8.462215744698369235e-01
1.587229253066470847e+01,2.795213261768367374e+01,-8.462215744687000551e-01
1.590229253061988857e+01,2.792413261764886556e+01,-8.462215744677905604e-01
1.591829253062314820e+01,2.791013261762418551e+01,-8.462215744661989447e-01
1.594829253060743213e+01,2.788113261760736350e+01,-8.462215744657441974e-01
1.596329253060685005e+01,2.786713261758268345e+01,-8.462215744659715710e-01
1.599329253057658207e+01,2.783913261755515123e+01,-8.462215744659715710e-01
1.602229253057157621e+01,2.781113261754217092e+01,-8.462215744639252080e-01
1.603729253058554605e+01,2.779813261754316045e+01,-8.462215744634704606e-01
1.608229253058379982e+01,2.775713261753116967e+01,-8.462215744627883396e-01
1.609729253056866582e+01,2.774313261750648962e+01,-8.462215744607419765e-01
1.614329253055620939e+01,2.770113261749793310e+01,-8.292215744597797311e-01
1.617329253056959715e+01,2.767313261746312492e+01,-8.292215744579607417e-01
1.618929253054375295e+01,2.765913261745299678e+01,-8.292215744575059944e-01
1.623529253051674459e+01,2.761713261742988834e+01,-8.292215744575059944e-01
1.625129253049090039e+01,2.760313261739065638e+01,-8.292215744559143786e-01
1.626729253052326385e+01,2.758913261735870037e+01,-8.292215744550048839e-01
1.629729253049299587e+01,2.756213261730590602e+01,-8.292215744522763998e-01
1.634529253047367092e+01,2.751913261728623183e+01,-8.292215744525037735e-01
1.636029253042943310e+01,2.750513261723244796e+01,-8.292215744506847841e-01
1.637629253046179656e+01,2.749113261720776791e+01,-8.292215744493205420e-01
1.640829253043921199e+01,2.746313261717295973e+01,-8.292215744481836737e-01
1.642429253044247162e+01,2.744913261713372776e+01,-8.292215744470468053e-01
1.645629253046354279e+01,2.742113261715712724e+01,-8.292215744465920579e-01
1.648629253046237864e+01,2.739413261711888481e+01,-8.292215744468194316e-01
1.650129253044724464e+01,2.738113261706166668e+01,-8.292215744461373106e-01
1.653229253044992220e+01,2.735413261700887233e+01,-8.292215744450004422e-01
1.657929253042675555e+01,2.731213261694938410e+01,-8.292215744454550785e-01
1.659529253040091135e+01,2.729813261692470405e+01,-8.292215744463646843e-01
1.661029253037122544e+01,2.728413261685636826e+01,-8.292215744440909475e-01
1.664229253034864087e+01,2.725613261680700816e+01,-8.292215744431814528e-01
1.665829253030824475e+01,2.724213261681870790e+01,-8.292215744429540791e-01
1.669029253030021209e+01,2.721413261680572759e+01,-8.292215744440909475e-01
1.670529253029963002e+01,2.720013261679559946e+01,-8.292215744445456949e-01
1.673629253027320374e+01,2.717213261680444703e+01,-8.292215744427267055e-01
1.675229253030556720e+01,2.715813261678704293e+01,-8.292215744406803424e-01
1.678429253031208646e+01,2.713013261676678667e+01,-8.292215744399982214e-01
1.681529253031476401e+01,2.710213261676108232e+01,-8.292215744388613530e-01
1.686129253030230757e+01,2.706013261667976622e+01,-8.292215744377244846e-01
1.687229253027180675e+01,2.705013261662679724e+01,-8.292215744365876162e-01
1.687929253022593912e+01,2.704413261659647105e+01,-8.292215744347686268e-01
1.690129253017948940e+01,2.702413261654146481e+01,-8.112215744342847756e-01
1.693329253017145675e+01,2.699713261647411855e+01,-8.112215744340574020e-01
1.694929253011650871e+01,2.698313261644943850e+01,-8.112215744336026546e-01
1.698029253009008244e+01,2.695613261639664415e+01,-8.112215744315562915e-01
1.699529253006039653e+01,2.694313261639035773e+01,-8.112215744306467968e-01
1.702529253007378429e+01,2.691713261642144062e+01,-8.112215744301920495e-01
1.707029253005748615e+01,2.687813261640258133e+01,-8.112215744292825548e-01
1.708529253004235215e+01,2.686513261635263916e+01,-8.112215744304194232e-01
1.711529253001208417e+01,2.683913261635461822e+01,-8.112215744295099284e-01
1.713029252999695018e+01,2.682613261631922796e+01,-8.292215744290841739e-01
1.717529252999520395e+01,2.678613261626742315e+01,-8.292215744297664060e-01
1.720529252996493597e+01,2.675913261623645667e+01,-8.292215744290841739e-01
1.722129252995364368e+01,2.674513261619722471e+01,-8.292215744279474166e-01
1.725129252996703144e+01,2.671713261611148482e+01,-8.292215744259010535e-01
1.729829252995841671e+01,2.667513261608837638e+01,-8.462215744239074411e-01
1.731329252992873080e+01,2.666113261602731654e+01,-8.462215744218610780e-01
1.734429252990230452e+01,2.663313261600706028e+01,-8.462215744218610780e-01
1.735929252993082628e+01,2.661913261601876002e+01,-8.462215744211790680e-01
1.738929252991511021e+01,2.659313261599891121e+01,-8.292215744211262063e-01
1.740429252989997622e+01,2.658013261599990074e+01,-8.292215744193072169e-01
1.743429252986970823e+01,2.655313261599803809e+01,-8.292215744181703485e-01
1.744929252984002233e+01,2.654013261599902762e+01,-8.292215744172609648e-01
1.749429252979462035e+01,2.650013261600543046e+01,-8.292215744152144907e-01
1.750929252977948636e+01,2.648713261598459212e+01,-8.292215744143049960e-01
1.753929252976377029e+01,2.646113261600839905e+01,-8.112215744135937712e-01
1.757029252978099976e+01,2.643413261596288066e+01,-8.112215744120021554e-01
1.758629252976970747e+01,2.642013261594547657e+01,-8.112215744117747818e-01
1.761829252977622673e+01,2.639313261589268222e+01,-8.112215744097284187e-01
1.765029252972453833e+01,2.636513261589425383e+01,-8.112215744092736713e-01
1.768229252970195375e+01,2.633713261583034182e+01,-8.112215744072273083e-01
1.771429252967936918e+01,2.631013261579937534e+01,-8.112215744072273083e-01
1.774629252965678461e+01,2.628213261584460270e+01,-8.112215744067725609e-01
1.774629252961312886e+01,2.628213261582277482e+01,-8.112215744063178136e-01
1.780829252960393205e+01,2.622913261578651145e+01,-8.112215744042714505e-01
1.782329252961790189e+01,2.621613261574384524e+01,-8.112215744035893294e-01
1.785329252957308199e+01,2.619013261569489259e+01,-8.112215744031345821e-01
1.786929252953268588e+01,2.617713261563039850e+01,-8.112215744013155927e-01
1.789929252953152172e+01,2.615113261555234203e+01,-8.292215743999804545e-01
1.791429252951638773e+01,2.613813261551695177e+01,-8.292215743999804545e-01
1.796029252947482746e+01,2.609713261551223695e+01,-8.292215744002078281e-01
1.797629252947808709e+01,2.608313261547300499e+01,-8.292215743995258181e-01
1.800829252944095060e+01,2.605513261541636894e+01,-8.292215743983888387e-01
1.804029252943291795e+01,2.602713261539611267e+01,-8.292215743988435861e-01
1.805629252942162566e+01,2.601313261532777688e+01,-8.292215743997530808e-01
1.808829252938448917e+01,2.598513261530024465e+01,-8.292215743979340914e-01
1.811929252940171864e+01,2.595713261527998839e+01,-8.292215743972518593e-01
1.813229252937890124e+01,2.594513261524116388e+01,-8.112215743958586245e-01
1.814129252939892467e+01,2.593813261522882385e+01,-7.942215743951237528e-01
1.814829252941126470e+01,2.593313261521689128e+01,-6.892215743946508155e-01
1.815029252938984428e+01,2.593213261519122170e+01,-5.672215743934430066e-01
1.815129252940823790e+01,2.593213261512573808e+01,-4.272215743926608411e-01
1.815129252942278981e+01,2.593213261511846213e+01,-2.532215743922279216e-01
1.815129252939368598e+01,2.593213261511118617e+01,-2.532215743915458006e-01
1.815529252937994897e+01,2.593213261508935830e+01,-2.702215743913711776e-01
1.815829252936237026e+01,2.593113261503458489e+01,-2.532215743921142348e-01
1.816729252932418603e+01,2.593113261498365318e+01,-2.352215743923127267e-01
1.817129252929589711e+01,2.593013261500163935e+01,-2.532215743917731188e-01
1.818229252929450013e+01,2.592913261497596977e+01,-3.052215743911119716e-01
1.819029252926702611e+01,2.592713261491007870e+01,-3.402215743910801393e-01
1.821029252922744490e+01,2.592113261487247655e+01,-4.102215743903343537e-01
1.823629252924001776e+01,2.591213261484517716e+01,-4.802215743889064470e-01
1.826829252921743318e+01,2.589713261479482753e+01,-5.502215743877059140e-01
1.832029252916981932e+01,2.586813261477072956e+01,-6.542215743857012766e-01
1.835329252913652454e+01,2.584513261475512991e+01,-7.242215743851829757e-01
1.836929252912523225e+01,2.583313261473813327e+01,-7.422215743838478375e-01
1.839529252910870127e+01,2.581213261473749299e+01,-7.942215743835278063e-01
1.840329252912488300e+01,2.580513261471787700e+01,-7.942215743842098163e-01
1.842529252906388137e+01,2.578613261467398843e+01,-8.112215743826709513e-01
1.845529252904816531e+01,2.575813261471193982e+01,-8.462215743825254322e-01
1.848329252902476583e+01,2.573013261470623547e+01,-8.812215743828346604e-01
1.849729252900579013e+01,2.571613261466700351e+01,-8.992215743814995221e-01
1.852429252894944511e+01,2.568713261462107766e+01,-9.342215743818087503e-01
1.854929252891452052e+01,2.565813261458970373e+01,-9.512215743804972590e-01
1.855829252890544012e+01,2.564713261454744497e+01,-9.342215743781707715e-01
1.856729252891091164e+01,2.563713261455268366e+01,-8.642215743780070625e-01
1.856829252892930526e+01,2.563613261456339387e+01,-7.942215743778433534e-01
1.856929252891859505e+01,2.563613261454884196e+01,-6.722215743782271602e-01
1.856929252890404314e+01,2.563613261455611791e+01,-5.322215743781271158e-01
1.856929252886038739e+01,2.563613261456339387e+01,-3.932215743778897377e-01
1.856929252886038739e+01,2.563613261453429004e+01,-2.532215743783581274e-01
1.856929252886038739e+01,2.563613261446880642e+01,-1.832215743781944184e-01
1.856929252886038739e+01,2.563613261444697855e+01,-4.403626719853548366e-02
1.856929252883128356e+01,2.563613261438149493e+01,9.596373280132297623e-02
1.856929252881673165e+01,2.563613261434511514e+01,1.659637328012308899e-01
1.856929252878762782e+01,2.563613261433783919e+01,3.049637328010703641e-01
1.856929252878762782e+01,2.563613261433056323e+01,3.749637328004382653e-01
1.856929252878762782e+01,2.563613261430145940e+01,5.149637328004246228e-01
1.856929252875852399e+01,2.563613261430145940e+01,6.539637328014576978e-01
1.856929252871486824e+01,2.563613261430873536e+01,7.939637328001937222e-01
1.856929252870031632e+01,2.563613261427235557e+01,8.639637327989930782e-01
1.856929252870031632e+01,2.563613261423597578e+01,1.020963732798463752e+00
1.856929252870031632e+01,2.563613261422869982e+01,1.160963732795607939e+00
1.856929252870031632e+01,2.563613261422869982e+01,1.229963732796477416e+00
1.857029252867505420e+01,2.564413261424488155e+01,1.369963732797714329e+00
1.857029252866050228e+01,2.565113261420628987e+01,1.421963732796029944e+00
1.857029252861684654e+01,2.567313261418166803e+01,1.561963732790445647e+00
1.856829252860916313e+01,2.569213261421828065e+01,1.683963732790743961e+00
1.856829252859461121e+01,2.569413261416048044e+01,1.823963732789707137e+00
1.856729252854711376e+01,2.569613261416816385e+01,1.945963732792733936e+00
1.856129252853861544e+01,2.570613261414837325e+01,2.050963732794116368e+00
1.855629252850485500e+01,2.571313261410978157e+01,2.102963732791067741e+00
1.854929252850706689e+01,2.572213261409342522e+01,2.137963732791831717e+00
1.853429252849309705e+01,2.574113261405727826e+01,2.224963732792275550e+00
1.852429252849833574e+01,2.575113261400838383e+01,2.259963732791220536e+00
1.849929252847505268e+01,2.577513261393323774e+01,2.312963732789285132e+00
1.846929252846166492e+01,2.580113261390943080e+01,2.346963732782569423e+00
1.843829252842988353e+01,2.582713261390745174e+01,2.364963732781689032e+00
1.830829252838157117e+01,2.592413261390902335e+01,2.451963732778494887e+00
1.829129252837446984e+01,2.593513261389307445e+01,2.451963732778494887e+00
1.825729252836026717e+01,2.595713261384662474e+01,2.469963732779433485e+00
1.822329252838972025e+01,2.597913261381472694e+01,2.469963732775795506e+00
1.818929252836096566e+01,2.600113261381193297e+01,2.486963732774711389e+00
1.815529252831765916e+01,2.602313261375093134e+01,2.486963732774711389e+00
1.813829252832510974e+01,2.603413261374953436e+01,2.486963732770163915e+00
1.810429252828180324e+01,2.605513261372107081e+01,2.504963732767464535e+00
1.808729252827470191e+01,2.606513261367945233e+01,2.504963732767464535e+00
1.805229252825665753e+01,2.608613261369464453e+01,2.504963732766555040e+00
1.799729252823453862e+01,2.611913261364679784e+01,2.521963732765470922e+00
1.796029252820881084e+01,2.614113261363672791e+01,2.521963732768199407e+00
1.794229252816876397e+01,2.615213261361350305e+01,2.521963732766380417e+00
1.790629252813232597e+01,2.617313261359959142e+01,2.521963732763651933e+00
1.785029252813546918e+01,2.620613261361722834e+01,2.521963732761832944e+00
1.783229252812452614e+01,2.621613261359743774e+01,2.521963732760013954e+00
1.781529252810287289e+01,2.622613261356309522e+01,2.521963732762742438e+00
1.778029252809938043e+01,2.624613261355261784e+01,2.521963732759104460e+00
1.776329252803407144e+01,2.625613261356920702e+01,2.521963732756375975e+00
1.773129252799844835e+01,2.627413261359470198e+01,2.521963732751828502e+00
1.771629252796992660e+01,2.628213261358905584e+01,2.538963732752563374e+00
1.771429252799134701e+01,2.628313261360017350e+01,2.538963732748925395e+00
1.771029252799053211e+01,2.628513261356420116e+01,2.608963732744086883e+00
1.770929252792848274e+01,2.628513261354964925e+01,2.661963732737604005e+00
1.770929252791393083e+01,2.628513261350599350e+01,2.800963732736818201e+00
1.770929252789937891e+01,2.628513261349871755e+01,2.992963732735006488e+00
1.770929252788482700e+01,2.628513261344778584e+01,3.045963732729433104e+00
1.770529252789856400e+01,2.628513261345506180e+01,3.045963732728523610e+00
1.769829252788622398e+01,2.628513261344050989e+01,3.027963732728494506e+00
1.767929252785688732e+01,2.628513261344050989e+01,3.114963732724390866e+00
1.767729252783465199e+01,2.628513261338230222e+01,-3.098221574455237715e+00
1.767629252781625837e+01,2.628513261336775031e+01,-3.028221574450981279e+00
1.767629252778715454e+01,2.628513261338230222e+01,-2.906221574451592460e+00
1.767629252778715454e+01,2.628513261335319839e+01,-2.836221574448245519e+00
1.767629252780170646e+01,2.628513261336775031e+01,-2.627221574449322361e+00
1.767629252778715454e+01,2.628513261341140606e+01,-2.557221574447794410e+00
1.767629252777260263e+01,2.628513261338230222e+01,-2.417221574451104971e+00
1.767629252775805071e+01,2.628513261333137052e+01,-2.330221574449751643e+00
1.767629252778715454e+01,2.628513261331681861e+01,-2.190221574449424224e+00
1.767629252778715454e+01,2.628513261330226669e+01,-2.051221574453848007e+00
1.767629252777260263e+01,2.628513261322950711e+01,-1.981221574452320056e+00
1.767629252775805071e+01,2.628413261320383754e+01,-1.841221574448809406e+00
1.767629252775805071e+01,2.627413261322362814e+01,-1.649221574444254657e+00
1.767629252772894688e+01,2.627413261318724835e+01,-1.579221574444090948e+00
1.767629252769984305e+01,2.627413261314359261e+01,-1.510221574442766723e+00
1.767629252771439496e+01,2.627413261314359261e+01,-1.300221574440911354e+00
1.767729252768913284e+01,2.627013261312822578e+01,-1.178221574439703545e+00
1.768029252770065796e+01,2.626513261307991343e+01,-1.126221574439114193e+00
1.768929252769157756e+01,2.625213261305179913e+01,-1.021221574438186508e+00
1.770229252768331207e+01,2.623613261301943567e+01,-9.512215744375680515e-01
1.771129252767423168e+01,2.622613261298101861e+01,-9.162215744370314496e-01
1.773529252767912112e+01,2.620113261293590767e+01,-8.642215744341683603e-01
1.776429252763045952e+01,2.617513261290150695e+01,-8.112215744331479073e-01
1.777929252760077361e+01,2.616213261288066860e+01,-8.112215744317836652e-01
1.780929252758505754e+01,2.613613261291902745e+01,-7.762215744307923160e-01
1.784129252757702488e+01,2.611013261292828247e+01,-7.592215744302848179e-01
1.785729252760938834e+01,2.609813261291856179e+01,-7.422215744293225725e-01
1.788929252761590760e+01,2.607413261289912043e+01,-7.242215744290660950e-01
1.790629252759390511e+01,2.606213261286757188e+01,-7.242215744281566003e-01
1.793929252756061032e+01,2.603813261281175073e+01,-6.892215744278473721e-01
1.797329252756026108e+01,2.601613261273450917e+01,-6.892215744283021195e-01
1.800729252754535992e+01,2.599413261273002718e+01,-6.722215744282493688e-01
1.804129252755956259e+01,2.597213261272554519e+01,-6.722215744273397631e-01
1.805829252756666392e+01,2.596113261271966621e+01,-6.722215744277946214e-01
1.809229252756631467e+01,2.593913261270063231e+01,-6.542215744254917809e-01
1.810929252757341601e+01,2.592813261266564950e+01,-6.542215744250370335e-01
1.814329252757306676e+01,2.590613261263933964e+01,-6.372215744240747881e-01
1.816029252755106427e+01,2.589513261261163279e+01,-6.372215744243021618e-01
1.821229252750345040e+01,2.586413261261623120e+01,-6.372215744243021618e-01
1.823029252751439344e+01,2.585413261264329776e+01,-6.192215744238184216e-01
1.826529252747423016e+01,2.583413261261739535e+01,-6.192215744229088159e-01
1.830029252743406687e+01,2.581413261257694103e+01,-6.192215744208624528e-01
1.833529252739390358e+01,2.579413261256559053e+01,-6.022215744212643385e-01
1.835329252740484662e+01,2.578413261253444944e+01,-6.022215744205823285e-01
1.837129252737213392e+01,2.577413261253968813e+01,-6.022215744194454601e-01
1.842529252734675538e+01,2.574513261252286611e+01,-5.852215744189379620e-01
1.846129252735408954e+01,2.572613261250080541e+01,-5.852215744198474567e-01
1.849729252734687179e+01,2.570713261249329662e+01,-5.852215744203022041e-01
1.853329252732510213e+01,2.568913261246052571e+01,-5.672215744207278476e-01
1.856929252725967672e+01,2.567113261243503075e+01,-5.672215744195909792e-01
1.858729252722696401e+01,2.566213261234224774e+01,-5.672215744193636056e-01
1.858729252722696401e+01,2.566213261229859199e+01,-5.672215744186814845e-01
1.864129252720158547e+01,2.563513261228945339e+01,-5.502215744181739865e-01
1.867729252716526389e+01,2.561713261225668248e+01,-5.502215744181739865e-01
1.869529252714710310e+01,2.560813261224393500e+01,-5.322215744183722563e-01
1.875229252714780159e+01,2.558213261220953427e+01,-5.322215744174627616e-01
1.877129252710437868e+01,2.557313261219678679e+01,-5.322215744170081253e-01
1.880929252706118859e+01,2.555513261216401588e+01,-5.322215744174627616e-01
1.882929252703615930e+01,2.554613261211488862e+01,-5.322215744167806406e-01
1.886729252702207305e+01,2.552913261208595941e+01,-5.322215744165532669e-01
1.890629252696817275e+01,2.551113261203136062e+01,-5.322215744163258933e-01
1.894429252695408650e+01,2.549413261204608716e+01,-5.322215744156437722e-01
1.896229252695047762e+01,2.548613261205900926e+01,-5.322215744151890249e-01
1.899929252694710158e+01,2.547013261201936984e+01,-5.322215744158711459e-01
1.901729252691438887e+01,2.546113261203572620e+01,-5.322215744154163986e-01
1.905429252689646091e+01,2.544413261201407295e+01,-5.322215744149616512e-01
1.909029252687469125e+01,2.542813261201081332e+01,-5.322215744135974091e-01
1.912629252686747350e+01,2.541113261193822837e+01,-5.502215744133991393e-01
1.916329252684954554e+01,2.539313261196366511e+01,-5.502215744124896446e-01
1.918129252681683283e+01,2.538413261192181380e+01,-5.502215744115801499e-01
1.921729252683871891e+01,2.536613261193269864e+01,-5.502215744108980289e-01
1.923529252680600621e+01,2.535713261193450307e+01,-5.672215744100412849e-01
1.927129252678423654e+01,2.533913261188718025e+01,-5.672215744098139112e-01
1.932829252677038312e+01,2.531013261191401398e+01,-5.672215744102686585e-01
1.936629252675629687e+01,2.529013261192449136e+01,-5.672215744098139112e-01
1.940429252671310678e+01,2.527013261190586491e+01,-5.672215744095865375e-01
1.942329252666968387e+01,2.526013261186017189e+01,-5.672215744086770428e-01
1.946129252665559761e+01,2.524013261184882140e+01,-5.672215744077675481e-01
1.949929252664151136e+01,2.522113261181220878e+01,-5.672215744075401744e-01
1.953729252664197702e+01,2.520113261184451403e+01,-5.672215744064033061e-01
1.955529252662381623e+01,2.519113261179154506e+01,-5.672215744050390640e-01
1.959129252658749465e+01,2.517313261175877415e+01,-5.672215744041295693e-01
1.960929252654023003e+01,2.516413261175330263e+01,-5.672215744043569430e-01
1.964629252649319824e+01,2.514613261172780767e+01,-5.672215744041295693e-01
1.968329252648982219e+01,2.512813261170231272e+01,-5.672215744029925899e-01
1.971929252645350061e+01,2.511013261169864563e+01,-5.502215744018030819e-01
1.975529252640262712e+01,2.509213261165132280e+01,-5.502215743999840925e-01
1.977329252636991441e+01,2.508313261166767916e+01,-5.502215743988472241e-01
1.981129252637038007e+01,2.506513261164218420e+01,-5.502215743977103557e-01
1.983029252637061290e+01,2.505613261160760885e+01,-5.502215743979377294e-01
1.986829252635652665e+01,2.503813261157483794e+01,-5.502215743977103557e-01
1.988829252631694544e+01,2.502913261152571067e+01,-5.502215743968008610e-01
1.992729252627759706e+01,2.501113261147111189e+01,-5.502215743956639926e-01
1.996529252621985506e+01,2.499313261145289289e+01,-5.502215743947546089e-01
2.000329252617666498e+01,2.497513261144922581e+01,-5.502215743940723769e-01
2.004129252616257872e+01,2.495713261142373085e+01,-5.322215743938160104e-01
2.006029252614825964e+01,2.494813261138187954e+01,-5.322215743938160104e-01
2.009829252611962147e+01,2.493013261131272884e+01,-5.322215743940432731e-01
2.011729252613440622e+01,2.492113261128542945e+01,-5.322215743929064047e-01
2.015429252610192634e+01,2.490313261123083066e+01,-5.502215743924807612e-01
2.017229252605466172e+01,2.489413261120353127e+01,-5.502215743924807612e-01
2.021029252605512738e+01,2.487613261119258823e+01,-5.502215743920260138e-01
2.024929252604488283e+01,2.485813261116709327e+01,-5.502215743902070244e-01
2.028629252604150679e+01,2.484013261115615023e+01,-5.502215743888427824e-01
2.029929252601868939e+01,2.483413261111854808e+01,-5.502215743886154087e-01
2.031929252597910818e+01,2.482513261112035252e+01,-5.322215743876768101e-01
2.035429252596804872e+01,2.481013261108455481e+01,-5.152215743880788068e-01
2.039229252593941055e+01,2.479413261104491539e+01,-5.152215743873966858e-01
2.041129252595419530e+01,2.478613261104328558e+01,-5.152215743871693121e-01
2.044929252595466096e+01,2.477013261103274999e+01,-4.972215743864580872e-01
2.046729252595105208e+01,2.476213261103112018e+01,-4.972215743855485925e-01
2.050529252590786200e+01,2.474613261102058459e+01,-4.972215743855485925e-01
2.056229252586490475e+01,2.472313261097588111e+01,-4.802215743852684682e-01
2.060029252583626658e+01,2.470813261099101510e+01,-4.802215743849274077e-01
2.063829252579307649e+01,2.469413261100999080e+01,-4.802215743859507002e-01
2.067629252577899024e+01,2.468013261097075883e+01,-4.622215743856941117e-01
2.069529252576467115e+01,2.467313261100207455e+01,-4.622215743852393643e-01
2.073329252573603299e+01,2.465913261097011855e+01,-4.622215743853530512e-01
2.075229252572171390e+01,2.465213261097233044e+01,-4.452215743857549923e-01
2.079029252570762765e+01,2.463813261093309848e+01,-4.452215743856413610e-01
2.080929252564965282e+01,2.463113261089893058e+01,-4.452215743855276742e-01
2.084729252562101465e+01,2.461713261086697457e+01,-4.452215743843908058e-01
2.088529252560692839e+01,2.460313261085684644e+01,-4.272215743836795809e-01
2.090429252560716122e+01,2.459613261081540259e+01,-4.272215743827700307e-01
2.096229252553894185e+01,2.457513261082931422e+01,-4.272215743825427681e-01
2.098029252547712531e+01,2.456813261080969824e+01,-4.452215743820033822e-01
2.101829252544848714e+01,2.455413261080684606e+01,-4.452215743820033822e-01
2.103729252543416806e+01,2.454713261078723008e+01,-4.452215743810938875e-01
2.107529252542008180e+01,2.453313261079892982e+01,-4.622215743803508303e-01
2.111329252536233980e+01,2.451913261073059402e+01,-4.802215743800388736e-01
2.113229252536257263e+01,2.451113261072168825e+01,-4.972215743800916243e-01
2.117029252537759021e+01,2.449513261071842862e+01,-5.152215743787564861e-01
2.120629252538492437e+01,2.447913261069334112e+01,-5.322215743760807527e-01
2.124329252535244450e+01,2.446213261065713596e+01,-5.502215743758824829e-01
2.126129252533428371e+01,2.445313261062983656e+01,-5.672215743759352335e-01
2.129729252532706596e+01,2.443513261060434161e+01,-5.852215743759643374e-01
2.131529252533800900e+01,2.442513261059502838e+01,-6.022215743762444617e-01
2.135129252531623933e+01,2.440513261058367789e+01,-6.192215743772067071e-01
2.136829252532334067e+01,2.439513261053798487e+01,-6.192215743769793335e-01
2.140429252533067483e+01,2.437513261054118630e+01,-6.372215743758715689e-01
2.142129252530867234e+01,2.436413261052075541e+01,-6.372215743745073269e-01
2.145629252535582054e+01,2.434313261049828725e+01,-6.372215743742799532e-01
2.149229252534860279e+01,2.432113261046470143e+01,-6.542215743731958355e-01
2.154529252534848638e+01,2.428813261045434047e+01,-6.542215743716042198e-01
2.156229252532648388e+01,2.427813261043775128e+01,-6.542215743706947251e-01
2.159629252535523847e+01,2.425613261042599333e+01,-6.372215743697324797e-01
2.161429252533707768e+01,2.424513261044921819e+01,-6.372215743688229850e-01
2.164829252532217652e+01,2.422413261043402599e+01,-6.372215743679134903e-01
2.166529252534382977e+01,2.421413261043198872e+01,-6.372215743665492482e-01
2.169929252528527286e+01,2.419313261043134844e+01,-6.372215743663218745e-01
2.173429252523055766e+01,2.417213261040160432e+01,-6.372215743656397535e-01
2.175229252524150070e+01,2.416213261038501514e+01,-6.372215743647302588e-01
2.180529252522683237e+01,2.413113261034595780e+01,-6.192215743651559023e-01
2.185829252519761212e+01,2.410113261028163834e+01,-6.192215743651559023e-01
2.187529252513195388e+01,2.409113261022866936e+01,-6.192215743649285287e-01
2.191129252511018422e+01,2.407113261018821504e+01,-6.022215743648757780e-01
2.192929252513567917e+01,2.406113261013524607e+01,-6.022215743648757780e-01
2.196529252507025376e+01,2.404113261013117153e+01,-6.022215743644210306e-01
2.198329252502298914e+01,2.403113261006365065e+01,-6.022215743632841622e-01
2.201929252500121947e+01,2.401113261004502419e+01,-5.852215743630040379e-01
2.205529252499400172e+01,2.399213261000113562e+01,-5.852215743625492905e-01
2.209129252495768014e+01,2.397413260996836470e+01,-5.852215743625492905e-01
2.210929252493951935e+01,2.396513260994106531e+01,-5.852215743620945432e-01
2.214529252493230160e+01,2.394713260985008674e+01,-5.672215743622928130e-01
2.218129252491053194e+01,2.392913260981731582e+01,-5.672215743627475604e-01
2.221029252493462991e+01,2.391413260979607003e+01,-5.502215743622400623e-01
2.221729252488876227e+01,2.391113260974088917e+01,-5.322215743617562111e-01
2.224429252486152109e+01,2.389913260971661657e+01,-4.972215743614469829e-01
2.228229252486198675e+01,2.388313260966242524e+01,-4.972215743614469829e-01
2.230129252483311575e+01,2.387513260968262330e+01,-4.972215743609921801e-01
2.235929252477944829e+01,2.385113260970683768e+01,-4.972215743603101146e-01
2.237829252475057729e+01,2.384313260964700021e+01,-4.972215743594006199e-01
2.241529252479085699e+01,2.382813260966213420e+01,-4.972215743584911252e-01
2.243429252474743407e+01,2.382013260964595247e+01,-4.972215743578090041e-01
2.247129252468585037e+01,2.380513260964653455e+01,-4.972215743575816305e-01
2.249029252468608320e+01,2.379713260963762878e+01,-4.972215743575816305e-01
2.250929252467176411e+01,2.378913260962872300e+01,-4.972215743568995094e-01
2.254729252465767786e+01,2.377313260959635954e+01,-4.972215743562173884e-01
2.258529252464359161e+01,2.375713260960765183e+01,-5.152215743551096239e-01
2.262229252462566365e+01,2.374113260957528837e+01,-5.152215743532906345e-01
2.265929252457863186e+01,2.372513260958658066e+01,-5.152215743528358871e-01
2.267829252456431277e+01,2.371713260961405467e+01,-5.152215743521537661e-01
2.271529252451728098e+01,2.370113260957441526e+01,-5.322215743515243958e-01
2.276929252446279861e+01,2.367713260958407773e+01,-5.322215743506149010e-01
2.278829252440482378e+01,2.366913260956789600e+01,-5.322215743499327800e-01
2.284329252435418312e+01,2.364313260955532314e+01,-5.502215743495071365e-01
2.286229252428165637e+01,2.363413260953529971e+01,-5.502215743490523892e-01
2.289829252427443862e+01,2.361613260950252879e+01,-5.502215743488250155e-01
2.293429252422356512e+01,2.359813260948430980e+01,-5.672215743477408978e-01
2.295229252419085242e+01,2.358913260947156232e+01,-5.672215743481956451e-01
2.298829252413997892e+01,2.357113260943879141e+01,-5.672215743470587768e-01
2.300729252414021175e+01,2.356113260941492626e+01,-5.672215743468314031e-01
2.304529252414067741e+01,2.354113260937447194e+01,-5.672215743466040294e-01
2.306429252412635833e+01,2.353113260931422701e+01,-5.672215743454671610e-01
2.310129252410843037e+01,2.351313260925962823e+01,-5.672215743461492821e-01
2.313729252408666071e+01,2.349513260926323710e+01,-5.672215743466040294e-01
2.317329252400668338e+01,2.347713260926684598e+01,-5.672215743456945347e-01
2.319129252398852259e+01,2.346813260921771871e+01,-5.672215743454671610e-01
2.322929252395988442e+01,2.344913260919565801e+01,-5.672215743454671610e-01
2.326629252389830071e+01,2.343113260919926688e+01,-5.672215743459219084e-01
2.330429252388421446e+01,2.341313260919559980e+01,-5.672215743454671610e-01
2.332329252386989538e+01,2.340313260917173466e+01,-5.672215743456945347e-01
2.336129252384125721e+01,2.338513260915351566e+01,-5.502215743456417840e-01
2.339829252386698499e+01,2.336713260908436496e+01,-5.502215743458691577e-01
2.341729252386721782e+01,2.335813260905706557e+01,-5.502215743442775420e-01
2.345529252385313157e+01,2.334013260899519082e+01,-5.502215743440501683e-01
2.349129252380225807e+01,2.332313260898081353e+01,-5.502215743431406736e-01
2.352829252376977820e+01,2.330513260896987049e+01,-5.322215743426568224e-01
2.354729252375545911e+01,2.329613260896439897e+01,-5.322215743422020751e-01
2.382929252367466688e+01,2.317413260894682026e+01,-4.972215743405285493e-01
2.386829252364987042e+01,2.315813260892173275e+01,-4.972215743403011756e-01
2.388829252362484112e+01,2.315013260889827507e+01,-4.972215743400738575e-01
2.392829252361843828e+01,2.313413260887318756e+01,-4.972215743393917364e-01
2.396629252356069628e+01,2.311813260885537602e+01,-4.972215743384822417e-01
2.398429252357163932e+01,2.311113260880665621e+01,-4.972215743378001207e-01
2.402229252352844924e+01,2.309513260879612062e+01,-4.972215743378001207e-01
2.404129252344137058e+01,2.308713260874355910e+01,-4.972215743378001207e-01
2.407829252340889070e+01,2.307113260870391969e+01,-4.972215743375727470e-01
2.413429252337664366e+01,2.304713260870630620e+01,-5.152215743366923562e-01
2.415329252337687649e+01,2.303913260866829660e+01,-5.152215743364649825e-01
2.417229252330434974e+01,2.303113260869577061e+01,-5.152215743360102351e-01
2.421029252330481540e+01,2.301513260870706290e+01,-5.152215743360102351e-01
2.424429252324625850e+01,2.300013260871492093e+01,-5.152215743348733668e-01
2.426229252322809771e+01,2.299313260873168474e+01,-4.972215743339347682e-01
2.426629252317070495e+01,2.299113260871672537e+01,-4.972215743337073945e-01
2.427029252315696795e+01,2.298913260870904196e+01,-5.152215743328270037e-01
2.428329252311959863e+01,2.298413260863890173e+01,-5.322215743321976333e-01
2.431529252309701405e+01,2.296713260866818018e+01,-6.022215743309971003e-01
2.432929252304893453e+01,2.295913260865927441e+01,-6.192215743310498510e-01
2.434429252301924862e+01,2.295013260862469906e+01,-6.372215743306242075e-01
2.437829252297524363e+01,2.292913260855129920e+01,-6.722215743300239410e-01
2.441129252292739693e+01,2.290613260852114763e+01,-7.072215743303331692e-01
2.442729252297431231e+01,2.289413260848232312e+01,-7.242215743287943042e-01
2.447629252291517332e+01,2.285813260842405725e+01,-7.592215743275119166e-01
2.449229252291843295e+01,2.284513260836683912e+01,-7.592215743279666640e-01
2.452329252290655859e+01,2.281913260834699031e+01,-7.942215743287306395e-01
2.455429252295289189e+01,2.279313260836352129e+01,-8.112215743287833902e-01
2.459929252298024949e+01,2.275413260837376583e+01,-8.292215743283577467e-01
2.461429252296511550e+01,2.274113260838203132e+01,-8.292215743272208783e-01
2.464529252293868922e+01,2.271313260835449910e+01,-8.292215743274482520e-01
2.467329252294439357e+01,2.268813260828756029e+01,-8.292215743265387573e-01
2.468229252294986509e+01,2.268013260823499877e+01,-8.112215743262822798e-01
2.468729252291086596e+01,2.267613260822690791e+01,-7.592215743263750483e-01
2.469029252290783916e+01,2.267413260822650045e+01,-6.542215743268116057e-01
2.469129252288257703e+01,2.267413260819739662e+01,-5.152215743262331671e-01
2.469129252282436937e+01,2.267413260817556875e+01,-4.622215743250990272e-01
2.469129252278071363e+01,2.267413260819012066e+01,-2.352215743249529145e-01
2.469129252275160979e+01,2.267413260815374088e+01,-1.662215743249362276e-01
2.469129252270795405e+01,2.267413260810280917e+01,-2.603626714531515063e-02
2.469129252266429830e+01,2.267413260808825726e+01,4.396373285455013047e-02
2.469129252264974639e+01,2.267413260808825726e+01,1.829637328544893027e-01
2.469129252263519447e+01,2.267413260806642938e+01,3.049637328539347436e-01
2.469129252262064256e+01,2.267413260803004960e+01,3.229637328535091001e-01
2.469129252264974639e+01,2.267413260800822172e+01,4.629637328531543417e-01
2.469129252263519447e+01,2.267413260795729002e+01,5.849637328533390246e-01
2.469129252259153873e+01,2.267413260791363427e+01,8.119637328525186604e-01
2.469129252254788298e+01,2.267413260787725449e+01,8.809637328547523794e-01
2.469129252253333107e+01,2.267413260787725449e+01,1.020963732853033434e+00
2.469129252247512341e+01,2.267413260784087470e+01,1.090963732852287649e+00
2.469129252244601957e+01,2.267413260778266704e+01,1.229963732850592351e+00
2.469129252244601957e+01,2.267413260775356321e+01,1.299963732848482323e+00
2.469129252244601957e+01,2.267413260775356321e+01,1.439963732846536004e+00
2.469129252244601957e+01,2.267413260773901129e+01,1.509963732846699713e+00
2.469129252247512341e+01,2.267913260772184003e+01,1.648963732846368657e+00
2.468529252242296934e+01,2.270013260769337649e+01,1.840963732843647449e+00
2.468129252243670635e+01,2.270913260772795184e+01,1.910963732840627927e+00
2.466829252235766035e+01,2.273213260767079191e+01,2.015963732842465106e+00
2.465929252233763691e+01,2.274513260763342259e+01,2.067963732843963953e+00
2.464529252231295686e+01,2.276513260760111734e+01,2.189963732841533783e+00
2.464329252230527345e+01,2.276713260757969692e+01,2.259963732839423756e+00
2.464129252229759004e+01,2.276913260751462076e+01,2.346963732838958094e+00
2.463829252224240918e+01,2.277213260746793821e+01,2.381963732835174596e+00
2.462629252216720488e+01,2.278113260744430590e+01,2.451963732833974063e+00
2.461029252217849717e+01,2.279113260738085955e+01,2.504963732830219669e+00
2.457529252217500471e+01,2.281113260734127834e+01,2.573963732826996420e+00
2.455929252214264125e+01,2.281913260732835624e+01,2.591963732825206534e+00
2.454129252217535395e+01,2.282713260731543414e+01,2.608963732823212922e+00
2.450329252210212871e+01,2.284313260731141781e+01,2.643963732821248414e+00
2.446529252210166305e+01,2.285913260727102170e+01,2.661963732815820549e+00
2.444629252210143022e+01,2.286613260721060215e+01,2.678963732815645926e+00
2.440829252210096456e+01,2.288013260716252262e+01,2.696963732815675030e+00
2.437029252210049890e+01,2.289413260715809884e+01,2.713963732812771923e+00
2.429429252204135992e+01,2.292013260711246403e+01,2.730963732808959321e+00
2.427529252201202326e+01,2.292613260707003064e+01,2.748963732804440951e+00
2.423529252201842610e+01,2.293813260706519941e+01,2.748963732798074489e+00
2.421529252201435156e+01,2.294413260703004198e+01,2.748963732792617520e+00
2.417529252196254674e+01,2.295713260697812075e+01,2.748963732788979542e+00
2.415529252192936838e+01,2.296313260696479119e+01,2.748963732787160552e+00
2.411629252195416484e+01,2.297513260695995996e+01,2.765963732790623908e+00
2.409629252190643456e+01,2.298113260693935445e+01,2.783963732789743517e+00
2.405629252185462974e+01,2.299113260690501193e+01,2.818963732786869514e+00
2.399629252185695805e+01,2.300213260687451111e+01,2.888963732781121507e+00
2.397629252180922776e+01,2.300513260687876027e+01,2.905963732784584863e+00
2.393629252180107869e+01,2.300913260679953964e+01,2.940963732784439344e+00
2.391729252177174203e+01,2.301113260678539518e+01,2.957963732782445732e+00
2.389429252177069429e+01,2.301213260676013306e+01,3.027963732778516714e+00
2.389029252169711981e+01,2.301213260672375327e+01,3.097963732773678203e+00
2.388229252169549000e+01,2.301213260664371774e+01,-3.115221574403221894e+00
2.387829252169467509e+01,2.301213260660733795e+01,-3.098221574404306011e+00
2.387329252169001848e+01,2.301213260657823412e+01,-2.993221574395647622e+00
2.387329252170457039e+01,2.301213260654185433e+01,-2.784221574391267495e+00
2.387329252171912231e+01,2.301213260652730241e+01,-2.714221574392468028e+00
2.387329252171912231e+01,2.301213260650547454e+01,-2.574221574392140610e+00
2.387329252173367422e+01,2.301213260647637071e+01,-2.504221574390612659e+00
2.387329252169001848e+01,2.301213260649092263e+01,-2.365221574390488968e+00
2.387329252169001848e+01,2.301213260646181880e+01,-2.295221574381685059e+00
2.387329252169001848e+01,2.301213260643271497e+01,-2.155221574383176630e+00
2.387329252169001848e+01,2.301213260639633518e+01,-2.085221574383467669e+00
2.387329252169001848e+01,2.301213260640361113e+01,-1.946221574381524988e+00
2.387329252166091464e+01,2.301213260641088709e+01,-1.806221574381652317e+00
2.387329252164636273e+01,2.300613260639511282e+01,-1.667221574377435900e+00
2.387329252164636273e+01,2.300013260639389046e+01,-1.614221574376642820e+00
2.387429252163565252e+01,2.298313260636496125e+01,-1.457221574375125783e+00
2.388129252157523297e+01,2.295813260630529840e+01,-1.318221574373637850e+00
2.388729252156917937e+01,2.294313260629860451e+01,-1.248221574373474141e+00
2.390529252156557050e+01,2.291013260629551951e+01,-1.108221574374056217e+00
2.394129252155835275e+01,2.286213260622753296e+01,-9.162215743731394468e-01
2.396929252153495327e+01,2.283613260622951202e+01,-7.942215743721590115e-01
2.400029252149397507e+01,2.281313260616298066e+01,-6.722215743714059499e-01
2.403529252143925987e+01,2.279413260613364400e+01,-5.672215743709330127e-01
2.405329252140654717e+01,2.278513260610634461e+01,-5.152215743707984075e-01
2.409129252139246091e+01,2.277013260609965073e+01,-4.452215743697252037e-01
2.413029252133856062e+01,2.275613260606769472e+01,-3.932215743692495380e-01
2.415029252128442749e+01,2.275013260605192045e+01,-3.582215743689403653e-01
2.419029252124892082e+01,2.274013260601350339e+01,-3.232215743681763342e-01
2.423029252122796606e+01,2.273213260596094187e+01,-2.882215743678669950e-01
2.425029252120293677e+01,2.272813260591647122e+01,-2.882215743682081666e-01
2.429029252115287818e+01,2.272113260592595907e+01,-2.532215743688084331e-01
2.433029252116102725e+01,2.271513260592473671e+01,-2.352215743686656424e-01
2.435029252113599796e+01,2.271213260583317606e+01,-2.182215743688971088e-01
2.439029252110049129e+01,2.270713260580669157e+01,-2.012215743691285752e-01
2.443029252112319227e+01,2.270313260577677283e+01,-1.832215743688152543e-01
2.445029252111271489e+01,2.270213260574382730e+01,-1.662215743687055214e-01
2.447029252108768560e+01,2.270113260568905389e+01,-1.662215743687625036e-01
2.451029252103762701e+01,2.269913260568137048e+01,-1.482215743688470866e-01
2.455029252100212034e+01,2.269713260569551494e+01,-1.482215743686765563e-01
2.459029252095206175e+01,2.269513260568055557e+01,-1.312215743687943359e-01
2.461029252089792863e+01,2.269413260566216195e+01,-1.312215743686238056e-01
2.465029252086242195e+01,2.269313260568014812e+01,-1.312215743684532754e-01
2.469029252082691528e+01,2.269313260566559620e+01,-1.132215743683104570e-01
2.473029252082051244e+01,2.269313260565104429e+01,-1.132215743681115327e-01
2.475029252079548314e+01,2.269313260559283663e+01,-1.132215743680264064e-01
2.479029252081818413e+01,2.269313260557828471e+01,-9.622157436803036035e-02
2.481029252077860292e+01,2.269313260560011258e+01,-9.622157436797351693e-02
2.485029252077220008e+01,2.269313260560011258e+01,-9.603626718819668895e-02
2.489029252078034915e+01,2.269313260556373280e+01,-9.603626718811142382e-02
2.493029252083215397e+01,2.269313260557100875e+01,-7.903626718800182971e-02
2.501029252079024445e+01,2.269313260552735301e+01,-6.103626718797272588e-02
2.503029252075066324e+01,2.269313260551280109e+01,-6.103626718780200133e-02
2.505029252071108203e+01,2.269413260553119471e+01,-6.103626718794430417e-02
2.509029252066102345e+01,2.269513260550593259e+01,-6.103626718802937501e-02
2.511029252065054607e+01,2.269613260548794642e+01,-4.403626718800524031e-02
2.515029252064414322e+01,2.269813260546652600e+01,-4.403626718800524031e-02
2.519029252063774038e+01,2.270013260543055367e+01,-4.403626718794839690e-02
2.521029252058360726e+01,2.270113260541984346e+01,-2.603626718789797678e-02
2.525129252055194229e+01,2.270313260539114708e+01,-2.603626718785534422e-02
2.529229252052027732e+01,2.270513260538427858e+01,-2.603626718785534422e-02
2.533229252051387448e+01,2.270713260533375433e+01,-2.603626718786244965e-02
2.537229252053657547e+01,2.270913260529050604e+01,-2.603626718778428994e-02
2.539229252049699426e+01,2.271013260523614008e+01,-2.603626718779130170e-02
2.543229252050514333e+01,2.271213260522927158e+01,-2.603626718782692251e-02
2.547229252052784432e+01,2.271413260522967903e+01,-4.403626718766417980e-02
2.549229252050281502e+01,2.271513260520441690e+01,-4.403626718762154724e-02
2.553229252048186027e+01,2.271713260513934074e+01,-4.403626718753628211e-02
2.555229252045683097e+01,2.271813260509225074e+01,-4.403626718749364954e-02
2.559229252045042813e+01,2.272013260506355437e+01,-4.403626718752207125e-02
2.563229252048768103e+01,2.272213260505668586e+01,-6.103626718731902656e-02
2.567329252042691223e+01,2.272313260503142374e+01,-6.103626718726218314e-02
2.569329252034367528e+01,2.272413260501343757e+01,-6.103626718729060485e-02
2.571329252031864598e+01,2.272413260496978182e+01,-6.103626718714849630e-02
2.575329252034134697e+01,2.272413260491157416e+01,-7.903626718706391330e-02
2.579329252032039221e+01,2.272413260489702225e+01,-7.903626718697864817e-02
2.583329252028488554e+01,2.272413260488247033e+01,-7.903626718683653962e-02
2.585329252025985625e+01,2.272413260486064246e+01,-7.903626718675127449e-02
2.589329252023890149e+01,2.272413260479515884e+01,-9.603626718654822980e-02
2.592529252021631692e+01,2.272413260473695118e+01,-9.622157436598399727e-02
2.592529252014355734e+01,2.272413260470784735e+01,-9.622157436598399727e-02
2.594329252012539655e+01,2.272413260470057139e+01,-7.903626718629652714e-02
2.598029252012202051e+01,2.272413260465691565e+01,-9.603626718623559100e-02
2.602029252008651383e+01,2.272413260460598394e+01,-9.603626718626401271e-02
2.606029252008011099e+01,2.272413260456960415e+01,-9.622157436584188872e-02
2.608029252008418553e+01,2.272413260460598394e+01,-9.622157436581338374e-02
2.612029252000502311e+01,2.272413260458415607e+01,-9.622157436572857658e-02
2.614029251999454573e+01,2.272413260456232820e+01,-1.132215743653830486e-01
2.618029251992993522e+01,2.272413260454050032e+01,-1.132215743650988315e-01
2.626029251996078528e+01,2.272413260453322437e+01,-1.132215743652975615e-01
2.630029251988162287e+01,2.272413260452594841e+01,-1.312215743650995137e-01
2.632029251984204166e+01,2.272313260450755479e+01,-1.312215743648152966e-01
2.636029251982108690e+01,2.272213260454009287e+01,-1.312215743645310795e-01
2.638029251978150569e+01,2.272113260456535500e+01,-1.482215743641859262e-01
2.642029251970234327e+01,2.271913260460132733e+01,-1.482215743642996131e-01
2.644029251969186589e+01,2.271813260456838179e+01,-1.482215743641290828e-01
2.650029251967498567e+01,2.271513260457140859e+01,-1.662215743641013432e-01
2.652129251968290191e+01,2.271413260454573901e+01,-1.662215743642150301e-01
2.656329251969873440e+01,2.271213260450895177e+01,-1.662215743639308130e-01
2.658429251967754681e+01,2.271113260445417836e+01,-1.662215743638739696e-01
2.662629251964972354e+01,2.270913260444649495e+01,-1.662215743636465959e-01
2.664729251962853596e+01,2.270813260439899750e+01,-1.662215743637602827e-01
2.668929251961526461e+01,2.270613260436948622e+01,-1.662215743631918485e-01
2.670929251953202765e+01,2.270513260434381664e+01,-1.662215743633055354e-01
2.674929251949652098e+01,2.270313260433613323e+01,-1.662215743629076314e-01
2.678929251947556622e+01,2.270113260432117386e+01,-1.662215743627369624e-01
2.682929251939640380e+01,2.269913260429166257e+01,-1.482215743623100934e-01
2.686929251931724139e+01,2.269713260428397916e+01,-1.482215743621964621e-01
2.691129251926031429e+01,2.269513260428357171e+01,-1.482215743622532500e-01
2.693229251922457479e+01,2.269413260430155788e+01,-1.482215743621964621e-01
2.695329251920338720e+01,2.269313260429044021e+01,-1.482215743619690329e-01
2.699529251920466777e+01,2.269113260427548084e+01,-1.482215743618553461e-01
2.701629251916892827e+01,2.269013260424981127e+01,-1.482215743615142856e-01
2.705829251917020883e+01,2.268813260424940381e+01,-1.482215743612869119e-01
2.712129251912119798e+01,2.268513260423060274e+01,-1.482215743612298742e-01
2.716329251912247855e+01,2.268313260420836741e+01,-1.482215743610026948e-01
2.720529251903644763e+01,2.268113260417885613e+01,-1.482215743607753211e-01
2.724729251902317628e+01,2.267913260417117272e+01,-1.482215743604342606e-01
2.726829251897288486e+01,2.267813260415277909e+01,-1.482215743602637303e-01
2.731029251894506160e+01,2.267613260413781973e+01,-1.482215743600932001e-01
2.733129251890932210e+01,2.267513260411942611e+01,-1.482215743598089830e-01
2.737129251885926351e+01,2.267313260411174269e+01,-1.482215743595819701e-01
2.741129251882375684e+01,2.267113260411861120e+01,-1.482215743595247659e-01
2.745129251877369825e+01,2.266913260406727204e+01,-1.482215743592973922e-01
2.747129251874866895e+01,2.266813260403432650e+01,-1.482215743592973922e-01
2.753129251870268490e+01,2.266513260403007735e+01,-1.662215743596675843e-01
2.755129251866310369e+01,2.266413260396802798e+01,-1.662215743596675843e-01
2.759329251862072852e+01,2.266213260397489648e+01,-1.662215743597242057e-01
2.761429251862864476e+01,2.266113260396377882e+01,-1.662215743594970263e-01
2.765629251865902916e+01,2.265813260395225370e+01,-1.662215743594402106e-01
2.767729251857963391e+01,2.265713260392658412e+01,-1.662215743593833395e-01
2.774029251855972689e+01,2.265313260390394134e+01,-1.662215743591559658e-01
2.776129251855309121e+01,2.265213260388554772e+01,-1.662215743590422790e-01
2.780329251853981987e+01,2.264913260385219473e+01,-1.662215743588149053e-01
2.784529251858475618e+01,2.264713260380813153e+01,-1.662215743586443750e-01
2.786629251857812051e+01,2.264513260376406834e+01,-1.662215743585875316e-01
2.790929251856869087e+01,2.264313260373455705e+01,-1.662215743585306604e-01
2.793029251854750328e+01,2.264113260366866598e+01,-1.662215743583033145e-01
2.797129251853039023e+01,2.263913260365370661e+01,-1.662215743584738448e-01
2.798529251849686261e+01,2.263813260362076107e+01,-1.662215743583033145e-01
2.800629251847567502e+01,2.263813260359893320e+01,-1.482215743582742107e-01
2.804329251844319515e+01,2.263613260359124979e+01,-1.482215743581605238e-01
2.806429251845111139e+01,2.263513260353647638e+01,-1.482215743579897438e-01
2.810529251841944642e+01,2.263313260351424105e+01,-1.312215743571982784e-01
2.816829251841409132e+01,2.263013260344450828e+01,-1.312215743569709603e-01
2.818929251839290373e+01,2.262913260341156274e+01,-1.312215743568572179e-01
2.823129251835052855e+01,2.262713260343298316e+01,-1.312215743566868820e-01
2.825129251831094734e+01,2.262713260338932741e+01,-1.312215743568572179e-01
2.829129251827544067e+01,2.262513260334526422e+01,-1.312215743568003745e-01
2.831129251825041138e+01,2.262413260329776676e+01,-1.482215743563417565e-01
2.837129251821897924e+01,2.262113260332262143e+01,-1.482215743560573173e-01
2.839129251812119037e+01,2.262013260328967590e+01,-1.482215743558867871e-01
2.845129251813341398e+01,2.261713260324904695e+01,-1.482215743556594134e-01
2.847129251805017702e+01,2.261613260325975716e+01,-1.482215743554887721e-01
2.851129251801467035e+01,2.261413260325207375e+01,-1.662215743548927094e-01
2.855129251796461176e+01,2.261213260325894225e+01,-1.662215743546653357e-01
2.859129251795820892e+01,2.261013260325853480e+01,-1.662215743544948054e-01
2.861129251790407579e+01,2.260913260321831331e+01,-1.662215743542674318e-01
2.865229251797427423e+01,2.260613260322861606e+01,-1.832215743544338693e-01
2.867229251800745260e+01,2.260413260322093265e+01,-1.832215743542064956e-01
2.871429251796507742e+01,2.260113260323123541e+01,-1.832215743542633390e-01
2.873529251795844175e+01,2.259913260320900008e+01,-1.832215743538086472e-01
2.877729251791606657e+01,2.259513260320090922e+01,-1.832215743540928088e-01
2.883729251788463444e+01,2.258913260317058302e+01,-1.832215743538654351e-01
2.885729251781594940e+01,2.258813260313763749e+01,-1.832215743538654351e-01
2.889729251780954655e+01,2.258513260307518067e+01,-1.832215743538654351e-01
2.891729251787182875e+01,2.258313260303839343e+01,-1.832215743542064956e-01
2.895729251782177016e+01,2.258013260301959235e+01,-1.662215743536421542e-01
2.897729251782584470e+01,2.257913260299392277e+01,-1.662215743532442502e-01
2.901729251787764952e+01,2.257713260297896340e+01,-1.662215743531305634e-01
2.903729251786717214e+01,2.257613260296784574e+01,-1.662215743530737200e-01
2.907729251784621738e+01,2.257413260298926616e+01,-1.662215743529031897e-01
2.913829251783317886e+01,2.257113260299229296e+01,-1.482215743527603991e-01
2.915929251782654319e+01,2.257013260297389934e+01,-1.482215743527035556e-01
2.920129251779871993e+01,2.256813260295166401e+01,-1.482215743526467122e-01
2.922229251779208425e+01,2.256713260294782231e+01,-1.482215743525330254e-01
2.926429251782246865e+01,2.256513260294013890e+01,-1.482215743522488083e-01
2.928529251783038490e+01,2.256413260290719336e+01,-1.482215743522488083e-01
2.932829251779185142e+01,2.256213260289950995e+01,-1.482215743521919649e-01
2.934929251777066384e+01,2.256113260284473654e+01,-1.482215743520782780e-01
2.939129251775739249e+01,2.255913260282977717e+01,-1.482215743520214346e-01
2.943329251770046540e+01,2.255713260285119759e+01,-1.482215743521919649e-01
2.949629251768055838e+01,2.255413260281056864e+01,-1.482215743520214346e-01
2.953829251762363128e+01,2.255213260281016119e+01,-1.482215743520782780e-01
2.960029251759988256e+01,2.254913260279136011e+01,-1.482215743519077478e-01
2.968029251761618070e+01,2.254513260273233755e+01,-1.482215743516803741e-01
2.970029251759115141e+01,2.254413260275032371e+01,-1.482215743513393136e-01
2.974029251758474857e+01,2.254213260274991626e+01,-1.482215743515098438e-01
2.980029251753876451e+01,2.253913260275294306e+01,-1.662215743510842003e-01
2.982029251751373522e+01,2.253813260273454944e+01,-1.662215743514252608e-01
2.986229251750046387e+01,2.253513260274485219e+01,-1.662215743513684174e-01
2.988329251746472437e+01,2.253413260270463070e+01,-1.662215743511978872e-01
2.992529251745145302e+01,2.253113260267855367e+01,-1.662215743510273569e-01
2.996729251740907785e+01,2.252813260266702855e+01,-1.662215743507999832e-01
2.998729251741315238e+01,2.252713260262680706e+01,-1.662215743508568266e-01
3.000729251737357117e+01,2.252613260261568939e+01,-1.662215743510273569e-01
3.004729251732351258e+01,2.252313260261144023e+01,-1.662215743508568266e-01
3.010729251729208045e+01,2.252013260262174299e+01,-1.662215743505726095e-01
3.012729251728160307e+01,2.251913260258879745e+01,-1.662215743504020793e-01
3.016029251720465254e+01,2.251713260258111404e+01,-1.482215743503161320e-01
3.016729251718788873e+01,2.251713260257383808e+01,-1.482215743500887584e-01
3.019529251717904117e+01,2.251713260256656213e+01,-1.132215743497795302e-01
3.021529251715401188e+01,2.251713260254473425e+01,-1.132215743495805782e-01
3.025529251708940137e+01,2.251713260250107851e+01,-1.132215743495805782e-01
3.027529251710802782e+01,2.251713260250107851e+01,-9.622157434938571896e-02
3.031729251705110073e+01,2.251713260250835447e+01,-9.622157434947098409e-02
3.035929251703782938e+01,2.251713260245014681e+01,-9.622157434955624922e-02
3.040129251693724655e+01,2.251713260242831893e+01,-9.603626716969415611e-02
3.042229251693061087e+01,2.251713260240649106e+01,-9.603626716955204756e-02
3.046429251690278761e+01,2.251713260239193914e+01,-9.603626716935309560e-02
3.050529251687112264e+01,2.251713260235555936e+01,-9.603626716935309560e-02
3.052529251684609335e+01,2.251713260237011127e+01,-7.903626716932839191e-02
3.056529251683969051e+01,2.251713260235555936e+01,-7.903626716944245345e-02
3.058529251675645355e+01,2.251713260237011127e+01,-7.903626716930034490e-02
3.062529251673549879e+01,2.251713260234828340e+01,-7.903626716921507978e-02
3.070629251677019056e+01,2.251713260232645553e+01,-6.103626716929981544e-02
3.072729251667624339e+01,2.251813260232302127e+01,-6.103626716932808449e-02
3.076929251661931630e+01,2.251913260230503511e+01,-6.103626716938511526e-02
3.081129251656238921e+01,2.252013260227249702e+01,-6.103626716918597594e-02
3.083129251652280800e+01,2.252013260223611724e+01,-6.103626716918597594e-02
3.087129251653095707e+01,2.252113260223995894e+01,-6.103626716910059979e-02
3.089129251646227203e+01,2.252113260224723490e+01,-6.103626716907228911e-02
3.093129251641221344e+01,2.252213260226562852e+01,-6.103626716898702398e-02
3.097129251642036252e+01,2.252213260219286894e+01,-7.903626716893086268e-02
3.101129251635575201e+01,2.252213260218559299e+01,-7.903626716890244097e-02
3.105129251632024534e+01,2.252213260217831703e+01,-9.603626716889834825e-02
3.107129251630976796e+01,2.252213260214193724e+01,-9.622157434836253742e-02
3.111129251628881320e+01,2.252213260215648916e+01,-1.132215743482163361e-01
3.113129251622012816e+01,2.252213260212738533e+01,-1.312215743481033314e-01
3.117129251624282915e+01,2.252013260210515000e+01,-1.482215743478718650e-01
3.119129251620324794e+01,2.251913260205037659e+01,-1.482215743478718650e-01
3.123129251619684510e+01,2.251713260204269318e+01,-1.662215743479578955e-01
3.127129251614678651e+01,2.251413260203116806e+01,-1.832215743480105630e-01
3.131129251618403941e+01,2.251113260200509103e+01,-1.832215743478400327e-01
3.135129251619218849e+01,2.250713260197517229e+01,-2.012215743473575735e-01
3.137129251616715919e+01,2.250513260196021292e+01,-2.012215743470733287e-01
3.141129251611710060e+01,2.250113260192301823e+01,-2.012215743470164853e-01
3.143129251615027897e+01,2.249913260194443865e+01,-2.012215743471870155e-01
3.147129251608566847e+01,2.249513260192179587e+01,-2.182215743471828395e-01
3.149129251614795066e+01,2.249313260190683650e+01,-2.182215743468987057e-01
3.153129251612699591e+01,2.248813260190945584e+01,-2.182215743470692360e-01
3.157229251609533094e+01,2.248313260187569540e+01,-2.182215743468987057e-01
3.161429251602385193e+01,2.247713260183809325e+01,-2.182215743467282310e-01
3.163529251600266434e+01,2.247413260177563643e+01,-2.352215743462124919e-01
3.169529251594212838e+01,2.246613260178855853e+01,-2.182215743457618373e-01
3.171529251590254717e+01,2.246313260176975746e+01,-2.182215743453639334e-01
3.175529251585248858e+01,2.245813260178692872e+01,-2.182215743454207768e-01
3.177529251584201120e+01,2.245613260179379722e+01,-2.182215743452504408e-01
3.181529251576284878e+01,2.245113260181096848e+01,-2.182215743449091028e-01
3.183529251572326757e+01,2.244913260179600911e+01,-2.182215743447954992e-01
3.187529251576052047e+01,2.244513260178791825e+01,-2.182215743447386558e-01
3.191529251571046188e+01,2.244113260175072355e+01,-2.012215743445153748e-01
3.195529251566040330e+01,2.243713260169897694e+01,-2.012215743444585314e-01
3.199529251566855237e+01,2.243313260166178225e+01,-2.012215743441743143e-01
3.201529251557076350e+01,2.243113260168320267e+01,-2.012215743436626403e-01
3.205529251546249725e+01,2.242713260168966372e+01,-1.832215743435199329e-01
3.207529251542291604e+01,2.242513260163832456e+01,-1.832215743434632005e-01
3.213529251536238007e+01,2.242013260159001220e+01,-1.832215743434062460e-01
3.217529251537052915e+01,2.241713260154938325e+01,-1.662215743435808690e-01
3.221529251537867822e+01,2.241513260154169984e+01,-1.662215743436377124e-01
3.223529251539730467e+01,2.241313260152674047e+01,-1.662215743436377124e-01
3.226829251536400989e+01,2.241113260154816089e+01,-1.482215743433243915e-01
3.228729251530603506e+01,2.241113260149722919e+01,-1.132215743434414890e-01
3.232429251520079561e+01,2.241113260143902153e+01,-1.132215743431571053e-01
3.236429251520894468e+01,2.241113260139536578e+01,-9.622157434284872579e-02
3.238429251519846730e+01,2.241113260136626195e+01,-9.622157434276346066e-02
3.242429251514840871e+01,2.241113260138808982e+01,-1.132215743426172594e-01
3.244429251502151601e+01,2.241113260137353791e+01,-1.132215743425319943e-01
3.248429251500056125e+01,2.241113260137353791e+01,-1.132215743425035726e-01
3.252429251495050266e+01,2.241113260138081387e+01,-1.312215743427032066e-01
3.254429251494002528e+01,2.241013260137697216e+01,-1.312215743421916159e-01
3.258429251491907053e+01,2.240813260134746088e+01,-1.482215743419601495e-01
3.262429251481080428e+01,2.240613260133977747e+01,-1.662215743419892533e-01
3.266429251473164186e+01,2.240213260132441064e+01,-1.832215743415304132e-01
3.268429251463385299e+01,2.240113260129146511e+01,-1.832215743413598830e-01
3.272529251454398036e+01,2.239713260129065020e+01,-1.832215743410756659e-01
3.274629251449368894e+01,2.239513260126113892e+01,-2.012215743411047697e-01
3.278629251444363035e+01,2.239113260121666826e+01,-2.012215743408206359e-01
3.282729251438286155e+01,2.238713260120857740e+01,-2.012215743405363355e-01
3.284729251434328035e+01,2.238513260117906611e+01,-2.012215743403089618e-01
3.290729251428274438e+01,2.237913260116329184e+01,-1.832215743397114238e-01
3.292729251421405934e+01,2.237713260117016034e+01,-1.832215743396545804e-01
3.294729251417447813e+01,2.237513260110426927e+01,-1.832215743398251107e-01
3.298729251412441954e+01,2.237213260110002011e+01,-1.832215743397114238e-01
3.300729251414304599e+01,2.237013260105595691e+01,-1.832215743394840501e-01
3.304729251406388357e+01,2.236713260104443179e+01,-1.832215743395408936e-01
3.306729251405340619e+01,2.236613260099693434e+01,-1.662215743397723600e-01
3.310729251400334761e+01,2.236313260100723710e+01,-1.662215743399428902e-01
3.312729251393466257e+01,2.236213260098884348e+01,-1.662215743399997336e-01
3.316729251394281164e+01,2.236013260100298794e+01,-1.662215743398292034e-01
3.320729251386364922e+01,2.235813260098802857e+01,-1.662215743396018297e-01
3.326729251380311325e+01,2.235513260101288324e+01,-1.482215743388907159e-01
3.328729251382173970e+01,2.235413260098721366e+01,-1.482215743388907159e-01
3.332829251381917857e+01,2.235213260095770238e+01,-1.482215743386630646e-01
3.334829251386690885e+01,2.235113260094658472e+01,-1.482215743384358575e-01
3.339029251388274133e+01,2.234913260088796960e+01,-1.312215743381557331e-01
3.341129251383244991e+01,2.234913260082976194e+01,-1.312215743382125765e-01
3.345329251379007474e+01,2.234713260077114683e+01,-1.312215743380988897e-01
3.349529251374769956e+01,2.234513260074163554e+01,-1.312215743382694200e-01
3.351629251372651197e+01,2.234513260074163554e+01,-1.312215743381557331e-01
3.351629251375561580e+01,2.234513260071980767e+01,-1.312215743380420463e-01
3.357929251372115687e+01,2.234313260071212426e+01,-1.312215743379283595e-01
3.362129251362057403e+01,2.234213260069373064e+01,-1.312215743378146726e-01
3.366329251360730268e+01,2.234113260068261297e+01,-1.312215743375872989e-01
3.370529251359403133e+01,2.234013260067149531e+01,-1.312215743371893950e-01
3.374729251363896765e+01,2.233913260065310169e+01,-1.312215743371325516e-01
3.378929251359659247e+01,2.233813260064198403e+01,-1.312215743369620213e-01
3.383129251343780197e+01,2.233713260065997019e+01,-1.312215743367914911e-01
3.387329251342453063e+01,2.233713260065269424e+01,-1.312215743367914911e-01
3.391529251338215545e+01,2.233613260061247274e+01,-1.312215743367346477e-01
3.393629251339007169e+01,2.233613260057609295e+01,-1.312215743365072740e-01
3.397829251337680034e+01,2.233513260055769933e+01,-1.312215743362798726e-01
3.402029251339263283e+01,2.233513260050676763e+01,-1.312215743361662135e-01
3.404129251334234141e+01,2.233413260049564997e+01,-1.312215743361093701e-01
3.408329251335817389e+01,2.233413260051747784e+01,-1.132215743360235477e-01
3.412529251331579871e+01,2.233413260050292592e+01,-1.132215743359950288e-01
3.416729251321521588e+01,2.233313260052818805e+01,-1.132215743359665794e-01
3.418729251323384233e+01,2.233313260049180826e+01,-1.312215743358250697e-01
3.422729251315467991e+01,2.233313260046270443e+01,-1.312215743359388398e-01
3.426729251304641366e+01,2.233213260042248294e+01,-1.312215743359388398e-01
3.428729251306504011e+01,2.233113260039681336e+01,-1.312215743358819964e-01
3.432029251303174533e+01,2.233013260034931591e+01,-1.312215743354840924e-01
3.434129251301055774e+01,2.233013260029838420e+01,-1.132215743352562032e-01
3.435829251294489950e+01,2.233013260024017654e+01,-1.132215743352844584e-01
3.440029251296073198e+01,2.233013260021834867e+01,-1.132215743351423498e-01
3.442029251295025460e+01,2.233013260016741697e+01,-1.132215743351423498e-01
3.446029251290019602e+01,2.233013260013831314e+01,-1.132215743349721526e-01
3.450029251287924126e+01,2.233013260010193335e+01,-1.312215743348588148e-01
3.456129251283709891e+01,2.232913260009809164e+01,-1.312215743347451280e-01
3.458129251276841387e+01,2.232813260006514611e+01,-1.312215743347451280e-01
3.460129251281614415e+01,2.232813260004331823e+01,-1.312215743345748198e-01
3.464129251282429323e+01,2.232613260005018674e+01,-1.312215743342335372e-01
3.468129251274513081e+01,2.232413260003522737e+01,-1.482215743339452274e-01
3.470229251275304705e+01,2.232313260001683375e+01,-1.482215743336610103e-01
3.474429251276887953e+01,2.232113259998732246e+01,-1.482215743336610103e-01
3.476529251277679577e+01,2.232013259996892884e+01,-1.482215743336610103e-01
3.480729251273442060e+01,2.231813259995396947e+01,-1.482215743336610103e-01
3.487029251267085783e+01,2.231513259991334053e+01,-1.482215743333767932e-01
3.489129251259146258e+01,2.231413259993132669e+01,-1.482215743333767932e-01
3.493329251257819124e+01,2.231213259989453945e+01,-1.482215743333199498e-01
3.495429251255700365e+01,2.231113259987614583e+01,-1.482215743331494195e-01
3.499429251253604889e+01,2.230913259986118646e+01,-1.482215743331494195e-01
3.501429251261288300e+01,2.230813259983551688e+01,-1.482215743332062630e-01
3.505429251265013590e+01,2.230613259977690177e+01,-1.482215743331494195e-01
3.507429251258145086e+01,2.230513259975123219e+01,-1.482215743329788893e-01
3.511529251260799356e+01,2.230313259970716899e+01,-1.312215743328692952e-01
3.515529251261614263e+01,2.230213259966694750e+01,-1.312215743330398254e-01
3.519529251259518787e+01,2.230113259963400196e+01,-1.312215743327556083e-01
3.523529251254512928e+01,2.230113259962672601e+01,-1.132215743328970348e-01
3.527529251249507070e+01,2.230113259958307026e+01,-1.132215743328401497e-01
3.529529251251369715e+01,2.230113259956124239e+01,-1.132215743326128177e-01
3.533529251240543090e+01,2.230113259954669047e+01,-1.132215743326128177e-01
3.539529251234489493e+01,2.230113259951031068e+01,-9.622157433258848869e-02
3.541529251227620989e+01,2.230113259945937898e+01,-9.622157433247494063e-02
3.545529251219704747e+01,2.230113259943027515e+01,-9.603626715465907182e-02
3.551529251219471917e+01,2.230113259936479153e+01,-7.903626715460632113e-02
3.553529251215513796e+01,2.230113259935751557e+01,-7.903626715449280082e-02
3.557729251211276278e+01,2.230113259935023962e+01,-7.903626715435090044e-02
3.559829251206247136e+01,2.230113259931385983e+01,-7.903626715412315207e-02
3.564029251202009618e+01,2.230113259929203195e+01,-7.903626715398104352e-02
3.566129251205711626e+01,2.230113259926292812e+01,-7.903626715403788694e-02
3.570129251203616150e+01,2.230113259927020408e+01,-7.903626715403788694e-02
3.574129251204431057e+01,2.230113259924110025e+01,-7.903626715395262181e-02
3.578129251202335581e+01,2.230113259922654834e+01,-7.903626715386735668e-02
3.580129251195467077e+01,2.230113259919744451e+01,-7.903626715383893497e-02
3.584129251193371601e+01,2.230113259914651280e+01,-7.903626715381051326e-02
3.586129251189413480e+01,2.230113259913923685e+01,-7.903626715366840472e-02
3.590129251187318005e+01,2.230113259912468493e+01,-9.603626715369273370e-02
3.594129251185222529e+01,2.230113259911013301e+01,-9.603626715349355969e-02
3.598129251180216670e+01,2.230113259909558110e+01,-9.622157432920630526e-02
3.600129251173348166e+01,2.230113259905920131e+01,-9.622157432917817499e-02
3.604329251169110648e+01,2.230113259901554557e+01,-9.622157432895050988e-02
3.606429251175723039e+01,2.230113259900826961e+01,-1.132215743288611520e-01
3.610529251172556542e+01,2.230113259899371769e+01,-1.132215743287472848e-01
3.610529251169646159e+01,2.230113259895006195e+01,-1.132215743286053566e-01
3.616729251170181669e+01,2.230113259892823407e+01,-1.132215743286053566e-01
3.620929251168854535e+01,2.230113259892095812e+01,-1.132215743285769349e-01
3.625129251161706634e+01,2.230113259886275046e+01,-1.132215743286053566e-01
3.629329251154558733e+01,2.230113259882637067e+01,-1.132215743287472848e-01
3.631429251152439974e+01,2.230113259875361109e+01,-1.132215743286337784e-01
3.635629251151112840e+01,2.230113259871723130e+01,-1.132215743287472848e-01
3.637729251148994081e+01,2.230113259870267939e+01,-1.132215743285485132e-01
3.641929251144756563e+01,2.230113259867357556e+01,-1.132215743283211395e-01
3.646129251140519045e+01,2.230113259865902364e+01,-1.132215743283779830e-01
3.650429251135210507e+01,2.230113259863719577e+01,-1.132215743284632481e-01
3.652529251136002131e+01,2.230113259862991981e+01,-1.132215743284064047e-01
3.656729251137585379e+01,2.230113259858626407e+01,-1.132215743285200915e-01
3.663029251125408337e+01,2.230113259854988428e+01,-1.132215743281506093e-01
3.665129251117468812e+01,2.230113259851350449e+01,-1.132215743280937659e-01
3.667229251112439670e+01,2.230113259853533236e+01,-1.132215743279233744e-01
3.669429251109249890e+01,2.230113259855716024e+01,-1.132215743278379705e-01
3.673629251099191606e+01,2.230113259854260832e+01,-1.132215743276105968e-01
3.677829251097864471e+01,2.230013259851693874e+01,-1.132215743274969100e-01
3.683829251094721258e+01,2.230013259845145512e+01,-1.312215743273554835e-01
3.685829251087852754e+01,2.229913259838212980e+01,-1.312215743273554835e-01
3.687829251083894633e+01,2.229913259835302597e+01,-1.312215743273554835e-01
3.691829251084709540e+01,2.229713259833806660e+01,-1.312215743272417967e-01
3.695829251082614064e+01,2.229613259830512106e+01,-1.482215743267261132e-01
3.701929251078399830e+01,2.229313259829359595e+01,-1.482215743263282093e-01
3.703929251077352092e+01,2.229213259824609850e+01,-1.482215743260441032e-01
3.707929251069435850e+01,2.229013259820931125e+01,-1.662215743252772882e-01
3.707929251072346233e+01,2.229013259820931125e+01,-1.662215743250499145e-01
3.713929251072113402e+01,2.228713259820506210e+01,-1.662215743248793842e-01
3.716060854292201299e+01,2.228513259824474346e+01,-1.661816960079735006e-01
3.723581906531693875e+01,2.228213259822895154e+01,-1.831542523861869609e-01
3.724728048715351036e+01,2.228013259821292280e+01,-1.831542539876267750e-01
3.745323144935787951e+01,2.227613259825990610e+01,-1.840378028898037588e-01
3.747323144943220541e+01,2.227413259823515546e+01,-2.011662425547833810e-01
3.751323144941125065e+01,2.227013259821978863e+01,-2.181662425547301609e-01
3.755323144941939972e+01,2.226513259814237244e+01,-2.351687327993376431e-01
3.761323305473936784e+01,2.225613259814417688e+01,-2.522728585015919234e-01
3.763290316608615171e+01,2.225313259811810340e+01,-2.527082212826256002e-01
3.767144749318601527e+01,2.224613259807667021e+01,-2.705700508841575314e-01
3.769066399263325451e+01,2.224313259807241394e+01,-2.705513675936457307e-01
3.773109696101082733e+01,2.223513259810715326e+01,-2.701163938630840589e-01
3.775154171165964812e+01,2.223113259806995856e+01,-2.894370016303206561e-01
3.779247448497218898e+01,2.222313259804649732e+01,-2.894179059215895577e-01
3.781200405620177207e+01,2.221913259800203377e+01,-2.898565028323868975e-01
3.785151235270399184e+01,2.221113259797130013e+01,-3.055089006160517928e-01
3.789151235262397677e+01,2.220313259791146265e+01,-3.054878468625936705e-01
3.793041522919320840e+01,2.219513259791711590e+01,-3.054990641597504775e-01
3.794984427837943031e+01,2.219013259789790382e+01,-3.239270192335516607e-01
3.798925970652173589e+01,2.218113259790698422e+01,-3.243645480011697613e-01
3.800925736094903584e+01,2.217613259788049618e+01,-3.422280210834156011e-01
3.804988887572012857e+01,2.216613259788573131e+01,-3.597818272203684997e-01
3.806989579681471980e+01,2.216013259789178846e+01,-3.606612621893213744e-01
3.810889579675858840e+01,2.214913259787135758e+01,-4.852401997826162328e-01
3.814656468610978379e+01,2.213713259783981613e+01,-5.022401864673458061e-01
3.818115076753159798e+01,2.212413259786264419e+01,-5.192598819655362963e-01
3.820111842947132175e+01,2.211713259785756236e+01,-5.372598816377830433e-01
3.823916759845521796e+01,2.210313259785470663e+01,-5.542598821123040365e-01
3.827565759085433683e+01,2.208913259785186511e+01,-5.722598680535557758e-01
3.831265759080997668e+01,2.207413259785244009e+01,-5.892598680547962431e-01
3.832990144788765718e+01,2.206613259779988212e+01,-6.072237652175421774e-01
3.836791130567096531e+01,2.205013259775296319e+01,-6.242237653145102927e-01
3.838912901987776394e+01,2.204113259772564959e+01,-6.422237961789833971e-01
3.842113916319470945e+01,2.202313259774383880e+01,-6.422660013472639706e-01
3.845714644186457321e+01,2.200513259773288155e+01,-6.593548261293772361e-01
3.847598977223828598e+01,2.199613259771285456e+01,-6.594015472285961188e-01
3.850628804120739801e+01,2.197713259771265015e+01,-6.773048015895071217e-01
3.856187497585346335e+01,2.195013259765254432e+01,-6.772543365643116653e-01
3.857989834795082373e+01,2.194013259764324175e+01,-6.772543367181782514e-01
3.868906837126326081e+01,2.193113259758661826e+01,-6.942549156973237823e-01
3.872506837116088718e+01,2.191113259755366016e+01,-6.942549156963195855e-01
3.877786079234234506e+01,2.188113259756937623e+01,-7.113117875802584811e-01
3.881386079240473919e+01,2.185378548828386869e+01,-7.113117525975203304e-01
3.883144557576339650e+01,2.184378548825770849e+01,-7.113121839663260060e-01
3.886642645270433150e+01,2.182278548822796438e+01,-7.294305535297875842e-01
3.888460642878888507e+01,2.181278548817499541e+01,-7.293886280349599627e-01
3.893760608059839257e+01,2.178178548815048998e+01,-7.293886280323371718e-01
3.895477511930260306e+01,2.177078548815188697e+01,-7.293886221210708065e-01
3.898877511924365535e+01,2.174878548812557710e+01,-7.463886221207758354e-01
3.900577511923620477e+01,2.173778548807604238e+01,-7.463886221198663407e-01
3.903977511927951127e+01,2.171678548809722997e+01,-7.643886221169395867e-01
3.907377511920640245e+01,2.169478548810002394e+01,-7.813886221181292058e-01
3.908871604346043682e+01,2.168378548804321326e+01,-7.813886174814936858e-01
3.912171604347531684e+01,2.167495370629509921e+01,-7.993886889289819608e-01
3.917071604344528168e+01,2.164279024220141423e+01,-8.164631876769850027e-01
3.918771604337962344e+01,2.166039195767471526e+01,-8.164633481573659868e-01
3.920494860340895826e+01,2.166325489788515313e+01,-8.164634327817429371e-01
3.923306649601659046e+01,2.166165881117111880e+01,-8.164635385702193604e-01
3.925167538293268876e+01,2.165708657303666484e+01,-8.344635865334558700e-01
3.928673879149441461e+01,2.164052397380318027e+01,-8.344636382579093681e-01
3.930741498544168167e+01,2.166241819952957215e+01,-8.163818958799446968e-01
3.932360989696041997e+01,2.163975679176121503e+01,-7.993818450701820622e-01
3.935422958657265013e+01,2.162179612867555889e+01,-7.462991577439899160e-01
3.937127831411234524e+01,2.161186478047344295e+01,-7.112975903282726664e-01
3.942483789123630800e+01,2.157734092699175577e+01,-6.072975230497107413e-01
3.944383789121638983e+01,2.156181945902381969e+01,-5.722974643690508234e-01
3.948033026624507613e+01,2.154761315681793121e+01,-5.192974545011395104e-01
3.949933026623330079e+01,2.155902856944126356e+01,-5.023862771501578228e-01
3.953465968742576564e+01,2.154701273224210567e+01,-4.503862531951516868e-01
3.955627574661706802e+01,2.155685223058764421e+01,-4.323863891441602769e-01
3.959627574661863036e+01,2.154033759358996747e+01,-3.803863243967088859e-01
3.961627574649173766e+01,2.152890264379644947e+01,-3.623862603971915175e-01
3.965296346937930139e+01,2.150038447176473255e+01,-3.273860519088027110e-01
3.969476112668457546e+01,2.149150859107031408e+01,-3.102923806587957745e-01
3.973303634151540109e+01,2.150976700066872027e+01,-2.932925846367137046e-01
3.975303634151350707e+01,2.150776700067945058e+01,-2.752925846368725615e-01
3.979484815667515107e+01,2.148341973790917336e+01,-2.582923801744697045e-01
3.983398662800247081e+01,2.149627090852653311e+01,-2.231928863800690388e-01
3.985398662800434977e+01,2.149610234348268634e+01,-2.231928847860345233e-01
3.989123461542579463e+01,2.150348387290986452e+01,-2.050928767402567798e-01
3.990936217893955984e+01,2.150336836232100524e+01,-1.879075620268193803e-01
3.994936217891518027e+01,2.152565229003203839e+01,-1.709077721170227104e-01
3.998746093713880612e+01,2.151080599026038342e+01,-1.529076260437200463e-01
4.002551984253613426e+01,2.151185857547196179e+01,-1.529076203150537827e-01
4.004356533353173120e+01,2.151191117824875221e+01,-1.529076146826449101e-01
4.014557359064429676e+01,2.152435979278151379e+01,-1.359076907976025927e-01
4.018357026224698814e+01,2.154124598147241443e+01,-1.179078244627828342e-01
4.020357026223791763e+01,2.154972701356016884e+01,-1.179078945901711611e-01
4.024563463597002766e+01,2.154522931204298430e+01,-1.179078303140397160e-01
4.028358888582994268e+01,2.156323219191184393e+01,-1.009079649143456298e-01
4.034982040916364809e+01,2.156828136713644639e+01,-1.009079770726037939e-01
4.036982040922157466e+01,2.157032898149327949e+01,-1.009079775169390708e-01
4.041182040920830332e+01,2.156685916092384048e+01,-1.009079078270124913e-01
4.043825530026899173e+01,2.156890533816146061e+01,-1.007959571191907461e-01
4.048029790841499675e+01,2.156543044451207791e+01,-8.279588777901021601e-02
4.049911753203090825e+01,2.155993786630470410e+01,-8.279580476649785192e-02
4.054135047824495786e+01,2.156013069364853862e+01,-8.290960829006185917e-02
4.056135047817952000e+01,2.156967813205937645e+01,-1.009096865936828652e-01
4.060251463617173329e+01,2.156617637076503868e+01,-1.007931486283088901e-01
4.064224810963757761e+01,2.157020934422899217e+01,-1.007931278492431304e-01
4.068424810963915661e+01,2.156672704007760188e+01,-1.007930504417658274e-01
4.070993571847284187e+01,2.156875766944115114e+01,-1.007930930239422374e-01
4.077410294378604050e+01,2.156722709945164596e+01,-1.009123712410528589e-01
4.079510294372448698e+01,2.156924684268100378e+01,-1.009123714446833048e-01
4.081610294370329939e+01,2.156369926568673989e+01,-1.009122936558409372e-01
4.083829863749080857e+01,2.156571151729140468e+01,-1.007906242314670908e-01
4.092348338148105569e+01,2.156614828216174118e+01,-1.006701761932522615e-01
4.097039581598584590e+01,2.157004774510621914e+01,-1.006702338439061789e-01
4.098803313036735574e+01,2.157201750427111620e+01,-1.006702057196006556e-01
4.103252260806888074e+01,2.156843764723881662e+01,-1.006701568515070977e-01
4.106861240998817664e+01,2.157240229776818552e+01,-1.006701003215257351e-01
4.111359418407327126e+01,2.156880649434855357e+01,-1.006700787415153175e-01
4.113359418400796130e+01,2.157076089622417214e+01,-1.006700782750764994e-01
4.117485443225172048e+01,2.156614887573661932e+01,-1.005431010208577142e-01
4.119739865856350036e+01,2.156809770431695483e+01,-1.005431370896145010e-01
4.124250256848544893e+01,2.157104085590664866e+01,-1.005432089440803367e-01
4.128385738295503415e+01,2.158159753898943478e+01,-1.176728191796167777e-01
4.132385738301672973e+01,2.158356595340874051e+01,-1.176728188577705475e-01
4.136385738296667114e+01,2.158551742576838706e+01,-1.176728183641535253e-01
4.140125181095427820e+01,2.162621207238112220e+01,-1.176731572909358592e-01
4.142128994856744129e+01,2.162333373955550186e+01,-1.178046848082320991e-01
4.144128994850325398e+01,2.162417560985626963e+01,-1.178046830069632706e-01
4.146128994843456894e+01,2.162501745132454900e+01,-1.178046812071815164e-01
4.149864140324821449e+01,2.164305746775894690e+01,-1.008048095049877829e-01
4.153864140325458720e+01,2.164326685846839382e+01,-1.009385189166811109e-01
4.157594426833507129e+01,2.164640018213284378e+01,-1.009384781248673646e-01
4.159594426830881275e+01,2.164460702999005548e+01,-1.010732474578466822e-01
4.164143390167087944e+01,2.162571731363258110e+01,-8.307301416999490762e-02
4.168416872205435197e+01,2.162983824103096708e+01,-8.307305745503568151e-02
4.172554427593966864e+01,2.163015521403995223e+01,-8.307352132782788723e-02
4.176412433639496413e+01,2.165290590251193947e+01,-8.279693950376582068e-02
4.178412433640914969e+01,2.163986020514692399e+01,-6.579669217306585716e-02
4.184696078241312023e+01,2.163932744896694516e+01,-6.579662932116323026e-02
4.188878050329923752e+01,2.163679248341308181e+01,-6.579656554164478588e-02
4.192878050325089134e+01,2.164563302751354712e+01,-4.793687199966133877e-02
4.194737731949936688e+01,2.164476832475895307e+01,-4.765380829394632450e-02
4.200594373239437118e+01,2.163113980943452930e+01,-3.079477451821531833e-02
4.202594373241299763e+01,2.162658604121439865e+01,-3.079467114345943793e-02
4.206594373233383521e+01,2.162503120876425555e+01,-3.079456784987729540e-02
4.212694373229169287e+01,2.162747417403146244e+01,-3.079446462205613633e-02
4.214694373233942315e+01,2.161524002738202910e+01,-3.079425671900229075e-02
4.220894373234477825e+01,2.163007400237742672e+01,-1.264982931572341748e-02
4.223784790666027789e+01,2.162549276905013684e+01,-1.264994693855494255e-02
4.225589838189930703e+01,2.162191144434212831e+01,-1.264975753095636153e-02
4.229789838186115958e+01,2.162232987798978812e+01,-1.264964409141206524e-02
4.233486774240879669e+01,2.164337271219819669e+01,-1.264979248911659790e-02
4.237486774241551757e+01,2.165033372204283424e+01,-1.264979190677282400e-02
4.240099733733723752e+01,2.162685768857446433e+01,-3.049978746162976609e-02
4.244716217017165860e+01,2.161760785908567328e+01,-3.049973275198259934e-02
4.247181378731383461e+01,2.162071631490348622e+01,-3.034843752855718654e-02
4.251181378727778792e+01,2.161916529028777134e+01,-3.034833573406234275e-02
4.254411392227237343e+01,2.161761480389829515e+01,-3.049801822277024843e-02
4.256413326417764154e+01,2.162073297954172801e+01,-3.049802040349028007e-02
4.260729741541060633e+01,2.164588541955376400e+01,-4.734511744006707906e-02
4.265147862194864814e+01,2.164038871803279562e+01,-4.719263925066713439e-02
4.269666898163898594e+01,2.168050829272630509e+01,-4.734593229526186386e-02
4.274181090887081069e+01,2.168641071007280985e+01,-4.734602403048265851e-02
4.276602326565524237e+01,2.168931216452561017e+01,-4.734611702547793927e-02
4.280969210256103707e+01,2.168768141060386156e+01,-4.719077561362196999e-02
4.285616338600724617e+01,2.168604878290521043e+01,-4.719091470026834378e-02
4.287616338609950617e+01,2.168895550967634378e+01,-4.719091385486976625e-02
4.289296528266429931e+01,2.168432373242735167e+01,-4.719074350323290701e-02
4.293723862505537170e+01,2.169415756775024562e+01,-3.003242322790782015e-02
4.297723862493876368e+01,2.168866947879297769e+01,-1.218977828941070554e-02
4.299723862487007864e+01,2.169245297881863976e+01,-1.218977633325610092e-02
4.305723862489685416e+01,2.175407936141898446e+01,2.196976877900921887e-02
4.307398364417205272e+01,2.172871965510633174e+01,3.997018691764484682e-02
4.311398364414344542e+01,2.172228544926581861e+01,7.529125356962654281e-02
4.312969229937613846e+01,2.169669413528978552e+01,9.229167309152838672e-02
4.316706348309462982e+01,2.173176043701603177e+01,1.274539282498686199e-01
4.320274751929867563e+01,2.175986496434226680e+01,1.624535719366138331e-01
4.321673937058023540e+01,2.178941332182467860e+01,1.622903704767402755e-01
4.325473937051719986e+01,2.180337621239976187e+01,1.972903708648200416e-01
4.330289859924651807e+01,2.180673785300061951e+01,2.141251309522672619e-01
4.334326442760124820e+01,2.184191921971669359e+01,2.319599814749018218e-01
4.335276906705087185e+01,2.184228444197239227e+01,2.317968748290877290e-01
4.339076906701666303e+01,2.184319678689244171e+01,2.317970319090710829e-01
4.342536644967979242e+01,2.183629505903395795e+01,2.487973992384611699e-01
4.345132774769436423e+01,2.183750199020331095e+01,2.487972179936000783e-01
4.348790693662144236e+01,2.184013361230909211e+01,2.487975054904398575e-01
4.381677981623530371e+01,2.197003691188099239e+01,2.137970743685611574e-01
4.383584664645984930e+01,2.196993657578182280e+01,2.137971558540417150e-01
4.387038521862773166e+01,2.197014244766884161e+01,2.137974461001311000e-01
4.391014895515408512e+01,2.197009658498071261e+01,2.136274934314811580e-01
4.394822632551559849e+01,2.198497892618100735e+01,1.966260680964462271e-01
4.396724466208378601e+01,2.198523063824330848e+01,1.966261476351811310e-01
4.400524466199567541e+01,2.200687225920177070e+01,1.796260688001695971e-01
4.402432106347248464e+01,2.202137924825812121e+01,1.616259894960516974e-01
4.405878016100038508e+01,2.202749227681166744e+01,1.446261594867702394e-01
4.408967702404787303e+01,2.204797022071074863e+01,1.266262594310753609e-01
4.411228084512758585e+01,2.203111453166339828e+01,1.096264052242841985e-01
4.415228084498085082e+01,2.203551820136390305e+01,1.096264832360181879e-01
4.418947977596133114e+01,2.203234212198631070e+01,1.094534474455824691e-01
4.422488330146256175e+01,2.202489334200946658e+01,9.162947627822563834e-02
4.424849722347017433e+01,2.202285490437981608e+01,9.162944620166568743e-02
4.432755496354359792e+01,2.205212345361204029e+01,7.462938205448803319e-02
4.434571840460163372e+01,2.204999169200999987e+01,7.480651835608470579e-02
4.436023804123696834e+01,2.205482618847977960e+01,7.462921554078298658e-02
4.440760368962822469e+01,2.205324532116021174e+01,5.680776845611230225e-02
4.442760368951712735e+01,2.205431112908852143e+01,5.698700349406973786e-02
4.446952151703971623e+01,2.205273782785356929e+01,5.698822642909104341e-02
4.451316409818804942e+01,2.207422727426649800e+01,3.981136316382785645e-02
4.454949278893832343e+01,2.208425618142090130e+01,3.981147094307985190e-02
4.458577307563772507e+01,2.207772394599334120e+01,2.181160970970528329e-02
4.460955842153176576e+01,2.208166903126335967e+01,2.145248621610203535e-02
4.464583066853484183e+01,2.211338462147259420e+01,4.452549641276948300e-03
4.465260529732803008e+01,2.210954172466285073e+01,4.272912592139059378e-03
4.470013878079162595e+01,2.212516354620746029e+01,-1.272734247416668248e-02
4.471645578132569909e+01,2.213560733372829148e+01,-3.072724009645362228e-02
4.477653064490352364e+01,2.212136079270313260e+01,-4.772719752485769795e-02
4.479277154047071718e+01,2.212410442797128596e+01,-4.772707925236067267e-02
4.483853106657157639e+01,2.212211242446534598e+01,-4.791118199937067362e-02
4.485665427143727868e+01,2.213900955330952769e+01,-6.572671679915971510e-02
4.489282919359200719e+01,2.214012199670245096e+01,-6.590845887048321639e-02
4.493669300366791219e+01,2.213680688809605357e+01,-6.590857544336355123e-02
4.495279191967001253e+01,2.214638642640507271e+01,-8.290845826151023445e-02
4.498893302778989067e+01,2.214245523753126577e+01,-8.290833977155216694e-02
4.501279492698416362e+01,2.214423037084810986e+01,-8.290845596823774588e-02
4.505670644649156031e+01,2.213636635397770647e+01,-1.007195665301217902e-01
4.510455817199866857e+01,2.213999712529334118e+01,-1.007155388743771474e-01
4.553243047271107713e+01,2.213320371556913813e+01,-1.177159658455225466e-01
4.557837021142937317e+01,2.213231629617327201e+01,-1.175261697838312913e-01
4.562138148708897489e+01,2.212646222167919419e+01,-1.175262230432617960e-01
4.565029385846207788e+01,2.212831906914496471e+01,-1.175264542797389844e-01
4.566730902686296645e+01,2.213314324125781596e+01,-1.173349506938676651e-01
4.571733187479229343e+01,2.212828102918554762e+01,-1.173352482960867693e-01
4.576533351890973478e+01,2.212341580878337410e+01,-1.175245043313310617e-01
4.580339505758181673e+01,2.212527314846290949e+01,-1.175243799889034574e-01
4.583541153982560701e+01,2.212813032855054018e+01,-1.175241280700674990e-01
4.595944158401223234e+01,2.214456299342028700e+01,-1.005240662178127908e-01
4.601148923968644056e+01,2.213958031113143576e+01,-1.003316411616998055e-01
4.605138286697373218e+01,2.214230617359508102e+01,-1.001389220345913905e-01
4.606835301723719311e+01,2.214403249491941850e+01,-1.001387993383713038e-01
4.610020242412888791e+01,2.216219936740272445e+01,-9.994457626979309783e-02
4.615436696041776798e+01,2.216980295786572697e+01,-9.975060382440731344e-02
4.619226712222477005e+01,2.219591090906425279e+01,-9.975025679719561056e-02
4.622332983037665599e+01,2.219780551184392436e+01,-9.955531386321234133e-02
4.630462741813499150e+01,2.220055893892876142e+01,-9.955623843269664763e-02
4.634677645392899592e+01,2.219671081022427472e+01,-9.975200621724295003e-02
4.636819330497382197e+01,2.219487186371716803e+01,-9.994860267327525249e-02
4.641019330490962602e+01,2.220161773186975296e+01,-9.975191481259483572e-02
4.643119330483023077e+01,2.219576275702658563e+01,-9.975202306599557922e-02
4.647385190981761127e+01,2.219976275697990786e+01,-9.975201681652723362e-02
4.651585190976038575e+01,2.220276275701326085e+01,-9.975201681618273142e-02
4.655785190963069908e+01,2.220576275694475044e+01,-9.975201681604062287e-02
4.659985190961742774e+01,2.220976275691646151e+01,-9.975201681598377945e-02
4.662085190962534398e+01,2.221076275692030322e+01,-9.975201681601220116e-02
4.666285190955386497e+01,2.221476275694294600e+01,-9.975201681589851432e-02
4.670485190951148979e+01,2.221776275692536728e+01,-9.975201681595535774e-02
4.672585190940299071e+01,2.221976275688939495e+01,-9.975201681567105738e-02
4.676785190936061554e+01,2.222376275690476177e+01,-9.975201681555745381e-02
4.678885190936853178e+01,2.222476275687222369e+01,-9.975201681538672926e-02
4.683085190935526043e+01,2.222876275685848668e+01,-9.975201681538672926e-02
4.687285190928378142e+01,2.223276275685930159e+01,-9.975201681544376697e-02
4.691485190921230242e+01,2.223576275684172288e+01,-9.975201681538672926e-02
4.693585190922021866e+01,2.223776275677664671e+01,-9.975201681541534526e-02
4.701985190919367597e+01,2.224476275675260695e+01,-9.975201681535850184e-02
4.704085190928890370e+01,2.224676275674573844e+01,-9.975201681530165843e-02
4.708285190921742469e+01,2.224976275667722803e+01,-9.975201681510270646e-02
4.710385190913802944e+01,2.225176275669218739e+01,-9.975201681490375449e-02
4.714585190903744660e+01,2.225576275664207060e+01,-9.975201681496059791e-02
4.718885190907167271e+01,2.225876275669725146e+01,-9.975201681496059791e-02
4.722985190895269625e+01,2.226276275668351445e+01,-9.975201681459111569e-02
4.724985190894221887e+01,2.226376275666552829e+01,-9.975201681476127125e-02
4.728985190889216028e+01,2.226676275668432936e+01,-1.167520168145870230e-01
4.733185190884978510e+01,2.226976275668130256e+01,-1.167520168143596493e-01
4.735285190882859752e+01,2.227076275666331640e+01,-1.167520168141606973e-01
4.739485190887353383e+01,2.227376275663846172e+01,-1.167520168142175407e-01
4.741485190871753730e+01,2.227476275660592364e+01,-1.167520168142456155e-01
4.745685190864605829e+01,2.227776275651558535e+01,-1.167520168144449144e-01
4.749185190856223926e+01,2.227976275650144089e+01,-1.167520168143028059e-01
4.750085190846584737e+01,2.227976275649416493e+01,-9.975201681422163347e-02
4.753085190843557939e+01,2.228276275642565452e+01,-8.175201681405042109e-02
4.757185190843301825e+01,2.228676275640464155e+01,-8.175201681402199938e-02
4.761385190836153924e+01,2.229076275635452475e+01,-8.175201681407884280e-02
4.763385190829285420e+01,2.229276275639131200e+01,-8.175201681405042109e-02
4.767385190830100328e+01,2.229676275637029903e+01,-9.975201681410789112e-02
4.769385190820321441e+01,2.229876275634887861e+01,-9.975201681402268150e-02
4.773385190806584433e+01,2.230276275628420990e+01,-9.975201681388057295e-02
4.777385190801578574e+01,2.230576275628845906e+01,-9.975201681373846441e-02
4.781385190802393481e+01,2.230776275624521077e+01,-1.167520168135354197e-01
4.785385190797387622e+01,2.230976275618013460e+01,-1.347520168135929453e-01
4.787385190790519118e+01,2.231076275611849269e+01,-1.347520168137068819e-01
4.791385190779692493e+01,2.231276275611890014e+01,-1.517520168137025394e-01
4.793385190767003223e+01,2.231276275611890014e+01,-1.517520168135888525e-01
4.797385190753266215e+01,2.231376275608636206e+01,-1.517520168135320091e-01
4.799385190752218477e+01,2.231376275607181014e+01,-1.517520168131907266e-01
4.803385190755943768e+01,2.231476275603927206e+01,-1.517520168129637137e-01
4.807385190753848292e+01,2.231476275602472015e+01,-1.517520168128498881e-01
4.809385190746979788e+01,2.231476275598106440e+01,-1.517520168127362012e-01
4.813385190747794695e+01,2.231576275594125036e+01,-1.517520168124519842e-01
4.819385190735920332e+01,2.231776275589072611e+01,-1.517520168122246937e-01
4.821385190737782978e+01,2.231876275587273994e+01,-1.517520168121109791e-01
4.824945476259527766e+01,2.231976275583292590e+01,-1.347520205582779795e-01
4.826723689773776016e+01,2.232076275582221569e+01,-1.347520224147288614e-01
4.830699984407007008e+01,2.232276275580079528e+01,-1.347520242543339131e-01
4.832799984395387582e+01,2.232376275580463698e+01,-1.347520242541124791e-01
4.836999984399881214e+01,2.232576275578321656e+01,-1.347520242537711965e-01
4.843299984396435320e+01,2.232876275575836189e+01,-1.347520242534301360e-01
4.847499984395108186e+01,2.233076275574421743e+01,-1.347520242534869794e-01
4.851699984399601817e+01,2.233276275573734893e+01,-1.347520242532596058e-01
4.853799984388751909e+01,2.233376275577029446e+01,-1.347520242532027623e-01
4.857999984378693625e+01,2.233576275575615000e+01,-1.347520242532027623e-01
4.860099984370754100e+01,2.233676275576726766e+01,-1.347520242531459189e-01
4.864299984369426966e+01,2.233876275571674341e+01,-1.347520242529753887e-01
4.868499984365189448e+01,2.234076275573897874e+01,-1.347520242529185452e-01
4.870599984360160306e+01,2.234176275574282045e+01,-1.347520242528617018e-01
4.874799984358833171e+01,2.234376275570684811e+01,-1.347520242525774847e-01
4.876899984356714413e+01,2.234476275570341386e+01,-1.347520242523501111e-01
4.881099984352476895e+01,2.234676275566016557e+01,-1.347520242521795808e-01
4.887399984349031001e+01,2.234976275562075898e+01,-1.347520242518385203e-01
4.889499984332360327e+01,2.235076275558094494e+01,-1.347520242517816769e-01
4.893699984333943576e+01,2.235276275558862835e+01,-1.347520242518385203e-01
4.895799984320183285e+01,2.235376275557791814e+01,-1.347520242517248334e-01
4.902099984322558157e+01,2.235676275559671922e+01,-1.347520242515543032e-01
4.904099984318600036e+01,2.235776275560783688e+01,-1.347520242514406164e-01
4.906099984320462681e+01,2.235876275563350646e+01,-1.347520242513837729e-01
4.910099984309636056e+01,2.236076275561208604e+01,-1.347520242512700861e-01
4.916099984297761694e+01,2.236376275562361116e+01,-1.347520242512132427e-01
4.918099984302534722e+01,2.236476275553286541e+01,-1.517520242508680894e-01
4.920099984304397367e+01,2.236576275553670712e+01,-1.517520242506975592e-01
4.924099984299391508e+01,2.236676275549689308e+01,-1.517520242506975592e-01
4.926099984292523004e+01,2.236676275548234116e+01,-1.517520242506407158e-01
4.930099984293337911e+01,2.236776275547163095e+01,-1.697520242504992893e-01
4.932099984292290173e+01,2.236776275541342329e+01,-1.697520242504992893e-01
4.936099984290194698e+01,2.236776275539887138e+01,-1.697520242503856025e-01
4.938099984277505428e+01,2.236776275539159542e+01,-1.697520242499308274e-01
4.944099984283093363e+01,2.236776275534793967e+01,-1.867520242499267902e-01
4.946099984282045625e+01,2.236776275530428393e+01,-1.867520242490741111e-01
4.952099984281812795e+01,2.236776275531155989e+01,-2.039373314286194727e-01
4.954099984277854674e+01,2.236776275529700797e+01,-2.039373314285057859e-01
4.958199984268867411e+01,2.236776275521697244e+01,-2.039373314281647531e-01
4.960299984272569418e+01,2.236776275520242052e+01,-2.039373314278236371e-01
4.964499984262511134e+01,2.236776275523880031e+01,-2.039373314280510108e-01
4.966499984258553013e+01,2.236776275522424839e+01,-2.039373314286763161e-01
4.969699984244653024e+01,2.236776275520969648e+01,-2.039373314283920990e-01
4.970599984240834601e+01,2.236776275515876478e+01,-1.869373314285098786e-01
4.973399984239949845e+01,2.236776275510055711e+01,-1.697520242489645170e-01
4.979499984235735610e+01,2.236776275501324562e+01,-1.697520242490782039e-01
4.981499984231777489e+01,2.236776275501324562e+01,-1.697520242489076736e-01
4.985499984235502779e+01,2.236776275500596967e+01,-1.517520242487080395e-01
4.987499984228634275e+01,2.236876275497343158e+01,-1.517520242487648829e-01
4.991599984231288545e+01,2.236976275494816946e+01,-1.517520242484806658e-01
4.993699984232080169e+01,2.236976275491178967e+01,-1.517520242485375093e-01
4.997799984226003289e+01,2.237176275488309329e+01,-1.517520242484806658e-01
4.999899984226794913e+01,2.237176275486854138e+01,-1.517520242485375093e-01
5.010399984222021885e+01,2.237676275483681820e+01,-1.347520242485984177e-01
5.012499984214082360e+01,2.237776275478972821e+01,-1.347520242490531928e-01
5.014599984209053218e+01,2.237876275478629395e+01,-1.347520242487689757e-01
5.018899984203744680e+01,2.238076275476487353e+01,-1.347520242487689757e-01
5.022999984194757417e+01,2.238276275478710886e+01,-1.347520242484847863e-01
5.024999984199530445e+01,2.238376275474729482e+01,-1.347520242480300112e-01
5.028999984197434969e+01,2.238576275471859844e+01,-1.347520242478026098e-01
5.030999984184745699e+01,2.238676275470061228e+01,-1.347520242480868546e-01
5.034999984176829457e+01,2.238876275467919186e+01,-1.167520242481714376e-01
5.038999984168913215e+01,2.239076275464321952e+01,-1.167520242480009074e-01
5.042999984172638506e+01,2.239276275462907506e+01,-1.167520242479440779e-01
5.046999984182184562e+01,2.239576275456056464e+01,-9.975202424766393960e-02
5.048999984181136824e+01,2.239676275456440635e+01,-9.975202424743657981e-02
5.052999984179041348e+01,2.240076275458704913e+01,-9.975202424732287909e-02
5.054999984175083227e+01,2.240276275451469701e+01,-9.975202424735130080e-02
5.058999984170077369e+01,2.240676275443547638e+01,-8.175202424720851013e-02
5.060999984163208865e+01,2.240876275440678000e+01,-8.175202424712324500e-02
5.067299984162673354e+01,2.241476275443710620e+01,-8.175202424715166671e-02
5.069399984160554595e+01,2.241676275442296173e+01,-8.175202424706640159e-02
5.073399984161369503e+01,2.242076275446015643e+01,-6.475202424712733773e-02
5.077399984159274027e+01,2.242476275445369538e+01,-6.475202424704207260e-02
5.079399984152405523e+01,2.242676275442499900e+01,-6.475202424698522918e-02
5.083399984141578898e+01,2.243176275437144795e+01,-6.475202424687154235e-02
5.085399984131800011e+01,2.243476275433931733e+01,-6.475202424672943380e-02
5.089399984129704535e+01,2.243976275429304224e+01,-4.675202424665769740e-02
5.091499984118854627e+01,2.244276275433367118e+01,-4.675202424654401057e-02
5.095599984109867364e+01,2.244876275428396184e+01,-4.675202424660085399e-02
5.099699984097969718e+01,2.245476275424152846e+01,-4.675202424657243228e-02
5.103899984090821818e+01,2.246076275420637103e+01,-4.675202424658664313e-02
5.107999984084744938e+01,2.246676275419304147e+01,-2.975202424650547073e-02
5.110099984085536562e+01,2.246976275417546276e+01,-2.975202424648415445e-02
5.114299984081299044e+01,2.247576275414030533e+01,-2.975202424650547073e-02
5.118499984074151143e+01,2.248176275411969982e+01,-2.975202424650547073e-02
5.120499984067282639e+01,2.248476275417488068e+01,-2.975202424650547073e-02
5.124499984059366398e+01,2.249076275417610304e+01,-2.975202424649836530e-02
5.128499984051450156e+01,2.249676275419187732e+01,-2.975202424644152188e-02
5.130499984035850503e+01,2.249976275416702265e+01,-2.975202424640599475e-02
5.134599984029773623e+01,2.250576275412458926e+01,-2.975202424637757651e-02
5.138699984014965594e+01,2.251176275416219141e+01,-2.975202424627809705e-02
5.140799984018667601e+01,2.251476275415188866e+01,-4.675202424623137176e-02
5.144799984010751359e+01,2.252076275412400719e+01,-4.675202424616032443e-02
5.146799984000972472e+01,2.252376275413553230e+01,-4.675202424608926322e-02
5.150799983990145847e+01,2.252976275413675467e+01,-4.675202424610347407e-02
5.152799983989098109e+01,2.253276275413372787e+01,-4.675202424601820894e-02
5.156799983975361101e+01,2.253876275409857044e+01,-4.675202424597557638e-02
5.160799983970355242e+01,2.254376275408139918e+01,-6.475202424579151739e-02
5.166799983961391263e+01,2.255076275403553154e+01,-6.475202424579151739e-02
5.170799983959295787e+01,2.255576275402563624e+01,-6.475202424576309568e-02
5.174799983951379545e+01,2.255976275401189923e+01,-8.175202424567373782e-02
5.178799983949284069e+01,2.256376275395450648e+01,-8.175202424553162928e-02
5.180799983951146714e+01,2.256576275391853414e+01,-8.175202424556005099e-02
5.184999983938178048e+01,2.256976275383931352e+01,-8.175202424550320757e-02
5.189199983936850913e+01,2.257376275381102460e+01,-9.975202424533335943e-02
5.191299983931821771e+01,2.257576275374594843e+01,-9.975202424513440747e-02
5.195499983921763487e+01,2.257976275376859121e+01,-9.975202424493544162e-02
5.197599983916734345e+01,2.258176275374717079e+01,-9.975202424502072063e-02
5.201799983912496828e+01,2.258576275376253761e+01,-9.975202424490704767e-02
5.205899983920971863e+01,2.258976275376335252e+01,-9.975202424479334695e-02
5.209899983915966004e+01,2.259376275374233956e+01,-9.975202424482176866e-02
5.211899983914918266e+01,2.259576275374274701e+01,-9.975202424465123840e-02
5.213899983913870528e+01,2.259776275366311893e+01,-9.975202424462281670e-02
5.217899983914685436e+01,2.260176275364210596e+01,-8.175202424456529116e-02
5.221999983908608556e+01,2.260576275360654108e+01,-8.175202424442318261e-02
5.223999983907560818e+01,2.260776275359239662e+01,-8.175202424430949577e-02
5.228199983897502534e+01,2.261176275360776344e+01,-8.175202424422424452e-02
5.232399983896175399e+01,2.261576275362313027e+01,-8.175202424402526480e-02
5.238699983881087974e+01,2.262176275358797284e+01,-8.175202424416738722e-02
5.240799983870238066e+01,2.262376275358110433e+01,-8.175202424405370039e-02
5.242899983862298541e+01,2.262576275356695987e+01,-8.175202424405370039e-02
5.247099983855150640e+01,2.262976275357505074e+01,-8.175202424405370039e-02
5.251299983845092356e+01,2.263376275353220990e+01,-8.175202424391159184e-02
5.253399983840063214e+01,2.263576275347440969e+01,-8.175202424382632671e-02
5.257599983844556846e+01,2.263976275340246502e+01,-8.175202424374106158e-02
5.259599983843509108e+01,2.264176275338104460e+01,-8.175202424376948329e-02
5.262299983843695372e+01,2.264376275335962418e+01,-8.175202424362737474e-02
5.264299983839737251e+01,2.264576275330909993e+01,-8.175202424348525232e-02
5.266499983827816322e+01,2.264776275328767952e+01,-8.175202424354210962e-02
5.267599983816035092e+01,2.264876275326969335e+01,-8.175202424351368791e-02
5.269499983824789524e+01,2.265076275327737676e+01,-8.175202424334317153e-02
5.270299983819131739e+01,2.265176275323028676e+01,-8.175202424305894056e-02
5.271199983800761402e+01,2.265176275320118293e+01,-8.175202424305894056e-02
5.271299983782228082e+01,2.265176275316480314e+01,-8.175202424305894056e-02
5.271399983778246678e+01,2.265176275316480314e+01,-4.675202424294866432e-02
5.271499983777175657e+01,2.265176275315752719e+01,2.224797575702552876e-02
5.271499983785906807e+01,2.265176275313569931e+01,2.224797575700421248e-02
5.271499983780086040e+01,2.265176275305566378e+01,2.224797575696868535e-02
5.271799983782693744e+01,2.265176275301928399e+01,2.224797575694736906e-02
5.271899983775801957e+01,2.265176275302655995e+01,2.224797575692605278e-02
5.272199983772588894e+01,2.265176275299018016e+01,2.224797575690473650e-02
5.272299983768607490e+01,2.265176275299745612e+01,2.224797575690473650e-02
5.272699983770144172e+01,2.265176275293197250e+01,5.247975756901723798e-03
5.273099983768770471e+01,2.265176275289559271e+01,5.247975756903500155e-03
5.273299983760807663e+01,2.265176275286648888e+01,5.247975756896394728e-03
5.273599983760504983e+01,2.265176275287376484e+01,-1.175202424309773445e-02
5.274199983759899624e+01,2.265176275280828122e+01,-2.975202424310907645e-02
5.274599983746884391e+01,2.265176275280100526e+01,-2.975202424305223650e-02
5.274799983738921583e+01,2.265176275274279760e+01,-4.675202424297708603e-02
5.275199983728816733e+01,2.265176275272824569e+01,-6.475202424289250303e-02
5.275399983715033159e+01,2.265176275269914186e+01,-6.475202424280723790e-02
5.275799983702017926e+01,2.265176275264093420e+01,-8.175202424263261491e-02
5.275999983694055118e+01,2.265176275262638228e+01,-8.175202424268945833e-02
5.276399983686860651e+01,2.265176275259000249e+01,-9.975202424263329704e-02
5.276799983673845418e+01,2.265176275263365824e+01,-9.975202424249118849e-02
5.277199983675382100e+01,2.265176275261183036e+01,-9.975202424215012798e-02
5.277599983682739548e+01,2.265176275258272653e+01,-9.975202424209329843e-02
5.277799983683507890e+01,2.265176275254634675e+01,-9.975202424203644114e-02
5.278199983690865338e+01,2.265176275251724292e+01,-9.975202424192276818e-02
5.278499983690562658e+01,2.265176275253179483e+01,-9.975202424175222404e-02
5.278999983696849085e+01,2.265176275253179483e+01,-9.975202424175222404e-02
5.279399983698385768e+01,2.265176275255362270e+01,-9.975202424163853721e-02
5.279999983703601174e+01,2.265176275250996696e+01,-9.975202424155327208e-02
5.280299983697477728e+01,2.265176275251724292e+01,-9.975202424146802083e-02
5.280899983693961985e+01,2.265176275252451887e+01,-9.975202424115535427e-02
5.281299983689677902e+01,2.265176275245175930e+01,-9.975202424118378985e-02
5.282099983686930500e+01,2.265176275245175930e+01,-9.975202424095641618e-02
5.282499983694287948e+01,2.265176275247358717e+01,-9.975202424070062079e-02
5.283299983679899015e+01,2.265176275247358717e+01,-9.975202424061535567e-02
5.283699983678525314e+01,2.265176275245903526e+01,-9.975202424070062079e-02
5.284799983669654466e+01,2.265276275246287696e+01,-9.975202424055851225e-02
5.286099983673193492e+01,2.265276275243377313e+01,-9.975202424041640370e-02
5.286799983674427494e+01,2.265276275236828951e+01,-9.975202424027429515e-02
5.288199983668164350e+01,2.265376275234302739e+01,-9.975202424021743786e-02
5.289499983671703376e+01,2.265476275230321335e+01,-9.975202424013218661e-02
5.290899983674171381e+01,2.265476275226683356e+01,-9.975202424030271686e-02
5.291599983666674234e+01,2.265576275224157143e+01,-9.975202424027429515e-02
5.292299983667908236e+01,2.265576275223429548e+01,-9.975202424030271686e-02
5.294199983667931519e+01,2.265776275224925485e+01,-8.175202424033047033e-02
5.296999983667046763e+01,2.265976275222783443e+01,-8.175202423996097423e-02
5.298699983654660173e+01,2.266176275226462167e+01,-8.175202423987570910e-02
5.302499983654706739e+01,2.266576275225088466e+01,-8.175202423964833542e-02
5.306599983660271391e+01,2.266976275222259574e+01,-8.175202423970517884e-02
5.308699983655242249e+01,2.267176275217207149e+01,-8.175202423956305642e-02
5.314899983652867377e+01,2.267776275219512172e+01,-8.175202423959147813e-02
5.316999983656569384e+01,2.267976275218825322e+01,-8.175202423967675713e-02
5.321199983649421483e+01,2.268376275219634408e+01,-8.175202423944939734e-02
5.323299983638571575e+01,2.268576275218947558e+01,-8.175202423907990124e-02
5.327499983616871759e+01,2.268976275215391070e+01,-8.175202423902305782e-02
5.331699983606813475e+01,2.269476275214401539e+01,-8.175202423888094927e-02
5.333799983595963567e+01,2.269676275213714689e+01,-6.475202423862924661e-02
5.337999983594636433e+01,2.270076275209430605e+01,-6.475202423865766832e-02
5.344299983582459390e+01,2.270676275203004479e+01,-6.475202423860082490e-02
5.346299983584322035e+01,2.270876275202317629e+01,-8.175202423848304534e-02
5.348299983580363914e+01,2.271076275203813566e+01,-8.175202423848304534e-02
5.352299983572447672e+01,2.271476275200984674e+01,-8.175202423836935850e-02
5.354299983565579168e+01,2.271676275195932249e+01,-8.175202423831250120e-02
5.362299983555567451e+01,2.272476275191002060e+01,-8.175202423848304534e-02
5.364299983563250862e+01,2.272676275190315209e+01,-8.175202423836935850e-02
5.366399983558221720e+01,2.272876275186717976e+01,-8.175202423817040653e-02
5.370499983549234457e+01,2.273276275183889084e+01,-9.975202423783004202e-02
5.373699983541155234e+01,2.273576275186496787e+01,-9.975202423751738934e-02
5.374999983544694260e+01,2.273676275186153362e+01,-1.175202423749865943e-02
5.375099983540712856e+01,2.273676275185425766e+01,4.024797576242633568e-02
5.375199983551283367e+01,2.273676275182515383e+01,1.272479757623727892e-01
5.375199983542552218e+01,2.273676275179605000e+01,1.972479757623091245e-01
5.375199983542552218e+01,2.273676275174511829e+01,3.022479757624978447e-01
5.375199983536731452e+01,2.273676275168691063e+01,3.372479757612154572e-01
5.375199983545462601e+01,2.273676275167235872e+01,4.412479757608025466e-01
5.375199983545462601e+01,2.273676275163597893e+01,4.942479757596630052e-01
5.375199983545462601e+01,2.273676275162870297e+01,5.982479757590225544e-01
5.375199983539641835e+01,2.273676275159232318e+01,7.382479757586679625e-01
5.375199983533821069e+01,2.273676275158504723e+01,7.732479757589771907e-01
5.375199983536731452e+01,2.273676275159959914e+01,8.602479757598757715e-01
5.375199983545462601e+01,2.273676275153411552e+01,9.132479757577129931e-01
5.375199983536731452e+01,2.273676275149045978e+01,9.822479757565361069e-01
5.375199983539641835e+01,2.273676275145407999e+01,1.017247975753889477e+00
5.375199983528000303e+01,2.273676275148318382e+01,1.087247975751779450e+00
5.375199983522179537e+01,2.273676275143225212e+01,1.122247975749814941e+00
5.375199983522179537e+01,2.273676275138132041e+01,1.192247975748614408e+00
5.375199983522179537e+01,2.273676275137404446e+01,1.262247975745594886e+00
5.375199983516358770e+01,2.273676275132311275e+01,1.314247975742091512e+00
5.375199983507627621e+01,2.273676275130856084e+01,1.349247975740127004e+00
5.375199983498896472e+01,2.273676275126490509e+01,1.401247975737533125e+00
5.375199983501806855e+01,2.273676275127945701e+01,1.454247975735142973e+00
5.375199983501806855e+01,2.273676275127945701e+01,1.489247975735452201e+00
5.375199983504717238e+01,2.273676275128673296e+01,1.523247975732374471e+00
5.375199983498896472e+01,2.273676275127218105e+01,1.558247975731774204e+00
5.375199983501806855e+01,2.273676275119942147e+01,1.593247975731173938e+00
5.375199983501806855e+01,2.273676275116304168e+01,1.646247975727874291e+00
5.375199983504717238e+01,2.273676275115576573e+01,1.681247975725455035e+00
5.375199983498896472e+01,2.273676275111938594e+01,1.698247975724370917e+00
5.375199983495986089e+01,2.273676275106117828e+01,1.750247975724505523e+00
5.375199983484344557e+01,2.273676275097386679e+01,1.785247975725269498e+00
5.375199983475613408e+01,2.273676275092293508e+01,1.785247975721176772e+00
5.375199983472703025e+01,2.273676275086472742e+01,1.820247975721031253e+00
5.375199983469792642e+01,2.273676275085017551e+01,1.838247975716058136e+00
5.375199983472703025e+01,2.273676275085017551e+01,1.855247975714519271e+00
5.374899983467184938e+01,2.274276275082957000e+01,1.890247975712100015e+00
5.373299983469769359e+01,2.276676275079807965e+01,1.995247975710299215e+00
5.370899983466370031e+01,2.279676275078963954e+01,2.117247975712416519e+00
5.369499983466812409e+01,2.281076275078521576e+01,2.187247975710306491e+00
5.366499983466928825e+01,2.283576275080849882e+01,2.326247975702244730e+00
5.361399983457522467e+01,2.286576275085099041e+01,2.501247975704245619e+00
5.357699983453494497e+01,2.288076275087223621e+01,2.623247975700905954e+00
5.355699983460363001e+01,2.288676275082252687e+01,2.693247975701524410e+00
5.351699983453727327e+01,2.289576275079889456e+01,2.798247975698359369e+00
5.347699983455822803e+01,2.289976275078515755e+01,2.902247975694990600e+00
5.343699983449187130e+01,2.289976275073422585e+01,2.989247975690886960e+00
5.341699983435682952e+01,2.289876275072310818e+01,3.024247975689831947e+00
5.335699983430095017e+01,2.289176275074714795e+01,3.112247975691389001e+00
5.333699983425321989e+01,2.288876275072107092e+01,3.129247975693033368e+00
5.331699983423459344e+01,2.288476275069842814e+01,-3.135937331487184565e+00
5.329699983412865549e+01,2.288076275072671706e+01,-3.118937331485540199e+00
5.325699983414961025e+01,2.287176275068486575e+01,-3.083937331483866728e+00
5.321699983408325352e+01,2.286176275064644869e+01,-3.066937331482222362e+00
5.313899983398732729e+01,2.283776275062700734e+01,-3.031937331476910913e+00
5.309999983388115652e+01,2.282476275065710070e+01,-2.996937331475237443e+00
5.307999983386253007e+01,2.281776275065931259e+01,-2.996937331475237443e+00
5.304199983380385675e+01,2.280376275062735658e+01,-2.961937331473563972e+00
5.302299983377452008e+01,2.279676275064412039e+01,-2.961937331470835488e+00
5.298499983368674293e+01,2.278276275061944034e+01,-2.943937331470806384e+00
5.296699983370490372e+01,2.277476275060325861e+01,-2.926937331467343029e+00
5.292899983358802274e+01,2.275876275054906728e+01,-2.926937331464614545e+00
5.289099983352934942e+01,2.274276275053853169e+01,-2.909937331460241694e+00
5.287299983351840638e+01,2.273476275048597017e+01,-2.909937331456603715e+00
5.283599983353633434e+01,2.271876275044633076e+01,-2.891937331450208148e+00
5.278199983350350522e+01,2.269476275044144131e+01,-2.891937331447479664e+00
5.276299983350327238e+01,2.268676275041070767e+01,-2.891937331452027138e+00
5.274499983349232934e+01,2.267876275040907785e+01,-2.891937331452027138e+00
5.272699983345228247e+01,2.267076275038562017e+01,-2.891937331451117643e+00
5.269299983343807980e+01,2.265476275042601628e+01,-2.891937331442022696e+00
5.266499983327230439e+01,2.264176275041245390e+01,-2.909937331445689779e+00
5.264899983329814859e+01,2.263476275045832153e+01,-2.909937331445689779e+00
5.264199983319849707e+01,2.263176275038858876e+01,-2.909937331442961295e+00
5.263199983318918385e+01,2.262776275037322193e+01,-2.909937331442051800e+00
5.262099983313237317e+01,2.262276275037584128e+01,-2.909937331437504326e+00
5.261099983306485228e+01,2.261876275038957829e+01,-2.926937331432782230e+00
5.260699983313679695e+01,2.261776275041484041e+01,-2.926937331428234756e+00
5.260399983299430460e+01,2.261676275043282658e+01,-2.943937331426241144e+00
5.259799983294215053e+01,2.261476275043969508e+01,-2.961937331426270248e+00
5.258999983291141689e+01,2.261276275041745976e+01,-2.978937331418819667e+00
5.258799983284552582e+01,2.261176275035541039e+01,-2.996937331414301298e+00
5.258299983278266154e+01,2.260976275031134719e+01,-2.996937331409753824e+00
5.257899983273819089e+01,2.260876275031478144e+01,-2.996937331405206351e+00
5.257199983269674703e+01,2.260676275026344229e+01,-2.996937331402477867e+00
5.256899983269977383e+01,2.260576275020866888e+01,-2.996937331400658877e+00
5.256899983255425468e+01,2.260576275017956505e+01,-2.996937331391563930e+00
5.256499983242247254e+01,2.260476275018299930e+01,-2.996937331392473425e+00
5.256199983236729167e+01,2.260376275017188163e+01,-2.996937331388835446e+00
5.255599983228603378e+01,2.260176275019330205e+01,-2.996937331389744941e+00
5.255399983216193505e+01,2.260176275012781844e+01,-2.996937331383378478e+00
5.254899983201175928e+01,2.259976275010558311e+01,-2.943937331378037925e+00
5.254499983196728863e+01,2.259776275006151991e+01,-2.874937331371256732e+00
5.254399983200710267e+01,2.259776275006151991e+01,-2.699937331363798876e+00
5.254399983189068735e+01,2.259776275007607182e+01,-2.629937331360451935e+00
5.254399983189068735e+01,2.259776275009789970e+01,-2.490937331363056728e+00
5.254399983189068735e+01,2.259776275008334778e+01,-2.420937331361528777e+00
5.254399983183247969e+01,2.259776275003241608e+01,-2.367937331358916708e+00
5.254199983188300394e+01,2.259576275002473267e+01,-2.367937331353459740e+00
5.253999983184621669e+01,2.259276274999865564e+01,-2.385937331353488844e+00
5.253599983180174604e+01,2.258676274998288136e+01,-2.402937331351495232e+00
5.252999983180779964e+01,2.257876275002490729e+01,-2.437937331347711734e+00
5.252499983174493536e+01,2.257176275001984322e+01,-2.490937331348504813e+00
5.252299983159173280e+01,2.256876274997193832e+01,-2.542937331345456187e+00
5.252199983151513152e+01,2.256776274996082066e+01,-2.577937331339853699e+00
5.251799983149976470e+01,2.256376274999638554e+01,-2.629937331337714568e+00
5.251399983148439787e+01,2.256076274993392872e+01,-2.647937331332286703e+00
5.251199983133119531e+01,2.255876274993352126e+01,-2.612937331329703738e+00
5.251099983134190552e+01,2.255776274990057573e+01,-2.525937331328350410e+00
5.251099983122549020e+01,2.255776274987147190e+01,-2.472937331323919352e+00
5.251099983122549020e+01,2.255776274984964402e+01,-2.367937331318898941e+00
5.250899983118870296e+01,2.255476274980901508e+01,-2.367937331317989447e+00
5.249999983105226420e+01,2.254276274981384631e+01,-2.402937331316024938e+00
5.249399983097100630e+01,2.253576274980150629e+01,-2.420937331314235053e+00
5.248099983096471988e+01,2.251976274980552262e+01,-2.472937331310276932e+00
5.246699983088183217e+01,2.250476274976244895e+01,-2.542937331306347915e+00
5.245899983088020235e+01,2.249776274974283297e+01,-2.577937331300745427e+00
5.244499983082641847e+01,2.248476274972199462e+01,-2.629937331298606296e+00
5.243799983078497462e+01,2.247976274971733801e+01,-2.664937331297551282e+00
5.242599983073887415e+01,2.247076274968276266e+01,-2.647937331298635399e+00
5.242199983083992265e+01,2.246676274963829201e+01,-2.559937331293440366e+00
5.242099983085063286e+01,2.246676274963829201e+01,-2.437937331292232557e+00
5.242199983083992265e+01,2.246776274960575392e+01,-2.315937331289205758e+00
5.242399983081850223e+01,2.247176274954836117e+01,-2.298937331283013918e+00
5.241699983074795455e+01,2.245976274952408858e+01,-2.315937331280110811e+00
5.241199983071419410e+01,2.245176274950063089e+01,-2.333937331278320926e+00
5.240099983059917577e+01,2.243576274946826743e+01,-2.367937331273424206e+00
5.239499983054702170e+01,2.242776274947391357e+01,-2.402937331270550203e+00
5.238099983046413399e+01,2.241176274947065394e+01,-2.472937331272987649e+00
5.236699983043945394e+01,2.239576274945284240e+01,-2.542937331273606105e+00
5.234599983037333004e+01,2.237576274943421595e+01,-2.612937331271496078e+00
5.233199983026133850e+01,2.236376274939539144e+01,-2.647937331267712580e+00
5.229999983013840392e+01,2.233976274935412221e+01,-2.699937331269211427e+00
5.226699983008438721e+01,2.231776274937146809e+01,-2.751937331266162801e+00
5.224999983012094162e+01,2.230676274938741699e+01,-2.786937331268745766e+00
5.221499983003013767e+01,2.228676274935423862e+01,-2.839937331268629350e+00
5.217899983003735542e+01,2.226876274935057154e+01,-2.874937331264845852e+00
5.215999983000801876e+01,2.225976274934510002e+01,-2.891937331267399713e+00
5.212299983002594672e+01,2.224376274929818464e+01,-2.926937331263616215e+00
5.208499983008368872e+01,2.222876274928421481e+01,-2.943937331264351087e+00
5.204699982990860008e+01,2.221476274925953476e+01,-2.978937331266024557e+00
5.202799982987926342e+01,2.220776274923264282e+01,-2.978937331269662536e+00
5.198999982984969392e+01,2.219376274919341085e+01,-2.996937331269691640e+00
5.195199982976191677e+01,2.218076274920895230e+01,-3.013937331268607522e+00
5.193199982968508266e+01,2.217376274922571611e+01,-3.013937331264060049e+00
5.189299982954980806e+01,2.216076274916122202e+01,-3.013937331261331565e+00
5.185399982950184494e+01,2.214876274912239751e+01,-3.031937331257722690e+00
5.183399982942501083e+01,2.214276274909934727e+01,-3.031937331252265722e+00
5.179499982937704772e+01,2.213076274909690255e+01,-3.031937331251356227e+00
5.175599982935818844e+01,2.211876274907990592e+01,-3.048937331251181604e+00
5.171699982931022532e+01,2.210776274903764715e+01,-3.048937331247543625e+00
5.169699982923339121e+01,2.210176274900732096e+01,-3.048937331244815141e+00
5.165799982918542810e+01,2.209076274894323433e+01,-3.066937331243934750e+00
5.163799982907949015e+01,2.208476274889835622e+01,-3.066937331237568287e+00
5.157799982908181846e+01,2.206976274886983447e+01,-3.066937331233020814e+00
5.153799982892815024e+01,2.205976274887507316e+01,-3.083937331229208212e+00
5.150599982897983864e+01,2.205176274882251164e+01,-3.101937331223780347e+00
5.149399982893373817e+01,2.204876274881098652e+01,3.112247975950594991e+00
5.149199982892605476e+01,2.204876274876733078e+01,3.024247975941761979e+00
5.149199982892605476e+01,2.204876274876733078e+01,2.972247975944810605e+00
5.149199982892605476e+01,2.204876274877460673e+01,2.885247975940728793e+00
5.149199982886784710e+01,2.204876274876005482e+01,2.780247975933889393e+00
5.149199982872232795e+01,2.204876274868729524e+01,2.728247975930571556e+00
5.149199982869322412e+01,2.204876274867274333e+01,2.640247975929923996e+00
5.149199982863501646e+01,2.204876274861453567e+01,2.606247975930273242e+00
5.149199982866412029e+01,2.204876274864363950e+01,2.466247975931764813e+00
5.149199982848949730e+01,2.204876274859998375e+01,2.431247975928272353e+00
5.149199982848949730e+01,2.204876274858543184e+01,2.344247975926009531e+00
5.149199982854770496e+01,2.204876274851267226e+01,2.309247975926155050e+00
5.149199982851860113e+01,2.204876274847629247e+01,2.239247975921898615e+00
5.149199982857680880e+01,2.204876274848356843e+01,2.169247975916732685e+00
5.149199982854770496e+01,2.204876274845446460e+01,2.134247975917787699e+00
5.149199982846039347e+01,2.204876274845446460e+01,2.082247975913560367e+00
5.149199982837308198e+01,2.204876274847629247e+01,2.047247975910977402e+00
5.149199982837308198e+01,2.204876274848356843e+01,1.995247975908569060e+00
5.149199982837308198e+01,2.204876274844718864e+01,1.925247975909769593e+00
5.149199982831487432e+01,2.204876274837442907e+01,1.872247975908976514e+00
5.149199982814025134e+01,2.204876274833804928e+01,1.855247975904603663e+00
5.149199982808204368e+01,2.204876274832349736e+01,1.785247975901711470e+00
5.149199982799473219e+01,2.204876274827256566e+01,1.750247975900492747e+00
5.149199982793652453e+01,2.204876274821435800e+01,1.715247975899728772e+00
5.149199982799473219e+01,2.204876274822890991e+01,1.681247975898713776e+00
5.149199982793652453e+01,2.204876274822890991e+01,1.663247975897320430e+00
5.149199982799473219e+01,2.204876274821435800e+01,1.611247975896276330e+00
5.149199982793652453e+01,2.204876274822163396e+01,1.576247975895057607e+00
5.149199982805293985e+01,2.204876274819253013e+01,1.523247975892445538e+00
5.149199982805293985e+01,2.204876274817797821e+01,1.489247975889611553e+00
5.149199982802383602e+01,2.204876274818525417e+01,1.471247975889127702e+00
5.149199982799473219e+01,2.204876274816342629e+01,1.436247975886999484e+00
5.149199982799473219e+01,2.204876274816342629e+01,1.419247975887174107e+00
5.149199982799473219e+01,2.204876274817070225e+01,1.401247975883052277e+00
5.149199982796562836e+01,2.204876274814159842e+01,1.366247975883652543e+00
5.149199982779100537e+01,2.204876274815615034e+01,1.366247975881833554e+00
5.149199982773279771e+01,2.204876274817070225e+01,1.331247975880160084e+00
5.149199982764548622e+01,2.204976274814544013e+01,1.314247975877606223e+00
5.149399982765316963e+01,2.206776274809089955e+01,1.244247975876533019e+00
5.149699982759193517e+01,2.208476274809072493e+01,1.192247975875034172e+00
5.150799982753233053e+01,2.212276274806936271e+01,1.052247975875161501e+00
5.151499982742825523e+01,2.214176274811325129e+01,1.000247975874572148e+00
5.153199982736259699e+01,2.217776274812058546e+01,8.602479758746994776e-01
5.156699982733698562e+01,2.222576274806488072e+01,6.682479758744647169e-01
5.159399982728064060e+01,2.225376274801237741e+01,5.632479758728550223e-01
5.162499982706503943e+01,2.227976274793036282e+01,4.412479758723293344e-01
5.164199982697027735e+01,2.229176274791097967e+01,3.892479758719673555e-01
5.167699982700287364e+01,2.231276274786068825e+01,3.022479758717508957e-01
5.171399982692673802e+01,2.232976274784596171e+01,2.142479758718422722e-01
5.175199982695630752e+01,2.234376274783426197e+01,1.452479758719960046e-01
5.177199982697493397e+01,2.234976274779910455e+01,1.102479758719425718e-01
5.181199982692487538e+01,2.236076274779043160e+01,5.724797587186003511e-02
5.183199982691439800e+01,2.236576274770050077e+01,4.024797587192097126e-02
5.187199982683523558e+01,2.237376274771668250e+01,5.247975871913723722e-03
5.191199982681428082e+01,2.238076274771447061e+01,-2.975202412805799668e-02
5.193199982668738812e+01,2.238376274770416785e+01,-2.975202412807220406e-02
5.197199982657912187e+01,2.238876274763606489e+01,-6.475202412795509621e-02
5.203199982657679357e+01,2.239576274761202512e+01,-8.175202412786575223e-02
5.205199982662452385e+01,2.239776274755422492e+01,-8.175202412778048711e-02
5.207199982655583881e+01,2.239976274756190833e+01,-8.175202412780890882e-02
5.211199982647667639e+01,2.240376274752634345e+01,-9.975202412775274752e-02
5.213199982632067986e+01,2.240576274746854324e+01,-9.975202412766748239e-02
5.217299982620170340e+01,2.240976274741842644e+01,-9.975202412746853042e-02
5.221399982611183077e+01,2.241276274733536411e+01,-9.975202412746853042e-02
5.223399982607224956e+01,2.241476274727756390e+01,-1.167520241274360160e-01
5.227299982597469352e+01,2.241676274726341944e+01,-1.167520241272939074e-01
5.228599982586456463e+01,2.241776274726726115e+01,-1.167520241272370640e-01
5.231599982583429664e+01,2.241876274724927498e+01,-1.347520241271809027e-01
5.232699982577469200e+01,2.241876274723472307e+01,-1.347520241271240593e-01
5.234699982576421462e+01,2.241976274724584073e+01,-1.347520241267829988e-01
5.235699982574442402e+01,2.241976274718763307e+01,-1.347520241263850949e-01
5.237599982565734535e+01,2.241976274712942541e+01,-1.517520241257557245e-01
5.239499982571578585e+01,2.241976274710759753e+01,-1.517520241256988811e-01
5.240499982560868375e+01,2.241976274707849370e+01,-1.517520241252441060e-01
5.242399982557981275e+01,2.241976274712214945e+01,-1.347520241247366357e-01
5.244899982551578432e+01,2.242176274712983286e+01,2.224797587521010547e-02
5.245299982541473582e+01,2.242176274710800499e+01,7.524797587510079211e-02
5.245699982540099882e+01,2.242276274711184669e+01,1.452479758750655492e-01
5.247599982531392016e+01,2.243076274707709672e+01,3.372479758750159817e-01
5.248999982525128871e+01,2.244176274705387186e+01,4.412479758746030711e-01
5.250399982530507259e+01,2.245176274697587360e+01,4.242479758737545126e-01
5.251099982528830878e+01,2.245676274700963404e+01,4.242479758743229468e-01
5.252699982526246458e+01,2.246876274701935472e+01,3.722479758744157152e-01
5.255399982526432723e+01,2.248476274700078648e+01,2.842479758739954732e-01
5.256299982510972768e+01,2.248876274700160138e+01,2.492479758736863005e-01
5.257299982506083325e+01,2.249376274696987821e+01,2.142479758734907591e-01
5.259099982498446479e+01,2.250076274695311440e+01,1.452479758732465598e-01
5.259999982488807291e+01,2.250376274688460398e+01,1.102479758730510184e-01
5.261899982480099425e+01,2.250976274685672252e+01,1.452479758726212822e-01
5.262999982474138960e+01,2.251376274683570955e+01,1.802479758721915459e-01
5.265099982477840967e+01,2.252376274676498724e+01,3.022479758724330168e-01
5.265999982474022545e+01,2.252876274672598811e+01,3.542479758725675665e-01
5.271799982467200607e+01,2.259676274673256557e+01,9.132479758720819518e-01
5.272699982454651035e+01,2.261476274668530095e+01,9.822479758729514288e-01
5.273099982456187718e+01,2.262276274665055098e+01,9.652479758719891834e-01
5.273899982456350699e+01,2.263976274662854848e+01,1.000247975870934170e+00
5.273999982449458912e+01,2.264476274662592914e+01,1.017247975869850052e+00
5.274099982445477508e+01,2.264676274658268085e+01,1.035247975867150672e+00
5.274099982454208657e+01,2.264776274654286681e+01,1.052247975866066554e+00
5.274099982454208657e+01,2.264776274652103893e+01,1.087247975863192551e+00
5.274099982442567125e+01,2.264776274647738319e+01,1.105247975861402665e+00
5.274099982436746359e+01,2.264776274644100340e+01,1.122247975858954305e+00
5.274099982430925593e+01,2.264776274639734766e+01,1.157247975857899291e+00
5.274099982433835976e+01,2.264776274635369191e+01,1.157247975859263533e+00
5.274099982439656742e+01,2.264776274633186404e+01,1.192247975858663267e+00
5.274099982430925593e+01,2.264776274628820829e+01,1.209247975856214907e+00
5.274099982433835976e+01,2.264776274631003616e+01,1.227247975854425022e+00
5.274099982436746359e+01,2.264776274630276021e+01,1.262247975853370008e+00
5.274099982428015210e+01,2.264776274624455255e+01,1.279247975851831143e+00
5.274099982413463295e+01,2.264776274616451701e+01,1.297247975850041257e+00
5.274099982410552911e+01,2.264776274614996510e+01,1.331247975849692011e+00
5.274099982416373678e+01,2.264776274619362084e+01,1.349247975848811620e+00
5.274099982413463295e+01,2.264776274617906893e+01,1.366247975849546492e+00
5.274099982404732145e+01,2.264776274615724105e+01,1.401247975848946226e+00
5.274099982393090613e+01,2.264776274611358531e+01,1.401247975848491478e+00
5.274099982375628315e+01,2.264776274611358531e+01,1.401247975845762994e+00
5.274099982378538698e+01,2.264776274613541318e+01,1.401247975843944005e+00
5.274099982363986783e+01,2.264776274611358531e+01,1.401247975843944005e+00
5.274099982361076400e+01,2.264776274614268914e+01,1.401247975843944005e+00
5.274099982363986783e+01,2.264776274609903339e+01,1.401247975844853499e+00
5.274099982369807549e+01,2.264776274611358531e+01,1.401247975841215521e+00
5.274099982358166017e+01,2.264776274612086127e+01,1.401247975838032289e+00
5.274099982337793335e+01,2.264776274614268914e+01,1.401247975838032289e+00
5.274099982334882952e+01,2.264776274611358531e+01,1.401247975837577542e+00
5.274099982323241420e+01,2.264776274611358531e+01,1.401247975835758552e+00
5.274099982308689505e+01,2.264776274614268914e+01,1.384247975833659439e+00
5.274099982317420654e+01,2.264776274611358531e+01,1.384247975829566712e+00
5.274099982314510271e+01,2.264776274612813722e+01,1.384247975828657218e+00
5.274099982308689505e+01,2.264776274609175744e+01,1.384247975826383481e+00
5.274099982311599888e+01,2.264776274608448148e+01,1.384247975823654997e+00
5.274099982305779122e+01,2.264776274604082573e+01,1.384247975824109744e+00
5.274099982314510271e+01,2.264776274604082573e+01,1.384247975824109744e+00
5.274099982302868739e+01,2.264776274603354977e+01,1.384247975823654997e+00
5.274099982288316824e+01,2.264776274600444594e+01,1.384247975820471765e+00
5.274099982273764908e+01,2.264776274597534211e+01,1.384247975819107523e+00
5.274099982276675291e+01,2.264776274600444594e+01,1.384247975818652776e+00
5.274099982265033759e+01,2.264776274596079020e+01,1.384247975817743281e+00
5.274099982253392227e+01,2.264776274593168637e+01,1.384247975815469545e+00
5.274099982238840312e+01,2.264776274588075466e+01,1.384247975812286313e+00
5.274099982233019546e+01,2.264776274586620275e+01,1.384247975811376818e+00
5.274099982224288397e+01,2.264776274585165083e+01,1.384247975809103082e+00
5.274099982218467630e+01,2.264776274582254700e+01,1.384247975806829345e+00
5.274099982209736481e+01,2.264776274580799509e+01,1.384247975804555608e+00
5.274099982203915715e+01,2.264776274576433934e+01,1.384247975805465103e+00
5.274099982198094949e+01,2.264776274576433934e+01,1.384247975803191366e+00
5.274099982189363800e+01,2.264776274578616722e+01,1.384247975799098640e+00
5.274099982189363800e+01,2.264776274572795955e+01,1.384247975798189145e+00
5.274099982183543034e+01,2.264776274572795955e+01,1.384247975796824903e+00
5.274099982174811885e+01,2.264776274570613168e+01,1.384247975794096419e+00
5.274099982166080736e+01,2.264776274568430381e+01,1.384247975792277430e+00
5.274099982171901502e+01,2.264776274563337211e+01,1.384247975791367935e+00
5.274099982171901502e+01,2.264776274557516444e+01,1.384247975789094198e+00
5.274099982171901502e+01,2.264776274553150870e+01,1.384247975789094198e+00
5.274099982177722268e+01,2.264776274549512891e+01,1.384247975790003693e+00
5.274099982166080736e+01,2.264776274546602508e+01,1.384247975789548946e+00
5.274099982166080736e+01,2.264776274548057700e+01,1.384247975785456219e+00
5.274099982166080736e+01,2.264776274542964529e+01,1.384247975785001472e+00
5.274099982171901502e+01,2.264776274543692125e+01,1.384247975785910967e+00
5.274099982171901502e+01,2.264776274539326550e+01,1.384247975782727735e+00
5.274099982177722268e+01,2.264776274539326550e+01,1.384247975783182483e+00
5.274099982171901502e+01,2.264776274540054146e+01,1.384247975780453999e+00
5.274099982177722268e+01,2.264776274534960976e+01,1.384247975779999251e+00
5.274099982168991119e+01,2.264776274538598955e+01,1.384247975777725514e+00
5.274099982154439203e+01,2.264776274537143763e+01,1.384247975778635009e+00
5.274099982157349586e+01,2.264776274534233380e+01,1.384247975778180262e+00
5.274099982151528820e+01,2.264776274529867806e+01,1.384247975776816020e+00
5.274099982148618437e+01,2.264776274524047039e+01,1.384247975775451778e+00
5.274099982151528820e+01,2.264776274524774635e+01,1.384247975774542283e+00
5.274099982139887288e+01,2.264776274517498678e+01,1.384247975775451778e+00
5.274099982136976905e+01,2.264776274521136656e+01,1.384247975775451778e+00
5.274099982136976905e+01,2.264776274518226273e+01,1.384247975774542283e+00
5.274099982136976905e+01,2.264776274516771082e+01,1.384247975774997030e+00
5.274099982136976905e+01,2.264776274514588295e+01,1.384247975772268546e+00
5.274099982139887288e+01,2.264776274511677912e+01,1.384247975772268546e+00
5.274099982134066522e+01,2.264776274511677912e+01,1.384247975770449557e+00
5.274099982128245756e+01,2.264776274511677912e+01,1.384247975771359052e+00
5.274099982131156139e+01,2.264776274513860699e+01,1.384247975767266325e+00
5.274099982119514607e+01,2.264776274510950316e+01,1.384247975767721073e+00
5.274099982110783458e+01,2.264776274503674358e+01,1.384247975764537841e+00
5.274099982104962692e+01,2.264776274501491571e+01,1.384247975763628347e+00
5.274099982113693841e+01,2.264776274500036379e+01,1.384247975761354610e+00
5.274099982102052309e+01,2.264776274504401954e+01,1.384247975760899863e+00
5.274099982102052309e+01,2.264776274502219167e+01,1.384247975758171378e+00
5.274099982102052309e+01,2.264776274499308784e+01,1.384247975758171378e+00
5.274099982107873075e+01,2.264776274494943209e+01,1.384247975757261884e+00
5.274099982099141926e+01,2.264776274488394847e+01,1.384247975754988147e+00
5.274099982093321159e+01,2.264776274488394847e+01,1.384247975754533400e+00
5.274099982096231543e+01,2.264776274486212060e+01,1.384247975755442894e+00
5.274099982081679627e+01,2.264776274481118890e+01,1.384247975752714410e+00
5.274099982087500393e+01,2.264776274475298123e+01,1.384247975750895421e+00
5.274099982078769244e+01,2.264776274471660145e+01,1.384247975752259663e+00
5.274099982072948478e+01,2.264776274464384187e+01,1.384247975751804915e+00
5.274099982067127712e+01,2.264776274465839379e+01,1.384247975749531179e+00
5.274099982067127712e+01,2.264776274461473804e+01,1.384247975749531179e+00
5.274099982067127712e+01,2.264776274457108229e+01,1.384247975750440673e+00
5.274099982067127712e+01,2.264776274457835825e+01,1.384247975748166937e+00
5.274099982072948478e+01,2.264776274457835825e+01,1.384247975744528958e+00
5.274099982070038095e+01,2.264776274454925442e+01,1.384247975744528958e+00
5.274099982067127712e+01,2.264776274454197846e+01,1.384247975744528958e+00
5.274099982072948478e+01,2.264776274449832272e+01,1.384247975745438453e+00
5.274099982061306946e+01,2.264776274446194293e+01,1.384247975743619463e+00
5.274099982046755031e+01,2.264776274441828718e+01,1.384247975742709968e+00
5.274099982052575797e+01,2.264776274441828718e+01,1.384247975742255221e+00
5.274099982049665414e+01,2.264776274441828718e+01,1.384247975741345726e+00
5.274099982049665414e+01,2.264776274442556314e+01,1.384247975739981484e+00
5.274099982038023882e+01,2.264776274436007952e+01,1.384247975740436232e+00
5.274099982029292732e+01,2.264776274432369974e+01,1.384247975738617242e+00
5.274099982017651200e+01,2.264776274426549207e+01,1.384247975737707748e+00
5.274099982008920051e+01,2.264776274418545654e+01,1.384247975736343506e+00
5.274099982003099285e+01,2.264776274417090463e+01,1.384247975736798253e+00
5.274099982003099285e+01,2.264776274414907675e+01,1.384247975735434011e+00
5.274099982006009668e+01,2.264776274410542101e+01,1.384247975733615021e+00
5.274099982000188902e+01,2.264776274409814505e+01,1.384247975734069769e+00
5.274099982006009668e+01,2.264776274408359313e+01,1.384247975734069769e+00
5.274099981994368136e+01,2.264776274407631718e+01,1.384247975732705527e+00
5.274099981985636987e+01,2.264776274405448930e+01,1.384247975734069769e+00
5.274099981982726604e+01,2.264776274406904122e+01,1.384247975733160274e+00
5.274099981979816221e+01,2.264776274401810952e+01,1.384247975729977043e+00
5.274099981976905838e+01,2.264776274399628164e+01,1.384247975730886537e+00
5.274099981982726604e+01,2.264776274401810952e+01,1.384247975727703306e+00
5.274099981979816221e+01,2.264776274401810952e+01,1.384247975728158053e+00
5.274099981968174689e+01,2.264776274398900568e+01,1.384247975726339064e+00
5.274099981971085072e+01,2.264776274395990185e+01,1.384247975725884316e+00
5.274099981953622773e+01,2.264776274396717781e+01,1.384247975725884316e+00
5.274099981953622773e+01,2.264776274391624611e+01,1.384247975723155832e+00
5.274099981953622773e+01,2.264776274385076249e+01,1.384247975720882096e+00
5.274099981941981241e+01,2.264776274382165866e+01,1.384247975719517854e+00
5.274099981953622773e+01,2.264776274385076249e+01,1.384247975718608359e+00
5.274099981947802007e+01,2.264776274379983079e+01,1.384247975715879875e+00
5.274099981939070858e+01,2.264776274379983079e+01,1.384247975714970380e+00
5.274099981933250092e+01,2.264776274382165866e+01,1.384247975713151391e+00
5.274099981933250092e+01,2.264776274383621057e+01,1.384247975713151391e+00
5.274099981927429326e+01,2.264776274379983079e+01,1.384247975712696643e+00
5.274099981930339709e+01,2.264776274382893462e+01,1.384247975713606138e+00
5.274099981933250092e+01,2.264776274377800291e+01,1.384247975712696643e+00
5.274099981939070858e+01,2.264776274371979525e+01,1.384247975712696643e+00
5.274099981927429326e+01,2.264776274365431163e+01,1.384247975713151391e+00
5.274099981930339709e+01,2.264776274360337993e+01,1.384247975711787149e+00
5.274099981933250092e+01,2.264776274355244823e+01,1.384247975711332401e+00
5.274099981930339709e+01,2.264776274352334440e+01,1.384247975708149170e+00
5.274099981936160475e+01,2.264776274350879248e+01,1.384247975705875433e+00
5.274099981924518943e+01,2.264776274349424057e+01,1.384247975705875433e+00
5.274099981909967028e+01,2.264776274344330886e+01,1.384247975703601696e+00
5.274099981907056645e+01,2.264776274335599737e+01,1.384247975699054223e+00
5.274099981898325495e+01,2.264776274331961758e+01,1.384247975695870991e+00
5.274099981895415112e+01,2.264776274329778971e+01,1.384247975695416244e+00
5.274099981898325495e+01,2.264776274332689354e+01,1.384247975694052002e+00
5.274099981904146262e+01,2.264776274328323780e+01,1.384247975693142507e+00
5.274099981895415112e+01,2.264776274328323780e+01,1.384247975693142507e+00
5.274099981898325495e+01,2.264776274328323780e+01,1.384247975694052002e+00
5.274099981892504729e+01,2.264776274330506567e+01,1.384247975691778265e+00
5.274099981895415112e+01,2.264776274326140992e+01,1.384247975688595034e+00
5.274099981886683963e+01,2.264776274326868588e+01,1.384247975687685539e+00
5.274099981877952814e+01,2.264776274318137439e+01,1.384247975685866550e+00
5.274099981875042431e+01,2.264776274312316673e+01,1.384247975686776044e+00
5.274099981860490516e+01,2.264776274305040715e+01,1.384247975684502308e+00
5.274099981857580133e+01,2.264776274304313120e+01,1.384247975681773823e+00
5.274099981854669750e+01,2.264776274300675141e+01,1.384247975679045339e+00
5.274099981845938601e+01,2.264776274297764758e+01,1.384247975677681097e+00
5.274099981834297068e+01,2.264776274298492353e+01,1.384247975676316855e+00
5.274099981822655536e+01,2.264776274300675141e+01,1.384247975674952613e+00
5.274099981825565919e+01,2.264776274297037162e+01,1.384247975676771603e+00
5.274099981813924387e+01,2.264776274289761204e+01,1.384247975674952613e+00
5.274099981811014004e+01,2.264776274283212842e+01,1.384247975675862108e+00
5.274099981811014004e+01,2.264776274279574864e+01,1.384247975673133624e+00
5.274099981811014004e+01,2.264776274274481693e+01,1.384247975670405140e+00
5.274099981811014004e+01,2.264776274273026502e+01,1.384247975669040898e+00
5.274099981816834770e+01,2.264776274271571310e+01,1.384247975670405140e+00
5.274099981813924387e+01,2.264776274268660927e+01,1.384247975670405140e+00
5.274099981811014004e+01,2.264776274269388523e+01,1.384247975668586150e+00
5.274099981811014004e+01,2.264776274266478140e+01,1.384247975665857666e+00
5.274099981811014004e+01,2.264776274270116119e+01,1.384247975662674435e+00
5.274099981811014004e+01,2.264776274268660927e+01,1.384247975661310193e+00
5.274099981811014004e+01,2.264776274269388523e+01,1.384247975661310193e+00
5.274099981811014004e+01,2.264776274267205736e+01,1.384247975660855445e+00
5.274099981813924387e+01,2.264776274262112565e+01,1.384247975659491203e+00
5.274099981802282855e+01,2.264776274256291799e+01,1.384247975658126961e+00
5.274099981787730940e+01,2.264776274251198629e+01,1.384247975657217467e+00
5.274099981793551706e+01,2.264776274251198629e+01,1.384247975655398477e+00
5.274099981790641323e+01,2.264776274254836608e+01,1.384247975653579488e+00
5.274099981778999791e+01,2.264776274256291799e+01,1.384247975651305751e+00
5.274099981770268641e+01,2.264776274252653820e+01,1.384247975647213025e+00
5.274099981764447875e+01,2.264776274251198629e+01,1.384247975644939288e+00
5.274099981767358258e+01,2.264776274253381416e+01,1.384247975643575046e+00
5.274099981758627109e+01,2.264776274249015842e+01,1.384247975640846562e+00
5.274099981758627109e+01,2.264776274252653820e+01,1.384247975639482320e+00
5.274099981755716726e+01,2.264776274251926225e+01,1.384247975640846562e+00
5.274099981738254428e+01,2.264776274246833054e+01,1.384247975639482320e+00
5.274099981744075194e+01,2.264776274246833054e+01,1.384247975639482320e+00
5.274099981732433662e+01,2.264776274247560650e+01,1.384247975640391815e+00
5.274099981717881747e+01,2.264776274246105459e+01,1.384247975639937067e+00
5.274099981714971364e+01,2.264776274246105459e+01,1.384247975638118078e+00
5.274099981703329831e+01,2.264776274246833054e+01,1.384247975638118078e+00
5.274099981697509065e+01,2.264776274247560650e+01,1.384247975637663330e+00
5.274099981697509065e+01,2.264776274244650267e+01,1.384247975635389594e+00
5.274099981694598682e+01,2.264776274238829501e+01,1.384247975632206362e+00
5.274099981688777916e+01,2.264776274236646714e+01,1.384247975631296868e+00
5.274099981682957150e+01,2.264776274233736331e+01,1.384247975628113636e+00
5.274099981674226001e+01,2.264776274237374309e+01,1.384247975626294647e+00
5.274099981677136384e+01,2.264776274237374309e+01,1.384247975626294647e+00
5.274099981674226001e+01,2.264776274236646714e+01,1.384247975625385152e+00
5.274099981677136384e+01,2.264776274233008735e+01,1.384247975623566163e+00
5.274099981671315618e+01,2.264776274228643160e+01,1.384247975624475657e+00
5.274099981671315618e+01,2.264776274229370756e+01,1.384247975619473436e+00
5.274099981671315618e+01,2.264776274230825948e+01,1.384247975616744952e+00
5.274099981677136384e+01,2.264776274225005182e+01,1.384247975613561721e+00
5.274099981662584469e+01,2.264776274217729224e+01,1.384247975615835458e+00
5.274099981659674086e+01,2.264776274215546437e+01,1.384247975613106973e+00
5.274099981659674086e+01,2.264776274217729224e+01,1.384247975611287984e+00
5.274099981662584469e+01,2.264776274211908458e+01,1.384247975611742731e+00
5.274099981659674086e+01,2.264776274213363649e+01,1.384247975609468995e+00
5.274099981662584469e+01,2.264776274207542883e+01,1.384247975606285763e+00
5.274099981665494852e+01,2.264776274204632500e+01,1.384247975607195258e+00
5.274099981648032553e+01,2.264776274201722117e+01,1.384247975605376269e+00
5.274099981639301404e+01,2.264776274198811734e+01,1.384247975605376269e+00
5.274099981636391021e+01,2.264776274200994521e+01,1.384247975607195258e+00
5.274099981636391021e+01,2.264776274196628947e+01,1.384247975604921521e+00
5.274099981642211787e+01,2.264776274197356543e+01,1.384247975601738290e+00
5.274099981639301404e+01,2.264776274192263372e+01,1.384247975599919300e+00
5.274099981642211787e+01,2.264776274192990968e+01,1.384247975597190816e+00
5.274099981636391021e+01,2.264776274191535776e+01,1.384247975594007585e+00
5.274099981633480638e+01,2.264776274185715010e+01,1.384247975592643343e+00
5.274099981630570255e+01,2.264776274183532223e+01,1.384247975588095869e+00
5.274099981618928723e+01,2.264776274177711457e+01,1.384247975588550617e+00
5.274099981616018340e+01,2.264776274174073478e+01,1.384247975587641122e+00
5.274099981613107957e+01,2.264776274173345882e+01,1.384247975583093648e+00
5.274099981598556042e+01,2.264776274171890691e+01,1.384247975584003143e+00
5.274099981595645659e+01,2.264776274168980308e+01,1.384247975581274659e+00
5.274099981592735276e+01,2.264776274168980308e+01,1.384247975579000922e+00
5.274099981584004126e+01,2.264776274171163095e+01,1.384247975574453449e+00
5.274099981586914510e+01,2.264776274169707904e+01,1.384247975573543954e+00
5.274099981584004126e+01,2.264776274167525116e+01,1.384247975573089207e+00
5.274099981592735276e+01,2.264776274162431946e+01,1.384247975570815470e+00
5.274099981586914510e+01,2.264776274155883584e+01,1.384247975571724965e+00
5.274099981575272977e+01,2.264776274152973201e+01,1.384247975567632238e+00
5.274099981560721062e+01,2.264776274150790414e+01,1.384247975565358502e+00
5.274099981560721062e+01,2.264776274145697244e+01,1.384247975563994260e+00
5.274099981554900296e+01,2.264776274145697244e+01,1.384247975561720523e+00
5.274099981546169147e+01,2.264776274147152435e+01,1.384247975560356281e+00
5.274099981540348381e+01,2.264776274148607627e+01,1.384247975558537291e+00
5.274099981522886083e+01,2.264776274143514456e+01,1.384247975558992039e+00
5.274099981517065316e+01,2.264776274142786860e+01,1.384247975557627797e+00
5.274099981508334167e+01,2.264776274135510903e+01,1.384247975556263555e+00
5.274099981499603018e+01,2.264776274132600520e+01,1.384247975556263555e+00
5.274099981496692635e+01,2.264776274128962541e+01,1.384247975554899313e+00
5.274099981487961486e+01,2.264776274121686583e+01,1.384247975556718302e+00
5.274099981482140720e+01,2.264776274126779754e+01,1.384247975555354060e+00
5.274099981490871869e+01,2.264776274123869371e+01,1.384247975554899313e+00
5.274099981485051103e+01,2.264776274120231392e+01,1.384247975556263555e+00
5.274099981479230337e+01,2.264776274116593413e+01,1.384247975555354060e+00
5.274099981487961486e+01,2.264776274118048605e+01,1.384247975554899313e+00
5.274099981476319954e+01,2.264776274117321009e+01,1.384247975554444565e+00
5.274099981470499188e+01,2.264776274114410626e+01,1.384247975552170828e+00
5.274099981467588805e+01,2.264776274113683030e+01,1.384247975548532850e+00
5.274099981461768039e+01,2.264776274112227838e+01,1.384247975544894871e+00
5.274099981450126506e+01,2.264776274112227838e+01,1.384247975543075881e+00
5.274099981441395357e+01,2.264776274113683030e+01,1.384247975540347397e+00
5.274099981429753825e+01,2.264776274114410626e+01,1.384247975540802145e+00
5.274099981426843442e+01,2.264776274113683030e+01,1.384247975538073661e+00
5.274099981412291527e+01,2.264776274115138222e+01,1.384247975538073661e+00
5.274099981415201910e+01,2.264776274109317455e+01,1.384247975535799924e+00
5.274099981415201910e+01,2.264776274107862264e+01,1.384247975535345176e+00
5.274099981409381144e+01,2.264776274104951881e+01,1.384247975536254671e+00
