3.807000000000000028e+01,-1.951999999999999957e+01,0.000000000000000000e+00
3.807000000000000028e+01,-1.951999999999999957e+01,0.000000000000000000e+00
3.807000000000000028e+01,-1.951999999999999957e+01,0.000000000000000000e+00
3.807000000000000028e+01,-1.951999999999999957e+01,0.000000000000000000e+00
3.807000000000000028e+01,-1.951999999999999957e+01,0.000000000000000000e+00
3.807000000000000028e+01,-1.951999999999999957e+01,1.400000000000000133e-01
3.807000000000000028e+01,-1.951999999999999957e+01,3.319999999999999063e-01
3.807000000000000028e+01,-1.951999999999999957e+01,4.889999999999998792e-01
3.807000000000000028e+01,-1.951999999999999957e+01,6.460000000000000187e-01
3.807000000000000028e+01,-1.951999999999999957e+01,8.030000000000000471e-01
3.807000000000000028e+01,-1.951999999999999957e+01,9.250000000000000444e-01
3.808500000000000085e+01,-1.948199999999999932e+01,1.239000000000000101e+00
3.809900000000000375e+01,-1.935899999999999821e+01,1.553000000000000158e+00
3.808900000000000574e+01,-1.923899999999999721e+01,1.675000000000000266e+00
3.806400000000000716e+01,-1.909899999999999665e+01,1.745000000000000329e+00
3.802800000000000580e+01,-1.895899999999999608e+01,1.798000000000000265e+00
3.798700000000000898e+01,-1.881999999999999673e+01,1.833000000000000185e+00
3.795000000000000995e+01,-1.870099999999999696e+01,1.833000000000000185e+00
3.790800000000000836e+01,-1.856599999999999540e+01,1.833000000000000185e+00
3.786600000000000676e+01,-1.842799999999999372e+01,1.815000000000000169e+00
3.783200000000000784e+01,-1.830999999999999517e+01,1.798000000000000265e+00
3.779100000000001103e+01,-1.814999999999999503e+01,1.763000000000000345e+00
3.776455626920331099e+01,-1.802999999999999403e+01,1.745070425181473261e+00
3.772855626920330963e+01,-1.784999999999999432e+01,1.710070425181473341e+00
3.770855626920330650e+01,-1.772999999999999332e+01,1.693070425181473437e+00
3.768755626920330570e+01,-1.758999999999999275e+01,1.675070425181473421e+00
3.767058317148983093e+01,-1.744999999999999218e+01,1.658058159337005844e+00
3.766158317148983059e+01,-1.735499999999999332e+01,1.606058159337005797e+00
3.765258317148983025e+01,-1.721499999999999275e+01,1.623058159337005701e+00
3.764258317148983224e+01,-1.709499999999999176e+01,1.623058159337005701e+00
3.762758317148983167e+01,-1.693499999999999162e+01,1.641058159337005717e+00
3.761558317148983122e+01,-1.681099999999999284e+01,1.641058159337005717e+00
3.759958317148983298e+01,-1.666499999999999204e+01,1.658058159337005621e+00
3.758758317148983252e+01,-1.654299999999999216e+01,1.641058159337005717e+00
3.757258317148983195e+01,-1.639999999999999147e+01,1.641058159337005717e+00
3.755858317148982906e+01,-1.625399999999999068e+01,1.623058159337005701e+00
3.754658317148982860e+01,-1.612899999999999068e+01,1.623058159337005701e+00
3.752858317148982792e+01,-1.594299999999999073e+01,1.641058159337005717e+00
3.751658317148982746e+01,-1.581899999999999018e+01,1.641058159337005717e+00
3.750458317148982701e+01,-1.569399999999999018e+01,1.641058159337005717e+00
3.749058317148982411e+01,-1.554699999999998994e+01,1.641058159337005717e+00
3.747658317148982121e+01,-1.539999999999998970e+01,1.641058159337005717e+00
3.746058317148982297e+01,-1.523099999999998921e+01,1.641058159337005717e+00
3.744858317148982252e+01,-1.510499999999998977e+01,1.641058159337005717e+00
3.743458317148981962e+01,-1.495799999999998953e+01,1.641058159337005717e+00
3.742058317148981672e+01,-1.481099999999998929e+01,1.641058159337005717e+00
3.740858317148981627e+01,-1.468599999999998929e+01,1.641058159337005717e+00
3.739458317148981337e+01,-1.453999999999998849e+01,1.641058159337005717e+00
3.738058317148981047e+01,-1.439999999999998792e+01,1.623058159337005701e+00
3.736958317148980768e+01,-1.427999999999998870e+01,1.623058159337005701e+00
3.736158317148980501e+01,-1.413899999999998869e+01,1.588058159337005781e+00
3.735458317148980711e+01,-1.399899999999998812e+01,1.606058159337005797e+00
3.734758317148980922e+01,-1.387799999999998768e+01,1.606058159337005797e+00
3.733558317148980876e+01,-1.371699999999998809e+01,1.623058159337005701e+00
3.732158317148980586e+01,-1.357399999999998741e+01,1.641058159337005717e+00
3.730958317148980541e+01,-1.345099999999998808e+01,1.641058159337005717e+00
3.729558317148980251e+01,-1.331099999999998751e+01,1.623058159337005701e+00
3.728358317148980206e+01,-1.317099999999998694e+01,1.606058159337005797e+00
3.727858317148979950e+01,-1.306299999999998640e+01,1.571058159337005877e+00
3.727858317148979950e+01,-1.292099999999998694e+01,1.553058159337005861e+00
3.727358317148979694e+01,-1.275999999999998735e+01,1.606058159337005797e+00
3.726058317148979881e+01,-1.261999999999998678e+01,1.658058159337005844e+00
3.724258317148979813e+01,-1.249999999999998757e+01,1.693058159337005764e+00
3.721958317148979489e+01,-1.235999999999998700e+01,1.710058159337005668e+00
3.719558317148979398e+01,-1.223999999999998778e+01,1.745058159337005588e+00
3.716558317148979285e+01,-1.209999999999998721e+01,1.763058159337005604e+00
3.710558317148979057e+01,-1.185999999999998700e+01,1.780058159337005508e+00
3.706858317148979154e+01,-1.171899999999998698e+01,1.798058159337005524e+00
3.703558317148979029e+01,-1.159899999999998776e+01,1.798058159337005524e+00
3.698358317148979069e+01,-1.142099999999998694e+01,1.815058159337005428e+00
3.694758317148978932e+01,-1.130199999999998717e+01,1.833058159337005444e+00
3.689258317148978961e+01,-1.114899999999998670e+01,1.920058159337005410e+00
3.684358317148979012e+01,-1.103699999999998660e+01,2.007058159337005598e+00
3.678558317148979029e+01,-1.092999999999998728e+01,2.077058159337005439e+00
3.669658317148979165e+01,-1.079399999999998805e+01,2.164058159337005627e+00
3.662458317148978892e+01,-1.069699999999998852e+01,2.182058159337005421e+00
3.651058317148979171e+01,-1.055299999999998839e+01,2.216058159337005229e+00
3.643258317148978875e+01,-1.046299999999998853e+01,2.269058159337005165e+00
3.632258317148978932e+01,-1.034599999999998765e+01,2.304058159337005307e+00
3.625258317148978904e+01,-1.027499999999998792e+01,2.321058159337005211e+00
3.616758317148978819e+01,-1.019099999999998829e+01,2.339058159337005005e+00
3.601958317148978495e+01,-1.005499999999998906e+01,2.374058159337005147e+00
3.594458317148978210e+01,-9.989999999999989555e+00,2.391058159337005051e+00
3.582358317148977989e+01,-9.885999999999990351e+00,2.426058159337005193e+00
3.572758317148978335e+01,-9.807999999999990948e+00,2.443058159337005097e+00
3.561558317148978148e+01,-9.721999999999990649e+00,2.461058159337004891e+00
3.550258317148978193e+01,-9.638999999999990465e+00,2.496058159337005034e+00
3.536758317148978392e+01,-9.544999999999991047e+00,2.513058159337004938e+00
3.526658317148978483e+01,-9.478999999999990322e+00,2.531058159337004732e+00
3.514558317148978261e+01,-9.403999999999991033e+00,2.583058159337004778e+00
3.501858317148978017e+01,-9.337999999999990308e+00,2.653058159337004618e+00
3.486958317148977926e+01,-9.271999999999989583e+00,2.688058159337004760e+00
3.473858317148977903e+01,-9.217999999999989313e+00,2.723058159337004902e+00
3.462458317148978182e+01,-9.172999999999989384e+00,2.740058159337004806e+00
3.451058317148978460e+01,-9.130999999999989569e+00,2.758058159337004600e+00
3.437458317148978182e+01,-9.087999999999990308e+00,2.845058159337004788e+00
3.423558317148977892e+01,-9.054999999999990834e+00,2.915058159337004628e+00
3.409558317148977835e+01,-9.031999999999991147e+00,2.984058159337004579e+00
3.397558317148978091e+01,-9.019999999999990692e+00,3.019058159337004721e+00
3.381558317148978432e+01,-9.009999999999990905e+00,3.037058159337004515e+00
3.367558317148978375e+01,-9.006999999999990791e+00,3.107058159337004355e+00
3.353558317148978318e+01,-9.010999999999990351e+00,-3.124127147842582275e+00
3.339558317148978261e+01,-9.017999999999990024e+00,-3.107127147842582371e+00
3.325858317148978216e+01,-9.024999999999989697e+00,-3.124127147842582275e+00
3.313858317148978472e+01,-9.030999999999989925e+00,-3.107127147842582371e+00
3.299658317148978171e+01,-9.042999999999990379e+00,-3.054127147842582435e+00
3.285658317148978114e+01,-9.065999999999990067e+00,-2.984127147842582595e+00
3.269658317148978455e+01,-9.098999999999989541e+00,-2.950127147842582787e+00
3.251458317148978239e+01,-9.143999999999989470e+00,-2.932127147842582993e+00
3.239458317148978495e+01,-9.173999999999988830e+00,-2.932127147842582993e+00
3.225158317148978426e+01,-9.208999999999988972e+00,-2.932127147842582993e+00
3.213058317148978205e+01,-9.239999999999989555e+00,-2.932127147842582993e+00
3.194758317148978222e+01,-9.286999999999990152e+00,-2.932127147842582993e+00
3.180558317148978276e+01,-9.323999999999990962e+00,-2.915127147842583089e+00
3.168658317148978298e+01,-9.354999999999991545e+00,-2.915127147842583089e+00
3.152558317148978162e+01,-9.400999999999990919e+00,-2.897127147842583295e+00
3.137958317148978082e+01,-9.444999999999991402e+00,-2.932127147842583437e+00
3.123258317148978236e+01,-9.486999999999991218e+00,-2.845127147842583248e+00
3.111858317148978159e+01,-9.530999999999991701e+00,-2.758127147842583060e+00
3.099458317148978281e+01,-9.599999999999992539e+00,-2.600127147842583142e+00
3.086558317148978148e+01,-9.698999999999992738e+00,-2.461127147842582907e+00
3.077558317148978162e+01,-9.778999999999992809e+00,-2.426127147842582765e+00
3.067158317148978242e+01,-9.876999999999993562e+00,-2.408127147842582971e+00
3.056058317148978176e+01,-9.986999999999992994e+00,-2.321127147842582783e+00
3.055858317148978287e+01,-9.989999999999993108e+00,-1.850127147842582698e+00
3.055558317148978276e+01,-1.001699999999999235e+01,-1.798127147842582652e+00
3.051958317148978139e+01,-1.011199999999999299e+01,-2.129127147842582612e+00
2.962958317148978082e+01,-1.051299999999999280e+01,-2.932127147842582549e+00
2.836458317148978026e+01,-1.088499999999999268e+01,-2.827127147842582566e+00
2.822858317148978102e+01,-1.093399999999999217e+01,-2.845127147842582360e+00
2.808858317148978045e+01,-1.098299999999999166e+01,-2.845127147842582360e+00
2.796858317148977946e+01,-1.102499999999999147e+01,-2.845127147842582360e+00
2.782858317148977889e+01,-1.107399999999999096e+01,-2.845127147842582360e+00
2.771158317148977801e+01,-1.111599999999999078e+01,-2.845127147842582360e+00
2.759858317148977847e+01,-1.114999999999999147e+01,-2.932127147842582549e+00
2.746058317148977679e+01,-1.118499999999999162e+01,-2.915127147842582644e+00
2.730058317148977665e+01,-1.122699999999999143e+01,-2.915127147842582644e+00
2.714258317148977540e+01,-1.127399999999999203e+01,-2.897127147842582851e+00
2.702258317148977440e+01,-1.131099999999999284e+01,-2.880127147842582946e+00
2.688558317148977395e+01,-1.135499999999999332e+01,-2.862127147842583152e+00
2.676758317148977540e+01,-1.139699999999999314e+01,-2.845127147842583248e+00
2.662858317148977605e+01,-1.144599999999999262e+01,-2.845127147842583248e+00
2.648858317148977548e+01,-1.149499999999999211e+01,-2.827127147842583454e+00
2.635058317148977380e+01,-1.154399999999999160e+01,-2.845127147842583248e+00
2.623058317148977281e+01,-1.158599999999999142e+01,-2.845127147842583248e+00
2.609458317148977358e+01,-1.163499999999999091e+01,-2.845127147842583248e+00
2.593758317148977355e+01,-1.168899999999999118e+01,-2.862127147842583152e+00
2.579758317148977298e+01,-1.173799999999999066e+01,-2.862127147842583152e+00
2.565758317148977241e+01,-1.178599999999999071e+01,-2.862127147842583152e+00
2.551758317148977184e+01,-1.183299999999999130e+01,-2.880127147842582946e+00
2.537958317148977017e+01,-1.187799999999999123e+01,-2.862127147842583152e+00
2.525958317148976917e+01,-1.191999999999999105e+01,-2.862127147842583152e+00
2.511958317148976860e+01,-1.196899999999999054e+01,-2.862127147842583152e+00
2.497958317148976803e+01,-1.201799999999999002e+01,-2.862127147842583152e+00
2.485958317148976704e+01,-1.205999999999998984e+01,-2.862127147842583152e+00
2.467958317148976732e+01,-1.212299999999999045e+01,-2.862127147842583152e+00
2.455858317148976866e+01,-1.216499999999999027e+01,-2.862127147842583152e+00
2.441858317148976809e+01,-1.221399999999998975e+01,-2.862127147842583152e+00
2.429858317148976710e+01,-1.225599999999998957e+01,-2.862127147842583152e+00
2.415858317148976653e+01,-1.230499999999998906e+01,-2.862127147842583152e+00
2.401858317148976596e+01,-1.235399999999998855e+01,-2.862127147842583152e+00
2.387858317148976539e+01,-1.240199999999998859e+01,-2.862127147842583152e+00
2.373858317148976482e+01,-1.245099999999998808e+01,-2.862127147842583152e+00
2.361858317148976383e+01,-1.249299999999998789e+01,-2.862127147842583152e+00
2.347858317148976326e+01,-1.254199999999998738e+01,-2.862127147842583152e+00
2.335858317148976226e+01,-1.258399999999998720e+01,-2.862127147842583152e+00
2.323858317148976127e+01,-1.262599999999998701e+01,-2.862127147842583152e+00
2.305858317148976155e+01,-1.268899999999998762e+01,-2.862127147842583152e+00
2.291858317148976099e+01,-1.273799999999998711e+01,-2.862127147842583152e+00
2.279858317148975999e+01,-1.277999999999998693e+01,-2.862127147842583152e+00
2.267858317148975900e+01,-1.282199999999998674e+01,-2.862127147842583152e+00
2.251858317148975885e+01,-1.287799999999998590e+01,-2.862127147842583152e+00
2.239858317148975786e+01,-1.291999999999998572e+01,-2.862127147842583152e+00
2.225858317148975729e+01,-1.296899999999998521e+01,-2.862127147842583152e+00
2.209858317148975715e+01,-1.302399999999998492e+01,-2.862127147842583152e+00
2.197858317148975615e+01,-1.306599999999998474e+01,-2.862127147842583152e+00
2.177858317148975686e+01,-1.313599999999998502e+01,-2.862127147842583152e+00
2.164158317148975641e+01,-1.318399999999998506e+01,-2.845127147842583248e+00
2.152558317148975675e+01,-1.322199999999998532e+01,-2.897127147842583295e+00
2.138758317148975507e+01,-1.326399999999998514e+01,-2.897127147842583295e+00
2.124858317148975573e+01,-1.330599999999998495e+01,-2.880127147842583391e+00
2.111158317148975527e+01,-1.334999999999998543e+01,-2.862127147842583597e+00
2.099658317148975684e+01,-1.339099999999998580e+01,-2.845127147842583692e+00
2.083658317148975669e+01,-1.344699999999998496e+01,-2.827127147842583899e+00
2.069658317148975613e+01,-1.349599999999998445e+01,-2.827127147842583899e+00
2.057658317148975513e+01,-1.353799999999998427e+01,-2.827127147842583899e+00
2.043658317148975456e+01,-1.358699999999998376e+01,-2.827127147842583899e+00
2.029658317148975399e+01,-1.363599999999998325e+01,-2.827127147842583899e+00
2.017658317148975300e+01,-1.367799999999998306e+01,-2.827127147842583899e+00
2.001658317148975286e+01,-1.373399999999998222e+01,-2.827127147842583899e+00
1.989658317148975186e+01,-1.377599999999998204e+01,-2.827127147842583899e+00
1.977858317148975331e+01,-1.381799999999998185e+01,-2.827127147842583899e+00
1.964558317148975419e+01,-1.386699999999998134e+01,-2.845127147842583692e+00
1.950558317148975362e+01,-1.391599999999998083e+01,-2.845127147842583692e+00
1.924558317148975206e+01,-1.400699999999998013e+01,-2.845127147842583692e+00
1.906558317148975235e+01,-1.406999999999998074e+01,-2.845127147842583692e+00
1.894558317148975135e+01,-1.411199999999998056e+01,-2.845127147842583692e+00
1.880558317148975078e+01,-1.416099999999998005e+01,-2.845127147842583692e+00
1.868558317148974979e+01,-1.420299999999997986e+01,-2.845127147842583692e+00
1.852858317148974976e+01,-1.425899999999997902e+01,-2.845127147842583692e+00
1.841158317148974888e+01,-1.430099999999997884e+01,-2.827127147842583899e+00
1.827158317148974831e+01,-1.434999999999997833e+01,-2.827127147842583899e+00
1.813158317148974774e+01,-1.439999999999997904e+01,-2.827127147842583899e+00
1.801158317148974675e+01,-1.444199999999997885e+01,-2.810127147842583994e+00
1.788058317148974652e+01,-1.448999999999997890e+01,-2.845127147842584137e+00
1.778158317148974632e+01,-1.451999999999997826e+01,-2.915127147842583977e+00
1.764258317148974697e+01,-1.455999999999997740e+01,-2.897127147842584183e+00
1.750458317148974530e+01,-1.460199999999997722e+01,-2.880127147842584279e+00
1.738658317148974675e+01,-1.463799999999997681e+01,-2.880127147842584279e+00
1.722958317148974672e+01,-1.468999999999997641e+01,-2.845127147842584137e+00
1.709558317148974638e+01,-1.473899999999997590e+01,-2.827127147842584343e+00
1.697558317148974538e+01,-1.478099999999997571e+01,-2.827127147842584343e+00
1.681558317148974524e+01,-1.483799999999997610e+01,-2.810127147842584439e+00
1.669558317148974425e+01,-1.488099999999997536e+01,-2.810127147842584439e+00
1.657558317148974325e+01,-1.492499999999997584e+01,-2.810127147842584439e+00
1.643558317148974268e+01,-1.497599999999997600e+01,-2.810127147842584439e+00
1.629558317148974211e+01,-1.502799999999997560e+01,-2.810127147842584439e+00
1.616158317148974177e+01,-1.507799999999997631e+01,-2.810127147842584439e+00
1.604758317148974101e+01,-1.511999999999997613e+01,-2.827127147842584343e+00
1.586758317148974129e+01,-1.518299999999997674e+01,-2.845127147842584137e+00
1.575058317148974041e+01,-1.522499999999997655e+01,-2.827127147842584343e+00
1.561058317148973984e+01,-1.527399999999997604e+01,-2.827127147842584343e+00
1.549658317148973907e+01,-1.531599999999997586e+01,-2.827127147842584343e+00
1.533858317148973960e+01,-1.537299999999997624e+01,-2.810127147842584439e+00
1.521958317148973983e+01,-1.541699999999997672e+01,-2.810127147842584439e+00
1.507958317148973926e+01,-1.546999999999997755e+01,-2.810127147842584439e+00
1.493958317148973869e+01,-1.552399999999997782e+01,-2.792127147842584645e+00
1.475958317148973897e+01,-1.559399999999997810e+01,-2.792127147842584645e+00
1.464558317148973821e+01,-1.563799999999997858e+01,-2.792127147842584645e+00
1.452858317148973732e+01,-1.568599999999997863e+01,-2.775127147842584741e+00
1.436958317148973663e+01,-1.574999999999997868e+01,-2.775127147842584741e+00
1.425158317148973630e+01,-1.579799999999997873e+01,-2.775127147842584741e+00
1.411258317148973696e+01,-1.585499999999997911e+01,-2.775127147842584741e+00
1.397458317148973705e+01,-1.591099999999997827e+01,-2.775127147842584741e+00
1.385558317148973728e+01,-1.595999999999997776e+01,-2.775127147842584741e+00
1.372058317148973750e+01,-1.601599999999997692e+01,-2.758127147842584836e+00
1.358758317148973660e+01,-1.607199999999997786e+01,-2.758127147842584836e+00
1.345358317148973626e+01,-1.613199999999997658e+01,-2.740127147842585043e+00
1.331758317148973703e+01,-1.619499999999997542e+01,-2.740127147842585043e+00
1.318158317148973779e+01,-1.625799999999997425e+01,-2.740127147842585043e+00
1.304758317148973745e+01,-1.632099999999997308e+01,-2.740127147842585043e+00
1.293158317148973779e+01,-1.637499999999997158e+01,-2.740127147842585043e+00
1.277658317148973843e+01,-1.644699999999997075e+01,-2.740127147842585043e+00
1.266158317148973822e+01,-1.650099999999996925e+01,-2.723127147842585138e+00
1.252658317148973843e+01,-1.656399999999996808e+01,-2.723127147842585138e+00
1.241058317148973877e+01,-1.661799999999996658e+01,-2.740127147842585043e+00
1.227658317148973843e+01,-1.668099999999996541e+01,-2.740127147842585043e+00
1.214158317148973865e+01,-1.674399999999996425e+01,-2.723127147842585138e+00
1.202658317148973843e+01,-1.679799999999996274e+01,-2.723127147842585138e+00
1.185458317148973784e+01,-1.687899999999996226e+01,-2.740127147842585043e+00
1.173858317148973818e+01,-1.693499999999996319e+01,-2.740127147842585043e+00
1.160258317148973894e+01,-1.699799999999996203e+01,-2.723127147842585138e+00
1.148658317148973929e+01,-1.705299999999996174e+01,-2.723127147842585138e+00
1.135058317148974005e+01,-1.711599999999996058e+01,-2.723127147842585138e+00
1.121958317148973983e+01,-1.717899999999995941e+01,-2.723127147842585138e+00
1.110758317148973973e+01,-1.723299999999995791e+01,-2.723127147842585138e+00
1.097458317148974061e+01,-1.729799999999995919e+01,-2.705127147842585345e+00
1.086058317148973984e+01,-1.735399999999996012e+01,-2.705127147842585345e+00
1.074558317148973963e+01,-1.741299999999996118e+01,-2.705127147842585345e+00
1.061258317148973873e+01,-1.747999999999996135e+01,-2.705127147842585345e+00
1.047958317148973961e+01,-1.754799999999996274e+01,-2.705127147842585345e+00
1.034658317148974049e+01,-1.761599999999996413e+01,-2.705127147842585345e+00
1.023258317148973973e+01,-1.767499999999996518e+01,-2.705127147842585345e+00
1.009858317148973939e+01,-1.774399999999996425e+01,-2.705127147842585345e+00
9.965583171489740266e+00,-1.781199999999996564e+01,-2.705127147842585345e+00
9.814583171489740465e+00,-1.789199999999996393e+01,-2.653127147842585298e+00
9.705583171489740479e+00,-1.795799999999996288e+01,-2.635127147842585504e+00
9.582583171489741147e+00,-1.803299999999996217e+01,-2.635127147842585504e+00
9.477583171489740721e+00,-1.809299999999996089e+01,-2.653127147842585298e+00
9.372583171489740295e+00,-1.815299999999995961e+01,-2.670127147842585202e+00
9.229583171489739613e+00,-1.823199999999996024e+01,-2.688127147842584996e+00
9.116583171489740067e+00,-1.829099999999996129e+01,-2.688127147842584996e+00
8.983583171489740948e+00,-1.836099999999996157e+01,-2.705127147842584900e+00
8.868583171489740735e+00,-1.841899999999996140e+01,-2.705127147842584900e+00
8.735583171489739840e+00,-1.848799999999996047e+01,-2.705127147842584900e+00
8.602583171489740721e+00,-1.855599999999996186e+01,-2.705127147842584900e+00
8.469583171489741602e+00,-1.862399999999996325e+01,-2.705127147842584900e+00
8.318583171489741801e+00,-1.870099999999996498e+01,-2.705127147842584900e+00
8.203583171489741588e+00,-1.875899999999996481e+01,-2.705127147842584900e+00
8.070583171489740693e+00,-1.882599999999996498e+01,-2.705127147842584900e+00
7.937583171489740685e+00,-1.889399999999996638e+01,-2.705127147842584900e+00
7.804583171489740678e+00,-1.896199999999996777e+01,-2.705127147842584900e+00
7.671583171489740671e+00,-1.902799999999996672e+01,-2.705127147842584900e+00
7.557583171489740792e+00,-1.908499999999996533e+01,-2.705127147842584900e+00
7.406583171489740991e+00,-1.916199999999996706e+01,-2.705127147842584900e+00
7.313583171489741019e+00,-1.920999999999996533e+01,-2.688127147842584996e+00
7.162583171489741218e+00,-1.928899999999996595e+01,-2.688127147842584996e+00
7.051583171489741453e+00,-1.934799999999996700e+01,-2.688127147842584996e+00
6.941583171489741133e+00,-1.940899999999996695e+01,-2.670127147842585202e+00
6.791583171489740778e+00,-1.948999999999996646e+01,-2.670127147842585202e+00
6.664583171489740998e+00,-1.955999999999996675e+01,-2.653127147842585298e+00
6.537583171489741218e+00,-1.963299999999996714e+01,-2.653127147842585298e+00
6.428583171489741233e+00,-1.969799999999996842e+01,-2.635127147842585504e+00
6.269583171489741424e+00,-1.980199999999996763e+01,-2.583127147842585458e+00
6.153583171489741765e+00,-1.988199999999996592e+01,-2.583127147842585458e+00
6.035583171489741439e+00,-1.995899999999996766e+01,-2.600127147842585362e+00
5.933583171489741126e+00,-2.002499999999996660e+01,-2.600127147842585362e+00
5.814583171489741353e+00,-2.010099999999996712e+01,-2.635127147842585504e+00
5.692583171489741467e+00,-2.017199999999996862e+01,-2.653127147842585298e+00
5.585583171489741261e+00,-2.023199999999996734e+01,-2.670127147842585202e+00
5.459583171489740927e+00,-2.029899999999996751e+01,-2.688127147842584996e+00
5.333583171489740593e+00,-2.036199999999996635e+01,-2.740127147842585043e+00
5.202583171489740366e+00,-2.041699999999996606e+01,-2.810127147842584883e+00
5.088583171489740486e+00,-2.045799999999996643e+01,-2.862127147842584929e+00
4.929583171489740678e+00,-2.050199999999996692e+01,-2.950127147842585007e+00
4.789583171489740998e+00,-2.052699999999996550e+01,-3.019127147842584957e+00
4.669583171489740892e+00,-2.054099999999996484e+01,-3.107127147842585035e+00
4.509583171489740749e+00,-2.054399999999996496e+01,3.089058159337001452e+00
4.389583171489740643e+00,-2.053899999999996595e+01,3.037058159337001406e+00
4.209583171489740927e+00,-2.052099999999996527e+01,2.984058159337001470e+00
4.089583171489740820e+00,-2.050399999999996581e+01,2.967058159337001566e+00
3.949583171489740696e+00,-2.048299999999996501e+01,2.932058159337001424e+00
3.884583171489740749e+00,-2.047099999999996456e+01,2.862058159337001584e+00
3.883583171489740860e+00,-2.047099999999996456e+01,2.758058159337001491e+00
3.792583171489740668e+00,-2.042799999999996530e+01,2.618058159337001367e+00
3.689583171489740465e+00,-2.036399999999996524e+01,2.496058159337001481e+00
3.547583171489740561e+00,-2.024999999999996447e+01,2.391058159337001499e+00
3.459583171489740483e+00,-2.016899999999996496e+01,2.321058159337001658e+00
3.362583171489740508e+00,-2.006599999999996342e+01,2.269058159337001612e+00
3.271583171489740316e+00,-1.996099999999996299e+01,2.251058159337001818e+00
3.180583171489740124e+00,-1.985399999999996368e+01,2.216058159337001676e+00
3.089583171489739932e+00,-1.974399999999996425e+01,2.199058159337001772e+00
3.015583171489740089e+00,-1.964799999999996416e+01,2.182058159337001868e+00
2.919583171489740003e+00,-1.951899999999996282e+01,2.147058159337001726e+00
2.850583171489740053e+00,-1.941899999999996140e+01,2.129058159337001932e+00
2.762583171489739975e+00,-1.928299999999996217e+01,2.094058159337001790e+00
2.699583171489739808e+00,-1.917999999999996064e+01,2.077058159337001886e+00
2.629583171489739968e+00,-1.905799999999996075e+01,2.042058159337001744e+00
2.560583171489740018e+00,-1.893199999999995953e+01,2.024058159337001950e+00
2.514583171489740199e+00,-1.883499999999995822e+01,1.955058159337001999e+00
2.455583171489740035e+00,-1.869799999999995777e+01,1.955058159337001999e+00
2.396583171489739872e+00,-1.855899999999995842e+01,1.955058159337001999e+00
2.340583171489739822e+00,-1.842099999999995674e+01,1.937058159337001984e+00
2.282583171489739993e+00,-1.828099999999995617e+01,1.937058159337001984e+00
2.226583171489739943e+00,-1.814799999999995705e+01,1.955058159337001999e+00
2.167583171489739780e+00,-1.801099999999995660e+01,1.955058159337001999e+00
2.116583171489739623e+00,-1.789399999999995572e+01,1.955058159337001999e+00
2.056583171489739570e+00,-1.775699999999995526e+01,1.955058159337001999e+00
2.003583171489739634e+00,-1.763799999999995549e+01,1.955058159337001999e+00
1.934583171489739684e+00,-1.748299999999995435e+01,1.955058159337001999e+00
1.881583171489739748e+00,-1.736499999999995580e+01,1.955058159337001999e+00
1.820583171489739804e+00,-1.722899999999995657e+01,1.955058159337001999e+00
1.759583171489739861e+00,-1.709199999999995612e+01,1.955058159337001999e+00
1.718583171489739936e+00,-1.700099999999995504e+01,1.937058159337001984e+00
1.648583171489739874e+00,-1.683499999999995467e+01,1.937058159337001984e+00
1.600583171489739831e+00,-1.672099999999995390e+01,1.955058159337001999e+00
1.540583171489739778e+00,-1.658499999999995467e+01,1.955058159337001999e+00
1.488583171489739732e+00,-1.646799999999995379e+01,1.955058159337001999e+00
1.427583171489739788e+00,-1.633099999999995333e+01,1.955058159337001999e+00
1.366583171489739845e+00,-1.619599999999995177e+01,1.955058159337001999e+00
1.312583171489739797e+00,-1.607799999999995322e+01,1.972058159337001904e+00
1.249583171489739852e+00,-1.594099999999995276e+01,1.972058159337001904e+00
1.186583171489739907e+00,-1.580399999999995231e+01,1.972058159337001904e+00
1.123583171489739962e+00,-1.566699999999995185e+01,1.972058159337001904e+00
1.072583171489740028e+00,-1.555399999999995231e+01,1.972058159337001904e+00
1.019583171489740092e+00,-1.544199999999995221e+01,1.990058159337001920e+00
9.375831714897401303e-01,-1.527199999999995228e+01,1.990058159337001920e+00
8.885831714897400868e-01,-1.516999999999995197e+01,1.972058159337001904e+00
8.345831714897400389e-01,-1.505499999999995175e+01,1.972058159337001904e+00
7.745831714897399856e-01,-1.492699999999995164e+01,1.990058159337001920e+00
7.125831714897399305e-01,-1.479899999999995153e+01,2.007058159337002046e+00
6.565831714897398808e-01,-1.468499999999995076e+01,2.007058159337002046e+00
5.875831714897399305e-01,-1.455199999999994986e+01,2.007058159337002046e+00
5.195831714897398701e-01,-1.441899999999995075e+01,2.007058159337002046e+00
4.595831714897398723e-01,-1.430499999999994998e+01,2.007058159337002046e+00
3.895831714897398657e-01,-1.417199999999995086e+01,2.024058159337001950e+00
3.195831714897398590e-01,-1.403899999999995174e+01,2.024058159337001950e+00
2.505831714897398532e-01,-1.390699999999995207e+01,2.024058159337001950e+00
1.705831714897398377e-01,-1.375499999999995282e+01,2.024058159337001950e+00
1.005831714897398310e-01,-1.362299999999995315e+01,2.024058159337001950e+00
4.058317148973983324e-02,-1.350899999999995238e+01,2.024058159337001950e+00
-2.541682851026016987e-02,-1.337999999999995282e+01,2.007058159337002046e+00
-9.341682851026017476e-02,-1.324699999999995370e+01,2.007058159337002046e+00
-1.514168285102601708e-01,-1.313299999999995293e+01,2.007058159337002046e+00
-2.194168285102601756e-01,-1.299999999999995381e+01,2.007058159337002046e+00
-2.864168285102601796e-01,-1.286699999999995470e+01,2.007058159337002046e+00
-3.534168285102601836e-01,-1.273399999999995558e+01,2.007058159337002046e+00
-4.114168285102601796e-01,-1.261999999999995481e+01,2.007058159337002046e+00
-4.784168285102601836e-01,-1.248699999999995569e+01,2.007058159337002046e+00
-5.464168285102601885e-01,-1.235299999999995535e+01,2.007058159337002046e+00
-6.204168285102601432e-01,-1.220499999999995566e+01,2.007058159337002046e+00
-6.854168285102602010e-01,-1.207899999999995622e+01,2.024058159337001950e+00
-7.554168285102602631e-01,-1.195399999999995622e+01,2.042058159337001744e+00
-8.254168285102603253e-01,-1.183099999999995688e+01,2.059058159337001648e+00
-8.884168285102602702e-01,-1.172699999999995768e+01,2.094058159337001790e+00
-9.654168285102602276e-01,-1.160799999999995791e+01,2.112058159337001584e+00
-1.046416828510260189e+00,-1.148699999999995747e+01,2.129058159337001488e+00
-1.130416828510260263e+00,-1.136799999999995769e+01,2.147058159337001282e+00
-1.202416828510260327e+00,-1.126799999999995805e+01,2.164058159337001186e+00
-1.275416828510260281e+00,-1.116799999999995840e+01,2.164058159337001186e+00
-1.366416828510260251e+00,-1.104899999999995863e+01,2.182058159337000980e+00
-1.481416828510260242e+00,-1.089799999999995883e+01,2.182058159337000980e+00
-1.553416828510260306e+00,-1.080099999999995930e+01,2.164058159337001186e+00
-1.637416828510260380e+00,-1.068699999999995853e+01,2.147058159337001282e+00
-1.707416828510260443e+00,-1.058699999999995889e+01,2.129058159337001488e+00
-1.797416828510260522e+00,-1.045099999999995966e+01,2.112058159337001584e+00
-1.863416828510260581e+00,-1.034899999999995934e+01,2.094058159337001790e+00
-1.937416828510260647e+00,-1.022699999999995946e+01,2.059058159337001648e+00
-1.997416828510260700e+00,-1.012199999999995903e+01,2.042058159337001744e+00
-2.056416828510260864e+00,-1.001399999999995849e+01,2.024058159337001950e+00
-2.129416828510260817e+00,-9.869999999999958362e+00,2.007058159337002046e+00
-2.183416828510260643e+00,-9.760999999999958376e+00,1.990058159337002142e+00
-2.245416828510260476e+00,-9.617999999999957694e+00,1.955058159337002222e+00
-2.293416828510260519e+00,-9.506999999999957041e+00,1.955058159337002222e+00
-2.367416828510260363e+00,-9.338999999999957780e+00,1.972058159337002126e+00
-2.421416828510260189e+00,-9.226999999999957680e+00,1.990058159337002142e+00
-2.485416828510260245e+00,-9.093999999999958561e+00,1.990058159337002142e+00
-2.549416828510260302e+00,-8.960999999999959442e+00,2.007058159337002046e+00
-2.605416828510260352e+00,-8.846999999999958675e+00,2.007058159337002046e+00
-2.673416828510260412e+00,-8.713999999999959556e+00,2.007058159337002046e+00
-2.730416828510260352e+00,-8.599999999999958789e+00,2.007058159337002046e+00
-2.808416828510260199e+00,-8.446999999999958320e+00,2.007058159337002046e+00
-2.866416828510260029e+00,-8.332999999999957552e+00,2.007058159337002046e+00
-2.934416828510260089e+00,-8.199999999999956657e+00,2.007058159337002046e+00
-2.992416828510259919e+00,-8.085999999999955890e+00,2.007058159337002046e+00
-3.059416828510260089e+00,-7.952999999999955882e+00,2.007058159337002046e+00
-3.146416828510260277e+00,-7.781999999999955620e+00,2.007058159337002046e+00
-3.204416828510260107e+00,-7.667999999999955740e+00,2.007058159337002046e+00
-3.272416828510480435e+00,-7.534999999999955733e+00,2.007220175968535081e+00
-3.339416828510480606e+00,-7.401999999999955726e+00,2.007220175968535081e+00
-3.398416828510480769e+00,-7.286999999999955513e+00,2.007220175968535081e+00
-3.463416828510480716e+00,-7.156999999999955620e+00,2.007220175968535081e+00
-3.520416828510480656e+00,-7.046999999999955300e+00,2.024220175968534985e+00
-3.590416828510480496e+00,-6.913999999999955293e+00,2.024220175968534985e+00
-3.660416828510480336e+00,-6.781999999999955620e+00,2.024220175968534985e+00
-3.730416828510480176e+00,-6.648999999999955612e+00,2.024220175968534985e+00
-3.790416828510480229e+00,-6.535999999999955179e+00,2.024220175968534985e+00
-3.871416828510480190e+00,-6.383999999999955044e+00,2.024220175968534985e+00
-3.941416828510480030e+00,-6.251999999999955371e+00,2.024220175968534985e+00
-4.001416828510479640e+00,-6.137999999999955492e+00,2.024220175968534985e+00
-4.071416828510479924e+00,-6.004999999999955484e+00,2.024220175968534985e+00
-4.141416828510480208e+00,-5.871999999999955477e+00,2.024220175968534985e+00
-4.211416828510480492e+00,-5.738999999999955470e+00,2.024220175968534985e+00
-4.271416828510480101e+00,-5.624999999999955591e+00,2.024220175968534985e+00
-4.341416828510480386e+00,-5.492999999999955918e+00,2.024220175968534985e+00
-4.411416828510480670e+00,-5.361999999999955691e+00,2.042220175968534779e+00
-4.471416828510480279e+00,-5.248999999999955257e+00,2.042220175968534779e+00
-4.541416828510480563e+00,-5.116999999999955584e+00,2.024220175968534985e+00
-4.601416828510480173e+00,-5.003999999999955151e+00,2.024220175968534985e+00
-4.691416828510480030e+00,-4.834999999999955556e+00,2.024220175968534985e+00
-4.751416828510479640e+00,-4.721999999999955122e+00,2.024220175968534985e+00
-4.821416828510479924e+00,-4.588999999999955115e+00,2.042220175968534779e+00
-4.891416828510480208e+00,-4.457999999999954888e+00,2.042220175968534779e+00
-4.935416828510479803e+00,-4.376999999999954483e+00,2.024220175968534985e+00
-5.011416828510479426e+00,-4.233999999999954689e+00,2.042220175968534779e+00
-5.071416828510479036e+00,-4.125999999999955037e+00,2.042220175968534779e+00
-5.131416828510478645e+00,-4.018999999999954831e+00,2.059220175968534683e+00
-5.207416828510478268e+00,-3.890999999999954717e+00,2.077220175968534477e+00
-5.284416828510478226e+00,-3.761999999999954714e+00,2.077220175968534477e+00
-5.361416828510478183e+00,-3.634999999999954490e+00,2.077220175968534477e+00
-5.449416828510478261e+00,-3.489999999999954472e+00,2.077220175968534477e+00
-5.526416828510478219e+00,-3.362999999999954248e+00,2.077220175968534477e+00
-5.603416828510478176e+00,-3.235999999999954468e+00,2.077220175968534477e+00
-5.680416828510478133e+00,-3.109999999999954579e+00,2.077220175968534477e+00
-5.746416828510477970e+00,-3.000999999999954593e+00,2.077220175968534477e+00
-5.834416828510478048e+00,-2.854999999999954685e+00,2.077220175968534477e+00
-5.900416828510477885e+00,-2.746999999999954589e+00,2.077220175968534477e+00
-5.955416828510477600e+00,-2.655999999999954397e+00,2.077220175968534477e+00
-6.043416828510477679e+00,-2.509999999999954490e+00,2.077220175968534477e+00
-6.109416828510477515e+00,-2.401999999999954394e+00,2.077220175968534477e+00
-6.186416828510477472e+00,-2.274999999999954170e+00,2.077220175968534477e+00
-6.252416828510477309e+00,-2.166999999999954074e+00,2.077220175968534477e+00
-6.352416828510476954e+00,-2.002999999999953928e+00,2.077220175968534477e+00
-6.429416828510476911e+00,-1.875999999999953927e+00,2.077220175968534477e+00
-6.495416828510476748e+00,-1.767999999999953831e+00,2.077220175968534477e+00
-6.572416828510476705e+00,-1.640999999999953829e+00,2.077220175968534477e+00
-6.638416828510476542e+00,-1.532999999999953733e+00,2.077220175968534477e+00
-6.726416828510476620e+00,-1.386999999999953825e+00,2.077220175968534477e+00
-6.792416828510476456e+00,-1.278999999999953729e+00,2.077220175968534477e+00
-6.869416828510476414e+00,-1.152999999999953840e+00,2.077220175968534477e+00
-6.935416828510476250e+00,-1.043999999999953854e+00,2.077220175968534477e+00
-7.012416828510476208e+00,-9.179999999999538529e-01,2.077220175968534477e+00
-7.089416828510476165e+00,-7.899999999999538502e-01,2.077220175968534477e+00
-7.155416828510476002e+00,-6.809999999999538645e-01,2.077220175968534477e+00
-7.254416828510476201e+00,-5.179999999999538307e-01,2.077220175968534477e+00
-7.353416828510476400e+00,-3.549999999999537970e-01,2.077220175968534477e+00
-7.430416828510476357e+00,-2.279999999999537952e-01,2.077220175968534477e+00
-7.496416828510476194e+00,-1.189999999999537955e-01,2.077220175968534477e+00
-7.573416828510476151e+00,7.000000000046205373e-03,2.077220175968534477e+00
-7.658416828510476115e+00,1.480000000000462057e-01,2.077220175968534477e+00
-7.713416828510475831e+00,2.400000000000462042e-01,2.059220175968534683e+00
-7.789416828510475455e+00,3.670000000000461782e-01,2.077220175968534477e+00
-7.853416828510475511e+00,4.740000000000461622e-01,2.077220175968534477e+00
-7.949416828510475597e+00,6.280000000000461879e-01,2.094220175968534381e+00
-8.015416828510476321e+00,7.340000000000461711e-01,2.112220175968534175e+00
-8.108416828510476293e+00,8.770000000000461871e-01,2.112220175968534175e+00
-8.178416828510476577e+00,9.830000000000461702e-01,2.112220175968534175e+00
-8.250416828510475753e+00,1.091000000000046155e+00,2.112220175968534175e+00
-8.334416828510475383e+00,1.216000000000046155e+00,2.112220175968534175e+00
-8.418416828510475014e+00,1.342000000000046267e+00,2.112220175968534175e+00
-8.502416828510474645e+00,1.468000000000046157e+00,2.129220175968534079e+00
-8.574416828510473820e+00,1.575000000000046141e+00,2.129220175968534079e+00
-8.646416828510472996e+00,1.683000000000046237e+00,2.129220175968534079e+00
-8.730416828510472627e+00,1.809000000000046349e+00,2.129220175968534079e+00
-8.814416828510472257e+00,1.935000000000046239e+00,2.129220175968534079e+00
-8.922416828510472797e+00,2.097000000000046160e+00,2.129220175968534079e+00
-8.994416828510471973e+00,2.203000000000046033e+00,2.129220175968534079e+00
-9.090416828510472058e+00,2.346000000000045826e+00,2.129220175968534079e+00
-9.162416828510471234e+00,2.452000000000045699e+00,2.129220175968534079e+00
-9.270416828510471774e+00,2.613000000000045731e+00,2.129220175968534079e+00
-9.342416828510470950e+00,2.720000000000045937e+00,2.129220175968534079e+00
-9.414416828510470125e+00,2.828000000000046033e+00,2.129220175968534079e+00
-9.509416828510470765e+00,2.970000000000045937e+00,2.129220175968534079e+00
-9.561416828510470367e+00,3.049000000000046118e+00,2.094220175968533937e+00
-9.638416828510470324e+00,3.175000000000046008e+00,2.094220175968533937e+00
-9.727416828510470737e+00,3.321000000000045915e+00,2.077220175968534033e+00
-9.816416828510471149e+00,3.466000000000045933e+00,2.077220175968534033e+00
-9.882416828510471873e+00,3.575000000000045919e+00,2.077220175968534033e+00
-9.948416828510472598e+00,3.684000000000045905e+00,2.077220175968534033e+00
-1.002641682851047200e+01,3.813000000000045908e+00,2.077220175968534033e+00
-1.010341682851047196e+01,3.940000000000045688e+00,2.077220175968534033e+00
-1.018041682851047192e+01,4.067000000000045468e+00,2.077220175968534033e+00
-1.025741682851047187e+01,4.195000000000045581e+00,2.077220175968534033e+00
-1.034541682851047106e+01,4.340000000000045155e+00,2.077220175968534033e+00
-1.041141682851047179e+01,4.448000000000044807e+00,2.077220175968534033e+00
-1.049941682851047098e+01,4.586000000000044707e+00,2.094220175968533937e+00
-1.056641682851047115e+01,4.692000000000044579e+00,2.112220175968533731e+00
-1.063641682851047143e+01,4.800000000000044231e+00,2.112220175968533731e+00
-1.071941682851047162e+01,4.924000000000043897e+00,2.112220175968533731e+00
-1.078941682851047190e+01,5.031000000000044103e+00,2.112220175968533731e+00
-1.087341682851047153e+01,5.157000000000044437e+00,2.112220175968533731e+00
-1.095641682851047172e+01,5.281000000000044103e+00,2.112220175968533731e+00
-1.104041682851047135e+01,5.407000000000044437e+00,2.112220175968533731e+00
-1.113641682851047143e+01,5.550000000000044231e+00,2.112220175968533731e+00
-1.123241682851047152e+01,5.693000000000044025e+00,2.112220175968533731e+00
-1.130441682851047069e+01,5.800000000000044231e+00,2.129220175968533635e+00
-1.137641682851046987e+01,5.907000000000044437e+00,2.129220175968533635e+00
-1.146041682851046950e+01,6.033000000000044771e+00,2.129220175968533635e+00
-1.154341682851046968e+01,6.157000000000044437e+00,2.112220175968533731e+00
-1.162741682851046932e+01,6.283000000000044771e+00,2.129220175968533635e+00
-1.168741682851046981e+01,6.373000000000044629e+00,2.129220175968533635e+00
-1.178341682851046990e+01,6.516000000000044423e+00,2.129220175968533635e+00
-1.187941682851046998e+01,6.659000000000044217e+00,2.129220175968533635e+00
-1.195141682851046916e+01,6.765000000000044089e+00,2.129220175968533635e+00
-1.201641682851046866e+01,6.861000000000044174e+00,2.094220175968533493e+00
-1.210441682851046785e+01,7.004000000000043968e+00,2.077220175968533589e+00
-1.218241682851046725e+01,7.133000000000043528e+00,2.077220175968533589e+00
-1.224841682851046798e+01,7.242000000000043514e+00,2.077220175968533589e+00
-1.232541682851046794e+01,7.368000000000043848e+00,2.077220175968533589e+00
-1.239641682851046767e+01,7.490000000000043734e+00,2.059220175968533795e+00
-1.245641682851046816e+01,7.597000000000043940e+00,2.042220175968533891e+00
-1.252441682851046778e+01,7.722000000000043940e+00,2.024220175968534097e+00
-1.258241682851046761e+01,7.833000000000043705e+00,2.007220175968534193e+00
-1.267641682851046703e+01,8.014000000000043755e+00,2.042220175968534335e+00
-1.273841682851046642e+01,8.119000000000044182e+00,2.094220175968534381e+00
-1.282041682851046716e+01,8.236000000000045063e+00,2.164220175968534221e+00
-1.289341682851046755e+01,8.332000000000045148e+00,2.182220175968534015e+00
-1.300741682851046832e+01,8.474000000000044608e+00,2.216220175968533823e+00
-1.309841682851046762e+01,8.585000000000045262e+00,2.234220175968533617e+00
-1.317841682851046770e+01,8.681000000000045347e+00,2.234220175968533617e+00
-1.327341682851046833e+01,8.793000000000045446e+00,2.251220175968533521e+00
-1.335641682851046852e+01,8.889000000000045532e+00,2.251220175968533521e+00
-1.346541682851046851e+01,9.014000000000045532e+00,2.251220175968533521e+00
-1.354341682851046791e+01,9.105000000000044835e+00,2.234220175968533617e+00
-1.363441682851046721e+01,9.212000000000044153e+00,2.216220175968533823e+00
-1.372541682851046652e+01,9.323000000000044807e+00,2.199220175968533919e+00
-1.379941682851046636e+01,9.419000000000044892e+00,2.182220175968534015e+00
-1.388841682851046677e+01,9.537000000000045219e+00,2.164220175968534221e+00
-1.396541682851046673e+01,9.640000000000044977e+00,2.164220175968534221e+00
-1.407941682851046750e+01,9.793000000000045446e+00,2.164220175968534221e+00
-1.415541682851046801e+01,9.897000000000044651e+00,2.164220175968534221e+00
-1.424341682851046720e+01,1.001700000000004387e+01,2.164220175968534221e+00
-1.433141682851046639e+01,1.013700000000004309e+01,2.164220175968534221e+00
-1.440641682851046568e+01,1.024100000000004229e+01,2.147220175968534317e+00
-1.447241682851046640e+01,1.033400000000004226e+01,2.112220175968534175e+00
-1.454341682851046613e+01,1.044100000000004158e+01,2.112220175968534175e+00
-1.463841682851046677e+01,1.058500000000004171e+01,2.112220175968534175e+00
-1.470941682851046650e+01,1.069300000000004225e+01,2.112220175968534175e+00
-1.478141682851046568e+01,1.080100000000004279e+01,2.112220175968534175e+00
-1.488741682851046555e+01,1.096200000000004238e+01,2.112220175968534175e+00
-1.495841682851046528e+01,1.107000000000004292e+01,2.112220175968534175e+00
-1.503641682851046468e+01,1.119100000000004336e+01,2.094220175968534381e+00
-1.510241682851046541e+01,1.129400000000004312e+01,2.094220175968534381e+00
-1.518741682851046626e+01,1.143200000000004302e+01,2.094220175968534381e+00
-1.525341682851046698e+01,1.153600000000004222e+01,2.112220175968534175e+00
-1.533041682851046694e+01,1.165400000000004255e+01,2.112220175968534175e+00
-1.541741682851046669e+01,1.179000000000004178e+01,2.094220175968534381e+00
-1.548941682851046586e+01,1.191300000000004111e+01,2.042220175968534335e+00
-1.555241682851046647e+01,1.204000000000004178e+01,1.972220175968534273e+00
-1.559741682851046640e+01,1.215100000000004243e+01,1.902220175968534210e+00
-1.562741682851046576e+01,1.225200000000004330e+01,1.780220175968534324e+00
-1.565441682851046501e+01,1.239200000000004387e+01,1.693220175968534358e+00
-1.567041682851046502e+01,1.253200000000004444e+01,1.588220175968534376e+00
-1.567241682851046569e+01,1.265200000000004366e+01,1.518220175968534313e+00
-1.566441682851046657e+01,1.281200000000004380e+01,1.431220175968534347e+00
-1.564541682851046644e+01,1.295200000000004437e+01,1.361220175968534285e+00
-1.561941682851046664e+01,1.309200000000004493e+01,1.344220175968534381e+00
-1.558941682851046728e+01,1.323400000000004439e+01,1.326220175968534365e+00
-1.556441682851046693e+01,1.335400000000004361e+01,1.326220175968534365e+00
-1.553041682851046623e+01,1.349300000000004296e+01,1.257220175968534415e+00
-1.548241682851046619e+01,1.362800000000004275e+01,1.134220175968534416e+00
-1.542941682851046536e+01,1.373800000000004218e+01,1.047220175968534450e+00
-1.535841682851046563e+01,1.386000000000004206e+01,9.602201759685344840e-01
-1.527941682851046501e+01,1.397900000000004184e+01,9.252201759685344529e-01
-1.519341682851046471e+01,1.410100000000004172e+01,9.252201759685344529e-01
-1.509841682851046407e+01,1.423500000000004206e+01,9.422201759685344680e-01
-1.504241682851046491e+01,1.432500000000004192e+01,1.012220175968534530e+00
-1.498841682851046464e+01,1.443100000000004179e+01,1.099220175968534496e+00
-1.493641682851046504e+01,1.456400000000004269e+01,1.222220175968534495e+00
-1.490141682851046490e+01,1.468300000000004246e+01,1.291220175968534445e+00
-1.486241682851046519e+01,1.486200000000004273e+01,1.361220175968534507e+00
-1.484641682851046518e+01,1.498200000000004195e+01,1.431220175968534569e+00
-1.483741682851046484e+01,1.512200000000004252e+01,1.501220175968534631e+00
-1.483841682851046428e+01,1.526200000000004309e+01,1.588220175968534598e+00
-1.484641682851046340e+01,1.538200000000004231e+01,1.623220175968534518e+00
-1.486041682851046275e+01,1.552500000000004299e+01,1.658220175968534438e+00
-1.487541682851046332e+01,1.566700000000004245e+01,1.658220175968534438e+00
-1.488741682851046377e+01,1.578800000000004289e+01,1.641220175968534534e+00
-1.490541682851046446e+01,1.597500000000004228e+01,1.641220175968534534e+00
-1.491741682851046491e+01,1.609500000000004150e+01,1.641220175968534534e+00
-1.493341682851046492e+01,1.625500000000004164e+01,1.623220175968534518e+00
-1.494341682851046471e+01,1.635500000000004306e+01,1.641220175968534534e+00
-1.495041682851046438e+01,1.651500000000004320e+01,1.518220175968534535e+00
-1.494041682851046460e+01,1.663400000000004297e+01,1.361220175968534507e+00
-1.492741682851046470e+01,1.669400000000004169e+01,1.257220175968534415e+00
-1.490041682851046545e+01,1.676600000000004087e+01,1.134220175968534416e+00
-1.487541682851046509e+01,1.681800000000004047e+01,1.065220175968534466e+00
-1.484241682851046562e+01,1.687600000000004030e+01,1.030220175968534546e+00
-1.480241682851046647e+01,1.694000000000004036e+01,9.422201759685345790e-01
-1.479041682851046602e+01,1.695900000000003871e+01,9.422201759685345790e-01
-1.478941682851046657e+01,1.695500000000003737e+01,1.361220175968534507e+00
-1.478041682851046623e+01,1.700300000000003564e+01,1.257220175968534415e+00
-1.475141682851046632e+01,1.707100000000003703e+01,1.012220175968534530e+00
-1.472841682851046663e+01,1.710400000000003828e+01,8.382201759685345976e-01
-1.469241682851046704e+01,1.714000000000003965e+01,6.632201759685346643e-01
-1.469241682851046704e+01,1.714000000000003965e+01,6.632201759685346643e-01
-1.469241682851046704e+01,1.714000000000003965e+01,6.632201759685346643e-01
-1.469241682851046704e+01,1.714000000000003965e+01,6.632201759685346643e-01
-1.469241682851046704e+01,1.714000000000003965e+01,6.632201759685346643e-01
-1.469241682851046704e+01,1.714000000000003965e+01,6.632201759685346643e-01
-1.469241682851046704e+01,1.714000000000003965e+01,6.632201759685346643e-01
-1.469241682851046704e+01,1.714000000000003965e+01,6.632201759685346643e-01
-1.469241682851046704e+01,1.714000000000003965e+01,6.632201759685346643e-01
-1.469241682851046704e+01,1.714000000000003965e+01,6.632201759685346643e-01
-1.469241682851046704e+01,1.714000000000003965e+01,6.632201759685346643e-01
-1.469241682851046704e+01,1.714000000000003965e+01,6.632201759685346643e-01
-1.469241682851046704e+01,1.714000000000003965e+01,6.632201759685346643e-01
-1.469241682851046704e+01,1.714000000000003965e+01,6.632201759685346643e-01
-1.469241682851046704e+01,1.714000000000003965e+01,6.632201759685346643e-01
-1.469241682851046704e+01,1.714000000000003965e+01,6.632201759685346643e-01
-1.469241682851046704e+01,1.714000000000003965e+01,6.632201759685346643e-01
-1.469241682851046704e+01,1.714000000000003965e+01,6.632201759685346643e-01
-1.469241682851046704e+01,1.714000000000003965e+01,6.632201759685346643e-01
-1.469241682851046704e+01,1.714000000000003965e+01,6.632201759685346643e-01
-1.469241682851046704e+01,1.714000000000003965e+01,6.632201759685346643e-01
-1.469241682851046704e+01,1.714000000000003965e+01,6.632201759685346643e-01
-1.469241682851046704e+01,1.714000000000003965e+01,6.632201759685346643e-01
-1.469241682851046704e+01,1.714000000000003965e+01,6.632201759685346643e-01
-1.469241682851046704e+01,1.714000000000003965e+01,6.632201759685346643e-01
-1.469241682851046704e+01,1.714000000000003965e+01,6.632201759685346643e-01
-1.469241682851046704e+01,1.714000000000003965e+01,6.632201759685346643e-01
-1.469241682851046704e+01,1.714000000000003965e+01,6.632201759685346643e-01
-1.469241682851046704e+01,1.714000000000003965e+01,6.632201759685346643e-01
-1.469241682851046704e+01,1.714000000000003965e+01,6.632201759685346643e-01
-1.469241682851046704e+01,1.714000000000003965e+01,6.632201759685346643e-01
-1.469241682851046704e+01,1.714000000000003965e+01,6.632201759685346643e-01
-1.469241682851046704e+01,1.714000000000003965e+01,6.632201759685346643e-01
-1.469241682851046704e+01,1.714000000000003965e+01,6.632201759685346643e-01
-1.469241682851046704e+01,1.714000000000003965e+01,6.632201759685346643e-01
-1.469241682851046704e+01,1.714000000000003965e+01,6.632201759685346643e-01
-1.469241682851046704e+01,1.714000000000003965e+01,6.632201759685346643e-01
-1.469241682851046704e+01,1.714000000000003965e+01,6.632201759685346643e-01
-1.469241682851046704e+01,1.714000000000003965e+01,6.632201759685346643e-01
-1.469241682851046704e+01,1.714000000000003965e+01,6.632201759685346643e-01
-1.469241682851046704e+01,1.714000000000003965e+01,6.632201759685346643e-01
-1.469241682851046704e+01,1.714000000000003965e+01,6.632201759685346643e-01
-1.469241682851046704e+01,1.714000000000003965e+01,6.632201759685346643e-01
-1.469241682851046704e+01,1.714000000000003965e+01,6.632201759685346643e-01
-1.469241682851046704e+01,1.714000000000003965e+01,6.632201759685346643e-01
-1.469241682851046704e+01,1.714000000000003965e+01,6.632201759685346643e-01
-1.469241682851046704e+01,1.714000000000003965e+01,6.632201759685346643e-01
-1.469241682851046704e+01,1.714000000000003965e+01,6.632201759685346643e-01
-1.469241682851046704e+01,1.714000000000003965e+01,6.812201759685346802e-01
-1.469241682851046704e+01,1.714000000000003965e+01,6.812201759685346802e-01
-1.469241682851046704e+01,1.714000000000003965e+01,6.812201759685346802e-01
-1.469241682851046704e+01,1.714000000000003965e+01,6.812201759685346802e-01
-1.469241682851046704e+01,1.714000000000003965e+01,6.812201759685346802e-01
-1.469241682851046704e+01,1.714000000000003965e+01,6.812201759685346802e-01
-1.469241682851046704e+01,1.714000000000003965e+01,6.812201759685346802e-01
-1.469241682851046704e+01,1.714000000000003965e+01,6.812201759685346802e-01
-1.469241682851046704e+01,1.714000000000003965e+01,6.812201759685346802e-01
-1.469241682851046704e+01,1.714000000000003965e+01,6.812201759685346802e-01
-1.469241682851046704e+01,1.714000000000003965e+01,6.812201759685346802e-01
-1.469241682851046704e+01,1.714000000000003965e+01,6.812201759685346802e-01
-1.469241682851046704e+01,1.714000000000003965e+01,6.812201759685346802e-01
-1.469241682851046704e+01,1.714000000000003965e+01,6.632201759685346643e-01
-1.469241682851046704e+01,1.714000000000003965e+01,5.412201759685346669e-01
-1.469141682851046760e+01,1.714000000000003965e+01,4.542201759685348117e-01
-1.456341682851046748e+01,1.718600000000003902e+01,1.922201759685348010e-01
-1.444341682851046826e+01,1.720100000000003959e+01,-1.777982403146518425e-02
-1.434341682851046862e+01,1.719100000000003803e+01,-2.439651312110513726e-01
-1.417241682851046924e+01,1.712700000000003797e+01,-5.239651312110513715e-01
-1.402041682851047000e+01,1.702800000000003777e+01,-6.979651312110513039e-01
-1.392841682851046947e+01,1.695000000000003837e+01,-7.679651312110513661e-01
-1.382141682851047015e+01,1.685300000000003706e+01,-7.849651312110513812e-01
-1.373241682851046974e+01,1.676900000000003743e+01,-7.849651312110513812e-01
-1.364341682851046933e+01,1.668600000000003902e+01,-7.679651312110513661e-01
-1.351941682851046878e+01,1.658400000000003871e+01,-6.629651312110513839e-01
-1.341741682851046846e+01,1.651900000000003743e+01,-5.579651312110514016e-01
-1.329041682851046779e+01,1.645600000000003860e+01,-4.539651312110513093e-01
-1.317741682851046825e+01,1.641100000000003689e+01,-3.839651312110512471e-01
-1.304241682851046846e+01,1.636500000000003752e+01,-3.139651312110512404e-01
-1.292741682851046825e+01,1.633500000000003638e+01,-2.269651312110512464e-01
-1.282241682851046782e+01,1.632000000000003581e+01,-1.399651312110513079e-01
-1.268241682851046725e+01,1.631000000000003425e+01,-6.996513121105130129e-02
-1.254241682851046669e+01,1.630900000000003303e+01,-1.777982403146502466e-02
-1.240241682851046612e+01,1.631100000000003192e+01,2.201759685349739815e-04
-1.228241682851046690e+01,1.631700000000003214e+01,3.522017596853498078e-02
-1.214041682851046744e+01,1.632600000000003249e+01,5.222017596853498200e-02
-1.200041682851046687e+01,1.634000000000003183e+01,7.022017596853498411e-02
-1.188041682851046765e+01,1.635200000000003229e+01,8.722017596853498533e-02
-1.170041682851046794e+01,1.638100000000003220e+01,1.742201759685349793e-01
-1.158041682851046872e+01,1.640900000000003089e+01,2.272201759685349709e-01
-1.144341682851046826e+01,1.645300000000003138e+01,2.972201759685348943e-01
-1.132941682851046750e+01,1.649600000000003064e+01,3.662201759685349001e-01
-1.120141682851046738e+01,1.655600000000002936e+01,4.362201759685349067e-01
-1.104341682851046791e+01,1.664700000000003044e+01,5.242201759685348739e-01
-1.092341682851046869e+01,1.672500000000002984e+01,5.412201759685348890e-01
-1.086441682851046941e+01,1.676300000000003010e+01,5.412201759685348890e-01
-1.074641682851046909e+01,1.684200000000003072e+01,5.582201759685349041e-01
-1.062841682851046876e+01,1.692500000000002913e+01,5.762201759685349201e-01
-1.052541682851046900e+01,1.699800000000002953e+01,5.762201759685349201e-01
-1.039041682851046922e+01,1.709600000000002851e+01,5.932201759685349352e-01
-1.028841682851046890e+01,1.717300000000003024e+01,5.932201759685349352e-01
-1.017141682851046802e+01,1.725900000000002876e+01,6.112201759685349511e-01
-1.005941682851046792e+01,1.734800000000002740e+01,6.462201759685349822e-01
-9.967416828510467397e+00,1.742600000000002680e+01,6.812201759685350133e-01
-9.832416828510467610e+00,1.754500000000002657e+01,7.152201759685350435e-01
-9.744416828510468420e+00,1.762800000000002498e+01,7.332201759685350595e-01
-9.626416828510468093e+00,1.774100000000002453e+01,7.502201759685350746e-01
-9.556416828510467809e+00,1.781100000000002481e+01,7.682201759685350906e-01
-9.458416828510467056e+00,1.791200000000002390e+01,7.852201759685351057e-01
-9.365416828510467084e+00,1.801700000000002433e+01,8.032201759685351217e-01
-9.287416828510467681e+00,1.810700000000002419e+01,8.202201759685351368e-01
-9.195416828510467155e+00,1.821800000000002484e+01,8.382201759685351528e-01
-9.088416828510467838e+00,1.834600000000002495e+01,8.382201759685351528e-01
-8.983416828510467411e+00,1.847600000000002396e+01,8.382201759685351528e-01
-8.905416828510468008e+00,1.856900000000002393e+01,8.382201759685351528e-01
-8.827416828510468605e+00,1.865900000000002379e+01,8.202201759685351368e-01
-8.736416828510469301e+00,1.876400000000002422e+01,8.032201759685351217e-01
-8.601416828510469514e+00,1.891200000000002390e+01,7.682201759685350906e-01
-8.503416828510468761e+00,1.901100000000002410e+01,7.502201759685350746e-01
-8.403416828510469117e+00,1.910900000000002308e+01,7.332201759685350595e-01
-8.299416828510469912e+00,1.920400000000002194e+01,6.982201759685350284e-01
-8.178416828510469472e+00,1.930800000000002115e+01,6.632201759685349973e-01
-8.068416828510470040e+00,1.939900000000002223e+01,6.282201759685349662e-01
-7.952416828510470381e+00,1.949000000000002331e+01,6.282201759685349662e-01
-7.834416828510470054e+00,1.958100000000002439e+01,6.282201759685349662e-01
-7.738416828510469969e+00,1.965700000000002490e+01,6.282201759685349662e-01
-7.641416828510469550e+00,1.973400000000002663e+01,6.462201759685349822e-01
-7.526416828510469337e+00,1.982500000000002771e+01,6.462201759685349822e-01
-7.427416828510469138e+00,1.990300000000002711e+01,6.462201759685349822e-01
-7.265416828510469216e+00,2.003300000000002612e+01,6.282201759685349662e-01
-7.183416828510469365e+00,2.009800000000002740e+01,6.282201759685349662e-01
-7.048416828510469578e+00,2.020200000000002660e+01,6.282201759685349662e-01
-6.949416828510469379e+00,2.027900000000002834e+01,6.282201759685349662e-01
-6.848416828510469401e+00,2.035700000000002774e+01,6.282201759685349662e-01
-6.730416828510469074e+00,2.044800000000002882e+01,6.282201759685349662e-01
-6.601416828510469514e+00,2.055200000000002802e+01,6.462201759685349822e-01
-6.502416828510469315e+00,2.063000000000002743e+01,6.462201759685349822e-01
-6.407416828510469564e+00,2.070600000000002794e+01,6.462201759685349822e-01
-6.334416828510469166e+00,2.076600000000002666e+01,6.462201759685349822e-01
-6.239416828510469415e+00,2.084300000000002839e+01,6.282201759685349662e-01
-6.086416828510469834e+00,2.096000000000002927e+01,6.282201759685349662e-01
-5.972416828510469955e+00,2.104900000000002791e+01,6.282201759685349662e-01
-5.875416828510469536e+00,2.112200000000002831e+01,5.762201759685349201e-01
-5.743416828510469863e+00,2.121600000000002950e+01,5.762201759685349201e-01
-5.643416828510470218e+00,2.128700000000003101e+01,5.932201759685349352e-01
-5.497416828510470310e+00,2.139500000000003155e+01,6.112201759685349511e-01
-5.401416828510470225e+00,2.146900000000003317e+01,6.282201759685349662e-01
-5.273416828510470111e+00,2.157200000000003470e+01,6.462201759685349822e-01
-5.181416828510470474e+00,2.165000000000003411e+01,6.632201759685349973e-01
-5.091416828510470616e+00,2.172800000000003351e+01,6.812201759685350133e-01
-4.979416828510470516e+00,2.182500000000003482e+01,6.982201759685350284e-01
-4.870416828510470530e+00,2.192300000000003379e+01,6.982201759685350284e-01
-4.765416828510470104e+00,2.201800000000003266e+01,6.982201759685350284e-01
-4.645416828510469998e+00,2.212200000000003186e+01,6.812201759685350133e-01
-4.538416828510469792e+00,2.221300000000003294e+01,6.632201759685349973e-01
-4.442416828510469706e+00,2.229100000000003234e+01,6.462201759685349822e-01
-4.328416828510469827e+00,2.238200000000003342e+01,6.462201759685349822e-01
-4.218416828510469507e+00,2.247300000000003450e+01,6.462201759685349822e-01
-4.123416828510469756e+00,2.255100000000003391e+01,6.632201759685349973e-01
-4.010416828510469323e+00,2.264400000000003388e+01,6.632201759685349973e-01
-3.898416828510469223e+00,2.273900000000003274e+01,6.632201759685349973e-01
-3.789416828510469237e+00,2.283200000000003271e+01,6.632201759685349973e-01
-3.695416828510469376e+00,2.291000000000003212e+01,6.632201759685349973e-01
-3.550416828510469358e+00,2.302700000000003300e+01,6.462201759685349822e-01
-3.452416828510469493e+00,2.310500000000003240e+01,6.462201759685349822e-01
-3.354416828510469628e+00,2.318300000000003180e+01,6.462201759685349822e-01
-3.210416828510469500e+00,2.330000000000003268e+01,6.632201759685349973e-01
-3.117416828510469529e+00,2.337800000000003209e+01,6.632201759685349973e-01
-2.991416828510469639e+00,2.348500000000003141e+01,6.632201759685349973e-01
-2.896416828510469443e+00,2.356400000000003203e+01,6.632201759685349973e-01
-2.786416828510469568e+00,2.365500000000003311e+01,6.632201759685349973e-01
-2.691416828510469372e+00,2.373400000000003374e+01,6.632201759685349973e-01
-2.578416828510469383e+00,2.382600000000003249e+01,6.462201759685349822e-01
-2.462416828510469280e+00,2.391800000000003124e+01,6.462201759685349822e-01
-2.366416828510469195e+00,2.399600000000003064e+01,6.632201759685349973e-01
-2.255416828510468985e+00,2.408800000000002939e+01,6.632201759685349973e-01
-2.159416828510468900e+00,2.416700000000003001e+01,6.632201759685349973e-01
-1.727416828510468960e+00,2.453300000000002967e+01,6.812201759685350133e-01
-1.672416828510469022e+00,2.458100000000002794e+01,6.812201759685350133e-01
-1.544416828510469131e+00,2.468900000000002848e+01,6.812201759685350133e-01
-1.448416828510469045e+00,2.477100000000002922e+01,6.812201759685350133e-01
-1.353416828510469072e+00,2.485300000000002996e+01,6.812201759685350133e-01
-1.209416828510469166e+00,2.497500000000002984e+01,6.812201759685350133e-01
-1.112416828510469191e+00,2.505700000000003058e+01,6.632201759685349973e-01
-9.844168285104691885e-01,2.516500000000003112e+01,6.632201759685349973e-01
-8.884168285104692142e-01,2.524700000000003186e+01,6.632201759685349973e-01
-7.764168285104692258e-01,2.534100000000003305e+01,6.632201759685349973e-01
-6.484168285104692231e-01,2.545000000000003482e+01,6.632201759685349973e-01
-5.364168285104692346e-01,2.554500000000003368e+01,6.632201759685349973e-01
-4.454168285104692648e-01,2.562300000000003308e+01,6.812201759685350133e-01
-3.354168285104692782e-01,2.571800000000003195e+01,6.812201759685350133e-01
-2.234168285104692897e-01,2.581500000000003325e+01,6.982201759685350284e-01
-1.164168285104692918e-01,2.590900000000003445e+01,6.812201759685350133e-01
5.583171489530705522e-03,2.601400000000003487e+01,6.812201759685350133e-01
1.125831714895307034e-01,2.610500000000003595e+01,6.632201759685349973e-01
2.205831714895307161e-01,2.619300000000003692e+01,6.632201759685349973e-01
2.755831714895307094e-01,2.624000000000003752e+01,6.632201759685349973e-01
3.815831714895306925e-01,2.633200000000003627e+01,6.812201759685350133e-01
4.855831714895306739e-01,2.642400000000003502e+01,6.982201759685350284e-01
5.745831714895306419e-01,2.650200000000003442e+01,6.982201759685350284e-01
6.785831714895306233e-01,2.659400000000003317e+01,6.812201759685350133e-01
7.855831714895306073e-01,2.668500000000003425e+01,6.632201759685349973e-01
8.975831714895305957e-01,2.677700000000003300e+01,6.632201759685349973e-01
9.935831714895305700e-01,2.685700000000003129e+01,6.632201759685349973e-01
1.138583171489530477e+00,2.697600000000003106e+01,6.632201759685349973e-01
1.235583171489530452e+00,2.705500000000003169e+01,6.632201759685349973e-01
1.349583171489530553e+00,2.714800000000003166e+01,6.632201759685349973e-01
1.463583171489530654e+00,2.724000000000003041e+01,6.632201759685349973e-01
1.572583171489530640e+00,2.733100000000003149e+01,6.632201759685349973e-01
1.663583171489530610e+00,2.740900000000003089e+01,6.812201759685350133e-01
1.753583171489530690e+00,2.748700000000003030e+01,6.982201759685350284e-01
1.902583171489530711e+00,2.762100000000003064e+01,7.152201759685350435e-01
1.990583171489530789e+00,2.770500000000003027e+01,7.332201759685350595e-01
2.080583171489530869e+00,2.779300000000003124e+01,7.502201759685350746e-01
2.180583171489530958e+00,2.789100000000003021e+01,7.332201759685350595e-01
2.265583171489530923e+00,2.797400000000002862e+01,7.332201759685350595e-01
2.383583171489530805e+00,2.808400000000002805e+01,6.982201759685350284e-01
2.476583171489530777e+00,2.816700000000002646e+01,6.982201759685350284e-01
2.572583171489530862e+00,2.825100000000002609e+01,6.812201759685350133e-01
2.677583171489530844e+00,2.834200000000002717e+01,6.982201759685350284e-01
2.796583171489531061e+00,2.845100000000002893e+01,7.152201759685350435e-01
2.903583171489531267e+00,2.855000000000002913e+01,7.152201759685350435e-01
2.991583171489531345e+00,2.863300000000002754e+01,7.152201759685350435e-01
3.104583171489531335e+00,2.873800000000002797e+01,7.152201759685350435e-01
3.178583171489531178e+00,2.880500000000002814e+01,6.982201759685350284e-01
3.301583171489530955e+00,2.891500000000002757e+01,6.812201759685350133e-01
3.395583171489530816e+00,2.899600000000002709e+01,6.812201759685350133e-01
3.503583171489530912e+00,2.908900000000002706e+01,6.812201759685350133e-01
3.610583171489531118e+00,2.918300000000002825e+01,6.982201759685350284e-01
3.716583171489530990e+00,2.927800000000002711e+01,6.982201759685350284e-01
3.822583171489530862e+00,2.937500000000002842e+01,7.152201759685350435e-01
3.895583171489530816e+00,2.944400000000002748e+01,7.332201759685350595e-01
4.016583171489530812e+00,2.956000000000002714e+01,7.332201759685350595e-01
4.104583171489530891e+00,2.964500000000002800e+01,7.332201759685350595e-01
4.192583171489530969e+00,2.973000000000002885e+01,7.332201759685350595e-01
4.325583171489530976e+00,2.985500000000002885e+01,7.152201759685350435e-01
4.419583171489531281e+00,2.993900000000002848e+01,6.982201759685350284e-01
4.530583171489531047e+00,3.003800000000002868e+01,7.152201759685350435e-01
4.595583171489531438e+00,3.009900000000002862e+01,7.152201759685350435e-01
4.697583171489531750e+00,3.019500000000002871e+01,7.332201759685350595e-01
4.786583171489532162e+00,3.028100000000002723e+01,7.332201759685350595e-01
4.877583171489532354e+00,3.037000000000002586e+01,7.332201759685350595e-01
4.981583171489532447e+00,3.047100000000002495e+01,7.332201759685350595e-01
5.108583171489532226e+00,3.059400000000002606e+01,7.152201759685350435e-01
5.214583171489532099e+00,3.069200000000002504e+01,7.152201759685350435e-01
5.307583171489532070e+00,3.077600000000002467e+01,6.982201759685350284e-01
5.426583171489531843e+00,3.088400000000002521e+01,7.152201759685350435e-01
5.530583171489531935e+00,3.098300000000002541e+01,7.332201759685350595e-01
5.650583171489532042e+00,3.109900000000002507e+01,7.332201759685350595e-01
5.740583171489531900e+00,3.118800000000002370e+01,7.502201759685350746e-01
5.829583171489532312e+00,3.127500000000002345e+01,7.332201759685350595e-01
5.942583171489532745e+00,3.138600000000002410e+01,7.332201759685350595e-01
6.032583171489532603e+00,3.147100000000002495e+01,7.152201759685350435e-01
6.139583171489532809e+00,3.157000000000002515e+01,7.152201759685350435e-01
6.229583171489532667e+00,3.165300000000002356e+01,7.152201759685350435e-01
6.346583171489532660e+00,3.176400000000002422e+01,7.332201759685350595e-01
6.434583171489532738e+00,3.185000000000002274e+01,7.502201759685350746e-01
6.485583171489532894e+00,3.190100000000002112e+01,7.502201759685350746e-01
6.617583171489532567e+00,3.202900000000001768e+01,7.332201759685350595e-01
6.722583171489532994e+00,3.212900000000001910e+01,7.332201759685350595e-01
6.812583171489532852e+00,3.221800000000001774e+01,7.332201759685350595e-01
6.902583171489532710e+00,3.230500000000002103e+01,7.332201759685350595e-01
7.024583171489532596e+00,3.242200000000001836e+01,7.332201759685350595e-01
7.115583171489532788e+00,3.250900000000002166e+01,7.332201759685350595e-01
7.222583171489532994e+00,3.261100000000001842e+01,7.332201759685350595e-01
7.329583171489533200e+00,3.271200000000001751e+01,7.332201759685350595e-01
7.420583171489533392e+00,3.280000000000001847e+01,7.332201759685350595e-01
7.554583171489533733e+00,3.292600000000001614e+01,7.152201759685350435e-01
7.643583171489534145e+00,3.300500000000001677e+01,6.982201759685350284e-01
7.748583171489534571e+00,3.309700000000001552e+01,6.812201759685350133e-01
7.839583171489534763e+00,3.317500000000001847e+01,6.632201759685349973e-01
7.966583171489534543e+00,3.327900000000001768e+01,6.282201759685349662e-01
8.059583171489535403e+00,3.335100000000002041e+01,6.112201759685349511e-01
8.144583171489536255e+00,3.341500000000002046e+01,6.112201759685349511e-01
8.297583171489536724e+00,3.353200000000001779e+01,6.112201759685349511e-01
8.399583171489537037e+00,3.361000000000002075e+01,5.932201759685349352e-01
8.518583171489536809e+00,3.370000000000002416e+01,5.932201759685349352e-01
8.618583171489536454e+00,3.377400000000002223e+01,6.112201759685349511e-01
8.746583171489536568e+00,3.387300000000001887e+01,6.282201759685349662e-01
8.826583171489536639e+00,3.393800000000001660e+01,6.282201759685349662e-01
8.951583171489536639e+00,3.404100000000001813e+01,6.632201759685349973e-01
9.063583171489536738e+00,3.413400000000002166e+01,6.632201759685349973e-01
9.159583171489536824e+00,3.421400000000001995e+01,6.812201759685350133e-01
9.271583171489536923e+00,3.431100000000002126e+01,6.812201759685350133e-01
9.382583171489537577e+00,3.440700000000001779e+01,6.812201759685350133e-01
9.510583171489537690e+00,3.451800000000001489e+01,6.812201759685350133e-01
9.622583171489537790e+00,3.461600000000001387e+01,6.812201759685350133e-01
9.733583171489538444e+00,3.471200000000001040e+01,6.812201759685350133e-01
9.823583171489538302e+00,3.479100000000001103e+01,6.982201759685350284e-01
9.927583171489537506e+00,3.488400000000001455e+01,7.152201759685350435e-01
1.002958317148953782e+01,3.498100000000001586e+01,7.332201759685350595e-01
1.013258317148953758e+01,3.508200000000001495e+01,7.502201759685350746e-01
1.022258317148953743e+01,3.517200000000001836e+01,7.502201759685350746e-01
1.032258317148953708e+01,3.527300000000001745e+01,7.502201759685350746e-01
1.036258317148953623e+01,3.531200000000001893e+01,7.502201759685350746e-01
1.036258317148953623e+01,3.531200000000001893e+01,7.682201759685350906e-01
1.036258317148953623e+01,3.531200000000001893e+01,7.682201759685350906e-01
1.036258317148953623e+01,3.531200000000001893e+01,7.682201759685350906e-01
1.036258317148953623e+01,3.531200000000001893e+01,7.682201759685350906e-01
1.036258317148953623e+01,3.531200000000001893e+01,7.682201759685350906e-01
1.036258317148953623e+01,3.531200000000001893e+01,7.682201759685350906e-01
1.036258317148953623e+01,3.531200000000001893e+01,7.682201759685350906e-01
1.036258317148953623e+01,3.531200000000001893e+01,7.682201759685350906e-01
1.036258317148953623e+01,3.531200000000001893e+01,7.682201759685350906e-01
1.036258317148953623e+01,3.531200000000001893e+01,7.502201759685350746e-01
1.036258317148953623e+01,3.531200000000001893e+01,7.502201759685350746e-01
1.036258317148953623e+01,3.531200000000001893e+01,7.502201759685350746e-01
1.036258317148953623e+01,3.531200000000001893e+01,7.502201759685350746e-01
1.036258317148953623e+01,3.531200000000001893e+01,7.502201759685350746e-01
1.036258317148953623e+01,3.531200000000001893e+01,7.502201759685350746e-01
1.036258317148953623e+01,3.531200000000001893e+01,7.502201759685350746e-01
1.036258317148953623e+01,3.531200000000001893e+01,7.502201759685350746e-01
1.036258317148953623e+01,3.531200000000001893e+01,7.502201759685350746e-01
1.036258317148953623e+01,3.531200000000001893e+01,7.502201759685350746e-01
1.036258317148953623e+01,3.531200000000001893e+01,7.502201759685350746e-01
1.036258317148953623e+01,3.531200000000001893e+01,7.502201759685350746e-01
1.036258317148953623e+01,3.531200000000001893e+01,7.502201759685350746e-01
1.036258317148953623e+01,3.531200000000001893e+01,7.502201759685350746e-01
1.036258317148953623e+01,3.531200000000001893e+01,7.502201759685350746e-01
1.036258317148953623e+01,3.531200000000001893e+01,7.502201759685350746e-01
1.036258317148953623e+01,3.531200000000001893e+01,7.502201759685350746e-01
1.036258317148953623e+01,3.531200000000001893e+01,7.502201759685350746e-01
1.036258317148953623e+01,3.531200000000001893e+01,7.502201759685350746e-01
1.036258317148953623e+01,3.531200000000001893e+01,7.502201759685350746e-01
1.036258317148953623e+01,3.531200000000001893e+01,7.502201759685350746e-01
1.036258317148953623e+01,3.531200000000001893e+01,7.502201759685350746e-01
1.036258317148953623e+01,3.531200000000001893e+01,7.502201759685350746e-01
1.036258317148953623e+01,3.531200000000001893e+01,7.502201759685350746e-01
1.036258317148953623e+01,3.531200000000001893e+01,7.502201759685350746e-01
1.036258317148953623e+01,3.531200000000001893e+01,7.502201759685350746e-01
1.036258317148953623e+01,3.531200000000001893e+01,7.502201759685350746e-01
1.036258317148953623e+01,3.531200000000001893e+01,7.502201759685350746e-01
1.036258317148953623e+01,3.531200000000001893e+01,7.502201759685350746e-01
1.036258317148953623e+01,3.531200000000001893e+01,7.502201759685350746e-01
1.036258317148953623e+01,3.531200000000001893e+01,7.502201759685350746e-01
1.036258317148953623e+01,3.531200000000001893e+01,7.502201759685350746e-01
1.036258317148953623e+01,3.531200000000001893e+01,7.502201759685350746e-01
1.036258317148953623e+01,3.531200000000001893e+01,7.502201759685350746e-01
1.036258317148953623e+01,3.531200000000001893e+01,7.502201759685350746e-01
1.036258317148953623e+01,3.531200000000001893e+01,7.502201759685350746e-01
1.036258317148953623e+01,3.531200000000001893e+01,7.502201759685350746e-01
1.036258317148953623e+01,3.531200000000001893e+01,7.502201759685350746e-01
1.036258317148953623e+01,3.531200000000001893e+01,7.502201759685350746e-01
1.036258317148953623e+01,3.531200000000001893e+01,7.502201759685350746e-01
1.036258317148953623e+01,3.531200000000001893e+01,7.502201759685350746e-01
1.036258317148953623e+01,3.531200000000001893e+01,7.502201759685350746e-01
1.036258317148953623e+01,3.531200000000001893e+01,7.502201759685350746e-01
1.036258317148953623e+01,3.531200000000001893e+01,7.502201759685350746e-01
1.036258317148953623e+01,3.531200000000001893e+01,7.502201759685350746e-01
1.036258317148953623e+01,3.531200000000001893e+01,7.502201759685350746e-01
1.036258317148953623e+01,3.531200000000001893e+01,7.502201759685350746e-01
1.036258317148953623e+01,3.531200000000001893e+01,7.502201759685350746e-01
1.036258317148953623e+01,3.531200000000001893e+01,7.502201759685350746e-01
1.036258317148953623e+01,3.531200000000001893e+01,7.502201759685350746e-01
1.036258317148953623e+01,3.531200000000001893e+01,7.502201759685350746e-01
1.036258317148953623e+01,3.531200000000001893e+01,7.502201759685350746e-01
1.036258317148953623e+01,3.531200000000001893e+01,7.502201759685350746e-01
1.036258317148953623e+01,3.531200000000001893e+01,7.502201759685350746e-01
1.036258317148953623e+01,3.531200000000001893e+01,7.502201759685350746e-01
1.036258317148953623e+01,3.531200000000001893e+01,7.502201759685350746e-01
1.036258317148953623e+01,3.531200000000001893e+01,7.502201759685350746e-01
1.036258317148953623e+01,3.531200000000001893e+01,7.502201759685350746e-01
1.036258317148953623e+01,3.531200000000001893e+01,7.502201759685350746e-01
1.036258317148953623e+01,3.531200000000001893e+01,7.502201759685350746e-01
1.036258317148953623e+01,3.531200000000001893e+01,7.502201759685350746e-01
1.036258317148953623e+01,3.531200000000001893e+01,7.502201759685350746e-01
1.036258317148953623e+01,3.531200000000001893e+01,7.502201759685350746e-01
1.036258317148953623e+01,3.531200000000001893e+01,7.502201759685350746e-01
1.036258317148953623e+01,3.531200000000001893e+01,7.502201759685350746e-01
1.036258317148953623e+01,3.531200000000001893e+01,7.502201759685350746e-01
1.036258317148953623e+01,3.531200000000001893e+01,7.502201759685350746e-01
1.036258317148953623e+01,3.531200000000001893e+01,7.502201759685350746e-01
1.036258317148953623e+01,3.531200000000001893e+01,7.502201759685350746e-01
1.036258317148953623e+01,3.531200000000001893e+01,7.502201759685350746e-01
1.036258317148953623e+01,3.531200000000001893e+01,7.502201759685350746e-01
1.036258317148953623e+01,3.531200000000001893e+01,7.502201759685350746e-01
1.036258317148953623e+01,3.531200000000001893e+01,7.502201759685350746e-01
1.036258317148953623e+01,3.531200000000001893e+01,7.502201759685350746e-01
1.036258317148953623e+01,3.531200000000001893e+01,5.932201759685350462e-01
1.036258317148953623e+01,3.531200000000001893e+01,4.012201759685350977e-01
1.036258317148953623e+01,3.531200000000001893e+01,2.272201759685351097e-01
1.036258317148953623e+01,3.531200000000001893e+01,1.052201759685351123e-01
1.036258317148953623e+01,3.531200000000001893e+01,-6.996513121105185640e-02
1.040458317148953604e+01,3.530800000000002115e+01,-1.919651312110519092e-01
1.053858317148953638e+01,3.526900000000001967e+01,-4.359651312110519039e-01
1.066358317148953638e+01,3.520100000000002183e+01,-6.109651312110520038e-01
1.076058317148953591e+01,3.512800000000002143e+01,-7.149651312110519852e-01
1.086658317148953579e+01,3.503500000000001791e+01,-8.029651312110519523e-01
1.096058317148953520e+01,3.493200000000001637e+01,-9.249651312110519497e-01
1.103258317148953438e+01,3.483400000000001739e+01,-1.029965131211052043e+00
1.110058317148953400e+01,3.470900000000001739e+01,-1.151965131211051929e+00
1.115158317148953415e+01,3.459900000000001796e+01,-1.186965131211051849e+00
1.120958317148953398e+01,3.446100000000001984e+01,-1.203965131211051753e+00
1.127558317148953471e+01,3.430500000000002103e+01,-1.186965131211051849e+00
1.134558317148953499e+01,3.415800000000002257e+01,-1.098965131211051771e+00
1.141058317148953449e+01,3.405400000000002336e+01,-9.949651312110517898e-01
1.149658317148953479e+01,3.394100000000002382e+01,-9.249651312110518386e-01
1.157558317148953542e+01,3.385100000000002041e+01,-8.549651312110517765e-01
1.167358317148953617e+01,3.375100000000001899e+01,-8.199651312110517454e-01
1.175758317148953580e+01,3.366700000000001580e+01,-8.029651312110517303e-01
1.187758317148953502e+01,3.355500000000001393e+01,-7.679651312110516992e-01
1.200258317148953502e+01,3.344300000000001205e+01,-7.679651312110516992e-01
1.209258317148953488e+01,3.336400000000001143e+01,-7.679651312110516992e-01
1.221058317148953520e+01,3.325700000000001211e+01,-7.849651312110517143e-01
1.228358317148953560e+01,3.318700000000001182e+01,-8.029651312110517303e-01
1.238458317148953647e+01,3.308800000000001518e+01,-8.199651312110517454e-01
1.248958317148953689e+01,3.298300000000001830e+01,-8.199651312110517454e-01
1.260858317148953667e+01,3.286300000000002086e+01,-8.379651312110517614e-01
1.271358317148953709e+01,3.275800000000002399e+01,-8.379651312110517614e-01
1.281658317148953685e+01,3.265300000000002711e+01,-8.379651312110517614e-01
1.292158317148953728e+01,3.254800000000003024e+01,-8.379651312110517614e-01
1.300858317148953702e+01,3.245800000000002683e+01,-8.379651312110517614e-01
1.309858317148953688e+01,3.236700000000002575e+01,-8.199651312110517454e-01
1.317858317148953695e+01,3.228900000000002279e+01,-8.029651312110517303e-01
1.327958317148953782e+01,3.219100000000002382e+01,-8.029651312110517303e-01
1.337858317148953802e+01,3.209300000000002484e+01,-8.199651312110517454e-01
1.346258317148953765e+01,3.200800000000002399e+01,-8.379651312110517614e-01
1.359358317148953788e+01,3.187200000000002476e+01,-8.379651312110517614e-01
1.368058317148953762e+01,3.178100000000002368e+01,-8.379651312110517614e-01
1.377758317148953715e+01,3.168000000000002458e+01,-8.379651312110517614e-01
1.387558317148953790e+01,3.158000000000002316e+01,-8.199651312110517454e-01
1.397758317148953822e+01,3.148000000000002174e+01,-8.029651312110517303e-01
1.406758317148953807e+01,3.139200000000002078e+01,-8.029651312110517303e-01
1.415358317148953837e+01,3.130800000000002115e+01,-8.029651312110517303e-01
1.426658317148953792e+01,3.119600000000002282e+01,-8.199651312110517454e-01
1.435158317148953877e+01,3.111000000000002430e+01,-8.379651312110517614e-01
1.445058317148953897e+01,3.100800000000002399e+01,-8.379651312110517614e-01
1.455658317148953884e+01,3.090200000000002234e+01,-7.849651312110517143e-01
1.464358317148953859e+01,3.082100000000002282e+01,-7.849651312110517143e-01
1.474658317148953834e+01,3.072500000000002274e+01,-8.029651312110517303e-01
1.483258317148953864e+01,3.064200000000002433e+01,-8.029651312110517303e-01
1.493158317148953884e+01,3.054400000000002535e+01,-8.199651312110517454e-01
1.502858317148953837e+01,3.044300000000002626e+01,-8.379651312110517614e-01
1.512558317148953790e+01,3.034100000000002595e+01,-8.379651312110517614e-01
1.523758317148953800e+01,3.022500000000002629e+01,-8.199651312110517454e-01
1.532258317148953886e+01,3.014100000000002666e+01,-8.199651312110517454e-01
1.542758317148953928e+01,3.003900000000002635e+01,-8.029651312110517303e-01
1.553258317148953971e+01,2.993700000000002603e+01,-8.029651312110517303e-01
1.563258317148953935e+01,2.984000000000002473e+01,-8.199651312110517454e-01
1.571658317148953898e+01,2.975600000000002510e+01,-8.199651312110517454e-01
1.582058317148953819e+01,2.965200000000002589e+01,-8.379651312110517614e-01
1.593358317148953773e+01,2.953700000000002746e+01,-8.199651312110517454e-01
1.603258317148953793e+01,2.943800000000002726e+01,-8.029651312110517303e-01
1.609758317148953921e+01,2.937900000000002620e+01,-7.499651312110516832e-01
1.620158317148953842e+01,2.928700000000002746e+01,-7.679651312110516992e-01
1.630658317148953884e+01,2.919400000000002748e+01,-7.849651312110517143e-01
1.639258317148953736e+01,2.911000000000002785e+01,-8.199651312110517454e-01
1.650458317148953569e+01,2.899700000000002831e+01,-8.379651312110517614e-01
1.658858317148953532e+01,2.890900000000002734e+01,-8.379651312110517614e-01
1.667158317148953373e+01,2.882500000000002771e+01,-8.199651312110517454e-01
1.677158317148953515e+01,2.872600000000002751e+01,-8.029651312110517303e-01
1.685858317148953489e+01,2.864300000000002910e+01,-7.849651312110517143e-01
1.699458317148953412e+01,2.851700000000002788e+01,-7.849651312110517143e-01
1.709858317148953333e+01,2.842100000000002780e+01,-7.849651312110517143e-01
1.721258317148953410e+01,2.831000000000002714e+01,-8.029651312110517303e-01
1.730158317148953273e+01,2.822100000000002851e+01,-8.199651312110517454e-01
1.741658317148953117e+01,2.810600000000003007e+01,-8.029651312110517303e-01
1.750358317148953091e+01,2.802200000000003044e+01,-8.029651312110517303e-01
1.758458317148953043e+01,2.794700000000003115e+01,-7.499651312110516832e-01
1.767658317148952918e+01,2.787000000000002942e+01,-7.329651312110516681e-01
1.778158317148952960e+01,2.777900000000002834e+01,-7.499651312110516832e-01
1.788758317148953125e+01,2.768800000000002726e+01,-7.499651312110516832e-01
1.797758317148953111e+01,2.760900000000002663e+01,-7.679651312110516992e-01
1.809458317148953199e+01,2.750100000000002609e+01,-8.029651312110517303e-01
1.817958317148953284e+01,2.741700000000002646e+01,-8.199651312110517454e-01
1.828358317148953205e+01,2.731200000000002603e+01,-8.199651312110517454e-01
1.840958317148953327e+01,2.718600000000002481e+01,-8.029651312110517303e-01
1.849658317148953302e+01,2.710200000000002518e+01,-8.029651312110517303e-01
1.859958317148953455e+01,2.700500000000002387e+01,-7.849651312110517143e-01
1.869058317148953563e+01,2.692300000000002314e+01,-7.679651312110516992e-01
1.881458317148953441e+01,2.681500000000002260e+01,-7.679651312110516992e-01
1.890358317148953304e+01,2.673600000000002197e+01,-7.679651312110516992e-01
1.903058317148953194e+01,2.661800000000002342e+01,-8.029651312110517303e-01
1.910558317148953122e+01,2.654900000000002436e+01,-7.849651312110517143e-01
1.921458317148953299e+01,2.645100000000002538e+01,-7.679651312110516992e-01
1.932258317148953353e+01,2.635300000000002640e+01,-7.679651312110516992e-01
1.942658317148953273e+01,2.625900000000002521e+01,-7.849651312110517143e-01
1.951858317148953148e+01,2.617400000000002436e+01,-7.849651312110517143e-01
1.960958317148953256e+01,2.608900000000002350e+01,-7.849651312110517143e-01
1.972858317148953233e+01,2.597900000000002407e+01,-7.849651312110517143e-01
1.983558317148953165e+01,2.588100000000002510e+01,-7.679651312110516992e-01
1.994358317148953219e+01,2.578400000000002379e+01,-7.679651312110516992e-01
2.005458317148953284e+01,2.568500000000002359e+01,-7.679651312110516992e-01
2.014758317148953282e+01,2.560300000000002285e+01,-7.679651312110516992e-01
2.025658317148953458e+01,2.550600000000002154e+01,-7.679651312110516992e-01
2.035158317148953344e+01,2.542200000000002191e+01,-7.679651312110516992e-01
2.046158317148953287e+01,2.532400000000002294e+01,-7.679651312110516992e-01
2.054758317148953140e+01,2.524600000000002353e+01,-7.499651312110516832e-01
2.064158317148953259e+01,2.516500000000002402e+01,-7.499651312110516832e-01
2.076158317148953358e+01,2.506100000000002481e+01,-7.499651312110516832e-01
2.086758317148953523e+01,2.496700000000002362e+01,-7.679651312110516992e-01
2.099058317148953634e+01,2.485500000000002530e+01,-7.849651312110517143e-01
2.108058317148953620e+01,2.477500000000002700e+01,-7.679651312110516992e-01
2.118558317148953662e+01,2.468300000000002825e+01,-7.499651312110516832e-01
2.129658317148953728e+01,2.458700000000002817e+01,-7.499651312110516832e-01
2.139258317148953736e+01,2.450400000000002976e+01,-7.499651312110516832e-01
2.151558317148953847e+01,2.439900000000002933e+01,-7.499651312110516832e-01
2.162258317148953779e+01,2.430500000000002814e+01,-7.679651312110516992e-01
2.173458317148953611e+01,2.420700000000002916e+01,-7.679651312110516992e-01
2.179458317148953483e+01,2.415500000000002956e+01,-6.279651312110516859e-01
2.179758317148953495e+01,2.415400000000002834e+01,-1.919651312110516872e-01
2.181758317148953452e+01,2.415200000000002944e+01,-1.919651312110516872e-01
2.188258317148953580e+01,2.413400000000002876e+01,-4.189651312110516668e-01
2.201558317148953492e+01,2.405500000000002814e+01,-6.809651312110516219e-01
2.210158317148953344e+01,2.398000000000002885e+01,-7.849651312110516033e-01
2.219558317148953464e+01,2.388000000000002743e+01,-8.899651312110515855e-01
2.221558317148953421e+01,2.385800000000002896e+01,-6.109651312110515597e-01
2.221558317148953421e+01,2.385800000000002896e+01,-1.219651312110515418e-01
2.221558317148953421e+01,2.385800000000002896e+01,3.662201759685352886e-01
2.221558317148953421e+01,2.385800000000002896e+01,8.552201759685352789e-01
2.221558317148953421e+01,2.385800000000002896e+01,1.291220175968535333e+00
2.221458317148953299e+01,2.391400000000002990e+01,1.745220175968535292e+00
2.220258317148953253e+01,2.393500000000003070e+01,2.164220175968535109e+00
2.214558317148953392e+01,2.399700000000003186e+01,2.374220175968535074e+00
2.193758317148953552e+01,2.415700000000003200e+01,2.513220175968535308e+00
2.180158317148953628e+01,2.424500000000003297e+01,2.548220175968535450e+00
2.169858317148953475e+01,2.430800000000003180e+01,2.566220175968535244e+00
2.155258317148953395e+01,2.439500000000003155e+01,2.583220175968535148e+00
2.142658317148953273e+01,2.446800000000003195e+01,2.583220175968535148e+00
2.136058317148953378e+01,2.450500000000003098e+01,2.600220175968535052e+00
2.135558317148953478e+01,2.450700000000002987e+01,3.054220175968535234e+00
2.132558317148953364e+01,2.450700000000002987e+01,-3.106965131211051556e+00
2.132258317148953353e+01,2.450700000000002987e+01,-2.774965131211051705e+00
2.132258317148953353e+01,2.450700000000002987e+01,-2.268965131211051478e+00
2.132258317148953353e+01,2.450600000000002865e+01,-1.779965131211051599e+00
2.132258317148953353e+01,2.449600000000002709e+01,-1.238965131211051673e+00
2.134858317148953333e+01,2.445800000000002683e+01,-8.899651312110516965e-01
2.142558317148953506e+01,2.438400000000002521e+01,-7.499651312110516832e-01
2.153558317148953449e+01,2.429600000000002424e+01,-6.629651312110517170e-01
2.165358317148953304e+01,2.421600000000002595e+01,-6.109651312110516708e-01
2.175558317148953336e+01,2.415000000000002700e+01,-5.929651312110516548e-01
2.187658317148953202e+01,2.407600000000002538e+01,-5.579651312110516237e-01
2.199958317148953313e+01,2.400600000000002510e+01,-5.409651312110516086e-01
2.214358317148953148e+01,2.392900000000002336e+01,-5.239651312110515935e-01
2.223358317148953134e+01,2.388400000000002166e+01,-5.059651312110515775e-01
2.239858317148953049e+01,2.380400000000002336e+01,-4.709651312110515464e-01
2.251358317148952892e+01,2.375100000000002254e+01,-4.709651312110515464e-01
2.264558317148953037e+01,2.369200000000002149e+01,-4.709651312110515464e-01
2.277258317148952926e+01,2.363300000000002044e+01,-4.889651312110515624e-01
2.288158317148953103e+01,2.357900000000002194e+01,-5.059651312110515775e-01
2.305058317148953151e+01,2.349200000000002220e+01,-5.059651312110515775e-01
2.318358317148953063e+01,2.342300000000002314e+01,-5.059651312110515775e-01
2.329258317148953239e+01,2.336800000000002342e+01,-5.059651312110515775e-01
2.341958317148953128e+01,2.330500000000002458e+01,-4.889651312110515624e-01
2.353458317148952972e+01,2.325100000000002609e+01,-4.889651312110515624e-01
2.368758317148952841e+01,2.317900000000002692e+01,-4.709651312110515464e-01
2.380058317148952796e+01,2.312500000000002842e+01,-4.889651312110515624e-01
2.393258317148952941e+01,2.306200000000002959e+01,-4.889651312110515624e-01
2.403858317148953105e+01,2.301600000000003021e+01,-4.539651312110515313e-01
2.415158317148953060e+01,2.296800000000003195e+01,-4.359651312110515708e-01
2.432258317148952997e+01,2.290200000000003300e+01,-4.009651312110515953e-01
2.443658317148953074e+01,2.286000000000003141e+01,-3.839651312110515802e-01
2.455058317148953151e+01,2.281800000000002981e+01,-3.659651312110515087e-01
2.468358317148953063e+01,2.276900000000003033e+01,-3.839651312110515247e-01
2.481658317148952975e+01,2.271700000000003072e+01,-4.539651312110515313e-01
2.494358317148952864e+01,2.265700000000003200e+01,-5.239651312110515935e-01
2.505058317148952796e+01,2.259700000000003328e+01,-5.759651312110516397e-01
2.519158317148952619e+01,2.251000000000003354e+01,-5.929651312110516548e-01
2.529458317148952773e+01,2.244600000000003348e+01,-5.759651312110516397e-01
2.539858317148952693e+01,2.238400000000003232e+01,-5.759651312110516397e-01
2.555758317148952585e+01,2.229300000000003124e+01,-5.409651312110516086e-01
2.566558317148952639e+01,2.223300000000003251e+01,-5.239651312110515935e-01
2.579158317148952761e+01,2.216900000000003246e+01,-5.059651312110515775e-01
2.589058317148952781e+01,2.212100000000003419e+01,-4.359651312110515708e-01
2.602458317148952816e+01,2.206500000000003325e+01,-4.359651312110515708e-01
2.613658317148952648e+01,2.201900000000003388e+01,-4.359651312110515708e-01
2.626858317148952793e+01,2.196300000000003294e+01,-4.539651312110515868e-01
2.641558317148952639e+01,2.189900000000003288e+01,-4.709651312110516019e-01
2.654458317148952773e+01,2.183800000000003294e+01,-4.889651312110516179e-01
2.665358317148952949e+01,2.178300000000003322e+01,-5.059651312110515775e-01
2.678358317148952850e+01,2.171700000000003428e+01,-5.059651312110515775e-01
2.691258317148952983e+01,2.165300000000003422e+01,-5.059651312110515775e-01
2.704458317148953128e+01,2.158900000000003416e+01,-4.889651312110515624e-01
2.717458317148953029e+01,2.152700000000003300e+01,-4.709651312110515464e-01
2.753458317148952972e+01,2.137200000000003186e+01,-4.359651312110515708e-01
2.766858317148953006e+01,2.131700000000003214e+01,-4.359651312110515708e-01
2.779958317148953029e+01,2.126100000000003121e+01,-4.539651312110515868e-01
2.790858317148953205e+01,2.121500000000003183e+01,-4.359651312110515708e-01
2.796158317148953287e+01,2.118900000000003203e+01,-5.409651312110516086e-01
2.805758317148953296e+01,2.112800000000003209e+01,-6.459651312110515908e-01
2.816958317148953128e+01,2.104100000000003234e+01,-7.329651312110515571e-01
2.829158317148953117e+01,2.093500000000003070e+01,-7.679651312110515882e-01
2.833658317148953287e+01,2.089600000000002922e+01,-5.929651312110515438e-01
2.833758317148953410e+01,2.089600000000002922e+01,-1.049651312110515544e-01
2.833758317148953410e+01,2.089600000000002922e+01,3.662201759685344560e-01
2.833758317148953410e+01,2.089600000000002922e+01,8.732201759685345177e-01
2.833758317148953410e+01,2.089600000000002922e+01,1.291220175968534445e+00
2.833758317148953410e+01,2.090100000000002822e+01,1.710220175968534484e+00
2.830558317148953407e+01,2.096700000000002717e+01,2.129220175968534523e+00
2.828458317148953327e+01,2.099400000000002819e+01,2.443220175968534580e+00
2.820558317148953265e+01,2.104100000000002879e+01,2.653220175968534544e+00
2.809258317148953310e+01,2.108800000000002939e+01,2.740220175968534733e+00
2.792158317148953373e+01,2.114800000000002811e+01,2.810220175968534573e+00
2.780158317148953273e+01,2.118500000000002714e+01,2.810220175968534573e+00
2.764258317148953381e+01,2.122400000000002862e+01,2.950220175968534697e+00
2.754058317148953350e+01,2.123400000000003018e+01,3.089220175968534932e+00
2.751958317148953270e+01,2.123400000000003018e+01,-2.931965131211051734e+00
2.751958317148953270e+01,2.123400000000003018e+01,-2.442965131211051855e+00
2.751958317148953270e+01,2.123400000000003018e+01,-2.023965131211051816e+00
2.751958317148953270e+01,2.122200000000002973e+01,-1.552965131211051730e+00
2.755158317148953273e+01,2.113200000000002987e+01,-1.046965131211051725e+00
2.768158317148953174e+01,2.101600000000003021e+01,-5.059651312110516885e-01
2.779658317148953017e+01,2.097200000000002973e+01,-2.969651312110517249e-01
2.793658317148953074e+01,2.094300000000002981e+01,-1.919651312110517427e-01
2.807658317148953131e+01,2.092500000000002913e+01,-1.219651312110517360e-01
2.819658317148953230e+01,2.091900000000002890e+01,-8.696513121105173272e-02
2.833658317148953287e+01,2.091500000000002757e+01,-5.196513121105172939e-02
2.845658317148953387e+01,2.091500000000002757e+01,-3.496513121105172817e-02
2.865658317148953316e+01,2.091500000000002757e+01,2.201759685347644052e-04
2.875658317148953458e+01,2.091800000000002768e+01,1.722017596853476704e-02
2.889758317148953282e+01,2.092500000000002913e+01,3.522017596853476568e-02
2.903858317148953105e+01,2.093200000000003058e+01,3.522017596853476568e-02
2.917858317148953162e+01,2.093900000000003203e+01,1.722017596853476704e-02
2.931958317148952986e+01,2.094500000000003226e+01,2.201759685347658146e-04
2.943958317148953086e+01,2.094600000000003348e+01,-1.777982403146522589e-02
2.957158317148953230e+01,2.094600000000003348e+01,-3.496513121105174204e-02
2.966658317148953117e+01,2.094600000000003348e+01,-3.477982403146537282e-02
2.978658317148953216e+01,2.094600000000003348e+01,-5.196513121105209021e-02
2.996658317148953188e+01,2.094500000000003226e+01,-6.996513121105209232e-02
3.008658317148953287e+01,2.094000000000003325e+01,-8.696513121105209354e-02
3.023058317148953122e+01,2.093300000000003180e+01,-1.049651312110520679e-01
3.035558317148953122e+01,2.092700000000003158e+01,-1.049651312110520401e-01
3.051558317148953137e+01,2.091900000000003246e+01,-8.696513121105203803e-02
3.064158317148953259e+01,2.091300000000003223e+01,-8.696513121105203803e-02
3.080958317148953185e+01,2.090500000000003311e+01,-8.696513121105203803e-02
3.095658317148953032e+01,2.089800000000003166e+01,-8.696513121105203803e-02
3.109758317148952855e+01,2.089100000000003021e+01,-8.696513121105203803e-02
3.123958317148952801e+01,2.088400000000002876e+01,-1.049651312110520124e-01
3.138658317148952648e+01,2.087500000000002842e+01,-1.049651312110519846e-01
3.151258317148952770e+01,2.086700000000002930e+01,-1.049651312110519569e-01
3.163158317148952747e+01,2.086000000000002785e+01,-1.049651312110519291e-01
3.175158317148952847e+01,2.085500000000002885e+01,-6.996513121105192579e-02
3.189758317148952926e+01,2.084900000000002862e+01,-6.996513121105192579e-02
3.203758317148952983e+01,2.084200000000002717e+01,-8.696513121105192701e-02
3.219758317148952642e+01,2.083400000000002805e+01,-1.049651312110519014e-01
3.231858317148952864e+01,2.082600000000002893e+01,-1.219651312110519026e-01
3.248358317148952779e+01,2.081100000000002836e+01,-1.219651312110519026e-01
3.260358317148952523e+01,2.080200000000002802e+01,-1.049651312110518736e-01
3.272358317148952267e+01,2.079600000000002780e+01,-1.049651312110518458e-01
3.286858317148952580e+01,2.078900000000002635e+01,-8.696513121105184374e-02
3.299558317148952824e+01,2.078300000000002612e+01,-8.696513121105184374e-02
3.318458317148952830e+01,2.077400000000002578e+01,-8.696513121105184374e-02
3.338658317148952648e+01,2.076400000000002422e+01,-8.696513121105184374e-02
3.352958317148952716e+01,2.075600000000002510e+01,-1.049651312110518181e-01
3.365358317148952949e+01,2.074800000000002598e+01,-1.049651312110517903e-01
3.380658317148952818e+01,2.073900000000002564e+01,-8.696513121105178823e-02
3.390158317148952705e+01,2.073900000000002564e+01,-5.196513121105178490e-02
3.404758317148952784e+01,2.073900000000002564e+01,-3.477982403146537282e-02
3.417158317148953017e+01,2.073900000000002564e+01,-1.777982403146536466e-02
3.435258317148952756e+01,2.073900000000002564e+01,2.201759685346339757e-04
3.447758317148952756e+01,2.074200000000002575e+01,2.201759685346339757e-04
3.461758317148952813e+01,2.074400000000002464e+01,-1.777982403146535773e-02
3.475758317148952870e+01,2.074400000000002464e+01,-5.196513121105209021e-02
3.487758317148952614e+01,2.073900000000002564e+01,-1.049651312110520540e-01
3.501758317148952671e+01,2.072700000000002518e+01,-1.399651312110520573e-01
3.513758317148952415e+01,2.071500000000002473e+01,-1.569651312110519892e-01
3.528158317148952250e+01,2.069600000000002638e+01,-1.739651312110520043e-01
3.542158317148952307e+01,2.067800000000002569e+01,-1.569651312110519337e-01
3.556158317148952364e+01,2.066300000000002512e+01,-1.399651312110519186e-01
3.570158317148952420e+01,2.064900000000002578e+01,-1.219651312110519165e-01
3.586158317148952079e+01,2.063700000000002532e+01,-1.049651312110518875e-01
3.597058317148952256e+01,2.063300000000002399e+01,-5.196513121105188898e-02
3.609058317148952000e+01,2.063300000000002399e+01,-5.196513121105188898e-02
3.623058317148952057e+01,2.063000000000002387e+01,-8.696513121105189925e-02
3.637158317148951880e+01,2.061900000000002464e+01,-1.219651312110519026e-01
3.649358317148951869e+01,2.060700000000002419e+01,-1.399651312110518908e-01
3.663358317148951926e+01,2.059400000000002251e+01,-1.219651312110518887e-01
3.675358317148951670e+01,2.058500000000002217e+01,-1.049651312110518597e-01
3.691358317148951329e+01,2.057700000000002305e+01,-8.696513121105185762e-02
3.703658317148951085e+01,2.057100000000002282e+01,-6.996513121105182864e-02
3.716258317148950852e+01,2.056700000000002149e+01,-6.996513121105180089e-02
3.730958317148950698e+01,2.056300000000002015e+01,-6.996513121105180089e-02
3.747758317148950624e+01,2.055900000000001882e+01,-6.996513121105180089e-02
3.762458317148950471e+01,2.055700000000001992e+01,-6.996513121105180089e-02
3.777158317148950317e+01,2.055600000000001870e+01,-5.196513121105179878e-02
3.791358317148950619e+01,2.055400000000001981e+01,-6.996513121105180089e-02
3.800458317148950727e+01,2.055200000000002092e+01,-5.196513121105179878e-02
3.814658317148951028e+01,2.055200000000002092e+01,-6.996513121105180089e-02
3.828758317148950852e+01,2.054800000000001958e+01,-6.996513121105180089e-02
3.841158317148951085e+01,2.054200000000001936e+01,-8.696513121105180211e-02
3.857958317148951011e+01,2.053400000000002024e+01,-8.696513121105180211e-02
3.870058317148951232e+01,2.052800000000002001e+01,-8.696513121105180211e-02
3.884158317148951056e+01,2.052300000000002100e+01,-6.996513121105180089e-02
3.898158317148951113e+01,2.052300000000002100e+01,-5.196513121105179878e-02
3.916158317148951085e+01,2.052300000000002100e+01,-1.777982403146502466e-02
3.928658317148951085e+01,2.052300000000002100e+01,-1.777982403146501772e-02
3.942758317148950908e+01,2.052300000000002100e+01,-1.777982403146501078e-02
3.954758317148950653e+01,2.052300000000002100e+01,-3.477982403146501200e-02
3.968958317148950954e+01,2.052300000000002100e+01,-3.496513121105085387e-02
3.981358317148951187e+01,2.052300000000002100e+01,-5.196513121105085509e-02
3.996058317148951033e+01,2.052300000000002100e+01,-5.196513121105085509e-02
4.010758317148950880e+01,2.052300000000002100e+01,-5.196513121105085509e-02
4.027658317148950573e+01,2.052300000000002100e+01,-5.196513121105085509e-02
4.038258317148950738e+01,2.052300000000002100e+01,-5.196513121105085509e-02
4.052458317148951039e+01,2.052100000000002211e+01,-6.996513121105085720e-02
4.068558317148951176e+01,2.051400000000002066e+01,-8.696513121105085842e-02
4.082558317148951232e+01,2.050700000000001921e+01,-1.049651312110508605e-01
4.094558317148950977e+01,2.049600000000001998e+01,-1.399651312110508639e-01
4.110558317148950636e+01,2.047500000000001918e+01,-1.919651312110508545e-01
4.122558317148950380e+01,2.045300000000002072e+01,-2.269651312110509134e-01
4.136558317148950437e+01,2.042500000000002203e+01,-2.439651312110509007e-01
4.148558317148950181e+01,2.039800000000002100e+01,-2.789651312110509318e-01
4.162358317148949993e+01,2.035900000000001953e+01,-3.489651312110509385e-01
4.175758317148950027e+01,2.031100000000002126e+01,-4.189651312110509451e-01
4.186858317148949737e+01,2.026300000000002299e+01,-4.889651312110508408e-01
4.199558317148949982e+01,2.019900000000002294e+01,-5.239651312110508163e-01
4.212058317148949982e+01,2.013300000000002399e+01,-5.409651312110508314e-01
4.226158317148949806e+01,2.005200000000002447e+01,-5.759651312110508625e-01
4.238358317148949794e+01,1.997800000000002285e+01,-5.929651312110508776e-01
4.248458317148949703e+01,1.991300000000002157e+01,-6.279651312110509087e-01
4.259958317148949902e+01,1.982900000000002194e+01,-6.629651312110509398e-01
4.269958317148950044e+01,1.975400000000002265e+01,-6.629651312110509398e-01
4.281558317148950010e+01,1.968700000000002248e+01,-4.539651312110509762e-01
4.293190633157263392e+01,1.964600000000002211e+01,-2.969651312110509478e-01
4.305190633157263136e+01,1.962200000000002120e+01,-1.739651312110509496e-01
4.319190633157263193e+01,1.960900000000001953e+01,-1.049651312110509438e-01
4.331190633157262937e+01,1.960700000000002063e+01,-3.477982403146448465e-02
4.345190633157262994e+01,1.960800000000002186e+01,2.201759685355186846e-04
4.365190633157263278e+01,1.961900000000002109e+01,3.522017596853552202e-02
4.381590633157263426e+01,1.963300000000002044e+01,5.222017596853552324e-02
4.393990633157263659e+01,1.964513178794180348e+01,7.022017596853552535e-02
4.408390633157263494e+01,1.965913178794180283e+01,5.222017596853552324e-02
4.420990633157263261e+01,1.967113178794180328e+01,5.222017596853552324e-02
4.437690633157263420e+01,1.968713178794180152e+01,5.222017596853552324e-02
4.451990633157263488e+01,1.970113178794180087e+01,5.222017596853552324e-02
4.465990633157263545e+01,1.971213178794180010e+01,3.522017596853552202e-02
4.479990633157263602e+01,1.972013178794179922e+01,3.522017596853552202e-02
4.491990633157263346e+01,1.972913178794179956e+01,5.222017596853552324e-02
4.505990633157263403e+01,1.974213178794180124e+01,7.022017596853552535e-02
4.521990633157263062e+01,1.975913178794180070e+01,8.722017596853552657e-02
4.537890633157262954e+01,1.978113178794179916e+01,1.222201759685355299e-01
4.551990633157262778e+01,1.980313178794179763e+01,1.222201759685355299e-01
4.566490633157263090e+01,1.982913178794179743e+01,1.402201759685355320e-01
4.580490633157263147e+01,1.985113178794179589e+01,1.222201759685355299e-01
4.592490633157262891e+01,1.986913178794179657e+01,1.222201759685355299e-01
4.608990633157262806e+01,1.989313178794179748e+01,1.052201759685355564e-01
4.621290633157262562e+01,1.991113178794179817e+01,1.052201759685355564e-01
4.633390633157262783e+01,1.993013178794179652e+01,1.402201759685355598e-01
4.647290633157263073e+01,1.996113178794179532e+01,2.442201759685355411e-01
4.660790633157262874e+01,2.000713178794179470e+01,3.492201759685355511e-01
4.673890633157262897e+01,2.006213178794179441e+01,3.842201759685355267e-01
4.715090633157262801e+01,2.024313178794179535e+01,3.662201759685355107e-01
4.728390633157263068e+01,2.029813178794179507e+01,3.492201759685354956e-01
4.739790633157262789e+01,2.034113178794179433e+01,2.972201759685355049e-01
4.753390633157263068e+01,2.038413178794179359e+01,2.622201759685355293e-01
4.769190633157263193e+01,2.043013178794179296e+01,2.272201759685355260e-01
4.781190633157262937e+01,2.046013178794179410e+01,2.092201759685355378e-01
4.795190633157262994e+01,2.049313178794179535e+01,1.742201759685355344e-01
4.807190633157262738e+01,2.051713178794179626e+01,1.222201759685355438e-01
4.821190633157262795e+01,2.053713178794179584e+01,8.722017596853554045e-02
4.835190633157262852e+01,2.055313178794179407e+01,7.022017596853553922e-02
4.887190633157263164e+01,2.059513178794179566e+01,3.522017596853553589e-02
4.899890633157263409e+01,2.060313178794179478e+01,3.522017596853553589e-02
4.916490633157263090e+01,2.061413178794179402e+01,3.522017596853553589e-02
4.939390633157263011e+01,2.063113178794179348e+01,5.222017596853553711e-02
4.954090633157262857e+01,2.064313178794179393e+01,5.222017596853553711e-02
4.968790633157262704e+01,2.065513178794179439e+01,5.222017596853553711e-02
4.983490633157262550e+01,2.066713178794179484e+01,5.222017596853553711e-02
4.998190633157262397e+01,2.067913178794179530e+01,5.222017596853553711e-02
5.010790633157262164e+01,2.069013178794179453e+01,5.222017596853553711e-02
5.029690633157262170e+01,2.070613178794179277e+01,5.222017596853553711e-02
5.042290633157261937e+01,2.071713178794179200e+01,5.222017596853553711e-02
5.056690633157261772e+01,2.072813178794179123e+01,3.522017596853553589e-02
5.069190633157261772e+01,2.073613178794179035e+01,3.522017596853553589e-02
5.080790633157261738e+01,2.074413178794178947e+01,7.022017596853553922e-02
5.095090633157261806e+01,2.075813178794178882e+01,5.222017596853553711e-02
5.109090633157261863e+01,2.076913178794178805e+01,3.522017596853553589e-02
5.121090633157261607e+01,2.077413178794178705e+01,2.201759685355325624e-04
5.135090633157261664e+01,2.077613178794178594e+01,2.201759685355325624e-04
5.149090633157261720e+01,2.078013178794178728e+01,2.201759685355325624e-04
5.161390633157261476e+01,2.078513178794178629e+01,1.722017596853553378e-02
5.180290633157261482e+01,2.079413178794178663e+01,1.722017596853553378e-02
5.192890633157261249e+01,2.080013178794178685e+01,1.722017596853553378e-02
5.205490633157261016e+01,2.080613178794178708e+01,1.722017596853553378e-02
5.222290633157260942e+01,2.081413178794178620e+01,1.722017596853553378e-02
5.234690633157261175e+01,2.082013178794178643e+01,1.722017596853553378e-02
5.248690633157261232e+01,2.082713178794178788e+01,2.201759685355325624e-04
5.260690633157260976e+01,2.082913178794178677e+01,-1.777982403146445914e-02
5.274690633157261033e+01,2.082913178794178677e+01,-3.477982403146445689e-02
5.288890633157261334e+01,2.082913178794178677e+01,-5.196513121105118815e-02
5.299190633157261487e+01,2.082913178794178677e+01,-3.496513121105118693e-02
5.314090633157261578e+01,2.082913178794178677e+01,2.201759685347644052e-04
5.326390633157261334e+01,2.083313178794178810e+01,2.201759685347644052e-04
5.343190633157261260e+01,2.084013178794178955e+01,1.722017596853476704e-02
5.357590633157261095e+01,2.084713178794179100e+01,1.722017596853476704e-02
5.371590633157261152e+01,2.085413178794179245e+01,3.522017596853476568e-02
5.383590633157260896e+01,2.086413178794179402e+01,5.222017596853476690e-02
5.397990633157260731e+01,2.087813178794179336e+01,7.022017596853476207e-02
5.411990633157260788e+01,2.089313178794179393e+01,8.722017596853476329e-02
5.424190633157260777e+01,2.091013178794179339e+01,1.052201759685347654e-01
5.438690633157261090e+01,2.093113178794179419e+01,1.222201759685347666e-01
5.453090633157260925e+01,2.095213178794179498e+01,1.222201759685347666e-01
5.467290633157261226e+01,2.097313178794179578e+01,1.222201759685347666e-01
5.479390633157261448e+01,2.099113178794179646e+01,1.052201759685347654e-01
5.495390633157261107e+01,2.101213178794179726e+01,8.722017596853476329e-02
5.509390633157261163e+01,2.102713178794179782e+01,7.022017596853476207e-02
5.524090633157261010e+01,2.104113178794179717e+01,5.222017596853475996e-02
5.538490633157260845e+01,2.105513178794179652e+01,5.222017596853475996e-02
5.550590633157261067e+01,2.106713178794179697e+01,7.022017596853476207e-02
5.567290633157261226e+01,2.108313178794179521e+01,7.022017596853476207e-02
5.579890633157260993e+01,2.109513178794179566e+01,7.022017596853476207e-02
5.590890633157260936e+01,2.110513178794179723e+01,7.022017596853476207e-02
5.598090633157261209e+01,2.111213178794179868e+01,7.022017596853476207e-02
5.599990633157261044e+01,2.111313178794179990e+01,1.052201759685347654e-01
5.600390633157260822e+01,2.111313178794179990e+01,1.742201759685347850e-01
5.601290633157260856e+01,2.111313178794179990e+01,1.572201759685347700e-01
5.602790633157260913e+01,2.111313178794179990e+01,1.222201759685347666e-01
5.603990633157260959e+01,2.111313178794179990e+01,8.722017596853476329e-02
5.605390633157261249e+01,2.111313178794179990e+01,5.222017596853475996e-02
5.606790633157261539e+01,2.111313178794179990e+01,5.222017596853475996e-02
5.608590633157261607e+01,2.111313178794179990e+01,5.222017596853475996e-02
5.610690633157261686e+01,2.111313178794179990e+01,5.222017596853475996e-02
5.613390633157261789e+01,2.111413178794180112e+01,5.222017596853475996e-02
5.618090633157261493e+01,2.111613178794180001e+01,5.222017596853475996e-02
5.622790633157261198e+01,2.111913178794180013e+01,7.022017596853476207e-02
5.635190633157261431e+01,2.113113178794180058e+01,7.022017596853476207e-02
5.649790633157261510e+01,2.114513178794179993e+01,7.022017596853476207e-02
5.662390633157261277e+01,2.115813178794180160e+01,8.722017596853476329e-02
5.676890633157261590e+01,2.117213178794180095e+01,7.022017596853476207e-02
5.692890633157261249e+01,2.118813178794179919e+01,7.022017596853476207e-02
5.703590633157261180e+01,2.119813178794180075e+01,1.402201759685347549e-01
5.703790633157261425e+01,2.119813178794180075e+01,4.542201759685348117e-01
5.703790633157261425e+01,2.119813178794180075e+01,7.502201759685347415e-01
5.703790633157261425e+01,2.119813178794180075e+01,1.065220175968534688e+00
5.703790633157261425e+01,2.119813178794180075e+01,1.274220175968534763e+00
5.703790633157261425e+01,2.119813178794180075e+01,1.501220175968534853e+00
5.703790633157261425e+01,2.119813178794180075e+01,1.675220175968534786e+00
5.703790633157261425e+01,2.119813178794180075e+01,1.833220175968534704e+00
5.703790633157261425e+01,2.119813178794180075e+01,1.937220175968534797e+00
5.703490633157261414e+01,2.120413178794180098e+01,2.042220175968534779e+00
5.695090633157261095e+01,2.129713178794180095e+01,2.478220175968534722e+00
5.680290633157260771e+01,2.135713178794179967e+01,2.950220175968534697e+00
5.664290633157261112e+01,2.135313178794179834e+01,-3.018965131211051922e+00
5.654290633157260970e+01,2.133313178794179876e+01,-2.931965131211051734e+00
5.636590633157261010e+01,2.127913178794180027e+01,-2.844965131211051546e+00
5.625290633157261055e+01,2.123613178794180101e+01,-2.774965131211051705e+00
5.612190633157261033e+01,2.118013178794180007e+01,-2.739965131211051563e+00
5.601290633157260856e+01,2.113213178794180180e+01,-2.739965131211051563e+00
5.592790633157260771e+01,2.109313178794180033e+01,-2.757965131211051357e+00
5.589290633157261112e+01,2.107913178794180098e+01,-2.774965131211051261e+00
5.587390633157261277e+01,2.107313178794180075e+01,-2.844965131211051101e+00
5.585490633157261442e+01,2.106713178794180052e+01,-2.844965131211051101e+00
5.584190633157261630e+01,2.106313178794179919e+01,-2.844965131211051101e+00
5.582990633157261584e+01,2.105913178794179785e+01,-2.547965131211050949e+00
5.582990633157261584e+01,2.105913178794179785e+01,-2.215965131211051098e+00
5.581590633157261294e+01,2.104013178794179950e+01,-2.285965131211050938e+00
5.580390633157261249e+01,2.102513178794179893e+01,-2.477965131211051109e+00
5.579690633157261459e+01,2.101913178794179871e+01,-2.320965131211051080e+00
5.577990633157261158e+01,2.099713178794180024e+01,-2.268965131211051034e+00
5.573090633157261209e+01,2.094613178794180186e+01,-2.477965131211051109e+00
5.570690633157261118e+01,2.092813178794180118e+01,-2.285965131211050938e+00
5.569790633157261084e+01,2.091313178794180061e+01,-2.181965131211050846e+00
5.565290633157260913e+01,2.085713178794179967e+01,-2.390965131211050920e+00
5.555290633157260771e+01,2.077913178794180027e+01,-2.599965131211050995e+00
5.544590633157260839e+01,2.072113178794180044e+01,-2.739965131211051119e+00
5.531390633157261050e+01,2.066913178794180084e+01,-2.826965131211051308e+00
5.517890633157261249e+01,2.062213178794180024e+01,-2.861965131211051450e+00
5.504190633157261203e+01,2.058013178794179865e+01,-2.896965131211051592e+00
5.492390633157260993e+01,2.054613178794179973e+01,-2.914965131211051386e+00
5.477990633157261158e+01,2.051013178794179836e+01,-3.018965131211051478e+00
5.477790633157260913e+01,2.051013178794179836e+01,2.932220175968535347e+00
5.477790633157260913e+01,2.051013178794179836e+01,2.618220175968535290e+00
5.477790633157260913e+01,2.051013178794179836e+01,2.391220175968535422e+00
5.477790633157260913e+01,2.051013178794179836e+01,2.199220175968535251e+00
5.477790633157260913e+01,2.051013178794179836e+01,2.007220175968535081e+00
5.477790633157260913e+01,2.051013178794179836e+01,1.833220175968535148e+00
5.477790633157260913e+01,2.051013178794179836e+01,1.675220175968535230e+00
5.477790633157260913e+01,2.051013178794179836e+01,1.571220175968535138e+00
5.477790633157260913e+01,2.051013178794179836e+01,1.483220175968535059e+00
5.479390633157260737e+01,2.058413178794179998e+01,1.204220175968535145e+00
5.487990633157260589e+01,2.071513178794180021e+01,7.152201759685351545e-01
5.499990633157260334e+01,2.079113178794180072e+01,3.662201759685351776e-01
5.511790633157260544e+01,2.082713178794180209e+01,1.922201759685351896e-01
5.525790633157260601e+01,2.085013178794180178e+01,8.722017596853519350e-02
5.539790633157260658e+01,2.086513178794180234e+01,5.222017596853519017e-02
5.551990633157260646e+01,2.087613178794180158e+01,3.522017596853518895e-02
5.561290633157260999e+01,2.088013178794180291e+01,1.722017596853519031e-02
5.568090633157260783e+01,2.088113178794180413e+01,2.201759685351890872e-04
5.573890633157260766e+01,2.088313178794180303e+01,2.272201759685351929e-01
5.578990633157260959e+01,2.091313178794180416e+01,5.762201759685351421e-01
5.584890633157260709e+01,2.095013178794180320e+01,4.012201759685350977e-01
5.590490633157260447e+01,2.097113178794180399e+01,2.972201759685351163e-01
5.600390633157260112e+01,2.105813178794180374e+01,1.065220175968535132e+00
5.602590633157259958e+01,2.110613178794180200e+01,1.169220175968535225e+00
5.602690633157259725e+01,2.110913178794180212e+01,1.257220175968535303e+00
5.602690633157259725e+01,2.110913178794180212e+01,1.344220175968535269e+00
5.602690633157259725e+01,2.110913178794180212e+01,1.431220175968535235e+00
5.602690633157259725e+01,2.110913178794180212e+01,1.518220175968535202e+00
5.602690633157259725e+01,2.110913178794180212e+01,1.553220175968535122e+00
5.602690633157259725e+01,2.110913178794180212e+01,1.553220175968535122e+00
5.602690633157259725e+01,2.110913178794180212e+01,1.553220175968535122e+00
5.602690633157259725e+01,2.110913178794180212e+01,1.536220175968535218e+00
5.602690633157259725e+01,2.110913178794180212e+01,1.536220175968535218e+00
5.602690633157259725e+01,2.110913178794180212e+01,1.536220175968535218e+00
5.602690633157259725e+01,2.110913178794180212e+01,1.536220175968535218e+00
5.602690633157259725e+01,2.110913178794180212e+01,1.536220175968535218e+00
5.602690633157259725e+01,2.110913178794180212e+01,1.536220175968535218e+00
5.602690633157259725e+01,2.110913178794180212e+01,1.536220175968535218e+00
5.602690633157259725e+01,2.110913178794180212e+01,1.536220175968535218e+00
5.602690633157259725e+01,2.110913178794180212e+01,1.536220175968535218e+00
5.602690633157259725e+01,2.110913178794180212e+01,1.536220175968535218e+00
5.602690633157259725e+01,2.110913178794180212e+01,1.536220175968535218e+00
5.602690633157259725e+01,2.110913178794180212e+01,1.536220175968535218e+00
5.602690633157259725e+01,2.110913178794180212e+01,1.536220175968535218e+00
5.602690633157259725e+01,2.110913178794180212e+01,1.536220175968535218e+00
5.602690633157259725e+01,2.110913178794180212e+01,1.536220175968535218e+00
5.602690633157259725e+01,2.110913178794180212e+01,1.536220175968535218e+00
5.602690633157259725e+01,2.110913178794180212e+01,1.536220175968535218e+00
5.602690633157259725e+01,2.110913178794180212e+01,1.536220175968535218e+00
5.602690633157259725e+01,2.110913178794180212e+01,1.536220175968535218e+00
5.602690633157259725e+01,2.110913178794180212e+01,1.536220175968535218e+00
5.602690633157259725e+01,2.110913178794180212e+01,1.536220175968535218e+00
5.602690633157259725e+01,2.110913178794180212e+01,1.536220175968535218e+00
5.602690633157259725e+01,2.110913178794180212e+01,1.536220175968535218e+00
5.602690633157259725e+01,2.110913178794180212e+01,1.536220175968535218e+00
5.602690633157259725e+01,2.110913178794180212e+01,1.536220175968535218e+00
5.602690633157259725e+01,2.110913178794180212e+01,1.536220175968535218e+00
5.602690633157259725e+01,2.110913178794180212e+01,1.536220175968535218e+00
5.602690633157259725e+01,2.110913178794180212e+01,1.536220175968535218e+00
5.602690633157259725e+01,2.110913178794180212e+01,1.536220175968535218e+00
5.602690633157259725e+01,2.110913178794180212e+01,1.536220175968535218e+00
5.602690633157259725e+01,2.110913178794180212e+01,1.536220175968535218e+00
5.602690633157259725e+01,2.110913178794180212e+01,1.536220175968535218e+00
5.602690633157259725e+01,2.110913178794180212e+01,1.536220175968535218e+00
5.602690633157259725e+01,2.110913178794180212e+01,1.536220175968535218e+00
5.602690633157259725e+01,2.110913178794180212e+01,1.536220175968535218e+00
5.602690633157259725e+01,2.110913178794180212e+01,1.536220175968535218e+00
5.602690633157259725e+01,2.110913178794180212e+01,1.536220175968535218e+00
5.602690633157259725e+01,2.110913178794180212e+01,1.536220175968535218e+00
5.602690633157259725e+01,2.110913178794180212e+01,1.536220175968535218e+00
5.602690633157259725e+01,2.110913178794180212e+01,1.536220175968535218e+00
5.602690633157259725e+01,2.110913178794180212e+01,1.536220175968535218e+00
5.602690633157259725e+01,2.110913178794180212e+01,1.536220175968535218e+00
5.602690633157259725e+01,2.110913178794180212e+01,1.536220175968535218e+00
5.602690633157259725e+01,2.110913178794180212e+01,1.536220175968535218e+00
5.602690633157259725e+01,2.110913178794180212e+01,1.536220175968535218e+00
5.602690633157259725e+01,2.110913178794180212e+01,1.536220175968535218e+00
5.602690633157259725e+01,2.110913178794180212e+01,1.536220175968535218e+00
5.602690633157259725e+01,2.110913178794180212e+01,1.536220175968535218e+00
5.602690633157259725e+01,2.110913178794180212e+01,1.536220175968535218e+00
5.602690633157259725e+01,2.110913178794180212e+01,1.536220175968535218e+00
5.602690633157259725e+01,2.110913178794180212e+01,1.536220175968535218e+00
5.602690633157259725e+01,2.110913178794180212e+01,1.536220175968535218e+00
5.602690633157259725e+01,2.110913178794180212e+01,1.536220175968535218e+00
5.602690633157259725e+01,2.110913178794180212e+01,1.536220175968535218e+00
5.602690633157259725e+01,2.110913178794180212e+01,1.536220175968535218e+00
5.602690633157259725e+01,2.110913178794180212e+01,1.536220175968535218e+00
5.602690633157259725e+01,2.110913178794180212e+01,1.536220175968535218e+00
5.602690633157259725e+01,2.110913178794180212e+01,1.536220175968535218e+00
5.602690633157259725e+01,2.110913178794180212e+01,1.536220175968535218e+00
