3.807000000000000028e+01,-1.951999999999999957e+01,0.000000000000000000e+00
3.773145449148076125e+01,-1.957842431582565013e+01,-9.501486649472428922e-03
3.763823582137856505e+01,-1.963846158580817658e+01,-1.537267145635200401e-02
3.749514024041317839e+01,-1.963055349814604256e+01,-1.668567109538359947e-02
3.735749502779021469e+01,-1.960557708062105320e+01,-2.210111649760446856e-02
3.728753213635340558e+01,-1.960009168959824422e+01,1.126678839442502161e-01
3.718258245768701897e+01,-1.956785866823317477e+01,3.038299860904985494e-01
3.710459009652569762e+01,-1.955530642504548666e+01,4.559580439212928549e-01
3.704237935164427142e+01,-1.954599171076536734e+01,6.123573362950992527e-01
3.698348292010808791e+01,-1.952914579982331134e+01,7.681603623810239201e-01
3.694966837321628361e+01,-1.952050060394285680e+01,8.905656330254071440e-01
3.692037776574974828e+01,-1.947973866281311572e+01,1.207457416948538365e+00
3.680873897763207481e+01,-1.933421659171233031e+01,1.522702224793302639e+00
3.670414186341088225e+01,-1.919493198867322903e+01,1.648315368525306468e+00
3.660805942428115145e+01,-1.904077159600412728e+01,1.724050724467765416e+00
3.655792197594877990e+01,-1.890054243975925274e+01,1.777142849611483166e+00
3.649323959782675786e+01,-1.875734584110760750e+01,1.815403574663491337e+00
3.644626494616185397e+01,-1.863371042145401901e+01,1.815195455007472036e+00
3.639759999880968167e+01,-1.850194645643486524e+01,1.816677683243275609e+00
3.634542039273515002e+01,-1.836032514118627290e+01,1.799600352117623592e+00
3.630117351452517482e+01,-1.824406911285415234e+01,1.780366519896307231e+00
3.624203678082854907e+01,-1.808630166117279003e+01,1.745723033032261950e+00
3.620381674909186387e+01,-1.796860620287865373e+01,1.728828410708248775e+00
3.614652377550228834e+01,-1.778622504899766454e+01,1.695071255209906314e+00
3.612628315057889239e+01,-1.766715411659380663e+01,1.676962572709125299e+00
3.607603316022280637e+01,-1.752676808333464820e+01,1.660218303214501701e+00
3.604929785296381795e+01,-1.738384249853128694e+01,1.643511523732860136e+00
3.602577697134001511e+01,-1.729385802774646663e+01,1.591837571265178441e+00
3.601302167347986938e+01,-1.715213448381152972e+01,1.609222290127576782e+00
3.598910590642539375e+01,-1.703343901065254684e+01,1.607056534220963284e+00
3.594962822471229913e+01,-1.686942234004686725e+01,1.624319687491274644e+00
3.592522680121970069e+01,-1.675055970573122011e+01,1.624429114375440797e+00
3.589690939348085408e+01,-1.660159134942680836e+01,1.645167022898791132e+00
3.585523631482337947e+01,-1.648040165217927466e+01,1.629562413591719938e+00
3.582416279310180585e+01,-1.633612718552139853e+01,1.628667699268019131e+00
3.580538069250592059e+01,-1.619291398550596739e+01,1.608852316739427524e+00
3.577821767195463565e+01,-1.606998768715290637e+01,1.607190855834443433e+00
3.574700793078216066e+01,-1.588619640795304555e+01,1.623266326337145848e+00
3.572355326341759962e+01,-1.576594567473607000e+01,1.623181926440116607e+00
3.571555532367688102e+01,-1.564672661448305568e+01,1.624866449030304860e+00
3.569099298756449912e+01,-1.550210445688394501e+01,1.619050405824883132e+00
3.567650155559762482e+01,-1.535411829724325727e+01,1.621360547810797970e+00
3.564700906090258314e+01,-1.518931432268523452e+01,1.621345272489140399e+00
3.561835018463084168e+01,-1.505711544059132301e+01,1.622299025931041028e+00
3.560114262230667492e+01,-1.490592824819926321e+01,1.626551206622736778e+00
3.559283468651057092e+01,-1.476150937765238425e+01,1.630498793008688718e+00
3.556923999955583326e+01,-1.463383517180513138e+01,1.629535990244337818e+00
3.555627198984684156e+01,-1.449257969758347819e+01,1.632368115382278884e+00
3.554398457300959535e+01,-1.435283175313876391e+01,1.613120082117441845e+00
3.553411392324054674e+01,-1.423344403780946088e+01,1.614137311931247432e+00
3.552014305518756743e+01,-1.409085677250252644e+01,1.580715986074178625e+00
3.549787118516317719e+01,-1.395078898145432333e+01,1.596753396360709010e+00
3.546274209830581015e+01,-1.383403885605823191e+01,1.599332903712604281e+00
3.544748049342804563e+01,-1.367975260950353800e+01,1.617766333771448739e+00
3.543994136331397016e+01,-1.354111277040638583e+01,1.633694912134856514e+00
3.541148337114452715e+01,-1.342119351893697576e+01,1.631657813396516277e+00
3.539140295393084301e+01,-1.327603334165508997e+01,1.612552866309153510e+00
3.538459783633650346e+01,-1.313719422672840764e+01,1.597958527346428070e+00
3.536226740556580239e+01,-1.302741537579007414e+01,1.564183978479541492e+00
3.535400329629518978e+01,-1.289068460893392398e+01,1.545346823558610083e+00
3.534409721177058117e+01,-1.273137580548656445e+01,1.596593253097022824e+00
3.534481129812969158e+01,-1.259367186412898931e+01,1.647980583243607411e+00
3.532099628077351383e+01,-1.247579428804571222e+01,1.683130933210156499e+00
3.526868183693771641e+01,-1.233704345755376508e+01,1.697267337958105138e+00
3.523074412432218594e+01,-1.222259016013696353e+01,1.732329287813756613e+00
3.519776880029618837e+01,-1.208877166805883618e+01,1.746939592536823183e+00
3.511583918837180818e+01,-1.185100526176348978e+01,1.762655973564822398e+00
3.504809554993573784e+01,-1.171891284573970182e+01,1.782024443606619490e+00
3.498054985619162949e+01,-1.160862309573734485e+01,1.778336341468940596e+00
3.491943607885249179e+01,-1.143910656132588244e+01,1.797767886191842690e+00
3.486184026087551757e+01,-1.131964774006348406e+01,1.814533526323470536e+00
3.479026260985534691e+01,-1.119090538997347650e+01,1.904098654119614098e+00
3.474108116739232344e+01,-1.108821600703872967e+01,1.989717914346665006e+00
3.465657008909832371e+01,-1.099733925035998716e+01,2.054489864810988831e+00
3.456278755503956290e+01,-1.087554886605321869e+01,2.138221447811191833e+00
3.447870581377736698e+01,-1.079889823249191139e+01,2.153082866458913891e+00
3.437569337827994786e+01,-1.068013100991177389e+01,2.188942613457075304e+00
3.427144662573229539e+01,-1.060186993838015823e+01,2.243133193654930135e+00
3.415776566858579599e+01,-1.052053375863745543e+01,2.269975415923910056e+00
3.410917505792453142e+01,-1.047996713423382964e+01,2.292228128065438852e+00
3.403032656154256586e+01,-1.043935405778457692e+01,2.313868144117877002e+00
3.391237533076653676e+01,-1.036625170166677812e+01,2.348938245994627749e+00
3.385086626425442091e+01,-1.033999726315557943e+01,2.366518350701910745e+00
3.372702790153556407e+01,-1.028234148558238026e+01,2.407827781086549823e+00
3.365626372348170037e+01,-1.027772627515011727e+01,2.440712167534996535e+00
3.351963890277966129e+01,-1.026485096632272587e+01,2.463710492793573348e+00
3.346326084318529581e+01,-1.023236628609877386e+01,2.515708968398374878e+00
3.339840966397122202e+01,-1.022295120118646317e+01,2.561534646508732749e+00
3.333800639226946316e+01,-1.020310664879180429e+01,2.590127439152962729e+00
3.325398486706298229e+01,-1.018067562843964069e+01,2.656885910201032708e+00
3.318058825553266900e+01,-1.017051654251217130e+01,2.744173271307726480e+00
3.311315867268069724e+01,-1.015782526909769956e+01,2.785381970146157293e+00
3.299069005801479904e+01,-1.014079936486210798e+01,2.828755754896306041e+00
3.289382033851584453e+01,-1.012014505414589394e+01,2.861506469871777814e+00
3.282320721645511696e+01,-1.012083285113427422e+01,2.899236568185202589e+00
3.274534945826189869e+01,-1.010568917831981928e+01,2.990731872056981544e+00
3.262873767713396944e+01,-1.009778957682972234e+01,3.073179906338169509e+00
3.256184110114940466e+01,-1.009559464196316725e+01,-3.129646543067217568e+00
3.248702357952841169e+01,-1.009406082533839566e+01,-3.090547215801994874e+00
3.239356487442971400e+01,-1.009358108531829679e+01,-3.074591341295186186e+00
3.233950334141006522e+01,-1.010358539696122371e+01,-2.993223117553179158e+00
3.230868583800057792e+01,-1.011630428607235466e+01,-2.932822281885688831e+00
3.226728339403401691e+01,-1.012794453228326930e+01,-2.916738201682666620e+00
3.220362437943020950e+01,-1.013945484754202653e+01,-2.939617144069738508e+00
3.217855761078639176e+01,-1.015135094308690711e+01,-2.927414568743635037e+00
3.213948017532908352e+01,-1.017114870028138718e+01,-2.853674187327075895e+00
3.205207176487130027e+01,-1.020343311100659633e+01,-2.787275685181019202e+00
3.197572503581142556e+01,-1.024037253395748337e+01,-2.750322489223917533e+00
3.187760255150610789e+01,-1.029256648443989164e+01,-2.726049461244100858e+00
3.182517491025953404e+01,-1.033244973729048866e+01,-2.711487887336093028e+00
3.174211044402984072e+01,-1.037285480663554793e+01,-2.714973562173635724e+00
3.169145408273794118e+01,-1.040698163844639623e+01,-2.714060741905544027e+00
3.156381715558200796e+01,-1.046690922167220172e+01,-2.706999892863171997e+00
3.147757316640375436e+01,-1.051617966354703171e+01,-2.688819309741674157e+00
3.139874167690569351e+01,-1.055686928868342278e+01,-2.701502531488942260e+00
3.126678318080451646e+01,-1.061907685031766135e+01,-2.668022383003382458e+00
3.115975025775180995e+01,-1.068048432928586244e+01,-2.703332621962190707e+00
3.103777789793698716e+01,-1.073954307748246961e+01,-2.620427097020528784e+00
3.094578481336393594e+01,-1.079882557683948363e+01,-2.524504402926962765e+00
3.083647073303147579e+01,-1.087815306098356238e+01,-2.359203717298053782e+00
3.071692768619485747e+01,-1.098919534541678900e+01,-2.222793639051737546e+00
3.063655982731754079e+01,-1.107466537930678108e+01,-2.186410314984532643e+00
3.053566020014511651e+01,-1.117421570719515245e+01,-2.174263710225385005e+00
3.041673058403726415e+01,-1.128507143111372457e+01,-2.086638448791411804e+00
3.039918408801137772e+01,-1.128903085626690483e+01,-1.620054377660865352e+00
3.038114652841978014e+01,-1.131886968882295008e+01,-1.568604399406291705e+00
3.033080365582498672e+01,-1.141349629725618087e+01,-1.902962166546880329e+00
2.944554828755817510e+01,-1.181889078360372380e+01,-2.705368963988448172e+00
2.817239989465057448e+01,-1.219395620736357699e+01,-2.596709914446484913e+00
2.804102336570295506e+01,-1.224741865958237597e+01,-2.614964044335295945e+00
2.790495965923302890e+01,-1.229798046009678458e+01,-2.613057247391684434e+00
2.778223134017537177e+01,-1.233743111504081291e+01,-2.617809739270200442e+00
2.765184286358228150e+01,-1.238547351422935705e+01,-2.617696460381064405e+00
2.752811071253617570e+01,-1.243340664112755789e+01,-2.618599909353851007e+00
2.741263931749428906e+01,-1.246376867922631426e+01,-2.706352726780105300e+00
2.727478027962760621e+01,-1.249814143006380007e+01,-2.685401773738018250e+00
2.711641599087077381e+01,-1.254246829888485237e+01,-2.686914995664037242e+00
2.698489999163206932e+01,-1.258856819746994304e+01,-2.662740805209243167e+00
2.686675208227329748e+01,-1.262141822575381589e+01,-2.642579327010166512e+00
2.671337496740858697e+01,-1.266377422964319521e+01,-2.628696592996876635e+00
2.659285305410364231e+01,-1.270466022042721477e+01,-2.615114930632584489e+00
2.645388065358140040e+01,-1.275435634449898359e+01,-2.611775701692585994e+00
2.630384690510877022e+01,-1.280010205749780283e+01,-2.595297554160087117e+00
2.617563283971771071e+01,-1.285010566436500490e+01,-2.613198779169829233e+00
2.606373580891528974e+01,-1.288985973054571943e+01,-2.615450915377205643e+00
2.591347233459664068e+01,-1.293826127719158592e+01,-2.611253691597303028e+00
2.574947554976554542e+01,-1.299358178960140364e+01,-2.630161061719066051e+00
2.562158451244542334e+01,-1.304252000714145865e+01,-2.626996144097088592e+00
2.547303164109737850e+01,-1.308885525154269125e+01,-2.628919782272879591e+00
2.534468362222926885e+01,-1.313538912005961024e+01,-2.647686607451213536e+00
2.521043181020283086e+01,-1.317749049041544218e+01,-2.629134847659349017e+00
2.509084823429229516e+01,-1.322123602176556290e+01,-2.631123056133390925e+00
2.495337059206910979e+01,-1.327064115934430255e+01,-2.635042332090260064e+00
2.481517909628001206e+01,-1.332031908276461607e+01,-2.636382205898639253e+00
2.471142049999119550e+01,-1.336192364530412746e+01,-2.640398981352593211e+00
2.452696155861447380e+01,-1.342502805482567041e+01,-2.641505300034437731e+00
2.440245327056199898e+01,-1.346476046331710918e+01,-2.643822673582115090e+00
2.426718292817520961e+01,-1.351447272985893555e+01,-2.647186015031004924e+00
2.414473838966893737e+01,-1.355087711561599129e+01,-2.650062706243892396e+00
2.400824048879566064e+01,-1.359828224320349754e+01,-2.651746560151119425e+00
2.387380407879794220e+01,-1.364854426963711909e+01,-2.654056837041681494e+00
2.373630210592693146e+01,-1.369740723382400915e+01,-2.654182462618586147e+00
2.359579744207408680e+01,-1.374534716888208763e+01,-2.650314994289962645e+00
2.347076683256924667e+01,-1.378636432526925937e+01,-2.651832768935856510e+00
2.333074386182826743e+01,-1.383554495868635925e+01,-2.648433445127322816e+00
2.322098811173225741e+01,-1.388015160278135696e+01,-2.649688045400134140e+00
2.309603282622197895e+01,-1.392318538700954278e+01,-2.651497077413809134e+00
2.291306567709522568e+01,-1.398566001021496774e+01,-2.647652481041586459e+00
2.277160939729519740e+01,-1.403520900354450873e+01,-2.646162845900563276e+00
2.265534943701269555e+01,-1.407428744520356290e+01,-2.649607374305597673e+00
2.252584633094199873e+01,-1.411486215641289022e+01,-2.644511781855694021e+00
2.236002908703987657e+01,-1.417015523637478047e+01,-2.645175020238743180e+00
2.222433258134397249e+01,-1.420869414462293356e+01,-2.646785425972776551e+00
2.206591569225240690e+01,-1.426065484279407158e+01,-2.648578240674708262e+00
2.191154095679264202e+01,-1.432032945415951986e+01,-2.643826284904547741e+00
2.177110796247195168e+01,-1.436260456842965816e+01,-2.640491145464927580e+00
2.157013258736110828e+01,-1.443244360094076129e+01,-2.642228636729487157e+00
2.143412472736023489e+01,-1.448371629389063031e+01,-2.621948799671907526e+00
2.132584490460300941e+01,-1.452506940936959623e+01,-2.669728015952248512e+00
2.118466748528348376e+01,-1.457345396054107489e+01,-2.666552846824752354e+00
2.104384826346398540e+01,-1.461738502259367856e+01,-2.651430270550174217e+00
2.090191104612358686e+01,-1.466496434567407192e+01,-2.632567001721826117e+00
2.079681426363942265e+01,-1.470461652364000393e+01,-2.616756736984238607e+00
2.062293109514902412e+01,-1.475956156778295991e+01,-2.599331847377938765e+00
2.048238272109101743e+01,-1.480880177876303705e+01,-2.600694571188639337e+00
2.035242564189093883e+01,-1.485379404271603931e+01,-2.600683011559563607e+00
2.020729280472781753e+01,-1.490139598816930544e+01,-2.601118383776985343e+00
2.008635657732538959e+01,-1.495133996558393186e+01,-2.602070445656483155e+00
1.997280706663156025e+01,-1.498929956959693399e+01,-2.602362288873679042e+00
1.981565598621361701e+01,-1.504688718713905260e+01,-2.602075559023841134e+00
1.969969418606252987e+01,-1.508721811681348690e+01,-2.602371784788843012e+00
1.959934377179695275e+01,-1.512868471720192787e+01,-2.599722556263446727e+00
1.947993352283890189e+01,-1.518052545836036060e+01,-2.616732895806916037e+00
1.933252823560103195e+01,-1.523107857419348932e+01,-2.617620571248881589e+00
1.907719074979150875e+01,-1.532125020696785889e+01,-2.619960137048354287e+00
1.890754224551804441e+01,-1.538735245338454405e+01,-2.622592228509608603e+00
1.879049589851572932e+01,-1.542964245617286068e+01,-2.622047690233936912e+00
1.864920218657119477e+01,-1.547986325494961690e+01,-2.623116943587537442e+00
1.852430645606433046e+01,-1.552209232546248430e+01,-2.624748562517781103e+00
1.837130559094919491e+01,-1.557725807104812077e+01,-2.623968351611654537e+00
1.823885631126495710e+01,-1.561882556207961059e+01,-2.601247682089530056e+00
1.809742516467316165e+01,-1.566683569682293609e+01,-2.599211937636374259e+00
1.798253489817993156e+01,-1.571275640093021941e+01,-2.600651372656247684e+00
1.786651692162507743e+01,-1.575907567040535540e+01,-2.581009443022019401e+00
1.776818925018852724e+01,-1.581223004369157614e+01,-2.617482922004558787e+00
1.766153332564527290e+01,-1.584276798419215027e+01,-2.692429991393754829e+00
1.753527291764077489e+01,-1.588358747115621838e+01,-2.675800606278944560e+00
1.741448941755238167e+01,-1.592699997580840332e+01,-2.653335383513726775e+00
1.731979027461868270e+01,-1.596458583171064305e+01,-2.645535947412991362e+00
1.717457666911781189e+01,-1.601961017917474095e+01,-2.609339621515000207e+00
1.704539057779775391e+01,-1.606785625962699982e+01,-2.585181552247736825e+00
1.696335263755667100e+01,-1.610890287940800647e+01,-2.588266751168289304e+00
1.680295764454748308e+01,-1.616203147657499883e+01,-2.567096169360474356e+00
1.671501913034314413e+01,-1.620538107070865408e+01,-2.569024491627006412e+00
1.660702763975222140e+01,-1.624456987358227522e+01,-2.572257253808350352e+00
1.649938612717718911e+01,-1.629601569592810861e+01,-2.569431021546190852e+00
1.637394121437224470e+01,-1.634880490304504619e+01,-2.566174241184907778e+00
1.622976164782078712e+01,-1.639720024320777014e+01,-2.567285507639297748e+00
1.613948944061312574e+01,-1.643334735375240285e+01,-2.579732456368844407e+00
1.599702169828089460e+01,-1.649336869496366731e+01,-2.606087769295767131e+00
1.590132968428668825e+01,-1.653409456274501466e+01,-2.585800017107501514e+00
1.577545591852873841e+01,-1.658210114124284473e+01,-2.588202956195980065e+00
1.570158557917429043e+01,-1.662734398757637422e+01,-2.592032920882558322e+00
1.557986064735232112e+01,-1.668321103473802935e+01,-2.576172023157711433e+00
1.550402157142582560e+01,-1.672531417510130680e+01,-2.593241284528211121e+00
1.538831104963744245e+01,-1.677638081790642843e+01,-2.589941832631297292e+00
1.529678854323731407e+01,-1.682856665206016089e+01,-2.574686170109097727e+00
1.518682299529189450e+01,-1.690246534529486055e+01,-2.564075070939964007e+00
1.510214020829619308e+01,-1.694190848154081408e+01,-2.561990651409575381e+00
1.503536835105779268e+01,-1.698949239049645143e+01,-2.542135723342390019e+00
1.494411782486013607e+01,-1.705893913578473686e+01,-2.533186967613662244e+00
1.486076776248837028e+01,-1.710681216060415721e+01,-2.521062149227756954e+00
1.473254712655948495e+01,-1.716260907568692318e+01,-2.521370832478349477e+00
1.470131808361911574e+01,-1.721821664468367175e+01,-2.516449105803773012e+00
1.464262958395293879e+01,-1.726174446991129230e+01,-2.513029435008221402e+00
1.458356953377336040e+01,-1.731031421289695160e+01,-2.502192802364237689e+00
1.453420460063356145e+01,-1.735888042609457571e+01,-2.496553679735406206e+00
1.447059423764515351e+01,-1.739987122447489298e+01,-2.475130274363879224e+00
1.441186645495531948e+01,-1.745923053412688475e+01,-2.478577562257389122e+00
1.434706625923755041e+01,-1.750966058832105787e+01,-2.472688051189862346e+00
1.432635556188342285e+01,-1.756414817840979481e+01,-2.470175169263631787e+00
1.428278953678925589e+01,-1.762348646372119987e+01,-2.476706126381321926e+00
1.424715962651697687e+01,-1.769510140522520913e+01,-2.454570024027811215e+00
1.424190144628593835e+01,-1.772687948077059161e+01,-2.452491311642267302e+00
1.422585690986640827e+01,-1.779301604765156952e+01,-2.463815623108535746e+00
1.417773790352243779e+01,-1.784846500324222518e+01,-2.485295329683862686e+00
1.414820192904313778e+01,-1.789591254402295917e+01,-2.494840806522615750e+00
1.412496917576888755e+01,-1.794444550479566658e+01,-2.483196673122901821e+00
1.408675773162136480e+01,-1.799876675637464984e+01,-2.472531282508136474e+00
1.406688350126257525e+01,-1.807452062363537948e+01,-2.488939432276040531e+00
1.406690428875347187e+01,-1.812408222965880356e+01,-2.507918436286826758e+00
1.405559230103750323e+01,-1.818437159046258600e+01,-2.479831458033193048e+00
1.410615942112466747e+01,-1.822484428721503136e+01,-2.449814021194293368e+00
1.410468939071454386e+01,-1.830063215579399838e+01,-2.444617982564716741e+00
1.409735314500691672e+01,-1.834622356585984448e+01,-2.433490495974135470e+00
1.407816517822664437e+01,-1.839541863157654689e+01,-2.426319983589961371e+00
1.407356007293004119e+01,-1.846685544742042140e+01,-2.408870427078069643e+00
1.406887842815431178e+01,-1.852918724404095485e+01,-2.410090601668466892e+00
1.404247860679968340e+01,-1.857982199185966010e+01,-2.394061834556184376e+00
1.401461397412291632e+01,-1.863468033399770007e+01,-2.394923488244590892e+00
1.396922865115904955e+01,-1.868790913609837645e+01,-2.391492961202748013e+00
1.394564321382949323e+01,-1.875385045044911081e+01,-2.398322453106821239e+00
1.396361746659555081e+01,-1.879566771140724768e+01,-2.394444530412493499e+00
1.393889950351130835e+01,-1.888394080313445755e+01,-2.408945527982262913e+00
1.388370249793862676e+01,-1.897258770948766937e+01,-2.417161922223491022e+00
1.381800492280529014e+01,-1.903809761978360626e+01,-2.381873699645582043e+00
1.380873400260100325e+01,-1.909551075682560395e+01,-2.372105840195540161e+00
1.377900202436365973e+01,-1.917171654692250371e+01,-2.354145146822268941e+00
1.375999432452615423e+01,-1.922415176807807313e+01,-2.373200394943418168e+00
1.375152246239773746e+01,-1.927312172245646238e+01,-2.401390924426941798e+00
1.370772139304005499e+01,-1.935991910871942778e+01,-2.428486007848788653e+00
1.369778605471557320e+01,-1.941563734101956484e+01,-2.460863935916458800e+00
1.365869483585397326e+01,-1.949206094528337019e+01,-2.468523258542087540e+00
1.366964030466563429e+01,-1.954104154220743794e+01,-2.472591208352045378e+00
1.364887090023341187e+01,-1.962236501977390191e+01,-2.470073150237773518e+00
1.362826725811644835e+01,-1.969530860980947296e+01,-2.481538161082736060e+00
1.360140714617806168e+01,-1.976301995607348516e+01,-2.489319574991920359e+00
1.360529079126824747e+01,-1.981711847674786497e+01,-2.521725868768724066e+00
1.361303978159273598e+01,-1.986778210556072821e+01,-2.532457472834187762e+00
1.361334521556424804e+01,-1.993957281912248192e+01,-2.534267071653158343e+00
1.362281622541939186e+01,-2.002129696077541965e+01,-2.531738634689081557e+00
1.364817561465521578e+01,-2.007264742205254038e+01,-2.546921332495923895e+00
1.369617485056859252e+01,-2.015283222036737243e+01,-2.552005317597405121e+00
1.369791143534649080e+01,-2.019684034479536194e+01,-2.556308224312534794e+00
1.367476889419644337e+01,-2.025494083087883368e+01,-2.570201707103374922e+00
1.369063405396851962e+01,-2.031252487446207056e+01,-2.548416385783040639e+00
1.368531496015171101e+01,-2.038369587305376029e+01,-2.548945813231218604e+00
1.368050742550649090e+01,-2.044878515396449714e+01,-2.535199186638442015e+00
1.364650734340002103e+01,-2.050686136157642991e+01,-2.525515302396500239e+00
1.358088852991552642e+01,-2.058904517731723871e+01,-2.512706360523128346e+00
1.357461722250112324e+01,-2.068225382203924312e+01,-2.484174859449385320e+00
1.353659965504314933e+01,-2.076715219933628376e+01,-2.479449417451421667e+00
1.349638605063107910e+01,-2.083687441975666488e+01,-2.450867203220923329e+00
1.343144977205172985e+01,-2.094535194897154895e+01,-2.393870464698356848e+00
1.344887188838054826e+01,-2.102519938519118625e+01,-2.391957668805886783e+00
1.343361408701487747e+01,-2.108517980930074742e+01,-2.417114338494052550e+00
1.336577991304342206e+01,-2.114476202069027266e+01,-2.418157693336160374e+00
1.334878250529015808e+01,-2.120685337024173833e+01,-2.451139660843797863e+00
1.333702603665875230e+01,-2.126689618349910660e+01,-2.463192099022623260e+00
1.332228609133340136e+01,-2.131058307902827309e+01,-2.471994157521492319e+00
1.328136272668763596e+01,-2.137344193476734944e+01,-2.485266201415086584e+00
1.325205716977172088e+01,-2.143897758929089292e+01,-2.519827088560683492e+00
1.323276746178210317e+01,-2.149413374026177337e+01,-2.581451619251077023e+00
1.322904645451326289e+01,-2.154110004682779334e+01,-2.648849777063950750e+00
1.320622200299716908e+01,-2.158280624626733157e+01,-2.730079406732392577e+00
1.318416118721500396e+01,-2.159184124231087765e+01,-2.776783360422163227e+00
1.315189380197468871e+01,-2.160089760011090476e+01,-2.855990531389739129e+00
1.312654291596133049e+01,-2.159718776726528233e+01,-2.935501971475928507e+00
1.310172872786902865e+01,-2.158528269892644857e+01,-2.989810253917525973e+00
1.303329255985886093e+01,-2.157062661722621755e+01,-3.047484784601149688e+00
1.300114767048992448e+01,-2.152856084121228264e+01,-3.063630989814370764e+00
1.295979564418302843e+01,-2.149794072855689109e+01,-3.087415113531303490e+00
1.296678470567103858e+01,-2.146957518218229666e+01,3.124472114778458209e+00
1.301379383931334743e+01,-2.147085524000930334e+01,3.015019271574498116e+00
1.303338894494701883e+01,-2.144714078770990540e+01,2.879578731267876002e+00
1.307200399854874107e+01,-2.141964439107324125e+01,2.770783279033479651e+00
1.311711194278889892e+01,-2.132618830947204103e+01,2.660853152696606827e+00
1.312300862658264045e+01,-2.124836226864995226e+01,2.592857502024386029e+00
1.313703214883407711e+01,-2.115766737938678688e+01,2.542458404120560456e+00
1.315525288076237587e+01,-2.104800074307869551e+01,2.515064920157248807e+00
1.315359967720689838e+01,-2.096273057183535471e+01,2.483651662716153119e+00
1.313623028086080424e+01,-2.086850311818517412e+01,2.473071551298867465e+00
1.315701750155295358e+01,-2.078566015320146221e+01,2.465265760224621960e+00
1.315844386200304328e+01,-2.065904959468968372e+01,2.420687296176493142e+00
1.317387752216584929e+01,-2.056936160075577291e+01,2.400990919766933018e+00
1.317397790391832579e+01,-2.043208352956246188e+01,2.372396807744478142e+00
1.317225660358867856e+01,-2.032663987714658305e+01,2.359106850773572628e+00
1.317753373053466426e+01,-2.019606057664586629e+01,2.324730561582222688e+00
1.316326454581530925e+01,-2.005534823987854054e+01,2.307949828899736655e+00
1.317398175127170390e+01,-1.994282210758171203e+01,2.236025749182804834e+00
1.320274590658096159e+01,-1.981020151201870760e+01,2.234955747811563143e+00
1.321402109439705086e+01,-1.967559630183811237e+01,2.242203576664874021e+00
1.321825531721303548e+01,-1.953601585029067422e+01,2.224961212724562820e+00
1.322517845061327790e+01,-1.938973227799715460e+01,2.229397554943904680e+00
1.326830599808536526e+01,-1.924914894075060801e+01,2.242532108294711168e+00
1.327095665368219635e+01,-1.911336412485453451e+01,2.236922241286394719e+00
1.327141888330109865e+01,-1.900957813336333402e+01,2.242026074876499298e+00
1.327438187677870474e+01,-1.887340069702693768e+01,2.243358567551546390e+00
1.326637814852356456e+01,-1.875279031359748672e+01,2.242326997145601908e+00
1.326758613719277768e+01,-1.859489607166045744e+01,2.247621496652248752e+00
1.326753838614730796e+01,-1.846871766709123364e+01,2.247366294440782397e+00
1.327256079783713894e+01,-1.832521275962299256e+01,2.249682912862269735e+00
1.327930228473670660e+01,-1.819015271593761440e+01,2.244868707469130698e+00
1.331336009683483468e+01,-1.809338498294141928e+01,2.221322435224316827e+00
1.329873752852939184e+01,-1.792423314437336757e+01,2.218117501070288711e+00
1.330136004191469468e+01,-1.781578201196227340e+01,2.248465932313988613e+00
1.329095828123484502e+01,-1.769309931119864387e+01,2.251941102037288367e+00
1.327039016415678674e+01,-1.757091599098282941e+01,2.247485527674067729e+00
1.327624876781135121e+01,-1.743504164299310588e+01,2.246461765239819108e+00
1.329004424965875231e+01,-1.730510072169683511e+01,2.250620403494212773e+00
1.328649934605942029e+01,-1.719921973669608661e+01,2.265488952893496499e+00
1.328141778562760322e+01,-1.706592394792681233e+01,2.275750584336948990e+00
1.330088144899546521e+01,-1.692267004545331588e+01,2.273512697937617677e+00
1.331131782695186416e+01,-1.678790038037916688e+01,2.279909651189638620e+00
1.331228063573852083e+01,-1.666650611072807209e+01,2.274753403557932874e+00
1.332777252475774432e+01,-1.656554540439771017e+01,2.301883081024823863e+00
1.331203658564349013e+01,-1.640235518060713105e+01,2.300172572507655389e+00
1.332038326573476716e+01,-1.630453881752902134e+01,2.280277506420164357e+00
1.331630255370124871e+01,-1.619242767710841235e+01,2.283629259610899354e+00
1.331687320925517604e+01,-1.605830389736350128e+01,2.303103231002896933e+00
1.330449534084962160e+01,-1.592297163978415497e+01,2.333332775995109909e+00
1.331385556056887864e+01,-1.580878355009472003e+01,2.333989757939913368e+00
1.331045844575618631e+01,-1.566803417422028843e+01,2.342901675743430445e+00
1.332301126718466833e+01,-1.552263649186018846e+01,2.334714396195824104e+00
1.332238160608616084e+01,-1.540190432063084458e+01,2.331385828360358126e+00
1.332104117901583962e+01,-1.526676016399915525e+01,2.354031363326211768e+00
1.331892486628801464e+01,-1.513299039103621624e+01,2.347519460295079519e+00
1.333388535686003884e+01,-1.498399555363482527e+01,2.341987413278662000e+00
1.332224833094980809e+01,-1.483281229752807739e+01,2.346345112012984568e+00
1.331782627849160860e+01,-1.470136532727202905e+01,2.333436725779518550e+00
1.330566261514194970e+01,-1.458631193189632214e+01,2.333809410108303339e+00
1.329981285285457560e+01,-1.445761652903414607e+01,2.302624985998635410e+00
1.330172724300782150e+01,-1.431141485882345776e+01,2.301807158021397903e+00
1.329932502497941371e+01,-1.419570701750228281e+01,2.303876408593835912e+00
1.328662920387292168e+01,-1.407300468311954766e+01,2.305534021256900878e+00
1.328646061316016969e+01,-1.393986995973327048e+01,2.298645524892945602e+00
1.327340666825316617e+01,-1.380119871518647656e+01,2.294372475208854123e+00
1.328551728523879660e+01,-1.369972654103374055e+01,2.303266059523402021e+00
1.329145722049754852e+01,-1.358410429223592431e+01,2.292441835813387119e+00
1.327066488392547861e+01,-1.345109740846468149e+01,2.288690328979486655e+00
1.327707634224242206e+01,-1.329462274049713777e+01,2.283768798243703824e+00
1.328083483145470289e+01,-1.317427905252837661e+01,2.292329614522529369e+00
1.329857574868158920e+01,-1.304898089463596378e+01,2.315218591477925969e+00
1.330005217630921521e+01,-1.289860310883685912e+01,2.320681654590829979e+00
1.331149633146566913e+01,-1.277950093189461711e+01,2.357262454647602645e+00
1.330345419606041624e+01,-1.265779799832313302e+01,2.374282641113608872e+00
1.331374825509240978e+01,-1.254154164676184458e+01,2.391613794474783283e+00
1.329763096318249715e+01,-1.242488375761995911e+01,2.402606546561849576e+00
1.328986755730964120e+01,-1.232610210216699009e+01,2.417276835447714767e+00
1.328745744220899994e+01,-1.222855049183434595e+01,2.419765486777651908e+00
1.328444682842991043e+01,-1.212622789019263436e+01,2.440324316466069288e+00
1.323843236688142255e+01,-1.199264321050772253e+01,2.435895739023878903e+00
1.323643277426443987e+01,-1.187985592275377300e+01,2.425310553506609512e+00
1.323243898643456795e+01,-1.175764935281247858e+01,2.414724202350856164e+00
1.324945735103408317e+01,-1.165075257951640708e+01,2.391950229661177207e+00
1.324475350850988065e+01,-1.151621088842257024e+01,2.376061164637785161e+00
1.323742351579959120e+01,-1.140038522353423289e+01,2.365337846092042007e+00
1.323848301150008311e+01,-1.129096015516824458e+01,2.328343391664984718e+00
1.325622288990866871e+01,-1.117124928540984818e+01,2.322521996234337749e+00
1.326504794086561390e+01,-1.105708618743554439e+01,2.309870842055420148e+00
1.324189586384057193e+01,-1.092256922019826426e+01,2.280605319283197208e+00
1.326382663880159107e+01,-1.083876509530770704e+01,2.253003517666154920e+00
1.326399983529339721e+01,-1.070038802203222161e+01,2.216201058834616155e+00
1.329261192930533042e+01,-1.063366882634613120e+01,2.206067140100711033e+00
1.328823642847499542e+01,-1.052192369991449539e+01,2.216343996920600912e+00
1.328354720568947300e+01,-1.044937688188544200e+01,2.230680781140010893e+00
1.327783832422196575e+01,-1.035623575912995165e+01,2.213686077810564701e+00
1.326904074325942418e+01,-1.025747286854424800e+01,2.231886988730977350e+00
1.327455785362022489e+01,-1.020469098982518474e+01,2.228715029338649067e+00
1.327290965269132705e+01,-1.013501337452975193e+01,2.238575231047776892e+00
1.330123082245417265e+01,-1.008170222915985903e+01,2.242812446053969566e+00
1.322911749767760625e+01,-1.004696550982507475e+01,2.235094511400333328e+00
1.323054511998787675e+01,-1.003624825343432292e+01,2.221608389176684462e+00
1.318707191836429260e+01,-1.000533800499907500e+01,2.254988931521072715e+00
1.321807496679221927e+01,-9.998809749615810816e+00,2.263505856843434749e+00
1.322476687629625758e+01,-9.988473768378124618e+00,2.318421364558509001e+00
1.311987226885357494e+01,-9.941575977932672004e+00,2.345904679603304288e+00
1.309546896930626225e+01,-9.895708064187060060e+00,2.343733399464818845e+00
1.310160986099728575e+01,-9.864501734585319426e+00,2.317330536788014150e+00
1.308691534029248515e+01,-9.830381535551531158e+00,2.308267208788517433e+00
1.301732370641479264e+01,-9.821944917168108802e+00,2.303915647257013255e+00
1.290124572263150249e+01,-9.809744717234783806e+00,2.316884292102757481e+00
1.269569401704315936e+01,-9.804060061547559712e+00,2.304657250517092582e+00
1.223088959357417771e+01,-9.799910658108181849e+00,2.261411417789153777e+00
1.257521213076773314e+01,-9.798212128819249855e+00,2.226650975097467011e+00
1.261743381510591888e+01,-9.800326605764176691e+00,2.195554693198491947e+00
1.276923718381945605e+01,-9.793961085609172557e+00,2.229391692358769994e+00
1.291199727750898774e+01,-9.784754178035861116e+00,2.162563234116877453e+00
1.267548816222835129e+01,-9.789312664639716388e+00,2.104760192961700138e+00
1.263565100429316246e+01,-9.792746488993431697e+00,2.108075937116828502e+00
1.254273465932105402e+01,-9.793572745995579254e+00,2.101818248613011697e+00
1.247679167403337352e+01,-9.660848347759998234e+00,2.099982919727362507e+00
1.240008895998515825e+01,-9.527864135308561799e+00,2.100727015811010290e+00
1.233896501389682143e+01,-9.417651262462825912e+00,2.099624872429467271e+00
1.226050249546748816e+01,-9.287634644728726130e+00,2.094396859235668540e+00
1.219245966210546328e+01,-9.157794095507858501e+00,2.109271491514984831e+00
1.213071593756954769e+01,-9.045972802706467419e+00,2.110392188416715609e+00
1.203832291136057719e+01,-8.913374569550720494e+00,2.092415846236429733e+00
1.151276955555335846e+01,-8.711395587081312897e+00,2.405685699237814390e+00
1.126796837200549461e+01,-8.519387735400725248e+00,2.429940390528706473e+00
1.130075778688201460e+01,-8.355305086460459663e+00,2.488714384897289023e+00
1.128746065892207540e+01,-8.238517347319573858e+00,2.502699184711438374e+00
1.132504447094491695e+01,-8.170566217425619726e+00,2.516373693890618934e+00
1.154861963284337989e+01,-8.104980541916194881e+00,2.492123841908673754e+00
1.169612111965088275e+01,-8.042014724053775154e+00,2.531990859834050589e+00
1.174394003480814597e+01,-8.013597786658083422e+00,2.525821767516311489e+00
1.167416384473345303e+01,-7.907084876006164720e+00,2.542594093585950787e+00
1.159216062769343836e+01,-7.778449020767563837e+00,2.562482344537925005e+00
1.153137779394599605e+01,-7.650605265465127758e+00,2.560405829674340161e+00
1.146329718316777146e+01,-7.523175714741357822e+00,2.558808209543383061e+00
1.142337072722575186e+01,-7.142953744011169448e+00,2.570204195846440776e+00
1.136760784587106876e+01,-7.022431777333334679e+00,2.571157416157400455e+00
1.135489736092771018e+01,-6.948966461154451935e+00,2.568026234976300337e+00
1.133653450999760182e+01,-6.935270779850480238e+00,2.578390645495136635e+00
1.133015364020164029e+01,-6.924692099544468959e+00,2.628993066216114283e+00
1.137234237629283840e+01,-6.928315103125279428e+00,2.729946568594033618e+00
1.125154094443545283e+01,-6.913386684685995043e+00,2.764565737520128685e+00
1.119245209010073694e+01,-6.911003458217463091e+00,2.797633529752465265e+00
1.092410153413645979e+01,-6.915303755106228856e+00,2.733090952970325116e+00
1.082157495929937951e+01,-6.908798267367650681e+00,2.738317855147649027e+00
1.097738148562896399e+01,-6.917575583305283438e+00,2.701819009939789851e+00
1.098086775881873578e+01,-6.917936641624568672e+00,2.717111981174033186e+00
1.089995109411316676e+01,-6.755912682370643907e+00,2.715137771355780494e+00
1.081881602069461223e+01,-6.630461058563309251e+00,2.719419636037085031e+00
1.075872942049536185e+01,-6.522843089351487933e+00,2.720898118304519997e+00
1.066971859095130526e+01,-6.395537403974467239e+00,2.723482294926814706e+00
9.261994166397116146e+00,-6.418660572980573242e+00,2.634591436265824260e+00
9.168684744018753108e+00,-6.274385028513799867e+00,2.636420096974207539e+00
9.171511343747390299e+00,-6.192034013779164070e+00,2.636554553662637801e+00
9.180845258741051396e+00,-6.163829396415453132e+00,2.642965650276269951e+00
9.167817023877976368e+00,-6.155945356920684119e+00,2.666797387185283696e+00
9.172616376559242113e+00,-6.141722756224940127e+00,2.760957252673519768e+00
9.152013307982546308e+00,-6.159439639536292255e+00,2.686653190048064133e+00
9.166000791576180973e+00,-6.152074521300018084e+00,2.662516825027655631e+00
9.166865690142611101e+00,-6.146791618495361931e+00,2.676456087313833443e+00
9.070432518811029965e+00,-5.983054209884686614e+00,2.675889013854116705e+00
8.997766182989897388e+00,-5.855534006330909591e+00,2.674832409771102260e+00
8.926585747216256195e+00,-5.748097166449694484e+00,2.674865991590116732e+00
8.848437061388644054e+00,-5.618243433102946938e+00,2.675971445213978228e+00
9.267698428234547592e+00,-5.232018929868584856e+00,2.740308700252814145e+00
9.180392427584262549e+00,-5.141738882836140334e+00,2.720329790881267140e+00
9.163538408564070536e+00,-5.010493790394479952e+00,2.736862386558867932e+00
9.162984900825298595e+00,-4.903733813896375082e+00,2.736019444915307908e+00
9.156918415126202859e+00,-4.747519221255639188e+00,2.761026309723455086e+00
9.165371977816864302e+00,-4.648959195084898965e+00,2.781295589352762221e+00
9.166684451938632350e+00,-4.499896049821640709e+00,2.779356941309512941e+00
9.161786790992813678e+00,-4.390975452981997762e+00,2.789074887280980519e+00
9.161239844834032198e+00,-4.296098621436878595e+00,2.778393880755362755e+00
9.161848706276803256e+00,-4.168355450653505656e+00,2.778181494872774326e+00
9.169737502139934548e+00,-4.031498133189511002e+00,2.769350715013509490e+00
9.161761625921974073e+00,-3.905183456074935666e+00,2.778242523381232676e+00
9.158011698885347940e+00,-3.798949766379446480e+00,2.782282821427267461e+00
9.161213171840458358e+00,-3.695212453403283082e+00,2.788428146376158434e+00
9.170211697674981011e+00,-3.573764239247185781e+00,2.787306901004806381e+00
9.168551867005966471e+00,-3.439968408495514662e+00,2.784644891369262076e+00
9.162099731361752930e+00,-3.278538088772215087e+00,2.794956051171961331e+00
9.157582418840327421e+00,-3.183109778415606606e+00,2.787843996195184193e+00
9.164259867185677422e+00,-3.030942570916128176e+00,2.769602460936537280e+00
9.167233052391747350e+00,-2.925908454634495115e+00,2.769475867777296596e+00
9.160912451566577630e+00,-2.757899933922161040e+00,2.776094869759460515e+00
9.166914414998206695e+00,-2.668156622921368459e+00,2.775352529345033403e+00
9.164020310744373177e+00,-2.560553778747641562e+00,2.778481272471537089e+00
9.165926814022366642e+00,-2.423057646721508362e+00,2.779766591076537008e+00
9.174931571383257989e+00,-2.342948038101161146e+00,2.746919024794262310e+00
9.159043302337908088e+00,-2.230738965916152949e+00,2.734945380062375531e+00
9.165270247194825970e+00,-2.055401457617648919e+00,2.741235893257607970e+00
9.157723196839256730e+00,-1.896278213405264035e+00,2.748222937814217115e+00
9.136938616024906423e+00,-1.727907049263465833e+00,2.750443275721172309e+00
9.088181773076753345e+00,-1.589534620975617818e+00,2.762570394496214110e+00
9.082981940900737072e+00,-1.517224885061711603e+00,2.793055818562315995e+00
9.051745310574478509e+00,-1.450714417517577459e+00,2.872532750528129952e+00
8.992889093068757944e+00,-1.419341853556276289e+00,2.889233981105072235e+00
9.005546031533249618e+00,-1.437430746714577712e+00,2.820426313797817830e+00
9.049010220857901743e+00,-1.442674976239533891e+00,2.757467261268089498e+00
9.020776677236113983e+00,-1.396609735170669664e+00,2.757423205254375898e+00
8.968435428830122902e+00,-1.365117564843151277e+00,2.771078934011115713e+00
8.935407784275291476e+00,-1.356832176328880646e+00,2.769520422747476118e+00
8.972441246576295271e+00,-1.343834012111727816e+00,2.792200674679607975e+00
8.873639277092321365e+00,-1.345253742622051218e+00,2.789176263132254530e+00
8.747733561880647102e+00,-1.340644949813111886e+00,2.748926713885987638e+00
8.570236852204889288e+00,-1.342772856412527416e+00,2.690521178248264533e+00
8.628352062156224633e+00,-1.347263667930704401e+00,2.812615038331651274e+00
8.658302793747168380e+00,-1.329940271498700977e+00,2.860811471477598733e+00
8.268630973370260762e+00,-1.353222487370135951e+00,2.945552048936463052e+00
8.290491136307117870e+00,-1.339465935812767849e+00,2.976954557561902082e+00
8.214366502791278890e+00,-1.341068753236559274e+00,2.979054097118502220e+00
8.050757744202162058e+00,-1.345527756418414711e+00,2.985061647815741459e+00
7.924417241768869857e+00,-1.328481676971679404e+00,3.008375577546182900e+00
7.885874851107473660e+00,-1.330822082077328439e+00,2.958757954123599543e+00
7.822525689439506991e+00,-1.322903898905301245e+00,2.961471638699474163e+00
7.770989264763706217e+00,-1.332819102332704286e+00,2.966342502146649185e+00
7.827374712854135552e+00,-1.338528903463830577e+00,2.968241961271061324e+00
7.535562561732565889e+00,-1.317823598440126531e+00,2.982213363504371273e+00
7.412724903442514446e+00,-1.327520610214258934e+00,2.974668293711838274e+00
7.406757050598828052e+00,-1.339064961745454196e+00,2.940631674751901681e+00
7.287480166547539717e+00,-1.315207071842348086e+00,2.980232819129193356e+00
7.343131334939566379e+00,-1.334310817910820957e+00,2.944258147288024929e+00
7.342166822553916283e+00,-1.331958283508214436e+00,2.938401559815012387e+00
7.215275963812612936e+00,-1.323160419836733714e+00,2.913756078075271816e+00
6.901606187888956079e+00,-1.327120410799070394e+00,2.889430343313973193e+00
6.928851068058693663e+00,-1.328870849031563495e+00,2.876145820222755667e+00
7.192525011414784508e+00,-1.339253776677543861e+00,2.868372523243309935e+00
7.163959077532441988e+00,-1.333059901573951045e+00,2.883399641725527651e+00
7.136937103800384818e+00,-1.315785174511334255e+00,2.925187557679852279e+00
7.047754731203068168e+00,-1.325917024734300842e+00,2.967526364649029524e+00
7.026439206834385942e+00,-1.341628143678481822e+00,3.026683902618048094e+00
6.896918483443883474e+00,-1.333944784989994803e+00,3.019940358118727630e+00
6.834264997931825292e+00,-1.328950354483265706e+00,3.000440702411940830e+00
6.669958343953846125e+00,-1.327421445053852178e+00,3.000225547125493719e+00
6.548104505543021148e+00,-1.335480461952863074e+00,2.979388128271665437e+00
6.570838060002305525e+00,-1.334223062149891392e+00,2.999537247972012377e+00
6.459182694772195532e+00,-1.336745268331041459e+00,3.024296229232182220e+00
5.965823625167593569e+00,-1.270160798036144678e+00,3.039528224556193869e+00
5.613460125278019852e+00,-1.151152993639745103e+00,3.049052690469587379e+00
5.521590532187667044e+00,-1.032926644134218641e+00,3.039040444466490243e+00
5.505382408830179486e+00,-9.237388069890861697e-01,3.031244139621422029e+00
5.499049933383844291e+00,-8.371347439030460968e-01,3.000110031434163549e+00
5.494524956322640818e+00,-7.276501443540619452e-01,2.986746390367409631e+00
5.514189099738085353e+00,-6.307435330925583727e-01,2.974886152918239546e+00
5.510664625026683083e+00,-4.660022127375202938e-01,2.973866028604592149e+00
5.511251687933332200e+00,-3.783144912153589834e-01,2.969451312497529472e+00
5.511809492570937330e+00,-2.758977201306408999e-01,2.951496274436658851e+00
5.501359754991904438e+00,-1.597184381742114412e-01,2.949453258288087465e+00
5.511990932645510100e+00,-3.934839890323740819e-02,2.937919640143899613e+00
5.506658050861226172e+00,3.845059979520080995e-02,2.890970837801976945e+00
5.517501665283637280e+00,1.436501260454175199e-01,2.889675061907490239e+00
5.507129521625156343e+00,2.572317979923435805e-01,2.885000558503916679e+00
5.514122675035729060e+00,3.171106404416491054e-01,2.885767921797348201e+00
5.511365893769913704e+00,3.459820959308219090e-01,2.882595934566409834e+00
5.502799185844040153e+00,4.031747645816565750e-01,2.874789110389191826e+00
5.507209429816143142e+00,4.451801384269279405e-01,2.868309098687408909e+00
5.508357135398032511e+00,4.702712958456385373e-01,2.874675757828651257e+00
5.515862332195140993e+00,4.618523041368810533e-01,2.870091247336517437e+00
5.508124687437918610e+00,4.798481054209251528e-01,2.902425232367145114e+00
5.524646594250267384e+00,4.885155631225429618e-01,2.926657822015368282e+00
5.533677256171172232e+00,4.888028469926926078e-01,2.946251783167737948e+00
5.490744285553851967e+00,5.100454029284723356e-01,2.927850885463045838e+00
5.456900286370533593e+00,5.099591654762983817e-01,2.917733135334362515e+00
5.518935937870480757e+00,5.039863440403260508e-01,2.858028065971927045e+00
5.479412496494756368e+00,4.968034218826105630e-01,2.802263647727680329e+00
5.525385152504675546e+00,4.899366971532070902e-01,2.671725084369132919e+00
5.609900349000108477e+00,5.046946286947318061e-01,2.572145397035033199e+00
5.613994863648224865e+00,6.436355730545839648e-01,2.464756779876247528e+00
5.609320549265065736e+00,7.619476933735045421e-01,2.393540183394502918e+00
5.618397952927105976e+00,9.234883912059477229e-01,2.306305721092027028e+00
5.641782400795698926e+00,1.063181591611263688e+00,2.236966619684439106e+00
5.520569995328740376e+00,1.405305171833104660e+00,2.126910730857021647e+00
5.523057751124717640e+00,1.550204442703082997e+00,2.107096218476164129e+00
5.516476419625868211e+00,1.666725821407580410e+00,2.109471388435726791e+00
5.527027417468243442e+00,1.808327060692523469e+00,2.045793630253352369e+00
5.515505739890633308e+00,1.943948785934586976e+00,1.923948215892029801e+00
5.525934980473110159e+00,2.053307051797406579e+00,1.829452003967757756e+00
5.526450298416898832e+00,2.189540328973346828e+00,1.741075992762543434e+00
5.527382440133127517e+00,2.306285669565145025e+00,1.711457047820116539e+00
5.526729636797127476e+00,2.442851442260105976e+00,1.714340271662563309e+00
5.532402657159320114e+00,2.591198036139339411e+00,1.731663593497032139e+00
5.520771549184415150e+00,2.691789172192027291e+00,1.809978093417251355e+00
5.524604444440125661e+00,2.793073299183807201e+00,1.898780446923404197e+00
5.516165087191813754e+00,2.918761654325553234e+00,2.014896258824077968e+00
5.517418609848602884e+00,3.022641709290396328e+00,2.095267229327748115e+00
5.520021489410012805e+00,3.192326112413393702e+00,2.165975882039941514e+00
5.511730618847039409e+00,3.315308839697229004e+00,2.236430135614572823e+00
5.517261506151944772e+00,3.471260541127553445e+00,2.302878434351907977e+00
5.518598292011587247e+00,3.620048150837697154e+00,2.401109151015341947e+00
5.518971569921903075e+00,3.743445864999890293e+00,2.432093640494378928e+00
5.542216139850199674e+00,3.932047599613077260e+00,2.457509690212603015e+00
5.571597851759740649e+00,4.104846360252638604e+00,2.445484143974104185e+00
5.594643370983662045e+00,4.227987978014864368e+00,2.424529745334851327e+00
5.575976972822532574e+00,4.370215445164162382e+00,2.436436382048638105e+00
5.564923038797738641e+00,4.453412623547501781e+00,2.422483833774157436e+00
5.537275524898808143e+00,4.603557313200676404e+00,2.394704363784810219e+00
5.541630738922206589e+00,4.690054997251116298e+00,2.406457007896912970e+00
5.522566201169652800e+00,4.857234355516627744e+00,2.276692854271346711e+00
5.516534992151422401e+00,4.996779901928404932e+00,2.125067529559796942e+00
5.519025870931420386e+00,5.063970391245930180e+00,2.019456600021253045e+00
5.517932184148865105e+00,5.126064777137260720e+00,1.897597962737021859e+00
5.521773820106517405e+00,5.181954033736543508e+00,1.821879521884241182e+00
5.515449502884399280e+00,5.246907776699902826e+00,1.802439169540718922e+00
5.514831417761753229e+00,5.294017076883876349e+00,1.712713716064608427e+00
5.518620321975981291e+00,5.308558415936092345e+00,1.715288477138579903e+00
5.516449682720384828e+00,5.315859293452518841e+00,2.125879779186395702e+00
5.520761119444933307e+00,5.354479245929912423e+00,2.005002834478064155e+00
5.521218942632858173e+00,5.423494056376841677e+00,1.753445019058576193e+00
5.521156779458837427e+00,5.452320489522645808e+00,1.561000170879066173e+00
5.515222901255278920e+00,5.487001026011791183e+00,1.399177393138297143e+00
5.517943696628281991e+00,5.484435168376592173e+00,1.397760168591477559e+00
5.518051781766744490e+00,5.484233677247125627e+00,1.421827873331370506e+00
5.513697844541360027e+00,5.483868238081891278e+00,1.405035164456254870e+00
5.518643955968520309e+00,5.511568262040791311e+00,1.395739821291898553e+00
5.519240969000819064e+00,5.516137837535596056e+00,1.381299455741768378e+00
5.519709337751928402e+00,5.513512040050779106e+00,1.370617884227524286e+00
5.509459147271242863e+00,5.533641957572888792e+00,1.365921925143369409e+00
5.517881533817623030e+00,5.507240165285566036e+00,1.381172426284668298e+00
5.510970409402672132e+00,5.544292876950461135e+00,1.371306743522025640e+00
5.521718238765903841e+00,5.538899738943856121e+00,1.357853667876966819e+00
5.522351689819776865e+00,5.564976984612322930e+00,1.354951718542117600e+00
5.513187634706154583e+00,5.567090879300328865e+00,1.358470214925449282e+00
5.517538548900465578e+00,5.545899240697329091e+00,1.362937778177167436e+00
5.516364735257070606e+00,5.534264077046615604e+00,1.365465516361458631e+00
5.517089470487662517e+00,5.518532901750628383e+00,1.382561449637791817e+00
5.514982221609825430e+00,5.506280371635222437e+00,1.396354754648766461e+00
5.515958132682759363e+00,5.524115655632360955e+00,1.377527441532349739e+00
5.511781380032832800e+00,5.505354402267495395e+00,1.377408843834443175e+00
5.515878910740859453e+00,5.514931727716142262e+00,1.377604048172500484e+00
5.512788932945321463e+00,5.515125117274408240e+00,1.368753393567499144e+00
5.518582620497964442e+00,5.522020718339232026e+00,1.357337895075595213e+00
5.514837532493725547e+00,5.529465339559511250e+00,1.389043777883210984e+00
5.510675607768202866e+00,5.530935289415157996e+00,1.378287067865164195e+00
5.513549293943897922e+00,5.511500546777815757e+00,1.374515661677355949e+00
5.517301427046573004e+00,5.513571343117229517e+00,1.394146112693356088e+00
5.512401695360410692e+00,5.525937730502962886e+00,1.402451132199455497e+00
5.520838187028165756e+00,5.527141493047269094e+00,1.423216537785983338e+00
5.519165935858204364e+00,5.512297351391012512e+00,1.423800884412646850e+00
5.520989703407732208e+00,5.528785664809669598e+00,1.385605131047328742e+00
5.516039924611336076e+00,5.548787756312878017e+00,1.402658297224832262e+00
5.514710949484281421e+00,5.563279083217393506e+00,1.398679840006374464e+00
5.525362297069817963e+00,5.562153678762800979e+00,1.420416226774845692e+00
5.514394242193016105e+00,5.535221144298082763e+00,1.413154676081061156e+00
5.508822605501253022e+00,5.543559360336967501e+00,1.376614311104465971e+00
5.511644047692568549e+00,5.555418307037488290e+00,1.378278509696246656e+00
5.516679507499152812e+00,5.548042505960294690e+00,1.385077083106817319e+00
5.518070916659331360e+00,5.544805394776373575e+00,1.363097448004600754e+00
5.515943744798312842e+00,5.552250519762525371e+00,1.388223002648958371e+00
5.518483833128158267e+00,5.536412345625267406e+00,1.396983485997869812e+00
5.517834429791120598e+00,5.530005147397108800e+00,1.400832971238416658e+00
5.515820898935705152e+00,5.542335926940113566e+00,1.402750198388113212e+00
5.517017684345152162e+00,5.568618235466383126e+00,1.375159806393446260e+00
5.514691418844827275e+00,5.569050500793704117e+00,1.380073264964930324e+00
5.516425573877636879e+00,5.576079374341632366e+00,1.356804624671804627e+00
5.520061008317835416e+00,5.576416205414391314e+00,1.323693864651423580e+00
5.515731938939994805e+00,5.595374387461210297e+00,1.302419173943183184e+00
5.515966632224762023e+00,5.577648312158483890e+00,1.330357651584832102e+00
5.516230464824894320e+00,5.567258444439257659e+00,1.359474603414447369e+00
5.516705420631356382e+00,5.567817090696884463e+00,1.363616444725991306e+00
5.522270050309385780e+00,5.588808094127806214e+00,1.380334587879038732e+00
5.512795813367763031e+00,5.575456284454249456e+00,1.403124795048140694e+00
5.513458489783852556e+00,5.589043000015038842e+00,1.372848155120515612e+00
5.512063743657806825e+00,5.583479586590168964e+00,1.381334686542888601e+00
5.521571014460468163e+00,5.563084353895370704e+00,1.376586981920466357e+00
5.519328307207729267e+00,5.542833973692694371e+00,1.384600498949721592e+00
5.517733717042240471e+00,5.526351246540053275e+00,1.394283750010558043e+00
5.519090676794863093e+00,5.522699409987401609e+00,1.383516244592350342e+00
5.518088158666950349e+00,5.537222651676279028e+00,1.370680779053304210e+00
5.522677788566260126e+00,5.569860837227615491e+00,1.376034666067036394e+00
5.517851614406556138e+00,5.553491760373615804e+00,1.368764687948395675e+00
5.516144992159762062e+00,5.569557036110046155e+00,1.337435560720245276e+00
5.514657956788044935e+00,5.584279326782674246e+00,1.188966114954630449e+00
5.517745772321786646e+00,5.588473521600368699e+00,1.090048835693085305e+00
5.533602034754954602e+00,5.647178874901452872e+00,8.179633181800125552e-01
5.530831027238969355e+00,5.693686303442401453e+00,5.930300935764749592e-01
5.526596384834689957e+00,5.718489957003352941e+00,3.769082356949216561e-01
5.532583246552387202e+00,5.670739816826519508e+00,8.002877844005186481e-02
5.531402735951551186e+00,5.576956572693492653e+00,-6.126966509319429349e-02
5.536110189804099413e+00,5.497075200277443230e+00,-1.379332646950398589e-01
5.534785246570239181e+00,5.388630429572352831e+00,-1.828747839978805412e-01
5.570092366445591026e+00,5.177301993963599358e+00,-1.810212858150648807e-01
5.637489156622750741e+00,4.921927613919846678e+00,-2.088718517171498090e-01
5.703640386553598063e+00,4.722963304384263594e+00,-1.291594317733620600e-01
5.742447399438511901e+00,4.612037219250769482e+00,-1.514000199439166465e-02
5.793646882341512594e+00,4.472376080108665164e+00,1.428023097245155471e-01
5.876284765448285263e+00,4.372582592406288882e+00,3.134775789703977411e-01
6.029965586320477300e+00,4.263031229676842671e+00,4.838994008697773963e-01
6.184008815831370853e+00,4.206743109489956112e+00,6.210419568517090427e-01
6.305849945976859772e+00,4.181192326291593986e+00,7.464317991816802333e-01
6.457751584066319772e+00,4.176216922149372124e+00,8.400114897230388511e-01
6.626982472842654737e+00,4.176637344573161492e+00,8.972089433251086987e-01
6.748439829528582123e+00,4.186642875409877007e+00,9.137164319467475648e-01
6.881590034238360687e+00,4.199369544516537545e+00,9.451627152339205917e-01
7.032131492768153080e+00,4.207748689248094642e+00,9.620207560160508597e-01
7.174452771419009167e+00,4.219508817228268427e+00,9.738511262319967665e-01
7.307875221273466337e+00,4.224814865639723749e+00,9.882131823158322170e-01
7.501062980500699418e+00,4.239009063942852151e+00,1.062859357905526991e+00
7.617574277248749581e+00,4.248849835275940734e+00,1.124601190586770771e+00
7.763820579352221252e+00,4.261576383757203601e+00,1.178488679087974944e+00
7.843445094258720829e+00,4.271243332154678107e+00,1.242722924921340288e+00
7.991550688631686050e+00,4.287333380248666614e+00,1.311260920765130011e+00
8.088166463343139156e+00,4.298789972023980610e+00,1.415424144072918722e+00
8.222585326120359639e+00,4.315595839886848140e+00,1.433540978778041985e+00
8.260903460080726290e+00,4.311673689585477476e+00,1.400694520097077067e+00
8.384193120545281985e+00,4.318718675722873712e+00,1.405467886073556771e+00
8.487493846217937232e+00,4.325216310229212269e+00,1.442985841753211762e+00
8.702178605743325690e+00,4.332978461666090908e+00,1.464284244913626631e+00
9.063481630622645113e+00,4.329109781330598317e+00,1.488717831806778191e+00
9.159538930386913691e+00,4.324865805616736836e+00,1.491242362358307760e+00
9.194587164672363144e+00,4.329521002056576862e+00,1.537288844095581197e+00
9.232795543825281115e+00,4.335458847619706901e+00,1.567537116662813812e+00
9.317006610812747169e+00,4.330431893401467391e+00,1.617688739303675849e+00
9.276533020596579249e+00,4.333183453009020525e+00,1.643437833090996003e+00
9.300074883166642437e+00,4.328914468673447757e+00,1.649016533714646737e+00
9.559944500411507562e+00,4.334509644394465511e+00,1.638033108334343346e+00
9.757775943581695088e+00,4.329536012401174361e+00,1.658654700756699629e+00
1.018633588832272174e+01,4.330677181115926366e+00,1.663048208606852763e+00
1.031376405204389002e+01,4.338096632277420817e+00,1.668299282091154856e+00
1.045129642323972341e+01,4.336281829905598961e+00,1.686900119955971444e+00
1.058798918504111164e+01,4.339742136597527278e+00,1.699850371688729656e+00
1.061198415927592364e+01,4.348107446245776941e+00,1.685887187236715379e+00
1.059555817239799147e+01,4.337581956728310040e+00,1.674918222114087474e+00
1.073350135659756255e+01,4.335111892004117173e+00,1.636798227502987313e+00
1.082331773078511183e+01,4.343831632112906682e+00,1.611190353464307279e+00
1.089529306495554728e+01,4.341406097442421341e+00,1.611040771725489984e+00
1.104261467086375959e+01,4.489426486508611092e+00,1.576982793434547947e+00
1.114225336152106394e+01,4.589440237419230684e+00,1.559726523871064474e+00
1.124425613101048071e+01,4.688249339333712129e+00,1.542571905097077423e+00
1.135232984463662476e+01,4.783700267043004217e+00,1.508185251662559345e+00
1.283517472472984089e+01,4.792995176711677630e+00,1.504358286769118092e+00
1.297598597985859570e+01,4.880001227008495590e+00,1.466542900426858642e+00
1.311495706412792650e+01,4.971744082147347754e+00,1.465714650560585808e+00
1.324016500223693349e+01,5.065594460839127677e+00,1.466656623520391278e+00
1.334143501222759731e+01,5.141547779297127363e+00,1.463110034092278910e+00
1.343878611003898982e+01,5.220024266702116833e+00,1.478335931402458669e+00
1.355111703106576115e+01,5.313835282021517337e+00,1.476665066404649229e+00
1.365953990208933710e+01,5.386754348562157624e+00,1.473793656959969667e+00
1.380973355517238055e+01,5.512634622612816671e+00,1.457453588271236944e+00
1.390792833268118933e+01,5.573023284335858918e+00,1.459080647198716774e+00
1.403651463437898883e+01,5.672129074000772597e+00,1.459068387335647810e+00
1.413643194283639204e+01,5.745828842738076148e+00,1.458657479336347151e+00
1.425788791520319165e+01,5.820533753187694614e+00,1.462691180086162612e+00
1.436567881789482470e+01,5.913411281573925038e+00,1.467849804314278250e+00
1.449512893535952074e+01,6.019234251683482029e+00,1.488022146615129770e+00
1.458782477024353597e+01,6.095787955415169712e+00,1.491551368418169377e+00
1.467822473876701217e+01,6.175239488110728203e+00,1.488865530322170727e+00
1.476889907494446064e+01,6.233323090403828814e+00,1.486069943210724498e+00
1.485739429825770941e+01,6.310060875760053811e+00,1.469291702072188288e+00
1.500851057912109177e+01,6.424338353315053318e+00,1.468407510505935765e+00
1.511546876898003333e+01,6.512640954921057102e+00,1.469810349782388448e+00
1.520729260670751160e+01,6.585999298415087466e+00,1.414507726673338794e+00
1.532543094372134362e+01,6.685619638907432716e+00,1.413392577734982947e+00
1.543385514164364025e+01,6.756907500370807895e+00,1.430389098001702441e+00
1.557511010068441593e+01,6.869816799165193721e+00,1.451091839554179863e+00
1.569236404218544578e+01,6.941935775166497180e+00,1.468037059149046364e+00
1.581625698172295991e+01,7.042515211678979981e+00,1.488889438979720703e+00
1.590353376110673622e+01,7.119273787307249357e+00,1.504239335797833421e+00
1.597840578080728413e+01,7.196724682502606107e+00,1.519190275013068359e+00
1.608598843498098319e+01,7.292886842207161102e+00,1.536194490908807442e+00
1.619552036945573192e+01,7.387130181783731153e+00,1.536072196931807854e+00
1.629383422180370644e+01,7.476701841553310857e+00,1.535588224929391288e+00
1.642083412881603621e+01,7.580196479852831182e+00,1.519484637722452236e+00
1.653121267984430887e+01,7.672204604872023381e+00,1.501677112103880107e+00
1.662616044563829121e+01,7.750773461748773130e+00,1.486183745180808202e+00
1.673152876613816176e+01,7.840929776773934101e+00,1.489066244253930860e+00
1.684053873253076006e+01,7.931150024643091712e+00,1.492122319885415438e+00
1.693231452534749337e+01,8.006046424509932535e+00,1.506732494705942171e+00
1.704866418556691343e+01,8.102736463634229835e+00,1.508453804763693951e+00
1.716800432312110658e+01,8.196992432306933196e+00,1.508700455388233941e+00
1.726614336151196483e+01,8.294874537350571231e+00,1.504791969446820143e+00
1.735089171999868896e+01,8.373850929535031185e+00,1.501298215077629061e+00
1.749791548552101972e+01,8.491731771075635038e+00,1.483562636660957779e+00
1.760022196284378992e+01,8.567412050307066096e+00,1.484381481976166706e+00
1.769226682221557212e+01,8.642482354873916250e+00,1.479525549719162614e+00
1.784480111211928133e+01,8.761685493313901674e+00,1.500815618375310301e+00
1.793674945296187673e+01,8.841771160271520102e+00,1.503434761009746934e+00
1.806145017180071832e+01,8.946342016550106635e+00,1.503277036935782629e+00
1.815373774550259256e+01,9.023320954684605155e+00,1.502247648061348695e+00
1.825916902925631646e+01,9.113868171960302078e+00,1.499843816450843637e+00
1.836167144661220263e+01,9.195384265545644809e+00,1.500212975234458845e+00
1.848606364986108019e+01,9.286024573088896616e+00,1.483819251420129159e+00
1.861339218022970243e+01,9.370545801304167810e+00,1.482831597739562746e+00
1.871920018811336917e+01,9.445262508873927487e+00,1.497264554677838921e+00
1.883724956839763820e+01,9.537638310197868563e+00,1.500550189219377106e+00
1.892637823527101659e+01,9.617761547463809180e+00,1.500575471684896023e+00
1.936100265043478430e+01,9.983692196165360855e+00,1.520383293741657704e+00
1.940344847778167647e+01,1.003477960146793890e+01,1.521252849761653092e+00
1.952577031948229802e+01,1.014223061421135341e+01,1.522869741241561048e+00
1.961485653611653746e+01,1.022473478139377256e+01,1.523343148535308833e+00
1.970493817801339986e+01,1.030870469556067803e+01,1.524662939059973077e+00
1.985537881432183127e+01,1.043272378707580472e+01,1.528091624222854383e+00
1.995256214072660583e+01,1.051664406569265608e+01,1.507800577799951469e+00
2.008021106747226270e+01,1.062573248391815461e+01,1.506966284986910543e+00
2.016978613491421868e+01,1.070593727434883924e+01,1.505079231542272744e+00
2.029008984908061564e+01,1.080122508548904392e+01,1.506316654841219016e+00
2.042940099205326021e+01,1.091301413473803983e+01,1.507527446239192548e+00
2.054550612473867233e+01,1.100833075473921596e+01,1.505924605911906689e+00
2.064707024282227721e+01,1.108489494857969326e+01,1.521984638964455350e+00
2.074604870066507090e+01,1.117607056420859735e+01,1.522113511948301801e+00
2.086710671609784384e+01,1.127253814401321286e+01,1.539373691605955052e+00
2.096378697891674747e+01,1.136799029632807745e+01,1.522162327322322151e+00
2.106537700741917263e+01,1.147311195207954171e+01,1.522486070422653937e+00
2.117309176306611818e+01,1.156364771604122765e+01,1.503485556312684546e+00
2.127320086727593207e+01,1.165706160878158926e+01,1.505721130538825170e+00
2.131530756354280953e+01,1.170448043481295741e+01,1.506483448677864212e+00
2.142618814858827037e+01,1.179558260259647184e+01,1.523525870673510862e+00
2.153902472829734904e+01,1.188618680678778716e+01,1.536994034051410774e+00
2.161536418411957072e+01,1.196097125918794646e+01,1.535968898420109863e+00
2.171815720851527942e+01,1.205645241703673065e+01,1.520118134959165479e+00
2.183623644673643582e+01,1.215066147909193006e+01,1.502899454145315561e+00
2.194814024678395015e+01,1.224617468835889689e+01,1.504745779905116709e+00
2.205324352736830207e+01,1.233038373341118010e+01,1.506923777608734305e+00
2.219140757864520452e+01,1.244861410360159937e+01,1.509214600353975255e+00
2.228780335298881710e+01,1.252355498007311851e+01,1.502740869962917669e+00
2.241613569700581365e+01,1.261647282430325134e+01,1.503836384217729583e+00
2.253506018679925305e+01,1.271008664993387960e+01,1.503452587180836630e+00
2.264289059837194884e+01,1.280083207850441163e+01,1.506363618623367540e+00
2.274099676629330702e+01,1.287849075687142353e+01,1.524688787390726441e+00
2.280541299909708641e+01,1.295759250461449064e+01,1.539160820963670240e+00
2.294742230148629147e+01,1.309269527759588847e+01,1.556396289998654092e+00
2.304810688358058712e+01,1.317436198962155558e+01,1.572688745653199272e+00
2.313333085277190548e+01,1.325920046114881146e+01,1.590943566785131491e+00
2.322712165840852094e+01,1.335755643378248969e+01,1.577342635072921384e+00
2.330708998131028409e+01,1.344596300657707744e+01,1.579191105154194696e+00
2.341762707244308928e+01,1.355239324688253433e+01,1.541657363808089043e+00
2.351029659717544718e+01,1.363529067505281134e+01,1.543647196068202554e+00
2.361998499166264764e+01,1.371940172052166318e+01,1.525759695994843401e+00
2.372576310107660902e+01,1.380868900788689757e+01,1.544199634365160279e+00
2.384568764292961518e+01,1.391591226561894601e+01,1.558066112166353490e+00
2.396072614038158122e+01,1.401918631968261053e+01,1.559900713410097062e+00
2.406010363660953999e+01,1.410063037020831800e+01,1.555114970129619190e+00
2.416672169373646994e+01,1.420816290742964405e+01,1.555944949709118230e+00
2.425089458498486295e+01,1.427271270615283427e+01,1.536352159414638541e+00
2.436905741216321530e+01,1.437947865539620196e+01,1.519832402571114960e+00
2.445537939914528636e+01,1.446205159423131903e+01,1.524290876326852784e+00
2.456067095888117180e+01,1.455825534817392608e+01,1.521915689910348091e+00
2.467405455746814624e+01,1.464904501859119534e+01,1.538948941322641151e+00
2.475973109848964882e+01,1.474397043890754588e+01,1.541077739894495480e+00
2.487018290615205984e+01,1.483714531666736391e+01,1.558851113892453011e+00
2.494409907784132940e+01,1.490417147339849002e+01,1.574224672679553017e+00
2.507588203041155595e+01,1.501949048443775325e+01,1.575769605991240052e+00
2.516829111360728888e+01,1.510509308997544053e+01,1.575016160591913517e+00
2.525080422298746896e+01,1.519219395471233192e+01,1.575033737897736597e+00
2.539434845408494823e+01,1.532138126018093693e+01,1.558089851880581689e+00
2.549802730641240345e+01,1.541132852110213491e+01,1.542886840497883716e+00
2.560436475138764933e+01,1.551254468036887424e+01,1.558549917874034074e+00
2.566609739050787908e+01,1.557640502632722779e+01,1.559181695752614782e+00
2.576321480888291404e+01,1.567379235847704422e+01,1.575208072709106899e+00
2.584644886622571391e+01,1.576075977304856046e+01,1.576991344751822455e+00
2.593527366866928219e+01,1.584861328828575466e+01,1.580105865256742792e+00
2.605538709847244760e+01,1.594875095674391474e+01,1.577409182198014959e+00
2.617875734837157964e+01,1.607186729508966749e+01,1.557206237376884239e+00
2.628698579965205795e+01,1.616819990249994277e+01,1.558596035351127451e+00
2.636849547570268726e+01,1.625289510154991035e+01,1.541559706033207799e+00
2.647507616996493951e+01,1.635908733508345847e+01,1.558991285306148944e+00
2.657782886526413080e+01,1.645836853403355349e+01,1.574970735010746692e+00
2.670325153528584394e+01,1.657813702898095798e+01,1.576465932116089652e+00
2.680245570964146040e+01,1.667026547845145501e+01,1.597729704760953773e+00
2.687750223436123775e+01,1.675710433590785087e+01,1.583431203700429002e+00
2.699362737802833934e+01,1.686884498897251916e+01,1.584965923063029525e+00
2.707751253583013451e+01,1.695321319048396447e+01,1.566158668211474758e+00
2.719035681310704078e+01,1.705257986599801967e+01,1.566987681268200427e+00
2.727642820072830077e+01,1.713445308877277284e+01,1.566489705406975519e+00
2.738591163143825113e+01,1.724007883471011482e+01,1.585476858819288681e+00
2.746492370287576534e+01,1.732635756609183986e+01,1.601147585965693398e+00
2.751160565588648055e+01,1.737865502232795123e+01,1.599960431819651863e+00
2.765313646975688044e+01,1.750727934242476280e+01,1.581068098040792513e+00
2.775146633706275523e+01,1.760825113388936458e+01,1.580056168802125960e+00
2.783766682845877938e+01,1.769771828176052608e+01,1.581176177125479532e+00
2.792809911156756186e+01,1.778226580184257699e+01,1.580806114742543844e+00
2.803914339413586276e+01,1.789536695667369059e+01,1.582488998713249106e+00
2.812662423514210985e+01,1.798116022030493966e+01,1.583716538729541767e+00
2.823550969086934259e+01,1.808215858510005347e+01,1.584690209462664479e+00
2.834611490926379318e+01,1.817959649438454406e+01,1.584441224837834339e+00
2.843848704796556603e+01,1.826561046764624052e+01,1.581428423711265241e+00
2.856769725242505586e+01,1.838761641389852741e+01,1.564618100678853763e+00
2.865247444448120717e+01,1.846379376708150488e+01,1.544295770533019363e+00
2.875505765739274011e+01,1.855346028199474873e+01,1.528371263997573504e+00
2.883682625304897940e+01,1.862982422579797870e+01,1.512903986962217617e+00
2.895868992938899567e+01,1.873239787945632884e+01,1.475545759593828166e+00
2.903993366793034880e+01,1.880155621475832106e+01,1.457281292485402391e+00
2.913010575676101510e+01,1.886659459210495982e+01,1.458905210944403841e+00
2.930539251122787192e+01,1.897945887711557589e+01,1.460909989035362511e+00
2.940654450946453835e+01,1.905704899145446518e+01,1.441202474734626593e+00
2.951804466371244828e+01,1.914359528836823898e+01,1.439006642528391167e+00
2.962286526173973300e+01,1.922316915451942521e+01,1.456095896152427072e+00
2.974971140115444257e+01,1.932174203016943537e+01,1.477689368355311839e+00
2.982154661631985704e+01,1.938377441817745961e+01,1.478385435616968113e+00
2.995364116534405952e+01,1.948909181901432675e+01,1.512086929579399497e+00
3.007023136621051052e+01,1.957962896225470217e+01,1.512631156188748882e+00
3.016148663251733453e+01,1.965985768655567512e+01,1.532909934359181880e+00
3.027942318300536328e+01,1.975565298944578529e+01,1.536839300559968535e+00
3.040048689770775781e+01,1.984888605784382065e+01,1.537026078413820773e+00
3.052418206259417133e+01,1.996153906301924508e+01,1.538469740100280481e+00
3.064300033808695645e+01,2.005959488971380722e+01,1.540698230649291789e+00
3.075665282010262302e+01,2.015716713771125157e+01,1.540537947720127754e+00
3.087397650734938992e+01,2.024135417308501061e+01,1.557499689285589239e+00
3.097236113390536616e+01,2.033374237404866136e+01,1.577527605454474235e+00
3.107619451081928474e+01,2.042828172061854985e+01,1.596015448067560127e+00
3.117894071072717566e+01,2.052918380571118462e+01,1.612839486619129570e+00
3.124669113055625047e+01,2.062035341113659115e+01,1.613122384889028371e+00
3.134593932900700608e+01,2.072104945956358790e+01,1.615163509776668560e+00
3.138536965887809771e+01,2.075786742283500175e+01,1.617994862423780544e+00
3.138280603451669393e+01,2.076011053974652043e+01,1.636113329935620087e+00
3.139016038338343151e+01,2.075791721981608973e+01,1.635614915678607506e+00
3.138079647061830002e+01,2.075894050069789998e+01,1.636663045433339736e+00
3.134461704145526539e+01,2.075627183526025732e+01,1.637889117637415959e+00
3.134586467375502394e+01,2.075830317210207454e+01,1.639317016537987559e+00
3.133664228768594029e+01,2.075939807337018195e+01,1.635874320332632248e+00
3.133368992399675790e+01,2.075787164427325848e+01,1.638337721991766083e+00
3.133229316933572051e+01,2.076077832159720415e+01,1.638863766021784629e+00
3.132703084735686616e+01,2.075882379666084177e+01,1.635223092442944059e+00
3.133020143283902215e+01,2.075803715609026057e+01,1.616066314377306856e+00
3.132267752830793839e+01,2.075669646164647375e+01,1.618565368690581874e+00
3.132394716858227923e+01,2.075336408019250811e+01,1.616407989786771804e+00
3.132207141432004960e+01,2.075536391921979629e+01,1.613339661555030391e+00
3.131882430981240262e+01,2.075443382970352246e+01,1.613970260054851780e+00
3.132083560167623659e+01,2.075519527786308771e+01,1.613280742596236772e+00
3.132313156623625616e+01,2.075633678649845137e+01,1.617413098750815070e+00
3.132502731721092815e+01,2.075721086762685275e+01,1.620775519629209738e+00
3.131374095828270043e+01,2.075236493541145677e+01,1.619779370642601135e+00
3.131171253027349266e+01,2.075216002555197292e+01,1.620908313693917524e+00
3.130497641585744617e+01,2.074993351801271046e+01,1.617304711276553286e+00
3.130386282217440197e+01,2.074603781022238991e+01,1.614569417298786114e+00
3.129960672595993643e+01,2.074765208413953133e+01,1.611577385120302575e+00
3.129763186127357244e+01,2.074298431045416891e+01,1.613259356893556040e+00
3.130300301893772286e+01,2.074605119941270104e+01,1.616189951711060280e+00
3.131001323176467821e+01,2.074555250670483275e+01,1.616662360869216331e+00
3.131541935165592605e+01,2.074487874059918369e+01,1.614640336418194932e+00
3.131721239008846069e+01,2.074395376643236943e+01,1.612665981691913775e+00
3.132341969745573707e+01,2.074610343118033029e+01,1.612087470228948716e+00
3.132841489411300984e+01,2.074527280103259130e+01,1.610245979974331831e+00
3.133667466063700857e+01,2.074668279359515566e+01,1.611869102869571080e+00
3.132378975399305077e+01,2.074859097060439694e+01,1.613701391376908489e+00
3.131652724644750663e+01,2.074681473250321062e+01,1.615290050664622168e+00
3.130654860632878211e+01,2.074174779839307803e+01,1.614975965505685007e+00
3.129786734538073034e+01,2.074053611157422949e+01,1.614393926586448424e+00
3.128921100288825485e+01,2.074207874582096878e+01,1.614925432404473504e+00
3.130706056685245997e+01,2.074200481222558068e+01,1.619949321844202483e+00
3.131048773737309432e+01,2.074063547148339381e+01,1.619268314552125609e+00
3.130931394626207975e+01,2.073904814922193651e+01,1.618484958780863625e+00
3.132713146245596647e+01,2.073875862251855295e+01,1.617417786473669850e+00
3.132475500500481047e+01,2.074260196314467564e+01,1.618633203137602949e+00
3.132174009867849307e+01,2.074361936576078591e+01,1.618098600939789966e+00
3.131885423035175364e+01,2.074658696669787972e+01,1.617160840588732107e+00
3.130331624464728435e+01,2.075140383117460630e+01,1.617840810429774567e+00
3.130473327197950084e+01,2.074853312382281700e+01,1.621180377843234099e+00
3.132228740829093283e+01,2.075112151661323878e+01,1.624631173623686475e+00
3.131426212403636455e+01,2.074944740388959374e+01,1.621243998325061275e+00
3.131090163143990779e+01,2.075126633645867713e+01,1.624656412830626451e+00
3.130691167974590883e+01,2.075256612881737084e+01,1.624185064495110797e+00
3.130569241656596802e+01,2.075231748879084392e+01,1.623917794199647879e+00
3.131947389823693584e+01,2.075023301662182718e+01,1.620151034300302273e+00
3.133124261944101363e+01,2.074935927411617342e+01,1.623510605349737013e+00
3.130631160261489043e+01,2.074922450187346357e+01,1.624077467534980501e+00
3.130867923875248238e+01,2.075123340310139142e+01,1.622843038477047362e+00
3.131696078935468108e+01,2.075254639925342559e+01,1.624068865519490590e+00
3.132442467198906400e+01,2.075099170668580939e+01,1.622373041818273576e+00
3.133791194424900795e+01,2.075148373969449267e+01,1.619504666833452733e+00
3.132270347233093588e+01,2.075422897535067079e+01,1.620265463870407707e+00
3.131558338832468280e+01,2.075064621204142057e+01,1.623313168978731014e+00
3.131127145277872614e+01,2.074872168207228285e+01,1.622626036436286778e+00
3.132025682851664783e+01,2.074619523771788465e+01,1.624212021017187313e+00
3.132033288206690713e+01,2.074360374360714587e+01,1.624116250523252702e+00
3.132557809954005279e+01,2.073921028273876033e+01,1.622211736585205344e+00
3.132005966848045730e+01,2.073974459696592731e+01,1.621157295616095562e+00
3.131240809764689459e+01,2.074181579221713179e+01,1.620215473121181748e+00
3.130853777830437679e+01,2.074249712628048670e+01,1.621754405746272720e+00
3.131200251082459829e+01,2.073966341142818948e+01,1.624156284400257722e+00
3.130118948378262544e+01,2.073966840505308085e+01,1.627163447240985050e+00
3.130944828466514451e+01,2.074164114894625754e+01,1.628953617993974090e+00
3.130565487740187081e+01,2.074129377621079229e+01,1.624425342125929594e+00
3.131265513567390713e+01,2.074170240083181227e+01,1.620645662898689610e+00
3.131737223065971776e+01,2.074079469388344421e+01,1.619286907966584810e+00
3.130024486769260506e+01,2.074287673057987291e+01,1.620128290804889959e+00
3.130782497435346556e+01,2.074517066523562647e+01,1.619863647037005583e+00
3.130825039199638837e+01,2.074690571200596878e+01,1.619017486377703818e+00
3.131711603557539547e+01,2.075172837847189911e+01,1.615405329705839277e+00
3.132633232847682336e+01,2.075252834036339067e+01,1.614080944516296245e+00
3.131386590804986270e+01,2.075398637224411758e+01,1.611989114457284211e+00
3.131663779664132363e+01,2.075222596814564469e+01,1.609353983181975423e+00
3.131532367425504404e+01,2.075231179329635722e+01,1.610504011482503550e+00
3.130006539195093040e+01,2.075347124271934263e+01,1.608984569433658196e+00
3.129947171537197903e+01,2.075429391478147423e+01,1.610107681323692308e+00
3.128545719292377925e+01,2.075378911016606054e+01,1.612864578867804877e+00
3.128482066419047669e+01,2.075659145665253646e+01,1.612896451548176957e+00
3.127201950206112002e+01,2.075979563653652349e+01,1.456649900371911999e+00
3.127228510546331819e+01,2.075805826970174195e+01,1.265198508960037937e+00
3.126790010580913304e+01,2.075736198530009702e+01,1.089317492560237355e+00
3.127858683615561830e+01,2.075433404637073664e+01,9.676306514537689196e-01
3.127856093552024674e+01,2.075446679479307477e+01,7.955723638298595191e-01
3.132526486124590193e+01,2.075140437828978435e+01,6.745988087499504848e-01
3.147421105781736372e+01,2.071679297700533340e+01,4.284517606378121513e-01
3.160928709198810083e+01,2.064989817711831677e+01,2.534446053871117210e-01
3.170313026832542747e+01,2.057546367398580855e+01,1.465691265202919424e-01
3.181509625558668120e+01,2.048302679087150580e+01,5.948882999755854967e-02
3.188320134427178587e+01,2.037981438581200777e+01,-5.891469584676544552e-02
3.195583058923287467e+01,2.028014327368002157e+01,-1.671677045916659110e-01
3.197793641785997920e+01,2.015258402388785441e+01,-2.906778961299881225e-01
3.200090678848312109e+01,2.004228289251283002e+01,-3.282225744182923344e-01
3.204437101565822132e+01,1.990092621101056736e+01,-3.448140910527928149e-01
3.207040540792276317e+01,1.975507988653178160e+01,-3.261570549025734622e-01
3.213835249401195426e+01,1.960610055419409647e+01,-2.412257576073134346e-01
3.217628800694463109e+01,1.949759397293258445e+01,-1.383848911767862899e-01
3.222240967539610779e+01,1.938017413921867416e+01,-7.131274543382218334e-02
3.226440177960886047e+01,1.928658078804110687e+01,-4.773468744098123724e-03
3.236361489773967293e+01,1.918844524804022456e+01,2.750494227989941018e-02
3.238911789504503957e+01,1.911339025148241433e+01,3.347831072087848608e-02
3.247791615778093899e+01,1.900206801543165369e+01,6.550071306109755964e-02
3.258006797152459200e+01,1.888752793683037012e+01,6.313441471864600363e-02
3.265726716929816575e+01,1.881287801698042728e+01,6.126596936102673280e-02
3.277690777961107926e+01,1.870737113491998471e+01,4.357699254465891708e-02
3.284264091870295488e+01,1.863037937540178035e+01,2.275157631701048289e-02
3.288714280785508492e+01,1.853564138058163735e+01,8.593164619459820602e-03
3.294930956971654723e+01,1.843203972648429456e+01,7.160673354503383457e-03
3.302504823285698876e+01,1.831995596414777339e+01,-8.997915343246013636e-03
3.307109801530205573e+01,1.822886811021588827e+01,-1.035817713451503766e-02
3.313525259570608483e+01,1.812373355844147227e+01,-9.388646497208715663e-03
3.320122656378515558e+01,1.802448530849818553e+01,-4.507436896582556543e-03
3.327938400743688163e+01,1.794329092911092971e+01,-4.307216634131772262e-03
3.334376921164583507e+01,1.784593838807833066e+01,2.360029973669299647e-02
3.340127892502616191e+01,1.775923409283995369e+01,4.464495070626977452e-02
3.344613907762411031e+01,1.766120153258276559e+01,4.934415299923389925e-02
3.349763019874164627e+01,1.756364345025744811e+01,3.174748347020221739e-02
3.355038517962039890e+01,1.748342661771532036e+01,1.671512298898201673e-02
3.366276611519259632e+01,1.735211563768159948e+01,1.471991296854962931e-02
3.372104091535808834e+01,1.726831914292814218e+01,8.896275092676340923e-03
3.380016094113000236e+01,1.716464633138895834e+01,5.748918012910216729e-03
3.386702806465653737e+01,1.707032701280834175e+01,1.937438565661326814e-02
3.387061132980943512e+01,1.696608596977367256e+01,3.572950613056899427e-02
3.392006600981810038e+01,1.688101726048569518e+01,3.495425310531546925e-02
3.395279435184377093e+01,1.679759954311343506e+01,3.841272244079627779e-02
3.405275657672935097e+01,1.668435434933758899e+01,1.933061628323850395e-02
3.403103759441480491e+01,1.658562840087305545e+01,1.867201270788600154e-02
3.406971597260766771e+01,1.649100571372689217e+01,2.517935758427559956e-02
3.409230006181601880e+01,1.639281288342654364e+01,8.495472072087958959e-02
3.410686121786746128e+01,1.633611922850370490e+01,9.162235959336786917e-02
3.417969608794717118e+01,1.624120625087648406e+01,6.894284642224923765e-02
3.422640515139340778e+01,1.615381219464990536e+01,7.127381510094420169e-02
3.427683826220876995e+01,1.604660297281454007e+01,5.379811772334788106e-02
3.433954614193699229e+01,1.595393900529807674e+01,3.832697012699619321e-02
3.434146089649519240e+01,1.586711981565281349e+01,4.280078511622478071e-02
3.438760409216877179e+01,1.575609126198337151e+01,6.759608465634928121e-02
3.442244764988924999e+01,1.566551726616880735e+01,5.991108319343738109e-02
3.448759530941649132e+01,1.555970662457622211e+01,7.888792984838803590e-02
3.454398188440173811e+01,1.545852851364061031e+01,7.594239740130574734e-02
3.460328765132391027e+01,1.535597189430643184e+01,5.003543947766542904e-02
3.460358662010528974e+01,1.527026477696948170e+01,4.080814884988813451e-02
3.466664633135793849e+01,1.517889739834956941e+01,3.208252148960692718e-02
3.473177385840091347e+01,1.506381343311675280e+01,5.186677211511498548e-02
3.476883602428009112e+01,1.497573481123392547e+01,6.679159382891175500e-02
3.481729036455661230e+01,1.491353320598673449e+01,1.210600016478117491e-01
3.486779401460759686e+01,1.481820169271432874e+01,1.093499809986052118e-01
3.489274766224669122e+01,1.472182486526683221e+01,9.010564882491961525e-02
3.491014592558533991e+01,1.462862925838481942e+01,4.085161983978494865e-02
3.498412362036967238e+01,1.451350620326897101e+01,2.756864989873361246e-02
3.500724526611133314e+01,1.441856028156239233e+01,1.665757431759572194e-02
3.502101291454272314e+01,1.432918338523338875e+01,4.272231085568905379e-02
3.502399884920295392e+01,1.423195668691243831e+01,5.881784036877435451e-02
3.508444351514874882e+01,1.414820227025623467e+01,8.012907610200083186e-02
3.516348515978232570e+01,1.402758248778427941e+01,8.351966002018564039e-02
3.522106910494216692e+01,1.394227159030953800e+01,9.851514405331543434e-02
3.526634831976847551e+01,1.384164973692252865e+01,8.214105118962211627e-02
3.524585646224135616e+01,1.376082906954747287e+01,7.740926573038536818e-02
3.531129606259079878e+01,1.364968090697395553e+01,9.747970282909382278e-02
3.529845396361736221e+01,1.357285373958472618e+01,1.079435881054152807e-01
3.531791380365386601e+01,1.349018491412058651e+01,1.664893546894354592e-01
3.537605357964026354e+01,1.340896763959113613e+01,1.877468565960676850e-01
3.542050326666152671e+01,1.331409536822078010e+01,1.801156897164281623e-01
3.541947337167511023e+01,1.321765727559637149e+01,1.774567530570584362e-01
3.544053009935234400e+01,1.313392856342530024e+01,1.600683674116143429e-01
3.547756582079272647e+01,1.302010667369623675e+01,1.285463643902709230e-01
3.549546264412330743e+01,1.294052979877302789e+01,1.126403604278265747e-01
3.550943767677638618e+01,1.283167416969851438e+01,1.239606814423450803e-01
3.552443344630560063e+01,1.269220021779397811e+01,1.435565036777312065e-01
3.551060078709524959e+01,1.260854843809086390e+01,1.470361133665104847e-01
3.552552469517987532e+01,1.251686976666353246e+01,1.878646369699780161e-01
3.554929178029033920e+01,1.242331690159954860e+01,2.137112165557079890e-01
3.558834319582894068e+01,1.230315233789431950e+01,2.281983570512998161e-01
3.557693966306176492e+01,1.221907092132940065e+01,2.637599855602420496e-01
3.551483943823735956e+01,1.212431233409528275e+01,2.646870076956883699e-01
3.547983291162408648e+01,1.205545173880449994e+01,3.072929683366006914e-01
3.551447816001109459e+01,1.193096352731945231e+01,3.487396078453066650e-01
3.554876053107516043e+01,1.183636816781355705e+01,3.724578030213429591e-01
3.554511615498829258e+01,1.171632029444101875e+01,3.632127620968840231e-01
3.557576281589011558e+01,1.163821971753952056e+01,3.790889092656857806e-01
3.557316578817158614e+01,1.152974223956737276e+01,3.757523778237444323e-01
3.562142650780178599e+01,1.141616705423448330e+01,3.719774926868829601e-01
3.560259293627578359e+01,1.130491991107691341e+01,4.158616152491014795e-01
3.560462332868076629e+01,1.120176917009138151e+01,4.270223970711988781e-01
3.562708772867830476e+01,1.110636407555637462e+01,4.477431518624934159e-01
3.566397888401498051e+01,1.100027223165670520e+01,4.491583070331551797e-01
3.568735614776370824e+01,1.092641781158869385e+01,4.568964710637168358e-01
3.571554454166199122e+01,1.081698826442801575e+01,4.538156589347786540e-01
3.574780913995878251e+01,1.072217155808031919e+01,4.453311666304142769e-01
3.575025135785907082e+01,1.064620849977112016e+01,4.577520659546236437e-01
3.575651690078798595e+01,1.054611777783229165e+01,4.624448008959887169e-01
3.581441924448512992e+01,1.044106129313010811e+01,4.651907626192877676e-01
3.584230640423452030e+01,1.030713354990004049e+01,4.309406840826287000e-01
3.590466538652091799e+01,1.017688953242779348e+01,4.090974053627461915e-01
3.592226129317384675e+01,1.008802297266405645e+01,4.122990361071931509e-01
3.597685240787355099e+01,9.993256341917996721e+00,4.142248969728007935e-01
3.600660382193318299e+01,9.906828985334557913e+00,4.180605962449789326e-01
3.599667880122090935e+01,9.817020571041815913e+00,4.111411516758967655e-01
3.605070806372350489e+01,9.710052004862262720e+00,4.095320517669093774e-01
3.606849694776811077e+01,9.626440836151195057e+00,3.914548942370707496e-01
3.608614911197037856e+01,9.546125011680466343e+00,3.922642842755407755e-01
3.607957228812031758e+01,9.499185114840113187e+00,5.362980027734994826e-01
3.603684980226370982e+01,9.503196663773112007e+00,9.773989980478466899e-01
3.601235762110562888e+01,9.509866742603581002e+00,9.761633674969585339e-01
3.603218909735657860e+01,9.503834728844761770e+00,7.518248087662227075e-01
3.610178114371372970e+01,9.441784267225694194e+00,4.895074850317817639e-01
3.611814383667114470e+01,9.396279465207854287e+00,3.900385336425212235e-01
3.611602566467601605e+01,9.298308485651698874e+00,2.906268675742811336e-01
3.609627057440371090e+01,9.300607620827360478e+00,5.645409003626383759e-01
3.605888094989416004e+01,9.291283698420805592e+00,1.062661260365584059e+00
3.603164856921294756e+01,9.292523449435101668e+00,1.553428471347155337e+00
3.599964574029770858e+01,9.291988496214393933e+00,2.047120615253128051e+00
3.596489603524076983e+01,9.301471840225460141e+00,2.483823448514214327e+00
3.591458763118694009e+01,9.367442769429981553e+00,2.950243084165847129e+00
3.591345068284807951e+01,9.391317525137150568e+00,-2.912474769529818097e+00
3.584699335285104382e+01,9.459931007478315834e+00,-2.700779087958879110e+00
3.562699113333211898e+01,9.621383076109697896e+00,-2.559666558207223996e+00
3.549673744395238373e+01,9.708208870226425091e+00,-2.525138473720820897e+00
3.538838814630391028e+01,9.769803438020515429e+00,-2.509515861083748689e+00
3.524561892500375393e+01,9.855005205792380707e+00,-2.490943832030875882e+00
3.512129133771350098e+01,9.925434748442375721e+00,-2.489469182922271262e+00
3.506288429395186768e+01,9.964449758779606370e+00,-2.472022736701575685e+00
3.506345243435427506e+01,9.966299820286668165e+00,-2.019990063669043767e+00
3.503870262204323183e+01,9.963245346209653519e+00,-1.896702136997474808e+00
3.504135249868032531e+01,9.961507672512073697e+00,-1.559498831134729091e+00
3.503197936609889496e+01,9.965089497652069639e+00,-1.052559121492416150e+00
3.503818262379859760e+01,9.963962705176985679e+00,-5.623601536362587971e-01
3.505705448972446447e+01,9.954206794979988615e+00,-2.262079908435051315e-02
3.508019364573245014e+01,9.911729054360858271e+00,3.233533125106265449e-01
3.514309333772712307e+01,9.837408120544012036e+00,4.632726312383899647e-01
3.524439279994044227e+01,9.755697442037057243e+00,5.487739292477565867e-01
3.535065537598049445e+01,9.679633196334755496e+00,5.972670860681927874e-01
3.543113918763157244e+01,9.622988341507362264e+00,6.135173079318585465e-01
3.552407016453901178e+01,9.561798729471114200e+00,6.383545512309859449e-01
3.558652021962419099e+01,9.495836936024762309e+00,6.562995822889798880e-01
3.566023917655906672e+01,9.418004839047300791e+00,6.723493393759272241e-01
3.572671067769423559e+01,9.369608464025493078e+00,6.837682679682633990e-01
3.581287444854316959e+01,9.305227649124876876e+00,7.183196171985570810e-01
3.586893339445643392e+01,9.258610322327649911e+00,6.953901787960967695e-01
3.591203131064600029e+01,9.196738166166042561e+00,7.056133032401188387e-01
3.597480892499952176e+01,9.128441424244918778e+00,6.813134773016649159e-01
3.598482490267038258e+01,9.080966830504955567e+00,6.601912581082641784e-01
3.605441802993684064e+01,8.984965381272189688e+00,6.501365166668653384e-01
3.611361333287885600e+01,8.927769324521012351e+00,6.378288480304249441e-01
3.611459295092195987e+01,8.891269431786090749e+00,6.201498804877666471e-01
3.615535211478140809e+01,8.850855759809824974e+00,6.634017658862508826e-01
3.619255201497529129e+01,8.800571643950274137e+00,6.569609656152295418e-01
3.620281345206078072e+01,8.733560864091016285e+00,6.621290556546326478e-01
3.621292071318561057e+01,8.715480771923651560e+00,6.109040849012713492e-01
3.623070509389657445e+01,8.630504964397903933e+00,5.914208011634010109e-01
3.625959660793641604e+01,8.597034547859422560e+00,6.162904631480393691e-01
3.627055935787279850e+01,8.543186333675265587e+00,6.364545381824445736e-01
3.631543536040913978e+01,8.492211229970472175e+00,6.410593794680102819e-01
3.632765340633417850e+01,8.447691099583177987e+00,6.393000636387279334e-01
3.632995174796229776e+01,8.428008390912790304e+00,6.594381598038637771e-01
3.636540218540012859e+01,8.400875838539098694e+00,6.551943573020033718e-01
3.637568465080214253e+01,8.348467245629722200e+00,5.654658714047660073e-01
3.640794170676984720e+01,8.276939682483664740e+00,4.940336022017342010e-01
3.641300180818240051e+01,8.220290781886053111e+00,4.276183134774348971e-01
3.640847563311116630e+01,8.148695657690876004e+00,3.812071816480938624e-01
3.642854910506982691e+01,8.081798895201362853e+00,3.982796710555336905e-01
3.645312586901511054e+01,8.003051864556759654e+00,3.987997570924078916e-01
3.650763392321812972e+01,7.911715870848647469e+00,4.321580897339301064e-01
3.648981049070098237e+01,7.844401684051771184e+00,4.407476183932458880e-01
3.649384132305921469e+01,7.768520544873595668e+00,4.534623948268070581e-01
3.650961481514683271e+01,7.720957950860352526e+00,5.211960046041035355e-01
3.651652767205357009e+01,7.696923021710768253e+00,5.123783603549841859e-01
3.651916021014125135e+01,7.683866021337701468e+00,5.098054538502222455e-01
3.654570728195196239e+01,7.689101649294615370e+00,4.952012156738651028e-01
3.658748414054863929e+01,7.640772229743790334e+00,4.724678737497362557e-01
3.660793525214830879e+01,7.553824631217319840e+00,4.633283235290891477e-01
3.661692567035095180e+01,7.491479404732693581e+00,4.351794800874727032e-01
3.665050439459322007e+01,7.437318008265802582e+00,4.413517669079659034e-01
3.665961381682208042e+01,7.341890828497609434e+00,4.347110401135356184e-01
3.667364246614346257e+01,7.282489965996671089e+00,4.718142979595618680e-01
3.666758744587171748e+01,7.214908781586943931e+00,5.395874948744751043e-01
3.675059148578239387e+01,7.089142375764830639e+00,6.055959919992581764e-01
3.675307218796798736e+01,7.061617328262638438e+00,5.812385808621152172e-01
3.677311564507962771e+01,7.018886327727800634e+00,5.683981889983028557e-01
3.676902864894213963e+01,6.990387025141275856e+00,6.147254143029070583e-01
3.673629313884772785e+01,6.968722796669730712e+00,5.183271566159205479e-01
3.673584839579459782e+01,6.927988688080825241e+00,4.477822083703124068e-01
3.673844933028549065e+01,6.897512717906062463e+00,3.620082721768799194e-01
3.676661340357756558e+01,6.792019795179307096e+00,3.389925559039698721e-01
3.673492003802776651e+01,6.756446790633383159e+00,5.159692848418062638e-01
3.669074347114750623e+01,6.754762236796070241e+00,1.040987362329464982e+00
3.666886896693118558e+01,6.754046748864174887e+00,1.537616059372346689e+00
3.663574682766028445e+01,6.755076187499856388e+00,2.039375834676437460e+00
3.659717883842424868e+01,6.747362336157377349e+00,2.477145046219200619e+00
3.654893272972576312e+01,6.755076741267637352e+00,2.912837093384647247e+00
3.650348580842763369e+01,6.821863103308632326e+00,-2.951957903539448314e+00
3.644576950966975915e+01,6.850317839608971227e+00,-2.636538856104202466e+00
3.638281782045130086e+01,6.900658281601804944e+00,-2.427903576780560346e+00
3.625970964712087152e+01,6.942034570714412212e+00,-2.343532330902778238e+00
3.608820118084800299e+01,7.003925488595583282e+00,-2.274423723040266410e+00
3.596133657606945633e+01,7.043574146291883942e+00,-2.277276026211968674e+00
3.579810432997084035e+01,7.083259985492047051e+00,-2.137620228212238072e+00
3.568228388940108431e+01,7.091543398536940046e+00,-1.998947542912511643e+00
3.566838637158807757e+01,7.090274370272736881e+00,-1.736214023111949833e+00
3.565951721068082492e+01,7.095239156904288969e+00,-1.251630103611321543e+00
3.566632219723051378e+01,7.093722672589271028e+00,-8.297898879586694809e-01
3.566292504006801778e+01,7.084754198920704127e+00,-3.568785956648181101e-01
3.568586305433891681e+01,6.995525640014726321e+00,1.466607917942414629e-01
3.581521362294833466e+01,6.879712602653793141e+00,6.851786783412264770e-01
3.591206795876317415e+01,6.826394617811894605e+00,9.104158826297711338e-01
3.602586123401076179e+01,6.800011474831089586e+00,1.013424855347078157e+00
3.613871324278105845e+01,6.790979147422384621e+00,1.101171671668105922e+00
3.620160802033478120e+01,6.776485000927029212e+00,1.122780825864109655e+00
3.626677822019056663e+01,6.775260525071502116e+00,1.150104194481731623e+00
3.633419683766556574e+01,6.783969594099746203e+00,1.170226122521494494e+00
3.643071970303152796e+01,6.807689313711239976e+00,1.189226431099970061e+00
3.645432712371142259e+01,6.803653200930487088e+00,1.201307304002195098e+00
3.649921581888547450e+01,6.832779041487684779e+00,1.211429439452633705e+00
3.652787171514196984e+01,6.866018708871990839e+00,1.183468175952404389e+00
3.655944199319789334e+01,6.867679874527582662e+00,1.161206552569981065e+00
3.661337516723784091e+01,6.871156862361765150e+00,1.134286523007649317e+00
3.663326306416929867e+01,6.879111202673209746e+00,1.120112556597747888e+00
3.664890953312561805e+01,6.833519756727943317e+00,1.086163268612695409e+00
3.666056509404987196e+01,6.846490001398606751e+00,1.086337023287966552e+00
3.666348258338546628e+01,6.843367078681061422e+00,1.048842813201538604e+00
3.670128269053370218e+01,6.825482652295209007e+00,1.037495471096182786e+00
3.673485763789506109e+01,6.845396967721439907e+00,9.977704801221047859e-01
3.674823080203423586e+01,6.818205473603047295e+00,9.540077567562101901e-01
3.675868544138005234e+01,6.832007640030287376e+00,9.378168934088995101e-01
3.682231555065881423e+01,6.884443755762244876e+00,9.267527056897677529e-01
3.682149171681560063e+01,6.869221072379406046e+00,9.414238621044846989e-01
3.684718553399638807e+01,6.860249398821833822e+00,9.205958175295294588e-01
3.687378359859292232e+01,6.878939306521210995e+00,8.826939204523792659e-01
3.689838862602724134e+01,6.865521245424244690e+00,8.712826240349147433e-01
3.688587172181401286e+01,6.864083049142935877e+00,8.366140477485134452e-01
3.690803573722859454e+01,6.800694750044413261e+00,8.505581483476276627e-01
3.690664313412825948e+01,6.755535460782319035e+00,8.689534663755758004e-01
3.691457303015224056e+01,6.738322448193262204e+00,8.544110135884337431e-01
3.689888604448238851e+01,6.735844197853219306e+00,9.678084050320839848e-01
3.690867904252364440e+01,6.739188437449600499e+00,9.638506813255539596e-01
3.691229815465788988e+01,6.737055339040958657e+00,9.296939211226243893e-01
3.692354432307997314e+01,6.734217097431549170e+00,8.981828697979654663e-01
3.690769731121324071e+01,6.723981732197398031e+00,8.639315936701497112e-01
3.693443240358941182e+01,6.701151886935612367e+00,8.516434561731903718e-01
3.693455507091910306e+01,6.686186005121468767e+00,8.126621762711140340e-01
3.692216960002177473e+01,6.689973937058546483e+00,7.659234003746137054e-01
3.693334489891888950e+01,6.695280459913409032e+00,7.881767936058037272e-01
3.693825546310965535e+01,6.699590088183666303e+00,7.839042080303928461e-01
3.697840457753156329e+01,6.670225964646798289e+00,7.876645637706555236e-01
3.699732419888083257e+01,6.643300521750143517e+00,8.207701159698074234e-01
3.696980378809218593e+01,6.619011718564371982e+00,7.561463443863007949e-01
3.696736459527179619e+01,6.613403998155869878e+00,7.510777502779458770e-01
3.698680479075075311e+01,6.616978566901879688e+00,7.309505261660242947e-01
3.698119750137686879e+01,6.608571094442273974e+00,7.791505881133976574e-01
3.698251215894072885e+01,6.619064658656441225e+00,7.568761354470192604e-01
3.698446918713985099e+01,6.622614991414896402e+00,7.210575043500688786e-01
3.701061972332809091e+01,6.654624057024283168e+00,6.931192187749203315e-01
3.700197129018493314e+01,6.662871182582973617e+00,6.885067115712949493e-01
3.698632263925644281e+01,6.682952573617782832e+00,6.419247416317869215e-01
3.700743203820756833e+01,6.680969572676869639e+00,6.070992747500084663e-01
3.699874422754444225e+01,6.698518415922620761e+00,5.470057933463386979e-01
3.701073645518657429e+01,6.678974311292217969e+00,5.213603433909764773e-01
3.700918288131313005e+01,6.663443712001072328e+00,5.178315528004407975e-01
3.701382439251162282e+01,6.648388631183005160e+00,5.046400850117980230e-01
3.699467746566010362e+01,6.603530211120316906e+00,5.337820652948839228e-01
3.700494535586821598e+01,6.583554593344883799e+00,5.531790277403734191e-01
3.701012182206535783e+01,6.589053043164074808e+00,5.765683060558587369e-01
3.702054464057366090e+01,6.594585922509254239e+00,5.755849864881754652e-01
3.699921711156682136e+01,6.597414328702926767e+00,6.585545182408945042e-01
3.697491800688638364e+01,6.592370927290485128e+00,6.766975185589461095e-01
3.699483854669634297e+01,6.617922719894806072e+00,6.542503149003187080e-01
3.699665651260255572e+01,6.594816167366434279e+00,6.161915990581453562e-01
3.700455251429314529e+01,6.605637237859630417e+00,5.984442618327033836e-01
3.700231147673383703e+01,6.609265784105002872e+00,6.290547118756192324e-01
3.699832598349622970e+01,6.618112274484795776e+00,6.537162574102425294e-01
3.699594310941958497e+01,6.605563029765908922e+00,6.816689098289043791e-01
3.701280448776479659e+01,6.585026208250218005e+00,7.221132273329563533e-01
3.700176917994222947e+01,6.563345618126137815e+00,7.296961609869813126e-01
3.698644258568089782e+01,6.528142111301558970e+00,7.671008438957810371e-01
3.702051963604306195e+01,6.517442590621039145e+00,7.841248625558975283e-01
3.703635453456449511e+01,6.525668933045878362e+00,7.554073234488830613e-01
3.703062580832664707e+01,6.537099907579968061e+00,7.706624837119822047e-01
3.704865046167942921e+01,6.542797704175367102e+00,7.253760052101720923e-01
3.702319832972830227e+01,6.542338613349474308e+00,7.395158387898905783e-01
3.702882055505492076e+01,6.561562164078438286e+00,7.494268738147883413e-01
3.702742542954212013e+01,6.569741104039771074e+00,7.418152698402982193e-01
3.702872375593845788e+01,6.563901652341133541e+00,7.284784558034438362e-01
3.704402143176199047e+01,6.537956917447166560e+00,7.379636996252404435e-01
3.703142855891838536e+01,6.557860045160285978e+00,7.314895802576589778e-01
3.701368656088989439e+01,6.553622743425034258e+00,7.573006249642468823e-01
3.701398950800383147e+01,6.555568706861891748e+00,7.424380952535399869e-01
3.701871724201757274e+01,6.515974756897972675e+00,7.657798651216919383e-01
3.701350217782987784e+01,6.492810892026886549e+00,7.864209823988407289e-01
3.701656761483013725e+01,6.500055405185282353e+00,7.638528963675437211e-01
3.701071897069341787e+01,6.473336721753716105e+00,7.382273758991182433e-01
3.701631123902356535e+01,6.494273577135240672e+00,7.250836911024751696e-01
3.701668962269671681e+01,6.492512582916210029e+00,7.025345472341295583e-01
3.702648249728345320e+01,6.482585334261196763e+00,6.966839061928596921e-01
3.703842983684435097e+01,6.485788123669091298e+00,7.054570314287595956e-01
3.704475598240231449e+01,6.508033763820069595e+00,6.893740933207145316e-01
3.700578301324062380e+01,6.535784911867605906e+00,7.264236447558808374e-01
3.701549521740807336e+01,6.535555385903715653e+00,7.019445715366363636e-01
3.700691960127765867e+01,6.553327640400014253e+00,6.754975484723435564e-01
3.700351962274095285e+01,6.533072507272304819e+00,6.812430433630112248e-01
3.699213753193672005e+01,6.531068152235077306e+00,6.526176678701912648e-01
3.696531459836960209e+01,6.490131409056845158e+00,6.045417053784124528e-01
3.696442182798830345e+01,6.479005490309914350e+00,5.341069352468927889e-01
3.696719178404157446e+01,6.462133096988350367e+00,5.169740229317185687e-01
3.696381996430848460e+01,6.439133777020093596e+00,5.283736790989852494e-01
3.697131878670458605e+01,6.380978018390470297e+00,4.672404802013115921e-01
3.696353826214470928e+01,6.348185835379340780e+00,3.965855322446552589e-01
3.695742593800000719e+01,6.293975136147237137e+00,3.357444786490962896e-01
3.696166636374076120e+01,6.219223478541817229e+00,2.906364725604233534e-01
3.693959075507608958e+01,6.156634952664435723e+00,2.944223841842878442e-01
3.696724922842524563e+01,6.062780365789858905e+00,2.813867144008979082e-01
3.695407599104935059e+01,5.976144645755626428e+00,2.886358216710224744e-01
3.694293562999844482e+01,5.901261049639709988e+00,2.720137337462681382e-01
3.693334185773208134e+01,5.839947629639578253e+00,2.419663264400565006e-01
3.691727777842511671e+01,5.791915146476886989e+00,2.553394734303122138e-01
3.688960374497813177e+01,5.743145439571517130e+00,4.869624073319728241e-01
3.689508044540505693e+01,5.719691103385656561e+00,6.559048456310102582e-01
3.691196146474106854e+01,5.694080387753440498e+00,7.948063677585036624e-01
3.690717672513448377e+01,5.695442949133669330e+00,8.753000505229655559e-01
3.691853008231629474e+01,5.725977007373451499e+00,9.460646806699661848e-01
3.693982275250510838e+01,5.746429563391757256e+00,9.767188307244644152e-01
3.698073937698285363e+01,5.750303698149917153e+00,1.025702533154672969e+00
3.698874985245112157e+01,5.779796874365995762e+00,1.045699746387802165e+00
3.695341915296944535e+01,5.773603418268431042e+00,1.097683097064681368e+00
3.698098027135731058e+01,5.785965485512259754e+00,1.093356653788913224e+00
3.696012560329486973e+01,5.795870192898759932e+00,1.104647801750485936e+00
3.698365860613274236e+01,5.823567415102390399e+00,1.124348669960639535e+00
3.695030075426851113e+01,5.809264804160430451e+00,1.151433214174703235e+00
3.693776281017137819e+01,5.826558681065603373e+00,1.138413793148374431e+00
3.692098399076384396e+01,5.839452510849941547e+00,1.144702446322771738e+00
3.690491032691264195e+01,5.833717739860190932e+00,1.156917953350910189e+00
3.691129406539037916e+01,5.818666380898781298e+00,1.184757205331293584e+00
3.690926699418400858e+01,5.814985761940917541e+00,1.204479015400725217e+00
3.692482937851913505e+01,5.826162637762964280e+00,1.240273220705234714e+00
3.695018439888904993e+01,5.864699074023591585e+00,1.236573738790346599e+00
3.695526087231975509e+01,5.887270268136983731e+00,1.247370547054975409e+00
3.697127212139481856e+01,5.928016316268601038e+00,1.215654450582331014e+00
3.695088223239064007e+01,5.949298349145347053e+00,1.176853435393671488e+00
3.697548015560305856e+01,6.012020663317445113e+00,1.113205125455265065e+00
3.696033574999421489e+01,6.055739399788273580e+00,1.078374100500685717e+00
3.695064806994268736e+01,6.049858512932899224e+00,1.096510384930179605e+00
3.695835699099296789e+01,6.080163972183200372e+00,1.199296874453726014e+00
3.696054271352873144e+01,6.128610976861297743e+00,1.271833973646101068e+00
3.697226255787856530e+01,6.183121941981953640e+00,1.275914894558354051e+00
3.704886238810138366e+01,6.371019754702684779e+00,1.229276425570858811e+00
3.704579251881484936e+01,6.444962303492163258e+00,1.188793704536771134e+00
3.702273869575397924e+01,6.525397486243883272e+00,1.090929137317952380e+00
3.700296936061231179e+01,6.562421875693856599e+00,1.064436088175331196e+00
3.701543985143879212e+01,6.599916814894331907e+00,1.028179256233000327e+00
3.700135272419636578e+01,6.636867327174870823e+00,9.914208007854200533e-01
3.699824540411216844e+01,6.701371790123930694e+00,9.554809599640186057e-01
3.698823843714993131e+01,6.748048815077885010e+00,8.826064885402318261e-01
3.700606397052008845e+01,6.754882240332771737e+00,8.510773503917887783e-01
3.701686062101580887e+01,6.772100712414593993e+00,8.411065862572855156e-01
3.710057017043008187e+01,6.746273327281093302e+00,7.977827096446242772e-01
3.709088654572217081e+01,6.744718246780445625e+00,7.854024790719943416e-01
3.709474630301849629e+01,6.740455220638123635e+00,7.583511393935280509e-01
3.710766274981996560e+01,6.752533037353003920e+00,7.060706609050596549e-01
3.708851841353586565e+01,6.747666561218895076e+00,7.069549113026289966e-01
3.706802771706739463e+01,6.760143273807194930e+00,6.840024540846664225e-01
3.705513389582458927e+01,6.764481424613656202e+00,6.829850864131050692e-01
3.706147701809553041e+01,6.785069168105059667e+00,6.753659695847905597e-01
3.704447482985681717e+01,6.776140400538718467e+00,6.673448429417909722e-01
3.704754104143141547e+01,6.751264401779846658e+00,6.960120471163120381e-01
3.703984529721260799e+01,6.741775975766177709e+00,6.991699781475132491e-01
3.702981849391380109e+01,6.751602912373742882e+00,6.784588880917308273e-01
3.702587111975160639e+01,6.748601342759876331e+00,6.874406679277721421e-01
3.700453476976409206e+01,6.750726757818712898e+00,7.371900998005789241e-01
3.702985931402142228e+01,6.749915485320746811e+00,7.361353190956176906e-01
3.702635707378483687e+01,6.760135730442121016e+00,7.139351630742752919e-01
3.703406759020050742e+01,6.762284982092767294e+00,6.816150353948929874e-01
3.703812383872393355e+01,6.772873421029322216e+00,6.956019178125920632e-01
3.702917552719958394e+01,6.755980129770709830e+00,7.160702603297761648e-01
3.702176115696325809e+01,6.749290129621445367e+00,7.405347312551129324e-01
3.702635838280848191e+01,6.723666735259044458e+00,7.616127019643268437e-01
3.701534779899532168e+01,6.723583052186619113e+00,7.605707547469064966e-01
3.700701274813332020e+01,6.729551937394205652e+00,7.659251816239128763e-01
3.702516625527853478e+01,6.736070896490548243e+00,7.937513739379528088e-01
3.701358018220849289e+01,6.738151081714010893e+00,8.032532081506422728e-01
3.700492413638487932e+01,6.695472179377895294e+00,8.074340220445771488e-01
3.698433197856076760e+01,6.681467104566870319e+00,7.911512680831117583e-01
3.699794613882605887e+01,6.630974581274829305e+00,7.976532209729749745e-01
3.700981142029434778e+01,6.622856080855603622e+00,7.788771005776936596e-01
3.701352510042326571e+01,6.614599863627341314e+00,8.018484056527903636e-01
3.702196400216958239e+01,6.614766959587942807e+00,8.265873415521057810e-01
3.703078017990705462e+01,6.618195402359563495e+00,7.995814504157021663e-01
3.705731189843646689e+01,6.664958136165511249e+00,8.009371361100207087e-01
3.702210761337975242e+01,6.663774123765266566e+00,7.822210875744418646e-01
3.703091022159570400e+01,6.707437422363778268e+00,7.660967487097725126e-01
3.702677338746704550e+01,6.748923890598084618e+00,7.756166142253205775e-01
3.701951324027097456e+01,6.770879823039306800e+00,7.854209231546354086e-01
3.700775772514679574e+01,6.809201184435130116e+00,7.394029276127531691e-01
3.699261067223353905e+01,6.829588736356821954e+00,7.384477578083508131e-01
3.698839700529214269e+01,6.879185471542905717e+00,7.433364301809853858e-01
3.697111642717369762e+01,6.961345118375264818e+00,7.205610720616861808e-01
3.699844580901987001e+01,7.015907441305002656e+00,7.053349845879839375e-01
3.700420695075753486e+01,7.047670140034231423e+00,6.894502001886504416e-01
3.700458201655018797e+01,7.112218306518619748e+00,6.568451318102601633e-01
3.699782245004755055e+01,7.165236871179244460e+00,6.162908586680767575e-01
3.701544293396732144e+01,7.171368664977585183e+00,5.901007059421925494e-01
3.699557800647711758e+01,7.206298773087187470e+00,5.777293169825634678e-01
3.699365418099566227e+01,7.201660831963174303e+00,5.970313514533865940e-01
3.701410437014612853e+01,7.210915333461135113e+00,6.090571126579649164e-01
3.698976865578763551e+01,7.170822794722409022e+00,5.994768458477280904e-01
3.699035174125035041e+01,7.185821228587132126e+00,5.939417857975088921e-01
3.697736519747704165e+01,7.173493255050902739e+00,5.913186367191922699e-01
3.693003218638809670e+01,7.179603121968651358e+00,6.267152331665228893e-01
3.688411677209269612e+01,7.178615571482227509e+00,6.976672314965840505e-01
3.686062170350037093e+01,7.179947436271348238e+00,6.770256006095510815e-01
3.683542338705963459e+01,7.173326365246133207e+00,6.421753693057596912e-01
3.680583983744057264e+01,7.173620276391974748e+00,6.168856905640521804e-01
3.677400664302437150e+01,7.187456706925850369e+00,5.691777297144244852e-01
3.674848541261128787e+01,7.184194082421200278e+00,5.657011170110485265e-01
3.675727780083619933e+01,7.195695587327527676e+00,5.595057616331584605e-01
3.673578011604136861e+01,7.187009623121671353e+00,5.555837673955054123e-01
3.671420649334581299e+01,7.177961942502788517e+00,5.510028953943270080e-01
3.669241617167607217e+01,7.175816901195988251e+00,5.641050839267410799e-01
3.667679352697794570e+01,7.182141406568932851e+00,5.762485941132649003e-01
3.669925930960561544e+01,7.185796297659240217e+00,5.701991564472300711e-01
3.676006430758550181e+01,7.180494370745393873e+00,5.802353204336492265e-01
3.677313574312979938e+01,7.178082246445439019e+00,5.964706812233616651e-01
3.680784658533630704e+01,7.191615300616327922e+00,5.712403592890371584e-01
3.683597751464459691e+01,7.208844853673260999e+00,5.829790844035739328e-01
3.684821426488039720e+01,7.218374132412575861e+00,6.524059080817504741e-01
3.680187345133226984e+01,7.220554829515361206e+00,9.699609491021151664e-01
3.675631859355003428e+01,7.225007402098884590e+00,1.269236000700021627e+00
3.671529867018325177e+01,7.222859034705997772e+00,1.589614303573428700e+00
3.669453716787519681e+01,7.213101469422246836e+00,1.797381010802535206e+00
3.667816020091514417e+01,7.212619777699178059e+00,2.023024685568858505e+00
3.663657513048839576e+01,7.212935876638477239e+00,2.201389784700078067e+00
3.662032461775024217e+01,7.208625638859538221e+00,2.355091170519010291e+00
3.659665614345291829e+01,7.205094917295655321e+00,2.457028451580703710e+00
3.658108380130695991e+01,7.212644869524927671e+00,2.564694844605250434e+00
3.648989816527511465e+01,7.299541590882293818e+00,3.003022569680767084e+00
3.633312890702953979e+01,7.358419682383048332e+00,-2.811101437001290115e+00
3.618473599784847750e+01,7.355203574496394836e+00,-2.499265522317420718e+00
3.609847985309731655e+01,7.332478829766624351e+00,-2.411146953699495388e+00
3.592131612192380175e+01,7.278668428975082705e+00,-2.322621300193429938e+00
3.580194283461248261e+01,7.233105601096281312e+00,-2.249720928911528972e+00
3.568366100979744715e+01,7.177257040164088053e+00,-2.214044772753800849e+00
3.559427891748298123e+01,7.129100581065477726e+00,-2.216903484781661771e+00
3.549547648678968415e+01,7.084932191088626041e+00,-2.237092855203274944e+00
3.545376304808937107e+01,7.069075682715634912e+00,-2.255018104993153027e+00
3.544265891065693808e+01,7.063341847670875140e+00,-2.328837424933321021e+00
3.541540690930314383e+01,7.058065328384989456e+00,-2.330655411719471548e+00
3.539098413593170278e+01,7.055042410088912419e+00,-2.330932709186368967e+00
3.538232842203295547e+01,7.050206330424297008e+00,-2.034097557776071596e+00
3.537257162924253606e+01,7.052278618147365563e+00,-1.699662729088207591e+00
3.535897864744700314e+01,7.033332002915925862e+00,-1.771348791355508823e+00
3.533996688426623223e+01,7.017444346814846412e+00,-1.962400262942267659e+00
3.532425180167247447e+01,7.012705037766279403e+00,-1.807037439985252014e+00
3.529917575806479846e+01,6.992084518379492408e+00,-1.760365794878455237e+00
3.524818021383376276e+01,6.937835491089948903e+00,-1.971490521203076884e+00
3.522017576049244525e+01,6.921544148502687399e+00,-1.780655345113422161e+00
3.519956287421361196e+01,6.902640247975090126e+00,-1.675950392809908651e+00
3.514587880268463493e+01,6.848492688567292319e+00,-1.884200927503301370e+00
3.503837706602581648e+01,6.771501746372141639e+00,-2.092549024560096171e+00
3.492541226589632686e+01,6.714273135097076128e+00,-2.232068988070446736e+00
3.477896721560601634e+01,6.667633766902977044e+00,-2.318416442658401078e+00
3.464779365187692406e+01,6.620603375457912776e+00,-2.357982131366945566e+00
3.450535617794735543e+01,6.577839618238821018e+00,-2.394672235303249241e+00
3.439138008120526990e+01,6.543932760765021506e+00,-2.411244803516115809e+00
3.425251336886077524e+01,6.505739508891355882e+00,-2.516086318184779902e+00
3.426386785806310797e+01,6.509132374428657997e+00,-2.848434993024683060e+00
3.428201151712475081e+01,6.505898656614483855e+00,3.122116770331103908e+00
3.427782161078110335e+01,6.505759491247582460e+00,2.897540114600535954e+00
3.426109633731310566e+01,6.500796435591414735e+00,2.705321780310065982e+00
3.425468220943825060e+01,6.498625107429186087e+00,2.512488842033373082e+00
3.424904133263792261e+01,6.495592388726446842e+00,2.336296473950729258e+00
3.425499091647876071e+01,6.499222979036606063e+00,2.179588178655039510e+00
3.425094075549404948e+01,6.497903220638304944e+00,2.075744060100299659e+00
3.426204584227913585e+01,6.493032091229647307e+00,1.988520711375401762e+00
3.428296827344650666e+01,6.567847710182899590e+00,1.709928643702075535e+00
3.436114138361231340e+01,6.697138158734086133e+00,1.219561748310699079e+00
3.448681642440571693e+01,6.769910713314448714e+00,8.723803692317424474e-01
3.458358942936908420e+01,6.806955378374092369e+00,6.993654420272410466e-01
3.469261354540233810e+01,6.827133397811625315e+00,5.972724366107095006e-01
3.483019430405676076e+01,6.842056685532305060e+00,5.651812624826361153e-01
3.492806985449828261e+01,6.853783208722314058e+00,5.452899407056568393e-01
3.500480658130325651e+01,6.855947353406682154e+00,5.258105479117478609e-01
3.505780899899242797e+01,6.858533735012061427e+00,5.088419556172545377e-01
3.510775026903861828e+01,6.864176789309115456e+00,7.362176899404203612e-01
3.513259062437616365e+01,6.892039242629819817e+00,1.082484412954168418e+00
3.519675925618535928e+01,6.924870059824586477e+00,9.123552504108878303e-01
3.524637229794785753e+01,6.948472205964336013e+00,8.073830263819116171e-01
3.532373538728433005e+01,7.039196391830833122e+00,1.569076421921815401e+00
3.532209400436222779e+01,7.087589706976249460e+00,1.668629941894176349e+00
3.530914988254644271e+01,7.092808718879448193e+00,1.753200078720440924e+00
3.530587737854044406e+01,7.090073208204623612e+00,1.836966458780374900e+00
3.530796277376807524e+01,7.093602818389236120e+00,1.924607968497211941e+00
3.529294641934521337e+01,7.095797543688936670e+00,2.012070409261381254e+00
3.528662857124189145e+01,7.098623318037793339e+00,2.047819135474947316e+00
3.527370950309395425e+01,7.103850345559383328e+00,2.053915747037724060e+00
3.526236293432887692e+01,7.107116710274684834e+00,2.055423442158982095e+00
3.522599383855923350e+01,7.100695088683288247e+00,2.040420058874073739e+00
3.521103951087597039e+01,7.099005099976924527e+00,2.041013678507683338e+00
3.519714808896318203e+01,7.099324659528090109e+00,2.039037900691372585e+00
3.518892359224832234e+01,7.094017109749200856e+00,2.039800695749090842e+00
3.518284712380526713e+01,7.091508635435376462e+00,2.043846767841122070e+00
3.517981895478821741e+01,7.090921671751418742e+00,2.046199267897848895e+00
3.517163694593168088e+01,7.089394388812143788e+00,2.044476728075799610e+00
3.516472576328501987e+01,7.091673677769271045e+00,2.045168939069319958e+00
3.516683309060336171e+01,7.093917789876387658e+00,2.047002487452564523e+00
3.515992947848085493e+01,7.098496553822982946e+00,2.045080961244434725e+00
3.515085889633809302e+01,7.095427398973585653e+00,2.045140135948942284e+00
3.514358324061698369e+01,7.096626362377035591e+00,2.043354524527245974e+00
3.515076924909968170e+01,7.100126609696209457e+00,2.043652684871722247e+00
3.513864042714418900e+01,7.103233338608180958e+00,2.043778022945669903e+00
3.511797930816139512e+01,7.104490880025603694e+00,2.037453642224623440e+00
3.510766883392386717e+01,7.100686940830175153e+00,2.038708900411582370e+00
3.508679698301603622e+01,7.096530123903365350e+00,2.039549516082800995e+00
3.507929843784655333e+01,7.095423792752217018e+00,2.037700480661285507e+00
3.507582009685440028e+01,7.092841365071031134e+00,2.039684474553588700e+00
3.505111531703158789e+01,7.085715901344803669e+00,2.039743090838983086e+00
3.504867271293829845e+01,7.084347691491102772e+00,2.044464725348736245e+00
3.503887795600631705e+01,7.090119422017796325e+00,2.042215513206718125e+00
3.505611492666564288e+01,7.088477969824758418e+00,2.041614952083328216e+00
3.505665046249841055e+01,7.092156921288962579e+00,2.039802908504074530e+00
3.506188310339993564e+01,7.097970623001922164e+00,2.041010616896918428e+00
3.504781303398669934e+01,7.100112348998006695e+00,2.041757547049880106e+00
3.505503219180905461e+01,7.100929856620394887e+00,2.044326555035206994e+00
3.505568395861656228e+01,7.100142869337526363e+00,2.048095433619308459e+00
3.504764102300410400e+01,7.101275795862759921e+00,2.049511554600432106e+00
3.502855740110626925e+01,7.101060676449983511e+00,2.052906482953680722e+00
3.501561072566236987e+01,7.099396358021384579e+00,2.055818067485607692e+00
3.501054883680460250e+01,7.101067600213651687e+00,2.057098268931572438e+00
3.499659242410644566e+01,7.101385364829497782e+00,2.056969623490691124e+00
3.497972311390751088e+01,7.101122550357033880e+00,2.051261637022046891e+00
3.497463502180939088e+01,7.101752011544942178e+00,2.050436343301669240e+00
3.496170802513501030e+01,7.104046528413674011e+00,2.053463766428707871e+00
3.494969657574579003e+01,7.103561878507882454e+00,2.051010142208447018e+00
3.494839054261849043e+01,7.104152386802086383e+00,2.053129501505626120e+00
3.494634297046013671e+01,7.101605870389105846e+00,2.055114481921055614e+00
3.493723098799969762e+01,7.105082930782472772e+00,2.054267015821433340e+00
3.492448988120477793e+01,7.106369545490280437e+00,2.055347647650928256e+00
3.491607010652694498e+01,7.106484331297941992e+00,2.055553052698442240e+00
3.491026998398884018e+01,7.106943154442972421e+00,2.057105623629306379e+00
3.489185413493424903e+01,7.106894084135332079e+00,2.055309426059905853e+00
3.489894842079223736e+01,7.105428178731004962e+00,2.055801966151973748e+00
3.488898372010586968e+01,7.106814938397249648e+00,2.057060600868218181e+00
3.485686108021796770e+01,7.109654535852417467e+00,2.058523584516113392e+00
3.484206332249544857e+01,7.107983337364265353e+00,2.059369706736220440e+00
3.483393756884056813e+01,7.106269878357755587e+00,2.061865847243524730e+00
3.482555719571494990e+01,7.104899720269408192e+00,2.061198757754737709e+00
3.480251972005008554e+01,7.104408241704204485e+00,2.062831250839489261e+00
3.478618105393807980e+01,7.109634103932415350e+00,2.064916383740320160e+00
3.478026196960392724e+01,7.106814955854052762e+00,2.063641989864713366e+00
3.478969540679948125e+01,7.108073207904482160e+00,2.061146736916353639e+00
3.476875192386442137e+01,7.110184858044744871e+00,2.056907258580414233e+00
3.476668678246148403e+01,7.108842274113190030e+00,2.052901876942922144e+00
3.474956461611087377e+01,7.111053799874152759e+00,2.051967866949504504e+00
3.475424216610400663e+01,7.110952822809451845e+00,2.055385481786880852e+00
3.474117902587963158e+01,7.114796152074289282e+00,2.048666742456331846e+00
