3.807000000000000028e+01,-1.951999999999999957e+01,0.000000000000000000e+00
3.807096835412503566e+01,-1.951904583819505845e+01,0.000000000000000000e+00
3.807096835403353907e+01,-1.951904583818395622e+01,0.000000000000000000e+00
3.807096835388801992e+01,-1.951904583819850814e+01,0.000000000000000000e+00
3.807096835385891609e+01,-1.951904583819850814e+01,0.000000000000000000e+00
3.807153949149061134e+01,-1.951904583818395622e+01,1.402345467629747822e-01
3.807211352436768692e+01,-1.951904583821306005e+01,3.324651441428948528e-01
3.807090078590164950e+01,-1.951793896609643042e+01,4.894617377075828890e-01
3.807213834387932394e+01,-1.951793896606250200e+01,6.464617382323674111e-01
3.807342240262727984e+01,-1.951793896605522605e+01,8.030048286294226845e-01
3.807276262647314979e+01,-1.951793896601157030e+01,9.247670874144983122e-01
3.808978026237318915e+01,-1.947993896598927677e+01,1.239008023069876563e+00
3.810240746301666803e+01,-1.935693896596785635e+01,1.552536383262419939e+00
3.809170793692187829e+01,-1.923693896595796105e+01,1.674772277352614802e+00
3.806455718918158482e+01,-1.909693896593671525e+01,1.744536208876263261e+00
3.803003286005258587e+01,-1.895693896588636562e+01,1.797995409107272513e+00
3.798904392682345588e+01,-1.881793896583258174e+01,1.832519646574917394e+00
3.795052707446991036e+01,-1.869828094542052455e+01,1.832747005730234191e+00
3.790696799936452521e+01,-1.856328094537457218e+01,1.832270639675702917e+00
3.786417804353021666e+01,-1.842528094536100980e+01,1.813555840352363724e+00
3.782938359389959970e+01,-1.830867677639475488e+01,1.796320101813266401e+00
3.778599041670976533e+01,-1.814867677639267640e+01,1.761556517241970710e+00
3.776147426418643960e+01,-1.802867677634640131e+01,1.743317272490311209e+00
3.772548569871202773e+01,-1.784867677636066219e+01,1.707843500910430912e+00
3.770548895637771381e+01,-1.772867677632166306e+01,1.690844423021999221e+00
3.768447521241996157e+01,-1.758867677628586534e+01,1.672363767908683352e+00
3.766746408707309257e+01,-1.744867677624279168e+01,1.655844002451304586e+00
3.765490520105166894e+01,-1.735367677624162752e+01,1.603362174171508503e+00
3.764138240787389122e+01,-1.721367677623493364e+01,1.620121151959617034e+00
3.763867089951943967e+01,-1.709367677618865855e+01,1.620121347496004338e+00
3.762643201386495662e+01,-1.693367677615606226e+01,1.638365112534643675e+00
3.761443201379734091e+01,-1.680967677612352418e+01,1.638365112532028434e+00
3.759937275913217292e+01,-1.666367677610833198e+01,1.655124641808816577e+00
3.758736983714864266e+01,-1.654167677610530518e+01,1.638123553401768406e+00
3.757237863894171426e+01,-1.639867677607253427e+01,1.638608567896772117e+00
3.755438391352593896e+01,-1.625267677605734207e+01,1.620608655663309694e+00
3.753942700901374963e+01,-1.612767677602823824e+01,1.621340873870650068e+00
3.751840163894606661e+01,-1.594167677601944888e+01,1.639098678967257250e+00
3.750437318924460328e+01,-1.581767677600146271e+01,1.639100245081056118e+00
3.749441792427092679e+01,-1.569099489936621872e+01,1.638121531738051972e+00
3.748143421278573584e+01,-1.554399489938077750e+01,1.638368285222981502e+00
3.746427481582072261e+01,-1.539699489935810561e+01,1.638122165490335957e+00
3.744718535485792898e+01,-1.522799489936733153e+01,1.638369317681364068e+00
3.743516622677800854e+01,-1.510109991944765895e+01,1.638617818634920509e+00
3.742010191485770321e+01,-1.495409991943597561e+01,1.638371873838241122e+00
3.741152088874434156e+01,-1.480709991945332149e+01,1.638125936420168793e+00
3.739735892418030971e+01,-1.468209991942057968e+01,1.638124473915680612e+00
3.737894162930215458e+01,-1.453609991938355961e+01,1.638124317051376400e+00
3.730841617384812992e+01,-1.439609991934776190e+01,1.620613768757689588e+00
3.729771345046388831e+01,-1.427609991931603872e+01,1.620113058530183059e+00
3.728950463521411507e+01,-1.413509991930914111e+01,1.585861362157322318e+00
3.728275923302300754e+01,-1.399509991931336117e+01,1.604110213842476096e+00
3.727634794592542278e+01,-1.387409991930690012e+01,1.604110236262927591e+00
3.726467725319436397e+01,-1.371309991927410010e+01,1.620860060669745195e+00
3.725067725309054367e+01,-1.357009991926315706e+01,1.638860060669685481e+00
3.723867725307354704e+01,-1.344709991923446069e+01,1.638860060668321239e+00
3.722467725310707465e+01,-1.330709991922049085e+01,1.620860060668292135e+00
3.721267725311918184e+01,-1.316709991921379697e+01,1.603860060668466758e+00
3.720860620089902682e+01,-1.305909991922817426e+01,1.568860087480631327e+00
3.720860620090388693e+01,-1.291709991922471090e+01,1.550860087477758498e+00
3.720360620087012649e+01,-1.275609991918099695e+01,1.603860087477642082e+00
3.719166900295330436e+01,-1.261609991915975115e+01,1.655860111075274865e+00
3.717257003936836668e+01,-1.249609991916076979e+01,1.690860088411448636e+00
3.714957003938616253e+01,-1.235609991917590378e+01,1.707860088409233867e+00
3.712557003941037692e+01,-1.223609991914054262e+01,1.742860088404995622e+00
3.709557003935333341e+01,-1.209609991913384874e+01,1.760860088404115231e+00
3.703557003929745406e+01,-1.185609991910678218e+01,1.777860088400757377e+00
3.699857003928627819e+01,-1.171509991909260862e+01,1.795860088398967491e+00
3.696557003926136531e+01,-1.159509991908271331e+01,1.795860088396239007e+00
3.691491604378332170e+01,-1.141709991908646771e+01,1.812860106897345780e+00
3.688030013819334840e+01,-1.130129069665124675e+01,1.831616656232157636e+00
3.682461265797459760e+01,-1.114931734575726452e+01,1.918615757562366797e+00
3.677849975718401510e+01,-1.103293416664657478e+01,2.005615704624672979e+00
3.671832143302740548e+01,-1.092811604512979784e+01,2.075360976217570652e+00
3.662932143302168697e+01,-1.078880618645059819e+01,2.163136550631064470e+00
3.655732143297791481e+01,-1.068959713437445735e+01,2.181136471998164073e+00
3.644280050845939201e+01,-1.054485488969911522e+01,2.215309272561895249e+00
3.636639287048063096e+01,-1.044805137276431140e+01,2.268857691574608371e+00
3.625480678400284518e+01,-1.033658176749859514e+01,2.304114235627507501e+00
3.618480678394553252e+01,-1.025874149476898189e+01,2.321113589377708397e+00
3.609980678389547393e+01,-1.017245043053609344e+01,2.339113375186901767e+00
3.595265078393019564e+01,-1.003756740691669691e+01,2.374628232224196278e+00
3.587765078383381478e+01,-9.978197975774925510e+00,2.391884009792595744e+00
3.575491337972667338e+01,-9.871876064833394082e+00,2.426364957612585194e+00
3.566068224483520765e+01,-9.794974056600084467e+00,2.443102994192885014e+00
3.554868224484380335e+01,-9.711267425634435568e+00,2.461635194164665918e+00
3.543568224483169615e+01,-9.628240137030303458e+00,2.496638843764800608e+00
3.530160767846147962e+01,-9.535392316275727254e+00,2.513117622580598898e+00
3.520060767841641791e+01,-9.467045770668567783e+00,2.531655162907954448e+00
3.507774462208819699e+01,-9.390842296297673641e+00,2.584434355205476930e+00
3.494978721402740973e+01,-9.326024351757510544e+00,2.654959828906950925e+00
3.480078721401514485e+01,-9.262320625782695771e+00,2.690501286490195820e+00
3.466978721396299079e+01,-9.205830600561458965e+00,2.724958258767682828e+00
3.455578721399069764e+01,-9.162035601071350399e+00,2.741694524758965024e+00
3.444178721393109299e+01,-9.112733557634104642e+00,2.759164467905189433e+00
3.430578721396159381e+01,-9.066060419164644557e+00,2.846427541115497561e+00
3.416678721390780993e+01,-9.036608691054446751e+00,2.916702752115723385e+00
3.402678721392294392e+01,-9.011157034865703963e+00,2.985702611564536202e+00
3.390678721395670436e+01,-8.999157034872041550e+00,3.020702611562228412e+00
3.374678721401141956e+01,-8.987901025571728653e+00,3.038437747529796340e+00
3.360678721393924206e+01,-8.987335100762519957e+00,3.108978362282216690e+00
3.346678721401258372e+01,-8.998780540446169596e+00,-3.123268193395536851e+00
3.332678721399861388e+01,-9.003236550108566050e+00,-3.106268352526684318e+00
3.318978721395251341e+01,-9.008995713218860502e+00,-3.123530720290294216e+00
3.306978721389896236e+01,-9.009945124680392325e+00,-3.107061582419408996e+00
3.292669008730140945e+01,-9.021945136880106020e+00,-3.053797053794437666e+00
3.278669008726137690e+01,-9.042407328864172200e+00,-2.984330645525895331e+00
3.262669008722878061e+01,-9.075390699800438554e+00,-2.950330646150948422e+00
3.244469008725718595e+01,-9.121678981872229031e+00,-2.932059771190916653e+00
3.232585642623401156e+01,-9.152943055005364315e+00,-2.931526941347827986e+00
3.218285642622504383e+01,-9.189187986949159281e+00,-2.931262560232756886e+00
3.206185642618220299e+01,-9.222768173643373757e+00,-2.930723753483763350e+00
3.187885642616311088e+01,-9.269788589118224564e+00,-2.930719531653202203e+00
3.173922148553604572e+01,-9.302895297862933788e+00,-2.913982667331378451e+00
3.161783841312183441e+01,-9.333871223794702132e+00,-2.913985721222217329e+00
3.145587751084432782e+01,-9.375366666640193358e+00,-2.897016847202620315e+00
3.130746574990688913e+01,-9.421978257908484977e+00,-2.932553497131299203e+00
3.116526134391918035e+01,-9.456038057858934920e+00,-2.845005963100119217e+00
3.105002023304526304e+01,-9.487263832097344363e+00,-2.756155955895405629e+00
3.092415995048759569e+01,-9.560523363072656267e+00,-2.598233937112525815e+00
3.079391400337609852e+01,-9.658183323856745162e+00,-2.459761044914119843e+00
3.070391400341759436e+01,-9.735482415270793055e+00,-2.425308557845733404e+00
3.059991400341095868e+01,-9.835771281954309941e+00,-2.406845753847947300e+00
3.048891400339198299e+01,-9.945771281953057041e+00,-2.319845753844674618e+00
3.048435620556807280e+01,-9.948772275345517002e+00,-1.848845842087208480e+00
3.048135620552056935e+01,-9.981221153791103973e+00,-1.796844985714260989e+00
3.044921293115973882e+01,-1.008030637539402363e+01,-2.127843924139535936e+00
2.955921293114079162e+01,-1.057687044508183227e+01,-2.910645282235148290e+00
2.829421293108316604e+01,-1.094887044508868712e+01,-2.805645282235673221e+00
2.815821293107001111e+01,-1.099787044508411782e+01,-2.823645282231154852e+00
2.801821293108514510e+01,-1.104687044505044469e+01,-2.823645282231154852e+00
2.789821293103159405e+01,-1.108887044503717334e+01,-2.823645282230245357e+00
2.775821293091576081e+01,-1.113787044502532808e+01,-2.823645282220240915e+00
2.764121293087373488e+01,-1.117987044501569471e+01,-2.823645282217512431e+00
2.752821293084707577e+01,-1.121387044502262142e+01,-2.910645282212499296e+00
2.739021293078258168e+01,-1.124887044501156197e+01,-2.893645282208126446e+00
2.723021293074998539e+01,-1.129087044502011850e+01,-2.893645282204488467e+00
2.707221293071052060e+01,-1.133787044499331387e+01,-2.875645282206278353e+00
2.695221293070062529e+01,-1.137487044500085176e+01,-2.858645282202814997e+00
2.681521293072728440e+01,-1.141887044498798787e+01,-2.840645282204604882e+00
2.669721293069596868e+01,-1.146087044497835450e+01,-2.823645282203870011e+00
2.655821293067128863e+01,-1.150987044498106115e+01,-2.823645282203870011e+00
2.641821293064276688e+01,-1.155887044496921590e+01,-2.805645282202021917e+00
2.628021293066558428e+01,-1.160787044496828457e+01,-2.823645282199322537e+00
2.616021293059748132e+01,-1.164987044496228918e+01,-2.823645282199322537e+00
2.602421293055522256e+01,-1.169887044495408190e+01,-2.823645282200232032e+00
2.586721293051959947e+01,-1.175287044494689326e+01,-2.840645282198238419e+00
2.572721293053473346e+01,-1.180187044490958215e+01,-2.840645282194600441e+00
2.558721293050621171e+01,-1.184987044490844710e+01,-2.840645282188233978e+00
2.544721293049224187e+01,-1.189687044491438428e+01,-2.858645282186444092e+00
2.530921293045685161e+01,-1.194187044491627603e+01,-2.840645282181867515e+00
2.518921293041785248e+01,-1.198387044490664266e+01,-2.840645282183686504e+00
2.504921293040388264e+01,-1.203287044489479740e+01,-2.840645282181867515e+00
2.490921293041901663e+01,-1.208187044489386608e+01,-2.840645282173682062e+00
2.478921293040912133e+01,-1.212387044489150867e+01,-2.840645282170953578e+00
2.460921293044521008e+01,-1.218687044487887761e+01,-2.840645282168225094e+00
2.448821293041692115e+01,-1.222887044485105434e+01,-2.840645282170044084e+00
2.434821293038839940e+01,-1.227787044486831292e+01,-2.840645282168225094e+00
2.422821293036395218e+01,-1.231987044485867955e+01,-2.840645282170953578e+00
2.408821293027722277e+01,-1.236887044485047227e+01,-2.840645282170044084e+00
2.394821293021959718e+01,-1.241787044486409286e+01,-2.840645282166406105e+00
2.380821293017652351e+01,-1.246587044484476792e+01,-2.840645282168225094e+00
2.366821293013344985e+01,-1.251487044481837074e+01,-2.840645282170953578e+00
2.354821293015265837e+01,-1.255687044479418546e+01,-2.840645282171863073e+00
2.340821293013868853e+01,-1.260587044480053009e+01,-2.840645282166406105e+00
2.328821293011424132e+01,-1.264787044478362077e+01,-2.840645282165496610e+00
2.316821293008979410e+01,-1.268987044476671144e+01,-2.840645282160039642e+00
2.298821293008222710e+01,-1.275287044475408038e+01,-2.840645282155492168e+00
2.284821293002460152e+01,-1.280187044475314906e+01,-2.840645282150035200e+00
2.272821292998560239e+01,-1.284387044472168782e+01,-2.840645282147306716e+00
2.260821292993205134e+01,-1.288587044472296839e+01,-2.840645282144578232e+00
2.244821292987035122e+01,-1.294187044471982517e+01,-2.840645282144578232e+00
2.232821292988955975e+01,-1.298387044472838170e+01,-2.840645282144578232e+00
2.218821292993379757e+01,-1.303287044472381240e+01,-2.840645282140940253e+00
2.202821292994485702e+01,-1.308787044472046546e+01,-2.840645282138211769e+00
2.190821292999316938e+01,-1.312987044469264220e+01,-2.840645282130935811e+00
2.170821292993787210e+01,-1.319987044469235116e+01,-2.840645282124569349e+00
2.157121292994997930e+01,-1.324787044468030217e+01,-2.823645282125653466e+00
2.145521292997000273e+01,-1.328587044462619815e+01,-2.875645282122604840e+00
2.131721292997826822e+01,-1.332787044461656478e+01,-2.875645282119876356e+00
2.117821292996814009e+01,-1.336987044461420737e+01,-2.858645282117322495e+00
2.104121292993659154e+01,-1.341387044461589539e+01,-2.840645282118202886e+00
2.092621292996045668e+01,-1.345487044458786841e+01,-2.823645282113830035e+00
2.076621292995696422e+01,-1.351087044459200115e+01,-2.805645282112891437e+00
2.062621292989933863e+01,-1.355987044457651791e+01,-2.805645282113800931e+00
2.050621292988944333e+01,-1.360187044457416050e+01,-2.805645282114710426e+00
2.036621292986092158e+01,-1.365087044456231524e+01,-2.805645282110162952e+00
2.022621292986150365e+01,-1.369987044452864211e+01,-2.805645282109253458e+00
2.010621292986616027e+01,-1.374187044450809481e+01,-2.805645282103796490e+00
1.994621292986266781e+01,-1.379787044449039968e+01,-2.805645282100158511e+00
1.982621292985277250e+01,-1.383987044445530046e+01,-2.805645282092882553e+00
1.970821292982145678e+01,-1.388187044444566709e+01,-2.805645282096520532e+00
1.957521292983437888e+01,-1.393087044444473577e+01,-2.823645282094730646e+00
1.943521292982040904e+01,-1.397987044445108040e+01,-2.823645282092911657e+00
1.917521292981109582e+01,-1.407087044444415369e+01,-2.823645282084726205e+00
1.899521292981808074e+01,-1.413387044441697071e+01,-2.823645282079269236e+00
1.887521292977908161e+01,-1.417587044438550947e+01,-2.823645282081088226e+00
1.873521292973600794e+01,-1.422487044438457815e+01,-2.823645282082907215e+00
1.861521292971156072e+01,-1.426687044437858276e+01,-2.823645282078359742e+00
1.845821292970504146e+01,-1.432287044436816359e+01,-2.823645282073812268e+00
1.834121292970667128e+01,-1.436487044436944416e+01,-2.805645282071054680e+00
1.820121292967814952e+01,-1.441387044436123688e+01,-2.805645282071964175e+00
1.806121292966417968e+01,-1.446387044436050928e+01,-2.805645282071964175e+00
1.794121292965428438e+01,-1.450587044433632400e+01,-2.788645282070319809e+00
1.781021292961668223e+01,-1.455387044431336108e+01,-2.823645282070174289e+00
1.771121292961470317e+01,-1.458387044430855894e+01,-2.893645282069883251e+00
1.757221292957547121e+01,-1.462387044426941429e+01,-2.875645282070763642e+00
1.743421292958373670e+01,-1.466587044426705688e+01,-2.858645282068209781e+00
1.731621292959607672e+01,-1.470187044425620115e+01,-2.858645282066390791e+00
1.715921292960410938e+01,-1.475387044426315697e+01,-2.823645282066536311e+00
1.702521292955498211e+01,-1.480287044425131171e+01,-2.805645282066507207e+00
1.690521292953053489e+01,-1.484487044422348845e+01,-2.805645282064688217e+00
1.674521292952704243e+01,-1.490187044422418694e+01,-2.788645282059405872e+00
1.662521292950259522e+01,-1.494487044424022315e+01,-2.788645282054858399e+00
1.650521292947814800e+01,-1.498887044424918713e+01,-2.788645282053039409e+00
1.636521292947873008e+01,-1.503987044423047337e+01,-2.788645282051220420e+00
1.622521292946476024e+01,-1.509187044423015323e+01,-2.788645282048491936e+00
1.609121292945928872e+01,-1.514187044421123574e+01,-2.788645282046672946e+00
1.597721292947244365e+01,-1.518387044416522258e+01,-2.805645282044679334e+00
1.579721292945032474e+01,-1.524687044417805737e+01,-2.823645282040160964e+00
1.568021292943740264e+01,-1.528887044417206198e+01,-2.805645282038312871e+00
1.554021292940888088e+01,-1.533787044414202683e+01,-2.805645282031946408e+00
1.542621292939293198e+01,-1.537987044416149729e+01,-2.805645282036493882e+00
1.526821292941167485e+01,-1.543687044415491982e+01,-2.788645282038487494e+00
1.514921292938379338e+01,-1.548087044413114199e+01,-2.788645282035759010e+00
1.500921292936254758e+01,-1.553387044413102558e+01,-2.788645282033940020e+00
1.486921292934130179e+01,-1.558787044411656098e+01,-2.770645282031182433e+00
1.468921292934101075e+01,-1.565787044409444206e+01,-2.770645282028453948e+00
1.457521292932506185e+01,-1.570187044406338828e+01,-2.770645282027544454e+00
1.445821292930486379e+01,-1.574987044405497727e+01,-2.753645282026809582e+00
1.429921292929066112e+01,-1.581387044405710185e+01,-2.753645282026809582e+00
1.418121292927389732e+01,-1.586187044403050095e+01,-2.753645282025900087e+00
1.404221292925649323e+01,-1.591887044401664753e+01,-2.753645282017714635e+00
1.390421292924293084e+01,-1.597487044399895240e+01,-2.753645282012257667e+00
1.378521292923687724e+01,-1.602387044401257299e+01,-2.753645282014076656e+00
1.365021292919846019e+01,-1.607987044398032594e+01,-2.736645282012432290e+00
1.351721292916045059e+01,-1.613587044396990677e+01,-2.736645282016070269e+00
1.338321292911132332e+01,-1.619587044398940634e+01,-2.718645282013312681e+00
1.324721292912727222e+01,-1.625887044396949932e+01,-2.718645282008765207e+00
1.311121292913594516e+01,-1.632187044395686826e+01,-2.718645282005127228e+00
1.297721292915230151e+01,-1.638487044392968528e+01,-2.718645282003308239e+00
1.286121292912866920e+01,-1.643887044387520291e+01,-2.718645281998760765e+00
1.270606766437831681e+01,-1.651089462443611566e+01,-2.718647118702055554e+00
1.259505332033848113e+01,-1.656489449639017764e+01,-2.701647053067661286e+00
1.246805278582105636e+01,-1.663421208746335012e+01,-2.702121163906764600e+00
1.235166454784806866e+01,-1.668821209980290021e+01,-2.719121170232382312e+00
1.221956448739260459e+01,-1.674802610462338848e+01,-2.719094307447013303e+00
1.208456448738434119e+01,-1.680464021416819875e+01,-2.701622509609345357e+00
1.197359737095995236e+01,-1.699837763321577455e+01,-2.693450177893284003e+00
1.180565470910850401e+01,-1.707597786056382461e+01,-2.709782262652506990e+00
1.168944022478509304e+01,-1.713881237188058293e+01,-2.711166075128622399e+00
1.155755122530077550e+01,-1.719951915227959205e+01,-2.693706415191863712e+00
1.144155122530355584e+01,-1.725451551052237775e+01,-2.693705692642941685e+00
1.130555122531222878e+01,-1.731751551052002469e+01,-2.693705692640833149e+00
1.117455122531100642e+01,-1.737585980178258538e+01,-2.692800171998502190e+00
1.106255122529546497e+01,-1.742985980177763849e+01,-2.692800171997987491e+00
1.092524885726665751e+01,-1.769598277610412751e+01,-2.713161361741005528e+00
1.081096280037671065e+01,-1.775198278467102853e+01,-2.713161367123352097e+00
1.069579016396880533e+01,-1.781098278976145366e+01,-2.713161370356392599e+00
1.056272863842366405e+01,-1.787818281625192895e+01,-2.713083162884022403e+00
1.043807439972250428e+01,-1.794665069788101519e+01,-2.713083393268900689e+00
1.030935808812580490e+01,-1.801465057187372309e+01,-2.713083314097789689e+00
1.019959070716674532e+01,-1.807422034548833167e+01,-2.713083549427080854e+00
1.006980416321946414e+01,-1.814322022276665791e+01,-2.713083472280491737e+00
9.928093448356225537e+00,-1.821058295530099258e+01,-2.713083368087893188e+00
9.777093448356026784e+00,-1.828989540995445395e+01,-2.661083115976603519e+00
9.665910064871047425e+00,-1.835518212195175636e+01,-2.643170017959216800e+00
9.542910064883471932e+00,-1.843173949827761149e+01,-2.643170485305136541e+00
9.433609902554387361e+00,-1.849254638948449880e+01,-2.661170778091128675e+00
9.332936742692217180e+00,-1.855338459619168034e+01,-2.678170920009950162e+00
9.189936742674035486e+00,-1.863413595064824690e+01,-2.696171332995336734e+00
9.076936742669204250e+00,-1.869313595064159017e+01,-2.696171332991070813e+00
8.943815660951731417e+00,-1.876360266352353534e+01,-2.713264607593709243e+00
8.833200777615795474e+00,-1.882067191782341808e+01,-2.713264362485328984e+00
8.700041655572494648e+00,-1.889017911659032478e+01,-2.713171199620265206e+00
8.564807825181427248e+00,-1.895717875375251182e+01,-2.713074740240979832e+00
8.431807825189025607e+00,-1.902414682766716680e+01,-2.712882703704054599e+00
8.280807825191004667e+00,-1.910114682759740390e+01,-2.712882703699506237e+00
8.161333132087889908e+00,-1.916022999418965966e+01,-2.712882918703846347e+00
8.028285309455155172e+00,-1.922613962661676013e+01,-2.712882786937830915e+00
7.895285309448809130e+00,-1.929413962655962678e+01,-2.712882786935551849e+00
7.762285309450817294e+00,-1.936100403446543083e+01,-2.712882659900433424e+00
7.624657574980301611e+00,-1.942700415823160753e+01,-2.712882738480565603e+00
7.515125537540034095e+00,-1.948400403922418889e+01,-2.712882662927267319e+00
7.363967172793069338e+00,-1.956039848623775157e+01,-2.712986337894494504e+00
7.284431450209816639e+00,-1.960902719732177246e+01,-2.695880886345624283e+00
7.137822684218082081e+00,-1.968552044306912663e+01,-2.695880579028024915e+00
7.026811497884287050e+00,-1.974323065553056722e+01,-2.695668243831635724e+00
6.916811497878370574e+00,-1.980423065550712636e+01,-2.677668243823063676e+00
6.757699884688182834e+00,-1.988523089202879035e+01,-2.677668394023673404e+00
6.626148602469802640e+00,-1.995523100966882524e+01,-2.660668468729142422e+00
6.503714813545268036e+00,-2.002823089208293439e+01,-2.660668394081039168e+00
6.394714813541213516e+00,-2.009463347346716589e+01,-2.642668488946764871e+00
6.240330094940884642e+00,-2.019792582246398638e+01,-2.590556821434341295e+00
6.128880476839606573e+00,-2.027792570669931038e+01,-2.590556747965434337e+00
6.010880476838792674e+00,-2.035492570670612622e+01,-2.607556747963826638e+00
5.908880476832564455e+00,-2.042092570671229623e+01,-2.607556747959279164e+00
5.785310175926205112e+00,-2.049692582148823305e+01,-2.642556820849634835e+00
5.649623105506543119e+00,-2.056640199945281822e+01,-2.660556957496886810e+00
5.533398440082600622e+00,-2.062563808872803861e+01,-2.677440532531318418e+00
5.473224368151596408e+00,-2.069263645488070935e+01,-2.695217987359911582e+00
5.342121002083637826e+00,-2.075563658099520481e+01,-2.747217483996959864e+00
5.046359696369590253e+00,-2.081064063673547793e+01,-2.817430786967428435e+00
4.932208339853549894e+00,-2.085164063685606450e+01,-2.869311029651764766e+00
4.773000113832181590e+00,-2.089564063690220408e+01,-2.957429413632332249e+00
4.633000113826710731e+00,-2.092064063686848385e+01,-3.026187899097176448e+00
4.513000113820453407e+00,-2.093464063684223220e+01,-3.114187899092939915e+00
4.353323791270860887e+00,-2.093764063673949138e+01,3.082360973907014579e+00
4.234030383946250531e+00,-2.093264063661004570e+01,3.030360979805595711e+00
4.054005967204484584e+00,-2.091464063657964445e+01,2.977360979624400716e+00
3.934005967201301246e+00,-2.089764063654001802e+01,2.960360979623146704e+00
3.794459866535864645e+00,-2.087664063648259472e+01,2.925734770118802786e+00
3.729931636673366135e+00,-2.086464063640329414e+01,2.855607918127566425e+00
3.730389958385214033e+00,-2.086464063624663723e+01,2.751733937176265243e+00
3.638368105908818428e+00,-2.082164063630988693e+01,2.611733956545941204e+00
3.535359354667897858e+00,-2.075764063627205402e+01,2.489481527596829391e+00
3.392447111197260501e+00,-2.064364063630493007e+01,2.384445404494246468e+00
3.305603947799522491e+00,-2.056264063624680105e+01,2.314445386941266669e+00
3.208043170077065298e+00,-2.045964063625968521e+01,2.262573133768573275e+00
3.115858151727867842e+00,-2.035464063628328191e+01,2.244573140855417037e+00
3.024857785236919394e+00,-2.024764063624754584e+01,2.209573212965389111e+00
3.010979788293936643e+00,-2.013764063227787204e+01,2.192311382795682384e+00
2.936979788288226700e+00,-2.004164063224015990e+01,2.175311382792642689e+00
2.841395403251634644e+00,-1.991264063226114089e+01,2.140311382795843986e+00
2.772395403248083312e+00,-1.981264063223352423e+01,2.122311382794578094e+00
2.684395403250164236e+00,-1.967664063218398951e+01,2.087311382793814118e+00
2.621395403246424394e+00,-1.957364063216664363e+01,2.070311382793079247e+00
2.551395403248534421e+00,-1.945164063214178896e+01,2.035311382792315271e+00
2.482395403247210197e+00,-1.932564063213067129e+01,2.017311382793195662e+00
2.436395403246933711e+00,-1.922864063210727181e+01,1.948311382788233459e+00
2.377395403244008776e+00,-1.909164063211937901e+01,1.948311382788233459e+00
2.318395403244721820e+00,-1.895264063208014704e+01,1.948311382787323964e+00
2.262395403240589076e+00,-1.881464063201565295e+01,1.930311382785021124e+00
2.204395403234229889e+00,-1.867464063201623503e+01,1.930311382783202134e+00
2.148395403235554113e+00,-1.854164063200005330e+01,1.948311382780048007e+00
2.089395403234448167e+00,-1.840464063195395283e+01,1.948311382778683765e+00
2.038395403234972036e+00,-1.828764063197741052e+01,1.948311382778229017e+00
1.978395403235481353e+00,-1.815064063193858601e+01,1.948311382775500533e+00
1.925395403233778779e+00,-1.803164063195436029e+01,1.948311382772772049e+00
1.856395403231545060e+00,-1.787664063197007636e+01,1.948311382771407807e+00
1.803395403231661476e+00,-1.775864063193876063e+01,1.948311382768679323e+00
1.742395403228329087e+00,-1.762264063192560570e+01,1.948311382766860334e+00
1.681395403226815688e+00,-1.748564063193771290e+01,1.948311382762767607e+00
1.640395403224829352e+00,-1.739464063193736365e+01,1.930311382760010019e+00
1.570395403220572916e+00,-1.722864063189626904e+01,1.930311382758645777e+00
1.522395403219888976e+00,-1.711464063187304419e+01,1.948311382756855892e+00
1.462395403217669809e+00,-1.697864063185988925e+01,1.948311382755491650e+00
1.410395403214351973e+00,-1.686164063184696715e+01,1.948311382752763166e+00
1.349395403210110089e+00,-1.672464063184452243e+01,1.948311382753672660e+00
1.288395403209506185e+00,-1.658964063183520921e+01,1.948311382750944176e+00
1.234395403208509379e+00,-1.647164063180389348e+01,1.965311382750314806e+00
1.171395403209317010e+00,-1.633464063180144876e+01,1.965311382749860059e+00
1.108395403206486662e+00,-1.619764063176990021e+01,1.965311382749405311e+00
1.045395403206384799e+00,-1.606064063176017953e+01,1.965311382748495816e+00
9.935492030840024080e-01,-1.594990003165979608e+01,1.965463907347323014e+00
9.405492030841742235e-01,-1.583206443527498664e+01,1.983309937596440697e+00
8.585492030847490241e-01,-1.565857446466558400e+01,1.983156373347904067e+00
8.112939946864196061e-01,-1.555889546423672698e+01,1.965156316203580777e+00
7.572939946849146509e-01,-1.544389546421734849e+01,1.965156316201500886e+00
6.972939946845144732e-01,-1.531589546419127146e+01,1.983156316196982516e+00
6.371483482334784343e-01,-1.518668550456968269e+01,2.000313058535730715e+00
5.811483482330004335e-01,-1.507503140540181974e+01,2.000313003938795742e+00
5.084002397372583415e-01,-1.494430937684895788e+01,2.000312931957357154e+00
4.423151708706919427e-01,-1.481011693192026613e+01,2.000155850239740296e+00
3.823151708700152085e-01,-1.469246932836189856e+01,1.999997687088787668e+00
3.123151708696241258e-01,-1.455584657643382940e+01,2.016839078715474631e+00
2.413310891242244349e-01,-1.442522101334876083e+01,2.016997848909003022e+00
1.723310891242135767e-01,-1.429074939934992905e+01,2.016997937294976673e+00
9.233108912417264946e-02,-1.413753992285046834e+01,2.017158053284536123e+00
2.436348011862100177e-02,-1.400058398757474087e+01,2.017158270449500357e+00
-3.357665100045712642e-02,-1.389020338307854452e+01,2.017318817112919938e+00
-1.016498146275901932e-01,-1.376364087384973800e+01,2.000318713552419858e+00
-1.696498146271778751e-01,-1.363312413457135008e+01,1.999994922408939946e+00
-2.255372047887222176e-01,-1.351912413454918749e+01,1.999994941620482303e+00
-2.956201817067828364e-01,-1.339114428512124455e+01,1.999994754547011810e+00
-3.626201817064611532e-01,-1.325562210986073097e+01,1.999994838479116632e+00
-4.296201817060136818e-01,-1.311881986158979352e+01,2.000160177038317055e+00
-4.854384147108724012e-01,-1.300732969314194598e+01,2.000160101718802874e+00
-5.524384147101955023e-01,-1.287687595902368898e+01,2.000160007398700035e+00
-6.204384147099517577e-01,-1.274287595899659209e+01,2.000160007398335438e+00
-6.955654903466078620e-01,-1.259234884884559236e+01,2.000326721107964278e+00
-7.605654903463801020e-01,-1.246885846026957267e+01,2.017326630387793696e+00
-8.259897709706337521e-01,-1.234776894822397786e+01,2.035494883308728742e+00
-8.959897709714823577e-01,-1.223256501826986664e+01,2.052158785079015058e+00
-9.589897709711294738e-01,-1.212854238975619658e+01,2.086821839532531087e+00
-1.037172915597346146e+00,-1.200822932091419126e+01,2.104821732160421899e+00
-1.118172915595096129e+00,-1.188852280673932249e+01,2.121991933385825035e+00
-1.200981885909146563e+00,-1.177477028897260070e+01,2.140162084583880464e+00
-1.272981885907938704e+00,-1.167474600452296940e+01,2.157162084865678064e+00
-1.349626955166396414e+00,-1.156944897348581591e+01,2.156990753424207430e+00
-1.440626955163679668e+00,-1.145310441461396422e+01,2.174990722925222109e+00
-1.554388613330970337e+00,-1.130212887413151179e+01,2.175161635624699219e+00
-1.623925620296648553e+00,-1.120378411864157542e+01,2.157334865464166640e+00
-1.709164455541920979e+00,-1.109113139565019068e+01,2.140681096219886559e+00
-1.781665097016984056e+00,-1.099246761034928710e+01,2.122855067896499026e+00
-1.871665097012737533e+00,-1.085782436438852550e+01,2.105680611938812952e+00
-1.943965192176740020e+00,-1.076128127650246924e+01,2.087505323273581848e+00
-2.016687469578406944e+00,-1.063519446971713123e+01,2.052504918324001171e+00
-2.081860420386566268e+00,-1.053569089961852612e+01,2.035504998424193523e+00
-2.140860420380704454e+00,-1.042910313186475868e+01,2.017681087609524138e+00
-2.213860420377386617e+00,-1.027825562523613456e+01,2.000857484824052790e+00
-2.266550174365599801e+00,-1.017205912828097425e+01,1.984034801979796425e+00
-2.328550174363044789e+00,-1.006486714832418627e+01,1.949035216281698402e+00
-2.376550174360090750e+00,-9.953867148320568958e+00,1.949035216278389271e+00
-2.450550174358795630e+00,-9.785867148308170727e+00,1.966035216276850406e+00
-2.504550174351606984e+00,-9.673867148318095133e+00,1.984390026461050782e+00
-2.568550174348274595e+00,-9.540400674193660890e+00,1.984390026429285747e+00
-2.632550174350399175e+00,-9.407400674186646938e+00,2.001390026430271973e+00
-2.688550174347255961e+00,-9.293400674177973997e+00,2.001390026432090963e+00
-2.756550174342919490e+00,-9.160400674190896098e+00,2.001390026432090963e+00
-2.813550174345436972e+00,-9.046400674193137093e+00,2.001390026431181468e+00
-2.891550174341318780e+00,-8.893746611822709980e+00,2.001208180958844451e+00
-2.949550174338583020e+00,-8.779381214705034964e+00,2.000660993163676959e+00
-3.017550174339703517e+00,-8.645611178841908995e+00,2.000294358363022162e+00
-3.075550174340605736e+00,-8.531611178841558285e+00,1.999928595800127162e+00
-3.142550174337884528e+00,-8.398611178825376555e+00,1.999928595800156472e+00
-3.229550174331961898e+00,-8.227611178808729164e+00,1.999928595793790009e+00
-3.287550174327407149e+00,-8.114507519759362353e+00,1.999928595233610995e+00
-3.355550174330346636e+00,-7.981507317593588446e+00,2.000301087376582743e+00
-3.422550174323987449e+00,-7.848507317594339838e+00,2.000301087376101350e+00
-3.481550174323274405e+00,-7.734491048084152887e+00,2.000301086860535094e+00
-3.546550174318326754e+00,-7.604491048079580651e+00,2.000301086858598865e+00
-3.603550174309930298e+00,-7.494496628814933281e+00,2.017301086855815218e+00
-3.673550174309639260e+00,-7.358858864832001245e+00,2.017490038897457705e+00
-3.743550174307529232e+00,-7.226327255457256626e+00,2.017300746916758758e+00
-3.813550174303600215e+00,-7.093327255441181478e+00,2.017300746914770571e+00
-3.873550174299452920e+00,-6.980327255432712263e+00,2.017300746911132592e+00
-3.954550174290488940e+00,-6.828327255425392650e+00,2.017300746907494613e+00
-4.024550174286559923e+00,-6.696327255407595658e+00,2.017300746903856634e+00
-4.084550174280593637e+00,-6.582327255409836653e+00,2.017300746906585118e+00
-4.154550174280302599e+00,-6.449327255411844817e+00,2.017300746903856634e+00
-4.224550174280011561e+00,-6.316327255406577024e+00,2.017300746901128150e+00
-4.294550174268806586e+00,-6.183327255401309230e+00,2.017300746897490171e+00
-4.354550174259202322e+00,-6.069327255388998310e+00,2.017300746894761687e+00
-4.424550174247997347e+00,-5.937327255383934244e+00,2.017300746892942698e+00
-4.494550174244068330e+00,-5.806327255377254914e+00,2.035300746888424328e+00
-4.554550174234464066e+00,-5.693327255370604689e+00,2.035300746884786349e+00
-4.624550174241448985e+00,-5.561327255365540623e+00,2.017300746881119267e+00
-4.684550174239120679e+00,-5.448327255357071408e+00,2.017300746881119267e+00
-4.774550174239266198e+00,-5.279327255362659344e+00,2.017300746878390783e+00
-4.834550174240575870e+00,-5.166327255361466086e+00,2.017300746874752804e+00
-4.904550174236646853e+00,-5.033327255354379304e+00,2.035300746872962918e+00
-4.974550174221803900e+00,-4.902327255351337953e+00,2.035300746874781908e+00
-5.018550174219853943e+00,-4.821327255351206986e+00,2.017300746870205330e+00
-5.094550174220785266e+00,-4.678327255349358893e+00,2.035300746868415445e+00
-5.154550174218456959e+00,-4.570327255349184270e+00,2.035300746863867971e+00
-5.214550174212490674e+00,-4.463327255334661459e+00,2.052300746865512338e+00
-5.290550174198870081e+00,-4.335327255334050278e+00,2.070300746865541441e+00
-5.367550174189091194e+00,-4.206327255329597392e+00,2.070300746861903463e+00
-5.444550174186588265e+00,-4.079327255327370949e+00,2.070300746855537000e+00
-5.532550174175412394e+00,-3.934327255326934392e+00,2.070300746851899021e+00
-5.609550174176547443e+00,-3.807327255321979464e+00,2.070300746850989526e+00
-5.686550174181320472e+00,-3.680327255320662516e+00,2.070300746843713569e+00
-5.763550174171541585e+00,-3.554327255314092326e+00,2.070300746837347106e+00
-5.829550174170435639e+00,-3.445327255312804482e+00,2.070300746834618622e+00
-5.924342847208428964e+00,-3.299327255308556417e+00,2.070300815964203789e+00
-5.990342847206193255e+00,-3.191327255305623112e+00,2.070300815961672924e+00
-6.045342847202846315e+00,-3.100327255304364371e+00,2.070300815960763430e+00
-6.133342847198946401e+00,-2.954327255301905097e+00,2.070300815958034946e+00
-6.199342847190564498e+00,-2.846327255301730474e+00,2.070300815958944440e+00
-6.276342847188061569e+00,-2.719327255303142010e+00,2.070300815958034946e+00
-6.342342847194231581e+00,-2.611327255302057893e+00,2.070300815961672924e+00
-6.442342847185500432e+00,-2.447327255297750526e+00,2.070300815958944440e+00
-6.519342847179359524e+00,-2.320327255291886104e+00,2.070300815957125451e+00
-6.585342847178253578e+00,-2.212327255286254513e+00,2.070300815950758988e+00
-6.662342847153922776e+00,-2.085327255280390091e+00,2.070300815948030504e+00
-6.728342847149178851e+00,-1.977327255273849005e+00,2.070300815948939999e+00
-6.816342847138002981e+00,-1.831327255273208721e+00,2.070300815947121009e+00
-6.882342847136897035e+00,-1.723327255275307834e+00,2.070300815943483030e+00
-6.959342847130756127e+00,-1.597327255275558855e+00,2.070300815944392525e+00
-7.025342847129650181e+00,-1.488327255275635252e+00,2.070300815944392525e+00
-7.102342847130785231e+00,-1.362327255272703042e+00,2.070300815945302020e+00
-7.179342847135558259e+00,-1.234327255274365598e+00,2.070300815938935557e+00
-7.245342847123538377e+00,-1.125327255271258764e+00,2.070300815935297578e+00
-7.344342847121879458e+00,-9.623272552705657290e-01,2.070300815932569094e+00
-7.443342847112944582e+00,-7.993272552707821887e-01,2.070300815928931115e+00
-7.520342847092251759e+00,-6.723272552694652404e-01,2.070300815930750105e+00
-7.586342847080231877e+00,-5.633272552695416380e-01,2.070300815927112126e+00
-7.663342847085004905e+00,-4.373272552689968506e-01,2.070300815926202631e+00
-7.748342847087769769e+00,-2.963272552688067663e-01,2.070300815927112126e+00
-7.803342847058956977e+00,-2.043272552689359145e-01,2.052300815923445043e+00
-7.879342847063526278e+00,-7.732725526872741284e-02,2.070300815920745663e+00
-7.943342847051098943e+00,2.967274473121506162e-02,2.070300815915288695e+00
-8.039342847034276929e+00,1.836727447309272065e-01,2.087300815913295082e+00
-8.105342847025895026e+00,2.896727447310922798e-01,2.105300815910595702e+00
-8.198342847019375768e+00,4.326727447305529495e-01,2.105300815910595702e+00
-8.268342847004532814e+00,5.386727447312296135e-01,2.105300815907867218e+00
-8.340342847011925187e+00,6.466727447298126208e-01,2.105300815904229239e+00
-8.424342847007210366e+00,7.716727447284483787e-01,2.105300815903319744e+00
-8.508342846995219588e+00,8.976727447275152372e-01,2.105300815905138734e+00
-8.592342846975952853e+00,1.023672744726809469e+00,2.122300815906783100e+00
-8.664342846990621183e+00,1.130672744724051881e+00,2.122300815903145121e+00
-8.736342846968909726e+00,1.238672744723317010e+00,2.122300815898597648e+00
-8.820342846949642990e+00,1.364672744720792252e+00,2.122300815896778658e+00
-8.904342846944928169e+00,1.490672744719176990e+00,2.122300815892231185e+00
-9.012342846952378750e+00,1.652672744716255693e+00,2.122300815889502701e+00
-9.084342846945219208e+00,1.758672744716022862e+00,2.122300815885864722e+00
-9.180342846942949109e+00,1.901672744710594998e+00,2.122300815881317249e+00
-9.252342846935789566e+00,2.007672744710362167e+00,2.122300815878588764e+00
-9.360342846928688232e+00,2.168672744709510880e+00,2.122300815874950786e+00
-9.432342846936080605e+00,2.275672744708572282e+00,2.122300815870403312e+00
-9.504342846936197020e+00,2.383672744707837410e+00,2.122300815869493817e+00
-9.599342846937361173e+00,2.525672744703115313e+00,2.122300815873131796e+00
-9.651342846904299222e+00,2.604672744697381859e+00,2.087300815873277315e+00
-9.728342846916348208e+00,2.730672744700314070e+00,2.087300815870548831e+00
-9.817342846923565958e+00,2.876672744695497386e+00,2.070300815867085475e+00
-9.906342846908955835e+00,3.021672744694114954e+00,2.070300815864356991e+00
-9.972342846907849889e+00,3.130672744695402798e+00,2.070300815858900023e+00
-1.003834284688491607e+01,3.239672744695781148e+00,2.070300815859809518e+00
-1.011634284688625485e+01,3.368672744692048582e+00,2.070300815857990528e+00
-1.019334284687647596e+01,3.495672744687908562e+00,2.070300815859809518e+00
-1.027034284686669707e+01,3.622672744683768542e+00,2.070300815858900023e+00
-1.034734284685691819e+01,3.750672744672556291e+00,2.070300815857081034e+00
-1.043534284683846636e+01,3.895672744665716891e+00,2.070300815852533560e+00
-1.050134284683736041e+01,4.003672744665891514e+00,2.070300815854352550e+00
-1.058934284680435667e+01,4.141672744664901984e+00,2.087300815854177927e+00
-1.065634284679981647e+01,4.247672744661031174e+00,2.105300815858754504e+00
-1.072634284680680139e+01,4.355672744655748829e+00,2.105300815858754504e+00
-1.080934284679824486e+01,4.479672744657364092e+00,2.105300815856026020e+00
-1.087934284679795383e+01,4.586672744650059030e+00,2.105300815856026020e+00
-1.096334284680051496e+01,4.712672744642986800e+00,2.105300815852388041e+00
-1.104634284679923439e+01,4.836672744637326105e+00,2.105300815852388041e+00
-1.113034284679451957e+01,4.962672744628434884e+00,2.105300815849659557e+00
-1.122634284677042160e+01,5.105672744617550052e+00,2.105300815850569052e+00
-1.132234284676087555e+01,5.248672744613941177e+00,2.105300815846931073e+00
-1.139434284675371600e+01,5.355672744610274094e+00,2.122300815844027966e+00
-1.146634284674655646e+01,5.462672744597512065e+00,2.122300815844027966e+00
-1.155034284672001377e+01,5.588672744588620844e+00,2.122300815838570998e+00
-1.163334284671145724e+01,5.712672744577503181e+00,2.105300815836017136e+00
-1.171734284672857029e+01,5.838672744574068929e+00,2.122300815831295040e+00
-1.177734284673351794e+01,5.928672744568757480e+00,2.122300815832204535e+00
-1.187334284670214402e+01,6.071672744566967594e+00,2.122300815831295040e+00
-1.196934284669259796e+01,6.214672744568815688e+00,2.122300815831295040e+00
-1.204134284669271437e+01,6.320672744566763868e+00,2.122300815833114029e+00
-1.210634284668776672e+01,6.416672744559036801e+00,2.087300815832350054e+00
-1.219434284665476298e+01,6.559672744555427926e+00,2.070300815828886698e+00
-1.227234284663427388e+01,6.688672744545328896e+00,2.070300815825248719e+00
-1.233834284662589198e+01,6.797672744532974320e+00,2.070300815821610740e+00
-1.241534284660156118e+01,6.923672744525902090e+00,2.070300815819791751e+00
-1.248634284660511184e+01,7.045672744516195962e+00,2.052300815817034163e+00
-1.254634284657367971e+01,7.152672744514347869e+00,2.035300815817208786e+00
-1.261434284658025717e+01,7.277672744497976964e+00,2.017300815815360693e+00
-1.267234284657024546e+01,7.388672744489667821e+00,2.000300815813716326e+00
-1.276634284656756790e+01,7.569672744490162586e+00,2.035300815813570807e+00
-1.282834284656564705e+01,7.674672744484269060e+00,2.087300815809612686e+00
-1.291034284653869690e+01,7.791672744477182277e+00,2.157300815809321648e+00
-1.298334284650627524e+01,7.887672744469455210e+00,2.175300815810260247e+00
-1.309734284650767222e+01,8.029672744472918566e+00,2.209300815808092011e+00
-1.318834284651529742e+01,8.140672744477342349e+00,2.227300815803573641e+00
-1.326834284650249174e+01,8.236672744467796292e+00,2.227300815807211620e+00
-1.336334284648910398e+01,8.348672744454233907e+00,2.244300815804308513e+00
-1.344634284647327149e+01,8.444672744441049872e+00,2.244300815801580029e+00
-1.355534284644818399e+01,8.569672744422859978e+00,2.244300815800670534e+00
-1.363334284642041894e+01,8.660672744430485182e+00,2.227300815799935663e+00
-1.372434284642076818e+01,8.767672744419542141e+00,2.209300815798997064e+00
-1.381534284641384147e+01,8.878672744398500072e+00,2.192300815800990677e+00
-1.388934284639253747e+01,8.974672744399867952e+00,2.175300815801165299e+00
-1.397834284639247926e+01,9.092672744383889949e+00,2.157300815798407712e+00
-1.405534284635359654e+01,9.195672744372132001e+00,2.157300815794769733e+00
-1.416934284630406182e+01,9.348672744370560395e+00,2.157300815790222259e+00
-1.424534284631226910e+01,9.452672744366282132e+00,2.157300815790222259e+00
-1.433334284628654132e+01,9.572672744354349561e+00,2.157300815790222259e+00
-1.442134284626081353e+01,9.692672744349692948e+00,2.157300815790222259e+00
-1.449634284622152336e+01,9.796672744330862770e+00,2.140300815785849409e+00
-1.456234284620586550e+01,9.889672744317067554e+00,2.105300815783266444e+00
-1.463334284622396808e+01,9.996672744302486535e+00,2.105300815785085433e+00
-1.472834284621058032e+01,1.014067274430271937e+01,2.105300815784175938e+00
-1.479934284617047524e+01,1.024867274429561803e+01,2.105300815778718970e+00
-1.487134284613421187e+01,1.035667274429943063e+01,2.105300815775990486e+00
-1.497734284609759925e+01,1.051767274429948884e+01,2.105300815775080991e+00
-1.504834284605749417e+01,1.062567274427419761e+01,2.105300815775990486e+00
-1.512634284602972912e+01,1.074667274426246877e+01,2.087300815775961382e+00
-1.519234284599224338e+01,1.084967274424707284e+01,2.087300815773232898e+00
-1.527734284594043856e+01,1.098767274423880735e+01,2.087300815773232898e+00
-1.534334284595388453e+01,1.109167274424180505e+01,2.105300815775080991e+00
-1.542034284595138161e+01,1.120967274422946502e+01,2.105300815774171497e+00
-1.550734284595091594e+01,1.134567274421351613e+01,2.087300815771413909e+00
-1.557934284593648044e+01,1.146867274418036686e+01,2.035300815772643546e+00
-1.564234284595295321e+01,1.159567274416258442e+01,1.965300815772479837e+00
-1.568734284595120698e+01,1.170667274415609427e+01,1.895300815771406633e+00
-1.571734284592093900e+01,1.180767274412937695e+01,1.773300815770198824e+00
-1.574434284589369781e+01,1.194767274410332902e+01,1.686300815768390748e+00
-1.576034284589695744e+01,1.208767274409910897e+01,1.581300815762460843e+00
-1.576234284589008894e+01,1.220767274411628023e+01,1.511300815762751881e+00
-1.575434284590301104e+01,1.236767274409430684e+01,1.424300815759124816e+00
-1.573534284590277821e+01,1.250767274409736274e+01,1.354300815760325349e+00
-1.570934284588292940e+01,1.264767274409314268e+01,1.337300815759135730e+00
-1.567934284589136951e+01,1.278967274407114019e+01,1.319300815757742384e+00
-1.565434284584625857e+01,1.290967274404829368e+01,1.319300815757287637e+00
-1.562034284584660782e+01,1.304867274402568000e+01,1.250300815756418160e+00
-1.557234284585138084e+01,1.318367274402044131e+01,1.127300815755006624e+00
-1.551934284582966939e+01,1.329367274401010945e+01,1.040300815754562791e+00
-1.544834284583339468e+01,1.341567274399130838e+01,9.533008157543463312e-01
-1.536934284583549015e+01,1.353467274398281006e+01,9.183008157531276083e-01
-1.528334284581796965e+01,1.365667274396400899e+01,9.183008157522181136e-01
-1.518834284583863337e+01,1.379067274397675646e+01,9.353008157502245012e-01
-1.513234284583450062e+01,1.388067274395871209e+01,1.005300815748796595e+00
-1.507834284581622342e+01,1.398667274394756532e+01,1.092300815748330933e+00
-1.502634284579107771e+01,1.411967274395647109e+01,1.215300815747923480e+00
-1.499134284578758525e+01,1.423867274394433480e+01,1.284300815746064472e+00
-1.495234284579055384e+01,1.441767274393350817e+01,1.354300815742590203e+00
-1.493634284578001825e+01,1.453767274392885156e+01,1.424300815739570680e+00
-1.492734284576727077e+01,1.467767274388825172e+01,1.494300815737915400e+00
-1.492834284572745673e+01,1.481767274386947975e+01,1.581300815736540244e+00
-1.493634284572908655e+01,1.493767274386482313e+01,1.616300815737304220e+00
-1.495034284569555894e+01,1.508067274385393830e+01,1.651300815735339711e+00
-1.496534284568770090e+01,1.522267274384648772e+01,1.651300815735794458e+00
-1.497734284566831775e+01,1.534367274383112090e+01,1.634300815731876355e+00
-1.499534284565743292e+01,1.553067274383647600e+01,1.634300815731421608e+00
-1.500734284564532572e+01,1.565067274380635354e+01,1.634300815733695345e+00
-1.502334284565586131e+01,1.581067274381348398e+01,1.616300815731847251e+00
-1.503334284564334666e+01,1.591067274378292495e+01,1.634300815730966860e+00
-1.504034284561930690e+01,1.607067274376458954e+01,1.511300815727281588e+00
-1.503034284559544176e+01,1.618967274376336718e+01,1.354300815726674045e+00
-1.501734284560370725e+01,1.624967274373921100e+01,1.250300815726404835e+00
-1.499034284557274077e+01,1.632167274370294763e+01,1.127300815724993299e+00
-1.496534284554945771e+01,1.637367274369898951e+01,1.058300815724123822e+00
-1.493234284554637270e+01,1.643167274366714992e+01,1.023300815721995605e+00
-1.489234284553094767e+01,1.649567274365108460e+01,9.353008157213480445e-01
-1.488034284554305486e+01,1.651467274362221360e+01,9.353008157220301655e-01
-1.487934284553193720e+01,1.651067274362867465e+01,1.354300815718943340e+00
-1.487034284551191377e+01,1.655867274363845354e+01,1.250300815718674130e+00
-1.484134284550236771e+01,1.662667274360137526e+01,1.005300815721511754e+00
-1.481834284550131997e+01,1.665967274357535644e+01,8.313008157208514604e-01
-1.478234284547943389e+01,1.669567274358269060e+01,6.563008157206695614e-01
-1.478234284547215793e+01,1.669567274358269060e+01,6.563008157199875514e-01
-1.478234284547943389e+01,1.669567274358269060e+01,6.563008157193053194e-01
-1.478234284545760602e+01,1.669567274360451847e+01,6.563008157190779457e-01
-1.478234284541395027e+01,1.669567274358996656e+01,6.563008157174863300e-01
-1.478234284542850219e+01,1.669567274357541464e+01,6.563008157165769463e-01
-1.478234284540667431e+01,1.669567274354631081e+01,6.563008157161219769e-01
-1.478234284539212240e+01,1.669567274349537911e+01,6.563008157154399669e-01
-1.478234284537757048e+01,1.669567274348082719e+01,6.563008157147578459e-01
-1.478234284538484644e+01,1.669567274347355124e+01,6.563008157131662301e-01
-1.478234284537757048e+01,1.669567274346627528e+01,6.563008157120293617e-01
-1.478234284538484644e+01,1.669567274343717145e+01,6.563008157106651197e-01
-1.478234284539939836e+01,1.669567274342989549e+01,6.563008157097556250e-01
-1.478234284539212240e+01,1.669567274342261953e+01,6.563008157088461303e-01
-1.478234284537029453e+01,1.669567274340079166e+01,6.563008157086187566e-01
-1.478234284532663878e+01,1.669567274341534358e+01,6.563008157074818882e-01
-1.478234284535574261e+01,1.669567274341534358e+01,6.563008157061176462e-01
-1.478234284535574261e+01,1.669567274339351570e+01,6.563008157049807778e-01
-1.478234284533391474e+01,1.669567274338623974e+01,6.563008157042985458e-01
-1.478234284526843112e+01,1.669567274335713591e+01,6.563008157040712831e-01
-1.478234284525387920e+01,1.669567274330620421e+01,6.563008157036165358e-01
-1.478234284524660325e+01,1.669567274329892825e+01,6.563008157031617884e-01
-1.478234284521749942e+01,1.669567274326982442e+01,6.563008157022522937e-01
-1.478234284521749942e+01,1.669567274322616868e+01,6.563008156999785569e-01
-1.478234284521022346e+01,1.669567274320434080e+01,6.563008156997511833e-01
-1.478234284521749942e+01,1.669567274320434080e+01,6.563008156990690622e-01
-1.478234284521022346e+01,1.669567274318251293e+01,6.563008156990690622e-01
-1.478234284521749942e+01,1.669567274314613314e+01,6.563008156977048202e-01
-1.478234284521749942e+01,1.669567274311702931e+01,6.563008156972500728e-01
-1.478234284522477537e+01,1.669567274310247740e+01,6.563008156970226992e-01
-1.478234284518839559e+01,1.669567274307337357e+01,6.563008156965679518e-01
-1.478234284518111963e+01,1.669567274305154569e+01,6.563008156961132045e-01
-1.478234284516656771e+01,1.669567274305154569e+01,6.563008156954310834e-01
-1.478234284515929176e+01,1.669567274304426974e+01,6.563008156940668414e-01
-1.478234284512291197e+01,1.669567274302971782e+01,6.563008156929299730e-01
-1.478234284513018792e+01,1.669567274302244186e+01,6.563008156915657310e-01
-1.478234284514473984e+01,1.669567274302971782e+01,6.563008156906562363e-01
-1.478234284511563601e+01,1.669567274300788995e+01,6.563008156913383573e-01
-1.478234284512291197e+01,1.669567274297878612e+01,6.563008156922478520e-01
-1.478234284511563601e+01,1.669567274294240633e+01,6.563008156922478520e-01
-1.478234284510836005e+01,1.669567274291330250e+01,6.563008156917931046e-01
-1.478234284505742835e+01,1.669567274294240633e+01,6.563008156911109836e-01
-1.478234284504287643e+01,1.669567274292785442e+01,6.563008156906562363e-01
-1.478234284502832452e+01,1.669567274291330250e+01,6.563008156904289736e-01
-1.478234284502832452e+01,1.669567274292057846e+01,6.563008156897467416e-01
-1.478234284501377260e+01,1.669567274292785442e+01,6.563008156892919942e-01
-1.478234284501377260e+01,1.669567274290602654e+01,6.563008156883824995e-01
-1.478234284501377260e+01,1.669567274286237080e+01,6.563008156877003785e-01
-1.478234284500649665e+01,1.669567274283326697e+01,6.743008156872747350e-01
-1.478234284500649665e+01,1.669567274282599101e+01,6.743008156861378666e-01
-1.478234284498466877e+01,1.669567274282599101e+01,6.743008156840915035e-01
-1.478234284496284090e+01,1.669567274281871505e+01,6.743008156834093825e-01
-1.478234284494828898e+01,1.669567274279688718e+01,6.743008156836367561e-01
-1.478234284494828898e+01,1.669567274277505931e+01,6.743008156829545241e-01
-1.478234284494101303e+01,1.669567274276050739e+01,6.743008156822725141e-01
-1.478234284491918515e+01,1.669567274276050739e+01,6.743008156815903931e-01
-1.478234284491190920e+01,1.669567274274595547e+01,6.743008156811356457e-01
-1.478234284491190920e+01,1.669567274274595547e+01,6.743008156799987773e-01
-1.478234284488280537e+01,1.669567274273867952e+01,6.743008156793166563e-01
-1.478234284485370154e+01,1.669567274273140356e+01,6.743008156779524143e-01
-1.478234284484642558e+01,1.669567274271685164e+01,6.743008156761334249e-01
-1.478234284483914962e+01,1.669567274270957569e+01,6.563008156758769474e-01
-1.478234284483187366e+01,1.669567274269502377e+01,5.343008156755786331e-01
-1.478134284482803196e+01,1.669567274268774781e+01,4.473008156758169207e-01
-1.465334284483105876e+01,1.674167274263891159e+01,1.853008156756459357e-01
-1.453334284482843941e+01,1.675667274263832951e+01,-2.469918432431938982e-02
-1.443334284479351481e+01,1.674667274259991245e+01,-2.508844915043937362e-01
-1.426234284477686742e+01,1.668267274258687394e+01,-5.308844915039117041e-01
-1.411034284477500478e+01,1.658367274257761892e+01,-7.048844915027530078e-01
-1.401834284477081383e+01,1.650567274257628014e+01,-7.748844915015524748e-01
-1.391134284477448091e+01,1.640867274258198449e+01,-7.918844915011504781e-01
-1.382234284479636699e+01,1.632467274255759548e+01,-7.918844915009229934e-01
-1.373334284481097711e+01,1.624167274254432414e+01,-7.748844915013251011e-01
-1.360934284480754286e+01,1.613967274255992379e+01,-6.698844914997152955e-01
-1.350734284477948677e+01,1.607467274253576761e+01,-5.648844914996971056e-01
-1.338034284477180336e+01,1.601167274257022655e+01,-4.608844914989731478e-01
-1.326734284479607595e+01,1.596667274258652469e+01,-3.908844914991504993e-01
-1.313234284477221081e+01,1.592067274255532539e+01,-3.208844914989867902e-01
-1.301734284475242021e+01,1.589067274252010975e+01,-2.338844914989977042e-01
-1.291234284474194283e+01,1.587567274249886395e+01,-1.468844914988949035e-01
-1.277234284472797299e+01,1.586567274247499881e+01,-7.688449149875964395e-02
-1.263234284472855506e+01,1.586467274246388115e+01,-2.469918431912532242e-02
-1.249234284472913714e+01,1.586667274246428860e+01,-6.699184319113982156e-03
-1.237234284472651780e+01,1.587267274242185522e+01,2.830081568087905106e-02
-1.223034284470486455e+01,1.588167274241277482e+01,4.530081568074706411e-02
-1.209034284468361875e+01,1.589567274239379913e+01,6.330081568054879426e-02
-1.197034284465917153e+01,1.590767274237441598e+01,8.030081568037417128e-02
-1.179034284465160454e+01,1.593667274237668607e+01,1.673008156799369595e-01
-1.167034284463443328e+01,1.596467274234601064e+01,2.203008156797068295e-01
-1.153334284461016068e+01,1.600867274230404291e+01,2.903008156790747862e-01
-1.141934284460148774e+01,1.605167274223640561e+01,3.593008156784662788e-01
-1.129134284459723858e+01,1.611167274221952539e+01,4.293008156790847352e-01
-1.113334284460870549e+01,1.620267274219077080e+01,5.173008156775722455e-01
-1.101334284461336210e+01,1.628067274216300575e+01,5.343008156785344909e-01
-1.095434284460498020e+01,1.631867274216347141e+01,5.343008156785344909e-01
-1.083634284461004427e+01,1.639767274211772019e+01,5.513008156774503732e-01
-1.071834284460783238e+01,1.648067274211643962e+01,5.693008156777068507e-01
-1.061534284459776245e+01,1.655367274209129391e+01,5.693008156761152350e-01
-1.048034284457389731e+01,1.665167274207487935e+01,5.863008156745763699e-01
-1.037834284456766909e+01,1.672867274206510046e+01,5.863008156741216226e-01
-1.026134284456202295e+01,1.681467274208262097e+01,6.043008156739233527e-01
-1.014934284456103342e+01,1.690367274205345893e+01,6.393008156730957126e-01
-1.005734284454956651e+01,1.698167274202569388e+01,6.743008156718133250e-01
-9.922342844547529239e+00,1.710067274200991960e+01,7.083008156712367054e-01
-9.834342844515049364e+00,1.718367274202319095e+01,7.263008156710384355e-01
-9.716342844520113431e+00,1.729667274201347027e+01,7.433008156701816915e-01
-9.646342844513128512e+00,1.736667274199862732e+01,7.613008156693013007e-01
-9.548342844500439242e+00,1.746767274200101383e+01,7.783008156675350619e-01
-9.455342844492406584e+00,1.757267274196783546e+01,7.963008156661999237e-01
-9.377342844483791851e+00,1.766267274195706705e+01,8.133008156644336850e-01
-9.285342844465048984e+00,1.777367274195421487e+01,8.313008156626437994e-01
-9.178342844454164151e+00,1.790167274192936020e+01,8.313008156626437994e-01
-9.073342844429134857e+00,1.803167274191218894e+01,8.313008156615069311e-01
-8.995342844413244165e+00,1.812467274191294564e+01,8.313008156594605680e-01
-8.917342844404629432e+00,1.821467274188762531e+01,8.133008156587493431e-01
-8.826342844389728270e+00,1.831967274186172290e+01,7.963008156602882082e-01
-8.691342844380415045e+00,1.846767274183366681e+01,7.613008156597516063e-01
-8.593342844382277690e+00,1.856667274182836991e+01,7.433008156606319972e-01
-8.493342844391008839e+00,1.866467274179740343e+01,7.263008156614887412e-01
-8.389342844391649123e+00,1.875967274180584354e+01,6.913008156614067756e-01
-8.268342844392464031e+00,1.886367274179065134e+01,6.563008156606429111e-01
-8.158342844384605996e+00,1.895467274177644867e+01,6.213008156605610566e-01
-8.042342844368249644e+00,1.904567274173314217e+01,6.213008156605610566e-01
-7.924342844351485837e+00,1.913667274171893951e+01,6.213008156591967035e-01
-7.828342844339204021e+00,1.921267274166893912e+01,6.213008156582873198e-01
-7.731342844333994435e+00,1.928967274167371215e+01,6.393008156571795553e-01
-7.616342844332393724e+00,1.938067274166678544e+01,6.393008156571795553e-01
-7.517342844319500728e+00,1.945867274167540018e+01,6.393008156567248079e-01
-7.355342844319238793e+00,1.958867274167278083e+01,6.213008156557862094e-01
-7.273342844306171173e+00,1.965367274164600531e+01,6.213008156539672200e-01
-7.138342844304133905e+00,1.975767274161626119e+01,6.213008156523756043e-01
-7.039342844302154845e+00,1.983467274159920635e+01,6.213008156516934832e-01
-6.938342844296130352e+00,1.991267274156416534e+01,6.213008156514661096e-01
-6.820342844286642503e+00,2.000367274154996267e+01,6.213008156507839885e-01
-6.691342844282189617e+00,2.010767274156387430e+01,6.393008156505857187e-01
-6.592342844265658641e+00,2.018567274154338520e+01,6.393008156501309713e-01
-6.497342844249942573e+00,2.026167274153704057e+01,6.393008156489941030e-01
-6.424342844242346473e+00,2.032167274152016034e+01,6.393008156494488503e-01
-6.329342844230268383e+00,2.039867274151038146e+01,6.213008156482828781e-01
-6.176342844210012117e+00,2.051567274148692377e+01,6.213008156487376255e-01
-6.062342844204977155e+00,2.060467274147958960e+01,6.213008156485102518e-01
-5.971526690435516649e+00,2.067767274145442968e+01,5.693008346144353693e-01
-5.820951804951967290e+00,2.077167274144453302e+01,5.693007777726699636e-01
-5.720951804945798358e+00,2.084267274145531701e+01,5.863007777722941682e-01
-5.574951804941520095e+00,2.095067274140455993e+01,6.043007777723232721e-01
-5.478951804932876257e+00,2.102467274141963571e+01,6.213007777719212754e-01
-5.350951804935903056e+00,2.112767274137877394e+01,6.393007777708135109e-01
-5.258951804938988062e+00,2.120567274134373292e+01,6.563007777695020195e-01
-5.168951804942480521e+00,2.128367274132324383e+01,6.743007777693037497e-01
-5.056951804945128970e+00,2.138067274131026352e+01,6.913007777677648846e-01
-4.947951804952026578e+00,2.147867274126474513e+01,6.913007777670827636e-01
-4.842951804956101114e+00,2.157367274119314970e+01,6.913007777668553899e-01
-4.722951804946205812e+00,2.167767274112702580e+01,6.743007777668026392e-01
-4.615951804949872894e+00,2.176867274112009909e+01,6.563007777658640407e-01
-4.519951804952142993e+00,2.184667274109233404e+01,6.393007777646745327e-01
-4.405951804950746009e+00,2.193767274111451115e+01,6.393007777644470480e-01
-4.295951804942887975e+00,2.202867274109303253e+01,6.393007777637649269e-01
-4.200951804948999779e+00,2.210667274107254343e+01,6.563007777635903039e-01
-4.087951804940530565e+00,2.219967274105147226e+01,6.563007777626808092e-01
-3.975951804935903056e+00,2.229467274103808450e+01,6.563007777624534356e-01
-3.866951804933705716e+00,2.238767274102428928e+01,6.563007777606344462e-01
-3.772951804930926301e+00,2.246567274099652423e+01,6.563007777583607094e-01
-3.627951804926851764e+00,2.258267274098034250e+01,6.393007777573984640e-01
-3.529951804921438452e+00,2.266067274093802553e+01,6.393007777567163430e-01
-3.431951804919663118e+00,2.273867274090298451e+01,6.393007777560342220e-01
-3.287951804908516351e+00,2.285567274083587108e+01,6.563007777549501043e-01
-3.194951804905940662e+00,2.293367274082993390e+01,6.563007777542679833e-01
-3.068951804907555925e+00,2.304067274084081873e+01,6.563007777538132359e-01
-2.973951804900934803e+00,2.311967274084599921e+01,6.563007777533584886e-01
-2.863951804902171716e+00,2.321067274082452059e+01,6.563007777526763675e-01
-2.768951804897369584e+00,2.328967274081514915e+01,6.563007777513121255e-01
-2.655951804892538348e+00,2.338167274080478819e+01,6.393007777496678701e-01
-2.539951804890733911e+00,2.347367274078715127e+01,6.393007777494403854e-01
-2.437529770269250662e+00,2.354710336218372291e+01,6.563007655302608434e-01
-2.326529770265551633e+00,2.362568269222664341e+01,6.563007835525971334e-01
-2.236934903310658029e+00,2.371180275390320702e+01,6.559808380202315492e-01
-1.804869755329589376e+00,2.406179483152080323e+01,6.736621189724381065e-01
-1.736905350013302707e+00,2.412360847385586027e+01,6.736619266146874896e-01
-1.615290807084498903e+00,2.423851730196553689e+01,6.739832544358372868e-01
-1.519290807082143147e+00,2.431837324951629142e+01,6.743054910064825158e-01
-1.424290807079160004e+00,2.440272387342366756e+01,6.739786113924693955e-01
-1.280216279298651338e+00,2.454565273810498027e+01,6.736514620190328095e-01
-1.170230587835962899e+00,2.461375182665884864e+01,6.556515795509658684e-01
-1.055198271107073316e+00,2.473104513460097564e+01,6.556515131891262893e-01
-9.656918374864639221e-01,2.480365112414513362e+01,6.556516348919464443e-01
-8.732027481792085100e-01,2.489774316536700738e+01,6.556516883164080767e-01
-7.516628081283713847e-01,2.500676541000742148e+01,6.556517060590286716e-01
-6.332123362670742939e-01,2.511101637788663510e+01,6.556515869166001931e-01
-5.357108814635428429e-01,2.519841134331271704e+01,6.736514663458085250e-01
-4.192539919876048238e-01,2.529337398760492306e+01,6.736514488828404534e-01
-3.007813633040642975e-01,2.537167334030609567e+01,6.906516341155805039e-01
-1.938551630645716783e-01,2.546805611489438448e+01,6.733252911367966220e-01
-7.843928904741324926e-02,2.556847944118768368e+01,6.733252451239888359e-01
2.856071095256140779e-02,2.565947944117942825e+01,6.553252451233220199e-01
1.365607109527218199e-01,2.574747944117552834e+01,6.553252451219577779e-01
1.915607109526717977e-01,2.579447944117418956e+01,6.553252451215030305e-01
2.975607109528937144e-01,2.588647944110562094e+01,6.733252451219867707e-01
4.015607109522534302e-01,2.597847944110253593e+01,6.903252451204480167e-01
4.905607109512857278e-01,2.605647944110387471e+01,6.903252451188564009e-01
5.945607109511001909e-01,2.614847944107896183e+01,6.733252451181215292e-01
7.015607109510710870e-01,2.623947944102837937e+01,6.553252451187745464e-01
8.135607109506963752e-01,2.633147944099619053e+01,6.553252451174103044e-01
9.095607109507000132e-01,2.641147944098338485e+01,6.553252451176376780e-01
1.054560710947953339e+00,2.653047944094578270e+01,6.553252451165008097e-01
1.151560710947705957e+00,2.660947944092913531e+01,6.553252451162734360e-01
1.265560710946374456e+00,2.670247944093716796e+01,6.553252451160460623e-01
1.379560710946861946e+00,2.679447944090497913e+01,6.553252451151365676e-01
1.488560710949059285e+00,2.688547944089805242e+01,6.553252451149091939e-01
1.579560710947589541e+00,2.696347944084845949e+01,6.733252451119824400e-01
1.669560710944097082e+00,2.704147944087162614e+01,6.903252451127173117e-01
1.818560710943529557e+00,2.717547944084799383e+01,7.073252451118605677e-01
1.906560710944177117e+00,2.725947944077051943e+01,7.253252451116624089e-01
1.996560710944322636e+00,2.734747944073751569e+01,7.423252451110329275e-01
2.096560710939229466e+00,2.744547944070654921e+01,7.253252451100706821e-01
2.181560710934718372e+00,2.752847944075620035e+01,7.253252451096159348e-01
2.299560710931473295e+00,2.763847944074223051e+01,6.903252451102162013e-01
2.392560710926773027e+00,2.772147944067546632e+01,6.903252451111256960e-01
2.488560710924502928e+00,2.780547944064892363e+01,6.733252451101634506e-01
2.593560710920428392e+00,2.789647944063472096e+01,6.903252451111256960e-01
2.712560710917387041e+00,2.800547944061690941e+01,7.073252451111784467e-01
2.829525090101011386e+00,2.810697793053994786e+01,7.073252519421060480e-01
2.927721920863052940e+00,2.819255210346225482e+01,7.073316038909756021e-01
3.521094150567039449e+00,2.829269008120283502e+01,7.073286154063455067e-01
3.595249789970733190e+00,2.831093803868378700e+01,6.886929856985740672e-01
3.718249789968467667e+00,2.842093803867464885e+01,6.710376834092024456e-01
3.812249789962152136e+00,2.850193803862930508e+01,6.703766335860026349e-01
3.920546233021929172e+00,2.859493803847011506e+01,6.720666295011138436e-01
4.027546233024622779e+00,2.868893803846003721e+01,6.890563636125499603e-01
4.133906308936240670e+00,2.878445946796346178e+01,6.893861437502076805e-01
4.239906308936042478e+00,2.888145946791337337e+01,7.056948379437009145e-01
4.312906308936362620e+00,2.895045946791651659e+01,7.244164360373408496e-01
4.433906308939185692e+00,2.906645946787466528e+01,7.230792936647302271e-01
4.521906308935285779e+00,2.915180781396491128e+01,7.220681588701924891e-01
4.609906308938661823e+00,2.923644091641676468e+01,7.217422942922696594e-01
4.742906308940291638e+00,2.936183087963994609e+01,7.040712261188121213e-01
4.835324389828952185e+00,2.944663808481854161e+01,6.887365135782569370e-01
4.946324389820802025e+00,2.954521521837655840e+01,7.053798761163573294e-01
5.012469635242236876e+00,2.960534821055647825e+01,7.060463208602372198e-01
5.113880044699249616e+00,2.970045220250217355e+01,7.250201983905910641e-01
5.202880044700577855e+00,2.978691993195383958e+01,7.239935715197757249e-01
5.293880044693651143e+00,2.987591993194655515e+01,7.942795664288362367e-01
5.397880044696648838e+00,2.997691993191983784e+01,7.942795664273489820e-01
5.524880044704332249e+00,3.010094932671931289e+01,7.762795578700739663e-01
5.630880044696823461e+00,3.019791297713595668e+01,7.762795660541758069e-01
5.723880044701218139e+00,3.028137511582323071e+01,7.592520964129912953e-01
5.842880044710909715e+00,3.039046953814527541e+01,7.762520866434506894e-01
5.948344750489619415e+00,3.049057256355763457e+01,7.942519731052946064e-01
6.068344750474352622e+00,3.060600428401172124e+01,7.942876840615242795e-01
6.153900570911356560e+00,3.069497111792825095e+01,8.112879759310227534e-01
6.241384947436309893e+00,3.078315002361992470e+01,7.942880652697241750e-01
6.352829416181850597e+00,3.089474755722106991e+01,7.943304218769405844e-01
6.442829416180757107e+00,3.097852354629396743e+01,7.763304310911367523e-01
6.549829416158900131e+00,3.107752354626427405e+01,7.763304310894909577e-01
6.643064662010012889e+00,3.116178767689230611e+01,7.763302440475738919e-01
6.762569140575669380e+00,3.127278767670583193e+01,7.942802688503112218e-01
6.848896801795798517e+00,3.135878767676998535e+01,8.112803518633371347e-01
6.899896801780414535e+00,3.141111676014653398e+01,8.112803433706262668e-01
7.031896801774564665e+00,3.153911676011193777e+01,7.942803433695644344e-01
7.136936945347278183e+00,3.163773760608576424e+01,7.942803498514844351e-01
7.229647016000321891e+00,3.172812534545379393e+01,7.942215833959694882e-01
7.321530137731261156e+00,3.181582854337622379e+01,7.942813619848980711e-01
7.442920512560196933e+00,3.193188107711117496e+01,7.943222059743901831e-01
7.533920512541953940e+00,3.201599007739366698e+01,7.943222170954072903e-01
7.640920512527372921e+00,3.211872105860412319e+01,7.943864959871966835e-01
7.747920512523705838e+00,3.222046064738704985e+01,7.943208751294698056e-01
7.840857141046550183e+00,3.230995498261231802e+01,7.943208019291656541e-01
7.972915491168872215e+00,3.243368097016280416e+01,7.762527223285260458e-01
8.061915491147374269e+00,3.251036905861017345e+01,7.593223346335277180e-01
8.170903057459607766e+00,3.260468580809347117e+01,7.422515543362236956e-01
8.263915320451365787e+00,3.268265717020376826e+01,7.242514895034989353e-01
8.388881119186008206e+00,3.278665714982619761e+01,6.892515535001784155e-01
8.479827802909110090e+00,3.286025970564566734e+01,6.722516262419635513e-01
8.568981567102603947e+00,3.292425500566879748e+01,6.722515007660663233e-01
8.726153104685831607e+00,3.304288755100013475e+01,6.722513865082517803e-01
8.830260345617769957e+00,3.312422402117128684e+01,6.542513438578249074e-01
8.945029570013957709e+00,3.321422398280098065e+01,6.542514643857004764e-01
9.045042257802773378e+00,3.328822398282857620e+01,6.722514640309329437e-01
9.177361311270709976e+00,3.338722402051807592e+01,6.892513454715447629e-01
9.259526295611964386e+00,3.345222403901189523e+01,6.892512871063645186e-01
9.384526295601972379e+00,3.355522403898066841e+01,7.242512871048347733e-01
9.492073063724875581e+00,3.364996302605085532e+01,7.242514116488394382e-01
9.592640401469520128e+00,3.372996306313559245e+01,7.422512947999879707e-01
9.711474065221022300e+00,3.382696311773037223e+01,7.422511228933857952e-01
9.822502162490973632e+00,3.392118300860589386e+01,7.422511137937917169e-01
9.951671132005079912e+00,3.403218301765834752e+01,7.423398493866965042e-01
1.006133864181972903e+01,3.413018299981381887e+01,7.423399115763488210e-01
1.017233864180889213e+01,3.422618299974419642e+01,7.423399115759821143e-01
1.026705676287185476e+01,3.430518303449594697e+01,7.593397896671858494e-01
1.037584624913765907e+01,3.439818306925708669e+01,7.763396677976709404e-01
1.048025372543369649e+01,3.449518308646761966e+01,7.943396074577560029e-01
1.058082893781577383e+01,3.459807241563908775e+01,8.113396753187430699e-01
1.067082893779297592e+01,3.468807241554895882e+01,8.113396753171855380e-01
1.077082893778424477e+01,3.479099125211427435e+01,8.113396831909953644e-01
1.081335496239015370e+01,3.483003013647177681e+01,8.113396236214119872e-01
1.081582645562587608e+01,3.483003015291243543e+01,8.293395659989778457e-01
1.081831497276911946e+01,3.483003016921213657e+01,8.293395087812244215e-01
1.081831497277016751e+01,3.483003016917791683e+01,8.293395087803219212e-01
1.081831497274106368e+01,3.483003016919246875e+01,8.293395087803219212e-01
1.081831497271923581e+01,3.483003016914881300e+01,8.293395087812315269e-01
1.081831497270468390e+01,3.483003016913426109e+01,8.293395087800945475e-01
1.081831497270468390e+01,3.483003016906150151e+01,8.293395087780481845e-01
1.081831497270468390e+01,3.483003016894508619e+01,8.293395087778208108e-01
1.081831497271195985e+01,3.483003016897419002e+01,8.293395087773660634e-01
1.082091125344356719e+01,3.483007055648412376e+01,8.113394551492465467e-01
1.082088626829478528e+01,3.483011128938007772e+01,8.113394558017520408e-01
1.082086113395628502e+01,3.483015266566187051e+01,8.113394564502512951e-01
1.082083585138320458e+01,3.483019428832836439e+01,8.113394570967583652e-01
1.082081042143251537e+01,3.483023598624015449e+01,8.113394577379893224e-01
1.082078485864133022e+01,3.483027771339710910e+01,8.113394583754770517e-01
1.082075899983095546e+01,3.483031985167475852e+01,8.113394590124748396e-01
1.082073299550323497e+01,3.483036222915652047e+01,8.113394596453685770e-01
1.082070684652273584e+01,3.483040510449150418e+01,8.113394602764327779e-01
1.082068042852672463e+01,3.483044820686984622e+01,8.113394609058310891e-01
1.082065372694724026e+01,3.483049194016504657e+01,8.113394615345207450e-01
1.082062688178107379e+01,3.483053624125142278e+01,8.113394621606845325e-01
1.082059989380594445e+01,3.483058077993374013e+01,8.113394627831430617e-01
1.082057276383128830e+01,3.483062548809995462e+01,8.113394634004512662e-01
1.082054549261800780e+01,3.483067073323579876e+01,8.113394640141522451e-01
1.082051806658541970e+01,3.483071551557281964e+01,8.113394646249365572e-01
1.082049078947461673e+01,3.483075941946780318e+01,8.113394652250363048e-01
1.082046337479289555e+01,3.483080354653803568e+01,8.113394658207491172e-01
1.082043567748602619e+01,3.483084677589161515e+01,8.113394664132435041e-01
1.082040800449700946e+01,3.483088888857110277e+01,8.113394669975475537e-01
1.082038032863875721e+01,3.483093033176798770e+01,8.113394675721619098e-01
1.082035253357600091e+01,3.483097099157575371e+01,8.113394681412430254e-01
1.082032444168616614e+01,3.483101118376407612e+01,8.113394687080615064e-01
1.082029633593352358e+01,3.483105081893872068e+01,8.113394692694380073e-01
1.082026826310186429e+01,3.483109007713620286e+01,8.113394698243214798e-01
1.082024005954826684e+01,3.483112951955677516e+01,8.113394703759277959e-01
1.082623009585861062e+01,3.483116802042450644e+01,8.113393767796273082e-01
1.082618025854083754e+01,3.483120642092745811e+01,8.113393776531295787e-01
1.082613021792734997e+01,3.483124448124574712e+01,8.113393785212703602e-01
1.082607995993734562e+01,3.483128271345304938e+01,8.113393793853727054e-01
1.082602963973576315e+01,3.483132086287077556e+01,8.113393802410981959e-01
1.082597895013303990e+01,3.483135881716769688e+01,8.113393810935206618e-01
1.082592838823677006e+01,3.483139640146018934e+01,8.113393819354610681e-01
1.082587775497327520e+01,3.483143394120182279e+01,8.113393827713122342e-01
1.082582691150313536e+01,3.483147164286591391e+01,8.113393836050321051e-01
1.082577544963306160e+01,3.483150925873114545e+01,8.113393844381799891e-01
1.082572417288454680e+01,3.483154636401008020e+01,8.113393852603751899e-01
1.082567286325861744e+01,3.483158321405998237e+01,8.113393860753215225e-01
1.082562137976447936e+01,3.483162011741340081e+01,8.113393868871944248e-01
1.082556969162980387e+01,3.483165717332096989e+01,8.113393876947997407e-01
1.082551787998644777e+01,3.483169402778724333e+01,8.113393884950526047e-01
1.082546572082506842e+01,3.483173090527358795e+01,8.113393892953485453e-01
1.082541337566774153e+01,3.483176780408676620e+01,8.113393900896090916e-01
1.082536117037578371e+01,3.483180470981476873e+01,8.113393908763270046e-01
1.082530876601918024e+01,3.483184176177777402e+01,8.113393916607472001e-01
1.082525590169085028e+01,3.483187868909649154e+01,8.113393924444278760e-01
1.082520300330349983e+01,3.483191634161536854e+01,8.113393932235078987e-01
1.082514975966625315e+01,3.483195468446280785e+01,8.113393940004933746e-01
1.082509631949572260e+01,3.483199317428831421e+01,8.113393947773135384e-01
1.082504279993167451e+01,3.483203175834138676e+01,8.113393955493799492e-01
1.082498873580415832e+01,3.483207114399402116e+01,8.113393963221559035e-01
1.082493451020404862e+01,3.483211095366250021e+01,8.113393970921899401e-01
1.082487978841448140e+01,3.483215132090678878e+01,8.113393978633390846e-01
1.082482487237932034e+01,3.483219183711813827e+01,8.113393986327949170e-01
1.082647600231791785e+01,3.483223305341484632e+01,8.111950252920603344e-01
1.082642042169194596e+01,3.483227473407116292e+01,8.111950258910972655e-01
1.082636454613981236e+01,3.483231632375327536e+01,8.111950264875790184e-01
1.082630849524989891e+01,3.483235853321214393e+01,8.111950270817357422e-01
1.082625225279581294e+01,3.483240089266837458e+01,8.111950276735090393e-01
1.082619580232901413e+01,3.483244378097508331e+01,8.111950282646371857e-01
1.082613898910648942e+01,3.483248650658692469e+01,8.111950288541742715e-01
1.082608217646198412e+01,3.483252940790809760e+01,8.111950294402940909e-01
1.082602517527937636e+01,3.483257245732873741e+01,8.111950300230658106e-01
1.082596762010781610e+01,3.483261603895477521e+01,8.111950306075242922e-01
1.082591005156024799e+01,3.483123937245774471e+01,8.113458119726085771e-01
1.082585213804367896e+01,3.483128333851075809e+01,8.113458127242326734e-01
1.082579431934365211e+01,3.483132779899308673e+01,8.113458134727367099e-01
1.082573596223097923e+01,3.483137275582753745e+01,8.113458142245958404e-01
1.082567699420283525e+01,3.483141795908137794e+01,8.113458149771937133e-01
1.082561815984771947e+01,3.483146333882228163e+01,8.113458157231711043e-01
1.082555914085953219e+01,3.483150886658563650e+01,8.113458164662332717e-01
1.082549961598929933e+01,3.483155496522381611e+01,8.113458172134285773e-01
1.082543969158276376e+01,3.483160149542142392e+01,8.113458179607655474e-01
1.082537956494743803e+01,3.483164821682122181e+01,8.113458187067570382e-01
1.081451065813421231e+01,3.483164818358475401e+01,6.543459062322846131e-01
1.080544406517440237e+01,3.483164815604435915e+01,4.621889303855973297e-01
1.080180690475794947e+01,3.482591479266785939e+01,2.881889394789590719e-01
1.081450215639508983e+01,3.482298825031452338e+01,1.663471359773878722e-01
1.080722752853372448e+01,3.482580596484791613e+01,-8.838054351471912040e-03
1.084928503105921216e+01,3.481890657086236729e+01,-1.308380705552840140e-01
1.098694474663429155e+01,3.477990658161726856e+01,-3.748381211024695570e-01
1.111561668189669483e+01,3.471189493873220755e+01,-5.498381715560506366e-01
1.120334579920799989e+01,3.463889491178115065e+01,-6.539991086541847576e-01
1.132229068902061186e+01,3.454589494908629632e+01,-7.418377938560156704e-01
1.140883041341685811e+01,3.444289492766039729e+01,-8.638376472225762770e-01
1.147335344556818626e+01,3.434489490635650100e+01,-9.688375011770239409e-01
1.153016744097754831e+01,3.422282624138541962e+01,-1.090837269126952780e+00
1.156996552640487685e+01,3.411282620978070668e+01,-1.125837053014314249e+00
1.163552440853630543e+01,3.397482623088797737e+01,-1.142837197948676886e+00
1.170152440849778941e+01,3.382180057735924805e+01,-1.125837183095629301e+00
1.177529518662741737e+01,3.367480058773253404e+01,-1.037837254520470598e+00
1.184029518661554903e+01,3.357080058765131980e+01,-9.338372545178117434e-01
1.192629518659668975e+01,3.345780058765376452e+01,-8.638372545183301554e-01
1.200529518657276640e+01,3.336780058758449741e+01,-7.938372545181664464e-01
1.210329518655635184e+01,3.326780058759322856e+01,-7.588372545180845918e-01
1.218729518655891297e+01,3.318380058757611550e+01,-7.418372545171223464e-01
1.230729518653970445e+01,3.307180058755329810e+01,-7.068372545170404919e-01
1.243229518651787657e+01,3.295980058750137687e+01,-7.068372545168131182e-01
1.252229518652166007e+01,3.288080058753257617e+01,-7.068372545174952393e-01
1.264029518653842388e+01,3.277380058748531155e+01,-7.238372545166384953e-01
1.271329518654965796e+01,3.270380058742011897e+01,-7.418372545155307307e-01
1.281429518655204447e+01,3.260480058738903608e+01,-7.588372545153561077e-01
1.291929518654796993e+01,3.249980058730579913e+01,-7.588372545146739867e-01
1.303829518654674757e+01,3.237980058723769616e+01,-7.768372545131114748e-01
1.314329518653539708e+01,3.227480058719811495e+01,-7.768372545133389595e-01
1.324629518653091509e+01,3.216980058715853374e+01,-7.768372545115198591e-01
1.335129518652684055e+01,3.206480058713350445e+01,-7.768372545115198591e-01
1.343829518649727106e+01,3.197480058716610074e+01,-7.768372545106103644e-01
1.352829518647195073e+01,3.188380058710754383e+01,-7.588372545098991395e-01
1.360821356035331853e+01,3.180590566613071246e+01,-7.418372526542834633e-01
1.370729564312874693e+01,3.170472732834067742e+01,-7.416627189256006503e-01
1.380246021488637531e+01,3.160672733277491275e+01,-7.586626664985783863e-01
1.387276379354417344e+01,3.152172734852346636e+01,-7.768415800345580546e-01
1.402411725981063917e+01,3.137932352589828611e+01,-7.768418193686562612e-01
1.412132756925972465e+01,3.129309849767162888e+01,-7.764859687804803734e-01
1.421232815866629728e+01,3.119530544170112663e+01,-7.763068126496938115e-01
1.430635200938638718e+01,3.108753308567031226e+01,-7.583068609725163167e-01
1.441049566205433941e+01,3.098753308321445132e+01,-7.411271041001311621e-01
1.451279595163092750e+01,3.089953306939748501e+01,-7.411154109839842574e-01
1.460283683853918468e+01,3.081513066999583472e+01,-7.411154141037412657e-01
1.471174523572289949e+01,3.070313067449071909e+01,-7.581154109961160126e-01
1.479674523569701705e+01,3.061713067447999492e+01,-7.761154109975905158e-01
1.489574523566989228e+01,3.051484607922435188e+01,-7.759330854683140766e-01
1.500174523564783158e+01,3.040884607920452254e+01,-7.225723943524371418e-01
1.508874523564736592e+01,3.032784607916983077e+01,-7.225723943524826609e-01
1.519174523562105605e+01,3.023184607912844513e+01,-7.405723943525117647e-01
1.527774523563130060e+01,3.014884607910789782e+01,-7.409359902864529612e-01
1.537674523564055562e+01,3.005084607912431238e+01,-7.579359902856594999e-01
1.547791680452531260e+01,2.995025332053627665e+01,-7.757490561415634200e-01
1.557491680448583793e+01,2.984867622836381074e+01,-7.755612823336591743e-01
1.568691680447227554e+01,2.973181637562042212e+01,-7.575612659721052689e-01
1.577191680444957456e+01,2.964603155078006935e+01,-7.575612342699878932e-01
1.587691680442367215e+01,2.954356914809473267e+01,-7.407478062088230786e-01
1.598191680440504570e+01,2.944061713078167131e+01,-7.838520117789545827e-01
1.608191680438176263e+01,2.934264256402584792e+01,-8.008519848371106198e-01
1.616591680436977185e+01,2.925765806131627400e+01,-8.008519590526486098e-01
1.626991680434730370e+01,2.915059004721701541e+01,-8.188518827155212287e-01
1.638291680435941089e+01,2.903665195986378222e+01,-8.008519078790693468e-01
1.648191680436138995e+01,2.893765195982996374e+01,-7.838519078807166807e-01
1.654691680434916634e+01,2.887865195978520205e+01,-7.308519078812878433e-01
1.665091680431214627e+01,2.878665195978101110e+01,-7.488519078804074525e-01
1.675591680432262365e+01,2.869365195972204674e+01,-7.658519078797780821e-01
1.684191680430376437e+01,2.860965195965400198e+01,-8.008519078782683209e-01
1.695391680431202985e+01,2.849665195965644671e+01,-8.188519078773879301e-01
1.703791680425638333e+01,2.840865195964579470e+01,-8.188519078757963143e-01
1.712091680421144702e+01,2.832465195965050953e+01,-8.008519078748577158e-01
1.722091680423181970e+01,2.822565195959759876e+01,-7.838519078750323388e-01
1.730791680424590595e+01,2.814265195955522358e+01,-7.658519078745484876e-01
1.744391680425906088e+01,2.801665195952955401e+01,-7.658519078750032349e-01
1.754791680425114464e+01,2.792065195947361644e+01,-7.658519078738663666e-01
1.766191680422343779e+01,2.780965195945464075e+01,-7.838519078734407231e-01
1.775091680417244788e+01,2.772065195941104321e+01,-8.008519078741755948e-01
1.786591680417768657e+01,2.760565195936214877e+01,-7.838519078734407231e-01
1.795291680416266900e+01,2.752165195935231168e+01,-7.838519078720764810e-01
1.803391680412460119e+01,2.744665195928246249e+01,-7.308519078710560279e-01
1.812591680411424022e+01,2.736965195927768946e+01,-7.138519078685021668e-01
1.823091680406650994e+01,2.727865195926278830e+01,-7.308519078658264334e-01
1.833691680405172519e+01,2.718765195918967947e+01,-7.308519078640074440e-01
1.842691680403368082e+01,2.710865195920632686e+01,-7.488519078644912952e-01
1.854391680403205100e+01,2.700065195919160033e+01,-7.838519078648005234e-01
1.862891680402390193e+01,2.691665195919631515e+01,-8.008519078650806478e-01
1.873291680397232994e+01,2.681165195918583777e+01,-8.008519078634890320e-01
1.885891680394706782e+01,2.668565195921837585e+01,-7.838519078625267866e-01
1.894591680393205024e+01,2.660165195917215897e+01,-7.838519078611625446e-01
1.904891680393484421e+01,2.650465195913420757e+01,-7.658519078604513197e-01
1.913991680390608963e+01,2.642265195912477793e+01,-7.488519078597164480e-01
1.926391680388769601e+01,2.631465195915370714e+01,-7.488519078592617007e-01
1.935291680388036184e+01,2.623565195909031900e+01,-7.488519078594890743e-01
1.947991680388804525e+01,2.611765195911721094e+01,-7.838519078582066868e-01
1.955491680385603104e+01,2.604865195905586006e+01,-7.658519078563585936e-01
1.966391680386732332e+01,2.595065195904317079e+01,-7.488519078553963482e-01
1.977191680381656624e+01,2.585265195900137769e+01,-7.488519078553963482e-01
1.987591680379409809e+01,2.575865195901133120e+01,-7.658519078549943515e-01
1.996791680378373712e+01,2.567365195901220432e+01,-7.658519078547669778e-01
2.005891680376953445e+01,2.558865195902035339e+01,-7.658519078529479884e-01
2.017791680376103614e+01,2.547865195900521940e+01,-7.658519078511289990e-01
2.028491680375009310e+01,2.538065195895615034e+01,-7.488519078510762483e-01
2.039291680374299176e+01,2.528365195891092299e+01,-7.488519078517583694e-01
2.050391680374741554e+01,2.518465195887256414e+01,-7.488519078510762483e-01
2.059691680371179245e+01,2.510265195886313450e+01,-7.488519078517583694e-01
2.070591680366487708e+01,2.500565195887611480e+01,-7.488519078519857430e-01
2.080091680363693740e+01,2.492165195887355367e+01,-7.488519078515309957e-01
2.091091680362296756e+01,2.482365195885358844e+01,-7.488519078506215010e-01
2.099691680358955637e+01,2.474565195887407754e+01,-7.308519078496829025e-01
2.109091680357232690e+01,2.466465195883938577e+01,-7.308519078490007814e-01
2.121091680352401454e+01,2.456065195880364627e+01,-7.308519078485460341e-01
2.131691680348012596e+01,2.446665195875539212e+01,-7.488519078476656432e-01
2.143991680345789064e+01,2.435465195874712663e+01,-7.658519078477183939e-01
2.152991680342529435e+01,2.427465195871627657e+01,-7.488519078456192801e-01
2.163491680343577173e+01,2.418265195871208562e+01,-7.308519078446806816e-01
2.174591680338198785e+01,2.408665195871435571e+01,-7.308519078451354289e-01
2.184191680337244179e+01,2.400365195869380841e+01,-7.308519078442259342e-01
2.196491680339386221e+01,2.389865195866877912e+01,-7.308519078439985606e-01
2.207191680341202300e+01,2.380465195863507688e+01,-7.488519078440275534e-01
2.218391680342028849e+01,2.370665195860783570e+01,-7.488519078426634223e-01
2.224391680340340827e+01,2.365465195861906977e+01,-6.088519078416538832e-01
2.224691680337127764e+01,2.365365195860795211e+01,-1.728519078416182464e-01
2.226691680334624834e+01,2.365165195858571678e+01,-1.728519078415615695e-01
2.233191680330492090e+01,2.363365195860387757e+01,-3.998519078420486594e-01
2.246491680335020646e+01,2.355465195862052497e+01,-6.618519078417648416e-01
2.255091680330224335e+01,2.347965195857250364e+01,-7.658519078404423253e-01
2.264491680335777346e+01,2.337965195852302713e+01,-8.708519078402332525e-01
2.266491680331819225e+01,2.335765195855492493e+01,-5.918519078409190115e-01
2.266491680325998459e+01,2.335765195850399323e+01,-1.028519078408294263e-01
2.266491680321632884e+01,2.335765195846761344e+01,3.853333993371279576e-01
2.266491680318722501e+01,2.335765195840212982e+01,8.743333993375017599e-01
2.266491680320177693e+01,2.335765195838030195e+01,1.310333399336741422e+00
2.266391680321248714e+01,2.341365195838443469e+01,1.764333399335100694e+00
2.265191680318093859e+01,2.343465195833414327e+01,2.183333399331786495e+00
2.259491680310748052e+01,2.349665195833222242e+01,2.393333399324546917e+00
2.238691680306510534e+01,2.365665195833571488e+01,2.532333399321032630e+00
2.225091680305195041e+01,2.374465195825177943e+01,2.567333399319977616e+00
2.214791680300550070e+01,2.380765195826097624e+01,2.585333399316368741e+00
2.200191680299758445e+01,2.389465195823868271e+01,2.602333399309827655e+00
2.187591680292098317e+01,2.396765195821353700e+01,2.602333399308918160e+00
2.180991680291481316e+01,2.400465195818833308e+01,2.619333399303286569e+00
2.180491680292470846e+01,2.400665195817418862e+01,3.073333399298462609e+00
2.177491680291132070e+01,2.400665195813780883e+01,-3.087851907872391166e+00
2.177191680287069175e+01,2.400665195810142905e+01,-2.755851907874784956e+00
2.177191680285613984e+01,2.400665195806504926e+01,-2.249851907873562595e+00
2.177191680284158792e+01,2.400565195803210372e+01,-1.760851907869891875e+00
2.177191680281248409e+01,2.399565195798641071e+01,-1.219851907866996044e+00
2.179791680275229737e+01,2.395765195794228930e+01,-8.708519078668359725e-01
2.187491680271341465e+01,2.388365195790538564e+01,-7.308519078655990597e-01
2.198491680271399673e+01,2.379565195784380194e+01,-6.438519078653826000e-01
2.210291680270165671e+01,2.371565195784205571e+01,-5.918519078657027421e-01
2.220491680271516088e+01,2.364965195783588570e+01,-5.738519078652188909e-01
2.232591680262703449e+01,2.357565195782808587e+01,-5.388519078644549154e-01
2.244891680261935107e+01,2.350565195778472116e+01,-5.218519078632652963e-01
2.259291680263413582e+01,2.342865195776539622e+01,-5.048519078629851720e-01
2.268291680263064336e+01,2.338365195773076266e+01,-4.868519078617055129e-01
2.284791680262424052e+01,2.330365195770718856e+01,-4.518519078610552242e-01
2.296291680257127155e+01,2.325065195767092519e+01,-4.518519078609415374e-01
2.309491680253995582e+01,2.319165195766254328e+01,-4.518519078602594163e-01
2.322191680251853541e+01,2.313265195764688542e+01,-4.698519078590379650e-01
2.333091680251527578e+01,2.307865195762133226e+01,-4.868519078595454630e-01
2.349991680250968784e+01,2.299165195758541813e+01,-4.868519078582949078e-01
2.363291680254042149e+01,2.292265195756772300e+01,-4.868519078578402159e-01
2.374191680253716186e+01,2.286765195758925984e+01,-4.868519078571579839e-01
2.386891680253029335e+01,2.280465195757278707e+01,-4.698519078573326624e-01
2.398391680253553204e+01,2.275065195756906178e+01,-4.698519078572189756e-01
2.413691680252668448e+01,2.267865195756894536e+01,-4.518519078570761849e-01
2.424991680250968784e+01,2.262465195753611624e+01,-4.698519078572189756e-01
2.438191680252202787e+01,2.256165195746143581e+01,-4.698519078565368545e-01
2.448791680252179503e+01,2.251565195742296055e+01,-4.348519078566823737e-01
2.460091680251935031e+01,2.246765195741318166e+01,-4.168519078559711488e-01
2.477191680250689387e+01,2.240165195740701165e+01,-3.818519078557756075e-01
2.488591680249373894e+01,2.235965195741300704e+01,-3.648519078556091699e-01
2.499991680248058401e+01,2.231765195738989860e+01,-3.468519078550116319e-01
2.513291680245310999e+01,2.226865195737627801e+01,-3.648519078537902360e-01
2.526591680241108406e+01,2.221665195738023613e+01,-4.348519078539539451e-01
2.539291680234600790e+01,2.215665195738256443e+01,-5.048519078532081039e-01
2.549991680229140911e+01,2.209665195739944465e+01,-5.568519078524332144e-01
2.564091680223646108e+01,2.200965195739263436e+01,-5.738519078522585914e-01
2.574391680219559930e+01,2.194565195735776797e+01,-5.568519078517510934e-01
2.584791680220223498e+01,2.188365195733058499e+01,-5.568519078503867403e-01
2.600691680214367807e+01,2.179265195727202808e+01,-5.218519078498502495e-01
2.611491680204926524e+01,2.173265195725252852e+01,-5.048519078495701251e-01
2.624091680199489929e+01,2.166865195723949000e+01,-4.868519078493135921e-01
2.633991680198232643e+01,2.162065195722243516e+01,-4.168519078496046859e-01
2.647391680194414221e+01,2.156465195720375050e+01,-4.168519078488088780e-01
2.658591680199606344e+01,2.151865195717255119e+01,-4.168519078489225649e-01
2.671791680197929963e+01,2.146265195715386653e+01,-4.348519078480421740e-01
2.686491680193284992e+01,2.139865195708989631e+01,-4.518519078471854300e-01
2.699391680187545717e+01,2.133765195705927908e+01,-4.698519078472145338e-01
2.710291680182854179e+01,2.128265195705898805e+01,-4.868519078471536532e-01
2.723291680177499074e+01,2.121665195708192186e+01,-4.868519078465850525e-01
2.736191680173214991e+01,2.115265195706160739e+01,-4.868519078468125372e-01
2.749391680168628227e+01,2.108865195704856887e+01,-4.698519078468734178e-01
2.762391680167638697e+01,2.102665195703593781e+01,-4.518519078454801274e-01
2.798391680166241713e+01,2.087165195702255005e+01,-4.168519078457393334e-01
2.811791680162423290e+01,2.081665195700043114e+01,-4.168519078458530203e-01
2.824891680158907548e+01,2.076065195698902244e+01,-4.348519078454273767e-01
2.835791680160036776e+01,2.071465195695054717e+01,-4.168519078453983284e-01
2.841091680162935518e+01,2.068865195693797432e+01,-5.218519078448480286e-01
2.850691680160525721e+01,2.062765195691463305e+01,-6.268519078444114712e-01
2.861891680156986695e+01,2.054065195688599488e+01,-7.138519078432636888e-01
2.874091680151468609e+01,2.043465195687895175e+01,-7.488519078428907960e-01
2.878591680148383602e+01,2.039565195691102417e+01,-5.738519078438457655e-01
2.878691680144402198e+01,2.039565195694012800e+01,-8.585190784367568995e-02
2.878691680132760666e+01,2.039565195694012800e+01,3.853333993354226550e-01
2.878691680128395092e+01,2.039565195693285204e+01,8.923333993329833902e-01
2.878691680125484709e+01,2.039565195693285204e+01,1.310333399332648696e+00
2.878691680125484709e+01,2.040065195691568078e+01,1.729333399331153487e+00
2.875491680126287974e+01,2.046665195690729888e+01,2.148333399326475046e+00
2.873391680121130776e+01,2.049365195687278174e+01,2.462333399322233163e+00
2.865491680121340323e+01,2.054065195683506317e+01,2.672333399322269543e+00
2.854191680121584795e+01,2.058765195681189653e+01,2.759333399320894387e+00
2.837091680118464865e+01,2.064765195678774035e+01,2.829333399321512843e+00
2.825091680111654568e+01,2.068465195681346813e+01,2.829333399322422338e+00
2.809191680105868727e+01,2.072365195679594763e+01,2.969333399320021272e+00
2.798991680105973501e+01,2.073365195677615702e+01,3.108333399311050016e+00
2.796891680100816302e+01,2.073365195675432915e+01,-2.912851907865842804e+00
2.796891680096450727e+01,2.073365195676888106e+01,-2.423851907865355315e+00
2.796891680096450727e+01,2.073365195674705319e+01,-2.004851907861848304e+00
2.796891680097905919e+01,2.072165195673733251e+01,-1.533851907862299413e+00
2.800091680088371504e+01,2.063165195668989327e+01,-1.027851907861077052e+00
2.813091680083016399e+01,2.051565195668081287e+01,-4.868519078605687000e-01
2.824591680077719502e+01,2.047165195665729698e+01,-2.778519078603949310e-01
2.838591680080571678e+01,2.044265195661137113e+01,-1.728519078604335846e-01
2.852591680077603087e+01,2.042465195659315214e+01,-1.028519078603551407e-01
2.864591680075682234e+01,2.041865195654099807e+01,-6.785190786013117759e-02
2.878591680072713643e+01,2.041465195651835529e+01,-3.285190786014879905e-02
2.890591680069337599e+01,2.041465195649652742e+01,-1.585190786011736463e-02
2.910591680066136178e+01,2.041465195649652742e+01,1.933339931945710077e-02
2.920591680065263063e+01,2.041765195647167275e+01,3.633339931944590262e-02
2.934691680062678643e+01,2.042465195646946086e+01,5.433339931934710876e-02
2.948791680061549414e+01,2.043165195647452492e+01,5.433339931930447619e-02
2.962791680061491206e+01,2.043865195647958899e+01,3.633339931937484835e-02
2.976891680054541212e+01,2.044465195647353539e+01,1.933339931937894107e-02
2.988891680054075550e+01,2.044565195644099731e+01,1.333399319377592818e-03
3.002091680056764744e+01,2.044565195641189348e+01,-1.585190786018131348e-02
3.011591680059791543e+01,2.044565195641189348e+01,-1.566660068056791033e-02
3.023591680054960307e+01,2.044565195639006561e+01,-3.285190786014879905e-02
3.041591680051351432e+01,2.044465195635712007e+01,-5.085190786002174307e-02
3.053591680052340962e+01,2.043965195636701537e+01,-6.785190786001749075e-02
3.067991680052364245e+01,2.043265195633284748e+01,-8.585190786001817287e-02
3.080491680050909054e+01,2.042665195629524533e+01,-8.585190785976248851e-02
3.096491680041071959e+01,2.041865195627906360e+01,-6.785190785976186190e-02
3.109091680040000938e+01,2.041265195627056528e+01,-6.785190785970485194e-02
3.125891680037602782e+01,2.040465195626893546e+01,-6.785190785964800853e-02
3.140591680031502619e+01,2.039765195627114736e+01,-6.785190785964800853e-02
3.154691680030373391e+01,2.039065195626608329e+01,-6.785190785973327365e-02
3.168891680031083524e+01,2.038365195623191539e+01,-8.585190786004659458e-02
3.183591680024983361e+01,2.037465195619006408e+01,-8.585190785996132945e-02
3.196191680023912340e+01,2.036665195618115831e+01,-8.585190785984764261e-02
3.208091680021607317e+01,2.035965195618337020e+01,-8.585190785973395577e-02
3.220091680015320890e+01,2.035465195617871359e+01,-5.085190785972315552e-02
3.234691680007381365e+01,2.034865195614111144e+01,-5.085190785969473382e-02
3.248691680008778349e+01,2.034165195614332333e+01,-6.785190785936380531e-02
3.264691680006217211e+01,2.033365195612714160e+01,-8.585190785936432090e-02
3.276791680007590912e+01,2.032565195610368391e+01,-1.028519078591898506e-01
3.293291679999674670e+01,2.031065195612609386e+01,-1.028519078589912178e-01
3.305291679999209009e+01,2.030165195611334639e+01,-8.585190785905183475e-02
3.317291679992922582e+01,2.029565195609029615e+01,-8.585190785902341304e-02
3.331791679991874844e+01,2.028865195605612826e+01,-6.785190785885220066e-02
3.344491679986822419e+01,2.028265195604762994e+01,-6.785190785876693553e-02
3.363391679982305504e+01,2.027365195602033054e+01,-6.785190785856798357e-02
3.383591679978417233e+01,2.026365195604739711e+01,-6.785190785853956186e-02
3.397891679976601154e+01,2.025565195601666346e+01,-8.585190785831287030e-02
3.410291679974761792e+01,2.024765195600775769e+01,-8.585190785834129201e-02
3.425591679970966652e+01,2.023865195598045830e+01,-6.785190785831218818e-02
3.435091679965262301e+01,2.023865195593680255e+01,-3.285190785827296622e-02
3.449691679960233159e+01,2.023865195590042276e+01,-1.566660067871339379e-02
3.462091679952573031e+01,2.023865195590042276e+01,1.333399321284511885e-03
3.480191679947893135e+01,2.023865195588587085e+01,1.933339932121214133e-02
3.492691679939161986e+01,2.024165195585374022e+01,1.933339932119082505e-02
3.506691679934738204e+01,2.024365195581049193e+01,1.333399321190364972e-03
3.520691679927404039e+01,2.024365195579594001e+01,-3.285190785834402050e-02
3.532691679921117611e+01,2.023865195577673148e+01,-8.585190785842655714e-02
3.546691679910873063e+01,2.022665195575245889e+01,-1.208519078585368334e-01
3.558691679916228168e+01,2.021465195575729012e+01,-1.378519078583053670e-01
3.573091679910430685e+01,2.019565195574978134e+01,-1.548519078577328401e-01
3.587091679908917286e+01,2.017765195573883830e+01,-1.378519078578506196e-01
3.601091679904493503e+01,2.016265195570304058e+01,-1.208519078576553996e-01
3.615091679902980104e+01,2.014865195567836054e+01,-1.028519078576266566e-01
3.631091679900418967e+01,2.013665195564681198e+01,-8.585190785748864073e-02
3.641991679894272238e+01,2.013265195559506537e+01,-3.285190785740592367e-02
3.653991679887985811e+01,2.013265195558778942e+01,-3.285190785750558007e-02
3.667991679880651645e+01,2.012965195558354026e+01,-6.785190785726058493e-02
3.682091679880977608e+01,2.011865195551217766e+01,-1.028519078570866441e-01
3.694291679866728373e+01,2.010665195550245699e+01,-1.208519078572010130e-01
3.708291679873946123e+01,2.009365195548889460e+01,-1.028519078572571743e-01
3.720291620143682820e+01,2.008465195547643845e+01,-8.585190785688913417e-02
3.740937818810713367e+01,2.007665193275383331e+01,-6.804434676773174484e-02
3.753880720859678632e+01,2.007427214532911108e+01,-5.063684930382390814e-02
3.766202111534707342e+01,2.007389910983630799e+01,-5.002461702111143937e-02
3.780635586287620242e+01,2.007353432877619426e+01,-5.022929917888815932e-02
3.797142930071608191e+01,2.006953433015746313e+01,-5.043478069888426146e-02
3.812787625850020845e+01,2.006753432559537842e+01,-5.064110921407277699e-02
3.825942708445823115e+01,2.006653433306107104e+01,-3.284627369477808451e-02
3.841669578081302916e+01,2.006453432565768225e+01,-5.105422136124061067e-02
3.849232923051013699e+01,2.006253433300854638e+01,-3.243386055087625619e-02
3.862714920076793845e+01,2.006253433639753680e+01,-5.048453697145428160e-02
3.879290209142717316e+01,2.005853432455599972e+01,-5.132033091909700417e-02
3.891075064379887749e+01,2.005253432746299325e+01,-6.832263182179015848e-02
3.907875064379186369e+01,2.004453432748414343e+01,-6.832263182170095206e-02
3.918462286891419666e+01,2.003853433464033174e+01,-6.811267017863686934e-02
3.932630030276365574e+01,2.003168468599377405e+01,-5.131944836469237714e-02
3.949168499324658654e+01,2.003161796653124682e+01,-3.331638480758786908e-02
3.968119010026993720e+01,2.002791642409145112e+01,1.076624671465754076e-03
3.981866764117854274e+01,2.002597223390631953e+01,1.286270218488980328e-03
3.996601075347336263e+01,2.002402375760404851e+01,1.495570941966580577e-03
4.008598997130369668e+01,2.002408860806937696e+01,-1.550265887209561350e-02
4.023757186994118484e+01,2.002980493792586003e+01,-1.568483429013968131e-02
4.036807580986124577e+01,2.002973656823736093e+01,-3.268404197376426068e-02
4.050589284674248347e+01,2.002966794194089317e+01,-3.289881057741014803e-02
4.066562841905538761e+01,2.002959988556198923e+01,-3.289729953681255065e-02
4.085363929363796132e+01,2.002953500845865875e+01,-3.289505032279111535e-02
4.095977984316454723e+01,2.003140120258639101e+01,-3.268169550292372022e-02
4.110845954038789074e+01,2.002953425394252207e+01,-5.110912260241012861e-02
4.126334154215435035e+01,2.003035269753838676e+01,-6.811012663859050686e-02
4.141581158138684771e+01,2.002720279412096360e+01,-8.567669205447453473e-02
4.153600138673786546e+01,2.000673028757417526e+01,-1.208896303861788091e-01
4.170250292496267974e+01,1.998577078509174498e+01,-1.728843185889259726e-01
4.181018445476447454e+01,1.996377859572947244e+01,-2.078858123614157616e-01
4.195032652010643659e+01,1.992807343678590826e+01,-2.248853944898320800e-01
4.207053851211926343e+01,1.990117004974262827e+01,-2.598853739075547287e-01
4.220258132490089054e+01,1.986214970394836143e+01,-3.298860903244632548e-01
4.236208084988976452e+01,1.980832944257468853e+01,-4.001018216357779544e-01
4.247349213313596294e+01,1.976046360796385315e+01,-4.701017797325224845e-01
4.259444210454881130e+01,1.971001945476793082e+01,-5.048892000197243712e-01
4.272254528582543287e+01,1.963426466913207236e+01,-5.223230959609630464e-01
4.287015417285101648e+01,1.954932788032250812e+01,-5.573220769386082463e-01
4.297962112406616342e+01,1.947146351951344911e+01,-5.743233870022291798e-01
4.309343220330291047e+01,1.940648748911504029e+01,-6.093218371756800034e-01
4.320219374770588416e+01,1.932052826437917403e+01,-6.441018106860377790e-01
4.329605292314697351e+01,1.924166681168715698e+01,-6.441023581961545785e-01
4.339986921201798253e+01,1.918080915821943577e+01,-4.353257611252341341e-01
4.351603352197733443e+01,1.914772499947808626e+01,-2.783261021136847480e-01
4.363290768256909757e+01,1.911202620200979752e+01,-1.559945786955375391e-01
4.377621649167731732e+01,1.909327839254937942e+01,-8.744144913603547897e-02
4.387713975490245133e+01,1.908740969001878440e+01,-1.725832253929051111e-02
4.403627330276066942e+01,1.908668610661676723e+01,1.796509659330821143e-02
4.423948338037295969e+01,1.910975788165891487e+01,5.273968527241144899e-02
4.440673691363416964e+01,1.911198680010615547e+01,6.996346332664316048e-02
4.453086329533714149e+01,1.912599606093300508e+01,8.773644261868289440e-02
4.469097372640096921e+01,1.914011106378400129e+01,6.951236057774368149e-02
4.480430379307202315e+01,1.915628216931844818e+01,6.951054346059447331e-02
4.498093308971583326e+01,1.917630043317799959e+01,6.928679552657730778e-02
4.512398617635341225e+01,1.917843654917683693e+01,6.973819360125620148e-02
4.527042099794870467e+01,1.919753429224596175e+01,5.273872043940808219e-02
4.542960794798061386e+01,1.920564695505025199e+01,5.274124137174106275e-02
4.555592368630320976e+01,1.921066740575706078e+01,6.974222806162053145e-02
4.571200907320816498e+01,1.922366771626862203e+01,8.797176005143925170e-02
4.587846353343335437e+01,1.924279160314373982e+01,1.051995364042271758e-01
4.600504958699487901e+01,1.926077384231367162e+01,1.401955281629586325e-01
4.613614394382182127e+01,1.928481104146611003e+01,1.401911104356608484e-01
4.634398492788402280e+01,1.931285744294626738e+01,1.575164025452546190e-01
4.648398492776323110e+01,1.933485744288918795e+01,1.395164025450979783e-01
4.660398492767126299e+01,1.935285744286375120e+01,1.395164025449275869e-01
4.676898492759210058e+01,1.937685744285408873e+01,1.225164025447896821e-01
4.689198492752620950e+01,1.939485744282137603e+01,1.225164025444769322e-01
4.701298492745263502e+01,1.941385744277795311e+01,1.575164025442176707e-01
4.715198492739000358e+01,1.944485744275880279e+01,2.615164025436342854e-01
4.728698492737021297e+01,1.949085744273179444e+01,3.665164025439935358e-01
4.741798492730595171e+01,1.954585744269570569e+01,4.015164025432796935e-01
4.782998492728802375e+01,1.972685744265618268e+01,3.835164025422272971e-01
4.796298492720234208e+01,1.978185744266374968e+01,3.665164025418334859e-01
4.807698492711642757e+01,1.982485744263249217e+01,3.145164025414715070e-01
4.821298492708592676e+01,1.986785744257940678e+01,2.795164025415033393e-01
4.837204441817431899e+01,1.991385744259075352e+01,2.445164027611642643e-01
4.849204441814799793e+01,1.994385744253668236e+01,2.265164027610921949e-01
4.863204441813286394e+01,1.997685744252521545e+01,1.915164027613514008e-01
4.875204441809910350e+01,2.000085744248644914e+01,1.395164027609325785e-01
4.889204441802576184e+01,2.002085744247597177e+01,1.045164027606801938e-01
4.903204441806883551e+01,2.003685744243557565e+01,8.751640276071270819e-02
4.955204441797104664e+01,2.007885744243685622e+01,5.251640276050295597e-02
4.967904441797873005e+01,2.008685744238755433e+01,5.251640276047453426e-02
4.984504441791796125e+01,2.009785744233522564e+01,5.251640276043190170e-02
5.007404441782273352e+01,2.011485744233505102e+01,6.951640276051307410e-02
5.022104441781993955e+01,2.012685744229383999e+01,6.951640276054149581e-02
5.036804441772983409e+01,2.013885744223080110e+01,6.951640276051307410e-02
5.051504441763972864e+01,2.015085744220414199e+01,6.951640276045623068e-02
5.066204441766603850e+01,2.016285744221386267e+01,6.951640276034254384e-02
5.078804441753891297e+01,2.017385744219063781e+01,6.951640276020043530e-02
5.097704441740643233e+01,2.018985744217206957e+01,6.951640276022885701e-02
5.110304441733751446e+01,2.020085744214156875e+01,6.951640276020043530e-02
5.124704441727953963e+01,2.021185744211834390e+01,5.251640276006241947e-02
5.137204441725043580e+01,2.021985744211269775e+01,5.251640275999136520e-02
5.148804441720130853e+01,2.022785744210705161e+01,8.751640276005900887e-02
5.163104441721225157e+01,2.024185744208079996e+01,6.951640276000148333e-02
5.177104441713890992e+01,2.025285744207212701e+01,5.251640275990610007e-02
5.189104441701783799e+01,2.025785744205495575e+01,1.751640275990240525e-02
5.203104441688628867e+01,2.025985744205536321e+01,1.751640275985977269e-02
5.217104441681294702e+01,2.026385744201979833e+01,1.751640275985266726e-02
5.229404441671795212e+01,2.026885744200262707e+01,3.451640275982015282e-02
5.248304441664367914e+01,2.027785744197899476e+01,3.451640275982015282e-02
5.260904441663296893e+01,2.028385744195838924e+01,3.451640275986278539e-02
5.273504441656405106e+01,2.028985744193050778e+01,3.451640275984857453e-02
5.290304441656917334e+01,2.029785744193213759e+01,3.451640275982015282e-02
5.302704441655077972e+01,2.030385744191880804e+01,3.451640275976330940e-02
5.316704441636102274e+01,2.031085744190204423e+01,1.751640275973898042e-02
5.328704441623995081e+01,2.031285744190972764e+01,-4.835972402590371644e-04
5.342704441625392064e+01,2.031285744190972764e+01,-1.748359724024339812e-02
5.356904441615915857e+01,2.031285744190972764e+01,-3.466890441983139226e-02
5.367204441616195254e+01,2.031285744188062381e+01,-1.766890441987811755e-02
5.382104441616684198e+01,2.031285744184424402e+01,1.751640275971766414e-02
5.394404441601363942e+01,2.031685744180867914e+01,1.751640275969634786e-02
5.411204441601876169e+01,2.032385744176281150e+01,3.451640275967804428e-02
5.425604441598989069e+01,2.033085744174604770e+01,3.451640275960699000e-02
5.439604441582923755e+01,2.033785744171473198e+01,5.251640275947977443e-02
5.451604441570816562e+01,2.034785744170949329e+01,6.951640275946147085e-02
5.466004441570839845e+01,2.036185744166141376e+01,8.751640275940530955e-02
5.480004441578057595e+01,2.037685744166083168e+01,1.045164027594580602e-01
5.492204441572539508e+01,2.039385744163155323e+01,1.225164027589471516e-01
5.506704441568581387e+01,2.041485744161036564e+01,1.395164027586019984e-01
5.521104441565694287e+01,2.043585744161828188e+01,1.395164027584314681e-01
5.535304441559128463e+01,2.045685744159709429e+01,1.395164027583177813e-01
5.547404441551771015e+01,2.047485744160076138e+01,1.225164027583218740e-01
5.563404441549209878e+01,2.049585744160867762e+01,1.045164027580938182e-01
5.577404441553517245e+01,2.051085744157171575e+01,8.751640275806948921e-02
5.592104441535775550e+01,2.052485744154546410e+01,6.951640275784143341e-02
5.606504441527067684e+01,2.053885744151193649e+01,6.951640275781302558e-02
5.618604441528441384e+01,2.055085744149255333e+01,8.751640275770000699e-02
5.635304441506741568e+01,2.056685744149581296e+01,8.751640275738736818e-02
5.647904441499849781e+01,2.057885744148370577e+01,8.751640275715999451e-02
5.658904441495542414e+01,2.058885744145663921e+01,8.751640275696104254e-02
5.666104441491188481e+01,2.059585744143259944e+01,8.751640275687577741e-02
5.668004441485390998e+01,2.059685744140006136e+01,1.225164027570428971e-01
5.668404441486927681e+01,2.059685744139278540e+01,1.915164027569744853e-01
5.669304441474378109e+01,2.059685744136368157e+01,1.745164027565238307e-01
5.670804441458312795e+01,2.059685744135640562e+01,1.395164027564419207e-01
5.672004441451281309e+01,2.059685744134912966e+01,1.045164027563601078e-01
5.673404441453749314e+01,2.059685744132002583e+01,6.951640275607928743e-02
5.674804441447486170e+01,2.059685744129092200e+01,6.951640275585191375e-02
5.676604441445670091e+01,2.059685744125454221e+01,6.951640275582349204e-02
5.678704441440640949e+01,2.059685744121816242e+01,6.951640275593717888e-02
5.681404441435006447e+01,2.059785744120745221e+01,6.951640275602244401e-02
5.686104441428324208e+01,2.059985744117147988e+01,6.951640275590875717e-02
5.690804441430373117e+01,2.060285744114662521e+01,8.751640275579575246e-02
5.703204441428533755e+01,2.061485744114906993e+01,8.751640275585258200e-02
5.717804441426414996e+01,2.062885744115192210e+01,8.751640275602312613e-02
5.730404441428254358e+01,2.064185744115093257e+01,1.045164027558200814e-01
5.744904441427206621e+01,2.065585744113195688e+01,8.751640275571050120e-02
5.760904441427555867e+01,2.067185744110611267e+01,8.751640275542627023e-02
5.771604441423551179e+01,2.068185744108632207e+01,1.575164027552773405e-01
5.771804441421409138e+01,2.068185744102083845e+01,4.715164027543323755e-01
5.771804441406857222e+01,2.068185744101356249e+01,7.675164027509708831e-01
5.771804441409767605e+01,2.068185744097718270e+01,1.082516402750115958e+00
5.771804441403946839e+01,2.068185744094807887e+01,1.291516402749493864e+00
5.771804441406857222e+01,2.068185744093352696e+01,1.518516402751174610e+00
5.771804441409767605e+01,2.068185744091897504e+01,1.692516402750698035e+00
5.771804441403946839e+01,2.068185744088259526e+01,1.850516402749235567e+00
5.771804441406857222e+01,2.068185744086804334e+01,1.954516402745866799e+00
5.771504441392607987e+01,2.068785744086198974e+01,2.059516402747249231e+00
5.763104441395262256e+01,2.078085744083364261e+01,2.495516402743305662e+00
5.748304441393702291e+01,2.084085744076583069e+01,2.967516402743058279e+00
5.732304441390442662e+01,2.083685744075046387e+01,-3.001668904430516704e+00
5.722304441381129436e+01,2.081685744073183741e+01,-2.914668904431891860e+00
5.704604441375704482e+01,2.076285744069173234e+01,-2.827668904422353080e+00
5.693304441368672997e+01,2.071985744070843793e+01,-2.757668904419006140e+00
5.680204441380919889e+01,2.066385744070430519e+01,-2.722668904415513680e+00
5.669304441366693936e+01,2.061585744067997439e+01,-2.722668904417332669e+00
5.660804441367508844e+01,2.057685744063928723e+01,-2.740668904410995310e+00
5.657304441367159598e+01,2.056285744062188314e+01,-2.757668904409001698e+00
5.655404441364225931e+01,2.055685744058428099e+01,-2.827668904405982175e+00
5.653504441358381882e+01,2.055085744056123076e+01,-2.827668904408710659e+00
5.652204441360663623e+01,2.054685744053131202e+01,-2.827668904407801165e+00
5.651004441356053576e+01,2.054285744050866924e+01,-2.530668904407320952e+00
5.651004441356053576e+01,2.054285744048684137e+01,-2.198668904402438784e+00
5.649604441350675188e+01,2.052385744049388450e+01,-2.268668904403966735e+00
5.648404441343154758e+01,2.050885744050901849e+01,-2.460668904397607548e+00
5.647704441336099990e+01,2.050285744048596825e+01,-2.303668904392907280e+00
5.646004441339755431e+01,2.048085744047421031e+01,-2.251668904388679948e+00
5.641104441328207031e+01,2.042985744048201013e+01,-2.460668904389422096e+00
5.638704441327718087e+01,2.041185744047106709e+01,-2.268668904385776841e+00
5.637804441311163828e+01,2.039685744045709725e+01,-2.164668904387326620e+00
5.633304441304062493e+01,2.034085744043113664e+01,-2.373668904388068768e+00
5.623304441294749267e+01,2.026285744040069403e+01,-2.582668904386082431e+00
5.612604441287112422e+01,2.020485744039615383e+01,-2.722668904388228839e+00
5.599404441291699186e+01,2.015285744036373217e+01,-2.809668904384125199e+00
5.585904441296588629e+01,2.010585744031413924e+01,-2.844668904383070185e+00
5.572204441294888966e+01,2.006385744029830676e+01,-2.879668904385653150e+00
5.560404441290302202e+01,2.002985744029865600e+01,-2.897668904382953770e+00
5.546004441293189302e+01,1.999385744026949396e+01,-3.001668904382313485e+00
5.545804441289510578e+01,1.999385744026949396e+01,2.949516402796689363e+00
5.545804441274958663e+01,1.999385744023311418e+01,2.635516402795474278e+00
5.545804441274958663e+01,1.999385744021128630e+01,2.408516402791065047e+00
5.545804441269137897e+01,1.999385744021856226e+01,2.216516402787419793e+00
5.545804441248765215e+01,1.999385744023311418e+01,2.024516402785593527e+00
5.545804441240034066e+01,1.999385744024039013e+01,1.850516402785615355e+00
5.545804441240034066e+01,1.999385744020401035e+01,1.692516402783439844e+00
5.545804441240034066e+01,1.999385744016035460e+01,1.588516402779532655e+00
5.545804441240034066e+01,1.999385744017490651e+01,1.500516402777520852e+00
5.547404441240360029e+01,2.006785744016087847e+01,1.221516402775705501e+00
5.556004441229742952e+01,2.019885744011116913e+01,7.325164027743085171e-01
5.568004441220546141e+01,2.027485744006116875e+01,3.835164027741484460e-01
5.579804441219312139e+01,2.031085744008305483e+01,2.095164027742271173e-01
5.593804441203246824e+01,2.033385744006227469e+01,1.045164027740099755e-01
5.607804441198823042e+01,2.034885744005441666e+01,6.951640277412705904e-02
5.620004441190394573e+01,2.035985744003846776e+01,5.251640277408853308e-02
5.629304441172280349e+01,2.036385744003928266e+01,3.451640277407364010e-02
5.636104441163479351e+01,2.036485744001402054e+01,1.751640277410615454e-02
5.641904441162478179e+01,2.036685744003625587e+01,2.445164027740247548e-01
5.647004441163153388e+01,2.039685744001326384e+01,5.935164027746395732e-01
5.652904441155260429e+01,2.043385743998805992e+01,4.185164027738892401e-01
5.658504441147670150e+01,2.045485743995959638e+01,3.145164027737337165e-01
5.668404441149323247e+01,2.054185743995185476e+01,1.082516402773762820e+00
5.670604441143223085e+01,2.058985743993252981e+01,1.186516402772667789e+00
5.670704441136331297e+01,2.059285743993677897e+01,1.274516402772405854e+00
5.670704441124689765e+01,2.059285743992950302e+01,1.361516402768756961e+00
5.670704441115958616e+01,2.059285743990039919e+01,1.448516402764653321e+00
5.670704441104317084e+01,2.059285743989312323e+01,1.535516402761913923e+00
5.670704441104317084e+01,2.059285743987857131e+01,1.570516402762223152e+00
5.670704441104317084e+01,2.059285743986401940e+01,1.570516402761313657e+00
5.670704441092675552e+01,2.059285743981308769e+01,1.570516402760858909e+00
5.670704441095585935e+01,2.059285743980581174e+01,1.553516402759214543e+00
5.670704441095585935e+01,2.059285743976943195e+01,1.553516402756031312e+00
5.670704441092675552e+01,2.059285743976215599e+01,1.553516402754212322e+00
5.670704441089765169e+01,2.059285743976943195e+01,1.553516402750119596e+00
5.670704441078123637e+01,2.059285743979125982e+01,1.553516402750574343e+00
5.670704441066482104e+01,2.059285743977670791e+01,1.553516402749664849e+00
5.670704441057750955e+01,2.059285743979125982e+01,1.553516402750574343e+00
5.670704441054840572e+01,2.059285743975488003e+01,1.553516402747845859e+00
5.670704441034467891e+01,2.059285743969667237e+01,1.553516402745117375e+00
5.670704441025736742e+01,2.059285743966756854e+01,1.553516402744207880e+00
5.670704441025736742e+01,2.059285743962391280e+01,1.553516402742388891e+00
5.670704441025736742e+01,2.059285743964574067e+01,1.553516402742388891e+00
5.670704441019915976e+01,2.059285743963118875e+01,1.553516402741934144e+00
5.670704441005364060e+01,2.059285743958753301e+01,1.553516402738750912e+00
5.670704441008274443e+01,2.059285743956570514e+01,1.553516402736477175e+00
5.670704441002453677e+01,2.059285743955115322e+01,1.553516402734658186e+00
5.670704441002453677e+01,2.059285743953660131e+01,1.553516402734203439e+00
5.670704440999543294e+01,2.059285743951477343e+01,1.553516402732839197e+00
5.670704440990812145e+01,2.059285743951477343e+01,1.553516402732384449e+00
5.670704440993722528e+01,2.059285743949294556e+01,1.553516402730565460e+00
5.670704440987901762e+01,2.059285743946384173e+01,1.553516402729201218e+00
5.670704440982080996e+01,2.059285743944928981e+01,1.553516402727836976e+00
5.670704440979170613e+01,2.059285743943473790e+01,1.553516402726472734e+00
5.670704440970439464e+01,2.059285743938380620e+01,1.553516402726017986e+00
5.670704440964618698e+01,2.059285743936197832e+01,1.553516402722834755e+00
5.670704440952977166e+01,2.059285743933287449e+01,1.553516402724198997e+00
5.670704440947156399e+01,2.059285743931832258e+01,1.553516402723289502e+00
5.670704440941335633e+01,2.059285743930377066e+01,1.553516402720561018e+00
5.670704440929694101e+01,2.059285743927466683e+01,1.553516402718287281e+00
5.670704440920962952e+01,2.059285743924556300e+01,1.553516402718287281e+00
5.670704440920962952e+01,2.059285743923101109e+01,1.553516402717377787e+00
5.670704440918052569e+01,2.059285743922373513e+01,1.553516402715104050e+00
5.670704440912231803e+01,2.059285743923828704e+01,1.553516402713739808e+00
5.670704440909321420e+01,2.059285743920918321e+01,1.553516402711466071e+00
5.670704440906411037e+01,2.059285743916552747e+01,1.553516402711011324e+00
5.670704440897679888e+01,2.059285743915097555e+01,1.553516402709192334e+00
5.670704440894769505e+01,2.059285743910004385e+01,1.553516402710101829e+00
5.670704440886038356e+01,2.059285743910004385e+01,1.553516402708282840e+00
5.670704440880217589e+01,2.059285743907094002e+01,1.553516402706463850e+00
5.670704440874396823e+01,2.059285743899818044e+01,1.553516402705099608e+00
5.670704440865665674e+01,2.059285743895452470e+01,1.553516402704190114e+00
5.670704440851113759e+01,2.059285743892542087e+01,1.553516402702371124e+00
5.670704440842382610e+01,2.059285743888904108e+01,1.553516402701916377e+00
5.670704440839472227e+01,2.059285743888904108e+01,1.553516402702825872e+00
5.670704440827830695e+01,2.059285743887448916e+01,1.553516402700552135e+00
5.670704440816189162e+01,2.059285743881628150e+01,1.553516402696004661e+00
5.670704440807458013e+01,2.059285743879445363e+01,1.553516402696914156e+00
5.670704440804547630e+01,2.059285743880172959e+01,1.553516402694640419e+00
5.670704440792906098e+01,2.059285743880172959e+01,1.553516402694185672e+00
5.670704440781264566e+01,2.059285743879445363e+01,1.553516402691002440e+00
5.670704440775443800e+01,2.059285743879445363e+01,1.553516402690547693e+00
5.670704440763802268e+01,2.059285743876534980e+01,1.553516402686454967e+00
5.670704440760891885e+01,2.059285743877262576e+01,1.553516402684181230e+00
5.670704440749250352e+01,2.059285743874352193e+01,1.553516402681907493e+00
5.670704440743429586e+01,2.059285743871441809e+01,1.553516402677814767e+00
5.670704440752160735e+01,2.059285743869986618e+01,1.553516402676905273e+00
5.670704440752160735e+01,2.059285743867076235e+01,1.553516402674631536e+00
5.670704440743429586e+01,2.059285743861983065e+01,1.553516402672357799e+00
5.670704440755071118e+01,2.059285743857617490e+01,1.553516402669174568e+00
